
-------------------------------------------------------------------------
|    ___ _   _ ___                                                      |
|   / __| | | |_  )   Release 8.3.0 "Harrier"                           |
|   \__ \ |_| |/ /                                                      |
|   |___/\___//___|   Suite (Computational Fluid Dynamics Code)         |
|                                                                       |
-------------------------------------------------------------------------
| SU2 Project Website: https://su2code.github.io                        |
|                                                                       |
| The SU2 Project is maintained by the SU2 Foundation                   |
| (http://su2foundation.org)                                            |
-------------------------------------------------------------------------
| Copyright 2012-2025, SU2 Contributors                                 |
|                                                                       |
| SU2 is free software; you can redistribute it and/or                  |
| modify it under the terms of the GNU Lesser General Public            |
| License as published by the Free Software Foundation; either          |
| version 2.1 of the License, or (at your option) any later version.    |
|                                                                       |
| SU2 is distributed in the hope that it will be useful,                |
| but WITHOUT ANY WARRANTY; without even the implied warranty of        |
| MERCHANTABILITY or FITNESS FOR A PARTICULAR PURPOSE. See the GNU      |
| Lesser General Public License for more details.                       |
|                                                                       |
| You should have received a copy of the GNU Lesser General Public      |
| License along with SU2. If not, see <http://www.gnu.org/licenses/>.   |
-------------------------------------------------------------------------

Parsing config file for zone 0

----------------- Physical Case Definition ( Zone 0 ) -------------------
Compressible Euler equations.
Mach number: 0.8.
Angle of attack (AoA): 1.25 deg, and angle of sideslip (AoS): 0 deg.
Fixed CL mode, target value: 0.326.
Reading and writing binary SU2 native restart files.
Read flow solution from: solution_flow.
Non-Dimensional simulation (P=1.0, Rho=1.0, T=1.0 at the farfield).
The reference area is 1 m^2.
The semi-span will be computed using the max y(3D) value.
The reference length is 1 m.
Reference origin for moment evaluation is (0.25, 0, 0).
Surface(s) where the force coefficients are evaluated: airfoil.

Surface(s) plotted in the output file: airfoil.
Surface(s) affected by the design variables: airfoil.
Input mesh file name: mesh_NACA0012_inv_deform.su2

--------------- Space Numerical Integration ( Zone 0 ) ------------------
Jameson-Schmidt-Turkel scheme (2nd order in space) for the flow inviscid terms.
JST viscous coefficients (2nd & 4th): 0.5, 0.02.
The method includes a grid stretching correction (p = 0.3).
Gradient for viscous and source terms: Green-Gauss.

--------------- Time Numerical Integration  ( Zone 0 ) ------------------
Local time stepping (steady state simulation).
Euler implicit method for the flow equations.
FGMRES is used for solving the linear system.
Using a LU-SGS preconditioning.
Convergence criteria of the linear solver: 0.0001.
Max number of linear iterations: 2.
V Multigrid Cycle, with 2 multigrid levels.
Damping factor for the residual restriction: 1.
Damping factor for the correction prolongation: 1.
No CFL adaptation.
+-------------------------------------------+
|  MG Level| Presmooth|PostSmooth|CorrectSmo|
+-------------------------------------------+
|         0|         1|         0|         0|
|         1|         2|         0|         0|
|         2|         3|         0|         0|
+-------------------------------------------+
Courant-Friedrichs-Lewy number:       10

------------------ Convergence Criteria  ( Zone 0 ) ---------------------
Maximum number of solver subiterations: 1250.
Begin convergence monitoring at iteration 10.
Residual minimum value: 1e-13.
Cauchy series min. value: 1e-06.
Number of Cauchy elements: 100.
Begin windowed time average at iteration 0.

-------------------- Output Information ( Zone 0 ) ----------------------
File writing frequency: 
+------------------------------------+
|                     File| Frequency|
+------------------------------------+
|                  RESTART|       250|
|                 PARAVIEW|       250|
|         SURFACE_PARAVIEW|       250|
|              SURFACE_CSV|       250|
+------------------------------------+
Writing the convergence history file every 1 inner iterations.
Writing the screen convergence history every 1 inner iterations.
The tabular file format is CSV (.csv).
Convergence history file name: history_direct.
Forces breakdown file name: forces_breakdown.dat.
Surface file name: surface_flow.
Volume file name: flow.
Restart file name: restart_flow.

------------- Config File Boundary Information ( Zone 0 ) ---------------
+-----------------------------------------------------------------------+
|                        Marker Type|                        Marker Name|
+-----------------------------------------------------------------------+
|                         Euler wall|                            airfoil|
+-----------------------------------------------------------------------+
|                          Far-field|                           farfield|
+-----------------------------------------------------------------------+

-------------------- Output Preprocessing ( Zone 0 ) --------------------

WARNING: SURFACE_PRESSURE_DROP can only be computed for at least 2 surfaces (outlet, inlet, ...)

Screen output fields: INNER_ITER, RMS_DENSITY, RMS_ENERGY, LIFT, DRAG
History output group(s): ITER, RMS_RES, AERO_COEFF
Convergence field(s): RMS_DENSITY
Warning: No (valid) fields chosen for time convergence monitoring. Time convergence monitoring inactive.
Volume output fields: COORDINATES, SOLUTION, PRIMITIVE

------------------- Geometry Preprocessing ( Zone 0 ) -------------------
Two dimensional problem.
5233 grid points.
10216 volume elements.
2 surface markers.
200 boundary elements in index 0 (Marker = airfoil).
50 boundary elements in index 1 (Marker = farfield).
10216 triangles.
Setting point connectivity.
Renumbering points (Reverse Cuthill McKee Ordering).
Recomputing point connectivity.
Setting element connectivity.
Checking the numerical grid orientation.
All volume elements are correctly oriented.
All surface elements are correctly oriented.
Identifying edges and vertices.
Setting the control volume structure.
Area of the computational grid: 1253.25.
Searching for the closest normal neighbors to the surfaces.
Storing a mapping from global to local point index.
Compute the surface curvature.
Max K: 7835.1. Mean K: 34.9381. Standard deviation K: 494.437.
Checking for periodicity.
Computing mesh quality statistics for the dual control volumes.
+--------------------------------------------------------------+
|           Mesh Quality Metric|        Minimum|        Maximum|
+--------------------------------------------------------------+
|    Orthogonality Angle (deg.)|        62.8724|        89.7257|
|     CV Face Area Aspect Ratio|         1.0016|        7.18004|
|           CV Sub-Volume Ratio|        1.00239|         6.4775|
+--------------------------------------------------------------+
Setting the multigrid structure.
+-------------------------------------------+
|  MG Level|       CVs|Aggl. Rate|       CFL|
+-------------------------------------------+
|         0|      5233|    1/1.00|        10|
|         1|      1690|     1/3.1|   8.52431|
|         2|       649|     1/2.6|   7.92373|
+-------------------------------------------+
Finding max control volume width.
Wetted area = 2.03752 m.
Area projection in the x-plane = 0.111589 m, y-plane = 0.999845 m.
Max. coordinate in the x-direction = 1 m, y-direction = 0.0547927 m.
Min. coordinate in the x-direction = 0 m, y-direction = -0.0568087 m.
Computing wall distances.

-------------------- Solver Preprocessing ( Zone 0 ) --------------------
WARNING: AoA in the solution file (0.696655 deg.) +
         AoA offset in mesh file (0 deg.) = 0.696655 deg.
WARNING: SU2 will use the dCD/dCL provided in the direct solution file: 0.0314855.
WARNING: SU2 will use the dCMz/dCL provided in the direct solution file: 0.09891.
Inviscid flow: Computing density based on free-stream
temperature and pressure using the ideal gas law.
Force coefficients computed using free-stream values.

-- Models:
+------------------------------------------------------------------------------+
|          Viscosity Model|        Conductivity Model|              Fluid Model|
+------------------------------------------------------------------------------+
|                        -|                         -|             STANDARD_AIR|
+------------------------------------------------------------------------------+
-- Fluid properties:
+------------------------------------------------------------------------------+
|                  Name|    Dim. value|    Ref. value|      Unit|Non-dim. value|
+------------------------------------------------------------------------------+
|          Gas Constant|       287.058|       287.058|  N.m/kg.K|             1|
|      Spec. Heat Ratio|             -|             -|         -|           1.4|
+------------------------------------------------------------------------------+
-- Initial and free-stream conditions:
+------------------------------------------------------------------------------+
|                  Name|    Dim. value|    Ref. value|      Unit|Non-dim. value|
+------------------------------------------------------------------------------+
|       Static Pressure|        101325|        101325|        Pa|             1|
|               Density|       1.22498|       1.22498|    kg/m^3|             1|
|           Temperature|        288.15|        288.15|         K|             1|
|          Total Energy|        243846|       82715.8|   m^2/s^2|         2.948|
|            Velocity-X|       272.217|       287.603|       m/s|      0.946503|
|            Velocity-Y|       3.31004|       287.603|       m/s|      0.011509|
|    Velocity Magnitude|       272.238|       287.603|       m/s|      0.946573|
+------------------------------------------------------------------------------+
|           Mach Number|             -|             -|         -|           0.8|
+------------------------------------------------------------------------------+
Initialize Jacobian structure (Euler). MG level: 0.
Initialize Jacobian structure (Euler). MG level: 1.
Initialize Jacobian structure (Euler). MG level: 2.

------------------- Numerics Preprocessing ( Zone 0 ) -------------------

----------------- Integration Preprocessing ( Zone 0 ) ------------------

------------------- Iteration Preprocessing ( Zone 0 ) ------------------
Euler/Navier-Stokes/RANS fluid iteration.

------------------------------ Begin Solver -----------------------------

Simulation Run using the Single-zone Driver
WARNING: SU2 was not compiled for an AVX-capable architecture. Performance could be better,
         see https://su2code.github.io/docs_v7/Build-SU2-Linux-MacOS/#compiler-optimizations
WARNING: SU2 was not compiled for an AVX-capable architecture. Performance could be better,
         see https://su2code.github.io/docs_v7/Build-SU2-Linux-MacOS/#compiler-optimizations
WARNING: SU2 was not compiled for an AVX-capable architecture. Performance could be better,
         see https://su2code.github.io/docs_v7/Build-SU2-Linux-MacOS/#compiler-optimizations
+----------------------------------------------------------------+
|  Inner_Iter|    rms[Rho]|   rms[RhoE]|          CL|          CD|
+----------------------------------------------------------------+
|           0|   -5.510114|   -4.913734|    0.325767|    0.003139|
|           1|   -5.815477|   -5.214654|    0.326566|    0.002733|
|           2|   -5.740859|   -5.157330|    0.327273|    0.002663|
|           3|   -5.732817|   -5.149860|    0.327375|    0.002635|
|           4|   -5.686484|   -5.108901|    0.327839|    0.002603|
|           5|   -5.680001|   -5.109487|    0.328215|    0.002560|
|           6|   -5.661462|   -5.091730|    0.328617|    0.002541|
|           7|   -5.642308|   -5.074064|    0.329082|    0.002535|
|           8|   -5.637080|   -5.073612|    0.329520|    0.002526|
|           9|   -5.633913|   -5.074503|    0.329932|    0.002515|
|          10|   -5.625835|   -5.068119|    0.330330|    0.002509|
|          11|   -5.618592|   -5.061793|    0.330713|    0.002508|
|          12|   -5.614457|   -5.058469|    0.331076|    0.002510|
|          13|   -5.611697|   -5.056401|    0.331414|    0.002513|
|          14|   -5.609207|   -5.054533|    0.331725|    0.002516|
|          15|   -5.607540|   -5.053419|    0.332012|    0.002518|
|          16|   -5.607359|   -5.053653|    0.332277|    0.002522|
|          17|   -5.608569|   -5.055167|    0.332524|    0.002525|
|          18|   -5.610653|   -5.057538|    0.332755|    0.002528|
|          19|   -5.613323|   -5.060537|    0.332969|    0.002531|
|          20|   -5.616396|   -5.063954|    0.333169|    0.002533|
|          21|   -5.620497|   -5.068383|    0.333356|    0.002535|
|          22|   -5.625744|   -5.073845|    0.333531|    0.002538|
|          23|   -5.632264|   -5.080453|    0.333696|    0.002540|
|          24|   -5.640152|   -5.088322|    0.333852|    0.002542|
|          25|   -5.649339|   -5.097430|    0.334001|    0.002544|
|          26|   -5.659702|   -5.107712|    0.334144|    0.002546|
|          27|   -5.671238|   -5.119187|    0.334283|    0.002548|
|          28|   -5.683807|   -5.131705|    0.334416|    0.002550|
|          29|   -5.697225|   -5.145078|    0.334545|    0.002552|
|          30|   -5.711542|   -5.159337|    0.334672|    0.002554|
|          31|   -5.726971|   -5.174567|    0.334796|    0.002556|
|          32|   -5.743263|   -5.190554|    0.334918|    0.002557|
|          33|   -5.760144|   -5.207130|    0.335037|    0.002559|
|          34|   -5.777480|   -5.224202|    0.335155|    0.002559|
|          35|   -5.795300|   -5.241795|    0.335272|    0.002560|
|          36|   -5.813577|   -5.259876|    0.335387|    0.002560|
|          37|   -5.832652|   -5.278826|    0.335500|    0.002560|
|          38|   -5.852113|   -5.298204|    0.335612|    0.002560|
|          39|   -5.871983|   -5.317942|    0.335723|    0.002559|
|          40|   -5.892168|   -5.338000|    0.335830|    0.002559|
|          41|   -5.912626|   -5.358390|    0.335935|    0.002558|
|          42|   -5.933327|   -5.379073|    0.336038|    0.002558|
|          43|   -5.954166|   -5.399926|    0.336138|    0.002557|
|          44|   -5.975161|   -5.420971|    0.336235|    0.002557|
|          45|   -5.996056|   -5.441887|    0.336329|    0.002557|
|          46|   -6.016731|   -5.462551|    0.336420|    0.002558|
|          47|   -6.037031|   -5.482857|    0.336507|    0.002559|
|          48|   -6.056896|   -5.502757|    0.336591|    0.002560|
|          49|   -6.076321|   -5.522241|    0.336672|    0.002562|
|          50|   -6.095273|   -5.541267|    0.336749|    0.002563|
|          51|   -6.113687|   -5.559769|    0.336825|    0.002249|
+-----------------------------------------------------------------------+
|Fixed CL Mode                           |Value                         |
+-----------------------------------------------------------------------+
|Current CL                              |0.336825                      |
|Target CL                               |0.326                         |
|Previous AOA                            |0.696655                      |
|Changed AoA by                          |-0.0537441                    |
+-----------------------------------------------------------------------+
+----------------------------------------------------------------+
|  Inner_Iter|    rms[Rho]|   rms[RhoE]|          CL|          CD|
+----------------------------------------------------------------+
|          52|   -4.081674|   -3.474989|    0.336875|    0.002251|
|          53|   -4.379147|   -3.768576|    0.336544|    0.002250|
|          54|   -4.622103|   -4.028475|    0.335036|    0.002229|
|          55|   -4.821330|   -4.210681|    0.332728|    0.002191|
|          56|   -4.984248|   -4.385066|    0.330654|    0.002170|
|          57|   -5.081333|   -4.483143|    0.329475|    0.002154|
|          58|   -5.217961|   -4.616462|    0.329189|    0.002145|
|          59|   -5.248183|   -4.644910|    0.329175|    0.002138|
|          60|   -5.302319|   -4.697192|    0.328897|    0.002122|
|          61|   -5.424961|   -4.825368|    0.328416|    0.002105|
|          62|   -5.505868|   -4.915228|    0.327943|    0.002094|
|          63|   -5.531340|   -4.939335|    0.327533|    0.002083|
|          64|   -5.589649|   -4.998059|    0.327163|    0.002074|
|          65|   -5.667724|   -5.084065|    0.326831|    0.002066|
|          66|   -5.711173|   -5.135405|    0.326541|    0.002062|
|          67|   -5.732120|   -5.159061|    0.326276|    0.002059|
|          68|   -5.749461|   -5.178158|    0.326011|    0.002058|
|          69|   -5.760314|   -5.192057|    0.325744|    0.002057|
|          70|   -5.765067|   -5.200763|    0.325488|    0.002059|
|          71|   -5.766927|   -5.206585|    0.325244|    0.002062|
|          72|   -5.766095|   -5.208960|    0.325008|    0.002067|
|          73|   -5.762425|   -5.207444|    0.324775|    0.002072|
|          74|   -5.757234|   -5.203718|    0.324549|    0.002078|
|          75|   -5.752038|   -5.199706|    0.324332|    0.002085|
|          76|   -5.747639|   -5.196289|    0.324124|    0.002091|
|          77|   -5.744308|   -5.193695|    0.323922|    0.002097|
|          78|   -5.742017|   -5.191913|    0.323727|    0.002103|
|          79|   -5.740804|   -5.191097|    0.323541|    0.002108|
|          80|   -5.740753|   -5.191425|    0.323363|    0.002112|
|          81|   -5.741949|   -5.192992|    0.323196|    0.002116|
|          82|   -5.744369|   -5.195731|    0.323038|    0.002118|
|          83|   -5.747912|   -5.199523|    0.322890|    0.002120|
|          84|   -5.752502|   -5.204287|    0.322751|    0.002121|
|          85|   -5.758123|   -5.210004|    0.322623|    0.002122|
|          86|   -5.764439|   -5.216311|    0.322505|    0.002121|
|          87|   -5.771452|   -5.223245|    0.322397|    0.002120|
|          88|   -5.779470|   -5.231207|    0.322300|    0.002119|
|          89|   -5.788576|   -5.240265|    0.322211|    0.002117|
|          90|   -5.798741|   -5.250326|    0.322131|    0.002115|
|          91|   -5.809361|   -5.260859|    0.322060|    0.002113|
|          92|   -5.820314|   -5.271822|    0.321997|    0.002111|
|          93|   -5.831937|   -5.283409|    0.321940|    0.002108|
|          94|   -5.844460|   -5.295767|    0.321890|    0.002106|
|          95|   -5.857911|   -5.308951|    0.321845|    0.002105|
|          96|   -5.872280|   -5.322999|    0.321806|    0.002103|
|          97|   -5.887586|   -5.337968|    0.321771|    0.002102|
|          98|   -5.903848|   -5.353892|    0.321740|    0.002101|
|          99|   -5.921104|   -5.370826|    0.321713|    0.002101|
|         100|   -5.939338|   -5.388753|    0.321690|    0.002101|
|         101|   -5.958502|   -5.407621|    0.321669|    0.002222|
+-----------------------------------------------------------------------+
|Fixed CL Mode                           |Value                         |
+-----------------------------------------------------------------------+
|Current CL                              |0.321669                      |
|Target CL                               |0.326                         |
|Previous AOA                            |0.642911                      |
|Changed AoA by                          |0.0215488                     |
+-----------------------------------------------------------------------+
+----------------------------------------------------------------+
|  Inner_Iter|    rms[Rho]|   rms[RhoE]|          CL|          CD|
+----------------------------------------------------------------+
|         102|   -4.478384|   -3.871760|    0.321659|    0.002223|
|         103|   -4.775272|   -4.164848|    0.321803|    0.002225|
|         104|   -5.016718|   -4.423384|    0.322422|    0.002236|
|         105|   -5.214005|   -4.604346|    0.323364|    0.002253|
|         106|   -5.373591|   -4.775977|    0.324214|    0.002264|
|         107|   -5.467203|   -4.871063|    0.324707|    0.002272|
|         108|   -5.596468|   -4.998294|    0.324842|    0.002277|
|         109|   -5.626475|   -5.026545|    0.324870|    0.002281|
|         110|   -5.678471|   -5.077107|    0.325006|    0.002289|
|         111|   -5.791104|   -5.196258|    0.325225|    0.002297|
|         112|   -5.865416|   -5.279005|    0.325440|    0.002303|
|         113|   -5.892834|   -5.304805|    0.325632|    0.002308|
|         114|   -5.948753|   -5.361231|    0.325808|    0.002312|
|         115|   -6.021111|   -5.440737|    0.325970|    0.002315|
|         116|   -6.064749|   -5.490904|    0.326115|    0.002317|
|         117|   -6.089681|   -5.517969|    0.326251|    0.002318|
|         118|   -6.110752|   -5.540392|    0.326387|    0.002318|
|         119|   -6.125230|   -5.557372|    0.326523|    0.002318|
|         120|   -6.133323|   -5.569003|    0.326655|    0.002317|
|         121|   -6.137567|   -5.577144|    0.326782|    0.002316|
|         122|   -6.137849|   -5.580887|    0.326905|    0.002314|
|         123|   -6.133998|   -5.579588|    0.327026|    0.002312|
|         124|   -6.127446|   -5.574887|    0.327144|    0.002309|
|         125|   -6.119850|   -5.568763|    0.327258|    0.002307|
|         126|   -6.112232|   -5.562327|    0.327367|    0.002305|
|         127|   -6.105038|   -5.556027|    0.327474|    0.002303|
|         128|   -6.098451|   -5.550084|    0.327577|    0.002301|
|         129|   -6.092598|   -5.544700|    0.327676|    0.002299|
|         130|   -6.087616|   -5.540074|    0.327771|    0.002298|
|         131|   -6.083591|   -5.536321|    0.327861|    0.002297|
|         132|   -6.080558|   -5.533472|    0.327946|    0.002296|
|         133|   -6.078535|   -5.531535|    0.328027|    0.002296|
|         134|   -6.077537|   -5.530527|    0.328103|    0.002296|
|         135|   -6.077582|   -5.530477|    0.328175|    0.002297|
|         136|   -6.078694|   -5.531425|    0.328242|    0.002297|
|         137|   -6.080651|   -5.533191|    0.328304|    0.002298|
|         138|   -6.083650|   -5.535968|    0.328361|    0.002299|
|         139|   -6.087772|   -5.539812|    0.328415|    0.002300|
|         140|   -6.093053|   -5.544786|    0.328464|    0.002302|
|         141|   -6.099513|   -5.550914|    0.328508|    0.002303|
|         142|   -6.107115|   -5.558166|    0.328549|    0.002304|
|         143|   -6.115800|   -5.566496|    0.328587|    0.002305|
|         144|   -6.125516|   -5.575858|    0.328621|    0.002306|
|         145|   -6.136233|   -5.586223|    0.328651|    0.002307|
|         146|   -6.147933|   -5.597574|    0.328679|    0.002308|
|         147|   -6.160598|   -5.609894|    0.328703|    0.002309|
|         148|   -6.174213|   -5.623166|    0.328725|    0.002309|
|         149|   -6.188758|   -5.637373|    0.328745|    0.002309|
|         150|   -6.204215|   -5.652496|    0.328762|    0.002309|
|         151|   -6.220564|   -5.668517|    0.328777|    0.002230|
+-----------------------------------------------------------------------+
|Fixed CL Mode                           |Value                         |
+-----------------------------------------------------------------------+
|Current CL                              |0.328777                      |
|Target CL                               |0.326                         |
|Previous AOA                            |0.66446                       |
|Changed AoA by                          |-0.0138102                    |
+-----------------------------------------------------------------------+
+----------------------------------------------------------------+
|  Inner_Iter|    rms[Rho]|   rms[RhoE]|          CL|          CD|
+----------------------------------------------------------------+
|         152|   -4.671663|   -4.065023|    0.328786|    0.002230|
|         153|   -4.968706|   -4.358236|    0.328695|    0.002228|
|         154|   -5.210530|   -4.617105|    0.328300|    0.002222|
|         155|   -5.408320|   -4.798399|    0.327699|    0.002211|
|         156|   -5.568714|   -4.970694|    0.327156|    0.002204|
|         157|   -5.663091|   -5.066421|    0.326842|    0.002199|
|         158|   -5.793952|   -5.194939|    0.326757|    0.002196|
|         159|   -5.823937|   -5.223158|    0.326741|    0.002194|
|         160|   -5.876531|   -5.274201|    0.326655|    0.002189|
|         161|   -5.991716|   -5.395603|    0.326516|    0.002184|
|         162|   -6.067860|   -5.480154|    0.326380|    0.002180|
|         163|   -6.095278|   -5.505869|    0.326259|    0.002177|
|         164|   -6.152644|   -5.563547|    0.326148|    0.002174|
|         165|   -6.227829|   -5.645900|    0.326046|    0.002172|
|         166|   -6.272853|   -5.697744|    0.325955|    0.002171|
|         167|   -6.297811|   -5.724966|    0.325870|    0.002170|
|         168|   -6.318567|   -5.747183|    0.325785|    0.002169|
|         169|   -6.332095|   -5.763473|    0.325700|    0.002169|
|         170|   -6.338631|   -5.773886|    0.325618|    0.002170|
|         171|   -6.341046|   -5.780493|    0.325540|    0.002170|
|         172|   -6.339422|   -5.782509|    0.325463|    0.002172|
|         173|   -6.333750|   -5.779462|    0.325388|    0.002173|
|         174|   -6.325616|   -5.773178|    0.325315|    0.002174|
|         175|   -6.316801|   -5.765806|    0.325245|    0.002176|
|         176|   -6.308339|   -5.758485|    0.325178|    0.002177|
|         177|   -6.300662|   -5.751646|    0.325113|    0.002179|
|         178|   -6.293938|   -5.745507|    0.325050|    0.002180|
|         179|   -6.288275|   -5.740256|    0.324990|    0.002181|
|         180|   -6.283776|   -5.736070|    0.324933|    0.002182|
|         181|   -6.280499|   -5.733039|    0.324878|    0.002183|
|         182|   -6.278442|   -5.731157|    0.324827|    0.002183|
|         183|   -6.277584|   -5.730391|    0.324779|    0.002184|
|         184|   -6.277910|   -5.730727|    0.324734|    0.002184|
|         185|   -6.279409|   -5.732163|    0.324692|    0.002184|
|         186|   -6.282074|   -5.734703|    0.324653|    0.002184|
|         187|   -6.285890|   -5.738347|    0.324617|    0.002183|
|         188|   -6.290845|   -5.743095|    0.324585|    0.002183|
|         189|   -6.296915|   -5.748928|    0.324554|    0.002182|
|         190|   -6.304085|   -5.755844|    0.324527|    0.002182|
|         191|   -6.312335|   -5.763825|    0.324502|    0.002181|
|         192|   -6.321643|   -5.772852|    0.324480|    0.002180|
|         193|   -6.331980|   -5.782902|    0.324460|    0.002180|
|         194|   -6.343320|   -5.793950|    0.324442|    0.002179|
|         195|   -6.355635|   -5.805972|    0.324425|    0.002179|
|         196|   -6.368898|   -5.818942|    0.324411|    0.002178|
|         197|   -6.383084|   -5.832840|    0.324398|    0.002178|
|         198|   -6.398170|   -5.847642|    0.324386|    0.002178|
|         199|   -6.414131|   -5.863323|    0.324376|    0.002178|
|         200|   -6.430945|   -5.879862|    0.324367|    0.002178|
|         201|   -6.448590|   -5.897234|    0.324359|    0.002224|
+-----------------------------------------------------------------------+
|Fixed CL Mode                           |Value                         |
+-----------------------------------------------------------------------+
|Current CL                              |0.324359                      |
|Target CL                               |0.326                         |
|Previous AOA                            |0.65065                       |
|Changed AoA by                          |0.00816375                    |
+-----------------------------------------------------------------------+
+----------------------------------------------------------------+
|  Inner_Iter|    rms[Rho]|   rms[RhoE]|          CL|          CD|
+----------------------------------------------------------------+
|         202|   -4.899978|   -4.293336|    0.324355|    0.002224|
|         203|   -5.197014|   -4.586547|    0.324409|    0.002225|
|         204|   -5.438858|   -4.845438|    0.324643|    0.002229|
|         205|   -5.636680|   -5.026753|    0.325000|    0.002235|
|         206|   -5.797159|   -5.199133|    0.325321|    0.002239|
|         207|   -5.891603|   -5.294934|    0.325507|    0.002242|
|         208|   -6.022606|   -5.423599|    0.325557|    0.002244|
|         209|   -6.052600|   -5.451834|    0.325566|    0.002246|
|         210|   -6.105140|   -5.502839|    0.325616|    0.002248|
|         211|   -6.220231|   -5.624201|    0.325698|    0.002251|
|         212|   -6.296219|   -5.708675|    0.325778|    0.002253|
|         213|   -6.323450|   -5.734264|    0.325849|    0.002255|
|         214|   -6.380478|   -5.791686|    0.325914|    0.002257|
|         215|   -6.455023|   -5.873451|    0.325973|    0.002258|
|         216|   -6.499439|   -5.924624|    0.326026|    0.002259|
|         217|   -6.524108|   -5.951493|    0.326075|    0.002259|
|         218|   -6.544874|   -5.973681|    0.326125|    0.002259|
|         219|   -6.558790|   -5.990292|    0.326174|    0.002259|
|         220|   -6.566034|   -6.001323|    0.326222|    0.002259|
|         221|   -6.569347|   -6.008740|    0.326267|    0.002258|
|         222|   -6.568712|   -6.011694|    0.326312|    0.002257|
|         223|   -6.564032|   -6.009625|    0.326356|    0.002257|
|         224|   -6.556803|   -6.004269|    0.326398|    0.002256|
|         225|   -6.548750|   -5.997703|    0.326439|    0.002255|
|         226|   -6.540880|   -5.991024|    0.326478|    0.002254|
|         227|   -6.533616|   -5.984653|    0.326517|    0.002253|
|         228|   -6.527125|   -5.978794|    0.326554|    0.002252|
|         229|   -6.521521|   -5.973645|    0.326589|    0.002252|
|         230|   -6.516923|   -5.969393|    0.326623|    0.002251|
|         231|   -6.513401|   -5.966140|    0.326655|    0.002251|
|         232|   -6.510968|   -5.963895|    0.326686|    0.002250|
|         233|   -6.509625|   -5.962649|    0.326714|    0.002250|
|         234|   -6.509373|   -5.962404|    0.326741|    0.002250|
|         235|   -6.510214|   -5.963169|    0.326766|    0.002250|
|         236|   -6.512150|   -5.964960|    0.326790|    0.002251|
|         237|   -6.515185|   -5.967795|    0.326811|    0.002251|
|         238|   -6.519318|   -5.971687|    0.326831|    0.002251|
|         239|   -6.524547|   -5.976645|    0.326850|    0.002252|
|         240|   -6.530866|   -5.982670|    0.326866|    0.002252|
|         241|   -6.538264|   -5.989757|    0.326881|    0.002252|
|         242|   -6.546725|   -5.997894|    0.326895|    0.002253|
|         243|   -6.556228|   -6.007065|    0.326907|    0.002253|
|         244|   -6.566756|   -6.017255|    0.326919|    0.002254|
|         245|   -6.578286|   -6.028447|    0.326929|    0.002254|
|         246|   -6.590800|   -6.040624|    0.326937|    0.002254|
|         247|   -6.604276|   -6.053767|    0.326945|    0.002254|
|         248|   -6.618694|   -6.067858|    0.326952|    0.002254|
|         249|   -6.634035|   -6.082878|    0.326958|    0.002254|
|         250|   -6.650280|   -6.098806|    0.326964|    0.002254|
+-----------------------------------------------------------------------+
|        File Writing Summary       |              Filename             |
+-----------------------------------------------------------------------+
|SU2 binary restart                 |restart_flow.dat                   |
Writing Flow Meta-Data file: flow.meta
|Paraview                           |flow.vtu                           |
Writing Flow Meta-Data file: flow.meta
|Paraview surface                   |surface_flow.vtu                   |
Writing Flow Meta-Data file: flow.meta
|CSV file                           |surface_flow.csv                   |
Writing Flow Meta-Data file: flow.meta
+-----------------------------------------------------------------------+
+----------------------------------------------------------------+
|  Inner_Iter|    rms[Rho]|   rms[RhoE]|          CL|          CD|
+----------------------------------------------------------------+
|         251|   -6.667406|   -6.115621|    0.326969|    0.002227|
+-----------------------------------------------------------------------+
|Fixed CL Mode                           |Value                         |
+-----------------------------------------------------------------------+
|Current CL                              |0.326969                      |
|Target CL                               |0.326                         |
|Previous AOA                            |0.658813                      |
|Changed AoA by                          |-0.00481856                   |
+-----------------------------------------------------------------------+
+----------------------------------------------------------------+
|  Inner_Iter|    rms[Rho]|   rms[RhoE]|          CL|          CD|
+----------------------------------------------------------------+
|         252|   -5.128941|   -4.522302|    0.326971|    0.002227|
|         253|   -5.425955|   -4.815493|    0.326939|    0.002226|
|         254|   -5.667735|   -5.074325|    0.326801|    0.002224|
|         255|   -5.865460|   -5.255573|    0.326590|    0.002220|
|         256|   -6.025779|   -5.427809|    0.326400|    0.002218|
|         257|   -6.120066|   -5.523463|    0.326291|    0.002216|
|         258|   -6.250721|   -5.651820|    0.326261|    0.002215|
|         259|   -6.280703|   -5.680043|    0.326255|    0.002214|
|         260|   -6.333207|   -5.731017|    0.326225|    0.002212|
|         261|   -6.447993|   -5.852074|    0.326176|    0.002211|
|         262|   -6.523796|   -5.936310|    0.326128|    0.002210|
|         263|   -6.551150|   -5.961998|    0.326086|    0.002208|
|         264|   -6.608203|   -6.019425|    0.326047|    0.002207|
|         265|   -6.682695|   -6.101105|    0.326012|    0.002207|
|         266|   -6.727144|   -6.152313|    0.325980|    0.002206|
|         267|   -6.751784|   -6.179197|    0.325950|    0.002206|
|         268|   -6.772312|   -6.201200|    0.325921|    0.002206|
|         269|   -6.785782|   -6.217417|    0.325891|    0.002206|
|         270|   -6.792425|   -6.227892|    0.325863|    0.002206|
|         271|   -6.795031|   -6.234632|    0.325835|    0.002206|
|         272|   -6.793657|   -6.236852|    0.325809|    0.002207|
|         273|   -6.788283|   -6.234076|    0.325782|    0.002207|
|         274|   -6.780457|   -6.228092|    0.325757|    0.002208|
|         275|   -6.771916|   -6.220996|    0.325733|    0.002208|
|         276|   -6.763678|   -6.213902|    0.325709|    0.002209|
|         277|   -6.756170|   -6.207239|    0.325686|    0.002209|
|         278|   -6.749556|   -6.201217|    0.325664|    0.002210|
|         279|   -6.743948|   -6.196027|    0.325643|    0.002210|
|         280|   -6.739453|   -6.191848|    0.325623|    0.002210|
|         281|   -6.736132|   -6.188773|    0.325604|    0.002211|
|         282|   -6.733988|   -6.186800|    0.325586|    0.002211|
|         283|   -6.733004|   -6.185903|    0.325569|    0.002211|
|         284|   -6.733170|   -6.186071|    0.325554|    0.002211|
|         285|   -6.734480|   -6.187307|    0.325539|    0.002211|
|         286|   -6.736927|   -6.189618|    0.325525|    0.002211|
|         287|   -6.740505|   -6.193010|    0.325512|    0.002211|
|         288|   -6.745205|   -6.197486|    0.325501|    0.002211|
|         289|   -6.751015|   -6.203046|    0.325490|    0.002210|
|         290|   -6.757920|   -6.209680|    0.325481|    0.002210|
|         291|   -6.765902|   -6.217375|    0.325472|    0.002210|
|         292|   -6.774939|   -6.226114|    0.325464|    0.002210|
|         293|   -6.785001|   -6.235868|    0.325457|    0.002209|
|         294|   -6.796066|   -6.246621|    0.325450|    0.002209|
|         295|   -6.808112|   -6.258355|    0.325445|    0.002209|
|         296|   -6.821119|   -6.271053|    0.325439|    0.002209|
|         297|   -6.835065|   -6.284694|    0.325435|    0.002209|
|         298|   -6.849926|   -6.299254|    0.325431|    0.002209|
|         299|   -6.865679|   -6.314713|    0.325427|    0.002209|
|         300|   -6.882303|   -6.331046|    0.325424|    0.002209|
|         301|   -6.899776|   -6.348232|    0.325421|    0.002225|
+-----------------------------------------------------------------------+
|Fixed CL Mode                           |Value                         |
+-----------------------------------------------------------------------+
|Current CL                              |0.325421                      |
|Target CL                               |0.326                         |
|Previous AOA                            |0.653995                      |
|Changed AoA by                          |0.00287903                    |
+-----------------------------------------------------------------------+
+----------------------------------------------------------------+
|  Inner_Iter|    rms[Rho]|   rms[RhoE]|          CL|          CD|
+----------------------------------------------------------------+
|         302|   -5.352620|   -4.745979|    0.325420|    0.002225|
|         303|   -5.649651|   -5.039186|    0.325439|    0.002225|
|         304|   -5.891484|   -5.298066|    0.325522|    0.002227|
|         305|   -6.089290|   -5.479369|    0.325647|    0.002229|
|         306|   -6.249748|   -5.651727|    0.325761|    0.002230|
|         307|   -6.344167|   -5.747503|    0.325826|    0.002232|
|         308|   -6.475104|   -5.876105|    0.325844|    0.002232|
|         309|   -6.505089|   -5.904330|    0.325848|    0.002233|
|         310|   -6.557630|   -5.955334|    0.325866|    0.002234|
|         311|   -6.672684|   -6.076652|    0.325894|    0.002235|
|         312|   -6.748640|   -6.161079|    0.325923|    0.002235|
|         313|   -6.775884|   -6.186676|    0.325948|    0.002236|
|         314|   -6.832918|   -6.244103|    0.325971|    0.002237|
|         315|   -6.907426|   -6.325833|    0.325992|    0.002237|
|         316|   -6.951758|   -6.376940|    0.326011|    0.002237|
|         317|   -6.976283|   -6.403696|    0.326028|    0.002237|
|         318|   -6.996809|   -6.425683|    0.326046|    0.002238|
|         319|   -7.010391|   -6.441999|    0.326063|    0.002238|
|         320|   -7.017246|   -6.452668|    0.326080|    0.002237|
|         321|   -7.020141|   -6.459682|    0.326097|    0.002237|
|         322|   -7.019098|   -6.462224|    0.326112|    0.002237|
|         323|   -7.014055|   -6.459781|    0.326128|    0.002237|
|         324|   -7.006532|   -6.454110|    0.326143|    0.002236|
|         325|   -6.998251|   -6.447292|    0.326157|    0.002236|
|         326|   -6.990216|   -6.440423|    0.326171|    0.002236|
|         327|   -6.982847|   -6.433921|    0.326185|    0.002235|
|         328|   -6.976316|   -6.428003|    0.326198|    0.002235|
|         329|   -6.970729|   -6.422853|    0.326211|    0.002235|
|         330|   -6.966199|   -6.418652|    0.326222|    0.002235|
|         331|   -6.962788|   -6.415496|    0.326234|    0.002235|
|         332|   -6.960504|   -6.413390|    0.326245|    0.002235|
|         333|   -6.959337|   -6.412312|    0.326255|    0.002234|
|         334|   -6.959283|   -6.412259|    0.326264|    0.002234|
|         335|   -6.960345|   -6.413243|    0.326273|    0.002234|
|         336|   -6.962522|   -6.415277|    0.326281|    0.002235|
|         337|   -6.965813|   -6.418373|    0.326289|    0.002235|
|         338|   -6.970212|   -6.422537|    0.326296|    0.002235|
|         339|   -6.975712|   -6.427774|    0.326302|    0.002235|
|         340|   -6.982303|   -6.434080|    0.326308|    0.002235|
|         341|   -6.989970|   -6.441446|    0.326313|    0.002235|
|         342|   -6.998696|   -6.449858|    0.326318|    0.002235|
|         343|   -7.008459|   -6.459299|    0.326322|    0.002235|
|         344|   -7.019238|   -6.469751|    0.326326|    0.002236|
|         345|   -7.031010|   -6.481196|    0.326330|    0.002236|
|         346|   -7.043755|   -6.493616|    0.326333|    0.002236|
|         347|   -7.057452|   -6.506991|    0.326336|    0.002236|
|         348|   -7.072079|   -6.521301|    0.326338|    0.002236|
|         349|   -7.087615|   -6.536526|    0.326340|    0.002236|
|         350|   -7.104041|   -6.552646|    0.326342|    0.002236|
|         351|   -7.121337|   -6.569640|    0.326344|    0.002226|
+-----------------------------------------------------------------------+
|Fixed CL Mode                           |Value                         |
+-----------------------------------------------------------------------+
|Current CL                              |0.326344                      |
|Target CL                               |0.326                         |
|Previous AOA                            |0.656874                      |
|Changed AoA by                          |-0.00170995                   |
+-----------------------------------------------------------------------+
+----------------------------------------------------------------+
|  Inner_Iter|    rms[Rho]|   rms[RhoE]|          CL|          CD|
+----------------------------------------------------------------+
|         352|   -5.578878|   -4.972238|    0.326345|    0.002226|
|         353|   -5.875900|   -5.265436|    0.326333|    0.002226|
|         354|   -6.117705|   -5.524291|    0.326284|    0.002225|
|         355|   -6.315467|   -5.705564|    0.326209|    0.002224|
|         356|   -6.475853|   -5.877858|    0.326142|    0.002223|
|         357|   -6.570203|   -5.973570|    0.326103|    0.002222|
|         358|   -6.700990|   -6.102041|    0.326092|    0.002222|
|         359|   -6.730975|   -6.130266|    0.326090|    0.002222|
|         360|   -6.783499|   -6.181256|    0.326080|    0.002221|
|         361|   -6.898415|   -6.302438|    0.326063|    0.002220|
|         362|   -6.974294|   -6.386766|    0.326046|    0.002220|
|         363|   -7.001598|   -6.412413|    0.326031|    0.002220|
|         364|   -7.058646|   -6.469845|    0.326017|    0.002219|
|         365|   -7.133144|   -6.551548|    0.326004|    0.002219|
|         366|   -7.177520|   -6.602693|    0.325993|    0.002219|
|         367|   -7.202078|   -6.629492|    0.325983|    0.002219|
|         368|   -7.222566|   -6.651454|    0.325972|    0.002219|
|         369|   -7.236041|   -6.667676|    0.325962|    0.002219|
|         370|   -7.242733|   -6.678195|    0.325952|    0.002219|
|         371|   -7.245423|   -6.685014|    0.325942|    0.002219|
|         372|   -7.244156|   -6.687337|    0.325933|    0.002219|
|         373|   -7.238898|   -6.684677|    0.325923|    0.002219|
|         374|   -7.231185|   -6.678808|    0.325914|    0.002219|
|         375|   -7.222750|   -6.671823|    0.325906|    0.002220|
|         376|   -7.214600|   -6.664826|    0.325897|    0.002220|
|         377|   -7.207159|   -6.658237|    0.325889|    0.002220|
|         378|   -7.200589|   -6.652265|    0.325881|    0.002220|
|         379|   -7.195003|   -6.647102|    0.325874|    0.002220|
|         380|   -7.190508|   -6.642928|    0.325867|    0.002220|
|         381|   -7.187168|   -6.639836|    0.325860|    0.002220|
|         382|   -7.184986|   -6.637827|    0.325854|    0.002220|
|         383|   -7.183947|   -6.636875|    0.325848|    0.002221|
|         384|   -7.184043|   -6.636972|    0.325842|    0.002221|
|         385|   -7.185272|   -6.638126|    0.325837|    0.002220|
|         386|   -7.187630|   -6.640344|    0.325832|    0.002220|
|         387|   -7.191111|   -6.643636|    0.325828|    0.002220|
|         388|   -7.195708|   -6.648004|    0.325823|    0.002220|
|         389|   -7.201411|   -6.653451|    0.325820|    0.002220|
|         390|   -7.208207|   -6.659970|    0.325816|    0.002220|
|         391|   -7.216078|   -6.667549|    0.325813|    0.002220|
|         392|   -7.225005|   -6.676171|    0.325810|    0.002220|
|         393|   -7.234965|   -6.685819|    0.325808|    0.002220|
|         394|   -7.245937|   -6.696474|    0.325806|    0.002220|
|         395|   -7.257896|   -6.708115|    0.325803|    0.002220|
|         396|   -7.270819|   -6.720722|    0.325802|    0.002220|
|         397|   -7.284685|   -6.734275|    0.325800|    0.002220|
|         398|   -7.299470|   -6.748754|    0.325799|    0.002220|
|         399|   -7.315155|   -6.764137|    0.325797|    0.002220|
|         400|   -7.331718|   -6.780403|    0.325796|    0.002220|
|         401|   -7.349140|   -6.797531|    0.325795|    0.002226|
+-----------------------------------------------------------------------+
|Fixed CL Mode                           |Value                         |
+-----------------------------------------------------------------------+
|Current CL                              |0.325795                      |
|Target CL                               |0.326                         |
|Previous AOA                            |0.655164                      |
|Changed AoA by                          |0.00101876                    |
+-----------------------------------------------------------------------+
+----------------------------------------------------------------+
|  Inner_Iter|    rms[Rho]|   rms[RhoE]|          CL|          CD|
+----------------------------------------------------------------+
|         402|   -5.803794|   -5.197154|    0.325795|    0.002226|
|         403|   -6.100821|   -5.490356|    0.325802|    0.002226|
|         404|   -6.342644|   -5.749227|    0.325831|    0.002226|
|         405|   -6.540434|   -5.930520|    0.325875|    0.002227|
|         406|   -6.700865|   -6.102854|    0.325915|    0.002227|
|         407|   -6.795259|   -6.198606|    0.325939|    0.002228|
|         408|   -6.926142|   -6.327160|    0.325945|    0.002228|
|         409|   -6.956126|   -6.355385|    0.325946|    0.002228|
|         410|   -7.008660|   -6.406383|    0.325952|    0.002229|
|         411|   -7.123663|   -6.527650|    0.325963|    0.002229|
|         412|   -7.199592|   -6.612041|    0.325973|    0.002229|
|         413|   -7.226854|   -6.637655|    0.325982|    0.002229|
|         414|   -7.283888|   -6.695079|    0.325990|    0.002230|
|         415|   -7.358377|   -6.776785|    0.325997|    0.002230|
|         416|   -7.402701|   -6.827883|    0.326004|    0.002230|
|         417|   -7.427210|   -6.854631|    0.326010|    0.002230|
|         418|   -7.447690|   -6.876580|    0.326016|    0.002230|
|         419|   -7.461202|   -6.892832|    0.326023|    0.002230|
|         420|   -7.467969|   -6.903420|    0.326029|    0.002230|
|         421|   -7.470763|   -6.910335|    0.326034|    0.002230|
|         422|   -7.469616|   -6.912775|    0.326040|    0.002230|
|         423|   -7.464480|   -6.910236|    0.326045|    0.002230|
|         424|   -7.456879|   -6.904482|    0.326051|    0.002229|
|         425|   -7.448538|   -6.897598|    0.326056|    0.002229|
|         426|   -7.440462|   -6.890682|    0.326061|    0.002229|
|         427|   -7.433074|   -6.884154|    0.326066|    0.002229|
|         428|   -7.426536|   -6.878221|    0.326070|    0.002229|
|         429|   -7.420958|   -6.873072|    0.326075|    0.002229|
|         430|   -7.416451|   -6.868891|    0.326079|    0.002229|
|         431|   -7.413080|   -6.865772|    0.326083|    0.002229|
|         432|   -7.410851|   -6.863718|    0.326087|    0.002229|
|         433|   -7.409750|   -6.862705|    0.326090|    0.002229|
|         434|   -7.409773|   -6.862728|    0.326094|    0.002229|
|         435|   -7.410918|   -6.863796|    0.326097|    0.002229|
|         436|   -7.413183|   -6.865920|    0.326100|    0.002229|
|         437|   -7.416565|   -6.869109|    0.326102|    0.002229|
|         438|   -7.421059|   -6.873371|    0.326105|    0.002229|
|         439|   -7.426657|   -6.878707|    0.326107|    0.002229|
|         440|   -7.433345|   -6.885114|    0.326109|    0.002229|
|         441|   -7.441108|   -6.892579|    0.326111|    0.002229|
|         442|   -7.449928|   -6.901089|    0.326113|    0.002229|
|         443|   -7.459784|   -6.910627|    0.326114|    0.002229|
|         444|   -7.470653|   -6.921173|    0.326116|    0.002229|
|         445|   -7.482514|   -6.932710|    0.326117|    0.002229|
|         446|   -7.495343|   -6.945218|    0.326118|    0.002229|
|         447|   -7.509120|   -6.958677|    0.326119|    0.002229|
|         448|   -7.523823|   -6.973067|    0.326120|    0.002229|
|         449|   -7.539431|   -6.988368|    0.326120|    0.002229|
|         450|   -7.555925|   -7.004559|    0.326121|    0.002229|
|         451|   -7.573283|   -7.021619|    0.326122|    0.002226|
+-----------------------------------------------------------------------+
|Fixed CL Mode                           |Value                         |
+-----------------------------------------------------------------------+
|Current CL                              |0.326122                      |
|Target CL                               |0.326                         |
|Previous AOA                            |0.656183                      |
|Changed AoA by                          |-0.000605732                  |
+-----------------------------------------------------------------------+
+----------------------------------------------------------------+
|  Inner_Iter|    rms[Rho]|   rms[RhoE]|          CL|          CD|
+----------------------------------------------------------------+
|         452|   -6.029582|   -5.422942|    0.326122|    0.002226|
|         453|   -6.326606|   -5.716142|    0.326118|    0.002226|
|         454|   -6.568419|   -5.975004|    0.326101|    0.002225|
|         455|   -6.766194|   -6.156286|    0.326074|    0.002225|
|         456|   -6.926599|   -6.328597|    0.326050|    0.002225|
|         457|   -7.020968|   -6.424326|    0.326036|    0.002225|
|         458|   -7.151799|   -6.552835|    0.326033|    0.002224|
|         459|   -7.181783|   -6.581059|    0.326032|    0.002224|
|         460|   -7.234311|   -6.632052|    0.326028|    0.002224|
|         461|   -7.349267|   -6.753273|    0.326022|    0.002224|
|         462|   -7.425168|   -6.837630|    0.326016|    0.002224|
|         463|   -7.452452|   -6.863261|    0.326011|    0.002224|
|         464|   -7.509490|   -6.920687|    0.326006|    0.002223|
|         465|   -7.583976|   -7.002383|    0.326002|    0.002223|
|         466|   -7.628316|   -7.053496|    0.325998|    0.002223|
|         467|   -7.652839|   -7.080261|    0.325994|    0.002223|
|         468|   -7.673309|   -7.102204|    0.325990|    0.002223|
|         469|   -7.686786|   -7.118427|    0.325986|    0.002223|
|         470|   -7.693497|   -7.128963|    0.325983|    0.002223|
|         471|   -7.696221|   -7.135812|    0.325979|    0.002223|
|         472|   -7.694997|   -7.138174|    0.325976|    0.002223|
|         473|   -7.689785|   -7.135559|    0.325973|    0.002223|
|         474|   -7.682117|   -7.129736|    0.325970|    0.002223|
|         475|   -7.673721|   -7.122792|    0.325967|    0.002224|
|         476|   -7.665604|   -7.115829|    0.325964|    0.002224|
|         477|   -7.658188|   -7.109269|    0.325961|    0.002224|
|         478|   -7.651637|   -7.103317|    0.325958|    0.002224|
|         479|   -7.646060|   -7.098166|    0.325955|    0.002224|
|         480|   -7.641567|   -7.093996|    0.325953|    0.002224|
|         481|   -7.638222|   -7.090900|    0.325951|    0.002224|
|         482|   -7.636029|   -7.088881|    0.325948|    0.002224|
|         483|   -7.634973|   -7.087912|    0.325946|    0.002224|
|         484|   -7.635048|   -7.087988|    0.325944|    0.002224|
|         485|   -7.636251|   -7.089115|    0.325942|    0.002224|
|         486|   -7.638580|   -7.091303|    0.325941|    0.002224|
|         487|   -7.642029|   -7.094560|    0.325939|    0.002224|
|         488|   -7.646592|   -7.098894|    0.325938|    0.002224|
|         489|   -7.652261|   -7.104305|    0.325936|    0.002224|
|         490|   -7.659022|   -7.110786|    0.325935|    0.002224|
|         491|   -7.666858|   -7.118328|    0.325934|    0.002224|
|         492|   -7.675751|   -7.126913|    0.325933|    0.002224|
|         493|   -7.685677|   -7.136525|    0.325932|    0.002224|
|         494|   -7.696615|   -7.147144|    0.325931|    0.002224|
|         495|   -7.708542|   -7.158750|    0.325930|    0.002224|
|         496|   -7.721435|   -7.171324|    0.325930|    0.002224|
|         497|   -7.735271|   -7.184846|    0.325929|    0.002224|
|         498|   -7.750030|   -7.199296|    0.325929|    0.002224|
|         499|   -7.765691|   -7.214653|    0.325928|    0.002224|
|         500|   -7.782233|   -7.230895|    0.325928|    0.002224|
+-----------------------------------------------------------------------+
|        File Writing Summary       |              Filename             |
+-----------------------------------------------------------------------+
|SU2 binary restart                 |restart_flow.dat                   |
Writing Flow Meta-Data file: flow.meta
|Paraview                           |flow.vtu                           |
Writing Flow Meta-Data file: flow.meta
|Paraview surface                   |surface_flow.vtu                   |
Writing Flow Meta-Data file: flow.meta
|CSV file                           |surface_flow.csv                   |
Writing Flow Meta-Data file: flow.meta
+-----------------------------------------------------------------------+
+----------------------------------------------------------------+
|  Inner_Iter|    rms[Rho]|   rms[RhoE]|          CL|          CD|
+----------------------------------------------------------------+
|         501|   -7.799636|   -7.248002|    0.325928|    0.002226|
+-----------------------------------------------------------------------+
|Fixed CL Mode                           |Value                         |
+-----------------------------------------------------------------------+
|Current CL                              |0.325928                      |
|Target CL                               |0.326                         |
|Previous AOA                            |0.655577                      |
|Changed AoA by                          |0.000360443                   |
+-----------------------------------------------------------------------+
+----------------------------------------------------------------+
|  Inner_Iter|    rms[Rho]|   rms[RhoE]|          CL|          CD|
+----------------------------------------------------------------+
|         502|   -6.255028|   -5.648387|    0.325927|    0.002226|
|         503|   -6.552053|   -5.941589|    0.325930|    0.002226|
|         504|   -6.793872|   -6.200456|    0.325940|    0.002226|
|         505|   -6.991655|   -6.381744|    0.325956|    0.002226|
|         506|   -7.152076|   -6.554068|    0.325970|    0.002226|
|         507|   -7.246458|   -6.649810|    0.325978|    0.002226|
|         508|   -7.377320|   -6.778345|    0.325981|    0.002227|
|         509|   -7.407304|   -6.806571|    0.325981|    0.002227|
|         510|   -7.459836|   -6.857566|    0.325983|    0.002227|
|         511|   -7.574819|   -6.978814|    0.325987|    0.002227|
|         512|   -7.650736|   -7.063191|    0.325990|    0.002227|
|         513|   -7.678007|   -7.088811|    0.325994|    0.002227|
|         514|   -7.735042|   -7.146236|    0.325996|    0.002227|
|         515|   -7.809526|   -7.227935|    0.325999|    0.002227|
|         516|   -7.853854|   -7.279036|    0.326001|    0.002227|
|         517|   -7.878366|   -7.305788|    0.326004|    0.002227|
|         518|   -7.898839|   -7.327732|    0.326006|    0.002227|
|         519|   -7.912333|   -7.343969|    0.326008|    0.002227|
|         520|   -7.919075|   -7.354534|    0.326010|    0.002227|
|         521|   -7.921838|   -7.361420|    0.326012|    0.002227|
|         522|   -7.920658|   -7.363826|    0.326014|    0.002227|
|         523|   -7.915490|   -7.361255|    0.326016|    0.002227|
|         524|   -7.907861|   -7.355472|    0.326018|    0.002227|
|         525|   -7.899498|   -7.348564|    0.326020|    0.002227|
|         526|   -7.891407|   -7.341630|    0.326022|    0.002227|
|         527|   -7.884009|   -7.335089|    0.326023|    0.002227|
|         528|   -7.877466|   -7.329149|    0.326025|    0.002227|
|         529|   -7.871889|   -7.324000|    0.326026|    0.002227|
|         530|   -7.867389|   -7.319824|    0.326028|    0.002227|
|         531|   -7.864029|   -7.316715|    0.326029|    0.002227|
|         532|   -7.861816|   -7.314676|    0.326031|    0.002227|
|         533|   -7.860735|   -7.313683|    0.326032|    0.002227|
|         534|   -7.860780|   -7.313729|    0.326033|    0.002227|
|         535|   -7.861951|   -7.314823|    0.326034|    0.002227|
|         536|   -7.864244|   -7.316975|    0.326035|    0.002227|
|         537|   -7.867655|   -7.320194|    0.326036|    0.002227|
|         538|   -7.872180|   -7.324487|    0.326037|    0.002227|
|         539|   -7.877808|   -7.329855|    0.326038|    0.002227|
|         540|   -7.884527|   -7.336294|    0.326039|    0.002227|
|         541|   -7.892322|   -7.343792|    0.326039|    0.002227|
|         542|   -7.901173|   -7.352334|    0.326040|    0.002227|
|         543|   -7.911060|   -7.361904|    0.326040|    0.002227|
|         544|   -7.921959|   -7.372482|    0.326041|    0.002227|
|         545|   -7.933848|   -7.384049|    0.326041|    0.002227|
|         546|   -7.946704|   -7.396585|    0.326042|    0.002227|
|         547|   -7.960507|   -7.410071|    0.326042|    0.002227|
|         548|   -7.975234|   -7.424487|    0.326042|    0.002227|
|         549|   -7.990865|   -7.439812|    0.326043|    0.002227|
|         550|   -8.007380|   -7.456025|    0.326043|    0.002227|
|         551|   -8.024757|   -7.473105|    0.326043|    0.002226|
+-----------------------------------------------------------------------+
|Fixed CL Mode                           |Value                         |
+-----------------------------------------------------------------------+
|Current CL                              |0.326043                      |
|Target CL                               |0.326                         |
|Previous AOA                            |0.655937                      |
|Changed AoA by                          |-0.000214372                  |
+-----------------------------------------------------------------------+
+----------------------------------------------------------------+
|  Inner_Iter|    rms[Rho]|   rms[RhoE]|          CL|          CD|
+----------------------------------------------------------------+
|         552|   -6.480696|   -5.874055|    0.326043|    0.002226|
|         553|   -6.777720|   -6.167256|    0.326042|    0.002226|
|         554|   -7.019535|   -6.426119|    0.326036|    0.002226|
|         555|   -7.217314|   -6.607404|    0.326026|    0.002225|
|         556|   -7.377725|   -6.779721|    0.326018|    0.002225|
|         557|   -7.472099|   -6.875454|    0.326013|    0.002225|
|         558|   -7.602943|   -7.003974|    0.326012|    0.002225|
|         559|   -7.632926|   -7.032199|    0.326011|    0.002225|
|         560|   -7.685456|   -7.083193|    0.326010|    0.002225|
|         561|   -7.800422|   -7.204424|    0.326008|    0.002225|
|         562|   -7.876330|   -7.288789|    0.326006|    0.002225|
|         563|   -7.903607|   -7.314415|    0.326004|    0.002225|
|         564|   -7.960643|   -7.371839|    0.326002|    0.002225|
|         565|   -8.035125|   -7.453534|    0.326001|    0.002225|
|         566|   -8.079456|   -7.504638|    0.325999|    0.002225|
|         567|   -8.103972|   -7.531395|    0.325998|    0.002225|
|         568|   -8.124439|   -7.553334|    0.325997|    0.002225|
|         569|   -8.137919|   -7.569560|    0.325995|    0.002225|
|         570|   -8.144640|   -7.580105|    0.325994|    0.002225|
|         571|   -8.147377|   -7.586966|    0.325993|    0.002225|
|         572|   -8.146169|   -7.589344|    0.325992|    0.002225|
|         573|   -8.140974|   -7.586745|    0.325990|    0.002225|
|         574|   -8.133321|   -7.580938|    0.325989|    0.002225|
|         575|   -8.124938|   -7.574008|    0.325988|    0.002225|
|         576|   -8.116832|   -7.567057|    0.325987|    0.002225|
|         577|   -8.109424|   -7.560505|    0.325986|    0.002225|
|         578|   -8.102876|   -7.554558|    0.325985|    0.002225|
|         579|   -8.097300|   -7.549408|    0.325984|    0.002225|
|         580|   -8.092804|   -7.545236|    0.325983|    0.002225|
|         581|   -8.089454|   -7.542135|    0.325983|    0.002225|
|         582|   -8.087253|   -7.540108|    0.325982|    0.002225|
|         583|   -8.086188|   -7.539131|    0.325981|    0.002225|
|         584|   -8.086252|   -7.539195|    0.325980|    0.002225|
|         585|   -8.087443|   -7.540310|    0.325980|    0.002225|
|         586|   -8.089759|   -7.542485|    0.325979|    0.002225|
|         587|   -8.093195|   -7.545729|    0.325978|    0.002225|
|         588|   -8.097744|   -7.550048|    0.325978|    0.002225|
|         589|   -8.103398|   -7.555443|    0.325977|    0.002225|
|         590|   -8.110144|   -7.561909|    0.325977|    0.002225|
|         591|   -8.117965|   -7.569434|    0.325977|    0.002225|
|         592|   -8.126842|   -7.578004|    0.325976|    0.002225|
|         593|   -8.136754|   -7.587600|    0.325976|    0.002225|
|         594|   -8.147678|   -7.598204|    0.325976|    0.002225|
|         595|   -8.159591|   -7.609796|    0.325975|    0.002225|
|         596|   -8.172471|   -7.622356|    0.325975|    0.002225|
|         597|   -8.186295|   -7.635865|    0.325975|    0.002225|
|         598|   -8.201043|   -7.650303|    0.325975|    0.002225|
|         599|   -8.216694|   -7.665649|    0.325975|    0.002225|
|         600|   -8.233227|   -7.681882|    0.325974|    0.002225|
|         601|   -8.250621|   -7.698980|    0.325974|    0.002226|
+-----------------------------------------------------------------------+
|Fixed CL Mode                           |Value                         |
+-----------------------------------------------------------------------+
|Current CL                              |0.325974                      |
|Target CL                               |0.326                         |
|Previous AOA                            |0.655723                      |
|Changed AoA by                          |0.000127535                   |
+-----------------------------------------------------------------------+
+----------------------------------------------------------------+
|  Inner_Iter|    rms[Rho]|   rms[RhoE]|          CL|          CD|
+----------------------------------------------------------------+
|         602|   -6.706234|   -6.099594|    0.325974|    0.002226|
|         603|   -7.003259|   -6.392795|    0.325975|    0.002226|
|         604|   -7.245076|   -6.651660|    0.325979|    0.002226|
|         605|   -7.442858|   -6.832947|    0.325984|    0.002226|
|         606|   -7.603275|   -7.005268|    0.325989|    0.002226|
|         607|   -7.697654|   -7.101007|    0.325992|    0.002226|
|         608|   -7.828509|   -7.229536|    0.325993|    0.002226|
|         609|   -7.858493|   -7.257762|    0.325993|    0.002226|
|         610|   -7.911024|   -7.308757|    0.325994|    0.002226|
|         611|   -8.026001|   -7.429998|    0.325995|    0.002226|
|         612|   -8.101914|   -7.514370|    0.325997|    0.002226|
|         613|   -8.129187|   -7.539993|    0.325998|    0.002226|
|         614|   -8.186222|   -7.597417|    0.325999|    0.002226|
|         615|   -8.260705|   -7.679114|    0.326000|    0.002226|
|         616|   -8.305032|   -7.730214|    0.326001|    0.002226|
|         617|   -8.329544|   -7.756966|    0.326001|    0.002226|
|         618|   -8.350012|   -7.778906|    0.326002|    0.002226|
|         619|   -8.363498|   -7.795137|    0.326003|    0.002226|
|         620|   -8.370230|   -7.805692|    0.326004|    0.002226|
|         621|   -8.372982|   -7.812567|    0.326004|    0.002226|
|         622|   -8.371789|   -7.814961|    0.326005|    0.002226|
|         623|   -8.366610|   -7.812378|    0.326006|    0.002226|
|         624|   -8.358971|   -7.806585|    0.326006|    0.002226|
|         625|   -8.350601|   -7.799668|    0.326007|    0.002226|
|         626|   -8.342503|   -7.792727|    0.326008|    0.002226|
|         627|   -8.335102|   -7.786183|    0.326008|    0.002226|
|         628|   -8.328558|   -7.780241|    0.326009|    0.002226|
|         629|   -8.322982|   -7.775092|    0.326009|    0.002226|
|         630|   -8.318484|   -7.770918|    0.326010|    0.002226|
|         631|   -8.315129|   -7.767813|    0.326010|    0.002226|
|         632|   -8.312922|   -7.765780|    0.326011|    0.002226|
|         633|   -8.311849|   -7.764795|    0.326011|    0.002226|
|         634|   -8.311902|   -7.764849|    0.326012|    0.002226|
|         635|   -8.313082|   -7.765952|    0.326012|    0.002226|
|         636|   -8.315386|   -7.768114|    0.326012|    0.002226|
|         637|   -8.318808|   -7.771345|    0.326013|    0.002226|
|         638|   -8.323344|   -7.775649|    0.326013|    0.002226|
|         639|   -8.328983|   -7.781029|    0.326013|    0.002226|
|         640|   -8.335714|   -7.787480|    0.326014|    0.002226|
|         641|   -8.343521|   -7.794990|    0.326014|    0.002226|
|         642|   -8.352384|   -7.803545|    0.326014|    0.002226|
|         643|   -8.362281|   -7.813126|    0.326014|    0.002226|
|         644|   -8.373192|   -7.823716|    0.326014|    0.002226|
|         645|   -8.385091|   -7.835294|    0.326015|    0.002226|
|         646|   -8.397959|   -7.847841|    0.326015|    0.002226|
|         647|   -8.411771|   -7.861337|    0.326015|    0.002226|
|         648|   -8.426508|   -7.875763|    0.326015|    0.002226|
|         649|   -8.442148|   -7.891098|    0.326015|    0.002226|
|         650|   -8.458671|   -7.907320|    0.326015|    0.002226|
|         651|   -8.476057|   -7.924409|    0.326015|    0.002226|
+-----------------------------------------------------------------------+
|Fixed CL Mode                           |Value                         |
+-----------------------------------------------------------------------+
|Current CL                              |0.326015                      |
|Target CL                               |0.326                         |
|Previous AOA                            |0.655851                      |
|Changed AoA by                          |-7.58572e-05                  |
+-----------------------------------------------------------------------+
+----------------------------------------------------------------+
|  Inner_Iter|    rms[Rho]|   rms[RhoE]|          CL|          CD|
+----------------------------------------------------------------+
|         652|   -6.931867|   -6.325227|    0.326015|    0.002226|
|         653|   -7.228892|   -6.618427|    0.326015|    0.002226|
|         654|   -7.470708|   -6.877292|    0.326013|    0.002226|
|         655|   -7.668487|   -7.058577|    0.326009|    0.002226|
|         656|   -7.828901|   -7.230896|    0.326006|    0.002226|
|         657|   -7.923277|   -7.326632|    0.326005|    0.002226|
|         658|   -8.054126|   -7.455155|    0.326004|    0.002226|
|         659|   -8.084110|   -7.483381|    0.326004|    0.002226|
|         660|   -8.136640|   -7.534375|    0.326004|    0.002226|
|         661|   -8.251610|   -7.655610|    0.326003|    0.002225|
|         662|   -8.327520|   -7.739978|    0.326002|    0.002225|
|         663|   -8.354796|   -7.765603|    0.326001|    0.002225|
|         664|   -8.411831|   -7.823027|    0.326001|    0.002225|
|         665|   -8.486313|   -7.904722|    0.326000|    0.002225|
|         666|   -8.530642|   -7.955825|    0.326000|    0.002225|
|         667|   -8.555155|   -7.982578|    0.325999|    0.002225|
|         668|   -8.575622|   -8.004518|    0.325999|    0.002225|
|         669|   -8.589104|   -8.020745|    0.325998|    0.002225|
|         670|   -8.595829|   -8.031293|    0.325998|    0.002225|
|         671|   -8.598571|   -8.038159|    0.325997|    0.002225|
|         672|   -8.597369|   -8.040543|    0.325997|    0.002225|
|         673|   -8.592180|   -8.037950|    0.325997|    0.002225|
|         674|   -8.584532|   -8.032148|    0.325996|    0.002225|
|         675|   -8.576154|   -8.025223|    0.325996|    0.002225|
|         676|   -8.568052|   -8.018276|    0.325995|    0.002225|
|         677|   -8.560646|   -8.011727|    0.325995|    0.002225|
|         678|   -8.554100|   -8.005783|    0.325995|    0.002225|
|         679|   -8.548524|   -8.000633|    0.325994|    0.002225|
|         680|   -8.544028|   -7.996460|    0.325994|    0.002225|
|         681|   -8.540676|   -7.993358|    0.325994|    0.002225|
|         682|   -8.538473|   -7.991329|    0.325994|    0.002225|
|         683|   -8.537405|   -7.990349|    0.325993|    0.002225|
|         684|   -8.537465|   -7.990410|    0.325993|    0.002225|
|         685|   -8.538652|   -7.991520|    0.325993|    0.002225|
|         686|   -8.540963|   -7.993690|    0.325993|    0.002225|
|         687|   -8.544393|   -7.996928|    0.325992|    0.002225|
|         688|   -8.548937|   -8.001242|    0.325992|    0.002225|
|         689|   -8.554585|   -8.006631|    0.325992|    0.002225|
|         690|   -8.561325|   -8.013091|    0.325992|    0.002225|
|         691|   -8.569141|   -8.020610|    0.325992|    0.002225|
|         692|   -8.578012|   -8.029174|    0.325992|    0.002225|
|         693|   -8.587919|   -8.038764|    0.325991|    0.002225|
|         694|   -8.598837|   -8.049363|    0.325991|    0.002225|
|         695|   -8.610745|   -8.060949|    0.325991|    0.002225|
|         696|   -8.623620|   -8.073504|    0.325991|    0.002225|
|         697|   -8.637440|   -8.087008|    0.325991|    0.002225|
|         698|   -8.652183|   -8.101441|    0.325991|    0.002225|
|         699|   -8.667830|   -8.116783|    0.325991|    0.002225|
|         700|   -8.684359|   -8.133011|    0.325991|    0.002225|
|         701|   -8.701750|   -8.150106|    0.325991|    0.002226|
+-----------------------------------------------------------------------+
|Fixed CL Mode                           |Value                         |
+-----------------------------------------------------------------------+
|Current CL                              |0.325991                      |
|Target CL                               |0.326                         |
|Previous AOA                            |0.655775                      |
|Changed AoA by                          |4.51258e-05                   |
+-----------------------------------------------------------------------+
+----------------------------------------------------------------+
|  Inner_Iter|    rms[Rho]|   rms[RhoE]|          CL|          CD|
+----------------------------------------------------------------+
|         702|   -7.157439|   -6.550798|    0.325991|    0.002226|
|         703|   -7.454464|   -6.843999|    0.325991|    0.002226|
|         704|   -7.696280|   -7.102865|    0.325993|    0.002226|
|         705|   -7.894061|   -7.284151|    0.325994|    0.002226|
|         706|   -8.054477|   -7.456471|    0.325996|    0.002226|
|         707|   -8.148855|   -7.552209|    0.325997|    0.002226|
|         708|   -8.279707|   -7.680736|    0.325998|    0.002226|
|         709|   -8.309692|   -7.708961|    0.325998|    0.002226|
|         710|   -8.362222|   -7.759956|    0.325998|    0.002226|
|         711|   -8.477197|   -7.881195|    0.325998|    0.002226|
|         712|   -8.553108|   -7.965565|    0.325999|    0.002226|
|         713|   -8.580383|   -7.991189|    0.325999|    0.002226|
|         714|   -8.637418|   -8.048613|    0.326000|    0.002226|
|         715|   -8.711900|   -8.130309|    0.326000|    0.002226|
|         716|   -8.756228|   -8.181410|    0.326000|    0.002226|
|         717|   -8.780740|   -8.208163|    0.326000|    0.002226|
|         718|   -8.801208|   -8.230103|    0.326001|    0.002226|
|         719|   -8.814692|   -8.246332|    0.326001|    0.002226|
|         720|   -8.821421|   -8.256884|    0.326001|    0.002226|
|         721|   -8.824169|   -8.263755|    0.326002|    0.002226|
|         722|   -8.822972|   -8.266145|    0.326002|    0.002226|
|         723|   -8.817789|   -8.263557|    0.326002|    0.002226|
|         724|   -8.810146|   -8.257761|    0.326002|    0.002226|
|         725|   -8.801773|   -8.250841|    0.326002|    0.002226|
|         726|   -8.793673|   -8.243897|    0.326003|    0.002226|
|         727|   -8.786270|   -8.237351|    0.326003|    0.002226|
|         728|   -8.779725|   -8.231408|    0.326003|    0.002226|
|         729|   -8.774149|   -8.226259|    0.326003|    0.002226|
|         730|   -8.769653|   -8.222086|    0.326004|    0.002226|
|         731|   -8.766299|   -8.218982|    0.326004|    0.002226|
|         732|   -8.764093|   -8.216951|    0.326004|    0.002226|
|         733|   -8.763022|   -8.215967|    0.326004|    0.002226|
|         734|   -8.763079|   -8.216025|    0.326004|    0.002226|
|         735|   -8.764262|   -8.217131|    0.326004|    0.002226|
|         736|   -8.766568|   -8.219296|    0.326004|    0.002226|
|         737|   -8.769994|   -8.222530|    0.326005|    0.002226|
|         738|   -8.774533|   -8.226838|    0.326005|    0.002226|
|         739|   -8.780176|   -8.232222|    0.326005|    0.002226|
|         740|   -8.786911|   -8.238677|    0.326005|    0.002226|
|         741|   -8.794721|   -8.246191|    0.326005|    0.002226|
|         742|   -8.803588|   -8.254749|    0.326005|    0.002226|
|         743|   -8.813489|   -8.264334|    0.326005|    0.002226|
|         744|   -8.824403|   -8.274927|    0.326005|    0.002226|
|         745|   -8.836306|   -8.286509|    0.326005|    0.002226|
|         746|   -8.849176|   -8.299059|    0.326005|    0.002226|
|         747|   -8.862992|   -8.312559|    0.326005|    0.002226|
|         748|   -8.877731|   -8.326988|    0.326005|    0.002226|
|         749|   -8.893374|   -8.342325|    0.326005|    0.002226|
|         750|   -8.909900|   -8.358550|    0.326005|    0.002226|
+-----------------------------------------------------------------------+
|        File Writing Summary       |              Filename             |
+-----------------------------------------------------------------------+
|SU2 binary restart                 |restart_flow.dat                   |
Writing Flow Meta-Data file: flow.meta
|Paraview                           |flow.vtu                           |
Writing Flow Meta-Data file: flow.meta
|Paraview surface                   |surface_flow.vtu                   |
Writing Flow Meta-Data file: flow.meta
|CSV file                           |surface_flow.csv                   |
Writing Flow Meta-Data file: flow.meta
+-----------------------------------------------------------------------+
+----------------------------------------------------------------+
|  Inner_Iter|    rms[Rho]|   rms[RhoE]|          CL|          CD|
+----------------------------------------------------------------+
|         751|   -8.927287|   -8.375641|    0.326005|    0.002226|
+-----------------------------------------------------------------------+
|Fixed CL Mode                           |Value                         |
+-----------------------------------------------------------------------+
|Current CL                              |0.326005                      |
|Target CL                               |0.326                         |
|Previous AOA                            |0.65582                       |
|Changed AoA by                          |-2.6842e-05                   |
+-----------------------------------------------------------------------+
+----------------------------------------------------------------+
|  Inner_Iter|    rms[Rho]|   rms[RhoE]|          CL|          CD|
+----------------------------------------------------------------+
|         752|   -7.383049|   -6.776408|    0.326005|    0.002226|
|         753|   -7.680073|   -7.069609|    0.326005|    0.002226|
|         754|   -7.921890|   -7.328474|    0.326004|    0.002226|
|         755|   -8.119670|   -7.509760|    0.326003|    0.002226|
|         756|   -8.280084|   -7.682079|    0.326002|    0.002226|
|         757|   -8.374461|   -7.777815|    0.326002|    0.002226|
|         758|   -8.505311|   -7.906341|    0.326001|    0.002226|
|         759|   -8.535296|   -7.934566|    0.326001|    0.002226|
|         760|   -8.587826|   -7.985560|    0.326001|    0.002226|
|         761|   -8.702798|   -8.106797|    0.326001|    0.002226|
|         762|   -8.778708|   -8.191166|    0.326001|    0.002226|
|         763|   -8.805984|   -8.216791|    0.326000|    0.002226|
|         764|   -8.863019|   -8.274214|    0.326000|    0.002226|
|         765|   -8.937501|   -8.355910|    0.326000|    0.002226|
|         766|   -8.981830|   -8.407012|    0.326000|    0.002226|
|         767|   -9.006343|   -8.433766|    0.326000|    0.002226|
|         768|   -9.026810|   -8.455705|    0.326000|    0.002226|
|         769|   -9.040292|   -8.471933|    0.325999|    0.002226|
|         770|   -9.047019|   -8.482483|    0.325999|    0.002226|
|         771|   -9.049764|   -8.489351|    0.325999|    0.002226|
|         772|   -9.048564|   -8.491737|    0.325999|    0.002226|
|         773|   -9.043377|   -8.489146|    0.325999|    0.002226|
|         774|   -9.035732|   -8.483347|    0.325999|    0.002226|
|         775|   -9.027355|   -8.476424|    0.325999|    0.002226|
|         776|   -9.019254|   -8.469478|    0.325998|    0.002226|
|         777|   -9.011850|   -8.462931|    0.325998|    0.002226|
|         778|   -9.005304|   -8.456987|    0.325998|    0.002226|
|         779|   -8.999728|   -8.451837|    0.325998|    0.002226|
|         780|   -8.995232|   -8.447664|    0.325998|    0.002226|
|         781|   -8.991879|   -8.444562|    0.325998|    0.002226|
|         782|   -8.989675|   -8.442532|    0.325998|    0.002226|
|         783|   -8.988605|   -8.441550|    0.325998|    0.002226|
|         784|   -8.988664|   -8.441609|    0.325998|    0.002226|
|         785|   -8.989849|   -8.442718|    0.325997|    0.002226|
|         786|   -8.992159|   -8.444886|    0.325997|    0.002226|
|         787|   -8.995587|   -8.448122|    0.325997|    0.002226|
|         788|   -9.000129|   -8.452434|    0.325997|    0.002226|
|         789|   -9.005775|   -8.457821|    0.325997|    0.002226|
|         790|   -9.012513|   -8.464279|    0.325997|    0.002226|
|         791|   -9.020326|   -8.471796|    0.325997|    0.002226|
|         792|   -9.029196|   -8.480357|    0.325997|    0.002226|
|         793|   -9.039100|   -8.489946|    0.325997|    0.002226|
|         794|   -9.050017|   -8.500542|    0.325997|    0.002226|
|         795|   -9.061923|   -8.512126|    0.325997|    0.002226|
|         796|   -9.074796|   -8.524679|    0.325997|    0.002226|
|         797|   -9.088614|   -8.538182|    0.325997|    0.002226|
|         798|   -9.103356|   -8.552613|    0.325997|    0.002226|
|         799|   -9.119001|   -8.567953|    0.325997|    0.002226|
|         800|   -9.135528|   -8.584180|    0.325997|    0.002226|
|         801|   -9.152918|   -8.601273|    0.325997|    0.002226|
+-----------------------------------------------------------------------+
|Fixed CL Mode                           |Value                         |
+-----------------------------------------------------------------------+
|Current CL                              |0.325997                      |
|Target CL                               |0.326                         |
|Previous AOA                            |0.655793                      |
|Changed AoA by                          |1.59671e-05                   |
+-----------------------------------------------------------------------+
+----------------------------------------------------------------+
|  Inner_Iter|    rms[Rho]|   rms[RhoE]|          CL|          CD|
+----------------------------------------------------------------+
|         802|   -7.608637|   -7.001996|    0.325997|    0.002226|
|         803|   -7.905661|   -7.295197|    0.325997|    0.002226|
|         804|   -8.147478|   -7.554062|    0.325997|    0.002226|
|         805|   -8.345258|   -7.735348|    0.325998|    0.002226|
|         806|   -8.505674|   -7.907668|    0.325999|    0.002226|
|         807|   -8.600051|   -8.003405|    0.325999|    0.002226|
|         808|   -8.730903|   -8.131932|    0.325999|    0.002226|
|         809|   -8.760887|   -8.160157|    0.325999|    0.002226|
|         810|   -8.813417|   -8.211151|    0.325999|    0.002226|
|         811|   -8.928391|   -8.332390|    0.325999|    0.002226|
|         812|   -9.004302|   -8.416759|    0.326000|    0.002226|
|         813|   -9.031577|   -8.442383|    0.326000|    0.002226|
|         814|   -9.088612|   -8.499807|    0.326000|    0.002226|
|         815|   -9.163094|   -8.581503|    0.326000|    0.002226|
|         816|   -9.207423|   -8.632605|    0.326000|    0.002226|
|         817|   -9.231935|   -8.659358|    0.326000|    0.002226|
|         818|   -9.252402|   -8.681297|    0.326000|    0.002226|
|         819|   -9.265886|   -8.697526|    0.326000|    0.002226|
|         820|   -9.272614|   -8.708077|    0.326000|    0.002226|
|         821|   -9.275360|   -8.714947|    0.326001|    0.002226|
|         822|   -9.274162|   -8.717335|    0.326001|    0.002226|
|         823|   -9.268978|   -8.714747|    0.326001|    0.002226|
|         824|   -9.261334|   -8.708949|    0.326001|    0.002226|
|         825|   -9.252960|   -8.702028|    0.326001|    0.002226|
|         826|   -9.244859|   -8.695084|    0.326001|    0.002226|
|         827|   -9.237456|   -8.688537|    0.326001|    0.002226|
|         828|   -9.230911|   -8.682593|    0.326001|    0.002226|
|         829|   -9.225335|   -8.677444|    0.326001|    0.002226|
|         830|   -9.220838|   -8.673271|    0.326001|    0.002226|
|         831|   -9.217485|   -8.670168|    0.326001|    0.002226|
|         832|   -9.215280|   -8.668137|    0.326001|    0.002226|
|         833|   -9.214209|   -8.667154|    0.326001|    0.002226|
|         834|   -9.214267|   -8.667212|    0.326001|    0.002226|
|         835|   -9.215450|   -8.668319|    0.326002|    0.002226|
|         836|   -9.217758|   -8.670486|    0.326002|    0.002226|
|         837|   -9.221185|   -8.673721|    0.326002|    0.002226|
|         838|   -9.225725|   -8.678030|    0.326002|    0.002226|
|         839|   -9.231369|   -8.683415|    0.326002|    0.002226|
|         840|   -9.238106|   -8.689871|    0.326002|    0.002226|
|         841|   -9.245917|   -8.697386|    0.326002|    0.002226|
|         842|   -9.254785|   -8.705946|    0.326002|    0.002226|
|         843|   -9.264687|   -8.715533|    0.326002|    0.002226|
|         844|   -9.275602|   -8.726127|    0.326002|    0.002226|
|         845|   -9.287506|   -8.737710|    0.326002|    0.002226|
|         846|   -9.300378|   -8.750261|    0.326002|    0.002226|
|         847|   -9.314194|   -8.763762|    0.326002|    0.002226|
|         848|   -9.328935|   -8.778192|    0.326002|    0.002226|
|         849|   -9.344579|   -8.793530|    0.326002|    0.002226|
|         850|   -9.361105|   -8.809756|    0.326002|    0.002226|
|         851|   -9.378494|   -8.826848|    0.326002|    0.002226|
+-----------------------------------------------------------------------+
|Fixed CL Mode                           |Value                         |
+-----------------------------------------------------------------------+
|Current CL                              |0.326002                      |
|Target CL                               |0.326                         |
|Previous AOA                            |0.655809                      |
|Changed AoA by                          |-9.49787e-06                  |
+-----------------------------------------------------------------------+
+----------------------------------------------------------------+
|  Inner_Iter|    rms[Rho]|   rms[RhoE]|          CL|          CD|
+----------------------------------------------------------------+
|         852|   -7.834238|   -7.227597|    0.326002|    0.002226|
|         853|   -8.131262|   -7.520798|    0.326002|    0.002226|
|         854|   -8.373079|   -7.779663|    0.326002|    0.002226|
|         855|   -8.570859|   -7.960949|    0.326001|    0.002226|
|         856|   -8.731274|   -8.133268|    0.326001|    0.002226|
|         857|   -8.825651|   -8.229005|    0.326001|    0.002226|
|         858|   -8.956502|   -8.357531|    0.326001|    0.002226|
|         859|   -8.986486|   -8.385756|    0.326001|    0.002226|
|         860|   -9.039016|   -8.436750|    0.326000|    0.002226|
|         861|   -9.153989|   -8.557988|    0.326000|    0.002226|
|         862|   -9.229900|   -8.642357|    0.326000|    0.002226|
|         863|   -9.257175|   -8.667981|    0.326000|    0.002226|
|         864|   -9.314210|   -8.725405|    0.326000|    0.002226|
|         865|   -9.388692|   -8.807101|    0.326000|    0.002226|
|         866|   -9.433021|   -8.858203|    0.326000|    0.002226|
|         867|   -9.457533|   -8.884956|    0.326000|    0.002226|
|         868|   -9.478000|   -8.906896|    0.326000|    0.002226|
|         869|   -9.491484|   -8.923124|    0.326000|    0.002226|
|         870|   -9.498211|   -8.933674|    0.326000|    0.002226|
|         871|   -9.500956|   -8.940543|    0.326000|    0.002226|
|         872|   -9.499757|   -8.942930|    0.326000|    0.002226|
|         873|   -9.494571|   -8.940340|    0.326000|    0.002226|
|         874|   -9.486926|   -8.934541|    0.326000|    0.002226|
|         875|   -9.478551|   -8.927619|    0.325999|    0.002226|
|         876|   -9.470450|   -8.920674|    0.325999|    0.002226|
|         877|   -9.463046|   -8.914127|    0.325999|    0.002226|
|         878|   -9.456500|   -8.908183|    0.325999|    0.002226|
|         879|   -9.450924|   -8.903034|    0.325999|    0.002226|
|         880|   -9.446428|   -8.898861|    0.325999|    0.002226|
|         881|   -9.443075|   -8.895758|    0.325999|    0.002226|
|         882|   -9.440870|   -8.893728|    0.325999|    0.002226|
|         883|   -9.439801|   -8.892745|    0.325999|    0.002226|
|         884|   -9.439859|   -8.892804|    0.325999|    0.002226|
|         885|   -9.441044|   -8.893912|    0.325999|    0.002226|
|         886|   -9.443352|   -8.896080|    0.325999|    0.002226|
|         887|   -9.446780|   -8.899316|    0.325999|    0.002226|
|         888|   -9.451321|   -8.903626|    0.325999|    0.002226|
|         889|   -9.456967|   -8.909013|    0.325999|    0.002226|
|         890|   -9.463704|   -8.915469|    0.325999|    0.002226|
|         891|   -9.471516|   -8.922986|    0.325999|    0.002226|
|         892|   -9.480385|   -8.931547|    0.325999|    0.002226|
|         893|   -9.490289|   -8.941134|    0.325999|    0.002226|
|         894|   -9.501205|   -8.951730|    0.325999|    0.002226|
|         895|   -9.513110|   -8.963313|    0.325999|    0.002226|
|         896|   -9.525982|   -8.975866|    0.325999|    0.002226|
|         897|   -9.539800|   -8.989367|    0.325999|    0.002226|
|         898|   -9.554541|   -9.003798|    0.325999|    0.002226|
|         899|   -9.570186|   -9.019137|    0.325999|    0.002226|
|         900|   -9.586713|   -9.035364|    0.325999|    0.002226|
|         901|   -9.604102|   -9.052457|    0.325999|    0.002226|
+-----------------------------------------------------------------------+
|Fixed CL Mode                           |Value                         |
+-----------------------------------------------------------------------+
|Current CL                              |0.325999                      |
|Target CL                               |0.326                         |
|Previous AOA                            |0.655799                      |
|Changed AoA by                          |5.6498e-06                    |
+-----------------------------------------------------------------------+
+----------------------------------------------------------------+
|  Inner_Iter|    rms[Rho]|   rms[RhoE]|          CL|          CD|
+----------------------------------------------------------------+
|         902|   -8.059831|   -7.453190|    0.325999|    0.002226|
|         903|   -8.356856|   -7.746391|    0.325999|    0.002226|
|         904|   -8.598672|   -8.005256|    0.325999|    0.002226|
|         905|   -8.796452|   -8.186542|    0.325999|    0.002226|
|         906|   -8.956868|   -8.358862|    0.326000|    0.002226|
|         907|   -9.051245|   -8.454599|    0.326000|    0.002226|
|         908|   -9.182096|   -8.583125|    0.326000|    0.002226|
|         909|   -9.212080|   -8.611350|    0.326000|    0.002226|
|         910|   -9.264611|   -8.662345|    0.326000|    0.002226|
|         911|   -9.379584|   -8.783583|    0.326000|    0.002226|
|         912|   -9.455495|   -8.867952|    0.326000|    0.002226|
|         913|   -9.482770|   -8.893576|    0.326000|    0.002226|
|         914|   -9.539805|   -8.951000|    0.326000|    0.002226|
|         915|   -9.614287|   -9.032696|    0.326000|    0.002226|
|         916|   -9.658616|   -9.083798|    0.326000|    0.002226|
|         917|   -9.683128|   -9.110551|    0.326000|    0.002226|
|         918|   -9.703595|   -9.132490|    0.326000|    0.002226|
|         919|   -9.717079|   -9.148719|    0.326000|    0.002226|
|         920|   -9.723807|   -9.159270|    0.326000|    0.002226|
|         921|   -9.726552|   -9.166139|    0.326000|    0.002226|
|         922|   -9.725354|   -9.168527|    0.326000|    0.002226|
|         923|   -9.720169|   -9.165938|    0.326000|    0.002226|
|         924|   -9.712525|   -9.160140|    0.326000|    0.002226|
|         925|   -9.704150|   -9.153218|    0.326000|    0.002226|
|         926|   -9.696049|   -9.146274|    0.326000|    0.002226|
|         927|   -9.688646|   -9.139727|    0.326000|    0.002226|
|         928|   -9.682100|   -9.133783|    0.326000|    0.002226|
|         929|   -9.676524|   -9.128634|    0.326000|    0.002226|
|         930|   -9.672028|   -9.124461|    0.326000|    0.002226|
|         931|   -9.668675|   -9.121358|    0.326000|    0.002226|
|         932|   -9.666470|   -9.119327|    0.326000|    0.002226|
|         933|   -9.665399|   -9.118344|    0.326001|    0.002226|
|         934|   -9.665457|   -9.118403|    0.326001|    0.002226|
|         935|   -9.666641|   -9.119510|    0.326001|    0.002226|
|         936|   -9.668949|   -9.121677|    0.326001|    0.002226|
|         937|   -9.672377|   -9.124912|    0.326001|    0.002226|
|         938|   -9.676917|   -9.129222|    0.326001|    0.002226|
|         939|   -9.682562|   -9.134608|    0.326001|    0.002226|
|         940|   -9.689299|   -9.141064|    0.326001|    0.002226|
|         941|   -9.697111|   -9.148580|    0.326001|    0.002226|
|         942|   -9.705979|   -9.157140|    0.326001|    0.002226|
|         943|   -9.715882|   -9.166727|    0.326001|    0.002226|
|         944|   -9.726797|   -9.177322|    0.326001|    0.002226|
|         945|   -9.738702|   -9.188905|    0.326001|    0.002226|
|         946|   -9.751573|   -9.201457|    0.326001|    0.002226|
|         947|   -9.765390|   -9.214958|    0.326001|    0.002226|
|         948|   -9.780131|   -9.229388|    0.326001|    0.002226|
|         949|   -9.795775|   -9.244727|    0.326001|    0.002226|
|         950|   -9.812302|   -9.260953|    0.326001|    0.002226|
|         951|   -9.829691|   -9.278045|    0.326001|    0.002226|
+-----------------------------------------------------------------------+
|Fixed CL Mode                           |Value                         |
+-----------------------------------------------------------------------+
|Current CL                              |0.326001                      |
|Target CL                               |0.326                         |
|Previous AOA                            |0.655805                      |
|Changed AoA by                          |-3.36074e-06                  |
+-----------------------------------------------------------------------+
+----------------------------------------------------------------+
|  Inner_Iter|    rms[Rho]|   rms[RhoE]|          CL|          CD|
+----------------------------------------------------------------+
|         952|   -8.285429|   -7.678788|    0.326001|    0.002226|
|         953|   -8.582453|   -7.971989|    0.326001|    0.002226|
|         954|   -8.824270|   -8.230854|    0.326001|    0.002226|
|         955|   -9.022050|   -8.412140|    0.326000|    0.002226|
|         956|   -9.182465|   -8.584460|    0.326000|    0.002226|
|         957|   -9.276842|   -8.680196|    0.326000|    0.002226|
|         958|   -9.407693|   -8.808722|    0.326000|    0.002226|
|         959|   -9.437677|   -8.836947|    0.326000|    0.002226|
|         960|   -9.490208|   -8.887942|    0.326000|    0.002226|
|         961|   -9.605181|   -9.009180|    0.326000|    0.002226|
|         962|   -9.681091|   -9.093549|    0.326000|    0.002226|
|         963|   -9.708367|   -9.119173|    0.326000|    0.002226|
|         964|   -9.765402|   -9.176597|    0.326000|    0.002226|
|         965|   -9.839884|   -9.258293|    0.326000|    0.002226|
|         966|   -9.884212|   -9.309395|    0.326000|    0.002226|
|         967|   -9.908725|   -9.336148|    0.326000|    0.002226|
|         968|   -9.929192|   -9.358087|    0.326000|    0.002226|
|         969|   -9.942675|   -9.374316|    0.326000|    0.002226|
|         970|   -9.949403|   -9.384866|    0.326000|    0.002226|
|         971|   -9.952148|   -9.391735|    0.326000|    0.002226|
|         972|   -9.950950|   -9.394123|    0.326000|    0.002226|
|         973|   -9.945764|   -9.391533|    0.326000|    0.002226|
|         974|   -9.938120|   -9.385735|    0.326000|    0.002226|
|         975|   -9.929744|   -9.378812|    0.326000|    0.002226|
|         976|   -9.921643|   -9.371868|    0.326000|    0.002226|
|         977|   -9.914240|   -9.365321|    0.326000|    0.002226|
|         978|   -9.907694|   -9.359377|    0.326000|    0.002226|
|         979|   -9.902118|   -9.354228|    0.326000|    0.002226|
|         980|   -9.897622|   -9.350054|    0.326000|    0.002226|
|         981|   -9.894269|   -9.346952|    0.326000|    0.002226|
|         982|   -9.892064|   -9.344921|    0.326000|    0.002226|
|         983|   -9.890994|   -9.343939|    0.326000|    0.002226|
|         984|   -9.891052|   -9.343997|    0.326000|    0.002226|
|         985|   -9.892236|   -9.345105|    0.326000|    0.002226|
|         986|   -9.894545|   -9.347272|    0.326000|    0.002226|
|         987|   -9.897973|   -9.350508|    0.326000|    0.002226|
|         988|   -9.902513|   -9.354818|    0.326000|    0.002226|
|         989|   -9.908159|   -9.360204|    0.326000|    0.002226|
|         990|   -9.914896|   -9.366661|    0.326000|    0.002226|
|         991|   -9.922708|   -9.374177|    0.326000|    0.002226|
|         992|   -9.931576|   -9.382738|    0.326000|    0.002226|
|         993|   -9.941480|   -9.392325|    0.326000|    0.002226|
|         994|   -9.952395|   -9.402920|    0.326000|    0.002226|
|         995|   -9.964300|   -9.414504|    0.326000|    0.002226|
|         996|   -9.977172|   -9.427056|    0.326000|    0.002226|
|         997|   -9.990990|   -9.440557|    0.326000|    0.002226|
|         998|  -10.005731|   -9.454988|    0.326000|    0.002226|
|         999|  -10.021375|   -9.470327|    0.326000|    0.002226|
|        1000|  -10.037902|   -9.486553|    0.326000|    0.002226|
+-----------------------------------------------------------------------+
|      Convergence Field     |     Value    |   Criterion  |  Converged |
+-----------------------------------------------------------------------+
|                    rms[Rho]|      -10.0379|         < -13|          No|
+-----------------------------------------------------------------------+
+-----------------------------------------------------------------------+
|        File Writing Summary       |              Filename             |
+-----------------------------------------------------------------------+
|SU2 binary restart                 |restart_flow.dat                   |
Writing Flow Meta-Data file: flow.meta
|Paraview                           |flow.vtu                           |
Writing Flow Meta-Data file: flow.meta
|Paraview surface                   |surface_flow.vtu                   |
Writing Flow Meta-Data file: flow.meta
|CSV file                           |surface_flow.csv                   |
Writing Flow Meta-Data file: flow.meta
+-----------------------------------------------------------------------+
+----------------------------------------------------------------+
|  Inner_Iter|    rms[Rho]|   rms[RhoE]|          CL|          CD|
+----------------------------------------------------------------+
|        1001|  -10.055291|   -9.503646|    0.326000|    0.002231|
+-----------------------------------------------------------------------+
|Fixed CL Mode                           |Value                         |
+-----------------------------------------------------------------------+
|Current CL                              |0.326                         |
|Target CL                               |0.326                         |
|Previous AOA                            |0.655802                      |
|Changed AoA by (Finite Difference step) |0.001                         |
+-----------------------------------------------------------------------+
+----------------------------------------------------------------+
|  Inner_Iter|    rms[Rho]|   rms[RhoE]|          CL|          CD|
+----------------------------------------------------------------+
|        1002|   -5.812068|   -5.205355|    0.326000|    0.002231|
|        1003|   -6.109414|   -5.498883|    0.326007|    0.002231|
|        1004|   -6.352476|   -5.758881|    0.326036|    0.002232|
|        1005|   -6.551799|   -5.941111|    0.326081|    0.002233|
|        1006|   -6.715173|   -6.115873|    0.326120|    0.002233|
|        1007|   -6.812505|   -6.214180|    0.326143|    0.002233|
|        1008|   -6.949372|   -6.347721|    0.326150|    0.002234|
|        1009|   -6.978931|   -6.375624|    0.326151|    0.002234|
|        1010|   -7.032030|   -6.427071|    0.326157|    0.002234|
|        1011|   -7.152309|   -6.553341|    0.326167|    0.002234|
|        1012|   -7.230000|   -6.640464|    0.326176|    0.002235|
|        1013|   -7.253215|   -6.662848|    0.326185|    0.002235|
|        1014|   -7.307366|   -6.718275|    0.326192|    0.002235|
|        1015|   -7.376934|   -6.796476|    0.326199|    0.002235|
|        1016|   -7.412027|   -6.839359|    0.326205|    0.002235|
|        1017|   -7.426863|   -6.857089|    0.326211|    0.002235|
|        1018|   -7.438388|   -6.870849|    0.326216|    0.002235|
|        1019|   -7.444386|   -6.880056|    0.326222|    0.002235|
|        1020|   -7.445575|   -6.884915|    0.326227|    0.002235|
|        1021|   -7.444621|   -6.887419|    0.326232|    0.002235|
|        1022|   -7.441707|   -6.887221|    0.326237|    0.002235|
|        1023|   -7.436802|   -6.884124|    0.326241|    0.002235|
|        1024|   -7.430993|   -6.879550|    0.326246|    0.002235|
|        1025|   -7.425450|   -6.875002|    0.326250|    0.002234|
|        1026|   -7.420768|   -6.871129|    0.326255|    0.002234|
|        1027|   -7.417113|   -6.868066|    0.326259|    0.002234|
|        1028|   -7.414492|   -6.865846|    0.326263|    0.002234|
|        1029|   -7.412913|   -6.864541|    0.326267|    0.002234|
|        1030|   -7.412409|   -6.864247|    0.326270|    0.002234|
|        1031|   -7.412987|   -6.864997|    0.326274|    0.002234|
|        1032|   -7.414614|   -6.866749|    0.326277|    0.002234|
|        1033|   -7.417249|   -6.869445|    0.326280|    0.002234|
|        1034|   -7.420869|   -6.873057|    0.326283|    0.002234|
|        1035|   -7.425466|   -6.877580|    0.326286|    0.002234|
|        1036|   -7.431036|   -6.883019|    0.326288|    0.002234|
|        1037|   -7.437578|   -6.889384|    0.326290|    0.002234|
|        1038|   -7.445091|   -6.896685|    0.326293|    0.002234|
|        1039|   -7.453576|   -6.904931|    0.326294|    0.002234|
|        1040|   -7.463028|   -6.914124|    0.326296|    0.002234|
|        1041|   -7.473439|   -6.924260|    0.326298|    0.002234|
|        1042|   -7.484797|   -6.935330|    0.326299|    0.002234|
|        1043|   -7.497086|   -6.947322|    0.326300|    0.002234|
|        1044|   -7.510289|   -6.960221|    0.326302|    0.002234|
|        1045|   -7.524387|   -6.974011|    0.326303|    0.002234|
|        1046|   -7.539359|   -6.988673|    0.326304|    0.002234|
|        1047|   -7.555186|   -7.004192|    0.326304|    0.002234|
|        1048|   -7.571851|   -7.020550|    0.326305|    0.002234|
|        1049|   -7.589335|   -7.037730|    0.326306|    0.002234|
|        1050|   -7.607620|   -7.055715|    0.326306|    0.002234|
|        1051|   -7.626687|   -7.074486|    0.326307|    0.002234|
|        1052|   -7.646520|   -7.094024|    0.326307|    0.002234|
|        1053|   -7.667100|   -7.114311|    0.326308|    0.002234|
|        1054|   -7.688412|   -7.135328|    0.326308|    0.002234|
|        1055|   -7.710441|   -7.157062|    0.326308|    0.002234|
|        1056|   -7.733175|   -7.179499|    0.326308|    0.002234|
|        1057|   -7.756609|   -7.202635|    0.326309|    0.002234|
|        1058|   -7.780740|   -7.226469|    0.326309|    0.002234|
|        1059|   -7.805574|   -7.251008|    0.326309|    0.002234|
|        1060|   -7.831119|   -7.276265|    0.326309|    0.002234|
|        1061|   -7.857391|   -7.302258|    0.326309|    0.002234|
|        1062|   -7.884406|   -7.329008|    0.326309|    0.002234|
|        1063|   -7.912185|   -7.356538|    0.326309|    0.002234|
|        1064|   -7.940750|   -7.384869|    0.326308|    0.002234|
|        1065|   -7.970122|   -7.414021|    0.326308|    0.002234|
|        1066|   -8.000316|   -7.444007|    0.326308|    0.002234|
|        1067|   -8.031344|   -7.474834|    0.326308|    0.002234|
|        1068|   -8.063210|   -7.506498|    0.326308|    0.002234|
|        1069|   -8.095906|   -7.538983|    0.326307|    0.002234|
|        1070|   -8.129414|   -7.572263|    0.326307|    0.002234|
|        1071|   -8.163703|   -7.606303|    0.326307|    0.002234|
|        1072|   -8.198730|   -7.641056|    0.326307|    0.002234|
|        1073|   -8.234443|   -7.676470|    0.326306|    0.002234|
|        1074|   -8.270774|   -7.712482|    0.326306|    0.002234|
|        1075|   -8.307639|   -7.749019|    0.326306|    0.002234|
|        1076|   -8.344937|   -7.785997|    0.326305|    0.002234|
|        1077|   -8.382537|   -7.823308|    0.326305|    0.002234|
|        1078|   -8.420272|   -7.860815|    0.326305|    0.002234|
|        1079|   -8.457927|   -7.898335|    0.326305|    0.002234|
|        1080|   -8.495222|   -7.935622|    0.326305|    0.002234|
|        1081|   -8.531811|   -7.972363|    0.326304|    0.002234|
|        1082|   -8.567277|   -8.008163|    0.326304|    0.002234|
|        1083|   -8.601140|   -8.042557|    0.326304|    0.002234|
|        1084|   -8.632890|   -8.075030|    0.326304|    0.002234|
|        1085|   -8.662031|   -8.105062|    0.326304|    0.002234|
|        1086|   -8.688145|   -8.132191|    0.326303|    0.002234|
|        1087|   -8.710958|   -8.156083|    0.326303|    0.002234|
|        1088|   -8.730389|   -8.176592|    0.326303|    0.002234|
|        1089|   -8.746568|   -8.193790|    0.326303|    0.002234|
|        1090|   -8.759820|   -8.207953|    0.326303|    0.002234|
|        1091|   -8.770606|   -8.219522|    0.326303|    0.002234|
|        1092|   -8.779464|   -8.229024|    0.326303|    0.002234|
|        1093|   -8.786944|   -8.237016|    0.326303|    0.002234|
|        1094|   -8.793549|   -8.244016|    0.326303|    0.002234|
|        1095|   -8.799725|   -8.250482|    0.326303|    0.002234|
|        1096|   -8.805838|   -8.256796|    0.326303|    0.002234|
|        1097|   -8.812183|   -8.263261|    0.326303|    0.002234|
|        1098|   -8.818986|   -8.270113|    0.326303|    0.002234|
|        1099|   -8.826421|   -8.277531|    0.326302|    0.002234|
|        1100|   -8.834619|   -8.285652|    0.326302|    0.002234|
|        1101|   -8.843678|   -8.294582|    0.326302|    0.002234|
|        1102|   -8.853679|   -8.304404|    0.326302|    0.002234|
|        1103|   -8.864682|   -8.315187|    0.326302|    0.002234|
|        1104|   -8.876740|   -8.326992|    0.326302|    0.002234|
|        1105|   -8.889898|   -8.339869|    0.326302|    0.002234|
|        1106|   -8.904195|   -8.353864|    0.326303|    0.002234|
|        1107|   -8.919664|   -8.369017|    0.326303|    0.002234|
|        1108|   -8.936337|   -8.385363|    0.326303|    0.002234|
|        1109|   -8.954239|   -8.402930|    0.326303|    0.002234|
|        1110|   -8.973391|   -8.421741|    0.326303|    0.002234|
|        1111|   -8.993810|   -8.441811|    0.326303|    0.002234|
|        1112|   -9.015504|   -8.463149|    0.326303|    0.002234|
|        1113|   -9.038475|   -8.485753|    0.326303|    0.002234|
|        1114|   -9.062719|   -8.509617|    0.326303|    0.002234|
|        1115|   -9.088222|   -8.534724|    0.326303|    0.002234|
|        1116|   -9.114958|   -8.561045|    0.326303|    0.002234|
|        1117|   -9.142889|   -8.588542|    0.326303|    0.002234|
|        1118|   -9.171957|   -8.617155|    0.326303|    0.002234|
|        1119|   -9.202079|   -8.646805|    0.326303|    0.002234|
|        1120|   -9.233137|   -8.677377|    0.326303|    0.002234|
|        1121|   -9.264963|   -8.708717|    0.326303|    0.002234|
|        1122|   -9.297326|   -8.740608|    0.326303|    0.002234|
|        1123|   -9.329912|   -8.772759|    0.326303|    0.002234|
|        1124|   -9.362313|   -8.804793|    0.326303|    0.002234|
|        1125|   -9.393999|   -8.836219|    0.326304|    0.002234|
|        1126|   -9.424324|   -8.866437|    0.326304|    0.002234|
|        1127|   -9.452542|   -8.894749|    0.326304|    0.002234|
|        1128|   -9.477863|   -8.920406|    0.326304|    0.002234|
|        1129|   -9.499540|   -8.942687|    0.326304|    0.002234|
|        1130|   -9.516989|   -8.960996|    0.326304|    0.002234|
|        1131|   -9.529900|   -8.974976|    0.326304|    0.002234|
|        1132|   -9.538301|   -8.984573|    0.326304|    0.002234|
|        1133|   -9.542557|   -8.990057|    0.326304|    0.002234|
|        1134|   -9.543292|   -8.991959|    0.326304|    0.002234|
|        1135|   -9.541275|   -8.990978|    0.326304|    0.002234|
|        1136|   -9.537303|   -8.987874|    0.326304|    0.002234|
|        1137|   -9.532117|   -8.983375|    0.326304|    0.002234|
|        1138|   -9.526353|   -8.978125|    0.326304|    0.002234|
|        1139|   -9.520528|   -8.972658|    0.326304|    0.002234|
|        1140|   -9.515039|   -8.967396|    0.326304|    0.002234|
|        1141|   -9.510186|   -8.962661|    0.326304|    0.002234|
|        1142|   -9.506183|   -8.958687|    0.326304|    0.002234|
|        1143|   -9.503180|   -8.955643|    0.326304|    0.002234|
|        1144|   -9.501279|   -8.953645|    0.326304|    0.002234|
|        1145|   -9.500541|   -8.952767|    0.326304|    0.002234|
|        1146|   -9.501006|   -8.953057|    0.326304|    0.002234|
|        1147|   -9.502689|   -8.954539|    0.326304|    0.002234|
|        1148|   -9.505594|   -8.957222|    0.326304|    0.002234|
|        1149|   -9.509715|   -8.961104|    0.326304|    0.002234|
|        1150|   -9.515038|   -8.966176|    0.326304|    0.002234|
|        1151|   -9.521545|   -8.972423|    0.326305|    0.002234|
|        1152|   -9.529216|   -8.979825|    0.326305|    0.002234|
|        1153|   -9.538026|   -8.988362|    0.326305|    0.002234|
|        1154|   -9.547953|   -8.998012|    0.326305|    0.002234|
|        1155|   -9.558971|   -9.008750|    0.326305|    0.002234|
|        1156|   -9.571056|   -9.020554|    0.326305|    0.002234|
|        1157|   -9.584182|   -9.033400|    0.326305|    0.002234|
|        1158|   -9.598326|   -9.047263|    0.326305|    0.002234|
|        1159|   -9.613463|   -9.062121|    0.326305|    0.002234|
|        1160|   -9.629570|   -9.077950|    0.326305|    0.002234|
|        1161|   -9.646622|   -9.094728|    0.326305|    0.002234|
|        1162|   -9.664597|   -9.112432|    0.326305|    0.002234|
|        1163|   -9.683472|   -9.131040|    0.326305|    0.002234|
|        1164|   -9.703227|   -9.150530|    0.326305|    0.002234|
|        1165|   -9.723839|   -9.170881|    0.326305|    0.002234|
|        1166|   -9.745288|   -9.192074|    0.326305|    0.002234|
|        1167|   -9.767554|   -9.214088|    0.326305|    0.002234|
|        1168|   -9.790621|   -9.236905|    0.326305|    0.002234|
|        1169|   -9.814469|   -9.260508|    0.326305|    0.002234|
|        1170|   -9.839084|   -9.284880|    0.326305|    0.002234|
|        1171|   -9.864451|   -9.310007|    0.326305|    0.002234|
|        1172|   -9.890559|   -9.335876|    0.326305|    0.002234|
|        1173|   -9.917396|   -9.362476|    0.326305|    0.002234|
|        1174|   -9.944956|   -9.389799|    0.326305|    0.002234|
|        1175|   -9.973234|   -9.417837|    0.326305|    0.002234|
|        1176|  -10.002226|   -9.446589|    0.326305|    0.002234|
|        1177|  -10.031935|   -9.476053|    0.326305|    0.002234|
|        1178|  -10.062365|   -9.506234|    0.326305|    0.002234|
|        1179|  -10.093527|   -9.537138|    0.326305|    0.002234|
|        1180|  -10.125432|   -9.568778|    0.326305|    0.002234|
|        1181|  -10.158100|   -9.601170|    0.326305|    0.002234|
|        1182|  -10.191551|   -9.634332|    0.326305|    0.002234|
|        1183|  -10.225811|   -9.668287|    0.326305|    0.002234|
|        1184|  -10.260907|   -9.703059|    0.326305|    0.002234|
|        1185|  -10.296868|   -9.738675|    0.326305|    0.002234|
|        1186|  -10.333723|   -9.775163|    0.326305|    0.002234|
|        1187|  -10.371500|   -9.812550|    0.326305|    0.002234|
|        1188|  -10.410222|   -9.850859|    0.326305|    0.002234|
|        1189|  -10.449904|   -9.890104|    0.326305|    0.002234|
|        1190|  -10.490543|   -9.930287|    0.326305|    0.002234|
|        1191|  -10.532112|   -9.971386|    0.326305|    0.002234|
|        1192|  -10.574544|  -10.013345|    0.326305|    0.002234|
|        1193|  -10.617717|  -10.056055|    0.326305|    0.002234|
|        1194|  -10.661424|  -10.099334|    0.326305|    0.002234|
|        1195|  -10.705351|  -10.142900|    0.326305|    0.002234|
|        1196|  -10.749039|  -10.186342|    0.326305|    0.002234|
|        1197|  -10.791856|  -10.229091|    0.326305|    0.002234|
|        1198|  -10.832982|  -10.270403|    0.326305|    0.002234|
|        1199|  -10.871435|  -10.309374|    0.326305|    0.002234|
|        1200|  -10.906149|  -10.344997|    0.326305|    0.002234|
|        1201|  -10.936130|  -10.376293|    0.326305|    0.002234|
|        1202|  -10.960666|  -10.402488|    0.326305|    0.002234|
|        1203|  -10.979500|  -10.423193|    0.326305|    0.002234|
|        1204|  -10.992914|  -10.438513|    0.326305|    0.002234|
|        1205|  -11.001655|  -10.449023|    0.326305|    0.002234|
|        1206|  -11.006761|  -10.455639|    0.326305|    0.002234|
|        1207|  -11.009361|  -10.459428|    0.326305|    0.002234|
|        1208|  -11.010513|  -10.461444|    0.326305|    0.002234|
|        1209|  -11.011118|  -10.462616|    0.326305|    0.002234|
|        1210|  -11.011888|  -10.463703|    0.326305|    0.002234|
|        1211|  -11.013361|  -10.465290|    0.326305|    0.002234|
|        1212|  -11.015923|  -10.467808|    0.326305|    0.002234|
|        1213|  -11.019846|  -10.471564|    0.326305|    0.002234|
|        1214|  -11.025314|  -10.476770|    0.326305|    0.002234|
|        1215|  -11.032447|  -10.483569|    0.326305|    0.002234|
|        1216|  -11.041323|  -10.492054|    0.326305|    0.002234|
|        1217|  -11.051990|  -10.502285|    0.326305|    0.002234|
|        1218|  -11.064475|  -10.514297|    0.326305|    0.002234|
|        1219|  -11.078792|  -10.528111|    0.326305|    0.002234|
|        1220|  -11.094943|  -10.543732|    0.326305|    0.002234|
|        1221|  -11.112924|  -10.561158|    0.326305|    0.002234|
|        1222|  -11.132721|  -10.580378|    0.326305|    0.002234|
|        1223|  -11.154315|  -10.601373|    0.326305|    0.002234|
|        1224|  -11.177676|  -10.624115|    0.326305|    0.002234|
|        1225|  -11.202768|  -10.648570|    0.326305|    0.002234|
|        1226|  -11.229539|  -10.674690|    0.326305|    0.002234|
|        1227|  -11.257920|  -10.702412|    0.326305|    0.002234|
|        1228|  -11.287818|  -10.731649|    0.326305|    0.002234|
|        1229|  -11.319101|  -10.762281|    0.326305|    0.002234|
|        1230|  -11.351581|  -10.794136|    0.326305|    0.002234|
|        1231|  -11.385000|  -10.826978|    0.326305|    0.002234|
|        1232|  -11.419000|  -10.860476|    0.326305|    0.002234|
|        1233|  -11.453103|  -10.894190|    0.326305|    0.002234|
|        1234|  -11.486693|  -10.927546|    0.326305|    0.002234|
|        1235|  -11.519004|  -10.959829|    0.326305|    0.002234|
|        1236|  -11.549145|  -10.990200|    0.326305|    0.002234|
|        1237|  -11.576158|  -11.017740|    0.326305|    0.002234|
|        1238|  -11.599137|  -11.041557|    0.326305|    0.002234|
|        1239|  -11.617375|  -11.060913|    0.326305|    0.002234|
|        1240|  -11.630507|  -11.075365|    0.326305|    0.002234|
|        1241|  -11.638599|  -11.084865|    0.326305|    0.002234|
|        1242|  -11.642108|  -11.089753|    0.326305|    0.002234|
|        1243|  -11.641793|  -11.090687|    0.326305|    0.002234|
|        1244|  -11.638537|  -11.088490|    0.326305|    0.002234|
|        1245|  -11.633227|  -11.084026|    0.326305|    0.002234|
|        1246|  -11.626647|  -11.078088|    0.326305|    0.002234|
|        1247|  -11.619447|  -11.071349|    0.326305|    0.002234|
|        1248|  -11.612129|  -11.064341|    0.326305|    0.002234|
|        1249|  -11.605063|  -11.057467|    0.326305|    0.002228|
+-----------------------------------------------------------------------+
|Fixed CL Mode (Finite Difference)       |Value                         |
+-----------------------------------------------------------------------+
|Delta CL / Delta AoA                    |0.305018                      |
|Delta CD / Delta CL                     |0.0272089                     |
|Delta CMz / Delta CL                    |0.0961272                     |
+-----------------------------------------------------------------------+
Writing Flow Meta-Data file: flow.meta

----------------------------- Solver Exit -------------------------------

Maximum number of iterations reached (ITER = 1250) before convergence.
+-----------------------------------------------------------------------+
|      Convergence Field     |     Value    |   Criterion  |  Converged |
+-----------------------------------------------------------------------+
|                    rms[Rho]|      -11.6051|         < -13|          No|
+-----------------------------------------------------------------------+
-------------------------------------------------------------------------

--------------------------- Finalizing Solver ---------------------------
Deleted CNumerics container.
Deleted CIntegration container.
Deleted CSolver container.
Deleted CIteration container.
Deleted CInterface container.
Deleted CGeometry container.
Deleted CFreeFormDefBox class.
Deleted CSurfaceMovement class.
Deleted CVolumetricMovement class.
Deleted CConfig container.
Deleted nInst container.
Deleted COutput class.
-------------------------------------------------------------------------

------------------------- Exit Success (SU2_CFD) ------------------------

