"Time_Iter","Outer_Iter","Inner_Iter",    "rms[Rho]"    ,    "rms[RhoU]"   ,    "rms[RhoV]"   ,    "rms[RhoW]"   ,    "rms[RhoE]"   ,     "rms[nu]"    
          0,           0,           0,      -3.992575696,      -13.30255865,               -32,      -13.31049228,      -1.502417719,      -8.875473504
          0,           0,           1,      -4.719139426,      -3.600922341,               -32,      -3.264688263,      -2.220457966,      -9.257717643
          0,           0,           2,      -4.615498301,      -3.698172593,               -32,      -3.715263261,      -2.121310186,      -9.950006524
          0,           0,           3,      -4.734152137,      -3.731682054,               -32,      -3.807428375,      -2.240905838,      -10.16801362
          0,           0,           4,      -4.889653745,      -3.755943561,               -32,      -3.803953386,      -2.400417914,      -10.33553504
          0,           0,           5,      -4.978485198,      -3.796829319,               -32,      -3.866794655,      -2.498974582,      -10.42297892
          0,           0,           6,      -4.997666179,      -3.856717446,               -32,      -3.956890387,      -2.519694554,      -10.46652496
          0,           0,           7,      -4.999554587,      -3.922431085,               -32,      -4.034887409,      -2.519281053,      -10.49833639
          0,           0,           8,      -5.004734472,      -3.964239879,               -32,      -4.058721637,      -2.531392759,       -10.5250432
          0,           0,           9,      -5.014541938,      -3.962988345,               -32,      -4.029049369,      -2.556631427,       -10.5435363
          0,           0,          10,      -5.023832764,      -3.943666747,               -32,      -3.991716393,      -2.582489511,      -10.55136953
          0,           0,          11,      -5.036072263,      -3.943063041,               -32,      -3.981507804,      -2.597285189,      -10.55579184
          0,           0,          12,      -5.060113577,      -3.976067296,               -32,      -4.008171975,      -2.600545492,      -10.56301326
          0,           0,          13,      -5.065363158,      -4.033450501,               -32,      -4.060723096,      -2.599689112,      -10.57085258
          0,           0,          14,      -5.061331999,      -4.085696813,               -32,      -4.108816088,       -2.60156443,      -10.57468659
          0,           0,          15,      -5.081017673,      -4.104709805,               -32,      -4.123104177,      -2.611551103,      -10.57242308
          0,           0,          16,      -5.103857348,      -4.099263198,               -32,      -4.113495029,      -2.630685688,      -10.56610414
          0,           0,          17,      -5.116478322,      -4.098279346,               -32,      -4.110111128,      -2.655375967,      -10.55878145
          0,           0,          18,        -5.1475868,      -4.114491988,               -32,      -4.125017634,      -2.678647845,      -10.55153089
          0,           0,          19,      -5.173581756,      -4.143195871,               -32,      -4.152892643,      -2.696832845,      -10.54405545
          0,           0,          20,      -5.184051863,      -4.173539416,               -32,       -4.18027716,      -2.710975326,      -10.53591328
          0,           0,          21,      -5.201042139,      -4.198854455,               -32,      -4.197836866,      -2.724395248,      -10.52835312
          0,           0,          22,      -5.220592647,        -4.2232001,               -32,      -4.210986334,        -2.7419815,      -10.52200783
          0,           0,          23,      -5.242536975,      -4.255041302,               -32,      -4.230739602,      -2.765982193,      -10.51648209
          0,           0,          24,      -5.271796515,      -4.298216614,               -32,      -4.261787764,      -2.795542347,      -10.51047479
          0,           0,          25,      -5.302407943,      -4.346703986,               -32,      -4.298485542,      -2.827230877,      -10.50233949
          0,           0,          26,      -5.329947136,      -4.385438375,               -32,      -4.328213835,      -2.856289362,      -10.49142461
          0,           0,          27,      -5.351389421,      -4.401740912,               -32,      -4.343044052,      -2.879658125,      -10.47812391
          0,           0,          28,      -5.368473847,      -4.400386998,               -32,      -4.349144171,      -2.898763795,      -10.46339539
          0,           0,          29,      -5.386486032,      -4.397410049,               -32,      -4.359302259,       -2.91832267,      -10.44813285
          0,           0,          30,      -5.410025346,      -4.404160307,               -32,      -4.380934787,      -2.942199712,      -10.43247404
          0,           0,          31,      -5.440113475,      -4.422983207,               -32,      -4.412492719,      -2.970783623,      -10.41638562
          0,           0,          32,      -5.474064313,      -4.449696297,               -32,      -4.445642484,      -3.001398214,      -10.39986191
          0,           0,          33,      -5.507426487,      -4.477261636,               -32,      -4.471588308,      -3.031081921,       -10.3832399
          0,           0,          34,       -5.53807947,      -4.500501519,               -32,      -4.489030271,      -3.059639395,      -10.36696117
          0,           0,          35,      -5.567371019,      -4.519479849,               -32,      -4.504764454,      -3.089722285,       -10.3513741
          0,           0,          36,      -5.596924789,      -4.537926493,               -32,      -4.526166972,      -3.123730274,      -10.33657722
          0,           0,          37,      -5.627631186,      -4.558804303,               -32,      -4.554938635,      -3.161024737,      -10.32244883
          0,           0,          38,      -5.659099305,      -4.581502795,               -32,      -4.586129306,      -3.197892597,      -10.30868445
          0,           0,          39,      -5.689905869,      -4.602158926,               -32,      -4.612039259,      -3.230645087,        -10.295031
          0,           0,          40,      -5.720837161,      -4.616201545,               -32,      -4.629266831,      -3.259242034,      -10.28128163
          0,           0,          41,      -5.754371859,      -4.621647008,               -32,      -4.642440973,      -3.287990409,      -10.26738694
          0,           0,          42,      -5.792387722,      -4.620138667,               -32,      -4.659064253,        -3.3222266,      -10.25332814
          0,           0,          43,      -5.835008558,      -4.614651837,               -32,      -4.682430783,      -3.364225599,       -10.2390773
          0,           0,          44,      -5.878978007,      -4.607351952,               -32,       -4.70922088,      -3.411581267,      -10.22462021
          0,           0,          45,      -5.917498223,      -4.599476441,               -32,       -4.73157616,       -3.45812626,      -10.20993525
          0,           0,          46,      -5.946988294,      -4.592089386,               -32,      -4.742981081,      -3.496917388,      -10.19504537
          0,           0,          47,      -5.969855039,      -4.586483452,               -32,      -4.744308575,      -3.525733853,      -10.18009423
          0,           0,          48,      -5.993288619,      -4.583796034,               -32,      -4.742612359,      -3.549899651,       -10.1652443
          0,           0,          49,      -6.024173123,      -4.584236431,               -32,      -4.744467991,      -3.577556888,      -10.15070462
          0,           0,          50,      -6.063731722,      -4.586661653,               -32,      -4.751810388,       -3.61410627,      -10.13657701
          0,           0,          51,      -6.108763188,      -4.588962338,               -32,      -4.762151352,      -3.660898489,      -10.12291409
          0,           0,          52,      -6.154152479,      -4.589120562,               -32,      -4.771234205,      -3.716105424,      -10.10966702
          0,           0,          53,       -6.19482685,      -4.586179553,               -32,      -4.776207362,       -3.77569135,      -10.09678023
          0,           0,          54,       -6.23012212,      -4.580423911,               -32,      -4.777210246,          -3.83383,      -10.08416946
          0,           0,          55,      -6.260488437,      -4.572847962,               -32,      -4.776398562,      -3.883817401,       -10.0717327
          0,           0,          56,      -6.286129093,      -4.564487809,               -32,      -4.775845152,      -3.920791106,       -10.0594294
          0,           0,          57,      -6.307450088,      -4.556052053,               -32,       -4.77621497,      -3.944757371,      -10.04718019
          0,           0,          58,      -6.324313501,      -4.547886367,               -32,      -4.776748376,       -3.96031808,      -10.03495734
          0,           0,          59,      -6.336397548,      -4.540113762,               -32,      -4.776159894,      -3.973055316,      -10.02277622
          0,           0,          60,      -6.344084863,      -4.532796985,               -32,      -4.773707236,      -3.986585923,      -10.01063249
          0,           0,          61,      -6.349436478,      -4.526025834,               -32,      -4.769681781,      -4.002415613,      -9.998589939
          0,           0,          62,      -6.356076914,      -4.519895289,               -32,      -4.765056088,      -4.021274585,      -9.986728274
          0,           0,          63,      -6.366995631,      -4.514411694,               -32,      -4.760720988,      -4.044171975,      -9.975128775
          0,           0,          64,      -6.382974595,      -4.509427914,               -32,      -4.756993275,      -4.072443059,      -9.963856047
          0,           0,          65,      -6.402127327,      -4.504685633,               -32,      -4.753683861,      -4.106785055,      -9.952953598
          0,           0,          66,      -6.420331186,      -4.499930507,               -32,      -4.750471019,      -4.145877255,      -9.942400442
          0,           0,          67,      -6.433395176,      -4.495003827,               -32,      -4.747182507,      -4.185441686,      -9.932131867
          0,           0,          68,      -6.439902239,      -4.489860293,               -32,      -4.743829148,      -4.218577282,      -9.922105802
          0,           0,          69,      -6.441744921,      -4.484531616,               -32,      -4.740482632,      -4.238349646,      -9.912262626
          0,           0,          70,      -6.441648315,      -4.479081204,               -32,      -4.737153952,      -4.241902161,      -9.902548801
          0,           0,          71,      -6.441111242,       -4.47358196,               -32,      -4.733762375,       -4.23230161,      -9.892948424
          0,           0,          72,      -6.440013541,      -4.468119385,               -32,      -4.730193045,      -4.216093718,        -9.8834689
          0,           0,          73,      -6.437045074,       -4.46279428,               -32,       -4.72638661,      -4.199609491,      -9.874146706
          0,           0,          74,      -6.431112925,      -4.457707982,               -32,      -4.722395378,      -4.187111333,      -9.864994943
          0,           0,          75,      -6.423381906,      -4.452936852,               -32,      -4.718365552,      -4.180694833,      -9.856095562
          0,           0,          76,      -6.417619651,      -4.448513266,               -32,      -4.714464357,      -4.180824404,      -9.847476928
          0,           0,          77,      -6.417008151,      -4.444422553,               -32,      -4.710806732,      -4.186747673,      -9.839118253
          0,           0,          78,      -6.421459369,      -4.440614905,               -32,      -4.707426513,      -4.196712262,      -9.830989953
          0,           0,          79,      -6.427971265,      -4.437026238,               -32,      -4.704306141,      -4.208339872,      -9.823081538
          0,           0,          80,      -6.432157061,      -4.433597729,               -32,      -4.701419507,      -4.219061235,      -9.815378983
          0,           0,          81,      -6.430805717,      -4.430288682,               -32,      -4.698748761,      -4.226574648,      -9.807882222
          0,           0,          82,      -6.424462762,      -4.427080686,               -32,      -4.696279965,      -4.229396681,      -9.800568053
          0,           0,          83,      -6.417056212,      -4.423974773,               -32,      -4.693997586,      -4.227345511,      -9.793406476
          0,           0,          84,      -6.412034315,        -4.4209846,               -32,      -4.691881511,      -4.221425777,      -9.786380851
          0,           0,          85,      -6.410036574,      -4.418128941,               -32,      -4.689909005,      -4.213274531,      -9.779481763
          0,           0,          86,      -6.409527352,      -4.415427724,               -32,       -4.68806797,      -4.204741492,      -9.772718306
          0,           0,          87,      -6.408083019,      -4.412900513,               -32,      -4.686364348,      -4.197456793,      -9.766108976
          0,           0,          88,      -6.403959251,      -4.410563776,               -32,      -4.684816709,      -4.192435531,      -9.759677192
          0,           0,          89,       -6.39757492,        -4.4084269,               -32,       -4.68344636,      -4.189933641,      -9.753433797
          0,           0,          90,      -6.391477483,      -4.406489917,               -32,      -4.682270149,       -4.18960499,      -9.747385956
          0,           0,          91,      -6.388102583,      -4.404744071,               -32,      -4.681297161,      -4.190727408,      -9.741516073
          0,           0,          92,       -6.38786778,      -4.403174756,               -32,      -4.680528439,      -4.192418228,      -9.735802129
          0,           0,          93,      -6.389367312,      -4.401766234,               -32,      -4.679960098,       -4.19392103,      -9.730277656
          0,           0,          94,      -6.390475321,      -4.400505999,               -32,      -4.679585527,      -4.194752381,      -9.724943409
          0,           0,          95,      -6.389543929,       -4.39938679,               -32,      -4.679395956,      -4.194669929,      -9.719814383
          0,           0,          96,      -6.386327203,      -4.398406231,               -32,      -4.679381701,      -4.193620334,      -9.714872078
          0,           0,          97,      -6.382065602,       -4.39756534,               -32,      -4.679533957,      -4.191738327,      -9.710129802
          0,           0,          98,      -6.378513717,       -4.39686682,               -32,      -4.679846151,      -4.189329314,      -9.705590338
          0,           0,          99,      -6.376730654,      -4.396313525,               -32,      -4.680314458,      -4.186791642,      -9.701232358
          0,           0,         100,      -6.376649942,      -4.395907447,               -32,       -4.68093751,      -4.184536173,      -9.697064624
          0,           0,         101,      -6.377415604,      -4.395649091,               -32,      -4.681715361,      -4.182908693,      -9.693117073
          0,           0,         102,       -6.37800586,      -4.395536947,               -32,       -4.68264815,      -4.182102714,      -9.689400963
          0,           0,         103,      -6.377815803,      -4.395567264,               -32,       -4.68373521,      -4.182109297,      -9.685919466
          0,           0,         104,      -6.376949919,      -4.395734421,               -32,      -4.684974848,      -4.182742893,      -9.682661791
          0,           0,         105,      -6.376063537,      -4.396031832,               -32,      -4.686364515,      -4.183725136,      -9.679644027
          0,           0,         106,      -6.375865112,      -4.396453002,               -32,      -4.687901004,      -4.184776615,      -9.676877278
          0,           0,         107,      -6.376667205,      -4.396992365,               -32,      -4.689580575,      -4.185686427,      -9.674339523
          0,           0,         108,      -6.378270727,      -4.397645734,               -32,       -4.69139905,      -4.186353559,       -9.67201835
          0,           0,         109,      -6.380155937,      -4.398410297,               -32,      -4.693351888,      -4.186788596,       -9.66994037
          0,           0,         110,      -6.381800233,       -4.39928424,               -32,      -4.695434314,      -4.187078689,      -9.668110568
          0,           0,         111,      -6.382947225,      -4.400266245,               -32,      -4.697641581,      -4.187340931,      -9.666534265
          0,           0,         112,      -6.383707669,      -4.401355002,               -32,      -4.699969338,      -4.187687493,       -9.66521456
          0,           0,         113,      -6.384452657,      -4.402548853,               -32,       -4.70241393,      -4.188207887,      -9.664146607
          0,           0,         114,      -6.385575465,      -4.403845571,               -32,       -4.70497239,      -4.188961268,      -9.663334689
          0,           0,         115,      -6.387276774,      -4.405242262,               -32,      -4.707642157,       -4.18997406,      -9.662778787
          0,           0,         116,      -6.389491323,      -4.406735387,               -32,      -4.710420635,      -4.191241505,      -9.662471107
          0,           0,         117,      -6.391966117,       -4.40832087,               -32,      -4.713304749,      -4.192730999,      -9.662365663
          0,           0,         118,      -6.394414284,      -4.409994294,               -32,       -4.71629064,      -4.194386669,      -9.662470233
          0,           0,         119,      -6.396658291,      -4.411751172,               -32,      -4.719373593,      -4.196138083,      -9.662795535
          0,           0,         120,      -6.398703302,      -4.413587231,               -32,      -4.722548228,      -4.197914847,      -9.663330874
          0,           0,         121,      -6.400706754,      -4.415498647,               -32,      -4.725808861,      -4.199663132,      -9.664083647
          0,           0,         122,      -6.402871122,      -4.417482142,               -32,      -4.729149873,      -4.201357729,      -9.665031144
          0,           0,         123,      -6.405331235,      -4.419534943,               -32,      -4.732565966,      -4.203005433,      -9.666164654
          0,           0,         124,       -6.40809744,      -4.421654606,               -32,      -4.736052262,      -4.204638952,      -9.667463228
          0,           0,         125,      -6.411074129,      -4.423838768,               -32,      -4.739604251,      -4.206303633,      -9.668917292
          0,           0,         126,      -6.414131281,      -4.426084924,               -32,      -4.743217635,       -4.20804135,      -9.670506137
          0,           0,         127,      -6.417183651,      -4.428390284,               -32,      -4.746888154,      -4.209877181,      -9.672218949
          0,           0,         128,      -6.420236666,      -4.430751744,               -32,      -4.750611479,      -4.211813339,      -9.674028576
          0,           0,         129,      -6.423378414,      -4.433165951,               -32,      -4.754383207,      -4.213831201,      -9.675844972
          0,           0,         130,      -6.426725625,      -4.435629411,               -32,      -4.758198889,      -4.215899185,      -9.677656519
          0,           0,         131,      -6.430357007,      -4.438138603,               -32,      -4.762054082,      -4.217982658,      -9.679473073
          0,           0,         132,      -6.434271855,      -4.440690054,               -32,       -4.76594435,      -4.220052559,      -9.681279473
          0,           0,         133,      -6.438394644,      -4.443280363,               -32,      -4.769865227,      -4.222090511,      -9.683053999
          0,           0,         134,      -6.442619501,      -4.445906209,               -32,      -4.773812153,      -4.224089552,      -9.684768542
          0,           0,         135,      -6.446871741,      -4.448564346,               -32,      -4.777780426,      -4.226051606,      -9.686398585
          0,           0,         136,      -6.451157661,      -4.451251607,               -32,      -4.781765224,      -4.227984405,      -9.687920608
          0,           0,         137,      -6.455545276,      -4.453964919,               -32,      -4.785761767,      -4.229898759,      -9.689299885
          0,           0,         138,       -6.46011154,      -4.456701299,               -32,      -4.789765494,      -4.231807118,      -9.690504725
          0,           0,         139,      -6.464905662,      -4.459457831,               -32,      -4.793772173,      -4.233722784,      -9.691513317
          0,           0,         140,      -6.469920679,      -4.462231598,               -32,      -4.797777938,      -4.235658155,      -9.692301442
          0,           0,         141,       -6.47509521,       -4.46501963,               -32,      -4.801779214,      -4.237622602,      -9.692832801
          0,           0,         142,      -6.480348212,      -4.467818853,               -32,      -4.805772582,      -4.239620427,      -9.693065121
          0,           0,         143,      -6.485624444,      -4.470626087,               -32,      -4.809754621,      -4.241649729,       -9.69294488
          0,           0,         144,      -6.490923115,      -4.473438082,               -32,      -4.813721839,      -4.243703066,      -9.692426966
          0,           0,         145,      -6.496290893,       -4.47625158,               -32,      -4.817670704,       -4.24577025,      -9.691504804
          0,           0,         146,      -6.501782005,      -4.479063382,               -32,      -4.821597753,      -4.247842438,      -9.690177144
          0,           0,         147,      -6.507411696,      -4.481870379,               -32,      -4.825499718,      -4.249915892,      -9.688459467
          0,           0,         148,      -6.513136291,      -4.484669545,               -32,      -4.829373591,       -4.25199386,      -9.686330173
          0,           0,         149,      -6.518874736,      -4.487457899,               -32,      -4.833216576,      -4.254085471,      -9.683799619
          0,           0,         150,      -6.524560197,      -4.490232466,               -32,      -4.837025985,      -4.256202269,      -9.680880339
          0,           0,         151,      -6.530186132,      -4.492990262,               -32,      -4.840799135,      -4.258354209,      -9.677566383
          0,           0,         152,      -6.535805295,       -4.49572832,               -32,      -4.844533346,      -4.260547107,      -9.673854896
          0,           0,         153,      -6.541484912,      -4.498443738,               -32,      -4.848226041,      -4.262782893,      -9.669746764
          0,           0,         154,      -6.547257628,      -4.501133703,               -32,      -4.851874879,      -4.265061989,      -9.665259288
          0,           0,         155,      -6.553094474,      -4.503795482,               -32,      -4.855477814,      -4.267385352,      -9.660396584
          0,           0,         156,      -6.558917406,       -4.50642639,               -32,      -4.859033046,      -4.269754785,      -9.655175778
          0,           0,         157,      -6.564646385,      -4.509023752,               -32,      -4.862538872,      -4.272171348,      -9.649612252
          0,           0,         158,      -6.570251382,      -4.511584898,               -32,      -4.865993524,      -4.274633104,      -9.643701696
          0,           0,         159,      -6.575772282,      -4.514107206,               -32,        -4.8693951,      -4.277133983,      -9.637466331
          0,           0,         160,      -6.581289248,      -4.516588163,               -32,      -4.872741627,      -4.279664952,       -9.63091953
          0,           0,         161,       -6.58686076,      -4.519025423,               -32,      -4.876031201,      -4.282217065,      -9.624086358
          0,           0,         162,      -6.592473079,      -4.521416829,               -32,      -4.879262122,      -4.284784743,      -9.616986966
          0,           0,         163,      -6.598043025,      -4.523760381,               -32,       -4.88243293,      -4.287367264,      -9.609649091
          0,           0,         164,      -6.603471672,      -4.526054183,               -32,        -4.8855423,      -4.289966795,      -9.602084245
          0,           0,         165,      -6.608725118,      -4.528296403,               -32,      -4.888588861,      -4.292584099,      -9.594310096
          0,           0,         166,      -6.613874537,      -4.530485302,               -32,      -4.891571055,      -4.295214419,      -9.586366594
          0,           0,         167,      -6.619057207,      -4.532619294,               -32,      -4.894487172,      -4.297846753,      -9.578276754
          0,           0,         168,      -6.624375494,       -4.53469703,               -32,      -4.897335506,       -4.30046722,      -9.570019241
          0,           0,         169,      -6.629807406,      -4.536717417,               -32,      -4.900114571,      -4.303064621,      -9.561605895
          0,           0,         170,      -6.635206899,      -4.538679562,               -32,      -4.902823201,      -4.305634346,      -9.553073749
          0,           0,         171,      -6.640410871,      -4.540582667,               -32,      -4.905460441,      -4.308176649,      -9.544452463
          0,           0,         172,       -6.64538614,      -4.542425956,               -32,      -4.908025245,      -4.310689503,      -9.535733036
          0,           0,         173,      -6.650297668,      -4.544208706,               -32,      -4.910516248,      -4.313161735,      -9.526954085
          0,           0,         174,       -6.65540486,      -4.545930368,               -32,      -4.912931787,      -4.315572238,      -9.518149685
          0,           0,         175,      -6.660828027,      -4.547590701,               -32,       -4.91527014,      -4.317896914,      -9.509324995
          0,           0,         176,      -6.666381334,      -4.549189796,               -32,      -4.917529914,      -4.320120769,      -9.500444102
          0,           0,         177,      -6.671657028,      -4.550727906,               -32,       -4.91971031,      -4.322246168,      -9.491497443
          0,           0,         178,      -6.676355009,      -4.552205205,               -32,       -4.92181088,      -4.324285899,      -9.482534739
          0,           0,         179,      -6.680625353,      -4.553621682,               -32,      -4.923830895,      -4.326243972,      -9.473569782
          0,           0,         180,      -6.685071587,      -4.554977273,               -32,      -4.925768986,      -4.328102049,      -9.464624918
          0,           0,         181,      -6.690244118,      -4.556272188,               -32,      -4.927623154,      -4.329821985,      -9.455701188
          0,           0,         182,      -6.695992133,      -4.557507197,               -32,      -4.929391196,      -4.331367307,      -9.446801896
          0,           0,         183,      -6.701350168,      -4.558683464,               -32,      -4.931071951,      -4.332739361,      -9.437961902
          0,           0,         184,      -6.705234441,      -4.559801895,               -32,      -4.932665865,      -4.333986642,      -9.429165963
          0,           0,         185,      -6.707588171,      -4.560862658,               -32,      -4.934173477,      -4.335156955,      -9.420410535
          0,           0,         186,      -6.710006634,      -4.561865278,               -32,      -4.935594287,      -4.336248533,      -9.411720268
          0,           0,         187,      -6.714602055,      -4.562809283,               -32,      -4.936926408,      -4.337198186,      -9.403122115
          0,           0,         188,      -6.721573415,      -4.563695556,               -32,      -4.938164771,      -4.337888992,      -9.394599817
          0,           0,         189,      -6.728218874,      -4.564526676,               -32,      -4.939305109,      -4.338275433,      -9.386173806
          0,           0,         190,       -6.73059356,        -4.5653045,               -32,      -4.940351227,      -4.338522652,       -9.37784498
          0,           0,         191,      -6.727215947,      -4.566028485,               -32,      -4.941307258,      -4.338819248,      -9.369627099
          0,           0,         192,      -6.723376882,      -4.566696271,               -32,      -4.942173519,      -4.339182261,      -9.361444919
          0,           0,         193,      -6.728463668,      -4.567302671,               -32,      -4.942958721,      -4.339594198,      -9.353323578
          0,           0,         194,       -6.74325625,       -4.56784742,               -32,       -4.94364307,      -4.339523608,      -9.345294289
          0,           0,         195,      -6.757930303,      -4.568341565,               -32,      -4.944194118,      -4.338455497,      -9.337366359
          0,           0,         196,      -6.757843918,       -4.56878784,               -32,      -4.944661221,      -4.337472126,      -9.329529654
          0,           0,         197,      -6.731882777,      -4.569177361,               -32,      -4.945057306,      -4.337272124,      -9.321802369
          0,           0,         198,      -6.701081396,      -4.569516546,               -32,      -4.945306332,      -4.336490732,      -9.314206815
          0,           0,         199,      -6.712643966,      -4.569762439,               -32,      -4.945636831,      -4.338066462,      -9.306715605
          0,           0,         200,      -6.743020931,      -4.569924306,               -32,        -4.9458054,      -4.337252918,      -9.299302602
          0,           0,         201,      -6.782482532,      -4.570058235,               -32,      -4.945680998,      -4.332475086,      -9.291988111
          0,           0,         202,      -6.801659394,      -4.570158438,               -32,      -4.945588401,      -4.329042829,      -9.284800944
          0,           0,         203,      -6.776173417,      -4.570173648,               -32,      -4.945573295,       -4.33048383,      -9.277735665
          0,           0,         204,       -6.68656288,      -4.570151445,               -32,      -4.945104209,      -4.326861418,      -9.270775938
          0,           0,         205,      -6.665889889,       -4.57006934,               -32,       -4.94480632,      -4.326667513,      -9.263862584
          0,           0,         206,      -6.671222055,      -4.569866479,               -32,      -4.944480152,      -4.328609803,      -9.256990035
          0,           0,         207,      -6.711066211,       -4.56961175,               -32,        -4.9438988,      -4.325662442,      -9.250222656
          0,           0,         208,      -6.768614853,      -4.569354621,               -32,      -4.943084905,      -4.319518373,      -9.243569142
          0,           0,         209,      -6.799702991,      -4.569033641,               -32,      -4.942421598,      -4.317223803,      -9.236980381
          0,           0,         210,      -6.774911559,      -4.568611753,               -32,      -4.941692954,      -4.319251044,      -9.230456389
          0,           0,         211,      -6.681446209,      -4.568131345,               -32,      -4.940559495,      -4.315846522,      -9.224007649
          0,           0,         212,      -6.653321979,        -4.5675847,               -32,      -4.939634619,      -4.315760487,      -9.217616757
          0,           0,         213,      -6.652645648,      -4.566898368,               -32,       -4.93869347,      -4.318063695,      -9.211275105
          0,           0,         214,      -6.688711092,      -4.566147308,               -32,      -4.937572021,      -4.315637978,      -9.204949707
          0,           0,         215,      -6.749724909,      -4.565388936,               -32,       -4.93624418,      -4.309770791,       -9.19866681
          0,           0,         216,      -6.790241757,      -4.564563923,               -32,      -4.934977647,      -4.306271374,      -9.192450175
          0,           0,         217,      -6.777480937,      -4.563620789,               -32,       -4.93371218,       -4.30841132,      -9.186300348
          0,           0,         218,       -6.69185296,      -4.562595131,               -32,      -4.932131332,      -4.306051929,      -9.180176382
          0,           0,         219,      -6.648714283,       -4.56152449,               -32,      -4.930601582,      -4.303976897,      -9.174052643
          0,           0,         220,       -6.63950658,      -4.560297922,               -32,      -4.929206602,       -4.30727243,      -9.167937757
          0,           0,         221,      -6.666697207,      -4.558992014,               -32,      -4.927675178,      -4.305745619,      -9.161822471
          0,           0,         222,       -6.72685459,       -4.55767291,               -32,      -4.925989126,      -4.300685354,      -9.155674638
          0,           0,         223,      -6.777576516,      -4.556310758,               -32,      -4.924257299,      -4.295875438,      -9.149476266
          0,           0,         224,      -6.778592446,      -4.554824325,               -32,       -4.92262043,      -4.297857882,      -9.143221409
          0,           0,         225,      -6.705289687,      -4.553244783,               -32,      -4.920757993,      -4.296741288,      -9.136923792
          0,           0,         226,      -6.643317009,      -4.551635933,               -32,      -4.918808581,       -4.29337993,      -9.130588183
          0,           0,         227,       -6.62740862,      -4.549871516,               -32,      -4.917136565,      -4.297086407,      -9.124210307
          0,           0,         228,      -6.645597288,      -4.548015591,               -32,      -4.915365913,      -4.296482341,      -9.117780929
          0,           0,         229,      -6.703338622,      -4.546137997,               -32,      -4.913502519,      -4.292334147,      -9.111278017
          0,           0,         230,      -6.764362213,      -4.544242783,               -32,       -4.91153785,      -4.286991799,      -9.104680872
          0,           0,         231,        -6.7763982,      -4.542234721,               -32,       -4.90972446,      -4.288284624,      -9.097976632
          0,           0,         232,      -6.710118549,      -4.540142591,               -32,      -4.907748608,       -4.28782305,      -9.091141942
          0,           0,         233,      -6.634847423,      -4.538032049,               -32,      -4.905632908,      -4.284323561,      -9.084192512
          0,           0,         234,      -6.615498092,      -4.535793347,               -32,      -4.903847931,      -4.287469709,      -9.077125315
          0,           0,         235,      -6.626887079,      -4.533466349,               -32,      -4.902006545,      -4.287481335,      -9.069911413
          0,           0,         236,      -6.682931605,       -4.53111888,               -32,      -4.900112628,      -4.284038273,      -9.062516932
          0,           0,         237,      -6.752817307,       -4.52877133,               -32,      -4.898114622,      -4.278913018,      -9.054924229
          0,           0,         238,      -6.770546019,      -4.526338221,               -32,      -4.896302701,      -4.279704653,      -9.047128569
          0,           0,         239,      -6.703249416,      -4.523846302,               -32,      -4.894364019,      -4.279355968,      -9.039128459
          0,           0,         240,      -6.625849354,      -4.521349531,               -32,      -4.892282872,      -4.276187925,      -9.030907485
          0,           0,         241,      -6.606797573,      -4.518754883,               -32,      -4.890555108,      -4.278876978,      -9.022454109
          0,           0,         242,      -6.616006122,      -4.516089818,               -32,      -4.888805222,      -4.279069971,      -9.013763338
          0,           0,         243,      -6.672238425,      -4.513415388,               -32,      -4.887009854,      -4.275927907,      -9.004827316
          0,           0,         244,      -6.744717443,      -4.510751311,               -32,       -4.88514327,      -4.271450501,      -8.995640713
          0,           0,         245,       -6.76105019,      -4.508034162,               -32,      -4.883494252,      -4.272234795,      -8.986208672
          0,           0,         246,      -6.690303903,      -4.505292494,               -32,      -4.881717862,      -4.271531604,      -8.976525547
          0,           0,         247,      -6.621126522,      -4.502562942,               -32,      -4.879820892,      -4.268725694,      -8.966582675
          0,           0,         248,      -6.605379559,      -4.499761593,               -32,      -4.878304109,      -4.271325128,      -8.956368391
          0,           0,         249,      -6.617724896,      -4.496922474,               -32,       -4.87676544,      -4.271298765,      -8.945885358
          0,           0,         250,      -6.675256945,      -4.494096711,               -32,       -4.87516487,      -4.268192125,      -8.935128593
          0,           0,         251,      -6.742161353,      -4.491289731,               -32,      -4.873567332,      -4.264871425,      -8.924108462
          0,           0,         252,      -6.749290967,       -4.48845951,               -32,      -4.872191437,      -4.265899487,      -8.912831072
          0,           0,         253,      -6.674440659,      -4.485638044,               -32,      -4.870658942,      -4.264654917,      -8.901312727
          0,           0,         254,      -6.620725286,      -4.482843303,               -32,      -4.869080593,      -4.262587395,      -8.889565335
          0,           0,         255,       -6.60992953,      -4.480003204,               -32,      -4.867880487,       -4.26517551,       -8.87760945
          0,           0,         256,      -6.628962569,       -4.47716349,               -32,      -4.866630816,      -4.264716917,      -8.865452398
          0,           0,         257,      -6.688806276,      -4.474363435,               -32,      -4.865300184,      -4.261664801,      -8.853105954
          0,           0,         258,      -6.745992278,      -4.471586487,               -32,      -4.864089988,      -4.259964733,      -8.840588459
          0,           0,         259,      -6.735326415,      -4.468814494,               -32,       -4.86304119,      -4.261015934,      -8.827904238
          0,           0,         260,      -6.656450732,      -4.466081603,               -32,      -4.861801659,      -4.259253678,      -8.815072135
          0,           0,         261,      -6.622088594,      -4.463380087,               -32,      -4.860668386,      -4.258564148,      -8.802113036
          0,           0,         262,      -6.617727158,      -4.460664311,               -32,      -4.859827118,      -4.260750387,      -8.789043969
          0,           0,         263,      -6.646280861,      -4.457982603,               -32,      -4.858906039,       -4.25982874,      -8.775882393
          0,           0,         264,      -6.708950407,      -4.455359097,               -32,        -4.8579159,      -4.257170201,       -8.76265078
          0,           0,         265,      -6.751853943,      -4.452762332,               -32,      -4.857164999,      -4.257204897,      -8.749364461
          0,           0,         266,      -6.716897339,      -4.450199597,               -32,      -4.856452776,      -4.257838583,      -8.736039601
          0,           0,         267,      -6.644397291,      -4.447698959,               -32,      -4.855556878,      -4.255923219,      -8.722690756
          0,           0,         268,      -6.626870884,      -4.445224064,               -32,      -4.854945369,       -4.25690382,      -8.709333861
          0,           0,         269,      -6.631552424,      -4.442769969,               -32,      -4.854464769,       -4.25821134,      -8.695982464
          0,           0,         270,      -6.671176671,      -4.440373759,               -32,      -4.853887804,      -4.256936873,      -8.682652067
          0,           0,         271,      -6.731705969,       -4.43804161,               -32,      -4.853327968,      -4.255273768,       -8.66935757
          0,           0,         272,      -6.752810352,      -4.435746277,               -32,      -4.853032835,      -4.256433282,      -8.656110844
          0,           0,         273,      -6.696956289,       -4.43351034,               -32,      -4.852652118,      -4.256341218,      -8.642924695
          0,           0,         274,      -6.645862294,      -4.431343708,               -32,      -4.852192663,      -4.255056225,      -8.629810519
          0,           0,         275,      -6.639298775,       -4.42920461,               -32,      -4.852076956,      -4.256977211,      -8.616774797
          0,           0,         276,       -6.65521189,      -4.427115825,               -32,      -4.851950364,      -4.257363056,      -8.603827398
          0,           0,         277,      -6.702445652,      -4.425099616,               -32,      -4.851742381,      -4.256044833,      -8.590978506
          0,           0,         278,      -6.751255588,      -4.423145041,               -32,      -4.851687623,      -4.255795881,      -8.578236072
          0,           0,         279,      -6.744828354,      -4.421244489,               -32,      -4.851786967,      -4.256995769,      -8.565606542
          0,           0,         280,      -6.682847324,      -4.419419078,               -32,       -4.85175119,      -4.256366816,      -8.553095126
          0,           0,         281,      -6.656411494,      -4.417657198,               -32,        -4.8518226,      -4.256401368,      -8.540701254
          0,           0,         282,      -6.658749603,      -4.415939826,               -32,      -4.852119822,      -4.258050835,      -8.528432165
          0,           0,         283,      -6.684995057,      -4.414290692,               -32,      -4.852348763,      -4.257849904,      -8.516291121
          0,           0,         284,      -6.731916756,      -4.412718197,               -32,      -4.852576827,       -4.25704504,      -8.504281919
          0,           0,         285,      -6.760935025,       -4.41120848,               -32,      -4.853013558,      -4.257798291,      -8.492405123
          0,           0,         286,      -6.729678907,      -4.409769051,               -32,      -4.853464952,      -4.258425701,       -8.48065848
          0,           0,         287,      -6.680877141,      -4.408408833,               -32,      -4.853844063,      -4.257932072,      -8.469051733
          0,           0,         288,      -6.671583657,      -4.407108788,               -32,       -4.85443885,       -4.25897955,      -8.457582896
          0,           0,         289,      -6.682800045,      -4.405871735,               -32,      -4.855104169,       -4.25986115,      -8.446253565
          0,           0,         290,      -6.714388597,      -4.404710545,               -32,      -4.855725282,      -4.259556005,      -8.435063699
          0,           0,         291,         -6.751675,      -4.403624112,               -32,      -4.856447408,      -4.259565842,      -8.424014947
          0,           0,         292,      -6.756879753,      -4.402608479,               -32,       -4.85730821,       -4.26047029,      -8.413102769
          0,           0,         293,      -6.717119014,      -4.401670934,               -32,      -4.858133584,      -4.260704752,      -8.402330205
          0,           0,         294,      -6.689829479,      -4.400808647,               -32,      -4.859010159,      -4.260890693,      -8.391688291
          0,           0,         295,      -6.690454396,      -4.400012561,               -32,      -4.860051369,      -4.261999442,      -8.381180164
          0,           0,         296,      -6.707627126,      -4.399288486,               -32,       -4.86110315,      -4.262435666,      -8.370795358
          0,           0,         297,      -6.736255154,      -4.398640538,               -32,      -4.862181808,      -4.262452852,      -8.360528478
          0,           0,         298,       -6.75724369,      -4.398067471,               -32,      -4.863383001,      -4.262961598,      -8.350394571
          0,           0,         299,       -6.74609947,      -4.397570506,               -32,       -4.86464519,      -4.263653356,      -8.340394397
          0,           0,         300,      -6.716428687,      -4.397150506,               -32,      -4.865915514,      -4.263974401,      -8.330527983
          0,           0,         301,      -6.704168444,         -4.396803,               -32,       -4.86728706,      -4.264614293,      -8.320792427
          0,           0,         302,      -6.709726813,      -4.396526276,               -32,      -4.868746578,       -4.26543154,      -8.311162201
          0,           0,         303,      -6.726321952,       -4.39632199,               -32,      -4.870236856,      -4.265852302,      -8.301633933
          0,           0,         304,       -6.74543879,      -4.396191016,               -32,      -4.871796343,      -4.266222448,      -8.292229553
          0,           0,         305,      -6.752551878,      -4.396133752,               -32,      -4.873443754,      -4.266829507,      -8.282952779
          0,           0,         306,      -6.740323869,      -4.396150022,               -32,      -4.875138881,      -4.267431167,      -8.273790857
          0,           0,         307,      -6.724052973,      -4.396237802,               -32,      -4.876885391,      -4.267965349,      -8.264757075
          0,           0,         308,      -6.718743483,      -4.396394557,               -32,      -4.878713843,      -4.268652143,      -8.255842137
          0,           0,         309,      -6.724139921,      -4.396618952,               -32,      -4.880606464,      -4.269322936,      -8.247051054
          0,           0,         310,      -6.735294128,      -4.396910253,               -32,      -4.882552636,      -4.269848887,      -8.238349706
          0,           0,         311,      -6.745257116,      -4.397268103,               -32,      -4.884565798,      -4.270366245,      -8.229757271
          0,           0,         312,      -6.747043493,      -4.397691908,               -32,      -4.886643946,      -4.270948424,      -8.221284974
          0,           0,         313,      -6.740219001,       -4.39817994,               -32,      -4.888774794,      -4.271530569,      -8.212927634
          0,           0,         314,      -6.732284633,      -4.398729638,               -32,      -4.890961079,      -4.272107711,      -8.204674918
          0,           0,         315,      -6.729510517,      -4.399338465,               -32,      -4.893207812,      -4.272714384,      -8.196531867
          0,           0,         316,      -6.732453817,      -4.400004143,               -32,      -4.895508862,      -4.273297004,      -8.188501291
          0,           0,         317,      -6.738368756,      -4.400724626,               -32,      -4.897860085,      -4.273816973,      -8.180580946
          0,           0,         318,      -6.743351358,      -4.401498058,               -32,      -4.900261714,      -4.274304913,      -8.172752492
          0,           0,         319,      -6.744357395,      -4.402322343,               -32,      -4.902710124,      -4.274786424,      -8.165029148
          0,           0,         320,      -6.741429958,      -4.403194783,               -32,       -4.90519935,       -4.27525198,      -8.157405469
          0,           0,         321,      -6.737580461,      -4.404112227,               -32,      -4.907726512,      -4.275696397,      -8.149847271
          0,           0,         322,      -6.735818365,      -4.405071416,               -32,      -4.910289385,      -4.276122336,      -8.142373448
          0,           0,         323,      -6.736999696,      -4.406069121,               -32,      -4.912882989,       -4.27651285,      -8.135006433
          0,           0,         324,      -6.739993374,      -4.407102179,               -32,      -4.915501717,       -4.27684827,      -8.127748945
          0,           0,         325,      -6.742763195,       -4.40816747,               -32,      -4.918140676,       -4.27712948,      -8.120588938
          0,           0,         326,      -6.743614869,      -4.409261766,               -32,       -4.92079397,       -4.27736523,      -8.113538342
          0,           0,         327,       -6.74228337,      -4.410381586,               -32,      -4.923454461,      -4.277556063,      -8.106595233
          0,           0,         328,      -6.740070549,      -4.411523207,               -32,      -4.926115357,      -4.277700538,      -8.099758538
          0,           0,         329,      -6.738723487,      -4.412682787,               -32,      -4.928770172,      -4.277799862,      -8.092998634
          0,           0,         330,      -6.739124932,      -4.413856473,               -32,       -4.93141139,      -4.277848191,      -8.086360243
          0,           0,         331,      -6.740873461,       -4.41504046,               -32,      -4.934030644,      -4.277833548,      -8.079726452
          0,           0,         332,      -6.742704258,       -4.41623101,               -32,      -4.936619601,      -4.277751005,      -8.073185372
          0,           0,         333,      -6.743316948,      -4.417424426,               -32,       -4.93916952,       -4.27760411,      -8.066751639
          0,           0,         334,      -6.742253393,      -4.418616986,               -32,      -4.941670751,       -4.27739584,      -8.060391657
          0,           0,         335,      -6.740296095,      -4.419804924,               -32,      -4.944113559,      -4.277128827,      -8.054124374
          0,           0,         336,      -6.738916265,      -4.420984466,               -32,      -4.946488687,      -4.276809545,      -8.047946119
          0,           0,         337,      -6.739137719,      -4.422151903,               -32,      -4.948786537,      -4.276440033,       -8.04185567
          0,           0,         338,      -6.740785652,      -4.423303668,               -32,      -4.950996884,      -4.276012286,      -8.035874008
          0,           0,         339,      -6.742576332,      -4.424436382,               -32,      -4.953109917,        -4.2755211,       -8.02998638
          0,           0,         340,      -6.742898389,      -4.425546875,               -32,      -4.955116173,      -4.274971613,       -8.02419414
          0,           0,         341,      -6.741011895,      -4.426632186,               -32,      -4.957005319,      -4.274368333,      -8.018442318
          0,           0,         342,      -6.738004306,      -4.427689515,               -32,      -4.958767297,      -4.273716491,      -8.012759031
          0,           0,         343,      -6.736323486,      -4.428716186,               -32,      -4.960394233,      -4.273036908,      -8.007123216
          0,           0,         344,      -6.737747134,      -4.429709728,               -32,      -4.961878086,      -4.272341562,      -8.001574774
          0,           0,         345,       -6.74163074,       -4.43066798,               -32,      -4.963209303,      -4.271607964,      -7.996118467
          0,           0,         346,      -6.744800199,      -4.431589061,               -32,       -4.96438238,      -4.270831445,      -7.990740409
          0,           0,         347,      -6.743150207,      -4.432471488,               -32,      -4.965393927,       -4.27003975,      -7.985412749
          0,           0,         348,      -6.735499662,      -4.433314435,               -32,      -4.966231976,      -4.269197141,      -7.980166144
          0,           0,         349,      -6.728104904,      -4.434117199,               -32,      -4.966892704,      -4.268318001,      -7.975003808
          0,           0,         350,      -6.730587266,       -4.43487883,               -32,      -4.967391109,      -4.267603574,      -7.969936523
          0,           0,         351,       -6.74446546,      -4.435599638,               -32,      -4.967702924,      -4.266893141,      -7.964944802
          0,           0,         352,      -6.760753136,      -4.436279706,               -32,      -4.967816334,      -4.265935466,      -7.959997307
          0,           0,         353,      -6.761412513,      -4.436916556,               -32,      -4.967832185,      -4.265486431,      -7.955102776
          0,           0,         354,      -6.725743325,      -4.437515082,               -32,      -4.967639961,      -4.264785579,      -7.950268155
          0,           0,         355,      -6.685381541,        -4.4380789,               -32,      -4.967167903,      -4.262786398,      -7.945506352
          0,           0,         356,      -6.690348898,      -4.438599303,               -32,      -4.966837976,      -4.263590125,      -7.940781357
          0,           0,         357,      -6.718298229,      -4.439092607,               -32,      -4.966171072,      -4.263240809,      -7.936129597
          0,           0,         358,      -6.769040723,      -4.439562221,               -32,      -4.965071512,      -4.260151591,      -7.931530137
          0,           0,         359,      -6.807613297,      -4.439990096,               -32,      -4.964229457,      -4.259524871,      -7.927006892
          0,           0,         360,      -6.776443597,        -4.4403999,               -32,      -4.963216975,      -4.260002094,      -7.922575754
          0,           0,         361,      -6.682434431,      -4.440796836,               -32,      -4.961743047,      -4.257202012,      -7.918202729
          0,           0,         362,      -6.644678612,      -4.441172039,               -32,      -4.960356465,      -4.256041588,      -7.913921585
          0,           0,         363,      -6.643638806,      -4.441535293,               -32,      -4.959010956,      -4.258242637,      -7.909717446
          0,           0,         364,       -6.67721098,      -4.441894032,               -32,        -4.9573004,      -4.257663259,      -7.905566141
          0,           0,         365,      -6.744068734,      -4.442248013,               -32,      -4.955357611,      -4.255071872,      -7.901461882
          0,           0,         366,      -6.795082416,      -4.442584982,               -32,      -4.953723129,      -4.255013082,      -7.897422342
          0,           0,         367,      -6.773969552,      -4.442933904,               -32,      -4.951911607,      -4.255812156,      -7.893462174
          0,           0,         368,      -6.684704657,      -4.443291629,               -32,      -4.949846819,      -4.254461397,      -7.889591324
          0,           0,         369,      -6.638232139,      -4.443657825,               -32,      -4.947871367,      -4.254152558,      -7.885788044
          0,           0,         370,      -6.637003398,      -4.444044888,               -32,      -4.945937735,      -4.256216384,      -7.882071082
          0,           0,         371,      -6.668555485,      -4.444454844,               -32,      -4.943804277,      -4.256425497,      -7.878420167
          0,           0,         372,      -6.728458994,      -4.444887123,               -32,      -4.941585868,      -4.255245177,        -7.8748619
          0,           0,         373,      -6.780947302,      -4.445340121,               -32,      -4.939565931,      -4.255189439,      -7.871400766
          0,           0,         374,       -6.78056499,      -4.445834853,               -32,      -4.937502854,      -4.256166787,      -7.868036767
          0,           0,         375,      -6.708219188,      -4.446368084,               -32,      -4.935319175,      -4.256113783,      -7.864747126
          0,           0,         376,      -6.647909611,      -4.446940519,               -32,      -4.933216199,      -4.256483532,      -7.861530544
          0,           0,         377,      -6.641686289,      -4.447567725,               -32,      -4.931195429,      -4.258285255,      -7.858380756
          0,           0,         378,        -6.6669245,      -4.448248445,               -32,      -4.929097409,      -4.259310384,       -7.85532761
          0,           0,         379,      -6.717274427,      -4.448977094,               -32,      -4.927013509,      -4.259386016,      -7.852319407
          0,           0,         380,      -6.765796845,      -4.449758584,               -32,      -4.925066901,      -4.259666034,      -7.849406777
          0,           0,         381,      -6.782423317,      -4.450608173,               -32,      -4.923190466,      -4.260809505,      -7.846569212
          0,           0,         382,      -6.735223714,      -4.451524697,               -32,      -4.921272273,      -4.261679855,      -7.843818217
          0,           0,         383,      -6.668846373,      -4.452503269,               -32,       -4.91943689,       -4.26266209,      -7.841120913
          0,           0,         384,       -6.65063004,      -4.453559823,               -32,      -4.917722271,      -4.264480222,      -7.838483696
          0,           0,         385,      -6.666718298,       -4.45469606,               -32,       -4.91601986,      -4.266213452,      -7.835919397
          0,           0,         386,       -6.70814409,      -4.455901316,               -32,      -4.914375128,      -4.267332505,      -7.833441149
          0,           0,         387,      -6.753539543,       -4.45717987,               -32,      -4.912848666,      -4.268234309,      -7.831040846
          0,           0,         388,      -6.779150176,      -4.458545868,               -32,      -4.911439393,      -4.269655706,      -7.828734207
          0,           0,         389,      -6.756867802,      -4.460000678,               -32,      -4.910057952,      -4.271259528,      -7.826508732
          0,           0,         390,      -6.697140477,      -4.461535828,               -32,      -4.908748778,      -4.272828791,      -7.824369425
          0,           0,         391,      -6.665644343,      -4.463161589,               -32,      -4.907566028,      -4.274866991,      -7.822316919
          0,           0,         392,       -6.67132849,       -4.46488445,               -32,      -4.906458894,      -4.277171338,      -7.820352838
          0,           0,         393,       -6.70355937,       -4.46669245,               -32,      -4.905426379,      -4.279161639,      -7.818480182
          0,           0,         394,      -6.746360905,      -4.468584984,               -32,       -4.90450798,      -4.280806819,      -7.816682173
          0,           0,         395,      -6.776939506,      -4.470575275,               -32,      -4.903714673,       -4.28262913,      -7.814963493
          0,           0,         396,      -6.772929343,      -4.472667669,               -32,      -4.902997866,      -4.284820295,      -7.813311218
          0,           0,         397,      -6.726487719,      -4.474852536,               -32,      -4.902352418,      -4.287014961,      -7.811753796
          0,           0,         398,      -6.686425761,      -4.477133563,               -32,      -4.901820747,      -4.289390165,      -7.810283842
          0,           0,         399,       -6.68234235,      -4.479519041,               -32,      -4.901395694,      -4.292155222,       -7.80888146
          0,           0,         400,      -6.706341114,      -4.481998672,               -32,      -4.901057895,      -4.294871733,      -7.807559385
          0,           0,         401,      -6.746208438,      -4.484566867,               -32,      -4.900830371,      -4.297241852,      -7.806295625
          0,           0,         402,      -6.780461626,       -4.48723537,               -32,      -4.900724366,      -4.299543997,      -7.805109221
          0,           0,         403,      -6.788294791,      -4.490011772,               -32,      -4.900717113,       -4.30221849,      -7.803985204
          0,           0,         404,      -6.753844203,      -4.492886162,               -32,      -4.900785962,       -4.30501658,      -7.802936228
          0,           0,         405,       -6.70926497,      -4.495857755,               -32,      -4.900954583,       -4.30780658,       -7.80195197
          0,           0,         406,      -6.697681436,        -4.4989351,               -32,      -4.901235477,      -4.310985142,      -7.801032366
          0,           0,         407,       -6.71634303,       -4.50210858,               -32,        -4.9016118,      -4.314329928,      -7.800157667
          0,           0,         408,      -6.754443304,      -4.505368075,               -32,      -4.902094708,      -4.317341439,      -7.799346397
          0,           0,         409,      -6.791303125,      -4.508725521,               -32,      -4.902695026,      -4.320141823,        -7.7986038
          0,           0,         410,      -6.804028106,      -4.512191652,               -32,      -4.903401046,      -4.323295817,       -7.79791132
          0,           0,         411,       -6.77219421,      -4.515754151,               -32,      -4.904185488,      -4.326653895,      -7.797291968
          0,           0,         412,      -6.722950201,      -4.519410921,               -32,      -4.905061048,      -4.329876978,      -7.796736922
          0,           0,         413,      -6.709828394,      -4.523171382,               -32,      -4.906046411,      -4.333516152,      -7.796227278
          0,           0,         414,      -6.729506922,      -4.527020908,               -32,      -4.907129678,      -4.337422415,      -7.795782344
          0,           0,         415,       -6.77112303,      -4.530946631,               -32,      -4.908318636,      -4.340887697,      -7.795392141
          0,           0,         416,      -6.812027321,      -4.534967877,               -32,      -4.909621164,      -4.344079258,      -7.795063712
          0,           0,         417,      -6.824392768,      -4.539095983,               -32,      -4.911026161,      -4.347757713,       -7.79479969
          0,           0,         418,      -6.781922292,      -4.543308916,               -32,      -4.912503925,      -4.351589592,      -7.794596956
          0,           0,         419,      -6.723098169,      -4.547611334,               -32,      -4.914067876,      -4.355110085,      -7.794456167
          0,           0,         420,      -6.715557614,      -4.552014157,               -32,      -4.915739548,      -4.359324794,      -7.794379825
          0,           0,         421,       -6.74152059,      -4.556484737,               -32,      -4.917502872,      -4.363694713,      -7.794358959
          0,           0,         422,      -6.795385564,      -4.561012702,               -32,      -4.919373462,      -4.367331107,      -7.794399518
          0,           0,         423,      -6.847475274,      -4.565639552,               -32,      -4.921352013,       -4.37063338,      -7.794523767
          0,           0,         424,      -6.857734178,      -4.570368211,               -32,      -4.923418716,       -4.37491541,      -7.794721019
          0,           0,         425,      -6.788557403,      -4.575152868,               -32,      -4.925551307,      -4.378928877,      -7.795016667
          0,           0,         426,      -6.716823987,      -4.580026781,               -32,      -4.927771072,      -4.382402807,      -7.795383492
          0,           0,         427,      -6.713541017,      -4.584997224,               -32,      -4.930087179,      -4.387443841,       -7.79583981
          0,           0,         428,      -6.742678563,      -4.589994176,               -32,      -4.932490699,      -4.391863841,      -7.796385387
          0,           0,         429,      -6.809912669,      -4.595032252,               -32,      -4.935015313,      -4.395470841,      -7.797033303
          0,           0,         430,      -6.875524464,       -4.60018214,               -32,      -4.937632195,      -4.398674759,      -7.797766871
          0,           0,         431,      -6.879913566,      -4.605420482,               -32,      -4.940307403,      -4.403805414,           -7.7986
          0,           0,         432,      -6.795294158,      -4.610685229,               -32,      -4.943053741,      -4.407967385,      -7.799541299
          0,           0,         433,      -6.724940568,       -4.61603794,               -32,      -4.945881598,      -4.411607933,      -7.800613139
          0,           0,         434,      -6.721370267,      -4.621465201,               -32,      -4.948793346,      -4.417662175,      -7.801812501
          0,           0,         435,      -6.751842674,      -4.626876192,               -32,      -4.951794807,      -4.422143646,      -7.803131766
          0,           0,         436,      -6.823157635,       -4.63231418,               -32,      -4.954916215,      -4.425777654,      -7.804591151
          0,           0,         437,      -6.892752392,      -4.637862964,               -32,      -4.958110077,      -4.429056881,      -7.806200549
          0,           0,         438,      -6.892678781,      -4.643471034,               -32,      -4.961350384,      -4.434925087,      -7.807963909
          0,           0,         439,      -6.804251372,      -4.649077613,               -32,      -4.964656175,       -4.43914036,      -7.809865861
          0,           0,         440,      -6.737740205,      -4.654761804,               -32,      -4.968031503,      -4.442805441,       -7.81191997
          0,           0,         441,      -6.734965299,      -4.660482997,               -32,      -4.971489988,       -4.44958692,      -7.814121282
          0,           0,         442,      -6.766562768,      -4.666147561,               -32,       -4.97502566,      -4.453959115,      -7.816491259
          0,           0,         443,      -6.839122787,      -4.671822283,               -32,      -4.978666827,      -4.457424059,      -7.819037231
          0,           0,         444,      -6.908670338,      -4.677595003,               -32,      -4.982364464,      -4.460750121,      -7.821769206
          0,           0,         445,        -6.9039014,      -4.683384684,               -32,      -4.986106973,      -4.467261316,      -7.824696446
          0,           0,         446,      -6.813538194,      -4.689142458,               -32,      -4.989896196,      -4.471329163,       -7.82780645
          0,           0,         447,        -6.7521563,      -4.694960776,               -32,      -4.993737161,      -4.474834669,       -7.83110409
          0,           0,         448,      -6.750675551,      -4.700765654,               -32,      -4.997670758,      -4.482330963,      -7.834614858
          0,           0,         449,      -6.783784398,      -4.706472733,               -32,      -5.001654857,      -4.486455268,      -7.838347546
          0,           0,         450,       -6.85683053,      -4.712172334,               -32,      -5.005719403,       -4.48959537,      -7.842287944
          0,           0,         451,      -6.924031012,      -4.717947536,               -32,      -5.009827527,      -4.492957571,      -7.846462307
          0,           0,         452,      -6.915432774,      -4.723688744,               -32,      -5.013981255,      -4.500043214,      -7.850863592
          0,           0,         453,      -6.824753621,      -4.729365794,               -32,      -5.018149979,      -4.503919034,      -7.855495258
          0,           0,         454,      -6.769307827,      -4.735075435,               -32,      -5.022351902,      -4.507185477,      -7.860374174
          0,           0,         455,      -6.769887178,       -4.74071698,               -32,      -5.026658793,      -4.515156023,      -7.865491884
          0,           0,         456,      -6.804400661,      -4.746224995,               -32,      -5.030978187,      -4.519176104,      -7.870847976
          0,           0,         457,      -6.875505797,      -4.751700909,               -32,      -5.035339971,      -4.521934754,      -7.876441131
          0,           0,         458,      -6.938455496,        -4.7572157,               -32,      -5.039736767,      -4.525246612,      -7.882271942
          0,           0,         459,      -6.928928161,      -4.762643943,               -32,      -5.044178653,      -4.532693377,      -7.888352657
          0,           0,         460,      -6.840157469,      -4.767972813,               -32,      -5.048591818,      -4.536353172,      -7.894690835
          0,           0,         461,      -6.788129354,      -4.773300648,               -32,      -5.053014115,      -4.539200471,      -7.901281346
          0,           0,         462,      -6.790175226,      -4.778507974,               -32,      -5.057551625,      -4.547515925,      -7.908120306
          0,           0,         463,       -6.82483859,      -4.783550336,               -32,      -5.062055765,      -4.551429075,      -7.915189416
          0,           0,         464,      -6.893273815,      -4.788531363,               -32,      -5.066554832,       -4.55368883,      -7.922476403
          0,           0,         465,      -6.954181139,      -4.793511738,               -32,      -5.071075039,      -4.556664188,      -7.929989883
          0,           0,         466,      -6.945625312,      -4.798358914,               -32,       -5.07563982,      -4.564434822,      -7.937699882
          0,           0,         467,      -6.858545481,      -4.803077404,               -32,      -5.080122779,      -4.567825931,      -7.945615493
          0,           0,         468,      -6.805390488,      -4.807763693,               -32,      -5.084580221,      -4.569964473,      -7.953712624
          0,           0,         469,      -6.807257997,      -4.812278255,               -32,      -5.089163744,      -4.578618786,      -7.961956735
          0,           0,         470,      -6.840846363,        -4.8166001,               -32,      -5.093662295,      -4.582423639,      -7.970352814
          0,           0,         471,      -6.907242134,      -4.820833772,               -32,       -5.09810061,      -4.584054539,      -7.978838526
          0,           0,         472,      -6.969196459,      -4.825038755,               -32,      -5.102531891,      -4.586197212,      -7.987385802
          0,           0,         473,      -6.964902878,      -4.829077367,               -32,        -5.1070139,      -4.594209984,      -7.995960588
          0,           0,         474,      -6.880927151,      -4.832964758,               -32,      -5.111356368,      -4.597354108,      -8.004516877
          0,           0,         475,      -6.821171829,      -4.836799792,               -32,      -5.115619067,       -4.59827927,      -8.013008958
          0,           0,         476,      -6.821380683,      -4.840427655,               -32,      -5.120025684,      -4.607178527,      -8.021423007
          0,           0,         477,      -6.852524872,      -4.843849467,               -32,      -5.124295338,       -4.61090169,      -8.029687403
          0,           0,         478,      -6.916725451,      -4.847164802,               -32,      -5.128444936,      -4.611822544,      -8.037752041
          0,           0,         479,      -6.982497718,       -4.85043854,               -32,      -5.132535929,       -4.61247291,      -8.045542522
          0,           0,         480,      -6.986818781,      -4.853532287,               -32,      -5.136697787,      -4.620431369,      -8.053014054
          0,           0,         481,      -6.908643537,      -4.856464217,               -32,      -5.140668068,      -4.623521557,      -8.060096669
          0,           0,         482,      -6.835489935,      -4.859340689,               -32,      -5.144477743,      -4.622706291,      -8.066734635
          0,           0,         483,      -6.832339855,      -4.861997675,               -32,       -5.14845814,      -4.631495018,      -8.072875709
          0,           0,         484,      -6.859419113,      -4.864452821,               -32,      -5.152261049,      -4.635267913,      -8.078468638
          0,           0,         485,      -6.920569783,      -4.866795252,               -32,      -5.155887968,       -4.63555477,      -8.083484512
          0,           0,         486,      -6.992155631,      -4.869100112,               -32,       -5.15937734,      -4.634184211,       -8.08790476
          0,           0,         487,       -7.01030618,      -4.871236235,               -32,      -5.162968985,       -4.64135437,       -8.09168239
          0,           0,         488,      -6.942405617,      -4.873214731,               -32,      -5.166339956,         -4.644764,      -8.094782932
          0,           0,         489,        -6.8499973,      -4.875146562,               -32,      -5.169455336,      -4.642126535,      -8.097265727
          0,           0,         490,      -6.841143712,      -4.876877055,               -32,      -5.172757802,      -4.649771625,      -8.099115816
          0,           0,         491,      -6.862071589,      -4.878424102,               -32,      -5.175873247,      -4.653870839,       -8.10036532
          0,           0,         492,       -6.91840523,      -4.879863348,               -32,      -5.178775842,      -4.653795148,      -8.101019734
          0,           0,         493,      -6.996054963,      -4.881279494,               -32,      -5.181450118,      -4.650469136,      -8.101160565
          0,           0,         494,      -7.032467739,      -4.882564707,               -32,      -5.184241927,      -4.655507577,      -8.100817224
          0,           0,         495,      -6.979816795,      -4.883708982,               -32,      -5.186826726,      -4.659648808,      -8.100047432
          0,           0,         496,      -6.870144544,      -4.884815191,               -32,      -5.189091258,      -4.656109719,      -8.098880945
          0,           0,         497,      -6.851280436,      -4.885774454,               -32,      -5.191499451,      -4.660812692,      -8.097387613
          0,           0,         498,       -6.86358547,      -4.886572053,               -32,      -5.193763146,      -4.665647789,      -8.095640938
          0,           0,         499,      -6.912467226,      -4.887274246,               -32,      -5.195812528,      -4.665601111,      -8.093710488
          0,           0,         500,      -6.993169493,      -4.887969944,               -32,      -5.197570343,      -4.661160006,      -8.091634199
          0,           0,         501,      -7.049447828,      -4.888595017,               -32,      -5.199402919,      -4.662617401,      -8.089474561
          0,           0,         502,      -7.015642029,      -4.889101193,               -32,      -5.201094902,      -4.667606236,      -8.087286011
          0,           0,         503,      -6.901504165,      -4.889575052,               -32,      -5.202472776,      -4.664564419,      -8.085123344
          0,           0,         504,      -6.864871022,      -4.889981503,               -32,      -5.203870448,      -4.665040462,      -8.083018585
          0,           0,         505,      -6.866784193,      -4.890241413,               -32,      -5.205220963,      -4.670852781,      -8.081028483
          0,           0,         506,      -6.906312859,      -4.890421587,               -32,      -5.206392642,      -4.671085824,      -8.079196868
          0,           0,         507,      -6.985252919,      -4.890612159,               -32,      -5.207264703,      -4.666439845,      -8.077544004
          0,           0,         508,      -7.059167469,      -4.890801366,               -32,      -5.208116602,      -4.664063645,      -8.076100778
          0,           0,         509,      -7.045478153,      -4.890895712,               -32,      -5.208927767,      -4.669447653,      -8.074895649
          0,           0,         510,      -6.938885896,      -4.890966623,               -32,      -5.209482885,      -4.667570144,      -8.073942062
          0,           0,         511,      -6.876630025,      -4.891047327,               -32,      -5.209922641,      -4.664413856,      -8.073280515
          0,           0,         512,      -6.868965796,      -4.890994906,               -32,      -5.210433834,      -4.670902994,      -8.072924644
          0,           0,         513,      -6.899323672,       -4.89087872,               -32,      -5.210819818,      -4.671477347,      -8.072870068
          0,           0,         514,      -6.973465772,      -4.890789473,               -32,      -5.210947817,      -4.667142881,      -8.073142642
          0,           0,         515,      -7.061290196,      -4.890762712,               -32,      -5.210961879,      -4.662006806,      -8.073750384
          0,           0,         516,      -7.068543921,      -4.890668909,               -32,      -5.211033636,      -4.667103156,      -8.074695792
          0,           0,         517,      -6.974503399,      -4.890562471,               -32,      -5.210918455,      -4.666467459,      -8.075995508
          0,           0,         518,      -6.883770578,      -4.890524439,               -32,      -5.210613022,      -4.661276297,      -8.077659986
          0,           0,         519,      -6.868865051,      -4.890374744,               -32,      -5.210478025,      -4.667764083,      -8.079684529
          0,           0,         520,       -6.89109472,      -4.890174064,               -32,      -5.210270297,      -4.668783604,      -8.082080764
          0,           0,         521,      -6.959036504,      -4.890012386,               -32,      -5.209880304,      -4.665108803,      -8.084836781
          0,           0,         522,      -7.056381243,      -4.889964209,               -32,       -5.20931702,      -4.658639656,      -8.087991594
          0,           0,         523,      -7.085244868,      -4.889883494,               -32,      -5.208886803,      -4.662912499,      -8.091522132
          0,           0,         524,      -7.005947271,      -4.889798966,               -32,      -5.208327094,      -4.663531948,       -8.09543286
          0,           0,         525,      -6.890689099,      -4.889816577,               -32,       -5.20758021,      -4.657930174,      -8.099727736
          0,           0,         526,      -6.870231834,      -4.889757426,               -32,      -5.207061689,       -4.66369058,      -8.104419323
          0,           0,         527,      -6.884848356,      -4.889656409,               -32,      -5.206509734,      -4.665358465,       -8.10948602
          0,           0,         528,      -6.945366363,      -4.889598893,               -32,      -5.205868031,      -4.662604623,      -8.114937959
          0,           0,         529,      -7.046663198,      -4.889688482,               -32,      -5.205036308,      -4.656052283,      -8.120775701
          0,           0,         530,       -7.09567995,      -4.889789142,               -32,      -5.204377922,      -4.659179872,      -8.127000097
          0,           0,         531,      -7.032236033,      -4.889891553,               -32,      -5.203631629,      -4.661076275,      -8.133610957
          0,           0,         532,       -6.90325723,      -4.890102564,               -32,      -5.202763013,      -4.656375253,      -8.140616828
          0,           0,         533,       -6.87729879,      -4.890284681,               -32,      -5.202134579,      -4.660917957,      -8.148024842
          0,           0,         534,      -6.884434113,      -4.890432023,               -32,      -5.201498504,      -4.663438581,      -8.155835583
          0,           0,         535,       -6.93682197,      -4.890618784,               -32,      -5.200862842,      -4.661702644,      -8.164037891
          0,           0,         536,      -7.036512407,      -4.890967521,               -32,      -5.200058227,       -4.65590687,      -8.172630349
          0,           0,         537,      -7.101119134,      -4.891376274,               -32,      -5.199429408,      -4.657909967,      -8.181608088
          0,           0,         538,      -7.052726797,      -4.891790039,               -32,      -5.198747167,       -4.66102373,      -8.190970153
          0,           0,         539,      -6.922161289,      -4.892298834,               -32,      -5.198028379,      -4.657867795,      -8.200733044
          0,           0,         540,      -6.889785022,      -4.892828374,               -32,      -5.197529934,      -4.661266474,      -8.210879862
          0,           0,         541,      -6.890425598,      -4.893328699,               -32,       -5.19704673,      -4.664753502,      -8.221412574
          0,           0,         542,      -6.935526052,      -4.893857241,               -32,      -5.196634101,      -4.663960588,      -8.232330299
          0,           0,         543,      -7.030585993,      -4.894549168,               -32,      -5.196092222,      -4.659242989,      -8.243644283
          0,           0,         544,      -7.104617614,       -4.89534422,               -32,      -5.195705395,      -4.660563601,      -8.255349725
          0,           0,         545,        -7.0680937,      -4.896146579,               -32,      -5.195297707,      -4.664723464,      -8.267482733
          0,           0,         546,      -6.942290953,      -4.897023522,               -32,      -5.194920987,      -4.663071753,      -8.280025801
          0,           0,         547,       -6.90395696,      -4.897957121,               -32,      -5.194738597,      -4.665899244,      -8.292949026
          0,           0,         548,      -6.900656759,      -4.898864468,               -32,      -5.194595882,       -4.67032616,      -8.306249886
          0,           0,         549,      -6.940922305,      -4.899785084,               -32,      -5.194566815,       -4.67032832,      -8.319954438
          0,           0,         550,      -7.031466454,      -4.900864559,               -32,      -5.194444618,      -4.666653354,      -8.334022786
          0,           0,         551,      -7.109253999,      -4.902074781,               -32,      -5.194454224,      -4.667927445,      -8.348455717
          0,           0,         552,      -7.079991226,      -4.903292929,               -32,      -5.194467923,       -4.67292085,      -8.363246246
          0,           0,         553,      -6.959453317,      -4.904566888,               -32,      -5.194550087,      -4.672437363,      -8.378385395
          0,           0,         554,      -6.918077172,       -4.90591355,               -32,      -5.194809257,      -4.675356463,      -8.393858954
          0,           0,         555,      -6.913893923,      -4.907232693,               -32,      -5.195126923,      -4.680593326,      -8.409649181
          0,           0,         556,      -6.952197278,      -4.908549595,               -32,      -5.195578093,      -4.681256185,      -8.425756101
          0,           0,         557,      -7.039726497,      -4.910019483,               -32,      -5.195957198,      -4.678469207,      -8.442174824
          0,           0,         558,       -7.11692742,      -4.911629825,               -32,      -5.196453162,      -4.680258344,      -8.458985732
          0,           0,         559,       -7.09020353,       -4.91324444,               -32,      -5.196965874,      -4.685909672,      -8.476056601
          0,           0,         560,      -6.973213895,      -4.914900555,               -32,      -5.197560218,      -4.686250866,      -8.493358893
          0,           0,         561,      -6.932690634,      -4.916628599,               -32,       -5.19832357,      -4.689757148,      -8.510837521
          0,           0,         562,      -6.929978412,      -4.918322284,               -32,      -5.199153639,      -4.695642643,      -8.528439974
          0,           0,         563,      -6.968597042,       -4.91999972,               -32,      -5.200119865,      -4.696847533,      -8.546112034
          0,           0,         564,      -7.054520602,      -4.921824752,               -32,      -5.201018869,      -4.694774963,      -8.563794147
          0,           0,         565,      -7.128255398,      -4.923784795,               -32,       -5.20202831,       -4.69745006,      -8.581410122
          0,           0,         566,      -7.100179237,      -4.925739886,               -32,       -5.20305618,      -4.703617391,      -8.598889745
          0,           0,         567,      -6.985044504,      -4.927727354,               -32,       -5.20416166,      -4.704504075,      -8.616148221
          0,           0,         568,      -6.948447986,      -4.929774654,               -32,      -5.205432953,      -4.708895566,      -8.633078057
          0,           0,         569,      -6.948549409,      -4.931775431,               -32,      -5.206769967,      -4.715278499,      -8.649574765
          0,           0,         570,      -6.988878858,       -4.93374884,               -32,      -5.208232688,      -4.716912471,      -8.665542721
          0,           0,         571,      -7.074145722,      -4.935865413,               -32,      -5.209620387,      -4.715384922,      -8.680910839
          0,           0,         572,      -7.143003678,      -4.938101074,               -32,      -5.211116695,      -4.719121186,      -8.695576151
          0,           0,         573,      -7.110952564,      -4.940318206,               -32,      -5.212626017,      -4.725675745,      -8.709390094
          0,           0,         574,      -6.996693928,      -4.942563642,               -32,       -5.21419704,      -4.726879256,      -8.722285709
          0,           0,         575,      -6.965460943,      -4.944850488,               -32,      -5.215931204,      -4.732280092,      -8.734087889
          0,           0,         576,      -6.968824716,      -4.947075309,               -32,      -5.217724477,      -4.739029168,      -8.744696548
          0,           0,         577,      -7.011432338,      -4.949265063,               -32,      -5.219623096,       -4.74096813,      -8.754076209
          0,           0,         578,      -7.096640174,      -4.951594232,               -32,      -5.221430874,      -4.739795734,      -8.762178217
          0,           0,         579,      -7.160473332,      -4.954021255,               -32,      -5.223346117,      -4.744576949,      -8.768985336
          0,           0,         580,      -7.123198235,      -4.956414565,               -32,      -5.225264995,      -4.751398351,      -8.774478467
          0,           0,         581,      -7.009486134,      -4.958835845,               -32,      -5.227222143,      -4.752704261,      -8.778786716
          0,           0,         582,      -6.983440998,      -4.961278319,               -32,      -5.229337584,      -4.759064924,      -8.781948393
          0,           0,         583,      -6.989786827,      -4.963642597,               -32,      -5.231502382,      -4.766082117,      -8.784033908
          0,           0,         584,      -7.034527483,      -4.965966625,               -32,      -5.233746072,      -4.768182919,      -8.785094183
          0,           0,         585,      -7.120024117,      -4.968426289,               -32,      -5.235878909,      -4.767115245,      -8.785259382
          0,           0,         586,      -7.179705818,      -4.970962232,               -32,      -5.238116473,      -4.772730862,      -8.784640161
          0,           0,         587,      -7.137420222,      -4.973450348,               -32,      -5.240345824,      -4.779715186,      -8.783359336
          0,           0,         588,      -7.024090466,       -4.97596737,               -32,       -5.24258626,       -4.78088316,      -8.781508918
          0,           0,         589,      -7.001860813,      -4.978487744,               -32,      -5.244977109,      -4.787954984,      -8.779176862
          0,           0,         590,      -7.010319786,      -4.980915335,               -32,      -5.247404954,       -4.79518104,       -8.77645071
          0,           0,         591,      -7.056436109,      -4.983297647,               -32,      -5.249883954,      -4.797282735,      -8.773413494
          0,           0,         592,      -7.142346139,      -4.985810909,               -32,      -5.252229905,      -4.795971736,      -8.770136746
          0,           0,         593,      -7.199730894,      -4.988382678,               -32,      -5.254675729,       -4.80200434,      -8.766683854
          0,           0,         594,      -7.154060422,      -4.990895111,               -32,       -5.25709935,      -4.809069379,      -8.763113444
          0,           0,         595,      -7.040565353,      -4.993435762,               -32,      -5.259506162,      -4.809812561,       -8.75946975
          0,           0,         596,      -7.020031889,      -4.995967681,               -32,      -5.262052593,      -4.817121679,      -8.755788224
          0,           0,         597,      -7.029284203,      -4.998395004,               -32,      -5.264620818,      -4.824529429,      -8.752098441
          0,           0,         598,      -7.075546798,      -5.000769255,               -32,      -5.267216152,      -4.826472177,      -8.748415409
          0,           0,         599,      -7.161822089,      -5.003268028,               -32,      -5.269654488,      -4.824483425,       -8.74475702
          0,           0,         600,      -7.219646811,      -5.005814218,               -32,      -5.272185755,      -4.830301532,      -8.741123289
          0,           0,         601,      -7.173125851,      -5.008292329,               -32,      -5.274679177,      -4.837385195,       -8.73764458
          0,           0,         602,      -7.058569349,      -5.010793727,               -32,      -5.277129878,       -4.83740942,      -8.734186672
          0,           0,         603,      -7.037154065,      -5.013282235,               -32,      -5.279705358,       -4.84424464,      -8.730789734
          0,           0,         604,        -7.0456181,      -5.015656825,               -32,       -5.28228599,      -4.851817922,       -8.72745927
          0,           0,         605,      -7.090575697,      -5.017965647,               -32,       -5.28487685,      -4.853464084,      -8.724181902
          0,           0,         606,      -7.176995117,      -5.020389995,               -32,      -5.287285507,       -4.85037014,      -8.720950946
          0,           0,         607,      -7.238273579,      -5.022858602,               -32,      -5.289776333,      -4.855153749,      -8.717759841
          0,           0,         608,       -7.19345185,      -5.025252203,               -32,      -5.292214328,      -4.862197979,      -8.714601877
          0,           0,         609,      -7.077323667,      -5.027658296,               -32,      -5.294588099,      -4.861306446,      -8.711468655
          0,           0,         610,      -7.052225242,      -5.030055605,               -32,      -5.297063775,      -4.866781813,      -8.708327433
          0,           0,         611,      -7.058349739,      -5.032330149,               -32,      -5.299531676,      -4.874492003,      -8.705288003
          0,           0,         612,      -7.100713813,      -5.034521153,               -32,      -5.302000358,      -4.875736877,      -8.702222565
          0,           0,         613,      -7.186899034,      -5.036815629,               -32,      -5.304262114,      -4.871267522,       -8.69914598
          0,           0,         614,      -7.253922155,      -5.039158205,               -32,      -5.306587549,      -4.874157079,      -8.696052223
          0,           0,         615,      -7.212463594,      -5.041418694,               -32,      -5.308850597,      -4.881084886,      -8.692942162
          0,           0,         616,      -7.095048089,      -5.043675726,               -32,       -5.31103273,      -4.879244628,      -8.689808578
          0,           0,         617,      -7.063873273,       -5.04593356,               -32,      -5.313282151,      -4.882553678,      -8.686638766
          0,           0,         618,      -7.066531189,      -5.048056802,               -32,      -5.315522468,      -4.890342897,      -8.683433034
          0,           0,         619,       -7.10565397,      -5.050075883,               -32,      -5.317758068,      -4.891107436,      -8.680182007
          0,           0,         620,       -7.19142662,      -5.052184376,               -32,         -5.319764,      -4.885223681,      -8.676879819
          0,           0,         621,      -7.264982185,      -5.054347894,               -32,        -5.3218061,      -4.885659109,      -8.673527361
          0,           0,         622,        -7.2271065,      -5.056419174,               -32,       -5.32378653,      -4.892375122,      -8.670133463
          0,           0,         623,      -7.108770838,      -5.058469547,               -32,      -5.325670536,      -4.889638588,      -8.666717056
          0,           0,         624,      -7.070834634,       -5.06052933,               -32,      -5.327579522,      -4.890471528,      -8.663262553
          0,           0,         625,       -7.06969578,      -5.062436603,               -32,      -5.329494029,      -4.898244921,      -8.659786808
          0,           0,         626,      -7.105952682,        -5.0642202,               -32,      -5.331397316,      -4.898458067,      -8.656261708
          0,           0,         627,      -7.191953782,      -5.066080443,               -32,       -5.33304934,       -4.89126294,      -8.652687677
          0,           0,         628,      -7.271049823,      -5.067998819,               -32,      -5.334709209,      -4.889359343,      -8.649075843
          0,           0,         629,      -7.235320114,      -5.069809149,               -32,      -5.336318472,      -4.895789679,      -8.645431999
          0,           0,         630,      -7.115566972,      -5.071584873,               -32,      -5.337811147,      -4.892150858,      -8.641755831
          0,           0,         631,      -7.073076702,      -5.073369276,               -32,      -5.339294345,      -4.890980132,      -8.638054972
          0,           0,         632,      -7.068778369,      -5.074976928,               -32,      -5.340808851,      -4.898601583,      -8.634344119
          0,           0,         633,      -7.103624895,       -5.07644705,               -32,      -5.342301906,      -4.898184148,      -8.630623608
          0,           0,         634,      -7.191566513,      -5.077987007,               -32,      -5.343520632,       -4.88977109,      -8.626893505
          0,           0,         635,      -7.273373023,      -5.079575977,               -32,      -5.344736619,      -4.886442799,      -8.623166759
          0,           0,         636,      -7.236753938,      -5.081035834,               -32,      -5.345916938,      -4.892547322,      -8.619463335
          0,           0,         637,      -7.114148379,      -5.082456762,               -32,      -5.346950912,      -4.887864336,      -8.615778227
          0,           0,         638,      -7.071757605,      -5.083868299,               -32,      -5.347972643,      -4.885883313,      -8.612126926
          0,           0,         639,      -7.065878572,      -5.085076795,               -32,       -5.34905058,      -4.893148464,      -8.608512992
          0,           0,         640,      -7.101541808,      -5.086144555,               -32,      -5.350093249,      -4.892010621,      -8.604937752
          0,           0,         641,      -7.193639557,      -5.087285593,               -32,      -5.350835098,      -4.882405995,      -8.601418169
          0,           0,         642,      -7.273709659,       -5.08844699,               -32,      -5.351602773,      -4.879141663,      -8.597945192
          0,           0,         643,      -7.232393774,      -5.089458731,               -32,      -5.352344066,      -4.884822942,          -8.59453
          0,           0,         644,      -7.105549185,      -5.090441897,               -32,      -5.352896634,      -4.878860363,      -8.591169129
          0,           0,         645,      -7.067678252,      -5.091375049,               -32,      -5.353489394,      -4.877625892,      -8.587873492
          0,           0,         646,      -7.062526901,       -5.09208578,               -32,      -5.354149356,      -4.884238253,      -8.584656737
          0,           0,         647,      -7.101442828,      -5.092667767,               -32,      -5.354757437,       -4.88230739,       -8.58151483
          0,           0,         648,      -7.199173057,      -5.093338189,               -32,      -5.355036317,      -4.871572122,      -8.578463104
          0,           0,         649,      -7.272658727,      -5.093979981,               -32,      -5.355419053,      -4.869925903,      -8.575504685
          0,           0,         650,      -7.223802153,      -5.094461955,               -32,      -5.355772167,      -4.874968754,      -8.572634527
          0,           0,         651,      -7.093154417,      -5.094941674,               -32,      -5.355883968,      -4.867587723,      -8.569835421
          0,           0,         652,      -7.061197187,      -5.095312282,               -32,      -5.356149161,      -4.868461659,      -8.567167065
          0,           0,         653,       -7.05908655,      -5.095457832,               -32,      -5.356472863,      -4.874159465,      -8.564637911
          0,           0,         654,      -7.103186095,      -5.095502269,               -32,      -5.356725699,      -4.871422675,       -8.56220331
          0,           0,         655,      -7.206244524,      -5.095658172,               -32,        -5.3566266,      -4.859826612,      -8.559857167
          0,           0,         656,      -7.269861054,      -5.095728383,               -32,      -5.356744343,      -4.860785607,      -8.557615646
          0,           0,         657,      -7.212740715,      -5.095646472,               -32,      -5.356817151,      -4.864993038,      -8.555496275
          0,           0,         658,      -7.081507987,      -5.095597769,               -32,      -5.356598677,      -4.856385717,      -8.553474605
          0,           0,         659,      -7.054249523,      -5.095380196,               -32,      -5.356680357,       -4.86000107,      -8.551566778
          0,           0,         660,      -7.056459754,      -5.094955957,               -32,      -5.356797878,      -4.864744749,      -8.549772283
          0,           0,         661,      -7.106529911,       -5.09446886,               -32,      -5.356823622,       -4.86126613,      -8.548086217
          0,           0,         662,      -7.212921473,      -5.094115989,               -32,        -5.3564926,      -4.849346326,      -8.546499829
          0,           0,         663,      -7.265875672,       -5.09363335,               -32,      -5.356490203,      -4.852999465,      -8.545037185
          0,           0,         664,      -7.201419034,      -5.093024238,               -32,      -5.356422781,      -4.856350621,      -8.543685764
          0,           0,         665,      -7.073937163,       -5.09248188,               -32,       -5.35603424,       -4.84709107,      -8.542435137
          0,           0,         666,      -7.049840513,      -5.091731984,               -32,      -5.356079424,      -4.853240538,      -8.541306742
          0,           0,         667,      -7.056360084,      -5.090811224,               -32,       -5.35613564,      -4.857212771,      -8.540298628
          0,           0,         668,      -7.111912407,      -5.089869867,               -32,      -5.356078155,      -4.853148598,       -8.53939322
          0,           0,         669,      -7.219086496,      -5.089078483,               -32,      -5.355685321,       -4.84157951,      -8.538588073
          0,           0,         670,       -7.26257593,      -5.088141553,               -32,      -5.355696683,      -4.847324681,      -8.537915653
          0,           0,         671,      -7.192432647,      -5.087115113,               -32,       -5.35562758,      -4.849998643,      -8.537361166
          0,           0,         672,      -7.071339126,       -5.08618042,               -32,      -5.355236159,      -4.840831046,      -8.536916944
          0,           0,         673,      -7.049495382,      -5.085031921,               -32,      -5.355363518,      -4.848804006,      -8.536579564
          0,           0,         674,      -7.059534126,       -5.08375695,               -32,      -5.355484745,      -4.852298924,      -8.536359521
          0,           0,         675,      -7.119196759,      -5.082501948,               -32,      -5.355471597,      -4.847911006,      -8.536266507
          0,           0,         676,      -7.225415631,      -5.081405495,               -32,      -5.355164785,      -4.837248559,      -8.536302229
          0,           0,         677,      -7.261907098,      -5.080176864,               -32,      -5.355290025,      -4.844268614,      -8.536440257
          0,           0,         678,      -7.187978063,      -5.078898025,               -32,      -5.355329445,      -4.846586891,      -8.536673342
          0,           0,         679,      -7.072893649,      -5.077728099,               -32,      -5.355067273,      -4.838121448,      -8.536997871
          0,           0,         680,      -7.052753331,      -5.076367404,               -32,      -5.355353896,      -4.847137996,      -8.537425029
          0,           0,         681,      -7.065176589,      -5.074923925,               -32,      -5.355627832,      -4.850482031,      -8.537963126
          0,           0,         682,      -7.127186892,      -5.073534617,               -32,      -5.355752204,      -4.846119126,       -8.53858891
          0,           0,         683,      -7.232228654,      -5.072310179,               -32,        -5.3556255,      -4.836590395,      -8.539302684
          0,           0,         684,      -7.265074536,      -5.070986062,               -32,      -5.355924529,      -4.844215395,      -8.540126585
          0,           0,         685,      -7.189346817,      -5.069646414,               -32,      -5.356141418,      -4.846566706,      -8.541045775
          0,           0,         686,      -7.077355557,      -5.068428743,               -32,      -5.356084017,      -4.839109301,      -8.542056273
          0,           0,         687,      -7.058338009,      -5.067061347,               -32,      -5.356565883,      -4.848564496,      -8.543162307
          0,           0,         688,      -7.071819755,       -5.06564789,               -32,      -5.357035844,      -4.852076986,      -8.544362387
          0,           0,         689,      -7.134351933,      -5.064313158,               -32,      -5.357351452,      -4.848121663,      -8.545648528
          0,           0,         690,      -7.239276503,      -5.063151494,               -32,      -5.357439433,      -4.839610137,      -8.547016729
          0,           0,         691,      -7.272518208,      -5.061929959,               -32,      -5.357934764,      -4.847397862,      -8.548475792
          0,           0,         692,      -7.197026691,      -5.060719636,               -32,      -5.358355354,      -4.850162063,      -8.550016236
          0,           0,         693,      -7.083901918,      -5.059641782,               -32,      -5.358524171,      -4.843757277,       -8.55163601
          0,           0,         694,      -7.065242217,      -5.058462134,               -32,      -5.359202476,      -4.853215968,      -8.553344541
          0,           0,         695,      -7.078327659,      -5.057263836,               -32,      -5.359870774,      -4.857180001,      -8.555137411
          0,           0,         696,      -7.139593367,      -5.056157585,               -32,      -5.360394545,      -4.853987123,      -8.557004872
          0,           0,         697,      -7.245848254,      -5.055234333,               -32,      -5.360686408,       -4.84619642,      -8.558946355
          0,           0,         698,      -7.284065062,      -5.054290817,               -32,      -5.361369904,      -4.853801336,      -8.560970472
          0,           0,         699,      -7.210956491,      -5.053377216,               -32,      -5.361982693,       -4.85727697,      -8.563073196
          0,           0,         700,      -7.092616723,      -5.052601894,               -32,      -5.362363182,      -4.851888827,       -8.56526203
          0,           0,         701,      -7.073316995,      -5.051773103,               -32,      -5.363212391,        -4.8609324,      -8.567539336
          0,           0,         702,      -7.084484437,      -5.050944661,               -32,      -5.364048087,      -4.865565636,      -8.569907924
          0,           0,         703,      -7.142696333,      -5.050210128,               -32,      -5.364766781,       -4.86341575,      -8.572356214
          0,           0,         704,      -7.250907372,      -5.049666462,               -32,      -5.365229298,      -4.856099683,      -8.574869298
          0,           0,         705,      -7.298891753,      -5.049139729,               -32,      -5.366070645,      -4.863085124,      -8.577455302
          0,           0,         706,      -7.230486023,      -5.048655653,               -32,      -5.366835263,      -4.867431446,      -8.580110044
          0,           0,         707,      -7.104861513,      -5.048307206,               -32,      -5.367398666,      -4.863125988,      -8.582830493
          0,           0,         708,      -7.083423026,      -5.047951856,               -32,      -5.368374801,      -4.871212132,      -8.585621877
          0,           0,         709,      -7.091149792,      -5.047610291,               -32,      -5.369324932,      -4.876642957,      -8.588513597
          0,           0,         710,       -7.14459361,      -5.047353746,               -32,       -5.37020373,      -4.875697754,      -8.591467081
          0,           0,         711,      -7.253562634,      -5.047289232,               -32,       -5.37080365,      -4.868833043,      -8.594478849
          0,           0,         712,      -7.315352768,      -5.047277372,               -32,       -5.37175848,       -4.87458436,      -8.597561066
          0,           0,         713,      -7.253961207,      -5.047317799,               -32,      -5.372619649,      -4.879789549,      -8.600708051
          0,           0,         714,      -7.122591192,      -5.047480956,               -32,      -5.373336047,      -4.876748008,      -8.603912421
          0,           0,         715,      -7.096419935,      -5.047681143,               -32,      -5.374385111,      -4.883262483,      -8.607179838
          0,           0,         716,      -7.099385238,      -5.047905598,               -32,        -5.3753919,      -4.889521742,      -8.610511723
          0,           0,         717,      -7.146792961,      -5.048197142,               -32,       -5.37638509,      -4.889767119,      -8.613900188
          0,           0,         718,      -7.253768211,       -5.04867315,               -32,       -5.37709998,      -4.883522967,      -8.617351042
          0,           0,         719,      -7.331158713,      -5.049236816,               -32,      -5.378118429,      -4.887404391,      -8.620876639
          0,           0,         720,       -7.27856294,      -5.049861058,               -32,      -5.379025441,      -4.893292433,      -8.624459189
          0,           0,         721,      -7.145549794,      -5.050587902,               -32,      -5.379862133,      -4.891576797,      -8.628095249
          0,           0,         722,      -7.110858213,      -5.051390728,               -32,      -5.380932285,      -4.896101285,      -8.631789484
          0,           0,         723,      -7.108442561,      -5.052225603,               -32,      -5.381953369,      -4.903119037,       -8.63554594
          0,           0,         724,      -7.149496907,      -5.053103635,               -32,      -5.383016754,      -4.904345396,      -8.639366367
          0,           0,         725,      -7.252057347,      -5.054151959,               -32,      -5.383829988,      -4.898858144,      -8.643237932
          0,           0,         726,      -7.344051972,      -5.055320893,               -32,       -5.38486975,      -4.900522273,      -8.647178084
          0,           0,         727,      -7.301103484,      -5.056557202,               -32,       -5.38579188,       -4.90680874,      -8.651183432
          0,           0,         728,      -7.169868118,      -5.057874293,               -32,      -5.386711619,      -4.906182659,      -8.655241428
          0,           0,         729,      -7.123209457,      -5.059298534,               -32,      -5.387769132,      -4.908672188,      -8.659367026
          0,           0,         730,      -7.115822924,      -5.060758508,               -32,      -5.388785653,      -4.916261812,      -8.663567096
          0,           0,         731,      -7.151246354,      -5.062235128,               -32,      -5.389885549,      -4.918139911,      -8.667842173
          0,           0,         732,      -7.248704487,      -5.063864818,               -32,      -5.390779979,      -4.913376961,      -8.672164581
          0,           0,         733,       -7.35249397,      -5.065643858,               -32,      -5.391818794,      -4.912892897,      -8.676558764
          0,           0,         734,      -7.319153697,      -5.067494306,               -32,      -5.392746072,      -4.919280673,      -8.681010295
          0,           0,         735,      -7.191184411,      -5.069405053,               -32,      -5.393716721,      -4.919336383,      -8.685512783
          0,           0,         736,      -7.131489513,      -5.071445455,               -32,      -5.394753367,      -4.920036809,      -8.690070249
          0,           0,         737,      -7.120207817,       -5.07351985,               -32,      -5.395763469,      -4.927926808,       -8.69468642
          0,           0,         738,       -7.15129882,      -5.075583472,               -32,      -5.396880403,      -4.930117808,      -8.699354191
          0,           0,         739,      -7.244375713,      -5.077782046,               -32,      -5.397840978,      -4.925913659,      -8.704067022
          0,           0,         740,      -7.356350899,      -5.080153104,               -32,      -5.398878355,      -4.923653183,      -8.708832179
          0,           0,         741,      -7.331524524,      -5.082594931,               -32,      -5.399814631,      -4.929929205,      -8.713650563
          0,           0,         742,      -7.207126972,      -5.085077383,               -32,      -5.400818412,      -4.930273441,      -8.718544003
          0,           0,         743,      -7.136491024,      -5.087703695,               -32,      -5.401845514,      -4.929575019,      -8.723506614
          0,           0,         744,      -7.122495802,      -5.090355267,               -32,      -5.402857801,      -4.937513912,      -8.728528015
          0,           0,         745,      -7.150684735,       -5.09296695,               -32,      -5.403987657,      -4.939729975,      -8.733607602
          0,           0,         746,      -7.240782627,      -5.095695364,               -32,      -5.405006286,      -4.935844452,      -8.738757317
          0,           0,         747,      -7.356972067,      -5.098613073,               -32,      -5.406055908,      -4.932309403,      -8.743960628
          0,           0,         748,      -7.338149072,      -5.101593198,               -32,      -5.407013693,      -4.938412877,       -8.74922243
          0,           0,         749,      -7.216931214,      -5.104592821,               -32,      -5.408048431,      -4.938733732,      -8.754533144
          0,           0,         750,      -7.140163943,        -5.1077423,               -32,      -5.409086164,      -4.937062138,      -8.759898384
          0,           0,         751,      -7.124483495,      -5.110898322,               -32,      -5.410117634,      -4.944926132,      -8.765324537
          0,           0,         752,      -7.151179706,      -5.113981354,               -32,      -5.411270286,      -4.946945978,      -8.770810878
          0,           0,         753,      -7.240026819,      -5.117163144,               -32,      -5.412347114,      -4.943101847,      -8.776350938
          0,           0,         754,      -7.356336841,       -5.12054387,               -32,      -5.413427162,      -4.938796973,      -8.781972706
          0,           0,         755,      -7.339800632,       -5.12396623,               -32,       -5.41442539,      -4.944840665,       -8.78765898
          0,           0,         756,      -7.220688902,      -5.127383407,               -32,      -5.415500175,      -4.944901578,      -8.793405364
          0,           0,         757,       -7.14411207,      -5.130947226,               -32,      -5.416568964,      -4.942651888,      -8.799210803
          0,           0,         758,      -7.127664077,      -5.134484138,               -32,       -5.41764442,      -4.950483763,      -8.805091572
          0,           0,         759,      -7.154242816,      -5.137909202,               -32,      -5.418839206,      -4.952156976,      -8.811054219
          0,           0,         760,      -7.243658714,      -5.141415787,               -32,      -5.419979656,      -4.948075468,      -8.817068071
          0,           0,         761,      -7.356064658,      -5.145121431,               -32,      -5.421106055,      -4.943476531,      -8.823145717
          0,           0,         762,      -7.337828797,      -5.148830012,               -32,      -5.422168324,      -4.949681279,      -8.829292787
          0,           0,         763,      -7.219213768,      -5.152505241,               -32,      -5.423296528,      -4.949301957,      -8.835504727
          0,           0,         764,      -7.148955275,      -5.156311527,               -32,      -5.424413244,      -4.946852936,      -8.841780424
          0,           0,         765,       -7.13276463,      -5.160038013,               -32,       -5.42556275,      -4.954781194,      -8.848127432
          0,           0,         766,      -7.160555547,      -5.163609808,               -32,      -5.426821758,      -4.956039847,      -8.854545993
          0,           0,         767,      -7.252110632,      -5.167247935,               -32,      -5.428030549,      -4.951476249,       -8.86104084
          0,           0,         768,       -7.35697767,      -5.171070068,               -32,      -5.429215655,      -4.947106386,      -8.867602861
          0,           0,         769,      -7.333882745,      -5.174836106,               -32,      -5.430365577,      -4.953644905,      -8.874229682
          0,           0,         770,      -7.214160075,      -5.178541171,               -32,       -5.43155761,      -4.952688687,       -8.88091455
          0,           0,         771,      -7.154223035,      -5.182343605,               -32,      -5.432737146,      -4.950497375,      -8.887668058
          0,           0,         772,      -7.139596126,      -5.185994336,               -32,      -5.433988246,       -4.95857342,      -8.894498179
          0,           0,         773,      -7.169848595,       -5.18945078,               -32,      -5.435329314,      -4.959439128,      -8.901425253
          0,           0,         774,        -7.2644852,      -5.192963628,               -32,      -5.436603967,      -4.954215157,      -8.908432423
          0,           0,         775,      -7.359217125,      -5.196622174,               -32,       -5.43785964,      -4.950739393,      -8.915508107
          0,           0,         776,      -7.329583773,      -5.200151929,               -32,       -5.43911251,      -4.957597332,      -8.922648809
          0,           0,         777,       -7.20787298,       -5.20360169,               -32,      -5.440370073,      -4.955952785,      -8.929850458
          0,           0,         778,      -7.159001436,      -5.207092608,               -32,      -5.441628888,      -4.954629715,      -8.937164632
          0,           0,         779,      -7.147351344,      -5.210352518,               -32,      -5.442995776,      -4.962745374,      -8.944562823
          0,           0,         780,      -7.181152647,      -5.213392822,               -32,      -5.444426328,      -4.963290724,      -8.952031245
          0,           0,         781,      -7.279052706,      -5.216490488,               -32,      -5.445753753,      -4.957315191,      -8.959562678
          0,           0,         782,      -7.362676307,      -5.219669482,               -32,      -5.447092422,      -4.955491404,      -8.967174176
          0,           0,         783,      -7.326233139,      -5.222651837,               -32,       -5.44844842,       -4.96248391,      -8.974880063
          0,           0,         784,       -7.20273314,      -5.225553381,               -32,      -5.449761265,      -4.960048505,      -8.982655647
          0,           0,         785,      -7.163233669,      -5.228422407,               -32,      -5.451115363,      -4.960281568,      -8.990520759
          0,           0,         786,      -7.155606621,      -5.230996329,               -32,      -5.452593385,      -4.968263812,      -8.998475859
          0,           0,         787,      -7.193733694,      -5.233350264,               -32,       -5.45410606,      -4.968542157,      -9.006513166
          0,           0,         788,      -7.294542394,      -5.235779004,               -32,      -5.455464003,      -4.961817685,      -9.014631496
          0,           0,         789,      -7.367545928,      -5.238210333,               -32,      -5.456892298,       -4.96227806,      -9.022867933
          0,           0,         790,       -7.32471774,      -5.240405688,               -32,      -5.458335951,      -4.969185421,      -9.031197006
          0,           0,         791,      -7.200390789,      -5.242544277,               -32,      -5.459682097,      -4.965892222,      -9.039630796
          0,           0,         792,      -7.167959324,      -5.244576585,               -32,      -5.461137403,      -4.968247396,       -9.04816469
          0,           0,         793,      -7.164771078,      -5.246287626,               -32,      -5.462705604,       -4.97599231,      -9.056804924
          0,           0,         794,      -7.207599366,       -5.24780895,               -32,      -5.464277524,      -4.976009586,      -9.065533651
          0,           0,         795,      -7.310770578,      -5.249439389,               -32,      -5.465638899,      -4.968639247,      -9.074361014
          0,           0,         796,      -7.374380444,      -5.251002781,               -32,      -5.467147723,      -4.971676944,      -9.083299811
          0,           0,         797,      -7.325555229,      -5.252333769,               -32,      -5.468651168,      -4.978352201,      -9.092337609
          0,           0,         798,      -7.201524852,      -5.253655273,               -32,      -5.470000419,      -4.974223819,      -9.101490124
          0,           0,         799,      -7.174283816,      -5.254817064,               -32,      -5.471543155,      -4.978979544,      -9.110762978
          0,           0,         800,      -7.175419583,      -5.255677195,               -32,      -5.473169045,      -4.986490834,      -9.120157857
          0,           0,         801,      -7.222954109,      -5.256404234,               -32,      -5.474764873,      -4.986229946,      -9.129658589
          0,           0,         802,      -7.328045107,      -5.257283923,               -32,      -5.476101564,      -4.978403686,      -9.139286678
          0,           0,         803,      -7.383674395,      -5.258055945,               -32,      -5.477660667,       -4.98389873,      -9.149048074
          0,           0,         804,      -7.328979785,       -5.25863687,               -32,       -5.47918689,      -4.990295657,       -9.15892411
          0,           0,         805,      -7.206075006,      -5.259267352,               -32,      -5.480505635,      -4.985462139,      -9.168945627
          0,           0,         806,      -7.182634984,      -5.259715826,               -32,      -5.482099346,      -4.992544033,      -9.179114727
          0,           0,         807,      -7.187605276,      -5.259915471,               -32,      -5.483742145,      -4.999906784,       -9.18942993
          0,           0,         808,      -7.239511904,      -5.260050116,               -32,        -5.4853194,      -4.999363868,      -9.199889974
          0,           0,         809,      -7.346404687,       -5.26037859,               -32,      -5.486603472,      -4.991283963,      -9.210491635
          0,           0,         810,      -7.395572492,      -5.260592147,               -32,      -5.488164415,      -4.998764383,      -9.221256739
          0,           0,         811,      -7.335116164,      -5.260673401,               -32,      -5.489670141,        -5.0049167,      -9.232155493
          0,           0,         812,      -7.213482991,      -5.260859895,               -32,      -5.490925176,      -4.999566885,       -9.24321137
          0,           0,         813,      -7.192690337,      -5.260870736,               -32,      -5.492515432,      -5.008565106,      -9.254442316
          0,           0,         814,      -7.200672941,      -5.260695486,               -32,      -5.494128519,      -5.015907902,      -9.265845383
          0,           0,         815,      -7.256219709,       -5.26051694,               -32,      -5.495643868,      -5.015120642,      -9.277405881
          0,           0,         816,      -7.365234758,      -5.260563141,               -32,      -5.496846612,      -5.006879929,      -9.289132479
          0,           0,         817,      -7.409873943,      -5.260511266,               -32,      -5.498352378,      -5.015657096,      -9.301045056
          0,           0,         818,      -7.344146995,      -5.260382169,               -32,      -5.499791883,      -5.021647123,      -9.313128271
          0,           0,         819,      -7.222824129,      -5.260400383,               -32,      -5.500952456,      -5.015935239,      -9.325398045
          0,           0,         820,       -7.20355892,      -5.260268049,               -32,      -5.502477266,      -5.026183067,      -9.337865136
          0,           0,         821,      -7.213377477,      -5.260002699,               -32,      -5.504011576,      -5.033638079,      -9.350521384
          0,           0,         822,       -7.27132549,      -5.259777258,               -32,      -5.505427011,      -5.032701404,      -9.363333264
          0,           0,         823,      -7.383162044,      -5.259796211,               -32,      -5.506518846,      -5.024191998,      -9.376343644
          0,           0,         824,      -7.426096343,      -5.259745251,               -32,      -5.507915267,      -5.033488054,      -9.389559633
          0,           0,         825,      -7.356295053,      -5.259656229,               -32,      -5.509245292,      -5.039424698,      -9.402928947
          0,           0,         826,      -7.233082122,      -5.259740051,               -32,      -5.510285136,      -5.033410335,      -9.416503582
          0,           0,         827,      -7.214136957,      -5.259707659,               -32,      -5.511686659,      -5.044071253,      -9.430297423
          0,           0,         828,      -7.224258177,      -5.259576803,               -32,      -5.513095424,      -5.051738514,      -9.444293113
          0,           0,         829,      -7.282803567,      -5.259506623,               -32,      -5.514382665,      -5.050804354,      -9.458449358
          0,           0,         830,      -7.398166965,      -5.259691899,               -32,      -5.515337296,      -5.041758303,      -9.472818169
          0,           0,         831,      -7.443419982,      -5.259838679,               -32,      -5.516581435,      -5.050748351,      -9.487392572
          0,           0,         832,       -7.37152874,      -5.259968183,               -32,       -5.51776539,      -5.056749127,      -9.502106807
          0,           0,         833,       -7.24369795,      -5.260280168,               -32,      -5.518667181,      -5.050470584,      -9.516973575
          0,           0,         834,        -7.2236858,      -5.260514755,               -32,      -5.519900035,      -5.060579087,      -9.532026198
          0,           0,         835,      -7.232304567,      -5.260667156,               -32,      -5.521143625,      -5.068502212,      -9.547267873
          0,           0,         836,      -7.289217203,      -5.260880138,               -32,       -5.52228539,       -5.06775355,       -9.56259178
          0,           0,         837,      -7.408038943,      -5.261352558,               -32,      -5.523088228,      -5.057959193,       -9.57801758
          0,           0,         838,      -7.460517946,      -5.261820006,               -32,       -5.52415204,      -5.065737729,      -9.593579238
          0,           0,         839,      -7.389109883,      -5.262276026,               -32,      -5.525162163,      -5.071893891,      -9.609180588
          0,           0,         840,      -7.255077426,      -5.262908641,               -32,      -5.525922562,      -5.065550054,      -9.624891612
          0,           0,         841,      -7.232303808,      -5.263506874,               -32,      -5.526957495,      -5.074063299,      -9.640735751
          0,           0,         842,      -7.237559331,      -5.264025533,               -32,      -5.528007764,      -5.082220667,      -9.656647575
          0,           0,         843,      -7.290632712,       -5.26458765,               -32,      -5.528996499,      -5.081807153,      -9.672493992
          0,           0,         844,      -7.411299206,      -5.265404909,               -32,      -5.529651552,      -5.071367097,      -9.688265856
          0,           0,         845,      -7.475494039,      -5.266255466,               -32,      -5.530522475,      -5.076997445,        -9.7040014
          0,           0,         846,      -7.407299046,      -5.267090828,               -32,      -5.531342127,      -5.083325214,      -9.719572416
          0,           0,         847,      -7.268108662,      -5.268082136,               -32,      -5.531970827,       -5.07732103,      -9.734947336
          0,           0,         848,      -7.240478431,      -5.269086011,               -32,      -5.532796604,      -5.083357783,      -9.750131153
          0,           0,         849,      -7.240838116,      -5.270003966,               -32,      -5.533642279,      -5.091677237,       -9.76506292
          0,           0,         850,      -7.288557352,       -5.27093576,               -32,      -5.534479305,      -5.091633146,      -9.779592991
          0,           0,         851,      -7.408247335,      -5.272109369,               -32,      -5.535006945,       -5.08096525,      -9.793734061
          0,           0,         852,       -7.48632862,      -5.273359868,               -32,      -5.535688483,       -5.08378994,      -9.807491084
          0,           0,         853,      -7.423670285,      -5.274586046,               -32,      -5.536317584,      -5.090213659,      -9.820718548
          0,           0,         854,      -7.282376396,      -5.275936978,               -32,      -5.536829924,      -5.084907279,      -9.833348604
          0,           0,         855,      -7.247812709,      -5.277346674,               -32,      -5.537456254,      -5.088149647,      -9.845374895
          0,           0,         856,      -7.242593985,        -5.2786577,               -32,      -5.538108337,       -5.09653354,      -9.856838411
          0,           0,         857,      -7.284651438,      -5.279945465,               -32,       -5.53880546,      -5.096751365,      -9.867562589
          0,           0,         858,      -7.401043761,      -5.281455848,               -32,       -5.53923323,       -5.08628525,      -9.877499367
          0,           0,         859,      -7.491878984,      -5.283087235,               -32,      -5.539746821,      -5.086315146,      -9.886753976
          0,           0,         860,      -7.436112779,      -5.284681597,               -32,      -5.540207062,      -5.092716267,      -9.895253249
          0,           0,         861,      -7.295556252,      -5.286365794,               -32,      -5.540621199,      -5.088184271,      -9.902855345
          0,           0,         862,      -7.253211437,      -5.288146491,               -32,      -5.541080666,      -5.089042585,      -9.909752495
          0,           0,         863,      -7.242894759,      -5.289810193,               -32,      -5.541572826,      -5.097375995,      -9.916048601
          0,           0,         864,      -7.280192823,      -5.291411238,               -32,      -5.542155026,      -5.097670272,        -9.9215267
          0,           0,         865,      -7.392771152,      -5.293215505,               -32,      -5.542513291,      -5.087621439,      -9.926266858
          0,           0,         866,       -7.49265649,      -5.295178037,               -32,       -5.54289864,       -5.08556673,      -9.930515142
          0,           0,         867,       -7.44372759,      -5.297086957,               -32,       -5.54323297,      -5.091862718,       -9.93423523
          0,           0,         868,       -7.30530059,      -5.299052743,               -32,       -5.54357551,      -5.087958804,      -9.937423285
          0,           0,         869,      -7.256574112,      -5.301138396,               -32,      -5.543920718,      -5.087327242,      -9.940068555
          0,           0,         870,      -7.242591977,      -5.303083491,               -32,      -5.544305546,      -5.095500062,      -9.942460744
          0,           0,         871,      -7.276791573,      -5.304928853,               -32,      -5.544812993,      -5.095699718,      -9.944544955
          0,           0,         872,      -7.386632006,      -5.306962971,               -32,      -5.545138062,      -5.086094876,      -9.946325481
          0,           0,         873,       -7.49064931,      -5.309179886,               -32,      -5.545450014,      -5.083034107,      -9.947981516
          0,           0,         874,      -7.446897154,      -5.311321677,               -32,      -5.545718591,      -5.089218453,      -9.949533494
          0,           0,         875,      -7.310669715,      -5.313493285,               -32,      -5.546030204,      -5.085730543,      -9.950789629
          0,           0,         876,      -7.258983932,      -5.315791326,               -32,      -5.546327555,      -5.084625404,       -9.95179263
          0,           0,         877,      -7.243275243,      -5.317920574,               -32,      -5.546673015,      -5.092570439,      -9.952886395
          0,           0,         878,      -7.276330232,      -5.319919557,               -32,      -5.547160903,      -5.092571637,      -9.953995571
          0,           0,         879,      -7.385239239,      -5.322101693,               -32,      -5.547498197,       -5.08335829,      -9.955098192
          0,           0,         880,      -7.488263099,      -5.324474745,               -32,      -5.547802059,      -5.080391718,      -9.956317143
          0,           0,         881,      -7.446731642,      -5.326746178,               -32,        -5.5480779,      -5.086508931,      -9.957511918
          0,           0,         882,      -7.311916965,      -5.329030393,               -32,       -5.54841309,      -5.083240803,      -9.958612701
          0,           0,         883,      -7.261526183,      -5.331430326,               -32,      -5.548736687,      -5.082575188,      -9.959867785
          0,           0,         884,      -7.246241793,      -5.333630294,               -32,       -5.54912186,       -5.09026912,      -9.961369848
          0,           0,         885,      -7.280193443,      -5.335680719,               -32,      -5.549656424,      -5.090041431,      -9.963026814
          0,           0,         886,      -7.390036167,      -5.337920771,               -32,      -5.550058839,       -5.08116559,      -9.964799875
          0,           0,         887,      -7.487266077,      -5.340340391,               -32,      -5.550425799,      -5.079245414,      -9.966781766
          0,           0,         888,      -7.444456895,      -5.342629275,               -32,      -5.550788858,       -5.08532402,      -9.968935407
          0,           0,         889,      -7.309914511,      -5.344929114,               -32,      -5.551209838,      -5.082109422,      -9.971063834
          0,           0,         890,      -7.264570369,       -5.34731611,               -32,       -5.55163611,      -5.082636314,      -9.973307042
          0,           0,         891,      -7.251938637,       -5.34947269,               -32,      -5.552143723,      -5.090057763,      -9.975761818
          0,           0,         892,      -7.288903987,       -5.35147681,               -32,      -5.552794479,      -5.089622063,       -9.97833203
          0,           0,         893,      -7.401182394,      -5.353691337,               -32,      -5.553316319,      -5.081068562,      -9.980981429
          0,           0,         894,        -7.4883691,      -5.356051337,               -32,      -5.553818311,      -5.080973752,      -9.983784466
          0,           0,         895,      -7.440978426,      -5.358253907,               -32,      -5.554346585,      -5.086961722,      -9.986682664
          0,           0,         896,      -7.305908865,      -5.360486001,               -32,      -5.554913527,      -5.083653369,       -9.98964468
          0,           0,         897,      -7.267926141,      -5.362757508,               -32,      -5.555515243,       -5.08600167,       -9.99269479
          0,           0,         898,      -7.260110052,      -5.364773903,               -32,      -5.556221378,      -5.093089746,      -9.995859538
          0,           0,         899,      -7.302286399,      -5.366655123,               -32,      -5.557051273,      -5.092475257,      -9.998995468
          0,           0,         900,      -7.417711281,      -5.368781332,               -32,      -5.557740825,      -5.084299287,      -10.00197169
          0,           0,         901,      -7.491282458,      -5.370994697,               -32,      -5.558443524,      -5.086636187,       -10.0049935
          0,           0,         902,      -7.436631156,      -5.373032839,               -32,      -5.559202322,      -5.092374963,      -10.00794895
          0,           0,         903,      -7.301675141,      -5.375141658,               -32,      -5.559963091,      -5.088846973,      -10.01082501
          0,           0,         904,      -7.271609048,      -5.377222606,               -32,      -5.560801723,      -5.093554729,      -10.01374483
          0,           0,         905,       -7.27045766,      -5.379033993,               -32,      -5.561765159,      -5.100203308,      -10.01671888
          0,           0,         906,      -7.320023726,      -5.380748122,               -32,      -5.562820448,      -5.099385243,      -10.01960337
          0,           0,         907,      -7.437921943,      -5.382749215,               -32,      -5.563714597,       -5.09176638,      -10.02240421
          0,           0,         908,      -7.495054183,       -5.38476002,               -32,      -5.564668192,      -5.096893184,      -10.02514503
          0,           0,         909,       -7.43111355,       -5.38659288,               -32,       -5.56569962,      -5.102142011,      -10.02772277
          0,           0,         910,      -7.299893935,      -5.388555192,               -32,      -5.566682475,      -5.098362513,      -10.03017493
          0,           0,         911,      -7.276924349,      -5.390406822,               -32,      -5.567799257,      -5.105836671,      -10.03250424
          0,           0,         912,       -7.28371987,       -5.39198702,               -32,      -5.569052665,      -5.111919983,      -10.03469293
          0,           0,         913,       -7.34267766,      -5.393525081,               -32,      -5.570353884,      -5.110748689,      -10.03663917
          0,           0,         914,       -7.46037096,      -5.395384426,               -32,      -5.571476674,      -5.104083639,      -10.03841724
          0,           0,         915,       -7.49868444,      -5.397172052,               -32,      -5.572705753,      -5.111931845,      -10.04004337
          0,           0,         916,      -7.423669602,      -5.398799219,               -32,      -5.574019872,      -5.116408576,      -10.04144685
          0,           0,         917,      -7.304191023,      -5.400615756,               -32,      -5.575232967,      -5.112645453,      -10.04267725
          0,           0,         918,      -7.287018283,      -5.402235304,               -32,      -5.576640099,      -5.122971693,      -10.04374569
          0,           0,         919,       -7.30245013,      -5.403595244,               -32,      -5.578183489,       -5.12836273,      -10.04458448
          0,           0,         920,      -7.372533872,      -5.404980349,               -32,      -5.579718162,      -5.126512614,      -10.04515261
          0,           0,         921,      -7.485010155,      -5.406690006,               -32,       -5.58108173,      -5.121548822,      -10.04558463
          0,           0,         922,      -7.501688873,      -5.408264939,               -32,      -5.582577332,      -5.131411801,      -10.04589398
          0,           0,         923,      -7.413544815,      -5.409721536,               -32,      -5.584145827,      -5.134792622,      -10.04598645
          0,           0,         924,      -7.317550004,      -5.411397643,               -32,      -5.585585548,      -5.131956319,      -10.04598409
          0,           0,         925,      -7.305435813,      -5.412810015,               -32,      -5.587259186,      -5.144492059,      -10.04589545
          0,           0,         926,      -7.329947759,      -5.413991807,               -32,      -5.589054742,      -5.149065141,      -10.04567473
          0,           0,         927,      -7.412377178,      -5.415273646,               -32,      -5.590773342,      -5.146077191,      -10.04527627
          0,           0,         928,      -7.512774102,      -5.416828043,               -32,      -5.592374248,      -5.143986616,       -10.0448421
          0,           0,         929,      -7.504202465,      -5.418221769,               -32,        -5.5940935,      -5.154500006,      -10.04433051
          0,           0,         930,      -7.400998432,       -5.41956599,               -32,      -5.595848477,      -5.156353532,      -10.04366379
          0,           0,         931,       -7.33744553,      -5.421094577,               -32,      -5.597506215,      -5.156100122,      -10.04299669
          0,           0,         932,      -7.331180893,      -5.422338811,               -32,      -5.599386583,      -5.169193661,      -10.04235257
          0,           0,         933,      -7.365518828,      -5.423404962,               -32,      -5.601358072,      -5.172811561,      -10.04162836
          0,           0,         934,       -7.45980349,      -5.424645484,               -32,       -5.60318127,      -5.168367011,      -10.04082453
          0,           0,         935,       -7.54159415,      -5.426050912,               -32,      -5.604982345,      -5.170330987,      -10.04005977
          0,           0,         936,      -7.506101814,      -5.427304333,               -32,      -5.606858751,       -5.18005321,      -10.03926238
          0,           0,         937,      -7.389024106,      -5.428595315,               -32,      -5.608704723,      -5.179834679,      -10.03841859
          0,           0,         938,      -7.354200153,      -5.429969487,               -32,      -5.610546151,      -5.183674995,      -10.03766096
          0,           0,         939,      -7.355587212,      -5.431083612,               -32,       -5.61255313,      -5.195559297,      -10.03701894
          0,           0,         940,      -7.400483861,        -5.4320913,               -32,      -5.614601527,      -5.197995803,       -10.0363381
          0,           0,         941,      -7.503558019,      -5.433330483,               -32,      -5.616446601,      -5.192236648,      -10.03567746
          0,           0,         942,      -7.564577078,      -5.434617305,               -32,      -5.618361887,      -5.198330132,      -10.03510492
          0,           0,         943,      -7.506563416,      -5.435773943,               -32,      -5.620312234,      -5.206575474,       -10.0345112
          0,           0,         944,      -7.383173602,      -5.437047679,               -32,      -5.622153811,      -5.204016099,      -10.03397501
          0,           0,         945,      -7.364239217,      -5.438291299,               -32,      -5.624092111,      -5.211973959,      -10.03356003
          0,           0,         946,      -7.373367803,      -5.439309989,               -32,      -5.626138307,      -5.222131959,      -10.03326156
          0,           0,         947,      -7.428065008,      -5.440289002,               -32,      -5.628166956,      -5.223100369,      -10.03294502
          0,           0,         948,      -7.536570803,      -5.441529837,               -32,      -5.629962832,      -5.216249057,      -10.03271042
          0,           0,         949,      -7.579961125,      -5.442738127,               -32,      -5.631880191,      -5.225157773,      -10.03260001
          0,           0,         950,       -7.50668411,      -5.443838549,               -32,      -5.633806246,      -5.231876455,      -10.03246625
          0,           0,         951,      -7.385067598,      -5.445107461,               -32,      -5.635562023,      -5.227194342,      -10.03242535
          0,           0,         952,      -7.372461549,       -5.44626672,               -32,      -5.637480438,      -5.237969059,      -10.03252713
          0,           0,         953,      -7.387107372,      -5.447225286,               -32,      -5.639470234,      -5.246732098,       -10.0327528
          0,           0,         954,       -7.44922846,      -5.448188438,               -32,      -5.641393031,      -5.246084575,      -10.03295305
          0,           0,         955,      -7.561199238,      -5.449424114,               -32,      -5.643069966,      -5.238022669,      -10.03324869
          0,           0,         956,      -7.591892027,      -5.450586131,               -32,      -5.644883284,      -5.248150921,      -10.03367238
          0,           0,         957,       -7.50861178,       -5.45165889,               -32,      -5.646688385,      -5.253396159,      -10.03404102
          0,           0,         958,       -7.39083805,      -5.452927501,               -32,      -5.648283969,      -5.246800392,      -10.03449844
          0,           0,         959,      -7.379908932,      -5.454041538,               -32,      -5.650073819,      -5.258929644,      -10.03514185
          0,           0,         960,      -7.397373708,      -5.454967745,               -32,      -5.651915786,       -5.26656498,      -10.03585879
          0,           0,         961,      -7.464249143,       -5.45592237,               -32,      -5.653658787,      -5.264320081,      -10.03648934
          0,           0,         962,      -7.579490267,      -5.457153705,               -32,      -5.655146727,      -5.254731708,      -10.03718398
          0,           0,         963,      -7.602502516,      -5.458292363,               -32,      -5.656769281,      -5.264927423,      -10.03796981
          0,           0,         964,      -7.512528858,      -5.459353035,               -32,      -5.658374227,       -5.26879114,      -10.03863674
          0,           0,         965,      -7.396411121,      -5.460624547,               -32,      -5.659744051,      -5.260354828,      -10.03936875
          0,           0,         966,      -7.384652049,      -5.461716843,               -32,        -5.6613211,       -5.27272184,      -10.04023138
          0,           0,         967,      -7.402780306,      -5.462626054,               -32,      -5.662942955,      -5.279293289,      -10.04112344
          0,           0,         968,      -7.472310475,       -5.46357484,               -32,      -5.664450059,      -5.275597503,      -10.04181015
          0,           0,         969,      -7.591680489,      -5.464807079,               -32,      -5.665690108,      -5.264275941,      -10.04257424
          0,           0,         970,      -7.611353036,      -5.465936683,               -32,      -5.667059413,      -5.273896622,      -10.04340712
          0,           0,         971,       -7.51694133,      -5.466991703,               -32,      -5.668409124,      -5.276557434,       -10.0440678
          0,           0,         972,      -7.399766088,      -5.468267917,               -32,      -5.669505444,      -5.266481726,       -10.0447486
          0,           0,         973,      -7.385698734,      -5.469348139,               -32,      -5.670815419,      -5.278422905,      -10.04552765
          0,           0,         974,      -7.403224736,      -5.470244164,               -32,      -5.672172049,      -5.283914191,      -10.04630212
          0,           0,         975,      -7.474294117,      -5.471185252,               -32,      -5.673409973,      -5.278998195,      -10.04687065
          0,           0,         976,      -7.598381175,      -5.472421402,               -32,      -5.674367323,      -5.266153839,      -10.04741478
          0,           0,         977,      -7.617237961,       -5.47354644,               -32,      -5.675449899,       -5.27499201,      -10.04797163
          0,           0,         978,      -7.519814934,      -5.474595005,               -32,      -5.676517699,      -5.276658093,      -10.04830348
          0,           0,         979,      -7.400911993,      -5.475874003,               -32,      -5.677320093,      -5.265461337,      -10.04861248
          0,           0,         980,      -7.383918228,      -5.476939505,               -32,      -5.678343202,      -5.276776065,      -10.04898706
          0,           0,         981,      -7.400641498,      -5.477816098,               -32,      -5.679422453,      -5.281170807,      -10.04931731
          0,           0,         982,      -7.473373938,      -5.478743915,               -32,       -5.68038523,      -5.275266605,      -10.04942005
          0,           0,         983,      -7.601546577,      -5.479981396,               -32,      -5.681058527,       -5.26161661,      -10.04947791
          0,           0,         984,      -7.619247773,      -5.481095471,               -32,      -5.681856128,      -5.269837219,      -10.04953421
          0,           0,         985,      -7.519220291,      -5.482129904,               -32,      -5.682649758,      -5.270648423,      -10.04933124
          0,           0,         986,      -7.401177055,      -5.483404141,               -32,      -5.683173774,      -5.259126933,      -10.04907341
          0,           0,         987,      -7.381482195,      -5.484441216,               -32,      -5.683930237,      -5.269978971,       -10.0488555
          0,           0,         988,      -7.398252866,      -5.485283957,               -32,      -5.684758843,      -5.273275082,      -10.04855693
          0,           0,         989,      -7.474053157,      -5.486190913,               -32,      -5.685472909,      -5.266535359,      -10.04797934
          0,           0,         990,      -7.604000714,      -5.487420765,               -32,      -5.685900564,      -5.253167561,      -10.04732613
          0,           0,         991,      -7.617195067,      -5.488508069,               -32,      -5.686455268,      -5.261130607,      -10.04662935
          0,           0,         992,      -7.513665063,      -5.489516336,               -32,      -5.687021127,      -5.261095064,      -10.04566438
          0,           0,         993,      -7.402600073,      -5.490771755,               -32,      -5.687324784,      -5.250240424,      -10.04463716
          0,           0,         994,      -7.381179597,      -5.491759738,               -32,       -5.68787652,      -5.260880833,      -10.04363406
          0,           0,         995,      -7.399641454,      -5.492551351,               -32,      -5.688520714,      -5.263074702,      -10.04252119
          0,           0,         996,      -7.480960333,      -5.493432708,               -32,      -5.689045596,      -5.255539232,      -10.04112962
          0,           0,         997,      -7.608270242,      -5.494639244,               -32,      -5.689308254,      -5.243788534,      -10.03967325
          0,           0,         998,      -7.611575012,      -5.495679971,               -32,      -5.689700632,      -5.251710353,      -10.03816039
          0,           0,         999,      -7.502298525,      -5.496653038,               -32,      -5.690118247,      -5.250699603,      -10.03639766
          0,           0,        1000,      -7.407168779,      -5.497867482,               -32,      -5.690303374,       -5.24175721,      -10.03457545
          0,           0,        1001,       -7.38580287,      -5.498786357,               -32,      -5.690745855,      -5.252121155,      -10.03277977
          0,           0,        1002,      -7.408069655,      -5.499516877,               -32,      -5.691299688,      -5.253201381,      -10.03086661
          0,           0,        1003,        -7.4978293,      -5.500379756,               -32,      -5.691717622,      -5.244829036,      -10.02871088
          0,           0,        1004,      -7.615768222,      -5.501540909,               -32,      -5.691931562,      -5.236194595,       -10.0265199
          0,           0,        1005,      -7.603359941,       -5.50251961,               -32,      -5.692269109,        -5.2438658,      -10.02426914
          0,           0,        1006,      -7.485357378,      -5.503462232,               -32,       -5.69263288,      -5.241675884,      -10.02181521
          0,           0,        1007,       -7.41435001,      -5.504604565,               -32,      -5.692835358,      -5.236126244,      -10.01931025
          0,           0,        1008,      -7.396138016,      -5.505442774,               -32,      -5.693281585,      -5.245615441,      -10.01682899
          0,           0,        1009,      -7.424821512,      -5.506120552,               -32,      -5.693845445,       -5.24561502,      -10.01423193
          0,           0,        1010,      -7.525234332,      -5.506991634,               -32,      -5.694242638,      -5.236446485,      -10.01143624
          0,           0,        1011,      -7.625884423,      -5.508085814,               -32,      -5.694537253,      -5.232278386,        -10.008625
          0,           0,        1012,      -7.593498797,      -5.508998581,               -32,      -5.694938025,      -5.239187958,      -10.00575268
          0,           0,        1013,      -7.465108792,      -5.509935482,               -32,      -5.695336059,      -5.235654464,      -10.00275247
          0,           0,        1014,      -7.418983257,      -5.510976504,               -32,      -5.695696039,      -5.234727838,      -9.999736588
          0,           0,        1015,       -7.40833467,      -5.511734153,               -32,      -5.696261885,      -5.242637291,      -9.996745258
          0,           0,        1016,      -7.446778319,      -5.512386421,               -32,      -5.696925455,      -5.241690097,      -9.993653377
          0,           0,        1017,      -7.557560097,      -5.513304493,               -32,      -5.697381236,      -5.232137712,      -9.990460026
          0,           0,        1018,      -7.634469193,      -5.514324901,               -32,      -5.697866836,      -5.233103684,      -9.987270723
          0,           0,        1019,       -7.58163897,      -5.515182075,               -32,      -5.698441131,      -5.238837714,      -9.984016636
          0,           0,        1020,      -7.446982086,       -5.51615019,               -32,      -5.698946294,        -5.2340165,      -9.980708584
          0,           0,        1021,      -7.418252296,      -5.517086717,               -32,      -5.699568292,       -5.23812009,      -9.977413524
          0,           0,        1022,       -7.41873456,      -5.517776845,               -32,       -5.70035688,      -5.244302674,      -9.974135107
          0,           0,        1023,      -7.470286696,      -5.518438046,               -32,      -5.701192457,      -5.242518444,      -9.970773267
          0,           0,        1024,      -7.587229574,      -5.519428841,               -32,      -5.701786412,      -5.233541002,      -9.967386527
          0,           0,        1025,      -7.637038278,       -5.52039003,               -32,      -5.702534801,      -5.239242243,       -9.96403126
          0,           0,        1026,      -7.565792911,      -5.521219633,               -32,      -5.703360678,      -5.243553858,      -9.960613422
          0,           0,        1027,      -7.438956653,      -5.522250405,               -32,      -5.704036787,      -5.238127423,      -9.957202041
          0,           0,        1028,      -7.419829455,      -5.523113524,               -32,      -5.704973072,      -5.246751189,      -9.953829461
          0,           0,        1029,      -7.432572252,      -5.523767293,               -32,      -5.706050325,      -5.251453048,      -9.950464406
          0,           0,        1030,      -7.499829787,      -5.524478913,               -32,      -5.707099737,      -5.248668065,      -9.947030517
          0,           0,        1031,      -7.613812083,      -5.525537698,               -32,      -5.707921183,      -5.241891034,      -9.943614895
          0,           0,        1032,      -7.633692092,      -5.526471088,               -32,      -5.708960685,      -5.250719182,      -9.940216523
          0,           0,        1033,       -7.54392887,      -5.527326018,               -32,       -5.71006046,      -5.253321547,      -9.936734973
          0,           0,        1034,      -7.447809164,      -5.528423104,               -32,      -5.710981255,      -5.249269634,      -9.933303735
          0,           0,        1035,      -7.435137294,      -5.529262447,               -32,      -5.712235281,      -5.260704945,      -9.929941667
          0,           0,        1036,      -7.460536162,      -5.529934782,               -32,      -5.713610088,      -5.264045166,      -9.926587992
          0,           0,        1037,       -7.54542817,      -5.530761414,               -32,      -5.714863296,      -5.259797833,      -9.923205761
          0,           0,        1038,      -7.642457519,       -5.53185609,               -32,      -5.716004052,      -5.257657541,      -9.919883688
          0,           0,        1039,      -7.627005437,      -5.532803033,               -32,       -5.71732492,       -5.26691077,      -9.916591016
          0,           0,        1040,      -7.516614038,      -5.533763062,               -32,      -5.718652969,      -5.267328793,       -9.91328199
          0,           0,        1041,      -7.466677642,      -5.534884194,               -32,      -5.719913394,      -5.268007813,      -9.910028902
          0,           0,        1042,      -7.463125563,      -5.535748843,               -32,      -5.721450898,      -5.279006805,       -9.90684127
          0,           0,        1043,      -7.503385273,      -5.536518605,               -32,      -5.723068391,      -5.280952032,      -9.903651547
          0,           0,        1044,      -7.603414349,      -5.537537591,               -32,      -5.724474001,      -5.275379292,      -9.900473182
          0,           0,        1045,      -7.669638141,      -5.538651018,               -32,       -5.72596244,      -5.279758663,      -9.897356109
          0,           0,        1046,      -7.617015053,      -5.539651447,               -32,      -5.727543673,      -5.287191109,      -9.894247012
          0,           0,        1047,      -7.494063937,      -5.540789267,               -32,      -5.729018324,      -5.285095151,      -9.891167526
          0,           0,        1048,      -7.475520076,      -5.541903243,               -32,      -5.730645653,      -5.292579262,      -9.888148949
          0,           0,        1049,      -7.485951459,      -5.542818665,               -32,      -5.732437452,      -5.301028263,      -9.885183371
          0,           0,        1050,       -7.54423348,      -5.543742511,               -32,      -5.734219617,      -5.301325497,      -9.882201397
          0,           0,        1051,      -7.649812058,      -5.544961459,               -32,      -5.735764372,         -5.296228,      -9.879246943
          0,           0,        1052,      -7.680466945,      -5.546123977,               -32,      -5.737519209,      -5.305774399,      -9.876351929
          0,           0,        1053,      -7.599345603,       -5.54722062,               -32,       -5.73930946,      -5.310852218,      -9.873454492
          0,           0,        1054,      -7.493569646,       -5.54853817,               -32,      -5.740902833,      -5.307785948,      -9.870617845
          0,           0,        1055,      -7.486386415,       -5.54968241,               -32,      -5.742798693,      -5.320354305,      -9.867852799
          0,           0,        1056,      -7.510853971,      -5.550675018,               -32,       -5.74479119,      -5.326568985,       -9.86512668
          0,           0,        1057,      -7.587945896,      -5.551774032,               -32,      -5.746662265,      -5.324658826,      -9.862407339
          0,           0,        1058,      -7.686214326,      -5.553129885,               -32,       -5.74837293,      -5.322443666,      -9.859751813
          0,           0,        1059,      -7.679672028,      -5.554371628,               -32,      -5.750279603,      -5.333564573,      -9.857144694
          0,           0,        1060,      -7.575794081,      -5.555614451,               -32,      -5.752169096,      -5.335911414,      -9.854543376
          0,           0,        1061,      -7.511946333,      -5.557053552,               -32,      -5.753906052,      -5.335369839,      -9.852009533
          0,           0,        1062,      -7.511237399,      -5.558272352,               -32,      -5.755935528,      -5.349075678,      -9.849549687
          0,           0,        1063,      -7.548853031,      -5.559385292,               -32,      -5.758016471,      -5.353333461,      -9.847116822
          0,           0,        1064,       -7.64276493,      -5.560685821,               -32,      -5.759881489,      -5.348845897,      -9.844709739
          0,           0,        1065,      -7.719660254,      -5.562122905,               -32,      -5.761745817,      -5.351703235,       -9.84236851
          0,           0,        1066,      -7.675077453,      -5.563456119,               -32,      -5.763708941,      -5.361228982,      -9.840058831
          0,           0,        1067,      -7.553721509,      -5.564880679,               -32,      -5.765570028,      -5.360092078,      -9.837778938
          0,           0,        1068,      -7.527072929,      -5.566374261,               -32,       -5.76744699,       -5.36500363,      -9.835564828
          0,           0,        1069,      -7.534885637,      -5.567673398,               -32,      -5.769505889,      -5.376491679,      -9.833416598
          0,           0,        1070,      -7.586262406,      -5.568931182,               -32,      -5.771555184,      -5.378484151,      -9.831288575
          0,           0,        1071,      -7.691353898,      -5.570429527,               -32,      -5.773342532,      -5.372076087,      -9.829206486
          0,           0,        1072,       -7.73992619,      -5.571935582,               -32,      -5.775262243,      -5.379795786,      -9.827187493
          0,           0,        1073,       -7.66603794,      -5.573362635,               -32,      -5.777206031,      -5.386647978,      -9.825187263
          0,           0,        1074,        -7.5425972,       -5.57496173,               -32,      -5.778954933,      -5.382154884,      -9.823238892
          0,           0,        1075,      -7.531891594,      -5.576490434,               -32,      -5.780879326,      -5.392173087,      -9.821358643
          0,           0,        1076,      -7.548828673,      -5.577853728,               -32,      -5.782898745,      -5.400886368,      -9.819521884
          0,           0,        1077,      -7.613783856,      -5.579239513,               -32,      -5.784834974,      -5.400217627,      -9.817692419
          0,           0,        1078,       -7.72438756,      -5.580885058,               -32,      -5.786510997,      -5.392939002,       -9.81592305
          0,           0,        1079,      -7.746190221,      -5.582457911,               -32,      -5.788366741,      -5.403144162,      -9.814215131
          0,           0,        1080,      -7.653376557,      -5.583976134,               -32,      -5.790209722,      -5.407237052,      -9.812523661
          0,           0,        1081,       -7.54338769,      -5.585709478,               -32,      -5.791807894,      -5.400742662,      -9.810897003
          0,           0,        1082,      -7.536787714,      -5.587279433,               -32,      -5.793661099,      -5.413526872,      -9.809343603
          0,           0,        1083,      -7.560909038,      -5.588695296,               -32,      -5.795569669,      -5.419911327,      -9.807841642
          0,           0,        1084,      -7.638515913,      -5.590182397,               -32,       -5.79733409,      -5.416370082,      -9.806363474
          0,           0,        1085,      -7.749151172,      -5.591919649,               -32,      -5.798872079,      -5.409236519,       -9.80492451
          0,           0,        1086,      -7.746210571,      -5.593542744,               -32,      -5.800577209,      -5.419714422,      -9.803534128
          0,           0,        1087,      -7.638615034,      -5.595139589,               -32,      -5.802245335,      -5.420820018,      -9.802145308
          0,           0,        1088,      -7.550653706,      -5.596956708,               -32,      -5.803669217,      -5.414061592,      -9.800776046
          0,           0,        1089,      -7.544466088,      -5.598556612,               -32,      -5.805363613,      -5.427388248,      -9.799447413
          0,           0,        1090,      -7.574590672,      -5.600009137,               -32,      -5.807096991,      -5.431463849,      -9.798165916
          0,           0,        1091,      -7.665114324,        -5.6015777,               -32,      -5.808637746,      -5.424878513,      -9.796914685
          0,           0,        1092,      -7.769680228,       -5.60335856,               -32,      -5.810013353,      -5.419268936,      -9.795705416
          0,           0,        1093,      -7.742258306,        -5.6050056,               -32,      -5.811513353,      -5.428506053,       -9.79452425
          0,           0,        1094,      -7.620355179,      -5.606663326,               -32,       -5.81294884,      -5.426355298,      -9.793372287
          0,           0,        1095,       -7.55886021,      -5.608501742,               -32,      -5.814194735,       -5.42150855,      -9.792292586
          0,           0,        1096,      -7.553033136,       -5.61009945,               -32,      -5.815678084,      -5.433376718,      -9.791293236
          0,           0,        1097,      -7.589743081,      -5.611565859,               -32,      -5.817190905,      -5.434947182,      -9.790340192
          0,           0,        1098,      -7.694435287,      -5.613200211,               -32,      -5.818468211,      -5.425359753,      -9.789403371
          0,           0,        1099,      -7.785333958,      -5.614976352,               -32,      -5.819666697,      -5.422821057,      -9.788516684
          0,           0,        1100,      -7.733797622,      -5.616613578,               -32,      -5.820938853,      -5.429880073,      -9.787683241
          0,           0,        1101,      -7.598261578,      -5.618313019,               -32,      -5.822102884,      -5.424425135,      -9.786898613
          0,           0,        1102,      -7.560463281,      -5.620100323,               -32,      -5.823187346,      -5.423501223,      -9.786190074
          0,           0,        1103,      -7.557806655,      -5.621648113,               -32,      -5.824448388,      -5.432488376,      -9.785564488
          0,           0,        1104,      -7.603344708,      -5.623100274,               -32,       -5.82572167,      -5.431547522,      -9.784989346
          0,           0,        1105,      -7.722122086,       -5.62477961,               -32,      -5.826721595,      -5.419700879,      -9.784474696
          0,           0,        1106,      -7.792034454,      -5.626502661,               -32,      -5.827740481,      -5.421066401,      -9.784035922
          0,           0,        1107,      -7.720066823,      -5.628090804,               -32,      -5.828797312,      -5.425690489,       -9.78364834
          0,           0,        1108,      -7.576977644,      -5.629806763,               -32,       -5.82968353,      -5.417502586,       -9.78332497
          0,           0,        1109,      -7.552415116,      -5.631480988,               -32,      -5.830630018,      -5.421108385,      -9.783074733
          0,           0,        1110,      -7.556544198,      -5.632926026,               -32,      -5.831703646,      -5.427095425,      -9.782897329
          0,           0,        1111,      -7.614002304,      -5.634329724,               -32,      -5.832755905,      -5.423972888,       -9.78276528
          0,           0,        1112,      -7.743084628,      -5.636016988,               -32,      -5.833507469,      -5.411453493,      -9.782698625
          0,           0,        1113,       -7.78771739,      -5.637640806,               -32,      -5.834369267,       -5.41639539,      -9.782698765
          0,           0,        1114,      -7.700392936,      -5.639142427,               -32,      -5.835253992,      -5.418720622,      -9.782740113
          0,           0,        1115,      -7.564200993,      -5.640840602,               -32,      -5.835903339,      -5.409215024,      -9.782847601
          0,           0,        1116,      -7.544281138,      -5.642363114,               -32,      -5.836749184,      -5.416662151,      -9.783020537
          0,           0,        1117,      -7.557338491,      -5.643666147,               -32,      -5.837700902,      -5.420230044,      -9.783250869
          0,           0,        1118,      -7.630222789,      -5.644995904,               -32,      -5.838584056,      -5.415213533,      -9.783519913
          0,           0,        1119,      -7.759694936,      -5.646639577,               -32,       -5.83916961,      -5.404307135,      -9.783850914
          0,           0,        1120,      -7.775590281,      -5.648126365,               -32,       -5.83993158,      -5.411553721,      -9.784237003
          0,           0,        1121,      -7.673494325,      -5.649524631,               -32,      -5.840705347,      -5.411560294,      -9.784655971
          0,           0,        1122,      -7.566671399,      -5.651161058,               -32,      -5.841215171,      -5.403209757,      -9.785133497
          0,           0,        1123,      -7.548978922,      -5.652513313,               -32,      -5.842023346,      -5.412931635,      -9.785654674
          0,           0,        1124,      -7.572618227,      -5.653666739,               -32,      -5.842929507,      -5.414397408,       -9.78620665
          0,           0,        1125,      -7.665387441,      -5.654937927,               -32,      -5.843702212,      -5.407339901,       -9.78679358
          0,           0,        1126,      -7.777835749,      -5.656473705,               -32,      -5.844263267,      -5.401092506,      -9.787431904
          0,           0,        1127,      -7.759463159,       -5.65781177,               -32,      -5.845002505,       -5.40833519,      -9.788105697
          0,           0,        1128,      -7.638742992,      -5.659137946,               -32,      -5.845717941,      -5.405831291,      -9.788792726
          0,           0,        1129,      -7.579709943,       -5.66063839,               -32,      -5.846262178,      -5.402341021,      -9.789524772
          0,           0,        1130,      -7.568557756,      -5.661825818,               -32,      -5.847104992,      -5.411258607,      -9.790304206
          0,           0,        1131,      -7.606499228,      -5.662876047,               -32,       -5.84802661,       -5.41081207,      -9.791111803
          0,           0,        1132,      -7.719621126,      -5.664161774,               -32,      -5.848728678,      -5.401937528,      -9.791953625
          0,           0,        1133,       -7.79590605,      -5.665543302,               -32,      -5.849419523,      -5.402729357,      -9.792833473
          0,           0,        1134,      -7.739866826,      -5.666755393,               -32,      -5.850227344,      -5.407913136,      -9.793740059
          0,           0,        1135,      -7.604561356,       -5.66808544,               -32,       -5.85091487,       -5.40297289,      -9.794680533
          0,           0,        1136,      -7.579195761,      -5.669385816,               -32,      -5.851678347,      -5.406755693,      -9.795652817
          0,           0,        1137,      -7.583356083,      -5.670426975,               -32,       -5.85264962,      -5.412634309,      -9.796654598
          0,           0,        1138,      -7.642475043,      -5.671447939,               -32,      -5.853634035,      -5.410529158,      -9.797669428
          0,           0,        1139,      -7.762774062,      -5.672795181,               -32,      -5.854341746,      -5.402325852,      -9.798710811
          0,           0,        1140,      -7.795428799,      -5.674040671,               -32,      -5.855248682,      -5.409248573,      -9.799775532
          0,           0,        1141,      -7.709883385,      -5.675179488,               -32,      -5.856209608,      -5.411802734,      -9.800850853
          0,           0,        1142,      -7.596085531,       -5.67655576,               -32,      -5.856941878,       -5.40634547,      -9.801952909
          0,           0,        1143,         -7.581996,      -5.677693224,               -32,      -5.858000526,      -5.416019644,      -9.803046993
          0,           0,        1144,      -7.604380542,      -5.678638164,               -32,      -5.859187131,      -5.419204786,       -9.80410628
          0,           0,        1145,       -7.68986888,      -5.679705155,               -32,       -5.86027136,      -5.415059086,      -9.805182497
          0,           0,        1146,      -7.792582617,      -5.681054652,               -32,      -5.861169877,      -5.411683252,      -9.806284166
          0,           0,        1147,      -7.779650728,      -5.682221731,               -32,       -5.86231207,      -5.420226382,      -9.807405342
          0,           0,        1148,      -7.667790461,      -5.683397467,               -32,      -5.863428746,      -5.419900531,      -9.808537041
          0,           0,        1149,      -7.614961079,      -5.684758411,               -32,      -5.864402489,      -5.419136027,      -9.809684806
          0,           0,        1150,      -7.611404986,      -5.685825326,               -32,      -5.865734033,      -5.429393681,      -9.810850972
          0,           0,        1151,      -7.654579047,      -5.686794294,               -32,      -5.867129499,      -5.430483919,      -9.812019782
          0,           0,        1152,       -7.76145405,      -5.688032494,               -32,      -5.868287464,      -5.424461791,      -9.813198868
          0,           0,        1153,      -7.819333937,       -5.68931858,               -32,       -5.86955156,       -5.42933988,       -9.81438698
          0,           0,        1154,      -7.756873019,      -5.690481848,               -32,      -5.870927401,      -5.435173112,      -9.815574818
          0,           0,        1155,       -7.63382859,      -5.691828662,               -32,      -5.872125579,      -5.432000903,      -9.816770216
          0,           0,        1156,      -7.620578952,      -5.693089173,               -32,       -5.87353127,      -5.440021074,      -9.817969211
          0,           0,        1157,      -7.637116816,      -5.694141828,               -32,       -5.87512445,      -5.446607305,      -9.819168886
          0,           0,        1158,       -7.70793011,      -5.695251153,               -32,      -5.876664348,      -5.445496325,      -9.820362405
          0,           0,        1159,      -7.810700782,      -5.696662073,               -32,      -5.877972975,      -5.441947116,      -9.821557977
          0,           0,        1160,      -7.816091479,        -5.6979325,               -32,      -5.879564569,      -5.451978309,      -9.822753155
          0,           0,        1161,      -7.717576227,      -5.699184385,               -32,      -5.881143156,      -5.454293512,      -9.823937011
          0,           0,        1162,      -7.645740498,      -5.700671814,               -32,      -5.882506466,      -5.452724587,      -9.825116159
          0,           0,        1163,      -7.644557394,      -5.701897006,               -32,      -5.884271065,      -5.465265165,      -9.826294203
          0,           0,        1164,      -7.683409675,      -5.703009394,               -32,      -5.886096909,      -5.468725456,      -9.827457137
          0,           0,        1165,      -7.780518778,      -5.704341817,               -32,      -5.887702906,      -5.464662051,      -9.828610066
          0,           0,        1166,      -7.847084488,      -5.705784394,               -32,      -5.889353732,      -5.468976501,      -9.829754975
          0,           0,        1167,      -7.795920432,      -5.707105255,               -32,      -5.891153713,      -5.477123029,      -9.830884305
          0,           0,        1168,      -7.676157748,      -5.708574883,               -32,      -5.892787966,      -5.475535186,        -9.8320014
          0,           0,        1169,      -7.662012271,      -5.710044575,               -32,      -5.894535576,      -5.482773529,      -9.833105192
          0,           0,        1170,      -7.678240853,      -5.711305656,               -32,      -5.896507312,      -5.492078932,      -9.834194704
          0,           0,        1171,      -7.743528251,      -5.712591147,               -32,      -5.898424981,      -5.492698054,      -9.835260121
          0,           0,        1172,      -7.842792345,      -5.714154542,               -32,      -5.900093691,      -5.489317536,      -9.836310657
          0,           0,        1173,      -7.854564805,      -5.715608411,               -32,      -5.902039278,      -5.500340105,      -9.837307042
          0,           0,        1174,      -7.760334077,       -5.71703825,               -32,      -5.903961192,      -5.504128426,      -9.838268845
          0,           0,        1175,      -7.680017489,      -5.718705069,               -32,      -5.905634979,      -5.502016005,      -9.839211864
          0,           0,        1176,      -7.682174465,      -5.720144092,               -32,      -5.907696343,      -5.515981183,      -9.840139298
          0,           0,        1177,      -7.719799657,      -5.721465166,               -32,       -5.90980419,      -5.521208961,      -9.841036055
          0,           0,        1178,      -7.811506503,        -5.7229651,               -32,      -5.911693693,      -5.517862557,      -9.841903912
          0,           0,        1179,      -7.882950898,       -5.72459686,               -32,       -5.91357302,      -5.521290459,      -9.842749675
          0,           0,        1180,      -7.837263546,       -5.72610252,               -32,       -5.91561985,      -5.531141919,      -9.843564957
          0,           0,        1181,      -7.718630798,      -5.727726734,               -32,      -5.917499142,      -5.529960718,      -9.844349609
          0,           0,        1182,      -7.700225445,       -5.72940442,               -32,      -5.919400972,      -5.535649692,      -9.845108693
          0,           0,        1183,      -7.715755167,      -5.730867077,               -32,      -5.921549788,      -5.547132639,      -9.845842481
          0,           0,        1184,      -7.776466753,       -5.73232066,               -32,      -5.923637665,      -5.548672311,      -9.846535543
          0,           0,        1185,      -7.876164386,      -5.734029298,               -32,      -5.925449209,      -5.543728287,      -9.847199841
          0,           0,        1186,      -7.897254378,      -5.735654904,               -32,      -5.927502991,      -5.554588661,      -9.847837617
          0,           0,        1187,      -7.806792896,      -5.737233073,               -32,      -5.929536204,       -5.55942834,      -9.848429823
          0,           0,        1188,      -7.710691697,      -5.739039979,               -32,      -5.931291093,      -5.554992217,      -9.848991893
          0,           0,        1189,      -7.712451922,      -5.740656102,               -32,      -5.933383509,      -5.568891681,      -9.849527353
          0,           0,        1190,      -7.745382838,      -5.742130427,               -32,      -5.935526119,      -5.575578344,      -9.850019695
          0,           0,        1191,      -7.830620775,      -5.743724672,               -32,      -5.937472634,      -5.572199779,      -9.850462737
          0,           0,        1192,      -7.915462084,      -5.745501468,               -32,      -5.939291629,      -5.571192006,      -9.850873569
          0,           0,        1193,      -7.884248394,      -5.747131297,               -32,      -5.941323837,      -5.582439103,       -9.85124883
          0,           0,        1194,      -7.767060857,      -5.748818234,               -32,       -5.94321507,      -5.581592881,      -9.851580595
          0,           0,        1195,      -7.728462139,      -5.750648145,               -32,      -5.944966258,      -5.581473379,      -9.851886461
          0,           0,        1196,      -7.737808117,      -5.752232694,               -32,      -5.947030274,      -5.595009796,      -9.852170276
          0,           0,        1197,      -7.788234621,      -5.753746194,               -32,       -5.94905228,      -5.597393956,      -9.852408509
          0,           0,        1198,      -7.890610332,      -5.755481276,               -32,      -5.950778146,      -5.589349243,      -9.852611435
          0,           0,        1199,      -7.938177753,      -5.757212626,               -32,      -5.952630822,        -5.5957117,      -9.852788658
          0,           0,        1200,       -7.86092575,      -5.758841066,               -32,      -5.954524308,      -5.602164945,      -9.852918363
          0,           0,        1201,      -7.738179033,      -5.760650771,               -32,      -5.956153492,      -5.595156503,       -9.85301436
          0,           0,        1202,       -7.73106031,      -5.762374575,               -32,      -5.957957747,      -5.603794032,      -9.853086312
          0,           0,        1203,      -7.751871904,      -5.763903939,               -32,      -5.959884336,         -5.612162,      -9.853126417
          0,           0,        1204,      -7.822318358,      -5.765458406,               -32,      -5.961683585,      -5.609614977,      -9.853115799
          0,           0,        1205,      -7.928177568,      -5.767264322,               -32,      -5.963196448,      -5.600580454,      -9.853077124
          0,           0,        1206,      -7.932756766,      -5.768928366,               -32,      -5.964961301,      -5.610913505,      -9.853011307
          0,           0,        1207,      -7.827088199,      -5.770552869,               -32,      -5.966651194,      -5.611995147,      -9.852891843
          0,           0,        1208,      -7.736223948,      -5.772408561,               -32,      -5.968029716,      -5.603041162,      -9.852747205
          0,           0,        1209,      -7.734476526,      -5.774012226,               -32,      -5.969769615,      -5.616203976,      -9.852585048
          0,           0,        1210,      -7.767401275,      -5.775464996,               -32,      -5.971519137,      -5.619967455,      -9.852384429
          0,           0,        1211,      -7.859857836,      -5.777043042,               -32,       -5.97304047,      -5.612091351,      -9.852137768
          0,           0,        1212,      -7.952180483,      -5.778799313,               -32,      -5.974408898,      -5.606913514,      -9.851835598
          0,           0,        1213,      -7.913600741,       -5.78037822,               -32,      -5.975975208,      -5.615761843,      -9.851499999
          0,           0,        1214,      -7.786196007,      -5.782005781,               -32,      -5.977383061,       -5.61117902,      -9.851120006
          0,           0,        1215,      -7.743697057,      -5.783766977,               -32,      -5.978622374,      -5.607286416,      -9.850722392
          0,           0,        1216,      -7.745508687,      -5.785244979,               -32,      -5.980172854,       -5.61822932,      -9.850312636
          0,           0,        1217,      -7.792638222,      -5.786629277,               -32,      -5.981685205,      -5.617758266,      -9.849861677
          0,           0,        1218,      -7.905314679,      -5.788240009,               -32,      -5.982878693,      -5.605436282,      -9.849381176
          0,           0,        1219,      -7.964375911,      -5.789855309,               -32,      -5.984148885,      -5.607561741,      -9.848888767
          0,           0,        1220,      -7.886673888,      -5.791330477,               -32,      -5.985474419,      -5.611913355,      -9.848358198
          0,           0,        1221,      -7.749933105,       -5.79296948,               -32,      -5.986532214,      -5.602061394,      -9.847805849
          0,           0,        1222,      -7.733584084,      -5.794515542,               -32,      -5.987726382,      -5.606876206,      -9.847245964
          0,           0,        1223,      -7.745717538,      -5.795829933,               -32,      -5.989063829,      -5.612621504,      -9.846671825
          0,           0,        1224,      -7.812426602,      -5.797143749,               -32,      -5.990303476,      -5.608115989,      -9.846057961
          0,           0,        1225,      -7.933919987,      -5.798744852,               -32,      -5.991196733,      -5.595216974,      -9.845434166
          0,           0,        1226,      -7.952361397,      -5.800187529,               -32,      -5.992338894,      -5.602531051,      -9.844802191
          0,           0,        1227,      -7.849022065,      -5.801549558,               -32,      -5.993434796,      -5.602548081,      -9.844130561
          0,           0,        1228,      -7.739390267,      -5.803150234,               -32,      -5.994187607,      -5.591571868,      -9.843454989
          0,           0,        1229,      -7.727209247,      -5.804463943,               -32,      -5.995316063,      -5.601737175,      -9.842781664
          0,           0,        1230,       -7.75258614,        -5.8055977,               -32,      -5.996486093,      -5.603452052,       -9.84208997
          0,           0,        1231,      -7.844474079,      -5.806845397,               -32,      -5.997461844,      -5.595102254,      -9.841366281
          0,           0,        1232,      -7.952192406,      -5.808328316,               -32,      -5.998201329,      -5.587149636,      -9.840644296
          0,           0,        1233,      -7.926989979,      -5.809592778,               -32,      -5.999189107,      -5.594554599,        -9.8399105
          0,           0,        1234,      -7.800826515,      -5.810872825,               -32,      -6.000057815,      -5.590360524,      -9.839148366
          0,           0,        1235,      -7.747830335,      -5.812309403,               -32,      -6.000713836,       -5.58527978,      -9.838388468
          0,           0,        1236,      -7.741012334,      -5.813418264,               -32,      -6.001733982,      -5.594203953,      -9.837632221
          0,           0,        1237,      -7.783445588,      -5.814422151,               -32,      -6.002757135,      -5.592679127,      -9.836852025
          0,           0,        1238,      -7.900287578,      -5.815675442,               -32,      -6.003472256,      -5.581199445,      -9.836058304
          0,           0,        1239,      -7.966079736,      -5.816951076,               -32,      -6.004241513,      -5.582310084,      -9.835268227
          0,           0,        1240,      -7.895712434,      -5.818065482,               -32,      -6.005107466,      -5.586076196,      -9.834455825
          0,           0,        1241,      -7.757931298,      -5.819343395,               -32,      -6.005735144,       -5.57809466,      -9.833611738
          0,           0,        1242,      -7.737965502,      -5.820508727,               -32,      -6.006528363,      -5.582703459,      -9.832771758
          0,           0,        1243,      -7.747735943,      -5.821434528,               -32,      -6.007496325,      -5.586933657,      -9.831933014
          0,           0,        1244,      -7.815950505,      -5.822386322,               -32,      -6.008393913,      -5.582558497,      -9.831072192
          0,           0,        1245,      -7.936955454,       -5.82365877,               -32,      -6.008957048,        -5.5725582,      -9.830221557
          0,           0,        1246,      -7.951884679,      -5.824750081,               -32,      -6.009811603,      -5.579857691,      -9.829373481
          0,           0,        1247,      -7.850170433,      -5.825775818,               -32,       -6.01064339,      -5.579834548,      -9.828500749
          0,           0,        1248,      -7.755437177,       -5.82704716,               -32,      -6.011170852,      -5.572736854,      -9.827639957
          0,           0,        1249,       -7.74296644,      -5.828001562,               -32,      -6.012134792,      -5.582550672,      -9.826788234
          0,           0,        1250,      -7.772619916,       -5.82880899,               -32,      -6.013157971,      -5.583307813,      -9.825924184
          0,           0,        1251,       -7.87262447,      -5.829806535,               -32,      -6.013968539,      -5.575791091,      -9.825045625
          0,           0,        1252,      -7.961965309,       -5.83098759,               -32,      -6.014671849,      -5.573558171,      -9.824178414
          0,           0,        1253,       -7.92255536,      -5.831976408,               -32,      -6.015603082,      -5.579933693,      -9.823301372
          0,           0,        1254,      -7.794291538,      -5.833057115,               -32,      -6.016397475,      -5.576097736,      -9.822414724
          0,           0,        1255,      -7.764578852,      -5.834194239,               -32,      -6.017175302,      -5.577412665,      -9.821537264
          0,           0,        1256,      -7.767233812,        -5.8350559,               -32,      -6.018263826,      -5.584375148,      -9.820663378
          0,           0,        1257,      -7.823280156,      -5.835901768,               -32,      -6.019341628,      -5.582584982,      -9.819770631
          0,           0,        1258,      -7.937956618,      -5.837068579,               -32,       -6.02010047,      -5.574524201,      -9.818885128
          0,           0,        1259,      -7.968646067,      -5.838136141,               -32,      -6.021122505,      -5.581261415,      -9.818003156
          0,           0,        1260,      -7.881227965,      -5.839125551,               -32,      -6.022176873,      -5.583587475,      -9.817099578
          0,           0,        1261,      -7.774851642,      -5.840365286,               -32,       -6.02294812,      -5.578332088,      -9.816209703
          0,           0,        1262,      -7.764972469,      -5.841355608,               -32,      -6.024138159,      -5.588225244,      -9.815327683
          0,           0,        1263,       -7.79204886,       -5.84219834,               -32,      -6.025424286,       -5.59086447,      -9.814437431
          0,           0,        1264,      -7.883069346,      -5.843211788,               -32,       -6.02653622,      -5.586082145,      -9.813535457
          0,           0,        1265,      -7.972128078,       -5.84444645,               -32,      -6.027524657,      -5.584771871,      -9.812647807
          0,           0,        1266,      -7.941912223,      -5.845507891,               -32,       -6.02878708,       -5.59253841,      -9.811754106
          0,           0,        1267,      -7.821852867,      -5.846657168,               -32,      -6.029930176,      -5.590868031,      -9.810853294
          0,           0,        1268,      -7.791304298,      -5.847910113,               -32,      -6.031030511,      -5.592880037,      -9.809965495
          0,           0,        1269,       -7.79686225,      -5.848904566,               -32,       -6.03248466,      -5.601484501,      -9.809082969
          0,           0,        1270,      -7.853013939,      -5.849891537,               -32,      -6.033925266,      -5.601278726,      -9.808186142
          0,           0,        1271,      -7.959520254,      -5.851187697,               -32,      -6.035063396,      -5.595628542,       -9.80730136
          0,           0,        1272,      -7.986070581,      -5.852402004,               -32,       -6.03648969,      -5.603683068,       -9.80642204
          0,           0,        1273,      -7.898857281,      -5.853567349,               -32,      -6.037939974,      -5.606956741,      -9.805526483
          0,           0,        1274,      -7.802563528,      -5.854986666,               -32,      -6.039110959,       -5.60363698,      -9.804648812
          0,           0,        1275,       -7.79869604,      -5.856177985,               -32,      -6.040720743,      -5.614944798,      -9.803781255
          0,           0,        1276,      -7.831146471,      -5.857249201,               -32,      -6.042411639,      -5.618676086,      -9.802908477
          0,           0,        1277,      -7.923226645,      -5.858510541,               -32,      -6.043897316,      -5.615079968,      -9.802034529
          0,           0,        1278,      -7.999792226,      -5.859939868,               -32,      -6.045345236,      -5.616891281,      -9.801176428
          0,           0,        1279,      -7.958681087,      -5.861230787,               -32,      -6.047032349,      -5.625198038,      -9.800313565
          0,           0,        1280,      -7.839067556,      -5.862653199,               -32,      -6.048551733,      -5.623948347,      -9.799453208
          0,           0,        1281,      -7.820282615,      -5.864128853,               -32,      -6.050119455,      -5.629024223,      -9.798608353
          0,           0,        1282,      -7.834338483,      -5.865388853,               -32,      -6.051988731,      -5.638107572,      -9.797770217
          0,           0,        1283,      -7.898474186,      -5.866679096,               -32,      -6.053797278,      -5.638501278,      -9.796924608
          0,           0,        1284,      -7.997573621,      -5.868252575,               -32,      -6.055329981,      -5.635056785,      -9.796097507
          0,           0,        1285,      -8.006943787,      -5.869712651,               -32,      -6.057191766,      -5.645275227,      -9.795277102
          0,           0,        1286,      -7.909569045,      -5.871169345,               -32,      -6.059014633,      -5.648295996,      -9.794447418
          0,           0,        1287,      -7.835789016,      -5.872867279,               -32,      -6.060571397,      -5.646658337,       -9.79363973
          0,           0,        1288,      -7.839097215,      -5.874326016,               -32,      -6.062586981,      -5.659750172,      -9.792844886
          0,           0,        1289,      -7.880930431,      -5.875701712,               -32,      -6.064625493,      -5.663697328,      -9.792047059
          0,           0,        1290,      -7.977573359,      -5.877297842,               -32,      -6.066397844,      -5.659984163,      -9.791258477
          0,           0,        1291,      -8.036043174,      -5.878964167,               -32,      -6.068265587,      -5.665570871,      -9.790485365
          0,           0,        1292,      -7.974369458,      -5.880528401,               -32,      -6.070277816,      -5.673416997,      -9.789699755
          0,           0,        1293,      -7.856514319,       -5.88227686,               -32,      -6.072047109,      -5.671184562,      -9.788914298
          0,           0,        1294,      -7.850166039,       -5.88398054,               -32,       -6.07400773,      -5.680105048,      -9.788145574
          0,           0,        1295,       -7.87363576,      -5.885509195,               -32,      -6.076164893,      -5.688755343,      -9.787384279
          0,           0,        1296,      -7.947954566,      -5.887108796,               -32,      -6.078192793,      -5.688495006,      -9.786622473
          0,           0,        1297,      -8.040493552,      -5.888945313,               -32,      -6.080000441,      -5.686694835,      -9.785882271
          0,           0,        1298,       -8.02902322,      -5.890639467,               -32,       -6.08212898,      -5.698223097,      -9.785149588
          0,           0,        1299,      -7.920145248,      -5.892370446,               -32,      -6.084145257,      -5.699915274,      -9.784415197
          0,           0,        1300,      -7.868302239,      -5.894300576,               -32,      -6.085943077,      -5.699508935,      -9.783704036
          0,           0,        1301,      -7.877262049,      -5.895984002,               -32,      -6.088168497,      -5.713358548,      -9.783008442
          0,           0,        1302,      -7.927299835,      -5.897607982,               -32,      -6.090359046,      -5.716747832,      -9.782313472
          0,           0,        1303,      -8.027613205,      -5.899463971,               -32,      -6.092244409,          -5.71179,      -9.781635255
          0,           0,        1304,      -8.070556286,      -5.901308964,               -32,       -6.09431228,      -5.719817339,      -9.780973668
          0,           0,        1305,      -7.992058711,       -5.90307235,               -32,      -6.096437244,      -5.726462605,      -9.780311232
          0,           0,        1306,      -7.878373097,      -5.905047257,               -32,      -6.098266833,      -5.722136738,      -9.779668812
          0,           0,        1307,       -7.87742653,      -5.906902566,               -32,      -6.100373667,      -5.733363216,      -9.779045332
          0,           0,        1308,      -7.906255253,      -5.908596871,               -32,       -6.10259689,      -5.741197797,      -9.778431639
          0,           0,        1309,      -7.987585932,      -5.910379618,               -32,      -6.104641542,      -5.739188203,      -9.777824324
          0,           0,        1310,      -8.078423415,      -5.912364277,               -32,      -6.106497637,      -5.737072399,      -9.777240134
          0,           0,        1311,      -8.053533234,       -5.91418632,               -32,      -6.108646266,      -5.748615442,      -9.776666558
          0,           0,        1312,      -7.937094082,      -5.916059205,               -32,      -6.110638552,      -5.748288027,      -9.776099602
          0,           0,        1313,      -7.892646338,      -5.918103125,               -32,      -6.112429153,       -5.74704354,      -9.775563144
          0,           0,        1314,      -7.902509848,      -5.919885395,               -32,      -6.114620064,      -5.760717405,      -9.775073278
          0,           0,        1315,      -7.955178091,      -5.921604305,               -32,      -6.116747293,      -5.762951082,      -9.774564135
          0,           0,        1316,      -8.060194218,      -5.923552596,               -32,      -6.118548695,      -5.755466418,      -9.774040375
          0,           0,        1317,      -8.100644411,      -5.925459283,               -32,      -6.120538112,      -5.763062754,      -9.773532094
          0,           0,        1318,      -8.015916127,      -5.927274031,               -32,      -6.122556555,       -5.76848679,      -9.773018548
          0,           0,        1319,      -7.897449245,      -5.929300703,               -32,      -6.124255238,      -5.761296408,      -9.772521445
          0,           0,        1320,      -7.894720166,       -5.93118592,               -32,      -6.126225167,      -5.771727059,      -9.772040693
          0,           0,        1321,      -7.922002867,      -5.932891836,               -32,      -6.128297929,      -5.778676541,      -9.771514813
          0,           0,        1322,      -8.004218471,      -5.934669553,               -32,      -6.130187419,      -5.774915962,      -9.771021084
          0,           0,        1323,      -8.103067431,      -5.936658684,               -32,      -6.131843182,      -5.769537587,      -9.770566319
          0,           0,        1324,      -8.080546872,      -5.938459801,               -32,      -6.133799911,      -5.780340815,      -9.770124668
          0,           0,        1325,      -7.961977651,      -5.940288562,               -32,      -6.135598318,      -5.778575697,      -9.769686166
          0,           0,        1326,      -7.906634091,      -5.942307763,               -32,      -6.137131514,      -5.773646986,      -9.769267448
          0,           0,        1327,       -7.91152498,        -5.9440314,               -32,      -6.139092142,      -5.786708804,      -9.768863249
          0,           0,        1328,      -7.959934598,      -5.945661831,               -32,      -6.140994513,      -5.787875763,      -9.768461628
          0,           0,        1329,      -8.069709134,      -5.947509929,               -32,      -6.142562188,      -5.777965242,      -9.768071439
          0,           0,        1330,      -8.123921286,      -5.949342537,               -32,      -6.144247467,      -5.782182943,       -9.76769432
          0,           0,        1331,      -8.044568227,      -5.951044674,               -32,        -6.1460008,      -5.787158811,      -9.767317908
          0,           0,        1332,      -7.914107583,      -5.952932482,               -32,       -6.14744013,      -5.778319186,      -9.766953992
          0,           0,        1333,       -7.90432798,       -5.95471223,               -32,      -6.149060371,      -5.785057665,      -9.766602349
          0,           0,        1334,      -7.924567555,      -5.956271492,               -32,      -6.150838254,      -5.791415961,      -9.766258252
          0,           0,        1335,      -8.001203621,      -5.957864064,               -32,      -6.152465692,      -5.787119726,      -9.765915258
          0,           0,        1336,       -8.11252233,      -5.959704601,               -32,      -6.153774513,      -5.777982526,      -9.765585592
          0,           0,        1337,      -8.105655367,      -5.961338596,               -32,      -6.155409858,      -5.787494576,      -9.765262486
          0,           0,        1338,      -7.991859414,       -5.96295654,               -32,      -6.156916271,      -5.785772245,      -9.764937408
          0,           0,        1339,      -7.914608846,      -5.964800341,               -32,      -6.158073367,       -5.77744214,      -9.764624676
          0,           0,        1340,      -7.912433522,      -5.966317132,               -32,      -6.159701096,      -5.789411601,      -9.764321207
          0,           0,        1341,      -7.953327371,      -5.967707157,               -32,      -6.161300315,      -5.790064552,      -9.764017868
          0,           0,        1342,      -8.062548505,       -5.96929307,               -32,      -6.162586897,      -5.779989166,      -9.763719547
          0,           0,        1343,      -8.135763972,      -5.970927633,               -32,      -6.163875888,       -5.78027378,      -9.763428402
          0,           0,        1344,      -8.070512565,      -5.972387028,               -32,      -6.165313553,      -5.785576703,      -9.763136568
          0,           0,        1345,      -7.935119761,       -5.97399121,               -32,      -6.166473342,      -5.777642381,      -9.762849276
          0,           0,        1346,      -7.916860615,       -5.97555255,               -32,       -6.16769011,      -5.780554245,      -9.762567397
          0,           0,        1347,      -7.929764184,      -5.976848676,               -32,      -6.169156652,       -5.78686026,      -9.762288943
          0,           0,        1348,      -7.998967085,      -5.978148776,               -32,      -6.170514955,      -5.783022223,       -9.76200778
          0,           0,        1349,      -8.115740927,      -5.979725609,               -32,      -6.171506314,      -5.772917446,      -9.761732677
          0,           0,        1350,      -8.124162674,      -5.981101725,               -32,      -6.172829334,      -5.781052321,      -9.761459905
          0,           0,        1351,      -8.018718238,      -5.982432144,               -32,        -6.1740645,      -5.780157511,      -9.761182072
          0,           0,        1352,      -7.926577305,       -5.98400539,               -32,      -6.174921262,      -5.771641867,      -9.760909836
          0,           0,        1353,      -7.920800179,      -5.985246876,               -32,      -6.176268278,      -5.782432465,      -9.760641431
          0,           0,        1354,      -7.957110724,      -5.986348953,               -32,      -6.177624339,      -5.783062872,      -9.760370112
          0,           0,        1355,      -8.062141683,      -5.987642211,               -32,      -6.178696435,      -5.774344734,      -9.760098623
          0,           0,        1356,      -8.142473711,      -5.989027702,               -32,      -6.179717152,      -5.773617049,      -9.759829136
          0,           0,        1357,      -8.088394353,      -5.990222516,               -32,      -6.180944452,      -5.779171573,      -9.759557027
          0,           0,        1358,      -7.956756294,      -5.991550871,               -32,      -6.181920317,      -5.772926933,      -9.759284675
          0,           0,        1359,      -7.935542861,      -5.992871305,               -32,      -6.182915014,      -5.775107579,      -9.759012794
          0,           0,        1360,      -7.946918353,      -5.993913671,               -32,      -6.184218123,      -5.781448589,      -9.758741588
          0,           0,        1361,      -8.013795873,      -5.994967935,               -32,      -6.185434001,      -5.778276939,      -9.758466118
          0,           0,        1362,      -8.125720239,      -5.996313833,               -32,      -6.186287398,      -5.769945065,      -9.758187437
          0,           0,        1363,      -8.135875745,      -5.997468878,               -32,      -6.187492644,      -5.777869329,      -9.757902955
          0,           0,        1364,       -8.03494226,      -5.998590921,               -32,      -6.188625738,      -5.777542478,       -9.75761286
          0,           0,        1365,      -7.948594416,      -5.999962158,               -32,      -6.189396268,      -5.771212071,      -9.757323709
          0,           0,        1366,      -7.945167644,      -6.001007693,               -32,       -6.19068832,      -5.781814846,      -9.757036181
          0,           0,        1367,      -7.983996566,       -6.00193729,               -32,      -6.192001154,      -5.782575194,      -9.756744192
          0,           0,        1368,      -8.086876255,      -6.003093168,               -32,      -6.193016944,      -5.775174062,      -9.756450373
          0,           0,        1369,      -8.155732642,      -6.004312015,               -32,       -6.19406881,      -5.777043157,      -9.756156485
          0,           0,        1370,      -8.098408179,      -6.005375261,               -32,      -6.195305267,      -5.782218642,      -9.755859111
          0,           0,        1371,      -7.972906636,      -6.006616612,               -32,      -6.196264359,      -5.776998884,      -9.755559306
          0,           0,        1372,      -7.959519396,      -6.007801585,               -32,      -6.197368051,      -5.782078254,       -9.75524652
          0,           0,        1373,      -7.978032661,      -6.008751371,               -32,      -6.198742845,      -5.787896276,      -9.754934893
          0,           0,        1374,      -8.051149458,      -6.009769069,               -32,      -6.200001519,      -5.785071793,      -9.754620921
          0,           0,        1375,      -8.149374804,      -6.011057333,               -32,      -6.200968999,      -5.780459737,      -9.754307644
          0,           0,        1376,       -8.14354149,      -6.012155104,               -32,      -6.202318467,      -5.789131458,      -9.753995201
          0,           0,        1377,      -8.038174146,      -6.013285953,               -32,      -6.203548614,      -5.788526708,      -9.753679396
          0,           0,        1378,       -7.98114312,      -6.014633662,               -32,      -6.204500795,      -5.786109543,      -9.753363752
          0,           0,        1379,      -7.986439318,      -6.015671554,               -32,      -6.205984966,      -5.796920972,      -9.753051054
          0,           0,        1380,      -8.036052254,      -6.016659231,               -32,      -6.207450037,      -5.797545076,       -9.75273522
          0,           0,        1381,      -8.135323056,      -6.017926569,               -32,       -6.20856878,      -5.791483786,      -9.752419119
          0,           0,        1382,       -8.17452063,      -6.019142363,               -32,      -6.209944085,      -5.798250651,      -9.752104556
          0,           0,        1383,      -8.098859032,      -6.020288308,               -32,      -6.211374981,      -5.801980217,      -9.751787166
          0,           0,        1384,      -7.993255976,      -6.021688773,               -32,       -6.21245198,      -5.797460433,      -9.751470309
          0,           0,        1385,      -7.993335172,      -6.022895486,               -32,      -6.213950421,      -5.807783048,      -9.751156298
          0,           0,        1386,      -8.026859771,       -6.02395922,               -32,      -6.215570084,      -5.812154399,      -9.750841296
          0,           0,        1387,      -8.112003255,      -6.025194792,               -32,      -6.216961298,        -5.8086349,      -9.750525008
          0,           0,        1388,      -8.185093267,      -6.026577704,               -32,      -6.218300567,       -5.81025118,      -9.750210312
          0,           0,        1389,      -8.146570515,      -6.027812222,               -32,      -6.219919714,      -5.818327307,      -9.749895953
          0,           0,        1390,      -8.032768426,      -6.029198832,               -32,      -6.221295331,      -5.816209643,      -9.749580876
          0,           0,        1391,       -8.01638783,      -6.030639388,               -32,      -6.222695542,      -5.820748717,      -9.749267616
          0,           0,        1392,      -8.037273012,      -6.031846903,               -32,      -6.224459606,      -5.829891306,      -9.748957029
          0,           0,        1393,      -8.103665609,      -6.033109304,               -32,      -6.226108575,      -5.829578672,      -9.748644876
          0,           0,        1394,      -8.188960692,      -6.034623905,               -32,      -6.227488174,       -5.82711222,      -9.748334277
          0,           0,        1395,       -8.18586809,      -6.035991406,               -32,      -6.229248829,      -5.837321629,      -9.748026462
          0,           0,        1396,      -8.087109679,      -6.037407515,               -32,      -6.230883192,      -5.838511836,      -9.747716932
          0,           0,        1397,      -8.034538498,      -6.039042161,               -32,      -6.232250282,       -5.83769939,      -9.747409382
          0,           0,        1398,       -8.04824649,       -6.04041027,               -32,        -6.2341398,      -5.850494228,      -9.747106881
          0,           0,        1399,      -8.100565702,      -6.041746017,               -32,      -6.235985706,       -5.85291489,      -9.746803227
          0,           0,        1400,      -8.187273975,      -6.043337104,               -32,      -6.237499188,      -5.848864272,       -9.74650033
          0,           0,        1401,      -8.216464228,      -6.044865677,               -32,      -6.239308599,       -5.85797094,      -9.746200739
          0,           0,        1402,      -8.138206723,      -6.046358255,               -32,      -6.241129573,      -5.862611763,      -9.745898419
          0,           0,        1403,      -8.047865846,      -6.048105969,               -32,      -6.242588411,      -5.859133669,      -9.745596622
          0,           0,        1404,      -8.056706279,      -6.049657412,               -32,      -6.244501399,      -5.872004417,      -9.745298855
          0,           0,        1405,      -8.097639206,      -6.051098997,               -32,      -6.246478505,      -5.877551112,      -9.745000331
          0,           0,        1406,      -8.178839015,      -6.052725989,               -32,       -6.24817773,      -5.874350445,      -9.744700918
          0,           0,        1407,      -8.235952393,      -6.054425187,               -32,      -6.249942096,       -5.87921232,       -9.74440499
          0,           0,        1408,      -8.184689126,      -6.056011586,               -32,      -6.251898303,      -5.887673217,      -9.744108549
          0,           0,        1409,      -8.075803036,      -6.057787727,               -32,       -6.25354529,      -5.884750434,      -9.743812202
          0,           0,        1410,      -8.071962604,      -6.059540673,               -32,      -6.255348793,      -5.892762847,      -9.743519848
          0,           0,        1411,      -8.102095911,       -6.06110193,               -32,      -6.257405492,      -5.902322021,      -9.743230003
          0,           0,        1412,      -8.171819801,      -6.062747694,               -32,      -6.259279028,      -5.901460843,      -9.742938554
          0,           0,        1413,      -8.245373982,      -6.064580593,               -32,      -6.260972814,      -5.900755312,      -9.742650336
          0,           0,        1414,      -8.225776644,      -6.066263256,               -32,      -6.262997833,      -5.911949027,      -9.742364341
          0,           0,        1415,      -8.121560905,      -6.068031449,               -32,      -6.264820601,      -5.911684887,      -9.742076206
          0,           0,        1416,      -8.086922536,      -6.069953469,               -32,      -6.266469574,      -5.912305555,      -9.741791522
          0,           0,        1417,      -8.107990008,      -6.071620439,               -32,      -6.268563095,      -5.925811623,      -9.741511811
          0,           0,        1418,      -8.165307887,      -6.073276803,               -32,      -6.270550123,      -5.927541694,      -9.741229742
          0,           0,        1419,      -8.245766771,      -6.075163462,               -32,      -6.272219446,      -5.922571642,      -9.740948971
          0,           0,        1420,      -8.260481973,       -6.07693952,               -32,      -6.274208138,      -5.933139351,       -9.74067135
          0,           0,        1421,      -8.172618893,      -6.078698616,               -32,       -6.27612934,      -5.936296537,      -9.740388965
          0,           0,        1422,      -8.093634557,      -6.080699256,               -32,      -6.277691316,      -5.930871793,      -9.740107846
          0,           0,        1423,      -8.106797823,      -6.082462151,               -32,      -6.279724053,      -5.945245822,      -9.739831643
          0,           0,        1424,      -8.151557499,      -6.084123134,               -32,      -6.281750215,      -5.949955772,      -9.739553546
          0,           0,        1425,      -8.231862037,      -6.085969181,               -32,      -6.283465189,      -5.943953919,      -9.739274306
          0,           0,        1426,      -8.282772313,      -6.087838336,               -32,      -6.285283484,      -5.948660508,      -9.738999364
          0,           0,        1427,      -8.222684839,      -6.089588491,               -32,      -6.287235857,      -5.956054705,       -9.73872236
          0,           0,        1428,      -8.111280161,      -6.091532498,               -32,      -6.288845719,      -5.949557939,      -9.738445108
          0,           0,        1429,      -8.108863336,      -6.093409192,               -32,      -6.290640123,      -5.957336061,      -9.738173132
          0,           0,        1430,      -8.139365339,      -6.095080468,               -32,      -6.292638958,      -5.966189793,      -9.737903243
          0,           0,        1431,      -8.208790856,      -6.096820894,               -32,      -6.294434777,       -5.96285462,      -9.737630269
          0,           0,        1432,      -8.285000236,      -6.098742526,               -32,      -6.296022511,      -5.958421051,      -9.737360876
          0,           0,        1433,      -8.266061518,      -6.100486051,               -32,      -6.297934556,      -5.968860845,      -9.737093587
          0,           0,        1434,      -8.158611526,        -6.1022873,               -32,      -6.299639835,      -5.966301717,      -9.736822096
          0,           0,        1435,      -8.113371596,      -6.104255111,               -32,      -6.301107337,      -5.962280526,      -9.736554729
          0,           0,        1436,       -8.13001281,      -6.105926025,               -32,      -6.303039099,      -5.975579417,      -9.736293235
          0,           0,        1437,      -8.183110549,      -6.107544177,               -32,      -6.304867233,      -5.975893799,      -9.736028698
          0,           0,        1438,      -8.268411634,      -6.109389018,               -32,      -6.306338118,      -5.966079566,      -9.735764763
          0,           0,        1439,      -8.298828344,      -6.111135703,               -32,      -6.308069608,      -5.973238709,        -9.7355057
          0,           0,        1440,      -8.216731716,      -6.112802917,               -32,      -6.309788849,      -5.975860416,      -9.735241798
          0,           0,        1441,      -8.111729249,      -6.114710472,               -32,      -6.311102768,      -5.965301817,      -9.734979691
          0,           0,        1442,      -8.115577893,       -6.11639193,               -32,      -6.312820181,      -5.976531431,      -9.734724287
          0,           0,        1443,      -8.150648195,      -6.117902595,               -32,      -6.314594263,      -5.980942806,      -9.734468873
          0,           0,        1444,      -8.228776285,      -6.119535151,               -32,      -6.316101797,      -5.973221486,      -9.734209166
          0,           0,        1445,      -8.303926934,      -6.121292786,               -32,      -6.317495093,      -5.969482764,      -9.733955099
          0,           0,        1446,      -8.266974301,      -6.122853639,               -32,      -6.319161007,      -5.977401011,      -9.733693459
          0,           0,        1447,      -8.148613153,      -6.124515994,               -32,      -6.320554824,      -5.970812304,      -9.733428802
          0,           0,        1448,      -8.118413558,      -6.126255007,               -32,      -6.321832733,      -5.968952172,      -9.733164345
          0,           0,        1449,      -8.134182626,      -6.127685072,               -32,      -6.323509937,      -5.979035021,      -9.732899788
          0,           0,        1450,      -8.191308844,      -6.129087598,               -32,      -6.325058906,      -5.976321354,      -9.732632239
          0,           0,        1451,      -8.282253565,      -6.130733529,               -32,       -6.32623472,      -5.964971321,      -9.732367558
          0,           0,        1452,      -8.304184814,      -6.132220461,               -32,      -6.327728606,      -5.972119534,      -9.732108865
          0,           0,        1453,      -8.214104793,      -6.133644279,               -32,      -6.329154067,      -5.972020815,      -9.731844954
          0,           0,        1454,      -8.113434604,      -6.135314798,               -32,      -6.330155273,      -5.960812887,      -9.731585354
          0,           0,        1455,      -8.114941247,       -6.13667976,               -32,       -6.33165115,      -5.972210561,      -9.731334172
          0,           0,        1456,      -8.150722137,      -6.137889143,               -32,      -6.333156524,      -5.973994765,      -9.731083148
          0,           0,        1457,      -8.234180434,      -6.139250974,               -32,      -6.334367754,      -5.964622719,      -9.730829066
          0,           0,        1458,      -8.310775224,      -6.140708631,               -32,      -6.335505631,       -5.96161975,      -9.730581307
          0,           0,        1459,      -8.268505695,      -6.141965381,               -32,       -6.33688911,      -5.967679015,      -9.730333525
          0,           0,        1460,       -8.14570069,      -6.143343739,               -32,      -6.337982026,      -5.960092536,      -9.730083112
          0,           0,        1461,       -8.12004295,      -6.144741572,               -32,      -6.339034518,      -5.960091486,      -9.729838781
          0,           0,        1462,      -8.134336754,      -6.145832625,               -32,      -6.340450497,      -5.967859298,      -9.729598974
          0,           0,        1463,      -8.193153544,      -6.146917218,               -32,      -6.341742688,      -5.964059208,      -9.729354664
          0,           0,        1464,      -8.287310977,      -6.148258154,               -32,      -6.342659838,      -5.953480328,      -9.729113076
          0,           0,        1465,      -8.306493667,       -6.14941806,               -32,      -6.343918446,      -5.960387123,      -9.728875762
          0,           0,        1466,      -8.215519298,      -6.150529622,               -32,      -6.345097493,      -5.959527097,        -9.7286322
          0,           0,        1467,      -8.119538595,      -6.151885291,               -32,      -6.345863989,      -5.950119299,      -9.728392916
          0,           0,        1468,      -8.119258908,      -6.152907537,               -32,       -6.34716543,      -5.961107372,      -9.728160434
          0,           0,        1469,      -8.155697589,      -6.153795942,               -32,      -6.348471006,      -5.961815822,      -9.727926462
          0,           0,        1470,      -8.241369347,      -6.154867377,               -32,      -6.349473345,      -5.952868219,      -9.727689245
          0,           0,        1471,      -8.315638193,      -6.156015459,               -32,      -6.350449138,      -5.951712973,      -9.727457463
          0,           0,        1472,      -8.271147156,      -6.156982917,               -32,      -6.351646747,       -5.95684155,      -9.727223889
          0,           0,        1473,      -8.148472993,      -6.158097818,               -32,      -6.352552643,      -5.949968206,      -9.726988628
          0,           0,        1474,      -8.127776224,      -6.159190783,               -32,      -6.353505729,      -5.952472661,      -9.726760397
          0,           0,        1475,      -8.143605136,      -6.160006869,               -32,      -6.354786152,      -5.958958203,      -9.726539043
          0,           0,        1476,      -8.204775274,      -6.160852568,               -32,      -6.355947125,      -5.955213438,      -9.726318372
          0,           0,        1477,      -8.296961998,      -6.161959631,               -32,      -6.356763835,      -5.947146582,       -9.72611292
          0,           0,        1478,      -8.309328333,      -6.162887576,               -32,      -6.357938959,      -5.954423783,      -9.725897023
          0,           0,        1479,      -8.217041893,      -6.163804098,               -32,      -6.359024125,       -5.95350448,      -9.725643336
          0,           0,        1480,      -8.134317369,      -6.164956661,               -32,      -6.359744062,      -5.947273363,      -9.725384642
          0,           0,        1481,      -8.136191035,      -6.165782828,               -32,      -6.361017261,      -5.958240639,      -9.725128936
          0,           0,        1482,       -8.17628716,      -6.166517623,               -32,       -6.36228859,      -5.958654932,      -9.724868998
          0,           0,        1483,      -8.262534868,      -6.167476917,               -32,      -6.363240186,      -5.950888163,      -9.724606624
          0,           0,        1484,      -8.326032695,      -6.168472289,               -32,      -6.364270827,      -5.952992227,      -9.724348764
          0,           0,        1485,       -8.27393052,      -6.169338995,               -32,      -6.365466062,      -5.957429017,      -9.724082212
          0,           0,        1486,      -8.153998213,      -6.170401041,               -32,      -6.366348371,       -5.95150751,      -9.723810673
          0,           0,        1487,      -8.142737028,      -6.171379389,               -32,      -6.367431754,      -5.957700469,      -9.723542592
          0,           0,        1488,      -8.164826244,      -6.172144058,               -32,      -6.368765855,      -5.963236121,      -9.723273502
          0,           0,        1489,      -8.231356484,       -6.17299469,               -32,      -6.369955998,      -5.959762775,      -9.722996821
          0,           0,        1490,      -8.317183932,      -6.174083448,               -32,      -6.370885113,      -5.955391616,      -9.722721859
          0,           0,        1491,      -8.314001625,      -6.175009331,               -32,      -6.372169906,      -5.963294259,       -9.72242921
          0,           0,        1492,      -8.214912088,      -6.175987228,               -32,       -6.37332311,      -5.962119198,      -9.722072208
          0,           0,        1493,      -8.157400915,      -6.177161933,               -32,      -6.374217069,       -5.96009582,      -9.721744203
          0,           0,        1494,      -8.165700476,      -6.178044126,               -32,      -6.375636085,      -5.970955841,      -9.721440908
          0,           0,        1495,        -8.2133326,      -6.178895118,               -32,      -6.377024176,       -5.97122847,      -9.721137352
          0,           0,        1496,      -8.298536486,      -6.180005979,               -32,       -6.37807428,      -5.965022398,      -9.720834589
          0,           0,        1497,      -8.341458903,      -6.181082919,               -32,      -6.379353738,       -5.97105898,      -9.720533527
          0,           0,        1498,      -8.273878388,      -6.182103463,               -32,      -6.380695138,       -5.97447178,      -9.720222525
          0,           0,        1499,      -8.165757858,      -6.183370204,               -32,       -6.38168376,      -5.969596325,       -9.71991052
          0,           0,        1500,      -8.165642487,      -6.184464113,               -32,      -6.383073175,      -5.980011015,       -9.71959853
          0,           0,        1501,      -8.198025061,      -6.185424114,               -32,      -6.384592852,      -5.984414413,      -9.719280083
          0,           0,        1502,       -8.27238151,       -6.18654098,               -32,      -6.385898311,      -5.980718585,      -9.718953862
          0,           0,        1503,       -8.34684131,      -6.187820089,               -32,      -6.387107675,      -5.981078765,      -9.718629309
          0,           0,        1504,      -8.319000395,      -6.188971339,               -32,      -6.388599135,      -5.988815349,      -9.718299932
          0,           0,        1505,      -8.208602512,      -6.190257365,               -32,      -6.389874857,      -5.986642774,      -9.717964644
          0,           0,        1506,      -8.182417966,      -6.191635145,               -32,      -6.391103406,      -5.990061603,      -9.717632447
          0,           0,        1507,      -8.200790548,      -6.192781233,               -32,      -6.392732445,       -5.99977005,      -9.717300097
          0,           0,        1508,      -8.258811416,      -6.193964121,               -32,      -6.394273063,      -5.999518465,      -9.716959845
          0,           0,        1509,      -8.340872095,      -6.195400389,               -32,      -6.395514553,      -5.995656005,      -9.716620708
          0,           0,        1510,      -8.355145835,      -6.196739074,               -32,      -6.397083481,      -6.004632431,      -9.716280453
          0,           0,        1511,      -8.267502999,      -6.198097412,               -32,      -6.398590112,      -6.006385567,      -9.715930046
          0,           0,        1512,      -8.189918267,      -6.199699904,               -32,      -6.399771071,      -6.003708525,      -9.715582684
          0,           0,        1513,      -8.199242377,      -6.201065936,               -32,      -6.401461333,      -6.016679928,      -9.715236939
          0,           0,        1514,      -8.243305353,      -6.202369132,               -32,      -6.403162874,      -6.019707031,      -9.714884537
          0,           0,        1515,      -8.323513638,      -6.203891161,               -32,      -6.404569685,      -6.015284026,      -9.714530008
          0,           0,        1516,      -8.377237555,      -6.205454785,               -32,      -6.406098641,      -6.020742735,       -9.71417726
          0,           0,        1517,      -8.320061769,       -6.20694367,               -32,      -6.407758412,      -6.026770111,      -9.713816844
          0,           0,        1518,      -8.206590238,      -6.208648468,               -32,      -6.409102539,      -6.022879898,       -9.71345612
          0,           0,        1519,      -8.203669947,      -6.210286106,               -32,      -6.410683964,      -6.032292078,      -9.713098342
          0,           0,        1520,      -8.233828456,      -6.211760817,               -32,       -6.41247402,      -6.039705948,      -9.712738578
          0,           0,        1521,      -8.303089729,      -6.213340323,               -32,      -6.414093947,      -6.037869557,      -9.712373626
          0,           0,        1522,       -8.38000954,      -6.215113575,               -32,      -6.415538904,      -6.037049355,      -9.712012695
          0,           0,        1523,      -8.363083725,      -6.216761983,               -32,      -6.417289647,      -6.046633941,      -9.711649899
          0,           0,        1524,      -8.256734494,      -6.218502635,               -32,      -6.418863747,       -6.04580259,      -9.711281287
          0,           0,        1525,      -8.215434141,      -6.220407403,               -32,      -6.420255394,      -6.046650021,      -9.710918103
          0,           0,        1526,      -8.232750605,      -6.222066432,               -32,      -6.422100991,      -6.059175309,      -9.710557915
          0,           0,        1527,      -8.287296069,      -6.223713521,               -32,      -6.423875866,      -6.060442807,      -9.710192689
          0,           0,        1528,      -8.369644484,      -6.225599037,               -32,      -6.425338598,      -6.055514038,      -9.709831065
          0,           0,        1529,      -8.396951529,      -6.227420685,               -32,      -6.427065723,      -6.064276329,      -9.709472662
          0,           0,        1530,       -8.31545981,      -6.229216841,               -32,      -6.428779684,      -6.067517843,      -9.709107577
          0,           0,        1531,      -8.217880546,      -6.231263768,               -32,      -6.430136911,      -6.062392107,      -9.708748641
          0,           0,        1532,      -8.225124365,      -6.233112753,               -32,      -6.431919616,      -6.075539152,       -9.70839572
          0,           0,        1533,      -8.264970968,      -6.234842358,               -32,      -6.433760687,      -6.080366331,      -9.708041686
          0,           0,        1534,      -8.343214718,      -6.236731304,               -32,      -6.435355993,      -6.075909364,      -9.707688102
          0,           0,        1535,      -8.410619298,      -6.238725034,               -32,      -6.436927218,      -6.077923356,      -9.707341319
          0,           0,        1536,      -8.366805668,      -6.240593016,               -32,      -6.438709625,      -6.085865898,      -9.706993298
          0,           0,        1537,      -8.248533589,      -6.242615564,               -32,      -6.440227588,      -6.081612262,      -9.706646422
          0,           0,        1538,      -8.231171757,      -6.244681819,               -32,      -6.441747458,      -6.086064402,      -9.706307368
          0,           0,        1539,      -8.254810799,      -6.246511538,               -32,      -6.443599633,      -6.096222058,      -9.705973036
          0,           0,        1540,      -8.317839675,      -6.248363721,               -32,      -6.445330054,      -6.095099634,      -9.705637365
          0,           0,        1541,      -8.401802618,      -6.250441996,               -32,      -6.446778992,      -6.089776163,      -9.705309477
          0,           0,        1542,      -8.407323879,      -6.252386542,               -32,      -6.448538654,      -6.099340789,      -9.704986455
          0,           0,        1543,      -8.310282218,      -6.254339147,               -32,      -6.450191594,      -6.099465158,      -9.704660233
          0,           0,        1544,       -8.23265145,      -6.256529948,               -32,      -6.451503853,      -6.093869411,       -9.70434374
          0,           0,        1545,      -8.243050047,      -6.258442279,               -32,      -6.453306653,      -6.107626539,      -9.704035908
          0,           0,        1546,       -8.28894434,      -6.260251351,               -32,      -6.455089147,      -6.109946427,      -9.703728708
          0,           0,        1547,      -8.373217961,      -6.262251948,               -32,      -6.456580305,      -6.102852776,      -9.703426548
          0,           0,        1548,      -8.430175646,      -6.264273713,               -32,      -6.458156969,      -6.106503153,      -9.703133108
          0,           0,        1549,      -8.369493822,      -6.266172157,               -32,      -6.459858003,      -6.111905154,      -9.702839669
          0,           0,        1550,      -8.247287975,      -6.268264648,               -32,      -6.461236967,      -6.104633895,      -9.702552392
          0,           0,        1551,      -8.240015237,      -6.270286927,               -32,      -6.462762155,      -6.111436295,       -9.70227478
          0,           0,        1552,      -8.267554571,      -6.272073033,               -32,      -6.464523956,      -6.118860074,      -9.702003172
          0,           0,        1553,      -8.336986863,      -6.273903927,               -32,      -6.466132494,       -6.11535015,      -9.701733299
          0,           0,        1554,      -8.422408516,       -6.27593854,               -32,      -6.467492197,      -6.109808015,      -9.701473534
          0,           0,        1555,      -8.414142649,      -6.277790006,               -32,      -6.469173231,      -6.118755512,      -9.701219983
          0,           0,        1556,       -8.30850123,       -6.27967106,               -32,      -6.470689905,      -6.116272155,      -9.700966689
          0,           0,        1557,      -8.245714759,       -6.28175607,               -32,      -6.471894482,      -6.110946156,      -9.700724612
          0,           0,        1558,      -8.256857796,      -6.283505783,               -32,      -6.473611996,      -6.123714952,      -9.700492984
          0,           0,        1559,      -8.306551594,      -6.285160016,               -32,      -6.475270911,      -6.123911827,      -9.700264123
          0,           0,        1560,      -8.394663534,      -6.287024927,               -32,      -6.476608976,      -6.115181122,      -9.700043339
          0,           0,        1561,      -8.442569944,      -6.288838348,               -32,      -6.478111763,      -6.119800062,      -9.699832902
          0,           0,        1562,      -8.372927007,      -6.290533641,               -32,       -6.47967442,      -6.122895754,      -9.699625002
          0,           0,        1563,      -8.252470866,      -6.292445313,               -32,      -6.480872607,       -6.11411224,      -9.699429105
          0,           0,        1564,      -8.249446463,       -6.29418591,               -32,      -6.482336154,      -6.122480294,      -9.699256519
          0,           0,        1565,      -8.280063914,      -6.295692818,               -32,       -6.48396843,      -6.127516403,      -9.699084515
          0,           0,        1566,      -8.354499885,      -6.297270079,               -32,      -6.485419129,      -6.122312929,      -9.698905953
          0,           0,        1567,      -8.438560453,      -6.299017694,               -32,       -6.48666388,      -6.117691938,      -9.698738837
          0,           0,        1568,      -8.420043739,      -6.300552123,               -32,      -6.488226959,       -6.12562749,        -9.6985762
          0,           0,        1569,      -8.309378048,      -6.302143939,               -32,      -6.489578121,      -6.121478155,       -9.69841737
          0,           0,        1570,       -8.26132492,      -6.303886252,               -32,      -6.490671294,      -6.117912525,      -9.698260855
          0,           0,        1571,      -8.274374109,      -6.305262082,               -32,      -6.492279222,      -6.129204118,      -9.698107594
          0,           0,        1572,      -8.328090635,       -6.30656745,               -32,      -6.493802115,      -6.127922647,      -9.697972964
          0,           0,        1573,       -8.41677874,      -6.308100958,               -32,      -6.494980985,      -6.119111692,      -9.697851468
          0,           0,        1574,      -8.452258464,      -6.309511294,               -32,       -6.49641692,      -6.125181005,       -9.69774187
          0,           0,        1575,      -8.375418807,       -6.31083438,               -32,      -6.497840718,      -6.126381869,       -9.69763607
          0,           0,        1576,      -8.265185526,      -6.312394728,               -32,      -6.498861672,      -6.117777868,      -9.697542245
          0,           0,        1577,      -8.266753788,       -6.31368587,               -32,        -6.5002963,       -6.12811744,      -9.697461061
          0,           0,        1578,      -8.302526209,      -6.314778495,               -32,      -6.501820754,      -6.131147162,      -9.697387612
          0,           0,        1579,      -8.381465503,      -6.315993432,               -32,      -6.503112996,      -6.124835466,      -9.697321447
          0,           0,        1580,      -8.457165861,      -6.317313979,               -32,      -6.504308712,      -6.123211648,       -9.69726746
          0,           0,        1581,      -8.424914618,      -6.318433637,               -32,       -6.50577537,      -6.129825984,      -9.697221301
          0,           0,        1582,      -8.309682888,      -6.319669855,               -32,      -6.506967419,      -6.124533373,      -9.697182212
          0,           0,        1583,      -8.282152876,      -6.320961473,               -32,      -6.508050268,      -6.125010625,       -9.69715543
          0,           0,        1584,       -8.30127576,      -6.321911679,               -32,      -6.509583085,      -6.134349439,      -9.697140285
          0,           0,        1585,      -8.361410024,      -6.322853368,               -32,      -6.510995193,      -6.132031007,      -9.697131432
          0,           0,        1586,      -8.445916344,      -6.324025836,               -32,        -6.5120781,      -6.125066747,      -9.697134358
          0,           0,        1587,       -8.46060464,      -6.325016522,               -32,      -6.513515236,      -6.132933744,      -9.697148708
          0,           0,        1588,      -8.373197603,      -6.325995337,               -32,      -6.514838329,      -6.132333583,      -9.697168754
          0,           0,        1589,      -8.289551227,      -6.327214008,               -32,      -6.515760115,      -6.125894984,      -9.697202771
          0,           0,        1590,      -8.298424442,      -6.328089711,               -32,      -6.517247697,       -6.13818117,      -9.697252425
          0,           0,        1591,      -8.342999323,      -6.328849699,               -32,      -6.518721115,      -6.139450525,      -9.697313815
          0,           0,        1592,      -8.424070803,      -6.329810594,               -32,      -6.519876805,      -6.132425922,      -9.697392838
          0,           0,        1593,       -8.47928042,       -6.33075735,               -32,      -6.521167192,      -6.136049832,      -9.697495729
          0,           0,        1594,      -8.425812002,      -6.331583356,               -32,      -6.522579735,      -6.140388707,      -9.697610872
          0,           0,        1595,      -8.311405302,      -6.332619895,               -32,      -6.523618853,      -6.133975503,      -9.697724161
          0,           0,        1596,      -8.307145726,      -6.333542902,               -32,      -6.524875501,      -6.141141313,      -9.697835649
          0,           0,        1597,      -8.337842519,      -6.334229367,               -32,      -6.526384593,       -6.14754815,      -9.697953374
          0,           0,        1598,      -8.406854157,      -6.335008925,               -32,      -6.527695563,      -6.143847438,      -9.698077944
          0,           0,        1599,       -8.48111515,      -6.335953291,               -32,      -6.528831301,       -6.14150378,      -9.698214963
          0,           0,        1600,      -8.465883701,      -6.336719885,               -32,      -6.530304904,      -6.149697033,      -9.698360663
          0,           0,        1601,      -8.363582171,       -6.33758882,               -32,      -6.531535799,       -6.14693645,      -9.698509331
          0,           0,        1602,      -8.323986895,      -6.338604431,               -32,      -6.532548561,      -6.146063013,      -9.698663896
          0,           0,        1603,      -8.343887817,      -6.339297916,               -32,      -6.534098191,       -6.15778416,      -9.698825303
          0,           0,        1604,      -8.399855505,       -6.33998812,               -32,      -6.535532908,      -6.157345237,      -9.698991704
          0,           0,        1605,      -8.476227455,      -6.340912728,               -32,      -6.536635271,      -6.151649719,      -9.699168144
          0,           0,        1606,      -8.496129671,      -6.341706091,               -32,      -6.538093185,       -6.16013905,      -9.699355196
          0,           0,        1607,      -8.416322079,      -6.342507976,               -32,      -6.539456722,      -6.161185588,      -9.699546806
          0,           0,        1608,      -8.333149768,      -6.343566768,               -32,      -6.540408331,      -6.155695064,      -9.699749628
          0,           0,        1609,      -8.346176257,      -6.344349438,               -32,      -6.541912426,      -6.168839292,      -9.699959556
          0,           0,        1610,      -8.391725096,      -6.345041748,               -32,        -6.5434183,      -6.171823128,      -9.700134243
          0,           0,        1611,      -8.465794209,      -6.345939986,               -32,      -6.544598764,      -6.166125555,      -9.700307279
          0,           0,        1612,      -8.515045867,      -6.346834288,               -32,      -6.545951898,      -6.171316174,      -9.700521936
          0,           0,        1613,      -8.461826499,      -6.347652608,               -32,      -6.547408121,      -6.176460909,      -9.700754089
          0,           0,        1614,      -8.354527361,      -6.348702804,               -32,      -6.548471143,      -6.170745206,      -9.700999088
          0,           0,        1615,       -8.35545025,      -6.349660539,               -32,      -6.549792087,      -6.179556884,      -9.701257948
          0,           0,        1616,      -8.390870902,      -6.350432194,               -32,      -6.551337668,      -6.187034827,       -9.70152676
          0,           0,        1617,      -8.458074496,       -6.35132658,               -32,      -6.552648957,      -6.183718326,      -9.701803323
          0,           0,        1618,      -8.523238893,      -6.352355153,               -32,      -6.553866913,      -6.183638104,      -9.702092236
          0,           0,        1619,      -8.499947573,      -6.353252824,               -32,      -6.555375335,      -6.192220327,       -9.70238997
          0,           0,        1620,      -8.396410469,      -6.354295184,               -32,      -6.556600579,      -6.189104026,      -9.702694394
          0,           0,        1621,      -8.369097689,      -6.355455005,               -32,      -6.557700981,       -6.19046126,      -9.703011305
          0,           0,        1622,      -8.395579233,      -6.356353654,               -32,      -6.559267535,      -6.202576569,      -9.703339806
          0,           0,        1623,       -8.45414698,      -6.357288217,               -32,      -6.560684039,      -6.202116202,      -9.703674657
          0,           0,        1624,      -8.523926352,      -6.358433972,               -32,      -6.561821382,      -6.197695455,      -9.704019555
          0,           0,        1625,      -8.530514234,      -6.359456665,               -32,      -6.563313828,      -6.207283905,      -9.704374562
          0,           0,        1626,      -8.442395519,      -6.360535476,               -32,      -6.564651486,      -6.207346616,      -9.704733721
          0,           0,        1627,      -8.375618771,      -6.361854977,               -32,       -6.56562679,      -6.202578585,      -9.705104398
          0,           0,        1628,      -8.394910203,      -6.362914486,               -32,       -6.56715004,      -6.216865966,      -9.705487319
          0,           0,        1629,      -8.445218269,      -6.363926682,               -32,      -6.568620009,       -6.21938888,      -9.705875967
          0,           0,        1630,      -8.516369917,      -6.365153677,               -32,      -6.569754948,      -6.212975272,      -9.706273307
          0,           0,        1631,      -8.552545608,      -6.366335831,               -32,      -6.571142821,      -6.220116048,      -9.706681327
          0,           0,        1632,      -8.485924108,      -6.367486219,               -32,      -6.572543511,      -6.223771895,      -9.707092678
          0,           0,        1633,      -8.384516182,      -6.368891184,               -32,      -6.573531124,       -6.21630089,      -9.707512789
          0,           0,        1634,      -8.393098843,      -6.370152409,               -32,      -6.574886586,      -6.227533419,      -9.707944336
          0,           0,        1635,      -8.433637067,      -6.371273045,               -32,      -6.576364224,      -6.233821119,      -9.708382176
          0,           0,        1636,      -8.502570596,      -6.372541125,               -32,      -6.577572099,      -6.228516377,      -9.708825235
          0,           0,        1637,      -8.562246991,      -6.373897484,               -32,      -6.578778517,      -6.229477396,      -9.709278048
          0,           0,        1638,      -8.525062151,      -6.375143737,               -32,           -6.5802,      -6.236803286,      -9.709735259
          0,           0,        1639,      -8.414522871,      -6.376562714,               -32,      -6.581304627,       -6.23101149,      -9.710196129
          0,           0,        1640,      -8.396918985,       -6.37804865,               -32,      -6.582385352,      -6.233427759,      -9.710666458
          0,           0,        1641,      -8.426056727,      -6.379296824,               -32,      -6.583844885,      -6.244308448,       -9.71114407
          0,           0,        1642,      -8.487393367,      -6.380591343,               -32,      -6.585137436,       -6.24202526,      -9.711623451
          0,           0,        1643,      -8.558110191,      -6.382081907,               -32,      -6.586184891,      -6.236360235,      -9.712109961
          0,           0,        1644,      -8.556550063,      -6.383440529,               -32,      -6.587564954,       -6.24515841,      -9.712601746
          0,           0,        1645,      -8.459787633,      -6.384861668,               -32,      -6.588769334,      -6.243018217,      -9.713091952
          0,           0,        1646,      -8.395106839,      -6.386515705,               -32,      -6.589635608,      -6.236478896,      -9.713588655
          0,           0,        1647,      -8.413531709,      -6.387896705,               -32,      -6.591029524,       -6.25008203,      -9.714091447
          0,           0,        1648,      -8.464474445,      -6.389220584,               -32,      -6.592361062,      -6.251131537,      -9.714590979
          0,           0,        1649,      -8.539436027,      -6.390757393,               -32,      -6.593361951,      -6.242264524,      -9.715088338
          0,           0,        1650,      -8.577263924,      -6.392243256,               -32,      -6.594598675,       -6.24775503,       -9.71558583
          0,           0,        1651,      -8.506257277,      -6.393680261,               -32,      -6.595848361,      -6.249874069,      -9.716077344
          0,           0,        1652,       -8.39580414,      -6.395369523,               -32,      -6.596697207,      -6.239868117,       -9.71657257
          0,           0,        1653,      -8.400226116,      -6.396911466,               -32,      -6.597879127,      -6.249285451,      -9.717075786
          0,           0,        1654,      -8.437509331,       -6.39828243,               -32,       -6.59919541,      -6.254457515,       -9.71758041
          0,           0,        1655,      -8.509123158,      -6.399774244,               -32,      -6.600274889,      -6.247663629,      -9.718083218
          0,           0,        1656,      -8.578142029,      -6.401384292,               -32,       -6.60128019,      -6.244955271,      -9.718589846
          0,           0,        1657,      -8.546136829,      -6.402851712,               -32,      -6.602532959,      -6.251274199,      -9.719094448
          0,           0,        1658,      -8.430931406,      -6.404452854,               -32,      -6.603517818,      -6.244640099,      -9.719594278
          0,           0,        1659,      -8.399253296,      -6.406169297,               -32,      -6.604368607,      -6.242845486,      -9.720096999
          0,           0,        1660,      -8.420884893,      -6.407597161,               -32,      -6.605654905,      -6.253170172,      -9.720601068
          0,           0,        1661,      -8.479693579,      -6.409016737,               -32,      -6.606824066,      -6.250481058,       -9.72109916
          0,           0,        1662,      -8.559728245,      -6.410658177,               -32,      -6.607688727,      -6.241390006,      -9.721597166
          0,           0,        1663,      -8.574911373,      -6.412165449,               -32,       -6.60886993,        -6.2480141,      -9.722094861
          0,           0,        1664,      -8.484161575,      -6.413671988,               -32,      -6.609949961,      -6.246207385,      -9.722584054
          0,           0,        1665,      -8.391740423,      -6.415438538,               -32,      -6.610640476,      -6.236568189,      -9.723074687
          0,           0,        1666,      -8.400429159,      -6.416924151,               -32,      -6.611825518,      -6.248070806,      -9.723568444
          0,           0,        1667,      -8.443679124,       -6.41828099,               -32,      -6.613021655,      -6.249260163,       -9.72405888
          0,           0,        1668,      -8.523702359,      -6.419813236,               -32,      -6.613935238,      -6.240146246,      -9.724547558
          0,           0,        1669,      -8.584761566,      -6.421371846,               -32,      -6.614924397,      -6.240656388,      -9.725039046
          0,           0,        1670,      -8.531735042,      -6.422806995,               -32,      -6.616049616,      -6.243857336,      -9.725525115
          0,           0,        1671,      -8.408557148,      -6.424428769,               -32,       -6.61685978,      -6.235185856,      -9.725999825
          0,           0,        1672,      -8.395884925,      -6.426016502,               -32,      -6.617757508,      -6.238514027,       -9.72646167
          0,           0,        1673,      -8.421335476,       -6.42734073,               -32,      -6.618947772,      -6.244849852,      -9.726913527
          0,           0,        1674,      -8.487847687,      -6.428701391,               -32,      -6.619999063,      -6.240007483,      -9.727353276
          0,           0,        1675,      -8.570225396,       -6.43025759,               -32,       -6.62081663,      -6.233138299,      -9.727788591
          0,           0,        1676,      -8.565762844,       -6.43163922,               -32,      -6.621949168,      -6.239331122,      -9.728216684
          0,           0,        1677,      -8.463269925,      -6.433061742,               -32,      -6.622922625,      -6.235503676,      -9.728631132
          0,           0,        1678,      -8.396339884,      -6.434694777,               -32,      -6.623589319,      -6.229421723,      -9.729041918
          0,           0,        1679,      -8.406881265,      -6.435988765,               -32,      -6.624774442,      -6.240113013,      -9.729448611
          0,           0,        1680,      -8.456004384,      -6.437193502,               -32,      -6.625920174,      -6.239051738,       -9.72984339
          0,           0,        1681,      -8.540494571,      -6.438610523,               -32,      -6.626763358,      -6.230096816,      -9.730230221
          0,           0,        1682,       -8.58495959,      -6.439961608,               -32,      -6.627807859,      -6.233626384,      -9.730611308
          0,           0,        1683,      -8.516162557,      -6.441229828,               -32,      -6.628884666,      -6.234454342,      -9.730978263
          0,           0,        1684,      -8.398695485,      -6.442724443,               -32,      -6.629619399,      -6.226159841,      -9.731335286
          0,           0,        1685,      -8.396887843,      -6.444035667,               -32,       -6.63065651,      -6.233778544,       -9.73168701
          0,           0,        1686,       -8.42906146,       -6.44513575,               -32,      -6.631849581,      -6.237035673,         -9.732029
          0,           0,        1687,      -8.503609194,      -6.446333289,               -32,       -6.63286646,      -6.231175486,      -9.732358933
          0,           0,        1688,      -8.580484689,       -6.44766008,               -32,      -6.633774189,      -6.228287078,       -9.73268343
          0,           0,        1689,      -8.554961829,      -6.448815797,               -32,      -6.634939219,      -6.233385556,       -9.73299711
          0,           0,        1690,      -8.442798405,      -6.450071487,               -32,      -6.635896903,      -6.228595151,      -9.733297723
          0,           0,        1691,      -8.406490718,      -6.451432623,               -32,      -6.636712279,      -6.227790074,      -9.733593571
          0,           0,        1692,      -8.422680718,      -6.452467784,               -32,      -6.637972121,      -6.236408739,      -9.733882913
          0,           0,        1693,      -8.479834788,      -6.453476283,               -32,      -6.639157998,       -6.23416173,      -9.734159031
          0,           0,        1694,      -8.563387467,      -6.454704028,               -32,      -6.640062905,      -6.227467189,      -9.734428664
          0,           0,        1695,      -8.582047613,      -6.455791905,               -32,      -6.641263712,      -6.233325403,      -9.734689579
          0,           0,        1696,      -8.497501066,      -6.456865757,               -32,      -6.642395395,      -6.232426111,      -9.734927615
          0,           0,        1697,      -8.406434619,      -6.458174304,               -32,      -6.643193355,      -6.226697675,      -9.735137551
          0,           0,        1698,      -8.412739742,      -6.459188932,               -32,      -6.644465585,      -6.237079111,      -9.735328558
          0,           0,        1699,      -8.454761016,       -6.46007476,               -32,      -6.645770531,       -6.23816335,      -9.735519469
          0,           0,        1700,      -8.535441116,      -6.461134634,               -32,      -6.646830177,      -6.231999471,      -9.735712828
          0,           0,        1701,      -8.593384115,       -6.46220663,               -32,      -6.647984112,      -6.234307939,      -9.735906038
          0,           0,        1702,        -8.5423576,       -6.46316894,               -32,      -6.649262886,      -6.237529472,      -9.736087578
          0,           0,        1703,      -8.425587078,      -6.464314207,               -32,      -6.650262428,      -6.232224091,      -9.736261213
          0,           0,        1704,      -8.417115736,      -6.465392253,               -32,      -6.651405002,      -6.237849443,      -9.736430459
          0,           0,        1705,      -8.444401369,      -6.466232461,               -32,      -6.652812406,      -6.243556447,      -9.736591305
          0,           0,        1706,      -8.512506774,       -6.46713677,               -32,      -6.654086327,      -6.240419911,      -9.736740322
          0,           0,        1707,      -8.589517275,      -6.468204082,               -32,      -6.655197993,      -6.237965429,      -9.736884665
          0,           0,        1708,      -8.576567109,      -6.469117873,               -32,      -6.656600358,      -6.244422743,      -9.737019176
          0,           0,        1709,      -8.474619623,      -6.470109348,               -32,       -6.65783337,      -6.242118441,      -9.737140001
          0,           0,        1710,      -8.427237922,      -6.471258792,               -32,      -6.658860526,      -6.241289857,      -9.737256982
          0,           0,        1711,      -8.442680169,      -6.472105515,               -32,      -6.660370376,      -6.251568807,      -9.737367716
          0,           0,        1712,      -8.496610174,      -6.472920998,               -32,        -6.6618195,      -6.251266041,       -9.73746537
          0,           0,        1713,      -8.577360898,       -6.47394772,               -32,      -6.662991933,      -6.246364716,      -9.737556967
          0,           0,        1714,       -8.60207539,      -6.474875494,               -32,      -6.664445645,      -6.252998977,      -9.737641056
          0,           0,        1715,      -8.524146573,      -6.475792514,               -32,      -6.665854803,      -6.253924462,      -9.737709486
          0,           0,        1716,      -8.429643089,      -6.476942258,               -32,      -6.666931623,      -6.249578493,      -9.737773311
          0,           0,        1717,       -8.43707999,      -6.477861756,               -32,      -6.668445954,       -6.26052932,      -9.737831531
          0,           0,        1718,      -8.478452173,      -6.478664012,               -32,      -6.670014604,      -6.263393431,      -9.737877762
          0,           0,        1719,      -8.556619392,      -6.479627005,               -32,      -6.671346171,      -6.259108318,       -9.73791487
          0,           0,        1720,      -8.615219756,      -6.480626346,               -32,      -6.672756893,      -6.262362515,      -9.737946327
          0,           0,        1721,      -8.567374601,      -6.481535311,               -32,      -6.674306107,      -6.267085266,      -9.737964166
          0,           0,        1722,      -8.453165702,      -6.482621575,               -32,      -6.675576585,      -6.263166562,      -9.737972908
          0,           0,        1723,      -8.443952308,      -6.483688995,               -32,      -6.676949588,      -6.269181495,      -9.737976718
          0,           0,        1724,      -8.472139532,      -6.484544375,               -32,      -6.678608358,      -6.276608278,      -9.737971696
          0,           0,        1725,      -8.539528248,      -6.485465367,               -32,       -6.68012321,      -6.274854005,      -9.737954785
          0,           0,        1726,      -8.615676458,      -6.486547957,               -32,      -6.681471067,      -6.273420118,      -9.737933368
          0,           0,        1727,      -8.603230329,      -6.487504557,               -32,      -6.683111194,      -6.281157663,      -9.737902048
          0,           0,        1728,       -8.50173141,       -6.48854567,               -32,      -6.684571674,      -6.279803333,        -9.7378569
          0,           0,        1729,      -8.452186917,      -6.489758876,               -32,      -6.685802585,      -6.279209072,      -9.737808601
          0,           0,        1730,       -8.46932951,       -6.49070884,               -32,       -6.68751865,      -6.290937958,      -9.737754503
          0,           0,        1731,      -8.523912959,      -6.491637175,               -32,      -6.689160976,      -6.291762007,       -9.73768792
          0,           0,        1732,      -8.605304873,      -6.492766946,               -32,      -6.690517831,      -6.287406409,      -9.737616522
          0,           0,        1733,      -8.631400359,      -6.493821186,               -32,       -6.69215006,      -6.294991402,      -9.737538896
          0,           0,        1734,      -8.552672964,      -6.494873213,               -32,        -6.6937321,      -6.296773654,      -9.737446661
          0,           0,        1735,      -8.454228631,      -6.496156137,               -32,      -6.694964805,      -6.292153227,      -9.737351482
          0,           0,        1736,      -8.462105956,      -6.497253842,               -32,      -6.696605286,      -6.303776603,      -9.737252754
          0,           0,        1737,      -8.503592769,      -6.498242242,               -32,      -6.698304842,      -6.307843654,      -9.737144309
          0,           0,        1738,      -8.582761459,      -6.499376887,               -32,      -6.699763767,      -6.303885926,      -9.737028906
          0,           0,        1739,      -8.645784814,      -6.500569619,               -32,       -6.70126543,      -6.306922638,       -9.73691075
          0,           0,        1740,      -8.599350814,      -6.501675638,               -32,      -6.702921004,      -6.312740573,      -9.736782068
          0,           0,        1741,      -8.482494078,      -6.502945308,               -32,      -6.704296448,      -6.308681972,      -9.736646374
          0,           0,        1742,      -8.467886021,      -6.504247635,               -32,      -6.705689346,      -6.313396653,      -9.736509346
          0,           0,        1743,      -8.494547134,      -6.505338894,               -32,      -6.707409709,      -6.322417574,      -9.736367672
          0,           0,        1744,      -8.561279454,      -6.506475254,               -32,      -6.708988981,      -6.321123976,      -9.736217237
          0,           0,        1745,      -8.642811032,      -6.507787508,               -32,      -6.710348012,       -6.31818902,      -9.736066145
          0,           0,        1746,      -8.637838492,      -6.508983407,               -32,      -6.712009801,      -6.326635562,      -9.735909887
          0,           0,        1747,       -8.53781477,      -6.510241611,               -32,      -6.713505288,      -6.325533164,      -9.735742721
          0,           0,        1748,      -8.470961463,       -6.51170653,               -32,      -6.714691755,       -6.32218391,      -9.735576786
          0,           0,        1749,      -8.485160103,      -6.512923341,               -32,      -6.716375341,      -6.334942884,      -9.735410197
          0,           0,        1750,      -8.536567293,      -6.514088285,               -32,      -6.718005578,      -6.336473312,      -9.735235696
          0,           0,        1751,       -8.62225768,      -6.515440258,               -32,        -6.7193405,      -6.330779031,      -9.735059701
          0,           0,        1752,      -8.664977932,      -6.516760872,               -32,      -6.720876543,      -6.336851658,      -9.734882834
          0,           0,        1753,      -8.594372441,      -6.518041982,               -32,      -6.722424281,      -6.339681237,      -9.734696448
          0,           0,        1754,      -8.478007775,      -6.519534918,               -32,      -6.723628678,      -6.333399701,       -9.73450963
          0,           0,        1755,       -8.47817147,      -6.520927971,               -32,      -6.725080192,      -6.342247859,      -9.734323935
          0,           0,        1756,      -8.512830525,      -6.522160759,               -32,       -6.72669587,      -6.347996274,      -9.734134728
          0,           0,        1757,       -8.58956059,      -6.523484224,               -32,      -6.728123784,      -6.344372762,      -9.733941013
          0,           0,        1758,      -8.668713666,      -6.524935869,               -32,      -6.729432941,      -6.343155122,      -9.733749273
          0,           0,        1759,      -8.641557446,      -6.526265896,               -32,      -6.730991982,       -6.35029451,      -9.733553573
          0,           0,        1760,      -8.528429081,      -6.527699142,               -32,      -6.732326127,      -6.346703977,      -9.733351773
          0,           0,        1761,      -8.485968495,      -6.529279873,               -32,      -6.733445809,      -6.345403425,      -9.733153239
          0,           0,        1762,      -8.503948418,      -6.530598992,               -32,      -6.735032283,      -6.356615717,      -9.732956094
          0,           0,        1763,      -8.562471137,      -6.531894181,               -32,      -6.736526956,      -6.356127484,      -9.732753671
          0,           0,        1764,      -8.651291638,      -6.533385449,               -32,      -6.737723005,      -6.349830423,      -9.732553312
          0,           0,        1765,      -8.676240547,      -6.534789318,               -32,      -6.739190461,      -6.356834821,      -9.732353596
          0,           0,        1766,      -8.592045419,      -6.536183806,               -32,      -6.740585656,      -6.357134836,      -9.732146535
          0,           0,        1767,      -8.486395133,      -6.537805038,               -32,      -6.741616237,      -6.350191753,      -9.731943036
          0,           0,        1768,      -8.491759967,      -6.539236064,               -32,      -6.743029893,      -6.360780381,      -9.731742999
          0,           0,        1769,      -8.532138347,      -6.540531822,               -32,      -6.744515365,      -6.363958217,      -9.731540827
          0,           0,        1770,      -8.615151037,      -6.541949531,               -32,      -6.745780083,      -6.358623773,      -9.731337843
          0,           0,        1771,      -8.687590887,      -6.543442399,               -32,       -6.74702355,       -6.35914115,      -9.731138591
          0,           0,        1772,      -8.645591716,      -6.544819426,               -32,      -6.748449505,      -6.364302301,      -9.730936736
          0,           0,        1773,      -8.526107882,      -6.546328397,               -32,      -6.749617662,      -6.359139356,      -9.730733347
          0,           0,        1774,      -8.500719833,      -6.547910554,               -32,      -6.750685426,      -6.360293262,       -9.73053479
          0,           0,        1775,      -8.522914844,      -6.549231266,               -32,      -6.752157952,         -6.369212,      -9.730339262
          0,           0,        1776,      -8.587147789,      -6.550550399,               -32,      -6.753524073,      -6.367246108,      -9.730141469
          0,           0,        1777,       -8.67493089,      -6.552056567,               -32,      -6.754619891,      -6.361696822,      -9.729948364
          0,           0,        1778,      -8.683825206,      -6.553435768,               -32,      -6.756017593,      -6.368673302,      -9.729757514
          0,           0,        1779,      -8.591516233,      -6.554831732,               -32,      -6.757288923,      -6.367192135,      -9.729562554
          0,           0,        1780,      -8.504184542,      -6.556446623,               -32,      -6.758205113,      -6.361313874,      -9.729373968
          0,           0,        1781,      -8.513946298,      -6.557803535,               -32,      -6.759594432,      -6.372386331,      -9.729191281
          0,           0,        1782,      -8.560098794,       -6.55904781,               -32,       -6.76099592,      -6.373610431,      -9.729008424
          0,           0,        1783,      -8.645044196,      -6.560445134,               -32,       -6.76214254,      -6.367539142,      -9.728828763
          0,           0,        1784,      -8.702936133,      -6.561846519,               -32,      -6.763392663,      -6.370447177,      -9.728654832
          0,           0,        1785,      -8.647769047,      -6.563155465,               -32,      -6.764737211,      -6.373457928,      -9.728480213
          0,           0,        1786,       -8.52918849,      -6.564631672,               -32,       -6.76578513,      -6.367647257,      -9.728309287
          0,           0,        1787,      -8.520114268,      -6.566075011,               -32,      -6.766908341,      -6.372267129,       -9.72814555
          0,           0,        1788,      -8.549566849,      -6.567280743,               -32,      -6.768334499,       -6.37862083,      -9.727986514
          0,           0,        1789,        -8.6194706,      -6.568525334,               -32,      -6.769625988,      -6.375587396,      -9.727829332
          0,           0,        1790,      -8.699466854,      -6.569918079,               -32,      -6.770733685,      -6.372585425,      -9.727679786
          0,           0,        1791,      -8.688266321,      -6.571163762,               -32,      -6.772134346,      -6.378999785,      -9.727534457
          0,           0,        1792,       -8.58834831,      -6.572471339,               -32,      -6.773350202,       -6.37624506,      -9.727389689
          0,           0,        1793,      -8.531986585,      -6.573954006,               -32,      -6.774281235,      -6.373401602,      -9.727253988
          0,           0,        1794,       -8.54929333,      -6.575137814,               -32,       -6.77573023,      -6.384099566,       -9.72712671
          0,           0,        1795,      -8.603163496,      -6.576256911,               -32,       -6.77712792,      -6.383814101,      -9.727001939
          0,           0,        1796,      -8.683774457,      -6.577555501,               -32,      -6.778245223,      -6.378377239,        -9.7268847
          0,           0,        1797,      -8.714559552,       -6.57876526,               -32,      -6.779627335,      -6.384200912,      -9.726775043
          0,           0,        1798,       -8.64321475,      -6.579944227,               -32,      -6.780970328,      -6.384830225,      -9.726666534
          0,           0,        1799,      -8.542856964,      -6.581334503,               -32,      -6.781960711,      -6.379439475,      -9.726566684
          0,           0,        1800,      -8.550628643,      -6.582541075,               -32,      -6.783306138,      -6.388613213,      -9.726476474
          0,           0,        1801,      -8.591545169,      -6.583582782,               -32,      -6.784776867,      -6.391991499,      -9.726391284
          0,           0,        1802,      -8.665128595,      -6.584738354,               -32,       -6.78603246,      -6.387877393,      -9.726312055
          0,           0,        1803,      -8.725378156,       -6.58593423,               -32,      -6.787330896,      -6.389833324,      -9.726242093
          0,           0,        1804,      -8.686769628,      -6.587020848,               -32,      -6.788793676,      -6.394253454,      -9.726176076
          0,           0,        1805,      -8.580721399,      -6.588251343,               -32,      -6.789979506,      -6.390263239,       -9.72611529
          0,           0,        1806,      -8.565757574,      -6.589514305,               -32,      -6.791143346,      -6.393443055,      -9.726064427
          0,           0,        1807,      -8.595656696,      -6.590517757,               -32,      -6.792698211,      -6.401628647,      -9.726021296
          0,           0,        1808,      -8.657925486,      -6.591547134,               -32,      -6.794114929,      -6.399909687,      -9.725982514
          0,           0,        1809,      -8.726311232,      -6.592712111,               -32,      -6.795366978,      -6.398096689,      -9.725952868
          0,           0,        1810,      -8.719008118,      -6.593742744,               -32,      -6.796921134,      -6.404877987,      -9.725929252
          0,           0,        1811,      -8.629524961,      -6.594844093,               -32,      -6.798282532,      -6.403160366,      -9.725907768
          0,           0,        1812,      -8.579239389,      -6.596118292,               -32,      -6.799369585,      -6.401461643,       -9.72589587
          0,           0,        1813,      -8.602268591,      -6.597115339,               -32,      -6.800976611,      -6.412671159,      -9.725892708
          0,           0,        1814,      -8.655310686,      -6.598064607,               -32,      -6.802515719,      -6.413255907,      -9.725892734
          0,           0,        1815,      -8.722486002,      -6.599176203,               -32,      -6.803797195,      -6.409694805,      -9.725900363
          0,           0,        1816,       -8.74195532,      -6.600186124,               -32,      -6.805388639,      -6.416736189,      -9.725914824
          0,           0,        1817,       -8.67201303,      -6.601204644,               -32,      -6.806888918,      -6.417445477,      -9.725929817
          0,           0,        1818,      -8.592719672,      -6.602437238,               -32,      -6.808027706,      -6.413474692,      -9.725952482
          0,           0,        1819,      -8.609530419,      -6.603468259,               -32,      -6.809603654,      -6.424364044,      -9.725983444
          0,           0,        1820,      -8.655474863,      -6.604384168,               -32,      -6.811232504,      -6.427759323,      -9.726017189
          0,           0,        1821,      -8.719034322,      -6.605438379,               -32,      -6.812599959,      -6.424275601,      -9.726056204
          0,           0,        1822,      -8.758246369,      -6.606459254,               -32,      -6.814173117,      -6.429727374,      -9.726101983
          0,           0,        1823,      -8.708649687,      -6.607433443,               -32,      -6.815785229,       -6.43306171,      -9.726148009
          0,           0,        1824,      -8.616584192,      -6.608600085,               -32,      -6.817047718,      -6.428902904,      -9.726198385
          0,           0,        1825,      -8.621838261,       -6.60969697,               -32,      -6.818520904,      -6.436555074,      -9.726256124
          0,           0,        1826,      -8.661467451,      -6.610615609,               -32,        -6.8202191,       -6.44332919,      -9.726316967
          0,           0,        1827,      -8.720253526,      -6.611624537,               -32,      -6.821691296,      -6.440954906,      -9.726380668
          0,           0,        1828,      -8.769658464,      -6.612673229,               -32,      -6.823212618,      -6.443713933,      -9.726450545
          0,           0,        1829,      -8.739844056,      -6.613635404,               -32,      -6.824902254,      -6.449399085,      -9.726521163
          0,           0,        1830,      -8.649656445,      -6.614744635,               -32,       -6.82629106,      -6.446181673,      -9.726592646
          0,           0,        1831,      -8.636183114,      -6.615911039,               -32,      -6.827646357,      -6.449444845,      -9.726670659
          0,           0,        1832,      -8.670541765,      -6.616857356,               -32,       -6.82938499,      -6.459360804,      -9.726752414
          0,           0,        1833,      -8.724719372,      -6.617842985,               -32,      -6.830940884,      -6.458438255,      -9.726835115
          0,           0,        1834,      -8.777166039,      -6.618922089,               -32,      -6.832402967,      -6.458441385,      -9.726923205
          0,           0,        1835,      -8.765459098,      -6.619897008,               -32,       -6.83412462,      -6.465671495,      -9.727012838
          0,           0,        1836,      -8.683666737,      -6.620972111,               -32,      -6.835603272,      -6.463718309,      -9.727100715
          0,           0,        1837,      -8.648158118,      -6.622191084,               -32,      -6.836866699,      -6.462927545,      -9.727194379
          0,           0,        1838,      -8.678037445,      -6.623183224,               -32,      -6.838596201,        -6.4747468,      -9.727292466
          0,           0,        1839,      -8.728514352,      -6.624165812,               -32,      -6.840198253,      -6.475402656,      -9.727390308
          0,           0,        1840,      -8.781049619,      -6.625271731,               -32,      -6.841602608,      -6.473054361,      -9.727492679
          0,           0,        1841,      -8.786301052,       -6.62627733,               -32,      -6.843304367,       -6.48074487,      -9.727597597
          0,           0,        1842,      -8.715318334,      -6.627336437,               -32,      -6.844833163,      -6.480197561,      -9.727699259
          0,           0,        1843,      -8.657926564,      -6.628586113,               -32,      -6.846034481,      -6.476102831,      -9.727805717
          0,           0,        1844,      -8.682413448,      -6.629638904,               -32,      -6.847690991,      -6.487997653,       -9.72791726
          0,           0,        1845,      -8.729487921,      -6.630631668,               -32,      -6.849302605,      -6.490484422,      -9.728028197
          0,           0,        1846,      -8.781417851,      -6.631754444,               -32,      -6.850655935,      -6.486416391,      -9.728142588
          0,           0,        1847,      -8.803042457,        -6.6328037,               -32,      -6.852279986,      -6.493157293,      -9.728260606
          0,           0,        1848,      -8.745194434,      -6.633856901,               -32,       -6.85382445,      -6.494280775,      -9.728375108
          0,           0,        1849,      -8.668894294,      -6.635110058,               -32,      -6.854995648,      -6.488021557,      -9.728492696
          0,           0,        1850,      -8.684335288,      -6.636237227,               -32,       -6.85650388,      -6.497554256,      -9.728615871
          0,           0,        1851,      -8.727212077,      -6.637248043,               -32,      -6.858093329,      -6.502344063,      -9.728739072
          0,           0,        1852,      -8.778535354,      -6.638369269,               -32,       -6.85941345,      -6.497630836,      -9.728864225
          0,           0,        1853,      -8.814884589,      -6.639470027,               -32,      -6.860897403,      -6.501567207,      -9.728993871
          0,           0,        1854,      -8.773594761,      -6.640523191,               -32,      -6.862425988,      -6.504657612,      -9.729121099
          0,           0,        1855,      -8.686571934,      -6.641747876,               -32,      -6.863601938,      -6.497960511,      -9.729248703
          0,           0,        1856,      -8.685238122,      -6.642958395,               -32,      -6.864888252,      -6.502322201,      -9.729382084
          0,           0,        1857,      -8.722368974,       -6.64399263,               -32,      -6.866428203,      -6.509898815,      -9.729517144
          0,           0,        1858,      -8.772734221,      -6.645090681,               -32,      -6.867736437,      -6.505970932,      -9.729652277
          0,           0,        1859,      -8.819281329,      -6.646239242,               -32,      -6.869032381,      -6.505439459,       -9.72979208
          0,           0,        1860,       -8.79874495,      -6.647297439,               -32,      -6.870510689,       -6.51034097,      -9.729931606
          0,           0,        1861,      -8.713558202,      -6.648470682,               -32,       -6.87170599,      -6.504911909,      -9.730068494
          0,           0,        1862,      -8.684316744,      -6.649752117,               -32,      -6.872745581,      -6.502586683,      -9.730210992
          0,           0,        1863,      -8.714280252,      -6.650814408,               -32,      -6.874202375,      -6.512600197,      -9.730357344
          0,           0,        1864,      -8.762548132,      -6.651875292,               -32,      -6.875500358,      -6.510608139,       -9.73050262
          0,           0,        1865,      -8.813545309,      -6.653047441,               -32,      -6.876608234,      -6.505523226,      -9.730652105
          0,           0,        1866,      -8.818096551,      -6.654116618,               -32,      -6.877989943,      -6.511001721,      -9.730803889
          0,           0,        1867,      -8.745649951,      -6.655232109,               -32,      -6.879189971,      -6.507852608,      -9.730951527
          0,           0,        1868,      -8.680892867,      -6.656535295,               -32,      -6.880048385,      -6.500182607,      -9.731104051
          0,           0,        1869,      -8.701531935,      -6.657636886,               -32,      -6.881352486,      -6.510165306,       -9.73126249
          0,           0,        1870,      -8.745548788,      -6.658660707,               -32,      -6.882617458,      -6.510885374,      -9.731420521
          0,           0,        1871,      -8.797632589,      -6.659809368,               -32,      -6.883605406,      -6.503474882,      -9.731581631
          0,           0,        1872,      -8.829473928,      -6.660899972,               -32,      -6.884819626,      -6.506799848,      -9.731747711
          0,           0,        1873,       -8.77830728,      -6.661962389,               -32,      -6.886001506,      -6.506608753,      -9.731911274
          0,           0,        1874,      -8.686577028,       -6.66320741,               -32,      -6.886818314,        -6.4975624,      -9.732077485
          0,           0,        1875,      -8.689757019,      -6.664373318,               -32,      -6.887853712,      -6.502605455,      -9.732250817
          0,           0,        1876,      -8.725937897,      -6.665374054,               -32,      -6.889061994,      -6.507001039,      -9.732425468
          0,           0,        1877,       -8.77728114,      -6.666446033,               -32,      -6.890039084,      -6.500879224,      -9.732597639
          0,           0,        1878,      -8.828337719,      -6.667561151,               -32,      -6.891020516,      -6.498970642,       -9.73277058
          0,           0,        1879,      -8.806634791,      -6.668584769,               -32,      -6.892161288,       -6.50179609,      -9.732939944
          0,           0,        1880,      -8.716758059,      -6.669715674,               -32,      -6.893037089,       -6.49526047,      -9.733104695
          0,           0,        1881,      -8.683354521,      -6.670946046,               -32,      -6.893762129,      -6.492221149,      -9.733273983
          0,           0,        1882,      -8.709268343,      -6.671941101,               -32,      -6.894902889,      -6.500487205,      -9.733446683
          0,           0,        1883,      -8.756622457,      -6.672920571,               -32,      -6.895912755,      -6.497522925,      -9.733617135
          0,           0,        1884,      -8.811889081,      -6.674022864,               -32,      -6.896710023,      -6.490961822,      -9.733790409
          0,           0,        1885,      -8.825122084,      -6.675027004,               -32,      -6.897771143,      -6.494752991,      -9.733965589
          0,           0,        1886,       -8.75696301,      -6.676053837,               -32,      -6.898698059,      -6.491621671,      -9.734135802
          0,           0,        1887,      -8.677816095,      -6.677268362,               -32,      -6.899286994,      -6.483753943,      -9.734309465
          0,           0,        1888,      -8.691929236,      -6.678289422,               -32,      -6.900284728,      -6.491985144,      -9.734488019
          0,           0,        1889,      -8.732103166,      -6.679203705,               -32,      -6.901301341,      -6.492592706,      -9.734665451
          0,           0,        1890,      -8.785645014,      -6.680229682,               -32,      -6.902075003,      -6.485505817,      -9.734843259
          0,           0,        1891,       -8.83061682,      -6.681240504,               -32,      -6.902989427,      -6.486395554,       -9.73502463
          0,           0,        1892,      -8.792261924,      -6.682196757,               -32,      -6.903949727,      -6.486844729,      -9.735203274
          0,           0,        1893,      -8.695620575,      -6.683298519,               -32,      -6.904627541,      -6.479760457,      -9.735381285
          0,           0,        1894,       -8.68446458,      -6.684391645,               -32,      -6.905371719,      -6.481907216,      -9.735564141
          0,           0,        1895,        -8.7139816,      -6.685284317,               -32,      -6.906391467,      -6.487053612,      -9.735748953
          0,           0,        1896,      -8.763411831,      -6.686206645,               -32,      -6.907267781,      -6.482789976,      -9.735932161
          0,           0,        1897,      -8.819934595,      -6.687224062,               -32,      -6.908039481,      -6.479012904,       -9.73611876
          0,           0,        1898,      -8.816982393,      -6.688149279,               -32,      -6.909022973,      -6.482123538,      -9.736305933
          0,           0,        1899,       -8.73904947,      -6.689134935,               -32,       -6.90984549,      -6.478191393,      -9.736489205
          0,           0,        1900,      -8.680976216,      -6.690272282,               -32,      -6.910433017,      -6.474110734,      -9.736677002
          0,           0,        1901,      -8.699875346,      -6.691185276,               -32,      -6.911448703,      -6.482421008,      -9.736868519
          0,           0,        1902,      -8.742785269,      -6.692038774,               -32,      -6.912430142,      -6.481395134,      -9.737057463
          0,           0,        1903,      -8.796923697,      -6.693020869,               -32,      -6.913199318,      -6.475641213,      -9.737248101
          0,           0,        1904,      -8.829329536,      -6.693955538,               -32,      -6.914171543,      -6.478400977,      -9.737441591
          0,           0,        1905,      -8.779193907,      -6.694877175,               -32,       -6.91511904,      -6.477624266,      -9.737631599
          0,           0,        1906,      -8.686734349,      -6.695967445,               -32,       -6.91579771,      -6.471936045,      -9.737823618
          0,           0,        1907,      -8.690129513,       -6.69696136,               -32,      -6.916713201,       -6.47792548,      -9.738020276
          0,           0,        1908,      -8.724142464,      -6.697808789,               -32,      -6.917781316,      -6.480821773,      -9.738217521
          0,           0,        1909,      -8.774502477,      -6.698727359,               -32,      -6.918701405,       -6.47663553,      -9.738414481
          0,           0,        1910,      -8.827587099,      -6.699702967,               -32,      -6.919631854,      -6.476108227,      -9.738615228
          0,           0,        1911,      -8.809433514,      -6.700614444,               -32,      -6.920699299,      -6.478449491,      -9.738815481
          0,           0,        1912,      -8.723779569,      -6.701624439,               -32,       -6.92159516,      -6.474718601,      -9.739013983
          0,           0,        1913,      -8.690524425,      -6.702724717,               -32,      -6.922397797,      -6.475063328,      -9.739217588
          0,           0,        1914,      -8.714237714,      -6.703619421,               -32,      -6.923564177,      -6.482294708,      -9.739424765
          0,           0,        1915,      -8.759316531,      -6.704501898,               -32,      -6.924672608,      -6.480775828,      -9.739631029
          0,           0,        1916,      -8.813236141,      -6.705507242,               -32,       -6.92563081,      -6.477502624,      -9.739840832
          0,           0,        1917,      -8.828763209,      -6.706455479,               -32,      -6.926799075,      -6.481302608,      -9.740053264
          0,           0,        1918,      -8.767555269,      -6.707433017,               -32,      -6.927895889,      -6.480091917,      -9.740263126
          0,           0,        1919,      -8.690709464,      -6.708579579,               -32,      -6.928760058,      -6.476978119,      -9.740478091
          0,           0,        1920,      -8.703927327,      -6.709575061,               -32,      -6.929964288,      -6.485236534,      -9.740698753
          0,           0,        1921,      -8.742570862,       -6.71047996,               -32,      -6.931229857,      -6.486792891,      -9.740920488
          0,           0,        1922,      -8.793058632,      -6.711488634,               -32,      -6.932338345,      -6.483458407,      -9.741145149
          0,           0,        1923,      -8.836752415,      -6.712513312,               -32,      -6.933557474,       -6.48587606,      -9.741374778
          0,           0,        1924,      -8.803391973,      -6.713510699,               -32,      -6.934834052,      -6.487501834,      -9.741602921
          0,           0,        1925,      -8.712844408,      -6.714642749,               -32,      -6.935918513,      -6.484405926,      -9.741828891
          0,           0,        1926,      -8.702406504,       -6.71578586,               -32,       -6.93706831,      -6.488896865,       -9.74204985
          0,           0,        1927,      -8.731957839,      -6.716767623,               -32,      -6.938476776,      -6.494639447,      -9.742261441
          0,           0,        1928,      -8.778960143,      -6.717781566,               -32,      -6.939799826,      -6.493149116,      -9.742467982
          0,           0,        1929,      -8.832266469,       -6.71889186,               -32,      -6.941054171,      -6.492635269,      -9.742679179
          0,           0,        1930,      -8.830229158,       -6.71995196,               -32,      -6.942483372,      -6.496717571,      -9.742892596
          0,           0,        1931,      -8.757410592,      -6.721079026,               -32,      -6.943800084,      -6.495421328,      -9.743103775
          0,           0,        1932,      -8.703208306,       -6.72234549,               -32,      -6.944945583,      -6.495266967,      -9.743320057
          0,           0,        1933,      -8.723205797,      -6.723442688,               -32,      -6.946458931,      -6.504257903,      -9.743539872
          0,           0,        1934,      -8.765626967,      -6.724496394,               -32,      -6.947965137,      -6.505118348,      -9.743757809
          0,           0,        1935,       -8.81685796,      -6.725665042,               -32,      -6.949316546,      -6.502991566,      -9.743977338
          0,           0,        1936,      -8.846916545,      -6.726819038,               -32,      -6.950836558,      -6.507358948,      -9.744198722
          0,           0,        1937,      -8.799519022,      -6.727979314,               -32,      -6.952341213,      -6.508383816,      -9.744415905
          0,           0,        1938,      -8.711665468,      -6.729292967,               -32,      -6.953631629,      -6.506137313,      -9.744634569
          0,           0,        1939,      -8.716101355,      -6.730546106,               -32,      -6.955122896,      -6.513712189,      -9.744856516
          0,           0,        1940,      -8.751230074,      -6.731682268,               -32,      -6.956764081,      -6.518078997,      -9.745077642
          0,           0,        1941,      -8.800036772,      -6.732881276,               -32,      -6.958287563,      -6.516669832,      -9.745297653
          0,           0,        1942,      -8.851011895,      -6.734143112,               -32,      -6.959820053,      -6.518425674,      -9.745519947
          0,           0,        1943,      -8.834048052,      -6.735367317,               -32,      -6.961470945,      -6.522243444,      -9.745739938
          0,           0,        1944,      -8.750848496,      -6.736684999,               -32,      -6.962969805,      -6.520777305,      -9.745956509
          0,           0,        1945,      -8.716840098,       -6.73809658,               -32,      -6.964369655,      -6.523049566,      -9.746174879
          0,           0,        1946,      -8.741753921,      -6.739342649,               -32,      -6.966110847,      -6.531736656,      -9.746393727
          0,           0,        1947,      -8.787072375,      -6.740575244,               -32,      -6.967795685,      -6.532168404,      -9.746609326
          0,           0,        1948,      -8.840193608,      -6.741915565,               -32,      -6.969341184,      -6.530992906,      -9.746825858
          0,           0,        1949,      -8.858068725,      -6.743224605,               -32,      -6.971068266,      -6.536168017,       -9.74704205
          0,           0,        1950,      -8.799907947,      -6.744560613,               -32,      -6.972724469,      -6.536632544,      -9.747252168
          0,           0,        1951,      -8.718976677,       -6.74604796,               -32,      -6.974153688,      -6.534926178,      -9.747463586
          0,           0,        1952,      -8.730441379,      -6.747430635,               -32,      -6.975862225,      -6.544079034,      -9.747676802
          0,           0,        1953,      -8.769358746,      -6.748721601,               -32,      -6.977641513,      -6.547460203,      -9.747886962
          0,           0,        1954,      -8.819946061,      -6.750086756,               -32,      -6.979277849,      -6.545859858,      -9.748095171
          0,           0,        1955,      -8.867971772,      -6.751489118,               -32,      -6.980970456,      -6.548788188,       -9.74830408
          0,           0,        1956,      -8.841678768,      -6.752860389,               -32,      -6.982732674,      -6.552107873,      -9.748508289
          0,           0,        1957,      -8.752002099,      -6.754335177,               -32,      -6.984311678,      -6.550173845,      -9.748708422
          0,           0,        1958,      -8.728487876,      -6.755867668,               -32,      -6.985837806,      -6.553572623,      -9.748910177
          0,           0,        1959,       -8.75623179,      -6.757236807,               -32,      -6.987674167,      -6.561714936,      -9.749111168
          0,           0,        1960,      -8.803604426,      -6.758601497,               -32,       -6.98942454,      -6.561692031,      -9.749307479
          0,           0,        1961,       -8.85877771,      -6.760062888,               -32,      -6.991043571,      -6.560645974,       -9.74950335
          0,           0,        1962,       -8.87098953,      -6.761482397,               -32,      -6.992840791,      -6.565869794,      -9.749696458
          0,           0,        1963,      -8.807627438,       -6.76293291,               -32,      -6.994533669,      -6.565746281,      -9.749879884
          0,           0,        1964,      -8.729125787,      -6.764525994,               -32,      -6.995985043,      -6.563706534,      -9.750057726
          0,           0,        1965,      -8.742298721,      -6.765991927,               -32,      -6.997746036,      -6.573188591,      -9.750225488
          0,           0,        1966,      -8.782853011,      -6.767367652,               -32,      -6.999541846,      -6.575965868,      -9.750380031
          0,           0,        1967,      -8.834824523,      -6.768813257,               -32,      -7.001180481,      -6.573848143,      -9.750531981
          0,           0,        1968,      -8.882869357,       -6.77028378,               -32,      -7.002885176,      -6.576698893,      -9.750688749
          0,           0,        1969,      -8.854980663,      -6.771718002,               -32,      -7.004640644,      -6.579617266,      -9.750842978
          0,           0,        1970,      -8.763079163,      -6.773249809,               -32,      -7.006194875,      -6.577073031,      -9.750993746
          0,           0,        1971,      -8.739237474,      -6.774828147,               -32,      -7.007686781,        -6.5799349,      -9.751146268
          0,           0,        1972,      -8.767225463,      -6.776230041,               -32,      -7.009498037,      -6.587921831,      -9.751297495
          0,           0,        1973,      -8.815372331,      -6.777618535,               -32,      -7.011209823,       -6.58748034,       -9.75144296
          0,           0,        1974,      -8.871663931,      -6.779096703,               -32,      -7.012778148,       -6.58572742,      -9.751587182
          0,           0,        1975,      -8.886059281,      -6.780523992,               -32,      -7.014528726,      -6.590648583,       -9.75172847
          0,           0,        1976,      -8.824446758,      -6.781972401,               -32,      -7.016163354,      -6.590139415,      -9.751861181
          0,           0,        1977,       -8.74167339,      -6.783555772,               -32,      -7.017534468,      -6.587136769,      -9.751993343
          0,           0,        1978,       -8.75284797,       -6.78500513,               -32,      -7.019212573,      -6.596055282,      -9.752125553
          0,           0,        1979,       -8.79301993,      -6.786347001,               -32,      -7.020935403,      -6.598719161,      -9.752252485
          0,           0,        1980,      -8.844938637,      -6.787744867,               -32,      -7.022496005,      -6.596124751,       -9.75237454
          0,           0,        1981,      -8.895740449,      -6.789166914,               -32,      -7.024105352,      -6.598039331,      -9.752494402
          0,           0,        1982,      -8.873317067,      -6.790539411,               -32,       -7.02578036,      -6.600881293,      -9.752606844
          0,           0,        1983,      -8.784136123,      -6.791994048,               -32,      -7.027247141,      -6.598023479,      -9.752711742
          0,           0,        1984,      -8.752056263,      -6.793505878,               -32,      -7.028596631,      -6.599235208,      -9.752816084
          0,           0,        1985,      -8.778475164,      -6.794817881,               -32,       -7.03031778,      -6.607553706,       -9.75291837
          0,           0,        1986,      -8.825844101,      -6.796099108,               -32,      -7.031936326,      -6.606954373,      -9.753014446
          0,           0,        1987,      -8.880938768,      -6.797465467,               -32,      -7.033390154,      -6.604337563,      -9.753108646
          0,           0,        1988,      -8.901943178,       -6.79877584,               -32,      -7.035039338,      -6.608833852,      -9.753200361
          0,           0,        1989,      -8.847487396,      -6.800092909,               -32,      -7.036578726,      -6.608361493,       -9.75328429
          0,           0,        1990,      -8.759817069,      -6.801537368,               -32,       -7.03783528,      -6.604649471,      -9.753367354
          0,           0,        1991,      -8.766957206,      -6.802857202,               -32,      -7.039369365,      -6.612414438,      -9.753451235
          0,           0,        1992,      -8.805635252,       -6.80404465,               -32,      -7.040997588,      -6.615547494,       -9.75353171
          0,           0,        1993,      -8.855558672,      -6.805273489,               -32,      -7.042460954,      -6.612862856,      -9.753608932
          0,           0,        1994,      -8.907441231,      -6.806530238,               -32,      -7.043952207,      -6.613832872,       -9.75368648
          0,           0,        1995,       -8.89304619,      -6.807727203,               -32,      -7.045540231,      -6.616841137,      -9.753760356
          0,           0,        1996,      -8.810936362,      -6.808993932,               -32,      -7.046915778,       -6.61412008,       -9.75382936
          0,           0,        1997,      -8.769624391,      -6.810333419,               -32,      -7.048119968,      -6.613926361,      -9.753900791
          0,           0,        1998,      -8.794671721,      -6.811456877,               -32,      -7.049753808,      -6.622649965,      -9.753973353
          0,           0,        1999,      -8.840338719,      -6.812537082,               -32,      -7.051287824,      -6.622218704,      -9.754042527
          0,           0,        2000,      -8.891711143,       -6.81369883,               -32,      -7.052644468,       -6.61929534,      -9.754112126
          0,           0,        2001,       -8.91718418,      -6.814804307,               -32,      -7.054214719,      -6.623521052,       -9.75418222
          0,           0,        2002,      -8.870392201,      -6.815911423,               -32,      -7.055684509,      -6.623353356,      -9.754247758
          0,           0,        2003,       -8.78367504,      -6.817142821,               -32,      -7.056855703,      -6.619595446,      -9.754314521
          0,           0,        2004,      -8.787936325,      -6.818263907,               -32,      -7.058285485,      -6.626501022,      -9.754384777
          0,           0,        2005,      -8.825771663,      -6.819238792,               -32,      -7.059859624,      -6.630294954,      -9.754454612
          0,           0,        2006,      -8.872218899,       -6.82025239,               -32,      -7.061256369,      -6.627771342,      -9.754523924
          0,           0,        2007,      -8.920931322,      -6.821291845,               -32,      -7.062692296,      -6.628680029,      -9.754596026
          0,           0,        2008,      -8.910796316,      -6.822274705,               -32,      -7.064239385,      -6.631803686,      -9.754667214
          0,           0,        2009,      -8.835261416,      -6.823330996,               -32,      -7.065559864,      -6.629354942,      -9.754736003
          0,           0,        2010,      -8.793068744,      -6.824464052,               -32,      -7.066701943,      -6.629034579,      -9.754809418
          0,           0,        2011,      -8.818979551,      -6.825382199,               -32,      -7.068304785,      -6.637932143,      -9.754886009
          0,           0,        2012,      -8.862794134,      -6.826262677,               -32,      -7.069801168,      -6.637743807,      -9.754961782
          0,           0,        2013,      -8.909302381,      -6.827222139,               -32,      -7.071129199,      -6.635263817,      -9.755040279
          0,           0,        2014,      -8.932260882,      -6.828125256,               -32,      -7.072693802,      -6.639674144,      -9.755121074
          0,           0,        2015,      -8.888054842,      -6.829044781,               -32,      -7.074141815,      -6.639628527,      -9.755199374
          0,           0,        2016,      -8.808652795,      -6.830094804,               -32,      -7.075273808,      -6.636224729,      -9.755280822
          0,           0,        2017,      -8.815733094,      -6.831028986,               -32,      -7.076715897,      -6.643604342,      -9.755367401
          0,           0,        2018,      -8.854406129,      -6.831833316,               -32,      -7.078287848,      -6.647463321,      -9.755455116
          0,           0,        2019,      -8.896448033,      -6.832690898,               -32,      -7.079657685,      -6.645053198,      -9.755544781
          0,           0,        2020,      -8.938415265,      -6.833556699,               -32,      -7.081137978,      -6.647153361,      -9.755639064
          0,           0,        2021,      -8.924825641,      -6.834387037,               -32,      -7.082691062,      -6.650012243,      -9.755734203
          0,           0,        2022,      -8.851468219,      -6.835313672,               -32,      -7.083980243,      -6.647518803,      -9.755830353
          0,           0,        2023,      -8.821349367,      -6.836293425,               -32,      -7.085174669,      -6.648728406,      -9.755934282
          0,           0,        2024,      -8.851171535,      -6.837077402,               -32,      -7.086804004,      -6.657321605,       -9.75604434
          0,           0,        2025,      -8.892367175,      -6.837853967,               -32,       -7.08828741,      -6.656931759,       -9.75615914
          0,           0,        2026,      -8.934249892,      -6.838697383,               -32,      -7.089667366,      -6.655803155,       -9.75628371
          0,           0,        2027,      -8.947135617,      -6.839487779,               -32,      -7.091276816,      -6.660475175,      -9.756416989
          0,           0,        2028,      -8.897941334,      -6.840328499,               -32,       -7.09271195,      -6.659951617,      -9.756554481
          0,           0,        2029,      -8.833094996,       -6.84130096,               -32,       -7.09384316,      -6.657338318,      -9.756697848
          0,           0,        2030,      -8.849364283,      -6.842127549,               -32,      -7.095396215,      -6.666284819,      -9.756832938
          0,           0,        2031,      -8.889055242,      -6.842873704,               -32,      -7.096972066,      -6.669113169,      -9.756960712
          0,           0,        2032,      -8.926533709,      -6.843691783,               -32,      -7.098339749,      -6.666846616,       -9.75708964
          0,           0,        2033,      -8.957752335,      -6.844486813,               -32,      -7.099921431,      -6.670837876,      -9.757222328
          0,           0,        2034,       -8.93303547,      -6.845285897,               -32,      -7.101468385,      -6.672634537,      -9.757354399
          0,           0,        2035,       -8.86071778,      -6.846211757,               -32,      -7.102700107,      -6.669584456,      -9.757488552
          0,           0,        2036,      -8.852349182,      -6.847122546,               -32,      -7.104050923,      -6.674131009,      -9.757629156
          0,           0,        2037,      -8.887266597,      -6.847885266,               -32,      -7.105690537,       -6.68107745,      -9.757772812
          0,           0,        2038,      -8.923905745,      -6.848684026,               -32,      -7.107127849,      -6.679773664,      -9.757919011
          0,           0,        2039,      -8.960869112,      -6.849511766,               -32,       -7.10861435,      -6.681120397,      -9.758070531
          0,           0,        2040,      -8.958140577,      -6.850308441,               -32,      -7.110229186,      -6.685015266,      -9.758224056
          0,           0,        2041,      -8.898938877,      -6.851196712,               -32,      -7.111590011,      -6.683164342,      -9.758374788
          0,           0,        2042,      -8.858822432,      -6.852178105,               -32,      -7.112776097,      -6.682696108,      -9.758531377
          0,           0,        2043,      -8.885421463,      -6.852997803,               -32,      -7.114407433,      -6.692131023,      -9.758693638
          0,           0,        2044,      -8.923187028,      -6.853799657,               -32,      -7.115922237,       -6.69295623,      -9.758858651
          0,           0,        2045,      -8.957996658,      -6.854665413,               -32,      -7.117314207,      -6.691709265,      -9.759029731
          0,           0,        2046,      -8.973717481,      -6.855491371,               -32,      -7.118933257,      -6.696438026,      -9.759205628
          0,           0,        2047,      -8.933495039,      -6.856367794,               -32,      -7.120389454,      -6.696245935,      -9.759381903
          0,           0,        2048,       -8.87116968,       -6.85737829,               -32,      -7.121536768,      -6.692953795,      -9.759564387
          0,           0,        2049,      -8.883308149,       -6.85828969,               -32,      -7.123034838,      -6.700959651,      -9.759754715
          0,           0,        2050,      -8.920628666,      -6.859121516,               -32,      -7.124594046,      -6.704813618,      -9.759948887
          0,           0,        2051,       -8.95315283,      -6.860016198,               -32,      -7.125944585,      -6.702527631,       -9.76014827
          0,           0,        2052,      -8.981590407,      -6.860894227,               -32,      -7.127486243,       -6.70607032,      -9.760348342
          0,           0,        2053,      -8.961132468,      -6.861779864,               -32,      -7.128995125,      -6.707743555,      -9.760524827
          0,           0,        2054,      -8.894848826,      -6.862788204,               -32,      -7.130191885,      -6.703997624,      -9.760682084
          0,           0,        2055,      -8.882626346,      -6.863803441,               -32,      -7.131467331,      -6.707208352,       -9.76086273
          0,           0,        2056,      -8.915916951,       -6.86468607,               -32,       -7.13302775,       -6.71435173,      -9.761064268
          0,           0,        2057,      -8.949461948,      -6.865598451,               -32,      -7.134387721,      -6.712764861,      -9.761276917
          0,           0,        2058,      -8.982663887,      -6.866536045,               -32,      -7.135784176,      -6.713350241,      -9.761499359
          0,           0,        2059,      -8.981775611,      -6.867446579,               -32,      -7.137295501,      -6.716615154,       -9.76172647
          0,           0,        2060,      -8.926754538,      -6.868443058,               -32,      -7.138556905,       -6.71387053,      -9.761955298
          0,           0,        2061,      -8.883765456,      -6.869536037,               -32,       -7.13963205,      -6.711779929,      -9.762192881
          0,           0,        2062,      -8.908033019,      -6.870488393,               -32,      -7.141112799,      -6.720434334,      -9.762437992
          0,           0,        2063,      -8.944185408,      -6.871415694,               -32,      -7.142489754,      -6.720939685,      -9.762687066
          0,           0,        2064,      -8.976312152,      -6.872399815,               -32,      -7.143731385,      -6.718462175,      -9.762943023
          0,           0,        2065,       -8.99391432,      -6.873347058,               -32,      -7.145177876,      -6.722031203,      -9.763204507
          0,           0,        2066,      -8.957876579,      -6.874334063,               -32,      -7.146475942,      -6.720964506,      -9.763466176
          0,           0,        2067,      -8.892457801,      -6.875448869,               -32,      -7.147466596,      -6.715916741,      -9.763732864
          0,           0,        2068,      -8.898562552,      -6.876490195,               -32,      -7.148736478,      -6.721889253,      -9.764006688
          0,           0,        2069,      -8.934443516,      -6.877439444,               -32,      -7.150101616,      -6.725602696,      -9.764282917
          0,           0,        2070,       -8.96594925,      -6.878438262,               -32,      -7.151253904,      -6.722051601,      -9.764562365
          0,           0,        2071,      -8.996997456,      -6.879428965,               -32,      -7.152546026,      -6.723467928,      -9.764846626
          0,           0,        2072,        -8.9835427,      -6.880411437,               -32,       -7.15384054,      -6.724400879,      -9.765131031
          0,           0,        2073,      -8.918055194,      -6.881496309,               -32,       -7.15485197,      -6.719500797,      -9.765415851
          0,           0,        2074,      -8.891108606,       -6.88262399,               -32,      -7.155824929,      -6.719150275,      -9.765708217
          0,           0,        2075,      -8.920508558,      -6.883606861,               -32,      -7.157131405,      -6.726167822,      -9.766005437
          0,           0,        2076,       -8.95531888,      -6.884590197,               -32,      -7.158270175,      -6.724132018,      -9.766304753
          0,           0,        2077,      -8.989517415,      -6.885613916,               -32,      -7.159349326,      -6.721615163,      -9.766609211
          0,           0,        2078,      -9.000051853,      -6.886599364,               -32,      -7.160586509,      -6.723899689,      -9.766916066
          0,           0,        2079,      -8.954134642,      -6.887637172,               -32,      -7.161634647,      -6.720865731,      -9.767220314
          0,           0,        2080,      -8.890614585,      -6.888790751,               -32,      -7.162415231,      -6.715530932,      -9.767528636
          0,           0,        2081,      -8.903878063,      -6.889829323,               -32,      -7.163543136,      -6.722149351,      -9.767841694
          0,           0,        2082,      -8.940507403,      -6.890794704,               -32,       -7.16467216,      -6.723444095,      -9.768154471
          0,           0,        2083,      -8.972730684,       -6.89181175,               -32,      -7.165605263,      -6.718795116,      -9.768468473
          0,           0,        2084,      -9.003755976,      -6.892808924,               -32,      -7.166700222,      -6.719803655,       -9.76878449
          0,           0,        2085,      -8.985112857,      -6.893804899,               -32,      -7.167753709,      -6.719192457,      -9.769097093
          0,           0,        2086,      -8.913626256,      -6.894901574,               -32,      -7.168537411,      -6.713510189,      -9.769407108
          0,           0,        2087,      -8.891695783,      -6.896011916,               -32,      -7.169346643,      -6.713944961,      -9.769720279
          0,           0,        2088,      -8.921970286,      -6.896978016,               -32,      -7.170433532,      -6.719489009,      -9.770033246
          0,           0,        2089,      -8.956928055,      -6.897946158,               -32,      -7.171356473,      -6.716386544,      -9.770343378
          0,           0,        2090,      -8.993610041,      -6.898949871,               -32,      -7.172240728,      -6.713471541,      -9.770653687
          0,           0,        2091,      -9.003808403,      -6.899917999,               -32,       -7.17325652,      -6.714766497,      -9.770961573
          0,           0,        2092,       -8.95574232,      -6.900934127,               -32,      -7.174099812,      -6.711246913,      -9.771262457
          0,           0,        2093,      -8.889210585,      -6.902055364,               -32,      -7.174708556,      -6.706248734,      -9.771563304
          0,           0,        2094,      -8.902231249,        -6.9030541,               -32,      -7.175650771,        -6.7124712,      -9.771864611
          0,           0,        2095,      -8.938834667,      -6.903977463,               -32,      -7.176589618,      -6.712984199,      -9.772161466
          0,           0,        2096,      -8.972035388,      -6.904947541,               -32,       -7.17735732,      -6.708203535,      -9.772455294
          0,           0,        2097,      -9.005888213,      -6.905903816,               -32,      -7.178265825,      -6.708519405,      -9.772747325
          0,           0,        2098,      -8.989362175,      -6.906856778,               -32,      -7.179144492,      -6.707599892,      -9.773032653
          0,           0,        2099,      -8.916797866,      -6.907897419,               -32,      -7.179802034,      -6.702529799,      -9.773311942
          0,           0,        2100,      -8.890485961,      -6.908955455,               -32,      -7.180466781,      -6.702877492,       -9.77359105
          0,           0,        2101,      -8.919071117,      -6.909868209,               -32,      -7.181401272,      -6.708029149,      -9.773866627
          0,           0,        2102,      -8.954592207,      -6.910771685,               -32,      -7.182213015,      -6.705205658,      -9.774136063
          0,           0,        2103,      -8.992276982,      -6.911716147,               -32,       -7.18297401,      -6.702053808,      -9.774402491
          0,           0,        2104,      -9.006691567,      -6.912631778,               -32,      -7.183860601,        -6.7030499,      -9.774664051
          0,           0,        2105,      -8.962914828,      -6.913585245,               -32,      -7.184619747,      -6.700126094,      -9.774916415
          0,           0,        2106,      -8.891291467,      -6.914636678,               -32,      -7.185180681,      -6.695983384,      -9.775165945
          0,           0,        2107,      -8.900243983,      -6.915584176,               -32,      -7.186017898,      -6.701626258,       -9.77541356
          0,           0,        2108,      -8.935891165,      -6.916446959,               -32,      -7.186892578,      -6.702535936,      -9.775654863
          0,           0,        2109,      -8.969123291,      -6.917347133,               -32,       -7.18763518,      -6.698515992,      -9.775890783
          0,           0,        2110,      -9.005846933,      -6.918249989,               -32,      -7.188480486,       -6.69843359,      -9.776123106
          0,           0,        2111,      -8.994984024,      -6.919148358,               -32,      -7.189327177,      -6.697973219,      -9.776347795
          0,           0,        2112,      -8.926299365,      -6.920119957,               -32,      -7.190014331,       -6.69417958,      -9.776564736
          0,           0,        2113,      -8.891461532,      -6.921128018,               -32,      -7.190671601,      -6.694429724,      -9.776780042
          0,           0,        2114,      -8.917229299,      -6.921997526,               -32,      -7.191601851,      -6.699900449,      -9.776991484
          0,           0,        2115,       -8.95290168,      -6.922844791,               -32,      -7.192459725,      -6.698033341,      -9.777195974
          0,           0,        2116,      -8.989692302,      -6.923738903,               -32,      -7.193259543,       -6.69520901,      -9.777396452
          0,           0,        2117,      -9.009172827,      -6.924616778,               -32,        -7.1941797,       -6.69638295,      -9.777591941
          0,           0,        2118,      -8.972062611,      -6.925525413,               -32,      -7.195017543,      -6.694453441,      -9.777778421
          0,           0,        2119,      -8.897571285,      -6.926525272,               -32,      -7.195701426,       -6.69145673,      -9.777961313
          0,           0,        2120,      -8.900872573,      -6.927454396,               -32,      -7.196591358,      -6.696672477,      -9.778142229
          0,           0,        2121,      -8.934963761,      -6.928292671,               -32,      -7.197567238,      -6.698576545,      -9.778317437
          0,           0,        2122,      -8.967852521,      -6.929157351,               -32,      -7.198453117,      -6.695738101,      -9.778487334
          0,           0,        2123,      -9.005912661,      -6.930042595,               -32,      -7.199405907,      -6.695667644,      -9.778654145
          0,           0,        2124,      -9.001100905,      -6.930926282,               -32,      -7.200387932,      -6.696009158,      -9.778814619
          0,           0,        2125,      -8.938652656,      -6.931872305,               -32,      -7.201259329,      -6.693526272,      -9.778967879
          0,           0,        2126,      -8.894567329,       -6.93287337,               -32,      -7.202075882,      -6.693891868,      -9.779120313
          0,           0,        2127,      -8.917143702,      -6.933752765,               -32,      -7.203160669,      -6.699990843,      -9.779270351
          0,           0,        2128,       -8.95282705,      -6.934599651,               -32,      -7.204212534,      -6.699292318,      -9.779414836
          0,           0,        2129,      -8.988097254,      -6.935494607,               -32,      -7.205207693,      -6.697129611,      -9.779556541
          0,           0,        2130,      -9.012418155,      -6.936387917,               -32,       -7.20631573,      -6.698741864,      -9.779695296
          0,           0,        2131,      -8.982268185,      -6.937307531,               -32,      -7.207373401,      -6.697893793,      -9.779827331
          0,           0,        2132,      -8.907232163,      -6.938310687,               -32,      -7.208311968,      -6.695918076,      -9.779956972
          0,           0,        2133,      -8.903052309,      -6.939280504,               -32,      -7.209388377,      -6.700765921,      -9.780086803
          0,           0,        2134,      -8.935308262,      -6.940156865,               -32,      -7.210596232,      -6.704028081,      -9.780213692
          0,           0,        2135,      -8.968432929,      -6.941047402,               -32,      -7.211741123,      -6.702357858,      -9.780337388
          0,           0,        2136,      -9.007030328,      -6.941972507,               -32,      -7.212921129,      -6.702408593,      -9.780460498
          0,           0,        2137,      -9.008892053,      -6.942899499,               -32,       -7.21415382,      -6.703718545,      -9.780580479
          0,           0,        2138,      -8.953898061,      -6.943878847,               -32,      -7.215302653,      -6.702347625,      -9.780695555
          0,           0,        2139,      -8.898977682,      -6.944926836,               -32,      -7.216373402,      -6.702628534,      -9.780812284
          0,           0,        2140,      -8.917127503,      -6.945876684,               -32,      -7.217699899,      -6.709417892,      -9.780929819
          0,           0,        2141,      -8.952984645,      -6.946783196,               -32,        -7.2190217,      -6.710009361,      -9.781044777
          0,           0,        2142,      -8.987056282,      -6.947732187,               -32,      -7.220284255,      -6.708440723,      -9.781159447
          0,           0,        2143,      -9.017208902,      -6.948693054,               -32,       -7.22164913,      -6.710424203,      -9.781274465
          0,           0,        2144,      -8.995644792,      -6.949673837,               -32,        -7.2229869,      -6.710688956,      -9.781386141
          0,           0,        2145,      -8.922428461,      -6.950726645,               -32,      -7.224223594,      -6.709398614,      -9.781496943
          0,           0,        2146,      -8.905411813,       -6.95178583,               -32,      -7.225516909,      -6.713348885,      -9.781610842
          0,           0,        2147,      -8.934781365,      -6.952748026,               -32,      -7.226998001,      -6.718389852,      -9.781725162
          0,           0,        2148,      -8.969308119,      -6.953707764,               -32,       -7.22842344,      -6.717740622,      -9.781838351
          0,           0,        2149,      -9.007868317,      -6.954710299,               -32,      -7.229843846,      -6.717546462,      -9.781953163
          0,           0,        2150,      -9.019363593,       -6.95571638,               -32,      -7.231344287,      -6.719830526,      -9.782067794
          0,           0,        2151,      -8.975007198,      -6.956761668,               -32,      -7.232770854,      -6.719376782,      -9.782179171
          0,           0,        2152,      -8.906821022,      -6.957880733,               -32,      -7.234093499,      -6.719082431,      -9.782293154
          0,           0,        2153,      -8.916141974,      -6.958935453,               -32,      -7.235628194,      -6.725941139,      -9.782410048
          0,           0,        2154,      -8.951364064,       -6.95992914,               -32,      -7.237202996,      -6.728221702,      -9.782526097
          0,           0,        2155,       -8.98514714,      -6.960949089,               -32,       -7.23870899,      -6.727085558,       -9.78264224
          0,           0,        2156,      -9.022208261,      -6.961994302,               -32,      -7.240286571,      -6.728758159,      -9.782760061
          0,           0,        2157,       -9.01372993,      -6.963048816,               -32,      -7.241871772,      -6.730243859,      -9.782876106
          0,           0,        2158,      -8.949113541,      -6.964157201,               -32,      -7.243360754,      -6.729431364,      -9.782989796
          0,           0,        2159,      -8.908199701,      -6.965311023,               -32,      -7.244799695,      -6.731306868,      -9.783106859
          0,           0,        2160,      -8.931254788,      -6.966367608,               -32,      -7.246493157,      -6.738336863,      -9.783225392
          0,           0,        2161,      -8.967871138,      -6.967396997,               -32,       -7.24813311,      -6.738805666,      -9.783342085
          0,           0,        2162,      -9.004661759,      -6.968466256,               -32,      -7.249715703,      -6.737871502,      -9.783459291
          0,           0,        2163,      -9.030501206,      -6.969542993,               -32,      -7.251403322,      -6.740621038,      -9.783576732
          0,           0,        2164,      -9.002883331,      -6.970640482,               -32,      -7.253031877,      -6.741134127,      -9.783690711
          0,           0,        2165,      -8.927643017,      -6.971800851,               -32,      -7.254543694,      -6.740222075,      -9.783804696
          0,           0,        2166,      -8.916087897,      -6.972951948,               -32,      -7.256133982,      -6.744968694,      -9.783922767
          0,           0,        2167,       -8.94703477,      -6.974013617,               -32,      -7.257884127,      -6.749979377,      -9.784043815
          0,           0,        2168,      -8.982590426,      -6.975072474,               -32,      -7.259549807,      -6.749452126,      -9.784170751
          0,           0,        2169,      -9.022812917,      -6.976167399,               -32,      -7.261209863,      -6.749556216,      -9.784315127
          0,           0,        2170,      -9.033622846,      -6.977261448,               -32,      -7.262943913,      -6.752234068,      -9.784477036
          0,           0,        2171,      -8.988768192,      -6.978385982,               -32,      -7.264580791,      -6.752035983,      -9.784604986
          0,           0,        2172,      -8.918985647,      -6.979572329,               -32,      -7.266087568,        -6.7514789,      -9.784709263
          0,           0,        2173,      -8.926460261,      -6.980694763,               -32,      -7.267809576,      -6.758411313,      -9.784808894
          0,           0,        2174,       -8.96200146,      -6.981751241,               -32,       -7.26955978,      -6.761132062,      -9.784903829
          0,           0,        2175,      -8.997100479,      -6.982822666,               -32,      -7.271213302,      -6.759916768,       -9.78499537
          0,           0,        2176,       -9.03640193,      -6.983915688,               -32,      -7.272929365,      -6.761332887,        -9.7850859
          0,           0,        2177,      -9.032823928,       -6.98500763,               -32,       -7.27465744,      -6.763283684,      -9.785168692
          0,           0,        2178,      -8.973165148,      -6.986136859,               -32,      -7.276266252,      -6.762529543,      -9.785241337
          0,           0,        2179,      -8.920953494,      -6.987312631,               -32,       -7.27776577,      -6.762975617,      -9.785314841
          0,           0,        2180,      -8.939802426,      -6.988389121,               -32,      -7.279552719,      -6.770533817,       -9.78538817
          0,           0,        2181,      -8.977241315,      -6.989421926,               -32,      -7.281272696,      -6.771535491,      -9.785457398
          0,           0,        2182,      -9.013618241,      -6.990481483,               -32,      -7.282895551,      -6.769977738,      -9.785524249
          0,           0,        2183,      -9.046627276,      -6.991545276,               -32,      -7.284631169,       -6.77239454,      -9.785571976
          0,           0,        2184,       -9.02981596,      -6.992612847,               -32,      -7.286315006,      -6.773441551,       -9.78554792
          0,           0,        2185,       -8.95957166,       -6.99372324,               -32,      -7.287858027,      -6.772214366,       -9.78554931
          0,           0,        2186,      -8.928848536,      -6.994848791,               -32,      -7.289369161,      -6.774362805,      -9.785583445
          0,           0,        2187,      -8.955061418,      -6.995863733,               -32,      -7.291147204,      -6.781074407,      -9.785627112
          0,           0,        2188,      -8.992189569,       -6.99685306,               -32,       -7.29280981,       -6.78090433,      -9.785670993
          0,           0,        2189,      -9.030755914,      -6.997872633,               -32,      -7.294402403,      -6.779585724,      -9.785716317
          0,           0,        2190,      -9.054275886,      -6.998883079,               -32,      -7.296117438,      -6.782392337,      -9.785762018
          0,           0,        2191,      -9.025571681,      -6.999903943,               -32,      -7.297732177,      -6.782649512,      -9.785804157
          0,           0,        2192,         -8.951553,      -7.000972051,               -32,      -7.299181074,      -6.781083922,      -9.785845945
          0,           0,        2193,      -8.939490636,      -7.002013641,               -32,      -7.300721874,      -6.785246235,      -9.785891206
          0,           0,        2194,      -8.970730903,      -7.002952375,               -32,      -7.302441174,       -6.79033301,      -9.785936752
          0,           0,        2195,      -9.006388898,      -7.003881162,               -32,      -7.304022709,      -6.789286254,      -9.785980843
          0,           0,        2196,      -9.046215631,      -7.004834834,               -32,       -7.30559211,      -6.788756726,      -9.786026471
          0,           0,        2197,      -9.059595135,      -7.005773376,               -32,      -7.307255201,      -6.791397427,      -9.786072078
          0,           0,        2198,      -9.020240599,      -7.006729166,               -32,      -7.308785551,      -6.791027345,      -9.786114511
          0,           0,        2199,      -8.949995289,      -7.007733887,               -32,      -7.310131527,      -6.789394973,      -9.786159103
          0,           0,        2200,      -8.952181212,      -7.008670294,               -32,      -7.311704134,      -6.795345971,      -9.786207801
          0,           0,        2201,      -8.986727993,      -7.009521986,               -32,      -7.313344685,      -6.798695625,      -9.786256889
          0,           0,        2202,       -9.02079283,      -7.010379088,               -32,      -7.314833638,      -6.796941868,      -9.786306195
          0,           0,        2203,      -9.059521882,      -7.011249149,               -32,      -7.316387365,      -6.797531649,      -9.786358246
          0,           0,        2204,      -9.062804759,      -7.012105782,               -32,      -7.317980174,      -6.799644489,      -9.786410595
          0,           0,        2205,      -9.013616592,      -7.012987543,               -32,      -7.319414959,      -6.798735528,      -9.786460945
          0,           0,        2206,       -8.95412879,      -7.013913418,               -32,      -7.320674944,      -6.797539157,      -9.786515718
          0,           0,        2207,      -8.967321852,      -7.014737353,               -32,      -7.322268567,      -6.804660169,      -9.786575055
          0,           0,        2208,      -9.003422165,      -7.015499803,               -32,      -7.323825463,      -6.806424096,      -9.786635014
          0,           0,        2209,      -9.036564414,      -7.016281941,               -32,      -7.325229904,      -6.804246387,      -9.786696833
          0,           0,        2210,      -9.070988885,      -7.017062365,               -32,      -7.326772847,      -6.806002815,      -9.786762008
          0,           0,        2211,      -9.063865396,      -7.017838134,               -32,      -7.328285828,      -6.807380031,      -9.786827444
          0,           0,        2212,      -9.005923028,      -7.018648992,               -32,      -7.329614695,      -6.805958111,      -9.786892328
          0,           0,        2213,      -8.963140702,      -7.019486661,               -32,      -7.330836336,      -6.805999201,      -9.786963021
          0,           0,        2214,      -8.984975013,      -7.020205198,               -32,      -7.332426843,      -6.813306561,      -9.787038076
          0,           0,        2215,      -9.020478488,      -7.020887827,               -32,       -7.33389711,      -6.813686503,      -9.787113999
          0,           0,        2216,      -9.053828999,      -7.021598683,               -32,      -7.335249593,      -6.811669544,      -9.787193025
          0,           0,        2217,      -9.080562177,      -7.022296735,               -32,      -7.336775824,       -6.81424426,      -9.787275246
          0,           0,        2218,      -9.062445852,      -7.023003779,               -32,      -7.338203699,      -6.814816086,      -9.787357253
          0,           0,        2219,      -8.998821946,      -7.023757147,               -32,      -7.339419764,      -6.812929746,      -9.787440415
          0,           0,        2220,      -8.975933437,      -7.024503791,               -32,      -7.340671636,      -6.815117945,      -9.787529781
          0,           0,        2221,      -9.004163467,       -7.02513706,               -32,      -7.342224442,      -6.821440959,      -9.787622592
          0,           0,        2222,      -9.037024598,      -7.025760116,               -32,      -7.343602529,      -6.820632811,      -9.787716615
          0,           0,        2223,      -9.071004158,      -7.026408705,               -32,      -7.344951131,      -6.819608286,      -9.787814344
          0,           0,        2224,      -9.087534334,      -7.027043386,               -32,       -7.34644217,      -6.822323782,      -9.787914435
          0,           0,        2225,      -9.057896612,        -7.0277023,               -32,      -7.347780045,      -6.822105955,      -9.788013591
          0,           0,        2226,      -8.995027369,      -7.028415604,               -32,      -7.348892875,       -6.82001581,       -9.78811559
          0,           0,        2227,      -8.991227416,      -7.029078649,               -32,      -7.350227501,      -6.824783623,      -9.788223277
          0,           0,        2228,      -9.023394842,      -7.029654447,               -32,      -7.351712842,      -6.829250041,      -9.788332995
          0,           0,        2229,      -9.053060307,      -7.030243268,               -32,      -7.353000815,       -6.82750487,       -9.78844433
          0,           0,        2230,      -9.086029098,      -7.030844248,               -32,       -7.35438099,      -6.828095581,      -9.788559148
          0,           0,        2231,      -9.090879843,      -7.031441315,               -32,      -7.355814013,      -6.830260217,      -9.788674875
          0,           0,        2232,      -9.049501263,      -7.032077646,               -32,      -7.357052389,      -6.829241895,      -9.788789075
          0,           0,        2233,       -8.99664253,      -7.032764392,               -32,      -7.358105744,      -6.827698437,      -9.788907254
          0,           0,        2234,      -9.008505544,      -7.033363657,               -32,      -7.359523434,      -6.834448287,      -9.789029793
          0,           0,        2235,      -9.041680205,      -7.033911821,               -32,      -7.360921256,      -6.836725009,      -9.789152919
          0,           0,        2236,      -9.069802791,      -7.034488467,               -32,      -7.362148173,        -6.8346183,      -9.789277887
          0,           0,        2237,      -9.097944886,      -7.035062195,               -32,      -7.363557308,       -6.83671338,      -9.789405244
          0,           0,        2238,      -9.089945738,      -7.035649116,               -32,       -7.36490876,      -6.837854871,      -9.789531644
          0,           0,        2239,      -9.038242351,      -7.036289109,               -32,      -7.366033666,      -6.836014629,      -9.789656663
          0,           0,        2240,       -9.00447977,      -7.036953497,               -32,      -7.367109666,      -6.836346098,        -9.7897859
          0,           0,        2241,      -9.027432579,      -7.037518047,               -32,      -7.368551445,      -6.843372644,      -9.789917589
          0,           0,        2242,       -9.05836837,      -7.038067043,               -32,       -7.36984369,      -6.843561845,      -9.790049062
          0,           0,        2243,      -9.087248008,      -7.038644661,               -32,      -7.371066343,      -6.842155075,      -9.790182394
          0,           0,        2244,      -9.106189488,      -7.039214791,               -32,      -7.372460325,      -6.844799001,      -9.790316551
          0,           0,        2245,      -9.084518098,      -7.039816046,               -32,      -7.373706973,       -6.84473109,      -9.790448138
          0,           0,        2246,       -9.02824184,      -7.040478782,               -32,       -7.37471822,      -6.842296882,      -9.790579657
          0,           0,        2247,      -9.017006855,      -7.041120265,               -32,       -7.37589037,      -6.845602706,      -9.790714992
          0,           0,        2248,      -9.046171667,      -7.041680085,               -32,      -7.377274264,      -6.850973522,       -9.79085105
          0,           0,        2249,      -9.073410004,      -7.042251618,               -32,      -7.378454153,      -6.849532637,      -9.790987201
          0,           0,        2250,       -9.10270354,      -7.042837327,               -32,      -7.379710416,      -6.849729825,      -9.791125223
          0,           0,        2251,      -9.109696016,      -7.043424725,               -32,      -7.381032879,      -6.851769804,       -9.79126279
          0,           0,        2252,      -9.074394607,      -7.044057693,               -32,      -7.382154288,      -6.850482819,      -9.791397422
          0,           0,        2253,      -9.023802149,      -7.044746683,               -32,      -7.383090626,      -6.848294449,      -9.791534145
          0,           0,        2254,      -9.031631594,      -7.045371046,               -32,       -7.38435303,      -6.854177705,      -9.791674284
          0,           0,        2255,      -9.062628093,      -7.045947598,               -32,       -7.38562192,      -6.856920431,      -9.791814542
          0,           0,        2256,      -9.088125877,      -7.046549769,               -32,      -7.386715627,      -6.854705774,      -9.791956182
          0,           0,        2257,      -9.114200895,      -7.047150346,               -32,      -7.387982732,      -6.856347236,      -9.792099845
          0,           0,        2258,      -9.108058304,      -7.047768112,               -32,      -7.389190818,      -6.857101517,      -9.792242467
          0,           0,        2259,      -9.060899404,      -7.048441565,               -32,      -7.390172195,      -6.854684723,        -9.7923836
          0,           0,        2260,      -9.026406999,      -7.049144418,               -32,      -7.391106314,      -6.854184289,      -9.792528969
          0,           0,        2261,      -9.047081027,      -7.049764083,               -32,      -7.392374855,      -6.860714343,      -9.792677515
          0,           0,        2262,      -9.076365215,      -7.050368189,               -32,      -7.393499452,      -6.860862548,       -9.79282691
          0,           0,        2263,      -9.103043524,      -7.050995629,               -32,      -7.394555579,      -6.859044405,      -9.792979255
          0,           0,        2264,       -9.12154231,      -7.051616835,               -32,      -7.395769305,      -6.861048208,      -9.793133714
          0,           0,        2265,      -9.101924251,      -7.052269276,               -32,       -7.39683612,      -6.860357875,      -9.793287099
          0,           0,        2266,      -9.048146311,      -7.052980996,               -32,      -7.397681596,       -6.85718756,      -9.793441703
          0,           0,        2267,      -9.034245473,      -7.053679566,               -32,      -7.398667348,      -6.859480623,      -9.793601846
          0,           0,        2268,      -9.061867277,      -7.054305004,               -32,      -7.399844391,      -6.864529298,      -9.793764852
          0,           0,        2269,      -9.088105417,       -7.05493703,               -32,      -7.400820611,       -6.86270622,      -9.793930021
          0,           0,        2270,      -9.116239188,      -7.055578942,               -32,      -7.401862418,      -6.862099922,      -9.794099149
          0,           0,        2271,      -9.124592075,      -7.056221393,               -32,      -7.402964271,      -6.863394121,        -9.7942701
          0,           0,        2272,      -9.091954765,       -7.05690436,               -32,      -7.403878287,       -6.86141257,      -9.794440261
          0,           0,        2273,      -9.040040753,      -7.057639398,               -32,      -7.404622266,      -6.858332994,      -9.794614292
          0,           0,        2274,      -9.044181204,      -7.058321691,               -32,      -7.405644241,      -6.863116318,      -9.794794076
          0,           0,        2275,      -9.074436305,      -7.058954618,               -32,      -7.406674229,      -6.865665774,      -9.794976296
          0,           0,        2276,      -9.099233302,      -7.059604568,               -32,      -7.407527341,       -6.86278184,      -9.795161761
          0,           0,        2277,      -9.126258055,      -7.060251299,               -32,      -7.408532014,      -6.863293276,      -9.795351319
          0,           0,        2278,      -9.123675904,      -7.060909132,               -32,      -7.409492775,      -6.863394808,      -9.795542022
          0,           0,        2279,      -9.079357153,      -7.061612493,               -32,      -7.410256449,      -6.860414717,      -9.795732675
          0,           0,        2280,      -9.038031803,      -7.062347429,               -32,       -7.41095306,      -6.858598282,      -9.795928974
          0,           0,        2281,       -9.05491533,      -7.063008545,               -32,      -7.411945607,      -6.864369787,      -9.796130468
          0,           0,        2282,      -9.084794934,        -7.0636433,               -32,      -7.412814499,      -6.864467186,      -9.796334192
          0,           0,        2283,      -9.110684918,      -7.064294986,               -32,      -7.413586861,      -6.861508021,      -9.796541885
          0,           0,        2284,      -9.133263218,       -7.06493839,               -32,        -7.4145138,      -6.862449047,      -9.796753268
          0,           0,        2285,      -9.119725475,      -7.065601775,               -32,      -7.415329496,      -6.861374138,       -9.79696515
          0,           0,        2286,      -9.066648434,      -7.066311756,               -32,      -7.415961969,      -6.857832672,      -9.797178462
          0,           0,        2287,      -9.041299207,       -7.06702299,               -32,      -7.416658245,      -6.858231841,      -9.797398336
          0,           0,        2288,      -9.065932688,       -7.06766049,               -32,      -7.417557449,      -6.863295705,      -9.797622652
          0,           0,        2289,      -9.093668412,      -7.068288204,               -32,      -7.418279106,       -6.86152018,      -9.797849532
          0,           0,        2290,      -9.121800003,      -7.068925889,               -32,      -7.419007088,      -6.859259209,      -9.798080974
          0,           0,        2291,      -9.137523909,      -7.069558428,               -32,      -7.419830587,      -6.859943323,      -9.798315696
          0,           0,        2292,      -9.113419987,      -7.070216387,               -32,      -7.420517356,      -6.857974205,      -9.798550761
          0,           0,        2293,      -9.056515994,      -7.070917336,               -32,      -7.421057245,      -6.854468702,      -9.798789332
          0,           0,        2294,      -9.047572966,      -7.071589127,               -32,      -7.421770016,      -6.857229687,      -9.799034879
          0,           0,        2295,      -9.076318638,      -7.072200138,               -32,      -7.422550958,      -6.860579233,      -9.799284338
          0,           0,        2296,       -9.10183543,       -7.07281156,               -32,       -7.42316245,      -6.857670244,      -9.799537156
          0,           0,        2297,        -9.1313476,      -7.073425011,               -32,      -7.423864524,      -6.856412498,       -9.79979505
          0,           0,        2298,      -9.139132016,      -7.074040248,               -32,      -7.424587622,      -6.856489712,      -9.800055971
          0,           0,        2299,      -9.105001236,      -7.074683655,               -32,        -7.4251772,      -6.853975343,       -9.80031765
          0,           0,        2300,      -9.050491399,      -7.075361231,               -32,       -7.42567763,      -6.851198172,      -9.800584904
          0,           0,        2301,      -9.055290574,       -7.07598823,               -32,      -7.426399469,      -6.855671532,       -9.80085917
          0,           0,        2302,      -9.085651198,      -7.076570561,               -32,      -7.427077586,      -6.857110222,      -9.801137045
          0,           0,        2303,       -9.11021193,       -7.07715875,               -32,      -7.427632702,      -6.853781213,      -9.801419128
          0,           0,        2304,      -9.138964203,      -7.077744644,               -32,      -7.428318356,      -6.853415891,      -9.801706478
          0,           0,        2305,      -9.138350208,      -7.078339385,               -32,      -7.428967373,      -6.852841267,      -9.801996525
          0,           0,        2306,      -9.094878895,       -7.07896356,               -32,      -7.429502626,      -6.850117045,      -9.802288079
          0,           0,        2307,      -9.049092312,      -7.079608235,               -32,      -7.430021417,      -6.848745415,       -9.80258659
          0,           0,        2308,      -9.064156448,      -7.080193572,               -32,      -7.430741909,      -6.853884126,      -9.802891608
          0,           0,        2309,      -9.094124487,      -7.080748502,               -32,      -7.431356277,      -6.853691184,      -9.803199932
          0,           0,        2310,      -9.119403616,      -7.081311326,               -32,      -7.431914654,      -6.850573606,      -9.803512923
          0,           0,        2311,      -9.144803922,      -7.081872719,               -32,      -7.432595986,      -6.850766999,      -9.803830748
          0,           0,        2312,       -9.13552419,      -7.082448548,               -32,      -7.433210992,      -6.849678626,       -9.80415059
          0,           0,        2313,      -9.084185555,      -7.083053956,               -32,      -7.433741981,      -6.847069357,       -9.80447272
          0,           0,        2314,      -9.051852506,      -7.083663434,               -32,      -7.434329262,      -6.847571438,      -9.804802088
          0,           0,        2315,      -9.073874173,      -7.084216043,               -32,      -7.435050223,      -6.852335721,      -9.805136789
          0,           0,        2316,      -9.101891903,      -7.084749519,               -32,      -7.435650613,      -6.850999868,      -9.805474297
          0,           0,        2317,      -9.128980792,      -7.085290975,               -32,      -7.436264353,      -6.848578449,      -9.805816296
          0,           0,        2318,      -9.148875151,      -7.085835781,               -32,      -7.436961846,      -6.848962621,      -9.806162022
          0,           0,        2319,      -9.130881176,      -7.086398779,               -32,      -7.437588619,      -6.847586986,       -9.80650868
          0,           0,        2320,       -9.07464493,      -7.086990067,               -32,      -7.438166584,      -6.845403923,      -9.806858165
          0,           0,        2321,      -9.057211836,      -7.087570143,               -32,      -7.438854533,      -6.847830122,      -9.807214103
          0,           0,        2322,      -9.083492579,      -7.088102207,               -32,      -7.439595181,      -6.851549672,      -9.807573643
          0,           0,        2323,      -9.109051381,      -7.088623858,               -32,      -7.440233094,      -6.849590012,      -9.807935219
          0,           0,        2324,      -9.137824879,       -7.08915351,               -32,       -7.44093758,      -6.848111401,      -9.808300454
          0,           0,        2325,      -9.151087887,      -7.089692383,               -32,       -7.44167943,      -6.848438434,      -9.808667788
          0,           0,        2326,      -9.124547084,      -7.090251722,               -32,      -7.442361575,      -6.846997032,      -9.809034722
          0,           0,        2327,      -9.067690897,      -7.090836416,               -32,      -7.443030542,      -6.845512724,      -9.809404594
          0,           0,        2328,      -9.063624426,      -7.091399123,               -32,      -7.443834104,      -6.849501035,      -9.809779409
          0,           0,        2329,      -9.092195039,      -7.091924155,               -32,      -7.444623943,      -6.851986194,      -9.810155833
          0,           0,        2330,      -9.116017428,       -7.09244552,               -32,      -7.445343721,      -6.849825046,      -9.810533302
          0,           0,        2331,      -9.145325844,      -7.092976067,               -32,      -7.446158506,       -6.84928929,      -9.810913118
          0,           0,        2332,      -9.151644267,      -7.093520624,               -32,       -7.44697337,      -6.849465172,      -9.811293153
          0,           0,        2333,      -9.116909063,      -7.094086855,               -32,      -7.447745608,      -6.848122588,      -9.811671516
          0,           0,        2334,      -9.064017164,       -7.09467409,               -32,      -7.448535735,      -6.847549614,       -9.81205247
          0,           0,        2335,      -9.070504663,      -7.095233784,               -32,      -7.449459776,        -6.8525263,      -9.812436504
          0,           0,        2336,       -9.09991103,      -7.095765019,               -32,      -7.450326284,      -6.853907247,      -9.812820121
          0,           0,        2337,      -9.123354867,      -7.096297712,               -32,      -7.451158255,      -6.851837812,       -9.81320367
          0,           0,        2338,      -9.151615274,      -7.096841816,               -32,      -7.452091716,      -6.852081535,      -9.813587974
          0,           0,        2339,        -9.1510954,      -7.097402916,               -32,      -7.453001156,      -6.852117128,      -9.813970577
          0,           0,        2340,       -9.10892983,      -7.097985974,               -32,       -7.45388514,      -6.850978116,      -9.814350318
          0,           0,        2341,      -9.063652337,      -7.098584867,               -32,      -7.454810511,      -6.851441565,      -9.814731955
          0,           0,        2342,      -9.077787056,      -7.099154617,               -32,      -7.455853622,      -6.856818327,       -9.81511477
          0,           0,        2343,      -9.106936727,       -7.09970325,               -32,      -7.456814541,      -6.857361125,      -9.815495516
          0,           0,        2344,      -9.131216935,       -7.10025711,               -32,      -7.457772452,      -6.855568987,      -9.815875132
          0,           0,        2345,      -9.157039601,      -7.100824705,               -32,      -7.458824408,      -6.856362713,      -9.816253898
          0,           0,        2346,      -9.150145019,      -7.101410578,               -32,      -7.459839043,      -6.856320005,      -9.816629227
          0,           0,        2347,      -9.102003982,      -7.102017807,               -32,      -7.460841558,      -6.855431201,      -9.817000881
          0,           0,        2348,      -9.065948313,      -7.102635651,               -32,      -7.461901405,      -6.856925495,      -9.817373526
          0,           0,        2349,      -9.085237818,      -7.103224856,               -32,      -7.463056416,      -6.862251255,      -9.817745582
          0,           0,        2350,      -9.113505607,      -7.103798359,               -32,      -7.464117067,      -6.862237238,      -9.818114173
          0,           0,        2351,      -9.139189981,      -7.104379669,               -32,      -7.465199011,      -6.860813403,       -9.81848064
          0,           0,        2352,      -9.161896335,      -7.104976144,               -32,      -7.466361979,      -6.861945986,      -9.818844765
          0,           0,        2353,       -9.14949759,      -7.105590797,               -32,      -7.467480595,      -6.861891284,      -9.819203976
          0,           0,        2354,      -9.097356529,      -7.106225483,               -32,      -7.468593994,      -6.861239188,      -9.819558913
          0,           0,        2355,      -9.069897187,      -7.106866098,               -32,      -7.469775585,      -6.863616893,      -9.819913882
          0,           0,        2356,      -9.092461766,      -7.107479097,               -32,      -7.471029974,      -6.868666205,      -9.820266742
          0,           0,        2357,      -9.119757207,      -7.108080008,               -32,      -7.472183282,      -6.868316709,      -9.820615024
          0,           0,        2358,      -9.146766892,      -7.108690141,               -32,      -7.473374882,       -6.86726025,        -9.8209603
          0,           0,        2359,      -9.166493127,      -7.109315454,               -32,      -7.474635068,       -6.86858738,      -9.821301967
          0,           0,        2360,      -9.149804211,      -7.109957801,               -32,      -7.475845794,      -6.868561114,      -9.821637536
          0,           0,        2361,      -9.095576916,      -7.110618418,               -32,      -7.477050885,      -6.868082765,       -9.82196835
          0,           0,        2362,       -9.07471891,      -7.111280948,               -32,      -7.478332747,      -6.871103881,      -9.822298334
          0,           0,        2363,      -9.099254012,      -7.111916379,               -32,      -7.479669672,      -6.875856412,       -9.82262501
          0,           0,        2364,      -9.125817976,      -7.112541761,               -32,      -7.480898554,      -6.875311859,      -9.822946247
          0,           0,        2365,      -9.153748896,      -7.113176591,               -32,      -7.482177008,      -6.874548341,      -9.823263745
          0,           0,        2366,       -9.17117895,      -7.113825215,               -32,        -7.4835156,      -6.875992631,      -9.823576663
          0,           0,        2367,      -9.151614928,      -7.114488997,               -32,      -7.484798732,       -6.87600707,      -9.823882606
          0,           0,        2368,      -9.096715951,      -7.115169091,               -32,      -7.486069179,      -6.875613068,      -9.824183387
          0,           0,        2369,      -9.080069441,       -7.11584763,               -32,      -7.487424083,      -6.879010424,      -9.824482688
          0,           0,        2370,      -9.105672143,      -7.116498573,               -32,      -7.488824058,      -6.883568099,      -9.824777855
          0,           0,        2371,      -9.131800548,      -7.117140257,               -32,      -7.490105465,      -6.882910304,      -9.825066972
          0,           0,        2372,      -9.160189561,      -7.117790532,               -32,      -7.491443331,      -6.882324885,      -9.825351828
          0,           0,        2373,      -9.176240857,      -7.118452122,               -32,      -7.492838537,      -6.883853019,      -9.825631481
          0,           0,        2374,      -9.155273271,      -7.119126564,               -32,      -7.494170284,      -6.883905717,      -9.825903618
          0,           0,        2375,       -9.10059162,      -7.119815344,               -32,      -7.495477092,      -6.883504331,      -9.826170279
          0,           0,        2376,      -9.085890443,      -7.120499604,               -32,       -7.49687474,      -6.887021085,      -9.826435109
          0,           0,        2377,      -9.111887656,      -7.121154629,               -32,      -7.498317789,      -6.891535066,      -9.826695398
          0,           0,        2378,      -9.137790982,      -7.121800314,               -32,      -7.499627093,      -6.890820153,      -9.826949317
          0,           0,        2379,       -9.16620907,      -7.122452967,               -32,      -7.500995476,      -6.890287339,      -9.827198729
          0,           0,        2380,      -9.181807017,      -7.123113767,               -32,      -7.502424982,      -6.891888457,       -9.82744271
          0,           0,        2381,      -9.160828097,      -7.123785011,               -32,      -7.503781213,      -6.891975834,      -9.827679016
          0,           0,        2382,      -9.106956449,      -7.124468758,               -32,      -7.505096547,      -6.891492896,      -9.827909681
          0,           0,        2383,      -9.092243672,      -7.125145698,               -32,      -7.506506107,      -6.894894452,      -9.828138517
          0,           0,        2384,      -9.118076083,      -7.125790761,               -32,      -7.507973721,      -6.899518464,      -9.828362865
          0,           0,        2385,      -9.143866716,      -7.126425919,               -32,      -7.509288475,      -6.898802468,      -9.828580866
          0,           0,        2386,      -9.171914005,      -7.127066151,               -32,       -7.51065968,      -6.898206983,      -9.828794445
          0,           0,        2387,      -9.187836079,      -7.127711093,               -32,       -7.51210284,      -6.899877664,      -9.829002792
          0,           0,        2388,      -9.168032273,      -7.128364302,               -32,      -7.513462115,      -6.900002852,      -9.829203714
          0,           0,        2389,      -9.115511466,      -7.129028512,               -32,      -7.514762195,      -6.899394497,       -9.82939902
          0,           0,        2390,      -9.099226185,      -7.129684605,               -32,      -7.516154757,      -6.902475723,      -9.829592854
          0,           0,        2391,      -9.124385933,      -7.130305553,               -32,      -7.517630914,      -6.907332822,      -9.829782728
          0,           0,        2392,      -9.150109487,      -7.130915868,               -32,      -7.518933501,       -6.90668566,      -9.829966674
          0,           0,        2393,      -9.177401813,      -7.131529639,               -32,      -7.520283219,      -6.905937252,      -9.830146711
          0,           0,        2394,      -9.194173555,       -7.13214483,               -32,      -7.521722422,      -6.907670969,      -9.830323286
          0,           0,        2395,      -9.176425944,      -7.132766649,               -32,      -7.523067786,      -6.907844854,      -9.830492279
          0,           0,        2396,      -9.125853516,      -7.133398508,               -32,      -7.524334603,       -6.90709951,      -9.830652574
          0,           0,        2397,      -9.106925142,       -7.13402217,               -32,      -7.525685573,      -6.909699734,      -9.830813878
          0,           0,        2398,      -9.130935423,      -7.134607365,               -32,      -7.527156528,      -6.914854381,      -9.830972269
          0,           0,        2399,      -9.156591321,      -7.135181233,               -32,       -7.52843525,      -6.914361881,      -9.831125463
          0,           0,        2400,      -9.182783118,      -7.135757662,               -32,      -7.529744204,      -6.913405986,      -9.831275401
          0,           0,        2401,      -9.200633385,      -7.136332733,               -32,      -7.531165291,       -6.91518655,      -9.831421646
          0,           0,        2402,      -9.185468402,      -7.136913557,               -32,      -7.532484679,      -6.915423372,      -9.831562073
          0,           0,        2403,      -9.137445879,      -7.137504193,               -32,      -7.533706319,      -6.914552901,      -9.831697735
          0,           0,        2404,      -9.115381876,       -7.13808781,               -32,      -7.534997449,      -6.916574944,      -9.831833483
          0,           0,        2405,      -9.137807528,      -7.138630258,               -32,      -7.536450766,      -6.922015972,      -9.831967431
          0,           0,        2406,      -9.163349166,      -7.139160787,               -32,      -7.537699277,      -6.921770649,      -9.832097199
          0,           0,        2407,      -9.188184084,      -7.139693905,               -32,      -7.538954101,       -6.92059246,      -9.832224689
          0,           0,        2408,      -9.207067603,      -7.140223664,               -32,      -7.540345997,      -6.922392471,      -9.832349683
          0,           0,        2409,      -9.194670299,      -7.140759157,               -32,      -7.541631431,      -6.922702781,      -9.832470083
          0,           0,        2410,      -9.149669751,      -7.141305064,               -32,      -7.542801106,      -6.921728287,      -9.832586495
          0,           0,        2411,      -9.124559087,      -7.141846162,               -32,      -7.544021366,      -6.923147243,      -9.832703985
          0,           0,        2412,      -9.145038331,      -7.142344605,               -32,       -7.54544506,      -6.928793038,      -9.832821113
          0,           0,        2413,      -9.170371181,      -7.142830622,               -32,      -7.546660381,      -6.928877094,      -9.832935304
          0,           0,        2414,      -9.193721883,      -7.143320085,               -32,      -7.547853319,      -6.927496446,      -9.833048351
          0,           0,        2415,      -9.213399862,      -7.143805077,               -32,      -7.549207195,      -6.929280817,      -9.833160227
          0,           0,        2416,      -9.203681635,      -7.144296565,               -32,      -7.550453235,      -6.929665274,      -9.833268886
          0,           0,        2417,      -9.161941658,      -7.144799853,               -32,      -7.551567511,      -6.928604779,      -9.833374557
          0,           0,        2418,      -9.134319569,      -7.145301195,               -32,      -7.552712304,      -6.929456734,      -9.833482433
          0,           0,        2419,      -9.152603927,      -7.145759901,               -32,      -7.554094746,      -6.935183456,      -9.833591704
          0,           0,        2420,      -9.177599548,      -7.146205757,               -32,      -7.555274753,      -6.935650465,      -9.833699913
          0,           0,        2421,      -9.199467844,      -7.146656427,               -32,      -7.556402154,      -6.934108094,      -9.833809206
          0,           0,        2422,      -9.219616646,      -7.147102325,               -32,      -7.557710413,      -6.935839563,      -9.833920785
          0,           0,        2423,      -9.212313073,       -7.14755604,               -32,       -7.55891243,      -6.936285759,      -9.834035228
          0,           0,        2424,      -9.173822208,      -7.148023521,               -32,      -7.559969273,       -6.93514748,      -9.834158863
          0,           0,        2425,      -9.144432266,      -7.148492163,               -32,      -7.561038163,      -6.935502346,      -9.834302044
          0,           0,        2426,       -9.16041347,      -7.148919614,               -32,      -7.562368476,      -6.941180396,      -9.834421234
          0,           0,        2427,       -9.18493984,      -7.149333895,               -32,      -7.563509727,      -6.942044333,      -9.834524154
          0,           0,        2428,      -9.205420733,      -7.149754467,               -32,      -7.564569714,       -6.94038432,      -9.834626527
          0,           0,        2429,      -9.225731586,      -7.150170548,               -32,      -7.565824957,      -6.942026949,       -9.83472946
          0,           0,        2430,      -9.220504579,      -7.150596018,               -32,      -7.566977682,      -6.942510007,      -9.834830986
          0,           0,        2431,      -9.185061134,      -7.151037475,               -32,      -7.567974833,      -6.941291122,      -9.834930613
          0,           0,        2432,      -9.154615258,      -7.151483131,               -32,      -7.568968789,      -6.941223392,      -9.835028941
          0,           0,        2433,      -9.168316286,      -7.151890125,               -32,      -7.570237098,      -6.946743808,       -9.83512954
          0,           0,        2434,      -9.192270868,      -7.152283774,               -32,      -7.571333691,      -6.947980671,      -9.835230123
          0,           0,        2435,      -9.211504958,      -7.152684963,               -32,      -7.572323842,      -6.946235717,      -9.835331898
          0,           0,        2436,      -9.231748561,      -7.153082207,               -32,      -7.573517991,      -6.947754565,      -9.835435018
          0,           0,        2437,      -9.228274304,      -7.153490331,               -32,      -7.574614707,      -6.948241238,      -9.835532333
          0,           0,        2438,      -9.195579524,      -7.153916546,               -32,       -7.57554869,         -6.946931,      -9.835589606
          0,           0,        2439,      -9.164599209,      -7.154349685,               -32,      -7.576467849,      -6.946500103,      -9.835659354
          0,           0,        2440,      -9.176123223,      -7.154747297,               -32,       -7.57766505,      -6.951782963,      -9.835751201
          0,           0,        2441,      -9.199455477,       -7.15513149,               -32,      -7.578708638,      -6.953344558,      -9.835850635
          0,           0,        2442,      -9.217590954,      -7.155524009,               -32,      -7.579624493,      -6.951528403,      -9.835954534
          0,           0,        2443,      -9.237640855,      -7.155913102,               -32,      -7.580748284,      -6.952886749,      -9.836061588
          0,           0,        2444,       -9.23567371,      -7.156314189,               -32,      -7.581780784,      -6.953341924,      -9.836168919
          0,           0,        2445,      -9.205422123,       -7.15673503,               -32,      -7.582646725,      -6.951927646,      -9.836275219
          0,           0,        2446,       -9.17418307,      -7.157165065,               -32,      -7.583489302,      -6.951171195,      -9.836384742
          0,           0,        2447,      -9.183637519,      -7.157562902,               -32,      -7.584606706,      -6.956160319,      -9.836498241
          0,           0,        2448,       -9.20635429,      -7.157947233,               -32,      -7.585587481,       -6.95799352,      -9.836612603
          0,           0,        2449,      -9.223525966,      -7.158340116,               -32,      -7.586422286,      -6.956101912,      -9.836728567
          0,           0,        2450,       -9.24334833,      -7.158729855,               -32,      -7.587465407,      -6.957258498,      -9.836846457
          0,           0,        2451,      -9.242757084,      -7.159132127,               -32,      -7.588424704,      -6.957652548,      -9.836964162
          0,           0,        2452,      -9.214706985,      -7.159555154,               -32,      -7.589216941,      -6.956126842,      -9.837080551
          0,           0,        2453,      -9.183266191,      -7.159989151,               -32,      -7.589979512,      -6.955064778,      -9.837199765
          0,           0,        2454,       -9.19068889,      -7.160394233,               -32,      -7.591008917,      -6.959717097,      -9.837323096
          0,           0,        2455,      -9.212841712,      -7.160785604,               -32,       -7.59191724,      -6.961781709,        -9.8374476
          0,           0,        2456,      -9.229165278,      -7.161185205,               -32,      -7.592663036,      -6.959801575,      -9.837574012
          0,           0,        2457,       -9.24878565,      -7.161581631,               -32,      -7.593615022,       -6.96070998,      -9.837702843
          0,           0,        2458,      -9.249562184,      -7.161990469,               -32,      -7.594492718,      -6.961025479,      -9.837832175
          0,           0,        2459,       -9.22358298,      -7.162420314,               -32,      -7.595206079,      -6.959393361,      -9.837960991
          0,           0,        2460,      -9.191858285,      -7.162862411,               -32,      -7.595884988,      -6.958039174,      -9.838093456
          0,           0,        2461,      -9.197165913,      -7.163278731,               -32,      -7.596819493,      -6.962315078,      -9.838231735
          0,           0,        2462,      -9.218822738,      -7.163680932,               -32,      -7.597647891,      -6.964594694,      -9.838373731
          0,           0,        2463,      -9.234402227,      -7.164090549,               -32,      -7.598297739,      -6.962518528,      -9.838521151
          0,           0,        2464,      -9.253857552,      -7.164496679,               -32,      -7.599149593,      -6.963128184,      -9.838676383
          0,           0,        2465,      -9.256097573,      -7.164914478,               -32,      -7.599939646,      -6.963362692,      -9.838840062
          0,           0,        2466,      -9.232191806,      -7.165352818,               -32,      -7.600571158,      -6.961645182,      -9.839012996
          0,           0,        2467,       -9.20007003,      -7.165804246,               -32,      -7.601164684,       -6.96001928,      -9.839196502
          0,           0,        2468,      -9.203038367,      -7.166232917,               -32,       -7.60200023,      -6.963876463,       -9.83938284
          0,           0,        2469,       -9.22424199,      -7.166646843,               -32,      -7.602745433,      -6.966380075,      -9.839549508
          0,           0,        2470,      -9.239186356,      -7.167066878,               -32,      -7.603296327,      -6.964223028,       -9.83970357
          0,           0,        2471,      -9.258470017,      -7.167482885,               -32,      -7.604042587,      -6.964483499,      -9.839855146
          0,           0,        2472,      -9.262331147,      -7.167909257,               -32,       -7.60474319,      -6.964650026,      -9.840004843
          0,           0,        2473,      -9.240627217,      -7.168355043,               -32,      -7.605293873,       -6.96288522,      -9.840151731
          0,           0,        2474,      -9.208079643,       -7.16881426,               -32,      -7.605804647,      -6.961028307,      -9.840299138
          0,           0,        2475,      -9.208362432,      -7.169253675,               -32,      -7.606541964,      -6.964422719,      -9.840449686
          0,           0,        2476,      -9.229086388,      -7.169677729,               -32,      -7.607206444,      -6.967178062,      -9.840600604
          0,           0,        2477,      -9.243534942,      -7.170106346,               -32,      -7.607661745,      -6.964991733,      -9.840751731
          0,           0,        2478,      -9.262549571,      -7.170530507,               -32,      -7.608302304,      -6.964859339,      -9.840903913
          0,           0,        2479,      -9.268193422,      -7.170963565,               -32,      -7.608917317,      -6.964982069,      -9.841050998
          0,           0,        2480,      -9.248906031,      -7.171414619,               -32,      -7.609393508,      -6.963220846,      -9.841193512
          0,           0,        2481,      -9.216081867,      -7.171879156,               -32,       -7.60983022,       -6.96119943,      -9.841335864
          0,           0,        2482,      -9.213267533,      -7.172326985,               -32,      -7.610476615,      -6.964091316,      -9.841481108
          0,           0,        2483,        -9.2333815,      -7.172759057,               -32,      -7.611070091,      -6.967130237,      -9.841626553
          0,           0,        2484,      -9.247525683,      -7.173193868,               -32,      -7.611442016,      -6.965005991,      -9.841771589
          0,           0,        2485,      -9.266063686,      -7.173623904,               -32,      -7.611984388,      -6.964453477,      -9.841917236
          0,           0,        2486,      -9.273596028,      -7.174061288,               -32,      -7.612524867,      -6.964561204,      -9.842061909
          0,           0,        2487,      -9.256957031,      -7.174515074,               -32,       -7.61293939,      -6.962859475,      -9.842203739
          0,           0,        2488,      -9.224216876,      -7.174982041,               -32,      -7.613317795,      -6.960760547,      -9.842343934
          0,           0,        2489,      -9.217922896,      -7.175435442,               -32,       -7.61388845,      -6.963126952,      -9.842475713
          0,           0,        2490,      -9.237183547,      -7.175873117,               -32,      -7.614428086,       -6.96646877,      -9.842563651
          0,           0,        2491,      -9.251266354,      -7.176311544,               -32,      -7.614737777,       -6.96452718,       -9.84262687
          0,           0,        2492,      -9.269034234,      -7.176745013,               -32,      -7.615197838,      -6.963555295,      -9.842717379
          0,           0,        2493,      -9.278457572,      -7.177184418,               -32,      -7.615682069,      -6.963674417,      -9.842827677
          0,           0,        2494,       -9.26464018,      -7.177638723,               -32,      -7.616054018,      -6.962085272,      -9.842943645
          0,           0,        2495,      -9.232511335,      -7.178105666,               -32,      -7.616396127,      -6.960002296,       -9.84306222
          0,           0,        2496,      -9.222491569,      -7.178562207,               -32,      -7.616913766,      -6.961849849,      -9.843185776
          0,           0,        2497,      -9.240564677,      -7.179003749,               -32,      -7.617423293,      -6.965489169,      -9.843311597
          0,           0,        2498,      -9.254847551,       -7.17944429,               -32,      -7.617699146,      -6.963860409,      -9.843437917
          0,           0,        2499,      -9.271533923,      -7.179879943,               -32,      -7.618100627,       -6.96250725,      -9.843565927
          0,           0,        2500,      -9.282730397,      -7.180320453,               -32,      -7.618553283,      -6.962657169,      -9.843694541
          0,           0,        2501,      -9.271799995,       -7.18077464,               -32,      -7.618907176,      -6.961225944,      -9.843821856
          0,           0,        2502,      -9.240867243,       -7.18124073,               -32,      -7.619239634,      -6.959242183,      -9.843948892
          0,           0,        2503,      -9.227088571,      -7.181699345,               -32,       -7.61973295,      -6.960611496,      -9.844079709
          0,           0,        2504,      -9.243593402,      -7.182144259,               -32,      -7.620241101,      -6.964515017,      -9.844212822
          0,           0,        2505,      -9.258304028,      -7.182586665,               -32,      -7.620516404,      -6.963318649,       -9.84434628
          0,           0,        2506,      -9.273666635,      -7.183024161,               -32,      -7.620889275,      -6.961659758,      -9.844481318
          0,           0,        2507,      -9.286416233,      -7.183465658,               -32,      -7.621339382,      -6.961850462,      -9.844617264
          0,           0,        2508,       -9.27832672,      -7.183919939,               -32,      -7.621703021,      -6.960612544,      -9.844752309
          0,           0,        2509,      -9.249112578,      -7.184385342,               -32,      -7.622054128,      -6.958788314,      -9.844886926
          0,           0,        2510,      -9.231763675,      -7.184845888,               -32,      -7.622554128,      -6.959744828,       -9.84502518
          0,           0,        2511,      -9.246313688,      -7.185294558,               -32,      -7.623091409,       -6.96385537,      -9.845166164
          0,           0,        2512,      -9.261604472,      -7.185739822,               -32,      -7.623400391,      -6.963188227,      -9.845307544
          0,           0,        2513,      -9.275535033,      -7.186180107,               -32,      -7.623776891,      -6.961324222,      -9.845450362
          0,           0,        2514,      -9.289558622,       -7.18662378,               -32,      -7.624254545,      -6.961554818,      -9.845594222
          0,           0,        2515,      -9.284195108,      -7.187079761,               -32,      -7.624656379,      -6.960537329,       -9.84573732
          0,           0,        2516,      -9.257094047,      -7.187546178,               -32,       -7.62505328,      -6.958907595,      -9.845879579
          0,           0,        2517,      -9.236521815,          -7.18801,               -32,      -7.625589481,      -6.959524093,       -9.84602486
          0,           0,        2518,      -9.248734783,      -7.188464047,               -32,      -7.626184999,      -6.963768152,      -9.846172811
          0,           0,        2519,      -9.264673857,      -7.188914494,               -32,       -7.62655989,      -6.963705683,      -9.846320777
          0,           0,        2520,      -9.277220122,      -7.189359814,               -32,       -7.62697054,      -6.961744735,      -9.846469493
          0,           0,        2521,      -9.292225073,       -7.18980797,               -32,      -7.627503526,      -6.962001921,      -9.846618824
          0,           0,        2522,      -9.289469037,       -7.19026827,               -32,       -7.62796992,      -6.961227407,      -9.846766997
          0,           0,        2523,      -9.264756383,      -7.190738451,               -32,      -7.628435927,      -6.959806374,       -9.84691348
          0,           0,        2524,      -9.241378501,       -7.19120791,               -32,      -7.629032671,      -6.960146008,      -9.847061814
          0,           0,        2525,      -9.250843106,      -7.191669651,               -32,      -7.629710706,      -6.964435543,      -9.847212265
          0,           0,        2526,       -9.26742341,      -7.192128231,               -32,      -7.630179186,      -6.965040708,      -9.847361999
          0,           0,        2527,      -9.278780337,       -7.19258149,               -32,      -7.630648967,      -6.963085177,      -9.847511403
          0,           0,        2528,       -9.29448029,      -7.193036864,               -32,      -7.631259268,      -6.963338381,      -9.847660624
          0,           0,        2529,       -9.29426866,      -7.193504363,               -32,      -7.631811927,      -6.962828157,      -9.847807983
          0,           0,        2530,      -9.272164056,       -7.19398131,               -32,      -7.632364297,      -6.961616853,      -9.847952609
          0,           0,        2531,      -9.246423794,      -7.194459029,               -32,      -7.633038018,      -6.961725085,      -9.848097632
          0,           0,        2532,      -9.252630553,      -7.194930754,               -32,      -7.633814928,      -6.965949935,      -9.848243996
          0,           0,        2533,      -9.269764431,      -7.195400199,               -32,      -7.634398463,      -6.967283025,      -9.848388841
          0,           0,        2534,      -9.280268045,      -7.195864185,               -32,       -7.63494445,      -6.965428262,      -9.848532153
          0,           0,        2535,       -9.29636233,      -7.196329189,               -32,      -7.635645311,       -6.96562207,      -9.848674369
          0,           0,        2536,       -9.29872093,      -7.196806231,               -32,      -7.636299499,       -6.96539782,      -9.848813961
          0,           0,        2537,      -9.279464861,      -7.197292388,               -32,      -7.636948146,      -6.964391908,      -9.848949814
          0,           0,        2538,      -9.251867321,      -7.197780456,               -32,      -7.637706094,      -6.964299663,      -9.849084544
          0,           0,        2539,      -9.254132365,      -7.198263745,               -32,      -7.638587888,      -6.968313961,       -9.84921981
          0,           0,        2540,      -9.271605904,      -7.198745782,               -32,      -7.639300949,      -6.970435373,      -9.849352895
          0,           0,        2541,      -9.281753903,      -7.199222411,               -32,      -7.639931962,      -6.968781829,      -9.849483323
          0,           0,        2542,      -9.297871524,      -7.199698473,               -32,       -7.64072572,      -6.968829305,      -9.849611817
          0,           0,        2543,      -9.302911446,      -7.200186162,               -32,      -7.641489427,      -6.968911295,      -9.849737087
          0,           0,        2544,      -9.286818305,      -7.200682722,               -32,      -7.642236748,      -6.968108465,      -9.849857874
          0,           0,        2545,      -9.258043332,      -7.201182007,               -32,        -7.6430772,      -6.967843632,      -9.849976195
          0,           0,        2546,      -9.255476475,      -7.201677194,               -32,      -7.644057969,      -6.971456597,      -9.850094461
          0,           0,        2547,       -9.27285528,      -7.202171915,               -32,      -7.644907672,      -6.974412645,      -9.850210334
          0,           0,        2548,      -9.283339623,      -7.202661613,               -32,      -7.645626091,      -6.973087805,      -9.850322854
          0,           0,        2549,      -9.298978926,      -7.203148729,               -32,      -7.646503033,       -6.97287398,      -9.850433026
          0,           0,        2550,        -9.3068433,      -7.203646427,               -32,      -7.647376847,      -6.973271671,      -9.850539936
          0,           0,        2551,      -9.294306443,      -7.204152832,               -32,      -7.648218665,      -6.972678739,      -9.850642328
          0,           0,        2552,      -9.265342842,      -7.204662483,               -32,      -7.649132564,      -6.972279338,      -9.850741586
          0,           0,        2553,      -9.256947737,      -7.205168355,               -32,      -7.650194293,      -6.975268229,       -9.85084086
          0,           0,        2554,      -9.273445046,      -7.205673867,               -32,      -7.651179545,      -6.979047474,      -9.850938503
          0,           0,        2555,      -9.285116672,      -7.206175126,               -32,      -7.651984889,      -6.978229708,        -9.8510331
          0,           0,        2556,      -9.299655164,      -7.206671681,               -32,      -7.652923872,      -6.977640638,      -9.851125885
          0,           0,        2557,      -9.310401344,      -7.207176796,               -32,      -7.653900825,      -6.978328902,      -9.851216488
          0,           0,        2558,      -9.301841503,      -7.207690509,               -32,      -7.654828145,      -6.977966972,      -9.851303792
          0,           0,        2559,      -9.274029908,      -7.208207731,               -32,      -7.655801688,      -6.977486375,       -9.85138856
          0,           0,        2560,      -9.259043664,      -7.208721468,               -32,      -7.656916581,      -6.979650035,      -9.851474496
          0,           0,        2561,       -9.27338908,      -7.209233903,               -32,      -7.658025589,      -6.984105151,      -9.851560955
          0,           0,        2562,      -9.287026699,      -7.209743101,               -32,      -7.658918416,      -6.984034182,      -9.851646138
          0,           0,        2563,      -9.299916978,      -7.210245937,               -32,      -7.659890819,      -6.983021922,      -9.851731296
          0,           0,        2564,      -9.313339643,      -7.210754094,               -32,      -7.660955204,      -6.983901026,      -9.851816688
          0,           0,        2565,      -9.309123723,      -7.211270668,               -32,      -7.661956341,      -6.983806686,       -9.85190138
          0,           0,        2566,      -9.283997646,       -7.21179084,               -32,      -7.662973762,      -6.983305576,      -9.851985543
          0,           0,        2567,      -9.262455614,      -7.212308135,               -32,      -7.664109883,      -6.984551098,      -9.852072966
          0,           0,        2568,      -9.272837202,      -7.212822154,               -32,      -7.665316213,      -6.989320038,      -9.852164207
          0,           0,        2569,      -9.288708405,      -7.213333746,               -32,      -7.666299657,      -6.990273534,      -9.852257179
          0,           0,        2570,      -9.299897763,      -7.213838383,               -32,      -7.667277705,      -6.988932738,      -9.852352772
          0,           0,        2571,      -9.315349494,      -7.214344061,               -32,       -7.66840272,      -6.989790965,      -9.852451812
          0,           0,        2572,      -9.315740571,      -7.214857582,               -32,      -7.669465287,       -6.99001315,      -9.852553503
          0,           0,        2573,      -9.294726141,       -7.21537478,               -32,      -7.670511281,      -6.989549924,      -9.852657487
          0,           0,        2574,      -9.267940711,      -7.215890118,               -32,      -7.671640093,      -6.989954382,      -9.852767038
          0,           0,        2575,      -9.272108702,      -7.216399846,               -32,      -7.672900641,      -6.994461342,      -9.852884085
          0,           0,        2576,      -9.289588501,      -7.216907058,               -32,      -7.673977815,      -6.996681781,      -9.853006963
          0,           0,        2577,      -9.299928067,      -7.217407999,               -32,      -7.674945052,      -6.995284725,      -9.853137946
          0,           0,        2578,      -9.316226459,      -7.217905518,               -32,      -7.676091038,      -6.995804177,      -9.853280365
          0,           0,        2579,      -9.321358901,        -7.2184094,               -32,      -7.677203122,      -6.996390659,      -9.853417722
          0,           0,        2580,      -9.305555201,      -7.218917209,               -32,      -7.678264994,        -6.9960288,      -9.853559197
          0,           0,        2581,      -9.276130916,       -7.21942439,               -32,      -7.679367038,      -6.995819507,       -9.85370716
          0,           0,        2582,      -9.271797977,      -7.219924445,               -32,       -7.68062648,      -6.999413376,      -9.853863044
          0,           0,        2583,      -9.289266619,      -7.220420374,               -32,      -7.681793912,      -7.002972031,      -9.854026075
          0,           0,        2584,      -9.300460525,      -7.220911564,               -32,      -7.682753142,      -7.001952106,      -9.854195198
          0,           0,        2585,      -9.316015499,      -7.221396109,               -32,      -7.683870208,      -7.001804552,       -9.85436258
          0,           0,        2586,      -9.325754588,      -7.221884129,               -32,      -7.685018769,      -7.002750435,      -9.854539228
          0,           0,        2587,      -9.315845789,      -7.222376558,               -32,      -7.686088092,      -7.002574385,      -9.854725461
          0,           0,        2588,       -9.28713851,      -7.222869557,               -32,      -7.687154379,      -7.002039624,      -9.854918657
          0,           0,        2589,      -9.272953929,      -7.223355731,               -32,      -7.688358351,      -7.004251122,      -9.855121369
          0,           0,        2590,      -9.287860767,      -7.223834715,               -32,      -7.689595321,      -7.008847264,      -9.855332111
          0,           0,        2591,      -9.301582334,      -7.224310305,               -32,      -7.690569003,      -7.008740999,      -9.855548581
          0,           0,        2592,      -9.315023705,      -7.224778567,               -32,      -7.691610075,      -7.007797438,      -9.855771511
          0,           0,        2593,      -9.328648228,      -7.225246037,               -32,      -7.692774471,      -7.008943444,      -9.856000551
          0,           0,        2594,      -9.324855143,      -7.225718351,               -32,      -7.693847053,       -7.00905319,      -9.856234145
          0,           0,        2595,       -9.29996384,      -7.226192391,               -32,      -7.694876271,      -7.008435956,      -9.856471669
          0,           0,        2596,      -9.276875509,      -7.226661742,               -32,      -7.695989801,      -7.009225722,      -9.856716191
          0,           0,        2597,      -9.286002835,      -7.227120726,               -32,      -7.697248652,      -7.014072295,      -9.856967779
          0,           0,        2598,      -9.302511189,      -7.227576244,               -32,      -7.698266336,      -7.015372663,      -9.857223585
          0,           0,        2599,       -9.31378507,      -7.228026344,               -32,      -7.699210381,      -7.013895234,      -9.857483694
          0,           0,        2600,      -9.329764744,      -7.228471233,               -32,      -7.700354411,      -7.014866348,      -9.857748287
          0,           0,        2601,      -9.331917996,       -7.22892063,               -32,      -7.701428442,      -7.015350114,      -9.858015897
          0,           0,        2602,        -9.3128158,      -7.229373093,               -32,      -7.702423096,      -7.014803119,      -9.858285223
          0,           0,        2603,      -9.284320037,      -7.229823869,               -32,      -7.703439525,       -7.01454507,      -9.858558434
          0,           0,        2604,      -9.284517647,      -7.230263031,               -32,      -7.704653125,      -7.018622464,      -9.858837195
          0,           0,        2605,      -9.302183229,       -7.23069659,               -32,      -7.705731278,      -7.021548759,      -9.859118784
          0,           0,        2606,      -9.312991036,      -7.231127718,               -32,       -7.70659673,      -7.020134813,      -9.859402381
          0,           0,        2607,      -9.329199154,      -7.231551187,               -32,      -7.707669244,      -7.020453053,      -9.859688692
          0,           0,        2608,      -9.336851883,       -7.23197727,               -32,      -7.708741864,      -7.021343796,      -9.859976561
          0,           0,        2609,      -9.324368545,      -7.232407994,               -32,      -7.709706997,      -7.020977507,      -9.860264464
          0,           0,        2610,      -9.295053773,      -7.232839937,               -32,      -7.710639375,      -7.020178392,      -9.860553342
          0,           0,        2611,      -9.284429178,      -7.233262027,               -32,      -7.711747138,      -7.022737091,      -9.860846131
          0,           0,        2612,      -9.300355768,      -7.233674905,               -32,      -7.712874531,      -7.027017353,      -9.861141034
          0,           0,        2613,      -9.313016787,      -7.234087453,               -32,      -7.713708423,      -7.026384942,      -9.861436293
          0,           0,        2614,      -9.327471154,      -7.234493289,               -32,      -7.714659547,      -7.025751603,      -9.861732821
          0,           0,        2615,       -9.33973428,       -7.23489821,               -32,      -7.715719527,      -7.026931359,      -9.862030043
          0,           0,        2616,      -9.333943008,      -7.235309212,               -32,      -7.716661555,      -7.026855281,      -9.862326465
          0,           0,        2617,       -9.30779093,      -7.235723927,               -32,      -7.717528488,      -7.025913502,       -9.86262192
          0,           0,        2618,      -9.287050774,      -7.236132886,               -32,      -7.718501003,      -7.026811529,      -9.862919749
          0,           0,        2619,      -9.297726033,      -7.236529434,               -32,      -7.719632944,      -7.031604153,      -9.863219693
          0,           0,        2620,      -9.313233324,      -7.236925558,               -32,      -7.720484904,      -7.032366204,      -9.863519344
          0,           0,        2621,       -9.32526692,      -7.237318685,               -32,      -7.721294345,      -7.030942103,      -9.863819335
          0,           0,        2622,      -9.340551926,      -7.237707025,               -32,      -7.722312897,      -7.032056693,      -9.864119798
          0,           0,        2623,      -9.341071372,       -7.23810195,               -32,        -7.7232364,      -7.032359174,      -9.864419389
          0,           0,        2624,      -9.320492441,      -7.238502817,               -32,        -7.7240529,      -7.031494639,       -9.86471722
          0,           0,        2625,      -9.293156606,      -7.238902692,               -32,      -7.724896612,      -7.031135174,       -9.86501604
          0,           0,        2626,      -9.295258593,      -7.239289429,               -32,      -7.725967293,      -7.035326159,      -9.865317332
          0,           0,        2627,      -9.312385696,      -7.239673327,               -32,      -7.726863614,       -7.03775077,      -9.865618621
          0,           0,        2628,      -9.323288257,      -7.240058401,               -32,       -7.72755634,      -7.036137545,      -9.865919789
          0,           0,        2629,      -9.339456934,      -7.240436665,               -32,      -7.728486671,      -7.036683302,      -9.866221581
          0,           0,        2630,      -9.345693717,      -7.240820228,               -32,      -7.729391168,      -7.037393116,      -9.866522907
          0,           0,        2631,      -9.331654809,      -7.241211732,               -32,      -7.730167205,      -7.036719908,      -9.866822514
          0,           0,        2632,      -9.302412269,      -7.241606407,               -32,      -7.730907108,      -7.035678527,      -9.867121956
          0,           0,        2633,      -9.293875826,      -7.241990345,               -32,      -7.731858502,      -7.038426273,      -9.867424094
          0,           0,        2634,      -9.309901572,        -7.2423677,               -32,      -7.732792332,      -7.042284632,      -9.867727095
          0,           0,        2635,       -9.32197484,      -7.242748768,               -32,      -7.733422508,      -7.041243081,      -9.868029831
          0,           0,        2636,      -9.336961138,      -7.243124191,               -32,      -7.734214831,      -7.040829443,      -9.868333339
          0,           0,        2637,      -9.348075684,      -7.243501648,               -32,      -7.735090542,      -7.041848718,      -9.868636951
          0,           0,        2638,      -9.340735945,      -7.243888512,               -32,      -7.735832496,      -7.041459421,      -9.868939275
          0,           0,        2639,      -9.313727919,      -7.244281705,               -32,      -7.736493848,      -7.040195937,      -9.869240604
          0,           0,        2640,      -9.294747245,      -7.244668734,               -32,      -7.737297384,      -7.041249517,      -9.869544352
          0,           0,        2641,      -9.306264443,      -7.245045766,               -32,      -7.738231193,      -7.045798387,      -9.869849958
          0,           0,        2642,      -9.320965823,      -7.245426565,               -32,      -7.738853636,      -7.045992583,      -9.870155405
          0,           0,        2643,      -9.333722313,      -7.245805471,               -32,      -7.739481338,      -7.044630919,      -9.870461549
          0,           0,        2644,      -9.348347231,       -7.24618219,               -32,      -7.740302863,      -7.045651616,      -9.870768313
          0,           0,        2645,      -9.347450697,      -7.246568652,               -32,      -7.741013056,      -7.045622568,      -9.871074316
          0,           0,        2646,      -9.325453856,      -7.246963703,               -32,      -7.741613312,      -7.044405297,      -9.871378911
          0,           0,        2647,      -9.298871678,      -7.247357698,               -32,      -7.742273232,      -7.044068507,      -9.871685084
          0,           0,        2648,      -9.302421454,      -7.247740243,               -32,      -7.743149763,      -7.048257842,      -9.871993909
          0,           0,        2649,      -9.319126902,      -7.248124376,               -32,      -7.743797195,      -7.050044547,      -9.872302996
          0,           0,        2650,      -9.330412966,      -7.248510842,               -32,      -7.744276767,      -7.048231682,      -9.872612523
          0,           0,        2651,      -9.346592766,      -7.248891966,               -32,      -7.745001451,      -7.048764152,      -9.872923034
          0,           0,        2652,      -9.351682923,      -7.249281354,               -32,      -7.745677492,      -7.049122935,      -9.873233321
          0,           0,        2653,      -9.336102455,      -7.249680848,               -32,      -7.746226543,      -7.048086452,      -9.873542212
          0,           0,        2654,      -9.306386617,      -7.250083641,               -32,      -7.746766614,      -7.046915846,      -9.873851568
          0,           0,        2655,      -9.299356647,      -7.250476175,               -32,       -7.74753093,      -7.049832853,      -9.874163932
          0,           0,        2656,      -9.315626725,      -7.250866749,               -32,      -7.748206961,      -7.053123071,      -9.874477316
          0,           0,        2657,       -9.32760503,      -7.251262401,               -32,      -7.748590647,      -7.051626542,      -9.874790889
          0,           0,        2658,      -9.343192816,      -7.251652307,               -32,      -7.749169509,       -7.05120767,      -9.875105601
          0,           0,        2659,      -9.353606649,      -7.252046876,               -32,      -7.749803419,      -7.051878314,      -9.875420649
          0,           0,        2660,      -9.344964431,      -7.252452316,               -32,      -7.750307667,      -7.051116742,      -9.875734662
          0,           0,        2661,      -9.316649194,      -7.252864142,               -32,      -7.750755373,      -7.049624209,      -9.876048196
          0,           0,        2662,      -9.298390479,      -7.253269031,               -32,      -7.751375528,      -7.050858871,      -9.876364578
          0,           0,        2663,      -9.310706489,       -7.25366816,               -32,      -7.752058506,       -7.05506034,      -9.876682989
          0,           0,        2664,      -9.325259031,       -7.25407292,               -32,      -7.752409653,      -7.054641621,      -9.877001606
          0,           0,        2665,      -9.338795077,      -7.254474389,               -32,      -7.752812039,      -7.053154596,      -9.877321334
          0,           0,        2666,      -9.353321988,       -7.25487548,               -32,      -7.753385932,       -7.05386532,      -9.877641995
          0,           0,        2667,        -9.3516002,      -7.255287224,               -32,      -7.753850568,      -7.053459239,      -9.877962227
          0,           0,        2668,      -9.328175447,      -7.255707248,               -32,      -7.754229178,       -7.05198151,      -9.878281543
          0,           0,        2669,      -9.301029885,      -7.256124566,               -32,      -7.754705564,      -7.051725292,      -9.878603041
          0,           0,        2670,      -9.305412187,      -7.256533355,               -32,      -7.755354418,       -7.05582926,      -9.878927526
          0,           0,        2671,       -9.32235267,      -7.256946464,               -32,      -7.755723274,      -7.056994905,      -9.879252651
          0,           0,        2672,      -9.334199125,      -7.257359957,               -32,      -7.755964088,      -7.054880069,      -9.879578692
          0,           0,        2673,      -9.350833963,      -7.257768489,               -32,      -7.756446306,      -7.055145441,      -9.879906146
          0,           0,        2674,      -9.355661103,      -7.258185996,               -32,      -7.756875891,      -7.055131061,      -9.880233825
          0,           0,        2675,      -9.339089377,      -7.258612827,               -32,       -7.75720347,      -7.053840772,      -9.880560635
          0,           0,        2676,      -9.307922636,      -7.259040847,               -32,      -7.757562275,      -7.052660474,      -9.880888581
          0,           0,        2677,       -9.30101402,      -7.259459613,               -32,      -7.758132066,      -7.055653111,       -9.88122003
          0,           0,        2678,       -9.31783725,      -7.259880125,               -32,      -7.758543994,      -7.058456746,      -9.881552902
          0,           0,        2679,      -9.330220976,      -7.260303967,               -32,      -7.758684642,      -7.056543083,      -9.881886418
          0,           0,        2680,      -9.346509233,      -7.260720809,               -32,      -7.759037028,      -7.055863019,      -9.882221518
          0,           0,        2681,      -9.357192306,      -7.261143043,               -32,      -7.759435217,      -7.056176495,       -9.88255741
          0,           0,        2682,      -9.348194373,      -7.261575092,               -32,      -7.759728148,      -7.055177516,      -9.882892766
          0,           0,        2683,       -9.31841769,      -7.262011228,               -32,      -7.760005277,      -7.053650121,       -9.88322821
          0,           0,        2684,      -9.299115355,      -7.262439567,               -32,      -7.760468459,      -7.055008758,      -9.883566997
          0,           0,        2685,       -9.31188207,      -7.262866258,               -32,      -7.760924999,       -7.05893778,      -9.883908139
          0,           0,        2686,       -9.32699105,      -7.263297826,               -32,      -7.761046153,      -7.058085093,      -9.884249782
          0,           0,        2687,      -9.341136846,      -7.263723538,               -32,      -7.761248072,      -7.056325575,      -9.884592797
          0,           0,        2688,      -9.356313616,      -7.264149473,               -32,      -7.761612333,      -7.056706488,      -9.884937032
          0,           0,        2689,      -9.354797713,      -7.264585164,               -32,      -7.761887531,       -7.05608114,      -9.885281159
          0,           0,        2690,      -9.330511176,      -7.265026829,               -32,      -7.762117153,      -7.054583372,      -9.885624702
          0,           0,        2691,      -9.301492675,      -7.265463618,               -32,      -7.762476592,      -7.054471236,      -9.885970723
          0,           0,        2692,      -9.305733208,      -7.265895271,               -32,      -7.762957058,      -7.058503769,      -9.886319827
          0,           0,        2693,      -9.323371894,      -7.266332282,               -32,      -7.763128224,      -7.059296419,      -9.886669597
          0,           0,        2694,      -9.335707554,      -7.266766478,               -32,      -7.763205152,      -7.056935722,      -9.887020257
          0,           0,        2695,      -9.353104072,      -7.267195752,               -32,      -7.763520097,      -7.056908303,      -9.887372343
          0,           0,        2696,      -9.358511217,      -7.267633697,               -32,      -7.763794886,      -7.056691973,      -9.887724709
          0,           0,        2697,      -9.341745573,      -7.268078881,               -32,      -7.764005868,       -7.05539878,      -9.888076283
          0,           0,        2698,      -9.308726557,        -7.2685225,               -32,      -7.764290301,      -7.054401841,      -9.888429028
          0,           0,        2699,      -9.300797932,      -7.268958578,               -32,      -7.764762317,      -7.057474583,      -9.888785193
          0,           0,        2700,      -9.318173351,       -7.26939947,               -32,      -7.765027258,       -7.06001886,       -9.88914261
          0,           0,        2701,      -9.331142952,      -7.269840806,               -32,        -7.7650495,      -7.057911356,      -9.889500406
          0,           0,        2702,      -9.348067813,      -7.270274166,               -32,      -7.765291365,       -7.05700548,      -9.889859534
          0,           0,        2703,      -9.359522463,      -7.270713415,               -32,      -7.765582265,      -7.057139387,      -9.890219275
          0,           0,        2704,      -9.350779855,      -7.271160928,               -32,      -7.765800571,      -7.056148803,      -9.890578346
          0,           0,        2705,      -9.319753989,       -7.27160981,               -32,      -7.766048177,      -7.054842221,      -9.890937335
          0,           0,        2706,      -9.298683505,      -7.272050711,               -32,       -7.76648681,      -7.056405649,      -9.891299423
          0,           0,        2707,      -9.311621785,       -7.27249427,               -32,      -7.766863659,       -7.06022501,      -9.891663522
          0,           0,        2708,      -9.327472077,      -7.272941277,               -32,      -7.766917087,      -7.059213395,      -9.892027704
          0,           0,        2709,      -9.342100563,      -7.273380339,               -32,      -7.767074039,      -7.057342049,      -9.892392802
          0,           0,        2710,      -9.358088152,      -7.273820687,               -32,       -7.76738933,      -7.057581694,      -9.892758756
          0,           0,        2711,      -9.357053613,      -7.274270086,               -32,      -7.767639346,      -7.056975477,        -9.8931243
          0,           0,        2712,      -9.332172979,      -7.274723197,               -32,      -7.767885795,      -7.055711343,       -9.89348896
          0,           0,        2713,      -9.301140993,      -7.275169925,               -32,      -7.768287135,      -7.055902765,      -9.893855748
          0,           0,        2714,      -9.305029679,       -7.27561556,               -32,       -7.76876572,      -7.059989053,      -9.894225199
          0,           0,        2715,      -9.323390007,      -7.276067381,               -32,      -7.768924153,      -7.060656432,      -9.894594848
          0,           0,        2716,       -9.33622086,      -7.276513772,               -32,      -7.769020581,      -7.058300642,      -9.894964822
          0,           0,        2717,      -9.354367953,      -7.276956182,               -32,      -7.769350978,      -7.058195655,      -9.895335743
          0,           0,        2718,       -9.36038812,      -7.277407528,               -32,      -7.769654659,      -7.058015584,      -9.895706544
          0,           0,        2719,      -9.343506296,       -7.27786455,               -32,      -7.769928995,      -7.056950726,      -9.896076195
          0,           0,        2720,      -9.308740599,      -7.278318067,               -32,       -7.77030974,      -7.056307651,      -9.896446618
          0,           0,        2721,      -9.299783333,      -7.278766586,               -32,      -7.770856394,      -7.059572133,      -9.896819991
          0,           0,        2722,      -9.317679836,      -7.279222837,               -32,      -7.771168533,      -7.062074867,      -9.897194109
          0,           0,        2723,      -9.331328682,      -7.279677482,               -32,      -7.771264977,      -7.060032615,      -9.897568025
          0,           0,        2724,      -9.348895593,      -7.280124255,               -32,      -7.771584941,      -7.059130117,      -9.897942744
          0,           0,        2725,      -9.361106279,      -7.280577932,               -32,      -7.771959453,      -7.059328834,      -9.898317647
          0,           0,        2726,      -9.352627406,      -7.281039116,               -32,      -7.772285666,      -7.058561986,      -9.898691521
          0,           0,        2727,      -9.320474815,      -7.281499971,               -32,      -7.772671665,      -7.057614484,      -9.899064915
          0,           0,        2728,      -9.297613405,       -7.28195365,               -32,      -7.773246567,      -7.059434096,         -9.899441
          0,           0,        2729,      -9.310623045,      -7.282413756,               -32,      -7.773732154,      -7.063340648,       -9.89981865
          0,           0,        2730,      -9.327375222,      -7.282876738,               -32,      -7.773904856,      -7.062428346,      -9.900195871
          0,           0,        2731,      -9.342550647,      -7.283331014,               -32,      -7.774190715,      -7.060634526,      -9.900573486
          0,           0,        2732,      -9.359426886,      -7.283787696,               -32,      -7.774638612,      -7.060963073,      -9.900951561
          0,           0,        2733,      -9.359053717,      -7.284253368,               -32,      -7.775036504,      -7.060588332,      -9.901328899
          0,           0,        2734,      -9.333877078,      -7.284721588,               -32,      -7.775452733,      -7.059667182,      -9.901704977
          0,           0,        2735,       -9.30068868,      -7.285183172,               -32,      -7.776029325,       -7.06011174,      -9.902082784
          0,           0,        2736,      -9.303677582,      -7.285646634,               -32,      -7.776668844,      -7.064351705,      -9.902462855
          0,           0,        2737,      -9.322916296,      -7.286117286,               -32,      -7.776987398,      -7.065210866,      -9.902842583
          0,           0,        2738,      -9.336417183,      -7.286581659,               -32,      -7.777246187,      -7.062998779,      -9.903221896
          0,           0,        2739,      -9.355412364,      -7.287042513,               -32,      -7.777743233,      -7.062960478,      -9.903601392
          0,           0,        2740,       -9.36256618,      -7.287512448,               -32,      -7.778227268,      -7.063032227,      -9.903979831
          0,           0,        2741,      -9.346323559,      -7.287987394,               -32,      -7.778693026,      -7.062296046,      -9.904355829
          0,           0,        2742,      -9.310021803,      -7.288458291,               -32,      -7.779267209,      -7.061893087,      -9.904730774
          0,           0,        2743,      -9.298548851,      -7.288925458,               -32,      -7.780002798,      -7.065212357,      -9.905106667
          0,           0,        2744,      -9.316676629,      -7.289401809,               -32,      -7.780512457,      -7.068061828,      -9.905481189
          0,           0,        2745,      -9.331529658,      -7.289876392,               -32,      -7.780792421,      -7.066270813,      -9.905853193
          0,           0,        2746,      -9.349584019,      -7.290342722,               -32,        -7.7812888,      -7.065350017,      -9.906224031
          0,           0,        2747,      -9.363366399,      -7.290815349,               -32,      -7.781863915,      -7.065800952,       -9.90659499
          0,           0,        2748,      -9.356486481,      -7.291295031,               -32,      -7.782393674,      -7.065370391,      -9.906963058
          0,           0,        2749,      -9.324433669,      -7.291773852,               -32,      -7.782976733,      -7.064673999,      -9.907324762
          0,           0,        2750,      -9.297692816,      -7.292245595,               -32,      -7.783737672,      -7.066355876,      -9.907686732
          0,           0,        2751,      -9.309216605,      -7.292723869,               -32,      -7.784443497,      -7.070626926,      -9.908047441
          0,           0,        2752,      -9.327615614,      -7.293205721,               -32,       -7.78481927,      -7.070194082,        -9.9084053
          0,           0,        2753,      -9.342969301,      -7.293678645,               -32,      -7.785268399,      -7.068342956,      -9.908757111
          0,           0,        2754,      -9.361428418,      -7.294151934,               -32,      -7.785915158,      -7.068810841,      -9.909107816
          0,           0,        2755,      -9.363538514,      -7.294633512,               -32,      -7.786519139,      -7.068803063,      -9.909457235
          0,           0,        2756,      -9.340429721,      -7.295117247,               -32,      -7.787126093,      -7.068155255,      -9.909802927
          0,           0,        2757,      -9.304110957,      -7.295594489,               -32,       -7.78786573,      -7.068390661,      -9.910147187
          0,           0,        2758,      -9.302610811,      -7.296071668,               -32,       -7.78871203,      -7.072624322,      -9.910491018
          0,           0,        2759,       -9.32270665,      -7.296556535,               -32,      -7.789254414,      -7.074294131,      -9.910831761
          0,           0,        2760,       -9.33705739,      -7.297036158,               -32,      -7.789661086,       -7.07220043,      -9.911168877
          0,           0,        2761,      -9.356785559,      -7.297509361,               -32,      -7.790321254,      -7.072010428,      -9.911503241
          0,           0,        2762,      -9.367118245,      -7.297989663,               -32,      -7.791003068,      -7.072466234,      -9.911833994
          0,           0,        2763,      -9.354626945,      -7.298474734,               -32,       -7.79164597,      -7.072042375,      -9.912159889
          0,           0,        2764,      -9.318455886,      -7.298956386,               -32,      -7.792356551,      -7.071546708,      -9.912481891
          0,           0,        2765,      -9.299421838,      -7.299431953,               -32,      -7.793241338,      -7.074252429,      -9.912802874
          0,           0,        2766,      -9.315758603,      -7.299914777,               -32,      -7.793983104,       -7.07804274,      -9.913121079
          0,           0,        2767,      -9.332898668,      -7.300398137,               -32,      -7.794416213,      -7.076830441,      -9.913434689
          0,           0,        2768,      -9.350346373,      -7.300871831,               -32,      -7.795008684,      -7.075475549,      -9.913744636
          0,           0,        2769,      -9.367316582,      -7.301347529,               -32,      -7.795753624,      -7.076179436,      -9.914050843
          0,           0,        2770,      -9.365343795,       -7.30182989,               -32,      -7.796442205,      -7.076138021,      -9.914352119
          0,           0,        2771,      -9.337350007,      -7.302312271,               -32,       -7.79713813,      -7.075525081,      -9.914648009
          0,           0,        2772,       -9.30354006,      -7.302787149,               -32,      -7.797973986,      -7.076309253,      -9.914941677
          0,           0,        2773,      -9.308581423,      -7.303263133,               -32,      -7.798873037,      -7.080907355,      -9.915233398
          0,           0,        2774,      -9.328990466,      -7.303744565,               -32,      -7.799428476,      -7.081715033,      -9.915520625
          0,           0,        2775,      -9.343844442,      -7.304218999,               -32,      -7.799916834,      -7.079592694,       -9.91580348
          0,           0,        2776,      -9.364024705,      -7.304687909,               -32,      -7.800666978,      -7.079859395,      -9.916082818
          0,           0,        2777,      -9.371649816,      -7.305163181,               -32,      -7.801405942,       -7.08030646,      -9.916357788
          0,           0,        2778,      -9.355266931,      -7.305641444,               -32,      -7.802103035,      -7.079873947,      -9.916627356
          0,           0,        2779,      -9.317563822,      -7.306114862,               -32,       -7.80286547,      -7.079487959,      -9.916893261
          0,           0,        2780,      -9.304355655,      -7.306582308,               -32,      -7.803799758,      -7.082827978,      -9.917158133
          0,           0,        2781,      -9.322944488,      -7.307055624,               -32,      -7.804539163,      -7.086134711,      -9.917419952
          0,           0,        2782,      -9.339259606,      -7.307527977,               -32,      -7.804986591,      -7.084504939,      -9.917677466
          0,           0,        2783,      -9.358007562,      -7.307990315,               -32,      -7.805642305,      -7.083527152,      -9.917931925
          0,           0,        2784,      -9.373607344,      -7.308454551,               -32,      -7.806420889,      -7.084332503,      -9.918183212
          0,           0,        2785,      -9.369030627,      -7.308924061,               -32,      -7.807132109,      -7.084262518,      -9.918430296
          0,           0,        2786,      -9.338446373,      -7.309392458,               -32,      -7.807841269,      -7.083599049,      -9.918673183
          0,           0,        2787,      -9.307297588,       -7.30985275,               -32,      -7.808692177,      -7.084701948,      -9.918915408
          0,           0,        2788,       -9.31575584,      -7.310313104,               -32,      -7.809587146,      -7.089384468,      -9.919156899
          0,           0,        2789,      -9.335893056,      -7.310777605,               -32,       -7.81011531,      -7.089697957,      -9.919395334
          0,           0,        2790,      -9.351275523,       -7.31123463,               -32,      -7.810612927,      -7.087596826,       -9.91963129
          0,           0,        2791,      -9.371334239,      -7.311685914,               -32,      -7.811375973,      -7.088092147,      -9.919865639
          0,           0,        2792,      -9.377382063,        -7.3121427,               -32,      -7.812109767,      -7.088524904,      -9.920097609
          0,           0,        2793,      -9.359037613,      -7.312601671,               -32,      -7.812790676,      -7.088034779,      -9.920326343
          0,           0,        2794,      -9.321290889,      -7.313055366,               -32,      -7.813526768,      -7.087634778,      -9.920554039
          0,           0,        2795,      -9.311211196,      -7.313502121,               -32,      -7.814441082,      -7.091248801,      -9.920783178
          0,           0,        2796,      -9.330579956,      -7.313953281,               -32,      -7.815136909,       -7.09427938,      -9.921011662
          0,           0,        2797,      -9.346418302,       -7.31440352,               -32,       -7.81554163,      -7.092429011,      -9.921238557
          0,           0,        2798,      -9.365624473,      -7.314843473,               -32,      -7.816180519,      -7.091635338,      -9.921465223
          0,           0,        2799,      -9.380409516,      -7.315284805,               -32,      -7.816929531,      -7.092473519,      -9.921691499
          0,           0,        2800,      -9.374699952,      -7.315730909,               -32,      -7.817600507,       -7.09235807,       -9.92191639
          0,           0,        2801,      -9.343393165,      -7.316175854,               -32,      -7.818254496,      -7.091582542,      -9.922140085
          0,           0,        2802,      -9.313879266,      -7.316612304,               -32,      -7.819051104,      -7.092753834,      -9.922366232
          0,           0,        2803,      -9.323568543,      -7.317047203,               -32,      -7.819892874,      -7.097433542,      -9.922594552
          0,           0,        2804,      -9.343316803,      -7.317486178,               -32,      -7.820352566,      -7.097535458,      -9.922822319
          0,           0,        2805,      -9.358809544,      -7.317918169,               -32,      -7.820791947,      -7.095413107,      -9.923050279
          0,           0,        2806,      -9.378601713,      -7.318343941,               -32,      -7.821502977,      -7.095979766,      -9.923279455
          0,           0,        2807,      -9.384076074,      -7.318774973,               -32,      -7.822176359,       -7.09638409,      -9.923509005
          0,           0,        2808,      -9.365338471,      -7.319208414,               -32,      -7.822784137,      -7.095801931,      -9.923738034
          0,           0,        2809,      -9.328170769,      -7.319636893,               -32,      -7.823436254,      -7.095290463,      -9.923968767
          0,           0,        2810,      -9.319046874,      -7.320057331,               -32,      -7.824276727,      -7.098919617,       -9.92420354
          0,           0,        2811,      -9.338382664,      -7.320481415,               -32,      -7.824894883,      -7.101873979,      -9.924440104
          0,           0,        2812,      -9.353863932,      -7.320905656,               -32,      -7.825211162,      -7.099913509,      -9.924677484
          0,           0,        2813,      -9.372949509,       -7.32131965,               -32,      -7.825771941,       -7.09913562,        -9.9249169
          0,           0,        2814,      -9.387438039,      -7.321734811,               -32,      -7.826442516,       -7.09995627,       -9.92515801
          0,           0,        2815,      -9.381688253,      -7.322155141,               -32,      -7.827027355,      -7.099776495,      -9.925399641
          0,           0,        2816,      -9.350860385,      -7.322575042,               -32,      -7.827582452,      -7.098866501,      -9.925641827
          0,           0,        2817,      -9.321941083,      -7.322986413,               -32,      -7.828279843,      -7.099921556,      -9.925888018
          0,           0,        2818,      -9.331492216,      -7.323395118,               -32,      -7.829033223,      -7.104564899,      -9.926137633
          0,           0,        2819,      -9.350870236,      -7.323808613,               -32,       -7.82939655,      -7.104641564,      -9.926388309
          0,           0,        2820,      -9.366076831,      -7.324216189,               -32,      -7.829732377,      -7.102444101,      -9.926640561
          0,           0,        2821,      -9.385601239,      -7.324617318,               -32,      -7.830347428,      -7.102968728,      -9.926894906
          0,           0,        2822,      -9.391188526,      -7.325024106,               -32,      -7.830924204,      -7.103323812,      -9.927150262
          0,           0,        2823,      -9.373066736,      -7.325434204,               -32,      -7.831426679,      -7.102639082,      -9.927405478
          0,           0,        2824,      -9.336695938,      -7.325840069,               -32,      -7.831966129,      -7.101970992,      -9.927662497
          0,           0,        2825,      -9.327121292,      -7.326237322,               -32,      -7.832701063,      -7.105446288,      -9.927923503
          0,           0,        2826,      -9.345977107,        -7.3266382,               -32,      -7.833221403,       -7.10844696,      -9.928186053
          0,           0,        2827,       -9.36115572,      -7.327040633,               -32,      -7.833425457,      -7.106449123,      -9.928448909
          0,           0,        2828,      -9.379783241,      -7.327433159,               -32,      -7.833872457,      -7.105562143,      -9.928713041
          0,           0,        2829,      -9.394334171,      -7.327826978,               -32,      -7.834436793,      -7.106320289,      -9.928977885
          0,           0,        2830,      -9.389227601,      -7.328226843,               -32,      -7.834913232,      -7.106066462,      -9.929242042
          0,           0,        2831,      -9.359539026,      -7.328627269,               -32,      -7.835353649,      -7.105033161,      -9.929505262
          0,           0,        2832,      -9.330495801,      -7.329019431,               -32,      -7.835934548,      -7.105870792,      -9.929770773
          0,           0,        2833,      -9.339074348,      -7.329408571,               -32,      -7.836582815,      -7.110443883,      -9.930038121
          0,           0,        2834,      -9.358153108,      -7.329803421,               -32,      -7.836840289,      -7.110613753,      -9.930304593
          0,           0,        2835,      -9.372836531,      -7.330193434,               -32,      -7.837053164,      -7.108304085,      -9.930570448
          0,           0,        2836,      -9.392129161,      -7.330576909,               -32,      -7.837551791,      -7.108700564,      -9.930836063
          0,           0,        2837,      -9.398271789,      -7.330966649,               -32,      -7.838018225,      -7.108990841,      -9.931100232
          0,           0,        2838,      -9.381354799,      -7.331360688,               -32,      -7.838408369,      -7.108215695,      -9.931361638
          0,           0,        2839,      -9.345826957,      -7.331751186,               -32,      -7.838833079,      -7.107391343,      -9.931622001
          0,           0,        2840,      -9.334905203,      -7.332132987,               -32,      -7.839454599,      -7.110609564,      -9.931883584
          0,           0,        2841,      -9.353028409,      -7.332518829,               -32,      -7.839874304,      -7.113721595,      -9.932143994
          0,           0,        2842,      -9.368000767,      -7.332907292,               -32,      -7.839964369,      -7.111745654,       -9.93240185
          0,           0,        2843,      -9.385981086,      -7.333286124,               -32,      -7.840286362,      -7.110658486,      -9.932658087
          0,           0,        2844,       -9.40085379,       -7.33366632,               -32,      -7.840738411,       -7.11131943,      -9.932912205
          0,           0,        2845,      -9.396830983,      -7.334053365,               -32,      -7.841106559,      -7.110998307,      -9.933162854
          0,           0,        2846,       -9.36864122,      -7.334441724,               -32,       -7.84143955,      -7.109876511,      -9.933409729
          0,           0,        2847,      -9.338973987,      -7.334822083,               -32,      -7.841910272,      -7.110455819,      -9.933656076
          0,           0,        2848,      -9.346002442,      -7.335199569,               -32,      -7.842456567,      -7.114925658,      -9.933901798
          0,           0,        2849,      -9.364889014,      -7.335583514,               -32,       -7.84261694,      -7.115275379,      -9.934144299
          0,           0,        2850,       -9.37894636,      -7.335963274,               -32,      -7.842709711,      -7.112837186,      -9.934383861
          0,           0,        2851,      -9.398047702,      -7.336336203,               -32,      -7.843092757,      -7.113039155,      -9.934621102
          0,           0,        2852,      -9.405070598,      -7.336715779,               -32,      -7.843455416,      -7.113263721,      -9.934855047
          0,           0,        2853,      -9.389739256,       -7.33710031,               -32,      -7.843746192,      -7.112429456,      -9.935084597
          0,           0,        2854,      -9.355053779,       -7.33748166,               -32,      -7.844073551,      -7.111478891,      -9.935311435
          0,           0,        2855,      -9.342118971,      -7.337854396,               -32,      -7.844594465,      -7.114380176,      -9.935538264
          0,           0,        2856,      -9.359323406,      -7.338231786,               -32,      -7.844928296,      -7.117645174,      -9.935763087
          0,           0,        2857,      -9.374251253,      -7.338612314,               -32,      -7.844921063,      -7.115753803,       -9.93598458
          0,           0,        2858,      -9.391456103,      -7.338983162,               -32,      -7.845126988,      -7.114403762,      -9.936203916
          0,           0,        2859,      -9.406848692,      -7.339355103,               -32,      -7.845479572,      -7.114947721,      -9.936420927
          0,           0,        2860,      -9.404228066,      -7.339734346,               -32,      -7.845757282,       -7.11458367,      -9.936634519
          0,           0,        2861,      -9.377779226,      -7.340115222,               -32,      -7.846006207,      -7.113423582,      -9.936844441
          0,           0,        2862,      -9.347146862,      -7.340488152,               -32,       -7.84639012,      -7.113744922,      -9.937053992
          0,           0,        2863,      -9.352134727,      -7.340858553,               -32,       -7.84685552,      -7.118084218,      -9.937263543
          0,           0,        2864,      -9.370925411,      -7.341235987,               -32,      -7.846943526,      -7.118690708,      -9.937470534
          0,           0,        2865,      -9.384354055,      -7.341609383,               -32,      -7.846937107,      -7.116138405,      -9.937675086
          0,           0,        2866,      -9.403264222,      -7.341975298,               -32,      -7.847223084,      -7.116100812,      -9.937877897
          0,           0,        2867,       -9.41140462,      -7.342347864,               -32,      -7.847504838,      -7.116275683,      -9.938078026
          0,           0,        2868,      -9.397919376,      -7.342725599,               -32,      -7.847723472,      -7.115427589,      -9.938274327
          0,           0,        2869,      -9.364127706,       -7.34310011,               -32,       -7.84798379,      -7.114403195,      -9.938468343
          0,           0,        2870,      -9.348679527,      -7.343465955,               -32,      -7.848432689,      -7.116964054,      -9.938663374
          0,           0,        2871,      -9.364765422,       -7.34383713,               -32,      -7.848710599,      -7.120411954,      -9.938857955
          0,           0,        2872,      -9.379848509,      -7.344211499,               -32,      -7.848637803,      -7.118681574,      -9.939050883
          0,           0,        2873,      -9.396175182,      -7.344575748,               -32,      -7.848753244,      -7.117047507,      -9.939243704
          0,           0,        2874,      -9.412192257,      -7.344940378,               -32,      -7.849034298,      -7.117472634,       -9.93943668
          0,           0,        2875,      -9.411165822,      -7.345312362,               -32,      -7.849252442,      -7.117104156,      -9.939628899
          0,           0,        2876,      -9.386624068,      -7.345685873,               -32,      -7.849451184,      -7.115964576,      -9.939820087
          0,           0,        2877,      -9.354908304,       -7.34605121,               -32,      -7.849783086,      -7.116066969,      -9.940013668
          0,           0,        2878,      -9.357446702,      -7.346414311,               -32,      -7.850202173,      -7.120256149,      -9.940210425
          0,           0,        2879,      -9.376168044,       -7.34678504,               -32,      -7.850254982,      -7.121185767,      -9.940407698
          0,           0,        2880,      -9.389066611,      -7.347151574,               -32,      -7.850185082,      -7.118574789,      -9.940605526
          0,           0,        2881,      -9.407718361,      -7.347509783,               -32,      -7.850406518,      -7.118282395,      -9.940804882
          0,           0,        2882,      -9.417082819,      -7.347874478,               -32,      -7.850642441,      -7.118436305,      -9.941005009
          0,           0,        2883,      -9.405549453,       -7.34824443,               -32,      -7.850825785,      -7.117624279,      -9.941204835
          0,           0,        2884,      -9.372764748,      -7.348611078,               -32,      -7.851057486,      -7.116591336,      -9.941405541
          0,           0,        2885,      -9.354560785,      -7.348969096,               -32,      -7.851473378,      -7.118826502,      -9.941610295
          0,           0,        2886,      -9.369317021,      -7.349333479,               -32,      -7.851736294,      -7.122469201,       -9.94181751
          0,           0,        2887,      -9.384742231,      -7.349701373,               -32,      -7.851641105,      -7.120981685,      -9.942025361
          0,           0,        2888,      -9.400147789,      -7.350058924,               -32,      -7.851705383,      -7.119095665,      -9.942234849
          0,           0,        2889,      -9.416775465,      -7.350416309,               -32,      -7.851954626,      -7.119417943,       -9.94244604
          0,           0,        2890,      -9.417371989,      -7.350781341,               -32,      -7.852153796,      -7.119090299,      -9.942657856
          0,           0,        2891,      -9.394775202,      -7.351148028,               -32,      -7.852343557,      -7.118028257,       -9.94286969
          0,           0,        2892,      -9.362082723,      -7.351506604,               -32,      -7.852665589,      -7.117979717,      -9.943084413
          0,           0,        2893,      -9.361919685,      -7.351863497,               -32,      -7.853082042,      -7.122013351,      -9.943303098
          0,           0,        2894,      -9.380529229,      -7.352229158,               -32,      -7.853145942,      -7.123315735,      -9.943523133
          0,           0,        2895,      -9.393103181,      -7.352590751,               -32,      -7.853059505,      -7.120734321,       -9.94374417
          0,           0,        2896,      -9.411409199,      -7.352943412,               -32,      -7.853259798,      -7.120209172,      -9.943967139
          0,           0,        2897,      -9.421983632,      -7.353302523,               -32,      -7.853494252,      -7.120383487,      -9.944191323
          0,           0,        2898,      -9.412346793,      -7.353667132,               -32,      -7.853685935,      -7.119658783,      -9.944415582
          0,           0,        2899,      -9.380648772,      -7.354028501,               -32,      -7.853931994,      -7.118681588,      -9.944640644
          0,           0,        2900,      -9.359681813,      -7.354381312,               -32,       -7.85435894,      -7.120636091,      -9.944869637
          0,           0,        2901,      -9.372938336,      -7.354741586,               -32,      -7.854654021,      -7.124478824,       -9.94510125
          0,           0,        2902,      -9.388872426,      -7.355105966,               -32,      -7.854585315,      -7.123310571,      -9.945333396
          0,           0,        2903,      -9.403425163,      -7.355459863,               -32,      -7.854644758,      -7.121241679,      -9.945566853
          0,           0,        2904,      -9.420603391,      -7.355812923,               -32,      -7.854907793,      -7.121492245,      -9.945801783
          0,           0,        2905,      -9.422758474,      -7.356173869,               -32,      -7.855132749,      -7.121253459,      -9.946037125
          0,           0,        2906,      -9.402023145,       -7.35653657,               -32,      -7.855355936,      -7.120313256,      -9.946272103
          0,           0,        2907,       -9.36850437,      -7.356891223,               -32,      -7.855709365,        -7.1201748,      -9.946509229
          0,           0,        2908,      -9.365484761,      -7.357244445,               -32,       -7.85616721,      -7.124056205,      -9.946749897
          0,           0,        2909,      -9.383930417,      -7.357607681,               -32,      -7.856289479,      -7.125771246,       -9.94699156
          0,           0,        2910,      -9.396474843,      -7.357967152,               -32,      -7.856232997,      -7.123304301,      -9.947233566
          0,           0,        2911,      -9.414392753,      -7.358317025,               -32,      -7.856455288,      -7.122578608,      -9.947476879
          0,           0,        2912,      -9.426150049,      -7.358673124,               -32,       -7.85673239,      -7.122816191,      -9.947720896
          0,           0,        2913,       -9.41831211,      -7.359034963,               -32,      -7.856973419,      -7.122219751,      -9.947964489
          0,           0,        2914,      -9.387719422,      -7.359393713,               -32,      -7.857270955,      -7.121334747,       -9.94820807
          0,           0,        2915,      -9.363987743,      -7.359743883,               -32,      -7.857745853,      -7.123035697,      -9.948454792
          0,           0,        2916,      -9.375554727,      -7.360102249,               -32,      -7.858116098,      -7.127082717,      -9.948703694
          0,           0,        2917,      -9.392177665,      -7.360465674,               -32,      -7.858117076,      -7.126303581,      -9.948952523
          0,           0,        2918,       -9.40603375,      -7.360818702,               -32,      -7.858210179,      -7.124113209,      -9.949201892
          0,           0,        2919,      -9.423738222,      -7.361169971,               -32,      -7.858526156,      -7.124317885,      -9.949452138
          0,           0,        2920,      -9.427441564,      -7.361529316,               -32,      -7.858814963,      -7.124212511,      -9.949702276
          0,           0,        2921,      -9.408517197,      -7.361890658,               -32,       -7.85910437,      -7.123419198,      -9.949951443
          0,           0,        2922,       -9.37427166,      -7.362244217,               -32,      -7.859517569,      -7.123213908,      -9.950201827
          0,           0,        2923,      -9.368093929,       -7.36259614,               -32,      -7.860049255,      -7.126925125,      -9.950455189
          0,           0,        2924,      -9.386295593,       -7.36295927,               -32,      -7.860268602,      -7.129110387,      -9.950709124
          0,           0,        2925,      -9.399190682,      -7.363319455,               -32,      -7.860275325,       -7.12683336,      -9.950962692
          0,           0,        2926,      -9.416709438,      -7.363669362,               -32,      -7.860548503,      -7.125918987,      -9.951216901
          0,           0,        2927,      -9.429721818,      -7.364024938,               -32,       -7.86090082,      -7.126259609,      -9.951471294
          0,           0,        2928,      -9.423723947,      -7.364386612,               -32,      -7.861219232,      -7.125825416,      -9.951724772
          0,           0,        2929,      -9.394346422,      -7.364745634,               -32,       -7.86158932,      -7.125042573,      -9.951977445
          0,           0,        2930,      -9.367666735,      -7.365096037,               -32,       -7.86213058,      -7.126466686,      -9.952232456
          0,           0,        2931,      -9.377139899,      -7.365454595,               -32,      -7.862605208,      -7.130719226,      -9.952489246
          0,           0,        2932,      -9.394661543,      -7.365819587,               -32,      -7.862704999,      -7.130424581,      -9.952745409
          0,           0,        2933,      -9.408024194,      -7.366174744,               -32,      -7.862849983,      -7.128148913,      -9.953001341
          0,           0,        2934,      -9.426281661,      -7.366526729,               -32,      -7.863240043,      -7.128306283,      -9.953257553
          0,           0,        2935,      -9.431707297,      -7.366886818,               -32,      -7.863614706,      -7.128374486,      -9.953513124
          0,           0,        2936,      -9.414775392,      -7.367249382,               -32,      -7.863985203,      -7.127738117,      -9.953767095
          0,           0,        2937,      -9.379960095,      -7.367604773,               -32,      -7.864465598,      -7.127448271,      -9.954021266
          0,           0,        2938,      -9.369929756,      -7.367957611,               -32,      -7.865082523,      -7.130908994,      -9.954277775
          0,           0,        2939,      -9.387649387,      -7.368322411,               -32,        -7.8654227,       -7.13365245,      -9.954534396
          0,           0,        2940,      -9.401380762,      -7.368685802,               -32,      -7.865506307,      -7.131648374,       -9.95478985
          0,           0,        2941,      -9.418444974,       -7.36903823,               -32,      -7.865834811,      -7.130506779,      -9.955045135
          0,           0,        2942,      -9.432915263,      -7.369395104,               -32,      -7.866275257,      -7.130967573,      -9.955299956
          0,           0,        2943,      -9.429060061,      -7.369758497,               -32,      -7.866680048,      -7.130718917,      -9.955553226
          0,           0,        2944,      -9.401310264,      -7.370120025,               -32,      -7.867123207,      -7.130027111,      -9.955804728
          0,           0,        2945,       -9.37137076,      -7.370472925,               -32,      -7.867725293,      -7.131088033,      -9.956057523
          0,           0,        2946,      -9.377885085,      -7.370832661,               -32,      -7.868313197,      -7.135498722,      -9.956311551
          0,           0,        2947,      -9.396444908,      -7.371200463,               -32,      -7.868524956,      -7.135831386,      -9.956564272
          0,           0,        2948,      -9.409564042,      -7.371559711,               -32,      -7.868716113,      -7.133489161,      -9.956815797
          0,           0,        2949,      -9.428354923,      -7.371913671,               -32,      -7.869176661,      -7.133536683,      -9.957066831
          0,           0,        2950,      -9.435883323,      -7.372275345,               -32,      -7.869639384,      -7.133803733,      -9.957316556
          0,           0,        2951,      -9.421462406,      -7.372640193,               -32,      -7.870086247,      -7.133322397,       -9.95756394
          0,           0,        2952,       -9.38656602,      -7.372998884,               -32,      -7.870620356,       -7.13291074,      -9.957810323
          0,           0,        2953,      -9.371551486,      -7.373353343,               -32,      -7.871308635,       -7.13594596,      -9.958058301
          0,           0,        2954,      -9.388156562,      -7.373719545,               -32,      -7.871776624,      -7.139337384,      -9.958305983
          0,           0,        2955,       -9.40329299,      -7.374086606,               -32,      -7.871934867,        -7.1377351,      -9.958551736
          0,           0,        2956,      -9.419726624,      -7.374442301,               -32,      -7.872296629,      -7.136279177,       -9.95879654
          0,           0,        2957,      -9.435884459,      -7.374800213,               -32,      -7.872816214,       -7.13683188,      -9.959040376
          0,           0,        2958,      -9.434712885,      -7.375165012,               -32,      -7.873298056,      -7.136784151,      -9.959282246
          0,           0,        2959,      -9.409410519,       -7.37552906,               -32,      -7.873797442,      -7.136169847,      -9.959521673
          0,           0,        2960,      -9.376159694,      -7.375884723,               -32,      -7.874433861,      -7.136758992,      -9.959761564
          0,           0,        2961,      -9.378233431,      -7.376244392,               -32,      -7.875120495,      -7.141165644,       -9.96000262
          0,           0,        2962,      -9.397655036,      -7.376613621,               -32,       -7.87544546,      -7.142321223,      -9.960242327
          0,           0,        2963,      -9.410924066,      -7.376976558,               -32,      -7.875660679,      -7.139967873,      -9.960480487
          0,           0,        2964,      -9.430015019,      -7.377331585,               -32,      -7.876163047,      -7.139767031,      -9.960718101
          0,           0,        2965,      -9.440116755,      -7.377693223,               -32,      -7.876698568,       -7.14023783,      -9.960954603
          0,           0,        2966,      -9.428974376,      -7.378058925,               -32,      -7.877202444,      -7.139911296,      -9.961189025
          0,           0,        2967,      -9.395058983,      -7.378419929,               -32,      -7.877763555,      -7.139365395,      -9.961422238
          0,           0,        2968,      -9.373855572,      -7.378774749,               -32,      -7.878486714,      -7.141730484,      -9.961657373
          0,           0,        2969,      -9.388085728,      -7.379139601,               -32,      -7.879073046,      -7.145780021,       -9.96189319
          0,           0,        2970,       -9.40512535,      -7.379508103,               -32,      -7.879298398,      -7.144794661,      -9.962127778
          0,           0,        2971,       -9.42069623,      -7.379865799,               -32,      -7.879652609,      -7.142943833,      -9.962362072
          0,           0,        2972,      -9.438588985,      -7.380222419,               -32,      -7.880222987,      -7.143491852,      -9.962596492
          0,           0,        2973,      -9.440716275,       -7.38058609,               -32,      -7.880760271,      -7.143657862,      -9.962830244
          0,           0,        2974,      -9.418951996,      -7.380950421,               -32,      -7.881289996,      -7.143122095,      -9.963062703
          0,           0,        2975,      -9.383151673,      -7.381307225,               -32,      -7.881924288,      -7.143188014,      -9.963296441
          0,           0,        2976,      -9.378818172,      -7.381664137,               -32,      -7.882672282,      -7.147269368,      -9.963533147
          0,           0,        2977,       -9.39832381,      -7.382031362,               -32,      -7.883105027,       -7.14944711,       -9.96377054
          0,           0,        2978,      -9.412417792,      -7.382395605,               -32,      -7.883321824,      -7.147242958,      -9.964007999
          0,           0,        2979,      -9.431260074,       -7.38274965,               -32,        -7.8838182,      -7.146597985,      -9.964246771
          0,           0,        2980,      -9.444284417,       -7.38310824,               -32,      -7.884399767,      -7.147242809,      -9.964486608
          0,           0,        2981,      -9.437197851,      -7.383471934,               -32,      -7.884935332,      -7.147083414,      -9.964726618
          0,           0,        2982,       -9.40584145,      -7.383832809,               -32,       -7.88549484,      -7.146442995,      -9.964967099
          0,           0,        2983,      -9.377967475,      -7.384186191,               -32,       -7.88620521,       -7.14792593,      -9.965211429
          0,           0,        2984,      -9.387859363,      -7.384546243,               -32,      -7.886883691,      -7.152443179,      -9.965459218
          0,           0,        2985,       -9.40687047,      -7.384912734,               -32,      -7.887173538,      -7.152372618,      -9.965708215
          0,           0,        2986,      -9.421572281,      -7.385270604,               -32,      -7.887477771,      -7.150147454,      -9.965958981
          0,           0,        2987,      -9.440847687,      -7.385623489,               -32,       -7.88805651,      -7.150507419,      -9.966212267
          0,           0,        2988,      -9.446766617,      -7.385983131,               -32,      -7.888623349,      -7.150894351,      -9.966467345
          0,           0,        2989,      -9.429594275,       -7.38634508,               -32,      -7.889157822,      -7.150456118,      -9.966723333
          0,           0,        2990,      -9.393074358,      -7.386701142,               -32,      -7.889757913,      -7.150063269,      -9.966981982
          0,           0,        2991,      -9.380451275,       -7.38705346,               -32,      -7.890514469,      -7.153394321,       -9.96724578
          0,           0,        2992,      -9.398508361,      -7.387415425,               -32,      -7.891044504,      -7.156677642,      -9.967512713
          0,           0,        2993,      -9.414303521,      -7.387778324,               -32,      -7.891256137,      -7.154922269,      -9.967781381
          0,           0,        2994,      -9.432163451,      -7.388130234,               -32,      -7.891691757,      -7.153655018,      -9.968052861
          0,           0,        2995,      -9.448114658,      -7.388483526,               -32,      -7.892286795,      -7.154380828,      -9.968327048
          0,           0,        2996,      -9.445638762,      -7.388842926,               -32,      -7.892830641,       -7.15441223,      -9.968602893
          0,           0,        2997,      -9.418506256,      -7.389201629,               -32,      -7.893366811,      -7.153754041,      -9.968879918
          0,           0,        2998,      -9.385012127,      -7.389552829,               -32,      -7.894022974,      -7.154308517,      -9.969161069
          0,           0,        2999,      -9.388139251,      -7.389906235,               -32,      -7.894750916,      -7.158837943,       -9.96944682
          0,           0,        3000,      -9.408359914,      -7.390268065,               -32,      -7.895109292,      -7.159979825,      -9.969734504
          0,           0,        3001,      -9.422750181,      -7.390624977,               -32,      -7.895340104,        -7.1575818,      -9.970023854
          0,           0,        3002,      -9.442566049,       -7.39097336,               -32,      -7.895876945,      -7.157495547,      -9.970315681
          0,           0,        3003,      -9.452494823,      -7.391327324,               -32,      -7.896448823,      -7.158085783,      -9.970609182
          0,           0,        3004,      -9.440651353,       -7.39168531,               -32,      -7.896968877,      -7.157775699,      -9.970903124
          0,           0,        3005,      -9.405914516,      -7.392039584,               -32,      -7.897516396,      -7.157086673,      -9.971198121
          0,           0,        3006,      -9.384172918,      -7.392387468,               -32,      -7.898228515,       -7.15931584,      -9.971497091
          0,           0,        3007,      -9.398561802,      -7.392742583,               -32,      -7.898836301,      -7.163517718,       -9.97179852
          0,           0,        3008,       -9.41662744,       -7.39310228,               -32,      -7.899056562,      -7.162609307,      -9.972100133
          0,           0,        3009,      -9.433002772,      -7.393452395,               -32,      -7.899387086,      -7.160681717,      -9.972402532
          0,           0,        3010,      -9.451376414,      -7.393799866,               -32,      -7.899959536,      -7.161301183,      -9.972705797
          0,           0,        3011,      -9.453741266,      -7.394154018,               -32,      -7.900493573,       -7.16154166,      -9.973008744
          0,           0,        3012,      -9.432083083,      -7.394509607,               -32,      -7.900993789,      -7.160939056,      -9.973310304
          0,           0,        3013,      -9.395621116,      -7.394858918,               -32,      -7.901573277,       -7.16072874,      -9.973612574
          0,           0,        3014,      -9.389752292,      -7.395206043,               -32,      -7.902297798,      -7.164660783,      -9.973917062
          0,           0,        3015,      -9.409515999,      -7.395562113,               -32,      -7.902728011,      -7.167160954,      -9.974221107
          0,           0,        3016,      -9.424704994,      -7.395917539,               -32,      -7.902892337,      -7.164971449,      -9.974523562
          0,           0,        3017,      -9.443908981,      -7.396262457,               -32,       -7.90333715,      -7.164184741,      -9.974825286
          0,           0,        3018,      -9.457670508,       -7.39661056,               -32,      -7.903891456,      -7.164901713,      -9.975125662
          0,           0,        3019,      -9.451450962,      -7.396964235,               -32,      -7.904385209,      -7.164753586,       -9.97542338
          0,           0,        3020,      -9.420844742,      -7.397316517,               -32,      -7.904874744,      -7.163951794,       -9.97571818
          0,           0,        3021,      -9.391104705,      -7.397661514,               -32,      -7.905505653,       -7.16499071,      -9.976013071
          0,           0,        3022,      -9.399236788,      -7.398010044,               -32,      -7.906157427,      -7.169585119,      -9.976307628
          0,           0,        3023,      -9.419183341,      -7.398365818,               -32,      -7.906410059,       -7.16990132,      -9.976599161
          0,           0,        3024,       -9.43428566,      -7.398715269,               -32,      -7.906618442,      -7.167513623,      -9.976887762
          0,           0,        3025,      -9.454031934,      -7.399058028,               -32,      -7.907129097,      -7.167751681,      -9.977173954
          0,           0,        3026,      -9.461154289,      -7.399407158,               -32,      -7.907639418,      -7.168192641,      -9.977456752
          0,           0,        3027,      -9.445593781,      -7.399759703,               -32,      -7.908097636,      -7.167695416,      -9.977734969
          0,           0,        3028,      -9.409535595,        -7.4001079,               -32,      -7.908596718,      -7.167004707,      -9.978009805
          0,           0,        3029,      -9.393586018,      -7.400450698,               -32,      -7.909268709,      -7.169837874,      -9.978283837
          0,           0,        3030,      -9.410612051,      -7.400801325,               -32,      -7.909764251,      -7.173542537,      -9.978555137
          0,           0,        3031,      -9.427658385,      -7.401155115,               -32,      -7.909893661,      -7.172034444,      -9.978821928
          0,           0,        3032,      -9.445266228,      -7.401498649,               -32,      -7.910208624,      -7.170437972,      -9.979085085
          0,           0,        3033,      -9.462204201,      -7.401841798,               -32,      -7.910722177,      -7.171116263,      -9.979344536
          0,           0,        3034,      -9.461506134,      -7.402191583,               -32,      -7.911182655,       -7.17115415,      -9.979599194
          0,           0,        3035,      -9.436575727,      -7.402542115,               -32,      -7.911615801,      -7.170374827,      -9.979848388
          0,           0,        3036,      -9.401859402,      -7.402885893,               -32,      -7.912152555,      -7.170429005,      -9.980094764
          0,           0,        3037,      -9.401401378,      -7.403229181,               -32,      -7.912804626,      -7.174701039,      -9.980339346
          0,           0,        3038,      -9.421744189,      -7.403581077,               -32,      -7.913108849,      -7.176443112,      -9.980579616
          0,           0,        3039,      -9.436597391,      -7.403930518,               -32,      -7.913212562,      -7.174013056,      -9.980815094
          0,           0,        3040,      -9.456299266,      -7.404270257,               -32,      -7.913623762,      -7.173583436,      -9.981046742
          0,           0,        3041,      -9.467790303,      -7.404614739,               -32,      -7.914099704,      -7.174168024,      -9.981273999
          0,           0,        3042,      -9.458401165,      -7.404964239,               -32,      -7.914515216,       -7.17381085,      -9.981495816
          0,           0,        3043,      -9.425722794,      -7.405311391,               -32,      -7.914942148,      -7.172915521,      -9.981712591
          0,           0,        3044,      -9.400533518,      -7.405651411,               -32,      -7.915531852,      -7.174473774,      -9.981927436
          0,           0,        3045,      -9.412309244,      -7.405996713,               -32,       -7.91607436,      -7.178885463,      -9.982139648
          0,           0,        3046,      -9.431394453,      -7.406347986,               -32,      -7.916210337,      -7.178490848,      -9.982347086
          0,           0,        3047,      -9.447128314,      -7.406691056,               -32,      -7.916385795,      -7.176235825,      -9.982550361
          0,           0,        3048,      -9.466100525,      -7.407029499,               -32,      -7.916836224,      -7.176628441,      -9.982749998
          0,           0,        3049,      -9.470563181,      -7.407374715,               -32,      -7.917261837,      -7.176854061,      -9.982945214
          0,           0,        3050,      -9.451970573,      -7.407722415,               -32,      -7.917645296,      -7.176170981,      -9.983135219
          0,           0,        3051,      -9.416102516,      -7.408064574,               -32,      -7.918096225,      -7.175594582,       -9.98332187
          0,           0,        3052,      -9.405754073,      -7.408402668,               -32,      -7.918711528,      -7.178940029,      -9.983507456
          0,           0,        3053,      -9.424360969,      -7.408749378,               -32,      -7.919078487,      -7.182024473,       -9.98369011
          0,           0,        3054,      -9.440261781,      -7.409097068,               -32,      -7.919123711,      -7.180066036,       -9.98386872
          0,           0,        3055,      -9.458560926,      -7.409433763,               -32,      -7.919412084,      -7.178810277,      -9.984044382
          0,           0,        3056,      -9.473674357,      -7.409772174,               -32,      -7.919848473,       -7.17941874,      -9.984217027
          0,           0,        3057,      -9.470144664,       -7.41011668,               -32,      -7.920228177,      -7.179232471,      -9.984385798
          0,           0,        3058,      -9.442801163,        -7.4104606,               -32,      -7.920599371,      -7.178329644,      -9.984550513
          0,           0,        3059,      -9.411185796,      -7.410796937,               -32,      -7.921104272,      -7.178787119,      -9.984714112
          0,           0,        3060,      -9.415436152,      -7.411135139,               -32,      -7.921670883,       -7.18320541,       -9.98487722
          0,           0,        3061,      -9.435538232,      -7.411481269,               -32,      -7.921853728,      -7.184189911,      -9.985037626
          0,           0,        3062,       -9.45005926,      -7.411822163,               -32,      -7.921917923,      -7.181682923,      -9.985195362
          0,           0,        3063,      -9.469546208,      -7.412154593,               -32,       -7.92228983,      -7.181530003,      -9.985351349
          0,           0,        3064,      -9.478606802,      -7.412492859,               -32,      -7.922687566,      -7.181918814,      -9.985505075
          0,           0,        3065,      -9.466354099,      -7.412835058,               -32,      -7.923035651,      -7.181375822,      -9.985655738
          0,           0,        3066,       -9.43277026,       -7.41317326,               -32,      -7.923423693,      -7.180513504,      -9.985804311
          0,           0,        3067,      -9.412959403,      -7.413504896,               -32,      -7.923985776,      -7.182664509,      -9.985953824
          0,           0,        3068,      -9.427538624,      -7.413843958,               -32,      -7.924421169,      -7.186702517,      -9.986103598
          0,           0,        3069,      -9.445187696,      -7.414186976,               -32,       -7.92446883,        -7.1856903,       -9.98625286
          0,           0,        3070,      -9.461331601,      -7.414519652,               -32,      -7.924638752,       -7.18370511,      -9.986404804
          0,           0,        3071,      -9.478906476,      -7.414850203,               -32,      -7.925037262,      -7.184161022,       -9.98655269
          0,           0,        3072,      -9.480654181,      -7.415187449,               -32,       -7.92539674,      -7.184166086,      -9.986694536
          0,           0,        3073,       -9.45947084,      -7.415525746,               -32,      -7.925734714,      -7.183364524,      -9.986834049
          0,           0,        3074,      -9.425294519,      -7.415857065,               -32,      -7.926174831,      -7.183089758,      -9.986973441
          0,           0,        3075,      -9.420671017,      -7.416186759,               -32,      -7.926747961,      -7.186884166,      -9.987114394
          0,           0,        3076,      -9.439990171,      -7.416525666,               -32,      -7.927011288,      -7.189252983,        -9.9872541
          0,           0,        3077,      -9.454544776,       -7.41686259,               -32,      -7.927022964,      -7.187013536,      -9.987392515
          0,           0,        3078,      -9.473001335,      -7.417188634,               -32,      -7.927314206,      -7.186155026,      -9.987530757
          0,           0,        3079,      -9.485823755,       -7.41751854,               -32,      -7.927699426,      -7.186643824,      -9.987668517
          0,           0,        3080,      -9.479434203,      -7.417853669,               -32,      -7.928034141,      -7.186273904,      -9.987802999
          0,           0,        3081,      -9.450413579,      -7.418186496,               -32,      -7.928389387,      -7.185369136,      -9.987929816
          0,           0,        3082,      -9.423481237,      -7.418511564,               -32,      -7.928904223,      -7.186419281,      -9.988062587
          0,           0,        3083,      -9.432032314,      -7.418841762,               -32,      -7.929408314,      -7.190809168,      -9.988199153
          0,           0,        3084,      -9.451004915,      -7.419178656,               -32,      -7.929517709,      -7.191050549,      -9.988336004
          0,           0,        3085,      -9.465193866,      -7.419507337,               -32,      -7.929604778,       -7.18868051,      -9.988472937
          0,           0,        3086,      -9.483754141,      -7.419830039,               -32,      -7.929972783,      -7.188788512,      -9.988610385
          0,           0,        3087,      -9.490032373,      -7.420159413,               -32,      -7.930334548,       -7.18898395,       -9.98874759
          0,           0,        3088,      -9.474972279,      -7.420491401,               -32,      -7.930665715,      -7.188330303,      -9.988883718
          0,           0,        3089,      -9.441781682,      -7.420817716,               -32,      -7.931072076,      -7.187684628,      -9.989019989
          0,           0,        3090,      -9.428402592,      -7.421139474,               -32,      -7.931645045,      -7.190507464,      -9.989158763
          0,           0,        3091,      -9.445013596,      -7.421470743,               -32,      -7.932013558,      -7.193997063,      -9.989298602
          0,           0,        3092,      -9.460627265,      -7.421803376,               -32,      -7.932042477,      -7.192493263,      -9.989438094
          0,           0,        3093,      -9.476997579,      -7.422124519,               -32,      -7.932267187,      -7.190960325,      -9.989578056
          0,           0,        3094,       -9.49248335,      -7.422446671,               -32,      -7.932659271,      -7.191447236,      -9.989718477
          0,           0,        3095,      -9.491240338,      -7.422775145,               -32,       -7.93300693,       -7.19127728,      -9.989858524
          0,           0,        3096,      -9.467800447,      -7.423103076,               -32,      -7.933360037,      -7.190461783,      -9.989997789
          0,           0,        3097,       -9.43714525,      -7.423423295,               -32,       -7.93384783,      -7.190707862,      -9.990138589
          0,           0,        3098,      -9.438374111,      -7.423745568,               -32,       -7.93441607,      -7.194852765,      -9.990281896
          0,           0,        3099,      -9.457400948,      -7.424076943,               -32,      -7.934634452,      -7.196439453,      -9.990425649
          0,           0,        3100,      -9.470588511,      -7.424403187,               -32,      -7.934693989,      -7.194139803,      -9.990569472
          0,           0,        3101,      -9.488638298,      -7.424720373,               -32,      -7.935041341,      -7.193751667,      -9.990714156
          0,           0,        3102,       -9.49863373,      -7.425043395,               -32,      -7.935430477,      -7.194121016,       -9.99085921
          0,           0,        3103,      -9.489243849,      -7.425370586,               -32,      -7.935781684,      -7.193645537,      -9.991003807
          0,           0,        3104,      -9.459508386,      -7.425693855,               -32,      -7.936185124,      -7.192885332,       -9.99114841
          0,           0,        3105,      -9.438895389,       -7.42601066,               -32,      -7.936759305,      -7.194685185,      -9.991295632
          0,           0,        3106,      -9.451060765,      -7.426335831,               -32,      -7.937245645,      -7.198848233,      -9.991444897
          0,           0,        3107,      -9.467967064,      -7.426665851,               -32,      -7.937354921,      -7.198424715,      -9.991594415
          0,           0,        3108,      -9.481980885,      -7.426985548,               -32,       -7.93753911,      -7.196433913,        -9.9917447
          0,           0,        3109,      -9.498879322,       -7.42730283,               -32,      -7.937953677,      -7.196787616,      -9.991896112
          0,           0,        3110,      -9.502072547,      -7.427627158,               -32,      -7.938339094,      -7.196836799,       -9.99204798
          0,           0,        3111,      -9.484418167,      -7.427952761,               -32,      -7.938715354,      -7.196165898,      -9.992199734
          0,           0,        3112,      -9.453330327,      -7.428271708,               -32,      -7.939197708,      -7.195915405,      -9.992353041
          0,           0,        3113,      -9.446800068,       -7.42858941,               -32,      -7.939819701,      -7.199375304,      -9.992509774
          0,           0,        3114,      -9.464312592,      -7.428917652,               -32,       -7.94017817,      -7.202203594,      -9.992668381
          0,           0,        3115,      -9.477652977,      -7.429244543,               -32,      -7.940267728,      -7.200413374,      -9.992828035
          0,           0,        3116,      -9.493978974,      -7.429560608,               -32,      -7.940600726,       -7.19946455,      -9.992989704
          0,           0,        3117,      -9.506832525,      -7.429880622,               -32,      -7.941036969,      -7.199963043,      -9.993153338
          0,           0,        3118,      -9.502570428,      -7.430206296,               -32,      -7.941429798,      -7.199693118,      -9.993318363
          0,           0,        3119,      -9.477712173,      -7.430530064,               -32,      -7.941852583,      -7.198962451,      -9.993484927
          0,           0,        3120,      -9.452300831,      -7.430846701,               -32,      -7.942429294,      -7.199864029,      -9.993655663
          0,           0,        3121,      -9.458516902,      -7.431168958,               -32,      -7.943028156,        -7.2041622,      -9.993831167
          0,           0,        3122,      -9.476118133,       -7.43149934,               -32,      -7.943264635,      -7.205030965,      -9.994009739
          0,           0,        3123,      -9.488282635,      -7.431822204,               -32,      -7.943437706,      -7.202912785,      -9.994191641
          0,           0,        3124,      -9.505277928,      -7.432139108,               -32,      -7.943877621,      -7.202974214,      -9.994377695
          0,           0,        3125,      -9.512296577,      -7.432463044,               -32,      -7.944318125,      -7.203250993,      -9.994567492
          0,           0,        3126,      -9.500299506,      -7.432790121,               -32,      -7.944733244,      -7.202747482,      -9.994760388
          0,           0,        3127,      -9.471416419,      -7.433112327,               -32,      -7.945223817,      -7.202233673,      -9.994956811
          0,           0,        3128,      -9.457550636,      -7.433430412,               -32,       -7.94587978,      -7.204746691,      -9.995156879
          0,           0,        3129,      -9.471856144,      -7.433758552,               -32,      -7.946388939,      -7.208532386,      -9.995355761
          0,           0,        3130,      -9.486194853,      -7.434089419,               -32,      -7.946558102,      -7.207649076,      -9.995549642
          0,           0,        3131,      -9.500081746,      -7.434409263,               -32,      -7.946874852,      -7.206180597,      -9.995739576
          0,           0,        3132,      -9.514834755,      -7.434729664,               -32,      -7.947363909,      -7.206711424,      -9.995927331
          0,           0,        3133,       -9.51521708,      -7.435056585,               -32,      -7.947809975,      -7.206672749,      -9.996113593
          0,           0,        3134,      -9.495949248,      -7.435383384,               -32,      -7.948261857,      -7.206038893,      -9.996298669
          0,           0,        3135,      -9.468571826,      -7.435703249,               -32,      -7.948836598,      -7.206237953,      -9.996484739
          0,           0,        3136,      -9.467652822,       -7.43602446,               -32,      -7.949519934,      -7.210117611,      -9.996673202
          0,           0,        3137,      -9.484707547,      -7.436355589,               -32,      -7.949909635,       -7.21234517,      -9.996862287
          0,           0,        3138,      -9.496124645,      -7.436682996,               -32,      -7.950100048,      -7.210502481,      -9.997051361
          0,           0,        3139,      -9.511899758,      -7.437001105,               -32,      -7.950548533,       -7.21009716,      -9.997241093
          0,           0,        3140,      -9.522147235,      -7.437324558,               -32,      -7.951048734,      -7.210585981,      -9.997431026
          0,           0,        3141,      -9.515579101,      -7.437652573,               -32,      -7.951506758,      -7.210270886,      -9.997620322
          0,           0,        3142,      -9.490854727,      -7.437977589,               -32,      -7.952007546,      -7.209653586,      -9.997809073
          0,           0,        3143,      -9.471056041,      -7.438296464,               -32,      -7.952667105,      -7.211125273,      -9.997999568
          0,           0,        3144,      -9.480279158,      -7.438622406,               -32,      -7.953308688,      -7.215375492,       -9.99819166
          0,           0,        3145,      -9.495734159,      -7.438954934,               -32,      -7.953594587,      -7.215750857,      -9.998383481
          0,           0,        3146,      -9.507180748,      -7.439278593,               -32,         -7.953887,      -7.213947524,      -9.998575206
          0,           0,        3147,      -9.522650146,      -7.439598645,               -32,       -7.95441262,      -7.214327794,      -9.998767148
          0,           0,        3148,       -9.52725352,      -7.439925625,               -32,      -7.954911468,      -7.214540368,      -9.998958602
          0,           0,        3149,      -9.513880496,      -7.440254653,               -32,      -7.955389923,      -7.214032726,       -9.99914885
          0,           0,        3150,      -9.487405104,      -7.440578375,               -32,      -7.955952164,      -7.213743945,      -9.999338933
          0,           0,        3151,      -9.478790186,      -7.440899509,               -32,      -7.956670864,      -7.216710657,      -9.999530814
          0,           0,        3152,       -9.49349537,      -7.441230514,               -32,      -7.957215571,      -7.220142522,      -9.999723237
          0,           0,        3153,       -9.50548424,      -7.441562827,               -32,      -7.957454945,       -7.21905455,      -9.999914972
          0,           0,        3154,      -9.518894824,      -7.441884655,               -32,       -7.95787809,      -7.218053201,      -10.00010667
          0,           0,        3155,      -9.531587017,      -7.442208772,               -32,      -7.958427908,      -7.218674361,       -10.0002982
          0,           0,        3156,      -9.530168583,       -7.44253893,               -32,      -7.958924878,      -7.218580888,      -10.00048882
          0,           0,        3157,      -9.510940613,      -7.442868488,               -32,       -7.95943066,      -7.217968878,      -10.00067819
          0,           0,        3158,      -9.487694862,      -7.443191737,               -32,      -7.960062693,      -7.218479839,      -10.00086827
          0,           0,        3159,      -9.489915486,       -7.44351741,               -32,      -7.960788546,      -7.222502754,      -10.00106003
          0,           0,        3160,      -9.505565564,      -7.443852246,               -32,      -7.961216046,      -7.224372621,      -10.00125173
          0,           0,        3161,      -9.515526794,      -7.444182647,               -32,      -7.961487115,      -7.222626091,      -10.00144207
          0,           0,        3162,      -9.530226177,      -7.444505295,               -32,      -7.962011419,      -7.222580778,        -10.001631
          0,           0,        3163,      -9.538568111,      -7.444833738,               -32,       -7.96255531,      -7.223049814,      -10.00181956
          0,           0,        3164,      -9.531125276,        -7.4451662,               -32,      -7.963053069,      -7.222700641,      -10.00200707
          0,           0,        3165,      -9.508147811,      -7.445495551,               -32,      -7.963592728,      -7.222139761,       -10.0021939
          0,           0,        3166,      -9.492543386,      -7.445819525,               -32,      -7.964290331,      -7.223886724,      -10.00238238
          0,           0,        3167,      -9.502539216,      -7.446150258,               -32,      -7.964961968,      -7.228019386,      -10.00257232
          0,           0,        3168,      -9.515889888,      -7.446486903,               -32,      -7.965289358,      -7.228213401,       -10.0027621
          0,           0,        3169,      -9.526472897,      -7.446814766,               -32,      -7.965652093,      -7.226682576,      -10.00295213
          0,           0,        3170,      -9.540385612,      -7.447140132,               -32,      -7.966222901,      -7.227225612,      -10.00314274
          0,           0,        3171,      -9.543724397,      -7.447472126,               -32,      -7.966750162,      -7.227394182,      -10.00333333
          0,           0,        3172,      -9.530693601,      -7.447805864,               -32,      -7.967252139,      -7.226859039,      -10.00352337
          0,           0,        3173,      -9.507302651,       -7.44813458,               -32,       -7.96783396,      -7.226651366,      -10.00371413
          0,           0,        3174,       -9.50130046,       -7.44846084,               -32,      -7.968571948,      -7.229715724,      -10.00390758
          0,           0,        3175,      -9.515092406,      -7.448796008,               -32,      -7.969141994,      -7.232993205,      -10.00410255
          0,           0,        3176,      -9.525309912,      -7.449132412,               -32,      -7.969420571,      -7.231923649,      -10.00429803
          0,           0,        3177,       -9.53767863,      -7.449458988,               -32,      -7.969887766,      -7.231182276,       -10.0044948
          0,           0,        3178,      -9.548915546,      -7.449788104,               -32,      -7.970459046,      -7.231834953,      -10.00469273
          0,           0,        3179,       -9.54713112,      -7.450122935,               -32,      -7.970967494,      -7.231696923,      -10.00489117
          0,           0,        3180,      -9.529571193,      -7.450457255,               -32,      -7.971476956,      -7.231052442,      -10.00508989
          0,           0,        3181,      -9.509570152,      -7.450785645,               -32,      -7.972107864,       -7.23160302,      -10.00529093
          0,           0,        3182,      -9.512349984,      -7.451115591,               -32,      -7.972841104,       -7.23555157,      -10.00549526
          0,           0,        3183,      -9.526338422,      -7.451454125,               -32,      -7.973290578,      -7.237398864,      -10.00570119
          0,           0,        3184,      -9.535028876,      -7.451788827,               -32,      -7.973586373,      -7.235783174,      -10.00590848
          0,           0,        3185,      -9.548362565,      -7.452116229,               -32,      -7.974126404,      -7.235873664,      -10.00611772
          0,           0,        3186,        -9.5558258,      -7.452449226,               -32,      -7.974672903,      -7.236326046,      -10.00632842
          0,           0,        3187,      -9.549073812,      -7.452786264,               -32,      -7.975163582,      -7.235928901,      -10.00653983
          0,           0,        3188,      -9.528808938,      -7.453120661,               -32,       -7.97568606,      -7.235322159,      -10.00675223
          0,           0,        3189,      -9.515256937,      -7.453449609,               -32,      -7.976364468,      -7.236979146,      -10.00696775
          0,           0,        3190,      -9.524278068,      -7.453783873,               -32,      -7.977040097,      -7.241027198,      -10.00718597
          0,           0,        3191,      -9.536033644,      -7.454124383,               -32,      -7.977381227,      -7.241350716,      -10.00740485
          0,           0,        3192,       -9.54534571,      -7.454457042,               -32,       -7.97774438,       -7.23993517,      -10.00762391
          0,           0,        3193,      -9.557968455,      -7.454786997,               -32,      -7.978308919,      -7.240511241,      -10.00784189
          0,           0,        3194,      -9.561245809,      -7.455123387,               -32,      -7.978821484,      -7.240649944,      -10.00805586
          0,           0,        3195,      -9.549999918,      -7.455461847,               -32,      -7.979297255,      -7.240053944,      -10.00826247
          0,           0,        3196,      -9.529553216,      -7.455795736,               -32,      -7.979841899,      -7.239746083,      -10.00846154
          0,           0,        3197,      -9.523758399,      -7.456126028,               -32,      -7.980549907,       -7.24257824,      -10.00865715
          0,           0,        3198,      -9.535901048,      -7.456463867,               -32,      -7.981124648,        -7.2459291,      -10.00885197
          0,           0,        3199,      -9.544893677,      -7.456803957,               -32,      -7.981399272,      -7.245053284,      -10.00904779
          0,           0,        3200,      -9.555737679,      -7.457134589,               -32,      -7.981842063,      -7.244323761,      -10.00924655
          0,           0,        3201,      -9.566189611,      -7.457466994,               -32,      -7.982390816,      -7.244972176,      -10.00944773
          0,           0,        3202,      -9.565253987,      -7.457805158,               -32,      -7.982867497,      -7.244793994,      -10.00964968
          0,           0,        3203,      -9.550378686,      -7.458143408,               -32,      -7.983332153,      -7.244068179,      -10.00985125
          0,           0,        3204,      -9.532473808,       -7.45847594,               -32,      -7.983908065,       -7.24439513,      -10.01005384
          0,           0,        3205,      -9.533899705,      -7.458808204,               -32,      -7.984610158,      -7.248089002,      -10.01025811
          0,           0,        3206,      -9.546323268,      -7.459148837,               -32,       -7.98506183,      -7.250212731,       -10.0104618
          0,           0,        3207,      -9.553815734,      -7.459487451,               -32,       -7.98532683,      -7.248727942,      -10.01066417
          0,           0,        3208,      -9.565630892,      -7.459818544,               -32,      -7.985825301,      -7.248743864,       -10.0108655
          0,           0,        3209,      -9.573041877,      -7.460154867,               -32,      -7.986335802,      -7.249189551,      -10.01106484
          0,           0,        3210,      -9.568059776,      -7.460495931,               -32,      -7.986778923,      -7.248738626,      -10.01126114
          0,           0,        3211,      -9.550868189,      -7.460835367,               -32,      -7.987240189,      -7.248009192,      -10.01145442
          0,           0,        3212,      -9.537766079,      -7.461169103,               -32,      -7.987851705,      -7.249278636,      -10.01164663
          0,           0,        3213,      -9.544646333,      -7.461506316,               -32,      -7.988504052,      -7.253235728,      -10.01183764
          0,           0,        3214,      -9.555341292,      -7.461850867,               -32,      -7.988837142,      -7.253963462,       -10.0120255
          0,           0,        3215,      -9.563093966,      -7.462189422,               -32,      -7.989141858,      -7.252519665,       -10.0122102
          0,           0,        3216,      -9.574623429,      -7.462524417,               -32,      -7.989656472,      -7.253013746,      -10.01239176
          0,           0,        3217,      -9.578641116,      -7.462866071,               -32,      -7.990121103,      -7.253146078,      -10.01256932
          0,           0,        3218,      -9.569972265,      -7.463210954,               -32,      -7.990535779,      -7.252482436,      -10.01274203
          0,           0,        3219,      -9.552197966,      -7.463552401,               -32,      -7.991005067,      -7.251960734,      -10.01291053
          0,           0,        3220,      -9.545115391,      -7.463889307,               -32,      -7.991643649,      -7.254298693,      -10.01307674
          0,           0,        3221,      -9.555139042,      -7.464232698,               -32,      -7.992205537,      -7.257845295,      -10.01323978
          0,           0,        3222,       -9.56341859,       -7.46458067,               -32,      -7.992450547,       -7.25735427,      -10.01339829
          0,           0,        3223,      -9.572420448,      -7.464920368,               -32,      -7.992816039,      -7.256433222,      -10.01355275
          0,           0,        3224,      -9.582471446,       -7.46526096,               -32,      -7.993310847,      -7.257047037,      -10.01370302
          0,           0,        3225,      -9.583053054,       -7.46560815,               -32,      -7.993729305,      -7.256857088,      -10.01384834
          0,           0,        3226,      -9.571277098,      -7.465956839,               -32,      -7.994122074,      -7.256046891,       -10.0139883
          0,           0,        3227,      -9.554839081,      -7.466300557,               -32,       -7.99461156,      -7.256008347,       -10.0141244
          0,           0,        3228,      -9.553779561,      -7.466642182,               -32,      -7.995253057,      -7.259262691,      -10.01425821
          0,           0,        3229,      -9.564681928,      -7.466991979,               -32,      -7.995698036,      -7.261860559,      -10.01438843
          0,           0,        3230,      -9.571251021,      -7.467342414,               -32,      -7.995903498,      -7.260588642,      -10.01451455
          0,           0,        3231,      -9.581377052,      -7.467684942,               -32,      -7.996319197,      -7.260347206,      -10.01463729
          0,           0,        3232,      -9.589148411,      -7.468031937,               -32,      -7.996772071,       -7.26080728,       -10.0147564
          0,           0,        3233,       -9.58639131,      -7.468384632,               -32,      -7.997148175,      -7.260332573,      -10.01487135
          0,           0,        3234,      -9.572333374,      -7.468736961,               -32,      -7.997528265,      -7.259473965,      -10.01498228
          0,           0,        3235,      -9.559010052,      -7.469083475,               -32,      -7.998046877,      -7.260200619,      -10.01509129
          0,           0,        3236,      -9.563015914,      -7.469431233,               -32,       -7.99865595,      -7.263961563,      -10.01519928
          0,           0,        3237,      -9.572985617,      -7.469787225,               -32,      -7.998977735,      -7.265318074,      -10.01530488
          0,           0,        3238,      -9.579239248,       -7.47013961,               -32,      -7.999193454,      -7.263820582,      -10.01540831
          0,           0,        3239,      -9.589649041,      -7.470486896,               -32,      -7.999629621,       -7.26410969,      -10.01551017
          0,           0,        3240,      -9.594730433,      -7.470840689,               -32,      -8.000032213,      -7.264277654,      -10.01561008
          0,           0,        3241,      -9.588834498,      -7.471198872,               -32,      -8.000372936,      -7.263575019,      -10.01570762
          0,           0,        3242,       -9.57360238,      -7.471554755,               -32,      -8.000753042,      -7.262826788,      -10.01580351
          0,           0,        3243,       -9.56468859,      -7.471905098,               -32,      -8.001300979,      -7.264510841,      -10.01590004
          0,           0,        3244,      -9.572195254,      -7.472260123,               -32,      -8.001839749,      -7.268219314,      -10.01599723
          0,           0,        3245,      -9.580228876,      -7.472621727,               -32,      -8.002055617,      -7.268325975,      -10.01609387
          0,           0,        3246,      -9.587313032,      -7.472976436,               -32,      -8.002315157,      -7.267108054,      -10.01619059
          0,           0,        3247,      -9.597002303,      -7.473330153,               -32,      -8.002739858,      -7.267630111,      -10.01628763
          0,           0,        3248,      -9.599258325,      -7.473690949,               -32,      -8.003093066,      -7.267474961,      -10.01638448
          0,           0,        3249,      -9.590547678,      -7.474054558,               -32,      -8.003407904,      -7.266608973,      -10.01648079
          0,           0,        3250,      -9.575480139,      -7.474414044,               -32,      -8.003802752,       -7.26619171,      -10.01657772
          0,           0,        3251,      -9.571526123,      -7.474769626,               -32,       -8.00436753,      -7.268837366,      -10.01667723
          0,           0,        3252,      -9.580744088,      -7.475132545,               -32,      -8.004805894,      -7.271941834,      -10.01677844
          0,           0,        3253,       -9.58690133,      -7.475498844,               -32,      -8.004954788,      -7.271058083,      -10.01688051
          0,           0,        3254,      -9.595178765,      -7.475857067,               -32,      -8.005265736,       -7.27041381,      -10.01698408
          0,           0,        3255,      -9.603333923,      -7.476218274,               -32,       -8.00565644,      -7.270885926,      -10.01708896
          0,           0,        3256,      -9.602765004,      -7.476586081,               -32,      -8.005966318,      -7.270434567,      -10.01719445
          0,           0,        3257,      -9.591703912,      -7.476954884,               -32,      -8.006267003,      -7.269484095,      -10.01730027
          0,           0,        3258,      -9.578227279,      -7.477318165,               -32,      -8.006690168,      -7.269654206,      -10.01740806
          0,           0,        3259,      -9.579017264,        -7.4776804,               -32,      -8.007247018,      -7.273038722,        -10.017519
          0,           0,        3260,      -9.588277258,      -7.478051204,               -32,      -8.007569786,      -7.275125989,      -10.01763167
          0,           0,        3261,      -9.593483419,      -7.478421196,               -32,      -8.007701487,      -7.273697638,      -10.01774563
          0,           0,        3262,      -9.602572806,      -7.478784463,               -32,      -8.008048682,      -7.273643473,      -10.01786133
          0,           0,        3263,      -9.608667014,      -7.479153516,               -32,      -8.008395458,      -7.273883199,      -10.01797823
          0,           0,        3264,      -9.605331845,      -7.479528052,               -32,      -8.008671379,      -7.273189502,      -10.01809559
          0,           0,        3265,      -9.592573301,      -7.479901553,               -32,      -8.008972262,       -7.27227257,       -10.0182134
          0,           0,        3266,      -9.582018655,      -7.480268979,               -32,       -8.00943196,      -7.273269791,      -10.01833351
          0,           0,        3267,      -9.586697744,      -7.480638887,               -32,      -8.009948339,       -7.27697176,       -10.0184562
          0,           0,        3268,      -9.594732757,      -7.481016808,               -32,       -8.01015989,      -7.277843946,      -10.01857989
          0,           0,        3269,      -9.600169508,      -7.481389785,               -32,      -8.010319738,      -7.276381584,       -10.0187046
          0,           0,        3270,      -9.609287134,      -7.481759372,               -32,      -8.010677388,      -7.276719494,      -10.01883048
          0,           0,        3271,      -9.613038966,      -7.482136038,               -32,      -8.010980729,      -7.276653672,      -10.01895682
          0,           0,        3272,       -9.60705677,      -7.482516663,               -32,       -8.01123467,      -7.275782281,      -10.01908292
          0,           0,        3273,      -9.593497763,      -7.482894146,               -32,      -8.011552396,      -7.275072763,      -10.01920927
          0,           0,        3274,      -9.586858222,      -7.483266267,               -32,      -8.012046805,      -7.277032765,      -10.01933773
          0,           0,        3275,      -9.594115839,      -7.483644187,               -32,      -8.012490314,      -7.280518586,      -10.01946777
          0,           0,        3276,      -9.600373474,      -7.484027724,               -32,      -8.012617417,      -7.280233599,      -10.01959809
          0,           0,        3277,      -9.606849344,      -7.484403572,               -32,      -8.012832341,      -7.279163221,      -10.01972907
          0,           0,        3278,      -9.615161794,      -7.484780116,               -32,      -8.013176653,      -7.279613861,      -10.01986059
          0,           0,        3279,      -9.616442888,      -7.485163726,               -32,      -8.013443394,      -7.279245124,      -10.01999194
          0,           0,        3280,       -9.60801827,      -7.485549446,               -32,      -8.013689058,        -7.2782659,      -10.02012265
          0,           0,        3281,       -9.59479247,       -7.48593012,               -32,      -8.014040368,      -7.277992498,      -10.02025383
          0,           0,        3282,      -9.592511309,      -7.486307593,               -32,      -8.014554593,      -7.280865012,      -10.02038708
          0,           0,        3283,      -9.600839506,      -7.486693082,               -32,      -8.014901433,      -7.283619898,       -10.0205213
          0,           0,        3284,      -9.605662217,      -7.487080271,               -32,      -8.014989412,      -7.282482911,      -10.02065577
          0,           0,        3285,      -9.613303853,      -7.487459447,               -32,       -8.01526159,      -7.282012698,      -10.02079104
          0,           0,        3286,      -9.620136283,      -7.487842844,               -32,      -8.015578143,      -7.282337487,      -10.02092683
          0,           0,        3287,      -9.618878968,      -7.488232395,               -32,      -8.015818549,      -7.281709217,      -10.02106251
          0,           0,        3288,      -9.608348559,       -7.48862192,               -32,      -8.016071155,      -7.280712947,      -10.02119797
          0,           0,        3289,      -9.596754937,      -7.489005137,               -32,      -8.016469514,      -7.281137224,      -10.02133492
          0,           0,        3290,      -9.598639781,       -7.48938849,               -32,      -8.016976382,      -7.284646204,      -10.02147437
          0,           0,        3291,      -9.606606429,      -7.489780343,               -32,      -8.017218107,      -7.286293885,      -10.02161496
          0,           0,        3292,       -9.61100563,      -7.490169288,               -32,      -8.017318951,      -7.284783164,      -10.02175659
          0,           0,        3293,      -9.619330947,      -7.490552453,               -32,      -8.017630627,       -7.28485899,      -10.02189975
          0,           0,        3294,       -9.62421867,      -7.490941987,               -32,      -8.017915723,      -7.284919055,      -10.02204401
          0,           0,        3295,      -9.620383687,        -7.4913362,               -32,      -8.018142295,      -7.284093765,      -10.02218883
          0,           0,        3296,      -9.608314175,      -7.491728056,               -32,      -8.018418681,        -7.2832188,      -10.02233454
          0,           0,        3297,      -9.599648193,      -7.492113518,               -32,      -8.018869363,      -7.284570928,      -10.02248313
          0,           0,        3298,      -9.604876365,      -7.492502855,               -32,      -8.019334238,      -7.288232416,      -10.02263476
          0,           0,        3299,      -9.611445614,      -7.492899132,               -32,      -8.019483609,      -7.288629381,       -10.0227881
          0,           0,        3300,       -9.61652697,      -7.493288558,               -32,      -8.019639637,      -7.287265936,       -10.0229435
          0,           0,        3301,      -9.624732098,      -7.493676114,               -32,      -8.019964965,      -7.287644478,       -10.0231011
          0,           0,        3302,      -9.627387703,      -7.494070655,               -32,      -8.020222927,      -7.287399888,      -10.02326036
          0,           0,        3303,      -9.620991227,      -7.494468003,               -32,      -8.020449444,      -7.286446582,      -10.02342076
          0,           0,        3304,      -9.608275659,      -7.494860721,               -32,      -8.020766928,      -7.285897116,       -10.0235831
          0,           0,        3305,      -9.603527908,      -7.495248552,               -32,       -8.02126161,      -7.288268286,      -10.02374917
          0,           0,        3306,       -9.61077887,      -7.495643307,               -32,      -8.021651452,      -7.291493332,      -10.02391826
          0,           0,        3307,      -9.615706579,      -7.496041511,               -32,      -8.021744842,       -7.29078934,      -10.02408931
          0,           0,        3308,      -9.622083706,      -7.496431055,               -32,      -8.021974392,      -7.289961421,      -10.02426277
          0,           0,        3309,      -9.629348912,      -7.496822837,               -32,      -8.022291376,      -7.290352114,      -10.02443843
          0,           0,        3310,      -9.629582188,       -7.49722101,               -32,      -8.022530765,      -7.289827592,      -10.02461558
          0,           0,        3311,      -9.620746136,      -7.497619775,               -32,      -8.022771504,      -7.288823983,       -10.0247938
          0,           0,        3312,      -9.608622895,       -7.49801214,               -32,      -8.023145018,      -7.288867419,      -10.02497437
          0,           0,        3313,      -9.608185249,      -7.498402703,               -32,      -8.023659367,      -7.292109901,      -10.02515847
          0,           0,        3314,      -9.615921855,      -7.498801582,               -32,      -8.023952874,      -7.294366755,      -10.02534473
          0,           0,        3315,      -9.619901207,      -7.499199163,               -32,      -8.024042868,        -7.2929836,      -10.02553258
          0,           0,        3316,      -9.627448833,      -7.499589185,               -32,      -8.024336473,      -7.292800504,      -10.02572236
          0,           0,        3317,      -9.633115445,      -7.499984445,               -32,      -8.024633448,      -7.292986595,      -10.02591356
          0,           0,        3318,      -9.630764483,       -7.50038472,               -32,      -8.024864937,       -7.29223923,      -10.02610542
          0,           0,        3319,      -9.619820801,      -7.500783106,               -32,      -8.025134859,      -7.291299272,      -10.02629783
          0,           0,        3320,      -9.609775852,      -7.501174436,               -32,       -8.02557236,      -7.292223146,      -10.02649243
          0,           0,        3321,      -9.613277193,      -7.501567966,               -32,      -8.026068695,       -7.29591001,      -10.02668962
          0,           0,        3322,      -9.620111866,      -7.501968992,               -32,      -8.026264994,      -7.296878492,      -10.02688782
          0,           0,        3323,      -9.624368176,      -7.502364046,               -32,      -8.026403255,      -7.295393328,        -10.027087
          0,           0,        3324,      -9.632378056,      -7.502755084,               -32,      -8.026733138,      -7.295677301,      -10.02728731
          0,           0,        3325,       -9.63598505,      -7.503152678,               -32,      -8.027008767,      -7.295562457,       -10.0274881
          0,           0,        3326,      -9.630921564,      -7.503553414,               -32,      -8.027244222,      -7.294662203,       -10.0276887
          0,           0,        3327,      -9.618575249,      -7.503949745,               -32,      -8.027558883,      -7.293970873,      -10.02788956
          0,           0,        3328,      -9.612031811,      -7.504340067,               -32,      -8.028054885,      -7.295969471,      -10.02809211
          0,           0,        3329,      -9.618346012,      -7.504736273,               -32,      -8.028491207,      -7.299462425,       -10.0282962
          0,           0,        3330,      -9.623547368,      -7.505136902,               -32,      -8.028616459,      -7.299152575,      -10.02850059
          0,           0,        3331,      -9.629083188,      -7.505528683,               -32,      -8.028833622,       -7.29809581,      -10.02870566
          0,           0,        3332,      -9.636626562,      -7.505920902,               -32,      -8.029169512,      -7.298523883,      -10.02891132
          0,           0,        3333,       -9.63785313,       -7.50631947,               -32,      -8.029428834,      -7.298108112,      -10.02911693
          0,           0,        3334,      -9.630039076,      -7.506718909,               -32,      -8.029680389,      -7.297129136,      -10.02932202
          0,           0,        3335,      -9.617479511,      -7.507111837,               -32,      -8.030053855,      -7.296956103,      -10.02952774
          0,           0,        3336,      -9.615333881,      -7.507501682,               -32,      -8.030584533,      -7.299980429,      -10.02973557
          0,           0,        3337,      -9.622845632,      -7.507899501,               -32,      -8.030927848,      -7.302620623,       -10.0299444
          0,           0,        3338,      -9.626770739,      -7.508297023,               -32,      -8.031032246,      -7.301399475,      -10.03015356
          0,           0,        3339,      -9.633803603,      -7.508685911,               -32,      -8.031326206,      -7.301027258,      -10.03036359
          0,           0,        3340,      -9.640038654,      -7.509078929,               -32,      -8.031647509,      -7.301312018,      -10.03057417
          0,           0,        3341,      -9.638608737,      -7.509477078,               -32,      -8.031898418,      -7.300645235,      -10.03078469
          0,           0,        3342,      -9.628206013,      -7.509873535,               -32,      -8.032178502,      -7.299688192,      -10.03099507
          0,           0,        3343,      -9.617074461,      -7.510262496,               -32,      -8.032619029,      -7.300358723,      -10.03120701
          0,           0,        3344,      -9.619344842,      -7.510652619,               -32,      -8.033143169,      -7.304023796,      -10.03142126
          0,           0,        3345,      -9.626395242,      -7.511050455,               -32,      -8.033381654,      -7.305352508,      -10.03163641
          0,           0,        3346,      -9.630289832,      -7.511442957,               -32,      -8.033522222,      -7.303835011,      -10.03185245
          0,           0,        3347,      -9.638234247,      -7.511830024,               -32,      -8.033864265,      -7.304040675,      -10.03206973
          0,           0,        3348,      -9.642525195,      -7.512223181,               -32,      -8.034163422,      -7.304030763,      -10.03228777
          0,           0,        3349,      -9.638181612,      -7.512619641,               -32,      -8.034415544,      -7.303183243,      -10.03250602
          0,           0,        3350,      -9.625762069,      -7.513011756,               -32,       -8.03473772,      -7.302423208,      -10.03272489
          0,           0,        3351,      -9.617850678,      -7.513397228,               -32,      -8.035240719,      -7.304203416,      -10.03294627
          0,           0,        3352,      -9.623569772,      -7.513788055,               -32,      -8.035708831,      -7.307828624,      -10.03316997
          0,           0,        3353,       -9.62906038,      -7.514183843,               -32,      -8.035861102,      -7.307756159,      -10.03339473
          0,           0,        3354,      -9.634207511,      -7.514570828,               -32,       -8.03607718,      -7.306575452,      -10.03362093
          0,           0,        3355,      -9.642057842,      -7.514957061,               -32,      -8.036430635,       -7.30702079,      -10.03384862
          0,           0,        3356,      -9.643941737,      -7.515349592,               -32,      -8.036709289,      -7.306691642,      -10.03407721
          0,           0,        3357,      -9.636506979,      -7.515743161,               -32,      -8.036973021,      -7.305738443,      -10.03430621
          0,           0,        3358,      -9.623255809,      -7.516130116,               -32,      -8.037350606,      -7.305453891,      -10.03453669
          0,           0,        3359,      -9.619902812,      -7.516513436,               -32,      -8.037891707,      -7.308360792,      -10.03477019
          0,           0,        3360,      -9.627366304,      -7.516904714,               -32,      -8.038262069,      -7.311186261,      -10.03500568
          0,           0,        3361,      -9.631400071,      -7.517296282,               -32,       -8.03837709,      -7.310052068,      -10.03524238
          0,           0,        3362,      -9.638289108,      -7.517678741,               -32,       -8.03867234,      -7.309571129,       -10.0354808
          0,           0,        3363,      -9.645038634,      -7.518064653,               -32,      -8.039009864,       -7.30991766,      -10.03572064
          0,           0,        3364,      -9.644113804,      -7.518455826,               -32,      -8.039274113,      -7.309312639,      -10.03596123
          0,           0,        3365,      -9.633617057,      -7.518845414,               -32,      -8.039560678,      -7.308351222,      -10.03620237
          0,           0,        3366,      -9.621365594,       -7.51922727,               -32,       -8.04000235,      -7.308901441,      -10.03644567
          0,           0,        3367,      -9.622902732,       -7.51961007,               -32,       -8.04053698,      -7.312561853,      -10.03669187
          0,           0,        3368,       -9.63020938,      -7.520000868,               -32,      -8.040791298,      -7.314031937,      -10.03693952
          0,           0,        3369,      -9.634057406,      -7.520386723,               -32,      -8.040930646,      -7.312490043,      -10.03718844
          0,           0,        3370,      -9.642194528,      -7.520766492,               -32,      -8.041276144,      -7.312649924,      -10.03743897
          0,           0,        3371,      -9.647036385,      -7.521152148,               -32,      -8.041586008,      -7.312705317,      -10.03769058
          0,           0,        3372,      -9.642911987,      -7.521541273,               -32,      -8.041844546,      -7.311894306,       -10.0379426
          0,           0,        3373,      -9.629849526,      -7.521926043,               -32,      -8.042167115,      -7.311101271,      -10.03819532
          0,           0,        3374,      -9.620765334,      -7.522303966,               -32,      -8.042668855,      -7.312803057,      -10.03845056
          0,           0,        3375,      -9.626300377,      -7.522687454,               -32,      -8.043141836,      -7.316480777,      -10.03870809
          0,           0,        3376,      -9.632079888,      -7.523076246,               -32,      -8.043296319,      -7.316457927,      -10.03896653
          0,           0,        3377,      -9.637239351,      -7.523456318,               -32,      -8.043505592,      -7.315213918,       -10.0392262
          0,           0,        3378,      -9.645540132,      -7.523835166,               -32,      -8.043860941,       -7.31566376,       -10.0394871
          0,           0,        3379,      -9.647859068,      -7.524220382,               -32,       -8.04414325,      -7.315385495,      -10.03974858
          0,           0,        3380,      -9.640223847,      -7.524606748,               -32,      -8.044406439,      -7.314445689,      -10.04001007
          0,           0,        3381,       -9.62585641,      -7.524986359,               -32,      -8.044779186,      -7.314118911,      -10.04027256
          0,           0,        3382,      -9.621681569,      -7.525362421,               -32,      -8.045315459,        -7.3170186,      -10.04053754
          0,           0,        3383,      -9.629358687,        -7.5257469,               -32,      -8.045680109,      -7.319867704,      -10.04080394
          0,           0,        3384,      -9.633585695,      -7.526131878,               -32,      -8.045786151,      -7.318704998,       -10.0410709
          0,           0,        3385,      -9.640722469,      -7.526507632,               -32,      -8.046072372,      -7.318178712,       -10.0413389
          0,           0,        3386,      -9.648020354,      -7.526886675,               -32,      -8.046406909,      -7.318547792,      -10.04160763
          0,           0,        3387,      -9.647270882,      -7.527271125,               -32,      -8.046667646,      -7.317974168,      -10.04187639
          0,           0,        3388,      -9.636051338,      -7.527653964,               -32,       -8.04694738,      -7.317006801,      -10.04214492
          0,           0,        3389,      -9.622497859,      -7.528028896,               -32,       -8.04738025,      -7.317542681,      -10.04241482
          0,           0,        3390,       -9.62378209,      -7.528405314,               -32,      -8.047902731,      -7.321236323,      -10.04268678
          0,           0,        3391,      -9.631445214,      -7.528790124,               -32,      -8.048139455,      -7.322647145,      -10.04295932
          0,           0,        3392,      -9.635491799,      -7.529169981,               -32,      -8.048263831,      -7.321051425,      -10.04323225
          0,           0,        3393,      -9.644126841,      -7.529543671,               -32,      -8.048597447,      -7.321193614,       -10.0435059
          0,           0,        3394,      -9.649443723,      -7.529923298,               -32,      -8.048898238,      -7.321268377,      -10.04377974
          0,           0,        3395,      -9.645090825,      -7.530306467,               -32,      -8.049146875,      -7.320469283,      -10.04405308
          0,           0,        3396,       -9.63078339,      -7.530685053,               -32,      -8.049457911,      -7.319665257,      -10.04432624
          0,           0,        3397,      -9.620654764,      -7.531056846,               -32,      -8.049946929,      -7.321414367,      -10.04460105
          0,           0,        3398,      -9.626445209,      -7.531435076,               -32,      -8.050396034,      -7.325082613,      -10.04487719
          0,           0,        3399,      -9.632527467,      -7.531818675,               -32,      -8.050524384,      -7.324927965,      -10.04515331
          0,           0,        3400,      -9.638073053,      -7.532193411,               -32,      -8.050716526,      -7.323653482,      -10.04542974
          0,           0,        3401,      -9.647002708,      -7.532567017,               -32,       -8.05105544,      -7.324093125,      -10.04570649
          0,           0,        3402,      -9.649561315,      -7.532947081,               -32,      -8.051323027,       -7.32382304,      -10.04598291
          0,           0,        3403,      -9.641169045,      -7.533328185,               -32,      -8.051571423,      -7.322878821,      -10.04625846
          0,           0,        3404,      -9.625239751,      -7.533702147,               -32,      -8.051930059,      -7.322568298,      -10.04653421
          0,           0,        3405,      -9.620650599,      -7.534073149,               -32,      -8.052446839,       -7.32556376,      -10.04681163
          0,           0,        3406,      -9.628828137,      -7.534453375,               -32,      -8.052774607,      -7.328286468,      -10.04708956
          0,           0,        3407,      -9.633326971,      -7.534833747,               -32,      -8.052852422,      -7.326982044,      -10.04736722
          0,           0,        3408,      -9.641103268,      -7.535204877,               -32,      -8.053119309,       -7.32645643,      -10.04764512
          0,           0,        3409,      -9.648986879,       -7.53557951,               -32,      -8.053432645,      -7.326807268,      -10.04792295
          0,           0,        3410,      -9.648083733,      -7.535959551,               -32,      -8.053674376,      -7.326229254,      -10.04820004
          0,           0,        3411,      -9.635524808,      -7.536337622,               -32,      -8.053936603,      -7.325252473,      -10.04847615
          0,           0,        3412,      -9.620541085,      -7.536707504,               -32,      -8.054354089,      -7.325874131,      -10.04875305
          0,           0,        3413,      -9.622110959,      -7.537080087,               -32,        -8.0548452,      -7.329628388,      -10.04903132
          0,           0,        3414,      -9.630231231,      -7.537461382,               -32,      -8.055036252,      -7.330792892,      -10.04930943
          0,           0,        3415,      -9.634726956,      -7.537837134,               -32,      -8.055135785,      -7.329115244,       -10.0495873
          0,           0,        3416,      -9.644156778,      -7.538207042,               -32,      -8.055445924,      -7.329258844,       -10.0498653
          0,           0,        3417,      -9.649841493,       -7.53858309,               -32,      -8.055722185,      -7.329306698,      -10.05014289
          0,           0,        3418,      -9.644798642,      -7.538962524,               -32,      -8.055949566,      -7.328493651,      -10.05041943
          0,           0,        3419,      -9.628691118,      -7.539336796,               -32,      -8.056243253,      -7.327704748,      -10.05069537
          0,           0,        3420,      -9.617798275,      -7.539704585,               -32,      -8.056713841,      -7.329622974,      -10.05097261
          0,           0,        3421,      -9.624309993,      -7.540080293,               -32,      -8.057116546,      -7.333205405,      -10.05125067
          0,           0,        3422,       -9.63070232,      -7.540461008,               -32,      -8.057199422,      -7.332763317,      -10.05152828
          0,           0,        3423,       -9.63701828,       -7.54083247,               -32,      -8.057370662,      -7.331493013,      -10.05180588
          0,           0,        3424,      -9.646711917,      -7.541203427,               -32,        -8.0576817,       -7.33190811,      -10.05208354
          0,           0,        3425,      -9.649258265,      -7.541580944,               -32,      -8.057923452,       -7.33160717,      -10.05236068
          0,           0,        3426,      -9.639549516,      -7.541959139,               -32,      -8.058150826,      -7.330647035,      -10.05263687
          0,           0,        3427,      -9.621758302,      -7.542329607,               -32,      -8.058494687,      -7.330423989,      -10.05291346
          0,           0,        3428,      -9.617345414,      -7.542698404,               -32,      -8.058984243,      -7.333605858,      -10.05319188
          0,           0,        3429,      -9.626275889,      -7.543077516,               -32,      -8.059253752,       -7.33604968,      -10.05347103
          0,           0,        3430,      -9.631147478,      -7.543455876,               -32,      -8.059295727,      -7.334528834,      -10.05375047
          0,           0,        3431,      -9.639934631,      -7.543825227,               -32,      -8.059541379,      -7.334051315,      -10.05403102
          0,           0,        3432,      -9.648360169,      -7.544198745,               -32,      -8.059824729,       -7.33435285,      -10.05431275
          0,           0,        3433,      -9.646913892,      -7.544577615,               -32,      -8.060041523,      -7.333744294,       -10.0545955
          0,           0,        3434,      -9.632451578,      -7.544953904,               -32,      -8.060285764,      -7.332769926,      -10.05487989
          0,           0,        3435,      -9.616179179,       -7.54532188,               -32,       -8.06069071,      -7.333592762,      -10.05516849
          0,           0,        3436,      -9.618674382,      -7.545694629,               -32,      -8.061139398,      -7.337408992,       -10.0554626
          0,           0,        3437,      -9.627288124,      -7.546076253,               -32,      -8.061270238,      -7.338167777,      -10.05576203
          0,           0,        3438,      -9.632520327,      -7.546451352,               -32,       -8.06134729,       -7.33641841,      -10.05606787
          0,           0,        3439,      -9.642967162,      -7.546821488,               -32,      -8.061632329,      -7.336585771,      -10.05638013
          0,           0,        3440,      -9.648815505,      -7.547198185,               -32,      -8.061879688,      -7.336576555,      -10.05669425
          0,           0,        3441,      -9.642593913,      -7.547577955,               -32,      -8.062085489,      -7.335738355,      -10.05700016
          0,           0,        3442,      -9.624297005,      -7.547951745,               -32,      -8.062367004,      -7.335011626,      -10.05728984
          0,           0,        3443,       -9.61322108,      -7.548319936,               -32,      -8.062822098,      -7.337218407,      -10.05756684
          0,           0,        3444,      -9.620886404,      -7.548698058,               -32,      -8.063166779,      -7.340617781,      -10.05783746
          0,           0,        3445,      -9.627573467,      -7.549080372,               -32,      -8.063200738,      -7.339789721,      -10.05810474
          0,           0,        3446,      -9.635026393,      -7.549453055,               -32,      -8.063358158,      -7.338576783,      -10.05837065
          0,           0,        3447,      -9.645504079,      -7.549826419,               -32,      -8.063641339,      -7.338962294,      -10.05863562
          0,           0,        3448,      -9.647710938,      -7.550206503,               -32,      -8.063858038,      -7.338609918,      -10.05889915
          0,           0,        3449,      -9.636181382,      -7.550586711,               -32,      -8.064069567,      -7.337638784,      -10.05916085
          0,           0,        3450,      -9.616526307,      -7.550958601,               -32,      -8.064408038,      -7.337589533,      -10.05942219
          0,           0,        3451,      -9.613038763,      -7.551330944,               -32,      -8.064870726,      -7.341014407,      -10.05968435
          0,           0,        3452,      -9.622862087,      -7.551714671,               -32,      -8.065075468,      -7.343044602,      -10.05994594
          0,           0,        3453,      -9.628236509,      -7.552096285,               -32,        -8.0650891,      -7.341293684,      -10.06020646
          0,           0,        3454,      -9.638296961,      -7.552469476,               -32,      -8.065321467,      -7.340907295,      -10.06046647
          0,           0,        3455,      -9.647111705,      -7.552847781,               -32,      -8.065578601,      -7.341146309,      -10.06072564
          0,           0,        3456,      -9.644728389,      -7.553231274,               -32,      -8.065776626,      -7.340500117,      -10.06098329
          0,           0,        3457,      -9.627987595,      -7.553611321,               -32,      -8.066013169,      -7.339555015,      -10.06123947
          0,           0,        3458,      -9.610895949,      -7.553983229,               -32,       -8.06641636,      -7.340683055,      -10.06149611
          0,           0,        3459,       -9.61488632,      -7.554362538,               -32,      -8.066821805,      -7.344520711,      -10.06175327
          0,           0,        3460,      -9.623947344,      -7.554750422,               -32,      -8.066895683,      -7.344782204,      -10.06200945
          0,           0,        3461,      -9.630180212,      -7.555130586,               -32,      -8.066964049,      -7.343003925,      -10.06226042
          0,           0,        3462,      -9.641705583,      -7.555507062,               -32,      -8.067232807,      -7.343209756,      -10.06250991
          0,           0,        3463,       -9.64746166,      -7.555890555,               -32,      -8.067459614,      -7.343136714,      -10.06275816
          0,           0,        3464,       -9.63968402,      -7.556276621,               -32,       -8.06765476,      -7.342279057,      -10.06300455
          0,           0,        3465,      -9.619133652,      -7.556655736,               -32,      -8.067937972,      -7.341666338,       -10.0632499
          0,           0,        3466,      -9.608602997,      -7.557030682,               -32,      -8.068386657,      -7.344230002,      -10.06349599
          0,           0,        3467,      -9.617649698,      -7.557417476,               -32,      -8.068676112,      -7.347352359,      -10.06374181
          0,           0,        3468,       -9.62461979,      -7.557807038,               -32,      -8.068674237,      -7.346126745,      -10.06398624
          0,           0,        3469,      -9.633425055,      -7.558186594,               -32,      -8.068832468,      -7.345017092,       -10.0642298
          0,           0,        3470,      -9.644569134,      -7.558568036,               -32,      -8.069098851,      -7.345374974,      -10.06447239
          0,           0,        3471,      -9.646145722,      -7.558956064,               -32,      -8.069302555,      -7.344973063,      -10.06471331
          0,           0,        3472,      -9.632534248,      -7.559343236,               -32,      -8.069512242,        -7.3440064,      -10.06495212
          0,           0,        3473,      -9.611369396,      -7.559721367,               -32,      -8.069859929,      -7.344196449,      -10.06519051
          0,           0,        3474,      -9.609420254,      -7.560102303,               -32,      -8.070302752,      -7.347854129,      -10.06542937
          0,           0,        3475,      -9.620093139,       -7.56049495,               -32,      -8.070452737,      -7.349402427,       -10.0656671
          0,           0,        3476,      -9.626088297,      -7.560883606,               -32,      -8.070456071,      -7.347464347,      -10.06590321
          0,           0,        3477,      -9.637458581,      -7.561264419,               -32,      -8.070688617,       -7.34718749,      -10.06613784
          0,           0,        3478,      -9.646443113,       -7.56165098,               -32,       -8.07093273,      -7.347367391,      -10.06636876
          0,           0,        3479,      -9.642862227,      -7.562042124,               -32,       -8.07112596,      -7.346689999,      -10.06658952
          0,           0,        3480,       -9.62381571,      -7.562428524,               -32,      -8.071369637,      -7.345798187,      -10.06678963
          0,           0,        3481,      -9.606573777,      -7.562807038,               -32,      -8.071783128,      -7.347279869,      -10.06696773
          0,           0,        3482,       -9.61232579,      -7.563195267,               -32,       -8.07215287,      -7.351067099,      -10.06713803
          0,           0,        3483,      -9.621704318,      -7.563590968,               -32,      -8.072186209,      -7.350830477,      -10.06731328
          0,           0,        3484,      -9.629063391,       -7.56397759,               -32,      -8.072262888,       -7.34907383,      -10.06749728
          0,           0,        3485,      -9.641526857,       -7.56436167,               -32,      -8.072528242,      -7.349319711,      -10.06768834
          0,           0,        3486,      -9.646942139,       -7.56475284,               -32,      -8.072748206,      -7.349189268,      -10.06788321
          0,           0,        3487,      -9.637444344,      -7.565145673,               -32,       -8.07294648,      -7.348319315,      -10.06807947
          0,           0,        3488,      -9.614947623,       -7.56553036,               -32,      -8.073244724,      -7.347852357,      -10.06827721
          0,           0,        3489,      -9.605625178,      -7.565912465,               -32,      -8.073695238,      -7.350770432,      -10.06847742
          0,           0,        3490,      -9.615998189,      -7.566307568,               -32,      -8.073940653,      -7.353550967,      -10.06867809
          0,           0,        3491,      -9.623206642,      -7.566703547,               -32,       -8.07392182,      -7.351981882,      -10.06887773
          0,           0,        3492,      -9.633354105,      -7.567089246,               -32,      -8.074094197,      -7.351004275,      -10.06907665
          0,           0,        3493,      -9.644919285,      -7.567477818,               -32,      -8.074356437,      -7.351338854,      -10.06927442
          0,           0,        3494,      -9.645640625,      -7.567872591,               -32,      -8.074560009,      -7.350895653,      -10.06947005
          0,           0,        3495,      -9.629950552,      -7.568265347,               -32,      -8.074780097,      -7.349943792,      -10.06966305
          0,           0,        3496,      -9.607910816,      -7.568648538,               -32,      -8.075147059,      -7.350406645,      -10.06985517
          0,           0,        3497,      -9.607866652,      -7.569036876,               -32,      -8.075576256,      -7.354241437,      -10.07004687
          0,           0,        3498,      -9.619165724,      -7.569436577,               -32,       -8.07568649,      -7.355302769,      -10.07023626
          0,           0,        3499,      -9.625815165,      -7.569830479,               -32,      -8.075696354,      -7.353249382,      -10.07042301
          0,           0,        3500,      -9.638321879,      -7.570217331,               -32,       -8.07593968,      -7.353091788,      -10.07060753
          0,           0,        3501,      -9.647205167,      -7.570610447,               -32,      -8.076182525,      -7.353224816,      -10.07078925
          0,           0,        3502,       -9.64228016,      -7.571007502,               -32,      -8.076382136,      -7.352526101,      -10.07096734
          0,           0,        3503,      -9.621186354,      -7.571398623,               -32,      -8.076642831,      -7.351706262,      -10.07114211
          0,           0,        3504,      -9.604542322,      -7.571782576,               -32,      -8.077072751,      -7.353555365,      -10.07131556
          0,           0,        3505,       -9.61205525,      -7.572178116,               -32,      -8.077414429,      -7.357224851,      -10.07148702
          0,           0,        3506,      -9.621542203,      -7.572579686,               -32,      -8.077423932,      -7.356547254,      -10.07165499
          0,           0,        3507,       -9.63000447,      -7.572971138,               -32,      -8.077521183,      -7.354869946,       -10.0718198
          0,           0,        3508,       -9.64312824,      -7.573361202,               -32,      -8.077792501,       -7.35516237,      -10.07198162
          0,           0,        3509,      -9.647967274,      -7.573758322,               -32,      -8.078015804,      -7.354989036,       -10.0721398
          0,           0,        3510,      -9.636740806,        -7.5741562,               -32,      -8.078226192,      -7.354115629,      -10.07229377
          0,           0,        3511,      -9.612849608,         -7.574545,               -32,      -8.078546465,      -7.353818512,      -10.07244484
          0,           0,        3512,      -9.605254467,      -7.574933048,               -32,      -8.079002368,       -7.35706072,       -10.0725945
          0,           0,        3513,      -9.616714334,      -7.575334602,               -32,      -8.079214765,       -7.35947603,      -10.07274139
          0,           0,        3514,       -9.62407726,      -7.575735227,               -32,      -8.079194253,      -7.357646429,      -10.07288481
          0,           0,        3515,       -9.63539977,       -7.57612566,               -32,      -8.079388732,      -7.356825718,      -10.07302548
          0,           0,        3516,      -9.647090871,       -7.57651987,               -32,      -8.079655356,      -7.357146746,      -10.07316334
          0,           0,        3517,      -9.646808647,      -7.576919882,               -32,      -8.079867076,      -7.356673139,      -10.07329784
          0,           0,        3518,      -9.629237534,      -7.577316818,               -32,       -8.08010413,      -7.355743004,      -10.07342898
          0,           0,        3519,      -9.607047375,      -7.577704047,               -32,      -8.080494153,      -7.356491348,      -10.07355891
          0,           0,        3520,      -9.609015087,      -7.578098477,               -32,        -8.0809136,      -7.360439184,      -10.07368819
          0,           0,        3521,      -9.620642712,      -7.578503463,               -32,      -8.080997375,      -7.361053151,      -10.07381538
          0,           0,        3522,      -9.627903198,      -7.578901123,               -32,      -8.081024659,      -7.358953168,       -10.0739407
          0,           0,        3523,      -9.641261618,      -7.579292585,               -32,      -8.081284432,      -7.358913827,      -10.07406489
          0,           0,        3524,      -9.649807043,      -7.579690642,               -32,      -8.081533392,      -7.359010208,      -10.07418777
          0,           0,        3525,      -9.643533706,      -7.580091941,               -32,       -8.08174555,      -7.358294088,      -10.07430894
          0,           0,        3526,      -9.620844573,      -7.580486223,               -32,      -8.082027289,       -7.35755027,      -10.07442928
          0,           0,        3527,      -9.605379058,      -7.580874227,               -32,      -8.082474823,      -7.359741387,      -10.07455106
          0,           0,        3528,      -9.614429522,      -7.581274952,               -32,      -8.082795469,       -7.36324809,      -10.07467382
          0,           0,        3529,      -9.623831303,      -7.581680153,               -32,      -8.082794087,      -7.362208687,      -10.07479656
          0,           0,        3530,      -9.633246812,      -7.582074478,               -32,      -8.082917475,      -7.360640322,      -10.07492008
          0,           0,        3531,      -9.646721637,      -7.582468359,               -32,        -8.0831996,      -7.360972831,      -10.07504483
          0,           0,        3532,      -9.650852927,      -7.582869101,               -32,      -8.083431848,      -7.360762876,      -10.07517051
          0,           0,        3533,      -9.638080654,      -7.583269673,               -32,      -8.083658019,      -7.359882267,      -10.07529692
          0,           0,        3534,      -9.613430333,      -7.583660406,               -32,      -8.084001437,      -7.359749293,       -10.0754258
          0,           0,        3535,       -9.60773769,      -7.584051938,               -32,      -8.084463325,      -7.363250408,      -10.07555868
          0,           0,        3536,      -9.619946226,       -7.58445679,               -32,      -8.084652607,      -7.365318894,      -10.07569435
          0,           0,        3537,      -9.627382896,      -7.584859043,               -32,      -8.084639495,       -7.36330455,      -10.07583246
          0,           0,        3538,      -9.639599381,      -7.585251215,               -32,      -8.084857826,      -7.362632588,      -10.07597392
          0,           0,        3539,      -9.651169976,      -7.585647721,               -32,      -8.085132853,      -7.362939293,      -10.07611874
          0,           0,        3540,      -9.649885918,      -7.586049487,               -32,      -8.085356017,      -7.362436011,      -10.07626648
          0,           0,        3541,       -9.63082127,      -7.586447126,               -32,      -8.085610986,      -7.361519445,      -10.07641731
          0,           0,        3542,      -9.609072154,      -7.586835018,               -32,      -8.086022529,      -7.362525185,      -10.07657345
          0,           0,        3543,      -9.612849311,      -7.587231445,               -32,      -8.086434665,      -7.366521697,      -10.07673518
          0,           0,        3544,      -9.624526276,      -7.587637307,               -32,      -8.086501943,       -7.36676043,      -10.07690112
          0,           0,        3545,      -9.632284832,      -7.588034552,               -32,      -8.086550062,       -7.36465693,      -10.07707149
          0,           0,        3546,      -9.646170108,      -7.588426234,               -32,      -8.086826469,      -7.364715054,      -10.07724692
          0,           0,        3547,      -9.654233662,      -7.588824579,               -32,      -8.087083798,      -7.364776572,      -10.07742705
          0,           0,        3548,      -9.646760232,      -7.589225427,               -32,      -8.087309051,      -7.364036978,      -10.07761137
          0,           0,        3549,      -9.623025246,      -7.589618292,               -32,      -8.087610082,      -7.363356988,      -10.07780072
          0,           0,        3550,      -9.609026336,      -7.590005659,               -32,      -8.088072326,      -7.365832551,      -10.07799707
          0,           0,        3551,      -9.619251167,      -7.590406151,               -32,      -8.088376794,      -7.369161602,      -10.07819958
          0,           0,        3552,      -9.628424518,       -7.59080966,               -32,      -8.088371415,      -7.367843932,      -10.07840713
          0,           0,        3553,      -9.638566963,      -7.591201709,               -32,      -8.088519606,       -7.36638932,      -10.07862032
          0,           0,        3554,      -9.652116315,       -7.59159399,               -32,      -8.088812095,      -7.366748058,      -10.07883928
          0,           0,        3555,      -9.655499522,      -7.591992843,               -32,      -8.089053261,      -7.366499924,      -10.07906342
          0,           0,        3556,      -9.641468879,      -7.592390677,               -32,       -8.08929327,      -7.365601334,      -10.07929231
          0,           0,        3557,      -9.616640373,      -7.592778111,               -32,      -8.089656122,      -7.365613473,      -10.07952751
          0,           0,        3558,      -9.612781631,      -7.593167519,               -32,      -8.090121672,      -7.369304885,      -10.07977005
          0,           0,        3559,      -9.625400732,      -7.593569701,               -32,      -8.090293335,      -7.371067574,      -10.08001836
          0,           0,        3560,      -9.632831366,      -7.593967921,               -32,       -8.09028998,      -7.368929286,      -10.08027188
          0,           0,        3561,      -9.645649975,      -7.594356218,               -32,      -8.090528732,      -7.368388368,      -10.08053118
          0,           0,        3562,      -9.656909917,      -7.594749251,               -32,      -8.090810882,      -7.368674479,      -10.08079591
          0,           0,        3563,      -9.654682516,      -7.595147066,               -32,      -8.091043507,      -7.368135342,      -10.08106526
          0,           0,        3564,      -9.634533784,      -7.595539897,               -32,      -8.091312988,       -7.36722238,      -10.08133919
          0,           0,        3565,      -9.613657749,      -7.595923113,               -32,       -8.09174159,      -7.368454608,      -10.08161957
          0,           0,        3566,      -9.618961271,      -7.596315736,               -32,      -8.092145883,      -7.372452849,      -10.08190617
          0,           0,        3567,      -9.630457303,      -7.596716734,               -32,      -8.092200859,      -7.372383386,      -10.08219727
          0,           0,        3568,      -9.638588133,      -7.597108153,               -32,      -8.092268433,       -7.37030651,      -10.08249285
          0,           0,        3569,       -9.65272013,      -7.597494637,               -32,      -8.092557853,       -7.37044217,      -10.08279314
          0,           0,        3570,      -9.660195955,      -7.597887866,               -32,      -8.092821306,      -7.370463839,      -10.08309741
          0,           0,        3571,      -9.651676027,      -7.598283026,               -32,      -8.093056571,      -7.369691998,      -10.08340483
          0,           0,        3572,      -9.627378983,      -7.598669523,               -32,      -8.093373156,      -7.369069637,      -10.08371606
          0,           0,        3573,      -9.614997771,      -7.599051345,               -32,      -8.093846113,      -7.371784792,      -10.08403266
          0,           0,        3574,      -9.626069158,      -7.599446415,               -32,      -8.094135542,      -7.374931614,      -10.08435336
          0,           0,        3575,      -9.634902105,      -7.599843335,               -32,      -8.094128419,       -7.37339876,      -10.08467685
          0,           0,        3576,       -9.64557335,      -7.600228481,               -32,      -8.094298079,       -7.37206189,      -10.08500351
          0,           0,        3577,        -9.6589742,      -7.600614566,               -32,       -8.09459777,      -7.372432763,      -10.08533316
          0,           0,        3578,      -9.661577669,      -7.601007075,               -32,      -8.094845147,      -7.372140208,      -10.08566499
          0,           0,        3579,      -9.646533117,      -7.601397955,               -32,      -8.095095928,      -7.371217319,      -10.08599841
          0,           0,        3580,       -9.62198553,      -7.601778189,               -32,      -8.095475063,      -7.371369995,      -10.08633493
          0,           0,        3581,       -9.61985055,      -7.602161487,               -32,      -8.095941569,       -7.37520288,      -10.08667529
          0,           0,        3582,      -9.632605303,      -7.602557025,               -32,      -8.096097577,      -7.376690567,      -10.08701777
          0,           0,        3583,      -9.639965435,      -7.602947571,               -32,      -8.096104565,      -7.374473863,      -10.08736185
          0,           0,        3584,      -9.653153979,       -7.60332856,               -32,      -8.096360131,      -7.374051753,      -10.08770805
          0,           0,        3585,      -9.663950134,      -7.603714796,               -32,      -8.096646828,      -7.374307653,      -10.08805597
          0,           0,        3586,      -9.660821866,      -7.604105535,               -32,      -8.096886528,      -7.373726604,      -10.08840485
          0,           0,        3587,      -9.639916947,      -7.604490712,               -32,      -8.097168453,      -7.372818143,      -10.08875479
          0,           0,        3588,      -9.620211654,      -7.604866684,               -32,      -8.097611879,      -7.374264004,      -10.08910781
          0,           0,        3589,       -9.62678863,      -7.605252824,               -32,       -8.09800748,      -7.378229874,      -10.08946366
          0,           0,        3590,        -9.6379303,      -7.605646476,               -32,      -8.098052549,      -7.377898676,      -10.08982078
          0,           0,        3591,      -9.646336318,      -7.606029889,               -32,      -8.098139024,      -7.375873119,      -10.09017945
          0,           0,        3592,      -9.660497811,      -7.606409165,               -32,      -8.098438699,      -7.376069106,      -10.09054005
          0,           0,        3593,      -9.667301542,      -7.606795418,               -32,       -8.09870653,      -7.376043477,      -10.09090209
          0,           0,        3594,      -9.657853351,      -7.607183252,               -32,      -8.098950429,      -7.375235808,      -10.09126498
          0,           0,        3595,      -9.633359904,      -7.607562029,               -32,      -8.099282042,      -7.374678506,      -10.09162978
          0,           0,        3596,       -9.62264267,      -7.607937121,               -32,      -8.099764415,      -7.377603752,      -10.09199826
          0,           0,        3597,      -9.634292481,      -7.608325571,               -32,      -8.100040091,      -7.380564114,      -10.09236931
          0,           0,        3598,      -9.642718818,      -7.608714937,               -32,      -8.100033976,      -7.378861454,        -10.092742
          0,           0,        3599,      -9.653766492,      -7.609092472,               -32,      -8.100223988,      -7.377644265,      -10.09311702
          0,           0,        3600,      -9.666852666,      -7.609471794,               -32,      -8.100529557,      -7.378012566,      -10.09349442
          0,           0,        3601,      -9.668657336,      -7.609857549,               -32,      -8.100782657,      -7.377670488,      -10.09387364
          0,           0,        3602,      -9.652787744,      -7.610241273,               -32,      -8.101044532,      -7.376725842,      -10.09425441
          0,           0,        3603,      -9.628824598,      -7.610614382,               -32,      -8.101440877,      -7.377025036,       -10.0946386
          0,           0,        3604,      -9.628253721,        -7.6109917,               -32,      -8.101908489,      -7.380961306,      -10.09502704
          0,           0,        3605,       -9.64094245,      -7.611380815,               -32,      -8.102052066,      -7.382196841,      -10.09541817
          0,           0,        3606,      -9.648203429,      -7.611764106,               -32,      -8.102072282,      -7.379935812,      -10.09581175
          0,           0,        3607,      -9.661586691,      -7.612138406,               -32,      -8.102344074,      -7.379617841,      -10.09620845
          0,           0,        3608,      -9.671818209,      -7.612518571,               -32,      -8.102635762,      -7.379834064,      -10.09660796
          0,           0,        3609,      -9.667833893,      -7.612903104,               -32,      -8.102883788,      -7.379210084,      -10.09700963
          0,           0,        3610,      -9.646410567,      -7.613281682,               -32,      -8.103180577,      -7.378316287,      -10.09741375
          0,           0,        3611,      -9.628001808,       -7.61365169,               -32,      -8.103640853,      -7.379967413,      -10.09782243
          0,           0,        3612,      -9.635611939,      -7.614032636,               -32,      -8.104030184,      -7.383875379,      -10.09823528
          0,           0,        3613,       -9.64630765,      -7.614420359,               -32,      -8.104070359,      -7.383319629,      -10.09865077
          0,           0,        3614,      -9.654925274,      -7.614797346,               -32,      -8.104178469,      -7.381361142,      -10.09906924
          0,           0,        3615,      -9.668966803,      -7.615171128,               -32,      -8.104489485,      -7.381599666,      -10.09949095
          0,           0,        3616,       -9.67506013,      -7.615552204,               -32,      -8.104764112,      -7.381523191,      -10.09991532
          0,           0,        3617,      -9.664782806,      -7.615934617,               -32,      -8.105020032,      -7.380684525,      -10.10034168
          0,           0,        3618,      -9.640317668,      -7.616307754,               -32,      -8.105371088,      -7.380205749,       -10.1007711
          0,           0,        3619,      -9.631181445,      -7.616678344,               -32,      -8.105866081,      -7.383315225,      -10.10120515
          0,           0,        3620,      -9.643205719,      -7.617062433,               -32,       -8.10613319,      -7.386091471,      -10.10164243
          0,           0,        3621,      -9.651226739,      -7.617446596,               -32,      -8.106134519,      -7.384256854,      -10.10208193
          0,           0,        3622,      -9.662544321,      -7.617819015,               -32,      -8.106347888,      -7.383154521,      -10.10252417
          0,           0,        3623,      -9.675222787,      -7.618194132,               -32,      -8.106662837,       -7.38350953,      -10.10296898
          0,           0,        3624,      -9.676242115,      -7.618575748,               -32,      -8.106926338,      -7.383121071,      -10.10341556
          0,           0,        3625,      -9.659680119,      -7.618955004,               -32,      -8.107205107,      -7.382167059,       -10.1038635
          0,           0,        3626,      -9.636425697,       -7.61932385,               -32,      -8.107624663,      -7.382620143,      -10.10431454
          0,           0,        3627,      -9.637216615,      -7.619698119,               -32,      -8.108098541,      -7.386631354,      -10.10476918
          0,           0,        3628,      -9.649730863,      -7.620083794,               -32,      -8.108237492,       -7.38764126,      -10.10522557
          0,           0,        3629,      -9.656908781,      -7.620462864,               -32,       -8.10827816,      -7.385364009,      -10.10568336
          0,           0,        3630,       -9.67037799,      -7.620833624,               -32,       -8.10857067,      -7.385135434,      -10.10614298
          0,           0,        3631,      -9.680010918,      -7.621210874,               -32,      -8.108873443,      -7.385311603,      -10.10660388
          0,           0,        3632,      -9.675221956,      -7.621592379,               -32,      -8.109136901,      -7.384655019,      -10.10706518
          0,           0,        3633,      -9.653410308,      -7.621967597,               -32,      -8.109456669,      -7.383794192,       -10.1075271
          0,           0,        3634,      -9.636262276,      -7.622335035,               -32,      -8.109940994,      -7.385643556,      -10.10799158
          0,           0,        3635,       -9.64470499,      -7.622714207,               -32,      -8.110332015,      -7.389483301,       -10.1084579
          0,           0,        3636,      -9.654954902,      -7.623099431,               -32,      -8.110377372,      -7.388741324,      -10.10892441
          0,           0,        3637,      -9.663763197,      -7.623473486,               -32,      -8.110514673,      -7.386861111,      -10.10939134
          0,           0,        3638,      -9.677614707,      -7.623845304,               -32,      -8.110844007,      -7.387132124,      -10.10985879
          0,           0,        3639,      -9.683007328,      -7.624224697,               -32,      -8.111133982,      -7.387013883,      -10.11032601
          0,           0,        3640,      -9.671966801,      -7.624605172,               -32,      -8.111411361,      -7.386161162,      -10.11079224
          0,           0,        3641,      -9.647601495,      -7.624976222,               -32,      -8.111791642,      -7.385778663,      -10.11125858
          0,           0,        3642,      -9.639882884,      -7.625345968,               -32,      -8.112307812,       -7.38905515,      -10.11172644
          0,           0,        3643,      -9.652163312,      -7.625729339,               -32,      -8.112577114,       -7.39166284,      -10.11219427
          0,           0,        3644,      -9.659844609,       -7.62611191,               -32,       -8.11259726,      -7.389733309,      -10.11266102
          0,           0,        3645,      -9.671386084,      -7.626482894,               -32,      -8.112842189,      -7.388742031,      -10.11312725
          0,           0,        3646,      -9.683638434,      -7.626857425,               -32,      -8.113176038,      -7.389085708,      -10.11359268
          0,           0,        3647,      -9.683904193,      -7.627238456,               -32,       -8.11346054,      -7.388667547,       -10.1140565
          0,           0,        3648,      -9.666700293,       -7.62761676,               -32,      -8.113767403,       -7.38772623,      -10.11451834
          0,           0,        3649,      -9.644121464,      -7.627984943,               -32,      -8.114220699,      -7.388342845,      -10.11498007
          0,           0,        3650,       -9.64608419,      -7.628359789,               -32,      -8.114711104,      -7.392416793,      -10.11544207
          0,           0,        3651,      -9.658409767,      -7.628745579,               -32,      -8.114858104,       -7.39323401,      -10.11590249
          0,           0,        3652,      -9.665567433,      -7.629123956,               -32,      -8.114930548,      -7.390966324,      -10.11636111
          0,           0,        3653,      -9.679090434,       -7.62949471,               -32,      -8.115253238,      -7.390820475,      -10.11681838
          0,           0,        3654,      -9.688144457,      -7.629872449,               -32,      -8.115578376,      -7.390969635,       -10.1172738
          0,           0,        3655,      -9.682579894,      -7.630254229,               -32,      -8.115869097,      -7.390301709,      -10.11772657
          0,           0,        3656,      -9.660381473,      -7.630629346,               -32,      -8.116223671,      -7.389496256,      -10.11817707
          0,           0,        3657,      -9.644357713,      -7.630997555,               -32,      -8.116742536,      -7.391542062,      -10.11862737
          0,           0,        3658,      -9.653504672,      -7.631378216,               -32,      -8.117147072,      -7.395318337,      -10.11907672
          0,           0,        3659,      -9.663384031,      -7.631764091,               -32,       -8.11721078,      -7.394427255,      -10.11952357
          0,           0,        3660,      -9.672417057,      -7.632138367,               -32,      -8.117387598,      -7.392635159,      -10.11996835
          0,           0,        3661,      -9.686083762,      -7.632511269,               -32,      -8.117745865,      -7.392939547,      -10.12041121
          0,           0,        3662,       -9.69080658,      -7.632891861,               -32,      -8.118063061,      -7.392798668,       -10.1208515
          0,           0,        3663,      -9.678999025,      -7.633273151,               -32,      -8.118373781,      -7.391953978,      -10.12128863
          0,           0,        3664,       -9.65466033,      -7.633644849,               -32,      -8.118794367,      -7.391684203,      -10.12172391
          0,           0,        3665,      -9.648186608,      -7.634016507,               -32,      -8.119341828,      -7.395120475,      -10.12215883
          0,           0,        3666,       -9.66069296,       -7.63440177,               -32,      -8.119625522,      -7.397579063,      -10.12259184
          0,           0,        3667,       -9.66815078,       -7.63478524,               -32,      -8.119676432,      -7.395584427,      -10.12302211
          0,           0,        3668,      -9.679941153,      -7.635157277,               -32,      -8.119962147,      -7.394702358,      -10.12345034
          0,           0,        3669,      -9.691802904,      -7.635533514,               -32,      -8.120325713,      -7.395044557,      -10.12387633
          0,           0,        3670,      -9.691327938,      -7.635916076,               -32,      -8.120642421,      -7.394616727,      -10.12429939
          0,           0,        3671,      -9.673420099,      -7.636295411,               -32,       -8.12098804,      -7.393707061,      -10.12471936
          0,           0,        3672,      -9.651377693,      -7.636664938,               -32,      -8.121484312,      -7.394493584,       -10.1251383
          0,           0,        3673,      -9.654383884,        -7.6370423,               -32,      -8.122000677,      -7.398625996,      -10.12555657
          0,           0,        3674,       -9.66657893,      -7.637429967,               -32,      -8.122166794,      -7.399273958,      -10.12597243
          0,           0,        3675,      -9.673827602,      -7.637809357,               -32,      -8.122280359,      -7.397032203,      -10.12638584
          0,           0,        3676,      -9.687444194,      -7.638181734,               -32,      -8.122641508,      -7.396965511,      -10.12679737
          0,           0,        3677,      -9.695958809,      -7.638561373,               -32,      -8.122998761,      -7.397101923,       -10.1272066
          0,           0,        3678,      -9.689586033,      -7.638944673,               -32,      -8.123326192,      -7.396439433,      -10.12761285
          0,           0,        3679,      -9.666871776,       -7.63932084,               -32,      -8.123723898,      -7.395701658,      -10.12801673
          0,           0,        3680,      -9.651814258,      -7.639691022,               -32,      -8.124284212,      -7.397941258,      -10.12842037
          0,           0,        3681,      -9.661622334,      -7.640074236,               -32,       -8.12471038,      -7.401655055,      -10.12882301
          0,           0,        3682,      -9.671251363,      -7.640461682,               -32,      -8.124801216,      -7.400634488,      -10.12922324
          0,           0,        3683,      -9.680605283,      -7.640837111,               -32,      -8.125023955,      -7.398934075,      -10.12962163
          0,           0,        3684,      -9.694143441,      -7.641211877,               -32,      -8.125418254,      -7.399272939,       -10.1300184
          0,           0,        3685,      -9.698209765,      -7.641594271,               -32,      -8.125770401,      -7.399123295,        -10.130413
          0,           0,        3686,      -9.685535211,      -7.641976837,               -32,      -8.126121374,       -7.39829782,      -10.13080493
          0,           0,        3687,      -9.661047942,      -7.642349633,               -32,      -8.126587675,      -7.398145616,      -10.13119572
          0,           0,        3688,      -9.655703559,      -7.642723709,               -32,      -8.127171099,      -7.401734788,      -10.13158683
          0,           0,        3689,      -9.668474653,      -7.643111218,               -32,      -8.127475247,      -7.404047234,       -10.1319767
          0,           0,        3690,      -9.675858699,       -7.64349589,               -32,      -8.127562713,      -7.402000374,      -10.13236469
          0,           0,        3691,      -9.687988753,      -7.643869312,               -32,      -8.127893291,      -7.401224358,      -10.13275157
          0,           0,        3692,       -9.69951364,       -7.64424743,               -32,       -8.12829204,      -7.401571426,       -10.1331372
          0,           0,        3693,       -9.69826049,      -7.644631575,               -32,      -8.128646262,      -7.401145011,      -10.13352096
          0,           0,        3694,       -9.67947765,      -7.645011916,               -32,      -8.129034724,      -7.400272705,      -10.13390285
          0,           0,        3695,      -9.657802536,      -7.645382862,               -32,      -8.129576524,      -7.401229476,      -10.13428504
          0,           0,        3696,      -9.661811453,      -7.645762841,               -32,      -8.130121532,      -7.405411859,      -10.13466782
          0,           0,        3697,      -9.673972887,      -7.646152391,               -32,      -8.130310506,      -7.405893345,      -10.13504949
          0,           0,        3698,      -9.681467979,      -7.646532857,               -32,      -8.130468067,      -7.403685316,      -10.13543016
          0,           0,        3699,      -9.695266912,      -7.646906931,               -32,      -8.130870172,      -7.403695447,      -10.13581047
          0,           0,        3700,      -9.703269548,      -7.647288442,               -32,      -8.131263151,      -7.403828615,      -10.13619002
          0,           0,        3701,      -9.695984104,      -7.647673167,               -32,      -8.131630148,      -7.403179279,      -10.13656822
          0,           0,        3702,      -9.672535607,      -7.648050301,               -32,      -8.132072388,      -7.402511321,      -10.13694585
          0,           0,        3703,      -9.658331305,      -7.648422561,               -32,      -8.132674426,      -7.404943497,      -10.13732508
          0,           0,        3704,      -9.668831475,       -7.64880842,               -32,      -8.133123159,      -7.408585511,      -10.13770499
          0,           0,        3705,      -9.678350751,       -7.64919751,               -32,      -8.133242793,        -7.4074398,      -10.13808427
          0,           0,        3706,      -9.688174606,      -7.649574294,               -32,      -8.133512079,      -7.405835916,      -10.13846358
          0,           0,        3707,      -9.701662437,      -7.649951089,               -32,      -8.133943812,      -7.406212403,      -10.13884314
          0,           0,        3708,      -9.705052669,       -7.65033538,               -32,      -8.134332642,      -7.406064313,      -10.13922236
          0,           0,        3709,      -9.691332874,      -7.650719265,               -32,      -8.134724445,      -7.405262594,      -10.13960075
          0,           0,        3710,      -9.666483265,      -7.651093266,               -32,      -8.135235606,      -7.405230318,      -10.13997993
          0,           0,        3711,      -9.662234228,      -7.651469997,               -32,      -8.135853644,      -7.408970245,      -10.14036107
          0,           0,        3712,      -9.675353661,      -7.651859881,               -32,      -8.136177594,      -7.411127627,      -10.14074238
          0,           0,        3713,       -9.68283777,      -7.652245842,               -32,       -8.13630144,      -7.409035801,      -10.14112315
          0,           0,        3714,      -9.695443096,      -7.652620735,               -32,      -8.136676044,      -7.408369922,      -10.14150399
          0,           0,        3715,      -9.706682971,      -7.653000621,               -32,      -8.137110233,      -7.408730624,      -10.14188457
          0,           0,        3716,      -9.704568891,      -7.653386023,               -32,      -8.137501759,      -7.408314935,      -10.14226416
          0,           0,        3717,      -9.684672056,      -7.653766826,               -32,      -8.137931389,      -7.407482192,      -10.14264272
          0,           0,        3718,      -9.663220151,      -7.654138574,               -32,      -8.138515917,      -7.408615073,      -10.14302239
          0,           0,        3719,      -9.668268265,      -7.654520368,               -32,      -8.139086563,        -7.4128407,       -10.1434033
          0,           0,        3720,      -9.680513202,      -7.654910662,               -32,      -8.139296044,      -7.413148952,      -10.14378388
          0,           0,        3721,      -9.688444531,      -7.655290843,               -32,      -8.139495395,      -7.410984236,      -10.14416443
          0,           0,        3722,      -9.702538638,      -7.655664942,               -32,      -8.139936231,      -7.411076041,      -10.14454562
          0,           0,        3723,      -9.710036275,       -7.65604623,               -32,      -8.140363296,      -7.411216124,      -10.14492719
          0,           0,        3724,      -9.701681776,      -7.656429878,               -32,      -8.140767102,      -7.410585071,      -10.14530873
          0,           0,        3725,      -9.677247842,      -7.656805112,               -32,      -8.141249612,      -7.409988302,      -10.14569124
          0,           0,        3726,      -9.663860842,      -7.657176394,               -32,      -8.141888388,       -7.41262067,      -10.14607688
          0,           0,        3727,      -9.675132742,      -7.657561425,               -32,      -8.142354419,      -7.416175226,      -10.14646488
          0,           0,        3728,      -9.684691767,      -7.657948295,               -32,      -8.142498543,      -7.414901484,      -10.14685425
          0,           0,        3729,      -9.695167927,      -7.658322316,               -32,      -8.142809915,      -7.413404367,      -10.14724587
          0,           0,        3730,      -9.708679877,      -7.658696634,               -32,      -8.143275001,      -7.413824021,      -10.14764013
          0,           0,        3731,      -9.711338038,      -7.659077934,               -32,      -8.143696288,      -7.413684339,       -10.1480367
          0,           0,        3732,      -9.696349836,      -7.659457915,               -32,      -8.144123262,      -7.412905785,      -10.14843542
          0,           0,        3733,      -9.670962782,      -7.659827718,               -32,      -8.144672503,      -7.412998918,      -10.14883823
          0,           0,        3734,       -9.66786337,      -7.660201618,               -32,      -8.145317653,      -7.416889756,      -10.14924641
          0,           0,        3735,      -9.681423272,      -7.660588105,               -32,      -8.145653934,      -7.418869985,      -10.14965821
          0,           0,        3736,         -9.689195,      -7.660969468,               -32,      -8.145808056,      -7.416737325,       -10.1500727
          0,           0,        3737,       -9.70242284,      -7.661339912,               -32,      -8.146220242,      -7.416189991,      -10.15048923
          0,           0,        3738,      -9.713398096,      -7.661715484,               -32,      -8.146683866,      -7.416569336,      -10.15090455
          0,           0,        3739,      -9.710297482,      -7.662095932,               -32,      -8.147106023,      -7.416166437,      -10.15131456
          0,           0,        3740,      -9.689044923,      -7.662470888,               -32,      -8.147568838,      -7.415371133,      -10.15171745
          0,           0,        3741,      -9.667788387,      -7.662837249,               -32,       -8.14818745,      -7.416693046,      -10.15211574
          0,           0,        3742,      -9.673959833,       -7.66321465,               -32,      -8.148773971,      -7.420944643,      -10.15251094
          0,           0,        3743,       -9.68638465,      -7.663599406,               -32,      -8.148995288,      -7.421062056,      -10.15290291
          0,           0,        3744,       -9.69495844,      -7.663973176,               -32,      -8.149229015,      -7.418954601,      -10.15329281
          0,           0,        3745,      -9.709436721,      -7.664341336,               -32,      -8.149700564,       -7.41913338,      -10.15368163
          0,           0,        3746,      -9.716390779,      -7.664716559,               -32,      -8.150153896,      -7.419283715,      -10.15406913
          0,           0,        3747,      -9.706787018,      -7.665093475,               -32,      -8.150585803,      -7.418669281,       -10.1544548
          0,           0,        3748,      -9.681194719,      -7.665461465,               -32,      -8.151099044,      -7.418147549,      -10.15483956
          0,           0,        3749,      -9.668709862,      -7.665826933,               -32,      -8.151764229,      -7.420990628,      -10.15522532
          0,           0,        3750,      -9.680822828,      -7.666206523,               -32,      -8.152236418,      -7.424427424,      -10.15561095
          0,           0,        3751,       -9.69055557,      -7.666586869,               -32,       -8.15239616,      -7.423022228,      -10.15599527
          0,           0,        3752,      -9.701857374,      -7.666954293,               -32,      -8.152741034,      -7.421648185,      -10.15637887
          0,           0,        3753,      -9.715419147,      -7.667322641,               -32,      -8.153230486,      -7.422113017,      -10.15676181
          0,           0,        3754,      -9.717256113,      -7.667697746,               -32,      -8.153675214,      -7.421982008,      -10.15714347
          0,           0,        3755,      -9.700807452,      -7.668070902,               -32,      -8.154127608,      -7.421223672,      -10.15752343
          0,           0,        3756,       -9.67484696,      -7.668434008,               -32,      -8.154704811,      -7.421454062,      -10.15790342
          0,           0,        3757,      -9.672989242,      -7.668802959,               -32,      -8.155365473,      -7.425486815,      -10.15828442
          0,           0,        3758,      -9.687044102,      -7.669184059,               -32,      -8.155703059,      -7.427263426,      -10.15866475
          0,           0,        3759,      -9.695283478,      -7.669559115,               -32,      -8.155878745,      -7.425099627,      -10.15904398
          0,           0,        3760,      -9.709232187,      -7.669923762,               -32,      -8.156318759,      -7.424676766,       -10.1594228
          0,           0,        3761,      -9.719920449,      -7.670293942,               -32,      -8.156802172,      -7.425073314,      -10.15980093
          0,           0,        3762,      -9.715717487,      -7.670668682,               -32,      -8.157245091,      -7.424679686,      -10.16017772
          0,           0,        3763,      -9.692971171,      -7.671037475,               -32,      -8.157730781,      -7.423920184,      -10.16055333
          0,           0,        3764,      -9.671980738,      -7.671398807,               -32,      -8.158372655,      -7.425439452,      -10.16092995
          0,           0,        3765,      -9.679311549,      -7.671772647,               -32,      -8.158962943,      -7.429686769,      -10.16130734
          0,           0,        3766,        -9.6919923,      -7.672153123,               -32,      -8.159186291,      -7.429603299,      -10.16168392
          0,           0,        3767,      -9.701372656,      -7.672522278,               -32,      -8.159445479,      -7.427564387,      -10.16205993
          0,           0,        3768,       -9.71625978,      -7.672886721,               -32,       -8.15993782,      -7.427824509,      -10.16243581
          0,           0,        3769,      -9.722622123,      -7.673258362,               -32,      -8.160408056,       -7.42798035,      -10.16281108
          0,           0,        3770,      -9.711658467,       -7.67363122,               -32,      -8.160858552,      -7.427375985,      -10.16318511
          0,           0,        3771,      -9.684872849,      -7.673994843,               -32,       -8.16139292,      -7.426930521,      -10.16355893
          0,           0,        3772,      -9.673359339,      -7.674357599,               -32,      -8.162073806,      -7.429974918,      -10.16393433
          0,           0,        3773,       -9.68631812,      -7.674734768,               -32,      -8.162541695,      -7.433264883,       -10.1643101
          0,           0,        3774,       -9.69635324,      -7.675111582,               -32,      -8.162709029,      -7.431733998,      -10.16468513
          0,           0,        3775,      -9.708570903,      -7.675475417,               -32,      -8.163078141,      -7.430484684,      -10.16506007
          0,           0,        3776,      -9.722162949,      -7.675840652,               -32,      -8.163582567,      -7.430986406,      -10.16543491
          0,           0,        3777,      -9.723113949,      -7.676212207,               -32,       -8.16404157,       -7.43085707,      -10.16580587
          0,           0,        3778,      -9.705120142,       -7.67658094,               -32,      -8.164510031,       -7.43011201,        -10.166175
          0,           0,        3779,      -9.678655329,      -7.676939602,               -32,      -8.165105799,      -7.430483057,      -10.16654455
          0,           0,        3780,      -9.678065654,      -7.677305631,               -32,      -8.165771142,      -7.434631541,      -10.16691527
          0,           0,        3781,      -9.692631422,      -7.677683024,               -32,       -8.16610099,      -7.436190487,      -10.16728538
          0,           0,        3782,      -9.701479743,      -7.678053191,               -32,      -8.166290534,      -7.434006961,      -10.16765446
          0,           0,        3783,      -9.716166671,      -7.678413188,               -32,      -8.166748766,      -7.433702813,      -10.16802308
          0,           0,        3784,      -9.726514983,      -7.678778694,               -32,      -8.167242665,      -7.434108852,       -10.1683908
          0,           0,        3785,      -9.721121261,      -7.679147959,               -32,      -8.167696979,      -7.433715466,      -10.16875684
          0,           0,        3786,       -9.69684757,      -7.679510294,               -32,      -8.168196314,       -7.43298916,      -10.16912131
          0,           0,        3787,      -9.676280558,      -7.679865895,               -32,      -8.168851949,      -7.434710795,      -10.16948624
          0,           0,        3788,      -9.684779575,      -7.680234864,               -32,      -8.169435147,      -7.438919859,       -10.1698511
          0,           0,        3789,      -9.697753439,      -7.680609161,               -32,      -8.169652315,       -7.43863234,      -10.17021414
          0,           0,        3790,      -9.708046649,      -7.680971315,               -32,      -8.169928978,      -7.436675415,      -10.17057549
          0,           0,        3791,      -9.723298917,      -7.681329171,               -32,      -8.170432226,      -7.437010334,      -10.17093531
          0,           0,        3792,       -9.72896783,      -7.681693833,               -32,      -8.170909434,      -7.437160857,      -10.17129286
          0,           0,        3793,      -9.716525144,      -7.682058725,               -32,      -8.171368577,      -7.436555294,      -10.17164732
          0,           0,        3794,      -9.688627303,      -7.682413673,               -32,      -8.171914987,      -7.436194536,      -10.17199957
          0,           0,        3795,      -9.678307955,      -7.682769216,               -32,      -8.172601145,      -7.439440546,      -10.17235106
          0,           0,        3796,      -9.692108092,      -7.683139053,               -32,      -8.173053628,      -7.442543895,      -10.17270022
          0,           0,        3797,      -9.702503839,      -7.683507119,               -32,      -8.173221105,      -7.440890334,      -10.17304577
          0,           0,        3798,      -9.715686648,      -7.683862011,               -32,      -8.173606301,       -7.43978103,       -10.1733881
          0,           0,        3799,      -9.729191909,      -7.684218634,               -32,      -8.174115574,      -7.440309805,      -10.17372686
          0,           0,        3800,      -9.729088855,      -7.684580926,               -32,       -8.17457866,      -7.440165919,      -10.17406109
          0,           0,        3801,      -9.709434371,       -7.68493934,               -32,      -8.175053741,      -7.439425486,      -10.17439019
          0,           0,        3802,      -9.682761043,      -7.685287751,               -32,      -8.175659947,      -7.439965145,      -10.17471574
          0,           0,        3803,      -9.683665318,      -7.685645151,               -32,      -8.176318506,      -7.444207228,      -10.17503805
          0,           0,        3804,      -9.698689324,      -7.686013003,               -32,      -8.176630448,      -7.445505546,       -10.1753551
          0,           0,        3805,      -9.708232337,      -7.686372437,               -32,      -8.176828562,      -7.443319702,      -10.17566628
          0,           0,        3806,      -9.723615428,      -7.686722162,               -32,      -8.177297096,      -7.443146331,      -10.17597189
          0,           0,        3807,      -9.733422211,      -7.687077469,               -32,      -8.177791716,      -7.443544501,       -10.1762712
          0,           0,        3808,      -9.726611894,      -7.687435717,               -32,      -8.178248086,      -7.443132433,      -10.17656318
          0,           0,        3809,      -9.700813922,      -7.687786073,               -32,      -8.178753623,      -7.442444748,      -10.17684782
          0,           0,        3810,       -9.68119223,      -7.688130855,               -32,       -8.17941559,      -7.444409509,      -10.17712678
          0,           0,        3811,      -9.690994792,      -7.688489914,               -32,      -8.179979795,      -7.448521907,      -10.17739888
          0,           0,        3812,      -9.704167531,       -7.68885295,               -32,       -8.18018345,      -7.447998042,      -10.17766108
          0,           0,        3813,      -9.715459236,      -7.689203176,               -32,      -8.180474581,      -7.446160653,      -10.17791344
          0,           0,        3814,      -9.730909186,      -7.689549869,               -32,      -8.180980944,      -7.446570275,      -10.17815457
          0,           0,        3815,      -9.735607082,      -7.689903052,               -32,      -8.181456173,      -7.446691381,       -10.1783815
          0,           0,        3816,      -9.721452501,      -7.690255426,               -32,      -8.181916313,      -7.446068394,      -10.17859073
          0,           0,        3817,      -9.692732151,      -7.690597306,               -32,      -8.182469729,      -7.445825325,      -10.17878139
          0,           0,        3818,      -9.684188566,      -7.690941645,               -32,      -8.183152847,      -7.449293394,      -10.17895549
          0,           0,        3819,      -9.698812624,       -7.69129991,               -32,      -8.183579099,      -7.452128805,      -10.17911411
          0,           0,        3820,      -9.709516659,      -7.691654837,               -32,      -8.183743662,      -7.450349251,      -10.17926001
          0,           0,        3821,      -9.723663069,      -7.691996643,               -32,      -8.184142316,      -7.449422786,      -10.17939732
          0,           0,        3822,      -9.736793425,      -7.692340755,               -32,      -8.184648614,      -7.449962904,      -10.17952753
          0,           0,        3823,      -9.735312086,      -7.692689884,               -32,      -8.185107925,      -7.449779047,      -10.17965008
          0,           0,        3824,      -9.713876641,      -7.693034095,               -32,       -8.18558396,      -7.449039184,      -10.17976456
          0,           0,        3825,      -9.687656009,      -7.693368942,               -32,      -8.186196791,      -7.449808557,      -10.17987323
          0,           0,        3826,      -9.690466979,      -7.693714735,               -32,       -8.18683846,      -7.454108217,      -10.17997614
          0,           0,        3827,      -9.705778569,      -7.694070019,               -32,      -8.187124726,      -7.455074775,      -10.18007108
          0,           0,        3828,      -9.716042592,      -7.694415963,               -32,      -8.187332378,      -7.452922241,      -10.18015808
          0,           0,        3829,      -9.731952191,      -7.694753393,               -32,      -8.187807594,      -7.452903218,      -10.18023803
          0,           0,        3830,      -9.740860979,      -7.695096932,               -32,       -8.18829602,      -7.453268207,      -10.18031073
          0,           0,        3831,      -9.732337035,      -7.695442868,               -32,      -8.188748782,      -7.452818085,      -10.18037582
          0,           0,        3832,      -9.705203082,      -7.695780428,               -32,      -8.189257784,      -7.452190905,      -10.18043434
          0,           0,        3833,      -9.687359759,      -7.696114562,               -32,      -8.189922212,       -7.45445399,      -10.18048897
          0,           0,        3834,      -9.698579863,      -7.696463998,               -32,      -8.190458618,      -7.458385611,      -10.18053933
          0,           0,        3835,      -9.711745208,      -7.696816273,               -32,      -8.190647078,      -7.457598133,       -10.1805845
          0,           0,        3836,      -9.724032514,      -7.697155729,               -32,      -8.190955791,      -7.455938855,      -10.18062552
          0,           0,        3837,      -9.739358083,      -7.697493246,               -32,      -8.191461778,        -7.4564204,       -10.1806632
          0,           0,        3838,      -9.742740581,      -7.697837411,               -32,        -8.1919307,      -7.456488529,      -10.18069748
          0,           0,        3839,      -9.726731468,       -7.69818021,               -32,      -8.192389448,      -7.455841346,      -10.18072843
          0,           0,        3840,       -9.69780451,       -7.69851294,               -32,       -8.19295003,       -7.45576677,      -10.18075815
          0,           0,        3841,      -9.691647495,      -7.698850945,               -32,       -8.19362593,      -7.459455794,      -10.18078857
          0,           0,        3842,      -9.706949122,      -7.699202734,               -32,      -8.194022559,      -7.461949386,      -10.18081872
          0,           0,        3843,      -9.717856521,      -7.699550291,               -32,      -8.194189278,      -7.460070229,      -10.18084849
          0,           0,        3844,      -9.732796699,      -7.699885855,               -32,      -8.194604546,      -7.459368828,      -10.18087909
          0,           0,        3845,      -9.745186173,      -7.700225076,               -32,      -8.195106786,      -7.459904629,      -10.18091084
          0,           0,        3846,      -9.742084135,      -7.700569116,               -32,      -8.195562001,      -7.459668047,      -10.18094357
          0,           0,        3847,      -9.719038278,      -7.700907692,               -32,      -8.196040849,      -7.458941921,      -10.18097768
          0,           0,        3848,      -9.694133633,       -7.70123843,               -32,      -8.196662554,       -7.45999475,      -10.18101566
          0,           0,        3849,      -9.699033469,      -7.701581952,               -32,      -8.197286042,      -7.464293463,      -10.18105804
          0,           0,        3850,      -9.714369569,      -7.701933817,               -32,      -8.197550963,      -7.464910843,      -10.18110356
          0,           0,        3851,      -9.725284938,      -7.702275616,               -32,      -8.197777048,      -7.462848997,      -10.18115257
          0,           0,        3852,      -9.741389404,      -7.702610374,               -32,      -8.198262125,      -7.462992991,      -10.18120584
          0,           0,        3853,      -9.749109422,      -7.702951634,               -32,      -8.198746254,      -7.463311573,      -10.18126312
          0,           0,        3854,       -9.73882899,      -7.703294567,               -32,      -8.199198154,      -7.462822085,      -10.18132397
          0,           0,        3855,      -9.710934306,      -7.703628768,               -32,      -8.199714729,      -7.462286935,      -10.18138924
          0,           0,        3856,      -9.695534288,      -7.703961809,               -32,      -8.200383587,      -7.464857119,      -10.18146091
          0,           0,        3857,      -9.708011069,      -7.704310302,               -32,      -8.200895853,      -7.468553483,      -10.18153817
          0,           0,        3858,      -9.720958633,      -7.704660282,               -32,      -8.201078559,      -7.467539578,      -10.18161983
          0,           0,        3859,      -9.734036932,      -7.704997536,               -32,      -8.201412208,      -7.466102767,      -10.18170641
          0,           0,        3860,      -9.748874373,      -7.705334288,               -32,      -8.201921134,       -7.46664547,      -10.18179794
          0,           0,        3861,        -9.7508002,      -7.705677518,               -32,      -8.202387166,      -7.466654472,      -10.18189374
          0,           0,        3862,      -9.733186622,      -7.706018639,               -32,      -8.202848477,      -7.465990051,      -10.18199328
          0,           0,        3863,       -9.70490228,      -7.706350331,               -32,      -8.203420148,      -7.466115369,      -10.18209793
          0,           0,        3864,      -9.701308774,      -7.706689462,               -32,      -8.204091282,        -7.4699764,      -10.18220857
          0,           0,        3865,      -9.716971233,      -7.707041453,               -32,      -8.204467117,      -7.472131296,      -10.18232355
          0,           0,        3866,      -9.727936352,      -7.707388253,               -32,      -8.204646487,      -7.470212491,      -10.18244215
          0,           0,        3867,      -9.743296047,      -7.707724173,               -32,      -8.205082874,      -7.469741356,      -10.18256475
          0,           0,        3868,      -9.754682935,      -7.708064739,               -32,      -8.205584894,      -7.470261235,      -10.18269083
          0,           0,        3869,      -9.750031917,      -7.708409714,               -32,       -8.20603995,      -7.469972456,      -10.18281949
          0,           0,        3870,      -9.725989205,      -7.708748817,               -32,      -8.206525424,      -7.469274413,      -10.18295053
          0,           0,        3871,      -9.703130057,      -7.709081874,               -32,      -8.207158244,      -7.470607109,       -10.1830856
          0,           0,        3872,      -9.709864127,      -7.709428657,               -32,      -8.207769281,      -7.474847513,      -10.18322439
          0,           0,        3873,      -9.724914922,      -7.709782642,               -32,      -8.208024746,      -7.475176829,      -10.18336513
          0,           0,        3874,      -9.736241045,      -7.710126296,               -32,      -8.208276851,      -7.473251076,      -10.18350769
          0,           0,        3875,      -9.752123707,      -7.710464515,               -32,      -8.208775054,      -7.473537288,      -10.18365214
          0,           0,        3876,      -9.758580736,      -7.710809616,               -32,      -8.209259216,      -7.473805201,      -10.18379771
          0,           0,        3877,      -9.746904965,      -7.711155929,               -32,       -8.20971424,      -7.473280922,      -10.18394354
          0,           0,        3878,      -9.719152255,      -7.711493783,               -32,      -8.210241372,      -7.472849633,      -10.18409017
          0,           0,        3879,       -9.70639173,      -7.711832622,               -32,        -8.2109167,      -7.475665193,        -10.184239
          0,           0,        3880,      -9.719671065,      -7.712186447,               -32,      -8.211416172,      -7.479131719,      -10.18438885
          0,           0,        3881,      -9.732187859,      -7.712540896,               -32,      -8.211605421,      -7.477977493,      -10.18453842
          0,           0,        3882,      -9.745631635,      -7.712883202,               -32,      -8.211967634,      -7.476764578,      -10.18468803
          0,           0,        3883,      -9.759691446,       -7.71322636,               -32,      -8.212483387,      -7.477348404,      -10.18483745
          0,           0,        3884,      -9.760326433,      -7.713575894,               -32,      -8.212951071,      -7.477301608,      -10.18498589
          0,           0,        3885,      -9.741810168,      -7.713922966,               -32,       -8.21341837,      -7.476626986,      -10.18513283
          0,           0,        3886,      -9.715013922,       -7.71426174,               -32,      -8.214002283,       -7.47693425,      -10.18527961
          0,           0,        3887,      -9.713609804,      -7.714609197,               -32,      -8.214673636,      -7.480883185,      -10.18542696
          0,           0,        3888,      -9.729194292,      -7.714968417,               -32,      -8.215043616,      -7.482785778,      -10.18557334
          0,           0,        3889,      -9.739983728,      -7.715322017,               -32,      -8.215243863,      -7.480893884,      -10.18571827
          0,           0,        3890,        -9.7552628,      -7.715665905,               -32,       -8.21570239,      -7.480615855,      -10.18586221
          0,           0,        3891,      -9.765589921,      -7.716015124,               -32,      -8.216208217,      -7.481112992,      -10.18600478
          0,           0,        3892,       -9.75984349,      -7.716368411,               -32,      -8.216666537,      -7.480778456,      -10.18614534
          0,           0,        3893,      -9.735790648,      -7.716715814,               -32,       -8.21715997,      -7.480110743,      -10.18628403
          0,           0,        3894,      -9.715297082,       -7.71705875,               -32,       -8.21780302,      -7.481646938,      -10.18642269
          0,           0,        3895,      -9.723204927,      -7.717415163,               -32,      -8.218411537,      -7.485801662,      -10.18656123
          0,           0,        3896,      -9.737670791,      -7.717777842,               -32,      -8.218671472,      -7.485969697,      -10.18669834
          0,           0,        3897,      -9.748992092,      -7.718130279,               -32,      -8.218950707,      -7.484191765,      -10.18683432
          0,           0,        3898,      -9.764277402,      -7.718478445,               -32,      -8.219462173,      -7.484578533,      -10.18696957
          0,           0,        3899,      -9.769678816,      -7.718833555,               -32,      -8.219948897,      -7.484799105,       -10.1871037
          0,           0,        3900,      -9.757372429,      -7.719189514,               -32,        -8.2204078,      -7.484243929,      -10.18723636
          0,           0,        3901,      -9.730756778,      -7.719537548,               -32,      -8.220943077,      -7.483892595,      -10.18736855
          0,           0,        3902,      -9.720254555,      -7.719887617,               -32,      -8.221624027,      -7.486833647,      -10.18750201
          0,           0,        3903,       -9.73369628,      -7.720251458,               -32,      -8.222124025,      -7.490145181,      -10.18763599
          0,           0,        3904,      -9.745576303,      -7.720615439,               -32,       -8.22232761,      -7.488959719,      -10.18776979
          0,           0,        3905,       -9.75882804,       -7.72096783,               -32,      -8.222713355,      -7.487923396,      -10.18790415
          0,           0,        3906,      -9.771990504,      -7.721321752,               -32,      -8.223235311,      -7.488525501,      -10.18803924
          0,           0,        3907,      -9.771812467,      -7.721681749,               -32,      -8.223704364,      -7.488429178,      -10.18817471
          0,           0,        3908,      -9.753422014,      -7.722039104,               -32,       -8.22417467,      -7.487741672,       -10.1883105
          0,           0,        3909,      -9.728681966,      -7.722389097,               -32,      -8.224764314,      -7.488154382,      -10.18844831
          0,           0,        3910,      -9.728648149,      -7.722747512,               -32,      -8.225438044,      -7.492099834,      -10.18858913
          0,           0,        3911,      -9.743699477,      -7.723116486,               -32,      -8.225814553,      -7.493897455,       -10.1887318
          0,           0,        3912,      -9.753999293,      -7.723479763,               -32,      -8.226034001,      -7.492080498,      -10.18887619
          0,           0,        3913,      -9.768700836,      -7.723833992,               -32,      -8.226506965,      -7.491926002,      -10.18902293
          0,           0,        3914,       -9.77813148,      -7.724193627,               -32,      -8.227014228,       -7.49239678,      -10.18917181
          0,           0,        3915,      -9.772040872,      -7.724556922,               -32,      -8.227471938,      -7.492019873,      -10.18932232
          0,           0,        3916,      -9.749085387,      -7.724914476,               -32,       -8.22796604,      -7.491362418,      -10.18947472
          0,           0,        3917,      -9.730797839,      -7.725268217,               -32,      -8.228610451,      -7.492967516,      -10.18963086
          0,           0,        3918,      -9.739002787,      -7.725633986,               -32,      -8.229222589,      -7.497044658,      -10.18979064
          0,           0,        3919,      -9.752638366,      -7.726005331,               -32,       -8.22949414,      -7.497208318,      -10.18995276
          0,           0,        3920,      -9.763446521,      -7.726366615,               -32,      -8.229789883,      -7.495550719,      -10.19011745
          0,           0,        3921,      -9.777873334,      -7.726723943,               -32,      -8.230306622,      -7.495986593,      -10.19028497
          0,           0,        3922,      -9.782642098,      -7.727087839,               -32,       -8.23079088,      -7.496165381,      -10.19045479
          0,           0,        3923,      -9.770693177,      -7.727452241,               -32,      -8.231246019,      -7.495576613,      -10.19062636
          0,           0,        3924,      -9.746056783,      -7.727809138,               -32,      -8.231777853,      -7.495246961,      -10.19080055
          0,           0,        3925,      -9.737035541,      -7.728167634,               -32,      -8.232456551,      -7.498164956,      -10.19097897
          0,           0,        3926,      -9.749954651,      -7.728538179,               -32,      -8.232964958,      -7.501436514,      -10.19116055
          0,           0,        3927,      -9.761014609,      -7.728908725,               -32,      -8.233181308,      -7.500330754,      -10.19134425
          0,           0,        3928,      -9.773504892,      -7.729267928,               -32,      -8.233575198,      -7.499391322,      -10.19153048
          0,           0,        3929,      -9.785799786,       -7.72962852,               -32,       -8.23409536,      -7.499991402,        -10.191719
          0,           0,        3930,      -9.785467084,      -7.729994741,               -32,      -8.234557894,      -7.499852114,      -10.19190898
          0,           0,        3931,      -9.768314623,      -7.730358304,               -32,      -8.235020185,      -7.499140461,      -10.19209992
          0,           0,        3932,      -9.745871884,      -7.730714958,               -32,      -8.235600951,       -7.49954526,      -10.19229315
          0,           0,        3933,       -9.74618844,      -7.731078484,               -32,      -8.236273154,      -7.503397877,      -10.19248923
          0,           0,        3934,      -9.760298756,      -7.731451559,               -32,      -8.236662686,      -7.505264316,      -10.19268643
          0,           0,        3935,      -9.769790573,      -7.731819342,               -32,      -8.236890299,      -7.503557664,      -10.19288413
          0,           0,        3936,      -9.783486118,      -7.732178254,               -32,      -8.237362484,      -7.503444303,      -10.19308253
          0,           0,        3937,        -9.7923144,      -7.732542305,               -32,      -8.237862827,      -7.503891808,      -10.19328093
          0,           0,        3938,       -9.78674587,      -7.732909913,               -32,      -8.238309897,      -7.503477008,      -10.19347842
          0,           0,        3939,      -9.765900599,      -7.733272321,               -32,      -8.238791153,      -7.502799681,      -10.19367489
          0,           0,        3940,       -9.74936732,      -7.733630903,               -32,      -8.239422223,       -7.50431462,      -10.19387182
          0,           0,        3941,      -9.756936971,      -7.733999653,               -32,      -8.240039278,      -7.508333641,      -10.19406884
          0,           0,        3942,      -9.769576088,      -7.734374085,               -32,      -8.240325148,      -7.508669587,       -10.1942643
          0,           0,        3943,      -9.779388335,      -7.734739253,               -32,      -8.240620082,      -7.507091725,      -10.19445816
          0,           0,        3944,      -9.792788758,      -7.735100488,               -32,      -8.241129967,      -7.507528366,      -10.19465038
          0,           0,        3945,      -9.797437731,      -7.735468249,               -32,      -8.241603407,      -7.507681227,      -10.19484021
          0,           0,        3946,      -9.786849844,      -7.735836964,               -32,       -8.24204397,       -7.50706235,      -10.19502692
          0,           0,        3947,      -9.764813378,       -7.73619911,               -32,      -8.242557792,      -7.506688687,      -10.19521108
          0,           0,        3948,      -9.756354757,      -7.736561924,               -32,      -8.243223257,      -7.509426283,      -10.19539406
          0,           0,        3949,      -9.768088622,       -7.73693555,               -32,      -8.243746031,      -7.512783803,      -10.19557485
          0,           0,        3950,      -9.778234708,      -7.737310202,               -32,      -8.243972184,      -7.511890841,       -10.1957524
          0,           0,        3951,      -9.789459932,      -7.737674251,               -32,      -8.244356205,      -7.510963116,      -10.19592704
          0,           0,        3952,      -9.800992694,      -7.738039546,               -32,      -8.244866343,       -7.51155452,      -10.19609859
          0,           0,        3953,      -9.801195688,      -7.738410738,               -32,      -8.245314824,      -7.511394041,      -10.19626637
          0,           0,        3954,      -9.786279667,       -7.73878016,               -32,      -8.245758683,      -7.510657627,      -10.19643003
          0,           0,        3955,      -9.766160293,      -7.739143299,               -32,      -8.246316486,      -7.510939939,      -10.19659083
          0,           0,        3956,      -9.765786911,      -7.739511472,               -32,      -8.246982657,      -7.514604534,      -10.19674965
          0,           0,        3957,      -9.778624091,      -7.739888942,               -32,      -8.247393749,      -7.516731991,      -10.19690524
          0,           0,        3958,      -9.787104138,      -7.740262521,               -32,      -8.247620067,       -7.51519186,      -10.19705722
          0,           0,        3959,      -9.799440752,       -7.74062735,               -32,      -8.248077089,      -7.515036966,      -10.19720603
          0,           0,        3960,      -9.807994792,      -7.740997069,               -32,      -8.248565156,       -7.51548329,      -10.19735137
          0,           0,        3961,      -9.803750964,      -7.741370831,               -32,      -8.248994742,      -7.515051499,      -10.19749269
          0,           0,        3962,      -9.785793498,      -7.741740413,               -32,      -8.249452852,      -7.514334026,      -10.19763011
          0,           0,        3963,       -9.77048929,      -7.742105713,               -32,      -8.250057988,      -7.515603148,      -10.19776525
          0,           0,        3964,      -9.776540066,       -7.74247909,               -32,      -8.250682057,      -7.519567701,      -10.19789833
          0,           0,        3965,       -9.78812736,      -7.742858792,               -32,      -8.250989454,      -7.520278337,      -10.19802815
          0,           0,        3966,       -9.79659766,      -7.743230445,               -32,      -8.251268646,      -7.518750419,      -10.19815488
          0,           0,        3967,      -9.808850334,      -7.743597539,               -32,      -8.251762113,      -7.519141243,       -10.1982788
          0,           0,        3968,      -9.813848279,      -7.743971005,               -32,      -8.252220336,      -7.519300302,      -10.19839951
          0,           0,        3969,      -9.805419108,      -7.744346098,               -32,      -8.252639183,      -7.518664674,      -10.19851659
          0,           0,        3970,      -9.786357695,        -7.7447154,               -32,      -8.253123797,      -7.518189395,      -10.19863068
          0,           0,        3971,      -9.777658622,      -7.745083614,               -32,      -8.253765654,      -7.520587511,      -10.19874333
          0,           0,        3972,      -9.787624581,      -7.745461131,               -32,      -8.254309128,      -7.524126361,      -10.19885408
          0,           0,        3973,        -9.7969058,      -7.745840977,               -32,      -8.254546465,      -7.523604478,      -10.19896203
          0,           0,        3974,      -9.806491584,      -7.746210726,               -32,      -8.254903574,      -7.522603056,      -10.19906763
          0,           0,        3975,      -9.817340226,      -7.746580699,               -32,      -8.255397418,      -7.523180516,      -10.19917089
          0,           0,        3976,      -9.818595494,       -7.74695667,               -32,      -8.255826764,      -7.523027828,      -10.19927135
          0,           0,        3977,      -9.806568133,      -7.747331721,               -32,      -8.256243749,       -7.52226715,      -10.19936873
          0,           0,        3978,      -9.788747021,      -7.747700563,               -32,      -8.256765948,      -7.522329858,      -10.19946415
          0,           0,        3979,      -9.786887299,      -7.748071843,               -32,      -8.257418281,        -7.5256852,      -10.19955871
          0,           0,        3980,      -9.798179198,      -7.748451944,               -32,      -8.257858375,      -7.528225613,      -10.19965148
          0,           0,        3981,      -9.805642523,      -7.748829777,               -32,      -8.258076902,      -7.526935414,      -10.19974198
          0,           0,        3982,      -9.816336076,      -7.749198374,               -32,      -8.258503334,      -7.526649908,      -10.19983067
          0,           0,        3983,      -9.824802219,      -7.749570937,               -32,      -8.258974025,      -7.527116875,      -10.19991733
          0,           0,        3984,      -9.822353106,      -7.749947955,               -32,      -8.259379639,      -7.526688403,      -10.20000144
          0,           0,        3985,      -9.807695277,      -7.750321688,               -32,      -8.259804636,      -7.525914868,      -10.20008299
          0,           0,        3986,      -9.793370737,      -7.750690149,               -32,      -8.260370166,      -7.526817557,       -10.2001634
          0,           0,        3987,       -9.79726733,      -7.751064083,               -32,      -8.260996099,      -7.530662505,      -10.20024312
          0,           0,        3988,      -9.807766663,      -7.751444931,               -32,      -8.261331051,      -7.531918659,      -10.20032105
          0,           0,        3989,      -9.814796264,      -7.751819174,               -32,      -8.261581745,      -7.530450085,      -10.20039714
          0,           0,        3990,      -9.825737931,      -7.752187538,               -32,      -8.262046909,      -7.530738569,      -10.20047168
          0,           0,        3991,      -9.831282589,      -7.752561778,               -32,      -8.262484745,        -7.5309346,      -10.20054427
          0,           0,        3992,      -9.825350828,      -7.752938354,               -32,      -8.262874161,      -7.530292983,      -10.20061445
          0,           0,        3993,      -9.809457064,      -7.753309789,               -32,      -8.263318593,      -7.529685613,      -10.20068257
          0,           0,        3994,      -9.800230093,      -7.753678072,               -32,      -8.263922842,      -7.531617929,      -10.20075011
          0,           0,        3995,      -9.807994756,      -7.754053806,               -32,      -8.264484492,      -7.535328231,      -10.20081686
          0,           0,        3996,       -9.81651797,      -7.754433318,               -32,      -8.264735988,      -7.535335315,      -10.20088184
          0,           0,        3997,      -9.824307723,      -7.754803405,               -32,      -8.265050667,      -7.534218019,      -10.20094536
          0,           0,        3998,      -9.834386206,      -7.755172095,               -32,       -8.26551993,      -7.534764597,      -10.20100745
          0,           0,        3999,       -9.83682201,      -7.755546801,               -32,      -8.265924627,      -7.534647099,      -10.20106766
          0,           0,        4000,       -9.82784634,      -7.755921512,               -32,      -8.266306596,      -7.533865296,      -10.20112566
          0,           0,        4001,      -9.812432599,      -7.756290058,               -32,      -8.266781873,      -7.533670719,      -10.20118227
          0,           0,        4002,      -9.808843935,      -7.756658309,               -32,      -8.267406599,      -7.536589915,      -10.20123872
          0,           0,        4003,      -9.818334928,      -7.757034667,               -32,      -8.267875753,       -7.53958111,      -10.20129433
          0,           0,        4004,      -9.824957295,      -7.757410699,               -32,       -8.26808577,      -7.538664043,      -10.20134852
          0,           0,        4005,      -9.833829897,      -7.757777044,               -32,      -8.268466827,      -7.538184331,      -10.20140173
          0,           0,        4006,      -9.842132218,      -7.758146006,               -32,      -8.268914541,      -7.538682792,      -10.20145382
          0,           0,        4007,      -9.841482309,      -7.758519886,               -32,      -8.269290707,      -7.538276961,      -10.20150437
          0,           0,        4008,      -9.830144925,      -7.758891456,               -32,      -8.269674851,      -7.537447946,      -10.20155331
          0,           0,        4009,      -9.816969175,      -7.759256899,               -32,      -8.270189272,      -7.537942844,      -10.20160189
          0,           0,        4010,      -9.818507631,      -7.759625085,               -32,      -8.270804258,      -7.541539242,      -10.20165093
          0,           0,        4011,      -9.827808742,      -7.760000636,               -32,      -8.271169439,      -7.543419921,      -10.20169953
          0,           0,        4012,      -9.833574756,       -7.76037146,               -32,      -8.271387307,      -7.542088717,      -10.20174761
          0,           0,        4013,      -9.843016967,      -7.760734975,               -32,      -8.271812527,      -7.542217591,      -10.20179559
          0,           0,        4014,      -9.848984672,      -7.761103628,               -32,      -8.272226074,      -7.542473383,      -10.20184327
          0,           0,        4015,      -9.845409015,        -7.7614754,               -32,      -8.272581082,      -7.541836887,      -10.20189033
          0,           0,        4016,      -9.832674077,      -7.761842801,               -32,      -8.272978532,      -7.541102923,      -10.20193708
          0,           0,        4017,      -9.823181881,       -7.76220526,               -32,      -8.273532937,      -7.542514272,      -10.20198505
          0,           0,        4018,      -9.828558015,        -7.7625731,               -32,       -8.27410234,      -7.546275968,      -10.20203452
          0,           0,        4019,      -9.836372543,      -7.762946144,               -32,       -8.27437315,      -7.546923675,      -10.20208472
          0,           0,        4020,      -9.842477061,       -7.76331093,               -32,      -8.274638042,      -7.545718723,      -10.20213597
          0,           0,        4021,      -9.851579131,      -7.763672467,               -32,      -8.275075191,       -7.54620102,      -10.20218859
          0,           0,        4022,      -9.854977818,      -7.764039935,               -32,      -8.275452546,      -7.546141749,      -10.20224236
          0,           0,        4023,      -9.848781845,      -7.764408393,               -32,      -8.275795444,      -7.545345622,      -10.20229711
          0,           0,        4024,      -9.835880276,      -7.764770956,               -32,      -8.276218099,      -7.544911705,       -10.2023536
          0,           0,        4025,      -9.830855727,      -7.765130791,               -32,      -8.276801815,      -7.547307364,      -10.20241333
          0,           0,        4026,      -9.838371171,      -7.765497718,               -32,      -8.277293549,      -7.550660446,       -10.2024761
          0,           0,        4027,      -9.844375775,      -7.765866393,               -32,       -8.27750159,      -7.550244034,      -10.20254142
          0,           0,        4028,      -9.851433061,      -7.766225391,               -32,      -8.277828572,       -7.54955336,      -10.20260983
          0,           0,        4029,      -9.859328284,      -7.766585391,               -32,      -8.278249691,      -7.550076834,      -10.20268147
          0,           0,        4030,      -9.860139239,      -7.766950737,               -32,      -8.278594998,      -7.549712473,      -10.20275609
          0,           0,        4031,      -9.851790633,      -7.767314825,               -32,      -8.278935805,      -7.548839361,       -10.2028337
          0,           0,        4032,      -9.840080067,      -7.767672332,               -32,      -8.279393993,      -7.548955655,      -10.20291543
          0,           0,        4033,      -9.839495198,      -7.768030022,               -32,      -8.279983965,      -7.552171756,      -10.20300242
          0,           0,        4034,       -9.84745223,      -7.768395226,               -32,      -8.280378272,      -7.554639373,       -10.2030941
          0,           0,        4035,      -9.852291246,      -7.768757922,               -32,      -8.280569378,      -7.553567609,      -10.20319029
          0,           0,        4036,      -9.860134416,      -7.769112205,               -32,      -8.280947146,      -7.553495105,      -10.20329149
          0,           0,        4037,      -9.866224969,      -7.769470669,               -32,      -8.281336021,      -7.553823286,      -10.20339758
          0,           0,        4038,      -9.864551144,      -7.769833038,               -32,      -8.281656744,      -7.553206079,       -10.2035083
          0,           0,        4039,       -9.85470532,      -7.770191966,               -32,      -8.282006741,      -7.552371617,      -10.20362378
          0,           0,        4040,      -9.845452323,      -7.770544716,               -32,      -8.282505694,      -7.553282668,      -10.20374534
          0,           0,        4041,       -9.84855778,      -7.770900735,               -32,      -8.283070032,      -7.556930549,      -10.20387352
          0,           0,        4042,      -9.855621146,      -7.771263178,               -32,      -8.283365461,      -7.558244859,      -10.20400748
          0,           0,        4043,       -9.86036787,      -7.771619099,               -32,      -8.283584316,      -7.557043411,      -10.20414731
          0,           0,        4044,      -9.868312605,      -7.771970055,               -32,      -8.283985304,      -7.557421756,      -10.20429323
          0,           0,        4045,      -9.872298084,      -7.772326734,               -32,      -8.284337441,      -7.557441031,      -10.20444489
          0,           0,        4046,      -9.868343724,      -7.772685425,               -32,      -8.284643201,      -7.556642278,      -10.20460192
          0,           0,        4047,      -9.857869796,      -7.773038814,               -32,      -8.285014787,      -7.556017041,      -10.20476462
          0,           0,        4048,      -9.851982588,      -7.773387624,               -32,      -8.285550507,      -7.557871591,      -10.20493423
          0,           0,        4049,       -9.85752468,      -7.773742314,               -32,      -8.286055754,      -7.561422225,      -10.20511059
          0,           0,        4050,      -9.863061072,      -7.774100782,               -32,      -8.286272868,      -7.561590392,      -10.20529284
          0,           0,        4051,      -9.868518714,      -7.774450291,               -32,      -8.286546841,      -7.560728848,      -10.20548114
          0,           0,        4052,      -9.875765062,      -7.774799169,               -32,      -8.286941771,       -7.56125784,      -10.20567534
          0,           0,        4053,      -9.877570855,      -7.775153793,               -32,      -8.287260533,      -7.560955933,       -10.2058749
          0,           0,        4054,      -9.871652917,      -7.775508305,               -32,        -8.2875621,       -7.56005581,       -10.2060794
          0,           0,        4055,       -9.86158449,      -7.775856304,               -32,      -8.287967074,      -7.559862771,      -10.20628936
          0,           0,        4056,      -9.859390713,       -7.77620239,               -32,       -8.28852351,      -7.562621109,      -10.20650567
          0,           0,        4057,      -9.865928228,      -7.776555867,               -32,      -8.288943752,      -7.565548668,      -10.20672761
          0,           0,        4058,      -9.870176354,      -7.776909253,               -32,      -8.289122259,      -7.564855033,      -10.20695445
          0,           0,        4059,      -9.876492524,      -7.777253798,               -32,      -8.289452609,      -7.564573418,      -10.20718631
          0,           0,        4060,      -9.882410788,      -7.777601483,               -32,      -8.289821239,      -7.564977421,      -10.20742275
          0,           0,        4061,      -9.882090518,      -7.777953887,               -32,      -8.290114085,      -7.564399358,       -10.2076631
          0,           0,        4062,       -9.87465364,       -7.77830398,               -32,      -8.290422995,      -7.563497417,        -10.207907
          0,           0,        4063,      -9.866060232,      -7.778647338,               -32,      -8.290869637,       -7.56398113,      -10.20815522
          0,           0,        4064,      -9.867259397,      -7.778992082,               -32,      -8.291419863,       -7.56737758,      -10.20840818
          0,           0,        4065,      -9.873502345,      -7.779344199,               -32,      -8.291744135,      -7.569297498,      -10.20866481
          0,           0,        4066,      -9.877302039,      -7.779692008,               -32,      -8.291930596,      -7.568218639,       -10.2089247
          0,           0,        4067,      -9.884042259,      -7.780033625,               -32,      -8.292296755,       -7.56846265,      -10.20918782
          0,           0,        4068,      -9.888265654,      -7.780380683,               -32,      -8.292630967,      -7.568578817,      -10.20945355
          0,           0,        4069,      -9.885951102,      -7.780730819,               -32,      -8.292907676,      -7.567795948,      -10.20972122
          0,           0,        4070,      -9.877600493,      -7.781076594,               -32,      -8.293236364,      -7.567034903,      -10.20999074
          0,           0,        4071,      -9.871401824,      -7.781416648,               -32,      -8.293725519,      -7.568393236,      -10.21026302
          0,           0,        4072,      -9.875162245,      -7.781761335,               -32,      -8.294236771,      -7.571972545,      -10.21053798
          0,           0,        4073,        -9.8802865,      -7.782111632,               -32,      -8.294474477,      -7.572740167,      -10.21081454
          0,           0,        4074,      -9.884495647,      -7.782454395,               -32,      -8.294705574,      -7.571789395,       -10.2110926
          0,           0,        4075,      -9.890967656,       -7.78279511,               -32,      -8.295078414,      -7.572298646,      -10.21137198
          0,           0,        4076,      -9.893358352,      -7.783141934,               -32,       -8.29537958,      -7.572082481,      -10.21165201
          0,           0,        4077,      -9.889258936,      -7.783489858,               -32,      -8.295651077,      -7.571175784,      -10.21193217
          0,           0,        4078,      -9.880766168,      -7.783831822,               -32,      -8.296011769,      -7.570751285,       -10.2122127
          0,           0,        4079,      -9.877513634,      -7.784170356,               -32,      -8.296533164,      -7.573040738,      -10.21249455
          0,           0,        4080,      -9.882683657,      -7.784515924,               -32,      -8.296975279,       -7.57626851,      -10.21277718
          0,           0,        4081,      -9.886578153,      -7.784863772,               -32,      -8.297157214,      -7.576028232,       -10.2130598
          0,           0,        4082,      -9.891588874,      -7.785203089,               -32,      -8.297446304,      -7.575563628,      -10.21334251
          0,           0,        4083,      -9.897156321,      -7.785544502,               -32,      -8.297801411,      -7.576036681,      -10.21362499
          0,           0,        4084,      -9.897718174,      -7.785891417,               -32,      -8.298076083,      -7.575520639,      -10.21390666
          0,           0,        4085,      -9.892131334,      -7.786237263,               -32,      -8.298353695,      -7.574581041,      -10.21418716
          0,           0,        4086,      -9.884372103,      -7.786576392,               -32,      -8.298756031,       -7.57472564,      -10.21446719
          0,           0,        4087,      -9.884112419,       -7.78691535,               -32,      -8.299287488,      -7.577792774,      -10.21474746
          0,           0,        4088,      -9.889514315,      -7.787262263,               -32,      -8.299641374,      -7.580202001,      -10.21502719
          0,           0,        4089,      -9.892728356,      -7.787607263,               -32,      -8.299811661,      -7.579348134,      -10.21530597
          0,           0,        4090,      -9.898359102,      -7.787945403,               -32,      -8.300146745,        -7.5794413,      -10.21558397
          0,           0,        4091,      -9.902597298,      -7.788288577,               -32,      -8.300471158,      -7.579664157,      -10.21586078
          0,           0,        4092,      -9.901404794,      -7.788635852,               -32,      -8.300728362,       -7.57891677,      -10.21613591
          0,           0,        4093,      -9.894743789,      -7.788979872,               -32,      -8.301023827,      -7.578065439,      -10.21640931
          0,           0,        4094,      -9.888579499,      -7.789317612,               -32,      -8.301471553,      -7.579000938,      -10.21668198
          0,           0,        4095,      -9.890853397,      -7.789658754,               -32,      -8.301982136,      -7.582478191,      -10.21695427
          0,           0,        4096,      -9.895577423,      -7.790006935,               -32,      -8.302246524,      -7.583794243,      -10.21722532
          0,           0,        4097,      -9.898906382,      -7.790349402,               -32,      -8.302447016,      -7.582841837,      -10.21749513
          0,           0,        4098,      -9.904611214,      -7.790688665,               -32,      -8.302800954,      -7.583301091,      -10.21776376
          0,           0,        4099,      -9.907315386,      -7.791034234,               -32,      -8.303092603,      -7.583187419,      -10.21803079
          0,           0,        4100,      -9.904495702,      -7.791382039,               -32,      -8.303342667,      -7.582290565,      -10.21829582
          0,           0,        4101,       -9.89732338,      -7.791724685,               -32,       -8.30366774,      -7.581697717,      -10.21855917
          0,           0,        4102,      -9.893424278,      -7.792062856,               -32,       -8.30415487,      -7.583550176,      -10.21882194
          0,           0,        4103,      -9.897378004,       -7.79240746,               -32,      -8.304611832,      -7.586927531,      -10.21908403
          0,           0,        4104,      -9.901050394,      -7.792756359,               -32,      -8.304807189,      -7.587153425,      -10.21934473
          0,           0,        4105,      -9.905042766,      -7.793097541,               -32,      -8.305061449,      -7.586547307,       -10.2196043
          0,           0,        4106,      -9.910210882,      -7.793439752,               -32,      -8.305406516,       -7.58706749,      -10.21986262
          0,           0,        4107,      -9.911328461,      -7.793788073,               -32,      -8.305670032,      -7.586629504,      -10.22011928
          0,           0,        4108,      -9.907069216,      -7.794136474,               -32,      -8.305923715,       -7.58567086,      -10.22037404
          0,           0,        4109,        -9.9000883,       -7.79447849,               -32,       -8.30628842,       -7.58555304,      -10.22062755
          0,           0,        4110,      -9.898757248,      -7.794819048,               -32,      -8.306797024,      -7.588265783,       -10.2208808
          0,           0,        4111,      -9.903365965,      -7.795167724,               -32,      -8.307174777,      -7.591026772,      -10.22113328
          0,           0,        4112,      -9.906248463,      -7.795516674,               -32,      -8.307339665,      -7.590452996,      -10.22138459
          0,           0,        4113,      -9.910953274,      -7.795858526,               -32,      -8.307645181,      -7.590389111,      -10.22163502
          0,           0,        4114,      -9.915114317,      -7.796204806,               -32,      -8.307963215,      -7.590711115,      -10.22188433
          0,           0,        4115,       -9.91466623,      -7.796556008,               -32,      -8.308206503,      -7.590011658,      -10.22213212
          0,           0,        4116,      -9.909238629,      -7.796904999,               -32,      -8.308474747,      -7.589098398,      -10.22237833
          0,           0,        4117,       -9.90322711,      -7.797247476,               -32,       -8.30888464,      -7.589687434,      -10.22262393
          0,           0,        4118,      -9.904316606,      -7.797592171,               -32,       -8.30938621,      -7.592982028,      -10.22286953
          0,           0,        4119,      -9.908655087,      -7.797944805,               -32,      -8.309674242,      -7.594747638,       -10.2231144
          0,           0,        4120,      -9.911411618,      -7.798293548,               -32,      -8.309852284,      -7.593858616,      -10.22335849
          0,           0,        4121,      -9.916450528,      -7.798638161,               -32,      -8.310186048,      -7.594235884,      -10.22360197
          0,           0,        4122,      -9.919331442,      -7.798989011,               -32,      -8.310470739,      -7.594226381,      -10.22384449
          0,           0,        4123,      -9.917376095,      -7.799342997,               -32,      -8.310703374,      -7.593347928,      -10.22408571
          0,           0,        4124,      -9.911180294,      -7.799692604,               -32,       -8.31099738,      -7.592630626,      -10.22432582
          0,           0,        4125,       -9.90686359,      -7.800036984,               -32,      -8.311449796,      -7.594102743,      -10.22456594
          0,           0,        4126,      -9.909798547,      -7.800387034,               -32,      -8.311910541,      -7.597511878,      -10.22480618
          0,           0,        4127,      -9.913312791,      -7.800742843,               -32,       -8.31211942,      -7.598155692,      -10.22504584
          0,           0,        4128,      -9.916570281,      -7.801091924,               -32,      -8.312342188,       -7.59745102,      -10.22528511
          0,           0,        4129,      -9.921385835,      -7.801440968,               -32,      -8.312674823,      -7.597984321,      -10.22552397
          0,           0,        4130,      -9.922869701,      -7.801796445,               -32,      -8.312928503,      -7.597628117,      -10.22576203
          0,           0,        4131,      -9.919505557,      -7.802152896,               -32,      -8.313160738,      -7.596658881,        -10.225999
          0,           0,        4132,      -9.913100684,      -7.802503326,               -32,       -8.31349086,       -7.59634068,      -10.22623542
          0,           0,        4133,      -9.910970211,      -7.802851234,               -32,      -8.313971646,      -7.598719841,      -10.22647231
          0,           0,        4134,      -9.914890034,      -7.803207098,               -32,      -8.314361121,      -7.601700932,      -10.22670933
          0,           0,        4135,      -9.917594166,      -7.803564928,               -32,      -8.314522765,      -7.601404391,      -10.22694598
          0,           0,        4136,      -9.921593979,      -7.803915673,               -32,      -8.314797189,      -7.601190295,      -10.22718255
          0,           0,        4137,      -9.925682372,      -7.804270079,               -32,      -8.315105965,      -7.601586514,      -10.22741882
          0,           0,        4138,      -9.925732399,      -7.804629928,               -32,      -8.315335386,      -7.600937432,      -10.22765439
          0,           0,        4139,      -9.921119855,      -7.804988356,               -32,      -8.315577853,      -7.599978244,      -10.22788914
          0,           0,        4140,      -9.915205603,      -7.805340131,               -32,      -8.315951093,      -7.600296979,      -10.22812388
          0,           0,        4141,      -9.915370747,      -7.805693065,               -32,      -8.316434206,      -7.603384791,      -10.22835935
          0,           0,        4142,       -9.91936717,      -7.806054379,               -32,      -8.316734468,      -7.605475211,      -10.22859487
          0,           0,        4143,      -9.921774248,       -7.80641328,               -32,      -8.316892216,      -7.604675447,      -10.22883029
          0,           0,        4144,      -9.926305669,      -7.806767339,               -32,      -8.317200882,      -7.604948913,       -10.2290658
          0,           0,        4145,      -9.929324146,      -7.807127315,               -32,      -8.317475222,      -7.605027061,      -10.22930106
          0,           0,        4146,      -9.927933104,      -7.807491007,               -32,      -8.317689373,      -7.604167368,      -10.22953569
          0,           0,        4147,      -9.922345148,      -7.807850875,               -32,      -8.317953167,      -7.603356777,      -10.22976979
          0,           0,        4148,      -9.917678924,      -7.808204914,               -32,      -8.318369534,      -7.604526825,      -10.23000439
          0,           0,        4149,      -9.919808064,      -7.808563876,               -32,      -8.318820841,      -7.607898864,      -10.23023975
          0,           0,        4150,      -9.923201213,      -7.808929494,               -32,      -8.319034111,       -7.60885986,      -10.23047512
          0,           0,        4151,      -9.925968546,      -7.809289233,               -32,      -8.319225518,      -7.608088268,      -10.23071064
          0,           0,        4152,      -9.930540963,      -7.809647978,               -32,      -8.319538988,      -7.608599457,      -10.23094631
          0,           0,        4153,      -9.932299315,      -7.810013196,               -32,      -8.319778712,      -7.608312034,      -10.23118173
          0,           0,        4154,      -9.929484515,      -7.810379933,               -32,      -8.319987836,      -7.607332619,      -10.23141658
          0,           0,        4155,       -9.92336781,      -7.810740845,               -32,      -8.320283873,      -7.606866655,      -10.23165126
          0,           0,        4156,      -9.920594229,      -7.811098373,               -32,       -8.32073227,      -7.608976907,      -10.23188682
          0,           0,        4157,      -9.923975079,      -7.811463594,               -32,      -8.321117585,      -7.612070747,        -10.232123
          0,           0,        4158,      -9.926580385,      -7.811831857,               -32,      -8.321269783,      -7.611985121,      -10.23235924
          0,           0,        4159,      -9.930103798,      -7.812193097,               -32,      -8.321510255,      -7.611638825,       -10.2325958
          0,           0,        4160,      -9.934186398,      -7.812557226,               -32,      -8.321802239,      -7.612071133,      -10.23283249
          0,           0,        4161,      -9.934580029,      -7.812927019,               -32,      -8.322013225,      -7.611460078,       -10.2330689
          0,           0,        4162,      -9.930406088,      -7.813295812,               -32,      -8.322228212,      -7.610461563,      -10.23330484
          0,           0,        4163,      -9.924406967,      -7.813657739,               -32,      -8.322565051,      -7.610587385,      -10.23354103
          0,           0,        4164,       -9.92385636,       -7.81402001,               -32,      -8.323021299,       -7.61350172,      -10.23377828
          0,           0,        4165,        -9.9275944,      -7.814390857,               -32,      -8.323316778,      -7.615781053,      -10.23401595
          0,           0,        4166,      -9.929793559,      -7.814760193,               -32,      -8.323450804,      -7.615042842,      -10.23425381
          0,           0,        4167,      -9.934012822,       -7.81512417,               -32,      -8.323728622,      -7.615208077,      -10.23449207
          0,           0,        4168,      -9.937189367,      -7.815493648,               -32,      -8.323984856,      -7.615337187,       -10.2347304
          0,           0,        4169,      -9.936138727,       -7.81586709,               -32,       -8.32417613,      -7.614484773,       -10.2349684
          0,           0,        4170,      -9.930775612,      -7.816236915,               -32,      -8.324408729,      -7.613602649,       -10.2352061
          0,           0,        4171,      -9.925698377,      -7.816600369,               -32,      -8.324788704,      -7.614568665,      -10.23544449
          0,           0,        4172,      -9.927244371,      -7.816968274,               -32,      -8.325217989,      -7.617887686,       -10.2356839
          0,           0,        4173,      -9.930552888,      -7.817343296,               -32,       -8.32541994,      -7.619020189,      -10.23592358
          0,           0,        4174,      -9.933026214,      -7.817712891,               -32,      -8.325578337,      -7.618187868,      -10.23616361
          0,           0,        4175,      -9.937511681,      -7.818080799,               -32,      -8.325864869,      -7.618650363,      -10.23640402
          0,           0,        4176,      -9.939508134,      -7.818455053,               -32,      -8.326083322,      -7.618398005,      -10.23664442
          0,           0,        4177,      -9.936945653,      -7.818831007,               -32,      -8.326265789,      -7.617400255,      -10.23688447
          0,           0,        4178,      -9.930760327,      -7.819201043,               -32,      -8.326528296,      -7.616834022,      -10.23712451
          0,           0,        4179,      -9.927407828,      -7.819567086,               -32,        -8.3269425,      -7.618780302,      -10.23736556
          0,           0,        4180,      -9.930445926,      -7.819940783,               -32,      -8.327307387,      -7.621908741,      -10.23760744
          0,           0,        4181,      -9.932984476,      -7.820317979,               -32,      -8.327438488,      -7.621906183,      -10.23784955
          0,           0,        4182,       -9.93626052,      -7.820688112,               -32,      -8.327643641,      -7.621451469,      -10.23809214
          0,           0,        4183,      -9.940448744,      -7.821060599,               -32,      -8.327910318,      -7.621876938,      -10.23833504
          0,           0,        4184,      -9.941077604,      -7.821438746,               -32,      -8.328096812,       -7.62127525,      -10.23857783
          0,           0,        4185,      -9.936973793,      -7.821815929,               -32,      -8.328282668,      -7.620238449,      -10.23882029
          0,           0,        4186,      -9.930604396,      -7.822185873,               -32,      -8.328585599,      -7.620254795,      -10.23906313
          0,           0,        4187,      -9.929518983,      -7.822555818,               -32,      -8.329010469,      -7.623081917,      -10.23930714
          0,           0,        4188,      -9.933128965,      -7.822934568,               -32,      -8.329282934,      -7.625409228,      -10.23955173
          0,           0,        4189,      -9.935200542,      -7.823312026,               -32,       -8.32938764,      -7.624652616,      -10.23979662
          0,           0,        4190,      -9.939341053,      -7.823683821,               -32,      -8.329632268,      -7.624727717,      -10.24004203
          0,           0,        4191,      -9.942732356,      -7.824060842,               -32,      -8.329862625,      -7.624857827,      -10.24028765
          0,           0,        4192,      -9.941824401,      -7.824441803,               -32,      -8.330027141,      -7.623991984,      -10.24053307
          0,           0,        4193,      -9.936261778,      -7.824818955,               -32,      -8.330229874,      -7.623059056,       -10.2407783
          0,           0,        4194,      -9.930617156,       -7.82518928,               -32,      -8.330577613,      -7.623943767,      -10.24102431
          0,           0,        4195,      -9.931838519,      -7.825564184,               -32,      -8.330976463,      -7.627240579,      -10.24127144
          0,           0,        4196,      -9.935110521,      -7.825946394,               -32,      -8.331150211,      -7.628363784,      -10.24151895
          0,           0,        4197,      -9.937457671,      -7.826323086,               -32,        -8.3312762,       -7.62745556,      -10.24176689
          0,           0,        4198,      -9.942063171,      -7.826697839,               -32,      -8.331532084,      -7.627862583,      -10.24201532
          0,           0,        4199,      -9.944284536,      -7.827078812,               -32,      -8.331723604,      -7.627599098,      -10.24226384
          0,           0,        4200,      -9.941670508,      -7.827461335,               -32,      -8.331878732,      -7.626573138,       -10.2425121
          0,           0,        4201,      -9.934977597,      -7.827837516,               -32,      -8.332112714,      -7.625961443,      -10.24276043
          0,           0,        4202,      -9.931072287,      -7.828209515,               -32,      -8.332497118,      -7.627890991,      -10.24300988
          0,           0,        4203,      -9.934029506,      -7.828589657,               -32,      -8.332828956,      -7.630996004,      -10.24326023
          0,           0,        4204,      -9.936506872,      -7.828973157,               -32,      -8.332927908,      -7.630905139,      -10.24351088
          0,           0,        4205,      -9.939789828,      -7.829349381,               -32,       -8.33310221,      -7.630377839,      -10.24376207
          0,           0,        4206,      -9.944236896,      -7.829727899,               -32,       -8.33333943,      -7.630761489,      -10.24401366
          0,           0,        4207,      -9.944994025,      -7.830111944,               -32,      -8.333498871,      -7.630134341,      -10.24426522
          0,           0,        4208,      -9.940541211,      -7.830494664,               -32,      -8.333658809,       -7.62906511,      -10.24451654
          0,           0,        4209,      -9.933428616,       -7.83086962,               -32,      -8.333936702,       -7.62907636,      -10.24476832
          0,           0,        4210,      -9.932030925,      -7.831245001,               -32,      -8.334332199,       -7.63194652,      -10.24502135
          0,           0,        4211,      -9.935691627,      -7.831629611,               -32,       -8.33456662,      -7.634168417,      -10.24527501
          0,           0,        4212,      -9.937693265,      -7.832012387,               -32,      -8.334640186,      -7.633288113,      -10.24552902
          0,           0,        4213,      -9.942048837,       -7.83238948,               -32,      -8.334856494,      -7.633317724,      -10.24578361
          0,           0,        4214,      -9.945730926,      -7.832771841,               -32,      -8.335058091,      -7.633399412,      -10.24603846
          0,           0,        4215,      -9.944733855,      -7.833157873,               -32,       -8.33519714,      -7.632500481,      -10.24629317
          0,           0,        4216,      -9.938455034,      -7.833539481,               -32,      -8.335377631,      -7.631548862,      -10.24654777
          0,           0,        4217,      -9.932054279,      -7.833914017,               -32,      -8.335704559,      -7.632510641,      -10.24680325
          0,           0,        4218,      -9.933305965,      -7.834294155,               -32,       -8.33606992,      -7.635836707,      -10.24705989
          0,           0,        4219,      -9.936593368,      -7.834681479,               -32,      -8.336202455,      -7.636741202,      -10.24731693
          0,           0,        4220,      -9.939010032,       -7.83506261,               -32,      -8.336303259,      -7.635747726,      -10.24757443
          0,           0,        4221,      -9.944000959,      -7.835442127,               -32,      -8.336531656,      -7.636112535,      -10.24783247
          0,           0,        4222,      -9.946420021,      -7.835827816,               -32,      -8.336696149,      -7.635792455,      -10.24809063
          0,           0,        4223,      -9.943369715,      -7.836214554,               -32,      -8.336829415,      -7.634735223,      -10.24834858
          0,           0,        4224,      -9.935630751,      -7.836594171,               -32,      -8.337047049,      -7.634154189,      -10.24860659
          0,           0,        4225,      -9.931271766,      -7.836970115,               -32,      -8.337412474,      -7.636251477,      -10.24886578
          0,           0,        4226,      -9.934495586,      -7.837355314,               -32,      -8.337702604,      -7.639257231,      -10.24912586
          0,           0,        4227,      -9.936905918,      -7.837742974,               -32,      -8.337764155,       -7.63889279,      -10.24938626
          0,           0,        4228,      -9.940527728,      -7.838123041,               -32,      -8.337919401,       -7.63835305,      -10.24964723
          0,           0,        4229,      -9.945413023,       -7.83850589,               -32,      -8.338129142,       -7.63866936,      -10.24990861
          0,           0,        4230,      -9.946131837,      -7.838893986,               -32,      -8.338264994,      -7.637986776,      -10.25016997
          0,           0,        4231,      -9.940786327,      -7.839279937,               -32,      -8.338408737,      -7.636902558,      -10.25043113
          0,           0,        4232,      -9.932525882,      -7.839657524,               -32,      -8.338677224,      -7.637046916,      -10.25069287
          0,           0,        4233,      -9.931202409,      -7.840037013,               -32,      -8.339049258,      -7.640100694,       -10.2509559
          0,           0,        4234,      -9.935111688,      -7.840426148,               -32,      -8.339234457,      -7.642024578,       -10.2512195
          0,           0,        4235,      -9.937144006,      -7.840812048,               -32,      -8.339282784,       -7.64093689,      -10.25148347
          0,           0,        4236,      -9.942088258,      -7.841192661,               -32,      -8.339481477,       -7.64098322,      -10.25174802
          0,           0,        4237,      -9.946114071,      -7.841578842,               -32,      -8.339657186,      -7.640974375,      -10.25201282
          0,           0,        4238,      -9.944681948,      -7.841968112,               -32,      -8.339778045,      -7.640031025,      -10.25227747
          0,           0,        4239,      -9.937041093,      -7.842351854,               -32,      -8.339950196,      -7.639111867,      -10.25254207
          0,           0,        4240,      -9.929815101,      -7.842728725,               -32,      -8.340272605,      -7.640345402,      -10.25280768
          0,           0,        4241,      -9.931611892,      -7.843113174,               -32,      -8.340602614,       -7.64371062,       -10.2530744
          0,           0,        4242,      -9.934935494,      -7.843504006,               -32,      -8.340686911,      -7.644169088,      -10.25334146
          0,           0,        4243,      -9.937733933,       -7.84388748,               -32,      -8.340777117,      -7.643124617,      -10.25360899
          0,           0,        4244,      -9.943406621,      -7.844270281,               -32,      -8.340985521,       -7.64346249,      -10.25387701
          0,           0,        4245,      -9.945913108,      -7.844659161,               -32,      -8.341128431,      -7.643050693,      -10.25414512
          0,           0,        4246,      -9.941881904,      -7.845048132,               -32,      -8.341250896,      -7.641968735,      -10.25441298
          0,           0,        4247,      -9.932517937,      -7.845428886,               -32,      -8.341469676,      -7.641525305,      -10.25468113
          0,           0,        4248,      -9.928078248,      -7.845807524,               -32,      -8.341828314,      -7.643980921,      -10.25495053
          0,           0,        4249,      -9.931964489,      -7.846196809,               -32,      -8.342068752,      -7.646734425,      -10.25522069
          0,           0,        4250,      -9.934326595,      -7.846586664,               -32,      -8.342096736,      -7.645949717,      -10.25549112
          0,           0,        4251,      -9.938739892,      -7.846968787,               -32,      -8.342249016,      -7.645485105,      -10.25576208
          0,           0,        4252,      -9.944199619,      -7.847354615,               -32,      -8.342437364,      -7.645708707,      -10.25603337
          0,           0,        4253,      -9.944566308,      -7.847745158,               -32,      -8.342558344,      -7.644952091,      -10.25630458
          0,           0,        4254,      -9.937626014,      -7.848132213,               -32,      -8.342700652,       -7.64388315,      -10.25657556
          0,           0,        4255,      -9.927983371,      -7.848510522,               -32,      -8.342978759,      -7.644336122,      -10.25684726
          0,           0,        4256,      -9.927410982,      -7.848893423,               -32,      -8.343330945,      -7.647651105,      -10.25712018
          0,           0,        4257,      -9.931690049,      -7.849285815,               -32,      -8.343459814,      -7.649032443,       -10.2573935
          0,           0,        4258,      -9.934002929,      -7.849672838,               -32,      -8.343498316,      -7.647735246,      -10.25766715
          0,           0,        4259,      -9.939944777,      -7.850055597,               -32,      -8.343691638,      -7.647851723,      -10.25794128
          0,           0,        4260,      -9.944246996,      -7.850444325,               -32,      -8.343848879,      -7.647719403,      -10.25821556
          0,           0,        4261,      -9.941843419,      -7.850835166,               -32,      -8.343963548,       -7.64672979,       -10.2584896
          0,           0,        4262,       -9.93215016,      -7.851218949,               -32,      -8.344145358,      -7.645918417,      -10.25876361
          0,           0,        4263,      -9.924444341,      -7.851597027,               -32,      -8.344479162,      -7.647630073,      -10.25903871
          0,           0,        4264,      -9.927413559,      -7.851985254,               -32,      -8.344768593,      -7.650921463,      -10.25931473
          0,           0,        4265,      -9.930733319,      -7.852377959,               -32,      -8.344807093,      -7.650742382,      -10.25959094
          0,           0,        4266,      -9.934407984,       -7.85276214,               -32,      -8.344906441,      -7.649748547,      -10.25986755
          0,           0,        4267,      -9.940975168,      -7.853147167,               -32,      -8.345103396,      -7.650054906,      -10.26014452
          0,           0,        4268,      -9.943273621,      -7.853537994,               -32,      -8.345234511,      -7.649531838,      -10.26042144
          0,           0,        4269,      -9.937546373,      -7.853927472,               -32,      -8.345360983,      -7.648441516,      -10.26069803
          0,           0,        4270,      -9.926200748,      -7.854307647,               -32,      -8.345600431,      -7.648279597,      -10.26097499
          0,           0,        4271,      -9.922522955,      -7.854688647,               -32,      -8.345959296,      -7.651218647,      -10.26125315
          0,           0,        4272,      -9.927342059,      -7.855081204,               -32,      -8.346142732,      -7.653466945,      -10.26153183
          0,           0,        4273,      -9.929796217,      -7.855471486,               -32,      -8.346152718,       -7.65223274,      -10.26181067
          0,           0,        4274,      -9.935506024,      -7.855854542,               -32,      -8.346317465,      -7.651934533,      -10.26208992
          0,           0,        4275,      -9.941494853,      -7.856242407,               -32,      -8.346492683,      -7.652037734,      -10.26236936
          0,           0,        4276,      -9.940982475,      -7.856634116,               -32,      -8.346610885,      -7.651202946,      -10.26264854
          0,           0,        4277,      -9.931716178,      -7.857020532,               -32,      -8.346768793,      -7.650198234,      -10.26292747
          0,           0,        4278,       -9.92100929,      -7.857398581,               -32,      -8.347073568,      -7.651158045,      -10.26320722
          0,           0,        4279,      -9.922075467,      -7.857784814,               -32,      -8.347402106,      -7.654660786,        -10.263488
          0,           0,        4280,      -9.926645775,      -7.858179136,               -32,      -8.347475344,      -7.655270295,      -10.26376896
          0,           0,        4281,      -9.929716197,      -7.858565765,               -32,       -8.34752651,      -7.653881837,      -10.26405015
          0,           0,        4282,      -9.936925917,      -7.858949881,               -32,      -8.347723796,       -7.65408427,      -10.26433168
          0,           0,        4283,      -9.941204639,      -7.859340193,               -32,      -8.347872559,       -7.65381203,      -10.26461318
          0,           0,        4284,      -9.937133984,      -7.859731217,               -32,      -8.347995126,      -7.652785964,      -10.26489429
          0,           0,        4285,      -9.924973321,      -7.860113508,               -32,      -8.348204821,      -7.652190207,      -10.26517545
          0,           0,        4286,      -9.917781907,      -7.860492679,               -32,      -8.348558753,      -7.654534062,      -10.26545771
          0,           0,        4287,      -9.922369014,      -7.860884211,               -32,      -8.348799473,       -7.65749511,      -10.26574061
          0,           0,        4288,      -9.925648706,      -7.861277146,               -32,       -8.34880728,      -7.656625426,      -10.26602355
          0,           0,        4289,      -9.930765742,      -7.861661043,               -32,      -8.348934227,      -7.655821319,      -10.26630678
          0,           0,        4290,      -9.938172589,      -7.862047598,               -32,      -8.349127356,      -7.656068492,       -10.2665902
          0,           0,        4291,      -9.939741043,      -7.862439366,               -32,      -8.349258497,      -7.655433408,       -10.2668734
          0,           0,        4292,      -9.931613129,      -7.862827906,               -32,      -8.349404496,      -7.654364798,      -10.26715617
          0,           0,        4293,      -9.918577106,      -7.863206608,               -32,      -8.349681141,      -7.654655682,      -10.26743945
          0,           0,        4294,      -9.916806934,      -7.863590254,               -32,      -8.350037682,      -7.658048046,      -10.26772381
          0,           0,        4295,      -9.922461006,      -7.863985003,               -32,      -8.350162935,      -7.659526631,       -10.2680084
          0,           0,        4296,      -9.925362554,      -7.864374249,               -32,      -8.350179938,      -7.657977508,      -10.26829303
          0,           0,        4297,      -9.932672116,      -7.864757695,               -32,      -8.350367015,      -7.657892862,      -10.26857797
          0,           0,        4298,      -9.938852563,       -7.86514689,               -32,      -8.350538517,      -7.657857235,       -10.2688629
          0,           0,        4299,      -9.936801802,      -7.865538695,               -32,      -8.350667267,      -7.656954438,      -10.26914741
          0,           0,        4300,      -9.924799844,      -7.865923177,               -32,      -8.350857063,      -7.656087726,      -10.26943169
          0,           0,        4301,      -9.914122832,      -7.866301007,               -32,       -8.35119822,      -7.657718823,      -10.26971688
          0,           0,        4302,      -9.917460296,      -7.866690491,               -32,      -8.351494268,      -7.661162976,      -10.27000283
          0,           0,        4303,      -9.922057859,       -7.86708526,               -32,       -8.35152561,      -7.660914617,      -10.27028875
          0,           0,        4304,      -9.926451263,      -7.867470606,               -32,      -8.351611944,      -7.659628644,      -10.27057481
          0,           0,        4305,      -9.934834462,      -7.867855686,               -32,      -8.351819027,      -7.659885254,      -10.27086106
          0,           0,        4306,      -9.938557132,      -7.868246847,               -32,      -8.351970643,      -7.659474459,      -10.27114709
          0,           0,        4307,      -9.932182376,      -7.868636941,               -32,        -8.3521151,      -7.658431155,      -10.27143259
          0,           0,        4308,      -9.917818783,      -7.869016963,               -32,      -8.352367783,      -7.658183659,      -10.27171827
          0,           0,        4309,      -9.912504227,      -7.869397826,               -32,      -8.352740725,      -7.661173472,      -10.27200499
          0,           0,        4310,      -9.918610877,      -7.869791862,               -32,      -8.352929247,      -7.663505558,      -10.27229203
          0,           0,        4311,      -9.921955658,      -7.870183609,               -32,      -8.352932666,      -7.662079616,      -10.27257897
          0,           0,        4312,      -9.928837382,      -7.870566892,               -32,      -8.353098735,      -7.661563209,       -10.2728661
          0,           0,        4313,      -9.936676644,      -7.870954536,               -32,      -8.353295336,      -7.661715095,      -10.27315323
          0,           0,        4314,      -9.936889292,      -7.871346443,               -32,      -8.353438779,      -7.660978387,      -10.27343994
          0,           0,        4315,      -9.925990647,      -7.871732993,               -32,       -8.35361831,      -7.659975387,      -10.27372617
          0,           0,        4316,      -9.912365503,      -7.872110293,               -32,      -8.353942057,      -7.660873595,      -10.27401305
          0,           0,        4317,      -9.913335546,      -7.872496886,               -32,      -8.354287124,      -7.664505906,      -10.27430077
          0,           0,        4318,      -9.919342281,      -7.872892508,               -32,      -8.354364864,      -7.665077214,      -10.27458844
          0,           0,        4319,      -9.923164286,      -7.873279821,               -32,      -8.354415276,      -7.663448641,      -10.27487607
          0,           0,        4320,      -9.931941391,      -7.873663529,               -32,      -8.354628449,      -7.663552656,      -10.27516384
          0,           0,        4321,      -9.937746792,      -7.874053519,               -32,      -8.354806003,      -7.663370968,       -10.2754514
          0,           0,        4322,      -9.933589746,      -7.874444552,               -32,      -8.354957615,      -7.662415047,      -10.27573836
          0,           0,        4323,      -9.919074072,      -7.874826386,               -32,      -8.355192263,      -7.661779047,      -10.27602514
          0,           0,        4324,      -9.909923521,      -7.875204735,               -32,      -8.355570052,      -7.664137432,      -10.27631285
          0,           0,        4325,      -9.915479586,      -7.875596939,               -32,      -8.355827109,      -7.667203656,      -10.27660099
          0,           0,        4326,      -9.919869136,      -7.875990747,               -32,      -8.355841193,      -7.666201507,       -10.2768889
          0,           0,        4327,      -9.925928955,      -7.876374534,               -32,      -8.355977426,      -7.665183391,      -10.27717686
          0,           0,        4328,      -9.935006324,      -7.876760354,               -32,      -8.356197876,       -7.66543462,      -10.27746482
          0,           0,        4329,      -9.937571318,      -7.877151727,               -32,      -8.356362862,      -7.664894805,      -10.27775234
          0,           0,        4330,      -9.928567456,      -7.877540003,               -32,      -8.356540718,      -7.663859792,      -10.27803922
          0,           0,        4331,      -9.913002635,      -7.877917711,               -32,      -8.356845459,      -7.664091926,      -10.27832641
          0,           0,        4332,       -9.91059865,      -7.878300859,               -32,      -8.357228646,      -7.667575925,      -10.27861448
          0,           0,        4333,      -9.917601791,      -7.878696217,               -32,      -8.357370792,       -7.66908137,      -10.27890256
          0,           0,        4334,      -9.921285783,      -7.879085761,               -32,       -8.35739783,      -7.667348087,      -10.27919043
          0,           0,        4335,      -9.929812847,      -7.879468457,               -32,      -8.357605883,      -7.667131351,      -10.27947838
          0,           0,        4336,      -9.937473338,      -7.879856783,               -32,      -8.357812471,      -7.667160126,      -10.27976613
          0,           0,        4337,      -9.935816535,      -7.880248099,               -32,      -8.357978366,      -7.666336708,      -10.28005328
          0,           0,        4338,       -9.92230452,      -7.880631944,               -32,      -8.358201648,      -7.665458858,      -10.28033999
          0,           0,        4339,      -9.909592089,      -7.881008498,               -32,      -8.358573802,      -7.667052317,      -10.28062743
          0,           0,        4340,      -9.913376775,       -7.88139779,               -32,      -8.358897862,      -7.670617636,      -10.28091546
          0,           0,        4341,      -9.919173318,      -7.881792884,               -32,      -8.358947762,      -7.670323677,      -10.28120325
          0,           0,        4342,      -9.924272487,      -7.882177869,               -32,      -8.359049935,       -7.66884047,      -10.28149096
          0,           0,        4343,      -9.934008586,      -7.882561782,               -32,      -8.359288574,      -7.669061069,       -10.2817787
          0,           0,        4344,      -9.938853588,      -7.882952012,               -32,      -8.359480118,      -7.668736211,      -10.28206608
          0,           0,        4345,      -9.932303758,      -7.883341477,               -32,      -8.359663516,       -7.66774492,      -10.28235277
          0,           0,        4346,      -9.916100503,      -7.883720422,               -32,      -8.359950355,      -7.667440322,      -10.28263949
          0,           0,        4347,      -9.909674831,      -7.884100027,               -32,      -8.360357115,      -7.670449337,      -10.28292713
          0,           0,        4348,      -9.916794333,      -7.884493906,               -32,      -8.360575174,      -7.672886582,      -10.28321499
          0,           0,        4349,       -9.92096217,      -7.884885588,               -32,      -8.360598322,      -7.671355794,      -10.28350259
          0,           0,        4350,      -9.928654094,      -7.885267849,               -32,      -8.360788442,      -7.670679793,      -10.28379026
          0,           0,        4351,       -9.93778332,      -7.885654104,               -32,      -8.361024213,      -7.670868681,      -10.28407787
          0,           0,        4352,      -9.938722389,      -7.886045017,               -32,      -8.361210173,      -7.670213629,        -10.284365
          0,           0,        4353,      -9.927180598,      -7.886430729,               -32,      -8.361428724,      -7.669221872,      -10.28465159
          0,           0,        4354,      -9.911779611,      -7.886806519,               -32,      -8.361787181,      -7.670031633,      -10.28493877
          0,           0,        4355,      -9.912560782,      -7.887191979,               -32,      -8.362169234,      -7.673754217,      -10.28522679
          0,           0,        4356,       -9.91967965,      -7.887587283,               -32,      -8.362277855,      -7.674395409,      -10.28551475
          0,           0,        4357,      -9.924023798,      -7.887974001,               -32,      -8.362349155,      -7.672608712,      -10.28580263
          0,           0,        4358,      -9.933734264,      -7.888356141,               -32,      -8.362595485,      -7.672632869,      -10.28609066
          0,           0,        4359,      -9.940639724,      -7.888744619,               -32,      -8.362816681,      -7.672525139,      -10.28637855
          0,           0,        4360,      -9.936858492,       -7.88913457,               -32,      -8.363011501,      -7.671631493,      -10.28666591
          0,           0,        4361,       -9.92136106,       -7.88951525,               -32,      -8.363283683,      -7.670948171,      -10.28695315
          0,           0,        4362,      -9.910840814,      -7.889891738,               -32,       -8.36369804,      -7.673228702,       -10.2872414
          0,           0,        4363,      -9.916863677,       -7.89028284,               -32,       -8.36399559,       -7.67644865,      -10.28753023
          0,           0,        4364,      -9.922119124,      -7.890676097,               -32,      -8.364039322,      -7.675458138,      -10.28781893
          0,           0,        4365,      -9.928593912,      -7.891058616,               -32,      -8.364200048,      -7.674261784,       -10.2881078
          0,           0,        4366,      -9.938650538,      -7.891442483,               -32,       -8.36446127,      -7.674517023,      -10.28839684
          0,           0,        4367,      -9.942108156,      -7.891832248,               -32,      -8.364671796,      -7.674058453,      -10.28868567
          0,           0,        4368,      -9.933212282,      -7.892219328,               -32,       -8.36489172,      -7.673052988,      -10.28897405
          0,           0,        4369,      -9.916456405,      -7.892595407,               -32,      -8.365232008,      -7.673166672,      -10.28926292
          0,           0,        4370,      -9.913252699,      -7.892976456,               -32,       -8.36565623,      -7.676648056,      -10.28955294
          0,           0,        4371,      -9.921069122,      -7.893370632,               -32,      -8.365841146,      -7.678341096,      -10.28984325
          0,           0,        4372,      -9.925210486,      -7.893759259,               -32,      -8.365894007,      -7.676529891,      -10.29013359
          0,           0,        4373,       -9.93419958,      -7.894139979,               -32,      -8.366133581,      -7.676180192,      -10.29042427
          0,           0,        4374,      -9.942808914,      -7.894526104,               -32,      -8.366385427,      -7.676267943,      -10.29071511
          0,           0,        4375,      -9.941893465,      -7.894915721,               -32,      -8.366596649,      -7.675513807,      -10.29100568
          0,           0,        4376,      -9.928265142,      -7.895298182,               -32,      -8.366858915,       -7.67460793,      -10.29129612
          0,           0,        4377,      -9.914269208,      -7.895672468,               -32,      -8.367266433,      -7.676031489,      -10.29158761
          0,           0,        4378,      -9.917835654,      -7.896059517,               -32,       -8.36763806,      -7.679726805,      -10.29188011
          0,           0,        4379,      -9.924476718,      -7.896453339,               -32,      -8.367728586,      -7.679594857,      -10.29217275
          0,           0,        4380,      -9.929698476,      -7.896836796,               -32,      -8.367854244,      -7.677944411,      -10.29246567
          0,           0,        4381,      -9.940008301,      -7.897218143,               -32,       -8.36813229,      -7.678120501,      -10.29275903
          0,           0,        4382,      -9.945760445,      -7.897606007,               -32,      -8.368370673,      -7.677875468,      -10.29305249
          0,           0,        4383,      -9.939877892,      -7.897993713,               -32,      -8.368597307,      -7.676928463,      -10.29334572
          0,           0,        4384,      -9.923278091,      -7.898370896,               -32,      -8.368918973,      -7.676505071,      -10.29363934
          0,           0,        4385,       -9.91563737,      -7.898747571,               -32,      -8.369365429,      -7.679375156,      -10.29393435
          0,           0,        4386,      -9.923052217,      -7.899139161,               -32,      -8.369636294,      -7.682074675,      -10.29423008
          0,           0,        4387,      -9.927744597,      -7.899529435,               -32,      -8.369692277,      -7.680600778,        -10.294526
          0,           0,        4388,      -9.935444087,      -7.899909381,               -32,      -8.369909142,      -7.679737426,      -10.29482245
          0,           0,        4389,      -9.945259226,      -7.900292683,               -32,      -8.370189827,      -7.679961167,      -10.29511936
          0,           0,        4390,      -9.947122468,      -7.900681151,               -32,      -8.370421933,      -7.679382703,      -10.29541633
          0,           0,        4391,      -9.936200098,      -7.901065081,               -32,      -8.370679802,      -7.678387908,      -10.29571324
          0,           0,        4392,      -9.919983264,      -7.901438443,               -32,      -8.371070238,      -7.678972136,      -10.29601118
          0,           0,        4393,      -9.919840806,      -7.901820528,               -32,      -8.371501292,      -7.682710004,      -10.29631055
          0,           0,        4394,       -9.92760826,      -7.902213635,               -32,      -8.371662352,       -7.68366818,      -10.29661042
          0,           0,        4395,      -9.931977387,      -7.902598605,               -32,      -8.371757404,      -7.681784273,      -10.29691071
          0,           0,        4396,      -9.941794047,      -7.902977698,               -32,      -8.372038384,      -7.681692351,      -10.29721171
          0,           0,        4397,      -9.949494211,      -7.903363054,               -32,      -8.372306579,      -7.681660972,      -10.29751318
          0,           0,        4398,      -9.946729667,      -7.903750622,               -32,      -8.372544929,      -7.680825032,      -10.29781472
          0,           0,        4399,      -9.931669267,      -7.904129423,               -32,      -8.372850914,      -7.680048876,      -10.29811665
          0,           0,        4400,      -9.919877212,      -7.904502593,               -32,      -8.373299732,      -7.682055579,      -10.29842017
          0,           0,        4401,      -9.925494647,      -7.904890276,               -32,      -8.373656351,      -7.685520513,      -10.29872494
          0,           0,        4402,      -9.931383588,      -7.905281569,               -32,      -8.373743475,      -7.684771459,      -10.29903021
          0,           0,        4403,      -9.937526761,      -7.905661726,               -32,      -8.373924961,      -7.683363166,      -10.29933625
          0,           0,        4404,      -9.947905817,      -7.906042094,               -32,      -8.374228538,      -7.683607318,      -10.29964314
          0,           0,        4405,      -9.952309593,      -7.906428785,               -32,      -8.374485513,      -7.683233935,      -10.29995054
          0,           0,        4406,      -9.944555947,      -7.906813718,               -32,      -8.374744763,      -7.682251157,       -10.3002582
          0,           0,        4407,      -9.927737685,       -7.90718757,               -32,      -8.375113708,      -7.682136551,      -10.30056695
          0,           0,        4408,      -9.923067639,      -7.907564582,               -32,      -8.375582564,       -7.68545072,      -10.30087762
          0,           0,        4409,      -9.931081419,      -7.907955696,               -32,      -8.375830873,       -7.68756656,      -10.30118941
          0,           0,        4410,      -9.935382361,      -7.908342542,               -32,      -8.375912391,      -7.685806949,      -10.30150196
          0,           0,        4411,      -9.944007292,      -7.908720223,               -32,      -8.376178687,      -7.685254903,      -10.30181567
          0,           0,        4412,      -9.953188199,      -7.909102786,               -32,      -8.376476912,      -7.685406742,       -10.3021304
          0,           0,        4413,      -9.953443075,      -7.909489639,               -32,      -8.376732026,       -7.68472586,      -10.30244579
          0,           0,        4414,      -9.940961283,      -7.909870312,               -32,      -8.377027767,      -7.683769224,      -10.30276188
          0,           0,        4415,      -9.926081698,      -7.910241658,               -32,      -8.377463296,      -7.684835321,       -10.3030799
          0,           0,        4416,      -9.928462841,      -7.910624574,               -32,      -8.377894473,      -7.688638477,      -10.30339998
          0,           0,        4417,      -9.935704359,       -7.91101605,               -32,      -8.378042152,      -7.688947319,      -10.30372122
          0,           0,        4418,      -9.940487672,      -7.911397641,               -32,      -8.378185116,      -7.687134837,      -10.30404371
          0,           0,        4419,      -9.950675535,      -7.911775555,               -32,      -8.378499999,       -7.68721995,      -10.30436774
          0,           0,        4420,      -9.957265696,      -7.912160165,               -32,      -8.378785222,      -7.687068394,      -10.30469302
          0,           0,        4421,      -9.952814712,      -7.912545717,               -32,      -8.379051632,      -7.686168218,      -10.30501922
          0,           0,        4422,      -9.936990728,      -7.912921357,               -32,      -8.379400269,      -7.685560271,      -10.30534688
          0,           0,        4423,      -9.927710264,       -7.91329429,               -32,      -8.379883094,      -7.688075647,      -10.30567715
          0,           0,        4424,       -9.93462475,      -7.913682353,               -32,      -8.380224893,        -7.6911939,      -10.30600946
          0,           0,        4425,      -9.939750557,      -7.914071127,               -32,      -8.380321022,      -7.689991365,      -10.30634314
          0,           0,        4426,      -9.946718009,      -7.914448806,               -32,      -8.380555427,      -7.688862149,      -10.30667857
          0,           0,        4427,       -9.95677636,      -7.914828681,               -32,      -8.380880678,      -7.689113605,      -10.30701572
          0,           0,        4428,      -9.959794774,      -7.915214437,               -32,      -8.381157708,      -7.688627113,      -10.30735418
          0,           0,        4429,      -9.950492428,      -7.915596923,               -32,      -8.381449871,      -7.687627286,      -10.30769375
          0,           0,        4430,      -9.934151365,      -7.915968371,               -32,      -8.381863488,      -7.687850556,      -10.30803538
          0,           0,        4431,      -9.932166476,       -7.91634619,               -32,      -8.382348084,      -7.691463047,      -10.30837957
          0,           0,        4432,      -9.940193918,      -7.916736593,               -32,      -8.382580345,      -7.693008049,      -10.30872523
          0,           0,        4433,      -9.944323687,      -7.917120278,               -32,      -8.382696086,      -7.691116701,      -10.30907202
          0,           0,        4434,      -9.953546252,      -7.917496262,               -32,      -8.383004994,      -7.690824153,      -10.30942014
          0,           0,        4435,      -9.961870078,      -7.917878051,               -32,      -8.383320459,      -7.690886349,      -10.30976916
          0,           0,        4436,      -9.960615595,      -7.918263021,               -32,      -8.383599876,      -7.690121542,      -10.31011852
          0,           0,        4437,      -9.947041027,      -7.918640226,               -32,      -8.383933224,      -7.689230731,      -10.31046815
          0,           0,        4438,      -9.933938172,      -7.919009644,               -32,      -8.384409268,      -7.690761666,      -10.31081907
          0,           0,        4439,      -9.938221265,      -7.919392278,               -32,      -8.384837726,      -7.694492358,      -10.31117096
          0,           0,        4440,       -9.94471807,      -7.919780683,               -32,      -8.384981601,      -7.694259249,      -10.31152281
          0,           0,        4441,      -9.950005619,       -7.92015784,               -32,       -8.38517391,      -7.692603624,       -10.3118747
          0,           0,        4442,      -9.960207133,      -7.920533082,               -32,      -8.385517058,      -7.692796458,      -10.31222672
          0,           0,        4443,      -9.965619264,      -7.920914753,               -32,      -8.385820101,      -7.692532436,       -10.3125785
          0,           0,        4444,      -9.959691755,      -7.921295737,               -32,      -8.386114908,      -7.691583845,      -10.31292969
          0,           0,        4445,      -9.943642743,      -7.921665696,               -32,      -8.386504665,       -7.69117531,      -10.31328091
          0,           0,        4446,      -9.936847238,       -7.92203551,               -32,      -8.387015494,      -7.694113802,      -10.31363317
          0,           0,        4447,      -9.944453204,      -7.922419869,               -32,      -8.387344234,      -7.696831622,      -10.31398578
          0,           0,        4448,      -9.948944433,       -7.92280198,               -32,      -8.387457904,      -7.695311483,      -10.31433822
          0,           0,        4449,      -9.956582148,      -7.923173226,               -32,      -8.387740098,      -7.694456989,      -10.31469083
          0,           0,        4450,      -9.966073883,      -7.923547922,               -32,      -8.388084141,      -7.694676295,      -10.31504352
          0,           0,        4451,      -9.967750738,      -7.923927578,               -32,       -8.38838154,       -7.69409188,      -10.31539588
          0,           0,        4452,      -9.957205116,      -7.924302288,               -32,      -8.388705844,      -7.693093319,      -10.31574777
          0,           0,        4453,      -9.941798184,      -7.924666277,               -32,      -8.389160765,      -7.693669667,      -10.31610024
          0,           0,        4454,      -9.942077446,      -7.925039109,               -32,      -8.389655662,       -7.69745537,      -10.31645367
          0,           0,        4455,      -9.949749478,      -7.925422539,               -32,      -8.389876805,      -7.698469502,      -10.31680708
          0,           0,        4456,       -9.95390533,      -7.925797251,               -32,      -8.390030648,      -7.696555168,      -10.31716034
          0,           0,        4457,      -9.963442352,        -7.9261659,               -32,      -8.390375145,      -7.696463471,       -10.3175137
          0,           0,        4458,      -9.970807812,      -7.926540957,               -32,      -8.390706953,      -7.696429988,      -10.31786686
          0,           0,        4459,      -9.968183868,      -7.926918204,               -32,      -8.391010526,      -7.695598048,       -10.3182194
          0,           0,        4460,      -9.953911319,      -7.927286595,               -32,      -8.391380262,      -7.694799984,      -10.31857154
          0,           0,        4461,       -9.94274273,      -7.927649391,               -32,      -8.391891894,      -7.696761031,      -10.31892445
          0,           0,        4462,      -9.948359095,      -7.928026627,               -32,      -8.392315812,      -7.700323796,      -10.31927781
          0,           0,        4463,      -9.954079496,      -7.928407401,               -32,      -8.392463084,      -7.699652923,      -10.31963076
          0,           0,        4464,      -9.959887821,       -7.92877669,               -32,      -8.392702992,      -7.698197628,      -10.31998353
          0,           0,        4465,      -9.969852717,      -7.929146217,               -32,      -8.393070082,      -7.698443705,      -10.32033616
          0,           0,        4466,      -9.974109987,      -7.929522322,               -32,      -8.393391681,      -7.698081157,      -10.32068826
          0,           0,        4467,      -9.966936128,      -7.929896885,               -32,      -8.393715293,      -7.697103381,      -10.32103952
          0,           0,        4468,      -9.951060596,      -7.930260485,               -32,      -8.394145159,      -7.696919205,      -10.32139066
          0,           0,        4469,      -9.946496225,      -7.930627105,               -32,      -8.394679793,      -7.700187821,      -10.32174255
          0,           0,        4470,      -9.954344432,      -7.931007898,               -32,      -8.394999364,      -7.702498358,      -10.32209436
          0,           0,        4471,      -9.958398099,       -7.93138462,               -32,      -8.395137856,      -7.700778905,      -10.32244565
          0,           0,        4472,      -9.966524994,      -7.931751844,               -32,      -8.395463484,      -7.700169691,      -10.32279674
          0,           0,        4473,      -9.975332818,      -7.932124108,               -32,      -8.395826624,      -7.700338964,      -10.32314746
          0,           0,        4474,      -9.975796445,      -7.932501053,               -32,      -8.396146993,      -7.699681022,      -10.32349741
          0,           0,        4475,      -9.964315517,      -7.932872226,               -32,      -8.396505228,      -7.698710084,      -10.32384651
          0,           0,        4476,      -9.950053835,      -7.933234053,               -32,      -8.397000579,      -7.699632808,      -10.32419589
          0,           0,        4477,      -9.952078768,      -7.933607126,               -32,      -8.397505365,      -7.703490878,      -10.32454577
          0,           0,        4478,      -9.959228691,      -7.933989227,               -32,      -8.397724098,      -7.704054806,      -10.32489516
          0,           0,        4479,      -9.963549097,      -7.934361572,               -32,      -8.397919997,      -7.702195153,      -10.32524406
          0,           0,        4480,      -9.973175205,       -7.93472984,               -32,      -8.398297402,      -7.702247509,      -10.32559266
          0,           0,        4481,      -9.979611115,      -7.935105103,               -32,       -8.39864912,      -7.702132514,      -10.32594064
          0,           0,        4482,      -9.975828684,      -7.935481849,               -32,      -8.398980508,      -7.701260322,       -10.3262876
          0,           0,        4483,      -9.961171956,      -7.935849132,               -32,      -8.399388825,      -7.700579412,      -10.32663389
          0,           0,        4484,      -9.951789259,      -7.936213191,               -32,      -8.399935185,      -7.702909566,      -10.32698062
          0,           0,        4485,      -9.958246956,      -7.936592316,               -32,      -8.400359253,      -7.706268013,      -10.32732732
          0,           0,        4486,      -9.963312129,      -7.936972955,               -32,      -8.400519736,      -7.705276768,      -10.32767319
          0,           0,        4487,       -9.96958101,      -7.937342217,               -32,       -8.40080644,      -7.704025485,      -10.32801847
          0,           0,        4488,      -9.979187503,      -7.937713356,               -32,      -8.401198202,      -7.704291714,      -10.32836313
          0,           0,        4489,      -9.982421003,      -7.938090858,               -32,       -8.40154273,      -7.703857645,      -10.32870673
          0,           0,        4490,      -9.974243878,      -7.938465825,               -32,      -8.401898422,      -7.702874627,      -10.32904896
          0,           0,        4491,       -9.95872224,       -7.93882994,               -32,      -8.402369451,      -7.702918111,      -10.32939061
          0,           0,        4492,      -9.955957365,      -7.939199552,               -32,      -8.402927848,      -7.706428584,      -10.32973236
          0,           0,        4493,      -9.963789252,      -7.939582364,               -32,      -8.403245976,       -7.70837765,      -10.33007324
          0,           0,        4494,      -9.967601261,      -7.939959321,               -32,      -8.403415495,      -7.706551061,      -10.33041284
          0,           0,        4495,      -9.976055214,      -7.940327887,               -32,      -8.403781605,       -7.70613913,       -10.3307514
          0,           0,        4496,      -9.984197226,      -7.940702312,               -32,      -8.404166604,      -7.706259918,      -10.33108864
          0,           0,        4497,      -9.983627475,      -7.941080733,               -32,      -8.404513497,      -7.705555759,      -10.33142403
          0,           0,        4498,      -9.971425988,      -7.941452364,               -32,      -8.404907606,      -7.704631489,      -10.33175752
          0,           0,        4499,      -9.958246333,       -7.94181584,               -32,      -8.405442802,      -7.705868983,      -10.33209016
          0,           0,        4500,      -9.961548616,       -7.94219208,               -32,      -8.405959346,      -7.709738732,      -10.33242188
          0,           0,        4501,      -9.968181956,      -7.942575528,               -32,      -8.406183544,      -7.709942094,      -10.33275163
          0,           0,        4502,      -9.972738723,      -7.942948265,               -32,       -8.40642213,      -7.708172007,      -10.33307934
          0,           0,        4503,      -9.982339428,      -7.943318378,               -32,      -8.406830618,      -7.708322336,      -10.33340505
          0,           0,        4504,      -9.987956229,      -7.943695535,               -32,      -8.407205174,      -7.708146199,       -10.3337283
          0,           0,        4505,      -9.983189423,      -7.944073245,               -32,      -8.407566584,      -7.707255361,      -10.33404857
          0,           0,        4506,      -9.968265317,      -7.944440851,               -32,      -8.408013978,      -7.706701073,      -10.33436619
          0,           0,        4507,      -9.960377472,      -7.944807295,               -32,      -8.408593764,      -7.709340843,      -10.33468207
          0,           0,        4508,      -9.967371038,      -7.945188865,               -32,      -8.409021763,       -7.71249308,       -10.3349955
          0,           0,        4509,      -9.971949357,      -7.945569977,               -32,      -8.409201201,      -7.711268631,      -10.33530563
          0,           0,        4510,      -9.978626434,      -7.945939889,               -32,       -8.40953174,      -7.710202542,       -10.3356126
          0,           0,        4511,       -9.98787068,      -7.946312788,               -32,      -8.409948433,      -7.710472807,      -10.33591622
          0,           0,        4512,       -9.99021818,      -7.946691603,               -32,      -8.410318236,      -7.709991579,      -10.33621591
          0,           0,        4513,      -9.981157897,      -7.947066842,               -32,      -8.410707113,      -7.709020185,      -10.33651131
          0,           0,        4514,      -9.965960213,      -7.947431431,               -32,      -8.411218732,      -7.709286195,      -10.33680318
          0,           0,        4515,       -9.96462904,      -7.947803623,               -32,      -8.411800204,      -7.712978993,      -10.33709198
          0,           0,        4516,      -9.972353853,      -7.948187878,               -32,      -8.412121396,      -7.714609335,      -10.33737663
          0,           0,        4517,      -9.976085664,      -7.948564717,               -32,      -8.412324165,      -7.712731019,      -10.33765672
          0,           0,        4518,      -9.984798008,      -7.948934196,               -32,      -8.412727575,      -7.712476519,      -10.33793243
          0,           0,        4519,      -9.992355344,      -7.949309997,               -32,      -8.413135975,      -7.712557889,       -10.3382034
          0,           0,        4520,      -9.990867356,      -7.949689066,               -32,      -8.413511032,      -7.711828817,      -10.33846911
          0,           0,        4521,      -9.977981115,      -7.950060394,               -32,       -8.41394148,      -7.710965083,      -10.33872956
          0,           0,        4522,      -9.965710832,      -7.950424867,               -32,      -8.414515338,      -7.712494933,      -10.33898583
          0,           0,        4523,      -9.970004558,      -7.950803315,               -32,      -8.415044092,      -7.716341457,      -10.33923776
          0,           0,        4524,      -9.976203401,      -7.951187207,               -32,      -8.415277911,      -7.716242962,       -10.3394844
          0,           0,        4525,      -9.981068664,      -7.951559705,               -32,      -8.415558239,      -7.714578024,      -10.33972582
          0,           0,        4526,      -9.990637732,      -7.951930809,               -32,       -8.41599633,      -7.714798315,      -10.33996213
          0,           0,        4527,      -9.995542756,      -7.952308839,               -32,      -8.416395437,      -7.714579636,      -10.34019301
          0,           0,        4528,      -9.989843362,      -7.952686505,               -32,      -8.416787887,      -7.713686287,      -10.34041812
          0,           0,        4529,      -9.974588766,      -7.953053572,               -32,      -8.417274361,       -7.71326807,      -10.34063806
          0,           0,        4530,      -9.967950962,      -7.953421576,               -32,      -8.417886183,      -7.716182461,       -10.3408539
          0,           0,        4531,      -9.975348331,      -7.953804585,               -32,      -8.418319408,      -7.719124404,      -10.34106508
          0,           0,        4532,      -9.979605984,      -7.954185317,               -32,      -8.418520627,      -7.717718257,      -10.34127109
          0,           0,        4533,      -9.986707499,      -7.954555193,               -32,       -8.41889245,      -7.716821047,       -10.3414724
          0,           0,        4534,       -9.99565191,      -7.954928904,               -32,      -8.419334288,      -7.717089408,      -10.34166908
          0,           0,        4535,      -9.997193342,      -7.955308021,               -32,       -8.41973073,      -7.716579742,      -10.34186092
          0,           0,        4536,      -9.987213175,      -7.955682545,               -32,      -8.420153384,      -7.715633113,      -10.34204796
          0,           0,        4537,       -9.97219795,       -7.95604682,               -32,      -8.420705104,      -7.716125397,      -10.34223141
          0,           0,        4538,      -9.972086729,      -7.956420748,               -32,      -8.421308141,      -7.719963304,      -10.34241199
          0,           0,        4539,      -9.979713355,      -7.956805521,               -32,      -8.421633923,      -7.721291137,      -10.34258901
          0,           0,        4540,      -9.983520254,       -7.95718152,               -32,      -8.421870814,      -7.719393835,       -10.3427626
          0,           0,        4541,      -9.992516024,      -7.957551173,               -32,      -8.422309182,      -7.719270425,      -10.34293334
          0,           0,        4542,      -9.999579225,      -7.957927407,               -32,      -8.422741872,      -7.719321425,      -10.34310128
          0,           0,        4543,      -9.997187742,      -7.958306147,               -32,      -8.423145977,      -7.718582889,      -10.34326636
          0,           0,        4544,      -9.983492523,      -7.958676244,               -32,      -8.423612972,      -7.717792653,      -10.34342911
          0,           0,        4545,      -9.971961461,      -7.959041008,               -32,      -8.424224293,      -7.719610049,      -10.34359101
          0,           0,        4546,      -9.977126921,      -7.959420826,               -32,      -8.424763763,      -7.723402359,      -10.34375221
          0,           0,        4547,      -9.983002547,      -7.959804317,               -32,      -8.425008685,      -7.723027846,      -10.34391221
          0,           0,        4548,      -9.988287078,      -7.960175938,               -32,      -8.425329599,      -7.721478087,      -10.34407157
          0,           0,        4549,      -9.997887705,      -7.960547232,               -32,      -8.425796044,      -7.721751284,      -10.34423072
          0,           0,        4550,      -10.00214906,      -7.960925216,               -32,      -8.426220491,      -7.721504368,      -10.34438968
          0,           0,        4551,      -9.995440142,      -7.961301883,               -32,      -8.426644314,      -7.720620157,       -10.3445485
          0,           0,        4552,      -9.979674987,      -7.961667571,               -32,      -8.427169641,      -7.720352255,        -10.344707
          0,           0,        4553,      -9.974147725,      -7.962036472,               -32,      -8.427811324,      -7.723525184,      -10.34486722
          0,           0,        4554,      -9.981931993,      -7.962420074,               -32,      -8.428248352,      -7.726236208,      -10.34502901
          0,           0,        4555,      -9.986036847,      -7.962799613,               -32,      -8.428472345,      -7.724676227,      -10.34519218
          0,           0,        4556,      -9.993649261,      -7.963168724,               -32,      -8.428883103,      -7.723937985,      -10.34535733
          0,           0,        4557,      -10.00237919,      -7.963542284,               -32,      -8.429349704,      -7.724202462,      -10.34552463
          0,           0,        4558,      -10.00311921,      -7.963920638,               -32,      -8.429773121,      -7.723677985,      -10.34569396
          0,           0,        4559,      -9.992048042,      -7.964293317,               -32,      -8.430229414,      -7.722767297,      -10.34586545
          0,           0,        4560,      -9.977044119,      -7.964656358,               -32,      -8.430820265,      -7.723501177,      -10.34604036
          0,           0,        4561,      -9.978080916,      -7.965031155,               -32,       -8.43144161,      -7.727454764,      -10.34621923
          0,           0,        4562,      -9.985670571,      -7.965415421,               -32,      -8.431770784,      -7.728471584,      -10.34640133
          0,           0,        4563,      -9.989728997,      -7.965789688,               -32,      -8.432041603,      -7.726578587,      -10.34658672
          0,           0,        4564,      -9.999096252,      -7.966158598,               -32,       -8.43251249,      -7.726569331,       -10.3467758
          0,           0,        4565,      -10.00573462,      -7.966534188,               -32,      -8.432969322,      -7.726598255,      -10.34696845
          0,           0,        4566,       -10.0023562,      -7.966911458,               -32,      -8.433402276,      -7.725861349,       -10.3471644
          0,           0,        4567,      -9.987621319,      -7.967279201,               -32,      -8.433905303,      -7.725158931,      -10.34736398
          0,           0,        4568,       -9.97672303,      -7.967643492,               -32,      -8.434551884,       -7.72727257,      -10.34756837
          0,           0,        4569,       -9.98275487,      -7.968023825,               -32,      -8.435098139,      -7.730972094,      -10.34777732
          0,           0,        4570,      -9.988437654,      -7.968405994,               -32,      -8.435353622,       -7.73032898,      -10.34799006
          0,           0,        4571,      -9.994299252,      -7.968776025,               -32,      -8.435713443,      -7.728905193,      -10.34820682
          0,           0,        4572,       -10.0040237,      -7.969146688,               -32,      -8.436206449,      -7.729221018,      -10.34842766
          0,           0,        4573,      -10.00765588,      -7.969523727,               -32,      -8.436655834,      -7.728957119,      -10.34865221
          0,           0,        4574,      -9.999758001,      -7.969898449,               -32,      -8.437110372,      -7.728091226,      -10.34888015
          0,           0,        4575,       -9.98326298,      -7.970262001,               -32,      -8.437673514,      -7.727993813,      -10.34911215
          0,           0,        4576,      -9.978818393,      -7.970631411,               -32,      -8.438341302,      -7.731415714,      -10.34934893
          0,           0,        4577,      -9.987035859,      -7.971015097,               -32,      -8.438778416,      -7.733861008,      -10.34958966
          0,           0,        4578,      -9.991177172,      -7.971393071,               -32,      -8.439024943,      -7.732167637,       -10.3498338
          0,           0,        4579,      -9.999434334,      -7.971761283,               -32,      -8.439471958,      -7.731583439,       -10.3500816
          0,           0,        4580,      -10.00802553,      -7.972134513,               -32,      -8.439962174,      -7.731845133,      -10.35033281
          0,           0,        4581,      -10.00789848,      -7.972511967,               -32,      -8.440411906,      -7.731317016,      -10.35058694
          0,           0,        4582,      -9.995485297,      -7.972882718,               -32,      -8.440900906,      -7.730453374,      -10.35084384
          0,           0,        4583,      -9.980364345,      -7.973244904,               -32,      -8.441529028,      -7.731451386,      -10.35110442
          0,           0,        4584,      -9.982575002,      -7.973621109,               -32,      -8.442163718,      -7.735487399,      -10.35136877
          0,           0,        4585,      -9.990219153,      -7.974005296,               -32,      -8.442493807,      -7.736176764,      -10.35163585
          0,           0,        4586,      -9.994739358,      -7.974378498,               -32,      -8.442797777,      -7.734311436,       -10.3519055
          0,           0,        4587,      -10.00458987,      -7.974747387,               -32,      -8.443298525,      -7.734405116,      -10.35217782
          0,           0,        4588,      -10.01083456,      -7.975123002,               -32,        -8.4437786,      -7.734420716,       -10.3524524
          0,           0,        4589,      -10.00631502,       -7.97549945,               -32,      -8.444239415,      -7.733694691,      -10.35272877
          0,           0,        4590,      -9.990282102,      -7.975865596,               -32,      -8.444777186,      -7.733096752,      -10.35300711
          0,           0,        4591,      -9.980002742,      -7.976230651,               -32,      -8.445455751,      -7.735517681,      -10.35328837
          0,           0,        4592,      -9.986953502,      -7.976612575,               -32,       -8.44600363,      -7.739078987,      -10.35357201
          0,           0,        4593,      -9.992601445,      -7.976994453,               -32,      -8.446268519,      -7.738175217,      -10.35385717
          0,           0,        4594,       -9.99922838,      -7.977364134,               -32,      -8.446665085,      -7.736889336,      -10.35414399
          0,           0,        4595,      -10.00916075,      -7.977735298,               -32,      -8.447182428,      -7.737242356,      -10.35443237
          0,           0,        4596,      -10.01212499,      -7.978112455,               -32,      -8.447655557,      -7.736971724,      -10.35472187
          0,           0,        4597,      -10.00280625,      -7.978486216,               -32,      -8.448139249,      -7.736131683,      -10.35501213
          0,           0,        4598,       -9.98540613,      -7.978848861,               -32,       -8.44873819,      -7.736227156,      -10.35530383
          0,           0,        4599,      -9.982106626,      -7.979220262,               -32,      -8.449426967,      -7.739883134,      -10.35559753
          0,           0,        4600,      -9.990830088,      -7.979605165,               -32,      -8.449859755,       -7.74202668,      -10.35589234
          0,           0,        4601,      -9.995228472,      -7.979982737,               -32,      -8.450127923,        -7.7402236,      -10.35618781
          0,           0,        4602,      -10.00427468,      -7.980351238,               -32,      -8.450607787,      -7.739789614,      -10.35648417
          0,           0,        4603,      -10.01276657,      -7.980725114,               -32,      -8.451119607,      -7.740051927,      -10.35678119
          0,           0,        4604,      -10.01165275,      -7.981102502,               -32,      -8.451593733,      -7.739528164,      -10.35707842
          0,           0,        4605,      -9.997637561,       -7.98147206,               -32,      -8.452113106,      -7.738720908,      -10.35737579
          0,           0,        4606,       -9.98237631,       -7.98183448,               -32,      -8.452775012,      -7.740004017,      -10.35767429
          0,           0,        4607,          -9.98584,      -7.982213036,               -32,      -8.453416558,      -7.744080203,      -10.35797394
          0,           0,        4608,      -9.993647033,      -7.982597797,               -32,      -8.453744347,      -7.744431193,      -10.35827379
          0,           0,        4609,      -9.998860602,      -7.982970708,               -32,      -8.454079273,      -7.742617305,      -10.35857382
          0,           0,        4610,      -10.00928699,      -7.983340219,               -32,      -8.454606012,      -7.742804942,      -10.35887417
          0,           0,        4611,      -10.01511474,      -7.983716318,               -32,      -8.455106765,      -7.742813813,      -10.35917451
          0,           0,        4612,      -10.00926326,      -7.984092256,               -32,      -8.455592513,      -7.742102718,      -10.35947447
          0,           0,        4613,      -9.991735799,       -7.98445716,               -32,       -8.45616173,      -7.741623603,      -10.35977441
          0,           0,        4614,       -9.98217948,      -7.984823684,               -32,      -8.456866671,      -7.744354657,      -10.36007529
          0,           0,        4615,      -9.990115537,      -7.985207478,               -32,      -8.457409595,      -7.747728317,      -10.36037655
          0,           0,        4616,      -9.995906854,      -7.985589257,               -32,      -8.457681572,      -7.746579144,      -10.36067753
          0,           0,        4617,      -10.00348352,      -7.985958885,               -32,      -8.458110792,      -7.745441045,      -10.36097845
          0,           0,        4618,      -10.01365749,      -7.986330646,               -32,       -8.45864852,      -7.745827152,      -10.36127929
          0,           0,        4619,      -10.01585937,      -7.986707876,               -32,      -8.459141866,      -7.745554242,      -10.36157969
          0,           0,        4620,      -10.00489634,      -7.987080505,               -32,      -8.459650715,      -7.744742198,      -10.36187942
          0,           0,        4621,      -9.986557931,       -7.98744234,               -32,      -8.460280891,      -7.745049776,      -10.36217929
          0,           0,        4622,      -9.984540161,      -7.987815878,               -32,      -8.460983101,      -7.748911078,      -10.36247983
          0,           0,        4623,      -9.993831175,      -7.988201723,               -32,       -8.46140603,      -7.750722247,       -10.3627802
          0,           0,        4624,      -9.998718975,      -7.988578717,               -32,      -8.461693158,      -7.748837776,       -10.3630801
          0,           0,        4625,      -10.00865929,      -7.988947315,               -32,      -8.462200519,       -7.74854945,      -10.36337984
          0,           0,        4626,      -10.01702117,      -7.989321469,               -32,      -8.462729611,      -7.748813296,      -10.36367922
          0,           0,        4627,      -10.01476925,      -7.989698296,               -32,      -8.463223622,      -7.748294621,      -10.36397788
          0,           0,        4628,      -9.998979512,      -7.990066145,               -32,      -8.463768449,      -7.747549009,      -10.36427589
          0,           0,        4629,      -9.983730715,      -7.990428698,               -32,      -8.464457902,      -7.749130098,      -10.36457429
          0,           0,        4630,      -9.988532961,      -7.990809136,               -32,       -8.46509802,      -7.753193351,      -10.36487302
          0,           0,        4631,      -9.996597999,      -7.991193809,               -32,       -8.46541943,      -7.753207901,      -10.36517125
          0,           0,        4632,      -10.00271687,      -7.991565934,               -32,      -8.465781239,      -7.751470431,      -10.36546906
          0,           0,        4633,      -10.01373704,      -7.991935456,               -32,      -8.466328167,      -7.751743576,      -10.36576662
          0,           0,        4634,      -10.01905729,      -7.992311312,               -32,      -8.466844543,      -7.751746356,      -10.36606365
          0,           0,        4635,      -10.01170476,      -7.992685898,               -32,      -8.467349748,      -7.751047527,      -10.36635984
          0,           0,        4636,      -9.992668597,      -7.993048894,               -32,      -8.467944656,      -7.750698502,       -10.3666557
          0,           0,        4637,      -9.984063745,      -7.993416485,               -32,      -8.468667935,       -7.75372675,      -10.36695212
          0,           0,        4638,      -9.993009432,      -7.993801198,               -32,       -8.46919865,      -7.756865872,      -10.36724853
          0,           0,        4639,      -9.999109929,      -7.994181994,               -32,       -8.46947456,      -7.755499668,      -10.36754438
          0,           0,        4640,      -10.00775547,      -7.994550801,               -32,      -8.469930678,      -7.754518473,      -10.36783998
          0,           0,        4641,      -10.01811033,      -7.994922253,               -32,      -8.470482911,      -7.754932729,       -10.3681353
          0,           0,        4642,      -10.01941924,      -7.995298562,               -32,        -8.4709907,      -7.754654883,      -10.36843003
          0,           0,        4643,      -10.00669486,      -7.995669027,               -32,      -8.471518509,      -7.753868606,      -10.36872403
          0,           0,        4644,      -9.987625526,      -7.996029414,               -32,      -8.472173136,      -7.754401817,      -10.36901822
          0,           0,        4645,      -9.987047398,      -7.996404257,               -32,      -8.472879819,      -7.758422693,      -10.36931302
          0,           0,        4646,      -9.996908329,      -7.996789845,               -32,      -8.473287624,      -7.759887831,      -10.36960762
          0,           0,        4647,       -10.0024774,      -7.997165277,               -32,      -8.473590239,       -7.75795883,      -10.36990187
          0,           0,        4648,      -10.01331046,      -7.997532996,               -32,      -8.474118457,      -7.757811595,      -10.37019609
          0,           0,        4649,      -10.02142538,      -7.997906355,               -32,      -8.474658762,      -7.758073934,      -10.37049009
          0,           0,        4650,       -10.0179083,      -7.998281484,               -32,      -8.475166237,      -7.757554863,      -10.37078358
          0,           0,        4651,      -10.00038094,      -7.998646597,               -32,      -8.475729873,      -7.756874152,      -10.37107674
          0,           0,        4652,      -9.985495249,      -7.999008665,               -32,      -8.476438881,      -7.758752642,      -10.37137062
          0,           0,        4653,      -9.991657466,      -7.999389758,               -32,      -8.477069442,      -7.762745727,      -10.37166508
          0,           0,        4654,      -10.00002121,      -7.999773091,               -32,      -8.477381236,      -7.762448642,      -10.37195938
          0,           0,        4655,        -10.007164,      -8.000143414,               -32,      -8.477765081,      -7.760815414,      -10.37225368
          0,           0,        4656,      -10.01867073,      -8.000511863,               -32,      -8.478325468,      -7.761166003,      -10.37254815
          0,           0,        4657,      -10.02334405,      -8.000886325,               -32,      -8.478851005,      -7.761157479,      -10.37284251
          0,           0,        4658,      -10.01443102,      -8.001258389,               -32,      -8.479368755,      -7.760464235,      -10.37313647
          0,           0,        4659,      -9.994158328,      -8.001618635,               -32,      -8.479982201,      -7.760254184,      -10.37343065
          0,           0,        4660,      -9.986800675,      -8.001986468,               -32,      -8.480714944,      -7.763547105,      -10.37372586
          0,           0,        4661,      -9.996680575,      -8.002370671,               -32,      -8.481227771,      -7.766421014,      -10.37402148
          0,           0,        4662,      -10.00318907,       -8.00274927,               -32,      -8.481505193,      -7.764883837,      -10.37431703
          0,           0,        4663,       -10.0128819,      -8.003116175,               -32,      -8.481981985,      -7.764068779,      -10.37461279
          0,           0,        4664,      -10.02324599,      -8.003486144,               -32,      -8.482542071,      -7.764504468,      -10.37490869
          0,           0,        4665,      -10.02354619,      -8.003860293,               -32,      -8.483057414,      -7.764213947,      -10.37520435
          0,           0,        4666,      -10.00915479,      -8.004227408,               -32,      -8.483596963,      -7.763450323,      -10.37549962
          0,           0,        4667,      -9.989832997,      -8.004585587,               -32,      -8.484268252,      -7.764214559,       -10.3757954
          0,           0,        4668,      -9.990789388,      -8.004960382,               -32,      -8.484970927,      -7.768336451,      -10.37609193
          0,           0,        4669,      -10.00112136,      -8.005344074,               -32,       -8.48536059,      -7.769470859,      -10.37638827
          0,           0,        4670,      -10.00744878,      -8.005716554,               -32,      -8.485675547,      -7.767543372,      -10.37668422
          0,           0,        4671,       -10.0190143,      -8.006081957,               -32,      -8.486217666,      -7.767532477,      -10.37697997
          0,           0,        4672,      -10.02669946,      -8.006452948,               -32,       -8.48676227,      -7.767786199,      -10.37727519
          0,           0,        4673,      -10.02188851,      -8.006824689,               -32,      -8.487275931,      -7.767258049,       -10.3775694
          0,           0,        4674,       -10.0029588,      -8.007185532,               -32,      -8.487850817,      -7.766645556,      -10.37786276
          0,           0,        4675,      -9.988922899,      -8.007545681,               -32,      -8.488570627,      -7.768802865,      -10.37815629
          0,           0,        4676,      -9.996338549,      -8.007925035,               -32,      -8.489185336,      -7.772676802,      -10.37844961
          0,           0,        4677,      -10.00494524,      -8.008304625,               -32,      -8.489486016,      -7.772119075,      -10.37874186
          0,           0,        4678,      -10.01306286,      -8.008670845,               -32,      -8.489886822,      -7.770619098,      -10.37903324
          0,           0,        4679,      -10.02481055,      -8.009035705,               -32,      -8.490453302,      -7.771037377,      -10.37932384
          0,           0,        4680,      -10.02869815,      -8.009406042,               -32,       -8.49098043,       -7.77100738,      -10.37961333
          0,           0,        4681,      -10.01835841,      -8.009772726,               -32,      -8.491502767,      -7.770311717,      -10.37990142
          0,           0,        4682,      -9.997435063,      -8.010127632,               -32,      -8.492126474,      -7.770245258,      -10.38018897
          0,           0,        4683,       -9.99158144,      -8.010492563,               -32,      -8.492859472,      -7.773749179,      -10.38047694
          0,           0,        4684,      -10.00218209,      -8.010872385,               -32,      -8.493350949,      -7.776354181,      -10.38076447
          0,           0,        4685,      -10.00907497,      -8.011245112,               -32,      -8.493627978,      -7.774707107,       -10.3810511
          0,           0,        4686,      -10.01960267,      -8.011606456,               -32,      -8.494118326,       -7.77406249,      -10.38133732
          0,           0,        4687,      -10.02972042,      -8.011971132,               -32,      -8.494678347,       -7.77450781,      -10.38162304
          0,           0,        4688,      -10.02898071,      -8.012339219,               -32,      -8.495192936,      -7.774192269,      -10.38190786
          0,           0,        4689,      -10.01330378,      -8.012699266,               -32,      -8.495735696,      -7.773447428,      -10.38219179
          0,           0,        4690,      -9.994409915,      -8.013051921,               -32,      -8.496414192,      -7.774430946,       -10.3824761
          0,           0,        4691,      -9.996837941,      -8.013422454,               -32,      -8.497105117,      -7.778586279,      -10.38276097
          0,           0,        4692,      -10.00741972,      -8.013800075,               -32,      -8.497475466,      -7.779437028,      -10.38304531
          0,           0,        4693,       -10.0144086,      -8.014165944,               -32,      -8.497798959,      -7.777558995,      -10.38332911
          0,           0,        4694,      -10.02637823,      -8.014525605,               -32,      -8.498346836,       -7.77767118,      -10.38361271
          0,           0,        4695,      -10.03344619,      -8.014890992,               -32,      -8.498887537,      -7.777902555,      -10.38389582
          0,           0,        4696,      -10.02749633,      -8.015256461,               -32,      -8.499398863,      -7.777353497,      -10.38417806
          0,           0,        4697,      -10.00783265,      -8.015610936,               -32,      -8.499976342,      -7.776808882,      -10.38445984
          0,           0,        4698,      -9.995114177,      -8.015967362,               -32,      -8.500697228,      -7.779194913,      -10.38474237
          0,           0,        4699,      -10.00348966,      -8.016342687,               -32,      -8.501292525,      -7.782918973,      -10.38502511
          0,           0,        4700,      -10.01217651,      -8.016717104,               -32,      -8.501582405,      -7.782178804,      -10.38530724
          0,           0,        4701,      -10.02100852,      -8.017078616,               -32,      -8.501994448,      -7.780831337,      -10.38558909
          0,           0,        4702,       -10.0326552,      -8.017439835,               -32,      -8.502559397,      -7.781300405,      -10.38587074
          0,           0,        4703,      -10.03570979,      -8.017806568,               -32,      -8.503080589,      -7.781236643,      -10.38615184
          0,           0,        4704,      -10.02436034,       -8.01816923,               -32,      -8.503599853,      -7.780532277,      -10.38643214
          0,           0,        4705,      -10.00361674,      -8.018521295,               -32,      -8.504225438,      -7.780600058,      -10.38671253
          0,           0,        4706,       -9.99931101,      -8.018885586,               -32,      -8.504951421,      -7.784234952,      -10.38699369
          0,           0,        4707,      -10.01027191,      -8.019263552,               -32,      -8.505423247,      -7.786612518,      -10.38727472
          0,           0,        4708,      -10.01738908,      -8.019634027,               -32,      -8.505700046,      -7.784931354,      -10.38755524
          0,           0,        4709,      -10.02834934,       -8.01999412,               -32,      -8.506197578,      -7.784447578,      -10.38783561
          0,           0,        4710,      -10.03797207,      -8.020358258,               -32,      -8.506751426,      -7.784890137,      -10.38811568
          0,           0,        4711,      -10.03635007,      -8.020725549,               -32,      -8.507259026,      -7.784541819,      -10.38839506
          0,           0,        4712,      -10.02009452,      -8.021084596,               -32,      -8.507798347,      -7.783815119,      -10.38867373
          0,           0,        4713,        -10.002308,      -8.021438234,               -32,      -8.508476206,      -7.784975946,      -10.38895275
          0,           0,        4714,      -10.00589179,      -8.021810073,               -32,      -8.509153262,      -7.789107069,      -10.38923214
          0,           0,        4715,      -10.01641915,      -8.022187632,               -32,      -8.509509138,      -7.789771298,      -10.38951094
          0,           0,        4716,      -10.02378625,      -8.022553394,               -32,      -8.509839009,      -7.787986262,      -10.38978911
          0,           0,        4717,        -10.035733,      -8.022913763,               -32,      -8.510386668,       -7.78820101,      -10.39006683
          0,           0,        4718,      -10.04209648,      -8.023279831,               -32,      -8.510918076,      -7.788401292,      -10.39034378
          0,           0,        4719,      -10.03541057,      -8.023645287,               -32,      -8.511421086,      -7.787825803,      -10.39061955
          0,           0,        4720,      -10.01591047,      -8.023999846,               -32,      -8.511994134,      -7.787341769,      -10.39089446
          0,           0,        4721,       -10.0047566,      -8.024357954,               -32,      -8.512709014,      -7.789876091,      -10.39116941
          0,           0,        4722,      -10.01363645,       -8.02473345,               -32,      -8.513287528,      -7.793464422,      -10.39144389
          0,           0,        4723,      -10.02216322,      -8.025106904,               -32,      -8.513570007,      -7.792643519,      -10.39171719
          0,           0,        4724,       -10.0312776,      -8.025467525,               -32,      -8.513987586,      -7.791449349,       -10.3919895
          0,           0,        4725,      -10.04248935,      -8.025828099,               -32,       -8.51454475,      -7.791951246,      -10.39226079
          0,           0,        4726,      -10.04481301,      -8.026193494,               -32,      -8.515053497,      -7.791844439,      -10.39253069
          0,           0,        4727,      -10.03310489,      -8.026553926,               -32,      -8.515562129,      -7.791124496,      -10.39279894
          0,           0,        4728,      -10.01339362,      -8.026904383,               -32,      -8.516180573,      -7.791294916,      -10.39306622
          0,           0,        4729,      -10.01044655,      -8.027267197,               -32,      -8.516893945,      -7.794976962,      -10.39333311
          0,           0,        4730,      -10.02133336,      -8.027641609,               -32,      -8.517349875,      -7.797206263,      -10.39359881
          0,           0,        4731,       -10.0283921,      -8.028007807,               -32,       -8.51762469,      -7.795558004,      -10.39386297
          0,           0,        4732,      -10.03929768,      -8.028363798,               -32,      -8.518120815,       -7.79521104,      -10.39412585
          0,           0,        4733,      -10.04824489,      -8.028723609,               -32,      -8.518660527,      -7.795636143,      -10.39438724
          0,           0,        4734,      -10.04604977,      -8.029085649,               -32,      -8.519152265,      -7.795243587,      -10.39464675
          0,           0,        4735,      -10.03007331,      -8.029438928,               -32,      -8.519678208,      -7.794525058,      -10.39490434
          0,           0,        4736,      -10.01393255,      -8.029787796,               -32,       -8.52034439,      -7.795797617,      -10.39516092
          0,           0,        4737,      -10.01822428,      -8.030153466,               -32,      -8.521004365,      -7.799866107,      -10.39541654
          0,           0,        4738,      -10.02833967,      -8.030523415,               -32,       -8.52134756,      -7.800447527,      -10.39567036
          0,           0,        4739,      -10.03568579,      -8.030881425,               -32,      -8.521676587,      -7.798779631,      -10.39592233
          0,           0,        4740,      -10.04717954,      -8.031234362,               -32,      -8.522214016,      -7.799070532,      -10.39617259
          0,           0,        4741,      -10.05283657,      -8.031592625,               -32,      -8.522726443,      -7.799227045,      -10.39642079
          0,           0,        4742,      -10.04595143,      -8.031949622,               -32,      -8.523210546,      -7.798614536,      -10.39666658
          0,           0,        4743,      -10.02755019,      -8.032296106,               -32,       -8.52376744,      -7.798172064,      -10.39691026
          0,           0,        4744,      -10.01802769,      -8.032646726,               -32,      -8.524465645,      -7.800764258,      -10.39715268
          0,           0,        4745,      -10.02688643,      -8.033012824,               -32,      -8.525027233,      -7.804249381,       -10.3973934
          0,           0,        4746,       -10.0349528,      -8.033376501,               -32,       -8.52530116,      -7.803442557,      -10.39763178
          0,           0,        4747,      -10.04385715,      -8.033727808,               -32,      -8.525714122,      -7.802391064,      -10.39786801
          0,           0,        4748,      -10.05434452,      -8.034079467,               -32,      -8.526253787,      -7.802907299,      -10.39810203
          0,           0,        4749,      -10.05614084,      -8.034435688,               -32,      -8.526740281,      -7.802748877,      -10.39833349
          0,           0,        4750,      -10.04484328,        -8.0347869,               -32,      -8.527227706,       -7.80200779,      -10.39856217
          0,           0,        4751,      -10.02692767,      -8.035129313,               -32,      -8.527827183,      -7.802237707,      -10.39878876
          0,           0,        4752,      -10.02497546,      -8.035483481,               -32,      -8.528521215,      -7.805885409,      -10.39901381
          0,           0,        4753,      -10.03531712,      -8.035847995,               -32,      -8.528964216,      -7.808063006,      -10.39923664
          0,           0,        4754,      -10.04198986,      -8.036204726,               -32,       -8.52923303,      -7.806511656,      -10.39945695
          0,           0,        4755,      -10.05234774,      -8.036552033,               -32,      -8.529717844,      -7.806271956,      -10.39967504
          0,           0,        4756,      -10.06052578,      -8.036903465,               -32,      -8.530235466,      -7.806671588,      -10.39989074
          0,           0,        4757,      -10.05819738,       -8.03725708,               -32,      -8.530702971,      -7.806232294,      -10.40010375
          0,           0,        4758,      -10.04342311,      -8.037602567,               -32,      -8.531206061,      -7.805515795,      -10.40031416
          0,           0,        4759,      -10.02923247,      -8.037944675,               -32,      -8.531850339,      -7.806815306,      -10.40052291
          0,           0,        4760,      -10.03363662,      -8.038301933,               -32,      -8.532493046,      -7.810798536,      -10.40073017
          0,           0,        4761,      -10.04300567,       -8.03866328,               -32,      -8.532828258,      -7.811427305,      -10.40093528
          0,           0,        4762,       -10.0499037,      -8.039013504,               -32,      -8.533149662,       -7.80989159,      -10.40113834
          0,           0,        4763,      -10.06056913,      -8.039359333,               -32,      -8.533669314,      -7.810230948,      -10.40133961
          0,           0,        4764,      -10.06564842,      -8.039710617,               -32,      -8.534156928,      -7.810345135,      -10.40153891
          0,           0,        4765,      -10.05923643,      -8.040060842,               -32,      -8.534615286,      -7.809697467,      -10.40173608
          0,           0,        4766,      -10.04278471,      -8.040401672,               -32,      -8.535147317,       -7.80926952,      -10.40193159
          0,           0,        4767,       -10.0346467,      -8.040746403,               -32,       -8.53582197,      -7.811805435,      -10.40212641
          0,           0,        4768,      -10.04289785,      -8.041104951,               -32,      -8.536372741,      -7.815254347,      -10.40232036
          0,           0,        4769,      -10.05026948,      -8.041461693,               -32,      -8.536641147,      -7.814579835,      -10.40251304
          0,           0,        4770,      -10.05847125,      -8.041806879,               -32,      -8.537040895,      -7.813636956,      -10.40270482
          0,           0,        4771,      -10.06806007,      -8.042152758,               -32,      -8.537558192,      -7.814156521,      -10.40289582
          0,           0,        4772,      -10.06967813,      -8.042503243,               -32,      -8.538017893,      -7.813953704,      -10.40308593
          0,           0,        4773,      -10.05961842,      -8.042849272,               -32,      -8.538477833,      -7.813191848,      -10.40327514
          0,           0,        4774,      -10.04398266,      -8.043187495,               -32,      -8.539049494,      -7.813408938,      -10.40346428
          0,           0,        4775,      -10.04241794,      -8.043535737,               -32,      -8.539722206,      -7.816931984,      -10.40365409
          0,           0,        4776,      -10.05179927,      -8.043893575,               -32,      -8.540161635,      -7.819196816,      -10.40384415
          0,           0,        4777,      -10.05781712,      -8.044244623,               -32,      -8.540422231,      -7.817806668,      -10.40403435
          0,           0,        4778,      -10.06719411,      -8.044586773,               -32,      -8.540887556,      -7.817622191,      -10.40422511
          0,           0,        4779,      -10.07464547,      -8.044933089,               -32,      -8.541379719,      -7.818002701,      -10.40441642
          0,           0,        4780,      -10.07271988,      -8.045281747,               -32,      -8.541818443,      -7.817524826,      -10.40460815
          0,           0,        4781,      -10.05995733,      -8.045623193,               -32,      -8.542291527,      -7.816795596,      -10.40480045
          0,           0,        4782,      -10.04768168,      -8.045961246,               -32,       -8.54290514,      -7.818001311,      -10.40499432
          0,           0,        4783,      -10.05152375,      -8.046312107,               -32,      -8.543534012,      -7.821887129,      -10.40519005
          0,           0,        4784,      -10.05993613,      -8.046667423,               -32,       -8.54386958,       -7.82272565,      -10.40538707
          0,           0,        4785,      -10.06601867,      -8.047012616,               -32,      -8.544175331,      -7.821315414,      -10.40558549
          0,           0,        4786,      -10.07558852,       -8.04735353,               -32,      -8.544671117,      -7.821668848,      -10.40578555
          0,           0,        4787,      -10.08031441,      -8.047699848,               -32,      -8.545130765,      -7.821756635,      -10.40598703
          0,           0,        4788,      -10.07502218,      -8.048045579,               -32,      -8.545557916,      -7.821078893,      -10.40618974
          0,           0,        4789,      -10.06109139,      -8.048382906,               -32,      -8.546056354,      -7.820618286,      -10.40639398
          0,           0,        4790,      -10.05389677,      -8.048722595,               -32,      -8.546700386,      -7.822962472,      -10.40660059
          0,           0,        4791,      -10.06101117,       -8.04907441,               -32,      -8.547247765,      -7.826453361,      -10.40680932
          0,           0,        4792,      -10.06758042,      -8.049425565,               -32,      -8.547514096,      -7.826045276,      -10.40701959
          0,           0,        4793,      -10.07468303,      -8.049765862,               -32,      -8.547889798,      -7.825154189,      -10.40723154
          0,           0,        4794,      -10.08329631,      -8.050106652,               -32,      -8.548380817,      -7.825673543,      -10.40744505
          0,           0,        4795,      -10.08508832,      -8.050452155,               -32,      -8.548810087,      -7.825444454,      -10.40765975
          0,           0,        4796,       -10.0769066,      -8.050794065,               -32,      -8.549235875,      -7.824659076,      -10.40787533
          0,           0,        4797,      -10.06374443,      -8.051128609,               -32,      -8.549769708,       -7.82477382,      -10.40809223
          0,           0,        4798,      -10.06197172,      -8.051470504,               -32,      -8.550417497,      -7.828071409,       -10.4083109
          0,           0,        4799,      -10.07008958,      -8.051821621,               -32,      -8.550862522,      -7.830564734,      -10.40853063
          0,           0,        4800,      -10.07531692,      -8.052167446,               -32,      -8.551111593,      -7.829406767,      -10.40875096
          0,           0,        4801,      -10.08339621,      -8.052504536,               -32,      -8.551547673,      -7.829214255,      -10.40897187
          0,           0,        4802,      -10.09019561,      -8.052845538,               -32,      -8.552011811,      -7.829595697,        -10.409193
          0,           0,        4803,      -10.08908677,      -8.053189316,               -32,      -8.552417394,      -7.829093798,      -10.40941382
          0,           0,        4804,      -10.07883244,      -8.053527025,               -32,      -8.552852602,      -7.828332015,      -10.40963408
          0,           0,        4805,      -10.06832019,      -8.053860534,               -32,      -8.553425409,      -7.829320169,       -10.4098543
          0,           0,        4806,      -10.07105905,       -8.05420417,               -32,      -8.554040978,      -7.833074631,      -10.41007448
          0,           0,        4807,      -10.07841409,      -8.054553153,               -32,      -8.554385185,      -7.834286935,      -10.41029375
          0,           0,        4808,      -10.08347817,      -8.054893398,               -32,       -8.55466641,      -7.833001756,      -10.41051181
          0,           0,        4809,      -10.09177112,      -8.055229018,               -32,      -8.555131807,      -7.833333693,      -10.41072855
          0,           0,        4810,      -10.09630758,      -8.055569982,               -32,       -8.55556142,      -7.833424634,      -10.41094346
          0,           0,        4811,      -10.09252814,      -8.055911204,               -32,      -8.555952286,      -7.832724624,      -10.41115606
          0,           0,        4812,      -10.08137339,      -8.056245029,               -32,      -8.556408193,      -7.832184777,      -10.41136631
          0,           0,        4813,      -10.07479028,      -8.056578982,               -32,      -8.557012637,       -7.83420449,      -10.41157482
          0,           0,        4814,       -10.0803881,      -8.056923415,               -32,      -8.557561004,      -7.837774137,      -10.41178123
          0,           0,        4815,      -10.08616446,      -8.057268934,               -32,       -8.55782997,       -7.83777946,      -10.41198483
          0,           0,        4816,       -10.0919448,      -8.057604426,               -32,      -8.558170445,      -7.836889414,      -10.41218558
          0,           0,        4817,      -10.09952333,       -8.05793981,               -32,      -8.558632029,      -7.837409929,      -10.41238331
          0,           0,        4818,      -10.10167718,      -8.058280199,               -32,      -8.559028754,      -7.837182944,      -10.41257759
          0,           0,        4819,      -10.09565898,      -8.058618225,               -32,      -8.559414614,      -7.836372355,      -10.41276811
          0,           0,        4820,      -10.08499512,      -8.058949123,               -32,       -8.55990102,      -7.836309263,      -10.41295525
          0,           0,        4821,      -10.08266613,       -8.05928429,               -32,      -8.560517004,      -7.839265305,      -10.41313959
          0,           0,        4822,      -10.08932375,      -8.059628485,               -32,      -8.560974685,      -7.842081965,      -10.41332065
          0,           0,        4823,      -10.09379082,      -8.059969487,               -32,      -8.561211838,      -7.841255872,      -10.41349807
          0,           0,        4824,      -10.10038935,      -8.060301789,               -32,      -8.561608658,      -7.840991672,      -10.41367202
          0,           0,        4825,      -10.10654808,      -8.060637483,               -32,      -8.562043864,      -7.841402721,      -10.41384238
          0,           0,        4826,      -10.10640354,      -8.060976671,               -32,      -8.562413827,      -7.840898886,      -10.41400887
          0,           0,        4827,       -10.0987769,      -8.061311181,               -32,      -8.562804688,      -7.840089362,      -10.41417148
          0,           0,        4828,       -10.0899359,      -8.061640438,               -32,      -8.563326644,      -7.840761794,      -10.41433096
          0,           0,        4829,      -10.09129363,       -8.06197691,               -32,      -8.563924663,       -7.84430024,      -10.41448779
          0,           0,        4830,      -10.09754882,      -8.062319846,               -32,      -8.564285822,      -7.846020702,      -10.41464149
          0,           0,        4831,      -10.10160417,      -8.062655965,               -32,      -8.564536943,      -7.844898289,       -10.4147921
          0,           0,        4832,      -10.10850129,      -8.062986756,               -32,      -8.564965303,      -7.845165626,      -10.41493988
          0,           0,        4833,      -10.11286954,      -8.063322743,               -32,       -8.56536489,      -7.845300225,      -10.41508477
          0,           0,        4834,      -10.11064973,       -8.06366012,               -32,      -8.565716387,      -7.844590657,      -10.41522667
          0,           0,        4835,      -10.10223618,      -8.063991228,               -32,      -8.566122538,      -7.843940997,      -10.41536587
          0,           0,        4836,      -10.09618109,      -8.064320078,               -32,      -8.566677005,      -7.845523169,      -10.41550332
          0,           0,        4837,      -10.10007801,      -8.064657528,               -32,      -8.567225163,      -7.849127818,      -10.41563924
          0,           0,        4838,      -10.10513277,      -8.064998123,               -32,      -8.567504385,      -7.849696956,      -10.41577327
          0,           0,        4839,      -10.10957642,      -8.065329886,               -32,      -8.567800551,      -7.848787916,      -10.41590572
          0,           0,        4840,      -10.11604877,      -8.065660489,               -32,      -8.568229687,      -7.849302512,      -10.41603679
          0,           0,        4841,      -10.11853703,      -8.065996434,               -32,      -8.568593905,      -7.849117168,       -10.4161664
          0,           0,        4842,      -10.11458785,      -8.066331478,               -32,      -8.568936066,      -7.848284076,      -10.41629454
          0,           0,        4843,      -10.10632835,      -8.066659732,               -32,      -8.569366906,      -7.847999305,      -10.41642176
          0,           0,        4844,      -10.10342662,       -8.06698907,               -32,      -8.569940535,      -7.850489133,      -10.41654893
          0,           0,        4845,      -10.10852384,      -8.067326957,               -32,      -8.570413106,       -7.85363466,      -10.41667598
          0,           0,        4846,      -10.11238354,      -8.067664211,               -32,      -8.570643116,      -7.853278207,      -10.41680269
          0,           0,        4847,      -10.11747174,      -8.067992879,               -32,       -8.57099071,      -7.852887103,      -10.41692941
          0,           0,        4848,        -10.122926,      -8.068324023,               -32,      -8.571396857,      -7.853354034,      -10.41705618
          0,           0,        4849,      -10.12362083,      -8.068659489,               -32,      -8.571730864,      -7.852879668,      -10.41718289
          0,           0,        4850,      -10.11839381,      -8.068991849,               -32,      -8.572072922,      -7.852017313,      -10.41730956
          0,           0,        4851,      -10.11120125,      -8.069318115,               -32,      -8.572534876,      -7.852319015,      -10.41743687
          0,           0,        4852,      -10.11121302,      -8.069648455,               -32,      -8.573105086,      -7.855505757,      -10.41756544
          0,           0,        4853,      -10.11633596,      -8.069986125,               -32,      -8.573488885,      -7.857796572,      -10.41769492
          0,           0,        4854,      -10.11958104,      -8.070319469,               -32,       -8.57371036,      -7.856936068,      -10.41782522
          0,           0,        4855,      -10.12504284,      -8.070646605,               -32,      -8.574093474,      -7.857080337,       -10.4179566
          0,           0,        4856,      -10.12914287,      -8.070978506,               -32,       -8.57446449,      -7.857304748,       -10.4180889
          0,           0,        4857,      -10.12823111,      -8.071313036,               -32,      -8.574775762,      -7.856606632,      -10.41822194
          0,           0,        4858,      -10.12227031,       -8.07164265,               -32,       -8.57512712,      -7.855838827,      -10.41835579
          0,           0,        4859,      -10.11686705,      -8.071967933,               -32,      -8.575620948,      -7.856911242,      -10.41849118
          0,           0,        4860,       -10.1191044,      -8.072299476,               -32,      -8.576160241,      -7.860415458,      -10.41862834
          0,           0,        4861,      -10.12348783,      -8.072636134,               -32,      -8.576458448,      -7.861666265,      -10.41876679
          0,           0,        4862,       -10.1267894,      -8.072965742,               -32,      -8.576705843,      -7.860779376,      -10.41890654
          0,           0,        4863,      -10.13210302,      -8.073292758,               -32,      -8.577097929,      -7.861255177,      -10.41904763
          0,           0,        4864,      -10.13474894,      -8.073625303,               -32,      -8.577431658,      -7.861161942,      -10.41918981
          0,           0,        4865,      -10.13248817,      -8.073958499,               -32,      -8.577728749,      -7.860317605,      -10.41933285
          0,           0,        4866,      -10.12640302,      -8.074285616,               -32,      -8.578098533,      -7.859805085,      -10.41947694
          0,           0,        4867,      -10.12318187,      -8.074610893,               -32,      -8.578617196,      -7.861724298,      -10.41962273
          0,           0,        4868,      -10.12673375,      -8.074943591,               -32,      -8.579099374,      -7.865090354,      -10.41977013
          0,           0,        4869,      -10.13015521,      -8.075278371,               -32,      -8.579332325,      -7.865359354,      -10.41991863
          0,           0,        4870,      -10.13388076,      -8.075605156,               -32,      -8.579622455,      -7.864819936,      -10.42006834
          0,           0,        4871,      -10.13855033,      -8.075933027,               -32,      -8.579998729,      -7.865348162,      -10.42021912
          0,           0,        4872,      -10.13980034,      -8.076265967,               -32,      -8.580298882,      -7.864948028,      -10.42037064
          0,           0,        4873,      -10.13650181,      -8.076597507,               -32,       -8.58059057,      -7.864040568,       -10.4205227
          0,           0,        4874,      -10.13090247,      -8.076922681,               -32,      -8.580986142,      -7.863969121,      -10.42067562
          0,           0,        4875,      -10.12987249,      -8.077248767,               -32,      -8.581514234,      -7.866654199,      -10.42082993
          0,           0,        4876,      -10.13384414,      -8.077582362,               -32,      -8.581920437,      -7.869463461,      -10.42098524
          0,           0,        4877,      -10.13656454,       -8.07791457,               -32,      -8.582120825,       -7.86902586,      -10.42114124
          0,           0,        4878,       -10.1406737,      -8.078239894,               -32,      -8.582449467,      -7.868983835,      -10.42129799
          0,           0,        4879,      -10.14437593,      -8.078569097,               -32,      -8.582794089,      -7.869336261,      -10.42145527
          0,           0,        4880,      -10.14437157,      -8.078902124,               -32,      -8.583067182,      -7.868684083,      -10.42161274
          0,           0,        4881,      -10.14038692,       -8.07923182,               -32,      -8.583362231,      -7.867811174,      -10.42177029
          0,           0,        4882,      -10.13580397,      -8.079555813,               -32,      -8.583787342,      -7.868361695,       -10.4219284
          0,           0,        4883,      -10.13664335,      -8.079883299,               -32,       -8.58430303,      -7.871573372,      -10.42208739
          0,           0,        4884,      -10.14034573,      -8.080217298,               -32,      -8.584626136,      -7.873534292,      -10.42224677
          0,           0,        4885,      -10.14284343,      -8.080546716,               -32,       -8.58482871,      -7.872794048,      -10.42240639
          0,           0,        4886,      -10.14702048,      -8.080871988,               -32,       -8.58517653,      -7.873163773,       -10.4225663
          0,           0,        4887,      -10.14962276,      -8.081202602,               -32,      -8.585483523,      -7.873217399,      -10.42272619
          0,           0,        4888,      -10.14854897,      -8.081535369,               -32,      -8.585737409,      -7.872385671,       -10.4228858
          0,           0,        4889,      -10.14426346,       -8.08186321,               -32,      -8.586044531,      -7.871671935,      -10.42304514
          0,           0,        4890,      -10.14107108,      -8.082186887,               -32,      -8.586497388,      -7.872972631,      -10.42320481
          0,           0,        4891,      -10.14323671,      -8.082516101,               -32,      -8.586976134,      -7.876353935,      -10.42336491
          0,           0,        4892,      -10.14630579,      -8.082849774,               -32,      -8.587223649,      -7.877361071,      -10.42352494
          0,           0,        4893,      -10.14897396,      -8.083176812,               -32,      -8.587453892,      -7.876723894,      -10.42368495
          0,           0,        4894,      -10.15283044,      -8.083503138,               -32,      -8.587796916,      -7.877275314,      -10.42384487
          0,           0,        4895,      -10.15434415,      -8.083834998,               -32,      -8.588067453,      -7.877004315,      -10.42400443
          0,           0,        4896,      -10.15241285,      -8.084167138,               -32,      -8.588310449,       -7.87607047,      -10.42416341
          0,           0,        4897,      -10.14822684,      -8.084493309,               -32,      -8.588637534,      -7.875668027,      -10.42432202
          0,           0,        4898,      -10.14658404,      -8.084817523,               -32,      -8.589109217,      -7.877742598,      -10.42448086
          0,           0,        4899,      -10.14944903,       -8.08514849,               -32,      -8.589528926,      -7.880893813,      -10.42463982
          0,           0,        4900,       -10.1518777,      -8.085481013,               -32,      -8.589722488,      -7.881050989,      -10.42479852
          0,           0,        4901,      -10.15485262,      -8.085806601,               -32,      -8.589989044,      -7.880791183,      -10.42495709
          0,           0,        4902,      -10.15807908,      -8.086134627,               -32,      -8.590307629,      -7.881274641,       -10.4251154
          0,           0,        4903,      -10.15859791,      -8.086467428,               -32,      -8.590546816,      -7.880714633,      -10.42527318
          0,           0,        4904,      -10.15603827,      -8.086798575,               -32,      -8.590787269,      -7.879761763,      -10.42543031
          0,           0,        4905,      -10.15233307,      -8.087123471,               -32,      -8.591140039,      -7.879837248,       -10.4255872
          0,           0,        4906,      -10.15217253,      -8.087448952,               -32,      -8.591614788,      -7.882575299,      -10.42574435
          0,           0,        4907,       -10.1551648,      -8.087781385,               -32,      -8.591960505,      -7.885140278,      -10.42590145
          0,           0,        4908,      -10.15720614,      -8.088112121,               -32,      -8.592130501,      -7.884730278,      -10.42605833
          0,           0,        4909,      -10.16037012,      -8.088437439,               -32,      -8.592424699,      -7.884910375,      -10.42621512
          0,           0,        4910,      -10.16279524,       -8.08876736,               -32,      -8.592707903,      -7.885146161,      -10.42637143
          0,           0,        4911,      -10.16244937,      -8.089100711,               -32,      -8.592922659,       -7.88436195,       -10.4265265
          0,           0,        4912,      -10.15950569,      -8.089430538,               -32,      -8.593169022,       -7.88348945,      -10.42668098
          0,           0,        4913,      -10.15660425,      -8.089754675,               -32,      -8.593549575,      -7.884196251,      -10.42683541
          0,           0,        4914,      -10.15766724,      -8.090081877,               -32,      -8.594006508,      -7.887355629,      -10.42699013
          0,           0,        4915,       -10.1603761,      -8.090415055,               -32,      -8.594274279,      -7.889095481,      -10.42714473
          0,           0,        4916,      -10.16235664,      -8.090743671,               -32,      -8.594450704,       -7.88849689,      -10.42729921
          0,           0,        4917,      -10.16544934,       -8.09106964,               -32,       -8.59475292,       -7.88898455,      -10.42745361
          0,           0,        4918,       -10.1670292,      -8.091401105,               -32,      -8.594998045,      -7.888891988,      -10.42760771
          0,           0,        4919,      -10.16596424,      -8.091734297,               -32,      -8.595196305,      -7.887959056,      -10.42776131
          0,           0,        4920,      -10.16289714,      -8.092062406,               -32,      -8.595456763,      -7.887291417,      -10.42791454
          0,           0,        4921,      -10.16102166,      -8.092386282,               -32,      -8.595861724,      -7.888726761,      -10.42806799
          0,           0,        4922,      -10.16292061,      -8.092715299,               -32,      -8.596278328,      -7.891967914,      -10.42822179
          0,           0,        4923,      -10.16516274,      -8.093048255,               -32,      -8.596477712,      -7.892816532,      -10.42837555
          0,           0,        4924,      -10.16730943,      -8.093375072,               -32,      -8.596680583,      -7.892384352,      -10.42852939
          0,           0,        4925,      -10.17005677,      -8.093702469,               -32,      -8.596969497,      -7.892945687,      -10.42868326
          0,           0,        4926,      -10.17083404,      -8.094035206,               -32,       -8.59717956,      -7.892526763,      -10.42883692
          0,           0,        4927,      -10.16920358,      -8.094367835,               -32,      -8.597369794,      -7.891524651,      -10.42899022
          0,           0,        4928,      -10.16628308,      -8.094694381,               -32,       -8.59765166,      -7.891210816,      -10.42914345
          0,           0,        4929,      -10.16551939,      -8.095018891,               -32,       -8.59807125,      -7.893371683,      -10.42929719
          0,           0,        4930,      -10.16782232,      -8.095349822,               -32,       -8.59842797,      -7.896322749,      -10.42945132
          0,           0,        4931,      -10.16964649,      -8.095681826,               -32,      -8.598581373,      -7.896409724,      -10.42960559
          0,           0,        4932,      -10.17200271,      -8.096007862,               -32,      -8.598814959,      -7.896355326,      -10.42976013
          0,           0,        4933,      -10.17420431,      -8.096337228,               -32,      -8.599074777,      -7.896764329,      -10.42991481
          0,           0,        4934,      -10.17426515,      -8.096670998,               -32,      -8.599255954,      -7.896070357,      -10.43006941
          0,           0,        4935,      -10.17222907,      -8.097002742,               -32,      -8.599446883,       -7.89508634,      -10.43022384
          0,           0,        4936,      -10.16971735,      -8.097328168,               -32,      -8.599755248,      -7.895285968,      -10.43037854
          0,           0,        4937,      -10.17000361,      -8.097654171,               -32,      -8.600173505,      -7.898043174,      -10.43053397
          0,           0,        4938,      -10.17232312,      -8.097986788,               -32,      -8.600458022,       -7.90037732,      -10.43068985
          0,           0,        4939,      -10.17393256,      -8.098317363,               -32,      -8.600594899,      -7.899996184,      -10.43084608
          0,           0,        4940,      -10.17637548,      -8.098643821,               -32,      -8.600848361,       -7.90032635,      -10.43100276
          0,           0,        4941,      -10.17793257,       -8.09897531,               -32,      -8.601071609,      -7.900435975,      -10.43115969
          0,           0,        4942,      -10.17737851,      -8.099309771,               -32,      -8.601231758,      -7.899540361,      -10.43131667
          0,           0,        4943,       -10.1751083,      -8.099640374,               -32,      -8.601432214,      -7.898680587,      -10.43147371
          0,           0,        4944,      -10.17323445,      -8.099965339,               -32,      -8.601768243,      -7.899534518,      -10.43163137
          0,           0,        4945,      -10.17437539,      -8.100293489,               -32,      -8.602164718,      -7.902633567,      -10.43178991
          0,           0,        4946,       -10.1764432,      -8.100627194,               -32,      -8.602375966,      -7.904142306,      -10.43194897
          0,           0,        4947,      -10.17806864,      -8.100956348,               -32,      -8.602523764,      -7.903664123,      -10.43210861
          0,           0,        4948,      -10.18038821,      -8.101284288,               -32,      -8.602777775,      -7.904212107,      -10.43226883
          0,           0,        4949,       -10.1812895,      -8.101617772,               -32,      -8.602964367,      -7.903971912,       -10.4324294
          0,           0,        4950,       -10.1802263,       -8.10195249,               -32,      -8.603112198,       -7.90295597,      -10.43259015
          0,           0,        4951,      -10.17791115,      -8.102281829,               -32,      -8.603330692,      -7.902352894,      -10.43275123
          0,           0,        4952,      -10.17683749,      -8.102607157,               -32,      -8.603689816,       -7.90393851,      -10.43291323
          0,           0,        4953,      -10.17854158,      -8.102937782,               -32,      -8.604043018,      -7.907032838,      -10.43307617
          0,           0,        4954,      -10.18025885,      -8.103271724,               -32,      -8.604193491,      -7.907686289,      -10.43323976
          0,           0,        4955,       -10.1820432,      -8.103600022,               -32,      -8.604368439,      -7.907433741,       -10.4334041
          0,           0,        4956,      -10.18403171,       -8.10393014,               -32,      -8.604603752,      -7.907958413,      -10.43356912
          0,           0,        4957,      -10.18432088,      -8.104265311,               -32,      -8.604758434,       -7.90739273,      -10.43373457
          0,           0,        4958,      -10.18285672,      -8.104599794,               -32,      -8.604902999,      -7.906342108,      -10.43390033
          0,           0,        4959,      -10.18070247,      -8.104927967,               -32,       -8.60514666,      -7.906152364,      -10.43406669
          0,           0,        4960,      -10.18049178,      -8.105254546,               -32,      -8.605517591,      -7.908438612,      -10.43423418
          0,           0,        4961,      -10.18243168,      -8.105587593,               -32,      -8.605809435,      -7.911155637,      -10.43440264
          0,           0,        4962,      -10.18387043,      -8.105920925,               -32,      -8.605923619,      -7.911124264,      -10.43457186
          0,           0,        4963,      -10.18581255,      -8.106249339,               -32,      -8.606125826,      -7.911252478,      -10.43474197
          0,           0,        4964,       -10.1873248,      -8.106581922,               -32,      -8.606329525,      -7.911543926,      -10.43491279
          0,           0,        4965,      -10.18706939,      -8.106918367,               -32,      -8.606459554,      -7.910718764,       -10.4350841
          0,           0,        4966,      -10.18531975,      -8.107252124,               -32,      -8.606610244,      -7.909731146,      -10.43525584
          0,           0,        4967,      -10.18353776,      -8.107579522,               -32,      -8.606883331,       -7.91011819,      -10.43542845
          0,           0,        4968,      -10.18413519,       -8.10790817,               -32,      -8.607248351,      -7.912938309,       -10.4356023
          0,           0,        4969,      -10.18601908,      -8.108243171,               -32,       -8.60746907,      -7.914962932,      -10.43577709
          0,           0,        4970,      -10.18735866,      -8.108575421,               -32,      -8.607576732,      -7.914576546,      -10.43595277
          0,           0,        4971,      -10.18932948,      -8.108905044,               -32,       -8.60779225,      -7.915027703,       -10.4361294
          0,           0,        4972,      -10.19029997,      -8.109240028,               -32,      -8.607959766,      -7.914968494,      -10.43630674
          0,           0,        4973,      -10.18957381,      -8.109577249,               -32,      -8.608073912,      -7.913967973,      -10.43648459
          0,           0,        4974,      -10.18767215,      -8.109909909,               -32,      -8.608240075,      -7.913165394,        -10.436663
          0,           0,        4975,      -10.18645547,      -8.110237242,               -32,      -8.608542015,        -7.9142621,      -10.43684249
          0,           0,        4976,      -10.18769025,      -8.110568546,               -32,      -8.608879266,      -7.917315897,      -10.43702324
          0,           0,        4977,      -10.18933027,      -8.110904666,               -32,      -8.609031881,      -7.918476261,       -10.4372049
          0,           0,        4978,      -10.19075298,      -8.111235982,               -32,      -8.609158029,      -7.918116075,      -10.43738754
          0,           0,        4979,       -10.1925614,       -8.11156773,               -32,      -8.609366573,      -7.918674738,      -10.43757111
          0,           0,        4980,      -10.19299027,      -8.111904836,               -32,      -8.609500246,      -7.918247166,      -10.43775536
          0,           0,        4981,      -10.19186865,      -8.112242267,               -32,      -8.609608118,      -7.917162388,      -10.43794013
          0,           0,        4982,      -10.18997611,      -8.112573701,               -32,      -8.609798463,      -7.916698433,       -10.4381256
          0,           0,        4983,      -10.18946201,      -8.112901922,               -32,      -8.610121836,      -7.918551908,       -10.4383123
          0,           0,        4984,      -10.19107664,      -8.113236099,               -32,      -8.610409529,      -7.921450372,      -10.43850018
          0,           0,        4985,      -10.19243787,      -8.113572353,               -32,      -8.610511806,      -7.921786593,      -10.43868896
          0,           0,        4986,      -10.19403149,      -8.113903505,               -32,      -8.610667221,      -7.921734785,      -10.43887876
          0,           0,        4987,      -10.19550049,      -8.114237902,               -32,      -8.610851268,       -7.92214681,      -10.43906943
          0,           0,        4988,      -10.19542489,      -8.114576732,               -32,      -8.610957676,      -7.921402411,      -10.43926073
          0,           0,        4989,      -10.19398815,      -8.114913792,               -32,      -8.611069361,      -7.920333132,      -10.43945255
          0,           0,        4990,       -10.1922942,      -8.115244219,               -32,      -8.611290542,      -7.920385525,      -10.43964523
          0,           0,        4991,      -10.19252545,      -8.115574369,               -32,      -8.611620268,      -7.922905405,      -10.43983921
          0,           0,        4992,      -10.19423453,      -8.115911168,               -32,      -8.611842237,       -7.92525671,      -10.44003424
          0,           0,        4993,      -10.19542939,      -8.116246771,               -32,      -8.611923242,      -7.925029332,       -10.4402302
          0,           0,        4994,      -10.19714352,      -8.116578916,               -32,      -8.612101167,      -7.925349764,      -10.44042717
          0,           0,        4995,      -10.19815892,      -8.116916075,               -32,      -8.612251415,      -7.925430528,      -10.44062494
          0,           0,        4996,      -10.19762911,      -8.117256132,               -32,      -8.612339482,      -7.924456073,      -10.44082328
          0,           0,        4997,      -10.19597402,      -8.117592305,               -32,      -8.612465433,      -7.923523369,      -10.44102219
          0,           0,        4998,      -10.19468296,      -8.117922373,               -32,      -8.612719804,      -7.924264082,      -10.44122214
          0,           0,        4999,      -10.19558257,      -8.118255343,               -32,      -8.613034324,      -7.927196649,      -10.44142337
          0,           0,        5000,      -10.19714896,      -8.118594031,               -32,      -8.613186051,      -7.928713749,      -10.44162558
          0,           0,        5001,      -10.19836327,      -8.118928813,               -32,      -8.613276249,      -7.928324532,      -10.44182877
          0,           0,        5002,      -10.20003689,      -8.119263078,               -32,      -8.613457755,      -7.928854772,      -10.44203296
          0,           0,        5003,      -10.20055605,      -8.119602797,               -32,      -8.613573721,      -7.928536205,      -10.44223789
          0,           0,        5004,      -10.19962486,      -8.119943484,               -32,       -8.61365382,      -7.927432954,      -10.44244338
          0,           0,        5005,      -10.19788092,      -8.120278479,               -32,      -8.613804237,      -7.926793183,      -10.44264958
          0,           0,        5006,      -10.19717708,      -8.120609225,               -32,      -8.614087304,      -7.928328572,      -10.44285699
          0,           0,        5007,      -10.19854878,      -8.120945513,               -32,      -8.614362201,      -7.931277198,      -10.44306567
          0,           0,        5008,      -10.19986171,      -8.121285021,               -32,      -8.614455581,      -7.931886369,      -10.44327532
          0,           0,        5009,      -10.20124068,      -8.121619583,               -32,      -8.614574355,       -7.93171247,      -10.44348607
          0,           0,        5010,      -10.20267813,      -8.121956737,               -32,      -8.614738693,      -7.932174859,       -10.4436978
          0,           0,        5011,      -10.20270899,      -8.122298626,               -32,      -8.614826167,      -7.931489522,      -10.44391027
          0,           0,        5012,       -10.2014328,      -8.122639275,               -32,      -8.614909508,      -7.930367405,      -10.44412338
          0,           0,        5013,      -10.19977382,      -8.122973177,               -32,      -8.615092913,      -7.930213685,      -10.44433743
          0,           0,        5014,      -10.19977019,      -8.123305868,               -32,      -8.615391333,      -7.932511107,      -10.44455288
          0,           0,        5015,      -10.20134042,      -8.123645406,               -32,      -8.615605637,      -7.935020567,      -10.44476958
          0,           0,        5016,      -10.20245657,      -8.123984715,               -32,      -8.615668349,      -7.934918894,      -10.44498737
          0,           0,        5017,      -10.20401244,      -8.124320254,               -32,      -8.615815605,      -7.935129792,      -10.44520636
          0,           0,        5018,      -10.20505822,      -8.124660565,               -32,      -8.615949337,      -7.935281748,      -10.44542637
          0,           0,        5019,      -10.20463033,      -8.125004095,               -32,      -8.616017642,       -7.93431992,      -10.44564718
          0,           0,        5020,        -10.203081,      -8.125344065,               -32,      -8.616115918,       -7.93330834,      -10.44586879
          0,           0,        5021,      -10.20172161,      -8.125677483,               -32,      -8.616336788,      -7.933845599,      -10.44609162
          0,           0,        5022,      -10.20240992,      -8.126013298,               -32,      -8.616628539,      -7.936677956,        -10.446316
          0,           0,        5023,      -10.20390884,       -8.12635538,               -32,      -8.616772424,      -7.938367729,      -10.44654162
          0,           0,        5024,      -10.20501089,      -8.126694082,               -32,      -8.616838673,      -7.937970954,      -10.44676851
          0,           0,        5025,        -10.206609,      -8.127031911,               -32,      -8.616997026,       -7.93845364,      -10.44699668
          0,           0,        5026,      -10.20718135,       -8.12737522,               -32,      -8.617097211,      -7.938181534,       -10.4472259
          0,           0,        5027,      -10.20632833,      -8.127719726,               -32,      -8.617157734,      -7.937057701,      -10.44745599
          0,           0,        5028,      -10.20461555,      -8.128058579,               -32,      -8.617282625,      -7.936325314,      -10.44768707
          0,           0,        5029,      -10.20378022,       -8.12839268,               -32,      -8.617537981,      -7.937704287,      -10.44791963
          0,           0,        5030,      -10.20500545,      -8.128732358,               -32,       -8.61779591,      -7.940650963,      -10.44815377
          0,           0,        5031,      -10.20627043,      -8.129075779,               -32,      -8.617877844,      -7.941365006,      -10.44838918
          0,           0,        5032,      -10.20754419,      -8.129414388,               -32,      -8.617973016,      -7.941124204,      -10.44862596
          0,           0,        5033,      -10.20897254,      -8.129755459,               -32,      -8.618119363,      -7.941581469,      -10.44886403
          0,           0,        5034,      -10.20905136,      -8.130101342,               -32,      -8.618191363,      -7.940903518,      -10.44910312
          0,           0,        5035,      -10.20780924,      -8.130446043,               -32,      -8.618256689,      -7.939743488,      -10.44934312
          0,           0,        5036,      -10.20610361,      -8.130783776,               -32,      -8.618418306,      -7.939506943,      -10.44958428
          0,           0,        5037,      -10.20596291,      -8.131120091,               -32,      -8.618694765,       -7.94172594,      -10.44982706
          0,           0,        5038,      -10.20744932,      -8.131463631,               -32,      -8.618894028,      -7.944261548,       -10.4500713
          0,           0,        5039,      -10.20850723,      -8.131807163,               -32,      -8.618942274,      -7.944172016,      -10.45031682
          0,           0,        5040,      -10.21000637,      -8.132146982,               -32,      -8.619069973,      -7.944327098,      -10.45056371
          0,           0,        5041,      -10.21107305,       -8.13249164,               -32,      -8.619188055,      -7.944470469,      -10.45081177
          0,           0,        5042,      -10.21066629,      -8.132839475,               -32,      -8.619242094,      -7.943485644,      -10.45106075
          0,           0,        5043,      -10.20908765,      -8.133183586,               -32,       -8.61932544,      -7.942436362,      -10.45131062
          0,           0,        5044,      -10.20762787,      -8.133520865,               -32,      -8.619529395,      -7.942935579,      -10.45156177
          0,           0,        5045,      -10.20822178,      -8.133860862,               -32,       -8.61980271,      -7.945755503,      -10.45181451
          0,           0,        5046,      -10.20966376,      -8.134207429,               -32,      -8.619930696,       -7.94742164,       -10.4520685
          0,           0,        5047,      -10.21071343,      -8.134550532,               -32,      -8.619983309,      -7.946987997,      -10.45232372
          0,           0,        5048,      -10.21230912,      -8.134893047,               -32,      -8.620125728,      -7.947436924,      -10.45258017
          0,           0,        5049,      -10.21289875,      -8.135241088,               -32,      -8.620211583,       -7.94712683,      -10.45283758
          0,           0,        5050,      -10.21201798,      -8.135590081,               -32,      -8.620260483,      -7.945967797,      -10.45309576
          0,           0,        5051,      -10.21020396,       -8.13593303,               -32,      -8.620375099,       -7.94522294,      -10.45335479
          0,           0,        5052,      -10.20926612,      -8.136271267,               -32,      -8.620618101,      -7.946638921,      -10.45361515
          0,           0,        5053,      -10.21045017,      -8.136615803,               -32,      -8.620857396,      -7.949572434,      -10.45387687
          0,           0,        5054,      -10.21165163,      -8.136963923,               -32,      -8.620923284,      -7.950181834,      -10.45413964
          0,           0,        5055,      -10.21291909,      -8.137307207,               -32,      -8.621008777,      -7.949921706,      -10.45440354
          0,           0,        5056,       -10.2143712,      -8.137653437,               -32,      -8.621140458,       -7.95032918,      -10.45466843
          0,           0,        5057,      -10.21443728,      -8.138004308,               -32,      -8.621200291,      -7.949588851,      -10.45493406
          0,           0,        5058,      -10.21309471,      -8.138353492,               -32,      -8.621258337,      -7.948402455,      -10.45520027
          0,           0,        5059,      -10.21123371,      -8.138695279,               -32,      -8.621415488,      -7.948216222,      -10.45546733
          0,           0,        5060,      -10.21104597,      -8.139036353,               -32,      -8.621681371,      -7.950537647,      -10.45573568
          0,           0,        5061,      -10.21250902,      -8.139385272,               -32,      -8.621858837,      -7.952967409,      -10.45600509
          0,           0,        5062,      -10.21350878,      -8.139733494,               -32,      -8.621895503,      -7.952742434,       -10.4562754
          0,           0,        5063,      -10.21506246,      -8.140078478,               -32,      -8.622016329,      -7.952909175,      -10.45654668
          0,           0,        5064,      -10.21614354,      -8.140428672,               -32,      -8.622120193,      -7.952957146,       -10.4568187
          0,           0,        5065,      -10.21566662,      -8.140781573,               -32,      -8.622165847,       -7.95190644,      -10.45709122
          0,           0,        5066,      -10.21389718,      -8.141129973,               -32,      -8.622248016,      -7.950866712,      -10.45736422
          0,           0,        5067,      -10.21228371,      -8.141471498,               -32,       -8.62245288,      -7.951518769,      -10.45763811
          0,           0,        5068,      -10.21291021,       -8.14181709,               -32,      -8.622712453,        -7.9544278,      -10.45791314
          0,           0,        5069,      -10.21429455,      -8.142169145,               -32,      -8.622816447,      -7.955845624,      -10.45818897
          0,           0,        5070,      -10.21535045,      -8.142517008,               -32,      -8.622866542,      -7.955345515,      -10.45846559
          0,           0,        5071,       -10.2170295,      -8.142865285,               -32,      -8.623000704,      -7.955776434,        -10.458743
          0,           0,        5072,      -10.21759591,      -8.143219044,               -32,      -8.623074344,      -7.955337091,      -10.45902091
          0,           0,        5073,      -10.21655392,      -8.143572942,               -32,       -8.62312059,      -7.954131965,      -10.45929915
          0,           0,        5074,      -10.21446711,      -8.143919925,               -32,      -8.623241492,      -7.953474832,      -10.45957784
          0,           0,        5075,       -10.2134596,      -8.144263045,               -32,       -8.62348752,      -7.955149363,      -10.45985749
          0,           0,        5076,       -10.2147145,       -8.14461388,               -32,      -8.623704943,       -7.95802579,      -10.46013805
          0,           0,        5077,      -10.21581974,      -8.144967158,               -32,      -8.623751692,      -7.958305002,      -10.46041923
          0,           0,        5078,      -10.21720136,      -8.145315632,               -32,      -8.623842141,       -7.95809191,      -10.46070113
          0,           0,        5079,      -10.21871548,      -8.145668085,               -32,       -8.62396217,      -7.958390064,      -10.46098361
          0,           0,        5080,      -10.21869033,      -8.146024613,               -32,      -8.624014297,       -7.95752231,      -10.46126641
          0,           0,        5081,      -10.21706099,      -8.146378289,               -32,      -8.624077281,      -7.956335072,      -10.46154943
          0,           0,        5082,      -10.21490493,      -8.146724058,               -32,      -8.624248155,      -7.956369918,        -10.461833
          0,           0,        5083,      -10.21479173,      -8.147071065,               -32,      -8.624512405,      -7.958970911,      -10.46211752
          0,           0,        5084,      -10.21627201,      -8.147426428,               -32,      -8.624659419,      -7.961094335,      -10.46240272
          0,           0,        5085,      -10.21722424,      -8.147779409,               -32,      -8.624691271,      -7.960621795,      -10.46268848
          0,           0,        5086,      -10.21896769,      -8.148130314,               -32,      -8.624816239,       -7.96086103,      -10.46297487
          0,           0,        5087,      -10.22005322,      -8.148486863,               -32,       -8.62490763,      -7.960718199,      -10.46326166
          0,           0,        5088,      -10.21937152,       -8.14884508,               -32,      -8.624952554,      -7.959574866,      -10.46354864
          0,           0,        5089,      -10.21717764,      -8.149197384,               -32,      -8.625048953,      -7.958620816,      -10.46383583
          0,           0,        5090,      -10.21536606,      -8.149543397,               -32,      -8.625271731,      -7.959658974,      -10.46412373
          0,           0,        5091,       -10.2161835,      -8.149895952,               -32,       -8.62551679,      -7.962685153,      -10.46441247
          0,           0,        5092,      -10.21746944,      -8.150253849,               -32,      -8.625589979,      -7.963583947,      -10.46470172
          0,           0,        5093,      -10.21864339,      -8.150606548,               -32,      -8.625651974,      -7.963058656,      -10.46499152
          0,           0,        5094,      -10.22050073,      -8.150961385,               -32,      -8.625782362,       -7.96344435,      -10.46528184
          0,           0,        5095,      -10.22098412,      -8.151321276,               -32,      -8.625847463,      -7.962799182,      -10.46557241
          0,           0,        5096,      -10.21956651,       -8.15167981,               -32,      -8.625902217,      -7.961561728,      -10.46586307
          0,           0,        5097,      -10.21697029,      -8.152030248,               -32,      -8.626047117,      -7.961142875,      -10.46615407
          0,           0,        5098,      -10.21599121,      -8.152379069,               -32,      -8.626307097,      -7.963300739,      -10.46644588
          0,           0,        5099,      -10.21741608,      -8.152737214,               -32,      -8.626493373,      -7.965940234,      -10.46673835
          0,           0,        5100,       -10.2183878,      -8.153095329,               -32,      -8.626524397,      -7.965709747,      -10.46703126
          0,           0,        5101,      -10.22006766,      -8.153449346,               -32,      -8.626632892,      -7.965638754,      -10.46732471
          0,           0,        5102,      -10.22167702,      -8.153808528,               -32,      -8.626742624,      -7.965732443,      -10.46761853
          0,           0,        5103,      -10.22142722,      -8.154170635,               -32,      -8.626794109,       -7.96470516,      -10.46791247
          0,           0,        5104,      -10.21920721,      -8.154527997,               -32,       -8.62687658,      -7.963578883,      -10.46820649
          0,           0,        5105,      -10.21661235,      -8.154877415,               -32,      -8.627078636,      -7.964070072,      -10.46850104
          0,           0,        5106,      -10.21678361,      -8.155231584,               -32,      -8.627341252,      -7.967032136,       -10.4687964
          0,           0,        5107,      -10.21825215,      -8.155593531,               -32,      -8.627447651,      -7.968531546,      -10.46909221
          0,           0,        5108,      -10.21925012,      -8.155950789,               -32,      -8.627489644,       -7.96783398,      -10.46938847
          0,           0,        5109,      -10.22134985,      -8.156308092,               -32,      -8.627623761,        -7.9681492,      -10.46968518
          0,           0,        5110,      -10.22240767,      -8.156671022,               -32,      -8.627705922,      -7.967732329,      -10.46998211
          0,           0,        5111,      -10.22127599,      -8.157033887,               -32,      -8.627760971,       -7.96650991,      -10.47027907
          0,           0,        5112,      -10.21830625,      -8.157388962,               -32,      -8.627888838,       -7.96577661,      -10.47057618
          0,           0,        5113,      -10.21635639,      -8.157739873,               -32,      -8.628141385,      -7.967462436,      -10.47087399
          0,           0,        5114,      -10.21755272,       -8.15810034,               -32,      -8.628360723,      -7.970430849,      -10.47117243
          0,           0,        5115,      -10.21864988,      -8.158463259,               -32,       -8.62840369,      -7.970559775,      -10.47147121
          0,           0,        5116,      -10.22018556,      -8.158820657,               -32,      -8.628493956,      -7.970155386,      -10.47177041
          0,           0,        5117,      -10.22231118,      -8.159182222,               -32,      -8.628620467,      -7.970393387,      -10.47206992
          0,           0,        5118,       -10.2225851,      -8.159547719,               -32,      -8.628684311,      -7.969515485,      -10.47236949
          0,           0,        5119,      -10.22040893,      -8.159909607,               -32,      -8.628761814,      -7.968303338,        -10.472669
          0,           0,        5120,      -10.21703425,      -8.160262555,               -32,      -8.628948333,      -7.968356532,      -10.47296882
          0,           0,        5121,      -10.21636262,      -8.160618163,               -32,      -8.629222224,       -7.97112695,      -10.47326934
          0,           0,        5122,      -10.21797318,      -8.160983507,               -32,      -8.629362949,      -7.973146298,      -10.47357024
          0,           0,        5123,        -10.218867,      -8.161345253,               -32,      -8.629394904,      -7.972411629,      -10.47387139
          0,           0,        5124,      -10.22111349,      -8.161704924,               -32,       -8.62952764,      -7.972538928,      -10.47417286
          0,           0,        5125,      -10.22281914,      -8.162070375,               -32,      -8.629629245,      -7.972329198,      -10.47447441
          0,           0,        5126,      -10.22206905,      -8.162436871,               -32,      -8.629691408,      -7.971168406,      -10.47477583
          0,           0,        5127,      -10.21877617,      -8.162796141,               -32,      -8.629810401,      -7.970226758,      -10.47507714
          0,           0,        5128,      -10.21574925,      -8.163149092,               -32,      -8.630056064,      -7.971466144,      -10.47537888
          0,           0,        5129,      -10.21653466,       -8.16351126,               -32,       -8.63030306,      -7.974614554,       -10.4756811
          0,           0,        5130,      -10.21784957,       -8.16387829,               -32,      -8.630365836,      -7.975146149,      -10.47598341
          0,           0,        5131,      -10.21920551,      -8.164238948,               -32,      -8.630439856,      -7.974442395,      -10.47628585
          0,           0,        5132,      -10.22182938,      -8.164602321,               -32,      -8.630580743,      -7.974725933,      -10.47658835
          0,           0,        5133,      -10.22274192,      -8.164970395,               -32,      -8.630661367,      -7.974015199,      -10.47689064
          0,           0,        5134,      -10.22069657,      -8.165335909,               -32,      -8.630741116,      -7.972778248,      -10.47719253
          0,           0,        5135,      -10.21653876,       -8.16569195,               -32,      -8.630917957,      -7.972491317,      -10.47749431
          0,           0,        5136,       -10.2148251,      -8.166048438,               -32,      -8.631199907,      -7.975001078,      -10.47779644
          0,           0,        5137,      -10.21651654,      -8.166416156,               -32,       -8.63137404,      -7.977450277,      -10.47809863
          0,           0,        5138,      -10.21741274,      -8.166781715,               -32,      -8.631404767,      -7.976782624,      -10.47840063
          0,           0,        5139,      -10.21972061,      -8.167143169,               -32,      -8.631532917,      -7.976649122,      -10.47870252
          0,           0,        5140,      -10.22214797,      -8.167510095,               -32,      -8.631655291,      -7.976609914,      -10.47900408
          0,           0,        5141,      -10.22190802,      -8.167879026,               -32,      -8.631729978,      -7.975545845,      -10.47930505
          0,           0,        5142,       -10.2183629,      -8.168241431,               -32,      -8.631846924,      -7.974473482,      -10.47960536
          0,           0,        5143,      -10.21415876,      -8.168595725,               -32,      -8.632087648,      -7.975306288,      -10.47990554
          0,           0,        5144,       -10.2143341,      -8.168958393,               -32,      -8.632358583,      -7.978522655,      -10.48020575
          0,           0,        5145,      -10.21595976,       -8.16932821,               -32,       -8.63244611,      -7.979468072,      -10.48050553
          0,           0,        5146,       -10.2171456,      -8.169691293,               -32,      -8.632507349,      -7.978522482,      -10.48080486
          0,           0,        5147,      -10.22023178,      -8.170055272,               -32,      -8.632660052,      -7.978760703,      -10.48110372
          0,           0,        5148,      -10.22191426,      -8.170424464,               -32,      -8.632760876,      -7.978224514,      -10.48140182
          0,           0,        5149,      -10.22013098,      -8.170792105,               -32,      -8.632848534,      -7.977008764,      -10.48169893
          0,           0,        5150,      -10.21522441,       -8.17115012,               -32,      -8.633020719,      -7.976458116,      -10.48199527
          0,           0,        5151,      -10.21226749,      -8.171506311,               -32,      -8.633309182,      -7.978661266,      -10.48229142
          0,           0,        5152,      -10.21395394,       -8.17187479,               -32,      -8.633516049,      -7.981464917,      -10.48258713
          0,           0,        5153,      -10.21500562,       -8.17224287,               -32,      -8.633552972,      -7.980949705,      -10.48288206
          0,           0,        5154,      -10.21729621,      -8.172605014,               -32,      -8.633674411,      -7.980514744,      -10.48317632
          0,           0,        5155,      -10.22049905,      -8.172971907,               -32,      -8.633818125,      -7.980601811,      -10.48346975
          0,           0,        5156,      -10.22093259,       -8.17334173,               -32,      -8.633909715,      -7.979662894,      -10.48376205
          0,           0,        5157,      -10.21727477,       -8.17370593,               -32,      -8.634029999,      -7.978517754,      -10.48405313
          0,           0,        5158,      -10.21184647,      -8.174060672,               -32,      -8.634267631,      -7.978975292,      -10.48434354
          0,           0,        5159,      -10.21117739,      -8.174422488,               -32,      -8.634560213,      -7.982163113,      -10.48463362
          0,           0,        5160,      -10.21320303,      -8.174793722,               -32,      -8.634676994,      -7.983537504,      -10.48492282
          0,           0,        5161,      -10.21428345,      -8.175158496,               -32,      -8.634729441,      -7.982421357,       -10.4852111
          0,           0,        5162,      -10.21775589,      -8.175522159,               -32,      -8.634891138,      -7.982532192,      -10.48549851
          0,           0,        5163,      -10.22033439,      -8.175891396,               -32,      -8.635015093,      -7.982172583,      -10.48578479
          0,           0,        5164,      -10.21900823,      -8.176260269,               -32,      -8.635115375,      -7.981016137,       -10.4860697
          0,           0,        5165,      -10.21349385,      -8.176619893,               -32,      -8.635286921,      -7.980258865,      -10.48635341
          0,           0,        5166,      -10.20911764,        -8.1769755,               -32,      -8.635580785,      -7.982104425,      -10.48663662
          0,           0,        5167,      -10.21064853,       -8.17734405,               -32,      -8.635821256,       -7.98520047,      -10.48691917
          0,           0,        5168,      -10.21206016,      -8.177714484,               -32,      -8.635872103,       -7.98493424,       -10.4872006
          0,           0,        5169,      -10.21425591,      -8.178077629,               -32,      -8.635985274,       -7.98417914,      -10.48748106
          0,           0,        5170,      -10.21823044,      -8.178444473,               -32,      -8.636150553,      -7.984342902,      -10.48776047
          0,           0,        5171,      -10.21952049,      -8.178815293,               -32,      -8.636263238,      -7.983555147,      -10.48803852
          0,           0,        5172,      -10.21599759,      -8.179181793,               -32,      -8.636391363,      -7.982383641,       -10.4883151
          0,           0,        5173,      -10.20942759,      -8.179538066,               -32,      -8.636627405,      -7.982483612,      -10.48859073
          0,           0,        5174,      -10.20762788,      -8.179899616,               -32,      -8.636940357,      -7.985536312,      -10.48886586
          0,           0,        5175,      -10.21009004,      -8.180272884,               -32,      -8.637092625,      -7.987376234,      -10.48913999
          0,           0,        5176,      -10.21119709,      -8.180640788,               -32,      -8.637141467,      -7.986186251,      -10.48941296
          0,           0,        5177,      -10.21490979,      -8.181005504,               -32,      -8.637309085,      -7.986089916,      -10.48968492
          0,           0,        5178,      -10.21846565,      -8.181375955,               -32,      -8.637459186,       -7.98590495,      -10.48995567
          0,           0,        5179,      -10.21784903,      -8.181747436,               -32,      -8.637576634,      -7.984842009,      -10.49022493
          0,           0,        5180,      -10.21202941,      -8.182110617,               -32,       -8.63775099,      -7.983924951,      -10.49049282
          0,           0,        5181,      -10.20614202,      -8.182467628,               -32,      -8.638049132,      -7.985347363,      -10.49076006
          0,           0,        5182,      -10.20723972,      -8.182837527,               -32,      -8.638325608,      -7.988666003,      -10.49102662
          0,           0,        5183,      -10.20923206,      -8.183212091,               -32,      -8.638400238,      -7.988778027,        -10.491292
          0,           0,        5184,      -10.21126184,      -8.183578567,               -32,      -8.638504229,      -7.987708946,       -10.4915563
          0,           0,        5185,      -10.21590088,      -8.183947194,               -32,      -8.638690613,      -7.987887249,      -10.49181954
          0,           0,        5186,      -10.21821052,      -8.184320767,               -32,      -8.638828505,      -7.987273774,      -10.49208145
          0,           0,        5187,      -10.21517154,      -8.184691565,               -32,      -8.638968633,      -7.986116101,      -10.49234188
          0,           0,        5188,      -10.20773818,      -8.185051878,               -32,      -8.639204204,       -7.98587356,      -10.49260123
          0,           0,        5189,      -10.20448911,       -8.18541485,               -32,      -8.639535892,      -7.988656051,      -10.49286009
          0,           0,        5190,      -10.20728063,      -8.185791497,               -32,      -8.639731632,      -7.991004972,      -10.49311803
          0,           0,        5191,      -10.20861817,      -8.186164647,               -32,      -8.639784313,      -7.989881735,      -10.49337482
          0,           0,        5192,      -10.21234328,      -8.186532393,               -32,      -8.639953573,      -7.989496111,      -10.49363063
          0,           0,        5193,      -10.21686312,      -8.186905491,               -32,      -8.640132212,      -7.989472275,      -10.49388531
          0,           0,        5194,      -10.21721761,      -8.187280993,               -32,      -8.640270958,      -7.988534394,      -10.49413862
          0,           0,        5195,      -10.21154656,      -8.187649501,               -32,      -8.640451127,       -7.98750265,      -10.49439057
          0,           0,        5196,      -10.20422727,      -8.188009713,               -32,      -8.640751511,      -7.988436098,      -10.49464182
          0,           0,        5197,       -10.2044557,       -8.18838151,               -32,      -8.641065683,      -7.991863984,      -10.49489253
          0,           0,        5198,      -10.20717716,      -8.188761023,               -32,      -8.641176114,      -7.992511235,      -10.49514218
          0,           0,        5199,      -10.20901281,      -8.189132305,               -32,      -8.641270901,      -7.991178234,       -10.4953908
          0,           0,        5200,       -10.2140769,      -8.189503502,               -32,      -8.641475687,      -7.991284598,      -10.49563846
          0,           0,        5201,      -10.21749414,      -8.189880255,               -32,      -8.641642302,      -7.990862658,      -10.49588495
          0,           0,        5202,      -10.21532034,      -8.190255848,               -32,      -8.641797906,      -7.989755053,      -10.49613006
          0,           0,        5203,      -10.20750753,      -8.190621205,               -32,       -8.64203368,      -7.989200421,      -10.49637409
          0,           0,        5204,      -10.20255236,      -8.190985763,               -32,      -8.642380478,      -7.991553815,      -10.49661767
          0,           0,        5205,      -10.20534093,      -8.191365153,               -32,      -8.642626994,      -7.994416767,      -10.49686052
          0,           0,        5206,      -10.20716584,      -8.191743687,               -32,      -8.642694086,      -7.993555575,      -10.49710231
          0,           0,        5207,      -10.21063216,      -8.192114701,               -32,      -8.642859079,      -7.992809028,       -10.4973432
          0,           0,        5208,      -10.21596934,      -8.192489924,               -32,      -8.643066883,      -7.992909942,      -10.49758311
          0,           0,        5209,      -10.21749254,      -8.192868792,               -32,       -8.64323038,      -7.992125922,      -10.49782181
          0,           0,        5210,      -10.21248769,      -8.193242272,               -32,      -8.643418983,      -7.991029133,      -10.49805922
          0,           0,        5211,      -10.20406462,      -8.193605688,               -32,      -8.643719002,      -7.991438864,      -10.49829592
          0,           0,        5212,      -10.20289212,      -8.193977936,               -32,      -8.644069178,      -7.994794444,      -10.49853222
          0,           0,        5213,      -10.20630202,      -8.194360967,               -32,      -8.644228244,      -7.996126606,      -10.49876766
          0,           0,        5214,      -10.20802138,       -8.19473661,               -32,      -8.644316755,      -7.994652369,      -10.49900215
          0,           0,        5215,      -10.21315409,      -8.195109394,               -32,      -8.644534177,      -7.994572359,      -10.49923584
          0,           0,        5216,        -10.217648,      -8.195487881,               -32,      -8.644731937,      -7.994348376,      -10.49946855
          0,           0,        5217,        -10.216659,      -8.195866846,               -32,      -8.644906135,      -7.993325968,      -10.49970008
          0,           0,        5218,      -10.20908339,      -8.196236484,               -32,       -8.64514323,      -7.992515919,       -10.4999306
          0,           0,        5219,      -10.20237556,      -8.196601519,               -32,      -8.645499354,      -7.994291115,      -10.50016079
          0,           0,        5220,      -10.20460052,       -8.19698128,               -32,      -8.645800894,      -7.997584405,      -10.50039056
          0,           0,        5221,      -10.20715354,      -8.197363622,               -32,      -8.645896705,      -7.997223426,       -10.5006195
          0,           0,        5222,      -10.21013863,      -8.197736944,               -32,      -8.646051703,      -7.996089506,      -10.50084776
          0,           0,        5223,      -10.21600602,      -8.198112554,               -32,      -8.646286741,      -7.996243953,      -10.50107537
          0,           0,        5224,       -10.2187758,      -8.198492857,               -32,      -8.646478166,      -7.995640169,      -10.50130215
          0,           0,        5225,      -10.21489891,      -8.198869657,               -32,      -8.646678117,      -7.994530847,      -10.50152798
          0,           0,        5226,       -10.2059482,      -8.199235477,               -32,      -8.646975763,      -7.994437905,      -10.50175334
          0,           0,        5227,      -10.20290837,      -8.199606049,               -32,      -8.647356171,      -7.997483345,      -10.50197876
          0,           0,        5228,      -10.20669245,      -8.199990081,               -32,      -8.647575497,      -7.999586571,      -10.50220386
          0,           0,        5229,      -10.20852008,      -8.200368832,               -32,      -8.647666069,      -7.998182503,      -10.50242849
          0,           0,        5230,      -10.21331514,      -8.200741821,               -32,      -8.647887682,       -7.99778859,      -10.50265286
          0,           0,        5231,      -10.21872202,       -8.20112004,               -32,      -8.648118043,      -7.997750531,      -10.50287691
          0,           0,        5232,      -10.21910858,      -8.201500381,               -32,      -8.648314236,      -7.996848704,      -10.50310049
          0,           0,        5233,      -10.21238994,       -8.20187298,               -32,      -8.648554873,      -7.995861467,      -10.50332371
          0,           0,        5234,      -10.20420781,      -8.202237563,               -32,      -8.648914104,      -7.996964291,      -10.50354727
          0,           0,        5235,      -10.20517994,      -8.202615094,               -32,      -8.649269907,      -8.000486148,      -10.50377137
          0,           0,        5236,      -10.20855959,      -8.202999188,               -32,      -8.649411444,      -8.000865798,      -10.50399561
          0,           0,        5237,      -10.21099947,      -8.203373937,               -32,       -8.64955404,       -7.99940701,      -10.50422012
          0,           0,        5238,      -10.21699767,      -8.203748328,               -32,      -8.649811432,      -7.999501009,      -10.50444508
          0,           0,        5239,      -10.22095739,      -8.204128158,               -32,      -8.650033826,      -7.999098471,       -10.5046704
          0,           0,        5240,      -10.21852693,      -8.204506545,               -32,      -8.650248641,      -7.998027176,      -10.50489601
          0,           0,        5241,      -10.20976661,      -8.204874158,               -32,      -8.650543754,      -7.997508994,       -10.5051223
          0,           0,        5242,      -10.20464839,      -8.205241666,               -32,      -8.650945399,      -8.000000821,      -10.50534998
          0,           0,        5243,      -10.20822146,       -8.20562426,               -32,      -8.651232869,      -8.002841296,      -10.50557891
          0,           0,        5244,      -10.21048743,      -8.206004955,               -32,       -8.65134031,      -8.001794699,      -10.50580889
          0,           0,        5245,      -10.21459192,      -8.206377387,               -32,      -8.651556695,      -8.000983657,       -10.5060402
          0,           0,        5246,      -10.22062493,      -8.206753801,               -32,      -8.651819642,      -8.001088115,      -10.50627294
          0,           0,        5247,      -10.22242832,      -8.207133869,               -32,      -8.652041699,      -8.000342496,      -10.50650702
          0,           0,        5248,      -10.21706468,       -8.20750833,               -32,      -8.652289325,      -7.999262957,      -10.50674251
          0,           0,        5249,      -10.20801223,      -8.207872437,               -32,      -8.652646725,      -7.999686546,      -10.50698009
          0,           0,        5250,      -10.20709141,      -8.208245876,               -32,      -8.653050212,      -8.003132505,      -10.50722022
          0,           0,        5251,       -10.2111224,       -8.20862987,               -32,      -8.653254368,      -8.004431494,      -10.50746257
          0,           0,        5252,      -10.21318509,      -8.209005749,               -32,       -8.65338874,      -8.002831335,       -10.5077072
          0,           0,        5253,      -10.21885943,      -8.209378143,               -32,      -8.653660108,      -8.002712769,       -10.5079544
          0,           0,        5254,      -10.22383333,      -8.209756206,               -32,      -8.653916288,      -8.002521362,      -10.50820417
          0,           0,        5255,      -10.22299733,      -8.210134913,               -32,      -8.654150045,      -8.001535064,      -10.50845644
          0,           0,        5256,      -10.21512923,      -8.210504156,               -32,      -8.654444636,      -8.000705526,      -10.50871149
          0,           0,        5257,      -10.20810767,      -8.210868515,               -32,      -8.654857255,      -8.002460056,      -10.50897009
          0,           0,        5258,      -10.21070903,       -8.21124779,               -32,      -8.655214759,       -8.00584861,      -10.50923231
          0,           0,        5259,      -10.21370525,      -8.211629562,               -32,      -8.655359217,      -8.005479937,      -10.50949785
          0,           0,        5260,      -10.21693459,       -8.21200161,               -32,      -8.655562803,      -8.004229269,      -10.50976695
          0,           0,        5261,      -10.22320535,      -8.212375486,               -32,      -8.655855624,       -8.00438515,      -10.51003975
          0,           0,        5262,      -10.22633326,      -8.212754302,               -32,       -8.65610762,      -8.003830211,      -10.51031618
          0,           0,        5263,      -10.22263099,       -8.21312994,               -32,      -8.656366588,       -8.00273627,      -10.51059621
          0,           0,        5264,      -10.21350886,      -8.213494394,               -32,      -8.656719839,      -8.002561806,      -10.51088034
          0,           0,        5265,      -10.21030701,        -8.2138631,               -32,       -8.65715936,      -8.005586788,      -10.51116913
          0,           0,        5266,      -10.21448762,      -8.214245568,               -32,      -8.657439263,      -8.007852136,      -10.51146232
          0,           0,        5267,      -10.21655902,      -8.214622825,               -32,      -8.657578198,      -8.006414715,      -10.51175976
          0,           0,        5268,      -10.22148265,      -8.214993459,               -32,        -8.6578523,      -8.005921817,       -10.5120617
          0,           0,        5269,      -10.22719631,       -8.21536923,               -32,      -8.658144078,      -8.005927823,      -10.51236809
          0,           0,        5270,      -10.22794884,      -8.215747624,               -32,      -8.658401462,       -8.00507221,      -10.51267879
          0,           0,        5271,      -10.22152375,      -8.216118722,               -32,      -8.658699225,      -8.004055492,      -10.51299384
          0,           0,        5272,       -10.2131736,      -8.216481166,               -32,      -8.659113818,      -8.005000523,      -10.51331385
          0,           0,        5273,      -10.21403205,      -8.216856086,               -32,      -8.659535698,      -8.008597153,      -10.51363902
          0,           0,        5274,      -10.21781245,      -8.217238329,               -32,      -8.659739361,      -8.009188086,      -10.51396889
          0,           0,        5275,      -10.22024796,       -8.21761102,               -32,      -8.659928519,      -8.007615465,      -10.51430347
          0,           0,        5276,      -10.22630057,      -8.217982543,               -32,      -8.660244404,      -8.007673256,      -10.51464283
          0,           0,        5277,      -10.23055982,       -8.21835983,               -32,      -8.660530314,      -8.007337253,       -10.5149868
          0,           0,        5278,      -10.22863038,      -8.218736435,               -32,      -8.660805437,      -8.006294173,      -10.51533515
          0,           0,        5279,      -10.22024162,      -8.219102568,               -32,      -8.661155201,       -8.00566317,      -10.51568808
          0,           0,        5280,      -10.21478128,      -8.219467314,               -32,      -8.661616452,      -8.007970773,      -10.51604614
          0,           0,        5281,      -10.21835014,      -8.219847323,               -32,      -8.661978202,      -8.011063356,      -10.51640908
          0,           0,        5282,      -10.22089644,      -8.220226475,               -32,      -8.662142871,      -8.010171897,      -10.51677648
          0,           0,        5283,      -10.22478004,      -8.220596569,               -32,      -8.662407851,       -8.00919555,      -10.51714841
          0,           0,        5284,      -10.23087197,       -8.22097024,               -32,      -8.662734774,      -8.009339574,      -10.51752475
          0,           0,        5285,      -10.23308603,      -8.221348263,               -32,       -8.66302074,      -8.008661093,      -10.51790522
          0,           0,        5286,      -10.22843238,      -8.221721655,               -32,      -8.663326546,      -8.007570167,      -10.51828962
          0,           0,        5287,       -10.2196051,       -8.22208433,               -32,      -8.663737293,      -8.007760239,       -10.5186783
          0,           0,        5288,       -10.2181504,      -8.222454843,               -32,      -8.664210493,      -8.011133179,      -10.51907153
          0,           0,        5289,      -10.22238545,      -8.222837084,               -32,      -8.664492631,      -8.012835467,      -10.51946875
          0,           0,        5290,      -10.22440621,      -8.223211905,               -32,      -8.664675769,      -8.011226997,      -10.51986971
          0,           0,        5291,      -10.22977517,       -8.22358208,               -32,      -8.665003019,       -8.01099093,      -10.52027441
          0,           0,        5292,      -10.23489904,      -8.223958101,               -32,      -8.665326063,      -8.010885302,      -10.52068259
          0,           0,        5293,      -10.23469835,      -8.224335793,               -32,      -8.665622547,      -8.009950277,      -10.52109391
          0,           0,        5294,      -10.22768233,      -8.224704971,               -32,      -8.665972034,      -8.009026132,       -10.5215083
          0,           0,        5295,      -10.22044684,       -8.22506775,               -32,      -8.666441148,      -8.010448572,      -10.52192621
          0,           0,        5296,      -10.22254345,      -8.225444761,               -32,      -8.666881511,      -8.014027925,      -10.52234752
          0,           0,        5297,      -10.22586553,      -8.225826155,               -32,       -8.66709827,      -8.014063506,      -10.52277162
          0,           0,        5298,       -10.2286806,      -8.226197558,               -32,      -8.667346243,      -8.012634619,      -10.52319843
          0,           0,        5299,      -10.23471358,      -8.226569835,               -32,       -8.66770342,      -8.012785309,      -10.52362784
          0,           0,        5300,      -10.23817791,      -8.226947744,               -32,      -8.668022764,      -8.012326945,      -10.52405953
          0,           0,        5301,      -10.23540174,       -8.22732382,               -32,      -8.668341895,      -8.011252618,      -10.52449317
          0,           0,        5302,      -10.22700356,      -8.227689042,               -32,      -8.668746985,      -8.010841136,      -10.52492891
          0,           0,        5303,      -10.22307148,        -8.2280561,               -32,      -8.669253437,      -8.013577311,      -10.52536714
          0,           0,        5304,      -10.22705993,      -8.228437786,               -32,      -8.669625354,      -8.016327239,      -10.52580741
          0,           0,        5305,      -10.22924254,      -8.228816057,               -32,      -8.669822469,      -8.015106906,      -10.52624928
          0,           0,        5306,      -10.23355248,      -8.229186454,               -32,      -8.670145805,       -8.01439394,      -10.52669275
          0,           0,        5307,      -10.23920612,      -8.229561674,               -32,      -8.670507234,      -8.014489216,      -10.52713763
          0,           0,        5308,      -10.24058069,      -8.229940633,               -32,      -8.670830456,      -8.013718065,      -10.52758356
          0,           0,        5309,       -10.2353262,      -8.230313792,               -32,      -8.671184486,      -8.012653036,      -10.52803036
          0,           0,        5310,      -10.22716491,      -8.230677224,               -32,      -8.671651065,      -8.013190995,       -10.5284784
          0,           0,        5311,       -10.2270548,       -8.23105106,               -32,      -8.672156536,      -8.016763722,      -10.52892783
          0,           0,        5312,      -10.23104311,      -8.231434473,               -32,      -8.672450625,      -8.017988289,      -10.52937807
          0,           0,        5313,      -10.23310827,      -8.231809101,               -32,      -8.672684034,      -8.016347572,      -10.52982892
          0,           0,        5314,      -10.23860226,      -8.232180967,               -32,      -8.673059951,      -8.016294425,      -10.53028039
          0,           0,        5315,      -10.24305278,      -8.232559008,               -32,      -8.673416674,      -8.016086351,      -10.53073222
          0,           0,        5316,      -10.24209119,      -8.232937851,               -32,      -8.673754458,      -8.015099677,      -10.53118411
          0,           0,        5317,      -10.23486925,      -8.233307354,               -32,      -8.674155699,      -8.014285047,      -10.53163608
          0,           0,        5318,      -10.22880623,      -8.233672738,               -32,      -8.674676398,      -8.016107611,      -10.53208863
          0,           0,        5319,      -10.23163979,      -8.234053071,               -32,      -8.675137747,       -8.01958686,      -10.53254159
          0,           0,        5320,      -10.23449503,      -8.234435295,               -32,      -8.675377704,      -8.019221621,      -10.53299446
          0,           0,        5321,      -10.23760424,      -8.234807679,               -32,      -8.675683377,      -8.017972781,      -10.53344725
          0,           0,        5322,      -10.24337655,      -8.235182508,               -32,      -8.676079739,      -8.018160199,       -10.5338999
          0,           0,        5323,      -10.24610283,      -8.235562668,               -32,      -8.676434881,      -8.017607098,      -10.53435214
          0,           0,        5324,      -10.24274354,      -8.235939996,               -32,      -8.676798767,      -8.016522168,      -10.53480377
          0,           0,        5325,      -10.23463884,      -8.236306469,               -32,      -8.677257628,      -8.016325296,      -10.53525507
          0,           0,        5326,      -10.23196585,       -8.23667739,               -32,      -8.677806747,      -8.019372149,      -10.53570647
          0,           0,        5327,      -10.23602709,      -8.237061852,               -32,      -8.678194842,      -8.021806206,      -10.53615754
          0,           0,        5328,      -10.23796193,      -8.237440974,               -32,      -8.678430733,      -8.020396667,      -10.53660801
          0,           0,        5329,      -10.24247806,      -8.237813496,               -32,      -8.678807636,       -8.01989996,      -10.53705798
          0,           0,        5330,        -10.247603,      -8.238191621,               -32,      -8.679203826,      -8.019936014,       -10.5375073
          0,           0,        5331,      -10.24828918,      -8.238572837,               -32,       -8.67956572,      -8.019100829,      -10.53795575
          0,           0,        5332,      -10.24271574,      -8.238947304,               -32,      -8.679967372,      -8.018075613,      -10.53840327
          0,           0,        5333,      -10.23531859,      -8.239313182,               -32,      -8.680486863,      -8.018917005,      -10.53885037
          0,           0,        5334,      -10.23613211,      -8.239691143,               -32,      -8.681024258,      -8.022592689,      -10.53929721
          0,           0,        5335,      -10.23977261,      -8.240076669,               -32,      -8.681337452,      -8.023445838,      -10.53974329
          0,           0,        5336,      -10.24190992,      -8.240452583,               -32,      -8.681621571,      -8.021842409,      -10.54018858
          0,           0,        5337,      -10.24732263,      -8.240827293,               -32,      -8.682041868,      -8.021908895,      -10.54063314
          0,           0,        5338,      -10.25114088,      -8.241208218,               -32,      -8.682433251,      -8.021617625,      -10.54107681
          0,           0,        5339,      -10.24961971,      -8.241589136,               -32,      -8.682812429,      -8.020601325,       -10.5415194
          0,           0,        5340,      -10.24242096,      -8.241960131,               -32,      -8.683263517,      -8.019897326,      -10.54196105
          0,           0,        5341,      -10.23737224,      -8.242329015,               -32,      -8.683832458,      -8.022035562,      -10.54240236
          0,           0,        5342,      -10.24058881,      -8.242712949,               -32,      -8.684317362,      -8.025393665,      -10.54284315
          0,           0,        5343,      -10.24305528,      -8.243096722,               -32,      -8.684585924,      -8.024751169,      -10.54328304
          0,           0,        5344,      -10.24634981,      -8.243471046,               -32,      -8.684945047,      -8.023671838,      -10.54372216
          0,           0,        5345,      -10.25176754,      -8.243848923,               -32,      -8.685378606,      -8.023865154,      -10.54416049
          0,           0,        5346,      -10.25387804,      -8.244231721,               -32,      -8.685770011,       -8.02324431,      -10.54459785
          0,           0,        5347,      -10.25014025,      -8.244610805,               -32,      -8.686177532,      -8.022163086,      -10.54503412
          0,           0,        5348,      -10.24242396,      -8.244979206,               -32,      -8.686687107,      -8.022157728,      -10.54546971
          0,           0,        5349,      -10.24068578,       -8.24535407,               -32,      -8.687276648,      -8.025425299,      -10.54590505
          0,           0,        5350,      -10.24465389,      -8.245741298,               -32,      -8.687685067,      -8.027598859,      -10.54633974
          0,           0,        5351,      -10.24642991,      -8.246121718,               -32,      -8.687961146,      -8.026086041,      -10.54677362
          0,           0,        5352,       -10.2510023,      -8.246496702,               -32,      -8.688386169,      -8.025752715,      -10.54720684
          0,           0,        5353,      -10.25562452,      -8.246877694,               -32,      -8.688816762,      -8.025734753,       -10.5476393
          0,           0,        5354,      -10.25578038,      -8.247261158,               -32,      -8.689216863,      -8.024859457,      -10.54807084
          0,           0,        5355,      -10.25004922,      -8.247637073,               -32,      -8.689664034,       -8.02388029,      -10.54850149
          0,           0,        5356,       -10.2433298,      -8.248005494,               -32,      -8.690232917,      -8.024973164,      -10.54893181
          0,           0,        5357,      -10.24474184,      -8.248387129,               -32,      -8.690802018,      -8.028701376,      -10.54936193
          0,           0,        5358,      -10.24804741,      -8.248774572,               -32,      -8.691138114,      -8.029275673,       -10.5497914
          0,           0,        5359,      -10.25024952,        -8.2491519,               -32,      -8.691470111,       -8.02773399,      -10.55022028
          0,           0,        5360,      -10.25549508,      -8.249529241,               -32,      -8.691930966,      -8.027876321,      -10.55064866
          0,           0,        5361,      -10.25878451,      -8.249912665,               -32,      -8.692356851,      -8.027524077,      -10.55107639
          0,           0,        5362,      -10.25685619,      -8.250295337,               -32,      -8.692776121,      -8.026495488,      -10.55150333
          0,           0,        5363,      -10.24974753,      -8.250667654,               -32,      -8.693274249,      -8.025894838,      -10.55192972
          0,           0,        5364,      -10.24547763,      -8.251039598,               -32,      -8.693888311,      -8.028281021,      -10.55235612
          0,           0,        5365,      -10.24887887,       -8.25142647,               -32,      -8.694398227,      -8.031527193,      -10.55278235
          0,           0,        5366,      -10.25104916,      -8.251811487,               -32,      -8.694697107,      -8.030691416,      -10.55320809
          0,           0,        5367,      -10.25445228,      -8.252187524,               -32,      -8.695104656,      -8.029754963,       -10.5536335
          0,           0,        5368,      -10.25953024,      -8.252567875,               -32,      -8.695573556,      -8.029942298,      -10.55405857
          0,           0,        5369,      -10.26115748,      -8.252952708,               -32,      -8.696000619,      -8.029278156,      -10.55448315
          0,           0,        5370,      -10.25714947,      -8.253333027,               -32,      -8.696449825,       -8.02821125,      -10.55490719
          0,           0,        5371,      -10.24976052,      -8.253702903,               -32,      -8.697006976,      -8.028372834,      -10.55533111
          0,           0,        5372,      -10.24868383,      -8.254080931,               -32,      -8.697635006,       -8.03180634,       -10.5557553
          0,           0,        5373,      -10.25251482,      -8.254470233,               -32,       -8.69806556,      -8.033770838,      -10.55617938
          0,           0,        5374,      -10.25419143,      -8.254851562,               -32,      -8.698380547,      -8.032200628,      -10.55660324
          0,           0,        5375,      -10.25876006,      -8.255228465,               -32,      -8.698849074,      -8.031988906,      -10.55702704
          0,           0,        5376,      -10.26297039,      -8.255611567,               -32,      -8.699313157,      -8.031929402,       -10.5574507
          0,           0,        5377,      -10.26271783,      -8.255996546,               -32,      -8.699750337,      -8.031034704,      -10.55787409
          0,           0,        5378,       -10.2568601,      -8.256373261,               -32,      -8.700240666,      -8.030104953,      -10.55829727
          0,           0,        5379,        -10.250641,      -8.256743541,               -32,      -8.700855861,      -8.031410836,      -10.55872083
          0,           0,        5380,      -10.25245205,      -8.257127972,               -32,      -8.701455925,       -8.03517095,      -10.55914483
          0,           0,        5381,      -10.25548168,      -8.257516659,               -32,      -8.701815839,      -8.035527835,      -10.55956888
          0,           0,        5382,      -10.25774528,      -8.257894915,               -32,       -8.70219209,      -8.034051383,      -10.55999306
          0,           0,        5383,      -10.26283584,      -8.258274139,               -32,      -8.702690409,       -8.03424389,      -10.56041746
          0,           0,        5384,      -10.26571756,      -8.258659211,               -32,      -8.703149982,      -8.033852181,      -10.56084197
          0,           0,        5385,      -10.26345831,      -8.259042836,               -32,      -8.703607627,      -8.032825801,       -10.5612665
          0,           0,        5386,      -10.25637082,      -8.259415722,               -32,      -8.704150172,       -8.03232302,      -10.56169131
          0,           0,        5387,      -10.25265443,       -8.25978989,               -32,      -8.704806768,      -8.034918229,      -10.56211694
          0,           0,        5388,      -10.25616426,      -8.260178863,               -32,      -8.705341335,      -8.038064293,      -10.56254317
          0,           0,        5389,        -10.258118,      -8.260564479,               -32,       -8.70566978,      -8.037081157,      -10.56296975
          0,           0,        5390,      -10.26161169,      -8.260941602,               -32,      -8.706121294,      -8.036263551,      -10.56339686
          0,           0,        5391,      -10.26643273,      -8.261323557,               -32,      -8.706623754,      -8.036442847,       -10.5638245
          0,           0,        5392,      -10.26768601,      -8.261709535,               -32,      -8.707085256,      -8.035756332,      -10.56425257
          0,           0,        5393,      -10.26341004,      -8.262090215,               -32,      -8.707574067,      -8.034712896,      -10.56468104
          0,           0,        5394,      -10.25618723,      -8.262460723,               -32,      -8.708176127,      -8.035028921,      -10.56511039
          0,           0,        5395,      -10.25559026,      -8.262841038,               -32,      -8.708840397,      -8.038603015,      -10.56554093
          0,           0,        5396,      -10.25930816,      -8.263231614,               -32,      -8.709292199,      -8.040383742,      -10.56597229
          0,           0,        5397,       -10.2609333,      -8.263613191,               -32,      -8.709643643,      -8.038776774,       -10.5664044
          0,           0,        5398,      -10.26552132,      -8.263991234,               -32,      -8.710151704,      -8.038659548,      -10.56683746
          0,           0,        5399,      -10.26943736,      -8.264375501,               -32,      -8.710647929,      -8.038571366,      -10.56727139
          0,           0,        5400,      -10.26883979,      -8.264761031,               -32,      -8.711120513,      -8.037673729,      -10.56770609
          0,           0,        5401,      -10.26276636,       -8.26513757,               -32,      -8.711651705,      -8.036798212,      -10.56814168
          0,           0,        5402,      -10.25684357,      -8.265508789,               -32,      -8.712310617,      -8.038303845,      -10.56857872
          0,           0,        5403,      -10.25897043,       -8.26589514,               -32,      -8.712939159,      -8.042085741,      -10.56901719
          0,           0,        5404,      -10.26179132,      -8.266284235,               -32,      -8.713321094,      -8.042246913,      -10.56945669
          0,           0,        5405,      -10.26414407,      -8.266662655,               -32,      -8.713738034,      -8.040834107,      -10.56989732
          0,           0,        5406,      -10.26916142,      -8.267042806,               -32,      -8.714270839,      -8.041062842,      -10.57033916
          0,           0,        5407,      -10.27174549,      -8.267428483,               -32,      -8.714762489,      -8.040648854,      -10.57078205
          0,           0,        5408,      -10.26914423,      -8.267811947,               -32,      -8.715256499,      -8.039636485,      -10.57122589
          0,           0,        5409,      -10.26190216,      -8.268184266,               -32,       -8.71584111,      -8.039234973,      -10.57167091
          0,           0,        5410,      -10.25856906,      -8.268559662,               -32,       -8.71653744,      -8.042031643,      -10.57211752
          0,           0,        5411,      -10.26219771,      -8.268949774,               -32,      -8.717093341,       -8.04507127,      -10.57256532
          0,           0,        5412,      -10.26399932,      -8.269335004,               -32,      -8.717448774,      -8.043953095,      -10.57301393
          0,           0,        5413,      -10.26763203,      -8.269712225,               -32,      -8.717940354,      -8.043241396,      -10.57346342
          0,           0,        5414,      -10.27231517,      -8.270094599,               -32,      -8.718473934,      -8.043413325,      -10.57391362
          0,           0,        5415,      -10.27326028,      -8.270480431,               -32,      -8.718967914,      -8.042720256,      -10.57436418
          0,           0,        5416,      -10.26861131,      -8.270860063,               -32,      -8.719494065,      -8.041709141,       -10.5748149
          0,           0,        5417,      -10.26133535,      -8.271229828,               -32,      -8.720138748,      -8.042188039,      -10.57526599
          0,           0,        5418,       -10.2611405,      -8.271611272,               -32,      -8.720835528,       -8.04589799,      -10.57571741
          0,           0,        5419,      -10.26480162,      -8.272001847,               -32,       -8.72130426,      -8.047481156,       -10.5761684
          0,           0,        5420,      -10.26643301,      -8.272382386,               -32,      -8.721689123,      -8.045843886,      -10.57661865
          0,           0,        5421,      -10.27113303,      -8.272760166,               -32,      -8.722232987,      -8.045808028,      -10.57706804
          0,           0,        5422,      -10.27487292,      -8.273144024,               -32,      -8.722758965,      -8.045700669,       -10.5775162
          0,           0,        5423,      -10.27392181,      -8.273528401,               -32,      -8.723264586,      -8.044812971,      -10.57796277
          0,           0,        5424,      -10.26743388,      -8.273902897,               -32,      -8.723834341,       -8.04400189,      -10.57840766
          0,           0,        5425,         -10.26162,      -8.274273426,               -32,       -8.72453424,      -8.045724956,      -10.57885125
          0,           0,        5426,      -10.26408081,      -8.274660213,               -32,      -8.725185908,      -8.049512471,      -10.57929342
          0,           0,        5427,      -10.26675335,      -8.275048047,               -32,      -8.725585199,      -8.049459632,      -10.57973372
          0,           0,        5428,      -10.26927282,       -8.27542502,               -32,      -8.726039466,      -8.048115457,      -10.58017226
          0,           0,        5429,      -10.27434419,      -8.275804352,               -32,       -8.72660315,      -8.048372852,      -10.58060913
          0,           0,        5430,      -10.27670991,        -8.2761888,               -32,      -8.727124189,      -8.047948931,      -10.58104424
          0,           0,        5431,      -10.27366141,      -8.276570141,               -32,      -8.727651925,      -8.046960743,      -10.58147753
          0,           0,        5432,      -10.26600781,      -8.276939948,               -32,      -8.728276366,      -8.046679375,      -10.58190939
          0,           0,        5433,      -10.26297093,      -8.277315153,               -32,      -8.729008461,      -8.049697467,       -10.5823404
          0,           0,        5434,      -10.26678767,      -8.277704994,               -32,      -8.729578655,      -8.052592527,      -10.58277034
          0,           0,        5435,       -10.2685001,      -8.278088373,               -32,      -8.729957064,      -8.051329369,      -10.58319901
          0,           0,        5436,      -10.27238674,      -8.278464404,               -32,       -8.73048497,      -8.050724875,      -10.58362666
          0,           0,        5437,      -10.27706322,      -8.278845864,               -32,      -8.731046309,      -8.050889647,      -10.58405326
          0,           0,        5438,      -10.27770918,       -8.27923026,               -32,      -8.731569942,      -8.050202494,       -10.5844787
          0,           0,        5439,      -10.27247975,      -8.279607502,               -32,      -8.732130967,      -8.049235012,      -10.58490297
          0,           0,        5440,      -10.26491203,       -8.27997558,               -32,      -8.732815983,      -8.049910272,      -10.58532662
          0,           0,        5441,        -10.265146,      -8.280357812,               -32,      -8.733539332,       -8.05375722,      -10.58574993
          0,           0,        5442,      -10.26882041,      -8.280747962,               -32,      -8.734017718,      -8.055091535,      -10.58617242
          0,           0,        5443,      -10.27055027,      -8.281127219,               -32,      -8.734433159,      -8.053430783,      -10.58659406
          0,           0,        5444,      -10.27550647,      -8.281504684,               -32,      -8.735008931,      -8.053471709,      -10.58701496
          0,           0,        5445,      -10.27917105,      -8.281888149,               -32,       -8.73556171,       -8.05335276,        -10.587435
          0,           0,        5446,      -10.27778263,      -8.282271431,               -32,      -8.736097881,      -8.052486648,      -10.58785399
          0,           0,        5447,      -10.27059508,      -8.282644005,               -32,      -8.736704366,      -8.051759169,      -10.58827203
          0,           0,        5448,       -10.2647538,      -8.283014719,               -32,      -8.737442451,       -8.05374151,      -10.58868973
          0,           0,        5449,      -10.26764369,      -8.283403112,               -32,       -8.73810941,      -8.057499641,      -10.58910695
          0,           0,        5450,       -10.2702304,      -8.283790698,               -32,      -8.738520593,      -8.057193291,      -10.58952325
          0,           0,        5451,      -10.27305214,      -8.284167507,               -32,      -8.739009842,      -8.055933168,      -10.58993868
          0,           0,        5452,      -10.27832722,      -8.284547318,               -32,      -8.739600981,      -8.056214742,      -10.59035326
          0,           0,        5453,      -10.28051358,      -8.284931812,               -32,      -8.740149011,      -8.055792434,      -10.59076675
          0,           0,        5454,       -10.2768288,       -8.28531217,               -32,       -8.74070858,       -8.05483971,      -10.59117898
          0,           0,        5455,       -10.2684648,      -8.285680726,               -32,      -8.741371555,      -8.054711453,      -10.59159027
          0,           0,        5456,      -10.26572866,      -8.286057707,               -32,      -8.742134904,      -8.057979693,      -10.59200104
          0,           0,        5457,      -10.26983755,      -8.286448957,               -32,      -8.742710909,      -8.060665959,      -10.59241086
          0,           0,        5458,      -10.27154983,      -8.286831967,               -32,      -8.743109248,      -8.059247348,       -10.5928194
          0,           0,        5459,      -10.27585723,      -8.287208305,               -32,      -8.743670652,      -8.058758698,      -10.59322678
          0,           0,        5460,      -10.28065143,      -8.287590099,               -32,      -8.744256822,      -8.058918359,      -10.59363284
          0,           0,        5461,      -10.28094831,      -8.287974042,               -32,      -8.744807891,      -8.058249062,      -10.59403731
          0,           0,        5462,      -10.27485147,      -8.288349507,               -32,      -8.745402118,      -8.057339419,       -10.5944401
          0,           0,        5463,      -10.26677856,      -8.288716795,               -32,       -8.74612565,      -8.058259176,      -10.59484167
          0,           0,        5464,      -10.26755635,      -8.289100944,               -32,      -8.746868199,      -8.062232509,      -10.59524211
          0,           0,        5465,      -10.27132339,      -8.289491139,               -32,      -8.747348458,      -8.063251114,      -10.59564084
          0,           0,        5466,      -10.27329657,      -8.289869433,               -32,      -8.747792424,       -8.06158259,      -10.59603771
          0,           0,        5467,      -10.27868064,      -8.290246615,               -32,      -8.748396388,      -8.061699492,      -10.59643275
          0,           0,        5468,      -10.28233643,      -8.290629345,               -32,      -8.748972957,      -8.061576723,      -10.59682569
          0,           0,        5469,      -10.28035376,      -8.291010763,               -32,      -8.749537089,      -8.060742042,      -10.59721625
          0,           0,        5470,      -10.27213101,      -8.291380314,               -32,      -8.750178216,      -8.060121703,      -10.59760446
          0,           0,        5471,      -10.26621897,      -8.291750653,               -32,       -8.75095046,      -8.062412835,       -10.5979908
          0,           0,        5472,      -10.26968664,      -8.292139717,               -32,       -8.75162262,      -8.066082557,      -10.59837498
          0,           0,        5473,      -10.27226725,      -8.292525573,               -32,      -8.752039887,      -8.065483838,      -10.59875646
          0,           0,        5474,      -10.27558329,       -8.29290067,               -32,      -8.752561176,      -8.064330279,      -10.59913521
          0,           0,        5475,      -10.28120522,      -8.293279045,               -32,      -8.753175317,      -8.064633795,      -10.59951112
          0,           0,        5476,      -10.28319159,      -8.293661359,               -32,      -8.753746682,      -8.064221801,      -10.59988387
          0,           0,        5477,      -10.27860677,      -8.294038111,               -32,      -8.754334705,      -8.063312421,       -10.6002532
          0,           0,        5478,      -10.26925413,      -8.294402883,               -32,      -8.755033285,      -8.063378403,      -10.60061936
          0,           0,        5479,      -10.26694524,      -8.294779681,               -32,      -8.755820352,      -8.066916389,      -10.60098263
          0,           0,        5480,       -10.2714622,      -8.295169719,               -32,      -8.756391237,      -8.069308893,      -10.60134245
          0,           0,        5481,      -10.27331241,       -8.29554962,               -32,       -8.75680568,      -8.067736831,      -10.60169846
          0,           0,        5482,      -10.27823911,      -8.295923475,               -32,      -8.757396019,      -8.067376015,       -10.6020507
          0,           0,        5483,      -10.28323191,      -8.296302582,               -32,      -8.758002304,      -8.067532842,      -10.60239894
          0,           0,        5484,      -10.28305567,      -8.296682873,               -32,      -8.758576561,      -8.066888046,      -10.60274287
          0,           0,        5485,      -10.27576345,      -8.297053159,               -32,      -8.759200157,      -8.066049267,      -10.60308235
          0,           0,        5486,       -10.2670919,      -8.297416956,               -32,      -8.759957773,      -8.067268317,      -10.60341785
          0,           0,        5487,      -10.26861236,       -8.29780042,               -32,      -8.760708594,      -8.071329433,      -10.60374934
          0,           0,        5488,      -10.27254996,      -8.298187542,               -32,      -8.761181877,      -8.071966153,      -10.60407625
          0,           0,        5489,      -10.27497565,      -8.298561985,               -32,      -8.761651292,      -8.070320305,      -10.60439849
          0,           0,        5490,      -10.28094463,      -8.298935896,               -32,      -8.762277933,      -8.070513825,      -10.60471607
          0,           0,        5491,      -10.28458697,      -8.299314825,               -32,      -8.762873463,      -8.070392909,      -10.60502878
          0,           0,        5492,      -10.28179086,      -8.299691191,               -32,      -8.763460962,      -8.069593447,       -10.6053364
          0,           0,        5493,      -10.27224424,      -8.300054675,               -32,      -8.764132737,      -8.069108057,       -10.6056391
          0,           0,        5494,      -10.26639112,      -8.300422529,               -32,      -8.764932237,      -8.071747147,      -10.60593741
          0,           0,        5495,      -10.27059561,       -8.30080964,               -32,      -8.765597612,      -8.075243679,       -10.6062311
          0,           0,        5496,      -10.27328177,       -8.30119105,               -32,      -8.766015684,      -8.074338365,      -10.60651982
          0,           0,        5497,      -10.27731595,      -8.301561973,               -32,      -8.766565031,      -8.073321881,      -10.60680373
          0,           0,        5498,      -10.28336487,      -8.301936315,               -32,      -8.767196691,      -8.073646847,      -10.60708287
          0,           0,        5499,      -10.28505403,      -8.302313865,               -32,      -8.767786434,       -8.07324954,      -10.60735715
          0,           0,        5500,      -10.27929787,      -8.302684333,               -32,      -8.768398209,        -8.0723882,      -10.60762655
          0,           0,        5501,      -10.26884712,       -8.30304328,               -32,      -8.769127799,      -8.072692066,      -10.60789161
          0,           0,        5502,      -10.26721179,      -8.303418312,               -32,      -8.769928627,      -8.076485232,       -10.6081528
          0,           0,        5503,      -10.27222006,       -8.30380485,               -32,      -8.770484605,       -8.07850544,      -10.60840984
          0,           0,        5504,      -10.27440512,      -8.304179666,               -32,      -8.770912382,      -8.076813055,      -10.60866272
          0,           0,        5505,       -10.2801144,       -8.30454911,               -32,      -8.771526305,      -8.076591355,      -10.60891179
          0,           0,        5506,      -10.28529497,       -8.30492355,               -32,      -8.772147454,      -8.076749005,      -10.60915714
          0,           0,        5507,       -10.2844765,      -8.305298194,               -32,      -8.772739871,      -8.076130382,      -10.60939881
          0,           0,        5508,      -10.27576183,       -8.30566142,               -32,      -8.773387963,       -8.07537601,      -10.60963706
          0,           0,        5509,      -10.26663844,      -8.306020795,               -32,       -8.77417335,      -8.076933526,      -10.60987269
          0,           0,        5510,      -10.26909888,      -8.306402174,               -32,      -8.774921133,      -8.081008826,      -10.61010597
          0,           0,        5511,      -10.27327354,      -8.306784544,               -32,      -8.775381736,      -8.081241609,       -10.6103367
          0,           0,        5512,      -10.27637982,      -8.307153865,               -32,      -8.775873651,      -8.079665852,      -10.61056517
          0,           0,        5513,      -10.28299246,       -8.30752311,               -32,      -8.776517188,      -8.079935227,      -10.61079173
          0,           0,        5514,      -10.28652987,      -8.307896893,               -32,      -8.777126309,      -8.079819384,      -10.61101649
          0,           0,        5515,      -10.28273382,      -8.308266844,               -32,      -8.777731811,      -8.079055121,      -10.61123959
          0,           0,        5516,      -10.27181378,       -8.30862338,               -32,      -8.778428786,      -8.078729454,      -10.61146152
          0,           0,        5517,      -10.26632054,      -8.308988479,               -32,      -8.779246634,      -8.081712208,      -10.61168304
          0,           0,        5518,      -10.27133404,      -8.309372414,               -32,      -8.779895902,      -8.084955642,      -10.61190414
          0,           0,        5519,      -10.27426506,       -8.30974845,               -32,      -8.780312505,      -8.083784362,      -10.61212475
          0,           0,        5520,      -10.27916922,       -8.31011446,               -32,      -8.780885009,       -8.08293123,      -10.61234524
          0,           0,        5521,      -10.28559731,      -8.310483951,               -32,      -8.781528464,      -8.083278034,      -10.61256581
          0,           0,        5522,      -10.28685359,       -8.31085597,               -32,      -8.782130843,      -8.082895121,      -10.61278651
          0,           0,        5523,      -10.27981329,      -8.311219503,               -32,      -8.782760425,      -8.082084467,      -10.61300747
          0,           0,        5524,      -10.26848082,      -8.311572818,               -32,      -8.783514121,       -8.08265015,       -10.6132293
          0,           0,        5525,      -10.26775991,      -8.311945855,               -32,      -8.784318435,      -8.086633185,      -10.61345245
          0,           0,        5526,      -10.27325603,      -8.312328125,               -32,      -8.784854384,      -8.088259666,      -10.61367662
          0,           0,        5527,      -10.27596599,      -8.312697616,               -32,      -8.785293588,      -8.086513051,      -10.61390184
          0,           0,        5528,      -10.28246972,       -8.31306235,               -32,       -8.78592483,      -8.086431531,      -10.61412835
          0,           0,        5529,      -10.28771665,      -8.313431868,               -32,      -8.786554941,       -8.08659233,      -10.61435614
          0,           0,        5530,      -10.28614457,      -8.313800669,               -32,      -8.787159101,      -8.085996662,      -10.61458512
          0,           0,        5531,      -10.27608808,      -8.314157031,               -32,      -8.787824938,      -8.085335633,      -10.61481542
          0,           0,        5532,      -10.26690919,      -8.314512838,               -32,      -8.788628986,      -8.087221343,      -10.61504762
          0,           0,        5533,       -10.2703552,      -8.314891787,               -32,        -8.7893652,       -8.09122766,      -10.61528169
          0,           0,        5534,      -10.27479675,      -8.315269266,               -32,      -8.789811983,      -8.091112899,      -10.61551722
          0,           0,        5535,      -10.27869733,      -8.315633725,               -32,      -8.790322077,      -8.089653703,      -10.61575425
          0,           0,        5536,      -10.28583465,      -8.315998448,               -32,      -8.790975746,      -8.089993566,      -10.61599281
          0,           0,        5537,      -10.28912976,      -8.316367308,               -32,      -8.791591927,      -8.089881707,      -10.61623273
          0,           0,        5538,      -10.28433792,      -8.316731225,               -32,      -8.792208074,      -8.089148117,       -10.6164738
          0,           0,        5539,      -10.27239559,      -8.317081906,               -32,      -8.792922016,      -8.088988757,      -10.61671625
          0,           0,        5540,      -10.26758404,      -8.317445031,               -32,      -8.793747748,      -8.092246164,      -10.61696042
          0,           0,        5541,      -10.27330122,      -8.317825607,               -32,      -8.794376992,      -8.095212363,      -10.61720593
          0,           0,        5542,      -10.27657395,      -8.318196743,               -32,      -8.794791718,      -8.093869862,      -10.61745242
          0,           0,        5543,      -10.28229123,      -8.318558395,               -32,       -8.79538032,      -8.093187605,      -10.61769992
          0,           0,        5544,      -10.28890768,      -8.318923556,               -32,      -8.796028724,       -8.09355467,      -10.61794829
          0,           0,        5545,      -10.28965451,      -8.319290666,               -32,      -8.796636214,      -8.093180541,      -10.61819725
          0,           0,        5546,      -10.28155131,      -8.319648269,               -32,      -8.797275096,      -8.092418899,      -10.61844664
          0,           0,        5547,      -10.26988379,      -8.319997579,               -32,      -8.798042543,       -8.09322471,      -10.61869678
          0,           0,        5548,      -10.27012536,      -8.320368899,               -32,      -8.798841441,      -8.097299156,      -10.61894774
          0,           0,        5549,      -10.27598524,      -8.320747119,               -32,      -8.799357942,      -8.098601053,      -10.61919899
          0,           0,        5550,      -10.27926854,      -8.321112135,               -32,      -8.799805243,      -8.096877177,      -10.61945033
          0,           0,        5551,      -10.28635043,      -8.321472891,               -32,      -8.800445461,      -8.096922193,      -10.61970175
          0,           0,        5552,      -10.29148167,       -8.32183825,               -32,      -8.801077003,      -8.097084661,      -10.61995303
          0,           0,        5553,       -10.2892307,      -8.322202141,               -32,      -8.801684277,      -8.096503833,      -10.62020389
          0,           0,        5554,      -10.27833485,      -8.322553229,               -32,      -8.802357658,       -8.09593177,      -10.62045432
          0,           0,        5555,      -10.26957533,      -8.322906849,               -32,      -8.803168504,      -8.098067898,       -10.6207047
          0,           0,        5556,      -10.27379906,        -8.3232833,               -32,      -8.803889185,      -8.101956958,      -10.62095257
          0,           0,        5557,      -10.27845716,      -8.323656494,               -32,      -8.804324005,      -8.101623337,      -10.62119917
          0,           0,        5558,      -10.28302384,      -8.324016958,               -32,       -8.80484468,      -8.100306305,      -10.62144488
          0,           0,        5559,      -10.29039499,      -8.324377901,               -32,      -8.805500038,       -8.10070505,      -10.62168965
          0,           0,        5560,       -10.2933567,      -8.324742645,               -32,      -8.806114552,       -8.10059135,      -10.62193325
          0,           0,        5561,      -10.28787867,      -8.325101674,               -32,      -8.806731181,      -8.099880167,      -10.62217547
          0,           0,        5562,       -10.2756312,      -8.325448311,               -32,      -8.807449725,      -8.099860209,      -10.62241654
          0,           0,        5563,      -10.27163816,      -8.325809851,               -32,      -8.808272405,      -8.103270418,      -10.62265678
          0,           0,        5564,      -10.27776328,      -8.326186946,               -32,      -8.808883146,      -8.106018317,      -10.62289581
          0,           0,        5565,      -10.28133999,      -8.326553908,               -32,      -8.809294662,      -8.104624943,      -10.62313332
          0,           0,        5566,       -10.2875574,      -8.326911884,               -32,      -8.809889052,      -8.104095749,       -10.6233694
          0,           0,        5567,      -10.29409943,      -8.327273365,               -32,      -8.810533522,      -8.104478129,      -10.62360394
          0,           0,        5568,      -10.29441684,       -8.32763635,               -32,      -8.811136061,      -8.104103865,      -10.62383674
          0,           0,        5569,      -10.28584541,       -8.32798941,               -32,      -8.811772327,      -8.103381532,      -10.62406771
          0,           0,        5570,      -10.27452672,      -8.328336154,               -32,      -8.812539192,      -8.104349446,      -10.62429728
          0,           0,        5571,      -10.27549193,      -8.328705266,               -32,      -8.813326321,      -8.108419546,      -10.62452556
          0,           0,        5572,       -10.2814818,      -8.329079513,               -32,      -8.813827461,      -8.109546103,      -10.62475213
          0,           0,        5573,      -10.28516458,      -8.329440685,               -32,      -8.814275821,      -8.107907448,       -10.6249769
          0,           0,        5574,      -10.29242446,      -8.329797924,               -32,      -8.814914149,      -8.108050937,      -10.62519996
          0,           0,        5575,      -10.29729166,       -8.33015962,               -32,      -8.815537278,        -8.1082107,      -10.62542116
          0,           0,        5576,      -10.29467901,      -8.330519396,               -32,      -8.816135962,      -8.107634181,      -10.62564033
          0,           0,        5577,       -10.2837748,      -8.330866709,               -32,      -8.816802877,      -8.107126601,       -10.6258576
          0,           0,        5578,      -10.27577165,      -8.331218463,               -32,      -8.817606044,      -8.109376548,      -10.62607342
          0,           0,        5579,      -10.28033831,      -8.331591552,               -32,      -8.818311327,        -8.1131575,      -10.62628769
          0,           0,        5580,       -10.2850656,      -8.331960646,               -32,      -8.818736144,      -8.112774974,      -10.62650005
          0,           0,        5581,      -10.28993077,      -8.332317482,               -32,      -8.819255487,      -8.111594794,      -10.62671058
          0,           0,        5582,      -10.29717153,      -8.332674886,               -32,      -8.819901837,      -8.112035574,      -10.62691929
          0,           0,        5583,      -10.29982908,      -8.333035857,               -32,      -8.820503535,      -8.111913605,      -10.62712605
          0,           0,        5584,      -10.29425202,       -8.33339088,               -32,      -8.821107422,      -8.111213589,      -10.62733074
          0,           0,        5585,      -10.28256398,      -8.333734694,               -32,      -8.821814254,      -8.111267861,      -10.62753367
          0,           0,        5586,       -10.2792561,      -8.334093767,               -32,      -8.822622798,      -8.114683225,      -10.62773522
          0,           0,        5587,      -10.28537002,      -8.334466605,               -32,      -8.823219946,       -8.11734336,      -10.62793508
          0,           0,        5588,      -10.28906626,      -8.334829495,               -32,      -8.823624114,       -8.11602065,      -10.62813306
          0,           0,        5589,      -10.29530261,      -8.335183746,               -32,       -8.82421045,      -8.115602262,       -10.6283293
          0,           0,        5590,       -10.3015345,      -8.335541392,               -32,      -8.824840174,      -8.115994751,      -10.62852376
          0,           0,        5591,      -10.30167364,      -8.335900307,               -32,       -8.82542535,      -8.115612296,      -10.62871629
          0,           0,        5592,      -10.29345904,      -8.336249578,               -32,       -8.82604381,      -8.114910947,      -10.62890688
          0,           0,        5593,      -10.28308419,      -8.336593795,               -32,      -8.826792535,      -8.115915079,      -10.62909599
          0,           0,        5594,      -10.28430771,      -8.336958856,               -32,      -8.827563236,      -8.119905103,      -10.62928376
          0,           0,        5595,      -10.29013461,      -8.337328232,               -32,       -8.82805435,      -8.121054726,      -10.62946987
          0,           0,        5596,      -10.29387732,      -8.337685148,               -32,      -8.828492475,      -8.119540758,      -10.62965426
          0,           0,        5597,      -10.30085478,      -8.338038185,               -32,      -8.829115557,      -8.119744125,      -10.62983706
          0,           0,        5598,      -10.30539931,      -8.338395504,               -32,      -8.829718747,      -8.119900124,      -10.63001817
          0,           0,        5599,      -10.30291224,       -8.33875087,               -32,      -8.830294892,      -8.119318241,      -10.63019746
          0,           0,        5600,      -10.29291919,      -8.339094682,               -32,       -8.83093801,      -8.118831201,      -10.63037508
          0,           0,        5601,      -10.28579097,      -8.339443002,               -32,      -8.831717205,       -8.12102315,       -10.6305515
          0,           0,        5602,      -10.29015146,      -8.339810489,               -32,      -8.832409153,      -8.124747262,      -10.63072665
          0,           0,        5603,      -10.29474458,      -8.340174361,               -32,      -8.832824901,      -8.124504145,      -10.63090024
          0,           0,        5604,      -10.29942945,      -8.340526508,               -32,      -8.833326937,      -8.123429046,      -10.63107237
          0,           0,        5605,      -10.30620403,      -8.340879049,               -32,      -8.833952128,        -8.1238954,      -10.63124306
          0,           0,        5606,      -10.30869373,      -8.341235047,               -32,      -8.834528569,      -8.123764223,      -10.63141221
          0,           0,        5607,      -10.30371159,      -8.341585507,               -32,      -8.835104163,      -8.123062765,      -10.63157974
          0,           0,        5608,      -10.29335811,      -8.341925847,               -32,      -8.835780142,      -8.123099309,      -10.63174594
          0,           0,        5609,      -10.29042105,      -8.342279604,               -32,      -8.836562868,      -8.126363469,      -10.63191119
          0,           0,        5610,      -10.29607272,      -8.342645876,               -32,      -8.837152372,      -8.129099459,      -10.63207527
          0,           0,        5611,      -10.29964539,      -8.343003296,               -32,      -8.837542655,      -8.127967366,        -10.632238
          0,           0,        5612,      -10.30539706,      -8.343352214,               -32,      -8.838104246,      -8.127600305,      -10.63239951
          0,           0,        5613,      -10.31115253,      -8.343704297,               -32,       -8.83870774,      -8.128004624,      -10.63255979
          0,           0,        5614,      -10.31144056,      -8.344057755,               -32,       -8.83926212,      -8.127611719,      -10.63271871
          0,           0,        5615,      -10.30439028,      -8.344402555,               -32,      -8.839845763,      -8.126906839,      -10.63287627
          0,           0,        5616,      -10.29536906,      -8.344742489,               -32,       -8.84055682,      -8.127797985,      -10.63303289
          0,           0,        5617,      -10.29631787,      -8.345100276,               -32,      -8.841306121,      -8.131636646,      -10.63318878
          0,           0,        5618,       -10.3016895,      -8.345462696,               -32,       -8.84179305,      -8.133025567,      -10.63334363
          0,           0,        5619,      -10.30513692,      -8.345813802,               -32,      -8.842207235,      -8.131667257,      -10.63349742
          0,           0,        5620,      -10.31141756,       -8.34616077,               -32,      -8.842800379,      -8.131885572,      -10.63365027
          0,           0,        5621,      -10.31564243,      -8.346511883,               -32,      -8.843372295,      -8.132048358,      -10.63380209
          0,           0,        5622,       -10.3137642,      -8.346861569,               -32,      -8.843911586,      -8.131455904,      -10.63395279
          0,           0,        5623,      -10.30544165,      -8.347201013,               -32,       -8.84451246,      -8.130936184,       -10.6341025
          0,           0,        5624,      -10.29917771,      -8.347543239,               -32,      -8.845250146,      -8.132888377,      -10.63425166
          0,           0,        5625,      -10.30279965,      -8.347902179,               -32,      -8.845930242,      -8.136600876,      -10.63440028
          0,           0,        5626,      -10.30707101,      -8.348259058,               -32,      -8.846338601,      -8.136699203,       -10.6345481
          0,           0,        5627,      -10.31114858,      -8.348604891,               -32,      -8.846805522,      -8.135688673,      -10.63469521
          0,           0,        5628,      -10.31718855,      -8.348950654,               -32,      -8.847397633,      -8.136167212,      -10.63484166
          0,           0,        5629,       -10.3196575,      -8.349299984,               -32,      -8.847937429,      -8.136039036,      -10.63498737
          0,           0,        5630,      -10.31583881,      -8.349644865,               -32,       -8.84846956,       -8.13532567,      -10.63513227
          0,           0,        5631,      -10.30736368,      -8.349980467,               -32,      -8.849095371,      -8.135248108,      -10.63527663
          0,           0,        5632,      -10.30449269,      -8.350325929,               -32,      -8.849838996,      -8.138195824,      -10.63542083
          0,           0,        5633,      -10.30927529,      -8.350683233,               -32,      -8.850426537,      -8.141151645,      -10.63556475
          0,           0,        5634,      -10.31254412,      -8.351033725,               -32,      -8.850797911,      -8.140349739,      -10.63570821
          0,           0,        5635,      -10.31740498,      -8.351375697,               -32,       -8.85131705,      -8.139965857,      -10.63585137
          0,           0,        5636,      -10.32256086,       -8.35172043,               -32,      -8.851884606,      -8.140396039,      -10.63599421
          0,           0,        5637,      -10.32324675,      -8.352067058,               -32,      -8.852396457,      -8.140002231,      -10.63613666
          0,           0,        5638,      -10.31791051,      -8.352406596,               -32,      -8.852929445,      -8.139270716,      -10.63627871
          0,           0,        5639,      -10.31049429,      -8.352740568,               -32,      -8.853583475,      -8.139907917,      -10.63642075
          0,           0,        5640,      -10.31075297,      -8.353088351,               -32,      -8.854303599,      -8.143490822,      -10.63656304
          0,           0,        5641,      -10.31541677,      -8.353442006,               -32,      -8.854793445,      -8.145320429,      -10.63670536
          0,           0,        5642,      -10.31834838,      -8.353786154,               -32,      -8.855171846,      -8.144173902,      -10.63684767
          0,           0,        5643,      -10.32361708,      -8.354125564,               -32,       -8.85572036,       -8.14435385,       -10.6369901
          0,           0,        5644,      -10.32750942,      -8.354468982,               -32,      -8.856252524,      -8.144552225,       -10.6371326
          0,           0,        5645,      -10.32652854,      -8.354812031,               -32,      -8.856742973,      -8.143953487,       -10.6372751
          0,           0,        5646,      -10.32030098,      -8.355146443,               -32,      -8.857285009,       -8.14335491,      -10.63741769
          0,           0,        5647,      -10.31491462,      -8.355480746,               -32,      -8.857962936,      -8.144897979,      -10.63756079
          0,           0,        5648,      -10.31740856,      -8.355828973,               -32,      -8.858628988,        -8.1485753,       -10.6377045
          0,           0,        5649,      -10.32122727,      -8.356177661,               -32,      -8.859035359,       -8.14922885,      -10.63784858
          0,           0,        5650,      -10.32445373,      -8.356516303,               -32,      -8.859450843,      -8.148263335,       -10.6379931
          0,           0,        5651,      -10.32955298,       -8.35685404,               -32,      -8.859999187,       -8.14873787,      -10.63813812
          0,           0,        5652,      -10.33204738,      -8.357195636,               -32,      -8.860494498,       -8.14864507,      -10.63828356
          0,           0,        5653,      -10.32964271,      -8.357534403,               -32,      -8.860970894,      -8.147915972,      -10.63842934
          0,           0,        5654,      -10.32329908,      -8.357864686,               -32,       -8.86152933,      -8.147650049,      -10.63857566
          0,           0,        5655,      -10.32038899,      -8.358200249,               -32,       -8.86221757,      -8.150106009,       -10.6387229
          0,           0,        5656,      -10.32400079,      -8.358547054,               -32,       -8.86280597,      -8.153338189,      -10.63887099
          0,           0,        5657,      -10.32691144,      -8.358890027,               -32,      -8.863159553,      -8.153052471,      -10.63901975
          0,           0,        5658,      -10.33065508,      -8.359224455,               -32,      -8.863618769,      -8.152587167,      -10.63916926
          0,           0,        5659,      -10.33508977,      -8.359560938,               -32,      -8.864143361,      -8.153065396,      -10.63931951
          0,           0,        5660,      -10.33621954,      -8.359900141,               -32,      -8.864605188,      -8.152698998,       -10.6394704
          0,           0,        5661,      -10.33274096,      -8.360234263,               -32,      -8.865074841,      -8.151926523,      -10.63962186
          0,           0,        5662,      -10.32706207,       -8.36056188,               -32,      -8.865654186,      -8.152208951,      -10.63977418
          0,           0,        5663,      -10.32649759,      -8.360898492,               -32,      -8.866331545,      -8.155369769,      -10.63992764
          0,           0,        5664,       -10.3302489,      -8.361242482,               -32,      -8.866831095,      -8.157768978,      -10.64008203
          0,           0,        5665,      -10.33265536,       -8.36157964,               -32,      -8.867168998,      -8.156962381,      -10.64023726
          0,           0,        5666,      -10.33672964,      -8.361911167,               -32,      -8.867657763,       -8.15703455,      -10.64039338
          0,           0,        5667,      -10.34020716,       -8.36224642,               -32,      -8.868145767,      -8.157317028,      -10.64055033
          0,           0,        5668,      -10.34010921,      -8.362582688,               -32,      -8.868579808,      -8.156731359,      -10.64070798
          0,           0,        5669,      -10.33599124,      -8.362912249,               -32,      -8.869050037,        -8.1560292,      -10.64086633
          0,           0,        5670,      -10.33159544,      -8.363238632,               -32,      -8.869649869,      -8.157036409,       -10.6410257
          0,           0,        5671,      -10.33283104,      -8.363575437,               -32,      -8.870291709,      -8.160532706,      -10.64118623
          0,           0,        5672,      -10.33609398,      -8.363915651,               -32,      -8.870705822,      -8.161931494,      -10.64134767
          0,           0,        5673,      -10.33848089,      -8.364247547,               -32,      -8.871059122,      -8.161063295,      -10.64150999
          0,           0,        5674,       -10.3425017,      -8.364577222,               -32,      -8.871553148,      -8.161494021,      -10.64167322
          0,           0,        5675,      -10.34492545,      -8.364911042,               -32,      -8.872000904,      -8.161494647,      -10.64183724
          0,           0,        5676,      -10.34380866,      -8.365243949,               -32,       -8.87241382,      -8.160758883,      -10.64200192
          0,           0,        5677,      -10.33953421,        -8.3655695,               -32,      -8.872891529,      -8.160272369,      -10.64216734
          0,           0,        5678,       -10.3367464,      -8.365895617,               -32,      -8.873505025,      -8.162076341,      -10.64233383
          0,           0,        5679,      -10.33905734,      -8.366231617,               -32,      -8.874088871,      -8.165480901,      -10.64250139
          0,           0,        5680,      -10.34162943,      -8.366567426,               -32,      -8.874435032,      -8.165939474,      -10.64266979
          0,           0,        5681,      -10.34426757,      -8.366895099,               -32,       -8.87481927,      -8.165368483,      -10.64283903
          0,           0,        5682,      -10.34786693,      -8.367223601,               -32,      -8.875295384,      -8.165901198,      -10.64300911
          0,           0,        5683,      -10.34927841,      -8.367555701,               -32,      -8.875704827,      -8.165617429,      -10.64317987
          0,           0,        5684,      -10.34739929,      -8.367885009,               -32,      -8.876103371,       -8.16480624,      -10.64335123
          0,           0,        5685,      -10.34343235,       -8.36820742,               -32,      -8.876593846,      -8.164697923,      -10.64352332
          0,           0,        5686,      -10.34224994,      -8.368533657,               -32,      -8.877207849,      -8.167227552,      -10.64369644
          0,           0,        5687,      -10.34495156,      -8.368868026,               -32,      -8.877718079,      -8.170163301,      -10.64387047
          0,           0,        5688,      -10.34698033,       -8.36919917,               -32,       -8.87802343,      -8.169927294,      -10.64404523
          0,           0,        5689,      -10.34985741,      -8.369523837,               -32,      -8.878436187,      -8.169813161,      -10.64422075
          0,           0,        5690,      -10.35279737,      -8.369851477,               -32,      -8.878878774,      -8.170230486,      -10.64439695
          0,           0,        5691,       -10.3533158,      -8.370181595,               -32,      -8.879254472,      -8.169703938,      -10.64457368
          0,           0,        5692,        -10.350954,      -8.370507272,               -32,      -8.879645203,      -8.168901524,      -10.64475087
          0,           0,        5693,      -10.34766708,       -8.37082753,               -32,      -8.880150919,       -8.16932393,      -10.64492872
          0,           0,        5694,       -10.3478329,      -8.371153826,               -32,      -8.880747916,      -8.172376917,      -10.64510744
          0,           0,        5695,        -10.350422,      -8.371485962,               -32,      -8.881178319,      -8.174588717,      -10.64528683
          0,           0,        5696,      -10.35220445,       -8.37181263,               -32,      -8.881471593,      -8.174005633,      -10.64546674
          0,           0,        5697,      -10.35512332,      -8.372135411,               -32,      -8.881897549,      -8.174302252,      -10.64564719
          0,           0,        5698,      -10.35731081,      -8.372462263,               -32,      -8.882299427,      -8.174475893,      -10.64582804
          0,           0,        5699,      -10.35709473,      -8.372790156,               -32,      -8.882647207,      -8.173767504,      -10.64600909
          0,           0,        5700,       -10.3545327,      -8.373112423,               -32,      -8.883036507,      -8.173075164,      -10.64619031
          0,           0,        5701,      -10.35215617,      -8.373431415,               -32,      -8.883555952,      -8.174135066,      -10.64637194
          0,           0,        5702,      -10.35327537,      -8.373757514,               -32,       -8.88411711,       -8.17742256,      -10.64655405
          0,           0,        5703,      -10.35548505,      -8.374086941,               -32,      -8.884472118,      -8.178808827,      -10.64673635
          0,           0,        5704,      -10.35726972,      -8.374409764,               -32,      -8.884775351,      -8.178228332,      -10.64691877
          0,           0,        5705,      -10.35998757,      -8.374731531,               -32,      -8.885194563,      -8.178758453,      -10.64710122
          0,           0,        5706,      -10.36144026,      -8.375057524,               -32,      -8.885555053,      -8.178646585,      -10.64728348
          0,           0,        5707,      -10.36066545,      -8.375383033,               -32,      -8.885881124,        -8.1778227,      -10.64746534
          0,           0,        5708,       -10.3581656,      -8.375702327,               -32,      -8.886274575,      -8.177356513,      -10.64764679
          0,           0,        5709,      -10.35676918,      -8.376020711,               -32,      -8.886801735,       -8.17908234,      -10.64782809
          0,           0,        5710,      -10.35842221,      -8.376346316,               -32,      -8.887310188,      -8.182290295,      -10.64800918
          0,           0,        5711,      -10.36020844,      -8.376672711,               -32,      -8.887604208,      -8.182906632,      -10.64818974
          0,           0,        5712,      -10.36209693,      -8.376992622,               -32,      -8.887927443,       -8.18258619,      -10.64836972
          0,           0,        5713,      -10.36442426,      -8.377313958,               -32,      -8.888322483,      -8.183140174,        -10.648549
          0,           0,        5714,      -10.36522522,      -8.377639008,               -32,      -8.888644502,      -8.182758833,      -10.64872731
          0,           0,        5715,      -10.36406838,      -8.377962073,               -32,      -8.888954959,      -8.181887247,      -10.64890448
          0,           0,        5716,      -10.36184828,      -8.378279023,               -32,      -8.889356749,      -8.181768167,      -10.64908063
          0,           0,        5717,      -10.36136059,      -8.378597277,               -32,      -8.889881333,      -8.184095882,      -10.64925611
          0,           0,        5718,      -10.36318967,      -8.378922167,               -32,      -8.890325231,      -8.186944861,      -10.64943079
          0,           0,        5719,      -10.36465707,      -8.379245478,               -32,      -8.890579077,      -8.186975415,      -10.64960445
          0,           0,        5720,      -10.36661173,      -8.379563584,               -32,      -8.890919816,      -8.187022785,      -10.64977716
          0,           0,        5721,      -10.36844919,        -8.3798849,               -32,       -8.89127937,      -8.187431476,      -10.64994881
          0,           0,        5722,      -10.36871025,      -8.380209018,               -32,      -8.891567639,      -8.186826691,      -10.65011922
          0,           0,        5723,      -10.36733733,      -8.380529817,               -32,      -8.891868442,      -8.185980151,      -10.65028832
          0,           0,        5724,      -10.36555186,       -8.38084523,               -32,      -8.892280575,      -8.186317223,      -10.65045652
          0,           0,        5725,      -10.36580673,      -8.381163795,               -32,      -8.892789684,      -8.189099961,      -10.65062425
          0,           0,        5726,       -10.3675616,      -8.381487937,               -32,       -8.89316353,      -8.191386918,       -10.6507913
          0,           0,        5727,      -10.36886281,      -8.381808572,               -32,      -8.893399311,      -8.191091238,      -10.65095761
          0,           0,        5728,      -10.37077005,      -8.382126064,               -32,       -8.89374618,      -8.191467587,      -10.65112332
          0,           0,        5729,       -10.3721003,      -8.382447754,               -32,       -8.89406539,       -8.19163175,      -10.65128831
          0,           0,        5730,         -10.37194,      -8.382771135,               -32,      -8.894325519,      -8.190861003,      -10.65145242
          0,           0,        5731,      -10.37049943,      -8.383090111,               -32,      -8.894622378,      -8.190120531,      -10.65161572
          0,           0,        5732,      -10.36923411,      -8.383404953,               -32,      -8.895044247,       -8.19099163,      -10.65177876
          0,           0,        5733,      -10.37002092,        -8.3837243,               -32,      -8.895523806,      -8.194024397,      -10.65194182
          0,           0,        5734,      -10.37156828,      -8.384047762,               -32,      -8.895829839,      -8.195646399,      -10.65210462
          0,           0,        5735,      -10.37282492,      -8.384366525,               -32,      -8.896065636,      -8.195293755,      -10.65226719
          0,           0,        5736,      -10.37456085,      -8.384684471,               -32,      -8.896403812,      -8.195862699,      -10.65242959
          0,           0,        5737,      -10.37542269,      -8.385006856,               -32,      -8.896682745,      -8.195749938,      -10.65259162
          0,           0,        5738,      -10.37495487,      -8.385329709,               -32,      -8.896920622,      -8.194873694,      -10.65275317
          0,           0,        5739,      -10.37357286,      -8.385647409,               -32,      -8.897218538,      -8.194327996,      -10.65291435
          0,           0,        5740,       -10.3728465,      -8.385962498,               -32,      -8.897646494,      -8.195761515,       -10.6530757
          0,           0,        5741,      -10.37395267,      -8.386282914,               -32,      -8.898083513,      -8.198813154,      -10.65323731
          0,           0,        5742,      -10.37526065,       -8.38660566,               -32,      -8.898331004,      -8.199775836,      -10.65339888
          0,           0,        5743,      -10.37652869,      -8.386923397,               -32,      -8.898577043,      -8.199580627,      -10.65356049
          0,           0,        5744,      -10.37800123,      -8.387242443,               -32,      -8.898892935,       -8.20017457,      -10.65372209
          0,           0,        5745,      -10.37846269,      -8.387565587,               -32,       -8.89913448,      -8.199799247,      -10.65388346
          0,           0,        5746,      -10.37778996,      -8.387887912,               -32,      -8.899355783,       -8.19887726,       -10.6540445
          0,           0,        5747,      -10.37656667,      -8.388204703,               -32,      -8.899658856,      -8.198617777,       -10.6542054
          0,           0,        5748,        -10.376343,      -8.388520542,               -32,      -8.900086046,      -8.200583486,      -10.65436661
          0,           0,        5749,      -10.37758488,      -8.388841968,               -32,      -8.900470125,      -8.203431073,      -10.65452806
          0,           0,        5750,      -10.37869017,      -8.389163782,               -32,      -8.900673781,      -8.203838611,      -10.65468951
          0,           0,        5751,        -10.379964,      -8.389481179,               -32,      -8.900931253,      -8.203916538,      -10.65485105
          0,           0,        5752,      -10.38112713,      -8.389801512,               -32,      -8.901215218,       -8.20438946,      -10.65501253
          0,           0,        5753,      -10.38126506,      -8.390125211,               -32,      -8.901423613,       -8.20379119,      -10.65517377
          0,           0,        5754,      -10.38047612,      -8.390446802,               -32,      -8.901633798,      -8.202884044,      -10.65533468
          0,           0,        5755,      -10.37948416,      -8.390762929,               -32,      -8.901944395,      -8.202996821,      -10.65549551
          0,           0,        5756,      -10.37968872,      -8.391079727,               -32,      -8.902361608,      -8.205407081,       -10.6556566
          0,           0,        5757,      -10.38092836,      -8.391401866,               -32,      -8.902686391,      -8.207865136,      -10.65581779
          0,           0,        5758,      -10.38189779,      -8.391722551,               -32,      -8.902863099,      -8.207892869,      -10.65597891
          0,           0,        5759,      -10.38313355,      -8.392040126,               -32,      -8.903125841,      -8.208250212,      -10.65614003
          0,           0,        5760,      -10.38398221,      -8.392361662,               -32,      -8.903372809,      -8.208504243,      -10.65630097
          0,           0,        5761,      -10.38387072,      -8.392685588,               -32,      -8.903552999,      -8.207733616,      -10.65646155
          0,           0,        5762,      -10.38304075,      -8.393006234,               -32,      -8.903757082,      -8.206905823,      -10.65662173
          0,           0,        5763,      -10.38232594,      -8.393321917,               -32,      -8.904075758,      -8.207461551,      -10.65678182
          0,           0,        5764,      -10.38286292,      -8.393639757,               -32,      -8.904472401,      -8.210180209,      -10.65694203
          0,           0,        5765,      -10.38401228,      -8.393962218,               -32,      -8.904736345,      -8.212121319,      -10.65710216
          0,           0,        5766,      -10.38491136,       -8.39428175,               -32,      -8.904901999,      -8.211977021,      -10.65726214
          0,           0,        5767,      -10.38605268,       -8.39459994,               -32,      -8.905159617,      -8.212532844,        -10.657422
          0,           0,        5768,       -10.3866102,      -8.394922492,               -32,      -8.905368511,      -8.212522464,      -10.65758154
          0,           0,        5769,      -10.38631558,      -8.395246343,               -32,      -8.905525643,       -8.21163328,      -10.65774062
          0,           0,        5770,      -10.38550799,      -8.395565923,               -32,      -8.905728331,      -8.210955064,      -10.65789926
          0,           0,        5771,      -10.38509091,      -8.395881453,               -32,      -8.906053409,      -8.211997336,      -10.65805781
          0,           0,        5772,      -10.38585713,      -8.396200372,               -32,      -8.906418708,        -8.2148538,      -10.65821639
          0,           0,        5773,      -10.38687497,      -8.396522765,               -32,      -8.906625739,      -8.216223908,       -10.6583748
          0,           0,        5774,      -10.38774908,      -8.396841383,               -32,       -8.90679214,      -8.216102971,      -10.65853307
          0,           0,        5775,      -10.38874597,      -8.397160515,               -32,      -8.907033328,      -8.216728305,      -10.65869118
          0,           0,        5776,      -10.38905131,      -8.397483901,               -32,      -8.907205964,      -8.216451749,      -10.65884897
          0,           0,        5777,      -10.38863066,      -8.397807424,               -32,      -8.907345233,       -8.21549791,      -10.65900635
          0,           0,        5778,      -10.38789854,      -8.398125962,               -32,      -8.907550649,      -8.215044918,      -10.65916344
          0,           0,        5779,      -10.38777665,      -8.398441686,               -32,      -8.907878226,      -8.216578906,      -10.65932059
          0,           0,        5780,      -10.38867296,       -8.39876169,               -32,      -8.908202309,      -8.219387141,      -10.65947787
          0,           0,        5781,      -10.38955645,      -8.399083677,               -32,      -8.908361456,      -8.220211943,      -10.65963515
          0,           0,        5782,      -10.39042444,      -8.399401811,               -32,      -8.908534293,      -8.220256855,      -10.65979253
          0,           0,        5783,      -10.39124361,      -8.399722104,               -32,      -8.908749723,      -8.220816907,      -10.65994998
          0,           0,        5784,      -10.39134078,      -8.400046156,               -32,      -8.908889501,      -8.220300459,       -10.6601074
          0,           0,        5785,      -10.39084238,      -8.400369146,               -32,      -8.909016138,      -8.219336126,      -10.66026477
          0,           0,        5786,      -10.39022931,      -8.400686778,               -32,      -8.909227519,      -8.219185044,      -10.66042232
          0,           0,        5787,      -10.39038043,      -8.401003068,               -32,      -8.909551444,      -8.221172529,      -10.66058042
          0,           0,        5788,      -10.39132069,      -8.401324084,               -32,      -8.909826687,      -8.223753165,      -10.66073912
          0,           0,        5789,      -10.39209326,       -8.40164544,               -32,      -8.909950666,       -8.22413165,      -10.66089837
          0,           0,        5790,      -10.39294953,      -8.401963604,               -32,      -8.910129294,      -8.224405374,      -10.66105834
          0,           0,        5791,      -10.39357671,      -8.402285153,               -32,      -8.910312799,      -8.224790145,      -10.66121902
          0,           0,        5792,       -10.3935085,      -8.402609693,               -32,      -8.910424113,      -8.224075972,      -10.66138036
          0,           0,        5793,      -10.39297348,      -8.402931982,               -32,      -8.910543246,      -8.223157948,      -10.66154244
          0,           0,        5794,      -10.39251401,      -8.403248944,               -32,      -8.910762578,      -8.223381238,       -10.6617056
          0,           0,        5795,      -10.39290004,      -8.403566125,               -32,      -8.911074894,      -8.225738111,      -10.66187019
          0,           0,        5796,      -10.39381699,      -8.403887995,               -32,      -8.911296909,      -8.227939362,      -10.66203624
          0,           0,        5797,      -10.39451509,      -8.404208608,               -32,      -8.911399999,      -8.228024821,      -10.66220383
          0,           0,        5798,      -10.39533669,      -8.404527305,               -32,      -8.911578576,      -8.228506824,      -10.66237313
          0,           0,        5799,      -10.39577419,      -8.404850089,               -32,      -8.911727508,      -8.228646802,      -10.66254415
          0,           0,        5800,      -10.39557898,      -8.405174904,               -32,      -8.911815278,      -8.227784012,      -10.66271689
          0,           0,        5801,      -10.39504346,      -8.405496361,               -32,       -8.91193179,      -8.226974228,      -10.66289149
          0,           0,        5802,      -10.39476284,      -8.405812947,               -32,      -8.912159398,      -8.227631188,      -10.66306835
          0,           0,        5803,      -10.39533406,       -8.40613126,               -32,      -8.912451008,      -8.230231919,      -10.66324777
          0,           0,        5804,       -10.3961826,      -8.406453684,               -32,      -8.912619628,      -8.231948809,      -10.66342977
          0,           0,        5805,      -10.39684353,      -8.406773631,               -32,       -8.91271493,      -8.231919084,      -10.66361446
          0,           0,        5806,      -10.39759914,      -8.407093259,               -32,      -8.912884699,      -8.232522741,      -10.66380199
          0,           0,        5807,      -10.39786114,      -8.407417151,               -32,      -8.912999326,      -8.232390378,      -10.66399233
