NDIME= 2
NELEM= 10216
5	417	69	311	0
5	302	55	56	1
5	405	159	384	2
5	594	427	450	3
5	315	71	72	4
5	319	4	262	5
5	270	39	40	6
5	327	65	66	7
5	451	259	325	8
5	441	40	41	9
5	358	147	148	10
5	287	12	13	11
5	252	144	145	12
5	254	56	57	13
5	348	96	269	14
5	262	4	5	15
5	647	465	525	16
5	453	308	449	17
5	309	282	15	18
5	560	265	470	19
5	369	185	186	20
5	420	271	27	21
5	432	137	376	22
5	643	471	270	23
5	429	121	354	24
5	282	14	15	25
5	568	446	456	26
5	292	257	31	27
5	617	385	457	28
5	831	694	478	29
5	274	24	25	30
5	470	346	454	31
5	311	69	70	32
5	291	20	278	33
5	286	24	274	34
5	257	30	31	35
5	255	0	1	36
5	996	809	797	37
5	342	79	312	38
5	280	18	19	39
5	543	319	518	40
5	316	42	294	41
5	507	356	439	42
5	543	293	319	43
5	546	298	299	44
5	324	288	9	45
5	749	548	648	46
5	270	251	39	47
5	542	459	257	48
5	258	36	37	49
5	322	18	280	50
5	315	72	290	51
5	555	313	342	52
5	288	8	9	53
5	645	348	465	54
5	323	14	282	55
5	308	62	63	56
5	300	75	76	57
5	335	84	303	58
5	421	60	305	59
5	334	38	251	60
5	749	549	548	61
5	285	53	54	62
5	302	56	254	63
5	751	644	725	64
5	250	82	83	65
5	294	42	43	66
5	301	87	88	67
5	279	80	81	68
5	305	60	61	69
5	531	475	278	70
5	554	448	540	71
5	271	26	27	72
5	284	89	90	73
5	416	111	112	74
5	329	260	33	75
5	475	291	278	76
5	340	0	255	77
5	277	106	107	78
5	420	28	272	79
5	295	52	53	80
5	316	41	42	81
5	333	294	43	82
5	825	476	650	83
5	331	300	76	84
5	762	555	664	85
5	295	53	285	86
5	290	72	73	87
5	337	90	91	88
5	312	79	80	89
5	511	320	336	90
5	1041	890	895	91
5	555	342	464	92
5	946	762	848	93
5	564	314	556	94
5	345	52	295	95
5	335	250	83	96
5	449	63	64	97
5	338	254	57	98
5	842	642	557	99
5	338	57	58	100
5	517	256	293	101
5	259	101	102	102
5	512	281	350	103
5	348	95	96	104
5	441	270	40	105
5	361	177	178	106
5	266	99	100	107
5	510	451	325	108
5	580	353	413	109
5	372	115	116	110
5	367	117	118	111
5	357	151	349	112
5	412	375	127	113
5	639	273	436	114
5	381	157	158	115
5	492	368	430	116
5	377	147	358	117
5	400	173	390	118
5	437	365	182	119
5	406	161	253	120
5	403	253	162	121
5	395	181	365	122
5	397	175	393	123
5	408	157	381	124
5	619	408	381	125
5	401	386	166	126
5	399	388	170	127
5	834	690	450	128
5	585	377	358	129
5	387	163	164	130
5	404	165	386	131
5	353	112	113	132
5	424	321	109	133
5	363	252	145	134
5	363	145	146	135
5	481	429	354	136
5	607	393	484	137
5	1544	685	720	138
5	653	485	490	139
5	275	132	133	140
5	409	382	129	141
5	373	135	136	142
5	614	482	253	143
5	355	143	144	144
5	409	130	383	145
5	380	354	122	146
5	486	435	273	147
5	436	273	140	148
5	411	126	375	149
5	360	186	187	150
5	593	394	488	151
5	850	681	706	152
5	393	175	176	153
5	806	611	604	154
5	398	177	361	155
5	784	587	502	156
5	403	162	163	157
5	402	169	388	158
5	253	161	162	159
5	396	188	359	160
5	388	169	170	161
5	1083	868	726	162
5	390	173	174	163
5	484	393	398	164
5	356	195	196	165
5	380	122	123	166
5	432	373	136	167
5	375	126	127	168
5	412	128	382	169
5	357	150	151	170
5	355	144	252	171
5	364	141	142	172
5	624	483	375	173
5	435	139	273	174
5	482	479	406	175
5	424	110	351	176
5	623	412	382	177
5	595	501	352	178
5	325	259	102	179
5	328	46	296	180
5	269	96	97	181
5	1361	1264	1068	182
5	530	286	462	183
5	550	306	421	184
5	251	38	39	185
5	423	103	104	186
5	350	99	266	187
5	693	451	510	188
5	483	411	375	189
5	352	114	115	190
5	633	478	424	191
5	444	150	357	192
5	427	117	367	193
5	588	395	365	194
5	385	154	261	195
5	655	491	587	196
5	369	186	360	197
5	581	431	485	198
5	386	165	166	199
5	5232	5214	5229	200
5	508	503	443	201
5	5232	5226	5214	202
5	1099	878	1090	203
5	5231	207	5222	204
5	5231	206	207	205
5	5230	5210	5219	206
5	5230	5213	5210	207
5	5229	5199	5213	208
5	5229	5214	5199	209
5	5228	204	205	210
5	5228	5217	204	211
5	5225	5219	5200	212
5	5225	249	5219	213
5	5232	5229	202	214
5	5232	202	203	215
5	5227	247	248	216
5	5227	5196	5212	217
5	5224	5195	5209	218
5	5224	5202	5195	219
5	5223	225	226	220
5	5223	5220	225	221
5	5224	5228	205	222
5	5231	205	206	223
5	5221	5173	5203	224
5	5221	5201	5173	225
5	5220	5211	225	226
5	5220	5181	5211	227
5	5230	200	201	228
5	5230	5229	5213	229
5	5219	5210	5191	230
5	5225	5218	248	231
5	5231	5202	5224	232
5	5231	5222	5202	233
5	5216	227	228	234
5	5216	5208	227	235
5	5215	207	208	236
5	5222	5206	5189	237
5	5232	203	5226	238
5	5230	201	5229	239
5	5214	5205	5174	240
5	5229	201	202	241
5	5212	246	247	242
5	5221	246	5212	243
5	5211	5180	224	244
5	5211	5181	5180	245
5	5210	5152	5191	246
5	5210	5190	5152	247
5	5231	5224	205	248
5	5228	5224	5209	249
5	5223	5208	5185	250
5	5223	226	227	251
5	5207	5180	5166	252
5	5207	223	5180	253
5	5222	5189	5202	254
5	5222	5215	5206	255
5	5226	5205	5214	256
5	5217	5188	5205	257
5	5197	229	230	258
5	5197	5179	229	259
5	5203	5163	5193	260
5	5203	5173	5163	261
5	5215	208	209	262
5	5222	207	5215	263
5	5221	5212	5201	264
5	5221	245	246	265
5	5230	5219	200	266
5	5219	249	200	267
5	5205	5154	5174	268
5	5226	5217	5205	269
5	5198	221	222	270
5	5198	5186	221	271
5	5197	5121	5179	272
5	5197	5088	5121	273
5	5212	5196	5170	274
5	5201	5170	5145	275
5	5195	5140	5169	276
5	5195	5157	5140	277
5	5192	241	5168	278
5	5192	240	241	279
5	5193	5160	243	280
5	5193	5163	5160	281
5	5223	5185	5220	282
5	5211	224	225	283
5	5213	5199	5190	284
5	5225	248	249	285
5	5184	5150	218	286
5	5184	5127	5150	287
5	5183	212	5155	288
5	5183	211	212	289
5	5228	5209	5217	290
5	5209	5169	5188	291
5	5187	241	242	292
5	5187	5160	5139	293
5	5186	220	221	294
5	5186	5151	220	295
5	5220	5185	5161	296
5	5220	5161	5181	297
5	5184	219	5151	298
5	5184	5151	5127	299
5	5183	5155	5125	300
5	5149	210	211	301
5	5190	5113	5152	302
5	5182	5112	5162	303
5	5223	227	5208	304
5	5181	5167	5147	305
5	5180	223	224	306
5	5207	5166	5194	307
5	5216	5179	5177	308
5	5179	5158	5177	309
5	5178	5156	5135	310
5	5178	215	5156	311
5	5177	5158	5130	312
5	5179	228	229	313
5	5191	5129	5143	314
5	5227	5212	247	315
5	5204	5142	5175	316
5	5204	214	5178	317
5	5174	5118	5146	318
5	5174	5154	5118	319
5	5171	5144	238	320
5	5171	5116	5144	321
5	5171	5148	5116	322
5	5172	216	217	323
5	5171	238	239	324
5	5172	217	5150	325
5	5176	5133	5153	326
5	5218	5176	5196	327
5	5202	5189	5157	328
5	5226	204	5217	329
5	5194	5166	5131	330
5	5192	5138	5148	331
5	5167	5134	5122	332
5	5167	5161	5134	333
5	5166	5096	5131	334
5	5166	5147	5096	335
5	5165	5091	5123	336
5	5165	5130	5091	337
5	5198	5194	5164	338
5	5207	222	223	339
5	5201	5145	5173	340
5	5203	5193	244	341
5	5162	5108	5128	342
5	5162	5112	5108	343
5	5181	5147	5180	344
5	5208	5165	5185	345
5	5208	5177	5165	346
5	5216	5177	5208	347
5	5159	5087	5111	348
5	5159	5115	5087	349
5	5158	5105	5130	350
5	5192	5168	5138	351
5	5189	5114	5157	352
5	5206	5128	5189	353
5	5192	5148	240	354
5	5148	239	240	355
5	5155	5090	5125	356
5	5155	5132	5090	357
5	5154	5101	5118	358
5	5154	5119	5101	359
5	5153	5082	5124	360
5	5153	5133	5082	361
5	5191	5152	5129	362
5	5227	248	5218	363
5	5164	5107	5137	364
5	5151	219	220	365
5	5184	218	219	366
5	5150	217	218	367
5	5217	5209	5188	368
5	5182	5162	209	369
5	5178	214	215	370
5	5148	5138	5086	371
5	5207	5194	222	372
5	5147	5122	5096	373
5	5199	5174	5146	374
5	5219	5191	5200	375
5	5145	5098	5126	376
5	5145	5124	5098	377
5	5144	237	238	378
5	5144	5115	237	379
5	5152	5076	5129	380
5	5200	5191	5143	381
5	5175	5155	212	382
5	5183	5149	211	383
5	5141	5094	5061	384
5	5141	5121	5094	385
5	5215	5162	5206	386
5	5214	5174	5199	387
5	5139	5102	5100	388
5	5139	5120	5102	389
5	5187	242	243	390
5	5194	5131	5164	391
5	5198	5164	5186	392
5	5186	5164	5137	393
5	5197	5136	5088	394
5	5197	230	5136	395
5	5135	5047	5093	396
5	5135	5092	5047	397
5	5167	5122	5147	398
5	438	198	199	399
5	5161	5106	5134	400
5	1036	844	843	401
5	307	86	87	402
5	661	506	199	403
5	5189	5128	5114	404
5	508	443	356	405
5	5112	5074	5108	406
5	685	657	503	407
5	5156	5092	5135	408
5	508	356	507	409
5	5204	5178	5142	410
5	659	438	506	411
5	5161	5123	5106	412
5	439	356	196	413
5	5187	5139	5168	414
5	443	195	356	415
5	5177	5130	5165	416
5	485	431	433	417
5	5185	5123	5161	418
5	660	517	543	419
5	5129	5071	5081	420
5	385	153	154	421
5	5129	5076	5071	422
5	661	199	515	423
5	5190	5146	5113	424
5	5188	5169	5119	425
5	5186	5137	5151	426
5	354	121	122	427
5	5182	210	5149	428
5	416	351	111	429
5	5170	5124	5145	430
5	1230	1086	1051	431
5	5203	244	245	432
5	410	132	275	433
5	5183	5125	5149	434
5	415	108	321	435
5	5182	5149	5112	436
5	347	101	259	437
5	5124	5045	5098	438
5	318	89	284	439
5	5124	5082	5045	440
5	425	106	277	441
5	5187	5168	241	442
5	578	347	452	443
5	5180	5147	5166	444
5	325	102	103	445
5	5134	5097	5109	446
5	473	464	312	447
5	5134	5109	5122	448
5	769	737	516	449
5	5179	5121	5158	450
5	5158	5121	5141	451
5	5160	5120	5139	452
5	347	100	101	453
5	5168	5100	5138	454
5	445	95	348	455
5	5140	5103	5056	456
5	671	579	645	457
5	5205	5188	5154	458
5	303	84	85	459
5	5146	5118	5089	460
5	445	336	94	461
5	5146	5089	5113	462
5	721	509	477	463
5	5117	5077	5046	464
5	320	92	93	465
5	5117	234	5077	466
5	335	83	84	467
5	5116	5086	5064	468
5	447	82	250	469
5	5138	5100	5070	470
5	764	754	540	471
5	5159	236	237	472
5	339	71	315	473
5	5159	237	5115	474
5	306	58	59	475
5	5169	5140	5085	476
5	5140	5056	5085	477
5	5113	5052	5076	478
5	292	31	32	479
5	5113	5089	5052	480
5	419	12	287	481
5	5159	5111	236	482
5	288	268	8	483
5	5111	235	236	484
5	293	2	3	485
5	5128	5084	5114	486
5	293	256	2	487
5	5111	5087	5057	488
5	1394	1257	1239	489
5	5110	5048	5092	490
5	340	199	0	491
5	5110	5079	5048	492
5	1218	517	853	493
5	5109	5049	5038	494
5	729	460	521	495
5	5109	5097	5049	496
5	746	543	518	497
5	5149	5099	5112	498
5	5209	5195	5169	499
5	5107	5020	5063	500
5	5107	5068	5020	501
5	312	80	279	502
5	762	562	555	503
5	460	263	267	504
5	670	470	454	505
5	273	139	140	506
5	641	588	365	507
5	384	159	160	508
5	261	154	155	509
5	304	55	302	510
5	573	332	466	511
5	742	537	741	512
5	1505	888	1371	513
5	256	255	1	514
5	256	1	2	515
5	330	30	257	516
5	472	345	295	517
5	346	36	258	518
5	260	32	33	519
5	511	456	320	520
5	452	259	451	521
5	329	34	265	522
5	292	32	260	523
5	813	617	667	524
5	349	151	152	525
5	521	460	267	526
5	726	515	340	527
5	263	262	5	528
5	263	5	6	529
5	264	261	155	530
5	264	155	156	531
5	329	33	34	532
5	265	34	35	533
5	510	325	423	534
5	514	284	467	535
5	267	263	6	536
5	267	6	7	537
5	268	267	7	538
5	268	7	8	539
5	452	347	259	540
5	509	418	425	541
5	476	330	459	542
5	422	296	47	543
5	326	26	271	544
5	317	22	276	545
5	420	27	28	546
5	272	28	29	547
5	480	400	390	548
5	374	275	133	549
5	570	474	254	550
5	276	22	23	551
5	590	519	252	552
5	374	133	134	553
5	575	343	308	554
5	278	20	21	555
5	415	107	108	556
5	625	321	478	557
5	565	557	294	558
5	557	316	294	559
5	466	332	417	560
5	563	540	300	561
5	642	441	316	562
5	471	251	270	563
5	281	269	97	564
5	281	97	98	565
5	309	16	283	566
5	470	265	346	567
5	309	15	16	568
5	283	16	17	569
5	307	87	301	570
5	675	568	456	571
5	333	43	44	572
5	314	44	45	573
5	286	276	23	574
5	286	23	24	575
5	528	462	274	576
5	533	455	280	577
5	324	10	289	578
5	535	323	282	579
5	324	9	10	580
5	289	10	11	581
5	498	466	417	582
5	310	290	73	583
5	291	280	19	584
5	291	19	20	585
5	938	928	741	586
5	537	468	287	587
5	534	283	322	588
5	521	267	268	589
5	514	318	284	590
5	297	50	51	591
5	422	47	48	592
5	296	46	47	593
5	644	307	536	594
5	573	341	332	595
5	298	48	49	596
5	299	50	297	597
5	505	315	290	598
5	422	48	298	599
5	299	298	49	600
5	299	49	50	601
5	310	73	74	602
5	448	75	300	603
5	913	671	859	604
5	1110	871	1094	605
5	304	54	55	606
5	304	285	54	607
5	442	86	307	608
5	442	85	86	609
5	576	343	575	610
5	665	534	652	611
5	343	62	308	612
5	344	64	65	613
5	556	314	328	614
5	338	58	306	615
5	442	303	85	616
5	467	284	337	617
5	343	61	62	618
5	343	305	61	619
5	497	334	251	620
5	497	251	471	621
5	701	547	662	622
5	532	447	516	623
5	332	67	68	624
5	449	64	344	625
5	313	77	78	626
5	331	76	77	627
5	469	290	310	628
5	331	77	313	629
5	455	322	280	630
5	333	44	314	631
5	339	70	71	632
5	339	311	70	633
5	524	263	460	634
5	441	41	316	635
5	317	278	21	636
5	317	21	22	637
5	318	301	88	638
5	318	88	89	639
5	319	293	3	640
5	319	3	4	641
5	337	284	90	642
5	446	92	320	643
5	415	277	107	644
5	321	108	109	645
5	322	283	17	646
5	322	17	18	647
5	323	287	13	648
5	323	13	14	649
5	552	283	534	650
5	538	289	419	651
5	423	104	418	652
5	694	625	478	653
5	326	274	25	654
5	326	25	26	655
5	341	67	332	656
5	344	65	327	657
5	328	314	45	658
5	328	45	46	659
5	734	677	462	660
5	459	330	257	661
5	330	272	29	662
5	330	29	30	663
5	562	313	555	664
5	498	417	311	665
5	341	66	67	666
5	341	327	66	667
5	468	419	287	668
5	1362	1084	1218	669
5	334	258	37	670
5	334	37	38	671
5	897	675	861	672
5	540	448	300	673
5	336	320	93	674
5	336	93	94	675
5	547	318	514	676
5	768	567	566	677
5	756	520	651	678
5	461	421	305	679
5	652	534	455	680
5	746	660	543	681
5	753	741	535	682
5	1043	889	916	683
5	550	421	461	684
5	643	270	441	685
5	342	313	78	686
5	342	78	79	687
5	575	308	453	688
5	474	302	254	689
5	556	328	520	690
5	449	308	63	691
5	345	297	51	692
5	345	51	52	693
5	346	265	35	694
5	346	35	36	695
5	692	465	647	696
5	347	266	100	697
5	445	94	95	698
5	725	536	701	699
5	407	153	385	700
5	618	407	617	701
5	350	281	98	702
5	350	98	99	703
5	424	109	110	704
5	351	110	111	705
5	413	114	352	706
5	416	112	353	707
5	478	321	424	708
5	496	371	429	709
5	426	367	118	710
5	372	352	115	711
5	378	143	355	712
5	436	140	141	713
5	807	611	806	714
5	359	188	189	715
5	495	383	410	716
5	591	364	378	717
5	783	584	782	718
5	493	410	275	719
5	489	398	361	720
5	394	185	369	721
5	992	880	704	722
5	365	181	182	723
5	605	391	400	724
5	392	178	179	725
5	362	358	148	726
5	362	148	149	727
5	834	450	635	728
5	799	708	504	729
5	603	387	404	730
5	436	141	364	731
5	366	179	180	732
5	392	361	178	733
5	608	480	390	734
5	392	179	366	735
5	426	119	371	736
5	626	353	580	737
5	368	359	189	738
5	368	189	190	739
5	370	183	184	740
5	437	182	183	741
5	839	640	593	742
5	437	183	370	743
5	426	118	119	744
5	371	119	120	745
5	501	413	352	746
5	627	351	416	747
5	428	135	373	748
5	599	380	414	749
5	718	598	689	750
5	824	626	823	751
5	379	124	125	752
5	414	124	379	753
5	432	136	137	754
5	376	137	138	755
5	377	363	146	756
5	377	146	147	757
5	378	364	142	758
5	378	142	143	759
5	600	481	354	760
5	686	583	487	761
5	816	620	619	762
5	689	598	483	763
5	408	156	157	764
5	408	264	156	765
5	412	127	128	766
5	382	128	129	767
5	409	129	130	768
5	383	130	131	769
5	405	158	159	770
5	405	381	158	771
5	407	152	153	772
5	407	349	152	773
5	604	389	402	774
5	640	370	593	775
5	609	391	605	776
5	403	163	387	777
5	389	167	168	778
5	401	166	167	779
5	604	402	601	780
5	401	167	389	781
5	391	171	172	782
5	399	170	171	783
5	479	384	406	784
5	399	171	391	785
5	606	504	392	786
5	593	370	394	787
5	397	174	175	788
5	397	390	174	789
5	394	370	184	790
5	394	184	185	791
5	395	366	180	792
5	395	180	181	793
5	396	360	187	794
5	396	187	188	795
5	620	523	264	796
5	615	384	479	797
5	398	393	176	798
5	398	176	177	799
5	482	406	253	800
5	614	253	403	801
5	400	391	172	802
5	400	172	173	803
5	605	400	480	804
5	489	484	398	805
5	402	389	168	806
5	402	168	169	807
5	974	788	732	808
5	622	382	409	809
5	404	387	164	810
5	404	164	165	811
5	494	376	435	812
5	621	409	383	813
5	406	384	160	814
5	406	160	161	815
5	638	436	364	816
5	583	362	444	817
5	487	444	357	818
5	583	444	487	819
5	636	376	494	820
5	617	407	385	821
5	410	383	131	822
5	410	131	132	823
5	411	379	125	824
5	411	125	126	825
5	529	428	373	826
5	634	426	371	827
5	413	353	113	828
5	413	113	114	829
5	414	380	123	830
5	414	123	124	831
5	580	413	501	832
5	509	425	477	833
5	496	429	481	834
5	527	378	355	835
5	417	332	68	836
5	417	68	69	837
5	423	325	103	838
5	418	104	105	839
5	419	289	11	840
5	419	11	12	841
5	534	322	455	842
5	533	280	291	843
5	421	306	59	844
5	421	59	60	845
5	574	327	341	846
5	646	449	344	847
5	632	418	509	848
5	861	675	669	849
5	624	375	412	850
5	500	414	379	851
5	425	418	105	852
5	425	105	106	853
5	595	372	594	854
5	690	594	450	855
5	427	372	116	856
5	427	116	117	857
5	428	374	134	858
5	428	134	135	859
5	429	371	120	860
5	429	120	121	861
5	430	368	190	862
5	430	190	191	863
5	431	430	191	864
5	431	191	192	865
5	494	435	486	866
5	639	486	273	867
5	433	431	192	868
5	433	192	193	869
5	434	433	193	870
5	434	193	194	871
5	435	376	138	872
5	435	138	139	873
5	601	402	388	874
5	602	404	386	875
5	867	506	661	876
5	812	616	615	877
5	439	196	197	878
5	440	198	438	879
5	592	395	588	880
5	586	368	492	881
5	440	439	197	882
5	440	197	198	883
5	539	521	268	884
5	541	292	260	885
5	473	312	279	886
5	532	473	279	887
5	443	434	194	888
5	443	194	195	889
5	444	362	149	890
5	444	149	150	891
5	951	767	751	892
5	1051	856	915	893
5	446	337	91	894
5	446	91	92	895
5	447	279	81	896
5	447	81	82	897
5	448	310	74	898
5	448	74	75	899
5	526	295	285	900
5	569	306	550	901
5	450	427	367	902
5	635	450	367	903
5	884	790	690	904
5	791	781	501	905
5	978	793	977	906
5	902	702	717	907
5	646	453	449	908
5	577	344	327	909
5	454	346	258	910
5	497	458	334	911
5	628	272	476	912
5	629	463	271	913
5	456	446	320	914
5	951	751	856	915
5	457	385	261	916
5	523	457	261	917
5	458	454	258	918
5	458	258	334	919
5	476	272	330	920
5	462	286	274	921
5	825	628	476	922
5	736	475	531	923
5	548	302	474	924
5	544	345	472	925
5	528	326	463	926
5	679	524	666	927
5	528	274	326	928
5	463	326	271	929
5	464	342	312	930
5	775	498	572	931
5	465	348	269	932
5	698	512	513	933
5	754	554	540	934
5	737	532	516	935
5	567	250	335	936
5	532	279	447	937
5	539	268	288	938
5	538	419	468	939
5	572	498	311	940
5	505	290	469	941
5	561	541	260	942
5	542	257	292	943
5	843	643	642	944
5	631	520	296	945
5	544	297	345	946
5	520	328	296	947
5	701	536	547	948
5	536	307	301	949
5	548	304	302	950
5	526	472	295	951
5	531	317	522	952
5	533	291	475	953
5	628	420	272	954
5	629	271	420	955
5	477	425	277	956
5	499	477	277	957
5	499	277	415	958
5	698	513	578	959
5	615	405	384	960
5	523	261	264	961
5	610	601	388	962
5	862	707	655	963
5	635	426	634	964
5	634	371	496	965
5	705	479	482	966
5	792	597	687	967
5	598	411	483	968
5	600	354	380	969
5	607	397	393	970
5	608	390	397	971
5	808	797	602	972
5	488	394	369	973
5	596	493	275	974
5	596	275	374	975
5	590	252	363	976
5	519	355	252	977
5	988	802	801	978
5	587	360	396	979
5	798	592	789	980
5	800	607	484	981
5	490	485	433	982
5	490	433	434	983
5	491	488	369	984
5	491	369	360	985
5	502	396	359	986
5	587	491	360	987
5	730	457	523	988
5	495	410	493	989
5	711	529	637	990
5	597	428	529	991
5	835	636	710	992
5	621	383	495	993
5	822	689	483	994
5	635	367	426	995
5	771	570	569	996
5	770	569	550	997
5	571	315	505	998
5	776	466	716	999
5	717	625	694	1000
5	901	852	695	1001
5	821	623	820	1002
5	599	414	500	1003
5	627	416	626	1004
5	626	416	353	1005
5	706	581	654	1006
5	587	396	502	1007
5	503	490	434	1008
5	503	434	443	1009
5	504	489	361	1010
5	504	361	392	1011
5	571	339	315	1012
5	572	311	339	1013
5	506	438	199	1014
5	943	917	743	1015
5	685	503	508	1016
5	910	681	850	1017
5	654	485	653	1018
5	987	801	800	1019
5	663	578	452	1020
5	852	663	695	1021
5	1199	1020	1198	1022
5	724	647	525	1023
5	698	578	663	1024
5	722	632	656	1025
5	859	692	847	1026
5	525	281	512	1027
5	513	512	350	1028
5	513	350	266	1029
5	566	335	303	1030
5	516	447	250	1031
5	1219	658	1080	1032
5	515	199	340	1033
5	1038	845	780	1034
5	551	303	442	1035
5	668	256	517	1036
5	868	661	515	1037
5	543	517	293	1038
5	518	319	262	1039
5	584	362	583	1040
5	527	355	519	1041
5	545	297	544	1042
5	631	296	422	1043
5	740	652	455	1044
5	752	552	665	1045
5	531	278	317	1046
5	522	317	276	1047
5	616	405	615	1048
5	782	584	583	1049
5	524	518	262	1050
5	524	262	263	1051
5	525	465	269	1052
5	525	269	281	1053
5	549	304	548	1054
5	757	556	756	1055
5	839	593	683	1056
5	591	378	527	1057
5	665	552	534	1058
5	742	696	468	1059
5	637	432	636	1060
5	637	373	432	1061
5	530	522	276	1062
5	530	276	286	1063
5	874	700	731	1064
5	747	544	700	1065
5	673	662	514	1066
5	773	505	699	1067
5	829	631	630	1068
5	765	565	564	1069
5	553	535	282	1070
5	537	287	323	1071
5	553	309	552	1072
5	537	323	535	1073
5	567	335	566	1074
5	566	303	551	1075
5	760	560	672	1076
5	744	542	541	1077
5	559	539	288	1078
5	558	289	538	1079
5	559	324	558	1080
5	759	559	758	1081
5	554	310	448	1082
5	554	469	310	1083
5	561	329	560	1084
5	542	292	541	1085
5	674	522	530	1086
5	1017	828	748	1087
5	889	758	728	1088
5	1528	1266	1364	1089
5	545	299	297	1090
5	630	422	298	1091
5	748	546	545	1092
5	546	299	545	1093
5	844	714	471	1094
5	630	298	546	1095
5	547	536	301	1096
5	547	301	318	1097
5	549	285	304	1098
5	549	526	285	1099
5	700	544	472	1100
5	715	678	458	1101
5	569	338	306	1102
5	570	254	338	1103
5	751	551	644	1104
5	567	516	250	1105
5	553	282	309	1106
5	552	309	283	1107
5	745	459	542	1108
5	672	560	470	1109
5	780	577	574	1110
5	776	573	466	1111
5	562	331	313	1112
5	563	300	331	1113
5	763	562	762	1114
5	738	473	532	1115
5	565	333	564	1116
5	642	316	557	1117
5	559	288	324	1118
5	558	324	289	1119
5	679	518	524	1120
5	753	553	752	1121
5	561	260	329	1122
5	560	329	265	1123
5	746	518	679	1124
5	734	528	733	1125
5	953	769	768	1126
5	563	331	562	1127
5	846	453	646	1128
5	699	505	469	1129
5	565	294	333	1130
5	564	333	314	1131
5	777	574	573	1132
5	845	646	577	1133
5	1086	856	1051	1134
5	723	511	579	1135
5	723	579	671	1136
5	669	456	511	1137
5	568	467	337	1138
5	568	337	446	1139
5	761	744	541	1140
5	570	338	569	1141
5	750	549	749	1142
5	1667	1374	1548	1143
5	1136	946	1047	1144
5	572	339	571	1145
5	676	550	461	1146
5	846	649	453	1147
5	773	571	505	1148
5	574	341	573	1149
5	1142	954	953	1150
5	577	327	574	1151
5	576	305	343	1152
5	576	461	305	1153
5	1037	714	844	1154
5	829	651	631	1155
5	1039	846	845	1156
5	646	344	577	1157
5	578	513	266	1158
5	578	266	347	1159
5	579	511	336	1160
5	579	336	445	1161
5	790	594	690	1162
5	633	351	627	1163
5	581	492	430	1164
5	581	430	431	1165
5	582	487	357	1166
5	582	357	349	1167
5	584	358	362	1168
5	589	363	377	1169
5	712	495	493	1170
5	585	358	584	1171
5	688	494	486	1172
5	589	377	585	1173
5	586	502	359	1174
5	586	359	368	1175
5	1092	867	661	1176
5	802	703	480	1177
5	592	366	395	1178
5	606	392	366	1179
5	1030	905	688	1180
5	590	363	589	1181
5	840	641	640	1182
5	1154	968	910	1183
5	803	605	703	1184
5	638	364	591	1185
5	789	592	588	1186
5	606	366	592	1187
5	640	437	370	1188
5	641	365	437	1189
5	595	352	372	1190
5	594	372	427	1191
5	794	500	718	1192
5	796	481	600	1193
5	787	519	590	1194
5	838	688	486	1195
5	597	596	374	1196
5	597	374	428	1197
5	598	500	379	1198
5	598	379	411	1199
5	793	596	792	1200
5	600	380	599	1201
5	821	624	623	1202
5	793	712	493	1203
5	612	602	386	1204
5	613	403	387	1205
5	611	389	604	1206
5	603	404	602	1207
5	683	593	488	1208
5	613	387	603	1209
5	611	401	389	1210
5	612	386	401	1211
5	609	399	391	1212
5	610	388	399	1213
5	681	586	492	1214
5	707	491	655	1215
5	803	609	605	1216
5	608	397	607	1217
5	840	640	839	1218
5	983	798	789	1219
5	708	489	504	1220
5	610	399	609	1221
5	812	615	684	1222
5	684	615	479	1223
5	810	614	613	1224
5	612	401	611	1225
5	1032	840	839	1226
5	801	608	607	1227
5	709	489	708	1228
5	614	403	613	1229
5	788	527	732	1230
5	682	487	582	1231
5	616	381	405	1232
5	620	264	408	1233
5	1026	834	1025	1234
5	619	381	616	1235
5	618	349	407	1236
5	618	582	349	1237
5	686	487	682	1238
5	782	583	686	1239
5	732	527	519	1240
5	620	408	619	1241
5	787	732	519	1242
5	785	589	585	1243
5	687	597	529	1244
5	622	409	621	1245
5	820	623	622	1246
5	623	382	622	1247
5	1001	813	877	1248
5	624	412	623	1249
5	713	496	481	1250
5	702	477	499	1251
5	625	499	415	1252
5	625	415	321	1253
5	781	580	501	1254
5	633	424	351	1255
5	911	702	902	1256
5	721	477	702	1257
5	826	628	825	1258
5	629	420	628	1259
5	827	733	463	1260
5	883	666	729	1261
5	651	520	631	1262
5	631	422	630	1263
5	715	497	714	1264
5	740	455	533	1265
5	632	510	423	1266
5	632	423	418	1267
5	791	595	790	1268
5	831	478	633	1269
5	718	500	598	1270
5	796	713	481	1271
5	831	633	830	1272
5	1007	819	818	1273
5	637	529	373	1274
5	636	432	376	1275
5	813	618	617	1276
5	836	638	591	1277
5	797	603	602	1278
5	639	436	638	1279
5	811	705	482	1280
5	705	684	479	1281
5	903	684	705	1282
5	641	437	640	1283
5	654	581	485	1284
5	817	730	523	1285
5	649	575	453	1286
5	643	441	642	1287
5	778	575	649	1288
5	770	550	676	1289
5	644	551	442	1290
5	644	442	307	1291
5	645	579	445	1292
5	645	445	348	1293
5	950	766	765	1294
5	937	752	855	1295
5	695	452	451	1296
5	1220	1045	1048	1297
5	648	548	474	1298
5	772	648	474	1299
5	778	576	575	1300
5	772	474	570	1301
5	650	476	459	1302
5	745	650	459	1303
5	756	556	520	1304
5	844	471	643	1305
5	735	522	674	1306
5	759	743	539	1307
5	1219	507	658	1308
5	863	685	849	1309
5	1069	983	1031	1310
5	1318	1171	1317	1311
5	719	586	681	1312
5	784	655	587	1313
5	656	632	509	1314
5	721	656	509	1315
5	657	653	490	1316
5	657	490	503	1317
5	658	507	439	1318
5	658	439	440	1319
5	691	438	659	1320
5	691	440	438	1321
5	1063	942	889	1322
5	909	891	678	1323
5	668	255	256	1324
5	868	515	726	1325
5	662	547	514	1326
5	1115	1079	873	1327
5	695	451	693	1328
5	1022	694	831	1329
5	664	555	464	1330
5	738	532	737	1331
5	696	538	468	1332
5	666	524	460	1333
5	728	538	696	1334
5	758	558	728	1335
5	667	617	457	1336
5	730	667	457	1337
5	853	517	660	1338
5	727	255	668	1339
5	673	514	467	1340
5	675	456	669	1341
5	1018	829	828	1342
5	672	470	670	1343
5	723	669	511	1344
5	1012	781	976	1345
5	1086	951	856	1346
5	1040	875	649	1347
5	680	568	675	1348
5	680	467	568	1349
5	735	531	522	1350
5	739	533	475	1351
5	680	673	467	1352
5	915	856	725	1353
5	779	576	778	1354
5	779	676	461	1355
5	677	674	530	1356
5	677	530	462	1357
5	678	670	454	1358
5	678	454	458	1359
5	896	666	883	1360
5	1134	943	1133	1361
5	856	751	725	1362
5	915	701	871	1363
5	719	502	586	1364
5	784	502	719	1365
5	814	618	813	1366
5	814	582	618	1367
5	841	588	641	1368
5	703	605	480	1369
5	993	807	806	1370
5	704	604	601	1371
5	867	659	506	1372
5	720	685	508	1373
5	1028	837	836	1374
5	838	486	639	1375
5	710	494	688	1376
5	711	687	529	1377
5	710	636	494	1378
5	999	903	705	1379
5	818	495	712	1380
5	819	622	621	1381
5	832	496	713	1382
5	1202	1024	1023	1383
5	720	508	507	1384
5	691	658	440	1385
5	692	671	645	1386
5	692	645	465	1387
5	695	663	452	1388
5	1267	1109	914	1389
5	823	580	781	1390
5	830	633	627	1391
5	1107	902	1054	1392
5	901	695	693	1393
5	728	558	538	1394
5	729	666	460	1395
5	697	664	464	1396
5	697	464	473	1397
5	724	512	698	1398
5	724	525	512	1399
5	755	554	754	1400
5	716	466	498	1401
5	747	545	544	1402
5	828	630	546	1403
5	725	644	536	1404
5	738	697	473	1405
5	1198	1020	1013	1406
5	864	693	722	1407
5	805	704	601	1408
5	806	604	704	1409
5	804	609	803	1410
5	1366	1224	1264	1411
5	809	603	797	1412
5	995	808	994	1413
5	706	681	492	1414
5	706	492	581	1415
5	707	683	488	1416
5	707	488	491	1417
5	709	484	489	1418
5	802	480	608	1419
5	995	797	808	1420
5	800	484	709	1421
5	991	805	804	1422
5	993	806	880	1423
5	865	812	684	1424
5	1002	812	865	1425
5	818	621	495	1426
5	820	622	819	1427
5	832	634	496	1428
5	833	635	634	1429
5	715	458	497	1430
5	714	497	471	1431
5	925	739	736	1432
5	921	735	674	1433
5	774	571	773	1434
5	775	716	498	1435
5	717	702	499	1436
5	717	499	625	1437
5	794	599	500	1438
5	795	600	599	1439
5	910	719	681	1440
5	1032	839	879	1441
5	1070	1032	879	1442
5	1068	857	863	1443
5	1021	831	830	1444
5	1026	884	690	1445
5	722	693	510	1446
5	722	510	632	1447
5	1253	1102	1225	1448
5	1258	1059	1082	1449
5	1221	1059	852	1450
5	1057	698	663	1451
5	954	737	769	1452
5	1060	913	859	1453
5	1222	1093	868	1454
5	1061	888	932	1455
5	727	726	340	1456
5	727	340	255	1457
5	893	670	891	1458
5	930	745	744	1459
5	922	735	921	1460
5	1289	1124	1064	1461
5	815	616	812	1462
5	1062	900	905	1463
5	731	700	472	1464
5	731	472	526	1465
5	788	591	527	1466
5	837	639	638	1467
5	734	462	528	1468
5	733	528	463	1469
5	941	757	756	1470
5	1015	826	1014	1471
5	855	752	665	1472
5	736	531	735	1473
5	938	753	937	1474
5	739	475	736	1475
5	767	551	751	1476
5	875	778	649	1477
5	958	872	648	1478
5	960	774	959	1479
5	929	742	928	1480
5	740	533	739	1481
5	1407	1228	1294	1482
5	1810	1652	1504	1483
5	742	468	537	1484
5	741	537	535	1485
5	855	665	854	1486
5	1014	826	825	1487
5	743	729	521	1488
5	743	521	539	1489
5	761	561	760	1490
5	745	542	744	1491
5	1019	651	829	1492
5	935	750	749	1493
5	1139	941	1076	1494
5	1120	854	927	1495
5	931	650	745	1496
5	748	545	747	1497
5	1014	825	869	1498
5	828	546	748	1499
5	750	526	549	1500
5	750	731	526	1501
5	920	885	677	1502
5	927	652	740	1503
5	767	566	551	1504
5	769	516	567	1505
5	753	535	553	1506
5	752	553	552	1507
5	929	916	696	1508
5	1213	1035	1212	1509
5	755	469	554	1510
5	755	699	469	1511
5	948	754	764	1512
5	939	755	754	1513
5	757	564	556	1514
5	766	557	565	1515
5	941	756	851	1516
5	765	564	757	1517
5	759	539	559	1518
5	758	559	558	1519
5	1120	1085	854	1520
5	922	736	735	1521
5	761	541	561	1522
5	760	561	560	1523
5	956	771	770	1524
5	935	749	872	1525
5	763	563	562	1526
5	764	540	563	1527
5	959	774	773	1528
5	764	563	763	1529
5	963	777	776	1530
5	961	775	960	1531
5	891	670	678	1532
5	766	565	765	1533
5	1035	843	842	1534
5	842	557	766	1535
5	915	725	701	1536
5	768	566	767	1537
5	948	939	754	1538
5	769	567	768	1539
5	947	763	946	1540
5	1040	649	846	1541
5	872	749	648	1542
5	771	569	770	1543
5	956	770	955	1544
5	772	570	771	1545
5	965	778	875	1546
5	957	772	771	1547
5	774	572	571	1548
5	775	572	774	1549
5	952	767	951	1550
5	859	671	692	1551
5	871	701	662	1552
5	923	738	737	1553
5	873	664	697	1554
5	777	573	776	1555
5	873	848	664	1556
5	780	574	777	1557
5	779	461	576	1558
5	933	747	700	1559
5	1127	935	1067	1560
5	934	748	747	1561
5	946	763	762	1562
5	845	577	780	1563
5	823	626	580	1564
5	824	627	626	1565
5	783	585	584	1566
5	786	590	589	1567
5	1029	838	837	1568
5	785	585	783	1569
5	986	709	904	1570
5	985	904	708	1571
5	967	782	858	1572
5	786	589	785	1573
5	970	783	967	1574
5	787	590	786	1575
5	900	835	710	1576
5	973	732	787	1577
5	1011	689	822	1578
5	836	591	788	1579
5	798	606	592	1580
5	799	504	606	1581
5	791	501	595	1582
5	790	595	594	1583
5	1008	820	819	1584
5	1020	830	824	1585
5	793	493	596	1586
5	792	596	597	1587
5	1027	836	788	1588
5	906	835	900	1589
5	981	795	980	1590
5	795	599	794	1591
5	1020	824	1013	1592
5	796	600	795	1593
5	975	791	790	1594
5	976	791	975	1595
5	809	613	603	1596
5	811	482	614	1597
5	1081	850	876	1598
5	799	606	798	1599
5	969	862	655	1600
5	1257	1081	1239	1601
5	898	803	703	1602
5	801	607	800	1603
5	904	709	708	1604
5	802	608	801	1605
5	878	707	862	1606
5	998	811	810	1607
5	804	610	609	1608
5	805	601	610	1609
5	880	806	704	1610
5	805	610	804	1611
5	989	898	703	1612
5	1078	857	1068	1613
5	807	612	611	1614
5	808	602	612	1615
5	1209	1029	1208	1616
5	808	612	807	1617
5	1182	1002	1073	1618
5	877	813	667	1619
5	1253	1056	1102	1620
5	810	613	809	1621
5	1004	817	816	1622
5	811	614	810	1623
5	903	865	684	1624
5	1159	972	971	1625
5	815	619	616	1626
5	817	523	620	1627
5	814	682	582	1628
5	971	786	785	1629
5	882	792	687	1630
5	1102	1056	901	1631
5	879	683	878	1632
5	816	619	815	1633
5	1002	815	812	1634
5	817	620	816	1635
5	907	882	687	1636
5	1006	818	712	1637
5	977	793	792	1638
5	819	621	818	1639
5	1025	834	833	1640
5	822	624	821	1641
5	1025	833	1024	1642
5	822	483	624	1643
5	1012	823	781	1644
5	975	790	884	1645
5	979	718	881	1646
5	981	796	795	1647
5	1013	823	1012	1648
5	979	794	718	1649
5	976	781	791	1650
5	830	627	824	1651
5	826	629	628	1652
5	827	463	629	1653
5	1019	829	1018	1654
5	827	629	826	1655
5	869	825	650	1656
5	894	760	672	1657
5	949	757	941	1658
5	829	630	828	1659
5	1037	908	714	1660
5	1145	955	1144	1661
5	1056	852	901	1662
5	911	721	702	1663
5	901	693	864	1664
5	902	717	860	1665
5	982	796	981	1666
5	833	634	832	1667
5	977	792	882	1668
5	834	635	833	1669
5	967	783	782	1670
5	1104	907	906	1671
5	835	711	637	1672
5	835	637	636	1673
5	978	712	793	1674
5	837	638	836	1675
5	1030	688	838	1676
5	838	639	837	1677
5	1003	815	1002	1678
5	878	683	707	1679
5	1367	1092	1265	1680
5	841	641	840	1681
5	984	798	983	1682
5	841	789	588	1683
5	1226	1090	1156	1684
5	876	706	654	1685
5	921	674	885	1686
5	843	642	842	1687
5	931	869	650	1688
5	844	643	843	1689
5	894	672	893	1690
5	909	715	908	1691
5	870	773	699	1692
5	846	646	845	1693
5	961	716	775	1694
5	959	773	870	1695
5	847	692	647	1696
5	914	647	724	1697
5	848	762	664	1698
5	1138	1131	939	1699
5	1044	691	659	1700
5	1686	1371	1519	1701
5	1154	910	1049	1702
5	857	653	657	1703
5	851	756	651	1704
5	1148	872	958	1705
5	1082	724	1058	1706
5	914	847	647	1707
5	1506	863	1042	1708
5	1083	726	727	1709
5	854	665	652	1710
5	927	854	652	1711
5	1101	891	909	1712
5	1260	1100	1228	1713
5	954	923	737	1714
5	1308	1152	1307	1715
5	876	850	706	1716
5	887	653	857	1717
5	858	782	686	1718
5	899	858	686	1719
5	1231	1045	1220	1720
5	1507	1408	1431	1721
5	860	717	694	1722
5	1336	1191	1335	1723
5	1369	1220	1271	1724
5	1598	1554	1440	1725
5	968	719	910	1726
5	1156	862	969	1727
5	863	857	657	1728
5	863	657	685	1729
5	1162	975	884	1730
5	1167	980	1166	1731
5	1005	918	730	1732
5	1278	1105	1104	1733
5	866	864	722	1734
5	866	722	656	1735
5	1406	1093	1222	1736
5	1264	1224	1078	1737
5	1527	1061	932	1738
5	1371	888	1227	1739
5	1016	919	733	1740
5	885	674	677	1741
5	940	755	939	1742
5	962	716	961	1743
5	1140	952	951	1744
5	1094	890	1041	1745
5	1217	875	1040	1746
5	955	770	676	1747
5	924	738	923	1748
5	924	697	738	1749
5	936	750	935	1750
5	933	700	874	1751
5	1150	960	1149	1752
5	958	648	772	1753
5	1171	985	1170	1754
5	1155	968	1154	1755
5	1077	905	1030	1756
5	899	686	682	1757
5	879	839	683	1758
5	1033	840	1032	1759
5	1078	887	857	1760
5	1171	904	985	1761
5	990	803	898	1762
5	996	797	995	1763
5	881	718	689	1764
5	1011	881	689	1765
5	1006	712	978	1766
5	1010	822	821	1767
5	1135	945	944	1768
5	917	883	729	1769
5	980	794	979	1770
5	1024	833	832	1771
5	920	734	919	1772
5	925	736	922	1773
5	1508	720	886	1774
5	886	720	507	1775
5	887	876	654	1776
5	887	654	653	1777
5	932	679	896	1778
5	932	746	679	1779
5	917	729	743	1780
5	942	758	889	1781
5	890	871	662	1782
5	890	662	673	1783
5	893	672	670	1784
5	945	930	744	1785
5	892	861	669	1786
5	892	669	723	1787
5	1113	921	885	1788
5	944	760	894	1789
5	1046	944	894	1790
5	1195	1111	919	1791
5	895	890	673	1792
5	895	673	680	1793
5	932	888	746	1794
5	896	679	666	1795
5	897	895	680	1796
5	897	680	675	1797
5	990	804	803	1798
5	992	704	805	1799
5	1071	1000	1001	1800
5	1206	1027	974	1801
5	906	711	835	1802
5	907	687	711	1803
5	1108	1055	912	1804
5	1221	852	1056	1805
5	912	656	721	1806
5	912	721	911	1807
5	994	807	993	1808
5	1180	996	1179	1809
5	986	800	709	1810
5	989	703	802	1811
5	905	900	710	1812
5	905	710	688	1813
5	1190	881	1011	1814
5	907	711	906	1815
5	1187	1009	1008	1816
5	1165	978	977	1817
5	909	678	715	1818
5	908	715	714	1819
5	1123	1066	931	1820
5	1119	927	926	1821
5	968	784	719	1822
5	969	655	784	1823
5	1335	1163	1313	1824
5	912	866	656	1825
5	1229	1087	1109	1826
5	1205	884	1026	1827
5	913	892	723	1828
5	913	723	671	1829
5	1091	864	866	1830
5	1060	1050	913	1831
5	1269	1140	1086	1832
5	1151	961	1150	1833
5	916	889	728	1834
5	916	728	696	1835
5	943	759	942	1836
5	1228	1100	1134	1837
5	918	877	667	1838
5	918	667	730	1839
5	920	677	734	1840
5	919	734	733	1841
5	1144	964	1095	1842
5	1217	1096	875	1843
5	1146	957	956	1844
5	926	740	739	1845
5	1238	1076	1197	1846
5	1195	919	1016	1847
5	924	873	697	1848
5	1321	1177	1176	1849
5	1153	966	963	1850
5	1290	1128	1247	1851
5	1283	1112	1111	1852
5	926	739	925	1853
5	1121	929	928	1854
5	927	740	926	1855
5	1129	937	1065	1856
5	1085	855	854	1857
5	929	696	742	1858
5	928	742	741	1859
5	1063	889	1043	1860
5	1133	942	1063	1861
5	945	761	944	1862
5	931	745	930	1863
5	1123	930	945	1864
5	1065	937	855	1865
5	1286	1117	1284	1866
5	1604	1461	1460	1867
5	1283	1113	1112	1868
5	934	747	933	1869
5	1194	1016	1015	1870
5	1017	748	934	1871
5	936	731	750	1872
5	936	874	731	1873
5	1125	933	874	1874
5	1139	949	941	1875
5	938	741	753	1876
5	937	753	752	1877
5	1130	1121	928	1878
5	1227	888	1061	1879
5	940	699	755	1880
5	940	870	699	1881
5	1131	940	939	1882
5	1052	959	870	1883
5	949	765	757	1884
5	1034	842	766	1885
5	943	743	759	1886
5	942	759	758	1887
5	1368	1227	1061	1888
5	1124	932	896	1889
5	945	744	761	1890
5	944	761	760	1891
5	1117	925	922	1892
5	1123	945	1135	1893
5	947	764	763	1894
5	948	764	947	1895
5	1297	1136	1244	1896
5	1106	908	1037	1897
5	1095	964	965	1898
5	1304	1144	1240	1899
5	1149	960	959	1900
5	950	765	949	1901
5	1320	1176	1175	1902
5	1034	766	950	1903
5	952	768	767	1904
5	953	768	952	1905
5	1089	892	1050	1906
5	1282	1094	1236	1907
5	1430	1280	1373	1908
5	954	769	953	1909
5	1137	947	1136	1910
5	1151	962	961	1911
5	1146	956	1145	1912
5	1212	950	1139	1913
5	1152	962	1151	1914
5	957	771	956	1915
5	1197	1017	1196	1916
5	958	772	957	1917
5	1340	1126	1290	1918
5	1196	1017	934	1919
5	960	775	774	1920
5	962	776	716	1921
5	1110	1051	915	1922
5	963	776	962	1923
5	1094	871	890	1924
5	966	780	777	1925
5	1140	951	1086	1926
5	1425	1282	1370	1927
5	1079	1047	848	1928
5	966	777	963	1929
5	964	955	676	1930
5	964	676	779	1931
5	965	964	779	1932
5	965	779	778	1933
5	1298	1293	1131	1934
5	1038	780	966	1935
5	970	785	783	1936
5	972	787	786	1937
5	1169	983	1069	1938
5	969	784	968	1939
5	1173	987	986	1940
5	1090	878	862	1941
5	1182	1003	1002	1942
5	971	785	970	1943
5	1183	918	1005	1944
5	972	786	971	1945
5	1259	1087	1229	1946
5	973	787	972	1947
5	1179	995	994	1948
5	974	732	973	1949
5	1074	880	1178	1950
5	1027	788	974	1951
5	1185	1007	1006	1952
5	1013	824	823	1953
5	1347	1201	1346	1954
5	1343	1199	1198	1955
5	1172	986	904	1956
5	1007	818	1006	1957
5	1160	973	972	1958
5	1008	819	1007	1959
5	980	795	794	1960
5	982	713	796	1961
5	1168	981	1167	1962
5	1023	832	713	1963
5	1191	1012	976	1964
5	1205	1162	884	1965
5	1332	1188	1331	1966
5	1023	713	982	1967
5	984	799	798	1968
5	985	708	799	1969
5	1310	1226	1156	1970
5	985	799	984	1971
5	1318	1173	1172	1972
5	1176	989	1175	1973
5	1169	984	983	1974
5	987	800	986	1975
5	1178	991	1177	1976
5	988	801	987	1977
5	1177	991	990	1978
5	989	802	988	1979
5	1174	988	987	1980
5	1310	1156	1155	1981
5	1181	1073	903	1982
5	991	804	990	1983
5	1175	989	988	1984
5	992	805	991	1985
5	1170	984	1169	1986
5	1157	970	967	1987
5	994	808	807	1988
5	999	705	811	1989
5	1172	904	1171	1990
5	997	810	809	1991
5	1161	974	973	1992
5	1207	1028	1027	1993
5	1075	967	858	1994
5	997	809	996	1995
5	1101	1046	893	1996
5	998	810	997	1997
5	1584	1430	1509	1998
5	999	811	998	1999
5	1073	865	903	2000
5	1183	1098	918	2001
5	1000	899	682	2002
5	1000	682	814	2003
5	1001	1000	814	2004
5	1001	814	813	2005
5	1003	816	815	2006
5	1005	730	817	2007
5	1181	903	999	2008
5	1004	816	1003	2009
5	1178	880	992	2010
5	1005	817	1004	2011
5	1073	1002	865	2012
5	1183	1004	1182	2013
5	1189	1011	1010	2014
5	1009	821	820	2015
5	1104	906	1103	2016
5	1334	1250	1053	2017
5	1166	980	979	2018
5	1009	820	1008	2019
5	1203	1025	1024	2020
5	1010	821	1009	2021
5	1191	976	1163	2022
5	1011	822	1010	2023
5	1166	979	1053	2024
5	1168	982	981	2025
5	1192	1013	1012	2026
5	1021	830	1020	2027
5	1201	982	1168	2028
5	1022	831	1021	2029
5	1015	827	826	2030
5	1016	733	827	2031
5	1046	894	893	2032
5	1016	827	1015	2033
5	1212	1034	950	2034
5	1128	936	1127	2035
5	1135	944	1046	2036
5	1018	828	1017	2037
5	1106	1101	909	2038
5	1019	851	651	2039
5	1076	941	851	2040
5	1212	1035	1034	2041
5	1415	1056	1253	2042
5	1163	975	1162	2043
5	1349	1203	1348	2044
5	1022	860	694	2045
5	1091	866	1055	2046
5	1055	866	912	2047
5	1192	1012	1191	2048
5	1024	832	1023	2049
5	1164	977	882	2050
5	1026	690	834	2051
5	1184	1006	978	2052
5	1103	900	1062	2053
5	1179	996	995	2054
5	1105	882	907	2055
5	1072	899	1000	2056
5	1028	836	1027	2057
5	1180	998	997	2058
5	1029	837	1028	2059
5	1105	907	1104	2060
5	1030	838	1029	2061
5	1103	906	900	2062
5	1188	1010	1009	2063
5	1031	983	789	2064
5	1031	789	841	2065
5	1033	841	840	2066
5	1033	1031	841	2067
5	1355	1211	1210	2068
5	1517	1470	1397	2069
5	1076	851	1019	2070
5	1035	842	1034	2071
5	1118	926	925	2072
5	1036	843	1035	2073
5	1066	869	931	2074
5	1037	844	1036	2075
5	1085	1065	855	2076
5	1122	929	1121	2077
5	1136	947	946	2078
5	1039	845	1038	2079
5	1214	1038	966	2080
5	1040	846	1039	2081
5	1149	959	1052	2082
5	1216	1040	1039	2083
5	1050	892	913	2084
5	1422	1270	1246	2085
5	1042	863	849	2086
5	1044	659	867	2087
5	1436	1289	1260	2088
5	1122	916	929	2089
5	1256	691	1044	2090
5	1080	658	691	2091
5	1045	1041	895	2092
5	1045	895	897	2093
5	1101	893	891	2094
5	1106	1037	1213	2095
5	1047	946	848	2096
5	1273	1051	1110	2097
5	1048	1045	897	2098
5	1048	897	861	2099
5	1049	910	850	2100
5	1326	1073	1181	2101
5	1089	861	892	2102
5	1089	1048	861	2103
5	1143	923	954	2104
5	1079	848	873	2105
5	1132	940	1131	2106
5	1290	1126	1125	2107
5	1053	979	881	2108
5	1190	1053	881	2109
5	1054	902	860	2110
5	1200	1088	1022	2111
5	1108	911	1107	2112
5	1270	1050	1246	2113
5	1102	864	1091	2114
5	1102	901	864	2115
5	1058	698	1057	2116
5	1058	724	698	2117
5	1082	914	724	2118
5	1258	1057	1059	2119
5	1059	1057	663	2120
5	1059	663	852	2121
5	1246	1050	1060	2122
5	1345	1200	1344	2123
5	1356	1243	1212	2124
5	1124	896	1064	2125
5	1405	1310	1376	2126
5	1077	1062	905	2127
5	1064	896	883	2128
5	1294	1133	1223	2129
5	1443	1295	1377	2130
5	1134	917	943	2131
5	1193	1015	1014	2132
5	1338	1195	1194	2133
5	1111	920	919	2134
5	1066	1014	869	2135
5	1067	935	872	2136
5	1148	1067	872	2137
5	1097	887	1078	2138
5	1081	1049	850	2139
5	1210	1032	1070	2140
5	1211	1031	1033	2141
5	1210	1033	1032	2142
5	1211	1069	1031	2143
5	1249	1079	1248	2144
5	1157	967	1075	2145
5	1312	1160	1311	2146
5	1072	1000	1071	2147
5	1071	1001	877	2148
5	1182	1004	1003	2149
5	1181	998	1180	2150
5	1074	994	993	2151
5	1072	1075	858	2152
5	1378	1232	1353	2153
5	1139	950	949	2154
5	1127	936	935	2155
5	1158	970	1157	2156
5	1208	1029	1028	2157
5	1323	1074	1322	2158
5	1239	1097	1224	2159
5	1141	952	1140	2160
5	1231	1041	1045	2161
5	1550	1367	1265	2162
5	1754	1607	1753	2163
5	1126	933	1125	2164
5	1197	1018	1017	2165
5	1267	914	1082	2166
5	1281	1235	1055	2167
5	1289	1064	1260	2168
5	1233	867	1092	2169
5	1268	727	1084	2170
5	1084	727	668	2171
5	1112	920	1111	2172
5	1563	1452	1533	2173
5	1411	1259	1375	2174
5	1115	873	924	2175
5	1087	1060	859	2176
5	1087	859	847	2177
5	1088	1054	860	2178
5	1088	860	1022	2179
5	1449	1304	1448	2180
5	1303	1116	1143	2181
5	1099	879	878	2182
5	1099	1070	879	2183
5	1277	1103	1062	2184
5	1072	858	899	2185
5	1233	1044	867	2186
5	1222	868	1083	2187
5	1093	1092	661	2188
5	1093	661	868	2189
5	1110	915	871	2190
5	1270	1089	1050	2191
5	1144	955	964	2192
5	1145	956	955	2193
5	1096	1095	965	2194
5	1096	965	875	2195
5	1097	1081	876	2196
5	1097	876	887	2197
5	1098	1071	877	2198
5	1098	877	918	2199
5	1354	1070	1275	2200
5	1318	1172	1171	2201
5	1100	1064	883	2202
5	1100	883	917	2203
5	1262	1075	1072	2204
5	1382	1351	1350	2205
5	1179	994	1074	2206
5	1074	993	880	2207
5	1352	1207	1206	2208
5	1164	882	1105	2209
5	1322	1178	1316	2210
5	1165	977	1164	2211
5	1276	1071	1272	2212
5	1184	978	1165	2213
5	1106	909	908	2214
5	1357	1213	1243	2215
5	1108	912	911	2216
5	1107	911	902	2217
5	1721	1375	1577	2218
5	1383	1234	1254	2219
5	1109	1087	847	2220
5	1109	847	914	2221
5	1384	1220	1369	2222
5	1269	1086	1230	2223
5	1112	885	920	2224
5	1114	922	921	2225
5	1284	1117	1114	2226
5	1113	885	1112	2227
5	1338	1194	1193	2228
5	1114	921	1113	2229
5	1339	1283	1111	2230
5	1117	922	1114	2231
5	1385	1247	1306	2232
5	1141	953	952	2233
5	1116	1115	924	2234
5	1116	924	923	2235
5	1242	1065	1085	2236
5	1118	925	1117	2237
5	1389	1223	1237	2238
5	1119	926	1118	2239
5	1292	1130	1291	2240
5	1120	927	1119	2241
5	1439	1416	1288	2242
5	1255	1043	1122	2243
5	1130	938	1129	2244
5	1122	1043	916	2245
5	1433	1380	1286	2246
5	1589	1438	1510	2247
5	1123	931	930	2248
5	1193	1014	1066	2249
5	1286	1118	1117	2250
5	1287	1119	1286	2251
5	1126	934	933	2252
5	1197	1076	1019	2253
5	1295	1123	1135	2254
5	1196	934	1126	2255
5	1128	874	936	2256
5	1128	1125	874	2257
5	1452	1357	1387	2258
5	1450	1293	1446	2259
5	1130	928	938	2260
5	1129	938	937	2261
5	1337	1066	1296	2262
5	1435	1386	1241	2263
5	1132	870	940	2264
5	1132	1052	870	2265
5	1360	1216	1359	2266
5	1240	1144	1095	2267
5	1134	1100	917	2268
5	1133	943	942	2269
5	1511	1222	1420	2270
5	1953	1664	1706	2271
5	1285	1248	1115	2272
5	1245	1052	1293	2273
5	1137	948	947	2274
5	1138	939	948	2275
5	1293	1132	1131	2276
5	1138	948	1137	2277
5	1307	1152	1151	2278
5	1298	1131	1138	2279
5	1299	1076	1238	2280
5	1213	1037	1036	2281
5	1143	954	1142	2282
5	1142	953	1141	2283
5	1300	1141	1140	2284
5	1143	1116	923	2285
5	1557	1381	1552	2286
5	1297	1138	1137	2287
5	1365	1302	1301	2288
5	1586	1525	1380	2289
5	1240	1095	1096	2290
5	1147	958	957	2291
5	1308	1214	1153	2292
5	1245	1150	1149	2293
5	1304	1145	1144	2294
5	1147	957	1146	2295
5	1359	1214	1308	2296
5	1148	958	1147	2297
5	1360	1240	1096	2298
5	1411	1246	1259	2299
5	1150	961	960	2300
5	1152	963	962	2301
5	1305	1146	1304	2302
5	1153	963	1152	2303
5	1305	1148	1147	2304
5	1214	966	1153	2305
5	1359	1216	1215	2306
5	1215	1039	1038	2307
5	1306	1067	1148	2308
5	1307	1151	1150	2309
5	1155	969	968	2310
5	1156	1090	862	2311
5	1515	1080	1256	2312
5	1156	969	1155	2313
5	1899	1755	1754	2314
5	1274	1090	1226	2315
5	1158	971	970	2316
5	1209	1030	1029	2317
5	1232	1062	1077	2318
5	1159	971	1158	2319
5	1259	1060	1087	2320
5	1160	972	1159	2321
5	1329	1272	1098	2322
5	1161	973	1160	2323
5	1348	1203	1202	2324
5	1206	974	1161	2325
5	1163	976	975	2326
5	1199	1021	1020	2327
5	1333	1190	1189	2328
5	1200	1021	1199	2329
5	1277	1104	1103	2330
5	1185	1006	1184	2331
5	1346	1168	1315	2332
5	1186	1008	1007	2333
5	1167	981	980	2334
5	1201	1023	982	2335
5	1315	1168	1167	2336
5	1202	1023	1201	2337
5	1336	1192	1191	2338
5	1203	1024	1202	2339
5	1170	985	984	2340
5	1274	1099	1090	2341
5	1746	1600	1570	2342
5	1173	986	1172	2343
5	1462	1459	1321	2344
5	1174	987	1173	2345
5	1641	1426	1583	2346
5	1175	988	1174	2347
5	1239	1081	1097	2348
5	1176	990	898	2349
5	1355	1210	1354	2350
5	1176	898	989	2351
5	1252	1069	1211	2352
5	1317	1169	1252	2353
5	1317	1171	1170	2354
5	1177	990	1176	2355
5	1252	1169	1069	2356
5	1178	992	991	2357
5	1464	1322	1463	2358
5	1180	997	996	2359
5	1311	1159	1158	2360
5	1181	999	998	2361
5	1272	1071	1098	2362
5	1329	1098	1183	2363
5	1325	1181	1180	2364
5	1316	1178	1177	2365
5	1317	1170	1169	2366
5	1183	1005	1004	2367
5	1276	1072	1071	2368
5	1328	1183	1182	2369
5	1343	1198	1342	2370
5	1259	1246	1060	2371
5	1351	1313	1162	2372
5	1186	1007	1185	2373
5	1331	1186	1330	2374
5	1187	1008	1186	2375
5	1330	1185	1184	2376
5	1188	1009	1187	2377
5	1277	1062	1232	2378
5	1189	1010	1188	2379
5	1620	1456	1475	2380
5	1190	1011	1189	2381
5	1342	1192	1336	2382
5	1330	1186	1185	2383
5	1351	1162	1205	2384
5	1374	1253	1225	2385
5	1280	1107	1234	2386
5	1198	1013	1192	2387
5	1284	1114	1113	2388
5	1194	1015	1193	2389
5	1291	1129	1241	2390
5	1195	1016	1194	2391
5	1241	1129	1065	2392
5	1287	1120	1119	2393
5	1284	1113	1283	2394
5	1197	1019	1018	2395
5	1295	1135	1261	2396
5	1358	1106	1357	2397
5	1234	1107	1054	2398
5	1200	1022	1021	2399
5	1345	1254	1088	2400
5	1344	1199	1343	2401
5	1342	1198	1192	2402
5	1313	1163	1162	2403
5	1335	1191	1163	2404
5	1204	1026	1025	2405
5	1349	1204	1203	2406
5	1350	1205	1204	2407
5	1492	1312	1311	2408
5	1204	1025	1203	2409
5	1263	1157	1075	2410
5	1205	1026	1204	2411
5	1278	1164	1105	2412
5	1346	1201	1168	2413
5	1323	1179	1074	2414
5	1207	1027	1206	2415
5	1314	1184	1165	2416
5	1208	1028	1207	2417
5	1263	1158	1157	2418
5	1209	1077	1030	2419
5	1353	1209	1208	2420
5	1232	1077	1209	2421
5	1319	1175	1174	2422
5	1211	1033	1210	2423
5	1321	1316	1177	2424
5	1324	1179	1323	2425
5	1478	1296	1443	2426
5	1213	1036	1035	2427
5	1370	1282	1236	2428
5	1243	1213	1212	2429
5	1654	1531	1581	2430
5	1215	1038	1214	2431
5	1285	1115	1116	2432
5	1216	1039	1215	2433
5	1384	1231	1220	2434
5	1217	1040	1216	2435
5	1306	1247	1067	2436
5	1247	1127	1067	2437
5	1218	1084	668	2438
5	1218	668	517	2439
5	1521	1233	1367	2440
5	1219	886	507	2441
5	1271	1048	1089	2442
5	1271	1089	1270	2443
5	1403	1082	1059	2444
5	1403	1267	1082	2445
5	1264	1078	1068	2446
5	1260	1064	1100	2447
5	1223	1133	1063	2448
5	1514	1404	1416	2449
5	1224	1097	1078	2450
5	1562	1428	1538	2451
5	1225	1102	1091	2452
5	1235	1225	1091	2453
5	1495	1275	1426	2454
5	1309	1155	1154	2455
5	1420	1083	1268	2456
5	1519	1227	1518	2457
5	1436	1260	1417	2458
5	1439	1292	1438	2459
5	1423	1369	1271	2460
5	1423	1270	1422	2461
5	1236	1041	1231	2462
5	1558	1391	1557	2463
5	1236	1094	1041	2464
5	1273	1230	1051	2465
5	1319	1173	1318	2466
5	1278	1104	1277	2467
5	1684	1662	1401	2468
5	1265	1092	1093	2469
5	1235	1091	1055	2470
5	1476	1313	1382	2471
5	1281	1108	1280	2472
5	1628	1482	1627	2473
5	1365	1303	1302	2474
5	1647	1499	1646	2475
5	1237	1223	1063	2476
5	1237	1063	1043	2477
5	1340	1196	1126	2478
5	1290	1125	1128	2479
5	1251	1154	1049	2480
5	1309	1154	1251	2481
5	1399	1279	1358	2482
5	1247	1128	1127	2483
5	1292	1288	1121	2484
5	1255	1237	1043	2485
5	1242	1120	1287	2486
5	1242	1241	1065	2487
5	1356	1139	1299	2488
5	1261	1135	1046	2489
5	1244	1136	1047	2490
5	1248	1079	1115	2491
5	1293	1052	1132	2492
5	1307	1150	1245	2493
5	1375	1259	1229	2494
5	1391	1230	1381	2495
5	1304	1146	1145	2496
5	1305	1147	1146	2497
5	1249	1047	1079	2498
5	1249	1244	1047	2499
5	1447	1301	1300	2500
5	1568	1412	1564	2501
5	1315	1167	1250	2502
5	1250	1167	1166	2503
5	1559	1402	1080	2504
5	1426	1274	1396	2505
5	1275	1099	1274	2506
5	1319	1174	1173	2507
5	1419	1109	1267	2508
5	1419	1229	1109	2509
5	1254	1234	1054	2510
5	1254	1054	1088	2511
5	1573	1407	1565	2512
5	1438	1291	1386	2513
5	1379	1042	1266	2514
5	1256	1080	691	2515
5	1257	1251	1049	2516
5	1257	1049	1081	2517
5	1258	1082	1058	2518
5	1258	1058	1057	2519
5	1347	1202	1201	2520
5	1330	1184	1314	2521
5	1518	1227	1368	2522
5	1390	1294	1223	2523
5	1622	1443	1526	2524
5	1358	1101	1106	2525
5	1496	1457	1252	2526
5	1263	1075	1262	2527
5	1312	1206	1161	2528
5	1311	1158	1263	2529
5	1527	1368	1061	2530
5	1687	1512	1513	2531
5	1367	1233	1092	2532
5	1266	1042	849	2533
5	1460	1319	1318	2534
5	1664	1518	1368	2535
5	1415	1221	1056	2536
5	1548	1374	1408	2537
5	1530	1268	1084	2538
5	1268	1083	727	2539
5	1391	1269	1230	2540
5	1300	1140	1269	2541
5	1663	1415	1571	2542
5	1271	1220	1048	2543
5	1447	1300	1392	2544
5	1392	1300	1269	2545
5	1276	1262	1072	2546
5	1640	1494	1493	2547
5	1413	1249	1412	2548
5	1381	1230	1273	2549
5	1275	1070	1099	2550
5	1354	1210	1070	2551
5	1460	1318	1458	2552
5	1355	1252	1211	2553
5	1469	1429	1328	2554
5	1464	1323	1322	2555
5	1428	1232	1378	2556
5	1332	1189	1188	2557
5	1250	1166	1053	2558
5	1455	1311	1263	2559
5	1279	1261	1046	2560
5	1279	1046	1101	2561
5	1281	1055	1108	2562
5	1280	1108	1107	2563
5	1431	1281	1430	2564
5	1572	1419	1267	2565
5	1282	1273	1110	2566
5	1282	1110	1094	2567
5	1296	1123	1295	2568
5	1296	1066	1123	2569
5	1301	1141	1300	2570
5	1242	1085	1120	2571
5	1647	1500	1499	2572
5	1286	1119	1118	2573
5	1444	1297	1244	2574
5	1387	1357	1243	2575
5	1443	1296	1295	2576
5	1380	1287	1286	2577
5	1288	1255	1122	2578
5	1288	1122	1121	2579
5	1723	1688	1417	2580
5	1512	1289	1436	2581
5	1437	1247	1385	2582
5	1341	1197	1196	2583
5	1292	1121	1130	2584
5	1291	1130	1129	2585
5	1390	1223	1389	2586
5	1386	1291	1241	2587
5	1297	1137	1136	2588
5	1625	1437	1534	2589
5	1294	1228	1134	2590
5	1294	1134	1133	2591
5	1437	1290	1247	2592
5	1337	1193	1066	2593
5	1441	1338	1337	2594
5	1338	1193	1337	2595
5	1400	1248	1285	2596
5	1298	1138	1297	2597
5	1450	1245	1293	2598
5	1412	1248	1400	2599
5	1356	1212	1139	2600
5	1299	1139	1076	2601
5	1301	1142	1141	2602
5	1302	1143	1142	2603
5	1392	1269	1391	2604
5	1302	1142	1301	2605
5	1303	1285	1116	2606
5	1303	1143	1302	2607
5	1359	1215	1214	2608
5	1245	1149	1052	2609
5	1502	1448	1240	2610
5	1388	1299	1238	2611
5	1480	1290	1437	2612
5	1306	1148	1305	2613
5	1421	1303	1365	2614
5	1448	1304	1240	2615
5	1444	1244	1413	2616
5	1360	1096	1217	2617
5	1479	1432	1283	2618
5	1308	1153	1152	2619
5	1458	1318	1317	2620
5	1310	1155	1309	2621
5	1311	1160	1159	2622
5	1353	1208	1352	2623
5	1602	1455	1454	2624
5	1493	1352	1312	2625
5	1352	1206	1312	2626
5	1312	1161	1160	2627
5	1314	1164	1278	2628
5	1331	1188	1187	2629
5	1314	1165	1164	2630
5	1331	1187	1186	2631
5	1485	1345	1344	2632
5	1348	1202	1347	2633
5	1322	1074	1178	2634
5	1324	1180	1179	2635
5	1395	1224	1366	2636
5	1396	1274	1226	2637
5	2029	1881	2028	2638
5	1321	1176	1320	2639
5	1466	1325	1324	2640
5	1320	1175	1319	2641
5	1463	1322	1316	2642
5	1426	1275	1274	2643
5	1495	1355	1354	2644
5	1463	1316	1459	2645
5	1454	1263	1262	2646
5	1325	1180	1324	2647
5	1454	1262	1424	2648
5	1326	1181	1325	2649
5	1427	1272	1398	2650
5	1327	1182	1073	2651
5	1398	1272	1329	2652
5	1468	1327	1326	2653
5	1467	1326	1325	2654
5	1327	1073	1326	2655
5	1459	1316	1321	2656
5	1328	1182	1327	2657
5	1603	1457	1536	2658
5	1329	1183	1328	2659
5	1489	1347	1488	2660
5	1618	1471	1615	2661
5	1488	1347	1346	2662
5	1333	1189	1332	2663
5	1468	1326	1467	2664
5	1334	1053	1190	2665
5	1458	1317	1457	2666
5	1467	1325	1466	2667
5	1397	1278	1277	2668
5	1334	1190	1333	2669
5	1627	1477	1621	2670
5	1476	1335	1313	2671
5	1617	1475	1474	2672
5	1490	1349	1348	2673
5	1487	1315	1456	2674
5	1345	1088	1200	2675
5	1407	1294	1390	2676
5	1434	1287	1380	2677
5	1339	1195	1338	2678
5	1339	1111	1195	2679
5	1442	1338	1441	2680
5	1478	1441	1337	2681
5	1341	1238	1197	2682
5	1341	1196	1340	2683
5	1418	1261	1279	2684
5	1791	1645	1790	2685
5	1488	1346	1487	2686
5	1344	1200	1199	2687
5	1456	1315	1250	2688
5	1541	1383	1522	2689
5	1487	1346	1315	2690
5	1483	1343	1342	2691
5	1383	1373	1234	2692
5	1572	1267	1403	2693
5	1473	1332	1331	2694
5	1470	1278	1397	2695
5	1475	1456	1250	2696
5	1350	1204	1349	2697
5	1489	1348	1347	2698
5	1351	1205	1350	2699
5	1657	1549	1640	2700
5	1491	1382	1350	2701
5	1382	1313	1351	2702
5	1482	1336	1477	2703
5	1470	1314	1278	2704
5	1352	1208	1207	2705
5	1472	1330	1471	2706
5	1353	1232	1209	2707
5	1474	1333	1332	2708
5	1474	1334	1333	2709
5	1414	1251	1257	2710
5	1560	1516	1376	2711
5	1414	1257	1394	2712
5	1756	1609	1755	2713
5	1498	1387	1243	2714
5	1575	1377	1418	2715
5	1358	1279	1101	2716
5	1357	1106	1213	2717
5	1440	1385	1306	2718
5	1440	1306	1305	2719
5	1449	1440	1305	2720
5	1360	1217	1216	2721
5	1449	1305	1304	2722
5	1412	1249	1248	2723
5	1393	1256	1044	2724
5	1393	1044	1233	2725
5	1652	853	1504	2726
5	1420	1222	1083	2727
5	1363	1362	1218	2728
5	1363	1218	853	2729
5	1364	1266	849	2730
5	1544	849	685	2731
5	1413	1244	1249	2732
5	1446	1298	1445	2733
5	1545	1264	1361	2734
5	1406	1265	1093	2735
5	1658	1591	1592	2736
5	1544	720	1508	2737
5	1512	1372	1289	2738
5	1417	1260	1228	2739
5	1423	1271	1270	2740
5	1422	1246	1411	2741
5	1409	1231	1384	2742
5	1409	1236	1231	2743
5	1504	853	660	2744
5	1505	746	888	2745
5	1578	1084	1362	2746
5	1372	1124	1289	2747
5	1373	1280	1234	2748
5	1484	1344	1343	2749
5	1581	1423	1580	2750
5	1431	1408	1235	2751
5	1630	1485	1484	2752
5	1630	1484	1629	2753
5	1376	1310	1309	2754
5	1453	1309	1251	2755
5	1377	1295	1261	2756
5	1418	1377	1261	2757
5	1636	1491	1490	2758
5	1494	1352	1493	2759
5	1511	1406	1222	2760
5	1555	1404	1514	2761
5	1433	1284	1432	2762
5	1710	1555	1709	2763
5	1552	1425	1520	2764
5	1872	1727	1845	2765
5	1627	1482	1477	2766
5	1483	1342	1482	2767
5	1477	1335	1476	2768
5	1482	1342	1336	2769
5	1409	1370	1236	2770
5	1552	1381	1425	2771
5	1540	1410	1481	2772
5	1645	1387	1498	2773
5	1435	1242	1434	2774
5	1573	1417	1407	2775
5	1497	1299	1388	2776
5	1788	1543	1703	2777
5	1497	1356	1299	2778
5	1498	1243	1356	2779
5	1587	1434	1525	2780
5	1722	1573	1565	2781
5	1586	1433	1585	2782
5	1417	1228	1407	2783
5	1595	1392	1558	2784
5	1447	1365	1301	2785
5	1843	1670	1842	2786
5	1568	1413	1412	2787
5	1503	1401	1402	2788
5	1852	1707	1528	2789
5	1561	1405	1516	2790
5	1453	1251	1414	2791
5	1395	1394	1239	2792
5	1395	1239	1224	2793
5	1876	1731	1676	2794
5	1457	1317	1252	2795
5	1635	1490	1489	2796
5	1634	1488	1633	2797
5	1424	1262	1276	2798
5	1494	1353	1352	2799
5	1624	1432	1479	2800
5	1418	1279	1399	2801
5	1564	1400	1421	2802
5	1446	1293	1298	2803
5	1844	1689	1559	2804
5	1401	886	1219	2805
5	1402	1401	1219	2806
5	1402	1219	1080	2807
5	1403	1059	1221	2808
5	1801	1667	1548	2809
5	1404	1389	1237	2810
5	1404	1237	1255	2811
5	1405	1396	1226	2812
5	1405	1226	1310	2813
5	1706	1368	1527	2814
5	1665	1363	1652	2815
5	1525	1434	1380	2816
5	1590	1514	1416	2817
5	1408	1374	1225	2818
5	1408	1225	1235	2819
5	1593	1445	1444	2820
5	1596	1365	1447	2821
5	1410	1388	1238	2822
5	1410	1238	1341	2823
5	1571	1415	1253	2824
5	1553	1520	1370	2825
5	1595	1447	1392	2826
5	1569	1444	1413	2827
5	1792	1646	1599	2828
5	1534	1437	1385	2829
5	1608	1463	1607	2830
5	1453	1376	1309	2831
5	1571	1253	1374	2832
5	1576	1221	1415	2833
5	1416	1404	1255	2834
5	1416	1255	1288	2835
5	1556	1389	1555	2836
5	1521	1393	1233	2837
5	1586	1380	1433	2838
5	1767	1591	1658	2839
5	1802	1663	1571	2840
5	1702	1509	1541	2841
5	1668	1578	1362	2842
5	1669	1528	1364	2843
5	1421	1400	1285	2844
5	1421	1285	1303	2845
5	1531	1384	1369	2846
5	1581	1369	1423	2847
5	1579	1422	1411	2848
5	1670	1566	1531	2849
5	1582	1427	1532	2850
5	1538	1428	1378	2851
5	1425	1381	1273	2852
5	1425	1273	1282	2853
5	1536	1457	1496	2854
5	1642	1536	1496	2855
5	1427	1424	1276	2856
5	1427	1276	1272	2857
5	1428	1397	1277	2858
5	1428	1277	1232	2859
5	1429	1398	1329	2860
5	1429	1329	1328	2861
5	1431	1235	1281	2862
5	1430	1281	1280	2863
5	1580	1422	1579	2864
5	1548	1408	1507	2865
5	1433	1286	1284	2866
5	1432	1284	1283	2867
5	1768	1623	1767	2868
5	1770	1625	1672	2869
5	1435	1241	1242	2870
5	1434	1242	1287	2871
5	1555	1389	1404	2872
5	1565	1407	1390	2873
5	1542	1394	1395	2874
5	1565	1390	1556	2875
5	1480	1340	1290	2876
5	1481	1341	1340	2877
5	1439	1288	1292	2878
5	1438	1292	1291	2879
5	1803	1709	1739	2880
5	1738	1589	1673	2881
5	1445	1297	1444	2882
5	1500	1359	1308	2883
5	1442	1339	1338	2884
5	1479	1283	1339	2885
5	1591	1442	1441	2886
5	1479	1339	1442	2887
5	1478	1337	1296	2888
5	1598	1449	1597	2889
5	1445	1298	1297	2890
5	1501	1360	1359	2891
5	1646	1451	1599	2892
5	1499	1307	1451	2893
5	1599	1451	1450	2894
5	1500	1308	1499	2895
5	1580	1423	1422	2896
5	1577	1229	1419	2897
5	1451	1245	1450	2898
5	1499	1308	1307	2899
5	1794	1647	1793	2900
5	1804	1716	1791	2901
5	1451	1307	1245	2902
5	1501	1359	1500	2903
5	1599	1450	1523	2904
5	1543	1410	1540	2905
5	1452	1399	1358	2906
5	1452	1358	1357	2907
5	1676	1516	1656	2908
5	1608	1464	1463	2909
5	1562	1517	1397	2910
5	1455	1263	1454	2911
5	1607	1463	1459	2912
5	1492	1311	1455	2913
5	1471	1314	1470	2914
5	1471	1330	1314	2915
5	1495	1354	1275	2916
5	1496	1252	1355	2917
5	1561	1396	1405	2918
5	1604	1460	1537	2919
5	1461	1319	1460	2920
5	1465	1324	1323	2921
5	1461	1320	1319	2922
5	1462	1321	1320	2923
5	1609	1465	1464	2924
5	1462	1320	1461	2925
5	1607	1459	1606	2926
5	1676	1561	1516	2927
5	1611	1467	1466	2928
5	1613	1469	1468	2929
5	1612	1467	1611	2930
5	1465	1323	1464	2931
5	1610	1466	1465	2932
5	1466	1324	1465	2933
5	1606	1462	1605	2934
5	1469	1327	1468	2935
5	1605	1461	1604	2936
5	1469	1328	1327	2937
5	1537	1460	1458	2938
5	1750	1537	1699	2939
5	1640	1493	1639	2940
5	1757	1611	1610	2941
5	1473	1331	1472	2942
5	1472	1331	1330	2943
5	1615	1470	1517	2944
5	1617	1474	1616	2945
5	1636	1490	1635	2946
5	1474	1332	1473	2947
5	1762	1617	1616	2948
5	1582	1424	1427	2949
5	1475	1334	1474	2950
5	1475	1250	1334	2951
5	1606	1459	1462	2952
5	1605	1462	1461	2953
5	1477	1336	1335	2954
5	1486	1345	1485	2955
5	1751	1605	1604	2956
5	1621	1476	1539	2957
5	2080	1934	2079	2958
5	1585	1433	1432	2959
5	1588	1386	1435	2960
5	1650	1448	1502	2961
5	1481	1410	1341	2962
5	1481	1340	1480	2963
5	1543	1388	1410	2964
5	1648	1501	1500	2965
5	1484	1343	1483	2966
5	1485	1344	1484	2967
5	1629	1483	1628	2968
5	1631	1486	1485	2969
5	1628	1483	1482	2970
5	1486	1254	1345	2971
5	1774	1629	1628	2972
5	1486	1383	1254	2973
5	1780	1636	1635	2974
5	1634	1489	1488	2975
5	1562	1397	1428	2976
5	1490	1348	1489	2977
5	1633	1488	1487	2978
5	1491	1350	1349	2979
5	1633	1487	1632	2980
5	1615	1471	1470	2981
5	1752	1606	1605	2982
5	1491	1349	1490	2983
5	1773	1627	1772	2984
5	1621	1477	1476	2985
5	1760	1614	1613	2986
5	1493	1312	1492	2987
5	1601	1424	1582	2988
5	1494	1378	1353	2989
5	1860	1714	1700	2990
5	1616	1474	1473	2991
5	1570	1414	1394	2992
5	1496	1355	1495	2993
5	1807	1570	1653	2994
5	1786	1583	1731	2995
5	1533	1452	1387	2996
5	1498	1356	1497	2997
5	1645	1533	1387	2998
5	1643	1388	1543	2999
5	1649	1502	1501	3000
5	1502	1240	1360	3001
5	1648	1500	1647	3002
5	1569	1413	1568	3003
5	1558	1392	1391	3004
5	1502	1360	1501	3005
5	1524	1421	1365	3006
5	1564	1421	1524	3007
5	1814	1551	1696	3008
5	1515	1256	1393	3009
5	1519	1371	1227	3010
5	1849	1706	1687	3011
5	1505	1504	660	3012
5	1505	660	746	3013
5	1506	1068	863	3014
5	1506	1042	1379	3015
5	1584	1507	1431	3016
5	1541	1509	1373	3017
5	1809	1508	1662	3018
5	1546	1366	1545	3019
5	1584	1431	1430	3020
5	1509	1430	1373	3021
5	1510	1438	1386	3022
5	1588	1510	1386	3023
5	1685	1379	1529	3024
5	1556	1390	1389	3025
5	1810	1504	1505	3026
5	1687	1372	1512	3027
5	1513	1512	1436	3028
5	2136	1943	1816	3029
5	1590	1439	1589	3030
5	1735	1587	1525	3031
5	1559	1080	1515	3032
5	1689	1402	1559	3033
5	1516	1405	1376	3034
5	1867	1688	1723	3035
5	1997	1852	1669	3036
5	1506	1361	1068	3037
5	1695	1521	1367	3038
5	1691	1515	1393	3039
5	1956	1695	1853	3040
5	1951	1693	1848	3041
5	1520	1425	1370	3042
5	1812	1713	1743	3043
5	1948	1817	1818	3044
5	1578	1530	1084	3045
5	1541	1373	1383	3046
5	1522	1383	1486	3047
5	1523	1450	1446	3048
5	1594	1523	1446	3049
5	1593	1444	1569	3050
5	1564	1412	1400	3051
5	1587	1435	1434	3052
5	1588	1435	1587	3053
5	1526	1443	1377	3054
5	1575	1526	1377	3055
5	1527	932	1124	3056
5	1547	1362	1363	3057
5	1529	1266	1528	3058
5	1529	1379	1266	3059
5	1941	1692	1940	3060
5	1690	1361	1506	3061
5	1698	1420	1530	3062
5	1530	1420	1268	3063
5	1553	1370	1409	3064
5	1566	1384	1531	3065
5	1532	1427	1398	3066
5	1614	1535	1429	3067
5	1563	1399	1452	3068
5	1574	1418	1399	3069
5	1626	1540	1481	3070
5	1643	1497	1388	3071
5	1535	1532	1398	3072
5	1535	1398	1429	3073
5	1583	1396	1561	3074
5	1642	1496	1495	3075
5	1751	1604	1750	3076
5	1901	1756	1900	3077
5	1700	1538	1549	3078
5	1639	1493	1492	3079
5	1539	1476	1382	3080
5	1637	1382	1491	3081
5	1626	1480	1625	3082
5	1644	1498	1497	3083
5	1774	1628	1773	3084
5	1909	1765	1908	3085
5	1560	1376	1453	3086
5	1570	1394	1542	3087
5	1703	1543	1540	3088
5	1788	1643	1543	3089
5	1809	1364	1544	3090
5	1544	1364	849	3091
5	1858	1710	1709	3092
5	1545	1366	1264	3093
5	1817	1704	1705	3094
5	1818	1366	1546	3095
5	1527	1124	1372	3096
5	1819	1521	1695	3097
5	1567	1411	1375	3098
5	1579	1411	1567	3099
5	1549	1538	1378	3100
5	1549	1378	1494	3101
5	1853	1550	1697	3102
5	1691	1393	1521	3103
5	1551	1550	1265	3104
5	1551	1265	1406	3105
5	1557	1391	1381	3106
5	1596	1447	1595	3107
5	1741	1594	1593	3108
5	1659	1552	1520	3109
5	1554	1534	1385	3110
5	1554	1385	1440	3111
5	1735	1525	1680	3112
5	1910	1820	1734	3113
5	1944	1910	1912	3114
5	1799	1573	1722	3115
5	2023	1875	1874	3116
5	1850	1694	1708	3117
5	1712	1557	1711	3118
5	1711	1557	1552	3119
5	1660	1559	1515	3120
5	1691	1660	1515	3121
5	1600	1414	1570	3122
5	1656	1516	1560	3123
5	1583	1426	1396	3124
5	1641	1495	1426	3125
5	1824	1766	1782	3126
5	1900	1755	1899	3127
5	1770	1626	1625	3128
5	1574	1399	1563	3129
5	1822	1567	1721	3130
5	1729	1580	1579	3131
5	1680	1525	1586	3132
5	1736	1588	1587	3133
5	1566	1553	1409	3134
5	1566	1409	1384	3135
5	1720	1569	1568	3136
5	1718	1564	1524	3137
5	1719	1564	1718	3138
5	1594	1446	1445	3139
5	1742	1523	1594	3140
5	1712	1558	1557	3141
5	1600	1453	1414	3142
5	1600	1560	1453	3143
5	1577	1375	1229	3144
5	1701	1522	1681	3145
5	1822	1728	1567	3146
5	1576	1419	1572	3147
5	1688	1436	1417	3148
5	1826	1436	1688	3149
5	1797	1744	1597	3150
5	1575	1418	1574	3151
5	1675	1672	1534	3152
5	1882	1737	1736	3153
5	1576	1572	1403	3154
5	1576	1403	1221	3155
5	1727	1419	1576	3156
5	1667	1571	1374	3157
5	1945	1668	1547	3158
5	1668	1362	1547	3159
5	1775	1630	1629	3160
5	1720	1568	1719	3161
5	1887	1712	1711	3162
5	1581	1531	1369	3163
5	1713	1524	1596	3164
5	1670	1531	1654	3165
5	1601	1454	1424	3166
5	1638	1492	1455	3167
5	1807	1746	1570	3168
5	2072	1927	1876	3169
5	1727	1576	1663	3170
5	1729	1579	1728	3171
5	1623	1442	1591	3172
5	1624	1585	1432	3173
5	1820	1680	1734	3174
5	1930	1790	1789	3175
5	1829	1674	1742	3176
5	1716	1563	1533	3177
5	1830	1722	1565	3178
5	1717	1556	1710	3179
5	1590	1416	1439	3180
5	1589	1439	1438	3181
5	1709	1555	1514	3182
5	1880	1735	1680	3183
5	1623	1479	1442	3184
5	1624	1479	1623	3185
5	1592	1591	1441	3186
5	1592	1441	1478	3187
5	1932	1792	1839	3188
5	1594	1445	1593	3189
5	1793	1646	1792	3190
5	1745	1675	1554	3191
5	2012	1863	1958	3192
5	1596	1524	1365	3193
5	1741	1593	1740	3194
5	2078	1933	1932	3195
5	1598	1440	1449	3196
5	1597	1449	1448	3197
5	1890	1675	1745	3198
5	1724	1563	1716	3199
5	1646	1499	1451	3200
5	1649	1501	1648	3201
5	1876	1676	1800	3202
5	1891	1833	1747	3203
5	1748	1582	1678	3204
5	1602	1454	1601	3205
5	1784	1639	1638	3206
5	1638	1455	1602	3207
5	1603	1537	1458	3208
5	1603	1458	1457	3209
5	1677	1536	1661	3210
5	1612	1468	1467	3211
5	1759	1613	1612	3212
5	1753	1606	1752	3213
5	1758	1612	1611	3214
5	1609	1464	1608	3215
5	1677	1603	1536	3216
5	1610	1465	1609	3217
5	1755	1608	1754	3218
5	1613	1468	1612	3219
5	1785	1639	1784	3220
5	1749	1602	1601	3221
5	1761	1683	1535	3222
5	1611	1466	1610	3223
5	1759	1612	1758	3224
5	1614	1469	1613	3225
5	1755	1609	1608	3226
5	1614	1429	1469	3227
5	1699	1537	1603	3228
5	1841	1657	1785	3229
5	1904	1760	1759	3230
5	1678	1582	1532	3231
5	1619	1616	1473	3232
5	1620	1475	1617	3233
5	1619	1472	1618	3234
5	1632	1456	1620	3235
5	1781	1637	1636	3236
5	1632	1487	1456	3237
5	1619	1473	1472	3238
5	1618	1472	1471	3239
5	1753	1607	1606	3240
5	1715	1517	1562	3241
5	1777	1620	1765	3242
5	1682	1615	1679	3243
5	1775	1629	1774	3244
5	1631	1522	1486	3245
5	1622	1592	1478	3246
5	1622	1478	1443	3247
5	1767	1623	1591	3248
5	1769	1585	1624	3249
5	1768	1624	1623	3250
5	1989	1723	1799	3251
5	1626	1481	1480	3252
5	1625	1480	1437	3253
5	1937	1889	1744	3254
5	1725	1574	1724	3255
5	1702	1541	1701	3256
5	1629	1484	1483	3257
5	1681	1522	1631	3258
5	1921	1781	1780	3259
5	1776	1631	1630	3260
5	1778	1632	1777	3261
5	1772	1621	1766	3262
5	1631	1485	1630	3263
5	1879	1651	1733	3264
5	1732	1509	1702	3265
5	1773	1628	1627	3266
5	1635	1489	1634	3267
5	1682	1618	1615	3268
5	1765	1620	1617	3269
5	2099	1995	1957	3270
5	1637	1491	1636	3271
5	1772	1627	1621	3272
5	1637	1539	1382	3273
5	1779	1635	1634	3274
5	1781	1636	1780	3275
5	1765	1617	1762	3276
5	1777	1632	1620	3277
5	1908	1765	1762	3278
5	1639	1492	1638	3279
5	1679	1615	1517	3280
5	1640	1549	1494	3281
5	1763	1618	1682	3282
5	1700	1549	1657	3283
5	1661	1536	1642	3284
5	1642	1495	1641	3285
5	1699	1603	1677	3286
5	1787	1661	1642	3287
5	1934	1794	1933	3288
5	1644	1497	1643	3289
5	1724	1574	1563	3290
5	1645	1498	1644	3291
5	1832	1771	1770	3292
5	1726	1575	1725	3293
5	1792	1599	1674	3294
5	1796	1649	1795	3295
5	1797	1650	1796	3296
5	1650	1502	1649	3297
5	1931	1791	1790	3298
5	1650	1597	1448	3299
5	1675	1534	1554	3300
5	1711	1552	1659	3301
5	1719	1568	1564	3302
5	1796	1650	1649	3303
5	1651	1548	1507	3304
5	1733	1651	1507	3305
5	1665	1547	1363	3306
5	1652	1363	853	3307
5	1653	1570	1542	3308
5	2093	1857	1983	3309
5	1730	1581	1580	3310
5	1728	1579	1567	3311
5	1655	1546	1545	3312
5	1655	1545	1361	3313
5	1747	1600	1746	3314
5	1747	1560	1600	3315
5	1860	1700	1806	3316
5	1785	1640	1639	3317
5	1726	1671	1526	3318
5	1725	1575	1574	3319
5	1855	1701	1681	3320
5	1694	1520	1553	3321
5	1684	1401	1503	3322
5	2127	1997	1977	3323
5	1731	1561	1676	3324
5	1787	1642	1641	3325
5	1662	1508	886	3326
5	1662	886	1401	3327
5	1802	1571	1667	3328
5	1663	1576	1415	3329
5	1811	1696	1511	3330
5	1707	1529	1528	3331
5	1810	1505	1371	3332
5	1810	1371	1686	3333
5	1666	1658	1592	3334
5	1666	1592	1622	3335
5	1845	1727	1663	3336
5	1721	1567	1375	3337
5	1808	1519	1692	3338
5	1693	1530	1578	3339
5	1690	1655	1361	3340
5	1950	1687	1513	3341
5	1694	1659	1520	3342
5	1708	1566	1670	3343
5	1671	1666	1622	3344
5	1671	1622	1526	3345
5	1672	1625	1534	3346
5	1836	1788	1703	3347
5	1673	1589	1510	3348
5	1737	1673	1510	3349
5	1674	1599	1523	3350
5	1742	1674	1523	3351
5	1745	1598	1744	3352
5	1795	1649	1648	3353
5	1731	1583	1561	3354
5	1786	1641	1583	3355
5	1897	1752	1896	3356
5	1899	1754	1898	3357
5	1748	1601	1582	3358
5	1783	1638	1602	3359
5	1714	1538	1700	3360
5	1715	1679	1517	3361
5	1737	1588	1736	3362
5	1736	1587	1735	3363
5	1701	1541	1522	3364
5	1733	1584	1732	3365
5	1903	1759	1758	3366
5	1897	1753	1752	3367
5	1683	1678	1532	3368
5	1683	1532	1535	3369
5	2152	1977	1809	3370
5	1809	1544	1508	3371
5	1692	1519	1518	3372
5	1951	1854	1693	3373
5	1798	1692	1518	3374
5	1945	1848	1668	3375
5	1706	1664	1368	3376
5	2157	1867	1989	3377
5	1717	1565	1556	3378
5	1710	1556	1555	3379
5	2003	1844	1660	3380
5	1689	1503	1402	3381
5	1690	1506	1379	3382
5	1690	1379	1685	3383
5	1698	1511	1420	3384
5	1695	1367	1550	3385
5	1808	1686	1519	3386
5	1954	1685	1813	3387
5	1696	1551	1406	3388
5	1696	1406	1511	3389
5	1955	1842	1873	3390
5	2026	1651	1879	3391
5	1819	1691	1521	3392
5	1851	1691	1819	3393
5	1811	1511	1698	3394
5	1852	1528	1669	3395
5	2004	1697	1814	3396
5	1697	1550	1551	3397
5	1698	1530	1693	3398
5	1814	1697	1551	3399
5	1750	1604	1537	3400
5	1752	1605	1751	3401
5	1714	1562	1538	3402
5	1715	1562	1714	3403
5	1733	1507	1584	3404
5	1732	1584	1509	3405
5	1856	1701	1855	3406
5	1917	1774	1916	3407
5	1771	1626	1770	3408
5	1871	1671	1726	3409
5	1857	1653	1542	3410
5	1704	1542	1395	3411
5	1705	1704	1395	3412
5	1705	1395	1366	3413
5	1706	1527	1372	3414
5	1706	1372	1687	3415
5	1798	1518	1664	3416
5	1813	1685	1529	3417
5	1708	1694	1553	3418
5	1708	1553	1566	3419
5	1739	1590	1738	3420
5	1739	1514	1590	3421
5	1866	1717	1710	3422
5	2087	1799	1991	3423
5	1743	1595	1712	3424
5	1718	1524	1713	3425
5	1932	1793	1792	3426
5	1712	1595	1558	3427
5	1743	1596	1595	3428
5	1865	1719	1864	3429
5	2056	1909	1908	3430
5	1908	1762	1838	3431
5	1861	1714	1860	3432
5	2053	1906	1905	3433
5	1789	1643	1788	3434
5	1790	1645	1644	3435
5	1799	1723	1573	3436
5	1723	1417	1573	3437
5	2034	1865	2013	3438
5	1740	1593	1569	3439
5	1913	1703	1771	3440
5	1740	1569	1720	3441
5	2196	2050	2195	3442
5	1885	1720	1865	3443
5	1801	1548	1651	3444
5	2007	1855	2006	3445
5	2015	1858	2014	3446
5	1813	1529	1707	3447
5	2088	1513	2016	3448
5	1867	1826	1688	3449
5	1868	1724	1716	3450
5	1726	1526	1575	3451
5	2032	1884	1835	3452
5	2030	1882	2029	3453
5	1870	1726	1725	3454
5	1871	1828	1671	3455
5	1998	1802	1972	3456
5	1727	1577	1419	3457
5	1873	1842	1654	3458
5	1730	1580	1729	3459
5	1823	1659	1694	3460
5	1730	1654	1581	3461
5	2002	1843	2001	3462
5	2160	2001	2089	3463
5	1902	1757	1901	3464
5	1846	1677	1661	3465
5	1877	1732	1702	3466
5	2025	1878	1877	3467
5	1855	1681	1837	3468
5	1845	1663	1802	3469
5	1734	1680	1586	3470
5	1734	1586	1585	3471
5	2028	1880	1964	3472
5	1737	1510	1588	3473
5	1884	1739	1738	3474
5	1883	1835	1673	3475
5	1880	1680	1820	3476
5	1821	1767	1658	3477
5	1739	1709	1514	3478
5	1738	1590	1589	3479
5	1858	1709	1803	3480
5	1830	1565	1717	3481
5	1831	1711	1659	3482
5	1831	1659	1823	3483
5	1874	1729	1728	3484
5	1742	1594	1741	3485
5	1839	1674	1829	3486
5	1743	1713	1596	3487
5	1935	1795	1934	3488
5	1863	1713	1812	3489
5	1745	1554	1598	3490
5	1744	1598	1597	3491
5	1839	1792	1674	3492
5	1933	1793	1932	3493
5	1747	1656	1560	3494
5	1896	1751	1895	3495
5	2016	1513	1826	3496
5	1928	1827	1787	3497
5	1896	1752	1751	3498
5	1749	1601	1748	3499
5	2071	1926	1925	3500
5	1783	1602	1749	3501
5	1895	1750	1894	3502
5	1898	1754	1753	3503
5	1894	1699	1815	3504
5	1754	1608	1607	3505
5	1895	1751	1750	3506
5	1756	1610	1609	3507
5	2240	1866	2100	3508
5	1846	1661	1827	3509
5	1927	1731	1876	3510
5	1757	1610	1756	3511
5	1928	1787	1786	3512
5	1760	1613	1759	3513
5	1892	1748	1678	3514
5	1924	1783	1749	3515
5	1834	1678	1683	3516
5	1758	1611	1757	3517
5	1905	1761	1760	3518
5	1761	1614	1760	3519
5	1902	1758	1757	3520
5	1761	1535	1614	3521
5	1898	1753	1897	3522
5	1894	1750	1699	3523
5	2090	2040	1962	3524
5	1841	1806	1657	3525
5	1764	1619	1763	3526
5	1764	1616	1619	3527
5	1764	1762	1616	3528
5	1763	1619	1618	3529
5	1906	1834	1683	3530
5	2009	1860	1963	3531
5	1838	1762	1764	3532
5	1779	1634	1633	3533
5	1766	1621	1539	3534
5	1782	1637	1781	3535
5	1964	1880	1820	3536
5	1769	1624	1768	3537
5	2170	2020	2169	3538
5	1769	1734	1585	3539
5	1805	1658	1666	3540
5	1821	1658	1805	3541
5	1771	1540	1626	3542
5	1771	1703	1540	3543
5	1966	1840	1890	3544
5	1937	1797	1936	3545
5	1918	1775	1917	3546
5	1914	1766	1824	3547
5	1856	1702	1701	3548
5	1776	1630	1775	3549
5	2063	1918	2062	3550
5	2059	1915	1914	3551
5	2197	2052	2051	3552
5	1776	1681	1631	3553
5	2064	1968	1919	3554
5	1919	1777	1909	3555
5	1778	1633	1632	3556
5	1779	1633	1778	3557
5	1922	1778	1919	3558
5	1837	1681	1776	3559
5	1782	1766	1539	3560
5	1780	1635	1779	3561
5	1918	1837	1776	3562
5	1782	1539	1637	3563
5	1907	1763	1825	3564
5	2059	1914	1967	3565
5	1878	1732	1877	3566
5	1914	1772	1766	3567
5	1926	1785	1784	3568
5	1784	1638	1783	3569
5	1825	1763	1682	3570
5	1785	1657	1640	3571
5	1862	1847	1679	3572
5	1920	1780	1779	3573
5	2072	1876	1946	3574
5	1787	1641	1786	3575
5	2093	2008	1857	3576
5	2133	1983	1817	3577
5	1789	1644	1643	3578
5	1791	1533	1645	3579
5	1869	1724	1868	3580
5	1790	1644	1789	3581
5	1911	1767	1821	3582
5	1791	1716	1533	3583
5	1884	1738	1835	3584
5	1868	1716	1804	3585
5	1793	1647	1646	3586
5	1794	1648	1647	3587
5	1929	1788	1836	3588
5	1832	1672	1840	3589
5	1864	1718	1863	3590
5	1795	1648	1794	3591
5	2082	1937	1936	3592
5	1797	1597	1650	3593
5	2081	1936	1935	3594
5	1865	1720	1719	3595
5	1863	1718	1713	3596
5	1840	1672	1675	3597
5	1954	1690	1685	3598
5	1816	1655	1690	3599
5	1866	1710	1858	3600
5	1835	1738	1673	3601
5	1800	1676	1656	3602
5	2193	2047	2192	3603
5	1873	1654	1730	3604
5	2174	2027	2025	3605
5	1972	1802	1667	3606
5	2095	1969	2036	3607
5	1884	1803	1739	3608
5	2033	2014	1803	3609
5	2228	2101	2110	3610
5	1929	1789	1788	3611
5	1985	1821	1960	3612
5	2096	1944	1959	3613
5	1806	1700	1657	3614
5	1988	1957	1825	3615
5	1891	1747	1746	3616
5	2074	1827	1928	3617
5	1854	1698	1693	3618
5	1854	1811	1698	3619
5	1977	1669	1809	3620
5	1809	1669	1364	3621
5	1978	1810	1686	3622
5	2147	1810	1978	3623
5	1942	1811	1854	3624
5	1979	1696	1811	3625
5	1888	1743	1712	3626
5	1842	1670	1654	3627
5	2128	1814	1979	3628
5	1853	1695	1550	3629
5	2416	2244	2415	3630
5	1982	1547	1665	3631
5	1815	1699	1677	3632
5	1827	1661	1787	3633
5	1952	1686	1808	3634
5	1984	1503	1939	3635
5	2084	1717	1866	3636
5	1857	1542	1704	3637
5	1818	1817	1705	3638
5	1818	1705	1366	3639
5	1939	1689	1844	3640
5	1844	1559	1660	3641
5	2316	2175	2121	3642
5	1911	1768	1767	3643
5	1910	1734	1769	3644
5	2169	2019	2168	3645
5	1879	1733	1878	3646
5	1998	1845	1802	3647
5	1888	1712	1887	3648
5	1887	1711	1831	3649
5	1923	1782	1781	3650
5	1923	1781	1921	3651
5	1995	1907	1957	3652
5	2345	2207	2206	3653
5	1989	1867	1723	3654
5	1826	1513	1436	3655
5	1846	1815	1677	3656
5	1990	1815	1846	3657
5	1828	1805	1666	3658
5	1828	1666	1671	3659
5	1886	1741	1740	3660
5	1885	1740	1720	3661
5	2084	1830	1717	3662
5	1991	1722	1830	3663
5	2301	2155	2173	3664
5	2026	1801	1651	3665
5	2168	2018	2091	3666
5	1931	1790	1930	3667
5	1833	1800	1656	3668
5	1833	1656	1747	3669
5	2050	1902	2049	3670
5	1892	1678	1834	3671
5	1881	1735	1880	3672
5	1881	1736	1735	3673
5	1832	1770	1672	3674
5	1974	1965	1804	3675
5	1915	1772	1914	3676
5	1916	1774	1773	3677
5	2068	1921	2065	3678
5	1909	1777	1765	3679
5	1936	1797	1796	3680
5	2078	1932	1938	3681
5	1890	1745	1889	3682
5	1935	1796	1795	3683
5	1893	1748	1892	3684
5	1925	1784	1783	3685
5	1843	1708	1670	3686
5	1850	1823	1694	3687
5	2037	1887	1831	3688
5	1850	1708	1843	3689
5	2131	1854	1951	3690
5	1939	1503	1689	3691
5	1987	1874	1728	3692
5	1872	1577	1727	3693
5	2044	1897	1896	3694
5	2047	1900	1899	3695
5	1847	1825	1682	3696
5	1847	1682	1679	3697
5	1848	1693	1578	3698
5	1848	1578	1668	3699
5	2041	1815	1990	3700
5	2295	2148	1980	3701
5	2182	2035	2181	3702
5	2001	1842	1955	3703
5	2305	2127	2152	3704
5	1851	1660	1691	3705
5	1979	1811	1942	3706
5	1979	1814	1696	3707
5	2104	1956	1853	3708
5	2105	1851	2005	3709
5	1941	1808	1692	3710
5	1943	1655	1816	3711
5	1972	1667	1801	3712
5	1877	1702	1856	3713
5	2371	2265	2425	3714
5	2025	1877	1961	3715
5	2151	1746	1807	3716
5	2106	1971	1891	3717
5	1940	1692	1798	3718
5	2270	1989	2087	3719
5	1859	1829	1742	3720
5	1859	1742	1741	3721
5	1861	1715	1714	3722
5	1862	1679	1715	3723
5	2069	1893	2040	3724
5	1862	1715	1861	3725
5	2165	2163	2011	3726
5	2349	2123	2236	3727
5	1864	1719	1718	3728
5	1886	1740	1885	3729
5	2287	2160	2286	3730
5	1969	1829	1859	3731
5	2114	2078	1938	3732
5	1886	1859	1741	3733
5	2031	1835	1883	3734
5	2015	1866	1858	3735
5	2135	1953	2086	3736
5	1950	1849	1687	3737
5	1869	1725	1724	3738
5	1870	1725	1869	3739
5	2225	2080	2224	3740
5	2020	1871	1870	3741
5	2175	2028	2121	3742
5	1871	1726	1870	3743
5	1975	1960	1805	3744
5	2058	1993	1913	3745
5	2022	1872	1999	3746
5	1872	1721	1577	3747
5	1875	1729	1874	3748
5	2116	2012	1958	3749
5	1875	1730	1729	3750
5	1875	1873	1730	3751
5	1992	1831	1823	3752
5	2001	1843	1842	3753
5	1927	1786	1731	3754
5	1928	1786	1927	3755
5	1878	1733	1732	3756
5	1999	1872	1845	3757
5	2006	1855	1837	3758
5	2234	1987	2145	3759
5	2055	1838	1995	3760
5	1987	1728	1822	3761
5	1883	1737	1882	3762
5	1882	1736	1881	3763
5	1974	1804	1931	3764
5	1883	1673	1737	3765
5	2299	2154	2153	3766
5	2360	2223	2282	3767
5	1975	1805	1828	3768
5	1986	1910	1944	3769
5	2141	1986	2098	3770
5	2029	1882	1881	3771
5	2108	1958	1973	3772
5	2012	1864	1863	3773
5	2204	2058	2203	3774
5	2222	2077	2076	3775
5	1995	1838	1907	3776
5	1888	1812	1743	3777
5	2160	2002	2001	3778
5	2116	1958	2108	3779
5	1890	1840	1675	3780
5	1889	1745	1744	3781
5	2076	1929	2075	3782
5	1993	1836	1913	3783
5	2179	2033	2113	3784
5	2245	2151	2008	3785
5	1893	1749	1748	3786
5	1926	1784	1925	3787
5	1988	1825	1847	3788
5	1924	1749	1893	3789
5	2043	1895	2042	3790
5	2042	1894	2041	3791
5	2049	1901	2048	3792
5	1900	1756	1755	3793
5	2047	1899	2046	3794
5	2073	1927	2072	3795
5	2119	1990	2000	3796
5	1901	1757	1756	3797
5	2073	1928	1927	3798
5	1905	1760	1904	3799
5	2041	1894	1815	3800
5	2043	1896	1895	3801
5	2042	1895	1894	3802
5	1903	1758	1902	3803
5	2052	1905	1904	3804
5	1904	1759	1903	3805
5	2048	1900	2047	3806
5	2045	1897	2044	3807
5	2045	1898	1897	3808
5	1906	1761	1905	3809
5	2215	2124	2071	3810
5	1906	1683	1761	3811
5	2192	2047	2046	3812
5	2009	1861	1860	3813
5	2194	2049	2048	3814
5	2040	1892	1962	3815
5	1907	1838	1764	3816
5	1907	1764	1763	3817
5	1921	1780	1920	3818
5	1919	1778	1777	3819
5	2011	1847	1862	3820
5	2342	2201	2260	3821
5	1912	1768	1911	3822
5	2280	2015	2178	3823
5	1912	1769	1768	3824
5	1912	1910	1769	3825
5	1913	1836	1703	3826
5	1913	1771	1832	3827
5	2018	1869	1868	3828
5	1965	1868	1804	3829
5	1915	1773	1772	3830
5	1917	1775	1774	3831
5	2122	2059	1967	3832
5	1916	1773	1915	3833
5	2208	2063	2062	3834
5	1918	1776	1775	3835
5	2007	1961	1856	3836
5	2007	1856	1855	3837
5	2064	1919	1909	3838
5	2062	1917	2061	3839
5	2050	1903	1902	3840
5	1963	1860	1806	3841
5	1968	1922	1919	3842
5	2063	2006	1837	3843
5	2211	2107	2065	3844
5	1923	1824	1782	3845
5	1922	1920	1779	3846
5	1922	1779	1778	3847
5	2066	1922	1968	3848
5	2207	2061	2206	3849
5	2040	1893	1892	3850
5	1925	1783	1924	3851
5	2213	2069	2040	3852
5	1926	1841	1785	3853
5	2051	1904	1903	3854
5	2044	1896	2043	3855
5	2046	1899	1898	3856
5	2049	1902	1901	3857
5	2117	1946	1970	3858
5	2028	1881	1880	3859
5	2079	1933	2078	3860
5	1930	1789	1929	3861
5	2058	1832	2057	3862
5	1931	1804	1791	3863
5	2057	1840	1966	3864
5	2283	2115	2142	3865
5	1933	1794	1793	3866
5	1934	1795	1794	3867
5	2238	2114	2125	3868
5	1936	1796	1935	3869
5	2077	1930	2076	3870
5	2081	1935	2080	3871
5	2035	1885	2034	3872
5	1937	1744	1797	3873
5	2111	2057	1966	3874
5	2037	1831	1992	3875
5	2036	1859	1886	3876
5	1969	1947	1829	3877
5	1938	1932	1839	3878
5	2126	1969	2095	3879
5	2146	1852	1997	3880
5	2152	1662	1684	3881
5	1943	1546	1655	3882
5	2239	2085	2129	3883
5	2245	2008	2093	3884
5	2128	2004	1814	3885
5	1956	1819	1695	3886
5	2104	2005	1956	3887
5	2129	1546	1943	3888
5	1991	1799	1722	3889
5	1985	1959	1911	3890
5	2224	2079	2223	3891
5	2131	1942	1854	3892
5	2132	1848	1945	3893
5	1946	1876	1800	3894
5	1983	1857	1704	3895
5	1947	1938	1839	3896
5	1947	1839	1829	3897
5	2241	2093	1983	3898
5	1983	1704	1817	3899
5	1949	1948	1818	3900
5	1949	1818	1546	3901
5	2086	1849	1950	3902
5	1953	1706	1849	3903
5	2293	2097	1940	3904
5	2134	1808	1941	3905
5	2149	1978	1952	3906
5	1978	1686	1952	3907
5	2135	1940	1798	3908
5	1953	1798	1664	3909
5	2550	2304	2380	3910
5	1954	1816	1690	3911
5	2024	1875	2023	3912
5	2024	1873	1875	3913
5	2103	1844	2003	3914
5	2097	1941	1940	3915
5	1957	1907	1825	3916
5	2243	2138	2163	3917
5	1958	1863	1812	3918
5	2038	1888	1887	3919
5	1959	1944	1912	3920
5	1959	1912	1911	3921
5	1985	1911	1821	3922
5	1960	1821	1805	3923
5	1961	1877	1856	3924
5	2144	2026	1879	3925
5	1962	1892	1834	3926
5	2054	1962	1834	3927
5	2199	2053	2198	3928
5	2070	1925	1924	3929
5	2177	2030	2176	3930
5	2112	2032	2031	3931
5	2021	1975	1828	3932
5	2018	1868	1965	3933
5	2220	1993	2204	3934
5	2083	1937	2082	3935
5	1967	1914	1824	3936
5	2208	2062	2207	3937
5	2065	1921	1920	3938
5	2067	1824	1923	3939
5	2013	1864	2012	3940
5	2035	1886	1885	3941
5	1970	1946	1800	3942
5	1970	1800	1833	3943
5	1971	1970	1833	3944
5	1971	1833	1891	3945
5	2144	1879	2027	3946
5	2145	1987	1822	3947
5	1973	1958	1812	3948
5	1973	1812	1888	3949
5	2075	1836	1993	3950
5	2076	1930	1929	3951
5	2019	1869	2018	3952
5	2019	1870	1869	3953
5	1976	1963	1806	3954
5	1976	1806	1841	3955
5	1997	1669	1977	3956
5	2244	2127	2229	3957
5	1982	1945	1547	3958
5	2150	1945	1982	3959
5	2005	1851	1819	3960
5	2004	1853	1697	3961
5	2148	2136	1954	3962
5	1980	1813	1707	3963
5	1981	1980	1707	3964
5	1981	1707	1852	3965
5	2296	2289	2149	3966
5	2134	1952	1808	3967
5	2379	2167	2233	3968
5	2008	1653	1857	3969
5	2152	1684	1984	3970
5	1984	1684	1503	3971
5	2220	2075	1993	3972
5	2221	2076	2075	3973
5	1986	1964	1820	3974
5	1986	1820	1910	3975
5	2185	2108	1973	3976
5	2375	2370	2262	3977
5	2010	1861	2009	3978
5	2010	1862	1861	3979
5	2217	2072	1946	3980
5	2157	2017	1867	3981
5	2074	1928	2073	3982
5	2217	1946	2117	3983
5	2113	2032	2112	3984
5	2008	1807	1653	3985
5	2038	1973	1888	3986
5	2038	1887	2037	3987
5	2075	1929	1836	3988
5	2077	1931	1930	3989
5	1994	1976	1841	3990
5	1994	1841	1926	3991
5	2055	1908	1838	3992
5	2064	1909	2056	3993
5	1996	1992	1823	3994
5	1996	1823	1850	3995
5	2103	1939	1844	3996
5	2003	1660	1851	3997
5	2022	1822	1721	3998
5	1999	1845	1998	3999
5	2172	1999	2159	4000
5	2022	1721	1872	4001
5	2000	1990	1846	4002
5	2000	1846	1827	4003
5	2002	1850	1843	4004
5	2002	1996	1850	4005
5	2320	2166	2310	4006
5	2161	2102	1996	4007
5	2128	1979	1942	4008
5	2005	1819	1956	4009
5	2369	1941	2097	4010
5	2147	1652	1810	4011
5	2105	2003	1851	4012
5	2684	2517	2518	4013
5	2060	1915	2059	4014
5	2061	1917	1916	4015
5	2212	2068	2107	4016
5	2422	2260	2276	4017
5	2249	2087	1991	4018
5	2084	1991	1830	4019
5	2202	2055	2201	4020
5	2011	1862	2010	4021
5	2213	2040	2090	4022
5	2011	1988	1847	4023
5	2092	2009	1963	4024
5	2371	2308	2250	4025
5	2013	1865	1864	4026
5	2034	1885	1865	4027
5	2185	1973	2038	4028
5	2036	1886	2035	4029
5	2100	1866	2015	4030
5	2014	1858	1803	4031
5	2033	1884	2032	4032
5	2240	2084	1866	4033
5	2136	1816	1954	4034
5	2135	1798	1953	4035
5	2017	2016	1826	4036
5	2017	1826	1867	4037
5	2021	1871	2020	4038
5	2020	1870	2019	4039
5	2154	1959	1985	4040
5	2021	1828	1871	4041
5	2098	1944	2096	4042
5	2121	2028	1964	4043
5	2450	2311	2372	4044
5	2203	2057	2111	4045
5	2109	1801	2026	4046
5	2109	1972	1801	4047
5	2027	1878	2025	4048
5	2024	1955	1873	4049
5	2102	1992	1996	4050
5	2324	2184	2183	4051
5	2314	2246	2172	4052
5	2253	1972	2109	4053
5	2159	1999	1998	4054
5	2027	1879	1878	4055
5	2166	2012	2116	4056
5	2183	2037	1992	4057
5	2031	1883	2030	4058
5	2030	1883	1882	4059
5	2153	1960	2130	4060
5	2171	1975	2021	4061
5	2168	2019	2018	4062
5	2032	1835	2031	4063
5	2098	1986	1944	4064
5	2255	2113	2254	4065
5	2033	1803	1884	4066
5	2268	2141	2098	4067
5	2176	2029	2175	4068
5	2176	2030	2029	4069
5	2373	2256	2283	4070
5	2363	2226	2362	4071
5	2273	2228	2110	4072
5	2036	1969	1859	4073
5	2362	2225	2361	4074
5	2223	2078	2114	4075
5	2156	2023	1874	4076
5	2205	2060	2059	4077
5	2374	2263	2350	4078
5	2856	2731	2765	4079
5	2039	1966	1890	4080
5	2039	1890	1889	4081
5	2069	1924	1893	4082
5	2071	1925	2070	4083
5	2188	2042	2187	4084
5	2189	2043	2188	4085
5	2186	1990	2119	4086
5	2046	1898	2045	4087
5	2190	2045	2044	4088
5	2336	2195	2194	4089
5	2218	2072	2217	4090
5	2048	1901	1900	4091
5	2186	2041	1990	4092
5	2195	2049	2194	4093
5	2187	2041	2186	4094
5	2053	1905	2052	4095
5	2187	2042	2041	4096
5	2188	2043	2042	4097
5	2190	2044	2189	4098
5	2051	1903	2050	4099
5	2199	2054	2053	4100
5	2052	1904	2051	4101
5	2198	2052	2197	4102
5	2192	2046	2191	4103
5	2189	2044	2043	4104
5	2054	1906	2053	4105
5	2196	2051	2050	4106
5	2054	1834	1906	4107
5	2140	2092	1963	4108
5	2352	2213	2351	4109
5	2164	2009	2092	4110
5	2164	2010	2009	4111
5	2210	2064	2056	4112
5	2056	1908	2055	4113
5	2236	2123	2200	4114
5	2165	2010	2164	4115
5	2058	1913	1832	4116
5	2057	1832	1840	4117
5	2115	1966	2039	4118
5	2223	2079	2078	4119
5	2060	1916	1915	4120
5	2063	1837	1918	4121
5	2062	1918	1917	4122
5	2061	1916	2060	4123
5	2303	2094	2262	4124
5	2346	2207	2345	4125
5	2285	2143	2261	4126
5	2139	1961	2007	4127
5	2139	2094	1961	4128
5	2205	2059	2122	4129
5	2201	1995	2099	4130
5	2206	2060	2205	4131
5	2285	2122	2143	4132
5	2067	1967	1824	4133
5	2066	2065	1920	4134
5	2066	1920	1922	4135
5	2107	2068	2065	4136
5	2201	2055	1995	4137
5	2068	2067	1923	4138
5	2068	1923	1921	4139
5	2090	2054	2199	4140
5	2070	1924	2069	4141
5	2419	2144	2315	4142
5	2071	1994	1926	4143
5	2448	2308	2371	4144
5	2475	2336	2474	4145
5	2191	2045	2190	4146
5	2074	2000	1827	4147
5	2219	2073	2218	4148
5	2266	1971	2106	4149
5	2331	2189	2330	4150
5	2194	2048	2193	4151
5	2299	2153	2298	4152
5	2627	2494	2502	4153
5	2171	2130	1975	4154
5	2077	1974	1931	4155
5	2377	2274	2300	4156
5	2298	2153	2130	4157
5	2079	1934	1933	4158
5	2080	1935	1934	4159
5	2180	2034	2013	4160
5	2083	1889	1937	4161
5	2183	1992	2102	4162
5	2166	2013	2012	4163
5	2115	2111	1966	4164
5	2082	1936	2081	4165
5	2227	2142	2083	4166
5	2083	2039	1889	4167
5	2343	2203	2111	4168
5	2226	2081	2225	4169
5	2085	1948	1949	4170
5	2086	1953	1849	4171
5	2270	2157	1989	4172
5	2087	1989	1799	4173
5	2167	2088	2016	4174
5	2369	2134	1941	4175
5	2151	1807	2008	4176
5	2133	1817	1948	4177
5	2386	2135	2086	4178
5	2088	1950	1513	4179
5	2089	2001	1955	4180
5	2155	2089	1955	4181
5	2330	2188	2329	4182
5	2337	2196	2195	4183
5	2091	2018	1965	4184
5	2237	2130	2171	4185
5	2140	1976	2120	4186
5	2215	2071	2070	4187
5	2271	2086	1950	4188
5	2429	2271	2304	4189
5	2094	2025	1961	4190
5	2478	2272	2339	4191
5	2182	2036	2035	4192
5	2181	2035	2034	4193
5	2154	2096	1959	4194
5	2130	1960	1975	4195
5	2167	2016	2017	4196
5	2148	1813	1980	4197
5	2275	2141	2268	4198
5	2496	2361	2360	4199
5	2696	2564	2520	4200
5	2341	2200	2210	4201
5	2178	2015	2014	4202
5	2555	2432	2280	4203
5	2101	2091	1965	4204
5	2101	1965	1974	4205
5	2161	2002	2160	4206
5	2324	2183	2251	4207
5	2388	2148	2295	4208
5	2278	2003	2105	4209
5	2384	2105	2277	4210
5	2104	1853	2004	4211
5	2152	1809	1662	4212
5	2158	1939	2103	4213
5	2113	2033	2032	4214
5	2279	2119	2216	4215
5	2211	2066	2123	4216
5	2202	2056	2055	4217
5	2184	2037	2183	4218
5	2306	2102	2161	4219
5	2314	2159	2253	4220
5	2145	1822	2022	4221
5	2110	2101	1974	4222
5	2110	1974	2077	4223
5	2203	2058	2057	4224
5	2204	1993	2058	4225
5	2280	2100	2015	4226
5	2318	2254	2112	4227
5	2255	2179	2113	4228
5	2266	2118	1971	4229
5	2226	2082	2081	4230
5	2282	2114	2238	4231
5	2273	2110	2222	4232
5	2256	2111	2115	4233
5	2180	2013	2166	4234
5	2181	2034	2180	4235
5	2317	2175	2316	4236
5	2457	2319	2385	4237
5	2118	2117	1970	4238
5	2118	1970	1971	4239
5	2219	2074	2073	4240
5	2334	2193	2192	4241
5	2140	1963	1976	4242
5	2120	1976	1994	4243
5	2175	2029	2028	4244
5	2177	2031	2030	4245
5	2462	2324	2398	4246
5	2345	2205	2230	4247
5	2211	2065	2066	4248
5	2123	2066	1968	4249
5	2124	2120	1994	4250
5	2124	1994	2071	4251
5	2125	2114	1938	4252
5	2125	1938	1947	4253
5	2126	2125	1947	4254
5	2126	1947	1969	4255
5	2303	2174	2094	4256
5	2383	2277	2104	4257
5	2296	2149	2290	4258
5	2277	2005	2104	4259
5	2129	2085	1949	4260
5	2129	1949	1546	4261
5	2153	1985	1960	4262
5	2154	1985	2153	4263
5	2289	2147	2149	4264
5	2290	2149	1952	4265
5	2291	2131	1951	4266
5	2132	1951	1848	4267
5	2292	2133	1948	4268
5	2249	1991	2084	4269
5	2150	2132	1945	4270
5	2149	2147	1978	4271
5	2386	2086	2378	4272
5	2417	2383	2247	4273
5	2518	2388	2295	4274
5	2504	2408	2409	4275
5	2148	1954	1813	4276
5	2137	1980	1981	4277
5	2138	2099	1957	4278
5	2138	1957	1988	4279
5	2209	2006	2063	4280
5	2207	2062	2061	4281
5	2338	2197	2196	4282
5	2340	2199	2272	4283
5	2141	2121	1964	4284
5	2141	1964	1986	4285
5	2142	2115	2039	4286
5	2142	2039	2083	4287
5	2143	2122	1967	4288
5	2143	1967	2067	4289
5	2174	2025	2094	4290
5	2155	1955	2024	4291
5	2156	1874	1987	4292
5	2172	2022	1999	4293
5	2416	2137	1981	4294
5	2146	1981	1852	4295
5	2147	1982	1665	4296
5	2147	1665	1652	4297
5	2295	1980	2137	4298
5	2652	2544	2387	4299
5	2417	2248	2391	4300
5	2247	2104	2004	4301
5	2391	2248	2128	4302
5	2291	1951	2132	4303
5	2297	1891	2151	4304
5	2151	1891	1746	4305
5	2158	1984	1939	4306
5	2152	2127	1977	4307
5	2267	2101	2228	4308
5	2317	2176	2175	4309
5	2298	2130	2237	4310
5	2311	2169	2168	4311
5	2368	2258	2156	4312
5	2262	2094	2139	4313
5	2345	2206	2205	4314
5	2234	2156	1987	4315
5	2242	1943	2136	4316
5	2271	1950	2088	4317
5	2305	1984	2158	4318
5	2305	2152	1984	4319
5	2172	2145	2022	4320
5	2723	2453	2540	4321
5	2161	1996	2002	4322
5	2320	2180	2166	4323
5	2277	2105	2005	4324
5	2288	2128	1942	4325
5	2162	2139	2007	4326
5	2162	2007	2006	4327
5	2163	2138	1988	4328
5	2163	1988	2011	4329
5	2165	2011	2010	4330
5	2422	2276	2394	4331
5	2335	2193	2334	4332
5	2307	2163	2165	4333
5	2310	2116	2309	4334
5	2449	2322	2320	4335
5	2438	2241	2133	4336
5	2292	1948	2085	4337
5	2169	2020	2019	4338
5	2170	2021	2020	4339
5	2644	2585	2511	4340
5	2316	2121	2275	4341
5	2358	2221	2220	4342
5	2171	2021	2170	4343
5	2358	2220	2357	4344
5	2360	2224	2223	4345
5	2314	2172	2159	4346
5	2252	2026	2144	4347
5	2173	2155	2024	4348
5	2173	2024	2023	4349
5	2258	2023	2156	4350
5	2433	2261	2423	4351
5	2411	2228	2273	4352
5	2443	2298	2396	4353
5	2318	2112	2177	4354
5	2275	2121	2141	4355
5	2319	2176	2317	4356
5	2177	2112	2031	4357
5	2284	2179	2255	4358
5	2505	2266	2397	4359
5	2179	2178	2014	4360
5	2179	2014	2033	4361
5	2326	2108	2185	4362
5	2364	2283	2142	4363
5	2418	2398	2251	4364
5	2182	2095	2036	4365
5	2322	2180	2320	4366
5	2325	2184	2324	4367
5	2184	2038	2037	4368
5	2185	2038	2184	4369
5	2462	2325	2324	4370
5	2309	2116	2108	4371
5	2326	2309	2108	4372
5	2446	2286	2435	4373
5	2330	2189	2188	4374
5	2329	2187	2328	4375
5	2475	2337	2336	4376
5	2193	2048	2047	4377
5	2430	2275	2268	4378
5	2441	2397	2106	4379
5	2327	2186	2119	4380
5	2191	2046	2045	4381
5	2336	2194	2335	4382
5	2334	2192	2333	4383
5	2328	2187	2186	4384
5	2329	2188	2187	4385
5	2331	2190	2189	4386
5	2197	2051	2196	4387
5	2351	2090	2340	4388
5	2195	2050	2049	4389
5	2272	2199	2198	4390
5	2339	2198	2197	4391
5	2339	2197	2338	4392
5	2198	2053	2052	4393
5	2337	2195	2336	4394
5	2332	2191	2190	4395
5	2352	2214	2213	4396
5	2090	1962	2054	4397
5	2404	2259	2376	4398
5	2214	2070	2069	4399
5	2484	2403	2341	4400
5	2250	2164	2092	4401
5	2200	2123	1968	4402
5	2200	1968	2064	4403
5	2260	2201	2099	4404
5	2210	2056	2202	4405
5	2341	2236	2200	4406
5	2210	2200	2064	4407
5	2498	2363	2362	4408
5	2221	2075	2220	4409
5	2480	2344	2343	4410
5	2222	2110	2077	4411
5	2206	2061	2060	4412
5	2209	2063	2208	4413
5	2424	2173	2258	4414
5	2287	2161	2160	4415
5	2615	2481	2506	4416
5	2209	2162	2006	4417
5	2231	2139	2162	4418
5	2485	2350	2349	4419
5	2483	2348	2342	4420
5	2350	2211	2349	4421
5	2448	2307	2308	4422
5	2276	2138	2243	4423
5	2342	2202	2201	4424
5	2556	2402	2482	4425
5	2212	2143	2067	4426
5	2212	2067	2068	4427
5	2259	2120	2124	4428
5	2214	2069	2213	4429
5	2352	2264	2215	4430
5	2215	2070	2214	4431
5	2508	2376	2488	4432
5	2332	2190	2331	4433
5	2216	2119	2000	4434
5	2216	2000	2074	4435
5	2218	2073	2072	4436
5	2327	2119	2279	4437
5	2766	2644	2694	4438
5	2355	2216	2219	4439
5	2328	2186	2327	4440
5	2219	2216	2074	4441
5	2497	2362	2361	4442
5	2421	2255	2254	4443
5	2311	2168	2235	4444
5	2222	2076	2221	4445
5	2235	2168	2091	4446
5	2412	2235	2267	4447
5	2224	2080	2079	4448
5	2225	2081	2080	4449
5	2357	2204	2344	4450
5	2227	2083	2082	4451
5	2633	2500	2499	4452
5	2322	2181	2180	4453
5	2460	2323	2322	4454
5	2227	2082	2226	4455
5	2458	2310	2309	4456
5	2282	2223	2114	4457
5	2359	2222	2221	4458
5	2555	2178	2284	4459
5	2244	1997	2127	4460
5	2244	2146	1997	4461
5	2230	2205	2122	4462
5	2285	2230	2122	4463
5	2347	2209	2208	4464
5	2401	2375	2231	4465
5	2232	2231	2162	4466
5	2232	2162	2209	4467
5	2233	2167	2017	4468
5	2233	2017	2157	4469
5	2252	2109	2026	4470
5	2258	2173	2023	4471
5	2585	2450	2511	4472
5	2451	2312	2450	4473
5	2261	2143	2212	4474
5	2400	2345	2230	4475
5	2312	2169	2311	4476
5	2312	2170	2169	4477
5	2321	2269	2095	4478
5	2461	2321	2323	4479
5	2293	1940	2135	4480
5	2241	1983	2133	4481
5	2249	2084	2240	4482
5	2567	2428	2270	4483
5	2678	2389	2503	4484
5	2297	2106	1891	4485
5	2242	2239	2129	4486
5	2242	2129	1943	4487
5	2485	2349	2382	4488
5	2265	2092	2140	4489
5	2431	2229	2158	4490
5	2416	2146	2244	4491
5	2365	2292	2085	4492
5	2544	2097	2387	4493
5	2246	2234	2145	4494
5	2246	2145	2172	4495
5	2288	1942	2131	4496
5	2416	1981	2146	4497
5	2248	2247	2004	4498
5	2248	2004	2128	4499
5	2378	2086	2271	4500
5	2353	2117	2281	4501
5	2307	2243	2163	4502
5	2308	2164	2250	4503
5	2251	2183	2102	4504
5	2598	2462	2512	4505
5	2419	2252	2144	4506
5	2262	2139	2231	4507
5	2355	2279	2216	4508
5	2420	2279	2355	4509
5	2354	2217	2353	4510
5	2254	2113	2112	4511
5	2675	2510	2405	4512
5	2284	2178	2179	4513
5	2359	2273	2222	4514
5	2343	2111	2256	4515
5	2257	2238	2125	4516
5	2257	2125	2126	4517
5	2315	2144	2027	4518
5	2315	2027	2174	4519
5	2294	2120	2259	4520
5	2265	2250	2092	4521
5	2487	2352	2351	4522
5	2488	2264	2352	4523
5	2423	2261	2263	4524
5	2350	2107	2211	4525
5	2573	2433	2572	4526
5	2286	2160	2089	4527
5	2263	2261	2212	4528
5	2263	2212	2107	4529
5	2264	2259	2124	4530
5	2264	2124	2215	4531
5	2514	2394	2414	4532
5	2381	2342	2260	4533
5	2486	2351	2340	4534
5	2281	2117	2118	4535
5	2267	2235	2091	4536
5	2267	2091	2101	4537
5	2555	2284	2510	4538
5	2427	2268	2274	4539
5	2269	2257	2126	4540
5	2269	2126	2095	4541
5	2501	2438	2292	4542
5	2516	2233	2428	4543
5	2432	2366	2100	4544
5	2429	2378	2271	4545
5	2340	2090	2199	4546
5	2351	2213	2090	4547
5	2344	2203	2343	4548
5	2399	2343	2256	4549
5	2274	2268	2098	4550
5	2274	2098	2096	4551
5	2455	2275	2430	4552
5	2444	2300	2299	4553
5	2276	2260	2099	4554
5	2276	2099	2138	4555
5	2384	2278	2105	4556
5	2278	2103	2003	4557
5	2431	2158	2103	4558
5	2431	2103	2278	4559
5	2253	2159	1998	4560
5	2253	1998	1972	4561
5	2505	2118	2266	4562
5	2366	2240	2100	4563
5	2353	2217	2117	4564
5	2354	2218	2217	4565
5	2363	2227	2226	4566
5	2283	2256	2115	4567
5	2361	2224	2360	4568
5	2763	2632	2762	4569
5	2441	2106	2297	4570
5	2397	2266	2106	4571
5	2481	2345	2400	4572
5	2401	2231	2232	4573
5	2526	2445	2301	4574
5	2434	2230	2285	4575
5	2306	2251	2102	4576
5	2306	2161	2287	4577
5	2503	2389	2439	4578
5	2290	1952	2134	4579
5	2289	2150	1982	4580
5	2289	1982	2147	4581
5	2383	2104	2247	4582
5	2390	2131	2291	4583
5	2390	2288	2131	4584
5	2518	2295	2440	4585
5	2428	2233	2157	4586
5	2791	2567	2651	4587
5	2380	2304	2167	4588
5	2388	2136	2148	4589
5	2294	2265	2140	4590
5	2294	2140	2120	4591
5	2519	2293	2386	4592
5	2365	2085	2239	4593
5	2436	2132	2150	4594
5	2296	2150	2289	4595
5	2297	2151	2245	4596
5	2432	2100	2280	4597
5	2300	2096	2154	4598
5	2300	2154	2299	4599
5	2395	2267	2228	4600
5	2300	2274	2096	4601
5	2412	2267	2395	4602
5	2638	2504	2509	4603
5	2375	2262	2231	4604
5	2302	2155	2301	4605
5	2302	2286	2089	4606
5	2302	2089	2155	4607
5	2368	2156	2234	4608
5	2452	2253	2109	4609
5	2304	2271	2088	4610
5	2304	2088	2167	4611
5	2305	2158	2229	4612
5	2305	2229	2127	4613
5	2435	2286	2302	4614
5	2619	2485	2618	4615
5	2483	2342	2381	4616
5	2572	2433	2423	4617
5	2308	2307	2165	4618
5	2308	2165	2164	4619
5	2310	2166	2116	4620
5	2321	2095	2182	4621
5	2459	2310	2458	4622
5	2632	2499	2498	4623
5	2313	2171	2170	4624
5	2313	2170	2312	4625
5	2570	2430	2427	4626
5	2313	2237	2171	4627
5	2427	2274	2377	4628
5	2444	2377	2300	4629
5	2452	2393	2314	4630
5	2452	2109	2252	4631
5	2588	2315	2453	4632
5	2767	2642	2588	4633
5	2489	2353	2281	4634
5	2454	2254	2318	4635
5	2451	2407	2313	4636
5	2780	2644	2766	4637
5	2491	2355	2356	4638
5	2405	2284	2255	4639
5	2319	2318	2177	4640
5	2319	2177	2176	4641
5	2464	2309	2326	4642
5	2630	2497	2496	4643
5	2323	2181	2322	4644
5	2406	2360	2282	4645
5	2323	2182	2181	4646
5	2323	2321	2182	4647
5	2460	2322	2449	4648
5	2499	2363	2498	4649
5	2325	2185	2184	4650
5	2326	2185	2325	4651
5	2463	2325	2462	4652
5	2761	2630	2760	4653
5	2599	2463	2598	4654
5	2689	2522	2543	4655
5	2466	2327	2465	4656
5	2465	2279	2420	4657
5	2490	2353	2489	4658
5	2333	2191	2332	4659
5	2465	2327	2279	4660
5	2479	2340	2272	4661
5	2467	2328	2466	4662
5	2466	2328	2327	4663
5	2487	2351	2486	4664
5	2333	2192	2191	4665
5	2477	2339	2338	4666
5	2467	2329	2328	4667
5	2471	2332	2470	4668
5	2335	2194	2193	4669
5	2468	2330	2329	4670
5	2473	2334	2472	4671
5	2469	2330	2468	4672
5	2338	2196	2337	4673
5	2469	2331	2330	4674
5	2470	2332	2331	4675
5	2472	2333	2471	4676
5	2339	2272	2198	4677
5	2471	2333	2332	4678
5	2478	2339	2477	4679
5	2472	2334	2333	4680
5	2473	2335	2334	4681
5	2479	2272	2478	4682
5	2352	2215	2214	4683
5	2348	2202	2342	4684
5	2484	2348	2483	4685
5	2348	2210	2202	4686
5	2348	2341	2210	4687
5	2344	2204	2203	4688
5	2357	2220	2204	4689
5	2412	2372	2235	4690
5	2359	2221	2358	4691
5	2346	2208	2207	4692
5	2347	2232	2209	4693
5	2370	2303	2262	4694
5	2347	2208	2346	4695
5	2418	2251	2306	4696
5	2711	2572	2528	4697
5	2425	2265	2294	4698
5	2620	2479	2614	4699
5	2350	2263	2107	4700
5	2349	2211	2123	4701
5	2528	2423	2374	4702
5	2423	2263	2374	4703
5	2474	2336	2335	4704
5	2371	2250	2265	4705
5	2376	2259	2264	4706
5	2477	2338	2476	4707
5	2430	2268	2427	4708
5	2356	2218	2354	4709
5	2586	2524	2407	4710
5	2566	2457	2529	4711
5	2470	2331	2469	4712
5	2468	2329	2467	4713
5	2356	2355	2219	4714
5	2356	2219	2218	4715
5	2821	2722	2780	4716
5	2761	2631	2630	4717
5	2726	2589	2724	4718
5	2463	2326	2325	4719
5	2496	2360	2406	4720
5	2632	2498	2631	4721
5	2361	2225	2224	4722
5	2362	2226	2225	4723
5	2630	2496	2629	4724
5	2364	2142	2227	4725
5	3011	2931	2887	4726
5	2912	2884	2769	4727
5	2494	2357	2492	4728
5	2364	2227	2363	4729
5	2411	2395	2228	4730
5	2399	2256	2373	4731
5	2674	2505	2397	4732
5	2428	2157	2270	4733
5	2367	2240	2366	4734
5	2367	2249	2240	4735
5	2537	2241	2438	4736
5	2695	2537	2637	4737
5	2523	2258	2368	4738
5	2523	2424	2258	4739
5	2437	2296	2290	4740
5	2369	2290	2134	4741
5	2733	2598	2647	4742
5	2540	2303	2370	4743
5	2448	2414	2307	4744
5	2546	2381	2521	4745
5	2372	2311	2235	4746
5	2524	2396	2407	4747
5	2500	2373	2283	4748
5	2499	2364	2363	4749
5	2485	2374	2350	4750
5	2572	2423	2528	4751
5	2482	2346	2481	4752
5	2520	2375	2401	4753
5	2404	2294	2259	4754
5	2425	2294	2404	4755
5	2570	2427	2522	4756
5	2396	2298	2237	4757
5	2552	2369	2544	4758
5	2801	2501	2648	4759
5	2438	2133	2292	4760
5	2380	2167	2379	4761
5	2516	2379	2233	4762
5	2391	2128	2288	4763
5	2382	2349	2236	4764
5	2698	2616	2690	4765
5	2563	2394	2514	4766
5	2565	2371	2425	4767
5	2417	2247	2248	4768
5	2548	2415	2229	4769
5	2549	2277	2383	4770
5	2415	2244	2229	4771
5	2385	2319	2317	4772
5	2455	2316	2275	4773
5	2387	2097	2293	4774
5	2386	2293	2135	4775
5	2569	2545	2378	4776
5	2389	2239	2242	4777
5	2648	2365	2551	4778
5	2555	2280	2178	4779
5	2548	2229	2431	4780
5	2439	2136	2388	4781
5	2552	2437	2369	4782
5	2576	2296	2437	4783
5	2553	2288	2390	4784
5	2437	2290	2369	4785
5	2392	2368	2234	4786
5	2392	2234	2246	4787
5	2393	2392	2246	4788
5	2393	2246	2314	4789
5	2422	2381	2260	4790
5	2394	2276	2243	4791
5	2840	2707	2692	4792
5	2760	2629	2759	4793
5	2443	2299	2298	4794
5	2444	2299	2443	4795
5	2534	2367	2366	4796
5	2426	2356	2354	4797
5	2398	2324	2251	4798
5	2573	2507	2434	4799
5	2493	2411	2273	4800
5	2480	2343	2399	4801
5	2526	2301	2424	4802
5	2424	2301	2173	4803
5	2513	2435	2445	4804
5	2482	2347	2346	4805
5	2402	2401	2232	4806
5	2402	2232	2347	4807
5	2403	2382	2236	4808
5	2403	2236	2341	4809
5	2673	2528	2619	4810
5	2584	2371	2565	4811
5	2557	2420	2491	4812
5	2716	2534	2535	4813
5	2498	2362	2497	4814
5	2497	2361	2496	4815
5	2407	2396	2237	4816
5	2407	2237	2313	4817
5	2408	2406	2282	4818
5	2408	2282	2238	4819
5	2409	2408	2238	4820
5	2409	2238	2257	4821
5	2410	2409	2257	4822
5	2410	2257	2269	4823
5	2492	2344	2480	4824
5	2494	2358	2357	4825
5	2530	2502	2492	4826
5	2530	2480	2399	4827
5	2413	2410	2269	4828
5	2413	2269	2321	4829
5	2414	2394	2243	4830
5	2414	2243	2307	4831
5	2544	2369	2097	4832
5	2440	2295	2137	4833
5	2685	2440	2653	4834
5	2653	2440	2560	4835
5	2667	2515	2505	4836
5	2660	2571	2384	4837
5	2447	2418	2306	4838
5	2447	2287	2446	4839
5	2689	2682	2522	4840
5	2452	2314	2253	4841
5	2491	2420	2355	4842
5	2491	2356	2426	4843
5	2590	2456	2455	4844
5	2421	2405	2255	4845
5	2690	2616	2617	4846
5	2892	2781	2782	4847
5	2433	2285	2261	4848
5	2434	2285	2433	4849
5	2453	2174	2303	4850
5	2618	2485	2382	4851
5	2521	2381	2422	4852
5	2975	2841	2893	4853
5	2693	2566	2529	4854
5	2625	2558	2421	4855
5	2456	2385	2317	4856
5	2668	2645	2554	4857
5	2567	2270	2087	4858
5	2658	2367	2534	4859
5	2661	2429	2550	4860
5	2519	2387	2293	4861
5	2591	2385	2456	4862
5	2626	2491	2426	4863
5	2660	2548	2571	4864
5	2701	2561	2415	4865
5	2510	2284	2405	4866
5	2771	2550	2659	4867
5	2720	2520	2583	4868
5	2434	2400	2230	4869
5	2730	2525	2596	4870
5	2712	2572	2711	4871
5	2698	2547	2616	4872
5	2446	2287	2286	4873
5	2575	2291	2436	4874
5	2436	2150	2296	4875
5	2839	2666	2553	4876
5	2436	2291	2132	4877
5	2501	2292	2365	4878
5	3006	2834	2756	4879
5	2439	2389	2242	4880
5	2439	2242	2136	4881
5	2654	2552	2544	4882
5	2773	2552	2654	4883
5	3145	3066	3083	4884
5	2623	2426	2490	4885
5	2442	2441	2297	4886
5	2442	2297	2245	4887
5	2628	2493	2495	4888
5	2724	2570	2682	4889
5	2532	2395	2411	4890
5	2603	2467	2602	4891
5	2445	2435	2302	4892
5	2445	2302	2301	4893
5	2447	2306	2287	4894
5	2525	2410	2413	4895
5	2546	2483	2381	4896
5	2596	2461	2595	4897
5	2614	2479	2478	4898
5	2610	2474	2609	4899
5	2461	2413	2321	4900
5	2461	2323	2460	4901
5	2451	2313	2312	4902
5	2450	2312	2311	4903
5	2722	2585	2644	4904
5	2586	2451	2585	4905
5	2587	2252	2419	4906
5	2587	2452	2252	4907
5	2588	2419	2315	4908
5	2453	2315	2174	4909
5	2490	2354	2353	4910
5	2454	2421	2254	4911
5	2456	2316	2455	4912
5	2456	2317	2316	4913
5	2579	2396	2524	4914
5	2762	2632	2631	4915
5	2457	2454	2318	4916
5	2457	2318	2319	4917
5	2459	2320	2310	4918
5	2459	2449	2320	4919
5	2574	2446	2435	4920
5	2649	2502	2530	4921
5	2596	2525	2413	4922
5	2598	2463	2462	4923
5	2595	2461	2460	4924
5	2525	2509	2410	4925
5	2845	2822	2665	4926
5	2464	2326	2463	4927
5	2592	2459	2458	4928
5	2464	2458	2309	4929
5	2594	2460	2449	4930
5	2729	2594	2593	4931
5	2611	2476	2475	4932
5	2602	2466	2601	4933
5	2604	2468	2603	4934
5	2600	2465	2420	4935
5	2612	2477	2476	4936
5	2558	2405	2421	4937
5	2601	2466	2465	4938
5	2474	2335	2473	4939
5	2608	2472	2607	4940
5	2605	2469	2604	4941
5	2602	2467	2466	4942
5	2612	2476	2611	4943
5	2603	2468	2467	4944
5	2476	2338	2337	4945
5	2609	2473	2608	4946
5	2614	2478	2613	4947
5	2604	2469	2468	4948
5	2605	2470	2469	4949
5	2607	2471	2606	4950
5	2476	2337	2475	4951
5	2606	2470	2605	4952
5	2606	2471	2470	4953
5	2613	2477	2612	4954
5	2488	2352	2487	4955
5	2607	2472	2471	4956
5	2608	2473	2472	4957
5	2621	2486	2620	4958
5	2486	2340	2479	4959
5	2609	2474	2473	4960
5	2610	2475	2474	4961
5	2492	2357	2344	4962
5	2493	2273	2359	4963
5	2482	2402	2347	4964
5	2481	2346	2345	4965
5	2583	2520	2401	4966
5	2581	2418	2447	4967
5	2484	2341	2348	4968
5	2943	2831	2798	4969
5	2541	2404	2376	4970
5	2584	2448	2371	4971
5	2618	2382	2547	4972
5	2749	2547	2698	4973
5	2622	2488	2487	4974
5	2841	2706	2775	4975
5	2721	2584	2565	4976
5	2488	2376	2264	4977
5	2617	2483	2546	4978
5	2541	2376	2508	4979
5	2490	2426	2354	4980
5	2600	2420	2557	4981
5	2674	2667	2505	4982
5	2705	2555	2704	4983
5	2704	2555	2510	4984
5	2601	2465	2600	4985
5	3015	2905	2913	4986
5	2628	2495	2627	4987
5	2495	2358	2494	4988
5	2542	2372	2412	4989
5	2495	2359	2358	4990
5	2495	2493	2359	4991
5	2591	2529	2385	4992
5	2543	2522	2377	4993
5	2533	2408	2504	4994
5	2633	2531	2373	4995
5	2533	2406	2408	4996
5	2500	2283	2364	4997
5	2530	2399	2531	4998
5	2530	2492	2480	4999
5	2633	2373	2500	5000
5	2500	2364	2499	5001
5	2827	2650	2664	5002
5	2631	2498	2497	5003
5	2705	2432	2555	5004
5	2567	2087	2249	5005
5	2502	2494	2492	5006
5	2629	2406	2533	5007
5	2678	2551	2389	5008
5	2551	2239	2389	5009
5	2593	2449	2459	5010
5	2596	2413	2461	5011
5	2515	2281	2505	5012
5	2505	2281	2118	5013
5	2506	2481	2400	5014
5	2573	2434	2433	5015
5	2507	2506	2400	5016
5	2507	2400	2434	5017
5	2679	2508	2622	5018
5	2620	2486	2479	5019
5	2509	2504	2409	5020
5	2509	2409	2410	5021
5	2537	2093	2241	5022
5	2515	2489	2281	5023
5	2511	2450	2372	5024
5	2542	2511	2372	5025
5	2512	2462	2398	5026
5	2854	2765	2729	5027
5	2583	2401	2402	5028
5	2574	2435	2513	5029
5	2878	2751	2877	5030
5	2541	2425	2404	5031
5	2697	2559	2640	5032
5	2589	2430	2570	5033
5	2550	2429	2304	5034
5	2811	2685	2653	5035
5	2517	2503	2439	5036
5	2517	2439	2388	5037
5	2634	2503	2517	5038
5	2518	2517	2388	5039
5	2770	2700	2569	5040
5	2569	2378	2429	5041
5	2540	2453	2303	5042
5	2564	2375	2520	5043
5	2750	2673	2619	5044
5	2691	2546	2656	5045
5	2522	2427	2377	5046
5	2783	2717	2643	5047
5	2642	2419	2588	5048
5	2639	2424	2523	5049
5	2543	2377	2444	5050
5	2795	2689	2669	5051
5	2593	2459	2592	5052
5	3090	2957	3016	5053
5	2635	2445	2526	5054
5	2639	2526	2424	5055
5	2527	2514	2414	5056
5	2527	2414	2448	5057
5	2781	2690	2691	5058
5	2836	2698	2690	5059
5	2529	2457	2385	5060
5	2682	2570	2522	5061
5	2692	2626	2623	5062
5	2758	2668	2628	5063
5	2755	2623	2624	5064
5	2531	2399	2373	5065
5	2559	2395	2532	5066
5	2776	2768	2640	5067
5	2629	2496	2406	5068
5	2631	2497	2630	5069
5	2536	2442	2245	5070
5	2637	2537	2438	5071
5	2535	2534	2366	5072
5	2535	2366	2432	5073
5	2577	2397	2441	5074
5	2967	2578	2636	5075
5	2537	2536	2245	5076
5	2537	2245	2093	5077
5	2538	2523	2368	5078
5	2538	2368	2392	5079
5	2539	2512	2398	5080
5	2539	2398	2418	5081
5	2663	2512	2539	5082
5	2639	2538	2655	5083
5	2565	2425	2541	5084
5	2583	2402	2556	5085
5	2669	2543	2580	5086
5	2883	2840	2692	5087
5	2580	2443	2579	5088
5	2580	2543	2444	5089
5	2660	2384	2549	5090
5	2553	2391	2288	5091
5	2545	2519	2386	5092
5	2545	2386	2378	5093
5	2547	2382	2403	5094
5	2619	2374	2485	5095
5	2749	2618	2547	5096
5	2688	2521	2563	5097
5	2549	2384	2277	5098
5	2571	2278	2384	5099
5	2701	2415	2548	5100
5	2654	2544	2652	5101
5	2785	2577	2715	5102
5	2551	2365	2239	5103
5	2666	2417	2391	5104
5	2666	2391	2553	5105
5	2702	2653	2560	5106
5	2648	2501	2365	5107
5	3059	2837	2938	5108
5	2576	2436	2296	5109
5	2554	2532	2411	5110
5	2554	2411	2493	5111
5	2774	2705	2704	5112
5	2815	2651	2568	5113
5	2681	2527	2584	5114
5	2584	2527	2448	5115
5	2626	2426	2623	5116
5	2727	2725	2591	5117
5	3136	3031	2946	5118
5	2625	2421	2454	5119
5	2559	2542	2412	5120
5	2559	2412	2395	5121
5	2560	2440	2137	5122
5	2560	2137	2416	5123
5	2561	2560	2416	5124
5	2561	2416	2415	5125
5	2562	2538	2392	5126
5	2562	2392	2393	5127
5	2563	2521	2422	5128
5	2563	2422	2394	5129
5	2767	2588	2723	5130
5	2564	2370	2375	5131
5	2900	2788	2789	5132
5	2871	2745	2870	5133
5	2625	2454	2566	5134
5	2566	2454	2457	5135
5	2801	2637	2501	5136
5	2791	2428	2567	5137
5	2568	2567	2249	5138
5	2568	2249	2367	5139
5	2686	2652	2387	5140
5	2686	2387	2519	5141
5	2589	2455	2430	5142
5	2590	2455	2589	5143
5	2571	2548	2431	5144
5	2571	2431	2278	5145
5	2827	2796	2650	5146
5	2713	2507	2573	5147
5	2671	2664	2615	5148
5	2796	2720	2650	5149
5	2581	2539	2418	5150
5	2582	2446	2574	5151
5	2714	2390	2575	5152
5	2575	2390	2291	5153
5	2714	2575	2576	5154
5	2576	2575	2436	5155
5	2825	2678	2503	5156
5	2803	2695	2637	5157
5	2578	2577	2441	5158
5	2578	2441	2442	5159
5	2580	2444	2443	5160
5	2579	2443	2396	5161
5	2708	2489	2515	5162
5	2689	2543	2669	5163
5	2719	2574	2677	5164
5	2728	2593	2592	5165
5	2582	2581	2447	5166
5	2582	2447	2446	5167
5	2720	2583	2650	5168
5	2720	2696	2520	5169
5	2798	2657	2672	5170
5	2706	2541	2508	5171
5	2586	2407	2451	5172
5	2585	2451	2450	5173
5	2676	2627	2502	5174
5	2800	2759	2646	5175
5	2587	2562	2393	5176
5	2587	2393	2452	5177
5	2723	2588	2453	5178
5	2655	2538	2562	5179
5	2717	2579	2643	5180
5	2852	2726	2793	5181
5	2725	2693	2529	5182
5	2591	2456	2590	5183
5	3178	3143	3015	5184
5	2963	2795	2919	5185
5	2595	2460	2594	5186
5	2594	2449	2593	5187
5	2848	2696	2720	5188
5	2728	2592	2662	5189
5	2778	2733	2647	5190
5	2763	2633	2632	5191
5	2733	2599	2598	5192
5	2731	2595	2594	5193
5	2729	2593	2728	5194
5	2764	2633	2763	5195
5	2597	2592	2458	5196
5	2597	2458	2464	5197
5	2599	2464	2463	5198
5	2599	2597	2464	5199
5	2662	2592	2597	5200
5	2731	2594	2729	5201
5	2724	2589	2570	5202
5	2797	2755	2624	5203
5	2708	2624	2489	5204
5	2737	2601	2736	5205
5	2736	2601	2600	5206
5	2737	2602	2601	5207
5	2735	2600	2557	5208
5	2707	2557	2626	5209
5	2741	2605	2740	5210
5	2613	2478	2477	5211
5	2752	2621	2620	5212
5	2738	2603	2602	5213
5	2743	2607	2742	5214
5	2622	2487	2621	5215
5	2739	2604	2603	5216
5	2753	2622	2621	5217
5	2744	2608	2743	5218
5	2740	2605	2604	5219
5	2745	2610	2609	5220
5	2611	2475	2610	5221
5	2741	2606	2605	5222
5	2746	2611	2610	5223
5	2742	2607	2606	5224
5	2748	2612	2747	5225
5	2743	2608	2607	5226
5	2748	2614	2613	5227
5	2745	2609	2744	5228
5	2621	2487	2486	5229
5	2751	2614	2748	5230
5	2744	2609	2608	5231
5	2615	2556	2482	5232
5	2615	2482	2481	5233
5	2616	2547	2403	5234
5	2616	2403	2484	5235
5	2617	2616	2484	5236
5	2617	2484	2483	5237
5	3020	2893	2898	5238
5	2619	2528	2374	5239
5	2688	2563	2657	5240
5	2721	2681	2584	5241
5	2746	2610	2745	5242
5	2622	2508	2488	5243
5	2747	2612	2611	5244
5	2751	2620	2614	5245
5	2681	2672	2527	5246
5	2706	2508	2679	5247
5	2738	2602	2737	5248
5	2626	2557	2491	5249
5	2624	2623	2490	5250
5	2624	2490	2489	5251
5	2735	2557	2707	5252
5	2707	2626	2692	5253
5	3163	3041	3154	5254
5	3204	3061	3137	5255
5	2628	2554	2493	5256
5	2627	2495	2494	5257
5	2882	2754	2881	5258
5	2901	2769	2792	5259
5	2646	2504	2638	5260
5	2764	2757	2531	5261
5	2951	2799	2804	5262
5	2650	2583	2556	5263
5	2832	2639	2655	5264
5	2633	2499	2632	5265
5	2646	2533	2504	5266
5	2885	2760	2759	5267
5	2759	2533	2646	5268
5	2764	2531	2633	5269
5	2940	2801	2648	5270
5	2637	2438	2501	5271
5	2924	2767	2723	5272
5	2635	2513	2445	5273
5	2636	2578	2442	5274
5	2636	2442	2536	5275
5	2906	2830	2779	5276
5	2651	2567	2568	5277
5	2854	2729	2728	5278
5	2730	2641	2525	5279
5	2709	2370	2564	5280
5	2642	2587	2419	5281
5	2640	2559	2532	5282
5	2784	2697	2768	5283
5	2641	2638	2509	5284
5	2641	2509	2525	5285
5	2639	2523	2538	5286
5	2642	2655	2562	5287
5	2643	2579	2524	5288
5	2670	2643	2524	5289
5	2670	2524	2586	5290
5	3107	2983	3105	5291
5	2645	2640	2532	5292
5	2645	2532	2554	5293
5	2807	2638	2799	5294
5	2759	2629	2533	5295
5	2647	2598	2512	5296
5	2663	2647	2512	5297
5	2659	2550	2380	5298
5	2946	2785	2715	5299
5	2668	2554	2628	5300
5	2676	2502	2649	5301
5	2853	2728	2662	5302
5	2677	2574	2513	5303
5	2695	2536	2537	5304
5	2659	2380	2379	5305
5	2703	2576	2437	5306
5	2810	2654	2652	5307
5	3027	2779	2935	5308
5	2915	2654	2810	5309
5	2702	2560	2561	5310
5	2969	2846	2896	5311
5	2642	2562	2587	5312
5	2847	2719	2677	5313
5	2656	2546	2521	5314
5	2876	2673	2750	5315
5	2688	2656	2521	5316
5	2657	2563	2514	5317
5	2815	2568	2658	5318
5	2658	2568	2367	5319
5	2904	2678	2825	5320
5	2661	2569	2429	5321
5	2938	2837	2702	5322
5	2699	2383	2417	5323
5	2947	2774	2894	5324
5	2818	2551	2678	5325
5	2734	2599	2733	5326
5	2857	2734	2733	5327
5	2671	2506	2665	5328
5	2711	2528	2673	5329
5	2664	2650	2556	5330
5	2664	2556	2615	5331
5	2671	2615	2506	5332
5	2665	2506	2507	5333
5	2817	2549	2699	5334
5	2699	2549	2383	5335
5	2675	2405	2558	5336
5	2756	2558	2625	5337
5	2758	2627	2676	5338
5	2784	2766	2694	5339
5	3133	2952	3050	5340
5	2912	2769	2901	5341
5	2780	2722	2644	5342
5	3061	2930	3026	5343
5	2809	2718	2719	5344
5	2680	2663	2539	5345
5	2672	2657	2514	5346
5	2672	2514	2527	5347
5	2713	2573	2712	5348
5	2712	2573	2572	5349
5	2674	2397	2577	5350
5	2715	2577	2578	5351
5	2756	2625	2754	5352
5	2739	2603	2738	5353
5	2758	2628	2627	5354
5	2889	2763	2762	5355
5	2680	2539	2581	5356
5	2777	2663	2680	5357
5	3027	2906	2779	5358
5	2779	2687	2700	5359
5	2753	2679	2622	5360
5	2752	2620	2751	5361
5	2790	2663	2777	5362
5	2978	2895	2854	5363
5	2710	2541	2706	5364
5	3004	2898	2880	5365
5	2851	2693	2725	5366
5	2986	2852	2793	5367
5	2683	2659	2379	5368
5	2683	2379	2516	5369
5	2938	2702	2838	5370
5	2684	2634	2517	5371
5	2685	2684	2518	5372
5	2685	2518	2440	5373
5	3138	3040	3023	5374
5	2770	2569	2661	5375
5	2687	2686	2519	5376
5	2687	2519	2545	5377
5	2788	2672	2681	5378
5	2921	2836	2916	5379
5	2966	2802	2635	5380
5	2833	2639	2832	5381
5	2750	2618	2749	5382
5	2750	2619	2618	5383
5	2691	2690	2617	5384
5	2691	2617	2546	5385
5	2753	2621	2752	5386
5	2736	2600	2735	5387
5	2754	2566	2693	5388
5	2834	2558	2756	5389
5	2694	2644	2511	5390
5	2694	2511	2542	5391
5	2786	2708	2515	5392
5	2835	2636	2536	5393
5	2802	2513	2635	5394
5	2709	2540	2370	5395
5	2697	2694	2542	5396
5	2697	2542	2559	5397
5	2843	2711	2842	5398
5	2874	2698	2836	5399
5	2812	2417	2666	5400
5	2838	2702	2561	5401
5	2700	2687	2545	5402
5	2700	2545	2569	5403
5	2830	2686	2687	5404
5	2907	2810	2830	5405
5	2838	2561	2701	5406
5	2703	2437	2552	5407
5	3023	2969	2896	5408
5	2714	2553	2390	5409
5	3186	2940	3058	5410
5	2772	2704	2510	5411
5	2923	2658	2534	5412
5	2705	2535	2432	5413
5	2710	2565	2541	5414
5	2721	2565	2710	5415
5	3008	2981	2840	5416
5	2726	2590	2589	5417
5	2862	2736	2861	5418
5	2754	2625	2566	5419
5	2787	2655	2642	5420
5	2850	2723	2540	5421
5	2831	2657	2798	5422
5	2814	2656	2688	5423
5	2849	2789	2721	5424
5	2713	2665	2507	5425
5	2843	2712	2711	5426
5	2922	2790	2920	5427
5	2999	2876	2875	5428
5	2925	2765	2895	5429
5	2839	2553	2714	5430
5	2846	2576	2703	5431
5	2774	2535	2705	5432
5	2772	2510	2675	5433
5	2816	2771	2659	5434
5	3014	2786	2897	5435
5	2717	2669	2580	5436
5	2717	2580	2579	5437
5	2718	2680	2581	5438
5	2718	2581	2582	5439
5	2719	2718	2582	5440
5	2719	2582	2574	5441
5	2874	2749	2698	5442
5	2857	2733	2778	5443
5	3127	3003	3002	5444
5	2877	2751	2748	5445
5	2722	2670	2586	5446
5	2722	2586	2585	5447
5	2924	2787	2767	5448
5	2802	2677	2513	5449
5	2725	2529	2591	5450
5	2828	2794	2682	5451
5	2727	2590	2726	5452
5	2863	2737	2862	5453
5	2727	2591	2590	5454
5	2879	2752	2878	5455
5	2881	2754	2693	5456
5	2740	2604	2739	5457
5	3052	2895	3041	5458
5	2799	2638	2641	5459
5	3140	3050	3055	5460
5	2889	2762	2887	5461
5	2732	2595	2731	5462
5	2732	2596	2595	5463
5	2732	2730	2596	5464
5	2942	2913	2780	5465
5	2888	2792	2757	5466
5	3010	2886	2885	5467
5	2734	2597	2599	5468
5	2734	2662	2597	5469
5	2826	2680	2718	5470
5	2822	2671	2665	5471
5	2913	2821	2780	5472
5	3117	2992	3116	5473
5	2828	2689	2795	5474
5	2852	2727	2726	5475
5	2882	2756	2754	5476
5	2742	2606	2741	5477
5	2928	2883	2755	5478
5	2861	2736	2735	5479
5	2871	2746	2745	5480
5	2863	2738	2737	5481
5	2862	2737	2736	5482
5	2865	2739	2864	5483
5	2864	2739	2738	5484
5	2748	2613	2612	5485
5	2873	2748	2747	5486
5	2868	2742	2867	5487
5	2865	2740	2739	5488
5	2869	2743	2868	5489
5	2866	2741	2740	5490
5	2872	2746	2871	5491
5	2880	2775	2679	5492
5	2747	2611	2746	5493
5	2867	2742	2741	5494
5	2868	2743	2742	5495
5	2877	2748	2873	5496
5	2869	2744	2743	5497
5	2880	2679	2753	5498
5	2870	2745	2744	5499
5	2836	2690	2781	5500
5	2842	2711	2673	5501
5	2970	2843	2842	5502
5	3002	2877	3001	5503
5	2878	2752	2751	5504
5	2872	2747	2746	5505
5	2879	2753	2752	5506
5	3545	3387	3529	5507
5	2798	2672	2788	5508
5	2849	2710	2841	5509
5	2864	2738	2863	5510
5	2797	2624	2708	5511
5	2861	2735	2859	5512
5	2755	2692	2623	5513
5	2774	2716	2535	5514
5	2929	2675	2834	5515
5	2757	2649	2530	5516
5	2757	2530	2531	5517
5	2930	2768	2776	5518
5	3011	2887	2886	5519
5	2760	2630	2629	5520
5	2762	2631	2761	5521
5	2886	2760	2885	5522
5	2885	2759	2800	5523
5	2886	2761	2760	5524
5	2942	2780	2766	5525
5	2884	2676	2769	5526
5	2887	2762	2761	5527
5	2769	2676	2649	5528
5	2911	2805	2823	5529
5	2888	2757	2764	5530
5	2887	2761	2886	5531
5	2765	2731	2729	5532
5	2854	2728	2853	5533
5	3026	2939	3021	5534
5	2952	2807	2891	5535
5	3070	2961	2847	5536
5	2787	2642	2767	5537
5	2784	2694	2697	5538
5	2768	2697	2640	5539
5	2776	2640	2645	5540
5	3079	2933	3074	5541
5	2818	2648	2551	5542
5	3076	2770	2936	5543
5	3156	3060	2953	5544
5	2771	2661	2550	5545
5	2937	2708	2786	5546
5	2786	2515	2667	5547
5	3028	2936	2771	5548
5	2773	2703	2552	5549
5	2785	2674	2577	5550
5	2785	2667	2674	5551
5	2775	2706	2679	5552
5	2880	2753	2879	5553
5	3029	3012	3013	5554
5	3169	3082	3143	5555
5	2845	2665	2713	5556
5	2824	2671	2822	5557
5	2844	2712	2843	5558
5	2960	2920	2777	5559
5	3037	3024	2918	5560
5	2935	2779	2700	5561
5	3207	3074	3204	5562
5	3233	3067	3201	5563
5	2814	2782	2656	5564
5	2998	2874	2921	5565
5	2782	2781	2691	5566
5	2782	2691	2656	5567
5	3047	3008	2883	5568
5	3170	3081	3169	5569
5	2945	2768	2930	5570
5	2913	2905	2821	5571
5	3031	2785	2946	5572
5	2894	2774	2704	5573
5	3032	2834	3006	5574
5	2897	2786	2667	5575
5	2966	2635	2833	5576
5	2850	2540	2709	5577
5	2973	2845	2844	5578
5	2971	2957	2822	5579
5	2789	2788	2681	5580
5	2789	2681	2721	5581
5	2790	2778	2647	5582
5	2790	2647	2663	5583
5	2808	2428	2791	5584
5	2808	2516	2428	5585
5	2792	2769	2649	5586
5	2792	2649	2757	5587
5	2793	2726	2724	5588
5	2820	2717	2783	5589
5	2794	2793	2724	5590
5	2794	2724	2682	5591
5	2828	2682	2689	5592
5	3372	3258	3270	5593
5	2845	2713	2844	5594
5	2847	2809	2719	5595
5	2834	2675	2558	5596
5	2894	2704	2772	5597
5	3127	3002	3126	5598
5	2950	2788	2900	5599
5	3009	2885	2800	5600
5	3009	2800	2952	5601
5	3158	3021	3053	5602
5	2932	2901	2792	5603
5	2835	2536	2695	5604
5	3160	2637	2801	5605
5	2813	2564	2696	5606
5	2848	2720	2796	5607
5	2816	2659	2683	5608
5	2808	2683	2516	5609
5	2804	2799	2641	5610
5	2804	2641	2730	5611
5	2805	2776	2645	5612
5	2805	2645	2668	5613
5	2806	2783	2643	5614
5	2806	2643	2670	5615
5	2807	2800	2646	5616
5	2807	2646	2638	5617
5	2936	2661	2771	5618
5	3174	2929	3032	5619
5	2813	2709	2564	5620
5	2824	2664	2671	5621
5	2829	2684	2811	5622
5	2811	2684	2685	5623
5	2830	2687	2779	5624
5	2825	2503	2634	5625
5	2817	2660	2549	5626
5	2812	2699	2417	5627
5	2832	2655	2787	5628
5	2954	2709	2813	5629
5	2916	2836	2781	5630
5	2999	2875	2998	5631
5	2918	2695	2803	5632
5	2904	2818	2678	5633
5	2909	2791	2651	5634
5	2918	2835	2695	5635
5	3097	2968	2908	5636
5	2819	2660	2817	5637
5	2907	2830	2906	5638
5	3065	2801	2940	5639
5	2819	2701	2548	5640
5	2819	2548	2660	5641
5	2820	2795	2669	5642
5	2820	2669	2717	5643
5	2821	2806	2670	5644
5	2821	2670	2722	5645
5	2827	2664	2824	5646
5	2826	2718	2809	5647
5	2823	2805	2668	5648
5	2823	2668	2758	5649
5	2974	2827	2958	5650
5	2920	2790	2777	5651
5	2959	2829	2811	5652
5	2935	2700	2770	5653
5	3092	3016	2971	5654
5	2826	2777	2680	5655
5	2914	2857	2778	5656
5	2962	2696	2848	5657
5	2919	2820	2899	5658
5	2982	2851	2860	5659
5	3058	2940	2818	5660
5	2829	2634	2684	5661
5	2830	2810	2652	5662
5	2830	2652	2686	5663
5	2831	2814	2688	5664
5	2831	2688	2657	5665
5	2833	2526	2639	5666
5	2833	2635	2526	5667
5	2903	2677	2802	5668
5	3166	3086	2961	5669
5	2859	2707	2840	5670
5	2859	2735	2707	5671
5	2967	2835	2918	5672
5	2967	2636	2835	5673
5	2876	2842	2673	5674
5	2844	2713	2712	5675
5	2837	2811	2653	5676
5	2837	2653	2702	5677
5	3063	2773	2915	5678
5	2968	2819	2908	5679
5	2896	2846	2703	5680
5	2896	2703	2773	5681
5	2866	2740	2865	5682
5	2867	2741	2866	5683
5	2849	2721	2710	5684
5	2841	2710	2706	5685
5	2875	2749	2874	5686
5	2916	2781	2892	5687
5	3101	3051	2972	5688
5	2895	2765	2854	5689
5	2921	2874	2836	5690
5	2957	2824	2822	5691
5	2978	2854	2853	5692
5	3038	2979	2914	5693
5	2846	2839	2714	5694
5	2846	2714	2576	5695
5	2958	2824	2957	5696
5	2961	2960	2826	5697
5	2977	2787	2924	5698
5	3147	2954	3093	5699
5	3148	3080	3141	5700
5	3191	3064	3167	5701
5	3045	2850	2954	5702
5	2924	2723	2850	5703
5	2881	2693	2851	5704
5	3046	2923	2716	5705
5	2860	2727	2852	5706
5	2860	2725	2727	5707
5	2858	2734	2857	5708
5	3068	2998	2921	5709
5	2951	2891	2799	5710
5	2926	2804	2855	5711
5	2855	2804	2730	5712
5	2855	2730	2732	5713
5	2856	2855	2732	5714
5	2856	2732	2731	5715
5	2858	2662	2734	5716
5	2858	2853	2662	5717
5	2958	2827	2824	5718
5	2922	2778	2790	5719
5	2981	2859	2840	5720
5	3047	2883	2928	5721
5	2989	2864	2988	5722
5	2860	2851	2725	5723
5	3005	2881	2851	5724
5	2986	2793	2927	5725
5	2984	2860	2852	5726
5	2919	2795	2820	5727
5	3019	2919	3018	5728
5	2939	2805	2911	5729
5	2983	2861	2859	5730
5	2870	2744	2869	5731
5	2985	2862	2861	5732
5	2992	2867	2991	5733
5	2987	2863	2862	5734
5	2988	2864	2863	5735
5	2996	2872	2871	5736
5	2989	2865	2864	5737
5	2993	2868	2992	5738
5	2990	2866	2865	5739
5	2994	2869	2993	5740
5	2991	2867	2866	5741
5	3004	2879	3003	5742
5	2873	2747	2872	5743
5	2992	2868	2867	5744
5	3003	2879	2878	5745
5	2995	2870	2994	5746
5	2993	2869	2868	5747
5	2994	2870	2869	5748
5	3257	3172	3242	5749
5	2875	2750	2749	5750
5	2876	2750	2875	5751
5	2973	2971	2845	5752
5	2955	2831	2943	5753
5	3256	3154	3226	5754
5	3001	2873	2997	5755
5	2995	2871	2870	5756
5	2997	2873	2872	5757
5	3373	3260	3297	5758
5	3002	2878	2877	5759
5	3004	2880	2879	5760
5	3001	2877	2873	5761
5	3043	2893	3020	5762
5	3244	3242	3124	5763
5	2996	2871	2995	5764
5	3174	3072	2929	5765
5	2883	2692	2755	5766
5	2983	2859	2981	5767
5	2928	2755	2797	5768
5	2990	2865	2989	5769
5	2884	2823	2758	5770
5	2884	2758	2676	5771
5	2931	2889	2887	5772
5	3135	3034	3011	5773
5	3122	2998	3068	5774
5	3041	2895	2978	5775
5	3000	2970	2842	5776
5	2952	2800	2807	5777
5	2890	2763	2889	5778
5	2890	2888	2764	5779
5	2890	2764	2763	5780
5	3026	2930	2939	5781
5	3152	3056	3073	5782
5	3307	3193	3258	5783
5	2891	2807	2799	5784
5	3135	3010	3134	5785
5	2948	2892	2782	5786
5	2948	2782	2814	5787
5	2893	2841	2775	5788
5	3003	2878	3002	5789
5	2923	2534	2716	5790
5	2897	2667	2785	5791
5	2902	2855	2856	5792
5	2926	2855	2902	5793
5	2956	2699	2812	5794
5	3063	2896	2773	5795
5	2988	2863	2987	5796
5	3183	3162	2947	5797
5	2898	2893	2775	5798
5	2898	2775	2880	5799
5	2899	2820	2783	5800
5	2905	2806	2821	5801
5	2976	2849	2975	5802
5	2976	2900	2789	5803
5	3258	3193	3205	5804
5	3013	2889	2931	5805
5	3154	3041	3062	5806
5	3057	2925	3052	5807
5	2960	2777	2826	5808
5	2903	2847	2677	5809
5	3182	2906	3027	5810
5	3156	2953	3035	5811
5	2944	2806	2905	5812
5	2944	2783	2806	5813
5	3098	2968	3097	5814
5	2908	2819	2817	5815
5	2941	2811	2837	5816
5	3017	2810	2907	5817
5	2968	2701	2819	5818
5	2968	2838	2701	5819
5	3028	2771	2816	5820
5	3076	2935	2770	5821
5	2910	2909	2651	5822
5	2910	2651	2815	5823
5	2934	2884	2912	5824
5	2934	2823	2884	5825
5	2934	2911	2823	5826
5	3061	2945	2930	5827
5	3030	2913	2942	5828
5	3292	3132	3168	5829
5	3100	2922	3099	5830
5	2979	2857	2914	5831
5	3063	3023	2896	5832
5	2915	2773	2654	5833
5	3103	2975	3043	5834
5	3080	2950	3025	5835
5	2917	2812	2666	5836
5	2917	2666	2839	5837
5	3037	2918	2803	5838
5	3162	3046	2947	5839
5	2927	2793	2794	5840
5	3019	2963	2919	5841
5	3092	2971	2973	5842
5	2922	2914	2778	5843
5	3243	3122	3157	5844
5	3064	2916	2892	5845
5	2998	2875	2874	5846
5	2972	2843	2970	5847
5	2923	2910	2815	5848
5	2923	2815	2658	5849
5	3099	2920	3091	5850
5	2965	2833	2832	5851
5	2925	2902	2856	5852
5	2925	2856	2765	5853
5	3052	2925	2895	5854
5	2951	2804	2926	5855
5	3151	2937	3014	5856
5	3178	3030	3144	5857
5	3006	2756	2882	5858
5	3014	2937	2786	5859
5	3072	2894	2772	5860
5	2929	2772	2675	5861
5	2933	2766	2784	5862
5	2942	2766	2933	5863
5	2932	2792	2888	5864
5	3053	2911	2934	5865
5	3075	3053	2934	5866
5	3073	3012	3029	5867
5	3467	3356	3466	5868
5	3056	2901	2932	5869
5	3390	3258	3372	5870
5	3053	3021	2911	5871
5	3159	2935	3076	5872
5	2936	2770	2661	5873
5	2940	2648	2818	5874
5	2964	2634	2829	5875
5	3077	2797	2937	5876
5	2937	2797	2708	5877
5	3017	2915	2810	5878
5	3181	3017	2907	5879
5	2939	2930	2776	5880
5	2939	2776	2805	5881
5	3160	2801	3065	5882
5	3058	2818	2904	5883
5	3181	2907	3078	5884
5	2959	2811	2941	5885
5	3135	3011	3010	5886
5	3030	3015	2913	5887
5	3064	2892	3044	5888
5	3260	3141	3149	5889
5	3115	2990	3114	5890
5	2944	2899	2783	5891
5	2945	2933	2784	5892
5	2945	2784	2768	5893
5	3083	2923	3046	5894
5	2947	2716	2774	5895
5	3196	3136	2946	5896
5	3096	2946	2715	5897
5	3172	3051	3101	5898
5	3323	3191	3167	5899
5	2949	2927	2794	5900
5	2949	2794	2828	5901
5	2950	2943	2798	5902
5	2950	2798	2788	5903
5	3374	3261	3315	5904
5	3057	2902	2925	5905
5	3011	2886	3010	5906
5	3010	2885	3009	5907
5	2953	2816	2683	5908
5	2953	2683	2808	5909
5	3093	2813	2962	5910
5	2954	2850	2709	5911
5	2955	2948	2814	5912
5	2955	2814	2831	5913
5	2956	2908	2817	5914
5	2956	2817	2699	5915
5	2973	2844	2972	5916
5	3055	2891	2951	5917
5	2961	2809	2847	5918
5	3102	2958	3090	5919
5	3078	2907	2906	5920
5	3089	2964	2829	5921
5	3087	2962	2848	5922
5	3070	2847	2903	5923
5	2961	2826	2809	5924
5	3286	3173	3263	5925
5	3244	3124	3123	5926
5	2962	2813	2696	5927
5	2963	2949	2828	5928
5	2963	2828	2795	5929
5	3281	3037	3142	5930
5	2964	2825	2634	5931
5	3039	2903	2802	5932
5	3166	2961	3070	5933
5	2966	2833	2965	5934
5	3039	2802	2966	5935
5	3096	2715	2967	5936
5	2967	2715	2578	5937
5	3022	2908	2956	5938
5	3098	2938	2838	5939
5	2969	2917	2839	5940
5	2969	2839	2846	5941
5	2971	2822	2845	5942
5	3090	2958	2957	5943
5	2972	2844	2843	5944
5	3016	2957	2971	5945
5	3091	2960	3086	5946
5	2980	2978	2853	5947
5	2974	2796	2827	5948
5	2974	2848	2796	5949
5	3062	3041	2978	5950
5	3095	3039	2966	5951
5	2976	2789	2849	5952
5	2975	2849	2841	5953
5	3044	2892	2948	5954
5	3103	3033	2976	5955
5	2977	2965	2832	5956
5	2977	2832	2787	5957
5	2980	2858	2979	5958
5	3086	2960	2961	5959
5	2980	2853	2858	5960
5	2979	2858	2857	5961
5	3100	2914	2922	5962
5	3248	3179	3128	5963
5	2985	2861	2983	5964
5	2987	2862	2985	5965
5	3005	2851	2982	5966
5	3007	2881	3005	5967
5	3168	3008	3047	5968
5	2991	2866	2990	5969
5	3129	3005	2982	5970
5	2984	2982	2860	5971
5	3106	2982	2984	5972
5	2997	2872	2996	5973
5	3110	2986	2927	5974
5	2986	2984	2852	5975
5	3018	2919	2899	5976
5	3082	2905	3015	5977
5	3229	3108	3110	5978
5	3331	3204	3259	5979
5	3067	2949	2963	5980
5	3251	3129	3249	5981
5	3109	2987	2985	5982
5	3111	2988	2987	5983
5	3118	2993	3117	5984
5	3113	2989	2988	5985
5	3119	2994	3118	5986
5	3126	3002	3001	5987
5	3114	2990	2989	5988
5	3120	2995	3119	5989
5	3115	2991	2990	5990
5	3128	3004	3003	5991
5	3116	2992	2991	5992
5	3128	3003	3127	5993
5	3117	2993	2992	5994
5	3121	2996	3120	5995
5	3118	2994	2993	5996
5	3128	3048	3004	5997
5	3000	2842	2876	5998
5	3000	2876	2999	5999
5	3241	3121	3120	6000
5	3428	3373	3297	6001
5	3122	2999	2998	6002
5	3062	2978	2980	6003
5	3119	2995	2994	6004
5	3246	3125	3245	6005
5	3121	2997	2996	6006
5	3245	3121	3241	6007
5	3263	3173	3179	6008
5	3120	2996	2995	6009
5	3321	3225	3276	6010
5	3161	3044	3084	6011
5	3132	3105	2981	6012
5	3444	3442	3324	6013
5	3008	2840	2883	6014
5	3175	3006	3130	6015
5	3264	3014	2897	6016
5	3007	2882	2881	6017
5	3109	2985	3107	6018
5	3105	2983	2981	6019
5	3177	3052	3163	6020
5	3254	3133	3253	6021
5	3253	3133	3050	6022
5	3163	3052	3041	6023
5	3054	2931	3034	6024
5	3054	3013	2931	6025
5	3012	2932	2888	6026
5	3012	2888	2890	6027
5	3013	3012	2890	6028
5	3013	2890	2889	6029
5	3130	3006	2882	6030
5	3032	2929	2834	6031
5	3185	3029	3054	6032
5	3180	3137	3026	6033
5	3104	3062	2980	6034
5	3050	2952	2891	6035
5	3036	2956	2812	6036
5	3059	2941	2837	6037
5	3112	2949	3067	6038
5	3112	2927	2949	6039
5	3108	2984	2986	6040
5	3067	2963	3019	6041
5	3247	3127	3126	6042
5	3125	3001	2997	6043
5	3021	2939	2911	6044
5	3075	2912	2901	6045
5	3098	2838	2968	6046
5	3097	2908	3022	6047
5	3036	2812	2917	6048
5	3036	3022	2956	6049
5	3096	2967	3024	6050
5	3024	2967	2918	6051
5	3025	2950	2900	6052
5	3043	2975	2893	6053
5	3200	3018	3170	6054
5	3350	3347	3231	6055
5	3265	3197	3017	6056
5	3266	3078	3182	6057
5	3094	2904	2825	6058
5	3089	2829	2959	6059
5	3034	2931	3011	6060
5	3134	3010	3009	6061
5	3074	2945	3061	6062
5	3074	2933	2945	6063
5	3271	3060	3156	6064
5	3031	2897	2785	6065
5	3376	3309	3162	6066
5	3072	2772	2929	6067
5	3033	3025	2900	6068
5	3033	2900	2976	6069
5	3054	3029	3013	6070
5	3436	3312	3435	6071
5	3186	3065	2940	6072
5	3060	2816	2953	6073
5	3220	3098	3219	6074
5	3040	2969	3023	6075
5	3142	3037	2803	6076
5	3046	2716	2947	6077
5	3051	2973	2972	6078
5	3194	3055	3085	6079
5	3188	2962	3087	6080
5	3045	2924	2850	6081
5	3040	3036	2917	6082
5	3040	2917	2969	6083
5	3092	2973	3051	6084
5	3104	2979	3038	6085
5	3095	2965	3042	6086
5	3042	2965	2977	6087
5	3103	2976	2975	6088
5	3202	3157	3068	6089
5	3084	2955	3049	6090
5	3084	2948	2955	6091
5	3319	3192	3268	6092
5	3482	3372	3417	6093
5	3035	2791	2909	6094
5	3035	2808	2791	6095
5	3130	2882	3007	6096
5	3116	2991	3115	6097
5	3048	3020	2898	6098
5	3048	2898	3004	6099
5	3084	3044	2948	6100
5	3049	2955	2943	6101
5	3133	3009	2952	6102
5	3134	3009	3133	6103
5	3148	3049	3080	6104
5	3124	2970	3000	6105
5	3085	2951	2926	6106
5	3055	3050	2891	6107
5	3075	2934	2912	6108
5	3205	3056	3152	6109
5	3270	3205	3152	6110
5	3255	3176	3135	6111
5	3071	2902	3057	6112
5	3071	2926	2902	6113
5	3395	3316	3289	6114
5	3075	2901	3056	6115
5	3253	3050	3140	6116
5	3085	2926	3071	6117
5	3060	3028	2816	6118
5	3035	2953	2808	6119
5	3219	3097	3218	6120
5	3094	2825	2964	6121
5	3066	2909	2910	6122
5	3376	3162	3183	6123
5	3079	2942	2933	6124
5	3079	3030	2942	6125
5	3101	2972	2970	6126
5	3203	3057	3177	6127
5	3220	3059	2938	6128
5	3218	3097	3022	6129
5	3069	2916	3064	6130
5	3104	2980	2979	6131
5	3159	3027	2935	6132
5	3160	2803	2637	6133
5	3303	3065	3186	6134
5	3199	2909	3066	6135
5	3170	3018	3081	6136
5	3207	3079	3074	6137
5	3214	3051	3172	6138
5	3444	3322	3396	6139
5	3069	3068	2921	6140
5	3069	2921	2916	6141
5	3087	2848	2974	6142
5	3102	2974	2958	6143
5	3410	3268	3273	6144
5	3085	3055	2951	6145
5	3196	2946	3096	6146
5	3275	3028	3060	6147
5	3073	3056	2932	6148
5	3073	2932	3012	6149
5	3316	3144	3289	6150
5	3501	3379	3498	6151
5	3180	3026	3021	6152
5	3556	3446	3436	6153
5	3275	3139	3028	6154
5	3165	3058	2904	6155
5	3206	3047	2928	6156
5	3077	2928	2797	6157
5	3088	2959	2941	6158
5	3195	2941	3059	6159
5	3345	3228	3288	6160
5	3180	3021	3158	6161
5	3080	3049	2943	6162
5	3080	2943	2950	6163
5	3081	3018	2899	6164
5	3081	2899	2944	6165
5	3082	3081	2944	6166
5	3082	2944	2905	6167
5	3083	3066	2910	6168
5	3083	2910	2923	6169
5	3580	3374	3471	6170
5	3364	3246	3363	6171
5	3045	3042	2977	6172
5	3045	2977	2924	6173
5	3091	2920	2960	6174
5	3213	3090	3016	6175
5	3209	3038	3100	6176
5	3093	2954	2813	6177
5	3182	3078	2906	6178
5	3210	3089	2959	6179
5	3210	2959	3088	6180
5	3382	3088	3195	6181
5	3320	3215	3147	6182
5	3344	3224	3213	6183
5	3279	3086	3166	6184
5	3212	3091	3086	6185
5	3311	3167	3161	6186
5	3099	2922	2920	6187
5	3095	2966	2965	6188
5	3211	3087	2974	6189
5	3155	2964	3089	6190
5	3299	3037	3281	6191
5	3282	3221	3212	6192
5	3209	3164	3038	6193
5	3264	3031	3136	6194
5	3151	3077	2937	6195
5	3198	3138	3023	6196
5	3187	3022	3036	6197
5	3198	3023	3063	6198
5	3219	3098	3097	6199
5	3322	3203	3261	6200
5	3100	3038	2914	6201
5	3221	3099	3091	6202
5	3261	3203	3177	6203
5	3123	2999	3122	6204
5	3123	3000	2999	6205
5	3448	3334	3332	6206
5	3146	2903	3039	6207
5	3189	3033	3103	6208
5	3276	3225	3150	6209
5	3202	3068	3069	6210
5	3324	3194	3190	6211
5	3107	2985	2983	6212
5	3114	2989	3113	6213
5	3129	2982	3106	6214
5	3131	3005	3129	6215
5	3111	2987	3109	6216
5	3113	2988	3111	6217
5	3227	3106	3108	6218
5	3108	3106	2984	6219
5	3201	3019	3200	6220
5	3125	2997	3121	6221
5	3238	3117	3237	6222
5	3110	3108	2986	6223
5	3368	3249	3366	6224
5	3317	3180	3158	6225
5	3231	3110	3112	6226
5	3112	3110	2927	6227
5	3201	3067	3019	6228
5	3200	3019	3018	6229
5	3169	3081	3082	6230
5	3406	3346	3347	6231
5	3230	3109	3228	6232
5	3232	3113	3111	6233
5	3237	3116	3236	6234
5	3126	3001	3125	6235
5	3234	3114	3113	6236
5	3239	3118	3238	6237
5	3235	3115	3114	6238
5	3241	3120	3240	6239
5	3236	3116	3115	6240
5	3237	3117	3116	6241
5	3248	3127	3247	6242
5	3238	3118	3117	6243
5	3545	3521	3428	6244
5	3239	3119	3118	6245
5	3244	3123	3243	6246
5	3124	3000	3123	6247
5	3396	3261	3374	6248
5	3124	3101	2970	6249
5	3208	3049	3148	6250
5	3167	3044	3161	6251
5	3246	3126	3125	6252
5	3240	3120	3119	6253
5	3245	3125	3121	6254
5	3399	3311	3262	6255
5	3248	3128	3127	6256
5	3428	3321	3387	6257
5	3150	3043	3020	6258
5	3443	3311	3399	6259
5	3249	3129	3106	6260
5	3283	3151	3014	6261
5	3132	2981	3008	6262
5	3264	2897	3031	6263
5	3661	3548	3506	6264
5	3131	3007	3005	6265
5	3252	3171	3105	6266
5	3295	3130	3250	6267
5	3535	3413	3494	6268
5	3255	3135	3134	6269
5	3416	3293	3378	6270
5	3324	3190	3322	6271
5	3177	3057	3052	6272
5	3194	3085	3190	6273
5	3509	3309	3376	6274
5	3206	2928	3077	6275
5	3137	3061	3026	6276
5	3289	3144	3207	6277
5	3187	3036	3040	6278
5	3187	3040	3138	6279
5	3139	3076	2936	6280
5	3139	2936	3028	6281
5	3194	3140	3055	6282
5	3190	3085	3071	6283
5	3141	3080	3025	6284
5	3262	3161	3208	6285
5	3303	3281	3142	6286
5	3155	3094	2964	6287
5	3143	3082	3015	6288
5	3440	3317	3307	6289
5	3178	3015	3030	6290
5	3144	3030	3079	6291
5	3217	3046	3162	6292
5	3398	3159	3277	6293
5	3226	3104	3164	6294
5	3146	3070	2903	6295
5	3146	3039	3095	6296
5	3147	3045	2954	6297
5	3323	3167	3311	6298
5	3392	3300	3381	6299
5	3149	3141	3025	6300
5	3149	3025	3033	6301
5	3189	3149	3033	6302
5	3225	3043	3150	6303
5	3301	3206	3077	6304
5	3250	3130	3007	6305
5	3556	3436	3551	6306
5	3176	3034	3135	6307
5	3153	3152	3073	6308
5	3153	3073	3029	6309
5	3226	3062	3104	6310
5	3164	3104	3038	6311
5	3302	3094	3155	6312
5	3303	3142	3065	6313
5	3304	3199	3066	6314
5	3305	3156	3199	6315
5	3157	3122	3068	6316
5	3381	3300	3260	6317
5	3874	3769	3765	6318
5	3352	3233	3201	6319
5	3165	2904	3094	6320
5	3393	3266	3182	6321
5	3160	3065	3142	6322
5	3160	3142	2803	6323
5	3167	3064	3044	6324
5	3191	3069	3064	6325
5	3764	3430	3536	6326
5	3217	3083	3046	6327
5	3310	3163	3154	6328
5	3285	3214	3172	6329
5	3215	3042	3147	6330
5	3147	3042	3045	6331
5	3274	3058	3165	6332
5	3333	3155	3089	6333
5	3278	3087	3211	6334
5	3211	2974	3102	6335
5	3362	3245	3241	6336
5	3300	3141	3260	6337
5	3171	3107	3105	6338
5	3168	3132	3008	6339
5	3312	3143	3298	6340
5	3233	3112	3067	6341
5	3397	3259	3296	6342
5	3328	3200	3170	6343
5	3232	3111	3230	6344
5	3230	3111	3109	6345
5	3223	3213	3016	6346
5	3222	3100	3099	6347
5	3173	3150	3020	6348
5	3173	3020	3048	6349
5	3326	3136	3196	6350
5	3183	2947	2894	6351
5	3314	3174	3032	6352
5	3175	3032	3006	6353
5	3185	3153	3029	6354
5	3192	3034	3176	6355
5	3291	3226	3164	6356
5	3520	3396	3484	6357
5	3446	3313	3436	6358
5	3485	3380	3440	6359
5	3179	3173	3048	6360
5	3179	3048	3128	6361
5	3270	3258	3205	6362
5	3370	3253	3294	6363
5	3195	3088	2941	6364
5	3197	2915	3017	6365
5	3418	3275	3060	6366
5	3308	3027	3159	6367
5	3301	3077	3151	6368
5	3283	3014	3264	6369
5	3184	3183	2894	6370
5	3184	2894	3072	6371
5	3440	3307	3390	6372
5	3269	3152	3153	6373
5	3418	3060	3271	6374
5	3337	3145	3217	6375
5	3218	3022	3187	6376
5	3220	2938	3098	6377
5	3320	3093	3188	6378
5	3188	3093	2962	6379
5	3381	3260	3373	6380
5	3311	3161	3262	6381
5	3310	3154	3256	6382
5	3294	3140	3287	6383
5	3474	3364	3363	6384
5	3202	3069	3191	6385
5	3192	3185	3054	6386
5	3192	3054	3034	6387
5	3193	3158	3053	6388
5	3193	3053	3075	6389
5	3315	3177	3163	6390
5	3287	3140	3194	6391
5	3651	3393	3534	6392
5	3400	3078	3266	6393
5	3337	3217	3309	6394
5	3309	3217	3162	6395
5	3198	3063	3197	6396
5	3197	3063	2915	6397
5	3318	3210	3088	6398
5	3265	3017	3181	6399
5	3199	3156	3035	6400
5	3199	3035	2909	6401
5	3313	3170	3169	6402
5	3240	3119	3239	6403
5	3234	3113	3232	6404
5	3228	3109	3107	6405
5	3401	3257	3360	6406
5	3360	3242	3244	6407
5	3203	3190	3071	6408
5	3203	3071	3057	6409
5	3207	3144	3079	6410
5	3204	3074	3061	6411
5	3205	3193	3075	6412
5	3205	3075	3056	6413
5	3250	3007	3131	6414
5	3402	3330	3206	6415
5	3298	3143	3178	6416
5	3317	3158	3307	6417
5	3208	3161	3084	6418
5	3208	3084	3049	6419
5	3486	3411	3447	6420
5	3278	3188	3087	6421
5	3302	3165	3094	6422
5	3487	3266	3393	6423
5	3224	3102	3090	6424
5	3331	3289	3207	6425
5	3221	3091	3212	6426
5	3223	3092	3214	6427
5	3224	3090	3213	6428
5	3335	3102	3224	6429
5	3371	3254	3370	6430
5	3214	3092	3051	6431
5	3215	3146	3095	6432
5	3215	3095	3042	6433
5	3216	3196	3096	6434
5	3216	3096	3024	6435
5	3299	3024	3037	6436
5	3217	3145	3083	6437
5	3340	3059	3220	6438
5	3338	3198	3327	6439
5	3327	3198	3197	6440
5	3338	3138	3198	6441
5	3218	3187	3138	6442
5	3339	3220	3219	6443
5	3222	3099	3221	6444
5	3222	3209	3100	6445
5	3223	3016	3092	6446
5	3280	3243	3157	6447
5	3291	3256	3226	6448
5	3405	3282	3212	6449
5	3342	3221	3282	6450
5	3361	3243	3280	6451
5	3225	3189	3103	6452
5	3225	3103	3043	6453
5	3284	3164	3209	6454
5	3226	3154	3062	6455
5	3228	3107	3171	6456
5	3249	3106	3227	6457
5	3247	3126	3246	6458
5	3351	3232	3348	6459
5	3488	3389	3367	6460
5	3229	3227	3108	6461
5	3236	3115	3235	6462
5	3235	3114	3234	6463
5	3313	3169	3312	6464
5	3231	3229	3110	6465
5	3349	3200	3328	6466
5	3349	3201	3200	6467
5	3353	3234	3351	6468
5	3233	3231	3112	6469
5	3346	3227	3229	6470
5	3478	3366	3476	6471
5	3328	3170	3313	6472
5	3312	3169	3143	6473
5	3348	3232	3230	6474
5	3359	3241	3240	6475
5	3351	3234	3232	6476
5	3357	3238	3356	6477
5	3353	3235	3234	6478
5	3362	3241	3359	6479
5	3354	3236	3235	6480
5	3355	3237	3236	6481
5	3365	3247	3364	6482
5	3356	3238	3237	6483
5	3363	3245	3362	6484
5	3357	3239	3238	6485
5	3242	3172	3101	6486
5	3242	3101	3124	6487
5	3336	3223	3214	6488
5	3243	3123	3122	6489
5	3343	3223	3336	6490
5	3428	3297	3321	6491
5	3358	3240	3239	6492
5	3359	3240	3358	6493
5	3365	3290	3248	6494
5	3363	3246	3245	6495
5	3762	3632	3716	6496
5	3529	3420	3489	6497
5	3491	3385	3407	6498
5	3530	3381	3526	6499
5	3492	3479	3369	6500
5	3292	3252	3132	6501
5	3252	3105	3132	6502
5	3295	3175	3130	6503
5	3593	3388	3496	6504
5	3251	3131	3129	6505
5	3288	3228	3171	6506
5	3369	3288	3171	6507
5	3254	3134	3133	6508
5	3255	3134	3254	6509
5	3371	3255	3254	6510
5	3378	3319	3377	6511
5	3322	3190	3203	6512
5	3416	3269	3293	6513
5	3526	3373	3521	6514
5	3447	3323	3443	6515
5	3403	3279	3166	6516
5	3335	3211	3102	6517
5	3417	3270	3269	6518
5	3270	3152	3269	6519
5	3259	3204	3137	6520
5	3551	3436	3435	6521
5	3297	3260	3149	6522
5	3297	3149	3189	6523
5	3360	3257	3242	6524
5	3495	3386	3481	6525
5	3420	3286	3385	6526
5	3584	3474	3583	6527
5	3364	3247	3246	6528
5	3365	3248	3247	6529
5	3314	3032	3175	6530
5	3511	3409	3330	6531
5	3327	3197	3265	6532
5	3338	3219	3218	6533
5	3419	3139	3275	6534
5	3415	3318	3382	6535
5	3267	3184	3072	6536
5	3267	3072	3174	6537
5	3268	3192	3176	6538
5	3371	3273	3255	6539
5	3800	3705	3768	6540
5	3417	3269	3416	6541
5	3650	3501	3629	6542
5	3553	3440	3390	6543
5	3499	3391	3303	6544
5	3277	3076	3139	6545
5	3272	3262	3208	6546
5	3272	3208	3148	6547
5	3273	3268	3176	6548
5	3273	3176	3255	6549
5	3375	3136	3326	6550
5	3274	3186	3058	6551
5	3419	3275	3418	6552
5	3277	3159	3076	6553
5	3521	3373	3428	6554
5	3387	3321	3276	6555
5	3595	3505	3549	6556
5	3308	3182	3027	6557
5	3343	3213	3223	6558
5	3279	3212	3086	6559
5	3332	3146	3215	6560
5	3334	3070	3146	6561
5	3652	3539	3579	6562
5	3413	3272	3392	6563
5	3547	3274	3430	6564
5	3299	3216	3024	6565
5	3558	3448	3383	6566
5	3341	3209	3222	6567
5	3444	3324	3322	6568
5	3367	3250	3131	6569
5	3285	3172	3257	6570
5	3291	3164	3284	6571
5	3336	3214	3285	6572
5	3344	3213	3343	6573
5	3286	3276	3150	6574
5	3286	3150	3173	6575
5	3294	3253	3140	6576
5	3370	3254	3253	6577
5	3345	3230	3228	6578
5	3355	3236	3354	6579
5	3553	3390	3497	6580
5	3446	3328	3313	6581
5	3290	3263	3179	6582
5	3290	3179	3248	6583
5	3425	3257	3401	6584
5	3502	3425	3401	6585
5	3366	3249	3227	6586
5	3503	3292	3409	6587
5	3293	3269	3153	6588
5	3293	3153	3185	6589
5	3456	3344	3343	6590
5	3412	3256	3291	6591
5	3375	3264	3136	6592
5	3519	3437	3314	6593
5	3296	3259	3137	6594
5	3296	3137	3180	6595
5	3438	3256	3412	6596
5	3589	3481	3480	6597
5	3669	3497	3596	6598
5	3397	3296	3380	6599
5	3304	3066	3145	6600
5	3325	3196	3216	6601
5	3300	3272	3148	6602
5	3300	3148	3141	6603
5	3330	3047	3206	6604
5	3330	3168	3047	6605
5	3431	3304	3394	6606
5	3536	3302	3404	6607
5	3735	3656	3542	6608
5	3487	3415	3266	6609
5	3305	3271	3156	6610
5	3305	3199	3304	6611
5	3500	3281	3391	6612
5	3431	3305	3304	6613
5	3306	3280	3157	6614
5	3306	3157	3202	6615
5	3317	3296	3180	6616
5	3307	3158	3193	6617
5	3441	3210	3318	6618
5	3382	3195	3340	6619
5	3483	3325	3433	6620
5	3506	3431	3394	6621
5	3315	3261	3177	6622
5	3315	3163	3310	6623
5	3329	3202	3191	6624
5	3329	3191	3323	6625
5	3628	3533	3594	6626
5	3423	3331	3379	6627
5	3435	3298	3429	6628
5	3429	3316	3395	6629
5	3414	3184	3267	6630
5	3437	3174	3314	6631
5	3481	3370	3480	6632
5	3538	3386	3495	6633
5	3316	3298	3178	6634
5	3316	3178	3144	6635
5	3497	3372	3482	6636
5	3378	3293	3319	6637
5	3441	3333	3210	6638
5	3333	3089	3210	6639
5	3319	3293	3185	6640
5	3319	3185	3192	6641
5	3320	3147	3093	6642
5	3331	3207	3204	6643
5	3321	3297	3189	6644
5	3321	3189	3225	6645
5	3324	3287	3194	6646
5	3447	3411	3329	6647
5	3507	3454	3450	6648
5	3329	3306	3202	6649
5	3396	3322	3261	6650
5	3527	3447	3443	6651
5	3326	3196	3325	6652
5	3388	3301	3151	6653
5	3801	3711	3601	6654
5	3388	3151	3283	6655
5	3340	3195	3059	6656
5	3338	3218	3138	6657
5	3435	3312	3298	6658
5	3358	3239	3357	6659
5	3392	3272	3300	6660
5	3599	3563	3507	6661
5	3737	3633	3493	6662
5	3367	3131	3251	6663
5	3515	3279	3403	6664
5	3332	3215	3320	6665
5	3334	3146	3332	6666
5	3334	3166	3070	6667
5	3404	3155	3333	6668
5	3393	3182	3308	6669
5	3403	3166	3334	6670
5	3448	3403	3334	6671
5	3448	3332	3383	6672
5	3449	3211	3335	6673
5	3471	3315	3310	6674
5	3616	3405	3515	6675
5	3524	3506	3394	6676
5	3391	3281	3303	6677
5	3340	3220	3339	6678
5	3339	3219	3338	6679
5	3452	3327	3265	6680
5	3400	3265	3181	6681
5	3400	3181	3078	6682
5	3382	3318	3088	6683
5	3453	3424	3284	6684
5	3341	3284	3209	6685
5	3342	3341	3222	6686
5	3342	3222	3221	6687
5	3450	3336	3285	6688
5	3425	3285	3257	6689
5	3454	3343	3336	6690
5	3597	3513	3560	6691
5	3348	3230	3345	6692
5	3356	3237	3355	6693
5	3476	3366	3346	6694
5	3366	3227	3346	6695
5	3347	3346	3229	6696
5	3347	3229	3231	6697
5	3736	3592	3626	6698
5	3354	3235	3353	6699
5	3352	3201	3349	6700
5	3350	3231	3233	6701
5	3474	3363	3473	6702
5	3461	3458	3350	6703
5	3458	3347	3350	6704
5	3459	3351	3348	6705
5	3458	3406	3347	6706
5	3352	3350	3233	6707
5	3565	3384	3457	6708
5	3460	3352	3349	6709
5	3463	3328	3446	6710
5	3429	3298	3316	6711
5	3436	3313	3312	6712
5	3462	3351	3459	6713
5	3462	3353	3351	6714
5	3464	3354	3353	6715
5	3582	3473	3472	6716
5	3465	3355	3354	6717
5	3473	3362	3472	6718
5	3466	3356	3355	6719
5	3475	3364	3474	6720
5	3467	3357	3356	6721
5	3411	3306	3329	6722
5	3510	3401	3470	6723
5	3361	3360	3244	6724
5	3361	3244	3243	6725
5	3472	3359	3469	6726
5	3468	3358	3357	6727
5	3469	3359	3358	6728
5	3475	3408	3365	6729
5	3473	3363	3362	6730
5	3983	3911	3982	6731
5	3699	3606	3641	6732
5	3472	3362	3359	6733
5	3479	3457	3288	6734
5	3426	3252	3292	6735
5	3369	3171	3252	6736
5	3711	3492	3601	6737
5	3704	3488	3608	6738
5	3368	3251	3249	6739
5	3476	3346	3406	6740
5	3384	3348	3345	6741
5	3481	3386	3371	6742
5	3480	3370	3294	6743
5	3696	3544	3657	6744
5	3410	3273	3386	6745
5	3417	3372	3270	6746
5	3481	3371	3370	6747
5	3491	3407	3490	6748
5	3602	3490	3517	6749
5	3438	3310	3256	6750
5	3741	3522	3616	6751
5	3552	3414	3267	6752
5	3434	3337	3309	6753
5	3524	3394	3337	6754
5	3493	3376	3414	6755
5	3377	3319	3268	6756
5	3386	3273	3371	6757
5	3518	3442	3444	6758
5	3544	3442	3518	6759
5	3379	3331	3259	6760
5	3629	3498	3628	6761
5	3397	3379	3259	6762
5	3380	3296	3317	6763
5	3951	3855	3927	6764
5	3603	3521	3545	6765
5	3452	3339	3338	6766
5	3452	3265	3400	6767
5	3902	3706	3813	6768
5	3383	3188	3278	6769
5	3466	3355	3465	6770
5	3468	3357	3467	6771
5	3385	3286	3263	6772
5	3475	3365	3364	6773
5	3410	3377	3268	6774
5	3703	3594	3610	6775
5	3494	3413	3392	6776
5	3742	3659	3707	6777
5	3402	3301	3388	6778
5	3402	3206	3301	6779
5	3389	3295	3250	6780
5	3389	3250	3367	6781
5	3440	3380	3317	6782
5	3390	3307	3258	6783
5	3433	3216	3299	6784
5	3433	3325	3216	6785
5	3648	3530	3526	6786
5	3526	3381	3373	6787
5	3404	3302	3155	6788
5	3531	3404	3333	6789
5	3394	3304	3145	6790
5	3394	3145	3337	6791
5	3550	3429	3546	6792
5	3533	3380	3485	6793
5	3427	3294	3287	6794
5	3480	3294	3427	6795
5	3498	3379	3397	6796
5	3546	3395	3532	6797
5	3534	3393	3308	6798
5	3398	3308	3159	6799
5	3743	3728	3604	6800
5	3627	3490	3602	6801
5	3452	3340	3339	6802
5	3452	3338	3327	6803
5	3421	3306	3411	6804
5	3607	3518	3520	6805
5	3409	3292	3168	6806
5	3409	3168	3330	6807
5	3451	3342	3282	6808
5	3405	3212	3279	6809
5	3432	3305	3431	6810
5	3764	3547	3430	6811
5	3422	3335	3224	6812
5	3422	3224	3344	6813
5	3569	3459	3516	6814
5	3457	3345	3288	6815
5	3407	3385	3263	6816
5	3407	3263	3290	6817
5	3408	3407	3290	6818
5	3408	3290	3365	6819
5	3704	3600	3488	6820
5	3426	3369	3252	6821
5	4003	3938	3984	6822
5	3609	3528	3538	6823
5	3439	3361	3280	6824
5	3504	3439	3421	6825
5	3421	3280	3306	6826
5	3470	3360	3361	6827
5	3413	3399	3262	6828
5	3413	3262	3272	6829
5	3414	3376	3183	6830
5	3414	3183	3184	6831
5	3415	3382	3400	6832
5	3415	3400	3266	6833
5	3540	3416	3378	6834
5	3610	3594	3485	6835
5	3667	3551	3550	6836
5	3692	3623	3584	6837
5	3542	3277	3419	6838
5	3419	3277	3139	6839
5	3430	3165	3302	6840
5	3505	3419	3418	6841
5	3420	3387	3276	6842
5	3420	3276	3286	6843
5	3705	3605	3655	6844
5	3688	3543	3604	6845
5	3455	3341	3342	6846
5	3512	3403	3448	6847
5	3423	3395	3289	6848
5	3423	3289	3331	6849
5	3424	3412	3291	6850
5	3424	3291	3284	6851
5	3450	3285	3425	6852
5	3522	3451	3282	6853
5	3477	3367	3251	6854
5	3477	3251	3368	6855
5	3543	3411	3486	6856
5	3804	3721	3790	6857
5	3936	3817	3812	6858
5	3794	3692	3691	6859
5	3532	3423	3501	6860
5	3463	3349	3328	6861
5	3499	3303	3186	6862
5	3430	3274	3165	6863
5	3432	3271	3305	6864
5	3432	3418	3271	6865
5	3500	3299	3281	6866
5	3547	3499	3186	6867
5	3524	3337	3434	6868
5	3555	3375	3326	6869
5	3600	3523	3389	6870
5	3375	3283	3264	6871
5	3754	3628	3753	6872
5	3501	3423	3379	6873
5	3551	3435	3550	6874
5	3532	3395	3423	6875
5	3631	3402	3593	6876
5	3437	3267	3174	6877
5	3439	3280	3421	6878
5	3471	3310	3438	6879
5	3470	3361	3439	6880
5	3470	3401	3360	6881
5	3541	3417	3416	6882
5	3645	3528	3609	6883
5	3554	3318	3415	6884
5	3591	3531	3441	6885
5	3442	3427	3287	6886
5	3442	3287	3324	6887
5	3447	3329	3323	6888
5	3443	3323	3311	6889
5	3519	3314	3175	6890
5	3511	3330	3402	6891
5	3708	3615	3555	6892
5	3445	3326	3325	6893
5	3572	3446	3556	6894
5	3469	3358	3468	6895
5	3383	3332	3320	6896
5	3383	3320	3188	6897
5	3449	3278	3211	6898
5	3598	3561	3456	6899
5	3558	3278	3449	6900
5	3558	3383	3278	6901
5	3559	3450	3425	6902
5	3515	3403	3512	6903
5	3455	3342	3451	6904
5	3453	3284	3341	6905
5	3452	3400	3382	6906
5	3452	3382	3340	6907
5	3454	3336	3450	6908
5	3559	3425	3502	6909
5	3456	3343	3454	6910
5	3741	3616	3701	6911
5	3709	3561	3598	6912
5	3455	3453	3341	6913
5	3736	3707	3592	6914
5	3580	3471	3539	6915
5	3573	3464	3571	6916
5	3457	3384	3345	6917
5	3459	3348	3384	6918
5	3516	3459	3384	6919
5	3464	3353	3462	6920
5	3465	3354	3464	6921
5	3461	3352	3460	6922
5	3461	3350	3352	6923
5	3805	3755	3635	6924
5	3537	3476	3406	6925
5	3618	3537	3566	6926
5	3583	3473	3582	6927
5	3666	3516	3619	6928
5	3463	3460	3349	6929
5	3569	3462	3459	6930
5	3567	3461	3460	6931
5	3806	3608	3745	6932
5	3546	3429	3395	6933
5	3550	3435	3429	6934
5	3904	3711	3801	6935
5	3571	3464	3462	6936
5	3573	3465	3464	6937
5	3584	3517	3475	6938
5	3574	3466	3465	6939
5	3692	3583	3691	6940
5	3575	3467	3466	6941
5	3604	3543	3486	6942
5	3530	3392	3381	6943
5	3589	3480	3588	6944
5	3471	3374	3315	6945
5	3690	3582	3581	6946
5	3576	3468	3467	6947
5	3582	3472	3581	6948
5	3577	3469	3468	6949
5	3583	3474	3473	6950
5	3626	3489	3491	6951
5	3581	3472	3469	6952
5	3584	3475	3474	6953
5	3585	3368	3478	6954
5	3488	3367	3477	6955
5	3479	3288	3369	6956
5	3503	3426	3292	6957
5	3600	3389	3488	6958
5	3478	3368	3366	6959
5	3492	3369	3426	6960
5	3570	3460	3463	6961
5	3513	3412	3424	6962
5	3541	3416	3540	6963
5	3525	3378	3377	6964
5	3654	3540	3525	6965
5	3541	3482	3417	6966
5	3540	3378	3525	6967
5	3624	3445	3483	6968
5	3483	3445	3325	6969
5	3484	3396	3374	6970
5	3580	3484	3374	6971
5	3753	3594	3703	6972
5	3768	3655	3654	6973
5	3766	3687	3652	6974
5	3527	3486	3447	6975
5	3542	3398	3277	6976
5	3554	3441	3318	6977
5	3519	3175	3295	6978
5	3555	3326	3445	6979
5	3489	3420	3385	6980
5	3788	3686	3653	6981
5	3491	3489	3385	6982
5	3490	3407	3408	6983
5	3626	3592	3489	6984
5	3934	3836	3897	6985
5	3608	3477	3585	6986
5	3586	3476	3537	6987
5	3509	3434	3309	6988
5	3509	3376	3493	6989
5	3508	3443	3399	6990
5	3527	3443	3508	6991
5	3589	3495	3481	6992
5	3588	3427	3544	6993
5	3496	3388	3283	6994
5	3496	3283	3375	6995
5	3553	3485	3440	6996
5	3497	3390	3372	6997
5	3747	3610	3669	6998
5	3660	3532	3650	6999
5	3548	3432	3431	7000
5	3549	3432	3548	7001
5	3514	3299	3500	7002
5	3514	3433	3299	7003
5	3610	3485	3553	7004
5	3747	3703	3610	7005
5	3578	3439	3504	7006
5	3612	3507	3559	7007
5	4010	3835	3944	7008
5	3585	3477	3368	7009
5	3578	3470	3439	7010
5	3510	3502	3401	7011
5	3531	3333	3441	7012
5	3534	3308	3398	7013
5	3549	3505	3418	7014
5	3548	3431	3506	7015
5	3563	3456	3454	7016
5	3579	3412	3513	7017
5	3648	3526	3646	7018
5	3898	3808	3868	7019
5	3633	3509	3493	7020
5	3643	3524	3434	7021
5	3539	3471	3438	7022
5	3564	3455	3451	7023
5	3608	3488	3477	7024
5	3805	3635	3733	7025
5	3616	3522	3405	7026
5	3515	3405	3279	7027
5	3716	3606	3699	7028
5	3653	3578	3504	7029
5	3644	3506	3524	7030
5	3590	3483	3433	7031
5	3563	3454	3507	7032
5	3522	3282	3405	7033
5	3574	3465	3573	7034
5	3572	3463	3446	7035
5	3517	3490	3408	7036
5	3517	3408	3475	7037
5	3544	3427	3442	7038
5	3588	3480	3427	7039
5	3640	3437	3519	7040
5	3552	3267	3437	7041
5	3520	3518	3444	7042
5	3520	3444	3396	7043
5	3530	3494	3392	7044
5	3808	3715	3762	7045
5	3557	3335	3422	7046
5	3642	3422	3561	7047
5	3523	3519	3295	7048
5	3523	3295	3389	7049
5	3644	3524	3643	7050
5	3590	3433	3514	7051
5	3799	3696	3717	7052
5	3654	3525	3645	7053
5	4029	3898	4020	7054
5	3817	3752	3718	7055
5	3657	3518	3607	7056
5	3767	3645	3761	7057
5	3528	3525	3377	7058
5	3528	3377	3410	7059
5	3545	3428	3387	7060
5	3529	3387	3420	7061
5	3659	3529	3592	7062
5	3606	3535	3494	7063
5	3649	3404	3531	7064
5	3536	3430	3302	7065
5	3655	3541	3540	7066
5	3628	3498	3533	7067
5	3533	3498	3397	7068
5	3533	3397	3380	7069
5	3554	3415	3487	7070
5	3670	3554	3487	7071
5	3535	3508	3399	7072
5	3535	3399	3413	7073
5	3649	3536	3404	7074
5	3547	3186	3274	7075
5	3621	3479	3492	7076
5	3587	3565	3457	7077
5	3538	3528	3410	7078
5	3538	3410	3386	7079
5	3696	3588	3544	7080
5	3638	3513	3597	7081
5	3719	3605	3705	7082
5	3645	3525	3528	7083
5	3869	3754	3864	7084
5	3655	3605	3541	7085
5	3651	3487	3393	7086
5	3656	3398	3542	7087
5	3543	3504	3421	7088
5	3543	3421	3411	7089
5	4118	4026	4045	7090
5	3854	3743	3847	7091
5	3646	3521	3603	7092
5	3715	3625	3647	7093
5	3665	3550	3546	7094
5	3629	3501	3498	7095
5	3723	3651	3656	7096
5	3549	3418	3432	7097
5	3671	3445	3624	7098
5	3724	3639	3662	7099
5	3749	3624	3483	7100
5	3842	3771	3664	7101
5	3667	3550	3665	7102
5	3694	3537	3618	7103
5	3665	3546	3660	7104
5	3650	3532	3501	7105
5	3613	3493	3414	7106
5	3593	3402	3388	7107
5	3655	3540	3654	7108
5	3769	3660	3650	7109
5	3649	3531	3591	7110
5	3591	3441	3554	7111
5	3634	3434	3509	7112
5	3708	3555	3671	7113
5	3780	3727	3622	7114
5	3905	3731	3826	7115
5	3672	3449	3557	7116
5	3557	3449	3335	7117
5	3672	3558	3449	7118
5	3558	3512	3448	7119
5	3673	3597	3560	7120
5	3559	3507	3450	7121
5	3560	3513	3424	7122
5	3560	3424	3453	7123
5	3561	3422	3344	7124
5	3561	3344	3456	7125
5	3562	3560	3453	7126
5	3562	3453	3455	7127
5	3598	3456	3563	7128
5	3675	3562	3564	7129
5	3702	3653	3688	7130
5	3564	3562	3455	7131
5	3568	3461	3567	7132
5	3565	3516	3384	7133
5	3566	3537	3406	7134
5	3566	3406	3458	7135
5	3568	3458	3461	7136
5	3568	3566	3458	7137
5	3581	3469	3577	7138
5	4076	3991	3925	7139
5	3571	3462	3569	7140
5	3577	3468	3576	7141
5	3679	3571	3622	7142
5	3570	3567	3460	7143
5	3576	3467	3575	7144
5	3575	3466	3574	7145
5	3677	3620	3567	7146
5	3572	3570	3463	7147
5	3620	3568	3567	7148
5	3676	3568	3620	7149
5	3826	3731	3692	7150
5	3676	3618	3566	7151
5	3681	3573	3679	7152
5	3689	3577	3685	7153
5	3679	3573	3571	7154
5	3681	3574	3573	7155
5	3691	3582	3690	7156
5	3683	3575	3574	7157
5	3612	3599	3507	7158
5	3578	3510	3470	7159
5	3579	3539	3438	7160
5	3579	3438	3412	7161
5	4110	4019	4075	7162
5	3730	3609	3614	7163
5	3812	3718	3732	7164
5	3684	3576	3575	7165
5	3690	3581	3689	7166
5	3685	3577	3576	7167
5	3846	3732	3731	7168
5	3691	3583	3582	7169
5	4063	3981	3987	7170
5	3732	3623	3731	7171
5	3587	3457	3479	7172
5	3750	3668	3523	7173
5	3711	3621	3492	7174
5	3586	3478	3476	7175
5	3700	3587	3621	7176
5	3695	3619	3565	7177
5	4034	3924	4003	7178
5	3658	3614	3495	7179
5	3625	3604	3486	7180
5	3732	3602	3623	7181
5	3726	3595	3663	7182
5	3671	3555	3445	7183
5	3735	3542	3419	7184
5	3735	3419	3505	7185
5	3592	3529	3489	7186
5	3936	3812	3935	7187
5	3850	3633	3737	7188
5	3901	3805	3733	7189
5	3594	3533	3485	7190
5	3765	3629	3754	7191
5	3663	3548	3661	7192
5	3661	3506	3644	7193
5	3596	3497	3482	7194
5	3820	3719	3705	7195
5	3790	3687	3766	7196
5	3638	3579	3513	7197
5	3740	3675	3564	7198
5	3675	3673	3562	7199
5	4064	3999	4030	7200
5	3740	3564	3674	7201
5	3750	3523	3600	7202
5	3613	3414	3552	7203
5	3601	3492	3426	7204
5	3601	3426	3503	7205
5	3689	3581	3577	7206
5	3692	3584	3583	7207
5	3836	3742	3802	7208
5	3710	3646	3603	7209
5	3763	3646	3710	7210
5	3817	3718	3812	7211
5	3605	3596	3482	7212
5	3605	3482	3541	7213
5	3625	3486	3527	7214
5	3632	3535	3606	7215
5	3687	3539	3652	7216
5	3762	3647	3632	7217
5	3745	3585	3693	7218
5	3621	3587	3479	7219
5	3790	3721	3617	7220
5	3657	3544	3518	7221
5	3875	3769	3874	7222
5	3747	3669	3713	7223
5	3611	3607	3520	7224
5	3611	3520	3484	7225
5	3788	3653	3702	7226
5	3673	3560	3562	7227
5	3615	3375	3555	7228
5	3749	3483	3590	7229
5	3614	3609	3538	7230
5	3614	3538	3495	7231
5	3816	3671	3751	7232
5	3615	3496	3375	7233
5	3672	3512	3558	7234
5	3741	3674	3522	7235
5	3617	3611	3484	7236
5	3617	3484	3580	7237
5	3622	3571	3569	7238
5	3619	3516	3565	7239
5	3660	3546	3532	7240
5	3676	3566	3568	7241
5	3682	3551	3667	7242
5	3680	3572	3556	7243
5	3693	3585	3478	7244
5	3693	3478	3586	7245
5	3683	3574	3681	7246
5	3677	3567	3570	7247
5	3623	3602	3517	7248
5	3623	3517	3584	7249
5	3815	3600	3704	7250
5	3816	3708	3671	7251
5	3647	3508	3632	7252
5	3647	3527	3508	7253
5	3752	3627	3718	7254
5	3931	3802	3834	7255
5	3627	3626	3491	7256
5	3627	3491	3490	7257
5	3785	3682	3667	7258
5	4065	3833	3912	7259
5	3713	3669	3596	7260
5	3753	3628	3594	7261
5	3630	3612	3559	7262
5	3630	3559	3502	7263
5	3904	3837	3711	7264
5	3631	3511	3402	7265
5	3647	3625	3527	7266
5	3632	3508	3535	7267
5	3634	3509	3633	7268
5	3663	3549	3548	7269
5	3848	3822	3774	7270
5	3643	3434	3634	7271
5	3635	3503	3409	7272
5	3635	3409	3511	7273
5	3636	3616	3515	7274
5	3636	3515	3512	7275
5	3637	3630	3502	7276
5	3637	3502	3510	7277
5	3652	3579	3638	7278
5	3687	3580	3539	7279
5	3639	3590	3514	7280
5	3639	3514	3500	7281
5	3757	3640	3668	7282
5	3640	3552	3437	7283
5	3641	3606	3494	7284
5	3641	3494	3530	7285
5	3642	3636	3557	7286
5	3642	3557	3422	7287
5	3758	3643	3634	7288
5	3770	3724	3725	7289
5	3821	3749	3759	7290
5	3835	3593	3814	7291
5	3838	3719	3820	7292
5	3768	3654	3767	7293
5	3648	3641	3530	7294
5	3646	3526	3521	7295
5	3819	3746	3798	7296
5	3734	3720	3607	7297
5	3722	3699	3641	7298
5	3761	3609	3730	7299
5	3841	3664	3499	7300
5	3774	3649	3591	7301
5	3773	3665	3772	7302
5	3772	3660	3769	7303
5	3670	3487	3651	7304
5	3670	3591	3554	7305
5	3686	3510	3578	7306
5	3738	3630	3637	7307
5	3686	3578	3653	7308
5	3686	3637	3510	7309
5	3761	3645	3609	7310
5	4065	3903	3833	7311
5	3829	3730	3746	7312
5	3820	3705	3800	7313
5	3656	3651	3534	7314
5	3656	3534	3398	7315
5	3658	3495	3589	7316
5	3734	3611	3721	7317
5	3697	3588	3696	7318
5	3697	3589	3588	7319
5	3659	3603	3545	7320
5	3659	3545	3529	7321
5	3863	3753	3703	7322
5	3754	3629	3628	7323
5	3759	3639	3724	7324
5	3968	3883	3917	7325
5	3662	3639	3500	7326
5	3662	3500	3391	7327
5	3723	3670	3651	7328
5	3663	3595	3549	7329
5	3664	3662	3391	7330
5	3664	3391	3499	7331
5	4150	4066	4134	7332
5	3682	3556	3551	7333
5	3666	3622	3569	7334
5	3666	3569	3516	7335
5	3765	3650	3629	7336
5	3772	3665	3660	7337
5	3668	3640	3519	7338
5	3668	3519	3523	7339
5	3669	3610	3553	7340
5	3669	3553	3497	7341
5	3906	3841	3764	7342
5	3774	3591	3670	7343
5	3835	3733	3631	7344
5	3737	3493	3613	7345
5	3672	3557	3636	7346
5	3672	3636	3512	7347
5	3776	3597	3673	7348
5	3775	3599	3612	7349
5	3674	3564	3451	7350
5	3674	3451	3522	7351
5	3813	3675	3740	7352
5	3852	3741	3701	7353
5	3729	3618	3676	7354
5	3778	3666	3619	7355
5	3783	3680	3682	7356
5	3779	3712	3677	7357
5	3678	3677	3570	7358
5	3678	3570	3572	7359
5	3685	3576	3684	7360
5	3684	3575	3683	7361
5	3779	3677	3678	7362
5	3680	3678	3572	7363
5	3712	3620	3677	7364
5	3773	3667	3665	7365
5	3785	3667	3773	7366
5	3682	3680	3556	7367
5	3782	3679	3727	7368
5	3794	3691	3793	7369
5	3826	3692	3794	7370
5	3769	3650	3765	7371
5	3926	3831	3907	7372
5	3784	3683	3681	7373
5	3706	3673	3675	7374
5	3714	3637	3686	7375
5	3748	3630	3738	7376
5	3687	3617	3580	7377
5	3688	3653	3504	7378
5	3688	3504	3543	7379
5	3792	3689	3791	7380
5	3786	3684	3683	7381
5	3793	3691	3690	7382
5	3787	3685	3684	7383
5	3846	3812	3732	7384
5	3793	3690	3792	7385
5	3791	3689	3685	7386
5	3792	3690	3689	7387
5	3695	3565	3587	7388
5	3992	3827	3929	7389
5	3827	3693	3795	7390
5	3694	3586	3537	7391
5	3700	3695	3587	7392
5	3777	3620	3712	7393
5	3697	3658	3589	7394
5	3932	3828	3839	7395
5	3873	3800	3768	7396
5	3890	3728	3854	7397
5	3735	3505	3698	7398
5	3698	3505	3595	7399
5	4254	4211	4214	7400
5	3722	3641	3648	7401
5	3825	3782	3727	7402
5	3796	3618	3729	7403
5	3701	3616	3636	7404
5	3701	3636	3642	7405
5	3909	3800	3873	7406
5	3829	3746	3819	7407
5	3833	3703	3747	7408
5	3767	3654	3645	7409
5	3745	3608	3585	7410
5	3994	3801	3933	7411
5	3768	3705	3655	7412
5	3872	3761	3867	7413
5	3748	3612	3630	7414
5	3789	3638	3744	7415
5	3707	3659	3592	7416
5	3840	3763	3807	7417
5	3814	3496	3615	7418
5	4077	3988	3910	7419
5	3709	3701	3642	7420
5	3709	3642	3561	7421
5	3943	3849	3913	7422
5	3807	3763	3710	7423
5	3801	3601	3755	7424
5	3910	3815	3704	7425
5	3797	3619	3695	7426
5	3727	3679	3622	7427
5	3873	3768	3767	7428
5	3912	3833	3857	7429
5	3738	3637	3714	7430
5	3775	3612	3748	7431
5	3743	3625	3715	7432
5	3728	3688	3604	7433
5	3762	3715	3647	7434
5	3716	3632	3606	7435
5	3717	3696	3657	7436
5	3721	3611	3617	7437
5	3718	3627	3602	7438
5	3993	3948	3945	7439
5	3719	3713	3596	7440
5	3719	3596	3605	7441
5	3720	3717	3657	7442
5	3720	3657	3607	7443
5	3734	3607	3611	7444
5	3847	3743	3715	7445
5	3834	3802	3707	7446
5	4162	4138	4087	7447
5	3764	3536	3649	7448
5	3774	3670	3723	7449
5	3771	3662	3664	7450
5	3725	3663	3661	7451
5	3841	3547	3764	7452
5	3726	3663	3725	7453
5	3771	3724	3662	7454
5	3841	3499	3547	7455
5	3786	3683	3784	7456
5	3784	3681	3782	7457
5	3790	3617	3687	7458
5	3728	3702	3688	7459
5	3843	3695	3700	7460
5	3881	3777	3712	7461
5	3854	3728	3743	7462
5	3867	3730	3829	7463
5	3732	3718	3602	7464
5	3731	3623	3692	7465
5	4134	4066	4107	7466
5	3834	3707	3736	7467
5	3733	3635	3511	7468
5	3733	3511	3631	7469
5	3743	3604	3625	7470
5	3923	3871	3890	7471
5	3971	3886	3876	7472
5	3848	3656	3735	7473
5	3849	3752	3817	7474
5	3936	3913	3817	7475
5	3756	3634	3633	7476
5	3850	3756	3633	7477
5	3744	3638	3597	7478
5	3859	3775	3748	7479
5	3739	3598	3563	7480
5	3739	3563	3599	7481
5	3824	3823	3740	7482
5	3852	3740	3674	7483
5	3852	3701	3709	7484
5	3824	3598	3739	7485
5	3742	3710	3603	7486
5	3742	3603	3659	7487
5	3982	3934	3981	7488
5	3889	3766	3870	7489
5	3856	3789	3744	7490
5	3832	3798	3799	7491
5	3827	3745	3693	7492
5	3796	3694	3618	7493
5	3746	3730	3614	7494
5	3746	3614	3658	7495
5	3950	3838	3924	7496
5	3966	3881	3926	7497
5	3945	3847	3808	7498
5	3858	3748	3738	7499
5	3770	3661	3644	7500
5	3760	3643	3758	7501
5	3757	3552	3640	7502
5	3988	3815	3910	7503
5	3751	3671	3624	7504
5	3821	3818	3862	7505
5	3752	3736	3626	7506
5	3752	3626	3627	7507
5	4245	4197	4147	7508
5	3857	3747	3713	7509
5	4073	4038	3954	7510
5	3857	3713	3838	7511
5	3755	3601	3503	7512
5	3755	3503	3635	7513
5	3760	3644	3643	7514
5	3758	3634	3756	7515
5	3865	3613	3757	7516
5	3757	3613	3552	7517
5	3962	3875	3874	7518
5	3818	3760	3758	7519
5	3759	3749	3590	7520
5	3759	3590	3639	7521
5	3770	3644	3760	7522
5	3770	3725	3661	7523
5	3960	3867	3956	7524
5	3945	3808	3898	7525
5	3868	3716	3809	7526
5	3974	3804	3889	7527
5	3763	3722	3648	7528
5	3763	3648	3646	7529
5	4047	3968	4018	7530
5	3810	3595	3726	7531
5	3864	3753	3863	7532
5	3864	3754	3753	7533
5	3922	3775	3859	7534
5	3989	3803	3902	7535
5	3872	3767	3761	7536
5	3938	3800	3909	7537
5	3960	3872	3867	7538
5	3990	3920	3958	7539
5	3883	3782	3825	7540
5	3874	3765	3869	7541
5	3821	3760	3818	7542
5	3770	3759	3724	7543
5	3771	3726	3725	7544
5	3771	3725	3724	7545
5	4016	3962	4001	7546
5	3869	3765	3754	7547
5	3886	3773	3876	7548
5	3782	3681	3679	7549
5	3848	3774	3723	7550
5	3822	3649	3774	7551
5	3776	3673	3706	7552
5	3813	3706	3675	7553
5	3871	3788	3702	7554
5	3776	3744	3597	7555
5	3777	3729	3676	7556
5	3777	3676	3620	7557
5	3925	3896	3797	7558
5	3780	3666	3778	7559
5	3831	3712	3779	7560
5	3780	3622	3666	7561
5	3970	3885	3968	7562
5	3844	3729	3777	7563
5	3781	3779	3678	7564
5	3781	3678	3680	7565
5	3791	3685	3787	7566
5	3787	3684	3786	7567
5	3905	3846	3731	7568
5	3783	3781	3680	7569
5	3879	3779	3781	7570
5	3876	3773	3772	7571
5	3886	3785	3773	7572
5	3785	3783	3682	7573
5	4045	3894	3978	7574
5	3875	3772	3769	7575
5	3879	3831	3779	7576
5	3876	3772	3875	7577
5	3952	3859	3858	7578
5	3788	3714	3686	7579
5	3789	3766	3652	7580
5	3789	3652	3638	7581
5	3828	3717	3720	7582
5	3853	3734	3721	7583
5	3887	3786	3885	7584
5	3885	3786	3784	7585
5	3928	3905	3826	7586
5	3887	3787	3786	7587
5	3891	3791	3787	7588
5	3892	3791	3891	7589
5	3928	3826	3794	7590
5	4189	4079	4135	7591
5	3795	3693	3586	7592
5	3795	3586	3694	7593
5	3797	3778	3619	7594
5	3979	3895	3844	7595
5	4124	4039	4051	7596
5	3895	3729	3844	7597
5	3798	3746	3658	7598
5	3798	3658	3697	7599
5	3799	3798	3697	7600
5	3799	3697	3696	7601
5	3873	3767	3872	7602
5	3867	3761	3730	7603
5	4070	3908	4012	7604
5	3815	3750	3600	7605
5	3802	3742	3707	7606
5	4086	3981	4063	7607
5	3877	3744	3776	7608
5	3803	3776	3706	7609
5	4050	3972	3997	7610
5	3868	3762	3716	7611
5	3806	3704	3608	7612
5	4071	3904	3994	7613
5	3843	3797	3695	7614
5	3910	3704	3806	7615
5	4028	3931	3943	7616
5	3921	3830	3900	7617
5	3847	3715	3808	7618
5	3855	3738	3714	7619
5	3868	3808	3762	7620
5	3809	3716	3699	7621
5	3822	3764	3649	7622
5	3810	3698	3595	7623
5	3811	3795	3694	7624
5	3811	3694	3796	7625
5	4135	4079	4118	7626
5	3935	3812	3846	7627
5	3851	3599	3775	7628
5	3922	3851	3775	7629
5	3814	3615	3708	7630
5	3894	3793	3893	7631
5	3901	3733	3835	7632
5	3835	3631	3593	7633
5	3861	3757	3668	7634
5	3865	3757	3861	7635
5	4000	3913	3999	7636
5	3931	3897	3802	7637
5	4033	4008	3952	7638
5	3866	3862	3818	7639
5	3942	3845	3918	7640
5	3853	3721	3804	7641
5	4072	3984	4005	7642
5	4259	4217	4198	7643
5	3862	3624	3749	7644
5	3821	3862	3749	7645
5	3860	3668	3750	7646
5	3814	3593	3496	7647
5	3823	3813	3740	7648
5	3824	3739	3823	7649
5	3852	3674	3741	7650
5	3824	3740	3852	7651
5	3883	3784	3782	7652
5	3885	3784	3883	7653
5	3893	3792	3892	7654
5	3892	3792	3791	7655
5	3994	3904	3801	7656
5	4077	3995	4067	7657
5	3832	3819	3798	7658
5	3845	3717	3828	7659
5	3956	3829	3940	7660
5	3937	3819	3832	7661
5	3830	3809	3699	7662
5	3830	3699	3722	7663
5	3908	3843	3700	7664
5	3996	3929	3811	7665
5	4052	3997	3923	7666
5	4029	3993	3945	7667
5	3838	3713	3719	7668
5	3950	3857	3838	7669
5	3999	3913	3936	7670
5	4000	3943	3913	7671
5	3944	3814	3899	7672
5	3861	3668	3860	7673
5	3836	3807	3710	7674
5	3836	3710	3742	7675
5	3837	3700	3621	7676
5	3837	3621	3711	7677
5	3857	3833	3747	7678
5	4038	3990	3958	7679
5	3839	3828	3720	7680
5	3839	3720	3734	7681
5	3840	3830	3722	7682
5	3840	3722	3763	7683
5	3842	3726	3771	7684
5	3842	3664	3841	7685
5	4001	3962	3920	7686
5	3842	3810	3726	7687
5	3895	3796	3729	7688
5	3878	3727	3780	7689
5	3878	3825	3727	7690
5	3881	3712	3831	7691
5	3845	3832	3799	7692
5	3845	3799	3717	7693
5	3893	3793	3792	7694
5	3894	3794	3793	7695
5	3918	3845	3828	7696
5	3858	3738	3855	7697
5	3848	3723	3656	7698
5	3848	3735	3698	7699
5	3849	3834	3736	7700
5	3849	3736	3752	7701
5	3953	3866	3946	7702
5	3866	3751	3862	7703
5	3851	3823	3739	7704
5	3851	3739	3599	7705
5	3824	3852	3709	7706
5	3824	3709	3598	7707
5	3932	3918	3828	7708
5	3853	3839	3734	7709
5	3921	3809	3830	7710
5	4139	4088	4110	7711
5	3870	3766	3789	7712
5	3859	3748	3858	7713
5	3870	3789	3856	7714
5	3889	3790	3766	7715
5	4004	3954	3863	7716
5	3958	3920	3869	7717
5	3951	3858	3855	7718
5	3963	3877	3914	7719
5	3877	3776	3803	7720
5	3902	3803	3706	7721
5	3899	3708	3816	7722
5	3865	3737	3613	7723
5	3944	3835	3814	7724
5	3946	3866	3756	7725
5	4035	4033	3951	7726
5	3862	3751	3624	7727
5	4286	4209	4136	7728
5	4100	4006	4034	7729
5	4073	3954	4004	7730
5	4126	4047	4084	7731
5	4002	3850	3955	7732
5	3955	3865	3861	7733
5	3866	3818	3758	7734
5	3866	3758	3756	7735
5	3961	3909	3873	7736
5	4169	4099	4098	7737
5	3923	3890	3916	7738
5	3916	3890	3854	7739
5	4001	3920	3990	7740
5	4023	3966	3926	7741
5	3888	3714	3788	7742
5	3927	3855	3888	7743
5	3888	3788	3871	7744
5	3888	3855	3714	7745
5	3940	3829	3819	7746
5	3961	3873	3872	7747
5	4190	4142	4161	7748
5	4006	3912	3950	7749
5	3821	3759	3770	7750
5	3821	3770	3760	7751
5	4007	3964	3967	7752
5	3971	3876	3915	7753
5	3906	3848	3698	7754
5	3906	3698	3810	7755
5	4241	4189	4135	7756
5	3877	3856	3744	7757
5	3896	3778	3797	7758
5	3884	3783	3785	7759
5	3964	3879	3882	7760
5	3907	3831	3879	7761
5	3880	3878	3780	7762
5	3880	3780	3778	7763
5	3926	3881	3831	7764
5	3881	3844	3777	7765
5	3882	3879	3781	7766
5	3882	3781	3783	7767
5	3928	3794	3894	7768
5	3891	3787	3887	7769
5	3965	3917	3825	7770
5	3884	3882	3783	7771
5	3917	3883	3825	7772
5	3966	3844	3881	7773
5	3962	3874	3920	7774
5	3886	3884	3785	7775
5	3958	3864	3954	7776
5	3978	3893	3977	7777
5	4008	3963	3914	7778
5	3914	3877	3803	7779
5	3948	3854	3847	7780
5	3889	3804	3790	7781
5	3890	3871	3702	7782
5	3890	3702	3728	7783
5	4057	3978	3977	7784
5	4432	4401	4332	7785
5	3970	3887	3885	7786
5	3975	3887	3970	7787
5	3975	3891	3887	7788
5	3976	3891	3975	7789
5	3976	3892	3891	7790
5	3977	3893	3892	7791
5	3896	3880	3778	7792
5	3996	3811	3941	7793
5	3925	3797	3843	7794
5	4044	3907	4009	7795
5	3897	3836	3802	7796
5	4141	4062	4094	7797
5	3983	3900	3911	7798
5	3900	3830	3840	7799
5	4011	3861	3860	7800
5	3899	3814	3708	7801
5	3957	3898	3868	7802
5	3957	3809	3921	7803
5	4102	4011	4010	7804
5	3988	3919	3815	7805
5	4099	4003	4098	7806
5	4400	4393	4341	7807
5	3903	3863	3703	7808
5	3903	3703	3833	7809
5	3908	3700	3837	7810
5	4139	4110	4137	7811
5	4060	4030	3935	7812
5	3978	3894	3893	7813
5	4013	3816	3953	7814
5	3946	3756	3850	7815
5	3969	3884	3886	7816
5	4004	3863	3903	7817
5	4092	3939	3992	7818
5	4070	4069	4014	7819
5	3961	3872	3960	7820
5	3956	3867	3829	7821
5	4077	3910	3995	7822
5	3919	3750	3815	7823
5	3911	3900	3840	7824
5	3911	3840	3807	7825
5	3924	3838	3820	7826
5	4040	3956	4036	7827
5	3913	3849	3817	7828
5	4028	3987	3931	7829
5	3972	3888	3871	7830
5	3972	3871	3923	7831
5	3915	3876	3875	7832
5	4170	4096	4167	7833
5	3940	3819	3937	7834
5	4296	4245	4147	7835
5	4104	4045	3978	7836
5	3968	3885	3883	7837
5	3957	3868	3809	7838
5	4029	3945	3898	7839
5	4010	3901	3835	7840
5	3919	3860	3750	7841
5	3962	3915	3875	7842
5	3920	3874	3869	7843
5	3982	3911	3934	7844
5	4019	3900	3983	7845
5	3989	3914	3803	7846
5	3922	3823	3851	7847
5	3973	3856	3963	7848
5	4025	3948	3993	7849
5	3950	3912	3857	7850
5	4240	4159	4201	7851
5	3979	3844	3966	7852
5	4094	4017	3998	7853
5	3930	3878	3880	7854
5	4044	3926	3907	7855
5	4051	3959	4042	7856
5	4049	3963	4008	7857
5	4289	4144	4242	7858
5	4045	4026	3928	7859
5	3929	3827	3795	7860
5	3929	3795	3811	7861
5	4009	3964	4007	7862
5	3965	3878	3930	7863
5	4095	3999	4064	7864
5	4150	4063	4066	7865
5	3974	3889	3959	7866
5	4025	3916	3948	7867
5	3933	3801	3755	7868
5	3933	3755	3805	7869
5	3934	3911	3807	7870
5	3934	3807	3836	7871
5	3902	3813	3823	7872
5	3902	3823	3922	7873
5	4258	4173	4192	7874
5	4028	3943	4000	7875
5	3998	3918	3932	7876
5	4031	3937	3942	7877
5	3938	3924	3820	7878
5	3938	3820	3800	7879
5	3939	3806	3745	7880
5	3939	3745	3827	7881
5	4017	3918	3998	7882
5	4017	3942	3918	7883
5	3941	3811	3796	7884
5	3941	3796	3895	7885
5	3942	3937	3832	7886
5	3942	3832	3845	7887
5	3943	3931	3834	7888
5	3943	3834	3849	7889
5	3906	3810	3842	7890
5	3906	3842	3841	7891
5	4122	4035	4050	7892
5	3948	3847	3945	7893
5	3955	3737	3865	7894
5	4097	4013	4002	7895
5	3947	3932	3839	7896
5	3947	3839	3853	7897
5	3959	3889	3870	7898
5	3948	3916	3854	7899
5	3949	3947	3853	7900
5	3949	3853	3804	7901
5	4003	3924	3938	7902
5	4333	4291	4251	7903
5	3963	3856	3877	7904
5	3952	3858	3951	7905
5	4039	3949	3974	7906
5	3989	3952	3914	7907
5	3953	3816	3751	7908
5	3953	3751	3866	7909
5	3958	3869	3864	7910
5	3954	3864	3863	7911
5	4033	3952	3951	7912
5	3955	3850	3737	7913
5	4036	3940	4032	7914
5	4032	3940	3937	7915
5	4037	3921	4019	7916
5	3997	3972	3923	7917
5	4056	3976	4055	7918
5	4054	3971	3915	7919
5	3974	3949	3804	7920
5	4153	4073	4004	7921
5	4098	3984	4072	7922
5	4040	3960	3956	7923
5	4041	3961	3960	7924
5	4041	3960	4040	7925
5	3906	3764	3822	7926
5	3906	3822	3848	7927
5	3973	3959	3870	7928
5	4050	4035	3927	7929
5	3965	3825	3878	7930
5	3964	3907	3879	7931
5	4082	3979	4058	7932
5	4009	3907	3964	7933
5	3980	3880	3896	7934
5	4092	3994	3995	7935
5	3967	3964	3882	7936
5	3967	3882	3884	7937
5	4045	3928	3894	7938
5	3977	3892	3976	7939
5	4046	3967	3969	7940
5	3969	3967	3884	7941
5	4172	4105	4155	7942
5	4016	3915	3962	7943
5	4127	4048	4054	7944
5	3971	3969	3886	7945
5	3973	3870	3856	7946
5	3972	3927	3888	7947
5	4085	3993	4078	7948
5	4008	3914	3952	7949
5	4050	3927	3972	7950
5	4041	4005	3961	7951
5	4048	3969	3971	7952
5	4288	4252	4189	7953
5	4038	3958	3954	7954
5	4129	4054	4016	7955
5	4053	3975	3970	7956
5	4055	3975	4053	7957
5	4055	3976	3975	7958
5	4189	4160	4079	7959
5	3980	3930	3880	7960
5	3991	3896	3925	7961
5	3991	3980	3896	7962
5	4058	3966	4023	7963
5	3981	3934	3897	7964
5	4307	4204	4246	7965
5	4094	4062	4017	7966
5	4087	4075	3983	7967
5	4216	4150	4194	7968
5	4107	4000	4095	7969
5	3984	3938	3909	7970
5	4036	3956	3940	7971
5	3985	3935	3846	7972
5	3985	3846	3905	7973
5	3986	3933	3805	7974
5	4101	3988	4015	7975
5	3987	3981	3897	7976
5	3987	3897	3931	7977
5	4101	4011	3988	7978
5	4015	3805	3901	7979
5	4229	4174	4166	7980
5	4089	4027	4083	7981
5	4096	4001	3990	7982
5	4090	3990	4038	7983
5	4105	4091	4009	7984
5	4076	4014	4069	7985
5	4075	4019	3983	7986
5	3992	3939	3827	7987
5	4039	4024	3949	7988
5	4114	4025	4085	7989
5	4175	4112	4111	7990
5	4067	3933	3986	7991
5	3995	3910	3806	7992
5	3995	3806	3939	7993
5	4092	4071	3994	7994
5	4058	3979	3966	7995
5	4032	3937	4031	7996
5	4031	3942	4017	7997
5	4264	4230	4243	7998
5	4426	4330	4397	7999
5	4118	4045	4104	8000
5	4060	3935	3985	8001
5	4173	4134	4107	8002
5	4503	4402	4401	8003
5	4096	3990	4090	8004
5	4220	4155	4202	8005
5	4102	4013	4097	8006
5	4011	3919	3988	8007
5	4168	4098	4072	8008
5	4244	4218	4231	8009
5	4100	4034	4099	8010
5	4253	4167	4224	8011
5	4005	3984	3909	8012
5	4005	3909	3961	8013
5	4098	4003	3984	8014
5	4099	4034	4003	8015
5	3989	3902	3922	8016
5	4087	3982	4086	8017
5	4042	3959	3973	8018
5	4287	4251	4197	8019
5	4018	3968	3917	8020
5	4057	3977	4056	8021
5	4101	4010	4011	8022
5	4011	3860	3919	8023
5	4097	3861	4011	8024
5	4013	3899	3816	8025
5	4012	3908	3837	8026
5	4012	3837	3904	8027
5	4013	3944	3899	8028
5	4035	3951	3927	8029
5	4014	3925	3843	8030
5	4014	3843	3908	8031
5	4077	4015	3988	8032
5	4015	3986	3805	8033
5	4253	4227	4167	8034
5	4104	3978	4057	8035
5	4019	3921	3900	8036
5	4108	4029	4020	8037
5	4047	3970	3968	8038
5	4054	3915	4016	8039
5	4020	3898	3957	8040
5	4078	3993	4029	8041
5	3989	3922	3859	8042
5	3989	3859	3952	8043
5	4021	3998	3932	8044
5	4021	3932	3947	8045
5	4022	3941	3895	8046
5	4022	3895	3979	8047
5	4140	4119	4120	8048
5	4059	3930	3980	8049
5	4024	4021	3947	8050
5	4024	3947	3949	8051
5	4149	4114	4085	8052
5	4052	3916	4025	8053
5	4026	3985	3905	8054
5	4026	3905	3928	8055
5	4027	4018	3917	8056
5	4027	3917	3965	8057
5	4199	4137	4138	8058
5	4152	4063	4150	8059
5	4391	4294	4291	8060
5	4151	4081	4116	8061
5	4030	3999	3936	8062
5	4030	3936	3935	8063
5	4062	4031	4017	8064
5	4173	4107	4095	8065
5	4125	4113	3997	8066
5	4116	4081	4041	8067
5	4002	3946	3850	8068
5	4102	4097	4011	8069
5	4034	4006	3950	8070
5	4034	3950	3924	8071
5	4002	4013	3953	8072
5	4002	3953	3946	8073
5	4115	4036	4112	8074
5	4112	4032	4111	8075
5	4037	4020	3957	8076
5	4037	3957	3921	8077
5	4153	4004	4065	8078
5	4287	4197	4245	8079
5	4124	4051	4123	8080
5	4109	4021	4093	8081
5	4166	4108	4088	8082
5	4154	4081	4151	8083
5	4116	4041	4040	8084
5	4116	4040	4115	8085
5	4051	3974	3959	8086
5	4051	4039	3974	8087
5	4043	4027	3965	8088
5	4043	3965	3930	8089
5	4132	4023	4117	8090
5	4044	4023	3926	8091
5	4158	4030	4060	8092
5	4056	3977	3976	8093
5	4148	4126	4084	8094
5	4046	4007	3967	8095
5	4118	4079	4026	8096
5	4053	3970	4047	8097
5	4103	4001	4096	8098
5	4048	4046	3969	8099
5	4049	4042	3973	8100
5	4049	3973	3963	8101
5	4080	4008	4033	8102
5	4121	4049	4080	8103
5	4080	4033	4035	8104
5	4052	3923	3916	8105
5	4085	4025	3993	8106
5	4123	4051	4042	8107
5	4156	4057	4131	8108
5	4103	4016	4001	8109
5	4126	4053	4047	8110
5	4054	4048	3971	8111
5	4091	4044	4009	8112
5	4129	4016	4103	8113
5	4201	4068	4146	8114
5	4163	4090	4038	8115
5	4212	4202	4140	8116
5	4209	4131	4136	8117
5	4059	4043	3930	8118
5	4132	4058	4023	8119
5	4074	3980	3991	8120
5	4117	4023	4044	8121
5	4185	4104	4156	8122
5	4298	4241	4256	8123
5	4071	4012	3904	8124
5	4061	3992	3929	8125
5	4545	4493	4475	8126
5	4111	4032	4031	8127
5	4290	4260	4278	8128
5	4107	4028	4000	8129
5	4367	4300	4271	8130
5	4198	4153	4159	8131
5	4240	4198	4159	8132
5	4065	4004	3903	8133
5	4066	4063	3987	8134
5	4066	3987	4028	8135
5	4067	3995	3994	8136
5	4067	3994	3933	8137
5	4068	4065	3912	8138
5	4068	3912	4006	8139
5	4069	3996	3941	8140
5	4074	4059	3980	8141
5	4092	3995	3939	8142
5	4070	4012	4061	8143
5	4070	4014	3908	8144
5	4061	3929	3996	8145
5	4111	4031	4062	8146
5	4115	4040	4036	8147
5	4163	4038	4073	8148
5	4239	4187	4238	8149
5	4074	3991	4082	8150
5	4362	4313	4312	8151
5	4071	3992	4061	8152
5	4071	4061	4012	8153
5	4082	4022	3979	8154
5	4076	4082	3991	8155
5	4077	4067	3986	8156
5	4077	3986	4015	8157
5	4069	3941	4022	8158
5	4076	3925	4014	8159
5	4160	3985	4079	8160
5	4079	3985	4026	8161
5	4080	4049	4008	8162
5	4397	4330	4331	8163
5	4081	4072	4005	8164
5	4081	4005	4041	8165
5	4076	4069	4022	8166
5	4076	4022	4082	8167
5	4083	4027	4043	8168
5	4133	4059	4132	8169
5	4131	4056	4130	8170
5	4084	4047	4018	8171
5	4093	4021	4024	8172
5	4165	4094	4109	8173
5	4087	3983	3982	8174
5	4086	3982	3981	8175
5	4335	4290	4324	8176
5	4143	4062	4141	8177
5	4108	4020	4088	8178
5	4088	4020	4037	8179
5	4089	4084	4018	8180
5	4089	4018	4027	8181
5	4184	4140	4120	8182
5	4168	4072	4154	8183
5	4105	4009	4007	8184
5	4117	4044	4091	8185
5	4177	4115	4112	8186
5	4092	3992	4071	8187
5	4070	4061	3996	8188
5	4070	3996	4069	8189
5	4247	4199	4210	8190
5	4162	4087	4086	8191
5	4107	4066	4028	8192
5	4095	4000	3999	8193
5	4205	4188	4170	8194
5	4184	4120	4127	8195
5	4097	4002	3955	8196
5	4097	3955	3861	8197
5	4177	4112	4175	8198
5	4154	4072	4081	8199
5	4200	4147	4099	8200
5	4296	4147	4200	8201
5	4113	4050	3997	8202
5	4122	4050	4113	8203
5	4101	4015	3901	8204
5	4101	3901	4010	8205
5	4102	4010	3944	8206
5	4102	3944	4013	8207
5	4156	4104	4057	8208
5	4128	4055	4053	8209
5	4130	4055	4128	8210
5	4130	4056	4055	8211
5	4172	4091	4105	8212
5	4145	4084	4089	8213
5	4106	4093	4024	8214
5	4106	4024	4039	8215
5	4258	4203	4173	8216
5	4303	4281	4265	8217
5	4215	4181	4149	8218
5	4108	4078	4029	8219
5	4109	4094	3998	8220
5	4109	3998	4021	8221
5	4110	4088	4037	8222
5	4110	4037	4019	8223
5	4112	4036	4032	8224
5	4200	4099	4169	8225
5	4230	4142	4190	8226
5	4180	4106	4124	8227
5	4121	4042	4049	8228
5	4182	4124	4123	8229
5	4125	4052	4114	8230
5	4114	4052	4025	8231
5	4248	4200	4169	8232
5	4143	4111	4062	8233
5	4248	4169	4226	8234
5	4533	4508	4525	8235
5	4179	4091	4172	8236
5	4133	4132	4117	8237
5	4131	4057	4056	8238
5	4158	4064	4030	8239
5	4119	4105	4007	8240
5	4119	4007	4046	8241
5	4120	4119	4046	8242
5	4120	4046	4048	8243
5	4123	4042	4121	8244
5	4142	4109	4093	8245
5	4122	4121	4080	8246
5	4122	4080	4035	8247
5	4176	4122	4113	8248
5	4124	4106	4039	8249
5	4125	3997	4052	8250
5	4181	4114	4149	8251
5	4180	4161	4106	8252
5	4176	4121	4122	8253
5	4256	4241	4135	8254
5	4128	4053	4126	8255
5	4227	4170	4167	8256
5	4127	4120	4048	8257
5	4332	4258	4289	8258
5	4333	4251	4287	8259
5	4155	4105	4119	8260
5	4129	4127	4054	8261
5	4224	4167	4090	8262
5	4221	4188	4205	8263
5	4074	4082	4058	8264
5	4132	4074	4058	8265
5	4133	4043	4059	8266
5	4132	4059	4074	8267
5	4179	4172	4171	8268
5	4133	4083	4043	8269
5	4288	4189	4241	8270
5	4379	4346	4288	8271
5	4209	4193	4156	8272
5	4155	4119	4140	8273
5	4136	4131	4130	8274
5	4187	4128	4157	8275
5	4137	4110	4075	8276
5	4450	4403	4393	8277
5	4138	4137	4075	8278
5	4138	4075	4087	8279
5	4178	4116	4115	8280
5	4235	4183	4181	8281
5	4212	4140	4184	8282
5	4157	4128	4126	8283
5	4175	4111	4143	8284
5	4232	4175	4191	8285
5	4165	4109	4142	8286
5	4165	4141	4094	8287
5	4207	4164	4206	8288
5	4233	4231	4178	8289
5	4144	4095	4064	8290
5	4399	4332	4289	8291
5	4148	4084	4145	8292
5	4251	4146	4197	8293
5	4146	4068	4006	8294
5	4146	4006	4100	8295
5	4147	4100	4099	8296
5	4169	4098	4168	8297
5	4157	4126	4148	8298
5	4187	4130	4128	8299
5	4266	4207	4206	8300
5	4161	4093	4106	8301
5	4152	4086	4063	8302
5	4162	4086	4152	8303
5	4178	4115	4177	8304
5	4348	4296	4248	8305
5	4278	4222	4216	8306
5	4338	4324	4261	8307
5	4201	4159	4068	8308
5	4170	4103	4096	8309
5	4291	4240	4201	8310
5	4225	4154	4218	8311
5	4228	4145	4171	8312
5	4171	4089	4083	8313
5	4185	4118	4104	8314
5	4185	4135	4118	8315
5	4188	4103	4170	8316
5	4237	4212	4184	8317
5	4208	4148	4196	8318
5	4252	4160	4189	8319
5	4159	4153	4065	8320
5	4159	4065	4068	8321
5	4252	4060	4160	8322
5	4160	4060	3985	8323
5	4174	4078	4108	8324
5	4161	4142	4093	8325
5	4402	4343	4401	8326
5	4222	4152	4216	8327
5	4217	4073	4153	8328
5	4294	4240	4291	8329
5	4164	4149	4085	8330
5	4164	4085	4078	8331
5	4214	4137	4199	8332
5	4166	4088	4139	8333
5	4174	4108	4166	8334
5	4174	4164	4078	8335
5	4167	4096	4090	8336
5	4346	4252	4288	8337
5	4339	4302	4325	8338
5	4233	4177	4232	8339
5	4283	4232	4250	8340
5	4226	4169	4168	8341
5	4238	4187	4157	8342
5	4208	4157	4148	8343
5	4391	4291	4376	8344
5	4171	4145	4089	8345
5	4179	4171	4083	8346
5	4188	4129	4103	8347
5	4418	4392	4354	8348
5	4444	4384	4344	8349
5	4235	4181	4215	8350
5	4207	4149	4164	8351
5	4378	4295	4345	8352
5	4178	4151	4116	8353
5	4182	4180	4124	8354
5	4181	4125	4114	8355
5	4279	4218	4244	8356
5	4340	4297	4316	8357
5	4206	4164	4174	8358
5	4281	4229	4265	8359
5	4188	4186	4129	8360
5	4179	4117	4091	8361
5	4182	4123	4176	8362
5	4176	4123	4121	8363
5	4183	4125	4181	8364
5	4183	4113	4125	8365
5	4183	4176	4113	8366
5	4215	4149	4207	8367
5	4234	4180	4182	8368
5	4236	4234	4182	8369
5	4202	4155	4140	8370
5	4196	4148	4145	8371
5	4307	4242	4204	8372
5	4256	4185	4193	8373
5	4186	4184	4127	8374
5	4186	4127	4129	8375
5	4237	4186	4221	8376
5	4187	4136	4130	8377
5	4179	4083	4133	8378
5	4179	4133	4117	8379
5	4372	4256	4300	8380
5	4242	4144	4204	8381
5	4222	4162	4152	8382
5	4350	4314	4323	8383
5	4191	4175	4143	8384
5	4213	4143	4141	8385
5	4192	4173	4095	8386
5	4192	4095	4144	8387
5	4193	4185	4156	8388
5	4379	4377	4346	8389
5	4194	4150	4134	8390
5	4399	4336	4383	8391
5	4195	4190	4161	8392
5	4195	4161	4180	8393
5	4407	4349	4305	8394
5	4209	4156	4131	8395
5	4197	4146	4100	8396
5	4197	4100	4147	8397
5	4217	4163	4073	8398
5	4217	4153	4198	8399
5	4282	4244	4231	8400
5	4437	4394	4405	8401
5	4225	4168	4154	8402
5	4226	4168	4225	8403
5	4375	4287	4330	8404
5	4291	4201	4251	8405
5	4228	4196	4145	8406
5	4219	4171	4172	8407
5	4262	4134	4203	8408
5	4203	4134	4173	8409
5	4204	4144	4064	8410
5	4204	4064	4158	8411
5	4380	4319	4349	8412
5	4263	4217	4259	8413
5	4283	4282	4233	8414
5	4265	4229	4211	8415
5	4255	4213	4223	8416
5	4371	4326	4309	8417
5	4270	4205	4249	8418
5	4299	4284	4268	8419
5	4321	4270	4319	8420
5	4410	4298	4372	8421
5	4210	4199	4138	8422
5	4210	4138	4162	8423
5	4229	4166	4211	8424
5	4211	4166	4139	8425
5	4284	4237	4268	8426
5	4269	4238	4208	8427
5	4243	4230	4190	8428
5	4213	4191	4143	8429
5	4214	4211	4139	8430
5	4214	4139	4137	8431
5	4278	4216	4261	8432
5	4276	4195	4234	8433
5	4222	4210	4162	8434
5	4216	4152	4150	8435
5	4227	4205	4170	8436
5	4224	4090	4163	8437
5	4218	4154	4151	8438
5	4232	4177	4175	8439
5	4277	4196	4228	8440
5	4228	4171	4219	8441
5	4220	4219	4172	8442
5	4220	4172	4155	8443
5	4237	4184	4186	8444
5	4221	4186	4188	8445
5	4309	4250	4293	8446
5	4274	4191	4213	8447
5	4223	4213	4141	8448
5	4223	4141	4165	8449
5	4457	4434	4386	8450
5	4395	4390	4368	8451
5	4548	4457	4530	8452
5	4301	4244	4282	8453
5	4279	4225	4218	8454
5	4280	4225	4279	8455
5	4268	4237	4221	8456
5	4249	4205	4227	8457
5	4420	4331	4381	8458
5	4555	4515	4513	8459
5	4275	4215	4207	8460
5	4229	4206	4174	8461
5	4230	4223	4165	8462
5	4230	4165	4142	8463
5	4231	4218	4151	8464
5	4231	4151	4178	8465
5	4233	4178	4177	8466
5	4325	4244	4301	8467
5	4322	4274	4255	8468
5	4282	4231	4233	8469
5	4267	4190	4195	8470
5	4234	4195	4180	8471
5	4236	4182	4176	8472
5	4236	4176	4183	8473
5	4236	4183	4235	8474
5	4236	4235	4234	8475
5	4238	4157	4208	8476
5	4304	4269	4272	8477
5	4312	4263	4259	8478
5	4328	4286	4239	8479
5	4286	4136	4239	8480
5	4239	4136	4187	8481
5	4251	4201	4146	8482
5	4436	4413	4389	8483
5	4256	4135	4185	8484
5	4496	4459	4442	8485
5	4382	4354	4361	8486
5	4441	4377	4428	8487
5	4257	4199	4247	8488
5	4326	4282	4283	8489
5	4359	4325	4301	8490
5	4250	4232	4191	8491
5	4296	4200	4248	8492
5	4280	4226	4225	8493
5	4383	4336	4337	8494
5	4246	4204	4158	8495
5	4324	4278	4261	8496
5	4343	4203	4258	8497
5	4375	4333	4287	8498
5	4338	4261	4311	8499
5	4308	4284	4299	8500
5	4300	4256	4193	8501
5	4369	4322	4315	8502
5	4306	4260	4290	8503
5	4348	4248	4295	8504
5	4330	4287	4245	8505
5	4310	4060	4252	8506
5	4310	4158	4060	8507
5	4320	4269	4304	8508
5	4407	4305	4363	8509
5	4275	4207	4266	8510
5	4265	4211	4254	8511
5	4274	4213	4255	8512
5	4274	4250	4191	8513
5	4271	4193	4209	8514
5	4300	4193	4271	8515
5	4257	4254	4214	8516
5	4257	4214	4199	8517
5	4324	4290	4278	8518
5	4422	4374	4402	8519
5	4263	4163	4217	8520
5	4263	4224	4163	8521
5	4260	4247	4210	8522
5	4260	4210	4222	8523
5	4278	4260	4222	8524
5	4261	4216	4194	8525
5	4364	4314	4350	8526
5	4262	4194	4134	8527
5	4423	4362	4384	8528
5	4313	4263	4312	8529
5	4264	4255	4223	8530
5	4264	4223	4230	8531
5	4322	4293	4274	8532
5	4345	4280	4302	8533
5	4316	4266	4281	8534
5	4327	4275	4297	8535
5	4297	4275	4266	8536
5	4267	4243	4190	8537
5	4285	4238	4269	8538
5	4273	4202	4212	8539
5	4376	4291	4333	8540
5	4321	4268	4270	8541
5	4270	4268	4221	8542
5	4270	4221	4205	8543
5	4411	4300	4367	8544
5	4328	4239	4285	8545
5	4272	4269	4208	8546
5	4272	4208	4196	8547
5	4277	4228	4219	8548
5	4277	4220	4202	8549
5	4403	4351	4355	8550
5	4293	4250	4274	8551
5	4276	4234	4235	8552
5	4283	4233	4232	8553
5	4276	4235	4215	8554
5	4276	4215	4275	8555
5	4277	4272	4196	8556
5	4277	4219	4220	8557
5	4386	4339	4359	8558
5	4292	4257	4247	8559
5	4434	4387	4339	8560
5	4387	4345	4302	8561
5	4277	4202	4273	8562
5	4388	4360	4308	8563
5	4281	4266	4206	8564
5	4281	4206	4229	8565
5	4315	4255	4264	8566
5	4424	4412	4421	8567
5	4327	4276	4275	8568
5	4276	4267	4195	8569
5	4284	4273	4212	8570
5	4284	4212	4237	8571
5	4286	4271	4209	8572
5	4285	4239	4238	8573
5	4372	4298	4256	8574
5	4438	4334	4380	8575
5	4444	4344	4391	8576
5	4423	4406	4362	8577
5	4346	4310	4252	8578
5	4392	4337	4307	8579
5	4289	4258	4192	8580
5	4289	4192	4144	8581
5	4341	4290	4335	8582
5	4347	4203	4343	8583
5	4345	4295	4280	8584
5	4381	4331	4296	8585
5	4425	4374	4422	8586
5	4605	4581	4601	8587
5	4370	4293	4322	8588
5	4326	4283	4309	8589
5	4294	4259	4198	8590
5	4294	4198	4240	8591
5	4295	4248	4226	8592
5	4295	4226	4280	8593
5	4391	4344	4294	8594
5	4473	4426	4397	8595
5	4316	4281	4303	8596
5	4323	4257	4292	8597
5	4435	4410	4372	8598
5	4501	4443	4456	8599
5	4308	4273	4284	8600
5	4353	4320	4304	8601
5	4319	4270	4249	8602
5	4329	4271	4286	8603
5	4309	4283	4250	8604
5	4427	4386	4394	8605
5	4302	4280	4279	8606
5	4554	4513	4511	8607
5	4529	4522	4524	8608
5	4327	4267	4276	8609
5	4320	4285	4269	8610
5	4379	4288	4342	8611
5	4305	4249	4227	8612
5	4305	4227	4253	8613
5	4306	4292	4247	8614
5	4306	4247	4260	8615
5	4440	4342	4410	8616
5	4432	4332	4399	8617
5	4360	4304	4272	8618
5	4360	4273	4308	8619
5	4326	4301	4282	8620
5	4359	4301	4356	8621
5	4361	4310	4346	8622
5	4310	4246	4158	8623
5	4311	4261	4194	8624
5	4311	4194	4262	8625
5	4313	4253	4224	8626
5	4313	4224	4263	8627
5	4349	4319	4249	8628
5	4363	4313	4362	8629
5	4314	4303	4265	8630
5	4314	4265	4254	8631
5	4624	4582	4570	8632
5	4322	4255	4315	8633
5	4352	4315	4317	8634
5	4316	4297	4266	8635
5	4317	4315	4264	8636
5	4317	4264	4243	8637
5	4318	4317	4243	8638
5	4318	4243	4267	8639
5	4404	4320	4353	8640
5	4334	4321	4319	8641
5	4390	4353	4357	8642
5	4404	4353	4390	8643
5	4357	4308	4299	8644
5	4321	4299	4268	8645
5	4364	4303	4314	8646
5	4370	4358	4293	8647
5	4323	4314	4254	8648
5	4323	4254	4257	8649
5	4429	4335	4398	8650
5	4393	4355	4341	8651
5	4325	4302	4279	8652
5	4325	4279	4244	8653
5	4341	4306	4290	8654
5	4355	4306	4341	8655
5	4327	4297	4318	8656
5	4327	4318	4267	8657
5	4390	4357	4368	8658
5	4329	4286	4328	8659
5	4349	4249	4305	8660
5	4380	4334	4319	8661
5	4430	4348	4378	8662
5	4535	4501	4456	8663
5	4331	4330	4245	8664
5	4331	4245	4296	8665
5	4343	4258	4332	8666
5	4402	4347	4343	8667
5	4443	4391	4376	8668
5	4381	4296	4348	8669
5	4366	4285	4320	8670
5	4368	4321	4334	8671
5	4425	4338	4374	8672
5	4464	4392	4418	8673
5	4399	4289	4336	8674
5	4336	4289	4242	8675
5	4337	4336	4242	8676
5	4337	4242	4307	8677
5	4347	4262	4203	8678
5	4598	4560	4559	8679
5	4371	4309	4358	8680
5	4400	4341	4335	8681
5	4365	4316	4303	8682
5	4340	4318	4297	8683
5	4476	4433	4400	8684
5	4522	4461	4486	8685
5	4342	4288	4241	8686
5	4342	4241	4298	8687
5	4347	4311	4262	8688
5	4572	4536	4500	8689
5	4344	4312	4259	8690
5	4344	4259	4294	8691
5	4626	4537	4576	8692
5	4378	4348	4295	8693
5	4354	4307	4246	8694
5	4646	4566	4621	8695
5	4433	4393	4400	8696
5	4471	4401	4432	8697
5	4434	4339	4386	8698
5	4511	4460	4497	8699
5	4406	4363	4362	8700
5	4448	4390	4395	8701
5	4358	4309	4293	8702
5	4356	4301	4326	8703
5	4351	4350	4323	8704
5	4351	4323	4292	8705
5	4539	4495	4472	8706
5	4369	4315	4352	8707
5	4404	4396	4366	8708
5	4366	4328	4285	8709
5	4382	4361	4377	8710
5	4418	4354	4382	8711
5	4355	4351	4292	8712
5	4355	4292	4306	8713
5	4359	4339	4325	8714
5	4387	4302	4339	8715
5	4388	4304	4360	8716
5	4388	4308	4357	8717
5	4371	4356	4326	8718
5	4465	4430	4460	8719
5	4340	4352	4317	8720
5	4340	4317	4318	8721
5	4360	4272	4277	8722
5	4360	4277	4273	8723
5	4361	4354	4246	8724
5	4361	4246	4310	8725
5	4363	4305	4253	8726
5	4363	4253	4313	8727
5	4438	4395	4334	8728
5	4407	4363	4406	8729
5	4365	4340	4316	8730
5	4365	4303	4364	8731
5	4389	4369	4352	8732
5	4409	4340	4365	8733
5	4367	4271	4329	8734
5	4373	4328	4366	8735
5	4464	4442	4392	8736
5	4439	4411	4367	8737
5	4368	4357	4299	8738
5	4368	4299	4321	8739
5	4408	4365	4364	8740
5	4370	4322	4369	8741
5	4424	4408	4412	8742
5	4414	4351	4403	8743
5	4569	4563	4523	8744
5	4445	4421	4414	8745
5	4462	4411	4439	8746
5	4446	4373	4396	8747
5	4462	4435	4372	8748
5	4373	4329	4328	8749
5	4374	4338	4311	8750
5	4374	4311	4347	8751
5	4426	4375	4330	8752
5	4444	4391	4443	8753
5	4535	4431	4463	8754
5	4513	4467	4465	8755
5	4567	4493	4545	8756
5	4377	4361	4346	8757
5	4613	4577	4547	8758
5	4556	4498	4550	8759
5	4428	4377	4379	8760
5	4479	4428	4440	8761
5	4469	4439	4416	8762
5	4525	4489	4488	8763
5	4467	4420	4465	8764
5	4463	4431	4375	8765
5	4410	4342	4298	8766
5	4440	4428	4379	8767
5	4392	4307	4354	8768
5	4657	4603	4655	8769
5	4384	4362	4312	8770
5	4384	4312	4344	8771
5	4415	4358	4385	8772
5	4385	4358	4370	8773
5	4483	4450	4433	8774
5	4405	4394	4356	8775
5	4420	4397	4331	8776
5	4473	4397	4467	8777
5	4388	4357	4353	8778
5	4388	4353	4304	8779
5	4413	4369	4389	8780
5	4413	4370	4369	8781
5	4396	4373	4366	8782
5	4395	4368	4334	8783
5	4451	4407	4406	8784
5	4508	4484	4438	8785
5	4442	4337	4392	8786
5	4441	4382	4377	8787
5	4403	4355	4393	8788
5	4445	4414	4403	8789
5	4394	4386	4359	8790
5	4394	4359	4356	8791
5	4526	4484	4508	8792
5	4404	4366	4320	8793
5	4515	4467	4513	8794
5	4574	4547	4501	8795
5	4465	4420	4430	8796
5	4588	4494	4548	8797
5	4398	4335	4324	8798
5	4398	4324	4338	8799
5	4401	4343	4332	8800
5	4402	4374	4347	8801
5	4603	4539	4571	8802
5	4425	4398	4338	8803
5	4666	4610	4598	8804
5	4506	4475	4441	8805
5	4540	4509	4458	8806
5	4429	4400	4335	8807
5	4450	4393	4433	8808
5	4405	4356	4371	8809
5	4485	4448	4484	8810
5	4449	4396	4404	8811
5	4627	4568	4529	8812
5	4490	4470	4453	8813
5	4463	4375	4426	8814
5	4557	4480	4519	8815
5	4481	4444	4443	8816
5	4452	4407	4451	8817
5	4409	4352	4340	8818
5	4409	4365	4408	8819
5	4409	4408	4389	8820
5	4409	4389	4352	8821
5	4416	4367	4329	8822
5	4411	4372	4300	8823
5	4462	4372	4411	8824
5	4416	4329	4373	8825
5	4412	4408	4364	8826
5	4412	4364	4350	8827
5	4421	4412	4414	8828
5	4413	4385	4370	8829
5	4414	4412	4350	8830
5	4414	4350	4351	8831
5	4415	4405	4371	8832
5	4415	4371	4358	8833
5	4498	4439	4469	8834
5	4440	4379	4342	8835
5	4417	4378	4345	8836
5	4417	4345	4387	8837
5	4442	4383	4337	8838
5	4566	4538	4543	8839
5	4447	4415	4419	8840
5	4419	4415	4385	8841
5	4537	4502	4473	8842
5	4515	4473	4467	8843
5	4585	4529	4565	8844
5	4424	4389	4408	8845
5	4504	4472	4422	8846
5	4503	4401	4471	8847
5	4542	4525	4488	8848
5	4501	4481	4443	8849
5	4453	4419	4385	8850
5	4436	4389	4424	8851
5	4476	4400	4429	8852
5	4450	4445	4403	8853
5	4467	4397	4420	8854
5	4502	4426	4473	8855
5	4583	4530	4582	8856
5	4492	4474	4437	8857
5	4531	4496	4464	8858
5	4597	4559	4558	8859
5	4539	4472	4504	8860
5	4571	4539	4504	8861
5	4430	4420	4381	8862
5	4430	4381	4348	8863
5	4431	4376	4333	8864
5	4431	4333	4375	8865
5	4528	4504	4503	8866
5	4699	4697	4658	8867
5	4604	4539	4603	8868
5	4505	4491	4487	8869
5	4570	4544	4492	8870
5	4457	4386	4427	8871
5	4478	4440	4410	8872
5	4478	4410	4435	8873
5	4477	4424	4421	8874
5	4453	4413	4436	8875
5	4474	4394	4437	8876
5	4474	4427	4394	8877
5	4446	4416	4373	8878
5	4439	4367	4416	8879
5	4448	4404	4390	8880
5	4571	4504	4528	8881
5	4479	4440	4478	8882
5	4506	4441	4480	8883
5	4517	4478	4435	8884
5	4480	4428	4479	8885
5	4475	4382	4441	8886
5	4496	4442	4464	8887
5	4466	4406	4423	8888
5	4537	4473	4515	8889
5	4466	4451	4406	8890
5	4482	4444	4481	8891
5	4492	4437	4461	8892
5	4453	4385	4413	8893
5	4542	4488	4512	8894
5	4589	4514	4549	8895
5	4447	4437	4405	8896
5	4447	4405	4415	8897
5	4508	4438	4489	8898
5	4449	4404	4448	8899
5	4556	4516	4498	8900
5	4469	4416	4446	8901
5	4540	4458	4495	8902
5	4477	4436	4424	8903
5	4452	4380	4349	8904
5	4452	4349	4407	8905
5	4484	4448	4395	8906
5	4489	4438	4380	8907
5	4470	4419	4453	8908
5	4491	4421	4445	8909
5	4454	4432	4399	8910
5	4454	4399	4383	8911
5	4455	4417	4387	8912
5	4455	4387	4434	8913
5	4456	4443	4376	8914
5	4456	4376	4431	8915
5	4582	4530	4544	8916
5	4583	4548	4530	8917
5	4458	4429	4398	8918
5	4458	4398	4425	8919
5	4459	4454	4383	8920
5	4459	4383	4442	8921
5	4460	4430	4378	8922
5	4460	4378	4417	8923
5	4461	4437	4447	8924
5	4487	4445	4450	8925
5	4510	4468	4507	8926
5	4484	4395	4438	8927
5	4649	4622	4579	8928
5	4535	4456	4431	8929
5	4519	4480	4479	8930
5	4475	4418	4382	8931
5	4584	4532	4502	8932
5	4541	4497	4455	8933
5	4600	4542	4512	8934
5	4580	4578	4564	8935
5	4511	4465	4460	8936
5	4513	4465	4511	8937
5	4468	4446	4396	8938
5	4468	4396	4449	8939
5	4525	4508	4489	8940
5	4488	4452	4451	8941
5	4486	4419	4470	8942
5	4486	4447	4419	8943
5	4528	4503	4471	8944
5	4504	4422	4503	8945
5	4472	4458	4425	8946
5	4472	4425	4422	8947
5	4553	4511	4497	8948
5	4502	4463	4426	8949
5	4544	4474	4492	8950
5	4509	4476	4429	8951
5	4480	4441	4428	8952
5	4545	4475	4506	8953
5	4546	4492	4461	8954
5	4487	4450	4483	8955
5	4490	4436	4477	8956
5	4490	4453	4436	8957
5	4507	4468	4485	8958
5	4498	4462	4439	8959
5	4510	4469	4446	8960
5	4519	4479	4518	8961
5	4516	4435	4462	8962
5	4518	4479	4478	8963
5	4482	4423	4384	8964
5	4482	4384	4444	8965
5	4674	4659	4616	8966
5	4521	4482	4520	8967
5	4569	4523	4536	8968
5	4551	4500	4476	8969
5	4485	4449	4448	8970
5	4485	4468	4449	8971
5	4517	4435	4516	8972
5	4677	4673	4636	8973
5	4546	4461	4522	8974
5	4486	4461	4447	8975
5	4527	4490	4477	8976
5	4523	4487	4483	8977
5	4489	4452	4488	8978
5	4489	4380	4452	8979
5	4611	4561	4577	8980
5	4526	4485	4484	8981
5	4527	4477	4491	8982
5	4491	4445	4487	8983
5	4527	4470	4490	8984
5	4491	4477	4421	8985
5	4652	4609	4588	8986
5	4582	4544	4570	8987
5	4493	4464	4418	8988
5	4493	4418	4475	8989
5	4494	4455	4434	8990
5	4494	4434	4457	8991
5	4509	4429	4458	8992
5	4495	4458	4472	8993
5	4531	4464	4493	8994
5	4558	4517	4516	8995
5	4497	4460	4417	8996
5	4497	4417	4455	8997
5	4518	4478	4517	8998
5	4516	4462	4498	8999
5	4499	4471	4432	9000
5	4499	4432	4454	9001
5	4500	4483	4433	9002
5	4500	4433	4476	9003
5	4520	4482	4481	9004
5	4547	4520	4481	9005
5	4535	4463	4532	9006
5	4532	4463	4502	9007
5	4607	4495	4604	9008
5	4503	4422	4402	9009
5	4549	4459	4496	9010
5	4655	4605	4639	9011
5	4565	4505	4563	9012
5	4527	4491	4505	9013
5	4606	4531	4567	9014
5	4590	4557	4519	9015
5	4510	4446	4468	9016
5	4550	4498	4469	9017
5	4534	4508	4533	9018
5	4561	4521	4520	9019
5	4536	4483	4500	9020
5	4607	4586	4540	9021
5	4558	4516	4556	9022
5	4564	4526	4534	9023
5	4609	4608	4587	9024
5	4541	4455	4494	9025
5	4512	4488	4451	9026
5	4512	4451	4466	9027
5	4592	4555	4554	9028
5	4619	4588	4548	9029
5	4514	4499	4454	9030
5	4514	4454	4459	9031
5	4555	4513	4554	9032
5	4576	4515	4555	9033
5	4674	4616	4644	9034
5	4560	4519	4518	9035
5	4578	4552	4564	9036
5	4559	4517	4558	9037
5	4632	4595	4620	9038
5	4620	4595	4557	9039
5	4634	4597	4596	9040
5	4559	4518	4517	9041
5	4521	4466	4423	9042
5	4521	4423	4482	9043
5	4909	4870	4819	9044
5	4562	4521	4561	9045
5	4563	4505	4523	9046
5	4694	4660	4614	9047
5	4570	4492	4546	9048
5	4523	4505	4487	9049
5	4524	4522	4486	9050
5	4524	4486	4470	9051
5	4598	4559	4597	9052
5	4648	4577	4613	9053
5	4534	4526	4508	9054
5	4526	4507	4485	9055
5	4568	4546	4522	9056
5	4527	4524	4470	9057
5	4617	4536	4572	9058
5	4754	4739	4744	9059
5	4565	4529	4524	9060
5	4536	4523	4483	9061
5	4777	4719	4774	9062
5	4530	4457	4427	9063
5	4567	4531	4493	9064
5	4589	4543	4514	9065
5	4648	4611	4577	9066
5	4626	4584	4537	9067
5	4613	4547	4574	9068
5	4576	4537	4515	9069
5	4560	4518	4559	9070
5	4550	4469	4510	9071
5	4579	4533	4525	9072
5	4547	4481	4501	9073
5	4658	4607	4604	9074
5	4664	4624	4641	9075
5	4584	4502	4537	9076
5	4711	4675	4685	9077
5	4538	4528	4471	9078
5	4538	4471	4499	9079
5	4647	4614	4586	9080
5	4586	4509	4540	9081
5	4586	4551	4509	9082
5	4551	4476	4509	9083
5	4554	4511	4553	9084
5	4609	4587	4541	9085
5	4611	4599	4561	9086
5	4649	4579	4637	9087
5	4543	4538	4499	9088
5	4543	4499	4514	9089
5	4544	4530	4427	9090
5	4544	4427	4474	9091
5	4712	4646	4693	9092
5	4606	4575	4531	9093
5	4607	4540	4495	9094
5	4615	4563	4569	9095
5	4574	4501	4535	9096
5	4880	4848	4845	9097
5	4588	4541	4494	9098
5	4548	4494	4457	9099
5	4621	4566	4543	9100
5	4549	4514	4459	9101
5	4596	4556	4594	9102
5	4590	4519	4560	9103
5	4572	4500	4551	9104
5	4678	4650	4615	9105
5	4552	4550	4510	9106
5	4552	4510	4507	9107
5	4777	4753	4719	9108
5	4592	4554	4591	9109
5	4619	4548	4583	9110
5	4591	4554	4553	9111
5	4651	4576	4618	9112
5	4745	4726	4741	9113
5	4593	4552	4578	9114
5	4632	4545	4595	9115
5	4620	4557	4590	9116
5	4557	4506	4480	9117
5	4579	4525	4542	9118
5	4595	4506	4557	9119
5	4593	4550	4552	9120
5	4594	4556	4550	9121
5	4666	4598	4635	9122
5	4596	4558	4556	9123
5	4562	4512	4466	9124
5	4562	4466	4521	9125
5	4902	4828	4866	9126
5	4677	4636	4640	9127
5	4568	4522	4529	9128
5	4585	4565	4563	9129
5	4564	4552	4507	9130
5	4564	4507	4526	9131
5	4565	4524	4527	9132
5	4565	4527	4505	9133
5	4621	4543	4589	9134
5	4716	4686	4667	9135
5	4681	4645	4610	9136
5	4712	4676	4646	9137
5	4609	4541	4588	9138
5	4625	4582	4624	9139
5	4779	4720	4746	9140
5	4641	4624	4602	9141
5	4624	4570	4602	9142
5	4617	4569	4536	9143
5	4581	4538	4566	9144
5	4604	4495	4539	9145
5	4650	4627	4585	9146
5	4655	4603	4605	9147
5	4574	4535	4573	9148
5	4573	4535	4532	9149
5	4599	4562	4561	9150
5	4763	4734	4689	9151
5	4575	4549	4496	9152
5	4575	4496	4531	9153
5	4638	4612	4584	9154
5	4665	4591	4608	9155
5	4577	4561	4520	9156
5	4577	4520	4547	9157
5	4580	4564	4534	9158
5	4622	4533	4579	9159
5	4630	4578	4623	9160
5	4580	4534	4533	9161
5	4690	4611	4648	9162
5	4622	4580	4533	9163
5	4581	4571	4528	9164
5	4581	4528	4538	9165
5	4732	4663	4703	9166
5	4678	4615	4643	9167
5	4703	4625	4664	9168
5	4701	4641	4661	9169
5	4638	4584	4626	9170
5	4747	4679	4713	9171
5	4615	4585	4563	9172
5	4627	4529	4585	9173
5	4667	4567	4632	9174
5	4693	4646	4621	9175
5	4587	4553	4497	9176
5	4587	4497	4541	9177
5	4713	4679	4654	9178
5	4653	4608	4609	9179
5	4715	4693	4642	9180
5	4776	4742	4709	9181
5	4736	4645	4681	9182
5	4707	4666	4635	9183
5	4704	4653	4696	9184
5	4766	4695	4727	9185
5	4848	4810	4845	9186
5	4713	4654	4675	9187
5	4597	4558	4596	9188
5	4594	4550	4593	9189
5	4662	4580	4622	9190
5	4623	4578	4580	9191
5	4667	4606	4567	9192
5	4595	4545	4506	9193
5	4630	4593	4578	9194
5	4631	4593	4630	9195
5	4709	4672	4671	9196
5	4635	4598	4597	9197
5	4631	4594	4593	9198
5	4633	4596	4594	9199
5	4600	4562	4599	9200
5	4600	4512	4562	9201
5	4633	4594	4631	9202
5	4637	4579	4542	9203
5	4601	4581	4566	9204
5	4676	4601	4646	9205
5	4602	4570	4546	9206
5	4602	4546	4568	9207
5	4698	4655	4682	9208
5	4768	4678	4725	9209
5	4657	4604	4603	9210
5	4650	4585	4615	9211
5	4605	4603	4571	9212
5	4605	4571	4581	9213
5	4628	4549	4575	9214
5	4716	4667	4680	9215
5	4647	4586	4607	9216
5	4646	4601	4566	9217
5	4608	4591	4553	9218
5	4608	4553	4587	9219
5	4717	4650	4678	9220
5	4625	4583	4582	9221
5	4610	4590	4560	9222
5	4610	4560	4598	9223
5	4735	4690	4695	9224
5	4636	4600	4599	9225
5	4612	4573	4532	9226
5	4612	4532	4584	9227
5	4640	4636	4599	9228
5	4719	4644	4683	9229
5	4614	4572	4551	9230
5	4614	4551	4586	9231
5	4660	4617	4572	9232
5	4661	4568	4627	9233
5	4616	4613	4574	9234
5	4616	4574	4573	9235
5	4725	4678	4643	9236
5	4643	4569	4617	9237
5	4618	4576	4555	9238
5	4618	4555	4592	9239
5	4652	4588	4619	9240
5	4683	4644	4612	9241
5	4671	4634	4633	9242
5	4749	4681	4729	9243
5	4676	4639	4601	9244
5	4628	4589	4549	9245
5	4932	4873	4888	9246
5	4742	4672	4709	9247
5	4640	4599	4611	9248
5	4687	4662	4622	9249
5	4775	4724	4740	9250
5	4797	4758	4732	9251
5	4720	4703	4664	9252
5	4643	4615	4569	9253
5	4689	4626	4651	9254
5	4763	4689	4651	9255
5	4663	4583	4625	9256
5	4661	4641	4602	9257
5	4714	4656	4686	9258
5	4680	4632	4620	9259
5	4629	4592	4591	9260
5	4665	4629	4591	9261
5	4803	4728	4761	9262
5	4634	4596	4633	9263
5	4669	4633	4631	9264
5	4635	4597	4634	9265
5	4681	4610	4666	9266
5	4632	4567	4545	9267
5	4672	4634	4671	9268
5	4687	4622	4649	9269
5	4668	4631	4630	9270
5	4730	4670	4692	9271
5	4709	4671	4708	9272
5	4672	4635	4634	9273
5	4637	4600	4636	9274
5	4637	4542	4600	9275
5	4662	4623	4580	9276
5	4680	4667	4632	9277
5	4651	4626	4576	9278
5	4755	4675	4711	9279
5	4639	4605	4601	9280
5	4849	4781	4823	9281
5	4752	4718	4735	9282
5	4814	4777	4774	9283
5	4764	4748	4737	9284
5	4660	4572	4614	9285
5	4642	4621	4589	9286
5	4642	4589	4628	9287
5	4739	4698	4710	9288
5	4684	4617	4660	9289
5	4644	4616	4573	9290
5	4644	4573	4612	9291
5	4645	4620	4590	9292
5	4645	4590	4610	9293
5	4693	4621	4642	9294
5	4849	4829	4781	9295
5	4699	4657	4698	9296
5	4684	4643	4617	9297
5	4722	4662	4687	9298
5	4690	4640	4611	9299
5	4708	4669	4705	9300
5	4723	4649	4673	9301
5	4724	4688	4701	9302
5	4661	4602	4568	9303
5	4794	4713	4755	9304
5	4683	4612	4638	9305
5	4665	4608	4653	9306
5	4653	4609	4652	9307
5	4704	4665	4653	9308
5	4704	4685	4665	9309
5	4654	4618	4592	9310
5	4654	4592	4629	9311
5	4698	4657	4655	9312
5	4658	4604	4657	9313
5	4656	4628	4575	9314
5	4656	4575	4606	9315
5	4748	4721	4737	9316
5	4658	4647	4607	9317
5	4799	4784	4748	9318
5	4829	4756	4781	9319
5	4659	4648	4613	9320
5	4659	4613	4616	9321
5	4757	4684	4721	9322
5	4821	4790	4750	9323
5	4700	4627	4650	9324
5	4700	4661	4627	9325
5	4669	4631	4668	9326
5	4671	4633	4669	9327
5	4702	4619	4663	9328
5	4663	4619	4583	9329
5	4801	4741	4773	9330
5	4664	4625	4624	9331
5	4778	4651	4679	9332
5	4877	4779	4817	9333
5	4729	4666	4707	9334
5	4759	4715	4691	9335
5	4715	4642	4691	9336
5	4714	4691	4656	9337
5	4735	4718	4690	9338
5	4820	4783	4776	9339
5	4761	4718	4752	9340
5	4707	4635	4672	9341
5	4670	4668	4630	9342
5	4670	4630	4623	9343
5	4762	4729	4707	9344
5	4692	4623	4662	9345
5	4731	4708	4705	9346
5	4762	4707	4742	9347
5	4673	4649	4637	9348
5	4673	4637	4636	9349
5	4774	4683	4734	9350
5	4878	4803	4841	9351
5	4675	4654	4629	9352
5	4703	4663	4625	9353
5	4838	4805	4816	9354
5	4836	4795	4744	9355
5	4921	4858	4881	9356
5	4803	4761	4780	9357
5	4732	4702	4663	9358
5	4771	4726	4745	9359
5	4679	4651	4618	9360
5	4679	4618	4654	9361
5	5001	4966	4941	9362
5	4680	4620	4645	9363
5	4765	4686	4716	9364
5	4708	4671	4669	9365
5	4682	4655	4639	9366
5	4733	4682	4639	9367
5	4842	4747	4819	9368
5	4719	4674	4644	9369
5	5058	5001	5021	9370
5	4694	4614	4647	9371
5	4685	4675	4629	9372
5	4685	4629	4665	9373
5	4686	4656	4606	9374
5	4686	4606	4667	9375
5	4692	4670	4623	9376
5	4705	4669	4668	9377
5	4688	4664	4641	9378
5	4757	4721	4748	9379
5	4734	4638	4689	9380
5	4689	4638	4626	9381
5	4766	4735	4695	9382
5	4807	4788	4769	9383
5	4691	4642	4628	9384
5	4691	4628	4656	9385
5	4765	4714	4686	9386
5	4772	4716	4680	9387
5	4733	4639	4676	9388
5	4836	4744	4785	9389
5	4751	4732	4703	9390
5	5133	5060	5082	9391
5	4695	4690	4648	9392
5	4695	4648	4659	9393
5	4696	4653	4652	9394
5	4779	4751	4720	9395
5	4697	4694	4647	9396
5	4697	4647	4658	9397
5	4699	4658	4657	9398
5	4965	4937	4909	9399
5	4790	4733	4750	9400
5	4764	4738	4754	9401
5	4701	4661	4700	9402
5	4701	4688	4641	9403
5	4916	4911	4913	9404
5	4905	4817	4857	9405
5	4702	4696	4652	9406
5	4702	4652	4619	9407
5	4720	4664	4688	9408
5	4809	4746	4724	9409
5	5095	232	5043	9410
5	4981	4951	4975	9411
5	4761	4677	4718	9412
5	4731	4705	4706	9413
5	4706	4705	4668	9414
5	4706	4668	4670	9415
5	4742	4707	4672	9416
5	4729	4681	4666	9417
5	4851	4835	4834	9418
5	4854	4783	4820	9419
5	4807	4767	4788	9420
5	4789	4769	4788	9421
5	4710	4698	4682	9422
5	4770	4682	4733	9423
5	4822	4794	4755	9424
5	5012	4946	4988	9425
5	4885	4816	4865	9426
5	4947	4888	4934	9427
5	4855	4822	4787	9428
5	4794	4747	4713	9429
5	4772	4680	4736	9430
5	4886	4849	4823	9431
5	4756	4712	4693	9432
5	4770	4710	4682	9433
5	4826	4796	4765	9434
5	4749	4736	4681	9435
5	4740	4724	4701	9436
5	4717	4700	4650	9437
5	4718	4677	4640	9438
5	4718	4640	4690	9439
5	4856	4841	4780	9440
5	4864	4791	4824	9441
5	4901	4813	4837	9442
5	4751	4703	4720	9443
5	4721	4684	4660	9444
5	4721	4660	4694	9445
5	4730	4706	4670	9446
5	4722	4692	4662	9447
5	4723	4722	4687	9448
5	4723	4687	4649	9449
5	4740	4700	4717	9450
5	4725	4643	4684	9451
5	4740	4701	4700	9452
5	4818	4784	4799	9453
5	4726	4711	4685	9454
5	4726	4685	4704	9455
5	4727	4695	4659	9456
5	4727	4659	4674	9457
5	4728	4723	4673	9458
5	4728	4673	4677	9459
5	4783	4742	4776	9460
5	4736	4680	4645	9461
5	4743	4708	4731	9462
5	4731	4706	4730	9463
5	4858	4793	4835	9464
5	4793	4776	4743	9465
5	4758	4702	4732	9466
5	4850	4846	4812	9467
5	4756	4693	4715	9468
5	4785	4710	4770	9469
5	4774	4719	4683	9470
5	4734	4683	4638	9471
5	4791	4735	4766	9472
5	4883	4864	4824	9473
5	4806	4716	4772	9474
5	4879	4806	4843	9475
5	4737	4721	4694	9476
5	4737	4694	4697	9477
5	4738	4737	4697	9478
5	4738	4697	4699	9479
5	4739	4738	4699	9480
5	4739	4699	4698	9481
5	4799	4748	4764	9482
5	4757	4725	4684	9483
5	4741	4726	4704	9484
5	4741	4704	4696	9485
5	4793	4743	4760	9486
5	4767	4723	4728	9487
5	4776	4709	4743	9488
5	4743	4709	4708	9489
5	4744	4739	4710	9490
5	4785	4744	4710	9491
5	4773	4741	4696	9492
5	4859	4785	4815	9493
5	4746	4720	4688	9494
5	4746	4688	4724	9495
5	4833	4763	4778	9496
5	4755	4713	4675	9497
5	4754	4738	4739	9498
5	4805	4754	4795	9499
5	4811	4736	4749	9500
5	4806	4765	4716	9501
5	4750	4733	4676	9502
5	4750	4676	4712	9503
5	4758	4696	4702	9504
5	4801	4745	4741	9505
5	4778	4679	4747	9506
5	4875	4842	4870	9507
5	4753	4727	4674	9508
5	4753	4674	4719	9509
5	4764	4737	4738	9510
5	4890	4853	4818	9511
5	4771	4711	4726	9512
5	4982	4959	4919	9513
5	5128	5067	5084	9514
5	4759	4691	4714	9515
5	4800	4775	4786	9516
5	4768	4717	4678	9517
5	4773	4696	4758	9518
5	4845	4810	4745	9519
5	4914	4897	4849	9520
5	4821	4750	4782	9521
5	4760	4743	4731	9522
5	4789	4730	4769	9523
5	4803	4767	4728	9524
5	4761	4728	4677	9525
5	4820	4776	4793	9526
5	4918	4889	4896	9527
5	4804	4774	4734	9528
5	4798	4727	4753	9529
5	4923	4867	4908	9530
5	4784	4757	4748	9531
5	4904	4827	4863	9532
5	4915	4852	4882	9533
5	4804	4734	4763	9534
5	4828	4753	4777	9535
5	4791	4752	4735	9536
5	4807	4723	4767	9537
5	4808	4725	4757	9538
5	4892	4857	4825	9539
5	4769	4730	4692	9540
5	4769	4692	4722	9541
5	4790	4770	4733	9542
5	4903	4879	4843	9543
5	4855	4787	4830	9544
5	5078	5043	232	9545
5	4826	4765	4806	9546
5	4831	4762	4783	9547
5	4797	4732	4751	9548
5	4812	4758	4797	9549
5	4978	4939	4902	9550
5	4814	4774	4804	9551
5	4825	4809	4775	9552
5	4809	4724	4775	9553
5	4783	4762	4742	9554
5	4835	4793	4760	9555
5	4798	4766	4727	9556
5	4864	4832	4791	9557
5	4833	4804	4763	9558
5	4778	4763	4651	9559
5	4850	4812	4813	9560
5	4837	4751	4779	9561
5	4780	4761	4752	9562
5	5000	4958	4940	9563
5	4781	4756	4715	9564
5	4781	4715	4759	9565
5	4782	4750	4712	9566
5	4782	4712	4756	9567
5	4941	4904	4863	9568
5	4992	4922	4963	9569
5	4786	4717	4768	9570
5	4808	4768	4725	9571
5	4829	4782	4756	9572
5	4872	4825	4775	9573
5	4786	4775	4740	9574
5	4786	4740	4717	9575
5	4787	4755	4711	9576
5	4787	4711	4771	9577
5	4802	4760	4731	9578
5	4789	4731	4730	9579
5	4802	4731	4789	9580
5	4834	4760	4802	9581
5	5028	4950	4993	9582
5	4873	4790	4821	9583
5	4891	4841	4856	9584
5	4866	4777	4814	9585
5	4792	4749	4729	9586
5	4792	4729	4762	9587
5	4835	4760	4834	9588
5	4827	4811	4749	9589
5	4847	4794	4822	9590
5	4948	4898	4937	9591
5	4795	4754	4744	9592
5	4865	4795	4836	9593
5	4796	4759	4714	9594
5	4796	4714	4765	9595
5	4890	4818	4867	9596
5	5062	5013	5008	9597
5	4982	4919	4956	9598
5	4828	4798	4753	9599
5	4865	4816	4795	9600
5	4867	4818	4838	9601
5	4800	4786	4768	9602
5	4808	4800	4768	9603
5	4906	4865	4836	9604
5	4845	4745	4801	9605
5	4839	4789	4788	9606
5	4966	4904	4941	9607
5	4922	4854	4893	9608
5	4840	4767	4803	9609
5	4871	4804	4833	9610
5	4871	4814	4804	9611
5	4805	4799	4764	9612
5	4805	4764	4754	9613
5	4811	4772	4736	9614
5	4914	4849	4886	9615
5	4807	4769	4722	9616
5	4807	4722	4723	9617
5	4808	4757	4784	9618
5	4844	4808	4784	9619
5	4924	4882	4879	9620
5	4837	4797	4751	9621
5	4810	4771	4745	9622
5	4905	4877	4817	9623
5	4831	4792	4762	9624
5	4895	4831	4854	9625
5	4846	4773	4812	9626
5	4812	4773	4758	9627
5	4813	4812	4797	9628
5	4837	4813	4797	9629
5	4998	4925	4972	9630
5	4894	4856	4832	9631
5	4815	4785	4770	9632
5	4815	4770	4790	9633
5	4816	4805	4795	9634
5	5069	4984	5011	9635
5	4817	4779	4746	9636
5	4817	4746	4809	9637
5	4913	4853	4890	9638
5	4933	4880	4899	9639
5	4819	4747	4794	9640
5	4822	4755	4787	9641
5	4854	4831	4783	9642
5	4843	4772	4811	9643
5	4873	4815	4790	9644
5	4906	4836	4859	9645
5	4847	4819	4794	9646
5	4972	4925	4898	9647
5	4823	4781	4759	9648
5	4823	4759	4796	9649
5	4824	4791	4766	9650
5	4824	4766	4798	9651
5	4916	4913	4890	9652
5	4857	4817	4809	9653
5	4958	4903	4940	9654
5	4827	4749	4792	9655
5	4903	4843	4874	9656
5	4904	4874	4827	9657
5	5076	5025	5071	9658
5	4972	4898	4948	9659
5	4879	4826	4806	9660
5	5047	5004	5017	9661
5	4830	4787	4771	9662
5	4830	4771	4810	9663
5	4895	4863	4831	9664
5	4858	4820	4793	9665
5	4832	4780	4752	9666
5	4832	4752	4791	9667
5	4866	4828	4777	9668
5	4925	4871	4875	9669
5	4876	4788	4840	9670
5	4840	4788	4767	9671
5	4856	4780	4832	9672
5	4928	4841	4891	9673
5	4859	4836	4785	9674
5	4897	4829	4849	9675
5	4951	4933	4938	9676
5	4877	4837	4779	9677
5	4838	4818	4799	9678
5	4838	4799	4805	9679
5	4839	4834	4802	9680
5	4839	4802	4789	9681
5	5143	5129	5081	9682
5	4921	4893	4858	9683
5	5044	4992	5024	9684
5	4841	4803	4780	9685
5	4842	4833	4778	9686
5	4842	4778	4747	9687
5	4886	4823	4852	9688
5	4843	4806	4772	9689
5	4997	4914	4954	9690
5	4844	4800	4808	9691
5	5144	5104	5115	9692
5	4861	4810	4848	9693
5	4899	4801	4846	9694
5	4846	4801	4773	9695
5	5077	5057	5014	9696
5	4925	4875	4898	9697
5	5037	4957	4994	9698
5	4942	4907	4848	9699
5	4941	4863	4895	9700
5	5004	4932	4947	9701
5	4901	4837	4877	9702
5	4857	4809	4825	9703
5	4939	4860	4902	9704
5	5060	5015	4996	9705
5	4852	4823	4796	9706
5	4852	4796	4826	9707
5	4853	4844	4784	9708
5	4853	4784	4818	9709
5	4958	4924	4903	9710
5	4924	4879	4903	9711
5	4861	4830	4810	9712
5	5078	232	233	9713
5	4960	4920	4889	9714
5	5015	4983	4960	9715
5	4976	4905	4929	9716
5	4929	4857	4892	9717
5	4960	4889	4918	9718
5	4889	4851	4869	9719
5	5006	4935	4976	9720
5	5047	5018	5004	9721
5	4860	4824	4798	9722
5	4860	4798	4828	9723
5	5117	233	234	9724
5	4961	4880	4933	9725
5	4862	4821	4782	9726
5	4862	4782	4829	9727
5	4863	4827	4792	9728
5	4863	4792	4831	9729
5	5005	4948	4937	9730
5	4883	4824	4860	9731
5	4932	4900	4873	9732
5	4923	4890	4867	9733
5	4910	4866	4814	9734
5	4996	4918	4974	9735
5	4885	4868	4816	9736
5	4908	4867	4868	9737
5	4868	4867	4838	9738
5	4868	4838	4816	9739
5	4869	4851	4834	9740
5	4869	4834	4839	9741
5	4870	4842	4819	9742
5	4909	4819	4847	9743
5	4937	4898	4870	9744
5	4910	4814	4871	9745
5	4872	4775	4800	9746
5	5017	4947	4984	9747
5	4897	4862	4829	9748
5	4954	4914	4886	9749
5	4874	4843	4811	9750
5	4874	4811	4827	9751
5	4875	4871	4833	9752
5	4875	4833	4842	9753
5	4876	4869	4839	9754
5	4876	4839	4788	9755
5	4987	4971	4977	9756
5	4929	4905	4857	9757
5	4928	4912	4878	9758
5	4878	4840	4803	9759
5	4872	4800	4844	9760
5	4913	4844	4853	9761
5	4988	4946	4957	9762
5	4899	4846	4850	9763
5	4881	4858	4835	9764
5	4881	4835	4851	9765
5	4882	4852	4826	9766
5	4882	4826	4879	9767
5	5042	4972	5009	9768
5	4894	4832	4864	9769
5	4884	4847	4822	9770
5	4884	4822	4855	9771
5	5093	5047	5017	9772
5	5079	5050	5016	9773
5	4915	4886	4852	9774
5	4934	4888	4862	9775
5	4887	4855	4830	9776
5	4887	4830	4861	9777
5	4888	4873	4821	9778
5	4888	4821	4862	9779
5	4928	4878	4841	9780
5	5163	5120	5160	9781
5	5080	5063	5028	9782
5	4975	4901	4935	9783
5	4912	4840	4878	9784
5	5106	5066	5073	9785
5	5038	4971	4987	9786
5	5080	5028	5050	9787
5	4893	4854	4820	9788
5	4893	4820	4858	9789
5	4936	4864	4883	9790
5	4936	4894	4864	9791
5	5044	5021	4992	9792
5	4922	4895	4854	9793
5	4896	4889	4869	9794
5	4896	4869	4876	9795
5	5090	5011	5053	9796
5	4964	4934	4897	9797
5	4898	4875	4870	9798
5	4965	4909	4917	9799
5	4899	4880	4845	9800
5	4899	4845	4801	9801
5	4900	4859	4815	9802
5	4900	4815	4873	9803
5	4938	4850	4901	9804
5	4901	4850	4813	9805
5	4944	4866	4910	9806
5	4902	4860	4828	9807
5	4940	4903	4874	9808
5	5031	4966	5001	9809
5	4940	4874	4904	9810
5	4967	4895	4922	9811
5	5022	4968	4995	9812
5	4916	4892	4911	9813
5	5156	215	216	9814
5	5050	5028	4993	9815
5	4907	4861	4848	9816
5	4942	4848	4880	9817
5	4943	4908	4868	9818
5	4943	4868	4885	9819
5	4937	4870	4909	9820
5	5046	4980	5012	9821
5	5200	5143	5176	9822
5	4944	4910	4925	9823
5	4911	4892	4825	9824
5	4911	4825	4872	9825
5	4912	4896	4876	9826
5	4912	4876	4840	9827
5	4913	4911	4872	9828
5	4913	4872	4844	9829
5	5035	4997	4954	9830
5	4934	4862	4897	9831
5	5007	4924	4958	9832
5	4964	4897	4914	9833
5	4994	4942	4961	9834
5	4990	4929	4973	9835
5	4917	4909	4847	9836
5	4917	4847	4884	9837
5	4939	4883	4860	9838
5	4952	4891	4927	9839
5	4919	4884	4855	9840
5	4919	4855	4887	9841
5	4920	4881	4851	9842
5	4920	4851	4889	9843
5	5143	5081	5133	9844
5	5082	5060	5026	9845
5	4966	4940	4904	9846
5	5052	5024	4991	9847
5	4995	4968	4923	9848
5	4995	4923	4971	9849
5	4967	4941	4895	9850
5	5103	5010	5056	9851
5	5054	5039	5042	9852
5	4925	4910	4871	9853
5	4926	4885	4865	9854
5	4926	4865	4906	9855
5	4927	4891	4856	9856
5	4927	4856	4894	9857
5	4928	4896	4912	9858
5	5070	5054	5009	9859
5	4973	4892	4916	9860
5	4935	4877	4905	9861
5	4930	4906	4859	9862
5	4930	4859	4900	9863
5	4931	4887	4861	9864
5	4931	4861	4907	9865
5	5170	5153	5124	9866
5	4928	4918	4896	9867
5	4961	4942	4880	9868
5	4935	4901	4877	9869
5	4997	4964	4914	9870
5	4947	4932	4888	9871
5	4976	4935	4905	9872
5	4973	4929	4892	9873
5	4974	4891	4952	9874
5	5026	4974	4952	9875
5	5013	4965	5008	9876
5	5039	4985	4978	9877
5	4938	4933	4899	9878
5	4938	4899	4850	9879
5	5102	5054	5100	9880
5	5034	4970	4985	9881
5	5101	5021	5044	9882
5	5114	5084	5059	9883
5	5001	4941	4967	9884
5	4996	4960	4918	9885
5	5012	4980	4946	9886
5	5032	4961	5003	9887
5	5002	4943	4950	9888
5	5022	4916	4968	9889
5	4978	4902	4944	9890
5	4944	4902	4866	9891
5	4945	4915	4882	9892
5	4945	4882	4924	9893
5	4946	4931	4907	9894
5	5003	4933	4951	9895
5	5028	5002	4950	9896
5	5004	4962	4932	9897
5	5005	4937	4965	9898
5	5111	5077	235	9899
5	4949	4927	4894	9900
5	4949	4894	4936	9901
5	4950	4943	4885	9902
5	4950	4885	4926	9903
5	5091	5033	5066	9904
5	5006	4981	4975	9905
5	5026	4996	4974	9906
5	5055	5034	4985	9907
5	4953	4921	4881	9908
5	4953	4881	4920	9909
5	4979	4915	4945	9910
5	4979	4955	4915	9911
5	4955	4954	4886	9912
5	4955	4886	4915	9913
5	4956	4919	4887	9914
5	4956	4887	4931	9915
5	4957	4946	4907	9916
5	4957	4907	4942	9917
5	5085	5031	5058	9918
5	5067	4979	5030	9919
5	4959	4917	4884	9920
5	4959	4884	4919	9921
5	5060	4996	5026	9922
5	5031	5000	4966	9923
5	5141	5061	5105	9924
5	5003	4961	4933	9925
5	4962	4930	4900	9926
5	4962	4900	4932	9927
5	4963	4922	4893	9928
5	4963	4893	4921	9929
5	5175	212	213	9930
5	5132	5069	5090	9931
5	5171	239	5148	9932
5	5040	4948	5005	9933
5	5000	4940	4966	9934
5	5059	5030	5007	9935
5	5024	4963	4991	9936
5	4992	4967	4922	9937
5	4968	4916	4890	9938
5	4968	4890	4923	9939
5	4969	4926	4906	9940
5	4969	4906	4930	9941
5	4970	4936	4883	9942
5	4970	4883	4939	9943
5	4971	4923	4908	9944
5	5097	5019	5049	9945
5	4998	4944	4925	9946
5	5144	5116	5104	9947
5	5006	4975	4935	9948
5	5049	5019	5022	9949
5	4974	4918	4928	9950
5	4974	4928	4891	9951
5	4975	4951	4938	9952
5	4975	4938	4901	9953
5	5187	243	5160	9954
5	5033	4981	5006	9955
5	4977	4971	4908	9956
5	4977	4908	4943	9957
5	5086	5070	5040	9958
5	5034	4999	4970	9959
5	5035	4954	5027	9960
5	5059	5007	5010	9961
5	4980	4956	4931	9962
5	4980	4931	4946	9963
5	4990	4976	4929	9964
5	5065	4981	5033	9965
5	5111	5057	5077	9966
5	5057	5036	4982	9967
5	4983	4953	4920	9968
5	4983	4920	4960	9969
5	4984	4947	4934	9970
5	4984	4934	4964	9971
5	4985	4970	4939	9972
5	4985	4939	4978	9973
5	4986	4952	4927	9974
5	4986	4927	4949	9975
5	5002	4977	4943	9976
5	5050	4993	5016	9977
5	5105	5029	5065	9978
5	5037	4988	4957	9979
5	4989	4969	4930	9980
5	4989	4930	4962	9981
5	5065	5029	4981	9982
5	5066	5033	5041	9983
5	4991	4963	4921	9984
5	4991	4921	4953	9985
5	5025	4953	4983	9986
5	5071	4983	5015	9987
5	4993	4950	4926	9988
5	4993	4926	4969	9989
5	5204	213	214	9990
5	4994	4957	4942	9991
5	5038	4995	4971	9992
5	5070	5009	5040	9993
5	5015	4960	4996	9994
5	5026	4952	4986	9995
5	5017	5004	4947	9996
5	5172	5156	216	9997
5	5039	4978	4998	9998
5	4998	4978	4944	9999
5	4999	4949	4936	10000
5	4999	4936	4970	10001
5	5108	5074	5027	10002
5	5007	4945	4924	10003
5	5024	4992	4963	10004
5	5225	5200	5218	10005
5	5068	4987	5020	10006
5	5150	5079	5110	10007
5	5032	4994	4961	10008
5	5094	4994	5032	10009
5	5069	5017	4984	10010
5	5090	5069	5011	10011
5	5013	5005	4965	10012
5	5040	5009	4948	10013
5	5041	4976	4990	10014
5	5091	5065	5033	10015
5	5112	5099	5074	10016
5	5056	5000	5031	10017
5	5008	4965	4917	10018
5	5008	4917	4959	10019
5	5055	4985	5039	10020
5	5009	4972	4948	10021
5	5010	5007	4958	10022
5	5010	4958	5000	10023
5	5011	4984	4964	10024
5	5011	4964	4997	10025
5	5014	4982	4956	10026
5	5014	4956	4980	10027
5	5221	5203	245	10028
5	5116	5064	5104	10029
5	5117	5078	233	10030
5	5077	5014	5046	10031
5	5118	5044	5089	10032
5	5025	4991	4953	10033
5	5016	4993	4969	10034
5	5016	4969	4989	10035
5	5142	5135	5093	10036
5	5175	5142	5132	10037
5	5018	4989	4962	10038
5	5018	4962	5004	10039
5	5019	4990	4973	10040
5	5073	4990	5019	10041
5	5020	4987	4977	10042
5	5020	4977	5002	10043
5	5021	5001	4967	10044
5	5021	4967	4992	10045
5	5022	5019	4973	10046
5	5022	4973	4916	10047
5	5023	4986	4949	10048
5	5023	4949	4999	10049
5	5188	5119	5154	10050
5	5056	5010	5000	10051
5	5071	5025	4983	10052
5	5052	4991	5025	10053
5	5120	5083	5102	10054
5	5082	5026	5045	10055
5	5027	4954	4955	10056
5	5027	4955	4979	10057
5	5079	5016	5048	10058
5	5216	228	5179	10059
5	5029	5003	4951	10060
5	5029	4951	4981	10061
5	5030	4979	4945	10062
5	5030	4945	5007	10063
5	5081	5015	5060	10064
5	5058	5031	5001	10065
5	5121	5088	5094	10066
5	5095	5043	5072	10067
5	5198	222	5194	10068
5	5123	5091	5066	10069
5	5126	5051	5083	10070
5	5173	5145	5163	10071
5	5125	5053	5099	10072
5	5125	5090	5053	10073
5	5036	5008	4959	10074
5	5036	4959	4982	10075
5	5136	231	5095	10076
5	5204	5175	213	10077
5	5075	5038	4987	10078
5	5049	4995	5038	10079
5	5126	5098	5051	10080
5	5055	5039	5054	10081
5	5102	5055	5054	10082
5	5100	5054	5070	10083
5	5041	5033	5006	10084
5	5041	5006	4976	10085
5	5042	5039	4998	10086
5	5042	4998	4972	10087
5	5043	5012	4988	10088
5	5095	231	232	10089
5	5119	5085	5058	10090
5	5169	5085	5119	10091
5	5045	5026	4986	10092
5	5045	4986	5023	10093
5	5057	4982	5014	10094
5	5046	5014	4980	10095
5	5172	5150	5110	10096
5	5127	5050	5079	10097
5	5048	5016	4989	10098
5	5048	4989	5018	10099
5	5182	209	210	10100
5	5181	5161	5167	10101
5	5127	5080	5050	10102
5	5172	5110	5156	10103
5	5051	5023	4999	10104
5	5051	4999	5034	10105
5	5076	5052	5025	10106
5	5118	5101	5044	10107
5	5053	5011	4997	10108
5	5053	4997	5035	10109
5	5054	5042	5009	10110
5	5086	5040	5064	10111
5	5163	5126	5120	10112
5	5193	243	244	10113
5	5067	5027	4979	10114
5	5103	5059	5010	10115
5	5133	5081	5060	10116
5	5062	5008	5036	10117
5	5085	5056	5031	10118
5	5199	5146	5190	10119
5	5101	5058	5021	10120
5	5149	5125	5099	10121
5	5212	5170	5201	10122
5	5218	5200	5176	10123
5	5061	5032	5003	10124
5	5061	5003	5029	10125
5	5115	5062	5087	10126
5	5115	5104	5062	10127
5	5063	5020	5002	10128
5	5063	5002	5028	10129
5	5064	5040	5005	10130
5	5064	5005	5013	10131
5	5094	5032	5061	10132
5	5130	5065	5091	10133
5	5164	5131	5107	10134
5	5049	5022	4995	10135
5	5108	5027	5067	10136
5	5215	209	5162	10137
5	5137	5063	5080	10138
5	5131	5068	5107	10139
5	5132	5093	5069	10140
5	5175	5132	5155	10141
5	5075	4987	5068	10142
5	5106	5073	5097	10143
5	5196	5176	5153	10144
5	5081	5071	5015	10145
5	5072	5043	4988	10146
5	5072	4988	5037	10147
5	5073	5066	5041	10148
5	5073	5041	4990	10149
5	5074	5035	5027	10150
5	5206	5162	5128	10151
5	5097	5073	5019	10152
5	5122	5075	5096	10153
5	5089	5044	5024	10154
5	5089	5024	5052	10155
5	5117	5046	5078	10156
5	5077	234	235	10157
5	5078	5046	5012	10158
5	5078	5012	5043	10159
5	5150	5127	5079	10160
5	5151	5137	5080	10161
5	5151	5080	5127	10162
5	5131	5096	5068	10163
5	5176	5143	5133	10164
5	5152	5113	5076	10165
5	5168	5139	5100	10166
5	5227	5218	5196	10167
5	5083	5051	5034	10168
5	5083	5034	5055	10169
5	5084	5067	5030	10170
5	5084	5030	5059	10171
5	5157	5114	5103	10172
5	5114	5059	5103	10173
5	5138	5070	5086	10174
5	5102	5083	5055	10175
5	5087	5062	5036	10176
5	5087	5036	5057	10177
5	5088	5072	5037	10178
5	5136	5095	5072	10179
5	5213	5190	5210	10180
5	5196	5153	5170	10181
5	5202	5157	5195	10182
5	5093	5017	5069	10183
5	5185	5165	5123	10184
5	5130	5105	5065	10185
5	5092	5048	5018	10186
5	5092	5018	5047	10187
5	5156	5110	5092	10188
5	5142	5093	5132	10189
5	5094	5088	5037	10190
5	5094	5037	4994	10191
5	5136	5072	5088	10192
5	5136	230	231	10193
5	5096	5075	5068	10194
5	5137	5107	5063	10195
5	5109	5038	5075	10196
5	5123	5066	5106	10197
5	5098	5045	5023	10198
5	5098	5023	5051	10199
5	5099	5053	5035	10200
5	5099	5035	5074	10201
5	5148	5086	5116	10202
5	5178	5135	5142	10203
5	5226	203	204	10204
5	5119	5058	5101	10205
5	5163	5145	5126	10206
5	5126	5083	5120	10207
5	5157	5103	5140	10208
5	5128	5108	5067	10209
5	5104	5064	5013	10210
5	5104	5013	5062	10211
5	5158	5141	5105	10212
5	5105	5061	5029	10213
5	5134	5106	5097	10214
5	5122	5109	5075	10215
NPOIN= 5233
9.997500181200000e-01	-3.632760961757709e-05	0
9.990000128750000e-01	-1.451681721035796e-04	1
9.977599978450000e-01	-3.241728263945393e-04	2
9.960200190539999e-01	-5.719341360379003e-04	3
9.937800168990000e-01	-8.821526359514385e-04	4
9.910500049590000e-01	-1.242886245426122e-03	5
9.878399968150000e-01	-1.639048197681551e-03	6
9.841300249100000e-01	-2.059003676889083e-03	7
9.799500107769999e-01	-2.490279112858964e-03	8
9.752799868580000e-01	-2.935869618894221e-03	9
9.701499938960000e-01	-3.405845993033451e-03	10
9.645400047300000e-01	-3.924393689273923e-03	11
9.584699869160000e-01	-4.514449849773767e-03	12
9.519400000570000e-01	-5.195061163638420e-03	13
9.449599981310000e-01	-5.972866804881608e-03	14
9.375399947170000e-01	-6.842118403211373e-03	15
9.296900033950000e-01	-7.788356740286767e-03	16
9.214000105860000e-01	-8.796590320739648e-03	17
9.126999974250000e-01	-9.848993867344780e-03	18
9.035800099370001e-01	-1.093732939122876e-02	19
8.940600156780000e-01	-1.205479373772492e-02	20
8.841500282290000e-01	-1.319953036498882e-02	21
8.738499879840000e-01	-1.437270995698935e-02	22
8.631799817090000e-01	-1.557353270462360e-02	23
8.521599769590000e-01	-1.680068445888835e-02	24
8.407700061800000e-01	-1.805637894113985e-02	25
8.290500044819999e-01	-1.933537960538426e-02	26
8.170099854470000e-01	-2.063524071241675e-02	27
8.046399950980000e-01	-2.195534433366296e-02	28
7.919700145720000e-01	-2.329068899096463e-02	29
7.790099978450000e-01	-2.463846511500393e-02	30
7.657799720760000e-01	-2.599489780564691e-02	31
7.522799968720000e-01	-2.735833571354129e-02	32
7.385200262070000e-01	-2.872613196921502e-02	33
7.245299816130000e-01	-3.009372255033291e-02	34
7.103199958800001e-01	-3.145856483541454e-02	35
6.958900094030001e-01	-3.281906296365873e-02	36
6.812700033190000e-01	-3.417078374470668e-02	37
6.664699912070000e-01	-3.551121587345956e-02	38
6.514999866490000e-01	-3.683783271073465e-02	39
6.363800168040000e-01	-3.814723343249898e-02	40
6.211299896240000e-01	-3.943609203872523e-02	41
6.057599782940000e-01	-4.070194869775019e-02	42
5.902799963950000e-01	-4.194232829501524e-02	43
5.747100114820000e-01	-4.315396594423285e-02	44
5.590599775310000e-01	-4.433440199918177e-02	45
5.433599948880000e-01	-4.547969364936247e-02	46
5.276100039480000e-01	-4.658814317996924e-02	47
5.118399858470000e-01	-4.765590378345318e-02	48
4.960500001910000e-01	-4.868119185611523e-02	49
4.802699983120000e-01	-4.966023588716438e-02	50
4.645099937920000e-01	-5.059057806133119e-02	51
4.487800002100000e-01	-5.146968838889736e-02	52
4.331099987030000e-01	-5.229393947642570e-02	53
4.174999892710000e-01	-5.306131644901661e-02	54
4.019699990750000e-01	-5.376870462332589e-02	55
3.865399956700000e-01	-5.441305411263150e-02	56
3.712300062180000e-01	-5.499138869386939e-02	57
3.560400009160000e-01	-5.550145663159307e-02	58
3.409900069240000e-01	-5.594021937764894e-02	59
3.261100053790000e-01	-5.630453060492971e-02	60
3.113999962810000e-01	-5.659209336974422e-02	61
2.968699932100000e-01	-5.680025070831829e-02	62
2.825500071050000e-01	-5.692618502796021e-02	63
2.684499919410000e-01	-5.696752001122567e-02	64
2.545700073240000e-01	-5.692182110052012e-02	65
2.409400045870000e-01	-5.678679701512006e-02	66
2.275699973110000e-01	-5.656032042634924e-02	67
2.144699990750000e-01	-5.624031949768124e-02	68
2.016600072380000e-01	-5.582515198387488e-02	69
1.891400069000000e-01	-5.531269081361575e-02	70
1.769299954180000e-01	-5.470164336897707e-02	71
1.650400012730000e-01	-5.399055863068605e-02	72
1.534900069240000e-01	-5.317887410406175e-02	73
1.422899961470000e-01	-5.226576105056575e-02	74
1.314399987460000e-01	-5.124959947669271e-02	75
1.209499984980000e-01	-5.012958197426282e-02	76
1.108499988910000e-01	-4.890765028917619e-02	77
1.011300012470000e-01	-4.758143762415252e-02	78
9.181000292300000e-02	-4.615241636802405e-02	79
8.290000259900000e-02	-4.462125237339906e-02	80
7.440000027400000e-02	-4.298696167622119e-02	81
6.633000075800000e-02	-4.125260355619100e-02	82
5.869000032500000e-02	-3.941760978090696e-02	83
5.149000138000000e-02	-3.748372093178221e-02	84
4.473999887700000e-02	-3.545329749676704e-02	85
3.844000026600000e-02	-3.332594129883778e-02	86
3.260000050100000e-02	-3.110456947327570e-02	87
2.723000012300000e-02	-2.879319318920609e-02	88
2.232000045500000e-02	-2.638693500424649e-02	89
1.789999939500000e-02	-2.390113049614514e-02	90
1.394999958600000e-02	-2.132539478310888e-02	91
1.049000024800000e-02	-1.867314959454909e-02	92
7.519999985000000e-03	-1.594755180746260e-02	93
5.040000193000000e-03	-1.315187838294605e-02	94
3.049999941000000e-03	-1.028893498339687e-02	95
1.560000004000000e-03	-7.381869081204169e-03	96
5.600000150000000e-04	-4.419028348690149e-03	97
5.999999800000000e-05	-1.431123002313234e-03	98
0.000000000000000e+00	0.000000000000000e+00	99
5.999999800000000e-05	1.444655274433933e-03	100
5.600000150000000e-04	4.451027960257148e-03	101
1.560000004000000e-03	7.396987070193447e-03	102
3.049999941000000e-03	1.024519926629552e-02	103
5.040000193000000e-03	1.300498966291004e-02	104
7.519999985000000e-03	1.565391528020848e-02	105
1.049000024800000e-02	1.819076354443053e-02	106
1.394999958600000e-02	2.061470510265416e-02	107
1.789999939500000e-02	2.292568355129714e-02	108
2.232000045500000e-02	2.511523504805944e-02	109
2.723000012300000e-02	2.719641829480330e-02	110
3.260000050100000e-02	2.916019732977670e-02	111
3.844000026600000e-02	3.101533891166436e-02	112
4.473999887700000e-02	3.276320943995903e-02	113
5.149000138000000e-02	3.440635434522992e-02	114
5.869000032500000e-02	3.595014052190386e-02	115
6.633000075800000e-02	3.739779340602898e-02	116
7.440000027400000e-02	3.875311758156378e-02	117
8.290000259900000e-02	4.002173674690021e-02	118
9.181000292300000e-02	4.120643789575622e-02	119
1.011300012470000e-01	4.231309128796899e-02	120
1.108499988910000e-01	4.334619976427590e-02	121
1.209499984980000e-01	4.430949416017445e-02	122
1.314399987460000e-01	4.520957030605714e-02	123
1.422899961470000e-01	4.604939012922551e-02	124
1.534900069240000e-01	4.683381794436470e-02	125
1.650400012730000e-01	4.756817392027228e-02	126
1.769299954180000e-01	4.825683347967907e-02	127
1.891400069000000e-01	4.890348581933841e-02	128
2.016600072380000e-01	4.951222324762249e-02	129
2.144699990750000e-01	5.008641128207501e-02	130
2.275699973110000e-01	5.063000492919583e-02	131
2.409400045870000e-01	5.114570810206905e-02	132
2.545700073240000e-01	5.163625851000753e-02	133
2.684499919410000e-01	5.210392714503034e-02	134
2.825500071050000e-01	5.254987122041598e-02	135
2.968699932100000e-01	5.297571626231355e-02	136
3.113999962810000e-01	5.338216369664688e-02	137
3.261100053790000e-01	5.376879352814170e-02	138
3.409900069240000e-01	5.413515386429227e-02	139
3.560400009160000e-01	5.448034969880027e-02	140
3.712300062180000e-01	5.480212477974273e-02	141
3.865399956700000e-01	5.509785696010386e-02	142
4.019699990750000e-01	5.536463852147738e-02	143
4.174999892710000e-01	5.559850717776531e-02	144
4.331099987030000e-01	5.579491840154931e-02	145
4.487800002100000e-01	5.594878853441670e-02	146
4.645099937920000e-01	5.605465925885766e-02	147
4.802699983120000e-01	5.610634095208108e-02	148
4.960500001910000e-01	5.609740443674131e-02	149
5.118399858470000e-01	5.602102860697099e-02	150
5.276100039480000e-01	5.587032702413938e-02	151
5.433599948880000e-01	5.563811776056064e-02	152
5.590599775310000e-01	5.531765348014147e-02	153
5.747100114820000e-01	5.490187671657260e-02	154
5.902799963950000e-01	5.438484030709179e-02	155
6.057599782940000e-01	5.376071447711309e-02	156
6.211299896240000e-01	5.302482940115164e-02	157
6.363800168040000e-01	5.217306612209160e-02	158
6.514999866490000e-01	5.120233748841369e-02	159
6.664699912070000e-01	5.011152537790970e-02	160
6.812700033190000e-01	4.890125793147250e-02	161
6.958900094030001e-01	4.757311938474552e-02	162
7.103199958800001e-01	4.613037022386139e-02	163
7.245299816130000e-01	4.458030201390563e-02	164
7.385200262070000e-01	4.292904014896380e-02	165
7.522799968720000e-01	4.118545956149755e-02	166
7.657799720760000e-01	3.936287908153792e-02	167
7.790099978450000e-01	3.747382608787137e-02	168
7.919700145720000e-01	3.553054522636349e-02	169
8.046399950980000e-01	3.354915675287377e-02	170
8.170099854470000e-01	3.154497740950332e-02	171
8.290500044819999e-01	2.953695713865838e-02	172
8.407700061800000e-01	2.753737707189723e-02	173
8.521599769590000e-01	2.556139400459362e-02	174
8.631799817090000e-01	2.362895425240180e-02	175
8.738499879840000e-01	2.174886250800113e-02	176
8.841500282290000e-01	1.993596410396154e-02	177
8.940600156780000e-01	1.820364861496456e-02	178
9.035800099370001e-01	1.655928264160138e-02	179
9.126999974250000e-01	1.500807386948679e-02	180
9.214000105860000e-01	1.355133483601851e-02	181
9.296900033950000e-01	1.217883771697960e-02	182
9.375399947170000e-01	1.088112239920300e-02	183
9.449599981310000e-01	9.639233304988486e-03	184
9.519400000570000e-01	8.439786507377783e-03	185
9.584699869160000e-01	7.277457000059499e-03	186
9.645400047300000e-01	6.158766733898362e-03	187
9.701499938960000e-01	5.099640043812571e-03	188
9.752799868580000e-01	4.125746799253891e-03	189
9.799500107769999e-01	3.253514475802996e-03	190
9.841300249100000e-01	2.500507167332264e-03	191
9.878399968150000e-01	1.864267472703062e-03	192
9.910500049590000e-01	1.341995981543599e-03	193
9.937800168990000e-01	9.180203146852970e-04	194
9.960200190539999e-01	5.818626682326690e-04	195
9.977599978450000e-01	3.260117244928577e-04	196
9.990000128750000e-01	1.453358419493015e-04	197
9.997500181200000e-01	3.633026517149855e-05	198
1.000000000000000e+00	0.000000000000000e+00	199
1.984229087829600e+01	2.506659984589000e+00	200
1.937166023254400e+01	4.973800182343000e+00	201
1.859552955627400e+01	7.362490177155000e+00	202
1.752613067627000e+01	9.635069847106999e+00	203
1.618033981323200e+01	1.175570964813200e+01	204
1.457936954498300e+01	1.369093990325900e+01	205
1.274847984314000e+01	1.541026973724400e+01	206
1.071654033660900e+01	1.688656044006300e+01	207
8.515589714050000e+00	1.809654045105000e+01	208
6.180339813232000e+00	1.902112960815400e+01	209
3.747629880905000e+00	1.964575004577600e+01	210
1.255810022354000e+00	1.996052932739300e+01	211
-1.255810022354000e+00	1.996052932739300e+01	212
-3.747629880905000e+00	1.964574050903300e+01	213
-6.180339813232000e+00	1.902112960815400e+01	214
-8.515589714050000e+00	1.809654045105000e+01	215
-1.071654033660900e+01	1.688656044006300e+01	216
-1.274847984314000e+01	1.541026020050000e+01	217
-1.457936954498300e+01	1.369093990325900e+01	218
-1.618033981323200e+01	1.175570011138900e+01	219
-1.752613067627000e+01	9.635069847106999e+00	220
-1.859552955627400e+01	7.362490177155000e+00	221
-1.937166023254400e+01	4.973800182343000e+00	222
-1.984229087829600e+01	2.506659984589000e+00	223
-2.000000000000000e+01	0.000000000000000e+00	224
-1.984229087829600e+01	-2.506669998169000e+00	225
-1.937166023254400e+01	-4.973800182343000e+00	226
-1.859552955627400e+01	-7.362490177155000e+00	227
-1.752613067627000e+01	-9.635080337524000e+00	228
-1.618033981323200e+01	-1.175570964813200e+01	229
-1.457936954498300e+01	-1.369093990325900e+01	230
-1.274847984314000e+01	-1.541026973724400e+01	231
-1.071652984619100e+01	-1.688656044006300e+01	232
-8.515580177306999e+00	-1.809654045105000e+01	233
-6.180339813232000e+00	-1.902112960815400e+01	234
-3.747620105743000e+00	-1.964575004577600e+01	235
-1.255810022354000e+00	-1.996052932739300e+01	236
1.255810022354000e+00	-1.996052932739300e+01	237
3.747629880905000e+00	-1.964574050903300e+01	238
6.180339813232000e+00	-1.902112960815400e+01	239
8.515589714050000e+00	-1.809654045105000e+01	240
1.071654033660900e+01	-1.688656044006300e+01	241
1.274847984314000e+01	-1.541026020050000e+01	242
1.457936954498300e+01	-1.369093990325900e+01	243
1.618033981323200e+01	-1.175570011138900e+01	244
1.752614021301300e+01	-9.635069847106999e+00	245
1.859552955627400e+01	-7.362490177155000e+00	246
1.937166023254400e+01	-4.973790168762000e+00	247
1.984229087829600e+01	-2.506659984589000e+00	248
2.000000000000000e+01	0.000000000000000e+00	249
6.073388436745414e-02	-4.728733064100649e-02	250
6.601991227089957e-01	-4.989485437646643e-02	251
4.254760460793121e-01	7.005646588868711e-02	252
6.898777824896016e-01	6.133447824289594e-02	253
3.794057898030644e-01	-6.877283867990552e-02	254
9.994552071447085e-01	-7.199340224239769e-04	255
9.985354532171903e-01	-1.307859614355252e-03	256
7.736232109668625e-01	-3.745212753752308e-02	257
6.898182152222812e-01	-4.689773955978811e-02	258
-1.543746505628996e-03	6.807504351880605e-03	259
7.466370564620463e-01	-4.065439129178865e-02	260
5.832687717364707e-01	6.870109281342061e-02	261
9.927436636468477e-01	-3.517454179550321e-03	262
9.898276028670325e-01	-4.336113671795146e-03	263
5.988616964107729e-01	6.802473756704790e-02	264
7.186708573617544e-01	-4.380662771910793e-02	265
-1.663220343432122e-03	8.047179202727925e-04	266
9.864157511439570e-01	-5.193826923097553e-03	267
9.825184770370186e-01	-6.072245337445508e-03	268
-1.569515056168233e-03	-6.809593135431186e-03	269
6.451417712881768e-01	-5.135138518278220e-02	270
8.242042711084736e-01	-3.103902066048183e-02	271
7.995063952021643e-01	-3.424635961746394e-02	272
3.484591824326649e-01	6.825888246615658e-02	273
8.475871916268070e-01	-2.787669894898012e-02	274
2.474031435134455e-01	6.410803061760215e-02	275
8.695932665122796e-01	-2.476714551399377e-02	276
9.931123510902196e-03	2.246917354684080e-02	277
8.901156395688081e-01	-2.173126828880867e-02	278
7.705117996077522e-02	-5.156459030136071e-02	279
9.090807174638719e-01	-1.878369857489092e-02	280
-2.037817369753395e-03	-3.339832238492111e-03	281
9.420188727525984e-01	-1.331294366198481e-02	282
9.264067759148684e-01	-1.595329285672102e-02	283
1.780640249267229e-02	-2.911089757660823e-02	284
4.260082738224693e-01	-6.701154396637252e-02	285
8.587715011354249e-01	-2.631156864227103e-02	286
9.558791357822237e-01	-1.094876780976451e-02	287
9.781306681176379e-01	-6.985517299470377e-03	288
9.679377399675627e-01	-8.865252734142473e-03	289
1.584352818293386e-01	-6.419895518518290e-02	290
8.997998996692511e-01	-2.024562866946741e-02	291
7.602628306703465e-01	-3.905688235187430e-02	292
9.971054429051899e-01	-2.033216495877898e-03	293
5.991603983915320e-01	-5.551481488274822e-02	294
4.417034550426887e-01	-6.627391837551894e-02	295
5.365108673673792e-01	-6.047307014219531e-02	296
4.732575775494777e-01	-6.459117380891316e-02	297
5.048966811029815e-01	-6.265035512261725e-02	298
4.890658764466943e-01	-6.365112976602408e-02	299
1.250706369213518e-01	-6.030506061025142e-02	300
2.773927957485799e-02	-3.480244896968013e-02	301
3.948472962761965e-01	-6.826447620649255e-02	302
4.617183037181768e-02	-4.260101757613381e-02	303
4.103828057141978e-01	-6.767720314151306e-02	304
3.190011321138541e-01	-6.996862859665735e-02	305
3.488999327664207e-01	-6.954771180077822e-02	306
3.342199274267053e-02	-3.748878920987456e-02	307
2.897903095886667e-01	-7.002670932841625e-02	308
9.344307331251389e-01	-1.460202508364916e-02	309
1.469601472083119e-01	-6.301051350805317e-02	310
1.948596320334169e-01	-6.708155702662853e-02	311
8.584424218279224e-02	-5.353917751654383e-02	312
1.046726041668523e-01	-5.715626198418827e-02	313
5.679765072012811e-01	-5.809342757336056e-02	314
1.702535038360715e-01	-6.527537860728005e-02	315
6.146141004870460e-01	-5.416120349147721e-02	316
8.800483358119409e-01	-2.324034020389607e-02	317
2.254475765728665e-02	-3.200814058167963e-02	318
9.951744910902478e-01	-2.758996981524621e-03	319
6.543466214052643e-03	-1.996852893539772e-02	320
1.796875586304302e-02	2.798481903251993e-02	321
9.179522000804079e-01	-1.735012699339512e-02	322
9.491742336467819e-01	-1.209404920681982e-02	323
9.732695800782163e-01	-7.906396330335113e-03	324
-2.518057486259090e-04	1.012957080408373e-02	325
8.360626705957159e-01	-2.945115461154874e-02	326
2.475864366498891e-01	-6.939582354794328e-02	327
5.522734646499388e-01	-5.931158132102188e-02	328
7.327666724149646e-01	-4.223607617684568e-02	329
7.867046542737341e-01	-3.584909944554619e-02	330
1.146773318946250e-01	-5.879495248166118e-02	331
2.206727338640259e-01	-6.844853747518348e-02	332
5.836153883093490e-01	-5.682638061407688e-02	333
6.750882165390149e-01	-4.840963175724992e-02	334
5.321985784886866e-02	-4.500529526458312e-02	335
3.767024019300944e-03	-1.677078546363946e-02	336
1.356921776169551e-02	-2.615629560891777e-02	337
3.640921376533726e-01	-6.920321181591357e-02	338
1.824078124709022e-01	-6.623534874341905e-02	339
9.999294724695059e-01	-3.813463964222545e-04	340
2.339897927617950e-01	-6.897405181551187e-02	341
9.505623796898617e-02	-5.540464679295157e-02	342
3.042986549164314e-01	-7.004864665099486e-02	343
2.614281632165895e-01	-6.970011153532547e-02	344
4.574576493360351e-01	-6.546835316596421e-02	345
7.043383662170556e-01	-4.536411069160057e-02	346
-2.030780300864990e-03	3.351514588593625e-03	347
-2.962123370108553e-04	-1.017862480588829e-02	348
5.360482225234279e-01	7.004328504786111e-02	349
-1.663580112512314e-03	-7.959162297984812e-04	350
2.793709920396614e-02	3.305677278164620e-02	351
5.346084236744731e-02	4.181669983525883e-02	352
3.979332932875832e-02	3.765029252407590e-02	353
1.148742299362864e-01	5.326773874645347e-02	354
4.098609364029864e-01	6.979282357409732e-02	355
9.971307399870244e-01	2.065571738816388e-03	356
5.202239853895693e-01	7.028722486988279e-02	357
4.727222054252401e-01	7.049694550829749e-02	358
9.734907555317496e-01	9.319632236083019e-03	359
9.624323630574981e-01	1.223384813374084e-02	360
8.905560357974259e-01	2.816387809663731e-02	361
4.885394075978777e-01	7.050652230436281e-02	362
4.411654190546054e-01	7.026534452364208e-02	363
3.789174292463348e-01	6.911110449902901e-02	364
9.267886472284699e-01	2.045238987410469e-02	365
9.094917960974737e-01	2.415937887147111e-02	366
7.729299018958886e-02	4.727192157049114e-02	367
9.783114533599492e-01	7.987240073214070e-03	368
9.561966097626599e-01	1.378262263014090e-02	369
9.423726962073312e-01	1.701378437610564e-02	370
9.528280485503492e-02	5.044384053279219e-02	371
6.097764255494295e-02	4.372359783380188e-02	372
2.894824765100535e-01	6.608955080997664e-02	373
2.612018362982403e-01	6.479811835757147e-02	374
1.703166470215270e-01	5.902521251494270e-02	375
3.186206805268291e-01	6.724458582262567e-02	376
4.569184441384327e-01	7.041604603500339e-02	377
3.943401863127075e-01	6.947587052760237e-02	378
1.470865904410246e-01	5.690913873451614e-02	379
1.252471473903474e-01	5.454509977394939e-02	380
6.297467223540129e-01	6.630704097980064e-02	381
1.948477734537635e-01	6.090358987904657e-02	382
2.205771744549700e-01	6.258642057256526e-02	383
6.601318407618006e-01	6.408231581075101e-02	384
5.675863210040165e-01	6.926069432379146e-02	385
7.469260023700651e-01	5.438367186880962e-02	386
7.188521892831277e-01	5.808294254063806e-02	387
7.999407787957439e-01	4.595108974905723e-02	388
7.739983100440839e-01	5.029875592104348e-02	389
8.480610760127367e-01	3.689645154031105e-02	390
8.246702672758520e-01	4.143495592379045e-02	391
9.002260188446809e-01	2.612500113275058e-02	392
8.700567079747313e-01	3.243610348322284e-02	393
9.495120385996623e-01	1.537606440278545e-02	394
9.183483305872561e-01	2.226899349387454e-02	395
9.681966133593721e-01	1.074082978214249e-02	396
8.592420693888966e-01	3.464676518112456e-02	397
8.805015419270851e-01	3.027162540528457e-02	398
8.124656004271207e-01	4.370669669333463e-02	399
8.365351573119302e-01	3.916162160740784e-02	400
7.605980752497047e-01	5.238248773367664e-02	401
7.871128042255696e-01	4.815179729759281e-02	402
7.044598330532000e-01	5.977109167944647e-02	403
7.330038970101347e-01	5.628470308648921e-02	404
6.450121121319775e-01	6.526134051258795e-02	405
6.750841963578393e-01	6.277314805423448e-02	406
5.518443550015507e-01	6.970804166822696e-02	407
6.143679984848269e-01	6.722718155750801e-02	408
2.075729315782675e-01	6.176742408768718e-02	409
2.338506339503033e-01	6.336598434311609e-02	410
1.585317043519421e-01	5.799718710687572e-02	411
1.824345986514730e-01	5.999216299326705e-02	412
4.640594288267326e-02	3.978631365585508e-02	413
1.359952896799602e-01	5.576295804946400e-02	414
1.371246289492101e-02	2.529768488065894e-02	415
3.363385250410109e-02	3.540072146881077e-02	416
2.076258795088776e-01	-6.781903338100179e-02	417
3.849763869043554e-03	1.651250313573937e-02	418
9.621408960593766e-01	-9.875353265163993e-03	419
8.120120217418486e-01	-3.264175709658261e-02	420
3.338618753291673e-01	-6.979963168202484e-02	421
5.207144380051754e-01	-6.158906282212497e-02	422
1.553079176711531e-03	1.337537976060761e-02	423
2.272566006528666e-02	3.058391192822212e-02	424
6.646181721368364e-03	1.954708172707173e-02	425
8.608019217313530e-02	4.890236664781566e-02	426
6.892113435182683e-02	4.554631489578226e-02	427
2.752357566821176e-01	6.545927111527623e-02	428
1.048861335638416e-01	5.189691579433808e-02	429
9.826587328078824e-01	6.735826458826977e-03	430
9.865202864686232e-01	5.604444705841321e-03	431
3.039529863910367e-01	6.668832541503114e-02	432
9.899022299314880e-01	4.572746046118894e-03	433
9.927960016602865e-01	3.645642934757857e-03	434
3.334499200581322e-01	6.776665902873209e-02	435
3.636258635288068e-01	6.870682783542248e-02	436
9.347987289017448e-01	1.870202140976901e-02	437
9.999357643358825e-01	3.797851109748775e-04	438
9.985520292814778e-01	1.321589770912502e-03	439
9.994657095576974e-01	7.234882428117051e-04	440
6.299364179190067e-01	-5.277273227275152e-02	441
3.956902402686806e-02	-4.009638825413454e-02	442
9.952110031466447e-01	2.825004813950647e-03	443
5.043849612200738e-01	7.044032618637590e-02	444
1.489737736922294e-03	-1.350960686294205e-02	445
9.808295223932980e-03	-2.309106917524994e-02	446
6.867675288419831e-02	-4.947947247871905e-02	447
1.358422162726101e-01	-6.171577650043851e-02	448
2.755037447909561e-01	-6.991052025488573e-02	449
7.115544417831654e-02	5.486755015255774e-02	450
-3.781808501827712e-03	9.576191955359709e-03	451
-4.729114869806768e-03	5.480912107389702e-03	452
2.824853696239914e-01	-8.451301353535261e-02	453
6.986368659522165e-01	-6.097335082472161e-02	454
9.149286542538377e-01	-2.717715651998168e-02	455
5.254149586115067e-03	-2.454889156590459e-02	456
5.763482946703815e-01	8.474539336858275e-02	457
6.839888287916721e-01	-6.268674660482874e-02	458
7.817810498594543e-01	-5.002599522570298e-02	459
9.890199989595231e-01	-8.171453148851461e-03	460
3.265761853376676e-01	-8.503232912492906e-02	461
8.547482046766178e-01	-3.853375408541065e-02	462
8.317335492320606e-01	-4.237666694637363e-02	463
8.845824878899410e-02	-6.370609412792036e-02	464
-3.855538775028367e-03	-9.617355422093623e-03	465
2.134409341282729e-01	-8.140611416434276e-02	466
1.282799817396429e-02	-3.164846643159293e-02	467
9.601826188717085e-01	-1.687535232906191e-02	468
1.513937127870020e-01	-7.521102009538409e-02	469
7.130836769515856e-01	-5.921698462379998e-02	470
6.541559943173415e-01	-6.600017412388458e-02	471
4.504036294910240e-01	-8.193874024061226e-02	472
7.935195508111015e-02	-6.134053555846750e-02	473
3.876353526159058e-01	-8.425636833904684e-02	474
8.964318071128635e-01	-3.090615019620876e-02	475
7.947186967539558e-01	-4.813647212177188e-02	476
5.478161569069173e-03	2.401159287204139e-02	477
1.769593572914114e-02	3.378797049211874e-02	478
6.690849772398033e-01	7.836120801877464e-02	479
8.443833634697683e-01	4.969125926349865e-02	480
1.083195200756367e-01	6.284295082065430e-02	481
6.840502456204444e-01	7.680202646005650e-02	482
1.633210338232107e-01	7.066392002893226e-02	483
8.773029130728878e-01	4.198819744946556e-02	484
9.892203203464062e-01	8.539577363816647e-03	485
3.407387861542112e-01	8.345724388300300e-02	486
5.128740056945388e-01	8.638261645457712e-02	487
9.544035697922064e-01	2.134992787301902e-02	488
8.875187743917582e-01	3.947758417691835e-02	489
9.922579034371202e-01	7.020145772732100e-03	490
9.607932239588712e-01	1.931648964304466e-02	491
9.816718325221624e-01	1.179811940665375e-02	492
2.399657824758001e-01	7.774296813872084e-02	493
3.257641328579337e-01	8.278778974494523e-02	494
2.264886805894738e-01	7.670818030556982e-02	495
9.842700291260943e-02	6.100174665270946e-02	496
6.691538756893560e-01	-6.436522931414350e-02	497
2.004179474911864e-01	-8.041889264941740e-02	498
9.056147325517612e-03	2.736971175052664e-02	499
1.402707942531614e-01	6.774812592782413e-02	500
4.767964009362410e-02	4.785210381067226e-02	501
9.721744330633436e-01	1.541383687742588e-02	502
9.948218071748860e-01	5.673957087916012e-03	503
8.973372026135759e-01	3.701454890236141e-02	504
1.631586901292687e-01	-7.670977989623637e-02	505
1.000206013074533e+00	2.295484401834275e-04	506
9.985337481893519e-01	3.010196800638762e-03	507
9.969213539815666e-01	4.348516305693329e-03	508
2.411720653276337e-03	2.053452524789778e-02	509
-2.222818011284808e-03	1.330729690030306e-02	510
2.227043536172371e-03	-2.089533272543934e-02	511
-4.049088283710457e-03	-1.733282547263858e-03	512
-3.182141362438627e-03	4.915902967253755e-06	513
1.735669656575175e-02	-3.504700716586315e-02	514
1.000201824813533e+00	-2.355217384102756e-04	515
6.241515232655787e-02	-5.624795239113360e-02	516
9.984817920101577e-01	-2.979697927766128e-03	517
9.947132073373172e-01	-5.544839438452555e-03	518
4.177945521955093e-01	8.589349632128193e-02	519
5.455868391776956e-01	-7.596604054793310e-02	520
9.854120932544969e-01	-9.522724792068711e-03	521
8.763512824909366e-01	-3.470483355346021e-02	522
5.920763590714473e-01	8.401917350954927e-02	523
9.921104036729397e-01	-6.796358662882529e-03	524
-4.762795585577603e-03	-5.481590075931448e-03	525
4.346056003356019e-01	-8.265110911513689e-02	526
4.021594419707861e-01	8.553502001799104e-02	527
8.434070722219832e-01	-4.046158493152757e-02	528
2.818936580517413e-01	8.047294956383254e-02	529
8.657320391339460e-01	-3.661053602934711e-02	530
8.865880192921377e-01	-3.279871761688857e-02	531
7.066901878188313e-02	-5.885383524027604e-02	532
9.058856060123683e-01	-2.903421909270975e-02	533
9.235569857653526e-01	-2.534922698240059e-02	534
9.468516221414710e-01	-2.010622311081156e-02	535
2.788216999189154e-02	-4.165307375838925e-02	536
9.537410725188596e-01	-1.846479159152739e-02	537
9.661731335209410e-01	-1.533778124047781e-02	538
9.813385839783608e-01	-1.095503641977866e-02	539
1.289257759732929e-01	-7.186326113918644e-02	540
7.550629316115746e-01	-5.377898218712339e-02	541
7.685630789509557e-01	-5.190674690047498e-02	542
9.968439475743984e-01	-4.280368805001456e-03	543
4.662593234071817e-01	-8.113931197761541e-02	544
4.821294880354137e-01	-8.025217727452802e-02	545
4.980098084520452e-01	-7.929186904291492e-02	546
2.236599744477436e-02	-3.841415779397130e-02	547
4.032094241930744e-01	-8.381920431154005e-02	548
4.188698393186527e-01	-8.328265889847700e-02	549
3.416113455811848e-01	-8.499610878369324e-02	550
4.030931965933297e-02	-4.781959656375116e-02	551
9.317604311495302e-01	-2.355329238963518e-02	552
9.395223479306751e-01	-2.179984031033278e-02	553
1.399874253205366e-01	-7.359703872734587e-02	554
9.798382870978595e-02	-6.595350317599535e-02	555
5.613788958726046e-01	-7.473797909318540e-02	556
6.082739508522439e-01	-7.061017324795178e-02	557
9.716929122122606e-01	-1.384280871637191e-02	558
9.767433532537388e-01	-1.239091822152218e-02	559
7.273123316692701e-01	-5.742761817753990e-02	560
7.413016085103931e-01	-5.561979237380806e-02	561
1.079052114567801e-01	-6.807052577965161e-02	562
1.182362407722376e-01	-7.003685581297946e-02	563
5.770979269686198e-01	-7.342552217713766e-02	564
5.927332465155946e-01	-7.204735861741106e-02	565
4.720578448844946e-02	-5.076678609634395e-02	566
5.459897102637738e-02	-5.358127800370316e-02	567
8.793128156567302e-03	-2.811651548080362e-02	568
3.568265186104162e-01	-8.485727967551343e-02	569
3.721720890148973e-01	-8.460378809913406e-02	570
1.752713101310368e-01	-7.807729869444012e-02	571
1.876933664962505e-01	-7.931230766579117e-02	572
2.267297599762303e-01	-8.227571473844096e-02	573
2.402973224284745e-01	-8.302639344423056e-02	574
2.969831404144480e-01	-8.480372995515006e-02	575
3.117005690057776e-01	-8.497628172946198e-02	576
2.541445171028618e-01	-8.364120098557137e-02	577
-4.044112026495033e-03	1.743562648922313e-03	578
-3.026252061032507e-04	-1.718691641356999e-02	579
4.076533840262084e-02	4.526152412829174e-02	580
9.856739811066076e-01	1.009535950487742e-02	581
5.287869618210761e-01	8.613736444726561e-02	582
4.969505691873418e-01	8.652394134043895e-02	583
4.810470732805858e-01	8.656617843819885e-02	584
4.651643887410667e-01	8.652457066321990e-02	585
9.771516584637192e-01	1.357215986650902e-02	586
9.667232329745998e-01	1.733503870987171e-02	587
9.243707915884203e-01	2.996458496610518e-02	588
4.493058277939860e-01	8.639136710429732e-02	589
4.335144391979654e-01	8.617671532075169e-02	590
3.866194545203347e-01	8.510384760226486e-02	591
9.157746778968974e-01	3.225590704957775e-02	592
9.475581244615083e-01	2.342707126121622e-02	593
6.290241246143868e-02	5.261317299122469e-02	594
5.508263560901901e-02	5.030445336461192e-02	595
2.537228481191262e-01	7.870856847244080e-02	596
2.676969801767759e-01	7.960339412093716e-02	597
1.516200630974522e-01	6.923923854308302e-02	598
1.292593495120179e-01	6.618230145595447e-02	599
1.186132915591019e-01	6.456423771478120e-02	600
7.955876901075657e-01	5.991243342332868e-02	601
7.418460553429544e-01	6.922960616802999e-02	602
7.277464303385319e-01	7.130505171096956e-02	603
7.825894514516366e-01	6.235604642316343e-02	604
8.327006082880072e-01	5.226847529537924e-02	605
9.067626035688884e-01	3.460903596788530e-02	606
8.666986158884085e-01	4.452607691493519e-02	607
8.557237106117056e-01	4.710097780257937e-02	608
8.206694439534953e-01	5.484889908366155e-02	609
8.082886510680818e-01	5.740739047736578e-02	610
7.692966672259305e-01	6.473389063655760e-02	611
7.557080856754510e-01	6.703594533785878e-02	612
7.133990271040846e-01	7.327082431167375e-02	613
6.988271395803529e-01	7.510752978260726e-02	614
6.539580032036333e-01	7.977711218210096e-02	615
6.386661663706112e-01	8.104453961052982e-02	616
5.605450290348288e-01	8.534067890034581e-02	617
5.446782177054215e-01	8.579251462835832e-02	618
6.232534359452651e-01	8.216948863543269e-02	619
6.077191753636525e-01	8.316151607407744e-02	620
2.132886485566236e-01	7.562015037925635e-02	621
2.003516993731095e-01	7.447824216250706e-02	622
1.877086587581688e-01	7.327879706633837e-02	623
1.753629579215484e-01	7.200979055481863e-02	624
1.313078916268557e-02	3.065896918316063e-02	625
3.429342303853228e-02	4.255430820520305e-02	626
2.828868033162379e-02	3.977832177914320e-02	627
8.073733349398619e-01	-4.623084463367224e-02	628
8.197219421386495e-01	-4.430463481917107e-02	629
5.138969915119492e-01	-7.825105671347665e-02	630
5.297593752665943e-01	-7.713727677340582e-02	631
-1.562156218788629e-04	1.696766103781247e-02	632
2.274151477775654e-02	3.685853116414689e-02	633
8.892287214528680e-02	5.905659325031083e-02	634
7.983090232950103e-02	5.701440250611158e-02	635
3.109553903023107e-01	8.207698462682338e-02	636
2.963119770638183e-01	8.130384090460796e-02	637
3.711973348008772e-01	8.461643121580277e-02	638
3.558994253097077e-01	8.407302259302785e-02	639
9.402671991957131e-01	2.554831156634625e-02	640
9.325407738367478e-01	2.772899361804217e-02	641
6.236967442221051e-01	-6.911968810276294e-02	642
6.389900158010097e-01	-6.758456902030641e-02	643
3.386069576104014e-02	-4.476362471182280e-02	644
-2.332138663401952e-03	-1.342021926415093e-02	645
2.682051746874132e-01	-8.412141693401336e-02	646
-7.589270873882510e-03	-8.279234448716139e-03	647
3.959031201806877e-01	-1.016361866601221e-01	648
2.893564807658198e-01	-1.009684984531312e-01	649
7.903726221034989e-01	-6.379607602061398e-02	650
5.390072784660047e-01	-9.447488573381770e-02	651
9.212728161112250e-01	-3.608010799255274e-02	652
9.923052566574242e-01	1.098938775660525e-02	653
9.890780727961197e-01	1.316382623212645e-02	654
9.658583892641537e-01	2.492467354264027e-02	655
-2.187454798958391e-03	2.104911170351400e-02	656
9.949238266836354e-01	9.024743982821746e-03	657
9.994929610547059e-01	1.756065213284554e-03	658
1.000202668942696e+00	5.394901292930380e-04	659
9.987634075548968e-01	-5.014950264778337e-03	660
1.000461723376313e+00	-5.788497247776069e-06	661
1.639443892521553e-02	-4.175990925569812e-02	662
-7.131063328346240e-03	3.070500782189797e-03	663
9.062433370021572e-02	-7.525865440678499e-02	664
9.296609441669719e-01	-3.378975289641412e-02	665
9.920237191995955e-01	-1.068671387322688e-02	666
5.695260812090971e-01	1.027117161224342e-01	667
9.994620759903833e-01	-1.748544733345895e-03	668
3.152961378152922e-04	-2.553249681140598e-02	669
7.078439647018568e-01	-7.651025230298805e-02	670
-4.672076142030295e-03	-1.710969476925586e-02	671
7.222169988395171e-01	-7.449089024114935e-02	672
1.167358837790433e-02	-3.780958571081387e-02	673
8.731713518455079e-01	-4.772365358917811e-02	674
3.607312093737519e-03	-2.967696458956200e-02	675
3.341001211223603e-01	-1.019818142406662e-01	676
8.623904840029897e-01	-5.005265442903238e-02	677
6.932487143017381e-01	-7.847210576461351e-02	678
9.947105316788900e-01	-8.839753884335711e-03	679
7.319997144264654e-03	-3.379960813739865e-02	680
9.812670717221099e-01	1.766094185547498e-02	681
5.215627519973309e-01	1.041045118299838e-01	682
9.532258344376856e-01	3.004010350204502e-02	683
6.633063729496300e-01	9.587503487665737e-02	684
9.971624082534645e-01	7.076506089712333e-03	685
5.055397877019314e-01	1.043332524781822e-01	686
2.739995440318307e-01	9.623054669189766e-02	687
3.328055914366631e-01	1.002043337243851e-01	688
1.557940601660076e-01	8.319753080282277e-02	689
6.433898811722935e-02	6.273046578461131e-02	690
1.000052131573328e+00	1.033749406649005e-03	691
-6.396280233559249e-03	-1.285034770901390e-02	692
-6.256817245882161e-03	1.276709836007798e-02	693
1.214783871325669e-02	3.670746533784304e-02	694
-7.506704175247007e-03	8.259341152312787e-03	695
9.649856274477258e-01	-2.285161833879348e-02	696
8.119178517045368e-02	-7.244208021944105e-02	697
-5.333897325034596e-03	5.477575908733016e-06	698
1.554970111907754e-01	-8.903327936536538e-02	699
4.592362680005496e-01	-9.946988682542417e-02	700
2.170725899805941e-02	-4.568988985696515e-02	701
3.967174066151234e-03	2.903815918923141e-02	702
8.412237118420667e-01	6.409666931826200e-02	703
7.916769476171096e-01	7.561770753653003e-02	704
6.784695576940090e-01	9.418631328188766e-02	705
9.854573997049830e-01	1.532531332401913e-02	706
9.597746546145143e-01	2.745941269148991e-02	707
8.950512112112153e-01	4.934742244919244e-02	708
8.850631529252010e-01	5.227157560134817e-02	709
3.178370922610432e-01	9.932330256572106e-02	710
2.883820788437814e-01	9.733031318678190e-02	711
2.321523060985649e-01	9.262479957161460e-02	712
1.011262547073355e-01	7.301685558330114e-02	713
6.635068803084543e-01	-8.222912635453650e-02	714
6.784692840882117e-01	-8.037740625587902e-02	715
2.057366998745584e-01	-9.550519335205271e-02	716
7.738777174277833e-03	3.294542846079246e-02	717
1.441695899651742e-01	8.132011491702400e-02	718
9.765987526541969e-01	2.001991118422201e-02	719
9.988683595035668e-01	5.059537477365843e-03	720
6.181735423572578e-04	2.508087432075623e-02	721
-4.480297551873502e-03	1.693544749279606e-02	722
-2.434026254501398e-03	-2.134614172036530e-02	723
-7.148636377417660e-03	-3.059069803594251e-03	724
2.756397593110290e-02	-4.936557791396728e-02	725
1.000192556180306e+00	-5.457515184280351e-04	726
1.000032746867793e+00	-1.036946781172048e-03	727
9.706985844572462e-01	-2.076545592328796e-02	728
9.887089634170394e-01	-1.268904440617383e-02	729
5.854103363727329e-01	1.019412787737708e-01	730
4.433066487524263e-01	-1.001690114301983e-01	731
4.100099363273550e-01	1.034566642717138e-01	732
8.397186740947811e-01	-5.470354887622739e-02	733
8.512351538331960e-01	-5.238888788236744e-02	734
8.835967163560285e-01	-4.538771951476598e-02	735
8.936171536998004e-01	-4.304569320583060e-02	736
6.361112665609248e-02	-6.641191426345187e-02	737
7.218393363340535e-02	-6.949354563371461e-02	738
9.032371037001985e-01	-4.071579552579203e-02	739
9.124677839243216e-01	-3.839080326725865e-02	740
9.521843036656860e-01	-2.711896318768878e-02	741
9.588131531634159e-01	-2.496722874559506e-02	742
9.849952850400018e-01	-1.463270041053516e-02	743
7.639184385008697e-01	-6.818499049802669e-02	744
7.772871854433601e-01	-6.599903688558474e-02	745
9.970083156990295e-01	-6.976074588789968e-03	746
4.752027819186618e-01	-9.866180927469292e-02	747
4.911630529630895e-01	-9.775540577903555e-02	748
4.116366934279844e-01	-1.012627837452101e-01	749
4.274446612993940e-01	-1.007684965755879e-01	750
3.378720783618316e-02	-5.301006858518401e-02	751
9.376120940514933e-01	-3.152335883887041e-02	752
9.451106313512702e-01	-2.930183068991628e-02	753
1.324173419678993e-01	-8.495289793834636e-02	754
1.437811736149092e-01	-8.705624528177518e-02	755
5.548840282837377e-01	-9.326564595297122e-02	756
5.707356448338471e-01	-9.192479317946983e-02	757
9.759257564648951e-01	-1.871724913153189e-02	758
9.806995042293503e-01	-1.668813667832215e-02	759
7.363462809984374e-01	-7.243543407033884e-02	760
7.502538757598756e-01	-7.033795327738412e-02	761
1.004787814030020e-01	-7.793924645886668e-02	762
1.107662173367693e-01	-8.046865068378921e-02	763
1.214407518769366e-01	-8.273219717143361e-02	764
5.864858868826039e-01	-9.049020224174269e-02	765
6.021394620425573e-01	-8.897291093845289e-02	766
4.051818970648392e-02	-5.658845261005230e-02	767
4.777349929187209e-02	-6.005559894964106e-02	768
5.553179696072510e-02	-6.325368131177302e-02	769
3.493452693082846e-01	-1.020827324127184e-01	770
3.647606455631204e-01	-1.020528212173959e-01	771
3.802776554303351e-01	-1.018967539800057e-01	772
1.675865409853477e-01	-9.087610891072587e-02	773
1.800040053315717e-01	-9.256666054411986e-02	774
1.927245867044924e-01	-9.410656521769453e-02	775
2.190272124488650e-01	-9.677248281570711e-02	776
2.325934205357288e-01	-9.790569723627271e-02	777
3.041032747303659e-01	-1.014406849529781e-01	778
3.190364086065304e-01	-1.017719728545732e-01	779
2.464600582113477e-01	-9.889652048892093e-02	780
4.121089621604819e-02	5.394388969766674e-02	781
4.895223229533565e-01	1.044453673152811e-01	782
4.735385183320192e-01	1.044516190661743e-01	783
9.714742488192449e-01	2.243751344820154e-02	784
4.575606117731618e-01	1.043533194684448e-01	785
4.416327931292582e-01	1.041461510049488e-01	786
4.257868614564834e-01	1.038471655954687e-01	787
3.943221408443747e-01	1.029676239022657e-01	788
9.225697736838208e-01	4.080347382979984e-02	789
5.625534689887007e-02	5.991107940091914e-02	790
4.848871727843245e-02	5.706267665884204e-02	791
2.598547450361779e-01	9.508725610877225e-02	792
2.458780908687253e-01	9.393042534336778e-02	793
1.328865595716881e-01	7.936244528853417e-02	794
1.219787246417445e-01	7.732793167705190e-02	795
1.113653627258098e-01	7.528946114405567e-02	796
7.371094641332665e-01	8.592426999086411e-02	797
9.138164472450712e-01	4.361154943961720e-02	798
9.046317205651113e-01	4.646297559435111e-02	799
8.746616336864411e-01	5.521406009664225e-02	800
8.638964883907156e-01	5.816636110075209e-02	801
8.527478668881746e-01	6.113970255230927e-02	802
8.293735240938188e-01	6.702795871730914e-02	803
8.171510961181605e-01	6.994913120500812e-02	804
8.045681798149189e-01	7.282013948614656e-02	805
7.784870736401004e-01	7.833795184431093e-02	806
7.649917034538187e-01	8.097994748249668e-02	807
7.511805926517572e-01	8.351968060671007e-02	808
7.228035067701912e-01	8.820104398146861e-02	809
7.082415243382758e-01	9.034998764550013e-02	810
6.934496134862461e-01	9.234562021817765e-02	811
6.479706593754210e-01	9.739845284656014e-02	812
5.535521001733404e-01	1.033261262596690e-01	813
5.375645737538067e-01	1.037558496331159e-01	814
6.324992133356112e-01	9.875822645346238e-02	815
6.169134143105970e-01	9.996612334728540e-02	816
6.012093866818130e-01	1.010271986693154e-01	817
2.187252329301124e-01	9.124472883460555e-02	818
2.055702532431941e-01	8.979633677909775e-02	819
1.926872179864810e-01	8.828002516796957e-02	820
1.800873969378288e-01	8.668231108048938e-02	821
1.677815308434654e-01	8.498989474553900e-02	822
3.444746653479271e-02	5.070397525378979e-02	823
2.818571490652680e-02	4.738377895427900e-02	824
8.031830406834498e-01	-6.156563380719401e-02	825
8.157066867861525e-01	-5.929542584137869e-02	826
8.278909278880523e-01	-5.699888421098458e-02	827
5.071379338549734e-01	-9.675310920322117e-02	828
5.230964545470043e-01	-9.565431489043218e-02	829
2.228800377486320e-02	4.402322587912556e-02	830
1.692320813855824e-02	4.039041967941084e-02	831
9.130758690442727e-02	7.061860745223397e-02	832
8.189996566032788e-02	6.810570080106446e-02	833
7.290694535360109e-02	6.547815281730868e-02	834
3.030110609137845e-01	9.836927787949901e-02	835
3.787543970536449e-01	1.023964344013168e-01	836
3.633042954621704e-01	1.017549764507279e-01	837
3.479652018055450e-01	1.010235146395627e-01	838
9.462241196969265e-01	3.265756877090911e-02	839
9.387915865718534e-01	3.531969139057459e-02	840
9.309015731662279e-01	3.804001849900595e-02	841
6.176803965456142e-01	-8.738264120204839e-02	842
6.330876737464892e-01	-8.572900962896850e-02	843
6.483691570224438e-01	-8.401374056821211e-02	844
2.605732204670732e-01	-9.967270269415920e-02	845
2.748486437055516e-01	-1.003738082423780e-01	846
-1.068408088284031e-02	-1.153313511841260e-02	847
9.220601471733234e-02	-8.833871668086378e-02	848
9.995375547691593e-01	7.363972665164606e-03	849
9.859347316411849e-01	2.126716043095133e-02	850
5.484713790491977e-01	-1.138366364872049e-01	851
-1.086990566117039e-02	5.354848229079445e-03	852
9.994691639176527e-01	-3.879010566042272e-03	853
9.282944920286004e-01	-4.541296231140537e-02	854
9.364419507380300e-01	-4.257347647980006e-02	855
2.655081438694469e-02	-5.802867954353920e-02	856
9.956560639594246e-01	1.277408609330170e-02	857
4.981851759608595e-01	1.243327551676479e-01	858
-9.318847957420346e-03	-1.651152403939507e-02	859
5.947709710977757e-03	3.926960182476993e-02	860
-2.056298433280516e-03	-3.075873602885423e-02	861
9.657702683147873e-01	3.354443528410711e-02	862
9.978550756359648e-01	1.015915571634240e-02	863
-9.098682088725567e-03	1.638702826038739e-02	864
6.577807151549492e-01	1.155302878174862e-01	865
-7.152501061837772e-03	2.104154200998490e-02	866
1.000500123203309e+00	3.500516680954264e-04	867
1.000493122739806e+00	-3.623692781920181e-04	868
7.995597448132260e-01	-7.883532656147965e-02	869
1.591749417186349e-01	-1.046541305575398e-01	870
1.481161629090921e-02	-4.931771712262582e-02	871
4.042177307066115e-01	-1.211240680999735e-01	872
8.242594964130737e-02	-8.500201582447958e-02	873
4.521401791255961e-01	-1.197720952008713e-01	874
2.960854088040379e-01	-1.194834340395192e-01	875
9.896666431196993e-01	1.837759759218035e-02	876
5.627744128776291e-01	1.228194631829753e-01	877
9.595350483337229e-01	3.671070499812669e-02	878
9.528299115374359e-01	3.990998784542663e-02	879
7.883372453971531e-01	9.329880519113469e-02	880
1.475731318499700e-01	9.664136752488643e-02	881
2.656906751178916e-01	1.134667364206437e-01	882
9.924975313424156e-01	-1.514355713083627e-02	883
5.674287565477515e-02	7.077816927127514e-02	884
8.706737627578758e-01	-6.245064778729112e-02	885
9.995496226565215e-01	3.899321130748223e-03	886
9.929454794744851e-01	1.549950158842487e-02	887
9.993646009054178e-01	-7.314773849025156e-03	888
9.758375091027499e-01	-2.596584590199946e-02	889
9.846857644701898e-03	-4.468350589913499e-02	890
7.030060121081916e-01	-9.589718278884853e-02	891
-5.030210458153032e-03	-2.602454577171780e-02	892
7.175624615727403e-01	-9.363144222303488e-02	893
7.318585056098041e-01	-9.131236906203880e-02	894
5.361071080484601e-03	-4.021640539719500e-02	895
9.953125565009340e-01	-1.255529938563589e-02	896
1.352940798658730e-03	-3.538140528264772e-02	897
8.387240083417447e-01	8.028919334101899e-02	898
5.143589711901123e-01	1.241343088814532e-01	899
3.095305800812022e-01	1.174879409694686e-01	900
-1.053525497081525e-02	1.148876832219417e-02	901
1.860940350943436e-03	3.466150682076091e-02	902
6.731779041428305e-01	1.137439956895848e-01	903
8.935150994889175e-01	6.325723498994525e-02	904
3.245499952072494e-01	1.186381157268288e-01	905
2.946640806732707e-01	1.162296442879353e-01	906
2.800447789901038e-01	1.148790652488590e-01	907
6.733149781120441e-01	-1.001857256545067e-01	908
6.882516530619778e-01	-9.807271064702801e-02	909
9.815941544468182e-01	2.431000054106787e-02	910
-1.621477841329232e-03	3.022811841487644e-02	911
-4.669074168668183e-03	2.565948153981262e-02	912
-7.441671265011389e-03	-2.127158545075896e-02	913
-1.092317693458400e-02	-5.346918540543939e-03	914
2.052128809643815e-02	-5.391370936422771e-02	915
9.704341556705834e-01	-2.869100379414387e-02	916
9.890977718416705e-01	-1.783715032946055e-02	917
5.788656576024797e-01	1.220115171315396e-01	918
8.483554564912701e-01	-6.804263721621322e-02	919
8.597152292300122e-01	-6.525315005932805e-02	920
8.812771296955572e-01	-5.964139638927613e-02	921
8.915063457131417e-01	-5.680017302437777e-02	922
6.417718945995489e-02	-7.789044762974555e-02	923
7.308272882339553e-02	-8.152107890935985e-02	924
9.013079382920319e-01	-5.395630152571963e-02	925
9.107194322144198e-01	-5.111108408121160e-02	926
9.197217997384634e-01	-4.825730665234305e-02	927
9.581875174233540e-01	-3.419839918862299e-02	928
9.645425025447524e-01	-3.143737178646791e-02	929
7.733369127874199e-01	-8.397046840803114e-02	930
7.865848239074903e-01	-8.141655718457468e-02	931
9.976015377840114e-01	-1.003796816926542e-02	932
4.682287937772427e-01	-1.190721683127424e-01	933
4.843210918561866e-01	-1.182428747096094e-01	934
4.201445611790403e-01	-1.208054864965075e-01	935
4.361156954568124e-01	-1.203473841932691e-01	936
9.441266006136341e-01	-3.975839792846107e-02	937
9.513702417921183e-01	-3.697432538006837e-02	938
1.354194323926348e-01	-9.973975921502372e-02	939
1.471063735128474e-01	-1.022664250604159e-01	940
5.645007777045629e-01	-1.125284221997850e-01	941
9.807604480910599e-01	-2.326033479966400e-02	942
9.852388739731429e-01	-2.049957991909788e-02	943
7.459251552005265e-01	-8.893675587084390e-02	944
7.597766974004906e-01	-8.648615114545727e-02	945
1.024445933038923e-01	-9.151683776944328e-02	946
1.132275549900147e-01	-9.446861966080811e-02	947
1.241097272018260e-01	-9.707829931066893e-02	948
5.804220034724081e-01	-1.110553596207122e-01	949
5.962274492559539e-01	-1.094614982168309e-01	950
3.303577315364113e-02	-6.230046977336036e-02	951
4.009733903518956e-02	-6.650582513849002e-02	952
4.783856659690165e-02	-7.056696484030497e-02	953
5.578201075893597e-02	-7.415980183462130e-02	954
3.415554332090875e-01	-1.210291975014171e-01	955
3.570540107195866e-01	-1.212684101963695e-01	956
3.726837708410349e-01	-1.213498576165889e-01	957
3.883917863149962e-01	-1.212988175165114e-01	958
1.716126243611870e-01	-1.068799452015162e-01	959
1.843643681287367e-01	-1.089313199075550e-01	960
1.974047832242803e-01	-1.108117957165727e-01	961
2.107186446917201e-01	-1.125392000214817e-01	962
2.243152120537318e-01	-1.141191394906461e-01	963
3.262598454609906e-01	-1.206523605577358e-01	964
3.111055982669557e-01	-1.201467050893292e-01	965
2.382147036520789e-01	-1.155404027524291e-01	966
4.820757322336141e-01	1.243985637392166e-01	967
9.768061016683199e-01	2.733479430775853e-02	968
9.715349751935504e-01	3.041435100379046e-02	969
4.659616554270828e-01	1.243540271462785e-01	970
4.498625590077062e-01	1.241727226558086e-01	971
4.338464704064839e-01	1.238656368000740e-01	972
4.179059534533939e-01	1.234486354759568e-01	973
4.020326630469609e-01	1.229085246698190e-01	974
4.879207807004052e-02	6.751239052654986e-02	975
4.102877046267937e-02	6.379779742855365e-02	976
2.515782649711053e-01	1.120789686000620e-01	977
2.375128266048788e-01	1.105246785502326e-01	978
1.360018140134712e-01	9.424107775308289e-02	979
1.247924192376709e-01	9.174967622379626e-02	980
1.139934960781870e-01	8.934551446380837e-02	981
1.032830479676449e-01	8.663843209349863e-02	982
9.215551194049718e-01	5.306727256281844e-02	983
9.126234387718618e-01	5.644722071025839e-02	984
9.032702317384718e-01	5.984265925561003e-02	985
8.833195778283279e-01	6.668869730553675e-02	986
8.727386198931195e-01	7.010029171015482e-02	987
8.617945790276004e-01	7.351376902484386e-02	988
8.504433179810609e-01	7.693460600074807e-02	989
8.266837666949829e-01	8.362876791636975e-02	990
8.142326521656883e-01	8.692820123003615e-02	991
8.014270824705220e-01	9.013927182393454e-02	992
7.749145996679029e-01	9.630746670643157e-02	993
7.611742910276909e-01	9.927825848761687e-02	994
7.471002896656648e-01	1.020456404376465e-01	995
7.328036051983787e-01	1.047219966633681e-01	996
7.182521498985275e-01	1.071893265135942e-01	997
7.034262579224022e-01	1.095742837210085e-01	998
6.884018228076156e-01	1.117062754911168e-01	999
5.304687359752260e-01	1.238301118451534e-01	1000
5.465930914693276e-01	1.233860540313499e-01	1001
6.422002389492417e-01	1.171986787326681e-01	1002
6.265449578290682e-01	1.186193633723421e-01	1003
6.107298889251029e-01	1.199380608456974e-01	1004
5.948609300718732e-01	1.210271522933919e-01	1005
2.238082849043298e-01	1.088270134501010e-01	1006
2.104030609501805e-01	1.070399114669373e-01	1007
1.972722361195649e-01	1.051733656065541e-01	1008
1.844027445471181e-01	1.032172675407190e-01	1009
1.718071426567904e-01	1.011458056975943e-01	1010
1.595116084309111e-01	9.895121899676701e-02	1011
3.392782589788750e-02	5.992436163723204e-02	1012
2.739317921549862e-02	5.596876190108215e-02	1013
8.122701124366298e-01	-7.619183986818263e-02	1014
8.246587849441607e-01	-7.349650849569656e-02	1015
8.366680701275682e-01	-7.077901255843000e-02	1016
5.004112727299562e-01	-1.172951823747317e-01	1017
5.165001057943752e-01	-1.162309944968574e-01	1018
5.325381739009376e-01	-1.150510111976785e-01	1019
2.131377397572905e-02	5.215388492674752e-02	1020
1.553926520828728e-02	4.786028171959640e-02	1021
1.050248945332605e-02	4.349505013330220e-02	1022
9.309680298480258e-02	8.372707550218295e-02	1023
8.335348710966778e-02	8.067647367162484e-02	1024
7.403408461683927e-02	7.749843524698424e-02	1025
6.513989331084021e-02	7.418496852877886e-02	1026
3.862802438755334e-01	1.222539365265540e-01	1027
3.706588699069203e-01	1.215119701671190e-01	1028
3.551227893921953e-01	1.206685823237111e-01	1029
3.397292325173362e-01	1.197029375424963e-01	1030
9.300465183549196e-01	4.972144785799919e-02	1031
9.456909682739150e-01	4.313238309918415e-02	1032
9.381042228674087e-01	4.640352022625177e-02	1033
6.119158551374044e-01	-1.077781292433284e-01	1034
6.274697162968379e-01	-1.060003469093100e-01	1035
6.428883733156194e-01	-1.041525360436840e-01	1036
6.581820724362304e-01	-1.022117289274409e-01	1037
2.524752747810165e-01	-1.167454273888696e-01	1038
2.667690348714581e-01	-1.177262136794958e-01	1039
2.812992156151271e-01	-1.186674919961939e-01	1040
2.710284696293555e-03	-4.727865325384187e-02	1041
9.998873819007519e-01	9.485038818398328e-03	1042
9.766326254683620e-01	-3.411333158741455e-02	1043
1.000470689536341e+00	7.880268383505571e-04	1044
-1.523033478016340e-03	-4.177260245760529e-02	1045
7.350569952269869e-01	-1.111451535980069e-01	1046
9.306687151061825e-02	-1.030970841294695e-01	1047
-5.098680094879729e-03	-3.652328707853553e-02	1048
9.872242630896658e-01	2.786274183642617e-02	1049
-1.065134444930151e-02	-2.586879229219046e-02	1050
1.862349041437895e-02	-6.299983574631200e-02	1051
1.623095866455739e-01	-1.222614462078682e-01	1052
1.384577968599360e-01	1.109720936180970e-01	1053
-8.565996362487811e-04	4.098804805174667e-02	1054
-1.025324628749935e-02	2.559261343097727e-02	1055
-1.469435394167631e-02	8.584765540294057e-03	1056
-7.502506484331237e-03	7.783866144938651e-04	1057
-7.505846851519144e-03	-7.645943466221726e-04	1058
-1.082305359686049e-02	1.187084681050988e-03	1059
-1.264283303818941e-02	-2.056283186588170e-02	1060
9.996467573499940e-01	-9.426299838758428e-03	1061
3.157876888106175e-01	1.388736491931923e-01	1062
9.816816970834390e-01	-3.062814085897440e-02	1063
9.965196867679734e-01	-1.665605043099523e-02	1064
9.440806855311096e-01	-5.153647741176246e-02	1065
8.030946815343117e-01	-9.671978851649449e-02	1066
4.125954994339492e-01	-1.429501198284288e-01	1067
9.990725535275051e-01	1.344170631830784e-02	1068
9.301714320357178e-01	6.284475236201241e-02	1069
9.534161181093151e-01	5.098987004318920e-02	1070
5.479650802625333e-01	1.455307671511419e-01	1071
5.153595329942953e-01	1.462546184405291e-01	1072
6.604459152776301e-01	1.365118178622618e-01	1073
7.788027910355300e-01	1.147316023901571e-01	1074
4.908623634412475e-01	1.465390210035042e-01	1075
5.502521896095367e-01	-1.360919395356959e-01	1076
3.310644938836619e-01	1.402737840940270e-01	1077
9.970139429343023e-01	1.688244656938690e-02	1078
8.288662020004466e-02	-9.915523712545604e-02	1079
1.000351055366422e+00	1.841963746059665e-03	1080
9.910497379881781e-01	2.412174213773322e-02	1081
-1.083006561473500e-02	-1.165465031050659e-03	1082
1.000454872618901e+00	-7.996185710953997e-04	1083
1.000313317984227e+00	-1.849028862387257e-03	1084
9.361986109736192e-01	-5.502538811058934e-02	1085
2.469488368599499e-02	-6.769853573838890e-02	1086
-1.413200454619745e-02	-1.515235119041274e-02	1087
3.472019577458230e-03	4.626311696592500e-02	1088
-8.098640126875094e-03	-3.122180296614226e-02	1089
9.666330254551676e-01	4.320307874866870e-02	1090
-1.233038982736926e-02	2.040310284073638e-02	1091
1.000773019462859e+00	1.402929599138031e-04	1092
1.000769926992594e+00	-1.586004461223788e-04	1093
7.249393056710622e-03	-5.232621533631963e-02	1094
3.179248209498936e-01	-1.411583952094315e-01	1095
3.026253048303535e-01	-1.402820862309098e-01	1096
9.943072269213808e-01	2.043103583345266e-02	1097
5.725492675898843e-01	1.443915149604694e-01	1098
9.602539770793992e-01	4.709257683236356e-02	1099
9.936724617697233e-01	-2.005746415516274e-02	1100
7.060379304524541e-01	-1.163575832936949e-01	1101
-1.390480902288906e-02	1.508392090012523e-02	1102
3.006886033249123e-01	1.374045556449503e-01	1103
2.857624936005402e-01	1.357516359247681e-01	1104
2.711616147231958e-01	1.340721969709706e-01	1105
6.761443243939066e-01	-1.211955664615178e-01	1106
-4.521657398147704e-03	3.593302244435190e-02	1107
-7.611538895122715e-03	3.080012216170070e-02	1108
-1.480956299337383e-02	-8.582214030399446e-03	1109
1.255529606950132e-02	-5.781682566976012e-02	1110
8.578617029001463e-01	-8.237431030146479e-02	1111
8.690436504792233e-01	-7.904354076407225e-02	1112
8.798205835669325e-01	-7.569219619035927e-02	1113
8.902654130327730e-01	-7.230343838730842e-02	1114
7.319301307017366e-02	-9.505619055257079e-02	1115
6.394731433364255e-02	-9.079221783114691e-02	1116
9.002845095575612e-01	-6.887138712592387e-02	1117
9.098798664056624e-01	-6.544617293770692e-02	1118
9.190850667924482e-01	-6.198070747005583e-02	1119
9.278555212896179e-01	-5.850687811595420e-02	1120
9.650188083717458e-01	-4.110647336260064e-02	1121
9.710729853512345e-01	-3.761096741066768e-02	1122
7.767708570966994e-01	-1.026980495748476e-01	1123
9.987044299481762e-01	-1.332147399381492e-02	1124
4.611388331685712e-01	-1.416906027506595e-01	1125
4.774146293661592e-01	-1.409730676013916e-01	1126
4.287429541885729e-01	-1.426800477397479e-01	1127
4.449090868566437e-01	-1.422471731342889e-01	1128
9.514961945041318e-01	-4.807517946109056e-02	1129
9.584840614103157e-01	-4.459893233977421e-02	1130
1.377831572330750e-01	-1.164004217570350e-01	1131
1.498341259576862e-01	-1.194134606175469e-01	1132
9.862704095438699e-01	-2.706761811326653e-02	1133
9.902591196594117e-01	-2.355923352279403e-02	1134
7.562389930400309e-01	-1.070384596667551e-01	1135
1.038770424411795e-01	-1.068534980175505e-01	1136
1.150692361518183e-01	-1.101092460285067e-01	1137
1.261204771542886e-01	-1.132400750328549e-01	1138
5.825302065729213e-01	-1.331635658427066e-01	1139
3.146877387658111e-02	-7.271715105372850e-02	1140
3.900898855700914e-02	-7.769591069985522e-02	1141
4.719551406483172e-02	-8.224082275837596e-02	1142
5.521218785089104e-02	-8.639932185160128e-02	1143
3.333367962527566e-01	-1.418509152626731e-01	1144
3.489244548747710e-01	-1.424094794494114e-01	1145
3.647149765012541e-01	-1.427801223348585e-01	1146
3.805679451402801e-01	-1.429920301603385e-01	1147
3.965137231639611e-01	-1.430486329971427e-01	1148
1.751146048883154e-01	-1.249175613296561e-01	1149
1.882405364159545e-01	-1.273706871219398e-01	1150
2.016069686909014e-01	-1.296397987240521e-01	1151
2.152698339832710e-01	-1.317341051269858e-01	1152
2.292281385200936e-01	-1.336649080783476e-01	1153
9.828054954532537e-01	3.170105566898242e-02	1154
9.779224260770220e-01	3.549582433234647e-02	1155
9.725269669249245e-01	3.933622024353949e-02	1156
4.745786155357538e-01	1.466153900465557e-01	1157
4.582253781362609e-01	1.464908644966436e-01	1158
4.420140350170201e-01	1.461918913131588e-01	1159
4.258326032736405e-01	1.457391984699694e-01	1160
4.097742122564273e-01	1.451595794691051e-01	1161
4.838241259523403e-02	7.914415405652646e-02	1162
4.017912016558021e-02	7.494006488812331e-02	1163
2.569052420853078e-01	1.323138583349499e-01	1164
2.425863718667901e-01	1.306169342093196e-01	1165
1.269279159286934e-01	1.079818972424736e-01	1166
1.159999955283102e-01	1.050384080823748e-01	1167
1.048911683873018e-01	1.020251595096420e-01	1168
9.215192813165548e-01	6.684836758133260e-02	1169
9.123867246776379e-01	7.086349058911171e-02	1170
9.028718843359330e-01	7.486970260995689e-02	1171
8.928822913031765e-01	7.887656137111522e-02	1172
8.824803061636597e-01	8.287040031139457e-02	1173
8.716990593421365e-01	8.679293331015854e-02	1174
8.605427077554344e-01	9.070327951928772e-02	1175
8.429750245316030e-01	9.652796025054337e-02	1176
8.247129654266255e-01	1.021910498226013e-01	1177
8.055282125142108e-01	1.077065003033214e-01	1178
7.507408032895868e-01	1.212288841057410e-01	1179
7.215979393066397e-01	1.270548955113161e-01	1180
6.914268261643001e-01	1.321742350855274e-01	1181
6.288433306457453e-01	1.400233859608259e-01	1182
5.967765897437882e-01	1.427296940917630e-01	1183
2.284551240629935e-01	1.285475885460808e-01	1184
2.147452960637853e-01	1.264184800296318e-01	1185
2.013417717215587e-01	1.241259514860503e-01	1186
1.881960148071120e-01	1.218042321586811e-01	1187
1.752904587798771e-01	1.193058929614852e-01	1188
1.626514824171095e-01	1.166831696397800e-01	1189
1.503503672865440e-01	1.138910100542068e-01	1190
3.259531909555650e-02	7.029693089324027e-02	1191
2.576176325992532e-02	6.558987511329360e-02	1192
8.221692243605229e-01	-9.205647478455824e-02	1193
8.344135260524735e-01	-8.887339779687312e-02	1194
8.462802876759281e-01	-8.565885701120002e-02	1195
4.936791577558891e-01	-1.401141129840697e-01	1196
5.180466760110390e-01	-1.385252236932014e-01	1197
1.962969583285725e-02	6.117242256917477e-02	1198
1.348842216803693e-02	5.628998536341476e-02	1199
8.093777126692818e-03	5.107690578616903e-02	1200
9.415586147259440e-02	9.852971288702134e-02	1201
8.402349905788507e-02	9.486048008912450e-02	1202
7.436207244288635e-02	9.104689718087529e-02	1203
6.513637444889266e-02	8.708219158218783e-02	1204
5.640635751409227e-02	8.299988722127491e-02	1205
3.937487804356169e-01	1.444072437702437e-01	1206
3.779515459318831e-01	1.435722575562103e-01	1207
3.621949883344825e-01	1.426128740467107e-01	1208
3.465234406748957e-01	1.415111653790241e-01	1209
9.461447796866415e-01	5.489820260157684e-02	1210
9.383972174849659e-01	5.885807213244040e-02	1211
6.142975913277645e-01	-1.296098107183051e-01	1212
6.454974683807118e-01	-1.256183297738273e-01	1213
2.436222995992915e-01	-1.353823200535786e-01	1214
2.581881624130470e-01	-1.367360270494484e-01	1215
2.726697449877337e-01	-1.380231940554451e-01	1216
2.875006006085461e-01	-1.392347091289312e-01	1217
9.997993066845012e-01	-2.541644175429297e-03	1218
9.998496994593673e-01	2.547588149256376e-03	1219
-8.778091160119897e-03	-4.281484925368555e-02	1220
-1.451612805218668e-02	3.774112051794647e-03	1221
1.000803926922579e+00	-5.605553469978645e-04	1222
9.882269618475873e-01	-3.424078855877680e-02	1223
9.989616115128481e-01	2.121994902096851e-02	1224
-1.781339652766623e-02	1.906498892546265e-02	1225
9.746243945090751e-01	4.916007852907203e-02	1226
1.000824792813218e+00	-8.193345561955737e-03	1227
9.956124944098667e-01	-2.531500130951383e-02	1228
-1.897133376238963e-02	-1.232088342896450e-02	1229
1.566247560908731e-02	-7.292693647168107e-02	1230
-5.139906149151845e-03	-4.885316739569939e-02	1231
3.296412304312745e-01	1.630375868429663e-01	1232
1.000815400198048e+00	5.415071715546838e-04	1233
-8.052282669226663e-03	4.218257157731261e-02	1234
-1.616449653101803e-02	2.486170736366028e-02	1235
-8.341820669902575e-04	-5.493639978403708e-02	1236
9.836058693798421e-01	-3.871766849571440e-02	1237
5.360110386949559e-01	-1.621835287346944e-01	1238
9.964456531905206e-01	2.566808925012359e-02	1239
3.167082201134512e-01	-1.635777665052433e-01	1240
9.527694595549340e-01	-6.045102659017685e-02	1241
9.411434204302223e-01	-6.681057419331454e-02	1242
6.329720333050604e-01	-1.517969261120231e-01	1243
9.313937635209112e-02	-1.197208650355396e-01	1244
1.713027844895960e-01	-1.436334126431873e-01	1245
-1.657936847542657e-02	-2.504785075323185e-02	1246
4.292295245392669e-01	-1.662595006465430e-01	1247
7.231130425880029e-02	-1.102114142872438e-01	1248
8.239543763839474e-02	-1.150403551751785e-01	1249
1.225828341397171e-01	1.244146689788052e-01	1250
9.894535312253149e-01	3.501420907395143e-02	1251
9.356526945078293e-01	7.506053606616858e-02	1252
-1.877745894130117e-02	1.231389788663001e-02	1253
-4.306891227836354e-03	4.802306924925166e-02	1254
9.784728387295490e-01	-4.310326266450751e-02	1255
1.000436373223826e+00	1.207300111165001e-03	1256
9.933012329533950e-01	3.034455532365876e-02	1257
-9.665624425476686e-03	9.324325651350269e-06	1258
-1.812844578003510e-02	-1.915221257885189e-02	1259
9.983069422022481e-01	-2.101333644132084e-02	1260
7.498310384550426e-01	-1.308585614716558e-01	1261
5.044355290650544e-01	1.712430366798786e-01	1262
4.752433924993387e-01	1.703398987324672e-01	1263
1.000897745767634e+00	1.689739812140978e-02	1264
1.001098312446792e+00	-1.276506616312421e-05	1265
1.001032869231286e+00	8.209690708539500e-03	1266
-1.455357513823600e-02	-3.743574956523048e-03	1267
1.000411942000104e+00	-1.217623264101982e-03	1268
2.183767990269432e-02	-7.842458933817119e-02	1269
-1.447999870080428e-02	-3.095009753991573e-02	1270
-1.188137040947596e-02	-3.681882812941217e-02	1271
5.622638160613215e-01	1.695079612198843e-01	1272
9.560533835071128e-03	-6.731232532677434e-02	1273
9.686287223633132e-01	5.387554598299970e-02	1274
9.621408386120325e-01	5.858952500665909e-02	1275
5.333678174933653e-01	1.705275270715141e-01	1276
2.988437235103083e-01	1.597010312794588e-01	1277
2.690155217413023e-01	1.555731813733432e-01	1278
7.245355731449080e-01	-1.361912374121869e-01	1279
-1.126163495017536e-02	3.635975648666649e-02	1280
-1.396301269507233e-02	3.063893311387421e-02	1281
3.814986181031005e-03	-6.082463414783860e-02	1282
8.737997041056528e-01	-9.510780514831418e-02	1283
8.951202375560655e-01	-8.728713635056187e-02	1284
6.272273945202718e-02	-1.052119303410534e-01	1285
9.148019262027461e-01	-7.922682623820522e-02	1286
9.285517489705912e-01	-7.312366932628546e-02	1287
9.727955739214769e-01	-4.748665094552135e-02	1288
1.000403267807673e+00	-1.680054680905518e-02	1289
4.620476661114399e-01	-1.653990808331794e-01	1290
9.599129906638832e-01	-5.617092692783809e-02	1291
9.666017751500895e-01	-5.184344937162956e-02	1292
1.455492159318934e-01	-1.369190231588485e-01	1293
9.922737545833017e-01	-2.980332609326122e-02	1294
7.709215312595282e-01	-1.259813486902987e-01	1295
7.944865547248225e-01	-1.200186960500062e-01	1296
1.103070026001229e-01	-1.258485559032182e-01	1297
1.272554768654148e-01	-1.313802609165379e-01	1298
5.686320746893493e-01	-1.594626682760001e-01	1299
2.901398534220144e-02	-8.437851036947518e-02	1300
3.723037331760461e-02	-9.025516951996580e-02	1301
4.543274188169669e-02	-9.514016286454273e-02	1302
5.364624254370963e-02	-1.000607642137108e-01	1303
3.482166051160793e-01	-1.653142485229646e-01	1304
3.803294675830465e-01	-1.662023016981585e-01	1305
4.046512453766791e-01	-1.665166858974302e-01	1306
1.983168921364714e-01	-1.493319866963937e-01	1307
2.265097473212452e-01	-1.543309019613749e-01	1308
9.850361320062655e-01	3.976051700923237e-02	1309
9.801027043927288e-01	4.444583436045414e-02	1310
4.421944543713938e-01	1.698167123139019e-01	1311
4.094983209698331e-01	1.686570072473918e-01	1312
3.864363531424005e-02	8.745757219002061e-02	1313
2.400523246183699e-01	1.517902099892291e-01	1314
1.059379116470806e-01	1.193524879989102e-01	1315
8.202779709749013e-01	1.239048157390492e-01	1316
9.178708174657779e-01	8.437921032742499e-02	1317
8.983013784363078e-01	9.361990292693749e-02	1318
8.769767425549495e-01	1.026271689487323e-01	1319
8.571343181124832e-01	1.110606559655950e-01	1320
8.391715280487070e-01	1.175532831520287e-01	1321
7.971365417988889e-01	1.309676214813789e-01	1322
7.694934511193902e-01	1.386117581445349e-01	1323
7.405854875895920e-01	1.455804474084364e-01	1324
7.106050966196845e-01	1.517872214982454e-01	1325
6.796628772258091e-01	1.571677802534554e-01	1326
6.479628244619174e-01	1.616571259006040e-01	1327
6.157133755383848e-01	1.652422422091884e-01	1328
5.871654710235057e-01	1.678287532897698e-01	1329
2.116589395967406e-01	1.466555692129892e-01	1330
1.847294763572976e-01	1.411854749730809e-01	1331
1.651046331070610e-01	1.366221509506182e-01	1332
1.523475320273572e-01	1.332928825140081e-01	1333
1.400237699189169e-01	1.297722316118121e-01	1334
3.037739486934727e-02	8.193651315126362e-02	1335
2.313086154319754e-02	7.629692782330190e-02	1336
8.173390288892076e-01	-1.138184818381392e-01	1337
8.389597069151749e-01	-1.064852189233467e-01	1338
8.568373197987794e-01	-1.009573111332610e-01	1339
4.867723858356733e-01	-1.643003618127359e-01	1340
5.074592632198102e-01	-1.642396305259832e-01	1341
1.688248270814519e-02	7.106886249526964e-02	1342
1.070238623512797e-02	6.573299303234277e-02	1343
4.853662476008287e-03	5.953589455551393e-02	1344
1.058215969311542e-04	5.388133879322051e-02	1345
9.443112330618353e-02	1.152124080822590e-01	1346
8.373560575067118e-02	1.107996524753860e-01	1347
7.368489891336434e-02	1.062396495764184e-01	1348
6.412114761865503e-02	1.015170357058882e-01	1349
5.506792443308847e-02	9.665300233142381e-02	1350
4.684968980285947e-02	9.202751516387782e-02	1351
3.772750223676889e-01	1.667623768244774e-01	1352
3.533125867313827e-01	1.652397915174347e-01	1353
9.551881350210398e-01	6.328202315657712e-02	1354
9.477785114641408e-01	6.796450768325388e-02	1355
6.011469132984857e-01	-1.559483150403161e-01	1356
6.642160888452784e-01	-1.471169390862259e-01	1357
6.947987157016352e-01	-1.419007107536236e-01	1358
2.560967796901837e-01	-1.579554073707090e-01	1359
2.858054581599944e-01	-1.611032469170409e-01	1360
1.001776291368744e+00	1.422116616001547e-02	1361
1.000433823938365e+00	-2.476129909293809e-03	1362
1.000189257841711e+00	-3.347375586026275e-03	1363
1.000889728609211e+00	6.714524691243890e-03	1364
3.832460355253178e-02	-1.067384205261921e-01	1365
1.002252614256203e+00	2.011467265686645e-02	1366
1.001103064256580e+00	3.374541274169351e-04	1367
1.001288923333608e+00	-9.814862171332041e-03	1368
-1.641480758365284e-02	-4.291346943665215e-02	1369
-5.433781484303053e-03	-6.324082330938631e-02	1370
1.000726239305067e+00	-6.705678031525241e-03	1371
1.001370708662800e+00	-1.417725392528905e-02	1372
-1.565749114670819e-02	4.243371453284121e-02	1373
-2.345870220397752e-02	1.635029658747850e-02	1374
-2.373664549916478e-02	-1.636001857894059e-02	1375
9.884208941691026e-01	4.839937573508846e-02	1376
7.658220784073693e-01	-1.521589129508821e-01	1377
3.398360400291671e-01	1.905575753023633e-01	1378
1.001549597482599e+00	9.828749210509219e-03	1379
9.281005698835125e-01	-9.066442203809393e-02	1380
5.493079015339368e-03	-7.770133110288495e-02	1381
3.995863702957725e-02	1.037788263995283e-01	1382
-1.248340919394336e-02	4.896997352704446e-02	1383
-1.336182919820288e-02	-4.962159528559378e-02	1384
4.171460224282544e-01	-1.936670110295850e-01	1385
9.626456155181159e-01	-6.877563617154228e-02	1386
6.525553354448328e-01	-1.761187062762415e-01	1387
5.546017112663932e-01	-1.885156918896972e-01	1388
9.912183411091292e-01	-4.189243564256986e-02	1389
9.951204092710688e-01	-3.641344097182216e-02	1390
1.141970987404965e-02	-8.373394767933352e-02	1391
1.786834433506489e-02	-9.028727626435511e-02	1392
1.000824193814003e+00	9.853930770189524e-04	1393
9.994317106365759e-01	3.113120462162787e-02	1394
1.001803577432438e+00	2.580752513682370e-02	1395
9.779934533323253e-01	5.980484878919193e-02	1396
2.811486690092231e-01	1.827763081214148e-01	1397
5.774610313750069e-01	1.959239146844948e-01	1398
7.144813418658044e-01	-1.643531903808447e-01	1399
6.026641366820841e-02	-1.212242663749052e-01	1400
1.000260870061816e+00	3.349016913655376e-03	1401
1.000486033082252e+00	2.468631883552006e-03	1402
-1.356241475714581e-02	4.511014217901057e-04	1403
9.866760671310819e-01	-4.743924867107639e-02	1404
9.834947680063197e-01	5.408976493342157e-02	1405
1.001095542790871e+00	-3.629577395034602e-04	1406
9.983972234770239e-01	-3.083831132642976e-02	1407
-2.239740449849212e-02	2.341837330895503e-02	1408
-9.685646575168155e-03	-5.654853226067801e-02	1409
5.237009494335276e-01	-1.909608711733811e-01	1410
-2.280796869777820e-02	-2.351455146646722e-02	1411
7.022386243633662e-02	-1.270934303429285e-01	1412
8.083256081800376e-02	-1.328076790259821e-01	1413
9.963917949871568e-01	3.689481298660390e-02	1414
-1.949589744511242e-02	6.315324576916758e-03	1415
9.815168223717167e-01	-5.284229878900031e-02	1416
1.000978678557663e+00	-2.565552582383889e-02	1417
7.423040646697099e-01	-1.580421527993336e-01	1418
-1.959593691739149e-02	-6.273392937567533e-03	1419
1.000803327482975e+00	-1.004210809120038e-03	1420
5.086263554282052e-02	-1.151818686366030e-01	1421
-2.122528857248977e-02	-2.999682688020164e-02	1422
-1.909537245146368e-02	-3.646505093480815e-02	1423
5.207422011891540e-01	1.984756790998198e-01	1424
-4.955142956494083e-04	-7.028756879181620e-02	1425
9.719438114321886e-01	6.548692503345881e-02	1426
5.498912063191030e-01	1.974291458875615e-01	1427
3.122806163130453e-01	1.873075957047653e-01	1428
6.047941749459522e-01	1.934301153362494e-01	1429
-1.845316676071598e-02	3.613531059827974e-02	1430
-2.069939959244119e-02	2.979553170029935e-02	1431
8.908113029992847e-01	-1.086583217872485e-01	1432
9.114326749897220e-01	-9.915583429347619e-02	1433
9.414148499713216e-01	-8.307369282862234e-02	1434
9.534162625330262e-01	-7.538689653512681e-02	1435
1.001636859580008e+00	-2.003425411182081e-02	1436
4.462891048537860e-01	-1.933264032479394e-01	1437
9.694997636089993e-01	-6.359093375250695e-02	1438
9.757821275229763e-01	-5.824320304240858e-02	1439
3.920609683282287e-01	-1.933569753079762e-01	1440
8.350339036070688e-01	-1.306804377978941e-01	1441
8.539659953538317e-01	-1.234846848634822e-01	1442
7.884401277007154e-01	-1.458741232635555e-01	1443
9.545761178931969e-02	-1.394981720096668e-01	1444
1.127757882070412e-01	-1.461575543965921e-01	1445
1.304767113514015e-01	-1.527668671245543e-01	1446
2.567140854945580e-02	-9.744174659093797e-02	1447
3.308620089837422e-01	-1.904468753866527e-01	1448
3.634019982736876e-01	-1.923551752597014e-01	1449
1.528878293702698e-01	-1.601941317344765e-01	1450
1.799834959368267e-01	-1.678149328565905e-01	1451
6.839113345921745e-01	-1.705546949724275e-01	1452
9.927238064189491e-01	4.259446098496209e-02	1453
4.901557524324903e-01	1.983977869143591e-01	1454
4.595902833365584e-01	1.976418645923951e-01	1455
1.085721918585342e-01	1.395748451436703e-01	1456
9.336456444210863e-01	9.359758391899979e-02	1457
9.149794279690349e-01	1.045085508067121e-01	1458
8.363008379555421e-01	1.411531827056555e-01	1459
8.943954505103882e-01	1.151957813808411e-01	1460
8.744179630670820e-01	1.249790886154935e-01	1461
8.548729298426538e-01	1.338093024288822e-01	1462
8.150087146492730e-01	1.488220296744184e-01	1463
7.893783486485646e-01	1.571594123567971e-01	1464
7.607364440086132e-01	1.654641831169310e-01	1465
7.308874811061311e-01	1.729514413616146e-01	1466
6.999732506558375e-01	1.795537680179254e-01	1467
6.681511252028535e-01	1.852048805374271e-01	1468
6.356555487190542e-01	1.898513383304461e-01	1469
2.517920518748841e-01	1.781580701786117e-01	1470
2.219456408653748e-01	1.726955586503404e-01	1471
1.937893114507211e-01	1.662165320073868e-01	1472
1.699308256085929e-01	1.599955289639413e-01	1473
1.472926428155504e-01	1.519061323673684e-01	1474
1.254796732422400e-01	1.456116309087101e-01	1475
2.727076019072820e-02	9.501260707263708e-02	1476
1.938429721186668e-02	8.817202401886881e-02	1477
8.117984288324190e-01	-1.388368224877542e-01	1478
8.717003066225124e-01	-1.166967618327822e-01	1479
4.755993227682033e-01	-1.924718353036598e-01	1480
4.971883238108885e-01	-1.920303551956998e-01	1481
1.285057456243180e-02	8.188341414624432e-02	1482
6.842588238992314e-03	7.609825672365243e-02	1483
7.409299022452352e-04	6.897498498376621e-02	1484
-4.313942382585729e-03	6.217462294636184e-02	1485
-8.682451206211257e-03	5.569686354718938e-02	1486
9.392187998377700e-02	1.339742843735680e-01	1487
8.236900063735440e-02	1.286596464475276e-01	1488
7.178335626397279e-02	1.231942449793507e-01	1489
6.184693844782678e-02	1.175800539328264e-01	1490
5.244639268261170e-02	1.117848730381323e-01	1491
4.261496769275986e-01	1.966444500631363e-01	1492
3.929774589107195e-01	1.948149923261943e-01	1493
3.644433908173440e-01	1.927909786663405e-01	1494
9.617259197184577e-01	7.374247059041619e-02	1495
9.486248153127940e-01	8.383575501552618e-02	1496
5.878384129809728e-01	-1.852453236771340e-01	1497
6.205731004529866e-01	-1.810294934242620e-01	1498
2.081140597205898e-01	-1.743908203194517e-01	1499
2.381177526385991e-01	-1.798726249037935e-01	1500
2.681281246561562e-01	-1.839735165173724e-01	1501
2.990311755833120e-01	-1.876223208406113e-01	1502
1.000909954776442e+00	3.046179936821741e-03	1503
1.000181445961281e+00	-5.108690010453732e-03	1504
9.994456588990215e-01	-5.670655467756310e-03	1505
1.000683600105909e+00	1.162379096327972e-02	1506
-2.767472870244897e-02	2.814333633094172e-02	1507
1.000297616436874e+00	5.120550142690637e-03	1508
-2.378594739573730e-02	4.213884815735810e-02	1509
9.736980900329856e-01	-7.621054161113311e-02	1510
1.001157365996543e+00	-7.704516225982216e-04	1511
1.002944303383591e+00	-1.624392115402677e-02	1512
1.004511958243760e+00	-1.708936720688915e-02	1513
9.909290247735512e-01	-5.661783468625103e-02	1514
1.000820275419873e+00	1.428450918573410e-03	1515
9.929851603893254e-01	5.744901629977885e-02	1516
2.627756795484243e-01	2.078604230089933e-01	1517
1.002210371805989e+00	-8.673462311937026e-03	1518
1.001811821859001e+00	-7.380604193852394e-03	1519
-1.111975663808340e-02	-7.235707729831040e-02	1520
1.001173783414209e+00	7.437034375083235e-04	1521
-1.795161753658468e-02	5.631513553099148e-02	1522
1.343870279566265e-01	-1.774440452593628e-01	1523
3.577376344764373e-02	-1.236067971141213e-01	1524
9.430065676479680e-01	-1.013244110229498e-01	1525
7.842218244706642e-01	-1.747123342504537e-01	1526
1.000370728382543e+00	-1.156966228760796e-02	1527
1.002001109995947e+00	7.364117563637546e-03	1528
1.002440469408234e+00	8.653349404553297e-03	1529
1.000789821082327e+00	-1.446368580825446e-03	1530
-2.193301686592708e-02	-4.941027476551175e-02	1531
5.664111983389787e-01	2.272527142929441e-01	1532
6.733881030264595e-01	-2.026437504276962e-01	1533
4.319843346744605e-01	-2.240108815514960e-01	1534
5.948600122412429e-01	2.249213364635003e-01	1535
9.497050620097973e-01	1.024042521354998e-01	1536
9.133029939326751e-01	1.273110493117606e-01	1537
3.235083781893435e-01	2.179649980778031e-01	1538
2.508988358950396e-02	1.110369330277484e-01	1539
5.116564595363723e-01	-2.224435365925459e-01	1540
-2.103708324559145e-02	4.893269871008980e-02	1541
1.003898718338609e+00	2.995394901989458e-02	1542
5.415465129702089e-01	-2.206085689746246e-01	1543
9.995717302162492e-01	5.704023140455808e-03	1544
1.003427169999564e+00	1.625231595819557e-02	1545
1.005030560063669e+00	1.705193896140868e-02	1546
1.000842184470747e+00	-3.060595104283506e-03	1547
-2.876440565254437e-02	2.067545424327024e-02	1548
3.503327664186180e-01	2.212624944970493e-01	1549
1.001469115251723e+00	1.571067962140650e-04	1550
1.001465251730872e+00	-1.909407379809188e-04	1551
-5.923776160794182e-03	-8.064620254118829e-02	1552
-1.537372893998697e-02	-6.476421411574883e-02	1553
4.041300413021450e-01	-2.237435074030442e-01	1554
9.953776704348907e-01	-4.989188806314404e-02	1555
9.988977199479127e-01	-4.320177477746848e-02	1556
1.679746236215381e-05	-8.886094038824488e-02	1557
5.806534127018562e-03	-9.552483095264473e-02	1558
1.000869768081985e+00	2.058907524356579e-03	1559
9.971610312975083e-01	5.047563893491095e-02	1560
9.882287684053332e-01	6.429973437445452e-02	1561
2.934493623271209e-01	2.133121865099565e-01	1562
7.049289177356797e-01	-1.959577182085322e-01	1563
5.158447301980804e-02	-1.351460039875569e-01	1564
1.002182154860866e+00	-3.678539908174752e-02	1565
-1.898444836404115e-02	-5.696285341761361e-02	1566
-2.913447421812974e-02	-2.067766412067034e-02	1567
6.704556367779306e-02	-1.452674670737037e-01	1568
7.993962962733049e-02	-1.534523994865426e-01	1569
1.003429724990264e+00	3.698188740668470e-02	1570
-2.427036930946536e-02	1.011361583399244e-02	1571
-1.776894001625408e-02	-1.862686975725084e-03	1572
1.002913549621883e+00	-2.984263916907701e-02	1573
7.346023858128808e-01	-1.888063949532847e-01	1574
7.606900259054482e-01	-1.817887672794764e-01	1575
-1.956942985725803e-02	1.862622138400051e-05	1576
-2.443825639971870e-02	-1.006845945174241e-02	1577
1.000825059868955e+00	-2.076307997804132e-03	1578
-2.818737725841377e-02	-2.823648529542899e-02	1579
-2.672782479542085e-02	-3.535769083103008e-02	1580
-2.455794462317968e-02	-4.247149418553373e-02	1581
5.375991330578299e-01	2.286076164854910e-01	1582
9.827945436236206e-01	7.115609715290527e-02	1583
-2.608504168552862e-02	3.515657036789791e-02	1584
9.093263277658601e-01	-1.217859061912235e-01	1585
9.279694698648830e-01	-1.110432544747351e-01	1586
9.556353974907497e-01	-9.202910270086910e-02	1587
9.661153399952666e-01	-8.332953056085114e-02	1588
9.802103685376582e-01	-6.975938007912630e-02	1589
9.859071364701809e-01	-6.319922213781708e-02	1590
8.527708015685238e-01	-1.490003922521020e-01	1591
8.314989422394278e-01	-1.579789040517238e-01	1592
9.656335837731976e-02	-1.616437543000211e-01	1593
1.140160513365141e-01	-1.690278300682010e-01	1594
1.278475336771502e-02	-1.034443896985959e-01	1595
2.331189311598560e-02	-1.135346024935756e-01	1596
3.452337143720789e-01	-2.206417022181101e-01	1597
3.765482955241747e-01	-2.226812886317323e-01	1598
1.597130155697205e-01	-1.865651395896545e-01	1599
1.000408135063141e+00	4.357969669474843e-02	1600
5.066249282613557e-01	2.292038612948577e-01	1601
4.754066133252710e-01	2.287451187556575e-01	1602
9.329789221994024e-01	1.146119593771383e-01	1603
8.932926048196812e-01	1.390437628716014e-01	1604
8.735154846704700e-01	1.497728727608383e-01	1605
8.539198980329343e-01	1.592724270196555e-01	1606
8.336884142291452e-01	1.679368263246085e-01	1607
8.098971632200840e-01	1.771142505547610e-01	1608
7.823994057824298e-01	1.866135017785750e-01	1609
7.526468345086074e-01	1.956373422923444e-01	1610
7.217123850343441e-01	2.037010664486240e-01	1611
6.897327517959021e-01	2.107259316292529e-01	1612
6.569130082849987e-01	2.166535414778284e-01	1613
6.246364106877071e-01	2.213996713925104e-01	1614
2.324424832644185e-01	2.019809860788554e-01	1615
1.508477577237296e-01	1.779437578523290e-01	1616
1.300022801547175e-01	1.698743077708048e-01	1617
2.023404419647114e-01	1.946250028173089e-01	1618
1.757456857817691e-01	1.869289652058065e-01	1619
1.097562924547954e-01	1.622052175859452e-01	1620
1.450212300114096e-02	1.013600507350112e-01	1621
8.074842458137711e-01	-1.669883454826903e-01	1622
8.707845662647737e-01	-1.409776424073147e-01	1623
8.894183256781482e-01	-1.321781404707432e-01	1624
4.617573587715000e-01	-2.236114516517723e-01	1625
4.869850213000192e-01	-2.231159464726187e-01	1626
7.436926147259603e-03	9.371305584393905e-02	1627
1.567015100192058e-03	8.726546944854111e-02	1628
-4.488757022053825e-03	7.933068622966678e-02	1629
-9.817695216831308e-03	7.130026843261433e-02	1630
-1.420117356209626e-02	6.391972220523368e-02	1631
9.378603137120699e-02	1.555129873657106e-01	1632
8.006508110476107e-02	1.483366015141158e-01	1633
6.878666426818035e-02	1.415002667441164e-01	1634
5.832179958740168e-02	1.349793953498259e-01	1635
4.837772720852267e-02	1.284667548234758e-01	1636
3.756610212172505e-02	1.206270687527221e-01	1637
4.433350280544635e-01	2.277678395657739e-01	1638
4.092079798297437e-01	2.260980418926960e-01	1639
3.776787386443723e-01	2.238149801657007e-01	1640
9.747659470092751e-01	7.974886452350234e-02	1641
9.638051966490943e-01	9.037775197046823e-02	1642
5.742102905031572e-01	-2.177301582521320e-01	1643
6.080866749561702e-01	-2.136154229020076e-01	1644
6.411204638476798e-01	-2.085314043353832e-01	1645
1.880577034525282e-01	-1.952276178475429e-01	1646
2.181132871833742e-01	-2.027008121945357e-01	1647
2.491753921987735e-01	-2.086496794103017e-01	1648
2.800749174978183e-01	-2.133483807506353e-01	1649
3.122021223595296e-01	-2.175033226673457e-01	1650
-3.482328777248718e-02	2.527922910236895e-02	1651
1.000342840443279e+00	-4.309642595444258e-03	1652
1.007540863957619e+00	3.373671392047222e-02	1653
-3.105334036314743e-02	-4.884264416690899e-02	1654
1.004045583214451e+00	1.406098975188881e-02	1655
1.002518697861464e+00	5.850257635734633e-02	1656
3.619497001198489e-01	2.556744301730393e-01	1657
8.523992057984966e-01	-1.779558021013655e-01	1658
-1.804232234863873e-02	-8.233168857086923e-02	1659
1.001288293394421e+00	1.709578628470032e-03	1660
9.672356426701694e-01	1.090832284970102e-01	1661
1.000439228660348e+00	4.312576692785997e-03	1662
-2.415686410944999e-02	3.948577165018482e-03	1663
1.002768833541366e+00	-1.006537472611124e-02	1664
1.000851616987177e+00	-3.969067127857301e-03	1665
8.292279719523644e-01	-1.885970554201264e-01	1666
-2.961645935743644e-02	1.391460794103886e-02	1667
1.000989943092629e+00	-2.629465415225730e-03	1668
1.001935269607487e+00	6.200409964440128e-03	1669
-2.860381788212498e-02	-5.629217884293602e-02	1670
8.049648963833184e-01	-1.984503761757306e-01	1671
4.472241091385777e-01	-2.579125414749845e-01	1672
9.859566296158253e-01	-8.203289908139332e-02	1673
1.381527746784459e-01	-2.056081922081641e-01	1674
4.176128173155055e-01	-2.577138954946560e-01	1675
9.988431823793212e-01	6.669614837419141e-02	1676
9.519593607376796e-01	1.235949567140617e-01	1677
5.547584627214632e-01	2.620660036107837e-01	1678
2.423688390263942e-01	2.348122442545206e-01	1679
9.457354826562590e-01	-1.220329761152568e-01	1680
-2.464618960542116e-02	6.415964546556382e-02	1681
2.108450330741639e-01	2.267361750897572e-01	1682
5.844912086141928e-01	2.600689659276497e-01	1683
1.000942006615217e+00	3.958187269425251e-03	1684
1.003044710010261e+00	1.003714942834582e-02	1685
1.001779507614710e+00	-6.222710776919987e-03	1686
1.003633417677328e+00	-1.408954078645941e-02	1687
1.004006421318808e+00	-2.315934481409088e-02	1688
1.001048072655477e+00	2.610036452794887e-03	1689
1.002663617635207e+00	1.188146084248093e-02	1690
1.001219948440627e+00	1.198045146740132e-03	1691
1.003087435370417e+00	-7.694928882571250e-03	1692
1.001250032915746e+00	-1.737226876253967e-03	1693
-2.231083121926479e-02	-7.353348287997247e-02	1694
1.001485279465029e+00	5.323855211051027e-04	1695
1.001473060976543e+00	-5.663482274754695e-04	1696
1.001878051428480e+00	-2.165636888626760e-05	1697
1.001193432302795e+00	-1.225193695118438e-03	1698
9.338861747868208e-01	1.382896833815523e-01	1699
3.338504214597220e-01	2.521247881209803e-01	1700
-2.757064023629298e-02	5.584126494306716e-02	1701
-3.015121588921136e-02	4.852802152839431e-02	1702
5.286488226840508e-01	-2.559762470248020e-01	1703
1.005919843016118e+00	2.632437459335248e-02	1704
1.004741225398360e+00	2.318381441314875e-02	1705
1.002331300291045e+00	-1.188473388057125e-02	1706
1.003292329868665e+00	7.644279070261735e-03	1707
-2.583189925054968e-02	-6.477709597878797e-02	1708
1.000466980866633e+00	-5.806763713974916e-02	1709
1.003696068947894e+00	-4.997762804570338e-02	1710
-1.280056178181074e-02	-9.170426502086254e-02	1711
-3.990965425620804e-03	-1.044900644284720e-01	1712
1.907964871186159e-02	-1.311385230501290e-01	1713
3.044862460209006e-01	2.473494210265483e-01	1714
2.734332901517385e-01	2.413288823097148e-01	1715
6.959007401216841e-01	-2.313800797349635e-01	1716
1.004938484459699e+00	-4.223522029633237e-02	1717
3.315153669124293e-02	-1.433194386652619e-01	1718
4.866716951072911e-02	-1.559558674222479e-01	1719
6.235914244196299e-02	-1.664370599332071e-01	1720
-2.986278110361035e-02	-1.385487558630369e-02	1721
1.006411663015982e+00	-3.372338807768999e-02	1722
1.005066628751228e+00	-2.631634364157670e-02	1723
7.271952559222904e-01	-2.234531972262728e-01	1724
7.556573174168805e-01	-2.152837088284660e-01	1725
7.810762197173231e-01	-2.070863713746121e-01	1726
-2.469087168695219e-02	-4.657777657556330e-03	1727
-3.529130762325022e-02	-2.526199217273611e-02	1728
-3.448868480582596e-02	-3.320242740179444e-02	1729
-3.304713471006248e-02	-4.113123001872253e-02	1730
9.944017226690599e-01	7.490392287886370e-02	1731
-3.228360385225084e-02	4.094404351912537e-02	1732
-3.387085839661028e-02	3.312843702760466e-02	1733
9.289417264935761e-01	-1.343066162080417e-01	1734
9.595161015974703e-01	-1.105024797787803e-01	1735
9.708073465880519e-01	-9.961321894639487e-02	1736
9.795376609550651e-01	-9.000036275145371e-02	1737
9.917502317850401e-01	-7.399447586251173e-02	1738
9.964880429300648e-01	-6.603717673257246e-02	1739
7.839666625476648e-02	-1.768729444084590e-01	1740
9.610576195211223e-02	-1.862690859432855e-01	1741
1.148260356488558e-01	-1.950780041525897e-01	1742
7.626591817360889e-03	-1.190557176977409e-01	1743
3.585571686445879e-01	-2.544977287970183e-01	1744
3.889052458541407e-01	-2.566337570564916e-01	1745
1.006392920028983e+00	4.235715306264590e-02	1746
1.005444349461359e+00	5.022174000489201e-02	1747
5.240504276338458e-01	2.631659425146389e-01	1748
4.918365803331273e-01	2.632490683217995e-01	1749
9.142110978479155e-01	1.524904153703732e-01	1750
8.944695920899637e-01	1.654384083344216e-01	1751
8.744622897704127e-01	1.772815988128327e-01	1752
8.540043398596494e-01	1.879505393684908e-01	1753
8.315836306334602e-01	1.983018646267070e-01	1754
8.055146625906975e-01	2.090513509810142e-01	1755
7.763442084063323e-01	2.197062746366949e-01	1756
7.453265851823095e-01	2.295350748280371e-01	1757
7.131148861477072e-01	2.382290439493058e-01	1758
6.799002779466714e-01	2.457098308214655e-01	1759
6.465603232819385e-01	2.518721475958060e-01	1760
6.147294586136862e-01	2.566580887017216e-01	1761
1.313511411325345e-01	1.971525219141844e-01	1762
1.815039152413820e-01	2.175817216609471e-01	1763
1.544242607017999e-01	2.072985866211812e-01	1764
1.113165053864940e-01	1.879854859266719e-01	1765
9.500807691124961e-03	1.169895554285719e-01	1766
8.720154943901911e-01	-1.680760885429376e-01	1767
8.902985258422241e-01	-1.582415445815801e-01	1768
9.097145356782858e-01	-1.468441459163177e-01	1769
4.749624421372061e-01	-2.576707095516544e-01	1770
5.002031254784224e-01	-2.572132542421160e-01	1771
6.485008332411387e-04	1.067491881011284e-01	1772
-5.079209506479039e-03	9.893242235925523e-02	1773
-1.115896221266479e-02	9.042053017168944e-02	1774
-1.655439606578960e-02	8.130605762098385e-02	1775
-2.097111478930447e-02	7.272308763772056e-02	1776
9.268973760494233e-02	1.797928340258440e-01	1777
7.667905822257438e-02	1.709338878097638e-01	1778
5.891920479930363e-02	1.575796512357709e-01	1779
4.352530269667244e-02	1.463138162570884e-01	1780
3.249477235539976e-02	1.385041917797094e-01	1781
2.102602317054077e-02	1.286302980807580e-01	1782
4.597074601655164e-01	2.624335714109933e-01	1783
4.260300140495216e-01	2.609037771255853e-01	1784
3.922787081093641e-01	2.585584908910558e-01	1785
9.880694724370901e-01	8.433517244057986e-02	1786
9.792828593828983e-01	9.566546530555856e-02	1787
5.608440168566974e-01	-2.535590487919595e-01	1788
5.952355848865811e-01	-2.498552609267474e-01	1789
6.297207444185789e-01	-2.447173846805551e-01	1790
6.632078429384184e-01	-2.385333448609822e-01	1791
1.656957791562659e-01	-2.163751714862551e-01	1792
1.959191491353698e-01	-2.262502206486320e-01	1793
2.277522239326215e-01	-2.345851311966211e-01	1794
2.597591464407065e-01	-2.409663801934672e-01	1795
2.918560982746528e-01	-2.464453054699285e-01	1796
3.254379192993058e-01	-2.511003896782134e-01	1797
1.003622336723785e+00	-8.949756019807556e-03	1798
1.008090011640068e+00	-3.056778349133449e-02	1799
1.009401568348066e+00	6.657977205673293e-02	1800
-3.563455335800837e-02	1.785370000873551e-02	1801
-2.997022348917758e-02	6.942634256338872e-03	1802
1.007091678878652e+00	-6.634113959098219e-02	1803
6.873769859920285e-01	-2.710333626936619e-01	1804
8.532906862381350e-01	-2.105749526294751e-01	1805
3.443248502084664e-01	2.903077513098051e-01	1806
1.008317014010523e+00	3.897462728103041e-02	1807
1.002802245052038e+00	-6.773495391683863e-03	1808
1.000921439381254e+00	5.459841590087782e-03	1809
1.000792364632593e+00	-5.461033065295448e-03	1810
1.001560582903531e+00	-9.881278312016460e-04	1811
9.977366641365521e-04	-1.364905987072293e-01	1812
1.003867643943305e+00	8.890188375594387e-03	1813
1.001885063106584e+00	-3.699700670509282e-04	1814
9.559286396253364e-01	1.474345429679481e-01	1815
1.004755120738187e+00	1.208357848874515e-02	1816
1.008123376025669e+00	2.370598994538337e-02	1817
1.005469423338337e+00	2.004370872962180e-02	1818
1.001582382756560e+00	9.524083954339404e-04	1819
9.499454174930154e-01	-1.454215989877556e-01	1820
8.749886996058653e-01	-1.984910040759798e-01	1821
-3.596229893490631e-02	-1.776763131629235e-02	1822
-3.061525800221694e-02	-8.288187084267541e-02	1823
3.039007232499330e-03	1.344550917075742e-01	1824
1.871187643482782e-01	2.523256948568343e-01	1825
1.004844344894116e+00	-2.007130331657662e-02	1826
9.853060337567681e-01	1.134710541780281e-01	1827
8.289025742175903e-01	-2.227307481738413e-01	1828
1.150802630769676e-01	-2.247266911403087e-01	1829
1.006989020781452e+00	-3.894469889653873e-02	1830
-2.645710879836623e-02	-9.305055067707727e-02	1831
4.747243473576466e-01	-2.951494770914012e-01	1832
1.010103330136485e+00	5.656263991906761e-02	1833
5.733167895746397e-01	2.991618644606467e-01	1834
9.988302854844273e-01	-8.518580753701963e-02	1835
5.475308061860158e-01	-2.930979937621852e-01	1836
-3.270910951326336e-02	7.250468041798144e-02	1837
1.315830673709079e-01	2.280493417430303e-01	1838
1.411220945048464e-01	-2.375166101090377e-01	1839
4.320203295313657e-01	-2.956914874339428e-01	1840
3.747777614413597e-01	2.942047248016851e-01	1841
-3.875981763415901e-02	-5.544532094586789e-02	1842
-3.660129001305546e-02	-6.351573428127333e-02	1843
1.001415871937779e+00	2.219487353809095e-03	1844
-2.834643290601268e-02	-1.238040851050830e-04	1845
9.722826225096703e-01	1.300811944039837e-01	1846
2.189231299325134e-01	2.628392644873767e-01	1847
1.001365395908013e+00	-2.248659704540627e-03	1848
1.004404698700706e+00	-1.214829444438549e-02	1849
-3.404322060855464e-02	-7.306553459360694e-02	1850
1.001701905376676e+00	1.394540150142505e-03	1851
1.002978933031647e+00	6.726255318125408e-03	1852
1.001893031656362e+00	3.264624670716455e-04	1853
1.001669732192492e+00	-1.432305806062971e-03	1854
-3.543530539511529e-02	6.311738587489772e-02	1855
-3.773237033896793e-02	5.517247069222001e-02	1856
1.009104812595123e+00	3.049866012332931e-02	1857
1.008143764306675e+00	-5.643588591945902e-02	1858
9.421977121499921e-02	-2.138243995534397e-01	1859
3.143585563846776e-01	2.852648426775399e-01	1860
2.831723176576364e-01	2.787963222040994e-01	1861
2.515787871050848e-01	2.715086388052224e-01	1862
1.374235559164856e-02	-1.511145847373510e-01	1863
2.818546087657093e-02	-1.647999749540602e-01	1864
4.228988503219736e-02	-1.780346261673408e-01	1865
1.012676905199347e+00	-4.745145625980275e-02	1866
1.007356884029795e+00	-2.379304774620115e-02	1867
7.203304907091524e-01	-2.623561604478207e-01	1868
7.510304756193453e-01	-2.530467485840733e-01	1869
7.787369807238264e-01	-2.435144637236210e-01	1870
8.041247674437975e-01	-2.336299114428584e-01	1871
-3.029443255336078e-02	-7.267574371656238e-03	1872
-4.050903097242252e-02	-4.712328226543065e-02	1873
-4.240306382842979e-02	-2.995843368917800e-02	1874
-4.174431802938640e-02	-3.857452553379513e-02	1875
1.005937553272224e+00	7.592427582344370e-02	1876
-3.962748174691078e-02	4.697033038215601e-02	1877
-4.101687658734040e-02	3.853167539704322e-02	1878
-4.183559968713649e-02	3.000996022320708e-02	1879
9.650272232251513e-01	-1.310749152520966e-01	1880
9.772018925071763e-01	-1.175236588851416e-01	1881
9.866384472880798e-01	-1.052020675047403e-01	1882
9.935288907015686e-01	-9.468406368327908e-02	1883
1.003305096341525e+00	-7.547118457801896e-02	1884
5.759804411796507e-02	-1.907554489810356e-01	1885
7.548000959629345e-02	-2.030885399824387e-01	1886
-1.975560880445150e-02	-1.057165149161092e-01	1887
-1.054236525732893e-02	-1.213160663780652e-01	1888
3.709361178748604e-01	-2.923965019707125e-01	1889
4.016856271848870e-01	-2.946164054475983e-01	1890
1.014292318499302e+00	4.733903495622202e-02	1891
5.420033878545115e-01	3.007591353644623e-01	1892
5.093765580134872e-01	3.014346027597933e-01	1893
9.373568543943692e-01	1.643852729257315e-01	1894
9.178907098550199e-01	1.801449747887414e-01	1895
8.979543728274428e-01	1.946159195255365e-01	1896
8.772164199744438e-01	2.079321599673576e-01	1897
8.551939930366547e-01	2.203008044667226e-01	1898
8.304319814032560e-01	2.325923316056488e-01	1899
8.022286058876197e-01	2.449886317428203e-01	1900
7.713645543631269e-01	2.568636142787515e-01	1901
7.388460587701124e-01	2.676046371730214e-01	1902
7.051338577509142e-01	2.769943667905356e-01	1903
6.708291754901521e-01	2.849137853382042e-01	1904
6.372409801253562e-01	2.912663025150638e-01	1905
6.049497830459776e-01	2.960511794195267e-01	1906
1.575286995183006e-01	2.404259852680234e-01	1907
1.101459547262230e-01	2.167481005881095e-01	1908
9.141406907922589e-02	2.073364110269935e-01	1909
9.321109873656521e-01	-1.602007836639249e-01	1910
8.939254919170141e-01	-1.869567098961797e-01	1911
9.128227007058113e-01	-1.744154699162292e-01	1912
5.159874019147943e-01	-2.949943363042705e-01	1913
-6.909544208596016e-03	1.218685048339020e-01	1914
-1.380088799458561e-02	1.110936431659209e-01	1915
-1.915996150341599e-02	1.022985194188753e-01	1916
-2.478584659906824e-02	9.208967390049147e-02	1917
-2.911320594326701e-02	8.213278142991166e-02	1918
7.268911451917941e-02	1.965830229062672e-01	1919
3.869603142965279e-02	1.685194169822521e-01	1920
2.643482260852082e-02	1.582178078215409e-01	1921
5.406240491227712e-02	1.822259768215071e-01	1922
1.441280745208793e-02	1.474090798533940e-01	1923
4.761752295965518e-01	3.009868102689195e-01	1924
4.425752817324145e-01	2.996169604461092e-01	1925
4.079302039874740e-01	2.973355047731689e-01	1926
1.001414229972244e+00	8.658025824921306e-02	1927
9.948354190707521e-01	9.884502080708446e-02	1928
5.820800574309962e-01	-2.900142269595634e-01	1929
6.180228401049563e-01	-2.850587544772535e-01	1930
6.532245349967659e-01	-2.786431618874113e-01	1931
1.709852907004315e-01	-2.500570865923230e-01	1932
2.033547403938504e-01	-2.612455929984405e-01	1933
2.368731620312959e-01	-2.704171783884530e-01	1934
2.697384214904530e-01	-2.773696142116654e-01	1935
3.035179695300854e-01	-2.836762678048308e-01	1936
3.380547955207805e-01	-2.887859162680778e-01	1937
1.430839031915441e-01	-2.735649486857541e-01	1938
1.001634815006817e+00	2.792800190512690e-03	1939
1.004470653128926e+00	-7.846950800195965e-03	1940
1.003993800432609e+00	-6.910165723393877e-03	1941
1.002067069258679e+00	-1.099047590754987e-03	1942
1.006100709671995e+00	1.368608973480262e-02	1943
9.381427945061060e-01	-1.886034204928297e-01	1944
1.001569840142506e+00	-2.825123667954705e-03	1945
1.015596037835472e+00	7.423433415473517e-02	1946
1.143076809111764e-01	-2.582992232307545e-01	1947
1.008976203252269e+00	2.029072516085993e-02	1948
1.007579703086799e+00	1.821043071818733e-02	1949
1.005691216054105e+00	-1.378148430875957e-02	1950
1.001770143503244e+00	-1.932178354149317e-03	1951
1.002741216719965e+00	-5.662180437854376e-03	1952
1.004302477769750e+00	-1.035361020878239e-02	1953
1.004594484831714e+00	1.028128093576372e-02	1954
-4.927316474533106e-02	-5.325209258038872e-02	1955
1.001956860832554e+00	6.446906698718534e-04	1956
1.600024877065826e-01	2.778195058708431e-01	1957
-7.120276409413193e-03	-1.560904889054260e-01	1958
9.191345364095438e-01	-2.044728092298062e-01	1959
8.797322845439147e-01	-2.326261958993106e-01	1960
-4.828050219181228e-02	5.315481051631662e-02	1961
5.610213716556989e-01	3.425145970738513e-01	1962
3.236777606688581e-01	3.275701124038414e-01	1963
9.724283124698236e-01	-1.539560466297320e-01	1964
7.141133963616623e-01	-3.059678765899710e-01	1965
4.151695803736121e-01	-3.370811266720942e-01	1966
-1.594471669792002e-02	1.388670810712627e-01	1967
4.766605257774334e-02	2.094603206160910e-01	1968
9.091299088391841e-02	-2.448109521885218e-01	1969
1.016809336717350e+00	6.207322365988012e-02	1970
1.017911248042955e+00	5.459105487559850e-02	1971
-3.604985814221636e-02	1.057669878757036e-02	1972
-1.904817939050144e-02	-1.394570091331108e-01	1973
6.792464767882292e-01	-3.153870279496835e-01	1974
8.561700450370087e-01	-2.470096822497373e-01	1975
3.554698226077208e-01	3.330229361158258e-01	1976
1.001926799405505e+00	5.147025158539972e-03	1977
1.001800014109625e+00	-5.175428428840488e-03	1978
1.001941496559874e+00	-6.894301074541540e-04	1979
1.004686068213566e+00	7.757542758715467e-03	1980
1.004179631326789e+00	6.830167952240538e-03	1981
1.001471813407711e+00	-3.508406969024932e-03	1982
1.009497701633242e+00	2.710825254572766e-02	1983
1.001553389580722e+00	3.480765617382599e-03	1984
9.002264410324976e-01	-2.186764248895045e-01	1985
9.563961503218600e-01	-1.713664367814643e-01	1986
-4.287057882889250e-02	-2.174134253580145e-02	1987
1.923020428866090e-01	2.915216484195796e-01	1988
1.008604402964843e+00	-2.721704528965939e-02	1989
9.793001887555540e-01	1.534189077299997e-01	1990
1.010897401927322e+00	-3.494370191084566e-02	1991
-4.037317312796031e-02	-9.268558564540180e-02	1992
5.342283085977509e-01	-3.368250574681216e-01	1993
3.887465116848309e-01	3.372738829925211e-01	1994
1.309894654312670e-01	2.630311499290464e-01	1995
-4.374830461958108e-02	-8.185489006505067e-02	1996
1.002885947963061e+00	5.611246245686563e-03	1997
-3.429128998172834e-02	2.165094474657184e-03	1998
-3.440500753196461e-02	-2.281129614141961e-03	1999
9.931180795239182e-01	1.332592361522233e-01	2000
-4.784124859372533e-02	-6.213176185528770e-02	2001
-4.607582300608718e-02	-7.107715685918886e-02	2002
1.001814259870967e+00	1.892862211993839e-03	2003
1.002345987894729e+00	-2.715899062642978e-05	2004
1.002092089547914e+00	1.051611156797677e-03	2005
-4.478472342351698e-02	7.075667300581980e-02	2006
-4.669890533226637e-02	6.192634451605745e-02	2007
1.012076310806671e+00	3.480472516756010e-02	2008
2.917280528769288e-01	3.206091150453757e-01	2009
2.595774021112330e-01	3.124868736729484e-01	2010
2.263167034099572e-01	3.032808647192126e-01	2011
6.274955975156772e-03	-1.730534669387159e-01	2012
1.973837572668406e-02	-1.875284542448183e-01	2013
1.014669750883374e+00	-6.215297297560710e-02	2014
1.016040243016908e+00	-5.476486794387647e-02	2015
1.007009903838635e+00	-1.832081097963607e-02	2016
1.008329517745742e+00	-2.043268973546969e-02	2017
7.470734498939529e-01	-2.955140077146941e-01	2018
7.772811502635943e-01	-2.844991921973097e-01	2019
8.047966564418546e-01	-2.730468493505406e-01	2020
8.307777871192309e-01	-2.607316078972875e-01	2021
-3.629774564874698e-02	-1.065873149114904e-02	2022
-5.057993964525150e-02	-3.487583036316274e-02	2023
-5.018726589624765e-02	-4.410810452917292e-02	2024
-4.935331873969825e-02	4.411312787889449e-02	2025
-4.245879820157714e-02	2.186688668700002e-02	2026
-4.991135949224591e-02	3.497281723586879e-02	2027
9.854413031547993e-01	-1.371655053826848e-01	2028
9.953720559427693e-01	-1.216591678585553e-01	2029
1.002469952612838e+00	-1.080535614486403e-01	2030
1.007563325330692e+00	-9.628234109844785e-02	2031
1.009647333943246e+00	-8.427830182123487e-02	2032
1.013037155729965e+00	-7.415253436578093e-02	2033
3.436217156687982e-02	-2.026938722290872e-01	2034
5.157161320190246e-02	-2.180586926464968e-01	2035
7.081476975473527e-02	-2.322999742446122e-01	2036
-3.593252945549303e-02	-1.059925981023073e-01	2037
-2.835847345206250e-02	-1.210768768283629e-01	2038
3.831122041695366e-01	-3.347872550076053e-01	2039
5.278240347434204e-01	3.437210452753365e-01	2040
9.624657390520797e-01	1.736464703625155e-01	2041
9.439166678503210e-01	1.927909906655607e-01	2042
9.244200647205578e-01	2.104630711543543e-01	2043
9.038348630991100e-01	2.268850917532733e-01	2044
8.818360365644615e-01	2.421801694507993e-01	2045
8.578072270414507e-01	2.567277627759098e-01	2046
8.306653606293557e-01	2.711787068160440e-01	2047
8.003187111128223e-01	2.853504422889906e-01	2048
7.675825800091254e-01	2.985691665091643e-01	2049
7.332681599979276e-01	3.103423528434379e-01	2050
6.979794889816283e-01	3.204659050381625e-01	2051
6.627556551879638e-01	3.287976831593829e-01	2052
6.283777358679751e-01	3.353352310120873e-01	2053
5.944256630448963e-01	3.400201373464079e-01	2054
1.069381576821442e-01	2.488278351539007e-01	2055
8.764517405682820e-02	2.378105329078609e-01	2056
4.536647532994780e-01	-3.378025243840492e-01	2057
4.953871790788759e-01	-3.377921876972684e-01	2058
-2.412735255257855e-02	1.250348451908641e-01	2059
-2.926666686982272e-02	1.142689812401182e-01	2060
-3.459546926796376e-02	1.039037350547627e-01	2061
-3.872039017513106e-02	9.202786064080350e-02	2062
-4.227382912041438e-02	8.137606859271611e-02	2063
6.818168045203302e-02	2.256798760872697e-01	2064
1.817608893157993e-02	1.800800946755019e-01	2065
3.067604923081003e-02	1.926691176397225e-01	2066
-5.735779184335285e-03	1.532345110068614e-01	2067
6.272282667694360e-03	1.680851936771891e-01	2068
4.935620240175074e-01	3.437768819750858e-01	2069
4.590501272273744e-01	3.426768462935846e-01	2070
4.239056580862430e-01	3.405151245797500e-01	2071
1.012354095085104e+00	8.498746455537473e-02	2072
1.009930927048028e+00	9.915920387290758e-02	2073
1.003128136002624e+00	1.148350297746086e-01	2074
5.685172014782683e-01	-3.342737961457322e-01	2075
6.057895315156544e-01	-3.299234387544593e-01	2076
6.431043113328018e-01	-3.234397053692971e-01	2077
1.755156034848633e-01	-2.880465054930463e-01	2078
2.101645916417148e-01	-3.006192650970996e-01	2079
2.451742594286110e-01	-3.105138948022381e-01	2080
2.792278580280182e-01	-3.183463114904418e-01	2081
3.146768970754251e-01	-3.254578305224028e-01	2082
3.498000365533719e-01	-3.309825553473872e-01	2083
1.012277711719588e+00	-4.018101839378077e-02	2084
1.010378356828984e+00	1.783911128440003e-02	2085
1.006175236883672e+00	-1.152780871920083e-02	2086
1.012381076088113e+00	-3.004375610765576e-02	2087
1.006733340772708e+00	-1.573880519056749e-02	2088
-5.949890585737282e-02	-5.939225050893925e-02	2089
5.649976811769989e-01	3.897000452563931e-01	2090
7.439660062814188e-01	-3.431834013430946e-01	2091
2.993151575886714e-01	3.672620024339918e-01	2092
1.013382952953819e+00	2.981864255209848e-02	2093
-5.907524055092389e-02	4.972115791817431e-02	2094
6.411259049557222e-02	-2.648207278178896e-01	2095
9.476175543311377e-01	-2.193029987543154e-01	2096
1.005277518007597e+00	-6.846347325926848e-03	2097
9.658091401883090e-01	-1.996402978632452e-01	2098
1.294236902669133e-01	3.025530425695798e-01	2099
1.019854721735660e+00	-4.860467274435733e-02	2100
7.085023506420408e-01	-3.548142300960683e-01	2101
-5.505851060083794e-02	-9.120985217765365e-02	2102
1.001960041012633e+00	2.477132349898328e-03	2103
1.002439982703472e+00	5.427498743253473e-04	2104
1.002242789062687e+00	1.566670358664068e-03	2105
1.021505010548343e+00	4.825349576378076e-02	2106
-4.478604440512957e-03	1.902871783454015e-01	2107
-2.954660328266228e-02	-1.592716908286517e-01	2108
-4.273817859793772e-02	1.409318107688022e-02	2109
6.712161293796290e-01	-3.649865225293401e-01	2110
4.332923124764756e-01	-3.843776419909189e-01	2111
1.019057909164752e+00	-9.212066184657774e-02	2112
1.020110573824052e+00	-8.215041084700267e-02	2113
1.438900990048418e-01	-3.142097383719593e-01	2114
3.955980802982608e-01	-3.821753140416378e-01	2115
-1.717392527555312e-02	-1.774586838776002e-01	2116
1.024219758269632e+00	6.897362421540783e-02	2117
1.024389471575716e+00	5.938761776165802e-02	2118
1.003095700176233e+00	1.551185468216653e-01	2119
3.675154373685582e-01	3.807891250941572e-01	2120
9.957794392996446e-01	-1.586304799887263e-01	2121
-3.569724941482846e-02	1.409330780164189e-01	2122
2.072678315115824e-02	2.195051949531493e-01	2123
4.034187526356465e-01	3.853118466937093e-01	2124
1.121637488088016e-01	-2.961834897864450e-01	2125
8.596093183341338e-02	-2.796786970970004e-01	2126
1.002774096714803e+00	4.619384838478169e-03	2127
1.002426460927805e+00	-5.990138131134545e-04	2128
1.007213304947235e+00	1.562165285601642e-02	2129
8.867514169513694e-01	-2.707105207957319e-01	2130
1.002205262660991e+00	-1.616838638583529e-03	2131
1.001901480715219e+00	-2.518289805819566e-03	2132
1.011580700986214e+00	2.346608806114464e-02	2133
1.003768033437421e+00	-6.162586074241896e-03	2134
1.005147076301250e+00	-9.129939324324779e-03	2135
1.006512494799972e+00	1.140548319796990e-02	2136
1.005466392148782e+00	6.730004176717772e-03	2137
1.616561467624035e-01	3.199556953171520e-01	2138
-5.840703007770173e-02	5.937293315021202e-02	2139
3.330349321821073e-01	3.748443697942129e-01	2140
9.822114037369604e-01	-1.790658242378943e-01	2141
3.610148466363859e-01	-3.781819293010366e-01	2142
-2.721794242862952e-02	1.573472120674050e-01	2143
-5.029982605563607e-02	2.590631849880808e-02	2144
-4.301576438538734e-02	-1.400174311013121e-02	2145
1.003931425311257e+00	6.085906015491667e-03	2146
1.001572217993802e+00	-4.291974250888288e-03	2147
1.005404095825199e+00	9.026525912647736e-03	2148
1.002657065209317e+00	-4.672371032459890e-03	2149
1.002146806295582e+00	-3.256272463644672e-03	2150
1.013643476017209e+00	4.002560018826475e-02	2151
1.001674172489984e+00	4.265196827093034e-03	2152
9.091194307179136e-01	-2.538412674418291e-01	2153
9.288540934820380e-01	-2.371455223718413e-01	2154
-6.000620178838040e-02	-4.964970153200141e-02	2155
-5.079776263896301e-02	-2.572941939941091e-02	2156
1.010812575817002e+00	-2.367191576074548e-02	2157
1.002224524903402e+00	3.211193824728637e-03	2158
-3.958618211714352e-02	6.093237368662729e-05	2159
-5.834044001198117e-02	-6.877623059294752e-02	2160
-5.716909831851845e-02	-7.900991100601189e-02	2161
-5.709830543299761e-02	6.866249269252855e-02	2162
1.967586139440873e-01	3.355559831832804e-01	2163
2.660386609526775e-01	3.581776388803686e-01	2164
2.324897867795185e-01	3.483707626172053e-01	2165
-4.495597414800935e-03	-1.962031790955408e-01	2166
1.009810482519752e+00	-1.804157625257133e-02	2167
7.768873662210355e-01	-3.305568442240525e-01	2168
8.069871221222581e-01	-3.172474576418770e-01	2169
8.348809300865612e-01	-3.030777594608339e-01	2170
8.615826075748171e-01	-2.874910678575139e-01	2171
-4.119287548552832e-02	-5.126931059200045e-03	2172
-6.000937412110549e-02	-3.985308223935020e-02	2173
-5.924435009716385e-02	4.000830302557519e-02	2174
1.006061989422782e+00	-1.394474595303645e-01	2175
1.013086076614737e+00	-1.222536864238144e-01	2176
1.015999471013318e+00	-1.069254381042722e-01	2177
1.022349796602061e+00	-5.975697338683786e-02	2178
1.021856771728510e+00	-6.925167140376713e-02	2179
8.719805664519792e-03	-2.123872501195622e-01	2180
2.478195295797051e-02	-2.302712042076319e-01	2181
4.359266269040733e-02	-2.483957506503623e-01	2182
-5.186985019687056e-02	-1.037626484493248e-01	2183
-4.677722961677035e-02	-1.206816316635323e-01	2184
-3.928434382443086e-02	-1.378977162519929e-01	2185
9.889735638520132e-01	1.788496130199314e-01	2186
9.722383751611801e-01	2.019467038081268e-01	2187
9.538106496023518e-01	2.235442908727907e-01	2188
9.339217953472908e-01	2.436862236724743e-01	2189
9.122592593754401e-01	2.626086740191422e-01	2190
8.885700276404687e-01	2.804514778365965e-01	2191
8.622612809188340e-01	2.976224433473774e-01	2192
8.326646533317524e-01	3.144880558405325e-01	2193
8.000053844232298e-01	3.306302164057620e-01	2194
7.650949255310765e-01	3.453672272128122e-01	2195
7.287462690334915e-01	3.582770446995376e-01	2196
6.918845579586154e-01	3.691457065836005e-01	2197
6.554130337180243e-01	3.779157818187534e-01	2198
6.191830461126523e-01	3.846517128998977e-01	2199
3.999557696761553e-02	2.399639688487944e-01	2200
1.019714788843552e-01	2.849535649313273e-01	2201
8.112412174043751e-02	2.714843283367839e-01	2202
4.743194683062577e-01	-3.851840808983604e-01	2203
5.158330930864862e-01	-3.849686568921339e-01	2204
-4.180601378276531e-02	1.266913382294575e-01	2205
-4.611013045603514e-02	1.161464012023096e-01	2206
-5.032475144385845e-02	1.025204494577925e-01	2207
-5.345736487353765e-02	9.083683270812039e-02	2208
-5.576372275075159e-02	7.879015846312934e-02	2209
6.143271620198836e-02	2.578879366048276e-01	2210
6.697728651709342e-03	2.036915913044528e-01	2211
-1.630747392508005e-02	1.737141726625619e-01	2212
5.121511357127577e-01	3.911209879173485e-01	2213
4.762024482530089e-01	3.905200171712139e-01	2214
4.399608917002279e-01	3.885504632487817e-01	2215
1.013480959604513e+00	1.325388709104172e-01	2216
1.022816751917873e+00	8.231641646869500e-02	2217
1.021724348687274e+00	9.389463593935379e-02	2218
1.017835373762673e+00	1.119752677276862e-01	2219
5.547897568417873e-01	-3.831376432533833e-01	2220
5.925747723440445e-01	-3.796097005126489e-01	2221
6.324402777682533e-01	-3.734048179405053e-01	2222
1.791258556891173e-01	-3.308069109075982e-01	2223
2.161418655419737e-01	-3.447811900070062e-01	2224
2.523811519585420e-01	-3.554329169224218e-01	2225
2.880818088418484e-01	-3.643671458337586e-01	2226
3.249996558093370e-01	-3.722532887967285e-01	2227
7.032677242720280e-01	-4.095102237858660e-01	2228
1.003188211417277e+00	3.646727373299408e-03	2229
-5.604658101264037e-02	1.409615045207384e-01	2230
-7.018149007649958e-02	6.563023853977762e-02	2231
-6.939893016393199e-02	7.529185838013266e-02	2232
1.011387062217151e+00	-2.066729589758773e-02	2233
-5.058219018108452e-02	-1.724715614204224e-02	2234
7.777410816185547e-01	-3.822598213486065e-01	2235
8.840089170617309e-03	2.498527322141526e-01	2236
8.966513947732997e-01	-3.129265431876356e-01	2237
1.083937338285867e-01	-3.388420641108924e-01	2238
1.010077545822590e+00	1.489469425123483e-02	2239
1.017475296826020e+00	-4.303772471065162e-02	2240
1.013500375355805e+00	2.699229634991747e-02	2241
1.008123901396795e+00	1.287699209799075e-02	2242
1.622501361044897e-01	3.673193862668390e-01	2243
1.003758796779643e+00	5.002974785934878e-03	2244
1.017033045348770e+00	3.474648195511309e-02	2245
-4.917408042477706e-02	-8.088831614721154e-03	2246
1.002910677488921e+00	1.726727481547605e-04	2247
1.002905659752171e+00	-2.406055577310427e-04	2248
1.015850954231911e+00	-3.505110745090603e-02	2249
2.709572358594124e-01	4.092174794240501e-01	2250
-6.796986641615536e-02	-1.010484344323708e-01	2251
-5.023951575480003e-02	1.745032651190062e-02	2252
-4.072512103868217e-02	6.699601640177622e-03	2253
1.029850294588490e+00	-8.823599851325885e-02	2254
1.030009016320194e+00	-7.693095091412548e-02	2255
4.111496347173551e-01	-4.350965262982492e-01	2256
7.908306717279344e-02	-3.188921768043776e-01	2257
-5.980923822058885e-02	-2.971844408616861e-02	2258
3.803582072805656e-01	4.341344532266389e-01	2259
9.545916954119420e-02	3.257753632373362e-01	2260
-4.064057206651799e-02	1.777878116192283e-01	2261
-7.035562165105053e-02	5.521765328122469e-02	2262
-2.988626844859501e-02	1.956367286425917e-01	2263
4.185774293148722e-01	4.387450577568954e-01	2264
3.063491164349471e-01	4.193650495387123e-01	2265
1.025431489248329e+00	5.470417538529841e-02	2266
7.417474404185870e-01	-3.966363402611823e-01	2267
9.949625938551685e-01	-2.060847295569424e-01	2268
5.504904327841822e-02	-3.010050135873171e-01	2269
1.012600283362984e+00	-2.723775996015830e-02	2270
1.007732084154764e+00	-1.303988069751244e-02	2271
6.479941299499851e-01	4.328194275575789e-01	2272
6.628104774152360e-01	-4.204341970457941e-01	2273
9.787692048216142e-01	-2.299151977962944e-01	2274
1.008415959497402e+00	-1.817704098868666e-01	2275
1.266407170246818e-01	3.470989005757884e-01	2276
1.002686759466510e+00	1.126202268360632e-03	2277
1.002397966637802e+00	2.109159753593395e-03	2278
1.023190699017713e+00	1.507648318748871e-01	2279
1.023554178843733e+00	-5.513465304513764e-02	2280
1.032279468678286e+00	6.434086403109116e-02	2281
1.433527616249549e-01	-3.599523211851298e-01	2282
3.721914694253840e-01	-4.307803342448274e-01	2283
1.030081525652513e+00	-6.492503612829742e-02	2284
-4.930633651182433e-02	1.580901571625993e-01	2285
-7.135708482937780e-02	-6.555182790632898e-02	2286
-7.072010192369160e-02	-7.528771849614135e-02	2287
1.002658894724942e+00	-1.187799159471373e-03	2288
1.002049442901426e+00	-4.023759059908911e-03	2289
1.003626635310603e+00	-5.080101495746533e-03	2290
1.002346922695424e+00	-2.161846093123141e-03	2291
1.012049897160915e+00	2.042620923874405e-02	2292
1.005917955155767e+00	-8.012433801793865e-03	2293
3.428473572833057e-01	4.277330012475311e-01	2294
1.006143781338613e+00	7.882036384967619e-03	2295
1.003095354122569e+00	-3.714357438512438e-03	2296
1.018933506312297e+00	4.273277563219763e-02	2297
9.208724533631214e-01	-2.927718736571701e-01	2298
9.419774174504822e-01	-2.727295954023542e-01	2299
9.609573184067119e-01	-2.521649464295284e-01	2300
-7.087709252906192e-02	-4.469894225350686e-02	2301
-7.136808980528737e-02	-5.506063483511896e-02	2302
-7.002931312428178e-02	4.492707308269427e-02	2303
1.009611724288073e+00	-1.510540194004408e-02	2304
1.002146592795599e+00	3.983709435249181e-03	2305
-7.001415367033464e-02	-8.740258212936139e-02	2306
2.000253436195200e-01	3.847914220370861e-01	2307
2.368670786492417e-01	3.984386575386155e-01	2308
-4.218948564965007e-02	-1.808662011132858e-01	2309
-3.078823257799651e-02	-1.999987442158790e-01	2310
8.108308632209049e-01	-3.668119654998529e-01	2311
8.412656392633590e-01	-3.503266677201624e-01	2312
8.698251632665964e-01	-3.323936535654556e-01	2313
-4.672633839555820e-02	-5.536414790427385e-04	2314
-5.922611455518596e-02	2.995466388499810e-02	2315
1.016014321778538e+00	-1.571498469355629e-01	2316
1.023695704230202e+00	-1.366406589763819e-01	2317
1.028908698567401e+00	-1.018938337329316e-01	2318
1.027753131614522e+00	-1.171387313437171e-01	2319
-1.848787022228341e-02	-2.207704710031952e-01	2320
3.315039954711631e-02	-2.819171933835176e-01	2321
-4.548048218828813e-03	-2.400446673292809e-01	2322
1.318310763129822e-02	-2.606591062583504e-01	2323
-6.501190752595488e-02	-1.167624254616349e-01	2324
-5.990396643314840e-02	-1.364177013654337e-01	2325
-5.249365408633055e-02	-1.565401898125181e-01	2326
1.015608533930377e+00	1.787837219592910e-01	2327
1.001919589867316e+00	2.059937833806945e-01	2328
9.856146950308141e-01	2.321643837495483e-01	2329
9.672119937302941e-01	2.567744230064536e-01	2330
9.465635488479482e-01	2.800733595408076e-01	2331
9.235066380991728e-01	3.021586144074097e-01	2332
8.977970977082541e-01	3.231497947208429e-01	2333
8.690009175566348e-01	3.434084551179407e-01	2334
8.367504651758588e-01	3.630189216265219e-01	2335
8.014632190825119e-01	3.813945778666341e-01	2336
7.640344429707738e-01	3.978448272129696e-01	2337
7.254660033738830e-01	4.119709447600669e-01	2338
6.867266969657256e-01	4.236066746818805e-01	2339
5.986642556487777e-01	4.399114586742180e-01	2340
2.995215793611523e-02	2.735706711278467e-01	2341
7.179865947540096e-02	3.088429305400576e-01	2342
4.525166297948968e-01	-4.372813867445400e-01	2343
4.951345193775364e-01	-4.380168575082714e-01	2344
-6.378203044818889e-02	1.139705705963312e-01	2345
-6.638363784889992e-02	1.003906851247770e-01	2346
-6.851000754817657e-02	8.730079479260362e-02	2347
5.153859417033788e-02	2.931395349863368e-01	2348
-7.301804541456782e-03	2.300124677647548e-01	2349
-1.877229541687635e-02	2.133190700939882e-01	2350
5.419510084743308e-01	4.434453992882163e-01	2351
4.756890698995879e-01	4.425378431141530e-01	2352
1.032564677715001e+00	7.662488768464652e-02	2353
1.032628945354519e+00	8.909599810945588e-02	2354
1.029509432280113e+00	1.251952979145755e-01	2355
1.031414885879805e+00	1.054711920203585e-01	2356
5.376314494786626e-01	-4.371402858785801e-01	2357
5.784892125281057e-01	-4.343947684621908e-01	2358
6.205273396305492e-01	-4.290030317757813e-01	2359
1.816453789786322e-01	-3.788337123466534e-01	2360
2.208472273233429e-01	-3.942199868453676e-01	2361
2.583628347937535e-01	-4.057656820409646e-01	2362
2.960112961556478e-01	-4.159429037956799e-01	2363
3.345656554826075e-01	-4.245995483066894e-01	2364
1.013053686549277e+00	1.690285717948395e-02	2365
1.023917921387486e+00	-4.359228278579107e-02	2366
1.021569627874175e+00	-3.805688137704256e-02	2367
-5.918622858139881e-02	-2.032784706379874e-02	2368
1.004689148093322e+00	-5.492267497235220e-03	2369
-8.244265804865906e-02	4.955258059497718e-02	2370
2.568930624856862e-01	4.602033771242227e-01	2371
8.165169266630949e-01	-4.223724483332781e-01	2372
3.850822123391301e-01	-4.898316314037108e-01	2373
-4.703864024102906e-02	2.185434375696130e-01	2374
-8.336571913293009e-02	6.050709755395493e-02	2375
3.939158932814790e-01	4.924720396218482e-01	2376
9.957379821697639e-01	-2.618105696722919e-01	2377
1.008184710075949e+00	-1.101867980589912e-02	2378
1.012887829428552e+00	-1.798307848925499e-02	2379
1.012130534636214e+00	-1.640915400311384e-02	2380
5.994321782308969e-02	3.506323226743680e-01	2381
-2.347832322928506e-02	2.594856900444433e-01	2382
1.003043510629225e+00	7.045548134945796e-04	2383
1.002870593550899e+00	1.715407531861220e-03	2384
1.040297766806801e+00	-1.299552902108814e-01	2385
1.006716997549461e+00	-9.387305010674200e-03	2386
1.006713069998462e+00	-6.816452354933225e-03	2387
1.006987575483732e+00	9.238867527080653e-03	2388
1.010578052634141e+00	1.245428171248799e-02	2389
1.002827955268569e+00	-1.780510939067153e-03	2390
1.003025402439276e+00	-7.753857539197187e-04	2391
-5.844058423063962e-02	-1.133249602991968e-02	2392
-5.497635126457569e-02	-2.010023271419308e-03	2393
1.223494453733050e-01	3.971901942837241e-01	2394
7.402701340661847e-01	-4.565740753528316e-01	2395
9.359794329262633e-01	-3.356563764411137e-01	2396
1.028954814975787e+00	4.812212472435379e-02	2397
-8.310129470008153e-02	-1.118806426781707e-01	2398
4.284903915089112e-01	-4.942041342330947e-01	2399
-7.859858625462351e-02	1.325206730232701e-01	2400
-8.363194280966010e-02	7.144969937528318e-02	2401
-8.362719501047763e-02	8.222866417935307e-02	2402
-5.487521240248565e-03	2.837747053578855e-01	2403
3.533919700781683e-01	4.861065289424386e-01	2404
1.039033736119728e+00	-7.099494725325194e-02	2405
1.412798762174532e-01	-4.113414201406706e-01	2406
9.099151244313286e-01	-3.595380814615149e-01	2407
1.027459644275076e-01	-3.867961857778293e-01	2408
7.000837916886300e-02	-3.629718293387197e-01	2409
4.329534264232406e-02	-3.412584753839259e-01	2410
6.979496878913981e-01	-4.707698170802854e-01	2411
7.799252266874407e-01	-4.402705737279344e-01	2412
1.978190447455345e-02	-3.188189434240664e-01	2413
1.614153053997766e-01	4.203763610167002e-01	2414
1.004264138740447e+00	3.993165982510070e-03	2415
1.004836655011100e+00	5.387558067101041e-03	2416
1.003494416897040e+00	-4.123917825208462e-05	2417
-8.474337181399837e-02	-9.646620183405873e-02	2418
-5.877248988964895e-02	2.061580233778545e-02	2419
1.041771689246577e+00	1.418201993008037e-01	2420
1.040162274345533e+00	-8.274170776966767e-02	2421
8.725002022658776e-02	3.718785912171429e-01	2422
-5.682199139389279e-02	1.994311299973558e-01	2423
-7.004470311140369e-02	-3.352068941417285e-02	2424
3.133813436496573e-01	4.774323545997921e-01	2425
1.043706637973729e+00	9.816560914572880e-02	2426
1.011303523939047e+00	-2.346619975920347e-01	2427
1.014421132178254e+00	-2.335533675628316e-02	2428
1.010190599779187e+00	-1.269360842061695e-02	2429
1.025799237504148e+00	-2.073171851729347e-01	2430
1.002781992923103e+00	2.779335512255262e-03	2431
1.027304975246779e+00	-4.872060560995559e-02	2432
-6.572045589642539e-02	1.768448883865499e-01	2433
-7.242916393955091e-02	1.570769495546855e-01	2434
-8.444164077679091e-02	-6.024669661236945e-02	2435
1.002713055903312e+00	-2.839568444911063e-03	2436
1.004157813673505e+00	-4.087545718035273e-03	2437
1.015183554034278e+00	2.302752208099648e-02	2438
1.008512058637202e+00	1.083322324652970e-02	2439
1.006905478878055e+00	6.659111585243999e-03	2440
1.025390746123506e+00	4.307628827084583e-02	2441
1.022847691505435e+00	3.758604922047402e-02	2442
9.586631012010405e-01	-3.115129660301433e-01	2443
9.782608916329844e-01	-2.872409956782158e-01	2444
-8.335284370512572e-02	-4.923515428408259e-02	2445
-8.486740617086518e-02	-7.125295352600854e-02	2446
-8.501245635468925e-02	-8.209440696948370e-02	2447
2.016118049943992e-01	4.396050235548329e-01	2448
-3.542532441031991e-02	-2.473510729301910e-01	2449
8.500730972453731e-01	-4.030882532835590e-01	2450
8.811091158947091e-01	-3.822067532698647e-01	2451
-4.925218496154150e-02	8.005780293967755e-03	2452
-6.938334474092868e-02	3.382332841405247e-02	2453
1.040855586393974e+00	-9.587877302017181e-02	2454
1.030865450167550e+00	-1.752905688557416e-01	2455
1.035694285981261e+00	-1.528500828790003e-01	2456
1.041336566298920e+00	-1.105357765546682e-01	2457
-5.828799397583814e-02	-2.031324031718403e-01	2458
-4.796008714779516e-02	-2.238764329876247e-01	2459
-2.027261219969745e-02	-2.710676398070841e-01	2460
-1.664142911374247e-03	-2.941410429144882e-01	2461
-8.042240732819307e-02	-1.310591215168494e-01	2462
-7.502600034466192e-02	-1.531894844008987e-01	2463
-6.811869916036341e-02	-1.772108054063475e-01	2464
1.037662010465368e+00	1.696969671052792e-01	2465
1.028197956809507e+00	2.022214780761630e-01	2466
1.018459992470167e+00	2.345192146364119e-01	2467
1.002796035109342e+00	2.642300910752439e-01	2468
9.842403917614311e-01	2.926452022350826e-01	2469
9.626634476162533e-01	3.198717421041889e-01	2470
9.379310697917287e-01	3.458697583030195e-01	2471
9.099782087518962e-01	3.706774478265075e-01	2472
8.784348933530063e-01	3.945694315215860e-01	2473
8.431862226967859e-01	4.173482144447465e-01	2474
8.048644621056239e-01	4.382798379946410e-01	2475
7.645669593700448e-01	4.566462680417522e-01	2476
7.233751206725524e-01	4.720814508454530e-01	2477
6.815564499696573e-01	4.835617169671392e-01	2478
6.331009816706192e-01	4.945717081726178e-01	2479
4.725508602553410e-01	-4.963550099150178e-01	2480
-8.167318640135990e-02	1.101659395139101e-01	2481
-8.320046724448830e-02	9.622140797300122e-02	2482
3.847363502771730e-02	3.309424981962123e-01	2483
1.650633648061705e-02	3.100315179516181e-01	2484
-3.659625296361942e-02	2.377056043939148e-01	2485
5.756670431197685e-01	5.006013205910758e-01	2486
5.100426497167777e-01	5.019537538374460e-01	2487
4.451237354248546e-01	4.990161566052002e-01	2488
1.041397259739990e+00	7.029085631623082e-02	2489
1.042879137590891e+00	8.282336758300535e-02	2490
1.044004198851821e+00	1.166479087575358e-01	2491
5.173809607490045e-01	-4.966426105468173e-01	2492
6.531798854941721e-01	-4.823712875949007e-01	2493
5.618440172667137e-01	-4.948418446298394e-01	2494
6.068887507195689e-01	-4.905800457674583e-01	2495
1.826507692415971e-01	-4.326300451597541e-01	2496
2.239371779437246e-01	-4.494627328634355e-01	2497
2.629390718163837e-01	-4.621331165213683e-01	2498
3.029618607936735e-01	-4.736630232713671e-01	2499
3.440232233928565e-01	-4.827182189685015e-01	2500
1.015420077312303e+00	1.942515563206550e-02	2501
5.419848724015471e-01	-5.609369753861909e-01	2502
1.010709080807905e+00	1.015896371489684e-02	2503
5.845298787162408e-02	-4.124981278917914e-01	2504
1.033354352368672e+00	5.474714539996283e-02	2505
-9.915734030115957e-02	1.237546394588740e-01	2506
-9.673172013577325e-02	1.498563823662445e-01	2507
4.129235264546283e-01	5.600834781751872e-01	2508
2.854537950133025e-02	-3.860704257031939e-01	2509
1.039363269158758e+00	-6.092763335147126e-02	2510
8.614716018363111e-01	-4.619595421486528e-01	2511
-1.006835649404359e-01	-1.239368345815074e-01	2512
-9.760968689963299e-02	-5.331094501043181e-02	2513
1.161484651046727e-01	4.533612357940218e-01	2514
1.041476162012502e+00	6.012115283708697e-02	2515
1.014692867997495e+00	-2.074926915187784e-02	2516
1.008926292680808e+00	8.911292182324547e-03	2517
1.007748061613783e+00	7.906961140092116e-03	2518
1.007515087520816e+00	-8.083493640678221e-03	2519
-9.819131706060398e-02	6.548626242645211e-02	2520
4.555237242445566e-02	3.976811460115424e-01	2521
1.031943171480815e+00	-2.646015110495567e-01	2522
-6.886504970417939e-02	-2.320821429616971e-02	2523
9.549608908093415e-01	-3.826557585581002e-01	2524
3.053110355453185e-03	-3.593629261751468e-01	2525
-8.164590415094415e-02	-3.693090926923275e-02	2526
1.585825026460473e-01	4.796175600639365e-01	2527
-7.658247590596977e-02	2.214137259701113e-01	2528
1.055471596874333e+00	-1.210695677660008e-01	2529
4.706585395475945e-01	-5.609783860819961e-01	2530
4.000138783842104e-01	-5.556081118959856e-01	2531
7.391222318644837e-01	-5.238309931847485e-01	2532
9.497444831158630e-02	-4.406323119716422e-01	2533
1.027818403594011e+00	-3.868239211314597e-02	2534
1.030732524887348e+00	-4.279392555885130e-02	2535
1.021974968874587e+00	3.195269899521762e-02	2536
1.017652943905508e+00	2.642675122392649e-02	2537
-6.829183780802713e-02	-1.503851961838314e-02	2538
-1.013624130490698e-01	-1.059034112768561e-01	2539
-8.093746276675683e-02	3.730921826878968e-02	2540
3.436238521545933e-01	5.446429791909273e-01	2541
8.241783132824735e-01	-4.846528174527143e-01	2542
1.016756415060711e+00	-2.950549412663923e-01	2543
1.005994901708833e+00	-5.679437532458474e-03	2544
1.008658171212330e+00	-9.118181416028220e-03	2545
2.027333433356451e-02	3.725537081677287e-01	2546
-4.242300640707185e-02	2.922243237466666e-01	2547
1.003806353292302e+00	2.983419575617766e-03	2548
1.003335475571321e+00	1.271004043262945e-03	2549
1.012074445349303e+00	-1.441935951837288e-02	2550
1.012523800451242e+00	1.412880014584639e-02	2551
1.005331604646897e+00	-4.446535447665383e-03	2552
1.003302923775391e+00	-1.348387691601390e-03	2553
6.916633377890761e-01	-5.394154687642417e-01	2554
1.031478389897672e+00	-5.544394730660920e-02	2555
-9.993846985784362e-02	8.956707153297901e-02	2556
1.058343038169719e+00	1.306088113844155e-01	2557
1.049692719425560e+00	-7.591564723031623e-02	2558
7.833657875580794e-01	-5.053759532125701e-01	2559
1.006151728181085e+00	5.539155261893657e-03	2560
1.005451194997276e+00	4.321391792730879e-03	2561
-6.456363947432552e-02	-3.703088831845441e-03	2562
7.702207306129827e-02	4.238515064968434e-01	2563
-9.665502637302349e-02	5.373913286319895e-02	2564
2.691609512223969e-01	5.264951551034669e-01	2565
1.053989480056849e+00	-1.028156226248774e-01	2566
1.016766222615866e+00	-2.681573305550104e-02	2567
1.020893478258245e+00	-3.243235167251260e-02	2568
1.010395289704028e+00	-1.041319287251052e-02	2569
1.041184354555432e+00	-2.330144830387600e-01	2570
1.003033781987603e+00	2.390842797996310e-03	2571
-8.502439381588245e-02	1.972983550765129e-01	2572
-9.094990202307494e-02	1.741908671977075e-01	2573
-9.931316454122589e-02	-6.510726402741521e-02	2574
1.002973856830076e+00	-2.458476980866173e-03	2575
1.003728755319437e+00	-3.069009782023307e-03	2576
1.032176969471864e+00	4.205172172688751e-02	2577
1.029120861078582e+00	3.801281647209356e-02	2578
9.792378350862002e-01	-3.536730815903302e-01	2579
9.996291700313736e-01	-3.246289134006556e-01	2580
-1.013663946640681e-01	-8.947128135900211e-02	2581
-1.003143589141738e-01	-7.638456782563502e-02	2582
-9.904269507721168e-02	7.671559295606938e-02	2583
2.101433815954931e-01	5.044362379609503e-01	2584
8.956646513125788e-01	-4.375067838874809e-01	2585
9.269144380324893e-01	-4.109146580940718e-01	2586
-5.849141642836517e-02	8.930439782323074e-03	2587
-6.837987282947071e-02	2.356789865268091e-02	2588
1.049882426545229e+00	-1.948303937540687e-01	2589
1.052033128091814e+00	-1.681585697190295e-01	2590
1.054457697617340e+00	-1.447453731604456e-01	2591
-7.821137916339314e-02	-2.257232972151870e-01	2592
-6.853891587036079e-02	-2.496302048596146e-01	2593
-5.522619293867360e-02	-2.763485387967734e-01	2594
-3.906834269194586e-02	-3.048409875296519e-01	2595
-1.985306311046721e-02	-3.311363574813050e-01	2596
-8.707731023097369e-02	-1.989354777653746e-01	2597
-9.847789809965742e-02	-1.469687707230241e-01	2598
-9.345976638632963e-02	-1.712445260782475e-01	2599
1.057792677651294e+00	1.584084507874413e-01	2600
1.053338465154589e+00	1.918967803204670e-01	2601
1.047165328046479e+00	2.254626313946951e-01	2602
1.040862381804650e+00	2.652844259563625e-01	2603
1.023824358322305e+00	2.981429398122061e-01	2604
1.005156762525199e+00	3.312495977543100e-01	2605
9.825542868677789e-01	3.633375963109711e-01	2606
9.560291971080411e-01	3.940628611195098e-01	2607
9.255806433967908e-01	4.234802652194115e-01	2608
8.909233918350424e-01	4.516767452012420e-01	2609
8.522294064637909e-01	4.781409727558013e-01	2610
8.104175866434018e-01	5.019997783426861e-01	2611
7.666968789596649e-01	5.225514774375528e-01	2612
7.197968544683763e-01	5.376299842740105e-01	2613
6.729651898829402e-01	5.524815830422518e-01	2614
-9.987601065512602e-02	1.049361739453024e-01	2615
-2.322645609017280e-02	3.209578258599618e-01	2616
-1.796721434444608e-04	3.495593955202053e-01	2617
-5.718822722989544e-02	2.648531522748237e-01	2618
-6.811400074867097e-02	2.423087367801249e-01	2619
6.127485171077475e-01	5.630030333374132e-01	2620
5.460280486822237e-01	5.669899160747537e-01	2621
4.765310270055433e-01	5.659882884007698e-01	2622
1.054833342787700e+00	8.988164074778975e-02	2623
1.052235420035762e+00	7.537419213509707e-02	2624
1.051898580779639e+00	-8.873105280441615e-02	2625
1.057193865917879e+00	1.071942639016078e-01	2626
5.903904830377552e-01	-5.585178128193365e-01	2627
6.413464728079371e-01	-5.513813421905961e-01	2628
1.372678831929400e-01	-4.689266744170799e-01	2629
1.817160234289078e-01	-4.927522677304402e-01	2630
2.250272224722969e-01	-5.111222205223427e-01	2631
2.660238975584805e-01	-5.252746427635056e-01	2632
3.318525637376176e-01	-5.422582107505599e-01	2633
1.010817538954138e+00	8.106133118248614e-03	2634
-9.530343895834779e-02	-4.123393560680012e-02	2635
1.027298036229928e+00	3.402092945807463e-02	2636
1.018920002361567e+00	2.205010741952174e-02	2637
1.050560619782505e-02	-4.360090518303224e-01	2638
-7.946783102922901e-02	-2.202309656470367e-02	2639
7.877334014604088e-01	-5.785375954853660e-01	2640
-1.715645245879970e-02	-4.036714723331699e-01	2641
-6.816861059921310e-02	9.153165586480114e-03	2642
1.004092799716954e+00	-3.992746940742841e-01	2643
9.136455567777471e-01	-4.989750864021539e-01	2644
7.374536418025314e-01	-5.994045649571547e-01	2645
4.412334141724277e-02	-4.681225840185469e-01	2646
-1.210960697138492e-01	-1.373140076321727e-01	2647
1.015775433226473e+00	1.565084864575155e-02	2648
5.060282082819966e-01	-6.341319276828915e-01	2649
-1.167352256124221e-01	8.180223927279894e-02	2650
1.022180745457859e+00	-2.717812730012308e-02	2651
1.007404877491902e+00	-5.585119353085599e-03	2652
1.007562446568715e+00	5.404668459830431e-03	2653
1.006635170025782e+00	-4.540365675318164e-03	2654
-7.545947319453439e-02	-6.347536633078305e-03	2655
-6.277247223902566e-04	4.191705710601116e-01	2656
6.433257579713723e-02	4.822853649660468e-01	2657
1.026135525787155e+00	-3.465664204952631e-02	2658
1.014618717016867e+00	-1.534329362484503e-02	2659
1.003568619105520e+00	1.930637823559555e-03	2660
1.012471172219259e+00	-1.184294535469091e-02	2661
-1.104326543087325e-01	-2.212419470595414e-01	2662
-1.207836287407725e-01	-1.155136712718975e-01	2663
-1.184909735712871e-01	9.716200354359140e-02	2664
-1.202899139444704e-01	1.386590318710288e-01	2665
1.003729591476053e+00	-7.883794841762235e-04	2666
1.041634246105229e+00	5.099327898754224e-02	2667
6.831557510828745e-01	-6.162970107233430e-01	2668
1.042197381136612e+00	-3.296312129029510e-01	2669
9.782783602640811e-01	-4.339896531635438e-01	2670
-1.193090679766031e-01	1.149267821906011e-01	2671
1.074585361881623e-01	5.161193874791781e-01	2672
-1.006360793788179e-01	2.432097883955196e-01	2673
1.036653700053666e+00	4.792690536060181e-02	2674
1.048319000956798e+00	-6.555210153520608e-02	2675
5.695678052181075e-01	-6.306645355570131e-01	2676
-1.137812947101352e-01	-5.691877822875013e-02	2677
1.012836320578473e+00	1.153059383721183e-02	2678
4.396867720938607e-01	6.352857329621756e-01	2679
-1.199773711162559e-01	-9.756627498105312e-02	2680
1.584151319408848e-01	5.481212877849045e-01	2681
1.063887368746188e+00	-2.569076274215051e-01	2682
1.016229523793138e+00	-1.777839636465756e-02	2683
1.009345670811364e+00	7.225460990004899e-03	2684
1.008484545103529e+00	6.502543019400121e-03	2685
1.008291327841810e+00	-6.705644219474077e-03	2686
1.009127823518156e+00	-7.451249794903409e-03	2687
2.860067316849163e-02	4.505833388548520e-01	2688
1.053238279967996e+00	-2.943031047262997e-01	2689
-4.450222166774190e-02	3.617185629938100e-01	2690
-2.311415287297139e-02	3.907039948688445e-01	2691
1.069021309868067e+00	9.676339585005275e-02	2692
1.069165736814700e+00	-1.108120477068085e-01	2693
8.758534224371726e-01	-5.278297362360743e-01	2694
1.023080695411011e+00	2.662518077087061e-02	2695
-1.127945457822817e-01	5.746778485135056e-02	2696
8.338302400732942e-01	-5.545290061742508e-01	2697
-6.493445149188125e-02	3.280220973737530e-01	2698
1.003748379944198e+00	6.999279162946013e-04	2699
1.010568098342812e+00	-8.371822080274007e-03	2700
1.004954485355587e+00	3.203128517225424e-03	2701
1.006760493835355e+00	4.379366741732245e-03	2702
1.004867441902757e+00	-3.318180975087411e-03	2703
1.039818330028081e+00	-5.190791410043014e-02	2704
1.035009386913824e+00	-4.876805861978938e-02	2705
3.646653618436729e-01	6.215172226591424e-01	2706
1.072924198579972e+00	1.181513899948720e-01	2707
1.050676530343481e+00	6.471652586567454e-02	2708
-9.453460984225057e-02	4.170800873883938e-02	2709
2.918387476768101e-01	6.019132378115759e-01	2710
-1.082647121963335e-01	2.187916263651617e-01	2711
-1.131917038408229e-01	1.920505180580261e-01	2712
-1.169836133408649e-01	1.672909297510986e-01	2713
1.003518954747559e+00	-2.012731096835503e-03	2714
1.035343443663879e+00	3.647209779656629e-02	2715
1.034084882286956e+00	-3.734425795324844e-02	2716
1.025221182414311e+00	-3.643888719258768e-01	2717
-1.180320728536162e-01	-8.144376608473773e-02	2718
-1.161362931331388e-01	-6.922006619808059e-02	2719
-1.149897685970136e-01	6.973021822020865e-02	2720
2.179638288773960e-01	5.769832524911239e-01	2721
9.480089478859746e-01	-4.675276040928911e-01	2722
-7.917394991226633e-02	2.612250694834340e-02	2723
1.069941564483150e+00	-2.195754528285118e-01	2724
1.071529904180804e+00	-1.336597992440369e-01	2725
1.072357873738777e+00	-1.833090014401100e-01	2726
1.072222031954949e+00	-1.584643182737596e-01	2727
-1.019856644432745e-01	-2.489848249667611e-01	2728
-9.261657587263455e-02	-2.779734502735921e-01	2729
-4.180449297725146e-02	-3.718933547930273e-01	2730
-7.894698773385329e-02	-3.082646062598732e-01	2731
-6.179328404576757e-02	-3.412066744456818e-01	2732
-1.188845717182564e-01	-1.636278647146887e-01	2733
-1.154188016555403e-01	-1.906239198716159e-01	2734
1.075906371327711e+00	1.448425528875006e-01	2735
1.076223274411323e+00	1.778736721314809e-01	2736
1.074166332722358e+00	2.130109553682095e-01	2737
1.071573971597487e+00	2.495277055939116e-01	2738
1.061039569569901e+00	2.965667631363702e-01	2739
1.049644986809678e+00	3.343505216738223e-01	2740
1.030267722901280e+00	3.726989925184798e-01	2741
1.006665166644477e+00	4.106302774447357e-01	2742
9.782996388004067e-01	4.470926547751675e-01	2743
9.450348443704362e-01	4.820722578730465e-01	2744
9.068065548289049e-01	5.153748672264638e-01	2745
8.641699713946269e-01	5.461278286134256e-01	2746
8.183154193736994e-01	5.733614541227187e-01	2747
7.422093237180315e-01	6.043846792766728e-01	2748
-8.112984002164512e-02	2.953883182209598e-01	2749
-9.257968107102264e-02	2.679765032059705e-01	2750
6.568184132216139e-01	6.294407081930165e-01	2751
5.853589051454717e-01	6.380928979988141e-01	2752
5.119909652674288e-01	6.396624541419432e-01	2753
1.065593692048500e+00	-9.392576978801097e-02	2754
1.064776067975857e+00	8.062007645605791e-02	2755
1.061947946827547e+00	-8.042790679525527e-02	2756
4.294076599058427e-01	-6.302400553369678e-01	2757
6.258890321869588e-01	-6.279101973131036e-01	2758
8.480812149150246e-02	-5.007349802666249e-01	2759
1.308430602957122e-01	-5.332820122739071e-01	2760
1.783482652803232e-01	-5.597969305780934e-01	2761
2.244759108363370e-01	-5.779845203300862e-01	2762
2.815610717977836e-01	-5.988966823057382e-01	2763
3.520036160616850e-01	-6.177773800373703e-01	2764
-1.196560492416058e-01	-3.080903340712649e-01	2765
9.356695092836008e-01	-5.672305416651743e-01	2766
-7.663835648154808e-02	1.310828838843310e-02	2767
8.452464842864842e-01	-6.330836142412692e-01	2768
5.419069770160769e-01	-7.138511260552487e-01	2769
1.012470862047462e+00	-9.515735843497502e-03	2770
1.014602405170099e+00	-1.348796823304147e-02	2771
1.047849317374480e+00	-5.619890630290883e-02	2772
1.006029188573363e+00	-3.486808770375080e-03	2773
1.038039001492285e+00	-4.267829732715635e-02	2774
3.894649994691858e-01	7.066908048217728e-01	2775
7.922497245689186e-01	-6.609387304704210e-01	2776
-1.409363946240708e-01	-1.054836004197186e-01	2777
-1.439703949297453e-01	-1.522811894054016e-01	2778
1.010736635510203e+00	-6.523490630235308e-03	2779
9.734144462691633e-01	-5.299856806300585e-01	2780
-7.181290686291274e-02	4.043427230100034e-01	2781
-5.083549952747841e-02	4.359619656343927e-01	2782
1.055948594752549e+00	-4.069637440581462e-01	2783
8.930606011698603e-01	-6.016256693061995e-01	2784
1.039479086557964e+00	4.170972392470181e-02	2785
1.049886102663358e+00	5.516573457345524e-02	2786
-8.091257083444313e-02	5.749051854265752e-03	2787
9.887262113732069e-02	5.878810240286847e-01	2788
1.586416303266377e-01	6.259033685603902e-01	2789
-1.432462590200604e-01	-1.259181275065942e-01	2790
1.019731239430680e+00	-2.320802968210642e-02	2791
4.632157576734448e-01	-7.129895555650599e-01	2792
1.095679906485203e+00	-2.031831605481740e-01	2793
1.094762559984976e+00	-2.428599913154139e-01	2794
1.082280406119012e+00	-3.229034907093741e-01	2795
-1.334666698986927e-01	7.310026168061454e-02	2796
1.062111270433316e+00	6.825968007764811e-02	2797
4.858720680363547e-02	5.477490342323171e-01	2798
-4.224166202661725e-02	-4.526428817831463e-01	2799
2.688219320717702e-02	-5.305751054470337e-01	2800
1.018824314184184e+00	1.800175525291527e-02	2801
-1.107749521858104e-01	-4.446393280664919e-02	2802
1.023827456823461e+00	2.175805280499764e-02	2803
-6.761277429539596e-02	-4.168982818163300e-01	2804
7.338997171347650e-01	-6.844176356087510e-01	2805
1.033655166390583e+00	-4.483675077912315e-01	2806
-1.115616700729211e-02	-4.917356440657178e-01	2807
1.018279019899316e+00	-2.071470568647183e-02	2808
-1.347833510129130e-01	-7.250332940885022e-02	2809
1.008006114568272e+00	-4.336836379083132e-03	2810
1.009071092795647e+00	5.074362900299828e-03	2811
1.004254979536026e+00	-5.091878458935218e-05	2812
-1.099631235185478e-01	4.505076692967203e-02	2813
-2.476018119859942e-02	4.713318406253532e-01	2814
1.025965036173913e+00	-3.088139051501235e-02	2815
1.017771376837297e+00	-1.501195878005119e-02	2816
1.004093970554199e+00	1.377512691636031e-03	2817
1.015026376274214e+00	1.311565839116994e-02	2818
1.004477376434893e+00	2.294701794181857e-03	2819
1.069624063489328e+00	-3.646656038732725e-01	2820
1.006368586608244e+00	-4.899455454050323e-01	2821
-1.422027377291829e-01	1.256960158015920e-01	2822
6.705385283044510e-01	-7.021855011715223e-01	2823
-1.394656474262036e-01	1.049325786790527e-01	2824
1.012760423442215e+00	9.196276182614892e-03	2825
-1.382253265323445e-01	-8.707001786941852e-02	2826
-1.368607222283162e-01	8.713815538915383e-02	2827
1.089583970452105e+00	-2.845408114973488e-01	2828
1.010929109054590e+00	6.248707179020836e-03	2829
1.008919079719273e+00	-5.299067372978418e-03	2830
8.463239728449715e-03	5.098912045866423e-01	2831
-8.793697360960240e-02	-1.147190626234563e-02	2832
-9.244947623484390e-02	-2.724125784578826e-02	2833
1.059326335888511e+00	-6.878036550154461e-02	2834
1.026999469818232e+00	3.023258344863013e-02	2835
-9.136398261947694e-02	3.671420738047088e-01	2836
1.008128074734160e+00	4.136749138116558e-03	2837
1.006123263434420e+00	3.340591607022102e-03	2838
1.004057401139388e+00	-1.473944660027620e-03	2839
1.085613248247453e+00	1.047741113626602e-01	2840
3.098270338736892e-01	6.860723740650690e-01	2841
-1.343978923124155e-01	2.402139538851263e-01	2842
-1.395000449074423e-01	2.105980520838772e-01	2843
-1.416098219597044e-01	1.835658235597651e-01	2844
-1.428850732888175e-01	1.555418604970275e-01	2845
1.004416032955543e+00	-2.399366550695271e-03	2846
-1.319916345458502e-01	-5.973042518503731e-02	2847
-1.309899835970241e-01	6.040963414488747e-02	2848
2.326330712349741e-01	6.597140711774622e-01	2849
-9.222009677681198e-02	2.966955518583463e-02	2850
1.086610205718472e+00	-1.206022182655989e-01	2851
1.093596281774757e+00	-1.708395855651124e-01	2852
-1.364092136255781e-01	-2.440532085552971e-01	2853
-1.302751217318337e-01	-2.738590938656207e-01	2854
-8.855317104066802e-02	-3.801050585771146e-01	2855
-1.068058009583229e-01	-3.433429995426218e-01	2856
-1.434184676181218e-01	-1.802682502613120e-01	2857
-1.417080527736613e-01	-2.103531574565160e-01	2858
1.091739176590221e+00	1.295363318322836e-01	2859
1.090777042351671e+00	-1.455876575180549e-01	2860
1.096445001216235e+00	1.611241865820787e-01	2861
1.099058628350185e+00	1.967741643290989e-01	2862
1.100168677373226e+00	2.330591782826525e-01	2863
1.097397689757004e+00	2.798485376192844e-01	2864
1.089822893173872e+00	3.256381592528629e-01	2865
1.076122383306924e+00	3.716038329726661e-01	2866
1.060274791854009e+00	4.173619204305740e-01	2867
1.035478802940272e+00	4.618744453390865e-01	2868
1.005165133473969e+00	5.053561070601885e-01	2869
9.687481933784171e-01	5.470628176298836e-01	2870
9.264279680609036e-01	5.863927444570910e-01	2871
8.791617459328340e-01	6.221343389833969e-01	2872
8.103153181400823e-01	6.595463195821850e-01	2873
-1.088421974702387e-01	3.294633867441155e-01	2874
-1.203487712300909e-01	2.956121290867822e-01	2875
-1.290287025743487e-01	2.660676193887056e-01	2876
7.236696116303565e-01	6.933428643556189e-01	2877
6.323614970359074e-01	7.147370971599061e-01	2878
5.519914352949959e-01	7.204028746950503e-01	2879
4.725355689218218e-01	7.184838763325517e-01	2880
1.081394618264217e+00	-9.944593095166959e-02	2881
1.076028384281275e+00	-8.389687161601159e-02	2882
1.079424925718366e+00	8.539353179909215e-02	2883
6.016007618207446e-01	-7.110830410853087e-01	2884
7.121788640445945e-02	-5.679873453399934e-01	2885
1.214373982675263e-01	-6.050108786889994e-01	2886
1.750386632523885e-01	-6.345585691679252e-01	2887
3.776776721973664e-01	-7.020296298005881e-01	2888
2.273223000895187e-01	-6.572933844114234e-01	2889
2.965722822801019e-01	-6.818315124729369e-01	2890
-7.176714431172701e-02	-5.075367225358562e-01	2891
-1.046446945778191e-01	4.490404574880132e-01	2892
3.294155653987860e-01	7.803617544685328e-01	2893
1.047572211151516e+00	-4.711891096251928e-02	2894
-1.620935775229629e-01	-3.021953507523669e-01	2895
1.005501227636078e+00	-2.481772203900944e-03	2896
1.049297501091790e+00	4.599591451250246e-02	2897
4.199810032629233e-01	8.010835265781114e-01	2898
1.117026729101316e+00	-4.036041038722643e-01	2899
8.991571128123182e-02	6.696154941585690e-01	2900
5.012229166578842e-01	-8.039069706790621e-01	2901
-1.394600258288108e-01	-3.820936310615812e-01	2902
-1.282177720350746e-01	-4.676881956003362e-02	2903
1.015131263005548e+00	1.037305986416492e-02	2904
1.068659065483577e+00	-5.012673333240140e-01	2905
1.010679303904836e+00	-4.648056523407898e-03	2906
1.009440934173840e+00	-3.890117082050544e-03	2907
1.005009662190182e+00	1.533433980274052e-03	2908
1.024321270921688e+00	-2.312508113364480e-02	2909
1.027190697829117e+00	-2.585996583462325e-02	2910
7.262924603466748e-01	-7.800479126974089e-01	2911
5.756048012561861e-01	-7.998590540785026e-01	2912
1.039426478088362e+00	-5.509427186830778e-01	2913
-1.709235726616707e-01	-1.665957749588821e-01	2914
1.007220768724279e+00	-3.384502156462028e-03	2915
-1.242076125632841e-01	4.082613545614338e-01	2916
1.004556446806633e+00	-8.286921218635455e-04	2917
1.027834105941112e+00	2.499356789498954e-02	2918
1.114536970307158e+00	-3.556104612561328e-01	2919
-1.651044941643146e-01	-1.129425006907723e-01	2920
-1.408119184190975e-01	3.672032236488729e-01	2921
-1.692873072244439e-01	-1.381930342815952e-01	2922
1.031166696054805e+00	-3.253634774542383e-02	2923
-8.938254100794853e-02	1.600471383951265e-02	2924
-1.525125287854825e-01	-3.397204874409405e-01	2925
-1.209349521081890e-01	-4.225077659242235e-01	2926
1.123038514283521e+00	-2.237773902835691e-01	2927
1.075238678766188e+00	7.169747824226862e-02	2928
1.057376936832949e+00	-6.040805264796850e-02	2929
8.577715356710597e-01	-7.216995324103062e-01	2930
1.690644767807859e-01	-7.187442104651478e-01	2931
4.087143915353123e-01	-7.957104813741722e-01	2932
9.616866353967711e-01	-6.433266906145524e-01	2933
6.475467974069986e-01	-7.971243806164375e-01	2934
1.012454742284330e+00	-7.481160462566443e-03	2935
1.014797051867292e+00	-1.075978002802994e-02	2936
1.059574924652302e+00	5.919633965279555e-02	2937
1.007313896103665e+00	3.205117263631921e-03	2938
7.955552634046124e-01	-7.540069411799606e-01	2939
1.018525604834227e+00	1.407228820714030e-02	2940
1.009551671168532e+00	3.648375162803331e-03	2941
1.003771673444229e+00	-5.987325075666511e-01	2942
-1.550493836320191e-02	5.761888210395494e-01	2943
1.088244190366215e+00	-4.512059250217925e-01	2944
9.130992816800685e-01	-6.844914415969827e-01	2945
1.042397124886334e+00	3.514417037456492e-02	2946
1.041178844513353e+00	-3.623965342426326e-02	2947
-8.256660656489836e-02	4.869542398688821e-01	2948
1.124070709209887e+00	-2.677792260549443e-01	2949
3.116866310573309e-02	6.222510501711710e-01	2950
-9.897449747209816e-02	-4.655967360130283e-01	2951
-3.660105133700733e-02	-5.541138506380034e-01	2952
1.019764766877441e+00	-1.765819076149926e-02	2953
-1.070124303002341e-01	3.292645907643654e-02	2954
-5.275524145351242e-02	5.295272785080242e-01	2955
1.004576620375766e+00	7.190152837664276e-04	2956
-1.638331324277246e-01	1.121201568377298e-01	2957
-1.594287329784849e-01	9.274916976935560e-02	2958
1.010814200845615e+00	4.371638508198032e-03	2959
-1.608241302095468e-01	-9.301572390695442e-02	2960
-1.540702105104625e-01	-6.849405919722451e-02	2961
-1.273799814911114e-01	4.746991309678549e-02	2962
1.121541984959922e+00	-3.106262725902447e-01	2963
1.012679744842625e+00	7.157411154084287e-03	2964
-1.030089251919699e-01	-1.562058610728470e-02	2965
-1.066671253785055e-01	-3.007518586689684e-02	2966
1.032262921825137e+00	3.173344535502220e-02	2967
1.005566520441156e+00	2.348397016066218e-03	2968
1.004967423320571e+00	-1.653436087961137e-03	2969
-1.697495731709415e-01	2.309197548920146e-01	2970
-1.684982824691048e-01	1.398077499845020e-01	2971
-1.706319614105331e-01	1.993019958574977e-01	2972
-1.698509923371343e-01	1.706278173844376e-01	2973
-1.528266468805161e-01	6.910720455772547e-02	2974
2.456446189814057e-01	7.519694254830331e-01	2975
1.637701341035198e-01	7.153577886899843e-01	2976
-9.505797247150873e-02	1.514010841136147e-03	2977
-1.680749182601529e-01	-2.658561908405909e-01	2978
-1.724041287344528e-01	-1.967664269506411e-01	2979
-1.710652496519651e-01	-2.319738209710971e-01	2980
1.105236508039412e+00	1.130285798075649e-01	2981
1.107123962152851e+00	-1.300812204742972e-01	2982
1.113792612770322e+00	1.423507634408653e-01	2983
1.113227206304861e+00	-1.559300890928734e-01	2984
1.121127272972691e+00	1.771668456831009e-01	2985
1.118861247118033e+00	-1.855501884407065e-01	2986
1.126539961132399e+00	2.139776679686587e-01	2987
1.130057232242827e+00	2.581219795102454e-01	2988
1.128974537177261e+00	3.083977548947637e-01	2989
1.122004199875342e+00	3.600223714977691e-01	2990
1.111345723123165e+00	4.090827649589119e-01	2991
1.091932864075783e+00	4.638176414317569e-01	2992
1.069737739032088e+00	5.175638759769624e-01	2993
1.037080280734527e+00	5.693032987053928e-01	2994
9.971169405579887e-01	6.191351014995183e-01	2995
9.500687293433013e-01	6.656265250527618e-01	2996
8.850114111041213e-01	7.128662714664387e-01	2997
-1.531842518034424e-01	3.256547961040319e-01	2998
-1.614836896349479e-01	2.915821647367102e-01	2999
-1.660715939988561e-01	2.602043620730222e-01	3000
7.999209041957474e-01	7.571267545644129e-01	3001
7.001018196576863e-01	7.916686977541139e-01	3002
5.999821855210976e-01	8.082781820870648e-01	3003
5.115376628142509e-01	8.101005427759422e-01	3004
1.099666519319352e+00	-1.062148115603779e-01	3005
1.071780905384004e+00	-7.138157869913651e-02	3006
1.092131385365811e+00	-8.708143380764762e-02	3007
1.096463058050615e+00	9.061562779483991e-02	3008
5.299694577183277e-03	-6.004246275804613e-01	3009
5.397324868254363e-02	-6.432013763548330e-01	3010
1.113716030397880e-01	-6.857265213943489e-01	3011
3.158846268882472e-01	-7.752926166326026e-01	3012
2.338552378379745e-01	-7.474434468408701e-01	3013
1.058115495341202e+00	4.948026371972173e-02	3014
1.106273181424302e+00	-5.570366721825383e-01	3015
-1.920453659294322e-01	1.214295609118737e-01	3016
1.008557525899089e+00	-3.083307091014700e-03	3017
1.160504190307427e+00	-3.775612848992529e-01	3018
1.158235397485569e+00	-3.395098784609422e-01	3019
3.543351663244270e-01	8.859482525624569e-01	3020
7.953731828115844e-01	-8.593930618969741e-01	3021
1.005517312753310e+00	7.413322959751219e-04	3022
1.005982876047169e+00	-1.585261508594019e-03	3023
1.034164321677097e+00	2.566041848516035e-02	3024
1.213724685465617e-02	7.071695921711081e-01	3025
8.701549490938508e-01	-8.221207103772623e-01	3026
1.012419587225111e+00	-5.504247197202592e-03	3027
1.017191436814484e+00	-1.230029422564797e-02	3028
2.444317501616621e-01	-8.496050708402969e-01	3029
1.077968061691536e+00	-6.171263597360152e-01	3030
1.047265922896256e+00	4.126998333585333e-02	3031
1.068452365630572e+00	-6.225183884777336e-02	3032
8.369540787268581e-02	7.640378956583737e-01	3033
9.770734917553613e-02	-7.756854039489851e-01	3034
1.022049595756468e+00	-2.009083467914170e-02	3035
1.005122640561687e+00	-6.222560210146071e-05	3036
1.028425068925363e+00	2.015288926215514e-02	3037
-2.023541388287257e-01	-1.799516218287921e-01	3038
-1.226067209448189e-01	-3.125155281689928e-02	3039
1.005495577948246e+00	-8.757373996560347e-04	3040
-2.043692709641394e-01	-2.902239736280839e-01	3041
-1.081904387389435e-01	-2.754548620038053e-03	3042
2.586765567531326e-01	8.552756661832088e-01	3043
-1.431817876513955e-01	4.970807984215172e-01	3044
-1.034072030427030e-01	1.651597024827652e-02	3045
1.037513803612492e+00	-3.198694739502096e-02	3046
1.090848548789383e+00	7.470562458539952e-02	3047
4.573378008281567e-01	9.053515196923472e-01	3048
-8.596168954742861e-02	5.947878476518117e-01	3049
-1.058647045203786e-01	-5.693564301142668e-01	3050
-2.013529173528284e-01	1.839803035567298e-01	3051
-1.988292890524322e-01	-3.312761109738664e-01	3052
7.080521114249267e-01	-8.874317164021913e-01	3053
1.647772385063205e-01	-8.148682830178952e-01	3054
-1.349495613235458e-01	-5.183203954917467e-01	3055
4.457613888209607e-01	-8.993666587596908e-01	3056
-1.909123275442804e-01	-3.744235756998791e-01	3057
1.017580557550096e+00	1.184460119858641e-02	3058
1.008643590321083e+00	2.865910138679708e-03	3059
1.021233258813394e+00	-1.448137385982889e-02	3060
9.355113256290176e-01	-7.779499519070714e-01	3061
-2.059134300632766e-01	-2.518728910971168e-01	3062
1.006589772523327e+00	-2.461962761178525e-03	3063
-1.630579771695185e-01	4.521238325793999e-01	3064
1.021792575200801e+00	1.580696908549458e-02	3065
1.028687824008385e+00	-2.142835199908189e-02	3066
1.158758984946197e+00	-2.914516873942831e-01	3067
-1.908923637030495e-01	3.595306713165449e-01	3068
-1.782186450998502e-01	4.062825415973257e-01	3069
-1.477412884123813e-01	-4.802066479183682e-02	3070
-1.761449433026585e-01	-4.230181455656630e-01	3071
1.056222103213903e+00	-5.078724275136374e-02	3072
3.410195654317610e-01	-8.802116675616688e-01	3073
9.918052032482088e-01	-7.284509153906342e-01	3074
5.794096947515798e-01	-9.012254347315998e-01	3075
1.014489151943760e+00	-8.481273883707672e-03	3076
1.070880119219924e+00	6.092851395628861e-02	3077
1.010831419950571e+00	-3.011298926907012e-03	3078
1.039251267619369e+00	-6.746416861894110e-01	3079
-4.271256878501065e-02	6.512230844159662e-01	3080
1.146246014151564e+00	-4.537603782343638e-01	3081
1.129987200283153e+00	-4.966138693184267e-01	3082
1.033432604938695e+00	-2.667594788551534e-02	3083
-1.189843425602046e-01	5.445246086619824e-01	3084
-1.592718046375099e-01	-4.688141355962712e-01	3085
-1.789131071202185e-01	-7.466885541564645e-02	3086
-1.469394751035555e-01	4.883878104391498e-02	3087
1.010917383593764e+00	2.728535824917900e-03	3088
1.012582765646296e+00	5.178223595115805e-03	3089
-1.852148432512864e-01	9.692565582705338e-02	3090
-1.865877737294435e-01	-9.775789978776454e-02	3091
-1.976330839188086e-01	1.537684874200572e-01	3092
-1.236659251868599e-01	3.514655450684543e-02	3093
1.014748968689455e+00	8.098478271693903e-03	3094
-1.191757916005256e-01	-1.918669038232491e-02	3095
1.038587859030691e+00	3.098917290310887e-02	3096
1.006024127262052e+00	1.438043898230967e-03	3097
1.006655928116848e+00	2.298936833022212e-03	3098
-1.929621369538443e-01	-1.211130047530458e-01	3099
-1.982098490452363e-01	-1.505792730308905e-01	3100
-2.040613771555011e-01	2.159463158792573e-01	3101
-1.776304363758087e-01	7.473685625409855e-02	3102
1.691457876877999e-01	8.160586993942697e-01	3103
-2.062159377001528e-01	-2.154179793912541e-01	3104
1.128208771456281e+00	1.221860363727790e-01	3105
1.130610989072390e+00	-1.382497921051777e-01	3106
1.139902084096637e+00	1.549581097029752e-01	3107
1.139676461128838e+00	-1.663380883252386e-01	3108
1.150058705393561e+00	1.916129805902913e-01	3109
1.148239454469518e+00	-2.017966864035418e-01	3110
1.159003124823564e+00	2.334334414521368e-01	3111
1.155375008338432e+00	-2.451605043893572e-01	3112
1.164937352165544e+00	2.838203902025469e-01	3113
1.165883898817950e+00	3.394259711249593e-01	3114
1.161497273250101e+00	3.940003191817317e-01	3115
1.149744801662521e+00	4.531655132438074e-01	3116
1.133359881766438e+00	5.119090067704968e-01	3117
1.106132270066628e+00	5.762044038022947e-01	3118
1.074390174606960e+00	6.394549697841375e-01	3119
1.030549713180043e+00	6.990855847197555e-01	3120
9.695377850801947e-01	7.593914587787224e-01	3121
-1.980985365298749e-01	3.185098380740825e-01	3122
-2.025688587761265e-01	2.815211531817678e-01	3123
-2.040260097383222e-01	2.499921766739237e-01	3124
8.866859705545034e-01	8.175376466671832e-01	3125
7.835870594669967e-01	8.671885512259541e-01	3126
6.680118474286608e-01	8.996883362403713e-01	3127
5.591633449086447e-01	9.103252818324407e-01	3128
1.120997190762971e+00	-1.127148605484524e-01	3129
1.086318204672637e+00	-7.298880888534577e-02	3130
1.110737539103747e+00	-9.086033681815918e-02	3131
1.116430922058029e+00	9.568981347515938e-02	3132
-6.688612054301642e-02	-6.230841940261155e-01	3133
-2.053197132531602e-02	-6.782409923373691e-01	3134
3.482094636969829e-02	-7.283184246340378e-01	3135
1.050269170107191e+00	3.387355239899765e-02	3136
9.593039346808868e-01	-8.840284420741115e-01	3137
1.006503656603418e+00	-7.051200451972946e-04	3138
1.017129274572957e+00	-9.389548832558539e-03	3139
-1.781795796831755e-01	-5.763680964627198e-01	3140
-7.301599025344013e-02	7.366477015793792e-01	3141
1.024858824919073e+00	1.733917288110339e-02	3142
1.175741985204000e+00	-5.496489893073002e-01	3143
1.120175121127512e+00	-6.875822864674723e-01	3144
1.034563450790612e+00	-2.090054912780791e-02	3145
-1.386535668779977e-01	-2.587696884696245e-02	3146
-1.190854592170959e-01	1.476367139775820e-02	3147
-1.236962786898303e-01	6.690974336314425e-01	3148
-6.399499146098572e-03	8.052686287121756e-01	3149
2.754328445129436e-01	9.714938839968661e-01	3150
1.068357094830770e+00	5.293608017731335e-02	3151
3.732918324226199e-01	-9.973579207632040e-01	3152
2.605173781075540e-01	-9.651204489306131e-01	3153
-2.461094815818056e-01	-2.724442164080020e-01	3154
1.014543157952062e+00	5.946244498311274e-03	3155
1.023482293145567e+00	-1.700169370340280e-02	3156
-2.408740456730420e-01	3.471779653889750e-01	3157
7.854334335777268e-01	-9.792147639361706e-01	3158
1.014352132229596e+00	-6.328603901793250e-03	3159
1.022330879147260e+00	1.963914745975583e-02	3160
-1.883922990410103e-01	5.503101775505074e-01	3161
1.044045783257839e+00	-3.008069223687803e-02	3162
-2.453938722168136e-01	-3.163913323817723e-01	3163
-2.387323810997515e-01	-1.936897796923378e-01	3164
1.017422042775471e+00	8.928307092919087e-03	3165
-1.712004889559606e-01	-5.119076042886823e-02	3166
-2.082914080048347e-01	4.991532912526279e-01	3167
1.108872327378739e+00	7.778921053478095e-02	3168
1.191582916225434e+00	-4.955861279133290e-01	3169
1.203595146067736e+00	-4.252694458784462e-01	3170
1.155174430589176e+00	1.309588402452305e-01	3171
-2.375468195243235e-01	1.968966453407633e-01	3172
3.867971883222290e-01	1.003688827276043e+00	3173
1.066323324352870e+00	-5.445324568206403e-02	3174
1.080941684763106e+00	-6.288609795874980e-02	3175
1.183541018961296e-02	-8.235872385734000e-01	3176
-2.422558963691807e-01	-3.612583737437295e-01	3177
1.153789874172316e+00	-6.163934062628986e-01	3178
5.040348819023908e-01	1.019932684396835e+00	3179
8.801995195282815e-01	-9.364918693067701e-01	3180
1.009908784925802e+00	-2.490529561682924e-03	3181
1.012364336483317e+00	-3.978096164147473e-03	3182
1.050624071415554e+00	-3.802896826444145e-02	3183
1.055092228840012e+00	-4.148745523445585e-02	3184
1.638000219695891e-01	-9.247521344770584e-01	3185
1.021117061917481e+00	1.206006176899008e-02	3186
1.006104553770921e+00	-7.532342745393215e-05	3187
-1.423262750826436e-01	3.610213177459402e-02	3188
7.806905148936771e-02	8.714248411640996e-01	3189
-2.209995962123414e-01	-4.652283218612117e-01	3190
-2.231915211609679e-01	4.467024753335016e-01	3191
8.278533319247255e-02	-8.774478432368581e-01	3192
6.555512548784821e-01	-1.006635512963686e+00	3193
-2.028374378607816e-01	-5.205668524557854e-01	3194
1.009978619593620e+00	2.234045695124546e-03	3195
1.045050758517280e+00	2.887709886151387e-02	3196
1.007824684635920e+00	-2.295294598603705e-03	3197
1.007118507096896e+00	-1.448253551039475e-03	3198
1.026269648578419e+00	-1.930521423577333e-02	3199
1.204333369410968e+00	-3.560366277380536e-01	3200
1.199336078259894e+00	-3.160718242763281e-01	3201
-2.334386819967187e-01	3.961968719413712e-01	3202
-2.349712123735214e-01	-4.140103807560204e-01	3203
1.025767034539244e+00	-8.241958142669702e-01	3204
5.105318036466018e-01	-1.012376892842441e+00	3205
1.083808478722005e+00	6.196282716653679e-02	3206
1.080090944282268e+00	-7.587734202097890e-01	3207
-1.605416906479047e-01	6.081853653781205e-01	3208
-2.317196876607193e-01	-1.606276474201276e-01	3209
1.012480713365868e+00	3.651888356253417e-03	3210
-1.700537345731627e-01	5.186489883799245e-02	3211
-2.066426534549561e-01	-7.811264917375234e-02	3212
-2.148698787139560e-01	1.017043427774857e-01	3213
-2.314089808629545e-01	1.647913518962366e-01	3214
-1.278456874348343e-01	-1.299172330502613e-03	3215
1.040618311352086e+00	2.479920689092604e-02	3216
1.039867609065560e+00	-2.596944093984055e-02	3217
1.006520873425460e+00	5.434478619572400e-04	3218
1.007156650376496e+00	1.269901154007537e-03	3219
1.007887329809067e+00	2.097856075499118e-03	3220
-2.160000500769521e-01	-1.021108404230782e-01	3221
-2.242918444578514e-01	-1.305420772202234e-01	3222
-2.238028810688427e-01	1.324033538327534e-01	3223
-2.052608195271534e-01	7.751122790782422e-02	3224
1.742086651882731e-01	9.291002684064050e-01	3225
-2.436566199745837e-01	-2.337166390590446e-01	3226
1.157849477249429e+00	-1.450585887596320e-01	3227
1.170067491871356e+00	1.662341034907787e-01	3228
1.170345088635138e+00	-1.778075509638213e-01	3229
1.184156672758722e+00	2.060325170318597e-01	3230
1.182833163965572e+00	-2.185099251813128e-01	3231
1.196634360448211e+00	2.543455242571028e-01	3232
1.192817833926627e+00	-2.658294363635588e-01	3233
1.205881596702751e+00	3.106927629525340e-01	3234
1.209245974472305e+00	3.701049911316766e-01	3235
1.206255010786278e+00	4.333140553679933e-01	3236
1.196968559475973e+00	4.975971696633487e-01	3237
1.178262538724111e+00	5.683603021233070e-01	3238
1.153140761209414e+00	6.387716547516435e-01	3239
1.114243267003296e+00	7.139942031582635e-01	3240
1.063928163830178e+00	7.927893656915080e-01	3241
-2.416752430210407e-01	2.329012526621917e-01	3242
-2.434630281191745e-01	3.051834667831131e-01	3243
-2.439413747793425e-01	2.675752699772725e-01	3244
9.857274530160467e-01	8.688587851873756e-01	3245
8.823647961333425e-01	9.376358882953921e-01	3246
7.572531158486078e-01	9.903141100553975e-01	3247
6.258444890253361e-01	1.017212202337118e+00	3248
1.145251068361251e+00	-1.182373008279159e-01	3249
1.103417665915479e+00	-7.443382234191054e-02	3250
1.132346450544411e+00	-9.412540985336704e-02	3251
1.139738696010157e+00	1.011416742410292e-01	3252
-1.458462773543067e-01	-6.388788138408854e-01	3253
-1.033301355862077e-01	-7.002648484641253e-01	3254
-5.000646671512281e-02	-7.658304741838795e-01	3255
-2.870868138035015e-01	-2.501682211276061e-01	3256
-2.782257194407728e-01	2.103593818537279e-01	3257
5.876602729000184e-01	-1.134555942256906e+00	3258
1.062963573338406e+00	-9.327373693498399e-01	3259
-1.045629633172455e-01	8.348320186571898e-01	3260
-2.922855586161479e-01	-3.947448234401680e-01	3261
-2.395362547911184e-01	6.108599188616217e-01	3262
4.296438572346447e-01	1.134212763876703e+00	3263
1.056678339225136e+00	4.012454902054842e-02	3264
1.009100955195784e+00	-1.844041553863536e-03	3265
1.012471448585351e+00	-2.112849159749195e-03	3266
1.064411739833394e+00	-4.452618695572696e-02	3267
-1.426904809515753e-02	-9.310115086283265e-01	3268
2.839092273437842e-01	-1.095230971051627e+00	3269
4.280967985557355e-01	-1.127312797270451e+00	3270
1.024879130224941e+00	-1.349730730075448e-02	3271
-2.082673376307553e-01	6.790789583241408e-01	3272
-8.423956638423814e-02	-8.639060151993631e-01	3273
1.020159967154282e+00	1.024639085831433e-02	3274
1.019817416837546e+00	-1.078632698658719e-02	3275
1.815470963427419e-01	1.056360447741868e+00	3276
1.016592908415554e+00	-7.265736845223865e-03	3277
-1.631514322816890e-01	3.562043764003318e-02	3278
-1.965964890751266e-01	-5.371065290140327e-02	3279
-2.908166877909795e-01	3.291663226001055e-01	3280
1.029065280351543e+00	1.566827832587809e-02	3281
-2.377442889284034e-01	-7.964372977718701e-02	3282
1.066159868884667e+00	4.241262461147341e-02	3283
-2.701769765927738e-01	-1.695258618041881e-01	3284
-2.699885671629288e-01	1.739299081090052e-01	3285
2.991769808154188e-01	1.102165830936872e+00	3286
-2.531194289069747e-01	-5.757860876155563e-01	3287
1.186131357760506e+00	1.385678596984077e-01	3288
1.173076488561938e+00	-7.645797723637481e-01	3289
5.689245532708801e-01	1.143791043460521e+00	3290
-2.795686776075882e-01	-2.087376516286039e-01	3291
1.130083298303572e+00	8.054836486006729e-02	3292
1.677693474261703e-01	-1.050234101799554e+00	3293
-2.285061621975349e-01	-6.416301389439383e-01	3294
1.094932094856140e+00	-6.195363830962265e-02	3295
9.825236991190155e-01	-1.005387274994307e+00	3296
-2.520543088075297e-02	9.176551068091610e-01	3297
1.230989783358568e+00	-6.050403324463069e-01	3298
1.035593958663245e+00	1.985222410235060e-02	3299
-1.659043893727742e-01	7.541895370046608e-01	3300
1.079845732259510e+00	5.371739027777758e-02	3301
1.016816119734294e+00	6.817185718375694e-03	3302
1.024756756435899e+00	1.343406740639594e-02	3303
1.030213668411779e+00	-1.726136708175448e-02	3304
1.027256442513662e+00	-1.528194881135457e-02	3305
-2.894191221115354e-01	3.796310401987598e-01	3306
7.460577023484966e-01	-1.115262975457993e+00	3307
1.014224077895547e+00	-4.674094716332587e-03	3308
1.046202495932302e+00	-2.372871859817181e-02	3309
-2.917739979598686e-01	-2.949051003080018e-01	3310
-2.602778207265611e-01	5.490112288215049e-01	3311
1.245013407089343e+00	-5.407584210890806e-01	3312
1.254343266625011e+00	-4.702958628247763e-01	3313
1.077701504200757e+00	-5.554361104537575e-02	3314
-2.933867148973227e-01	-3.420266870270794e-01	3315
1.206005123543297e+00	-6.848374204842406e-01	3316
8.821493551111225e-01	-1.067913421766937e+00	3317
1.012530973228454e+00	1.782593458704680e-03	3318
6.879650345054253e-02	-9.936909863298368e-01	3319
-1.357415030366780e-01	1.675152396602532e-02	3320
7.182129463706789e-02	9.927199105176487e-01	3321
-2.844832106447881e-01	-4.547227129016318e-01	3322
-2.754112504460474e-01	4.900205979285758e-01	3323
-2.725337444918388e-01	-5.124660906963371e-01	3324
1.046910818541766e+00	2.239840801468547e-02	3325
1.052327800708100e+00	2.648642867003441e-02	3326
1.008344797475096e+00	-1.144472078032727e-03	3327
1.254980506143088e+00	-3.914335737047886e-01	3328
-2.841334286545701e-01	4.328577161069450e-01	3329
1.100460069763155e+00	6.214882705921963e-02	3330
1.122627414654120e+00	-8.496724752853945e-01	3331
-1.488898164805899e-01	-6.636670742730421e-03	3332
1.014363325679769e+00	4.293617177460588e-03	3333
-1.666949665918638e-01	-2.299539620860163e-02	3334
-1.950929990792441e-01	5.377701267723745e-02	3335
-2.599689189230227e-01	1.408300094539984e-01	3336
1.040849049648144e+00	-1.965321569927599e-02	3337
1.007504241453961e+00	-1.679137768432789e-05	3338
1.008374742413186e+00	9.319186428382255e-04	3339
1.009151386375374e+00	1.610279208593034e-03	3340
-2.599462896456341e-01	-1.375037179559692e-01	3341
-2.495366387744963e-01	-1.075727221970678e-01	3342
-2.488630657680790e-01	1.082768813715188e-01	3343
-2.364326995817648e-01	7.896393245304999e-02	3344
1.205183185990055e+00	1.760505355912418e-01	3345
1.189214064181141e+00	-1.519627553771307e-01	3346
1.206287335929792e+00	-1.891875300679668e-01	3347
1.223650310560189e+00	2.214102104402817e-01	3348
1.246894028798290e+00	-3.305735671401349e-01	3349
1.222597459381889e+00	-2.349796661975311e-01	3350
1.240715178355320e+00	2.758040333058748e-01	3351
1.236534842439879e+00	-2.858593144742315e-01	3352
1.253082456591221e+00	3.375578683342863e-01	3353
1.259640942906582e+00	4.038511047464900e-01	3354
1.259329597680223e+00	4.734349263456198e-01	3355
1.250169944102745e+00	5.490805529502457e-01	3356
1.233278865560684e+00	6.271608390773461e-01	3357
1.203573903367992e+00	7.119030512892670e-01	3358
1.162407399554517e+00	7.993719140941989e-01	3359
-2.848815333043044e-01	2.474123061055004e-01	3360
-2.897795510455463e-01	2.869086641708405e-01	3361
1.096360429745879e+00	9.031257235710681e-01	3362
9.972168316020383e-01	9.962733163202309e-01	3363
8.677764890462388e-01	1.074723587405943e+00	3364
7.178990818466896e-01	1.126218341237196e+00	3365
1.172948776816471e+00	-1.216943875114735e-01	3366
1.122969309222569e+00	-7.591843733280886e-02	3367
1.156904061395803e+00	-9.657805942570963e-02	3368
1.166927330279144e+00	1.058878782820779e-01	3369
-1.918035550897484e-01	-7.156715216215130e-01	3370
-1.448155464037815e-01	-7.879868113370873e-01	3371
5.012610896628048e-01	-1.269124547422286e+00	3372
-1.389814471378251e-01	9.482031298890654e-01	3373
-3.486449456866979e-01	-3.692773970097633e-01	3374
1.059740854509839e+00	3.223626536734779e-02	3375
1.051351847467606e+00	-2.899826172659427e-02	3376
-4.186906384247088e-02	-1.053386768258654e+00	3377
5.780859433581726e-02	-1.127110949180575e+00	3378
1.176116756486821e+00	-9.514670943216925e-01	3379
1.000183151692136e+00	-1.146104951219262e+00	3380
-2.121292537027695e-01	8.536855092185933e-01	3381
1.010389589563715e+00	8.283064458344784e-04	3382
-1.556464615616610e-01	1.801873270789055e-02	3383
1.245696227002085e+00	1.858134229273506e-01	3384
3.333705071917799e-01	1.248984902330394e+00	3385
-1.919912779907769e-01	-8.872978525847984e-01	3386
6.653999851883037e-02	1.130096658564703e+00	3387
1.077019463283623e+00	4.566445333339335e-02	3388
1.112687723902619e+00	-6.010763002430245e-02	3389
6.834659328944934e-01	-1.263464001527123e+00	3390
1.028601829494801e+00	1.127976694733276e-02	3391
-2.631166469651420e-01	7.599866245549408e-01	3392
1.014067290601279e+00	-2.881324733132480e-03	3393
1.036028960473734e+00	-1.554187490926699e-02	3394
1.269218014314818e+00	-7.578993800035866e-01	3395
-3.482947663512648e-01	-4.322259954773490e-01	3396
1.101899631129375e+00	-1.057140934430151e+00	3397
1.016360534953873e+00	-5.341030480367387e-03	3398
-3.206399946784047e-01	6.038824529578498e-01	3399
1.010360799263130e+00	-1.098483249756278e-03	3400
-3.245040139999171e-01	2.210820188329156e-01	3401
1.092572560100511e+00	5.268448446799403e-02	3402
-1.864022777276660e-01	-2.657769150619801e-02	3403
1.016522205456083e+00	4.897161276878742e-03	3404
-2.247945863560394e-01	-5.345612386548618e-02	3405
1.225673095826683e+00	-1.579133567493342e-01	3406
4.908770504162023e-01	1.277285527935603e+00	3407
6.609092037187538e-01	1.273529406686983e+00	3408
1.119596954812572e+00	6.306090592227008e-02	3409
-1.233043080069249e-01	-9.741634391562156e-01	3410
-3.453977967228807e-01	4.121054225114433e-01	3411
-3.262001454970374e-01	-2.214329582654937e-01	3412
-2.965470175016934e-01	6.785748091503035e-01	3413
1.062395121456667e+00	-3.500247588211518e-02	3414
1.012501108994103e+00	-1.653943927226472e-04	3415
1.789238536674763e-01	-1.192792971651169e+00	3416
3.265221263992540e-01	-1.242091800232560e+00	3417
1.023797752589130e+00	-9.450160538062240e-03	3418
1.019469437532748e+00	-7.746615917580277e-03	3419
1.943697016270366e-01	1.200110486149413e+00	3420
-3.448000516607062e-01	3.559128711897486e-01	3421
-2.233843099252332e-01	5.290533428124680e-02	3422
1.228548678870587e+00	-8.552837924734573e-01	3423
-3.136259457386323e-01	-1.796184109365626e-01	3424
-3.136804406670413e-01	1.830732613732775e-01	3425
1.154500165767177e+00	8.287877706940176e-02	3426
-3.129846639872806e-01	-6.353581232255867e-01	3427
-4.543327740849331e-02	1.045403118127070e+00	3428
1.293314266210745e+00	-6.686169664978494e-01	3429
1.019710747512901e+00	7.210543935990401e-03	3430
1.030960941962498e+00	-1.295914519548431e-02	3431
1.028256521514955e+00	-1.148238757286911e-02	3432
1.041789588602386e+00	1.842513258174795e-02	3433
1.047077581058699e+00	-1.705171197607114e-02	3434
1.308218221869901e+00	-5.884168591644831e-01	3435
1.314436446771932e+00	-5.142836509697404e-01	3436
1.075134605108480e+00	-4.760653425258014e-02	3437
-3.366744134455467e-01	-2.673377478447294e-01	3438
-3.408688440863472e-01	3.067480142650755e-01	3439
8.586803841462971e-01	-1.220542675385578e+00	3440
1.014150695483763e+00	2.504296787258965e-03	3441
-3.325336351703064e-01	-5.651643453114084e-01	3442
-3.343945127200215e-01	5.367317200345464e-01	3443
-3.429728658496660e-01	-4.966408630280598e-01	3444
1.053575042582395e+00	1.918600413136638e-02	3445
1.312441461460443e+00	-4.315478722362525e-01	3446
-3.429513276459458e-01	4.711873746056321e-01	3447
-1.709080953741278e-01	-2.602736384745068e-04	3448
-1.869848177951924e-01	3.492911999329912e-02	3449
-3.008044402096339e-01	1.463930762743279e-01	3450
-2.730652558273023e-01	-8.100563880833977e-02	3451
1.009400266832372e+00	-6.847932937950499e-05	3452
-3.003083181232671e-01	-1.420493807172044e-01	3453
-2.870548475929664e-01	1.132400090615177e-01	3454
-2.870821647433012e-01	-1.111063747314249e-01	3455
-2.721029903834595e-01	8.094423879991698e-02	3456
1.221716192146017e+00	1.439204360634049e-01	3457
1.247566231436281e+00	-2.004419994228328e-01	3458
1.269764735900788e+00	2.365809477768181e-01	3459
1.286210039656116e+00	-2.980694846038833e-01	3460
1.268698902747574e+00	-2.498699409897527e-01	3461
1.291247559877642e+00	2.975374221967357e-01	3462
1.301638775449813e+00	-3.544823207903588e-01	3463
1.308095526798475e+00	3.652816597574797e-01	3464
1.318337604365868e+00	4.385640691646133e-01	3465
1.319950867874872e+00	5.187584456252127e-01	3466
1.313283532467446e+00	6.031415906824504e-01	3467
1.294509038727077e+00	6.956570999118555e-01	3468
1.263715915416508e+00	7.929603654894699e-01	3469
-3.341250934733986e-01	2.613028644246983e-01	3470
-3.438119096448803e-01	-3.164590721098353e-01	3471
1.213000738294685e+00	9.035146735476467e-01	3472
1.128041702305569e+00	1.034771353599642e+00	3473
9.998420109362447e-01	1.144468114240933e+00	3474
8.383939273393988e-01	1.229396789760291e+00	3475
1.204539857187206e+00	-1.243419969053966e-01	3476
1.145257740070404e+00	-7.638721210419508e-02	3477
1.184643878408463e+00	-9.664948057069081e-02	3478
1.198072361250168e+00	1.094598234357656e-01	3479
-2.856922104514607e-01	-7.157104886321003e-01	3480
-2.443933706389613e-01	-8.008556066451804e-01	3481
3.904272605084423e-01	-1.405212848898642e+00	3482
1.047745775124984e+00	1.550584617833661e-02	3483
-4.106924039215010e-01	-4.008154851585581e-01	3484
9.972950601383689e-01	-1.312969295030132e+00	3485
-4.102532211445092e-01	4.444489831850622e-01	3486
1.014145914943259e+00	-1.022430940862843e-03	3487
1.132940123355236e+00	-5.911410378090414e-02	3488
2.163229525750252e-01	1.362554396196702e+00	3489
5.803577813226550e-01	1.430137693668283e+00	3490
3.862794624303949e-01	1.412568265732667e+00	3491
1.182574431630270e+00	8.391756922650337e-02	3492
1.060549992218750e+00	-2.531183299353754e-02	3493
-3.632948650930167e-01	7.538962248906871e-01	3494
-3.058195701209291e-01	-8.968240970884298e-01	3495
1.072333859679415e+00	3.371183949959118e-02	3496
5.968933122058159e-01	-1.420799369459273e+00	3497
1.234319600725925e+00	-1.071711047873580e+00	3498
1.025008217714834e+00	9.381109790960761e-03	3499
1.032845021763373e+00	1.306231918838935e-02	3500
1.295741015555685e+00	-9.546425140419720e-01	3501
-3.625801457769418e-01	1.895859803231471e-01	3502
1.141686464096752e+00	6.324116448556276e-02	3503
-3.993881878565482e-01	3.267846104078055e-01	3504
1.022690574406468e+00	-5.927670196106545e-03	3505
1.035490659438373e+00	-1.035867320596402e-02	3506
-3.298294735000253e-01	1.147685094202784e-01	3507
-4.031403375768900e-01	5.859652677246305e-01	3508
1.053259202678770e+00	-2.146372833114663e-02	3509
-3.768151071087317e-01	2.297581089406774e-01	3510
1.106664724089957e+00	4.892220696273148e-02	3511
-1.976714440147082e-01	-2.087365190517876e-03	3512
-3.629470914186668e-01	-1.873486820565976e-01	3513
1.037568010495216e+00	1.431425376312084e-02	3514
-2.132433107631309e-01	-2.966491324912305e-02	3515
1.292733492161687e+00	1.943715687379959e-01	3516
7.879602994890248e-01	1.400885672009718e+00	3517
-4.108747258124492e-01	-5.417529437295251e-01	3518
1.086989662879152e+00	-4.816530655694701e-02	3519
-4.134389918202734e-01	-4.697516993662099e-01	3520
-1.762547977201949e-01	1.078658800577377e+00	3521
-2.572256881332766e-01	-5.115562804143252e-02	3522
1.102456207765184e+00	-4.774326994999470e-02	3523
1.041826078321515e+00	-1.351155101927318e-02	3524
-6.906235726756960e-02	-1.193858494929340e+00	3525
-2.617972076116377e-01	9.683864356898899e-01	3526
-4.091807699979371e-01	5.132714723335455e-01	3527
-1.658687472489648e-01	-1.098932660917634e+00	3528
6.505274518761990e-02	1.286330384712262e+00	3529
-3.244282602029215e-01	8.545814598741442e-01	3530
1.016248674852530e+00	3.163540056398952e-03	3531
1.338890995087598e+00	-8.444795259691967e-01	3532
1.138936272869358e+00	-1.202603449813073e+00	3533
1.016142041288921e+00	-3.602146961688977e-03	3534
-3.883870417939868e-01	6.671991043131770e-01	3535
1.019002878895208e+00	5.502432671571175e-03	3536
1.240830586187933e+00	-1.250864384376944e-01	3537
-2.453654618395190e-01	-9.996693999166230e-01	3538
-3.926031248581186e-01	-2.840448359259755e-01	3539
5.264536613154754e-02	-1.280470785790724e+00	3540
2.062731094873592e-01	-1.355450058989407e+00	3541
1.018817899586944e+00	-6.020096393422345e-03	3542
-4.060214010383899e-01	3.833691104526060e-01	3543
-3.995653407658477e-01	-6.213459684009242e-01	3544
-6.637082420783845e-02	1.190772499078830e+00	3545
1.366935648058415e+00	-7.366486978954768e-01	3546
1.022743412986730e+00	8.318504196925376e-03	3547
1.031489326710340e+00	-8.787313604977722e-03	3548
1.027454360759547e+00	-7.352557870844442e-03	3549
1.380054322452193e+00	-6.434759624047134e-01	3550
1.384797868070270e+00	-5.577082343789354e-01	3551
1.072394721664500e+00	-3.736934723145657e-02	3552
8.074619604156975e-01	-1.391636026596786e+00	3553
1.014171662290289e+00	6.428921881310440e-04	3554
1.060310894763248e+00	2.376283640906823e-02	3555
1.379437184875664e+00	-4.715403124980529e-01	3556
-2.138806488246749e-01	3.435368475103100e-02	3557
-1.784800119456682e-01	2.038396725980399e-02	3558
-3.469177495992498e-01	1.506708888350738e-01	3559
-3.461714067712489e-01	-1.467167155069392e-01	3560
-2.563185825454359e-01	5.066761569198703e-02	3561
-3.290975150998248e-01	-1.112538560492311e-01	3562
-3.121925933073565e-01	8.180019524472684e-02	3563
-3.125209392337711e-01	-8.076959355573020e-02	3564
1.262498888429763e+00	1.482049665797640e-01	3565
1.267537009225563e+00	-1.634279050949428e-01	3566
1.320087471317886e+00	-2.586574277521153e-01	3567
1.295123505827631e+00	-2.095249901821301e-01	3568
1.322645938436020e+00	2.519460245469383e-01	3569
1.343431753826013e+00	-3.129382305548813e-01	3570
1.349881292759781e+00	3.186186417790837e-01	3571
1.364346401783298e+00	-3.852097514591252e-01	3572
1.371728730361079e+00	3.934102971570240e-01	3573
1.385541240385497e+00	4.769563214681314e-01	3574
1.390871971662397e+00	5.663956605244053e-01	3575
1.384626570560850e+00	6.652975913280151e-01	3576
1.366409452258378e+00	7.713595162426695e-01	3577
-3.893621154269354e-01	2.762700062954792e-01	3578
-3.792053078028949e-01	-2.332410470210621e-01	3579
-4.035777580482797e-01	-3.373654871279932e-01	3580
1.330650660860210e+00	8.898215364371568e-01	3581
1.264958858193569e+00	1.029227389920159e+00	3582
1.145519173211341e+00	1.183605865465021e+00	3583
9.881282993647340e-01	1.315790931001103e+00	3584
1.169996654608551e+00	-7.547837309839264e-02	3585
1.216001956301074e+00	-9.524345003090905e-02	3586
1.233522538498866e+00	1.103318783210594e-01	3587
-3.815256680485765e-01	-7.031250923804734e-01	3588
-3.492925712441596e-01	-7.987835765934186e-01	3589
1.042841477584847e+00	1.233711176557632e-02	3590
1.016123537103788e+00	1.597325191074838e-03	3591
7.106446710447904e-02	1.464411407995165e+00	3592
1.086781294762324e+00	3.747127850583295e-02	3593
1.162300691050010e+00	-1.379218326693842e+00	3594
1.025991417786607e+00	-3.593705668357242e-03	3595
4.805764691133846e-01	-1.582943580034438e+00	3596
-3.975523426616018e-01	-1.490571571870890e-01	3597
-2.935723613934741e-01	4.599174249709427e-02	3598
-3.567425451595146e-01	7.898925341581831e-02	3599
1.120370203059135e+00	-4.455485732534165e-02	3600
1.166797850395499e+00	6.231756091982492e-02	3601
7.091977305941126e-01	1.585975361665097e+00	3602
-2.160822737513858e-01	1.228539437359143e+00	3603
-4.764187229218594e-01	4.092093908702693e-01	3604
2.551737231608964e-01	-1.539019826223373e+00	3605
-4.656672162150226e-01	7.367880401905459e-01	3606
-4.885864853597396e-01	-5.082012192895753e-01	3607
1.155560332499244e+00	-5.669664701059737e-02	3608
-3.052413181371867e-01	-1.128687585035286e+00	3609
9.658945570146212e-01	-1.506322339498106e+00	3610
-4.821854940034371e-01	-4.322155450528938e-01	3611
-3.778137322979518e-01	1.137963431813282e-01	3612
1.069593809176560e+00	-2.810512066332795e-02	3613
-3.754491875205213e-01	-1.006594837723427e+00	3614
1.068214328458780e+00	2.858283418562339e-02	3615
-2.433459833909627e-01	-2.962730349795844e-02	3616
-4.714674861692744e-01	-3.616092742839000e-01	3617
1.282400263154772e+00	-1.247815476887388e-01	3618
1.309445659074892e+00	1.502107684968927e-01	3619
1.347884069371330e+00	-2.138181915171036e-01	3620
1.214050209772717e+00	8.318637575368228e-02	3621
1.383703628360419e+00	2.655973143202117e-01	3622
9.542228353178559e-01	1.511192082027687e+00	3623
1.054071595068674e+00	1.192587449841189e-02	3624
-4.839068177873467e-01	4.800859336971577e-01	3625
2.556203282078387e-01	1.545848612326233e+00	3626
4.688672444593531e-01	1.591402222257511e+00	3627
1.293906118396004e+00	-1.215832972452052e+00	3628
1.372022553851554e+00	-1.069698475007060e+00	3629
-3.982685317902477e-01	1.524851672552045e-01	3630
1.096371361869134e+00	3.878125916603045e-02	3631
-4.811776729772023e-01	6.422748976778185e-01	3632
1.060316700876201e+00	-1.697740587209240e-02	3633
1.053928333787660e+00	-1.401897201563539e-02	3634
1.127362561655983e+00	4.636558186614109e-02	3635
-2.270776813173254e-01	3.292389104033098e-03	3636
-4.174425682344607e-01	1.926628330578189e-01	3637
-4.187373496901643e-01	-1.931688346844863e-01	3638
1.036345716890164e+00	9.353605003004046e-03	3639
1.083783278402239e+00	-3.980252164605751e-02	3640
-4.390873344225952e-01	8.413690896794174e-01	3641
-2.440223414264614e-01	3.042742025711067e-02	3642
1.047643646812707e+00	-1.057264920175821e-02	3643
1.040832834228701e+00	-7.599348570611391e-03	3644
-2.120175912146784e-01	-1.242426008482102e+00	3645
-3.148977390717118e-01	1.098575394565078e+00	3646
-4.858682754450936e-01	5.563642076126446e-01	3647
-3.913804751858879e-01	9.660890262200278e-01	3648
1.018629246469774e+00	3.678407864106813e-03	3649
1.419947283480921e+00	-9.400685212414513e-01	3650
1.016066360008525e+00	-2.034367183516044e-03	3651
-4.387088788465178e-01	-2.444753782798973e-01	3652
-4.520808112282330e-01	2.900279635099217e-01	3653
-9.312959497815201e-02	-1.356000367150366e+00	3654
6.084127733780221e-02	-1.457904647665335e+00	3655
1.018502893478627e+00	-4.187891526652069e-03	3656
-4.869680588369674e-01	-5.928772366373602e-01	3657
-4.243394127476697e-01	-8.903929071406699e-01	3658
-8.580601259580838e-02	1.356928990297544e+00	3659
1.450256569264768e+00	-8.161655093751525e-01	3660
1.035047947762910e+00	-5.629574176760044e-03	3661
1.032256936173616e+00	8.505519570687237e-03	3662
1.030723157141624e+00	-4.572120250482031e-03	3663
1.028440157615354e+00	7.229043118856132e-03	3664
1.463914893921602e+00	-7.030396801590609e-01	3665
1.346743778284114e+00	2.026043354917852e-01	3666
1.465081092676285e+00	-6.053724592336756e-01	3667
1.094429953721875e+00	-3.597119219966695e-02	3668
7.255718286886658e-01	-1.576817835326253e+00	3669
1.016110881236932e+00	-2.189046597411373e-04	3670
1.060992295006335e+00	1.549365467836837e-02	3671
-2.024784354929966e-01	1.596200241522934e-02	3672
-3.765969947351011e-01	-1.100164311033019e-01	3673
-2.936155605818935e-01	-4.797702513822190e-02	3674
-3.561678003131782e-01	-7.659636060474521e-02	3675
1.315496755809471e+00	-1.662284254219175e-01	3676
1.378959605085829e+00	-2.657093289905073e-01	3677
1.409539607965086e+00	-3.331959611112268e-01	3678
1.417419464939109e+00	3.391407931569289e-01	3679
1.437221011270826e+00	-4.171927297137851e-01	3680
1.444575096181504e+00	4.239237157150826e-01	3681
1.456943823149681e+00	-5.101867479683083e-01	3682
1.463570210090066e+00	5.167866446959207e-01	3683
1.471504761746786e+00	6.206944104059562e-01	3684
1.467890989939447e+00	7.336819903901585e-01	3685
-4.355284931968024e-01	2.387935543648142e-01	3686
-4.563355979599822e-01	-2.984724849318589e-01	3687
-4.667756851458567e-01	3.475463706218797e-01	3688
1.448292853913937e+00	8.600774714397764e-01	3689
1.402081363481199e+00	1.007839164345283e+00	3690
1.307428045252035e+00	1.184380724414290e+00	3691
1.178561311440214e+00	1.380639789109648e+00	3692
1.197970687090072e+00	-7.194136537297528e-02	3693
1.251537267573572e+00	-9.109577879273206e-02	3694
1.273861918450595e+00	1.093052997665150e-01	3695
-4.782182484278045e-01	-6.812888365276552e-01	3696
-4.581780235646398e-01	-7.818841231051142e-01	3697
1.022646623194766e+00	-2.365853156629266e-03	3698
-5.548228669801417e-01	8.153814854705371e-01	3699
1.249947980799175e+00	7.929800681856973e-02	3700
-2.581576478341029e-01	1.914293978625832e-03	3701
-5.233252024241651e-01	3.024318972120861e-01	3702
1.159241194477437e+00	-1.590385952933141e+00	3703
1.140719393687854e+00	-4.093529665733997e-02	3704
8.946813353420460e-02	-1.662038178646914e+00	3705
-4.049377825497962e-01	-6.953451470141840e-02	3706
-1.003312797619742e-01	1.547572300508399e+00	3707
1.068548042563689e+00	1.972649866894029e-02	3708
-2.763484240472792e-01	2.448083878539896e-02	3709
-3.753930148992659e-01	1.247797555778575e+00	3710
1.195198711393714e+00	5.955461554276789e-02	3711
1.407419295004321e+00	-2.136420481053599e-01	3712
6.076412411419534e-01	-1.770374863914082e+00	3713
-4.792507559872464e-01	1.949469765813025e-01	3714
-5.676863628513379e-01	5.161725532975457e-01	3715
-5.691774566429387e-01	7.054237863292208e-01	3716
-5.751880161193963e-01	-6.459777878120840e-01	3717
5.942282873131381e-01	1.779401863527284e+00	3718
3.322042470207582e-01	-1.742888581940640e+00	3719
-5.731142428995898e-01	-5.519001061139955e-01	3720
-5.484080202891298e-01	-3.857850443185269e-01	3721
-5.234186207530652e-01	9.455017278836733e-01	3722
1.018282665824743e+00	-1.178157320093007e-03	3723
1.035161285658492e+00	4.745182942549150e-03	3724
1.033859158727020e+00	-1.158853165975406e-03	3725
1.029073282115715e+00	-6.643141890200551e-04	3726
1.453281409898925e+00	2.778629521685754e-01	3727
-5.417609043635430e-01	3.673901676538771e-01	3728
1.329718963013135e+00	-1.211524212662644e-01	3729
-4.540002474648974e-01	-1.132682170307765e+00	3730
1.155592276434097e+00	1.597327789912328e+00	3731
8.878069334861972e-01	1.729045984161273e+00	3732
1.110685401311542e+00	3.451072571251455e-02	3733
-5.640830485727013e-01	-4.633157798025425e-01	3734
1.021192515981877e+00	-4.668644698261077e-03	3735
9.231341594503589e-02	1.667962417400655e+00	3736
1.068402568380429e+00	-2.090174717900677e-02	3737
-4.553343487411571e-01	1.498023759572375e-01	3738
-3.339194036698818e-01	4.429628426421203e-02	3739
-3.342176704704515e-01	-4.230331517729632e-02	3740
-2.759063142275150e-01	-2.372195708433592e-02	3741
-2.569646699166029e-01	1.401213833263912e+00	3742
-5.565676886931180e-01	4.366144717991396e-01	3743
-4.553158645374584e-01	-1.482260756945277e-01	3744
1.180375139222414e+00	-5.255718537138984e-02	3745
-5.103085468442565e-01	-9.946489192607119e-01	3746
8.986521830933083e-01	-1.722895339106866e+00	3747
-4.311879826643161e-01	1.101799196840175e-01	3748
1.048164867290900e+00	8.797195896821063e-03	3749
1.109112209199749e+00	-3.461415192173138e-02	3750
1.060743948406546e+00	7.450166339392928e-03	3751
3.242469326013993e-01	1.750368408342637e+00	3752
1.345578717219440e+00	-1.392667289027264e+00	3753
1.454433074041029e+00	-1.208112051948645e+00	3754
1.150536852126002e+00	4.388497919960001e-02	3755
1.060117574481645e+00	-9.082187013398224e-03	3756
1.080184070716999e+00	-2.938029884063671e-02	3757
1.053824981865495e+00	-6.792925624628209e-03	3758
1.041635466428011e+00	6.380936670896786e-03	3759
1.046440060100726e+00	-4.086809274709513e-03	3760
-3.697271956983337e-01	-1.276254026018813e+00	3761
-5.733731931957650e-01	6.043573333239731e-01	3762
-4.656723831897000e-01	1.097831378580626e+00	3763
1.021334198706196e+00	4.077991100667039e-03	3764
1.513536558993743e+00	-1.048674171766320e+00	3765
-5.059197547232465e-01	-2.521708694130175e-01	3766
-2.582456027669396e-01	-1.409478831398988e+00	3767
-1.077285777707077e-01	-1.544884284103080e+00	3768
1.545651969136412e+00	-9.054452453087909e-01	3769
1.039462105766545e+00	-2.185638450970738e-03	3770
1.031557343400449e+00	4.234821593465834e-03	3771
1.559885732259830e+00	-7.722784034142955e-01	3772
1.558315805464260e+00	-6.555549577093336e-01	3773
1.018311833382933e+00	6.750551977887542e-04	3774
-4.062512456656178e-01	7.262440720722642e-02	3775
-4.296945139574400e-01	-1.064447882037189e-01	3776
1.368783703650281e+00	-1.649936255676314e-01	3777
1.363337856612392e+00	1.510482251624558e-01	3778
1.447000903748567e+00	-2.757829857864453e-01	3779
1.408837114603141e+00	2.081991895990170e-01	3780
1.486472895383885e+00	-3.546507911293851e-01	3781
1.494722901094932e+00	3.607651779392650e-01	3782
1.521106433923391e+00	-4.482311656789304e-01	3783
1.528704042642610e+00	4.547032516253361e-01	3784
1.545172829728754e+00	-5.508010918206415e-01	3785
1.552494500230169e+00	5.618408000136165e-01	3786
1.565307071502204e+00	6.797758111065332e-01	3787
-5.018345675495074e-01	2.455973596776015e-01	3788
-4.816612198448274e-01	-1.979731546916088e-01	3789
-5.289035289035464e-01	-3.142072452162142e-01	3790
1.563595834191305e+00	8.126894832217860e-01	3791
1.537995425966002e+00	9.685679783340738e-01	3792
1.471715735176888e+00	1.157953589496142e+00	3793
1.367988574639655e+00	1.363444780341481e+00	3794
1.229355478220898e+00	-6.634604247946342e-02	3795
1.292040266668147e+00	-8.516685151399099e-02	3796
1.319815478228477e+00	1.050205583273011e-01	3797
-5.458159042368480e-01	-8.684448206575894e-01	3798
-5.674948158561005e-01	-7.510804053890889e-01	3799
-1.053133946054928e-01	-1.764974901187787e+00	3800
1.176139974252785e+00	3.974044997304661e-02	3801
-2.960864234628871e-01	1.600934422879374e+00	3802
-4.593939070520279e-01	-5.956557628361492e-02	3803
-6.107559089211095e-01	-3.300979153354534e-01	3804
1.132298894413606e+00	2.853005084595366e-02	3805
1.163255601060373e+00	-3.555397870172357e-02	3806
-5.435301343565982e-01	1.247350827935576e+00	3807
-6.635437540241985e-01	5.543541087453410e-01	3808
-6.707413973445699e-01	7.747891950667588e-01	3809
1.025338813475241e+00	5.065177747080890e-05	3810
1.265108613264182e+00	-5.755034093457324e-02	3811
7.776688492353478e-01	1.962868828148534e+00	3812
-3.800097297659197e-01	-3.693705476684881e-02	3813
1.079683905701681e+00	2.524253602769454e-02	3814
1.126113291097270e+00	-2.813898494263057e-02	3815
1.068641103543094e+00	1.093703310006956e-02	3816
4.375838908878040e-01	1.973404716469743e+00	3817
1.052239912680738e+00	2.496244179943174e-04	3818
-6.474210446342571e-01	-9.648582919852863e-01	3819
1.470688238618836e-01	-1.893317172803054e+00	3820
1.045568046105457e+00	2.165547769615948e-03	3821
1.020350684852554e+00	1.363539594904743e-03	3822
-3.737242490535978e-01	9.558407332484315e-04	3823
-3.118300969102820e-01	1.359051462034094e-02	3824
1.533569210120883e+00	2.891647091434666e-01	3825
1.287530189648912e+00	1.534465258781239e+00	3826
1.208066447717085e+00	-4.533768207517250e-02	3827
-6.704120563411564e-01	-5.965614565781753e-01	3828
-6.078120883814362e-01	-1.114651887371542e+00	3829
-6.555875217672075e-01	9.088328725979216e-01	3830
1.475940598886552e+00	-2.139207923609285e-01	3831
-6.682465336365651e-01	-8.301012708564873e-01	3832
1.119837267269305e+00	-1.836227122667271e+00	3833
-1.030619533711613e-01	1.767470610974327e+00	3834
1.099964451459694e+00	2.485827364224486e-02	3835
-4.406677555957744e-01	1.421256549045853e+00	3836
1.226741048120091e+00	5.458526966764218e-02	3837
4.489732682297721e-01	-1.965035337211732e+00	3838
-6.570133048920394e-01	-4.983330665365326e-01	3839
-6.178343128709362e-01	1.068804145291071e+00	3840
1.024866407140930e+00	5.264248975862555e-03	3841
1.027543364781830e+00	3.178566264638671e-03	3842
1.290426459256820e+00	7.287709271209228e-02	3843
1.382444517085654e+00	-1.137363427864560e-01	3844
-6.759863473095004e-01	-7.059258595054057e-01	3845
1.111434410765302e+00	1.843711367995913e+00	3846
-6.470254279212401e-01	4.645672627284509e-01	3847
1.020524427878430e+00	-1.108042435270471e-03	3848
1.415056632599754e-01	1.899201470459593e+00	3849
1.067898715968853e+00	-1.228965020885870e-02	3850
-3.781192899129219e-01	3.563310376897445e-02	3851
-3.023744920258664e-01	-1.133093210520692e-02	3852
-6.361732757483957e-01	-4.081379028623509e-01	3853
-6.271069210898708e-01	3.853338079605997e-01	3854
-5.193379698634387e-01	1.446885364680388e-01	3855
-5.204559173100722e-01	-1.453397737527997e-01	3856
7.870979607753015e-01	-1.955726301265993e+00	3857
-4.900379093841761e-01	1.013465339317177e-01	3858
-4.612808836028223e-01	6.297000447889575e-02	3859
1.100681261840341e+00	-2.311132539505952e-02	3860
1.091926024326423e+00	-2.278080314952909e-02	3861
1.053875699307490e+00	4.504598599870424e-03	3862
1.379790468938930e+00	-1.612036763209375e+00	3863
1.534991895451794e+00	-1.380428355368397e+00	3864
1.077929229432383e+00	-2.301241324739847e-02	3865
1.059351750203424e+00	-1.452479272696893e-03	3866
-5.400144519949448e-01	-1.279403417181231e+00	3867
-6.725016845766364e-01	6.592216143305126e-01	3868
1.617980005857512e+00	-1.178417314218469e+00	3869
-5.517803152904123e-01	-1.988801984882595e-01	3870
-5.765189715883532e-01	2.497797109673718e-01	3871
-4.367178826400666e-01	-1.445262080324326e+00	3872
-2.991229513437392e-01	-1.605973632064011e+00	3873
1.656083382407319e+00	-1.005718977237399e+00	3874
1.669326591954512e+00	-8.515855679844773e-01	3875
1.665527229766500e+00	-7.127312859650775e-01	3876
-4.888764041693145e-01	-9.867884724229156e-02	3877
1.479412286080134e+00	2.118415919109667e-01	3878
1.526103628383731e+00	-2.857667921878770e-01	3879
1.425007598609404e+00	1.483126047329025e-01	3880
1.428070535798133e+00	-1.578247450565149e-01	3881
1.575054745952248e+00	-3.753248956445546e-01	3882
1.583621146107567e+00	3.813357197590022e-01	3883
1.616484085873543e+00	-4.801934387673547e-01	3884
1.624701629249122e+00	4.891987912605872e-01	3885
1.646990533738212e+00	-5.914557009787101e-01	3886
1.655632128879174e+00	6.098581771643371e-01	3887
-5.483431142714317e-01	1.944101577612072e-01	3888
-5.821630267140859e-01	-2.589540222068243e-01	3889
-6.033601231556411e-01	3.147756556407411e-01	3890
1.673540529444380e+00	7.471387019390638e-01	3891
1.670278256531737e+00	9.096776882491443e-01	3892
1.633375750655935e+00	1.107516123353673e+00	3893
1.556630177652432e+00	1.328819120256113e+00	3894
1.337762085001441e+00	-7.526003406801891e-02	3895
1.372421315535458e+00	9.858245485788787e-02	3896
-5.080962646203854e-01	1.624144403659862e+00	3897
-7.726240696752672e-01	5.979404724183854e-01	3898
1.077346230217821e+00	1.546021250017084e-02	3899
-7.692939408284130e-01	1.020400760157118e+00	3900
1.114041526222546e+00	1.998679593287021e-02	3901
-4.255004034834429e-01	-1.770898497869137e-02	3902
1.253132707643438e+00	-1.775357090676850e+00	3903
1.204541169451523e+00	3.322497205010166e-02	3904
1.300660513526372e+00	1.731390776499998e+00	3905
1.023289029099103e+00	7.639927037764815e-04	3906
1.555297060890849e+00	-2.122285919615063e-01	3907
1.262371459314882e+00	4.581245068463009e-02	3908
-3.274554225800463e-01	-1.837879911313675e+00	3909
1.146107932795901e+00	-2.169838740556066e-02	3910
-7.228484099492590e-01	1.217640579227217e+00	3911
1.031106978038045e+00	-2.112546966839781e+00	3912
2.348017813767448e-01	2.157405802769361e+00	3913
-5.188939496168000e-01	-4.519306226485350e-02	3914
1.787875164705611e+00	-7.791081684743620e-01	3915
-6.935916017538647e-01	3.236538376099274e-01	3916
1.625651776089545e+00	2.984354719475603e-01	3917
-7.816748286612001e-01	-6.454683335172203e-01	3918
1.115552141454109e+00	-2.107216107646247e-02	3919
1.781491534367485e+00	-1.124249818278590e+00	3920
-7.865554282528198e-01	8.559616618466738e-01	3921
-4.274640781142539e-01	2.262631780873569e-02	3922
-6.604551493750844e-01	2.530946740889045e-01	3923
2.453181382003568e-01	-2.150540336314839e+00	3924
1.336875937900555e+00	6.246191871349405e-02	3925
1.495752137072802e+00	-1.488149286160878e-01	3926
-5.906727648299046e-01	1.362803659101508e-01	3927
1.486883592387526e+00	1.515453318298278e+00	3928
1.239056200324966e+00	-3.558140048186040e-02	3929
1.495153410299324e+00	1.429434422544486e-01	3930
-3.276079585646259e-01	1.833420513356133e+00	3931
-7.623640998293433e-01	-5.337455448346972e-01	3932
1.156309048121835e+00	2.308944989311950e-02	3933
-6.329054910645395e-01	1.418070165991726e+00	3934
1.022744269734390e+00	2.119903599749857e+00	3935
6.156062565224066e-01	2.202381248392029e+00	3936
-7.848411883201011e-01	-9.168589592606394e-01	3937
-7.601374058603994e-02	-2.019378877810761e+00	3938
1.187681713929967e+00	-2.821206234078040e-02	3939
-7.634690958437372e-01	-1.075431271298352e+00	3940
1.305297685672318e+00	-4.612585249991862e-02	3941
-7.903300413748929e-01	-7.751264325244813e-01	3942
-8.148993050753785e-02	2.021547541540829e+00	3943
1.089554080991494e+00	1.445226976156827e-02	3944
-7.501932326006622e-01	4.920482163874492e-01	3945
1.067105713751375e+00	-4.004845880432111e-03	3946
-7.360643402502590e-01	-4.323126835631582e-01	3947
-7.249227094199490e-01	4.028674990708357e-01	3948
-7.035399430141821e-01	-3.427935821201510e-01	3949
6.243808379592690e-01	-2.194563659315091e+00	3950
-5.555154341153835e-01	8.851706404389431e-02	3951
-5.208184634235475e-01	4.815008566524391e-02	3952
1.067661171683253e+00	1.945960355392877e-03	3953
1.607251776602626e+00	-1.597094095305719e+00	3954
1.076866331469186e+00	-1.606318887056702e-02	3955
-7.163553773467374e-01	-1.255395254450332e+00	3956
-7.852983509004804e-01	7.188672650217068e-01	3957
1.726831771184724e+00	-1.341536518537237e+00	3958
-6.307141393912166e-01	-1.964413286339115e-01	3959
-6.341500094895318e-01	-1.452856603134755e+00	3960
-5.059815322460973e-01	-1.643578394535258e+00	3961
1.795929727463340e+00	-9.403719411479963e-01	3962
-5.552594830832435e-01	-8.753656426605776e-02	3963
1.617288184901088e+00	-2.943599909839538e-01	3964
1.560529500013229e+00	2.122648371396733e-01	3965
1.440470504533916e+00	-9.962368087658004e-02	3966
1.675997038553971e+00	-3.963151483413815e-01	3967
1.685178372043005e+00	4.040152744702047e-01	3968
1.725897960785954e+00	-5.102463787519553e-01	3969
1.735659076445236e+00	5.246226769564269e-01	3970
1.764058869327624e+00	-6.358555186713010e-01	3971
-6.256678977229827e-01	1.898308500898599e-01	3972
-5.929442705309997e-01	-1.386287230099874e-01	3973
-6.680692042725607e-01	-2.655032699775305e-01	3974
1.774781771311726e+00	6.636564115534760e-01	3975
1.795675320956669e+00	8.303805228096834e-01	3976
1.788976834165330e+00	1.033558859473722e+00	3977
1.743498788566609e+00	1.268900580039639e+00	3978
1.388807121682788e+00	-6.144151545195728e-02	3979
1.432260368908609e+00	8.762171443904677e-02	3980
-7.301313382288542e-01	1.618243473417648e+00	3981
-8.331052342908792e-01	1.387868198697745e+00	3982
-8.960853576264333e-01	1.154638038355530e+00	3983
-3.332229242128667e-01	-2.110613766744801e+00	3984
1.294953039293314e+00	2.007269191806829e+00	3985
1.140533085444656e+00	9.594964978843375e-03	3986
-5.728653848460650e-01	1.863060470687386e+00	3987
1.129041205713987e+00	-1.241919714095062e-02	3988
-4.803011235043327e-01	-2.031646964524052e-03	3989
1.918609048671339e+00	-1.274559747773205e+00	3990
1.389427300824846e+00	4.898042300269642e-02	3991
1.214688717194520e+00	-1.726452114093974e-02	3992
-8.338871467617145e-01	4.201615796044716e-01	3993
1.182202277515916e+00	1.559418697736746e-02	3994
1.168154116927077e+00	-1.333357136777863e-02	3995
1.274145931016025e+00	-2.189233927061177e-02	3996
-7.124437432607675e-01	1.832200123889060e-01	3997
-8.827489610836368e-01	-5.702351290480173e-01	3998
3.957645149123509e-01	2.434237247989503e+00	3999
-1.840898858633109e-02	2.312136619705326e+00	4000
1.940989939101410e+00	-1.044545261273107e+00	4001
1.075834962060326e+00	-5.324810086127040e-03	4002
-6.867056568904116e-03	-2.309005411350344e+00	4003
1.490336584557695e+00	-1.808327015956393e+00	4004
-5.690189631231540e-01	-1.880480980652938e+00	4005
8.789027220124035e-01	-2.407900237698707e+00	4006
1.721612376792842e+00	-3.024370490016144e-01	4007
-5.847564526043582e-01	-2.515515933465848e-02	4008
1.646809244349678e+00	-2.079122590746063e-01	4009
1.102944638268763e+00	1.111153293155147e-02	4010
1.106457428705652e+00	-9.597816987367485e-03	4011
1.235682091989183e+00	2.402494731294220e-02	4012
1.079723207097994e+00	5.329878137183990e-03	4013
1.302540109471763e+00	3.390675454226240e-02	4014
1.129368163395920e+00	1.089499428883107e-02	4015
1.929327611264597e+00	-8.531289737404965e-01	4016
-9.083987084033645e-01	-7.018890552849141e-01	4017
1.730984557224000e+00	3.082094010714724e-01	4018
-9.181659465629499e-01	9.531095030307783e-01	4019
-8.960504770755309e-01	6.462156198273132e-01	4020
-8.488018359601843e-01	-4.569713620099342e-01	4021
1.350135916604854e+00	-3.004105612039797e-02	4022
1.506086692622709e+00	-8.185918609836736e-02	4023
-8.089611355750602e-01	-3.549194556624528e-01	4024
-7.955042980673604e-01	3.291277838482621e-01	4025
1.540377964121837e+00	1.748946465134027e+00	4026
1.653519558560242e+00	2.092609603845607e-01	4027
-3.401916042797756e-01	2.105737267046314e+00	4028
-8.677400578844426e-01	5.225196450397415e-01	4029
8.713614452642131e-01	2.415270816836181e+00	4030
-9.206549193892055e-01	-8.509138543743744e-01	4031
-9.185026480517344e-01	-1.015375068106537e+00	4032
-5.861550918335564e-01	2.692578334886567e-02	4033
4.052161015507433e-01	-2.427354472254967e+00	4034
-6.276683441408418e-01	7.208672373321162e-02	4035
-8.942727322549550e-01	-1.205601855883257e+00	4036
-9.145953210636431e-01	7.863726675016693e-01	4037
1.836612638976598e+00	-1.549012000688725e+00	4038
-7.648880328119971e-01	-2.676181272886973e-01	4039
-8.370389909144389e-01	-1.421269341604866e+00	4040
-7.319764592775685e-01	-1.656786720681860e+00	4041
-6.738204044954937e-01	-1.268050159163908e-01	4042
1.575209982780656e+00	1.325143931936580e-01	4043
1.573533670581696e+00	-1.357507399774934e-01	4044
1.693708612095429e+00	1.472413274687232e+00	4045
1.791371580880288e+00	-4.139329382375919e-01	4046
1.802128359396150e+00	4.255068442747458e-01	4047
1.851363851474255e+00	-5.409730935107072e-01	4048
-6.285280330221604e-01	-7.271178585612004e-02	4049
-6.699393352551128e-01	1.225766926553020e-01	4050
-7.200132693822167e-01	-1.925389881793766e-01	4051
-7.546366479330624e-01	2.518663099378289e-01	4052
1.863777446365768e+00	5.631422099674740e-01	4053
1.897807398614722e+00	-6.874579273806033e-01	4054
1.910456186141662e+00	7.308536762639043e-01	4055
1.934923683533275e+00	9.361250927793729e-01	4056
1.924421030572317e+00	1.181148753010629e+00	4057
1.444480718618274e+00	-4.048581770930904e-02	4058
1.500415406456674e+00	7.316471213019786e-02	4059
1.219730294207958e+00	2.340527398436534e+00	4060
1.244722600365758e+00	-3.317464563393731e-03	4061
-1.051921330900452e+00	-7.648836072978761e-01	4062
-8.308710782187430e-01	1.856307997531775e+00	4063
6.455251365009911e-01	2.711369359068434e+00	4064
1.343089017816983e+00	-2.003030774682384e+00	4065
-6.252802997844558e-01	2.146753497056399e+00	4066
1.160030336814974e+00	2.747676050784441e-03	4067
1.191720161196991e+00	-2.383342152917771e+00	4068
1.313233097198530e+00	-5.078988774965312e-03	4069
1.270491083356863e+00	1.036717102698048e-02	4070
1.210319837420370e+00	5.484451006942878e-03	4071
-6.199409225430258e-01	-2.168401472276897e+00	4072
1.746902948136302e+00	-1.787788732181228e+00	4073
1.449351538170613e+00	2.989269839087304e-02	4074
-1.066800320958049e+00	1.071577731560556e+00	4075
1.348362393228018e+00	1.711407079693217e-02	4076
1.145479913469435e+00	-2.687520223336681e-03	4077
-9.578251690795336e-01	4.359570583032673e-01	4078
1.578970495817038e+00	2.030428709663250e+00	4079
-6.577145276919615e-01	-3.872720616084331e-04	4080
-8.309493992762477e-01	-1.899899775051533e+00	4081
1.398974582819096e+00	-9.269450201627498e-03	4082
1.666770364452075e+00	1.169756161549984e-01	4083
1.851823783025348e+00	3.146954094504931e-01	4084
-9.103369553402574e-01	3.342899381091161e-01	4085
-9.589072913572703e-01	1.582639924436800e+00	4086
-1.034678412107952e+00	1.317456996012167e+00	4087
-1.037416413719110e+00	6.989042644639217e-01	4088
1.760228702766516e+00	2.050872635184932e-01	4089
2.063476217566485e+00	-1.467596598113672e+00	4090
1.663069719766679e+00	-1.184289511938978e-01	4091
1.191818416103438e+00	-2.789591905979285e-03	4092
-9.278777122314409e-01	-3.670704019643463e-01	4093
-1.020159201793292e+00	-6.115669356956649e-01	4094
1.106160573183741e-01	2.639707860929194e+00	4095
2.104166969156405e+00	-1.176786912947044e+00	4096
1.085894698103550e+00	-9.745601438989159e-03	4097
-3.046645747874921e-01	-2.431185104734508e+00	4098
1.225128337484263e-01	-2.635196188114712e+00	4099
6.538681471891711e-01	-2.704266087777369e+00	4100
1.116686611640022e+00	5.296155373895307e-03	4101
1.092578919381220e+00	2.160591615305775e-03	4102
2.092187132759987e+00	-9.395233106592961e-01	4103
1.901668144585698e+00	1.398156200520986e+00	4104
1.751977107802312e+00	-2.018320710154378e-01	4105
-8.744348619030018e-01	-2.668591272245249e-01	4106
-3.197688016880557e-01	2.428769306548948e+00	4107
-1.000633235189048e+00	5.572348116108972e-01	4108
-9.770707513470798e-01	-4.800235779903089e-01	4109
-1.062313848446189e+00	8.667581119213951e-01	4110
-1.070495503204997e+00	-9.349109188742813e-01	4111
-1.070435050226990e+00	-1.131180566466386e+00	4112
-7.588923508570052e-01	1.053218713323620e-01	4113
-8.601048754115090e-01	2.454619633352237e-01	4114
-1.041172608187250e+00	-1.359822707740858e+00	4115
-9.716859375741800e-01	-1.622342003472994e+00	4116
1.580628218808946e+00	-5.808273036672898e-02	4117
1.792364261916529e+00	1.707063613887684e+00	4118
1.840655637561489e+00	-3.058090532786211e-01	4119
1.923302707357712e+00	-4.295720499871782e-01	4120
-7.095440017159105e-01	-5.067162551239152e-02	4121
-7.071154318764679e-01	4.838074045694146e-02	4122
-7.650257672125178e-01	-1.115884655453600e-01	4123
-8.197620794438366e-01	-1.836423699531715e-01	4124
-8.093811638870140e-01	1.708360334683588e-01	4125
1.936939158780459e+00	4.472987875720804e-01	4126
1.994785240014100e+00	-5.763346521838120e-01	4127
2.010654842524574e+00	6.121651173843302e-01	4128
2.052278808940164e+00	-7.441381050274272e-01	4129
2.067207739270181e+00	8.157660546922241e-01	4130
2.094383857622498e+00	1.065134187020942e+00	4131
1.506877832328131e+00	-1.453279104910099e-02	4132
1.577595962362587e+00	5.221398115465985e-02	4133
-6.560505818014265e-01	2.487109699164250e+00	4134
1.878755507695418e+00	1.995401173160049e+00	4135
2.248102198823824e+00	9.217114160211581e-01	4136
-1.230618207747112e+00	9.656735708331641e-01	4137
-1.231314076562338e+00	1.218306603039779e+00	4138
-1.199286360836312e+00	7.607579325746701e-01	4139
1.976493997965237e+00	-3.048483395288576e-01	4140
-1.175661887580427e+00	-6.590957615537987e-01	4141
-1.062573070064603e+00	-3.753838923371476e-01	4142
-1.216579026985436e+00	-8.327298725890339e-01	4143
3.368666712338474e-01	2.985738033685627e+00	4144
1.882335187807289e+00	1.956170867123958e-01	4145
1.031515224416600e+00	-2.710903483583331e+00	4146
3.480413217812715e-01	-2.980029374695842e+00	4147
1.990773326489057e+00	3.186642584240850e-01	4148
-9.789143641278580e-01	2.368307259417021e-01	4149
-9.270843095259599e-01	2.142796705639135e+00	4150
-1.105326236574887e+00	-1.864421618212029e+00	4151
-1.095871194427489e+00	1.813821150838710e+00	4152
1.616608041448383e+00	-2.031032944787013e+00	4153
-9.223609203537065e-01	-2.188801635093534e+00	4154
1.871947339411996e+00	-1.896549912447882e-01	4155
2.103478116184908e+00	1.290381832938141e+00	4156
2.092262389534769e+00	4.763218905185070e-01	4157
1.051997774084604e+00	2.701360175734327e+00	4158
1.496655010555893e+00	-2.285528801042676e+00	4159
1.416860193691428e+00	2.258349882961679e+00	4160
-9.986042582356007e-01	-2.647770595031511e-01	4161
-1.190488499164845e+00	1.505650998655923e+00	4162
2.007283810638443e+00	-1.725576546290288e+00	4163
-1.039970833644851e+00	3.356351813469632e-01	4164
-1.123351446369541e+00	-5.047267929574377e-01	4165
-1.152479636428505e+00	5.934644618362220e-01	4166
2.282397459366636e+00	-1.350208959552939e+00	4167
-6.369112518280028e-01	-2.509248819542554e+00	4168
-2.183259058116103e-01	-2.799669774790546e+00	4169
2.278448234224042e+00	-1.049292230923525e+00	4170
1.772126097244219e+00	9.841168695169560e-02	4171
1.766383739051816e+00	-9.765571051882026e-02	4172
-2.341040581984138e-01	2.799392153013410e+00	4173
-1.098972557013685e+00	4.543332424479649e-01	4174
-1.241774233044559e+00	-1.032912295811117e+00	4175
-7.971998473348505e-01	-6.634699256228867e-03	4176
-1.242464160828995e+00	-1.269215701238483e+00	4177
-1.206846401157968e+00	-1.543987727529350e+00	4178
1.657688710111891e+00	-1.188226889378100e-03	4179
-9.319038869960528e-01	-1.693136751900639e-01	4180
-9.173703641008341e-01	1.518952232960916e-01	4181
-8.661209053860118e-01	-9.138087368360297e-02	4182
-8.568606856216299e-01	8.189327382776866e-02	4183
2.074210636197618e+00	-4.470911381396767e-01	4184
2.041681740009923e+00	1.620738115695199e+00	4185
2.160104222527766e+00	-6.136702530894939e-01	4186
2.181529385193248e+00	6.738883470048267e-01	4187
2.230542355382559e+00	-8.097272543650100e-01	4188
1.731108764117035e+00	2.276438227441788e+00	4189
-1.138108195485023e+00	-2.576956294997836e-01	4190
-1.405160394833686e+00	-9.104992410034143e-01	4191
7.171071753857942e-02	3.006906987333086e+00	4192
2.280989449290104e+00	1.493921628116035e+00	4193
-1.013589122929702e+00	2.490079291684032e+00	4194
-1.058975780599801e+00	-1.513591826944189e-01	4195
2.022492625234303e+00	1.809393885948201e-01	4196
7.792229528864835e-01	-3.058895324483538e+00	4197
1.788303331214327e+00	-2.268161871248933e+00	4198
-1.419094507554973e+00	1.091608273141330e+00	4199
8.899470188069125e-02	-3.002721428485535e+00	4200
1.398244405702765e+00	-2.634775734650265e+00	4201
2.007758714834413e+00	-1.717051175711736e-01	4202
-6.294734454910066e-01	2.892824378591880e+00	4203
7.840173533451388e-01	3.061711743862131e+00	4204
2.436345665650077e+00	-8.933590564358810e-01	4205
-1.187382434697435e+00	3.363429736959526e-01	4206
-1.112567606529345e+00	2.224435100228892e-01	4207
2.151419083217516e+00	3.262976414926124e-01	4208
2.292055321322664e+00	1.149165270522708e+00	4209
-1.417253267354586e+00	1.391487405223634e+00	4210
-1.326359616766215e+00	6.350560807172189e-01	4211
2.132047914734072e+00	-3.029057216514990e-01	4212
-1.353532091169684e+00	-7.086368625788985e-01	4213
-1.384705171989279e+00	8.373502123646493e-01	4214
-1.037989287581820e+00	1.291651388849264e-01	4215
-1.245753142043103e+00	2.098818131308938e+00	4216
1.910311607799119e+00	-2.001375994491291e+00	4217
-1.241843685488974e+00	-2.155135701966155e+00	4218
1.862804881285710e+00	-1.549180787245428e-03	4219
1.884397050755270e+00	-6.937347899856033e-02	4220
2.350963578073233e+00	-6.559963604669533e-01	4221
-1.363488137480327e+00	1.727615363213317e+00	4222
-1.290081193564178e+00	-5.340829327231394e-01	4223
2.264722183157059e+00	-1.622723329620200e+00	4224
-9.936247663887378e-01	-2.539638261024195e+00	4225
-6.051840339685026e-01	-2.910523386514542e+00	4226
2.487102258777198e+00	-1.197232275456545e+00	4227
1.892373744240659e+00	7.242099321294203e-02	4228
-1.259000148373924e+00	4.726482491592402e-01	4229
-1.215771054887336e+00	-3.821493171608636e-01	4230
-1.389760022011190e+00	-1.778118152186270e+00	4231
-1.436986072208527e+00	-1.150335067611630e+00	4232
-1.437549889400139e+00	-1.434061060751103e+00	4233
-9.787879914484229e-01	-6.280714608922532e-02	4234
-9.651331566580542e-01	4.935718003963896e-02	4235
-9.063496924902243e-01	-2.249556294504557e-03	4236
2.247750764832568e+00	-4.632680443511387e-01	4237
2.273519508591926e+00	5.129141427225944e-01	4238
2.380231125119260e+00	7.528936727158124e-01	4239
1.659590988029992e+00	-2.552712430080403e+00	4240
2.039306881606497e+00	2.258335430251579e+00	4241
5.012755826385474e-01	3.373059313473844e+00	4242
-1.296020185690554e+00	-2.454305494413850e-01	4243
-1.569704975940298e+00	-2.066168854099647e+00	4244
5.001505775521389e-01	-3.368064202871334e+00	4245
1.190522466505300e+00	3.083390733135695e+00	4246
-1.633517294447252e+00	1.243002659902294e+00	4247
-2.846162168318891e-01	-3.179671372299642e+00	4248
2.671281713631829e+00	-1.010451026192773e+00	4249
-1.621004966060436e+00	-1.003741152880719e+00	4250
1.229642190412730e+00	-3.035330776138193e+00	4251
1.557837369818038e+00	2.539415918431156e+00	4252
2.511656809972350e+00	-1.477801370389625e+00	4253
-1.526079182323025e+00	6.870596823513493e-01	4254
-1.479053174672594e+00	-5.640329956373283e-01	4255
2.224180313911214e+00	1.832176886394906e+00	4256
-1.596042442809703e+00	9.383066094507423e-01	4257
-3.120095809784462e-01	3.176640764251191e+00	4258
2.092052514616589e+00	-2.246236180866841e+00	4259
-1.626069132255442e+00	1.597427027902059e+00	4260
-1.383199697274853e+00	2.445137246025316e+00	4261
-8.322183091310714e-01	2.793747174530779e+00	4262
2.207606628185404e+00	-1.920970071290819e+00	4263
-1.390807721771262e+00	-3.904997470012148e-01	4264
-1.442065644291687e+00	4.919002977280886e-01	4265
-1.264125169531310e+00	2.043472700216818e-01	4266
-1.201058928101509e+00	-1.280401161674152e-01	4267
2.447944257715611e+00	-4.802648865795064e-01	4268
2.338982020119426e+00	3.363461969150774e-01	4269
2.570846025798561e+00	-7.111275849126680e-01	4270
2.503655049348087e+00	1.327983450889249e+00	4271
2.184905758550399e+00	1.662756890073321e-01	4272
2.164322036940820e+00	-1.480937757822109e-01	4273
-1.557164970041744e+00	-7.639309898079796e-01	4274
-1.172919998463549e+00	9.763575222585946e-02	4275
-1.095954581960647e+00	-9.471957695721374e-03	4276
2.024180533524357e+00	2.215195949332521e-03	4277
-1.556511997118359e+00	1.993323930944958e+00	4278
-1.369800056921493e+00	-2.510116803869117e+00	4279
-1.025851418259714e+00	-2.962380878205611e+00	4280
-1.354170296845283e+00	3.356427492149351e-01	4281
-1.655338108837694e+00	-1.639572263149830e+00	4282
-1.659451133706019e+00	-1.291629539749160e+00	4283
2.310566082889672e+00	-2.962666648094927e-01	4284
2.485573551015864e+00	5.618829819370768e-01	4285
2.460556836843217e+00	9.760339782716455e-01	4286
9.697057250508855e-01	-3.437025109402230e+00	4287
1.893263442872476e+00	2.558999439063212e+00	4288
2.553098303498588e-02	3.420378235740541e+00	4289
-1.860814918861720e+00	1.842888362331881e+00	4290
1.621950489939207e+00	-2.888794658704914e+00	4291
-1.835570029944186e+00	1.063581405447739e+00	4292
-1.790700618969155e+00	-8.300321630354917e-01	4293
1.974906850667142e+00	-2.536924445778726e+00	4294
-7.227301906213596e-01	-3.302175992971808e+00	4295
5.548187069413994e-02	-3.416115413192325e+00	4296
-1.325613028622955e+00	5.937659021665398e-02	4297
2.382788485830370e+00	2.153494220283584e+00	4298
2.516227795972275e+00	-2.862048294020505e-01	4299
2.513367309288935e+00	1.652062780298558e+00	4300
-1.889478780788350e+00	-1.908417976854213e+00	4301
-1.471619468514563e+00	-2.944590894884282e+00	4302
-1.544111210463098e+00	3.316169709560159e-01	4303
2.374304271914415e+00	1.489142488475094e-01	4304
2.740245050281857e+00	-1.291684810576389e+00	4305
-1.876499030291223e+00	1.425522759118667e+00	4306
9.433652853084498e-01	3.452751169379269e+00	4307
2.344120886455344e+00	-1.172267380504491e-01	4308
-1.868050125847498e+00	-1.117144459566428e+00	4309
1.414244074530471e+00	2.786504978870246e+00	4310
-1.217874296813403e+00	2.795135404622579e+00	4311
2.412309764223421e+00	-2.177177739307893e+00	4312
2.499875198407965e+00	-1.792053859692807e+00	4313
-1.652655356546558e+00	5.169129046717853e-01	4314
-1.589164259024416e+00	-3.986826601147363e-01	4315
-1.434995017825230e+00	1.836156811499234e-01	4316
-1.476316985529088e+00	-2.309695895618778e-01	4317
-1.360897500501922e+00	-9.569561392426920e-02	4318
2.827344297398450e+00	-7.917053206629141e-01	4319
2.559331133571283e+00	3.530867015018306e-01	4320
2.678909660654877e+00	-5.056041185582728e-01	4321
-1.694983850182596e+00	-5.947236961804786e-01	4322
-1.756001732636453e+00	7.584431366711236e-01	4323
-1.755680011750780e+00	2.329057469702123e+00	4324
-1.755307958337068e+00	-2.416732545519989e+00	4325
-1.911520551264449e+00	-1.468518915897721e+00	4326
-1.240709314406914e+00	-3.246562313885733e-02	4327
2.602358423438628e+00	7.738601998585838e-01	4328
2.702453281064905e+00	1.124557102060076e+00	4329
6.773028249164178e-01	-3.797894808198266e+00	4330
3.201862735443924e-01	-3.785668598712608e+00	4331
-3.663225899758554e-01	3.607463136454571e+00	4332
1.476239512620156e+00	-3.361374550084584e+00	4333
2.950207415184455e+00	-5.464954190149792e-01	4334
-2.118245444059260e+00	2.153148403239220e+00	4335
3.028962628723574e-01	3.790771374089271e+00	4336
6.512920094026488e-01	3.806680423771467e+00	4337
-1.636017231001214e+00	2.733242512600563e+00	4338
-1.930317044734858e+00	-2.851057557602578e+00	4339
-1.520198915104173e+00	-2.035338506510845e-02	4340
-2.151462099181858e+00	1.644946345910246e+00	4341
2.267350186979474e+00	2.515098401967143e+00	4342
-7.063986821159155e-01	3.298520332033867e+00	4343
2.315401710842206e+00	-2.505076685849458e+00	4344
-1.208483682237321e+00	-3.352972026465647e+00	4345
1.707014367223860e+00	2.857388549449409e+00	4346
-1.023731913494519e+00	3.139273376154743e+00	4347
-3.667234898665401e-01	-3.609443198958786e+00	4348
2.942969126294602e+00	-1.065962607080877e+00	4349
-1.896489097860595e+00	5.554632712246730e-01	4350
-2.018026542002681e+00	8.531025005339562e-01	4351
-1.680561931987466e+00	-2.152237248921736e-01	4352
2.597492177415254e+00	1.321409405357559e-01	4353
1.386691543709835e+00	3.481343845646204e+00	4354
-2.109325588536306e+00	1.215990553237445e+00	4355
-2.202326646804925e+00	-1.703548723160553e+00	4356
2.550911515869591e+00	-7.894175001382317e-02	4357
-2.058855261040938e+00	-9.116633106692157e-01	4358
-2.136793048096940e+00	-2.245578651173766e+00	4359
2.248287086986865e+00	1.024895364900630e-02	4360
1.571697705705847e+00	3.137191706404084e+00	4361
2.738766568553344e+00	-2.049127008061430e+00	4362
2.778079971700337e+00	-1.614071212850068e+00	4363
-1.762274221558323e+00	3.282306639122324e-01	4364
-1.628621785230065e+00	1.550145239733485e-01	4365
2.711205491751352e+00	5.469348609986546e-01	4366
2.766946706923249e+00	1.439121390249638e+00	4367
2.754205393236181e+00	-2.798703584136203e-01	4368
-1.814936257653498e+00	-4.032684404186431e-01	4369
-1.942731511169968e+00	-6.309515308052296e-01	4370
-2.150515110876212e+00	-1.260495904812732e+00	4371
2.720737056470381e+00	1.973169249631924e+00	4372
2.869796019840569e+00	8.867283131560660e-01	4373
-1.457614452695057e+00	3.132544328946310e+00	4374
1.216779160789426e+00	-3.841820755369656e+00	4375
1.890811185394802e+00	-3.231422291322865e+00	4376
1.954532420733394e+00	3.149158416915075e+00	4377
-8.659760964097577e-01	-3.743946528862591e+00	4378
2.097486147785466e+00	2.869512844254467e+00	4379
3.110795758469986e+00	-8.046873831334436e-01	4380
-1.418913642208270e-01	-3.837809495262598e+00	4381
1.815404061707345e+00	3.489397260048444e+00	4382
4.570158215282188e-01	4.240611592350008e+00	4383
2.679392006035594e+00	-2.417871549783777e+00	4384
-2.227827050049168e+00	-6.773025927229168e-01	4385
-2.387983658149874e+00	-2.669284452791142e+00	4386
-1.724392347728897e+00	-3.320145241547317e+00	4387
2.420741112960185e+00	4.042658442970171e-02	4388
-1.912419814777219e+00	-1.914740803492495e-01	4389
2.775806841511321e+00	-2.664852251847819e-02	4390
2.103876906796308e+00	-2.895381616879732e+00	4391
1.130197369789008e+00	3.888350059289006e+00	4392
-2.421391894274469e+00	1.401959693282693e+00	4393
-2.504222416451925e+00	-2.015039846873256e+00	4394
3.033996305437557e+00	-2.795680405319065e-01	4395
2.996155352557781e+00	6.204454018334831e-01	4396
4.837609672574308e-01	-4.233921509997669e+00	4397
-2.058556706647067e+00	2.589749694557565e+00	4398
5.395277456186844e-03	3.881542299158283e+00	4399
-2.459298815646191e+00	1.920352445526907e+00	4400
-8.065263720668205e-01	3.750408375901662e+00	4401
-1.038676388949336e+00	3.565152956813342e+00	4402
-2.318880395172974e+00	9.703836492365718e-01	4403
2.781523883608146e+00	3.010841865701135e-01	4404
-2.473801162986428e+00	-1.447216057578965e+00	4405
3.057828076418997e+00	-1.858822274892540e+00	4406
3.032958696489005e+00	-1.388031719263862e+00	4407
-1.850505956761719e+00	1.219275544439500e-01	4408
-1.728533759705212e+00	-2.811116045160145e-02	4409
2.659740207368270e+00	2.381797958582326e+00	4410
2.813077230930563e+00	1.752765696858407e+00	4411
-2.015386555247382e+00	3.319553723340344e-01	4412
-2.073461898259440e+00	-4.077687789089400e-01	4413
-2.176758425199774e+00	6.146591937981357e-01	4414
-2.367243148636769e+00	-1.017022993600643e+00	4415
2.986041617231582e+00	1.189300114734526e+00	4416
-1.425035917129665e+00	-3.793022205086069e+00	4417
1.602690406589793e+00	3.901796703507943e+00	4418
-2.556989127299191e+00	-7.406354065721559e-01	4419
5.927445454667270e-02	-4.208541326300638e+00	4420
-2.310199562880877e+00	3.510581100196856e-01	4421
-1.544618729398721e+00	3.636069175606259e+00	4422
3.050873628044283e+00	-2.259734763239724e+00	4423
-2.108013112012779e+00	8.943840317541993e-02	4424
-1.935013049051879e+00	3.054085108631420e+00	4425
9.966545058907672e-01	-4.201260102548692e+00	4426
-2.828846125650303e+00	-2.410264339022656e+00	4427
2.353759947635364e+00	3.176382300610926e+00	4428
-2.467765487949344e+00	2.375019600469589e+00	4429
-5.595220172744386e-01	-4.024664878432594e+00	4430
1.754317102599150e+00	-3.734509212247468e+00	4431
-4.449689750105296e-01	4.090637938199714e+00	4432
-2.775328896663338e+00	1.636729469591029e+00	4433
-2.256170179602107e+00	-3.193844968341054e+00	4434
3.010606407296017e+00	2.224818326662669e+00	4435
-2.177406298523042e+00	-1.621915868848458e-01	4436
-2.836261256250751e+00	-1.712537731805449e+00	4437
3.237522779196749e+00	-5.138113993309694e-01	4438
3.075746288604843e+00	1.525603263828003e+00	4439
2.531358285352395e+00	2.803760151840341e+00	4440
2.249858801969544e+00	3.467942635508765e+00	4441
8.926582758633715e-01	4.251625068102427e+00	4442
2.313261145917462e+00	-3.264129706775153e+00	4443
2.545634543046367e+00	-2.828615809037922e+00	4444
-2.500028296413416e+00	6.917693878828178e-01	4445
3.163951651315269e+00	9.036337405817160e-01	4446
-2.720231760147597e+00	-1.157858783575878e+00	4447
3.029865550780263e+00	7.194025577581620e-02	4448
3.079175728266870e+00	3.324292047642252e-01	4449
-2.663845954334310e+00	1.116452724470284e+00	4450
3.355556029260166e+00	-1.607143117454467e+00	4451
3.255051460148850e+00	-1.116569475947944e+00	4452
-2.371055495727976e+00	-4.162346792922532e-01	4453
-4.296457647440436e-02	4.416198893801339e+00	4454
-2.022006233139775e+00	-3.740838204415070e+00	4455
2.071885288841158e+00	-3.647065124379111e+00	4456
-2.779452478993454e+00	-2.969338620282641e+00	4457
-2.410477851016976e+00	2.874879655811501e+00	4458
6.623012660904367e-01	4.741724321339213e+00	4459
-1.062808972418128e+00	-4.221144513486869e+00	4460
-3.125868818562857e+00	-1.362511151947906e+00	4461
3.143594216091792e+00	1.870620858682920e+00	4462
1.539155634223504e+00	-4.246647701210192e+00	4463
1.379858771324717e+00	4.343253354116897e+00	4464
-3.862383362955722e-01	-4.575454280993661e+00	4465
3.411621135434179e+00	-2.027575267493058e+00	4466
2.423408819013859e-01	-4.711638004169293e+00	4467
3.293251393123037e+00	5.880456410053171e-01	4468
3.311132761658232e+00	1.239287660803716e+00	4469
-2.715400881456575e+00	-4.343244173198082e-01	4470
-9.381985066601954e-01	4.252482573038652e+00	4471
-2.100405095393440e+00	3.587027858760959e+00	4472
7.718337480836975e-01	-4.710538145298586e+00	4473
-2.923677259186142e+00	-2.141831084196764e+00	4474
2.071549460331102e+00	3.896464641723885e+00	4475
-2.849538226029559e+00	2.095859164337567e+00	4476
-2.395744031897563e+00	4.718564075879240e-02	4477
2.957112504108864e+00	2.659441021254389e+00	4478
2.792675368588531e+00	3.156506059099342e+00	4479
2.690354980104965e+00	3.460195212488746e+00	4480
2.776963538981220e+00	-3.232060304472627e+00	4481
2.980714238956796e+00	-2.700358372995690e+00	4482
-3.058656349010882e+00	1.303982277515378e+00	4483
3.305357040773691e+00	-1.635184631785785e-01	4484
3.300706800162090e+00	1.561633955516538e-01	4485
-2.937626177688716e+00	-8.322441821166813e-01	4486
-2.872601825662972e+00	7.920107018247794e-01	4487
3.618435968693949e+00	-1.297740873752657e+00	4488
3.434079893605703e+00	-8.050451462502168e-01	4489
-2.482385251954293e+00	-1.304959999886506e-01	4490
-2.649456131359422e+00	3.852602013305697e-01	4491
-3.273559749290604e+00	-1.816567744321662e+00	4492
1.877253308255283e+00	4.349270834215241e+00	4493
-2.633672784951000e+00	-3.577615340952285e+00	4494
-2.667670649088334e+00	3.410484340100404e+00	4495
1.042277958761541e+00	4.795637872414297e+00	4496
-1.688570668026502e+00	-4.281287823954503e+00	4497
3.428639076530398e+00	1.608847769296395e+00	4498
-5.457485045117338e-01	4.634910730692229e+00	4499
-3.197787775046395e+00	1.760209936837170e+00	4500
2.562915302983949e+00	-3.675684028124280e+00	4501
1.289181447521397e+00	-4.693428132266075e+00	4502
-1.230392969493158e+00	4.037023750939092e+00	4503
-1.863455520681552e+00	4.075976127453939e+00	4504
-3.042294619551884e+00	4.343336054899977e-01	4505
2.524421438079173e+00	3.878637257430375e+00	4506
3.579379243266928e+00	3.778402053836096e-01	4507
3.560800293335054e+00	-4.441275869867286e-01	4508
-2.870209612346885e+00	2.615660033310515e+00	4509
3.499271254994033e+00	9.039892057224090e-01	4510
-9.629535365575237e-01	-4.854406597154100e+00	4511
3.744330991360289e+00	-1.723512984200122e+00	4512
-1.858139361388265e-01	-5.170458809713364e+00	4513
8.763681966490047e-02	5.059358247330242e+00	4514
5.084881844859438e-01	-5.258722700842568e+00	4515
3.402632776511247e+00	2.170051880598398e+00	4516
3.351191788380456e+00	2.486857979265142e+00	4517
3.258428765077569e+00	3.034425712143408e+00	4518
3.154125984263662e+00	3.447006150132297e+00	4519
3.262293555429850e+00	-3.113325655319247e+00	4520
3.410053784835737e+00	-2.496651451673629e+00	4521
-3.376917059134185e+00	-9.748832617563228e-01	4522
-3.301954717670943e+00	9.258016927215514e-01	4523
-3.115934689712253e+00	-4.716593787673121e-01	4524
3.833001708456732e+00	-9.366001272406194e-01	4525
3.582845828423271e+00	1.327220093151955e-03	4526
-2.835748584822603e+00	-1.007622185892143e-01	4527
-1.378151649842643e+00	4.543253557649821e+00	4528
-3.581291237675932e+00	-5.496563492049521e-01	4529
-3.246804751917536e+00	-2.729046855918607e+00	4530
1.632194642759643e+00	4.875117952212307e+00	4531
1.858175408189794e+00	-4.719227436229475e+00	4532
3.986179301096878e+00	-5.304193210236642e-01	4533
3.885675787729790e+00	-2.358343553777670e-01	4534
2.291716866485409e+00	-4.115547915029440e+00	4535
-3.507396900201275e+00	1.371216475135337e+00	4536
1.099201356298167e+00	-5.242481889310567e+00	4537
-1.102735950567765e+00	4.813747936611988e+00	4538
-2.477976037787075e+00	4.006136571752601e+00	4539
-2.856780104117841e+00	3.128997654969672e+00	4540
-2.371861917897450e+00	-4.210195882802561e+00	4541
4.032749083053456e+00	-1.352536684709372e+00	4542
-5.400420783317760e-01	5.310751623793172e+00	4543
-3.388170119580369e+00	-2.290576685173420e+00	4544
2.368072546951547e+00	4.340079887857430e+00	4545
-3.585762801384290e+00	-1.425068669951102e+00	4546
3.099170082698790e+00	-3.626370962921944e+00	4547
-3.179380908314247e+00	-3.387012683156928e+00	4548
7.738727575518571e-01	5.320100285080326e+00	4549
3.682245634735974e+00	1.276413758426657e+00	4550
-3.296464868283720e+00	2.282871338870467e+00	4551
3.853263061669157e+00	6.897480623210224e-01	4552
-1.664699527368692e+00	-4.997743164664753e+00	4553
-7.942450075586096e-01	-5.554215746139926e+00	4554
8.537639959861844e-02	-5.815072684255829e+00	4555
3.780184263171982e+00	1.906182319082895e+00	4556
2.987575710960161e+00	3.879334821991492e+00	4557
3.766688672549964e+00	2.391559745979094e+00	4558
3.720123850268491e+00	2.830568185524784e+00	4559
3.651000088943616e+00	3.352790417026180e+00	4560
3.753641962565108e+00	-2.905099094005947e+00	4561
3.819942013993821e+00	-2.210724795563952e+00	4562
-3.497929352690172e+00	5.079532139978404e-01	4563
3.895989672939788e+00	1.933495627912142e-01	4564
-3.251138781418102e+00	-1.769902056313438e-02	4565
-1.210959599008635e+00	5.503004169721800e+00	4566
2.184861819470288e+00	4.852453487814179e+00	4567
-3.855235816395378e+00	-9.824582497118064e-01	4568
-3.769600855347507e+00	9.325216797335188e-01	4569
-3.767851361779457e+00	-1.921741988709171e+00	4570
-2.109822237837783e+00	4.629357773183945e+00	4571
-3.681189905116879e+00	1.886492855950885e+00	4572
2.501107065303936e+00	-4.724074056412437e+00	4573
2.856713816389422e+00	-4.139144785914556e+00	4574
1.342392097917600e+00	5.361754206943272e+00	4575
8.084725456687830e-01	-5.890246205037191e+00	4576
3.659401653137176e+00	-3.475166640198228e+00	4577
4.226562122529662e+00	4.728741343902918e-01	4578
4.261232202803749e+00	-9.214544927571638e-01	4579
4.258392912451193e+00	-1.477894452734264e-01	4580
-1.630660530934371e+00	5.075708064810633e+00	4581
-3.773501544364186e+00	-2.656900357739101e+00	4582
-3.717704898326609e+00	-3.109932486157883e+00	4583
1.633101489179741e+00	-5.206704548326504e+00	4584
-3.735983263871916e+00	1.320413994598957e-03	4585
-3.344438930611395e+00	2.846305891496005e+00	4586
-2.086738919462098e+00	-4.785836272048331e+00	4587
-3.035888867482473e+00	-4.036358748668960e+00	4588
1.070667122429817e-01	5.745867450079751e+00	4589
3.512105077364331e+00	3.861926721862648e+00	4590
-1.566130243324161e+00	-5.803565998208696e+00	4591
-5.412511574115065e-01	-6.316442132698970e+00	4592
4.109426608526020e+00	1.083893315664914e+00	4593
4.103441787786947e+00	1.533083950804369e+00	4594
2.837595703067363e+00	4.323299069324391e+00	4595
4.190811308983219e+00	2.160346176664663e+00	4596
4.190135813259957e+00	2.658182227292787e+00	4597
4.162201869712041e+00	3.154435630324066e+00	4598
4.231936140788568e+00	-2.600409005235525e+00	4599
4.190702537652703e+00	-1.842692744029414e+00	4600
-1.868033738077046e+00	5.728419786392628e+00	4601
-4.107256741471370e+00	-1.477182076060517e+00	4602
-2.777240625878241e+00	4.603205478060071e+00	4603
-3.064995062462693e+00	3.865049639659792e+00	4604
-2.279067779494346e+00	5.291292978239626e+00	4605
1.960304723933079e+00	5.428017779110260e+00	4606
-3.349981589004271e+00	3.417696677094311e+00	4607
-2.147856163925805e+00	-5.433983256650928e+00	4608
-2.795975302318572e+00	-4.713122051901138e+00	4609
4.089006140012327e+00	3.741171615751908e+00	4610
4.223362617992737e+00	-3.216595626091750e+00	4611
2.220125881683102e+00	-5.246174468469477e+00	4612
3.475053655735833e+00	-4.069895646551319e+00	4613
-3.811428249938086e+00	2.467958390696443e+00	4614
-3.991491387526633e+00	4.630034165537167e-01	4615
3.149805459209666e+00	-4.718277572818363e+00	4616
-4.018611923394145e+00	1.431792069090018e+00	4617
2.913700921053410e-01	-6.568092507397010e+00	4618
-3.673376781217745e+00	-3.782693964066004e+00	4619
3.338854399526225e+00	4.332898151920954e+00	4620
-6.362818780634636e-01	6.034790136240442e+00	4621
4.432877839001682e+00	-5.324967364302828e-01	4622
4.636954881025384e+00	1.839270827749395e-01	4623
-4.275456550689726e+00	-2.285589988843429e+00	4624
-4.283178251916158e+00	-2.949766904212249e+00	4625
1.407939220665847e+00	-5.841217456306706e+00	4626
-4.074262415056852e+00	-4.624500944377012e-01	4627
8.975614930994319e-01	6.016903641440410e+00	4628
-1.370454369448998e+00	-6.694399129517269e+00	4629
4.556801190654245e+00	8.539956849591457e-01	4630
4.512605584240771e+00	1.314305869382383e+00	4631
2.706541951340832e+00	4.826227949096492e+00	4632
4.578182703870156e+00	1.786517104220436e+00	4633
4.666457789266442e+00	2.409765793676215e+00	4634
4.685799842605444e+00	2.934759971683386e+00	4635
4.674403100097455e+00	-2.196267691662072e+00	4636
4.506459832868477e+00	-1.398250685844267e+00	4637
1.885951869867610e+00	-5.841913116275068e+00	4638
-2.567088340789963e+00	5.973753149503997e+00	4639
4.767907894887693e+00	-2.843471509653517e+00	4640
-4.704857161016489e+00	-1.774719052489932e+00	4641
1.316947691937899e-01	6.524149355816450e+00	4642
-4.300612209024004e+00	9.339353315412525e-01	4643
2.858396813159119e+00	-5.290944715118708e+00	4644
3.931884186346692e+00	4.319264524440319e+00	4645
-1.350436802446346e+00	6.253529368958715e+00	4646
-3.885756221178049e+00	3.091902481006222e+00	4647
4.121190605932735e+00	-3.879693306877999e+00	4648
4.745291443161333e+00	-9.295894735407353e-01	4649
-4.257619322736925e+00	2.489611303500644e-02	4650
1.138834585004000e+00	-6.605420787841050e+00	4651
-3.528377667839144e+00	-4.518277466495785e+00	4652
-2.955008654017662e+00	-5.508470867470051e+00	4653
-4.914978248946447e-01	-7.174317553610855e+00	4654
-3.045650469606307e+00	5.321772266126241e+00	4655
1.582817257812704e+00	6.029938281098475e+00	4656
-3.470351828642976e+00	4.448181512404372e+00	4657
-3.679953671249677e+00	3.942301513630920e+00	4658
3.832053412372601e+00	-4.654925827350238e+00	4659
-4.233543659082981e+00	2.008554267394723e+00	4660
-4.398781604141161e+00	-9.591483646032851e-01	4661
4.715763905812931e+00	-1.717669834937693e-01	4662
-4.157054685222038e+00	-3.582229597135785e+00	4663
-4.852696897389243e+00	-2.611191770948537e+00	4664
-2.195318237286568e+00	-6.299281922474423e+00	4665
4.652095239859534e+00	3.532163916717284e+00	4666
2.551895677811205e+00	5.392563865380633e+00	4667
4.980554285563136e+00	1.127665533169092e+00	4668
5.005214469425464e+00	1.486643592609417e+00	4669
5.035087923163800e+00	5.724638895735962e-01	4670
5.117018808223241e+00	2.027992040923984e+00	4671
5.216949214801686e+00	2.652203067628925e+00	4672
5.058959673735456e+00	-1.698509366323067e+00	4673
3.556204985430496e+00	-5.298908593903206e+00	4674
-1.317047928901363e+00	-7.642875934907472e+00	4675
-2.048014399771809e+00	6.506213987564963e+00	4676
5.265111102242283e+00	-2.355066378987257e+00	4677
-4.538045538752160e+00	4.632191796251005e-01	4678
5.315867619004551e-01	-7.421953449757392e+00	4679
3.367790514148283e+00	5.126205880597294e+00	4680
4.578594917180945e+00	4.187877782519360e+00	4681
-3.390545130790872e+00	6.076358963112376e+00	4682
2.554686759649742e+00	-5.882762017010864e+00	4683
-4.598835151882020e+00	1.485671702593801e+00	4684
-2.118895854484699e+00	-7.199377145946293e+00	4685
2.312683962602054e+00	6.068223346199417e+00	4686
4.914332390918723e+00	-6.183074494599272e-01	4687
-5.369446888610360e+00	-2.088776169788950e+00	4688
1.646453491713151e+00	-6.532647455913407e+00	4689
4.768582069412563e+00	-3.560333113068332e+00	4690
1.069551050824957e+00	6.800514277558191e+00	4691
5.112280518401537e+00	1.033966313317613e-01	4692
-7.118109084920790e-01	6.858640152399949e+00	4693
-4.399926686881742e+00	2.656772664237893e+00	4694
4.550648505159447e+00	-4.481434931777712e+00	4695
-3.834910726752957e+00	-5.357456630895216e+00	4696
-4.359207627015746e+00	3.656537084694941e+00	4697
-3.863949008952843e+00	5.179435193314907e+00	4698
-4.160334817090705e+00	4.437643344535690e+00	4699
-4.630873708890931e+00	-4.160039627667653e-01	4700
-5.059589381888508e+00	-1.176551148818218e+00	4701
-4.151998901400360e+00	-4.253510691911415e+00	4702
-4.851176524722540e+00	-3.347253907409645e+00	4703
-3.108143280935767e+00	-6.416670071939301e+00	4704
5.499271707409074e+00	1.272690717141326e+00	4705
5.503324334924077e+00	8.996187976004442e-01	4706
5.233972982852455e+00	3.284781610931355e+00	4707
5.580378341442701e+00	1.650109757848592e+00	4708
5.730551119328883e+00	2.249846535572947e+00	4709
-4.306451396982158e+00	5.986194684392216e+00	4710
-2.142884550841129e+00	-8.190627606861719e+00	4711
-1.497457961999484e+00	7.098801129615214e+00	4712
-3.324250443044713e-01	-8.131416495792521e+00	4713
1.919699542911647e+00	6.787530894098159e+00	4714
1.885083517087508e-01	7.404592162975963e+00	4715
3.116119374899762e+00	5.920694470266906e+00	4716
-4.820822641938235e+00	-2.654035574673780e-02	4717
5.387833296421726e+00	-3.105561418093140e+00	4718
3.253745393257120e+00	-5.930869486053823e+00	4719
-5.537211683373409e+00	-2.893296125485787e+00	4720
-4.861929621708496e+00	2.127197588921348e+00	4721
5.178689974722689e+00	-4.161810420019935e-01	4722
5.246468944291973e+00	-9.994734205820269e-01	4723
-5.804344928805367e+00	-1.432551152459570e+00	4724
-4.896103011093231e+00	9.455596482556290e-01	4725
-3.134827963393159e+00	-7.467933301224354e+00	4726
4.325094785476590e+00	-5.223677899601321e+00	4727
5.687796012833799e+00	-1.861667116554857e+00	4728
5.210558054822022e+00	3.955307774007389e+00	4729
5.562341314126523e+00	3.689022021379277e-01	4730
6.043739149427827e+00	1.092606557288671e+00	4731
-4.758952832861543e+00	-4.002181640572498e+00	4732
-2.869661074693523e+00	6.781050579710874e+00	4733
2.178595416851397e+00	-6.558172935768280e+00	4734
5.285958209660467e+00	-4.168984891116244e+00	4735
4.380553693356539e+00	4.874741399056796e+00	4736
-4.997447619128908e+00	3.181794701478394e+00	4737
-4.912865974791804e+00	4.213295977506037e+00	4738
-4.679544302667799e+00	5.075095539876341e+00	4739
-5.332589628201168e+00	-5.217380053814099e-01	4740
-4.117168941194898e+00	-6.330817047674719e+00	4741
5.845822725341883e+00	2.942777345413403e+00	4742
6.242004498416639e+00	1.803241725142066e+00	4743
-5.248941306708399e+00	5.840037552920728e+00	4744
-4.304272364255632e+00	-7.486319955703585e+00	4745
-6.136064649765856e+00	-2.242878597993685e+00	4746
6.617200911528492e-01	-8.462309195166638e+00	4747
-5.565040420882242e+00	2.572851762137566e+00	4748
5.126298661684960e+00	4.709602473005120e+00	4749
-2.281595856986486e+00	7.378791709275684e+00	4750
-5.534962484470681e+00	-3.736399368560702e+00	4751
6.007241323100016e+00	-3.701294171877684e+00	4752
4.028742468239833e+00	-5.944865691094290e+00	4753
-5.534746686078249e+00	4.844039877473028e+00	4754
-1.225919629236441e+00	-8.695517397329697e+00	4755
-7.767148611377894e-01	7.793883392353306e+00	4756
-5.253416501234297e+00	1.537752561032219e+00	4757
-4.722623116900686e+00	-4.772654327238981e+00	4758
1.298563735376143e+00	7.684075367621881e+00	4759
6.761986751292020e+00	1.275445559524049e+00	4760
5.929277535925256e+00	-2.564290048976348e+00	4761
5.870490886187300e+00	3.666256030775074e+00	4762
1.876150515582965e+00	-7.316633635326530e+00	4763
-5.660633371600800e+00	3.755328348259276e+00	4764
2.808120978071800e+00	6.747980176700966e+00	4765
5.149256994790830e+00	-5.010429736382415e+00	4766
5.965395735472195e+00	-1.175505129905123e+00	4767
-5.148901412602097e+00	4.343777980830901e-01	4768
5.621178901114322e+00	-1.479360056433892e-01	4769
-3.859644622742667e+00	6.882346028765578e+00	4770
-3.198612282355752e+00	-8.598809597660471e+00	4771
3.967916601258879e+00	5.696124228574650e+00	4772
-4.726909401964373e+00	-5.626566062699870e+00	4773
2.929701760190121e+00	-6.602584399368893e+00	4774
-6.140149597547060e+00	-6.812723452060256e-01	4775
6.421048080659961e+00	2.502233751279742e+00	4776
3.702650562562588e+00	-6.647679471722250e+00	4777
1.457008815966513e+00	-7.835043119103530e+00	4778
-6.325514862372756e+00	-3.191420862254627e+00	4779
6.667828269059346e+00	-3.084616142835896e+00	4780
2.817487308629709e-01	8.400158642909473e+00	4781
-1.667970834462738e+00	8.055294571482111e+00	4782
6.557472729869737e+00	3.278419804192004e+00	4783
-6.042472499859310e+00	1.864685185326444e+00	4784
-4.887722332454392e+00	6.798727617297287e+00	4785
-5.448125442418761e+00	-1.258023907258647e-01	4786
-2.235305548205982e+00	-9.322518492962114e+00	4787
6.347867395779666e+00	-4.752550831269501e-01	4788
6.146734981123979e+00	1.747300990662566e-01	4789
-3.234557362008123e+00	7.692796078470539e+00	4790
5.994691425959507e+00	-4.627301008478918e+00	4791
5.849134391082328e+00	4.435352475206462e+00	4792
6.995722643197950e+00	2.002571801293790e+00	4793
-2.006125334721295e-01	-9.217272561166043e+00	4794
-6.227110359830056e+00	5.581569418015163e+00	4795
2.343066804022083e+00	7.638102064366361e+00	4796
-5.431348579982023e+00	-4.494510476030003e+00	4797
4.900057435267175e+00	-5.857192891685999e+00	4798
-6.347350971871533e+00	3.104675398193098e+00	4799
-5.858376423662037e+00	1.643109489851840e-02	4800
-5.085854081177388e+00	-6.652454226846191e+00	4801
6.558076866171596e+00	5.695702097374549e-01	4802
6.401031692889439e+00	-1.877725873648282e+00	4803
2.637549460053716e+00	-7.299849166295792e+00	4804
-6.399856245108622e+00	4.392336620024231e+00	4805
3.701457947735409e+00	6.563237662421297e+00	4806
5.669871534383451e+00	-7.277917287278476e-01	4807
-5.565115134765358e+00	9.416779085336194e-01	4808
-6.619593288385129e+00	-1.455624555656605e+00	4809
-4.474360492404735e+00	-8.762231900432713e+00	4810
4.865438509761394e+00	5.553371389660352e+00	4811
-5.517465097331720e+00	-5.195974739218299e+00	4812
-6.297189867552181e+00	-4.744488023287032e+00	4813
3.405756016575475e+00	-7.356725929873019e+00	4814
-4.366632713375930e+00	7.811905052033459e+00	4815
-7.223458848137009e+00	5.118989891391655e+00	4816
-7.010860556606563e+00	-2.407769866887294e+00	4817
-6.935699590778452e+00	2.302555101129791e+00	4818
8.922470748793919e-01	-9.596421535125112e+00	4819
7.205878524991181e+00	2.785914958368472e+00	4820
-2.561183077972106e+00	8.366926184143116e+00	4821
-1.180566539772937e+00	-9.887670501749463e+00	4822
1.591324471166728e+00	8.680484291797125e+00	4823
5.844745528685150e+00	-5.599314046485167e+00	4824
-7.004965250759744e+00	-6.816673484046409e-01	4825
3.371534118943685e+00	7.522670456755757e+00	4826
5.743610547678401e+00	5.322133701997365e+00	4827
4.571885135487501e+00	-6.669159548077285e+00	4828
-8.361371396003457e-01	8.856109762011741e+00	4829
-3.530415977304766e+00	-9.790074845669118e+00	4830
6.595937997748533e+00	4.098941304466448e+00	4831
6.815838002753568e+00	-4.061791235744399e+00	4832
2.276601072347484e+00	-8.170468736082178e+00	4833
7.324755818411002e+00	7.311324115144320e-01	4834
7.577347581677690e+00	1.414753092358007e+00	4835
-5.955559930215317e+00	6.626878910664958e+00	4836
-6.319867438966355e+00	-4.167908095919304e+00	4837
-7.217841539675424e+00	3.714002935227999e+00	4838
6.854182031069111e+00	3.834318797008361e-02	4839
6.721429066040666e+00	-1.157389034165039e+00	4840
7.244009260983153e+00	-2.324152986947613e+00	4841
1.641413410332816e+00	-8.887089542752149e+00	4842
4.558259323795647e+00	6.374171579758351e+00	4843
-6.341804227733429e+00	6.785140428386268e-01	4844
-5.406934462791461e+00	-7.863853982764988e+00	4845
-5.533151517397359e+00	-6.165819092538019e+00	4846
-4.107386695447970e-02	-1.044310941430582e+01	4847
-5.712712087607040e+00	-9.115470407068964e+00	4848
4.135548391563795e-01	9.526071360131704e+00	4849
-6.387525870473447e+00	-5.702959437374961e+00	4850
8.189645488631452e+00	8.005256618009958e-01	4851
2.843280581183875e+00	8.596794913437417e+00	4852
-6.819291042599965e+00	1.410558937234099e+00	4853
7.366406982817184e+00	3.658795639845557e+00	4854
-2.366459556842451e+00	-1.061178309912975e+01	4855
7.562739989327460e+00	-3.316612677693644e+00	4856
-7.542791972274768e+00	-1.523963363413852e+00	4857
7.851998693100395e+00	2.226101418916337e+00	4858
-5.543358862364148e+00	7.723378618159415e+00	4859
5.564364285167879e+00	-6.567952709214870e+00	4860
-4.854106033143097e+00	-1.005947684308272e+01	4861
-1.861789756828929e+00	9.142542551006972e+00	4862
6.576479711220350e+00	4.988182553977688e+00	4863
6.814264410659738e+00	-5.134965229304657e+00	4864
-7.093137432241186e+00	6.298329903379790e+00	4865
4.232462205124635e+00	-7.426344005498870e+00	4866
-7.937911632016655e+00	2.836099115676860e+00	4867
-8.186721881098995e+00	4.412509496116440e+00	4868
7.693416885503137e+00	-2.527694241655027e-02	4869
1.998169109637269e+00	-1.001471024316485e+01	4870
2.957107936651669e+00	-8.211194735188787e+00	4871
-6.616851962383373e+00	-1.478882635427368e-02	4872
-3.644705016474173e+00	8.728595579501603e+00	4873
5.498684515388785e+00	6.242508542743725e+00	4874
2.694780142779020e+00	-9.181431061834061e+00	4875
7.101886658387480e+00	-5.913733746934335e-01	4876
-7.227399708726660e+00	-3.516399727771049e+00	4877
7.200017997498547e+00	-1.800398009121650e+00	4878
4.331156595013050e+00	7.309081000850654e+00	4879
-6.648067117196583e+00	-8.223864925929741e+00	4880
8.492239576355852e+00	1.626490314222523e+00	4881
4.009871138016844e+00	8.404315059777469e+00	4882
6.648767129467456e+00	-6.258020012274359e+00	4883
-1.139396093770128e+00	-1.123991673119297e+01	4884
-8.258951174535341e+00	5.714298478492983e+00	4885
1.948948470503481e+00	9.803601472331938e+00	4886
-3.798519811987988e+00	-1.116432376920223e+01	4887
-2.876995207397482e+00	9.488299747391427e+00	4888
8.656557665822573e+00	-4.149848512621446e-02	4889
-7.765959204827530e+00	1.778624795226673e+00	4890
8.199282524299672e+00	-2.564561331087885e+00	4891
-7.979111333257401e+00	-6.527763303819032e-01	4892
8.097775189756694e+00	3.105687790262456e+00	4893
7.750216437567903e+00	-4.451026533300430e+00	4894
7.422570914244728e+00	4.591707000737299e+00	4895
7.927657562892565e+00	-8.621482677016583e-01	4896
-8.884998540253340e-01	1.006301519844490e+01	4897
3.200462347671731e+00	-1.031249293767504e+01	4898
-6.421795499564583e+00	-6.786368506709024e+00	4899
-4.934383182760300e+00	8.871393603844950e+00	4900
-7.268455436763495e+00	-5.136799564135923e+00	4901
5.198949800674693e+00	-7.474504435064660e+00	4902
5.227929747505460e+00	7.115308884979089e+00	4903
6.474171613564327e+00	5.984378087691850e+00	4904
-8.002253966201605e+00	-2.603610987613474e+00	4905
-6.775347975312070e+00	7.509362507581178e+00	4906
-6.214495699289374e+00	-1.043532892666484e+01	4907
-9.058181608338769e+00	3.467035717957124e+00	4908
1.118214360878928e+00	-1.086628550027593e+01	4909
3.874586047059766e+00	-8.265212337745133e+00	4910
-7.482956943896968e+00	4.266572783671051e-02	4911
7.511323807826739e+00	-1.276657000421890e+00	4912
-7.194328595734601e+00	6.190118612229313e-01	4913
5.865663432559330e-01	1.080074114465811e+01	4914
3.423641817859148e+00	9.677125455177556e+00	4915
-8.270695329901839e+00	4.573498446507968e-01	4916
1.279699559714732e-01	-1.182586003341590e+01	4917
8.945197736597692e+00	-1.031338052076761e+00	4918
-2.474257576325821e+00	-1.207545209434654e+01	4919
9.195861635431360e+00	8.612238155843996e-01	4920
8.810078859095999e+00	2.502140882376990e+00	4921
8.288216810625357e+00	4.088075564878261e+00	4922
-8.881284514782495e+00	2.221779949336434e+00	4923
5.045224443024590e+00	8.141349254735356e+00	4924
3.647298922215001e+00	-9.270724636925442e+00	4925
-8.096824751908043e+00	7.096990673608548e+00	4926
8.567838744170988e+00	-3.628378424222902e+00	4927
8.166450697627283e+00	-1.795364886465097e+00	4928
-8.591954590507280e+00	-1.598677516766422e+00	4929
-6.291585973940924e+00	8.772741062264778e+00	4930
-5.230085696390357e+00	-1.152032478697671e+01	4931
-4.104607018655348e+00	9.905169074310329e+00	4932
-7.632745466585596e+00	-7.332661410494087e+00	4933
-2.075107154678227e+00	1.038103732472949e+01	4934
-8.273030258387365e+00	-3.986963365709942e+00	4935
7.761401740631216e+00	-5.696492139666465e+00	4936
2.355174164386669e+00	-1.131620366286232e+01	4937
-7.394607193469850e+00	-6.238623839060041e+00	4938
6.329743823329967e+00	-7.365670906647971e+00	4939
6.241064584660929e+00	6.986221815076143e+00	4940
7.415250883285658e+00	5.600709381040265e+00	4941
-7.085540588322046e+00	-9.442691433963265e+00	4942
-9.373035156633188e+00	4.840625385941306e+00	4943
4.809270196409943e+00	-8.326807182720263e+00	4944
4.745719413237969e+00	9.396057906848354e+00	4945
-6.775794842736086e+00	-1.193482764473402e+01	4946
-3.230436196459630e+00	1.076227761548072e+01	4947
3.743008087038248e+00	-1.162764722638748e+01	4948
8.812277412355410e+00	-4.900162488815161e+00	4949
-9.450591054878561e+00	6.375115939704121e+00	4950
-8.629463926140003e+00	-6.543052051381888e+00	4951
9.288134437631475e+00	-2.782954220127985e+00	4952
9.547224040752432e+00	1.815899196683854e+00	4953
1.969223478666193e+00	1.126054229556484e+01	4954
2.783604258126157e+00	1.088630537077194e+01	4955
-4.049118270391063e+00	-1.272790901738568e+01	4956
-7.684233999338845e+00	-1.084749935495551e+01	4957
5.993903143068713e+00	7.924811694143857e+00	4958
-1.077358951515755e+00	-1.276665471525652e+01	4959
9.727692792184008e+00	-1.740082523833915e-01	4960
-7.996656964205257e+00	-8.547836400497896e+00	4961
-5.576051973309979e+00	1.007640084489817e+01	4962
9.102200960254571e+00	3.474412591992521e+00	4963
-9.301566424166973e-01	1.143411313270435e+01	4964
1.410191456094825e+00	-1.228713326016212e+01	4965
7.321104256967496e+00	6.709152013908205e+00	4966
8.368297622508285e+00	5.142194227758181e+00	4967
-8.669510646146298e+00	1.130509665050778e+00	4968
-7.720434190487090e+00	8.505590300687984e+00	4969
7.576500225502910e+00	-6.995659251132395e+00	4970
-1.003870498838560e+01	2.692415615463451e+00	4971
4.485757299082240e+00	-1.024789758347512e+01	4972
-9.057032587565958e+00	-4.720862807217807e-01	4973
9.145803368096852e+00	-2.106565748104103e+00	4974
-8.465226530825959e+00	-5.407038181237008e+00	4975
-9.134443737140369e+00	-2.851316262065592e+00	4976
-1.033675370312341e+01	3.896789441349554e+00	4977
5.904152973921833e+00	-8.390517812715176e+00	4978
4.245079636259593e+00	1.076371767477895e+01	4979
-5.659997863067075e+00	-1.316970543551970e+01	4980
-9.720720319888446e+00	-5.805814447090348e+00	4981
-2.559745889412965e+00	-1.373144886238545e+01	4982
1.035184744803061e+01	8.998353602514053e-01	4983
-2.307166808034516e+00	1.179286776265235e+01	4984
7.203861316804354e+00	-8.270390808494112e+00	4985
9.717802677748173e+00	-3.969560269837638e+00	4986
-1.137665521358649e+01	3.000287670666252e+00	4987
-8.419187985254108e+00	-1.238576854461537e+01	4988
-7.146139469168537e+00	9.964630251759324e+00	4989
-9.794473782776908e+00	-1.618283796712952e+00	4990
9.901873888382315e+00	2.799863714226457e+00	4991
9.336171076924668e+00	4.571070831117740e+00	4992
-9.253649281794008e+00	7.992538260135513e+00	4993
-8.488144813183983e+00	-9.960255805624039e+00	4994
-9.824583661481780e+00	1.470547179998205e+00	4995
1.004839328201198e+01	-1.331037721398728e+00	4996
5.981938780553410e-01	1.226604474802837e+01	4997
5.293619200437614e+00	-9.461372948328947e+00	4998
8.846118606350641e+00	-6.328604251718140e+00	4999
7.092845892997987e+00	7.801125732928889e+00	5000
8.378660606128941e+00	6.278221626549831e+00	5001
-1.069094367710015e+01	5.399039392340398e+00	5002
-8.952333172618424e+00	-7.743189988326450e+00	5003
-4.621556717467490e+00	1.124161215603330e+01	5004
2.803149832527680e+00	-1.276252760306187e+01	5005
-9.507306922344725e+00	-4.310104167552722e+00	5006
5.760770622684703e+00	9.093753281554010e+00	5007
3.443077793104431e-01	-1.338221970689970e+01	5008
5.269990208365106e+00	-1.156048013297518e+01	5009
6.833285656409259e+00	8.861966848906322e+00	5010
-1.046748527334560e+00	1.297841938941473e+01	5011
-7.289566388524736e+00	-1.367955675284748e+01	5012
1.781568182406760e+00	-1.387851953961172e+01	5013
-4.308954083020426e+00	-1.449900392499634e+01	5014
1.095539890548761e+01	-3.226450636562251e-01	5015
-8.806599992268774e+00	9.633382594042827e+00	5016
-3.625307598117088e+00	1.221091324798512e+01	5017
-6.302772317525836e+00	1.144678949797749e+01	5018
-1.033468689477343e+01	-4.607737672772506e-01	5019
-1.174755029280811e+01	4.391394655680476e+00	5020
9.448214201042852e+00	5.755310279242844e+00	5021
-9.537709948447240e+00	3.143734478668689e-01	5022
1.002732008055644e+01	-5.404398142192884e+00	5023
1.024397863228809e+01	3.882171082722432e+00	5024
1.075706532480342e+01	2.009468374423135e+00	5025
1.053221712187167e+01	-3.003230286204993e+00	5026
3.621725444897038e+00	1.211725008427295e+01	5027
-1.079488682591562e+01	7.143207059073374e+00	5028
-9.952707330738548e+00	-7.018388555231810e+00	5029
5.620494813374895e+00	1.044746175376204e+01	5030
8.291872057435050e+00	7.509900403498140e+00	5031
-9.346511493715211e+00	-9.181770892420808e+00	5032
-1.084188809068081e+01	-4.883358141189044e+00	5033
8.640251923723955e+00	-7.831585992729615e+00	5034
2.084058482581559e+00	1.285500491873204e+01	5035
-9.766825803973361e-01	-1.448481883487979e+01	5036
-9.210145704333218e+00	-1.142317834512304e+01	5037
-1.102974338282153e+01	1.774601098084876e+00	5038
6.641791631556235e+00	-9.506777621180747e+00	5039
4.472441019686195e+00	-1.305750708004230e+01	5040
-1.043773518247915e+01	-3.030644938365008e+00	5041
5.755854576713238e+00	-1.074351704775965e+01	5042
-9.168600500648866e+00	-1.418143753266062e+01	5043
1.053012580391776e+01	5.107154709542729e+00	5044
1.103523163969317e+01	-4.338753072899809e+00	5045
-6.068389877046049e+00	-1.503925932782339e+01	5046
-5.203424957270411e+00	1.276015331539874e+01	5047
-8.121346883150711e+00	1.131965267366033e+01	5048
-1.072740598921726e+01	5.893716042179592e-01	5049
-1.057148721499107e+01	9.010928530778619e+00	5050
1.008959142267522e+01	-7.043458227213733e+00	5051
1.114672702170799e+01	3.124001130099067e+00	5052
5.797795496901261e-01	1.392748689321548e+01	5053
7.284090950030873e+00	-1.090223941229381e+01	5054
8.181156633456167e+00	-9.333226366283306e+00	5055
8.053590610550158e+00	8.722537569264825e+00	5056
-2.620365334978833e+00	-1.560697865251043e+01	5057
9.479866282715054e+00	7.031015244769850e+00	5058
6.555866323655678e+00	1.017981626565461e+01	5059
1.137434337649569e+01	-1.718256628994415e+00	5060
-1.026239502513818e+01	-8.498889691433325e+00	5061
6.263391095679246e-01	-1.513242518436994e+01	5062
-1.217474323247613e+01	6.049324466644190e+00	5063
3.397151977971846e+00	-1.438533148996396e+01	5064
-1.113576741056879e+01	-6.266122920507980e+00	5065
-1.190818293605175e+01	-3.681011148147430e+00	5066
5.196794228103657e+00	1.195368863840376e+01	5067
-1.289767694541359e+01	3.339654496670443e+00	5068
-2.595454411740114e+00	1.338541785667612e+01	5069
6.188691342361564e+00	-1.301138047462856e+01	5070
1.167546846466658e+01	9.315963109605949e-01	5071
-1.013149502560503e+01	-1.298744840540104e+01	5072
-1.115541285897630e+01	-1.682473924384058e+00	5073
3.485720026055316e+00	1.380675297324515e+01	5074
-1.246680571935919e+01	2.029660600175930e+00	5075
1.214098672082625e+01	2.218671702964483e+00	5076
-4.551404921424075e+00	-1.650624128275064e+01	5077
-7.892718300657403e+00	-1.563891978842976e+01	5078
-1.004687464017976e+01	1.091564892399106e+01	5079
-1.231670093839227e+01	8.023132583327842e+00	5080
1.237159969326823e+01	-4.882256725212892e-01	5081
1.197068980162657e+01	-3.132947866474893e+00	5082
9.851456502652256e+00	-8.793898954954347e+00	5083
6.460659239496488e+00	1.161841368369368e+01	5084
9.393041717595846e+00	8.407678268348217e+00	5085
5.282643754684876e+00	-1.468931674882267e+01	5086
-8.204492016622824e-01	-1.642608468003579e+01	5087
-1.114556977882834e+01	-1.133604186244430e+01	5088
1.154244962918040e+01	4.331434755968248e+00	5089
-1.220815710678548e+00	1.471999302923987e+01	5090
-1.239022739128275e+01	-5.245475564067948e+00	5091
-7.126055318256833e+00	1.300575849391419e+01	5092
-4.080457305622564e+00	1.384912567586266e+01	5093
-1.071206434965955e+01	-1.005822846363452e+01	5094
-1.114183946346987e+01	-1.478880157819966e+01	5095
-1.409216517295357e+01	2.220790393900359e+00	5096
-1.171478763499115e+01	-3.727344027662339e-01	5097
1.141657713841927e+01	-5.965825203735314e+00	5098
2.071627308797567e+00	1.462617583247531e+01	5099
8.106048148146790e+00	-1.266830100229618e+01	5100
1.068057302269293e+01	6.436940449767181e+00	5101
8.981343252181333e+00	-1.083083821763429e+01	5102
7.774903375547705e+00	9.929161823509025e+00	5103
2.259309587040791e+00	-1.566445258021374e+01	5104
-1.141428805641469e+01	-7.656492353951276e+00	5105
-1.279816600806828e+01	-2.205440067148371e+00	5106
-1.335974602647664e+01	4.902905109706276e+00	5107
4.559009015251918e+00	1.348774720451398e+01	5108
-1.203640400726226e+01	7.468035829459885e-01	5109
-9.230881439975693e+00	1.286224073431614e+01	5110
-2.640973434295903e+00	-1.772898027231435e+01	5111
4.046859734086005e+00	1.542923695486290e+01	5112
1.256412478049797e+01	3.482262916298478e+00	5113
7.444451736709179e+00	1.141613520785446e+01	5114
9.941257263035570e-01	-1.709671116531423e+01	5115
4.095498543721136e+00	-1.621409043919481e+01	5116
-6.509043656548180e+00	-1.715212166312929e+01	5117
1.189034582285425e+01	5.700363207964326e+00	5118
1.073390113024985e+01	7.874544804194260e+00	5119
1.083086346246060e+01	-1.041560381117978e+01	5120
-1.254817393621393e+01	-1.014782327413596e+01	5121
-1.352168779457637e+01	8.048435810382368e-01	5122
-1.358070053842818e+01	-3.862854505524969e+00	5123
1.256057287584760e+01	-4.700842106196572e+00	5124
4.856346553210898e-01	1.579429919313211e+01	5125
1.150986318491329e+01	-7.853659675729011e+00	5126
-1.207064273117212e+01	1.016958233338046e+01	5127
6.251240215348271e+00	1.327043712256561e+01	5128
1.319010576877008e+01	9.671027071996889e-01	5129
-1.272887912727830e+01	-6.793867425676610e+00	5130
-1.459890017786656e+01	3.800601680322007e+00	5131
-2.946180422012507e+00	1.517834845424764e+01	5132
1.288984030522914e+01	-1.921561737888935e+00	5133
-1.318640893170657e+01	-1.898072405843725e-01	5134
-5.863139402603178e+00	1.448280419784750e+01	5135
-1.226698207360043e+01	-1.304116267506478e+01	5136
-1.386485915203195e+01	6.771189542732020e+00	5137
7.333666662817881e+00	-1.457174292934946e+01	5138
1.003114328734137e+01	-1.245785575614358e+01	5139
9.139737700609096e+00	9.765168416092274e+00	5140
-1.187770484898330e+01	-9.087583335107832e+00	5141
-4.605033712044736e+00	1.569733845190278e+01	5142
1.398985468160499e+01	-5.891246085836567e-01	5143
2.836920423922214e+00	-1.767039131015066e+01	5144
1.301886634632969e+01	-6.578334736971633e+00	5145
1.301887941931202e+01	4.829983455618805e+00	5146
-1.528272210615352e+01	9.180821948960470e-01	5147
6.275430050867765e+00	-1.651499726327124e+01	5148
2.356163720252106e+00	1.663194799088844e+01	5149
-1.145961300685338e+01	1.237526898956577e+01	5150
-1.404911180442709e+01	9.016443863810588e+00	5151
1.372071764868861e+01	2.454409575226702e+00	5152
1.357538770441017e+01	-3.396709366861862e+00	5153
1.208542138034966e+01	7.197345900546217e+00	5154
-1.467707992836668e+00	1.667747422757496e+01	5155
-8.059026611621386e+00	1.477891041610640e+01	5156
8.836021939361359e+00	1.114303809660213e+01	5157
-1.337112224299251e+01	-8.459754330980296e+00	5158
-5.880148973467553e-01	-1.861545510912450e+01	5159
1.207005235482158e+01	-1.207798535619987e+01	5160
-1.452635050279282e+01	-1.929392731358358e+00	5161
6.365227184528144e+00	1.559284107644374e+01	5162
1.273968882603461e+01	-9.549480447816826e+00	5163
-1.516590428497616e+01	5.499881249088305e+00	5164
-1.414461658894710e+01	-5.631782542069977e+00	5165
-1.594367701587331e+01	2.497918511675976e+00	5166
-1.480151760344530e+01	-1.806092361536110e-01	5167
9.308287179605175e+00	-1.429531088814529e+01	5168
1.064523273381805e+01	9.421786067268101e+00	5169
1.429395898648380e+01	-5.131043548248604e+00	5170
4.983775045513370e+00	-1.816448193307952e+01	5171
-1.049149842997002e+01	1.461886733405025e+01	5172
1.458380443302541e+01	-8.223050394389842e+00	5173
1.343782635490680e+01	6.359591532293082e+00	5174
-3.371105471216260e+00	1.719106005757394e+01	5175
1.459800556753065e+01	-2.117747399728582e+00	5176
-1.457746441437938e+01	-7.269417253821421e+00	5177
-6.610693316588319e+00	1.643576564542518e+01	5178
-1.460945719885521e+01	-1.010901926238773e+01	5179
-1.727224079800668e+01	1.013729420317919e+00	5180
-1.647891175616505e+01	-8.208209878687316e-01	5181
4.678576639856668e+00	1.746613040639332e+01	5182
4.674600979985951e-01	1.792167332146651e+01	5183
-1.377917326931477e+01	1.148376943698639e+01	5184
-1.549590236980787e+01	-3.931324704005419e+00	5185
-1.578027620567558e+01	7.586269858841962e+00	5186
1.140585601406634e+01	-1.408608306931036e+01	5187
1.216174729245380e+01	8.822022160368073e+00	5188
8.442552521013983e+00	1.282651590941113e+01	5189
1.417507382831737e+01	3.884089791374184e+00	5190
1.491462406515599e+01	1.044062226388898e+00	5191
8.540997943703060e+00	-1.639251582093486e+01	5192
1.421764819121733e+01	-1.129276708745471e+01	5193
-1.653538278668433e+01	4.256208842382815e+00	5194
1.036835736586131e+01	1.094715747072045e+01	5195
1.539252072608716e+01	-3.702581458660739e+00	5196
-1.376785867296750e+01	-1.219063059208937e+01	5197
-1.721609881556527e+01	6.142545923078831e+00	5198
1.469345262747643e+01	5.384526970848287e+00	5199
1.582925030568220e+01	-6.627541581325105e-01	5200
1.492091275991275e+01	-6.966279662237326e+00	5201
1.003465256785741e+01	1.252385237798775e+01	5202
1.566570333260336e+01	-9.550329551871190e+00	5203
-5.207931476305122e+00	1.777742006675425e+01	5204
1.368573850010247e+01	8.047770565492167e+00	5205
7.684765038030026e+00	1.472446791960718e+01	5206
-1.803232658700130e+01	2.897912834051094e+00	5207
-1.615524648879168e+01	-5.944648946345268e+00	5208
1.206814524027939e+01	1.056777685335873e+01	5209
1.551539659331474e+01	2.739514382641626e+00	5210
-1.865130680437271e+01	-6.717612349671621e-01	5211
1.626278588271220e+01	-5.480487216207374e+00	5212
1.599869181639855e+01	4.344729568673478e+00	5213
1.519691134321126e+01	7.093197654424904e+00	5214
8.075750271035210e+00	1.675801978223593e+01	5215
-1.659922157418019e+01	-8.075725179842633e+00	5216
1.378437310131261e+01	9.888439880098234e+00	5217
1.652652072169419e+01	-2.318919559972395e+00	5218
1.687528603119045e+01	1.163485620977153e+00	5219
-1.769775062320966e+01	-2.664321825772224e+00	5220
1.668920852471684e+01	-7.563091113411901e+00	5221
9.654289208855081e+00	1.443701064163566e+01	5222
-1.761702173894120e+01	-4.352090104214857e+00	5223
1.176046055395480e+01	1.228739836213176e+01	5224
1.791750165610013e+01	-7.211361995726878e-01	5225
1.550740787110185e+01	9.001563459487878e+00	5226
1.743818137512212e+01	-3.976434607724490e+00	5227
1.368501737390236e+01	1.186441110121341e+01	5228
1.658712782397835e+01	6.006478524524944e+00	5229
1.755013965477121e+01	3.086393265620067e+00	5230
1.141836722223810e+01	1.405419431046331e+01	5231
1.719365349984256e+01	7.912275933574573e+00	5232
NMARK= 2
MARKER_TAG= airfoil
MARKER_ELEMS= 200
3	199	0
3	0	1
3	1	2
3	2	3
3	3	4
3	4	5
3	5	6
3	6	7
3	7	8
3	8	9
3	9	10
3	10	11
3	11	12
3	12	13
3	13	14
3	14	15
3	15	16
3	16	17
3	17	18
3	18	19
3	19	20
3	20	21
3	21	22
3	22	23
3	23	24
3	24	25
3	25	26
3	26	27
3	27	28
3	28	29
3	29	30
3	30	31
3	31	32
3	32	33
3	33	34
3	34	35
3	35	36
3	36	37
3	37	38
3	38	39
3	39	40
3	40	41
3	41	42
3	42	43
3	43	44
3	44	45
3	45	46
3	46	47
3	47	48
3	48	49
3	49	50
3	50	51
3	51	52
3	52	53
3	53	54
3	54	55
3	55	56
3	56	57
3	57	58
3	58	59
3	59	60
3	60	61
3	61	62
3	62	63
3	63	64
3	64	65
3	65	66
3	66	67
3	67	68
3	68	69
3	69	70
3	70	71
3	71	72
3	72	73
3	73	74
3	74	75
3	75	76
3	76	77
3	77	78
3	78	79
3	79	80
3	80	81
3	81	82
3	82	83
3	83	84
3	84	85
3	85	86
3	86	87
3	87	88
3	88	89
3	89	90
3	90	91
3	91	92
3	92	93
3	93	94
3	94	95
3	95	96
3	96	97
3	97	98
3	98	99
3	99	100
3	100	101
3	101	102
3	102	103
3	103	104
3	104	105
3	105	106
3	106	107
3	107	108
3	108	109
3	109	110
3	110	111
3	111	112
3	112	113
3	113	114
3	114	115
3	115	116
3	116	117
3	117	118
3	118	119
3	119	120
3	120	121
3	121	122
3	122	123
3	123	124
3	124	125
3	125	126
3	126	127
3	127	128
3	128	129
3	129	130
3	130	131
3	131	132
3	132	133
3	133	134
3	134	135
3	135	136
3	136	137
3	137	138
3	138	139
3	139	140
3	140	141
3	141	142
3	142	143
3	143	144
3	144	145
3	145	146
3	146	147
3	147	148
3	148	149
3	149	150
3	150	151
3	151	152
3	152	153
3	153	154
3	154	155
3	155	156
3	156	157
3	157	158
3	158	159
3	159	160
3	160	161
3	161	162
3	162	163
3	163	164
3	164	165
3	165	166
3	166	167
3	167	168
3	168	169
3	169	170
3	170	171
3	171	172
3	172	173
3	173	174
3	174	175
3	175	176
3	176	177
3	177	178
3	178	179
3	179	180
3	180	181
3	181	182
3	182	183
3	183	184
3	184	185
3	185	186
3	186	187
3	187	188
3	188	189
3	189	190
3	190	191
3	191	192
3	192	193
3	193	194
3	194	195
3	195	196
3	196	197
3	197	198
3	198	199
MARKER_TAG= farfield
MARKER_ELEMS= 50
3	200	201
3	201	202
3	202	203
3	203	204
3	204	205
3	205	206
3	206	207
3	207	208
3	208	209
3	209	210
3	210	211
3	211	212
3	212	213
3	213	214
3	214	215
3	215	216
3	216	217
3	217	218
3	218	219
3	219	220
3	220	221
3	221	222
3	222	223
3	223	224
3	224	225
3	225	226
3	226	227
3	227	228
3	228	229
3	229	230
3	230	231
3	231	232
3	232	233
3	233	234
3	234	235
3	235	236
3	236	237
3	237	238
3	238	239
3	239	240
3	240	241
3	241	242
3	242	243
3	243	244
3	244	245
3	245	246
3	246	247
3	247	248
3	248	249
3	249	200
