"Time_Iter","Outer_Iter","Inner_Iter",    "rms[Rho]"    ,    "rms[RhoU]"   ,    "rms[RhoV]"   ,    "rms[RhoE]"   ,    "RefForce"    ,       "CD"       ,       "CL"       ,       "CSF"      ,       "CMx"      ,       "CMy"      ,       "CMz"      ,       "CFx"      ,       "CFy"      ,       "CFz"      ,      "CEff"      
          0,           0,           0,      -5.750750254,      -5.671387665,      -6.414196823,      -5.154370398,             0.448,    0.002009226501,     0.07785842498,                 0,                 0,                 0,    -0.03041554659,     0.00031027577,     0.07788372782,                 0,       38.75044696
          0,           0,           1,      -6.024562061,       -5.87033308,      -5.871344275,      -5.423692456,             0.448,    0.001799122202,     0.07806636676,                 0,                 0,                 0,    -0.03096242539,   9.568524354e-05,     0.07808703673,                 0,       43.39136423
          0,           0,           2,      -5.951567126,      -5.897632694,      -6.026449649,      -5.367506374,             0.448,    0.001769527297,     0.07879976651,                 0,                 0,                 0,    -0.03086351362,   5.009835064e-05,     0.07881961634,                 0,       44.53153485
          0,           0,           3,      -5.952279152,      -5.980681909,      -5.965663558,      -5.365054168,             0.448,    0.001790393886,      0.0786850383,                 0,                 0,                 0,    -0.03068841282,   7.346275652e-05,     0.07870537063,                 0,       43.94845118
          0,           0,           4,      -5.920071931,      -5.986851728,      -5.963204577,      -5.336943257,             0.448,    0.001765285863,     0.07876389778,                 0,                 0,                 0,    -0.03065399306,   4.664039795e-05,     0.07878366362,                 0,       44.61821138
          0,           0,           5,      -5.925988071,      -6.083666669,       -6.01394921,      -5.353653092,             0.448,    0.001754622393,     0.07918007936,                 0,                 0,                 0,    -0.03055517719,   2.690051199e-05,     0.07919951353,                 0,        45.1265638
          0,           0,           6,      -5.905835423,      -6.158184378,      -6.056214077,      -5.337141144,             0.448,     0.00173841411,     0.07941815125,                 0,                 0,                 0,    -0.03052042834,   5.502575602e-06,     0.07943717518,                 0,        45.6842537
          0,           0,           7,      -5.886581157,      -6.147817871,      -6.035012225,      -5.317944886,             0.448,    0.001724328226,     0.07961124957,                 0,                 0,                 0,    -0.03049914795,  -1.279237407e-05,     0.07962992027,                 0,       46.16942898
          0,           0,           8,      -5.872238761,      -6.144791338,      -6.040836178,      -5.306531427,             0.448,     0.00171332009,     0.07984887676,                 0,                 0,                 0,    -0.03046319142,  -2.898170089e-05,     0.07986725077,                 0,       46.60476303
          0,           0,           9,      -5.861504175,      -6.193029926,      -6.073710537,      -5.299486175,             0.448,     0.00170018555,     0.08007777877,                 0,                 0,                 0,    -0.03044045732,  -4.710658561e-05,     0.08009581178,                 0,       47.09943498
          0,           0,          10,      -5.849736081,      -6.230843426,      -6.103387757,      -5.289631018,             0.448,    0.001687278413,     0.08028423762,                 0,                 0,                 0,    -0.03043261197,  -6.451452771e-05,     0.08030193993,                 0,       47.58209257
          0,           0,          11,      -5.839200342,       -6.24311887,      -6.118149334,      -5.280687783,             0.448,    0.001675028225,     0.08047104815,                 0,                 0,                 0,     -0.0304373933,   -8.08370503e-05,     0.08048843877,                 0,       48.04160727
          0,           0,          12,      -5.830582708,      -6.258746165,       -6.13123751,      -5.273911509,             0.448,    0.001662668962,     0.08064345223,                 0,                 0,                 0,    -0.03045127016,  -9.695434759e-05,     0.08066053221,                 0,       48.50241033
          0,           0,          13,      -5.821977205,      -6.271179407,      -6.145777515,      -5.266410656,             0.448,     0.00165052752,     0.08080712781,                 0,                 0,                 0,     -0.0304696444,   -0.000112663464,     0.08082390397,                 0,       48.95836442
          0,           0,          14,      -5.812587576,      -6.280635095,      -6.157876319,      -5.257241001,             0.448,    0.001639035437,     0.08096130802,                 0,                 0,                 0,    -0.03049175167,  -0.0001275162357,     0.08097779679,                 0,       49.39570322
          0,           0,          15,      -5.802238687,        -6.2928703,      -6.168266719,      -5.246853806,             0.448,    0.001628119891,      0.0811013991,                 0,                 0,                 0,    -0.03051880526,  -0.0001414852546,     0.08111761641,                 0,       49.81291582
          0,           0,          16,      -5.791588409,      -6.308825503,      -6.178057273,       -5.23645227,             0.448,    0.001617629673,     0.08122572379,                 0,                 0,                 0,    -0.03055029034,  -0.0001546851053,     0.08124168268,                 0,       50.21280528
          0,           0,          17,      -5.781457291,      -6.325210096,      -6.187489271,      -5.226915483,             0.448,    0.001607610493,     0.08133607243,                 0,                 0,                 0,    -0.03058419082,  -0.0001671091436,     0.08135178648,                 0,        50.5943901
          0,           0,          18,      -5.772141318,      -6.336940054,       -6.19751571,      -5.218304804,             0.448,    0.001598179614,     0.08143461407,                 0,                 0,                 0,     -0.0306189274,  -0.0001786874536,     0.08145009894,                 0,       50.95460696
          0,           0,          19,       -5.76356431,      -6.341487689,      -6.208708722,      -5.210317237,             0.448,    0.001589389999,     0.08152241455,                 0,                 0,                 0,    -0.03065390876,  -0.0001893903338,     0.08153768678,                 0,       51.29163679
          0,           0,          20,      -5.755653082,      -6.340672085,      -6.220204169,      -5.202788426,             0.448,    0.001581268601,     0.08160012833,                 0,                 0,                 0,    -0.03068885039,  -0.0001992051163,     0.08161520491,                 0,       51.60421719
          0,           0,          21,      -5.748501237,      -6.338374179,      -6.230554894,      -5.195872876,             0.448,    0.001573860204,      0.0816683744,                 0,                 0,                 0,    -0.03072344232,  -0.0002081005309,     0.08168327312,                 0,       51.89048824
          0,           0,          22,      -5.741884592,      -6.336988667,      -6.239421893,      -5.189388454,             0.448,    0.001567262197,     0.08172824885,                 0,                 0,                 0,    -0.03075718651,  -0.0002160031213,     0.08174298938,                 0,       52.14714486
          0,           0,          23,      -5.735875571,      -6.337282339,      -6.246975457,      -5.183422822,             0.448,    0.001561570771,     0.08178095327,                 0,                 0,                 0,    -0.03078961894,  -0.0002228429339,      0.0817955571,                 0,       52.37095544
          0,           0,          24,      -5.730437146,      -6.338776041,      -6.253365992,      -5.177960818,             0.448,    0.001556848293,     0.08182740396,                 0,                 0,                 0,    -0.03082040412,  -0.0002285776048,     0.08184189372,                 0,       52.55965165
          0,           0,          25,      -5.725512611,      -6.341077599,      -6.258877149,       -5.17295838,             0.448,    0.001553111735,     0.08186827911,                 0,                 0,                 0,    -0.03084934711,  -0.0002332049606,     0.08188267763,                 0,       52.71242067
          0,           0,          26,      -5.721508888,      -6.344459921,      -6.263843404,      -5.168857992,             0.448,    0.001550339539,     0.08190429906,                 0,                 0,                 0,    -0.03087633237,  -0.0002367622675,     0.08191862854,                 0,       52.82991048
          0,           0,          27,      -5.718473346,      -6.349357534,      -6.268974482,      -5.165705733,             0.448,    0.001548489099,     0.08193615618,                 0,                 0,                 0,    -0.03090128142,  -0.0002393072266,      0.0819504377,                 0,        52.9136151
          0,           0,          28,      -5.716407345,      -6.356006252,      -6.274860755,      -5.163525415,             0.448,    0.001547513881,     0.08196449575,                 0,                 0,                 0,    -0.03092409923,  -0.0002409004369,     0.08197874926,                 0,       52.96527336
          0,           0,          29,      -5.715265724,      -6.364557997,      -6.281873031,      -5.162279258,             0.448,    0.001547360562,     0.08198988553,                 0,                 0,                 0,    -0.03094467314,   -0.000241607595,     0.08200412965,                 0,       52.98692984
          0,           0,          30,      -5.714950364,      -6.375035031,      -6.289760532,      -5.161862705,             0.448,     0.00154792959,     0.08201281334,                 0,                 0,                 0,    -0.03096301431,  -0.0002415388699,     0.08202706441,                 0,       52.98226346
          0,           0,          31,      -5.715620448,      -6.387401825,      -6.298236589,      -5.162445755,             0.448,    0.001549072999,     0.08203354617,                 0,                 0,                 0,    -0.03097928089,  -0.0002408480166,     0.08204781726,                 0,       52.95653994
          0,           0,          32,      -5.717298026,      -6.401445606,      -6.307086489,      -5.164037303,             0.448,    0.001550655125,     0.08205249376,                 0,                 0,                 0,    -0.03099356064,  -0.0002396796071,     0.08206679485,                 0,       52.91472774
          0,           0,          33,      -5.719983184,      -6.416575803,          -6.31622,      -5.166635545,             0.448,    0.001552549993,     0.08206995127,                 0,                 0,                 0,    -0.03100593567,  -0.0002381660232,     0.08208428954,                 0,       52.86139037
          0,           0,          34,      -5.723657122,      -6.432271029,       -6.32558568,      -5.170219788,             0.448,    0.001554635452,     0.08208619552,                 0,                 0,                 0,    -0.03101649958,  -0.0002364354271,     0.08210057542,                 0,       52.80092861
          0,           0,          35,      -5.728425291,      -6.448346718,      -6.335147228,      -5.174914737,             0.448,    0.001556821954,     0.08210143362,                 0,                 0,                 0,    -0.03102523017,  -0.0002345818633,     0.08211585759,                 0,       52.73655952
          0,           0,          36,      -5.734478943,      -6.465117315,      -6.345351004,      -5.180975073,             0.448,    0.001558986626,     0.08211541561,                 0,                 0,                 0,    -0.03103235193,  -0.0002327227215,     0.08212988348,                 0,       52.67230278
          0,           0,          37,      -5.741760906,      -6.481854448,      -6.356107506,      -5.188321886,             0.448,    0.001561046454,     0.08212911769,                 0,                 0,                 0,    -0.03103786839,  -0.0002309622932,     0.08214362723,                 0,       52.61157827
          0,           0,          38,      -5.750516582,      -6.498396408,      -6.366947527,      -5.197168343,             0.448,    0.001562914004,     0.08214210997,                 0,                 0,                 0,    -0.03104201189,  -0.0002293786127,     0.08215665716,                 0,       52.55702474
          0,           0,          39,      -5.759948896,      -6.514603243,      -6.378437806,       -5.20666904,             0.448,    0.001564552911,     0.08215500075,                 0,                 0,                 0,    -0.03104479291,  -0.0002280213069,     0.08216958063,                 0,       52.51020927
          0,           0,          40,      -5.770092904,      -6.531032312,      -6.391116541,       -5.21685914,             0.448,    0.001565943573,     0.08216806986,                 0,                 0,                 0,    -0.03104626567,  -0.0002269160766,     0.08218267697,                 0,       52.47192254
          0,           0,          41,      -5.780911883,      -6.548312487,      -6.404824347,      -5.227732516,             0.448,    0.001567055327,      0.0821812321,                 0,                 0,                 0,    -0.03104662011,  -0.0002260917196,     0.08219586033,                 0,       52.44309544
          0,           0,          42,      -5.792372252,      -6.566651386,      -6.419163086,      -5.239269318,             0.448,    0.001567894573,     0.08219454162,                 0,                 0,                 0,    -0.03104597231,   -0.000225543019,     0.08220918498,                 0,       52.42351305
          0,           0,          43,      -5.804424539,      -6.585804626,      -6.433786119,      -5.251414913,             0.448,    0.001568491804,     0.08220822059,                 0,                 0,                 0,    -0.03104438435,  -0.0002252443358,     0.08222287373,                 0,       52.41227298
          0,           0,          44,      -5.817051864,      -6.605333194,      -6.448510674,      -5.264147679,             0.448,      0.0015688788,     0.08222236992,                 0,                 0,                 0,    -0.03104196131,  -0.0002251660976,     0.08223702813,                 0,       52.40836317
          0,           0,          45,      -5.830249204,      -6.624949053,      -6.463271531,      -5.277458344,             0.448,    0.001569094858,      0.0822369423,                 0,                 0,                 0,    -0.03103881897,  -0.0002252679854,     0.08225160176,                 0,       52.41043386
          0,           0,          46,      -5.843983458,      -6.644533066,      -6.478138155,       -5.29130803,             0.448,    0.001569186156,     0.08225202533,                 0,                 0,                 0,     -0.0310350588,  -0.0002255057443,     0.08226668319,                 0,       52.41699655
          0,           0,          47,       -5.85820308,      -6.663947998,      -6.493189357,      -5.305637941,             0.448,    0.001569198442,     0.08226761745,                 0,                 0,                 0,    -0.03103079353,  -0.0002258336011,     0.08228227187,                 0,        52.4265225
          0,           0,          48,      -5.872879262,       -6.68315753,      -6.508474458,      -5.320418003,             0.448,    0.001569179699,     0.08228371546,                 0,                 0,                 0,    -0.03102611643,  -0.0002262035163,     0.08229836564,                 0,       52.43740759
          0,           0,          49,      -5.887985959,      -6.702220261,      -6.523994126,      -5.335621754,             0.448,    0.001569177301,     0.08230034803,                 0,                 0,                 0,    -0.03102109584,  -0.0002265687516,      0.0823149942,                 0,       52.44808728
          0,           0,          50,      -5.903507084,      -6.721226704,      -6.539753563,      -5.351230831,             0.448,    0.001569228221,     0.08231747135,                 0,                 0,                 0,    -0.03101581067,  -0.0002268913867,     0.08233211456,                 0,       52.45729732
          0,           0,          51,       -5.91941532,      -6.740230653,      -6.555780646,        -5.3672134,             0.448,    0.001569367004,     0.08233505836,                 0,                 0,                 0,    -0.03101031536,  -0.0002271362948,     0.08234970041,                 0,       52.46386481
          0,           0,          52,      -5.935680359,      -6.759258656,      -6.572051348,       -5.38353869,             0.448,    0.001569619139,     0.08235305438,                 0,                 0,                 0,    -0.03100466099,  -0.0002272768016,     0.08236769765,                 0,       52.46690254
          0,           0,          53,      -5.952268528,      -6.778399708,      -6.588614379,      -5.400174802,             0.448,    0.001570012052,     0.08237114573,                 0,                 0,                 0,    -0.03099885993,  -0.0002272786429,     0.08238579326,                 0,       52.46529518
          0,           0,          54,       -5.96929036,      -6.797983664,      -6.605772618,      -5.417286516,             0.448,     0.00157055239,     0.08238906066,                 0,                 0,                 0,    -0.03099295398,   -0.000227129245,     0.08240371571,                 0,        52.4586516
          0,           0,          55,      -5.986743479,      -6.818301015,      -6.623535202,      -5.434821885,             0.448,    0.001571200596,     0.08240729915,                 0,                 0,                 0,    -0.03098708851,  -0.0002268790637,       0.082421964,                 0,       52.44861753
          0,           0,          56,      -6.004613636,      -6.839293785,        -6.6408631,      -5.452698482,             0.448,    0.001571947737,     0.08242590465,                 0,                 0,                 0,    -0.03098129197,  -0.0002265379775,     0.08244058138,                 0,       52.43552485
          0,           0,          57,      -6.022770245,      -6.859962212,      -6.657175439,      -5.470831723,             0.448,     0.00157278556,     0.08244480473,                 0,                 0,                 0,     -0.0309755585,  -0.0002261126572,     0.08245949523,                 0,        52.4196094
          0,           0,          58,      -6.041124115,      -6.880344388,      -6.672695647,      -5.489192036,             0.448,     0.00157371088,     0.08246399738,                 0,                 0,                 0,    -0.03096982153,  -0.0002256062427,      0.0824787035,                 0,       52.40098319
          0,           0,          59,      -6.059620972,      -6.900852787,      -6.688163789,      -5.507744586,             0.448,    0.001574678845,     0.08248344671,                 0,                 0,                 0,    -0.03096417594,  -0.0002250627933,     0.08249816932,                 0,       52.38112329
          0,           0,          60,      -6.078125809,       -6.92137527,      -6.703973789,      -5.526276134,             0.448,    0.001575664158,     0.08250304925,                 0,                 0,                 0,    -0.03095865328,  -0.0002245053421,     0.08251778869,                 0,       52.36080852
          0,           0,          61,      -6.096594189,      -6.942123363,      -6.720104232,      -5.544706531,             0.448,     0.00157665675,     0.08252264315,                 0,                 0,                 0,    -0.03095322985,  -0.0002239404247,     0.08253739959,                 0,         52.340272
          0,           0,          62,      -6.115058905,      -6.963109457,      -6.736164086,       -5.56310988,             0.448,    0.001577625389,     0.08254212247,                 0,                 0,                 0,    -0.03094793943,  -0.0002233969551,      0.0825568954,                 0,       52.32048307
          0,           0,          63,      -6.133599663,       -6.98390903,       -6.75181392,      -5.581599077,             0.448,    0.001578537577,     0.08256143248,                 0,                 0,                 0,    -0.03094282196,    -0.00022290623,     0.08257622071,                 0,       52.30248154
          0,           0,          64,      -6.152239691,      -7.004103506,       -6.76701039,      -5.600205391,             0.448,    0.001579373549,     0.08258057666,                 0,                 0,                 0,    -0.03093788533,  -0.0002224880853,     0.08259537857,                 0,        52.2869189
          0,           0,          65,      -6.170989033,      -7.023672573,      -6.781788055,      -5.618942961,             0.448,    0.001580115213,     0.08259952587,                 0,                 0,                 0,    -0.03093315091,  -0.0002221599727,     0.08261433945,                 0,       52.27436911
          0,           0,          66,      -6.189880135,      -7.042760609,      -6.796117573,      -5.637846264,             0.448,    0.001580748146,     0.08261824469,                 0,                 0,                 0,    -0.03092863981,  -0.0002219355387,     0.08263306762,                 0,       52.26528014
          0,           0,          67,      -6.208909441,      -7.061295188,      -6.810130281,      -5.656910425,             0.448,    0.001581259058,     0.08263666683,                 0,                 0,                 0,    -0.03092438337,  -0.0002218266251,     0.08265149653,                 0,       52.26004328
          0,           0,          68,      -6.228040685,      -7.079079964,      -6.823968154,      -5.676098467,             0.448,    0.001581640944,     0.08265471462,                 0,                 0,                 0,    -0.03092041054,  -0.0002218385405,     0.08266954835,                 0,       52.25883594
          0,           0,          69,      -6.247257325,      -7.095902069,      -6.837736446,      -5.695396892,             0.448,    0.001581896923,     0.08267236056,                 0,                 0,                 0,    -0.03091672882,  -0.0002219675666,     0.08268719568,                 0,       52.26153446
          0,           0,          70,      -6.266506332,      -7.111594272,      -6.851490904,      -5.714753812,             0.448,    0.001582032205,      0.0826895507,                 0,                 0,                 0,    -0.03091335302,  -0.0002222073179,     0.08270438467,                 0,       52.26793136
          0,           0,          71,      -6.285731015,      -7.126078978,      -6.865161779,      -5.734107549,             0.448,    0.001582045946,     0.08270612804,                 0,                 0,                 0,    -0.03091033403,  -0.0002225552132,     0.08272095838,                 0,       52.27795581
          0,           0,          72,      -6.304852597,      -7.139216131,      -6.879053656,      -5.753381699,             0.448,    0.001581950233,     0.08272205432,                 0,                 0,                 0,    -0.03090767555,  -0.0002229983332,     0.08273687877,                 0,       52.29118628
          0,           0,          73,      -6.323771061,      -7.150877758,      -6.892942574,      -5.772477713,             0.448,    0.001581763984,     0.08273733566,                 0,                 0,                 0,      -0.030905357,  -0.0002235178985,     0.08275215241,                 0,       52.30700439
          0,           0,          74,      -6.342348059,      -7.161121428,      -6.906737175,       -5.79125018,             0.448,    0.001581502316,     0.08275192341,                 0,                 0,                 0,    -0.03090337614,  -0.0002240977342,     0.08276673098,                 0,       52.32488284
          0,           0,          75,      -6.360501984,      -7.169983314,      -6.920541935,      -5.809608853,             0.448,    0.001581179444,     0.08276578514,                 0,                 0,                 0,     -0.0309017325,  -0.0002247229216,     0.08278058238,                 0,       52.34433414
          0,           0,          76,      -6.378265111,      -7.177653798,      -6.934525959,      -5.827583895,             0.448,    0.001580807697,     0.08277886884,                 0,                 0,                 0,    -0.03090043308,  -0.0002253799992,     0.08279365485,                 0,       52.36492015
          0,           0,          77,      -6.395565395,      -7.184611282,      -6.948497175,      -5.845097071,             0.448,    0.001580402115,     0.08279116324,                 0,                 0,                 0,    -0.03089946735,   -0.000226053686,     0.08280593748,                 0,       52.38613797
          0,           0,          78,      -6.412307416,      -7.191012769,      -6.962263729,       -5.86205249,             0.448,    0.001579976124,     0.08280265823,                 0,                 0,                 0,    -0.03089882305,  -0.0002267303373,     0.08281742044,                 0,       52.40753766
          0,           0,          79,      -6.428425764,      -7.197044934,      -6.975662749,      -5.878382184,             0.448,    0.001579539424,     0.08281330572,                 0,                 0,                 0,    -0.03089849607,  -0.0002273992069,     0.08282805587,                 0,       52.42876781
          0,           0,          80,      -6.443910854,      -7.202830495,      -6.988651506,      -5.894073541,             0.448,    0.001579105156,     0.08282311654,                 0,                 0,                 0,    -0.03089845776,  -0.0002280473939,     0.08283785488,                 0,        52.4493991
          0,           0,          81,      -6.458746213,      -7.208676254,      -7.001109357,       -5.90910868,             0.448,    0.001578674749,      0.0828320254,                 0,                 0,                 0,    -0.03089871586,  -0.0002286720437,     0.08284675223,                 0,       52.46934204
          0,           0,          82,      -6.472856021,      -7.214690732,      -7.012901933,      -5.923400976,             0.448,     0.00157825721,     0.08284006449,                 0,                 0,                 0,    -0.03089924129,  -0.0002292648554,     0.08285478029,                 0,       52.48831683
          0,           0,          83,       -6.48625106,      -7.220989062,      -7.023953502,      -5.936955144,             0.448,    0.001577854544,     0.08284723837,                 0,                 0,                 0,    -0.03090002099,  -0.0002298239232,     0.08286194368,                 0,       52.50625838
          0,           0,          84,      -6.498962626,      -7.227823485,      -7.034325143,       -5.94979787,             0.448,    0.001577463673,     0.08285352983,                 0,                 0,                 0,    -0.03090105316,  -0.0002303519485,     0.08286822513,                 0,       52.52325695
          0,           0,          85,      -6.511029649,      -7.235309845,      -7.043992187,      -5.961973995,             0.448,    0.001577088044,     0.08285897507,                 0,                 0,                 0,    -0.03090230716,  -0.0002308462752,     0.08287366087,                 0,       52.53921959
          0,           0,          86,      -6.522515069,      -7.243569691,      -7.052992101,      -5.973548841,             0.448,    0.001576727992,     0.08286357676,                 0,                 0,                 0,    -0.03090376393,   -0.000231306627,     0.08287825362,                 0,       52.55413564
          0,           0,          87,      -6.533467822,      -7.252455867,      -7.060997998,      -5.984568032,             0.448,    0.001576378483,     0.08286731521,                 0,                 0,                 0,    -0.03090542254,  -0.0002317376072,     0.08288198355,                 0,       52.56815931
          0,           0,          88,      -6.543966548,      -7.261844467,      -7.068123814,      -5.995103156,             0.448,    0.001576040694,      0.0828702535,                 0,                 0,                 0,    -0.03090725268,  -0.0002321394137,     0.08288491377,                 0,       52.58129045
          0,           0,          89,       -6.55409995,      -7.271714455,      -7.074738884,      -6.005244396,             0.448,     0.00157571187,     0.08287239861,                 0,                 0,                 0,    -0.03090923906,  -0.0002325149546,      0.0828870512,                 0,       52.59362461
          0,           0,          90,        -6.5639619,      -7.282141979,      -7.081104302,       -6.01508845,             0.448,    0.001575389245,     0.08287375064,                 0,                 0,                 0,    -0.03091136898,  -0.0002328669976,     0.08288839587,                 0,       52.60525353
          0,           0,          91,      -6.573518179,      -7.293090576,      -7.087289875,       -6.02459266,             0.448,    0.001575070664,     0.08287433356,                 0,                 0,                 0,    -0.03091362678,  -0.0002331982187,      0.0828889717,                 0,       52.61626379
          0,           0,          92,      -6.582824235,      -7.304488509,      -7.093289362,      -6.033828715,             0.448,    0.001574756837,     0.08287424041,                 0,                 0,                 0,     -0.0309159792,  -0.0002335099396,     0.08288887172,                 0,       52.62669034
          0,           0,          93,      -6.591964307,      -7.316330239,      -7.099286422,      -6.042883835,             0.448,    0.001574444142,     0.08287350398,                 0,                 0,                 0,    -0.03091841174,  -0.0002338064945,     0.08288812865,                 0,       52.63667459
          0,           0,          94,      -6.601045707,      -7.328703881,      -7.105502517,      -6.051861744,             0.448,    0.001574131786,     0.08287216092,                 0,                 0,                 0,    -0.03092090371,  -0.0002340894778,     0.08288677909,                 0,       52.64626613
          0,           0,          95,      -6.610117922,      -7.341646288,      -7.112106804,      -6.060813686,             0.448,     0.00157382107,     0.08287024167,                 0,                 0,                 0,    -0.03092343264,  -0.0002343582519,     0.08288485353,                 0,       52.65544048
          0,           0,          96,      -6.619211859,      -7.355048512,       -7.11879123,      -6.069767466,             0.448,    0.001573515536,     0.08286780314,                 0,                 0,                 0,    -0.03092596833,  -0.0002346105162,     0.08288240891,                 0,       52.66411498
          0,           0,          97,      -6.628289302,      -7.368776201,      -7.126365021,      -6.078693914,             0.448,    0.001573218415,     0.08286490998,                 0,                 0,                 0,     -0.0309284823,  -0.0002348444527,     0.08287950995,                 0,       52.67222223
          0,           0,          98,      -6.637418851,      -7.382990562,      -7.134599808,      -6.087692662,             0.448,    0.001572930519,     0.08286163509,                 0,                 0,                 0,    -0.03093095516,  -0.0002350608397,     0.08287622957,                 0,        52.6797809
          0,           0,          99,      -6.646684033,      -7.397887137,      -7.143499057,      -6.096834264,             0.448,    0.001572646274,     0.08285798154,                 0,                 0,                 0,    -0.03093339478,  -0.0002352653147,     0.08287257068,                 0,       52.68697921
          0,           0,         100,      -6.656142332,      -7.413526539,      -7.153156253,      -6.106169016,             0.448,    0.001572365215,     0.08285398016,                 0,                 0,                 0,    -0.03093579131,  -0.0002354590176,     0.08286856413,                 0,       52.69385216
          0,           0,         101,      -6.665816998,      -7.429883193,      -7.163570173,      -6.115729863,             0.448,    0.001572090433,     0.08284968483,                 0,                 0,                 0,    -0.03093812431,  -0.0002356400311,     0.08286426382,                 0,       52.70033012
          0,           0,         102,      -6.675706988,      -7.446944945,      -7.175010694,      -6.125523687,             0.448,    0.001571824656,     0.08284514647,                 0,                 0,                 0,    -0.03094037766,  -0.0002358067412,     0.08285972074,                 0,       52.70635381
          0,           0,         103,      -6.685850151,      -7.464554005,      -7.187158196,      -6.135591601,             0.448,    0.001571570056,     0.08284042205,                 0,                 0,                 0,    -0.03094253763,   -0.000235958218,     0.08285499189,                 0,       52.71188625
          0,           0,         104,      -6.696279883,      -7.482632867,      -7.199948276,      -6.145959261,             0.448,    0.001571328988,     0.08283556623,                 0,                 0,                 0,     -0.0309445911,  -0.0002360932993,     0.08285013197,                 0,       52.71688287
          0,           0,         105,      -6.707011397,       -7.50115256,      -7.213541243,      -6.156638668,             0.448,     0.00157110222,     0.08283061557,                 0,                 0,                 0,    -0.03094653277,  -0.0002362120159,     0.08284517754,                 0,        52.7213408
          0,           0,         106,      -6.718055986,      -7.520053416,      -7.227941377,      -6.167645588,             0.448,    0.001570890392,     0.08282560589,                 0,                 0,                 0,    -0.03094835862,  -0.0002363145074,     0.08284016443,                 0,       52.72526097
          0,           0,         107,      -6.729448125,      -7.539270324,      -7.243036111,       -6.17902018,             0.448,    0.001570694981,     0.08282057853,                 0,                 0,                 0,    -0.03095006208,  -0.0002364002009,     0.08283513401,                 0,       52.72861983
          0,           0,         108,      -6.741134687,      -7.558674659,      -7.258752359,      -6.190705255,             0.448,    0.001570516844,     0.08281556834,                 0,                 0,                 0,    -0.03095163991,   -0.000236468999,     0.08283012112,                 0,       52.73141047
          0,           0,         109,      -6.753094718,      -7.578131391,      -7.274956225,      -6.202680379,             0.448,    0.001570356732,     0.08281060789,                 0,                 0,                 0,    -0.03095309063,  -0.0002365208606,     0.08282515836,                 0,       52.73362808
          0,           0,         110,      -6.765311899,      -7.597505652,      -7.291552771,      -6.214926388,             0.448,     0.00157021504,     0.08280572634,                 0,                 0,                 0,    -0.03095441463,  -0.0002365560288,     0.08282027488,                 0,        52.7352778
          0,           0,         111,      -6.777766034,      -7.616690765,      -7.308458044,      -6.227421995,             0.448,    0.001570091702,     0.08280094894,                 0,                 0,                 0,    -0.03095561389,  -0.0002365751196,     0.08281549592,                 0,       52.73637766
          0,           0,         112,      -6.790478684,      -7.635615123,      -7.325749245,      -6.240191992,             0.448,    0.001569986595,     0.08279629096,                 0,                 0,                 0,    -0.03095669125,  -0.0002365785883,     0.08281083676,                 0,       52.73694135
          0,           0,         113,      -6.803395935,      -7.654250611,      -7.343147395,      -6.253182266,             0.448,    0.001569898871,     0.08279175623,                 0,                 0,                 0,    -0.03095765305,  -0.0002365673669,      0.0828063012,                 0,       52.73699968
          0,           0,         114,      -6.816433335,      -7.672403731,      -7.360251722,      -6.266297328,             0.448,      0.0015698285,     0.08278737344,                 0,                 0,                 0,      -0.030958501,  -0.0002365421105,     0.08280191792,                 0,       52.73657182
          0,           0,         115,      -6.829567846,      -7.689686873,      -7.376774358,      -6.279511203,             0.448,    0.001569775193,     0.08278316967,                 0,                 0,                 0,     -0.0309592376,  -0.0002365036999,     0.08279771398,                 0,       52.73568472
          0,           0,         116,      -6.842776591,      -7.705922212,      -7.392659814,      -6.292799477,             0.448,    0.001569737627,     0.08277915618,                 0,                 0,                 0,    -0.03095986943,  -0.0002364537033,     0.08279370063,                 0,       52.73438997
          0,           0,         117,      -6.856028414,      -7.721122822,      -7.407911827,      -6.306130366,             0.448,    0.001569715182,     0.08277534651,                 0,                 0,                 0,    -0.03096040062,  -0.0002363930351,     0.08278989137,                 0,       52.73271701
          0,           0,         118,      -6.869317046,      -7.735292256,      -7.422433179,       -6.31949705,             0.448,    0.001569705333,     0.08277172807,                 0,                 0,                 0,    -0.03096084388,  -0.0002363239463,     0.08278627358,                 0,       52.73074272
          0,           0,         119,       -6.88256137,      -7.748541683,      -7.436184125,       -6.33280894,             0.448,    0.001569707705,     0.08276831272,                 0,                 0,                 0,    -0.03096120276,  -0.0002362470691,      0.0827828591,                 0,       52.72848725
          0,           0,         120,      -6.895747426,       -7.76115579,      -7.449208347,      -6.346057471,             0.448,    0.001569722381,     0.08276511907,                 0,                 0,                 0,     -0.0309614782,  -0.0002361627282,     0.08277966652,                 0,       52.72595976
          0,           0,         121,      -6.908902632,       -7.77338799,      -7.461444192,      -6.359269183,             0.448,    0.001569746629,     0.08276213749,                 0,                 0,                 0,    -0.03096168199,  -0.0002360734423,     0.08277668618,                 0,       52.72324586
          0,           0,         122,      -6.921988158,      -7.785237701,      -7.472816981,      -6.372397216,             0.448,    0.001569776991,     0.08275934008,                 0,                 0,                 0,     -0.0309618304,  -0.0002359820633,     0.08277389011,                 0,        52.7204441
          0,           0,         123,      -6.934992283,      -7.796587828,       -7.48329782,      -6.385433324,             0.448,    0.001569813185,     0.08275673378,                 0,                 0,                 0,    -0.03096192611,  -0.0002358890216,     0.08277128521,                 0,        52.7175683
          0,           0,         124,      -6.947963208,      -7.807713843,      -7.492993301,      -6.398428983,             0.448,     0.00156985392,     0.08275431528,                 0,                 0,                 0,    -0.03096197565,  -0.0002357955369,     0.08276886818,                 0,       52.71465978
          0,           0,         125,      -6.960901123,      -7.818814215,      -7.501884286,      -6.411378975,             0.448,     0.00156989775,     0.08275207596,                 0,                 0,                 0,    -0.03096198624,  -0.0002357028671,     0.08276663035,                 0,       52.71176163
          0,           0,         126,      -6.973783307,      -7.829833728,      -7.509964864,      -6.424259731,             0.448,    0.001569943761,     0.08275000933,                 0,                 0,                 0,    -0.03096196311,  -0.0002356117835,     0.08276456521,                 0,       52.70890041
          0,           0,         127,      -6.986601849,      -7.840799516,      -7.517321983,      -6.437061926,             0.448,    0.001569992411,     0.08274812074,                 0,                 0,                 0,    -0.03096190611,  -0.0002355219455,     0.08276267814,                 0,       52.70606416
          0,           0,         128,      -6.999344179,       -7.85179551,      -7.524178458,      -6.449772232,             0.448,    0.001570043097,     0.08274640423,                 0,                 0,                 0,    -0.03096181914,  -0.0002354338261,     0.08276096314,                 0,       52.70326935
          0,           0,         129,      -7.012000256,       -7.86295557,      -7.530772888,      -6.462377196,             0.448,    0.001570095317,     0.08274485231,                 0,                 0,                 0,    -0.03096170568,  -0.0002353477636,     0.08275941272,                 0,       52.70052806
          0,           0,         130,      -7.024577035,      -7.874360584,      -7.537331064,      -6.474883412,             0.448,      0.0015701489,     0.08274345837,                 0,                 0,                 0,    -0.03096156822,  -0.0002352637842,     0.08275802029,                 0,       52.69784181
          0,           0,         131,      -7.037059894,      -7.886008016,      -7.543868118,      -6.487275573,             0.448,    0.001570203511,     0.08274221513,                 0,                 0,                 0,    -0.03096140976,  -0.0002351820656,     0.08275677853,                 0,       52.69521725
          0,           0,         132,      -7.049419822,      -7.897741412,      -7.550378681,      -6.499519689,             0.448,    0.001570259126,     0.08274111614,                 0,                 0,                 0,    -0.03096123189,  -0.0002351024897,     0.08275568102,                 0,       52.69265103
          0,           0,         133,      -7.061713711,      -7.909658627,      -7.557190531,      -6.511681709,             0.448,    0.001570315836,     0.08274015762,                 0,                 0,                 0,    -0.03096103597,  -0.0002350248826,     0.08275472397,                 0,       52.69013768
          0,           0,         134,      -7.073972813,       -7.92188326,      -7.564401615,      -6.523804563,             0.448,    0.001570372535,      0.0827393272,                 0,                 0,                 0,    -0.03096082783,  -0.0002349500816,     0.08275389498,                 0,       52.68770648
          0,           0,         135,      -7.086205076,      -7.934475274,      -7.572012165,      -6.535897916,             0.448,    0.001570428292,      0.0827386122,                 0,                 0,                 0,    -0.03096061191,  -0.0002348787402,     0.08275318137,                 0,       52.68538055
          0,           0,         136,      -7.098439712,      -7.947359587,      -7.579943395,      -6.547987426,             0.448,    0.001570482561,     0.08273800208,                 0,                 0,                 0,    -0.03096039094,  -0.0002348111742,     0.08275257257,                 0,       52.68317147
          0,           0,         137,      -7.110714703,      -7.960454508,       -7.58831796,      -6.560109274,             0.448,    0.001570535505,     0.08273749343,                 0,                 0,                 0,    -0.03096016533,  -0.0002347471474,      0.0827520652,                 0,       52.68107163
          0,           0,         138,       -7.12305068,      -7.973844933,      -7.597291635,      -6.572290171,             0.448,    0.001570586853,     0.08273707822,                 0,                 0,                 0,    -0.03095993744,   -0.000234686754,     0.08275165121,                 0,       52.67908494
          0,           0,         139,      -7.135441168,      -7.987617949,      -7.606988415,       -6.58452475,             0.448,    0.001570636338,     0.08273674879,                 0,                 0,                 0,    -0.03095970947,  -0.0002346300942,     0.08275132294,                 0,       52.67721547
          0,           0,         140,      -7.147921952,      -8.001759579,       -7.61739336,      -6.596853989,             0.448,    0.001570683787,     0.08273649689,                 0,                 0,                 0,    -0.03095948317,  -0.0002345771606,     0.08275107213,                 0,       52.67546374
          0,           0,         141,      -7.160489204,      -8.016175295,      -7.628493184,      -6.609276307,             0.448,    0.001570729094,     0.08273631547,                 0,                 0,                 0,    -0.03095925984,  -0.0002345279066,     0.08275089174,                 0,       52.67382883
          0,           0,         142,      -7.173144495,      -8.030776486,      -7.640291798,      -6.621796666,             0.448,     0.00157077241,     0.08273619888,                 0,                 0,                 0,    -0.03095903985,  -0.0002344820578,     0.08275077613,                 0,       52.67230207
          0,           0,         143,       -7.18594717,      -8.045557456,      -7.652864121,      -6.634480656,             0.448,    0.001570813811,     0.08273614293,                 0,                 0,                 0,    -0.03095882351,  -0.0002344394468,     0.08275072109,                 0,       52.67087822
          0,           0,         144,      -7.198931271,      -8.060606431,      -7.666289464,      -6.647359619,             0.448,    0.001570853508,     0.08273614355,                 0,                 0,                 0,    -0.03095861073,  -0.0002343997722,     0.08275072258,                 0,       52.66954755
          0,           0,         145,      -7.212081667,       -8.07593908,      -7.680577121,      -6.660415709,             0.448,    0.001570891798,     0.08273619761,                 0,                 0,                 0,    -0.03095840105,  -0.0002343626706,     0.08275077746,                 0,       52.66829816
          0,           0,         146,      -7.225383446,      -8.091421909,      -7.695641044,      -6.673634974,             0.448,    0.001570928534,     0.08273629877,                 0,                 0,                 0,    -0.03095819574,  -0.0002343281506,      0.0827508794,                 0,       52.66713093
          0,           0,         147,      -7.238839503,      -8.106959637,      -7.711414107,       -6.68702297,             0.448,    0.001570963487,      0.0827364404,                 0,                 0,                 0,    -0.03095799636,  -0.0002342962952,     0.08275102176,                 0,       52.66604926
          0,           0,         148,      -7.252458936,       -8.12257234,      -7.727926955,      -6.700588977,             0.448,    0.001570996551,     0.08273661688,                 0,                 0,                 0,    -0.03095780387,  -0.0002342670893,     0.08275119891,                 0,       52.66505317
          0,           0,         149,      -7.266240792,      -8.138312443,      -7.745217019,      -6.714332355,             0.448,    0.001571027653,     0.08273682295,                 0,                 0,                 0,    -0.03095761903,  -0.0002342404901,     0.08275140561,                 0,       52.66414172
          0,           0,         150,      -7.280177843,      -8.154186769,      -7.763281491,      -6.728246555,             0.448,    0.001571056705,     0.08273705321,                 0,                 0,                 0,    -0.03095744268,  -0.0002342164682,     0.08275163645,                 0,       52.66331442
          0,           0,         151,      -7.294261202,       -8.17015438,      -7.782077874,      -6.742323345,             0.448,    0.001571083753,     0.08273730354,                 0,                 0,                 0,    -0.03095727517,  -0.0002341948869,     0.08275188731,                 0,       52.66256708
          0,           0,         152,      -7.308482201,      -8.186167955,      -7.801540564,        -6.7565541,             0.448,    0.001571108868,     0.08273757014,                 0,                 0,                 0,     -0.0309571167,  -0.0002341755936,      0.0827521544,                 0,       52.66189492
          0,           0,         153,      -7.322858378,      -8.202239537,      -7.821674061,      -6.770959804,             0.448,     0.00157113203,     0.08273784794,                 0,                 0,                 0,    -0.03095696777,  -0.0002341584973,     0.08275243264,                 0,       52.66129538
          0,           0,         154,      -7.337406603,      -8.218333601,      -7.842349228,      -6.785558177,             0.448,    0.001571153432,     0.08273813336,                 0,                 0,                 0,      -0.030956828,  -0.0002341433267,     0.08275271845,                 0,        52.6607597
          0,           0,         155,      -7.352068385,      -8.234255911,      -7.863309074,      -6.800279302,             0.448,    0.001571173344,      0.0827384252,                 0,                 0,                 0,    -0.03095669653,  -0.0002341297868,     0.08275301066,                 0,       52.66027809
          0,           0,         156,      -7.366836456,      -8.250057481,      -7.884618691,        -6.8151175,             0.448,    0.001571191337,     0.08273871682,                 0,                 0,                 0,     -0.0309565751,  -0.0002341181597,     0.08275330261,                 0,       52.65986064
          0,           0,         157,       -7.38165735,       -8.26578211,       -7.90618107,      -6.830018622,             0.448,    0.001571207072,     0.08273900143,                 0,                 0,                 0,    -0.03095646506,  -0.0002341086364,     0.08275358749,                 0,       52.65951438
          0,           0,         158,      -7.396499876,      -8.281439841,      -7.927791318,      -6.844953011,             0.448,    0.001571221065,     0.08273928134,                 0,                 0,                 0,    -0.03095636418,  -0.0002341007536,     0.08275386764,                 0,       52.65922358
          0,           0,         159,      -7.411356694,      -8.297150794,      -7.949276628,      -6.859912143,             0.448,    0.001571233582,     0.08273955629,                 0,                 0,                 0,    -0.03095627139,  -0.0002340942375,      0.0827541428,                 0,       52.65897906
          0,           0,         160,      -7.426242323,      -8.313010952,      -7.970494686,      -6.874906963,             0.448,    0.001571244844,      0.0827398259,                 0,                 0,                 0,    -0.03095618591,  -0.0002340888598,     0.08275441259,                 0,       52.65877322
          0,           0,         161,      -7.441146463,      -8.328858973,      -7.991279177,      -6.889923103,             0.448,    0.001571254919,     0.08274008956,                 0,                 0,                 0,    -0.03095610732,  -0.0002340845386,      0.0827546764,                 0,       52.65860336
          0,           0,         162,      -7.456058126,      -8.344609296,      -8.011459765,      -6.904947699,             0.448,    0.001571263647,     0.08274034503,                 0,                 0,                 0,    -0.03095603583,  -0.0002340813861,       0.082754932,                 0,       52.65847346
          0,           0,         163,      -7.470979856,      -8.360304193,      -8.030834948,      -6.919982698,             0.448,      0.0015712711,     0.08274059163,                 0,                 0,                 0,    -0.03095597075,  -0.0002340793141,     0.08275517871,                 0,       52.65838061
          0,           0,         164,      -7.485906271,      -8.376048362,      -8.049242471,        -6.9350203,             0.448,    0.001571277425,      0.0827408292,                 0,                 0,                 0,    -0.03095591121,  -0.0002340781727,     0.08275541636,                 0,       52.65831983
          0,           0,         165,      -7.500826543,      -8.391920176,      -8.066570347,      -6.950046639,             0.448,    0.001571282689,     0.08274105717,                 0,                 0,                 0,    -0.03095585673,  -0.0002340778839,     0.08275564439,                 0,       52.65828852
          0,           0,         166,      -7.515728812,        -8.4079341,      -8.082725008,      -6.965046675,             0.448,    0.001571286952,     0.08274127509,                 0,                 0,                 0,    -0.03095580683,  -0.0002340783754,     0.08275586235,                 0,       52.65828433
          0,           0,         167,      -7.530602969,      -8.424047353,      -8.097624247,      -6.980007277,             0.448,    0.001571290311,     0.08274148292,                 0,                 0,                 0,    -0.03095576093,  -0.0002340795515,     0.08275607021,                 0,       52.65830405
          0,           0,         168,      -7.545446175,      -8.440188001,      -8.111216118,      -6.994924046,             0.448,    0.001571292696,     0.08274167958,                 0,                 0,                 0,    -0.03095571904,  -0.0002340814563,     0.08275626687,                 0,       52.65834925
          0,           0,         169,      -7.560255478,      -8.456324287,      -8.123483795,       -7.00979273,             0.448,    0.001571294159,      0.0827418652,                 0,                 0,                 0,    -0.03095568075,  -0.0002340840436,     0.08275645248,                 0,       52.65841837
          0,           0,         170,      -7.575026307,      -8.472446314,      -8.134479471,      -7.024607173,             0.448,    0.001571294883,     0.08274204104,                 0,                 0,                 0,    -0.03095564516,  -0.0002340871557,     0.08275662829,                 0,       52.65850602
          0,           0,         171,      -7.589757973,      -8.488493965,      -8.144320971,      -7.039365454,             0.448,    0.001571295022,     0.08274220756,                 0,                 0,                 0,    -0.03095561163,  -0.0002340906493,     0.08275679477,                 0,       52.65860733
          0,           0,         172,      -7.604474164,      -8.504622218,      -8.153275774,       -7.05409588,             0.448,    0.001571294709,     0.08274236537,                 0,                 0,                 0,    -0.03095557958,  -0.0002340944045,     0.08275695254,                 0,       52.65871825
          0,           0,         173,      -7.619165521,      -8.520640013,      -8.161261597,       -7.06878646,             0.448,    0.001571294068,      0.0827425159,                 0,                 0,                 0,    -0.03095554843,  -0.0002340983297,     0.08275710302,                 0,       52.65883555
          0,           0,         174,       -7.63382535,      -8.536450375,      -8.168524804,      -7.083424633,             0.448,    0.001571293071,     0.08274265922,                 0,                 0,                 0,    -0.03095551828,  -0.0002341024526,     0.08275724629,                 0,       52.65896016
          0,           0,         175,      -7.648458314,      -8.551898565,      -8.175404571,      -7.098016323,             0.448,    0.001571291646,     0.08274279503,                 0,                 0,                 0,    -0.03095548936,  -0.0002341068403,     0.08275738204,                 0,       52.65909436
          0,           0,         176,      -7.663071454,      -8.567074239,      -8.182129863,      -7.112571502,             0.448,    0.001571289744,     0.08274292325,                 0,                 0,                 0,    -0.03095546184,  -0.0002341115388,     0.08275751018,                 0,        52.6592397
          0,           0,         177,      -7.677667278,       -8.58215195,      -8.188830645,      -7.127094371,             0.448,    0.001571287405,     0.08274304432,                 0,                 0,                 0,    -0.03095543561,  -0.0002341165182,     0.08275763117,                 0,       52.65939513
          0,           0,         178,      -7.692246624,      -8.597188708,      -8.195611183,      -7.141587399,             0.448,    0.001571284697,     0.08274315879,                 0,                 0,                 0,    -0.03095541054,  -0.0002341217224,     0.08275774555,                 0,       52.65955873
          0,           0,         179,      -7.706835245,      -8.612131748,      -8.202500519,      -7.156080611,             0.448,    0.001571281692,      0.0827432665,                 0,                 0,                 0,    -0.03095538665,   -0.000234127077,     0.08275785318,                 0,       52.65972801
          0,           0,         180,      -7.721497005,      -8.626884597,      -8.209520312,      -7.170643082,             0.448,    0.001571278579,     0.08274336847,                 0,                 0,                 0,    -0.03095536339,  -0.0002341324128,     0.08275795505,                 0,        52.6598972
          0,           0,         181,      -7.736158675,      -8.641388005,      -8.217203315,      -7.185193364,             0.448,    0.001571275398,     0.08274346538,                 0,                 0,                 0,    -0.03095534076,  -0.0002341377078,     0.08275805187,                 0,       52.66006551
          0,           0,         182,      -7.750794691,      -8.655828397,      -8.225541906,      -7.199712201,             0.448,    0.001571272081,     0.08274355741,                 0,                 0,                 0,    -0.03095531904,  -0.0002341430318,     0.08275814381,                 0,       52.66023525
          0,           0,         183,      -7.765386211,      -8.670206905,      -8.234477485,      -7.214180502,             0.448,    0.001571268574,      0.0827436445,                 0,                 0,                 0,    -0.03095529846,  -0.0002341484371,      0.0827582308,                 0,       52.66040819
          0,           0,         184,      -7.779933031,       -8.68439595,      -8.244026039,      -7.228599537,             0.448,    0.001571264866,     0.08274372659,                 0,                 0,                 0,    -0.03095527911,  -0.0002341539355,     0.08275831279,                 0,       52.66058472
          0,           0,         185,      -7.794439341,      -8.698332011,      -8.254247331,      -7.242976656,             0.448,    0.001571260992,     0.08274380389,                 0,                 0,                 0,    -0.03095526104,  -0.0002341594951,     0.08275838998,                 0,       52.66076376
          0,           0,         186,      -7.808909284,       -8.71201998,      -8.265190363,      -7.257318285,             0.448,    0.001571256988,     0.08274387665,                 0,                 0,                 0,     -0.0309552443,  -0.0002341650847,     0.08275846264,                 0,       52.66094424
          0,           0,         187,      -7.823344915,      -8.725487717,      -8.276883958,       -7.27162844,             0.448,    0.001571252871,     0.08274394507,                 0,                 0,                 0,    -0.03095522895,  -0.0002341706935,     0.08275853096,                 0,       52.66112577
          0,           0,         188,      -7.837746963,      -8.738778956,      -8.289348101,      -7.285910298,             0.448,    0.001571248651,     0.08274400935,                 0,                 0,                 0,    -0.03095521503,   -0.000234176315,     0.08275859512,                 0,       52.66130813
          0,           0,         189,      -7.852117668,      -8.751949679,      -8.302598679,       -7.30016846,             0.448,    0.001571244343,     0.08274406965,                 0,                 0,                 0,    -0.03095520251,  -0.0002341819376,     0.08275865532,                 0,        52.6614909
          0,           0,         190,      -7.866461357,      -8.765054049,      -8.316645869,      -7.314409254,             0.448,    0.001571239965,     0.08274412615,                 0,                 0,                 0,    -0.03095519138,  -0.0002341875464,      0.0827587117,                 0,       52.66167356
          0,           0,         191,      -7.880783291,      -8.778137239,      -8.331493288,       -7.32863974,             0.448,    0.001571235538,     0.08274417899,                 0,                 0,                 0,    -0.03095518162,   -0.000234193126,     0.08275876444,                 0,        52.6618556
          0,           0,         192,      -7.895089072,      -8.791237756,      -8.347139264,      -7.342866997,             0.448,    0.001571231078,     0.08274422835,                 0,                 0,                 0,    -0.03095517321,  -0.0002341986608,     0.08275881369,                 0,       52.66203647
          0,           0,         193,      -7.909384617,      -8.804391358,      -8.363578458,      -7.357098006,             0.448,    0.001571226606,     0.08274427437,                 0,                 0,                 0,    -0.03095516613,  -0.0002342041357,      0.0827588596,                 0,       52.66221565
          0,           0,         194,      -7.923676046,      -8.817632565,       -8.38080237,      -7.371339648,             0.448,    0.001571222138,     0.08274431723,                 0,                 0,                 0,    -0.03095516034,  -0.0002342095377,     0.08275890236,                 0,       52.66239268
          0,           0,         195,      -7.937969686,       -8.83099384,      -8.398798331,      -7.385598757,             0.448,    0.001571217638,     0.08274435639,                 0,                 0,                 0,    -0.03095515606,  -0.0002342148906,      0.0827589414,                 0,       52.66256842
          0,           0,         196,      -7.952243049,      -8.844489758,      -8.417555765,        -7.3998488,             0.448,    0.001571213157,     0.08274439242,                 0,                 0,                 0,    -0.03095515308,   -0.000234220157,     0.08275897733,                 0,       52.66274156
          0,           0,         197,      -7.966508577,      -8.858077391,      -8.437028712,      -7.414105223,             0.448,    0.001571208737,     0.08274442592,                 0,                 0,                 0,    -0.03095515122,  -0.0002342253064,     0.08275901073,                 0,       52.66291101
          0,           0,         198,      -7.980795825,      -8.871773628,       -8.45716898,      -7.428401951,             0.448,    0.001571204389,     0.08274445716,                 0,                 0,                 0,    -0.03095515041,  -0.0002342303352,     0.08275904187,                 0,       52.66307664
          0,           0,         199,      -7.995116865,      -8.885692758,      -8.477951523,      -7.442749168,             0.448,     0.00157120011,     0.08274448618,                 0,                 0,                 0,    -0.03095515064,   -0.000234235246,     0.08275907079,                 0,       52.66323852
          0,           0,         200,      -8.009481738,      -8.899912262,      -8.499336798,      -7.457154095,             0.448,    0.001571195908,     0.08274451306,                 0,                 0,                 0,    -0.03095515191,  -0.0002342400337,     0.08275909756,                 0,       52.66339649
          0,           0,         201,      -8.023895534,      -8.914435804,      -8.521259498,      -7.471620578,             0.448,    0.001571191785,     0.08274453786,                 0,                 0,                 0,    -0.03095515419,  -0.0002342446968,     0.08275912227,                 0,       52.66355047
          0,           0,         202,      -8.038363601,      -8.929238819,      -8.543636699,      -7.486153169,             0.448,     0.00157118773,     0.08274456053,                 0,                 0,                 0,    -0.03095515751,   -0.000234249245,     0.08275914484,                 0,        52.6637008
          0,           0,         203,      -8.052893601,      -8.944311491,      -8.566377566,      -7.500758246,             0.448,    0.001571183752,     0.08274458116,                 0,                 0,                 0,    -0.03095516185,  -0.0002342536724,     0.08275916538,                 0,       52.66384728
          0,           0,         204,      -8.067494163,      -8.959642606,      -8.589384451,      -7.515442711,             0.448,    0.001571179874,     0.08274459997,                 0,                 0,                 0,     -0.0309551671,  -0.0002342579593,      0.0827591841,                 0,       52.66398922
          0,           0,         205,      -8.082173903,      -8.975232262,      -8.612551939,      -7.530213392,             0.448,     0.00157117609,     0.08274461693,                 0,                 0,                 0,    -0.03095517329,  -0.0002342621132,     0.08275920098,                 0,       52.66412687
          0,           0,         206,      -8.096939608,      -8.991092367,      -8.635757459,      -7.545075318,             0.448,    0.001571172381,     0.08274463194,                 0,                 0,                 0,    -0.03095518045,  -0.0002342661483,     0.08275921591,                 0,       52.66426073
          0,           0,         207,      -8.111796369,      -9.007209318,      -8.658857658,      -7.560032038,             0.448,    0.001571168773,     0.08274464519,                 0,                 0,                 0,    -0.03095518848,  -0.0002342700449,     0.08275922907,                 0,       52.66439012
          0,           0,         208,      -8.126748875,      -9.023548835,      -8.681683656,      -7.575086896,             0.448,    0.001571165277,     0.08274465679,                 0,                 0,                 0,    -0.03095519733,   -0.000234273793,     0.08275924059,                 0,       52.66451468
          0,           0,         209,      -8.141801119,      -9.040081516,      -8.704056383,      -7.590242342,             0.448,    0.001571161893,     0.08274466674,                 0,                 0,                 0,    -0.03095520696,  -0.0002342773932,     0.08275925046,                 0,       52.66463444
          0,           0,         210,      -8.156957004,      -9.056776192,      -8.725797113,      -7.605500747,             0.448,    0.001571158625,     0.08274467507,                 0,                 0,                 0,    -0.03095521734,  -0.0002342808423,     0.08275925872,                 0,       52.66474929
          0,           0,         211,      -8.172219586,      -9.073610059,      -8.746733953,      -7.620863786,             0.448,    0.001571155478,     0.08274468183,                 0,                 0,                 0,    -0.03095522842,  -0.0002342841356,     0.08275926541,                 0,       52.66485907
          0,           0,         212,      -8.187589368,      -9.090568037,      -8.766706688,      -7.636330567,             0.448,    0.001571152457,     0.08274468703,                 0,                 0,                 0,    -0.03095524015,  -0.0002342872693,     0.08275927055,                 0,       52.66496364
          0,           0,         213,      -8.203064448,      -9.107625601,      -8.785572397,      -7.651897895,             0.448,    0.001571149566,     0.08274469072,                 0,                 0,                 0,    -0.03095525249,  -0.0002342902401,     0.08275927417,                 0,        52.6650629
          0,           0,         214,       -8.21864125,      -9.124743501,      -8.803212763,      -7.667561101,             0.448,    0.001571146809,     0.08274469291,                 0,                 0,                 0,    -0.03095526538,  -0.0002342930447,      0.0827592763,                 0,       52.66515672
          0,           0,         215,      -8.234315627,      -9.141872657,      -8.819542537,       -7.68331526,             0.448,    0.001571144192,     0.08274469366,                 0,                 0,                 0,    -0.03095527876,  -0.0002342956774,     0.08275927699,                 0,       52.66524492
          0,           0,         216,      -8.250081972,      -9.158967574,      -8.834512044,      -7.699154146,             0.448,    0.001571141724,     0.08274469302,                 0,                 0,                 0,    -0.03095529255,   -0.000234298131,      0.0827592763,                 0,       52.66532724
          0,           0,         217,      -8.265927252,      -9.175986634,      -8.848120791,      -7.715063171,             0.448,    0.001571139403,     0.08274469102,                 0,                 0,                 0,     -0.0309553067,  -0.0002343004071,     0.08275927425,                 0,       52.66540375
          0,           0,         218,      -8.281838631,        -9.1928447,      -8.860433162,      -7.731028345,             0.448,    0.001571137227,     0.08274468766,                 0,                 0,                 0,    -0.03095532118,  -0.0002343025097,     0.08275927084,                 0,       52.66547456
          0,           0,         219,      -8.297804066,      -9.209471475,      -8.871556978,      -7.747037381,             0.448,    0.001571135199,     0.08274468302,                 0,                 0,                 0,     -0.0309553359,   -0.000234304436,     0.08275926615,                 0,       52.66553959
          0,           0,         220,      -8.313807971,      -9.225842996,      -8.881628621,      -7.763074832,             0.448,    0.001571133323,     0.08274467716,                 0,                 0,                 0,    -0.03095535078,  -0.0002343061835,     0.08275926027,                 0,       52.66559874
          0,           0,         221,      -8.329830244,      -9.241949027,      -8.890799828,      -7.779120547,             0.448,    0.001571131601,     0.08274467017,                 0,                 0,                 0,    -0.03095536575,  -0.0002343077531,     0.08275925323,                 0,       52.66565203
          0,           0,         222,      -8.345848953,      -9.257754654,      -8.899228171,      -7.795152434,             0.448,    0.001571130031,      0.0827446621,                 0,                 0,                 0,    -0.03095538076,  -0.0002343091464,     0.08275924513,                 0,       52.66569951
          0,           0,         223,      -8.361841069,      -9.273204047,       -8.90707501,      -7.811147522,             0.448,    0.001571128614,     0.08274465303,                 0,                 0,                 0,    -0.03095539572,  -0.0002343103654,     0.08275923604,                 0,       52.66574124
          0,           0,         224,      -8.377781778,      -9.288245354,      -8.914504404,      -7.827081427,             0.448,    0.001571127348,     0.08274464305,                 0,                 0,                 0,    -0.03095541057,  -0.0002343114128,     0.08275922603,                 0,       52.66577731
          0,           0,         225,      -8.393644467,      -9.302845229,      -8.921677092,      -7.842928211,             0.448,    0.001571126233,     0.08274463225,                 0,                 0,                 0,    -0.03095542523,  -0.0002343122922,      0.0827592152,                 0,       52.66580782
          0,           0,         226,      -8.409401387,      -9.316988042,      -8.928742557,      -7.858660906,             0.448,    0.001571125265,     0.08274462071,                 0,                 0,                 0,    -0.03095543963,  -0.0002343130083,     0.08275920365,                 0,       52.66583292
          0,           0,         227,      -8.425024246,      -9.330671462,      -8.935834474,      -7.874252124,             0.448,    0.001571124442,     0.08274460853,                 0,                 0,                 0,    -0.03095545371,  -0.0002343135659,     0.08275919146,                 0,       52.66585278
          0,           0,         228,      -8.440484663,      -9.343904971,      -8.943069946,      -7.889674575,             0.448,    0.001571123759,     0.08274459583,                 0,                 0,                 0,     -0.0309554674,   -0.000234313971,     0.08275917874,                 0,       52.66586757
          0,           0,         229,       -8.45575477,      -9.356709411,      -8.950549993,      -7.904901646,             0.448,    0.001571123214,     0.08274458269,                 0,                 0,                 0,    -0.03095548065,  -0.0002343142296,      0.0827591656,                 0,       52.66587748
          0,           0,         230,      -8.470807986,      -9.369115269,      -8.958360108,      -7.919908102,             0.448,    0.001571122801,     0.08274456925,                 0,                 0,                 0,    -0.03095549338,  -0.0002343143486,     0.08275915214,                 0,       52.66588275
          0,           0,         231,      -8.485619807,      -9.381160454,      -8.966571267,      -7.934670837,             0.448,    0.001571122517,     0.08274455559,                 0,                 0,                 0,    -0.03095550555,  -0.0002343143349,     0.08275913849,                 0,       52.66588359
          0,           0,         232,       -8.50016855,      -9.392888741,      -8.975241543,      -7.949169588,             0.448,    0.001571122357,     0.08274454185,                 0,                 0,                 0,    -0.03095551711,  -0.0002343141958,     0.08275912475,                 0,       52.66588023
          0,           0,         233,      -8.514436044,      -9.404348764,      -8.984417865,      -7.963387599,             0.448,    0.001571122314,     0.08274452814,                 0,                 0,                 0,      -0.030955528,  -0.0002343139389,     0.08275911103,                 0,       52.66587292
          0,           0,         234,      -8.528408263,      -9.415592887,      -8.994137493,      -7.977312206,             0.448,    0.001571122385,     0.08274451456,                 0,                 0,                 0,    -0.03095553819,   -0.000234313572,     0.08275909746,                 0,        52.6658619
          0,           0,         235,       -8.54207585,      -9.426675768,      -9.004429199,      -7.990935332,             0.448,    0.001571122561,     0.08274450121,                 0,                 0,                 0,    -0.03095554764,  -0.0002343131044,     0.08275908412,                 0,       52.66584749
          0,           0,         236,      -8.555435347,      -9.437652665,      -9.015314544,       -8.00425475,             0.448,    0.001571122833,     0.08274448813,                 0,                 0,                 0,    -0.03095555636,   -0.000234312548,     0.08275907105,                 0,       52.66583008
          0,           0,         237,      -8.568497161,      -9.448577474,      -9.026812206,      -8.017283491,             0.448,    0.001571123187,      0.0827444753,                 0,                 0,                 0,    -0.03095556435,  -0.0002343119139,     0.08275905823,                 0,       52.66581004
          0,           0,         238,      -8.581283584,      -9.459552311,      -9.038943135,      -8.030047402,             0.448,    0.001571123637,     0.08274446302,                 0,                 0,                 0,    -0.03095557152,  -0.0002343111959,     0.08275904596,                 0,       52.66578713
          0,           0,         239,      -8.593787273,      -9.470730349,       -9.05171959,      -8.042533571,             0.448,    0.001571124185,     0.08274445151,                 0,                 0,                 0,    -0.03095557781,  -0.0002343103968,     0.08275903447,                 0,       52.66576143
          0,           0,         240,       -8.60602515,      -9.482094409,      -9.065128407,      -8.054757539,             0.448,    0.001571124818,     0.08274444081,                 0,                 0,                 0,    -0.03095558324,  -0.0002343095309,     0.08275902378,                 0,       52.66573341
          0,           0,         241,      -8.618009994,      -9.493557574,      -9.079140115,      -8.066734785,             0.448,    0.001571125528,     0.08274443098,                 0,                 0,                 0,    -0.03095558781,   -0.000234308606,     0.08275901397,                 0,       52.66570333
          0,           0,         242,      -8.629767494,      -9.505102119,      -9.093738948,      -8.078492392,             0.448,    0.001571126312,     0.08274442209,                 0,                 0,                 0,    -0.03095559153,  -0.0002343076292,      0.0827590051,                 0,       52.66567143
          0,           0,         243,      -8.641329023,      -9.516782149,      -9.108925536,       -8.09006071,             0.448,     0.00157112716,      0.0827444142,                 0,                 0,                 0,    -0.03095559441,  -0.0002343066093,     0.08275899723,                 0,       52.66563798
          0,           0,         244,      -8.652726564,       -9.52865569,        -9.1246971,      -8.101471072,             0.448,    0.001571128066,     0.08274440736,                 0,                 0,                 0,    -0.03095559648,  -0.0002343055539,     0.08275899041,                 0,       52.66560324
          0,           0,         245,      -8.663993124,      -9.540755923,       -9.14103413,       -8.11275641,             0.448,    0.001571129025,     0.08274440162,                 0,                 0,                 0,    -0.03095559773,  -0.0002343044696,     0.08275898469,                 0,       52.66556743
          0,           0,         246,      -8.675163459,      -9.553098168,      -9.157902927,      -8.123951065,             0.448,    0.001571130031,     0.08274439701,                 0,                 0,                 0,    -0.03095559822,  -0.0002343033631,      0.0827589801,                 0,       52.66553077
          0,           0,         247,      -8.686273416,      -9.565691986,      -9.175264696,      -8.135090176,             0.448,    0.001571131078,     0.08274439356,                 0,                 0,                 0,    -0.03095559796,  -0.0002343022413,     0.08275897668,                 0,       52.66549349
          0,           0,         248,      -8.697359027,      -9.578545913,      -9.193081148,      -8.146209098,             0.448,    0.001571132159,     0.08274439128,                 0,                 0,                 0,    -0.03095559698,  -0.0002343011106,     0.08275897443,                 0,       52.66545579
          0,           0,         249,      -8.708455762,      -9.591667443,      -9.211314232,      -8.157342625,             0.448,     0.00157113327,     0.08274439021,                 0,                 0,                 0,    -0.03095559533,  -0.0002342999768,     0.08275897338,                 0,       52.66541788
          0,           0,         250,      -8.719597912,      -9.605061836,      -9.229922729,      -8.168524327,             0.448,    0.001571134404,     0.08274439033,                 0,                 0,                 0,    -0.03095559303,  -0.0002342988455,     0.08275897352,                 0,       52.66537993
          0,           0,         251,      -8.730818146,      -9.618730678,      -9.248859167,      -8.179786149,             0.448,    0.001571135557,     0.08274439164,                 0,                 0,                 0,    -0.03095559013,  -0.0002342977221,     0.08275897486,                 0,       52.66534214
          0,           0,         252,       -8.74214716,      -9.632670901,      -9.268068705,      -8.191158108,             0.448,    0.001571136721,     0.08274439413,                 0,                 0,                 0,    -0.03095558668,   -0.000234296612,     0.08275897738,                 0,       52.66530469
          0,           0,         253,      -8.753613333,       -9.64687432,      -9.287489492,      -8.202667946,             0.448,    0.001571137893,     0.08274439778,                 0,                 0,                 0,    -0.03095558271,  -0.0002342955204,     0.08275898105,                 0,       52.66526774
          0,           0,         254,      -8.765242412,      -9.661327429,       -9.30705327,      -8.214340812,             0.448,    0.001571139065,     0.08274440255,                 0,                 0,                 0,    -0.03095557827,  -0.0002342944521,     0.08275898584,                 0,       52.66523147
          0,           0,         255,      -8.777057332,      -9.676011551,      -9.326685637,      -8.226199079,             0.448,    0.001571140234,      0.0827444084,                 0,                 0,                 0,    -0.03095557341,  -0.0002342934117,     0.08275899172,                 0,       52.66519603
          0,           0,         256,      -8.789078127,      -9.690903875,      -9.346306235,      -8.238262262,             0.448,    0.001571141393,      0.0827444153,                 0,                 0,                 0,    -0.03095556818,   -0.000234292403,     0.08275899864,                 0,       52.66516156
          0,           0,         257,      -8.801320966,      -9.705981923,      -9.365828492,      -8.250545774,             0.448,     0.00157114254,     0.08274442321,                 0,                 0,                 0,    -0.03095556261,   -0.000234291429,     0.08275900657,                 0,       52.66512815
          0,           0,         258,       -8.81380003,      -9.721207638,       -9.38516829,      -8.263063449,             0.448,     0.00157114367,     0.08274443206,                 0,                 0,                 0,    -0.03095555676,  -0.0002342904927,     0.08275901545,                 0,       52.66509592
          0,           0,         259,      -8.826527945,      -9.736559319,      -9.404235766,      -8.275827945,             0.448,    0.001571144776,      0.0827444418,                 0,                 0,                 0,    -0.03095555067,  -0.0002342895993,      0.0827590252,                 0,       52.66506504
          0,           0,         260,      -8.839513153,      -9.752031243,      -9.422934321,      -8.288847689,             0.448,    0.001571145854,     0.08274445236,                 0,                 0,                 0,    -0.03095554439,  -0.0002342887519,     0.08275903578,                 0,       52.66503562
          0,           0,         261,      -8.852758733,      -9.767604002,      -9.441163643,      -8.302125314,             0.448,    0.001571146901,     0.08274446368,                 0,                 0,                 0,    -0.03095553795,  -0.0002342879522,     0.08275904713,                 0,       52.66500774
          0,           0,         262,      -8.866265625,      -9.783230096,       -9.45882445,      -8.315661287,             0.448,    0.001571147913,     0.08274447571,                 0,                 0,                 0,    -0.03095553141,  -0.0002342872025,     0.08275905917,                 0,       52.66498146
          0,           0,         263,      -8.880032973,      -9.798854903,       -9.47582767,      -8.329454538,             0.448,    0.001571148887,     0.08274448836,                 0,                 0,                 0,     -0.0309555248,  -0.0002342865046,     0.08275907185,                 0,       52.66495686
          0,           0,         264,      -8.894056506,      -9.814439855,      -9.492101974,      -8.343500764,             0.448,     0.00157114982,     0.08274450159,                 0,                 0,                 0,    -0.03095551817,  -0.0002342858601,     0.08275908509,                 0,       52.66493399
          0,           0,         265,      -8.908328219,      -9.829961061,      -9.507593525,      -8.357791926,             0.448,     0.00157115071,     0.08274451531,                 0,                 0,                 0,    -0.03095551154,  -0.0002342852702,     0.08275909883,                 0,       52.66491291
          0,           0,         266,      -8.922836944,      -9.845395375,       -9.52226256,      -8.372316757,             0.448,    0.001571151553,     0.08274452946,                 0,                 0,                 0,    -0.03095550495,  -0.0002342847356,     0.08275911299,                 0,       52.66489365
          0,           0,         267,      -8.937568579,      -9.860713639,      -9.536083848,      -8.387061063,             0.448,    0.001571152349,     0.08274454397,                 0,                 0,                 0,    -0.03095549844,  -0.0002342842571,     0.08275912751,                 0,       52.66487623
          0,           0,         268,      -8.952505952,      -9.875883403,      -9.549050249,      -8.402007654,             0.448,    0.001571153094,     0.08274455876,                 0,                 0,                 0,    -0.03095549204,  -0.0002342838347,     0.08275914232,                 0,       52.66486066
          0,           0,         269,      -8.967628788,      -9.890872663,      -9.561174771,      -8.417136285,             0.448,    0.001571153787,     0.08274457376,                 0,                 0,                 0,    -0.03095548577,  -0.0002342834685,     0.08275915733,                 0,       52.66484696
          0,           0,         270,      -8.982913839,      -9.905650726,       -9.57248979,      -8.432423743,             0.448,    0.001571154429,     0.08274458891,                 0,                 0,                 0,    -0.03095547967,  -0.0002342831578,     0.08275917249,                 0,        52.6648351
          0,           0,         271,      -8.998335018,      -9.920188307,      -9.583045199,      -8.447843982,             0.448,    0.001571155017,     0.08274460414,                 0,                 0,                 0,    -0.03095547375,   -0.000234282902,     0.08275918773,                 0,       52.66482508
          0,           0,         272,      -9.013863529,      -9.934458691,      -9.592906366,      -8.463368276,             0.448,    0.001571155551,     0.08274461938,                 0,                 0,                 0,    -0.03095546805,     -0.0002342827,     0.08275920298,                 0,       52.66481686
          0,           0,         273,      -9.029468067,      -9.948439349,      -9.602151372,      -8.478965418,             0.448,    0.001571156033,     0.08274463456,                 0,                 0,                 0,    -0.03095546258,  -0.0002342825503,     0.08275921817,                 0,        52.6648104
          0,           0,         274,      -9.045115104,      -9.962112721,      -9.610867421,      -8.494602006,             0.448,     0.00157115646,     0.08274464963,                 0,                 0,                 0,    -0.03095545735,  -0.0002342824514,     0.08275923325,                 0,       52.66480566
          0,           0,         275,      -9.060769265,      -9.975466361,      -9.619147034,      -8.510242815,             0.448,    0.001571156835,     0.08274466453,                 0,                 0,                 0,    -0.03095545239,  -0.0002342824014,     0.08275924815,                 0,       52.66480256
          0,           0,         276,      -9.076393793,      -9.988492858,      -9.627084638,      -8.525851258,             0.448,    0.001571157159,      0.0827446792,                 0,                 0,                 0,    -0.03095544769,  -0.0002342823981,     0.08275926282,                 0,       52.66480106
          0,           0,         277,       -9.09195111,      -10.00118981,      -9.634773811,      -8.541389945,             0.448,    0.001571157431,     0.08274469358,                 0,                 0,                 0,    -0.03095544329,  -0.0002342824394,     0.08275927721,                 0,       52.66480108
          0,           0,         278,      -9.107403466,      -10.01355999,       -9.64230509,       -8.55682133,             0.448,    0.001571157654,     0.08274470764,                 0,                 0,                 0,    -0.03095543917,  -0.0002342825228,     0.08275929126,                 0,       52.66480254
          0,           0,         279,      -9.122713664,      -10.02561126,      -9.649764376,      -8.572108444,             0.448,     0.00157115783,     0.08274472132,                 0,                 0,                 0,    -0.03095543535,  -0.0002342826459,     0.08275930494,                 0,       52.66480537
          0,           0,         280,      -9.137845846,      -10.03735685,      -9.657231792,       -8.58721568,             0.448,    0.001571157959,     0.08274473458,                 0,                 0,                 0,    -0.03095543183,  -0.0002342828061,      0.0827593182,                 0,       52.66480948
          0,           0,         281,      -9.152766324,      -10.04881485,      -9.664781027,      -8.602109624,             0.448,    0.001571158044,     0.08274474739,                 0,                 0,                 0,    -0.03095542861,  -0.0002342830008,     0.08275933101,                 0,       52.66481479
          0,           0,         282,      -9.167444413,       -10.0600082,      -9.672478984,       -8.61675988,             0.448,    0.001571158086,     0.08274475971,                 0,                 0,                 0,    -0.03095542569,  -0.0002342832271,     0.08275934333,                 0,       52.66482121
          0,           0,         283,       -9.18185324,      -10.07096393,      -9.680385755,      -8.631139886,             0.448,    0.001571158088,     0.08274477151,                 0,                 0,                 0,    -0.03095542307,  -0.0002342834825,     0.08275935513,                 0,       52.66482866
          0,           0,         284,      -9.195970497,      -10.08171283,      -9.688554759,      -8.645227653,             0.448,    0.001571158052,     0.08274478277,                 0,                 0,                 0,    -0.03095542074,  -0.0002342837642,     0.08275936639,                 0,       52.66483703
          0,           0,         285,      -9.209779083,       -10.0922885,       -9.69703303,      -8.659006403,             0.448,     0.00157115798,     0.08274479347,                 0,                 0,                 0,    -0.03095541871,  -0.0002342840694,     0.08275937708,                 0,       52.66484625
          0,           0,         286,      -9.223267617,      -10.10272701,       -9.70586157,      -8.672465079,             0.448,    0.001571157875,     0.08274480359,                 0,                 0,                 0,    -0.03095541696,  -0.0002342843954,      0.0827593872,                 0,       52.66485622
          0,           0,         287,      -9.236430783,      -10.11306563,      -9.715075772,      -8.685598679,             0.448,    0.001571157739,     0.08274481311,                 0,                 0,                 0,    -0.03095541548,  -0.0002342847397,     0.08275939671,                 0,       52.66486686
          0,           0,         288,      -9.249269478,      -10.12334269,       -9.72470583,      -8.698408404,             0.448,    0.001571157573,     0.08274482202,                 0,                 0,                 0,    -0.03095541427,  -0.0002342850994,     0.08275940562,                 0,       52.66487807
          0,           0,         289,      -9.261790777,       -10.1335967,      -9.734777137,      -8.710901614,             0.448,    0.001571157381,     0.08274483033,                 0,                 0,                 0,    -0.03095541332,  -0.0002342854723,     0.08275941392,                 0,       52.66488978
          0,           0,         290,      -9.274007685,      -10.14386556,      -9.745310667,      -8.723091585,             0.448,    0.001571157166,     0.08274483801,                 0,                 0,                 0,    -0.03095541262,  -0.0002342858556,     0.08275942159,                 0,       52.66490191
          0,           0,         291,      -9.285938722,      -10.15418635,      -9.756323281,      -8.734997086,             0.448,    0.001571156928,     0.08274484508,                 0,                 0,                 0,    -0.03095541215,  -0.0002342862471,     0.08275942866,                 0,       52.66491436
          0,           0,         292,      -9.297607344,      -10.16459438,      -9.767828007,      -8.746641803,             0.448,    0.001571156672,     0.08274485154,                 0,                 0,                 0,     -0.0309554119,  -0.0002342866444,     0.08275943511,                 0,       52.66492707
          0,           0,         293,      -9.309041243,      -10.17512322,      -9.779834257,      -8.758053642,             0.448,    0.001571156398,     0.08274485738,                 0,                 0,                 0,    -0.03095541187,  -0.0002342870453,     0.08275944095,                 0,       52.66493996
          0,           0,         294,      -9.320271554,      -10.18580406,       -9.79234799,      -8.769263935,             0.448,     0.00157115611,     0.08274486263,                 0,                 0,                 0,    -0.03095541203,  -0.0002342874478,     0.08275944619,                 0,       52.66495295
          0,           0,         295,      -9.331332028,      -10.19666535,      -9.805371833,      -8.780306616,             0.448,     0.00157115581,     0.08274486729,                 0,                 0,                 0,    -0.03095541239,  -0.0002342878498,     0.08275945084,                 0,       52.66496599
          0,           0,         296,      -9.342258187,      -10.20773277,      -9.818905118,      -8.791217376,             0.448,    0.001571155499,     0.08274487138,                 0,                 0,                 0,    -0.03095541291,  -0.0002342882495,     0.08275945492,                 0,         52.664979
          0,           0,         297,      -9.353086504,      -10.21902884,      -9.832943883,      -8.802032846,             0.448,    0.001571155181,     0.08274487491,                 0,                 0,                 0,    -0.03095541359,  -0.0002342886451,     0.08275945844,                 0,       52.66499193
          0,           0,         298,      -9.363853634,      -10.23057295,      -9.847480788,      -8.812789828,             0.448,    0.001571154856,     0.08274487789,                 0,                 0,                 0,    -0.03095541442,  -0.0002342890349,     0.08275946142,                 0,       52.66500472
          0,           0,         299,      -9.374595727,        -10.242381,      -9.862504985,      -8.823524607,             0.448,    0.001571154527,     0.08274488036,                 0,                 0,                 0,    -0.03095541538,  -0.0002342894175,     0.08275946387,                 0,       52.66501731
          0,           0,         300,      -9.385347808,      -10.25446567,      -9.878001892,      -8.834272331,             0.448,    0.001571154196,     0.08274488232,                 0,                 0,                 0,    -0.03095541646,  -0.0002342897915,     0.08275946582,                 0,       52.66502966
          0,           0,         301,      -9.396143265,      -10.26683609,      -9.893952927,      -8.845066496,             0.448,    0.001571153864,      0.0827448838,                 0,                 0,                 0,    -0.03095541765,  -0.0002342901556,      0.0827594673,                 0,       52.66504173
          0,           0,         302,      -9.407013417,       -10.2794979,      -9.910335151,      -8.855938518,             0.448,    0.001571153533,     0.08274488483,                 0,                 0,                 0,    -0.03095541893,  -0.0002342905086,     0.08275946832,                 0,       52.66505347
          0,           0,         303,      -9.417987179,      -10.29245319,      -9.927120876,      -8.866917391,             0.448,    0.001571153205,     0.08274488542,                 0,                 0,                 0,    -0.03095542029,  -0.0002342908496,      0.0827594689,                 0,       52.66506485
          0,           0,         304,      -9.429090799,      -10.30570058,        -9.9442772,      -8.878029424,             0.448,    0.001571152881,      0.0827448856,                 0,                 0,                 0,    -0.03095542172,  -0.0002342911777,     0.08275946908,                 0,       52.66507583
          0,           0,         305,      -9.440347673,      -10.31923517,      -9.961765528,      -8.889298055,             0.448,    0.001571152562,     0.08274488541,                 0,                 0,                 0,    -0.03095542321,   -0.000234291492,     0.08275946888,                 0,       52.66508639
          0,           0,         306,      -9.451778209,      -10.33304858,      -9.979541085,      -8.900743712,             0.448,     0.00157115225,     0.08274488485,                 0,                 0,                 0,    -0.03095542474,  -0.0002342917919,     0.08275946831,                 0,       52.66509649
          0,           0,         307,      -9.463399752,      -10.34712889,      -9.997552464,      -8.912383741,             0.448,    0.001571151946,     0.08274488396,                 0,                 0,                 0,    -0.03095542631,  -0.0002342920769,     0.08275946742,                 0,       52.66510613
          0,           0,         308,      -9.475226541,      -10.36146058,      -10.01574124,      -8.924232348,             0.448,     0.00157115165,     0.08274488277,                 0,                 0,                 0,     -0.0309554279,  -0.0002342923464,     0.08275946622,                 0,       52.66511528
          0,           0,         309,      -9.487269693,      -10.37602499,      -10.03404173,      -8.936300597,             0.448,    0.001571151364,     0.08274488129,                 0,                 0,                 0,    -0.03095542951,  -0.0002342926002,     0.08275946474,                 0,       52.66512393
          0,           0,         310,      -9.499537216,      -10.39079997,      -10.05238099,      -8.948596409,             0.448,    0.001571151088,     0.08274487956,                 0,                 0,                 0,    -0.03095543113,  -0.0002342928378,       0.082759463,                 0,       52.66513206
          0,           0,         311,      -9.512034035,         -10.40576,      -10.07067907,      -8.961124589,             0.448,    0.001571150824,      0.0827448776,                 0,                 0,                 0,    -0.03095543274,  -0.0002342930593,     0.08275946104,                 0,       52.66513967
          0,           0,         312,      -9.524762025,       -10.4208766,      -10.08884968,      -8.973886858,             0.448,    0.001571150572,     0.08274487544,                 0,                 0,                 0,    -0.03095543434,  -0.0002342932644,     0.08275945887,                 0,       52.66514676
          0,           0,         313,      -9.537720063,      -10.43611818,       -10.1068013,      -8.986881896,             0.448,    0.001571150332,     0.08274487309,                 0,                 0,                 0,    -0.03095543593,  -0.0002342934533,     0.08275945651,                 0,       52.66515331
          0,           0,         314,      -9.550904077,      -10.45145064,      -10.12443885,      -9.000105394,             0.448,    0.001571150104,     0.08274487058,                 0,                 0,                 0,    -0.03095543749,  -0.0002342936258,       0.082759454,                 0,       52.66515933
          0,           0,         315,      -9.564307111,      -10.46683737,      -10.14166593,      -9.013550116,             0.448,     0.00157114989,     0.08274486794,                 0,                 0,                 0,    -0.03095543902,  -0.0002342937823,     0.08275945135,                 0,       52.66516483
          0,           0,         316,      -9.577919396,      -10.48223983,       -10.1583876,      -9.027205962,             0.448,    0.001571149689,     0.08274486518,                 0,                 0,                 0,    -0.03095544051,  -0.0002342939228,     0.08275944859,                 0,        52.6651698
          0,           0,         317,      -9.591728432,      -10.49761806,      -10.17451369,      -9.041060056,             0.448,    0.001571149502,     0.08274486233,                 0,                 0,                 0,    -0.03095544196,  -0.0002342940476,     0.08275944574,                 0,       52.66517426
          0,           0,         318,      -9.605719093,      -10.51293131,      -10.18996239,      -9.055096841,             0.448,    0.001571149329,     0.08274485941,                 0,                 0,                 0,    -0.03095544337,  -0.0002342941572,     0.08275944282,                 0,       52.66517821
          0,           0,         319,      -9.619873735,      -10.52813872,      -10.20466394,      -9.069298197,             0.448,     0.00157114917,     0.08274485644,                 0,                 0,                 0,    -0.03095544472,  -0.0002342942518,     0.08275943984,                 0,       52.66518167
          0,           0,         320,      -9.634172345,      -10.54320033,      -10.21856422,      -9.083643578,             0.448,    0.001571149024,     0.08274485344,                 0,                 0,                 0,    -0.03095544601,   -0.000234294332,     0.08275943684,                 0,       52.66518464
          0,           0,         321,      -9.648592709,      -10.55807771,      -10.23162775,      -9.098110191,             0.448,    0.001571148892,     0.08274485041,                 0,                 0,                 0,    -0.03095544725,  -0.0002342943982,     0.08275943381,                 0,       52.66518714
          0,           0,         322,      -9.663110609,      -10.57273522,      -10.24383983,      -9.112673187,             0.448,    0.001571148773,      0.0827448474,                 0,                 0,                 0,    -0.03095544843,  -0.0002342944509,     0.08275943079,                 0,        52.6651892
          0,           0,         323,      -9.677700083,      -10.58714062,      -10.25520767,      -9.127305931,             0.448,    0.001571148668,     0.08274484439,                 0,                 0,                 0,    -0.03095544954,  -0.0002342944909,     0.08275942779,                 0,       52.66519083
          0,           0,         324,      -9.692333699,      -10.60126633,      -10.26576013,      -9.141980277,             0.448,    0.001571148575,     0.08274484142,                 0,                 0,                 0,    -0.03095545059,  -0.0002342945186,     0.08275942482,                 0,       52.66519204
          0,           0,         325,      -9.706982921,      -10.61508995,      -10.27554626,      -9.156666945,             0.448,    0.001571148495,      0.0827448385,                 0,                 0,                 0,    -0.03095545158,  -0.0002342945349,     0.08275942189,                 0,       52.66519286
          0,           0,         326,      -9.721618501,      -10.62859471,      -10.28463265,      -9.171335928,             0.448,    0.001571148427,     0.08274483563,                 0,                 0,                 0,    -0.03095545249,  -0.0002342945403,     0.08275941902,                 0,       52.66519331
          0,           0,         327,      -9.736210952,      -10.64177041,      -10.29310008,       -9.18595698,             0.448,    0.001571148371,     0.08274483283,                 0,                 0,                 0,    -0.03095545334,  -0.0002342945355,     0.08275941623,                 0,       52.66519342
          0,           0,         328,      -9.750731049,      -10.65461285,      -10.30103971,      -9.200500143,             0.448,    0.001571148326,     0.08274483012,                 0,                 0,                 0,    -0.03095545413,  -0.0002342945212,     0.08275941351,                 0,        52.6651932
          0,           0,         329,      -9.765150398,      -10.66712452,      -10.30854929,      -9.214936344,             0.448,    0.001571148291,     0.08274482749,                 0,                 0,                 0,    -0.03095545484,  -0.0002342944982,     0.08275941088,                 0,       52.66519267
          0,           0,         330,      -9.779442022,      -10.67931445,      -10.31572966,      -9.229237999,             0.448,    0.001571148267,     0.08274482495,                 0,                 0,                 0,     -0.0309554555,   -0.000234294467,     0.08275940835,                 0,       52.66519187
          0,           0,         331,      -9.793580941,      -10.69119768,      -10.32268169,      -9.243379638,             0.448,    0.001571148253,     0.08274482253,                 0,                 0,                 0,    -0.03095545608,  -0.0002342944285,     0.08275940592,                 0,       52.66519081
          0,           0,         332,      -9.807544765,      -10.70279552,       -10.3295038,      -9.257338508,             0.448,    0.001571148247,      0.0827448202,                 0,                 0,                 0,    -0.03095545661,  -0.0002342943832,      0.0827594036,                 0,       52.66518951
          0,           0,         333,       -9.82131422,      -10.71413416,      -10.33629006,      -9.271095135,             0.448,    0.001571148251,       0.082744818,                 0,                 0,                 0,    -0.03095545707,  -0.0002342943318,     0.08275940139,                 0,         52.665188
          0,           0,         334,      -9.834873633,      -10.72524466,      -10.34312874,      -9.284633811,             0.448,    0.001571148262,     0.08274481591,                 0,                 0,                 0,    -0.03095545748,   -0.000234294275,      0.0827593993,                 0,       52.66518629
          0,           0,         335,      -9.848211325,      -10.73616185,      -10.35010148,      -9.297943003,             0.448,    0.001571148281,     0.08274481394,                 0,                 0,                 0,    -0.03095545783,  -0.0002342942134,     0.08275939734,                 0,       52.66518441
          0,           0,         336,      -9.861319896,      -10.74692342,      -10.35728268,      -9.311015641,             0.448,    0.001571148306,      0.0827448121,                 0,                 0,                 0,    -0.03095545812,  -0.0002342941476,     0.08275939549,                 0,       52.66518238
          0,           0,         337,      -9.874196415,      -10.75756866,      -10.36473937,      -9.323849292,             0.448,    0.001571148338,     0.08274481038,                 0,                 0,                 0,    -0.03095545836,  -0.0002342940782,     0.08275939377,                 0,       52.66518022
          0,           0,         338,      -9.886842462,      -10.76813779,      -10.37253122,      -9.336446194,             0.448,    0.001571148376,     0.08274480878,                 0,                 0,                 0,    -0.03095545855,  -0.0002342940058,     0.08275939218,                 0,       52.66517794
          0,           0,         339,      -9.899264056,      -10.77867121,      -10.38071079,      -9.348813162,             0.448,    0.001571148418,     0.08274480731,                 0,                 0,                 0,     -0.0309554587,  -0.0002342939309,     0.08275939071,                 0,       52.66517557
          0,           0,         340,       -9.91147146,      -10.78920856,      -10.38932389,      -9.360961376,             0.448,    0.001571148466,     0.08274480596,                 0,                 0,                 0,    -0.03095545879,   -0.000234293854,     0.08275938936,                 0,       52.66517312
          0,           0,         341,      -9.923478883,      -10.79978764,      -10.39840998,      -9.372906048,             0.448,    0.001571148518,     0.08274480473,                 0,                 0,                 0,    -0.03095545885,  -0.0002342937757,     0.08275938813,                 0,       52.66517061
          0,           0,         342,      -9.935304072,      -10.81044467,      -10.40800267,      -9.384665996,             0.448,    0.001571148573,     0.08274480363,                 0,                 0,                 0,    -0.03095545887,  -0.0002342936964,     0.08275938703,                 0,       52.66516806
          0,           0,         343,      -9.946967847,      -10.82121302,      -10.41813009,      -9.396263139,             0.448,    0.001571148631,     0.08274480264,                 0,                 0,                 0,    -0.03095545885,  -0.0002342936165,     0.08275938604,                 0,       52.66516547
          0,           0,         344,      -9.958493574,      -10.83212348,      -10.42881541,      -9.407721959,             0.448,    0.001571148692,     0.08274480177,                 0,                 0,                 0,    -0.03095545879,  -0.0002342935365,     0.08275938517,                 0,       52.66516287
          0,           0,         345,      -9.969906593,      -10.84320358,      -10.44007706,      -9.419068895,             0.448,    0.001571148755,       0.082744801,                 0,                 0,                 0,     -0.0309554587,  -0.0002342934568,     0.08275938441,                 0,       52.66516027
          0,           0,         346,       -9.98123367,      -10.85447785,      -10.45192919,       -9.43033177,             0.448,     0.00157114882,     0.08274480035,                 0,                 0,                 0,    -0.03095545859,  -0.0002342933777,     0.08275938376,                 0,       52.66515768
          0,           0,         347,      -9.992502425,      -10.86596721,      -10.46438175,      -9.441539207,             0.448,    0.001571148886,     0.08274479979,                 0,                 0,                 0,    -0.03095545845,  -0.0002342932995,     0.08275938321,                 0,       52.66515511
          0,           0,         348,       -10.0037408,      -10.87768983,      -10.47744073,      -9.452720078,             0.448,    0.001571148953,     0.08274479934,                 0,                 0,                 0,    -0.03095545828,  -0.0002342932226,     0.08275938275,                 0,       52.66515258
          0,           0,         349,      -10.01497658,      -10.88965984,      -10.49110814,      -9.463903002,             0.448,    0.001571149021,     0.08274479898,                 0,                 0,                 0,     -0.0309554581,  -0.0002342931473,      0.0827593824,                 0,       52.66515009
          0,           0,         350,      -10.02623691,      -10.90188874,      -10.50538204,      -9.475115884,             0.448,    0.001571149088,     0.08274479871,                 0,                 0,                 0,    -0.03095545789,  -0.0002342930737,     0.08275938213,                 0,       52.66514765
          0,           0,         351,      -10.03754794,      -10.91438394,      -10.52025637,      -9.486385511,             0.448,    0.001571149156,     0.08274479853,                 0,                 0,                 0,    -0.03095545767,  -0.0002342930022,     0.08275938194,                 0,       52.66514527
          0,           0,         352,      -10.04893447,      -10.92715047,      -10.53572071,      -9.497737219,             0.448,    0.001571149223,     0.08274479842,                 0,                 0,                 0,    -0.03095545744,   -0.000234292933,     0.08275938184,                 0,       52.66514296
          0,           0,         353,      -10.06041965,      -10.94018912,      -10.55175995,      -9.509194596,             0.448,    0.001571149289,     0.08274479839,                 0,                 0,                 0,    -0.03095545719,  -0.0002342928661,     0.08275938181,                 0,       52.66514072
          0,           0,         354,      -10.07202477,      -10.95349809,      -10.56835386,      -9.520779258,             0.448,    0.001571149354,     0.08274479843,                 0,                 0,                 0,    -0.03095545693,  -0.0002342928018,     0.08275938185,                 0,       52.66513856
          0,           0,         355,      -10.08376907,      -10.96707268,      -10.58547658,      -9.532510674,             0.448,    0.001571149418,     0.08274479854,                 0,                 0,                 0,    -0.03095545667,  -0.0002342927403,     0.08275938196,                 0,       52.66513648
          0,           0,         356,       -10.0956696,      -10.98090471,      -10.60309592,      -9.544406014,             0.448,     0.00157114948,      0.0827447987,                 0,                 0,                 0,     -0.0309554564,  -0.0002342926815,     0.08275938212,                 0,        52.6651345
          0,           0,         357,       -10.1077411,       -10.9949826,      -10.62117273,      -9.556480048,             0.448,    0.001571149541,     0.08274479892,                 0,                 0,                 0,    -0.03095545612,  -0.0002342926257,     0.08275938234,                 0,       52.66513261
          0,           0,         358,      -10.11999595,      -11.00929252,      -10.63966011,      -9.568745093,             0.448,      0.0015711496,     0.08274479919,                 0,                 0,                 0,    -0.03095545584,  -0.0002342925728,     0.08275938261,                 0,       52.66513081
          0,           0,         359,      -10.13244408,      -11.02381737,       -10.6585026,      -9.581210936,             0.448,    0.001571149656,      0.0827447995,                 0,                 0,                 0,    -0.03095545556,   -0.000234292523,     0.08275938293,                 0,       52.66512911
          0,           0,         360,      -10.14509299,      -11.03853771,      -10.67763551,      -9.593884841,             0.448,    0.001571149711,     0.08274479985,                 0,                 0,                 0,    -0.03095545528,  -0.0002342924763,     0.08275938328,                 0,       52.66512751
          0,           0,         361,      -10.15794768,      -11.05343128,      -10.69698429,      -9.606771505,             0.448,    0.001571149763,     0.08274480024,                 0,                 0,                 0,      -0.030955455,  -0.0002342924327,     0.08275938367,                 0,       52.66512601
          0,           0,         362,      -10.17101072,      -11.06847358,      -10.71646412,      -9.619873087,             0.448,    0.001571149813,     0.08274480066,                 0,                 0,                 0,    -0.03095545472,  -0.0002342923921,      0.0827593841,                 0,       52.66512461
          0,           0,         363,      -10.18428217,      -11.08363779,      -10.73597989,       -9.63318919,             0.448,     0.00157114986,     0.08274480111,                 0,                 0,                 0,    -0.03095545445,  -0.0002342923547,     0.08275938455,                 0,       52.66512331
          0,           0,         364,      -10.19775963,      -11.09889542,      -10.75542668,      -9.646716884,             0.448,    0.001571149905,     0.08274480159,                 0,                 0,                 0,    -0.03095545418,  -0.0002342923203,     0.08275938502,                 0,       52.66512211
          0,           0,         365,       -10.2114383,       -11.1142163,      -10.77469073,      -9.660450757,             0.448,    0.001571149947,     0.08274480208,                 0,                 0,                 0,    -0.03095545392,   -0.000234292289,     0.08275938551,                 0,       52.66512102
          0,           0,         366,      -10.22531097,       -11.1295687,       -10.7936516,      -9.674382911,             0.448,    0.001571149986,     0.08274480259,                 0,                 0,                 0,    -0.03095545366,  -0.0002342922607,     0.08275938602,                 0,       52.66512002
          0,           0,         367,      -10.23936805,      -11.14492013,      -10.81218472,      -9.688503032,             0.448,    0.001571150023,     0.08274480311,                 0,                 0,                 0,    -0.03095545341,  -0.0002342922352,     0.08275938654,                 0,       52.66511912
          0,           0,         368,      -10.25359768,      -11.16023723,      -10.83016528,      -9.702798441,             0.448,    0.001571150057,     0.08274480363,                 0,                 0,                 0,    -0.03095545317,  -0.0002342922127,     0.08275938707,                 0,       52.66511831
          0,           0,         369,      -10.26798577,      -11.17548676,      -10.84747298,       -9.71725418,             0.448,    0.001571150088,     0.08274480417,                 0,                 0,                 0,    -0.03095545293,   -0.000234292193,      0.0827593876,                 0,        52.6651176
          0,           0,         370,      -10.28251604,      -11.19063667,      -10.86399717,      -9.731853081,             0.448,    0.001571150117,     0.08274480471,                 0,                 0,                 0,    -0.03095545271,  -0.0002342921759,     0.08275938814,                 0,       52.66511698
          0,           0,         371,      -10.29717024,      -11.20565473,      -10.87964269,      -9.746575911,             0.448,    0.001571150143,     0.08274480524,                 0,                 0,                 0,    -0.03095545249,  -0.0002342921615,     0.08275938868,                 0,       52.66511644
          0,           0,         372,      -10.31192818,      -11.22051141,      -10.89433523,       -9.76140149,             0.448,    0.001571150167,     0.08274480578,                 0,                 0,                 0,    -0.03095545229,  -0.0002342921496,     0.08275938921,                 0,       52.66511599
          0,           0,         373,      -10.32676794,      -11.23517927,      -10.90802605,      -9.776306863,             0.448,    0.001571150188,     0.08274480631,                 0,                 0,                 0,    -0.03095545209,  -0.0002342921401,     0.08275938974,                 0,       52.66511562
          0,           0,         374,      -10.34166606,      -11.24963427,       -10.9206953,      -9.791267542,             0.448,    0.001571150207,     0.08274480683,                 0,                 0,                 0,    -0.03095545191,  -0.0002342921328,     0.08275939027,                 0,       52.66511533
          0,           0,         375,      -10.35659779,      -11.26385575,       -10.9323534,      -9.806257723,             0.448,    0.001571150223,     0.08274480734,                 0,                 0,                 0,    -0.03095545173,  -0.0002342921278,     0.08275939078,                 0,       52.66511511
          0,           0,         376,      -10.37153732,      -11.27782806,      -10.94304049,      -9.821250578,             0.448,    0.001571150237,     0.08274480784,                 0,                 0,                 0,    -0.03095545157,  -0.0002342921248,     0.08275939128,                 0,       52.66511496
          0,           0,         377,      -10.38645825,      -11.29153816,      -10.95282366,        -9.8362187,             0.448,    0.001571150248,     0.08274480833,                 0,                 0,                 0,    -0.03095545141,  -0.0002342921237,     0.08275939177,                 0,       52.66511488
          0,           0,         378,       -10.4013338,      -11.30497949,      -10.96179278,      -9.851134383,             0.448,    0.001571150258,      0.0827448088,                 0,                 0,                 0,    -0.03095545127,  -0.0002342921244,     0.08275939224,                 0,       52.66511486
          0,           0,         379,      -10.41613739,      -11.31814887,      -10.97005517,      -9.865970203,             0.448,    0.001571150266,     0.08274480926,                 0,                 0,                 0,    -0.03095545114,  -0.0002342921268,      0.0827593927,                 0,        52.6651149
          0,           0,         380,      -10.43084304,       -11.3310487,      -10.97772993,      -9.880699453,             0.448,    0.001571150271,      0.0827448097,                 0,                 0,                 0,    -0.03095545101,  -0.0002342921307,     0.08275939314,                 0,       52.66511499
          0,           0,         381,      -10.44542592,      -11.34368539,       -10.9849425,      -9.895296702,             0.448,    0.001571150275,     0.08274481012,                 0,                 0,                 0,     -0.0309554509,  -0.0002342921361,     0.08275939356,                 0,       52.66511513
          0,           0,         382,      -10.45986277,      -11.35607029,      -10.99181973,      -9.909738324,             0.448,    0.001571150277,     0.08274481052,                 0,                 0,                 0,     -0.0309554508,  -0.0002342921428,     0.08275939396,                 0,       52.66511531
          0,           0,         383,      -10.47413254,      -11.36821857,      -10.99848602,      -9.924003026,             0.448,    0.001571150278,     0.08274481091,                 0,                 0,                 0,    -0.03095545071,  -0.0002342921507,     0.08275939434,                 0,       52.66511554
          0,           0,         384,       -10.4882167,      -11.38015028,      -11.00505988,      -9.938072328,             0.448,    0.001571150277,     0.08274481127,                 0,                 0,                 0,    -0.03095545063,  -0.0002342921597,     0.08275939471,                 0,       52.66511581
          0,           0,         385,       -10.5020998,      -11.39188849,      -11.01165201,      -9.951931003,             0.448,    0.001571150274,     0.08274481161,                 0,                 0,                 0,    -0.03095545055,  -0.0002342921697,     0.08275939505,                 0,       52.66511611
          0,           0,         386,      -10.51576981,      -11.40345966,      -11.01836379,       -9.96556746,             0.448,     0.00157115027,     0.08274481193,                 0,                 0,                 0,    -0.03095545049,  -0.0002342921805,     0.08275939537,                 0,       52.66511644
          0,           0,         387,      -10.52921832,      -11.41489201,      -11.02528644,      -9.978973973,             0.448,    0.001571150265,     0.08274481224,                 0,                 0,                 0,    -0.03095545043,  -0.0002342921921,     0.08275939567,                 0,       52.66511681
          0,           0,         388,      -10.54244087,      -11.42621592,      -11.03250091,       -9.99214692,             0.448,    0.001571150259,     0.08274481252,                 0,                 0,                 0,    -0.03095545039,  -0.0002342922044,     0.08275939595,                 0,       52.66511719
          0,           0,         389,      -10.55543693,      -11.43746305,      -11.04007803,       -10.0050868,             0.448,    0.001571150252,     0.08274481277,                 0,                 0,                 0,    -0.03095545035,  -0.0002342922173,     0.08275939621,                 0,        52.6651176
          0,           0,         390,      -10.56821001,      -11.44866413,      -11.04807911,      -10.01779825,             0.448,    0.001571150244,     0.08274481301,                 0,                 0,                 0,    -0.03095545032,  -0.0002342922306,     0.08275939645,                 0,       52.66511802
          0,           0,         391,      -10.58076742,      -11.45985122,      -11.05655633,      -10.03028986,             0.448,    0.001571150235,     0.08274481323,                 0,                 0,                 0,    -0.03095545029,  -0.0002342922444,     0.08275939667,                 0,       52.66511846
          0,           0,         392,      -10.59312019,      -11.47105447,      -11.06555375,      -10.04257397,             0.448,    0.001571150225,     0.08274481343,                 0,                 0,                 0,    -0.03095545028,  -0.0002342922584,     0.08275939686,                 0,       52.66511892
          0,           0,         393,      -10.60528276,      -11.48230442,      -11.07510787,      -10.05466634,             0.448,    0.001571150214,     0.08274481361,                 0,                 0,                 0,    -0.03095545026,  -0.0002342922727,     0.08275939704,                 0,       52.66511938
          0,           0,         394,      -10.61727254,       -11.4936281,      -11.08524839,      -10.06658572,             0.448,    0.001571150204,     0.08274481376,                 0,                 0,                 0,    -0.03095545026,  -0.0002342922872,      0.0827593972,                 0,       52.66511985
          0,           0,         395,      -10.62910959,      -11.50505288,       -11.0959988,      -10.07835347,             0.448,    0.001571150192,      0.0827448139,                 0,                 0,                 0,    -0.03095545026,  -0.0002342923017,     0.08275939734,                 0,       52.66512032
          0,           0,         396,      -10.64081611,       -11.5166022,      -11.10737699,      -10.08999301,             0.448,     0.00157115018,     0.08274481402,                 0,                 0,                 0,    -0.03095545027,  -0.0002342923162,     0.08275939746,                 0,       52.66512079
          0,           0,         397,      -10.65241595,      -11.52829859,      -11.11939567,      -10.10152933,             0.448,    0.001571150168,     0.08274481413,                 0,                 0,                 0,    -0.03095545028,  -0.0002342923307,     0.08275939756,                 0,       52.66512127
          0,           0,         398,      -10.66393416,      -11.54016219,      -11.13206271,      -10.11298848,             0.448,    0.001571150155,     0.08274481421,                 0,                 0,                 0,     -0.0309554503,   -0.000234292345,     0.08275939765,                 0,       52.66512174
          0,           0,         399,      -10.67539651,      -11.55220935,      -11.14538142,      -10.12439713,             0.448,    0.001571150143,     0.08274481428,                 0,                 0,                 0,    -0.03095545032,  -0.0002342923592,     0.08275939772,                 0,       52.66512221
          0,           0,         400,      -10.68682896,      -11.56445632,       -11.1593505,      -10.13578201,             0.448,     0.00157115013,     0.08274481434,                 0,                 0,                 0,    -0.03095545035,  -0.0002342923732,     0.08275939777,                 0,       52.66512268
          0,           0,         401,      -10.69825731,      -11.57691511,      -11.17396429,      -10.14716953,             0.448,    0.001571150117,     0.08274481438,                 0,                 0,                 0,    -0.03095545038,  -0.0002342923869,     0.08275939781,                 0,       52.66512313
          0,           0,         402,      -10.70970685,      -11.58959456,      -11.18921247,      -10.15858546,             0.448,    0.001571150104,      0.0827448144,                 0,                 0,                 0,    -0.03095545041,  -0.0002342924003,     0.08275939784,                 0,       52.66512358
          0,           0,         403,       -10.7212019,      -11.60250232,      -11.20507995,      -10.17005446,             0.448,    0.001571150091,     0.08274481442,                 0,                 0,                 0,    -0.03095545045,  -0.0002342924134,     0.08275939785,                 0,       52.66512402
          0,           0,         404,      -10.73276562,      -11.61564312,      -11.22154645,      -10.18159988,             0.448,    0.001571150079,     0.08274481441,                 0,                 0,                 0,    -0.03095545049,   -0.000234292426,     0.08275939785,                 0,       52.66512444
          0,           0,         405,      -10.74441972,      -11.62901843,      -11.23858613,      -10.19324352,             0.448,    0.001571150066,      0.0827448144,                 0,                 0,                 0,    -0.03095545053,  -0.0002342924383,     0.08275939784,                 0,       52.66512485
          0,           0,         406,      -10.75618426,      -11.64262661,      -11.25616694,      -10.20500539,             0.448,    0.001571150054,     0.08274481438,                 0,                 0,                 0,    -0.03095545057,  -0.0002342924501,     0.08275939781,                 0,       52.66512525
          0,           0,         407,      -10.76807747,      -11.65646475,      -11.27425002,      -10.21690359,             0.448,    0.001571150042,     0.08274481434,                 0,                 0,                 0,    -0.03095545062,  -0.0002342924614,     0.08275939778,                 0,       52.66512563
          0,           0,         408,      -10.78011566,      -11.67052536,      -11.29278904,      -10.22895418,             0.448,     0.00157115003,      0.0827448143,                 0,                 0,                 0,    -0.03095545066,  -0.0002342924723,     0.08275939773,                 0,         52.665126
          0,           0,         409,      -10.79231306,      -11.68479917,       -11.3117293,      -10.24117103,             0.448,    0.001571150019,     0.08274481425,                 0,                 0,                 0,    -0.03095545071,  -0.0002342924826,     0.08275939768,                 0,       52.66512635
          0,           0,         410,      -10.80468178,      -11.69927507,      -11.33100718,      -10.25356586,             0.448,    0.001571150007,     0.08274481419,                 0,                 0,                 0,    -0.03095545076,  -0.0002342924924,     0.08275939762,                 0,       52.66512669
          0,           0,         411,      -10.81723174,      -11.71393774,      -11.35054924,      -10.26614812,             0.448,    0.001571149997,     0.08274481412,                 0,                 0,                 0,    -0.03095545081,  -0.0002342925017,     0.08275939755,                 0,       52.66512701
          0,           0,         412,      -10.82997066,      -11.72877097,      -11.37027202,      -10.27892495,             0.448,    0.001571149986,     0.08274481405,                 0,                 0,                 0,    -0.03095545086,  -0.0002342925105,     0.08275939748,                 0,       52.66512731
          0,           0,         413,      -10.84290399,      -11.74375423,      -11.39008171,      -10.29190119,             0.448,    0.001571149976,     0.08274481397,                 0,                 0,                 0,    -0.03095545091,  -0.0002342925187,      0.0827593974,                 0,       52.66512759
          0,           0,         414,      -10.85603486,      -11.75886529,      -11.40987433,      -10.30507935,             0.448,    0.001571149967,     0.08274481388,                 0,                 0,                 0,    -0.03095545096,  -0.0002342925264,     0.08275939731,                 0,       52.66512786
          0,           0,         415,       -10.8693642,      -11.77408253,      -11.42953675,      -10.31845964,             0.448,    0.001571149958,     0.08274481379,                 0,                 0,                 0,    -0.03095545101,  -0.0002342925335,     0.08275939722,                 0,        52.6651281
          0,           0,         416,      -10.88289062,      -11.78937811,      -11.44894827,      -10.33203992,             0.448,    0.001571149949,      0.0827448137,                 0,                 0,                 0,    -0.03095545106,    -0.00023429254,     0.08275939713,                 0,       52.66512833
          0,           0,         417,      -10.89661041,      -11.80472574,      -11.46798306,      -10.34581573,             0.448,    0.001571149941,      0.0827448136,                 0,                 0,                 0,    -0.03095545111,   -0.000234292546,     0.08275939703,                 0,       52.66512854
          0,           0,         418,      -10.91051763,      -11.82009374,      -11.48651374,       -10.3597803,             0.448,    0.001571149933,      0.0827448135,                 0,                 0,                 0,    -0.03095545116,  -0.0002342925515,     0.08275939693,                 0,       52.66512873
          0,           0,         419,      -10.92460408,      -11.83545405,      -11.50441554,      -10.37392464,             0.448,    0.001571149926,     0.08274481339,                 0,                 0,                 0,    -0.03095545121,  -0.0002342925565,     0.08275939682,                 0,       52.66512891
          0,           0,         420,      -10.93885935,      -11.85077354,      -11.52157145,      -10.38823748,             0.448,    0.001571149919,     0.08274481329,                 0,                 0,                 0,    -0.03095545125,  -0.0002342925609,     0.08275939672,                 0,       52.66512907
          0,           0,         421,      -10.95327084,      -11.86602069,      -11.53787821,      -10.40270537,             0.448,    0.001571149913,     0.08274481318,                 0,                 0,                 0,     -0.0309554513,  -0.0002342925648,     0.08275939661,                 0,       52.66512921
          0,           0,         422,      -10.96782384,      -11.88116463,      -11.55325124,      -10.41731277,             0.448,    0.001571149907,     0.08274481308,                 0,                 0,                 0,    -0.03095545134,  -0.0002342925682,     0.08275939651,                 0,       52.66512933
          0,           0,         423,      -10.98250157,      -11.89617358,      -11.56763044,      -10.43204202,             0.448,    0.001571149902,     0.08274481297,                 0,                 0,                 0,    -0.03095545139,  -0.0002342925711,      0.0827593964,                 0,       52.66512944
          0,           0,         424,      -10.99728534,      -11.91101812,      -11.58098305,      -10.44687367,             0.448,    0.001571149897,     0.08274481287,                 0,                 0,                 0,    -0.03095545143,  -0.0002342925735,     0.08275939629,                 0,       52.66512953
          0,           0,         425,      -11.01215464,      -11.92567044,      -11.59330688,      -10.46178636,             0.448,    0.001571149893,     0.08274481276,                 0,                 0,                 0,    -0.03095545147,  -0.0002342925755,     0.08275939619,                 0,       52.66512961
          0,           0,         426,      -11.02708732,      -11.94010641,      -11.60462959,      -10.47675716,             0.448,    0.001571149889,     0.08274481265,                 0,                 0,                 0,    -0.03095545151,  -0.0002342925771,     0.08275939608,                 0,       52.66512967
          0,           0,         427,      -11.04205978,      -11.95430614,      -11.61500755,      -10.49176182,             0.448,    0.001571149886,     0.08274481255,                 0,                 0,                 0,    -0.03095545154,  -0.0002342925782,     0.08275939598,                 0,       52.66512972
          0,           0,         428,      -11.05704723,      -11.96825034,      -11.62452167,      -10.50677487,             0.448,    0.001571149883,     0.08274481245,                 0,                 0,                 0,    -0.03095545158,  -0.0002342925789,     0.08275939588,                 0,       52.66512975
          0,           0,         429,      -11.07202405,      -11.98192557,      -11.63327269,      -10.52177014,             0.448,     0.00157114988,     0.08274481235,                 0,                 0,                 0,    -0.03095545161,  -0.0002342925793,     0.08275939578,                 0,       52.66512978
          0,           0,         430,      -11.08696407,      -11.99532602,      -11.64137568,      -10.53672098,             0.448,    0.001571149878,     0.08274481225,                 0,                 0,                 0,    -0.03095545164,  -0.0002342925793,     0.08275939568,                 0,       52.66512978
          0,           0,         431,        -11.101841,      -12.00844619,       -11.6489541,      -10.55160075,             0.448,    0.001571149877,     0.08274481216,                 0,                 0,                 0,    -0.03095545167,   -0.000234292579,     0.08275939559,                 0,       52.66512978
          0,           0,         432,      -11.11662894,      -12.02128682,      -11.65613453,       -10.5663834,             0.448,    0.001571149875,     0.08274481207,                 0,                 0,                 0,     -0.0309554517,  -0.0002342925783,      0.0827593955,                 0,       52.66512977
          0,           0,         433,      -11.13130276,      -12.03385536,      -11.66304234,      -10.58104368,             0.448,    0.001571149874,     0.08274481198,                 0,                 0,                 0,    -0.03095545173,  -0.0002342925774,     0.08275939541,                 0,       52.66512975
          0,           0,         434,      -11.14583868,      -12.04616401,       -11.6697978,      -10.59555798,             0.448,    0.001571149874,     0.08274481189,                 0,                 0,                 0,    -0.03095545175,  -0.0002342925762,     0.08275939532,                 0,       52.66512971
          0,           0,         435,      -11.16021473,      -12.05822647,      -11.67651434,      -10.60990452,             0.448,    0.001571149873,     0.08274481181,                 0,                 0,                 0,    -0.03095545177,  -0.0002342925747,     0.08275939524,                 0,       52.66512967
          0,           0,         436,      -11.17441134,      -12.07006233,       -11.6832959,      -10.62406423,             0.448,    0.001571149873,     0.08274481173,                 0,                 0,                 0,    -0.03095545179,   -0.000234292573,     0.08275939516,                 0,       52.66512962
          0,           0,         437,      -11.18841157,      -12.08169901,      -11.69023674,      -10.63802079,             0.448,    0.001571149873,     0.08274481166,                 0,                 0,                 0,    -0.03095545181,  -0.0002342925711,     0.08275939508,                 0,       52.66512957
          0,           0,         438,      -11.20220172,      -12.09316193,      -11.69742026,      -10.65176123,             0.448,    0.001571149874,     0.08274481158,                 0,                 0,                 0,    -0.03095545183,   -0.000234292569,     0.08275939501,                 0,        52.6651295
          0,           0,         439,      -11.21577171,      -12.10448034,      -11.70492032,      -10.66527635,             0.448,    0.001571149875,     0.08274481152,                 0,                 0,                 0,    -0.03095545184,  -0.0002342925668,     0.08275939495,                 0,       52.66512943
          0,           0,         440,      -11.22911515,      -12.11568434,      -11.71280074,      -10.67856078,             0.448,    0.001571149876,     0.08274481145,                 0,                 0,                 0,    -0.03095545186,  -0.0002342925643,     0.08275939488,                 0,       52.66512936
          0,           0,         441,      -11.24222965,      -12.12680731,      -11.72111567,      -10.69161317,             0.448,    0.001571149877,     0.08274481139,                 0,                 0,                 0,    -0.03095545187,  -0.0002342925618,     0.08275939482,                 0,       52.66512928
          0,           0,         442,      -11.25511679,      -12.13788667,      -11.72991166,      -10.70443629,             0.448,    0.001571149879,     0.08274481134,                 0,                 0,                 0,    -0.03095545188,  -0.0002342925591,     0.08275939477,                 0,       52.66512919
          0,           0,         443,      -11.26778231,       -12.1489508,      -11.73922722,      -10.71703698,             0.448,     0.00157114988,     0.08274481129,                 0,                 0,                 0,    -0.03095545188,  -0.0002342925564,     0.08275939472,                 0,       52.66512911
          0,           0,         444,       -11.2802357,      -12.16002888,      -11.74909375,      -10.72942586,             0.448,    0.001571149882,     0.08274481124,                 0,                 0,                 0,    -0.03095545189,  -0.0002342925535,     0.08275939467,                 0,       52.66512902
          0,           0,         445,      -11.29249009,      -12.17115932,      -11.75953666,      -10.74161715,             0.448,    0.001571149884,     0.08274481119,                 0,                 0,                 0,     -0.0309554519,  -0.0002342925506,     0.08275939462,                 0,       52.66512892
          0,           0,         446,      -11.30456188,      -12.18236975,      -11.77057527,       -10.7536283,             0.448,    0.001571149886,     0.08274481115,                 0,                 0,                 0,     -0.0309554519,  -0.0002342925477,     0.08275939458,                 0,       52.66512883
          0,           0,         447,      -11.31647053,      -12.19368806,      -11.78222421,      -10.76547973,             0.448,    0.001571149888,     0.08274481112,                 0,                 0,                 0,     -0.0309554519,  -0.0002342925447,     0.08275939455,                 0,       52.66512873
          0,           0,         448,      -11.32823785,       -12.2051392,      -11.79449285,      -10.77719411,             0.448,    0.001571149891,     0.08274481109,                 0,                 0,                 0,     -0.0309554519,  -0.0002342925417,     0.08275939452,                 0,       52.66512863
          0,           0,         449,      -11.33988764,      -12.21674867,      -11.80738662,      -10.78879594,             0.448,    0.001571149893,     0.08274481106,                 0,                 0,                 0,     -0.0309554519,  -0.0002342925386,     0.08275939449,                 0,       52.66512853
          0,           0,         450,      -11.35144527,      -12.22853887,      -11.82090632,      -10.80031124,             0.448,    0.001571149895,     0.08274481103,                 0,                 0,                 0,     -0.0309554519,  -0.0002342925356,     0.08275939446,                 0,       52.66512844
          0,           0,         451,      -11.36293694,      -12.24052584,      -11.83504871,      -10.81176669,             0.448,    0.001571149898,     0.08274481101,                 0,                 0,                 0,     -0.0309554519,  -0.0002342925327,     0.08275939444,                 0,       52.66512834
          0,           0,         452,      -11.37438954,      -12.25272694,      -11.84980629,      -10.82318956,             0.448,      0.0015711499,     0.08274481099,                 0,                 0,                 0,    -0.03095545189,  -0.0002342925297,     0.08275939442,                 0,       52.66512824
          0,           0,         453,      -11.38582991,      -12.26515897,      -11.86516728,      -10.83460693,             0.448,    0.001571149903,     0.08274481098,                 0,                 0,                 0,    -0.03095545189,  -0.0002342925268,     0.08275939441,                 0,       52.66512815
          0,           0,         454,      -11.39728451,      -12.27782701,      -11.88111558,      -10.84604537,             0.448,    0.001571149906,     0.08274481097,                 0,                 0,                 0,    -0.03095545188,  -0.0002342925239,      0.0827593944,                 0,       52.66512805
          0,           0,         455,      -11.40877894,      -12.29074141,      -11.89763018,       -10.8575306,             0.448,    0.001571149908,     0.08274481096,                 0,                 0,                 0,    -0.03095545188,  -0.0002342925211,     0.08275939439,                 0,       52.66512796
          0,           0,         456,      -11.42033787,       -12.3039045,      -11.91468515,      -10.86908715,             0.448,    0.001571149911,     0.08274481095,                 0,                 0,                 0,    -0.03095545187,  -0.0002342925184,     0.08275939438,                 0,       52.66512787
          0,           0,         457,      -11.43198452,      -12.31732146,      -11.93224855,      -10.88073809,             0.448,    0.001571149913,     0.08274481095,                 0,                 0,                 0,    -0.03095545186,  -0.0002342925158,     0.08275939438,                 0,       52.66512778
          0,           0,         458,       -11.4437404,      -12.33099006,      -11.95028245,      -10.89250464,             0.448,    0.001571149916,     0.08274481095,                 0,                 0,                 0,    -0.03095545185,  -0.0002342925132,     0.08275939438,                 0,       52.66512769
          0,           0,         459,      -11.45562531,      -12.34490074,      -11.96874203,       -10.9044064,             0.448,    0.001571149918,     0.08274481095,                 0,                 0,                 0,    -0.03095545184,  -0.0002342925108,     0.08275939438,                 0,       52.66512761
          0,           0,         460,      -11.46765696,      -12.35905439,       -11.9875749,      -10.91646064,             0.448,    0.001571149921,     0.08274481095,                 0,                 0,                 0,    -0.03095545183,  -0.0002342925084,     0.08275939438,                 0,       52.66512753
          0,           0,         461,      -11.47985111,      -12.37343223,      -12.00672088,      -10.92868273,             0.448,    0.001571149923,     0.08274481096,                 0,                 0,                 0,    -0.03095545182,  -0.0002342925061,     0.08275939439,                 0,       52.66512745
          0,           0,         462,      -11.49222085,      -12.38802914,      -12.02611093,      -10.94108535,             0.448,    0.001571149926,     0.08274481097,                 0,                 0,                 0,    -0.03095545181,   -0.000234292504,      0.0827593944,                 0,       52.66512738
          0,           0,         463,      -11.50477758,      -12.40282363,      -12.04566708,      -10.95367932,             0.448,    0.001571149928,     0.08274481098,                 0,                 0,                 0,     -0.0309554518,  -0.0002342925019,     0.08275939441,                 0,       52.66512731
          0,           0,         464,      -11.51752989,      -12.41779626,      -12.06530179,      -10.96647276,             0.448,     0.00157114993,     0.08274481099,                 0,                 0,                 0,    -0.03095545179,     -0.0002342925,     0.08275939442,                 0,       52.66512724
          0,           0,         465,      -11.53048417,      -12.43292711,      -12.08491955,      -10.97947146,             0.448,    0.001571149932,       0.082744811,                 0,                 0,                 0,    -0.03095545178,  -0.0002342924981,     0.08275939443,                 0,       52.66512718
          0,           0,         466,       -11.5436442,      -12.44819333,      -12.10441557,      -10.99267874,             0.448,    0.001571149934,     0.08274481102,                 0,                 0,                 0,    -0.03095545177,  -0.0002342924964,     0.08275939445,                 0,       52.66512712
          0,           0,         467,      -11.55701148,      -12.46356832,      -12.12367973,      -11.00609536,             0.448,    0.001571149936,     0.08274481103,                 0,                 0,                 0,    -0.03095545176,  -0.0002342924948,     0.08275939446,                 0,       52.66512707
          0,           0,         468,      -11.57058501,      -12.47901928,      -12.14259587,      -11.01971974,             0.448,    0.001571149938,     0.08274481105,                 0,                 0,                 0,    -0.03095545175,  -0.0002342924933,     0.08275939448,                 0,       52.66512702
          0,           0,         469,      -11.58436113,      -12.49451618,       -12.1610477,      -11.03354766,             0.448,     0.00157114994,     0.08274481107,                 0,                 0,                 0,    -0.03095545174,   -0.000234292492,      0.0827593945,                 0,       52.66512697
          0,           0,         470,       -11.5983338,      -12.51003769,      -12.17891883,      -11.04757231,             0.448,    0.001571149942,     0.08274481109,                 0,                 0,                 0,    -0.03095545173,  -0.0002342924907,     0.08275939452,                 0,       52.66512693
          0,           0,         471,       -11.6124947,      -12.52553023,      -12.19610215,      -11.06178489,             0.448,    0.001571149943,     0.08274481111,                 0,                 0,                 0,    -0.03095545172,  -0.0002342924896,     0.08275939454,                 0,       52.66512689
          0,           0,         472,      -11.62683286,      -12.54097459,      -12.21249967,      -11.07617369,             0.448,    0.001571149945,     0.08274481113,                 0,                 0,                 0,    -0.03095545171,  -0.0002342924886,     0.08275939456,                 0,       52.66512685
          0,           0,         473,      -11.64133483,      -12.55632907,      -12.22803018,      -11.09072461,             0.448,    0.001571149946,     0.08274481115,                 0,                 0,                 0,     -0.0309554517,  -0.0002342924877,     0.08275939458,                 0,       52.66512682
          0,           0,         474,       -11.6559851,       -12.5715633,      -12.24263275,      -11.10542141,             0.448,    0.001571149947,     0.08274481117,                 0,                 0,                 0,    -0.03095545169,  -0.0002342924869,      0.0827593946,                 0,       52.66512679
          0,           0,         475,      -11.67076586,      -12.58663873,      -12.25627097,      -11.12024582,             0.448,    0.001571149948,     0.08274481119,                 0,                 0,                 0,    -0.03095545168,  -0.0002342924862,     0.08275939462,                 0,       52.66512676
          0,           0,         476,      -11.68565672,       -12.6015273,      -12.26893524,      -11.13517665,             0.448,    0.001571149949,     0.08274481121,                 0,                 0,                 0,    -0.03095545167,  -0.0002342924856,     0.08275939465,                 0,       52.66512674
          0,           0,         477,      -11.70063569,      -12.61620562,      -12.28064209,      -11.15019142,             0.448,     0.00157114995,     0.08274481124,                 0,                 0,                 0,    -0.03095545166,  -0.0002342924851,     0.08275939467,                 0,       52.66512672
          0,           0,         478,      -11.71567899,      -12.63063205,      -12.29143554,      -11.16526582,             0.448,    0.001571149951,     0.08274481126,                 0,                 0,                 0,    -0.03095545165,  -0.0002342924848,     0.08275939469,                 0,       52.66512671
          0,           0,         479,      -11.73076093,      -12.64480394,      -12.30138071,      -11.18037346,             0.448,    0.001571149952,     0.08274481128,                 0,                 0,                 0,    -0.03095545164,  -0.0002342924845,     0.08275939471,                 0,        52.6651267
          0,           0,         480,      -11.74585482,      -12.65868641,      -12.31056538,      -11.19548726,             0.448,    0.001571149953,      0.0827448113,                 0,                 0,                 0,    -0.03095545163,  -0.0002342924843,     0.08275939473,                 0,       52.66512669
          0,           0,         481,      -11.76093283,      -12.67227991,      -12.31908936,      -11.21057899,             0.448,    0.001571149953,     0.08274481132,                 0,                 0,                 0,    -0.03095545162,  -0.0002342924842,     0.08275939475,                 0,       52.66512668
          0,           0,         482,      -11.77596661,      -12.68556382,      -12.32706556,      -11.22561989,             0.448,    0.001571149954,     0.08274481134,                 0,                 0,                 0,    -0.03095545162,  -0.0002342924841,     0.08275939478,                 0,       52.66512668
          0,           0,         483,      -11.79092771,      -12.69855347,       -12.3346074,      -11.24058133,             0.448,    0.001571149954,     0.08274481136,                 0,                 0,                 0,    -0.03095545161,  -0.0002342924842,      0.0827593948,                 0,       52.66512668
          0,           0,         484,      -11.80578833,      -12.71124225,      -12.34183296,      -11.25543526,             0.448,    0.001571149954,     0.08274481138,                 0,                 0,                 0,     -0.0309554516,  -0.0002342924843,     0.08275939482,                 0,       52.66512668
          0,           0,         485,      -11.82052119,      -12.72363315,      -12.34885612,      -11.27015449,             0.448,    0.001571149955,      0.0827448114,                 0,                 0,                 0,     -0.0309554516,  -0.0002342924845,     0.08275939483,                 0,       52.66512669
          0,           0,         486,      -11.83510101,      -12.73576141,      -12.35578587,      -11.28471382,             0.448,    0.001571149955,     0.08274481142,                 0,                 0,                 0,    -0.03095545159,  -0.0002342924847,     0.08275939485,                 0,       52.66512669
          0,           0,         487,      -11.84950425,      -12.74761678,      -12.36272246,      -11.29908996,             0.448,    0.001571149955,     0.08274481144,                 0,                 0,                 0,    -0.03095545159,   -0.000234292485,     0.08275939487,                 0,        52.6651267
          0,           0,         488,       -11.8637103,      -12.75925453,      -12.36975759,      -11.31326264,             0.448,    0.001571149955,     0.08274481146,                 0,                 0,                 0,    -0.03095545158,  -0.0002342924854,     0.08275939489,                 0,       52.66512671
          0,           0,         489,      -11.87770157,      -12.77068427,      -12.37697596,      -11.32721471,             0.448,    0.001571149955,     0.08274481147,                 0,                 0,                 0,    -0.03095545158,  -0.0002342924858,     0.08275939491,                 0,       52.66512672
          0,           0,         490,      -11.89146443,      -12.78192887,      -12.38445258,      -11.34093335,             0.448,    0.001571149955,     0.08274481149,                 0,                 0,                 0,    -0.03095545157,  -0.0002342924862,     0.08275939492,                 0,       52.66512674
          0,           0,         491,      -11.90498849,      -12.79304099,      -12.39225165,      -11.35440884,             0.448,    0.001571149955,      0.0827448115,                 0,                 0,                 0,    -0.03095545157,  -0.0002342924867,     0.08275939494,                 0,       52.66512675
          0,           0,         492,      -11.91826867,      -12.80403947,      -12.40043072,      -11.36763708,             0.448,    0.001571149954,     0.08274481152,                 0,                 0,                 0,    -0.03095545157,  -0.0002342924872,     0.08275939495,                 0,       52.66512677
          0,           0,         493,      -11.93130334,       -12.8149661,      -12.40903773,      -11.38061713,             0.448,    0.001571149954,     0.08274481153,                 0,                 0,                 0,    -0.03095545157,  -0.0002342924878,     0.08275939496,                 0,       52.66512678
          0,           0,         494,      -11.94409613,      -12.82586049,      -12.41811561,      -11.39335359,             0.448,    0.001571149954,     0.08274481154,                 0,                 0,                 0,    -0.03095545156,  -0.0002342924883,     0.08275939498,                 0,        52.6651268
          0,           0,         495,      -11.95665455,      -12.83673781,      -12.42769832,      -11.40585497,             0.448,    0.001571149954,     0.08274481156,                 0,                 0,                 0,    -0.03095545156,  -0.0002342924889,     0.08275939499,                 0,       52.66512682
          0,           0,         496,      -11.96899024,      -12.84765037,      -12.43781392,      -11.41813408,             0.448,    0.001571149953,     0.08274481157,                 0,                 0,                 0,    -0.03095545156,  -0.0002342924895,       0.082759395,                 0,       52.66512684
          0,           0,         497,      -11.98111911,      -12.85862755,      -12.44848553,      -11.43020761,             0.448,    0.001571149953,     0.08274481158,                 0,                 0,                 0,    -0.03095545156,  -0.0002342924902,     0.08275939501,                 0,       52.66512686
          0,           0,         498,       -11.9930602,      -12.86970609,      -12.45973155,      -11.44209538,             0.448,    0.001571149952,     0.08274481158,                 0,                 0,                 0,    -0.03095545156,  -0.0002342924908,     0.08275939502,                 0,       52.66512688
          0,           0,         499,      -12.00483603,      -12.88089487,      -12.47156512,      -11.45382062,             0.448,    0.001571149952,     0.08274481159,                 0,                 0,                 0,    -0.03095545156,  -0.0002342924915,     0.08275939502,                 0,        52.6651269
          0,           0,         500,      -12.01647077,      -12.89225292,      -12.48399496,      -11.46540847,             0.448,    0.001571149951,      0.0827448116,                 0,                 0,                 0,    -0.03095545156,  -0.0002342924921,     0.08275939503,                 0,       52.66512692
          0,           0,         501,      -12.02799086,      -12.90377154,      -12.49702553,      -11.47688607,             0.448,    0.001571149951,     0.08274481161,                 0,                 0,                 0,    -0.03095545156,  -0.0002342924928,     0.08275939504,                 0,       52.66512694
          0,           0,         502,      -12.03942497,      -12.91548831,      -12.51065748,      -11.48828231,             0.448,     0.00157114995,     0.08274481161,                 0,                 0,                 0,    -0.03095545156,  -0.0002342924934,     0.08275939504,                 0,       52.66512697
          0,           0,         503,      -12.05080085,      -12.92742365,      -12.52488873,      -11.49962563,             0.448,     0.00157114995,     0.08274481162,                 0,                 0,                 0,    -0.03095545156,  -0.0002342924941,     0.08275939505,                 0,       52.66512699
          0,           0,         504,      -12.06214758,      -12.93957941,      -12.53971118,      -11.51094541,             0.448,    0.001571149949,     0.08274481162,                 0,                 0,                 0,    -0.03095545156,  -0.0002342924947,     0.08275939505,                 0,       52.66512701
          0,           0,         505,      -12.07349428,      -12.95195704,      -12.55511441,       -11.5222711,             0.448,    0.001571149949,     0.08274481162,                 0,                 0,                 0,    -0.03095545156,  -0.0002342924954,     0.08275939505,                 0,       52.66512703
          0,           0,         506,      -12.08486806,      -12.96461015,      -12.57108289,      -11.53362993,             0.448,    0.001571149948,     0.08274481163,                 0,                 0,                 0,    -0.03095545156,   -0.000234292496,     0.08275939506,                 0,       52.66512705
          0,           0,         507,      -12.09629613,      -12.97751379,      -12.58759673,      -11.54504901,             0.448,    0.001571149947,     0.08274481163,                 0,                 0,                 0,    -0.03095545157,  -0.0002342924966,     0.08275939506,                 0,       52.66512707
          0,           0,         508,      -12.10780439,       -12.9906742,      -12.60463099,      -11.55655445,             0.448,    0.001571149947,     0.08274481163,                 0,                 0,                 0,    -0.03095545157,  -0.0002342924972,     0.08275939506,                 0,       52.66512709
          0,           0,         509,      -12.11941571,       -13.0040927,      -12.62215512,      -11.56816881,             0.448,    0.001571149946,     0.08274481163,                 0,                 0,                 0,    -0.03095545157,  -0.0002342924977,     0.08275939506,                 0,       52.66512711
          0,           0,         510,      -12.13115246,      -13.01777419,       -12.6401319,      -11.57991474,             0.448,    0.001571149946,     0.08274481163,                 0,                 0,                 0,    -0.03095545157,  -0.0002342924983,     0.08275939506,                 0,       52.66512713
          0,           0,         511,        -12.143034,      -13.03170239,      -12.65851936,      -11.59181118,             0.448,    0.001571149945,     0.08274481163,                 0,                 0,                 0,    -0.03095545157,  -0.0002342924988,     0.08275939506,                 0,       52.66512714
          0,           0,         512,      -12.15507796,      -13.04587299,      -12.67726661,      -11.60387546,             0.448,    0.001571149945,     0.08274481163,                 0,                 0,                 0,    -0.03095545158,  -0.0002342924993,     0.08275939506,                 0,       52.66512716
          0,           0,         513,      -12.16729936,      -13.06026432,      -12.69631511,      -11.61612209,             0.448,    0.001571149944,     0.08274481163,                 0,                 0,                 0,    -0.03095545158,  -0.0002342924998,     0.08275939506,                 0,       52.66512718
          0,           0,         514,      -12.17971047,      -13.07486597,      -12.71559784,      -11.62856354,             0.448,    0.001571149944,     0.08274481163,                 0,                 0,                 0,    -0.03095545158,  -0.0002342925003,     0.08275939506,                 0,       52.66512719
          0,           0,         515,      -12.19232104,      -13.08966613,      -12.73503825,      -11.64120892,             0.448,    0.001571149943,     0.08274481162,                 0,                 0,                 0,    -0.03095545158,  -0.0002342925007,     0.08275939505,                 0,       52.66512721
          0,           0,         516,      -12.20513911,      -13.10465354,      -12.75455316,      -11.65406576,             0.448,    0.001571149943,     0.08274481162,                 0,                 0,                 0,    -0.03095545159,  -0.0002342925011,     0.08275939505,                 0,       52.66512722
          0,           0,         517,      -12.21816992,      -13.11977474,        -12.774048,      -11.66713892,             0.448,    0.001571149942,     0.08274481162,                 0,                 0,                 0,    -0.03095545159,  -0.0002342925015,     0.08275939505,                 0,       52.66512724
          0,           0,         518,      -12.23141504,      -13.13502771,      -12.79342215,       -11.6804294,             0.448,    0.001571149942,     0.08274481161,                 0,                 0,                 0,    -0.03095545159,  -0.0002342925019,     0.08275939504,                 0,       52.66512725
          0,           0,         519,      -12.24487408,      -13.15037248,      -12.81256379,      -11.69393693,             0.448,    0.001571149941,     0.08274481161,                 0,                 0,                 0,    -0.03095545159,  -0.0002342925022,     0.08275939504,                 0,       52.66512726
          0,           0,         520,      -12.25854392,      -13.16580704,      -12.83136259,      -11.70765752,             0.448,    0.001571149941,     0.08274481161,                 0,                 0,                 0,     -0.0309554516,  -0.0002342925025,     0.08275939504,                 0,       52.66512727
          0,           0,         521,      -12.27241943,      -13.18125205,      -12.84970189,      -11.72158538,             0.448,    0.001571149941,      0.0827448116,                 0,                 0,                 0,     -0.0309554516,  -0.0002342925028,     0.08275939503,                 0,       52.66512728
          0,           0,         522,      -12.28649224,      -13.19671397,      -12.86747108,      -11.73571129,             0.448,     0.00157114994,      0.0827448116,                 0,                 0,                 0,     -0.0309554516,   -0.000234292503,     0.08275939503,                 0,       52.66512729
          0,           0,         523,      -12.30075166,      -13.21211329,      -12.88455904,      -11.75002389,             0.448,     0.00157114994,     0.08274481159,                 0,                 0,                 0,     -0.0309554516,  -0.0002342925033,     0.08275939502,                 0,        52.6651273
          0,           0,         524,      -12.31518416,       -13.2274565,      -12.90086834,      -11.76451021,             0.448,     0.00157114994,     0.08274481159,                 0,                 0,                 0,     -0.0309554516,  -0.0002342925035,     0.08275939502,                 0,       52.66512731
          0,           0,         525,      -12.32977401,      -13.24271585,      -12.91631928,      -11.77915282,             0.448,    0.001571149939,     0.08274481158,                 0,                 0,                 0,    -0.03095545161,  -0.0002342925037,     0.08275939501,                 0,       52.66512731
          0,           0,         526,      -12.34450295,      -13.25782024,       -12.9308519,      -11.79393311,             0.448,    0.001571149939,     0.08274481158,                 0,                 0,                 0,    -0.03095545161,  -0.0002342925038,     0.08275939501,                 0,       52.66512732
          0,           0,         527,      -12.35935115,      -13.27271873,      -12.94442639,      -11.80883053,             0.448,    0.001571149939,     0.08274481157,                 0,                 0,                 0,    -0.03095545161,  -0.0002342925039,     0.08275939501,                 0,       52.66512732
          0,           0,         528,      -12.37429478,      -13.28743909,      -12.95702963,      -11.82382094,             0.448,    0.001571149939,     0.08274481157,                 0,                 0,                 0,    -0.03095545161,  -0.0002342925041,       0.082759395,                 0,       52.66512733
          0,           0,         529,      -12.38931057,      -13.30192643,      -12.96868015,       -11.8388801,             0.448,    0.001571149938,     0.08274481157,                 0,                 0,                 0,    -0.03095545161,  -0.0002342925041,       0.082759395,                 0,       52.66512733
          0,           0,         530,       -12.4043717,      -13.31613984,      -12.97941336,      -11.85397999,             0.448,    0.001571149938,     0.08274481156,                 0,                 0,                 0,    -0.03095545162,  -0.0002342925042,     0.08275939499,                 0,       52.66512733
          0,           0,         531,      -12.41945041,      -13.33011113,      -12.98929615,      -11.86909304,             0.448,    0.001571149938,     0.08274481156,                 0,                 0,                 0,    -0.03095545162,  -0.0002342925043,     0.08275939499,                 0,       52.66512733
          0,           0,         532,      -12.43451845,      -13.34375609,      -12.99841904,      -11.88419091,             0.448,    0.001571149938,     0.08274481155,                 0,                 0,                 0,    -0.03095545162,  -0.0002342925043,     0.08275939498,                 0,       52.66512734
          0,           0,         533,      -12.44954516,      -13.35713195,       -13.0068732,      -11.89924075,             0.448,    0.001571149938,     0.08274481155,                 0,                 0,                 0,    -0.03095545162,  -0.0002342925043,     0.08275939498,                 0,       52.66512734
          0,           0,         534,      -12.46450235,      -13.37016843,      -13.01477526,      -11.91421473,             0.448,    0.001571149938,     0.08274481154,                 0,                 0,                 0,    -0.03095545162,  -0.0002342925043,     0.08275939497,                 0,       52.66512734
          0,           0,         535,      -12.47935969,      -13.38290154,        -13.022234,      -11.92908308,             0.448,    0.001571149938,     0.08274481154,                 0,                 0,                 0,    -0.03095545162,  -0.0002342925043,     0.08275939497,                 0,       52.66512734
          0,           0,         536,       -12.4940884,      -13.39539516,      -13.02936622,       -11.9438149,             0.448,    0.001571149938,     0.08274481153,                 0,                 0,                 0,    -0.03095545163,  -0.0002342925042,     0.08275939496,                 0,       52.66512734
          0,           0,         537,       -12.5086633,       -13.4075267,      -13.03628605,      -11.95838601,             0.448,    0.001571149938,     0.08274481153,                 0,                 0,                 0,    -0.03095545163,  -0.0002342925042,     0.08275939496,                 0,       52.66512733
          0,           0,         538,      -12.52305788,      -13.41939195,      -13.04310758,      -11.97276918,             0.448,    0.001571149938,     0.08274481153,                 0,                 0,                 0,    -0.03095545163,  -0.0002342925041,     0.08275939496,                 0,       52.66512733
          0,           0,         539,      -12.53725112,      -13.43105151,      -13.04993312,      -11.98694468,             0.448,    0.001571149938,     0.08274481152,                 0,                 0,                 0,    -0.03095545163,  -0.0002342925041,     0.08275939495,                 0,       52.66512733
          0,           0,         540,      -12.55122294,      -13.44248928,      -13.05684643,      -12.00089073,             0.448,    0.001571149938,     0.08274481152,                 0,                 0,                 0,    -0.03095545163,   -0.000234292504,     0.08275939495,                 0,       52.66512733
          0,           0,         541,       -12.5649607,      -13.45367167,      -13.06393883,      -12.01459678,             0.448,    0.001571149938,     0.08274481151,                 0,                 0,                 0,    -0.03095545163,  -0.0002342925039,     0.08275939495,                 0,       52.66512733
          0,           0,         542,      -12.57845054,      -13.46472379,       -13.0712852,      -12.02804913,             0.448,    0.001571149938,     0.08274481151,                 0,                 0,                 0,    -0.03095545163,  -0.0002342925038,     0.08275939494,                 0,       52.66512732
          0,           0,         543,      -12.59168672,      -13.47574796,      -13.07895009,      -12.04124287,             0.448,    0.001571149938,     0.08274481151,                 0,                 0,                 0,    -0.03095545163,  -0.0002342925037,     0.08275939494,                 0,       52.66512732
          0,           0,         544,      -12.60466766,      -13.48657899,       -13.0869948,      -12.05417584,             0.448,    0.001571149938,     0.08274481151,                 0,                 0,                 0,    -0.03095545163,  -0.0002342925035,     0.08275939494,                 0,       52.66512732
          0,           0,         545,      -12.61739714,      -13.49737916,      -13.09546326,      -12.06685413,             0.448,    0.001571149938,      0.0827448115,                 0,                 0,                 0,    -0.03095545163,  -0.0002342925034,     0.08275939493,                 0,       52.66512731
          0,           0,         546,      -12.62988024,      -13.50813184,      -13.10440812,      -12.07928389,             0.448,    0.001571149938,      0.0827448115,                 0,                 0,                 0,    -0.03095545163,  -0.0002342925033,     0.08275939493,                 0,       52.66512731
          0,           0,         547,      -12.64212943,      -13.51897634,      -13.11385922,       -12.0914778,             0.448,    0.001571149938,      0.0827448115,                 0,                 0,                 0,    -0.03095545163,  -0.0002342925032,     0.08275939493,                 0,        52.6651273
          0,           0,         548,      -12.65416242,      -13.52979139,      -13.12384473,      -12.10345429,             0.448,    0.001571149938,      0.0827448115,                 0,                 0,                 0,    -0.03095545163,   -0.000234292503,     0.08275939493,                 0,        52.6651273
          0,           0,         549,      -12.66599585,      -13.54081815,      -13.13438531,      -12.11523197,             0.448,    0.001571149938,     0.08274481149,                 0,                 0,                 0,    -0.03095545163,  -0.0002342925029,     0.08275939493,                 0,       52.66512729
          0,           0,         550,      -12.67765144,      -13.55182162,      -13.14550702,        -12.126833,             0.448,    0.001571149938,     0.08274481149,                 0,                 0,                 0,    -0.03095545163,  -0.0002342925028,     0.08275939492,                 0,       52.66512729
          0,           0,         551,      -12.68915816,       -13.5630137,      -13.15722007,      -12.13828727,             0.448,    0.001571149938,     0.08274481149,                 0,                 0,                 0,    -0.03095545163,  -0.0002342925026,     0.08275939492,                 0,       52.66512729
          0,           0,         552,      -12.70054113,      -13.57428816,      -13.16953584,      -12.14962072,             0.448,    0.001571149939,     0.08274481149,                 0,                 0,                 0,    -0.03095545163,  -0.0002342925025,     0.08275939492,                 0,       52.66512728
          0,           0,         553,      -12.71182735,      -13.58591337,      -13.18245499,      -12.16086196,             0.448,    0.001571149939,     0.08274481149,                 0,                 0,                 0,    -0.03095545163,  -0.0002342925023,     0.08275939492,                 0,       52.66512728
          0,           0,         554,      -12.72304753,      -13.59760543,      -13.19598136,      -12.17203926,             0.448,    0.001571149939,     0.08274481149,                 0,                 0,                 0,    -0.03095545163,  -0.0002342925022,     0.08275939492,                 0,       52.66512727
          0,           0,         555,      -12.73423205,      -13.60971653,      -13.21011341,      -12.18318854,             0.448,    0.001571149939,     0.08274481149,                 0,                 0,                 0,    -0.03095545163,  -0.0002342925021,     0.08275939492,                 0,       52.66512727
          0,           0,         556,      -12.74540816,      -13.62186395,      -13.22484192,      -12.19433268,             0.448,    0.001571149939,     0.08274481149,                 0,                 0,                 0,    -0.03095545163,  -0.0002342925019,     0.08275939492,                 0,       52.66512726
          0,           0,         557,      -12.75660569,      -13.63428373,      -13.24015658,      -12.20550477,             0.448,    0.001571149939,     0.08274481149,                 0,                 0,                 0,    -0.03095545163,  -0.0002342925018,     0.08275939492,                 0,       52.66512726
          0,           0,         558,      -12.76785277,      -13.64698745,      -13.25603757,      -12.21673296,             0.448,    0.001571149939,     0.08274481149,                 0,                 0,                 0,    -0.03095545163,  -0.0002342925017,     0.08275939492,                 0,       52.66512725
          0,           0,         559,      -12.77917436,      -13.65997765,      -13.27247104,         -12.22804,             0.448,    0.001571149939,     0.08274481149,                 0,                 0,                 0,    -0.03095545163,  -0.0002342925015,     0.08275939492,                 0,       52.66512725
          0,           0,         560,      -12.79059559,      -13.67323332,      -13.28942833,      -12.23945446,             0.448,    0.001571149939,     0.08274481149,                 0,                 0,                 0,    -0.03095545163,  -0.0002342925014,     0.08275939492,                 0,       52.66512725
          0,           0,         561,      -12.80213834,       -13.6866993,      -13.30687324,      -12.25099684,             0.448,     0.00157114994,     0.08274481149,                 0,                 0,                 0,    -0.03095545163,  -0.0002342925013,     0.08275939492,                 0,       52.66512724
          0,           0,         562,      -12.81382332,      -13.70040702,      -13.32477204,      -12.26268652,             0.448,     0.00157114994,     0.08274481149,                 0,                 0,                 0,    -0.03095545163,  -0.0002342925012,     0.08275939492,                 0,       52.66512724
          0,           0,         563,      -12.82566786,      -13.71440806,      -13.34308274,      -12.27454148,             0.448,     0.00157114994,     0.08274481149,                 0,                 0,                 0,    -0.03095545163,  -0.0002342925011,     0.08275939492,                 0,       52.66512723
          0,           0,         564,      -12.83768898,      -13.72868071,      -13.36174817,      -12.28658046,             0.448,     0.00157114994,     0.08274481149,                 0,                 0,                 0,    -0.03095545163,   -0.000234292501,     0.08275939492,                 0,       52.66512723
          0,           0,         565,      -12.84989769,      -13.74310666,      -13.38071143,      -12.29881155,             0.448,     0.00157114994,     0.08274481149,                 0,                 0,                 0,    -0.03095545163,  -0.0002342925009,     0.08275939492,                 0,       52.66512723
          0,           0,         566,      -12.86230521,      -13.75773217,      -13.39989494,       -12.3112466,             0.448,     0.00157114994,     0.08274481149,                 0,                 0,                 0,    -0.03095545163,  -0.0002342925008,     0.08275939492,                 0,       52.66512722
          0,           0,         567,      -12.87491906,      -13.77247521,      -13.41923005,      -12.32389379,             0.448,     0.00157114994,     0.08274481149,                 0,                 0,                 0,    -0.03095545163,  -0.0002342925007,     0.08275939492,                 0,       52.66512722
          0,           0,         568,      -12.88774544,      -13.78745097,      -13.43861594,      -12.33675688,             0.448,     0.00157114994,     0.08274481149,                 0,                 0,                 0,    -0.03095545163,  -0.0002342925006,     0.08275939492,                 0,       52.66512722
          0,           0,         569,      -12.90078657,       -13.8026309,      -13.45796168,      -12.34983876,             0.448,     0.00157114994,     0.08274481149,                 0,                 0,                 0,    -0.03095545163,  -0.0002342925005,     0.08275939492,                 0,       52.66512722
          0,           0,         570,      -12.91404276,      -13.81784728,      -13.47717265,       -12.3631402,             0.448,    0.001571149941,     0.08274481149,                 0,                 0,                 0,    -0.03095545163,  -0.0002342925005,     0.08275939492,                 0,       52.66512721
          0,           0,         571,      -12.92751262,      -13.83312221,      -13.49612538,      -12.37665737,             0.448,    0.001571149941,     0.08274481149,                 0,                 0,                 0,    -0.03095545163,  -0.0002342925004,     0.08275939492,                 0,       52.66512721
          0,           0,         572,       -12.9411895,      -13.84850331,      -13.51469967,      -12.39038449,             0.448,    0.001571149941,     0.08274481149,                 0,                 0,                 0,    -0.03095545163,  -0.0002342925003,     0.08275939492,                 0,       52.66512721
          0,           0,         573,      -12.95506664,      -13.86381156,      -13.53278679,       -12.4043137,             0.448,    0.001571149941,     0.08274481149,                 0,                 0,                 0,    -0.03095545162,  -0.0002342925003,     0.08275939492,                 0,       52.66512721
          0,           0,         574,      -12.96913482,      -13.87902008,      -13.55026547,      -12.41843437,             0.448,    0.001571149941,     0.08274481149,                 0,                 0,                 0,    -0.03095545162,  -0.0002342925002,     0.08275939492,                 0,       52.66512721
          0,           0,         575,      -12.98337781,      -13.89430874,       -13.5670339,       -12.4327309,             0.448,    0.001571149941,     0.08274481149,                 0,                 0,                 0,    -0.03095545162,  -0.0002342925002,     0.08275939493,                 0,        52.6651272
          0,           0,         576,      -12.99778491,      -13.90958116,      -13.58300081,      -12.44719257,             0.448,    0.001571149941,      0.0827448115,                 0,                 0,                 0,    -0.03095545162,  -0.0002342925001,     0.08275939493,                 0,        52.6651272
          0,           0,         577,      -13.01233598,        -13.924535,      -13.59808032,      -12.46179721,             0.448,    0.001571149941,      0.0827448115,                 0,                 0,                 0,    -0.03095545162,  -0.0002342925001,     0.08275939493,                 0,        52.6651272
