
-------------------------------------------------------------------------
|    ___ _   _ ___                                                      |
|   / __| | | |_  )   Release 8.3.0 "Harrier"                           |
|   \__ \ |_| |/ /                                                      |
|   |___/\___//___|   Suite (Computational Fluid Dynamics Code)         |
|                                                                       |
-------------------------------------------------------------------------
| SU2 Project Website: https://su2code.github.io                        |
|                                                                       |
| The SU2 Project is maintained by the SU2 Foundation                   |
| (http://su2foundation.org)                                            |
-------------------------------------------------------------------------
| Copyright 2012-2025, SU2 Contributors                                 |
|                                                                       |
| SU2 is free software; you can redistribute it and/or                  |
| modify it under the terms of the GNU Lesser General Public            |
| License as published by the Free Software Foundation; either          |
| version 2.1 of the License, or (at your option) any later version.    |
|                                                                       |
| SU2 is distributed in the hope that it will be useful,                |
| but WITHOUT ANY WARRANTY; without even the implied warranty of        |
| MERCHANTABILITY or FITNESS FOR A PARTICULAR PURPOSE. See the GNU      |
| Lesser General Public License for more details.                       |
|                                                                       |
| You should have received a copy of the GNU Lesser General Public      |
| License along with SU2. If not, see <http://www.gnu.org/licenses/>.   |
-------------------------------------------------------------------------

Parsing config file for zone 0

----------------- Physical Case Definition ( Zone 0 ) -------------------
Compressible Euler equations.
Mach number: 0.8.
Angle of attack (AoA): 1.25 deg, and angle of sideslip (AoS): 0 deg.
Fixed CL mode, target value: 0.326.
Reading and writing binary SU2 native restart files.
Read flow solution from: solution_flow.
Non-Dimensional simulation (P=1.0, Rho=1.0, T=1.0 at the farfield).
The reference area is 1 m^2.
The semi-span will be computed using the max y(3D) value.
The reference length is 1 m.
Reference origin for moment evaluation is (0.25, 0, 0).
Surface(s) where the force coefficients are evaluated: airfoil.

Surface(s) plotted in the output file: airfoil.
Surface(s) affected by the design variables: airfoil.
Input mesh file name: mesh_NACA0012_inv_deform.su2

--------------- Space Numerical Integration ( Zone 0 ) ------------------
Jameson-Schmidt-Turkel scheme (2nd order in space) for the flow inviscid terms.
JST viscous coefficients (2nd & 4th): 0.5, 0.02.
The method includes a grid stretching correction (p = 0.3).
Gradient for viscous and source terms: Green-Gauss.

--------------- Time Numerical Integration  ( Zone 0 ) ------------------
Local time stepping (steady state simulation).
Euler implicit method for the flow equations.
FGMRES is used for solving the linear system.
Using a LU-SGS preconditioning.
Convergence criteria of the linear solver: 0.0001.
Max number of linear iterations: 2.
V Multigrid Cycle, with 2 multigrid levels.
Damping factor for the residual restriction: 1.
Damping factor for the correction prolongation: 1.
No CFL adaptation.
+-------------------------------------------+
|  MG Level| Presmooth|PostSmooth|CorrectSmo|
+-------------------------------------------+
|         0|         1|         0|         0|
|         1|         2|         0|         0|
|         2|         3|         0|         0|
+-------------------------------------------+
Courant-Friedrichs-Lewy number:       10

------------------ Convergence Criteria  ( Zone 0 ) ---------------------
Maximum number of solver subiterations: 1250.
Begin convergence monitoring at iteration 10.
Residual minimum value: 1e-13.
Cauchy series min. value: 1e-06.
Number of Cauchy elements: 100.
Begin windowed time average at iteration 0.

-------------------- Output Information ( Zone 0 ) ----------------------
File writing frequency: 
+------------------------------------+
|                     File| Frequency|
+------------------------------------+
|                  RESTART|       250|
|                 PARAVIEW|       250|
|         SURFACE_PARAVIEW|       250|
|              SURFACE_CSV|       250|
+------------------------------------+
Writing the convergence history file every 1 inner iterations.
Writing the screen convergence history every 1 inner iterations.
The tabular file format is CSV (.csv).
Convergence history file name: history_direct.
Forces breakdown file name: forces_breakdown.dat.
Surface file name: surface_flow.
Volume file name: flow.
Restart file name: restart_flow.

------------- Config File Boundary Information ( Zone 0 ) ---------------
+-----------------------------------------------------------------------+
|                        Marker Type|                        Marker Name|
+-----------------------------------------------------------------------+
|                         Euler wall|                            airfoil|
+-----------------------------------------------------------------------+
|                          Far-field|                           farfield|
+-----------------------------------------------------------------------+

-------------------- Output Preprocessing ( Zone 0 ) --------------------

WARNING: SURFACE_PRESSURE_DROP can only be computed for at least 2 surfaces (outlet, inlet, ...)

Screen output fields: INNER_ITER, RMS_DENSITY, RMS_ENERGY, LIFT, DRAG
History output group(s): ITER, RMS_RES, AERO_COEFF
Convergence field(s): RMS_DENSITY
Warning: No (valid) fields chosen for time convergence monitoring. Time convergence monitoring inactive.
Volume output fields: COORDINATES, SOLUTION, PRIMITIVE

------------------- Geometry Preprocessing ( Zone 0 ) -------------------
Two dimensional problem.
5233 grid points.
10216 volume elements.
2 surface markers.
200 boundary elements in index 0 (Marker = airfoil).
50 boundary elements in index 1 (Marker = farfield).
10216 triangles.
Setting point connectivity.
Renumbering points (Reverse Cuthill McKee Ordering).
Recomputing point connectivity.
Setting element connectivity.
Checking the numerical grid orientation.
All volume elements are correctly oriented.
All surface elements are correctly oriented.
Identifying edges and vertices.
Setting the control volume structure.
Area of the computational grid: 1253.25.
Searching for the closest normal neighbors to the surfaces.
Storing a mapping from global to local point index.
Compute the surface curvature.
Max K: 7835.1. Mean K: 34.8553. Standard deviation K: 494.428.
Checking for periodicity.
Computing mesh quality statistics for the dual control volumes.
+--------------------------------------------------------------+
|           Mesh Quality Metric|        Minimum|        Maximum|
+--------------------------------------------------------------+
|    Orthogonality Angle (deg.)|        62.8909|         89.711|
|     CV Face Area Aspect Ratio|        1.00129|        7.18317|
|           CV Sub-Volume Ratio|        1.00222|        6.47655|
+--------------------------------------------------------------+
Setting the multigrid structure.
+-------------------------------------------+
|  MG Level|       CVs|Aggl. Rate|       CFL|
+-------------------------------------------+
|         0|      5233|    1/1.00|        10|
|         1|      1690|     1/3.1|   8.52431|
|         2|       649|     1/2.6|   7.92373|
+-------------------------------------------+
Finding max control volume width.
Wetted area = 2.03945 m.
Area projection in the x-plane = 0.113049 m, y-plane = 0.999845 m.
Max. coordinate in the x-direction = 1 m, y-direction = 0.0561063 m.
Min. coordinate in the x-direction = 0 m, y-direction = -0.0569675 m.
Computing wall distances.

-------------------- Solver Preprocessing ( Zone 0 ) --------------------
WARNING: AoA in the solution file (0.541847 deg.) +
         AoA offset in mesh file (0 deg.) = 0.541847 deg.
WARNING: SU2 will use the dCD/dCL provided in the direct solution file: 0.0157732.
WARNING: SU2 will use the dCMz/dCL provided in the direct solution file: 0.0956685.
Inviscid flow: Computing density based on free-stream
temperature and pressure using the ideal gas law.
Force coefficients computed using free-stream values.

-- Models:
+------------------------------------------------------------------------------+
|          Viscosity Model|        Conductivity Model|              Fluid Model|
+------------------------------------------------------------------------------+
|                        -|                         -|             STANDARD_AIR|
+------------------------------------------------------------------------------+
-- Fluid properties:
+------------------------------------------------------------------------------+
|                  Name|    Dim. value|    Ref. value|      Unit|Non-dim. value|
+------------------------------------------------------------------------------+
|          Gas Constant|       287.058|       287.058|  N.m/kg.K|             1|
|      Spec. Heat Ratio|             -|             -|         -|           1.4|
+------------------------------------------------------------------------------+
-- Initial and free-stream conditions:
+------------------------------------------------------------------------------+
|                  Name|    Dim. value|    Ref. value|      Unit|Non-dim. value|
+------------------------------------------------------------------------------+
|       Static Pressure|        101325|        101325|        Pa|             1|
|               Density|       1.22498|       1.22498|    kg/m^3|             1|
|           Temperature|        288.15|        288.15|         K|             1|
|          Total Energy|        243846|       82715.8|   m^2/s^2|         2.948|
|            Velocity-X|       272.225|       287.603|       m/s|       0.94653|
|            Velocity-Y|       2.57451|       287.603|       m/s|    0.00895161|
|    Velocity Magnitude|       272.238|       287.603|       m/s|      0.946573|
+------------------------------------------------------------------------------+
|           Mach Number|             -|             -|         -|           0.8|
+------------------------------------------------------------------------------+
Initialize Jacobian structure (Euler). MG level: 0.
Initialize Jacobian structure (Euler). MG level: 1.
Initialize Jacobian structure (Euler). MG level: 2.

------------------- Numerics Preprocessing ( Zone 0 ) -------------------

----------------- Integration Preprocessing ( Zone 0 ) ------------------

------------------- Iteration Preprocessing ( Zone 0 ) ------------------
Euler/Navier-Stokes/RANS fluid iteration.

------------------------------ Begin Solver -----------------------------

Simulation Run using the Single-zone Driver
WARNING: SU2 was not compiled for an AVX-capable architecture. Performance could be better,
         see https://su2code.github.io/docs_v7/Build-SU2-Linux-MacOS/#compiler-optimizations
WARNING: SU2 was not compiled for an AVX-capable architecture. Performance could be better,
         see https://su2code.github.io/docs_v7/Build-SU2-Linux-MacOS/#compiler-optimizations
WARNING: SU2 was not compiled for an AVX-capable architecture. Performance could be better,
         see https://su2code.github.io/docs_v7/Build-SU2-Linux-MacOS/#compiler-optimizations
+----------------------------------------------------------------+
|  Inner_Iter|    rms[Rho]|   rms[RhoE]|          CL|          CD|
+----------------------------------------------------------------+
|           0|   -5.572429|   -4.976048|    0.325929|    0.003440|
|           1|   -5.844940|   -5.246960|    0.326968|    0.002523|
|           2|   -5.760139|   -5.174161|    0.327774|    0.002284|
|           3|   -5.744875|   -5.157442|    0.327763|    0.002276|
|           4|   -5.686918|   -5.102830|    0.328208|    0.002179|
|           5|   -5.658905|   -5.079413|    0.328833|    0.002090|
|           6|   -5.656504|   -5.080436|    0.329351|    0.002048|
|           7|   -5.640368|   -5.064326|    0.329853|    0.002024|
|           8|   -5.631547|   -5.057871|    0.330387|    0.002000|
|           9|   -5.636769|   -5.067779|    0.330920|    0.001975|
|          10|   -5.642143|   -5.076808|    0.331436|    0.001956|
|          11|   -5.647705|   -5.083928|    0.331933|    0.001944|
|          12|   -5.651718|   -5.087714|    0.332414|    0.001935|
|          13|   -5.656111|   -5.091538|    0.332876|    0.001926|
|          14|   -5.662623|   -5.098340|    0.333315|    0.001918|
|          15|   -5.670737|   -5.107507|    0.333724|    0.001910|
|          16|   -5.680464|   -5.118359|    0.334104|    0.001903|
|          17|   -5.691389|   -5.130008|    0.334457|    0.001896|
|          18|   -5.702581|   -5.141504|    0.334787|    0.001889|
|          19|   -5.713560|   -5.152646|    0.335094|    0.001881|
|          20|   -5.724280|   -5.163748|    0.335381|    0.001874|
|          21|   -5.734453|   -5.174723|    0.335647|    0.001866|
|          22|   -5.743640|   -5.184995|    0.335895|    0.001860|
|          23|   -5.751809|   -5.194141|    0.336126|    0.001854|
|          24|   -5.759431|   -5.202345|    0.336341|    0.001850|
|          25|   -5.766914|   -5.210029|    0.336543|    0.001847|
|          26|   -5.774531|   -5.217721|    0.336731|    0.001846|
|          27|   -5.782380|   -5.225790|    0.336907|    0.001846|
|          28|   -5.790437|   -5.234349|    0.337073|    0.001847|
|          29|   -5.798657|   -5.243327|    0.337229|    0.001849|
|          30|   -5.807070|   -5.252618|    0.337377|    0.001852|
|          31|   -5.815687|   -5.262079|    0.337518|    0.001856|
|          32|   -5.824557|   -5.271644|    0.337652|    0.001859|
|          33|   -5.833654|   -5.281223|    0.337782|    0.001863|
|          34|   -5.842952|   -5.290782|    0.337908|    0.001865|
|          35|   -5.852434|   -5.300350|    0.338030|    0.001868|
|          36|   -5.862131|   -5.310038|    0.338149|    0.001869|
|          37|   -5.872089|   -5.319968|    0.338266|    0.001869|
|          38|   -5.882318|   -5.330191|    0.338380|    0.001868|
|          39|   -5.892865|   -5.340766|    0.338492|    0.001866|
|          40|   -5.903784|   -5.351743|    0.338602|    0.001864|
|          41|   -5.915112|   -5.363144|    0.338710|    0.001861|
|          42|   -5.926810|   -5.374904|    0.338815|    0.001857|
|          43|   -5.938942|   -5.387070|    0.338918|    0.001853|
|          44|   -5.951561|   -5.399669|    0.339019|    0.001848|
|          45|   -5.964687|   -5.412712|    0.339116|    0.001844|
|          46|   -5.978263|   -5.426161|    0.339212|    0.001840|
|          47|   -5.992228|   -5.439977|    0.339304|    0.001837|
|          48|   -6.006589|   -5.454189|    0.339393|    0.001834|
|          49|   -6.021293|   -5.468737|    0.339478|    0.001832|
|          50|   -6.036317|   -5.483620|    0.339560|    0.001830|
|          51|   -6.051647|   -5.498836|    0.339641|    0.001428|
+-----------------------------------------------------------------------+
|Fixed CL Mode                           |Value                         |
+-----------------------------------------------------------------------+
|Current CL                              |0.339641                      |
|Target CL                               |0.326                         |
|Previous AOA                            |0.541847                      |
|Changed AoA by                          |-0.0678018                    |
+-----------------------------------------------------------------------+
+----------------------------------------------------------------+
|  Inner_Iter|    rms[Rho]|   rms[RhoE]|          CL|          CD|
+----------------------------------------------------------------+
|          52|   -3.980779|   -3.374089|    0.339692|    0.001427|
|          53|   -4.278265|   -3.667703|    0.339262|    0.001426|
|          54|   -4.521246|   -3.927615|    0.337349|    0.001404|
|          55|   -4.720444|   -4.109787|    0.334423|    0.001366|
|          56|   -4.883279|   -4.284072|    0.331784|    0.001348|
|          57|   -4.980718|   -4.382468|    0.330273|    0.001335|
|          58|   -5.117206|   -4.515744|    0.329892|    0.001327|
|          59|   -5.146602|   -4.543424|    0.329854|    0.001321|
|          60|   -5.200229|   -4.595235|    0.329481|    0.001304|
|          61|   -5.322487|   -4.723111|    0.328845|    0.001288|
|          62|   -5.402116|   -4.811813|    0.328218|    0.001280|
|          63|   -5.426783|   -4.835151|    0.327669|    0.001273|
|          64|   -5.485046|   -4.893777|    0.327168|    0.001267|
|          65|   -5.564017|   -4.980493|    0.326713|    0.001264|
|          66|   -5.610072|   -5.034001|    0.326309|    0.001265|
|          67|   -5.635299|   -5.061191|    0.325934|    0.001269|
|          68|   -5.658810|   -5.085500|    0.325556|    0.001274|
|          69|   -5.677342|   -5.106146|    0.325174|    0.001281|
|          70|   -5.690877|   -5.122900|    0.324804|    0.001290|
|          71|   -5.702621|   -5.138099|    0.324447|    0.001301|
|          72|   -5.712244|   -5.150620|    0.324097|    0.001313|
|          73|   -5.718821|   -5.159170|    0.323751|    0.001327|
|          74|   -5.723413|   -5.165151|    0.323411|    0.001342|
|          75|   -5.727582|   -5.170522|    0.323080|    0.001356|
|          76|   -5.732216|   -5.176208|    0.322759|    0.001370|
|          77|   -5.737548|   -5.182367|    0.322444|    0.001384|
|          78|   -5.743505|   -5.188939|    0.322136|    0.001397|
|          79|   -5.750016|   -5.195950|    0.321837|    0.001409|
|          80|   -5.757061|   -5.203481|    0.321549|    0.001419|
|          81|   -5.764589|   -5.211516|    0.321271|    0.001429|
|          82|   -5.772469|   -5.219892|    0.321004|    0.001438|
|          83|   -5.780559|   -5.228422|    0.320748|    0.001445|
|          84|   -5.788756|   -5.236981|    0.320503|    0.001451|
|          85|   -5.797028|   -5.245527|    0.320269|    0.001455|
|          86|   -5.805339|   -5.254030|    0.320047|    0.001459|
|          87|   -5.813700|   -5.262512|    0.319835|    0.001462|
|          88|   -5.822115|   -5.270992|    0.319635|    0.001463|
|          89|   -5.830565|   -5.279459|    0.319446|    0.001465|
|          90|   -5.839053|   -5.287942|    0.319266|    0.001465|
|          91|   -5.847601|   -5.296468|    0.319096|    0.001465|
|          92|   -5.856245|   -5.305069|    0.318935|    0.001465|
|          93|   -5.864995|   -5.313759|    0.318781|    0.001465|
|          94|   -5.873858|   -5.322552|    0.318636|    0.001465|
|          95|   -5.882862|   -5.331479|    0.318497|    0.001464|
|          96|   -5.892001|   -5.340535|    0.318364|    0.001465|
|          97|   -5.901294|   -5.349743|    0.318237|    0.001465|
|          98|   -5.910755|   -5.359119|    0.318116|    0.001466|
|          99|   -5.920369|   -5.368647|    0.317999|    0.001467|
|         100|   -5.930134|   -5.378326|    0.317888|    0.001468|
|         101|   -5.940053|   -5.388158|    0.317779|    0.001695|
+-----------------------------------------------------------------------+
|Fixed CL Mode                           |Value                         |
+-----------------------------------------------------------------------+
|Current CL                              |0.317779                      |
|Target CL                               |0.326                         |
|Previous AOA                            |0.474045                      |
|Changed AoA by                          |0.0405618                     |
+-----------------------------------------------------------------------+
+----------------------------------------------------------------+
|  Inner_Iter|    rms[Rho]|   rms[RhoE]|          CL|          CD|
+----------------------------------------------------------------+
|         102|   -4.203801|   -3.597156|    0.317692|    0.001697|
|         103|   -4.501304|   -3.890716|    0.317894|    0.001700|
|         104|   -4.743672|   -4.150057|    0.318988|    0.001716|
|         105|   -4.942433|   -4.332017|    0.320694|    0.001742|
|         106|   -5.104013|   -4.505334|    0.322228|    0.001755|
|         107|   -5.199970|   -4.602460|    0.323083|    0.001765|
|         108|   -5.333982|   -4.733720|    0.323263|    0.001771|
|         109|   -5.363389|   -4.761418|    0.323240|    0.001776|
|         110|   -5.415718|   -4.812185|    0.323417|    0.001787|
|         111|   -5.533346|   -4.935993|    0.323754|    0.001798|
|         112|   -5.610000|   -5.021670|    0.324089|    0.001804|
|         113|   -5.635214|   -5.045512|    0.324379|    0.001809|
|         114|   -5.690987|   -5.101792|    0.324642|    0.001812|
|         115|   -5.765767|   -5.184189|    0.324877|    0.001814|
|         116|   -5.811630|   -5.237218|    0.325083|    0.001812|
|         117|   -5.838753|   -5.266270|    0.325274|    0.001810|
|         118|   -5.863902|   -5.291962|    0.325467|    0.001805|
|         119|   -5.884788|   -5.314415|    0.325664|    0.001800|
|         120|   -5.901389|   -5.333656|    0.325856|    0.001793|
|         121|   -5.916194|   -5.351452|    0.326041|    0.001785|
|         122|   -5.928606|   -5.366408|    0.326224|    0.001776|
|         123|   -5.937582|   -5.377064|    0.326407|    0.001767|
|         124|   -5.944041|   -5.384619|    0.326587|    0.001757|
|         125|   -5.949520|   -5.391005|    0.326764|    0.001747|
|         126|   -5.954895|   -5.397171|    0.326937|    0.001737|
|         127|   -5.960427|   -5.403329|    0.327107|    0.001728|
|         128|   -5.966067|   -5.409444|    0.327275|    0.001720|
|         129|   -5.971737|   -5.415518|    0.327440|    0.001712|
|         130|   -5.977417|   -5.421618|    0.327600|    0.001704|
|         131|   -5.983089|   -5.427756|    0.327755|    0.001698|
|         132|   -5.988668|   -5.433814|    0.327906|    0.001693|
|         133|   -5.994066|   -5.439664|    0.328051|    0.001688|
|         134|   -5.999202|   -5.445200|    0.328192|    0.001684|
|         135|   -6.004051|   -5.450385|    0.328327|    0.001681|
|         136|   -6.008644|   -5.455250|    0.328457|    0.001679|
|         137|   -6.013050|   -5.459879|    0.328581|    0.001678|
|         138|   -6.017324|   -5.464344|    0.328700|    0.001677|
|         139|   -6.021508|   -5.468702|    0.328814|    0.001676|
|         140|   -6.025682|   -5.473037|    0.328924|    0.001676|
|         141|   -6.029913|   -5.477415|    0.329029|    0.001677|
|         142|   -6.034271|   -5.481915|    0.329130|    0.001677|
|         143|   -6.038804|   -5.486582|    0.329227|    0.001678|
|         144|   -6.043544|   -5.491448|    0.329321|    0.001678|
|         145|   -6.048521|   -5.496542|    0.329411|    0.001679|
|         146|   -6.053771|   -5.501898|    0.329499|    0.001680|
|         147|   -6.059300|   -5.507520|    0.329584|    0.001680|
|         148|   -6.065099|   -5.513393|    0.329667|    0.001681|
|         149|   -6.071133|   -5.519474|    0.329747|    0.001681|
|         150|   -6.077366|   -5.525721|    0.329825|    0.001681|
|         151|   -6.083737|   -5.532075|    0.329902|    0.001571|
+-----------------------------------------------------------------------+
|Fixed CL Mode                           |Value                         |
+-----------------------------------------------------------------------+
|Current CL                              |0.329902                      |
|Target CL                               |0.326                         |
|Previous AOA                            |0.514607                      |
|Changed AoA by                          |-0.0191273                    |
+-----------------------------------------------------------------------+
+----------------------------------------------------------------+
|  Inner_Iter|    rms[Rho]|   rms[RhoE]|          CL|          CD|
+----------------------------------------------------------------+
|         152|   -4.530132|   -3.923527|    0.329970|    0.001571|
|         153|   -4.827533|   -4.216985|    0.329900|    0.001570|
|         154|   -5.069152|   -4.475672|    0.329411|    0.001563|
|         155|   -5.266445|   -4.656579|    0.328633|    0.001552|
|         156|   -5.425202|   -4.827463|    0.327936|    0.001546|
|         157|   -5.518653|   -4.922503|    0.327561|    0.001542|
|         158|   -5.647339|   -5.049536|    0.327502|    0.001540|
|         159|   -5.675860|   -5.076597|    0.327540|    0.001538|
|         160|   -5.725448|   -5.125160|    0.327484|    0.001533|
|         161|   -5.833629|   -5.240633|    0.327353|    0.001528|
|         162|   -5.902506|   -5.318731|    0.327222|    0.001526|
|         163|   -5.926278|   -5.341466|    0.327110|    0.001524|
|         164|   -5.975138|   -5.391367|    0.327011|    0.001522|
|         165|   -6.038576|   -5.462116|    0.326925|    0.001522|
|         166|   -6.079189|   -5.508930|    0.326852|    0.001523|
|         167|   -6.105449|   -5.536825|    0.326786|    0.001524|
|         168|   -6.130164|   -5.561853|    0.326719|    0.001526|
|         169|   -6.152701|   -5.585338|    0.326649|    0.001528|
|         170|   -6.173117|   -5.607503|    0.326580|    0.001531|
|         171|   -6.192654|   -5.629074|    0.326513|    0.001535|
|         172|   -6.210696|   -5.648824|    0.326447|    0.001539|
|         173|   -6.226327|   -5.665524|    0.326380|    0.001543|
|         174|   -6.240106|   -5.679953|    0.326313|    0.001548|
|         175|   -6.253163|   -5.693571|    0.326247|    0.001552|
|         176|   -6.266152|   -5.707098|    0.326181|    0.001556|
|         177|   -6.279250|   -5.720651|    0.326116|    0.001560|
|         178|   -6.292404|   -5.734178|    0.326050|    0.001564|
|         179|   -6.305534|   -5.747667|    0.325986|    0.001567|
|         180|   -6.318609|   -5.761169|    0.325922|    0.001570|
|         181|   -6.331560|   -5.774645|    0.325860|    0.001573|
|         182|   -6.344254|   -5.787935|    0.325799|    0.001575|
|         183|   -6.356532|   -5.800823|    0.325739|    0.001576|
|         184|   -6.368276|   -5.813148|    0.325681|    0.001578|
|         185|   -6.379416|   -5.824814|    0.325625|    0.001579|
|         186|   -6.389917|   -5.835779|    0.325571|    0.001579|
|         187|   -6.399815|   -5.846076|    0.325518|    0.001579|
|         188|   -6.409182|   -5.855788|    0.325467|    0.001579|
|         189|   -6.418100|   -5.865003|    0.325418|    0.001579|
|         190|   -6.426665|   -5.873827|    0.325371|    0.001579|
|         191|   -6.435000|   -5.882392|    0.325325|    0.001578|
|         192|   -6.443235|   -5.890836|    0.325281|    0.001577|
|         193|   -6.451430|   -5.899214|    0.325238|    0.001577|
|         194|   -6.459662|   -5.907605|    0.325197|    0.001576|
|         195|   -6.467997|   -5.916076|    0.325156|    0.001575|
|         196|   -6.476499|   -5.924685|    0.325117|    0.001575|
|         197|   -6.485214|   -5.933481|    0.325079|    0.001574|
|         198|   -6.494167|   -5.942482|    0.325041|    0.001574|
|         199|   -6.503364|   -5.951694|    0.325005|    0.001573|
|         200|   -6.512808|   -5.961117|    0.324970|    0.001573|
|         201|   -6.522484|   -5.970734|    0.324935|    0.001602|
+-----------------------------------------------------------------------+
|Fixed CL Mode                           |Value                         |
+-----------------------------------------------------------------------+
|Current CL                              |0.324935                      |
|Target CL                               |0.326                         |
|Previous AOA                            |0.495479                      |
|Changed AoA by                          |0.00515179                    |
+-----------------------------------------------------------------------+
+----------------------------------------------------------------+
|  Inner_Iter|    rms[Rho]|   rms[RhoE]|          CL|          CD|
+----------------------------------------------------------------+
|         202|   -5.099617|   -4.493086|    0.324904|    0.001602|
|         203|   -5.396981|   -4.786445|    0.324910|    0.001602|
|         204|   -5.637580|   -5.044219|    0.325030|    0.001604|
|         205|   -5.833485|   -5.224211|    0.325229|    0.001607|
|         206|   -5.989336|   -5.392633|    0.325406|    0.001609|
|         207|   -6.080336|   -5.485568|    0.325495|    0.001610|
|         208|   -6.204449|   -5.608834|    0.325501|    0.001611|
|         209|   -6.233068|   -5.636043|    0.325481|    0.001611|
|         210|   -6.281200|   -5.683435|    0.325486|    0.001613|
|         211|   -6.383441|   -5.793421|    0.325512|    0.001614|
|         212|   -6.448633|   -5.867497|    0.325538|    0.001615|
|         213|   -6.472805|   -5.890574|    0.325560|    0.001615|
|         214|   -6.518864|   -5.937684|    0.325579|    0.001616|
|         215|   -6.578065|   -6.003853|    0.325595|    0.001616|
|         216|   -6.618146|   -6.049894|    0.325608|    0.001616|
|         217|   -6.645674|   -6.079174|    0.325619|    0.001616|
|         218|   -6.671421|   -6.105197|    0.325631|    0.001615|
|         219|   -6.695343|   -6.129786|    0.325644|    0.001615|
|         220|   -6.717617|   -6.153460|    0.325657|    0.001614|
|         221|   -6.739238|   -6.176824|    0.325669|    0.001613|
|         222|   -6.759549|   -6.198644|    0.325682|    0.001612|
|         223|   -6.777690|   -6.217712|    0.325695|    0.001611|
|         224|   -6.794098|   -6.234605|    0.325709|    0.001610|
|         225|   -6.809802|   -6.250639|    0.325723|    0.001609|
|         226|   -6.825449|   -6.266549|    0.325736|    0.001608|
|         227|   -6.841254|   -6.282521|    0.325750|    0.001607|
|         228|   -6.857232|   -6.298580|    0.325765|    0.001606|
|         229|   -6.873310|   -6.314717|    0.325779|    0.001605|
|         230|   -6.889469|   -6.330991|    0.325793|    0.001604|
|         231|   -6.905663|   -6.347393|    0.325807|    0.001603|
|         232|   -6.921756|   -6.363765|    0.325821|    0.001603|
|         233|   -6.937526|   -6.379832|    0.325835|    0.001602|
|         234|   -6.952963|   -6.395564|    0.325848|    0.001602|
|         235|   -6.967938|   -6.410816|    0.325862|    0.001602|
|         236|   -6.982353|   -6.425476|    0.325875|    0.001602|
|         237|   -6.996153|   -6.439489|    0.325887|    0.001602|
|         238|   -7.009317|   -6.452845|    0.325900|    0.001602|
|         239|   -7.021891|   -6.465606|    0.325912|    0.001602|
|         240|   -7.033927|   -6.477838|    0.325923|    0.001602|
|         241|   -7.045484|   -6.489613|    0.325935|    0.001602|
|         242|   -7.056631|   -6.501005|    0.325946|    0.001602|
|         243|   -7.067430|   -6.512078|    0.325956|    0.001603|
|         244|   -7.077941|   -6.522888|    0.325967|    0.001603|
|         245|   -7.088200|   -6.533463|    0.325977|    0.001603|
|         246|   -7.098269|   -6.543856|    0.325988|    0.001603|
|         247|   -7.108189|   -6.554096|    0.325997|    0.001603|
|         248|   -7.117983|   -6.564189|    0.326007|    0.001604|
|         249|   -7.127660|   -6.574131|    0.326017|    0.001604|
|         250|   -7.137234|   -6.583926|    0.326026|    0.001604|
+-----------------------------------------------------------------------+
|        File Writing Summary       |              Filename             |
+-----------------------------------------------------------------------+
|SU2 binary restart                 |restart_flow.dat                   |
Writing Flow Meta-Data file: flow.meta
|Paraview                           |flow.vtu                           |
Writing Flow Meta-Data file: flow.meta
|Paraview surface                   |surface_flow.vtu                   |
Writing Flow Meta-Data file: flow.meta
|CSV file                           |surface_flow.csv                   |
Writing Flow Meta-Data file: flow.meta
+-----------------------------------------------------------------------+
+----------------------------------------------------------------+
|  Inner_Iter|    rms[Rho]|   rms[RhoE]|          CL|          CD|
+----------------------------------------------------------------+
|         251|   -7.146707|   -6.593569|    0.326036|    0.001603|
+-----------------------------------------------------------------------+
|Fixed CL Mode                           |Value                         |
+-----------------------------------------------------------------------+
|Current CL                              |0.326036                      |
|Target CL                               |0.326                         |
|Previous AOA                            |0.500631                      |
|Changed AoA by                          |-0.000131846                  |
+-----------------------------------------------------------------------+
+----------------------------------------------------------------+
|  Inner_Iter|    rms[Rho]|   rms[RhoE]|          CL|          CD|
+----------------------------------------------------------------+
|         252|   -6.665995|   -6.065346|    0.326044|    0.001603|
|         253|   -6.914184|   -6.317760|    0.326052|    0.001603|
|         254|   -7.053906|   -6.479957|    0.326057|    0.001603|
|         255|   -7.127790|   -6.557715|    0.326059|    0.001603|
|         256|   -7.164252|   -6.603262|    0.326062|    0.001603|
|         257|   -7.183308|   -6.624588|    0.326067|    0.001603|
|         258|   -7.203206|   -6.646214|    0.326074|    0.001603|
|         259|   -7.215184|   -6.658495|    0.326082|    0.001603|
|         260|   -7.227951|   -6.671722|    0.326088|    0.001603|
|         261|   -7.242114|   -6.687043|    0.326094|    0.001603|
|         262|   -7.253801|   -6.699342|    0.326100|    0.001603|
|         263|   -7.264498|   -6.710063|    0.326106|    0.001603|
|         264|   -7.275969|   -6.721681|    0.326112|    0.001603|
|         265|   -7.287628|   -6.733649|    0.326117|    0.001603|
|         266|   -7.298989|   -6.745213|    0.326122|    0.001603|
|         267|   -7.310323|   -6.756598|    0.326128|    0.001603|
|         268|   -7.321794|   -6.768024|    0.326133|    0.001603|
|         269|   -7.333408|   -6.779544|    0.326137|    0.001603|
|         270|   -7.345182|   -6.791211|    0.326142|    0.001603|
|         271|   -7.357144|   -6.803066|    0.326146|    0.001603|
|         272|   -7.369301|   -6.815113|    0.326151|    0.001603|
|         273|   -7.381658|   -6.827349|    0.326155|    0.001603|
|         274|   -7.394232|   -6.839793|    0.326158|    0.001603|
|         275|   -7.407049|   -6.852476|    0.326162|    0.001603|
|         276|   -7.420127|   -6.865422|    0.326166|    0.001603|
|         277|   -7.433478|   -6.878648|    0.326169|    0.001603|
|         278|   -7.447108|   -6.892161|    0.326172|    0.001603|
|         279|   -7.461011|   -6.905954|    0.326175|    0.001603|
|         280|   -7.475322|   -6.920175|    0.326178|    0.001603|
|         281|   -7.490139|   -6.934918|    0.326180|    0.001603|
|         282|   -7.505170|   -6.949845|    0.326183|    0.001603|
|         283|   -7.520431|   -6.964978|    0.326185|    0.001603|
|         284|   -7.535910|   -6.980318|    0.326187|    0.001603|
|         285|   -7.551580|   -6.995845|    0.326189|    0.001603|
|         286|   -7.567424|   -7.011541|    0.326191|    0.001603|
|         287|   -7.583432|   -7.027399|    0.326193|    0.001603|
|         288|   -7.599602|   -7.043418|    0.326194|    0.001603|
|         289|   -7.615932|   -7.059600|    0.326196|    0.001603|
|         290|   -7.632420|   -7.075945|    0.326197|    0.001603|
|         291|   -7.649064|   -7.092457|    0.326198|    0.001603|
|         292|   -7.665862|   -7.109135|    0.326199|    0.001603|
|         293|   -7.682811|   -7.125978|    0.326200|    0.001603|
|         294|   -7.699905|   -7.142981|    0.326201|    0.001603|
|         295|   -7.717134|   -7.160134|    0.326202|    0.001602|
|         296|   -7.734490|   -7.177428|    0.326203|    0.001602|
|         297|   -7.751958|   -7.194847|    0.326203|    0.001602|
|         298|   -7.769525|   -7.212377|    0.326204|    0.001602|
|         299|   -7.787174|   -7.230000|    0.326204|    0.001602|
|         300|   -7.804888|   -7.247700|    0.326205|    0.001602|
|         301|   -7.822652|   -7.265459|    0.326205|    0.001596|
+-----------------------------------------------------------------------+
|Fixed CL Mode                           |Value                         |
+-----------------------------------------------------------------------+
|Current CL                              |0.326205                      |
|Target CL                               |0.326                         |
|Previous AOA                            |0.500499                      |
|Changed AoA by                          |-0.00102283                   |
+-----------------------------------------------------------------------+
+----------------------------------------------------------------+
|  Inner_Iter|    rms[Rho]|   rms[RhoE]|          CL|          CD|
+----------------------------------------------------------------+
|         302|   -5.802231|   -5.195535|    0.326205|    0.001596|
|         303|   -6.099608|   -5.489063|    0.326198|    0.001596|
|         304|   -6.342473|   -5.748857|    0.326168|    0.001596|
|         305|   -6.541724|   -5.931094|    0.326123|    0.001595|
|         306|   -6.704770|   -6.105595|    0.326082|    0.001595|
|         307|   -6.801958|   -6.203735|    0.326058|    0.001595|
|         308|   -6.937940|   -6.336509|    0.326052|    0.001595|
|         309|   -6.967094|   -6.363977|    0.326050|    0.001595|
|         310|   -7.020223|   -6.415390|    0.326044|    0.001594|
|         311|   -7.140892|   -6.541860|    0.326034|    0.001594|
|         312|   -7.219056|   -6.629114|    0.326023|    0.001594|
|         313|   -7.243509|   -6.652327|    0.326014|    0.001594|
|         314|   -7.300959|   -6.710307|    0.326006|    0.001594|
|         315|   -7.377592|   -6.794648|    0.325998|    0.001594|
|         316|   -7.421487|   -6.845700|    0.325991|    0.001594|
|         317|   -7.445414|   -6.871541|    0.325985|    0.001594|
|         318|   -7.467521|   -6.894550|    0.325978|    0.001594|
|         319|   -7.484504|   -6.913644|    0.325972|    0.001594|
|         320|   -7.496543|   -6.928748|    0.325966|    0.001594|
|         321|   -7.506732|   -6.942186|    0.325960|    0.001594|
|         322|   -7.514685|   -6.952861|    0.325954|    0.001594|
|         323|   -7.519544|   -6.959587|    0.325948|    0.001595|
|         324|   -7.522329|   -6.963698|    0.325942|    0.001595|
|         325|   -7.524514|   -6.967028|    0.325936|    0.001595|
|         326|   -7.526917|   -6.970440|    0.325931|    0.001595|
|         327|   -7.529779|   -6.974118|    0.325925|    0.001596|
|         328|   -7.533052|   -6.978029|    0.325920|    0.001596|
|         329|   -7.536663|   -6.982178|    0.325915|    0.001596|
|         330|   -7.540588|   -6.986622|    0.325910|    0.001596|
|         331|   -7.544781|   -6.991343|    0.325905|    0.001596|
|         332|   -7.549133|   -6.996201|    0.325901|    0.001596|
|         333|   -7.553544|   -7.001058|    0.325896|    0.001597|
|         334|   -7.557953|   -7.005839|    0.325892|    0.001597|
|         335|   -7.562352|   -7.010532|    0.325888|    0.001597|
|         336|   -7.566757|   -7.015161|    0.325884|    0.001597|
|         337|   -7.571200|   -7.019771|    0.325880|    0.001597|
|         338|   -7.575724|   -7.024421|    0.325877|    0.001597|
|         339|   -7.580383|   -7.029173|    0.325874|    0.001597|
|         340|   -7.585214|   -7.034073|    0.325870|    0.001597|
|         341|   -7.590254|   -7.039163|    0.325867|    0.001597|
|         342|   -7.595557|   -7.044499|    0.325864|    0.001597|
|         343|   -7.601133|   -7.050092|    0.325862|    0.001597|
|         344|   -7.606990|   -7.055949|    0.325859|    0.001597|
|         345|   -7.613143|   -7.062086|    0.325856|    0.001597|
|         346|   -7.619602|   -7.068516|    0.325854|    0.001597|
|         347|   -7.626376|   -7.075248|    0.325851|    0.001597|
|         348|   -7.633473|   -7.082289|    0.325849|    0.001597|
|         349|   -7.640894|   -7.089641|    0.325847|    0.001597|
|         350|   -7.648640|   -7.097303|    0.325845|    0.001597|
|         351|   -7.656707|   -7.105273|    0.325843|    0.001601|
+-----------------------------------------------------------------------+
|Fixed CL Mode                           |Value                         |
+-----------------------------------------------------------------------+
|Current CL                              |0.325843                      |
|Target CL                               |0.326                         |
|Previous AOA                            |0.499476                      |
|Changed AoA by                          |0.000775449                   |
+-----------------------------------------------------------------------+
+----------------------------------------------------------------+
|  Inner_Iter|    rms[Rho]|   rms[RhoE]|          CL|          CD|
+----------------------------------------------------------------+
|         352|   -5.922364|   -5.315718|    0.325841|    0.001601|
|         353|   -6.219864|   -5.609283|    0.325845|    0.001601|
|         354|   -6.462235|   -5.868633|    0.325866|    0.001602|
|         355|   -6.660911|   -6.050521|    0.325899|    0.001602|
|         356|   -6.822368|   -6.223713|    0.325928|    0.001602|
|         357|   -6.918267|   -6.320796|    0.325944|    0.001603|
|         358|   -7.052089|   -6.451917|    0.325948|    0.001603|
|         359|   -7.081444|   -6.479577|    0.325947|    0.001603|
|         360|   -7.133728|   -6.530304|    0.325950|    0.001603|
|         361|   -7.251182|   -6.653965|    0.325957|    0.001603|
|         362|   -7.327662|   -6.739497|    0.325963|    0.001603|
|         363|   -7.352870|   -6.763330|    0.325969|    0.001603|
|         364|   -7.408589|   -6.819506|    0.325974|    0.001603|
|         365|   -7.483421|   -6.901843|    0.325978|    0.001603|
|         366|   -7.529659|   -6.955129|    0.325982|    0.001603|
|         367|   -7.557369|   -6.984670|    0.325986|    0.001603|
|         368|   -7.583309|   -7.011039|    0.325989|    0.001603|
|         369|   -7.605180|   -7.034364|    0.325993|    0.001603|
|         370|   -7.622862|   -7.054597|    0.325997|    0.001603|
|         371|   -7.638848|   -7.073512|    0.326000|    0.001603|
|         372|   -7.652539|   -7.089722|    0.326004|    0.001603|
|         373|   -7.662817|   -7.101694|    0.326007|    0.001603|
|         374|   -7.670553|   -7.110576|    0.326011|    0.001602|
|         375|   -7.677283|   -7.118295|    0.326014|    0.001602|
|         376|   -7.683913|   -7.125822|    0.326017|    0.001602|
|         377|   -7.690731|   -7.133381|    0.326021|    0.001602|
|         378|   -7.697705|   -7.140946|    0.326024|    0.001602|
|         379|   -7.704755|   -7.148517|    0.326027|    0.001602|
|         380|   -7.711881|   -7.156188|    0.326030|    0.001601|
|         381|   -7.719040|   -7.163942|    0.326033|    0.001601|
|         382|   -7.726129|   -7.171640|    0.326036|    0.001601|
|         383|   -7.733020|   -7.179101|    0.326039|    0.001601|
|         384|   -7.739631|   -7.186213|    0.326042|    0.001601|
|         385|   -7.745941|   -7.192943|    0.326044|    0.001601|
|         386|   -7.751960|   -7.199306|    0.326047|    0.001601|
|         387|   -7.757730|   -7.205353|    0.326049|    0.001601|
|         388|   -7.763313|   -7.211163|    0.326052|    0.001601|
|         389|   -7.768783|   -7.216821|    0.326054|    0.001601|
|         390|   -7.774217|   -7.222414|    0.326056|    0.001601|
|         391|   -7.779687|   -7.228020|    0.326058|    0.001601|
|         392|   -7.785256|   -7.233704|    0.326060|    0.001601|
|         393|   -7.790974|   -7.239520|    0.326062|    0.001601|
|         394|   -7.796885|   -7.245510|    0.326064|    0.001601|
|         395|   -7.803021|   -7.251709|    0.326065|    0.001601|
|         396|   -7.809411|   -7.258141|    0.326067|    0.001601|
|         397|   -7.816074|   -7.264826|    0.326069|    0.001601|
|         398|   -7.823025|   -7.271777|    0.326070|    0.001601|
|         399|   -7.830273|   -7.279000|    0.326072|    0.001601|
|         400|   -7.837819|   -7.286497|    0.326074|    0.001601|
|         401|   -7.845664|   -7.294269|    0.326075|    0.001599|
+-----------------------------------------------------------------------+
|Fixed CL Mode                           |Value                         |
+-----------------------------------------------------------------------+
|Current CL                              |0.326075                      |
|Target CL                               |0.326                         |
|Previous AOA                            |0.500252                      |
|Changed AoA by                          |-0.000367733                  |
+-----------------------------------------------------------------------+
+----------------------------------------------------------------+
|  Inner_Iter|    rms[Rho]|   rms[RhoE]|          CL|          CD|
+----------------------------------------------------------------+
|         402|   -6.246285|   -5.639674|    0.326076|    0.001599|
|         403|   -6.543777|   -5.933199|    0.326075|    0.001599|
|         404|   -6.785644|   -6.192102|    0.326065|    0.001599|
|         405|   -6.983539|   -6.373461|    0.326050|    0.001599|
|         406|   -7.143328|   -6.545245|    0.326037|    0.001599|
|         407|   -7.237762|   -6.641102|    0.326030|    0.001598|
|         408|   -7.368682|   -6.769921|    0.326029|    0.001598|
|         409|   -7.397823|   -6.797455|    0.326029|    0.001598|
|         410|   -7.448792|   -6.847138|    0.326028|    0.001598|
|         411|   -7.561390|   -6.966526|    0.326025|    0.001598|
|         412|   -7.634184|   -7.048412|    0.326023|    0.001598|
|         413|   -7.659095|   -7.072040|    0.326021|    0.001598|
|         414|   -7.711451|   -7.125102|    0.326019|    0.001598|
|         415|   -7.780796|   -7.201872|    0.326017|    0.001598|
|         416|   -7.825137|   -7.252924|    0.326015|    0.001598|
|         417|   -7.853196|   -7.282777|    0.326014|    0.001598|
|         418|   -7.879494|   -7.309392|    0.326013|    0.001598|
|         419|   -7.902730|   -7.333718|    0.326011|    0.001598|
|         420|   -7.922856|   -7.355915|    0.326010|    0.001598|
|         421|   -7.941711|   -7.377226|    0.326008|    0.001598|
|         422|   -7.958628|   -7.396262|    0.326007|    0.001598|
|         423|   -7.972523|   -7.411537|    0.326006|    0.001598|
|         424|   -7.984075|   -7.423963|    0.326004|    0.001599|
|         425|   -7.994648|   -7.435271|    0.326003|    0.001599|
|         426|   -8.005060|   -7.446354|    0.326002|    0.001599|
|         427|   -8.015567|   -7.457410|    0.326000|    0.001599|
|         428|   -8.026140|   -7.468415|    0.325999|    0.001599|
|         429|   -8.036702|   -7.479365|    0.325998|    0.001599|
|         430|   -8.047234|   -7.490331|    0.325996|    0.001599|
|         431|   -8.057698|   -7.501311|    0.325995|    0.001599|
|         432|   -8.067977|   -7.512155|    0.325994|    0.001599|
|         433|   -8.077928|   -7.522666|    0.325993|    0.001599|
|         434|   -8.087447|   -7.532700|    0.325991|    0.001599|
|         435|   -8.096482|   -7.542186|    0.325990|    0.001599|
|         436|   -8.105019|   -7.551111|    0.325989|    0.001599|
|         437|   -8.113085|   -7.559504|    0.325988|    0.001599|
|         438|   -8.120736|   -7.567434|    0.325987|    0.001599|
|         439|   -8.128050|   -7.574994|    0.325986|    0.001599|
|         440|   -8.135115|   -7.582280|    0.325985|    0.001599|
|         441|   -8.142022|   -7.589389|    0.325984|    0.001599|
|         442|   -8.148851|   -7.596406|    0.325983|    0.001599|
|         443|   -8.155677|   -7.603406|    0.325983|    0.001599|
|         444|   -8.162559|   -7.610449|    0.325982|    0.001599|
|         445|   -8.169549|   -7.617582|    0.325981|    0.001599|
|         446|   -8.176687|   -7.624844|    0.325980|    0.001599|
|         447|   -8.184006|   -7.632263|    0.325980|    0.001599|
|         448|   -8.191528|   -7.639857|    0.325979|    0.001599|
|         449|   -8.199268|   -7.647636|    0.325978|    0.001599|
|         450|   -8.207231|   -7.655607|    0.325977|    0.001599|
|         451|   -8.215421|   -7.663769|    0.325977|    0.001600|
+-----------------------------------------------------------------------+
|Fixed CL Mode                           |Value                         |
+-----------------------------------------------------------------------+
|Current CL                              |0.325977                      |
|Target CL                               |0.326                         |
|Previous AOA                            |0.499884                      |
|Changed AoA by                          |0.000113009                   |
+-----------------------------------------------------------------------+
+----------------------------------------------------------------+
|  Inner_Iter|    rms[Rho]|   rms[RhoE]|          CL|          CD|
+----------------------------------------------------------------+
|         452|   -6.758526|   -6.151973|    0.325976|    0.001600|
|         453|   -7.055913|   -6.445369|    0.325976|    0.001600|
|         454|   -7.296817|   -6.703418|    0.325979|    0.001600|
|         455|   -7.493109|   -6.883663|    0.325983|    0.001600|
|         456|   -7.649742|   -7.052753|    0.325987|    0.001600|
|         457|   -7.741384|   -7.146250|    0.325989|    0.001600|
|         458|   -7.866667|   -7.270503|    0.325990|    0.001600|
|         459|   -7.895159|   -7.297593|    0.325989|    0.001600|
|         460|   -7.943531|   -7.345183|    0.325989|    0.001600|
|         461|   -8.046988|   -7.456340|    0.325990|    0.001600|
|         462|   -8.112736|   -7.531114|    0.325991|    0.001600|
|         463|   -8.136549|   -7.553888|    0.325991|    0.001600|
|         464|   -8.182865|   -7.601314|    0.325992|    0.001600|
|         465|   -8.242403|   -7.667945|    0.325992|    0.001600|
|         466|   -8.281995|   -7.713539|    0.325992|    0.001600|
|         467|   -8.308706|   -7.741967|    0.325993|    0.001600|
|         468|   -8.333682|   -7.767243|    0.325993|    0.001600|
|         469|   -8.356796|   -7.791099|    0.325993|    0.001600|
|         470|   -8.378203|   -7.813978|    0.325993|    0.001600|
|         471|   -8.398929|   -7.836488|    0.325994|    0.001600|
|         472|   -8.418334|   -7.857410|    0.325994|    0.001600|
|         473|   -8.435595|   -7.875591|    0.325994|    0.001600|
|         474|   -8.451187|   -7.891671|    0.325995|    0.001600|
|         475|   -8.466138|   -7.906977|    0.325995|    0.001600|
|         476|   -8.481084|   -7.922224|    0.325995|    0.001600|
|         477|   -8.496216|   -7.937567|    0.325996|    0.001600|
|         478|   -8.511505|   -7.952982|    0.325996|    0.001600|
|         479|   -8.526880|   -7.968463|    0.325996|    0.001600|
|         480|   -8.542315|   -7.984062|    0.325997|    0.001600|
|         481|   -8.557766|   -7.999772|    0.325997|    0.001600|
|         482|   -8.573115|   -8.015453|    0.325997|    0.001600|
|         483|   -8.588198|   -8.030900|    0.325997|    0.001600|
|         484|   -8.602875|   -8.045934|    0.325998|    0.001600|
|         485|   -8.617036|   -8.060429|    0.325998|    0.001600|
|         486|   -8.630605|   -8.074301|    0.325998|    0.001600|
|         487|   -8.643541|   -8.087509|    0.325999|    0.001600|
|         488|   -8.655846|   -8.100064|    0.325999|    0.001600|
|         489|   -8.667556|   -8.112014|    0.325999|    0.001600|
|         490|   -8.678734|   -8.123434|    0.325999|    0.001600|
|         491|   -8.689458|   -8.134409|    0.326000|    0.001600|
|         492|   -8.699814|   -8.145027|    0.326000|    0.001600|
|         493|   -8.709883|   -8.155372|    0.326000|    0.001600|
|         494|   -8.719739|   -8.165512|    0.326000|    0.001600|
|         495|   -8.729447|   -8.175507|    0.326001|    0.001600|
|         496|   -8.739062|   -8.185402|    0.326001|    0.001600|
|         497|   -8.748630|   -8.195232|    0.326001|    0.001600|
|         498|   -8.758185|   -8.205022|    0.326001|    0.001600|
|         499|   -8.767749|   -8.214784|    0.326001|    0.001600|
|         500|   -8.777334|   -8.224524|    0.326002|    0.001600|
+-----------------------------------------------------------------------+
|        File Writing Summary       |              Filename             |
+-----------------------------------------------------------------------+
|SU2 binary restart                 |restart_flow.dat                   |
Writing Flow Meta-Data file: flow.meta
|Paraview                           |flow.vtu                           |
Writing Flow Meta-Data file: flow.meta
|Paraview surface                   |surface_flow.vtu                   |
Writing Flow Meta-Data file: flow.meta
|CSV file                           |surface_flow.csv                   |
Writing Flow Meta-Data file: flow.meta
+-----------------------------------------------------------------------+
+----------------------------------------------------------------+
|  Inner_Iter|    rms[Rho]|   rms[RhoE]|          CL|          CD|
+----------------------------------------------------------------+
|         501|   -8.786947|   -8.234243|    0.326002|    0.001600|
+-----------------------------------------------------------------------+
|Fixed CL Mode                           |Value                         |
+-----------------------------------------------------------------------+
|Current CL                              |0.326002                      |
|Target CL                               |0.326                         |
|Previous AOA                            |0.499997                      |
|Changed AoA by                          |-7.81491e-06                  |
+-----------------------------------------------------------------------+
+----------------------------------------------------------------+
|  Inner_Iter|    rms[Rho]|   rms[RhoE]|          CL|          CD|
+----------------------------------------------------------------+
|         502|   -7.914650|   -7.309165|    0.326002|    0.001600|
|         503|   -8.204811|   -7.596504|    0.326002|    0.001600|
|         504|   -8.422437|   -7.833756|    0.326002|    0.001600|
|         505|   -8.579746|   -7.984532|    0.326002|    0.001600|
|         506|   -8.681742|   -8.102605|    0.326002|    0.001600|
|         507|   -8.733164|   -8.158856|    0.326002|    0.001600|
|         508|   -8.791105|   -8.221463|    0.326002|    0.001600|
|         509|   -8.809745|   -8.240417|    0.326002|    0.001600|
|         510|   -8.833273|   -8.265136|    0.326002|    0.001600|
|         511|   -8.868593|   -8.305777|    0.326002|    0.001600|
|         512|   -8.891208|   -8.331752|    0.326002|    0.001600|
|         513|   -8.905610|   -8.346186|    0.326002|    0.001600|
|         514|   -8.923549|   -8.364768|    0.326002|    0.001600|
|         515|   -8.942882|   -8.385847|    0.326002|    0.001600|
|         516|   -8.959596|   -8.403825|    0.326003|    0.001600|
|         517|   -8.974766|   -8.419457|    0.326003|    0.001600|
|         518|   -8.989845|   -8.434604|    0.326003|    0.001600|
|         519|   -9.005119|   -8.449850|    0.326003|    0.001600|
|         520|   -9.020593|   -8.465325|    0.326003|    0.001600|
|         521|   -9.036271|   -8.481030|    0.326003|    0.001600|
|         522|   -9.052092|   -8.496839|    0.326003|    0.001600|
|         523|   -9.068013|   -8.512669|    0.326003|    0.001600|
|         524|   -9.084094|   -8.528594|    0.326003|    0.001600|
|         525|   -9.100435|   -8.544743|    0.326003|    0.001600|
|         526|   -9.117104|   -8.561204|    0.326003|    0.001600|
|         527|   -9.134131|   -8.578014|    0.326003|    0.001600|
|         528|   -9.151520|   -8.595186|    0.326003|    0.001600|
|         529|   -9.169265|   -8.612718|    0.326003|    0.001600|
|         530|   -9.187357|   -8.630605|    0.326003|    0.001600|
|         531|   -9.205787|   -8.648835|    0.326003|    0.001600|
|         532|   -9.224536|   -8.667385|    0.326003|    0.001600|
|         533|   -9.243580|   -8.686226|    0.326003|    0.001600|
|         534|   -9.262893|   -8.705328|    0.326003|    0.001600|
|         535|   -9.282446|   -8.724661|    0.326003|    0.001600|
|         536|   -9.302212|   -8.744199|    0.326003|    0.001600|
|         537|   -9.322172|   -8.763921|    0.326003|    0.001600|
|         538|   -9.342310|   -8.783816|    0.326003|    0.001600|
|         539|   -9.362619|   -8.803883|    0.326003|    0.001600|
|         540|   -9.383098|   -8.824128|    0.326003|    0.001600|
|         541|   -9.403749|   -8.844562|    0.326004|    0.001600|
|         542|   -9.424580|   -8.865197|    0.326004|    0.001600|
|         543|   -9.445597|   -8.886046|    0.326004|    0.001600|
|         544|   -9.466803|   -8.907116|    0.326004|    0.001600|
|         545|   -9.488200|   -8.928406|    0.326004|    0.001600|
|         546|   -9.509781|   -8.949912|    0.326004|    0.001600|
|         547|   -9.531536|   -8.971616|    0.326004|    0.001600|
|         548|   -9.553444|   -8.993498|    0.326004|    0.001600|
|         549|   -9.575482|   -9.015526|    0.326004|    0.001600|
|         550|   -9.597617|   -9.037663|    0.326004|    0.001600|
|         551|   -9.619812|   -9.059869|    0.326004|    0.001600|
+-----------------------------------------------------------------------+
|Fixed CL Mode                           |Value                         |
+-----------------------------------------------------------------------+
|Current CL                              |0.326004                      |
|Target CL                               |0.326                         |
|Previous AOA                            |0.499989                      |
|Changed AoA by                          |-1.76044e-05                  |
+-----------------------------------------------------------------------+
+----------------------------------------------------------------+
|  Inner_Iter|    rms[Rho]|   rms[RhoE]|          CL|          CD|
+----------------------------------------------------------------+
|         552|   -7.566432|   -6.959727|    0.326004|    0.001600|
|         553|   -7.863750|   -7.253223|    0.326003|    0.001600|
|         554|   -8.106666|   -7.513065|    0.326003|    0.001600|
|         555|   -8.305900|   -7.695274|    0.326002|    0.001600|
|         556|   -8.469062|   -7.869859|    0.326001|    0.001600|
|         557|   -8.566304|   -7.968039|    0.326001|    0.001600|
|         558|   -8.702208|   -8.100737|    0.326001|    0.001600|
|         559|   -8.731172|   -8.128059|    0.326001|    0.001600|
|         560|   -8.784136|   -8.179353|    0.326001|    0.001600|
|         561|   -8.904284|   -8.305386|    0.326000|    0.001599|
|         562|   -8.981632|   -8.391890|    0.326000|    0.001599|
|         563|   -9.005571|   -8.414693|    0.326000|    0.001599|
|         564|   -9.062300|   -8.472137|    0.326000|    0.001599|
|         565|   -9.137226|   -8.554889|    0.326000|    0.001599|
|         566|   -9.179178|   -8.603909|    0.326000|    0.001599|
|         567|   -9.201573|   -8.628218|    0.326000|    0.001599|
|         568|   -9.222141|   -8.649817|    0.325999|    0.001599|
|         569|   -9.237630|   -8.667507|    0.325999|    0.001599|
|         570|   -9.248345|   -8.681267|    0.325999|    0.001600|
|         571|   -9.257300|   -8.693384|    0.325999|    0.001600|
|         572|   -9.264157|   -8.702863|    0.325999|    0.001600|
|         573|   -9.268162|   -8.708667|    0.325999|    0.001600|
|         574|   -9.270311|   -8.712103|    0.325999|    0.001600|
|         575|   -9.271985|   -8.714890|    0.325999|    0.001600|
|         576|   -9.273938|   -8.717821|    0.325999|    0.001600|
|         577|   -9.276386|   -8.721060|    0.325999|    0.001600|
|         578|   -9.279277|   -8.724568|    0.325998|    0.001600|
|         579|   -9.282533|   -8.728342|    0.325998|    0.001600|
|         580|   -9.286132|   -8.732437|    0.325998|    0.001600|
|         581|   -9.290031|   -8.736837|    0.325998|    0.001600|
|         582|   -9.294132|   -8.741415|    0.325998|    0.001600|
|         583|   -9.298335|   -8.746039|    0.325998|    0.001600|
|         584|   -9.302588|   -8.750636|    0.325998|    0.001600|
|         585|   -9.306877|   -8.755193|    0.325998|    0.001600|
|         586|   -9.311214|   -8.759732|    0.325998|    0.001600|
|         587|   -9.315627|   -8.764295|    0.325998|    0.001600|
|         588|   -9.320154|   -8.768933|    0.325998|    0.001600|
|         589|   -9.324837|   -8.773697|    0.325998|    0.001600|
|         590|   -9.329712|   -8.778631|    0.325998|    0.001600|
|         591|   -9.334813|   -8.783770|    0.325997|    0.001600|
|         592|   -9.340167|   -8.789145|    0.325997|    0.001600|
|         593|   -9.345795|   -8.794777|    0.325997|    0.001600|
|         594|   -9.351713|   -8.800685|    0.325997|    0.001600|
|         595|   -9.357934|   -8.806882|    0.325997|    0.001600|
|         596|   -9.364470|   -8.813381|    0.325997|    0.001600|
|         597|   -9.371330|   -8.820192|    0.325997|    0.001600|
|         598|   -9.378520|   -8.827319|    0.325997|    0.001600|
|         599|   -9.386043|   -8.834767|    0.325997|    0.001600|
|         600|   -9.393899|   -8.842534|    0.325997|    0.001600|
|         601|   -9.402085|   -8.850620|    0.325997|    0.001600|
+-----------------------------------------------------------------------+
|Fixed CL Mode                           |Value                         |
+-----------------------------------------------------------------------+
|Current CL                              |0.325997                      |
|Target CL                               |0.326                         |
|Previous AOA                            |0.499972                      |
|Changed AoA by                          |1.45754e-05                   |
+-----------------------------------------------------------------------+
+----------------------------------------------------------------+
|  Inner_Iter|    rms[Rho]|   rms[RhoE]|          CL|          CD|
+----------------------------------------------------------------+
|         602|   -7.648309|   -7.041657|    0.325997|    0.001600|
|         603|   -7.945804|   -7.335224|    0.325997|    0.001600|
|         604|   -8.188228|   -7.594621|    0.325997|    0.001600|
|         605|   -8.386977|   -7.776557|    0.325998|    0.001600|
|         606|   -8.548606|   -7.949894|    0.325999|    0.001600|
|         607|   -8.644653|   -8.047098|    0.325999|    0.001600|
|         608|   -8.778756|   -8.178441|    0.325999|    0.001600|
|         609|   -8.808125|   -8.206108|    0.325999|    0.001600|
|         610|   -8.860538|   -8.256938|    0.325999|    0.001600|
|         611|   -8.978471|   -8.381016|    0.325999|    0.001600|
|         612|   -9.055305|   -8.466898|    0.325999|    0.001600|
|         613|   -9.080530|   -8.490746|    0.325999|    0.001600|
|         614|   -9.136595|   -8.547245|    0.326000|    0.001600|
|         615|   -9.211959|   -8.630117|    0.326000|    0.001600|
|         616|   -9.258305|   -8.683533|    0.326000|    0.001600|
|         617|   -9.285899|   -8.712960|    0.326000|    0.001600|
|         618|   -9.311739|   -8.739252|    0.326000|    0.001600|
|         619|   -9.333399|   -8.762417|    0.326000|    0.001600|
|         620|   -9.350751|   -8.782381|    0.326000|    0.001600|
|         621|   -9.366372|   -8.800986|    0.326000|    0.001600|
|         622|   -9.379673|   -8.816851|    0.326000|    0.001600|
|         623|   -9.389537|   -8.828446|    0.326000|    0.001600|
|         624|   -9.396856|   -8.836944|    0.326000|    0.001600|
|         625|   -9.403186|   -8.844296|    0.326000|    0.001600|
|         626|   -9.409430|   -8.851466|    0.326000|    0.001600|
|         627|   -9.415871|   -8.858671|    0.326000|    0.001600|
|         628|   -9.422481|   -8.865889|    0.326001|    0.001600|
|         629|   -9.429184|   -8.873126|    0.326001|    0.001600|
|         630|   -9.435968|   -8.880460|    0.326001|    0.001600|
|         631|   -9.442802|   -8.887890|    0.326001|    0.001600|
|         632|   -9.449577|   -8.895275|    0.326001|    0.001600|
|         633|   -9.456175|   -8.902441|    0.326001|    0.001600|
|         634|   -9.462521|   -8.909283|    0.326001|    0.001600|
|         635|   -9.468593|   -8.915768|    0.326001|    0.001600|
|         636|   -9.474405|   -8.921915|    0.326001|    0.001600|
|         637|   -9.479998|   -8.927776|    0.326001|    0.001600|
|         638|   -9.485435|   -8.933430|    0.326001|    0.001600|
|         639|   -9.490790|   -8.938961|    0.326001|    0.001600|
|         640|   -9.496135|   -8.944454|    0.326001|    0.001600|
|         641|   -9.501538|   -8.949981|    0.326001|    0.001600|
|         642|   -9.507058|   -8.955605|    0.326001|    0.001600|
|         643|   -9.512746|   -8.961378|    0.326001|    0.001600|
|         644|   -9.518640|   -8.967340|    0.326001|    0.001600|
|         645|   -9.524772|   -8.973523|    0.326001|    0.001600|
|         646|   -9.531168|   -8.979951|    0.326001|    0.001600|
|         647|   -9.537847|   -8.986642|    0.326001|    0.001600|
|         648|   -9.544821|   -8.993607|    0.326001|    0.001600|
|         649|   -9.552098|   -9.000851|    0.326001|    0.001600|
|         650|   -9.559680|   -9.008377|    0.326001|    0.001600|
|         651|   -9.567564|   -9.016182|    0.326001|    0.001600|
+-----------------------------------------------------------------------+
|Fixed CL Mode                           |Value                         |
+-----------------------------------------------------------------------+
|Current CL                              |0.326001                      |
|Target CL                               |0.326                         |
|Previous AOA                            |0.499986                      |
|Changed AoA by                          |-7.23599e-06                  |
+-----------------------------------------------------------------------+
+----------------------------------------------------------------+
|  Inner_Iter|    rms[Rho]|   rms[RhoE]|          CL|          CD|
+----------------------------------------------------------------+
|         652|   -7.952333|   -7.345717|    0.326001|    0.001600|
|         653|   -8.249832|   -7.639252|    0.326001|    0.001600|
|         654|   -8.491774|   -7.898220|    0.326001|    0.001600|
|         655|   -8.689794|   -8.079667|    0.326001|    0.001600|
|         656|   -8.849835|   -8.251666|    0.326001|    0.001600|
|         657|   -8.944493|   -8.347710|    0.326001|    0.001600|
|         658|   -9.075873|   -8.476896|    0.326001|    0.001600|
|         659|   -9.105067|   -8.504465|    0.326001|    0.001600|
|         660|   -9.156255|   -8.554323|    0.326001|    0.001600|
|         661|   -9.269640|   -8.674406|    0.326000|    0.001600|
|         662|   -9.343055|   -8.756907|    0.326000|    0.001600|
|         663|   -9.368057|   -8.780603|    0.326000|    0.001600|
|         664|   -9.420968|   -8.834175|    0.326000|    0.001600|
|         665|   -9.491240|   -8.911887|    0.326000|    0.001600|
|         666|   -9.536012|   -8.963433|    0.326000|    0.001600|
|         667|   -9.564160|   -8.993382|    0.326000|    0.001600|
|         668|   -9.590545|   -9.020089|    0.326000|    0.001600|
|         669|   -9.613730|   -9.044405|    0.326000|    0.001600|
|         670|   -9.633648|   -9.066460|    0.326000|    0.001600|
|         671|   -9.652232|   -9.087573|    0.326000|    0.001600|
|         672|   -9.668816|   -9.106340|    0.326000|    0.001600|
|         673|   -9.682298|   -9.121252|    0.326000|    0.001600|
|         674|   -9.693381|   -9.133250|    0.326000|    0.001600|
|         675|   -9.703462|   -9.144104|    0.326000|    0.001600|
|         676|   -9.713376|   -9.154725|    0.326000|    0.001600|
|         677|   -9.723388|   -9.165317|    0.326000|    0.001600|
|         678|   -9.733470|   -9.175855|    0.326000|    0.001600|
|         679|   -9.743544|   -9.186340|    0.326000|    0.001600|
|         680|   -9.753593|   -9.196843|    0.326000|    0.001600|
|         681|   -9.763581|   -9.207363|    0.326000|    0.001600|
|         682|   -9.773393|   -9.217752|    0.326000|    0.001600|
|         683|   -9.782888|   -9.227813|    0.326000|    0.001600|
|         684|   -9.791966|   -9.237408|    0.326000|    0.001600|
|         685|   -9.800577|   -9.246471|    0.326000|    0.001600|
|         686|   -9.808715|   -9.254992|    0.326000|    0.001600|
|         687|   -9.816408|   -9.263007|    0.326000|    0.001600|
|         688|   -9.823715|   -9.270588|    0.326000|    0.001600|
|         689|   -9.830715|   -9.277827|    0.326000|    0.001600|
|         690|   -9.837497|   -9.284821|    0.326000|    0.001600|
|         691|   -9.844148|   -9.291666|    0.326000|    0.001600|
|         692|   -9.850748|   -9.298444|    0.326000|    0.001600|
|         693|   -9.857367|   -9.305227|    0.326000|    0.001600|
|         694|   -9.864064|   -9.312073|    0.326000|    0.001600|
|         695|   -9.870887|   -9.319028|    0.326000|    0.001600|
|         696|   -9.877875|   -9.326127|    0.326000|    0.001600|
|         697|   -9.885057|   -9.333399|    0.326000|    0.001600|
|         698|   -9.892456|   -9.340859|    0.326000|    0.001600|
|         699|   -9.900085|   -9.348518|    0.326000|    0.001600|
|         700|   -9.907948|   -9.356380|    0.326000|    0.001600|
|         701|   -9.916049|   -9.364447|    0.326000|    0.001600|
|         702|   -9.924387|   -9.372719|    0.325999|    0.001600|
|         703|   -9.932963|   -9.381201|    0.325999|    0.001600|
|         704|   -9.941780|   -9.389898|    0.325999|    0.001600|
|         705|   -9.950841|   -9.398821|    0.325999|    0.001600|
|         706|   -9.960157|   -9.407986|    0.325999|    0.001600|
|         707|   -9.969735|   -9.417408|    0.325999|    0.001600|
|         708|   -9.979588|   -9.427103|    0.325999|    0.001600|
|         709|   -9.989723|   -9.437085|    0.325999|    0.001600|
|         710|  -10.000147|   -9.447364|    0.325999|    0.001600|
|         711|  -10.010862|   -9.457941|    0.325999|    0.001600|
|         712|  -10.021866|   -9.468814|    0.325999|    0.001600|
|         713|  -10.033153|   -9.479976|    0.325999|    0.001600|
|         714|  -10.044714|   -9.491413|    0.325999|    0.001600|
|         715|  -10.056538|   -9.503111|    0.325999|    0.001600|
|         716|  -10.068617|   -9.515057|    0.325999|    0.001600|
|         717|  -10.080939|   -9.527240|    0.325999|    0.001600|
|         718|  -10.093501|   -9.539653|    0.325999|    0.001600|
|         719|  -10.106300|   -9.552294|    0.325999|    0.001600|
|         720|  -10.119340|   -9.565168|    0.325999|    0.001600|
|         721|  -10.132626|   -9.578284|    0.325999|    0.001600|
|         722|  -10.146169|   -9.591654|    0.325999|    0.001600|
|         723|  -10.159980|   -9.605294|    0.325999|    0.001600|
|         724|  -10.174071|   -9.619218|    0.325999|    0.001600|
|         725|  -10.188453|   -9.633439|    0.325999|    0.001600|
|         726|  -10.203133|   -9.647965|    0.325999|    0.001600|
|         727|  -10.218115|   -9.662799|    0.325999|    0.001600|
|         728|  -10.233398|   -9.677941|    0.325999|    0.001600|
|         729|  -10.248977|   -9.693383|    0.325999|    0.001600|
|         730|  -10.264843|   -9.709113|    0.325999|    0.001600|
|         731|  -10.280983|   -9.725118|    0.325999|    0.001600|
|         732|  -10.297383|   -9.741380|    0.325999|    0.001600|
|         733|  -10.314028|   -9.757882|    0.325999|    0.001600|
|         734|  -10.330900|   -9.774608|    0.325999|    0.001600|
|         735|  -10.347985|   -9.791543|    0.325999|    0.001600|
|         736|  -10.365269|   -9.808674|    0.325999|    0.001600|
|         737|  -10.382739|   -9.825991|    0.325999|    0.001600|
|         738|  -10.400383|   -9.843484|    0.325999|    0.001600|
|         739|  -10.418191|   -9.861145|    0.325999|    0.001600|
|         740|  -10.436152|   -9.878966|    0.325999|    0.001600|
|         741|  -10.454256|   -9.896938|    0.325999|    0.001600|
|         742|  -10.472491|   -9.915052|    0.325999|    0.001600|
|         743|  -10.490846|   -9.933297|    0.325999|    0.001600|
|         744|  -10.509307|   -9.951660|    0.325999|    0.001600|
|         745|  -10.527859|   -9.970127|    0.325999|    0.001600|
|         746|  -10.546487|   -9.988683|    0.325999|    0.001600|
|         747|  -10.565174|  -10.007310|    0.325999|    0.001600|
|         748|  -10.583903|  -10.025993|    0.325999|    0.001600|
|         749|  -10.602658|  -10.044715|    0.325999|    0.001600|
|         750|  -10.621422|  -10.063460|    0.325999|    0.001600|
+-----------------------------------------------------------------------+
|        File Writing Summary       |              Filename             |
+-----------------------------------------------------------------------+
|SU2 binary restart                 |restart_flow.dat                   |
Writing Flow Meta-Data file: flow.meta
|Paraview                           |flow.vtu                           |
Writing Flow Meta-Data file: flow.meta
|Paraview surface                   |surface_flow.vtu                   |
Writing Flow Meta-Data file: flow.meta
|CSV file                           |surface_flow.csv                   |
Writing Flow Meta-Data file: flow.meta
+-----------------------------------------------------------------------+
+----------------------------------------------------------------+
|  Inner_Iter|    rms[Rho]|   rms[RhoE]|          CL|          CD|
+----------------------------------------------------------------+
|         751|  -10.640179|  -10.082212|    0.325999|    0.001600|
+-----------------------------------------------------------------------+
|Fixed CL Mode                           |Value                         |
+-----------------------------------------------------------------------+
|Current CL                              |0.325999                      |
|Target CL                               |0.326                         |
|Previous AOA                            |0.499979                      |
|Changed AoA by                          |3.78242e-06                   |
+-----------------------------------------------------------------------+
+----------------------------------------------------------------+
|  Inner_Iter|    rms[Rho]|   rms[RhoE]|          CL|          CD|
+----------------------------------------------------------------+
|         752|   -8.234293|   -7.627584|    0.325999|    0.001600|
|         753|   -8.531674|   -7.921138|    0.325999|    0.001600|
|         754|   -8.774666|   -8.181055|    0.325999|    0.001600|
|         755|   -8.974036|   -8.363348|    0.326000|    0.001600|
|         756|   -9.137374|   -8.538082|    0.326000|    0.001600|
|         757|   -9.234873|   -8.636505|    0.326000|    0.001600|
|         758|   -9.371494|   -8.769839|    0.326000|    0.001600|
|         759|   -9.400629|   -8.797293|    0.326000|    0.001600|
|         760|   -9.453833|   -8.848750|    0.326000|    0.001600|
|         761|   -9.575194|   -8.975859|    0.326000|    0.001600|
|         762|   -9.653914|   -9.063754|    0.326000|    0.001600|
|         763|   -9.678335|   -9.086986|    0.326000|    0.001600|
|         764|   -9.736123|   -9.145316|    0.326000|    0.001600|
|         765|   -9.813121|   -9.230060|    0.326000|    0.001600|
|         766|   -9.856615|   -9.280712|    0.326000|    0.001600|
|         767|   -9.879963|   -9.305964|    0.326000|    0.001600|
|         768|   -9.901646|   -9.328619|    0.326000|    0.001600|
|         769|   -9.918190|   -9.347388|    0.326000|    0.001600|
|         770|   -9.929735|   -9.362084|    0.326000|    0.001600|
|         771|   -9.939406|   -9.375036|    0.326000|    0.001600|
|         772|   -9.946843|   -9.385185|    0.326000|    0.001600|
|         773|   -9.951236|   -9.391422|    0.326000|    0.001600|
|         774|   -9.953638|   -9.395136|    0.326000|    0.001600|
|         775|   -9.955515|   -9.398155|    0.326000|    0.001600|
|         776|   -9.957667|   -9.401313|    0.326000|    0.001600|
|         777|   -9.960318|   -9.404776|    0.326000|    0.001600|
|         778|   -9.963413|   -9.408504|    0.326000|    0.001600|
|         779|   -9.966873|   -9.412497|    0.326000|    0.001600|
|         780|   -9.970681|   -9.416817|    0.326000|    0.001600|
|         781|   -9.974792|   -9.421451|    0.326000|    0.001600|
|         782|   -9.979105|   -9.426266|    0.326000|    0.001600|
|         783|   -9.983515|   -9.431120|    0.326000|    0.001600|
|         784|   -9.987965|   -9.435933|    0.326000|    0.001600|
|         785|   -9.992440|   -9.440690|    0.326000|    0.001600|
|         786|   -9.996950|   -9.445411|    0.326000|    0.001600|
|         787|  -10.001525|   -9.450140|    0.326000|    0.001600|
|         788|  -10.006205|   -9.454931|    0.326000|    0.001600|
|         789|  -10.011035|   -9.459839|    0.326000|    0.001600|
|         790|  -10.016056|   -9.464912|    0.326000|    0.001600|
|         791|  -10.021302|   -9.470192|    0.326000|    0.001600|
|         792|  -10.026804|   -9.475709|    0.326000|    0.001600|
|         793|  -10.032585|   -9.481489|    0.326001|    0.001600|
|         794|  -10.038662|   -9.487551|    0.326001|    0.001600|
|         795|  -10.045049|   -9.493911|    0.326001|    0.001600|
|         796|  -10.051759|   -9.500581|    0.326001|    0.001600|
|         797|  -10.058799|   -9.507569|    0.326001|    0.001600|
|         798|  -10.066174|   -9.514880|    0.326001|    0.001600|
|         799|  -10.073887|   -9.522516|    0.326001|    0.001600|
|         800|  -10.081936|   -9.530474|    0.326001|    0.001600|
|         801|  -10.090318|   -9.538752|    0.326001|    0.001600|
+-----------------------------------------------------------------------+
|Fixed CL Mode                           |Value                         |
+-----------------------------------------------------------------------+
|Current CL                              |0.326001                      |
|Target CL                               |0.326                         |
|Previous AOA                            |0.499983                      |
|Changed AoA by                          |-2.82082e-06                  |
+-----------------------------------------------------------------------+
+----------------------------------------------------------------+
|  Inner_Iter|    rms[Rho]|   rms[RhoE]|          CL|          CD|
+----------------------------------------------------------------+
|         802|   -8.361542|   -7.754895|    0.326001|    0.001600|
|         803|   -8.659027|   -8.048449|    0.326001|    0.001600|
|         804|   -8.901387|   -8.307789|    0.326000|    0.001600|
|         805|   -9.100040|   -8.489660|    0.326000|    0.001600|
|         806|   -9.261476|   -8.662834|    0.326000|    0.001600|
|         807|   -9.357336|   -8.759879|    0.326000|    0.001600|
|         808|   -9.491043|   -8.890901|    0.326000|    0.001600|
|         809|   -9.520361|   -8.918530|    0.326000|    0.001600|
|         810|   -9.572591|   -8.969214|    0.326000|    0.001600|
|         811|   -9.689839|   -9.092689|    0.326000|    0.001600|
|         812|   -9.766113|   -9.178015|    0.326000|    0.001600|
|         813|   -9.791264|   -9.201804|    0.326000|    0.001600|
|         814|   -9.846846|   -9.257866|    0.326000|    0.001600|
|         815|   -9.921376|   -9.339902|    0.326000|    0.001600|
|         816|   -9.967356|   -9.392902|    0.326000|    0.001600|
|         817|   -9.994912|   -9.422285|    0.326000|    0.001600|
|         818|  -10.020704|   -9.448519|    0.326000|    0.001600|
|         819|  -10.042425|   -9.471695|    0.326000|    0.001600|
|         820|  -10.059973|   -9.491782|    0.326000|    0.001600|
|         821|  -10.075844|   -9.510566|    0.326000|    0.001600|
|         822|  -10.089446|   -9.526676|    0.326000|    0.001600|
|         823|  -10.099660|   -9.538582|    0.326000|    0.001600|
|         824|  -10.107350|   -9.547419|    0.326000|    0.001600|
|         825|  -10.114040|   -9.555099|    0.326000|    0.001600|
|         826|  -10.120622|   -9.562581|    0.326000|    0.001600|
|         827|  -10.127380|   -9.570081|    0.326000|    0.001600|
|         828|  -10.134287|   -9.577581|    0.326000|    0.001600|
|         829|  -10.141269|   -9.585086|    0.326000|    0.001600|
|         830|  -10.148314|   -9.592672|    0.326000|    0.001600|
|         831|  -10.155388|   -9.600338|    0.326000|    0.001600|
|         832|  -10.162386|   -9.607944|    0.326000|    0.001600|
|         833|  -10.169187|   -9.615315|    0.326000|    0.001600|
|         834|  -10.175717|   -9.622343|    0.326000|    0.001600|
|         835|  -10.181950|   -9.628996|    0.326000|    0.001600|
|         836|  -10.187901|   -9.635289|    0.326000|    0.001600|
|         837|  -10.193611|   -9.641274|    0.326000|    0.001600|
|         838|  -10.199141|   -9.647028|    0.326000|    0.001600|
|         839|  -10.204566|   -9.652638|    0.326000|    0.001600|
|         840|  -10.209960|   -9.658187|    0.326000|    0.001600|
|         841|  -10.215393|   -9.663752|    0.326000|    0.001600|
|         842|  -10.220927|   -9.669398|    0.326000|    0.001600|
|         843|  -10.226612|   -9.675177|    0.326000|    0.001600|
|         844|  -10.232491|   -9.681131|    0.326000|    0.001600|
|         845|  -10.238596|   -9.687294|    0.326000|    0.001600|
|         846|  -10.244954|   -9.693691|    0.326000|    0.001600|
|         847|  -10.251585|   -9.700341|    0.326000|    0.001600|
|         848|  -10.258503|   -9.707256|    0.326000|    0.001600|
|         849|  -10.265717|   -9.714442|    0.326000|    0.001600|
|         850|  -10.273227|   -9.721902|    0.326000|    0.001600|
|         851|  -10.281034|   -9.729633|    0.326000|    0.001600|
|         852|  -10.289135|   -9.737636|    0.326000|    0.001600|
|         853|  -10.297529|   -9.745912|    0.326000|    0.001600|
|         854|  -10.306215|   -9.754462|    0.326000|    0.001600|
|         855|  -10.315195|   -9.763293|    0.326000|    0.001600|
|         856|  -10.324472|   -9.772412|    0.326000|    0.001600|
|         857|  -10.334052|   -9.781831|    0.326000|    0.001600|
|         858|  -10.343940|   -9.791558|    0.326000|    0.001600|
|         859|  -10.354141|   -9.801600|    0.326000|    0.001600|
|         860|  -10.364657|   -9.811964|    0.326000|    0.001600|
|         861|  -10.375488|   -9.822648|    0.326000|    0.001600|
|         862|  -10.386631|   -9.833649|    0.326000|    0.001600|
|         863|  -10.398081|   -9.844960|    0.326000|    0.001600|
|         864|  -10.409829|   -9.856569|    0.326000|    0.001600|
|         865|  -10.421868|   -9.868465|    0.326000|    0.001600|
|         866|  -10.434189|   -9.880639|    0.326000|    0.001600|
|         867|  -10.446786|   -9.893081|    0.326000|    0.001600|
|         868|  -10.459656|   -9.905788|    0.326000|    0.001600|
|         869|  -10.472797|   -9.918758|    0.326000|    0.001600|
|         870|  -10.486213|   -9.931997|    0.326000|    0.001600|
|         871|  -10.499910|   -9.945512|    0.326000|    0.001600|
|         872|  -10.513897|   -9.959315|    0.326000|    0.001600|
|         873|  -10.528184|   -9.973419|    0.326000|    0.001600|
|         874|  -10.542782|   -9.987836|    0.326000|    0.001600|
|         875|  -10.557700|  -10.002576|    0.326000|    0.001600|
|         876|  -10.572944|  -10.017649|    0.326000|    0.001600|
|         877|  -10.588518|  -10.033056|    0.326000|    0.001600|
|         878|  -10.604423|  -10.048797|    0.326000|    0.001600|
|         879|  -10.620655|  -10.064867|    0.326000|    0.001600|
|         880|  -10.637205|  -10.081256|    0.326000|    0.001600|
|         881|  -10.654066|  -10.097954|    0.326000|    0.001600|
|         882|  -10.671223|  -10.114945|    0.326000|    0.001600|
|         883|  -10.688665|  -10.132216|    0.326000|    0.001600|
|         884|  -10.706376|  -10.149752|    0.326000|    0.001600|
|         885|  -10.724344|  -10.167541|    0.326000|    0.001600|
|         886|  -10.742555|  -10.185569|    0.326000|    0.001600|
|         887|  -10.760996|  -10.203827|    0.326000|    0.001600|
|         888|  -10.779658|  -10.222304|    0.326000|    0.001600|
|         889|  -10.798526|  -10.240992|    0.326000|    0.001600|
|         890|  -10.817591|  -10.259881|    0.326000|    0.001600|
|         891|  -10.836841|  -10.278960|    0.326000|    0.001600|
|         892|  -10.856261|  -10.298218|    0.326000|    0.001600|
|         893|  -10.875837|  -10.317643|    0.326000|    0.001600|
|         894|  -10.895554|  -10.337219|    0.326000|    0.001600|
|         895|  -10.915394|  -10.356930|    0.326000|    0.001600|
|         896|  -10.935338|  -10.376756|    0.326000|    0.001600|
|         897|  -10.955366|  -10.396680|    0.326000|    0.001600|
|         898|  -10.975457|  -10.416681|    0.326000|    0.001600|
|         899|  -10.995588|  -10.436737|    0.326000|    0.001600|
|         900|  -11.015737|  -10.456827|    0.326000|    0.001600|
|         901|  -11.035882|  -10.476930|    0.326000|    0.001600|
|         902|  -11.056000|  -10.497025|    0.326000|    0.001600|
|         903|  -11.076069|  -10.517089|    0.326000|    0.001600|
|         904|  -11.096066|  -10.537102|    0.326000|    0.001600|
|         905|  -11.115968|  -10.557041|    0.326000|    0.001600|
|         906|  -11.135756|  -10.576886|    0.326000|    0.001600|
|         907|  -11.155408|  -10.596615|    0.326000|    0.001600|
|         908|  -11.174907|  -10.616208|    0.326000|    0.001600|
|         909|  -11.194236|  -10.635648|    0.326000|    0.001600|
|         910|  -11.213382|  -10.654916|    0.326000|    0.001600|
|         911|  -11.232335|  -10.674001|    0.326000|    0.001600|
|         912|  -11.251087|  -10.692891|    0.326000|    0.001600|
|         913|  -11.269639|  -10.711580|    0.326000|    0.001600|
|         914|  -11.287990|  -10.730066|    0.326000|    0.001600|
|         915|  -11.306150|  -10.748352|    0.326000|    0.001600|
|         916|  -11.324129|  -10.766447|    0.326000|    0.001600|
|         917|  -11.341942|  -10.784362|    0.326000|    0.001600|
|         918|  -11.359611|  -10.802116|    0.326000|    0.001600|
|         919|  -11.377156|  -10.819730|    0.326000|    0.001600|
|         920|  -11.394601|  -10.837224|    0.326000|    0.001600|
|         921|  -11.411971|  -10.854624|    0.326000|    0.001600|
|         922|  -11.429287|  -10.871952|    0.326000|    0.001600|
|         923|  -11.446571|  -10.889232|    0.326000|    0.001600|
|         924|  -11.463839|  -10.906480|    0.326000|    0.001600|
|         925|  -11.481107|  -10.923714|    0.326000|    0.001600|
|         926|  -11.498380|  -10.940944|    0.326000|    0.001600|
|         927|  -11.515662|  -10.958175|    0.326000|    0.001600|
|         928|  -11.532949|  -10.975406|    0.326000|    0.001600|
|         929|  -11.550231|  -10.992631|    0.326000|    0.001600|
|         930|  -11.567489|  -11.009837|    0.326000|    0.001600|
|         931|  -11.584700|  -11.027002|    0.326000|    0.001600|
|         932|  -11.601836|  -11.044100|    0.326000|    0.001600|
|         933|  -11.618859|  -11.061101|    0.326000|    0.001600|
|         934|  -11.635728|  -11.077966|    0.326000|    0.001600|
|         935|  -11.652400|  -11.094654|    0.326000|    0.001600|
|         936|  -11.668829|  -11.111122|    0.326000|    0.001600|
|         937|  -11.684966|  -11.127324|    0.326000|    0.001600|
|         938|  -11.700764|  -11.143214|    0.326000|    0.001600|
|         939|  -11.716178|  -11.158749|    0.326000|    0.001600|
|         940|  -11.731165|  -11.173886|    0.326000|    0.001600|
|         941|  -11.745691|  -11.188589|    0.326000|    0.001600|
|         942|  -11.759727|  -11.202826|    0.326000|    0.001600|
|         943|  -11.773247|  -11.216571|    0.326000|    0.001600|
|         944|  -11.786238|  -11.229806|    0.326000|    0.001600|
|         945|  -11.798694|  -11.242522|    0.326000|    0.001600|
|         946|  -11.810616|  -11.254715|    0.326000|    0.001600|
|         947|  -11.822015|  -11.266392|    0.326000|    0.001600|
|         948|  -11.832909|  -11.277568|    0.326000|    0.001600|
|         949|  -11.843323|  -11.288264|    0.326000|    0.001600|
|         950|  -11.853289|  -11.298508|    0.326000|    0.001600|
|         951|  -11.862845|  -11.308335|    0.326000|    0.001600|
|         952|  -11.872031|  -11.317784|    0.326000|    0.001600|
|         953|  -11.880890|  -11.326895|    0.326000|    0.001600|
|         954|  -11.889468|  -11.335712|    0.326000|    0.001600|
|         955|  -11.897812|  -11.344282|    0.326000|    0.001600|
|         956|  -11.905969|  -11.352647|    0.326000|    0.001600|
|         957|  -11.913983|  -11.360853|    0.326000|    0.001600|
|         958|  -11.921894|  -11.368937|    0.326000|    0.001600|
|         959|  -11.929747|  -11.376943|    0.326000|    0.001600|
|         960|  -11.937578|  -11.384906|    0.326000|    0.001600|
|         961|  -11.945423|  -11.392864|    0.326000|    0.001600|
|         962|  -11.953314|  -11.400844|    0.326000|    0.001600|
|         963|  -11.961280|  -11.408878|    0.326000|    0.001600|
|         964|  -11.969348|  -11.416993|    0.326000|    0.001600|
|         965|  -11.977540|  -11.425209|    0.326000|    0.001600|
|         966|  -11.985880|  -11.433551|    0.326000|    0.001600|
|         967|  -11.994380|  -11.442032|    0.326000|    0.001600|
|         968|  -12.003059|  -11.450673|    0.326000|    0.001600|
|         969|  -12.011929|  -11.459486|    0.326000|    0.001600|
|         970|  -12.021000|  -11.468481|    0.326000|    0.001600|
|         971|  -12.030277|  -11.477667|    0.326000|    0.001600|
|         972|  -12.039766|  -11.487051|    0.326000|    0.001600|
|         973|  -12.049472|  -11.496639|    0.326000|    0.001600|
|         974|  -12.059390|  -11.506430|    0.326000|    0.001600|
|         975|  -12.069526|  -11.516428|    0.326000|    0.001600|
|         976|  -12.079874|  -11.526634|    0.326000|    0.001600|
|         977|  -12.090426|  -11.537040|    0.326000|    0.001600|
|         978|  -12.101178|  -11.547644|    0.326000|    0.001600|
|         979|  -12.112121|  -11.558442|    0.326000|    0.001600|
|         980|  -12.123247|  -11.569423|    0.326000|    0.001600|
|         981|  -12.134546|  -11.580582|    0.326000|    0.001600|
|         982|  -12.146004|  -11.591905|    0.326000|    0.001600|
|         983|  -12.157614|  -11.603390|    0.326000|    0.001600|
|         984|  -12.169358|  -11.615018|    0.326000|    0.001600|
|         985|  -12.181224|  -11.626778|    0.326000|    0.001600|
|         986|  -12.193205|  -11.638661|    0.326000|    0.001600|
|         987|  -12.205284|  -11.650654|    0.326000|    0.001600|
|         988|  -12.217449|  -11.662745|    0.326000|    0.001600|
|         989|  -12.229690|  -11.674922|    0.326000|    0.001600|
|         990|  -12.241995|  -11.687178|    0.326000|    0.001600|
|         991|  -12.254357|  -11.699499|    0.326000|    0.001600|
|         992|  -12.266767|  -11.711878|    0.326000|    0.001600|
|         993|  -12.279218|  -11.724307|    0.326000|    0.001600|
|         994|  -12.291704|  -11.736780|    0.326000|    0.001600|
|         995|  -12.304227|  -11.749298|    0.326000|    0.001600|
|         996|  -12.316780|  -11.761852|    0.326000|    0.001600|
|         997|  -12.329369|  -11.774448|    0.326000|    0.001600|
|         998|  -12.341990|  -11.787079|    0.326000|    0.001600|
|         999|  -12.354651|  -11.799754|    0.326000|    0.001600|
|        1000|  -12.367356|  -11.812475|    0.326000|    0.001600|
+-----------------------------------------------------------------------+
|      Convergence Field     |     Value    |   Criterion  |  Converged |
+-----------------------------------------------------------------------+
|                    rms[Rho]|      -12.3674|         < -13|          No|
+-----------------------------------------------------------------------+
+-----------------------------------------------------------------------+
|        File Writing Summary       |              Filename             |
+-----------------------------------------------------------------------+
|SU2 binary restart                 |restart_flow.dat                   |
Writing Flow Meta-Data file: flow.meta
|Paraview                           |flow.vtu                           |
Writing Flow Meta-Data file: flow.meta
|Paraview surface                   |surface_flow.vtu                   |
Writing Flow Meta-Data file: flow.meta
|CSV file                           |surface_flow.csv                   |
Writing Flow Meta-Data file: flow.meta
+-----------------------------------------------------------------------+
+----------------------------------------------------------------+
|  Inner_Iter|    rms[Rho]|   rms[RhoE]|          CL|          CD|
+----------------------------------------------------------------+
|        1001|  -12.380115|  -11.825250|    0.326000|    0.001605|
+-----------------------------------------------------------------------+
|Fixed CL Mode                           |Value                         |
+-----------------------------------------------------------------------+
|Current CL                              |0.326                         |
|Target CL                               |0.326                         |
|Previous AOA                            |0.49998                       |
|Changed AoA by (Finite Difference step) |0.001                         |
+-----------------------------------------------------------------------+
+----------------------------------------------------------------+
|  Inner_Iter|    rms[Rho]|   rms[RhoE]|          CL|          CD|
+----------------------------------------------------------------+
|        1002|   -5.812069|   -5.205355|    0.326000|    0.001605|
|        1003|   -6.109452|   -5.498922|    0.326007|    0.001605|
|        1004|   -6.352482|   -5.758880|    0.326037|    0.001606|
|        1005|   -6.551844|   -5.941147|    0.326081|    0.001606|
|        1006|   -6.715208|   -6.115891|    0.326120|    0.001607|
|        1007|   -6.812789|   -6.214399|    0.326144|    0.001607|
|        1008|   -6.949580|   -6.347906|    0.326150|    0.001607|
|        1009|   -6.978721|   -6.375371|    0.326151|    0.001607|
|        1010|   -7.031919|   -6.426816|    0.326158|    0.001607|
|        1011|   -7.153434|   -6.554080|    0.326168|    0.001607|
|        1012|   -7.232371|   -6.642240|    0.326178|    0.001608|
|        1013|   -7.256877|   -6.665576|    0.326186|    0.001608|
|        1014|   -7.314764|   -6.724005|    0.326194|    0.001608|
|        1015|   -7.391869|   -6.808851|    0.326202|    0.001608|
|        1016|   -7.435344|   -6.859450|    0.326208|    0.001608|
|        1017|   -7.458694|   -6.884675|    0.326214|    0.001608|
|        1018|   -7.480484|   -6.907447|    0.326220|    0.001608|
|        1019|   -7.497194|   -6.926418|    0.326226|    0.001607|
|        1020|   -7.508899|   -6.941304|    0.326232|    0.001607|
|        1021|   -7.518695|   -6.954390|    0.326238|    0.001607|
|        1022|   -7.526236|   -6.964630|    0.326243|    0.001607|
|        1023|   -7.530733|   -6.970951|    0.326248|    0.001607|
|        1024|   -7.533253|   -6.974772|    0.326254|    0.001606|
|        1025|   -7.535272|   -6.977929|    0.326259|    0.001606|
|        1026|   -7.537582|   -6.981247|    0.326264|    0.001606|
|        1027|   -7.540400|   -6.984879|    0.326269|    0.001606|
|        1028|   -7.543671|   -6.988781|    0.326274|    0.001605|
|        1029|   -7.547316|   -6.992956|    0.326278|    0.001605|
|        1030|   -7.551320|   -6.997471|    0.326283|    0.001605|
|        1031|   -7.555642|   -7.002313|    0.326287|    0.001605|
|        1032|   -7.560177|   -7.007349|    0.326292|    0.001605|
|        1033|   -7.564820|   -7.012433|    0.326296|    0.001605|
|        1034|   -7.569513|   -7.017486|    0.326299|    0.001605|
|        1035|   -7.574239|   -7.022490|    0.326303|    0.001605|
|        1036|   -7.579011|   -7.027466|    0.326307|    0.001604|
|        1037|   -7.583858|   -7.032459|    0.326310|    0.001604|
|        1038|   -7.588821|   -7.037523|    0.326313|    0.001604|
|        1039|   -7.593937|   -7.042706|    0.326316|    0.001604|
|        1040|   -7.599249|   -7.048062|    0.326319|    0.001604|
|        1041|   -7.604798|   -7.053633|    0.326322|    0.001604|
|        1042|   -7.610611|   -7.059453|    0.326324|    0.001604|
|        1043|   -7.616711|   -7.065543|    0.326327|    0.001604|
|        1044|   -7.623115|   -7.071925|    0.326329|    0.001604|
|        1045|   -7.629836|   -7.078611|    0.326332|    0.001604|
|        1046|   -7.636885|   -7.085614|    0.326334|    0.001604|
|        1047|   -7.644269|   -7.092939|    0.326336|    0.001604|
|        1048|   -7.651994|   -7.100593|    0.326338|    0.001604|
|        1049|   -7.660060|   -7.108576|    0.326340|    0.001604|
|        1050|   -7.668466|   -7.116886|    0.326342|    0.001604|
|        1051|   -7.677210|   -7.125521|    0.326343|    0.001604|
|        1052|   -7.686287|   -7.134476|    0.326345|    0.001604|
|        1053|   -7.695693|   -7.143751|    0.326347|    0.001604|
|        1054|   -7.705428|   -7.153344|    0.326348|    0.001604|
|        1055|   -7.715486|   -7.163253|    0.326350|    0.001604|
|        1056|   -7.725868|   -7.173480|    0.326351|    0.001604|
|        1057|   -7.736578|   -7.184032|    0.326352|    0.001604|
|        1058|   -7.747617|   -7.194913|    0.326354|    0.001604|
|        1059|   -7.758992|   -7.206130|    0.326355|    0.001604|
|        1060|   -7.770704|   -7.217687|    0.326356|    0.001604|
|        1061|   -7.782749|   -7.229578|    0.326357|    0.001604|
|        1062|   -7.795122|   -7.241800|    0.326358|    0.001604|
|        1063|   -7.807828|   -7.254353|    0.326359|    0.001604|
|        1064|   -7.820861|   -7.267231|    0.326360|    0.001604|
|        1065|   -7.834217|   -7.280426|    0.326361|    0.001604|
|        1066|   -7.847888|   -7.293930|    0.326362|    0.001604|
|        1067|   -7.861875|   -7.307740|    0.326362|    0.001604|
|        1068|   -7.876178|   -7.321858|    0.326363|    0.001604|
|        1069|   -7.890801|   -7.336287|    0.326364|    0.001604|
|        1070|   -7.905749|   -7.351033|    0.326364|    0.001604|
|        1071|   -7.921032|   -7.366107|    0.326365|    0.001604|
|        1072|   -7.936661|   -7.381523|    0.326365|    0.001604|
|        1073|   -7.952649|   -7.397296|    0.326366|    0.001604|
|        1074|   -7.969009|   -7.413440|    0.326366|    0.001604|
|        1075|   -7.985753|   -7.429971|    0.326367|    0.001604|
|        1076|   -8.002893|   -7.446898|    0.326367|    0.001604|
|        1077|   -8.020437|   -7.464231|    0.326368|    0.001604|
|        1078|   -8.038388|   -7.481973|    0.326368|    0.001604|
|        1079|   -8.056750|   -7.500124|    0.326368|    0.001604|
|        1080|   -8.075521|   -7.518682|    0.326368|    0.001604|
|        1081|   -8.094695|   -7.537639|    0.326369|    0.001604|
|        1082|   -8.114266|   -7.556986|    0.326369|    0.001604|
|        1083|   -8.134225|   -7.576714|    0.326369|    0.001604|
|        1084|   -8.154563|   -7.596812|    0.326369|    0.001604|
|        1085|   -8.175269|   -7.617268|    0.326369|    0.001604|
|        1086|   -8.196331|   -7.638071|    0.326370|    0.001604|
|        1087|   -8.217739|   -7.659213|    0.326370|    0.001604|
|        1088|   -8.239483|   -7.680684|    0.326370|    0.001604|
|        1089|   -8.261553|   -7.702476|    0.326370|    0.001604|
|        1090|   -8.283937|   -7.724579|    0.326370|    0.001604|
|        1091|   -8.306624|   -7.746983|    0.326370|    0.001604|
|        1092|   -8.329601|   -7.769676|    0.326370|    0.001604|
|        1093|   -8.352850|   -7.792643|    0.326370|    0.001604|
|        1094|   -8.376354|   -7.815868|    0.326370|    0.001604|
|        1095|   -8.400089|   -7.839328|    0.326370|    0.001604|
|        1096|   -8.424031|   -7.862999|    0.326370|    0.001604|
|        1097|   -8.448148|   -7.886855|    0.326369|    0.001604|
|        1098|   -8.472408|   -7.910863|    0.326369|    0.001604|
|        1099|   -8.496773|   -7.934990|    0.326369|    0.001604|
|        1100|   -8.521200|   -7.959198|    0.326369|    0.001604|
|        1101|   -8.545644|   -7.983447|    0.326369|    0.001604|
|        1102|   -8.570053|   -8.007691|    0.326369|    0.001604|
|        1103|   -8.594372|   -8.031882|    0.326369|    0.001604|
|        1104|   -8.618540|   -8.055966|    0.326369|    0.001604|
|        1105|   -8.642492|   -8.079883|    0.326368|    0.001604|
|        1106|   -8.666158|   -8.103569|    0.326368|    0.001604|
|        1107|   -8.689464|   -8.126954|    0.326368|    0.001604|
|        1108|   -8.712333|   -8.149963|    0.326368|    0.001604|
|        1109|   -8.734689|   -8.172518|    0.326368|    0.001604|
|        1110|   -8.756455|   -8.194542|    0.326367|    0.001604|
|        1111|   -8.777565|   -8.215962|    0.326367|    0.001604|
|        1112|   -8.797957|   -8.236707|    0.326367|    0.001604|
|        1113|   -8.817585|   -8.256723|    0.326367|    0.001604|
|        1114|   -8.836415|   -8.275964|    0.326367|    0.001604|
|        1115|   -8.854432|   -8.294403|    0.326366|    0.001604|
|        1116|   -8.871639|   -8.312031|    0.326366|    0.001604|
|        1117|   -8.888055|   -8.328857|    0.326366|    0.001604|
|        1118|   -8.903713|   -8.344905|    0.326366|    0.001604|
|        1119|   -8.918662|   -8.360215|    0.326366|    0.001604|
|        1120|   -8.932955|   -8.374838|    0.326365|    0.001604|
|        1121|   -8.946653|   -8.388831|    0.326365|    0.001604|
|        1122|   -8.959816|   -8.402257|    0.326365|    0.001604|
|        1123|   -8.972505|   -8.415176|    0.326365|    0.001604|
|        1124|   -8.984773|   -8.427648|    0.326365|    0.001604|
|        1125|   -8.996668|   -8.439724|    0.326364|    0.001604|
|        1126|   -9.008229|   -8.451451|    0.326364|    0.001604|
|        1127|   -9.019487|   -8.462866|    0.326364|    0.001604|
|        1128|   -9.030465|   -8.473997|    0.326364|    0.001604|
|        1129|   -9.041176|   -8.484865|    0.326364|    0.001604|
|        1130|   -9.051630|   -8.495483|    0.326364|    0.001604|
|        1131|   -9.061827|   -8.505856|    0.326364|    0.001604|
|        1132|   -9.071765|   -8.515985|    0.326363|    0.001604|
|        1133|   -9.081440|   -8.525866|    0.326363|    0.001604|
|        1134|   -9.090845|   -8.535494|    0.326363|    0.001604|
|        1135|   -9.099974|   -8.544862|    0.326363|    0.001604|
|        1136|   -9.108825|   -8.553964|    0.326363|    0.001604|
|        1137|   -9.117397|   -8.562797|    0.326363|    0.001604|
|        1138|   -9.125693|   -8.571359|    0.326363|    0.001604|
|        1139|   -9.133722|   -8.579656|    0.326362|    0.001604|
|        1140|   -9.141497|   -8.587694|    0.326362|    0.001604|
|        1141|   -9.149036|   -8.595487|    0.326362|    0.001604|
|        1142|   -9.156360|   -8.603055|    0.326362|    0.001604|
|        1143|   -9.163497|   -8.610418|    0.326362|    0.001604|
|        1144|   -9.170475|   -8.617603|    0.326362|    0.001604|
|        1145|   -9.177326|   -8.624642|    0.326362|    0.001604|
|        1146|   -9.184084|   -8.631565|    0.326362|    0.001604|
|        1147|   -9.190782|   -8.638407|    0.326362|    0.001604|
|        1148|   -9.197457|   -8.645204|    0.326362|    0.001604|
|        1149|   -9.204141|   -8.651989|    0.326361|    0.001604|
|        1150|   -9.210868|   -8.658797|    0.326361|    0.001604|
|        1151|   -9.217669|   -8.665662|    0.326361|    0.001604|
|        1152|   -9.224574|   -8.672614|    0.326361|    0.001604|
|        1153|   -9.231611|   -8.679683|    0.326361|    0.001604|
|        1154|   -9.238804|   -8.686895|    0.326361|    0.001604|
|        1155|   -9.246178|   -8.694275|    0.326361|    0.001604|
|        1156|   -9.253752|   -8.701844|    0.326361|    0.001604|
|        1157|   -9.261545|   -8.709622|    0.326361|    0.001604|
|        1158|   -9.269572|   -8.717624|    0.326361|    0.001604|
|        1159|   -9.277849|   -8.725865|    0.326361|    0.001604|
|        1160|   -9.286387|   -8.734357|    0.326361|    0.001604|
|        1161|   -9.295196|   -8.743112|    0.326361|    0.001604|
|        1162|   -9.304285|   -8.752136|    0.326361|    0.001604|
|        1163|   -9.313661|   -8.761438|    0.326360|    0.001604|
|        1164|   -9.323331|   -8.771023|    0.326360|    0.001604|
|        1165|   -9.333299|   -8.780895|    0.326360|    0.001604|
|        1166|   -9.343568|   -8.791058|    0.326360|    0.001604|
|        1167|   -9.354141|   -8.801515|    0.326360|    0.001604|
|        1168|   -9.365018|   -8.812265|    0.326360|    0.001604|
|        1169|   -9.376200|   -8.823310|    0.326360|    0.001604|
|        1170|   -9.387686|   -8.834650|    0.326360|    0.001604|
|        1171|   -9.399475|   -8.846282|    0.326360|    0.001604|
|        1172|   -9.411561|   -8.858205|    0.326360|    0.001604|
|        1173|   -9.423943|   -8.870414|    0.326360|    0.001604|
|        1174|   -9.436614|   -8.882907|    0.326360|    0.001604|
|        1175|   -9.449568|   -8.895679|    0.326360|    0.001604|
|        1176|   -9.462798|   -8.908722|    0.326360|    0.001604|
|        1177|   -9.476297|   -8.922031|    0.326360|    0.001604|
|        1178|   -9.490053|   -8.935598|    0.326360|    0.001604|
|        1179|   -9.504058|   -8.949414|    0.326360|    0.001604|
|        1180|   -9.518301|   -8.963469|    0.326360|    0.001604|
|        1181|   -9.532768|   -8.977753|    0.326360|    0.001604|
|        1182|   -9.547448|   -8.992255|    0.326360|    0.001604|
|        1183|   -9.562326|   -9.006962|    0.326360|    0.001604|
|        1184|   -9.577389|   -9.021861|    0.326360|    0.001604|
|        1185|   -9.592622|   -9.036940|    0.326360|    0.001604|
|        1186|   -9.608009|   -9.052182|    0.326360|    0.001604|
|        1187|   -9.623535|   -9.067575|    0.326360|    0.001604|
|        1188|   -9.639185|   -9.083103|    0.326360|    0.001604|
|        1189|   -9.654944|   -9.098752|    0.326360|    0.001604|
|        1190|   -9.670796|   -9.114507|    0.326360|    0.001604|
|        1191|   -9.686728|   -9.130353|    0.326360|    0.001604|
|        1192|   -9.702725|   -9.146277|    0.326360|    0.001604|
|        1193|   -9.718775|   -9.162266|    0.326360|    0.001604|
|        1194|   -9.734867|   -9.178308|    0.326360|    0.001604|
|        1195|   -9.750991|   -9.194393|    0.326360|    0.001604|
|        1196|   -9.767139|   -9.210512|    0.326360|    0.001604|
|        1197|   -9.783304|   -9.226658|    0.326360|    0.001604|
|        1198|   -9.799482|   -9.242824|    0.326360|    0.001604|
|        1199|   -9.815671|   -9.259009|    0.326360|    0.001604|
|        1200|   -9.831871|   -9.275210|    0.326360|    0.001604|
|        1201|   -9.848083|   -9.291428|    0.326360|    0.001604|
|        1202|   -9.864312|   -9.307667|    0.326360|    0.001604|
|        1203|   -9.880564|   -9.323931|    0.326359|    0.001604|
|        1204|   -9.896849|   -9.340228|    0.326359|    0.001604|
|        1205|   -9.913175|   -9.356566|    0.326359|    0.001604|
|        1206|   -9.929555|   -9.372956|    0.326359|    0.001604|
|        1207|   -9.946003|   -9.389411|    0.326359|    0.001604|
|        1208|   -9.962532|   -9.405943|    0.326359|    0.001604|
|        1209|   -9.979159|   -9.422568|    0.326359|    0.001604|
|        1210|   -9.995899|   -9.439300|    0.326359|    0.001604|
|        1211|  -10.012770|   -9.456155|    0.326359|    0.001604|
|        1212|  -10.029787|   -9.473149|    0.326359|    0.001604|
|        1213|  -10.046967|   -9.490297|    0.326359|    0.001604|
|        1214|  -10.064326|   -9.507615|    0.326359|    0.001604|
|        1215|  -10.081880|   -9.525117|    0.326359|    0.001604|
|        1216|  -10.099643|   -9.542817|    0.326359|    0.001604|
|        1217|  -10.117629|   -9.560730|    0.326359|    0.001604|
|        1218|  -10.135852|   -9.578867|    0.326359|    0.001604|
|        1219|  -10.154323|   -9.597240|    0.326359|    0.001604|
|        1220|  -10.173053|   -9.615862|    0.326359|    0.001604|
|        1221|  -10.192054|   -9.634742|    0.326359|    0.001604|
|        1222|  -10.211333|   -9.653888|    0.326359|    0.001604|
|        1223|  -10.230897|   -9.673307|    0.326359|    0.001604|
|        1224|  -10.250751|   -9.693003|    0.326359|    0.001604|
|        1225|  -10.270895|   -9.712979|    0.326360|    0.001604|
|        1226|  -10.291330|   -9.733234|    0.326360|    0.001604|
|        1227|  -10.312053|   -9.753764|    0.326360|    0.001604|
|        1228|  -10.333056|   -9.774565|    0.326360|    0.001604|
|        1229|  -10.354332|   -9.795628|    0.326360|    0.001604|
|        1230|  -10.375868|   -9.816943|    0.326360|    0.001604|
|        1231|  -10.397651|   -9.838496|    0.326360|    0.001604|
|        1232|  -10.419661|   -9.860270|    0.326360|    0.001604|
|        1233|  -10.441877|   -9.882245|    0.326360|    0.001604|
|        1234|  -10.464273|   -9.904398|    0.326360|    0.001604|
|        1235|  -10.486818|   -9.926700|    0.326360|    0.001604|
|        1236|  -10.509479|   -9.949119|    0.326360|    0.001604|
|        1237|  -10.532213|   -9.971619|    0.326360|    0.001604|
|        1238|  -10.554975|   -9.994157|    0.326360|    0.001604|
|        1239|  -10.577713|  -10.016685|    0.326360|    0.001604|
|        1240|  -10.600367|  -10.039151|    0.326360|    0.001604|
|        1241|  -10.622872|  -10.061494|    0.326360|    0.001604|
|        1242|  -10.645158|  -10.083650|    0.326360|    0.001604|
|        1243|  -10.667146|  -10.105549|    0.326360|    0.001604|
|        1244|  -10.688756|  -10.127117|    0.326360|    0.001604|
|        1245|  -10.709903|  -10.148274|    0.326360|    0.001604|
|        1246|  -10.730501|  -10.168941|    0.326360|    0.001604|
|        1247|  -10.750466|  -10.189038|    0.326360|    0.001604|
|        1248|  -10.769715|  -10.208486|    0.326360|    0.001604|
|        1249|  -10.788175|  -10.227211|    0.326360|    0.001598|
+-----------------------------------------------------------------------+
|Fixed CL Mode (Finite Difference)       |Value                         |
+-----------------------------------------------------------------------+
|Delta CL / Delta AoA                    |0.359936                      |
|Delta CD / Delta CL                     |0.0117089                     |
|Delta CMz / Delta CL                    |0.0956974                     |
+-----------------------------------------------------------------------+
Writing Flow Meta-Data file: flow.meta

----------------------------- Solver Exit -------------------------------

Maximum number of iterations reached (ITER = 1250) before convergence.
+-----------------------------------------------------------------------+
|      Convergence Field     |     Value    |   Criterion  |  Converged |
+-----------------------------------------------------------------------+
|                    rms[Rho]|      -10.7882|         < -13|          No|
+-----------------------------------------------------------------------+
-------------------------------------------------------------------------

--------------------------- Finalizing Solver ---------------------------
Deleted CNumerics container.
Deleted CIntegration container.
Deleted CSolver container.
Deleted CIteration container.
Deleted CInterface container.
Deleted CGeometry container.
Deleted CFreeFormDefBox class.
Deleted CSurfaceMovement class.
Deleted CVolumetricMovement class.
Deleted CConfig container.
Deleted nInst container.
Deleted COutput class.
-------------------------------------------------------------------------

------------------------- Exit Success (SU2_CFD) ------------------------

