"Time_Iter","Outer_Iter","Inner_Iter",    "rms[Rho]"    ,    "rms[RhoU]"   ,    "rms[RhoV]"   ,    "rms[RhoE]"   ,    "RefForce"    ,       "CD"       ,       "CL"       ,       "CSF"      ,       "CMx"      ,       "CMy"      ,       "CMz"      ,       "CFx"      ,       "CFy"      ,       "CFz"      ,      "CEff"      
          0,           0,           0,      -4.167933924,      -4.070213823,      -4.896685254,      -3.571552515,             0.448,    0.001893565657,      0.2255241696,                 0,                 0,                 0,    -0.03657768192,   -0.003026668792,      0.2255118089,                 0,        119.100264
          0,           0,           1,      -4.448764555,      -4.301164907,       -4.29101615,      -3.849313959,             0.448,   0.0008616738142,      0.2098827362,                 0,                 0,                 0,    -0.01610088145,   -0.003717099001,      0.2098515871,                 0,       243.5756231
          0,           0,           2,      -4.380082413,      -4.321595881,      -4.445044565,      -3.799115588,             0.448,    0.000329078888,      0.1852174986,                 0,                 0,                 0,     -0.0217417227,   -0.003711497863,      0.1851806007,                 0,       562.8361629
          0,           0,           3,      -4.372627199,      -4.391873718,      -4.397796897,      -3.789768131,             0.448,  -0.0002732846898,       0.189387182,                 0,                 0,                 0,     -0.0310161931,   -0.004404679258,      0.1893361513,                 0,      -693.0032638
          0,           0,           4,      -4.321350488,      -4.358631408,      -4.385082331,      -3.741536148,             0.448,   0.0002622350089,      0.1826669669,                 0,                 0,                 0,    -0.03394657791,   -0.003722686279,      0.1826292178,                 0,       696.5773476
          0,           0,           5,      -4.311036102,      -4.441096477,      -4.423167569,      -3.743554167,             0.448,   0.0001945123294,      0.1627684173,                 0,                 0,                 0,    -0.03960929607,    -0.00335630827,      0.1627339261,                 0,       836.8025707
          0,           0,           6,      -4.278890297,      -4.501073876,      -4.464527712,      -3.716040194,             0.448,   0.0004489324159,      0.1510460989,                 0,                 0,                 0,     -0.0427817625,     -0.0028462277,      0.1510199474,                 0,       336.4562093
          0,           0,           7,      -4.251277371,      -4.457763485,      -4.446724688,      -3.688154106,             0.448,   0.0006589300748,      0.1410394515,                 0,                 0,                 0,    -0.04528909493,   -0.002417986152,      0.1410202624,                 0,       214.0431236
          0,           0,           8,      -4.238714103,       -4.45285139,      -4.449693574,      -3.677365999,             0.448,   0.0007918052711,      0.1290424476,                 0,                 0,                 0,    -0.04827430756,   -0.002023429317,      0.1290290122,                 0,       162.9724534
          0,           0,           9,      -4.233385937,      -4.507640542,      -4.484293108,      -3.674827042,             0.448,    0.001052783389,      0.1175283524,                 0,                 0,                 0,     -0.0505375128,    -0.00151133464,      0.1175233501,                 0,       111.6358347
          0,           0,          10,      -4.226870351,      -4.541724647,      -4.514943137,      -3.669704261,             0.448,    0.001372400362,      0.1070294727,                 0,                 0,                 0,    -0.05202767127,  -0.0009627618737,      0.1070339413,                 0,       77.98706241
          0,           0,          11,       -4.22368031,      -4.543178067,       -4.52119193,      -3.667433101,             0.448,    0.001735062623,     0.09741728584,                 0,                 0,                 0,    -0.05285791108,  -0.0003904971656,     0.09743195335,                 0,         56.146265
          0,           0,          12,       -4.22484208,      -4.542845127,       -4.53069454,      -3.669555145,             0.448,    0.002155955939,     0.08842937744,                 0,                 0,                 0,    -0.05318206089,   0.0002263661769,     0.08845536558,                 0,       41.01631942
          0,           0,          13,      -4.228263025,      -4.548597987,      -4.553175662,      -3.673698895,             0.448,    0.002613522129,     0.07984828007,                 0,                 0,                 0,    -0.05316492796,   0.0008710191316,     0.07988629203,                 0,       30.55198163
          0,           0,          14,      -4.233641022,      -4.562548926,      -4.577123102,      -3.679596634,             0.448,    0.003092559697,     0.07179210915,                 0,                 0,                 0,    -0.05279584188,    0.001525687144,     0.07184248841,                 0,       23.21446186
          0,           0,          15,      -4.241404406,      -4.583800401,      -4.595966552,      -3.687772645,             0.448,    0.003596898639,     0.06450099286,                 0,                 0,                 0,     -0.0520189695,    0.002188960931,      0.0645641093,                 0,       17.93239102
          0,           0,          16,      -4.252457019,      -4.608994864,      -4.611110797,      -3.699286241,             0.448,    0.004125570253,     0.05801106382,                 0,                 0,                 0,    -0.05088304067,    0.002859083791,     0.05808725759,                 0,       14.06134431
          0,           0,          17,      -4.266168983,      -4.635544579,      -4.625421364,      -3.713474583,             0.448,    0.004663884608,     0.05223858073,                 0,                 0,                 0,    -0.04948680444,    0.003523196097,     0.05232789147,                 0,       11.20065892
          0,           0,          18,       -4.28081649,      -4.661627812,      -4.641202113,        -3.7285066,             0.448,    0.005190256849,     0.04708856528,                 0,                 0,                 0,    -0.04791477166,    0.004161790071,     0.04719058433,                 0,       9.072492296
          0,           0,          19,      -4.294556649,        -4.6853364,      -4.659102062,      -3.742420058,             0.448,    0.005687537583,     0.04249480069,                 0,                 0,                 0,    -0.04622223427,    0.004759164912,     0.04260876106,                 0,       7.471563936
          0,           0,          20,      -4.305815423,      -4.705211944,        -4.6773565,      -3.753696931,             0.448,    0.006147002169,     0.03843110056,                 0,                 0,                 0,    -0.04444134174,    0.005307169308,     0.03855605114,                 0,       6.252006995
          0,           0,          21,      -4.314249705,      -4.721027478,      -4.693162889,      -3.762167142,             0.448,    0.006562950638,     0.03488409422,                 0,                 0,                 0,    -0.04259975275,    0.005800396328,     0.03501896277,                 0,       5.315306506
          0,           0,          22,      -4.320760032,      -4.733285614,      -4.704388459,      -3.768887423,             0.448,    0.006929648262,     0.03184234007,                 0,                 0,                 0,    -0.04072477883,    0.006233362205,     0.03198593193,                 0,       4.595087495
          0,           0,          23,      -4.326170307,      -4.742488308,      -4.709968644,      -3.774659806,             0.448,    0.007242609167,     0.02929376635,                 0,                 0,                 0,    -0.03883888772,    0.006601845477,     0.02944479191,                 0,       4.044642707
          0,           0,          24,      -4.331062563,      -4.748889597,      -4.709384676,      -3.779868051,             0.448,     0.00749908193,      0.0272069541,                 0,                 0,                 0,    -0.03696421119,    0.006903780776,     0.02736407119,                 0,       3.628037985
          0,           0,          25,      -4.334087075,      -4.752095377,      -4.703072498,      -3.782858701,             0.448,    0.007697294915,     0.02552110341,                 0,                 0,                 0,    -0.03512902782,    0.007138723231,     0.02568294568,                 0,       3.315593815
          0,           0,          26,      -4.333796147,      -4.752063595,      -4.693453709,      -3.781977441,             0.448,    0.007836477824,     0.02417501487,                 0,                 0,                 0,    -0.03336327158,    0.007307237784,     0.02434021374,                 0,       3.084933744
          0,           0,          27,       -4.33021227,      -4.749418988,       -4.68411178,      -3.777296842,             0.448,    0.007915752394,     0.02310914564,                 0,                 0,                 0,    -0.03170036193,    0.007409745304,     0.02327632752,                 0,       2.919387128
          0,           0,          28,      -4.324009498,       -4.74568893,      -4.678454543,      -3.769899606,             0.448,    0.007933798686,     0.02227982486,                 0,                 0,                 0,    -0.03017644751,    0.007445878839,     0.02244759777,                 0,       2.808216561
          0,           0,          29,      -4.317622031,      -4.743431775,      -4.677331191,      -3.762661938,             0.448,     0.00788970511,     0.02166397607,                 0,                 0,                 0,    -0.02882634913,    0.007415230426,     0.02183093364,                 0,       2.745853712
          0,           0,          30,      -4.313983495,      -4.745780514,      -4.680310018,      -3.758685187,             0.448,    0.007783566173,     0.02120606726,                 0,                 0,                 0,     -0.0276874131,    0.007319105976,     0.02137081839,                 0,       2.724466753
          0,           0,          31,      -4.313754779,      -4.753758274,      -4.687605297,      -3.758799939,             0.448,    0.007618572844,     0.02088060133,                 0,                 0,                 0,    -0.02678101636,    0.007161251912,     0.02104183061,                 0,       2.740749713
          0,           0,          32,      -4.316851736,      -4.768237418,      -4.700856896,      -3.762843776,             0.448,    0.007401035304,     0.02067140067,                 0,                 0,                 0,    -0.02611066485,    0.006948329829,     0.02082793417,                 0,        2.79304176
          0,           0,          33,       -4.32270341,       -4.78756582,         -4.720757,      -3.769968079,             0.448,    0.007135893946,     0.02059977759,                 0,                 0,                 0,    -0.02567869091,    0.006684814016,      0.0207505441,                 0,       2.886783036
          0,           0,          34,      -4.331693457,         -4.808366,      -4.744000807,      -3.780299561,             0.448,    0.006831185635,     0.02063677259,                 0,                 0,                 0,      -0.025478923,    0.006379371176,     0.02078088313,                 0,       3.020964982
          0,           0,          35,      -4.344410371,      -4.827530308,      -4.764628711,      -3.794151597,             0.448,    0.006496145307,      0.0207482103,                 0,                 0,                 0,    -0.02550192164,    0.006041979578,     0.02088498545,                 0,       3.193926447
          0,           0,          36,      -4.359512877,      -4.844207958,      -4.780507542,      -3.809753569,             0.448,    0.006145214012,     0.02081313391,                 0,                 0,                 0,    -0.02571544362,    0.005689715494,     0.02094223809,                 0,       3.386885123
          0,           0,          37,      -4.376203771,      -4.859799287,      -4.791016475,       -3.82635596,             0.448,     0.00579252383,     0.02070098295,                 0,                 0,                 0,     -0.0260796937,    0.005339555803,     0.02082241992,                 0,       3.573741525
          0,           0,          38,      -4.395373734,      -4.875900341,      -4.797019128,      -3.845458522,             0.448,     0.00544726824,     0.02036882472,                 0,                 0,                 0,    -0.02655818546,    0.005001628368,     0.02048280902,                 0,       3.739273306
          0,           0,          39,      -4.415710857,      -4.894136623,      -4.802441772,       -3.86563527,             0.448,    0.005113955674,      0.0198562537,                 0,                 0,                 0,    -0.02712688842,      0.0046795768,     0.01996308881,                 0,       3.882758273
          0,           0,          40,      -4.434419019,      -4.915572083,      -4.811014731,      -3.883659603,             0.448,    0.004794718443,     0.01926661989,                 0,                 0,                 0,    -0.02777833689,    0.004373278332,     0.01936663119,                 0,       4.018300577
          0,           0,          41,      -4.450054098,      -4.939599593,      -4.824486361,      -3.898370642,             0.448,    0.004494738602,     0.01860605867,                 0,                 0,                 0,     -0.0285005489,    0.004087779945,     0.01869968313,                 0,       4.139519628
          0,           0,          42,      -4.464457494,      -4.962034741,      -4.842571856,      -3.912303033,             0.448,    0.004217538522,     0.01790121225,                 0,                 0,                 0,    -0.02928305867,    0.003826021975,     0.01798895737,                 0,       4.244469175
          0,           0,          43,      -4.478463717,      -4.978417203,      -4.863025156,        -3.9264405,             0.448,    0.003967901767,     0.01720012764,                 0,                 0,                 0,      -0.030102636,    0.003591738707,      0.0172825938,                 0,       4.334816902
          0,           0,          44,      -4.492678639,      -4.990127352,      -4.884779795,      -3.941052467,             0.448,    0.003748710287,      0.0164499108,                 0,                 0,                 0,    -0.03093955167,    0.003388965283,     0.01652777385,                 0,       4.388152067
          0,           0,          45,      -4.508026069,      -5.001350559,      -4.908176112,      -3.956758859,             0.448,    0.003558490466,     0.01558364365,                 0,                 0,                 0,    -0.03178737425,    0.003217688247,     0.01565756323,                 0,       4.379284924
          0,           0,          46,      -4.524854011,      -5.013937702,      -4.932698193,      -3.973713619,             0.448,     0.00339865604,     0.01459612889,                 0,                 0,                 0,    -0.03263014723,    0.003079434378,     0.01466679669,                 0,       4.294676695
          0,           0,          47,      -4.543932225,      -5.026447854,      -4.956786542,      -3.992711494,             0.448,     0.00327007502,      0.0135129987,                 0,                 0,                 0,    -0.03345573497,    0.002974512318,     0.01358111928,                 0,       4.132320701
          0,           0,          48,      -4.564451299,      -5.037303161,      -4.978414955,      -4.012953981,             0.448,    0.003175934029,      0.0123819105,                 0,                 0,                 0,    -0.03424082707,    0.002905068288,     0.01244824658,                 0,       3.898667413
          0,           0,          49,      -4.586062109,      -5.047196797,      -4.997578376,      -4.034200606,             0.448,    0.003117599608,     0.01122935557,                 0,                 0,                 0,    -0.03496769176,    0.002871890603,     0.01129469336,                 0,       3.601923589
          0,           0,          50,      -4.607478478,      -5.057726113,      -5.015271399,       -4.05513897,             0.448,    0.003091611455,      0.0100741583,                 0,                 0,                 0,    -0.03563182955,     0.00287110913,     0.01013920408,                 0,       3.258546053
          0,           0,          51,      -4.628410705,      -5.070033934,      -5.032099522,      -4.075739527,             0.448,    0.003092382481,    0.008921346874,                 0,                 0,                 0,    -0.03624002826,    0.002897028421,    0.008986683803,                 0,       2.884942897
          0,           0,          52,      -4.649666793,      -5.084789048,       -5.04879669,      -4.096963693,             0.448,     0.00311700642,    0.007765520557,                 0,                 0,                 0,    -0.03679263353,    0.002946860719,     0.00783166971,                 0,       2.491339288
          0,           0,          53,      -4.671462559,      -5.101294281,      -5.066215138,      -4.118974109,             0.448,    0.003164908684,    0.006630499228,                 0,                 0,                 0,    -0.03727957686,    0.003019511943,    0.006697963468,                 0,       2.095004908
          0,           0,          54,      -4.694083916,      -5.118653644,      -5.084431742,      -4.142043508,             0.448,    0.003234381098,    0.005539186334,                 0,                 0,                 0,    -0.03769369973,     0.00311277469,    0.005608425809,                 0,       1.712595445
          0,           0,          55,      -4.717391133,      -5.136664809,      -5.102941957,      -4.165961664,             0.448,    0.003321626249,    0.004495509569,                 0,                 0,                 0,     -0.0380333318,    0.003222766768,    0.004566900654,                 0,       1.353406203
          0,           0,          56,      -4.740779408,      -5.155719988,      -5.121458137,      -4.190031473,             0.448,    0.003421874981,    0.003484059411,                 0,                 0,                 0,    -0.03830355082,    0.003345056312,    0.003557878108,                 0,       1.018172619
          0,           0,          57,      -4.763314072,      -5.176476387,      -5.140621683,      -4.213184358,             0.448,    0.003532017952,    0.002505871104,                 0,                 0,                 0,    -0.03850590288,    0.003476512137,     0.00258232534,                 0,       0.709472924
          0,           0,          58,      -4.784045649,      -5.199414813,      -5.161120701,      -4.234362164,             0.448,    0.003648604178,    0.001567684151,                 0,                 0,                 0,    -0.03864517636,    0.003613537059,    0.001646904966,                 0,      0.4296668192
          0,           0,          59,      -4.802345504,       -5.22455261,      -5.182927151,      -4.252898561,             0.448,    0.003768481568,    0.000669684707,                 0,                 0,                 0,    -0.03872644658,    0.003752975677,   0.0007517343323,                 0,      0.1777067752
          0,           0,          60,      -4.817848952,      -5.251459632,      -5.205553075,      -4.268424879,             0.448,    0.003888978826,   -0.000178563032,                 0,                 0,                 0,    -0.03875407299,    0.003891948687,  -9.368291283e-05,                 0,    -0.04591514636
          0,           0,          61,      -4.830776992,      -5.279406048,      -5.228386755,      -4.281214598,             0.448,    0.004007276835,  -0.0009758496134,                 0,                 0,                 0,    -0.03873435623,    0.004027611258,  -0.0008881991042,                 0,     -0.2435193908
          0,           0,          62,      -4.841813531,      -5.307314585,      -5.250652129,      -4.291960737,             0.448,    0.004121232168,   -0.001721365498,                 0,                 0,                 0,     -0.0386722196,    0.004157802817,   -0.001631051654,                 0,     -0.4176822435
          0,           0,          63,      -4.851803463,       -5.33394065,      -5.272074644,      -4.301473791,             0.448,    0.004229124634,   -0.002410540872,                 0,                 0,                 0,     -0.0385717491,    0.004280703888,   -0.002317709361,                 0,     -0.5699857726
          0,           0,          64,      -4.861603164,      -5.357946142,       -5.29283367,      -4.310615719,             0.448,    0.004329553941,   -0.003044542353,                 0,                 0,                 0,    -0.03843539947,    0.004394939966,   -0.002949369113,                 0,     -0.7032000051
          0,           0,          65,      -4.872025709,      -5.378343727,      -5.313159066,      -4.320234011,             0.448,    0.004420860918,   -0.003615328924,                 0,                 0,                 0,    -0.03826935998,    0.004498676858,   -0.003518028001,                 0,     -0.8177884333
          0,           0,          66,      -4.883853333,      -5.396110074,      -5.333297975,       -4.33110313,             0.448,    0.004502224015,   -0.004132896512,                 0,                 0,                 0,    -0.03807732913,     0.00459131127,   -0.004033697496,                 0,     -0.9179677641
          0,           0,          67,      -4.897408224,      -5.411647588,      -5.353366309,      -4.343613791,             0.448,    0.004572338112,   -0.004593905709,                 0,                 0,                 0,    -0.03786465592,    0.004671465544,   -0.004493067453,                 0,      -1.004716973
          0,           0,          68,      -4.913014745,      -5.425879174,      -5.373709488,      -4.358173914,             0.448,    0.004629942053,   -0.004988387046,                 0,                 0,                 0,    -0.03763849902,    0.004737661342,   -0.004886198292,                 0,      -1.077418894
          0,           0,          69,      -4.931051211,      -5.438173164,      -5.394542648,      -4.375236467,             0.448,    0.004674620801,   -0.005319288017,                 0,                 0,                 0,     -0.0374037281,    0.004789548024,   -0.005216045855,                 0,      -1.137907917
          0,           0,          70,      -4.951678223,      -5.449692813,      -5.416204189,      -4.394977977,             0.448,    0.004706370213,   -0.005584783483,                 0,                 0,                 0,    -0.03716513988,    0.004827081634,   -0.005480785531,                 0,      -1.186643471
          0,           0,          71,       -4.97474476,      -5.460895475,      -5.438550539,      -4.417333628,             0.448,    0.004725138073,   -0.005784058432,                 0,                 0,                 0,    -0.03692818174,    0.004850192188,   -0.005679603639,                 0,       -1.22410358
          0,           0,          72,      -4.999921235,      -5.473037273,      -5.460957587,      -4.442017109,             0.448,    0.004731301584,   -0.005921504395,                 0,                 0,                 0,    -0.03669858386,      0.0048593526,   -0.005816882437,                 0,      -1.251559278
          0,           0,          73,      -5.026089354,      -5.485632345,      -5.482682496,      -4.467941472,             0.448,    0.004725311806,    -0.00599987745,                 0,                 0,                 0,    -0.03648217572,    0.004855073947,   -0.005895367508,                 0,      -1.269731543
          0,           0,          74,      -5.052102701,       -5.49857047,      -5.502816442,      -4.494011233,             0.448,    0.004707921269,   -0.006022543137,                 0,                 0,                 0,    -0.03628406268,    0.004838181998,   -0.005918407174,                 0,      -1.279236162
          0,           0,          75,      -5.076864591,      -5.511739546,      -5.520644649,      -4.519164096,             0.448,    0.004680502367,   -0.006006005869,                 0,                 0,                 0,    -0.03610744276,    0.004810408862,   -0.005902471982,                 0,      -1.283196845
          0,           0,          76,      -5.099182139,      -5.525394414,      -5.535682632,      -4.542209254,             0.448,    0.004644316337,    -0.00595890184,                 0,                 0,                 0,    -0.03595514764,    0.004773203874,   -0.005856168556,                 0,      -1.283052533
          0,           0,          77,      -5.117529996,      -5.540063483,      -5.547706064,      -4.561530099,             0.448,    0.004600791235,   -0.005890458333,                 0,                 0,                 0,    -0.03582887605,    0.004728196043,   -0.005788690831,                 0,      -1.280314196
          0,           0,          78,       -5.13108692,      -5.556032778,      -5.557061095,      -4.576186032,             0.448,    0.004551359476,   -0.005810613083,                 0,                 0,                 0,    -0.03572981091,    0.004677034232,    -0.00570994293,                 0,      -1.276676367
          0,           0,          79,      -5.139701602,      -5.573555505,      -5.564417161,      -4.585856309,             0.448,    0.004497336599,   -0.005724008215,                 0,                 0,                 0,    -0.03565813308,    0.004621134936,   -0.005624537175,                 0,      -1.272755127
          0,           0,          80,      -5.144065999,      -5.592712452,      -5.570404228,      -4.591115079,             0.448,    0.004440122813,   -0.005635272974,                 0,                 0,                 0,    -0.03561336395,    0.004561999016,   -0.005537071163,                 0,      -1.269170519
          0,           0,          81,      -5.145405244,      -5.613484049,      -5.575565853,      -4.593117089,             0.448,    0.004381076547,   -0.005550557418,                 0,                 0,                 0,    -0.03559414172,    0.004501118742,   -0.005453663854,                 0,      -1.266939155
          0,           0,          82,      -5.145020862,      -5.635740575,       -5.58071442,      -4.593129765,             0.448,     0.00432150861,   -0.005475411538,                 0,                 0,                 0,    -0.03559830817,    0.004439925681,   -0.005379835324,                 0,      -1.267013914
          0,           0,          83,      -5.144189927,      -5.659226827,      -5.586814947,      -4.592448603,             0.448,    0.004262616237,   -0.005414947935,                 0,                 0,                 0,    -0.03562319972,    0.004379728316,   -0.005320670841,                 0,      -1.270334375
          0,           0,          84,       -5.14363409,      -5.683530019,      -5.594630521,      -4.591812586,             0.448,    0.004205424363,    -0.00536969194,                 0,                 0,                 0,    -0.03566647328,    0.004321562798,   -0.005276673249,                 0,      -1.276849011
          0,           0,          85,      -5.144204696,      -5.708339029,      -5.603805927,      -4.592217734,             0.448,    0.004150642766,   -0.005338615675,                 0,                 0,                 0,    -0.03572646969,    0.004266116313,   -0.005246799434,                 0,      -1.286214202
          0,           0,          86,      -5.146689882,      -5.732816943,      -5.614352451,      -4.594470032,             0.448,    0.004099329015,   -0.005324074817,                 0,                 0,                 0,    -0.03579960429,    0.004214497566,    -0.00523338144,                 0,      -1.298767383
          0,           0,          87,      -5.151823752,      -5.755659909,      -5.626850084,      -4.599303553,             0.448,    0.004052297477,    -0.00532409886,                 0,                 0,                 0,    -0.03588301694,    0.004167477744,   -0.005234431465,                 0,      -1.313846994
          0,           0,          88,      -5.159541181,      -5.775644468,      -5.641343175,      -4.606665271,             0.448,    0.004010124758,    -0.00533762588,                 0,                 0,                 0,    -0.03597444413,    0.004125610152,   -0.005248875259,                 0,      -1.331037362
          0,           0,          89,      -5.169825391,      -5.792220775,       -5.65817865,      -4.616562781,             0.448,    0.003973099614,   -0.005364610222,                 0,                 0,                 0,     -0.0360720852,    0.004089182479,   -0.005276660879,                 0,      -1.350233003
          0,           0,          90,      -5.182797293,      -5.805699888,       -5.67721568,      -4.629124346,             0.448,    0.003941552548,    -0.00540223111,                 0,                 0,                 0,    -0.03617316969,    0.004058463616,   -0.005314961009,                 0,      -1.370584571
          0,           0,          91,      -5.198563652,        -5.8168042,      -5.698447085,      -4.644461005,             0.448,    0.003915707394,   -0.005447123228,                 0,                 0,                 0,    -0.03627489921,    0.004033603929,   -0.005360406253,                 0,      -1.391095575
          0,           0,          92,      -5.217195189,      -5.826128602,        -5.7221311,      -4.662674316,             0.448,    0.003895721344,   -0.005500035353,                 0,                 0,                 0,    -0.03637505944,    0.004014776906,   -0.005413741781,                 0,      -1.411814365
          0,           0,          93,      -5.238374474,      -5.834654259,       -5.74820448,      -4.683461002,             0.448,    0.003881673328,   -0.005559492831,                 0,                 0,                 0,    -0.03647141913,    0.004002029291,   -0.005473491565,                 0,      -1.432241294
          0,           0,          94,      -5.261844533,      -5.843382641,      -5.775888567,      -4.706608692,             0.448,    0.003873375286,   -0.005623945022,                 0,                 0,                 0,     -0.0365624343,    0.003995139241,   -0.005538109439,                 0,      -1.451949426
          0,           0,          95,       -5.28734699,       -5.85271931,      -5.804388295,      -4.731895974,             0.448,    0.003870681751,   -0.005693346942,                 0,                 0,                 0,    -0.03664611863,    0.003993960342,   -0.005607553602,                 0,      -1.470889964
          0,           0,          96,      -5.314597863,      -5.863425266,      -5.832214194,      -4.759014967,             0.448,    0.003873397892,    -0.00576524839,                 0,                 0,                 0,    -0.03672018567,    0.003998244359,   -0.005679378687,                 0,       -1.48842142
          0,           0,          97,      -5.343956377,       -5.87571945,      -5.858186363,      -4.788398658,             0.448,    0.003880989793,   -0.005837451506,                 0,                 0,                 0,    -0.03678371815,    0.004007409556,   -0.005751399005,                 0,       -1.50411411
          0,           0,          98,      -5.374359741,       -5.88939951,      -5.881180924,      -4.818965944,             0.448,    0.003892655462,    -0.00591138656,                 0,                 0,                 0,    -0.03683736743,    0.004020685333,   -0.005825061979,                 0,      -1.518599994
          0,           0,          99,      -5.404706643,       -5.90522776,      -5.901276811,      -4.849596096,             0.448,    0.003907990099,   -0.005983952285,                 0,                 0,                 0,    -0.03687949019,    0.004037599334,   -0.005897275911,                 0,      -1.531209684
          0,           0,         100,      -5.434321423,      -5.924177869,      -5.918571552,      -4.879630896,             0.448,    0.003926273654,   -0.006053794246,                 0,                 0,                 0,    -0.03691005449,    0.004057402132,   -0.005966702398,                 0,      -1.541867628
          0,           0,         101,      -5.462222933,      -5.946270372,      -5.933360961,      -4.908075001,             0.448,    0.003946752725,   -0.006118659517,                 0,                 0,                 0,    -0.03692957283,    0.004079291359,   -0.006031105485,                 0,      -1.550302221
          0,           0,         102,      -5.487642505,      -5.970672817,      -5.946037645,      -4.934150701,             0.448,    0.003968816579,   -0.006176494305,                 0,                 0,                 0,    -0.03693841426,    0.004102611621,    -0.00608844519,                 0,      -1.556255922
          0,           0,         103,      -5.510136692,      -5.996560382,      -5.957282094,      -4.957387914,             0.448,    0.003991772613,   -0.006227389933,                 0,                 0,                 0,    -0.03693757121,    0.004126672474,   -0.006138827922,                 0,       -1.56005628
          0,           0,         104,      -5.529421374,      -6.023444424,      -5.967979722,      -4.977428813,             0.448,    0.004015157488,   -0.006270519174,                 0,                 0,                 0,    -0.03692745616,    0.004150992644,   -0.006181436761,                 0,      -1.561711886
          0,           0,         105,      -5.545547192,      -6.050947111,      -5.978845296,      -4.994237764,             0.448,    0.004038483047,    -0.00630594175,                 0,                 0,                 0,     -0.0369088829,    0.004175085392,   -0.006216342064,                 0,      -1.561462974
          0,           0,         106,      -5.558800145,      -6.078630069,      -5.990118605,      -5.008024702,             0.448,     0.00406133723,   -0.006333655191,                 0,                 0,                 0,    -0.03688261138,    0.004198538701,   -0.006243550348,                 0,      -1.559499946
          0,           0,         107,      -5.569687171,      -6.105670715,      -6.001797203,      -5.019232149,             0.448,    0.004083378553,   -0.006353162814,                 0,                 0,                 0,    -0.03684932776,    0.004221000335,     -0.0062625725,                 0,      -1.555859378
          0,           0,         108,      -5.578929922,      -6.131116245,      -6.014009681,      -5.028555166,             0.448,    0.004104228045,   -0.006364670325,                 0,                 0,                 0,     -0.0368100167,    0.004242095902,   -0.006273622443,                 0,      -1.550759425
          0,           0,         109,      -5.587263549,       -6.15388526,      -6.027157316,      -5.036753825,             0.448,    0.004123519182,   -0.006368211783,                 0,                 0,                 0,    -0.03676595964,    0.004261459704,   -0.006276742224,                 0,      -1.544363322
          0,           0,         110,      -5.595631223,      -6.173230656,      -6.041959508,      -5.044781897,             0.448,    0.004141012621,   -0.006363539454,                 0,                 0,                 0,    -0.03671833674,    0.004278847054,   -0.006271689389,                 0,      -1.536710954
          0,           0,         111,       -5.60475364,      -6.189400769,      -6.058479383,      -5.053377359,             0.448,    0.004156547311,   -0.006351375039,                 0,                 0,                 0,    -0.03666800948,    0.004294112681,   -0.006259188982,                 0,      -1.528041079
          0,           0,         112,      -5.614966154,      -6.202395384,      -6.076339881,      -5.062973576,             0.448,    0.004169910352,   -0.006332674315,                 0,                 0,                 0,    -0.03661616405,    0.004307064589,   -0.006240201195,                 0,      -1.518659583
          0,           0,         113,      -5.626637315,      -6.212317789,      -6.095327858,      -5.074019502,             0.448,    0.004180953561,   -0.006307570218,                 0,                 0,                 0,     -0.0365639319,    0.004317557526,   -0.006214862166,                 0,      -1.508643932
          0,           0,         114,      -5.640119105,      -6.219981953,      -6.115382579,      -5.086898544,             0.448,    0.004189638194,   -0.006275993457,                 0,                 0,                 0,    -0.03651223602,     0.00432555125,   -0.006183103465,                 0,      -1.497979817
          0,           0,         115,      -5.655588154,      -6.226518331,      -6.136376779,       -5.10181251,             0.448,    0.004195902744,   -0.006238358965,                 0,                 0,                 0,    -0.03646217335,    0.004330993316,   -0.006145341268,                 0,      -1.486773966
          0,           0,         116,      -5.672862889,      -6.233228822,      -6.157939595,      -5.118581172,             0.448,    0.004199862061,   -0.006195511306,                 0,                 0,                 0,    -0.03641439273,    0.004334016974,   -0.006102417434,                 0,      -1.475170188
          0,           0,         117,      -5.691852065,      -6.241040413,       -6.18022949,      -5.137118854,             0.448,    0.004201613268,   -0.006148549495,                 0,                 0,                 0,    -0.03636961438,    0.004334743298,   -0.006055428597,                 0,      -1.463378256
          0,           0,         118,      -5.712368492,       -6.25028375,      -6.203143605,      -5.157297272,             0.448,    0.004201234608,   -0.006098761587,                 0,                 0,                 0,    -0.03632864297,    0.004333278611,   -0.006005660797,                 0,      -1.451659371
          0,           0,         119,      -5.734061239,      -6.261105374,      -6.225732426,      -5.178825588,             0.448,    0.004198865255,   -0.006046769611,                 0,                 0,                 0,    -0.03629215589,    0.004329775622,   -0.005953732881,                 0,      -1.440096132
          0,           0,         120,      -5.756610918,        -6.2738163,      -6.247028747,      -5.201416406,             0.448,    0.004194634176,   -0.005993330971,                 0,                 0,                 0,    -0.03626087604,    0.004324379792,   -0.005900399258,                 0,      -1.428808978
          0,           0,         121,      -5.779487067,      -6.288635255,      -6.266226603,      -5.224537886,             0.448,    0.004188776079,    -0.00593919999,                 0,                 0,                 0,    -0.03623511021,    0.004317342229,   -0.005846408953,                 0,      -1.417884336
          0,           0,         122,      -5.801993985,      -6.305551239,      -6.282962404,      -5.247483205,             0.448,    0.004181570714,   -0.005885108521,                 0,                 0,                 0,    -0.03621489964,    0.004308958579,    -0.00579248754,                 0,      -1.407391845
          0,           0,         123,      -5.823431919,      -6.324462656,      -6.297129058,      -5.269529173,             0.448,    0.004173268063,    -0.00583219226,                 0,                 0,                 0,    -0.03620030295,    0.004299503542,   -0.005739764993,                 0,      -1.397512015
          0,           0,         124,      -5.843242484,      -6.345337206,      -6.308924677,      -5.290071865,             0.448,    0.004164137084,   -0.005781415511,                 0,                 0,                 0,    -0.03619117834,    0.004289267046,   -0.005689199518,                 0,       -1.38838261
          0,           0,         125,      -5.860999881,      -6.368146035,      -6.318806745,      -5.308616106,             0.448,    0.004154434109,   -0.005733708673,                 0,                 0,                 0,     -0.0361873252,    0.004278525662,   -0.005641715703,                 0,      -1.380141921
          0,           0,         126,      -5.876583712,      -6.392628946,      -6.327268254,      -5.324961211,             0.448,    0.004144414892,   -0.005689765059,                 0,                 0,                 0,    -0.03618839688,    0.004267550204,   -0.005598001115,                 0,      -1.372875353
          0,           0,         127,      -5.890001683,      -6.418221884,      -6.335036172,      -5.339029998,             0.448,    0.004134290175,   -0.005650421399,                 0,                 0,                 0,    -0.03619409674,     0.00425656962,   -0.005558887686,                 0,      -1.366721047
          0,           0,         128,      -5.901583001,       -6.44428226,       -6.34260524,      -5.351096616,             0.448,    0.004124293883,   -0.005615843646,                 0,                 0,                 0,    -0.03620389062,    0.004245821396,   -0.005524536231,                 0,      -1.361649729
          0,           0,         129,      -5.911836045,      -6.469994338,      -6.350498674,      -5.361624519,             0.448,    0.004114630779,   -0.005586151832,                 0,                 0,                 0,    -0.03621723875,    0.004235512869,   -0.005495062282,                 0,      -1.357631372
          0,           0,         130,      -5.921352408,      -6.494419675,      -6.359473447,      -5.371179016,             0.448,    0.004105478651,   -0.005561513176,                 0,                 0,                 0,    -0.03623358913,    0.004225825429,   -0.005470629141,                 0,       -1.35465646
          0,           0,         131,      -5.930591137,      -6.516774001,      -6.370454082,      -5.380232198,             0.448,    0.004096988221,   -0.005541815437,                 0,                 0,                 0,     -0.0362523614,    0.004216907315,   -0.005451121308,                 0,      -1.352655936
          0,           0,         132,      -5.940099926,      -6.536520183,      -6.383491221,      -5.389391991,             0.448,    0.004089247532,   -0.005527066977,                 0,                 0,                 0,    -0.03627312926,    0.004208846732,   -0.005436545219,                 0,      -1.351609785
          0,           0,         133,       -5.95040798,      -6.552991596,       -6.39852441,      -5.399215887,             0.448,    0.004082329519,   -0.005517195219,                 0,                 0,                 0,     -0.0362954488,    0.004201715015,   -0.005426826727,                 0,      -1.351482087
          0,           0,         134,      -5.961980446,      -6.565938312,      -6.415551979,      -5.410209345,             0.448,     0.00407628928,   -0.005512130004,                 0,                 0,                 0,    -0.03631888013,    0.004195565716,   -0.005421894484,                 0,      -1.352242107
          0,           0,         135,      -5.975112078,      -6.575631257,      -6.434547552,      -5.422710783,             0.448,    0.004071184957,   -0.005511550312,                 0,                 0,                 0,    -0.03634291834,    0.004190449962,    -0.00542142628,                 0,      -1.353795116
          0,           0,         136,      -5.990029304,      -6.582695827,      -6.455389374,      -5.436986918,             0.448,    0.004067063975,   -0.005515035332,                 0,                 0,                 0,    -0.03636705135,    0.004186405986,    -0.00542500037,                 0,      -1.356023747
          0,           0,         137,      -6.006856158,      -6.588142653,      -6.477770503,      -5.453194552,             0.448,    0.004063948358,   -0.005522321744,                 0,                 0,                 0,    -0.03639082265,    0.004183450062,   -0.005432353014,                 0,      -1.358856279
          0,           0,         138,      -6.025518868,      -6.592947503,      -6.501274977,      -5.471287067,             0.448,    0.004061843857,    -0.00553314213,                 0,                 0,                 0,     -0.0364137783,    0.004181582107,   -0.005443216736,                 0,      -1.362224233
          0,           0,         139,      -6.045888481,      -6.598016937,      -6.525106739,      -5.491173031,             0.448,    0.004060741251,   -0.005546962608,                 0,                 0,                 0,    -0.03643549253,    0.004180781256,   -0.005457057978,                 0,      -1.365997552
          0,           0,         140,      -6.067732414,      -6.604093952,      -6.548567888,      -5.512655603,             0.448,    0.004060604176,    -0.00556329427,                 0,                 0,                 0,    -0.03645561308,    0.004181000487,   -0.005473388744,                 0,      -1.370065643
          0,           0,         141,      -6.090621831,      -6.611717656,      -6.570797385,      -5.535337478,             0.448,    0.004061383501,   -0.005581529603,                 0,                 0,                 0,    -0.03647379142,    0.004182177428,   -0.005491602736,                 0,      -1.374292677
          0,           0,         142,      -6.114057788,      -6.621197912,       -6.59106577,      -5.558738109,             0.448,    0.004063000628,   -0.005601264246,                 0,                 0,                 0,    -0.03648979817,    0.004184224679,   -0.005511297405,                 0,       -1.37860285
          0,           0,         143,      -6.137422303,      -6.632791898,      -6.609073718,      -5.582264065,             0.448,    0.004065338931,   -0.005622096662,                 0,                 0,                 0,    -0.03650351974,    0.004187016883,   -0.005532073854,                 0,      -1.382934303
          0,           0,         144,      -6.160036041,      -6.646870205,      -6.624644489,      -5.605249676,             0.448,    0.004068286529,   -0.005643442131,                 0,                 0,                 0,    -0.03651483432,    0.004190429428,   -0.005553349942,                 0,      -1.387179121
          0,           0,         145,      -6.181236165,      -6.663614122,      -6.637673555,      -5.627012537,             0.448,      0.0040717327,   -0.005664737786,                 0,                 0,                 0,    -0.03652367431,    0.004194339342,   -0.005574565351,                 0,      -1.391235183
          0,           0,         146,      -6.200389121,      -6.682967491,      -6.648324095,      -5.646873646,             0.448,    0.004075566135,   -0.005685474622,                 0,                 0,                 0,    -0.03653004387,    0.004198624236,   -0.005595213626,                 0,      -1.395014688
          0,           0,         147,      -6.217054592,      -6.704615564,      -6.657142885,      -5.664317952,             0.448,    0.004079652398,    -0.00570544223,                 0,                 0,                 0,    -0.03653409955,    0.004203145117,   -0.005615087341,                 0,      -1.398511852
          0,           0,         148,      -6.231077453,      -6.728217609,       -6.66513927,      -5.679098952,             0.448,    0.004083879229,   -0.005724334978,                 0,                 0,                 0,    -0.03653596184,    0.004207783086,   -0.005633883385,                 0,      -1.401690564
          0,           0,         149,      -6.242645143,      -6.753397672,      -6.673239402,      -5.691325225,             0.448,    0.004088151439,   -0.005741825735,                 0,                 0,                 0,    -0.03653574704,    0.004212435837,   -0.005651276782,                 0,      -1.404504168
          0,           0,         150,      -6.252229903,      -6.779711457,      -6.681918533,      -5.701403132,             0.448,    0.004092375884,   -0.005757706046,                 0,                 0,                 0,    -0.03653363818,    0.004217005705,   -0.005667061158,                 0,        -1.4069348
          0,           0,         151,      -6.260495219,      -6.806447244,      -6.691508714,      -5.709947281,             0.448,     0.00409648514,   -0.005771765756,                 0,                 0,                 0,    -0.03652978844,    0.004221420694,   -0.005681027879,                 0,      -1.408955619
          0,           0,         152,      -6.268108273,      -6.832703181,      -6.702103926,      -5.717589214,             0.448,    0.004100417639,   -0.005783861239,                 0,                 0,                 0,    -0.03652437067,    0.004225616119,   -0.005693034697,                 0,       -1.41055418
          0,           0,         153,      -6.275730582,      -6.857525891,      -6.714072105,      -5.725016213,             0.448,    0.004104101964,   -0.005793981236,                 0,                 0,                 0,    -0.03651763229,    0.004229520333,   -0.005703071912,                 0,      -1.411753725
          0,           0,         154,      -6.284022964,      -6.880002981,       -6.72768501,        -5.7329526,             0.448,    0.004107480726,   -0.005802119491,                 0,                 0,                 0,    -0.03650980951,    0.004233075827,   -0.005711134524,                 0,      -1.412573759
          0,           0,         155,      -6.293566564,      -6.899411581,      -6.742926975,      -5.742018628,             0.448,    0.004110518466,   -0.005808191819,                 0,                 0,                 0,     -0.0365010907,    0.004236245311,   -0.005717139139,                 0,       -1.41300711
          0,           0,         156,       -6.30474243,      -6.915344588,       -6.76016745,      -5.752622221,             0.448,    0.004113173307,   -0.005812260393,                 0,                 0,                 0,     -0.0364917265,    0.004238988275,    -0.00572114883,                 0,      -1.413084244
          0,           0,         157,      -6.317761463,        -6.9278016,       -6.77957682,      -5.765007151,             0.448,    0.004115414526,   -0.005814417713,                 0,                 0,                 0,    -0.03648195777,    0.004241276023,   -0.005723256744,                 0,      -1.412838895
          0,           0,         158,      -6.332850002,      -6.937456173,      -6.800929853,      -5.779447711,             0.448,    0.004117234867,   -0.005814652533,                 0,                 0,                 0,    -0.03647195358,    0.004243101053,   -0.005723451798,                 0,      -1.412271275
          0,           0,         159,      -6.350116533,      -6.945200789,      -6.823675863,      -5.796074387,             0.448,    0.004118620481,   -0.005813086478,                 0,                 0,                 0,    -0.03646192453,    0.004244452174,   -0.005721855888,                 0,      -1.411415911
          0,           0,         160,      -6.369535145,      -6.951842158,      -6.847483878,      -5.814885553,             0.448,    0.004119567001,    -0.00580991746,                 0,                 0,                 0,    -0.03645207727,    0.004245329337,   -0.005718666977,                 0,      -1.410322361
          0,           0,         161,      -6.390950709,      -6.958221233,      -6.871984885,      -5.835758735,             0.448,    0.004120082083,   -0.005805323946,                 0,                 0,                 0,    -0.03644259379,     0.00424574409,   -0.005714063319,                 0,      -1.409031138
          0,           0,         162,      -6.414170744,      -6.965070828,      -6.896607813,      -5.858538675,             0.448,    0.004120179856,   -0.005799434924,                 0,                 0,                 0,    -0.03643365417,    0.004245713371,   -0.005708173566,                 0,      -1.407568389
          0,           0,         163,      -6.438789478,      -6.972981389,      -6.920748825,      -5.882840245,             0.448,    0.004119881362,   -0.005792454761,                 0,                 0,                 0,    -0.03642542123,    0.004245262677,   -0.005701201576,                 0,      -1.405976108
          0,           0,         164,      -6.464289748,      -6.982522818,      -6.943598164,      -5.908181842,             0.448,    0.004119205639,   -0.005784711748,                 0,                 0,                 0,     -0.0364180737,    0.004244418202,   -0.005693475146,                 0,      -1.404327012
          0,           0,         165,      -6.490021702,      -6.994083033,      -6.964447474,      -5.933944381,             0.448,    0.004118199365,   -0.005776392578,                 0,                 0,                 0,    -0.03641168978,    0.004243230685,   -0.005685179908,                 0,      -1.402650058
          0,           0,         166,      -6.515249041,      -7.007908817,      -6.982710647,      -5.959415343,             0.448,    0.004116920469,    -0.00576762742,                 0,                 0,                 0,    -0.03640629381,    0.004241760883,   -0.005676444734,                 0,      -1.400956725
          0,           0,         167,      -6.539138506,      -7.024066701,      -6.998235652,      -5.983765514,             0.448,    0.004115416833,   -0.005758645287,                 0,                 0,                 0,    -0.03640193069,     0.00424006166,    -0.00566749754,                 0,      -1.399286031
          0,           0,         168,      -6.560892685,      -7.042571319,      -7.011204561,      -6.006171493,             0.448,    0.004113738239,   -0.005749665444,                 0,                 0,                 0,    -0.03639861411,    0.004238187571,   -0.005658556452,                 0,      -1.397674113
          0,           0,         169,      -6.579891846,      -7.063389738,      -7.021959987,      -6.025952016,             0.448,    0.004111936813,   -0.005740864654,                 0,                 0,                 0,    -0.03639632008,    0.004236194586,   -0.005649797054,                 0,      -1.396146126
          0,           0,         170,      -6.595847196,      -7.086316604,      -7.031012265,      -6.042734892,             0.448,    0.004110059912,   -0.005732412143,                 0,                 0,                 0,    -0.03639501223,    0.004234133741,     -0.0056413875,                 0,      -1.394727149
          0,           0,         171,      -6.608829531,      -7.110891034,      -7.038961233,      -6.056491669,             0.448,    0.004108148458,   -0.005724481316,                 0,                 0,                 0,    -0.03639464987,    0.004232049732,   -0.005633500258,                 0,      -1.393445581
          0,           0,         172,      -6.619234684,      -7.136515862,      -7.046554099,        -6.0675294,             0.448,    0.004106246827,   -0.005717164792,                 0,                 0,                 0,    -0.03639515189,    0.004229988944,    -0.00562622696,                 0,      -1.392309092
          0,           0,         173,       -6.62780718,      -7.162486166,      -7.054621068,       -6.07653678,             0.448,    0.004104394664,   -0.005710531208,                 0,                 0,                 0,    -0.03639642974,    0.004227992511,   -0.005619635358,                 0,      -1.391321175
          0,           0,         174,      -6.635370046,      -7.187985251,      -7.063942722,      -6.084302907,             0.448,    0.004102620523,   -0.005704674047,                 0,                 0,                 0,    -0.03639841018,    0.004226091019,   -0.005613818294,                 0,      -1.390495176
          0,           0,         175,      -6.642724285,      -7.212225034,      -7.074969619,      -6.091638264,             0.448,    0.004100953286,   -0.005699635045,                 0,                 0,                 0,    -0.03640099789,    0.004224314254,   -0.005608816862,                 0,      -1.389831741
          0,           0,         176,      -6.650592882,       -7.23440379,      -7.087876217,      -6.099297777,             0.448,    0.004099420356,   -0.005695423374,                 0,                 0,                 0,    -0.03640408784,    0.004222689811,   -0.005604639634,                 0,       -1.38932407
          0,           0,         177,      -6.659595236,      -7.253830727,      -7.102750677,      -6.107937288,             0.448,    0.004098040386,   -0.005692058444,                 0,                 0,                 0,    -0.03640758781,    0.004221236764,   -0.005601305608,                 0,      -1.388970803
          0,           0,         178,      -6.670199558,      -7.270103165,      -7.119603828,      -6.118064615,             0.448,    0.004096829138,   -0.005689532884,                 0,                 0,                 0,    -0.03641139879,    0.004219970709,   -0.005598807073,                 0,      -1.388764992
          0,           0,         179,      -6.682760462,      -7.283175013,      -7.138447827,      -6.130074078,             0.448,    0.004095802173,   -0.005687804443,                 0,                 0,                 0,    -0.03641541168,    0.004218906283,   -0.005597101446,                 0,      -1.388691202
          0,           0,         180,      -6.697502601,      -7.293386001,       -7.15926333,      -6.144217997,             0.448,    0.004094967664,   -0.005686848162,                 0,                 0,                 0,    -0.03641953487,    0.004218051111,   -0.005596163597,                 0,      -1.388740676
          0,           0,         181,      -6.714522854,      -7.301453641,      -7.181908767,      -6.160621226,             0.448,    0.004094331364,   -0.005686614631,                 0,                 0,                 0,    -0.03642367472,    0.004217409869,   -0.005595944002,                 0,      -1.388899462
          0,           0,         182,       -6.73381464,       -7.30819566,      -7.206095034,      -6.179309484,             0.448,    0.004093896382,    -0.00568703839,                 0,                 0,                 0,    -0.03642773432,    0.004216984235,    -0.00559637715,                 0,      -1.389150545
          0,           0,         183,      -6.755290735,      -7.314464743,      -7.231211022,      -6.200229524,             0.448,    0.004093661004,   -0.005688066454,                 0,                 0,                 0,    -0.03643162431,     0.00421677134,   -0.005597410104,                 0,      -1.389481554
          0,           0,         184,      -6.778725188,      -7.321056957,       -7.25663366,      -6.223184657,             0.448,    0.004093615144,    -0.00568962496,                 0,                 0,                 0,     -0.0364352796,    0.004216759489,   -0.005598969239,                 0,      -1.389877837
          0,           0,         185,      -6.803753819,      -7.328685983,      -7.281667377,      -6.247842416,             0.448,     0.00409374808,   -0.005691619409,                 0,                 0,                 0,     -0.0364386326,    0.004216935902,   -0.005600960314,                 0,      -1.390319897
          0,           0,         186,      -6.829860973,      -7.337938071,      -7.305542017,      -6.273726155,             0.448,    0.004094046036,   -0.005693960465,                 0,                 0,                 0,    -0.03644162372,    0.004217284857,   -0.005603294313,                 0,      -1.390790532
          0,           0,         187,       -6.85635484,       -7.34922461,        -7.3274901,      -6.300183901,             0.448,    0.004094489022,   -0.005696573243,                 0,                 0,                 0,    -0.03644421613,    0.004217784735,   -0.005605896806,                 0,      -1.391278182
          0,           0,         188,       -6.88241611,      -7.362772194,      -7.346902554,      -6.326433362,             0.448,    0.004095057186,   -0.005699351703,                 0,                 0,                 0,    -0.03644637442,    0.004218413376,    -0.00560866221,                 0,      -1.391763642
          0,           0,         189,      -6.907137447,       -7.37867553,      -7.363523718,      -6.351575866,             0.448,    0.004095728953,   -0.005702199428,                 0,                 0,                 0,     -0.0364480782,    0.004219147105,   -0.005611494603,                 0,      -1.392230661
          0,           0,         190,      -6.929599324,      -7.397008695,       -7.37737495,      -6.374671326,             0.448,    0.004096481521,   -0.005705031268,                 0,                 0,                 0,    -0.03644932275,     0.00421996127,   -0.005614309351,                 0,      -1.392666179
          0,           0,         191,      -6.949085457,      -7.417721499,      -7.388849361,      -6.394952514,             0.448,    0.004097291317,   -0.005707771959,                 0,                 0,                 0,    -0.03645011774,    0.004220830661,   -0.005617031725,                 0,      -1.393059834
          0,           0,         192,      -6.965174961,      -7.440641595,      -7.398476529,      -6.411907096,             0.448,    0.004098136503,   -0.005710349098,                 0,                 0,                 0,    -0.03645047859,    0.004221731867,   -0.005619589813,                 0,       -1.39340139
          0,           0,         193,      -6.977844102,      -7.465450784,      -7.406851691,      -6.425399924,             0.448,    0.004098995594,   -0.005712714596,                 0,                 0,                 0,     -0.0364504341,    0.004222642356,   -0.005621936007,                 0,      -1.393686445
          0,           0,         194,      -6.987519009,      -7.491633571,      -7.414682662,      -6.435756274,             0.448,    0.004099850253,   -0.005714821903,                 0,                 0,                 0,     -0.0364500147,    0.004223542783,   -0.005624024168,                 0,      -1.393909911
          0,           0,         195,      -6.994919601,      -7.518464125,      -7.422736647,       -6.44362067,             0.448,    0.004100685427,    -0.00571661944,                 0,                 0,                 0,    -0.03644924873,    0.004224416971,   -0.005625803059,                 0,      -1.394064368
          0,           0,         196,      -7.000948881,      -7.545101617,      -7.431653474,      -6.449869216,             0.448,    0.004101486315,   -0.005718076195,                 0,                 0,                 0,    -0.03644817502,    0.004225249447,   -0.005627241995,                 0,       -1.39414733
          0,           0,         197,      -7.006506692,      -7.570571274,      -7.441929959,      -6.455408709,             0.448,     0.00410223876,   -0.005719185097,                 0,                 0,                 0,     -0.0364468392,    0.004226025904,   -0.005628334219,                 0,      -1.394161928
          0,           0,         198,      -7.012443828,      -7.593937295,      -7.453888875,      -6.461125616,             0.448,    0.004102932842,   -0.005719928769,                 0,                 0,                 0,    -0.03644527934,    0.004226736043,   -0.005629062573,                 0,      -1.394107335
          0,           0,         199,      -7.019465874,      -7.614415066,      -7.467723998,      -6.467772775,             0.448,     0.00410355961,    -0.00572030073,                 0,                 0,                 0,    -0.03644353703,    0.004227370777,   -0.005629420772,                 0,      -1.393985046
          0,           0,         200,      -7.028123952,      -7.631470299,       -7.48354844,      -6.475945916,             0.448,    0.004104110663,    -0.00572031009,                 0,                 0,                 0,    -0.03644165886,    0.004227921903,   -0.005629418109,                 0,      -1.393800158
          0,           0,         201,       -7.03881964,      -7.644998867,      -7.501408953,       -6.48608538,             0.448,    0.004104579383,   -0.005719974724,                 0,                 0,                 0,    -0.03643969153,    0.004228383195,   -0.005629072598,                 0,      -1.393559288
          0,           0,         202,      -7.051823365,      -7.655347637,       -7.52120135,      -6.498494213,             0.448,    0.004104963106,   -0.005719298633,                 0,                 0,                 0,    -0.03643767206,    0.004228752078,   -0.005628388297,                 0,      -1.393264321
          0,           0,         203,      -7.067280669,      -7.663263814,      -7.542670637,      -6.513348884,             0.448,    0.004105258634,    -0.00571830851,                 0,                 0,                 0,     -0.0364356448,    0.004229025937,   -0.005627391962,                 0,      -1.392922838
          0,           0,         204,        -7.0852193,        -7.6695893,      -7.565499758,      -6.530702854,             0.448,    0.004105464437,   -0.005717041228,                 0,                 0,                 0,    -0.03643365217,    0.004229204045,   -0.005626120492,                 0,      -1.392544331
          0,           0,         205,      -7.105579225,      -7.675339983,      -7.589234617,      -6.550522766,             0.448,    0.004105582062,   -0.005715528236,                 0,                 0,                 0,    -0.03643172908,    0.004229288636,   -0.005624605294,                 0,      -1.392135914
          0,           0,         206,      -7.128142559,      -7.681370612,      -7.613353894,      -6.572616483,             0.448,    0.004105614762,   -0.005713786825,                 0,                 0,                 0,    -0.03642990858,    0.004229283339,   -0.005622863584,                 0,      -1.391700672
          0,           0,         207,       -7.15259187,      -7.688386512,      -7.637306929,      -6.596702223,             0.448,    0.004105566898,    -0.00571185332,                 0,                 0,                 0,    -0.03642822307,    0.004229193307,   -0.005620931584,                 0,       -1.39124595
          0,           0,         208,      -7.178479584,      -7.696998223,      -7.660508255,      -6.622365525,             0.448,    0.004105444731,   -0.005709770398,                 0,                 0,                 0,    -0.03642669947,    0.004229025731,   -0.005618851822,                 0,      -1.390779994
          0,           0,         209,      -7.205208726,      -7.707713892,       -7.68233604,      -6.649042722,             0.448,    0.004105256045,   -0.005707581783,                 0,                 0,                 0,     -0.0364253592,    0.004228789346,   -0.005616667844,                 0,      -1.390310792
          0,           0,         210,      -7.232027731,      -7.720864453,      -7.702187861,      -6.676013196,             0.448,    0.004105009904,   -0.005705331693,                 0,                 0,                 0,    -0.03642421775,    0.004228494178,    -0.00561442366,                 0,      -1.389846024
          0,           0,         211,      -7.258064921,      -7.736607048,      -7.719619531,      -6.702422664,             0.448,    0.004104716352,    -0.00570306385,                 0,                 0,                 0,    -0.03642328402,    0.004228151223,    -0.00561216276,                 0,      -1.389392923
          0,           0,         212,      -7.282408965,      -7.754960922,      -7.734469258,      -6.727352008,             0.448,    0.004104385748,   -0.005700820085,                 0,                 0,                 0,    -0.03642256114,     0.00422777175,   -0.005609926741,                 0,      -1.388958162
          0,           0,         213,      -7.304225281,      -7.775823169,       -7.74689503,      -6.749925012,             0.448,    0.004104027588,   -0.005698644728,                 0,                 0,                 0,    -0.03642204984,     0.00422736622,   -0.005607759715,                 0,      -1.388549323
          0,           0,         214,      -7.322927536,      -7.798990347,      -7.757302574,      -6.769479936,             0.448,    0.004103652244,   -0.005696566582,                 0,                 0,                 0,    -0.03642174134,    0.004226945631,   -0.005605690251,                 0,      -1.388169914
          0,           0,         215,      -7.338334454,       -7.82410875,      -7.766408896,      -6.785732369,             0.448,    0.004103269458,     -0.0056946089,                 0,                 0,                 0,    -0.03642162294,     0.00422652023,   -0.005603741386,                 0,       -1.38782231
          0,           0,         216,      -7.350674665,      -7.850635145,       -7.77499775,      -6.798801027,             0.448,    0.004102887595,   -0.005692793872,                 0,                 0,                 0,    -0.03642168136,    0.004226098863,    -0.00560193512,                 0,      -1.387509099
          0,           0,         217,       -7.36051884,       -7.87788004,      -7.783738901,      -6.809174268,             0.448,    0.004102514133,   -0.005691139408,                 0,                 0,                 0,     -0.0364219013,    0.004225689398,   -0.005600289197,                 0,      -1.387232127
          0,           0,         218,      -7.368681283,       -7.90496637,      -7.793168391,      -6.817627325,             0.448,    0.004102155815,   -0.005689658361,                 0,                 0,                 0,    -0.03642226557,    0.004225298856,   -0.005598816319,                 0,      -1.386992259
          0,           0,         219,      -7.376065535,      -7.930881307,       -7.80373735,      -6.825061174,             0.448,    0.004101818472,   -0.005688360016,                 0,                 0,                 0,    -0.03642275615,     0.00422493327,   -0.005597525642,                 0,      -1.386789799
          0,           0,         220,      -7.383528004,      -7.954592551,      -7.815829871,      -6.832356807,             0.448,    0.004101507102,   -0.005687249926,                 0,                 0,                 0,    -0.03642335426,    0.004224597757,   -0.005596422608,                 0,      -1.386624425
          0,           0,         221,      -7.391808446,      -7.975193522,       -7.82972324,      -6.840295902,             0.448,    0.004101226022,   -0.005686329093,                 0,                 0,                 0,    -0.03642404017,    0.004224296657,   -0.005595508126,                 0,      -1.386494932
          0,           0,         222,      -7.401478776,      -7.992090897,      -7.845557349,      -6.849494692,             0.448,    0.004100978742,   -0.005685595567,                 0,                 0,                 0,    -0.03642479408,    0.004224033434,    -0.00559478017,                 0,      -1.386399668
          0,           0,         223,      -7.412966047,      -8.005131623,      -7.863320959,      -6.860424196,             0.448,    0.004100767836,   -0.005685045733,                 0,                 0,                 0,    -0.03642559686,    0.004223810583,   -0.005594235067,                 0,      -1.386336891
          0,           0,         224,       -7.42654803,      -8.014649334,      -7.882859137,      -6.873402415,             0.448,    0.004100595186,   -0.005684673065,                 0,                 0,                 0,    -0.03642642941,    0.004223629845,   -0.005593866254,                 0,      -1.386304379
          0,           0,         225,      -7.442364222,      -8.021374298,      -7.903911511,       -6.88860408,             0.448,    0.004100462045,    -0.00568446798,                 0,                 0,                 0,    -0.03642727264,    0.004223492262,   -0.005593664122,                 0,      -1.386299377
          0,           0,         226,      -7.460422877,      -8.026262817,      -7.926126122,       -6.90606961,             0.448,    0.004100368886,   -0.005684418876,                 0,                 0,                 0,    -0.03642810823,    0.004223398053,   -0.005593617062,                 0,      -1.386318898
          0,           0,         227,      -7.480600458,      -8.030336998,       -7.94904674,      -6.925708362,             0.448,    0.004100315189,   -0.005684514049,                 0,                 0,                 0,    -0.03642891962,    0.004223346445,   -0.005593713384,                 0,      -1.386360264
          0,           0,         228,      -7.502632827,      -8.034570516,      -7.972142555,      -6.947292678,             0.448,    0.004100299836,   -0.005684737343,                 0,                 0,                 0,    -0.03642969054,    0.004223335967,    -0.00559393696,                 0,      -1.386419913
          0,           0,         229,      -7.526107682,      -8.039741964,      -7.994868113,      -6.970447091,             0.448,    0.004100321018,   -0.005685069466,                 0,                 0,                 0,     -0.0364304057,    0.004223364389,   -0.005594268542,                 0,       -1.38649375
          0,           0,         230,       -7.55042865,      -8.046523726,      -8.016523901,      -6.994612778,             0.448,    0.004100375839,   -0.005685492861,                 0,                 0,                 0,    -0.03643105303,    0.004223428433,    -0.00559469064,                 0,      -1.386578471
          0,           0,         231,      -7.574824411,      -8.055384927,      -8.036397369,      -7.019057256,             0.448,    0.004100460733,   -0.005685989944,                 0,                 0,                 0,    -0.03643162288,    0.004223524151,   -0.005595185753,                 0,       -1.38667099
          0,           0,         232,      -7.598396485,      -8.066620051,       -8.05392399,      -7.042908286,             0.448,     0.00410057154,   -0.005686538861,                 0,                 0,                 0,    -0.03643210859,    0.004223646907,   -0.005595732122,                 0,      -1.386767382
          0,           0,         233,      -7.620190238,      -8.080399007,      -8.068823475,      -7.065211786,             0.448,    0.004100703775,   -0.005687118879,                 0,                 0,                 0,     -0.0364325062,    0.004223791763,   -0.005596309117,                 0,      -1.386864107
          0,           0,         234,      -7.639326815,      -8.096781854,      -8.081146617,      -7.085055416,             0.448,    0.004100852853,   -0.005687711569,                 0,                 0,                 0,    -0.03643281419,    0.004223953735,   -0.005596898414,                 0,      -1.386958219
          0,           0,         235,      -7.655175545,      -8.115704188,      -8.091224041,       -7.10173501,             0.448,    0.004101014297,   -0.005688299505,                 0,                 0,                 0,    -0.03643303306,    0.004224127967,   -0.005597482689,                 0,      -1.387046982
          0,           0,         236,      -7.667503448,      -8.136968811,      -8.099613384,      -7.114912959,             0.448,    0.004101183684,   -0.005688868062,                 0,                 0,                 0,     -0.0364331658,    0.004224309716,   -0.005598047415,                 0,      -1.387128327
          0,           0,         237,      -7.676531021,      -8.160242344,      -8.107015089,      -7.124698456,             0.448,    0.004101356904,   -0.005689404773,                 0,                 0,                 0,    -0.03643321694,    0.004224494603,    -0.00559858022,                 0,      -1.387200604
          0,           0,         238,      -7.682871569,      -8.185045533,      -8.114166365,      -7.131615186,             0.448,    0.004101530161,   -0.005689899792,                 0,                 0,                 0,    -0.03643319233,    0.004224678618,   -0.005599071341,                 0,      -1.387262697
          0,           0,         239,      -7.687396158,      -8.210750612,      -8.121763672,      -7.136485239,             0.448,    0.004101699932,   -0.005690346037,                 0,                 0,                 0,    -0.03643309916,    0.004224858083,   -0.005599513776,                 0,      -1.387314072
          0,           0,         240,      -7.691063895,      -8.236582873,      -8.130396401,      -7.140256886,             0.448,    0.004101863339,   -0.005690735662,                 0,                 0,                 0,    -0.03643294414,    0.004225029951,   -0.005599899744,                 0,      -1.387353793
          0,           0,         241,      -7.694763149,      -8.261686059,      -8.140454158,         -7.143839,             0.448,    0.004102017851,   -0.005691065307,                 0,                 0,                 0,    -0.03643273454,    0.004225191617,    -0.00560022594,                 0,      -1.387381897
          0,           0,         242,      -7.699276284,      -8.285178791,      -8.152181053,      -7.148054736,             0.448,    0.004102161146,   -0.005691331896,                 0,                 0,                 0,    -0.03643247857,    0.004225340694,    -0.00560048934,                 0,      -1.387398421
          0,           0,         243,      -7.705242656,      -8.306192164,      -8.165754407,      -7.153587526,             0.448,    0.004102291238,   -0.005691532351,                 0,                 0,                 0,    -0.03643218477,    0.004225475127,   -0.005600686909,                 0,      -1.387403288
          0,           0,         244,      -7.713127403,      -8.324107892,      -8.181314244,      -7.160942107,             0.448,     0.00410240653,   -0.005691666235,                 0,                 0,                 0,    -0.03643186163,    0.004225593313,   -0.005600818245,                 0,      -1.387396932
          0,           0,         245,       -7.72325786,      -8.338695902,      -8.198879896,      -7.170481187,             0.448,    0.004102505777,   -0.005691734416,                 0,                 0,                 0,    -0.03643151747,    0.004225694024,   -0.005600884245,                 0,      -1.387379988
          0,           0,         246,      -7.735849714,      -8.350143255,      -8.218338131,      -7.182450907,             0.448,    0.004102588062,   -0.005691738632,                 0,                 0,                 0,    -0.03643116044,    0.004225776381,   -0.005600886666,                 0,      -1.387353189
          0,           0,         247,      -7.751018222,      -8.359007995,      -8.239465305,      -7.196992394,             0.448,    0.004102652789,   -0.005691681819,                 0,                 0,                 0,     -0.0364307986,    0.004225839854,   -0.005600828454,                 0,      -1.387317453
          0,           0,         248,      -7.768784032,      -8.366087598,      -8.261945901,      -7.214149999,             0.448,    0.004102699699,   -0.005691568046,                 0,                 0,                 0,    -0.03643043974,     0.00422588427,   -0.005600713685,                 0,       -1.38727386
          0,           0,         249,      -7.789074796,      -8.372274574,      -8.285372651,      -7.233875452,             0.448,    0.004102728874,   -0.005691402295,                 0,                 0,                 0,    -0.03643009126,    0.004225909823,   -0.005600547337,                 0,      -1.387223594
          0,           0,         250,      -7.811719075,      -8.378440703,      -8.309241681,      -7.256023483,             0.448,     0.00410274075,   -0.005691190436,                 0,                 0,                 0,    -0.03642976008,    0.004225917074,   -0.005600335269,                 0,       -1.38716794
          0,           0,         251,      -7.836431599,      -8.385356087,      -8.332961322,      -7.280338358,             0.448,    0.004102736125,   -0.005690939169,                 0,                 0,                 0,    -0.03642945243,    0.004225906969,   -0.005600084163,                 0,       -1.38710826
          0,           0,         252,      -7.862792807,        -8.3936502,      -8.355883963,      -7.306433774,             0.448,    0.004102716162,   -0.005690655842,                 0,                 0,                 0,    -0.03642917367,     0.00422588083,   -0.005599801338,                 0,      -1.387045951
          0,           0,         253,      -7.890228284,      -8.403802498,       -8.37736324,      -7.333770722,             0.448,    0.004102682358,   -0.005690348222,                 0,                 0,                 0,    -0.03642892811,    0.004225840322,   -0.005599494529,                 0,        -1.3869824
          0,           0,         254,      -7.917997245,      -8.416145397,      -8.396834284,      -7.361641682,             0.448,    0.004102636484,   -0.005690024252,                 0,                 0,                 0,    -0.03642871888,    0.004225787392,   -0.005599171637,                 0,      -1.386918942
          0,           0,         255,      -7.945209025,      -8.430878128,      -8.413904507,      -7.389180029,             0.448,      0.0041025805,   -0.005689691851,                 0,                 0,                 0,    -0.03642854791,     0.00422572417,   -0.005598840537,                 0,      -1.386856846
          0,           0,         256,      -7.970882553,      -8.448079899,      -8.428430411,      -7.415408531,             0.448,     0.00410251645,   -0.005689358683,                 0,                 0,                 0,    -0.03642841602,    0.004225652868,   -0.005598508845,                 0,      -1.386797287
          0,           0,         257,      -7.994068231,      -8.467717185,       -8.44056074,      -7.439348687,             0.448,    0.004102446388,   -0.005689031821,                 0,                 0,                 0,    -0.03642832296,    0.004225575692,    -0.00559818359,                 0,      -1.386741296
          0,           0,         258,      -8.014020213,      -8.489636032,      -8.450718608,       -7.46018544,             0.448,    0.004102372298,    -0.00568871752,                 0,                 0,                 0,    -0.03642826758,    0.004225494763,    -0.00559787098,                 0,      -1.386689727
          0,           0,         259,      -8.030362306,      -8.513544027,      -8.459526021,      -7.477438997,             0.448,    0.004102296043,   -0.005688421098,                 0,                 0,                 0,    -0.03642824798,     0.00422541206,   -0.005597576291,                 0,      -1.386643245
          0,           0,         260,      -8.043178684,      -8.538989817,      -8.467697478,      -7.491077868,             0.448,    0.004102219343,   -0.005688146901,                 0,                 0,                 0,    -0.03642826169,    0.004225329397,   -0.005597303832,                 0,       -1.38660233
          0,           0,         261,      -8.052988521,      -8.565351582,      -8.475938001,      -7.501523284,             0.448,    0.004102143758,   -0.005687898339,                 0,                 0,                 0,    -0.03642830579,    0.004225248407,   -0.005597056979,                 0,      -1.386567286
          0,           0,         262,      -8.060618773,      -8.591845459,      -8.484871144,      -7.509544182,             0.448,    0.004102070684,   -0.005687677954,                 0,                 0,                 0,    -0.03642837701,    0.004225170543,   -0.005596838241,                 0,      -1.386538261
          0,           0,         263,      -8.067033365,      -8.617563573,       -8.49500118,      -7.516091664,             0.448,    0.004102001351,   -0.005687487524,                 0,                 0,                 0,    -0.03642847187,    0.004225097072,   -0.005596649368,                 0,      -1.386515273
          0,           0,         264,      -8.073181234,      -8.641553939,      -8.506700899,      -7.522137477,             0.448,    0.004101936821,   -0.005687328101,                 0,                 0,                 0,    -0.03642858671,     0.00422502908,   -0.005596491391,                 0,       -1.38649822
          0,           0,         265,      -8.079896424,      -8.662945353,       -8.52021378,      -7.528558389,             0.448,    0.004101877993,   -0.005687200112,                 0,                 0,                 0,    -0.03642871783,    0.004224967474,   -0.005596364715,                 0,      -1.386486902
          0,           0,         266,      -8.087852524,      -8.681101924,      -8.535662763,      -7.536076921,             0.448,     0.00410182561,   -0.005687103415,                 0,                 0,                 0,    -0.03642886147,    0.004224912993,   -0.005596269184,                 0,      -1.386481035
          0,           0,         267,      -8.097555027,      -8.695758851,      -8.553060894,       -7.54524529,             0.448,    0.004101780263,   -0.005687037327,                 0,                 0,                 0,    -0.03642901391,    0.004224866216,   -0.005596204101,                 0,      -1.386480251
          0,           0,         268,      -8.109353272,      -8.707082369,      -8.572317534,      -7.556453982,             0.448,      0.0041017424,   -0.005687000663,                 0,                 0,                 0,    -0.03642917144,    0.004224827562,   -0.005596168272,                 0,      -1.386484111
          0,           0,         269,      -8.123456194,      -8.715627648,      -8.593238816,      -7.569947246,             0.448,    0.004101712312,   -0.005686991819,                 0,                 0,                 0,    -0.03642933048,    0.004224797289,   -0.005596160086,                 0,      -1.386492125
          0,           0,         270,      -8.139947021,      -8.722217476,      -8.615527381,       -7.58583962,             0.448,    0.004101690142,   -0.005687008766,                 0,                 0,                 0,    -0.03642948758,    0.004224775493,   -0.005596177513,                 0,      -1.386503751
          0,           0,         271,      -8.158790821,      -8.727787808,      -8.638779436,      -7.604125965,             0.448,    0.004101675881,   -0.005687049056,                 0,                 0,                 0,    -0.03642963941,    0.004224762115,   -0.005596218104,                 0,      -1.386518394
          0,           0,         272,      -8.179831218,       -8.73325789,      -8.662487273,       -7.62468033,             0.448,    0.004101669361,   -0.005687109869,                 0,                 0,                 0,    -0.03642978291,    0.004224756923,   -0.005596279046,                 0,      -1.386535425
          0,           0,         273,      -8.202780746,      -8.739443368,      -8.686051339,      -7.647247779,             0.448,    0.004101670248,   -0.005687188073,                 0,                 0,                 0,     -0.0364299153,    0.004224759515,   -0.005596357211,                 0,      -1.386554191
          0,           0,         274,      -8.227207132,      -8.747011654,      -8.708810544,      -7.671430696,             0.448,    0.004101678046,    -0.00568728028,                 0,                 0,                 0,    -0.03643003422,    0.004224769323,   -0.005596449226,                 0,      -1.386574036
          0,           0,         275,      -8.252520642,      -8.756468706,      -8.730099533,      -7.696674101,             0.448,    0.004101692109,   -0.005687382947,                 0,                 0,                 0,    -0.03643013777,    0.004224785622,   -0.005596551562,                 0,      -1.386594312
          0,           0,         276,      -8.277973731,      -8.768166332,      -8.749332023,      -7.722260591,             0.448,    0.004101711665,   -0.005687492469,                 0,                 0,                 0,    -0.03643022458,    0.004224807563,   -0.005596660631,                 0,      -1.386614402
          0,           0,         277,      -8.302689872,      -8.782318275,      -8.766096947,      -7.747331143,             0.448,    0.004101735854,   -0.005687605282,                 0,                 0,                 0,    -0.03643029382,    0.004224834207,    -0.00559677289,                 0,      -1.386633729
          0,           0,         278,      -8.325739312,      -8.799015738,      -8.780243453,       -7.77095005,             0.448,    0.004101763767,   -0.005687717983,                 0,                 0,                 0,    -0.03643034517,    0.004224864572,   -0.005596884955,                 0,      -1.386651769
          0,           0,         279,      -8.346267855,      -8.818234459,      -8.791924493,      -7.792223375,             0.448,    0.004101794488,    -0.00568782744,                 0,                 0,                 0,    -0.03643037881,    0.004224897674,   -0.005596993716,                 0,      -1.386668068
          0,           0,         280,       -8.36365662,      -8.839828099,      -8.801575841,      -7.810455536,             0.448,     0.00410182713,    -0.00568793089,                 0,                 0,                 0,    -0.03643039529,    0.004224932565,   -0.005597096429,                 0,      -1.386682254
          0,           0,         281,      -8.377659443,      -8.863510003,      -8.809833455,      -7.825297147,             0.448,    0.004101860857,   -0.005688025993,                 0,                 0,                 0,    -0.03643039553,    0.004224968358,   -0.005597190773,                 0,      -1.386694038
          0,           0,         282,      -8.388459201,      -8.888833083,      -8.817421061,      -7.836824614,             0.448,    0.004101894895,   -0.005688110838,                 0,                 0,                 0,    -0.03643038066,    0.004225004239,   -0.005597274856,                 0,      -1.386703215
          0,           0,         283,      -8.396618273,      -8.915178657,      -8.825047518,      -7.845516699,             0.448,    0.004101928543,   -0.005688183934,                 0,                 0,                 0,    -0.03643035205,    0.004225039474,     -0.0055973472,                 0,      -1.386709659
          0,           0,         284,      -8.402948943,      -8.941763083,      -8.833336967,      -7.852141443,             0.448,    0.004101961172,    -0.00568824417,                 0,                 0,                 0,    -0.03643031119,    0.004225073409,    -0.00559740671,                 0,      -1.386713314
          0,           0,         285,      -8.408359147,      -8.967672029,      -8.842793571,       -7.85760315,             0.448,    0.004101992225,   -0.005688290784,                 0,                 0,                 0,    -0.03643025967,    0.004225105472,   -0.005597452636,                 0,       -1.38671418
          0,           0,         286,      -8.413723334,      -8.991935556,      -8.853791298,      -7.862802728,             0.448,    0.004102021221,   -0.005688323325,                 0,                 0,                 0,    -0.03643019915,     0.00422513517,   -0.005597484537,                 0,      -1.386712311
          0,           0,         287,      -8.419801562,      -9.013651723,      -8.866577788,      -7.868542441,             0.448,    0.004102047748,   -0.005688341622,                 0,                 0,                 0,    -0.03643013134,     0.00422516209,   -0.005597502251,                 0,      -1.386707803
          0,           0,         288,      -8.427204655,      -9.032143486,      -8.881284066,      -7.875479288,             0.448,    0.004102071467,   -0.005688345764,                 0,                 0,                 0,    -0.03643005794,    0.004225185894,   -0.005597505874,                 0,      -1.386700795
          0,           0,         289,      -8.436390668,      -9.047102148,      -8.897934683,      -7.884114544,             0.448,    0.004102092105,   -0.005688336079,                 0,                 0,                 0,    -0.03642998064,    0.004225206315,   -0.005597495741,                 0,      -1.386691457
          0,           0,         290,      -8.447676821,      -9.058657773,      -8.916454533,      -7.894803123,             0.448,    0.004102109452,   -0.005688313118,                 0,                 0,                 0,    -0.03642990114,    0.004225223158,   -0.005597472408,                 0,      -1.386679996
          0,           0,         291,      -8.461255416,      -9.067344919,      -8.936671234,      -7.907769675,             0.448,    0.004102123368,   -0.005688277648,                 0,                 0,                 0,    -0.03642982107,    0.004225236296,   -0.005597436642,                 0,      -1.386666645
          0,           0,         292,       -8.47720715,      -9.073980851,      -8.958314164,      -7.923123515,             0.448,    0.004102133776,   -0.005688230643,                 0,                 0,                 0,    -0.03642974202,    0.004225245677,   -0.005597389421,                 0,      -1.386651668
          0,           0,         293,      -8.495507983,      -9.079510503,      -8.981012706,      -7.940867607,             0.448,    0.004102140671,   -0.005688173266,                 0,                 0,                 0,    -0.03642966552,    0.004225251319,   -0.005597331908,                 0,       -1.38663535
          0,           0,         294,      -8.516029248,      -9.084870543,      -9.004299083,      -7.960900784,             0.448,    0.004102144118,   -0.005688106862,                 0,                 0,                 0,    -0.03642959297,    0.004225253316,   -0.005597265445,                 0,      -1.386617998
          0,           0,         295,      -8.538530817,      -9.090898007,      -9.027620823,      -7.983012269,             0.448,    0.004102144252,   -0.005688032939,                 0,                 0,                 0,    -0.03642952567,    0.004225251837,   -0.005597191536,                 0,      -1.386599932
          0,           0,         296,      -8.562649616,      -9.098283514,      -9.050368152,      -8.006870363,             0.448,    0.004102141283,   -0.005687953128,                 0,                 0,                 0,    -0.03642946471,    0.004225247128,   -0.005597111808,                 0,      -1.386581479
          0,           0,         297,      -8.587888061,      -9.107556889,      -9.071921476,      -8.032009319,             0.448,    0.004102135487,   -0.005687869141,                 0,                 0,                 0,      -0.036429411,    0.004225239501,   -0.005597027968,                 0,      -1.386562964
          0,           0,         298,       -8.61361013,      -9.119091568,      -9.091720353,      -8.057821645,             0.448,    0.004102127197,   -0.005687782724,                 0,                 0,                 0,     -0.0364293652,    0.004225229328,   -0.005596941752,                 0,        -1.3865447
          0,           0,         299,      -8.639057143,      -9.133117621,       -9.10934648,      -8.083567495,             0.448,    0.004102116788,   -0.005687695598,                 0,                 0,                 0,    -0.03642932774,    0.004225217021,   -0.005596854874,                 0,      -1.386526979
          0,           0,         300,      -8.663397937,      -9.149736099,      -9.124601883,      -8.108416005,             0.448,    0.004102104662,   -0.005687609413,                 0,                 0,                 0,    -0.03642929879,    0.004225203018,   -0.005596768975,                 0,      -1.386510068
          0,           0,         301,      -8.685823125,       -9.16892712,      -9.137556514,      -8.131530086,             0.448,    0.004102091227,   -0.005687525693,                 0,                 0,                 0,    -0.03642927832,    0.004225187759,   -0.005596685567,                 0,        -1.3864942
          0,           0,         302,      -8.705674841,      -9.190546713,      -9.148544176,      -8.152190818,             0.448,     0.00410207688,   -0.005687445776,                 0,                 0,                 0,    -0.03642926608,    0.004225171673,   -0.005596605982,                 0,      -1.386479567
          0,           0,         303,       -8.72257769,      -9.214309688,      -9.158103761,      -8.169933071,             0.448,    0.004102062002,   -0.005687370802,                 0,                 0,                 0,    -0.03642926168,    0.004225155163,    -0.00559653135,                 0,      -1.386466318
          0,           0,         304,      -8.736520692,      -9.239767892,      -9.166886881,      -8.184644217,             0.448,    0.004102046944,   -0.005687301698,                 0,                 0,                 0,     -0.0364292646,      0.0042251386,   -0.005596462591,                 0,      -1.386454562
          0,           0,         305,      -8.747856241,      -9.266293704,      -9.175562358,      -8.196586432,             0.448,    0.004102032024,   -0.005687239186,                 0,                 0,                 0,    -0.03642927423,     0.00422512232,    -0.00559640042,                 0,      -1.386444365
          0,           0,         306,      -8.757218288,      -9.293080048,      -9.184742397,      -8.206334249,             0.448,     0.00410201753,   -0.005687183798,                 0,                 0,                 0,    -0.03642928987,    0.004225106622,   -0.005596345361,                 0,      -1.386435761
          0,           0,         307,      -8.765395792,       -9.31917084,      -9.194938165,      -8.214655558,             0.448,    0.004102003716,    -0.00568713589,                 0,                 0,                 0,    -0.03642931078,    0.004225091766,   -0.005596297766,                 0,      -1.386428751
          0,           0,         308,      -8.773206809,      -9.343537206,      -9.206540241,      -8.222380884,             0.448,    0.004101990802,   -0.005687095666,                 0,                 0,                 0,     -0.0364293362,    0.004225077978,   -0.005596257834,                 0,       -1.38642331
          0,           0,         309,      -8.781404059,      -9.365209022,      -9.219815156,      -8.230297179,             0.448,    0.004101978977,   -0.005687063195,                 0,                 0,                 0,    -0.03642936534,    0.004225065447,   -0.005596225628,                 0,      -1.386419391
          0,           0,         310,      -8.790620789,      -9.383446384,      -9.234910024,      -8.239081463,             0.448,    0.004101968396,   -0.005687038422,                 0,                 0,                 0,     -0.0364293974,    0.004225054328,   -0.005596201092,                 0,      -1.386416928
          0,           0,         311,      -8.801349673,      -9.397901001,      -9.251859419,      -8.249271058,             0.448,    0.004101959186,   -0.005687021182,                 0,                 0,                 0,    -0.03642943159,    0.004225044744,   -0.005596184057,                 0,      -1.386415838
          0,           0,         312,      -8.813941652,       -9.40869941,      -9.270590798,      -8.261258104,             0.448,    0.004101951443,   -0.005687011207,                 0,                 0,                 0,    -0.03642946712,    0.004225036785,   -0.005596174253,                 0,      -1.386416023
          0,           0,         313,      -8.828612882,      -9.416408074,      -9.290926485,      -8.275295572,             0.448,    0.004101945233,   -0.005687008133,                 0,                 0,                 0,    -0.03642950322,     0.00422503051,   -0.005596171315,                 0,      -1.386417373
          0,           0,         314,      -8.845451636,       -9.42189901,      -9.312582624,      -8.291505291,             0.448,    0.004101940594,   -0.005687011501,                 0,                 0,                 0,    -0.03642953915,    0.004225025945,   -0.005596174784,                 0,      -1.386419762
          0,           0,         315,      -8.864420575,      -9.426177303,      -9.335167868,      -8.309882288,             0.448,     0.00410193753,   -0.005687020766,                 0,                 0,                 0,    -0.03642957419,    0.004225023084,   -0.005596184113,                 0,      -1.386423056
          0,           0,         316,      -8.885352562,      -9.430231343,      -9.358186871,      -8.330292747,             0.448,    0.004101936015,   -0.005687035295,                 0,                 0,                 0,    -0.03642960766,    0.004225021886,   -0.005596198672,                 0,       -1.38642711
          0,           0,         317,      -8.907940712,       -9.43493513,      -9.381054887,      -8.352465503,             0.448,    0.004101935988,   -0.005687054383,                 0,                 0,                 0,    -0.03642963896,    0.004225022276,   -0.005596217756,                 0,      -1.386431773
          0,           0,         318,      -8.931726313,      -9.441001546,      -9.403130339,      -8.375979855,             0.448,    0.004101937356,   -0.005687077262,                 0,                 0,                 0,    -0.03642966756,    0.004225024143,     -0.0055962406,                 0,      -1.386436888
          0,           0,         319,      -8.956092104,      -9.448971996,      -9.423770836,      -8.400256365,             0.448,    0.004101939995,   -0.005687103124,                 0,                 0,                 0,    -0.03642969301,    0.004225027345,   -0.005596266398,                 0,      -1.386442301
          0,           0,         320,      -8.980273143,      -9.459226879,      -9.442413159,        -8.4245621,             0.448,    0.004101943755,   -0.005687131137,                 0,                 0,                 0,      -0.036429715,    0.004225031715,   -0.005596294322,                 0,      -1.386447859
          0,           0,         321,      -9.003401448,      -9.472005301,       -9.45866694,      -8.448046092,             0.448,    0.004101948467,   -0.005687160477,                 0,                 0,                 0,     -0.0364297333,    0.004225037066,   -0.005596323552,                 0,      -1.386453419
          0,           0,         322,      -9.024598262,      -9.487423382,      -9.472397826,      -8.469819943,             0.448,    0.004101953952,   -0.005687190346,                 0,                 0,                 0,     -0.0364297478,    0.004225043202,   -0.005596353295,                 0,      -1.386458847
          0,           0,         323,      -9.043111581,      -9.505482507,       -9.48376792,      -8.489085541,             0.448,    0.004101960028,   -0.005687220003,                 0,                 0,                 0,    -0.03642975851,    0.004225049923,   -0.005596382812,                 0,      -1.386464023
          0,           0,         324,      -9.058467091,       -9.52606311,      -9.493211184,      -8.505285453,             0.448,    0.004101966518,   -0.005687248784,                 0,                 0,                 0,     -0.0364297655,    0.004225057039,   -0.005596411445,                 0,      -1.386468846
          0,           0,         325,      -9.070577021,      -9.548908614,      -9.501350265,       -8.51822578,             0.448,    0.004101973251,   -0.005687276115,                 0,                 0,                 0,    -0.03642976893,    0.004225064367,   -0.005596438623,                 0,      -1.386473233
          0,           0,         326,      -9.079759217,      -9.573608195,      -9.508887756,      -8.528120171,             0.448,    0.004101980072,   -0.005687301515,                 0,                 0,                 0,    -0.03642976903,     0.00422507174,   -0.005596463868,                 0,       -1.38647712
          0,           0,         327,      -9.086659566,      -9.599585668,      -9.516509014,       -8.53553655,             0.448,    0.004101986837,   -0.005687324595,                 0,                 0,                 0,    -0.03642976603,    0.004225079007,   -0.005596486794,                 0,       -1.38648046
          0,           0,         328,      -9.092115111,      -9.626100394,      -9.524816947,      -8.541273059,             0.448,    0.004101993417,    -0.00568734505,                 0,                 0,                 0,    -0.03642976026,    0.004225086032,   -0.005596507101,                 0,      -1.386483222
          0,           0,         329,      -9.097011464,       -9.65226902,      -9.534299876,       -8.54621408,             0.448,    0.004101999699,   -0.005687362654,                 0,                 0,                 0,    -0.03642975201,    0.004225092697,   -0.005596524564,                 0,       -1.38648539
          0,           0,         330,      -9.102173796,      -9.677123685,      -9.545323136,      -8.551210455,             0.448,    0.004102005583,   -0.005687377256,                 0,                 0,                 0,    -0.03642974163,    0.004225098898,   -0.005596539034,                 0,      -1.386486961
          0,           0,         331,      -9.108304601,      -9.699718811,       -9.55813348,      -8.557004105,             0.448,    0.004102010986,   -0.005687388766,                 0,                 0,                 0,    -0.03642972947,     0.00422510455,   -0.005596550424,                 0,      -1.386487941
          0,           0,         332,      -9.115961293,      -9.719280425,      -9.572867769,      -8.564195176,             0.448,    0.004102015835,   -0.005687397154,                 0,                 0,                 0,    -0.03642971586,    0.004225109582,   -0.005596558704,                 0,      -1.386488347
          0,           0,         333,      -9.125558763,       -9.73535981,       -9.58956078,      -8.573238517,             0.448,    0.004102020076,   -0.005687402443,                 0,                 0,                 0,    -0.03642970117,    0.004225113936,   -0.005596563899,                 0,      -1.386488203
          0,           0,         334,      -9.137382844,      -9.747933187,        -9.6081497,      -8.584454895,             0.448,    0.004102023662,   -0.005687404704,                 0,                 0,                 0,    -0.03642968574,    0.004225117571,   -0.005596566081,                 0,      -1.386487542
          0,           0,         335,      -9.151605094,      -9.757402245,      -9.628474392,      -8.598046019,             0.448,    0.004102026564,   -0.005687404055,                 0,                 0,                 0,    -0.03642966991,    0.004225120459,   -0.005596565369,                 0,      -1.386486403
          0,           0,         336,        -9.1682934,      -9.764497189,      -9.650274442,      -8.614106737,             0.448,    0.004102028765,   -0.005687400656,                 0,                 0,                 0,    -0.03642965401,    0.004225122584,   -0.005596561923,                 0,       -1.38648483
          0,           0,         337,      -9.187415757,      -9.770127401,      -9.673185621,      -8.632630987,             0.448,    0.004102030258,   -0.005687394712,                 0,                 0,                 0,    -0.03642963837,    0.004225123948,   -0.005596555947,                 0,      -1.386482876
          0,           0,         338,      -9.208836207,      -9.775235895,      -9.696740201,      -8.653509953,             0.448,    0.004102031055,   -0.005687386465,                 0,                 0,                 0,    -0.03642962328,    0.004225124565,   -0.005596547685,                 0,      -1.386480597
          0,           0,         339,      -9.232303298,      -9.780692381,      -9.720376445,       -8.67652228,             0.448,     0.00410203118,   -0.005687376197,                 0,                 0,                 0,    -0.03642960904,    0.004225124465,   -0.005596537417,                 0,      -1.386478051
          0,           0,         340,      -9.257433076,      -9.787232737,      -9.743463861,      -8.701317761,             0.448,    0.004102030671,   -0.005687364223,                 0,                 0,                 0,    -0.03642959588,    0.004225123695,   -0.005596525456,                 0,      -1.386475304
          0,           0,         341,      -9.283691358,      -9.795434966,      -9.765349938,      -8.727398557,             0.448,    0.004102029581,   -0.005687350879,                 0,                 0,                 0,    -0.03642958403,    0.004225122315,   -0.005596512139,                 0,       -1.38647242
          0,           0,         342,      -9.310384075,      -9.805719331,      -9.785431115,        -8.7541061,             0.448,    0.004102027977,   -0.005687336517,                 0,                 0,                 0,    -0.03642957363,    0.004225120397,   -0.005596497816,                 0,      -1.386469461
          0,           0,         343,      -9.336670033,      -9.818361238,      -9.803241378,      -8.780627233,             0.448,    0.004102025931,   -0.005687321494,                 0,                 0,                 0,     -0.0364295648,    0.004225118024,   -0.005596482842,                 0,       -1.38646649
          0,           0,         344,       -9.36161492,       -9.83350865,       -9.81854027,      -8.806038048,             0.448,    0.004102023524,   -0.005687306159,                 0,                 0,                 0,    -0.03642955762,    0.004225115284,   -0.005596467563,                 0,      -1.386463565
          0,           0,         345,      -9.384300742,       -9.85119461,      -9.831371708,      -8.829401009,             0.448,    0.004102020838,   -0.005687290841,                 0,                 0,                 0,    -0.03642955209,    0.004225112264,   -0.005596452307,                 0,      -1.386460739
          0,           0,         346,      -9.403982425,      -9.871336574,      -9.842067339,      -8.849912566,             0.448,    0.004102017954,   -0.005687275842,                 0,                 0,                 0,    -0.03642954819,    0.004225109054,   -0.005596437374,                 0,      -1.386458057
          0,           0,         347,      -9.420247706,      -9.893722736,      -9.851187065,      -8.867065757,             0.448,    0.004102014949,   -0.005687261422,                 0,                 0,                 0,    -0.03642954587,    0.004225105734,   -0.005596423023,                 0,      -1.386455557
          0,           0,         348,      -9.433115542,      -9.917992466,      -9.859418404,      -8.880767169,             0.448,    0.004102011893,   -0.005687247803,                 0,                 0,                 0,    -0.03642954503,    0.004225102383,   -0.005596409474,                 0,       -1.38645327
          0,           0,         349,      -9.443028069,      -9.943622205,      -9.867470867,      -8.891356859,             0.448,    0.004102008853,   -0.005687235167,                 0,                 0,                 0,    -0.03642954558,    0.004225099067,   -0.005596396907,                 0,      -1.386451217
          0,           0,         350,      -9.450742627,      -9.969924212,      -9.875994681,      -8.899524003,             0.448,    0.004102005887,   -0.005687223655,                 0,                 0,                 0,    -0.03642954739,    0.004225095851,   -0.005596385463,                 0,      -1.386449413
          0,           0,         351,      -9.457174422,      -9.996065358,      -9.885533159,      -8.906158591,             0.448,    0.004102003048,   -0.005687213377,                 0,                 0,                 0,    -0.03642955031,    0.004225092788,   -0.005596375249,                 0,      -1.386447867
          0,           0,         352,      -9.463248329,      -10.02111664,      -9.896503645,      -8.912197322,             0.448,    0.004102000381,   -0.005687204406,                 0,                 0,                 0,    -0.03642955421,    0.004225089926,   -0.005596366339,                 0,      -1.386446582
          0,           0,         353,      -9.469795552,      -10.04414709,      -9.909196618,      -8.918506555,             0.448,    0.004101997925,   -0.005687196788,                 0,                 0,                 0,    -0.03642955894,    0.004225087304,   -0.005596358776,                 0,      -1.386445555
          0,           0,         354,      -9.477501428,      -10.06436062,      -9.923783272,      -8.925816408,             0.448,    0.004101995712,   -0.005687190543,                 0,                 0,                 0,    -0.03642956433,    0.004225084956,   -0.005596352581,                 0,       -1.38644478
          0,           0,         355,      -9.486891872,      -10.08124704,      -9.940324749,      -8.934697793,             0.448,     0.00410199377,   -0.005687185666,                 0,                 0,                 0,    -0.03642957025,    0.004225082908,   -0.005596347748,                 0,      -1.386444248
          0,           0,         356,      -9.498341124,      -10.09469342,       -9.95877877,      -8.945565606,             0.448,    0.004101992118,   -0.005687182131,                 0,                 0,                 0,    -0.03642957653,    0.004225081179,   -0.005596344249,                 0,      -1.386443944
          0,           0,         357,      -9.512086711,      -10.10500684,      -9.979001615,      -8.958692742,             0.448,    0.004101990771,   -0.005687179891,                 0,                 0,                 0,    -0.03642958302,    0.004225079784,   -0.005596342039,                 0,      -1.386443853
          0,           0,         358,      -9.528242614,      -10.11283974,      -10.00074591,      -8.974224451,             0.448,    0.004101989738,   -0.005687178881,                 0,                 0,                 0,    -0.03642958958,    0.004225078729,   -0.005596341052,                 0,      -1.386443956
          0,           0,         359,      -9.546805989,      -10.11905259,      -10.02365652,      -8.992187242,             0.448,    0.004101989022,   -0.005687179019,                 0,                 0,                 0,    -0.03642959607,    0.004225078016,   -0.005596341205,                 0,      -1.386444232
          0,           0,         360,      -9.567655407,      -10.12456897,      -10.04726923,      -9.012489572,             0.448,    0.004101988618,   -0.005687180202,                 0,                 0,                 0,    -0.03642960235,    0.004225077638,   -0.005596342397,                 0,      -1.386444657
          0,           0,         361,      -9.590540577,      -10.13026164,      -10.07101796,      -9.034913591,             0.448,    0.004101988518,   -0.005687182317,                 0,                 0,                 0,     -0.0364296083,    0.004225077584,   -0.005596344513,                 0,      -1.386445206
          0,           0,         362,      -9.615065739,      -10.13688272,      -10.09425746,      -9.059099478,             0.448,    0.004101988704,   -0.005687185231,                 0,                 0,                 0,    -0.03642961381,    0.004225077834,   -0.005596347423,                 0,      -1.386445854
          0,           0,         363,      -9.640672015,      -10.14503245,       -10.1163082,      -9.084526825,             0.448,    0.004101989154,   -0.005687188805,                 0,                 0,                 0,    -0.03642961877,    0.004225078361,   -0.005596350986,                 0,      -1.386446573
          0,           0,         364,      -9.666628732,      -10.15515446,      -10.13652808,       -9.11050229,             0.448,    0.004101989838,    -0.00568719289,                 0,                 0,                 0,    -0.03642962312,    0.004225079135,   -0.005596355056,                 0,      -1.386447338
          0,           0,         365,       -9.69204979,      -10.16754714,      -10.15440593,      -9.136168757,             0.448,    0.004101990725,   -0.005687197337,                 0,                 0,                 0,    -0.03642962681,    0.004225080119,   -0.005596359482,                 0,      -1.386448122
          0,           0,         366,      -9.715955753,      -10.18238131,      -10.16965913,      -9.160556376,             0.448,    0.004101991779,   -0.005687201997,                 0,                 0,                 0,     -0.0364296298,    0.004225081274,   -0.005596364118,                 0,      -1.386448902
          0,           0,         367,      -9.737396224,      -10.19971399,      -10.18230387,      -9.182691881,             0.448,    0.004101992963,   -0.005687206727,                 0,                 0,                 0,    -0.03642963209,    0.004225082561,   -0.005596368821,                 0,      -1.386449655
          0,           0,         368,      -9.755620564,      -10.21948813,      -10.19266573,      -9.201760613,             0.448,    0.004101994241,   -0.005687211398,                 0,                 0,                 0,    -0.03642963368,     0.00422508394,   -0.005596373463,                 0,      -1.386450361
          0,           0,         369,      -9.770245732,      -10.24151869,      -10.20131918,      -9.217278891,             0.448,    0.004101995578,   -0.005687215896,                 0,                 0,                 0,    -0.03642963459,    0.004225085376,    -0.00559637793,                 0,      -1.386451006
          0,           0,         370,      -9.781350084,      -10.26547364,      -10.20897882,      -9.229209144,             0.448,    0.004101996943,   -0.005687220122,                 0,                 0,                 0,    -0.03642963486,    0.004225086832,   -0.005596382126,                 0,      -1.386451575
          0,           0,         371,      -9.789449152,      -10.29086042,      -10.21638484,       -9.23796539,             0.448,    0.004101998306,   -0.005687223998,                 0,                 0,                 0,    -0.03642963453,    0.004225088279,   -0.005596385971,                 0,      -1.386452059
          0,           0,         372,      -9.795368424,      -10.31702592,      -10.22421554,      -9.244309211,             0.448,     0.00410199964,   -0.005687227458,                 0,                 0,                 0,    -0.03642963366,    0.004225089689,   -0.005596389402,                 0,      -1.386452452
          0,           0,         373,      -9.800072835,      -10.34317288,      -10.23303773,      -9.249186119,             0.448,    0.004102000922,   -0.005687230453,                 0,                 0,                 0,    -0.03642963231,    0.004225091036,   -0.005596392368,                 0,      -1.386452749
          0,           0,         374,      -9.804514963,       -10.3684036,      -10.24328832,      -9.253565632,             0.448,    0.004102002131,   -0.005687232948,                 0,                 0,                 0,    -0.03642963054,    0.004225092299,   -0.005596394835,                 0,      -1.386452948
          0,           0,         375,      -9.809535562,      -10.39180462,       -10.2552753,      -9.258326861,             0.448,    0.004102003249,   -0.005687234919,                 0,                 0,                 0,    -0.03642962841,    0.004225093459,   -0.005596396782,                 0,      -1.386453051
          0,           0,         376,      -9.815818444,      -10.41257352,      -10.26918735,      -9.264199573,             0.448,    0.004102004261,   -0.005687236354,                 0,                 0,                 0,    -0.03642962599,    0.004225094503,   -0.005596398195,                 0,      -1.386453059
          0,           0,         377,      -9.823884075,      -10.43016574,      -10.28510486,      -9.271748808,             0.448,    0.004102005155,   -0.005687237254,                 0,                 0,                 0,    -0.03642962335,    0.004225095416,   -0.005596399074,                 0,      -1.386452976
          0,           0,         378,      -9.834103317,      -10.44441001,      -10.30300816,      -9.281384574,             0.448,    0.004102005922,   -0.005687237625,                 0,                 0,                 0,    -0.03642962054,    0.004225096191,   -0.005596399429,                 0,      -1.386452807
          0,           0,         379,      -9.846717035,      -10.45554493,      -10.32278068,      -9.293380866,             0.448,    0.004102006554,   -0.005687237487,                 0,                 0,                 0,    -0.03642961765,     0.00422509682,   -0.005596399277,                 0,       -1.38645256
          0,           0,         380,      -9.861853357,      -10.46415958,       -10.3442074,      -9.307894218,             0.448,    0.004102007048,   -0.005687236863,                 0,                 0,                 0,    -0.03642961472,    0.004225097299,   -0.005596398643,                 0,      -1.386452241
          0,           0,         381,      -9.879538308,      -10.47106957,      -10.36697076,      -9.324976509,             0.448,      0.0041020074,    -0.00568723579,                 0,                 0,                 0,    -0.03642961183,    0.004225097629,   -0.005596397562,                 0,       -1.38645186
          0,           0,         382,      -9.899698225,      -10.47717567,      -10.39064795,      -9.344579752,             0.448,    0.004102007613,   -0.005687234307,                 0,                 0,                 0,    -0.03642960903,    0.004225097809,   -0.005596396074,                 0,      -1.386451426
          0,           0,         383,      -9.922153575,      -10.48334827,      -10.41471472,      -9.366551974,             0.448,    0.004102007691,   -0.005687232463,                 0,                 0,                 0,    -0.03642960637,    0.004225097846,    -0.00559639423,                 0,      -1.386450951
          0,           0,         384,      -9.946605258,      -10.49035312,      -10.43856145,      -9.390624863,             0.448,    0.004102007639,   -0.005687230314,                 0,                 0,                 0,    -0.03642960391,    0.004225097747,   -0.005596392082,                 0,      -1.386450445
          0,           0,         385,      -9.972616252,      -10.49881355,      -10.46152855,      -9.416395331,             0.448,    0.004102007467,    -0.00568722792,                 0,                 0,                 0,    -0.03642960168,    0.004225097524,   -0.005596389692,                 0,      -1.386449919
          0,           0,         386,       -9.99959443,      -10.50920044,      -10.48296599,      -9.443306282,             0.448,    0.004102007188,   -0.005687225343,                 0,                 0,                 0,    -0.03642959972,    0.004225097188,   -0.005596387122,                 0,      -1.386449385
          0,           0,         387,      -10.02678708,      -10.52183695,      -10.50231542,      -9.470636513,             0.448,    0.004102006816,   -0.005687222648,                 0,                 0,                 0,    -0.03642959806,    0.004225096757,   -0.005596384436,                 0,      -1.386448854
          0,           0,         388,      -10.05330354,      -10.53691187,      -10.51920309,      -9.497515413,             0.448,    0.004102006365,   -0.005687219899,                 0,                 0,                 0,    -0.03642959671,    0.004225096247,   -0.005596381697,                 0,      -1.386448336
          0,           0,         389,       -10.0781856,       -10.5544941,       -10.5335182,      -9.522982398,             0.448,    0.004102005854,   -0.005687217156,                 0,                 0,                 0,    -0.03642959567,    0.004225095676,   -0.005596378967,                 0,       -1.38644784
          0,           0,         390,      -10.10053578,      -10.57453841,      -10.54544872,      -9.546103576,             0.448,    0.004102005297,   -0.005687214477,                 0,                 0,                 0,    -0.03642959495,    0.004225095061,     -0.0055963763,                 0,      -1.386447375
          0,           0,         391,      -10.11968419,      -10.59687673,       -10.5554534,       -9.56613351,             0.448,     0.00410200471,    -0.00568721191,                 0,                 0,                 0,    -0.03642959452,    0.004225094418,   -0.005596373747,                 0,      -1.386446948
          0,           0,         392,      -10.13533922,      -10.62119718,      -10.56417817,       -9.58267486,             0.448,    0.004102004109,   -0.005687209498,                 0,                 0,                 0,    -0.03642959439,    0.004225093764,   -0.005596371348,                 0,      -1.386446563
          0,           0,         393,      -10.14765709,      -10.64702304,      -10.57234647,      -9.595771571,             0.448,    0.004102003505,   -0.005687207273,                 0,                 0,                 0,    -0.03642959451,    0.004225093113,   -0.005596369137,                 0,      -1.386446225
          0,           0,         394,      -10.15719864,      -10.67370207,      -10.58066042,      -9.605894018,             0.448,    0.004102002913,   -0.005687205264,                 0,                 0,                 0,    -0.03642959489,    0.004225092476,   -0.005596367141,                 0,      -1.386445935
          0,           0,         395,      -10.16479664,      -10.70041786,      -10.58973351,      -9.613825343,             0.448,    0.004102002342,    -0.00568720349,                 0,                 0,                 0,    -0.03642959548,    0.004225091866,    -0.00559636538,                 0,      -1.386445696
          0,           0,         396,      -10.17139253,      -10.72623135,      -10.60005631,      -9.620500624,             0.448,    0.004102001801,   -0.005687201965,                 0,                 0,                 0,    -0.03642959625,    0.004225091293,   -0.005596363867,                 0,      -1.386445506
          0,           0,         397,      -10.17789733,      -10.75016569,      -10.61198654,      -9.626857075,             0.448,      0.0041020013,   -0.005687200697,                 0,                 0,                 0,    -0.03642959719,    0.004225090764,    -0.00559636261,                 0,      -1.386445367
          0,           0,         398,      -10.18510358,      -10.77134228,      -10.62575306,      -9.633730708,             0.448,    0.004102000845,   -0.005687199688,                 0,                 0,                 0,    -0.03642959826,    0.004225090287,   -0.005596361612,                 0,      -1.386445275
          0,           0,         399,      -10.19364665,      -10.78914102,      -10.64146551,      -9.641805055,             0.448,    0.004102000442,   -0.005687198939,                 0,                 0,                 0,    -0.03642959943,    0.004225089868,   -0.005596360872,                 0,      -1.386445228
          0,           0,         400,      -10.20399974,      -10.80333728,      -10.65912417,      -9.651598689,             0.448,    0.004102000095,   -0.005687198443,                 0,                 0,                 0,    -0.03642960067,     0.00422508951,   -0.005596360383,                 0,      -1.386445225
          0,           0,         401,       -10.2164851,      -10.81415454,      -10.67862534,       -9.66347375,             0.448,    0.004101999807,    -0.00568719819,                 0,                 0,                 0,    -0.03642960195,    0.004225089217,   -0.005596360137,                 0,       -1.38644526
          0,           0,         402,       -10.2312891,       -10.8222078,      -10.69976194,      -9.677651175,             0.448,    0.004101999581,   -0.005687198168,                 0,                 0,                 0,    -0.03642960324,     0.00422508899,    -0.00559636012,                 0,      -1.386445331
          0,           0,         403,      -10.24847347,      -10.82836667,      -10.72222053,      -9.694223945,             0.448,    0.004101999418,   -0.005687198361,                 0,                 0,                 0,    -0.03642960452,    0.004225088831,   -0.005596360316,                 0,      -1.386445434
          0,           0,         404,      -10.26797938,      -10.83359674,      -10.74557895,      -9.713163479,             0.448,    0.004101999317,   -0.005687198748,                 0,                 0,                 0,    -0.03642960575,    0.004225088739,   -0.005596360705,                 0,      -1.386445562
          0,           0,         405,      -10.28962285,      -10.83882967,      -10.76930962,      -9.734317372,             0.448,    0.004101999276,   -0.005687199306,                 0,                 0,                 0,    -0.03642960692,    0.004225088711,   -0.005596361264,                 0,      -1.386445712
          0,           0,         406,      -10.31308303,      -10.84487894,      -10.79279579,      -9.757398995,             0.448,    0.004101999294,    -0.00568720001,                 0,                 0,                 0,    -0.03642960801,    0.004225088744,   -0.005596361968,                 0,      -1.386445877
          0,           0,         407,      -10.33788679,      -10.85240195,      -10.81536689,      -9.781971895,             0.448,    0.004101999366,   -0.005687200833,                 0,                 0,                 0,    -0.03642960898,    0.004225088833,   -0.005596362789,                 0,      -1.386446054
          0,           0,         408,      -10.36339713,      -10.86189095,      -10.83635998,      -9.807435638,             0.448,    0.004101999486,   -0.005687201746,                 0,                 0,                 0,    -0.03642960984,    0.004225088973,   -0.005596363699,                 0,      -1.386446236
          0,           0,         409,      -10.38881832,      -10.87368349,       -10.8552046,        -9.8330253,             0.448,    0.004101999648,    -0.00568720272,                 0,                 0,                 0,    -0.03642961056,    0.004225089157,   -0.005596364669,                 0,      -1.386446418
          0,           0,         410,      -10.41323538,      -10.88797934,      -10.87152205,      -9.857841732,             0.448,    0.004101999846,   -0.005687203724,                 0,                 0,                 0,    -0.03642961114,    0.004225089377,   -0.005596365669,                 0,      -1.386446596
          0,           0,         411,      -10.43570561,      -10.90485736,      -10.88520846,      -9.880931243,             0.448,    0.004102000072,   -0.005687204732,                 0,                 0,                 0,    -0.03642961159,    0.004225089625,   -0.005596366672,                 0,      -1.386446765
          0,           0,         412,      -10.45540347,      -10.92428084,      -10.89647099,      -9.901420001,             0.448,    0.004102000319,   -0.005687205719,                 0,                 0,                 0,    -0.03642961189,    0.004225089893,   -0.005596367652,                 0,      -1.386446922
          0,           0,         413,       -10.4717869,      -10.94608938,      -10.90579436,      -9.918679484,             0.448,     0.00410200058,   -0.005687206661,                 0,                 0,                 0,    -0.03642961206,    0.004225090175,   -0.005596368588,                 0,      -1.386447064
          0,           0,         414,      -10.48472343,      -10.96997802,      -10.91384738,      -9.932466798,             0.448,    0.004102000848,   -0.005687207539,                 0,                 0,                 0,    -0.03642961209,    0.004225090462,   -0.005596369461,                 0,      -1.386447187
          0,           0,         415,      -10.49451972,      -10.99547579,      -10.92136735,      -9.942980919,             0.448,    0.004102001118,   -0.005687208339,                 0,                 0,                 0,    -0.03642961201,    0.004225090749,   -0.005596370254,                 0,      -1.386447291
          0,           0,         416,      -10.50184241,      -11.02194015,      -10.92906022,      -9.950809556,             0.448,    0.004102001384,   -0.005687209047,                 0,                 0,                 0,    -0.03642961182,     0.00422509103,   -0.005596370957,                 0,      -1.386447374
          0,           0,         417,      -10.50757006,      -11.04856453,      -10.93753637,      -9.956794876,             0.448,     0.00410200164,   -0.005687209655,                 0,                 0,                 0,    -0.03642961153,      0.0042250913,   -0.005596371559,                 0,      -1.386447436
          0,           0,         418,      -10.51263638,      -11.07441687,      -10.94728112,      -9.961874397,             0.448,    0.004102001883,   -0.005687210156,                 0,                 0,                 0,    -0.03642961116,    0.004225091554,   -0.005596372054,                 0,      -1.386447476
          0,           0,         419,      -10.51791009,      -11.09851599,      -10.95864852,      -9.966948215,             0.448,     0.00410200211,   -0.005687210546,                 0,                 0,                 0,    -0.03642961072,    0.004225091789,   -0.005596372439,                 0,      -1.386447494
          0,           0,         420,        -10.524127,      -11.11996591,      -10.97186771,      -9.972796494,             0.448,    0.004102002316,   -0.005687210823,                 0,                 0,                 0,    -0.03642961021,    0.004225092001,   -0.005596372712,                 0,      -1.386447492
          0,           0,         421,      -10.53186625,      -11.13811216,      -10.98705327,      -9.980044618,             0.448,    0.004102002499,   -0.005687210988,                 0,                 0,                 0,    -0.03642960967,    0.004225092188,   -0.005596372873,                 0,       -1.38644747
          0,           0,         422,      -10.54155376,      -11.15268554,       -11.0042149,       -9.98916078,             0.448,    0.004102002658,   -0.005687211043,                 0,                 0,                 0,    -0.03642960909,    0.004225092347,   -0.005596372924,                 0,       -1.38644743
          0,           0,         423,      -10.55347758,      -11.16386093,      -11.02326292,      -10.00046941,             0.448,     0.00410200279,   -0.005687210991,                 0,                 0,                 0,    -0.03642960849,    0.004225092478,    -0.00559637287,                 0,      -1.386447373
          0,           0,         424,      -10.56780432,      -11.17221516,      -11.04400861,       -10.0141683,             0.448,    0.004102002895,    -0.00568721084,                 0,                 0,                 0,    -0.03642960789,     0.00422509258,   -0.005596372716,                 0,        -1.3864473
          0,           0,         425,      -10.58459092,      -11.17859249,      -11.06616168,      -10.03034236,             0.448,    0.004102002972,   -0.005687210595,                 0,                 0,                 0,    -0.03642960729,    0.004225092652,    -0.00559637247,                 0,      -1.386447215
          0,           0,         426,       -10.6037894,      -11.18395021,      -11.08932795,      -10.04897051,             0.448,    0.004102003021,   -0.005687210266,                 0,                 0,                 0,    -0.03642960671,    0.004225092694,    -0.00559637214,                 0,      -1.386447118
          0,           0,         427,       -10.6252435,       -11.1892233,      -11.11301075,      -10.06992471,             0.448,    0.004102003043,   -0.005687209863,                 0,                 0,                 0,    -0.03642960616,    0.004225092707,   -0.005596371736,                 0,      -1.386447012
          0,           0,         428,      -10.64867777,       -11.1952396,      -11.13662502,      -10.09296029,             0.448,    0.004102003039,   -0.005687209397,                 0,                 0,                 0,    -0.03642960565,    0.004225092692,   -0.005596371271,                 0,        -1.3864469
          0,           0,         429,      -10.67368226,      -11.20267336,      -11.15952714,      -10.11770092,             0.448,     0.00410200301,   -0.005687208881,                 0,                 0,                 0,    -0.03642960519,    0.004225092653,   -0.005596370756,                 0,      -1.386446784
          0,           0,         430,      -10.69969773,      -11.21203664,      -11.18106798,       -10.1436219,             0.448,     0.00410200296,   -0.005687208329,                 0,                 0,                 0,    -0.03642960479,     0.00422509259,   -0.005596370204,                 0,      -1.386446666
          0,           0,         431,      -10.72601142,      -11.22368583,      -11.20066901,      -10.17004159,             0.448,     0.00410200289,   -0.005687207753,                 0,                 0,                 0,    -0.03642960444,    0.004225092508,    -0.00559636963,                 0,      -1.386446549
          0,           0,         432,      -10.75177792,      -11.23783416,      -11.21791404,      -10.19613499,             0.448,    0.004102002804,   -0.005687207166,                 0,                 0,                 0,    -0.03642960416,    0.004225092409,   -0.005596369045,                 0,      -1.386446435
          0,           0,         433,      -10.77608309,      -11.25457077,      -11.23263204,      -10.22098713,             0.448,    0.004102002705,   -0.005687206582,                 0,                 0,                 0,    -0.03642960395,    0.004225092297,   -0.005596368463,                 0,      -1.386446327
          0,           0,         434,       -10.7980609,       -11.2738665,      -11.24494299,      -10.24369921,             0.448,    0.004102002596,   -0.005687206012,                 0,                 0,                 0,    -0.03642960379,    0.004225092176,   -0.005596367896,                 0,      -1.386446224
          0,           0,         435,      -10.81704734,      -11.29556989,      -11.25524507,      -10.26353689,             0.448,     0.00410200248,   -0.005687205466,                 0,                 0,                 0,     -0.0364296037,    0.004225092048,   -0.005596367353,                 0,       -1.38644613
          0,           0,         436,      -10.83272428,      -11.31938663,      -11.26414092,      -10.28008179,             0.448,    0.004102002361,   -0.005687204953,                 0,                 0,                 0,    -0.03642960367,    0.004225091918,   -0.005596366843,                 0,      -1.386446046
          0,           0,         437,      -10.84519322,      -11.34486143,      -11.27233236,      -10.29332638,             0.448,    0.004102002241,   -0.005687204481,                 0,                 0,                 0,     -0.0364296037,    0.004225091787,   -0.005596366373,                 0,      -1.386445971
          0,           0,         438,      -10.85494656,      -11.37135895,      -11.28051979,      -10.30367189,             0.448,    0.004102002122,   -0.005687204055,                 0,                 0,                 0,    -0.03642960378,    0.004225091659,    -0.00559636595,                 0,      -1.386445908
          0,           0,         439,      -10.86275194,      -11.39806954,      -11.28932767,      -10.31183204,             0.448,    0.004102002007,   -0.005687203679,                 0,                 0,                 0,     -0.0364296039,    0.004225091536,   -0.005596365576,                 0,      -1.386445855
          0,           0,         440,       -10.8695009,       -11.4240484,      -11.29926596,      -10.31868624,             0.448,    0.004102001898,   -0.005687203356,                 0,                 0,                 0,    -0.03642960406,     0.00422509142,   -0.005596365256,                 0,      -1.386445813
          0,           0,         441,      -10.87607433,      -11.44829126,      -11.31071517,      -10.32513646,             0.448,    0.004102001796,   -0.005687203088,                 0,                 0,                 0,    -0.03642960425,    0.004225091312,    -0.00559636499,                 0,      -1.386445782
          0,           0,         442,      -10.88325191,      -11.46985882,      -11.32392778,       -10.3320025,             0.448,    0.004102001703,   -0.005687202875,                 0,                 0,                 0,    -0.03642960448,    0.004225091215,   -0.005596364779,                 0,      -1.386445761
          0,           0,         443,      -10.89166876,      -11.48805632,      -11.33903695,      -10.33996598,             0.448,    0.004102001621,   -0.005687202717,                 0,                 0,                 0,    -0.03642960472,    0.004225091129,   -0.005596364623,                 0,      -1.386445751
          0,           0,         444,      -10.90180513,      -11.50257461,      -11.35606511,      -10.34955222,             0.448,    0.004102001549,   -0.005687202613,                 0,                 0,                 0,    -0.03642960498,    0.004225091055,    -0.00559636452,                 0,       -1.38644575
          0,           0,         445,      -10.91399422,      -11.51356675,      -11.37493038,      -10.36113461,             0.448,    0.004102001489,   -0.005687202561,                 0,                 0,                 0,    -0.03642960525,    0.004225090993,    -0.00559636447,                 0,      -1.386445757
          0,           0,         446,        -10.928435,       -11.5216027,      -11.39544795,      -10.37494717,             0.448,    0.004102001441,   -0.005687202558,                 0,                 0,                 0,    -0.03642960552,    0.004225090945,   -0.005596364468,                 0,      -1.386445773
          0,           0,         447,      -10.94520273,      -11.52754637,       -11.4173285,      -10.39109678,             0.448,    0.004102001405,   -0.005687202601,                 0,                 0,                 0,    -0.03642960579,    0.004225090911,   -0.005596364512,                 0,      -1.386445795
          0,           0,         448,      -10.96425322,         -11.53238,      -11.44017612,      -10.40956978,             0.448,    0.004102001382,   -0.005687202686,                 0,                 0,                 0,    -0.03642960605,     0.00422509089,   -0.005596364598,                 0,      -1.386445824
          0,           0,         449,      -10.98541858,       -11.5370659,      -11.46349135,      -10.43022965,             0.448,    0.004102001372,   -0.005687202809,                 0,                 0,                 0,     -0.0364296063,    0.004225090882,    -0.00559636472,                 0,      -1.386445857
          0,           0,         450,       -11.0083971,      -11.54245059,      -11.48668456,      -10.45280879,             0.448,    0.004102001373,   -0.005687202962,                 0,                 0,                 0,    -0.03642960653,    0.004225090886,   -0.005596364874,                 0,      -1.386445894
          0,           0,         451,      -11.03273876,      -11.54923412,      -11.50910802,      -10.47689372,             0.448,    0.004102001385,   -0.005687203142,                 0,                 0,                 0,    -0.03642960674,    0.004225090902,   -0.005596365053,                 0,      -1.386445934
          0,           0,         452,      -11.05783421,      -11.55793639,      -11.53011143,      -10.50191178,             0.448,    0.004102001407,   -0.005687203342,                 0,                 0,                 0,    -0.03642960693,    0.004225090929,   -0.005596365253,                 0,      -1.386445976
          0,           0,         453,      -11.08291855,      -11.56892354,      -11.54911982,      -10.52712984,             0.448,    0.004102001437,   -0.005687203556,                 0,                 0,                 0,    -0.03642960708,    0.004225090964,   -0.005596365466,                 0,      -1.386446017
          0,           0,         454,      -11.10710725,      -11.58242045,      -11.56572824,      -10.55168137,             0.448,    0.004102001476,   -0.005687203777,                 0,                 0,                 0,    -0.03642960721,    0.004225091007,   -0.005596365686,                 0,      -1.386446058
          0,           0,         455,       -11.1294805,      -11.59852497,      -11.57978713,      -10.57463932,             0.448,     0.00410200152,      -0.005687204,                 0,                 0,                 0,    -0.03642960731,    0.004225091056,   -0.005596365908,                 0,      -1.386446098
          0,           0,         456,      -11.14921904,      -11.61722468,      -11.59144382,      -10.59514134,             0.448,    0.004102001568,    -0.00568720422,                 0,                 0,                 0,    -0.03642960738,    0.004225091109,   -0.005596366126,                 0,      -1.386446135
          0,           0,         457,      -11.16576411,       -11.6383803,      -11.60112478,      -10.61254752,             0.448,     0.00410200162,    -0.00568720443,                 0,                 0,                 0,    -0.03642960743,    0.004225091165,   -0.005596366336,                 0,      -1.386446169
          0,           0,         458,      -11.17894519,      -11.66171184,      -11.60945272,      -10.62658048,             0.448,    0.004102001673,   -0.005687204629,                 0,                 0,                 0,    -0.03642960744,    0.004225091223,   -0.005596366533,                 0,      -1.386446199
          0,           0,         459,      -11.18901867,      -11.68678462,      -11.61713792,      -10.63738886,             0.448,    0.004102001727,   -0.005687204811,                 0,                 0,                 0,    -0.03642960743,    0.004225091281,   -0.005596366714,                 0,      -1.386446225
          0,           0,         460,      -11.19660138,      -11.71298122,      -11.62487667,      -10.64550688,             0.448,    0.004102001781,   -0.005687204974,                 0,                 0,                 0,     -0.0364296074,    0.004225091338,   -0.005596366876,                 0,      -1.386446247
          0,           0,         461,      -11.20253402,      -11.73952426,      -11.63328379,      -10.65173317,             0.448,    0.004102001833,   -0.005687205116,                 0,                 0,                 0,    -0.03642960735,    0.004225091393,   -0.005596367017,                 0,      -1.386446264
          0,           0,         462,      -11.20772778,      -11.76549754,      -11.64285503,      -10.65697664,             0.448,    0.004102001882,   -0.005687205236,                 0,                 0,                 0,    -0.03642960727,    0.004225091445,   -0.005596367135,                 0,      -1.386446277
          0,           0,         463,      -11.21304353,       -11.7899166,      -11.65396028,      -10.66212495,             0.448,    0.004102001928,   -0.005687205332,                 0,                 0,                 0,    -0.03642960719,    0.004225091493,   -0.005596367231,                 0,      -1.386446284
          0,           0,         464,      -11.21921996,      -11.81184418,      -11.66684614,      -10.66795861,             0.448,     0.00410200197,   -0.005687205404,                 0,                 0,                 0,    -0.03642960709,    0.004225091537,   -0.005596367302,                 0,      -1.386446288
          0,           0,         465,      -11.22684501,      -11.83055758,      -11.68164481,      -10.67511084,             0.448,    0.004102002008,   -0.005687205453,                 0,                 0,                 0,    -0.03642960698,    0.004225091576,    -0.00559636735,                 0,      -1.386446287
          0,           0,         466,      -11.23635659,      -11.84569537,      -11.69838286,      -10.68406191,             0.448,    0.004102002041,   -0.005687205478,                 0,                 0,                 0,    -0.03642960686,    0.004225091609,   -0.005596367374,                 0,      -1.386446282
          0,           0,         467,      -11.24805569,      -11.85733891,      -11.71698758,      -10.69514959,             0.448,    0.004102002069,    -0.00568720548,                 0,                 0,                 0,    -0.03642960673,    0.004225091637,   -0.005596367375,                 0,      -1.386446273
          0,           0,         468,      -11.26212176,      -11.86599394,      -11.73728762,      -10.70858505,             0.448,    0.004102002091,    -0.00568720546,                 0,                 0,                 0,    -0.03642960661,    0.004225091659,   -0.005596367355,                 0,       -1.38644626
          0,           0,         469,      -11.27862457,      -11.87246119,      -11.75901163,      -10.72446625,             0.448,    0.004102002108,   -0.005687205419,                 0,                 0,                 0,    -0.03642960648,    0.004225091675,   -0.005596367314,                 0,      -1.386446245
          0,           0,         470,       -11.2975289,      -11.87769391,      -11.78178234,      -10.74278529,             0.448,    0.004102002119,   -0.005687205361,                 0,                 0,                 0,    -0.03642960636,    0.004225091685,   -0.005596367255,                 0,      -1.386446227
          0,           0,         471,      -11.31869165,      -11.88264118,      -11.80512457,        -10.763427,             0.448,    0.004102002125,   -0.005687205285,                 0,                 0,                 0,    -0.03642960625,    0.004225091689,   -0.005596367179,                 0,      -1.386446207
          0,           0,         472,      -11.34185181,      -11.88816045,       -11.8284727,      -10.78616122,             0.448,    0.004102002125,   -0.005687205195,                 0,                 0,                 0,    -0.03642960614,    0.004225091687,    -0.00559636709,                 0,      -1.386446185
          0,           0,         473,       -11.3666146,      -11.89495241,      -11.85119848,      -10.81062692,             0.448,     0.00410200212,   -0.005687205094,                 0,                 0,                 0,    -0.03642960604,     0.00422509168,   -0.005596366988,                 0,      -1.386446161
          0,           0,         474,      -11.39243664,      -11.90357787,      -11.87266347,      -10.83631624,             0.448,    0.004102002111,   -0.005687204983,                 0,                 0,                 0,    -0.03642960595,    0.004225091669,   -0.005596366878,                 0,      -1.386446137
          0,           0,         475,      -11.41861948,      -11.91441446,      -11.89229071,      -10.86256381,             0.448,    0.004102002098,   -0.005687204866,                 0,                 0,                 0,    -0.03642960587,    0.004225091653,   -0.005596366761,                 0,      -1.386446113
          0,           0,         476,       -11.4443279,      -11.92771237,      -11.90964856,      -10.88855813,             0.448,    0.004102002082,   -0.005687204745,                 0,                 0,                 0,    -0.03642960581,    0.004225091634,   -0.005596366641,                 0,       -1.38644609
          0,           0,         477,      -11.46864891,      -11.94358912,       -11.9245368,      -10.91339055,             0.448,    0.004102002062,   -0.005687204624,                 0,                 0,                 0,    -0.03642960576,    0.004225091612,    -0.00559636652,                 0,      -1.386446066
          0,           0,         478,      -11.49070305,       -11.9620487,       -11.9370386,       -10.9361544,             0.448,    0.004102002041,   -0.005687204504,                 0,                 0,                 0,    -0.03642960572,    0.004225091588,   -0.005596366401,                 0,      -1.386446044
          0,           0,         479,      -11.50979825,       -11.9829728,      -11.94751478,      -10.95609256,             0.448,    0.004102002018,   -0.005687204388,                 0,                 0,                 0,    -0.03642960569,    0.004225091563,   -0.005596366285,                 0,      -1.386446024
          0,           0,         480,      -11.52557854,      -12.00611121,      -11.95653287,      -10.97275133,             0.448,    0.004102001994,   -0.005687204279,                 0,                 0,                 0,    -0.03642960568,    0.004225091537,   -0.005596366176,                 0,      -1.386446005
          0,           0,         481,      -11.53810622,       -12.0310653,      -11.96477683,      -10.98608259,             0.448,     0.00410200197,   -0.005687204176,                 0,                 0,                 0,    -0.03642960568,     0.00422509151,   -0.005596366074,                 0,      -1.386445988
          0,           0,         482,      -11.54784359,      -12.05724359,      -11.97294045,      -10.99645281,             0.448,    0.004102001946,   -0.005687204083,                 0,                 0,                 0,    -0.03642960569,    0.004225091484,   -0.005596365981,                 0,      -1.386445974
          0,           0,         483,      -11.55554266,       -12.0839032,      -11.98164901,      -11.00455359,             0.448,    0.004102001923,   -0.005687203999,                 0,                 0,                 0,    -0.03642960571,    0.004225091459,   -0.005596365898,                 0,      -1.386445961
          0,           0,         484,      -11.56209455,      -12.11013765,      -11.99142422,      -11.01125759,             0.448,    0.004102001901,   -0.005687203925,                 0,                 0,                 0,    -0.03642960574,    0.004225091435,   -0.005596365825,                 0,      -1.386445951
          0,           0,         485,      -11.56839008,      -12.13495824,      -12.00265853,      -11.01747178,             0.448,     0.00410200188,   -0.005687203863,                 0,                 0,                 0,    -0.03642960578,    0.004225091413,   -0.005596365763,                 0,      -1.386445942
          0,           0,         486,      -11.57522479,      -12.15741421,      -12.01562121,      -11.02402917,             0.448,    0.004102001861,   -0.005687203812,                 0,                 0,                 0,    -0.03642960582,    0.004225091393,   -0.005596365712,                 0,      -1.386445936
          0,           0,         487,      -11.58325267,       -12.1767163,      -12.03046229,      -11.03162937,             0.448,    0.004102001844,   -0.005687203772,                 0,                 0,                 0,    -0.03642960586,    0.004225091375,   -0.005596365673,                 0,      -1.386445933
          0,           0,         488,      -11.59297215,      -12.19243647,      -12.04722465,      -11.04081571,             0.448,    0.004102001829,   -0.005687203743,                 0,                 0,                 0,    -0.03642960591,    0.004225091359,   -0.005596365644,                 0,      -1.386445931
          0,           0,         489,      -11.60473533,      -12.20457254,      -12.06584621,      -11.05198038,             0.448,    0.004102001816,   -0.005687203725,                 0,                 0,                 0,    -0.03642960597,    0.004225091346,   -0.005596365627,                 0,       -1.38644593
          0,           0,         490,      -11.61876017,      -12.21356746,      -12.08616177,      -11.06537656,             0.448,    0.004102001806,   -0.005687203717,                 0,                 0,                 0,    -0.03642960602,    0.004225091336,   -0.005596365619,                 0,      -1.386445932
          0,           0,         491,      -11.63514265,      -12.22019965,      -12.10790564,      -11.08113154,             0.448,    0.004102001798,    -0.00568720372,                 0,                 0,                 0,    -0.03642960608,    0.004225091328,   -0.005596365622,                 0,      -1.386445935
          0,           0,         492,      -11.65386192,      -12.22539974,       -12.1307028,      -11.09925421,             0.448,    0.004102001793,   -0.005687203731,                 0,                 0,                 0,    -0.03642960613,    0.004225091323,   -0.005596365633,                 0,       -1.38644594
          0,           0,         493,      -11.67477703,      -12.23014281,      -12.15407257,      -11.11963372,             0.448,     0.00410200179,    -0.00568720375,                 0,                 0,                 0,    -0.03642960618,    0.004225091321,   -0.005596365652,                 0,      -1.386445945
          0,           0,         494,      -11.69761821,      -12.23530581,      -12.17743915,      -11.14203346,             0.448,     0.00410200179,   -0.005687203777,                 0,                 0,                 0,    -0.03642960623,    0.004225091321,   -0.005596365679,                 0,      -1.386445952
          0,           0,         495,      -11.72196968,      -12.24162643,      -12.20015839,      -11.16607369,             0.448,    0.004102001792,   -0.005687203809,                 0,                 0,                 0,    -0.03642960627,    0.004225091324,   -0.005596365711,                 0,      -1.386445959
          0,           0,         496,       -11.7472575,      -12.24966228,      -12.22157157,      -11.19121792,             0.448,    0.004102001796,   -0.005687203847,                 0,                 0,                 0,    -0.03642960631,    0.004225091328,   -0.005596365749,                 0,      -1.386445967
          0,           0,         497,      -11.77274458,       -12.2598608,      -12.24107914,      -11.21676416,             0.448,    0.004102001801,   -0.005687203888,                 0,                 0,                 0,    -0.03642960635,    0.004225091335,    -0.00559636579,                 0,      -1.386445975
          0,           0,         498,      -11.79755812,      -12.27245624,      -12.25822742,      -11.24186391,             0.448,    0.004102001808,   -0.005687203931,                 0,                 0,                 0,    -0.03642960638,    0.004225091343,   -0.005596365833,                 0,      -1.386445983
          0,           0,         499,      -11.82075757,      -12.28761889,      -12.27280897,      -11.26557929,             0.448,    0.004102001817,   -0.005687203976,                 0,                 0,                 0,     -0.0364296064,    0.004225091353,   -0.005596365877,                 0,      -1.386445991
          0,           0,         500,      -11.84146365,      -12.30535841,      -12.28490869,      -11.28700097,             0.448,    0.004102001826,    -0.00568720402,                 0,                 0,                 0,    -0.03642960642,    0.004225091363,   -0.005596365921,                 0,      -1.386445999
          0,           0,         501,      -11.85901899,      -12.32557949,      -12.29490435,      -11.30540058,             0.448,    0.004102001837,   -0.005687204064,                 0,                 0,                 0,    -0.03642960643,    0.004225091374,   -0.005596365965,                 0,      -1.386446006
          0,           0,         502,       -11.8731368,      -12.34807725,      -12.30339654,      -11.32038932,             0.448,    0.004102001847,   -0.005687204105,                 0,                 0,                 0,    -0.03642960644,    0.004225091386,   -0.005596366006,                 0,      -1.386446013
          0,           0,         503,      -11.88396949,       -12.3724652,      -12.31109308,      -11.33200749,             0.448,    0.004102001858,   -0.005687204144,                 0,                 0,                 0,    -0.03642960644,    0.004225091397,   -0.005596366045,                 0,      -1.386446019
          0,           0,         504,      -11.89206479,      -12.39821007,       -12.3187027,      -11.34071019,             0.448,    0.004102001869,    -0.00568720418,                 0,                 0,                 0,    -0.03642960644,    0.004225091409,    -0.00559636608,                 0,      -1.386446024
          0,           0,         505,      -11.89824081,      -12.42463695,      -12.32687166,      -11.34725958,             0.448,    0.004102001879,   -0.005687204211,                 0,                 0,                 0,    -0.03642960643,     0.00422509142,   -0.005596366111,                 0,      -1.386446028
          0,           0,         506,      -11.90342372,      -12.45086081,      -12.33612568,      -11.35256863,             0.448,    0.004102001889,   -0.005687204239,                 0,                 0,                 0,    -0.03642960642,    0.004225091431,   -0.005596366139,                 0,      -1.386446031
          0,           0,         507,      -11.90851422,       -12.4759654,      -12.34686771,      -11.35755819,             0.448,    0.004102001899,   -0.005687204262,                 0,                 0,                 0,     -0.0364296064,     0.00422509144,   -0.005596366162,                 0,      -1.386446034
          0,           0,         508,      -11.91430062,      -12.49900468,      -12.35937539,      -11.36305561,             0.448,    0.004102001907,   -0.005687204281,                 0,                 0,                 0,    -0.03642960638,     0.00422509145,    -0.00559636618,                 0,      -1.386446035
          0,           0,         509,      -11.92142072,      -12.51917885,      -12.37380855,      -11.36974273,             0.448,    0.004102001915,   -0.005687204295,                 0,                 0,                 0,    -0.03642960636,    0.004225091458,   -0.005596366194,                 0,      -1.386446036
          0,           0,         510,      -11.93035717,      -12.53599918,       -12.3902239,      -11.37814627,             0.448,    0.004102001922,   -0.005687204304,                 0,                 0,                 0,    -0.03642960634,    0.004225091465,   -0.005596366203,                 0,      -1.386446036
          0,           0,         511,      -11.94145017,       -12.5493617,      -12.40857193,      -11.38864388,             0.448,    0.004102001928,   -0.005687204309,                 0,                 0,                 0,    -0.03642960632,    0.004225091471,   -0.005596366208,                 0,      -1.386446035
          0,           0,         512,      -11.95491398,      -12.55958854,       -12.4287202,       -11.4014824,             0.448,    0.004102001933,   -0.005687204309,                 0,                 0,                 0,    -0.03642960629,    0.004225091476,   -0.005596366208,                 0,      -1.386446034
          0,           0,         513,      -11.97085173,      -12.56732612,      -12.45041906,      -11.41679359,             0.448,    0.004102001936,   -0.005687204305,                 0,                 0,                 0,    -0.03642960627,    0.004225091479,   -0.005596366204,                 0,      -1.386446031
          0,           0,         514,      -11.98926134,       -12.5734948,        -12.473326,      -11.43460228,             0.448,    0.004102001939,   -0.005687204298,                 0,                 0,                 0,    -0.03642960625,    0.004225091482,   -0.005596366197,                 0,      -1.386446029
          0,           0,         515,      -12.01003543,       -12.5789817,      -12.49698467,      -11.45482833,             0.448,     0.00410200194,   -0.005687204287,                 0,                 0,                 0,    -0.03642960622,    0.004225091483,   -0.005596366185,                 0,      -1.386446025
          0,           0,         516,      -12.03295151,      -12.58471872,      -12.52084119,      -11.47727804,             0.448,    0.004102001941,   -0.005687204273,                 0,                 0,                 0,     -0.0364296062,    0.004225091483,   -0.005596366171,                 0,      -1.386446022
          0,           0,         517,      -12.05765882,      -12.59141277,      -12.54427239,      -11.50163483,             0.448,     0.00410200194,   -0.005687204256,                 0,                 0,                 0,    -0.03642960618,    0.004225091482,   -0.005596366155,                 0,      -1.386446018
          0,           0,         518,      -12.08365557,      -12.59965374,      -12.56660882,      -11.52743183,             0.448,    0.004102001939,   -0.005687204237,                 0,                 0,                 0,    -0.03642960616,     0.00422509148,   -0.005596366136,                 0,      -1.386446014
          0,           0,         519,      -12.11028217,      -12.60994987,      -12.58721924,      -11.55404571,             0.448,    0.004102001936,   -0.005687204217,                 0,                 0,                 0,    -0.03642960615,    0.004225091477,   -0.005596366116,                 0,       -1.38644601
          0,           0,         520,      -12.13672134,      -12.62252448,      -12.60559752,      -11.58068854,             0.448,    0.004102001933,   -0.005687204196,                 0,                 0,                 0,    -0.03642960614,    0.004225091473,   -0.005596366094,                 0,      -1.386446006
          0,           0,         521,       -12.1620465,      -12.63759827,      -12.62144023,      -11.60644749,             0.448,    0.004102001929,   -0.005687204174,                 0,                 0,                 0,    -0.03642960612,    0.004225091469,   -0.005596366073,                 0,      -1.386446002
          0,           0,         522,      -12.18531136,      -12.65519322,      -12.63473444,      -11.63036244,             0.448,    0.004102001925,   -0.005687204152,                 0,                 0,                 0,    -0.03642960612,    0.004225091465,   -0.005596366051,                 0,      -1.386445998
          0,           0,         523,      -12.20570667,      -12.67526142,      -12.64576246,      -11.65157364,             0.448,    0.004102001921,    -0.00568720413,                 0,                 0,                 0,    -0.03642960611,     0.00422509146,   -0.005596366029,                 0,      -1.386445994
          0,           0,         524,       -12.2227225,      -12.69760477,      -12.65505143,      -11.66948061,             0.448,    0.004102001916,    -0.00568720411,                 0,                 0,                 0,    -0.03642960611,    0.004225091455,   -0.005596366009,                 0,      -1.386445991
          0,           0,         525,      -12.23627334,      -12.72185245,      -12.66329788,      -11.68388596,             0.448,    0.004102001911,    -0.00568720409,                 0,                 0,                 0,    -0.03642960611,    0.004225091449,    -0.00559636599,                 0,      -1.386445987
          0,           0,         526,      -12.24671012,      -12.74756345,      -12.67122419,       -11.6950342,             0.448,    0.004102001907,   -0.005687204073,                 0,                 0,                 0,    -0.03642960611,    0.004225091444,   -0.005596365972,                 0,      -1.386445985
          0,           0,         527,      -12.25473591,      -12.77403531,      -12.67950215,      -11.70355371,             0.448,    0.004102001902,   -0.005687204056,                 0,                 0,                 0,    -0.03642960611,    0.004225091439,   -0.005596365956,                 0,      -1.386445982
          0,           0,         528,      -12.26125059,      -12.80042779,      -12.68871056,      -11.71030964,             0.448,    0.004102001897,   -0.005687204042,                 0,                 0,                 0,    -0.03642960611,    0.004225091434,   -0.005596365942,                 0,       -1.38644598
          0,           0,         529,       -12.2671956,      -12.82581099,      -12.69929734,      -11.71624979,             0.448,    0.004102001893,    -0.00568720403,                 0,                 0,                 0,    -0.03642960612,     0.00422509143,   -0.005596365929,                 0,      -1.386445979
          0,           0,         530,      -12.27343482,       -12.8492521,      -12.71157692,      -11.72227482,             0.448,    0.004102001889,   -0.005687204019,                 0,                 0,                 0,    -0.03642960613,    0.004225091426,   -0.005596365919,                 0,      -1.386445978
          0,           0,         531,      -12.28069095,      -12.86990825,      -12.72574561,      -11.72914993,             0.448,    0.004102001886,   -0.005687204011,                 0,                 0,                 0,    -0.03642960614,    0.004225091422,   -0.005596365911,                 0,      -1.386445977
          0,           0,         532,      -12.28953204,      -12.88720686,      -12.74188202,      -11.73748975,             0.448,    0.004102001882,   -0.005687204005,                 0,                 0,                 0,    -0.03642960615,    0.004225091419,   -0.005596365905,                 0,      -1.386445976
          0,           0,         533,      -12.30036587,       -12.9010166,      -12.75996708,      -11.74774407,             0.448,     0.00410200188,   -0.005687204001,                 0,                 0,                 0,    -0.03642960616,    0.004225091416,   -0.005596365901,                 0,      -1.386445976
          0,           0,         534,      -12.31345879,        -12.911594,      -12.77988087,      -11.76021752,             0.448,    0.004102001878,   -0.005687203999,                 0,                 0,                 0,    -0.03642960617,    0.004225091414,   -0.005596365899,                 0,      -1.386445976
          0,           0,         535,       -12.3289571,      -12.91955221,      -12.80138104,       -11.7750871,             0.448,    0.004102001876,   -0.005687203998,                 0,                 0,                 0,    -0.03642960618,    0.004225091412,   -0.005596365899,                 0,      -1.386445977
          0,           0,         536,      -12.34688286,      -12.92584132,      -12.82415144,      -11.79240439,             0.448,    0.004102001875,      -0.005687204,                 0,                 0,                 0,    -0.03642960619,    0.004225091411,     -0.0055963659,                 0,      -1.386445978
          0,           0,         537,      -12.36714939,      -12.93125097,       -12.8477474,      -11.81211123,             0.448,    0.004102001874,   -0.005687204003,                 0,                 0,                 0,     -0.0364296062,     0.00422509141,   -0.005596365903,                 0,      -1.386445979
          0,           0,         538,      -12.38954228,      -12.93680179,      -12.87160875,      -11.83402417,             0.448,    0.004102001874,   -0.005687204007,                 0,                 0,                 0,    -0.03642960621,     0.00422509141,   -0.005596365907,                 0,       -1.38644598
          0,           0,         539,      -12.41371359,      -12.94326426,      -12.89510491,      -11.85783126,             0.448,    0.004102001874,   -0.005687204013,                 0,                 0,                 0,    -0.03642960621,     0.00422509141,   -0.005596365913,                 0,      -1.386445981
          0,           0,         540,      -12.43915592,      -12.95124189,      -12.91757278,      -11.88306208,             0.448,    0.004102001875,   -0.005687204019,                 0,                 0,                 0,    -0.03642960622,    0.004225091411,   -0.005596365919,                 0,      -1.386445982
          0,           0,         541,      -12.46519534,      -12.96111255,       -12.9383461,      -11.90907844,             0.448,    0.004102001876,   -0.005687204026,                 0,                 0,                 0,    -0.03642960623,    0.004225091412,   -0.005596365927,                 0,      -1.386445984
          0,           0,         542,      -12.49100262,      -12.97337922,      -12.95688635,      -11.93508215,             0.448,    0.004102001877,   -0.005687204034,                 0,                 0,                 0,    -0.03642960623,    0.004225091414,   -0.005596365934,                 0,      -1.386445985
          0,           0,         543,      -12.51562869,      -12.98808982,      -12.97283663,      -11.96014016,             0.448,    0.004102001879,   -0.005687204042,                 0,                 0,                 0,    -0.03642960624,    0.004225091416,   -0.005596365942,                 0,      -1.386445987
          0,           0,         544,      -12.53811697,      -13.00530709,      -12.98618114,      -11.98328003,             0.448,     0.00410200188,    -0.00568720405,                 0,                 0,                 0,    -0.03642960624,    0.004225091418,    -0.00559636595,                 0,      -1.386445988
          0,           0,         545,      -12.55764942,      -13.02507196,      -12.99713175,      -12.00363144,             0.448,    0.004102001882,   -0.005687204058,                 0,                 0,                 0,    -0.03642960625,     0.00422509142,   -0.005596365958,                 0,      -1.386445989
          0,           0,         546,      -12.57372716,      -13.04708547,      -13.00624922,      -12.02060259,             0.448,    0.004102001884,   -0.005687204066,                 0,                 0,                 0,    -0.03642960625,    0.004225091422,   -0.005596365966,                 0,       -1.38644599
          0,           0,         547,      -12.58628351,      -13.07114832,      -13.01418886,      -12.03401293,             0.448,    0.004102001887,   -0.005687204073,                 0,                 0,                 0,    -0.03642960625,    0.004225091424,   -0.005596365973,                 0,      -1.386445991
          0,           0,         548,      -12.59569836,      -13.09673534,      -13.02173349,      -12.04413558,             0.448,    0.004102001889,   -0.005687204079,                 0,                 0,                 0,    -0.03642960625,    0.004225091427,   -0.005596365979,                 0,      -1.386445992
          0,           0,         549,      -12.60270243,      -13.12315425,      -13.02955145,      -12.05162423,             0.448,    0.004102001891,   -0.005687204085,                 0,                 0,                 0,    -0.03642960625,    0.004225091429,   -0.005596365985,                 0,      -1.386445993
          0,           0,         550,      -12.60821921,      -13.14961515,      -13.03825977,      -12.05737453,             0.448,    0.004102001893,    -0.00568720409,                 0,                 0,                 0,    -0.03642960624,    0.004225091431,    -0.00559636599,                 0,      -1.386445994
          0,           0,         551,      -12.61319727,      -13.17524756,      -13.04831022,      -12.06234142,             0.448,    0.004102001895,   -0.005687204094,                 0,                 0,                 0,    -0.03642960624,    0.004225091433,   -0.005596365994,                 0,      -1.386445994
          0,           0,         552,      -12.61851114,      -13.19890631,      -13.06003654,      -12.06743618,             0.448,    0.004102001897,   -0.005687204098,                 0,                 0,                 0,    -0.03642960624,    0.004225091435,   -0.005596365997,                 0,      -1.386445994
          0,           0,         553,      -12.62488249,      -13.22002965,      -13.07365727,      -12.07342427,             0.448,    0.004102001898,     -0.0056872041,                 0,                 0,                 0,    -0.03642960623,    0.004225091436,      -0.005596366,                 0,      -1.386445994
          0,           0,         554,      -12.63287536,      -13.23780907,      -13.08925095,      -12.08091579,             0.448,      0.0041020019,   -0.005687204102,                 0,                 0,                 0,    -0.03642960623,    0.004225091438,   -0.005596366001,                 0,      -1.386445994
          0,           0,         555,      -12.64290042,      -13.25208503,      -13.10683384,      -12.09036312,             0.448,    0.004102001901,   -0.005687204102,                 0,                 0,                 0,    -0.03642960622,    0.004225091439,   -0.005596366002,                 0,      -1.386445994
          0,           0,         556,       -12.6552219,      -13.26304699,      -13.12630411,      -12.10206832,             0.448,    0.004102001902,   -0.005687204102,                 0,                 0,                 0,    -0.03642960622,     0.00422509144,   -0.005596366002,                 0,      -1.386445993
          0,           0,         557,      -12.66999614,      -13.27136094,      -13.14742625,       -12.1162152,             0.448,    0.004102001903,   -0.005687204101,                 0,                 0,                 0,    -0.03642960621,    0.004225091441,   -0.005596366001,                 0,      -1.386445993
          0,           0,         558,      -12.68726275,      -13.27792322,      -13.16992984,      -12.13287303,             0.448,    0.004102001903,     -0.0056872041,                 0,                 0,                 0,    -0.03642960621,    0.004225091441,   -0.005596365999,                 0,      -1.386445992
          0,           0,         559,      -12.70696777,      -13.28349746,       -13.1933715,      -12.15201302,             0.448,    0.004102001904,   -0.005687204097,                 0,                 0,                 0,    -0.03642960621,    0.004225091442,   -0.005596365997,                 0,      -1.386445992
          0,           0,         560,      -12.72892539,      -13.28912927,      -13.21728417,      -12.17347935,             0.448,    0.004102001904,   -0.005687204094,                 0,                 0,                 0,     -0.0364296062,    0.004225091442,   -0.005596365994,                 0,      -1.386445991
          0,           0,         561,      -12.75284144,      -13.29547003,      -13.24099454,      -12.19700774,             0.448,    0.004102001904,   -0.005687204091,                 0,                 0,                 0,     -0.0364296062,    0.004225091442,   -0.005596365991,                 0,       -1.38644599
          0,           0,         562,      -12.77828672,      -13.30334724,      -13.26389811,      -12.22220667,             0.448,    0.004102001903,   -0.005687204087,                 0,                 0,                 0,    -0.03642960619,    0.004225091441,   -0.005596365987,                 0,      -1.386445989
          0,           0,         563,      -12.80466628,      -13.31322068,      -13.28533128,      -12.24851512,             0.448,    0.004102001903,   -0.005687204083,                 0,                 0,                 0,    -0.03642960619,    0.004225091441,   -0.005596365983,                 0,      -1.386445989
          0,           0,         564,      -12.83123424,      -13.32536229,      -13.30470013,      -12.27521579,             0.448,    0.004102001902,   -0.005687204079,                 0,                 0,                 0,    -0.03642960619,     0.00422509144,   -0.005596365979,                 0,      -1.386445988
          0,           0,         565,      -12.85710273,      -13.33989284,      -13.32163392,      -12.30144234,             0.448,    0.004102001902,   -0.005687204075,                 0,                 0,                 0,    -0.03642960619,    0.004225091439,   -0.005596365974,                 0,      -1.386445987
          0,           0,         566,      -12.88133816,       -13.3570895,      -13.33599089,      -12.32625448,             0.448,    0.004102001901,   -0.005687204071,                 0,                 0,                 0,    -0.03642960618,    0.004225091439,    -0.00559636597,                 0,      -1.386445986
          0,           0,         567,      -12.90305899,      -13.37683546,      -13.34792499,      -12.34873893,             0.448,      0.0041020019,   -0.005687204066,                 0,                 0,                 0,    -0.03642960618,    0.004225091438,   -0.005596365966,                 0,      -1.386445985
          0,           0,         568,      -12.92161139,      -13.39885346,      -13.35789259,      -12.36816298,             0.448,    0.004102001899,   -0.005687204062,                 0,                 0,                 0,    -0.03642960618,    0.004225091437,   -0.005596365962,                 0,      -1.386445985
          0,           0,         569,      -12.93673491,      -13.42287576,      -13.36654176,      -12.38416503,             0.448,    0.004102001898,   -0.005687204059,                 0,                 0,                 0,    -0.03642960618,    0.004225091436,   -0.005596365958,                 0,      -1.386445984
          0,           0,         570,      -12.94859384,      -13.44860995,      -13.37457628,      -12.39678895,             0.448,    0.004102001897,   -0.005687204055,                 0,                 0,                 0,    -0.03642960618,    0.004225091434,   -0.005596365955,                 0,      -1.386445984
          0,           0,         571,      -12.95775319,      -13.47534484,      -13.38271705,      -12.40652081,             0.448,    0.004102001896,   -0.005687204052,                 0,                 0,                 0,    -0.03642960618,    0.004225091433,   -0.005596365952,                 0,      -1.386445983
          0,           0,         572,      -12.96502184,      -13.50192379,      -13.39157049,      -12.41411374,             0.448,    0.004102001895,   -0.005687204049,                 0,                 0,                 0,    -0.03642960618,    0.004225091433,   -0.005596365949,                 0,      -1.386445983
          0,           0,         573,      -12.97134377,      -13.52780977,      -13.40160165,      -12.42051204,             0.448,    0.004102001895,   -0.005687204047,                 0,                 0,                 0,    -0.03642960619,    0.004225091432,   -0.005596365947,                 0,      -1.386445983
          0,           0,         574,      -12.97760344,      -13.55184403,      -13.41321726,      -12.42661636,             0.448,    0.004102001894,   -0.005687204045,                 0,                 0,                 0,    -0.03642960619,    0.004225091431,   -0.005596365945,                 0,      -1.386445982
          0,           0,         575,      -12.98458332,      -13.57321391,      -13.42666262,      -12.43326092,             0.448,    0.004102001893,   -0.005687204044,                 0,                 0,                 0,    -0.03642960619,     0.00422509143,   -0.005596365944,                 0,      -1.386445982
          0,           0,         576,      -12.99290371,      -13.59106312,       -13.4420115,       -12.4411146,             0.448,    0.004102001892,   -0.005687204043,                 0,                 0,                 0,    -0.03642960619,    0.004225091429,   -0.005596365942,                 0,      -1.386445982
          0,           0,         577,      -13.00302938,      -13.60525802,      -13.45935359,      -12.45068587,             0.448,    0.004102001892,   -0.005687204042,                 0,                 0,                 0,    -0.03642960619,    0.004225091429,   -0.005596365942,                 0,      -1.386445982
