
-------------------------------------------------------------------------
|    ___ _   _ ___                                                      |
|   / __| | | |_  )   Release 8.3.0 "Harrier"                           |
|   \__ \ |_| |/ /                                                      |
|   |___/\___//___|   Suite (Computational Fluid Dynamics Code)         |
|                                                                       |
-------------------------------------------------------------------------
| SU2 Project Website: https://su2code.github.io                        |
|                                                                       |
| The SU2 Project is maintained by the SU2 Foundation                   |
| (http://su2foundation.org)                                            |
-------------------------------------------------------------------------
| Copyright 2012-2025, SU2 Contributors                                 |
|                                                                       |
| SU2 is free software; you can redistribute it and/or                  |
| modify it under the terms of the GNU Lesser General Public            |
| License as published by the Free Software Foundation; either          |
| version 2.1 of the License, or (at your option) any later version.    |
|                                                                       |
| SU2 is distributed in the hope that it will be useful,                |
| but WITHOUT ANY WARRANTY; without even the implied warranty of        |
| MERCHANTABILITY or FITNESS FOR A PARTICULAR PURPOSE. See the GNU      |
| Lesser General Public License for more details.                       |
|                                                                       |
| You should have received a copy of the GNU Lesser General Public      |
| License along with SU2. If not, see <http://www.gnu.org/licenses/>.   |
-------------------------------------------------------------------------

Parsing config file for zone 0

----------------- Physical Case Definition ( Zone 0 ) -------------------
Compressible Euler equations.
Mach number: 0.8.
Angle of attack (AoA): 1.25 deg, and angle of sideslip (AoS): 0 deg.
Fixed CL mode, target value: 0.326.
Reading and writing binary SU2 native restart files.
Read flow solution from: solution_flow.
Non-Dimensional simulation (P=1.0, Rho=1.0, T=1.0 at the farfield).
The reference area is 1 m^2.
The semi-span will be computed using the max y(3D) value.
The reference length is 1 m.
Reference origin for moment evaluation is (0.25, 0, 0).
Surface(s) where the force coefficients are evaluated: airfoil.

Surface(s) plotted in the output file: airfoil.
Surface(s) affected by the design variables: airfoil.
Input mesh file name: mesh_NACA0012_inv_deform.su2

--------------- Space Numerical Integration ( Zone 0 ) ------------------
Jameson-Schmidt-Turkel scheme (2nd order in space) for the flow inviscid terms.
JST viscous coefficients (2nd & 4th): 0.5, 0.02.
The method includes a grid stretching correction (p = 0.3).
Gradient for viscous and source terms: Green-Gauss.

--------------- Time Numerical Integration  ( Zone 0 ) ------------------
Local time stepping (steady state simulation).
Euler implicit method for the flow equations.
FGMRES is used for solving the linear system.
Using a LU-SGS preconditioning.
Convergence criteria of the linear solver: 0.0001.
Max number of linear iterations: 2.
V Multigrid Cycle, with 2 multigrid levels.
Damping factor for the residual restriction: 1.
Damping factor for the correction prolongation: 1.
No CFL adaptation.
+-------------------------------------------+
|  MG Level| Presmooth|PostSmooth|CorrectSmo|
+-------------------------------------------+
|         0|         1|         0|         0|
|         1|         2|         0|         0|
|         2|         3|         0|         0|
+-------------------------------------------+
Courant-Friedrichs-Lewy number:       10

------------------ Convergence Criteria  ( Zone 0 ) ---------------------
Maximum number of solver subiterations: 1250.
Begin convergence monitoring at iteration 10.
Residual minimum value: 1e-13.
Cauchy series min. value: 1e-06.
Number of Cauchy elements: 100.
Begin windowed time average at iteration 0.

-------------------- Output Information ( Zone 0 ) ----------------------
File writing frequency: 
+------------------------------------+
|                     File| Frequency|
+------------------------------------+
|                  RESTART|       250|
|                 PARAVIEW|       250|
|         SURFACE_PARAVIEW|       250|
|              SURFACE_CSV|       250|
+------------------------------------+
Writing the convergence history file every 1 inner iterations.
Writing the screen convergence history every 1 inner iterations.
The tabular file format is CSV (.csv).
Convergence history file name: history_direct.
Forces breakdown file name: forces_breakdown.dat.
Surface file name: surface_flow.
Volume file name: flow.
Restart file name: restart_flow.

------------- Config File Boundary Information ( Zone 0 ) ---------------
+-----------------------------------------------------------------------+
|                        Marker Type|                        Marker Name|
+-----------------------------------------------------------------------+
|                         Euler wall|                            airfoil|
+-----------------------------------------------------------------------+
|                          Far-field|                           farfield|
+-----------------------------------------------------------------------+

-------------------- Output Preprocessing ( Zone 0 ) --------------------

WARNING: SURFACE_PRESSURE_DROP can only be computed for at least 2 surfaces (outlet, inlet, ...)

Screen output fields: INNER_ITER, RMS_DENSITY, RMS_ENERGY, LIFT, DRAG
History output group(s): ITER, RMS_RES, AERO_COEFF
Convergence field(s): RMS_DENSITY
Warning: No (valid) fields chosen for time convergence monitoring. Time convergence monitoring inactive.
Volume output fields: COORDINATES, SOLUTION, PRIMITIVE

------------------- Geometry Preprocessing ( Zone 0 ) -------------------
Two dimensional problem.
5233 grid points.
10216 volume elements.
2 surface markers.
200 boundary elements in index 0 (Marker = airfoil).
50 boundary elements in index 1 (Marker = farfield).
10216 triangles.
Setting point connectivity.
Renumbering points (Reverse Cuthill McKee Ordering).
Recomputing point connectivity.
Setting element connectivity.
Checking the numerical grid orientation.
All volume elements are correctly oriented.
All surface elements are correctly oriented.
Identifying edges and vertices.
Setting the control volume structure.
Area of the computational grid: 1253.25.
Searching for the closest normal neighbors to the surfaces.
Storing a mapping from global to local point index.
Compute the surface curvature.
Max K: 7835.1. Mean K: 34.9061. Standard deviation K: 494.433.
Checking for periodicity.
Computing mesh quality statistics for the dual control volumes.
+--------------------------------------------------------------+
|           Mesh Quality Metric|        Minimum|        Maximum|
+--------------------------------------------------------------+
|    Orthogonality Angle (deg.)|        62.8829|        89.7199|
|     CV Face Area Aspect Ratio|        1.00154|        7.18131|
|           CV Sub-Volume Ratio|        1.00231|        6.47705|
+--------------------------------------------------------------+
Setting the multigrid structure.
+-------------------------------------------+
|  MG Level|       CVs|Aggl. Rate|       CFL|
+-------------------------------------------+
|         0|      5233|    1/1.00|        10|
|         1|      1690|     1/3.1|   8.52431|
|         2|       649|     1/2.6|   7.92373|
+-------------------------------------------+
Finding max control volume width.
Wetted area = 2.0383 m.
Area projection in the x-plane = 0.112245 m, y-plane = 0.999845 m.
Max. coordinate in the x-direction = 1 m, y-direction = 0.0554078 m.
Min. coordinate in the x-direction = 0 m, y-direction = -0.0568443 m.
Computing wall distances.

-------------------- Solver Preprocessing ( Zone 0 ) --------------------
WARNING: AoA in the solution file (0.619367 deg.) +
         AoA offset in mesh file (0 deg.) = 0.619367 deg.
WARNING: SU2 will use the dCD/dCL provided in the direct solution file: 0.0237276.
WARNING: SU2 will use the dCMz/dCL provided in the direct solution file: 0.0911511.
Inviscid flow: Computing density based on free-stream
temperature and pressure using the ideal gas law.
Force coefficients computed using free-stream values.

-- Models:
+------------------------------------------------------------------------------+
|          Viscosity Model|        Conductivity Model|              Fluid Model|
+------------------------------------------------------------------------------+
|                        -|                         -|             STANDARD_AIR|
+------------------------------------------------------------------------------+
-- Fluid properties:
+------------------------------------------------------------------------------+
|                  Name|    Dim. value|    Ref. value|      Unit|Non-dim. value|
+------------------------------------------------------------------------------+
|          Gas Constant|       287.058|       287.058|  N.m/kg.K|             1|
|      Spec. Heat Ratio|             -|             -|         -|           1.4|
+------------------------------------------------------------------------------+
-- Initial and free-stream conditions:
+------------------------------------------------------------------------------+
|                  Name|    Dim. value|    Ref. value|      Unit|Non-dim. value|
+------------------------------------------------------------------------------+
|       Static Pressure|        101325|        101325|        Pa|             1|
|               Density|       1.22498|       1.22498|    kg/m^3|             1|
|           Temperature|        288.15|        288.15|         K|             1|
|          Total Energy|        243846|       82715.8|   m^2/s^2|         2.948|
|            Velocity-X|       272.222|       287.603|       m/s|      0.946517|
|            Velocity-Y|       2.94283|       287.603|       m/s|     0.0102322|
|    Velocity Magnitude|       272.238|       287.603|       m/s|      0.946573|
+------------------------------------------------------------------------------+
|           Mach Number|             -|             -|         -|           0.8|
+------------------------------------------------------------------------------+
Initialize Jacobian structure (Euler). MG level: 0.
Initialize Jacobian structure (Euler). MG level: 1.
Initialize Jacobian structure (Euler). MG level: 2.

------------------- Numerics Preprocessing ( Zone 0 ) -------------------

----------------- Integration Preprocessing ( Zone 0 ) ------------------

------------------- Iteration Preprocessing ( Zone 0 ) ------------------
Euler/Navier-Stokes/RANS fluid iteration.

------------------------------ Begin Solver -----------------------------

Simulation Run using the Single-zone Driver
WARNING: SU2 was not compiled for an AVX-capable architecture. Performance could be better,
         see https://su2code.github.io/docs_v7/Build-SU2-Linux-MacOS/#compiler-optimizations
WARNING: SU2 was not compiled for an AVX-capable architecture. Performance could be better,
         see https://su2code.github.io/docs_v7/Build-SU2-Linux-MacOS/#compiler-optimizations
WARNING: SU2 was not compiled for an AVX-capable architecture. Performance could be better,
         see https://su2code.github.io/docs_v7/Build-SU2-Linux-MacOS/#compiler-optimizations
+----------------------------------------------------------------+
|  Inner_Iter|    rms[Rho]|   rms[RhoE]|          CL|          CD|
+----------------------------------------------------------------+
|           0|   -5.575475|   -4.979095|    0.325863|    0.003064|
|           1|   -5.867890|   -5.268201|    0.326795|    0.002409|
|           2|   -5.790293|   -5.205288|    0.327565|    0.002252|
|           3|   -5.776381|   -5.191104|    0.327607|    0.002239|
|           4|   -5.722768|   -5.141691|    0.328052|    0.002176|
|           5|   -5.705010|   -5.129076|    0.328570|    0.002111|
|           6|   -5.694740|   -5.120615|    0.329040|    0.002080|
|           7|   -5.676939|   -5.103385|    0.329521|    0.002065|
|           8|   -5.672280|   -5.102244|    0.330008|    0.002050|
|           9|   -5.675015|   -5.109777|    0.330484|    0.002033|
|          10|   -5.674402|   -5.112412|    0.330944|    0.002022|
|          11|   -5.673853|   -5.113204|    0.331388|    0.002017|
|          12|   -5.673410|   -5.112793|    0.331811|    0.002014|
|          13|   -5.673311|   -5.112731|    0.332212|    0.002012|
|          14|   -5.674022|   -5.114261|    0.332588|    0.002010|
|          15|   -5.675790|   -5.117291|    0.332936|    0.002009|
|          16|   -5.678910|   -5.121462|    0.333258|    0.002008|
|          17|   -5.682928|   -5.126049|    0.333557|    0.002007|
|          18|   -5.687061|   -5.130423|    0.333835|    0.002005|
|          19|   -5.691036|   -5.134593|    0.334094|    0.002003|
|          20|   -5.695054|   -5.138961|    0.334334|    0.002000|
|          21|   -5.699220|   -5.143665|    0.334558|    0.001998|
|          22|   -5.703571|   -5.148607|    0.334766|    0.001996|
|          23|   -5.708321|   -5.153775|    0.334962|    0.001994|
|          24|   -5.713804|   -5.159417|    0.335145|    0.001993|
|          25|   -5.720231|   -5.165804|    0.335318|    0.001992|
|          26|   -5.727621|   -5.173095|    0.335480|    0.001993|
|          27|   -5.735892|   -5.181326|    0.335634|    0.001993|
|          28|   -5.744963|   -5.190459|    0.335780|    0.001995|
|          29|   -5.754787|   -5.200413|    0.335919|    0.001997|
|          30|   -5.765325|   -5.211087|    0.336052|    0.001999|
|          31|   -5.776540|   -5.222388|    0.336180|    0.002001|
|          32|   -5.788567|   -5.234439|    0.336303|    0.002004|
|          33|   -5.801325|   -5.247157|    0.336423|    0.002006|
|          34|   -5.814668|   -5.260356|    0.336540|    0.002008|
|          35|   -5.828533|   -5.273975|    0.336653|    0.002009|
|          36|   -5.842832|   -5.288007|    0.336765|    0.002010|
|          37|   -5.857510|   -5.302451|    0.336874|    0.002010|
|          38|   -5.872567|   -5.317324|    0.336981|    0.002010|
|          39|   -5.887993|   -5.332616|    0.337087|    0.002009|
|          40|   -5.903767|   -5.348300|    0.337190|    0.002008|
|          41|   -5.919933|   -5.364419|    0.337291|    0.002006|
|          42|   -5.936730|   -5.381238|    0.337390|    0.002004|
|          43|   -5.953832|   -5.398356|    0.337486|    0.002002|
|          44|   -5.971201|   -5.415682|    0.337580|    0.002000|
|          45|   -5.988783|   -5.433174|    0.337672|    0.001998|
|          46|   -6.006513|   -5.450789|    0.337761|    0.001996|
|          47|   -6.024357|   -5.468511|    0.337847|    0.001995|
|          48|   -6.042263|   -5.486303|    0.337931|    0.001994|
|          49|   -6.060189|   -5.504132|    0.338011|    0.001993|
|          50|   -6.078102|   -5.521978|    0.338089|    0.001993|
|          51|   -6.095993|   -5.539833|    0.338165|    0.001637|
+-----------------------------------------------------------------------+
|Fixed CL Mode                           |Value                         |
+-----------------------------------------------------------------------+
|Current CL                              |0.338165                      |
|Target CL                               |0.326                         |
|Previous AOA                            |0.619367                      |
|Changed AoA by                          |-0.0604439                    |
+-----------------------------------------------------------------------+
+----------------------------------------------------------------+
|  Inner_Iter|    rms[Rho]|   rms[RhoE]|          CL|          CD|
+----------------------------------------------------------------+
|          52|   -4.030664|   -3.423975|    0.338214|    0.001638|
|          53|   -4.328136|   -3.717571|    0.337833|    0.001637|
|          54|   -4.571120|   -3.977491|    0.336130|    0.001615|
|          55|   -4.770346|   -4.159686|    0.333525|    0.001577|
|          56|   -4.933229|   -4.334020|    0.331180|    0.001557|
|          57|   -5.030535|   -4.432295|    0.329841|    0.001543|
|          58|   -5.167156|   -4.565643|    0.329509|    0.001535|
|          59|   -5.196937|   -4.593685|    0.329483|    0.001529|
|          60|   -5.250795|   -4.645720|    0.329157|    0.001513|
|          61|   -5.373216|   -4.773731|    0.328600|    0.001497|
|          62|   -5.453465|   -4.862999|    0.328052|    0.001487|
|          63|   -5.478616|   -4.886793|    0.327574|    0.001479|
|          64|   -5.537208|   -4.945742|    0.327140|    0.001471|
|          65|   -5.616502|   -5.032794|    0.326748|    0.001466|
|          66|   -5.662512|   -5.086354|    0.326402|    0.001465|
|          67|   -5.687354|   -5.113341|    0.326082|    0.001465|
|          68|   -5.710248|   -5.137256|    0.325761|    0.001467|
|          69|   -5.727903|   -5.157272|    0.325437|    0.001470|
|          70|   -5.740250|   -5.173092|    0.325124|    0.001476|
|          71|   -5.750463|   -5.186992|    0.324825|    0.001483|
|          72|   -5.758285|   -5.197886|    0.324532|    0.001491|
|          73|   -5.762910|   -5.204594|    0.324242|    0.001500|
|          74|   -5.765458|   -5.208575|    0.323960|    0.001510|
|          75|   -5.767520|   -5.211833|    0.323687|    0.001520|
|          76|   -5.769961|   -5.215279|    0.323422|    0.001530|
|          77|   -5.773034|   -5.219097|    0.323164|    0.001539|
|          78|   -5.776719|   -5.223291|    0.322913|    0.001548|
|          79|   -5.780980|   -5.227930|    0.322671|    0.001555|
|          80|   -5.785838|   -5.233136|    0.322438|    0.001562|
|          81|   -5.791277|   -5.238933|    0.322217|    0.001568|
|          82|   -5.797205|   -5.245203|    0.322005|    0.001573|
|          83|   -5.803527|   -5.251811|    0.321804|    0.001577|
|          84|   -5.810190|   -5.258681|    0.321614|    0.001579|
|          85|   -5.817176|   -5.265797|    0.321434|    0.001581|
|          86|   -5.824482|   -5.273166|    0.321265|    0.001582|
|          87|   -5.832125|   -5.280820|    0.321107|    0.001582|
|          88|   -5.840120|   -5.288789|    0.320960|    0.001581|
|          89|   -5.848259|   -5.296857|    0.320823|    0.001580|
|          90|   -5.856597|   -5.305101|    0.320695|    0.001578|
|          91|   -5.865337|   -5.313763|    0.320577|    0.001576|
|          92|   -5.874495|   -5.322855|    0.320467|    0.001574|
|          93|   -5.884083|   -5.332380|    0.320365|    0.001573|
|          94|   -5.894098|   -5.342328|    0.320270|    0.001571|
|          95|   -5.904546|   -5.352704|    0.320181|    0.001569|
|          96|   -5.915435|   -5.363519|    0.320099|    0.001568|
|          97|   -5.926756|   -5.374770|    0.320022|    0.001567|
|          98|   -5.938477|   -5.386420|    0.319949|    0.001567|
|          99|   -5.950605|   -5.398484|    0.319882|    0.001566|
|         100|   -5.962413|   -5.410152|    0.319818|    0.001567|
|         101|   -5.974409|   -5.422055|    0.319758|    0.001740|
+-----------------------------------------------------------------------+
|Fixed CL Mode                           |Value                         |
+-----------------------------------------------------------------------+
|Current CL                              |0.319758                      |
|Target CL                               |0.326                         |
|Previous AOA                            |0.558923                      |
|Changed AoA by                          |0.0309094                     |
+-----------------------------------------------------------------------+
+----------------------------------------------------------------+
|  Inner_Iter|    rms[Rho]|   rms[RhoE]|          CL|          CD|
+----------------------------------------------------------------+
|         102|   -4.321811|   -3.715168|    0.319712|    0.001741|
|         103|   -4.619123|   -4.008580|    0.319889|    0.001743|
|         104|   -4.861270|   -4.267727|    0.320746|    0.001757|
|         105|   -5.059695|   -4.449470|    0.322068|    0.001778|
|         106|   -5.220786|   -4.622382|    0.323258|    0.001791|
|         107|   -5.315912|   -4.718785|    0.323933|    0.001800|
|         108|   -5.448353|   -4.848690|    0.324093|    0.001805|
|         109|   -5.477909|   -4.876549|    0.324100|    0.001809|
|         110|   -5.530173|   -4.927324|    0.324261|    0.001819|
|         111|   -5.646184|   -5.049673|    0.324542|    0.001828|
|         112|   -5.722239|   -5.134559|    0.324821|    0.001834|
|         113|   -5.748572|   -5.159384|    0.325065|    0.001838|
|         114|   -5.805261|   -5.216487|    0.325288|    0.001843|
|         115|   -5.881004|   -5.299535|    0.325491|    0.001845|
|         116|   -5.928431|   -5.353722|    0.325672|    0.001846|
|         117|   -5.957620|   -5.384600|    0.325841|    0.001845|
|         118|   -5.985256|   -5.412618|    0.326011|    0.001843|
|         119|   -6.008440|   -5.437265|    0.326184|    0.001841|
|         120|   -6.026813|   -5.458309|    0.326352|    0.001837|
|         121|   -6.043014|   -5.477712|    0.326514|    0.001833|
|         122|   -6.056364|   -5.493965|    0.326673|    0.001828|
|         123|   -6.065575|   -5.505277|    0.326832|    0.001823|
|         124|   -6.071502|   -5.512746|    0.326987|    0.001817|
|         125|   -6.075779|   -5.518396|    0.327138|    0.001812|
|         126|   -6.079412|   -5.523294|    0.327286|    0.001806|
|         127|   -6.082775|   -5.527746|    0.327430|    0.001802|
|         128|   -6.085907|   -5.531795|    0.327572|    0.001797|
|         129|   -6.088807|   -5.535512|    0.327709|    0.001793|
|         130|   -6.091528|   -5.539030|    0.327842|    0.001790|
|         131|   -6.094108|   -5.542406|    0.327970|    0.001787|
|         132|   -6.096525|   -5.545573|    0.328093|    0.001785|
|         133|   -6.098747|   -5.548449|    0.328210|    0.001783|
|         134|   -6.100784|   -5.551011|    0.328323|    0.001782|
|         135|   -6.102686|   -5.553308|    0.328431|    0.001782|
|         136|   -6.104525|   -5.555419|    0.328533|    0.001782|
|         137|   -6.106389|   -5.557447|    0.328631|    0.001782|
|         138|   -6.108359|   -5.559492|    0.328723|    0.001783|
|         139|   -6.110573|   -5.561712|    0.328810|    0.001784|
|         140|   -6.113223|   -5.564325|    0.328892|    0.001786|
|         141|   -6.116205|   -5.567207|    0.328970|    0.001787|
|         142|   -6.119603|   -5.570450|    0.329044|    0.001789|
|         143|   -6.123461|   -5.574116|    0.329114|    0.001790|
|         144|   -6.127806|   -5.578241|    0.329180|    0.001791|
|         145|   -6.132656|   -5.582847|    0.329242|    0.001793|
|         146|   -6.138050|   -5.587978|    0.329301|    0.001794|
|         147|   -6.144077|   -5.593726|    0.329357|    0.001795|
|         148|   -6.150755|   -5.600106|    0.329410|    0.001796|
|         149|   -6.158064|   -5.607088|    0.329461|    0.001796|
|         150|   -6.165995|   -5.614664|    0.329508|    0.001797|
|         151|   -6.174535|   -5.622826|    0.329553|    0.001696|
+-----------------------------------------------------------------------+
|Fixed CL Mode                           |Value                         |
+-----------------------------------------------------------------------+
|Current CL                              |0.329553                      |
|Target CL                               |0.326                         |
|Previous AOA                            |0.589832                      |
|Changed AoA by                          |-0.0175395                    |
+-----------------------------------------------------------------------+
+----------------------------------------------------------------+
|  Inner_Iter|    rms[Rho]|   rms[RhoE]|          CL|          CD|
+----------------------------------------------------------------+
|         152|   -4.567839|   -3.961210|    0.329589|    0.001696|
|         153|   -4.865151|   -4.254612|    0.329498|    0.001695|
|         154|   -5.107085|   -4.513573|    0.329022|    0.001688|
|         155|   -5.305097|   -4.695023|    0.328281|    0.001676|
|         156|   -5.465344|   -4.867190|    0.327615|    0.001669|
|         157|   -5.559786|   -4.962992|    0.327241|    0.001665|
|         158|   -5.690794|   -5.091701|    0.327158|    0.001661|
|         159|   -5.720233|   -5.119459|    0.327161|    0.001659|
|         160|   -5.772049|   -5.169845|    0.327078|    0.001654|
|         161|   -5.886299|   -5.290513|    0.326925|    0.001648|
|         162|   -5.961211|   -5.374087|    0.326773|    0.001645|
|         163|   -5.987811|   -5.399082|    0.326640|    0.001642|
|         164|   -6.043858|   -5.455392|    0.326518|    0.001640|
|         165|   -6.118944|   -5.537426|    0.326408|    0.001638|
|         166|   -6.167550|   -5.592512|    0.326310|    0.001637|
|         167|   -6.198797|   -5.625334|    0.326218|    0.001638|
|         168|   -6.228872|   -5.655604|    0.326125|    0.001638|
|         169|   -6.254966|   -5.682933|    0.326030|    0.001639|
|         170|   -6.276311|   -5.706812|    0.325938|    0.001641|
|         171|   -6.295435|   -5.729152|    0.325848|    0.001643|
|         172|   -6.311534|   -5.748316|    0.325760|    0.001645|
|         173|   -6.323088|   -5.762212|    0.325673|    0.001648|
|         174|   -6.330855|   -5.771765|    0.325586|    0.001651|
|         175|   -6.336543|   -5.779047|    0.325502|    0.001654|
|         176|   -6.341281|   -5.785231|    0.325420|    0.001656|
|         177|   -6.345538|   -5.790705|    0.325340|    0.001659|
|         178|   -6.349440|   -5.795592|    0.325261|    0.001661|
|         179|   -6.353059|   -5.800046|    0.325184|    0.001663|
|         180|   -6.356524|   -5.804283|    0.325110|    0.001665|
|         181|   -6.359932|   -5.808429|    0.325039|    0.001667|
|         182|   -6.363294|   -5.812454|    0.324970|    0.001668|
|         183|   -6.366604|   -5.816300|    0.324905|    0.001668|
|         184|   -6.369889|   -5.819973|    0.324842|    0.001669|
|         185|   -6.373212|   -5.823537|    0.324782|    0.001669|
|         186|   -6.376649|   -5.827086|    0.324726|    0.001669|
|         187|   -6.380282|   -5.830727|    0.324672|    0.001669|
|         188|   -6.384197|   -5.834573|    0.324622|    0.001668|
|         189|   -6.388469|   -5.838719|    0.324574|    0.001668|
|         190|   -6.393164|   -5.843248|    0.324529|    0.001667|
|         191|   -6.398038|   -5.847892|    0.324487|    0.001666|
|         192|   -6.403078|   -5.852668|    0.324448|    0.001666|
|         193|   -6.408572|   -5.857929|    0.324410|    0.001665|
|         194|   -6.414550|   -5.863694|    0.324375|    0.001664|
|         195|   -6.421077|   -5.870009|    0.324342|    0.001664|
|         196|   -6.428139|   -5.876860|    0.324311|    0.001663|
|         197|   -6.435721|   -5.884234|    0.324282|    0.001663|
|         198|   -6.443816|   -5.892123|    0.324255|    0.001663|
|         199|   -6.452422|   -5.900528|    0.324229|    0.001663|
|         200|   -6.461534|   -5.909443|    0.324204|    0.001663|
|         201|   -6.471130|   -5.918841|    0.324181|    0.001713|
+-----------------------------------------------------------------------+
|Fixed CL Mode                           |Value                         |
+-----------------------------------------------------------------------+
|Current CL                              |0.324181                      |
|Target CL                               |0.326                         |
|Previous AOA                            |0.572293                      |
|Changed AoA by                          |0.00897785                    |
+-----------------------------------------------------------------------+
+----------------------------------------------------------------+
|  Inner_Iter|    rms[Rho]|   rms[RhoE]|          CL|          CD|
+----------------------------------------------------------------+
|         202|   -4.858687|   -4.252059|    0.324163|    0.001714|
|         203|   -5.156011|   -4.545463|    0.324209|    0.001714|
|         204|   -5.397963|   -4.804435|    0.324453|    0.001718|
|         205|   -5.596090|   -4.985982|    0.324833|    0.001724|
|         206|   -5.756507|   -5.158317|    0.325174|    0.001728|
|         207|   -5.851048|   -5.254211|    0.325366|    0.001730|
|         208|   -5.982317|   -5.383148|    0.325408|    0.001732|
|         209|   -6.011776|   -5.410933|    0.325406|    0.001733|
|         210|   -6.063656|   -5.461397|    0.325449|    0.001736|
|         211|   -6.178152|   -5.582356|    0.325528|    0.001739|
|         212|   -6.253163|   -5.666110|    0.325605|    0.001740|
|         213|   -6.279624|   -5.691014|    0.325673|    0.001742|
|         214|   -6.335596|   -5.747359|    0.325735|    0.001743|
|         215|   -6.410501|   -5.829404|    0.325792|    0.001744|
|         216|   -6.458690|   -5.884194|    0.325842|    0.001744|
|         217|   -6.489442|   -5.916544|    0.325888|    0.001744|
|         218|   -6.518828|   -5.946116|    0.325936|    0.001743|
|         219|   -6.544156|   -5.972637|    0.325984|    0.001743|
|         220|   -6.564977|   -5.995912|    0.326031|    0.001742|
|         221|   -6.583799|   -6.017824|    0.326076|    0.001741|
|         222|   -6.599837|   -6.036749|    0.326121|    0.001739|
|         223|   -6.611598|   -6.050650|    0.326165|    0.001738|
|         224|   -6.619800|   -6.060446|    0.326209|    0.001736|
|         225|   -6.626077|   -6.068158|    0.326252|    0.001735|
|         226|   -6.631488|   -6.074904|    0.326294|    0.001733|
|         227|   -6.636437|   -6.081010|    0.326335|    0.001732|
|         228|   -6.640987|   -6.086535|    0.326375|    0.001731|
|         229|   -6.645154|   -6.091571|    0.326414|    0.001730|
|         230|   -6.649024|   -6.096285|    0.326451|    0.001729|
|         231|   -6.652658|   -6.100756|    0.326488|    0.001728|
|         232|   -6.656046|   -6.104931|    0.326523|    0.001727|
|         233|   -6.659170|   -6.108730|    0.326556|    0.001727|
|         234|   -6.662057|   -6.112151|    0.326588|    0.001727|
|         235|   -6.664774|   -6.115252|    0.326619|    0.001727|
|         236|   -6.667402|   -6.118129|    0.326648|    0.001727|
|         237|   -6.670039|   -6.120898|    0.326675|    0.001727|
|         238|   -6.672789|   -6.123685|    0.326701|    0.001727|
|         239|   -6.675750|   -6.126609|    0.326726|    0.001727|
|         240|   -6.678996|   -6.129760|    0.326749|    0.001728|
|         241|   -6.682598|   -6.133225|    0.326771|    0.001728|
|         242|   -6.686612|   -6.137070|    0.326792|    0.001728|
|         243|   -6.691087|   -6.141348|    0.326811|    0.001729|
|         244|   -6.696055|   -6.146097|    0.326830|    0.001729|
|         245|   -6.701533|   -6.151342|    0.326847|    0.001730|
|         246|   -6.707538|   -6.157102|    0.326863|    0.001730|
|         247|   -6.714082|   -6.163392|    0.326879|    0.001730|
|         248|   -6.721166|   -6.170213|    0.326893|    0.001730|
|         249|   -6.728780|   -6.177553|    0.326907|    0.001730|
|         250|   -6.736924|   -6.185417|    0.326920|    0.001730|
+-----------------------------------------------------------------------+
|        File Writing Summary       |              Filename             |
+-----------------------------------------------------------------------+
|SU2 binary restart                 |restart_flow.dat                   |
Writing Flow Meta-Data file: flow.meta
|Paraview                           |flow.vtu                           |
Writing Flow Meta-Data file: flow.meta
|Paraview surface                   |surface_flow.vtu                   |
Writing Flow Meta-Data file: flow.meta
|CSV file                           |surface_flow.csv                   |
Writing Flow Meta-Data file: flow.meta
+-----------------------------------------------------------------------+
+----------------------------------------------------------------+
|  Inner_Iter|    rms[Rho]|   rms[RhoE]|          CL|          CD|
+----------------------------------------------------------------+
|         251|   -6.745587|   -6.193792|    0.326933|    0.001704|
+-----------------------------------------------------------------------+
|Fixed CL Mode                           |Value                         |
+-----------------------------------------------------------------------+
|Current CL                              |0.326933                      |
|Target CL                               |0.326                         |
|Previous AOA                            |0.58127                       |
|Changed AoA by                          |-0.00460131                   |
+-----------------------------------------------------------------------+
+----------------------------------------------------------------+
|  Inner_Iter|    rms[Rho]|   rms[RhoE]|          CL|          CD|
+----------------------------------------------------------------+
|         252|   -5.148964|   -4.542340|    0.326943|    0.001704|
|         253|   -5.446275|   -4.835733|    0.326919|    0.001704|
|         254|   -5.688148|   -5.094638|    0.326795|    0.001702|
|         255|   -5.886106|   -5.276062|    0.326601|    0.001699|
|         256|   -6.046213|   -5.448125|    0.326427|    0.001697|
|         257|   -6.140481|   -5.543786|    0.326329|    0.001696|
|         258|   -6.271160|   -5.672238|    0.326307|    0.001695|
|         259|   -6.300545|   -5.699962|    0.326309|    0.001694|
|         260|   -6.352193|   -5.750229|    0.326287|    0.001693|
|         261|   -6.465826|   -5.870389|    0.326247|    0.001692|
|         262|   -6.540198|   -5.953466|    0.326208|    0.001691|
|         263|   -6.566669|   -5.978370|    0.326173|    0.001690|
|         264|   -6.622204|   -6.034260|    0.326142|    0.001689|
|         265|   -6.696415|   -6.115494|    0.326113|    0.001689|
|         266|   -6.744562|   -6.170107|    0.326088|    0.001689|
|         267|   -6.775690|   -6.202789|    0.326064|    0.001689|
|         268|   -6.805522|   -6.232769|    0.326040|    0.001689|
|         269|   -6.831438|   -6.259816|    0.326016|    0.001689|
|         270|   -6.852959|   -6.283731|    0.325992|    0.001690|
|         271|   -6.872526|   -6.306357|    0.325968|    0.001690|
|         272|   -6.889324|   -6.326057|    0.325946|    0.001691|
|         273|   -6.901816|   -6.340741|    0.325923|    0.001692|
|         274|   -6.910666|   -6.351251|    0.325900|    0.001692|
|         275|   -6.917489|   -6.359573|    0.325879|    0.001693|
|         276|   -6.923344|   -6.366821|    0.325857|    0.001694|
|         277|   -6.928653|   -6.373331|    0.325836|    0.001695|
|         278|   -6.933494|   -6.379178|    0.325816|    0.001695|
|         279|   -6.937902|   -6.384469|    0.325796|    0.001696|
|         280|   -6.941979|   -6.389388|    0.325777|    0.001696|
|         281|   -6.945804|   -6.394037|    0.325758|    0.001697|
|         282|   -6.949383|   -6.398375|    0.325740|    0.001697|
|         283|   -6.952708|   -6.402337|    0.325723|    0.001697|
|         284|   -6.955814|   -6.405927|    0.325707|    0.001697|
|         285|   -6.958771|   -6.409214|    0.325691|    0.001697|
|         286|   -6.961669|   -6.412304|    0.325676|    0.001697|
|         287|   -6.964610|   -6.415320|    0.325662|    0.001697|
|         288|   -6.967687|   -6.418380|    0.325649|    0.001697|
|         289|   -6.970998|   -6.421606|    0.325637|    0.001697|
|         290|   -6.974646|   -6.425117|    0.325625|    0.001697|
|         291|   -6.978704|   -6.429000|    0.325614|    0.001697|
|         292|   -6.983213|   -6.433309|    0.325603|    0.001696|
|         293|   -6.988207|   -6.438084|    0.325593|    0.001696|
|         294|   -6.993715|   -6.443361|    0.325584|    0.001696|
|         295|   -6.999751|   -6.449161|    0.325575|    0.001696|
|         296|   -7.006325|   -6.455496|    0.325567|    0.001696|
|         297|   -7.013436|   -6.462366|    0.325559|    0.001696|
|         298|   -7.021080|   -6.469769|    0.325552|    0.001695|
|         299|   -7.029251|   -6.477697|    0.325545|    0.001695|
|         300|   -7.037934|   -6.486134|    0.325538|    0.001695|
|         301|   -7.047113|   -6.495063|    0.325532|    0.001709|
+-----------------------------------------------------------------------+
|Fixed CL Mode                           |Value                         |
+-----------------------------------------------------------------------+
|Current CL                              |0.325532                      |
|Target CL                               |0.326                         |
|Previous AOA                            |0.576669                      |
|Changed AoA by                          |0.00230808                    |
+-----------------------------------------------------------------------+
+----------------------------------------------------------------+
|  Inner_Iter|    rms[Rho]|   rms[RhoE]|          CL|          CD|
+----------------------------------------------------------------+
|         302|   -5.448596|   -4.841972|    0.325527|    0.001709|
|         303|   -5.745912|   -5.135367|    0.325539|    0.001709|
|         304|   -5.987796|   -5.394280|    0.325601|    0.001710|
|         305|   -6.185800|   -5.575741|    0.325699|    0.001711|
|         306|   -6.345977|   -5.747869|    0.325786|    0.001712|
|         307|   -6.440304|   -5.843580|    0.325835|    0.001713|
|         308|   -6.571122|   -5.972147|    0.325846|    0.001713|
|         309|   -6.600537|   -5.999897|    0.325845|    0.001714|
|         310|   -6.652245|   -6.050219|    0.325856|    0.001714|
|         311|   -6.766081|   -6.170577|    0.325876|    0.001715|
|         312|   -6.840605|   -6.253821|    0.325896|    0.001715|
|         313|   -6.867073|   -6.278728|    0.325913|    0.001716|
|         314|   -6.922696|   -6.334725|    0.325929|    0.001716|
|         315|   -6.997044|   -6.416149|    0.325943|    0.001716|
|         316|   -7.045178|   -6.470800|    0.325956|    0.001716|
|         317|   -7.076197|   -6.503388|    0.325968|    0.001716|
|         318|   -7.105905|   -6.533247|    0.325980|    0.001716|
|         319|   -7.131689|   -6.560165|    0.325992|    0.001716|
|         320|   -7.153084|   -6.583950|    0.326004|    0.001716|
|         321|   -7.172539|   -6.606449|    0.326016|    0.001716|
|         322|   -7.189248|   -6.626028|    0.326027|    0.001715|
|         323|   -7.201680|   -6.640608|    0.326039|    0.001715|
|         324|   -7.210510|   -6.651050|    0.326050|    0.001714|
|         325|   -7.217349|   -6.659346|    0.326061|    0.001714|
|         326|   -7.223254|   -6.666608|    0.326071|    0.001714|
|         327|   -7.228635|   -6.673167|    0.326082|    0.001713|
|         328|   -7.233562|   -6.679088|    0.326092|    0.001713|
|         329|   -7.238057|   -6.684465|    0.326102|    0.001713|
|         330|   -7.242213|   -6.689474|    0.326112|    0.001712|
|         331|   -7.246099|   -6.694202|    0.326121|    0.001712|
|         332|   -7.249713|   -6.698602|    0.326130|    0.001712|
|         333|   -7.253042|   -6.702602|    0.326138|    0.001712|
|         334|   -7.256117|   -6.706199|    0.326147|    0.001712|
|         335|   -7.259007|   -6.709458|    0.326155|    0.001712|
|         336|   -7.261801|   -6.712482|    0.326162|    0.001712|
|         337|   -7.264599|   -6.715392|    0.326169|    0.001712|
|         338|   -7.267507|   -6.718317|    0.326176|    0.001712|
|         339|   -7.270624|   -6.721379|    0.326182|    0.001712|
|         340|   -7.274039|   -6.724683|    0.326188|    0.001712|
|         341|   -7.277822|   -6.728314|    0.326194|    0.001712|
|         342|   -7.282030|   -6.732339|    0.326199|    0.001712|
|         343|   -7.286704|   -6.736805|    0.326204|    0.001713|
|         344|   -7.291871|   -6.741749|    0.326208|    0.001713|
|         345|   -7.297555|   -6.747199|    0.326213|    0.001713|
|         346|   -7.303768|   -6.753171|    0.326217|    0.001713|
|         347|   -7.310518|   -6.759673|    0.326221|    0.001713|
|         348|   -7.317805|   -6.766708|    0.326225|    0.001713|
|         349|   -7.325623|   -6.774268|    0.326228|    0.001713|
|         350|   -7.333962|   -6.782343|    0.326232|    0.001713|
|         351|   -7.342810|   -6.790920|    0.326235|    0.001706|
+-----------------------------------------------------------------------+
|Fixed CL Mode                           |Value                         |
+-----------------------------------------------------------------------+
|Current CL                              |0.326235                      |
|Target CL                               |0.326                         |
|Previous AOA                            |0.578977                      |
|Changed AoA by                          |-0.00115849                   |
+-----------------------------------------------------------------------+
+----------------------------------------------------------------+
|  Inner_Iter|    rms[Rho]|   rms[RhoE]|          CL|          CD|
+----------------------------------------------------------------+
|         352|   -5.747952|   -5.141329|    0.326237|    0.001706|
|         353|   -6.045264|   -5.434721|    0.326232|    0.001706|
|         354|   -6.287128|   -5.693617|    0.326200|    0.001706|
|         355|   -6.485087|   -5.875045|    0.326151|    0.001705|
|         356|   -6.645180|   -6.047100|    0.326108|    0.001705|
|         357|   -6.739433|   -6.142747|    0.326083|    0.001704|
|         358|   -6.870091|   -6.271183|    0.326078|    0.001704|
|         359|   -6.899481|   -6.298914|    0.326078|    0.001704|
|         360|   -6.951120|   -6.349178|    0.326073|    0.001703|
|         361|   -7.064714|   -6.469311|    0.326063|    0.001703|
|         362|   -7.139059|   -6.552365|    0.326053|    0.001703|
|         363|   -7.165526|   -6.577268|    0.326044|    0.001703|
|         364|   -7.221026|   -6.633137|    0.326036|    0.001703|
|         365|   -7.295184|   -6.714339|    0.326029|    0.001702|
|         366|   -7.343316|   -6.768950|    0.326023|    0.001702|
|         367|   -7.374450|   -6.801640|    0.326017|    0.001702|
|         368|   -7.404291|   -6.831619|    0.326011|    0.001702|
|         369|   -7.430247|   -6.858688|    0.326004|    0.001703|
|         370|   -7.451848|   -6.882658|    0.325998|    0.001703|
|         371|   -7.471524|   -6.905366|    0.325993|    0.001703|
|         372|   -7.488460|   -6.925173|    0.325987|    0.001703|
|         373|   -7.501112|   -6.939984|    0.325981|    0.001703|
|         374|   -7.510133|   -6.950634|    0.325976|    0.001703|
|         375|   -7.517131|   -6.959106|    0.325970|    0.001704|
|         376|   -7.523162|   -6.966510|    0.325965|    0.001704|
|         377|   -7.528640|   -6.973179|    0.325959|    0.001704|
|         378|   -7.533641|   -6.979182|    0.325954|    0.001704|
|         379|   -7.538192|   -6.984621|    0.325949|    0.001704|
|         380|   -7.542389|   -6.989673|    0.325944|    0.001704|
|         381|   -7.546310|   -6.994435|    0.325940|    0.001704|
|         382|   -7.549949|   -6.998856|    0.325935|    0.001704|
|         383|   -7.553303|   -7.002872|    0.325931|    0.001705|
|         384|   -7.556407|   -7.006487|    0.325927|    0.001705|
|         385|   -7.559333|   -7.009769|    0.325923|    0.001705|
|         386|   -7.562172|   -7.012825|    0.325919|    0.001705|
|         387|   -7.565025|   -7.015775|    0.325916|    0.001705|
|         388|   -7.567996|   -7.018750|    0.325912|    0.001705|
|         389|   -7.571185|   -7.021872|    0.325909|    0.001704|
|         390|   -7.574680|   -7.025247|    0.325906|    0.001704|
|         391|   -7.578553|   -7.028958|    0.325903|    0.001704|
|         392|   -7.582859|   -7.033074|    0.325901|    0.001704|
|         393|   -7.587639|   -7.037642|    0.325898|    0.001704|
|         394|   -7.592920|   -7.042698|    0.325896|    0.001704|
|         395|   -7.598721|   -7.048264|    0.325894|    0.001704|
|         396|   -7.605052|   -7.054354|    0.325891|    0.001704|
|         397|   -7.611918|   -7.060977|    0.325889|    0.001704|
|         398|   -7.619317|   -7.068129|    0.325888|    0.001704|
|         399|   -7.627242|   -7.075803|    0.325886|    0.001704|
|         400|   -7.635682|   -7.083989|    0.325884|    0.001704|
|         401|   -7.644624|   -7.092670|    0.325883|    0.001707|
+-----------------------------------------------------------------------+
|Fixed CL Mode                           |Value                         |
+-----------------------------------------------------------------------+
|Current CL                              |0.325883                      |
|Target CL                               |0.326                         |
|Previous AOA                            |0.577819                      |
|Changed AoA by                          |0.000579406                   |
+-----------------------------------------------------------------------+
+----------------------------------------------------------------+
|  Inner_Iter|    rms[Rho]|   rms[RhoE]|          CL|          CD|
+----------------------------------------------------------------+
|         402|   -6.048862|   -5.442239|    0.325881|    0.001707|
|         403|   -6.346176|   -5.735632|    0.325884|    0.001707|
|         404|   -6.588045|   -5.994531|    0.325900|    0.001708|
|         405|   -6.786018|   -6.175971|    0.325924|    0.001708|
|         406|   -6.946132|   -6.348044|    0.325946|    0.001708|
|         407|   -7.040402|   -6.443707|    0.325958|    0.001708|
|         408|   -7.171103|   -6.572179|    0.325961|    0.001709|
|         409|   -7.200499|   -6.599915|    0.325961|    0.001709|
|         410|   -7.252155|   -6.650194|    0.325964|    0.001709|
|         411|   -7.365809|   -6.770386|    0.325969|    0.001709|
|         412|   -7.440197|   -6.853487|    0.325974|    0.001709|
|         413|   -7.466658|   -6.878386|    0.325978|    0.001709|
|         414|   -7.522180|   -6.934280|    0.325982|    0.001709|
|         415|   -7.596374|   -7.015532|    0.325986|    0.001709|
|         416|   -7.644502|   -7.070154|    0.325989|    0.001709|
|         417|   -7.675604|   -7.102817|    0.325992|    0.001709|
|         418|   -7.705410|   -7.132762|    0.325995|    0.001709|
|         419|   -7.731327|   -7.159793|    0.325998|    0.001709|
|         420|   -7.752892|   -7.183726|    0.326001|    0.001709|
|         421|   -7.772535|   -7.206398|    0.326004|    0.001709|
|         422|   -7.789444|   -7.226171|    0.326007|    0.001709|
|         423|   -7.802076|   -7.240951|    0.326009|    0.001709|
|         424|   -7.811089|   -7.251581|    0.326012|    0.001709|
|         425|   -7.818089|   -7.260044|    0.326015|    0.001709|
|         426|   -7.824133|   -7.267453|    0.326018|    0.001709|
|         427|   -7.829633|   -7.274138|    0.326020|    0.001709|
|         428|   -7.834660|   -7.280164|    0.326023|    0.001709|
|         429|   -7.839239|   -7.285631|    0.326025|    0.001708|
|         430|   -7.843463|   -7.290712|    0.326028|    0.001708|
|         431|   -7.847407|   -7.295502|    0.326030|    0.001708|
|         432|   -7.851070|   -7.299953|    0.326032|    0.001708|
|         433|   -7.854441|   -7.303995|    0.326034|    0.001708|
|         434|   -7.857552|   -7.307626|    0.326037|    0.001708|
|         435|   -7.860473|   -7.310914|    0.326039|    0.001708|
|         436|   -7.863295|   -7.313963|    0.326040|    0.001708|
|         437|   -7.866120|   -7.316896|    0.326042|    0.001708|
|         438|   -7.869054|   -7.319842|    0.326044|    0.001708|
|         439|   -7.872197|   -7.322926|    0.326045|    0.001708|
|         440|   -7.875638|   -7.326253|    0.326047|    0.001708|
|         441|   -7.879449|   -7.329908|    0.326048|    0.001708|
|         442|   -7.883687|   -7.333960|    0.326050|    0.001708|
|         443|   -7.888395|   -7.338459|    0.326051|    0.001708|
|         444|   -7.893601|   -7.343441|    0.326052|    0.001708|
|         445|   -7.899324|   -7.348929|    0.326053|    0.001708|
|         446|   -7.905577|   -7.354941|    0.326054|    0.001708|
|         447|   -7.912364|   -7.361482|    0.326055|    0.001708|
|         448|   -7.919685|   -7.368554|    0.326056|    0.001709|
|         449|   -7.927534|   -7.376149|    0.326057|    0.001709|
|         450|   -7.935901|   -7.384256|    0.326058|    0.001709|
|         451|   -7.944773|   -7.392862|    0.326059|    0.001707|
+-----------------------------------------------------------------------+
|Fixed CL Mode                           |Value                         |
+-----------------------------------------------------------------------+
|Current CL                              |0.326059                      |
|Target CL                               |0.326                         |
|Previous AOA                            |0.578398                      |
|Changed AoA by                          |-0.000289375                  |
+-----------------------------------------------------------------------+
+----------------------------------------------------------------+
|  Inner_Iter|    rms[Rho]|   rms[RhoE]|          CL|          CD|
+----------------------------------------------------------------+
|         452|   -6.350382|   -5.743759|    0.326059|    0.001707|
|         453|   -6.647695|   -6.037151|    0.326058|    0.001707|
|         454|   -6.889556|   -6.296045|    0.326050|    0.001707|
|         455|   -7.087515|   -6.477473|    0.326038|    0.001707|
|         456|   -7.247601|   -6.649523|    0.326027|    0.001706|
|         457|   -7.341847|   -6.745165|    0.326021|    0.001706|
|         458|   -7.472495|   -6.873593|    0.326019|    0.001706|
|         459|   -7.501884|   -6.901324|    0.326020|    0.001706|
|         460|   -7.553518|   -6.951585|    0.326018|    0.001706|
|         461|   -7.667092|   -7.071703|    0.326016|    0.001706|
|         462|   -7.741419|   -7.154741|    0.326013|    0.001706|
|         463|   -7.767880|   -7.179639|    0.326011|    0.001706|
|         464|   -7.823359|   -7.235491|    0.326009|    0.001706|
|         465|   -7.897485|   -7.316666|    0.326007|    0.001706|
|         466|   -7.945599|   -7.371264|    0.326006|    0.001706|
|         467|   -7.976727|   -7.403948|    0.326004|    0.001706|
|         468|   -8.006563|   -7.433920|    0.326003|    0.001706|
|         469|   -8.032523|   -7.460988|    0.326001|    0.001706|
|         470|   -8.054140|   -7.484967|    0.326000|    0.001706|
|         471|   -8.073840|   -7.507691|    0.325998|    0.001706|
|         472|   -8.090806|   -7.527520|    0.325997|    0.001706|
|         473|   -8.103494|   -7.542359|    0.325995|    0.001706|
|         474|   -8.112557|   -7.553042|    0.325994|    0.001706|
|         475|   -8.119598|   -7.561550|    0.325993|    0.001706|
|         476|   -8.125672|   -7.568993|    0.325991|    0.001706|
|         477|   -8.131195|   -7.575703|    0.325990|    0.001706|
|         478|   -8.136238|   -7.581748|    0.325989|    0.001706|
|         479|   -8.140827|   -7.587227|    0.325987|    0.001706|
|         480|   -8.145059|   -7.592316|    0.325986|    0.001706|
|         481|   -8.149008|   -7.597110|    0.325985|    0.001706|
|         482|   -8.152675|   -7.601564|    0.325984|    0.001706|
|         483|   -8.156051|   -7.605609|    0.325983|    0.001706|
|         484|   -8.159169|   -7.609244|    0.325982|    0.001706|
|         485|   -8.162098|   -7.612537|    0.325981|    0.001706|
|         486|   -8.164931|   -7.615592|    0.325980|    0.001706|
|         487|   -8.167769|   -7.618534|    0.325979|    0.001706|
|         488|   -8.170718|   -7.621493|    0.325978|    0.001706|
|         489|   -8.173879|   -7.624591|    0.325977|    0.001706|
|         490|   -8.177340|   -7.627935|    0.325977|    0.001706|
|         491|   -8.181173|   -7.631611|    0.325976|    0.001706|
|         492|   -8.185436|   -7.635685|    0.325975|    0.001706|
|         493|   -8.190170|   -7.640209|    0.325975|    0.001706|
|         494|   -8.195404|   -7.645217|    0.325974|    0.001706|
|         495|   -8.201155|   -7.650734|    0.325973|    0.001706|
|         496|   -8.207436|   -7.656774|    0.325973|    0.001706|
|         497|   -8.214252|   -7.663346|    0.325972|    0.001706|
|         498|   -8.221602|   -7.670447|    0.325972|    0.001706|
|         499|   -8.229479|   -7.678071|    0.325972|    0.001706|
|         500|   -8.237873|   -7.686208|    0.325971|    0.001706|
+-----------------------------------------------------------------------+
|        File Writing Summary       |              Filename             |
+-----------------------------------------------------------------------+
|SU2 binary restart                 |restart_flow.dat                   |
Writing Flow Meta-Data file: flow.meta
|Paraview                           |flow.vtu                           |
Writing Flow Meta-Data file: flow.meta
|Paraview surface                   |surface_flow.vtu                   |
Writing Flow Meta-Data file: flow.meta
|CSV file                           |surface_flow.csv                   |
Writing Flow Meta-Data file: flow.meta
+-----------------------------------------------------------------------+
+----------------------------------------------------------------+
|  Inner_Iter|    rms[Rho]|   rms[RhoE]|          CL|          CD|
+----------------------------------------------------------------+
|         501|   -8.246770|   -7.694841|    0.325971|    0.001707|
+-----------------------------------------------------------------------+
|Fixed CL Mode                           |Value                         |
+-----------------------------------------------------------------------+
|Current CL                              |0.325971                      |
|Target CL                               |0.326                         |
|Previous AOA                            |0.578109                      |
|Changed AoA by                          |0.000144455                   |
+-----------------------------------------------------------------------+
+----------------------------------------------------------------+
|  Inner_Iter|    rms[Rho]|   rms[RhoE]|          CL|          CD|
+----------------------------------------------------------------+
|         502|   -6.652112|   -6.045489|    0.325970|    0.001707|
|         503|   -6.949425|   -6.338881|    0.325971|    0.001707|
|         504|   -7.191288|   -6.597776|    0.325975|    0.001707|
|         505|   -7.389250|   -6.779207|    0.325981|    0.001707|
|         506|   -7.549343|   -6.951263|    0.325987|    0.001707|
|         507|   -7.643594|   -7.046909|    0.325990|    0.001707|
|         508|   -7.774255|   -7.175348|    0.325990|    0.001707|
|         509|   -7.803646|   -7.203080|    0.325990|    0.001707|
|         510|   -7.855285|   -7.253346|    0.325991|    0.001707|
|         511|   -7.968877|   -7.373481|    0.325992|    0.001708|
|         512|   -8.043217|   -7.456533|    0.325993|    0.001708|
|         513|   -8.069676|   -7.481430|    0.325994|    0.001708|
|         514|   -8.125163|   -7.537291|    0.325995|    0.001708|
|         515|   -8.199300|   -7.618481|    0.325996|    0.001708|
|         516|   -8.247413|   -7.673081|    0.325997|    0.001708|
|         517|   -8.278532|   -7.705758|    0.325998|    0.001708|
|         518|   -8.308357|   -7.735720|    0.325999|    0.001708|
|         519|   -8.334306|   -7.762777|    0.325999|    0.001708|
|         520|   -8.355912|   -7.786745|    0.326000|    0.001708|
|         521|   -8.375601|   -7.809459|    0.326001|    0.001708|
|         522|   -8.392560|   -7.829278|    0.326002|    0.001708|
|         523|   -8.405243|   -7.844109|    0.326002|    0.001708|
|         524|   -8.414303|   -7.854788|    0.326003|    0.001707|
|         525|   -8.421346|   -7.863295|    0.326004|    0.001707|
|         526|   -8.427426|   -7.870741|    0.326004|    0.001707|
|         527|   -8.432956|   -7.877457|    0.326005|    0.001707|
|         528|   -8.438008|   -7.883510|    0.326006|    0.001707|
|         529|   -8.442608|   -7.888998|    0.326006|    0.001707|
|         530|   -8.446849|   -7.894097|    0.326007|    0.001707|
|         531|   -8.450807|   -7.898901|    0.326007|    0.001707|
|         532|   -8.454481|   -7.903365|    0.326008|    0.001707|
|         533|   -8.457863|   -7.907416|    0.326009|    0.001707|
|         534|   -8.460983|   -7.911056|    0.326009|    0.001707|
|         535|   -8.463913|   -7.914352|    0.326010|    0.001707|
|         536|   -8.466743|   -7.917408|    0.326010|    0.001707|
|         537|   -8.469576|   -7.920347|    0.326010|    0.001707|
|         538|   -8.472518|   -7.923300|    0.326011|    0.001707|
|         539|   -8.475669|   -7.926391|    0.326011|    0.001707|
|         540|   -8.479118|   -7.929724|    0.326012|    0.001707|
|         541|   -8.482937|   -7.933387|    0.326012|    0.001707|
|         542|   -8.487185|   -7.937448|    0.326012|    0.001707|
|         543|   -8.491903|   -7.941956|    0.326013|    0.001707|
|         544|   -8.497119|   -7.946947|    0.326013|    0.001707|
|         545|   -8.502852|   -7.952446|    0.326013|    0.001707|
|         546|   -8.509115|   -7.958468|    0.326014|    0.001707|
|         547|   -8.515913|   -7.965021|    0.326014|    0.001707|
|         548|   -8.523244|   -7.972103|    0.326014|    0.001707|
|         549|   -8.531103|   -7.979709|    0.326014|    0.001707|
|         550|   -8.539480|   -7.987826|    0.326014|    0.001707|
|         551|   -8.548361|   -7.996443|    0.326015|    0.001707|
+-----------------------------------------------------------------------+
|Fixed CL Mode                           |Value                         |
+-----------------------------------------------------------------------+
|Current CL                              |0.326015                      |
|Target CL                               |0.326                         |
|Previous AOA                            |0.578253                      |
|Changed AoA by                          |-7.20832e-05                  |
+-----------------------------------------------------------------------+
+----------------------------------------------------------------+
|  Inner_Iter|    rms[Rho]|   rms[RhoE]|          CL|          CD|
+----------------------------------------------------------------+
|         552|   -6.954009|   -6.347386|    0.326015|    0.001707|
|         553|   -7.251322|   -6.640778|    0.326014|    0.001707|
|         554|   -7.493183|   -6.899671|    0.326012|    0.001707|
|         555|   -7.691142|   -7.081101|    0.326009|    0.001707|
|         556|   -7.851229|   -7.253151|    0.326007|    0.001707|
|         557|   -7.945474|   -7.348792|    0.326005|    0.001707|
|         558|   -8.076123|   -7.477221|    0.326005|    0.001707|
|         559|   -8.105512|   -7.504952|    0.326005|    0.001707|
|         560|   -8.157146|   -7.555213|    0.326005|    0.001707|
|         561|   -8.270720|   -7.675332|    0.326004|    0.001707|
|         562|   -8.345046|   -7.758370|    0.326003|    0.001707|
|         563|   -8.371506|   -7.783267|    0.326003|    0.001707|
|         564|   -8.426983|   -7.839118|    0.326002|    0.001707|
|         565|   -8.501105|   -7.920291|    0.326002|    0.001707|
|         566|   -8.549216|   -7.974886|    0.326001|    0.001707|
|         567|   -8.580341|   -8.007568|    0.326001|    0.001707|
|         568|   -8.610174|   -8.037537|    0.326001|    0.001707|
|         569|   -8.636133|   -8.064603|    0.326000|    0.001707|
|         570|   -8.657751|   -8.088582|    0.326000|    0.001707|
|         571|   -8.677454|   -8.111308|    0.326000|    0.001707|
|         572|   -8.694426|   -8.131141|    0.325999|    0.001707|
|         573|   -8.707121|   -8.145985|    0.325999|    0.001707|
|         574|   -8.716193|   -8.156675|    0.325998|    0.001707|
|         575|   -8.723244|   -8.165192|    0.325998|    0.001707|
|         576|   -8.729330|   -8.172645|    0.325998|    0.001707|
|         577|   -8.734865|   -8.179367|    0.325997|    0.001707|
|         578|   -8.739920|   -8.185423|    0.325997|    0.001707|
|         579|   -8.744521|   -8.190913|    0.325997|    0.001707|
|         580|   -8.748763|   -8.196013|    0.325997|    0.001707|
|         581|   -8.752721|   -8.200817|    0.325996|    0.001707|
|         582|   -8.756396|   -8.205280|    0.325996|    0.001707|
|         583|   -8.759778|   -8.209332|    0.325996|    0.001707|
|         584|   -8.762899|   -8.212972|    0.325995|    0.001707|
|         585|   -8.765830|   -8.216268|    0.325995|    0.001707|
|         586|   -8.768662|   -8.219325|    0.325995|    0.001707|
|         587|   -8.771498|   -8.222266|    0.325995|    0.001707|
|         588|   -8.774443|   -8.225222|    0.325995|    0.001707|
|         589|   -8.777599|   -8.228316|    0.325994|    0.001707|
|         590|   -8.781053|   -8.231654|    0.325994|    0.001707|
|         591|   -8.784879|   -8.235323|    0.325994|    0.001707|
|         592|   -8.789133|   -8.239389|    0.325994|    0.001707|
|         593|   -8.793857|   -8.243904|    0.325994|    0.001707|
|         594|   -8.799080|   -8.248902|    0.325994|    0.001707|
|         595|   -8.804821|   -8.254408|    0.325993|    0.001707|
|         596|   -8.811091|   -8.260438|    0.325993|    0.001707|
|         597|   -8.817896|   -8.266998|    0.325993|    0.001707|
|         598|   -8.825235|   -8.274088|    0.325993|    0.001707|
|         599|   -8.833102|   -8.281701|    0.325993|    0.001707|
|         600|   -8.841485|   -8.289826|    0.325993|    0.001707|
|         601|   -8.850372|   -8.298449|    0.325993|    0.001707|
+-----------------------------------------------------------------------+
|Fixed CL Mode                           |Value                         |
+-----------------------------------------------------------------------+
|Current CL                              |0.325993                      |
|Target CL                               |0.326                         |
|Previous AOA                            |0.578181                      |
|Changed AoA by                          |3.59671e-05                   |
+-----------------------------------------------------------------------+
+----------------------------------------------------------------+
|  Inner_Iter|    rms[Rho]|   rms[RhoE]|          CL|          CD|
+----------------------------------------------------------------+
|         602|   -7.255937|   -6.649315|    0.325993|    0.001707|
|         603|   -7.553250|   -6.942707|    0.325993|    0.001707|
|         604|   -7.795112|   -7.201600|    0.325994|    0.001707|
|         605|   -7.993072|   -7.383030|    0.325995|    0.001707|
|         606|   -8.153161|   -7.555082|    0.325997|    0.001707|
|         607|   -8.247408|   -7.650725|    0.325997|    0.001707|
|         608|   -8.378060|   -7.779157|    0.325998|    0.001707|
|         609|   -8.407450|   -7.806888|    0.325998|    0.001707|
|         610|   -8.459085|   -7.857151|    0.325998|    0.001707|
|         611|   -8.572665|   -7.977274|    0.325998|    0.001707|
|         612|   -8.646995|   -8.060317|    0.325998|    0.001707|
|         613|   -8.673454|   -8.085213|    0.325999|    0.001707|
|         614|   -8.728934|   -8.141067|    0.325999|    0.001707|
|         615|   -8.803059|   -8.222245|    0.325999|    0.001707|
|         616|   -8.851171|   -8.276841|    0.325999|    0.001707|
|         617|   -8.882294|   -8.309521|    0.325999|    0.001707|
|         618|   -8.912124|   -8.339488|    0.326000|    0.001707|
|         619|   -8.938080|   -8.366551|    0.326000|    0.001707|
|         620|   -8.959695|   -8.390528|    0.326000|    0.001707|
|         621|   -8.979395|   -8.413250|    0.326000|    0.001707|
|         622|   -8.996364|   -8.433080|    0.326000|    0.001707|
|         623|   -9.009058|   -8.447922|    0.326001|    0.001707|
|         624|   -9.018128|   -8.458611|    0.326001|    0.001707|
|         625|   -9.025180|   -8.467127|    0.326001|    0.001707|
|         626|   -9.031267|   -8.474580|    0.326001|    0.001707|
|         627|   -9.036802|   -8.481303|    0.326001|    0.001707|
|         628|   -9.041859|   -8.487361|    0.326001|    0.001707|
|         629|   -9.046462|   -8.492853|    0.326002|    0.001707|
|         630|   -9.050707|   -8.497955|    0.326002|    0.001707|
|         631|   -9.054667|   -8.502761|    0.326002|    0.001707|
|         632|   -9.058343|   -8.507226|    0.326002|    0.001707|
|         633|   -9.061726|   -8.511279|    0.326002|    0.001707|
|         634|   -9.064847|   -8.514920|    0.326002|    0.001707|
|         635|   -9.067778|   -8.518217|    0.326002|    0.001707|
|         636|   -9.070610|   -8.521274|    0.326003|    0.001707|
|         637|   -9.073444|   -8.524214|    0.326003|    0.001707|
|         638|   -9.076388|   -8.527169|    0.326003|    0.001707|
|         639|   -9.079541|   -8.530261|    0.326003|    0.001707|
|         640|   -9.082992|   -8.533596|    0.326003|    0.001707|
|         641|   -9.086814|   -8.537261|    0.326003|    0.001707|
|         642|   -9.091065|   -8.541324|    0.326003|    0.001707|
|         643|   -9.095785|   -8.545835|    0.326003|    0.001707|
|         644|   -9.101004|   -8.550829|    0.326003|    0.001707|
|         645|   -9.106740|   -8.556331|    0.326003|    0.001707|
|         646|   -9.113006|   -8.562356|    0.326003|    0.001707|
|         647|   -9.119807|   -8.568911|    0.326003|    0.001707|
|         648|   -9.127141|   -8.575997|    0.326003|    0.001707|
|         649|   -9.135003|   -8.583605|    0.326004|    0.001707|
|         650|   -9.143382|   -8.591726|    0.326004|    0.001707|
|         651|   -9.152265|   -8.600345|    0.326004|    0.001707|
+-----------------------------------------------------------------------+
|Fixed CL Mode                           |Value                         |
+-----------------------------------------------------------------------+
|Current CL                              |0.326004                      |
|Target CL                               |0.326                         |
|Previous AOA                            |0.578217                      |
|Changed AoA by                          |-1.79448e-05                  |
+-----------------------------------------------------------------------+
+----------------------------------------------------------------+
|  Inner_Iter|    rms[Rho]|   rms[RhoE]|          CL|          CD|
+----------------------------------------------------------------+
|         652|   -7.557904|   -6.951282|    0.326004|    0.001707|
|         653|   -7.855217|   -7.244673|    0.326004|    0.001707|
|         654|   -8.097078|   -7.503566|    0.326003|    0.001707|
|         655|   -8.295037|   -7.684996|    0.326002|    0.001707|
|         656|   -8.455125|   -7.857047|    0.326002|    0.001707|
|         657|   -8.549370|   -7.952688|    0.326001|    0.001707|
|         658|   -8.680019|   -8.081118|    0.326001|    0.001707|
|         659|   -8.709409|   -8.108849|    0.326001|    0.001707|
|         660|   -8.761043|   -8.159110|    0.326001|    0.001707|
|         661|   -8.874618|   -8.279230|    0.326001|    0.001707|
|         662|   -8.948945|   -8.362269|    0.326001|    0.001707|
|         663|   -8.975404|   -8.387165|    0.326001|    0.001707|
|         664|   -9.030882|   -8.443017|    0.326001|    0.001707|
|         665|   -9.105004|   -8.524190|    0.326000|    0.001707|
|         666|   -9.153115|   -8.578786|    0.326000|    0.001707|
|         667|   -9.184239|   -8.611467|    0.326000|    0.001707|
|         668|   -9.214071|   -8.641435|    0.326000|    0.001707|
|         669|   -9.240030|   -8.668501|    0.326000|    0.001707|
|         670|   -9.261648|   -8.692480|    0.326000|    0.001707|
|         671|   -9.281351|   -8.715206|    0.326000|    0.001707|
|         672|   -9.298324|   -8.735039|    0.326000|    0.001707|
|         673|   -9.311020|   -8.749884|    0.326000|    0.001707|
|         674|   -9.320093|   -8.760575|    0.326000|    0.001707|
|         675|   -9.327147|   -8.769094|    0.326000|    0.001707|
|         676|   -9.333235|   -8.776549|    0.325999|    0.001707|
|         677|   -9.338772|   -8.783273|    0.325999|    0.001707|
|         678|   -9.343830|   -8.789332|    0.325999|    0.001707|
|         679|   -9.348433|   -8.794824|    0.325999|    0.001707|
|         680|   -9.352678|   -8.799926|    0.325999|    0.001707|
|         681|   -9.356638|   -8.804733|    0.325999|    0.001707|
|         682|   -9.360314|   -8.809198|    0.325999|    0.001707|
|         683|   -9.363697|   -8.813251|    0.325999|    0.001707|
|         684|   -9.366819|   -8.816892|    0.325999|    0.001707|
|         685|   -9.369750|   -8.820189|    0.325999|    0.001707|
|         686|   -9.372583|   -8.823246|    0.325999|    0.001707|
|         687|   -9.375418|   -8.826187|    0.325999|    0.001707|
|         688|   -9.378362|   -8.829142|    0.325999|    0.001707|
|         689|   -9.381516|   -8.832235|    0.325999|    0.001707|
|         690|   -9.384969|   -8.835572|    0.325999|    0.001707|
|         691|   -9.388792|   -8.839238|    0.325999|    0.001707|
|         692|   -9.393044|   -8.843303|    0.325998|    0.001707|
|         693|   -9.397766|   -8.847815|    0.325998|    0.001707|
|         694|   -9.402987|   -8.852811|    0.325998|    0.001707|
|         695|   -9.408725|   -8.858314|    0.325998|    0.001707|
|         696|   -9.414993|   -8.864341|    0.325998|    0.001707|
|         697|   -9.421795|   -8.870898|    0.325998|    0.001707|
|         698|   -9.429131|   -8.877986|    0.325998|    0.001707|
|         699|   -9.436995|   -8.885596|    0.325998|    0.001707|
|         700|   -9.445375|   -8.893718|    0.325998|    0.001707|
|         701|   -9.454260|   -8.902339|    0.325998|    0.001707|
+-----------------------------------------------------------------------+
|Fixed CL Mode                           |Value                         |
+-----------------------------------------------------------------------+
|Current CL                              |0.325998                      |
|Target CL                               |0.326                         |
|Previous AOA                            |0.578199                      |
|Changed AoA by                          |8.95288e-06                   |
+-----------------------------------------------------------------------+
+----------------------------------------------------------------+
|  Inner_Iter|    rms[Rho]|   rms[RhoE]|          CL|          CD|
+----------------------------------------------------------------+
|         702|   -7.859881|   -7.253258|    0.325998|    0.001707|
|         703|   -8.157194|   -7.546650|    0.325998|    0.001707|
|         704|   -8.399055|   -7.805543|    0.325998|    0.001707|
|         705|   -8.597014|   -7.986973|    0.325999|    0.001707|
|         706|   -8.757102|   -8.159024|    0.325999|    0.001707|
|         707|   -8.851348|   -8.254666|    0.325999|    0.001707|
|         708|   -8.981998|   -8.383096|    0.325999|    0.001707|
|         709|   -9.011388|   -8.410827|    0.325999|    0.001707|
|         710|   -9.063022|   -8.461089|    0.325999|    0.001707|
|         711|   -9.176598|   -8.581209|    0.326000|    0.001707|
|         712|   -9.250926|   -8.664249|    0.326000|    0.001707|
|         713|   -9.277386|   -8.689146|    0.326000|    0.001707|
|         714|   -9.332864|   -8.744998|    0.326000|    0.001707|
|         715|   -9.406986|   -8.826173|    0.326000|    0.001707|
|         716|   -9.455098|   -8.880769|    0.326000|    0.001707|
|         717|   -9.486221|   -8.913449|    0.326000|    0.001707|
|         718|   -9.516053|   -8.943417|    0.326000|    0.001707|
|         719|   -9.542011|   -8.970482|    0.326000|    0.001707|
|         720|   -9.563628|   -8.994460|    0.326000|    0.001707|
|         721|   -9.583331|   -9.017185|    0.326000|    0.001707|
|         722|   -9.600302|   -9.037018|    0.326000|    0.001707|
|         723|   -9.612998|   -9.051862|    0.326000|    0.001707|
|         724|   -9.622071|   -9.062553|    0.326000|    0.001707|
|         725|   -9.629125|   -9.071071|    0.326000|    0.001707|
|         726|   -9.635213|   -9.078527|    0.326000|    0.001707|
|         727|   -9.640751|   -9.085251|    0.326000|    0.001707|
|         728|   -9.645809|   -9.091310|    0.326000|    0.001707|
|         729|   -9.650412|   -9.096803|    0.326000|    0.001707|
|         730|   -9.654658|   -9.101905|    0.326000|    0.001707|
|         731|   -9.658618|   -9.106713|    0.326000|    0.001707|
|         732|   -9.662295|   -9.111178|    0.326000|    0.001707|
|         733|   -9.665678|   -9.115231|    0.326001|    0.001707|
|         734|   -9.668800|   -9.118873|    0.326001|    0.001707|
|         735|   -9.671731|   -9.122170|    0.326001|    0.001707|
|         736|   -9.674563|   -9.125227|    0.326001|    0.001707|
|         737|   -9.677398|   -9.128168|    0.326001|    0.001707|
|         738|   -9.680342|   -9.131123|    0.326001|    0.001707|
|         739|   -9.683496|   -9.134215|    0.326001|    0.001707|
|         740|   -9.686947|   -9.137551|    0.326001|    0.001707|
|         741|   -9.690770|   -9.141217|    0.326001|    0.001707|
|         742|   -9.695021|   -9.145280|    0.326001|    0.001707|
|         743|   -9.699742|   -9.149791|    0.326001|    0.001707|
|         744|   -9.704961|   -9.154786|    0.326001|    0.001707|
|         745|   -9.710699|   -9.160289|    0.326001|    0.001707|
|         746|   -9.716965|   -9.166314|    0.326001|    0.001707|
|         747|   -9.723766|   -9.172870|    0.326001|    0.001707|
|         748|   -9.731101|   -9.179957|    0.326001|    0.001707|
|         749|   -9.738964|   -9.187566|    0.326001|    0.001707|
|         750|   -9.747344|   -9.195687|    0.326001|    0.001707|
+-----------------------------------------------------------------------+
|        File Writing Summary       |              Filename             |
+-----------------------------------------------------------------------+
|SU2 binary restart                 |restart_flow.dat                   |
Writing Flow Meta-Data file: flow.meta
|Paraview                           |flow.vtu                           |
Writing Flow Meta-Data file: flow.meta
|Paraview surface                   |surface_flow.vtu                   |
Writing Flow Meta-Data file: flow.meta
|CSV file                           |surface_flow.csv                   |
Writing Flow Meta-Data file: flow.meta
+-----------------------------------------------------------------------+
+----------------------------------------------------------------+
|  Inner_Iter|    rms[Rho]|   rms[RhoE]|          CL|          CD|
+----------------------------------------------------------------+
|         751|   -9.756227|   -9.204307|    0.326001|    0.001707|
+-----------------------------------------------------------------------+
|Fixed CL Mode                           |Value                         |
+-----------------------------------------------------------------------+
|Current CL                              |0.326001                      |
|Target CL                               |0.326                         |
|Previous AOA                            |0.578208                      |
|Changed AoA by                          |-4.46661e-06                  |
+-----------------------------------------------------------------------+
+----------------------------------------------------------------+
|  Inner_Iter|    rms[Rho]|   rms[RhoE]|          CL|          CD|
+----------------------------------------------------------------+
|         752|   -8.161865|   -7.555242|    0.326001|    0.001707|
|         753|   -8.459178|   -7.848634|    0.326001|    0.001707|
|         754|   -8.701039|   -8.107527|    0.326001|    0.001707|
|         755|   -8.898998|   -8.288957|    0.326001|    0.001707|
|         756|   -9.059085|   -8.461008|    0.326000|    0.001707|
|         757|   -9.153331|   -8.556649|    0.326000|    0.001707|
|         758|   -9.283980|   -8.685079|    0.326000|    0.001707|
|         759|   -9.313371|   -8.712810|    0.326000|    0.001707|
|         760|   -9.365004|   -8.763071|    0.326000|    0.001707|
|         761|   -9.478579|   -8.883191|    0.326000|    0.001707|
|         762|   -9.552907|   -8.966230|    0.326000|    0.001707|
|         763|   -9.579366|   -8.991127|    0.326000|    0.001707|
|         764|   -9.634843|   -9.046978|    0.326000|    0.001707|
|         765|   -9.708965|   -9.128152|    0.326000|    0.001707|
|         766|   -9.757076|   -9.182747|    0.326000|    0.001707|
|         767|   -9.788201|   -9.215428|    0.326000|    0.001707|
|         768|   -9.818033|   -9.245396|    0.326000|    0.001707|
|         769|   -9.843991|   -9.272462|    0.326000|    0.001707|
|         770|   -9.865609|   -9.296441|    0.326000|    0.001707|
|         771|   -9.885312|   -9.319167|    0.326000|    0.001707|
|         772|   -9.902285|   -9.339000|    0.326000|    0.001707|
|         773|   -9.914981|   -9.353845|    0.326000|    0.001707|
|         774|   -9.924055|   -9.364537|    0.326000|    0.001707|
|         775|   -9.931109|   -9.373055|    0.326000|    0.001707|
|         776|   -9.937198|   -9.380511|    0.326000|    0.001707|
|         777|   -9.942735|   -9.387236|    0.326000|    0.001707|
|         778|   -9.947794|   -9.393295|    0.326000|    0.001707|
|         779|   -9.952398|   -9.398788|    0.326000|    0.001707|
|         780|   -9.956643|   -9.403891|    0.326000|    0.001707|
|         781|   -9.960603|   -9.408698|    0.326000|    0.001707|
|         782|   -9.964280|   -9.413163|    0.326000|    0.001707|
|         783|   -9.967663|   -9.417217|    0.326000|    0.001707|
|         784|   -9.970785|   -9.420858|    0.326000|    0.001707|
|         785|   -9.973717|   -9.424155|    0.326000|    0.001707|
|         786|   -9.976549|   -9.427212|    0.326000|    0.001707|
|         787|   -9.979384|   -9.430153|    0.326000|    0.001707|
|         788|   -9.982328|   -9.433108|    0.326000|    0.001707|
|         789|   -9.985482|   -9.436201|    0.326000|    0.001707|
|         790|   -9.988934|   -9.439537|    0.326000|    0.001707|
|         791|   -9.992757|   -9.443203|    0.326000|    0.001707|
|         792|   -9.997008|   -9.447267|    0.326000|    0.001707|
|         793|  -10.001730|   -9.451779|    0.326000|    0.001707|
|         794|  -10.006950|   -9.456774|    0.326000|    0.001707|
|         795|  -10.012687|   -9.462277|    0.326000|    0.001707|
|         796|  -10.018954|   -9.468303|    0.326000|    0.001707|
|         797|  -10.025756|   -9.474860|    0.326000|    0.001707|
|         798|  -10.033091|   -9.481946|    0.326000|    0.001707|
|         799|  -10.040954|   -9.489556|    0.326000|    0.001707|
|         800|  -10.049334|   -9.497678|    0.326000|    0.001707|
|         801|  -10.058219|   -9.506298|    0.326000|    0.001707|
|         802|  -10.067593|   -9.515401|    0.326000|    0.001707|
|         803|  -10.077447|   -9.524977|    0.326000|    0.001707|
|         804|  -10.087770|   -9.535017|    0.326000|    0.001707|
|         805|  -10.098557|   -9.545518|    0.326000|    0.001707|
|         806|  -10.109809|   -9.556482|    0.326000|    0.001707|
|         807|  -10.121529|   -9.567917|    0.326000|    0.001707|
|         808|  -10.133724|   -9.579834|    0.326000|    0.001707|
|         809|  -10.146405|   -9.592247|    0.326000|    0.001707|
|         810|  -10.159583|   -9.605168|    0.326000|    0.001707|
|         811|  -10.173267|   -9.618609|    0.326000|    0.001707|
|         812|  -10.187464|   -9.632577|    0.326000|    0.001707|
|         813|  -10.202181|   -9.647076|    0.326000|    0.001707|
|         814|  -10.217421|   -9.662106|    0.325999|    0.001707|
|         815|  -10.233182|   -9.677664|    0.325999|    0.001707|
|         816|  -10.249463|   -9.693743|    0.325999|    0.001707|
|         817|  -10.266262|   -9.710337|    0.325999|    0.001707|
|         818|  -10.283575|   -9.727440|    0.325999|    0.001707|
|         819|  -10.301402|   -9.745049|    0.325999|    0.001707|
|         820|  -10.319743|   -9.763165|    0.325999|    0.001707|
|         821|  -10.338601|   -9.781789|    0.325999|    0.001707|
|         822|  -10.357983|   -9.800932|    0.325999|    0.001707|
|         823|  -10.377898|   -9.820603|    0.325999|    0.001707|
|         824|  -10.398356|   -9.840816|    0.325999|    0.001707|
|         825|  -10.419368|   -9.861586|    0.325999|    0.001707|
|         826|  -10.440945|   -9.882925|    0.325999|    0.001707|
|         827|  -10.463095|   -9.904846|    0.325999|    0.001707|
|         828|  -10.485824|   -9.927354|    0.325999|    0.001707|
|         829|  -10.509133|   -9.950452|    0.325999|    0.001707|
|         830|  -10.533019|   -9.974136|    0.325999|    0.001707|
|         831|  -10.557471|   -9.998398|    0.325999|    0.001707|
|         832|  -10.582477|  -10.023221|    0.325999|    0.001707|
|         833|  -10.608019|  -10.048589|    0.325999|    0.001707|
|         834|  -10.634076|  -10.074480|    0.325999|    0.001707|
|         835|  -10.660624|  -10.100871|    0.325999|    0.001707|
|         836|  -10.687640|  -10.127741|    0.325999|    0.001707|
|         837|  -10.715099|  -10.155065|    0.325999|    0.001707|
|         838|  -10.742975|  -10.182823|    0.325999|    0.001707|
|         839|  -10.771244|  -10.210995|    0.325999|    0.001707|
|         840|  -10.799879|  -10.239560|    0.325999|    0.001707|
|         841|  -10.828854|  -10.268495|    0.325999|    0.001707|
|         842|  -10.858141|  -10.297779|    0.325999|    0.001707|
|         843|  -10.887706|  -10.327382|    0.325999|    0.001707|
|         844|  -10.917514|  -10.357273|    0.325999|    0.001707|
|         845|  -10.947523|  -10.387412|    0.325999|    0.001707|
|         846|  -10.977684|  -10.417751|    0.325999|    0.001707|
|         847|  -11.007944|  -10.448235|    0.325999|    0.001707|
|         848|  -11.038239|  -10.478798|    0.325999|    0.001707|
|         849|  -11.068499|  -10.509369|    0.325999|    0.001707|
|         850|  -11.098650|  -10.539866|    0.325999|    0.001707|
|         851|  -11.128609|  -10.570205|    0.325999|    0.001707|
+-----------------------------------------------------------------------+
|Fixed CL Mode                           |Value                         |
+-----------------------------------------------------------------------+
|Current CL                              |0.325999                      |
|Target CL                               |0.326                         |
|Previous AOA                            |0.578204                      |
|Changed AoA by                          |2.51299e-06                   |
+-----------------------------------------------------------------------+
+----------------------------------------------------------------+
|  Inner_Iter|    rms[Rho]|   rms[RhoE]|          CL|          CD|
+----------------------------------------------------------------+
|         852|   -8.411883|   -7.805167|    0.325999|    0.001707|
|         853|   -8.709217|   -8.098694|    0.326000|    0.001707|
|         854|   -8.952262|   -8.358672|    0.326000|    0.001707|
|         855|   -9.151594|   -8.540913|    0.326000|    0.001707|
|         856|   -9.314965|   -8.715665|    0.326000|    0.001707|
|         857|   -9.412397|   -8.814052|    0.326000|    0.001707|
|         858|   -9.549096|   -8.947464|    0.326000|    0.001707|
|         859|   -9.578392|   -8.975102|    0.326000|    0.001707|
|         860|   -9.631529|   -9.026544|    0.326000|    0.001707|
|         861|   -9.752290|   -9.153185|    0.326000|    0.001707|
|         862|   -9.830590|   -9.240768|    0.326000|    0.001707|
|         863|   -9.854794|   -9.263909|    0.326000|    0.001707|
|         864|   -9.911526|   -9.321433|    0.326000|    0.001707|
|         865|   -9.986057|   -9.403934|    0.326000|    0.001707|
|         866|  -10.026804|   -9.451885|    0.326000|    0.001707|
|         867|  -10.047637|   -9.474850|    0.326000|    0.001707|
|         868|  -10.066425|   -9.495008|    0.326000|    0.001707|
|         869|  -10.080026|   -9.511180|    0.326000|    0.001707|
|         870|  -10.088681|   -9.523193|    0.326000|    0.001707|
|         871|  -10.095264|   -9.533150|    0.326000|    0.001707|
|         872|  -10.099577|   -9.540205|    0.326000|    0.001707|
|         873|  -10.101102|   -9.543589|    0.326000|    0.001707|
|         874|  -10.100924|   -9.544731|    0.326000|    0.001707|
|         875|  -10.100426|   -9.545362|    0.326000|    0.001707|
|         876|  -10.100343|   -9.546253|    0.326000|    0.001707|
|         877|  -10.100879|   -9.547552|    0.326000|    0.001707|
|         878|  -10.102007|   -9.549251|    0.326000|    0.001707|
|         879|  -10.103694|   -9.551391|    0.326000|    0.001707|
|         880|  -10.105953|   -9.554060|    0.326000|    0.001707|
|         881|  -10.108771|   -9.557270|    0.326000|    0.001707|
|         882|  -10.112079|   -9.560932|    0.326000|    0.001707|
|         883|  -10.115810|   -9.564945|    0.326000|    0.001707|
|         884|  -10.119931|   -9.569262|    0.326000|    0.001707|
|         885|  -10.124436|   -9.573879|    0.326000|    0.001707|
|         886|  -10.129337|   -9.578819|    0.326000|    0.001707|
|         887|  -10.134655|   -9.584116|    0.326000|    0.001707|
|         888|  -10.140416|   -9.589810|    0.326000|    0.001707|
|         889|  -10.146645|   -9.595938|    0.326000|    0.001707|
|         890|  -10.153365|   -9.602530|    0.326000|    0.001707|
|         891|  -10.160591|   -9.609608|    0.326000|    0.001707|
|         892|  -10.168334|   -9.617185|    0.326000|    0.001707|
|         893|  -10.176597|   -9.625269|    0.326000|    0.001707|
|         894|  -10.185380|   -9.633863|    0.326000|    0.001707|
|         895|  -10.194678|   -9.642965|    0.326000|    0.001707|
|         896|  -10.204489|   -9.652573|    0.326000|    0.001707|
|         897|  -10.214804|   -9.662682|    0.326000|    0.001707|
|         898|  -10.225616|   -9.673286|    0.326000|    0.001707|
|         899|  -10.236916|   -9.684373|    0.326000|    0.001707|
|         900|  -10.248693|   -9.695934|    0.326000|    0.001707|
|         901|  -10.260934|   -9.707955|    0.326000|    0.001707|
|         902|  -10.273627|   -9.720422|    0.326000|    0.001707|
|         903|  -10.286759|   -9.733324|    0.326000|    0.001707|
|         904|  -10.300321|   -9.746651|    0.326000|    0.001707|
|         905|  -10.314306|   -9.760396|    0.326000|    0.001707|
|         906|  -10.328710|   -9.774558|    0.326000|    0.001707|
|         907|  -10.343536|   -9.789141|    0.326000|    0.001707|
|         908|  -10.358788|   -9.804151|    0.326000|    0.001707|
|         909|  -10.374474|   -9.819601|    0.326000|    0.001707|
|         910|  -10.390604|   -9.835502|    0.326000|    0.001707|
|         911|  -10.407190|   -9.851867|    0.326000|    0.001707|
|         912|  -10.424243|   -9.868707|    0.326000|    0.001707|
|         913|  -10.441773|   -9.886033|    0.326000|    0.001707|
|         914|  -10.459789|   -9.903849|    0.326000|    0.001707|
|         915|  -10.478297|   -9.922162|    0.326000|    0.001707|
|         916|  -10.497303|   -9.940971|    0.326000|    0.001707|
|         917|  -10.516811|   -9.960278|    0.326000|    0.001707|
|         918|  -10.536826|   -9.980085|    0.326000|    0.001707|
|         919|  -10.557353|  -10.000393|    0.326000|    0.001707|
|         920|  -10.578399|  -10.021209|    0.326000|    0.001707|
|         921|  -10.599973|  -10.042541|    0.326000|    0.001707|
|         922|  -10.622088|  -10.064403|    0.326000|    0.001707|
|         923|  -10.644760|  -10.086811|    0.326000|    0.001707|
|         924|  -10.668005|  -10.109787|    0.326000|    0.001707|
|         925|  -10.691842|  -10.133351|    0.326000|    0.001707|
|         926|  -10.716291|  -10.157527|    0.326000|    0.001707|
|         927|  -10.741367|  -10.182332|    0.326000|    0.001707|
|         928|  -10.767083|  -10.207784|    0.326000|    0.001707|
|         929|  -10.793448|  -10.233891|    0.326000|    0.001707|
|         930|  -10.820461|  -10.260656|    0.326000|    0.001707|
|         931|  -10.848116|  -10.288073|    0.326000|    0.001707|
|         932|  -10.876397|  -10.316126|    0.326000|    0.001707|
|         933|  -10.905279|  -10.344790|    0.326000|    0.001707|
|         934|  -10.934726|  -10.374034|    0.326000|    0.001707|
|         935|  -10.964695|  -10.403816|    0.326000|    0.001707|
|         936|  -10.995134|  -10.434087|    0.326000|    0.001707|
|         937|  -11.025980|  -10.464793|    0.326000|    0.001707|
|         938|  -11.057163|  -10.495870|    0.326000|    0.001707|
|         939|  -11.088604|  -10.527250|    0.326000|    0.001707|
|         940|  -11.120213|  -10.558855|    0.326000|    0.001707|
|         941|  -11.151890|  -10.590598|    0.326000|    0.001707|
|         942|  -11.183525|  -10.622380|    0.326000|    0.001707|
|         943|  -11.214993|  -10.654090|    0.326000|    0.001707|
|         944|  -11.246160|  -10.685599|    0.326000|    0.001707|
|         945|  -11.276877|  -10.716763|    0.326000|    0.001707|
|         946|  -11.306986|  -10.747424|    0.326000|    0.001707|
|         947|  -11.336327|  -10.777410|    0.326000|    0.001707|
|         948|  -11.364737|  -10.806545|    0.326000|    0.001707|
|         949|  -11.392063|  -10.834654|    0.326000|    0.001707|
|         950|  -11.418170|  -10.861576|    0.326000|    0.001707|
|         951|  -11.442948|  -10.887172|    0.326000|    0.001707|
|         952|  -11.466322|  -10.911341|    0.326000|    0.001707|
|         953|  -11.488254|  -10.934017|    0.326000|    0.001707|
|         954|  -11.508744|  -10.955182|    0.326000|    0.001707|
|         955|  -11.527828|  -10.974855|    0.326000|    0.001707|
|         956|  -11.545567|  -10.993091|    0.326000|    0.001707|
|         957|  -11.562046|  -11.009972|    0.326000|    0.001707|
|         958|  -11.577359|  -11.025593|    0.326000|    0.001707|
|         959|  -11.591604|  -11.040059|    0.326000|    0.001707|
|         960|  -11.604878|  -11.053475|    0.326000|    0.001707|
|         961|  -11.617272|  -11.065941|    0.326000|    0.001707|
|         962|  -11.628871|  -11.077554|    0.326000|    0.001707|
|         963|  -11.639753|  -11.088403|    0.326000|    0.001707|
|         964|  -11.649990|  -11.098571|    0.326000|    0.001707|
|         965|  -11.659655|  -11.108139|    0.326000|    0.001707|
|         966|  -11.668812|  -11.117183|    0.326000|    0.001707|
|         967|  -11.677529|  -11.125779|    0.326000|    0.001707|
|         968|  -11.685872|  -11.134001|    0.326000|    0.001707|
|         969|  -11.693905|  -11.141919|    0.326000|    0.001707|
|         970|  -11.701694|  -11.149601|    0.326000|    0.001707|
|         971|  -11.709301|  -11.157114|    0.326000|    0.001707|
|         972|  -11.716787|  -11.164518|    0.326000|    0.001707|
|         973|  -11.724214|  -11.171875|    0.326000|    0.001707|
|         974|  -11.731636|  -11.179236|    0.326000|    0.001707|
|         975|  -11.739106|  -11.186652|    0.326000|    0.001707|
|         976|  -11.746673|  -11.194169|    0.326000|    0.001707|
|         977|  -11.754385|  -11.201831|    0.326000|    0.001707|
|         978|  -11.762283|  -11.209676|    0.326000|    0.001707|
|         979|  -11.770406|  -11.217741|    0.326000|    0.001707|
|         980|  -11.778793|  -11.226060|    0.326000|    0.001707|
|         981|  -11.787474|  -11.234662|    0.326000|    0.001707|
|         982|  -11.796482|  -11.243581|    0.326000|    0.001707|
|         983|  -11.805847|  -11.252842|    0.326000|    0.001707|
|         984|  -11.815593|  -11.262471|    0.326000|    0.001707|
|         985|  -11.825746|  -11.272494|    0.326000|    0.001707|
|         986|  -11.836329|  -11.282933|    0.326000|    0.001707|
|         987|  -11.847364|  -11.293810|    0.326000|    0.001707|
|         988|  -11.858872|  -11.305147|    0.326000|    0.001707|
|         989|  -11.870871|  -11.316964|    0.326000|    0.001707|
|         990|  -11.883381|  -11.329279|    0.326000|    0.001707|
|         991|  -11.896419|  -11.342112|    0.326000|    0.001707|
|         992|  -11.910000|  -11.355478|    0.326000|    0.001707|
|         993|  -11.924142|  -11.369396|    0.326000|    0.001707|
|         994|  -11.938860|  -11.383880|    0.326000|    0.001707|
|         995|  -11.954165|  -11.398943|    0.326000|    0.001707|
|         996|  -11.970073|  -11.414601|    0.326000|    0.001707|
|         997|  -11.986592|  -11.430863|    0.326000|    0.001707|
|         998|  -12.003735|  -11.447741|    0.326000|    0.001707|
|         999|  -12.021509|  -11.465243|    0.326000|    0.001707|
|        1000|  -12.039922|  -11.483378|    0.326000|    0.001707|
+-----------------------------------------------------------------------+
|      Convergence Field     |     Value    |   Criterion  |  Converged |
+-----------------------------------------------------------------------+
|                    rms[Rho]|      -12.0399|         < -13|          No|
+-----------------------------------------------------------------------+
+-----------------------------------------------------------------------+
|        File Writing Summary       |              Filename             |
+-----------------------------------------------------------------------+
|SU2 binary restart                 |restart_flow.dat                   |
Writing Flow Meta-Data file: flow.meta
|Paraview                           |flow.vtu                           |
Writing Flow Meta-Data file: flow.meta
|Paraview surface                   |surface_flow.vtu                   |
Writing Flow Meta-Data file: flow.meta
|CSV file                           |surface_flow.csv                   |
Writing Flow Meta-Data file: flow.meta
+-----------------------------------------------------------------------+
+----------------------------------------------------------------+
|  Inner_Iter|    rms[Rho]|   rms[RhoE]|          CL|          CD|
+----------------------------------------------------------------+
|        1001|  -12.058976|  -11.502148|    0.326000|    0.001713|
+-----------------------------------------------------------------------+
|Fixed CL Mode                           |Value                         |
+-----------------------------------------------------------------------+
|Current CL                              |0.326                         |
|Target CL                               |0.326                         |
|Previous AOA                            |0.578206                      |
|Changed AoA by (Finite Difference step) |0.001                         |
+-----------------------------------------------------------------------+
+----------------------------------------------------------------+
|  Inner_Iter|    rms[Rho]|   rms[RhoE]|          CL|          CD|
+----------------------------------------------------------------+
|        1002|   -5.812069|   -5.205355|    0.326001|    0.001713|
|        1003|   -6.109431|   -5.498901|    0.326008|    0.001713|
|        1004|   -6.352477|   -5.758880|    0.326037|    0.001713|
|        1005|   -6.551832|   -5.941140|    0.326081|    0.001714|
|        1006|   -6.715199|   -6.115893|    0.326121|    0.001714|
|        1007|   -6.812676|   -6.214320|    0.326144|    0.001714|
|        1008|   -6.949549|   -6.347879|    0.326151|    0.001715|
|        1009|   -6.978947|   -6.375598|    0.326152|    0.001715|
|        1010|   -7.032222|   -6.427145|    0.326158|    0.001715|
|        1011|   -7.153488|   -6.554212|    0.326168|    0.001715|
|        1012|   -7.232429|   -6.642381|    0.326178|    0.001715|
|        1013|   -7.256962|   -6.665778|    0.326186|    0.001716|
|        1014|   -7.314316|   -6.723801|    0.326194|    0.001716|
|        1015|   -7.390154|   -6.807528|    0.326201|    0.001716|
|        1016|   -7.432136|   -6.856755|    0.326207|    0.001716|
|        1017|   -7.453873|   -6.880603|    0.326213|    0.001716|
|        1018|   -7.473590|   -6.901619|    0.326219|    0.001716|
|        1019|   -7.488028|   -6.918609|    0.326225|    0.001716|
|        1020|   -7.497354|   -6.931345|    0.326230|    0.001715|
|        1021|   -7.504525|   -6.941977|    0.326236|    0.001715|
|        1022|   -7.509329|   -6.949604|    0.326241|    0.001715|
|        1023|   -7.511196|   -6.953389|    0.326246|    0.001715|
|        1024|   -7.511242|   -6.954797|    0.326251|    0.001715|
|        1025|   -7.510910|   -6.955632|    0.326256|    0.001715|
|        1026|   -7.510969|   -6.956702|    0.326260|    0.001714|
|        1027|   -7.511635|   -6.958162|    0.326265|    0.001714|
|        1028|   -7.512884|   -6.960004|    0.326269|    0.001714|
|        1029|   -7.514680|   -6.962272|    0.326274|    0.001714|
|        1030|   -7.517042|   -6.965061|    0.326278|    0.001714|
|        1031|   -7.519954|   -6.968385|    0.326282|    0.001714|
|        1032|   -7.523345|   -6.972147|    0.326286|    0.001714|
|        1033|   -7.527144|   -6.976242|    0.326289|    0.001714|
|        1034|   -7.531314|   -6.980620|    0.326292|    0.001714|
|        1035|   -7.535854|   -6.985280|    0.326296|    0.001714|
|        1036|   -7.540776|   -6.990246|    0.326299|    0.001714|
|        1037|   -7.546103|   -6.995553|    0.326302|    0.001714|
|        1038|   -7.551862|   -7.001246|    0.326304|    0.001714|
|        1039|   -7.558082|   -7.007363|    0.326307|    0.001714|
|        1040|   -7.564787|   -7.013939|    0.326309|    0.001714|
|        1041|   -7.571995|   -7.020997|    0.326311|    0.001714|
|        1042|   -7.579717|   -7.028551|    0.326313|    0.001714|
|        1043|   -7.587959|   -7.036611|    0.326315|    0.001714|
|        1044|   -7.596721|   -7.045179|    0.326317|    0.001714|
|        1045|   -7.605998|   -7.054256|    0.326318|    0.001714|
|        1046|   -7.615786|   -7.063839|    0.326320|    0.001714|
|        1047|   -7.626080|   -7.073923|    0.326321|    0.001714|
|        1048|   -7.636871|   -7.084501|    0.326323|    0.001714|
|        1049|   -7.648151|   -7.095563|    0.326324|    0.001714|
|        1050|   -7.659906|   -7.107098|    0.326325|    0.001714|
|        1051|   -7.672126|   -7.119092|    0.326326|    0.001714|
|        1052|   -7.684796|   -7.131532|    0.326327|    0.001714|
|        1053|   -7.697906|   -7.144405|    0.326328|    0.001714|
|        1054|   -7.711444|   -7.157701|    0.326329|    0.001714|
|        1055|   -7.725404|   -7.171414|    0.326330|    0.001714|
|        1056|   -7.739783|   -7.185544|    0.326331|    0.001714|
|        1057|   -7.754583|   -7.200093|    0.326331|    0.001714|
|        1058|   -7.769809|   -7.215071|    0.326332|    0.001714|
|        1059|   -7.785470|   -7.230489|    0.326333|    0.001714|
|        1060|   -7.801578|   -7.246361|    0.326333|    0.001714|
|        1061|   -7.818145|   -7.262700|    0.326333|    0.001714|
|        1062|   -7.835182|   -7.279520|    0.326334|    0.001714|
|        1063|   -7.852701|   -7.296829|    0.326334|    0.001714|
|        1064|   -7.870711|   -7.314635|    0.326334|    0.001714|
|        1065|   -7.889219|   -7.332943|    0.326335|    0.001714|
|        1066|   -7.908232|   -7.351754|    0.326335|    0.001714|
|        1067|   -7.927753|   -7.371070|    0.326335|    0.001714|
|        1068|   -7.947789|   -7.390892|    0.326335|    0.001714|
|        1069|   -7.968344|   -7.411224|    0.326335|    0.001714|
|        1070|   -7.989426|   -7.432070|    0.326335|    0.001714|
|        1071|   -8.011045|   -7.453441|    0.326335|    0.001714|
|        1072|   -8.033214|   -7.475350|    0.326335|    0.001714|
|        1073|   -8.055949|   -7.497816|    0.326335|    0.001714|
|        1074|   -8.079267|   -7.520858|    0.326335|    0.001714|
|        1075|   -8.103188|   -7.544500|    0.326335|    0.001714|
|        1076|   -8.127730|   -7.568762|    0.326335|    0.001714|
|        1077|   -8.152911|   -7.593666|    0.326335|    0.001714|
|        1078|   -8.178741|   -7.619227|    0.326335|    0.001714|
|        1079|   -8.205230|   -7.645453|    0.326335|    0.001714|
|        1080|   -8.232375|   -7.672347|    0.326335|    0.001714|
|        1081|   -8.260169|   -7.699900|    0.326335|    0.001714|
|        1082|   -8.288593|   -7.728095|    0.326334|    0.001714|
|        1083|   -8.317620|   -7.756905|    0.326334|    0.001714|
|        1084|   -8.347209|   -7.786293|    0.326334|    0.001714|
|        1085|   -8.377315|   -7.816216|    0.326334|    0.001714|
|        1086|   -8.407878|   -7.846619|    0.326334|    0.001714|
|        1087|   -8.438832|   -7.877442|    0.326334|    0.001714|
|        1088|   -8.470100|   -7.908618|    0.326333|    0.001713|
|        1089|   -8.501597|   -7.940072|    0.326333|    0.001713|
|        1090|   -8.533227|   -7.971721|    0.326333|    0.001713|
|        1091|   -8.564884|   -8.003473|    0.326333|    0.001713|
|        1092|   -8.596453|   -8.035223|    0.326333|    0.001713|
|        1093|   -8.627805|   -8.066856|    0.326333|    0.001713|
|        1094|   -8.658801|   -8.098240|    0.326332|    0.001713|
|        1095|   -8.689294|   -8.129229|    0.326332|    0.001713|
|        1096|   -8.719129|   -8.159665|    0.326332|    0.001713|
|        1097|   -8.748149|   -8.189380|    0.326332|    0.001713|
|        1098|   -8.776202|   -8.218202|    0.326332|    0.001713|
|        1099|   -8.803146|   -8.245968|    0.326332|    0.001713|
|        1100|   -8.828864|   -8.272528|    0.326331|    0.001713|
|        1101|   -8.853264|   -8.297762|    0.326331|    0.001713|
|        1102|   -8.876292|   -8.321587|    0.326331|    0.001713|
|        1103|   -8.897929|   -8.343958|    0.326331|    0.001713|
|        1104|   -8.918194|   -8.364875|    0.326331|    0.001713|
|        1105|   -8.937136|   -8.384376|    0.326331|    0.001713|
|        1106|   -8.954829|   -8.402527|    0.326331|    0.001713|
|        1107|   -8.971359|   -8.419415|    0.326330|    0.001713|
|        1108|   -8.986820|   -8.435139|    0.326330|    0.001713|
|        1109|   -9.001304|   -8.449800|    0.326330|    0.001713|
|        1110|   -9.014899|   -8.463495|    0.326330|    0.001713|
|        1111|   -9.027685|   -8.476315|    0.326330|    0.001713|
|        1112|   -9.039733|   -8.488343|    0.326330|    0.001713|
|        1113|   -9.051107|   -8.499654|    0.326330|    0.001713|
|        1114|   -9.061867|   -8.510320|    0.326330|    0.001713|
|        1115|   -9.072070|   -8.520409|    0.326330|    0.001713|
|        1116|   -9.081770|   -8.529982|    0.326329|    0.001713|
|        1117|   -9.091020|   -8.539102|    0.326329|    0.001713|
|        1118|   -9.099877|   -8.547832|    0.326329|    0.001713|
|        1119|   -9.108399|   -8.556237|    0.326329|    0.001713|
|        1120|   -9.116646|   -8.564378|    0.326329|    0.001713|
|        1121|   -9.124678|   -8.572319|    0.326329|    0.001713|
|        1122|   -9.132555|   -8.580120|    0.326329|    0.001713|
|        1123|   -9.140336|   -8.587837|    0.326329|    0.001713|
|        1124|   -9.148079|   -8.595526|    0.326329|    0.001713|
|        1125|   -9.155838|   -8.603238|    0.326329|    0.001713|
|        1126|   -9.163666|   -8.611023|    0.326329|    0.001713|
|        1127|   -9.171611|   -8.618924|    0.326329|    0.001713|
|        1128|   -9.179721|   -8.626985|    0.326329|    0.001713|
|        1129|   -9.188037|   -8.635245|    0.326329|    0.001713|
|        1130|   -9.196600|   -8.643741|    0.326329|    0.001713|
|        1131|   -9.205446|   -8.652508|    0.326329|    0.001713|
|        1132|   -9.214609|   -8.661579|    0.326328|    0.001713|
|        1133|   -9.224121|   -8.670984|    0.326328|    0.001713|
|        1134|   -9.234012|   -8.680753|    0.326328|    0.001713|
|        1135|   -9.244308|   -8.690912|    0.326328|    0.001713|
|        1136|   -9.255036|   -8.701488|    0.326328|    0.001713|
|        1137|   -9.266218|   -8.712505|    0.326328|    0.001713|
|        1138|   -9.277879|   -8.723986|    0.326328|    0.001713|
|        1139|   -9.290038|   -8.735953|    0.326328|    0.001713|
|        1140|   -9.302715|   -8.748427|    0.326328|    0.001713|
|        1141|   -9.315931|   -8.761428|    0.326328|    0.001713|
|        1142|   -9.329702|   -8.774974|    0.326328|    0.001713|
|        1143|   -9.344046|   -8.789083|    0.326328|    0.001713|
|        1144|   -9.358978|   -8.803771|    0.326328|    0.001713|
|        1145|   -9.374512|   -8.819054|    0.326328|    0.001713|
|        1146|   -9.390664|   -8.834945|    0.326328|    0.001713|
|        1147|   -9.407443|   -8.851457|    0.326328|    0.001713|
|        1148|   -9.424860|   -8.868599|    0.326328|    0.001713|
|        1149|   -9.442924|   -8.886381|    0.326328|    0.001713|
|        1150|   -9.461641|   -8.904808|    0.326328|    0.001713|
|        1151|   -9.481016|   -8.923886|    0.326328|    0.001713|
|        1152|   -9.501049|   -8.943618|    0.326328|    0.001713|
|        1153|   -9.521740|   -8.964002|    0.326328|    0.001713|
|        1154|   -9.543087|   -8.985039|    0.326328|    0.001713|
|        1155|   -9.565082|   -9.006722|    0.326328|    0.001713|
|        1156|   -9.587718|   -9.029044|    0.326328|    0.001713|
|        1157|   -9.610981|   -9.051997|    0.326328|    0.001713|
|        1158|   -9.634856|   -9.075566|    0.326328|    0.001713|
|        1159|   -9.659323|   -9.099736|    0.326328|    0.001713|
|        1160|   -9.684358|   -9.124487|    0.326328|    0.001713|
|        1161|   -9.709934|   -9.149794|    0.326328|    0.001713|
|        1162|   -9.736018|   -9.175629|    0.326328|    0.001713|
|        1163|   -9.762571|   -9.201962|    0.326328|    0.001713|
|        1164|   -9.789554|   -9.228754|    0.326328|    0.001713|
|        1165|   -9.816917|   -9.255967|    0.326328|    0.001713|
|        1166|   -9.844613|   -9.283554|    0.326328|    0.001713|
|        1167|   -9.872584|   -9.311468|    0.326328|    0.001713|
|        1168|   -9.900776|   -9.339657|    0.326328|    0.001713|
|        1169|   -9.929128|   -9.368066|    0.326328|    0.001713|
|        1170|   -9.957580|   -9.396639|    0.326328|    0.001713|
|        1171|   -9.986073|   -9.425318|    0.326328|    0.001713|
|        1172|  -10.014549|   -9.454043|    0.326328|    0.001713|
|        1173|  -10.042956|   -9.482758|    0.326328|    0.001713|
|        1174|  -10.071246|   -9.511408|    0.326328|    0.001713|
|        1175|  -10.099378|   -9.539943|    0.326328|    0.001713|
|        1176|  -10.127322|   -9.568318|    0.326328|    0.001713|
|        1177|  -10.155055|   -9.596499|    0.326328|    0.001713|
|        1178|  -10.182567|   -9.624456|    0.326328|    0.001713|
|        1179|  -10.209855|   -9.652173|    0.326328|    0.001713|
|        1180|  -10.236926|   -9.679641|    0.326328|    0.001713|
|        1181|  -10.263795|   -9.706861|    0.326328|    0.001713|
|        1182|  -10.290482|   -9.733842|    0.326328|    0.001713|
|        1183|  -10.317008|   -9.760600|    0.326328|    0.001713|
|        1184|  -10.343398|   -9.787154|    0.326328|    0.001713|
|        1185|  -10.369668|   -9.813525|    0.326328|    0.001713|
|        1186|  -10.395832|   -9.839730|    0.326328|    0.001713|
|        1187|  -10.421890|   -9.865778|    0.326328|    0.001713|
|        1188|  -10.447828|   -9.891670|    0.326328|    0.001713|
|        1189|  -10.473616|   -9.917392|    0.326328|    0.001713|
|        1190|  -10.499202|   -9.942910|    0.326328|    0.001713|
|        1191|  -10.524512|   -9.968171|    0.326328|    0.001713|
|        1192|  -10.549445|   -9.993093|    0.326328|    0.001713|
|        1193|  -10.573875|  -10.017570|    0.326328|    0.001713|
|        1194|  -10.597649|  -10.041467|    0.326328|    0.001713|
|        1195|  -10.620596|  -10.064623|    0.326328|    0.001713|
|        1196|  -10.642529|  -10.086856|    0.326328|    0.001713|
|        1197|  -10.663257|  -10.107974|    0.326328|    0.001713|
|        1198|  -10.682599|  -10.127784|    0.326328|    0.001713|
|        1199|  -10.700400|  -10.146111|    0.326328|    0.001713|
|        1200|  -10.716541|  -10.162810|    0.326328|    0.001713|
|        1201|  -10.730956|  -10.177785|    0.326328|    0.001713|
|        1202|  -10.743638|  -10.190996|    0.326328|    0.001713|
|        1203|  -10.754642|  -10.202473|    0.326328|    0.001713|
|        1204|  -10.764082|  -10.212307|    0.326328|    0.001713|
|        1205|  -10.772120|  -10.220652|    0.326328|    0.001713|
|        1206|  -10.778958|  -10.227703|    0.326328|    0.001713|
|        1207|  -10.784818|  -10.233689|    0.326328|    0.001713|
|        1208|  -10.789936|  -10.238853|    0.326328|    0.001713|
|        1209|  -10.794541|  -10.243439|    0.326328|    0.001713|
|        1210|  -10.798855|  -10.247678|    0.326328|    0.001713|
|        1211|  -10.803080|  -10.251786|    0.326328|    0.001713|
|        1212|  -10.807396|  -10.255955|    0.326328|    0.001713|
|        1213|  -10.811963|  -10.260351|    0.326328|    0.001713|
|        1214|  -10.816918|  -10.265117|    0.326328|    0.001713|
|        1215|  -10.822376|  -10.270373|    0.326328|    0.001713|
|        1216|  -10.828437|  -10.276220|    0.326328|    0.001713|
|        1217|  -10.835182|  -10.282738|    0.326328|    0.001713|
|        1218|  -10.842679|  -10.289994|    0.326328|    0.001713|
|        1219|  -10.850981|  -10.298040|    0.326328|    0.001713|
|        1220|  -10.860132|  -10.306916|    0.326328|    0.001713|
|        1221|  -10.870164|  -10.316651|    0.326328|    0.001713|
|        1222|  -10.881100|  -10.327267|    0.326328|    0.001713|
|        1223|  -10.892956|  -10.338777|    0.326328|    0.001713|
|        1224|  -10.905739|  -10.351187|    0.326328|    0.001713|
|        1225|  -10.919450|  -10.364499|    0.326328|    0.001713|
|        1226|  -10.934083|  -10.378707|    0.326328|    0.001713|
|        1227|  -10.949626|  -10.393803|    0.326328|    0.001713|
|        1228|  -10.966061|  -10.409772|    0.326328|    0.001713|
|        1229|  -10.983365|  -10.426595|    0.326328|    0.001713|
|        1230|  -11.001507|  -10.444248|    0.326328|    0.001713|
|        1231|  -11.020450|  -10.462701|    0.326328|    0.001713|
|        1232|  -11.040150|  -10.481918|    0.326328|    0.001713|
|        1233|  -11.060556|  -10.501858|    0.326328|    0.001713|
|        1234|  -11.081608|  -10.522473|    0.326328|    0.001713|
|        1235|  -11.103242|  -10.543708|    0.326328|    0.001713|
|        1236|  -11.125382|  -10.565500|    0.326328|    0.001713|
|        1237|  -11.147949|  -10.587783|    0.326328|    0.001713|
|        1238|  -11.170857|  -10.610481|    0.326328|    0.001713|
|        1239|  -11.194016|  -10.633515|    0.326328|    0.001713|
|        1240|  -11.217332|  -10.656800|    0.326328|    0.001713|
|        1241|  -11.240713|  -10.680249|    0.326328|    0.001713|
|        1242|  -11.264069|  -10.703773|    0.326328|    0.001713|
|        1243|  -11.287314|  -10.727284|    0.326328|    0.001713|
|        1244|  -11.310374|  -10.750699|    0.326328|    0.001713|
|        1245|  -11.333185|  -10.773942|    0.326328|    0.001713|
|        1246|  -11.355701|  -10.796947|    0.326328|    0.001713|
|        1247|  -11.377890|  -10.819661|    0.326328|    0.001713|
|        1248|  -11.399740|  -10.842049|    0.326328|    0.001713|
|        1249|  -11.421256|  -10.864091|    0.326328|    0.001708|
+-----------------------------------------------------------------------+
|Fixed CL Mode (Finite Difference)       |Value                         |
+-----------------------------------------------------------------------+
|Delta CL / Delta AoA                    |0.327847                      |
|Delta CD / Delta CL                     |0.0196077                     |
|Delta CMz / Delta CL                    |0.0948608                     |
+-----------------------------------------------------------------------+
Writing Flow Meta-Data file: flow.meta

----------------------------- Solver Exit -------------------------------

Maximum number of iterations reached (ITER = 1250) before convergence.
+-----------------------------------------------------------------------+
|      Convergence Field     |     Value    |   Criterion  |  Converged |
+-----------------------------------------------------------------------+
|                    rms[Rho]|      -11.4213|         < -13|          No|
+-----------------------------------------------------------------------+
-------------------------------------------------------------------------

--------------------------- Finalizing Solver ---------------------------
Deleted CNumerics container.
Deleted CIntegration container.
Deleted CSolver container.
Deleted CIteration container.
Deleted CInterface container.
Deleted CGeometry container.
Deleted CFreeFormDefBox class.
Deleted CSurfaceMovement class.
Deleted CVolumetricMovement class.
Deleted CConfig container.
Deleted nInst container.
Deleted COutput class.
-------------------------------------------------------------------------

------------------------- Exit Success (SU2_CFD) ------------------------

