NDIME= 2
NELEM= 10216
5	417	69	311	0
5	302	55	56	1
5	405	159	384	2
5	594	427	450	3
5	315	71	72	4
5	319	4	262	5
5	270	39	40	6
5	327	65	66	7
5	451	259	325	8
5	441	40	41	9
5	358	147	148	10
5	287	12	13	11
5	252	144	145	12
5	254	56	57	13
5	348	96	269	14
5	262	4	5	15
5	647	465	525	16
5	453	308	449	17
5	309	282	15	18
5	560	265	470	19
5	369	185	186	20
5	420	271	27	21
5	432	137	376	22
5	643	471	270	23
5	429	121	354	24
5	282	14	15	25
5	568	446	456	26
5	292	257	31	27
5	617	385	457	28
5	831	694	478	29
5	274	24	25	30
5	470	346	454	31
5	311	69	70	32
5	291	20	278	33
5	286	24	274	34
5	257	30	31	35
5	255	0	1	36
5	996	809	797	37
5	342	79	312	38
5	280	18	19	39
5	543	319	518	40
5	316	42	294	41
5	507	356	439	42
5	543	293	319	43
5	546	298	299	44
5	324	288	9	45
5	749	548	648	46
5	270	251	39	47
5	542	459	257	48
5	258	36	37	49
5	322	18	280	50
5	315	72	290	51
5	555	313	342	52
5	288	8	9	53
5	645	348	465	54
5	323	14	282	55
5	308	62	63	56
5	300	75	76	57
5	335	84	303	58
5	421	60	305	59
5	334	38	251	60
5	749	549	548	61
5	285	53	54	62
5	302	56	254	63
5	751	644	725	64
5	250	82	83	65
5	294	42	43	66
5	301	87	88	67
5	279	80	81	68
5	305	60	61	69
5	531	475	278	70
5	554	448	540	71
5	271	26	27	72
5	284	89	90	73
5	416	111	112	74
5	329	260	33	75
5	475	291	278	76
5	340	0	255	77
5	277	106	107	78
5	420	28	272	79
5	295	52	53	80
5	316	41	42	81
5	333	294	43	82
5	825	476	650	83
5	331	300	76	84
5	762	555	664	85
5	295	53	285	86
5	290	72	73	87
5	337	90	91	88
5	312	79	80	89
5	511	320	336	90
5	1041	890	895	91
5	555	342	464	92
5	946	762	848	93
5	564	314	556	94
5	345	52	295	95
5	335	250	83	96
5	449	63	64	97
5	338	254	57	98
5	842	642	557	99
5	338	57	58	100
5	517	256	293	101
5	259	101	102	102
5	512	281	350	103
5	348	95	96	104
5	441	270	40	105
5	361	177	178	106
5	266	99	100	107
5	510	451	325	108
5	580	353	413	109
5	372	115	116	110
5	367	117	118	111
5	357	151	349	112
5	412	375	127	113
5	639	273	436	114
5	381	157	158	115
5	492	368	430	116
5	377	147	358	117
5	400	173	390	118
5	437	365	182	119
5	406	161	253	120
5	403	253	162	121
5	395	181	365	122
5	397	175	393	123
5	408	157	381	124
5	619	408	381	125
5	401	386	166	126
5	399	388	170	127
5	834	690	450	128
5	585	377	358	129
5	387	163	164	130
5	404	165	386	131
5	353	112	113	132
5	424	321	109	133
5	363	252	145	134
5	363	145	146	135
5	481	429	354	136
5	607	393	484	137
5	1544	685	720	138
5	653	485	490	139
5	275	132	133	140
5	409	382	129	141
5	373	135	136	142
5	614	482	253	143
5	355	143	144	144
5	409	130	383	145
5	380	354	122	146
5	486	435	273	147
5	436	273	140	148
5	411	126	375	149
5	360	186	187	150
5	593	394	488	151
5	850	681	706	152
5	393	175	176	153
5	806	611	604	154
5	398	177	361	155
5	784	587	502	156
5	403	162	163	157
5	402	169	388	158
5	253	161	162	159
5	396	188	359	160
5	388	169	170	161
5	1083	868	726	162
5	390	173	174	163
5	484	393	398	164
5	356	195	196	165
5	380	122	123	166
5	432	373	136	167
5	375	126	127	168
5	412	128	382	169
5	357	150	151	170
5	355	144	252	171
5	364	141	142	172
5	624	483	375	173
5	435	139	273	174
5	482	479	406	175
5	424	110	351	176
5	623	412	382	177
5	595	501	352	178
5	325	259	102	179
5	328	46	296	180
5	269	96	97	181
5	1361	1264	1068	182
5	530	286	462	183
5	550	306	421	184
5	251	38	39	185
5	423	103	104	186
5	350	99	266	187
5	693	451	510	188
5	483	411	375	189
5	352	114	115	190
5	633	478	424	191
5	444	150	357	192
5	427	117	367	193
5	588	395	365	194
5	385	154	261	195
5	655	491	587	196
5	369	186	360	197
5	581	431	485	198
5	386	165	166	199
5	5232	5214	5229	200
5	508	503	443	201
5	5232	5226	5214	202
5	1099	878	1090	203
5	5231	207	5222	204
5	5231	206	207	205
5	5230	5210	5219	206
5	5230	5213	5210	207
5	5229	5199	5213	208
5	5229	5214	5199	209
5	5228	204	205	210
5	5228	5217	204	211
5	5225	5219	5200	212
5	5225	249	5219	213
5	5232	5229	202	214
5	5232	202	203	215
5	5227	247	248	216
5	5227	5196	5212	217
5	5224	5195	5209	218
5	5224	5202	5195	219
5	5223	225	226	220
5	5223	5220	225	221
5	5224	5228	205	222
5	5231	205	206	223
5	5221	5173	5203	224
5	5221	5201	5173	225
5	5220	5211	225	226
5	5220	5181	5211	227
5	5230	200	201	228
5	5230	5229	5213	229
5	5219	5210	5191	230
5	5225	5218	248	231
5	5231	5202	5224	232
5	5231	5222	5202	233
5	5216	227	228	234
5	5216	5208	227	235
5	5215	207	208	236
5	5222	5206	5189	237
5	5232	203	5226	238
5	5230	201	5229	239
5	5214	5205	5174	240
5	5229	201	202	241
5	5212	246	247	242
5	5221	246	5212	243
5	5211	5180	224	244
5	5211	5181	5180	245
5	5210	5152	5191	246
5	5210	5190	5152	247
5	5231	5224	205	248
5	5228	5224	5209	249
5	5223	5208	5185	250
5	5223	226	227	251
5	5207	5180	5166	252
5	5207	223	5180	253
5	5222	5189	5202	254
5	5222	5215	5206	255
5	5226	5205	5214	256
5	5217	5188	5205	257
5	5197	229	230	258
5	5197	5179	229	259
5	5203	5163	5193	260
5	5203	5173	5163	261
5	5215	208	209	262
5	5222	207	5215	263
5	5221	5212	5201	264
5	5221	245	246	265
5	5230	5219	200	266
5	5219	249	200	267
5	5205	5154	5174	268
5	5226	5217	5205	269
5	5198	221	222	270
5	5198	5186	221	271
5	5197	5121	5179	272
5	5197	5088	5121	273
5	5212	5196	5170	274
5	5201	5170	5145	275
5	5195	5140	5169	276
5	5195	5157	5140	277
5	5192	241	5168	278
5	5192	240	241	279
5	5193	5160	243	280
5	5193	5163	5160	281
5	5223	5185	5220	282
5	5211	224	225	283
5	5213	5199	5190	284
5	5225	248	249	285
5	5184	5150	218	286
5	5184	5127	5150	287
5	5183	212	5155	288
5	5183	211	212	289
5	5228	5209	5217	290
5	5209	5169	5188	291
5	5187	241	242	292
5	5187	5160	5139	293
5	5186	220	221	294
5	5186	5151	220	295
5	5220	5185	5161	296
5	5220	5161	5181	297
5	5184	219	5151	298
5	5184	5151	5127	299
5	5183	5155	5125	300
5	5149	210	211	301
5	5190	5113	5152	302
5	5182	5112	5162	303
5	5223	227	5208	304
5	5181	5167	5147	305
5	5180	223	224	306
5	5207	5166	5194	307
5	5216	5179	5177	308
5	5179	5158	5177	309
5	5178	5156	5135	310
5	5178	215	5156	311
5	5177	5158	5130	312
5	5179	228	229	313
5	5191	5129	5143	314
5	5227	5212	247	315
5	5204	5142	5175	316
5	5204	214	5178	317
5	5174	5118	5146	318
5	5174	5154	5118	319
5	5171	5144	238	320
5	5171	5116	5144	321
5	5171	5148	5116	322
5	5172	216	217	323
5	5171	238	239	324
5	5172	217	5150	325
5	5176	5133	5153	326
5	5218	5176	5196	327
5	5202	5189	5157	328
5	5226	204	5217	329
5	5194	5166	5131	330
5	5192	5138	5148	331
5	5167	5134	5122	332
5	5167	5161	5134	333
5	5166	5096	5131	334
5	5166	5147	5096	335
5	5165	5091	5123	336
5	5165	5130	5091	337
5	5198	5194	5164	338
5	5207	222	223	339
5	5201	5145	5173	340
5	5203	5193	244	341
5	5162	5108	5128	342
5	5162	5112	5108	343
5	5181	5147	5180	344
5	5208	5165	5185	345
5	5208	5177	5165	346
5	5216	5177	5208	347
5	5159	5087	5111	348
5	5159	5115	5087	349
5	5158	5105	5130	350
5	5192	5168	5138	351
5	5189	5114	5157	352
5	5206	5128	5189	353
5	5192	5148	240	354
5	5148	239	240	355
5	5155	5090	5125	356
5	5155	5132	5090	357
5	5154	5101	5118	358
5	5154	5119	5101	359
5	5153	5082	5124	360
5	5153	5133	5082	361
5	5191	5152	5129	362
5	5227	248	5218	363
5	5164	5107	5137	364
5	5151	219	220	365
5	5184	218	219	366
5	5150	217	218	367
5	5217	5209	5188	368
5	5182	5162	209	369
5	5178	214	215	370
5	5148	5138	5086	371
5	5207	5194	222	372
5	5147	5122	5096	373
5	5199	5174	5146	374
5	5219	5191	5200	375
5	5145	5098	5126	376
5	5145	5124	5098	377
5	5144	237	238	378
5	5144	5115	237	379
5	5152	5076	5129	380
5	5200	5191	5143	381
5	5175	5155	212	382
5	5183	5149	211	383
5	5141	5094	5061	384
5	5141	5121	5094	385
5	5215	5162	5206	386
5	5214	5174	5199	387
5	5139	5102	5100	388
5	5139	5120	5102	389
5	5187	242	243	390
5	5194	5131	5164	391
5	5198	5164	5186	392
5	5186	5164	5137	393
5	5197	5136	5088	394
5	5197	230	5136	395
5	5135	5047	5093	396
5	5135	5092	5047	397
5	5167	5122	5147	398
5	438	198	199	399
5	5161	5106	5134	400
5	1036	844	843	401
5	307	86	87	402
5	661	506	199	403
5	5189	5128	5114	404
5	508	443	356	405
5	5112	5074	5108	406
5	685	657	503	407
5	5156	5092	5135	408
5	508	356	507	409
5	5204	5178	5142	410
5	659	438	506	411
5	5161	5123	5106	412
5	439	356	196	413
5	5187	5139	5168	414
5	443	195	356	415
5	5177	5130	5165	416
5	485	431	433	417
5	5185	5123	5161	418
5	660	517	543	419
5	5129	5071	5081	420
5	385	153	154	421
5	5129	5076	5071	422
5	661	199	515	423
5	5190	5146	5113	424
5	5188	5169	5119	425
5	5186	5137	5151	426
5	354	121	122	427
5	5182	210	5149	428
5	416	351	111	429
5	5170	5124	5145	430
5	1230	1086	1051	431
5	5203	244	245	432
5	410	132	275	433
5	5183	5125	5149	434
5	415	108	321	435
5	5182	5149	5112	436
5	347	101	259	437
5	5124	5045	5098	438
5	318	89	284	439
5	5124	5082	5045	440
5	425	106	277	441
5	5187	5168	241	442
5	578	347	452	443
5	5180	5147	5166	444
5	325	102	103	445
5	5134	5097	5109	446
5	473	464	312	447
5	5134	5109	5122	448
5	769	737	516	449
5	5179	5121	5158	450
5	5158	5121	5141	451
5	5160	5120	5139	452
5	347	100	101	453
5	5168	5100	5138	454
5	445	95	348	455
5	5140	5103	5056	456
5	671	579	645	457
5	5205	5188	5154	458
5	303	84	85	459
5	5146	5118	5089	460
5	445	336	94	461
5	5146	5089	5113	462
5	721	509	477	463
5	5117	5077	5046	464
5	320	92	93	465
5	5117	234	5077	466
5	335	83	84	467
5	5116	5086	5064	468
5	447	82	250	469
5	5138	5100	5070	470
5	764	754	540	471
5	5159	236	237	472
5	339	71	315	473
5	5159	237	5115	474
5	306	58	59	475
5	5169	5140	5085	476
5	5140	5056	5085	477
5	5113	5052	5076	478
5	292	31	32	479
5	5113	5089	5052	480
5	419	12	287	481
5	5159	5111	236	482
5	288	268	8	483
5	5111	235	236	484
5	293	2	3	485
5	5128	5084	5114	486
5	293	256	2	487
5	5111	5087	5057	488
5	1394	1257	1239	489
5	5110	5048	5092	490
5	340	199	0	491
5	5110	5079	5048	492
5	1218	517	853	493
5	5109	5049	5038	494
5	729	460	521	495
5	5109	5097	5049	496
5	746	543	518	497
5	5149	5099	5112	498
5	5209	5195	5169	499
5	5107	5020	5063	500
5	5107	5068	5020	501
5	312	80	279	502
5	762	562	555	503
5	460	263	267	504
5	670	470	454	505
5	273	139	140	506
5	641	588	365	507
5	384	159	160	508
5	261	154	155	509
5	304	55	302	510
5	573	332	466	511
5	742	537	741	512
5	1505	888	1371	513
5	256	255	1	514
5	256	1	2	515
5	330	30	257	516
5	472	345	295	517
5	346	36	258	518
5	260	32	33	519
5	511	456	320	520
5	452	259	451	521
5	329	34	265	522
5	292	32	260	523
5	813	617	667	524
5	349	151	152	525
5	521	460	267	526
5	726	515	340	527
5	263	262	5	528
5	263	5	6	529
5	264	261	155	530
5	264	155	156	531
5	329	33	34	532
5	265	34	35	533
5	510	325	423	534
5	514	284	467	535
5	267	263	6	536
5	267	6	7	537
5	268	267	7	538
5	268	7	8	539
5	452	347	259	540
5	509	418	425	541
5	476	330	459	542
5	422	296	47	543
5	326	26	271	544
5	317	22	276	545
5	420	27	28	546
5	272	28	29	547
5	480	400	390	548
5	374	275	133	549
5	570	474	254	550
5	276	22	23	551
5	590	519	252	552
5	374	133	134	553
5	575	343	308	554
5	278	20	21	555
5	415	107	108	556
5	625	321	478	557
5	565	557	294	558
5	557	316	294	559
5	466	332	417	560
5	563	540	300	561
5	642	441	316	562
5	471	251	270	563
5	281	269	97	564
5	281	97	98	565
5	309	16	283	566
5	470	265	346	567
5	309	15	16	568
5	283	16	17	569
5	307	87	301	570
5	675	568	456	571
5	333	43	44	572
5	314	44	45	573
5	286	276	23	574
5	286	23	24	575
5	528	462	274	576
5	533	455	280	577
5	324	10	289	578
5	535	323	282	579
5	324	9	10	580
5	289	10	11	581
5	498	466	417	582
5	310	290	73	583
5	291	280	19	584
5	291	19	20	585
5	938	928	741	586
5	537	468	287	587
5	534	283	322	588
5	521	267	268	589
5	514	318	284	590
5	297	50	51	591
5	422	47	48	592
5	296	46	47	593
5	644	307	536	594
5	573	341	332	595
5	298	48	49	596
5	299	50	297	597
5	505	315	290	598
5	422	48	298	599
5	299	298	49	600
5	299	49	50	601
5	310	73	74	602
5	448	75	300	603
5	913	671	859	604
5	1110	871	1094	605
5	304	54	55	606
5	304	285	54	607
5	442	86	307	608
5	442	85	86	609
5	576	343	575	610
5	665	534	652	611
5	343	62	308	612
5	344	64	65	613
5	556	314	328	614
5	338	58	306	615
5	442	303	85	616
5	467	284	337	617
5	343	61	62	618
5	343	305	61	619
5	497	334	251	620
5	497	251	471	621
5	701	547	662	622
5	532	447	516	623
5	332	67	68	624
5	449	64	344	625
5	313	77	78	626
5	331	76	77	627
5	469	290	310	628
5	331	77	313	629
5	455	322	280	630
5	333	44	314	631
5	339	70	71	632
5	339	311	70	633
5	524	263	460	634
5	441	41	316	635
5	317	278	21	636
5	317	21	22	637
5	318	301	88	638
5	318	88	89	639
5	319	293	3	640
5	319	3	4	641
5	337	284	90	642
5	446	92	320	643
5	415	277	107	644
5	321	108	109	645
5	322	283	17	646
5	322	17	18	647
5	323	287	13	648
5	323	13	14	649
5	552	283	534	650
5	538	289	419	651
5	423	104	418	652
5	694	625	478	653
5	326	274	25	654
5	326	25	26	655
5	341	67	332	656
5	344	65	327	657
5	328	314	45	658
5	328	45	46	659
5	734	677	462	660
5	459	330	257	661
5	330	272	29	662
5	330	29	30	663
5	562	313	555	664
5	498	417	311	665
5	341	66	67	666
5	341	327	66	667
5	468	419	287	668
5	1362	1084	1218	669
5	334	258	37	670
5	334	37	38	671
5	897	675	861	672
5	540	448	300	673
5	336	320	93	674
5	336	93	94	675
5	547	318	514	676
5	768	567	566	677
5	756	520	651	678
5	461	421	305	679
5	652	534	455	680
5	746	660	543	681
5	753	741	535	682
5	1043	889	916	683
5	550	421	461	684
5	643	270	441	685
5	342	313	78	686
5	342	78	79	687
5	575	308	453	688
5	474	302	254	689
5	556	328	520	690
5	449	308	63	691
5	345	297	51	692
5	345	51	52	693
5	346	265	35	694
5	346	35	36	695
5	692	465	647	696
5	347	266	100	697
5	445	94	95	698
5	725	536	701	699
5	407	153	385	700
5	618	407	617	701
5	350	281	98	702
5	350	98	99	703
5	424	109	110	704
5	351	110	111	705
5	413	114	352	706
5	416	112	353	707
5	478	321	424	708
5	496	371	429	709
5	426	367	118	710
5	372	352	115	711
5	378	143	355	712
5	436	140	141	713
5	807	611	806	714
5	359	188	189	715
5	495	383	410	716
5	591	364	378	717
5	783	584	782	718
5	493	410	275	719
5	489	398	361	720
5	394	185	369	721
5	992	880	704	722
5	365	181	182	723
5	605	391	400	724
5	392	178	179	725
5	362	358	148	726
5	362	148	149	727
5	834	450	635	728
5	799	708	504	729
5	603	387	404	730
5	436	141	364	731
5	366	179	180	732
5	392	361	178	733
5	608	480	390	734
5	392	179	366	735
5	426	119	371	736
5	626	353	580	737
5	368	359	189	738
5	368	189	190	739
5	370	183	184	740
5	437	182	183	741
5	839	640	593	742
5	437	183	370	743
5	426	118	119	744
5	371	119	120	745
5	501	413	352	746
5	627	351	416	747
5	428	135	373	748
5	599	380	414	749
5	718	598	689	750
5	824	626	823	751
5	379	124	125	752
5	414	124	379	753
5	432	136	137	754
5	376	137	138	755
5	377	363	146	756
5	377	146	147	757
5	378	364	142	758
5	378	142	143	759
5	600	481	354	760
5	686	583	487	761
5	816	620	619	762
5	689	598	483	763
5	408	156	157	764
5	408	264	156	765
5	412	127	128	766
5	382	128	129	767
5	409	129	130	768
5	383	130	131	769
5	405	158	159	770
5	405	381	158	771
5	407	152	153	772
5	407	349	152	773
5	604	389	402	774
5	640	370	593	775
5	609	391	605	776
5	403	163	387	777
5	389	167	168	778
5	401	166	167	779
5	604	402	601	780
5	401	167	389	781
5	391	171	172	782
5	399	170	171	783
5	479	384	406	784
5	399	171	391	785
5	606	504	392	786
5	593	370	394	787
5	397	174	175	788
5	397	390	174	789
5	394	370	184	790
5	394	184	185	791
5	395	366	180	792
5	395	180	181	793
5	396	360	187	794
5	396	187	188	795
5	620	523	264	796
5	615	384	479	797
5	398	393	176	798
5	398	176	177	799
5	482	406	253	800
5	614	253	403	801
5	400	391	172	802
5	400	172	173	803
5	605	400	480	804
5	489	484	398	805
5	402	389	168	806
5	402	168	169	807
5	974	788	732	808
5	622	382	409	809
5	404	387	164	810
5	404	164	165	811
5	494	376	435	812
5	621	409	383	813
5	406	384	160	814
5	406	160	161	815
5	638	436	364	816
5	583	362	444	817
5	487	444	357	818
5	583	444	487	819
5	636	376	494	820
5	617	407	385	821
5	410	383	131	822
5	410	131	132	823
5	411	379	125	824
5	411	125	126	825
5	529	428	373	826
5	634	426	371	827
5	413	353	113	828
5	413	113	114	829
5	414	380	123	830
5	414	123	124	831
5	580	413	501	832
5	509	425	477	833
5	496	429	481	834
5	527	378	355	835
5	417	332	68	836
5	417	68	69	837
5	423	325	103	838
5	418	104	105	839
5	419	289	11	840
5	419	11	12	841
5	534	322	455	842
5	533	280	291	843
5	421	306	59	844
5	421	59	60	845
5	574	327	341	846
5	646	449	344	847
5	632	418	509	848
5	861	675	669	849
5	624	375	412	850
5	500	414	379	851
5	425	418	105	852
5	425	105	106	853
5	595	372	594	854
5	690	594	450	855
5	427	372	116	856
5	427	116	117	857
5	428	374	134	858
5	428	134	135	859
5	429	371	120	860
5	429	120	121	861
5	430	368	190	862
5	430	190	191	863
5	431	430	191	864
5	431	191	192	865
5	494	435	486	866
5	639	486	273	867
5	433	431	192	868
5	433	192	193	869
5	434	433	193	870
5	434	193	194	871
5	435	376	138	872
5	435	138	139	873
5	601	402	388	874
5	602	404	386	875
5	867	506	661	876
5	812	616	615	877
5	439	196	197	878
5	440	198	438	879
5	592	395	588	880
5	586	368	492	881
5	440	439	197	882
5	440	197	198	883
5	539	521	268	884
5	541	292	260	885
5	473	312	279	886
5	532	473	279	887
5	443	434	194	888
5	443	194	195	889
5	444	362	149	890
5	444	149	150	891
5	951	767	751	892
5	1051	856	915	893
5	446	337	91	894
5	446	91	92	895
5	447	279	81	896
5	447	81	82	897
5	448	310	74	898
5	448	74	75	899
5	526	295	285	900
5	569	306	550	901
5	450	427	367	902
5	635	450	367	903
5	884	790	690	904
5	791	781	501	905
5	978	793	977	906
5	902	702	717	907
5	646	453	449	908
5	577	344	327	909
5	454	346	258	910
5	497	458	334	911
5	628	272	476	912
5	629	463	271	913
5	456	446	320	914
5	951	751	856	915
5	457	385	261	916
5	523	457	261	917
5	458	454	258	918
5	458	258	334	919
5	476	272	330	920
5	462	286	274	921
5	825	628	476	922
5	736	475	531	923
5	548	302	474	924
5	544	345	472	925
5	528	326	463	926
5	679	524	666	927
5	528	274	326	928
5	463	326	271	929
5	464	342	312	930
5	775	498	572	931
5	465	348	269	932
5	698	512	513	933
5	754	554	540	934
5	737	532	516	935
5	567	250	335	936
5	532	279	447	937
5	539	268	288	938
5	538	419	468	939
5	572	498	311	940
5	505	290	469	941
5	561	541	260	942
5	542	257	292	943
5	843	643	642	944
5	631	520	296	945
5	544	297	345	946
5	520	328	296	947
5	701	536	547	948
5	536	307	301	949
5	548	304	302	950
5	526	472	295	951
5	531	317	522	952
5	533	291	475	953
5	628	420	272	954
5	629	271	420	955
5	477	425	277	956
5	499	477	277	957
5	499	277	415	958
5	698	513	578	959
5	615	405	384	960
5	523	261	264	961
5	610	601	388	962
5	862	707	655	963
5	635	426	634	964
5	634	371	496	965
5	705	479	482	966
5	792	597	687	967
5	598	411	483	968
5	600	354	380	969
5	607	397	393	970
5	608	390	397	971
5	808	797	602	972
5	488	394	369	973
5	596	493	275	974
5	596	275	374	975
5	590	252	363	976
5	519	355	252	977
5	988	802	801	978
5	587	360	396	979
5	798	592	789	980
5	800	607	484	981
5	490	485	433	982
5	490	433	434	983
5	491	488	369	984
5	491	369	360	985
5	502	396	359	986
5	587	491	360	987
5	730	457	523	988
5	495	410	493	989
5	711	529	637	990
5	597	428	529	991
5	835	636	710	992
5	621	383	495	993
5	822	689	483	994
5	635	367	426	995
5	771	570	569	996
5	770	569	550	997
5	571	315	505	998
5	776	466	716	999
5	717	625	694	1000
5	901	852	695	1001
5	821	623	820	1002
5	599	414	500	1003
5	627	416	626	1004
5	626	416	353	1005
5	706	581	654	1006
5	587	396	502	1007
5	503	490	434	1008
5	503	434	443	1009
5	504	489	361	1010
5	504	361	392	1011
5	571	339	315	1012
5	572	311	339	1013
5	506	438	199	1014
5	943	917	743	1015
5	685	503	508	1016
5	910	681	850	1017
5	654	485	653	1018
5	987	801	800	1019
5	663	578	452	1020
5	852	663	695	1021
5	1199	1020	1198	1022
5	724	647	525	1023
5	698	578	663	1024
5	722	632	656	1025
5	859	692	847	1026
5	525	281	512	1027
5	513	512	350	1028
5	513	350	266	1029
5	566	335	303	1030
5	516	447	250	1031
5	1219	658	1080	1032
5	515	199	340	1033
5	1038	845	780	1034
5	551	303	442	1035
5	668	256	517	1036
5	868	661	515	1037
5	543	517	293	1038
5	518	319	262	1039
5	584	362	583	1040
5	527	355	519	1041
5	545	297	544	1042
5	631	296	422	1043
5	740	652	455	1044
5	752	552	665	1045
5	531	278	317	1046
5	522	317	276	1047
5	616	405	615	1048
5	782	584	583	1049
5	524	518	262	1050
5	524	262	263	1051
5	525	465	269	1052
5	525	269	281	1053
5	549	304	548	1054
5	757	556	756	1055
5	839	593	683	1056
5	591	378	527	1057
5	665	552	534	1058
5	742	696	468	1059
5	637	432	636	1060
5	637	373	432	1061
5	530	522	276	1062
5	530	276	286	1063
5	874	700	731	1064
5	747	544	700	1065
5	673	662	514	1066
5	773	505	699	1067
5	829	631	630	1068
5	765	565	564	1069
5	553	535	282	1070
5	537	287	323	1071
5	553	309	552	1072
5	537	323	535	1073
5	567	335	566	1074
5	566	303	551	1075
5	760	560	672	1076
5	744	542	541	1077
5	559	539	288	1078
5	558	289	538	1079
5	559	324	558	1080
5	759	559	758	1081
5	554	310	448	1082
5	554	469	310	1083
5	561	329	560	1084
5	542	292	541	1085
5	674	522	530	1086
5	1017	828	748	1087
5	889	758	728	1088
5	1528	1266	1364	1089
5	545	299	297	1090
5	630	422	298	1091
5	748	546	545	1092
5	546	299	545	1093
5	844	714	471	1094
5	630	298	546	1095
5	547	536	301	1096
5	547	301	318	1097
5	549	285	304	1098
5	549	526	285	1099
5	700	544	472	1100
5	715	678	458	1101
5	569	338	306	1102
5	570	254	338	1103
5	751	551	644	1104
5	567	516	250	1105
5	553	282	309	1106
5	552	309	283	1107
5	745	459	542	1108
5	672	560	470	1109
5	780	577	574	1110
5	776	573	466	1111
5	562	331	313	1112
5	563	300	331	1113
5	763	562	762	1114
5	738	473	532	1115
5	565	333	564	1116
5	642	316	557	1117
5	559	288	324	1118
5	558	324	289	1119
5	679	518	524	1120
5	753	553	752	1121
5	561	260	329	1122
5	560	329	265	1123
5	746	518	679	1124
5	734	528	733	1125
5	953	769	768	1126
5	563	331	562	1127
5	846	453	646	1128
5	699	505	469	1129
5	565	294	333	1130
5	564	333	314	1131
5	777	574	573	1132
5	845	646	577	1133
5	1086	856	1051	1134
5	723	511	579	1135
5	723	579	671	1136
5	669	456	511	1137
5	568	467	337	1138
5	568	337	446	1139
5	761	744	541	1140
5	570	338	569	1141
5	750	549	749	1142
5	1667	1374	1548	1143
5	1136	946	1047	1144
5	572	339	571	1145
5	676	550	461	1146
5	846	649	453	1147
5	773	571	505	1148
5	574	341	573	1149
5	1142	954	953	1150
5	577	327	574	1151
5	576	305	343	1152
5	576	461	305	1153
5	1037	714	844	1154
5	829	651	631	1155
5	1039	846	845	1156
5	646	344	577	1157
5	578	513	266	1158
5	578	266	347	1159
5	579	511	336	1160
5	579	336	445	1161
5	790	594	690	1162
5	633	351	627	1163
5	581	492	430	1164
5	581	430	431	1165
5	582	487	357	1166
5	582	357	349	1167
5	584	358	362	1168
5	589	363	377	1169
5	712	495	493	1170
5	585	358	584	1171
5	688	494	486	1172
5	589	377	585	1173
5	586	502	359	1174
5	586	359	368	1175
5	1092	867	661	1176
5	802	703	480	1177
5	592	366	395	1178
5	606	392	366	1179
5	1030	905	688	1180
5	590	363	589	1181
5	840	641	640	1182
5	1154	968	910	1183
5	803	605	703	1184
5	638	364	591	1185
5	789	592	588	1186
5	606	366	592	1187
5	640	437	370	1188
5	641	365	437	1189
5	595	352	372	1190
5	594	372	427	1191
5	794	500	718	1192
5	796	481	600	1193
5	787	519	590	1194
5	838	688	486	1195
5	597	596	374	1196
5	597	374	428	1197
5	598	500	379	1198
5	598	379	411	1199
5	793	596	792	1200
5	600	380	599	1201
5	821	624	623	1202
5	793	712	493	1203
5	612	602	386	1204
5	613	403	387	1205
5	611	389	604	1206
5	603	404	602	1207
5	683	593	488	1208
5	613	387	603	1209
5	611	401	389	1210
5	612	386	401	1211
5	609	399	391	1212
5	610	388	399	1213
5	681	586	492	1214
5	707	491	655	1215
5	803	609	605	1216
5	608	397	607	1217
5	840	640	839	1218
5	983	798	789	1219
5	708	489	504	1220
5	610	399	609	1221
5	812	615	684	1222
5	684	615	479	1223
5	810	614	613	1224
5	612	401	611	1225
5	1032	840	839	1226
5	801	608	607	1227
5	709	489	708	1228
5	614	403	613	1229
5	788	527	732	1230
5	682	487	582	1231
5	616	381	405	1232
5	620	264	408	1233
5	1026	834	1025	1234
5	619	381	616	1235
5	618	349	407	1236
5	618	582	349	1237
5	686	487	682	1238
5	782	583	686	1239
5	732	527	519	1240
5	620	408	619	1241
5	787	732	519	1242
5	785	589	585	1243
5	687	597	529	1244
5	622	409	621	1245
5	820	623	622	1246
5	623	382	622	1247
5	1001	813	877	1248
5	624	412	623	1249
5	713	496	481	1250
5	702	477	499	1251
5	625	499	415	1252
5	625	415	321	1253
5	781	580	501	1254
5	633	424	351	1255
5	911	702	902	1256
5	721	477	702	1257
5	826	628	825	1258
5	629	420	628	1259
5	827	733	463	1260
5	883	666	729	1261
5	651	520	631	1262
5	631	422	630	1263
5	715	497	714	1264
5	740	455	533	1265
5	632	510	423	1266
5	632	423	418	1267
5	791	595	790	1268
5	831	478	633	1269
5	718	500	598	1270
5	796	713	481	1271
5	831	633	830	1272
5	1007	819	818	1273
5	637	529	373	1274
5	636	432	376	1275
5	813	618	617	1276
5	836	638	591	1277
5	797	603	602	1278
5	639	436	638	1279
5	811	705	482	1280
5	705	684	479	1281
5	903	684	705	1282
5	641	437	640	1283
5	654	581	485	1284
5	817	730	523	1285
5	649	575	453	1286
5	643	441	642	1287
5	778	575	649	1288
5	770	550	676	1289
5	644	551	442	1290
5	644	442	307	1291
5	645	579	445	1292
5	645	445	348	1293
5	950	766	765	1294
5	937	752	855	1295
5	695	452	451	1296
5	1220	1045	1048	1297
5	648	548	474	1298
5	772	648	474	1299
5	778	576	575	1300
5	772	474	570	1301
5	650	476	459	1302
5	745	650	459	1303
5	756	556	520	1304
5	844	471	643	1305
5	735	522	674	1306
5	759	743	539	1307
5	1219	507	658	1308
5	863	685	849	1309
5	1069	983	1031	1310
5	1318	1171	1317	1311
5	719	586	681	1312
5	784	655	587	1313
5	656	632	509	1314
5	721	656	509	1315
5	657	653	490	1316
5	657	490	503	1317
5	658	507	439	1318
5	658	439	440	1319
5	691	438	659	1320
5	691	440	438	1321
5	1063	942	889	1322
5	909	891	678	1323
5	668	255	256	1324
5	868	515	726	1325
5	662	547	514	1326
5	1115	1079	873	1327
5	695	451	693	1328
5	1022	694	831	1329
5	664	555	464	1330
5	738	532	737	1331
5	696	538	468	1332
5	666	524	460	1333
5	728	538	696	1334
5	758	558	728	1335
5	667	617	457	1336
5	730	667	457	1337
5	853	517	660	1338
5	727	255	668	1339
5	673	514	467	1340
5	675	456	669	1341
5	1018	829	828	1342
5	672	470	670	1343
5	723	669	511	1344
5	1012	781	976	1345
5	1086	951	856	1346
5	1040	875	649	1347
5	680	568	675	1348
5	680	467	568	1349
5	735	531	522	1350
5	739	533	475	1351
5	680	673	467	1352
5	915	856	725	1353
5	779	576	778	1354
5	779	676	461	1355
5	677	674	530	1356
5	677	530	462	1357
5	678	670	454	1358
5	678	454	458	1359
5	896	666	883	1360
5	1134	943	1133	1361
5	856	751	725	1362
5	915	701	871	1363
5	719	502	586	1364
5	784	502	719	1365
5	814	618	813	1366
5	814	582	618	1367
5	841	588	641	1368
5	703	605	480	1369
5	993	807	806	1370
5	704	604	601	1371
5	867	659	506	1372
5	720	685	508	1373
5	1028	837	836	1374
5	838	486	639	1375
5	710	494	688	1376
5	711	687	529	1377
5	710	636	494	1378
5	999	903	705	1379
5	818	495	712	1380
5	819	622	621	1381
5	832	496	713	1382
5	1202	1024	1023	1383
5	720	508	507	1384
5	691	658	440	1385
5	692	671	645	1386
5	692	645	465	1387
5	695	663	452	1388
5	1267	1109	914	1389
5	823	580	781	1390
5	830	633	627	1391
5	1107	902	1054	1392
5	901	695	693	1393
5	728	558	538	1394
5	729	666	460	1395
5	697	664	464	1396
5	697	464	473	1397
5	724	512	698	1398
5	724	525	512	1399
5	755	554	754	1400
5	716	466	498	1401
5	747	545	544	1402
5	828	630	546	1403
5	725	644	536	1404
5	738	697	473	1405
5	1198	1020	1013	1406
5	864	693	722	1407
5	805	704	601	1408
5	806	604	704	1409
5	804	609	803	1410
5	1366	1224	1264	1411
5	809	603	797	1412
5	995	808	994	1413
5	706	681	492	1414
5	706	492	581	1415
5	707	683	488	1416
5	707	488	491	1417
5	709	484	489	1418
5	802	480	608	1419
5	995	797	808	1420
5	800	484	709	1421
5	991	805	804	1422
5	993	806	880	1423
5	865	812	684	1424
5	1002	812	865	1425
5	818	621	495	1426
5	820	622	819	1427
5	832	634	496	1428
5	833	635	634	1429
5	715	458	497	1430
5	714	497	471	1431
5	925	739	736	1432
5	921	735	674	1433
5	774	571	773	1434
5	775	716	498	1435
5	717	702	499	1436
5	717	499	625	1437
5	794	599	500	1438
5	795	600	599	1439
5	910	719	681	1440
5	1032	839	879	1441
5	1070	1032	879	1442
5	1068	857	863	1443
5	1021	831	830	1444
5	1026	884	690	1445
5	722	693	510	1446
5	722	510	632	1447
5	1253	1102	1225	1448
5	1258	1059	1082	1449
5	1221	1059	852	1450
5	1057	698	663	1451
5	954	737	769	1452
5	1060	913	859	1453
5	1222	1093	868	1454
5	1061	888	932	1455
5	727	726	340	1456
5	727	340	255	1457
5	893	670	891	1458
5	930	745	744	1459
5	922	735	921	1460
5	1289	1124	1064	1461
5	815	616	812	1462
5	1062	900	905	1463
5	731	700	472	1464
5	731	472	526	1465
5	788	591	527	1466
5	837	639	638	1467
5	734	462	528	1468
5	733	528	463	1469
5	941	757	756	1470
5	1015	826	1014	1471
5	855	752	665	1472
5	736	531	735	1473
5	938	753	937	1474
5	739	475	736	1475
5	767	551	751	1476
5	875	778	649	1477
5	958	872	648	1478
5	960	774	959	1479
5	929	742	928	1480
5	740	533	739	1481
5	1407	1228	1294	1482
5	1810	1652	1504	1483
5	742	468	537	1484
5	741	537	535	1485
5	855	665	854	1486
5	1014	826	825	1487
5	743	729	521	1488
5	743	521	539	1489
5	761	561	760	1490
5	745	542	744	1491
5	1019	651	829	1492
5	935	750	749	1493
5	1139	941	1076	1494
5	1120	854	927	1495
5	931	650	745	1496
5	748	545	747	1497
5	1014	825	869	1498
5	828	546	748	1499
5	750	526	549	1500
5	750	731	526	1501
5	920	885	677	1502
5	927	652	740	1503
5	767	566	551	1504
5	769	516	567	1505
5	753	535	553	1506
5	752	553	552	1507
5	929	916	696	1508
5	1213	1035	1212	1509
5	755	469	554	1510
5	755	699	469	1511
5	948	754	764	1512
5	939	755	754	1513
5	757	564	556	1514
5	766	557	565	1515
5	941	756	851	1516
5	765	564	757	1517
5	759	539	559	1518
5	758	559	558	1519
5	1120	1085	854	1520
5	922	736	735	1521
5	761	541	561	1522
5	760	561	560	1523
5	956	771	770	1524
5	935	749	872	1525
5	763	563	562	1526
5	764	540	563	1527
5	959	774	773	1528
5	764	563	763	1529
5	963	777	776	1530
5	961	775	960	1531
5	891	670	678	1532
5	766	565	765	1533
5	1035	843	842	1534
5	842	557	766	1535
5	915	725	701	1536
5	768	566	767	1537
5	948	939	754	1538
5	769	567	768	1539
5	947	763	946	1540
5	1040	649	846	1541
5	872	749	648	1542
5	771	569	770	1543
5	956	770	955	1544
5	772	570	771	1545
5	965	778	875	1546
5	957	772	771	1547
5	774	572	571	1548
5	775	572	774	1549
5	952	767	951	1550
5	859	671	692	1551
5	871	701	662	1552
5	923	738	737	1553
5	873	664	697	1554
5	777	573	776	1555
5	873	848	664	1556
5	780	574	777	1557
5	779	461	576	1558
5	933	747	700	1559
5	1127	935	1067	1560
5	934	748	747	1561
5	946	763	762	1562
5	845	577	780	1563
5	823	626	580	1564
5	824	627	626	1565
5	783	585	584	1566
5	786	590	589	1567
5	1029	838	837	1568
5	785	585	783	1569
5	986	709	904	1570
5	985	904	708	1571
5	967	782	858	1572
5	786	589	785	1573
5	970	783	967	1574
5	787	590	786	1575
5	900	835	710	1576
5	973	732	787	1577
5	1011	689	822	1578
5	836	591	788	1579
5	798	606	592	1580
5	799	504	606	1581
5	791	501	595	1582
5	790	595	594	1583
5	1008	820	819	1584
5	1020	830	824	1585
5	793	493	596	1586
5	792	596	597	1587
5	1027	836	788	1588
5	906	835	900	1589
5	981	795	980	1590
5	795	599	794	1591
5	1020	824	1013	1592
5	796	600	795	1593
5	975	791	790	1594
5	976	791	975	1595
5	809	613	603	1596
5	811	482	614	1597
5	1081	850	876	1598
5	799	606	798	1599
5	969	862	655	1600
5	1257	1081	1239	1601
5	898	803	703	1602
5	801	607	800	1603
5	904	709	708	1604
5	802	608	801	1605
5	878	707	862	1606
5	998	811	810	1607
5	804	610	609	1608
5	805	601	610	1609
5	880	806	704	1610
5	805	610	804	1611
5	989	898	703	1612
5	1078	857	1068	1613
5	807	612	611	1614
5	808	602	612	1615
5	1209	1029	1208	1616
5	808	612	807	1617
5	1182	1002	1073	1618
5	877	813	667	1619
5	1253	1056	1102	1620
5	810	613	809	1621
5	1004	817	816	1622
5	811	614	810	1623
5	903	865	684	1624
5	1159	972	971	1625
5	815	619	616	1626
5	817	523	620	1627
5	814	682	582	1628
5	971	786	785	1629
5	882	792	687	1630
5	1102	1056	901	1631
5	879	683	878	1632
5	816	619	815	1633
5	1002	815	812	1634
5	817	620	816	1635
5	907	882	687	1636
5	1006	818	712	1637
5	977	793	792	1638
5	819	621	818	1639
5	1025	834	833	1640
5	822	624	821	1641
5	1025	833	1024	1642
5	822	483	624	1643
5	1012	823	781	1644
5	975	790	884	1645
5	979	718	881	1646
5	981	796	795	1647
5	1013	823	1012	1648
5	979	794	718	1649
5	976	781	791	1650
5	830	627	824	1651
5	826	629	628	1652
5	827	463	629	1653
5	1019	829	1018	1654
5	827	629	826	1655
5	869	825	650	1656
5	894	760	672	1657
5	949	757	941	1658
5	829	630	828	1659
5	1037	908	714	1660
5	1145	955	1144	1661
5	1056	852	901	1662
5	911	721	702	1663
5	901	693	864	1664
5	902	717	860	1665
5	982	796	981	1666
5	833	634	832	1667
5	977	792	882	1668
5	834	635	833	1669
5	967	783	782	1670
5	1104	907	906	1671
5	835	711	637	1672
5	835	637	636	1673
5	978	712	793	1674
5	837	638	836	1675
5	1030	688	838	1676
5	838	639	837	1677
5	1003	815	1002	1678
5	878	683	707	1679
5	1367	1092	1265	1680
5	841	641	840	1681
5	984	798	983	1682
5	841	789	588	1683
5	1226	1090	1156	1684
5	876	706	654	1685
5	921	674	885	1686
5	843	642	842	1687
5	931	869	650	1688
5	844	643	843	1689
5	894	672	893	1690
5	909	715	908	1691
5	870	773	699	1692
5	846	646	845	1693
5	961	716	775	1694
5	959	773	870	1695
5	847	692	647	1696
5	914	647	724	1697
5	848	762	664	1698
5	1138	1131	939	1699
5	1044	691	659	1700
5	1686	1371	1519	1701
5	1154	910	1049	1702
5	857	653	657	1703
5	851	756	651	1704
5	1148	872	958	1705
5	1082	724	1058	1706
5	914	847	647	1707
5	1506	863	1042	1708
5	1083	726	727	1709
5	854	665	652	1710
5	927	854	652	1711
5	1101	891	909	1712
5	1260	1100	1228	1713
5	954	923	737	1714
5	1308	1152	1307	1715
5	876	850	706	1716
5	887	653	857	1717
5	858	782	686	1718
5	899	858	686	1719
5	1231	1045	1220	1720
5	1507	1408	1431	1721
5	860	717	694	1722
5	1336	1191	1335	1723
5	1369	1220	1271	1724
5	1598	1554	1440	1725
5	968	719	910	1726
5	1156	862	969	1727
5	863	857	657	1728
5	863	657	685	1729
5	1162	975	884	1730
5	1167	980	1166	1731
5	1005	918	730	1732
5	1278	1105	1104	1733
5	866	864	722	1734
5	866	722	656	1735
5	1406	1093	1222	1736
5	1264	1224	1078	1737
5	1527	1061	932	1738
5	1371	888	1227	1739
5	1016	919	733	1740
5	885	674	677	1741
5	940	755	939	1742
5	962	716	961	1743
5	1140	952	951	1744
5	1094	890	1041	1745
5	1217	875	1040	1746
5	955	770	676	1747
5	924	738	923	1748
5	924	697	738	1749
5	936	750	935	1750
5	933	700	874	1751
5	1150	960	1149	1752
5	958	648	772	1753
5	1171	985	1170	1754
5	1155	968	1154	1755
5	1077	905	1030	1756
5	899	686	682	1757
5	879	839	683	1758
5	1033	840	1032	1759
5	1078	887	857	1760
5	1171	904	985	1761
5	990	803	898	1762
5	996	797	995	1763
5	881	718	689	1764
5	1011	881	689	1765
5	1006	712	978	1766
5	1010	822	821	1767
5	1135	945	944	1768
5	917	883	729	1769
5	980	794	979	1770
5	1024	833	832	1771
5	920	734	919	1772
5	925	736	922	1773
5	1508	720	886	1774
5	886	720	507	1775
5	887	876	654	1776
5	887	654	653	1777
5	932	679	896	1778
5	932	746	679	1779
5	917	729	743	1780
5	942	758	889	1781
5	890	871	662	1782
5	890	662	673	1783
5	893	672	670	1784
5	945	930	744	1785
5	892	861	669	1786
5	892	669	723	1787
5	1113	921	885	1788
5	944	760	894	1789
5	1046	944	894	1790
5	1195	1111	919	1791
5	895	890	673	1792
5	895	673	680	1793
5	932	888	746	1794
5	896	679	666	1795
5	897	895	680	1796
5	897	680	675	1797
5	990	804	803	1798
5	992	704	805	1799
5	1071	1000	1001	1800
5	1206	1027	974	1801
5	906	711	835	1802
5	907	687	711	1803
5	1108	1055	912	1804
5	1221	852	1056	1805
5	912	656	721	1806
5	912	721	911	1807
5	994	807	993	1808
5	1180	996	1179	1809
5	986	800	709	1810
5	989	703	802	1811
5	905	900	710	1812
5	905	710	688	1813
5	1190	881	1011	1814
5	907	711	906	1815
5	1187	1009	1008	1816
5	1165	978	977	1817
5	909	678	715	1818
5	908	715	714	1819
5	1123	1066	931	1820
5	1119	927	926	1821
5	968	784	719	1822
5	969	655	784	1823
5	1335	1163	1313	1824
5	912	866	656	1825
5	1229	1087	1109	1826
5	1205	884	1026	1827
5	913	892	723	1828
5	913	723	671	1829
5	1091	864	866	1830
5	1060	1050	913	1831
5	1269	1140	1086	1832
5	1151	961	1150	1833
5	916	889	728	1834
5	916	728	696	1835
5	943	759	942	1836
5	1228	1100	1134	1837
5	918	877	667	1838
5	918	667	730	1839
5	920	677	734	1840
5	919	734	733	1841
5	1144	964	1095	1842
5	1217	1096	875	1843
5	1146	957	956	1844
5	926	740	739	1845
5	1238	1076	1197	1846
5	1195	919	1016	1847
5	924	873	697	1848
5	1321	1177	1176	1849
5	1153	966	963	1850
5	1290	1128	1247	1851
5	1283	1112	1111	1852
5	926	739	925	1853
5	1121	929	928	1854
5	927	740	926	1855
5	1129	937	1065	1856
5	1085	855	854	1857
5	929	696	742	1858
5	928	742	741	1859
5	1063	889	1043	1860
5	1133	942	1063	1861
5	945	761	944	1862
5	931	745	930	1863
5	1123	930	945	1864
5	1065	937	855	1865
5	1286	1117	1284	1866
5	1604	1461	1460	1867
5	1283	1113	1112	1868
5	934	747	933	1869
5	1194	1016	1015	1870
5	1017	748	934	1871
5	936	731	750	1872
5	936	874	731	1873
5	1125	933	874	1874
5	1139	949	941	1875
5	938	741	753	1876
5	937	753	752	1877
5	1130	1121	928	1878
5	1227	888	1061	1879
5	940	699	755	1880
5	940	870	699	1881
5	1131	940	939	1882
5	1052	959	870	1883
5	949	765	757	1884
5	1034	842	766	1885
5	943	743	759	1886
5	942	759	758	1887
5	1368	1227	1061	1888
5	1124	932	896	1889
5	945	744	761	1890
5	944	761	760	1891
5	1117	925	922	1892
5	1123	945	1135	1893
5	947	764	763	1894
5	948	764	947	1895
5	1297	1136	1244	1896
5	1106	908	1037	1897
5	1095	964	965	1898
5	1304	1144	1240	1899
5	1149	960	959	1900
5	950	765	949	1901
5	1320	1176	1175	1902
5	1034	766	950	1903
5	952	768	767	1904
5	953	768	952	1905
5	1089	892	1050	1906
5	1282	1094	1236	1907
5	1430	1280	1373	1908
5	954	769	953	1909
5	1137	947	1136	1910
5	1151	962	961	1911
5	1146	956	1145	1912
5	1212	950	1139	1913
5	1152	962	1151	1914
5	957	771	956	1915
5	1197	1017	1196	1916
5	958	772	957	1917
5	1340	1126	1290	1918
5	1196	1017	934	1919
5	960	775	774	1920
5	962	776	716	1921
5	1110	1051	915	1922
5	963	776	962	1923
5	1094	871	890	1924
5	966	780	777	1925
5	1140	951	1086	1926
5	1425	1282	1370	1927
5	1079	1047	848	1928
5	966	777	963	1929
5	964	955	676	1930
5	964	676	779	1931
5	965	964	779	1932
5	965	779	778	1933
5	1298	1293	1131	1934
5	1038	780	966	1935
5	970	785	783	1936
5	972	787	786	1937
5	1169	983	1069	1938
5	969	784	968	1939
5	1173	987	986	1940
5	1090	878	862	1941
5	1182	1003	1002	1942
5	971	785	970	1943
5	1183	918	1005	1944
5	972	786	971	1945
5	1259	1087	1229	1946
5	973	787	972	1947
5	1179	995	994	1948
5	974	732	973	1949
5	1074	880	1178	1950
5	1027	788	974	1951
5	1185	1007	1006	1952
5	1013	824	823	1953
5	1347	1201	1346	1954
5	1343	1199	1198	1955
5	1172	986	904	1956
5	1007	818	1006	1957
5	1160	973	972	1958
5	1008	819	1007	1959
5	980	795	794	1960
5	982	713	796	1961
5	1168	981	1167	1962
5	1023	832	713	1963
5	1191	1012	976	1964
5	1205	1162	884	1965
5	1332	1188	1331	1966
5	1023	713	982	1967
5	984	799	798	1968
5	985	708	799	1969
5	1310	1226	1156	1970
5	985	799	984	1971
5	1318	1173	1172	1972
5	1176	989	1175	1973
5	1169	984	983	1974
5	987	800	986	1975
5	1178	991	1177	1976
5	988	801	987	1977
5	1177	991	990	1978
5	989	802	988	1979
5	1174	988	987	1980
5	1310	1156	1155	1981
5	1181	1073	903	1982
5	991	804	990	1983
5	1175	989	988	1984
5	992	805	991	1985
5	1170	984	1169	1986
5	1157	970	967	1987
5	994	808	807	1988
5	999	705	811	1989
5	1172	904	1171	1990
5	997	810	809	1991
5	1161	974	973	1992
5	1207	1028	1027	1993
5	1075	967	858	1994
5	997	809	996	1995
5	1101	1046	893	1996
5	998	810	997	1997
5	1584	1430	1509	1998
5	999	811	998	1999
5	1073	865	903	2000
5	1183	1098	918	2001
5	1000	899	682	2002
5	1000	682	814	2003
5	1001	1000	814	2004
5	1001	814	813	2005
5	1003	816	815	2006
5	1005	730	817	2007
5	1181	903	999	2008
5	1004	816	1003	2009
5	1178	880	992	2010
5	1005	817	1004	2011
5	1073	1002	865	2012
5	1183	1004	1182	2013
5	1189	1011	1010	2014
5	1009	821	820	2015
5	1104	906	1103	2016
5	1334	1250	1053	2017
5	1166	980	979	2018
5	1009	820	1008	2019
5	1203	1025	1024	2020
5	1010	821	1009	2021
5	1191	976	1163	2022
5	1011	822	1010	2023
5	1166	979	1053	2024
5	1168	982	981	2025
5	1192	1013	1012	2026
5	1021	830	1020	2027
5	1201	982	1168	2028
5	1022	831	1021	2029
5	1015	827	826	2030
5	1016	733	827	2031
5	1046	894	893	2032
5	1016	827	1015	2033
5	1212	1034	950	2034
5	1128	936	1127	2035
5	1135	944	1046	2036
5	1018	828	1017	2037
5	1106	1101	909	2038
5	1019	851	651	2039
5	1076	941	851	2040
5	1212	1035	1034	2041
5	1415	1056	1253	2042
5	1163	975	1162	2043
5	1349	1203	1348	2044
5	1022	860	694	2045
5	1091	866	1055	2046
5	1055	866	912	2047
5	1192	1012	1191	2048
5	1024	832	1023	2049
5	1164	977	882	2050
5	1026	690	834	2051
5	1184	1006	978	2052
5	1103	900	1062	2053
5	1179	996	995	2054
5	1105	882	907	2055
5	1072	899	1000	2056
5	1028	836	1027	2057
5	1180	998	997	2058
5	1029	837	1028	2059
5	1105	907	1104	2060
5	1030	838	1029	2061
5	1103	906	900	2062
5	1188	1010	1009	2063
5	1031	983	789	2064
5	1031	789	841	2065
5	1033	841	840	2066
5	1033	1031	841	2067
5	1355	1211	1210	2068
5	1517	1470	1397	2069
5	1076	851	1019	2070
5	1035	842	1034	2071
5	1118	926	925	2072
5	1036	843	1035	2073
5	1066	869	931	2074
5	1037	844	1036	2075
5	1085	1065	855	2076
5	1122	929	1121	2077
5	1136	947	946	2078
5	1039	845	1038	2079
5	1214	1038	966	2080
5	1040	846	1039	2081
5	1149	959	1052	2082
5	1216	1040	1039	2083
5	1050	892	913	2084
5	1422	1270	1246	2085
5	1042	863	849	2086
5	1044	659	867	2087
5	1436	1289	1260	2088
5	1122	916	929	2089
5	1256	691	1044	2090
5	1080	658	691	2091
5	1045	1041	895	2092
5	1045	895	897	2093
5	1101	893	891	2094
5	1106	1037	1213	2095
5	1047	946	848	2096
5	1273	1051	1110	2097
5	1048	1045	897	2098
5	1048	897	861	2099
5	1049	910	850	2100
5	1326	1073	1181	2101
5	1089	861	892	2102
5	1089	1048	861	2103
5	1143	923	954	2104
5	1079	848	873	2105
5	1132	940	1131	2106
5	1290	1126	1125	2107
5	1053	979	881	2108
5	1190	1053	881	2109
5	1054	902	860	2110
5	1200	1088	1022	2111
5	1108	911	1107	2112
5	1270	1050	1246	2113
5	1102	864	1091	2114
5	1102	901	864	2115
5	1058	698	1057	2116
5	1058	724	698	2117
5	1082	914	724	2118
5	1258	1057	1059	2119
5	1059	1057	663	2120
5	1059	663	852	2121
5	1246	1050	1060	2122
5	1345	1200	1344	2123
5	1356	1243	1212	2124
5	1124	896	1064	2125
5	1405	1310	1376	2126
5	1077	1062	905	2127
5	1064	896	883	2128
5	1294	1133	1223	2129
5	1443	1295	1377	2130
5	1134	917	943	2131
5	1193	1015	1014	2132
5	1338	1195	1194	2133
5	1111	920	919	2134
5	1066	1014	869	2135
5	1067	935	872	2136
5	1148	1067	872	2137
5	1097	887	1078	2138
5	1081	1049	850	2139
5	1210	1032	1070	2140
5	1211	1031	1033	2141
5	1210	1033	1032	2142
5	1211	1069	1031	2143
5	1249	1079	1248	2144
5	1157	967	1075	2145
5	1312	1160	1311	2146
5	1072	1000	1071	2147
5	1071	1001	877	2148
5	1182	1004	1003	2149
5	1181	998	1180	2150
5	1074	994	993	2151
5	1072	1075	858	2152
5	1378	1232	1353	2153
5	1139	950	949	2154
5	1127	936	935	2155
5	1158	970	1157	2156
5	1208	1029	1028	2157
5	1323	1074	1322	2158
5	1239	1097	1224	2159
5	1141	952	1140	2160
5	1231	1041	1045	2161
5	1550	1367	1265	2162
5	1754	1607	1753	2163
5	1126	933	1125	2164
5	1197	1018	1017	2165
5	1267	914	1082	2166
5	1281	1235	1055	2167
5	1289	1064	1260	2168
5	1233	867	1092	2169
5	1268	727	1084	2170
5	1084	727	668	2171
5	1112	920	1111	2172
5	1563	1452	1533	2173
5	1411	1259	1375	2174
5	1115	873	924	2175
5	1087	1060	859	2176
5	1087	859	847	2177
5	1088	1054	860	2178
5	1088	860	1022	2179
5	1449	1304	1448	2180
5	1303	1116	1143	2181
5	1099	879	878	2182
5	1099	1070	879	2183
5	1277	1103	1062	2184
5	1072	858	899	2185
5	1233	1044	867	2186
5	1222	868	1083	2187
5	1093	1092	661	2188
5	1093	661	868	2189
5	1110	915	871	2190
5	1270	1089	1050	2191
5	1144	955	964	2192
5	1145	956	955	2193
5	1096	1095	965	2194
5	1096	965	875	2195
5	1097	1081	876	2196
5	1097	876	887	2197
5	1098	1071	877	2198
5	1098	877	918	2199
5	1354	1070	1275	2200
5	1318	1172	1171	2201
5	1100	1064	883	2202
5	1100	883	917	2203
5	1262	1075	1072	2204
5	1382	1351	1350	2205
5	1179	994	1074	2206
5	1074	993	880	2207
5	1352	1207	1206	2208
5	1164	882	1105	2209
5	1322	1178	1316	2210
5	1165	977	1164	2211
5	1276	1071	1272	2212
5	1184	978	1165	2213
5	1106	909	908	2214
5	1357	1213	1243	2215
5	1108	912	911	2216
5	1107	911	902	2217
5	1721	1375	1577	2218
5	1383	1234	1254	2219
5	1109	1087	847	2220
5	1109	847	914	2221
5	1384	1220	1369	2222
5	1269	1086	1230	2223
5	1112	885	920	2224
5	1114	922	921	2225
5	1284	1117	1114	2226
5	1113	885	1112	2227
5	1338	1194	1193	2228
5	1114	921	1113	2229
5	1339	1283	1111	2230
5	1117	922	1114	2231
5	1385	1247	1306	2232
5	1141	953	952	2233
5	1116	1115	924	2234
5	1116	924	923	2235
5	1242	1065	1085	2236
5	1118	925	1117	2237
5	1389	1223	1237	2238
5	1119	926	1118	2239
5	1292	1130	1291	2240
5	1120	927	1119	2241
5	1439	1416	1288	2242
5	1255	1043	1122	2243
5	1130	938	1129	2244
5	1122	1043	916	2245
5	1433	1380	1286	2246
5	1589	1438	1510	2247
5	1123	931	930	2248
5	1193	1014	1066	2249
5	1286	1118	1117	2250
5	1287	1119	1286	2251
5	1126	934	933	2252
5	1197	1076	1019	2253
5	1295	1123	1135	2254
5	1196	934	1126	2255
5	1128	874	936	2256
5	1128	1125	874	2257
5	1452	1357	1387	2258
5	1450	1293	1446	2259
5	1130	928	938	2260
5	1129	938	937	2261
5	1337	1066	1296	2262
5	1435	1386	1241	2263
5	1132	870	940	2264
5	1132	1052	870	2265
5	1360	1216	1359	2266
5	1240	1144	1095	2267
5	1134	1100	917	2268
5	1133	943	942	2269
5	1511	1222	1420	2270
5	1953	1664	1706	2271
5	1285	1248	1115	2272
5	1245	1052	1293	2273
5	1137	948	947	2274
5	1138	939	948	2275
5	1293	1132	1131	2276
5	1138	948	1137	2277
5	1307	1152	1151	2278
5	1298	1131	1138	2279
5	1299	1076	1238	2280
5	1213	1037	1036	2281
5	1143	954	1142	2282
5	1142	953	1141	2283
5	1300	1141	1140	2284
5	1143	1116	923	2285
5	1557	1381	1552	2286
5	1297	1138	1137	2287
5	1365	1302	1301	2288
5	1586	1525	1380	2289
5	1240	1095	1096	2290
5	1147	958	957	2291
5	1308	1214	1153	2292
5	1245	1150	1149	2293
5	1304	1145	1144	2294
5	1147	957	1146	2295
5	1359	1214	1308	2296
5	1148	958	1147	2297
5	1360	1240	1096	2298
5	1411	1246	1259	2299
5	1150	961	960	2300
5	1152	963	962	2301
5	1305	1146	1304	2302
5	1153	963	1152	2303
5	1305	1148	1147	2304
5	1214	966	1153	2305
5	1359	1216	1215	2306
5	1215	1039	1038	2307
5	1306	1067	1148	2308
5	1307	1151	1150	2309
5	1155	969	968	2310
5	1156	1090	862	2311
5	1515	1080	1256	2312
5	1156	969	1155	2313
5	1899	1755	1754	2314
5	1274	1090	1226	2315
5	1158	971	970	2316
5	1209	1030	1029	2317
5	1232	1062	1077	2318
5	1159	971	1158	2319
5	1259	1060	1087	2320
5	1160	972	1159	2321
5	1329	1272	1098	2322
5	1161	973	1160	2323
5	1348	1203	1202	2324
5	1206	974	1161	2325
5	1163	976	975	2326
5	1199	1021	1020	2327
5	1333	1190	1189	2328
5	1200	1021	1199	2329
5	1277	1104	1103	2330
5	1185	1006	1184	2331
5	1346	1168	1315	2332
5	1186	1008	1007	2333
5	1167	981	980	2334
5	1201	1023	982	2335
5	1315	1168	1167	2336
5	1202	1023	1201	2337
5	1336	1192	1191	2338
5	1203	1024	1202	2339
5	1170	985	984	2340
5	1274	1099	1090	2341
5	1746	1600	1570	2342
5	1173	986	1172	2343
5	1462	1459	1321	2344
5	1174	987	1173	2345
5	1641	1426	1583	2346
5	1175	988	1174	2347
5	1239	1081	1097	2348
5	1176	990	898	2349
5	1355	1210	1354	2350
5	1176	898	989	2351
5	1252	1069	1211	2352
5	1317	1169	1252	2353
5	1317	1171	1170	2354
5	1177	990	1176	2355
5	1252	1169	1069	2356
5	1178	992	991	2357
5	1464	1322	1463	2358
5	1180	997	996	2359
5	1311	1159	1158	2360
5	1181	999	998	2361
5	1272	1071	1098	2362
5	1329	1098	1183	2363
5	1325	1181	1180	2364
5	1316	1178	1177	2365
5	1317	1170	1169	2366
5	1183	1005	1004	2367
5	1276	1072	1071	2368
5	1328	1183	1182	2369
5	1343	1198	1342	2370
5	1259	1246	1060	2371
5	1351	1313	1162	2372
5	1186	1007	1185	2373
5	1331	1186	1330	2374
5	1187	1008	1186	2375
5	1330	1185	1184	2376
5	1188	1009	1187	2377
5	1277	1062	1232	2378
5	1189	1010	1188	2379
5	1620	1456	1475	2380
5	1190	1011	1189	2381
5	1342	1192	1336	2382
5	1330	1186	1185	2383
5	1351	1162	1205	2384
5	1374	1253	1225	2385
5	1280	1107	1234	2386
5	1198	1013	1192	2387
5	1284	1114	1113	2388
5	1194	1015	1193	2389
5	1291	1129	1241	2390
5	1195	1016	1194	2391
5	1241	1129	1065	2392
5	1287	1120	1119	2393
5	1284	1113	1283	2394
5	1197	1019	1018	2395
5	1295	1135	1261	2396
5	1358	1106	1357	2397
5	1234	1107	1054	2398
5	1200	1022	1021	2399
5	1345	1254	1088	2400
5	1344	1199	1343	2401
5	1342	1198	1192	2402
5	1313	1163	1162	2403
5	1335	1191	1163	2404
5	1204	1026	1025	2405
5	1349	1204	1203	2406
5	1350	1205	1204	2407
5	1492	1312	1311	2408
5	1204	1025	1203	2409
5	1263	1157	1075	2410
5	1205	1026	1204	2411
5	1278	1164	1105	2412
5	1346	1201	1168	2413
5	1323	1179	1074	2414
5	1207	1027	1206	2415
5	1314	1184	1165	2416
5	1208	1028	1207	2417
5	1263	1158	1157	2418
5	1209	1077	1030	2419
5	1353	1209	1208	2420
5	1232	1077	1209	2421
5	1319	1175	1174	2422
5	1211	1033	1210	2423
5	1321	1316	1177	2424
5	1324	1179	1323	2425
5	1478	1296	1443	2426
5	1213	1036	1035	2427
5	1370	1282	1236	2428
5	1243	1213	1212	2429
5	1654	1531	1581	2430
5	1215	1038	1214	2431
5	1285	1115	1116	2432
5	1216	1039	1215	2433
5	1384	1231	1220	2434
5	1217	1040	1216	2435
5	1306	1247	1067	2436
5	1247	1127	1067	2437
5	1218	1084	668	2438
5	1218	668	517	2439
5	1521	1233	1367	2440
5	1219	886	507	2441
5	1271	1048	1089	2442
5	1271	1089	1270	2443
5	1403	1082	1059	2444
5	1403	1267	1082	2445
5	1264	1078	1068	2446
5	1260	1064	1100	2447
5	1223	1133	1063	2448
5	1514	1404	1416	2449
5	1224	1097	1078	2450
5	1562	1428	1538	2451
5	1225	1102	1091	2452
5	1235	1225	1091	2453
5	1495	1275	1426	2454
5	1309	1155	1154	2455
5	1420	1083	1268	2456
5	1519	1227	1518	2457
5	1436	1260	1417	2458
5	1439	1292	1438	2459
5	1423	1369	1271	2460
5	1423	1270	1422	2461
5	1236	1041	1231	2462
5	1558	1391	1557	2463
5	1236	1094	1041	2464
5	1273	1230	1051	2465
5	1319	1173	1318	2466
5	1278	1104	1277	2467
5	1684	1662	1401	2468
5	1265	1092	1093	2469
5	1235	1091	1055	2470
5	1476	1313	1382	2471
5	1281	1108	1280	2472
5	1628	1482	1627	2473
5	1365	1303	1302	2474
5	1647	1499	1646	2475
5	1237	1223	1063	2476
5	1237	1063	1043	2477
5	1340	1196	1126	2478
5	1290	1125	1128	2479
5	1251	1154	1049	2480
5	1309	1154	1251	2481
5	1399	1279	1358	2482
5	1247	1128	1127	2483
5	1292	1288	1121	2484
5	1255	1237	1043	2485
5	1242	1120	1287	2486
5	1242	1241	1065	2487
5	1356	1139	1299	2488
5	1261	1135	1046	2489
5	1244	1136	1047	2490
5	1248	1079	1115	2491
5	1293	1052	1132	2492
5	1307	1150	1245	2493
5	1375	1259	1229	2494
5	1391	1230	1381	2495
5	1304	1146	1145	2496
5	1305	1147	1146	2497
5	1249	1047	1079	2498
5	1249	1244	1047	2499
5	1447	1301	1300	2500
5	1568	1412	1564	2501
5	1315	1167	1250	2502
5	1250	1167	1166	2503
5	1559	1402	1080	2504
5	1426	1274	1396	2505
5	1275	1099	1274	2506
5	1319	1174	1173	2507
5	1419	1109	1267	2508
5	1419	1229	1109	2509
5	1254	1234	1054	2510
5	1254	1054	1088	2511
5	1573	1407	1565	2512
5	1438	1291	1386	2513
5	1379	1042	1266	2514
5	1256	1080	691	2515
5	1257	1251	1049	2516
5	1257	1049	1081	2517
5	1258	1082	1058	2518
5	1258	1058	1057	2519
5	1347	1202	1201	2520
5	1330	1184	1314	2521
5	1518	1227	1368	2522
5	1390	1294	1223	2523
5	1622	1443	1526	2524
5	1358	1101	1106	2525
5	1496	1457	1252	2526
5	1263	1075	1262	2527
5	1312	1206	1161	2528
5	1311	1158	1263	2529
5	1527	1368	1061	2530
5	1687	1512	1513	2531
5	1367	1233	1092	2532
5	1266	1042	849	2533
5	1460	1319	1318	2534
5	1664	1518	1368	2535
5	1415	1221	1056	2536
5	1548	1374	1408	2537
5	1530	1268	1084	2538
5	1268	1083	727	2539
5	1391	1269	1230	2540
5	1300	1140	1269	2541
5	1663	1415	1571	2542
5	1271	1220	1048	2543
5	1447	1300	1392	2544
5	1392	1300	1269	2545
5	1276	1262	1072	2546
5	1640	1494	1493	2547
5	1413	1249	1412	2548
5	1381	1230	1273	2549
5	1275	1070	1099	2550
5	1354	1210	1070	2551
5	1460	1318	1458	2552
5	1355	1252	1211	2553
5	1469	1429	1328	2554
5	1464	1323	1322	2555
5	1428	1232	1378	2556
5	1332	1189	1188	2557
5	1250	1166	1053	2558
5	1455	1311	1263	2559
5	1279	1261	1046	2560
5	1279	1046	1101	2561
5	1281	1055	1108	2562
5	1280	1108	1107	2563
5	1431	1281	1430	2564
5	1572	1419	1267	2565
5	1282	1273	1110	2566
5	1282	1110	1094	2567
5	1296	1123	1295	2568
5	1296	1066	1123	2569
5	1301	1141	1300	2570
5	1242	1085	1120	2571
5	1647	1500	1499	2572
5	1286	1119	1118	2573
5	1444	1297	1244	2574
5	1387	1357	1243	2575
5	1443	1296	1295	2576
5	1380	1287	1286	2577
5	1288	1255	1122	2578
5	1288	1122	1121	2579
5	1723	1688	1417	2580
5	1512	1289	1436	2581
5	1437	1247	1385	2582
5	1341	1197	1196	2583
5	1292	1121	1130	2584
5	1291	1130	1129	2585
5	1390	1223	1389	2586
5	1386	1291	1241	2587
5	1297	1137	1136	2588
5	1625	1437	1534	2589
5	1294	1228	1134	2590
5	1294	1134	1133	2591
5	1437	1290	1247	2592
5	1337	1193	1066	2593
5	1441	1338	1337	2594
5	1338	1193	1337	2595
5	1400	1248	1285	2596
5	1298	1138	1297	2597
5	1450	1245	1293	2598
5	1412	1248	1400	2599
5	1356	1212	1139	2600
5	1299	1139	1076	2601
5	1301	1142	1141	2602
5	1302	1143	1142	2603
5	1392	1269	1391	2604
5	1302	1142	1301	2605
5	1303	1285	1116	2606
5	1303	1143	1302	2607
5	1359	1215	1214	2608
5	1245	1149	1052	2609
5	1502	1448	1240	2610
5	1388	1299	1238	2611
5	1480	1290	1437	2612
5	1306	1148	1305	2613
5	1421	1303	1365	2614
5	1448	1304	1240	2615
5	1444	1244	1413	2616
5	1360	1096	1217	2617
5	1479	1432	1283	2618
5	1308	1153	1152	2619
5	1458	1318	1317	2620
5	1310	1155	1309	2621
5	1311	1160	1159	2622
5	1353	1208	1352	2623
5	1602	1455	1454	2624
5	1493	1352	1312	2625
5	1352	1206	1312	2626
5	1312	1161	1160	2627
5	1314	1164	1278	2628
5	1331	1188	1187	2629
5	1314	1165	1164	2630
5	1331	1187	1186	2631
5	1485	1345	1344	2632
5	1348	1202	1347	2633
5	1322	1074	1178	2634
5	1324	1180	1179	2635
5	1395	1224	1366	2636
5	1396	1274	1226	2637
5	2029	1881	2028	2638
5	1321	1176	1320	2639
5	1466	1325	1324	2640
5	1320	1175	1319	2641
5	1463	1322	1316	2642
5	1426	1275	1274	2643
5	1495	1355	1354	2644
5	1463	1316	1459	2645
5	1454	1263	1262	2646
5	1325	1180	1324	2647
5	1454	1262	1424	2648
5	1326	1181	1325	2649
5	1427	1272	1398	2650
5	1327	1182	1073	2651
5	1398	1272	1329	2652
5	1468	1327	1326	2653
5	1467	1326	1325	2654
5	1327	1073	1326	2655
5	1459	1316	1321	2656
5	1328	1182	1327	2657
5	1603	1457	1536	2658
5	1329	1183	1328	2659
5	1489	1347	1488	2660
5	1618	1471	1615	2661
5	1488	1347	1346	2662
5	1333	1189	1332	2663
5	1468	1326	1467	2664
5	1334	1053	1190	2665
5	1458	1317	1457	2666
5	1467	1325	1466	2667
5	1397	1278	1277	2668
5	1334	1190	1333	2669
5	1627	1477	1621	2670
5	1476	1335	1313	2671
5	1617	1475	1474	2672
5	1490	1349	1348	2673
5	1487	1315	1456	2674
5	1345	1088	1200	2675
5	1407	1294	1390	2676
5	1434	1287	1380	2677
5	1339	1195	1338	2678
5	1339	1111	1195	2679
5	1442	1338	1441	2680
5	1478	1441	1337	2681
5	1341	1238	1197	2682
5	1341	1196	1340	2683
5	1418	1261	1279	2684
5	1791	1645	1790	2685
5	1488	1346	1487	2686
5	1344	1200	1199	2687
5	1456	1315	1250	2688
5	1541	1383	1522	2689
5	1487	1346	1315	2690
5	1483	1343	1342	2691
5	1383	1373	1234	2692
5	1572	1267	1403	2693
5	1473	1332	1331	2694
5	1470	1278	1397	2695
5	1475	1456	1250	2696
5	1350	1204	1349	2697
5	1489	1348	1347	2698
5	1351	1205	1350	2699
5	1657	1549	1640	2700
5	1491	1382	1350	2701
5	1382	1313	1351	2702
5	1482	1336	1477	2703
5	1470	1314	1278	2704
5	1352	1208	1207	2705
5	1472	1330	1471	2706
5	1353	1232	1209	2707
5	1474	1333	1332	2708
5	1474	1334	1333	2709
5	1414	1251	1257	2710
5	1560	1516	1376	2711
5	1414	1257	1394	2712
5	1756	1609	1755	2713
5	1498	1387	1243	2714
5	1575	1377	1418	2715
5	1358	1279	1101	2716
5	1357	1106	1213	2717
5	1440	1385	1306	2718
5	1440	1306	1305	2719
5	1449	1440	1305	2720
5	1360	1217	1216	2721
5	1449	1305	1304	2722
5	1412	1249	1248	2723
5	1393	1256	1044	2724
5	1393	1044	1233	2725
5	1652	853	1504	2726
5	1420	1222	1083	2727
5	1363	1362	1218	2728
5	1363	1218	853	2729
5	1364	1266	849	2730
5	1544	849	685	2731
5	1413	1244	1249	2732
5	1446	1298	1445	2733
5	1545	1264	1361	2734
5	1406	1265	1093	2735
5	1658	1591	1592	2736
5	1544	720	1508	2737
5	1512	1372	1289	2738
5	1417	1260	1228	2739
5	1423	1271	1270	2740
5	1422	1246	1411	2741
5	1409	1231	1384	2742
5	1409	1236	1231	2743
5	1504	853	660	2744
5	1505	746	888	2745
5	1578	1084	1362	2746
5	1372	1124	1289	2747
5	1373	1280	1234	2748
5	1484	1344	1343	2749
5	1581	1423	1580	2750
5	1431	1408	1235	2751
5	1630	1485	1484	2752
5	1630	1484	1629	2753
5	1376	1310	1309	2754
5	1453	1309	1251	2755
5	1377	1295	1261	2756
5	1418	1377	1261	2757
5	1636	1491	1490	2758
5	1494	1352	1493	2759
5	1511	1406	1222	2760
5	1555	1404	1514	2761
5	1433	1284	1432	2762
5	1710	1555	1709	2763
5	1552	1425	1520	2764
5	1872	1727	1845	2765
5	1627	1482	1477	2766
5	1483	1342	1482	2767
5	1477	1335	1476	2768
5	1482	1342	1336	2769
5	1409	1370	1236	2770
5	1552	1381	1425	2771
5	1540	1410	1481	2772
5	1645	1387	1498	2773
5	1435	1242	1434	2774
5	1573	1417	1407	2775
5	1497	1299	1388	2776
5	1788	1543	1703	2777
5	1497	1356	1299	2778
5	1498	1243	1356	2779
5	1587	1434	1525	2780
5	1722	1573	1565	2781
5	1586	1433	1585	2782
5	1417	1228	1407	2783
5	1595	1392	1558	2784
5	1447	1365	1301	2785
5	1843	1670	1842	2786
5	1568	1413	1412	2787
5	1503	1401	1402	2788
5	1852	1707	1528	2789
5	1561	1405	1516	2790
5	1453	1251	1414	2791
5	1395	1394	1239	2792
5	1395	1239	1224	2793
5	1876	1731	1676	2794
5	1457	1317	1252	2795
5	1635	1490	1489	2796
5	1634	1488	1633	2797
5	1424	1262	1276	2798
5	1494	1353	1352	2799
5	1624	1432	1479	2800
5	1418	1279	1399	2801
5	1564	1400	1421	2802
5	1446	1293	1298	2803
5	1844	1689	1559	2804
5	1401	886	1219	2805
5	1402	1401	1219	2806
5	1402	1219	1080	2807
5	1403	1059	1221	2808
5	1801	1667	1548	2809
5	1404	1389	1237	2810
5	1404	1237	1255	2811
5	1405	1396	1226	2812
5	1405	1226	1310	2813
5	1706	1368	1527	2814
5	1665	1363	1652	2815
5	1525	1434	1380	2816
5	1590	1514	1416	2817
5	1408	1374	1225	2818
5	1408	1225	1235	2819
5	1593	1445	1444	2820
5	1596	1365	1447	2821
5	1410	1388	1238	2822
5	1410	1238	1341	2823
5	1571	1415	1253	2824
5	1553	1520	1370	2825
5	1595	1447	1392	2826
5	1569	1444	1413	2827
5	1792	1646	1599	2828
5	1534	1437	1385	2829
5	1608	1463	1607	2830
5	1453	1376	1309	2831
5	1571	1253	1374	2832
5	1576	1221	1415	2833
5	1416	1404	1255	2834
5	1416	1255	1288	2835
5	1556	1389	1555	2836
5	1521	1393	1233	2837
5	1586	1380	1433	2838
5	1767	1591	1658	2839
5	1802	1663	1571	2840
5	1702	1509	1541	2841
5	1668	1578	1362	2842
5	1669	1528	1364	2843
5	1421	1400	1285	2844
5	1421	1285	1303	2845
5	1531	1384	1369	2846
5	1581	1369	1423	2847
5	1579	1422	1411	2848
5	1670	1566	1531	2849
5	1582	1427	1532	2850
5	1538	1428	1378	2851
5	1425	1381	1273	2852
5	1425	1273	1282	2853
5	1536	1457	1496	2854
5	1642	1536	1496	2855
5	1427	1424	1276	2856
5	1427	1276	1272	2857
5	1428	1397	1277	2858
5	1428	1277	1232	2859
5	1429	1398	1329	2860
5	1429	1329	1328	2861
5	1431	1235	1281	2862
5	1430	1281	1280	2863
5	1580	1422	1579	2864
5	1548	1408	1507	2865
5	1433	1286	1284	2866
5	1432	1284	1283	2867
5	1768	1623	1767	2868
5	1770	1625	1672	2869
5	1435	1241	1242	2870
5	1434	1242	1287	2871
5	1555	1389	1404	2872
5	1565	1407	1390	2873
5	1542	1394	1395	2874
5	1565	1390	1556	2875
5	1480	1340	1290	2876
5	1481	1341	1340	2877
5	1439	1288	1292	2878
5	1438	1292	1291	2879
5	1803	1709	1739	2880
5	1738	1589	1673	2881
5	1445	1297	1444	2882
5	1500	1359	1308	2883
5	1442	1339	1338	2884
5	1479	1283	1339	2885
5	1591	1442	1441	2886
5	1479	1339	1442	2887
5	1478	1337	1296	2888
5	1598	1449	1597	2889
5	1445	1298	1297	2890
5	1501	1360	1359	2891
5	1646	1451	1599	2892
5	1499	1307	1451	2893
5	1599	1451	1450	2894
5	1500	1308	1499	2895
5	1580	1423	1422	2896
5	1577	1229	1419	2897
5	1451	1245	1450	2898
5	1499	1308	1307	2899
5	1794	1647	1793	2900
5	1804	1716	1791	2901
5	1451	1307	1245	2902
5	1501	1359	1500	2903
5	1599	1450	1523	2904
5	1543	1410	1540	2905
5	1452	1399	1358	2906
5	1452	1358	1357	2907
5	1676	1516	1656	2908
5	1608	1464	1463	2909
5	1562	1517	1397	2910
5	1455	1263	1454	2911
5	1607	1463	1459	2912
5	1492	1311	1455	2913
5	1471	1314	1470	2914
5	1471	1330	1314	2915
5	1495	1354	1275	2916
5	1496	1252	1355	2917
5	1561	1396	1405	2918
5	1604	1460	1537	2919
5	1461	1319	1460	2920
5	1465	1324	1323	2921
5	1461	1320	1319	2922
5	1462	1321	1320	2923
5	1609	1465	1464	2924
5	1462	1320	1461	2925
5	1607	1459	1606	2926
5	1676	1561	1516	2927
5	1611	1467	1466	2928
5	1613	1469	1468	2929
5	1612	1467	1611	2930
5	1465	1323	1464	2931
5	1610	1466	1465	2932
5	1466	1324	1465	2933
5	1606	1462	1605	2934
5	1469	1327	1468	2935
5	1605	1461	1604	2936
5	1469	1328	1327	2937
5	1537	1460	1458	2938
5	1750	1537	1699	2939
5	1640	1493	1639	2940
5	1757	1611	1610	2941
5	1473	1331	1472	2942
5	1472	1331	1330	2943
5	1615	1470	1517	2944
5	1617	1474	1616	2945
5	1636	1490	1635	2946
5	1474	1332	1473	2947
5	1762	1617	1616	2948
5	1582	1424	1427	2949
5	1475	1334	1474	2950
5	1475	1250	1334	2951
5	1606	1459	1462	2952
5	1605	1462	1461	2953
5	1477	1336	1335	2954
5	1486	1345	1485	2955
5	1751	1605	1604	2956
5	1621	1476	1539	2957
5	2080	1934	2079	2958
5	1585	1433	1432	2959
5	1588	1386	1435	2960
5	1650	1448	1502	2961
5	1481	1410	1341	2962
5	1481	1340	1480	2963
5	1543	1388	1410	2964
5	1648	1501	1500	2965
5	1484	1343	1483	2966
5	1485	1344	1484	2967
5	1629	1483	1628	2968
5	1631	1486	1485	2969
5	1628	1483	1482	2970
5	1486	1254	1345	2971
5	1774	1629	1628	2972
5	1486	1383	1254	2973
5	1780	1636	1635	2974
5	1634	1489	1488	2975
5	1562	1397	1428	2976
5	1490	1348	1489	2977
5	1633	1488	1487	2978
5	1491	1350	1349	2979
5	1633	1487	1632	2980
5	1615	1471	1470	2981
5	1752	1606	1605	2982
5	1491	1349	1490	2983
5	1773	1627	1772	2984
5	1621	1477	1476	2985
5	1760	1614	1613	2986
5	1493	1312	1492	2987
5	1601	1424	1582	2988
5	1494	1378	1353	2989
5	1860	1714	1700	2990
5	1616	1474	1473	2991
5	1570	1414	1394	2992
5	1496	1355	1495	2993
5	1807	1570	1653	2994
5	1786	1583	1731	2995
5	1533	1452	1387	2996
5	1498	1356	1497	2997
5	1645	1533	1387	2998
5	1643	1388	1543	2999
5	1649	1502	1501	3000
5	1502	1240	1360	3001
5	1648	1500	1647	3002
5	1569	1413	1568	3003
5	1558	1392	1391	3004
5	1502	1360	1501	3005
5	1524	1421	1365	3006
5	1564	1421	1524	3007
5	1814	1551	1696	3008
5	1515	1256	1393	3009
5	1519	1371	1227	3010
5	1849	1706	1687	3011
5	1505	1504	660	3012
5	1505	660	746	3013
5	1506	1068	863	3014
5	1506	1042	1379	3015
5	1584	1507	1431	3016
5	1541	1509	1373	3017
5	1809	1508	1662	3018
5	1546	1366	1545	3019
5	1584	1431	1430	3020
5	1509	1430	1373	3021
5	1510	1438	1386	3022
5	1588	1510	1386	3023
5	1685	1379	1529	3024
5	1556	1390	1389	3025
5	1810	1504	1505	3026
5	1687	1372	1512	3027
5	1513	1512	1436	3028
5	2136	1943	1816	3029
5	1590	1439	1589	3030
5	1735	1587	1525	3031
5	1559	1080	1515	3032
5	1689	1402	1559	3033
5	1516	1405	1376	3034
5	1867	1688	1723	3035
5	1997	1852	1669	3036
5	1506	1361	1068	3037
5	1695	1521	1367	3038
5	1691	1515	1393	3039
5	1956	1695	1853	3040
5	1951	1693	1848	3041
5	1520	1425	1370	3042
5	1812	1713	1743	3043
5	1948	1817	1818	3044
5	1578	1530	1084	3045
5	1541	1373	1383	3046
5	1522	1383	1486	3047
5	1523	1450	1446	3048
5	1594	1523	1446	3049
5	1593	1444	1569	3050
5	1564	1412	1400	3051
5	1587	1435	1434	3052
5	1588	1435	1587	3053
5	1526	1443	1377	3054
5	1575	1526	1377	3055
5	1527	932	1124	3056
5	1547	1362	1363	3057
5	1529	1266	1528	3058
5	1529	1379	1266	3059
5	1941	1692	1940	3060
5	1690	1361	1506	3061
5	1698	1420	1530	3062
5	1530	1420	1268	3063
5	1553	1370	1409	3064
5	1566	1384	1531	3065
5	1532	1427	1398	3066
5	1614	1535	1429	3067
5	1563	1399	1452	3068
5	1574	1418	1399	3069
5	1626	1540	1481	3070
5	1643	1497	1388	3071
5	1535	1532	1398	3072
5	1535	1398	1429	3073
5	1583	1396	1561	3074
5	1642	1496	1495	3075
5	1751	1604	1750	3076
5	1901	1756	1900	3077
5	1700	1538	1549	3078
5	1639	1493	1492	3079
5	1539	1476	1382	3080
5	1637	1382	1491	3081
5	1626	1480	1625	3082
5	1644	1498	1497	3083
5	1774	1628	1773	3084
5	1909	1765	1908	3085
5	1560	1376	1453	3086
5	1570	1394	1542	3087
5	1703	1543	1540	3088
5	1788	1643	1543	3089
5	1809	1364	1544	3090
5	1544	1364	849	3091
5	1858	1710	1709	3092
5	1545	1366	1264	3093
5	1817	1704	1705	3094
5	1818	1366	1546	3095
5	1527	1124	1372	3096
5	1819	1521	1695	3097
5	1567	1411	1375	3098
5	1579	1411	1567	3099
5	1549	1538	1378	3100
5	1549	1378	1494	3101
5	1853	1550	1697	3102
5	1691	1393	1521	3103
5	1551	1550	1265	3104
5	1551	1265	1406	3105
5	1557	1391	1381	3106
5	1596	1447	1595	3107
5	1741	1594	1593	3108
5	1659	1552	1520	3109
5	1554	1534	1385	3110
5	1554	1385	1440	3111
5	1735	1525	1680	3112
5	1910	1820	1734	3113
5	1944	1910	1912	3114
5	1799	1573	1722	3115
5	2023	1875	1874	3116
5	1850	1694	1708	3117
5	1712	1557	1711	3118
5	1711	1557	1552	3119
5	1660	1559	1515	3120
5	1691	1660	1515	3121
5	1600	1414	1570	3122
5	1656	1516	1560	3123
5	1583	1426	1396	3124
5	1641	1495	1426	3125
5	1824	1766	1782	3126
5	1900	1755	1899	3127
5	1770	1626	1625	3128
5	1574	1399	1563	3129
5	1822	1567	1721	3130
5	1729	1580	1579	3131
5	1680	1525	1586	3132
5	1736	1588	1587	3133
5	1566	1553	1409	3134
5	1566	1409	1384	3135
5	1720	1569	1568	3136
5	1718	1564	1524	3137
5	1719	1564	1718	3138
5	1594	1446	1445	3139
5	1742	1523	1594	3140
5	1712	1558	1557	3141
5	1600	1453	1414	3142
5	1600	1560	1453	3143
5	1577	1375	1229	3144
5	1701	1522	1681	3145
5	1822	1728	1567	3146
5	1576	1419	1572	3147
5	1688	1436	1417	3148
5	1826	1436	1688	3149
5	1797	1744	1597	3150
5	1575	1418	1574	3151
5	1675	1672	1534	3152
5	1882	1737	1736	3153
5	1576	1572	1403	3154
5	1576	1403	1221	3155
5	1727	1419	1576	3156
5	1667	1571	1374	3157
5	1945	1668	1547	3158
5	1668	1362	1547	3159
5	1775	1630	1629	3160
5	1720	1568	1719	3161
5	1887	1712	1711	3162
5	1581	1531	1369	3163
5	1713	1524	1596	3164
5	1670	1531	1654	3165
5	1601	1454	1424	3166
5	1638	1492	1455	3167
5	1807	1746	1570	3168
5	2072	1927	1876	3169
5	1727	1576	1663	3170
5	1729	1579	1728	3171
5	1623	1442	1591	3172
5	1624	1585	1432	3173
5	1820	1680	1734	3174
5	1930	1790	1789	3175
5	1829	1674	1742	3176
5	1716	1563	1533	3177
5	1830	1722	1565	3178
5	1717	1556	1710	3179
5	1590	1416	1439	3180
5	1589	1439	1438	3181
5	1709	1555	1514	3182
5	1880	1735	1680	3183
5	1623	1479	1442	3184
5	1624	1479	1623	3185
5	1592	1591	1441	3186
5	1592	1441	1478	3187
5	1932	1792	1839	3188
5	1594	1445	1593	3189
5	1793	1646	1792	3190
5	1745	1675	1554	3191
5	2012	1863	1958	3192
5	1596	1524	1365	3193
5	1741	1593	1740	3194
5	2078	1933	1932	3195
5	1598	1440	1449	3196
5	1597	1449	1448	3197
5	1890	1675	1745	3198
5	1724	1563	1716	3199
5	1646	1499	1451	3200
5	1649	1501	1648	3201
5	1876	1676	1800	3202
5	1891	1833	1747	3203
5	1748	1582	1678	3204
5	1602	1454	1601	3205
5	1784	1639	1638	3206
5	1638	1455	1602	3207
5	1603	1537	1458	3208
5	1603	1458	1457	3209
5	1677	1536	1661	3210
5	1612	1468	1467	3211
5	1759	1613	1612	3212
5	1753	1606	1752	3213
5	1758	1612	1611	3214
5	1609	1464	1608	3215
5	1677	1603	1536	3216
5	1610	1465	1609	3217
5	1755	1608	1754	3218
5	1613	1468	1612	3219
5	1785	1639	1784	3220
5	1749	1602	1601	3221
5	1761	1683	1535	3222
5	1611	1466	1610	3223
5	1759	1612	1758	3224
5	1614	1469	1613	3225
5	1755	1609	1608	3226
5	1614	1429	1469	3227
5	1699	1537	1603	3228
5	1841	1657	1785	3229
5	1904	1760	1759	3230
5	1678	1582	1532	3231
5	1619	1616	1473	3232
5	1620	1475	1617	3233
5	1619	1472	1618	3234
5	1632	1456	1620	3235
5	1781	1637	1636	3236
5	1632	1487	1456	3237
5	1619	1473	1472	3238
5	1618	1472	1471	3239
5	1753	1607	1606	3240
5	1715	1517	1562	3241
5	1777	1620	1765	3242
5	1682	1615	1679	3243
5	1775	1629	1774	3244
5	1631	1522	1486	3245
5	1622	1592	1478	3246
5	1622	1478	1443	3247
5	1767	1623	1591	3248
5	1769	1585	1624	3249
5	1768	1624	1623	3250
5	1989	1723	1799	3251
5	1626	1481	1480	3252
5	1625	1480	1437	3253
5	1937	1889	1744	3254
5	1725	1574	1724	3255
5	1702	1541	1701	3256
5	1629	1484	1483	3257
5	1681	1522	1631	3258
5	1921	1781	1780	3259
5	1776	1631	1630	3260
5	1778	1632	1777	3261
5	1772	1621	1766	3262
5	1631	1485	1630	3263
5	1879	1651	1733	3264
5	1732	1509	1702	3265
5	1773	1628	1627	3266
5	1635	1489	1634	3267
5	1682	1618	1615	3268
5	1765	1620	1617	3269
5	2099	1995	1957	3270
5	1637	1491	1636	3271
5	1772	1627	1621	3272
5	1637	1539	1382	3273
5	1779	1635	1634	3274
5	1781	1636	1780	3275
5	1765	1617	1762	3276
5	1777	1632	1620	3277
5	1908	1765	1762	3278
5	1639	1492	1638	3279
5	1679	1615	1517	3280
5	1640	1549	1494	3281
5	1763	1618	1682	3282
5	1700	1549	1657	3283
5	1661	1536	1642	3284
5	1642	1495	1641	3285
5	1699	1603	1677	3286
5	1787	1661	1642	3287
5	1934	1794	1933	3288
5	1644	1497	1643	3289
5	1724	1574	1563	3290
5	1645	1498	1644	3291
5	1832	1771	1770	3292
5	1726	1575	1725	3293
5	1792	1599	1674	3294
5	1796	1649	1795	3295
5	1797	1650	1796	3296
5	1650	1502	1649	3297
5	1931	1791	1790	3298
5	1650	1597	1448	3299
5	1675	1534	1554	3300
5	1711	1552	1659	3301
5	1719	1568	1564	3302
5	1796	1650	1649	3303
5	1651	1548	1507	3304
5	1733	1651	1507	3305
5	1665	1547	1363	3306
5	1652	1363	853	3307
5	1653	1570	1542	3308
5	2093	1857	1983	3309
5	1730	1581	1580	3310
5	1728	1579	1567	3311
5	1655	1546	1545	3312
5	1655	1545	1361	3313
5	1747	1600	1746	3314
5	1747	1560	1600	3315
5	1860	1700	1806	3316
5	1785	1640	1639	3317
5	1726	1671	1526	3318
5	1725	1575	1574	3319
5	1855	1701	1681	3320
5	1694	1520	1553	3321
5	1684	1401	1503	3322
5	2127	1997	1977	3323
5	1731	1561	1676	3324
5	1787	1642	1641	3325
5	1662	1508	886	3326
5	1662	886	1401	3327
5	1802	1571	1667	3328
5	1663	1576	1415	3329
5	1811	1696	1511	3330
5	1707	1529	1528	3331
5	1810	1505	1371	3332
5	1810	1371	1686	3333
5	1666	1658	1592	3334
5	1666	1592	1622	3335
5	1845	1727	1663	3336
5	1721	1567	1375	3337
5	1808	1519	1692	3338
5	1693	1530	1578	3339
5	1690	1655	1361	3340
5	1950	1687	1513	3341
5	1694	1659	1520	3342
5	1708	1566	1670	3343
5	1671	1666	1622	3344
5	1671	1622	1526	3345
5	1672	1625	1534	3346
5	1836	1788	1703	3347
5	1673	1589	1510	3348
5	1737	1673	1510	3349
5	1674	1599	1523	3350
5	1742	1674	1523	3351
5	1745	1598	1744	3352
5	1795	1649	1648	3353
5	1731	1583	1561	3354
5	1786	1641	1583	3355
5	1897	1752	1896	3356
5	1899	1754	1898	3357
5	1748	1601	1582	3358
5	1783	1638	1602	3359
5	1714	1538	1700	3360
5	1715	1679	1517	3361
5	1737	1588	1736	3362
5	1736	1587	1735	3363
5	1701	1541	1522	3364
5	1733	1584	1732	3365
5	1903	1759	1758	3366
5	1897	1753	1752	3367
5	1683	1678	1532	3368
5	1683	1532	1535	3369
5	2152	1977	1809	3370
5	1809	1544	1508	3371
5	1692	1519	1518	3372
5	1951	1854	1693	3373
5	1798	1692	1518	3374
5	1945	1848	1668	3375
5	1706	1664	1368	3376
5	2157	1867	1989	3377
5	1717	1565	1556	3378
5	1710	1556	1555	3379
5	2003	1844	1660	3380
5	1689	1503	1402	3381
5	1690	1506	1379	3382
5	1690	1379	1685	3383
5	1698	1511	1420	3384
5	1695	1367	1550	3385
5	1808	1686	1519	3386
5	1954	1685	1813	3387
5	1696	1551	1406	3388
5	1696	1406	1511	3389
5	1955	1842	1873	3390
5	2026	1651	1879	3391
5	1819	1691	1521	3392
5	1851	1691	1819	3393
5	1811	1511	1698	3394
5	1852	1528	1669	3395
5	2004	1697	1814	3396
5	1697	1550	1551	3397
5	1698	1530	1693	3398
5	1814	1697	1551	3399
5	1750	1604	1537	3400
5	1752	1605	1751	3401
5	1714	1562	1538	3402
5	1715	1562	1714	3403
5	1733	1507	1584	3404
5	1732	1584	1509	3405
5	1856	1701	1855	3406
5	1917	1774	1916	3407
5	1771	1626	1770	3408
5	1871	1671	1726	3409
5	1857	1653	1542	3410
5	1704	1542	1395	3411
5	1705	1704	1395	3412
5	1705	1395	1366	3413
5	1706	1527	1372	3414
5	1706	1372	1687	3415
5	1798	1518	1664	3416
5	1813	1685	1529	3417
5	1708	1694	1553	3418
5	1708	1553	1566	3419
5	1739	1590	1738	3420
5	1739	1514	1590	3421
5	1866	1717	1710	3422
5	2087	1799	1991	3423
5	1743	1595	1712	3424
5	1718	1524	1713	3425
5	1932	1793	1792	3426
5	1712	1595	1558	3427
5	1743	1596	1595	3428
5	1865	1719	1864	3429
5	2056	1909	1908	3430
5	1908	1762	1838	3431
5	1861	1714	1860	3432
5	2053	1906	1905	3433
5	1789	1643	1788	3434
5	1790	1645	1644	3435
5	1799	1723	1573	3436
5	1723	1417	1573	3437
5	2034	1865	2013	3438
5	1740	1593	1569	3439
5	1913	1703	1771	3440
5	1740	1569	1720	3441
5	2196	2050	2195	3442
5	1885	1720	1865	3443
5	1801	1548	1651	3444
5	2007	1855	2006	3445
5	2015	1858	2014	3446
5	1813	1529	1707	3447
5	2088	1513	2016	3448
5	1867	1826	1688	3449
5	1868	1724	1716	3450
5	1726	1526	1575	3451
5	2032	1884	1835	3452
5	2030	1882	2029	3453
5	1870	1726	1725	3454
5	1871	1828	1671	3455
5	1998	1802	1972	3456
5	1727	1577	1419	3457
5	1873	1842	1654	3458
5	1730	1580	1729	3459
5	1823	1659	1694	3460
5	1730	1654	1581	3461
5	2002	1843	2001	3462
5	2160	2001	2089	3463
5	1902	1757	1901	3464
5	1846	1677	1661	3465
5	1877	1732	1702	3466
5	2025	1878	1877	3467
5	1855	1681	1837	3468
5	1845	1663	1802	3469
5	1734	1680	1586	3470
5	1734	1586	1585	3471
5	2028	1880	1964	3472
5	1737	1510	1588	3473
5	1884	1739	1738	3474
5	1883	1835	1673	3475
5	1880	1680	1820	3476
5	1821	1767	1658	3477
5	1739	1709	1514	3478
5	1738	1590	1589	3479
5	1858	1709	1803	3480
5	1830	1565	1717	3481
5	1831	1711	1659	3482
5	1831	1659	1823	3483
5	1874	1729	1728	3484
5	1742	1594	1741	3485
5	1839	1674	1829	3486
5	1743	1713	1596	3487
5	1935	1795	1934	3488
5	1863	1713	1812	3489
5	1745	1554	1598	3490
5	1744	1598	1597	3491
5	1839	1792	1674	3492
5	1933	1793	1932	3493
5	1747	1656	1560	3494
5	1896	1751	1895	3495
5	2016	1513	1826	3496
5	1928	1827	1787	3497
5	1896	1752	1751	3498
5	1749	1601	1748	3499
5	2071	1926	1925	3500
5	1783	1602	1749	3501
5	1895	1750	1894	3502
5	1898	1754	1753	3503
5	1894	1699	1815	3504
5	1754	1608	1607	3505
5	1895	1751	1750	3506
5	1756	1610	1609	3507
5	2240	1866	2100	3508
5	1846	1661	1827	3509
5	1927	1731	1876	3510
5	1757	1610	1756	3511
5	1928	1787	1786	3512
5	1760	1613	1759	3513
5	1892	1748	1678	3514
5	1924	1783	1749	3515
5	1834	1678	1683	3516
5	1758	1611	1757	3517
5	1905	1761	1760	3518
5	1761	1614	1760	3519
5	1902	1758	1757	3520
5	1761	1535	1614	3521
5	1898	1753	1897	3522
5	1894	1750	1699	3523
5	2090	2040	1962	3524
5	1841	1806	1657	3525
5	1764	1619	1763	3526
5	1764	1616	1619	3527
5	1764	1762	1616	3528
5	1763	1619	1618	3529
5	1906	1834	1683	3530
5	2009	1860	1963	3531
5	1838	1762	1764	3532
5	1779	1634	1633	3533
5	1766	1621	1539	3534
5	1782	1637	1781	3535
5	1964	1880	1820	3536
5	1769	1624	1768	3537
5	2170	2020	2169	3538
5	1769	1734	1585	3539
5	1805	1658	1666	3540
5	1821	1658	1805	3541
5	1771	1540	1626	3542
5	1771	1703	1540	3543
5	1966	1840	1890	3544
5	1937	1797	1936	3545
5	1918	1775	1917	3546
5	1914	1766	1824	3547
5	1856	1702	1701	3548
5	1776	1630	1775	3549
5	2063	1918	2062	3550
5	2059	1915	1914	3551
5	2197	2052	2051	3552
5	1776	1681	1631	3553
5	2064	1968	1919	3554
5	1919	1777	1909	3555
5	1778	1633	1632	3556
5	1779	1633	1778	3557
5	1922	1778	1919	3558
5	1837	1681	1776	3559
5	1782	1766	1539	3560
5	1780	1635	1779	3561
5	1918	1837	1776	3562
5	1782	1539	1637	3563
5	1907	1763	1825	3564
5	2059	1914	1967	3565
5	1878	1732	1877	3566
5	1914	1772	1766	3567
5	1926	1785	1784	3568
5	1784	1638	1783	3569
5	1825	1763	1682	3570
5	1785	1657	1640	3571
5	1862	1847	1679	3572
5	1920	1780	1779	3573
5	2072	1876	1946	3574
5	1787	1641	1786	3575
5	2093	2008	1857	3576
5	2133	1983	1817	3577
5	1789	1644	1643	3578
5	1791	1533	1645	3579
5	1869	1724	1868	3580
5	1790	1644	1789	3581
5	1911	1767	1821	3582
5	1791	1716	1533	3583
5	1884	1738	1835	3584
5	1868	1716	1804	3585
5	1793	1647	1646	3586
5	1794	1648	1647	3587
5	1929	1788	1836	3588
5	1832	1672	1840	3589
5	1864	1718	1863	3590
5	1795	1648	1794	3591
5	2082	1937	1936	3592
5	1797	1597	1650	3593
5	2081	1936	1935	3594
5	1865	1720	1719	3595
5	1863	1718	1713	3596
5	1840	1672	1675	3597
5	1954	1690	1685	3598
5	1816	1655	1690	3599
5	1866	1710	1858	3600
5	1835	1738	1673	3601
5	1800	1676	1656	3602
5	2193	2047	2192	3603
5	1873	1654	1730	3604
5	2174	2027	2025	3605
5	1972	1802	1667	3606
5	2095	1969	2036	3607
5	1884	1803	1739	3608
5	2033	2014	1803	3609
5	2228	2101	2110	3610
5	1929	1789	1788	3611
5	1985	1821	1960	3612
5	2096	1944	1959	3613
5	1806	1700	1657	3614
5	1988	1957	1825	3615
5	1891	1747	1746	3616
5	2074	1827	1928	3617
5	1854	1698	1693	3618
5	1854	1811	1698	3619
5	1977	1669	1809	3620
5	1809	1669	1364	3621
5	1978	1810	1686	3622
5	2147	1810	1978	3623
5	1942	1811	1854	3624
5	1979	1696	1811	3625
5	1888	1743	1712	3626
5	1842	1670	1654	3627
5	2128	1814	1979	3628
5	1853	1695	1550	3629
5	2416	2244	2415	3630
5	1982	1547	1665	3631
5	1815	1699	1677	3632
5	1827	1661	1787	3633
5	1952	1686	1808	3634
5	1984	1503	1939	3635
5	2084	1717	1866	3636
5	1857	1542	1704	3637
5	1818	1817	1705	3638
5	1818	1705	1366	3639
5	1939	1689	1844	3640
5	1844	1559	1660	3641
5	2316	2175	2121	3642
5	1911	1768	1767	3643
5	1910	1734	1769	3644
5	2169	2019	2168	3645
5	1879	1733	1878	3646
5	1998	1845	1802	3647
5	1888	1712	1887	3648
5	1887	1711	1831	3649
5	1923	1782	1781	3650
5	1923	1781	1921	3651
5	1995	1907	1957	3652
5	2345	2207	2206	3653
5	1989	1867	1723	3654
5	1826	1513	1436	3655
5	1846	1815	1677	3656
5	1990	1815	1846	3657
5	1828	1805	1666	3658
5	1828	1666	1671	3659
5	1886	1741	1740	3660
5	1885	1740	1720	3661
5	2084	1830	1717	3662
5	1991	1722	1830	3663
5	2301	2155	2173	3664
5	2026	1801	1651	3665
5	2168	2018	2091	3666
5	1931	1790	1930	3667
5	1833	1800	1656	3668
5	1833	1656	1747	3669
5	2050	1902	2049	3670
5	1892	1678	1834	3671
5	1881	1735	1880	3672
5	1881	1736	1735	3673
5	1832	1770	1672	3674
5	1974	1965	1804	3675
5	1915	1772	1914	3676
5	1916	1774	1773	3677
5	2068	1921	2065	3678
5	1909	1777	1765	3679
5	1936	1797	1796	3680
5	2078	1932	1938	3681
5	1890	1745	1889	3682
5	1935	1796	1795	3683
5	1893	1748	1892	3684
5	1925	1784	1783	3685
5	1843	1708	1670	3686
5	1850	1823	1694	3687
5	2037	1887	1831	3688
5	1850	1708	1843	3689
5	2131	1854	1951	3690
5	1939	1503	1689	3691
5	1987	1874	1728	3692
5	1872	1577	1727	3693
5	2044	1897	1896	3694
5	2047	1900	1899	3695
5	1847	1825	1682	3696
5	1847	1682	1679	3697
5	1848	1693	1578	3698
5	1848	1578	1668	3699
5	2041	1815	1990	3700
5	2295	2148	1980	3701
5	2182	2035	2181	3702
5	2001	1842	1955	3703
5	2305	2127	2152	3704
5	1851	1660	1691	3705
5	1979	1811	1942	3706
5	1979	1814	1696	3707
5	2104	1956	1853	3708
5	2105	1851	2005	3709
5	1941	1808	1692	3710
5	1943	1655	1816	3711
5	1972	1667	1801	3712
5	1877	1702	1856	3713
5	2371	2265	2425	3714
5	2025	1877	1961	3715
5	2151	1746	1807	3716
5	2106	1971	1891	3717
5	1940	1692	1798	3718
5	2270	1989	2087	3719
5	1859	1829	1742	3720
5	1859	1742	1741	3721
5	1861	1715	1714	3722
5	1862	1679	1715	3723
5	2069	1893	2040	3724
5	1862	1715	1861	3725
5	2165	2163	2011	3726
5	2349	2123	2236	3727
5	1864	1719	1718	3728
5	1886	1740	1885	3729
5	2287	2160	2286	3730
5	1969	1829	1859	3731
5	2114	2078	1938	3732
5	1886	1859	1741	3733
5	2031	1835	1883	3734
5	2015	1866	1858	3735
5	2135	1953	2086	3736
5	1950	1849	1687	3737
5	1869	1725	1724	3738
5	1870	1725	1869	3739
5	2225	2080	2224	3740
5	2020	1871	1870	3741
5	2175	2028	2121	3742
5	1871	1726	1870	3743
5	1975	1960	1805	3744
5	2058	1993	1913	3745
5	2022	1872	1999	3746
5	1872	1721	1577	3747
5	1875	1729	1874	3748
5	2116	2012	1958	3749
5	1875	1730	1729	3750
5	1875	1873	1730	3751
5	1992	1831	1823	3752
5	2001	1843	1842	3753
5	1927	1786	1731	3754
5	1928	1786	1927	3755
5	1878	1733	1732	3756
5	1999	1872	1845	3757
5	2006	1855	1837	3758
5	2234	1987	2145	3759
5	2055	1838	1995	3760
5	1987	1728	1822	3761
5	1883	1737	1882	3762
5	1882	1736	1881	3763
5	1974	1804	1931	3764
5	1883	1673	1737	3765
5	2299	2154	2153	3766
5	2360	2223	2282	3767
5	1975	1805	1828	3768
5	1986	1910	1944	3769
5	2141	1986	2098	3770
5	2029	1882	1881	3771
5	2108	1958	1973	3772
5	2012	1864	1863	3773
5	2204	2058	2203	3774
5	2222	2077	2076	3775
5	1995	1838	1907	3776
5	1888	1812	1743	3777
5	2160	2002	2001	3778
5	2116	1958	2108	3779
5	1890	1840	1675	3780
5	1889	1745	1744	3781
5	2076	1929	2075	3782
5	1993	1836	1913	3783
5	2179	2033	2113	3784
5	2245	2151	2008	3785
5	1893	1749	1748	3786
5	1926	1784	1925	3787
5	1988	1825	1847	3788
5	1924	1749	1893	3789
5	2043	1895	2042	3790
5	2042	1894	2041	3791
5	2049	1901	2048	3792
5	1900	1756	1755	3793
5	2047	1899	2046	3794
5	2073	1927	2072	3795
5	2119	1990	2000	3796
5	1901	1757	1756	3797
5	2073	1928	1927	3798
5	1905	1760	1904	3799
5	2041	1894	1815	3800
5	2043	1896	1895	3801
5	2042	1895	1894	3802
5	1903	1758	1902	3803
5	2052	1905	1904	3804
5	1904	1759	1903	3805
5	2048	1900	2047	3806
5	2045	1897	2044	3807
5	2045	1898	1897	3808
5	1906	1761	1905	3809
5	2215	2124	2071	3810
5	1906	1683	1761	3811
5	2192	2047	2046	3812
5	2009	1861	1860	3813
5	2194	2049	2048	3814
5	2040	1892	1962	3815
5	1907	1838	1764	3816
5	1907	1764	1763	3817
5	1921	1780	1920	3818
5	1919	1778	1777	3819
5	2011	1847	1862	3820
5	2342	2201	2260	3821
5	1912	1768	1911	3822
5	2280	2015	2178	3823
5	1912	1769	1768	3824
5	1912	1910	1769	3825
5	1913	1836	1703	3826
5	1913	1771	1832	3827
5	2018	1869	1868	3828
5	1965	1868	1804	3829
5	1915	1773	1772	3830
5	1917	1775	1774	3831
5	2122	2059	1967	3832
5	1916	1773	1915	3833
5	2208	2063	2062	3834
5	1918	1776	1775	3835
5	2007	1961	1856	3836
5	2007	1856	1855	3837
5	2064	1919	1909	3838
5	2062	1917	2061	3839
5	2050	1903	1902	3840
5	1963	1860	1806	3841
5	1968	1922	1919	3842
5	2063	2006	1837	3843
5	2211	2107	2065	3844
5	1923	1824	1782	3845
5	1922	1920	1779	3846
5	1922	1779	1778	3847
5	2066	1922	1968	3848
5	2207	2061	2206	3849
5	2040	1893	1892	3850
5	1925	1783	1924	3851
5	2213	2069	2040	3852
5	1926	1841	1785	3853
5	2051	1904	1903	3854
5	2044	1896	2043	3855
5	2046	1899	1898	3856
5	2049	1902	1901	3857
5	2117	1946	1970	3858
5	2028	1881	1880	3859
5	2079	1933	2078	3860
5	1930	1789	1929	3861
5	2058	1832	2057	3862
5	1931	1804	1791	3863
5	2057	1840	1966	3864
5	2283	2115	2142	3865
5	1933	1794	1793	3866
5	1934	1795	1794	3867
5	2238	2114	2125	3868
5	1936	1796	1935	3869
5	2077	1930	2076	3870
5	2081	1935	2080	3871
5	2035	1885	2034	3872
5	1937	1744	1797	3873
5	2111	2057	1966	3874
5	2037	1831	1992	3875
5	2036	1859	1886	3876
5	1969	1947	1829	3877
5	1938	1932	1839	3878
5	2126	1969	2095	3879
5	2146	1852	1997	3880
5	2152	1662	1684	3881
5	1943	1546	1655	3882
5	2239	2085	2129	3883
5	2245	2008	2093	3884
5	2128	2004	1814	3885
5	1956	1819	1695	3886
5	2104	2005	1956	3887
5	2129	1546	1943	3888
5	1991	1799	1722	3889
5	1985	1959	1911	3890
5	2224	2079	2223	3891
5	2131	1942	1854	3892
5	2132	1848	1945	3893
5	1946	1876	1800	3894
5	1983	1857	1704	3895
5	1947	1938	1839	3896
5	1947	1839	1829	3897
5	2241	2093	1983	3898
5	1983	1704	1817	3899
5	1949	1948	1818	3900
5	1949	1818	1546	3901
5	2086	1849	1950	3902
5	1953	1706	1849	3903
5	2293	2097	1940	3904
5	2134	1808	1941	3905
5	2149	1978	1952	3906
5	1978	1686	1952	3907
5	2135	1940	1798	3908
5	1953	1798	1664	3909
5	2550	2304	2380	3910
5	1954	1816	1690	3911
5	2024	1875	2023	3912
5	2024	1873	1875	3913
5	2103	1844	2003	3914
5	2097	1941	1940	3915
5	1957	1907	1825	3916
5	2243	2138	2163	3917
5	1958	1863	1812	3918
5	2038	1888	1887	3919
5	1959	1944	1912	3920
5	1959	1912	1911	3921
5	1985	1911	1821	3922
5	1960	1821	1805	3923
5	1961	1877	1856	3924
5	2144	2026	1879	3925
5	1962	1892	1834	3926
5	2054	1962	1834	3927
5	2199	2053	2198	3928
5	2070	1925	1924	3929
5	2177	2030	2176	3930
5	2112	2032	2031	3931
5	2021	1975	1828	3932
5	2018	1868	1965	3933
5	2220	1993	2204	3934
5	2083	1937	2082	3935
5	1967	1914	1824	3936
5	2208	2062	2207	3937
5	2065	1921	1920	3938
5	2067	1824	1923	3939
5	2013	1864	2012	3940
5	2035	1886	1885	3941
5	1970	1946	1800	3942
5	1970	1800	1833	3943
5	1971	1970	1833	3944
5	1971	1833	1891	3945
5	2144	1879	2027	3946
5	2145	1987	1822	3947
5	1973	1958	1812	3948
5	1973	1812	1888	3949
5	2075	1836	1993	3950
5	2076	1930	1929	3951
5	2019	1869	2018	3952
5	2019	1870	1869	3953
5	1976	1963	1806	3954
5	1976	1806	1841	3955
5	1997	1669	1977	3956
5	2244	2127	2229	3957
5	1982	1945	1547	3958
5	2150	1945	1982	3959
5	2005	1851	1819	3960
5	2004	1853	1697	3961
5	2148	2136	1954	3962
5	1980	1813	1707	3963
5	1981	1980	1707	3964
5	1981	1707	1852	3965
5	2296	2289	2149	3966
5	2134	1952	1808	3967
5	2379	2167	2233	3968
5	2008	1653	1857	3969
5	2152	1684	1984	3970
5	1984	1684	1503	3971
5	2220	2075	1993	3972
5	2221	2076	2075	3973
5	1986	1964	1820	3974
5	1986	1820	1910	3975
5	2185	2108	1973	3976
5	2375	2370	2262	3977
5	2010	1861	2009	3978
5	2010	1862	1861	3979
5	2217	2072	1946	3980
5	2157	2017	1867	3981
5	2074	1928	2073	3982
5	2217	1946	2117	3983
5	2113	2032	2112	3984
5	2008	1807	1653	3985
5	2038	1973	1888	3986
5	2038	1887	2037	3987
5	2075	1929	1836	3988
5	2077	1931	1930	3989
5	1994	1976	1841	3990
5	1994	1841	1926	3991
5	2055	1908	1838	3992
5	2064	1909	2056	3993
5	1996	1992	1823	3994
5	1996	1823	1850	3995
5	2103	1939	1844	3996
5	2003	1660	1851	3997
5	2022	1822	1721	3998
5	1999	1845	1998	3999
5	2172	1999	2159	4000
5	2022	1721	1872	4001
5	2000	1990	1846	4002
5	2000	1846	1827	4003
5	2002	1850	1843	4004
5	2002	1996	1850	4005
5	2320	2166	2310	4006
5	2161	2102	1996	4007
5	2128	1979	1942	4008
5	2005	1819	1956	4009
5	2369	1941	2097	4010
5	2147	1652	1810	4011
5	2105	2003	1851	4012
5	2684	2517	2518	4013
5	2060	1915	2059	4014
5	2061	1917	1916	4015
5	2212	2068	2107	4016
5	2422	2260	2276	4017
5	2249	2087	1991	4018
5	2084	1991	1830	4019
5	2202	2055	2201	4020
5	2011	1862	2010	4021
5	2213	2040	2090	4022
5	2011	1988	1847	4023
5	2092	2009	1963	4024
5	2371	2308	2250	4025
5	2013	1865	1864	4026
5	2034	1885	1865	4027
5	2185	1973	2038	4028
5	2036	1886	2035	4029
5	2100	1866	2015	4030
5	2014	1858	1803	4031
5	2033	1884	2032	4032
5	2240	2084	1866	4033
5	2136	1816	1954	4034
5	2135	1798	1953	4035
5	2017	2016	1826	4036
5	2017	1826	1867	4037
5	2021	1871	2020	4038
5	2020	1870	2019	4039
5	2154	1959	1985	4040
5	2021	1828	1871	4041
5	2098	1944	2096	4042
5	2121	2028	1964	4043
5	2450	2311	2372	4044
5	2203	2057	2111	4045
5	2109	1801	2026	4046
5	2109	1972	1801	4047
5	2027	1878	2025	4048
5	2024	1955	1873	4049
5	2102	1992	1996	4050
5	2324	2184	2183	4051
5	2314	2246	2172	4052
5	2253	1972	2109	4053
5	2159	1999	1998	4054
5	2027	1879	1878	4055
5	2166	2012	2116	4056
5	2183	2037	1992	4057
5	2031	1883	2030	4058
5	2030	1883	1882	4059
5	2153	1960	2130	4060
5	2171	1975	2021	4061
5	2168	2019	2018	4062
5	2032	1835	2031	4063
5	2098	1986	1944	4064
5	2255	2113	2254	4065
5	2033	1803	1884	4066
5	2268	2141	2098	4067
5	2176	2029	2175	4068
5	2176	2030	2029	4069
5	2373	2256	2283	4070
5	2363	2226	2362	4071
5	2273	2228	2110	4072
5	2036	1969	1859	4073
5	2362	2225	2361	4074
5	2223	2078	2114	4075
5	2156	2023	1874	4076
5	2205	2060	2059	4077
5	2374	2263	2350	4078
5	2856	2731	2765	4079
5	2039	1966	1890	4080
5	2039	1890	1889	4081
5	2069	1924	1893	4082
5	2071	1925	2070	4083
5	2188	2042	2187	4084
5	2189	2043	2188	4085
5	2186	1990	2119	4086
5	2046	1898	2045	4087
5	2190	2045	2044	4088
5	2336	2195	2194	4089
5	2218	2072	2217	4090
5	2048	1901	1900	4091
5	2186	2041	1990	4092
5	2195	2049	2194	4093
5	2187	2041	2186	4094
5	2053	1905	2052	4095
5	2187	2042	2041	4096
5	2188	2043	2042	4097
5	2190	2044	2189	4098
5	2051	1903	2050	4099
5	2199	2054	2053	4100
5	2052	1904	2051	4101
5	2198	2052	2197	4102
5	2192	2046	2191	4103
5	2189	2044	2043	4104
5	2054	1906	2053	4105
5	2196	2051	2050	4106
5	2054	1834	1906	4107
5	2140	2092	1963	4108
5	2352	2213	2351	4109
5	2164	2009	2092	4110
5	2164	2010	2009	4111
5	2210	2064	2056	4112
5	2056	1908	2055	4113
5	2236	2123	2200	4114
5	2165	2010	2164	4115
5	2058	1913	1832	4116
5	2057	1832	1840	4117
5	2115	1966	2039	4118
5	2223	2079	2078	4119
5	2060	1916	1915	4120
5	2063	1837	1918	4121
5	2062	1918	1917	4122
5	2061	1916	2060	4123
5	2303	2094	2262	4124
5	2346	2207	2345	4125
5	2285	2143	2261	4126
5	2139	1961	2007	4127
5	2139	2094	1961	4128
5	2205	2059	2122	4129
5	2201	1995	2099	4130
5	2206	2060	2205	4131
5	2285	2122	2143	4132
5	2067	1967	1824	4133
5	2066	2065	1920	4134
5	2066	1920	1922	4135
5	2107	2068	2065	4136
5	2201	2055	1995	4137
5	2068	2067	1923	4138
5	2068	1923	1921	4139
5	2090	2054	2199	4140
5	2070	1924	2069	4141
5	2419	2144	2315	4142
5	2071	1994	1926	4143
5	2448	2308	2371	4144
5	2475	2336	2474	4145
5	2191	2045	2190	4146
5	2074	2000	1827	4147
5	2219	2073	2218	4148
5	2266	1971	2106	4149
5	2331	2189	2330	4150
5	2194	2048	2193	4151
5	2299	2153	2298	4152
5	2627	2494	2502	4153
5	2171	2130	1975	4154
5	2077	1974	1931	4155
5	2377	2274	2300	4156
5	2298	2153	2130	4157
5	2079	1934	1933	4158
5	2080	1935	1934	4159
5	2180	2034	2013	4160
5	2083	1889	1937	4161
5	2183	1992	2102	4162
5	2166	2013	2012	4163
5	2115	2111	1966	4164
5	2082	1936	2081	4165
5	2227	2142	2083	4166
5	2083	2039	1889	4167
5	2343	2203	2111	4168
5	2226	2081	2225	4169
5	2085	1948	1949	4170
5	2086	1953	1849	4171
5	2270	2157	1989	4172
5	2087	1989	1799	4173
5	2167	2088	2016	4174
5	2369	2134	1941	4175
5	2151	1807	2008	4176
5	2133	1817	1948	4177
5	2386	2135	2086	4178
5	2088	1950	1513	4179
5	2089	2001	1955	4180
5	2155	2089	1955	4181
5	2330	2188	2329	4182
5	2337	2196	2195	4183
5	2091	2018	1965	4184
5	2237	2130	2171	4185
5	2140	1976	2120	4186
5	2215	2071	2070	4187
5	2271	2086	1950	4188
5	2429	2271	2304	4189
5	2094	2025	1961	4190
5	2478	2272	2339	4191
5	2182	2036	2035	4192
5	2181	2035	2034	4193
5	2154	2096	1959	4194
5	2130	1960	1975	4195
5	2167	2016	2017	4196
5	2148	1813	1980	4197
5	2275	2141	2268	4198
5	2496	2361	2360	4199
5	2696	2564	2520	4200
5	2341	2200	2210	4201
5	2178	2015	2014	4202
5	2555	2432	2280	4203
5	2101	2091	1965	4204
5	2101	1965	1974	4205
5	2161	2002	2160	4206
5	2324	2183	2251	4207
5	2388	2148	2295	4208
5	2278	2003	2105	4209
5	2384	2105	2277	4210
5	2104	1853	2004	4211
5	2152	1809	1662	4212
5	2158	1939	2103	4213
5	2113	2033	2032	4214
5	2279	2119	2216	4215
5	2211	2066	2123	4216
5	2202	2056	2055	4217
5	2184	2037	2183	4218
5	2306	2102	2161	4219
5	2314	2159	2253	4220
5	2145	1822	2022	4221
5	2110	2101	1974	4222
5	2110	1974	2077	4223
5	2203	2058	2057	4224
5	2204	1993	2058	4225
5	2280	2100	2015	4226
5	2318	2254	2112	4227
5	2255	2179	2113	4228
5	2266	2118	1971	4229
5	2226	2082	2081	4230
5	2282	2114	2238	4231
5	2273	2110	2222	4232
5	2256	2111	2115	4233
5	2180	2013	2166	4234
5	2181	2034	2180	4235
5	2317	2175	2316	4236
5	2457	2319	2385	4237
5	2118	2117	1970	4238
5	2118	1970	1971	4239
5	2219	2074	2073	4240
5	2334	2193	2192	4241
5	2140	1963	1976	4242
5	2120	1976	1994	4243
5	2175	2029	2028	4244
5	2177	2031	2030	4245
5	2462	2324	2398	4246
5	2345	2205	2230	4247
5	2211	2065	2066	4248
5	2123	2066	1968	4249
5	2124	2120	1994	4250
5	2124	1994	2071	4251
5	2125	2114	1938	4252
5	2125	1938	1947	4253
5	2126	2125	1947	4254
5	2126	1947	1969	4255
5	2303	2174	2094	4256
5	2383	2277	2104	4257
5	2296	2149	2290	4258
5	2277	2005	2104	4259
5	2129	2085	1949	4260
5	2129	1949	1546	4261
5	2153	1985	1960	4262
5	2154	1985	2153	4263
5	2289	2147	2149	4264
5	2290	2149	1952	4265
5	2291	2131	1951	4266
5	2132	1951	1848	4267
5	2292	2133	1948	4268
5	2249	1991	2084	4269
5	2150	2132	1945	4270
5	2149	2147	1978	4271
5	2386	2086	2378	4272
5	2417	2383	2247	4273
5	2518	2388	2295	4274
5	2504	2408	2409	4275
5	2148	1954	1813	4276
5	2137	1980	1981	4277
5	2138	2099	1957	4278
5	2138	1957	1988	4279
5	2209	2006	2063	4280
5	2207	2062	2061	4281
5	2338	2197	2196	4282
5	2340	2199	2272	4283
5	2141	2121	1964	4284
5	2141	1964	1986	4285
5	2142	2115	2039	4286
5	2142	2039	2083	4287
5	2143	2122	1967	4288
5	2143	1967	2067	4289
5	2174	2025	2094	4290
5	2155	1955	2024	4291
5	2156	1874	1987	4292
5	2172	2022	1999	4293
5	2416	2137	1981	4294
5	2146	1981	1852	4295
5	2147	1982	1665	4296
5	2147	1665	1652	4297
5	2295	1980	2137	4298
5	2652	2544	2387	4299
5	2417	2248	2391	4300
5	2247	2104	2004	4301
5	2391	2248	2128	4302
5	2291	1951	2132	4303
5	2297	1891	2151	4304
5	2151	1891	1746	4305
5	2158	1984	1939	4306
5	2152	2127	1977	4307
5	2267	2101	2228	4308
5	2317	2176	2175	4309
5	2298	2130	2237	4310
5	2311	2169	2168	4311
5	2368	2258	2156	4312
5	2262	2094	2139	4313
5	2345	2206	2205	4314
5	2234	2156	1987	4315
5	2242	1943	2136	4316
5	2271	1950	2088	4317
5	2305	1984	2158	4318
5	2305	2152	1984	4319
5	2172	2145	2022	4320
5	2723	2453	2540	4321
5	2161	1996	2002	4322
5	2320	2180	2166	4323
5	2277	2105	2005	4324
5	2288	2128	1942	4325
5	2162	2139	2007	4326
5	2162	2007	2006	4327
5	2163	2138	1988	4328
5	2163	1988	2011	4329
5	2165	2011	2010	4330
5	2422	2276	2394	4331
5	2335	2193	2334	4332
5	2307	2163	2165	4333
5	2310	2116	2309	4334
5	2449	2322	2320	4335
5	2438	2241	2133	4336
5	2292	1948	2085	4337
5	2169	2020	2019	4338
5	2170	2021	2020	4339
5	2644	2585	2511	4340
5	2316	2121	2275	4341
5	2358	2221	2220	4342
5	2171	2021	2170	4343
5	2358	2220	2357	4344
5	2360	2224	2223	4345
5	2314	2172	2159	4346
5	2252	2026	2144	4347
5	2173	2155	2024	4348
5	2173	2024	2023	4349
5	2258	2023	2156	4350
5	2433	2261	2423	4351
5	2411	2228	2273	4352
5	2443	2298	2396	4353
5	2318	2112	2177	4354
5	2275	2121	2141	4355
5	2319	2176	2317	4356
5	2177	2112	2031	4357
5	2284	2179	2255	4358
5	2505	2266	2397	4359
5	2179	2178	2014	4360
5	2179	2014	2033	4361
5	2326	2108	2185	4362
5	2364	2283	2142	4363
5	2418	2398	2251	4364
5	2182	2095	2036	4365
5	2322	2180	2320	4366
5	2325	2184	2324	4367
5	2184	2038	2037	4368
5	2185	2038	2184	4369
5	2462	2325	2324	4370
5	2309	2116	2108	4371
5	2326	2309	2108	4372
5	2446	2286	2435	4373
5	2330	2189	2188	4374
5	2329	2187	2328	4375
5	2475	2337	2336	4376
5	2193	2048	2047	4377
5	2430	2275	2268	4378
5	2441	2397	2106	4379
5	2327	2186	2119	4380
5	2191	2046	2045	4381
5	2336	2194	2335	4382
5	2334	2192	2333	4383
5	2328	2187	2186	4384
5	2329	2188	2187	4385
5	2331	2190	2189	4386
5	2197	2051	2196	4387
5	2351	2090	2340	4388
5	2195	2050	2049	4389
5	2272	2199	2198	4390
5	2339	2198	2197	4391
5	2339	2197	2338	4392
5	2198	2053	2052	4393
5	2337	2195	2336	4394
5	2332	2191	2190	4395
5	2352	2214	2213	4396
5	2090	1962	2054	4397
5	2404	2259	2376	4398
5	2214	2070	2069	4399
5	2484	2403	2341	4400
5	2250	2164	2092	4401
5	2200	2123	1968	4402
5	2200	1968	2064	4403
5	2260	2201	2099	4404
5	2210	2056	2202	4405
5	2341	2236	2200	4406
5	2210	2200	2064	4407
5	2498	2363	2362	4408
5	2221	2075	2220	4409
5	2480	2344	2343	4410
5	2222	2110	2077	4411
5	2206	2061	2060	4412
5	2209	2063	2208	4413
5	2424	2173	2258	4414
5	2287	2161	2160	4415
5	2615	2481	2506	4416
5	2209	2162	2006	4417
5	2231	2139	2162	4418
5	2485	2350	2349	4419
5	2483	2348	2342	4420
5	2350	2211	2349	4421
5	2448	2307	2308	4422
5	2276	2138	2243	4423
5	2342	2202	2201	4424
5	2556	2402	2482	4425
5	2212	2143	2067	4426
5	2212	2067	2068	4427
5	2259	2120	2124	4428
5	2214	2069	2213	4429
5	2352	2264	2215	4430
5	2215	2070	2214	4431
5	2508	2376	2488	4432
5	2332	2190	2331	4433
5	2216	2119	2000	4434
5	2216	2000	2074	4435
5	2218	2073	2072	4436
5	2327	2119	2279	4437
5	2766	2644	2694	4438
5	2355	2216	2219	4439
5	2328	2186	2327	4440
5	2219	2216	2074	4441
5	2497	2362	2361	4442
5	2421	2255	2254	4443
5	2311	2168	2235	4444
5	2222	2076	2221	4445
5	2235	2168	2091	4446
5	2412	2235	2267	4447
5	2224	2080	2079	4448
5	2225	2081	2080	4449
5	2357	2204	2344	4450
5	2227	2083	2082	4451
5	2633	2500	2499	4452
5	2322	2181	2180	4453
5	2460	2323	2322	4454
5	2227	2082	2226	4455
5	2458	2310	2309	4456
5	2282	2223	2114	4457
5	2359	2222	2221	4458
5	2555	2178	2284	4459
5	2244	1997	2127	4460
5	2244	2146	1997	4461
5	2230	2205	2122	4462
5	2285	2230	2122	4463
5	2347	2209	2208	4464
5	2401	2375	2231	4465
5	2232	2231	2162	4466
5	2232	2162	2209	4467
5	2233	2167	2017	4468
5	2233	2017	2157	4469
5	2252	2109	2026	4470
5	2258	2173	2023	4471
5	2585	2450	2511	4472
5	2451	2312	2450	4473
5	2261	2143	2212	4474
5	2400	2345	2230	4475
5	2312	2169	2311	4476
5	2312	2170	2169	4477
5	2321	2269	2095	4478
5	2461	2321	2323	4479
5	2293	1940	2135	4480
5	2241	1983	2133	4481
5	2249	2084	2240	4482
5	2567	2428	2270	4483
5	2678	2389	2503	4484
5	2297	2106	1891	4485
5	2242	2239	2129	4486
5	2242	2129	1943	4487
5	2485	2349	2382	4488
5	2265	2092	2140	4489
5	2431	2229	2158	4490
5	2416	2146	2244	4491
5	2365	2292	2085	4492
5	2544	2097	2387	4493
5	2246	2234	2145	4494
5	2246	2145	2172	4495
5	2288	1942	2131	4496
5	2416	1981	2146	4497
5	2248	2247	2004	4498
5	2248	2004	2128	4499
5	2378	2086	2271	4500
5	2353	2117	2281	4501
5	2307	2243	2163	4502
5	2308	2164	2250	4503
5	2251	2183	2102	4504
5	2598	2462	2512	4505
5	2419	2252	2144	4506
5	2262	2139	2231	4507
5	2355	2279	2216	4508
5	2420	2279	2355	4509
5	2354	2217	2353	4510
5	2254	2113	2112	4511
5	2675	2510	2405	4512
5	2284	2178	2179	4513
5	2359	2273	2222	4514
5	2343	2111	2256	4515
5	2257	2238	2125	4516
5	2257	2125	2126	4517
5	2315	2144	2027	4518
5	2315	2027	2174	4519
5	2294	2120	2259	4520
5	2265	2250	2092	4521
5	2487	2352	2351	4522
5	2488	2264	2352	4523
5	2423	2261	2263	4524
5	2350	2107	2211	4525
5	2573	2433	2572	4526
5	2286	2160	2089	4527
5	2263	2261	2212	4528
5	2263	2212	2107	4529
5	2264	2259	2124	4530
5	2264	2124	2215	4531
5	2514	2394	2414	4532
5	2381	2342	2260	4533
5	2486	2351	2340	4534
5	2281	2117	2118	4535
5	2267	2235	2091	4536
5	2267	2091	2101	4537
5	2555	2284	2510	4538
5	2427	2268	2274	4539
5	2269	2257	2126	4540
5	2269	2126	2095	4541
5	2501	2438	2292	4542
5	2516	2233	2428	4543
5	2432	2366	2100	4544
5	2429	2378	2271	4545
5	2340	2090	2199	4546
5	2351	2213	2090	4547
5	2344	2203	2343	4548
5	2399	2343	2256	4549
5	2274	2268	2098	4550
5	2274	2098	2096	4551
5	2455	2275	2430	4552
5	2444	2300	2299	4553
5	2276	2260	2099	4554
5	2276	2099	2138	4555
5	2384	2278	2105	4556
5	2278	2103	2003	4557
5	2431	2158	2103	4558
5	2431	2103	2278	4559
5	2253	2159	1998	4560
5	2253	1998	1972	4561
5	2505	2118	2266	4562
5	2366	2240	2100	4563
5	2353	2217	2117	4564
5	2354	2218	2217	4565
5	2363	2227	2226	4566
5	2283	2256	2115	4567
5	2361	2224	2360	4568
5	2763	2632	2762	4569
5	2441	2106	2297	4570
5	2397	2266	2106	4571
5	2481	2345	2400	4572
5	2401	2231	2232	4573
5	2526	2445	2301	4574
5	2434	2230	2285	4575
5	2306	2251	2102	4576
5	2306	2161	2287	4577
5	2503	2389	2439	4578
5	2290	1952	2134	4579
5	2289	2150	1982	4580
5	2289	1982	2147	4581
5	2383	2104	2247	4582
5	2390	2131	2291	4583
5	2390	2288	2131	4584
5	2518	2295	2440	4585
5	2428	2233	2157	4586
5	2791	2567	2651	4587
5	2380	2304	2167	4588
5	2388	2136	2148	4589
5	2294	2265	2140	4590
5	2294	2140	2120	4591
5	2519	2293	2386	4592
5	2365	2085	2239	4593
5	2436	2132	2150	4594
5	2296	2150	2289	4595
5	2297	2151	2245	4596
5	2432	2100	2280	4597
5	2300	2096	2154	4598
5	2300	2154	2299	4599
5	2395	2267	2228	4600
5	2300	2274	2096	4601
5	2412	2267	2395	4602
5	2638	2504	2509	4603
5	2375	2262	2231	4604
5	2302	2155	2301	4605
5	2302	2286	2089	4606
5	2302	2089	2155	4607
5	2368	2156	2234	4608
5	2452	2253	2109	4609
5	2304	2271	2088	4610
5	2304	2088	2167	4611
5	2305	2158	2229	4612
5	2305	2229	2127	4613
5	2435	2286	2302	4614
5	2619	2485	2618	4615
5	2483	2342	2381	4616
5	2572	2433	2423	4617
5	2308	2307	2165	4618
5	2308	2165	2164	4619
5	2310	2166	2116	4620
5	2321	2095	2182	4621
5	2459	2310	2458	4622
5	2632	2499	2498	4623
5	2313	2171	2170	4624
5	2313	2170	2312	4625
5	2570	2430	2427	4626
5	2313	2237	2171	4627
5	2427	2274	2377	4628
5	2444	2377	2300	4629
5	2452	2393	2314	4630
5	2452	2109	2252	4631
5	2588	2315	2453	4632
5	2767	2642	2588	4633
5	2489	2353	2281	4634
5	2454	2254	2318	4635
5	2451	2407	2313	4636
5	2780	2644	2766	4637
5	2491	2355	2356	4638
5	2405	2284	2255	4639
5	2319	2318	2177	4640
5	2319	2177	2176	4641
5	2464	2309	2326	4642
5	2630	2497	2496	4643
5	2323	2181	2322	4644
5	2406	2360	2282	4645
5	2323	2182	2181	4646
5	2323	2321	2182	4647
5	2460	2322	2449	4648
5	2499	2363	2498	4649
5	2325	2185	2184	4650
5	2326	2185	2325	4651
5	2463	2325	2462	4652
5	2761	2630	2760	4653
5	2599	2463	2598	4654
5	2689	2522	2543	4655
5	2466	2327	2465	4656
5	2465	2279	2420	4657
5	2490	2353	2489	4658
5	2333	2191	2332	4659
5	2465	2327	2279	4660
5	2479	2340	2272	4661
5	2467	2328	2466	4662
5	2466	2328	2327	4663
5	2487	2351	2486	4664
5	2333	2192	2191	4665
5	2477	2339	2338	4666
5	2467	2329	2328	4667
5	2471	2332	2470	4668
5	2335	2194	2193	4669
5	2468	2330	2329	4670
5	2473	2334	2472	4671
5	2469	2330	2468	4672
5	2338	2196	2337	4673
5	2469	2331	2330	4674
5	2470	2332	2331	4675
5	2472	2333	2471	4676
5	2339	2272	2198	4677
5	2471	2333	2332	4678
5	2478	2339	2477	4679
5	2472	2334	2333	4680
5	2473	2335	2334	4681
5	2479	2272	2478	4682
5	2352	2215	2214	4683
5	2348	2202	2342	4684
5	2484	2348	2483	4685
5	2348	2210	2202	4686
5	2348	2341	2210	4687
5	2344	2204	2203	4688
5	2357	2220	2204	4689
5	2412	2372	2235	4690
5	2359	2221	2358	4691
5	2346	2208	2207	4692
5	2347	2232	2209	4693
5	2370	2303	2262	4694
5	2347	2208	2346	4695
5	2418	2251	2306	4696
5	2711	2572	2528	4697
5	2425	2265	2294	4698
5	2620	2479	2614	4699
5	2350	2263	2107	4700
5	2349	2211	2123	4701
5	2528	2423	2374	4702
5	2423	2263	2374	4703
5	2474	2336	2335	4704
5	2371	2250	2265	4705
5	2376	2259	2264	4706
5	2477	2338	2476	4707
5	2430	2268	2427	4708
5	2356	2218	2354	4709
5	2586	2524	2407	4710
5	2566	2457	2529	4711
5	2470	2331	2469	4712
5	2468	2329	2467	4713
5	2356	2355	2219	4714
5	2356	2219	2218	4715
5	2821	2722	2780	4716
5	2761	2631	2630	4717
5	2726	2589	2724	4718
5	2463	2326	2325	4719
5	2496	2360	2406	4720
5	2632	2498	2631	4721
5	2361	2225	2224	4722
5	2362	2226	2225	4723
5	2630	2496	2629	4724
5	2364	2142	2227	4725
5	3011	2931	2887	4726
5	2912	2884	2769	4727
5	2494	2357	2492	4728
5	2364	2227	2363	4729
5	2411	2395	2228	4730
5	2399	2256	2373	4731
5	2674	2505	2397	4732
5	2428	2157	2270	4733
5	2367	2240	2366	4734
5	2367	2249	2240	4735
5	2537	2241	2438	4736
5	2695	2537	2637	4737
5	2523	2258	2368	4738
5	2523	2424	2258	4739
5	2437	2296	2290	4740
5	2369	2290	2134	4741
5	2733	2598	2647	4742
5	2540	2303	2370	4743
5	2448	2414	2307	4744
5	2546	2381	2521	4745
5	2372	2311	2235	4746
5	2524	2396	2407	4747
5	2500	2373	2283	4748
5	2499	2364	2363	4749
5	2485	2374	2350	4750
5	2572	2423	2528	4751
5	2482	2346	2481	4752
5	2520	2375	2401	4753
5	2404	2294	2259	4754
5	2425	2294	2404	4755
5	2570	2427	2522	4756
5	2396	2298	2237	4757
5	2552	2369	2544	4758
5	2801	2501	2648	4759
5	2438	2133	2292	4760
5	2380	2167	2379	4761
5	2516	2379	2233	4762
5	2391	2128	2288	4763
5	2382	2349	2236	4764
5	2698	2616	2690	4765
5	2563	2394	2514	4766
5	2565	2371	2425	4767
5	2417	2247	2248	4768
5	2548	2415	2229	4769
5	2549	2277	2383	4770
5	2415	2244	2229	4771
5	2385	2319	2317	4772
5	2455	2316	2275	4773
5	2387	2097	2293	4774
5	2386	2293	2135	4775
5	2569	2545	2378	4776
5	2389	2239	2242	4777
5	2648	2365	2551	4778
5	2555	2280	2178	4779
5	2548	2229	2431	4780
5	2439	2136	2388	4781
5	2552	2437	2369	4782
5	2576	2296	2437	4783
5	2553	2288	2390	4784
5	2437	2290	2369	4785
5	2392	2368	2234	4786
5	2392	2234	2246	4787
5	2393	2392	2246	4788
5	2393	2246	2314	4789
5	2422	2381	2260	4790
5	2394	2276	2243	4791
5	2840	2707	2692	4792
5	2760	2629	2759	4793
5	2443	2299	2298	4794
5	2444	2299	2443	4795
5	2534	2367	2366	4796
5	2426	2356	2354	4797
5	2398	2324	2251	4798
5	2573	2507	2434	4799
5	2493	2411	2273	4800
5	2480	2343	2399	4801
5	2526	2301	2424	4802
5	2424	2301	2173	4803
5	2513	2435	2445	4804
5	2482	2347	2346	4805
5	2402	2401	2232	4806
5	2402	2232	2347	4807
5	2403	2382	2236	4808
5	2403	2236	2341	4809
5	2673	2528	2619	4810
5	2584	2371	2565	4811
5	2557	2420	2491	4812
5	2716	2534	2535	4813
5	2498	2362	2497	4814
5	2497	2361	2496	4815
5	2407	2396	2237	4816
5	2407	2237	2313	4817
5	2408	2406	2282	4818
5	2408	2282	2238	4819
5	2409	2408	2238	4820
5	2409	2238	2257	4821
5	2410	2409	2257	4822
5	2410	2257	2269	4823
5	2492	2344	2480	4824
5	2494	2358	2357	4825
5	2530	2502	2492	4826
5	2530	2480	2399	4827
5	2413	2410	2269	4828
5	2413	2269	2321	4829
5	2414	2394	2243	4830
5	2414	2243	2307	4831
5	2544	2369	2097	4832
5	2440	2295	2137	4833
5	2685	2440	2653	4834
5	2653	2440	2560	4835
5	2667	2515	2505	4836
5	2660	2571	2384	4837
5	2447	2418	2306	4838
5	2447	2287	2446	4839
5	2689	2682	2522	4840
5	2452	2314	2253	4841
5	2491	2420	2355	4842
5	2491	2356	2426	4843
5	2590	2456	2455	4844
5	2421	2405	2255	4845
5	2690	2616	2617	4846
5	2892	2781	2782	4847
5	2433	2285	2261	4848
5	2434	2285	2433	4849
5	2453	2174	2303	4850
5	2618	2485	2382	4851
5	2521	2381	2422	4852
5	2975	2841	2893	4853
5	2693	2566	2529	4854
5	2625	2558	2421	4855
5	2456	2385	2317	4856
5	2668	2645	2554	4857
5	2567	2270	2087	4858
5	2658	2367	2534	4859
5	2661	2429	2550	4860
5	2519	2387	2293	4861
5	2591	2385	2456	4862
5	2626	2491	2426	4863
5	2660	2548	2571	4864
5	2701	2561	2415	4865
5	2510	2284	2405	4866
5	2771	2550	2659	4867
5	2720	2520	2583	4868
5	2434	2400	2230	4869
5	2730	2525	2596	4870
5	2712	2572	2711	4871
5	2698	2547	2616	4872
5	2446	2287	2286	4873
5	2575	2291	2436	4874
5	2436	2150	2296	4875
5	2839	2666	2553	4876
5	2436	2291	2132	4877
5	2501	2292	2365	4878
5	3006	2834	2756	4879
5	2439	2389	2242	4880
5	2439	2242	2136	4881
5	2654	2552	2544	4882
5	2773	2552	2654	4883
5	3145	3066	3083	4884
5	2623	2426	2490	4885
5	2442	2441	2297	4886
5	2442	2297	2245	4887
5	2628	2493	2495	4888
5	2724	2570	2682	4889
5	2532	2395	2411	4890
5	2603	2467	2602	4891
5	2445	2435	2302	4892
5	2445	2302	2301	4893
5	2447	2306	2287	4894
5	2525	2410	2413	4895
5	2546	2483	2381	4896
5	2596	2461	2595	4897
5	2614	2479	2478	4898
5	2610	2474	2609	4899
5	2461	2413	2321	4900
5	2461	2323	2460	4901
5	2451	2313	2312	4902
5	2450	2312	2311	4903
5	2722	2585	2644	4904
5	2586	2451	2585	4905
5	2587	2252	2419	4906
5	2587	2452	2252	4907
5	2588	2419	2315	4908
5	2453	2315	2174	4909
5	2490	2354	2353	4910
5	2454	2421	2254	4911
5	2456	2316	2455	4912
5	2456	2317	2316	4913
5	2579	2396	2524	4914
5	2762	2632	2631	4915
5	2457	2454	2318	4916
5	2457	2318	2319	4917
5	2459	2320	2310	4918
5	2459	2449	2320	4919
5	2574	2446	2435	4920
5	2649	2502	2530	4921
5	2596	2525	2413	4922
5	2598	2463	2462	4923
5	2595	2461	2460	4924
5	2525	2509	2410	4925
5	2845	2822	2665	4926
5	2464	2326	2463	4927
5	2592	2459	2458	4928
5	2464	2458	2309	4929
5	2594	2460	2449	4930
5	2729	2594	2593	4931
5	2611	2476	2475	4932
5	2602	2466	2601	4933
5	2604	2468	2603	4934
5	2600	2465	2420	4935
5	2612	2477	2476	4936
5	2558	2405	2421	4937
5	2601	2466	2465	4938
5	2474	2335	2473	4939
5	2608	2472	2607	4940
5	2605	2469	2604	4941
5	2602	2467	2466	4942
5	2612	2476	2611	4943
5	2603	2468	2467	4944
5	2476	2338	2337	4945
5	2609	2473	2608	4946
5	2614	2478	2613	4947
5	2604	2469	2468	4948
5	2605	2470	2469	4949
5	2607	2471	2606	4950
5	2476	2337	2475	4951
5	2606	2470	2605	4952
5	2606	2471	2470	4953
5	2613	2477	2612	4954
5	2488	2352	2487	4955
5	2607	2472	2471	4956
5	2608	2473	2472	4957
5	2621	2486	2620	4958
5	2486	2340	2479	4959
5	2609	2474	2473	4960
5	2610	2475	2474	4961
5	2492	2357	2344	4962
5	2493	2273	2359	4963
5	2482	2402	2347	4964
5	2481	2346	2345	4965
5	2583	2520	2401	4966
5	2581	2418	2447	4967
5	2484	2341	2348	4968
5	2943	2831	2798	4969
5	2541	2404	2376	4970
5	2584	2448	2371	4971
5	2618	2382	2547	4972
5	2749	2547	2698	4973
5	2622	2488	2487	4974
5	2841	2706	2775	4975
5	2721	2584	2565	4976
5	2488	2376	2264	4977
5	2617	2483	2546	4978
5	2541	2376	2508	4979
5	2490	2426	2354	4980
5	2600	2420	2557	4981
5	2674	2667	2505	4982
5	2705	2555	2704	4983
5	2704	2555	2510	4984
5	2601	2465	2600	4985
5	3015	2905	2913	4986
5	2628	2495	2627	4987
5	2495	2358	2494	4988
5	2542	2372	2412	4989
5	2495	2359	2358	4990
5	2495	2493	2359	4991
5	2591	2529	2385	4992
5	2543	2522	2377	4993
5	2533	2408	2504	4994
5	2633	2531	2373	4995
5	2533	2406	2408	4996
5	2500	2283	2364	4997
5	2530	2399	2531	4998
5	2530	2492	2480	4999
5	2633	2373	2500	5000
5	2500	2364	2499	5001
5	2827	2650	2664	5002
5	2631	2498	2497	5003
5	2705	2432	2555	5004
5	2567	2087	2249	5005
5	2502	2494	2492	5006
5	2629	2406	2533	5007
5	2678	2551	2389	5008
5	2551	2239	2389	5009
5	2593	2449	2459	5010
5	2596	2413	2461	5011
5	2515	2281	2505	5012
5	2505	2281	2118	5013
5	2506	2481	2400	5014
5	2573	2434	2433	5015
5	2507	2506	2400	5016
5	2507	2400	2434	5017
5	2679	2508	2622	5018
5	2620	2486	2479	5019
5	2509	2504	2409	5020
5	2509	2409	2410	5021
5	2537	2093	2241	5022
5	2515	2489	2281	5023
5	2511	2450	2372	5024
5	2542	2511	2372	5025
5	2512	2462	2398	5026
5	2854	2765	2729	5027
5	2583	2401	2402	5028
5	2574	2435	2513	5029
5	2878	2751	2877	5030
5	2541	2425	2404	5031
5	2697	2559	2640	5032
5	2589	2430	2570	5033
5	2550	2429	2304	5034
5	2811	2685	2653	5035
5	2517	2503	2439	5036
5	2517	2439	2388	5037
5	2634	2503	2517	5038
5	2518	2517	2388	5039
5	2770	2700	2569	5040
5	2569	2378	2429	5041
5	2540	2453	2303	5042
5	2564	2375	2520	5043
5	2750	2673	2619	5044
5	2691	2546	2656	5045
5	2522	2427	2377	5046
5	2783	2717	2643	5047
5	2642	2419	2588	5048
5	2639	2424	2523	5049
5	2543	2377	2444	5050
5	2795	2689	2669	5051
5	2593	2459	2592	5052
5	3090	2957	3016	5053
5	2635	2445	2526	5054
5	2639	2526	2424	5055
5	2527	2514	2414	5056
5	2527	2414	2448	5057
5	2781	2690	2691	5058
5	2836	2698	2690	5059
5	2529	2457	2385	5060
5	2682	2570	2522	5061
5	2692	2626	2623	5062
5	2758	2668	2628	5063
5	2755	2623	2624	5064
5	2531	2399	2373	5065
5	2559	2395	2532	5066
5	2776	2768	2640	5067
5	2629	2496	2406	5068
5	2631	2497	2630	5069
5	2536	2442	2245	5070
5	2637	2537	2438	5071
5	2535	2534	2366	5072
5	2535	2366	2432	5073
5	2577	2397	2441	5074
5	2967	2578	2636	5075
5	2537	2536	2245	5076
5	2537	2245	2093	5077
5	2538	2523	2368	5078
5	2538	2368	2392	5079
5	2539	2512	2398	5080
5	2539	2398	2418	5081
5	2663	2512	2539	5082
5	2639	2538	2655	5083
5	2565	2425	2541	5084
5	2583	2402	2556	5085
5	2669	2543	2580	5086
5	2883	2840	2692	5087
5	2580	2443	2579	5088
5	2580	2543	2444	5089
5	2660	2384	2549	5090
5	2553	2391	2288	5091
5	2545	2519	2386	5092
5	2545	2386	2378	5093
5	2547	2382	2403	5094
5	2619	2374	2485	5095
5	2749	2618	2547	5096
5	2688	2521	2563	5097
5	2549	2384	2277	5098
5	2571	2278	2384	5099
5	2701	2415	2548	5100
5	2654	2544	2652	5101
5	2785	2577	2715	5102
5	2551	2365	2239	5103
5	2666	2417	2391	5104
5	2666	2391	2553	5105
5	2702	2653	2560	5106
5	2648	2501	2365	5107
5	3059	2837	2938	5108
5	2576	2436	2296	5109
5	2554	2532	2411	5110
5	2554	2411	2493	5111
5	2774	2705	2704	5112
5	2815	2651	2568	5113
5	2681	2527	2584	5114
5	2584	2527	2448	5115
5	2626	2426	2623	5116
5	2727	2725	2591	5117
5	3136	3031	2946	5118
5	2625	2421	2454	5119
5	2559	2542	2412	5120
5	2559	2412	2395	5121
5	2560	2440	2137	5122
5	2560	2137	2416	5123
5	2561	2560	2416	5124
5	2561	2416	2415	5125
5	2562	2538	2392	5126
5	2562	2392	2393	5127
5	2563	2521	2422	5128
5	2563	2422	2394	5129
5	2767	2588	2723	5130
5	2564	2370	2375	5131
5	2900	2788	2789	5132
5	2871	2745	2870	5133
5	2625	2454	2566	5134
5	2566	2454	2457	5135
5	2801	2637	2501	5136
5	2791	2428	2567	5137
5	2568	2567	2249	5138
5	2568	2249	2367	5139
5	2686	2652	2387	5140
5	2686	2387	2519	5141
5	2589	2455	2430	5142
5	2590	2455	2589	5143
5	2571	2548	2431	5144
5	2571	2431	2278	5145
5	2827	2796	2650	5146
5	2713	2507	2573	5147
5	2671	2664	2615	5148
5	2796	2720	2650	5149
5	2581	2539	2418	5150
5	2582	2446	2574	5151
5	2714	2390	2575	5152
5	2575	2390	2291	5153
5	2714	2575	2576	5154
5	2576	2575	2436	5155
5	2825	2678	2503	5156
5	2803	2695	2637	5157
5	2578	2577	2441	5158
5	2578	2441	2442	5159
5	2580	2444	2443	5160
5	2579	2443	2396	5161
5	2708	2489	2515	5162
5	2689	2543	2669	5163
5	2719	2574	2677	5164
5	2728	2593	2592	5165
5	2582	2581	2447	5166
5	2582	2447	2446	5167
5	2720	2583	2650	5168
5	2720	2696	2520	5169
5	2798	2657	2672	5170
5	2706	2541	2508	5171
5	2586	2407	2451	5172
5	2585	2451	2450	5173
5	2676	2627	2502	5174
5	2800	2759	2646	5175
5	2587	2562	2393	5176
5	2587	2393	2452	5177
5	2723	2588	2453	5178
5	2655	2538	2562	5179
5	2717	2579	2643	5180
5	2852	2726	2793	5181
5	2725	2693	2529	5182
5	2591	2456	2590	5183
5	3178	3143	3015	5184
5	2963	2795	2919	5185
5	2595	2460	2594	5186
5	2594	2449	2593	5187
5	2848	2696	2720	5188
5	2728	2592	2662	5189
5	2778	2733	2647	5190
5	2763	2633	2632	5191
5	2733	2599	2598	5192
5	2731	2595	2594	5193
5	2729	2593	2728	5194
5	2764	2633	2763	5195
5	2597	2592	2458	5196
5	2597	2458	2464	5197
5	2599	2464	2463	5198
5	2599	2597	2464	5199
5	2662	2592	2597	5200
5	2731	2594	2729	5201
5	2724	2589	2570	5202
5	2797	2755	2624	5203
5	2708	2624	2489	5204
5	2737	2601	2736	5205
5	2736	2601	2600	5206
5	2737	2602	2601	5207
5	2735	2600	2557	5208
5	2707	2557	2626	5209
5	2741	2605	2740	5210
5	2613	2478	2477	5211
5	2752	2621	2620	5212
5	2738	2603	2602	5213
5	2743	2607	2742	5214
5	2622	2487	2621	5215
5	2739	2604	2603	5216
5	2753	2622	2621	5217
5	2744	2608	2743	5218
5	2740	2605	2604	5219
5	2745	2610	2609	5220
5	2611	2475	2610	5221
5	2741	2606	2605	5222
5	2746	2611	2610	5223
5	2742	2607	2606	5224
5	2748	2612	2747	5225
5	2743	2608	2607	5226
5	2748	2614	2613	5227
5	2745	2609	2744	5228
5	2621	2487	2486	5229
5	2751	2614	2748	5230
5	2744	2609	2608	5231
5	2615	2556	2482	5232
5	2615	2482	2481	5233
5	2616	2547	2403	5234
5	2616	2403	2484	5235
5	2617	2616	2484	5236
5	2617	2484	2483	5237
5	3020	2893	2898	5238
5	2619	2528	2374	5239
5	2688	2563	2657	5240
5	2721	2681	2584	5241
5	2746	2610	2745	5242
5	2622	2508	2488	5243
5	2747	2612	2611	5244
5	2751	2620	2614	5245
5	2681	2672	2527	5246
5	2706	2508	2679	5247
5	2738	2602	2737	5248
5	2626	2557	2491	5249
5	2624	2623	2490	5250
5	2624	2490	2489	5251
5	2735	2557	2707	5252
5	2707	2626	2692	5253
5	3163	3041	3154	5254
5	3204	3061	3137	5255
5	2628	2554	2493	5256
5	2627	2495	2494	5257
5	2882	2754	2881	5258
5	2901	2769	2792	5259
5	2646	2504	2638	5260
5	2764	2757	2531	5261
5	2951	2799	2804	5262
5	2650	2583	2556	5263
5	2832	2639	2655	5264
5	2633	2499	2632	5265
5	2646	2533	2504	5266
5	2885	2760	2759	5267
5	2759	2533	2646	5268
5	2764	2531	2633	5269
5	2940	2801	2648	5270
5	2637	2438	2501	5271
5	2924	2767	2723	5272
5	2635	2513	2445	5273
5	2636	2578	2442	5274
5	2636	2442	2536	5275
5	2906	2830	2779	5276
5	2651	2567	2568	5277
5	2854	2729	2728	5278
5	2730	2641	2525	5279
5	2709	2370	2564	5280
5	2642	2587	2419	5281
5	2640	2559	2532	5282
5	2784	2697	2768	5283
5	2641	2638	2509	5284
5	2641	2509	2525	5285
5	2639	2523	2538	5286
5	2642	2655	2562	5287
5	2643	2579	2524	5288
5	2670	2643	2524	5289
5	2670	2524	2586	5290
5	3107	2983	3105	5291
5	2645	2640	2532	5292
5	2645	2532	2554	5293
5	2807	2638	2799	5294
5	2759	2629	2533	5295
5	2647	2598	2512	5296
5	2663	2647	2512	5297
5	2659	2550	2380	5298
5	2946	2785	2715	5299
5	2668	2554	2628	5300
5	2676	2502	2649	5301
5	2853	2728	2662	5302
5	2677	2574	2513	5303
5	2695	2536	2537	5304
5	2659	2380	2379	5305
5	2703	2576	2437	5306
5	2810	2654	2652	5307
5	3027	2779	2935	5308
5	2915	2654	2810	5309
5	2702	2560	2561	5310
5	2969	2846	2896	5311
5	2642	2562	2587	5312
5	2847	2719	2677	5313
5	2656	2546	2521	5314
5	2876	2673	2750	5315
5	2688	2656	2521	5316
5	2657	2563	2514	5317
5	2815	2568	2658	5318
5	2658	2568	2367	5319
5	2904	2678	2825	5320
5	2661	2569	2429	5321
5	2938	2837	2702	5322
5	2699	2383	2417	5323
5	2947	2774	2894	5324
5	2818	2551	2678	5325
5	2734	2599	2733	5326
5	2857	2734	2733	5327
5	2671	2506	2665	5328
5	2711	2528	2673	5329
5	2664	2650	2556	5330
5	2664	2556	2615	5331
5	2671	2615	2506	5332
5	2665	2506	2507	5333
5	2817	2549	2699	5334
5	2699	2549	2383	5335
5	2675	2405	2558	5336
5	2756	2558	2625	5337
5	2758	2627	2676	5338
5	2784	2766	2694	5339
5	3133	2952	3050	5340
5	2912	2769	2901	5341
5	2780	2722	2644	5342
5	3061	2930	3026	5343
5	2809	2718	2719	5344
5	2680	2663	2539	5345
5	2672	2657	2514	5346
5	2672	2514	2527	5347
5	2713	2573	2712	5348
5	2712	2573	2572	5349
5	2674	2397	2577	5350
5	2715	2577	2578	5351
5	2756	2625	2754	5352
5	2739	2603	2738	5353
5	2758	2628	2627	5354
5	2889	2763	2762	5355
5	2680	2539	2581	5356
5	2777	2663	2680	5357
5	3027	2906	2779	5358
5	2779	2687	2700	5359
5	2753	2679	2622	5360
5	2752	2620	2751	5361
5	2790	2663	2777	5362
5	2978	2895	2854	5363
5	2710	2541	2706	5364
5	3004	2898	2880	5365
5	2851	2693	2725	5366
5	2986	2852	2793	5367
5	2683	2659	2379	5368
5	2683	2379	2516	5369
5	2938	2702	2838	5370
5	2684	2634	2517	5371
5	2685	2684	2518	5372
5	2685	2518	2440	5373
5	3138	3040	3023	5374
5	2770	2569	2661	5375
5	2687	2686	2519	5376
5	2687	2519	2545	5377
5	2788	2672	2681	5378
5	2921	2836	2916	5379
5	2966	2802	2635	5380
5	2833	2639	2832	5381
5	2750	2618	2749	5382
5	2750	2619	2618	5383
5	2691	2690	2617	5384
5	2691	2617	2546	5385
5	2753	2621	2752	5386
5	2736	2600	2735	5387
5	2754	2566	2693	5388
5	2834	2558	2756	5389
5	2694	2644	2511	5390
5	2694	2511	2542	5391
5	2786	2708	2515	5392
5	2835	2636	2536	5393
5	2802	2513	2635	5394
5	2709	2540	2370	5395
5	2697	2694	2542	5396
5	2697	2542	2559	5397
5	2843	2711	2842	5398
5	2874	2698	2836	5399
5	2812	2417	2666	5400
5	2838	2702	2561	5401
5	2700	2687	2545	5402
5	2700	2545	2569	5403
5	2830	2686	2687	5404
5	2907	2810	2830	5405
5	2838	2561	2701	5406
5	2703	2437	2552	5407
5	3023	2969	2896	5408
5	2714	2553	2390	5409
5	3186	2940	3058	5410
5	2772	2704	2510	5411
5	2923	2658	2534	5412
5	2705	2535	2432	5413
5	2710	2565	2541	5414
5	2721	2565	2710	5415
5	3008	2981	2840	5416
5	2726	2590	2589	5417
5	2862	2736	2861	5418
5	2754	2625	2566	5419
5	2787	2655	2642	5420
5	2850	2723	2540	5421
5	2831	2657	2798	5422
5	2814	2656	2688	5423
5	2849	2789	2721	5424
5	2713	2665	2507	5425
5	2843	2712	2711	5426
5	2922	2790	2920	5427
5	2999	2876	2875	5428
5	2925	2765	2895	5429
5	2839	2553	2714	5430
5	2846	2576	2703	5431
5	2774	2535	2705	5432
5	2772	2510	2675	5433
5	2816	2771	2659	5434
5	3014	2786	2897	5435
5	2717	2669	2580	5436
5	2717	2580	2579	5437
5	2718	2680	2581	5438
5	2718	2581	2582	5439
5	2719	2718	2582	5440
5	2719	2582	2574	5441
5	2874	2749	2698	5442
5	2857	2733	2778	5443
5	3127	3003	3002	5444
5	2877	2751	2748	5445
5	2722	2670	2586	5446
5	2722	2586	2585	5447
5	2924	2787	2767	5448
5	2802	2677	2513	5449
5	2725	2529	2591	5450
5	2828	2794	2682	5451
5	2727	2590	2726	5452
5	2863	2737	2862	5453
5	2727	2591	2590	5454
5	2879	2752	2878	5455
5	2881	2754	2693	5456
5	2740	2604	2739	5457
5	3052	2895	3041	5458
5	2799	2638	2641	5459
5	3140	3050	3055	5460
5	2889	2762	2887	5461
5	2732	2595	2731	5462
5	2732	2596	2595	5463
5	2732	2730	2596	5464
5	2942	2913	2780	5465
5	2888	2792	2757	5466
5	3010	2886	2885	5467
5	2734	2597	2599	5468
5	2734	2662	2597	5469
5	2826	2680	2718	5470
5	2822	2671	2665	5471
5	2913	2821	2780	5472
5	3117	2992	3116	5473
5	2828	2689	2795	5474
5	2852	2727	2726	5475
5	2882	2756	2754	5476
5	2742	2606	2741	5477
5	2928	2883	2755	5478
5	2861	2736	2735	5479
5	2871	2746	2745	5480
5	2863	2738	2737	5481
5	2862	2737	2736	5482
5	2865	2739	2864	5483
5	2864	2739	2738	5484
5	2748	2613	2612	5485
5	2873	2748	2747	5486
5	2868	2742	2867	5487
5	2865	2740	2739	5488
5	2869	2743	2868	5489
5	2866	2741	2740	5490
5	2872	2746	2871	5491
5	2880	2775	2679	5492
5	2747	2611	2746	5493
5	2867	2742	2741	5494
5	2868	2743	2742	5495
5	2877	2748	2873	5496
5	2869	2744	2743	5497
5	2880	2679	2753	5498
5	2870	2745	2744	5499
5	2836	2690	2781	5500
5	2842	2711	2673	5501
5	2970	2843	2842	5502
5	3002	2877	3001	5503
5	2878	2752	2751	5504
5	2872	2747	2746	5505
5	2879	2753	2752	5506
5	3545	3387	3529	5507
5	2798	2672	2788	5508
5	2849	2710	2841	5509
5	2864	2738	2863	5510
5	2797	2624	2708	5511
5	2861	2735	2859	5512
5	2755	2692	2623	5513
5	2774	2716	2535	5514
5	2929	2675	2834	5515
5	2757	2649	2530	5516
5	2757	2530	2531	5517
5	2930	2768	2776	5518
5	3011	2887	2886	5519
5	2760	2630	2629	5520
5	2762	2631	2761	5521
5	2886	2760	2885	5522
5	2885	2759	2800	5523
5	2886	2761	2760	5524
5	2942	2780	2766	5525
5	2884	2676	2769	5526
5	2887	2762	2761	5527
5	2769	2676	2649	5528
5	2911	2805	2823	5529
5	2888	2757	2764	5530
5	2887	2761	2886	5531
5	2765	2731	2729	5532
5	2854	2728	2853	5533
5	3026	2939	3021	5534
5	2952	2807	2891	5535
5	3070	2961	2847	5536
5	2787	2642	2767	5537
5	2784	2694	2697	5538
5	2768	2697	2640	5539
5	2776	2640	2645	5540
5	3079	2933	3074	5541
5	2818	2648	2551	5542
5	3076	2770	2936	5543
5	3156	3060	2953	5544
5	2771	2661	2550	5545
5	2937	2708	2786	5546
5	2786	2515	2667	5547
5	3028	2936	2771	5548
5	2773	2703	2552	5549
5	2785	2674	2577	5550
5	2785	2667	2674	5551
5	2775	2706	2679	5552
5	2880	2753	2879	5553
5	3029	3012	3013	5554
5	3169	3082	3143	5555
5	2845	2665	2713	5556
5	2824	2671	2822	5557
5	2844	2712	2843	5558
5	2960	2920	2777	5559
5	3037	3024	2918	5560
5	2935	2779	2700	5561
5	3207	3074	3204	5562
5	3233	3067	3201	5563
5	2814	2782	2656	5564
5	2998	2874	2921	5565
5	2782	2781	2691	5566
5	2782	2691	2656	5567
5	3047	3008	2883	5568
5	3170	3081	3169	5569
5	2945	2768	2930	5570
5	2913	2905	2821	5571
5	3031	2785	2946	5572
5	2894	2774	2704	5573
5	3032	2834	3006	5574
5	2897	2786	2667	5575
5	2966	2635	2833	5576
5	2850	2540	2709	5577
5	2973	2845	2844	5578
5	2971	2957	2822	5579
5	2789	2788	2681	5580
5	2789	2681	2721	5581
5	2790	2778	2647	5582
5	2790	2647	2663	5583
5	2808	2428	2791	5584
5	2808	2516	2428	5585
5	2792	2769	2649	5586
5	2792	2649	2757	5587
5	2793	2726	2724	5588
5	2820	2717	2783	5589
5	2794	2793	2724	5590
5	2794	2724	2682	5591
5	2828	2682	2689	5592
5	3372	3258	3270	5593
5	2845	2713	2844	5594
5	2847	2809	2719	5595
5	2834	2675	2558	5596
5	2894	2704	2772	5597
5	3127	3002	3126	5598
5	2950	2788	2900	5599
5	3009	2885	2800	5600
5	3009	2800	2952	5601
5	3158	3021	3053	5602
5	2932	2901	2792	5603
5	2835	2536	2695	5604
5	3160	2637	2801	5605
5	2813	2564	2696	5606
5	2848	2720	2796	5607
5	2816	2659	2683	5608
5	2808	2683	2516	5609
5	2804	2799	2641	5610
5	2804	2641	2730	5611
5	2805	2776	2645	5612
5	2805	2645	2668	5613
5	2806	2783	2643	5614
5	2806	2643	2670	5615
5	2807	2800	2646	5616
5	2807	2646	2638	5617
5	2936	2661	2771	5618
5	3174	2929	3032	5619
5	2813	2709	2564	5620
5	2824	2664	2671	5621
5	2829	2684	2811	5622
5	2811	2684	2685	5623
5	2830	2687	2779	5624
5	2825	2503	2634	5625
5	2817	2660	2549	5626
5	2812	2699	2417	5627
5	2832	2655	2787	5628
5	2954	2709	2813	5629
5	2916	2836	2781	5630
5	2999	2875	2998	5631
5	2918	2695	2803	5632
5	2904	2818	2678	5633
5	2909	2791	2651	5634
5	2918	2835	2695	5635
5	3097	2968	2908	5636
5	2819	2660	2817	5637
5	2907	2830	2906	5638
5	3065	2801	2940	5639
5	2819	2701	2548	5640
5	2819	2548	2660	5641
5	2820	2795	2669	5642
5	2820	2669	2717	5643
5	2821	2806	2670	5644
5	2821	2670	2722	5645
5	2827	2664	2824	5646
5	2826	2718	2809	5647
5	2823	2805	2668	5648
5	2823	2668	2758	5649
5	2974	2827	2958	5650
5	2920	2790	2777	5651
5	2959	2829	2811	5652
5	2935	2700	2770	5653
5	3092	3016	2971	5654
5	2826	2777	2680	5655
5	2914	2857	2778	5656
5	2962	2696	2848	5657
5	2919	2820	2899	5658
5	2982	2851	2860	5659
5	3058	2940	2818	5660
5	2829	2634	2684	5661
5	2830	2810	2652	5662
5	2830	2652	2686	5663
5	2831	2814	2688	5664
5	2831	2688	2657	5665
5	2833	2526	2639	5666
5	2833	2635	2526	5667
5	2903	2677	2802	5668
5	3166	3086	2961	5669
5	2859	2707	2840	5670
5	2859	2735	2707	5671
5	2967	2835	2918	5672
5	2967	2636	2835	5673
5	2876	2842	2673	5674
5	2844	2713	2712	5675
5	2837	2811	2653	5676
5	2837	2653	2702	5677
5	3063	2773	2915	5678
5	2968	2819	2908	5679
5	2896	2846	2703	5680
5	2896	2703	2773	5681
5	2866	2740	2865	5682
5	2867	2741	2866	5683
5	2849	2721	2710	5684
5	2841	2710	2706	5685
5	2875	2749	2874	5686
5	2916	2781	2892	5687
5	3101	3051	2972	5688
5	2895	2765	2854	5689
5	2921	2874	2836	5690
5	2957	2824	2822	5691
5	2978	2854	2853	5692
5	3038	2979	2914	5693
5	2846	2839	2714	5694
5	2846	2714	2576	5695
5	2958	2824	2957	5696
5	2961	2960	2826	5697
5	2977	2787	2924	5698
5	3147	2954	3093	5699
5	3148	3080	3141	5700
5	3191	3064	3167	5701
5	3045	2850	2954	5702
5	2924	2723	2850	5703
5	2881	2693	2851	5704
5	3046	2923	2716	5705
5	2860	2727	2852	5706
5	2860	2725	2727	5707
5	2858	2734	2857	5708
5	3068	2998	2921	5709
5	2951	2891	2799	5710
5	2926	2804	2855	5711
5	2855	2804	2730	5712
5	2855	2730	2732	5713
5	2856	2855	2732	5714
5	2856	2732	2731	5715
5	2858	2662	2734	5716
5	2858	2853	2662	5717
5	2958	2827	2824	5718
5	2922	2778	2790	5719
5	2981	2859	2840	5720
5	3047	2883	2928	5721
5	2989	2864	2988	5722
5	2860	2851	2725	5723
5	3005	2881	2851	5724
5	2986	2793	2927	5725
5	2984	2860	2852	5726
5	2919	2795	2820	5727
5	3019	2919	3018	5728
5	2939	2805	2911	5729
5	2983	2861	2859	5730
5	2870	2744	2869	5731
5	2985	2862	2861	5732
5	2992	2867	2991	5733
5	2987	2863	2862	5734
5	2988	2864	2863	5735
5	2996	2872	2871	5736
5	2989	2865	2864	5737
5	2993	2868	2992	5738
5	2990	2866	2865	5739
5	2994	2869	2993	5740
5	2991	2867	2866	5741
5	3004	2879	3003	5742
5	2873	2747	2872	5743
5	2992	2868	2867	5744
5	3003	2879	2878	5745
5	2995	2870	2994	5746
5	2993	2869	2868	5747
5	2994	2870	2869	5748
5	3257	3172	3242	5749
5	2875	2750	2749	5750
5	2876	2750	2875	5751
5	2973	2971	2845	5752
5	2955	2831	2943	5753
5	3256	3154	3226	5754
5	3001	2873	2997	5755
5	2995	2871	2870	5756
5	2997	2873	2872	5757
5	3373	3260	3297	5758
5	3002	2878	2877	5759
5	3004	2880	2879	5760
5	3001	2877	2873	5761
5	3043	2893	3020	5762
5	3244	3242	3124	5763
5	2996	2871	2995	5764
5	3174	3072	2929	5765
5	2883	2692	2755	5766
5	2983	2859	2981	5767
5	2928	2755	2797	5768
5	2990	2865	2989	5769
5	2884	2823	2758	5770
5	2884	2758	2676	5771
5	2931	2889	2887	5772
5	3135	3034	3011	5773
5	3122	2998	3068	5774
5	3041	2895	2978	5775
5	3000	2970	2842	5776
5	2952	2800	2807	5777
5	2890	2763	2889	5778
5	2890	2888	2764	5779
5	2890	2764	2763	5780
5	3026	2930	2939	5781
5	3152	3056	3073	5782
5	3307	3193	3258	5783
5	2891	2807	2799	5784
5	3135	3010	3134	5785
5	2948	2892	2782	5786
5	2948	2782	2814	5787
5	2893	2841	2775	5788
5	3003	2878	3002	5789
5	2923	2534	2716	5790
5	2897	2667	2785	5791
5	2902	2855	2856	5792
5	2926	2855	2902	5793
5	2956	2699	2812	5794
5	3063	2896	2773	5795
5	2988	2863	2987	5796
5	3183	3162	2947	5797
5	2898	2893	2775	5798
5	2898	2775	2880	5799
5	2899	2820	2783	5800
5	2905	2806	2821	5801
5	2976	2849	2975	5802
5	2976	2900	2789	5803
5	3258	3193	3205	5804
5	3013	2889	2931	5805
5	3154	3041	3062	5806
5	3057	2925	3052	5807
5	2960	2777	2826	5808
5	2903	2847	2677	5809
5	3182	2906	3027	5810
5	3156	2953	3035	5811
5	2944	2806	2905	5812
5	2944	2783	2806	5813
5	3098	2968	3097	5814
5	2908	2819	2817	5815
5	2941	2811	2837	5816
5	3017	2810	2907	5817
5	2968	2701	2819	5818
5	2968	2838	2701	5819
5	3028	2771	2816	5820
5	3076	2935	2770	5821
5	2910	2909	2651	5822
5	2910	2651	2815	5823
5	2934	2884	2912	5824
5	2934	2823	2884	5825
5	2934	2911	2823	5826
5	3061	2945	2930	5827
5	3030	2913	2942	5828
5	3292	3132	3168	5829
5	3100	2922	3099	5830
5	2979	2857	2914	5831
5	3063	3023	2896	5832
5	2915	2773	2654	5833
5	3103	2975	3043	5834
5	3080	2950	3025	5835
5	2917	2812	2666	5836
5	2917	2666	2839	5837
5	3037	2918	2803	5838
5	3162	3046	2947	5839
5	2927	2793	2794	5840
5	3019	2963	2919	5841
5	3092	2971	2973	5842
5	2922	2914	2778	5843
5	3243	3122	3157	5844
5	3064	2916	2892	5845
5	2998	2875	2874	5846
5	2972	2843	2970	5847
5	2923	2910	2815	5848
5	2923	2815	2658	5849
5	3099	2920	3091	5850
5	2965	2833	2832	5851
5	2925	2902	2856	5852
5	2925	2856	2765	5853
5	3052	2925	2895	5854
5	2951	2804	2926	5855
5	3151	2937	3014	5856
5	3178	3030	3144	5857
5	3006	2756	2882	5858
5	3014	2937	2786	5859
5	3072	2894	2772	5860
5	2929	2772	2675	5861
5	2933	2766	2784	5862
5	2942	2766	2933	5863
5	2932	2792	2888	5864
5	3053	2911	2934	5865
5	3075	3053	2934	5866
5	3073	3012	3029	5867
5	3467	3356	3466	5868
5	3056	2901	2932	5869
5	3390	3258	3372	5870
5	3053	3021	2911	5871
5	3159	2935	3076	5872
5	2936	2770	2661	5873
5	2940	2648	2818	5874
5	2964	2634	2829	5875
5	3077	2797	2937	5876
5	2937	2797	2708	5877
5	3017	2915	2810	5878
5	3181	3017	2907	5879
5	2939	2930	2776	5880
5	2939	2776	2805	5881
5	3160	2801	3065	5882
5	3058	2818	2904	5883
5	3181	2907	3078	5884
5	2959	2811	2941	5885
5	3135	3011	3010	5886
5	3030	3015	2913	5887
5	3064	2892	3044	5888
5	3260	3141	3149	5889
5	3115	2990	3114	5890
5	2944	2899	2783	5891
5	2945	2933	2784	5892
5	2945	2784	2768	5893
5	3083	2923	3046	5894
5	2947	2716	2774	5895
5	3196	3136	2946	5896
5	3096	2946	2715	5897
5	3172	3051	3101	5898
5	3323	3191	3167	5899
5	2949	2927	2794	5900
5	2949	2794	2828	5901
5	2950	2943	2798	5902
5	2950	2798	2788	5903
5	3374	3261	3315	5904
5	3057	2902	2925	5905
5	3011	2886	3010	5906
5	3010	2885	3009	5907
5	2953	2816	2683	5908
5	2953	2683	2808	5909
5	3093	2813	2962	5910
5	2954	2850	2709	5911
5	2955	2948	2814	5912
5	2955	2814	2831	5913
5	2956	2908	2817	5914
5	2956	2817	2699	5915
5	2973	2844	2972	5916
5	3055	2891	2951	5917
5	2961	2809	2847	5918
5	3102	2958	3090	5919
5	3078	2907	2906	5920
5	3089	2964	2829	5921
5	3087	2962	2848	5922
5	3070	2847	2903	5923
5	2961	2826	2809	5924
5	3286	3173	3263	5925
5	3244	3124	3123	5926
5	2962	2813	2696	5927
5	2963	2949	2828	5928
5	2963	2828	2795	5929
5	3281	3037	3142	5930
5	2964	2825	2634	5931
5	3039	2903	2802	5932
5	3166	2961	3070	5933
5	2966	2833	2965	5934
5	3039	2802	2966	5935
5	3096	2715	2967	5936
5	2967	2715	2578	5937
5	3022	2908	2956	5938
5	3098	2938	2838	5939
5	2969	2917	2839	5940
5	2969	2839	2846	5941
5	2971	2822	2845	5942
5	3090	2958	2957	5943
5	2972	2844	2843	5944
5	3016	2957	2971	5945
5	3091	2960	3086	5946
5	2980	2978	2853	5947
5	2974	2796	2827	5948
5	2974	2848	2796	5949
5	3062	3041	2978	5950
5	3095	3039	2966	5951
5	2976	2789	2849	5952
5	2975	2849	2841	5953
5	3044	2892	2948	5954
5	3103	3033	2976	5955
5	2977	2965	2832	5956
5	2977	2832	2787	5957
5	2980	2858	2979	5958
5	3086	2960	2961	5959
5	2980	2853	2858	5960
5	2979	2858	2857	5961
5	3100	2914	2922	5962
5	3248	3179	3128	5963
5	2985	2861	2983	5964
5	2987	2862	2985	5965
5	3005	2851	2982	5966
5	3007	2881	3005	5967
5	3168	3008	3047	5968
5	2991	2866	2990	5969
5	3129	3005	2982	5970
5	2984	2982	2860	5971
5	3106	2982	2984	5972
5	2997	2872	2996	5973
5	3110	2986	2927	5974
5	2986	2984	2852	5975
5	3018	2919	2899	5976
5	3082	2905	3015	5977
5	3229	3108	3110	5978
5	3331	3204	3259	5979
5	3067	2949	2963	5980
5	3251	3129	3249	5981
5	3109	2987	2985	5982
5	3111	2988	2987	5983
5	3118	2993	3117	5984
5	3113	2989	2988	5985
5	3119	2994	3118	5986
5	3126	3002	3001	5987
5	3114	2990	2989	5988
5	3120	2995	3119	5989
5	3115	2991	2990	5990
5	3128	3004	3003	5991
5	3116	2992	2991	5992
5	3128	3003	3127	5993
5	3117	2993	2992	5994
5	3121	2996	3120	5995
5	3118	2994	2993	5996
5	3128	3048	3004	5997
5	3000	2842	2876	5998
5	3000	2876	2999	5999
5	3241	3121	3120	6000
5	3428	3373	3297	6001
5	3122	2999	2998	6002
5	3062	2978	2980	6003
5	3119	2995	2994	6004
5	3246	3125	3245	6005
5	3121	2997	2996	6006
5	3245	3121	3241	6007
5	3263	3173	3179	6008
5	3120	2996	2995	6009
5	3321	3225	3276	6010
5	3161	3044	3084	6011
5	3132	3105	2981	6012
5	3444	3442	3324	6013
5	3008	2840	2883	6014
5	3175	3006	3130	6015
5	3264	3014	2897	6016
5	3007	2882	2881	6017
5	3109	2985	3107	6018
5	3105	2983	2981	6019
5	3177	3052	3163	6020
5	3254	3133	3253	6021
5	3253	3133	3050	6022
5	3163	3052	3041	6023
5	3054	2931	3034	6024
5	3054	3013	2931	6025
5	3012	2932	2888	6026
5	3012	2888	2890	6027
5	3013	3012	2890	6028
5	3013	2890	2889	6029
5	3130	3006	2882	6030
5	3032	2929	2834	6031
5	3185	3029	3054	6032
5	3180	3137	3026	6033
5	3104	3062	2980	6034
5	3050	2952	2891	6035
5	3036	2956	2812	6036
5	3059	2941	2837	6037
5	3112	2949	3067	6038
5	3112	2927	2949	6039
5	3108	2984	2986	6040
5	3067	2963	3019	6041
5	3247	3127	3126	6042
5	3125	3001	2997	6043
5	3021	2939	2911	6044
5	3075	2912	2901	6045
5	3098	2838	2968	6046
5	3097	2908	3022	6047
5	3036	2812	2917	6048
5	3036	3022	2956	6049
5	3096	2967	3024	6050
5	3024	2967	2918	6051
5	3025	2950	2900	6052
5	3043	2975	2893	6053
5	3200	3018	3170	6054
5	3350	3347	3231	6055
5	3265	3197	3017	6056
5	3266	3078	3182	6057
5	3094	2904	2825	6058
5	3089	2829	2959	6059
5	3034	2931	3011	6060
5	3134	3010	3009	6061
5	3074	2945	3061	6062
5	3074	2933	2945	6063
5	3271	3060	3156	6064
5	3031	2897	2785	6065
5	3376	3309	3162	6066
5	3072	2772	2929	6067
5	3033	3025	2900	6068
5	3033	2900	2976	6069
5	3054	3029	3013	6070
5	3436	3312	3435	6071
5	3186	3065	2940	6072
5	3060	2816	2953	6073
5	3220	3098	3219	6074
5	3040	2969	3023	6075
5	3142	3037	2803	6076
5	3046	2716	2947	6077
5	3051	2973	2972	6078
5	3194	3055	3085	6079
5	3188	2962	3087	6080
5	3045	2924	2850	6081
5	3040	3036	2917	6082
5	3040	2917	2969	6083
5	3092	2973	3051	6084
5	3104	2979	3038	6085
5	3095	2965	3042	6086
5	3042	2965	2977	6087
5	3103	2976	2975	6088
5	3202	3157	3068	6089
5	3084	2955	3049	6090
5	3084	2948	2955	6091
5	3319	3192	3268	6092
5	3482	3372	3417	6093
5	3035	2791	2909	6094
5	3035	2808	2791	6095
5	3130	2882	3007	6096
5	3116	2991	3115	6097
5	3048	3020	2898	6098
5	3048	2898	3004	6099
5	3084	3044	2948	6100
5	3049	2955	2943	6101
5	3133	3009	2952	6102
5	3134	3009	3133	6103
5	3148	3049	3080	6104
5	3124	2970	3000	6105
5	3085	2951	2926	6106
5	3055	3050	2891	6107
5	3075	2934	2912	6108
5	3205	3056	3152	6109
5	3270	3205	3152	6110
5	3255	3176	3135	6111
5	3071	2902	3057	6112
5	3071	2926	2902	6113
5	3395	3316	3289	6114
5	3075	2901	3056	6115
5	3253	3050	3140	6116
5	3085	2926	3071	6117
5	3060	3028	2816	6118
5	3035	2953	2808	6119
5	3219	3097	3218	6120
5	3094	2825	2964	6121
5	3066	2909	2910	6122
5	3376	3162	3183	6123
5	3079	2942	2933	6124
5	3079	3030	2942	6125
5	3101	2972	2970	6126
5	3203	3057	3177	6127
5	3220	3059	2938	6128
5	3218	3097	3022	6129
5	3069	2916	3064	6130
5	3104	2980	2979	6131
5	3159	3027	2935	6132
5	3160	2803	2637	6133
5	3303	3065	3186	6134
5	3199	2909	3066	6135
5	3170	3018	3081	6136
5	3207	3079	3074	6137
5	3214	3051	3172	6138
5	3444	3322	3396	6139
5	3069	3068	2921	6140
5	3069	2921	2916	6141
5	3087	2848	2974	6142
5	3102	2974	2958	6143
5	3410	3268	3273	6144
5	3085	3055	2951	6145
5	3196	2946	3096	6146
5	3275	3028	3060	6147
5	3073	3056	2932	6148
5	3073	2932	3012	6149
5	3316	3144	3289	6150
5	3501	3379	3498	6151
5	3180	3026	3021	6152
5	3556	3446	3436	6153
5	3275	3139	3028	6154
5	3165	3058	2904	6155
5	3206	3047	2928	6156
5	3077	2928	2797	6157
5	3088	2959	2941	6158
5	3195	2941	3059	6159
5	3345	3228	3288	6160
5	3180	3021	3158	6161
5	3080	3049	2943	6162
5	3080	2943	2950	6163
5	3081	3018	2899	6164
5	3081	2899	2944	6165
5	3082	3081	2944	6166
5	3082	2944	2905	6167
5	3083	3066	2910	6168
5	3083	2910	2923	6169
5	3580	3374	3471	6170
5	3364	3246	3363	6171
5	3045	3042	2977	6172
5	3045	2977	2924	6173
5	3091	2920	2960	6174
5	3213	3090	3016	6175
5	3209	3038	3100	6176
5	3093	2954	2813	6177
5	3182	3078	2906	6178
5	3210	3089	2959	6179
5	3210	2959	3088	6180
5	3382	3088	3195	6181
5	3320	3215	3147	6182
5	3344	3224	3213	6183
5	3279	3086	3166	6184
5	3212	3091	3086	6185
5	3311	3167	3161	6186
5	3099	2922	2920	6187
5	3095	2966	2965	6188
5	3211	3087	2974	6189
5	3155	2964	3089	6190
5	3299	3037	3281	6191
5	3282	3221	3212	6192
5	3209	3164	3038	6193
5	3264	3031	3136	6194
5	3151	3077	2937	6195
5	3198	3138	3023	6196
5	3187	3022	3036	6197
5	3198	3023	3063	6198
5	3219	3098	3097	6199
5	3322	3203	3261	6200
5	3100	3038	2914	6201
5	3221	3099	3091	6202
5	3261	3203	3177	6203
5	3123	2999	3122	6204
5	3123	3000	2999	6205
5	3448	3334	3332	6206
5	3146	2903	3039	6207
5	3189	3033	3103	6208
5	3276	3225	3150	6209
5	3202	3068	3069	6210
5	3324	3194	3190	6211
5	3107	2985	2983	6212
5	3114	2989	3113	6213
5	3129	2982	3106	6214
5	3131	3005	3129	6215
5	3111	2987	3109	6216
5	3113	2988	3111	6217
5	3227	3106	3108	6218
5	3108	3106	2984	6219
5	3201	3019	3200	6220
5	3125	2997	3121	6221
5	3238	3117	3237	6222
5	3110	3108	2986	6223
5	3368	3249	3366	6224
5	3317	3180	3158	6225
5	3231	3110	3112	6226
5	3112	3110	2927	6227
5	3201	3067	3019	6228
5	3200	3019	3018	6229
5	3169	3081	3082	6230
5	3406	3346	3347	6231
5	3230	3109	3228	6232
5	3232	3113	3111	6233
5	3237	3116	3236	6234
5	3126	3001	3125	6235
5	3234	3114	3113	6236
5	3239	3118	3238	6237
5	3235	3115	3114	6238
5	3241	3120	3240	6239
5	3236	3116	3115	6240
5	3237	3117	3116	6241
5	3248	3127	3247	6242
5	3238	3118	3117	6243
5	3545	3521	3428	6244
5	3239	3119	3118	6245
5	3244	3123	3243	6246
5	3124	3000	3123	6247
5	3396	3261	3374	6248
5	3124	3101	2970	6249
5	3208	3049	3148	6250
5	3167	3044	3161	6251
5	3246	3126	3125	6252
5	3240	3120	3119	6253
5	3245	3125	3121	6254
5	3399	3311	3262	6255
5	3248	3128	3127	6256
5	3428	3321	3387	6257
5	3150	3043	3020	6258
5	3443	3311	3399	6259
5	3249	3129	3106	6260
5	3283	3151	3014	6261
5	3132	2981	3008	6262
5	3264	2897	3031	6263
5	3661	3548	3506	6264
5	3131	3007	3005	6265
5	3252	3171	3105	6266
5	3295	3130	3250	6267
5	3535	3413	3494	6268
5	3255	3135	3134	6269
5	3416	3293	3378	6270
5	3324	3190	3322	6271
5	3177	3057	3052	6272
5	3194	3085	3190	6273
5	3509	3309	3376	6274
5	3206	2928	3077	6275
5	3137	3061	3026	6276
5	3289	3144	3207	6277
5	3187	3036	3040	6278
5	3187	3040	3138	6279
5	3139	3076	2936	6280
5	3139	2936	3028	6281
5	3194	3140	3055	6282
5	3190	3085	3071	6283
5	3141	3080	3025	6284
5	3262	3161	3208	6285
5	3303	3281	3142	6286
5	3155	3094	2964	6287
5	3143	3082	3015	6288
5	3440	3317	3307	6289
5	3178	3015	3030	6290
5	3144	3030	3079	6291
5	3217	3046	3162	6292
5	3398	3159	3277	6293
5	3226	3104	3164	6294
5	3146	3070	2903	6295
5	3146	3039	3095	6296
5	3147	3045	2954	6297
5	3323	3167	3311	6298
5	3392	3300	3381	6299
5	3149	3141	3025	6300
5	3149	3025	3033	6301
5	3189	3149	3033	6302
5	3225	3043	3150	6303
5	3301	3206	3077	6304
5	3250	3130	3007	6305
5	3556	3436	3551	6306
5	3176	3034	3135	6307
5	3153	3152	3073	6308
5	3153	3073	3029	6309
5	3226	3062	3104	6310
5	3164	3104	3038	6311
5	3302	3094	3155	6312
5	3303	3142	3065	6313
5	3304	3199	3066	6314
5	3305	3156	3199	6315
5	3157	3122	3068	6316
5	3381	3300	3260	6317
5	3874	3769	3765	6318
5	3352	3233	3201	6319
5	3165	2904	3094	6320
5	3393	3266	3182	6321
5	3160	3065	3142	6322
5	3160	3142	2803	6323
5	3167	3064	3044	6324
5	3191	3069	3064	6325
5	3764	3430	3536	6326
5	3217	3083	3046	6327
5	3310	3163	3154	6328
5	3285	3214	3172	6329
5	3215	3042	3147	6330
5	3147	3042	3045	6331
5	3274	3058	3165	6332
5	3333	3155	3089	6333
5	3278	3087	3211	6334
5	3211	2974	3102	6335
5	3362	3245	3241	6336
5	3300	3141	3260	6337
5	3171	3107	3105	6338
5	3168	3132	3008	6339
5	3312	3143	3298	6340
5	3233	3112	3067	6341
5	3397	3259	3296	6342
5	3328	3200	3170	6343
5	3232	3111	3230	6344
5	3230	3111	3109	6345
5	3223	3213	3016	6346
5	3222	3100	3099	6347
5	3173	3150	3020	6348
5	3173	3020	3048	6349
5	3326	3136	3196	6350
5	3183	2947	2894	6351
5	3314	3174	3032	6352
5	3175	3032	3006	6353
5	3185	3153	3029	6354
5	3192	3034	3176	6355
5	3291	3226	3164	6356
5	3520	3396	3484	6357
5	3446	3313	3436	6358
5	3485	3380	3440	6359
5	3179	3173	3048	6360
5	3179	3048	3128	6361
5	3270	3258	3205	6362
5	3370	3253	3294	6363
5	3195	3088	2941	6364
5	3197	2915	3017	6365
5	3418	3275	3060	6366
5	3308	3027	3159	6367
5	3301	3077	3151	6368
5	3283	3014	3264	6369
5	3184	3183	2894	6370
5	3184	2894	3072	6371
5	3440	3307	3390	6372
5	3269	3152	3153	6373
5	3418	3060	3271	6374
5	3337	3145	3217	6375
5	3218	3022	3187	6376
5	3220	2938	3098	6377
5	3320	3093	3188	6378
5	3188	3093	2962	6379
5	3381	3260	3373	6380
5	3311	3161	3262	6381
5	3310	3154	3256	6382
5	3294	3140	3287	6383
5	3474	3364	3363	6384
5	3202	3069	3191	6385
5	3192	3185	3054	6386
5	3192	3054	3034	6387
5	3193	3158	3053	6388
5	3193	3053	3075	6389
5	3315	3177	3163	6390
5	3287	3140	3194	6391
5	3651	3393	3534	6392
5	3400	3078	3266	6393
5	3337	3217	3309	6394
5	3309	3217	3162	6395
5	3198	3063	3197	6396
5	3197	3063	2915	6397
5	3318	3210	3088	6398
5	3265	3017	3181	6399
5	3199	3156	3035	6400
5	3199	3035	2909	6401
5	3313	3170	3169	6402
5	3240	3119	3239	6403
5	3234	3113	3232	6404
5	3228	3109	3107	6405
5	3401	3257	3360	6406
5	3360	3242	3244	6407
5	3203	3190	3071	6408
5	3203	3071	3057	6409
5	3207	3144	3079	6410
5	3204	3074	3061	6411
5	3205	3193	3075	6412
5	3205	3075	3056	6413
5	3250	3007	3131	6414
5	3402	3330	3206	6415
5	3298	3143	3178	6416
5	3317	3158	3307	6417
5	3208	3161	3084	6418
5	3208	3084	3049	6419
5	3486	3411	3447	6420
5	3278	3188	3087	6421
5	3302	3165	3094	6422
5	3487	3266	3393	6423
5	3224	3102	3090	6424
5	3331	3289	3207	6425
5	3221	3091	3212	6426
5	3223	3092	3214	6427
5	3224	3090	3213	6428
5	3335	3102	3224	6429
5	3371	3254	3370	6430
5	3214	3092	3051	6431
5	3215	3146	3095	6432
5	3215	3095	3042	6433
5	3216	3196	3096	6434
5	3216	3096	3024	6435
5	3299	3024	3037	6436
5	3217	3145	3083	6437
5	3340	3059	3220	6438
5	3338	3198	3327	6439
5	3327	3198	3197	6440
5	3338	3138	3198	6441
5	3218	3187	3138	6442
5	3339	3220	3219	6443
5	3222	3099	3221	6444
5	3222	3209	3100	6445
5	3223	3016	3092	6446
5	3280	3243	3157	6447
5	3291	3256	3226	6448
5	3405	3282	3212	6449
5	3342	3221	3282	6450
5	3361	3243	3280	6451
5	3225	3189	3103	6452
5	3225	3103	3043	6453
5	3284	3164	3209	6454
5	3226	3154	3062	6455
5	3228	3107	3171	6456
5	3249	3106	3227	6457
5	3247	3126	3246	6458
5	3351	3232	3348	6459
5	3488	3389	3367	6460
5	3229	3227	3108	6461
5	3236	3115	3235	6462
5	3235	3114	3234	6463
5	3313	3169	3312	6464
5	3231	3229	3110	6465
5	3349	3200	3328	6466
5	3349	3201	3200	6467
5	3353	3234	3351	6468
5	3233	3231	3112	6469
5	3346	3227	3229	6470
5	3478	3366	3476	6471
5	3328	3170	3313	6472
5	3312	3169	3143	6473
5	3348	3232	3230	6474
5	3359	3241	3240	6475
5	3351	3234	3232	6476
5	3357	3238	3356	6477
5	3353	3235	3234	6478
5	3362	3241	3359	6479
5	3354	3236	3235	6480
5	3355	3237	3236	6481
5	3365	3247	3364	6482
5	3356	3238	3237	6483
5	3363	3245	3362	6484
5	3357	3239	3238	6485
5	3242	3172	3101	6486
5	3242	3101	3124	6487
5	3336	3223	3214	6488
5	3243	3123	3122	6489
5	3343	3223	3336	6490
5	3428	3297	3321	6491
5	3358	3240	3239	6492
5	3359	3240	3358	6493
5	3365	3290	3248	6494
5	3363	3246	3245	6495
5	3762	3632	3716	6496
5	3529	3420	3489	6497
5	3491	3385	3407	6498
5	3530	3381	3526	6499
5	3492	3479	3369	6500
5	3292	3252	3132	6501
5	3252	3105	3132	6502
5	3295	3175	3130	6503
5	3593	3388	3496	6504
5	3251	3131	3129	6505
5	3288	3228	3171	6506
5	3369	3288	3171	6507
5	3254	3134	3133	6508
5	3255	3134	3254	6509
5	3371	3255	3254	6510
5	3378	3319	3377	6511
5	3322	3190	3203	6512
5	3416	3269	3293	6513
5	3526	3373	3521	6514
5	3447	3323	3443	6515
5	3403	3279	3166	6516
5	3335	3211	3102	6517
5	3417	3270	3269	6518
5	3270	3152	3269	6519
5	3259	3204	3137	6520
5	3551	3436	3435	6521
5	3297	3260	3149	6522
5	3297	3149	3189	6523
5	3360	3257	3242	6524
5	3495	3386	3481	6525
5	3420	3286	3385	6526
5	3584	3474	3583	6527
5	3364	3247	3246	6528
5	3365	3248	3247	6529
5	3314	3032	3175	6530
5	3511	3409	3330	6531
5	3327	3197	3265	6532
5	3338	3219	3218	6533
5	3419	3139	3275	6534
5	3415	3318	3382	6535
5	3267	3184	3072	6536
5	3267	3072	3174	6537
5	3268	3192	3176	6538
5	3371	3273	3255	6539
5	3800	3705	3768	6540
5	3417	3269	3416	6541
5	3650	3501	3629	6542
5	3553	3440	3390	6543
5	3499	3391	3303	6544
5	3277	3076	3139	6545
5	3272	3262	3208	6546
5	3272	3208	3148	6547
5	3273	3268	3176	6548
5	3273	3176	3255	6549
5	3375	3136	3326	6550
5	3274	3186	3058	6551
5	3419	3275	3418	6552
5	3277	3159	3076	6553
5	3521	3373	3428	6554
5	3387	3321	3276	6555
5	3595	3505	3549	6556
5	3308	3182	3027	6557
5	3343	3213	3223	6558
5	3279	3212	3086	6559
5	3332	3146	3215	6560
5	3334	3070	3146	6561
5	3652	3539	3579	6562
5	3413	3272	3392	6563
5	3547	3274	3430	6564
5	3299	3216	3024	6565
5	3558	3448	3383	6566
5	3341	3209	3222	6567
5	3444	3324	3322	6568
5	3367	3250	3131	6569
5	3285	3172	3257	6570
5	3291	3164	3284	6571
5	3336	3214	3285	6572
5	3344	3213	3343	6573
5	3286	3276	3150	6574
5	3286	3150	3173	6575
5	3294	3253	3140	6576
5	3370	3254	3253	6577
5	3345	3230	3228	6578
5	3355	3236	3354	6579
5	3553	3390	3497	6580
5	3446	3328	3313	6581
5	3290	3263	3179	6582
5	3290	3179	3248	6583
5	3425	3257	3401	6584
5	3502	3425	3401	6585
5	3366	3249	3227	6586
5	3503	3292	3409	6587
5	3293	3269	3153	6588
5	3293	3153	3185	6589
5	3456	3344	3343	6590
5	3412	3256	3291	6591
5	3375	3264	3136	6592
5	3519	3437	3314	6593
5	3296	3259	3137	6594
5	3296	3137	3180	6595
5	3438	3256	3412	6596
5	3589	3481	3480	6597
5	3669	3497	3596	6598
5	3397	3296	3380	6599
5	3304	3066	3145	6600
5	3325	3196	3216	6601
5	3300	3272	3148	6602
5	3300	3148	3141	6603
5	3330	3047	3206	6604
5	3330	3168	3047	6605
5	3431	3304	3394	6606
5	3536	3302	3404	6607
5	3735	3656	3542	6608
5	3487	3415	3266	6609
5	3305	3271	3156	6610
5	3305	3199	3304	6611
5	3500	3281	3391	6612
5	3431	3305	3304	6613
5	3306	3280	3157	6614
5	3306	3157	3202	6615
5	3317	3296	3180	6616
5	3307	3158	3193	6617
5	3441	3210	3318	6618
5	3382	3195	3340	6619
5	3483	3325	3433	6620
5	3506	3431	3394	6621
5	3315	3261	3177	6622
5	3315	3163	3310	6623
5	3329	3202	3191	6624
5	3329	3191	3323	6625
5	3628	3533	3594	6626
5	3423	3331	3379	6627
5	3435	3298	3429	6628
5	3429	3316	3395	6629
5	3414	3184	3267	6630
5	3437	3174	3314	6631
5	3481	3370	3480	6632
5	3538	3386	3495	6633
5	3316	3298	3178	6634
5	3316	3178	3144	6635
5	3497	3372	3482	6636
5	3378	3293	3319	6637
5	3441	3333	3210	6638
5	3333	3089	3210	6639
5	3319	3293	3185	6640
5	3319	3185	3192	6641
5	3320	3147	3093	6642
5	3331	3207	3204	6643
5	3321	3297	3189	6644
5	3321	3189	3225	6645
5	3324	3287	3194	6646
5	3447	3411	3329	6647
5	3507	3454	3450	6648
5	3329	3306	3202	6649
5	3396	3322	3261	6650
5	3527	3447	3443	6651
5	3326	3196	3325	6652
5	3388	3301	3151	6653
5	3801	3711	3601	6654
5	3388	3151	3283	6655
5	3340	3195	3059	6656
5	3338	3218	3138	6657
5	3435	3312	3298	6658
5	3358	3239	3357	6659
5	3392	3272	3300	6660
5	3599	3563	3507	6661
5	3737	3633	3493	6662
5	3367	3131	3251	6663
5	3515	3279	3403	6664
5	3332	3215	3320	6665
5	3334	3146	3332	6666
5	3334	3166	3070	6667
5	3404	3155	3333	6668
5	3393	3182	3308	6669
5	3403	3166	3334	6670
5	3448	3403	3334	6671
5	3448	3332	3383	6672
5	3449	3211	3335	6673
5	3471	3315	3310	6674
5	3616	3405	3515	6675
5	3524	3506	3394	6676
5	3391	3281	3303	6677
5	3340	3220	3339	6678
5	3339	3219	3338	6679
5	3452	3327	3265	6680
5	3400	3265	3181	6681
5	3400	3181	3078	6682
5	3382	3318	3088	6683
5	3453	3424	3284	6684
5	3341	3284	3209	6685
5	3342	3341	3222	6686
5	3342	3222	3221	6687
5	3450	3336	3285	6688
5	3425	3285	3257	6689
5	3454	3343	3336	6690
5	3597	3513	3560	6691
5	3348	3230	3345	6692
5	3356	3237	3355	6693
5	3476	3366	3346	6694
5	3366	3227	3346	6695
5	3347	3346	3229	6696
5	3347	3229	3231	6697
5	3736	3592	3626	6698
5	3354	3235	3353	6699
5	3352	3201	3349	6700
5	3350	3231	3233	6701
5	3474	3363	3473	6702
5	3461	3458	3350	6703
5	3458	3347	3350	6704
5	3459	3351	3348	6705
5	3458	3406	3347	6706
5	3352	3350	3233	6707
5	3565	3384	3457	6708
5	3460	3352	3349	6709
5	3463	3328	3446	6710
5	3429	3298	3316	6711
5	3436	3313	3312	6712
5	3462	3351	3459	6713
5	3462	3353	3351	6714
5	3464	3354	3353	6715
5	3582	3473	3472	6716
5	3465	3355	3354	6717
5	3473	3362	3472	6718
5	3466	3356	3355	6719
5	3475	3364	3474	6720
5	3467	3357	3356	6721
5	3411	3306	3329	6722
5	3510	3401	3470	6723
5	3361	3360	3244	6724
5	3361	3244	3243	6725
5	3472	3359	3469	6726
5	3468	3358	3357	6727
5	3469	3359	3358	6728
5	3475	3408	3365	6729
5	3473	3363	3362	6730
5	3983	3911	3982	6731
5	3699	3606	3641	6732
5	3472	3362	3359	6733
5	3479	3457	3288	6734
5	3426	3252	3292	6735
5	3369	3171	3252	6736
5	3711	3492	3601	6737
5	3704	3488	3608	6738
5	3368	3251	3249	6739
5	3476	3346	3406	6740
5	3384	3348	3345	6741
5	3481	3386	3371	6742
5	3480	3370	3294	6743
5	3696	3544	3657	6744
5	3410	3273	3386	6745
5	3417	3372	3270	6746
5	3481	3371	3370	6747
5	3491	3407	3490	6748
5	3602	3490	3517	6749
5	3438	3310	3256	6750
5	3741	3522	3616	6751
5	3552	3414	3267	6752
5	3434	3337	3309	6753
5	3524	3394	3337	6754
5	3493	3376	3414	6755
5	3377	3319	3268	6756
5	3386	3273	3371	6757
5	3518	3442	3444	6758
5	3544	3442	3518	6759
5	3379	3331	3259	6760
5	3629	3498	3628	6761
5	3397	3379	3259	6762
5	3380	3296	3317	6763
5	3951	3855	3927	6764
5	3603	3521	3545	6765
5	3452	3339	3338	6766
5	3452	3265	3400	6767
5	3902	3706	3813	6768
5	3383	3188	3278	6769
5	3466	3355	3465	6770
5	3468	3357	3467	6771
5	3385	3286	3263	6772
5	3475	3365	3364	6773
5	3410	3377	3268	6774
5	3703	3594	3610	6775
5	3494	3413	3392	6776
5	3742	3659	3707	6777
5	3402	3301	3388	6778
5	3402	3206	3301	6779
5	3389	3295	3250	6780
5	3389	3250	3367	6781
5	3440	3380	3317	6782
5	3390	3307	3258	6783
5	3433	3216	3299	6784
5	3433	3325	3216	6785
5	3648	3530	3526	6786
5	3526	3381	3373	6787
5	3404	3302	3155	6788
5	3531	3404	3333	6789
5	3394	3304	3145	6790
5	3394	3145	3337	6791
5	3550	3429	3546	6792
5	3533	3380	3485	6793
5	3427	3294	3287	6794
5	3480	3294	3427	6795
5	3498	3379	3397	6796
5	3546	3395	3532	6797
5	3534	3393	3308	6798
5	3398	3308	3159	6799
5	3743	3728	3604	6800
5	3627	3490	3602	6801
5	3452	3340	3339	6802
5	3452	3338	3327	6803
5	3421	3306	3411	6804
5	3607	3518	3520	6805
5	3409	3292	3168	6806
5	3409	3168	3330	6807
5	3451	3342	3282	6808
5	3405	3212	3279	6809
5	3432	3305	3431	6810
5	3764	3547	3430	6811
5	3422	3335	3224	6812
5	3422	3224	3344	6813
5	3569	3459	3516	6814
5	3457	3345	3288	6815
5	3407	3385	3263	6816
5	3407	3263	3290	6817
5	3408	3407	3290	6818
5	3408	3290	3365	6819
5	3704	3600	3488	6820
5	3426	3369	3252	6821
5	4003	3938	3984	6822
5	3609	3528	3538	6823
5	3439	3361	3280	6824
5	3504	3439	3421	6825
5	3421	3280	3306	6826
5	3470	3360	3361	6827
5	3413	3399	3262	6828
5	3413	3262	3272	6829
5	3414	3376	3183	6830
5	3414	3183	3184	6831
5	3415	3382	3400	6832
5	3415	3400	3266	6833
5	3540	3416	3378	6834
5	3610	3594	3485	6835
5	3667	3551	3550	6836
5	3692	3623	3584	6837
5	3542	3277	3419	6838
5	3419	3277	3139	6839
5	3430	3165	3302	6840
5	3505	3419	3418	6841
5	3420	3387	3276	6842
5	3420	3276	3286	6843
5	3705	3605	3655	6844
5	3688	3543	3604	6845
5	3455	3341	3342	6846
5	3512	3403	3448	6847
5	3423	3395	3289	6848
5	3423	3289	3331	6849
5	3424	3412	3291	6850
5	3424	3291	3284	6851
5	3450	3285	3425	6852
5	3522	3451	3282	6853
5	3477	3367	3251	6854
5	3477	3251	3368	6855
5	3543	3411	3486	6856
5	3804	3721	3790	6857
5	3936	3817	3812	6858
5	3794	3692	3691	6859
5	3532	3423	3501	6860
5	3463	3349	3328	6861
5	3499	3303	3186	6862
5	3430	3274	3165	6863
5	3432	3271	3305	6864
5	3432	3418	3271	6865
5	3500	3299	3281	6866
5	3547	3499	3186	6867
5	3524	3337	3434	6868
5	3555	3375	3326	6869
5	3600	3523	3389	6870
5	3375	3283	3264	6871
5	3754	3628	3753	6872
5	3501	3423	3379	6873
5	3551	3435	3550	6874
5	3532	3395	3423	6875
5	3631	3402	3593	6876
5	3437	3267	3174	6877
5	3439	3280	3421	6878
5	3471	3310	3438	6879
5	3470	3361	3439	6880
5	3470	3401	3360	6881
5	3541	3417	3416	6882
5	3645	3528	3609	6883
5	3554	3318	3415	6884
5	3591	3531	3441	6885
5	3442	3427	3287	6886
5	3442	3287	3324	6887
5	3447	3329	3323	6888
5	3443	3323	3311	6889
5	3519	3314	3175	6890
5	3511	3330	3402	6891
5	3708	3615	3555	6892
5	3445	3326	3325	6893
5	3572	3446	3556	6894
5	3469	3358	3468	6895
5	3383	3332	3320	6896
5	3383	3320	3188	6897
5	3449	3278	3211	6898
5	3598	3561	3456	6899
5	3558	3278	3449	6900
5	3558	3383	3278	6901
5	3559	3450	3425	6902
5	3515	3403	3512	6903
5	3455	3342	3451	6904
5	3453	3284	3341	6905
5	3452	3400	3382	6906
5	3452	3382	3340	6907
5	3454	3336	3450	6908
5	3559	3425	3502	6909
5	3456	3343	3454	6910
5	3741	3616	3701	6911
5	3709	3561	3598	6912
5	3455	3453	3341	6913
5	3736	3707	3592	6914
5	3580	3471	3539	6915
5	3573	3464	3571	6916
5	3457	3384	3345	6917
5	3459	3348	3384	6918
5	3516	3459	3384	6919
5	3464	3353	3462	6920
5	3465	3354	3464	6921
5	3461	3352	3460	6922
5	3461	3350	3352	6923
5	3805	3755	3635	6924
5	3537	3476	3406	6925
5	3618	3537	3566	6926
5	3583	3473	3582	6927
5	3666	3516	3619	6928
5	3463	3460	3349	6929
5	3569	3462	3459	6930
5	3567	3461	3460	6931
5	3806	3608	3745	6932
5	3546	3429	3395	6933
5	3550	3435	3429	6934
5	3904	3711	3801	6935
5	3571	3464	3462	6936
5	3573	3465	3464	6937
5	3584	3517	3475	6938
5	3574	3466	3465	6939
5	3692	3583	3691	6940
5	3575	3467	3466	6941
5	3604	3543	3486	6942
5	3530	3392	3381	6943
5	3589	3480	3588	6944
5	3471	3374	3315	6945
5	3690	3582	3581	6946
5	3576	3468	3467	6947
5	3582	3472	3581	6948
5	3577	3469	3468	6949
5	3583	3474	3473	6950
5	3626	3489	3491	6951
5	3581	3472	3469	6952
5	3584	3475	3474	6953
5	3585	3368	3478	6954
5	3488	3367	3477	6955
5	3479	3288	3369	6956
5	3503	3426	3292	6957
5	3600	3389	3488	6958
5	3478	3368	3366	6959
5	3492	3369	3426	6960
5	3570	3460	3463	6961
5	3513	3412	3424	6962
5	3541	3416	3540	6963
5	3525	3378	3377	6964
5	3654	3540	3525	6965
5	3541	3482	3417	6966
5	3540	3378	3525	6967
5	3624	3445	3483	6968
5	3483	3445	3325	6969
5	3484	3396	3374	6970
5	3580	3484	3374	6971
5	3753	3594	3703	6972
5	3768	3655	3654	6973
5	3766	3687	3652	6974
5	3527	3486	3447	6975
5	3542	3398	3277	6976
5	3554	3441	3318	6977
5	3519	3175	3295	6978
5	3555	3326	3445	6979
5	3489	3420	3385	6980
5	3788	3686	3653	6981
5	3491	3489	3385	6982
5	3490	3407	3408	6983
5	3626	3592	3489	6984
5	3934	3836	3897	6985
5	3608	3477	3585	6986
5	3586	3476	3537	6987
5	3509	3434	3309	6988
5	3509	3376	3493	6989
5	3508	3443	3399	6990
5	3527	3443	3508	6991
5	3589	3495	3481	6992
5	3588	3427	3544	6993
5	3496	3388	3283	6994
5	3496	3283	3375	6995
5	3553	3485	3440	6996
5	3497	3390	3372	6997
5	3747	3610	3669	6998
5	3660	3532	3650	6999
5	3548	3432	3431	7000
5	3549	3432	3548	7001
5	3514	3299	3500	7002
5	3514	3433	3299	7003
5	3610	3485	3553	7004
5	3747	3703	3610	7005
5	3578	3439	3504	7006
5	3612	3507	3559	7007
5	4010	3835	3944	7008
5	3585	3477	3368	7009
5	3578	3470	3439	7010
5	3510	3502	3401	7011
5	3531	3333	3441	7012
5	3534	3308	3398	7013
5	3549	3505	3418	7014
5	3548	3431	3506	7015
5	3563	3456	3454	7016
5	3579	3412	3513	7017
5	3648	3526	3646	7018
5	3898	3808	3868	7019
5	3633	3509	3493	7020
5	3643	3524	3434	7021
5	3539	3471	3438	7022
5	3564	3455	3451	7023
5	3608	3488	3477	7024
5	3805	3635	3733	7025
5	3616	3522	3405	7026
5	3515	3405	3279	7027
5	3716	3606	3699	7028
5	3653	3578	3504	7029
5	3644	3506	3524	7030
5	3590	3483	3433	7031
5	3563	3454	3507	7032
5	3522	3282	3405	7033
5	3574	3465	3573	7034
5	3572	3463	3446	7035
5	3517	3490	3408	7036
5	3517	3408	3475	7037
5	3544	3427	3442	7038
5	3588	3480	3427	7039
5	3640	3437	3519	7040
5	3552	3267	3437	7041
5	3520	3518	3444	7042
5	3520	3444	3396	7043
5	3530	3494	3392	7044
5	3808	3715	3762	7045
5	3557	3335	3422	7046
5	3642	3422	3561	7047
5	3523	3519	3295	7048
5	3523	3295	3389	7049
5	3644	3524	3643	7050
5	3590	3433	3514	7051
5	3799	3696	3717	7052
5	3654	3525	3645	7053
5	4029	3898	4020	7054
5	3817	3752	3718	7055
5	3657	3518	3607	7056
5	3767	3645	3761	7057
5	3528	3525	3377	7058
5	3528	3377	3410	7059
5	3545	3428	3387	7060
5	3529	3387	3420	7061
5	3659	3529	3592	7062
5	3606	3535	3494	7063
5	3649	3404	3531	7064
5	3536	3430	3302	7065
5	3655	3541	3540	7066
5	3628	3498	3533	7067
5	3533	3498	3397	7068
5	3533	3397	3380	7069
5	3554	3415	3487	7070
5	3670	3554	3487	7071
5	3535	3508	3399	7072
5	3535	3399	3413	7073
5	3649	3536	3404	7074
5	3547	3186	3274	7075
5	3621	3479	3492	7076
5	3587	3565	3457	7077
5	3538	3528	3410	7078
5	3538	3410	3386	7079
5	3696	3588	3544	7080
5	3638	3513	3597	7081
5	3719	3605	3705	7082
5	3645	3525	3528	7083
5	3869	3754	3864	7084
5	3655	3605	3541	7085
5	3651	3487	3393	7086
5	3656	3398	3542	7087
5	3543	3504	3421	7088
5	3543	3421	3411	7089
5	4118	4026	4045	7090
5	3854	3743	3847	7091
5	3646	3521	3603	7092
5	3715	3625	3647	7093
5	3665	3550	3546	7094
5	3629	3501	3498	7095
5	3723	3651	3656	7096
5	3549	3418	3432	7097
5	3671	3445	3624	7098
5	3724	3639	3662	7099
5	3749	3624	3483	7100
5	3842	3771	3664	7101
5	3667	3550	3665	7102
5	3694	3537	3618	7103
5	3665	3546	3660	7104
5	3650	3532	3501	7105
5	3613	3493	3414	7106
5	3593	3402	3388	7107
5	3655	3540	3654	7108
5	3769	3660	3650	7109
5	3649	3531	3591	7110
5	3591	3441	3554	7111
5	3634	3434	3509	7112
5	3708	3555	3671	7113
5	3780	3727	3622	7114
5	3905	3731	3826	7115
5	3672	3449	3557	7116
5	3557	3449	3335	7117
5	3672	3558	3449	7118
5	3558	3512	3448	7119
5	3673	3597	3560	7120
5	3559	3507	3450	7121
5	3560	3513	3424	7122
5	3560	3424	3453	7123
5	3561	3422	3344	7124
5	3561	3344	3456	7125
5	3562	3560	3453	7126
5	3562	3453	3455	7127
5	3598	3456	3563	7128
5	3675	3562	3564	7129
5	3702	3653	3688	7130
5	3564	3562	3455	7131
5	3568	3461	3567	7132
5	3565	3516	3384	7133
5	3566	3537	3406	7134
5	3566	3406	3458	7135
5	3568	3458	3461	7136
5	3568	3566	3458	7137
5	3581	3469	3577	7138
5	4076	3991	3925	7139
5	3571	3462	3569	7140
5	3577	3468	3576	7141
5	3679	3571	3622	7142
5	3570	3567	3460	7143
5	3576	3467	3575	7144
5	3575	3466	3574	7145
5	3677	3620	3567	7146
5	3572	3570	3463	7147
5	3620	3568	3567	7148
5	3676	3568	3620	7149
5	3826	3731	3692	7150
5	3676	3618	3566	7151
5	3681	3573	3679	7152
5	3689	3577	3685	7153
5	3679	3573	3571	7154
5	3681	3574	3573	7155
5	3691	3582	3690	7156
5	3683	3575	3574	7157
5	3612	3599	3507	7158
5	3578	3510	3470	7159
5	3579	3539	3438	7160
5	3579	3438	3412	7161
5	4110	4019	4075	7162
5	3730	3609	3614	7163
5	3812	3718	3732	7164
5	3684	3576	3575	7165
5	3690	3581	3689	7166
5	3685	3577	3576	7167
5	3846	3732	3731	7168
5	3691	3583	3582	7169
5	4063	3981	3987	7170
5	3732	3623	3731	7171
5	3587	3457	3479	7172
5	3750	3668	3523	7173
5	3711	3621	3492	7174
5	3586	3478	3476	7175
5	3700	3587	3621	7176
5	3695	3619	3565	7177
5	4034	3924	4003	7178
5	3658	3614	3495	7179
5	3625	3604	3486	7180
5	3732	3602	3623	7181
5	3726	3595	3663	7182
5	3671	3555	3445	7183
5	3735	3542	3419	7184
5	3735	3419	3505	7185
5	3592	3529	3489	7186
5	3936	3812	3935	7187
5	3850	3633	3737	7188
5	3901	3805	3733	7189
5	3594	3533	3485	7190
5	3765	3629	3754	7191
5	3663	3548	3661	7192
5	3661	3506	3644	7193
5	3596	3497	3482	7194
5	3820	3719	3705	7195
5	3790	3687	3766	7196
5	3638	3579	3513	7197
5	3740	3675	3564	7198
5	3675	3673	3562	7199
5	4064	3999	4030	7200
5	3740	3564	3674	7201
5	3750	3523	3600	7202
5	3613	3414	3552	7203
5	3601	3492	3426	7204
5	3601	3426	3503	7205
5	3689	3581	3577	7206
5	3692	3584	3583	7207
5	3836	3742	3802	7208
5	3710	3646	3603	7209
5	3763	3646	3710	7210
5	3817	3718	3812	7211
5	3605	3596	3482	7212
5	3605	3482	3541	7213
5	3625	3486	3527	7214
5	3632	3535	3606	7215
5	3687	3539	3652	7216
5	3762	3647	3632	7217
5	3745	3585	3693	7218
5	3621	3587	3479	7219
5	3790	3721	3617	7220
5	3657	3544	3518	7221
5	3875	3769	3874	7222
5	3747	3669	3713	7223
5	3611	3607	3520	7224
5	3611	3520	3484	7225
5	3788	3653	3702	7226
5	3673	3560	3562	7227
5	3615	3375	3555	7228
5	3749	3483	3590	7229
5	3614	3609	3538	7230
5	3614	3538	3495	7231
5	3816	3671	3751	7232
5	3615	3496	3375	7233
5	3672	3512	3558	7234
5	3741	3674	3522	7235
5	3617	3611	3484	7236
5	3617	3484	3580	7237
5	3622	3571	3569	7238
5	3619	3516	3565	7239
5	3660	3546	3532	7240
5	3676	3566	3568	7241
5	3682	3551	3667	7242
5	3680	3572	3556	7243
5	3693	3585	3478	7244
5	3693	3478	3586	7245
5	3683	3574	3681	7246
5	3677	3567	3570	7247
5	3623	3602	3517	7248
5	3623	3517	3584	7249
5	3815	3600	3704	7250
5	3816	3708	3671	7251
5	3647	3508	3632	7252
5	3647	3527	3508	7253
5	3752	3627	3718	7254
5	3931	3802	3834	7255
5	3627	3626	3491	7256
5	3627	3491	3490	7257
5	3785	3682	3667	7258
5	4065	3833	3912	7259
5	3713	3669	3596	7260
5	3753	3628	3594	7261
5	3630	3612	3559	7262
5	3630	3559	3502	7263
5	3904	3837	3711	7264
5	3631	3511	3402	7265
5	3647	3625	3527	7266
5	3632	3508	3535	7267
5	3634	3509	3633	7268
5	3663	3549	3548	7269
5	3848	3822	3774	7270
5	3643	3434	3634	7271
5	3635	3503	3409	7272
5	3635	3409	3511	7273
5	3636	3616	3515	7274
5	3636	3515	3512	7275
5	3637	3630	3502	7276
5	3637	3502	3510	7277
5	3652	3579	3638	7278
5	3687	3580	3539	7279
5	3639	3590	3514	7280
5	3639	3514	3500	7281
5	3757	3640	3668	7282
5	3640	3552	3437	7283
5	3641	3606	3494	7284
5	3641	3494	3530	7285
5	3642	3636	3557	7286
5	3642	3557	3422	7287
5	3758	3643	3634	7288
5	3770	3724	3725	7289
5	3821	3749	3759	7290
5	3835	3593	3814	7291
5	3838	3719	3820	7292
5	3768	3654	3767	7293
5	3648	3641	3530	7294
5	3646	3526	3521	7295
5	3819	3746	3798	7296
5	3734	3720	3607	7297
5	3722	3699	3641	7298
5	3761	3609	3730	7299
5	3841	3664	3499	7300
5	3774	3649	3591	7301
5	3773	3665	3772	7302
5	3772	3660	3769	7303
5	3670	3487	3651	7304
5	3670	3591	3554	7305
5	3686	3510	3578	7306
5	3738	3630	3637	7307
5	3686	3578	3653	7308
5	3686	3637	3510	7309
5	3761	3645	3609	7310
5	4065	3903	3833	7311
5	3829	3730	3746	7312
5	3820	3705	3800	7313
5	3656	3651	3534	7314
5	3656	3534	3398	7315
5	3658	3495	3589	7316
5	3734	3611	3721	7317
5	3697	3588	3696	7318
5	3697	3589	3588	7319
5	3659	3603	3545	7320
5	3659	3545	3529	7321
5	3863	3753	3703	7322
5	3754	3629	3628	7323
5	3759	3639	3724	7324
5	3968	3883	3917	7325
5	3662	3639	3500	7326
5	3662	3500	3391	7327
5	3723	3670	3651	7328
5	3663	3595	3549	7329
5	3664	3662	3391	7330
5	3664	3391	3499	7331
5	4150	4066	4134	7332
5	3682	3556	3551	7333
5	3666	3622	3569	7334
5	3666	3569	3516	7335
5	3765	3650	3629	7336
5	3772	3665	3660	7337
5	3668	3640	3519	7338
5	3668	3519	3523	7339
5	3669	3610	3553	7340
5	3669	3553	3497	7341
5	3906	3841	3764	7342
5	3774	3591	3670	7343
5	3835	3733	3631	7344
5	3737	3493	3613	7345
5	3672	3557	3636	7346
5	3672	3636	3512	7347
5	3776	3597	3673	7348
5	3775	3599	3612	7349
5	3674	3564	3451	7350
5	3674	3451	3522	7351
5	3813	3675	3740	7352
5	3852	3741	3701	7353
5	3729	3618	3676	7354
5	3778	3666	3619	7355
5	3783	3680	3682	7356
5	3779	3712	3677	7357
5	3678	3677	3570	7358
5	3678	3570	3572	7359
5	3685	3576	3684	7360
5	3684	3575	3683	7361
5	3779	3677	3678	7362
5	3680	3678	3572	7363
5	3712	3620	3677	7364
5	3773	3667	3665	7365
5	3785	3667	3773	7366
5	3682	3680	3556	7367
5	3782	3679	3727	7368
5	3794	3691	3793	7369
5	3826	3692	3794	7370
5	3769	3650	3765	7371
5	3926	3831	3907	7372
5	3784	3683	3681	7373
5	3706	3673	3675	7374
5	3714	3637	3686	7375
5	3748	3630	3738	7376
5	3687	3617	3580	7377
5	3688	3653	3504	7378
5	3688	3504	3543	7379
5	3792	3689	3791	7380
5	3786	3684	3683	7381
5	3793	3691	3690	7382
5	3787	3685	3684	7383
5	3846	3812	3732	7384
5	3793	3690	3792	7385
5	3791	3689	3685	7386
5	3792	3690	3689	7387
5	3695	3565	3587	7388
5	3992	3827	3929	7389
5	3827	3693	3795	7390
5	3694	3586	3537	7391
5	3700	3695	3587	7392
5	3777	3620	3712	7393
5	3697	3658	3589	7394
5	3932	3828	3839	7395
5	3873	3800	3768	7396
5	3890	3728	3854	7397
5	3735	3505	3698	7398
5	3698	3505	3595	7399
5	4254	4211	4214	7400
5	3722	3641	3648	7401
5	3825	3782	3727	7402
5	3796	3618	3729	7403
5	3701	3616	3636	7404
5	3701	3636	3642	7405
5	3909	3800	3873	7406
5	3829	3746	3819	7407
5	3833	3703	3747	7408
5	3767	3654	3645	7409
5	3745	3608	3585	7410
5	3994	3801	3933	7411
5	3768	3705	3655	7412
5	3872	3761	3867	7413
5	3748	3612	3630	7414
5	3789	3638	3744	7415
5	3707	3659	3592	7416
5	3840	3763	3807	7417
5	3814	3496	3615	7418
5	4077	3988	3910	7419
5	3709	3701	3642	7420
5	3709	3642	3561	7421
5	3943	3849	3913	7422
5	3807	3763	3710	7423
5	3801	3601	3755	7424
5	3910	3815	3704	7425
5	3797	3619	3695	7426
5	3727	3679	3622	7427
5	3873	3768	3767	7428
5	3912	3833	3857	7429
5	3738	3637	3714	7430
5	3775	3612	3748	7431
5	3743	3625	3715	7432
5	3728	3688	3604	7433
5	3762	3715	3647	7434
5	3716	3632	3606	7435
5	3717	3696	3657	7436
5	3721	3611	3617	7437
5	3718	3627	3602	7438
5	3993	3948	3945	7439
5	3719	3713	3596	7440
5	3719	3596	3605	7441
5	3720	3717	3657	7442
5	3720	3657	3607	7443
5	3734	3607	3611	7444
5	3847	3743	3715	7445
5	3834	3802	3707	7446
5	4162	4138	4087	7447
5	3764	3536	3649	7448
5	3774	3670	3723	7449
5	3771	3662	3664	7450
5	3725	3663	3661	7451
5	3841	3547	3764	7452
5	3726	3663	3725	7453
5	3771	3724	3662	7454
5	3841	3499	3547	7455
5	3786	3683	3784	7456
5	3784	3681	3782	7457
5	3790	3617	3687	7458
5	3728	3702	3688	7459
5	3843	3695	3700	7460
5	3881	3777	3712	7461
5	3854	3728	3743	7462
5	3867	3730	3829	7463
5	3732	3718	3602	7464
5	3731	3623	3692	7465
5	4134	4066	4107	7466
5	3834	3707	3736	7467
5	3733	3635	3511	7468
5	3733	3511	3631	7469
5	3743	3604	3625	7470
5	3923	3871	3890	7471
5	3971	3886	3876	7472
5	3848	3656	3735	7473
5	3849	3752	3817	7474
5	3936	3913	3817	7475
5	3756	3634	3633	7476
5	3850	3756	3633	7477
5	3744	3638	3597	7478
5	3859	3775	3748	7479
5	3739	3598	3563	7480
5	3739	3563	3599	7481
5	3824	3823	3740	7482
5	3852	3740	3674	7483
5	3852	3701	3709	7484
5	3824	3598	3739	7485
5	3742	3710	3603	7486
5	3742	3603	3659	7487
5	3982	3934	3981	7488
5	3889	3766	3870	7489
5	3856	3789	3744	7490
5	3832	3798	3799	7491
5	3827	3745	3693	7492
5	3796	3694	3618	7493
5	3746	3730	3614	7494
5	3746	3614	3658	7495
5	3950	3838	3924	7496
5	3966	3881	3926	7497
5	3945	3847	3808	7498
5	3858	3748	3738	7499
5	3770	3661	3644	7500
5	3760	3643	3758	7501
5	3757	3552	3640	7502
5	3988	3815	3910	7503
5	3751	3671	3624	7504
5	3821	3818	3862	7505
5	3752	3736	3626	7506
5	3752	3626	3627	7507
5	4245	4197	4147	7508
5	3857	3747	3713	7509
5	4073	4038	3954	7510
5	3857	3713	3838	7511
5	3755	3601	3503	7512
5	3755	3503	3635	7513
5	3760	3644	3643	7514
5	3758	3634	3756	7515
5	3865	3613	3757	7516
5	3757	3613	3552	7517
5	3962	3875	3874	7518
5	3818	3760	3758	7519
5	3759	3749	3590	7520
5	3759	3590	3639	7521
5	3770	3644	3760	7522
5	3770	3725	3661	7523
5	3960	3867	3956	7524
5	3945	3808	3898	7525
5	3868	3716	3809	7526
5	3974	3804	3889	7527
5	3763	3722	3648	7528
5	3763	3648	3646	7529
5	4047	3968	4018	7530
5	3810	3595	3726	7531
5	3864	3753	3863	7532
5	3864	3754	3753	7533
5	3922	3775	3859	7534
5	3989	3803	3902	7535
5	3872	3767	3761	7536
5	3938	3800	3909	7537
5	3960	3872	3867	7538
5	3990	3920	3958	7539
5	3883	3782	3825	7540
5	3874	3765	3869	7541
5	3821	3760	3818	7542
5	3770	3759	3724	7543
5	3771	3726	3725	7544
5	3771	3725	3724	7545
5	4016	3962	4001	7546
5	3869	3765	3754	7547
5	3886	3773	3876	7548
5	3782	3681	3679	7549
5	3848	3774	3723	7550
5	3822	3649	3774	7551
5	3776	3673	3706	7552
5	3813	3706	3675	7553
5	3871	3788	3702	7554
5	3776	3744	3597	7555
5	3777	3729	3676	7556
5	3777	3676	3620	7557
5	3925	3896	3797	7558
5	3780	3666	3778	7559
5	3831	3712	3779	7560
5	3780	3622	3666	7561
5	3970	3885	3968	7562
5	3844	3729	3777	7563
5	3781	3779	3678	7564
5	3781	3678	3680	7565
5	3791	3685	3787	7566
5	3787	3684	3786	7567
5	3905	3846	3731	7568
5	3783	3781	3680	7569
5	3879	3779	3781	7570
5	3876	3773	3772	7571
5	3886	3785	3773	7572
5	3785	3783	3682	7573
5	4045	3894	3978	7574
5	3875	3772	3769	7575
5	3879	3831	3779	7576
5	3876	3772	3875	7577
5	3952	3859	3858	7578
5	3788	3714	3686	7579
5	3789	3766	3652	7580
5	3789	3652	3638	7581
5	3828	3717	3720	7582
5	3853	3734	3721	7583
5	3887	3786	3885	7584
5	3885	3786	3784	7585
5	3928	3905	3826	7586
5	3887	3787	3786	7587
5	3891	3791	3787	7588
5	3892	3791	3891	7589
5	3928	3826	3794	7590
5	4189	4079	4135	7591
5	3795	3693	3586	7592
5	3795	3586	3694	7593
5	3797	3778	3619	7594
5	3979	3895	3844	7595
5	4124	4039	4051	7596
5	3895	3729	3844	7597
5	3798	3746	3658	7598
5	3798	3658	3697	7599
5	3799	3798	3697	7600
5	3799	3697	3696	7601
5	3873	3767	3872	7602
5	3867	3761	3730	7603
5	4070	3908	4012	7604
5	3815	3750	3600	7605
5	3802	3742	3707	7606
5	4086	3981	4063	7607
5	3877	3744	3776	7608
5	3803	3776	3706	7609
5	4050	3972	3997	7610
5	3868	3762	3716	7611
5	3806	3704	3608	7612
5	4071	3904	3994	7613
5	3843	3797	3695	7614
5	3910	3704	3806	7615
5	4028	3931	3943	7616
5	3921	3830	3900	7617
5	3847	3715	3808	7618
5	3855	3738	3714	7619
5	3868	3808	3762	7620
5	3809	3716	3699	7621
5	3822	3764	3649	7622
5	3810	3698	3595	7623
5	3811	3795	3694	7624
5	3811	3694	3796	7625
5	4135	4079	4118	7626
5	3935	3812	3846	7627
5	3851	3599	3775	7628
5	3922	3851	3775	7629
5	3814	3615	3708	7630
5	3894	3793	3893	7631
5	3901	3733	3835	7632
5	3835	3631	3593	7633
5	3861	3757	3668	7634
5	3865	3757	3861	7635
5	4000	3913	3999	7636
5	3931	3897	3802	7637
5	4033	4008	3952	7638
5	3866	3862	3818	7639
5	3942	3845	3918	7640
5	3853	3721	3804	7641
5	4072	3984	4005	7642
5	4259	4217	4198	7643
5	3862	3624	3749	7644
5	3821	3862	3749	7645
5	3860	3668	3750	7646
5	3814	3593	3496	7647
5	3823	3813	3740	7648
5	3824	3739	3823	7649
5	3852	3674	3741	7650
5	3824	3740	3852	7651
5	3883	3784	3782	7652
5	3885	3784	3883	7653
5	3893	3792	3892	7654
5	3892	3792	3791	7655
5	3994	3904	3801	7656
5	4077	3995	4067	7657
5	3832	3819	3798	7658
5	3845	3717	3828	7659
5	3956	3829	3940	7660
5	3937	3819	3832	7661
5	3830	3809	3699	7662
5	3830	3699	3722	7663
5	3908	3843	3700	7664
5	3996	3929	3811	7665
5	4052	3997	3923	7666
5	4029	3993	3945	7667
5	3838	3713	3719	7668
5	3950	3857	3838	7669
5	3999	3913	3936	7670
5	4000	3943	3913	7671
5	3944	3814	3899	7672
5	3861	3668	3860	7673
5	3836	3807	3710	7674
5	3836	3710	3742	7675
5	3837	3700	3621	7676
5	3837	3621	3711	7677
5	3857	3833	3747	7678
5	4038	3990	3958	7679
5	3839	3828	3720	7680
5	3839	3720	3734	7681
5	3840	3830	3722	7682
5	3840	3722	3763	7683
5	3842	3726	3771	7684
5	3842	3664	3841	7685
5	4001	3962	3920	7686
5	3842	3810	3726	7687
5	3895	3796	3729	7688
5	3878	3727	3780	7689
5	3878	3825	3727	7690
5	3881	3712	3831	7691
5	3845	3832	3799	7692
5	3845	3799	3717	7693
5	3893	3793	3792	7694
5	3894	3794	3793	7695
5	3918	3845	3828	7696
5	3858	3738	3855	7697
5	3848	3723	3656	7698
5	3848	3735	3698	7699
5	3849	3834	3736	7700
5	3849	3736	3752	7701
5	3953	3866	3946	7702
5	3866	3751	3862	7703
5	3851	3823	3739	7704
5	3851	3739	3599	7705
5	3824	3852	3709	7706
5	3824	3709	3598	7707
5	3932	3918	3828	7708
5	3853	3839	3734	7709
5	3921	3809	3830	7710
5	4139	4088	4110	7711
5	3870	3766	3789	7712
5	3859	3748	3858	7713
5	3870	3789	3856	7714
5	3889	3790	3766	7715
5	4004	3954	3863	7716
5	3958	3920	3869	7717
5	3951	3858	3855	7718
5	3963	3877	3914	7719
5	3877	3776	3803	7720
5	3902	3803	3706	7721
5	3899	3708	3816	7722
5	3865	3737	3613	7723
5	3944	3835	3814	7724
5	3946	3866	3756	7725
5	4035	4033	3951	7726
5	3862	3751	3624	7727
5	4286	4209	4136	7728
5	4100	4006	4034	7729
5	4073	3954	4004	7730
5	4126	4047	4084	7731
5	4002	3850	3955	7732
5	3955	3865	3861	7733
5	3866	3818	3758	7734
5	3866	3758	3756	7735
5	3961	3909	3873	7736
5	4169	4099	4098	7737
5	3923	3890	3916	7738
5	3916	3890	3854	7739
5	4001	3920	3990	7740
5	4023	3966	3926	7741
5	3888	3714	3788	7742
5	3927	3855	3888	7743
5	3888	3788	3871	7744
5	3888	3855	3714	7745
5	3940	3829	3819	7746
5	3961	3873	3872	7747
5	4190	4142	4161	7748
5	4006	3912	3950	7749
5	3821	3759	3770	7750
5	3821	3770	3760	7751
5	4007	3964	3967	7752
5	3971	3876	3915	7753
5	3906	3848	3698	7754
5	3906	3698	3810	7755
5	4241	4189	4135	7756
5	3877	3856	3744	7757
5	3896	3778	3797	7758
5	3884	3783	3785	7759
5	3964	3879	3882	7760
5	3907	3831	3879	7761
5	3880	3878	3780	7762
5	3880	3780	3778	7763
5	3926	3881	3831	7764
5	3881	3844	3777	7765
5	3882	3879	3781	7766
5	3882	3781	3783	7767
5	3928	3794	3894	7768
5	3891	3787	3887	7769
5	3965	3917	3825	7770
5	3884	3882	3783	7771
5	3917	3883	3825	7772
5	3966	3844	3881	7773
5	3962	3874	3920	7774
5	3886	3884	3785	7775
5	3958	3864	3954	7776
5	3978	3893	3977	7777
5	4008	3963	3914	7778
5	3914	3877	3803	7779
5	3948	3854	3847	7780
5	3889	3804	3790	7781
5	3890	3871	3702	7782
5	3890	3702	3728	7783
5	4057	3978	3977	7784
5	4432	4401	4332	7785
5	3970	3887	3885	7786
5	3975	3887	3970	7787
5	3975	3891	3887	7788
5	3976	3891	3975	7789
5	3976	3892	3891	7790
5	3977	3893	3892	7791
5	3896	3880	3778	7792
5	3996	3811	3941	7793
5	3925	3797	3843	7794
5	4044	3907	4009	7795
5	3897	3836	3802	7796
5	4141	4062	4094	7797
5	3983	3900	3911	7798
5	3900	3830	3840	7799
5	4011	3861	3860	7800
5	3899	3814	3708	7801
5	3957	3898	3868	7802
5	3957	3809	3921	7803
5	4102	4011	4010	7804
5	3988	3919	3815	7805
5	4099	4003	4098	7806
5	4400	4393	4341	7807
5	3903	3863	3703	7808
5	3903	3703	3833	7809
5	3908	3700	3837	7810
5	4139	4110	4137	7811
5	4060	4030	3935	7812
5	3978	3894	3893	7813
5	4013	3816	3953	7814
5	3946	3756	3850	7815
5	3969	3884	3886	7816
5	4004	3863	3903	7817
5	4092	3939	3992	7818
5	4070	4069	4014	7819
5	3961	3872	3960	7820
5	3956	3867	3829	7821
5	4077	3910	3995	7822
5	3919	3750	3815	7823
5	3911	3900	3840	7824
5	3911	3840	3807	7825
5	3924	3838	3820	7826
5	4040	3956	4036	7827
5	3913	3849	3817	7828
5	4028	3987	3931	7829
5	3972	3888	3871	7830
5	3972	3871	3923	7831
5	3915	3876	3875	7832
5	4170	4096	4167	7833
5	3940	3819	3937	7834
5	4296	4245	4147	7835
5	4104	4045	3978	7836
5	3968	3885	3883	7837
5	3957	3868	3809	7838
5	4029	3945	3898	7839
5	4010	3901	3835	7840
5	3919	3860	3750	7841
5	3962	3915	3875	7842
5	3920	3874	3869	7843
5	3982	3911	3934	7844
5	4019	3900	3983	7845
5	3989	3914	3803	7846
5	3922	3823	3851	7847
5	3973	3856	3963	7848
5	4025	3948	3993	7849
5	3950	3912	3857	7850
5	4240	4159	4201	7851
5	3979	3844	3966	7852
5	4094	4017	3998	7853
5	3930	3878	3880	7854
5	4044	3926	3907	7855
5	4051	3959	4042	7856
5	4049	3963	4008	7857
5	4289	4144	4242	7858
5	4045	4026	3928	7859
5	3929	3827	3795	7860
5	3929	3795	3811	7861
5	4009	3964	4007	7862
5	3965	3878	3930	7863
5	4095	3999	4064	7864
5	4150	4063	4066	7865
5	3974	3889	3959	7866
5	4025	3916	3948	7867
5	3933	3801	3755	7868
5	3933	3755	3805	7869
5	3934	3911	3807	7870
5	3934	3807	3836	7871
5	3902	3813	3823	7872
5	3902	3823	3922	7873
5	4258	4173	4192	7874
5	4028	3943	4000	7875
5	3998	3918	3932	7876
5	4031	3937	3942	7877
5	3938	3924	3820	7878
5	3938	3820	3800	7879
5	3939	3806	3745	7880
5	3939	3745	3827	7881
5	4017	3918	3998	7882
5	4017	3942	3918	7883
5	3941	3811	3796	7884
5	3941	3796	3895	7885
5	3942	3937	3832	7886
5	3942	3832	3845	7887
5	3943	3931	3834	7888
5	3943	3834	3849	7889
5	3906	3810	3842	7890
5	3906	3842	3841	7891
5	4122	4035	4050	7892
5	3948	3847	3945	7893
5	3955	3737	3865	7894
5	4097	4013	4002	7895
5	3947	3932	3839	7896
5	3947	3839	3853	7897
5	3959	3889	3870	7898
5	3948	3916	3854	7899
5	3949	3947	3853	7900
5	3949	3853	3804	7901
5	4003	3924	3938	7902
5	4333	4291	4251	7903
5	3963	3856	3877	7904
5	3952	3858	3951	7905
5	4039	3949	3974	7906
5	3989	3952	3914	7907
5	3953	3816	3751	7908
5	3953	3751	3866	7909
5	3958	3869	3864	7910
5	3954	3864	3863	7911
5	4033	3952	3951	7912
5	3955	3850	3737	7913
5	4036	3940	4032	7914
5	4032	3940	3937	7915
5	4037	3921	4019	7916
5	3997	3972	3923	7917
5	4056	3976	4055	7918
5	4054	3971	3915	7919
5	3974	3949	3804	7920
5	4153	4073	4004	7921
5	4098	3984	4072	7922
5	4040	3960	3956	7923
5	4041	3961	3960	7924
5	4041	3960	4040	7925
5	3906	3764	3822	7926
5	3906	3822	3848	7927
5	3973	3959	3870	7928
5	4050	4035	3927	7929
5	3965	3825	3878	7930
5	3964	3907	3879	7931
5	4082	3979	4058	7932
5	4009	3907	3964	7933
5	3980	3880	3896	7934
5	4092	3994	3995	7935
5	3967	3964	3882	7936
5	3967	3882	3884	7937
5	4045	3928	3894	7938
5	3977	3892	3976	7939
5	4046	3967	3969	7940
5	3969	3967	3884	7941
5	4172	4105	4155	7942
5	4016	3915	3962	7943
5	4127	4048	4054	7944
5	3971	3969	3886	7945
5	3973	3870	3856	7946
5	3972	3927	3888	7947
5	4085	3993	4078	7948
5	4008	3914	3952	7949
5	4050	3927	3972	7950
5	4041	4005	3961	7951
5	4048	3969	3971	7952
5	4288	4252	4189	7953
5	4038	3958	3954	7954
5	4129	4054	4016	7955
5	4053	3975	3970	7956
5	4055	3975	4053	7957
5	4055	3976	3975	7958
5	4189	4160	4079	7959
5	3980	3930	3880	7960
5	3991	3896	3925	7961
5	3991	3980	3896	7962
5	4058	3966	4023	7963
5	3981	3934	3897	7964
5	4307	4204	4246	7965
5	4094	4062	4017	7966
5	4087	4075	3983	7967
5	4216	4150	4194	7968
5	4107	4000	4095	7969
5	3984	3938	3909	7970
5	4036	3956	3940	7971
5	3985	3935	3846	7972
5	3985	3846	3905	7973
5	3986	3933	3805	7974
5	4101	3988	4015	7975
5	3987	3981	3897	7976
5	3987	3897	3931	7977
5	4101	4011	3988	7978
5	4015	3805	3901	7979
5	4229	4174	4166	7980
5	4089	4027	4083	7981
5	4096	4001	3990	7982
5	4090	3990	4038	7983
5	4105	4091	4009	7984
5	4076	4014	4069	7985
5	4075	4019	3983	7986
5	3992	3939	3827	7987
5	4039	4024	3949	7988
5	4114	4025	4085	7989
5	4175	4112	4111	7990
5	4067	3933	3986	7991
5	3995	3910	3806	7992
5	3995	3806	3939	7993
5	4092	4071	3994	7994
5	4058	3979	3966	7995
5	4032	3937	4031	7996
5	4031	3942	4017	7997
5	4264	4230	4243	7998
5	4426	4330	4397	7999
5	4118	4045	4104	8000
5	4060	3935	3985	8001
5	4173	4134	4107	8002
5	4503	4402	4401	8003
5	4096	3990	4090	8004
5	4220	4155	4202	8005
5	4102	4013	4097	8006
5	4011	3919	3988	8007
5	4168	4098	4072	8008
5	4244	4218	4231	8009
5	4100	4034	4099	8010
5	4253	4167	4224	8011
5	4005	3984	3909	8012
5	4005	3909	3961	8013
5	4098	4003	3984	8014
5	4099	4034	4003	8015
5	3989	3902	3922	8016
5	4087	3982	4086	8017
5	4042	3959	3973	8018
5	4287	4251	4197	8019
5	4018	3968	3917	8020
5	4057	3977	4056	8021
5	4101	4010	4011	8022
5	4011	3860	3919	8023
5	4097	3861	4011	8024
5	4013	3899	3816	8025
5	4012	3908	3837	8026
5	4012	3837	3904	8027
5	4013	3944	3899	8028
5	4035	3951	3927	8029
5	4014	3925	3843	8030
5	4014	3843	3908	8031
5	4077	4015	3988	8032
5	4015	3986	3805	8033
5	4253	4227	4167	8034
5	4104	3978	4057	8035
5	4019	3921	3900	8036
5	4108	4029	4020	8037
5	4047	3970	3968	8038
5	4054	3915	4016	8039
5	4020	3898	3957	8040
5	4078	3993	4029	8041
5	3989	3922	3859	8042
5	3989	3859	3952	8043
5	4021	3998	3932	8044
5	4021	3932	3947	8045
5	4022	3941	3895	8046
5	4022	3895	3979	8047
5	4140	4119	4120	8048
5	4059	3930	3980	8049
5	4024	4021	3947	8050
5	4024	3947	3949	8051
5	4149	4114	4085	8052
5	4052	3916	4025	8053
5	4026	3985	3905	8054
5	4026	3905	3928	8055
5	4027	4018	3917	8056
5	4027	3917	3965	8057
5	4199	4137	4138	8058
5	4152	4063	4150	8059
5	4391	4294	4291	8060
5	4151	4081	4116	8061
5	4030	3999	3936	8062
5	4030	3936	3935	8063
5	4062	4031	4017	8064
5	4173	4107	4095	8065
5	4125	4113	3997	8066
5	4116	4081	4041	8067
5	4002	3946	3850	8068
5	4102	4097	4011	8069
5	4034	4006	3950	8070
5	4034	3950	3924	8071
5	4002	4013	3953	8072
5	4002	3953	3946	8073
5	4115	4036	4112	8074
5	4112	4032	4111	8075
5	4037	4020	3957	8076
5	4037	3957	3921	8077
5	4153	4004	4065	8078
5	4287	4197	4245	8079
5	4124	4051	4123	8080
5	4109	4021	4093	8081
5	4166	4108	4088	8082
5	4154	4081	4151	8083
5	4116	4041	4040	8084
5	4116	4040	4115	8085
5	4051	3974	3959	8086
5	4051	4039	3974	8087
5	4043	4027	3965	8088
5	4043	3965	3930	8089
5	4132	4023	4117	8090
5	4044	4023	3926	8091
5	4158	4030	4060	8092
5	4056	3977	3976	8093
5	4148	4126	4084	8094
5	4046	4007	3967	8095
5	4118	4079	4026	8096
5	4053	3970	4047	8097
5	4103	4001	4096	8098
5	4048	4046	3969	8099
5	4049	4042	3973	8100
5	4049	3973	3963	8101
5	4080	4008	4033	8102
5	4121	4049	4080	8103
5	4080	4033	4035	8104
5	4052	3923	3916	8105
5	4085	4025	3993	8106
5	4123	4051	4042	8107
5	4156	4057	4131	8108
5	4103	4016	4001	8109
5	4126	4053	4047	8110
5	4054	4048	3971	8111
5	4091	4044	4009	8112
5	4129	4016	4103	8113
5	4201	4068	4146	8114
5	4163	4090	4038	8115
5	4212	4202	4140	8116
5	4209	4131	4136	8117
5	4059	4043	3930	8118
5	4132	4058	4023	8119
5	4074	3980	3991	8120
5	4117	4023	4044	8121
5	4185	4104	4156	8122
5	4298	4241	4256	8123
5	4071	4012	3904	8124
5	4061	3992	3929	8125
5	4545	4493	4475	8126
5	4111	4032	4031	8127
5	4290	4260	4278	8128
5	4107	4028	4000	8129
5	4367	4300	4271	8130
5	4198	4153	4159	8131
5	4240	4198	4159	8132
5	4065	4004	3903	8133
5	4066	4063	3987	8134
5	4066	3987	4028	8135
5	4067	3995	3994	8136
5	4067	3994	3933	8137
5	4068	4065	3912	8138
5	4068	3912	4006	8139
5	4069	3996	3941	8140
5	4074	4059	3980	8141
5	4092	3995	3939	8142
5	4070	4012	4061	8143
5	4070	4014	3908	8144
5	4061	3929	3996	8145
5	4111	4031	4062	8146
5	4115	4040	4036	8147
5	4163	4038	4073	8148
5	4239	4187	4238	8149
5	4074	3991	4082	8150
5	4362	4313	4312	8151
5	4071	3992	4061	8152
5	4071	4061	4012	8153
5	4082	4022	3979	8154
5	4076	4082	3991	8155
5	4077	4067	3986	8156
5	4077	3986	4015	8157
5	4069	3941	4022	8158
5	4076	3925	4014	8159
5	4160	3985	4079	8160
5	4079	3985	4026	8161
5	4080	4049	4008	8162
5	4397	4330	4331	8163
5	4081	4072	4005	8164
5	4081	4005	4041	8165
5	4076	4069	4022	8166
5	4076	4022	4082	8167
5	4083	4027	4043	8168
5	4133	4059	4132	8169
5	4131	4056	4130	8170
5	4084	4047	4018	8171
5	4093	4021	4024	8172
5	4165	4094	4109	8173
5	4087	3983	3982	8174
5	4086	3982	3981	8175
5	4335	4290	4324	8176
5	4143	4062	4141	8177
5	4108	4020	4088	8178
5	4088	4020	4037	8179
5	4089	4084	4018	8180
5	4089	4018	4027	8181
5	4184	4140	4120	8182
5	4168	4072	4154	8183
5	4105	4009	4007	8184
5	4117	4044	4091	8185
5	4177	4115	4112	8186
5	4092	3992	4071	8187
5	4070	4061	3996	8188
5	4070	3996	4069	8189
5	4247	4199	4210	8190
5	4162	4087	4086	8191
5	4107	4066	4028	8192
5	4095	4000	3999	8193
5	4205	4188	4170	8194
5	4184	4120	4127	8195
5	4097	4002	3955	8196
5	4097	3955	3861	8197
5	4177	4112	4175	8198
5	4154	4072	4081	8199
5	4200	4147	4099	8200
5	4296	4147	4200	8201
5	4113	4050	3997	8202
5	4122	4050	4113	8203
5	4101	4015	3901	8204
5	4101	3901	4010	8205
5	4102	4010	3944	8206
5	4102	3944	4013	8207
5	4156	4104	4057	8208
5	4128	4055	4053	8209
5	4130	4055	4128	8210
5	4130	4056	4055	8211
5	4172	4091	4105	8212
5	4145	4084	4089	8213
5	4106	4093	4024	8214
5	4106	4024	4039	8215
5	4258	4203	4173	8216
5	4303	4281	4265	8217
5	4215	4181	4149	8218
5	4108	4078	4029	8219
5	4109	4094	3998	8220
5	4109	3998	4021	8221
5	4110	4088	4037	8222
5	4110	4037	4019	8223
5	4112	4036	4032	8224
5	4200	4099	4169	8225
5	4230	4142	4190	8226
5	4180	4106	4124	8227
5	4121	4042	4049	8228
5	4182	4124	4123	8229
5	4125	4052	4114	8230
5	4114	4052	4025	8231
5	4248	4200	4169	8232
5	4143	4111	4062	8233
5	4248	4169	4226	8234
5	4533	4508	4525	8235
5	4179	4091	4172	8236
5	4133	4132	4117	8237
5	4131	4057	4056	8238
5	4158	4064	4030	8239
5	4119	4105	4007	8240
5	4119	4007	4046	8241
5	4120	4119	4046	8242
5	4120	4046	4048	8243
5	4123	4042	4121	8244
5	4142	4109	4093	8245
5	4122	4121	4080	8246
5	4122	4080	4035	8247
5	4176	4122	4113	8248
5	4124	4106	4039	8249
5	4125	3997	4052	8250
5	4181	4114	4149	8251
5	4180	4161	4106	8252
5	4176	4121	4122	8253
5	4256	4241	4135	8254
5	4128	4053	4126	8255
5	4227	4170	4167	8256
5	4127	4120	4048	8257
5	4332	4258	4289	8258
5	4333	4251	4287	8259
5	4155	4105	4119	8260
5	4129	4127	4054	8261
5	4224	4167	4090	8262
5	4221	4188	4205	8263
5	4074	4082	4058	8264
5	4132	4074	4058	8265
5	4133	4043	4059	8266
5	4132	4059	4074	8267
5	4179	4172	4171	8268
5	4133	4083	4043	8269
5	4288	4189	4241	8270
5	4379	4346	4288	8271
5	4209	4193	4156	8272
5	4155	4119	4140	8273
5	4136	4131	4130	8274
5	4187	4128	4157	8275
5	4137	4110	4075	8276
5	4450	4403	4393	8277
5	4138	4137	4075	8278
5	4138	4075	4087	8279
5	4178	4116	4115	8280
5	4235	4183	4181	8281
5	4212	4140	4184	8282
5	4157	4128	4126	8283
5	4175	4111	4143	8284
5	4232	4175	4191	8285
5	4165	4109	4142	8286
5	4165	4141	4094	8287
5	4207	4164	4206	8288
5	4233	4231	4178	8289
5	4144	4095	4064	8290
5	4399	4332	4289	8291
5	4148	4084	4145	8292
5	4251	4146	4197	8293
5	4146	4068	4006	8294
5	4146	4006	4100	8295
5	4147	4100	4099	8296
5	4169	4098	4168	8297
5	4157	4126	4148	8298
5	4187	4130	4128	8299
5	4266	4207	4206	8300
5	4161	4093	4106	8301
5	4152	4086	4063	8302
5	4162	4086	4152	8303
5	4178	4115	4177	8304
5	4348	4296	4248	8305
5	4278	4222	4216	8306
5	4338	4324	4261	8307
5	4201	4159	4068	8308
5	4170	4103	4096	8309
5	4291	4240	4201	8310
5	4225	4154	4218	8311
5	4228	4145	4171	8312
5	4171	4089	4083	8313
5	4185	4118	4104	8314
5	4185	4135	4118	8315
5	4188	4103	4170	8316
5	4237	4212	4184	8317
5	4208	4148	4196	8318
5	4252	4160	4189	8319
5	4159	4153	4065	8320
5	4159	4065	4068	8321
5	4252	4060	4160	8322
5	4160	4060	3985	8323
5	4174	4078	4108	8324
5	4161	4142	4093	8325
5	4402	4343	4401	8326
5	4222	4152	4216	8327
5	4217	4073	4153	8328
5	4294	4240	4291	8329
5	4164	4149	4085	8330
5	4164	4085	4078	8331
5	4214	4137	4199	8332
5	4166	4088	4139	8333
5	4174	4108	4166	8334
5	4174	4164	4078	8335
5	4167	4096	4090	8336
5	4346	4252	4288	8337
5	4339	4302	4325	8338
5	4233	4177	4232	8339
5	4283	4232	4250	8340
5	4226	4169	4168	8341
5	4238	4187	4157	8342
5	4208	4157	4148	8343
5	4391	4291	4376	8344
5	4171	4145	4089	8345
5	4179	4171	4083	8346
5	4188	4129	4103	8347
5	4418	4392	4354	8348
5	4444	4384	4344	8349
5	4235	4181	4215	8350
5	4207	4149	4164	8351
5	4378	4295	4345	8352
5	4178	4151	4116	8353
5	4182	4180	4124	8354
5	4181	4125	4114	8355
5	4279	4218	4244	8356
5	4340	4297	4316	8357
5	4206	4164	4174	8358
5	4281	4229	4265	8359
5	4188	4186	4129	8360
5	4179	4117	4091	8361
5	4182	4123	4176	8362
5	4176	4123	4121	8363
5	4183	4125	4181	8364
5	4183	4113	4125	8365
5	4183	4176	4113	8366
5	4215	4149	4207	8367
5	4234	4180	4182	8368
5	4236	4234	4182	8369
5	4202	4155	4140	8370
5	4196	4148	4145	8371
5	4307	4242	4204	8372
5	4256	4185	4193	8373
5	4186	4184	4127	8374
5	4186	4127	4129	8375
5	4237	4186	4221	8376
5	4187	4136	4130	8377
5	4179	4083	4133	8378
5	4179	4133	4117	8379
5	4372	4256	4300	8380
5	4242	4144	4204	8381
5	4222	4162	4152	8382
5	4350	4314	4323	8383
5	4191	4175	4143	8384
5	4213	4143	4141	8385
5	4192	4173	4095	8386
5	4192	4095	4144	8387
5	4193	4185	4156	8388
5	4379	4377	4346	8389
5	4194	4150	4134	8390
5	4399	4336	4383	8391
5	4195	4190	4161	8392
5	4195	4161	4180	8393
5	4407	4349	4305	8394
5	4209	4156	4131	8395
5	4197	4146	4100	8396
5	4197	4100	4147	8397
5	4217	4163	4073	8398
5	4217	4153	4198	8399
5	4282	4244	4231	8400
5	4437	4394	4405	8401
5	4225	4168	4154	8402
5	4226	4168	4225	8403
5	4375	4287	4330	8404
5	4291	4201	4251	8405
5	4228	4196	4145	8406
5	4219	4171	4172	8407
5	4262	4134	4203	8408
5	4203	4134	4173	8409
5	4204	4144	4064	8410
5	4204	4064	4158	8411
5	4380	4319	4349	8412
5	4263	4217	4259	8413
5	4283	4282	4233	8414
5	4265	4229	4211	8415
5	4255	4213	4223	8416
5	4371	4326	4309	8417
5	4270	4205	4249	8418
5	4299	4284	4268	8419
5	4321	4270	4319	8420
5	4410	4298	4372	8421
5	4210	4199	4138	8422
5	4210	4138	4162	8423
5	4229	4166	4211	8424
5	4211	4166	4139	8425
5	4284	4237	4268	8426
5	4269	4238	4208	8427
5	4243	4230	4190	8428
5	4213	4191	4143	8429
5	4214	4211	4139	8430
5	4214	4139	4137	8431
5	4278	4216	4261	8432
5	4276	4195	4234	8433
5	4222	4210	4162	8434
5	4216	4152	4150	8435
5	4227	4205	4170	8436
5	4224	4090	4163	8437
5	4218	4154	4151	8438
5	4232	4177	4175	8439
5	4277	4196	4228	8440
5	4228	4171	4219	8441
5	4220	4219	4172	8442
5	4220	4172	4155	8443
5	4237	4184	4186	8444
5	4221	4186	4188	8445
5	4309	4250	4293	8446
5	4274	4191	4213	8447
5	4223	4213	4141	8448
5	4223	4141	4165	8449
5	4457	4434	4386	8450
5	4395	4390	4368	8451
5	4548	4457	4530	8452
5	4301	4244	4282	8453
5	4279	4225	4218	8454
5	4280	4225	4279	8455
5	4268	4237	4221	8456
5	4249	4205	4227	8457
5	4420	4331	4381	8458
5	4555	4515	4513	8459
5	4275	4215	4207	8460
5	4229	4206	4174	8461
5	4230	4223	4165	8462
5	4230	4165	4142	8463
5	4231	4218	4151	8464
5	4231	4151	4178	8465
5	4233	4178	4177	8466
5	4325	4244	4301	8467
5	4322	4274	4255	8468
5	4282	4231	4233	8469
5	4267	4190	4195	8470
5	4234	4195	4180	8471
5	4236	4182	4176	8472
5	4236	4176	4183	8473
5	4236	4183	4235	8474
5	4236	4235	4234	8475
5	4238	4157	4208	8476
5	4304	4269	4272	8477
5	4312	4263	4259	8478
5	4328	4286	4239	8479
5	4286	4136	4239	8480
5	4239	4136	4187	8481
5	4251	4201	4146	8482
5	4436	4413	4389	8483
5	4256	4135	4185	8484
5	4496	4459	4442	8485
5	4382	4354	4361	8486
5	4441	4377	4428	8487
5	4257	4199	4247	8488
5	4326	4282	4283	8489
5	4359	4325	4301	8490
5	4250	4232	4191	8491
5	4296	4200	4248	8492
5	4280	4226	4225	8493
5	4383	4336	4337	8494
5	4246	4204	4158	8495
5	4324	4278	4261	8496
5	4343	4203	4258	8497
5	4375	4333	4287	8498
5	4338	4261	4311	8499
5	4308	4284	4299	8500
5	4300	4256	4193	8501
5	4369	4322	4315	8502
5	4306	4260	4290	8503
5	4348	4248	4295	8504
5	4330	4287	4245	8505
5	4310	4060	4252	8506
5	4310	4158	4060	8507
5	4320	4269	4304	8508
5	4407	4305	4363	8509
5	4275	4207	4266	8510
5	4265	4211	4254	8511
5	4274	4213	4255	8512
5	4274	4250	4191	8513
5	4271	4193	4209	8514
5	4300	4193	4271	8515
5	4257	4254	4214	8516
5	4257	4214	4199	8517
5	4324	4290	4278	8518
5	4422	4374	4402	8519
5	4263	4163	4217	8520
5	4263	4224	4163	8521
5	4260	4247	4210	8522
5	4260	4210	4222	8523
5	4278	4260	4222	8524
5	4261	4216	4194	8525
5	4364	4314	4350	8526
5	4262	4194	4134	8527
5	4423	4362	4384	8528
5	4313	4263	4312	8529
5	4264	4255	4223	8530
5	4264	4223	4230	8531
5	4322	4293	4274	8532
5	4345	4280	4302	8533
5	4316	4266	4281	8534
5	4327	4275	4297	8535
5	4297	4275	4266	8536
5	4267	4243	4190	8537
5	4285	4238	4269	8538
5	4273	4202	4212	8539
5	4376	4291	4333	8540
5	4321	4268	4270	8541
5	4270	4268	4221	8542
5	4270	4221	4205	8543
5	4411	4300	4367	8544
5	4328	4239	4285	8545
5	4272	4269	4208	8546
5	4272	4208	4196	8547
5	4277	4228	4219	8548
5	4277	4220	4202	8549
5	4403	4351	4355	8550
5	4293	4250	4274	8551
5	4276	4234	4235	8552
5	4283	4233	4232	8553
5	4276	4235	4215	8554
5	4276	4215	4275	8555
5	4277	4272	4196	8556
5	4277	4219	4220	8557
5	4386	4339	4359	8558
5	4292	4257	4247	8559
5	4434	4387	4339	8560
5	4387	4345	4302	8561
5	4277	4202	4273	8562
5	4388	4360	4308	8563
5	4281	4266	4206	8564
5	4281	4206	4229	8565
5	4315	4255	4264	8566
5	4424	4412	4421	8567
5	4327	4276	4275	8568
5	4276	4267	4195	8569
5	4284	4273	4212	8570
5	4284	4212	4237	8571
5	4286	4271	4209	8572
5	4285	4239	4238	8573
5	4372	4298	4256	8574
5	4438	4334	4380	8575
5	4444	4344	4391	8576
5	4423	4406	4362	8577
5	4346	4310	4252	8578
5	4392	4337	4307	8579
5	4289	4258	4192	8580
5	4289	4192	4144	8581
5	4341	4290	4335	8582
5	4347	4203	4343	8583
5	4345	4295	4280	8584
5	4381	4331	4296	8585
5	4425	4374	4422	8586
5	4605	4581	4601	8587
5	4370	4293	4322	8588
5	4326	4283	4309	8589
5	4294	4259	4198	8590
5	4294	4198	4240	8591
5	4295	4248	4226	8592
5	4295	4226	4280	8593
5	4391	4344	4294	8594
5	4473	4426	4397	8595
5	4316	4281	4303	8596
5	4323	4257	4292	8597
5	4435	4410	4372	8598
5	4501	4443	4456	8599
5	4308	4273	4284	8600
5	4353	4320	4304	8601
5	4319	4270	4249	8602
5	4329	4271	4286	8603
5	4309	4283	4250	8604
5	4427	4386	4394	8605
5	4302	4280	4279	8606
5	4554	4513	4511	8607
5	4529	4522	4524	8608
5	4327	4267	4276	8609
5	4320	4285	4269	8610
5	4379	4288	4342	8611
5	4305	4249	4227	8612
5	4305	4227	4253	8613
5	4306	4292	4247	8614
5	4306	4247	4260	8615
5	4440	4342	4410	8616
5	4432	4332	4399	8617
5	4360	4304	4272	8618
5	4360	4273	4308	8619
5	4326	4301	4282	8620
5	4359	4301	4356	8621
5	4361	4310	4346	8622
5	4310	4246	4158	8623
5	4311	4261	4194	8624
5	4311	4194	4262	8625
5	4313	4253	4224	8626
5	4313	4224	4263	8627
5	4349	4319	4249	8628
5	4363	4313	4362	8629
5	4314	4303	4265	8630
5	4314	4265	4254	8631
5	4624	4582	4570	8632
5	4322	4255	4315	8633
5	4352	4315	4317	8634
5	4316	4297	4266	8635
5	4317	4315	4264	8636
5	4317	4264	4243	8637
5	4318	4317	4243	8638
5	4318	4243	4267	8639
5	4404	4320	4353	8640
5	4334	4321	4319	8641
5	4390	4353	4357	8642
5	4404	4353	4390	8643
5	4357	4308	4299	8644
5	4321	4299	4268	8645
5	4364	4303	4314	8646
5	4370	4358	4293	8647
5	4323	4314	4254	8648
5	4323	4254	4257	8649
5	4429	4335	4398	8650
5	4393	4355	4341	8651
5	4325	4302	4279	8652
5	4325	4279	4244	8653
5	4341	4306	4290	8654
5	4355	4306	4341	8655
5	4327	4297	4318	8656
5	4327	4318	4267	8657
5	4390	4357	4368	8658
5	4329	4286	4328	8659
5	4349	4249	4305	8660
5	4380	4334	4319	8661
5	4430	4348	4378	8662
5	4535	4501	4456	8663
5	4331	4330	4245	8664
5	4331	4245	4296	8665
5	4343	4258	4332	8666
5	4402	4347	4343	8667
5	4443	4391	4376	8668
5	4381	4296	4348	8669
5	4366	4285	4320	8670
5	4368	4321	4334	8671
5	4425	4338	4374	8672
5	4464	4392	4418	8673
5	4399	4289	4336	8674
5	4336	4289	4242	8675
5	4337	4336	4242	8676
5	4337	4242	4307	8677
5	4347	4262	4203	8678
5	4598	4560	4559	8679
5	4371	4309	4358	8680
5	4400	4341	4335	8681
5	4365	4316	4303	8682
5	4340	4318	4297	8683
5	4476	4433	4400	8684
5	4522	4461	4486	8685
5	4342	4288	4241	8686
5	4342	4241	4298	8687
5	4347	4311	4262	8688
5	4572	4536	4500	8689
5	4344	4312	4259	8690
5	4344	4259	4294	8691
5	4626	4537	4576	8692
5	4378	4348	4295	8693
5	4354	4307	4246	8694
5	4646	4566	4621	8695
5	4433	4393	4400	8696
5	4471	4401	4432	8697
5	4434	4339	4386	8698
5	4511	4460	4497	8699
5	4406	4363	4362	8700
5	4448	4390	4395	8701
5	4358	4309	4293	8702
5	4356	4301	4326	8703
5	4351	4350	4323	8704
5	4351	4323	4292	8705
5	4539	4495	4472	8706
5	4369	4315	4352	8707
5	4404	4396	4366	8708
5	4366	4328	4285	8709
5	4382	4361	4377	8710
5	4418	4354	4382	8711
5	4355	4351	4292	8712
5	4355	4292	4306	8713
5	4359	4339	4325	8714
5	4387	4302	4339	8715
5	4388	4304	4360	8716
5	4388	4308	4357	8717
5	4371	4356	4326	8718
5	4465	4430	4460	8719
5	4340	4352	4317	8720
5	4340	4317	4318	8721
5	4360	4272	4277	8722
5	4360	4277	4273	8723
5	4361	4354	4246	8724
5	4361	4246	4310	8725
5	4363	4305	4253	8726
5	4363	4253	4313	8727
5	4438	4395	4334	8728
5	4407	4363	4406	8729
5	4365	4340	4316	8730
5	4365	4303	4364	8731
5	4389	4369	4352	8732
5	4409	4340	4365	8733
5	4367	4271	4329	8734
5	4373	4328	4366	8735
5	4464	4442	4392	8736
5	4439	4411	4367	8737
5	4368	4357	4299	8738
5	4368	4299	4321	8739
5	4408	4365	4364	8740
5	4370	4322	4369	8741
5	4424	4408	4412	8742
5	4414	4351	4403	8743
5	4569	4563	4523	8744
5	4445	4421	4414	8745
5	4462	4411	4439	8746
5	4446	4373	4396	8747
5	4462	4435	4372	8748
5	4373	4329	4328	8749
5	4374	4338	4311	8750
5	4374	4311	4347	8751
5	4426	4375	4330	8752
5	4444	4391	4443	8753
5	4535	4431	4463	8754
5	4513	4467	4465	8755
5	4567	4493	4545	8756
5	4377	4361	4346	8757
5	4613	4577	4547	8758
5	4556	4498	4550	8759
5	4428	4377	4379	8760
5	4479	4428	4440	8761
5	4469	4439	4416	8762
5	4525	4489	4488	8763
5	4467	4420	4465	8764
5	4463	4431	4375	8765
5	4410	4342	4298	8766
5	4440	4428	4379	8767
5	4392	4307	4354	8768
5	4657	4603	4655	8769
5	4384	4362	4312	8770
5	4384	4312	4344	8771
5	4415	4358	4385	8772
5	4385	4358	4370	8773
5	4483	4450	4433	8774
5	4405	4394	4356	8775
5	4420	4397	4331	8776
5	4473	4397	4467	8777
5	4388	4357	4353	8778
5	4388	4353	4304	8779
5	4413	4369	4389	8780
5	4413	4370	4369	8781
5	4396	4373	4366	8782
5	4395	4368	4334	8783
5	4451	4407	4406	8784
5	4508	4484	4438	8785
5	4442	4337	4392	8786
5	4441	4382	4377	8787
5	4403	4355	4393	8788
5	4445	4414	4403	8789
5	4394	4386	4359	8790
5	4394	4359	4356	8791
5	4526	4484	4508	8792
5	4404	4366	4320	8793
5	4515	4467	4513	8794
5	4574	4547	4501	8795
5	4465	4420	4430	8796
5	4588	4494	4548	8797
5	4398	4335	4324	8798
5	4398	4324	4338	8799
5	4401	4343	4332	8800
5	4402	4374	4347	8801
5	4603	4539	4571	8802
5	4425	4398	4338	8803
5	4666	4610	4598	8804
5	4506	4475	4441	8805
5	4540	4509	4458	8806
5	4429	4400	4335	8807
5	4450	4393	4433	8808
5	4405	4356	4371	8809
5	4485	4448	4484	8810
5	4449	4396	4404	8811
5	4627	4568	4529	8812
5	4490	4470	4453	8813
5	4463	4375	4426	8814
5	4557	4480	4519	8815
5	4481	4444	4443	8816
5	4452	4407	4451	8817
5	4409	4352	4340	8818
5	4409	4365	4408	8819
5	4409	4408	4389	8820
5	4409	4389	4352	8821
5	4416	4367	4329	8822
5	4411	4372	4300	8823
5	4462	4372	4411	8824
5	4416	4329	4373	8825
5	4412	4408	4364	8826
5	4412	4364	4350	8827
5	4421	4412	4414	8828
5	4413	4385	4370	8829
5	4414	4412	4350	8830
5	4414	4350	4351	8831
5	4415	4405	4371	8832
5	4415	4371	4358	8833
5	4498	4439	4469	8834
5	4440	4379	4342	8835
5	4417	4378	4345	8836
5	4417	4345	4387	8837
5	4442	4383	4337	8838
5	4566	4538	4543	8839
5	4447	4415	4419	8840
5	4419	4415	4385	8841
5	4537	4502	4473	8842
5	4515	4473	4467	8843
5	4585	4529	4565	8844
5	4424	4389	4408	8845
5	4504	4472	4422	8846
5	4503	4401	4471	8847
5	4542	4525	4488	8848
5	4501	4481	4443	8849
5	4453	4419	4385	8850
5	4436	4389	4424	8851
5	4476	4400	4429	8852
5	4450	4445	4403	8853
5	4467	4397	4420	8854
5	4502	4426	4473	8855
5	4583	4530	4582	8856
5	4492	4474	4437	8857
5	4531	4496	4464	8858
5	4597	4559	4558	8859
5	4539	4472	4504	8860
5	4571	4539	4504	8861
5	4430	4420	4381	8862
5	4430	4381	4348	8863
5	4431	4376	4333	8864
5	4431	4333	4375	8865
5	4528	4504	4503	8866
5	4699	4697	4658	8867
5	4604	4539	4603	8868
5	4505	4491	4487	8869
5	4570	4544	4492	8870
5	4457	4386	4427	8871
5	4478	4440	4410	8872
5	4478	4410	4435	8873
5	4477	4424	4421	8874
5	4453	4413	4436	8875
5	4474	4394	4437	8876
5	4474	4427	4394	8877
5	4446	4416	4373	8878
5	4439	4367	4416	8879
5	4448	4404	4390	8880
5	4571	4504	4528	8881
5	4479	4440	4478	8882
5	4506	4441	4480	8883
5	4517	4478	4435	8884
5	4480	4428	4479	8885
5	4475	4382	4441	8886
5	4496	4442	4464	8887
5	4466	4406	4423	8888
5	4537	4473	4515	8889
5	4466	4451	4406	8890
5	4482	4444	4481	8891
5	4492	4437	4461	8892
5	4453	4385	4413	8893
5	4542	4488	4512	8894
5	4589	4514	4549	8895
5	4447	4437	4405	8896
5	4447	4405	4415	8897
5	4508	4438	4489	8898
5	4449	4404	4448	8899
5	4556	4516	4498	8900
5	4469	4416	4446	8901
5	4540	4458	4495	8902
5	4477	4436	4424	8903
5	4452	4380	4349	8904
5	4452	4349	4407	8905
5	4484	4448	4395	8906
5	4489	4438	4380	8907
5	4470	4419	4453	8908
5	4491	4421	4445	8909
5	4454	4432	4399	8910
5	4454	4399	4383	8911
5	4455	4417	4387	8912
5	4455	4387	4434	8913
5	4456	4443	4376	8914
5	4456	4376	4431	8915
5	4582	4530	4544	8916
5	4583	4548	4530	8917
5	4458	4429	4398	8918
5	4458	4398	4425	8919
5	4459	4454	4383	8920
5	4459	4383	4442	8921
5	4460	4430	4378	8922
5	4460	4378	4417	8923
5	4461	4437	4447	8924
5	4487	4445	4450	8925
5	4510	4468	4507	8926
5	4484	4395	4438	8927
5	4649	4622	4579	8928
5	4535	4456	4431	8929
5	4519	4480	4479	8930
5	4475	4418	4382	8931
5	4584	4532	4502	8932
5	4541	4497	4455	8933
5	4600	4542	4512	8934
5	4580	4578	4564	8935
5	4511	4465	4460	8936
5	4513	4465	4511	8937
5	4468	4446	4396	8938
5	4468	4396	4449	8939
5	4525	4508	4489	8940
5	4488	4452	4451	8941
5	4486	4419	4470	8942
5	4486	4447	4419	8943
5	4528	4503	4471	8944
5	4504	4422	4503	8945
5	4472	4458	4425	8946
5	4472	4425	4422	8947
5	4553	4511	4497	8948
5	4502	4463	4426	8949
5	4544	4474	4492	8950
5	4509	4476	4429	8951
5	4480	4441	4428	8952
5	4545	4475	4506	8953
5	4546	4492	4461	8954
5	4487	4450	4483	8955
5	4490	4436	4477	8956
5	4490	4453	4436	8957
5	4507	4468	4485	8958
5	4498	4462	4439	8959
5	4510	4469	4446	8960
5	4519	4479	4518	8961
5	4516	4435	4462	8962
5	4518	4479	4478	8963
5	4482	4423	4384	8964
5	4482	4384	4444	8965
5	4674	4659	4616	8966
5	4521	4482	4520	8967
5	4569	4523	4536	8968
5	4551	4500	4476	8969
5	4485	4449	4448	8970
5	4485	4468	4449	8971
5	4517	4435	4516	8972
5	4677	4673	4636	8973
5	4546	4461	4522	8974
5	4486	4461	4447	8975
5	4527	4490	4477	8976
5	4523	4487	4483	8977
5	4489	4452	4488	8978
5	4489	4380	4452	8979
5	4611	4561	4577	8980
5	4526	4485	4484	8981
5	4527	4477	4491	8982
5	4491	4445	4487	8983
5	4527	4470	4490	8984
5	4491	4477	4421	8985
5	4652	4609	4588	8986
5	4582	4544	4570	8987
5	4493	4464	4418	8988
5	4493	4418	4475	8989
5	4494	4455	4434	8990
5	4494	4434	4457	8991
5	4509	4429	4458	8992
5	4495	4458	4472	8993
5	4531	4464	4493	8994
5	4558	4517	4516	8995
5	4497	4460	4417	8996
5	4497	4417	4455	8997
5	4518	4478	4517	8998
5	4516	4462	4498	8999
5	4499	4471	4432	9000
5	4499	4432	4454	9001
5	4500	4483	4433	9002
5	4500	4433	4476	9003
5	4520	4482	4481	9004
5	4547	4520	4481	9005
5	4535	4463	4532	9006
5	4532	4463	4502	9007
5	4607	4495	4604	9008
5	4503	4422	4402	9009
5	4549	4459	4496	9010
5	4655	4605	4639	9011
5	4565	4505	4563	9012
5	4527	4491	4505	9013
5	4606	4531	4567	9014
5	4590	4557	4519	9015
5	4510	4446	4468	9016
5	4550	4498	4469	9017
5	4534	4508	4533	9018
5	4561	4521	4520	9019
5	4536	4483	4500	9020
5	4607	4586	4540	9021
5	4558	4516	4556	9022
5	4564	4526	4534	9023
5	4609	4608	4587	9024
5	4541	4455	4494	9025
5	4512	4488	4451	9026
5	4512	4451	4466	9027
5	4592	4555	4554	9028
5	4619	4588	4548	9029
5	4514	4499	4454	9030
5	4514	4454	4459	9031
5	4555	4513	4554	9032
5	4576	4515	4555	9033
5	4674	4616	4644	9034
5	4560	4519	4518	9035
5	4578	4552	4564	9036
5	4559	4517	4558	9037
5	4632	4595	4620	9038
5	4620	4595	4557	9039
5	4634	4597	4596	9040
5	4559	4518	4517	9041
5	4521	4466	4423	9042
5	4521	4423	4482	9043
5	4909	4870	4819	9044
5	4562	4521	4561	9045
5	4563	4505	4523	9046
5	4694	4660	4614	9047
5	4570	4492	4546	9048
5	4523	4505	4487	9049
5	4524	4522	4486	9050
5	4524	4486	4470	9051
5	4598	4559	4597	9052
5	4648	4577	4613	9053
5	4534	4526	4508	9054
5	4526	4507	4485	9055
5	4568	4546	4522	9056
5	4527	4524	4470	9057
5	4617	4536	4572	9058
5	4754	4739	4744	9059
5	4565	4529	4524	9060
5	4536	4523	4483	9061
5	4777	4719	4774	9062
5	4530	4457	4427	9063
5	4567	4531	4493	9064
5	4589	4543	4514	9065
5	4648	4611	4577	9066
5	4626	4584	4537	9067
5	4613	4547	4574	9068
5	4576	4537	4515	9069
5	4560	4518	4559	9070
5	4550	4469	4510	9071
5	4579	4533	4525	9072
5	4547	4481	4501	9073
5	4658	4607	4604	9074
5	4664	4624	4641	9075
5	4584	4502	4537	9076
5	4711	4675	4685	9077
5	4538	4528	4471	9078
5	4538	4471	4499	9079
5	4647	4614	4586	9080
5	4586	4509	4540	9081
5	4586	4551	4509	9082
5	4551	4476	4509	9083
5	4554	4511	4553	9084
5	4609	4587	4541	9085
5	4611	4599	4561	9086
5	4649	4579	4637	9087
5	4543	4538	4499	9088
5	4543	4499	4514	9089
5	4544	4530	4427	9090
5	4544	4427	4474	9091
5	4712	4646	4693	9092
5	4606	4575	4531	9093
5	4607	4540	4495	9094
5	4615	4563	4569	9095
5	4574	4501	4535	9096
5	4880	4848	4845	9097
5	4588	4541	4494	9098
5	4548	4494	4457	9099
5	4621	4566	4543	9100
5	4549	4514	4459	9101
5	4596	4556	4594	9102
5	4590	4519	4560	9103
5	4572	4500	4551	9104
5	4678	4650	4615	9105
5	4552	4550	4510	9106
5	4552	4510	4507	9107
5	4777	4753	4719	9108
5	4592	4554	4591	9109
5	4619	4548	4583	9110
5	4591	4554	4553	9111
5	4651	4576	4618	9112
5	4745	4726	4741	9113
5	4593	4552	4578	9114
5	4632	4545	4595	9115
5	4620	4557	4590	9116
5	4557	4506	4480	9117
5	4579	4525	4542	9118
5	4595	4506	4557	9119
5	4593	4550	4552	9120
5	4594	4556	4550	9121
5	4666	4598	4635	9122
5	4596	4558	4556	9123
5	4562	4512	4466	9124
5	4562	4466	4521	9125
5	4902	4828	4866	9126
5	4677	4636	4640	9127
5	4568	4522	4529	9128
5	4585	4565	4563	9129
5	4564	4552	4507	9130
5	4564	4507	4526	9131
5	4565	4524	4527	9132
5	4565	4527	4505	9133
5	4621	4543	4589	9134
5	4716	4686	4667	9135
5	4681	4645	4610	9136
5	4712	4676	4646	9137
5	4609	4541	4588	9138
5	4625	4582	4624	9139
5	4779	4720	4746	9140
5	4641	4624	4602	9141
5	4624	4570	4602	9142
5	4617	4569	4536	9143
5	4581	4538	4566	9144
5	4604	4495	4539	9145
5	4650	4627	4585	9146
5	4655	4603	4605	9147
5	4574	4535	4573	9148
5	4573	4535	4532	9149
5	4599	4562	4561	9150
5	4763	4734	4689	9151
5	4575	4549	4496	9152
5	4575	4496	4531	9153
5	4638	4612	4584	9154
5	4665	4591	4608	9155
5	4577	4561	4520	9156
5	4577	4520	4547	9157
5	4580	4564	4534	9158
5	4622	4533	4579	9159
5	4630	4578	4623	9160
5	4580	4534	4533	9161
5	4690	4611	4648	9162
5	4622	4580	4533	9163
5	4581	4571	4528	9164
5	4581	4528	4538	9165
5	4732	4663	4703	9166
5	4678	4615	4643	9167
5	4703	4625	4664	9168
5	4701	4641	4661	9169
5	4638	4584	4626	9170
5	4747	4679	4713	9171
5	4615	4585	4563	9172
5	4627	4529	4585	9173
5	4667	4567	4632	9174
5	4693	4646	4621	9175
5	4587	4553	4497	9176
5	4587	4497	4541	9177
5	4713	4679	4654	9178
5	4653	4608	4609	9179
5	4715	4693	4642	9180
5	4776	4742	4709	9181
5	4736	4645	4681	9182
5	4707	4666	4635	9183
5	4704	4653	4696	9184
5	4766	4695	4727	9185
5	4848	4810	4845	9186
5	4713	4654	4675	9187
5	4597	4558	4596	9188
5	4594	4550	4593	9189
5	4662	4580	4622	9190
5	4623	4578	4580	9191
5	4667	4606	4567	9192
5	4595	4545	4506	9193
5	4630	4593	4578	9194
5	4631	4593	4630	9195
5	4709	4672	4671	9196
5	4635	4598	4597	9197
5	4631	4594	4593	9198
5	4633	4596	4594	9199
5	4600	4562	4599	9200
5	4600	4512	4562	9201
5	4633	4594	4631	9202
5	4637	4579	4542	9203
5	4601	4581	4566	9204
5	4676	4601	4646	9205
5	4602	4570	4546	9206
5	4602	4546	4568	9207
5	4698	4655	4682	9208
5	4768	4678	4725	9209
5	4657	4604	4603	9210
5	4650	4585	4615	9211
5	4605	4603	4571	9212
5	4605	4571	4581	9213
5	4628	4549	4575	9214
5	4716	4667	4680	9215
5	4647	4586	4607	9216
5	4646	4601	4566	9217
5	4608	4591	4553	9218
5	4608	4553	4587	9219
5	4717	4650	4678	9220
5	4625	4583	4582	9221
5	4610	4590	4560	9222
5	4610	4560	4598	9223
5	4735	4690	4695	9224
5	4636	4600	4599	9225
5	4612	4573	4532	9226
5	4612	4532	4584	9227
5	4640	4636	4599	9228
5	4719	4644	4683	9229
5	4614	4572	4551	9230
5	4614	4551	4586	9231
5	4660	4617	4572	9232
5	4661	4568	4627	9233
5	4616	4613	4574	9234
5	4616	4574	4573	9235
5	4725	4678	4643	9236
5	4643	4569	4617	9237
5	4618	4576	4555	9238
5	4618	4555	4592	9239
5	4652	4588	4619	9240
5	4683	4644	4612	9241
5	4671	4634	4633	9242
5	4749	4681	4729	9243
5	4676	4639	4601	9244
5	4628	4589	4549	9245
5	4932	4873	4888	9246
5	4742	4672	4709	9247
5	4640	4599	4611	9248
5	4687	4662	4622	9249
5	4775	4724	4740	9250
5	4797	4758	4732	9251
5	4720	4703	4664	9252
5	4643	4615	4569	9253
5	4689	4626	4651	9254
5	4763	4689	4651	9255
5	4663	4583	4625	9256
5	4661	4641	4602	9257
5	4714	4656	4686	9258
5	4680	4632	4620	9259
5	4629	4592	4591	9260
5	4665	4629	4591	9261
5	4803	4728	4761	9262
5	4634	4596	4633	9263
5	4669	4633	4631	9264
5	4635	4597	4634	9265
5	4681	4610	4666	9266
5	4632	4567	4545	9267
5	4672	4634	4671	9268
5	4687	4622	4649	9269
5	4668	4631	4630	9270
5	4730	4670	4692	9271
5	4709	4671	4708	9272
5	4672	4635	4634	9273
5	4637	4600	4636	9274
5	4637	4542	4600	9275
5	4662	4623	4580	9276
5	4680	4667	4632	9277
5	4651	4626	4576	9278
5	4755	4675	4711	9279
5	4639	4605	4601	9280
5	4849	4781	4823	9281
5	4752	4718	4735	9282
5	4814	4777	4774	9283
5	4764	4748	4737	9284
5	4660	4572	4614	9285
5	4642	4621	4589	9286
5	4642	4589	4628	9287
5	4739	4698	4710	9288
5	4684	4617	4660	9289
5	4644	4616	4573	9290
5	4644	4573	4612	9291
5	4645	4620	4590	9292
5	4645	4590	4610	9293
5	4693	4621	4642	9294
5	4849	4829	4781	9295
5	4699	4657	4698	9296
5	4684	4643	4617	9297
5	4722	4662	4687	9298
5	4690	4640	4611	9299
5	4708	4669	4705	9300
5	4723	4649	4673	9301
5	4724	4688	4701	9302
5	4661	4602	4568	9303
5	4794	4713	4755	9304
5	4683	4612	4638	9305
5	4665	4608	4653	9306
5	4653	4609	4652	9307
5	4704	4665	4653	9308
5	4704	4685	4665	9309
5	4654	4618	4592	9310
5	4654	4592	4629	9311
5	4698	4657	4655	9312
5	4658	4604	4657	9313
5	4656	4628	4575	9314
5	4656	4575	4606	9315
5	4748	4721	4737	9316
5	4658	4647	4607	9317
5	4799	4784	4748	9318
5	4829	4756	4781	9319
5	4659	4648	4613	9320
5	4659	4613	4616	9321
5	4757	4684	4721	9322
5	4821	4790	4750	9323
5	4700	4627	4650	9324
5	4700	4661	4627	9325
5	4669	4631	4668	9326
5	4671	4633	4669	9327
5	4702	4619	4663	9328
5	4663	4619	4583	9329
5	4801	4741	4773	9330
5	4664	4625	4624	9331
5	4778	4651	4679	9332
5	4877	4779	4817	9333
5	4729	4666	4707	9334
5	4759	4715	4691	9335
5	4715	4642	4691	9336
5	4714	4691	4656	9337
5	4735	4718	4690	9338
5	4820	4783	4776	9339
5	4761	4718	4752	9340
5	4707	4635	4672	9341
5	4670	4668	4630	9342
5	4670	4630	4623	9343
5	4762	4729	4707	9344
5	4692	4623	4662	9345
5	4731	4708	4705	9346
5	4762	4707	4742	9347
5	4673	4649	4637	9348
5	4673	4637	4636	9349
5	4774	4683	4734	9350
5	4878	4803	4841	9351
5	4675	4654	4629	9352
5	4703	4663	4625	9353
5	4838	4805	4816	9354
5	4836	4795	4744	9355
5	4921	4858	4881	9356
5	4803	4761	4780	9357
5	4732	4702	4663	9358
5	4771	4726	4745	9359
5	4679	4651	4618	9360
5	4679	4618	4654	9361
5	5001	4966	4941	9362
5	4680	4620	4645	9363
5	4765	4686	4716	9364
5	4708	4671	4669	9365
5	4682	4655	4639	9366
5	4733	4682	4639	9367
5	4842	4747	4819	9368
5	4719	4674	4644	9369
5	5058	5001	5021	9370
5	4694	4614	4647	9371
5	4685	4675	4629	9372
5	4685	4629	4665	9373
5	4686	4656	4606	9374
5	4686	4606	4667	9375
5	4692	4670	4623	9376
5	4705	4669	4668	9377
5	4688	4664	4641	9378
5	4757	4721	4748	9379
5	4734	4638	4689	9380
5	4689	4638	4626	9381
5	4766	4735	4695	9382
5	4807	4788	4769	9383
5	4691	4642	4628	9384
5	4691	4628	4656	9385
5	4765	4714	4686	9386
5	4772	4716	4680	9387
5	4733	4639	4676	9388
5	4836	4744	4785	9389
5	4751	4732	4703	9390
5	5133	5060	5082	9391
5	4695	4690	4648	9392
5	4695	4648	4659	9393
5	4696	4653	4652	9394
5	4779	4751	4720	9395
5	4697	4694	4647	9396
5	4697	4647	4658	9397
5	4699	4658	4657	9398
5	4965	4937	4909	9399
5	4790	4733	4750	9400
5	4764	4738	4754	9401
5	4701	4661	4700	9402
5	4701	4688	4641	9403
5	4916	4911	4913	9404
5	4905	4817	4857	9405
5	4702	4696	4652	9406
5	4702	4652	4619	9407
5	4720	4664	4688	9408
5	4809	4746	4724	9409
5	5095	232	5043	9410
5	4981	4951	4975	9411
5	4761	4677	4718	9412
5	4731	4705	4706	9413
5	4706	4705	4668	9414
5	4706	4668	4670	9415
5	4742	4707	4672	9416
5	4729	4681	4666	9417
5	4851	4835	4834	9418
5	4854	4783	4820	9419
5	4807	4767	4788	9420
5	4789	4769	4788	9421
5	4710	4698	4682	9422
5	4770	4682	4733	9423
5	4822	4794	4755	9424
5	5012	4946	4988	9425
5	4885	4816	4865	9426
5	4947	4888	4934	9427
5	4855	4822	4787	9428
5	4794	4747	4713	9429
5	4772	4680	4736	9430
5	4886	4849	4823	9431
5	4756	4712	4693	9432
5	4770	4710	4682	9433
5	4826	4796	4765	9434
5	4749	4736	4681	9435
5	4740	4724	4701	9436
5	4717	4700	4650	9437
5	4718	4677	4640	9438
5	4718	4640	4690	9439
5	4856	4841	4780	9440
5	4864	4791	4824	9441
5	4901	4813	4837	9442
5	4751	4703	4720	9443
5	4721	4684	4660	9444
5	4721	4660	4694	9445
5	4730	4706	4670	9446
5	4722	4692	4662	9447
5	4723	4722	4687	9448
5	4723	4687	4649	9449
5	4740	4700	4717	9450
5	4725	4643	4684	9451
5	4740	4701	4700	9452
5	4818	4784	4799	9453
5	4726	4711	4685	9454
5	4726	4685	4704	9455
5	4727	4695	4659	9456
5	4727	4659	4674	9457
5	4728	4723	4673	9458
5	4728	4673	4677	9459
5	4783	4742	4776	9460
5	4736	4680	4645	9461
5	4743	4708	4731	9462
5	4731	4706	4730	9463
5	4858	4793	4835	9464
5	4793	4776	4743	9465
5	4758	4702	4732	9466
5	4850	4846	4812	9467
5	4756	4693	4715	9468
5	4785	4710	4770	9469
5	4774	4719	4683	9470
5	4734	4683	4638	9471
5	4791	4735	4766	9472
5	4883	4864	4824	9473
5	4806	4716	4772	9474
5	4879	4806	4843	9475
5	4737	4721	4694	9476
5	4737	4694	4697	9477
5	4738	4737	4697	9478
5	4738	4697	4699	9479
5	4739	4738	4699	9480
5	4739	4699	4698	9481
5	4799	4748	4764	9482
5	4757	4725	4684	9483
5	4741	4726	4704	9484
5	4741	4704	4696	9485
5	4793	4743	4760	9486
5	4767	4723	4728	9487
5	4776	4709	4743	9488
5	4743	4709	4708	9489
5	4744	4739	4710	9490
5	4785	4744	4710	9491
5	4773	4741	4696	9492
5	4859	4785	4815	9493
5	4746	4720	4688	9494
5	4746	4688	4724	9495
5	4833	4763	4778	9496
5	4755	4713	4675	9497
5	4754	4738	4739	9498
5	4805	4754	4795	9499
5	4811	4736	4749	9500
5	4806	4765	4716	9501
5	4750	4733	4676	9502
5	4750	4676	4712	9503
5	4758	4696	4702	9504
5	4801	4745	4741	9505
5	4778	4679	4747	9506
5	4875	4842	4870	9507
5	4753	4727	4674	9508
5	4753	4674	4719	9509
5	4764	4737	4738	9510
5	4890	4853	4818	9511
5	4771	4711	4726	9512
5	4982	4959	4919	9513
5	5128	5067	5084	9514
5	4759	4691	4714	9515
5	4800	4775	4786	9516
5	4768	4717	4678	9517
5	4773	4696	4758	9518
5	4845	4810	4745	9519
5	4914	4897	4849	9520
5	4821	4750	4782	9521
5	4760	4743	4731	9522
5	4789	4730	4769	9523
5	4803	4767	4728	9524
5	4761	4728	4677	9525
5	4820	4776	4793	9526
5	4918	4889	4896	9527
5	4804	4774	4734	9528
5	4798	4727	4753	9529
5	4923	4867	4908	9530
5	4784	4757	4748	9531
5	4904	4827	4863	9532
5	4915	4852	4882	9533
5	4804	4734	4763	9534
5	4828	4753	4777	9535
5	4791	4752	4735	9536
5	4807	4723	4767	9537
5	4808	4725	4757	9538
5	4892	4857	4825	9539
5	4769	4730	4692	9540
5	4769	4692	4722	9541
5	4790	4770	4733	9542
5	4903	4879	4843	9543
5	4855	4787	4830	9544
5	5078	5043	232	9545
5	4826	4765	4806	9546
5	4831	4762	4783	9547
5	4797	4732	4751	9548
5	4812	4758	4797	9549
5	4978	4939	4902	9550
5	4814	4774	4804	9551
5	4825	4809	4775	9552
5	4809	4724	4775	9553
5	4783	4762	4742	9554
5	4835	4793	4760	9555
5	4798	4766	4727	9556
5	4864	4832	4791	9557
5	4833	4804	4763	9558
5	4778	4763	4651	9559
5	4850	4812	4813	9560
5	4837	4751	4779	9561
5	4780	4761	4752	9562
5	5000	4958	4940	9563
5	4781	4756	4715	9564
5	4781	4715	4759	9565
5	4782	4750	4712	9566
5	4782	4712	4756	9567
5	4941	4904	4863	9568
5	4992	4922	4963	9569
5	4786	4717	4768	9570
5	4808	4768	4725	9571
5	4829	4782	4756	9572
5	4872	4825	4775	9573
5	4786	4775	4740	9574
5	4786	4740	4717	9575
5	4787	4755	4711	9576
5	4787	4711	4771	9577
5	4802	4760	4731	9578
5	4789	4731	4730	9579
5	4802	4731	4789	9580
5	4834	4760	4802	9581
5	5028	4950	4993	9582
5	4873	4790	4821	9583
5	4891	4841	4856	9584
5	4866	4777	4814	9585
5	4792	4749	4729	9586
5	4792	4729	4762	9587
5	4835	4760	4834	9588
5	4827	4811	4749	9589
5	4847	4794	4822	9590
5	4948	4898	4937	9591
5	4795	4754	4744	9592
5	4865	4795	4836	9593
5	4796	4759	4714	9594
5	4796	4714	4765	9595
5	4890	4818	4867	9596
5	5062	5013	5008	9597
5	4982	4919	4956	9598
5	4828	4798	4753	9599
5	4865	4816	4795	9600
5	4867	4818	4838	9601
5	4800	4786	4768	9602
5	4808	4800	4768	9603
5	4906	4865	4836	9604
5	4845	4745	4801	9605
5	4839	4789	4788	9606
5	4966	4904	4941	9607
5	4922	4854	4893	9608
5	4840	4767	4803	9609
5	4871	4804	4833	9610
5	4871	4814	4804	9611
5	4805	4799	4764	9612
5	4805	4764	4754	9613
5	4811	4772	4736	9614
5	4914	4849	4886	9615
5	4807	4769	4722	9616
5	4807	4722	4723	9617
5	4808	4757	4784	9618
5	4844	4808	4784	9619
5	4924	4882	4879	9620
5	4837	4797	4751	9621
5	4810	4771	4745	9622
5	4905	4877	4817	9623
5	4831	4792	4762	9624
5	4895	4831	4854	9625
5	4846	4773	4812	9626
5	4812	4773	4758	9627
5	4813	4812	4797	9628
5	4837	4813	4797	9629
5	4998	4925	4972	9630
5	4894	4856	4832	9631
5	4815	4785	4770	9632
5	4815	4770	4790	9633
5	4816	4805	4795	9634
5	5069	4984	5011	9635
5	4817	4779	4746	9636
5	4817	4746	4809	9637
5	4913	4853	4890	9638
5	4933	4880	4899	9639
5	4819	4747	4794	9640
5	4822	4755	4787	9641
5	4854	4831	4783	9642
5	4843	4772	4811	9643
5	4873	4815	4790	9644
5	4906	4836	4859	9645
5	4847	4819	4794	9646
5	4972	4925	4898	9647
5	4823	4781	4759	9648
5	4823	4759	4796	9649
5	4824	4791	4766	9650
5	4824	4766	4798	9651
5	4916	4913	4890	9652
5	4857	4817	4809	9653
5	4958	4903	4940	9654
5	4827	4749	4792	9655
5	4903	4843	4874	9656
5	4904	4874	4827	9657
5	5076	5025	5071	9658
5	4972	4898	4948	9659
5	4879	4826	4806	9660
5	5047	5004	5017	9661
5	4830	4787	4771	9662
5	4830	4771	4810	9663
5	4895	4863	4831	9664
5	4858	4820	4793	9665
5	4832	4780	4752	9666
5	4832	4752	4791	9667
5	4866	4828	4777	9668
5	4925	4871	4875	9669
5	4876	4788	4840	9670
5	4840	4788	4767	9671
5	4856	4780	4832	9672
5	4928	4841	4891	9673
5	4859	4836	4785	9674
5	4897	4829	4849	9675
5	4951	4933	4938	9676
5	4877	4837	4779	9677
5	4838	4818	4799	9678
5	4838	4799	4805	9679
5	4839	4834	4802	9680
5	4839	4802	4789	9681
5	5143	5129	5081	9682
5	4921	4893	4858	9683
5	5044	4992	5024	9684
5	4841	4803	4780	9685
5	4842	4833	4778	9686
5	4842	4778	4747	9687
5	4886	4823	4852	9688
5	4843	4806	4772	9689
5	4997	4914	4954	9690
5	4844	4800	4808	9691
5	5144	5104	5115	9692
5	4861	4810	4848	9693
5	4899	4801	4846	9694
5	4846	4801	4773	9695
5	5077	5057	5014	9696
5	4925	4875	4898	9697
5	5037	4957	4994	9698
5	4942	4907	4848	9699
5	4941	4863	4895	9700
5	5004	4932	4947	9701
5	4901	4837	4877	9702
5	4857	4809	4825	9703
5	4939	4860	4902	9704
5	5060	5015	4996	9705
5	4852	4823	4796	9706
5	4852	4796	4826	9707
5	4853	4844	4784	9708
5	4853	4784	4818	9709
5	4958	4924	4903	9710
5	4924	4879	4903	9711
5	4861	4830	4810	9712
5	5078	232	233	9713
5	4960	4920	4889	9714
5	5015	4983	4960	9715
5	4976	4905	4929	9716
5	4929	4857	4892	9717
5	4960	4889	4918	9718
5	4889	4851	4869	9719
5	5006	4935	4976	9720
5	5047	5018	5004	9721
5	4860	4824	4798	9722
5	4860	4798	4828	9723
5	5117	233	234	9724
5	4961	4880	4933	9725
5	4862	4821	4782	9726
5	4862	4782	4829	9727
5	4863	4827	4792	9728
5	4863	4792	4831	9729
5	5005	4948	4937	9730
5	4883	4824	4860	9731
5	4932	4900	4873	9732
5	4923	4890	4867	9733
5	4910	4866	4814	9734
5	4996	4918	4974	9735
5	4885	4868	4816	9736
5	4908	4867	4868	9737
5	4868	4867	4838	9738
5	4868	4838	4816	9739
5	4869	4851	4834	9740
5	4869	4834	4839	9741
5	4870	4842	4819	9742
5	4909	4819	4847	9743
5	4937	4898	4870	9744
5	4910	4814	4871	9745
5	4872	4775	4800	9746
5	5017	4947	4984	9747
5	4897	4862	4829	9748
5	4954	4914	4886	9749
5	4874	4843	4811	9750
5	4874	4811	4827	9751
5	4875	4871	4833	9752
5	4875	4833	4842	9753
5	4876	4869	4839	9754
5	4876	4839	4788	9755
5	4987	4971	4977	9756
5	4929	4905	4857	9757
5	4928	4912	4878	9758
5	4878	4840	4803	9759
5	4872	4800	4844	9760
5	4913	4844	4853	9761
5	4988	4946	4957	9762
5	4899	4846	4850	9763
5	4881	4858	4835	9764
5	4881	4835	4851	9765
5	4882	4852	4826	9766
5	4882	4826	4879	9767
5	5042	4972	5009	9768
5	4894	4832	4864	9769
5	4884	4847	4822	9770
5	4884	4822	4855	9771
5	5093	5047	5017	9772
5	5079	5050	5016	9773
5	4915	4886	4852	9774
5	4934	4888	4862	9775
5	4887	4855	4830	9776
5	4887	4830	4861	9777
5	4888	4873	4821	9778
5	4888	4821	4862	9779
5	4928	4878	4841	9780
5	5163	5120	5160	9781
5	5080	5063	5028	9782
5	4975	4901	4935	9783
5	4912	4840	4878	9784
5	5106	5066	5073	9785
5	5038	4971	4987	9786
5	5080	5028	5050	9787
5	4893	4854	4820	9788
5	4893	4820	4858	9789
5	4936	4864	4883	9790
5	4936	4894	4864	9791
5	5044	5021	4992	9792
5	4922	4895	4854	9793
5	4896	4889	4869	9794
5	4896	4869	4876	9795
5	5090	5011	5053	9796
5	4964	4934	4897	9797
5	4898	4875	4870	9798
5	4965	4909	4917	9799
5	4899	4880	4845	9800
5	4899	4845	4801	9801
5	4900	4859	4815	9802
5	4900	4815	4873	9803
5	4938	4850	4901	9804
5	4901	4850	4813	9805
5	4944	4866	4910	9806
5	4902	4860	4828	9807
5	4940	4903	4874	9808
5	5031	4966	5001	9809
5	4940	4874	4904	9810
5	4967	4895	4922	9811
5	5022	4968	4995	9812
5	4916	4892	4911	9813
5	5156	215	216	9814
5	5050	5028	4993	9815
5	4907	4861	4848	9816
5	4942	4848	4880	9817
5	4943	4908	4868	9818
5	4943	4868	4885	9819
5	4937	4870	4909	9820
5	5046	4980	5012	9821
5	5200	5143	5176	9822
5	4944	4910	4925	9823
5	4911	4892	4825	9824
5	4911	4825	4872	9825
5	4912	4896	4876	9826
5	4912	4876	4840	9827
5	4913	4911	4872	9828
5	4913	4872	4844	9829
5	5035	4997	4954	9830
5	4934	4862	4897	9831
5	5007	4924	4958	9832
5	4964	4897	4914	9833
5	4994	4942	4961	9834
5	4990	4929	4973	9835
5	4917	4909	4847	9836
5	4917	4847	4884	9837
5	4939	4883	4860	9838
5	4952	4891	4927	9839
5	4919	4884	4855	9840
5	4919	4855	4887	9841
5	4920	4881	4851	9842
5	4920	4851	4889	9843
5	5143	5081	5133	9844
5	5082	5060	5026	9845
5	4966	4940	4904	9846
5	5052	5024	4991	9847
5	4995	4968	4923	9848
5	4995	4923	4971	9849
5	4967	4941	4895	9850
5	5103	5010	5056	9851
5	5054	5039	5042	9852
5	4925	4910	4871	9853
5	4926	4885	4865	9854
5	4926	4865	4906	9855
5	4927	4891	4856	9856
5	4927	4856	4894	9857
5	4928	4896	4912	9858
5	5070	5054	5009	9859
5	4973	4892	4916	9860
5	4935	4877	4905	9861
5	4930	4906	4859	9862
5	4930	4859	4900	9863
5	4931	4887	4861	9864
5	4931	4861	4907	9865
5	5170	5153	5124	9866
5	4928	4918	4896	9867
5	4961	4942	4880	9868
5	4935	4901	4877	9869
5	4997	4964	4914	9870
5	4947	4932	4888	9871
5	4976	4935	4905	9872
5	4973	4929	4892	9873
5	4974	4891	4952	9874
5	5026	4974	4952	9875
5	5013	4965	5008	9876
5	5039	4985	4978	9877
5	4938	4933	4899	9878
5	4938	4899	4850	9879
5	5102	5054	5100	9880
5	5034	4970	4985	9881
5	5101	5021	5044	9882
5	5114	5084	5059	9883
5	5001	4941	4967	9884
5	4996	4960	4918	9885
5	5012	4980	4946	9886
5	5032	4961	5003	9887
5	5002	4943	4950	9888
5	5022	4916	4968	9889
5	4978	4902	4944	9890
5	4944	4902	4866	9891
5	4945	4915	4882	9892
5	4945	4882	4924	9893
5	4946	4931	4907	9894
5	5003	4933	4951	9895
5	5028	5002	4950	9896
5	5004	4962	4932	9897
5	5005	4937	4965	9898
5	5111	5077	235	9899
5	4949	4927	4894	9900
5	4949	4894	4936	9901
5	4950	4943	4885	9902
5	4950	4885	4926	9903
5	5091	5033	5066	9904
5	5006	4981	4975	9905
5	5026	4996	4974	9906
5	5055	5034	4985	9907
5	4953	4921	4881	9908
5	4953	4881	4920	9909
5	4979	4915	4945	9910
5	4979	4955	4915	9911
5	4955	4954	4886	9912
5	4955	4886	4915	9913
5	4956	4919	4887	9914
5	4956	4887	4931	9915
5	4957	4946	4907	9916
5	4957	4907	4942	9917
5	5085	5031	5058	9918
5	5067	4979	5030	9919
5	4959	4917	4884	9920
5	4959	4884	4919	9921
5	5060	4996	5026	9922
5	5031	5000	4966	9923
5	5141	5061	5105	9924
5	5003	4961	4933	9925
5	4962	4930	4900	9926
5	4962	4900	4932	9927
5	4963	4922	4893	9928
5	4963	4893	4921	9929
5	5175	212	213	9930
5	5132	5069	5090	9931
5	5171	239	5148	9932
5	5040	4948	5005	9933
5	5000	4940	4966	9934
5	5059	5030	5007	9935
5	5024	4963	4991	9936
5	4992	4967	4922	9937
5	4968	4916	4890	9938
5	4968	4890	4923	9939
5	4969	4926	4906	9940
5	4969	4906	4930	9941
5	4970	4936	4883	9942
5	4970	4883	4939	9943
5	4971	4923	4908	9944
5	5097	5019	5049	9945
5	4998	4944	4925	9946
5	5144	5116	5104	9947
5	5006	4975	4935	9948
5	5049	5019	5022	9949
5	4974	4918	4928	9950
5	4974	4928	4891	9951
5	4975	4951	4938	9952
5	4975	4938	4901	9953
5	5187	243	5160	9954
5	5033	4981	5006	9955
5	4977	4971	4908	9956
5	4977	4908	4943	9957
5	5086	5070	5040	9958
5	5034	4999	4970	9959
5	5035	4954	5027	9960
5	5059	5007	5010	9961
5	4980	4956	4931	9962
5	4980	4931	4946	9963
5	4990	4976	4929	9964
5	5065	4981	5033	9965
5	5111	5057	5077	9966
5	5057	5036	4982	9967
5	4983	4953	4920	9968
5	4983	4920	4960	9969
5	4984	4947	4934	9970
5	4984	4934	4964	9971
5	4985	4970	4939	9972
5	4985	4939	4978	9973
5	4986	4952	4927	9974
5	4986	4927	4949	9975
5	5002	4977	4943	9976
5	5050	4993	5016	9977
5	5105	5029	5065	9978
5	5037	4988	4957	9979
5	4989	4969	4930	9980
5	4989	4930	4962	9981
5	5065	5029	4981	9982
5	5066	5033	5041	9983
5	4991	4963	4921	9984
5	4991	4921	4953	9985
5	5025	4953	4983	9986
5	5071	4983	5015	9987
5	4993	4950	4926	9988
5	4993	4926	4969	9989
5	5204	213	214	9990
5	4994	4957	4942	9991
5	5038	4995	4971	9992
5	5070	5009	5040	9993
5	5015	4960	4996	9994
5	5026	4952	4986	9995
5	5017	5004	4947	9996
5	5172	5156	216	9997
5	5039	4978	4998	9998
5	4998	4978	4944	9999
5	4999	4949	4936	10000
5	4999	4936	4970	10001
5	5108	5074	5027	10002
5	5007	4945	4924	10003
5	5024	4992	4963	10004
5	5225	5200	5218	10005
5	5068	4987	5020	10006
5	5150	5079	5110	10007
5	5032	4994	4961	10008
5	5094	4994	5032	10009
5	5069	5017	4984	10010
5	5090	5069	5011	10011
5	5013	5005	4965	10012
5	5040	5009	4948	10013
5	5041	4976	4990	10014
5	5091	5065	5033	10015
5	5112	5099	5074	10016
5	5056	5000	5031	10017
5	5008	4965	4917	10018
5	5008	4917	4959	10019
5	5055	4985	5039	10020
5	5009	4972	4948	10021
5	5010	5007	4958	10022
5	5010	4958	5000	10023
5	5011	4984	4964	10024
5	5011	4964	4997	10025
5	5014	4982	4956	10026
5	5014	4956	4980	10027
5	5221	5203	245	10028
5	5116	5064	5104	10029
5	5117	5078	233	10030
5	5077	5014	5046	10031
5	5118	5044	5089	10032
5	5025	4991	4953	10033
5	5016	4993	4969	10034
5	5016	4969	4989	10035
5	5142	5135	5093	10036
5	5175	5142	5132	10037
5	5018	4989	4962	10038
5	5018	4962	5004	10039
5	5019	4990	4973	10040
5	5073	4990	5019	10041
5	5020	4987	4977	10042
5	5020	4977	5002	10043
5	5021	5001	4967	10044
5	5021	4967	4992	10045
5	5022	5019	4973	10046
5	5022	4973	4916	10047
5	5023	4986	4949	10048
5	5023	4949	4999	10049
5	5188	5119	5154	10050
5	5056	5010	5000	10051
5	5071	5025	4983	10052
5	5052	4991	5025	10053
5	5120	5083	5102	10054
5	5082	5026	5045	10055
5	5027	4954	4955	10056
5	5027	4955	4979	10057
5	5079	5016	5048	10058
5	5216	228	5179	10059
5	5029	5003	4951	10060
5	5029	4951	4981	10061
5	5030	4979	4945	10062
5	5030	4945	5007	10063
5	5081	5015	5060	10064
5	5058	5031	5001	10065
5	5121	5088	5094	10066
5	5095	5043	5072	10067
5	5198	222	5194	10068
5	5123	5091	5066	10069
5	5126	5051	5083	10070
5	5173	5145	5163	10071
5	5125	5053	5099	10072
5	5125	5090	5053	10073
5	5036	5008	4959	10074
5	5036	4959	4982	10075
5	5136	231	5095	10076
5	5204	5175	213	10077
5	5075	5038	4987	10078
5	5049	4995	5038	10079
5	5126	5098	5051	10080
5	5055	5039	5054	10081
5	5102	5055	5054	10082
5	5100	5054	5070	10083
5	5041	5033	5006	10084
5	5041	5006	4976	10085
5	5042	5039	4998	10086
5	5042	4998	4972	10087
5	5043	5012	4988	10088
5	5095	231	232	10089
5	5119	5085	5058	10090
5	5169	5085	5119	10091
5	5045	5026	4986	10092
5	5045	4986	5023	10093
5	5057	4982	5014	10094
5	5046	5014	4980	10095
5	5172	5150	5110	10096
5	5127	5050	5079	10097
5	5048	5016	4989	10098
5	5048	4989	5018	10099
5	5182	209	210	10100
5	5181	5161	5167	10101
5	5127	5080	5050	10102
5	5172	5110	5156	10103
5	5051	5023	4999	10104
5	5051	4999	5034	10105
5	5076	5052	5025	10106
5	5118	5101	5044	10107
5	5053	5011	4997	10108
5	5053	4997	5035	10109
5	5054	5042	5009	10110
5	5086	5040	5064	10111
5	5163	5126	5120	10112
5	5193	243	244	10113
5	5067	5027	4979	10114
5	5103	5059	5010	10115
5	5133	5081	5060	10116
5	5062	5008	5036	10117
5	5085	5056	5031	10118
5	5199	5146	5190	10119
5	5101	5058	5021	10120
5	5149	5125	5099	10121
5	5212	5170	5201	10122
5	5218	5200	5176	10123
5	5061	5032	5003	10124
5	5061	5003	5029	10125
5	5115	5062	5087	10126
5	5115	5104	5062	10127
5	5063	5020	5002	10128
5	5063	5002	5028	10129
5	5064	5040	5005	10130
5	5064	5005	5013	10131
5	5094	5032	5061	10132
5	5130	5065	5091	10133
5	5164	5131	5107	10134
5	5049	5022	4995	10135
5	5108	5027	5067	10136
5	5215	209	5162	10137
5	5137	5063	5080	10138
5	5131	5068	5107	10139
5	5132	5093	5069	10140
5	5175	5132	5155	10141
5	5075	4987	5068	10142
5	5106	5073	5097	10143
5	5196	5176	5153	10144
5	5081	5071	5015	10145
5	5072	5043	4988	10146
5	5072	4988	5037	10147
5	5073	5066	5041	10148
5	5073	5041	4990	10149
5	5074	5035	5027	10150
5	5206	5162	5128	10151
5	5097	5073	5019	10152
5	5122	5075	5096	10153
5	5089	5044	5024	10154
5	5089	5024	5052	10155
5	5117	5046	5078	10156
5	5077	234	235	10157
5	5078	5046	5012	10158
5	5078	5012	5043	10159
5	5150	5127	5079	10160
5	5151	5137	5080	10161
5	5151	5080	5127	10162
5	5131	5096	5068	10163
5	5176	5143	5133	10164
5	5152	5113	5076	10165
5	5168	5139	5100	10166
5	5227	5218	5196	10167
5	5083	5051	5034	10168
5	5083	5034	5055	10169
5	5084	5067	5030	10170
5	5084	5030	5059	10171
5	5157	5114	5103	10172
5	5114	5059	5103	10173
5	5138	5070	5086	10174
5	5102	5083	5055	10175
5	5087	5062	5036	10176
5	5087	5036	5057	10177
5	5088	5072	5037	10178
5	5136	5095	5072	10179
5	5213	5190	5210	10180
5	5196	5153	5170	10181
5	5202	5157	5195	10182
5	5093	5017	5069	10183
5	5185	5165	5123	10184
5	5130	5105	5065	10185
5	5092	5048	5018	10186
5	5092	5018	5047	10187
5	5156	5110	5092	10188
5	5142	5093	5132	10189
5	5094	5088	5037	10190
5	5094	5037	4994	10191
5	5136	5072	5088	10192
5	5136	230	231	10193
5	5096	5075	5068	10194
5	5137	5107	5063	10195
5	5109	5038	5075	10196
5	5123	5066	5106	10197
5	5098	5045	5023	10198
5	5098	5023	5051	10199
5	5099	5053	5035	10200
5	5099	5035	5074	10201
5	5148	5086	5116	10202
5	5178	5135	5142	10203
5	5226	203	204	10204
5	5119	5058	5101	10205
5	5163	5145	5126	10206
5	5126	5083	5120	10207
5	5157	5103	5140	10208
5	5128	5108	5067	10209
5	5104	5064	5013	10210
5	5104	5013	5062	10211
5	5158	5141	5105	10212
5	5105	5061	5029	10213
5	5134	5106	5097	10214
5	5122	5109	5075	10215
NPOIN= 5233
9.997500181200000e-01	-3.632811555491704e-05	0
9.990000128750000e-01	-1.452001126742276e-04	1
9.977599978450000e-01	-3.245230513567186e-04	2
9.960200190539999e-01	-5.738243754308370e-04	3
9.937800168990000e-01	-8.889775376449125e-04	4
9.910500049590000e-01	-1.261729689834298e-03	5
9.878399968150000e-01	-1.681819088980281e-03	6
9.841300249100000e-01	-2.142710028150566e-03	7
9.799500107769999e-01	-2.634644708905174e-03	8
9.752799868580000e-01	-3.160182385886305e-03	9
9.701499938960000e-01	-3.723643131464784e-03	10
9.645400047300000e-01	-4.340790401101552e-03	11
9.584699869160000e-01	-5.024465221911016e-03	12
9.519400000570000e-01	-5.786058289455798e-03	13
9.449599981310000e-01	-6.628617756099350e-03	14
9.375399947170000e-01	-7.547378948031222e-03	15
9.296900033950000e-01	-8.532081485680210e-03	16
9.214000105860000e-01	-9.573091791282247e-03	17
9.126999974250000e-01	-1.065700664688067e-02	18
9.035800099370001e-01	-1.177839480447644e-02	19
8.940600156780000e-01	-1.293127625368252e-02	20
8.841500282290000e-01	-1.411328098728474e-02	21
8.738499879840000e-01	-1.532442303860298e-02	22
8.631799817090000e-01	-1.656256952833734e-02	23
8.521599769590000e-01	-1.782532465216900e-02	24
8.407700061800000e-01	-1.911430390243542e-02	25
8.290500044819999e-01	-2.042381641779659e-02	26
8.170099854470000e-01	-2.175129674388348e-02	27
8.046399950980000e-01	-2.309617716060977e-02	28
7.919700145720000e-01	-2.445347953171223e-02	29
7.790099978450000e-01	-2.582048134336775e-02	30
7.657799720760000e-01	-2.719347967715668e-02	31
7.522799968720000e-01	-2.857091524519343e-02	32
7.385200262070000e-01	-2.995021314909781e-02	33
7.245299816130000e-01	-3.132686910420057e-02	34
7.103199958800001e-01	-3.269842128890523e-02	35
6.958900094030001e-01	-3.406335358597642e-02	36
6.812700033190000e-01	-3.541729642079490e-02	37
6.664699912070000e-01	-3.675779916594965e-02	38
6.514999866490000e-01	-3.808237542434943e-02	39
6.363800168040000e-01	-3.938764126540688e-02	40
6.211299896240000e-01	-4.067026037246576e-02	41
6.057599782940000e-01	-4.192772458309649e-02	42
5.902799963950000e-01	-4.315746965255305e-02	43
5.747100114820000e-01	-4.435610765735842e-02	44
5.590599775310000e-01	-4.552100774607162e-02	45
5.433599948880000e-01	-4.664803840041266e-02	46
5.276100039480000e-01	-4.773524437015137e-02	47
5.118399858470000e-01	-4.877852729459192e-02	48
4.960500001910000e-01	-4.977578225439363e-02	49
4.802699983120000e-01	-5.072294711118272e-02	50
4.645099937920000e-01	-5.161722942631094e-02	51
4.487800002100000e-01	-5.245575727597664e-02	52
4.331099987030000e-01	-5.323462359051710e-02	53
4.174999892710000e-01	-5.395146957257077e-02	54
4.019699990750000e-01	-5.460291946476069e-02	55
3.865399956700000e-01	-5.518570780754388e-02	56
3.712300062180000e-01	-5.569670001034121e-02	57
3.560400009160000e-01	-5.613345246463844e-02	58
3.409900069240000e-01	-5.649288633509936e-02	59
3.261100053790000e-01	-5.677195920128094e-02	60
3.113999962810000e-01	-5.696839688590725e-02	61
2.968699932100000e-01	-5.707969621956464e-02	62
2.825500071050000e-01	-5.710342650970221e-02	63
2.684499919410000e-01	-5.703756823687652e-02	64
2.545700073240000e-01	-5.688005372226609e-02	65
2.409400045870000e-01	-5.662929553596630e-02	66
2.275699973110000e-01	-5.628381658425762e-02	67
2.144699990750000e-01	-5.584228785350100e-02	68
2.016600072380000e-01	-5.530399834140751e-02	69
1.891400069000000e-01	-5.466765039341628e-02	70
1.769299954180000e-01	-5.393305875483018e-02	71
1.650400012730000e-01	-5.309986214247520e-02	72
1.534900069240000e-01	-5.216876139252435e-02	73
1.422899961470000e-01	-5.114014913149087e-02	74
1.314399987460000e-01	-5.001357565102083e-02	75
1.209499984980000e-01	-4.878955277929850e-02	76
1.108499988910000e-01	-4.747156319871983e-02	77
1.011300012470000e-01	-4.605841003177393e-02	78
9.181000292300000e-02	-4.455302552204434e-02	79
8.290000259900000e-02	-4.295742237342359e-02	80
7.440000027400000e-02	-4.127187490908266e-02	81
6.633000075800000e-02	-3.950078162523223e-02	82
5.869000032500000e-02	-3.764473416456482e-02	83
5.149000138000000e-02	-3.570660309204143e-02	84
4.473999887700000e-02	-3.368974603494172e-02	85
3.844000026600000e-02	-3.159465186192874e-02	86
3.260000050100000e-02	-2.942493867637962e-02	87
2.723000012300000e-02	-2.718504684238162e-02	88
2.232000045500000e-02	-2.487059832461170e-02	89
1.789999939500000e-02	-2.249634485711241e-02	90
1.394999958600000e-02	-2.005200420897277e-02	91
1.049000024800000e-02	-1.754950754242519e-02	92
7.519999985000000e-03	-1.499031837298156e-02	93
5.040000193000000e-03	-1.237514332943057e-02	94
3.049999941000000e-03	-9.702954201026265e-03	95
1.560000004000000e-03	-6.989578197611108e-03	96
5.600000150000000e-04	-4.214336852903827e-03	97
5.999999800000000e-05	-1.385423999279346e-03	98
0.000000000000000e+00	0.000000000000000e+00	99
5.999999800000000e-05	1.389732530292880e-03	100
5.600000150000000e-04	4.215434683483627e-03	101
1.560000004000000e-03	6.961677437487002e-03	102
3.049999941000000e-03	9.617558937422496e-03	103
5.040000193000000e-03	1.220257361405998e-02	104
7.519999985000000e-03	1.470156939535980e-02	105
1.049000024800000e-02	1.711653284026115e-02	106
1.394999958600000e-02	1.944819420154245e-02	107
1.789999939500000e-02	2.169691370459475e-02	108
2.232000045500000e-02	2.385388784260593e-02	109
2.723000012300000e-02	2.593081991100646e-02	110
3.260000050100000e-02	2.791702680626018e-02	111
3.844000026600000e-02	2.981920027807929e-02	112
4.473999887700000e-02	3.163631854059368e-02	113
5.149000138000000e-02	3.336827212910348e-02	114
5.869000032500000e-02	3.501774964139562e-02	115
6.633000075800000e-02	3.658506139717001e-02	116
7.440000027400000e-02	3.807101824579762e-02	117
8.290000259900000e-02	3.947838344241824e-02	118
9.181000292300000e-02	4.080676091553813e-02	119
1.011300012470000e-01	4.205919551519020e-02	120
1.108499988910000e-01	4.323725800238278e-02	121
1.209499984980000e-01	4.434169601119364e-02	122
1.314399987460000e-01	4.537664407307962e-02	123
1.422899961470000e-01	4.634219475539554e-02	124
1.534900069240000e-01	4.724078603152133e-02	125
1.650400012730000e-01	4.807555796746111e-02	126
1.769299954180000e-01	4.884875933335917e-02	127
1.891400069000000e-01	4.956209599643722e-02	128
2.016600072380000e-01	5.021797727700690e-02	129
2.144699990750000e-01	5.081829101770581e-02	130
2.275699973110000e-01	5.136580003524416e-02	131
2.409400045870000e-01	5.186222931202190e-02	132
2.545700073240000e-01	5.230961213217345e-02	133
2.684499919410000e-01	5.270976834424036e-02	134
2.825500071050000e-01	5.306381088900444e-02	135
2.968699932100000e-01	5.337344815815764e-02	136
3.113999962810000e-01	5.363977367073903e-02	137
3.261100053790000e-01	5.386327043449431e-02	138
3.409900069240000e-01	5.404451150644567e-02	139
3.560400009160000e-01	5.418375374886394e-02	140
3.712300062180000e-01	5.428058008345948e-02	141
3.865399956700000e-01	5.433439735754184e-02	142
4.019699990750000e-01	5.434427543430043e-02	143
4.174999892710000e-01	5.430880306218095e-02	144
4.331099987030000e-01	5.422624968720016e-02	145
4.487800002100000e-01	5.409458259217807e-02	146
4.645099937920000e-01	5.391122861762206e-02	147
4.802699983120000e-01	5.367360586732272e-02	148
4.960500001910000e-01	5.337866613176120e-02	149
5.118399858470000e-01	5.302307459075455e-02	150
5.276100039480000e-01	5.260383410646532e-02	151
5.433599948880000e-01	5.211713828274063e-02	152
5.590599775310000e-01	5.156005643463507e-02	153
5.747100114820000e-01	5.092876623424401e-02	154
5.902799963950000e-01	5.022080677940845e-02	155
6.057599782940000e-01	4.943328756552273e-02	156
6.211299896240000e-01	4.856425901618859e-02	157
6.363800168040000e-01	4.761181923445090e-02	158
6.514999866490000e-01	4.657465864351259e-02	159
6.664699912070000e-01	4.545293953351227e-02	160
6.812700033190000e-01	4.424790591899053e-02	161
6.958900094030001e-01	4.296107371154496e-02	162
7.103199958800001e-01	4.159496779166846e-02	163
7.245299816130000e-01	4.015527384306306e-02	164
7.385200262070000e-01	3.864596908000761e-02	165
7.522799968720000e-01	3.707307012857218e-02	166
7.657799720760000e-01	3.544611221011003e-02	167
7.790099978450000e-01	3.377350364091820e-02	168
7.919700145720000e-01	3.206315490453858e-02	169
8.046399950980000e-01	3.032623919712877e-02	170
8.170099854470000e-01	2.857316900513420e-02	171
8.290500044819999e-01	2.681760131607337e-02	172
8.407700061800000e-01	2.506752872806310e-02	173
8.521599769590000e-01	2.333368054029535e-02	174
8.631799817090000e-01	2.163127194559344e-02	175
8.738499879840000e-01	1.996601194288435e-02	176
8.841500282290000e-01	1.834925136418789e-02	177
8.940600156780000e-01	1.679156513553951e-02	178
9.035800099370001e-01	1.529890816447349e-02	179
9.126999974250000e-01	1.387649295329252e-02	180
9.214000105860000e-01	1.252778639012996e-02	181
9.296900033950000e-01	1.124772987515927e-02	182
9.375399947170000e-01	1.003389576409050e-02	183
9.449599981310000e-01	8.875822441205564e-03	184
9.519400000570000e-01	7.767208996515677e-03	185
9.584699869160000e-01	6.706147125696404e-03	186
9.645400047300000e-01	5.697304848764979e-03	187
9.701499938960000e-01	4.749969289750449e-03	188
9.752799868580000e-01	3.880111076814007e-03	189
9.799500107769999e-01	3.095928945274853e-03	190
9.841300249100000e-01	2.409330198515850e-03	191
9.878399968150000e-01	1.817746612663371e-03	192
9.910500049590000e-01	1.321520463416611e-03	193
9.937800168990000e-01	9.106092553705351e-04	194
9.960200190539999e-01	5.798110191402213e-04	195
9.977599978450000e-01	3.256317083311270e-04	196
9.990000128750000e-01	1.453011910312365e-04	197
9.997500181200000e-01	3.632971636065471e-05	198
1.000000000000000e+00	0.000000000000000e+00	199
1.984229087829600e+01	2.506659984589000e+00	200
1.937166023254400e+01	4.973800182343000e+00	201
1.859552955627400e+01	7.362490177155000e+00	202
1.752613067627000e+01	9.635069847106999e+00	203
1.618033981323200e+01	1.175570964813200e+01	204
1.457936954498300e+01	1.369093990325900e+01	205
1.274847984314000e+01	1.541026973724400e+01	206
1.071654033660900e+01	1.688656044006300e+01	207
8.515589714050000e+00	1.809654045105000e+01	208
6.180339813232000e+00	1.902112960815400e+01	209
3.747629880905000e+00	1.964575004577600e+01	210
1.255810022354000e+00	1.996052932739300e+01	211
-1.255810022354000e+00	1.996052932739300e+01	212
-3.747629880905000e+00	1.964574050903300e+01	213
-6.180339813232000e+00	1.902112960815400e+01	214
-8.515589714050000e+00	1.809654045105000e+01	215
-1.071654033660900e+01	1.688656044006300e+01	216
-1.274847984314000e+01	1.541026020050000e+01	217
-1.457936954498300e+01	1.369093990325900e+01	218
-1.618033981323200e+01	1.175570011138900e+01	219
-1.752613067627000e+01	9.635069847106999e+00	220
-1.859552955627400e+01	7.362490177155000e+00	221
-1.937166023254400e+01	4.973800182343000e+00	222
-1.984229087829600e+01	2.506659984589000e+00	223
-2.000000000000000e+01	0.000000000000000e+00	224
-1.984229087829600e+01	-2.506669998169000e+00	225
-1.937166023254400e+01	-4.973800182343000e+00	226
-1.859552955627400e+01	-7.362490177155000e+00	227
-1.752613067627000e+01	-9.635080337524000e+00	228
-1.618033981323200e+01	-1.175570964813200e+01	229
-1.457936954498300e+01	-1.369093990325900e+01	230
-1.274847984314000e+01	-1.541026973724400e+01	231
-1.071652984619100e+01	-1.688656044006300e+01	232
-8.515580177306999e+00	-1.809654045105000e+01	233
-6.180339813232000e+00	-1.902112960815400e+01	234
-3.747620105743000e+00	-1.964575004577600e+01	235
-1.255810022354000e+00	-1.996052932739300e+01	236
1.255810022354000e+00	-1.996052932739300e+01	237
3.747629880905000e+00	-1.964574050903300e+01	238
6.180339813232000e+00	-1.902112960815400e+01	239
8.515589714050000e+00	-1.809654045105000e+01	240
1.071654033660900e+01	-1.688656044006300e+01	241
1.274847984314000e+01	-1.541026020050000e+01	242
1.457936954498300e+01	-1.369093990325900e+01	243
1.618033981323200e+01	-1.175570011138900e+01	244
1.752614021301300e+01	-9.635069847106999e+00	245
1.859552955627400e+01	-7.362490177155000e+00	246
1.937166023254400e+01	-4.973790168762000e+00	247
1.984229087829600e+01	-2.506659984589000e+00	248
2.000000000000000e+01	0.000000000000000e+00	249
6.076955454699095e-02	-4.554260005806385e-02	250
6.602011773888629e-01	-5.113549948575971e-02	251
4.256112745191554e-01	6.860475188456809e-02	252
6.898305531879749e-01	5.680686954386139e-02	253
3.793472239164905e-01	-6.948445209211414e-02	254
9.994572270076151e-01	-7.196806611593769e-04	255
9.985389074351259e-01	-1.309057341989732e-03	256
7.736482793649448e-01	-3.863425857131959e-02	257
6.898263255934570e-01	-4.813797282572461e-02	258
-1.424695751263518e-03	6.471829271680209e-03	259
7.466566284901475e-01	-4.186568048506248e-02	260
5.833496610251904e-01	6.470937943293205e-02	261
9.927540871233188e-01	-3.539237484122863e-03	262
9.898420957056968e-01	-4.378023131550439e-03	263
5.989273070601511e-01	6.386337604172077e-02	264
7.186848329862666e-01	-4.503716564310623e-02	265
-1.589957939420631e-03	7.672345884094247e-04	266
9.864355920445649e-01	-5.268087335254813e-03	267
9.825446195131041e-01	-6.193459552836145e-03	268
-1.447354714731630e-03	-6.502448402586248e-03	269
6.451407416510408e-01	-5.258883470145042e-02	270
8.242398998404912e-01	-3.213037041108786e-02	271
7.995369526396736e-01	-3.538866743370463e-02	272
3.485583726280072e-01	6.800228356915203e-02	273
8.476272943204638e-01	-2.890637973616164e-02	274
2.474140666706071e-01	6.471604344599254e-02	275
8.696373579022756e-01	-2.572603367161503e-02	276
1.002403897835818e-02	2.139471203747051e-02	277
8.901632113546172e-01	-2.261436204896958e-02	278
7.706414112579416e-02	-4.988233655470792e-02	279
9.091313107943192e-01	-1.959125009153600e-02	280
-1.935193602599894e-03	-3.202273455276900e-03	281
9.420738161519361e-01	-1.395080739448422e-02	282
9.264600743907202e-01	-1.668434362112459e-02	283
1.791409245080896e-02	-2.768925397835150e-02	284
4.259604186484113e-01	-6.790347015513105e-02	285
8.588136515902441e-01	-2.730680408537571e-02	286
9.559324343003299e-01	-1.145581327993400e-02	287
9.781637908066709e-01	-7.169160974509167e-03	288
9.679834967247194e-01	-9.207422160888337e-03	289
1.583744327742310e-01	-6.322162650352900e-02	290
8.998490304131895e-01	-2.109070693166788e-02	291
7.602851496310408e-01	-4.025487281849646e-02	292
9.971107364202061e-01	-2.037491781791470e-03	293
5.991498042850862e-01	-5.672887555790916e-02	294
4.416590404356292e-01	-6.721533024001801e-02	295
5.364865935343661e-01	-6.161961772774099e-02	296
4.732198539219650e-01	-6.561730391957636e-02	297
5.048655640179848e-01	-6.374416841051593e-02	298
4.890314312120565e-01	-6.471307172559536e-02	299
1.250327485041220e-01	-5.900019079597272e-02	300
2.783002118571236e-02	-3.319579147072531e-02	301
3.947923483392969e-01	-6.904175209215704e-02	302
4.623062546621247e-02	-4.085765910228553e-02	303
4.103314279187505e-01	-6.851449294032813e-02	304
3.189289466459335e-01	-7.035922286649934e-02	305
3.488341950762015e-01	-7.011054419407743e-02	306
3.350251148035515e-02	-3.581792508501783e-02	307
2.897129364887508e-01	-7.022228015529511e-02	308
9.344850901715270e-01	-1.529005455619186e-02	309
1.469061782320253e-01	-6.191852278548781e-02	310
1.947841147991314e-01	-6.646636898477354e-02	311
8.584612476658318e-02	-5.190949151362548e-02	312
1.046534495073273e-01	-5.566867689078664e-02	313
5.679591695019821e-01	-5.927948046940394e-02	314
1.701867175004814e-01	-6.441659372929906e-02	315
6.146067654537677e-01	-5.538542552184237e-02	316
8.800942498612602e-01	-2.416158781367847e-02	317
2.264451611045087e-02	-3.048442159657749e-02	318
9.951819686238949e-01	-2.769323284789090e-03	319
6.666794589750726e-03	-1.895671112495504e-02	320
1.803917070447460e-02	2.678237060099557e-02	321
9.180041828697613e-01	-1.812017922766640e-02	322
9.492289889279368e-01	-1.267187624752572e-02	323
9.733094206484716e-01	-8.165313693441225e-03	324
-1.335117984723829e-04	9.613001295326697e-03	325
8.361005976394106e-01	-3.051294984737905e-02	326
2.475051763697484e-01	-6.926247583161592e-02	327
5.522526621786651e-01	-6.047942758637551e-02	328
7.327834705979608e-01	-4.345819669641406e-02	329
7.867324825353093e-01	-3.701270092242100e-02	330
1.146484456152079e-01	-5.739428420984830e-02	331
2.205925373249125e-01	-6.807784862429946e-02	332
5.836014633478869e-01	-5.802777653040243e-02	333
6.750933117552770e-01	-4.965121041059873e-02	334
5.326719482318325e-02	-4.325274055073922e-02	335
3.892563889172663e-03	-1.592518074331161e-02	336
1.368371994231997e-02	-2.485441898872631e-02	337
3.640299598103362e-01	-6.984341275180610e-02	338
1.823361518800409e-01	-6.549779724509008e-02	339
9.999304273039975e-01	-3.804954778344366e-04	340
2.339086184795744e-01	-6.872327648059590e-02	341
9.504737614231873e-02	-5.384027567815246e-02	342
3.042236386295928e-01	-7.034442836428091e-02	343
2.613476521939719e-01	-6.968071556036808e-02	344
4.574166002504352e-01	-6.645439271533056e-02	345
7.043494354083980e-01	-4.660067555595140e-02	346
-1.929200370693866e-03	3.195446074966356e-03	347
-1.710535740432278e-04	-9.691300354886287e-03	348
5.361655994748661e-01	6.669899372173281e-02	349
-1.589987042421223e-03	-7.686876537414531e-04	350
2.798130237686274e-02	3.183332628502118e-02	351
5.345242931782780e-02	4.082662005489826e-02	352
3.981044917593836e-02	3.650300442999127e-02	353
1.148124688541509e-01	5.316348659609053e-02	354
4.099917122878981e-01	6.860580614146218e-02	355
9.971260878063181e-01	2.057149608040522e-03	356
5.203498959631312e-01	6.719445866855607e-02	357
4.728609935141986e-01	6.821704211075129e-02	358
9.734442315025607e-01	9.023550901446726e-03	359
9.623696869158875e-01	1.173983400879278e-02	360
8.904368836202075e-01	2.664790931593052e-02	361
4.886759288935835e-01	6.794974711361429e-02	362
4.413034985386074e-01	6.854134088674083e-02	363
3.790348425892734e-01	6.841966303667002e-02	364
9.266973544727894e-01	1.947413417443668e-02	365
9.093872939685332e-01	2.294768132279491e-02	366
7.725370056882677e-02	4.662548311465945e-02	367
9.782738157167004e-01	7.776805247211652e-03	368
9.561273564351652e-01	1.318761298292510e-02	369
9.422924639199350e-01	1.622773171913271e-02	370
9.522914160769509e-02	5.006581696102812e-02	371
6.095787301652955e-02	4.283665528216293e-02	372
2.895340556893910e-01	6.646475857204026e-02	373
2.612264091543777e-01	6.535238156928591e-02	374
1.702641326811412e-01	5.948758157832326e-02	375
3.186977377901208e-01	6.734702369625134e-02	376
4.570577426669560e-01	6.841497583926796e-02	377
3.944649799023534e-01	6.854305072029265e-02	378
1.470252653279983e-01	5.717744967382171e-02	379
1.251839677257715e-01	5.457277887193465e-02	380
6.297775033842420e-01	6.189207519961850e-02	381
1.948110304103440e-01	6.149632880127039e-02	382
2.205621867841200e-01	6.323128057041524e-02	383
6.601238729724458e-01	5.954221042874211e-02	384
5.676810209993695e-01	6.546375518710752e-02	385
7.468121001316953e-01	5.027785232518880e-02	386
7.187686061931206e-01	5.370418327091277e-02	387
7.997934910432065e-01	4.266385396293382e-02	388
7.738626814180469e-01	4.656739278417348e-02	389
8.479171361321836e-01	3.456124200778180e-02	390
8.245208775580773e-01	3.862535072069513e-02	391
9.001142438103595e-01	2.477089209584196e-02	392
8.699236236830561e-01	3.054075558621328e-02	393
9.494370541188983e-01	1.468386286427077e-02	394
9.182507194690732e-01	2.118157210199964e-02	395
9.681415944020515e-01	1.034823613352284e-02	396
8.591030387647834e-01	3.253768457667170e-02	397
8.803751724959027e-01	2.857484549319679e-02	398
8.123161462677622e-01	4.065645559094842e-02	399
8.363877046505298e-01	3.659165171248508e-02	400
7.604720605589860e-01	4.845305031289179e-02	401
7.869701127199137e-01	4.463594423679981e-02	402
7.043939258017046e-01	5.530133232607386e-02	403
7.329042878725993e-01	5.202803640514350e-02	404
6.450238057377931e-01	6.076693332756086e-02	405
6.750565139007448e-01	5.822190737554216e-02	406
5.519512881910655e-01	6.612787930384972e-02	407
6.144167885368501e-01	6.292379592635451e-02	408
2.075464398229175e-01	6.239680073084437e-02	409
2.338481666427775e-01	6.400405249887238e-02	410
1.584738829436061e-01	5.836946076831447e-02	411
1.823892082503160e-01	6.052871830929626e-02	412
4.640995009298655e-02	3.870867254542531e-02	413
1.359322249873400e-01	5.591570265177157e-02	414
1.379482029254607e-02	2.414559083766674e-02	415
3.366437815472907e-02	3.420410507503240e-02	416
2.075475406006673e-01	-6.732657350376942e-02	417
3.959184223002964e-03	1.567235980260812e-02	418
9.621912496978706e-01	-1.030230011708968e-02	419
8.120451981448253e-01	-3.375997274192233e-02	420
3.337927879712324e-01	-7.027922073768889e-02	421
5.206867140689985e-01	-6.271100449292361e-02	422
1.667889989048872e-03	1.268768835436333e-02	423
2.278324065738345e-02	2.935801818813743e-02	424
6.748189615711647e-03	1.857697285213140e-02	425
8.603298994145138e-02	4.838800662169217e-02	426
6.889104183684697e-02	4.477470162816743e-02	427
2.752739481840911e-01	6.593586678621426e-02	428
1.048275925320129e-01	5.165656651640013e-02	429
9.826298796419873e-01	6.595694693914798e-03	430
9.864990905257284e-01	5.516905680652493e-03	431
3.040176560005953e-01	6.693852761265104e-02	432
9.898874027333180e-01	4.521424010139719e-03	433
9.927858542013112e-01	3.616959275039545e-03	434
3.335384287965354e-01	6.769992371437022e-02	435
3.637347429006315e-01	6.824129585502760e-02	436
9.347131865130218e-01	1.782237720400903e-02	437
9.999342474724350e-01	3.795508652626652e-04	438
9.985489671543739e-01	1.317407965063370e-03	439
9.994636021224016e-01	7.218457880589252e-04	440
6.299322596250556e-01	-5.400471781743659e-02	441
3.963897771275803e-02	-3.838008168389435e-02	442
9.952041268645873e-01	2.809381051031094e-03	443
5.045172528213304e-01	6.761124749299813e-02	444
1.615828227134114e-03	-1.284007330439258e-02	445
9.927880419844947e-03	-2.192660892193808e-02	446
6.870102484123607e-02	-4.775847843361523e-02	447
1.357959295277964e-01	-6.051428657320081e-02	448
2.754245459970532e-01	-7.000095384804922e-02	449
7.109482876470964e-02	5.412323753330664e-02	450
-3.553382889920481e-03	9.155819217032174e-03	451
-4.506191269383975e-03	5.244522765580209e-03	452
2.823234881360493e-01	-8.462019525951772e-02	453
6.986577239751491e-01	-6.220696006526341e-02	454
9.150366289586875e-01	-2.794103926110226e-02	455
5.493497982445242e-03	-2.348936252632582e-02	456
5.765246504015741e-01	8.092060545825369e-02	457
6.840032776396859e-01	-6.392319310113186e-02	458
7.818375605581408e-01	-5.119029736921408e-02	459
9.890574494585399e-01	-8.234087203173812e-03	460
3.264293792338862e-01	-8.543473153825258e-02	461
8.548353353819648e-01	-3.953293798039987e-02	462
8.318117291756859e-01	-4.344109858465763e-02	463
8.845737335141167e-02	-6.210277006993497e-02	464
-3.614997895990597e-03	-9.219658108008757e-03	465
2.132788647719407e-01	-8.093631194839530e-02	466
1.304988576553882e-02	-3.032152913092567e-02	467
9.602848560931250e-01	-1.730299239193231e-02	468
1.512797584677404e-01	-7.414396617622253e-02	469
7.131108205418170e-01	-6.044524353209285e-02	470
6.541573760368747e-01	-6.723490654383935e-02	471
4.503135299959435e-01	-8.288045652732368e-02	472
7.937328973481796e-02	-5.968387071284474e-02	473
3.875167023958745e-01	-8.497285370005465e-02	474
8.965341706555360e-01	-3.175286838170738e-02	475
7.947810422223468e-01	-4.928005529222566e-02	476
5.669618473570528e-03	2.302743220115783e-02	477
1.782695678195270e-02	3.260818315777511e-02	478
6.690467298709015e-01	7.391315372787254e-02	479
8.440839881112417e-01	4.726455453692722e-02	480
1.082052216629056e-01	6.260105487605942e-02	481
6.839719417137202e-01	7.236137725959450e-02	482
1.632124711313614e-01	7.098998360781546e-02	483
8.770340306795803e-01	4.019292566406402e-02	484
9.891792505545960e-01	8.457741161375331e-03	485
3.409290358549890e-01	8.323031462636798e-02	486
5.131346307401070e-01	8.345501567972836e-02	487
9.542561747919966e-01	2.073287206199060e-02	488
8.872632390377585e-01	3.786715768192681e-02	489
9.922280221698524e-01	6.968692895771597e-03	490
9.606595010563007e-01	1.879633169202677e-02	491
9.816020369185775e-01	1.161668103841856e-02	492
2.399752271008186e-01	7.827810268493628e-02	493
3.259323333560162e-01	8.273500603574396e-02	494
2.264718770132302e-01	7.726007207384464e-02	495
9.832176970444917e-02	6.063032802390747e-02	496
6.691618270276833e-01	-6.560204030940696e-02	497
2.002612285551041e-01	-7.982706363596956e-02	498
9.230100240582996e-03	2.629586866843564e-02	499
1.401497710939122e-01	6.787312370478628e-02	500
4.768400848420448e-02	4.681251983026289e-02	501
9.720715266061040e-01	1.507927040727882e-02	502
9.948000064173870e-01	5.642527568332402e-03	503
8.970957983855041e-01	3.557313954182844e-02	504
1.630308512523057e-01	-7.575697763754979e-02	505
1.000204577753451e+00	2.304011275487935e-04	506
9.985232095344418e-01	3.000376259822452e-03	507
9.969058462333181e-01	4.330221092011706e-03	508
2.617262174691798e-03	1.966307588485696e-02	509
-1.998865957211851e-03	1.272215907406750e-02	510
2.470500119462459e-03	-1.998931809143981e-02	511
-3.872980808493999e-03	-1.670824356275407e-03	512
-3.044972516415379e-03	-1.830434587533246e-06	513
1.756537186598212e-02	-3.361004729049019e-02	514
1.000202033742473e+00	-2.340257799608487e-04	515
6.248188966687162e-02	-5.452564323509617e-02	516
9.984916584874812e-01	-2.981799476377088e-03	517
9.947340343949372e-01	-5.564035573188054e-03	518
4.180630743144846e-01	8.454743876900342e-02	519
5.455387710291916e-01	-7.711317665404170e-02	520
9.854603252091980e-01	-9.622677701530842e-03	521
8.764465780405923e-01	-3.563058105221035e-02	522
5.922234829951308e-01	8.001956344446857e-02	523
9.921383885412319e-01	-6.832713895980654e-03	524
-4.534815631246939e-03	-5.266867930438854e-03	525
4.345085536528325e-01	-8.354410358399959e-02	526
4.024175476097206e-01	8.443937599006109e-02	527
8.434898504333439e-01	-4.149453407002301e-02	528
2.819855177496160e-01	8.081747218884011e-02	529
8.658233248072268e-01	-3.757389479701798e-02	530
8.866870197400695e-01	-3.368546398731775e-02	531
7.071296879660720e-02	-5.715715950485909e-02	532
9.059910046035123e-01	-2.984003850185719e-02	533
9.236670472992666e-01	-2.606933151648281e-02	534
9.469622170033748e-01	-2.066968507220081e-02	535
2.805742472259098e-02	-4.004696049850254e-02	536
9.538486530095024e-01	-1.896336420730030e-02	537
9.662676061578896e-01	-1.569090623723524e-02	538
9.813990527219419e-01	-1.110408225778409e-02	539
1.288445472423091e-01	-7.058456108020265e-02	540
7.551078576709841e-01	-5.497634148860917e-02	541
7.686137671191130e-01	-5.308890407722369e-02	542
9.968588338413585e-01	-4.288761459972078e-03	543
4.661760651115716e-01	-8.212520381252748e-02	544
4.820529808763605e-01	-8.127798306690885e-02	545
4.979400962082891e-01	-8.035362086758900e-02	546
2.255950491137110e-02	-3.688376714411915e-02	547
4.030980647201178e-01	-8.459983835490513e-02	548
4.187656900732245e-01	-8.412204233430261e-02	549
3.414710173605392e-01	-8.548571935865786e-02	550
4.044407007931428e-02	-4.611523633760205e-02	551
9.318718621945458e-01	-2.422645103651195e-02	552
9.396340462614540e-01	-2.242130953927139e-02	553
1.398890738750745e-01	-7.242106827368457e-02	554
9.796130258153619e-02	-6.441585260607607e-02	555
5.613382579118097e-01	-7.590642688375594e-02	556
6.082550003860261e-01	-7.182387199910042e-02	557
9.717773506214403e-01	-1.412194227965687e-02	558
9.768162324879708e-01	-1.260086387645474e-02	559
7.273455752752348e-01	-5.864801227934879e-02	560
7.413407492644042e-01	-5.682987713086648e-02	561
1.078618535006426e-01	-6.660963906699022e-02	562
1.181732661265249e-01	-6.866295870598504e-02	563
5.770646685382512e-01	-7.461201406656867e-02	564
5.927072245109130e-01	-7.324886604742195e-02	565
4.731851967886388e-02	-4.903964550581216e-02	566
5.468859951094068e-02	-5.184863071736973e-02	567
9.025034032561189e-03	-2.691620218192291e-02	568
3.566932020588741e-01	-8.542841836412550e-02	569
3.720460883205809e-01	-8.525052404951437e-02	570
1.751316598157536e-01	-7.724282360026075e-02	571
1.875440827160094e-01	-7.859856342280434e-02	572
2.265642755908099e-01	-8.192674808535896e-02	573
2.401303141378634e-01	-8.279642383247220e-02	574
2.968252735388676e-01	-8.501449225556232e-02	575
3.115478323749558e-01	-8.528569154458204e-02	576
2.539778843440610e-01	-8.352765449985158e-02	577
-3.869309955045895e-03	1.664983507862719e-03	578
-5.772693492101055e-05	-1.644476719208308e-02	579
4.079478750513130e-02	4.415312776570723e-02	580
9.856196815935384e-01	9.970646505040502e-03	581
5.290323531836467e-01	8.296141775998134e-02	582
4.972217843594927e-01	8.385486550228831e-02	583
4.813246011741764e-01	8.416152859213867e-02	584
4.654446223579516e-01	8.438730324688490e-02	585
9.770652714998591e-01	1.331972768640823e-02	586
9.666043459839344e-01	1.691006783352652e-02	587
9.241721008513974e-01	2.893582215474588e-02	588
4.495854339657461e-01	8.452181919121135e-02	589
4.337901196284765e-01	8.457176212424741e-02	590
3.868641109607635e-01	8.424753182257806e-02	591
9.155620733777565e-01	3.110432113273515e-02	592
9.473979551888769e-01	2.271242099149709e-02	593
6.286160915665306e-02	5.175859764527611e-02	594
5.506334733138501e-02	4.935095444325450e-02	595
2.537598855416873e-01	7.920355346980519e-02	596
2.677615224042857e-01	8.003486625015109e-02	597
1.515034469534689e-01	6.947055697011993e-02	598
1.291373901155925e-01	6.619135304321985e-02	599
1.184935945262542e-01	6.445037145680987e-02	600
7.952902621096820e-01	5.657619154750142e-02	601
7.416264314170394e-01	6.513961481426531e-02	602
7.275577211376810e-01	6.708238437225485e-02	603
7.823037511494584e-01	5.880583452406221e-02	604
8.323961856203413e-01	4.961487332859121e-02	605
9.065356048909526e-01	3.332047924429016e-02	606
8.664177602486021e-01	4.253162457343618e-02	607
8.554324405077941e-01	4.489519016180060e-02	608
8.203631500498436e-01	5.196552148489391e-02	609
8.079844582848229e-01	5.429495749963221e-02	610
7.690279185998808e-01	6.098397537525638e-02	611
7.554614803736029e-01	6.310473786267946e-02	612
7.132446574700226e-01	6.894411137829358e-02	613
6.987098475934284e-01	7.070761632245409e-02	614
6.539599476588707e-01	7.535523012167671e-02	615
6.387077012730573e-01	7.668203780799752e-02	616
5.607477059235961e-01	8.171312628154387e-02	617
5.449040656529839e-01	8.238228537859991e-02	618
6.233327912530273e-01	7.789833882159679e-02	619
6.078339198338786e-01	7.901212771883262e-02	620
2.132476323516464e-01	7.616627537182379e-02	621
2.002889088768524e-01	7.499721507254026e-02	622
1.876271989441430e-01	7.375081397495077e-02	623
1.752662035877247e-01	7.241684968126026e-02	624
1.328441140026874e-02	2.951978746496568e-02	625
3.434859870469383e-02	4.139568819895662e-02	626
2.836954183559780e-02	3.859021400627380e-02	627
8.074413403387595e-01	-4.735079270239455e-02	628
8.197952406627402e-01	-4.539812854051641e-02	629
5.138343036145636e-01	-7.934498289000368e-02	630
5.297039329655177e-01	-7.825963552375152e-02	631
6.019504965327519e-05	1.623023343230422e-02	632
2.284819457677182e-02	3.566260529385666e-02	633
8.882978786582366e-02	5.855642100933423e-02	634
7.975276785949666e-02	5.638909898538496e-02	635
3.110997313227913e-01	8.217831052627247e-02	636
2.964305989065079e-01	8.153815725349114e-02	637
3.714260722858624e-01	8.398583551026981e-02	638
3.561100063305305e-01	8.365276670139574e-02	639
9.400945946446160e-01	2.473445067886363e-02	640
9.323553961143455e-01	2.681168177098708e-02	641
6.236846968733666e-01	-7.034291388238223e-02	642
6.389847289047336e-01	-6.881477843554316e-02	643
3.401629035422943e-02	-4.309960031719218e-02	644
-2.088396855920504e-03	-1.284923354747492e-02	645
2.680403829026554e-01	-8.412037319081786e-02	646
-7.243484420849781e-03	-7.978985203238000e-03	647
3.957230851622859e-01	-1.023566370285392e-01	648
2.891084258177653e-01	-1.010897036678564e-01	649
7.904676932137424e-01	-6.494125384787924e-02	650
5.389245128440511e-01	-9.559954255519046e-02	651
9.214432944517903e-01	-3.678982797490327e-02	652
9.922466392076104e-01	1.091795452349713e-02	653
9.890006443881364e-01	1.305586433846036e-02	654
9.656663837672229e-01	2.447524773478421e-02	655
-1.879336526225189e-03	2.027041790669227e-02	656
9.948795387322490e-01	8.978459924312321e-03	657
9.994863556750293e-01	1.752197512413442e-03	658
1.000199943957400e+00	5.399428540666172e-04	659
9.987823516650425e-01	-5.017119726134377e-03	660
1.000460648386016e+00	-3.513772983593471e-06	661
1.669903383065234e-02	-4.030850711488265e-02	662
-6.838565914595367e-03	2.947256160886473e-03	663
9.061626173902000e-02	-7.367202085060756e-02	664
9.298327324273827e-01	-3.444920522098011e-02	665
9.920753541014743e-01	-1.073368331839670e-02	666
5.698121261161893e-01	9.904511331684195e-02	667
9.994675988953160e-01	-1.747604644464134e-03	668
6.708254231697188e-04	-2.457412703678889e-02	669
7.078830819029793e-01	-7.773702542862096e-02	670
-4.314148990373602e-03	-1.646572651097618e-02	671
7.222660992096998e-01	-7.571026447552499e-02	672
1.199572122443463e-02	-3.645923757073567e-02	673
8.733190224024566e-01	-4.865150910624014e-02	674
3.955413209000672e-03	-2.857491911788106e-02	675
3.338764132912578e-01	-1.023944633535175e-01	676
8.625318055979042e-01	-5.101820460803034e-02	677
6.932775893539191e-01	-7.970347162548713e-02	678
9.947498425692481e-01	-8.865813949233003e-03	679
7.658850801042089e-03	-3.256753007380996e-02	680
9.811461186176106e-01	1.744744207484891e-02	681
5.219476163382312e-01	1.010872505003730e-01	682
9.529895194668810e-01	2.940253858310065e-02	683
6.632760764709954e-01	9.152470612585742e-02	684
9.971304025373916e-01	7.048542465689946e-03	685
5.059436217797199e-01	1.015623129712213e-01	686
2.741203780364194e-01	9.653909979436402e-02	687
3.330788502537064e-01	9.999868089932162e-02	688
1.556286755968960e-01	8.338124181453299e-02	689
6.427701587184290e-02	6.189389996075736e-02	690
1.000047569669939e+00	1.032868934618643e-03	691
-6.041773444633192e-03	-1.237178104241390e-02	692
-5.928239253662217e-03	1.227455240481794e-02	693
1.236307583597800e-02	3.557770846700768e-02	694
-7.175207000336301e-03	7.937813643541045e-03	695
9.651311478537581e-01	-2.320580658510809e-02	696
8.121716056220539e-02	-7.080199189023097e-02	697
-5.111661806239224e-03	-3.098495694223303e-06	698
1.553164366123814e-01	-8.798159078906082e-02	699
4.590993451229818e-01	-1.004119497004127e-01	700
2.198883165317992e-02	-4.415158928408058e-02	701
4.237008996531093e-03	2.804132314322733e-02	702
8.407580493176567e-01	6.159472683202532e-02	703
7.912258520368924e-01	7.224397028947842e-02	704
6.783775168115964e-01	8.982836724034512e-02	705
9.853597877305057e-01	1.517120704856571e-02	706
9.595601034497951e-01	2.691799583179243e-02	707
8.946630914064310e-01	4.782870453262372e-02	708
8.846550290938853e-01	5.057873350382484e-02	709
3.180762577476110e-01	9.927718797262611e-02	710
2.885439930384636e-01	9.754308792694125e-02	711
2.321480679882244e-01	9.308171787000180e-02	712
1.009725000929632e-01	7.263659536037487e-02	713
6.635148750989446e-01	-8.346162156101515e-02	714
6.784877723613281e-01	-8.161066910775175e-02	715
2.054926449799022e-01	-9.493044674424350e-02	716
7.984683673651190e-03	3.187153288775185e-02	717
1.439962067061137e-01	8.140553151073332e-02	718
9.764539789517136e-01	1.973626303305409e-02	719
9.988461260015351e-01	5.044327446151248e-03	720
9.095876216441437e-04	2.418345156606266e-02	721
-4.159936962568072e-03	1.629311481016324e-02	722
-2.075477375230685e-03	-2.054095478219057e-02	723
-6.852802201236238e-03	-2.956161367076750e-03	724
2.781765579130594e-02	-4.775739418097073e-02	725
1.000193801472800e+00	-5.437399467729065e-04	726
1.000035796288464e+00	-1.034798741936869e-03	727
9.708308755831315e-01	-2.105274730460560e-02	728
9.887758939922594e-01	-1.276676867513859e-02	729
5.856548126654245e-01	9.809645488371653e-02	730
4.431591930064096e-01	-1.010628908788816e-01	731
4.104090819257664e-01	1.022062448448815e-01	732
8.398466914322962e-01	-5.573830092038609e-02	733
8.513699610349245e-01	-5.339007238484307e-02	734
8.837504972155698e-01	-4.627574294074541e-02	735
8.937764270187989e-01	-4.389196777212077e-02	736
6.370446836074113e-02	-6.470432357691187e-02	737
7.224318988272284e-02	-6.781280511610845e-02	738
9.034011130043286e-01	-4.151850079479720e-02	739
9.126356187595656e-01	-3.914805386841713e-02	740
9.523480790937303e-01	-2.760562794098910e-02	741
9.589692231928053e-01	-2.538864864599714e-02	742
9.850781496622295e-01	-1.474927808818064e-02	743
7.639950491387437e-01	-6.936718621710099e-02	744
7.773728569825344e-01	-6.716425985292553e-02	745
9.970367487068134e-01	-6.987345263871446e-03	746
4.750761490337246e-01	-9.964784068377455e-02	747
4.910466151265797e-01	-9.878167091996841e-02	748
4.114676489840026e-01	-1.020460961291640e-01	749
4.272864939496446e-01	-1.016095596050039e-01	750
3.401307468896204e-02	-5.134913427331903e-02	751
9.377834228579830e-01	-3.212918706203956e-02	752
9.452793593495056e-01	-2.985019843881203e-02	753
1.322868411716053e-01	-8.368996375068903e-02	754
1.436244640595706e-01	-8.589563613793769e-02	755
5.548131536115636e-01	-9.441514954382800e-02	756
5.706767810397927e-01	-9.309548105908119e-02	757
9.760427177283537e-01	-1.894116912189948e-02	758
9.807997830250932e-01	-1.685434660257680e-02	759
7.364048980198967e-01	-7.364470307145732e-02	760
7.503215396063390e-01	-7.153487564010308e-02	761
1.004378321249394e-01	-7.641808182932824e-02	762
1.106934150898833e-01	-7.902449834493261e-02	763
1.213382801497662e-01	-8.137495438791151e-02	764
5.864387921646635e-01	-9.167856876917760e-02	765
6.021038735618834e-01	-9.017577124504507e-02	766
4.071322793697448e-02	-5.489110560543850e-02	767
4.793508541464013e-02	-5.833887339271043e-02	768
5.565852744994874e-02	-6.153421062880208e-02	769
3.491318458981009e-01	-1.025811628005444e-01	770
3.645582511006030e-01	-1.026312352466461e-01	771
3.800864981594876e-01	-1.025490429777130e-01	772
1.673849254891069e-01	-8.993921875802917e-02	773
1.797847456591591e-01	-9.174858991424562e-02	774
1.924912236136827e-01	-9.340966619821985e-02	775
2.187756367176710e-01	-9.631965296193686e-02	776
2.323373581813496e-01	-9.757359474461696e-02	777
3.038619324327096e-01	-1.016645196347768e-01	778
3.188033492018416e-01	-1.020931731272084e-01	779
2.462025101585595e-01	-9.868341001410560e-02	780
4.124949008494848e-02	5.286237873112792e-02	781
4.899381495222344e-01	1.019272898474713e-01	782
4.739601426879204e-01	1.021894127542088e-01	783
9.713056607947721e-01	2.207479127104699e-02	784
4.579838193782375e-01	1.023484180611659e-01	785
4.420529727753102e-01	1.023974948860259e-01	786
4.261990915146013e-01	1.023507607926182e-01	787
3.947031782626192e-01	1.019538327650728e-01	788
9.222470150705118e-01	3.972596708201177e-02	789
5.622395694165714e-02	5.898123769807187e-02	790
4.849097549546002e-02	5.604931703208111e-02	791
2.599340812070478e-01	9.546845448063507e-02	792
2.459152264361843e-01	9.436116350341944e-02	793
1.327105315535237e-01	7.933999632570311e-02	794
1.218054990352301e-01	7.719106471966432e-02	795
1.111990629437732e-01	7.503183539352434e-02	796
7.367929802724944e-01	8.185258500119343e-02	797
9.134714331559427e-01	4.240030959686519e-02	798
9.042647465321093e-01	4.510470259034106e-02	799
8.742353236662938e-01	5.333400424464714e-02	800
8.634540626411132e-01	5.608821040423613e-02	801
8.522916853582606e-01	5.885338309493250e-02	802
8.289029699122012e-01	6.430689919309351e-02	803
8.166803142202735e-01	6.700719371299027e-02	804
8.041037791564331e-01	6.965943891712445e-02	805
7.780576781769956e-01	7.476235989905498e-02	806
7.645924782787439e-01	7.721811890768301e-02	807
7.508193201466609e-01	7.959107310090020e-02	808
7.225370871762602e-01	8.401289201745857e-02	809
7.080301177416527e-01	8.607408364000763e-02	810
6.932967448318095e-01	8.801262321412155e-02	811
6.480020015367297e-01	9.308861190874659e-02	812
5.538757224651787e-01	9.985862189875688e-02	813
5.379220274495439e-01	1.005050477225436e-01	814
6.325901862197566e-01	9.452082083660782e-02	815
6.170607232102118e-01	9.583197507398662e-02	816
6.014081817519866e-01	9.702495760530344e-02	817
2.186825034147052e-01	9.170470697057014e-02	818
2.054927147078093e-01	9.023742907641774e-02	819
1.925794903626941e-01	8.868184066847502e-02	820
1.799548408521975e-01	8.702657562373846e-02	821
1.676297697613649e-01	8.526067188400828e-02	822
3.452296933277469e-02	4.957276796274054e-02	823
2.829721501278801e-02	4.622218230073190e-02	824
8.032874197695820e-01	-6.268742927790406e-02	825
8.158197498288721e-01	-6.039077975263712e-02	826
8.280118256159543e-01	-5.806502850339118e-02	827
5.070321340550095e-01	-9.781595836380427e-02	828
5.230019304793453e-01	-9.675012586410406e-02	829
2.243678373955273e-02	4.285031788293359e-02	830
1.710751881942752e-02	3.922788157468387e-02	831
9.117117371279457e-02	7.011713268896660e-02	832
8.178484658210754e-02	6.748631756500277e-02	833
7.281672676058668e-02	6.474626677102578e-02	834
3.032128491860379e-01	9.846334570543271e-02	835
3.791131801617816e-01	1.016069214867320e-01	836
3.636375660722078e-01	1.011758086375647e-01	837
3.482698366325093e-01	1.006397150639663e-01	838
9.459665503863188e-01	3.191985593075623e-02	839
9.385127007689789e-01	3.447692168869447e-02	840
9.306009164988008e-01	3.708470735333776e-02	841
6.176560214592032e-01	-8.859701562592386e-02	842
6.330742584733920e-01	-8.695208921352934e-02	843
6.483665086741964e-01	-8.524284669111314e-02	844
2.603171946873715e-01	-9.957551396594255e-02	845
2.745956930574831e-01	-1.003878857885164e-01	846
-1.022627262098610e-02	-1.115226878758799e-02	847
9.218666058911555e-02	-8.675681708876465e-02	848
9.995000886006735e-01	7.345430460911720e-03	849
9.857851758001164e-01	2.109225395979802e-02	850
5.483624806410407e-01	-1.149651712979789e-01	851
-1.045602878659270e-02	5.163695487369605e-03	852
9.994832806130369e-01	-3.877840249743194e-03	853
9.285304964428160e-01	-4.605903689969761e-02	854
9.366766982811674e-01	-4.316370380698169e-02	855
2.687991307923599e-02	-5.641505220042769e-02	856
9.955831162506489e-01	1.271719151710131e-02	857
4.987435515525611e-01	1.217113683718073e-01	858
-8.853314476603610e-03	-1.596188474174412e-02	859
6.257212678824499e-03	3.819307103309365e-02	860
-1.593135912465979e-03	-2.975385031992958e-02	861
9.654953858023032e-01	3.307823350425124e-02	862
9.978010293743282e-01	1.012364845618654e-02	863
-8.676854276715050e-03	1.583361956798825e-02	864
6.577778140961290e-01	1.112705970936093e-01	865
-6.742604877653120e-03	2.035145959409928e-02	866
1.000497581986421e+00	3.519732477193327e-04	867
1.000493328795674e+00	-3.594498616498160e-04	868
7.997019709903004e-01	-7.995931527343485e-02	869
1.589196784408804e-01	-1.036075538932944e-01	870
1.520784245383676e-02	-4.785105586946176e-02	871
4.039753964960516e-01	-1.218481666324708e-01	872
8.245154229583330e-02	-8.336745741662012e-02	873
4.519414942034365e-01	-1.206672639573039e-01	874
2.957477404743894e-01	-1.196173911493321e-01	875
9.895451044209238e-01	1.825139992533792e-02	876
5.631837315625163e-01	1.192978777628288e-01	877
9.592289185717393e-01	3.615360518333541e-02	878
9.524926856335423e-01	3.925586215367519e-02	879
7.877225085088021e-01	8.988805727185339e-02	880
1.473527807430586e-01	9.667771152609549e-02	881
2.658295201219262e-01	1.137380416333433e-01	882
9.925773921461586e-01	-1.519579250445057e-02	883
5.669996550616003e-02	6.985614111214167e-02	884
8.708762085130377e-01	-6.337874032758335e-02	885
9.995321721776504e-01	3.890259125486176e-03	886
9.928502179033217e-01	1.541292288750694e-02	887
9.993949318766620e-01	-7.315329111944421e-03	888
9.760014796563301e-01	-2.619267609784443e-02	889
1.026637360397226e-02	-4.331281453543639e-02	890
7.030556427956667e-01	-9.712285402328392e-02	891
-4.561449906288756e-03	-2.516482993361417e-02	892
7.176260647564897e-01	-9.485244796447805e-02	893
7.319369563323450e-01	-9.252121050233011e-02	894
5.801022921576242e-03	-3.895384654975474e-02	895
9.953740608091747e-01	-1.258371630016965e-02	896
1.807024820963233e-03	-3.424421413046333e-02	897
8.380828653542752e-01	7.772882090742136e-02	898
5.148925455618445e-01	1.212704669888290e-01	899
3.098329091846372e-01	1.174454270951367e-01	900
-1.010583473272525e-02	1.109045645434366e-02	901
2.203678862848218e-03	3.365429992785816e-02	902
6.730923276309431e-01	1.094494669924442e-01	903
8.929638156971256e-01	6.167360683993509e-02	904
3.248997061140769e-01	1.184485202624217e-01	905
2.949140657864673e-01	1.163145099473924e-01	906
2.802397605370980e-01	1.150687340664071e-01	907
6.733348849511260e-01	-1.014158160227340e-01	908
6.882858514787589e-01	-9.930403294238704e-02	909
9.814134652654348e-01	2.407453984663410e-02	910
-1.251987049667631e-03	2.930786944441946e-02	911
-4.276343013305715e-03	2.484627353771238e-02	912
-6.972542801084306e-03	-2.056430114698470e-02	913
-1.049963857651677e-02	-5.178700565667211e-03	914
2.088501592985495e-02	-5.236427353534841e-02	915
9.706168410893555e-01	-2.897657865163271e-02	916
9.891982991097287e-01	-1.792161518594073e-02	917
5.792235002024808e-01	1.183106071771725e-01	918
8.485404936749713e-01	-6.904404757762746e-02	919
8.599089894109115e-01	-6.621880594998347e-02	920
8.814883184242485e-01	-6.052915797445968e-02	921
8.917257140609650e-01	-5.764478157607025e-02	922
6.429298252889845e-02	-7.618801978412698e-02	923
7.315330001076710e-02	-7.984607293671594e-02	924
9.015341949753262e-01	-5.475497436139517e-02	925
9.109509717743186e-01	-5.186120097163682e-02	926
9.199566761673190e-01	-4.895669470744959e-02	927
9.584000217849797e-01	-3.460808496161467e-02	928
9.647415080073108e-01	-3.178458849187334e-02	929
7.734516689083166e-01	-8.513568230335831e-02	930
7.867122285006182e-01	-8.256571296905373e-02	931
9.976468238615912e-01	-1.004965510462853e-02	932
4.680441864486069e-01	-1.200146906491622e-01	933
4.841495747318192e-01	-1.192293463282115e-01	934
4.199167961766329e-01	-1.215913408991505e-01	935
4.359024529411932e-01	-1.211904138935164e-01	936
9.443570448721402e-01	-4.029044167976200e-02	937
9.515932247344046e-01	-3.744600904451204e-02	938
1.352328341924467e-01	-9.848047615192236e-02	939
1.468840441919129e-01	-1.011096211809093e-01	940
5.644089243186301e-01	-1.136841698826625e-01	941
9.809039817975864e-01	-2.343299160499188e-02	942
9.853604998613242e-01	-2.062356666868946e-02	943
7.460158880525951e-01	-9.013370057360026e-02	944
7.598792443666899e-01	-8.766855745506280e-02	945
1.023801920059260e-01	-8.999991189520305e-02	946
1.131193735979492e-01	-9.303027548610687e-02	947
1.239618110425602e-01	-9.572490963189048e-02	948
5.803475762949399e-01	-1.122293687323973e-01	949
5.961692956144091e-01	-1.106547961175955e-01	950
3.332829452628290e-02	-6.063700802214895e-02	951
4.034833514606266e-02	-6.480841586534393e-02	952
4.804316065533784e-02	-6.885314029873438e-02	953
5.594227480408947e-02	-7.244451519612466e-02	954
3.412529243666770e-01	-1.214519659462417e-01	955
3.567662458902128e-01	-1.217757635853576e-01	956
3.724114590277792e-01	-1.219354793329344e-01	957
3.881347761074757e-01	-1.219562192989818e-01	958
1.713289444725649e-01	-1.059500715711476e-01	959
1.840576031632013e-01	-1.081221130880681e-01	960
1.970798685926388e-01	-1.101252714971928e-01	961
2.103803343594098e-01	-1.119758880360393e-01	962
2.239677551520922e-01	-1.136786457165800e-01	963
3.259440107091926e-01	-1.209847799998245e-01	964
3.107778686026785e-01	-1.203828219854089e-01	965
2.378624116111019e-01	-1.152216286887510e-01	966
4.826383365626764e-01	1.220241305217362e-01	967
9.765942446160523e-01	2.703040582145821e-02	968
9.712916024077856e-01	3.003277345529100e-02	969
4.665290813973616e-01	1.222243129943511e-01	970
4.504304187907368e-01	1.222895623327179e-01	971
4.344081735468502e-01	1.222279616487788e-01	972
4.184541162714824e-01	1.220523036679902e-01	973
4.025596542752414e-01	1.217465645962904e-01	974
4.879055071588350e-02	6.651348565512689e-02	975
4.107456051052839e-02	6.273015565531528e-02	976
2.516608978746513e-01	1.124084602273584e-01	977
2.375371152869792e-01	1.108898812595314e-01	978
1.357761046054038e-01	9.417624479825831e-02	979
1.245687994703511e-01	9.157632933051166e-02	980
1.137788902944400e-01	8.905983252560122e-02	981
1.030841053311553e-01	8.623401724068258e-02	982
9.210910496606135e-01	5.194769401936475e-02	983
9.121284367707330e-01	5.518468559388122e-02	984
9.027461040835026e-01	5.842529511528517e-02	985
8.827437064173208e-01	6.492712914422873e-02	986
8.721410260957251e-01	6.815143528554857e-02	987
8.611774220995198e-01	7.136944336013319e-02	988
8.498073138034876e-01	7.458350485175112e-02	989
8.260359616345564e-01	8.085446167421415e-02	990
8.135877430769203e-01	8.394075285070614e-02	991
8.007956749732760e-01	8.694332786895105e-02	992
7.743420703863947e-01	9.271205077424159e-02	993
7.606442187659870e-01	9.549738911176250e-02	994
7.466322234574150e-01	9.812061746590238e-02	995
7.323978146237068e-01	1.006562650305423e-01	996
7.179210063768785e-01	1.030330777332996e-01	997
7.031725036546008e-01	1.053324851941668e-01	998
6.882302295110373e-01	1.074347300825461e-01	999
5.309817943508541e-01	1.207218191362052e-01	1000
5.470480715436263e-01	1.200655639008415e-01	1001
6.422855670344859e-01	1.129811879320203e-01	1002
6.267055614082809e-01	1.145000554050862e-01	1003
6.109719463146677e-01	1.159240010009741e-01	1004
5.951605101089485e-01	1.171687753161761e-01	1005
2.237777206161211e-01	1.092035337392518e-01	1006
2.103222405441625e-01	1.074047919899524e-01	1007
1.971474599881403e-01	1.055047181216846e-01	1008
1.842417907722592e-01	1.034955375293423e-01	1009
1.716185885931923e-01	1.013553501119163e-01	1010
1.593037080943364e-01	9.907909084529323e-02	1011
3.402140708240752e-02	5.880794070310746e-02	1012
2.753302632515794e-02	5.482262175071299e-02	1013
8.124250580429514e-01	-7.729029100262920e-02	1014
8.248253772068890e-01	-7.456386484599736e-02	1015
8.368441989229235e-01	-7.181415740942607e-02	1016
5.002531363560675e-01	-1.183239925799143e-01	1017
5.163572410157907e-01	-1.172965518036344e-01	1018
5.324117926154067e-01	-1.161533662356467e-01	1019
2.149880633887128e-02	5.099602821318187e-02	1020
1.577149755393870e-02	4.670821989489493e-02	1021
1.077495268590861e-02	4.237085528548042e-02	1022
9.292042090937772e-02	8.320803622582670e-02	1023
8.320445523859450e-02	8.004692731617415e-02	1024
7.391652656453146e-02	7.676342133187300e-02	1025
6.505793040591719e-02	7.335122499864423e-02	1026
3.867793126617733e-01	1.213147943916065e-01	1027
3.711251503765456e-01	1.207816191436804e-01	1028
3.555536084009744e-01	1.201336565333908e-01	1029
3.401210575846602e-01	1.193485354664790e-01	1030
9.296143214787943e-01	4.873298848751265e-02	1031
9.453225916471761e-01	4.237516085587566e-02	1032
9.377040838140146e-01	4.553555304942163e-02	1033
6.118742477585045e-01	-1.089829403996822e-01	1034
6.274434397352125e-01	-1.072178420048777e-01	1035
6.428779613388246e-01	-1.053756724866696e-01	1036
6.581863795328136e-01	-1.034417358646474e-01	1037
2.521225784202107e-01	-1.165470695594087e-01	1038
2.664190685506800e-01	-1.176425672904563e-01	1039
2.809540555117466e-01	-1.186946670471831e-01	1040
3.247891143611739e-03	-4.598832319737756e-02	1041
9.998348871605154e-01	9.462568806682737e-03	1042
9.768456718306029e-01	-3.433328813386802e-02	1043
1.000466328432376e+00	7.891867866388133e-04	1044
-9.662591297666139e-04	-4.060268138314570e-02	1045
7.351675209569527e-01	-1.123441905035782e-01	1046
9.303311835657326e-02	-1.015047929142016e-01	1047
-4.529708773709950e-03	-3.547924224846619e-02	1048
9.870158878224137e-01	2.767641948157356e-02	1049
-1.007507455459484e-02	-2.510570674594298e-02	1050
1.906513759509807e-02	-6.143506929951813e-02	1051
1.619648751555706e-01	-1.212095709589089e-01	1052
1.381844335520451e-01	1.108598021851408e-01	1053
-4.462559661978238e-04	3.996888990749158e-02	1054
-9.760641615562045e-03	2.486068962955569e-02	1055
-1.417493181782043e-02	8.311615854710278e-03	1056
-7.201795913254734e-03	7.410517997131878e-04	1057
-7.204342675983744e-03	-7.471565736017381e-04	1058
-1.041573591589979e-02	1.138114912958245e-03	1059
-1.206991430580794e-02	-1.995084556847749e-02	1060
9.996885199393759e-01	-9.426574922348316e-03	1061
3.162143089418423e-01	1.387057284048479e-01	1062
9.818705432900733e-01	-3.079706008418226e-02	1063
9.966060344570941e-01	-1.668174371736129e-02	1064
9.443784372077196e-01	-5.205120838266158e-02	1065
8.032874266196657e-01	-9.782990490984313e-02	1066
4.122900248254928e-01	-1.436779690113509e-01	1067
9.989926946349537e-01	1.340330943431954e-02	1068
9.295917623052232e-01	6.183329582452496e-02	1069
9.529659581448054e-01	5.032741480341628e-02	1070
5.485041446559026e-01	1.422422048357792e-01	1071
5.160181168675801e-01	1.434369489299784e-01	1072
6.604268693724256e-01	1.323410860230098e-01	1073
7.780718293899582e-01	1.112298658243036e-01	1074
4.915574715436204e-01	1.440811635887528e-01	1075
5.501092637350363e-01	-1.372056988844892e-01	1076
3.315386812737083e-01	1.399406521714714e-01	1077
9.969070660855827e-01	1.682017303280055e-02	1078
8.291004782234043e-02	-9.751289344793525e-02	1079
1.000342095573960e+00	1.840801003934428e-03	1080
9.908780568535189e-01	2.398595644782706e-02	1081
-1.042111275590020e-02	-1.139422376363973e-03	1082
1.000456718657190e+00	-7.962187786586254e-04	1083
1.000319165537410e+00	-1.845066790989230e-03	1084
9.365009198463027e-01	-5.559911292609442e-02	1085
2.509773213677164e-02	-6.607340199485560e-02	1086
-1.356652286152855e-02	-1.470021671492383e-02	1087
3.840701726452176e-03	4.518058833734224e-02	1088
-7.524192626879718e-03	-3.031288841992848e-02	1089
9.662657567555282e-01	4.272915034313428e-02	1090
-1.182179474757980e-02	1.979734213874190e-02	1091
1.000770812297137e+00	1.436794931866968e-04	1092
1.000768933138083e+00	-1.547950081994538e-04	1093
7.764352003431398e-03	-5.093533042517890e-02	1094
3.175094748585374e-01	-1.414059735472579e-01	1095
3.021927227730049e-01	-1.404313312426045e-01	1096
9.941698991063420e-01	2.033638732877966e-02	1097
5.729965659438248e-01	1.408508112864716e-01	1098
9.598454797311816e-01	4.652802216289093e-02	1099
9.937829544852724e-01	-2.010802319753431e-02	1100
7.061078694120075e-01	-1.175746372449836e-01	1101
-1.338503192583813e-02	1.462000367584194e-02	1102
3.010452815802986e-01	1.373644223600195e-01	1103
2.860545013145307e-01	1.358365346903795e-01	1104
2.713782870036535e-01	1.342382708122765e-01	1105
6.761741835116097e-01	-1.224175074178929e-01	1106
-4.078035431762076e-03	3.499277856217671e-02	1107
-7.141375272307638e-03	2.995531223654152e-02	1108
-1.426777269698074e-02	-8.332504308031596e-03	1109
1.303874547818722e-02	-5.633148670457085e-02	1110
8.581096335384498e-01	-8.333809563576697e-02	1111
8.693018000035863e-01	-7.996883710117589e-02	1112
8.800905127197316e-01	-7.658077004610081e-02	1113
8.905467878775913e-01	-7.314519308814781e-02	1114
7.327191949598352e-02	-9.337513082423483e-02	1115
6.408158832600711e-02	-8.908371800302824e-02	1116
9.005766598337818e-01	-6.966836054925514e-02	1117
9.101791513171414e-01	-6.618835783209398e-02	1118
9.193888495352746e-01	-6.267005181049422e-02	1119
9.281605113147423e-01	-5.914034728896468e-02	1120
9.652739625769299e-01	-4.143938675777414e-02	1121
9.713083078194225e-01	-3.788604453136514e-02	1122
7.769221791480988e-01	-1.038482288342060e-01	1123
9.987686508982132e-01	-1.332970266967570e-02	1124
4.608902839143043e-01	-1.425862968097312e-01	1125
4.771820865488969e-01	-1.419150509137051e-01	1126
4.284555670021926e-01	-1.434679458082167e-01	1127
4.446397431839076e-01	-1.430959909356684e-01	1128
9.517828743790939e-01	-4.852796945464438e-02	1129
9.587563763447955e-01	-4.499130101522974e-02	1130
1.375321266514706e-01	-1.151303069315519e-01	1131
1.495388533428757e-01	-1.182467918745943e-01	1132
9.864331525205340e-01	-2.718986796412669e-02	1133
9.903956088677615e-01	-2.364198578729797e-02	1134
7.563710208822333e-01	-1.082133337190649e-01	1135
1.037811701353767e-01	-1.053261862491539e-01	1136
1.149203089045279e-01	-1.086631038580554e-01	1137
1.259185188362365e-01	-1.118756172387470e-01	1138
5.824339463460151e-01	-1.343260588382675e-01	1139
3.182532520171646e-02	-7.104303126053071e-02	1140
3.931054077746837e-02	-7.598887690246542e-02	1141
4.743752058859373e-02	-8.051949287824729e-02	1142
5.540202266905105e-02	-8.467700099479354e-02	1143
3.329345347543151e-01	-1.421979686615232e-01	1144
3.485433467869345e-01	-1.428424903417924e-01	1145
3.643516215665406e-01	-1.433004273590026e-01	1146
3.802276293026127e-01	-1.435840471701384e-01	1147
3.961909053648305e-01	-1.437113212499821e-01	1148
1.747414080481410e-01	-1.239859877174403e-01	1149
1.878334405228200e-01	-1.265645678769931e-01	1150
2.011845250885742e-01	-1.289573317113526e-01	1151
2.148263811167067e-01	-1.311791996342924e-01	1152
2.287802873214020e-01	-1.332325833174262e-01	1153
9.825580081419752e-01	3.145425746051340e-02	1154
9.776357703369504e-01	3.518115076973276e-02	1155
9.722002910702294e-01	3.894564129854719e-02	1156
4.752795618353849e-01	1.443725959354654e-01	1157
4.589485820735605e-01	1.444795845830075e-01	1158
4.427262685212074e-01	1.444190127369046e-01	1159
4.265455397366513e-01	1.442064387755795e-01	1160
4.104543607376252e-01	1.438577541957894e-01	1161
4.837597973480487e-02	7.814482876004829e-02	1162
4.022989053075032e-02	7.387323880415941e-02	1163
2.570534454019315e-01	1.325575425232021e-01	1164
2.426580681799405e-01	1.308942146031574e-01	1165
1.266565615011928e-01	1.077612575045782e-01	1166
1.157348263370260e-01	1.047132318417381e-01	1167
1.046492112358675e-01	1.015817814769084e-01	1168
9.208933147643122e-01	6.569758650133863e-02	1169
9.117259615753566e-01	6.956110298751002e-02	1170
9.021708975438940e-01	7.340591877577869e-02	1171
8.921545632614392e-01	7.724142737634115e-02	1172
8.817200738297100e-01	8.105414856150700e-02	1173
8.709224726740872e-01	8.479431126259973e-02	1174
8.597410701537245e-01	8.852013189221711e-02	1175
8.421610361295478e-01	9.403251699610735e-02	1176
8.239003107928113e-01	9.939616430407414e-02	1177
8.047166019033571e-01	1.046084514686777e-01	1178
7.501418706802471e-01	1.173992269030109e-01	1179
7.211698244677024e-01	1.229943806013245e-01	1180
6.911970823749483e-01	1.279961981492195e-01	1181
6.290307620468418e-01	1.359883431952666e-01	1182
5.971476669088299e-01	1.389603932866049e-01	1183
2.284523893694435e-01	1.288565825758035e-01	1184
2.146741820014024e-01	1.267116473603901e-01	1185
2.012066032172042e-01	1.244013255968015e-01	1186
1.880114523033232e-01	1.220170142613359e-01	1187
1.750661198014153e-01	1.194547422120803e-01	1188
1.624047110771129e-01	1.167477763752175e-01	1189
1.500894712690755e-01	1.138696220115872e-01	1190
3.270630723568148e-02	6.918089266166810e-02	1191
2.592949448757835e-02	6.444582215529042e-02	1192
8.223878389094837e-01	-9.312428811336486e-02	1193
8.346417819700132e-01	-8.990608615556098e-02	1194
8.465182311729794e-01	-8.665845512318486e-02	1195
4.934585377876471e-01	-1.410967519599411e-01	1196
5.178547746974322e-01	-1.395709942301153e-01	1197
1.984805768367618e-02	6.001893992455536e-02	1198
1.376402510941519e-02	5.514042565418271e-02	1199
8.420807041357399e-03	4.995197668068949e-02	1200
9.394329050357800e-02	9.797536192067452e-02	1201
8.384499283661076e-02	9.420334587002527e-02	1202
7.422115882083943e-02	9.029248414243954e-02	1203
6.503668519034547e-02	8.623585195221883e-02	1204
5.635263109027810e-02	8.206978289452689e-02	1205
3.944066914323527e-01	1.433342814656488e-01	1206
3.785573556403680e-01	1.427024698179448e-01	1207
3.627618153212410e-01	1.419365935168654e-01	1208
3.470465550204481e-01	1.410143426215765e-01	1209
9.456520833691938e-01	5.413028942748405e-02	1210
9.378593601590565e-01	5.797439620658009e-02	1211
6.142452490590146e-01	-1.308051138179518e-01	1212
6.454867599043383e-01	-1.268330262289211e-01	1213
2.431653277739149e-01	-1.350776963420155e-01	1214
2.577374575209164e-01	-1.365497597558603e-01	1215
2.722187534149383e-01	-1.379537841461464e-01	1216
2.870609072889170e-01	-1.392731240189298e-01	1217
9.998079078017205e-01	-2.539309805113021e-03	1218
9.998385237028323e-01	2.542963430560359e-03	1219
-8.106922603484093e-03	-4.173486591727667e-02	1220
-1.400532815137394e-02	3.645758486857115e-03	1221
1.000804457370072e+00	-5.560542540208387e-04	1222
9.884317200115584e-01	-3.435233682216891e-02	1223
9.988179566060150e-01	2.115780594876668e-02	1224
-1.720631896525039e-02	1.854513774898958e-02	1225
9.742075864582147e-01	4.877193323032249e-02	1226
1.000859976531727e+00	-8.186900996054732e-03	1227
9.957544895066928e-01	-2.535684607543566e-02	1228
-1.831905826619734e-02	-1.199253616698868e-02	1229
1.618329430085110e-02	-7.134249489419874e-02	1230
-4.482688910358071e-03	-4.765151852408527e-02	1231
3.302152424432166e-01	1.626215521718428e-01	1232
1.000811429643366e+00	5.444904034191127e-04	1233
-7.539284109661636e-03	4.122135809474533e-02	1234
-1.557205257762907e-02	2.421074343507933e-02	1235
-1.994335143274832e-04	-5.362090145416998e-02	1236
9.838410851250166e-01	-3.887341166730399e-02	1237
5.358040461162498e-01	-1.632249601253050e-01	1238
9.962626845546337e-01	2.557321028056959e-02	1239
3.162063129173332e-01	-1.637781175001499e-01	1240
9.531269305839376e-01	-6.087547328726126e-02	1241
9.415140581182488e-01	-6.733228023981319e-02	1242
6.329400389531654e-01	-1.529744714083743e-01	1243
9.309687376669683e-02	-1.180961995438612e-01	1244
1.708681712068277e-01	-1.426254323940374e-01	1245
-1.589965545666988e-02	-2.438170057901491e-02	1246
4.288732470149816e-01	-1.670134254179259e-01	1247
7.239860607165856e-02	-1.085120978771944e-01	1248
8.241918850109098e-02	-1.133745882692604e-01	1249
1.222741226202936e-01	1.240798147421071e-01	1250
9.891815320149090e-01	3.482655834991310e-02	1251
9.349460469334961e-01	7.411098381645406e-02	1252
-1.816457872122848e-02	1.196409519580187e-02	1253
-3.832497407228558e-03	4.698835723166134e-02	1254
9.787363177895942e-01	-4.330725913980254e-02	1255
1.000430213048130e+00	1.207630252243041e-03	1256
9.930747431585133e-01	3.020801277304728e-02	1257
-9.294849198904043e-03	-1.595013720790989e-06	1258
-1.745606921766563e-02	-1.863823121124345e-02	1259
9.984190067769403e-01	-2.103108682086461e-02	1260
7.499941381748852e-01	-1.320192700537527e-01	1261
5.051466067749736e-01	1.686094884488437e-01	1262
4.760422310783188e-01	1.680780658634027e-01	1263
1.000788776106974e+00	1.686067523821765e-02	1264
1.001096202457867e+00	-7.751862428164168e-06	1265
1.000986549170871e+00	8.197055177249694e-03	1266
-1.403680965790104e-02	-3.642268529504916e-03	1267
1.000415369017218e+00	-1.213886341008255e-03	1268
2.231437289099809e-02	-7.677970998919080e-02	1269
-1.379841816410308e-02	-3.013789222544816e-02	1270
-1.120274277995878e-02	-3.586929065653899e-02	1271
5.627558392410306e-01	1.661853178241660e-01	1272
1.012716748946845e-02	-6.580287798357802e-02	1273
9.681611330978527e-01	5.340574024134244e-02	1274
9.616197635349593e-01	5.803008116582276e-02	1275
5.339672860293146e-01	1.675354290344975e-01	1276
2.992712923205254e-01	1.595835654479861e-01	1277
2.692765402096355e-01	1.556578072496325e-01	1278
7.246618322633602e-01	-1.373727005635612e-01	1279
-1.071678223232620e-02	3.548766644885779e-02	1280
-1.339172761614177e-02	2.986987464425559e-02	1281
4.423600426934495e-03	-5.941081007760673e-02	1282
8.741154967426548e-01	-9.600358416908469e-02	1283
8.954691952622998e-01	-8.809535263000093e-02	1284
6.287292748299997e-02	-1.034870389034482e-01	1285
9.151768617002926e-01	-7.992666549948946e-02	1286
9.289270065897761e-01	-7.373412970198337e-02	1287
9.730853553200313e-01	-4.774265079027189e-02	1288
1.000487661595009e+00	-1.680107798294354e-02	1289
4.617495506009073e-01	-1.662680402654420e-01	1290
9.602490615692414e-01	-5.653801861805349e-02	1291
9.669156601102233e-01	-5.215410823846112e-02	1292
1.452141035167515e-01	-1.356668542190694e-01	1293
9.924473606309587e-01	-2.987633950951797e-02	1294
7.711084533871840e-01	-1.271150659823323e-01	1295
7.947103048092995e-01	-1.211154964944025e-01	1296
1.101521625322703e-01	-1.243400811415138e-01	1297
1.270143901211735e-01	-1.299904224543812e-01	1298
5.684859428308359e-01	-1.605664941861816e-01	1299
2.943253078090863e-02	-8.268257709982318e-02	1300
3.757456642441866e-02	-8.852404367958877e-02	1301
4.570960710443869e-02	-9.339917389181078e-02	1302
5.385919631738754e-02	-9.831804484505545e-02	1303
3.477556310093344e-01	-1.657067270824961e-01	1304
3.799225476998686e-01	-1.667602802113681e-01	1305
4.042704804845692e-01	-1.671729620575921e-01	1306
1.978186424483980e-01	-1.485785725571559e-01	1307
2.259769152249623e-01	-1.538335373082360e-01	1308
9.847164919592595e-01	3.951337159724719e-02	1309
9.797351499650481e-01	4.413202263999165e-02	1310
4.430254258483147e-01	1.680237461572553e-01	1311
4.102946953780812e-01	1.673294176875215e-01	1312
3.869341502235799e-02	8.637666225141465e-02	1313
2.401407925367525e-01	1.519768998255310e-01	1314
1.056534032048684e-01	1.188407957388280e-01	1315
8.193353009893453e-01	1.210882967287209e-01	1316
9.170662727979970e-01	8.313070909167997e-02	1317
8.974190862171531e-01	9.203624274194311e-02	1318
8.760478001140267e-01	1.006778269378001e-01	1319
8.561954257918097e-01	1.087886877169626e-01	1320
8.382268698974403e-01	1.150096505834789e-01	1321
7.962451954852170e-01	1.278295764349928e-01	1322
7.687216121560155e-01	1.351265122970190e-01	1323
7.399764943854423e-01	1.418278554674521e-01	1324
7.101928155491838e-01	1.478652644965884e-01	1325
6.794695914986801e-01	1.531869474351835e-01	1326
6.479958732129810e-01	1.577359608560029e-01	1327
6.159653425386675e-01	1.615021763680946e-01	1328
5.875688656359200e-01	1.642981141225420e-01	1329
2.115724778176434e-01	1.468504073150516e-01	1330
1.844934668343772e-01	1.412834463517772e-01	1331
1.648088943336177e-01	1.366033941890023e-01	1332
1.520545486841200e-01	1.331939096082129e-01	1333
1.397301328047548e-01	1.295993293701057e-01	1334
3.050595089315222e-02	8.080481901653343e-02	1335
2.332844807124495e-02	7.513989206822479e-02	1336
8.175982673803383e-01	-1.148744390832191e-01	1337
8.392457845102177e-01	-1.074919121740704e-01	1338
8.571394595199913e-01	-1.019085799325934e-01	1339
4.865033907943117e-01	-1.652319992280247e-01	1340
5.072057173595442e-01	-1.652170134596234e-01	1341
1.713731083208987e-02	6.990651229030516e-02	1342
1.101819077854348e-02	6.457674436321349e-02	1343
5.233286283922227e-03	5.840247356007812e-02	1344
5.333371343364370e-04	5.278824072144916e-02	1345
9.418781714266330e-02	1.146006125021964e-01	1346
8.353459374908909e-02	1.100947436601037e-01	1347
7.352805936417696e-02	1.054482859185124e-01	1348
6.401001096439150e-02	1.006438528830109e-01	1349
5.500235986196805e-02	9.570099462781650e-02	1350
4.683983262361827e-02	9.101023325273971e-02	1351
3.779740573767436e-01	1.658656159011689e-01	1352
3.539417404600328e-01	1.645876190392320e-01	1353
9.546161521582293e-01	6.262425156722741e-02	1354
9.471518446343478e-01	6.720343416301540e-02	1355
6.010595699558459e-01	-1.570971246472440e-01	1356
6.642375438642133e-01	-1.483091097881201e-01	1357
6.948727009870179e-01	-1.430942061749747e-01	1358
2.555574022806404e-01	-1.577116630240148e-01	1359
2.852763021039507e-01	-1.610882885227275e-01	1360
1.001686318901658e+00	1.419758666715607e-02	1361
1.000442067362120e+00	-2.471344987979068e-03	1362
1.000201155763664e+00	-3.343304242698820e-03	1363
1.000853163843415e+00	6.704873186767934e-03	1364
3.867384838116882e-02	-1.049730450813883e-01	1365
1.002115809981948e+00	2.007893870056565e-02	1366
1.001099456767270e+00	3.419920123955301e-04	1367
1.001332879431185e+00	-9.806444139977999e-03	1368
-1.563337085216976e-02	-4.192762613135357e-02	1369
-4.700195338694776e-03	-6.190102014363452e-02	1370
1.000753735183754e+00	-6.699334711703993e-03	1371
1.001439398489816e+00	-1.417037734629347e-02	1372
-1.504000926886737e-02	4.153498640983978e-02	1373
-2.275415864601884e-02	1.593607882109756e-02	1374
-2.297438743857188e-02	-1.596520123692858e-02	1375
9.880257610415486e-01	4.816310425119199e-02	1376
7.660440827400105e-01	-1.532727802792867e-01	1377
3.404570701336260e-01	1.898906573405804e-01	1378
1.001491492176055e+00	9.815163869664257e-03	1379
9.285452683298486e-01	-9.125136009704866e-02	1380
6.143958002341393e-03	-7.616288350849960e-02	1381
3.998409446447210e-02	1.027014479998891e-01	1382
-1.190118796452518e-02	4.798711716040311e-02	1383
-1.258832686596681e-02	-4.851023706841787e-02	1384
4.167171455071769e-01	-1.943058664992537e-01	1385
9.630456087164568e-01	-6.910815121137025e-02	1386
6.525573524331666e-01	-1.772734956283523e-01	1387
5.543927146043330e-01	-1.895492084295070e-01	1388
9.914650158048897e-01	-4.198474681460709e-02	1389
9.953310977913730e-01	-3.647004436943539e-02	1390
1.202445052554426e-02	-8.212385364662654e-02	1391
1.842150186924432e-02	-8.861321080676234e-02	1392
1.000818254036941e+00	9.877399438175929e-04	1393
9.992015301073748e-01	3.104427417017127e-02	1394
1.001619846112062e+00	2.575274870407885e-02	1395
9.774835673386569e-01	5.943251802604152e-02	1396
2.814966390653011e-01	1.825767678650418e-01	1397
5.778816862675493e-01	1.926031891679723e-01	1398
7.146136230591391e-01	-1.655105809715145e-01	1399
6.043536275995937e-02	-1.194775646044451e-01	1400
1.000244680219898e+00	3.344361564923405e-03	1401
1.000473796977634e+00	2.466827819275411e-03	1402
-1.307681871137065e-02	4.250180185172346e-04	1403
9.869577937391995e-01	-4.757300493942270e-02	1404
9.830430389286829e-01	5.378873410920505e-02	1405
1.001094885220384e+00	-3.574790050430592e-04	1406
9.985703489195724e-01	-3.086419797905869e-02	1407
-2.170446921463464e-02	2.285023467341857e-02	1408
-8.928262544623179e-03	-5.531698123190097e-02	1409
5.234294778225348e-01	-1.919285593135399e-01	1410
-2.202849394235274e-02	-2.294750654761679e-02	1411
7.032213743582968e-02	-1.253655292014197e-01	1412
8.086614151723595e-02	-1.311103335318529e-01	1413
9.961076525019684e-01	3.676575279021484e-02	1414
-1.887341813335163e-02	6.126595839075771e-03	1415
9.818310751001188e-01	-5.302153898414264e-02	1416
1.001116973076959e+00	-2.565896102123433e-02	1417
7.424899511558410e-01	-1.591818613487449e-01	1418
-1.895278535123098e-02	-6.114869269684560e-03	1419
1.000805572966781e+00	-9.991601380400195e-04	1420
5.109671194551315e-02	-1.134225655175550e-01	1421
-2.043909070263659e-02	-2.928263778648364e-02	1422
-1.830853215820411e-02	-3.561089164461567e-02	1423
5.213861507945438e-01	1.956912909039052e-01	1424
2.048141879401029e-04	-6.884571492731890e-02	1425
9.713743721565737e-01	6.503825328064958e-02	1426
5.504213117870494e-01	1.943453045801744e-01	1427
3.127965892206984e-01	1.868719581240585e-01	1428
6.050833674139684e-01	1.899276151283669e-01	1429
-1.780434089181128e-02	3.533296506318530e-02	1430
-2.002517538610583e-02	2.910365014583300e-02	1431
8.912108915800052e-01	-1.094486939268539e-01	1432
9.118663926381876e-01	-9.984151906243266e-02	1433
9.418524559786356e-01	-8.357024522007252e-02	1434
9.538395180190377e-01	-7.579135114937972e-02	1435
1.001740674857757e+00	-2.002916751499069e-02	1436
4.459086321446343e-01	-1.940755844543948e-01	1437
9.698732939699785e-01	-6.387043468815762e-02	1438
9.761270681362136e-01	-5.847137527663020e-02	1439
3.916084311492338e-01	-1.938934675158033e-01	1440
8.353721435139185e-01	-1.316629188836256e-01	1441
8.543249763685147e-01	-1.244134930881582e-01	1442
7.886971862853882e-01	-1.469532638249551e-01	1443
9.539792807169978e-02	-1.378727970108882e-01	1444
1.126075281239004e-01	-1.446381885987295e-01	1445
1.302107675575719e-01	-1.513575562698820e-01	1446
2.615601144928997e-02	-9.571105316218437e-02	1447
3.303260581478383e-01	-1.906524276539018e-01	1448
3.629144179516580e-01	-1.927504672102390e-01	1449
1.525175894189235e-01	-1.589626917528217e-01	1450
1.795138880246401e-01	-1.668316908852807e-01	1451
6.839790657027666e-01	-1.717180037694702e-01	1452
9.923854824811559e-01	4.241601345837214e-02	1453
4.908950941859456e-01	1.959639694162177e-01	1454
4.603789246991671e-01	1.955797693032739e-01	1455
1.082798884190029e-01	1.390083862627077e-01	1456
9.327915489938291e-01	9.256615642288848e-02	1457
9.140332606954616e-01	1.031621420910060e-01	1458
8.352362043383252e-01	1.385959881785931e-01	1459
8.933865669855798e-01	1.135015526784985e-01	1460
8.733729090326794e-01	1.229634878007857e-01	1461
8.538109894142762e-01	1.315014621153513e-01	1462
8.139734339773804e-01	1.459897635984043e-01	1463
7.884340557020044e-01	1.540155850632910e-01	1464
7.599431610824309e-01	1.620292047157269e-01	1465
7.302836885237016e-01	1.693060006925598e-01	1466
6.995882768104664e-01	1.757933329066992e-01	1467
6.680022278168232e-01	1.814348734112189e-01	1468
6.357458266262097e-01	1.861813896149053e-01	1469
2.519769273642731e-01	1.780958097467466e-01	1470
2.219449684019091e-01	1.726849312046747e-01	1471
1.936234363494123e-01	1.661648869804066e-01	1472
1.696717290467169e-01	1.598657045064984e-01	1473
1.469785012379584e-01	1.516700484877006e-01	1474
1.251638513057123e-01	1.451888276894752e-01	1475
2.742417767325575e-02	9.384359520480046e-02	1476
1.961800645405903e-02	8.698560759424671e-02	1477
8.120962573690386e-01	-1.398731969088189e-01	1478
8.720753726977347e-01	-1.175659223455973e-01	1479
4.752696303959609e-01	-1.933207084848579e-01	1480
4.968775382342170e-01	-1.929355633020044e-01	1481
1.314938951573079e-02	8.069778407710494e-02	1482
7.201594409808450e-03	7.492424646519620e-02	1483
1.171537925977848e-03	6.782490578209080e-02	1484
-3.825407910019150e-03	6.106518417677524e-02	1485
-8.144399697309901e-03	5.464277963057947e-02	1486
9.366304781677580e-02	1.332853416690243e-01	1487
8.215762906976497e-02	1.278862884332321e-01	1488
7.162271542165213e-02	1.223459283088572e-01	1489
6.173892037491099e-02	1.166646053662670e-01	1490
5.239139703519051e-02	1.108116702343962e-01	1491
4.269449999136135e-01	1.950254843600475e-01	1492
3.937131759390710e-01	1.936242313454054e-01	1493
3.651178983487258e-01	1.919108647432412e-01	1494
9.610628259627669e-01	7.314977554891415e-02	1495
9.478613160294288e-01	8.304158233657195e-02	1496
5.877026345269419e-01	-1.863366801287437e-01	1497
6.205078615176449e-01	-1.821608472298951e-01	1498
2.075787575906598e-01	-1.736595548238357e-01	1499
2.375490338458829e-01	-1.794027299503033e-01	1500
2.675506647842282e-01	-1.837437623922357e-01	1501
2.984649416723787e-01	-1.876176070533094e-01	1502
1.000893931289956e+00	3.045150098436577e-03	1503
1.000201169389146e+00	-5.104599849405284e-03	1504
9.994678482876556e-01	-5.670019687517002e-03	1505
1.000614831233798e+00	1.160034415049075e-02	1506
-2.689772639076431e-02	2.753094522285729e-02	1507
1.000271794716086e+00	5.111917056648154e-03	1508
-2.306036839720047e-02	4.130411475126883e-02	1509
9.741296778767236e-01	-7.645192547100779e-02	1510
1.001158288202863e+00	-7.641942651624255e-04	1511
1.003024910850950e+00	-1.622875530197811e-02	1512
1.004597386118881e+00	-1.706527133702785e-02	1513
9.912560750316348e-01	-5.672203334806757e-02	1514
1.000812317656825e+00	1.430036733624960e-03	1515
9.925139844613989e-01	5.723359810769654e-02	1516
2.630536003333976e-01	2.075345972516092e-01	1517
1.002248161220277e+00	-8.659866137911721e-03	1518
1.001842812803496e+00	-7.368919417617704e-03	1519
-1.028552539708438e-02	-7.099053490853709e-02	1520
1.001168267327298e+00	7.479530798139905e-04	1521
-1.729847036148263e-02	5.530824373455860e-02	1522
1.341008100540079e-01	-1.760278481891818e-01	1523
3.616578047043357e-02	-1.218194664540899e-01	1524
9.435098959360113e-01	-1.017922394121856e-01	1525
7.845136550422093e-01	-1.757681791991491e-01	1526
1.000424442238186e+00	-1.156705489780645e-02	1527
1.001957971122996e+00	7.359068911114114e-03	1528
1.002388176183548e+00	8.647852496243225e-03	1529
1.000793808936321e+00	-1.440904875804601e-03	1530
-2.104733578355100e-02	-4.839397577873784e-02	1531
5.668467901421816e-01	2.241343606661668e-01	1532
6.734385939520732e-01	-2.037692781128707e-01	1533
4.315208142639057e-01	-2.246372805879232e-01	1534
5.951612216201805e-01	2.216175856340973e-01	1535
9.488034074196732e-01	1.015642160768138e-01	1536
9.122204858147939e-01	1.258720484809575e-01	1537
3.240808032453855e-01	2.172595904956695e-01	1538
2.525857811404123e-02	1.098559751715774e-01	1539
5.113190529052289e-01	-2.233302117722869e-01	1540
-2.034516982527131e-02	4.800802751303263e-02	1541
1.003677641477316e+00	2.990512313058778e-02	1542
5.412712678000600e-01	-2.215654551909476e-01	1543
9.995444784199916e-01	5.690428329849793e-03	1544
1.003318984211168e+00	1.623444432109899e-02	1545
1.004913288969333e+00	1.704308886608338e-02	1546
1.000852732935171e+00	-3.053860638164958e-03	1547
-2.797082766788928e-02	2.020441659485919e-02	1548
3.509787587525454e-01	2.203562698121009e-01	1549
1.001465692991456e+00	1.635228696452811e-04	1550
1.001463344288264e+00	-1.840724814186060e-04	1551
-5.129724093206246e-03	-7.917177134436591e-02	1552
-1.451367571397676e-02	-6.350558979310238e-02	1553
4.036291507566677e-01	-2.242539505080707e-01	1554
9.956651683806342e-01	-4.995720366440948e-02	1555
9.991442110574492e-01	-4.323457809095364e-02	1556
7.577797499397071e-04	-8.728688373744961e-02	1557
6.499333491330240e-03	-9.388304662950984e-02	1558
1.000858693015317e+00	2.059617986191044e-03	1559
9.967552845576260e-01	5.031661594214779e-02	1560
9.876927565882889e-01	6.402263348661184e-02	1561
2.938871819344896e-01	2.128180127464034e-01	1562
7.050571189562234e-01	-1.970841753363313e-01	1563
5.181950214844110e-02	-1.333640332577560e-01	1564
1.002387058172217e+00	-3.678906766239351e-02	1565
-1.810712884688647e-02	-5.582307482103614e-02	1566
-2.826298946967667e-02	-2.022516704193500e-02	1567
6.716587093444895e-02	-1.435224713713907e-01	1568
7.997950530986903e-02	-1.517399358732285e-01	1569
1.003148316394219e+00	3.691073018508632e-02	1570
-2.355387977269306e-02	9.846194225935924e-03	1571
-1.717739984321133e-02	-1.822546717457632e-03	1572
1.003076855900115e+00	-2.983593334044593e-02	1573
7.348002786192935e-01	-1.899194234383628e-01	1574
7.609402826032993e-01	-1.828776483864302e-01	1575
-1.893561534141308e-02	6.119676642105080e-06	1576
-2.368746165015470e-02	-9.831512551806703e-03	1577
1.000831518198782e+00	-2.070161562441083e-03	1578
-2.730134789330044e-02	-2.762241059505056e-02	1579
-2.583443379599018e-02	-3.460157508085835e-02	1580
-2.366608025461420e-02	-4.157952155335005e-02	1581
5.381518943104155e-01	2.257206300795485e-01	1582
9.821930535264930e-01	7.081076777173918e-02	1583
-2.532929060032453e-02	3.442695598307619e-02	1584
9.098106951812311e-01	-1.224554168031796e-01	1585
9.284747183227130e-01	-1.116071176686118e-01	1586
9.561227867757854e-01	-9.240646431855604e-02	1587
9.665776559836964e-01	-8.362720393414658e-02	1588
9.806095816370339e-01	-6.995114931405974e-02	1589
9.862712849237595e-01	-6.334535413966065e-02	1590
8.531868378251997e-01	-1.498997510841188e-01	1591
8.318813833718580e-01	-1.589372979497851e-01	1592
9.649387688367972e-02	-1.600088552057670e-01	1593
1.138405620180592e-01	-1.674831377392173e-01	1594
1.341292368097816e-02	-1.017331122865918e-01	1595
2.383059191755821e-02	-1.117763248570868e-01	1596
3.446683839028988e-01	-2.208495834283609e-01	1597
3.760202928088799e-01	-2.230630759625100e-01	1598
1.593097069764609e-01	-1.853514873779683e-01	1599
1.000066691515962e+00	4.346750147840426e-02	1600
5.072862237674493e-01	2.266174711015714e-01	1601
4.761413186777345e-01	2.264887008965408e-01	1602
9.319786683488591e-01	1.135007353700984e-01	1603
8.921559615975641e-01	1.372862996262637e-01	1604
8.723483324183747e-01	1.477234726749843e-01	1605
8.527419729010267e-01	1.569603345594472e-01	1606
8.325242848152183e-01	1.653785933107882e-01	1607
8.087946764819487e-01	1.742803393950356e-01	1608
7.814218828113814e-01	1.834949441329631e-01	1609
7.518467143018336e-01	1.922782106831497e-01	1610
7.211240897881560e-01	2.001811117827861e-01	1611
6.893811063277946e-01	2.071362340815891e-01	1612
6.568103023906897e-01	2.130916798640266e-01	1613
6.247628431047185e-01	2.179469256220502e-01	1614
2.325482956331074e-01	2.017407886220959e-01	1615
1.505805148548957e-01	1.775506176012092e-01	1616
1.297195202535794e-01	1.693651898335229e-01	1617
2.022675034670505e-01	1.943906844378046e-01	1618
1.755540600642650e-01	1.866410265291223e-01	1619
1.094773493161133e-01	1.615541410077550e-01	1620
1.478091790021509e-02	1.001334317933031e-01	1621
8.078185879613826e-01	-1.680018124305962e-01	1622
8.712184227805468e-01	-1.418176052997376e-01	1623
8.898734418373970e-01	-1.329445508811495e-01	1624
4.613489594311705e-01	-2.243526117022230e-01	1625
4.866124355859828e-01	-2.239381922649618e-01	1626
7.789698956177120e-03	9.249181757405166e-02	1627
1.978468979857016e-03	8.606245596406531e-02	1628
-4.004734224226663e-03	7.815551927886338e-02	1629
-9.266358739536242e-03	7.016763678394587e-02	1630
-1.359612883122831e-02	6.284234754681439e-02	1631
9.353780131494610e-02	1.547537407228162e-01	1632
7.985254138876129e-02	1.474852940558393e-01	1633
6.863158971947374e-02	1.405786624503621e-01	1634
5.822339215907660e-02	1.339962747558983e-01	1635
4.834853393770570e-02	1.274327309101518e-01	1636
3.762003838056443e-02	1.195311552024134e-01	1637
4.440997343746455e-01	2.258751644053453e-01	1638
4.099540873571781e-01	2.246147563429452e-01	1639
3.783751484744786e-01	2.226712712762345e-01	1640
9.740806417114730e-01	7.929463854752779e-02	1641
9.630155878231015e-01	8.976038085890845e-02	1642
5.740133985269890e-01	-2.187520764348887e-01	1643
6.079756719982620e-01	-2.146901532451564e-01	1644
6.410915728268671e-01	-2.096400652233190e-01	1645
1.875542519306766e-01	-1.942591597173324e-01	1646
2.175441696024548e-01	-2.019904783117519e-01	1647
2.485722394932947e-01	-2.081944868827610e-01	1648
2.794624272967332e-01	-2.131240640047629e-01	1649
3.116022249629045e-01	-2.175018783674885e-01	1650
-3.394218478364584e-02	2.475679565751777e-02	1651
1.000358938389585e+00	-4.304773640023581e-03	1652
1.007284736505206e+00	3.370607962400984e-02	1653
-3.005493603264950e-02	-4.791831708273077e-02	1654
1.003952412223940e+00	1.405261995051258e-02	1655
1.002046563427268e+00	5.836966856400250e-02	1656
3.626073661198151e-01	2.545188199583002e-01	1657
8.528660728483237e-01	-1.788242705537466e-01	1658
-1.710311572288374e-02	-8.093653597848996e-02	1659
1.001278075526715e+00	1.712800525823738e-03	1660
9.663099298622095e-01	1.084387509464886e-01	1661
1.000417534618804e+00	4.306640066499122e-03	1662
-2.344088531106504e-02	3.831203729483229e-03	1663
1.002814149882315e+00	-1.004899590824665e-02	1664
1.000866126866503e+00	-3.961997317670794e-03	1665
8.296491488267319e-01	-1.895289440014150e-01	1666
-2.880822109524251e-02	1.358353118120931e-02	1667
1.000998600694442e+00	-2.622297074609107e-03	1668
1.001899369391952e+00	6.197704811058843e-03	1669
-2.761099841241465e-02	-5.525033692393011e-02	1670
8.053347531606758e-01	-1.994363848978075e-01	1671
4.467237367414794e-01	-2.585339196946083e-01	1672
9.864081452421116e-01	-8.218274799637143e-02	1673
1.378458928638493e-01	-2.041887921127193e-01	1674
4.170675095206906e-01	-2.582017373733290e-01	1675
9.982976303068122e-01	6.651107375333429e-02	1676
9.509151614883361e-01	1.227039012026626e-01	1677
5.552011406087756e-01	2.591200061224293e-01	1678
2.425816466330218e-01	2.343265262178031e-01	1679
9.462989308949531e-01	-1.224713997180838e-01	1680
-2.391786915188302e-02	6.312583732155203e-02	1681
2.108839452389695e-01	2.262936094812558e-01	1682
5.847958170631723e-01	2.569387055782108e-01	1683
1.000921083651148e+00	3.955456647379172e-03	1684
1.002982058628077e+00	1.003209444649605e-02	1685
1.001804618565760e+00	-6.211129130825960e-03	1686
1.003701424715656e+00	-1.406954115722486e-02	1687
1.004128128433214e+00	-2.314156170373034e-02	1688
1.001033938736464e+00	2.610530237363144e-03	1689
1.002589052470123e+00	1.186963493048433e-02	1690
1.001212282955172e+00	1.201795877752832e-03	1691
1.003119961952115e+00	-7.676653995809158e-03	1692
1.001254816066135e+00	-1.729578631960959e-03	1693
-2.134455856299891e-02	-7.224973749819286e-02	1694
1.001480169820029e+00	5.383444742978126e-04	1695
1.001472741819830e+00	-5.589713972612596e-04	1696
1.001874807067598e+00	-1.315565183091544e-05	1697
1.001196164475803e+00	-1.218276535412942e-03	1698
9.327431022896685e-01	1.371043732533503e-01	1699
3.344510495787685e-01	2.511698254860922e-01	1700
-2.680041490975774e-02	5.488997441815753e-02	1701
-2.934681072898719e-02	4.766179486297789e-02	1702
5.283059306183236e-01	-2.568491945864324e-01	1703
1.005727384178182e+00	2.629941153360494e-02	1704
1.004575952318965e+00	2.315744316850305e-02	1705
1.002386767920249e+00	-1.187127069906658e-02	1706
1.003244650489602e+00	7.646024719427341e-03	1707
-2.484750516252575e-02	-6.361222637244329e-02	1708
1.000793154021834e+00	-5.810091016714541e-02	1709
1.003976736747241e+00	-4.998251281806178e-02	1710
-1.189991182570492e-02	-9.019726726522659e-02	1711
-3.182297933908655e-03	-1.028476886971777e-01	1712
1.964010872016538e-02	-1.293547467132589e-01	1713
3.049904044344290e-01	2.465819662533684e-01	1714
2.738000306383062e-01	2.407307992235747e-01	1715
6.960141400777291e-01	-2.324681753098457e-01	1716
1.005175431301537e+00	-4.222308977921903e-02	1717
3.357017175747150e-02	-1.415162464995075e-01	1718
4.894008589467806e-02	-1.541631474526854e-01	1719
6.252560196918509e-02	-1.646585394471877e-01	1720
-2.900305135056193e-02	-1.355556719673533e-02	1721
1.006596038010962e+00	-3.369644026207158e-02	1722
1.005207265289852e+00	-2.629340407043769e-02	1723
7.273937766614582e-01	-2.245335209609978e-01	1724
7.559256888750582e-01	-2.163426422902756e-01	1725
7.813986395650040e-01	-2.081135752275908e-01	1726
-2.395148102489072e-02	-4.553875158307027e-03	1727
-3.431096820611288e-02	-2.475917094106563e-02	1728
-3.349475349852205e-02	-3.254899946734732e-02	1729
-3.204773460285176e-02	-4.033635227102575e-02	1730
9.937834052470682e-01	7.466003041161179e-02	1731
-3.144791950954007e-02	4.017712550484885e-02	1732
-3.300881723273105e-02	3.247642517871404e-02	1733
9.295000285175793e-01	-1.348485247081698e-01	1734
9.600654824461217e-01	-1.108469844644447e-01	1735
9.713298707727721e-01	-9.987474259463511e-02	1736
9.800256783886765e-01	-9.019686243900997e-02	1737
9.921620710929364e-01	-7.409990936026083e-02	1738
9.968581162285975e-01	-6.610472089872081e-02	1739
7.844722781013118e-02	-1.751409003614822e-01	1740
9.603796087530110e-02	-1.846096663099177e-01	1741
1.146469694879292e-01	-1.935079056463382e-01	1742
8.301924621791915e-03	-1.173233750678321e-01	1743
3.579553221228272e-01	-2.546949118308811e-01	1744
3.883304849486710e-01	-2.569891336629476e-01	1745
1.006063070677016e+00	4.229935711487786e-02	1746
1.005044257812732e+00	5.013408033303298e-02	1747
5.246122448968057e-01	2.604564778906583e-01	1748
4.924954601670107e-01	2.608302615188506e-01	1749
9.129942372180037e-01	1.509930363632046e-01	1750
8.932063971722550e-01	1.636512180507564e-01	1751
8.731769405522164e-01	1.752258473729055e-01	1752
8.527214074313397e-01	1.856474747991994e-01	1753
8.303384268159735e-01	1.957499355597113e-01	1754
8.043630628331471e-01	2.062324373879317e-01	1755
7.753463213878344e-01	2.166347940461500e-01	1756
7.445278144266659e-01	2.262662420794558e-01	1757
7.125458754544367e-01	2.348396908839503e-01	1758
6.795809964603676e-01	2.422850205677401e-01	1759
6.464872300782459e-01	2.484935542923898e-01	1760
6.148660779592117e-01	2.533832425418772e-01	1761
1.311185505151159e-01	1.965100952875418e-01	1762
1.814020050994446e-01	2.171156908326939e-01	1763
1.542270156025214e-01	2.067516585049028e-01	1764
1.110897771940919e-01	1.872445846101293e-01	1765
9.816678511301956e-03	1.157305233732632e-01	1766
8.725082120197740e-01	-1.688815068271334e-01	1767
8.908100194125005e-01	-1.589776675668188e-01	1768
9.102505387952678e-01	-1.474910962480349e-01	1769
4.745156543639788e-01	-2.583943270495867e-01	1770
4.997972461088232e-01	-2.580184713137714e-01	1771
1.062625218824653e-03	1.054833670245468e-01	1772
-4.606087296542303e-03	9.769107697884220e-02	1773
-1.061411964667539e-02	8.921186947643736e-02	1774
-1.593724853211744e-02	8.014311169841637e-02	1775
-2.029464651068017e-02	7.161786542724129e-02	1776
9.248523940697669e-02	1.789506724868494e-01	1777
7.651496800267053e-02	1.700117077688117e-01	1778
5.881440707772025e-02	1.565414266450261e-01	1779
4.352769925371228e-02	1.451906185345270e-01	1780
3.258425086865241e-02	1.373449190363608e-01	1781
2.122022704017818e-02	1.274209486196139e-01	1782
4.604219152409968e-01	2.603245482532689e-01	1783
4.267574885189658e-01	2.591433533122635e-01	1784
3.929798929190933e-01	2.571416922892485e-01	1785
9.873665220047484e-01	8.400586378527357e-02	1786
9.784768909874167e-01	9.520868883475482e-02	1787
5.605809182140009e-01	-2.545023087718758e-01	1788
5.950667607043175e-01	-2.508614121923500e-01	1789
6.296493547882638e-01	-2.457698966152300e-01	1790
6.632300080412633e-01	-2.396125961855371e-01	1791
1.652624955391575e-01	-2.151695475678969e-01	1792
1.953844580653732e-01	-2.252935048562779e-01	1793
2.271511386118489e-01	-2.338885983060726e-01	1794
2.591236797377883e-01	-2.405150984219779e-01	1795
2.912107301864245e-01	-2.462196739703580e-01	1796
3.248071410072255e-01	-2.510981182093891e-01	1797
1.003661492379001e+00	-8.928654065209436e-03	1798
1.008255061302608e+00	-3.052832181414003e-02	1799
1.008864089896450e+00	6.648374445345508e-02	1800
-3.473525436359115e-02	1.746739920273266e-02	1801
-2.915165492944634e-02	6.765874401939706e-03	1802
1.007454210341770e+00	-6.633461894041037e-02	1803
6.874647868510519e-01	-2.720750113319048e-01	1804
8.538009180619485e-01	-2.114113868924668e-01	1805
3.449376988704888e-01	2.891080666152416e-01	1806
1.008014772442844e+00	3.893793260834939e-02	1807
1.002830023267282e+00	-6.756752896196291e-03	1808
1.000892267737442e+00	5.453565208482880e-03	1809
1.000813778825002e+00	-5.454174298618907e-03	1810
1.001561942375784e+00	-9.798807401824579e-04	1811
1.732946141016448e-03	-1.347326507742254e-01	1812
1.003810802689754e+00	8.892636906095371e-03	1813
1.001883355946919e+00	-3.609982155551338e-04	1814
9.547410974093610e-01	1.464939606280408e-01	1815
1.004674819849590e+00	1.208431255759902e-02	1816
1.007948709744678e+00	2.370284031433511e-02	1817
1.005328234662431e+00	2.003053243901012e-02	1818
1.001575196068449e+00	9.581884439674579e-04	1819
9.505631492587785e-01	-1.458310758533671e-01	1820
8.755361578211396e-01	-1.992589816814188e-01	1821
-3.499398739889254e-02	-1.741618352416974e-02	1822
-2.953919104311406e-02	-8.157535979382834e-02	1823
3.396084508575685e-03	1.331563857722580e-01	1824
1.871253164439581e-01	2.516652373831916e-01	1825
1.004947375596347e+00	-2.004656423486512e-02	1826
9.843725538911249e-01	1.130102239876818e-01	1827
8.293592468418454e-01	-2.236321729690678e-01	1828
1.148972380301654e-01	-2.231316718778306e-01	1829
1.007204547540693e+00	-3.891789633692533e-02	1830
-2.540728257622503e-02	-9.162972277491552e-02	1831
4.742208611631860e-01	-2.958051472804511e-01	1832
1.009650294011529e+00	5.649575896224387e-02	1833
5.736226921924494e-01	2.961728161879601e-01	1834
9.992874621365504e-01	-8.524604063472740e-02	1835
5.472042160875237e-01	-2.939524169991842e-01	1836
-3.190008758186170e-02	7.144050087563840e-02	1837
1.314231953876829e-01	2.272565352773536e-01	1838
1.407952632123128e-01	-2.360893849207450e-01	1839
4.314235933694027e-01	-2.961471535872809e-01	1840
3.754356570677740e-01	2.927948381627614e-01	1841
-3.765235639201488e-02	-5.449515061705784e-02	1842
-3.549748602620666e-02	-6.245296833438028e-02	1843
1.001402928382519e+00	2.222422700107532e-03	1844
-2.754894398225120e-02	-1.381448409664844e-04	1845
9.712163519083407e-01	1.294080062823217e-01	1846
2.190786337541404e-01	2.621714396396507e-01	1847
1.001372239561213e+00	-2.240120066318339e-03	1848
1.004461450592779e+00	-1.212334075246829e-02	1849
-3.294812315546385e-02	-7.187860462234071e-02	1850
1.001692427586108e+00	1.400190874103876e-03	1851
1.002937534032052e+00	6.728171948985975e-03	1852
1.001888201189704e+00	3.345691812799830e-04	1853
1.001672865642384e+00	-1.423123584550294e-03	1854
-3.458105519915770e-02	6.213807658892326e-02	1855
-3.684472112447607e-02	5.427598444513704e-02	1856
1.008873843750309e+00	3.048750374125438e-02	1857
1.008454289322082e+00	-5.641548119948473e-02	1858
9.416129919093598e-02	-2.121308796918589e-01	1859
3.149017076096710e-01	2.842430654141463e-01	1860
2.836100102084462e-01	2.779348013241381e-01	1861
2.518892899869978e-01	2.707701351429438e-01	1862
1.434147420253083e-02	-1.493067893152295e-01	1863
2.863999397955017e-02	-1.629740114277922e-01	1864
4.261623929301572e-02	-1.762033395770181e-01	1865
1.012934126580142e+00	-4.739290455726636e-02	1866
1.007481523781331e+00	-2.375491184212164e-02	1867
7.205182097841600e-01	-2.633971879729189e-01	1868
7.513053985738124e-01	-2.540706263390541e-01	1869
7.790816102241752e-01	-2.445084348275547e-01	1870
8.045264949871157e-01	-2.345836866943029e-01	1871
-2.944600638196167e-02	-7.119262810582845e-03	1872
-3.940156437946471e-02	-4.629701014772645e-02	1873
-4.131300181994425e-02	-2.941440273663537e-02	1874
-4.064223669788110e-02	-3.788422310410506e-02	1875
1.005321387007955e+00	7.577680646479767e-02	1876
-3.870851863383445e-02	4.616929915241022e-02	1877
-4.007015242745195e-02	3.784044343288176e-02	1878
-4.086631070659515e-02	2.944256421404513e-02	1879
9.656345910958470e-01	-1.313842352240478e-01	1880
9.777821541194726e-01	-1.177455035751731e-01	1881
9.871810638905234e-01	-1.053533268497994e-01	1882
9.940297410423495e-01	-9.478448015981475e-02	1883
1.003714395813462e+00	-7.549619378915264e-02	1884
5.779969283479285e-02	-1.889416900917125e-01	1885
7.554589945548640e-02	-2.013260692430781e-01	1886
-1.877169971361698e-02	-1.041680000204272e-01	1887
-9.669595613172766e-03	-1.196469588097888e-01	1888
3.702914067700747e-01	-2.925671086697715e-01	1889
4.010630109396556e-01	-2.949376424556117e-01	1890
1.013919365584630e+00	4.732660416942293e-02	1891
5.424503184965991e-01	2.979576186358092e-01	1892
5.099409024292828e-01	2.988737931480841e-01	1893
9.360742553645474e-01	1.631501250317225e-01	1894
9.165423280869091e-01	1.786215607536764e-01	1895
8.965680689908091e-01	1.928231335210104e-01	1896
8.758194567438383e-01	2.058855330462409e-01	1897
8.538172301769282e-01	2.180112638388172e-01	1898
8.291195293777359e-01	2.300531605244799e-01	1899
8.010385463204465e-01	2.421973141603081e-01	1900
7.703515534658492e-01	2.538501397480570e-01	1901
7.380494546995995e-01	2.644280930837933e-01	1902
7.045800332865662e-01	2.737272080129839e-01	1903
6.705272647482634e-01	2.816313852549996e-01	1904
6.371725532825449e-01	2.880329018451226e-01	1905
6.050833297473081e-01	2.929161514048344e-01	1906
1.574239185297801e-01	2.397135378238269e-01	1907
1.099853241635104e-01	2.158801067786853e-01	1908
9.127948649182929e-02	2.063981653741077e-01	1909
9.327199218258987e-01	-1.607171248477681e-01	1910
8.944941640292410e-01	-1.876555467284424e-01	1911
9.134112326154578e-01	-1.750321853323946e-01	1912
5.155926825750624e-01	-2.957790653470258e-01	1913
-6.439635303882805e-03	1.205579556345874e-01	1914
-1.325063055342436e-02	1.098059529180340e-01	1915
-1.854845611028011e-02	1.010490766173689e-01	1916
-2.409647749952315e-02	9.088918685414840e-02	1917
-2.835994831751085e-02	8.099473324087186e-02	1918
7.259382133574004e-02	1.955612375575247e-01	1919
3.875508102430672e-02	1.673177022926283e-01	1920
2.657584766458165e-02	1.569826319795415e-01	1921
5.403650880634329e-02	1.810976245066218e-01	1922
1.465317398629254e-02	1.461414880611959e-01	1923
4.768205283886809e-01	2.986999459594943e-01	1924
4.432607452363062e-01	2.976230118365270e-01	1925
4.086166180937672e-01	2.956527229183952e-01	1926
1.000708505707590e+00	8.636724859457157e-02	1927
9.940249272290360e-01	9.853356127365800e-02	1928
5.818462723518936e-01	-2.909393132849647e-01	1929
6.178975705873175e-01	-2.860432837203942e-01	1930
6.532074979456149e-01	-2.796665478185300e-01	1931
1.705247092896057e-01	-2.488532842283833e-01	1932
2.027905040866870e-01	-2.602959849093503e-01	1933
2.362421175913228e-01	-2.697256237519465e-01	1934
2.690720472898618e-01	-2.769112879480691e-01	1935
3.028412496351054e-01	-2.834442083340342e-01	1936
3.373897769267258e-01	-2.887719501828034e-01	1937
1.427381460886908e-01	-2.721240549022253e-01	1938
1.001618572927021e+00	2.795729851067203e-03	1939
1.004503691606973e+00	-7.821365072933541e-03	1940
1.004022019306161e+00	-6.887245684744140e-03	1941
1.002068351952846e+00	-1.088427538400774e-03	1942
1.006006466467346e+00	1.369189859977259e-02	1943
9.388016725514047e-01	-1.890874913682219e-01	1944
1.001579063772690e+00	-2.815333971490001e-03	1945
1.014994855105749e+00	7.416854356762814e-02	1946
1.141200365152378e-01	-2.566759327710504e-01	1947
1.008827642062338e+00	2.030128444445242e-02	1948
1.007449078915259e+00	1.821594049913293e-02	1949
1.005757064038679e+00	-1.374953871658378e-02	1950
1.001775338235247e+00	-1.922109063456381e-03	1951
1.002763382292177e+00	-5.645889345730583e-03	1952
1.004349227759183e+00	-1.032888301578737e-02	1953
1.004526999533392e+00	1.028514446757542e-02	1954
-4.805488481691854e-02	-5.240145369216789e-02	1955
1.001950466258901e+00	6.526443721207389e-04	1956
1.600064027110795e-01	2.769277682993922e-01	1957
-6.328909996509039e-03	-1.543018812069860e-01	1958
9.197767035459539e-01	-2.050508215728145e-01	1959
8.803277174608313e-01	-2.333554391384100e-01	1960
-4.727301613465124e-02	5.232228068409255e-02	1961
5.613337334178323e-01	3.396313851106311e-01	1962
3.242411803447566e-01	3.263062781577560e-01	1963
9.730892962344696e-01	-1.542289591738332e-01	1964
7.142793151207846e-01	-3.069623782742476e-01	1965
4.145060626236406e-01	-3.373620187819003e-01	1966
-1.541700052191006e-02	1.375099517974259e-01	1967
4.771861328182821e-02	2.082376699666959e-01	1968
9.086705213236333e-02	-2.430768143862388e-01	1969
1.016310901153977e+00	6.204750593426726e-02	1970
1.017475558838368e+00	5.458828613390479e-02	1971
-3.513713751780167e-02	1.033471545424440e-02	1972
-1.811397821850373e-02	-1.377503631299069e-01	1973
6.792981994382858e-01	-3.163733274166453e-01	1974
8.567178175996122e-01	-2.478115489215889e-01	1975
3.560839416443295e-01	3.315816278683815e-01	1976
1.001897106478955e+00	5.146650934409943e-03	1977
1.001819989397071e+00	-5.163817726814282e-03	1978
1.001941123881982e+00	-6.798218345298560e-04	1979
1.004634814712110e+00	7.767152349183829e-03	1980
1.004135120496526e+00	6.838733764567145e-03	1981
1.001484108680497e+00	-3.498726021010892e-03	1982
1.009293808313219e+00	2.710756161519201e-02	1983
1.001533714471989e+00	3.481982767248900e-03	1984
9.008503506162990e-01	-2.193327306239349e-01	1985
9.570644767307375e-01	-1.717446184260832e-01	1986
-4.179374243312480e-02	-2.134668599456883e-02	1987
1.924247799700436e-01	2.906534565032398e-01	1988
1.008749221124062e+00	-2.717272615167995e-02	1989
9.780919320229925e-01	1.527184778111140e-01	1990
1.011087237762099e+00	-3.488926914319960e-02	1991
-3.918496594050580e-02	-9.135970360222767e-02	1992
5.338424043446464e-01	-3.375760177297319e-01	1993
3.893914059934862e-01	3.356153806036418e-01	1994
1.309224874727127e-01	2.620776527527903e-01	1995
-4.253960562229377e-02	-8.064837723346081e-02	1996
1.002851439844371e+00	5.615029842524178e-03	1997
-3.339536517602772e-02	2.100452665561420e-03	1998
-3.350089820922570e-02	-2.256116766370387e-03	1999
9.920517645380145e-01	1.327931631115593e-01	2000
-4.662148663985278e-02	-6.116308230077185e-02	2001
-4.485721047741784e-02	-6.999735950162068e-02	2002
1.001802164015468e+00	1.898239858465524e-03	2003
1.002342103256141e+00	-1.650067450010273e-05	2004
1.002083566885359e+00	1.059612427219852e-03	2005
-4.383954187039438e-02	6.974732100397395e-02	2006
-4.572129489014822e-02	6.100120014095278e-02	2007
1.011806196975778e+00	3.480604964637139e-02	2008
2.922140809385577e-01	3.194985369847839e-01	2009
2.599655908962379e-01	3.114995930107723e-01	2010
2.265812906114735e-01	3.023782808582816e-01	2011
6.917835306091922e-03	-1.712145009285110e-01	2012
2.025133691006996e-02	-1.856612856135110e-01	2013
1.015005860932572e+00	-6.209310762158279e-02	2014
1.016334558036383e+00	-5.469154012143668e-02	2015
1.007101906656601e+00	-1.828248462851574e-02	2016
1.008433572419046e+00	-2.038697411966340e-02	2017
7.473431158844912e-01	-2.964973038017024e-01	2018
7.776375122302852e-01	-2.854555589880022e-01	2019
8.052233829787602e-01	-2.739641459648006e-01	2020
8.312663948545707e-01	-2.615979845028672e-01	2021
-3.534254124310048e-02	-1.045514608288988e-02	2022
-4.937952637966079e-02	-3.429575815558437e-02	2023
-4.897520878345814e-02	-4.338740967575879e-02	2024
-4.831875153239575e-02	4.338613008322497e-02	2025
-4.146889230842319e-02	2.143170267328963e-02	2026
-4.885350176136413e-02	3.436407480539606e-02	2027
9.860757421927937e-01	-1.373453126395636e-01	2028
9.959664916948343e-01	-1.217639164878938e-01	2029
1.003017685077328e+00	-1.081030236640033e-01	2030
1.008062813235521e+00	-9.629291826369708e-02	2031
1.010093774147169e+00	-8.426793593970527e-02	2032
1.013434134662464e+00	-7.411470679364060e-02	2033
3.474164575307371e-02	-2.008173563240380e-01	2034
5.180485964853335e-02	-2.162044703318504e-01	2035
7.090111938329834e-02	-2.304969131176932e-01	2036
-3.478484872307877e-02	-1.045378252002288e-01	2037
-2.729926907354685e-02	-1.194908147594736e-01	2038
3.824249693218722e-01	-3.349206870387100e-01	2039
5.282926447155925e-01	3.410309655621235e-01	2040
9.611366204974066e-01	1.726716922895444e-01	2041
9.424978592293179e-01	1.915346577944665e-01	2042
9.229427891742243e-01	2.089371819059538e-01	2043
9.023291393407342e-01	2.251015080105266e-01	2044
8.803333950756764e-01	2.401486759376548e-01	2045
8.563448249772712e-01	2.544526819575487e-01	2046
8.292928493561565e-01	2.686564321936387e-01	2047
7.990926721246634e-01	2.825920355372056e-01	2048
7.665516147133752e-01	2.956134464898452e-01	2049
7.324660413338425e-01	3.072480657872748e-01	2050
6.974245133483078e-01	3.172992159009907e-01	2051
6.624441814863773e-01	3.256210763847281e-01	2052
6.282924943258984e-01	3.321996701443208e-01	2053
5.945608123219409e-01	3.369733206444613e-01	2054
1.068583190486014e-01	2.478116849488886e-01	2055
8.759261890165372e-02	2.367479631941286e-01	2056
4.530740856972186e-01	-3.382570789698575e-01	2057
4.949025718126439e-01	-3.384187994293895e-01	2058
-2.349854476507943e-02	1.236955134181608e-01	2059
-2.857287688673292e-02	1.129719429568140e-01	2060
-3.382913800541214e-02	1.026586205909954e-01	2061
-3.788340031574877e-02	9.085169111548037e-02	2062
-4.137770593272011e-02	8.027745751673412e-02	2063
6.816994392600044e-02	2.245545494305859e-01	2064
1.839165973389657e-02	1.787631781148383e-01	2065
3.081321488085308e-02	1.913746697959101e-01	2066
-5.319978703953110e-03	1.518812183681418e-01	2067
6.575434528743596e-03	1.667520056050810e-01	2068
4.941265805684769e-01	3.413348149376843e-01	2069
4.596771161084993e-01	3.404906116905092e-01	2070
4.245587194259791e-01	3.385965453240067e-01	2071
1.011666421481462e+00	8.486972770982089e-02	2072
1.009131240758570e+00	9.897939427136918e-02	2073
1.002204745962136e+00	1.145414377811764e-01	2074
5.682154505772766e-01	-3.351033557422002e-01	2075
6.056005652851549e-01	-3.308263092679495e-01	2076
6.430370342683088e-01	-3.243960541948719e-01	2077
1.750290807527357e-01	-2.868390593424672e-01	2078
2.095719332001865e-01	-2.996701070835894e-01	2079
2.445139203164210e-01	-3.098156549883751e-01	2080
2.785305340013658e-01	-3.178725838079222e-01	2081
3.139669705124548e-01	-3.252101037125889e-01	2082
3.490965704156345e-01	-3.309421919848387e-01	2083
1.012496791978247e+00	-4.012029598489960e-02	2084
1.010245844054789e+00	1.786408031765828e-02	2085
1.006228119215344e+00	-1.149283664840707e-02	2086
1.012541642950738e+00	-2.997702427995302e-02	2087
1.006810356258128e+00	-1.570134970610007e-02	2088
-5.816663378501215e-02	-5.852446498741738e-02	2089
5.652297840128817e-01	3.868029498662320e-01	2090
7.442192802323896e-01	-3.441200518359050e-01	2091
2.998320353828804e-01	3.659165142607804e-01	2092
1.013152466762689e+00	2.984103042590348e-02	2093
-5.794711646466693e-02	4.896269029835949e-02	2094
6.422397593788699e-02	-2.629676709100134e-01	2095
9.483264979778819e-01	-2.197463189605193e-01	2096
1.005304940178180e+00	-6.816698628741243e-03	2097
9.665257762002863e-01	-1.999819558720374e-01	2098
1.294643157802662e-01	3.014286187739253e-01	2099
1.020113527370909e+00	-4.850339503124779e-02	2100
7.086361587414443e-01	-3.557543458380191e-01	2101
-5.373476363673062e-02	-8.998546207325311e-02	2102
1.001944765950687e+00	2.482222822346562e-03	2103
1.002433304949467e+00	5.531120748207265e-04	2104
1.002231515238889e+00	1.574615552573521e-03	2105
1.021119620813946e+00	4.829163478421460e-02	2106
-4.091851973188310e-03	1.888779165507875e-01	2107
-2.855238786877320e-02	-1.575240886191784e-01	2108
-4.173080062259849e-02	1.379451897689696e-02	2109
6.712213296113431e-01	-3.659075515907321e-01	2110
4.326203161630303e-01	-3.846467964694555e-01	2111
1.019533764316094e+00	-9.205786890812390e-02	2112
1.020539595928848e+00	-8.207565989885136e-02	2113
1.435257927518725e-01	-3.127490698107287e-01	2114
3.948725333488874e-01	-3.822686174359597e-01	2115
-1.632648218320472e-02	-1.756324245780097e-01	2116
1.023663646661393e+00	6.898733005450318e-02	2117
1.023911662439233e+00	5.942516120375076e-02	2118
1.001895393595774e+00	1.546494878369906e-01	2119
3.681185877244747e-01	3.791141013838200e-01	2120
9.964649251148285e-01	-1.587650045701600e-01	2121
-3.499523924530797e-02	1.395462727951926e-01	2122
2.095385666873935e-02	2.181136216932667e-01	2123
4.040348377095885e-01	3.834286346493561e-01	2124
1.119711679039339e-01	-2.945264573961713e-01	2125
8.592873619017249e-02	-2.778973946110754e-01	2126
1.002745588229731e+00	4.624610723846801e-03	2127
1.002425081308765e+00	-5.872963617279023e-04	2128
1.007102749774601e+00	1.563054983190626e-02	2129
8.873881740857161e-01	-2.713993145732025e-01	2130
1.002208693442557e+00	-1.605086984940289e-03	2131
1.001909153874676e+00	-2.507203771937662e-03	2132
1.011403307008515e+00	2.348795342735845e-02	2133
1.003792437156926e+00	-6.141006676663738e-03	2134
1.005186882135611e+00	-9.100562141178967e-03	2135
1.006433505756373e+00	1.141870718894090e-02	2136
1.005419916943159e+00	6.746069569205891e-03	2137
1.617751923878475e-01	3.188720845718288e-01	2138
-5.730384749852789e-02	5.851162720264880e-02	2139
3.336065419545147e-01	3.733476104408896e-01	2140
9.829224913446880e-01	-1.793008415581076e-01	2141
3.602711375861055e-01	-3.781049291750934e-01	2142
-2.661837584840364e-02	1.559385851506506e-01	2143
-4.921908636088530e-02	2.542879916806772e-02	2144
-4.195368692988222e-02	-1.375246496359552e-02	2145
1.003891873389590e+00	6.094496240917791e-03	2146
1.001588057908909e+00	-4.281598369005485e-03	2147
1.005343356382363e+00	9.037860975984554e-03	2148
1.002674390009807e+00	-4.656743310553839e-03	2149
1.002157664824662e+00	-3.243630576362997e-03	2150
1.013329753416162e+00	4.002726867869918e-02	2151
1.001650061598953e+00	4.265397878858559e-03	2152
9.097938956234779e-01	-2.544520587019105e-01	2153
9.295495131701659e-01	-2.376772600297788e-01	2154
-5.868166361841789e-02	-4.890621821513425e-02	2155
-4.961115755715410e-02	-2.530014230257999e-02	2156
1.010935145361517e+00	-2.361241304231856e-02	2157
1.002204934045710e+00	3.216277115076064e-03	2158
-3.860063976553637e-02	3.574998980064449e-05	2159
-5.700574496102625e-02	-6.779579085112587e-02	2160
-5.583266454613745e-02	-7.791554627727021e-02	2161
-5.602318651157278e-02	6.771015233671349e-02	2162
1.969924801968679e-01	3.344711338244366e-01	2163
2.664818153865755e-01	3.569542858159018e-01	2164
2.328434590324869e-01	3.472347623822912e-01	2165
-3.789478451313982e-03	-1.943199778718961e-01	2166
1.009899806553696e+00	-1.798670158978129e-02	2167
7.772444216008716e-01	-3.314710637104004e-01	2168
8.074299614652899e-01	-3.181244398229396e-01	2169
8.353960849733023e-01	-3.039048469761857e-01	2170
8.621633490502990e-01	-2.882546143573441e-01	2171
-4.017534560193516e-02	-5.053552634013408e-03	2172
-5.869693388793637e-02	-3.924345013509874e-02	2173
-5.809462957147066e-02	3.936323075622958e-02	2174
1.006703564897495e+00	-1.395029534494156e-01	2175
1.013677934937877e+00	-1.222519958747688e-01	2176
1.016536840987872e+00	-1.068941870609187e-01	2177
1.022668275406422e+00	-5.964749163379764e-02	2178
1.022223362256890e+00	-6.915335093540882e-02	2179
9.300219100294349e-03	-2.104695130977884e-01	2180
2.521159035594707e-02	-2.283449874656309e-01	2181
4.385968784631143e-02	-2.464930601648420e-01	2182
-5.057060818362420e-02	-1.024151472555664e-01	2183
-4.554342229097543e-02	-1.191867915774102e-01	2184
-3.814691826243820e-02	-1.362730323487032e-01	2185
9.876243682400835e-01	1.781325938960473e-01	2186
9.707702186097562e-01	2.009606359866315e-01	2187
9.522576336449570e-01	2.222902591484562e-01	2188
9.323171147961191e-01	2.421726320790708e-01	2189
9.106362851893748e-01	2.608412857364927e-01	2190
8.869647070099156e-01	2.784358023982871e-01	2191
8.607160060001278e-01	2.953605701624459e-01	2192
8.312314080981844e-01	3.119826407902114e-01	2193
7.987374495629218e-01	3.279019094966146e-01	2194
7.640347556862250e-01	3.424590061402484e-01	2195
7.279200638351632e-01	3.552450737995653e-01	2196
6.912982749109627e-01	3.660477827296388e-01	2197
6.550534894902517e-01	3.748003825347117e-01	2198
6.190331693661083e-01	3.815536808814328e-01	2199
4.013954923872785e-02	2.386441374198798e-01	2200
1.019871415474138e-01	2.837760621051525e-01	2201
8.116528936668954e-02	2.702749974339683e-01	2202
4.737387949216570e-01	-3.856328983319787e-01	2203
5.153604753247988e-01	-3.855747887489145e-01	2204
-4.102441363845550e-02	1.253346860030781e-01	2205
-4.525813719636582e-02	1.148504095025293e-01	2206
-4.939138492833282e-02	1.013005385811351e-01	2207
-5.246649963563536e-02	8.969938978557331e-02	2208
-5.472001503613746e-02	7.774809388357608e-02	2209
6.151627797022832e-02	2.566411934336632e-01	2210
7.007792850278988e-03	2.022789882932264e-01	2211
-1.581896355622136e-02	1.723015887240421e-01	2212
5.126332140885279e-01	3.885651482526088e-01	2213
4.767564591551424e-01	3.881753051319069e-01	2214
4.405741143896559e-01	3.864358257998254e-01	2215
1.012436899341199e+00	1.322620074545294e-01	2216
1.022151226415952e+00	8.228485819071941e-02	2217
1.020968502729416e+00	9.382596907488222e-02	2218
1.016938949744017e+00	1.118154887337034e-01	2219
5.544202801739695e-01	-3.838588689434188e-01	2220
5.923131826516335e-01	-3.804153423506537e-01	2221
6.323118009641661e-01	-3.742814540483145e-01	2222
1.786138076249960e-01	-3.295889917955906e-01	2223
2.155208304332849e-01	-3.438229217018011e-01	2224
2.516907473979253e-01	-3.547136093886705e-01	2225
2.873508681855089e-01	-3.638685189331215e-01	2226
3.242522600473189e-01	-3.719771356879428e-01	2227
7.033597924476822e-01	-4.103874413216579e-01	2228
1.003164350388465e+00	3.655916792006337e-03	2229
-5.517738322474635e-02	1.395870650282670e-01	2230
-6.897426295168141e-02	6.474283994965897e-02	2231
-6.821394074035145e-02	7.431581737818181e-02	2232
1.011491382102454e+00	-2.060350111948683e-02	2233
-4.941367566578727e-02	-1.696191605805418e-02	2234
7.780884879162259e-01	-3.831268782269600e-01	2235
9.171152152854701e-03	2.483614899676881e-01	2236
8.973240938322884e-01	-3.135719592874283e-01	2237
1.081959370667077e-01	-3.371446527578964e-01	2238
1.009967627802491e+00	1.492340195244928e-02	2239
1.017705050184000e+00	-4.294784745829523e-02	2240
1.013292242072297e+00	2.702044668739425e-02	2241
1.008031768800592e+00	1.289739946658340e-02	2242
1.624781419210804e-01	3.660330531217987e-01	2243
1.003726015550677e+00	5.012731117991218e-03	2244
1.016758607513552e+00	3.478257839156381e-02	2245
-4.803907276213933e-02	-7.969189944592619e-03	2246
1.002905049347161e+00	1.857557796511588e-04	2247
1.002901997398536e+00	-2.270351400098529e-04	2248
1.016037889643933e+00	-3.496670128090824e-02	2249
2.714389310124732e-01	4.077716897932043e-01	2250
-6.653176233986892e-02	-9.980662139397015e-02	2251
-4.914175279171077e-02	1.710380882863581e-02	2252
-3.973331221856054e-02	6.540427295557364e-03	2253
1.030300937488624e+00	-8.810766445284179e-02	2254
1.030405449786918e+00	-7.679206871894854e-02	2255
4.103993414849115e-01	-4.351746356179853e-01	2256
7.906506652258379e-02	-3.170565944614789e-01	2257
-5.851173623800047e-02	-2.926112393344940e-02	2258
3.809253624490714e-01	4.322437797576369e-01	2259
9.558209751352890e-02	3.244276293387103e-01	2260
-3.995523573368571e-02	1.763255009078759e-01	2261
-6.912634832859309e-02	5.443265981086710e-02	2262
-2.930218361886367e-02	1.941550958675878e-01	2263
4.191278766329850e-01	4.366927601879095e-01	2264
3.068917500440487e-01	4.177987475288917e-01	2265
1.024990482731251e+00	5.475671810749261e-02	2266
7.419743629720219e-01	-3.975197003757138e-01	2267
9.957195451595503e-01	-2.062794717382655e-01	2268
5.518953152440596e-02	-2.990925078304665e-01	2269
1.012743550252976e+00	-2.716890751328531e-02	2270
1.007793098222645e+00	-1.299616986172502e-02	2271
6.475557875465905e-01	4.297387047745930e-01	2272
6.627588471405802e-01	-4.212791024751387e-01	2273
9.795324925246557e-01	-2.302123976426903e-01	2274
1.009151902113008e+00	-1.818626516795739e-01	2275
1.267946393778928e-01	3.457921535522949e-01	2276
1.002676876810272e+00	1.136936946035449e-03	2277
1.002383721953553e+00	2.116987970922108e-03	2278
1.022022507081005e+00	1.504876324204497e-01	2279
1.023846143100117e+00	-5.501637165072291e-02	2280
1.031758801887653e+00	6.442218378592385e-02	2281
1.429698367243242e-01	-3.584643049828898e-01	2282
3.714044324850782e-01	-4.306648420798842e-01	2283
1.030419780023863e+00	-6.477481904563574e-02	2284
-4.851824031480428e-02	1.566624886124643e-01	2285
-6.990766120487979e-02	-6.467314479475515e-02	2286
-6.926480466748554e-02	-7.430400928762725e-02	2287
1.002659928619171e+00	-1.174361003918968e-03	2288
1.002063889883886e+00	-4.011234050653670e-03	2289
1.003645592494683e+00	-5.059539641750069e-03	2290
1.002352677202784e+00	-2.148984517445292e-03	2291
1.011895328248464e+00	2.045745965838569e-02	2292
1.005951400084752e+00	-7.979060379585141e-03	2293
3.434134221216595e-01	4.260071514573186e-01	2294
1.006088889980842e+00	7.899905944128687e-03	2295
1.003107857611434e+00	-3.696977612498463e-03	2296
1.018594117006278e+00	4.276398430008572e-02	2297
9.215918518443504e-01	-2.933349039799903e-01	2298
9.427234702227669e-01	-2.732096604974736e-01	2299
9.617162317465000e-01	-2.525584319676301e-01	2300
-6.945134736912507e-02	-4.406778777649539e-02	2301
-6.992846017776920e-02	-5.430267192175767e-02	2302
-6.878174418747232e-02	4.425176883628285e-02	2303
1.009683800643796e+00	-1.505118516599932e-02	2304
1.002122980008279e+00	3.986954505249094e-03	2305
-6.855856437682502e-02	-8.629449134923077e-02	2306
2.003495631305098e-01	3.834881560746468e-01	2307
2.372846824155964e-01	3.970876947682435e-01	2308
-4.113513135345163e-02	-1.790737315781830e-01	2309
-2.986463096849037e-02	-1.981273943300219e-01	2310
8.112803316166808e-01	-3.676447362423307e-01	2311
8.418004762936141e-01	-3.511106152107726e-01	2312
8.704341883924177e-01	-3.331147655273847e-01	2313
-4.563416837334658e-02	-5.701977040649674e-04	2314
-5.805373885267990e-02	2.944120713828582e-02	2315
1.016701720761031e+00	-1.571708557768708e-01	2316
1.024328042976499e+00	-1.365975367470301e-01	2317
1.029418177783783e+00	-1.017828046199335e-01	2318
1.028322391473354e+00	-1.170500076339577e-01	2319
-1.770312563000645e-02	-2.188348819789167e-01	2320
3.345544783969348e-02	-2.799564588497168e-01	2321
-3.900403367571617e-03	-2.380703188880175e-01	2322
1.366203383004458e-02	-2.586769786788689e-01	2323
-6.360981075866161e-02	-1.153828120052365e-01	2324
-5.858244754844454e-02	-1.348835693417606e-01	2325
-5.127865240670483e-02	-1.548729486816947e-01	2326
1.014270161197479e+00	1.783143498039720e-01	2327
1.000431836152439e+00	2.052801096330075e-01	2328
9.840082851769799e-01	2.311879864608526e-01	2329
9.655250685296449e-01	2.555383412156175e-01	2330
9.448312839866146e-01	2.785798828530265e-01	2331
9.217656456164893e-01	3.004095960738157e-01	2332
8.960874949049479e-01	3.211479386617018e-01	2333
8.673686446543952e-01	3.411564543838135e-01	2334
8.352478460310315e-01	3.605253747188858e-01	2335
8.001395867172389e-01	3.786862072708781e-01	2336
7.629256202147957e-01	3.949663413371330e-01	2337
7.245886045602550e-01	4.089759297469891e-01	2338
6.860766188539722e-01	4.205473592802223e-01	2339
5.985256799535097e-01	4.369206303675428e-01	2340
3.020092981322230e-02	2.721402903015782e-01	2341
7.194426722868619e-02	3.074708930347922e-01	2342
4.518426748988612e-01	-4.375504665467345e-01	2343
4.945639050733077e-01	-4.384611558943542e-01	2344
-6.273852279657825e-02	1.126901890436590e-01	2345
-6.528486917525630e-02	9.921130861133924e-02	2346
-6.735976108781692e-02	8.622377178064852e-02	2347
5.172851811430898e-02	2.917509921555124e-01	2348
-6.882832572270722e-03	2.284990998968851e-01	2349
-1.827820894741738e-02	2.118199772979052e-01	2350
5.421429578036822e-01	4.406665412071541e-01	2351
4.761794038086390e-01	4.401438400417017e-01	2352
1.031946037735232e+00	7.667863609751970e-02	2353
1.031911013632629e+00	8.912021667382231e-02	2354
1.028519110563097e+00	1.250764817723927e-01	2355
1.030571963069838e+00	1.054374996717440e-01	2356
5.371772316572875e-01	-4.377300263218756e-01	2357
5.781519939872791e-01	-4.350916996339169e-01	2358
6.203265261005314e-01	-4.297858966143960e-01	2359
1.811075051652407e-01	-3.775958387868872e-01	2360
2.201965799256446e-01	-3.932367626006130e-01	2361
2.576385533881322e-01	-4.050089549919643e-01	2362
2.952394952025347e-01	-4.154064899141760e-01	2363
3.337738395168385e-01	-4.242847980011348e-01	2364
1.012924231541318e+00	1.694723378630520e-02	2365
1.024146182425031e+00	-4.346425252381880e-02	2366
1.021767899723262e+00	-3.793967573361780e-02	2367
-5.790997245999443e-02	-2.001707516596855e-02	2368
1.004709732622155e+00	-5.466121149389700e-03	2369
-8.109001055289870e-02	4.885455250815331e-02	2370
2.573773869516270e-01	4.585890958766581e-01	2371
8.169642653996461e-01	-4.231565768590405e-01	2372
3.842444879517725e-01	-4.897000576847182e-01	2373
-4.633635484790307e-02	2.169808075159273e-01	2374
-8.202676371999772e-02	5.970093589715488e-02	2375
3.944147619970768e-01	4.903710005088620e-01	2376
9.965470198830957e-01	-2.620540062637573e-01	2377
1.008233993922113e+00	-1.097243039259260e-02	2378
1.012975594886778e+00	-1.790994466920487e-02	2379
1.012209233369737e+00	-1.634050211554773e-02	2380
6.020119108024278e-02	3.490880711028475e-01	2381
-2.294070663758029e-02	2.578714857186576e-01	2382
1.003035124753612e+00	7.176041759778471e-04	2383
1.002857485305374e+00	1.726171759020622e-03	2384
1.040902757841049e+00	-1.298146278629015e-01	2385
1.006757687254813e+00	-9.349305355893787e-03	2386
1.006739653257114e+00	-6.779123488283136e-03	2387
1.006922448931090e+00	9.259206848627088e-03	2388
1.010484604925830e+00	1.249068306037137e-02	2389
1.002831549552631e+00	-1.765723338443169e-03	2390
1.003024109642212e+00	-7.606450082796324e-04	2391
-5.718598824027138e-02	-1.116876832917728e-02	2392
-5.377491583545706e-02	-2.003916141311029e-03	2393
1.226116198904821e-01	3.956872994058441e-01	2394
7.404621261755673e-01	-4.573967317109743e-01	2395
9.367385445164923e-01	-3.361689292340131e-01	2396
1.028565106670138e+00	4.821314150252866e-02	2397
-8.154778416499703e-02	-1.106198446059533e-01	2398
4.277151395162471e-01	-4.942916096460451e-01	2399
-7.747378857119144e-02	1.311997487763873e-01	2400
-8.231066315415976e-02	7.054261062924606e-02	2401
-8.232328429345459e-02	8.122915735275787e-02	2402
-5.040737103144831e-03	2.821773378899532e-01	2403
3.539254327179910e-01	4.841417620682097e-01	2404
1.039393592550210e+00	-7.079860773520083e-02	2405
1.408783709452805e-01	-4.098158649586665e-01	2406
9.106191794469780e-01	-3.601362721851866e-01	2407
1.025429413190620e-01	-3.850501434842903e-01	2408
7.000474463428594e-02	-3.610742734390967e-01	2409
4.346896894285526e-02	-3.392768937657264e-01	2410
6.979912779623991e-01	-4.715746579025018e-01	2411
7.802540105430703e-01	-4.410847594098996e-01	2412
2.013147836791437e-02	-3.167906349696221e-01	2413
1.617285487997948e-01	4.188755072115949e-01	2414
1.004236229401997e+00	4.007389713385663e-03	2415
1.004799513250803e+00	5.402539271364524e-03	2416
1.003489018595133e+00	-2.506242612874789e-05	2417
-8.316851926683398e-02	-9.534290678227235e-02	2418
-5.758464688773083e-02	2.023191264689655e-02	2419
1.040667803283561e+00	1.417228376979202e-01	2420
1.040578736497335e+00	-8.254968812419239e-02	2421
8.748656413261389e-02	3.703510169799065e-01	2422
-5.603260268364699e-02	1.979065547942122e-01	2423
-6.863393254412690e-02	-3.304134179934982e-02	2424
3.139419666378586e-01	4.756062455057040e-01	2425
1.042920287622061e+00	9.824087904660286e-02	2426
1.012102218640924e+00	-2.348051066602922e-01	2427
1.014540143683127e+00	-2.327377343674292e-02	2428
1.010248547034550e+00	-1.263600516102494e-02	2429
1.026575159165186e+00	-2.073552078692628e-01	2430
1.002763595184289e+00	2.787937382965368e-03	2431
1.027559677107759e+00	-4.857549298559335e-02	2432
-6.482428488501879e-02	1.753672761300707e-01	2433
-7.144591727433934e-02	1.556640488985135e-01	2434
-8.288375459077417e-02	-5.948242526955266e-02	2435
1.002721662048186e+00	-2.824514253092182e-03	2436
1.004171526750752e+00	-4.064714578948210e-03	2437
1.015004763894677e+00	2.307498502870736e-02	2438
1.008433377743892e+00	1.085984708436632e-02	2439
1.006856803048808e+00	6.683543349057952e-03	2440
1.025043835516936e+00	4.315188131170652e-02	2441
1.022546838556517e+00	3.765455328427005e-02	2442
9.594559812340576e-01	-3.119374900823829e-01	2443
9.790684944717064e-01	-2.875771409137501e-01	2444
-8.181283319020285e-02	-4.859288635100065e-02	2445
-8.329756356910813e-02	-7.037305321490724e-02	2446
-8.343306291253096e-02	-8.110834172144996e-02	2447
2.019720892314986e-01	4.380824209872867e-01	2448
-3.455450603162271e-02	-2.453574235061252e-01	2449
8.506202586430144e-01	-4.038251402028852e-01	2450
8.817412198442021e-01	-3.828812654294165e-01	2451
-4.814475837952634e-02	7.825263992461742e-03	2452
-6.811512057994831e-02	3.328130447324728e-02	2453
1.041331022332298e+00	-9.569508283674318e-02	2454
1.031594547154123e+00	-1.752552925479511e-01	2455
1.036366504794817e+00	-1.527640979597126e-01	2456
1.041872951747397e+00	-1.103646486620588e-01	2457
-5.715438400542903e-02	-2.012923379529911e-01	2458
-4.694424274442335e-02	-2.219531532717162e-01	2459
-1.955966761777551e-02	-2.690318274921084e-01	2460
-1.126513677530697e-03	-2.920936269663002e-01	2461
-7.891975420180357e-02	-1.296429599753064e-01	2462
-7.361784884895853e-02	-1.516132682656035e-01	2463
-6.682932733074927e-02	-1.754951121529084e-01	2464
1.036376195084919e+00	1.694464827673442e-01	2465
1.026724435887006e+00	2.017469776648790e-01	2466
1.016828260428901e+00	2.338236828523245e-01	2467
1.001051945900311e+00	2.632765833258644e-01	2468
9.824191430340560e-01	2.914364319854998e-01	2469
9.608009146035138e-01	3.184028128120104e-01	2470
9.360675300763984e-01	3.441387530148626e-01	2471
9.081569674905976e-01	3.686862183532040e-01	2472
8.767044014633750e-01	3.923216735102739e-01	2473
8.415981488438855e-01	4.148568434106578e-01	2474
8.034640662298759e-01	4.355749417007573e-01	2475
7.633842570778002e-01	4.537728327450904e-01	2476
7.224216574728485e-01	4.690934236332012e-01	2477
6.808260790801647e-01	4.805105482129502e-01	2478
6.326411467877792e-01	4.915307305994529e-01	2479
4.718808485121883e-01	-4.966317437094159e-01	2480
-8.044656369930707e-02	1.089525761192404e-01	2481
-8.193325385457123e-02	9.511103520540203e-02	2482
3.877571935278511e-02	3.293979997370782e-01	2483
1.687131438255971e-02	3.084716920467871e-01	2484
-3.597487318232031e-02	2.361088382531998e-01	2485
5.755286961817909e-01	4.976845539180592e-01	2486
5.102196700035723e-01	4.993037437953137e-01	2487
4.455163289975975e-01	4.966885262637984e-01	2488
1.040827914449514e+00	7.042000048437909e-02	2489
1.042210670065657e+00	8.293407041579384e-02	2490
1.043078886045903e+00	1.166665182016245e-01	2491
5.168275263179142e-01	-4.970966964990149e-01	2492
6.530614213375050e-01	-4.831275597597985e-01	2493
5.614261241088158e-01	-4.954179785254754e-01	2494
6.066104606207950e-01	-4.912565113156889e-01	2495
1.820867754951904e-01	-4.313555132344574e-01	2496
2.232540597721183e-01	-4.484314287761087e-01	2497
2.621715336933298e-01	-4.613162568354976e-01	2498
3.021279136538875e-01	-4.730762455388965e-01	2499
3.431792552237059e-01	-4.823625901929103e-01	2500
1.015268386157498e+00	1.948053084329818e-02	2501
5.415173265042527e-01	-5.613894534087277e-01	2502
1.010631199236715e+00	1.020011904183431e-02	2503
5.846398328437112e-02	-4.105299355554349e-01	2504
1.032909659290700e+00	5.485646437612687e-02	2505
-9.782011150884783e-02	1.225048961414664e-01	2506
-9.551326431171514e-02	1.484897419651657e-01	2507
4.132733386792140e-01	5.576801200205513e-01	2508
2.875609996568788e-02	-3.840095684480006e-01	2509
1.039672214040278e+00	-6.072187309978554e-02	2510
8.620243817887860e-01	-4.626449593780812e-01	2511
-9.901486378719966e-02	-1.226516614777607e-01	2512
-9.594911085108641e-02	-5.266913206730183e-02	2513
1.165056623103637e-01	4.516430680436519e-01	2514
1.040985653272448e+00	6.027209445584814e-02	2515
1.014796119083569e+00	-2.066598263887171e-02	2516
1.008859795290672e+00	8.943821149994603e-03	2517
1.007690071398097e+00	7.934176407735102e-03	2518
1.007548203212300e+00	-8.041408404193741e-03	2519
-9.673376791966062e-02	6.466455861608357e-02	2520
4.593189459768187e-02	3.959543509513266e-01	2521
1.032784577415025e+00	-2.646866317239210e-01	2522
-6.747780294985425e-02	-2.287973478240177e-02	2523
9.557549739937015e-01	-3.831142376277971e-01	2524
3.454998762044757e-03	-3.572564022739224e-01	2525
-8.012822544017038e-02	-3.643771472711587e-02	2526
1.589524917168298e-01	4.778802250119294e-01	2527
-7.566647876318201e-02	2.198172855756453e-01	2528
1.056036089732295e+00	-1.208371223900452e-01	2529
4.699531893565215e-01	-5.611733473491394e-01	2530
3.991727561790773e-01	-5.554555804056547e-01	2531
7.392718577100325e-01	-5.245840999735283e-01	2532
9.476714512892409e-02	-4.388274057172640e-01	2533
1.028016610013545e+00	-3.852926583043653e-02	2534
1.030952245829763e+00	-4.262586876056029e-02	2535
1.021719017096735e+00	3.202600255072371e-02	2536
1.017444998496681e+00	2.648503753932288e-02	2537
-6.692041748568420e-02	-1.482979876624959e-02	2538
-9.966880955655930e-02	-1.047645670697801e-01	2539
-7.956706728057598e-02	3.674565550383037e-02	2540
3.441149608082056e-01	5.425062790562667e-01	2541
8.246161078192157e-01	-4.853831024001977e-01	2542
1.017610742523214e+00	-2.952359658209696e-01	2543
1.006015761730573e+00	-5.646375447732704e-03	2544
1.008696498700596e+00	-9.069509963526384e-03	2545
2.070202448696908e-02	3.708329957444935e-01	2546
-4.175636067264431e-02	2.905056047295168e-01	2547
1.003784942860148e+00	2.996913108110623e-03	2548
1.003323822842233e+00	1.284709187508681e-03	2549
1.012141544250634e+00	-1.435105075524025e-02	2550
1.012415398306513e+00	1.417458149519556e-02	2551
1.005346399456906e+00	-4.417510882186029e-03	2552
1.003304020199776e+00	-1.331732169773165e-03	2553
6.916460443701185e-01	-5.401358018799666e-01	2554
1.031766696995857e+00	-5.527830465099745e-02	2555
-9.850926195181502e-02	8.854508177729904e-02	2556
1.057320203048643e+00	1.306707112841888e-01	2557
1.050067748769725e+00	-7.566434056730220e-02	2558
7.836685492926733e-01	-5.061305094375486e-01	2559
1.006111233291199e+00	5.561153491940224e-03	2560
1.005419190803398e+00	4.341477434659255e-03	2561
-6.325028536995887e-02	-3.674782644587010e-03	2562
7.737332925482876e-02	4.221297122651461e-01	2563
-9.518716434602519e-02	5.302616048367129e-02	2564
2.696218853772849e-01	5.245773762518628e-01	2565
1.054484497822679e+00	-1.025678638106986e-01	2566
1.016904556623006e+00	-2.672095303659655e-02	2567
1.021059944848289e+00	-3.231672386227344e-02	2568
1.010440046444943e+00	-1.035459062312351e-02	2569
1.041997259593322e+00	-2.330220984701399e-01	2570
1.003016940952773e+00	2.401371516962132e-03	2571
-8.400876339982033e-02	1.957622165975414e-01	2572
-8.984656644215319e-02	1.727297347077234e-01	2573
-9.763268662954405e-02	-6.434383882718701e-02	2574
1.002980487319529e+00	-2.442455346468498e-03	2575
1.003737728724750e+00	-3.048907720461987e-03	2576
1.031832322011476e+00	4.217575189258514e-02	2577
1.028810228152239e+00	3.812319289850248e-02	2578
9.800731948311886e-01	-3.540389850659301e-01	2579
1.000483222963051e+00	-3.249027454018578e-01	2580
-9.966178176361698e-02	-8.847927322751878e-02	2581
-9.861930868461087e-02	-7.551249013031201e-02	2582
-9.759642309762021e-02	7.579661992008165e-02	2583
2.105550160666572e-01	5.026349918776190e-01	2584
8.963145057287568e-01	-4.381302047075264e-01	2585
9.276454439701767e-01	-4.114610993483021e-01	2586
-5.727667855206384e-02	8.738482337346089e-03	2587
-6.710083082857519e-02	2.315808536654084e-02	2588
1.050648142676878e+00	-1.947307897904311e-01	2589
1.052739508056868e+00	-1.680100480540419e-01	2590
1.055097582842966e+00	-1.445531886842052e-01	2591
-7.697720321605481e-02	-2.238339499088831e-01	2592
-6.742224452407909e-02	-2.476491110920784e-01	2593
-5.426749702027769e-02	-2.742914944284489e-01	2594
-3.828707092280255e-02	-3.027359589256501e-01	2595
-1.925107225986386e-02	-3.290141544348376e-01	2596
-8.570351533393127e-02	-1.971693784208937e-01	2597
-9.687643872182615e-02	-1.455128020365675e-01	2598
-9.195630426671812e-02	-1.696288324039995e-01	2599
1.056580361358386e+00	1.583526830485961e-01	2600
1.051923469128745e+00	1.916583779404211e-01	2601
1.045569969837702e+00	2.250325029179512e-01	2602
1.039095538877713e+00	2.646268376203590e-01	2603
1.021947768084133e+00	2.972271915832720e-01	2604
1.003198440656484e+00	3.300748090910624e-01	2605
9.805558151592954e-01	3.618956792731837e-01	2606
9.540340357936331e-01	3.923494632082395e-01	2607
9.236347607003578e-01	4.214960632971803e-01	2608
8.890767616605004e-01	4.494260331393504e-01	2609
8.505317470607678e-01	4.756389578498327e-01	2610
8.089100868778507e-01	4.992754471634315e-01	2611
7.654123548996586e-01	5.196398722305400e-01	2612
7.187714992480143e-01	5.346130678865429e-01	2613
6.721867362994733e-01	5.494057518247978e-01	2614
-9.848208929293378e-02	1.038001966957314e-01	2615
-2.265235495087103e-02	3.192409437990879e-01	2616
3.106296034006699e-04	3.478542694074987e-01	2617
-5.642873323668597e-02	2.631567997129536e-01	2618
-6.727217829221584e-02	2.406568577656465e-01	2619
6.122971553832826e-01	5.599912538518514e-01	2620
5.459014056353199e-01	5.641373759615815e-01	2621
4.766840148302722e-01	5.633703448012261e-01	2622
1.054109982289657e+00	9.005245464307030e-02	2623
1.051623929542361e+00	7.556316233448587e-02	2624
1.052332675548556e+00	-8.848008143463801e-02	2625
1.056339964845648e+00	1.073318525033983e-01	2626
5.900411804535194e-01	-5.590719807068981e-01	2627
6.411554342714325e-01	-5.520332293352942e-01	2628
1.368498213362474e-01	-4.673470946119848e-01	2629
1.811279354149419e-01	-4.914152109790054e-01	2630
2.243122111501127e-01	-5.100048289719433e-01	2631
2.652062417137860e-01	-5.243408242943944e-01	2632
3.309592092893050e-01	-5.417371764228927e-01	2633
1.010753049753468e+00	8.151226009716460e-03	2634
-9.366933553902472e-02	-4.072627791607712e-02	2635
1.027020001649209e+00	3.412601190639351e-02	2636
1.018744264327190e+00	2.212388949695882e-02	2637
1.075594277522094e-02	-4.338584559709923e-01	2638
-7.797493746524151e-02	-2.173440751751279e-02	2639
7.880037154046150e-01	-5.792240232986658e-01	2640
-1.669578199471888e-02	-4.014756264199189e-01	2641
-6.685397202796267e-02	8.961866396204209e-03	2642
1.004964788594079e+00	-3.995792571672898e-01	2643
9.143079779889580e-01	-4.995419967241643e-01	2644
7.375527443808069e-01	-6.000764619387691e-01	2645
4.414977349146625e-02	-4.660742209273349e-01	2646
-1.193145017394029e-01	-1.359995588198849e-01	2647
1.015651236072774e+00	1.571484482309827e-02	2648
5.054567356603153e-01	-6.343313672067654e-01	2649
-1.151551597866354e-01	8.087560131190064e-02	2650
1.022316431692257e+00	-2.705232232002552e-02	2651
1.007424373081946e+00	-5.544547686711259e-03	2652
1.007520313215779e+00	5.434879850920960e-03	2653
1.006649560006263e+00	-4.504442498936604e-03	2654
-7.403061019745076e-02	-6.290719201135412e-03	2655
-6.470625401635470e-05	4.172674088830531e-01	2656
6.479442423642869e-02	4.803500236984887e-01	2657
1.026311658227138e+00	-3.451161946354390e-02	2658
1.014690081300274e+00	-1.526013656807687e-02	2659
1.003553225262645e+00	1.944548261721285e-03	2660
1.012523099214333e+00	-1.177242352041630e-02	2661
-1.089535893456435e-01	-2.194274064032689e-01	2662
-1.189664839518738e-01	-1.143637495447595e-01	2663
-1.169314636322394e-01	9.612026372666854e-02	2664
-1.188382413887585e-01	1.373715308544261e-01	2665
1.003727510863611e+00	-7.702158872213047e-04	2666
1.041212891899425e+00	5.116378086423000e-02	2667
6.830696178053508e-01	-6.169156826057391e-01	2668
1.043096078366628e+00	-3.297459874243853e-01	2669
9.791027749433947e-01	-4.343889283880143e-01	2670
-1.177865584094742e-01	1.137667591196778e-01	2671
1.078957133576557e-01	5.141622612357248e-01	2672
-9.956759546610690e-02	2.415355891082870e-01	2673
1.036260029975896e+00	4.806947340468453e-02	2674
1.048642936133906e+00	-6.530046436122049e-02	2675
5.691537205665451e-01	-6.310676402002782e-01	2676
-1.119944799337537e-01	-5.628263020212505e-02	2677
1.012745589013638e+00	1.158259738918075e-02	2678
4.398114008977498e-01	6.326042131440806e-01	2679
-1.181485908728652e-01	-9.656322699648005e-02	2680
1.588411300518760e-01	5.461140658685953e-01	2681
1.064734945162250e+00	-2.568504100149122e-01	2682
1.016314278734277e+00	-1.768592275346035e-02	2683
1.009289244674197e+00	7.263266013929928e-03	2684
1.008434068991416e+00	6.536359950461083e-03	2685
1.008316406537970e+00	-6.659790847682838e-03	2686
1.009156568514134e+00	-7.400496705545836e-03	2687
2.910562952912658e-02	4.486611875751744e-01	2688
1.054117402708669e+00	-2.943384899808071e-01	2689
-4.378991765830985e-02	3.598696114003392e-01	2690
-2.248436723648094e-02	3.888321341332950e-01	2691
1.068244872833210e+00	9.700372105278383e-02	2692
1.069679328315595e+00	-1.104961177239392e-01	2693
8.764071211608123e-01	-5.284576110969467e-01	2694
1.022864757831023e+00	2.671673603836821e-02	2695
-1.112033229504430e-01	5.674600363587653e-02	2696
8.342525518266066e-01	-5.551986452222651e-01	2697
-6.412692739351762e-02	3.261903305485049e-01	2698
1.003738942010604e+00	7.164594804804420e-04	2699
1.010601112096780e+00	-8.312722635122961e-03	2700
1.004929758632434e+00	3.222282838489482e-03	2701
1.006725855970676e+00	4.406593910703050e-03	2702
1.004876785053091e+00	-3.292194646223932e-03	2703
1.040081066306179e+00	-5.169437061870261e-02	2704
1.035258354411933e+00	-4.857940077667341e-02	2705
3.649739384536264e-01	6.190510910155870e-01	2706
1.071991553583819e+00	1.183492370049404e-01	2707
1.050146839622186e+00	6.491673676809846e-02	2708
-9.305740871220845e-02	4.111620542927603e-02	2709
2.922395334022424e-01	5.996476557985024e-01	2710
-1.071112114918134e-01	2.171922353755667e-01	2711
-1.119509978204820e-01	1.905374036279622e-01	2712
-1.156578764093068e-01	1.658767067677113e-01	2713
1.003523010359672e+00	-1.994430284700521e-03	2714
1.035038168527040e+00	3.662579286022118e-02	2715
1.034271515077104e+00	-3.715513111124871e-02	2716
1.026118497184966e+00	-3.645969464390805e-01	2717
-1.162075112850016e-01	-8.058095355467441e-02	2718
-1.143285218341382e-01	-6.846606380876684e-02	2719
-1.134038107118198e-01	6.890154015976564e-02	2720
2.183841597965431e-01	5.748873814887492e-01	2721
9.487628149291432e-01	-4.680166110336830e-01	2722
-7.779332254896074e-02	2.569268542416824e-02	2723
1.070740696051582e+00	-2.194264591553350e-01	2724
1.072122186520729e+00	-1.333664027948261e-01	2725
1.073094546685187e+00	-1.830847983224430e-01	2726
1.072890225434164e+00	-1.582055503269400e-01	2727
-1.006333071733801e-01	-2.470454132248719e-01	2728
-9.139606747145969e-02	-2.759297501541349e-01	2729
-4.113221532171983e-02	-3.696866348803994e-01	2730
-7.789206648354337e-02	-3.061382926099258e-01	2731
-6.093287825230807e-02	-3.390246856978348e-01	2732
-1.171835223753940e-01	-1.621304900419261e-01	2733
-1.138120400881852e-01	-1.889653334801197e-01	2734
1.074787091209437e+00	1.449598397760484e-01	2735
1.074893274607894e+00	1.778520321963662e-01	2736
1.072634428208254e+00	2.128220460266369e-01	2737
1.069858276918563e+00	2.491628807346586e-01	2738
1.059137191416287e+00	2.959139450887716e-01	2739
1.047626595731205e+00	3.334827481720626e-01	2740
1.028167252650635e+00	3.715650273567910e-01	2741
1.004522209176035e+00	4.092172659664378e-01	2742
9.761601002594439e-01	4.453970050782620e-01	2743
9.429469535431592e-01	4.800922190912683e-01	2744
9.048196754778206e-01	5.131156577046164e-01	2745
8.623266730309098e-01	5.436070346287554e-01	2746
8.166398978870372e-01	5.706067547224950e-01	2747
7.409730090512920e-01	6.013612121839292e-01	2748
-8.022104315828475e-02	2.935893566634521e-01	2749
-9.158488145813269e-02	2.662330877628410e-01	2750
6.560654776165482e-01	6.263851968109260e-01	2751
5.849312994104654e-01	6.351012665053074e-01	2752
5.118662797653173e-01	6.368095400070617e-01	2753
1.066039315602876e+00	-9.360783853915461e-02	2754
1.064121688466737e+00	8.087449989365687e-02	2755
1.062333684834772e+00	-8.011537263044112e-02	2756
4.286478740996407e-01	-6.301008335356181e-01	2757
6.256180057444345e-01	-6.284331928591729e-01	2758
8.459924518059504e-02	-4.988575382339546e-01	2759
1.304137632201565e-01	-5.316268551331116e-01	2760
1.777441799936340e-01	-5.583683380744590e-01	2761
2.237425959484582e-01	-5.767524629168543e-01	2762
2.807353239459833e-01	-5.979486085656858e-01	2763
3.511523152487899e-01	-6.172282894192954e-01	2764
-1.183310550625416e-01	-3.059783126107645e-01	2765
9.363423815767495e-01	-5.677336729635860e-01	2766
-7.524670664472545e-02	1.286389045558791e-02	2767
8.456486685716702e-01	-6.336841657280846e-01	2768
5.414128671075713e-01	-7.140419081179646e-01	2769
1.012509247282959e+00	-9.445586197607702e-03	2770
1.014662879595434e+00	-1.340514862178206e-02	2771
1.048125630804671e+00	-5.594459620170982e-02	2772
1.006038474372646e+00	-3.454707831570068e-03	2773
1.038253448997285e+00	-4.246958445589138e-02	2774
3.895811760520086e-01	7.039289705540581e-01	2775
7.924809383544975e-01	-6.615463121376742e-01	2776
-1.389836998127321e-01	-1.044734357275336e-01	2777
-1.420814892788606e-01	-1.509294818955893e-01	2778
1.010759000740541e+00	-6.464200164566136e-03	2779
9.741873423013200e-01	-5.304103820635648e-01	2780
-7.094666586251780e-02	4.023414674655135e-01	2781
-5.005158933493282e-02	4.339119921630501e-01	2782
1.056878832527527e+00	-4.071067486615108e-01	2783
8.936105845991994e-01	-6.021889856556246e-01	2784
1.039130595384689e+00	4.188172733357314e-02	2785
1.049428358277184e+00	5.537881928771216e-02	2786
-7.946537998149658e-02	5.602699934506019e-03	2787
9.938433798557048e-02	5.856599556708953e-01	2788
1.591005757586140e-01	6.236040361080182e-01	2789
-1.413041264774819e-01	-1.247546234005302e-01	2790
1.019845702150735e+00	-2.309515930334298e-02	2791
4.625408033320421e-01	-7.128721138121134e-01	2792
1.096443832135922e+00	-2.028882214445223e-01	2793
1.095592539633318e+00	-2.426459366274218e-01	2794
1.083198275435650e+00	-3.228594277946366e-01	2795
-1.317465785483095e-01	7.227140227852133e-02	2796
1.061550396089672e+00	6.852354870349878e-02	2797
4.915376829907436e-02	5.455778315746163e-01	2798
-4.170890804406795e-02	-4.503439746156467e-01	2799
2.692652561000113e-02	-5.284368730128779e-01	2800
1.018678615042468e+00	1.808116383374238e-02	2801
-1.090159994919515e-01	-4.395675807782377e-02	2802
1.023647858787132e+00	2.186365554503750e-02	2803
-6.686632419221399e-02	-4.145979735197763e-01	2804
7.339382509793551e-01	-6.849934043558273e-01	2805
1.034557651233211e+00	-4.486027586007653e-01	2806
-1.086215085342108e-02	-4.894861883083882e-01	2807
1.018379784349379e+00	-2.061034079642013e-02	2808
-1.328469470370958e-01	-7.176434301009629e-02	2809
1.008018380694584e+00	-4.293667575936877e-03	2810
1.009028544822912e+00	5.113755780325433e-03	2811
1.004248580094296e+00	-3.094886090735916e-05	2812
-1.083691617672879e-01	4.444505128517209e-02	2813
-2.405516859148112e-02	4.692366356630075e-01	2814
1.026119873722140e+00	-3.073624559055934e-02	2815
1.017838975183028e+00	-1.491078672901995e-02	2816
1.004080552761062e+00	1.394866882215376e-03	2817
1.014921262725120e+00	1.317882816594843e-02	2818
1.004458471739293e+00	2.312709712117506e-03	2819
1.070564083717532e+00	-3.647186786086615e-01	2820
1.007219474295139e+00	-4.902783589703412e-01	2821
-1.405459562369534e-01	1.245121842946695e-01	2822
6.703698873343595e-01	-7.026801532589486e-01	2823
-1.377734858954411e-01	1.038753806190028e-01	2824
1.012685651617912e+00	9.251378675820965e-03	2825
-1.362706006901697e-01	-8.620688004914562e-02	2826
-1.351440009386827e-01	8.620099217325344e-02	2827
1.090463208238251e+00	-2.844177701965064e-01	2828
1.010876233008356e+00	6.297137667133534e-03	2829
1.008935973959800e+00	-5.250363265750134e-03	2830
9.095516571190414e-03	5.077570351062600e-01	2831
-8.638843801605625e-02	-1.135407703250698e-02	2832
-9.084863429742254e-02	-2.690783954374686e-02	2833
1.059656514635705e+00	-6.847148764008779e-02	2834
1.026750168088140e+00	3.034254223545916e-02	2835
-9.040422329066425e-02	3.651878266981177e-01	2836
1.008092641020563e+00	4.172029665061114e-03	2837
1.006095738679424e+00	3.365838113902530e-03	2838
1.004058302286339e+00	-1.453473927085556e-03	2839
1.084776867777200e+00	1.050860100864026e-01	2840
3.101164913594235e-01	6.834859305952203e-01	2841
-1.330950071732006e-01	2.385475878706260e-01	2842
-1.381066118897683e-01	2.090317091597714e-01	2843
-1.401433366611609e-01	1.821075342999543e-01	2844
-1.413300976755805e-01	1.542086464134185e-01	2845
1.004421143764394e+00	-2.376314548180451e-03	2846
-1.300732869244411e-01	-5.910434701927206e-02	2847
-1.292649719611785e-01	5.968532299908012e-02	2848
2.330284291293740e-01	6.572859278560681e-01	2849
-9.073165959749421e-02	2.920902524563954e-02	2850
1.087141824875200e+00	-1.202167248495478e-01	2851
1.094286421147234e+00	-1.704992108860020e-01	2852
-1.348178924403873e-01	-2.421865815774984e-01	2853
-1.287921392955812e-01	-2.718647942985708e-01	2854
-8.760343935627096e-02	-3.778371807403800e-01	2855
-1.056506137072669e-01	-3.411379562714713e-01	2856
-1.416008179445818e-01	-1.787374386844049e-01	2857
-1.399829301720777e-01	-2.086530644110122e-01	2858
1.090726669890541e+00	1.298026595739445e-01	2859
1.091390368753671e+00	-1.452225285575036e-01	2860
1.095222220648368e+00	1.612950656561602e-01	2861
1.097618688428461e+00	1.968105194087289e-01	2862
1.098527885165169e+00	2.329518295274237e-01	2863
1.095546350800561e+00	2.795103127419122e-01	2864
1.087795605087671e+00	3.250562966650855e-01	2865
1.073965068812905e+00	3.707650628875299e-01	2866
1.058023473806202e+00	4.162702006980654e-01	2867
1.033181487726912e+00	4.604946856092550e-01	2868
1.002867375504905e+00	5.036784507704155e-01	2869
9.665002013047008e-01	5.450859320790875e-01	2870
9.242782577728506e-01	5.841240863142880e-01	2871
8.771481775377655e-01	6.195976227345107e-01	2872
8.086173726609034e-01	6.567249362143118e-01	2873
-1.077753238918492e-01	3.275574961784938e-01	2874
-1.191922379355036e-01	2.937760045412201e-01	2875
-1.277899945676154e-01	2.643128282423516e-01	2876
7.224454334101782e-01	6.903183957195288e-01	2877
6.316067983956414e-01	7.116596302813301e-01	2878
5.515705082946240e-01	7.173736961129441e-01	2879
4.724036587032720e-01	7.155582066441425e-01	2880
1.081848341469996e+00	-9.905557415668093e-02	2881
1.076417342241004e+00	-8.351592625936033e-02	2882
1.078731072254750e+00	8.572178887707971e-02	2883
6.012257618930680e-01	-7.114271935210944e-01	2884
7.101684459573356e-02	-5.660169434150667e-01	2885
1.210080505865884e-01	-6.032554356919948e-01	2886
1.744305862960072e-01	-6.330312324902614e-01	2887
3.768745826285821e-01	-7.014899906617286e-01	2888
2.265923696169701e-01	-6.559740913793960e-01	2889
2.957568252157617e-01	-6.808604421663382e-01	2890
-7.115680315049683e-02	-5.051257837088773e-01	2891
-1.036091527252785e-01	4.468753570717226e-01	2892
3.295586783047260e-01	7.774703544819832e-01	2893
1.047799793103713e+00	-4.686161311743553e-02	2894
-1.604863073917863e-01	-3.001396805088922e-01	2895
1.005505758015437e+00	-2.453127415718114e-03	2896
1.048909958478776e+00	4.622176937003405e-02	2897
4.198719402933163e-01	7.980503359492463e-01	2898
1.118002325833908e+00	-4.035286724828743e-01	2899
9.048759832807822e-02	6.671083257572838e-01	2900
5.005956859219918e-01	-8.038187282917812e-01	2901
-1.381984448150999e-01	-3.798050231623339e-01	2902
-1.263270519375826e-01	-4.626835476853224e-02	2903
1.015044930533051e+00	1.044094553423826e-02	2904
1.069589545161552e+00	-5.014251850142922e-01	2905
1.010691084270206e+00	-4.590011719640591e-03	2906
1.009449544125186e+00	-3.839386210279764e-03	2907
1.004993952435228e+00	1.555278911207188e-03	2908
1.024432095887470e+00	-2.298610491295209e-02	2909
1.027316051598504e+00	-2.570519610885824e-02	2910
7.262597530460541e-01	-7.805107037508729e-01	2911
5.751338406493434e-01	-8.000167665627512e-01	2912
1.040301385199304e+00	-5.512006180357432e-01	2913
-1.689100516473283e-01	-1.652195789251370e-01	2914
1.007228519710012e+00	-3.346168013093029e-03	2915
-1.230749329221886e-01	4.061691016753372e-01	2916
1.004553570436594e+00	-8.063587100427908e-04	2917
1.027624111838052e+00	2.511899280149527e-02	2918
1.115488734513987e+00	-3.554831789189077e-01	2919
-1.630235634361350e-01	-1.119362539287231e-01	2920
-1.395764502701105e-01	3.651856440753865e-01	2921
-1.672233334217114e-01	-1.370083253999859e-01	2922
1.031327982854008e+00	-3.236237567997290e-02	2923
-8.787996268930459e-02	1.572040032121336e-02	2924
-1.510587612202577e-01	-3.375375744635004e-01	2925
-1.198771437954765e-01	-4.201463368730069e-01	2926
1.123825738525939e+00	-2.234069393855556e-01	2927
1.074646396865254e+00	7.203101069456326e-02	2928
1.057665416049214e+00	-6.010592698869748e-02	2929
8.581494214908315e-01	-7.222199123686601e-01	2930
1.684671005038583e-01	-7.171008136926497e-01	2931
4.079544508540486e-01	-7.951888719567473e-01	2932
9.623674050765152e-01	-6.437577100270059e-01	2933
6.472489707475640e-01	-7.974642453934839e-01	2934
1.012481351034650e+00	-7.411781176932558e-03	2935
1.014841297268111e+00	-1.067608404534698e-02	2936
1.059081258328986e+00	5.945988470064868e-02	2937
1.007285216986013e+00	3.237116581580337e-03	2938
7.957409814916667e-01	-7.545218163863778e-01	2939
1.018408807772649e+00	1.415596901974515e-02	2940
1.009516979780000e+00	3.692395262796532e-03	2941
1.004562610231827e+00	-5.990845032057626e-01	2942
-1.474452701012492e-02	5.738237891683439e-01	2943
1.089193929811959e+00	-4.512751867394357e-01	2944
9.136425176555972e-01	-6.849809245126317e-01	2945
1.042095590815914e+00	3.534449302720709e-02	2946
1.041353840026591e+00	-3.600954956814104e-02	2947
-8.161849186664075e-02	4.847175373884184e-01	2948
1.124925322998949e+00	-2.674897608937583e-01	2949
3.183587486756242e-02	6.198218882440162e-01	2950
-9.813673500610705e-02	-4.631916630368893e-01	2951
-3.625902011696615e-02	-5.517570196604313e-01	2952
1.019846541540219e+00	-1.754546922999158e-02	2953
-1.054147678795139e-01	3.244057349325634e-02	2954
-5.190231305540759e-02	5.272270316853577e-01	2955
1.004565846211509e+00	7.396941900658431e-04	2956
-1.619962754797481e-01	1.110589222080862e-01	2957
-1.575831451249793e-01	9.181238066469816e-02	2958
1.010773241354071e+00	4.421928580097953e-03	2959
-1.587546278760729e-01	-9.215396736068354e-02	2960
-1.520150673874467e-01	-6.783151195269127e-02	2961
-1.256592599740919e-01	4.686301161821075e-02	2962
1.122452164817821e+00	-3.104155283590487e-01	2963
1.012618412641985e+00	7.214928765830246e-03	2964
-1.013361212893734e-01	-1.546417379583110e-02	2965
-1.049497074064796e-01	-2.973592688024409e-02	2966
1.031995827342057e+00	3.187500689206926e-02	2967
1.005545497284397e+00	2.372059431095341e-03	2968
1.004968247731669e+00	-1.628219918569875e-03	2969
-1.681930911192632e-01	2.292988659900648e-01	2970
-1.667160738054996e-01	1.385929001893813e-01	2971
-1.690014852280383e-01	1.978033806628114e-01	2972
-1.681567946193002e-01	1.692592563183176e-01	2973
-1.509631204506795e-01	6.833868984626076e-02	2974
2.459711613272788e-01	7.492181238452282e-01	2975
1.642345986948414e-01	7.127391152766491e-01	2976
-9.347758732069679e-02	1.433338842063566e-03	2977
-1.663376802189759e-01	-2.639457985993592e-01	2978
-1.704523211381879e-01	-1.952068466995702e-01	2979
-1.692231926265086e-01	-2.302254189756500e-01	2980
1.104339503224759e+00	1.134191679689525e-01	2981
1.107666801407555e+00	-1.296178746267753e-01	2982
1.112694278586097e+00	1.426868868193794e-01	2983
1.113853661443807e+00	-1.554799097553278e-01	2984
1.119806061096627e+00	1.774072873151313e-01	2985
1.119568755188831e+00	-1.851237007582901e-01	2986
1.125001538959540e+00	2.141024478198455e-01	2987
1.128295168270302e+00	2.580770724925358e-01	2988
1.126992924068431e+00	3.081231572495692e-01	2989
1.119843130773037e+00	3.594962796830132e-01	2990
1.109046757412398e+00	4.083179719550158e-01	2991
1.089532182292845e+00	4.627547246152487e-01	2992
1.067274901635556e+00	5.162179799594724e-01	2993
1.034611376024114e+00	5.676458930137629e-01	2994
9.946933188901728e-01	6.171605776153466e-01	2995
9.477404496492360e-01	6.633466082404926e-01	2996
8.829117329675549e-01	7.102573371096879e-01	2997
-1.518472411565458e-01	3.237228448339194e-01	2998
-1.600640401459993e-01	2.897466619897318e-01	2999
-1.645851468445102e-01	2.584736689636882e-01	3000
7.982168651218664e-01	7.542158361159064e-01	3001
6.988981065856598e-01	7.885636724472709e-01	3002
5.992339347602545e-01	8.051182570453507e-01	3003
5.111227339587275e-01	8.069696921408730e-01	3004
1.100126404460814e+00	-1.057485679607564e-01	3005
1.072112961248150e+00	-7.101014299482705e-02	3006
1.092517374670716e+00	-8.662639893883874e-02	3007
1.095727088078395e+00	9.102166720507536e-02	3008
5.372784166584125e-03	-5.981785096693581e-01	3009
5.379111453534328e-02	-6.411180379785656e-01	3010
1.109500610614221e-01	-6.838689648458152e-01	3011
3.150872358343638e-01	-7.743096296638378e-01	3012
2.331288983997557e-01	-7.460627162439213e-01	3013
1.057693891711189e+00	4.975214189516679e-02	3014
1.107226458586022e+00	-5.571197261793107e-01	3015
-1.900626033702663e-01	1.203588471573316e-01	3016
1.008562450569617e+00	-3.037976039870420e-03	3017
1.161493539655585e+00	-3.772994457486045e-01	3018
1.159169015170031e+00	-3.392051012131513e-01	3019
3.542930809655360e-01	8.827638514972216e-01	3020
7.955129029479727e-01	-8.597923085889086e-01	3021
1.005505050145558e+00	7.668446177566287e-04	3022
1.005982281476665e+00	-1.554863714834179e-03	3023
1.033941669137456e+00	2.582282854011575e-02	3024
1.289578073897968e-02	7.044610389366631e-01	3025
8.705049287566320e-01	-8.225440613447930e-01	3026
1.012434763787350e+00	-5.435990592879648e-03	3027
1.017243382118069e+00	-1.220261047582933e-02	3028
2.437107570981310e-01	-8.481742953378089e-01	3029
1.078864689068841e+00	-6.173038572093161e-01	3030
1.046913665355118e+00	4.149033178429078e-02	3031
1.068740377468214e+00	-6.189254261838707e-02	3032
8.430521789469479e-02	7.612217465382555e-01	3033
9.730544202023972e-02	-7.737012871257095e-01	3034
1.022144192638779e+00	-1.996473569450203e-02	3035
1.005115135964921e+00	-3.782568080164664e-05	3036
1.028250890077076e+00	2.029001420233308e-02	3037
-2.001954668264998e-01	-1.785610976155350e-01	3038
-1.207622997160132e-01	-3.092751803337024e-02	3039
1.005491822209811e+00	-8.485503257801089e-04	3040
-2.024834354639424e-01	-2.882659550245724e-01	3041
-1.064879848321438e-01	-2.778086484158084e-03	3042
2.588975314185373e-01	8.522094235182271e-01	3043
-1.419609324734468e-01	4.947434133532990e-01	3044
-1.017889272073277e-01	1.623027491237106e-02	3045
1.037666393432304e+00	-3.177680459235933e-02	3046
1.090226528425918e+00	7.511693696808500e-02	3047
4.569676461510446e-01	9.020757679461860e-01	3048
-8.495207510994227e-02	5.922650701371061e-01	3049
-1.051765600720798e-01	-5.668248492870197e-01	3050
-1.994901565882284e-01	1.825842576857208e-01	3051
-1.970817958105904e-01	-3.291569542366387e-01	3052
7.079505213555218e-01	-8.877446643659049e-01	3053
1.641913280822533e-01	-8.131176414817629e-01	3054
-1.340121755899753e-01	-5.158012684378035e-01	3055
4.450140866390015e-01	-8.988221585408560e-01	3056
-1.893215327005657e-01	-3.721631316223467e-01	3057
1.017480483841385e+00	1.192548543880500e-02	3058
1.008614856536515e+00	2.905791057988808e-03	3059
1.021295312299833e+00	-1.436073081025691e-02	3060
9.360447992979113e-01	-7.783526840604057e-01	3061
-2.039207533322851e-01	-2.500893610944895e-01	3062
1.006593178609984e+00	-2.427654643994628e-03	3063
-1.617364928303906e-01	4.498830272169492e-01	3064
1.021658571525020e+00	1.590835575251584e-02	3065
1.028785970292517e+00	-2.126401165721642e-02	3066
1.159634437759709e+00	-2.910699233431869e-01	3067
-1.893658117697425e-01	3.574994409859343e-01	3068
-1.767997125107981e-01	4.041439105526138e-01	3069
-1.457250520048334e-01	-4.753952624766025e-02	3070
-1.747709364600755e-01	-4.206390234723071e-01	3071
1.056461116757233e+00	-5.048582853042317e-02	3072
3.402393124747508e-01	-8.792145884536546e-01	3073
9.924913065068089e-01	-7.287992625514094e-01	3074
5.789017205674490e-01	-9.012465322198356e-01	3075
1.014520146564983e+00	-8.399929699134143e-03	3076
1.070367706218088e+00	6.125568036402269e-02	3077
1.010833847773624e+00	-2.953509048085433e-03	3078
1.040058728620788e+00	-6.749113878302031e-01	3079
-4.182379132851965e-02	6.486081138850303e-01	3080
1.147223378347914e+00	-4.536619962621193e-01	3081
1.130973129371267e+00	-4.965878384047775e-01	3082
1.033557326728322e+00	-2.648684726253592e-02	3083
-1.178620540973739e-01	5.420905048592617e-01	3084
-1.580935303142639e-01	-4.663473749922677e-01	3085
-1.767409291883370e-01	-7.401053532442324e-02	3086
-1.450751026248009e-01	4.824719980345348e-02	3087
1.010886206358782e+00	2.781547614766900e-03	3088
1.012534157477712e+00	5.237731442990395e-03	3089
-1.832151058398447e-01	9.600469727027326e-02	3090
-1.843862552291478e-01	-9.691984613813180e-02	3091
-1.957160325476913e-01	1.525221045684311e-01	3092
-1.219531606274999e-01	3.465386500911142e-02	3093
1.014678430883547e+00	8.167150395295086e-03	3094
-1.173668908451629e-01	-1.899684844248745e-02	3095
1.038320479199549e+00	3.117101765999448e-02	3096
1.006007389491396e+00	1.465366930950501e-03	3097
1.006633450459617e+00	2.328547303713398e-03	3098
-1.907474166146985e-01	-1.201100202984631e-01	3099
-1.960187449050083e-01	-1.493734845769077e-01	3100
-2.022547689283639e-01	2.144093175836690e-01	3101
-1.756287360507031e-01	7.397214896582276e-02	3102
1.695777178757228e-01	8.131147824339490e-01	3103
-2.041270681245119e-01	-2.138252969009793e-01	3104
1.127246604397086e+00	1.226586564559427e-01	3105
1.131156693309083e+00	-1.376980748118665e-01	3106
1.138721463180688e+00	1.553758089505742e-01	3107
1.140308026232591e+00	-1.657926578978695e-01	3108
1.148650222931048e+00	1.919467895629290e-01	3109
1.148959543627731e+00	-2.012812081398149e-01	3110
1.157362363908513e+00	2.336478016406528e-01	3111
1.156177892020498e+00	-2.447046947846560e-01	3112
1.163051925271684e+00	2.838495506137683e-01	3113
1.163772232362779e+00	3.392227278342514e-01	3114
1.159200072300192e+00	3.935629881012544e-01	3115
1.147297735057391e+00	4.524514097564790e-01	3116
1.130798561737480e+00	5.109161446726523e-01	3117
1.103504509492048e+00	5.748794835220913e-01	3118
1.071738632955519e+00	6.378139773415675e-01	3119
1.027936590662957e+00	6.971114015329011e-01	3120
9.670738086466265e-01	7.570453790419497e-01	3121
-1.964883571774862e-01	3.165933222985096e-01	3122
-2.008841311177888e-01	2.797269579678311e-01	3123
-2.022876014608098e-01	2.483188218143219e-01	3124
8.845312036941766e-01	8.148103176553068e-01	3125
7.818920210609049e-01	8.641405898593716e-01	3126
6.668421857671460e-01	8.964477824285246e-01	3127
5.584334353242741e-01	9.070246541261268e-01	3128
1.121455892632046e+00	-1.121651492911213e-01	3129
1.086643963915660e+00	-7.254758015443878e-02	3130
1.111116277958272e+00	-9.032589813586499e-02	3131
1.115654452646110e+00	9.618051078224589e-02	3132
-6.648713806240043e-02	-6.206051722731385e-01	3133
-2.042143064929482e-02	-6.758709662448195e-01	3134
3.466189147994866e-02	-7.261185227387917e-01	3135
1.049969982081909e+00	3.412348252454429e-02	3136
9.598213724023104e-01	-8.843259748439681e-01	3137
1.006497839285239e+00	-6.728084033044920e-04	3138
1.017163803056224e+00	-9.292689381520169e-03	3139
-1.771210729815166e-01	-5.737235599240911e-01	3140
-7.200317035327504e-02	7.337634910247752e-01	3141
1.024709674876015e+00	1.745799079429760e-02	3142
1.176748927210743e+00	-5.495301043488394e-01	3143
1.121087951967031e+00	-6.876755431522449e-01	3144
1.034652860262492e+00	-2.070363964501026e-02	3145
-1.366963721488347e-01	-2.563801773259234e-02	3146
-1.173487637836328e-01	1.450794319934065e-02	3147
-1.225259213522422e-01	6.663351025246705e-01	3148
-5.567717233480778e-03	8.022594626799369e-01	3149
2.755105945294638e-01	9.681177261735069e-01	3150
1.067901905911231e+00	5.326003111286075e-02	3151
3.725334764707537e-01	-9.963263748316522e-01	3152
2.598060387118958e-01	-9.636415385155495e-01	3153
-2.439513600622618e-01	-2.706261862123991e-01	3154
1.014486899090477e+00	6.016391678038446e-03	3155
1.023557531991699e+00	-1.686775171729146e-02	3156
-2.390545515181805e-01	3.451804009728597e-01	3157
7.855048925669186e-01	-9.794440564947137e-01	3158
1.014370533247752e+00	-6.248928508488726e-03	3159
1.022168469187495e+00	1.973810581774044e-02	3160
-1.869678908110496e-01	5.477914662092054e-01	3161
1.044181480741337e+00	-2.983269492573517e-02	3162
-2.433535961351569e-01	-3.143808958215577e-01	3163
-2.364199410181650e-01	-1.922861665123545e-01	3164
1.017342164504992e+00	9.012173594454191e-03	3165
-1.690680802962131e-01	-5.073356195491173e-02	3166
-2.067636570250830e-01	4.967571364758911e-01	3167
1.108220148996161e+00	7.828180587068419e-02	3168
1.192580496283799e+00	-4.953906676593993e-01	3169
1.204584674266391e+00	-4.249342638826052e-01	3170
1.154150148379129e+00	1.315232737335964e-01	3171
-2.354986866730899e-01	1.954795667283754e-01	3172
3.865271275843975e-01	1.000228562191444e+00	3173
1.066571766123401e+00	-5.410227445947934e-02	3174
1.081223317861981e+00	-6.246420585438077e-02	3175
1.170895880257332e-02	-8.212518473743742e-01	3176
-2.403439967720536e-01	-3.590759869879674e-01	3177
1.154769505729617e+00	-6.163791822694006e-01	3178
5.033656351636397e-01	1.016445251206367e+00	3179
8.805126359686331e-01	-9.367898458472816e-01	3180
1.009909145393995e+00	-2.438241314322576e-03	3181
1.012370774670581e+00	-3.911101577989733e-03	3182
1.050797897080835e+00	-3.775113701893281e-02	3183
1.055281499020934e+00	-4.118661903849697e-02	3184
1.632251030184138e-01	-9.229047909067225e-01	3185
1.021010751987042e+00	1.216273688060333e-02	3186
1.006095838715725e+00	-4.579317862813164e-05	3187
-1.404825320674511e-01	3.562147097960167e-02	3188
7.868538705877368e-02	8.682857953648034e-01	3189
-2.194742295244539e-01	-4.627537004903843e-01	3190
-2.215631562650986e-01	4.444348960319883e-01	3191
8.240855273804475e-02	-8.753285949757770e-01	3192
6.552656148073630e-01	-1.006607473675379e+00	3193
-2.015359507707552e-01	-5.179894815948956e-01	3194
1.009951676793670e+00	2.282266923275043e-03	3195
1.044793280652526e+00	2.910192994745647e-02	3196
1.007825995250675e+00	-2.254540833108181e-03	3197
1.007115982220057e+00	-1.411993125625290e-03	3198
1.026356587965856e+00	-1.915500468008813e-02	3199
1.205292844343081e+00	-3.555893151170447e-01	3200
1.200223831734506e+00	-3.155853352236082e-01	3201
-2.317150750942569e-01	3.940617175470018e-01	3202
-2.332440943655514e-01	-4.116671865232641e-01	3203
1.026455071325743e+00	-8.244468744607579e-01	3204
5.099189175923986e-01	-1.011884304261282e+00	3205
1.083281350242285e+00	6.236063722927710e-02	3206
1.080909579602961e+00	-7.589512653708570e-01	3207
-1.592377557351974e-01	6.055433602015129e-01	3208
-2.293781767074511e-01	-1.594217023111816e-01	3209
1.012441662415054e+00	3.712717367527141e-03	3210
-1.680462730431795e-01	5.128312833384815e-02	3211
-2.043337041371268e-01	-7.747723227201669e-02	3212
-2.127099800706424e-01	1.007961467419264e-01	3213
-2.293234779138573e-01	1.635299158197794e-01	3214
-1.260102344258602e-01	-1.359921845789927e-03	3215
1.040395219368778e+00	2.500166543400848e-02	3216
1.039982184407956e+00	-2.574462837910756e-02	3217
1.006508318634574e+00	5.745141610113410e-04	3218
1.007139202991658e+00	1.303551707885852e-03	3219
1.007864137764522e+00	2.134493862067439e-03	3220
-2.136558590021185e-01	-1.012985834939293e-01	3221
-2.219412970789263e-01	-1.295320106513246e-01	3222
-2.216752851718128e-01	1.313150586187655e-01	3223
-2.031037416158105e-01	7.676372457037844e-02	3224
1.745725874727253e-01	9.258302119761150e-01	3225
-2.414198453522488e-01	-2.320903977787412e-01	3226
1.158386852017245e+00	-1.444065819233943e-01	3227
1.168813719374785e+00	1.667506714336070e-01	3228
1.170975651432908e+00	-1.771622086981380e-01	3229
1.182665618369525e+00	2.064723752761689e-01	3230
1.183556986570891e+00	-2.178973610741512e-01	3231
1.194886479791210e+00	2.546527945197754e-01	3232
1.193629987568960e+00	-2.652757025152337e-01	3233
1.203874273783684e+00	3.108080721881943e-01	3234
1.207005087544307e+00	3.699981024603813e-01	3235
1.203815076555915e+00	4.329541868218961e-01	3236
1.194365324951987e+00	4.969683387613839e-01	3237
1.175535892350846e+00	5.674119527978293e-01	3238
1.150330719151174e+00	6.375026191087818e-01	3239
1.111408395731720e+00	7.123577301472340e-01	3240
1.061142651962945e+00	7.907683978398842e-01	3241
-2.396810673502728e-01	2.313271135156285e-01	3242
-2.415740870066544e-01	3.033254440490497e-01	3243
-2.419941014674555e-01	2.658574900846909e-01	3244
9.831577527162390e-01	8.663935188787723e-01	3245
8.801802427626266e-01	9.347410960686339e-01	3246
7.555932204385728e-01	9.870791005119601e-01	3247
6.247241341639440e-01	1.013785402292964e+00	3248
1.145700248991508e+00	-1.175958103717654e-01	3249
1.103729526284522e+00	-7.391642506757094e-02	3250
1.132709492458129e+00	-9.350358366205042e-02	3251
1.138919583147386e+00	1.017220518941728e-01	3252
-1.450722637685932e-01	-6.362177073859653e-01	3253
-1.028578197853215e-01	-6.976473571071817e-01	3254
-4.985156449526552e-02	-7.633290455094679e-01	3255
-2.846749539427632e-01	-2.485235865502425e-01	3256
-2.759835204971821e-01	2.089235117691460e-01	3257
5.872118730780064e-01	-1.134084718869107e+00	3258
1.063644483936863e+00	-9.328774150878231e-01	3259
-1.034406828320142e-01	8.316608117548123e-01	3260
-2.902048494883360e-01	-3.924950672191520e-01	3261
-2.378990048573094e-01	6.081500954384987e-01	3262
4.291000061936482e-01	1.130500626036854e+00	3263
1.056326846215550e+00	4.040316132029396e-02	3264
1.009098505440860e+00	-1.796723906748170e-03	3265
1.012466903241116e+00	-2.046620895409362e-03	3266
1.064608352242046e+00	-4.417929388909980e-02	3267
-1.435478792320642e-02	-9.285261475734715e-01	3268
2.832171130266239e-01	-1.093698524311033e+00	3269
4.274284628643306e-01	-1.126308774253262e+00	3270
1.024932112319658e+00	-1.335614870817653e-02	3271
-2.067724609108630e-01	6.762155957536914e-01	3272
-8.402999298184900e-02	-8.612569613700801e-01	3273
1.020067139222548e+00	1.034530123709526e-02	3274
1.019858458321756e+00	-1.067368751439365e-02	3275
1.818071814212994e-01	1.052764237960014e+00	3276
1.016615090509385e+00	-7.172748830683836e-03	3277
-1.611677941022479e-01	3.517196979139223e-02	3278
-1.943362208533405e-01	-5.327486607239143e-02	3279
-2.887023898665355e-01	3.272492319234356e-01	3280
1.028923214982972e+00	1.581500900328910e-02	3281
-2.352880552021764e-01	-7.904368028742612e-02	3282
1.065782616234288e+00	4.274191142485304e-02	3283
-2.676704016714902e-01	-1.683289002429564e-01	3284
-2.677126226399876e-01	1.726661237068893e-01	3285
2.990685676791011e-01	1.098488051968408e+00	3286
-2.516780395660338e-01	-5.730889199842432e-01	3287
1.185051801607897e+00	1.392366882131429e-01	3288
1.174009641310867e+00	-7.645648160617025e-01	3289
5.678902042043901e-01	1.140134017322352e+00	3290
-2.770997154329971e-01	-2.073136091545324e-01	3291
1.129403398532511e+00	8.112935097265993e-02	3292
1.672079134093447e-01	-1.048298256037633e+00	3293
-2.273183661913357e-01	-6.388505545802661e-01	3294
1.095192607199500e+00	-6.146673485953397e-02	3295
9.830109906805502e-01	-1.005553756934215e+00	3296
-2.432640325771003e-02	9.143277983987907e-01	3297
1.232018330358312e+00	-6.048113314688837e-01	3298
1.035413547008192e+00	2.003108913063919e-02	3299
-1.645743260648503e-01	7.511699682983314e-01	3300
1.079376847772773e+00	5.410458642753500e-02	3301
1.016751069701886e+00	6.899938880199903e-03	3302
1.024635605846103e+00	1.355717991293796e-02	3303
1.030285529230080e+00	-1.708849625414782e-02	3304
1.027318382044350e+00	-1.512646731220398e-02	3305
-2.873816519578673e-01	3.775494885101844e-01	3306
7.459609982066391e-01	-1.115190154796507e+00	3307
1.014232885323579e+00	-4.596099425130907e-03	3308
1.046297700357677e+00	-2.346833575063824e-02	3309
-2.894460660895954e-01	-2.930490260054610e-01	3310
-2.585270079702676e-01	5.464551521532922e-01	3311
1.246029026338368e+00	-5.404478348330096e-01	3312
1.255336475215503e+00	-4.698751082870884e-01	3313
1.077946124723732e+00	-5.513471630166379e-02	3314
-2.911646578768853e-01	-3.399696563594624e-01	3315
1.206998003084284e+00	-6.847218773374714e-01	3316
8.823964131597510e-01	-1.068039652078034e+00	3317
1.012503163446556e+00	1.845764142816254e-03	3318
6.844608324953605e-02	-9.914379056955588e-01	3319
-1.338935274158354e-01	1.647364073634074e-02	3320
7.241268103184048e-02	9.892488307113356e-01	3321
-2.826041668337939e-01	-4.522902129644532e-01	3322
-2.735540309550167e-01	4.876200822914856e-01	3323
-2.708497432323620e-01	-5.098870905987021e-01	3324
1.046698897469613e+00	2.264173978382784e-02	3325
1.052081385568235e+00	2.675758600690241e-02	3326
1.008339257202072e+00	-1.101905504569563e-03	3327
1.255942636283883e+00	-3.908746729429468e-01	3328
-2.821830675956299e-01	4.306163510168548e-01	3329
1.099921699814737e+00	6.263099291419848e-02	3330
1.123448541310046e+00	-8.497538188318066e-01	3331
-1.469173919316996e-01	-6.644312853605516e-03	3332
1.014317710486112e+00	4.364697239020008e-03	3333
-1.646088478995671e-01	-2.284253078100466e-02	3334
-1.929424279653860e-01	5.321031246419591e-02	3335
-2.576723158186754e-01	1.397392216536970e-01	3336
1.040924547513713e+00	-1.942190481270117e-02	3337
1.007493476524103e+00	2.019070344474476e-05	3338
1.008357494837878e+00	9.726542391247054e-04	3339
1.009129218185969e+00	1.654570407642613e-03	3340
-2.574414645222098e-01	-1.365050871416411e-01	3341
-2.470464839709155e-01	-1.067734236748368e-01	3342
-2.465453440724930e-01	1.073718784339172e-01	3343
-2.341122386309919e-01	7.824324831496339e-02	3344
1.203866680961639e+00	1.766823160314361e-01	3345
1.189734878800073e+00	-1.512039774626119e-01	3346
1.206906470889779e+00	-1.884344507985367e-01	3347
1.222073497819230e+00	2.219601440347252e-01	3348
1.247789882150464e+00	-3.299432685400168e-01	3349
1.223316735317238e+00	-2.342615551194958e-01	3350
1.238861266463802e+00	2.762148571087403e-01	3351
1.237345553279393e+00	-2.851928760739154e-01	3352
1.250954927860777e+00	3.377768714094596e-01	3353
1.257267858932492e+00	4.038449296862294e-01	3354
1.256743243909352e+00	4.731761771192901e-01	3355
1.247405369649761e+00	5.485242803302454e-01	3356
1.230373572402437e+00	6.262875012259891e-01	3357
1.200578761960217e+00	7.106631799521206e-01	3358
1.159379842338420e+00	7.977448635170865e-01	3359
-2.826727041063304e-01	2.458129192466726e-01	3360
-2.876097547475955e-01	2.851494212474272e-01	3361
1.093428426706407e+00	9.010076333765237e-01	3362
9.945705774139528e-01	9.936373176553578e-01	3363
8.655978912507555e-01	1.071609019621985e+00	3364
7.163044744714961e-01	1.122747906057984e+00	3365
1.173375097186238e+00	-1.209500057405638e-01	3366
1.123260957772607e+00	-7.531857309128678e-02	3367
1.157243192696997e+00	-9.586170196002482e-02	3368
1.166069129974143e+00	1.065669792547378e-01	3369
-1.909341688583075e-01	-7.128695740569940e-01	3370
-1.442654290876487e-01	-7.852216181237838e-01	3371
5.007131830181909e-01	-1.268153352276884e+00	3372
-1.377654762937601e-01	9.447244837206282e-01	3373
-3.462277099044442e-01	-3.671728082530004e-01	3374
1.059445778315052e+00	3.254323243266161e-02	3375
1.051473322033660e+00	-2.871010374720540e-02	3376
-4.191024555438286e-02	-1.050745386552399e+00	3377
5.748466101106386e-02	-1.124730049549227e+00	3378
1.176947592252270e+00	-9.514213921132946e-01	3379
1.000611768609845e+00	-1.146100988926253e+00	3380
-2.106471012183231e-01	8.503879121169123e-01	3381
1.010370383201115e+00	8.804736312729025e-04	3382
-1.536849222593815e-01	1.773428312061788e-02	3383
1.244317459156860e+00	1.865669855243331e-01	3384
3.330266122892737e-01	1.245020827989578e+00	3385
-1.913592895270335e-01	-8.843734698276478e-01	3386
6.707314269388052e-02	1.126286816057655e+00	3387
1.076607262456191e+00	4.604787166837104e-02	3388
1.112914481338374e+00	-5.953895691944612e-02	3389
6.831890348577520e-01	-1.262988041846732e+00	3390
1.028491113674751e+00	1.142827689801422e-02	3391
-2.614224235139957e-01	7.568852894689350e-01	3392
1.014065651489327e+00	-2.805396707882974e-03	3393
1.036084508404268e+00	-1.533683584345965e-02	3394
1.270227394356669e+00	-7.576613370220939e-01	3395
-3.460449403802560e-01	-4.299002319048276e-01	3396
1.102555194841552e+00	-1.057143883929778e+00	3397
1.016371432805983e+00	-5.250357986460841e-03	3398
-3.186463672300340e-01	6.011600323570173e-01	3399
1.010352843922833e+00	-1.044789621591655e-03	3400
-3.220434866112168e-01	2.196425026365537e-01	3401
1.092101955338272e+00	5.313921086436523e-02	3402
-1.841982319356703e-01	-2.640115145856137e-02	3403
1.016469922855830e+00	4.980382687542815e-03	3404
-2.223960731802502e-01	-5.306308375989054e-02	3405
1.226164661768523e+00	-1.570395945911485e-01	3406
4.899926240590803e-01	1.273360895725820e+00	3407
6.594236823894249e-01	1.269780654812990e+00	3408
1.119039954796197e+00	6.362687684278170e-02	3409
-1.230300336269867e-01	-9.713514353133519e-01	3410
-3.431205028121062e-01	4.099411984556285e-01	3411
-3.235511339085802e-01	-2.200038979782592e-01	3412
-2.946919823323592e-01	6.756645607422587e-01	3413
1.062539327074452e+00	-3.466193875747759e-02	3414
1.012484991698051e+00	-1.005912401756047e-04	3415
1.783813875191463e-01	-1.190774360320649e+00	3416
3.258832344531324e-01	-1.240553951393819e+00	3417
1.023827039088929e+00	-9.315390397701431e-03	3418
1.019492277875384e+00	-7.636590733045677e-03	3419
1.944850822281544e-01	1.196191101441037e+00	3420
-3.424494719124226e-01	3.539358663562385e-01	3421
-2.210780197272514e-01	5.237349029166347e-02	3422
1.229481456441695e+00	-8.551541139328090e-01	3423
-3.109520111218142e-01	-1.784222192368568e-01	3424
-3.112036546967444e-01	1.818122119358613e-01	3425
1.153794766107292e+00	8.355437822652299e-02	3426
-3.113727962464781e-01	-6.325335552564642e-01	3427
-4.453409367676394e-02	1.041743186793321e+00	3428
1.294351072006444e+00	-6.682696043270330e-01	3429
1.019639270901505e+00	7.310551700497579e-03	3430
1.031005688303624e+00	-1.278257653394817e-02	3431
1.028294311031351e+00	-1.132221025653142e-02	3432
1.041612131011403e+00	1.864239114566575e-02	3433
1.047130886333778e+00	-1.678633585559185e-02	3434
1.309247978517838e+00	-5.879736057906577e-01	3435
1.315431844934984e+00	-5.137485294431082e-01	3436
1.075337986451790e+00	-4.720755760743773e-02	3437
-3.340776345065957e-01	-2.656757692849960e-01	3438
-3.384672417970949e-01	3.049506418931585e-01	3439
8.587793927450841e-01	-1.220402535263877e+00	3440
1.014116458921167e+00	2.576081594876510e-03	3441
-3.306786252049057e-01	-5.624757033539594e-01	3442
-3.322949469833229e-01	5.341943612485283e-01	3443
-3.409078679991052e-01	-4.941194439278904e-01	3444
1.053379728341702e+00	1.947148030807697e-02	3445
1.313395242723564e+00	-4.308876221821339e-01	3446
-3.407516744286321e-01	4.688389015709359e-01	3447
-1.688216499712723e-01	-3.490478927870597e-04	3448
-1.848523707690577e-01	3.451160672826696e-02	3449
-2.983165082552195e-01	1.453173301730190e-01	3450
-2.704559151598732e-01	-8.043542077568697e-02	3451
1.009387440701094e+00	-2.104310484463117e-05	3452
-2.976332305355438e-01	-1.410777797155794e-01	3453
-2.845667080371405e-01	1.123476634337795e-01	3454
-2.844346218988676e-01	-1.103298839806427e-01	3455
-2.696172802001517e-01	8.024678454710689e-02	3456
1.220594399366534e+00	1.447091490473816e-01	3457
1.248164287937976e+00	-1.995753543400906e-01	3458
1.268104317954761e+00	2.372508232089995e-01	3459
1.287009827925870e+00	-2.972594842601967e-01	3460
1.269400465651288e+00	-2.490324717883843e-01	3461
1.289287946362110e+00	2.980623793813117e-01	3462
1.302527725714766e+00	-3.537160487551737e-01	3463
1.305849990028688e+00	3.656179964346462e-01	3464
1.315831292680686e+00	4.386746985594803e-01	3465
1.317213072292808e+00	5.185969351359163e-01	3466
1.310349829954323e+00	6.026799250156375e-01	3467
1.291421187290526e+00	6.948418350407475e-01	3468
1.260524809085460e+00	7.917598338093683e-01	3469
-3.316843956902518e-01	2.596877746536962e-01	3470
-3.412931381750237e-01	-3.145713094422771e-01	3471
1.209794373861561e+00	9.018488357484953e-01	3472
1.124989592756749e+00	1.032511621984246e+00	3473
9.971552159084580e-01	1.141610012169594e+00	3474
8.362657340349530e-01	1.226008725712491e+00	3475
1.204932800978991e+00	-1.234876835117407e-01	3476
1.145519459697801e+00	-7.569753940891844e-02	3477
1.184944435514708e+00	-9.582959176235009e-02	3478
1.197180199247466e+00	1.102474860347724e-01	3479
-2.843732641406661e-01	-7.127896507542530e-01	3480
-2.434161249984504e-01	-7.979007293581334e-01	3481
3.898684493074668e-01	-1.403693974204292e+00	3482
1.047582356977068e+00	1.576098226722390e-02	3483
-4.080835033839734e-01	-3.986540352805591e-01	3484
9.976000329448482e-01	-1.312722786476039e+00	3485
-4.077095727857213e-01	4.422070568004806e-01	3486
1.014133093604813e+00	-9.474420388237986e-04	3487
1.133132910241023e+00	-5.846021401324358e-02	3488
2.162460828440032e-01	1.358321813119204e+00	3489
5.790447121141732e-01	1.426074540182134e+00	3490
3.856298050754641e-01	1.408350616454862e+00	3491
1.181849395026909e+00	8.469629988235128e-02	3492
1.060638491165342e+00	-2.497542549572128e-02	3493
-3.612033892929597e-01	7.507742375923500e-01	3494
-3.047181937102463e-01	-8.937010704603305e-01	3495
1.072017711741885e+00	3.408836561101459e-02	3496
5.964858733153414e-01	-1.419845192171427e+00	3497
1.235140088329555e+00	-1.071514616078290e+00	3498
1.024915043019206e+00	9.510429592531134e-03	3499
1.032717044788994e+00	1.323381649044613e-02	3500
1.296677505955030e+00	-9.543721446241159e-01	3501
-3.598847630177950e-01	1.883424597261487e-01	3502
1.141116317269983e+00	6.389707395859394e-02	3503
-3.967365070656936e-01	3.249560418978119e-01	3504
1.022699355513498e+00	-5.799840514915501e-03	3505
1.035514854320978e+00	-1.015710189837621e-02	3506
-3.271514959160682e-01	1.139101415508424e-01	3507
-4.007727097135779e-01	5.832902038540647e-01	3508
1.053332964966762e+00	-2.116487251817933e-02	3509
-3.741175894016725e-01	2.283286437425942e-01	3510
1.106212680437914e+00	4.945229104003922e-02	3511
-1.954389278617688e-01	-2.170652803815660e-03	3512
-3.600876315553132e-01	-1.861675706987077e-01	3513
1.037424884348332e+00	1.451170022596157e-02	3514
-2.109060212765020e-01	-2.947038195688741e-02	3515
1.291297412572868e+00	1.952569055328955e-01	3516
7.859390683918530e-01	1.397178253253029e+00	3517
-4.086047321986305e-01	-5.391401898881021e-01	3518
1.087186819236643e+00	-4.770484681843880e-02	3519
-4.109882049165283e-01	-4.673525468462366e-01	3520
-1.749670459189291e-01	1.074854327984303e+00	3521
-2.546768896253796e-01	-5.081697588892156e-02	3522
1.102629620263284e+00	-4.721174340486434e-02	3523
1.041862982990962e+00	-1.327530986364716e-02	3524
-6.905904587612326e-02	-1.191061793402218e+00	3525
-2.601811584017312e-01	9.647931456070622e-01	3526
-4.067196589180159e-01	5.108132077130172e-01	3527
-1.655256910974894e-01	-1.095949297768576e+00	3528
6.548855957537869e-02	1.282178974437032e+00	3529
-3.225364876765310e-01	8.512240495670648e-01	3530
1.016207701519686e+00	3.246998985893590e-03	3531
1.339895779238255e+00	-8.441083258761002e-01	3532
1.139542206943369e+00	-1.202432847594567e+00	3533
1.016142739247314e+00	-3.513781763896284e-03	3534
-3.861430320258078e-01	6.643006978398055e-01	3535
1.018943481844786e+00	5.599958648294423e-03	3536
1.241174713272315e+00	-1.241141374261494e-01	3537
-2.446447383957483e-01	-9.965741548470338e-01	3538
-3.898068535159112e-01	-2.823695434375633e-01	3539
5.234835967059801e-02	-1.277971560698146e+00	3540
2.057637355493220e-01	-1.353386482187046e+00	3541
1.018830781309104e+00	-5.914824627456526e-03	3542
-4.034196406039898e-01	3.813350098189372e-01	3543
-3.975281214541379e-01	-6.185402983261779e-01	3544
-6.548105618271925e-02	1.186768316562018e+00	3545
1.367977499697987e+00	-7.361633098887411e-01	3546
1.022660148652435e+00	8.435404563965869e-03	3547
1.031507548034642e+00	-8.609108503352779e-03	3548
1.027467221760485e+00	-7.197760052246376e-03	3549
1.381084532705136e+00	-6.428927392281616e-01	3550
1.385790056208405e+00	-5.570335527076598e-01	3551
1.072543373040192e+00	-3.697815835828289e-02	3552
8.073816713389385e-01	-1.391130315093472e+00	3553
1.014148777540439e+00	7.165921130691243e-04	3554
1.060076539484585e+00	2.408213145560031e-02	3555
1.380374770956084e+00	-4.707615056215351e-01	3556
-2.116003186778277e-01	3.395627523395334e-02	3557
-1.763853144087008e-01	2.008681886762892e-02	3558
-3.442262670017359e-01	1.496206126355728e-01	3559
-3.433209058612243e-01	-1.457691844396694e-01	3560
-2.538471822533110e-01	5.018304903754092e-02	3561
-3.262789955930748e-01	-1.105209978257153e-01	3562
-3.095363032868453e-01	8.113358914306133e-02	3563
-3.097512510449944e-01	-8.023099390030330e-02	3564
1.261338968443180e+00	1.491214456506219e-01	3565
1.267988303689464e+00	-1.624344861454427e-01	3566
1.320758525327852e+00	-2.576780719326304e-01	3567
1.295685047101321e+00	-2.085334886446500e-01	3568
1.320900650688043e+00	2.527418185046188e-01	3569
1.344206416136848e+00	-3.119792877499858e-01	3570
1.347821733740384e+00	3.192735538593894e-01	3571
1.365214289010403e+00	-3.843198374058112e-01	3572
1.369366832409276e+00	3.938774461940288e-01	3573
1.382897795383332e+00	4.771837579713842e-01	3574
1.387979353743946e+00	5.663486430674826e-01	3575
1.381518834145501e+00	6.649202870015778e-01	3576
1.363131014033728e+00	7.706108173176016e-01	3577
-3.866811586442567e-01	2.746416161396601e-01	3578
-3.763621173958716e-01	-2.318145525740833e-01	3579
-4.008462170026438e-01	-3.354532058310017e-01	3580
1.327267229360473e+00	8.886299498228710e-01	3581
1.261594612154340e+00	1.027464503889409e+00	3582
1.142387317057135e+00	1.181119060443322e+00	3583
9.854550103741400e-01	1.312640202114046e+00	3584
1.170218551724172e+00	-7.469364558914797e-02	3585
1.216251381886838e+00	-9.431367788438780e-02	3586
1.232609618259030e+00	1.112408252840619e-01	3587
-3.797373843239298e-01	-7.001632070373257e-01	3588
-3.478413235175372e-01	-7.957126068031172e-01	3589
1.042705173157388e+00	1.256684554820076e-02	3590
1.016092535395643e+00	1.681618206612191e-03	3591
7.135576238099657e-02	1.459922986486740e+00	3592
1.086421488336240e+00	3.791338497718101e-02	3593
1.162806852927313e+00	-1.378810430277247e+00	3594
1.025982201690297e+00	-3.448241879047100e-03	3595
4.801233544516626e-01	-1.581446367550837e+00	3596
-3.945140113744019e-01	-1.481450997058243e-01	3597
-2.909231672213003e-01	4.556627675556542e-02	3598
-3.538996919664451e-01	7.837540478331842e-02	3599
1.120502928603398e+00	-4.394299232112835e-02	3600
1.166219791566299e+00	6.307031856672621e-02	3601
7.073551963544934e-01	1.581903845828863e+00	3602
-2.147491468461639e-01	1.224393325916529e+00	3603
-4.735377340196034e-01	4.071301900413269e-01	3604
2.547145675208335e-01	-1.536944160625159e+00	3605
-4.631587204315071e-01	7.337071930175407e-01	3606
-4.859079910113168e-01	-5.057312480793877e-01	3607
1.155708140634783e+00	-5.595291962649550e-02	3608
-3.044229014979626e-01	-1.125412597164106e+00	3609
9.660398822269021e-01	-1.505743369581252e+00	3610
-4.793583864210162e-01	-4.300022581812403e-01	3611
-3.749329573346182e-01	1.129873375171896e-01	3612
1.069690579972885e+00	-2.772378226899160e-02	3613
-3.742168492409028e-01	-1.003294209444789e+00	3614
1.067937179174600e+00	2.894155429246244e-02	3615
-2.408730008573254e-01	-2.944797655926273e-02	3616
-4.685216875165653e-01	-3.596655673631391e-01	3617
1.282682842549351e+00	-1.236870873954779e-01	3618
1.308256153428405e+00	1.512647788144676e-01	3619
1.348393902325440e+00	-2.126863062165624e-01	3620
1.213312725981591e+00	8.407599095870520e-02	3621
1.381881076470407e+00	2.665328826649490e-01	3622
9.516200189694481e-01	1.507720222765440e+00	3623
1.053926834713403e+00	1.221990497858299e-02	3624
-4.810820899946662e-01	4.777664124468428e-01	3625
2.552827738378672e-01	1.541328673943071e+00	3626
4.678170937372050e-01	1.586998256376096e+00	3627
1.294684245001554e+00	-1.215456566893527e+00	3628
1.372948479048667e+00	-1.069263555105273e+00	3629
-3.953600808099648e-01	1.514741887287537e-01	3630
1.095996637151994e+00	3.927083214438472e-02	3631
-4.785298230762436e-01	6.394561055307485e-01	3632
1.060356005620734e+00	-1.664106320772889e-02	3633
1.053955393857263e+00	-1.371696054070210e-02	3634
1.126915508471951e+00	4.698571963356502e-02	3635
-2.246953666046251e-01	3.163494001093364e-03	3636
-4.145093573296684e-01	1.914563556830292e-01	3637
-4.156773904942146e-01	-1.920130615305541e-01	3638
1.036238376804439e+00	9.549850296874260e-03	3639
1.083935525389009e+00	-3.935654768838984e-02	3640
-4.367541132650032e-01	8.380195559362161e-01	3641
-2.415946212978685e-01	3.008276167739202e-02	3642
1.047655883078196e+00	-1.030531904127180e-02	3643
1.040833765792948e+00	-7.369386342352594e-03	3644
-2.115976480231133e-01	-1.239264666070847e+00	3645
-3.131704922732915e-01	1.094671623654551e+00	3646
-4.831183181701516e-01	5.538006425699987e-01	3647
-3.893066180494086e-01	9.624547878819271e-01	3648
1.018582034961315e+00	3.775607845426270e-03	3649
1.420942079788119e+00	-9.395437165401068e-01	3650
1.016057702284890e+00	-1.947460144218563e-03	3651
-4.356600458464007e-01	-2.430550276922132e-01	3652
-4.491416387277316e-01	2.883977501256416e-01	3653
-9.308239631092365e-02	-1.353055362413659e+00	3654
6.057301889373428e-02	-1.455318739078877e+00	3655
1.018505046874875e+00	-4.085522362340318e-03	3656
-4.844905186681512e-01	-5.901650360211841e-01	3657
-4.227265643873825e-01	-8.871575604238591e-01	3658
-8.496133026376772e-02	1.352573340774457e+00	3659
1.451283876716989e+00	-8.155302361197468e-01	3660
1.035042858904307e+00	-5.432094799760506e-03	3661
1.032160611754270e+00	8.678459361398787e-03	3662
1.030715474446039e+00	-4.399666389811801e-03	3663
1.028357101462295e+00	7.380699330869609e-03	3664
1.464935316133067e+00	-7.022994054583617e-01	3665
1.345248648275837e+00	2.036253895717720e-01	3666
1.466056690372600e+00	-6.045457557366667e-01	3667
1.094549453913705e+00	-3.547216331517706e-02	3668
7.253420897054554e-01	-1.575862791812481e+00	3669
1.016091074107170e+00	-1.331579216998117e-04	3670
1.060815917743993e+00	1.582395094911186e-02	3671
-2.002367762222825e-01	1.571719194640237e-02	3672
-3.736006570569083e-01	-1.093328898232442e-01	3673
-2.909057481385965e-01	-4.768480883741651e-02	3674
-3.532325901802535e-01	-7.611545472211093e-02	3675
1.315890211647937e+00	-1.651066532557779e-01	3676
1.379582020605372e+00	-2.645749049687071e-01	3677
1.410274780178743e+00	-3.320960335629030e-01	3678
1.415264084158455e+00	3.399379122267128e-01	3679
1.438053499012155e+00	-4.161726380232382e-01	3680
1.442094026348288e+00	4.245228735313927e-01	3681
1.457855730822429e+00	-5.092664387753263e-01	3682
1.460789986201387e+00	5.171455254106332e-01	3683
1.468452275394814e+00	6.207547668653463e-01	3684
1.464604271767575e+00	7.333972718784951e-01	3685
-4.325859211969100e-01	2.373786816238095e-01	3686
-4.533155377095380e-01	-2.967975414886514e-01	3687
-4.638558412315323e-01	3.456929763370656e-01	3688
1.444822493682321e+00	8.593769071698579e-01	3689
1.398518028367709e+00	1.006600882857615e+00	3690
1.303957919932507e+00	1.182430124614214e+00	3691
1.175382298026266e+00	1.377978941167767e+00	3692
1.198136016228706e+00	-7.105373216566513e-02	3693
1.251717316504525e+00	-9.004933289598190e-02	3694
1.272935120580798e+00	1.103428817930395e-01	3695
-4.759666085945758e-01	-6.783625645182277e-01	3696
-4.562192181961645e-01	-7.787792705306957e-01	3697
1.022633308007913e+00	-2.240307020748670e-03	3698
-5.520340084034762e-01	8.121090928443661e-01	3699
1.249211821064230e+00	8.030908564087388e-02	3700
-2.556343584674842e-01	1.812141406248536e-03	3701
-5.201112059852021e-01	3.008121168006612e-01	3702
1.159614994818341e+00	-1.589649509818212e+00	3703
1.140803645910254e+00	-4.023999719414351e-02	3704
8.923467907169133e-02	-1.659402812009076e+00	3705
-4.018246146165648e-01	-6.912883760975524e-02	3706
-9.957649869991249e-02	1.542865394208481e+00	3707
1.068334881238114e+00	2.009562978938169e-02	3708
-2.737587473935270e-01	2.419901367949888e-02	3709
-3.735644490901942e-01	1.243567624800994e+00	3710
1.194620119014789e+00	6.041144355132619e-02	3711
1.407855077875273e+00	-2.123554636670849e-01	3712
6.073312501216747e-01	-1.768897631148032e+00	3713
-4.760705394751949e-01	1.937857018792901e-01	3714
-5.645589706022917e-01	5.137821088079357e-01	3715
-5.662395230720210e-01	7.024549446875221e-01	3716
-5.724705705043156e-01	-6.431659598864552e-01	3717
5.926645707078074e-01	1.774932838838192e+00	3718
3.318171848514563e-01	-1.740819950992058e+00	3719
-5.702040046763234e-01	-5.493530613547360e-01	3720
-5.452302320583973e-01	-3.838133009933238e-01	3721
-5.208528428968051e-01	9.419046540940821e-01	3722
1.018266355288210e+00	-1.078933913918325e-03	3723
1.035086722242383e+00	4.939238244864525e-03	3724
1.033826554333886e+00	-9.698869282245553e-04	3725
1.029042259516029e+00	-5.026640325582810e-04	3726
1.451385257812481e+00	2.789469775902872e-01	3727
-5.385593990974563e-01	3.655196442139249e-01	3728
1.329920354026610e+00	-1.199294498603810e-01	3729
-4.526310984056201e-01	-1.129196045239075e+00	3730
1.152412171213637e+00	1.594315898700367e+00	3731
8.853460124903921e-01	1.725169661050187e+00	3732
1.110331950664902e+00	3.507318677165685e-02	3733
-5.610104109009149e-01	-4.610561027916595e-01	3734
1.021194914225080e+00	-4.550369819929320e-03	3735
9.239292923937899e-02	1.663156582328748e+00	3736
1.068458585328757e+00	-2.052512660041388e-02	3737
-4.521915386088736e-01	1.488545179033657e-01	3738
-3.311165785720300e-01	4.389442420287570e-02	3739
-3.313472444832518e-01	-4.204564653948572e-02	3740
-2.732869998179902e-01	-2.361242128654223e-02	3741
-2.556192867458583e-01	1.396714762516496e+00	3742
-5.533905511450059e-01	4.344940997113641e-01	3743
-4.520746992594288e-01	-1.473650816265780e-01	3744
1.180466684787719e+00	-5.171966150421579e-02	3745
-5.085215028892289e-01	-9.912385002794376e-01	3746
8.986568635836496e-01	-1.721915258314685e+00	3747
-4.280937653878283e-01	1.094332276717991e-01	3748
1.048047243549344e+00	9.059960820217339e-03	3749
1.109203960985887e+00	-3.404850662187472e-02	3750
1.060623695165989e+00	7.784180817120298e-03	3751
3.235525747523221e-01	1.745618453100729e+00	3752
1.346259614248473e+00	-1.392067543697113e+00	3753
1.455316285732277e+00	-1.207488784848366e+00	3754
1.150090749830880e+00	4.459759964912485e-02	3755
1.060107805544742e+00	-8.747092831067149e-03	3756
1.080280254864256e+00	-2.894605710017610e-02	3757
1.053806244088419e+00	-6.492870064203612e-03	3758
1.041541203731406e+00	6.608659579354072e-03	3759
1.046411611749594e+00	-3.827631063310179e-03	3760
-3.688105786000644e-01	-1.272795293906425e+00	3761
-5.703182696817799e-01	6.016868192371942e-01	3762
-4.634345321236621e-01	1.093898911588958e+00	3763
1.021281309871479e+00	4.191099626123788e-03	3764
1.514508306590010e+00	-1.047972073066689e+00	3765
-5.026418165822137e-01	-2.507760232719579e-01	3766
-2.577518453352978e-01	-1.406142311451994e+00	3767
-1.076425249244980e-01	-1.541814779831217e+00	3768
1.546651481895056e+00	-9.046441319038352e-01	3769
1.039430167399789e+00	-1.965459562337225e-03	3770
1.031490396556445e+00	4.407667475196483e-03	3771
1.560876312583495e+00	-7.713707168362932e-01	3772
1.559260193205853e+00	-6.545578156543254e-01	3773
1.018284121109593e+00	7.728923638922391e-04	3774
-4.032101807194393e-01	7.208416975124818e-02	3775
-4.265100259563441e-01	-1.058193436044483e-01	3776
1.369102522242043e+00	-1.637338811980767e-01	3777
1.362118076189171e+00	1.522432685551425e-01	3778
1.447560087758830e+00	-2.744977916191109e-01	3779
1.407291111715386e+00	2.093667835476942e-01	3780
1.487150193846149e+00	-3.534084433518471e-01	3781
1.492469096049299e+00	3.617053815075659e-01	3782
1.521888401325531e+00	-4.470662404528872e-01	3783
1.526107287698682e+00	4.554464811715049e-01	3784
1.546044544342139e+00	-5.497248753558083e-01	3785
1.549573013236952e+00	5.623254728059952e-01	3786
1.562092849541516e+00	6.799520976357356e-01	3787
-4.986307025555964e-01	2.442121419081854e-01	3788
-4.783902519006720e-01	-1.968467536236303e-01	3789
-5.256520274851498e-01	-3.125310304119363e-01	3790
1.560127312236367e+00	8.124860155576359e-01	3791
1.534337731265395e+00	9.678653175458173e-01	3792
1.468015687882179e+00	1.156570791971838e+00	3793
1.364443479194768e+00	1.361320252404029e+00	3794
1.229449929662341e+00	-6.535077743060073e-02	3795
1.292136099213404e+00	-8.400000906191132e-02	3796
1.318886572580333e+00	1.061952171643449e-01	3797
-5.436681152452685e-01	-8.651870686778416e-01	3798
-5.650275237914381e-01	-7.480276519600649e-01	3799
-1.051933032462889e-01	-1.761817187376167e+00	3800
1.175701400231837e+00	4.055029280187078e-02	3801
-2.947724685243968e-01	1.596078077248797e+00	3802
-4.560961587763622e-01	-5.923726194329366e-02	3803
-6.072608325707521e-01	-3.284211144241111e-01	3804
1.131972965778292e+00	2.918545116601423e-02	3805
1.163278974328717e+00	-3.477124626149235e-02	3806
-5.411618159309910e-01	1.243105749464432e+00	3807
-6.600929939969252e-01	5.518986584109996e-01	3808
-6.674926490262953e-01	7.716683870111057e-01	3809
1.025307184657819e+00	1.903167342068345e-04	3810
1.265111558946382e+00	-5.644175315943691e-02	3811
7.754761869424045e-01	1.958534294940462e+00	3812
-3.769943591883018e-01	-3.674222623843974e-02	3813
1.079421826309206e+00	2.566773417503647e-02	3814
1.126145446415438e+00	-2.749714478136148e-02	3815
1.068488900296782e+00	1.131302043387751e-02	3816
4.364115700035816e-01	1.968533464117081e+00	3817
1.052175937015956e+00	5.392438639523127e-04	3818
-6.450591272504532e-01	-9.614390292826535e-01	3819
1.468833699710520e-01	-1.890665833032267e+00	3820
1.045498511373730e+00	2.417033824214597e-03	3821
1.020316397615769e+00	1.472883749934599e-03	3822
-3.707635219133792e-01	8.817264525967170e-04	3823
-3.090532274933747e-01	1.340156755727704e-02	3824
1.531601605763228e+00	2.904008115511257e-01	3825
1.284101524207880e+00	1.531809472108085e+00	3826
1.208082948961922e+00	-4.440084848905474e-02	3827
-6.672392031686181e-01	-5.939421012117957e-01	3828
-6.058442156693401e-01	-1.111058600718333e+00	3829
-6.525198300837061e-01	9.053519829403334e-01	3830
1.476286132463569e+00	-2.124813648570955e-01	3831
-6.655571874385861e-01	-8.269138378962044e-01	3832
1.120149082532823e+00	-1.835182327432922e+00	3833
-1.024611700497171e-01	1.762426438843327e+00	3834
1.099684454295452e+00	2.537365774843237e-02	3835
-4.387647796940939e-01	1.416684466914514e+00	3836
1.226170267549200e+00	5.555222361008429e-02	3837
4.486937699163783e-01	-1.962985259292441e+00	3838
-6.536868412208652e-01	-4.960235817579897e-01	3839
-6.150513801484919e-01	1.064938274269685e+00	3840
1.024800867034330e+00	5.396757404217733e-03	3841
1.027488595068808e+00	3.328551687601435e-03	3842
1.289698993902594e+00	7.401506381115353e-02	3843
1.382547040005359e+00	-1.123799401941757e-01	3844
-6.730172730582376e-01	-7.030110130899682e-01	3845
1.108345467563982e+00	1.840243193758391e+00	3846
-6.435363940769359e-01	4.624126740966265e-01	3847
1.020505365798917e+00	-9.957476006372168e-04	3848
1.412762926478263e-01	1.894127928720900e+00	3849
1.067902713961902e+00	-1.191335265489991e-02	3850
-3.751486176870986e-01	3.532495069681360e-02	3851
-2.996370235734900e-01	-1.132389028751084e-02	3852
-6.327355234953160e-01	-4.061494275547139e-01	3853
-6.236011985684187e-01	3.834617311691791e-01	3854
-5.159515404130651e-01	1.438174012730077e-01	3855
-5.170015314826165e-01	-1.445363584947200e-01	3856
7.869883552542635e-01	-1.954260004882149e+00	3857
-4.867166721748349e-01	1.006876650290246e-01	3858
-4.580301716886320e-01	6.251157896852443e-02	3859
1.100718905675397e+00	-2.258105107719571e-02	3860
1.091973184826945e+00	-2.229255898913281e-02	3861
1.053782588904904e+00	4.801415416349575e-03	3862
1.380300664778190e+00	-1.611133386957429e+00	3863
1.535778213768443e+00	-1.379590003722142e+00	3864
1.077990979328101e+00	-2.258830402040425e-02	3865
1.059293289918266e+00	-1.122994211272983e-03	3866
-5.385130922114926e-01	-1.275727662376521e+00	3867
-6.691321510627790e-01	6.564389998006722e-01	3868
1.618899274636513e+00	-1.177518452274952e+00	3869
-5.482801325713356e-01	-1.978015538344431e-01	3870
-5.730386133510181e-01	2.484394897298101e-01	3871
-4.357087479945317e-01	-1.441620410444905e+00	3872
-2.985687154745989e-01	-1.602481054122793e+00	3873
1.657039650172505e+00	-1.004730392659077e+00	3874
1.670268550558816e+00	-8.504996584089073e-01	3875
1.666419203336053e+00	-7.115531077846784e-01	3876
-4.854906062897592e-01	-9.812874940459443e-02	3877
1.477817044064953e+00	2.131608414999845e-01	3878
1.526578518226632e+00	-2.843320227459745e-01	3879
1.423766260775504e+00	1.496569727215692e-01	3880
1.428289219281059e+00	-1.564155475635305e-01	3881
1.575654196094006e+00	-3.739340568416730e-01	3882
1.581275238213896e+00	3.824274239234794e-01	3883
1.617198351287276e+00	-4.788726637015709e-01	3884
1.621985576835656e+00	4.900807567117896e-01	3885
1.647803563204868e+00	-5.902038368571899e-01	3886
1.652570894064430e+00	6.104774135388956e-01	3887
-5.449039085478283e-01	1.933095080586200e-01	3888
-5.786432564155759e-01	-2.575894758935621e-01	3889
-5.998601557369394e-01	3.131721025387865e-01	3890
1.670162098370403e+00	7.474240264405424e-01	3891
1.666625884228965e+00	9.095109135583807e-01	3892
1.629553522382734e+00	1.106721592710090e+00	3893
1.552806685718688e+00	1.327274644497543e+00	3894
1.337752218632551e+00	-7.396866539975602e-02	3895
1.371492137668844e+00	9.989765112055478e-02	3896
-5.061610831294986e-01	1.619221056571634e+00	3897
-7.688390425686341e-01	5.954182814992135e-01	3898
1.077154487463275e+00	1.587928446565022e-02	3899
-7.659581644859286e-01	1.016691359081209e+00	3900
1.113784438557772e+00	2.057122935671583e-02	3901
-4.223195758764800e-01	-1.765518294288617e-02	3902
1.253495727987710e+00	-1.774356708155988e+00	3903
1.204119466846407e+00	3.413738679611364e-02	3904
1.297159850368704e+00	1.728421633114592e+00	3905
1.023255339847412e+00	8.908592285748688e-04	3906
1.555529266365434e+00	-2.106399344367749e-01	3907
1.261823615933390e+00	4.689756903609452e-02	3908
-3.268556882266562e-01	-1.834266437609997e+00	3909
1.146075203318976e+00	-2.097659792150161e-02	3910
-7.198759062816457e-01	1.213482319038140e+00	3911
1.031244328704684e+00	-2.111054930471504e+00	3912
2.341404026931441e-01	2.152161307837399e+00	3913
-5.153949841957438e-01	-4.495530069405182e-02	3914
1.788692974662562e+00	-7.777419644455755e-01	3915
-6.897863659712709e-01	3.220863283220383e-01	3916
1.623617597706410e+00	2.998256699704505e-01	3917
-7.782213602361171e-01	-6.427763881599527e-01	3918
1.115557573164229e+00	-2.047882521984122e-02	3919
1.782377375568350e+00	-1.123057930446802e+00	3920
-7.829901617821083e-01	8.526771872013963e-01	3921
-4.242943528240113e-01	2.242015726593994e-02	3922
-6.566896114726318e-01	2.518066512721864e-01	3923
2.452071255904777e-01	-2.147900217545651e+00	3924
1.336169761917663e+00	6.373413696934541e-02	3925
1.495852514851110e+00	-1.472577357405113e-01	3926
-5.870332649623611e-01	1.355018821144447e-01	3927
1.483069828962922e+00	1.513326585916346e+00	3928
1.238981397925167e+00	-3.454225676689444e-02	3929
1.493888901910043e+00	1.444400174930133e-01	3930
-3.263882396895327e-01	1.828215485444860e+00	3931
-7.587603343657940e-01	-5.313918115368658e-01	3932
1.155997772838161e+00	2.383946502704236e-02	3933
-6.304108610536248e-01	1.413503928457929e+00	3934
1.019871160592926e+00	2.115948297952220e+00	3935
6.138196108196733e-01	2.197575018050488e+00	3936
-7.819013550941668e-01	-9.135329179948852e-01	3937
-7.585824240993967e-02	-2.016175942634668e+00	3938
1.187632198106669e+00	-2.734011911521554e-02	3939
-7.608810122353937e-01	-1.071843662427199e+00	3940
1.305192841354275e+00	-4.490274476196594e-02	3941
-7.871044402181180e-01	-7.721021848925937e-01	3942
-8.113908369851676e-02	2.016207093652837e+00	3943
1.089358184100467e+00	1.492998712949916e-02	3944
-7.463701052657868e-01	4.898736379834922e-01	3945
1.067056662830369e+00	-3.632791920712486e-03	3946
-7.323543730972985e-01	-4.303079758612339e-01	3947
-7.210937543797707e-01	4.010061240133151e-01	3948
-6.997755944127366e-01	-3.411318022812487e-01	3949
6.242610858052848e-01	-2.192543202027632e+00	3950
-5.519599117924139e-01	8.796729283307375e-02	3951
-5.173591281085653e-01	4.779729623037765e-02	3952
1.067573572844751e+00	2.319899633131465e-03	3953
1.607869750992927e+00	-1.595992219144809e+00	3954
1.076888206975589e+00	-1.564225435082313e-02	3955
-7.142094216207637e-01	-1.251614717803352e+00	3956
-7.815980195399052e-01	7.159732981690384e-01	3957
1.727649077820997e+00	-1.340427729492141e+00	3958
-6.269684729555459e-01	-1.954242152424908e-01	3959
-6.325183559076685e-01	-1.448991723156382e+00	3960
-5.048787357673796e-01	-1.639761980714596e+00	3961
1.796803584205386e+00	-9.390900515570019e-01	3962
-5.516643436445900e-01	-8.707501133341292e-02	3963
1.617655232922672e+00	-2.927771351485695e-01	3964
1.558891123828813e+00	2.137387788128585e-01	3965
1.440446834466225e+00	-9.812711270410905e-02	3966
1.676498075561211e+00	-3.947711465795745e-01	3967
1.682737725128653e+00	4.052524988413285e-01	3968
1.726521677534081e+00	-5.087515297469448e-01	3969
1.732828839810445e+00	5.256516283903396e-01	3970
1.764790067635556e+00	-6.344164453879847e-01	3971
-6.219560413283735e-01	1.888102724176450e-01	3972
-5.892626985646444e-01	-1.378984997185323e-01	3973
-6.642980512037187e-01	-2.641681150206303e-01	3974
1.771579814821785e+00	6.644063336489947e-01	3975
1.792125507627179e+00	8.307357349029970e-01	3976
1.785146869590571e+00	1.033354351362864e+00	3977
1.739520024244189e+00	1.267978292706160e+00	3978
1.388673436354430e+00	-6.002446789978595e-02	3979
1.431341004030435e+00	8.908392565556378e-02	3980
-7.275429065488007e-01	1.613342614668830e+00	3981
-8.299844642289256e-01	1.383399380816764e+00	3982
-8.925086859117658e-01	1.150675636775554e+00	3983
-3.325915566086114e-01	-2.106927762369214e+00	3984
1.291536552820209e+00	2.003938874628333e+00	3985
1.140322120557832e+00	1.029139899301691e-02	3986
-5.709614902224784e-01	1.857788363215187e+00	3987
1.128977749353646e+00	-1.176934792871633e-02	3988
-4.769334661132036e-01	-2.071292110622120e-03	3989
1.919379756106467e+00	-1.273158467751600e+00	3990
1.388743673032185e+00	5.038959518752555e-02	3991
1.214544388740874e+00	-1.629878603844040e-02	3992
-8.297256511365193e-01	4.183183124413122e-01	3993
1.181912208699452e+00	1.643920859446060e-02	3994
1.168044741001767e+00	-1.252784338865471e-02	3995
1.273955860404741e+00	-2.074620530854750e-02	3996
-7.084533560589821e-01	1.822867872210689e-01	3997
-8.788438277535059e-01	-5.678442223039649e-01	3998
3.945258133925977e-01	2.428989338126376e+00	3999
-1.843429180724840e-02	2.306585683555607e+00	4000
1.941768918569681e+00	-1.043055246247294e+00	4001
1.075788208076929e+00	-4.906587542757353e-03	4002
-6.660632215024436e-03	-2.305800817761932e+00	4003
1.490814449764931e+00	-1.807169344789494e+00	4004
-5.678425326274636e-01	-1.876515689651708e+00	4005
8.790138692220795e-01	-2.405895844887759e+00	4006
1.721846707131618e+00	-3.007088679784518e-01	4007
-5.810862380776328e-01	-2.505253443589513e-02	4008
1.646902815965903e+00	-2.061840768884427e-01	4009
1.102753102139806e+00	1.165114913114072e-02	4010
1.106404771633365e+00	-9.043843307991267e-03	4011
1.235287210907244e+00	2.504249102468906e-02	4012
1.079598562370473e+00	5.765963270612890e-03	4013
1.302023172129435e+00	3.511248260448770e-02	4014
1.129153961848826e+00	1.154369224516556e-02	4015
1.930047950442101e+00	-8.515610735890288e-01	4016
-9.046581959568518e-01	-6.991200640573524e-01	4017
1.728881735761940e+00	3.097443761235539e-01	4018
-9.142904523711645e-01	9.496433620903215e-01	4019
-8.919201666264218e-01	6.436258869081245e-01	4020
-8.448027770245495e-01	-4.549540219159012e-01	4021
1.349900842557672e+00	-2.870091982946022e-02	4022
1.505916158478958e+00	-8.022456258671636e-02	4023
-8.049122596323885e-01	-3.532784715350719e-01	4024
-7.913778559172269e-01	3.276160519132970e-01	4025
1.536487446159987e+00	1.746517928111433e+00	4026
1.651840662048379e+00	2.108856994777328e-01	4027
-3.391609032657142e-01	2.100216124972885e+00	4028
-8.635699946405080e-01	5.203272560279334e-01	4029
8.688621495784098e-01	2.410787404939373e+00	4030
-9.171520156769146e-01	-8.477784546953986e-01	4031
-9.152955952951651e-01	-1.011905525022130e+00	4032
-5.824788208738159e-01	2.673122295544213e-02	4033
4.052231100858441e-01	-2.424752032669693e+00	4034
-6.238704977536973e-01	7.166046677395894e-02	4035
-8.914594274773792e-01	-1.201841362004033e+00	4036
-9.105512648517567e-01	7.833639114573947e-01	4037
1.837261818657428e+00	-1.547668139270975e+00	4038
-7.608434496986389e-01	-2.663315770913787e-01	4039
-8.347197123282812e-01	-1.417300140296875e+00	4040
-7.302325923103034e-01	-1.652742210671826e+00	4041
-6.698932615147436e-01	-1.261652688879406e-01	4042
1.573929961708152e+00	1.341618121497986e-01	4043
1.573492083223692e+00	-1.340523777609352e-01	4044
1.689627866575286e+00	1.470908548056337e+00	4045
1.791746600340317e+00	-4.122216614608810e-01	4046
1.799601795451585e+00	4.268965137901219e-01	4047
1.851871277033308e+00	-5.392928594763142e-01	4048
-6.247131942993747e-01	-7.235058591476716e-02	4049
-6.660346087164486e-01	1.219107118959656e-01	4050
-7.160116388116717e-01	-1.915838375328906e-01	4051
-7.505715402816242e-01	2.506523714700731e-01	4052
1.860834180691720e+00	5.643162459816923e-01	4053
1.898433494782851e+00	-6.858269946029570e-01	4054
1.907102561647420e+00	7.317003239593751e-01	4055
1.931198640161039e+00	9.364911125121191e-01	4056
1.920418443328413e+00	1.180859305290652e+00	4057
1.444196610413909e+00	-3.894219433414453e-02	4058
1.499498313324396e+00	7.478007788472427e-02	4059
1.216431900900725e+00	2.336747528555442e+00	4060
1.244467066709677e+00	-2.261798546884924e-03	4061
-1.047881377883474e+00	-7.620352193486329e-01	4062
-8.282513954586266e-01	1.851068253698668e+00	4063
6.435831185070954e-01	2.706347788879556e+00	4064
1.343477486135183e+00	-2.001767870237817e+00	4065
-6.235037814649007e-01	2.141159592662501e+00	4066
1.159841188635151e+00	3.520809699314120e-03	4067
1.191935205826043e+00	-2.381516408855312e+00	4068
1.312912479324647e+00	-3.831720227310596e-03	4069
1.270139616071949e+00	1.149885236780200e-02	4070
1.210061356124664e+00	6.431074040605880e-03	4071
-6.187016980182573e-01	-2.164332032777613e+00	4072
1.747448331034910e+00	-1.786427391670440e+00	4073
1.448709025466227e+00	3.144158558026744e-02	4074
-1.062635849395138e+00	1.067904635395434e+00	4075
1.347892874695113e+00	1.844816102693712e-02	4076
1.145331069576175e+00	-1.970609096212366e-03	4077
-9.533142602690862e-01	4.341474202465954e-01	4078
1.575144062703832e+00	2.027629867973421e+00	4079
-6.538040192372403e-01	-4.194720225756674e-04	4080
-8.291046130439952e-01	-1.895699829359787e+00	4081
1.398589663006199e+00	-7.818912954165744e-03	4082
1.665467731343327e+00	1.187668496626390e-01	4083
1.849666137120027e+00	3.163811931552388e-01	4084
-9.058806561296729e-01	3.328402740575292e-01	4085
-9.556487179078540e-01	1.577857093565748e+00	4086
-1.030903282338288e+00	1.313212640760485e+00	4087
-1.032925291774159e+00	6.962505245230727e-01	4088
1.758508559333953e+00	2.068440400631948e-01	4089
2.064075635228166e+00	-1.465983887535103e+00	4090
1.662866187703313e+00	-1.166100838776079e-01	4091
1.191618859902525e+00	-1.906185849592912e-03	4092
-9.235312521007434e-01	-3.654520048413566e-01	4093
-1.015942444383053e+00	-6.091376059367160e-01	4094
1.100771388304328e-01	2.634113009191460e+00	4095
2.104812042638187e+00	-1.175089265738188e+00	4096
1.085867325206781e+00	-9.276997277599943e-03	4097
-3.039904645656948e-01	-2.427485100231478e+00	4098
1.228263982282032e-01	-2.632025160492597e+00	4099
6.540376911768835e-01	-2.701706886104530e+00	4100
1.116517610379978e+00	5.895284458221735e-03	4101
1.092460067742006e+00	2.658478110338714e-03	4102
2.092782679259022e+00	-9.377457096668947e-01	4103
1.897457738853650e+00	1.397321540675502e+00	4104
1.751898985308988e+00	-1.999783593105329e-01	4105
-8.700999539033031e-01	-2.656323323993171e-01	4106
-3.190538112456976e-01	2.423011000470801e+00	4107
-9.961097210488733e-01	5.550221472108304e-01	4108
-9.727571703411725e-01	-4.780066127803231e-01	4109
-1.057926782598286e+00	8.636209476644364e-01	4110
-1.066691976805775e+00	-9.316654149059177e-01	4111
-1.066958726178878e+00	-1.127563868535865e+00	4112
-7.547217984796647e-01	1.047712279808624e-01	4113
-8.557276092492555e-01	2.443463215809369e-01	4114
-1.038139014698616e+00	-1.355887679597189e+00	4115
-9.692011347634066e-01	-1.618194637220356e+00	4116
1.580288782672230e+00	-5.631929901423320e-02	4117
1.788175342103697e+00	1.705296715313052e+00	4118
1.840724113725329e+00	-3.039247336472934e-01	4119
1.923523739930810e+00	-4.276845041781934e-01	4120
-7.054774988228426e-01	-5.042941102211420e-02	4121
-7.030587187587808e-01	4.809707854993575e-02	4122
-7.608432673981035e-01	-1.110393645051357e-01	4123
-8.154901620642153e-01	-1.827684480394536e-01	4124
-8.051050461350420e-01	1.700163318519379e-01	4125
1.934329578161092e+00	4.488401809472509e-01	4126
1.995152114309105e+00	-5.744664267418447e-01	4127
2.007585043874009e+00	6.134553498911691e-01	4128
2.052773377553541e+00	-7.423051614209938e-01	4129
2.063692979710612e+00	8.166633460520234e-01	4130
2.090483392900906e+00	1.065457644199682e+00	4131
1.506413114585808e+00	-1.286401620682835e-02	4132
1.576695384289084e+00	5.396626166154021e-02	4133
-6.545169877021819e-01	2.481276326110885e+00	4134
1.874562351412961e+00	1.993238903356104e+00	4135
2.244417924342197e+00	9.226048690542161e-01	4136
-1.225903995242911e+00	9.623840997057314e-01	4137
-1.226904140726626e+00	1.214392539807541e+00	4138
-1.194430929906382e+00	7.580323188779099e-01	4139
1.976370758728603e+00	-3.028033022312194e-01	4140
-1.171127434989798e+00	-6.566233696672540e-01	4141
-1.057905052094692e+00	-3.738059829466079e-01	4142
-1.212214700079137e+00	-8.298091578761613e-01	4143
3.357029502019968e-01	2.980191919041610e+00	4144
1.880602766790440e+00	1.975184524808982e-01	4145
1.031693149116899e+00	-2.708659025122165e+00	4146
3.484210713209702e-01	-2.976843935698258e+00	4147
1.988561312048115e+00	3.205016111109897e-01	4148
-9.742168271427768e-01	2.358221385324011e-01	4149
-9.245392388070165e-01	2.137231875789422e+00	4150
-1.102737733968923e+00	-1.860114552274209e+00	4151
-1.092523221831015e+00	1.808715792304732e+00	4152
1.617047169179543e+00	-2.029577780673942e+00	4153
-9.204500700655291e-01	-2.184480163620115e+00	4154
1.871653018963229e+00	-1.876557120601439e-01	4155
2.099282321827665e+00	1.290219948513342e+00	4156
2.089555167093672e+00	4.779901462397436e-01	4157
1.049145346076046e+00	2.696951520044549e+00	4158
1.497023280429740e+00	-2.283835272487035e+00	4159
1.413285843935743e+00	2.254961315444377e+00	4160
-9.939657533581006e-01	-2.636121898946188e-01	4161
-1.186537412282137e+00	1.501113161275218e+00	4162
2.007829081491380e+00	-1.723979564725415e+00	4163
-1.035170873443955e+00	3.342661349615303e-01	4164
-1.118709383665856e+00	-5.027134155919412e-01	4165
-1.147587637768561e+00	5.912406373623892e-01	4166
2.282863014704541e+00	-1.348316346540969e+00	4167
-6.356529417310205e-01	-2.505146496634370e+00	4168
-2.175886215943465e-01	-2.796043954371900e+00	4169
2.278885318096515e+00	-1.047310368645939e+00	4170
1.770800517592182e+00	1.002893242209475e-01	4171
1.765963406037420e+00	-9.576741961840554e-02	4172
-2.338905671264542e-01	2.793523398287944e+00	4173
-1.094105085986776e+00	4.525569482449514e-01	4174
-1.237663917126506e+00	-1.029555513687842e+00	4175
-7.929152690632945e-01	-6.613950993466533e-03	4176
-1.238724846175117e+00	-1.265450265094525e+00	4177
-1.203602667013272e+00	-1.539882059501411e+00	4178
1.656985887229820e+00	7.032447269812799e-04	4179
-9.273417993891624e-01	-1.685404694123561e-01	4180
-9.127971261279333e-01	1.512172775470812e-01	4181
-8.616907024163702e-01	-9.095183960712085e-02	4182
-8.524425659471722e-01	8.150156092652650e-02	4183
2.074252408388864e+00	-4.450281030362487e-01	4184
2.037329382282397e+00	1.619705023449452e+00	4185
2.160301417750151e+00	-6.116070578454763e-01	4186
2.178320880922899e+00	6.752597912134729e-01	4187
2.230877521267555e+00	-8.076881940203389e-01	4188
1.727122768360862e+00	2.273587230376929e+00	4189
-1.133148652477218e+00	-2.566108607894359e-01	4190
-1.400461962471543e+00	-9.075094063761771e-01	4191
7.107359186629277e-02	3.001121514561507e+00	4192
2.276654114038882e+00	1.493600732741523e+00	4193
-1.011264411255626e+00	2.484247927885838e+00	4194
-1.054107237973387e+00	-1.506860914357908e-01	4195
2.020720944131932e+00	1.829941980020986e-01	4196
7.794660868566881e-01	-3.056096321946203e+00	4197
1.788672328599865e+00	-2.266395708493089e+00	4198
-1.414094592271800e+00	1.088126760697773e+00	4199
8.952360246676309e-02	-2.999333229810357e+00	4200
1.398515578482350e+00	-2.632736657201672e+00	4201
2.007254369984336e+00	-1.695669321668473e-01	4202
-6.282994470613869e-01	2.886750615242098e+00	4203
7.817572896212484e-01	3.056670741955605e+00	4204
2.436492272539133e+00	-8.911229261693625e-01	4205
-1.182232158789998e+00	3.350591991408199e-01	4206
-1.107540366654143e+00	2.215620792056529e-01	4207
2.149140107496675e+00	3.282588328600800e-01	4208
2.288002024912256e+00	1.149644708581377e+00	4209
-1.412626203934747e+00	1.387314378165466e+00	4210
-1.321093350017224e+00	6.328183393740208e-01	4211
2.131704349072771e+00	-3.007100236909677e-01	4212
-1.348657301860364e+00	-7.061336761684176e-01	4213
-1.379495888306186e+00	8.345317769087465e-01	4214
-1.033110544465798e+00	1.286278365797560e-01	4215
-1.242401706412986e+00	2.093397052773589e+00	4216
1.910762350908476e+00	-1.999734805591335e+00	4217
-1.239174439873825e+00	-2.150701424178149e+00	4218
1.861850826622549e+00	4.212580261216030e-04	4219
1.883663178443494e+00	-6.731602320112097e-02	4220
2.350963243993351e+00	-6.537376394005032e-01	4221
-1.359402462636605e+00	1.722776061197145e+00	4222
-1.285105707898131e+00	-5.320681339977833e-01	4223
2.265190323681923e+00	-1.620863555868580e+00	4224
-9.916908139466907e-01	-2.535257752016879e+00	4225
-6.039201511044814e-01	-2.906483645738391e+00	4226
2.487345687322311e+00	-1.195068680530690e+00	4227
1.891136146473448e+00	7.444142893705924e-02	4228
-1.253766946592763e+00	4.709123807866554e-01	4229
-1.210764982529741e+00	-3.806191163698568e-01	4230
-1.386347648354456e+00	-1.773862722824529e+00	4231
-1.432575064697046e+00	-1.146865729159230e+00	4232
-1.433556536658786e+00	-1.430150323310910e+00	4233
-9.740520451210704e-01	-6.252145251005968e-02	4234
-9.604098355726705e-01	4.915322315099746e-02	4235
-9.018054537418884e-01	-2.241093019023501e-03	4236
2.247580964968802e+00	-4.610248677846446e-01	4237
2.270703262837308e+00	5.146852237600738e-01	4238
2.376865633342689e+00	7.542964291253683e-01	4239
1.659885629877226e+00	-2.550743787274682e+00	4240
2.035028132308791e+00	2.256011736275613e+00	4241
4.995750192511790e-01	3.367502268767127e+00	4242
-1.290718050277305e+00	-2.444362421106674e-01	4243
-1.566216177167798e+00	-2.061777011663157e+00	4244
5.005690912482180e-01	-3.364798947171589e+00	4245
1.187420273498385e+00	3.078922424733475e+00	4246
-1.628262176159982e+00	1.239307112899661e+00	4247
-2.837154575435271e-01	-3.175851468972281e+00	4248
2.671215019895659e+00	-1.008047793304425e+00	4249
-1.615977248359736e+00	-1.000682438283784e+00	4250
1.229857669600821e+00	-3.032849942057853e+00	4251
1.554086896235655e+00	2.535993053850953e+00	4252
2.511959771421194e+00	-1.475667165831494e+00	4253
-1.520445270299781e+00	6.847914743267252e-01	4254
-1.473731526584193e+00	-5.620263145456172e-01	4255
2.219709644477072e+00	1.831065067524740e+00	4256
-1.590514102688466e+00	9.353543929608403e-01	4257
-3.118348316753611e-01	3.170498046788098e+00	4258
2.092390246063376e+00	-2.244318150323769e+00	4259
-1.621266953708717e+00	1.592980952103224e+00	4260
-1.380014840960556e+00	2.439404464874066e+00	4261
-8.306023354861853e-01	2.787676944090605e+00	4262
2.208028006014534e+00	-1.919112170544544e+00	4263
-1.385458242523008e+00	-3.890113797067141e-01	4264
-1.436460265928324e+00	4.902094845648482e-01	4265
-1.258761238313304e+00	2.036023913727809e-01	4266
-1.195888677536142e+00	-1.274998753268391e-01	4267
2.447538161919224e+00	-4.778431146014939e-01	4268
2.336635571457087e+00	3.384238710590030e-01	4269
2.570627906014521e+00	-7.086876776274773e-01	4270
2.499452541887721e+00	1.328323969284681e+00	4271
2.183096230190721e+00	1.684154808488434e-01	4272
2.163545297310285e+00	-1.458596726067211e-01	4273
-1.551938908969863e+00	-7.614042054555465e-01	4274
-1.167746221914065e+00	9.727949626436524e-02	4275
-1.090954811671443e+00	-9.405425806241456e-03	4276
2.023077684079384e+00	4.426053461537194e-03	4277
-1.552357389000507e+00	1.988181820906046e+00	4278
-1.367100569296088e+00	-2.505602605010702e+00	4279
-1.023943790678394e+00	-2.958030965130181e+00	4280
-1.348664932309012e+00	3.344468222724397e-01	4281
-1.651133687930793e+00	-1.635524952943310e+00	4282
-1.654751764461848e+00	-1.288049762087127e+00	4283
2.309961578326557e+00	-2.939112115779512e-01	4284
2.482618209131558e+00	5.637179962331440e-01	4285
2.456759024385050e+00	9.771057947997180e-01	4286
9.699724828061713e-01	-3.434026255015224e+00	4287
1.889123934636233e+00	2.556043651745918e+00	4288
2.484262484400714e-02	3.414305710346945e+00	4289
-1.855893781081473e+00	1.838162759431607e+00	4290
1.622179748328985e+00	-2.886557377463495e+00	4291
-1.829759145267674e+00	1.060461800916620e+00	4292
-1.785127553003149e+00	-8.274845644655339e-01	4293
1.975205913036382e+00	-2.534893510446163e+00	4294
-7.213037856165573e-01	-3.297967174807826e+00	4295
5.614607830964134e-02	-3.412465405340251e+00	4296
-1.320102078977171e+00	5.921799542123023e-02	4297
2.378290972417711e+00	2.151986926102139e+00	4298
2.515350648776978e+00	-2.836887811670650e-01	4299
2.508926087627943e+00	1.651801753039164e+00	4300
-1.885150545166096e+00	-1.904249719366603e+00	4301
-1.468958356577678e+00	-2.940073262912974e+00	4302
-1.538248883620301e+00	3.305204506246785e-01	4303
2.372508486239392e+00	1.511817260071084e-01	4304
2.740287801452796e+00	-1.289288564355124e+00	4305
-1.871031476588374e+00	1.421591895953099e+00	4306
9.407515298408798e-01	3.447628159764312e+00	4307
2.343007047348340e+00	-1.148435298799246e-01	4308
-1.862707967855848e+00	-1.114018964917722e+00	4309
1.410747743412770e+00	2.782668027116177e+00	4310
-1.215420170145444e+00	2.789010121839273e+00	4311
2.412573664877406e+00	-2.175061289481071e+00	4312
2.500192909852620e+00	-1.789942909124764e+00	4313
-1.646681797579094e+00	5.152559484624036e-01	4314
-1.583470373340497e+00	-3.972430648810384e-01	4315
-1.429293176888965e+00	1.829906609505396e-01	4316
-1.470665489801480e+00	-2.300524108567456e-01	4317
-1.355356471493343e+00	-9.527489117135088e-02	4318
2.826885783817517e+00	-7.891174443395588e-01	4319
2.556863992339385e+00	3.552654023405416e-01	4320
2.678257545852521e+00	-5.030237984994442e-01	4321
-1.689304678342960e+00	-5.927400153330388e-01	4322
-1.750027580087963e+00	7.561051457258798e-01	4323
-1.751604802799972e+00	2.323604510218014e+00	4324
-1.751782580786647e+00	-2.412251915347225e+00	4325
-1.906568300574085e+00	-1.464832563927437e+00	4326
-1.235416691258489e+00	-3.228232038507976e-02	4327
2.598921207109201e+00	7.754598892257355e-01	4328
2.698484389128209e+00	1.125513921484128e+00	4329
6.777151982222462e-01	-3.794458734301695e+00	4330
3.207655065739668e-01	-3.782047380211675e+00	4331
-3.663012272323225e-01	3.601013390997899e+00	4332
1.476447940230314e+00	-3.358671512155108e+00	4333
2.949290136740395e+00	-5.437994254394946e-01	4334
-2.113328869387003e+00	2.148134298535932e+00	4335
3.014720651550124e-01	3.784747923414630e+00	4336
6.492165989322598e-01	3.800970294124352e+00	4337
-1.632624688300078e+00	2.727244343137268e+00	4338
-1.926825633517288e+00	-2.846546404366362e+00	4339
-1.514367340519455e+00	-2.020600791252917e-02	4340
-2.145838734319479e+00	1.640767481889383e+00	4341
2.262873543359365e+00	2.512790662697980e+00	4342
-7.054285022091726e-01	3.292133199618112e+00	4343
2.315648555761546e+00	-2.502884942369249e+00	4344
-1.206382087030573e+00	-3.348464319958380e+00	4345
1.703139255183679e+00	2.853823690296543e+00	4346
-1.022021966083692e+00	3.132867489591511e+00	4347
-3.656671278820834e-01	-3.605439071234631e+00	4348
2.942656111807687e+00	-1.063343671509616e+00	4349
-1.890167487871853e+00	5.538043679575443e-01	4350
-2.011750082110406e+00	8.506481889970958e-01	4351
-1.674592809893140e+00	-2.144093063875041e-01	4352
2.595578890373069e+00	1.345881098189157e-01	4353
1.383270313901521e+00	3.476783027532624e+00	4354
-2.103272957185111e+00	1.212679416071426e+00	4355
-2.197189780895242e+00	-1.699790307405096e+00	4356
2.549504241535109e+00	-7.640673981216006e-02	4357
-2.052952671177283e+00	-9.090965287190454e-01	4358
-2.132406992293401e+00	-2.241329846343425e+00	4359
2.246927887168511e+00	1.246972704793730e-02	4360
1.567978320316653e+00	3.133194949279200e+00	4361
2.738889436981973e+00	-2.046784583976546e+00	4362
2.778198600461096e+00	-1.611693477117479e+00	4363
-1.756054813277508e+00	3.272304815663276e-01	4364
-1.622605519246059e+00	1.545487629245993e-01	4365
2.708222541513508e+00	5.489774810309862e-01	4366
2.762629355410684e+00	1.439534003675272e+00	4367
2.753064626692778e+00	-2.772242263522265e-01	4368
-1.808887325767291e+00	-4.018954232768793e-01	4369
-1.936698361848064e+00	-6.289974970955474e-01	4370
-2.144895448416884e+00	-1.257308385061178e+00	4371
2.716137455964208e+00	1.972586420416532e+00	4372
2.866170594996545e+00	8.882487988841670e-01	4373
-1.454998115339501e+00	3.126099897488051e+00	4374
1.217041156064577e+00	-3.838630865190468e+00	4375
1.890998880299615e+00	-3.228842025649258e+00	4376
1.950365318654955e+00	3.145643244278513e+00	4377
-8.643997180964169e-01	-3.739568389075931e+00	4378
2.093199265848371e+00	2.866471892290056e+00	4379
3.110042326210717e+00	-8.019148669388595e-01	4380
-1.410164914432382e-01	-3.833833439717496e+00	4381
1.811379426172363e+00	3.485371820973807e+00	4382
4.550758162673953e-01	4.234396981158661e+00	4383
2.679526617211611e+00	-2.415483305089063e+00	4384
-2.221458507143313e+00	-6.753789180485736e-01	4385
-2.383606287595983e+00	-2.664980031203788e+00	4386
-1.721489690387092e+00	-3.315494569121628e+00	4387
2.419156860987108e+00	4.280689088065162e-02	4388
-1.906083195023831e+00	-1.907527284088617e-01	4389
2.774113682893304e+00	-2.402520468437874e-02	4390
2.104084250839672e+00	-2.893015977618854e+00	4391
1.127232305938765e+00	3.883131987172963e+00	4392
-2.415155757585066e+00	1.398437422270052e+00	4393
-2.499026504092125e+00	-2.011229868221772e+00	4394
3.032574773300182e+00	-2.768584078649668e-01	4395
2.992975953937289e+00	6.224453224340104e-01	4396
4.842837538707838e-01	-4.230171069339113e+00	4397
-2.054213735861949e+00	2.584098381128923e+00	4398
4.462646420256336e-03	3.875160348519573e+00	4399
-2.453627052416884e+00	1.915909612879164e+00	4400
-8.056772905168871e-01	3.743686914827348e+00	4401
-1.037357481871114e+00	3.558473717071694e+00	4402
-2.312342492786448e+00	9.677816805951157e-01	4403
2.779060269196100e+00	3.034665764120738e-01	4404
-2.467980291345497e+00	-1.443978514694067e+00	4405
3.057722308570093e+00	-1.856246860731764e+00	4406
3.032773466213874e+00	-1.385404425584413e+00	4407
-1.844128579523698e+00	1.216150181589286e-01	4408
-1.722393809910286e+00	-2.793639095291485e-02	4409
2.655038102581765e+00	2.380338529772792e+00	4410
2.808534014930238e+00	1.752628206865866e+00	4411
-2.008828109089037e+00	3.310222239687832e-01	4412
-2.067063077827311e+00	-4.064761830284864e-01	4413
-2.170122135223427e+00	6.129397281883016e-01	4414
-2.361051952841312e+00	-1.014435809025022e+00	4415
2.981961206382532e+00	1.190376830423298e+00	4416
-1.422735041874013e+00	-3.788358951876928e+00	4417
1.598979056011837e+00	3.897140308262500e+00	4418
-2.550327319249994e+00	-7.387316496056576e-01	4419
6.000581599669461e-02	-4.204578306651414e+00	4420
-2.303315562442588e+00	3.501317510309773e-01	4421
-1.542383724927686e+00	3.629350528584152e+00	4422
3.050822958966484e+00	-2.257130244506829e+00	4423
-2.101366125586391e+00	8.926219267150079e-02	4424
-1.931374529771354e+00	3.047842410576924e+00	4425
9.969937743225408e-01	-4.197777126118697e+00	4426
-2.823556628494702e+00	-2.406347971746702e+00	4427
2.349245742621094e+00	3.173338378190412e+00	4428
-2.462553583712549e+00	2.369874083645202e+00	4429
-5.583089685706905e-01	-4.020357212849667e+00	4430
1.754496263524389e+00	-3.731580006300947e+00	4431
-4.450460089116919e-01	4.083863311748933e+00	4432
-2.769005139879217e+00	1.632972898896848e+00	4433
-2.252381811898269e+00	-3.189248312187797e+00	4434
3.005805855228839e+00	2.224079811767389e+00	4435
-2.170759329440486e+00	-1.616240003195570e-01	4436
-2.830399412108097e+00	-1.709258995659373e+00	4437
3.236263701827793e+00	-5.109806386034940e-01	4438
3.071291466430345e+00	1.526136189955107e+00	4439
2.526699062744030e+00	2.801428295057003e+00	4440
2.245365134113740e+00	3.464492231890012e+00	4441
8.900158472542917e-01	4.245871480921034e+00	4442
2.313357938527168e+00	-3.261470367123463e+00	4443
2.545757839623394e+00	-2.826125568664890e+00	4444
-2.493118876686465e+00	6.899403428220173e-01	4445
3.160241224153625e+00	9.053103963001092e-01	4446
-2.713826279204545e+00	-1.155245030608171e+00	4447
3.027734814940502e+00	7.449559139673775e-02	4448
3.076540011501755e+00	3.347962769761086e-01	4449
-2.657108036188733e+00	1.113678878278130e+00	4450
3.355120856428316e+00	-1.604355697358723e+00	4451
3.254459059297663e+00	-1.113743890023343e+00	4452
-2.364322613441542e+00	-4.150240154941964e-01	4453
-4.396893894226314e-02	4.409453913450872e+00	4454
-2.018854731503998e+00	-3.736078611110222e+00	4455
2.071996824838718e+00	-3.644197830810052e+00	4456
-2.774757457457752e+00	-2.965003157388047e+00	4457
-2.405853913787888e+00	2.869093096077239e+00	4458
6.598342222902562e-01	4.735496023024560e+00	4459
-1.061054153374958e+00	-4.216517777822580e+00	4460
-3.119387579056269e+00	-1.359860973236943e+00	4461
3.138866316993540e+00	1.870614748442907e+00	4462
1.539347791619966e+00	-4.243308669462365e+00	4463
1.376445274576014e+00	4.337970546472014e+00	4464
-3.851485509000955e-01	-4.571138314346265e+00	4465
3.411291756496035e+00	-2.024753751553098e+00	4466
2.430147825311004e-01	-4.707612904484318e+00	4467
3.290027669797094e+00	5.902260458529006e-01	4468
3.306933619875576e+00	1.240501464321560e+00	4469
-2.708379643418997e+00	-4.331638611452018e-01	4470
-9.374080281824151e-01	4.245467808165071e+00	4471
-2.097111179694735e+00	3.580495124960951e+00	4472
7.722904383183176e-01	-4.706737795141160e+00	4473
-2.918140779743370e+00	-2.138145587001031e+00	4474
2.067258657024088e+00	3.892387037175356e+00	4475
-2.843553756607474e+00	2.091345776322759e+00	4476
-2.388757416555927e+00	4.721824277432615e-02	4477
2.952196647700320e+00	2.657934626629019e+00	4478
2.787845140945026e+00	3.154031077925187e+00	4479
2.685503487229561e+00	3.457281880867129e+00	4480
2.776944032732382e+00	-3.229283555646248e+00	4481
2.980695443793973e+00	-2.697696068892639e+00	4482
-3.051805037142520e+00	1.301011522124222e+00	4483
3.303461588738998e+00	-1.607689946764103e-01	4484
3.298275558360004e+00	1.587545366535634e-01	4485
-2.930744529005015e+00	-8.303472257792061e-01	4486
-2.865494824360372e+00	7.900501930303299e-01	4487
3.617567647582044e+00	-1.294796712562997e+00	4488
3.432991942437453e+00	-8.021091516032526e-01	4489
-2.475383090699723e+00	-1.300647321926462e-01	4490
-2.642283474386163e+00	3.842165965558433e-01	4491
-3.267362509472723e+00	-1.813371790668316e+00	4492
1.873180003084293e+00	4.344573401616893e+00	4493
-2.629597456185110e+00	-3.572973778745697e+00	4494
-2.663210206319887e+00	3.404371233003392e+00	4495
1.039323392022505e+00	4.789697975744464e+00	4496
-1.686028040123123e+00	-4.276470926201985e+00	4497
3.424025468546549e+00	1.609527858523521e+00	4498
-5.458533112176005e-01	4.627807381761595e+00	4499
-3.191143415677284e+00	1.756448890051462e+00	4500
2.562922795251215e+00	-3.672749894017830e+00	4501
1.289474420260393e+00	-4.689808763106906e+00	4502
-1.229069086149260e+00	4.030056343442499e+00	4503
-1.860982585940739e+00	4.069020915727248e+00	4504
-3.034980093826242e+00	4.332113946891336e-01	4505
2.519691008076488e+00	3.875108968759619e+00	4506
3.576456124778030e+00	3.803000792903823e-01	4507
3.559113028474224e+00	-4.412173618435644e-01	4508
-2.864744357859387e+00	2.610411009614666e+00	4509
3.495472110597339e+00	9.058219650828158e-01	4510
-9.613198664795615e-01	-4.849764325463649e+00	4511
3.743614680211375e+00	-1.720504925999582e+00	4512
-1.848392386131713e-01	-5.166121562767391e+00	4513
8.620070761517708e-02	5.052531506813821e+00	4514
5.090867076163071e-01	-5.254653732826975e+00	4515
3.397710174259132e+00	2.169721966285464e+00	4516
3.346165171547671e+00	2.486088783240063e+00	4517
3.253341099353980e+00	3.032701360822711e+00	4518
3.148977641475429e+00	3.444645701913437e+00	4519
3.262102772855914e+00	-3.110406159712660e+00	4520
3.409810042906841e+00	-2.493789568334583e+00	4521
-3.369934174509111e+00	-9.729736209091805e-01	4522
-3.294726163216366e+00	9.236908327025044e-01	4523
-3.108704068458003e+00	-4.705406921921787e-01	4524
3.831605413189997e+00	-9.335912724567430e-01	4525
3.580482734521377e+00	4.061376795346221e-03	4526
-2.828487511379357e+00	-1.003535398880968e-01	4527
-1.376909936602354e+00	4.536057721743131e+00	4528
-3.573966802530883e+00	-5.485809049958228e-01	4529
-3.241372707863476e+00	-2.725048111225160e+00	4530
1.628426385029189e+00	4.869776734690527e+00	4531
1.858326434009176e+00	-4.715706614869477e+00	4532
3.984177717839078e+00	-5.274460095660808e-01	4533
3.883458805515407e+00	-2.329954667699882e-01	4534
2.291779894676267e+00	-4.112420839412689e+00	4535
-3.500238385243816e+00	1.368314492952362e+00	4536
1.099582532064002e+00	-5.238614159849597e+00	4537
-1.101926678128066e+00	4.806455923653621e+00	4538
-2.474436786911377e+00	3.999399319237491e+00	4539
-2.851887378716454e+00	3.123160897536826e+00	4540
-2.368469572728960e+00	-4.205363736776238e+00	4541
4.031534323230489e+00	-1.349413013137310e+00	4542
-5.404065692019552e-01	5.303524186671150e+00	4543
-3.382279200540285e+00	-2.286925046034300e+00	4544
2.363470101200943e+00	4.335948262521209e+00	4545
-3.578958545314453e+00	-1.422537896085632e+00	4546
3.099027972980656e+00	-3.623331438925613e+00	4547
-3.174543031214191e+00	-3.382603903551169e+00	4548
7.711624619496288e-01	5.313694606284135e+00	4549
3.677943968449821e+00	1.277777219246264e+00	4550
-3.290189016392194e+00	2.278303908949991e+00	4551
3.849769439594295e+00	6.919102013870413e-01	4552
-1.662254850907941e+00	-4.992875166200560e+00	4553
-7.927806317962569e-01	-5.549577057633043e+00	4554
8.623168968782882e-02	-5.810732678081894e+00	4555
3.775380887945111e+00	1.906556246706018e+00	4556
2.982477954019881e+00	3.876320404591014e+00	4557
3.761602853851113e+00	2.391233676227908e+00	4558
3.714910639586461e+00	2.829656020487113e+00	4559
3.645641146091240e+00	3.351112367742065e+00	4560
3.753201785763985e+00	-2.902021895886375e+00	4561
3.819368763911017e+00	-2.207665125570322e+00	4562
-3.490493169569870e+00	5.067370451654655e-01	4563
3.893190548606837e+00	1.960027682006079e-01	4564
-3.243721014126645e+00	-1.764553471176651e-02	4565
-1.210298218414060e+00	5.495579222638812e+00	4566
2.180451100358676e+00	4.847707288223592e+00	4567
-3.847950621418469e+00	-9.807415034005693e-01	4568
-3.762106034456970e+00	9.305527383174411e-01	4569
-3.761305215509197e+00	-1.918616418095348e+00	4570
-2.107433133424754e+00	4.622203732366514e+00	4571
-3.674236538923630e+00	1.882755530395065e+00	4572
2.501114625861712e+00	-4.720629532575298e+00	4573
2.856633064629654e+00	-4.135949284738364e+00	4574
1.338949976768709e+00	5.355844924410071e+00	4575
8.089912931769937e-01	-5.886124281159171e+00	4576
3.659049176963327e+00	-3.471998737629399e+00	4577
4.223237661266372e+00	4.752782845872346e-01	4578
4.259419200089053e+00	-9.183352831881153e-01	4579
4.255858745374461e+00	-1.449610562408035e-01	4580
-1.629285435384234e+00	5.068345103148422e+00	4581
-3.767637567043607e+00	-2.653101255893275e+00	4582
-3.712147621307955e+00	-3.105869998052506e+00	4583
1.633329822222901e+00	-5.202966893768687e+00	4584
-3.728476929772773e+00	1.192433479530582e-03	4585
-3.338672466350987e+00	2.840976438012440e+00	4586
-2.083905058058332e+00	-4.780932812376027e+00	4587
-3.031608187940735e+00	-4.031649045414615e+00	4588
1.054936449886717e-01	5.738847551915282e+00	4589
3.506689209988937e+00	3.859527252430158e+00	4590
-1.563949701190650e+00	-5.798699238089062e+00	4591
-5.399735551818580e-01	-6.311858253960478e+00	4592
4.105391435875164e+00	1.085561371630475e+00	4593
4.098996626405674e+00	1.534223355399739e+00	4594
2.832565440928933e+00	4.319685167197456e+00	4595
4.185824203814157e+00	2.160628851067231e+00	4596
4.184887505632059e+00	2.657861664460670e+00	4597
4.156768962367240e+00	3.153527837653144e+00	4598
4.231149293354647e+00	-2.597182484075070e+00	4599
4.189682672619293e+00	-1.839476342874785e+00	4600
-1.866625404274529e+00	5.720913489954618e+00	4601
-4.100106115246671e+00	-1.474797735323888e+00	4602
-2.773844308243852e+00	4.596195135444385e+00	4603
-3.060491275065830e+00	3.858649683971366e+00	4604
-2.276964376143172e+00	5.283925213752908e+00	4605
1.956156090244105e+00	5.422674366163649e+00	4606
-3.344765304890044e+00	3.411725588122157e+00	4607
-2.145172523309166e+00	-5.428985138532408e+00	4608
-2.792334018393084e+00	-4.708179337763941e+00	4609
4.083426346602568e+00	3.739542988171320e+00	4610
4.222715372013335e+00	-3.213289603805039e+00	4611
2.220206388618707e+00	-5.242509277579715e+00	4612
3.474787222471909e+00	-4.066610231699945e+00	4613
-3.804837573069125e+00	2.463365279470428e+00	4614
-3.983854577569860e+00	4.619770788017858e-01	4615
3.149640630811570e+00	-4.714821519785905e+00	4616
-4.011159160695524e+00	1.429002298357679e+00	4617
2.921761312451568e-01	-6.563702568338624e+00	4618
-3.668295158168204e+00	-3.778294119660414e+00	4619
3.333404159348165e+00	4.329840331038401e+00	4620
-6.366671295417248e-01	6.027402373383675e+00	4621
4.430572137700116e+00	-5.294942186594173e-01	4622
4.633875325351955e+00	1.865218559781782e-01	4623
-4.268952518261458e+00	-2.282337184146044e+00	4624
-4.277153323265847e+00	-2.945960422181324e+00	4625
1.408261655231704e+00	-5.837260313218628e+00	4626
-4.066680398484907e+00	-4.617640031439376e-01	4627
8.946827358847300e-01	6.010398848983915e+00	4628
-1.368569941423748e+00	-6.689645368926998e+00	4629
4.552926466718588e+00	8.559771685940027e-01	4630
4.508319316429040e+00	1.315826675482229e+00	4631
2.701611900915232e+00	4.821976220613145e+00	4632
4.573507708068110e+00	1.787556103868761e+00	4633
4.661301903445852e+00	2.410056769044096e+00	4634
4.680381293220354e+00	2.934506054691596e+00	4635
4.673160200566178e+00	-2.192932205489578e+00	4636
4.504866454137749e+00	-1.394965523362487e+00	4637
1.886147148784474e+00	-5.838024378417074e+00	4638
-2.565022161595730e+00	5.966251875409956e+00	4639
4.766859926151922e+00	-2.840045263118447e+00	4640
-4.697715361452008e+00	-1.772256783403109e+00	4641
1.300348293217536e-01	6.517024611991423e+00	4642
-4.292865458072590e+00	9.321438739155863e-01	4643
2.858322247661830e+00	-5.287308550806672e+00	4644
3.926196405699204e+00	4.316954604554952e+00	4645
-1.349876545935226e+00	6.245992014449301e+00	4646
-3.879657847187580e+00	3.086492283049566e+00	4647
4.120675426391336e+00	-3.876299276332795e+00	4648
4.743071425154378e+00	-9.263747154922861e-01	4649
-4.249889588807337e+00	2.466234159846990e-02	4650
1.139257975556491e+00	-6.601257213472293e+00	4651
-3.523838708446333e+00	-4.513530636359580e+00	4652
-2.951585715208692e+00	-5.503499758304783e+00	4653
-4.902127772892347e-01	-7.169722105775376e+00	4654
-3.042579999469903e+00	5.314559030848307e+00	4655
1.579111849034559e+00	6.023996244939390e+00	4656
-3.465902408128521e+00	4.441531252816866e+00	4657
-3.674952723968336e+00	3.935996544456963e+00	4658
3.831684384199712e+00	-4.651418447628924e+00	4659
-4.226274765173001e+00	2.004881693362821e+00	4660
-4.391171931997376e+00	-9.577217198839540e-01	4661
4.712949167860095e+00	-1.689222504774471e-01	4662
-4.151520311947563e+00	-3.578036787605791e+00	4663
-4.846125433138838e+00	-2.607895559112394e+00	4664
-2.192822859237599e+00	-6.294347508508636e+00	4665
4.646488712059273e+00	3.531264118712389e+00	4666
2.547188978681912e+00	5.387772586940021e+00	4667
4.976333698232278e+00	1.129465378286421e+00	4668
5.000733783549770e+00	1.488177792974501e+00	4669
5.031412717500012e+00	5.747717130247120e-01	4670
5.112112345995719e+00	2.029003652335465e+00	4671
5.211638044447081e+00	2.652573615792613e+00	4672
5.057157090499773e+00	-1.695129824072662e+00	4673
3.555950483952510e+00	-5.295261810667418e+00	4674
-1.315310567313451e+00	-7.638176997576458e+00	4675
-2.046758898964753e+00	6.498621490117698e+00	4676
5.263547094554888e+00	-2.351582077006380e+00	4677
-4.530158805745123e+00	4.622728655538582e-01	4678
5.323505182158109e-01	-7.417571754976607e+00	4679
3.362499617710884e+00	5.122493682107976e+00	4680
4.572870121885143e+00	4.186313193860983e+00	4681
-3.387647071288928e+00	6.069034822260458e+00	4682
2.554712333603034e+00	-5.878946550398910e+00	4683
-4.591091876821969e+00	1.483033476988379e+00	4684
-2.116677566304785e+00	-7.194548423797767e+00	4685
2.308288453235217e+00	6.062929275227260e+00	4686
4.911774607146731e+00	-6.152208930659503e-01	4687
-5.362308273000722e+00	-2.086255822568959e+00	4688
1.646740285662406e+00	-6.528584594508654e+00	4689
4.767726535457208e+00	-3.556824864858047e+00	4690
1.066522032440071e+00	6.793995614185884e+00	4691
5.109004381750132e+00	1.061085669461384e-01	4692
-7.122381904269167e-01	6.851175050600287e+00	4693
-4.392996849054159e+00	2.652190212230511e+00	4694
4.550018795071971e+00	-4.477861531038207e+00	4695
-3.830600313665223e+00	-5.352722449294487e+00	4696
-4.353378271448722e+00	3.650804309231916e+00	4697
-3.859796116575530e+00	5.172594647906510e+00	4698
-4.155326674250567e+00	4.431226386012357e+00	4699
-4.623006672965539e+00	-4.156144164299442e-01	4700
-5.051931389732077e+00	-1.175085392150342e+00	4701
-4.146784511098391e+00	-4.249044277179260e+00	4702
-4.845097007594047e+00	-3.343425375703398e+00	4703
-3.104956222548471e+00	-6.411761520179969e+00	4704
5.494836715466651e+00	1.274542914167293e+00	4705
5.499163899380513e+00	9.017446206012961e-01	4706
5.228408511113954e+00	3.284532091771305e+00	4707
5.575668040638793e+00	1.651698753783363e+00	4708
5.725458325266217e+00	2.250879375788027e+00	4709
-4.302591445702084e+00	5.979259877691111e+00	4710
-2.140829424792706e+00	-8.185930190108913e+00	4711
-1.496981310450905e+00	7.091219422770642e+00	4712
-3.312279609572764e-01	-8.126899245524115e+00	4713
1.915752356146622e+00	6.781711450180964e+00	4714
1.867752594958779e-01	7.397475142190536e+00	4715
3.111183480832250e+00	5.916293294495756e+00	4716
-4.812858577057781e+00	-2.671993549001507e-02	4717
5.386520499046155e+00	-3.101967471622023e+00	4718
3.253604478042271e+00	-5.927079924552364e+00	4719
-5.530505037828410e+00	-2.890071897713888e+00	4720
-4.854337955095509e+00	2.123636931101250e+00	4721
5.175835490972559e+00	-4.131405437038246e-01	4722
5.243955024830825e+00	-9.961706491192246e-01	4723
-5.796721099228751e+00	-1.431010461329767e+00	4724
-4.888093003321046e+00	9.439135413811091e-01	4725
-3.132016619229423e+00	-7.463167654426481e+00	4726
4.324616706266165e+00	-5.219996380290421e+00	4727
5.685715474112585e+00	-1.858220921465570e+00	4728
5.204837201723350e+00	3.954438001688094e+00	4729
5.558627218479790e+00	3.714989607466997e-01	4730
6.039285983066076e+00	1.094735147865673e+00	4731
-4.753304586153902e+00	-3.998022476920058e+00	4732
-2.867698201081871e+00	6.773505930610809e+00	4733
2.178754024497443e+00	-6.554172330038838e+00	4734
5.284985400655742e+00	-4.165350271501375e+00	4735
4.374888919292253e+00	4.872499155767504e+00	4736
-4.990758565805992e+00	3.176916824577803e+00	4737
-4.907181453377993e+00	4.207393793210579e+00	4738
-4.674676504244092e+00	5.068608986024863e+00	4739
-5.324604012473973e+00	-5.214055293225702e-01	4740
-4.113108707073931e+00	-6.326156852008180e+00	4741
5.840397028255637e+00	2.943185721333331e+00	4742
6.237130784810939e+00	1.804797521215509e+00	4743
-5.244323352280875e+00	5.833548465157452e+00	4744
-4.300673969729949e+00	-7.481819333209792e+00	4745
-6.128760206598316e+00	-2.240533895510690e+00	4746
6.624738646483265e-01	-8.457975569049031e+00	4747
-5.557634682231267e+00	2.569045723449516e+00	4748
5.120533048624370e+00	4.708067960154540e+00	4749
-2.280449990177707e+00	7.371205229505262e+00	4750
-5.528838484770630e+00	-3.732600799939142e+00	4751
6.005821261409011e+00	-3.697628785500805e+00	4752
4.028411181569540e+00	-5.941073195132650e+00	4753
-5.529239267360795e+00	4.838087279229109e+00	4754
-1.224341802238873e+00	-8.690944043722475e+00	4755
-7.771872027684628e-01	7.786453920480385e+00	4756
-5.245392345141348e+00	1.535280709182110e+00	4757
-4.717371215732930e+00	-4.768340258389049e+00	4758
1.295420835691334e+00	7.677691402226769e+00	4759
6.757413632613354e+00	1.277481370027098e+00	4760
5.927435410800323e+00	-2.560679826328190e+00	4761
5.864845430743582e+00	3.666031857496074e+00	4762
1.876414444943124e+00	-7.312513328287590e+00	4763
-5.654194256001560e+00	3.750246318474258e+00	4764
2.803505686013068e+00	6.743012062710299e+00	4765
5.148487386379871e+00	-5.006706384618016e+00	4766
5.962639161019266e+00	-1.172180227347902e+00	4767
-5.140766052590673e+00	4.335635503734347e-01	4768
5.617865075259367e+00	-1.450149126707974e-01	4769
-3.856778216043691e+00	6.875051062532063e+00	4770
-3.196103159658799e+00	-8.594254439544507e+00	4771
3.962599990551532e+00	5.692788624135705e+00	4772
-4.722168416412903e+00	-5.622126548753863e+00	4773
2.929680987561159e+00	-6.598656553335249e+00	4774
-6.132155519481925e+00	-6.808128752063297e-01	4775
6.415834892935899e+00	2.503251712668891e+00	4776
3.702455477657052e+00	-6.643781016557464e+00	4777
1.457424856742659e+00	-7.830843717443035e+00	4778
-6.318747173541219e+00	-3.188295810510663e+00	4779
6.665862580363344e+00	-3.080989462558820e+00	4780
2.799556130778837e-01	8.393205838392904e+00	4781
-1.667560290116488e+00	8.047789898497289e+00	4782
6.551986678002611e+00	3.278837321376968e+00	4783
-6.034611486605379e+00	1.862059584113499e+00	4784
-4.883970544153610e+00	6.791840833801176e+00	4785
-5.440052049555566e+00	-1.258834234887284e-01	4786
-2.233372245204664e+00	-9.318014825893428e+00	4787
6.344526866966028e+00	-4.722161273643402e-01	4788
6.143024773903622e+00	1.774472391259762e-01	4789
-3.232705034397341e+00	7.685334759585088e+00	4790
5.993539241189144e+00	-4.623550086250576e+00	4791
5.843382190410502e+00	4.434507743932823e+00	4792
6.990758775043068e+00	2.004107229018729e+00	4793
-1.995126008156046e-01	-9.212875778698454e+00	4794
-6.221862536765706e+00	5.575666385179911e+00	4795
2.338949627488064e+00	7.632589045741198e+00	4796
-5.425719669230900e+00	-4.490437997925666e+00	4797
4.899485277951215e+00	-5.853385858116604e+00	4798
-6.340228530422928e+00	3.100682198794664e+00	4799
-5.850209861770752e+00	1.627149061664274e-02	4800
-5.081403324873212e+00	-6.648025706389204e+00	4801
6.553996781613380e+00	5.720786300258440e-01	4802
6.398541160823336e+00	-1.874256127295558e+00	4803
2.637636872087405e+00	-7.295808484475185e+00	4804
-6.393691771452008e+00	4.387180620592048e+00	4805
3.696378997743013e+00	6.559246355644448e+00	4806
5.666985980723391e+00	-7.245952918534879e-01	4807
-5.556865513859997e+00	9.401615686707036e-01	4808
-6.611850709828074e+00	-1.454339860563498e+00	4809
-4.471246580508404e+00	-8.758003853558222e+00	4810
4.859844977202227e+00	5.551004211098022e+00	4811
-5.512145321424349e+00	-5.191767612844269e+00	4812
-6.291430804215188e+00	-4.740565880135421e+00	4813
3.405674722218015e+00	-7.352732422895269e+00	4814
-4.363892957025818e+00	7.804750413365827e+00	4815
-7.217637349511436e+00	5.113896455719982e+00	4816
-7.003508945733995e+00	-2.405645036713560e+00	4817
-6.928100428119307e+00	2.299868318519461e+00	4818
8.929437961692307e-01	-9.592200590247529e+00	4819
7.200619153395940e+00	2.786916034754905e+00	4820
-2.560133784611101e+00	8.359484592853166e+00	4821
-1.179135573907895e+00	-9.883301232567952e+00	4822
1.588123878664547e+00	8.674425643076288e+00	4823
5.843855354880978e+00	-5.595497394762798e+00	4824
-6.997009013078753e+00	-6.813158892207720e-01	4825
3.366776462264388e+00	7.518129492526168e+00	4826
5.737901243811301e+00	5.320575055647563e+00	4827
4.571492392394319e+00	-6.665274081565846e+00	4828
-8.366485235902864e-01	8.848875915274165e+00	4829
-3.527999255317099e+00	-9.785824826622084e+00	4830
6.590285084852618e+00	4.098734236180416e+00	4831
6.814201070152293e+00	-4.058057633711135e+00	4832
2.276824393799091e+00	-8.166338085638394e+00	4833
7.320437006763350e+00	7.335449457669914e-01	4834
7.572677087472129e+00	1.416759020303312e+00	4835
-5.951081343666464e+00	6.620506272250662e+00	4836
-6.313813708162481e+00	-4.164096723267749e+00	4837
-7.211071456376406e+00	3.709912996207676e+00	4838
6.850361521368636e+00	4.115314109003045e-02	4839
6.718394559930740e+00	-1.154148303071459e+00	4840
7.241364913991033e+00	-2.320649797416788e+00	4841
1.641859277321400e+00	-8.882898908441090e+00	4842
4.552901991089061e+00	6.371059839204990e+00	4843
-6.333750697782816e+00	6.776084807360488e-01	4844
-5.403142415831728e+00	-7.859648543455039e+00	4845
-5.528400245987285e+00	-6.161515551398216e+00	4846
-4.008800703498679e-02	-1.043893552439992e+01	4847
-5.709356527030904e+00	-9.111579009909246e+00	4848
4.117186884753666e-01	9.519489146034424e+00	4849
-6.382315670371443e+00	-5.698917917537377e+00	4850
8.185223806539955e+00	8.028799345254662e-01	4851
2.839105660996319e+00	8.591735760629593e+00	4852
-6.811410946566469e+00	1.408800346735575e+00	4853
7.360936108213594e+00	3.659207459826850e+00	4854
-2.364680637888281e+00	-1.060759569993909e+01	4855
7.560521323323004e+00	-3.312977360245252e+00	4856
-7.535080280434871e+00	-1.522882608947820e+00	4857
7.847003764346408e+00	2.227594927213685e+00	4858
-5.539778377953137e+00	7.716680094532616e+00	4859
5.563718167565820e+00	-6.564083526348381e+00	4860
-4.851273645195045e+00	-1.005556496605548e+01	4861
-1.861437674557854e+00	9.135278476741806e+00	4862
6.570787481507042e+00	4.987340493882857e+00	4863
6.812960742667279e+00	-5.131167201810001e+00	4864
-7.088024577088670e+00	6.292648782222823e+00	4865
4.232212620928026e+00	-7.422388871667887e+00	4866
-7.930689148412227e+00	2.833301190760649e+00	4867
-8.180409712802375e+00	4.408464765450693e+00	4868
7.689494282987219e+00	-2.244449222678494e-02	4869
1.998590282916489e+00	-1.001064650922691e+01	4870
2.957198930572766e+00	-8.207114567423028e+00	4871
-6.608799888158271e+00	-1.501550560028686e-02	4872
-3.642996189047251e+00	8.721360817923081e+00	4873
5.493160240175101e+00	6.240186257169834e+00	4874
2.694987059787327e+00	-9.177350577264118e+00	4875
7.098418476334679e+00	-5.883024004722716e-01	4876
-7.220617107915002e+00	-3.513467370371471e+00	4877
7.197183464614503e+00	-1.797002441608246e+00	4878
4.326021045260956e+00	7.305465508989867e+00	4879
-6.644175310262064e+00	-8.220119095065240e+00	4880
8.487491951794242e+00	1.628375832243364e+00	4881
4.005100140182016e+00	8.400251126462015e+00	4882
6.647784035148366e+00	-6.254187414550208e+00	4883
-1.138129716268273e+00	-1.123587767187710e+01	4884
-8.253276460992565e+00	5.709550610260747e+00	4885
1.945798819957356e+00	9.798110160841571e+00	4886
-3.796322306026086e+00	-1.116047329666789e+01	4887
-2.876055250772532e+00	9.481169986057303e+00	4888
8.652543484143436e+00	-3.875753746037062e-02	4889
-7.758331668077958e+00	1.776649447472028e+00	4890
8.196535726824184e+00	-2.561064826223530e+00	4891
-7.971256912235732e+00	-6.525799172514792e-01	4892
8.092550350436310e+00	3.106654502042712e+00	4893
7.748400662652799e+00	-4.447308827748827e+00	4894
7.416998905780857e+00	4.591501581643991e+00	4895
7.924191631541428e+00	-8.589576993574156e-01	4896
-8.890496811744607e-01	1.005618069750260e+01	4897
3.200655447510175e+00	-1.030857690482084e+01	4898
-6.417060645656443e+00	-6.782330279741412e+00	4899
-4.931844000654163e+00	8.864533263788189e+00	4900
-7.262937806028869e+00	-5.133037185804284e+00	4901
5.198505669262414e+00	-7.470590982641527e+00	4902
5.222616289034541e+00	7.112429033106317e+00	4903
6.468578734355504e+00	5.982838296434171e+00	4904
-7.995012026287287e+00	-2.601725758369181e+00	4905
-6.771078022078810e+00	7.503257589270519e+00	4906
-6.211495654941674e+00	-1.043181114456693e+01	4907
-9.051508008606584e+00	3.464229474641226e+00	4908
1.118871679553856e+00	-1.086229813073418e+01	4909
3.874479563441428e+00	-8.261205633885362e+00	4910
-7.474986661104606e+00	4.231551766152948e-02	4911
7.508149574637557e+00	-1.273380875933700e+00	4912
-7.186295179707703e+00	6.182440723701913e-01	4913
5.846805946958465e-01	1.079478736918474e+01	4914
3.419614250531870e+00	9.672633421528944e+00	4915
-8.262978119261744e+00	4.566811512932681e-01	4916
1.288324536965310e-01	-1.182203662395685e+01	4917
8.941670713945141e+00	-1.028248173686826e+00	4918
-2.472694939623600e+00	-1.207170827348860e+01	4919
9.191435445425745e+00	8.634799243964107e-01	4920
8.805107795623668e+00	2.503544346635528e+00	4921
8.282854508386698e+00	4.088467437735068e+00	4922
-8.874086993834915e+00	2.219771295641153e+00	4923
5.040166996360867e+00	8.138115124324717e+00	4924
3.647348458248821e+00	-9.266726309174624e+00	4925
-8.091964732268126e+00	7.091685399697517e+00	4926
8.565488260788575e+00	-3.624801374055596e+00	4927
8.163390551674794e+00	-1.791948420933253e+00	4928
-8.584445944676068e+00	-1.597796992436735e+00	4929
-6.288263899533914e+00	8.766406056784206e+00	4930
-5.227612685220806e+00	-1.151684963588670e+01	4931
-4.103088339275654e+00	9.898341557844741e+00	4932
-7.628277953617712e+00	-7.329118042956259e+00	4933
-2.074821922723394e+00	1.037421380137441e+01	4934
-8.266697290868056e+00	-3.984286331755923e+00	4935
7.759984680899079e+00	-5.692741392318744e+00	4936
2.355590826390194e+00	-1.131242179589196e+01	4937
-7.389636220041099e+00	-6.234902583806041e+00	4938
6.329047202879686e+00	-7.361824419761714e+00	4939
6.235676852452817e+00	6.984020658390061e+00	4940
7.409704780738875e+00	5.599881362516628e+00	4941
-7.082075559604502e+00	-9.439216099166101e+00	4942
-9.366942774382322e+00	4.837043015205131e+00	4943
4.808972081085905e+00	-8.322854215809855e+00	4944
4.741105412962491e+00	9.392520259970933e+00	4945
-6.773246382928063e+00	-1.193182480093681e+01	4946
-3.229632964483560e+00	1.075566411112086e+01	4947
3.743217150176658e+00	-1.162407412763060e+01	4948
8.810360886409679e+00	-4.896558642114598e+00	4949
-9.445242061633992e+00	6.370870189639433e+00	4950
-8.624722981823256e+00	-6.539801036291316e+00	4951
9.285320361137975e+00	-2.779556817593509e+00	4952
9.542525276779907e+00	1.817650852321181e+00	4953
1.966320785778083e+00	1.125548037600598e+01	4954
2.780393175589982e+00	1.088154613159540e+01	4955
-4.047244350255434e+00	-1.272459278381372e+01	4956
-7.681255406692219e+00	-1.084445009416533e+01	4957
5.988730243888918e+00	7.922182918623599e+00	4958
-1.076291281703055e+00	-1.276309138925163e+01	4959
9.723735933108372e+00	-1.713512477348053e-01	4960
-7.992776126753887e+00	-8.544492453621210e+00	4961
-5.573793108062762e+00	1.007003479823846e+01	4962
9.097096771912870e+00	3.475313175081053e+00	4963
-9.307553665058345e-01	1.142791961026980e+01	4964
1.410780358615017e+00	-1.228353355463737e+01	4965
7.315712363035095e+00	6.707678807830515e+00	4966
8.362907424673864e+00	5.141989858212288e+00	4967
-8.661962130325799e+00	1.129322845977910e+00	4968
-7.716486888828256e+00	8.499941632414160e+00	4969
7.575458611478012e+00	-6.991914317526288e+00	4970
-1.003202341143924e+01	2.690387256881581e+00	4971
4.485713388834129e+00	-1.024413497271870e+01	4972
-9.049559516180667e+00	-4.722120895905559e-01	4973
9.142791099589513e+00	-2.103181198576589e+00	4974
-8.459944895292487e+00	-5.403826210468785e+00	4975
-9.127588420267424e+00	-2.849650774038142e+00	4976
-1.033048937747204e+01	3.894223837108027e+00	4977
5.903680058289796e+00	-8.386673417305522e+00	4978
4.241153366120134e+00	1.075982832050103e+01	4979
-5.657983341798964e+00	-1.316685207093987e+01	4980
-9.715828028462029e+00	-5.802974346121913e+00	4981
-2.558471584936642e+00	-1.372830935327478e+01	4982
1.034754092371123e+01	9.019361742973498e-01	4983
-2.306966517418983e+00	1.178672417215327e+01	4984
7.203143333093982e+00	-8.266680594536284e+00	4985
9.715425187362774e+00	-3.966152746764153e+00	4986
-1.137051520810063e+01	2.998456196250883e+00	4987
-8.416805772805064e+00	-1.238330220328116e+01	4988
-7.143186326300826e+00	9.958879304055245e+00	4989
-9.787394680363773e+00	-1.617701089127295e+00	4990
9.897043687829319e+00	2.801142728935368e+00	4991
9.331026090720730e+00	4.571428686602399e+00	4992
-9.249201709823920e+00	7.987802980311516e+00	4993
-8.484820259017964e+00	-9.957183555950360e+00	4994
-9.817545268629441e+00	1.469206655323666e+00	4995
1.004491028200653e+01	-1.328062603893163e+00	4996
5.964512887496586e-01	1.226073638168912e+01	4997
5.293378931550388e+00	-9.457603091379337e+00	4998
8.844645406920016e+00	-6.325020201625176e+00	4999
7.087683793901086e+00	7.799095508515312e+00	5000
8.373366951181941e+00	6.277433061272154e+00	5001
-1.068530685389582e+01	5.395936849870345e+00	5002
-8.948143970840553e+00	-7.740052228004673e+00	5003
-4.620283980287782e+00	1.123541744163813e+01	5004
2.803541921755008e+00	-1.275919487819896e+01	5005
-9.501443167435227e+00	-4.307677714054575e+00	5006
5.755956262671565e+00	9.090803986391897e+00	5007
3.450196327458684e-01	-1.337891143110541e+01	5008
5.269950208903153e+00	-1.155702660367791e+01	5009
6.828388445012729e+00	8.859584903384375e+00	5010
-1.047331790942307e+00	1.297302829409998e+01	5011
-7.287659428478503e+00	-1.367720775076185e+01	5012
1.782061007536166e+00	-1.387549200698833e+01	5013
-4.307501305252330e+00	-1.449641099611137e+01	5014
1.095162404388951e+01	-3.201750098839373e-01	5015
-8.803127003327562e+00	9.628423444396670e+00	5016
-3.624675965625030e+00	1.220506384561553e+01	5017
-6.300884055507065e+00	1.144116941466480e+01	5018
-1.032766043785287e+01	-4.611023944862596e-01	5019
-1.174191503342367e+01	4.389150926101367e+00	5020
9.443129729037020e+00	5.755114647964469e+00	5021
-9.530413260886728e+00	3.137523525077514e-01	5022
1.002538949580067e+01	-5.401043694486914e+00	5023
1.023912285488294e+01	3.882981383931936e+00	5024
1.075256018950191e+01	2.011044480061555e+00	5025
1.052952029368058e+01	-3.000041937528544e+00	5026
3.618450811582431e+00	1.211320336530392e+01	5027
-1.079007807458232e+01	7.139590480984608e+00	5028
-9.948340364471472e+00	-7.015516776503529e+00	5029
5.616125032533811e+00	1.044442830569750e+01	5030
8.286793388050754e+00	7.508541033633404e+00	5031
-9.342967075561655e+00	-9.178863579435733e+00	5032
-1.083681129614924e+01	-4.881098484703928e+00	5033
8.639198466950250e+00	-7.828064866496532e+00	5034
2.081675079174006e+00	1.285054213104562e+01	5035
-9.758601481180845e-01	-1.448191514105957e+01	5036
-9.207580619146610e+00	-1.142057205679248e+01	5037
-1.102322779502317e+01	1.773241756395146e+00	5038
6.641351073000322e+00	-9.503142189415430e+00	5039
4.472629879914954e+00	-1.305447871054393e+01	5040
-1.043139426886551e+01	-3.029221227732760e+00	5041
5.755714405131777e+00	-1.074000916767285e+01	5042
-9.166935462989347e+00	-1.417976861857049e+01	5043
1.052534176992362e+01	5.107472090473285e+00	5044
1.103292592406397e+01	-4.335663385644851e+00	5045
-6.066976768577445e+00	-1.503719693201639e+01	5046
-5.202458863645679e+00	1.275487009989324e+01	5047
-8.118897411509405e+00	1.131476314557509e+01	5048
-1.072061591806306e+01	5.885474597450752e-01	5049
-1.056766178366237e+01	9.006970588654367e+00	5050
1.008813441711399e+01	-7.040197955265279e+00	5051
1.114218837430886e+01	3.125122926072756e+00	5052
5.782935589453633e-01	1.392300169877030e+01	5053
7.283739498614164e+00	-1.089897611512388e+01	5054
8.180470202308083e+00	-9.329814576629053e+00	5055
8.048788079121696e+00	8.720716705280303e+00	5056
-2.619461015890890e+00	-1.560465957720276e+01	5057
9.474962492678483e+00	7.030297346169674e+00	5058
6.551406656136973e+00	1.017713425338308e+01	5059
1.137117834727962e+01	-1.715573988646526e+00	5060
-1.025871859949219e+01	-8.496137305873493e+00	5061
6.268663184416322e-01	-1.512983331774396e+01	5062
-1.216982360787099e+01	6.046787264016372e+00	5063
3.397480289623940e+00	-1.438267619539732e+01	5064
-1.113135713663381e+01	-6.263654097093859e+00	5065
-1.190292048780446e+01	-3.679550996545560e+00	5066
5.193052371547147e+00	1.195043761696733e+01	5067
-1.289233142545685e+01	3.338112798314787e+00	5068
-2.595322775867618e+00	1.338018815050413e+01	5069
6.188737249687439e+00	-1.300865974677246e+01	5070
1.167144232370867e+01	9.334806319565913e-01	5071
-1.012967407542230e+01	-1.298555776774968e+01	5072
-1.114886437413770e+01	-1.682121251253248e+00	5073
3.483086333823658e+00	1.380316225651978e+01	5074
-1.246102591098166e+01	2.028399523189722e+00	5075
1.213684928281718e+01	2.220027097780204e+00	5076
-4.550465628664385e+00	-1.650457740028754e+01	5077
-7.891641674178811e+00	-1.563739153651673e+01	5078
-1.004407112055243e+01	1.091165593360216e+01	5079
-1.231270051272574e+01	8.020292060996288e+00	5080
1.236821002642690e+01	-4.860279466613477e-01	5081
1.196808320053036e+01	-3.130226557912817e+00	5082
9.850462584354387e+00	-8.790781629980129e+00	5083
6.456648025963411e+00	1.161575006150134e+01	5084
9.388432387339511e+00	8.406477639938640e+00	5085
5.282806788079879e+00	-1.468707162922174e+01	5086
-8.199214873130923e-01	-1.642408990741601e+01	5087
-1.114315916569208e+01	-1.133397621814312e+01	5088
1.153800515736335e+01	4.332135840126329e+00	5089
-1.221301223893103e+00	1.471562186796877e+01	5090
-1.238578810494827e+01	-5.243570371858215e+00	5091
-7.124633654111543e+00	1.300119509956403e+01	5092
-4.080010456428770e+00	1.384432636310725e+01	5093
-1.070902191749685e+01	-1.005585847337789e+01	5094
-1.114101960716911e+01	-1.478806382983024e+01	5095
-1.408735134754683e+01	2.219755964608614e+00	5096
-1.170838716299478e+01	-3.732834048808172e-01	5097
1.141473419633743e+01	-5.962894163631677e+00	5098
2.069709842725670e+00	1.462238124761656e+01	5099
8.105840054306503e+00	-1.266591230694928e+01	5100
1.067595550598933e+01	6.436768280762192e+00	5101
8.980862213695646e+00	-1.082801345684282e+01	5102
7.770411310933819e+00	9.927063826489562e+00	5103
2.259662207120776e+00	-1.566222106505825e+01	5104
-1.141050591101122e+01	-7.654040831318342e+00	5105
-1.279277932762834e+01	-2.204967844481045e+00	5106
-1.335503186932822e+01	4.901147707479230e+00	5107
4.556069557876890e+00	1.348426143849310e+01	5108
-1.203027469134235e+01	7.459445577514794e-01	5109
-9.229099655758633e+00	1.285856917900036e+01	5110
-2.640562045396604e+00	-1.772776868438078e+01	5111
4.044847457542605e+00	1.542631458377984e+01	5112
1.256005995109402e+01	3.483196055488529e+00	5113
7.440360106674586e+00	1.141378471485731e+01	5114
9.944543689631392e-01	-1.709505150934363e+01	5115
4.095712495336810e+00	-1.621236392853802e+01	5116
-6.508452115976641e+00	-1.715116095347385e+01	5117
1.188610667246708e+01	5.700638898922905e+00	5118
1.072957091527183e+01	7.873931245719300e+00	5119
1.083024023901541e+01	-1.041322623730703e+01	5120
-1.254557272907961e+01	-1.014591715903868e+01	5121
-1.351642717553793e+01	8.040806386114374e-01	5122
-1.357625843653647e+01	-3.861682109073234e+00	5123
1.255844764375495e+01	-4.698268186253613e+00	5124
4.845341952231932e-01	1.579080678972532e+01	5125
1.150851202333516e+01	-7.850918998871579e+00	5126
-1.206772624714337e+01	1.016664897411229e+01	5127
6.247878329847321e+00	1.326775655624763e+01	5128
1.318655223655474e+01	9.687161300222248e-01	5129
-1.272515168267080e+01	-6.791856333732787e+00	5130
-1.459468173712121e+01	3.799380634824047e+00	5131
-2.946064205719241e+00	1.517431855379483e+01	5132
1.288702371909417e+01	-1.919236624364463e+00	5133
-1.318097299545772e+01	-1.905734680731835e-01	5134
-5.862534009542725e+00	1.447877856338195e+01	5135
-1.226577023337429e+01	-1.304009529498272e+01	5136
-1.386097961222004e+01	6.769374803013039e+00	5137
7.333659921451466e+00	-1.456988275599649e+01	5138
1.003086072371130e+01	-1.245588746433205e+01	5139
9.135470711522569e+00	9.763617846447994e+00	5140
-1.187463679505609e+01	-9.085389087602065e+00	5141
-4.604751183671599e+00	1.569396563403146e+01	5142
1.398697734577794e+01	-5.872679387292065e-01	5143
2.837037966432035e+00	-1.766919036452466e+01	5144
1.301724282439029e+01	-6.576083917251186e+00	5145
1.301504666306994e+01	4.830556148381874e+00	5146
-1.527860257572441e+01	9.174627531187882e-01	5147
6.275537810831772e+00	-1.651381040318516e+01	5148
2.354882182990103e+00	1.662923790673965e+01	5149
-1.145771320277198e+01	1.237256341022645e+01	5150
-1.404622223185250e+01	9.014520620173180e+00	5151
1.371715020635682e+01	2.455501844401762e+00	5152
1.357309218372252e+01	-3.394487035278453e+00	5153
1.208148059523699e+01	7.197214957540875e+00	5154
-1.468030999968923e+00	1.667433462531974e+01	5155
-8.058142086332909e+00	1.477574963776616e+01	5156
8.832139027961356e+00	1.114134198276875e+01	5157
-1.336826895232313e+01	-8.457924681853239e+00	5158
-5.877731361112770e-01	-1.861476853942707e+01	5159
1.206970988638564e+01	-1.207651136135177e+01	5160
-1.452192237280356e+01	-1.929388888401717e+00	5161
6.363158711099908e+00	1.559120678482142e+01	5162
1.273884629303672e+01	-9.547647962006792e+00	5163
-1.516245646515744e+01	5.498698554406090e+00	5164
-1.414112119504333e+01	-5.630288110482783e+00	5165
-1.594020540310172e+01	2.497178270944555e+00	5166
-1.479715272630547e+01	-1.812718361487168e-01	5167
9.308184635168278e+00	-1.429377806253795e+01	5168
1.064130452630298e+01	9.420796786092932e+00	5169
1.429224974263411e+01	-5.129119661214203e+00	5170
4.983803651190020e+00	-1.816395313084278e+01	5171
-1.049062516576790e+01	1.461697967213246e+01	5172
1.458279564146330e+01	-8.221821119304431e+00	5173
1.343436447514071e+01	6.359822167253792e+00	5174
-3.370847335964306e+00	1.718860950096235e+01	5175
1.459568237411443e+01	-2.115868834768059e+00	5176
-1.457463714881317e+01	-7.267985184199982e+00	5177
-6.610539387605438e+00	1.643347072883334e+01	5178
-1.460788050840944e+01	-1.010783879448578e+01	5179
-1.726975360759941e+01	1.013291064241778e+00	5180
-1.647586657222255e+01	-8.212847193912631e-01	5181
4.677535139058097e+00	1.746476546848670e+01	5182
4.667996840811008e-01	1.791979880997038e+01	5183
-1.377764201012901e+01	1.148224252339683e+01	5184
-1.549280117487358e+01	-3.930504544644328e+00	5185
-1.577784546574568e+01	7.585369354034261e+00	5186
1.140572459091467e+01	-1.408510986837275e+01	5187
1.215822630790926e+01	8.821548158242146e+00	5188
8.439288104375514e+00	1.282491972661834e+01	5189
1.417169595539340e+01	3.884802046599674e+00	5190
1.491172160241283e+01	1.045350970501903e+00	5191
8.541036829537347e+00	-1.639178874132695e+01	5192
1.421728506804340e+01	-1.129200949899966e+01	5193
-1.653262290354263e+01	4.255433853443392e+00	5194
1.036486979214702e+01	1.094595776082681e+01	5195
1.539076655525594e+01	-3.700935487816888e+00	5196
-1.376700357260179e+01	-1.218976594646409e+01	5197
-1.721450908903077e+01	6.141939002152188e+00	5198
1.469046910115656e+01	5.384939127872890e+00	5199
1.582705285168920e+01	-6.613324385358279e-01	5200
1.491983775571157e+01	-6.964835718332000e+00	5201
1.003170813211417e+01	1.252268345152188e+01	5202
1.566518486696534e+01	-9.549719937121697e+00	5203
-5.207722544297664e+00	1.777606193615317e+01	5204
1.368274555210055e+01	8.047704345512171e+00	5205
7.682547659234663e+00	1.472288976219814e+01	5206
-1.803068647204310e+01	2.897644504152362e+00	5207
-1.615303725639347e+01	-5.943764485541726e+00	5208
1.206516745740197e+01	1.056705011900802e+01	5209
1.551261584721378e+01	2.740309951021086e+00	5210
-1.865028926167782e+01	-6.719785787020469e-01	5211
1.626165831493038e+01	-5.479215335788262e+00	5212
1.599623480945700e+01	4.345186466943718e+00	5213
1.519453641799123e+01	7.093365911119845e+00	5214
8.074878803696331e+00	1.675739636226444e+01	5215
-1.659811357772241e+01	-8.075251634611245e+00	5216
1.378192263674170e+01	9.888127954485478e+00	5217
1.652485265653100e+01	-2.317554296318542e+00	5218
1.687321659589717e+01	1.164402392040615e+00	5219
-1.769625503270955e+01	-2.664251766430761e+00	5220
1.668864393645300e+01	-7.562335058805047e+00	5221
9.652181703956591e+00	1.443602618005705e+01	5222
-1.761554622293561e+01	-4.351917035540770e+00	5223
1.175801311766021e+01	1.228662706100793e+01	5224
1.791623237527287e+01	-7.203921382515638e-01	5225
1.550577885956866e+01	9.001668219391258e+00	5226
1.743723717678034e+01	-3.975436494830618e+00	5227
1.368344468558218e+01	1.186397138323161e+01	5228
1.658522163171721e+01	6.006583092301179e+00	5229
1.754841164043542e+01	3.086938970452151e+00	5230
1.141677205910653e+01	1.405353102477001e+01	5231
1.719292995749340e+01	7.912347387414763e+00	5232
NMARK= 2
MARKER_TAG= airfoil
MARKER_ELEMS= 200
3	199	0
3	0	1
3	1	2
3	2	3
3	3	4
3	4	5
3	5	6
3	6	7
3	7	8
3	8	9
3	9	10
3	10	11
3	11	12
3	12	13
3	13	14
3	14	15
3	15	16
3	16	17
3	17	18
3	18	19
3	19	20
3	20	21
3	21	22
3	22	23
3	23	24
3	24	25
3	25	26
3	26	27
3	27	28
3	28	29
3	29	30
3	30	31
3	31	32
3	32	33
3	33	34
3	34	35
3	35	36
3	36	37
3	37	38
3	38	39
3	39	40
3	40	41
3	41	42
3	42	43
3	43	44
3	44	45
3	45	46
3	46	47
3	47	48
3	48	49
3	49	50
3	50	51
3	51	52
3	52	53
3	53	54
3	54	55
3	55	56
3	56	57
3	57	58
3	58	59
3	59	60
3	60	61
3	61	62
3	62	63
3	63	64
3	64	65
3	65	66
3	66	67
3	67	68
3	68	69
3	69	70
3	70	71
3	71	72
3	72	73
3	73	74
3	74	75
3	75	76
3	76	77
3	77	78
3	78	79
3	79	80
3	80	81
3	81	82
3	82	83
3	83	84
3	84	85
3	85	86
3	86	87
3	87	88
3	88	89
3	89	90
3	90	91
3	91	92
3	92	93
3	93	94
3	94	95
3	95	96
3	96	97
3	97	98
3	98	99
3	99	100
3	100	101
3	101	102
3	102	103
3	103	104
3	104	105
3	105	106
3	106	107
3	107	108
3	108	109
3	109	110
3	110	111
3	111	112
3	112	113
3	113	114
3	114	115
3	115	116
3	116	117
3	117	118
3	118	119
3	119	120
3	120	121
3	121	122
3	122	123
3	123	124
3	124	125
3	125	126
3	126	127
3	127	128
3	128	129
3	129	130
3	130	131
3	131	132
3	132	133
3	133	134
3	134	135
3	135	136
3	136	137
3	137	138
3	138	139
3	139	140
3	140	141
3	141	142
3	142	143
3	143	144
3	144	145
3	145	146
3	146	147
3	147	148
3	148	149
3	149	150
3	150	151
3	151	152
3	152	153
3	153	154
3	154	155
3	155	156
3	156	157
3	157	158
3	158	159
3	159	160
3	160	161
3	161	162
3	162	163
3	163	164
3	164	165
3	165	166
3	166	167
3	167	168
3	168	169
3	169	170
3	170	171
3	171	172
3	172	173
3	173	174
3	174	175
3	175	176
3	176	177
3	177	178
3	178	179
3	179	180
3	180	181
3	181	182
3	182	183
3	183	184
3	184	185
3	185	186
3	186	187
3	187	188
3	188	189
3	189	190
3	190	191
3	191	192
3	192	193
3	193	194
3	194	195
3	195	196
3	196	197
3	197	198
3	198	199
MARKER_TAG= farfield
MARKER_ELEMS= 50
3	200	201
3	201	202
3	202	203
3	203	204
3	204	205
3	205	206
3	206	207
3	207	208
3	208	209
3	209	210
3	210	211
3	211	212
3	212	213
3	213	214
3	214	215
3	215	216
3	216	217
3	217	218
3	218	219
3	219	220
3	220	221
3	221	222
3	222	223
3	223	224
3	224	225
3	225	226
3	226	227
3	227	228
3	228	229
3	229	230
3	230	231
3	231	232
3	232	233
3	233	234
3	234	235
3	235	236
3	236	237
3	237	238
3	238	239
3	239	240
3	240	241
3	241	242
3	242	243
3	243	244
3	244	245
3	245	246
3	246	247
3	247	248
3	248	249
3	249	200
