"Time_Iter","Outer_Iter","Inner_Iter",    "rms[Rho]"    ,    "rms[RhoU]"   ,    "rms[RhoV]"   ,    "rms[RhoE]"   ,    "RefForce"    ,       "CD"       ,       "CL"       ,       "CSF"      ,       "CMx"      ,       "CMy"      ,       "CMz"      ,       "CFx"      ,       "CFy"      ,       "CFz"      ,      "CEff"      
          0,           0,           0,      -4.840581451,      -4.752762702,      -5.584879616,      -4.244199025,             0.448,     0.02205285114,      0.3254946563,                 0,                 0,                 0,      0.1043325262,      0.0177467954,        0.32575781,                 0,       14.75975393
          0,           0,           1,      -5.125171972,      -4.944499827,      -4.984842607,      -4.524007342,             0.448,     0.01982400999,       0.324487151,                 0,                 0,                 0,      0.1018601215,     0.01553147171,      0.3247209201,                 0,       16.36839122
          0,           0,           2,      -5.050195952,      -4.979555702,      -5.126985152,      -4.464577675,             0.448,     0.01940491571,      0.3252428282,                 0,                 0,                 0,      0.1010726499,     0.01510242149,      0.3254709893,                 0,       16.76084726
          0,           0,           3,      -5.013572507,      -5.049815639,      -5.061027877,      -4.430994643,             0.448,     0.01973489607,      0.3243033203,                 0,                 0,                 0,      0.1016014137,     0.01544479644,       0.324535927,                 0,        16.4329885
          0,           0,           4,      -4.973168442,      -5.086756954,      -5.045974151,      -4.401444993,             0.448,     0.01939673189,      0.3237944768,                 0,                 0,                 0,      0.1014612204,     0.01511339044,      0.3240226564,                 0,       16.69324908
          0,           0,           5,      -4.959402234,      -5.127852887,      -5.119071809,      -4.395613303,             0.448,     0.01912055547,      0.3241546097,                 0,                 0,                 0,       0.101435649,     0.01483247601,      0.3243791058,                 0,       16.95320045
          0,           0,           6,       -4.93717399,      -5.185855197,      -5.163339766,      -4.373425515,             0.448,     0.01890637421,      0.3239277134,                 0,                 0,                 0,      0.1013168234,      0.0146213138,      0.3241493972,                 0,        17.1332541
          0,           0,           7,      -4.925230636,      -5.224309724,      -5.130115503,       -4.36226705,             0.448,     0.01874041701,      0.3238359714,                 0,                 0,                 0,      0.1013607228,     0.01445658424,      0.3240554687,                 0,       17.28008353
          0,           0,           8,      -4.918697901,      -5.233844366,      -5.138184682,      -4.358406758,             0.448,     0.01856698324,      0.3241172211,                 0,                 0,                 0,      0.1015455387,     0.01427944658,      0.3243344004,                 0,       17.45664424
          0,           0,           9,       -4.91601874,      -5.263947335,      -5.181516532,      -4.357029502,             0.448,     0.01835759475,      0.3244647686,                 0,                 0,                 0,      0.1017014562,     0.01406548066,      0.3246791487,                 0,       17.67468848
          0,           0,          10,      -4.915651958,       -5.28369815,      -5.213339753,      -4.355446224,             0.448,     0.01816240165,       0.324879561,                 0,                 0,                 0,      0.1018571202,     0.01386481968,      0.3250913237,                 0,       17.88747805
          0,           0,          11,      -4.918815787,      -5.278032068,      -5.220741402,      -4.357318202,             0.448,     0.01798887874,      0.3254264712,                 0,                 0,                 0,      0.1020272396,     0.01368407996,      0.3256358915,                 0,       18.09042553
          0,           0,          12,      -4.927584701,      -5.285547557,      -5.229519629,       -4.36670539,             0.448,     0.01781862041,      0.3260763489,                 0,                 0,                 0,      0.1021709565,     0.01350524296,      0.3262834611,                 0,       18.29975281
          0,           0,          13,       -4.93949342,       -5.30596169,       -5.25380107,      -4.380004408,             0.448,     0.01764714832,      0.3267877797,                 0,                 0,                 0,      0.1022675127,     0.01332437836,      0.3269925622,                 0,       18.51788027
          0,           0,          14,        -4.9524526,      -5.321645332,      -5.284920119,      -4.393558638,             0.448,     0.01748014723,      0.3275343196,                 0,                 0,                 0,      0.1023185274,     0.01314752012,      0.3277368285,                 0,       18.73750348
          0,           0,          15,      -4.965572374,      -5.322947916,      -5.310875728,      -4.406226106,             0.448,     0.01731656406,      0.3282614655,                 0,                 0,                 0,      0.1023069391,     0.01297433596,      0.3284617477,                 0,       18.95650109
          0,           0,          16,       -4.97716349,      -5.314324038,      -5.328761869,      -4.416783084,             0.448,     0.01715745252,        0.32894682,                 0,                 0,                 0,      0.1022303382,     0.01280617565,      0.3291449383,                 0,       19.17224131
          0,           0,          17,      -4.988692845,      -5.302834923,      -5.343756467,      -4.427615458,             0.448,     0.01700805638,      0.3296021709,                 0,                 0,                 0,      0.1021073867,     0.01264812664,      0.3297982564,                 0,       19.37917911
          0,           0,          18,      -5.001355565,      -5.292775185,      -5.361360042,       -4.44008899,             0.448,     0.01686789538,      0.3302161071,                 0,                 0,                 0,       0.101944408,     0.01249985961,      0.3304102856,                 0,       19.57660393
          0,           0,          19,      -5.013857249,      -5.285439051,      -5.383993918,      -4.452548106,             0.448,     0.01673745964,      0.3307830849,                 0,                 0,                 0,      0.1017493416,     0.01236193792,       0.330975489,                 0,       19.76304004
          0,           0,          20,      -5.026462946,      -5.280668693,      -5.410862828,      -4.465283806,             0.448,      0.0166173577,       0.331298139,                 0,                 0,                 0,      0.1015280315,     0.01223503575,      0.3314889099,                 0,       19.93687234
          0,           0,          21,      -5.038867975,      -5.278241255,      -5.440391463,       -4.47784634,             0.448,     0.01650873772,      0.3317598586,                 0,                 0,                 0,      0.1012872124,      0.0121203198,      0.3319491528,                 0,       20.09601607
          0,           0,          22,      -5.051106071,      -5.277841923,      -5.470586579,      -4.490249667,             0.448,       0.016414163,       0.332177124,                 0,                 0,                 0,      0.1010382486,     0.01202023569,      0.3323651312,                 0,       20.23722587
          0,           0,          23,      -5.064263067,      -5.278913737,      -5.499600005,      -4.503672625,             0.448,      0.0163315368,       0.332541223,                 0,                 0,                 0,       0.100780025,     0.01193280211,      0.3327281057,                 0,       20.36190636
          0,           0,          24,      -5.075550743,      -5.282042933,      -5.526136714,      -4.514898594,             0.448,     0.01626271275,      0.3328637205,                 0,                 0,                 0,      0.1005226743,     0.01185971958,      0.3330496649,                 0,       20.46790875
          0,           0,          25,      -5.085621838,      -5.287278225,      -5.548416151,      -4.524867662,             0.448,     0.01620769127,      0.3331467797,                 0,                 0,                 0,      0.1002697233,     0.01180095993,      0.3333319718,                 0,        20.5548572
          0,           0,          26,      -5.095057621,       -5.29448919,      -5.565790094,      -4.534149191,             0.448,     0.01616538492,      0.3333860909,                 0,                 0,                 0,      0.1000215183,     0.01175549279,      0.3335707026,                 0,       20.62345515
          0,           0,          27,      -5.104558042,      -5.303773891,      -5.579280495,      -4.543366878,             0.448,     0.01613528582,      0.3335819162,                 0,                 0,                 0,     0.09978100569,     0.01172280685,      0.3337661128,                 0,       20.67406304
          0,           0,          28,      -5.115203928,      -5.315940946,      -5.590492199,      -4.553704438,             0.448,     0.01611534228,      0.3337267636,                 0,                 0,                 0,     0.09954838063,     0.01170094969,      0.3339106838,                 0,       20.70863639
          0,           0,          29,      -5.127346826,      -5.331429013,      -5.601950815,      -4.565548243,             0.448,      0.0161050315,      0.3338253737,                 0,                 0,                 0,      0.0993281584,     0.01168933586,       0.334009149,                 0,       20.72801743
          0,           0,          30,      -5.141149136,      -5.350579429,      -5.615977094,      -4.579047714,             0.448,     0.01610479124,      0.3338909051,                 0,                 0,                 0,     0.09912750484,     0.01168822907,      0.3340746715,                 0,       20.73239572
          0,           0,          31,      -5.155855609,       -5.37334664,      -5.633523526,      -4.593441071,             0.448,     0.01611439636,       0.333931975,                 0,                 0,                 0,     0.09895174299,     0.01169729027,      0.3341158648,                 0,       20.72258665
          0,           0,          32,      -5.171575598,      -5.398657246,      -5.653582111,      -4.608974854,             0.448,     0.01613146683,      0.3339466937,                 0,                 0,                 0,     0.09879992797,     0.01171416461,      0.3341308079,                 0,       20.70157025
          0,           0,          33,      -5.187302832,      -5.426063628,      -5.674933298,      -4.624439338,             0.448,     0.01615400174,      0.3339419755,                 0,                 0,                 0,     0.09867179539,     0.01173675995,      0.3341263881,                 0,       20.67239938
          0,           0,          34,      -5.202935662,      -5.455468216,      -5.696338459,      -4.639760924,             0.448,     0.01618030731,      0.3339233425,                 0,                 0,                 0,     0.09856687164,     0.01176330961,      0.3341081046,                 0,       20.63763908
          0,           0,          35,      -5.218798505,      -5.486248039,      -5.717183428,      -4.655304709,             0.448,     0.01620856425,      0.3339001422,                 0,                 0,                 0,     0.09848352713,     0.01179187087,        0.33408528,                 0,       20.60022942
          0,           0,          36,      -5.235459518,      -5.518059919,      -5.736679471,      -4.671701584,             0.448,     0.01623755164,      0.3338714247,                 0,                 0,                 0,     0.09842045013,     0.01182123546,      0.3340569483,                 0,       20.56168516
          0,           0,          37,      -5.252545008,      -5.550472015,      -5.754915671,      -4.688566523,             0.448,     0.01626637034,      0.3338410346,                 0,                 0,                 0,     0.09837740673,      0.0118504535,       0.334026942,                 0,       20.52338829
          0,           0,          38,      -5.269512834,      -5.582823176,      -5.773163334,       -4.70528223,             0.448,     0.01629387489,      0.3338127961,                 0,                 0,                 0,     0.09835215927,     0.01187832905,      0.3339990696,                 0,       20.48701113
          0,           0,          39,      -5.286751846,      -5.614815638,      -5.792207249,      -4.722288884,             0.448,     0.01631882388,      0.3337910878,                 0,                 0,                 0,     0.09834093656,     0.01190356291,      0.3339776931,                 0,       20.45435936
          0,           0,          40,      -5.304481033,      -5.646448317,       -5.81235111,      -4.739845932,             0.448,      0.0163406302,       0.333772384,                 0,                 0,                 0,     0.09834123473,     0.01192561466,      0.3339592793,                 0,        20.4259187
          0,           0,          41,      -5.324472687,      -5.678426681,      -5.833358231,      -4.759881188,             0.448,     0.01635882259,      0.3337553863,                 0,                 0,                 0,     0.09835065897,     0.01194403022,      0.3339425237,                 0,       20.40216431
          0,           0,          42,      -5.347932186,      -5.711147616,      -5.854041512,      -4.783685861,             0.448,     0.01637338202,      0.3337331972,                 0,                 0,                 0,     0.09836574941,     0.01195888179,       0.333920529,                 0,       20.38266723
          0,           0,          43,      -5.372599179,      -5.744418265,      -5.875904699,      -4.808729269,             0.448,     0.01638416979,      0.3337085183,                 0,                 0,                 0,     0.09838398674,     0.01196999496,      0.3338959949,                 0,       20.36774048
          0,           0,          44,      -5.398514805,      -5.778492824,      -5.900124126,      -4.834976192,             0.448,     0.01639127968,      0.3336825451,                 0,                 0,                 0,      0.0984029796,     0.01197744768,      0.3338701181,                 0,       20.35732118
          0,           0,          45,      -5.425594266,      -5.813454233,      -5.926104732,      -4.862421769,             0.448,     0.01639496238,      0.3336544046,                 0,                 0,                 0,     0.09842019269,     0.01198150216,      0.3338420287,                 0,       20.35103204
          0,           0,          46,      -5.454072892,      -5.849329431,      -5.953139373,      -4.891287862,             0.448,     0.01639569561,      0.3336232428,                 0,                 0,                 0,     0.09843423885,     0.01198264739,      0.3338108793,                 0,       20.34822131
          0,           0,          47,      -5.483942847,      -5.885543739,      -5.980924383,      -4.921521954,             0.448,     0.01639398281,      0.3335894235,                 0,                 0,                 0,     0.09844455902,     0.01198138196,      0.3337770403,                 0,       20.34828432
          0,           0,          48,      -5.515044386,      -5.921293967,      -6.009562731,      -4.952960251,             0.448,     0.01639029408,      0.3335524725,                 0,                 0,                 0,     0.09845059032,     0.01197818216,      0.3337400437,                 0,       20.35060938
          0,           0,          49,      -5.547596367,       -5.95629371,      -6.038332273,       -4.98575859,             0.448,     0.01638511552,      0.3335116221,                 0,                 0,                 0,     0.09845191443,     0.01197354423,      0.3336991285,                 0,       20.35454811
          0,           0,          50,       -5.58180861,      -5.990537461,      -6.067464616,      -5.020106377,             0.448,     0.01637905096,      0.3334658786,                 0,                 0,                 0,     0.09844898802,     0.01196808508,      0.3336533088,                 0,       20.35929185
          0,           0,          51,      -5.617908289,      -6.023930318,      -6.098997981,       -5.05625699,             0.448,     0.01615541029,      0.3334264583,                 0,                 0,                 0,     0.09844196591,      0.0119623372,      0.3336032117,                 0,       20.63868712
          0,           0,          52,      -4.239778343,       -4.21091929,      -4.042150085,      -3.633112529,             0.448,     0.01614915639,      0.3333627035,                 0,                 0,                 0,     0.09842902197,     0.01195688531,      0.3335393833,                 0,       20.64273176
          0,           0,          53,      -4.536082358,      -4.475507006,      -4.319436288,      -3.925790667,             0.448,     0.01614231036,      0.3330307249,                 0,                 0,                 0,     0.09835027515,     0.01195421341,      0.3332073449,                 0,        20.6309207
          0,           0,          54,      -4.777875517,      -4.645803552,      -4.743236429,      -4.184692978,             0.448,     0.01612628108,      0.3318892898,                 0,                 0,                 0,     0.09807008766,     0.01195253538,      0.3320657985,                 0,       20.58064647
          0,           0,          55,      -4.973719614,      -4.785585437,      -4.978860773,      -4.364188444,             0.448,     0.01610557458,      0.3302151506,                 0,                 0,                 0,     0.09770335316,     0.01195287759,      0.3303915313,                 0,       20.50315864
          0,           0,          56,      -5.132512977,      -4.982508056,      -5.045509713,       -4.53470158,             0.448,     0.01609990541,       0.328725449,                 0,                 0,                 0,     0.09747142702,     0.01196593721,      0.3289018761,                 0,       20.41784971
          0,           0,          57,      -5.226651875,      -5.087556061,      -5.170117532,      -4.630387076,             0.448,      0.0160990254,      0.3278786608,                 0,                 0,                 0,     0.09745917087,     0.01197570299,      0.3280551438,                 0,       20.36636707
          0,           0,          58,       -5.35656661,      -5.180715342,      -5.301701909,      -4.758521009,             0.448,      0.0160995584,      0.3276719438,                 0,                 0,                 0,     0.09761297242,     0.01197883477,      0.3278484498,                 0,       20.35285289
          0,           0,          59,      -5.387053522,      -5.214975222,      -5.368097095,      -4.787874111,             0.448,     0.01609674906,      0.3276578989,                 0,                 0,                 0,     0.09778153653,     0.01197620222,      0.3278343707,                 0,       20.35553252
          0,           0,          60,      -5.437156893,      -5.281333779,      -5.413236897,      -4.837386162,             0.448,     0.01608486174,      0.3274697371,                 0,                 0,                 0,     0.09788247262,     0.01196668138,      0.3276460743,                 0,       20.35887796
          0,           0,          61,      -5.541304082,      -5.410639407,      -5.502268678,      -4.949323495,             0.448,     0.01607328684,      0.3271580978,                 0,                 0,                 0,      0.0979476487,      0.0119590253,      0.3273343142,                 0,        20.3541504
          0,           0,          62,      -5.603309378,      -5.499281309,      -5.614549268,      -5.020846824,             0.448,     0.01606651269,       0.326871255,                 0,                 0,                 0,     0.09801886269,     0.01195585783,      0.3270474088,                 0,        20.3448789
          0,           0,          63,      -5.620877389,      -5.539376642,        -5.6754924,      -5.038801963,             0.448,     0.01606302107,      0.3266484805,                 0,                 0,                 0,     0.09810110424,     0.01195516718,      0.3268246081,                 0,       20.33543249
          0,           0,          64,      -5.658664203,      -5.608834881,       -5.71099781,      -5.079823654,             0.448,     0.01606208009,      0.3264743404,                 0,                 0,                 0,     0.09818669272,     0.01195641555,      0.3266504699,                 0,       20.32578212
          0,           0,          65,      -5.700254394,      -5.694693537,      -5.792113496,      -5.129593251,             0.448,     0.01606401992,      0.3263440461,                 0,                 0,                 0,     0.09827366075,     0.01195999326,      0.3265202103,                 0,       20.31521673
          0,           0,          66,      -5.715651146,      -5.759920607,      -5.906786638,      -5.150109525,             0.448,     0.01606860559,      0.3262560043,                 0,                 0,                 0,     0.09836080301,     0.01196568542,      0.3264322331,                 0,       20.30394003
          0,           0,          67,      -5.718734019,      -5.808248515,      -5.970826902,      -5.154572896,             0.448,     0.01607488481,      0.3261947017,                 0,                 0,                 0,      0.0984429267,     0.01197273483,      0.3263710143,                 0,       20.29219529
          0,           0,          68,      -5.720661947,      -5.850033919,      -5.981308947,      -5.157551032,             0.448,     0.01608224715,      0.3261429645,                 0,                 0,                 0,     0.09851647613,     0.01198074702,      0.3263193738,                 0,       20.27968863
          0,           0,          69,      -5.721344149,      -5.889264675,      -5.998414704,      -5.159832942,             0.448,     0.01609066837,      0.3260976525,                 0,                 0,                 0,      0.0985825265,     0.01198973724,      0.3262741712,                 0,       20.26625899
          0,           0,          70,      -5.720916911,      -5.928248701,      -6.033334554,      -5.161211683,             0.448,     0.01610007407,       0.326065042,                 0,                 0,                 0,     0.09864384111,     0.01199955216,      0.3262416815,                 0,       20.25239391
          0,           0,          71,        -5.7198069,      -5.966862904,      -6.072307999,      -5.161694704,             0.448,     0.01611012144,      0.3260459297,                 0,                 0,                 0,     0.09870081985,     0.01200983902,       0.326222697,                 0,       20.23857677
          0,           0,          72,      -5.718191129,      -6.002496383,      -6.103863397,      -5.161195496,             0.448,      0.0161204733,      0.3260340974,                 0,                 0,                 0,     0.09875220495,     0.01202033882,      0.3262109958,                 0,       20.22484646
          0,           0,          73,      -5.716538271,      -6.034080411,      -6.126994958,      -5.160117959,             0.448,     0.01613090366,      0.3260244486,                 0,                 0,                 0,       0.098797197,     0.01203088966,      0.3262014789,                 0,       20.21117077
          0,           0,          74,        -5.7157549,      -6.063114693,       -6.14458794,      -5.159591498,             0.448,     0.01614120771,      0.3260158239,                 0,                 0,                 0,     0.09883622164,     0.01204130132,      0.3261929844,                 0,       20.19773425
          0,           0,          75,       -5.71624522,      -6.090479609,      -6.158486259,       -5.16019307,             0.448,     0.01615111968,      0.3260085795,                 0,                 0,                 0,     0.09886992243,     0.01205130358,      0.3261858652,                 0,       20.18489033
          0,           0,          76,      -5.718397539,      -6.115571393,      -6.169931185,      -5.162355501,             0.448,     0.01616038986,      0.3260010743,                 0,                 0,                 0,     0.09889851958,     0.01206066739,      0.3261784772,                 0,       20.17284713
          0,           0,          77,      -5.722491149,      -6.138034085,      -6.180300848,      -5.166300501,             0.448,      0.0161688311,      0.3259908478,                 0,                 0,                 0,     0.09892200042,     0.01206923652,      0.3261683576,                 0,       20.16168304
          0,           0,          78,      -5.728643636,      -6.158654224,      -6.190919183,      -5.172143296,             0.448,     0.01617631402,      0.3259767024,                 0,                 0,                 0,     0.09894060884,     0.01207689669,      0.3261543074,                 0,       20.15148209
          0,           0,          79,      -5.736908661,      -6.178992932,      -6.203046601,      -5.179997903,             0.448,     0.01618273416,      0.3259588779,                 0,                 0,                 0,     0.09895486545,     0.01208354041,       0.326136565,                 0,       20.14238599
          0,           0,          80,      -5.747315131,      -6.200490767,      -6.217443178,       -5.18996028,             0.448,     0.01618801372,       0.325937983,                 0,                 0,                 0,     0.09896540355,     0.01208908224,      0.3261157381,                 0,       20.13452599
          0,           0,          81,      -5.760645221,      -6.224095317,      -6.234578652,      -5.202874198,             0.448,     0.01619209995,      0.3259141883,                 0,                 0,                 0,      0.0989727029,     0.01209346729,      0.3260919967,                 0,       20.12797532
          0,           0,          82,      -5.775991426,      -6.249408342,      -6.254550561,      -5.217778074,             0.448,     0.01619495999,      0.3258875218,                 0,                 0,                 0,     0.09897707026,     0.01209666235,      0.3260653682,                 0,       20.12277412
          0,           0,          83,      -5.793056433,      -6.275336625,      -6.276520659,      -5.234427537,             0.448,     0.01619661104,      0.3258579653,                 0,                 0,                 0,     0.09897876991,     0.01209868485,      0.3260358348,                 0,       20.11889799
          0,           0,          84,      -5.811676581,      -6.301069182,      -6.299673759,      -5.252632095,             0.448,     0.01619710624,      0.3258257219,                 0,                 0,                 0,     0.09897814204,     0.01209958538,      0.3260036002,                 0,       20.11629219
          0,           0,          85,      -5.831826702,      -6.326567949,      -6.323609488,      -5.272363726,             0.448,     0.01619653149,      0.3257914483,                 0,                 0,                 0,     0.09897564661,     0.01209944155,      0.3259693221,                 0,       20.11488994
          0,           0,          86,      -5.853493596,      -6.352247264,      -6.348264052,      -5.293620579,             0.448,     0.01619494161,      0.3257557646,                 0,                 0,                 0,     0.09897160047,     0.01209830041,      0.3259336212,                 0,       20.11466126
          0,           0,          87,      -5.876630626,      -6.378567705,      -6.373691493,       -5.31636914,             0.448,     0.01619240464,      0.3257191948,                 0,                 0,                 0,     0.09896625213,     0.01209622339,      0.3258970224,                 0,        20.1155543
          0,           0,          88,      -5.901172631,      -6.405842632,      -6.399947365,       -5.34056038,             0.448,     0.01618902666,      0.3256821689,                 0,                 0,                 0,     0.09895982969,     0.01209331116,       0.325859957,                 0,       20.11746449
          0,           0,          89,      -5.927053372,      -6.434219951,      -6.427072362,      -5.366141498,             0.448,     0.01618494072,      0.3256451102,                 0,                 0,                 0,     0.09895255886,     0.01208969144,      0.3258228499,                 0,        20.1202535
          0,           0,          90,      -5.954102713,      -6.463729982,      -6.455154338,      -5.392946449,             0.448,     0.01618029272,       0.325608417,                 0,                 0,                 0,     0.09894466063,     0.01208550511,      0.3257861011,                 0,       20.12376554
          0,           0,          91,      -5.982140199,      -6.494316738,       -6.48432858,      -5.420803637,             0.448,     0.01617522786,      0.3255725228,                 0,                 0,                 0,     0.09893633533,     0.01208089191,       0.325750146,                 0,       20.12784769
          0,           0,          92,      -6.011190156,      -6.525829567,      -6.514676347,      -5.449773899,             0.448,     0.01616989633,      0.3255378152,                 0,                 0,                 0,     0.09892774385,     0.01207599714,      0.3257153741,                 0,        20.1323378
          0,           0,          93,      -6.041076557,      -6.558010066,      -6.546032507,      -5.479692649,             0.448,     0.01616445538,      0.3255046008,                 0,                 0,                 0,     0.09891903143,     0.01207097419,       0.325682094,                 0,       20.13705956
          0,           0,          94,      -6.071615808,      -6.590473009,      -6.578163799,      -5.510377394,             0.448,     0.01615905598,      0.3254731446,                 0,                 0,                 0,     0.09891034486,     0.01206597068,      0.3256505724,                 0,       20.14184151
          0,           0,          95,      -6.102598346,      -6.622615819,      -6.610844121,      -5.541618661,             0.448,     0.01615383697,      0.3254436503,                 0,                 0,                 0,     0.09890181553,     0.01206112288,      0.3256210148,                 0,       20.14652313
          0,           0,          96,      -6.133796848,      -6.653647326,      -6.643838049,      -5.573188135,             0.448,     0.01614892042,      0.3254162185,                 0,                 0,                 0,     0.09889355593,     0.01205655159,      0.3255935233,                 0,       20.15095808
          0,           0,          97,      -6.164986502,       -6.68274225,      -6.676851573,      -5.604854949,             0.448,     0.01614440549,       0.325390908,                 0,                 0,                 0,     0.09888567898,     0.01205235521,      0.3255681581,                 0,       20.15502573
          0,           0,          98,      -6.195968065,      -6.709247045,      -6.709590486,      -5.636409504,             0.448,     0.01614037026,       0.325367748,                 0,                 0,                 0,      0.0988782934,     0.01204861147,      0.3255449492,                 0,       20.15862974
          0,           0,          99,      -6.226562434,      -6.732809647,      -6.741748821,        -5.6676578,             0.448,      0.0161368728,      0.3253467337,                 0,                 0,                 0,     0.09887149996,     0.01204537847,      0.3255238926,                 0,       20.16169662
          0,           0,         100,      -6.256633301,      -6.753433533,      -6.772963821,      -5.698444733,             0.448,     0.01613395146,      0.3253278013,                 0,                 0,                 0,     0.09886538964,     0.01204269538,       0.325504925,                 0,        20.1641738
          0,           0,         101,      -6.286092476,       -6.77147462,      -6.802896487,      -5.728662366,             0.448,     0.01615070668,      0.3253099474,                 0,                 0,                 0,     0.09886004671,      0.0120405805,        0.32548799,                 0,       20.14214943
          0,           0,         102,      -5.283508317,      -5.256692068,      -5.087650232,      -4.677283435,             0.448,     0.01614893164,      0.3252958427,                 0,                 0,                 0,     0.09885569921,     0.01203898374,       0.325473864,                 0,       20.14348999
          0,           0,         103,      -5.576799413,      -5.519690412,      -5.364807216,      -4.967448619,             0.448,     0.01614785839,      0.3253077531,                 0,                 0,                 0,     0.09885801811,     0.01203776015,      0.3254857599,                 0,       20.14556638
          0,           0,         104,      -5.808540865,      -5.689560559,      -5.788270068,      -5.217290522,             0.448,     0.01614831059,      0.3253946829,                 0,                 0,                 0,     0.09887947003,     0.01203711435,      0.3255726885,                 0,       20.15038546
          0,           0,         105,      -5.990870087,      -5.830253255,      -6.021289544,      -5.387523319,             0.448,     0.01614980653,      0.3255317143,                 0,                 0,                 0,     0.09890976263,     0.01203687938,      0.3257097278,                 0,       20.15700397
          0,           0,         106,      -6.128373247,      -6.026523184,      -6.086785289,      -5.539368482,             0.448,     0.01615049061,       0.325653219,                 0,                 0,                 0,      0.0989287501,     0.01203602874,      0.3258312315,                 0,       20.16367347
          0,           0,         107,      -6.203412917,      -6.125801971,      -6.210260487,      -5.617911888,             0.448,     0.01615123424,      0.3257179398,                 0,                 0,                 0,      0.0989290648,     0.01203595486,      0.3258959565,                 0,       20.16675227
          0,           0,         108,      -6.297829499,      -6.214178932,      -6.338523169,      -5.715511417,             0.448,     0.01615233233,      0.3257268796,                 0,                 0,                 0,     0.09891570621,     0.01203693994,      0.3259049095,                 0,       20.16593474
          0,           0,         109,      -6.325649417,      -6.248423119,      -6.402932083,      -5.743224152,             0.448,     0.01615406764,      0.3257202396,                 0,                 0,                 0,     0.09890204856,     0.01203875898,      0.3258982919,                 0,       20.16335742
          0,           0,         110,      -6.363551472,      -6.314284746,       -6.44583312,      -5.782370374,             0.448,     0.01615682399,      0.3257303499,                 0,                 0,                 0,     0.09889530696,     0.01204138741,      0.3259084362,                 0,       20.16054332
          0,           0,         111,      -6.427865548,      -6.438399254,      -6.527735181,      -5.855441638,             0.448,     0.01615966943,      0.3257529095,                 0,                 0,                 0,     0.09889248267,     0.01204394769,        0.32593103,                 0,       20.15838943
          0,           0,         112,      -6.467296528,      -6.519598132,       -6.62908782,      -5.901706988,             0.448,     0.01616213212,      0.3257747946,                 0,                 0,                 0,     0.09888986718,     0.01204613376,      0.3259529444,                 0,       20.15667192
          0,           0,         113,      -6.486842889,      -6.555958323,      -6.685114109,      -5.921678047,             0.448,     0.01616430409,      0.3257921263,                 0,                 0,                 0,     0.09888685654,     0.01204808665,      0.3259703021,                 0,       20.15503571
          0,           0,         114,      -6.514750574,      -6.622725301,      -6.719580523,      -5.951774289,             0.448,     0.01616619092,      0.3258058986,                 0,                 0,                 0,     0.09888385896,     0.01204979938,      0.3259840972,                 0,       20.15353525
          0,           0,         115,      -6.543577945,      -6.709221345,      -6.790559724,      -5.984948276,             0.448,     0.01616770005,      0.3258165753,                 0,                 0,                 0,     0.09888089378,     0.01205117353,      0.3259947921,                 0,       20.15231444
          0,           0,         116,      -6.562451166,      -6.778721909,      -6.883120806,      -6.006369219,             0.448,     0.01616880739,      0.3258239436,                 0,                 0,                 0,     0.09887788277,     0.01205218771,      0.3260021738,                 0,       20.15139001
          0,           0,         117,      -6.576696141,      -6.827122672,      -6.935942583,      -6.021293358,             0.448,     0.01616954751,      0.3258291025,                 0,                 0,                 0,     0.09887508355,     0.01205286262,      0.3260073417,                 0,       20.15078668
          0,           0,         118,      -6.590883512,      -6.864035907,      -6.954052295,      -6.035533822,             0.448,     0.01616995336,      0.3258333882,                 0,                 0,                 0,      0.0988726836,      0.0120532143,      0.3260116321,                 0,       20.15054595
          0,           0,         119,      -6.605703119,      -6.899033131,      -6.977155751,      -6.050313771,             0.448,     0.01617001807,      0.3258369692,                 0,                 0,                 0,     0.09887049852,     0.01205323378,      0.3260152136,                 0,       20.15068677
          0,           0,         120,      -6.621367502,      -6.937021421,      -7.011504487,      -6.066064645,             0.448,     0.01616973577,      0.3258392591,                 0,                 0,                 0,     0.09886821438,     0.01205292258,      0.3260174998,                 0,       20.15118019
          0,           0,         121,      -6.637917937,      -6.976714933,      -7.048238996,      -6.082802659,             0.448,     0.01616912718,      0.3258400505,                 0,                 0,                 0,     0.09886569027,     0.01205230405,      0.3260182835,                 0,        20.1519876
          0,           0,         122,      -6.654984042,      -7.013754794,      -7.082169884,      -6.099976487,             0.448,     0.01616822467,      0.3258397114,                 0,                 0,                 0,     0.09886297416,     0.01205140589,       0.326017933,                 0,       20.15309151
          0,           0,         123,      -6.672195995,      -7.045289659,      -7.113558219,      -6.117121463,             0.448,     0.01616705968,      0.3258385987,                 0,                 0,                 0,      0.0988601217,     0.01205025505,      0.3260168057,                 0,       20.15447491
          0,           0,         124,      -6.689485289,      -7.072122419,      -7.142928279,      -6.134264193,             0.448,      0.0161656683,      0.3258367397,                 0,                 0,                 0,     0.09885710791,     0.01204888725,      0.3260149292,                 0,       20.15609461
          0,           0,         125,      -6.706908093,      -7.096346033,      -7.169585621,       -6.15160478,             0.448,     0.01616409662,      0.3258340966,                 0,                 0,                 0,     0.09885389901,     0.01204734909,      0.3260122665,                 0,       20.15789092
          0,           0,         126,      -6.724410584,      -7.119166769,      -7.193249619,      -6.169151444,             0.448,     0.01616239442,      0.3258308277,                 0,                 0,                 0,     0.09885052152,     0.01204568831,      0.3260089764,                 0,       20.15981167
          0,           0,         127,      -6.741795072,      -7.141250321,       -7.21445079,      -6.186703466,             0.448,      0.0161606075,      0.3258272014,                 0,                 0,                 0,     0.09884704016,     0.01204394733,      0.3260053278,                 0,       20.16181641
          0,           0,         128,      -6.758808682,      -7.163408946,      -7.234373211,      -6.203993315,             0.448,     0.01615877633,      0.3258234179,                 0,                 0,                 0,     0.09884351129,     0.01204216409,      0.3260015215,                 0,       20.16386707
          0,           0,         129,      -6.775248036,      -7.186546016,      -7.254240948,      -6.220805949,             0.448,     0.01615693796,      0.3258195671,                 0,                 0,                 0,     0.09883997193,     0.01204037451,      0.3259976477,                 0,       20.16592301
          0,           0,         130,      -6.791041048,      -7.211183308,      -7.274677618,      -6.237046276,             0.448,     0.01615512694,      0.3258156949,                 0,                 0,                 0,      0.0988364521,     0.01203861254,       0.325993753,                 0,       20.16794397
          0,           0,         131,      -6.806180182,      -7.236991752,      -7.295644114,      -6.252658885,             0.448,     0.01615337205,      0.3258118975,                 0,                 0,                 0,     0.09883299297,     0.01203690576,      0.3259899337,                 0,       20.16989991
          0,           0,         132,        -6.8207057,      -7.262783945,      -7.316698758,      -6.267625223,             0.448,     0.01615169615,      0.3258082795,                 0,                 0,                 0,     0.09882964044,     0.01203527569,      0.3259862949,                 0,       20.17176874
          0,           0,         133,      -6.834771771,      -7.286995005,      -7.337314518,      -6.282041444,             0.448,     0.01615011641,       0.325804946,                 0,                 0,                 0,     0.09882643677,     0.01203373818,      0.3259829416,                 0,       20.17353546
          0,           0,         134,      -6.848606835,      -7.308318773,      -7.357046866,       -6.29609494,             0.448,     0.01614864534,      0.3258019649,                 0,                 0,                 0,     0.09882341439,     0.01203230488,      0.3259799422,                 0,       20.17518857
          0,           0,         135,       -6.86248608,      -7.326105546,      -7.375603407,      -6.310050338,             0.448,     0.01614729202,      0.3257993712,                 0,                 0,                 0,     0.09882059406,     0.01203098442,      0.3259773316,                 0,       20.17671885
          0,           0,         136,      -6.876712612,       -7.34038778,      -7.393039499,       -6.32422363,             0.448,     0.01614606208,      0.3257971855,                 0,                 0,                 0,     0.09881799036,      0.0120297822,      0.3259751305,                 0,       20.17812045
          0,           0,         137,      -6.891593738,      -7.351674639,      -7.409607402,      -6.338943081,             0.448,     0.01614495886,      0.3257954201,                 0,                 0,                 0,     0.09881561134,     0.01202870136,      0.3259733514,                 0,       20.17938992
          0,           0,         138,      -6.907410458,      -7.360735963,      -7.425659126,      -6.354516549,             0.448,      0.0161439834,      0.3257940754,                 0,                 0,                 0,     0.09881345966,     0.01202774296,      0.3259719945,                 0,       20.18052591
          0,           0,         139,      -6.924383805,      -7.368395648,      -7.441569193,      -6.371195791,             0.448,      0.0161431347,      0.3257931324,                 0,                 0,                 0,     0.09881153214,     0.01202690623,      0.3259710408,                 0,       20.18152847
          0,           0,         140,      -6.942685423,       -7.37541666,      -7.457659768,      -6.389182234,             0.448,     0.01614240933,      0.3257925786,                 0,                 0,                 0,     0.09880982206,     0.01202618792,      0.3259704779,                 0,       20.18240102
          0,           0,         141,      -6.962426666,      -7.382449851,      -7.474219747,      -6.408611529,             0.448,     0.01614180238,      0.3257923922,                 0,                 0,                 0,     0.09880831749,     0.01202558337,      0.3259702839,                 0,       20.18314836
          0,           0,         142,      -6.983664287,      -7.390044985,      -7.491474672,      -6.429563443,             0.448,      0.0161413075,      0.3257925433,                 0,                 0,                 0,     0.09880700289,     0.01202508662,      0.3259704287,                 0,       20.18377652
          0,           0,         143,      -7.006370129,      -7.398664986,      -7.509499172,      -6.452033029,             0.448,     0.01614091711,      0.3257930009,                 0,                 0,                 0,     0.09880586031,     0.01202469049,      0.3259708813,                 0,       20.18429304
          0,           0,         144,      -7.030435193,      -7.408669629,      -7.528311313,       -6.47593031,             0.448,     0.01614062296,      0.3257937229,                 0,                 0,                 0,     0.09880486882,     0.01202438724,      0.3259715995,                 0,       20.18470561
          0,           0,         145,      -7.055672238,      -7.420315157,      -7.547848878,      -6.501076253,             0.448,     0.01614041652,      0.3257946553,                 0,                 0,                 0,     0.09880400489,     0.01202416903,      0.3259725293,                 0,       20.18502156
          0,           0,         146,      -7.081800383,      -7.433740539,       -7.56802418,      -6.527192376,             0.448,     0.01614028867,      0.3257957466,                 0,                 0,                 0,     0.09880324514,     0.01202402741,      0.3259736188,                 0,       20.18524906
          0,           0,         147,      -7.108458523,      -7.449007801,      -7.588611679,      -6.553917792,             0.448,     0.01614022989,      0.3257969479,                 0,                 0,                 0,      0.0988025672,     0.01202395347,      0.3259748194,                 0,       20.18539699
          0,           0,         148,      -7.135179791,      -7.466129618,      -7.609416734,      -6.580778944,             0.448,     0.01614023111,      0.3257982007,                 0,                 0,                 0,     0.09880194748,     0.01202393887,       0.325976072,                 0,       20.18547308
          0,           0,         149,      -7.161430519,       -7.48509655,      -7.630180668,      -6.607229009,             0.448,     0.01614028336,      0.3257994465,                 0,                 0,                 0,      0.0988013658,     0.01202397537,      0.3259773183,                 0,       20.18548493
          0,           0,         150,      -7.186662873,      -7.505893755,      -7.650554941,      -6.632699567,             0.448,      0.0161403783,       0.325800633,                 0,                 0,                 0,     0.09880080476,     0.01202405532,       0.325978506,                 0,        20.1854397
          0,           0,         151,      -7.210342988,      -7.528500014,      -7.670225832,      -6.656629438,             0.448,     0.01614617706,       0.325801432,                 0,                 0,                 0,     0.09880024945,     0.01202417212,      0.3259795874,                 0,       20.17823976
          0,           0,         152,      -5.813145018,      -5.784279105,      -5.615565009,      -5.206491243,             0.448,     0.01614633475,      0.3258027102,                 0,                 0,                 0,      0.0987997633,     0.01202431363,      0.3259808676,                 0,       20.17812186
          0,           0,         153,       -6.10947909,      -6.048829506,      -5.892857685,      -5.499223671,             0.448,     0.01614655128,       0.325810837,                 0,                 0,                 0,     0.09880095211,     0.01202442736,      0.3259889964,                 0,       20.17835458
          0,           0,         154,      -6.350487987,      -6.218966685,      -6.316935486,      -5.757455529,             0.448,     0.01614705351,      0.3258403946,                 0,                 0,                 0,     0.09880748079,     0.01202455571,       0.326018558,                 0,       20.17955748
          0,           0,         155,      -6.546207797,      -6.359613489,      -6.552227784,       -5.93716051,             0.448,     0.01614772429,      0.3258840717,                 0,                 0,                 0,     0.09881634966,       0.012024674,      0.3260622401,                 0,       20.18142408
          0,           0,         156,      -6.703193709,      -6.557580047,      -6.617736966,      -6.106483952,             0.448,     0.01614803718,      0.3259226191,                 0,                 0,                 0,      0.0988216069,     0.01202449932,      0.3261007884,                 0,       20.18342016
          0,           0,         157,      -6.791789038,      -6.660851231,      -6.742029957,      -6.197285355,             0.448,     0.01614827071,      0.3259435895,                 0,                 0,                 0,     0.09882100995,     0.01202446761,      0.3261217601,                 0,       20.18442688
          0,           0,         158,      -6.910401221,      -6.751719583,      -6.873804771,      -6.315853251,             0.448,     0.01614851827,      0.3259473527,                 0,                 0,                 0,     0.09881607914,     0.01202466755,      0.3261255261,                 0,       20.18435049
          0,           0,         159,      -6.936113377,      -6.785755264,      -6.940589856,       -6.34126213,             0.448,     0.01614889262,      0.3259459341,                 0,                 0,                 0,      0.0988108919,     0.01202505981,      0.3261241123,                 0,       20.18379475
          0,           0,         160,      -6.978856341,      -6.852329931,      -6.985200718,      -6.384561266,             0.448,     0.01614953036,      0.3259490708,                 0,                 0,                 0,     0.09880763181,     0.01202565783,      0.3261272569,                 0,       20.18319193
          0,           0,         161,      -7.064364555,      -6.982419232,      -7.071971392,      -6.479300461,             0.448,      0.0161501768,      0.3259555523,                 0,                 0,                 0,     0.09880547389,     0.01202622224,       0.326133746,                 0,       20.18278538
          0,           0,         162,      -7.111627685,      -7.073453784,      -7.182033419,      -6.535911996,             0.448,     0.01615071041,      0.3259614861,                 0,                 0,                 0,     0.09880332026,     0.01202668075,       0.326139686,                 0,       20.18248596
          0,           0,         163,      -7.124527514,      -7.114522648,      -7.243348803,      -6.549569498,             0.448,     0.01615116722,      0.3259657451,                 0,                 0,                 0,     0.09880102789,     0.01202708366,      0.3261439505,                 0,       20.18217882
          0,           0,         164,      -7.150760464,      -7.182039639,      -7.278689985,      -6.578517453,             0.448,     0.01615155857,      0.3259687719,                 0,                 0,                 0,     0.09879880839,     0.01202743669,       0.326146982,                 0,       20.18187722
          0,           0,         165,      -7.178211774,      -7.262732674,      -7.355357418,      -6.611465644,             0.448,     0.01615186774,      0.3259707637,                 0,                 0,                 0,     0.09879671661,     0.01202772065,      0.3261489775,                 0,       20.18161422
          0,           0,         166,      -7.189440591,      -7.321854974,      -7.460370385,      -6.625532786,             0.448,     0.01615209679,      0.3259717743,                 0,                 0,                 0,     0.09879476894,      0.0120279369,      0.3261499909,                 0,       20.18139059
          0,           0,         167,      -7.194535297,       -7.36564154,      -7.519116672,      -6.631208801,             0.448,     0.01615226651,      0.3259722174,                 0,                 0,                 0,     0.09879308262,       0.012028101,      0.3261504362,                 0,       20.18120597
          0,           0,         168,      -7.200180223,      -7.404104107,      -7.533330916,      -6.637256393,             0.448,     0.01615239042,      0.3259725591,                 0,                 0,                 0,     0.09879173582,     0.01202822057,      0.3261507794,                 0,       20.18107232
          0,           0,         169,      -7.205957157,      -7.439976608,      -7.554574808,       -6.64366869,             0.448,     0.01615246754,      0.3259728918,                 0,                 0,                 0,     0.09879068527,     0.01202829348,      0.3261511131,                 0,       20.18099656
          0,           0,         170,      -7.211796105,      -7.475229051,       -7.59137357,      -6.650238157,             0.448,     0.01615249807,      0.3259730663,                 0,                 0,                 0,     0.09878984214,      0.0120283218,       0.326151288,                 0,       20.18096922
          0,           0,         171,      -7.218267951,      -7.510497514,      -7.630610674,       -6.65736202,             0.448,     0.01615249029,      0.3259730516,                 0,                 0,                 0,     0.09878916718,     0.01202831421,      0.3261512731,                 0,       20.18097802
          0,           0,         172,      -7.225483309,      -7.544339468,      -7.663164483,      -6.665000594,             0.448,     0.01615245382,      0.3259729916,                 0,                 0,                 0,     0.09878867324,      0.0120282785,      0.3261512127,                 0,       20.18101987
          0,           0,         173,      -7.233425166,      -7.576112942,      -7.689294049,      -6.673116946,             0.448,     0.01615239532,      0.3259730036,                 0,                 0,                 0,     0.09878836514,     0.01202821986,       0.326151224,                 0,       20.18109371
          0,           0,         174,       -7.24234359,      -7.606976145,      -7.711756312,      -6.682076373,             0.448,     0.01615232128,      0.3259730867,                 0,                 0,                 0,       0.098788216,     0.01202814477,      0.3261513061,                 0,       20.18119136
          0,           0,         175,      -7.252593302,      -7.637393655,      -7.732047405,      -6.692324067,             0.448,     0.01615223992,      0.3259732154,                 0,                 0,                 0,     0.09878819322,     0.01202806179,      0.3261514338,                 0,       20.18130098
          0,           0,         176,      -7.264418479,      -7.666557307,      -7.750771894,      -6.704095001,             0.448,     0.01615215939,      0.3259734143,                 0,                 0,                 0,     0.09878827876,     0.01202797876,      0.3261516316,                 0,       20.18141391
          0,           0,         177,      -7.277959645,      -7.694164012,      -7.768300661,      -6.717495086,             0.448,     0.01615208582,      0.3259737323,                 0,                 0,                 0,     0.09878846349,     0.01202790117,      0.3261519487,                 0,       20.18152552
          0,           0,         178,      -7.293316338,      -7.721366514,      -7.785585579,      -6.732630828,             0.448,     0.01615202355,      0.3259741929,                 0,                 0,                 0,     0.09878873556,     0.01202783307,      0.3261524085,                 0,       20.18163185
          0,           0,         179,      -7.310557759,      -7.750116176,      -7.804112297,      -6.749615814,             0.448,     0.01615197622,      0.3259747844,                 0,                 0,                 0,     0.09878907787,     0.01202777826,      0.3261529993,                 0,       20.18172761
          0,           0,         180,      -7.329741079,      -7.781991977,      -7.825006389,      -6.768551089,             0.448,     0.01615194687,      0.3259754856,                 0,                 0,                 0,     0.09878947373,     0.01202774005,      0.3261537001,                 0,        20.1818077
          0,           0,         181,      -7.350868024,      -7.817398565,      -7.848541787,      -6.789455168,             0.448,     0.01615193767,      0.3259762858,                 0,                 0,                 0,     0.09878991131,     0.01202772073,      0.3261545001,                 0,       20.18186873
          0,           0,         182,      -7.373885991,      -7.855523138,      -7.874415966,      -6.812266872,             0.448,     0.01615194999,       0.325977184,                 0,                 0,                 0,     0.09879038336,     0.01202772169,      0.3261553983,                 0,       20.18190895
          0,           0,         183,      -7.398718109,      -7.894947397,      -7.902080435,      -6.836895361,             0.448,     0.01615198437,      0.3259781821,                 0,                 0,                 0,     0.09879088496,     0.01202774345,      0.3261563969,                 0,       20.18192778
          0,           0,         184,      -7.425290516,      -7.934355091,      -7.930907598,      -6.863263352,             0.448,     0.01615204075,      0.3259792745,                 0,                 0,                 0,     0.09879141057,     0.01202778599,      0.3261574899,                 0,       20.18192498
          0,           0,         185,      -7.453526148,       -7.97286465,      -7.960327355,      -6.891301945,             0.448,     0.01615211812,      0.3259804514,                 0,                 0,                 0,     0.09879195418,     0.01202784848,      0.3261586677,                 0,       20.18190116
          0,           0,         186,      -7.483332957,      -8.009985385,       -7.98992172,      -6.920935171,             0.448,     0.01615221467,      0.3259816997,                 0,                 0,                 0,     0.09879250951,     0.01202792923,      0.3261599171,                 0,        20.1818578
          0,           0,         187,      -7.514580208,      -8.045437831,      -8.019438819,      -6.952053582,             0.448,     0.01615232785,      0.3259830038,                 0,                 0,                 0,     0.09879307041,     0.01202802591,      0.3261612225,                 0,       20.18179713
          0,           0,         188,      -7.547093086,      -8.079026303,      -8.048755096,      -6.984510964,             0.448,      0.0161524544,       0.325984349,                 0,                 0,                 0,     0.09879363161,     0.01202813543,      0.3261625692,                 0,        20.1817223
          0,           0,         189,      -7.580638927,      -8.110622255,      -8.077815981,      -7.018109002,             0.448,     0.01615259048,      0.3259857215,                 0,                 0,                 0,     0.09879418852,     0.01202825415,      0.3261639433,                 0,       20.18163723
          0,           0,         190,      -7.614909907,      -8.140188465,      -8.106611362,      -7.052577415,             0.448,     0.01615273187,      0.3259871084,                 0,                 0,                 0,     0.09879473712,     0.01202837798,      0.3261653319,                 0,       20.18154645
          0,           0,         191,      -7.649510364,      -8.167780002,      -8.135146958,       -7.08755872,             0.448,     0.01615287418,      0.3259884978,                 0,                 0,                 0,     0.09879527366,     0.01202850271,      0.3261667229,                 0,       20.18145465
          0,           0,         192,      -7.683953187,       -8.19349651,      -8.163408584,      -7.122599278,             0.448,     0.01615301317,      0.3259898786,                 0,                 0,                 0,     0.09879579448,     0.01202862422,      0.3261681054,                 0,       20.18136648
          0,           0,         193,      -7.717673044,       -8.21740603,      -8.191319729,       -7.15715342,             0.448,     0.01615314488,      0.3259912414,                 0,                 0,                 0,     0.09879629603,     0.01202873869,      0.3261694698,                 0,       20.18128629
          0,           0,         194,      -7.750061964,      -8.239490124,      -8.218700846,      -7.190607505,             0.448,     0.01615326587,      0.3259925783,                 0,                 0,                 0,     0.09879677468,     0.01202884276,      0.3261708081,                 0,       20.18121789
          0,           0,         195,      -7.780534414,      -8.259667519,      -8.245262023,      -7.222335658,             0.448,     0.01615337328,      0.3259938826,                 0,                 0,                 0,     0.09879722683,     0.01202893366,      0.3261721136,                 0,       20.18116445
          0,           0,         196,      -7.808613887,      -8.277903108,      -8.270646426,      -7.251784668,             0.448,     0.01615346488,      0.3259951493,                 0,                 0,                 0,     0.09879764901,     0.01202900923,      0.3261733814,                 0,       20.18112843
          0,           0,         197,      -7.834020882,      -8.294334248,      -8.294515804,      -7.278572163,             0.448,     0.01615353912,      0.3259963745,                 0,                 0,                 0,     0.09879803782,     0.01202906797,      0.3261746074,                 0,       20.18111153
          0,           0,         198,      -7.856731665,      -8.309328709,      -8.316640984,      -7.302566039,             0.448,     0.01615359511,      0.3259975546,                 0,                 0,                 0,     0.09879839008,     0.01202910903,      0.3261757882,                 0,       20.18111464
          0,           0,         199,      -7.876984464,       -8.32343625,      -8.336961859,      -7.323913899,             0.448,     0.01615363257,      0.3259986869,                 0,                 0,                 0,     0.09879870302,     0.01202913217,      0.3261769209,                 0,       20.18113793
          0,           0,         200,      -7.895226267,      -8.337264701,      -8.355588289,      -7.343006405,             0.448,     0.01615365181,      0.3259997693,                 0,                 0,                 0,     0.09879897437,     0.01202913771,      0.3261780034,                 0,        20.1811809
          0,           0,         201,      -7.912025635,      -8.351369336,      -8.372774748,      -7.360395214,             0.448,     0.01615365362,      0.3260008001,                 0,                 0,                 0,     0.09879920258,     0.01202912648,      0.3261790341,                 0,       20.18124245
          0,           0,         202,      -7.927982203,      -8.366192648,      -8.388861896,      -7.376697238,             0.448,     0.01615363927,       0.326001778,                 0,                 0,                 0,     0.09879938676,     0.01202909977,      0.3261800118,                 0,       20.18132091
          0,           0,         203,      -7.943652508,      -8.382046754,      -8.404218465,      -7.392508233,             0.448,      0.0161536104,      0.3260027024,                 0,                 0,                 0,     0.09879952684,     0.01202905921,      0.3261809357,                 0,        20.1814142
          0,           0,         204,      -7.959505034,       -8.39912236,      -8.419204366,      -7.408347328,             0.448,     0.01615356894,      0.3260035727,                 0,                 0,                 0,     0.09879962357,     0.01202900675,      0.3261818055,                 0,       20.18151988
          0,           0,         205,      -7.975901798,       -8.41750583,      -8.434122607,      -7.424630014,             0.448,       0.016153517,      0.3260043894,                 0,                 0,                 0,     0.09879967854,     0.01202894448,      0.3261826214,                 0,       20.18163533
          0,           0,         206,      -7.993077925,      -8.437193517,      -8.449204866,      -7.441638772,             0.448,     0.01615345681,      0.3260051539,                 0,                 0,                 0,     0.09879969432,     0.01202887462,      0.3261833851,                 0,       20.18175786
          0,           0,         207,      -8.011149339,      -8.458090492,      -8.464607803,      -7.459530069,             0.448,     0.01615339064,      0.3260058681,                 0,                 0,                 0,     0.09879967413,     0.01202879943,      0.3261840984,                 0,       20.18188474
          0,           0,         208,      -8.030119724,      -8.480015978,      -8.480401571,       -7.47834007,             0.448,     0.01615332077,       0.326006534,                 0,                 0,                 0,     0.09879962189,     0.01202872114,      0.3261847633,                 0,       20.18201327
          0,           0,         209,      -8.049890342,      -8.502708094,      -8.496569652,      -7.497993297,             0.448,     0.01615324938,      0.3260071543,                 0,                 0,                 0,     0.09879954211,     0.01202864192,      0.3261853827,                 0,       20.18214085
          0,           0,         210,      -8.070277082,      -8.525823452,      -8.513017117,      -7.518319549,             0.448,     0.01615317855,      0.3260077322,                 0,                 0,                 0,     0.09879943977,     0.01202856378,      0.3261859596,                 0,       20.18226513
          0,           0,         211,      -8.091009677,      -8.548945616,      -8.529595987,      -7.539051776,             0.448,     0.01615311014,      0.3260082714,                 0,                 0,                 0,     0.09879932018,     0.01202848856,       0.326186498,                 0,       20.18238398
          0,           0,         212,      -8.111748302,      -8.571616789,      -8.546098744,      -7.559844668,             0.448,      0.0161530458,       0.326008776,                 0,                 0,                 0,     0.09879918871,     0.01202841784,      0.3261870017,                 0,       20.18249561
          0,           0,         213,      -8.132102153,      -8.593362195,      -8.562280439,       -7.58029269,             0.448,     0.01615298692,      0.3260092501,                 0,                 0,                 0,     0.09879905068,     0.01202835296,      0.3261874751,                 0,       20.18259854
          0,           0,         214,      -8.151651757,      -8.613725097,      -8.577892936,      -7.599953784,             0.448,      0.0161529346,      0.3260096982,                 0,                 0,                 0,     0.09879891109,     0.01202829498,      0.3261879225,                 0,       20.18269165
          0,           0,         215,      -8.169975407,      -8.632319705,      -8.592706458,      -7.618380116,             0.448,     0.01615288971,      0.3260101245,                 0,                 0,                 0,     0.09879877449,     0.01202824471,      0.3261883481,                 0,       20.18277412
          0,           0,         216,      -8.186650881,      -8.648876383,      -8.606549864,      -7.635124702,             0.448,     0.01615285284,      0.3260105328,                 0,                 0,                 0,      0.0987986449,     0.01202820267,       0.326188756,                 0,       20.18284547
          0,           0,         217,      -8.201312701,       -8.66330635,      -8.619269146,      -7.649807084,             0.448,     0.01615282434,      0.3260109269,                 0,                 0,                 0,      0.0987985257,     0.01202816918,      0.3261891497,                 0,       20.18290549
          0,           0,         218,      -8.213675656,      -8.675714125,       -8.63076968,      -7.662137518,             0.448,     0.01615280433,      0.3260113099,                 0,                 0,                 0,     0.09879841958,     0.01202814434,      0.3261895324,                 0,        20.1829542
          0,           0,         219,      -8.223561764,      -8.686376656,      -8.641034822,      -7.671944571,             0.448,     0.01615279277,      0.3260116843,                 0,                 0,                 0,     0.09879832846,     0.01202812805,      0.3261899066,                 0,       20.18299181
          0,           0,         220,      -8.230912705,      -8.695706498,      -8.650113242,      -7.679184649,             0.448,     0.01615278944,       0.326012052,                 0,                 0,                 0,      0.0987982536,     0.01202812007,      0.3261902742,                 0,       20.18301873
          0,           0,         221,      -8.235794913,      -8.704192795,      -8.658100696,      -7.683941731,             0.448,     0.01615279398,       0.326012414,                 0,                 0,                 0,     0.09879819556,     0.01202812002,      0.3261906363,                 0,       20.18303549
          0,           0,         222,      -8.238400102,      -8.712337319,      -8.665130716,      -7.686422535,             0.448,      0.0161528059,      0.3260127711,                 0,                 0,                 0,     0.09879815431,     0.01202812743,      0.3261909934,                 0,       20.18304269
          0,           0,         223,       -8.23901965,      -8.720604521,      -8.671352671,      -7.686925594,             0.448,     0.01615282466,      0.3260131228,                 0,                 0,                 0,     0.09879812925,     0.01202814173,      0.3261913453,                 0,       20.18304103
          0,           0,         224,      -8.238044279,      -8.729387182,        -8.6769528,      -7.685841398,             0.448,     0.01615284961,      0.3260134687,                 0,                 0,                 0,     0.09879811945,     0.01202816231,      0.3261916916,                 0,       20.18303127
          0,           0,         225,      -8.235902634,      -8.738985641,      -8.682135195,      -7.683589534,             0.448,     0.01615288008,       0.326013808,                 0,                 0,                 0,     0.09879812363,     0.01202818848,      0.3261920312,                 0,        20.1830142
          0,           0,         226,      -8.233044513,      -8.749591768,      -8.687103028,      -7.680607698,             0.448,     0.01615291537,      0.3260141392,                 0,                 0,                 0,     0.09879814024,     0.01202821958,      0.3261923628,                 0,       20.18299061
          0,           0,         227,      -8.229915664,      -8.761275187,      -8.692056118,      -7.677329352,             0.448,     0.01615295477,      0.3260144607,                 0,                 0,                 0,     0.09879816767,     0.01202825491,      0.3261926848,                 0,       20.18296128
          0,           0,         228,      -8.226936946,       -8.77397678,      -8.697189373,      -7.674165323,             0.448,     0.01615299758,       0.326014771,                 0,                 0,                 0,     0.09879820422,      0.0120282938,      0.3261929956,                 0,         20.182927
          0,           0,         229,      -8.224490405,      -8.787507388,      -8.702688644,      -7.671491507,             0.448,     0.01615304311,      0.3260150683,                 0,                 0,                 0,     0.09879824828,     0.01202833556,      0.3261932935,                 0,       20.18288852
          0,           0,         230,      -8.222911532,      -8.801550085,      -8.708728231,      -7.669641524,             0.448,     0.01615309068,      0.3260153511,                 0,                 0,                 0,     0.09879829828,     0.01202837955,      0.3261935769,                 0,       20.18284659
          0,           0,         231,      -8.222488905,      -8.815673605,      -8.715472063,      -7.668905917,             0.448,     0.01615313965,       0.326015618,                 0,                 0,                 0,     0.09879835283,     0.01202842514,      0.3261938444,                 0,       20.18280193
          0,           0,         232,      -8.223464273,      -8.829361492,      -8.723072191,      -7.669531003,             0.448,      0.0161531894,      0.3260158678,                 0,                 0,                 0,     0.09879841069,     0.01202847173,      0.3261940948,                 0,       20.18275523
          0,           0,         233,      -8.226035159,        -8.8420597,      -8.731665808,       -7.67172064,             0.448,     0.01615323936,      0.3260160998,                 0,                 0,                 0,     0.09879847081,     0.01202851875,      0.3261943273,                 0,       20.18270717
          0,           0,         234,      -8.230359886,      -8.853238907,      -8.741374963,      -7.675640457,             0.448,     0.01615328899,      0.3260163133,                 0,                 0,                 0,     0.09879853233,     0.01202856567,      0.3261945415,                 0,       20.18265838
          0,           0,         235,      -8.236562979,      -8.862467846,      -8.752307716,      -7.681422341,             0.448,     0.01615333779,      0.3260165082,                 0,                 0,                 0,     0.09879859458,     0.01202861201,       0.326194737,                 0,       20.18260947
          0,           0,         236,      -8.244739604,       -8.86948371,      -8.764557413,      -7.689168387,             0.448,     0.01615338532,      0.3260166848,                 0,                 0,                 0,     0.09879865705,      0.0120286573,      0.3261949141,                 0,       20.18256101
          0,           0,         237,      -8.254959566,      -8.874238789,       -8.77819987,      -7.698954791,             0.448,     0.01615343118,      0.3260168434,                 0,                 0,                 0,     0.09879871939,     0.01202870115,      0.3261950733,                 0,       20.18251353
          0,           0,         238,      -8.267270868,      -8.876907981,      -8.793291088,      -7.710835345,             0.448,     0.01615347501,      0.3260169849,                 0,                 0,                 0,     0.09879878137,     0.01202874318,      0.3261952154,                 0,       20.18246754
          0,           0,         239,      -8.281702471,       -8.87785584,      -8.809866671,      -7.724844194,             0.448,      0.0161535165,      0.3260171104,                 0,                 0,                 0,      0.0987988429,     0.01202878308,      0.3261953414,                 0,       20.18242346
          0,           0,         240,      -8.298265965,      -8.877575737,      -8.827941831,      -7.740997652,             0.448,      0.0161535554,      0.3260172211,                 0,                 0,                 0,     0.09879890394,     0.01202882058,      0.3261954526,                 0,       20.18238172
          0,           0,         241,      -8.316956071,      -8.876620011,      -8.847510582,      -7.759295002,             0.448,      0.0161535915,      0.3260173186,                 0,                 0,                 0,     0.09879896454,     0.01202885545,      0.3261955506,                 0,       20.18234264
          0,           0,         242,       -8.33774997,       -8.87553804,      -8.868543721,      -7.779718176,             0.448,     0.01615362465,      0.3260174045,                 0,                 0,                 0,     0.09879902475,      0.0120288875,      0.3261956368,                 0,       20.18230655
          0,           0,         243,      -8.360605321,      -8.874832218,      -8.890985878,       -7.80223019,             0.448,     0.01615365472,      0.3260174805,                 0,                 0,                 0,     0.09879908467,     0.01202891661,      0.3261957132,                 0,       20.18227368
          0,           0,         244,      -8.385456722,      -8.874933666,      -8.914751812,      -7.826772088,             0.448,     0.01615368165,      0.3260175484,                 0,                 0,                 0,      0.0987991444,     0.01202894268,      0.3261957815,                 0,       20.18224424
          0,           0,         245,      -8.412210282,      -8.876194698,      -8.939721256,      -7.853258074,             0.448,     0.01615370539,        0.32601761,                 0,                 0,                 0,     0.09879920398,     0.01202896564,      0.3261958434,                 0,       20.18221839
          0,           0,         246,      -8.440736239,      -8.878892227,      -8.965735255,      -7.881568692,             0.448,     0.01615372595,      0.3260176671,                 0,                 0,                 0,     0.09879926345,     0.01202898547,      0.3261959007,                 0,       20.18219624
          0,           0,         247,      -8.470859132,      -8.883236484,      -8.992590414,      -7.911541457,             0.448,     0.01615374335,      0.3260177215,                 0,                 0,                 0,     0.09879932278,     0.01202900219,      0.3261959553,                 0,       20.18217787
          0,           0,         248,      -8.502344375,      -8.889383251,      -9.020032323,      -7.942957759,             0.448,     0.01615375765,      0.3260177746,                 0,                 0,                 0,     0.09879938185,     0.01202901582,      0.3261960086,                 0,       20.18216328
          0,           0,         249,      -8.534883243,       -8.89744429,       -9.04775106,      -7.975527806,             0.448,     0.01615376896,      0.3260178281,                 0,                 0,                 0,     0.09879944048,     0.01202902645,      0.3261960623,                 0,       20.18215247
          0,           0,         250,      -8.568076881,      -8.907495573,      -9.075382433,      -8.008873674,             0.448,     0.01615377739,      0.3260178834,                 0,                 0,                 0,     0.09879949842,     0.01202903418,      0.3261961176,                 0,       20.18214536
          0,           0,         251,      -8.601423154,      -8.919582929,       -9.10251649,      -8.042514015,             0.448,     0.01615327433,      0.3260179666,                 0,                 0,                 0,     0.09879955533,     0.01202903917,      0.3261961757,                 0,       20.18277904
          0,           0,         252,      -6.860562075,      -6.831604387,      -6.662773683,      -6.253870777,             0.448,     0.01615327769,      0.3260179995,                 0,                 0,                 0,     0.09879960437,     0.01202904211,      0.3261962087,                 0,       20.18277689
          0,           0,         253,      -7.157778258,      -7.096122191,      -6.940137669,      -6.547259171,             0.448,     0.01615327605,      0.3260174022,                 0,                 0,                 0,     0.09879949967,     0.01202904803,      0.3261956113,                 0,       20.18274195
          0,           0,         254,      -7.400438489,      -7.266547233,      -7.364544923,      -6.806924107,             0.448,     0.01615324841,       0.326014869,                 0,                 0,                 0,     0.09879891241,     0.01202905243,       0.326193078,                 0,       20.18261967
          0,           0,         255,      -7.599698664,      -7.406917545,      -7.599978272,      -6.989196793,             0.448,     0.01615320515,      0.3260110525,                 0,                 0,                 0,     0.09879811208,     0.01202905744,      0.3261892613,                 0,       20.18243745
          0,           0,         256,      -7.762326577,      -7.605096316,      -7.665655263,      -7.163343846,             0.448,     0.01615319371,       0.326007685,                 0,                 0,                 0,     0.09879763232,     0.01202908859,      0.3261858939,                 0,       20.18224327
          0,           0,         257,      -7.857230382,      -7.709608665,       -7.79086175,      -7.259492956,             0.448,     0.01615318939,       0.326005877,                 0,                 0,                 0,     0.09879767289,     0.01202910713,       0.326184086,                 0,       20.18213674
          0,           0,         258,       -7.99092735,      -7.801784457,      -7.923962504,      -7.390493271,             0.448,      0.0161531838,      0.3260055948,                 0,                 0,                 0,     0.09879809845,     0.01202910511,      0.3261838038,                 0,       20.18212625
          0,           0,         259,      -8.021669365,      -7.835457374,      -7.991714068,      -7.419967653,             0.448,     0.01615316677,      0.3260057615,                 0,                 0,                 0,     0.09879854597,     0.01202908597,      0.3261839702,                 0,       20.18215785
          0,           0,         260,      -8.073085234,      -7.901757008,       -8.03699277,       -7.47036086,             0.448,     0.01615312558,      0.3260055013,                 0,                 0,                 0,     0.09879881965,     0.01202904808,      0.3261837095,                 0,        20.1821932
          0,           0,         261,      -8.183998723,      -8.032582647,      -8.125601501,      -7.588329125,             0.448,     0.01615308347,      0.3260049271,                 0,                 0,                 0,     0.09879899397,     0.01202901323,      0.3261831348,                 0,       20.18221027
          0,           0,         262,      -8.252075335,      -8.123890779,      -8.239609328,      -7.666284088,             0.448,     0.01615305164,      0.3260043927,                 0,                 0,                 0,     0.09879916982,     0.01202898816,      0.3261826001,                 0,       20.18221696
          0,           0,         263,      -8.271524844,      -8.164781243,      -8.303810083,      -7.685969172,             0.448,     0.01615302682,      0.3260039957,                 0,                 0,                 0,     0.09879936044,     0.01202896837,      0.3261822027,                 0,       20.18222338
          0,           0,         264,      -8.313375538,      -8.234772967,      -8.340955287,      -7.730308928,             0.448,     0.01615300804,      0.3260037002,                 0,                 0,                 0,     0.09879954797,     0.01202895332,       0.326181907,                 0,       20.18222856
          0,           0,         265,      -8.360739552,      -8.323100515,        -8.4242356,      -7.785587308,             0.448,      0.0161529968,      0.3260034926,                 0,                 0,                 0,     0.09879972846,     0.01202894471,      0.3261816993,                 0,       20.18222975
          0,           0,         266,      -8.379060822,      -8.392140496,       -8.54523786,      -7.809286084,             0.448,     0.01615299291,      0.3260033689,                 0,                 0,                 0,      0.0987999008,     0.01202894238,      0.3261815756,                 0,       20.18222695
          0,           0,         267,      -8.383910613,       -8.44432465,      -8.618143397,      -7.815618894,             0.448,     0.01615299443,      0.3260032935,                 0,                 0,                 0,     0.09880005471,     0.01202894486,      0.3261815003,                 0,       20.18222038
          0,           0,         268,      -8.388022305,      -8.489932496,      -8.634457629,      -7.820709999,             0.448,      0.0161530001,      0.3260032264,                 0,                 0,                 0,     0.09880018345,     0.01202895138,      0.3261814332,                 0,       20.18220915
          0,           0,         269,      -8.390607771,      -8.532722898,       -8.65762087,      -7.824714302,             0.448,     0.01615300995,      0.3260031613,                 0,                 0,                 0,     0.09880029124,     0.01202896205,      0.3261813682,                 0,       20.18219281
          0,           0,         270,      -8.391909055,      -8.575230832,      -8.700310281,      -7.827637739,             0.448,     0.01615302388,      0.3260031138,                 0,                 0,                 0,     0.09880038631,     0.01202897658,       0.326181321,                 0,       20.18217247
          0,           0,         271,      -8.393359523,      -8.618085803,      -8.746839829,      -7.830552816,             0.448,     0.01615304108,      0.3260030875,                 0,                 0,                 0,     0.09880047192,     0.01202899411,      0.3261812949,                 0,       20.18214935
          0,           0,         272,      -8.395149669,      -8.658828028,      -8.785138899,      -7.833355088,             0.448,     0.01615306059,      0.3260030697,                 0,                 0,                 0,     0.09880054639,     0.01202901384,      0.3261812772,                 0,       20.18212387
          0,           0,         273,      -8.397143045,      -8.695776509,      -8.814967537,      -7.835867476,             0.448,     0.01615308173,      0.3260030506,                 0,                 0,                 0,     0.09880060892,     0.01202903523,      0.3261812584,                 0,       20.18209627
          0,           0,         274,       -8.39978907,      -8.729988497,      -8.839358651,      -7.838756556,             0.448,     0.01615310386,      0.3260030312,                 0,                 0,                 0,     0.09880066152,      0.0120290576,      0.3261812393,                 0,       20.18206742
          0,           0,         275,      -8.403756556,       -8.76207365,      -8.859842068,      -7.842871946,             0.448,     0.01615312616,      0.3260030139,                 0,                 0,                 0,     0.09880070649,     0.01202908011,      0.3261812224,                 0,        20.1820385
          0,           0,         276,      -8.409479949,      -8.791224723,      -8.877285026,       -7.84866035,             0.448,     0.01615314782,      0.3260029965,                 0,                 0,                 0,     0.09880074469,     0.01202910199,      0.3261812052,                 0,       20.18201035
          0,           0,         277,      -8.417148218,       -8.81725618,       -8.89255509,      -7.856271839,             0.448,     0.01615316826,      0.3260029742,                 0,                 0,                 0,     0.09880077618,     0.01202912271,      0.3261811831,                 0,       20.18198343
          0,           0,         278,      -8.426838823,      -8.841512149,      -8.907200621,      -7.865794375,             0.448,     0.01615318704,      0.3260029448,                 0,                 0,                 0,      0.0988008014,     0.01202914186,       0.326181154,                 0,       20.18195815
          0,           0,         279,       -8.43860748,      -8.866052574,      -8.923239296,      -7.877338509,             0.448,      0.0161532038,      0.3260029094,                 0,                 0,                 0,      0.0988008213,     0.01202915906,      0.3261811188,                 0,       20.18193502
          0,           0,         280,      -8.452503741,       -8.89251246,      -8.941981035,      -7.891006875,             0.448,     0.01615321824,      0.3260028694,                 0,                 0,                 0,     0.09880083681,     0.01202917402,       0.326181079,                 0,       20.18191449
          0,           0,         281,      -8.468533803,      -8.921323006,      -8.963645331,      -7.906824047,             0.448,     0.01615323018,      0.3260028254,                 0,                 0,                 0,     0.09880084848,     0.01202918651,      0.3261810351,                 0,       20.18189686
          0,           0,         282,      -8.486647517,       -8.95170055,      -8.987836234,      -7.924726279,             0.448,     0.01615323948,       0.326002777,                 0,                 0,                 0,     0.09880085651,     0.01202919642,      0.3261809869,                 0,       20.18188224
          0,           0,         283,      -8.506773831,      -8.982372067,      -9.013953069,      -7.944622302,             0.448,     0.01615324613,      0.3260027239,                 0,                 0,                 0,     0.09880086099,     0.01202920374,      0.3261809339,                 0,       20.18187065
          0,           0,         284,      -8.528854743,      -9.012387837,      -9.041371142,      -7.966445233,             0.448,     0.01615325014,      0.3260026661,                 0,                 0,                 0,     0.09880086206,     0.01202920848,      0.3261808761,                 0,       20.18186206
          0,           0,         285,      -8.552846694,      -9.041474828,      -9.069585343,      -7.990154741,             0.448,     0.01615325162,      0.3260026041,                 0,                 0,                 0,     0.09880085997,     0.01202921075,      0.3261808141,                 0,       20.18185636
          0,           0,         286,      -8.578707087,      -9.069918949,      -9.098316465,      -8.015718101,             0.448,     0.01615325072,      0.3260025386,                 0,                 0,                 0,     0.09880085498,     0.01202921068,      0.3261807486,                 0,       20.18185343
          0,           0,         287,      -8.606385852,      -9.098248996,      -9.127506847,      -8.043098694,             0.448,     0.01615324764,      0.3260024704,                 0,                 0,                 0,     0.09880084733,     0.01202920846,      0.3261806804,                 0,       20.18185306
          0,           0,         288,      -8.635820436,      -9.126970796,      -9.157223882,      -8.072250467,             0.448,     0.01615324261,      0.3260024002,                 0,                 0,                 0,     0.09880083727,     0.01202920432,      0.3261806101,                 0,         20.181855
          0,           0,         289,      -8.666926878,       -9.15645688,       -9.18756092,       -8.10310918,             0.448,     0.01615323593,      0.3260023286,                 0,                 0,                 0,     0.09880082501,     0.01202919854,      0.3261805385,                 0,       20.18185892
          0,           0,         290,      -8.699587356,      -9.186951996,      -9.218593484,      -8.135580385,             0.448,     0.01615322791,      0.3260022563,                 0,                 0,                 0,     0.09880081078,     0.01202919144,       0.326180466,                 0,       20.18186446
          0,           0,         291,      -8.733637767,      -9.218605527,      -9.250375686,       -8.16952762,             0.448,     0.01615321891,      0.3260021837,                 0,                 0,                 0,     0.09880079484,     0.01202918335,      0.3261803933,                 0,       20.18187121
          0,           0,         292,      -8.768855697,      -9.251477654,      -9.282933919,      -8.204760503,             0.448,     0.01615320929,      0.3260021115,                 0,                 0,                 0,      0.0988007775,     0.01202917465,       0.326180321,                 0,       20.18187876
          0,           0,         293,      -8.804948546,      -9.285507503,      -9.316233679,      -8.241021202,             0.448,      0.0161531994,      0.3260020403,                 0,                 0,                 0,     0.09880075911,     0.01202916566,      0.3261802497,                 0,       20.18188671
          0,           0,         294,      -8.841546234,       -9.32045609,      -9.350128596,      -8.277972681,             0.448,     0.01615318959,      0.3260019706,                 0,                 0,                 0,     0.09880074004,     0.01202915673,      0.3261801799,                 0,       20.18189465
          0,           0,         295,      -8.878206535,      -9.355857982,      -9.384325334,      -8.315196773,             0.448,     0.01615318015,      0.3260019028,                 0,                 0,                 0,      0.0988007207,     0.01202914815,       0.326180112,                 0,       20.18190225
          0,           0,         296,      -8.914439257,      -9.391022402,      -9.418391191,      -8.352209636,             0.448,     0.01615317134,      0.3260018375,                 0,                 0,                 0,     0.09880070149,     0.01202914017,      0.3261800465,                 0,       20.18190921
          0,           0,         297,       -8.94975013,      -9.425108337,       -9.45180181,      -8.388497992,             0.448,     0.01615316337,      0.3260017748,                 0,                 0,                 0,     0.09880068281,     0.01202913299,      0.3261799838,                 0,       20.18191529
          0,           0,         298,      -8.983699521,      -9.457267543,      -9.484010583,      -8.423574416,             0.448,     0.01615315638,      0.3260017152,                 0,                 0,                 0,     0.09880066505,     0.01202912676,      0.3261799241,                 0,       20.18192033
          0,           0,         299,      -9.015965328,      -9.486815262,      -9.514527784,      -8.457043774,             0.448,     0.01615315047,      0.3260016589,                 0,                 0,                 0,     0.09880064858,     0.01202912156,      0.3261798677,                 0,       20.18192423
          0,           0,         300,      -9.046393634,      -9.513366378,      -9.543000845,      -8.488665181,             0.448,     0.01615314569,       0.326001606,                 0,                 0,                 0,     0.09880063371,     0.01202911745,      0.3261798148,                 0,       20.18192693
          0,           0,         301,      -9.075020476,       -9.53688921,      -9.569276756,      -8.518390598,             0.448,     0.01615309635,      0.3260015591,                 0,                 0,                 0,     0.09880062071,     0.01202911442,      0.3261797655,                 0,       20.18198567
          0,           0,         302,      -7.906637444,       -7.87784596,       -7.70944522,      -7.300012775,             0.448,     0.01615309378,      0.3260015107,                 0,                 0,                 0,     0.09880060907,     0.01202911246,      0.3261797172,                 0,       20.18198589
          0,           0,         303,       -8.20109379,      -8.143485313,      -7.986656967,      -7.591445885,             0.448,       0.016153092,       0.326001409,                 0,                 0,                 0,     0.09880058598,     0.01202911197,      0.3261796155,                 0,       20.18198181
          0,           0,         304,      -8.439785866,       -8.31320803,      -8.410113035,      -7.847737319,             0.448,      0.0161530891,      0.3260011373,                 0,                 0,                 0,     0.09880052221,      0.0120291125,      0.3261793437,                 0,       20.18196862
          0,           0,         305,      -8.627985939,      -8.451663977,      -8.645597095,      -8.021442531,             0.448,     0.01615308575,      0.3260007546,                 0,                 0,                 0,     0.09880044202,     0.01202911399,       0.326178961,                 0,       20.18194911
          0,           0,         306,      -8.776222707,       -8.64765915,      -8.711827808,      -8.182602305,             0.448,     0.01615308607,      0.3260004144,                 0,                 0,                 0,      0.0988003927,     0.01202911862,      0.3261786209,                 0,       20.18192765
          0,           0,         307,      -8.861909013,       -8.75399191,       -8.83508489,      -8.271019196,             0.448,     0.01615308775,      0.3260002152,                 0,                 0,                 0,     0.09880039227,     0.01202912281,      0.3261784216,                 0,       20.18191322
          0,           0,         308,      -8.972663873,      -8.846278801,      -8.964261951,      -8.383161524,             0.448,     0.01615308992,      0.3260001559,                 0,                 0,                 0,     0.09880042874,     0.01202912573,      0.3261783624,                 0,       20.18190684
          0,           0,         309,      -9.001964346,      -8.878150961,       -9.02888427,      -8.411662057,             0.448,     0.01615309142,      0.3260001398,                 0,                 0,                 0,     0.09880046911,     0.01202912743,      0.3261783463,                 0,       20.18190397
          0,           0,         310,      -9.048252536,      -8.940884857,      -9.073433368,      -8.458000609,             0.448,     0.01615309091,      0.3260000871,                 0,                 0,                 0,     0.09880049521,     0.01202912759,      0.3261782936,                 0,       20.18190134
          0,           0,         311,      -9.133888875,      -9.063294987,      -9.161120175,      -8.552209019,             0.448,     0.01615309031,      0.3260000081,                 0,                 0,                 0,     0.09880051355,       0.012029128,      0.3261782146,                 0,        20.1818972
          0,           0,         312,       -9.18690415,      -9.147997243,      -9.270334485,       -8.61342427,             0.448,     0.01615309057,      0.3259999347,                 0,                 0,                 0,     0.09880053292,     0.01202912918,      0.3261781412,                 0,       20.18189233
          0,           0,         313,       -9.20965272,       -9.18751663,      -9.329329171,      -8.636320886,             0.448,     0.01615309132,       0.325999875,                 0,                 0,                 0,     0.09880055406,     0.01202913068,      0.3261780816,                 0,       20.18188771
          0,           0,         314,      -9.246178287,      -9.250035098,      -9.363889738,      -8.675199669,             0.448,     0.01615309236,      0.3259998253,                 0,                 0,                 0,     0.09880057502,     0.01202913235,      0.3261780318,                 0,       20.18188332
          0,           0,         315,      -9.283729026,      -9.323126795,      -9.439183216,      -8.718158692,             0.448,     0.01615309374,      0.3259997838,                 0,                 0,                 0,     0.09880059522,     0.01202913426,      0.3261779904,                 0,       20.18187902
          0,           0,         316,      -9.302120682,      -9.380997284,      -9.538146309,      -8.739422524,             0.448,     0.01615309539,        0.32599975,                 0,                 0,                 0,     0.09880061419,     0.01202913633,      0.3261779566,                 0,       20.18187488
          0,           0,         317,      -9.310304141,      -9.430953821,      -9.589115168,      -8.748442734,             0.448,     0.01615309707,      0.3259997202,                 0,                 0,                 0,     0.09880063075,     0.01202913839,      0.3261779268,                 0,       20.18187093
          0,           0,         318,      -9.314540038,      -9.477944271,       -9.59971911,       -8.75368799,             0.448,     0.01615309867,      0.3259996907,                 0,                 0,                 0,     0.09880064422,     0.01202914037,      0.3261778974,                 0,        20.1818671
          0,           0,         319,      -9.314316407,      -9.520810311,      -9.617083933,       -8.75476205,             0.448,      0.0161531002,      0.3259996611,                 0,                 0,                 0,     0.09880065489,     0.01202914227,      0.3261778677,                 0,       20.18186336
          0,           0,         320,      -9.310560637,      -9.560490852,      -9.646264381,      -8.752180411,             0.448,     0.01615310163,      0.3259996324,                 0,                 0,                 0,     0.09880066345,     0.01202914407,      0.3261778391,                 0,        20.1818598
          0,           0,         321,      -9.305066233,      -9.598740225,      -9.674126242,       -8.74757624,             0.448,     0.01615310291,       0.325999605,                 0,                 0,                 0,     0.09880067015,     0.01202914569,      0.3261778117,                 0,        20.1818565
          0,           0,         322,      -9.298840274,      -9.635599352,      -9.693437818,       -8.74192428,             0.448,     0.01615310397,      0.3259995775,                 0,                 0,                 0,     0.09880067484,      0.0120291471,      0.3261777843,                 0,       20.18185348
          0,           0,         323,      -9.292461856,      -9.670816764,       -9.70605521,      -8.735857425,             0.448,     0.01615310477,      0.3259995494,                 0,                 0,                 0,     0.09880067754,     0.01202914825,      0.3261777562,                 0,       20.18185074
          0,           0,         324,      -9.286526081,      -9.704248039,      -9.715479523,      -8.730088563,             0.448,     0.01615310528,      0.3259995208,                 0,                 0,                 0,     0.09880067854,     0.01202914912,      0.3261777276,                 0,       20.18184833
          0,           0,         325,      -9.281565209,      -9.734556363,      -9.723508581,      -8.725212927,             0.448,     0.01615310546,      0.3259994921,                 0,                 0,                 0,     0.09880067813,     0.01202914967,      0.3261776989,                 0,       20.18184633
          0,           0,         326,      -9.277924758,      -9.760243641,      -9.730775593,      -8.721566441,             0.448,     0.01615310528,      0.3259994632,                 0,                 0,                 0,     0.09880067652,     0.01202914985,        0.32617767,                 0,       20.18184477
          0,           0,         327,      -9.275781295,      -9.781518076,      -9.737589059,      -8.719317444,             0.448,     0.01615310471,      0.3259994339,                 0,                 0,                 0,     0.09880067384,     0.01202914966,      0.3261776406,                 0,       20.18184366
          0,           0,         328,      -9.275207824,       -9.80013017,      -9.744524885,      -8.718565799,             0.448,     0.01615310377,      0.3259994042,                 0,                 0,                 0,     0.09880067027,     0.01202914909,      0.3261776109,                 0,         20.181843
          0,           0,         329,      -9.276227388,      -9.818077603,      -9.752312694,      -8.719377328,             0.448,     0.01615310245,      0.3259993745,                 0,                 0,                 0,     0.09880066602,     0.01202914814,      0.3261775812,                 0,       20.18184281
          0,           0,         330,      -9.278836206,      -9.836725584,      -9.761367265,      -8.721779074,             0.448,     0.01615310076,       0.325999345,                 0,                 0,                 0,     0.09880066126,     0.01202914683,      0.3261775517,                 0,       20.18184309
          0,           0,         331,      -9.283007388,      -9.856511121,      -9.771721004,      -8.725751786,             0.448,     0.01615309872,       0.325999316,                 0,                 0,                 0,     0.09880065616,     0.01202914516,      0.3261775227,                 0,       20.18184384
          0,           0,         332,       -9.28870327,      -9.877122355,      -9.783244376,      -8.731250869,             0.448,     0.01615309637,      0.3259992876,                 0,                 0,                 0,      0.0988006508,     0.01202914316,      0.3261774943,                 0,       20.18184503
          0,           0,         333,       -9.29589501,      -9.897955413,      -9.795789565,      -8.738240314,             0.448,     0.01615309372,        0.32599926,                 0,                 0,                 0,     0.09880064526,     0.01202914086,      0.3261774666,                 0,       20.18184662
          0,           0,         334,      -9.304570497,      -9.918480678,      -9.809241557,      -8.746706637,             0.448,     0.01615309083,      0.3259992332,                 0,                 0,                 0,      0.0988006396,     0.01202913831,      0.3261774398,                 0,       20.18184858
          0,           0,         335,      -9.314729094,      -9.938334195,      -9.823553327,       -8.75665173,             0.448,     0.01615308773,      0.3259992075,                 0,                 0,                 0,     0.09880063389,     0.01202913553,      0.3261774141,                 0,       20.18185086
          0,           0,         336,      -9.326374779,      -9.957212878,      -9.838759082,       -8.76808316,             0.448,     0.01615308447,       0.325999183,                 0,                 0,                 0,     0.09880062817,     0.01202913259,      0.3261773895,                 0,       20.18185341
          0,           0,         337,      -9.339513006,      -9.974730084,      -9.854949367,      -8.781010032,             0.448,     0.01615308111,      0.3259991597,                 0,                 0,                 0,     0.09880062246,     0.01202912952,      0.3261773661,                 0,       20.18185617
          0,           0,         338,      -9.354148966,      -9.990362659,      -9.872228687,      -8.795440994,             0.448,     0.01615307769,      0.3259991377,                 0,                 0,                 0,     0.09880061678,     0.01202912638,      0.3261773441,                 0,       20.18185908
          0,           0,         339,      -9.370285238,      -10.00354349,      -9.890685229,      -8.811381525,             0.448,     0.01615307427,      0.3259991171,                 0,                 0,                 0,     0.09880061114,     0.01202912323,      0.3261773235,                 0,       20.18186208
          0,           0,         340,      -9.387919524,      -10.01383666,      -9.910381413,      -8.828831457,             0.448,      0.0161530709,      0.3259990978,                 0,                 0,                 0,     0.09880060554,      0.0120291201,      0.3261773041,                 0,        20.1818651
          0,           0,         341,      -9.407043123,      -10.02108364,      -9.931354045,      -8.847783583,             0.448,     0.01615306762,      0.3259990798,                 0,                 0,                 0,     0.09880059997,     0.01202911705,      0.3261772861,                 0,       20.18186808
          0,           0,         342,      -9.427639844,      -10.02545325,      -9.953613037,      -8.868222912,             0.448,     0.01615306448,      0.3259990631,                 0,                 0,                 0,     0.09880059445,     0.01202911412,      0.3261772693,                 0,       20.18187097
          0,           0,         343,      -9.449685089,      -10.02740393,      -9.977135987,      -8.890126121,             0.448,     0.01615306152,      0.3259990475,                 0,                 0,                 0,     0.09880058896,     0.01202911135,      0.3261772537,                 0,        20.1818737
          0,           0,         344,      -9.473145466,      -10.02759851,      -10.00186343,      -8.913461569,             0.448,     0.01615305877,       0.325999033,                 0,                 0,                 0,     0.09880058353,     0.01202910878,      0.3261772392,                 0,       20.18187624
          0,           0,         345,      -9.497979093,      -10.02680552,      -10.02769935,      -8.938190086,             0.448,     0.01615305625,      0.3259990194,                 0,                 0,                 0,     0.09880057815,     0.01202910644,      0.3261772256,                 0,       20.18187855
          0,           0,         346,      -9.524135874,      -10.02580692,      -10.05451794,      -8.964265763,             0.448,     0.01615305399,      0.3259990067,                 0,                 0,                 0,     0.09880057285,     0.01202910434,      0.3261772129,                 0,       20.18188058
          0,           0,         347,      -9.551556876,      -10.02532346,      -10.08217218,       -8.99163577,             0.448,     0.01615305201,      0.3259989948,                 0,                 0,                 0,     0.09880056764,     0.01202910251,      0.3261772009,                 0,       20.18188232
          0,           0,         348,      -9.580172144,      -10.02596738,       -10.1104997,       -9.02023837,             0.448,     0.01615305031,      0.3259989835,                 0,                 0,                 0,     0.09880056254,     0.01202910096,      0.3261771896,                 0,       20.18188374
          0,           0,         349,      -9.609896634,      -10.02822352,      -10.13932442,      -9.049998886,             0.448,      0.0161530489,      0.3259989727,                 0,                 0,                 0,      0.0988005576,     0.01202909968,      0.3261771788,                 0,       20.18188484
          0,           0,         350,      -9.640624079,      -10.03245062,      -10.16845411,      -9.080823299,             0.448,     0.01615304777,      0.3259989624,                 0,                 0,                 0,     0.09880055283,     0.01202909868,      0.3261771684,                 0,       20.18188562
          0,           0,         351,       -9.67221881,      -10.03889424,      -10.19767538,      -9.112589564,             0.448,     0.01615307643,       0.325998951,                 0,                 0,                 0,     0.09880054826,     0.01202909795,      0.3261771585,                 0,        20.1818491
          0,           0,         352,      -8.096861132,      -8.068104121,      -7.899181154,      -7.490209334,             0.448,     0.01615307583,       0.325998943,                 0,                 0,                 0,     0.09880054432,     0.01202909745,      0.3261771505,                 0,       20.18184935
          0,           0,         353,       -8.39404816,      -8.332272343,      -8.176546358,       -7.78352215,             0.448,     0.01615307563,      0.3259989722,                 0,                 0,                 0,     0.09880054947,     0.01202909688,      0.3261771797,                 0,       20.18185141
          0,           0,         354,      -8.636168382,      -8.502727116,      -8.600983304,      -8.042672299,             0.448,     0.01615307704,      0.3259991141,                 0,                 0,                 0,     0.09880058279,     0.01202909649,      0.3261773216,                 0,       20.18185844
          0,           0,         355,      -8.835125565,       -8.64331229,      -8.836168401,      -8.224839429,             0.448,     0.01615307945,      0.3259993311,                 0,                 0,                 0,     0.09880062866,     0.01202909616,      0.3261775386,                 0,       20.18186886
          0,           0,         356,      -8.996937943,       -8.84146519,      -8.901737307,       -8.39832404,             0.448,     0.01615308009,      0.3259995223,                 0,                 0,                 0,     0.09880065606,     0.01202909439,      0.3261777298,                 0,       20.18187989
          0,           0,         357,      -9.091071689,      -8.945213817,       -9.02703767,      -8.493734043,             0.448,     0.01615308039,      0.3259996233,                 0,                 0,                 0,     0.09880065345,     0.01202909341,      0.3261778308,                 0,       20.18188577
          0,           0,         358,      -9.223790018,      -9.036841261,      -9.160263487,      -8.623857136,             0.448,     0.01615308082,      0.3259996361,                 0,                 0,                 0,     0.09880062867,     0.01202909367,      0.3261778436,                 0,       20.18188603
          0,           0,         359,       -9.25539528,      -9.070671036,      -9.228227833,      -8.654074123,             0.448,     0.01615308195,      0.3259996232,                 0,                 0,                 0,     0.09880060273,     0.01202909496,      0.3261778308,                 0,       20.18188382
          0,           0,         360,      -9.307330393,      -9.137163934,      -9.273496477,      -8.704937591,             0.448,      0.0161530845,      0.3259996353,                 0,                 0,                 0,     0.09880058694,     0.01202909736,      0.3261778428,                 0,       20.18188138
          0,           0,         361,      -9.418576475,      -9.267829295,      -9.361833119,      -8.823138176,             0.448,     0.01615308712,      0.3259996658,                 0,                 0,                 0,     0.09880057697,      0.0120290996,      0.3261778734,                 0,          20.18188
          0,           0,         362,      -9.488107352,      -9.358458978,      -9.475718452,      -8.902266035,             0.448,     0.01615308915,      0.3259996942,                 0,                 0,                 0,     0.09880056697,     0.01202910126,      0.3261779019,                 0,       20.18187922
          0,           0,         363,      -9.509453098,      -9.398852266,      -9.540067557,      -8.923602079,             0.448,     0.01615309076,      0.3259997149,                 0,                 0,                 0,     0.09880055613,     0.01202910262,      0.3261779225,                 0,       20.18187848
          0,           0,         364,      -9.553474002,      -9.468967476,      -9.577397673,      -8.969947285,             0.448,     0.01615309202,      0.3259997297,                 0,                 0,                 0,     0.09880054545,     0.01202910369,      0.3261779374,                 0,       20.18187782
          0,           0,         365,      -9.603809955,      -9.558619615,      -9.661038657,      -9.028341843,             0.448,     0.01615309283,      0.3259997395,                 0,                 0,                 0,     0.09880053514,     0.01202910437,      0.3261779471,                 0,       20.18187743
          0,           0,         366,      -9.624564999,      -9.629419107,      -9.783051895,      -9.054823138,             0.448,     0.01615309318,      0.3259997444,                 0,                 0,                 0,     0.09880052525,     0.01202910466,       0.326177952,                 0,       20.18187729
          0,           0,         367,      -9.630941966,      -9.682047962,      -9.857315106,      -9.062804359,             0.448,     0.01615309319,      0.3259997465,                 0,                 0,                 0,     0.09880051635,     0.01202910465,      0.3261779541,                 0,        20.1818774
          0,           0,         368,      -9.636313598,      -9.726921382,      -9.874446931,      -9.069100633,             0.448,     0.01615309293,       0.325999748,                 0,                 0,                 0,     0.09880050882,     0.01202910437,      0.3261779557,                 0,       20.18187782
          0,           0,         369,      -9.640120551,      -9.769086309,      -9.898311767,      -9.074261356,             0.448,     0.01615309241,      0.3259997494,                 0,                 0,                 0,     0.09880050243,     0.01202910383,       0.326177957,                 0,       20.18187856
          0,           0,         370,      -9.642648243,      -9.811785286,      -9.941931471,      -9.078416493,             0.448,     0.01615309161,      0.3259997496,                 0,                 0,                 0,      0.0988004967,     0.01202910303,      0.3261779573,                 0,       20.18187957
          0,           0,         371,        -9.6452946,       -9.85547631,      -9.989755675,      -9.082587501,             0.448,      0.0161530906,      0.3259997486,                 0,                 0,                 0,     0.09880049144,     0.01202910203,      0.3261779562,                 0,       20.18188077
          0,           0,         372,       -9.64813798,      -9.897153562,      -10.02973801,      -9.086502227,             0.448,     0.01615308943,       0.325999747,                 0,                 0,                 0,     0.09880048675,     0.01202910088,      0.3261779546,                 0,       20.18188214
          0,           0,         373,      -9.650967964,       -9.93462275,      -10.06146642,      -9.089875002,             0.448,     0.01615308813,      0.3259997454,                 0,                 0,                 0,     0.09880048269,      0.0120290996,       0.326177953,                 0,       20.18188366
          0,           0,         374,      -9.654264535,      -9.968830574,      -10.08764453,      -9.093412683,             0.448,     0.01615308676,      0.3259997437,                 0,                 0,                 0,     0.09880047915,     0.01202909825,      0.3261779513,                 0,       20.18188527
          0,           0,         375,      -9.658768632,      -10.00065091,      -10.10953766,      -9.098061708,             0.448,     0.01615308536,      0.3259997419,                 0,                 0,                 0,     0.09880047601,     0.01202909687,      0.3261779495,                 0,       20.18188691
          0,           0,         376,      -9.664961402,      -10.02958489,      -10.12798053,      -9.104326973,             0.448,     0.01615308397,      0.3259997401,                 0,                 0,                 0,     0.09880047324,     0.01202909551,      0.3261779477,                 0,       20.18188853
          0,           0,         377,      -9.673050233,      -10.05559052,      -10.14394549,      -9.112376377,             0.448,     0.01615308265,      0.3259997386,                 0,                 0,                 0,     0.09880047084,      0.0120290942,      0.3261779461,                 0,       20.18189009
          0,           0,         378,      -9.683123909,      -10.07999538,      -10.15911903,      -9.122305872,             0.448,      0.0161530814,      0.3259997375,                 0,                 0,                 0,      0.0988004688,     0.01202909297,       0.326177945,                 0,       20.18189158
          0,           0,         379,      -9.695254837,      -10.10479202,      -10.17566274,      -9.134240447,             0.448,     0.01615308027,      0.3259997368,                 0,                 0,                 0,     0.09880046708,     0.01202909185,      0.3261779443,                 0,       20.18189295
          0,           0,         380,      -9.709515465,      -10.13156646,      -10.19499452,      -9.148304128,             0.448,     0.01615307926,      0.3259997364,                 0,                 0,                 0,     0.09880046563,     0.01202909084,      0.3261779439,                 0,       20.18189419
          0,           0,         381,      -9.725935409,      -10.16071173,      -10.21738328,      -9.164542574,             0.448,     0.01615307839,      0.3259997364,                 0,                 0,                 0,     0.09880046442,     0.01202908998,      0.3261779438,                 0,       20.18189527
          0,           0,         382,      -9.744484258,      -10.19138644,      -10.24243427,      -9.182907993,             0.448,     0.01615307767,      0.3259997366,                 0,                 0,                 0,     0.09880046346,     0.01202908925,      0.3261779441,                 0,       20.18189619
          0,           0,         383,      -9.765108087,      -10.22223027,      -10.26951497,      -9.203322263,             0.448,      0.0161530771,      0.3259997373,                 0,                 0,                 0,     0.09880046273,     0.01202908868,      0.3261779447,                 0,       20.18189694
          0,           0,         384,      -9.787766432,      -10.25219735,      -10.29795186,      -9.225733356,             0.448,     0.01615307668,      0.3259997383,                 0,                 0,                 0,     0.09880046224,     0.01202908824,      0.3261779458,                 0,       20.18189752
          0,           0,         385,      -9.812435192,      -10.28093822,      -10.32719421,      -9.250119411,             0.448,     0.01615307641,      0.3259997397,                 0,                 0,                 0,     0.09880046197,     0.01202908795,      0.3261779471,                 0,       20.18189795
          0,           0,         386,      -9.839093052,      -10.30870149,      -10.35693246,       -9.27646939,             0.448,     0.01615307628,      0.3259997414,                 0,                 0,                 0,      0.0988004619,      0.0120290878,      0.3261779489,                 0,       20.18189822
          0,           0,         387,      -9.867712593,      -10.33602138,      -10.38709247,      -9.304770687,             0.448,     0.01615307627,      0.3259997434,                 0,                 0,                 0,     0.09880046202,     0.01202908777,      0.3261779509,                 0,       20.18189835
          0,           0,         388,      -9.898254762,      -10.36344969,       -10.4177291,      -9.335002898,             0.448,     0.01615307639,      0.3259997457,                 0,                 0,                 0,     0.09880046232,     0.01202908785,      0.3261779531,                 0,       20.18189835
          0,           0,         389,      -9.930658869,      -10.39144163,      -10.44892047,       -9.36712804,             0.448,      0.0161530766,      0.3259997481,                 0,                 0,                 0,     0.09880046278,     0.01202908804,      0.3261779556,                 0,       20.18189823
          0,           0,         390,      -9.964828052,      -10.42035694,        -10.480724,      -9.401076929,             0.448,      0.0161530769,      0.3259997508,                 0,                 0,                 0,     0.09880046338,      0.0120290883,      0.3261779582,                 0,       20.18189802
          0,           0,         391,      -10.00061304,      -10.45049254,      -10.51317662,      -9.436734306,             0.448,     0.01615307727,      0.3259997536,                 0,                 0,                 0,     0.09880046411,     0.01202908863,       0.326177961,                 0,       20.18189774
          0,           0,         392,      -10.03779328,      -10.48209245,      -10.54629004,       -9.47392097,             0.448,     0.01615307768,      0.3259997565,                 0,                 0,                 0,     0.09880046493,     0.01202908901,      0.3261779639,                 0,        20.1818974
          0,           0,         393,      -10.07605434,      -10.51532318,      -10.58001379,      -9.512370162,             0.448,     0.01615307812,      0.3259997594,                 0,                 0,                 0,     0.09880046584,     0.01202908941,      0.3261779669,                 0,       20.18189704
          0,           0,         394,      -10.11496637,      -10.55021692,      -10.61417685,      -9.551701122,             0.448,     0.01615307857,      0.3259997624,                 0,                 0,                 0,     0.09880046679,     0.01202908982,      0.3261779699,                 0,       20.18189666
          0,           0,         395,      -10.15397475,      -10.58661111,      -10.64844278,      -9.591400091,             0.448,       0.016153079,      0.3259997654,                 0,                 0,                 0,     0.09880046776,     0.01202909022,      0.3261779728,                 0,        20.1818963
          0,           0,         396,      -10.19241574,      -10.62411762,      -10.68231238,      -9.630822335,             0.448,     0.01615307942,      0.3259997683,                 0,                 0,                 0,     0.09880046873,      0.0120290906,      0.3261779758,                 0,       20.18189596
          0,           0,         397,      -10.22956661,      -10.66214152,      -10.71517696,      -9.669227379,             0.448,     0.01615307979,      0.3259997711,                 0,                 0,                 0,     0.09880046968,     0.01202909094,      0.3261779786,                 0,       20.18189567
          0,           0,         398,      -10.26473212,      -10.69994754,      -10.74640554,      -9.705855195,             0.448,     0.01615308012,      0.3259997738,                 0,                 0,                 0,     0.09880047056,     0.01202909123,      0.3261779813,                 0,       20.18189543
          0,           0,         399,      -10.29735655,      -10.73675212,      -10.77545131,      -9.740039104,             0.448,      0.0161530804,      0.3259997764,                 0,                 0,                 0,     0.09880047137,     0.01202909147,      0.3261779839,                 0,       20.18189524
          0,           0,         400,      -10.32713105,        -10.771821,      -10.80195886,      -9.771330675,             0.448,     0.01615308061,      0.3259997788,                 0,                 0,                 0,     0.09880047208,     0.01202909166,      0.3261779863,                 0,       20.18189512
          0,           0,         401,      -10.35405666,      -10.80455363,      -10.82584086,      -9.799594063,             0.448,     0.01615308078,      0.3259997811,                 0,                 0,                 0,     0.09880047267,      0.0120290918,      0.3261779886,                 0,       20.18189506
          0,           0,         402,      -10.37843574,      -10.83454317,      -10.84729059,      -9.825030908,             0.448,     0.01615308088,      0.3259997831,                 0,                 0,                 0,     0.09880047315,     0.01202909188,      0.3261779906,                 0,       20.18189505
          0,           0,         403,      -10.40079523,      -10.86161735,      -10.86672653,      -9.848124585,             0.448,     0.01615308094,       0.325999785,                 0,                 0,                 0,     0.09880047349,     0.01202909191,      0.3261779925,                 0,        20.1818951
          0,           0,         404,       -10.4217735,      -10.88584329,      -10.88469686,      -9.869528255,             0.448,     0.01615308094,      0.3259997866,                 0,                 0,                 0,     0.09880047369,     0.01202909189,      0.3261779941,                 0,       20.18189519
          0,           0,         405,      -10.44200798,      -10.90750625,      -10.90177954,      -9.889938104,             0.448,      0.0161530809,       0.325999788,                 0,                 0,                 0,     0.09880047377,     0.01202909183,      0.3261779955,                 0,       20.18189533
          0,           0,         406,      -10.46204917,      -10.92706474,      -10.91850182,      -9.909986724,             0.448,     0.01615308083,      0.3259997893,                 0,                 0,                 0,     0.09880047372,     0.01202909174,      0.3261779968,                 0,        20.1818955
          0,           0,         407,      -10.48230854,      -10.94508804,      -10.93528698,      -9.930172776,             0.448,     0.01615308072,      0.3259997903,                 0,                 0,                 0,     0.09880047355,     0.01202909162,      0.3261779978,                 0,        20.1818957
          0,           0,         408,      -10.50303482,       -10.9621934,      -10.95243032,      -9.950824217,             0.448,     0.01615308059,      0.3259997911,                 0,                 0,                 0,     0.09880047328,     0.01202909148,      0.3261779986,                 0,       20.18189591
          0,           0,         409,      -10.52431183,      -10.97898877,      -10.97009925,      -9.972088296,             0.448,     0.01615308045,      0.3259997918,                 0,                 0,                 0,     0.09880047292,     0.01202909133,      0.3261779993,                 0,       20.18189613
          0,           0,         410,       -10.5460693,      -10.99602516,      -10.98834955,       -9.99393758,             0.448,     0.01615308029,      0.3259997924,                 0,                 0,                 0,      0.0988004725,     0.01202909117,      0.3261779999,                 0,       20.18189636
          0,           0,         411,      -10.56810393,      -11.01376486,      -11.00714746,      -10.01618813,             0.448,     0.01615308014,      0.3259997928,                 0,                 0,                 0,     0.09880047202,     0.01202909101,      0.3261780002,                 0,       20.18189658
          0,           0,         412,      -10.59010966,      -11.03255513,      -11.02639055,      -10.03852826,             0.448,     0.01615307999,       0.325999793,                 0,                 0,                 0,     0.09880047152,     0.01202909085,      0.3261780005,                 0,       20.18189679
          0,           0,         413,      -10.61171805,      -11.05261532,      -11.04592361,      -10.06055949,             0.448,     0.01615307984,      0.3259997933,                 0,                 0,                 0,     0.09880047101,     0.01202909071,      0.3261780007,                 0,       20.18189698
          0,           0,         414,      -10.63254816,       -11.0740317,      -11.06555223,      -10.08185018,             0.448,     0.01615307971,      0.3259997934,                 0,                 0,                 0,     0.09880047051,     0.01202909058,      0.3261780009,                 0,       20.18189715
          0,           0,         415,      -10.65226001,      -11.09675124,      -11.08505753,      -10.10199772,             0.448,      0.0161530796,      0.3259997935,                 0,                 0,                 0,     0.09880047005,     0.01202909047,       0.326178001,                 0,       20.18189729
          0,           0,         416,      -10.67060208,       -11.1205925,      -11.10421603,      -10.12068916,             0.448,     0.01615307951,      0.3259997936,                 0,                 0,                 0,     0.09880046963,     0.01202909037,      0.3261780011,                 0,       20.18189741
          0,           0,         417,      -10.68744067,      -11.14525479,      -11.12282098,      -10.13774509,             0.448,     0.01615307944,      0.3259997937,                 0,                 0,                 0,     0.09880046927,      0.0120290903,      0.3261780012,                 0,        20.1818975
          0,           0,         418,      -10.70276258,      -11.17034344,      -11.14070193,      -10.15313367,             0.448,      0.0161530794,      0.3259997939,                 0,                 0,                 0,     0.09880046898,     0.01202909026,      0.3261780014,                 0,       20.18189757
          0,           0,         419,      -10.71665263,      -11.19540162,      -11.15773715,      -10.16695158,             0.448,     0.01615307938,      0.3259997941,                 0,                 0,                 0,     0.09880046877,     0.01202909023,      0.3261780015,                 0,       20.18189761
          0,           0,         420,      -10.72925267,      -11.21995931,       -11.1738555,      -10.17937814,             0.448,     0.01615307938,      0.3259997943,                 0,                 0,                 0,     0.09880046863,     0.01202909023,      0.3261780018,                 0,       20.18189762
          0,           0,         421,      -10.74071644,      -11.24358954,      -11.18903043,      -10.19061927,             0.448,      0.0161530794,      0.3259997946,                 0,                 0,                 0,     0.09880046857,     0.01202909025,      0.3261780021,                 0,       20.18189761
          0,           0,         422,      -10.75117272,       -11.2659635,      -11.20326645,      -10.20085772,             0.448,     0.01615307945,       0.325999795,                 0,                 0,                 0,     0.09880046858,      0.0120290903,      0.3261780025,                 0,       20.18189757
          0,           0,         423,       -10.7607042,      -11.28689576,      -11.21658637,      -10.21022058,             0.448,     0.01615307952,      0.3259997955,                 0,                 0,                 0,     0.09880046867,     0.01202909036,      0.3261780029,                 0,       20.18189752
          0,           0,         424,      -10.76934676,      -11.30636096,      -11.22902251,      -10.21877053,             0.448,     0.01615307961,       0.325999796,                 0,                 0,                 0,     0.09880046882,     0.01202909044,      0.3261780035,                 0,       20.18189744
          0,           0,         425,      -10.77710482,      -11.32447994,      -11.24061645,      -10.22651745,             0.448,     0.01615307971,      0.3259997966,                 0,                 0,                 0,     0.09880046904,     0.01202909053,      0.3261780041,                 0,       20.18189735
          0,           0,         426,      -10.78397889,      -11.34147624,       -11.2514258,      -10.23344652,             0.448,     0.01615307983,      0.3259997972,                 0,                 0,                 0,      0.0988004693,     0.01202909064,      0.3261780047,                 0,       20.18189724
          0,           0,         427,      -10.78999664,      -11.35760552,      -11.26153141,      -10.23955359,             0.448,     0.01615307996,      0.3259997979,                 0,                 0,                 0,      0.0988004696,     0.01202909077,      0.3261780054,                 0,       20.18189712
          0,           0,         428,      -10.79523987,      -11.37307702,      -11.27104387,      -10.24488024,             0.448,      0.0161530801,      0.3259997986,                 0,                 0,                 0,     0.09880046993,      0.0120290909,      0.3261780061,                 0,       20.18189699
          0,           0,         429,      -10.79986039,       -11.3879751,      -11.28010394,       -10.2495385,             0.448,     0.01615308025,      0.3259997994,                 0,                 0,                 0,     0.09880047028,     0.01202909104,      0.3261780069,                 0,       20.18189684
          0,           0,         430,      -10.80408199,      -11.40220379,       -11.2888776,       -10.2537209,             0.448,     0.01615308041,      0.3259998001,                 0,                 0,                 0,     0.09880047065,     0.01202909119,      0.3261780076,                 0,        20.1818967
          0,           0,         431,      -10.80818855,      -11.41546079,      -11.29754951,      -10.25769314,             0.448,     0.01615308057,      0.3259998009,                 0,                 0,                 0,     0.09880047102,     0.01202909134,      0.3261780084,                 0,       20.18189654
          0,           0,         432,      -10.81250258,      -11.42725928,      -11.30631387,      -10.26177373,             0.448,     0.01615308073,      0.3259998016,                 0,                 0,                 0,     0.09880047139,     0.01202909149,      0.3261780091,                 0,       20.18189639
          0,           0,         433,      -10.81735979,      -11.43700042,      -11.31536812,      -10.26630604,             0.448,     0.01615308089,      0.3259998023,                 0,                 0,                 0,     0.09880047175,     0.01202909164,      0.3261780098,                 0,       20.18189623
          0,           0,         434,      -10.82308576,      -11.44408862,      -11.32490684,      -10.27163132,             0.448,     0.01615308105,       0.325999803,                 0,                 0,                 0,     0.09880047211,     0.01202909179,      0.3261780105,                 0,       20.18189607
          0,           0,         435,      -10.82997711,      -11.44808502,       -11.3351163,      -10.27806608,             0.448,     0.01615308121,      0.3259998036,                 0,                 0,                 0,     0.09880047245,     0.01202909194,      0.3261780111,                 0,       20.18189591
          0,           0,         436,      -10.83828913,      -11.44882432,      -11.34616791,      -10.28588642,             0.448,     0.01615308136,      0.3259998042,                 0,                 0,                 0,     0.09880047277,     0.01202909209,      0.3261780117,                 0,       20.18189576
          0,           0,         437,      -10.84822899,      -11.44648726,      -11.35820919,       -10.2953192,             0.448,      0.0161530815,      0.3259998048,                 0,                 0,                 0,     0.09880047308,     0.01202909222,      0.3261780123,                 0,       20.18189562
          0,           0,         438,      -10.85995311,        -11.441578,      -11.37135816,      -10.30653815,             0.448,     0.01615308164,      0.3259998053,                 0,                 0,                 0,     0.09880047337,     0.01202909235,      0.3261780128,                 0,       20.18189548
          0,           0,         439,      -10.87356714,      -11.43483011,      -11.38569704,      -10.31966344,             0.448,     0.01615308177,      0.3259998057,                 0,                 0,                 0,     0.09880047365,     0.01202909248,      0.3261780132,                 0,       20.18189535
          0,           0,         440,       -10.8891271,      -11.42708648,      -11.40126938,       -10.3347629,             0.448,     0.01615308188,      0.3259998061,                 0,                 0,                 0,      0.0988004739,     0.01202909259,      0.3261780136,                 0,       20.18189522
          0,           0,         441,      -10.90664019,      -11.41917764,      -11.41807993,      -10.35185341,             0.448,     0.01615308199,      0.3259998065,                 0,                 0,                 0,     0.09880047414,     0.01202909269,       0.326178014,                 0,       20.18189511
          0,           0,         442,      -10.92606476,      -11.41185206,      -11.43609278,      -10.37090145,             0.448,     0.01615308209,      0.3259998068,                 0,                 0,                 0,     0.09880047436,     0.01202909278,      0.3261780143,                 0,       20.18189501
          0,           0,         443,      -10.94730898,      -11.40572768,      -11.45523226,      -10.39182253,             0.448,     0.01615308217,      0.3259998071,                 0,                 0,                 0,     0.09880047457,     0.01202909286,      0.3261780146,                 0,       20.18189492
          0,           0,         444,       -10.9702272,      -11.40129958,      -11.47538057,      -10.41447831,             0.448,     0.01615308224,      0.3259998073,                 0,                 0,                 0,     0.09880047477,     0.01202909293,      0.3261780149,                 0,       20.18189485
          0,           0,         445,      -10.99461508,      -11.39893174,      -11.49637778,      -10.43867246,             0.448,      0.0161530823,      0.3259998076,                 0,                 0,                 0,     0.09880047496,     0.01202909299,      0.3261780151,                 0,       20.18189479
          0,           0,         446,      -11.02020317,      -11.39889461,      -11.51802241,      -10.46414461,             0.448,     0.01615308235,      0.3259998078,                 0,                 0,                 0,     0.09880047514,     0.01202909303,      0.3261780153,                 0,       20.18189474
          0,           0,         447,      -11.04665134,      -11.40137783,      -11.54007006,      -10.49056456,             0.448,     0.01615308239,      0.3259998079,                 0,                 0,                 0,      0.0988004753,     0.01202909307,      0.3261780155,                 0,       20.18189471
          0,           0,         448,      -11.07354564,      -11.40650373,      -11.56223968,      -10.51752873,             0.448,     0.01615308241,      0.3259998081,                 0,                 0,                 0,     0.09880047546,     0.01202909309,      0.3261780156,                 0,       20.18189468
          0,           0,         449,      -11.10040147,      -11.41434965,      -11.58422138,      -10.54456151,             0.448,     0.01615308243,      0.3259998083,                 0,                 0,                 0,     0.09880047561,     0.01202909311,      0.3261780158,                 0,       20.18189468
          0,           0,         450,      -11.12667962,      -11.42494575,       -11.6056886,      -10.57112858,             0.448,     0.01615308244,      0.3259998084,                 0,                 0,                 0,     0.09880047576,     0.01202909311,       0.326178016,                 0,       20.18189468
          0,           0,         451,      -11.15181826,      -11.43828728,      -11.62632556,      -10.59666537,             0.448,     0.01615308243,      0.3259998086,                 0,                 0,                 0,     0.09880047589,      0.0120290931,      0.3261780161,                 0,       20.18189469
          0,           0,         452,      -11.17528338,       -11.4543281,      -11.64585052,      -10.62062348,             0.448,     0.01615308242,      0.3259998088,                 0,                 0,                 0,     0.09880047602,     0.01202909309,      0.3261780163,                 0,       20.18189472
          0,           0,         453,      -11.19663335,      -11.47299233,      -11.66404902,      -10.64253367,             0.448,      0.0161530824,       0.325999809,                 0,                 0,                 0,     0.09880047614,     0.01202909307,      0.3261780165,                 0,       20.18189476
          0,           0,         454,       -11.2155835,      -11.49415609,      -11.68080502,      -10.66207104,             0.448,     0.01615308237,      0.3259998092,                 0,                 0,                 0,     0.09880047625,     0.01202909304,      0.3261780167,                 0,        20.1818948
          0,           0,         455,      -11.23205477,       -11.5176522,        -11.696113,      -10.67910832,             0.448,     0.01615308234,      0.3259998094,                 0,                 0,                 0,     0.09880047635,     0.01202909301,      0.3261780169,                 0,       20.18189485
          0,           0,         456,      -11.24618905,      -11.54326605,      -11.71008587,      -10.69373939,             0.448,     0.01615308231,      0.3259998096,                 0,                 0,                 0,     0.09880047644,     0.01202909297,      0.3261780171,                 0,       20.18189491
          0,           0,         457,      -11.25832601,      -11.57071397,      -11.72294184,      -10.70626331,             0.448,     0.01615308227,      0.3259998098,                 0,                 0,                 0,     0.09880047652,     0.01202909293,      0.3261780173,                 0,       20.18189497
          0,           0,         458,       -11.2689505,      -11.59964451,      -11.73497647,      -10.71713862,             0.448,     0.01615308223,        0.32599981,                 0,                 0,                 0,     0.09880047658,     0.01202909288,      0.3261780176,                 0,       20.18189504
          0,           0,         459,      -11.27862513,      -11.62962311,      -11.74652688,      -10.72691797,             0.448,     0.01615308219,      0.3259998103,                 0,                 0,                 0,     0.09880047664,     0.01202909284,      0.3261780178,                 0,        20.1818951
          0,           0,         460,      -11.28792783,      -11.66012323,      -11.75793727,      -10.73618335,             0.448,     0.01615308214,      0.3259998106,                 0,                 0,                 0,     0.09880047669,     0.01202909279,      0.3261780181,                 0,       20.18189517
          0,           0,         461,       -11.2974031,      -11.69053892,      -11.76952918,      -10.74549433,             0.448,      0.0161530821,      0.3259998108,                 0,                 0,                 0,     0.09880047673,     0.01202909274,      0.3261780184,                 0,       20.18189524
          0,           0,         462,      -11.30753251,         -11.72021,      -11.78158422,      -10.75535362,             0.448,     0.01615308206,      0.3259998111,                 0,                 0,                 0,     0.09880047676,      0.0120290927,      0.3261780186,                 0,       20.18189531
          0,           0,         463,      -11.31872094,      -11.74846186,      -11.79433314,      -10.76618948,             0.448,     0.01615308202,      0.3259998114,                 0,                 0,                 0,     0.09880047678,     0.01202909265,      0.3261780189,                 0,       20.18189538
          0,           0,         464,      -11.33129347,      -11.77468362,      -11.80794736,      -10.77834941,             0.448,     0.01615308198,      0.3259998117,                 0,                 0,                 0,     0.09880047679,     0.01202909261,      0.3261780192,                 0,       20.18189545
          0,           0,         465,      -11.34549907,      -11.79839722,      -11.82254464,      -10.79210335,             0.448,     0.01615308194,       0.325999812,                 0,                 0,                 0,     0.09880047679,     0.01202909257,      0.3261780195,                 0,       20.18189552
          0,           0,         466,      -11.36151528,       -11.8193164,      -11.83818669,       -10.8076469,             0.448,     0.01615308191,      0.3259998123,                 0,                 0,                 0,     0.09880047679,     0.01202909253,      0.3261780198,                 0,       20.18189558
          0,           0,         467,      -11.37945051,      -11.83740472,      -11.85487369,      -10.82510419,             0.448,     0.01615308188,      0.3259998126,                 0,                 0,                 0,     0.09880047677,      0.0120290925,      0.3261780201,                 0,       20.18189564
          0,           0,         468,      -11.39934481,       -11.8528511,      -11.87254984,      -10.84453036,             0.448,     0.01615308185,      0.3259998129,                 0,                 0,                 0,     0.09880047675,     0.01202909246,      0.3261780204,                 0,       20.18189569
          0,           0,         469,      -11.42116193,      -11.86604782,      -11.89110125,      -10.86590307,             0.448,     0.01615308182,      0.3259998132,                 0,                 0,                 0,     0.09880047673,     0.01202909243,      0.3261780207,                 0,       20.18189574
          0,           0,         470,      -11.44477667,      -11.87749455,      -11.91034783,      -10.88911194,             0.448,      0.0161530818,      0.3259998135,                 0,                 0,                 0,      0.0988004767,     0.01202909241,       0.326178021,                 0,       20.18189579
          0,           0,         471,       -11.4699518,      -11.88775476,      -11.93005197,      -10.91393645,             0.448,     0.01615308178,      0.3259998138,                 0,                 0,                 0,     0.09880047666,     0.01202909239,      0.3261780213,                 0,       20.18189583
          0,           0,         472,      -11.49631024,      -11.89735937,       -11.9499052,      -10.94001813,             0.448,     0.01615308176,       0.325999814,                 0,                 0,                 0,     0.09880047662,     0.01202909237,      0.3261780216,                 0,       20.18189587
          0,           0,         473,      -11.52330025,      -11.90678493,      -11.96954337,      -10.96682606,             0.448,     0.01615308175,      0.3259998143,                 0,                 0,                 0,     0.09880047658,     0.01202909235,      0.3261780218,                 0,        20.1818959
          0,           0,         474,      -11.55016913,      -11.91641541,      -11.98854967,       -10.9936284,             0.448,     0.01615308174,      0.3259998146,                 0,                 0,                 0,     0.09880047654,     0.01202909234,      0.3261780221,                 0,       20.18189593
          0,           0,         475,      -11.57595816,      -11.92655916,      -12.00647273,       -11.0194847,             0.448,     0.01615308173,      0.3259998148,                 0,                 0,                 0,     0.09880047649,     0.01202909233,      0.3261780223,                 0,       20.18189595
          0,           0,         476,      -11.59954939,       -11.9374147,      -12.02285919,      -11.04328387,             0.448,     0.01615308173,       0.325999815,                 0,                 0,                 0,     0.09880047645,     0.01202909232,      0.3261780225,                 0,       20.18189597
          0,           0,         477,      -11.61978019,      -11.94912273,        -12.037307,       -11.0638531,             0.448,     0.01615308173,      0.3259998152,                 0,                 0,                 0,      0.0988004764,     0.01202909231,      0.3261780227,                 0,       20.18189598
          0,           0,         478,      -11.63564466,      -11.96174167,      -12.04952326,      -11.08015136,             0.448,     0.01615308173,      0.3259998154,                 0,                 0,                 0,     0.09880047636,     0.01202909231,      0.3261780229,                 0,         20.181896
          0,           0,         479,      -11.64651328,      -11.97527699,       -12.0593844,      -11.09149171,             0.448,     0.01615308173,      0.3259998156,                 0,                 0,                 0,     0.09880047631,     0.01202909231,      0.3261780231,                 0,         20.181896
          0,           0,         480,      -11.65230171,      -11.98967932,      -12.06696432,      -11.09772031,             0.448,     0.01615308173,      0.3259998157,                 0,                 0,                 0,     0.09880047627,     0.01202909231,      0.3261780232,                 0,       20.18189601
          0,           0,         481,      -11.65349257,      -12.00486671,       -12.0725381,      -11.09925777,             0.448,     0.01615308174,      0.3259998158,                 0,                 0,                 0,     0.09880047623,     0.01202909232,      0.3261780234,                 0,       20.18189601
          0,           0,         482,      -11.65100267,      -12.02073335,      -12.07652599,      -11.09698225,             0.448,     0.01615308175,       0.325999816,                 0,                 0,                 0,     0.09880047619,     0.01202909232,      0.3261780235,                 0,       20.18189601
          0,           0,         483,       -11.6459609,      -12.03713389,      -12.07942931,      -11.09201145,             0.448,     0.01615308175,      0.3259998161,                 0,                 0,                 0,     0.09880047615,     0.01202909233,      0.3261780236,                 0,         20.181896
          0,           0,         484,      -11.63950553,      -12.05390623,      -12.08176106,      -11.08549413,             0.448,     0.01615308177,      0.3259998162,                 0,                 0,                 0,     0.09880047612,     0.01202909234,      0.3261780237,                 0,       20.18189599
          0,           0,         485,      -11.63263913,      -12.07091256,      -12.08399736,      -11.07845529,             0.448,     0.01615308178,      0.3259998162,                 0,                 0,                 0,     0.09880047608,     0.01202909235,      0.3261780237,                 0,       20.18189598
          0,           0,         486,      -11.62617204,      -12.08799259,        -12.086558,      -11.07173182,             0.448,     0.01615308179,      0.3259998163,                 0,                 0,                 0,     0.09880047606,     0.01202909236,      0.3261780238,                 0,       20.18189597
          0,           0,         487,      -11.62071561,      -12.10501224,      -12.08979594,      -11.06595916,             0.448,      0.0161530818,      0.3259998164,                 0,                 0,                 0,     0.09880047603,     0.01202909238,      0.3261780239,                 0,       20.18189596
          0,           0,         488,      -11.61670971,      -12.12184537,      -12.09399506,      -11.06159629,             0.448,     0.01615308182,      0.3259998164,                 0,                 0,                 0,     0.09880047601,     0.01202909239,      0.3261780239,                 0,       20.18189594
          0,           0,         489,      -11.61445674,      -12.13838706,      -12.09937788,      -11.05896039,             0.448,     0.01615308183,      0.3259998164,                 0,                 0,                 0,     0.09880047599,      0.0120290924,      0.3261780239,                 0,       20.18189593
          0,           0,         490,      -11.61415764,      -12.15454155,      -12.10611333,      -11.05826298,             0.448,     0.01615308185,      0.3259998164,                 0,                 0,                 0,     0.09880047598,     0.01202909242,       0.326178024,                 0,       20.18189591
          0,           0,         491,      -11.61593897,        -12.170234,      -12.11432667,      -11.05963766,             0.448,     0.01615308186,      0.3259998165,                 0,                 0,                 0,     0.09880047597,     0.01202909243,       0.326178024,                 0,       20.18189589
          0,           0,         492,      -11.61987793,      -12.18541625,      -12.12410662,      -11.06316604,             0.448,     0.01615308188,      0.3259998165,                 0,                 0,                 0,     0.09880047596,     0.01202909245,       0.326178024,                 0,       20.18189588
          0,           0,         493,      -11.62601682,      -12.20005094,      -12.13551388,      -11.06889348,             0.448,     0.01615308189,      0.3259998165,                 0,                 0,                 0,     0.09880047596,     0.01202909246,       0.326178024,                 0,       20.18189586
          0,           0,         494,       -11.6343762,      -12.21412306,      -12.14858887,      -11.07684239,             0.448,      0.0161530819,      0.3259998165,                 0,                 0,                 0,     0.09880047596,     0.01202909248,       0.326178024,                 0,       20.18189584
          0,           0,         495,      -11.64496258,      -12.22762295,      -12.16335118,      -11.08702012,             0.448,     0.01615308192,      0.3259998165,                 0,                 0,                 0,     0.09880047596,     0.01202909249,       0.326178024,                 0,       20.18189582
          0,           0,         496,      -11.65777326,       -12.2405899,      -12.17980702,      -11.09942502,             0.448,     0.01615308193,      0.3259998165,                 0,                 0,                 0,     0.09880047597,     0.01202909251,       0.326178024,                 0,        20.1818958
          0,           0,         497,      -11.67280059,      -12.25304234,      -12.19794695,      -11.11405031,             0.448,     0.01615308195,      0.3259998164,                 0,                 0,                 0,     0.09880047598,     0.01202909252,      0.3261780239,                 0,       20.18189578
          0,           0,         498,      -11.69003233,      -12.26503168,      -12.21774683,      -11.13088464,             0.448,     0.01615308196,      0.3259998164,                 0,                 0,                 0,     0.09880047599,     0.01202909253,      0.3261780239,                 0,       20.18189577
          0,           0,         499,      -11.70945244,      -12.27657348,      -12.23916526,      -11.14991312,             0.448,     0.01615308197,      0.3259998164,                 0,                 0,                 0,     0.09880047601,     0.01202909255,      0.3261780239,                 0,       20.18189575
          0,           0,         500,      -11.73103963,      -12.28774554,      -12.26214144,      -11.17111749,             0.448,     0.01615308198,      0.3259998164,                 0,                 0,                 0,     0.09880047603,     0.01202909256,      0.3261780239,                 0,       20.18189573
          0,           0,         501,      -11.75476372,       -12.2985751,      -12.28658375,      -11.19447019,             0.448,       0.016153082,      0.3259998164,                 0,                 0,                 0,     0.09880047605,     0.01202909257,      0.3261780239,                 0,       20.18189572
          0,           0,         502,       -11.7805816,      -12.30912105,      -12.31237292,      -11.21993361,             0.448,     0.01615308201,      0.3259998164,                 0,                 0,                 0,     0.09880047607,     0.01202909258,      0.3261780239,                 0,       20.18189571
          0,           0,         503,       -11.8084296,      -12.31943669,      -12.33934021,      -11.24745098,             0.448,     0.01615308202,      0.3259998164,                 0,                 0,                 0,      0.0988004761,     0.01202909259,      0.3261780239,                 0,       20.18189569
          0,           0,         504,      -11.83821246,      -12.32956123,      -12.36727158,      -11.27693812,             0.448,     0.01615308203,      0.3259998164,                 0,                 0,                 0,     0.09880047613,      0.0120290926,      0.3261780239,                 0,       20.18189568
          0,           0,         505,      -11.86978918,      -12.33958865,      -12.39589717,      -11.30826737,             0.448,     0.01615308203,      0.3259998164,                 0,                 0,                 0,     0.09880047616,     0.01202909261,      0.3261780239,                 0,       20.18189567
          0,           0,         506,      -11.90295094,      -12.34958466,      -12.42487703,      -11.34124943,             0.448,     0.01615308204,      0.3259998164,                 0,                 0,                 0,     0.09880047618,     0.01202909261,      0.3261780239,                 0,       20.18189566
          0,           0,         507,      -11.93739756,       -12.3596413,      -12.45381267,      -11.37560825,             0.448,     0.01615308205,      0.3259998164,                 0,                 0,                 0,     0.09880047621,     0.01202909262,      0.3261780239,                 0,       20.18189565
          0,           0,         508,      -11.97270593,      -12.36984885,      -12.48225739,      -11.41095013,             0.448,     0.01615308205,      0.3259998164,                 0,                 0,                 0,     0.09880047624,     0.01202909263,      0.3261780239,                 0,       20.18189565
          0,           0,         509,      -12.00829998,      -12.38036906,      -12.50970049,      -11.44673129,             0.448,     0.01615308206,      0.3259998164,                 0,                 0,                 0,     0.09880047627,     0.01202909263,      0.3261780239,                 0,       20.18189564
          0,           0,         510,      -12.04342955,      -12.39131577,      -12.53560796,      -11.48223324,             0.448,     0.01615308206,      0.3259998164,                 0,                 0,                 0,      0.0988004763,     0.01202909263,      0.3261780239,                 0,       20.18189564
          0,           0,         511,      -12.07716973,      -12.40284248,      -12.55946056,      -11.51655504,             0.448,     0.01615308206,      0.3259998164,                 0,                 0,                 0,     0.09880047633,     0.01202909264,      0.3261780239,                 0,       20.18189564
          0,           0,         512,      -12.10847291,       -12.4151213,      -12.58081006,      -11.54865433,             0.448,     0.01615308207,      0.3259998164,                 0,                 0,                 0,     0.09880047636,     0.01202909264,      0.3261780239,                 0,       20.18189563
          0,           0,         513,      -12.13628941,      -12.42829946,      -12.59937369,      -11.57745323,             0.448,     0.01615308207,      0.3259998164,                 0,                 0,                 0,     0.09880047638,     0.01202909264,       0.326178024,                 0,       20.18189563
          0,           0,         514,      -12.15974254,      -12.44252604,      -12.61507449,      -11.60200875,             0.448,     0.01615308207,      0.3259998165,                 0,                 0,                 0,     0.09880047641,     0.01202909264,       0.326178024,                 0,       20.18189563
          0,           0,         515,      -12.17834172,      -12.45790085,      -12.62809209,       -11.6217331,             0.448,     0.01615308207,      0.3259998165,                 0,                 0,                 0,     0.09880047643,     0.01202909264,       0.326178024,                 0,       20.18189564
          0,           0,         516,      -12.19211206,       -12.4744908,      -12.63880917,      -11.63654151,             0.448,     0.01615308207,      0.3259998165,                 0,                 0,                 0,     0.09880047645,     0.01202909264,       0.326178024,                 0,       20.18189564
          0,           0,         517,      -12.20159727,      -12.49232123,      -12.64775248,      -11.64688163,             0.448,     0.01615308207,      0.3259998166,                 0,                 0,                 0,     0.09880047647,     0.01202909264,      0.3261780241,                 0,       20.18189564
          0,           0,         518,      -12.20772898,      -12.51139145,      -12.65551058,      -11.65363232,             0.448,     0.01615308207,      0.3259998166,                 0,                 0,                 0,     0.09880047648,     0.01202909264,      0.3261780241,                 0,       20.18189564
          0,           0,         519,      -12.21161101,      -12.53172931,      -12.66265984,      -11.65788465,             0.448,     0.01615308206,      0.3259998166,                 0,                 0,                 0,      0.0988004765,     0.01202909263,      0.3261780241,                 0,       20.18189565
          0,           0,         520,      -12.21434899,      -12.55332696,      -12.66975797,      -11.66076337,             0.448,     0.01615308206,      0.3259998166,                 0,                 0,                 0,     0.09880047651,     0.01202909263,      0.3261780242,                 0,       20.18189565
          0,           0,         521,      -12.21691635,      -12.57619139,      -12.67725288,      -11.66328071,             0.448,     0.01615308206,      0.3259998167,                 0,                 0,                 0,     0.09880047652,     0.01202909263,      0.3261780242,                 0,       20.18189566
          0,           0,         522,      -12.22010624,      -12.60029926,       -12.6855484,      -11.66627271,             0.448,     0.01615308206,      0.3259998167,                 0,                 0,                 0,     0.09880047653,     0.01202909263,      0.3261780242,                 0,       20.18189566
          0,           0,         523,      -12.22452695,      -12.62558541,      -12.69494839,      -11.67038672,             0.448,     0.01615308205,      0.3259998168,                 0,                 0,                 0,     0.09880047654,     0.01202909262,      0.3261780243,                 0,       20.18189567
          0,           0,         524,      -12.23063297,      -12.65197886,      -12.70566817,      -11.67611055,             0.448,     0.01615308205,      0.3259998168,                 0,                 0,                 0,     0.09880047655,     0.01202909262,      0.3261780243,                 0,       20.18189568
          0,           0,         525,      -12.23874276,      -12.67932428,      -12.71786683,      -11.68378829,             0.448,     0.01615308205,      0.3259998168,                 0,                 0,                 0,     0.09880047655,     0.01202909261,      0.3261780243,                 0,       20.18189568
          0,           0,         526,      -12.24908107,      -12.70750169,      -12.73163057,      -11.69366302,             0.448,     0.01615308204,      0.3259998169,                 0,                 0,                 0,     0.09880047656,     0.01202909261,      0.3261780244,                 0,       20.18189569
          0,           0,         527,      -12.26179998,      -12.73620828,      -12.74699243,      -11.70590229,             0.448,     0.01615308204,      0.3259998169,                 0,                 0,                 0,     0.09880047656,     0.01202909261,      0.3261780244,                 0,       20.18189569
          0,           0,         528,      -12.27699474,      -12.76518305,      -12.76394693,       -11.7206107,             0.448,     0.01615308204,      0.3259998169,                 0,                 0,                 0,     0.09880047656,      0.0120290926,      0.3261780244,                 0,        20.1818957
          0,           0,         529,      -12.29471795,      -12.79403361,      -12.78242924,      -11.73785249,             0.448,     0.01615308204,       0.325999817,                 0,                 0,                 0,     0.09880047656,      0.0120290926,      0.3261780245,                 0,       20.18189571
          0,           0,         530,      -12.31497648,      -12.82238959,      -12.80233551,      -11.75764305,             0.448,     0.01615308203,       0.325999817,                 0,                 0,                 0,     0.09880047656,      0.0120290926,      0.3261780245,                 0,       20.18189571
          0,           0,         531,      -12.33773617,      -12.84975818,      -12.82346465,      -11.77995827,             0.448,     0.01615308203,       0.325999817,                 0,                 0,                 0,     0.09880047656,     0.01202909259,      0.3261780245,                 0,       20.18189572
          0,           0,         532,      -12.36290595,      -12.87560765,      -12.84560182,      -11.80472001,             0.448,     0.01615308203,      0.3259998171,                 0,                 0,                 0,     0.09880047656,     0.01202909259,      0.3261780246,                 0,       20.18189572
          0,           0,         533,       -12.3903021,      -12.89964111,      -12.86841305,       -11.8317641,             0.448,     0.01615308203,      0.3259998171,                 0,                 0,                 0,     0.09880047655,     0.01202909259,      0.3261780246,                 0,       20.18189573
          0,           0,         534,      -12.41963372,      -12.92144747,      -12.89153662,      -11.86082301,             0.448,     0.01615308202,      0.3259998171,                 0,                 0,                 0,     0.09880047655,     0.01202909259,      0.3261780246,                 0,       20.18189573
          0,           0,         535,      -12.45044579,      -12.94072205,       -12.9145032,      -11.89147093,             0.448,     0.01615308202,      0.3259998171,                 0,                 0,                 0,     0.09880047655,     0.01202909259,      0.3261780247,                 0,       20.18189573
          0,           0,         536,      -12.48204902,      -12.95759254,      -12.93676065,      -11.92305872,             0.448,     0.01615308202,      0.3259998172,                 0,                 0,                 0,     0.09880047654,     0.01202909258,      0.3261780247,                 0,       20.18189574
          0,           0,         537,      -12.51349167,      -12.97205858,      -12.95777262,      -11.95467697,             0.448,     0.01615308202,      0.3259998172,                 0,                 0,                 0,     0.09880047654,     0.01202909258,      0.3261780247,                 0,       20.18189574
          0,           0,         538,      -12.54350784,      -12.98442999,      -12.97693499,      -11.98509815,             0.448,     0.01615308202,      0.3259998172,                 0,                 0,                 0,     0.09880047653,     0.01202909258,      0.3261780247,                 0,       20.18189574
          0,           0,         539,      -12.57057917,      -12.99505532,      -12.99364587,      -12.01281695,             0.448,     0.01615308202,      0.3259998172,                 0,                 0,                 0,     0.09880047653,     0.01202909258,      0.3261780247,                 0,       20.18189574
          0,           0,         540,       -12.5931134,      -13.00459402,      -13.00752343,      -12.03621783,             0.448,     0.01615308202,      0.3259998172,                 0,                 0,                 0,     0.09880047652,     0.01202909258,      0.3261780248,                 0,       20.18189574
          0,           0,         541,      -12.60976816,       -13.0133427,      -13.01831779,      -12.05387513,             0.448,     0.01615308202,      0.3259998173,                 0,                 0,                 0,     0.09880047652,     0.01202909258,      0.3261780248,                 0,       20.18189575
          0,           0,         542,      -12.61983413,      -13.02192163,      -13.02616629,      -12.06495554,             0.448,     0.01615308202,      0.3259998173,                 0,                 0,                 0,     0.09880047651,     0.01202909258,      0.3261780248,                 0,       20.18189575
          0,           0,         543,       -12.6234681,      -13.03064513,      -13.03144339,      -12.06948179,             0.448,     0.01615308202,      0.3259998173,                 0,                 0,                 0,     0.09880047651,     0.01202909258,      0.3261780248,                 0,       20.18189575
          0,           0,         544,      -12.62164016,      -13.03984933,      -13.03470289,       -12.0683201,             0.448,     0.01615308202,      0.3259998173,                 0,                 0,                 0,      0.0988004765,     0.01202909258,      0.3261780248,                 0,       20.18189575
          0,           0,         545,      -12.61583548,      -13.04960414,      -13.03659026,      -12.06291206,             0.448,     0.01615308202,      0.3259998173,                 0,                 0,                 0,      0.0988004765,     0.01202909258,      0.3261780248,                 0,       20.18189574
          0,           0,         546,      -12.60762953,      -13.06007299,      -13.03775727,      -12.05484852,             0.448,     0.01615308202,      0.3259998173,                 0,                 0,                 0,      0.0988004765,     0.01202909258,      0.3261780248,                 0,       20.18189574
          0,           0,         547,      -12.59847657,      -13.07115588,      -13.03876111,      -12.04562234,             0.448,     0.01615308202,      0.3259998173,                 0,                 0,                 0,     0.09880047649,     0.01202909259,      0.3261780248,                 0,       20.18189574
          0,           0,         548,      -12.58950948,      -13.08293443,      -13.04010317,      -12.03642279,             0.448,     0.01615308203,      0.3259998173,                 0,                 0,                 0,     0.09880047649,     0.01202909259,      0.3261780249,                 0,       20.18189574
          0,           0,         549,      -12.58157487,      -13.09515124,      -13.04217298,      -12.02814609,             0.448,     0.01615308203,      0.3259998173,                 0,                 0,                 0,     0.09880047649,     0.01202909259,      0.3261780249,                 0,       20.18189574
          0,           0,         550,      -12.57525214,      -13.10794752,      -13.04529592,      -12.02141395,             0.448,     0.01615308203,      0.3259998174,                 0,                 0,                 0,     0.09880047649,     0.01202909259,      0.3261780249,                 0,       20.18189574
          0,           0,         551,      -12.57092567,      -13.12088299,      -13.04971955,      -12.01663541,             0.448,     0.01615308203,      0.3259998174,                 0,                 0,                 0,     0.09880047649,     0.01202909259,      0.3261780249,                 0,       20.18189573
          0,           0,         552,      -12.56883204,      -13.13391964,      -13.05561319,      -12.01406772,             0.448,     0.01615308203,      0.3259998174,                 0,                 0,                 0,     0.09880047649,     0.01202909259,      0.3261780249,                 0,       20.18189573
          0,           0,         553,      -12.56911416,      -13.14691509,      -13.06311237,      -12.01386779,             0.448,     0.01615308204,      0.3259998174,                 0,                 0,                 0,     0.09880047649,      0.0120290926,      0.3261780249,                 0,       20.18189573
          0,           0,         554,      -12.57184332,        -13.159619,      -13.07229895,      -12.01611385,             0.448,     0.01615308204,      0.3259998174,                 0,                 0,                 0,     0.09880047649,      0.0120290926,      0.3261780249,                 0,       20.18189573
          0,           0,         555,      -12.57705755,      -13.17185471,      -13.08323254,      -12.02085155,             0.448,     0.01615308204,      0.3259998174,                 0,                 0,                 0,     0.09880047649,      0.0120290926,      0.3261780249,                 0,       20.18189573
          0,           0,         556,      -12.58475784,      -13.18351623,      -13.09593469,      -12.02808129,             0.448,     0.01615308204,      0.3259998174,                 0,                 0,                 0,     0.09880047649,      0.0120290926,      0.3261780249,                 0,       20.18189572
          0,           0,         557,      -12.59494049,      -13.19449461,      -13.11042601,      -12.03780383,             0.448,     0.01615308204,      0.3259998174,                 0,                 0,                 0,     0.09880047649,      0.0120290926,      0.3261780249,                 0,       20.18189572
          0,           0,         558,      -12.60758434,      -13.20469264,      -13.12669735,      -12.04999938,             0.448,     0.01615308204,      0.3259998174,                 0,                 0,                 0,     0.09880047649,     0.01202909261,      0.3261780249,                 0,       20.18189572
          0,           0,         559,       -12.6226643,      -13.21418122,       -13.1447228,      -12.06464464,             0.448,     0.01615308205,      0.3259998174,                 0,                 0,                 0,      0.0988004765,     0.01202909261,      0.3261780249,                 0,       20.18189572
          0,           0,         560,      -12.64015341,      -13.22295479,      -13.16443511,      -12.08171159,             0.448,     0.01615308205,      0.3259998174,                 0,                 0,                 0,      0.0988004765,     0.01202909261,      0.3261780249,                 0,       20.18189571
          0,           0,         561,      -12.66001825,       -13.2311636,      -13.18578024,      -12.10117192,             0.448,     0.01615308205,      0.3259998174,                 0,                 0,                 0,      0.0988004765,     0.01202909261,      0.3261780249,                 0,       20.18189571
          0,           0,         562,      -12.68221467,      -13.23901569,      -13.20865601,      -12.12298355,             0.448,     0.01615308205,      0.3259998174,                 0,                 0,                 0,      0.0988004765,     0.01202909261,      0.3261780249,                 0,       20.18189571
          0,           0,         563,      -12.70668282,      -13.24645592,      -13.23291714,      -12.14709251,             0.448,     0.01615308205,      0.3259998174,                 0,                 0,                 0,     0.09880047651,     0.01202909261,      0.3261780249,                 0,       20.18189571
          0,           0,         564,      -12.73334696,      -13.25373175,      -13.25837614,      -12.17343411,             0.448,     0.01615308205,      0.3259998174,                 0,                 0,                 0,     0.09880047651,     0.01202909261,      0.3261780249,                 0,       20.18189571
          0,           0,         565,      -12.76208534,      -13.26115027,      -13.28481095,      -12.20189623,             0.448,     0.01615308205,      0.3259998174,                 0,                 0,                 0,     0.09880047651,     0.01202909261,      0.3261780249,                 0,       20.18189571
          0,           0,         566,      -12.79274073,      -13.26872886,      -13.31192171,      -12.23233565,             0.448,     0.01615308205,      0.3259998174,                 0,                 0,                 0,     0.09880047651,     0.01202909262,      0.3261780249,                 0,       20.18189571
          0,           0,         567,      -12.82507552,      -13.27672461,      -13.33936267,      -12.26453962,             0.448,     0.01615308206,      0.3259998174,                 0,                 0,                 0,     0.09880047652,     0.01202909262,      0.3261780249,                 0,       20.18189571
          0,           0,         568,      -12.85874232,      -13.28522985,      -13.36672943,      -12.29817869,             0.448,     0.01615308206,      0.3259998174,                 0,                 0,                 0,     0.09880047652,     0.01202909262,      0.3261780249,                 0,        20.1818957
          0,           0,         569,      -12.89326397,      -13.29451501,      -13.39355674,      -12.33282016,             0.448,     0.01615308206,      0.3259998174,                 0,                 0,                 0,     0.09880047652,     0.01202909262,      0.3261780249,                 0,        20.1818957
          0,           0,         570,      -12.92798851,       -13.3046113,      -13.41933104,       -12.3678301,             0.448,     0.01615308206,      0.3259998174,                 0,                 0,                 0,     0.09880047653,     0.01202909262,      0.3261780249,                 0,        20.1818957
          0,           0,         571,      -12.96206883,      -13.31575245,      -13.44356477,       -12.4023957,             0.448,     0.01615308206,      0.3259998174,                 0,                 0,                 0,     0.09880047653,     0.01202909262,      0.3261780249,                 0,        20.1818957
          0,           0,         572,      -12.99448917,      -13.32812936,      -13.46574033,      -12.43552808,             0.448,     0.01615308206,      0.3259998174,                 0,                 0,                 0,     0.09880047653,     0.01202909262,      0.3261780249,                 0,        20.1818957
          0,           0,         573,      -13.02410066,      -13.34175926,      -13.48543019,      -12.46605552,             0.448,     0.01615308206,      0.3259998174,                 0,                 0,                 0,     0.09880047654,     0.01202909262,      0.3261780249,                 0,        20.1818957
