NDIME= 2
NELEM= 10216
5	417	69	311	0
5	302	55	56	1
5	405	159	384	2
5	594	427	450	3
5	315	71	72	4
5	319	4	262	5
5	270	39	40	6
5	327	65	66	7
5	451	259	325	8
5	441	40	41	9
5	358	147	148	10
5	287	12	13	11
5	252	144	145	12
5	254	56	57	13
5	348	96	269	14
5	262	4	5	15
5	647	465	525	16
5	453	308	449	17
5	309	282	15	18
5	560	265	470	19
5	369	185	186	20
5	420	271	27	21
5	432	137	376	22
5	643	471	270	23
5	429	121	354	24
5	282	14	15	25
5	568	446	456	26
5	292	257	31	27
5	617	385	457	28
5	831	694	478	29
5	274	24	25	30
5	470	346	454	31
5	311	69	70	32
5	291	20	278	33
5	286	24	274	34
5	257	30	31	35
5	255	0	1	36
5	996	809	797	37
5	342	79	312	38
5	280	18	19	39
5	543	319	518	40
5	316	42	294	41
5	507	356	439	42
5	543	293	319	43
5	546	298	299	44
5	324	288	9	45
5	749	548	648	46
5	270	251	39	47
5	542	459	257	48
5	258	36	37	49
5	322	18	280	50
5	315	72	290	51
5	555	313	342	52
5	288	8	9	53
5	645	348	465	54
5	323	14	282	55
5	308	62	63	56
5	300	75	76	57
5	335	84	303	58
5	421	60	305	59
5	334	38	251	60
5	749	549	548	61
5	285	53	54	62
5	302	56	254	63
5	751	644	725	64
5	250	82	83	65
5	294	42	43	66
5	301	87	88	67
5	279	80	81	68
5	305	60	61	69
5	531	475	278	70
5	554	448	540	71
5	271	26	27	72
5	284	89	90	73
5	416	111	112	74
5	329	260	33	75
5	475	291	278	76
5	340	0	255	77
5	277	106	107	78
5	420	28	272	79
5	295	52	53	80
5	316	41	42	81
5	333	294	43	82
5	825	476	650	83
5	331	300	76	84
5	762	555	664	85
5	295	53	285	86
5	290	72	73	87
5	337	90	91	88
5	312	79	80	89
5	511	320	336	90
5	1041	890	895	91
5	555	342	464	92
5	946	762	848	93
5	564	314	556	94
5	345	52	295	95
5	335	250	83	96
5	449	63	64	97
5	338	254	57	98
5	842	642	557	99
5	338	57	58	100
5	517	256	293	101
5	259	101	102	102
5	512	281	350	103
5	348	95	96	104
5	441	270	40	105
5	361	177	178	106
5	266	99	100	107
5	510	451	325	108
5	580	353	413	109
5	372	115	116	110
5	367	117	118	111
5	357	151	349	112
5	412	375	127	113
5	639	273	436	114
5	381	157	158	115
5	492	368	430	116
5	377	147	358	117
5	400	173	390	118
5	437	365	182	119
5	406	161	253	120
5	403	253	162	121
5	395	181	365	122
5	397	175	393	123
5	408	157	381	124
5	619	408	381	125
5	401	386	166	126
5	399	388	170	127
5	834	690	450	128
5	585	377	358	129
5	387	163	164	130
5	404	165	386	131
5	353	112	113	132
5	424	321	109	133
5	363	252	145	134
5	363	145	146	135
5	481	429	354	136
5	607	393	484	137
5	1544	685	720	138
5	653	485	490	139
5	275	132	133	140
5	409	382	129	141
5	373	135	136	142
5	614	482	253	143
5	355	143	144	144
5	409	130	383	145
5	380	354	122	146
5	486	435	273	147
5	436	273	140	148
5	411	126	375	149
5	360	186	187	150
5	593	394	488	151
5	850	681	706	152
5	393	175	176	153
5	806	611	604	154
5	398	177	361	155
5	784	587	502	156
5	403	162	163	157
5	402	169	388	158
5	253	161	162	159
5	396	188	359	160
5	388	169	170	161
5	1083	868	726	162
5	390	173	174	163
5	484	393	398	164
5	356	195	196	165
5	380	122	123	166
5	432	373	136	167
5	375	126	127	168
5	412	128	382	169
5	357	150	151	170
5	355	144	252	171
5	364	141	142	172
5	624	483	375	173
5	435	139	273	174
5	482	479	406	175
5	424	110	351	176
5	623	412	382	177
5	595	501	352	178
5	325	259	102	179
5	328	46	296	180
5	269	96	97	181
5	1361	1264	1068	182
5	530	286	462	183
5	550	306	421	184
5	251	38	39	185
5	423	103	104	186
5	350	99	266	187
5	693	451	510	188
5	483	411	375	189
5	352	114	115	190
5	633	478	424	191
5	444	150	357	192
5	427	117	367	193
5	588	395	365	194
5	385	154	261	195
5	655	491	587	196
5	369	186	360	197
5	581	431	485	198
5	386	165	166	199
5	5232	5214	5229	200
5	508	503	443	201
5	5232	5226	5214	202
5	1099	878	1090	203
5	5231	207	5222	204
5	5231	206	207	205
5	5230	5210	5219	206
5	5230	5213	5210	207
5	5229	5199	5213	208
5	5229	5214	5199	209
5	5228	204	205	210
5	5228	5217	204	211
5	5225	5219	5200	212
5	5225	249	5219	213
5	5232	5229	202	214
5	5232	202	203	215
5	5227	247	248	216
5	5227	5196	5212	217
5	5224	5195	5209	218
5	5224	5202	5195	219
5	5223	225	226	220
5	5223	5220	225	221
5	5224	5228	205	222
5	5231	205	206	223
5	5221	5173	5203	224
5	5221	5201	5173	225
5	5220	5211	225	226
5	5220	5181	5211	227
5	5230	200	201	228
5	5230	5229	5213	229
5	5219	5210	5191	230
5	5225	5218	248	231
5	5231	5202	5224	232
5	5231	5222	5202	233
5	5216	227	228	234
5	5216	5208	227	235
5	5215	207	208	236
5	5222	5206	5189	237
5	5232	203	5226	238
5	5230	201	5229	239
5	5214	5205	5174	240
5	5229	201	202	241
5	5212	246	247	242
5	5221	246	5212	243
5	5211	5180	224	244
5	5211	5181	5180	245
5	5210	5152	5191	246
5	5210	5190	5152	247
5	5231	5224	205	248
5	5228	5224	5209	249
5	5223	5208	5185	250
5	5223	226	227	251
5	5207	5180	5166	252
5	5207	223	5180	253
5	5222	5189	5202	254
5	5222	5215	5206	255
5	5226	5205	5214	256
5	5217	5188	5205	257
5	5197	229	230	258
5	5197	5179	229	259
5	5203	5163	5193	260
5	5203	5173	5163	261
5	5215	208	209	262
5	5222	207	5215	263
5	5221	5212	5201	264
5	5221	245	246	265
5	5230	5219	200	266
5	5219	249	200	267
5	5205	5154	5174	268
5	5226	5217	5205	269
5	5198	221	222	270
5	5198	5186	221	271
5	5197	5121	5179	272
5	5197	5088	5121	273
5	5212	5196	5170	274
5	5201	5170	5145	275
5	5195	5140	5169	276
5	5195	5157	5140	277
5	5192	241	5168	278
5	5192	240	241	279
5	5193	5160	243	280
5	5193	5163	5160	281
5	5223	5185	5220	282
5	5211	224	225	283
5	5213	5199	5190	284
5	5225	248	249	285
5	5184	5150	218	286
5	5184	5127	5150	287
5	5183	212	5155	288
5	5183	211	212	289
5	5228	5209	5217	290
5	5209	5169	5188	291
5	5187	241	242	292
5	5187	5160	5139	293
5	5186	220	221	294
5	5186	5151	220	295
5	5220	5185	5161	296
5	5220	5161	5181	297
5	5184	219	5151	298
5	5184	5151	5127	299
5	5183	5155	5125	300
5	5149	210	211	301
5	5190	5113	5152	302
5	5182	5112	5162	303
5	5223	227	5208	304
5	5181	5167	5147	305
5	5180	223	224	306
5	5207	5166	5194	307
5	5216	5179	5177	308
5	5179	5158	5177	309
5	5178	5156	5135	310
5	5178	215	5156	311
5	5177	5158	5130	312
5	5179	228	229	313
5	5191	5129	5143	314
5	5227	5212	247	315
5	5204	5142	5175	316
5	5204	214	5178	317
5	5174	5118	5146	318
5	5174	5154	5118	319
5	5171	5144	238	320
5	5171	5116	5144	321
5	5171	5148	5116	322
5	5172	216	217	323
5	5171	238	239	324
5	5172	217	5150	325
5	5176	5133	5153	326
5	5218	5176	5196	327
5	5202	5189	5157	328
5	5226	204	5217	329
5	5194	5166	5131	330
5	5192	5138	5148	331
5	5167	5134	5122	332
5	5167	5161	5134	333
5	5166	5096	5131	334
5	5166	5147	5096	335
5	5165	5091	5123	336
5	5165	5130	5091	337
5	5198	5194	5164	338
5	5207	222	223	339
5	5201	5145	5173	340
5	5203	5193	244	341
5	5162	5108	5128	342
5	5162	5112	5108	343
5	5181	5147	5180	344
5	5208	5165	5185	345
5	5208	5177	5165	346
5	5216	5177	5208	347
5	5159	5087	5111	348
5	5159	5115	5087	349
5	5158	5105	5130	350
5	5192	5168	5138	351
5	5189	5114	5157	352
5	5206	5128	5189	353
5	5192	5148	240	354
5	5148	239	240	355
5	5155	5090	5125	356
5	5155	5132	5090	357
5	5154	5101	5118	358
5	5154	5119	5101	359
5	5153	5082	5124	360
5	5153	5133	5082	361
5	5191	5152	5129	362
5	5227	248	5218	363
5	5164	5107	5137	364
5	5151	219	220	365
5	5184	218	219	366
5	5150	217	218	367
5	5217	5209	5188	368
5	5182	5162	209	369
5	5178	214	215	370
5	5148	5138	5086	371
5	5207	5194	222	372
5	5147	5122	5096	373
5	5199	5174	5146	374
5	5219	5191	5200	375
5	5145	5098	5126	376
5	5145	5124	5098	377
5	5144	237	238	378
5	5144	5115	237	379
5	5152	5076	5129	380
5	5200	5191	5143	381
5	5175	5155	212	382
5	5183	5149	211	383
5	5141	5094	5061	384
5	5141	5121	5094	385
5	5215	5162	5206	386
5	5214	5174	5199	387
5	5139	5102	5100	388
5	5139	5120	5102	389
5	5187	242	243	390
5	5194	5131	5164	391
5	5198	5164	5186	392
5	5186	5164	5137	393
5	5197	5136	5088	394
5	5197	230	5136	395
5	5135	5047	5093	396
5	5135	5092	5047	397
5	5167	5122	5147	398
5	438	198	199	399
5	5161	5106	5134	400
5	1036	844	843	401
5	307	86	87	402
5	661	506	199	403
5	5189	5128	5114	404
5	508	443	356	405
5	5112	5074	5108	406
5	685	657	503	407
5	5156	5092	5135	408
5	508	356	507	409
5	5204	5178	5142	410
5	659	438	506	411
5	5161	5123	5106	412
5	439	356	196	413
5	5187	5139	5168	414
5	443	195	356	415
5	5177	5130	5165	416
5	485	431	433	417
5	5185	5123	5161	418
5	660	517	543	419
5	5129	5071	5081	420
5	385	153	154	421
5	5129	5076	5071	422
5	661	199	515	423
5	5190	5146	5113	424
5	5188	5169	5119	425
5	5186	5137	5151	426
5	354	121	122	427
5	5182	210	5149	428
5	416	351	111	429
5	5170	5124	5145	430
5	1230	1086	1051	431
5	5203	244	245	432
5	410	132	275	433
5	5183	5125	5149	434
5	415	108	321	435
5	5182	5149	5112	436
5	347	101	259	437
5	5124	5045	5098	438
5	318	89	284	439
5	5124	5082	5045	440
5	425	106	277	441
5	5187	5168	241	442
5	578	347	452	443
5	5180	5147	5166	444
5	325	102	103	445
5	5134	5097	5109	446
5	473	464	312	447
5	5134	5109	5122	448
5	769	737	516	449
5	5179	5121	5158	450
5	5158	5121	5141	451
5	5160	5120	5139	452
5	347	100	101	453
5	5168	5100	5138	454
5	445	95	348	455
5	5140	5103	5056	456
5	671	579	645	457
5	5205	5188	5154	458
5	303	84	85	459
5	5146	5118	5089	460
5	445	336	94	461
5	5146	5089	5113	462
5	721	509	477	463
5	5117	5077	5046	464
5	320	92	93	465
5	5117	234	5077	466
5	335	83	84	467
5	5116	5086	5064	468
5	447	82	250	469
5	5138	5100	5070	470
5	764	754	540	471
5	5159	236	237	472
5	339	71	315	473
5	5159	237	5115	474
5	306	58	59	475
5	5169	5140	5085	476
5	5140	5056	5085	477
5	5113	5052	5076	478
5	292	31	32	479
5	5113	5089	5052	480
5	419	12	287	481
5	5159	5111	236	482
5	288	268	8	483
5	5111	235	236	484
5	293	2	3	485
5	5128	5084	5114	486
5	293	256	2	487
5	5111	5087	5057	488
5	1394	1257	1239	489
5	5110	5048	5092	490
5	340	199	0	491
5	5110	5079	5048	492
5	1218	517	853	493
5	5109	5049	5038	494
5	729	460	521	495
5	5109	5097	5049	496
5	746	543	518	497
5	5149	5099	5112	498
5	5209	5195	5169	499
5	5107	5020	5063	500
5	5107	5068	5020	501
5	312	80	279	502
5	762	562	555	503
5	460	263	267	504
5	670	470	454	505
5	273	139	140	506
5	641	588	365	507
5	384	159	160	508
5	261	154	155	509
5	304	55	302	510
5	573	332	466	511
5	742	537	741	512
5	1505	888	1371	513
5	256	255	1	514
5	256	1	2	515
5	330	30	257	516
5	472	345	295	517
5	346	36	258	518
5	260	32	33	519
5	511	456	320	520
5	452	259	451	521
5	329	34	265	522
5	292	32	260	523
5	813	617	667	524
5	349	151	152	525
5	521	460	267	526
5	726	515	340	527
5	263	262	5	528
5	263	5	6	529
5	264	261	155	530
5	264	155	156	531
5	329	33	34	532
5	265	34	35	533
5	510	325	423	534
5	514	284	467	535
5	267	263	6	536
5	267	6	7	537
5	268	267	7	538
5	268	7	8	539
5	452	347	259	540
5	509	418	425	541
5	476	330	459	542
5	422	296	47	543
5	326	26	271	544
5	317	22	276	545
5	420	27	28	546
5	272	28	29	547
5	480	400	390	548
5	374	275	133	549
5	570	474	254	550
5	276	22	23	551
5	590	519	252	552
5	374	133	134	553
5	575	343	308	554
5	278	20	21	555
5	415	107	108	556
5	625	321	478	557
5	565	557	294	558
5	557	316	294	559
5	466	332	417	560
5	563	540	300	561
5	642	441	316	562
5	471	251	270	563
5	281	269	97	564
5	281	97	98	565
5	309	16	283	566
5	470	265	346	567
5	309	15	16	568
5	283	16	17	569
5	307	87	301	570
5	675	568	456	571
5	333	43	44	572
5	314	44	45	573
5	286	276	23	574
5	286	23	24	575
5	528	462	274	576
5	533	455	280	577
5	324	10	289	578
5	535	323	282	579
5	324	9	10	580
5	289	10	11	581
5	498	466	417	582
5	310	290	73	583
5	291	280	19	584
5	291	19	20	585
5	938	928	741	586
5	537	468	287	587
5	534	283	322	588
5	521	267	268	589
5	514	318	284	590
5	297	50	51	591
5	422	47	48	592
5	296	46	47	593
5	644	307	536	594
5	573	341	332	595
5	298	48	49	596
5	299	50	297	597
5	505	315	290	598
5	422	48	298	599
5	299	298	49	600
5	299	49	50	601
5	310	73	74	602
5	448	75	300	603
5	913	671	859	604
5	1110	871	1094	605
5	304	54	55	606
5	304	285	54	607
5	442	86	307	608
5	442	85	86	609
5	576	343	575	610
5	665	534	652	611
5	343	62	308	612
5	344	64	65	613
5	556	314	328	614
5	338	58	306	615
5	442	303	85	616
5	467	284	337	617
5	343	61	62	618
5	343	305	61	619
5	497	334	251	620
5	497	251	471	621
5	701	547	662	622
5	532	447	516	623
5	332	67	68	624
5	449	64	344	625
5	313	77	78	626
5	331	76	77	627
5	469	290	310	628
5	331	77	313	629
5	455	322	280	630
5	333	44	314	631
5	339	70	71	632
5	339	311	70	633
5	524	263	460	634
5	441	41	316	635
5	317	278	21	636
5	317	21	22	637
5	318	301	88	638
5	318	88	89	639
5	319	293	3	640
5	319	3	4	641
5	337	284	90	642
5	446	92	320	643
5	415	277	107	644
5	321	108	109	645
5	322	283	17	646
5	322	17	18	647
5	323	287	13	648
5	323	13	14	649
5	552	283	534	650
5	538	289	419	651
5	423	104	418	652
5	694	625	478	653
5	326	274	25	654
5	326	25	26	655
5	341	67	332	656
5	344	65	327	657
5	328	314	45	658
5	328	45	46	659
5	734	677	462	660
5	459	330	257	661
5	330	272	29	662
5	330	29	30	663
5	562	313	555	664
5	498	417	311	665
5	341	66	67	666
5	341	327	66	667
5	468	419	287	668
5	1362	1084	1218	669
5	334	258	37	670
5	334	37	38	671
5	897	675	861	672
5	540	448	300	673
5	336	320	93	674
5	336	93	94	675
5	547	318	514	676
5	768	567	566	677
5	756	520	651	678
5	461	421	305	679
5	652	534	455	680
5	746	660	543	681
5	753	741	535	682
5	1043	889	916	683
5	550	421	461	684
5	643	270	441	685
5	342	313	78	686
5	342	78	79	687
5	575	308	453	688
5	474	302	254	689
5	556	328	520	690
5	449	308	63	691
5	345	297	51	692
5	345	51	52	693
5	346	265	35	694
5	346	35	36	695
5	692	465	647	696
5	347	266	100	697
5	445	94	95	698
5	725	536	701	699
5	407	153	385	700
5	618	407	617	701
5	350	281	98	702
5	350	98	99	703
5	424	109	110	704
5	351	110	111	705
5	413	114	352	706
5	416	112	353	707
5	478	321	424	708
5	496	371	429	709
5	426	367	118	710
5	372	352	115	711
5	378	143	355	712
5	436	140	141	713
5	807	611	806	714
5	359	188	189	715
5	495	383	410	716
5	591	364	378	717
5	783	584	782	718
5	493	410	275	719
5	489	398	361	720
5	394	185	369	721
5	992	880	704	722
5	365	181	182	723
5	605	391	400	724
5	392	178	179	725
5	362	358	148	726
5	362	148	149	727
5	834	450	635	728
5	799	708	504	729
5	603	387	404	730
5	436	141	364	731
5	366	179	180	732
5	392	361	178	733
5	608	480	390	734
5	392	179	366	735
5	426	119	371	736
5	626	353	580	737
5	368	359	189	738
5	368	189	190	739
5	370	183	184	740
5	437	182	183	741
5	839	640	593	742
5	437	183	370	743
5	426	118	119	744
5	371	119	120	745
5	501	413	352	746
5	627	351	416	747
5	428	135	373	748
5	599	380	414	749
5	718	598	689	750
5	824	626	823	751
5	379	124	125	752
5	414	124	379	753
5	432	136	137	754
5	376	137	138	755
5	377	363	146	756
5	377	146	147	757
5	378	364	142	758
5	378	142	143	759
5	600	481	354	760
5	686	583	487	761
5	816	620	619	762
5	689	598	483	763
5	408	156	157	764
5	408	264	156	765
5	412	127	128	766
5	382	128	129	767
5	409	129	130	768
5	383	130	131	769
5	405	158	159	770
5	405	381	158	771
5	407	152	153	772
5	407	349	152	773
5	604	389	402	774
5	640	370	593	775
5	609	391	605	776
5	403	163	387	777
5	389	167	168	778
5	401	166	167	779
5	604	402	601	780
5	401	167	389	781
5	391	171	172	782
5	399	170	171	783
5	479	384	406	784
5	399	171	391	785
5	606	504	392	786
5	593	370	394	787
5	397	174	175	788
5	397	390	174	789
5	394	370	184	790
5	394	184	185	791
5	395	366	180	792
5	395	180	181	793
5	396	360	187	794
5	396	187	188	795
5	620	523	264	796
5	615	384	479	797
5	398	393	176	798
5	398	176	177	799
5	482	406	253	800
5	614	253	403	801
5	400	391	172	802
5	400	172	173	803
5	605	400	480	804
5	489	484	398	805
5	402	389	168	806
5	402	168	169	807
5	974	788	732	808
5	622	382	409	809
5	404	387	164	810
5	404	164	165	811
5	494	376	435	812
5	621	409	383	813
5	406	384	160	814
5	406	160	161	815
5	638	436	364	816
5	583	362	444	817
5	487	444	357	818
5	583	444	487	819
5	636	376	494	820
5	617	407	385	821
5	410	383	131	822
5	410	131	132	823
5	411	379	125	824
5	411	125	126	825
5	529	428	373	826
5	634	426	371	827
5	413	353	113	828
5	413	113	114	829
5	414	380	123	830
5	414	123	124	831
5	580	413	501	832
5	509	425	477	833
5	496	429	481	834
5	527	378	355	835
5	417	332	68	836
5	417	68	69	837
5	423	325	103	838
5	418	104	105	839
5	419	289	11	840
5	419	11	12	841
5	534	322	455	842
5	533	280	291	843
5	421	306	59	844
5	421	59	60	845
5	574	327	341	846
5	646	449	344	847
5	632	418	509	848
5	861	675	669	849
5	624	375	412	850
5	500	414	379	851
5	425	418	105	852
5	425	105	106	853
5	595	372	594	854
5	690	594	450	855
5	427	372	116	856
5	427	116	117	857
5	428	374	134	858
5	428	134	135	859
5	429	371	120	860
5	429	120	121	861
5	430	368	190	862
5	430	190	191	863
5	431	430	191	864
5	431	191	192	865
5	494	435	486	866
5	639	486	273	867
5	433	431	192	868
5	433	192	193	869
5	434	433	193	870
5	434	193	194	871
5	435	376	138	872
5	435	138	139	873
5	601	402	388	874
5	602	404	386	875
5	867	506	661	876
5	812	616	615	877
5	439	196	197	878
5	440	198	438	879
5	592	395	588	880
5	586	368	492	881
5	440	439	197	882
5	440	197	198	883
5	539	521	268	884
5	541	292	260	885
5	473	312	279	886
5	532	473	279	887
5	443	434	194	888
5	443	194	195	889
5	444	362	149	890
5	444	149	150	891
5	951	767	751	892
5	1051	856	915	893
5	446	337	91	894
5	446	91	92	895
5	447	279	81	896
5	447	81	82	897
5	448	310	74	898
5	448	74	75	899
5	526	295	285	900
5	569	306	550	901
5	450	427	367	902
5	635	450	367	903
5	884	790	690	904
5	791	781	501	905
5	978	793	977	906
5	902	702	717	907
5	646	453	449	908
5	577	344	327	909
5	454	346	258	910
5	497	458	334	911
5	628	272	476	912
5	629	463	271	913
5	456	446	320	914
5	951	751	856	915
5	457	385	261	916
5	523	457	261	917
5	458	454	258	918
5	458	258	334	919
5	476	272	330	920
5	462	286	274	921
5	825	628	476	922
5	736	475	531	923
5	548	302	474	924
5	544	345	472	925
5	528	326	463	926
5	679	524	666	927
5	528	274	326	928
5	463	326	271	929
5	464	342	312	930
5	775	498	572	931
5	465	348	269	932
5	698	512	513	933
5	754	554	540	934
5	737	532	516	935
5	567	250	335	936
5	532	279	447	937
5	539	268	288	938
5	538	419	468	939
5	572	498	311	940
5	505	290	469	941
5	561	541	260	942
5	542	257	292	943
5	843	643	642	944
5	631	520	296	945
5	544	297	345	946
5	520	328	296	947
5	701	536	547	948
5	536	307	301	949
5	548	304	302	950
5	526	472	295	951
5	531	317	522	952
5	533	291	475	953
5	628	420	272	954
5	629	271	420	955
5	477	425	277	956
5	499	477	277	957
5	499	277	415	958
5	698	513	578	959
5	615	405	384	960
5	523	261	264	961
5	610	601	388	962
5	862	707	655	963
5	635	426	634	964
5	634	371	496	965
5	705	479	482	966
5	792	597	687	967
5	598	411	483	968
5	600	354	380	969
5	607	397	393	970
5	608	390	397	971
5	808	797	602	972
5	488	394	369	973
5	596	493	275	974
5	596	275	374	975
5	590	252	363	976
5	519	355	252	977
5	988	802	801	978
5	587	360	396	979
5	798	592	789	980
5	800	607	484	981
5	490	485	433	982
5	490	433	434	983
5	491	488	369	984
5	491	369	360	985
5	502	396	359	986
5	587	491	360	987
5	730	457	523	988
5	495	410	493	989
5	711	529	637	990
5	597	428	529	991
5	835	636	710	992
5	621	383	495	993
5	822	689	483	994
5	635	367	426	995
5	771	570	569	996
5	770	569	550	997
5	571	315	505	998
5	776	466	716	999
5	717	625	694	1000
5	901	852	695	1001
5	821	623	820	1002
5	599	414	500	1003
5	627	416	626	1004
5	626	416	353	1005
5	706	581	654	1006
5	587	396	502	1007
5	503	490	434	1008
5	503	434	443	1009
5	504	489	361	1010
5	504	361	392	1011
5	571	339	315	1012
5	572	311	339	1013
5	506	438	199	1014
5	943	917	743	1015
5	685	503	508	1016
5	910	681	850	1017
5	654	485	653	1018
5	987	801	800	1019
5	663	578	452	1020
5	852	663	695	1021
5	1199	1020	1198	1022
5	724	647	525	1023
5	698	578	663	1024
5	722	632	656	1025
5	859	692	847	1026
5	525	281	512	1027
5	513	512	350	1028
5	513	350	266	1029
5	566	335	303	1030
5	516	447	250	1031
5	1219	658	1080	1032
5	515	199	340	1033
5	1038	845	780	1034
5	551	303	442	1035
5	668	256	517	1036
5	868	661	515	1037
5	543	517	293	1038
5	518	319	262	1039
5	584	362	583	1040
5	527	355	519	1041
5	545	297	544	1042
5	631	296	422	1043
5	740	652	455	1044
5	752	552	665	1045
5	531	278	317	1046
5	522	317	276	1047
5	616	405	615	1048
5	782	584	583	1049
5	524	518	262	1050
5	524	262	263	1051
5	525	465	269	1052
5	525	269	281	1053
5	549	304	548	1054
5	757	556	756	1055
5	839	593	683	1056
5	591	378	527	1057
5	665	552	534	1058
5	742	696	468	1059
5	637	432	636	1060
5	637	373	432	1061
5	530	522	276	1062
5	530	276	286	1063
5	874	700	731	1064
5	747	544	700	1065
5	673	662	514	1066
5	773	505	699	1067
5	829	631	630	1068
5	765	565	564	1069
5	553	535	282	1070
5	537	287	323	1071
5	553	309	552	1072
5	537	323	535	1073
5	567	335	566	1074
5	566	303	551	1075
5	760	560	672	1076
5	744	542	541	1077
5	559	539	288	1078
5	558	289	538	1079
5	559	324	558	1080
5	759	559	758	1081
5	554	310	448	1082
5	554	469	310	1083
5	561	329	560	1084
5	542	292	541	1085
5	674	522	530	1086
5	1017	828	748	1087
5	889	758	728	1088
5	1528	1266	1364	1089
5	545	299	297	1090
5	630	422	298	1091
5	748	546	545	1092
5	546	299	545	1093
5	844	714	471	1094
5	630	298	546	1095
5	547	536	301	1096
5	547	301	318	1097
5	549	285	304	1098
5	549	526	285	1099
5	700	544	472	1100
5	715	678	458	1101
5	569	338	306	1102
5	570	254	338	1103
5	751	551	644	1104
5	567	516	250	1105
5	553	282	309	1106
5	552	309	283	1107
5	745	459	542	1108
5	672	560	470	1109
5	780	577	574	1110
5	776	573	466	1111
5	562	331	313	1112
5	563	300	331	1113
5	763	562	762	1114
5	738	473	532	1115
5	565	333	564	1116
5	642	316	557	1117
5	559	288	324	1118
5	558	324	289	1119
5	679	518	524	1120
5	753	553	752	1121
5	561	260	329	1122
5	560	329	265	1123
5	746	518	679	1124
5	734	528	733	1125
5	953	769	768	1126
5	563	331	562	1127
5	846	453	646	1128
5	699	505	469	1129
5	565	294	333	1130
5	564	333	314	1131
5	777	574	573	1132
5	845	646	577	1133
5	1086	856	1051	1134
5	723	511	579	1135
5	723	579	671	1136
5	669	456	511	1137
5	568	467	337	1138
5	568	337	446	1139
5	761	744	541	1140
5	570	338	569	1141
5	750	549	749	1142
5	1667	1374	1548	1143
5	1136	946	1047	1144
5	572	339	571	1145
5	676	550	461	1146
5	846	649	453	1147
5	773	571	505	1148
5	574	341	573	1149
5	1142	954	953	1150
5	577	327	574	1151
5	576	305	343	1152
5	576	461	305	1153
5	1037	714	844	1154
5	829	651	631	1155
5	1039	846	845	1156
5	646	344	577	1157
5	578	513	266	1158
5	578	266	347	1159
5	579	511	336	1160
5	579	336	445	1161
5	790	594	690	1162
5	633	351	627	1163
5	581	492	430	1164
5	581	430	431	1165
5	582	487	357	1166
5	582	357	349	1167
5	584	358	362	1168
5	589	363	377	1169
5	712	495	493	1170
5	585	358	584	1171
5	688	494	486	1172
5	589	377	585	1173
5	586	502	359	1174
5	586	359	368	1175
5	1092	867	661	1176
5	802	703	480	1177
5	592	366	395	1178
5	606	392	366	1179
5	1030	905	688	1180
5	590	363	589	1181
5	840	641	640	1182
5	1154	968	910	1183
5	803	605	703	1184
5	638	364	591	1185
5	789	592	588	1186
5	606	366	592	1187
5	640	437	370	1188
5	641	365	437	1189
5	595	352	372	1190
5	594	372	427	1191
5	794	500	718	1192
5	796	481	600	1193
5	787	519	590	1194
5	838	688	486	1195
5	597	596	374	1196
5	597	374	428	1197
5	598	500	379	1198
5	598	379	411	1199
5	793	596	792	1200
5	600	380	599	1201
5	821	624	623	1202
5	793	712	493	1203
5	612	602	386	1204
5	613	403	387	1205
5	611	389	604	1206
5	603	404	602	1207
5	683	593	488	1208
5	613	387	603	1209
5	611	401	389	1210
5	612	386	401	1211
5	609	399	391	1212
5	610	388	399	1213
5	681	586	492	1214
5	707	491	655	1215
5	803	609	605	1216
5	608	397	607	1217
5	840	640	839	1218
5	983	798	789	1219
5	708	489	504	1220
5	610	399	609	1221
5	812	615	684	1222
5	684	615	479	1223
5	810	614	613	1224
5	612	401	611	1225
5	1032	840	839	1226
5	801	608	607	1227
5	709	489	708	1228
5	614	403	613	1229
5	788	527	732	1230
5	682	487	582	1231
5	616	381	405	1232
5	620	264	408	1233
5	1026	834	1025	1234
5	619	381	616	1235
5	618	349	407	1236
5	618	582	349	1237
5	686	487	682	1238
5	782	583	686	1239
5	732	527	519	1240
5	620	408	619	1241
5	787	732	519	1242
5	785	589	585	1243
5	687	597	529	1244
5	622	409	621	1245
5	820	623	622	1246
5	623	382	622	1247
5	1001	813	877	1248
5	624	412	623	1249
5	713	496	481	1250
5	702	477	499	1251
5	625	499	415	1252
5	625	415	321	1253
5	781	580	501	1254
5	633	424	351	1255
5	911	702	902	1256
5	721	477	702	1257
5	826	628	825	1258
5	629	420	628	1259
5	827	733	463	1260
5	883	666	729	1261
5	651	520	631	1262
5	631	422	630	1263
5	715	497	714	1264
5	740	455	533	1265
5	632	510	423	1266
5	632	423	418	1267
5	791	595	790	1268
5	831	478	633	1269
5	718	500	598	1270
5	796	713	481	1271
5	831	633	830	1272
5	1007	819	818	1273
5	637	529	373	1274
5	636	432	376	1275
5	813	618	617	1276
5	836	638	591	1277
5	797	603	602	1278
5	639	436	638	1279
5	811	705	482	1280
5	705	684	479	1281
5	903	684	705	1282
5	641	437	640	1283
5	654	581	485	1284
5	817	730	523	1285
5	649	575	453	1286
5	643	441	642	1287
5	778	575	649	1288
5	770	550	676	1289
5	644	551	442	1290
5	644	442	307	1291
5	645	579	445	1292
5	645	445	348	1293
5	950	766	765	1294
5	937	752	855	1295
5	695	452	451	1296
5	1220	1045	1048	1297
5	648	548	474	1298
5	772	648	474	1299
5	778	576	575	1300
5	772	474	570	1301
5	650	476	459	1302
5	745	650	459	1303
5	756	556	520	1304
5	844	471	643	1305
5	735	522	674	1306
5	759	743	539	1307
5	1219	507	658	1308
5	863	685	849	1309
5	1069	983	1031	1310
5	1318	1171	1317	1311
5	719	586	681	1312
5	784	655	587	1313
5	656	632	509	1314
5	721	656	509	1315
5	657	653	490	1316
5	657	490	503	1317
5	658	507	439	1318
5	658	439	440	1319
5	691	438	659	1320
5	691	440	438	1321
5	1063	942	889	1322
5	909	891	678	1323
5	668	255	256	1324
5	868	515	726	1325
5	662	547	514	1326
5	1115	1079	873	1327
5	695	451	693	1328
5	1022	694	831	1329
5	664	555	464	1330
5	738	532	737	1331
5	696	538	468	1332
5	666	524	460	1333
5	728	538	696	1334
5	758	558	728	1335
5	667	617	457	1336
5	730	667	457	1337
5	853	517	660	1338
5	727	255	668	1339
5	673	514	467	1340
5	675	456	669	1341
5	1018	829	828	1342
5	672	470	670	1343
5	723	669	511	1344
5	1012	781	976	1345
5	1086	951	856	1346
5	1040	875	649	1347
5	680	568	675	1348
5	680	467	568	1349
5	735	531	522	1350
5	739	533	475	1351
5	680	673	467	1352
5	915	856	725	1353
5	779	576	778	1354
5	779	676	461	1355
5	677	674	530	1356
5	677	530	462	1357
5	678	670	454	1358
5	678	454	458	1359
5	896	666	883	1360
5	1134	943	1133	1361
5	856	751	725	1362
5	915	701	871	1363
5	719	502	586	1364
5	784	502	719	1365
5	814	618	813	1366
5	814	582	618	1367
5	841	588	641	1368
5	703	605	480	1369
5	993	807	806	1370
5	704	604	601	1371
5	867	659	506	1372
5	720	685	508	1373
5	1028	837	836	1374
5	838	486	639	1375
5	710	494	688	1376
5	711	687	529	1377
5	710	636	494	1378
5	999	903	705	1379
5	818	495	712	1380
5	819	622	621	1381
5	832	496	713	1382
5	1202	1024	1023	1383
5	720	508	507	1384
5	691	658	440	1385
5	692	671	645	1386
5	692	645	465	1387
5	695	663	452	1388
5	1267	1109	914	1389
5	823	580	781	1390
5	830	633	627	1391
5	1107	902	1054	1392
5	901	695	693	1393
5	728	558	538	1394
5	729	666	460	1395
5	697	664	464	1396
5	697	464	473	1397
5	724	512	698	1398
5	724	525	512	1399
5	755	554	754	1400
5	716	466	498	1401
5	747	545	544	1402
5	828	630	546	1403
5	725	644	536	1404
5	738	697	473	1405
5	1198	1020	1013	1406
5	864	693	722	1407
5	805	704	601	1408
5	806	604	704	1409
5	804	609	803	1410
5	1366	1224	1264	1411
5	809	603	797	1412
5	995	808	994	1413
5	706	681	492	1414
5	706	492	581	1415
5	707	683	488	1416
5	707	488	491	1417
5	709	484	489	1418
5	802	480	608	1419
5	995	797	808	1420
5	800	484	709	1421
5	991	805	804	1422
5	993	806	880	1423
5	865	812	684	1424
5	1002	812	865	1425
5	818	621	495	1426
5	820	622	819	1427
5	832	634	496	1428
5	833	635	634	1429
5	715	458	497	1430
5	714	497	471	1431
5	925	739	736	1432
5	921	735	674	1433
5	774	571	773	1434
5	775	716	498	1435
5	717	702	499	1436
5	717	499	625	1437
5	794	599	500	1438
5	795	600	599	1439
5	910	719	681	1440
5	1032	839	879	1441
5	1070	1032	879	1442
5	1068	857	863	1443
5	1021	831	830	1444
5	1026	884	690	1445
5	722	693	510	1446
5	722	510	632	1447
5	1253	1102	1225	1448
5	1258	1059	1082	1449
5	1221	1059	852	1450
5	1057	698	663	1451
5	954	737	769	1452
5	1060	913	859	1453
5	1222	1093	868	1454
5	1061	888	932	1455
5	727	726	340	1456
5	727	340	255	1457
5	893	670	891	1458
5	930	745	744	1459
5	922	735	921	1460
5	1289	1124	1064	1461
5	815	616	812	1462
5	1062	900	905	1463
5	731	700	472	1464
5	731	472	526	1465
5	788	591	527	1466
5	837	639	638	1467
5	734	462	528	1468
5	733	528	463	1469
5	941	757	756	1470
5	1015	826	1014	1471
5	855	752	665	1472
5	736	531	735	1473
5	938	753	937	1474
5	739	475	736	1475
5	767	551	751	1476
5	875	778	649	1477
5	958	872	648	1478
5	960	774	959	1479
5	929	742	928	1480
5	740	533	739	1481
5	1407	1228	1294	1482
5	1810	1652	1504	1483
5	742	468	537	1484
5	741	537	535	1485
5	855	665	854	1486
5	1014	826	825	1487
5	743	729	521	1488
5	743	521	539	1489
5	761	561	760	1490
5	745	542	744	1491
5	1019	651	829	1492
5	935	750	749	1493
5	1139	941	1076	1494
5	1120	854	927	1495
5	931	650	745	1496
5	748	545	747	1497
5	1014	825	869	1498
5	828	546	748	1499
5	750	526	549	1500
5	750	731	526	1501
5	920	885	677	1502
5	927	652	740	1503
5	767	566	551	1504
5	769	516	567	1505
5	753	535	553	1506
5	752	553	552	1507
5	929	916	696	1508
5	1213	1035	1212	1509
5	755	469	554	1510
5	755	699	469	1511
5	948	754	764	1512
5	939	755	754	1513
5	757	564	556	1514
5	766	557	565	1515
5	941	756	851	1516
5	765	564	757	1517
5	759	539	559	1518
5	758	559	558	1519
5	1120	1085	854	1520
5	922	736	735	1521
5	761	541	561	1522
5	760	561	560	1523
5	956	771	770	1524
5	935	749	872	1525
5	763	563	562	1526
5	764	540	563	1527
5	959	774	773	1528
5	764	563	763	1529
5	963	777	776	1530
5	961	775	960	1531
5	891	670	678	1532
5	766	565	765	1533
5	1035	843	842	1534
5	842	557	766	1535
5	915	725	701	1536
5	768	566	767	1537
5	948	939	754	1538
5	769	567	768	1539
5	947	763	946	1540
5	1040	649	846	1541
5	872	749	648	1542
5	771	569	770	1543
5	956	770	955	1544
5	772	570	771	1545
5	965	778	875	1546
5	957	772	771	1547
5	774	572	571	1548
5	775	572	774	1549
5	952	767	951	1550
5	859	671	692	1551
5	871	701	662	1552
5	923	738	737	1553
5	873	664	697	1554
5	777	573	776	1555
5	873	848	664	1556
5	780	574	777	1557
5	779	461	576	1558
5	933	747	700	1559
5	1127	935	1067	1560
5	934	748	747	1561
5	946	763	762	1562
5	845	577	780	1563
5	823	626	580	1564
5	824	627	626	1565
5	783	585	584	1566
5	786	590	589	1567
5	1029	838	837	1568
5	785	585	783	1569
5	986	709	904	1570
5	985	904	708	1571
5	967	782	858	1572
5	786	589	785	1573
5	970	783	967	1574
5	787	590	786	1575
5	900	835	710	1576
5	973	732	787	1577
5	1011	689	822	1578
5	836	591	788	1579
5	798	606	592	1580
5	799	504	606	1581
5	791	501	595	1582
5	790	595	594	1583
5	1008	820	819	1584
5	1020	830	824	1585
5	793	493	596	1586
5	792	596	597	1587
5	1027	836	788	1588
5	906	835	900	1589
5	981	795	980	1590
5	795	599	794	1591
5	1020	824	1013	1592
5	796	600	795	1593
5	975	791	790	1594
5	976	791	975	1595
5	809	613	603	1596
5	811	482	614	1597
5	1081	850	876	1598
5	799	606	798	1599
5	969	862	655	1600
5	1257	1081	1239	1601
5	898	803	703	1602
5	801	607	800	1603
5	904	709	708	1604
5	802	608	801	1605
5	878	707	862	1606
5	998	811	810	1607
5	804	610	609	1608
5	805	601	610	1609
5	880	806	704	1610
5	805	610	804	1611
5	989	898	703	1612
5	1078	857	1068	1613
5	807	612	611	1614
5	808	602	612	1615
5	1209	1029	1208	1616
5	808	612	807	1617
5	1182	1002	1073	1618
5	877	813	667	1619
5	1253	1056	1102	1620
5	810	613	809	1621
5	1004	817	816	1622
5	811	614	810	1623
5	903	865	684	1624
5	1159	972	971	1625
5	815	619	616	1626
5	817	523	620	1627
5	814	682	582	1628
5	971	786	785	1629
5	882	792	687	1630
5	1102	1056	901	1631
5	879	683	878	1632
5	816	619	815	1633
5	1002	815	812	1634
5	817	620	816	1635
5	907	882	687	1636
5	1006	818	712	1637
5	977	793	792	1638
5	819	621	818	1639
5	1025	834	833	1640
5	822	624	821	1641
5	1025	833	1024	1642
5	822	483	624	1643
5	1012	823	781	1644
5	975	790	884	1645
5	979	718	881	1646
5	981	796	795	1647
5	1013	823	1012	1648
5	979	794	718	1649
5	976	781	791	1650
5	830	627	824	1651
5	826	629	628	1652
5	827	463	629	1653
5	1019	829	1018	1654
5	827	629	826	1655
5	869	825	650	1656
5	894	760	672	1657
5	949	757	941	1658
5	829	630	828	1659
5	1037	908	714	1660
5	1145	955	1144	1661
5	1056	852	901	1662
5	911	721	702	1663
5	901	693	864	1664
5	902	717	860	1665
5	982	796	981	1666
5	833	634	832	1667
5	977	792	882	1668
5	834	635	833	1669
5	967	783	782	1670
5	1104	907	906	1671
5	835	711	637	1672
5	835	637	636	1673
5	978	712	793	1674
5	837	638	836	1675
5	1030	688	838	1676
5	838	639	837	1677
5	1003	815	1002	1678
5	878	683	707	1679
5	1367	1092	1265	1680
5	841	641	840	1681
5	984	798	983	1682
5	841	789	588	1683
5	1226	1090	1156	1684
5	876	706	654	1685
5	921	674	885	1686
5	843	642	842	1687
5	931	869	650	1688
5	844	643	843	1689
5	894	672	893	1690
5	909	715	908	1691
5	870	773	699	1692
5	846	646	845	1693
5	961	716	775	1694
5	959	773	870	1695
5	847	692	647	1696
5	914	647	724	1697
5	848	762	664	1698
5	1138	1131	939	1699
5	1044	691	659	1700
5	1686	1371	1519	1701
5	1154	910	1049	1702
5	857	653	657	1703
5	851	756	651	1704
5	1148	872	958	1705
5	1082	724	1058	1706
5	914	847	647	1707
5	1506	863	1042	1708
5	1083	726	727	1709
5	854	665	652	1710
5	927	854	652	1711
5	1101	891	909	1712
5	1260	1100	1228	1713
5	954	923	737	1714
5	1308	1152	1307	1715
5	876	850	706	1716
5	887	653	857	1717
5	858	782	686	1718
5	899	858	686	1719
5	1231	1045	1220	1720
5	1507	1408	1431	1721
5	860	717	694	1722
5	1336	1191	1335	1723
5	1369	1220	1271	1724
5	1598	1554	1440	1725
5	968	719	910	1726
5	1156	862	969	1727
5	863	857	657	1728
5	863	657	685	1729
5	1162	975	884	1730
5	1167	980	1166	1731
5	1005	918	730	1732
5	1278	1105	1104	1733
5	866	864	722	1734
5	866	722	656	1735
5	1406	1093	1222	1736
5	1264	1224	1078	1737
5	1527	1061	932	1738
5	1371	888	1227	1739
5	1016	919	733	1740
5	885	674	677	1741
5	940	755	939	1742
5	962	716	961	1743
5	1140	952	951	1744
5	1094	890	1041	1745
5	1217	875	1040	1746
5	955	770	676	1747
5	924	738	923	1748
5	924	697	738	1749
5	936	750	935	1750
5	933	700	874	1751
5	1150	960	1149	1752
5	958	648	772	1753
5	1171	985	1170	1754
5	1155	968	1154	1755
5	1077	905	1030	1756
5	899	686	682	1757
5	879	839	683	1758
5	1033	840	1032	1759
5	1078	887	857	1760
5	1171	904	985	1761
5	990	803	898	1762
5	996	797	995	1763
5	881	718	689	1764
5	1011	881	689	1765
5	1006	712	978	1766
5	1010	822	821	1767
5	1135	945	944	1768
5	917	883	729	1769
5	980	794	979	1770
5	1024	833	832	1771
5	920	734	919	1772
5	925	736	922	1773
5	1508	720	886	1774
5	886	720	507	1775
5	887	876	654	1776
5	887	654	653	1777
5	932	679	896	1778
5	932	746	679	1779
5	917	729	743	1780
5	942	758	889	1781
5	890	871	662	1782
5	890	662	673	1783
5	893	672	670	1784
5	945	930	744	1785
5	892	861	669	1786
5	892	669	723	1787
5	1113	921	885	1788
5	944	760	894	1789
5	1046	944	894	1790
5	1195	1111	919	1791
5	895	890	673	1792
5	895	673	680	1793
5	932	888	746	1794
5	896	679	666	1795
5	897	895	680	1796
5	897	680	675	1797
5	990	804	803	1798
5	992	704	805	1799
5	1071	1000	1001	1800
5	1206	1027	974	1801
5	906	711	835	1802
5	907	687	711	1803
5	1108	1055	912	1804
5	1221	852	1056	1805
5	912	656	721	1806
5	912	721	911	1807
5	994	807	993	1808
5	1180	996	1179	1809
5	986	800	709	1810
5	989	703	802	1811
5	905	900	710	1812
5	905	710	688	1813
5	1190	881	1011	1814
5	907	711	906	1815
5	1187	1009	1008	1816
5	1165	978	977	1817
5	909	678	715	1818
5	908	715	714	1819
5	1123	1066	931	1820
5	1119	927	926	1821
5	968	784	719	1822
5	969	655	784	1823
5	1335	1163	1313	1824
5	912	866	656	1825
5	1229	1087	1109	1826
5	1205	884	1026	1827
5	913	892	723	1828
5	913	723	671	1829
5	1091	864	866	1830
5	1060	1050	913	1831
5	1269	1140	1086	1832
5	1151	961	1150	1833
5	916	889	728	1834
5	916	728	696	1835
5	943	759	942	1836
5	1228	1100	1134	1837
5	918	877	667	1838
5	918	667	730	1839
5	920	677	734	1840
5	919	734	733	1841
5	1144	964	1095	1842
5	1217	1096	875	1843
5	1146	957	956	1844
5	926	740	739	1845
5	1238	1076	1197	1846
5	1195	919	1016	1847
5	924	873	697	1848
5	1321	1177	1176	1849
5	1153	966	963	1850
5	1290	1128	1247	1851
5	1283	1112	1111	1852
5	926	739	925	1853
5	1121	929	928	1854
5	927	740	926	1855
5	1129	937	1065	1856
5	1085	855	854	1857
5	929	696	742	1858
5	928	742	741	1859
5	1063	889	1043	1860
5	1133	942	1063	1861
5	945	761	944	1862
5	931	745	930	1863
5	1123	930	945	1864
5	1065	937	855	1865
5	1286	1117	1284	1866
5	1604	1461	1460	1867
5	1283	1113	1112	1868
5	934	747	933	1869
5	1194	1016	1015	1870
5	1017	748	934	1871
5	936	731	750	1872
5	936	874	731	1873
5	1125	933	874	1874
5	1139	949	941	1875
5	938	741	753	1876
5	937	753	752	1877
5	1130	1121	928	1878
5	1227	888	1061	1879
5	940	699	755	1880
5	940	870	699	1881
5	1131	940	939	1882
5	1052	959	870	1883
5	949	765	757	1884
5	1034	842	766	1885
5	943	743	759	1886
5	942	759	758	1887
5	1368	1227	1061	1888
5	1124	932	896	1889
5	945	744	761	1890
5	944	761	760	1891
5	1117	925	922	1892
5	1123	945	1135	1893
5	947	764	763	1894
5	948	764	947	1895
5	1297	1136	1244	1896
5	1106	908	1037	1897
5	1095	964	965	1898
5	1304	1144	1240	1899
5	1149	960	959	1900
5	950	765	949	1901
5	1320	1176	1175	1902
5	1034	766	950	1903
5	952	768	767	1904
5	953	768	952	1905
5	1089	892	1050	1906
5	1282	1094	1236	1907
5	1430	1280	1373	1908
5	954	769	953	1909
5	1137	947	1136	1910
5	1151	962	961	1911
5	1146	956	1145	1912
5	1212	950	1139	1913
5	1152	962	1151	1914
5	957	771	956	1915
5	1197	1017	1196	1916
5	958	772	957	1917
5	1340	1126	1290	1918
5	1196	1017	934	1919
5	960	775	774	1920
5	962	776	716	1921
5	1110	1051	915	1922
5	963	776	962	1923
5	1094	871	890	1924
5	966	780	777	1925
5	1140	951	1086	1926
5	1425	1282	1370	1927
5	1079	1047	848	1928
5	966	777	963	1929
5	964	955	676	1930
5	964	676	779	1931
5	965	964	779	1932
5	965	779	778	1933
5	1298	1293	1131	1934
5	1038	780	966	1935
5	970	785	783	1936
5	972	787	786	1937
5	1169	983	1069	1938
5	969	784	968	1939
5	1173	987	986	1940
5	1090	878	862	1941
5	1182	1003	1002	1942
5	971	785	970	1943
5	1183	918	1005	1944
5	972	786	971	1945
5	1259	1087	1229	1946
5	973	787	972	1947
5	1179	995	994	1948
5	974	732	973	1949
5	1074	880	1178	1950
5	1027	788	974	1951
5	1185	1007	1006	1952
5	1013	824	823	1953
5	1347	1201	1346	1954
5	1343	1199	1198	1955
5	1172	986	904	1956
5	1007	818	1006	1957
5	1160	973	972	1958
5	1008	819	1007	1959
5	980	795	794	1960
5	982	713	796	1961
5	1168	981	1167	1962
5	1023	832	713	1963
5	1191	1012	976	1964
5	1205	1162	884	1965
5	1332	1188	1331	1966
5	1023	713	982	1967
5	984	799	798	1968
5	985	708	799	1969
5	1310	1226	1156	1970
5	985	799	984	1971
5	1318	1173	1172	1972
5	1176	989	1175	1973
5	1169	984	983	1974
5	987	800	986	1975
5	1178	991	1177	1976
5	988	801	987	1977
5	1177	991	990	1978
5	989	802	988	1979
5	1174	988	987	1980
5	1310	1156	1155	1981
5	1181	1073	903	1982
5	991	804	990	1983
5	1175	989	988	1984
5	992	805	991	1985
5	1170	984	1169	1986
5	1157	970	967	1987
5	994	808	807	1988
5	999	705	811	1989
5	1172	904	1171	1990
5	997	810	809	1991
5	1161	974	973	1992
5	1207	1028	1027	1993
5	1075	967	858	1994
5	997	809	996	1995
5	1101	1046	893	1996
5	998	810	997	1997
5	1584	1430	1509	1998
5	999	811	998	1999
5	1073	865	903	2000
5	1183	1098	918	2001
5	1000	899	682	2002
5	1000	682	814	2003
5	1001	1000	814	2004
5	1001	814	813	2005
5	1003	816	815	2006
5	1005	730	817	2007
5	1181	903	999	2008
5	1004	816	1003	2009
5	1178	880	992	2010
5	1005	817	1004	2011
5	1073	1002	865	2012
5	1183	1004	1182	2013
5	1189	1011	1010	2014
5	1009	821	820	2015
5	1104	906	1103	2016
5	1334	1250	1053	2017
5	1166	980	979	2018
5	1009	820	1008	2019
5	1203	1025	1024	2020
5	1010	821	1009	2021
5	1191	976	1163	2022
5	1011	822	1010	2023
5	1166	979	1053	2024
5	1168	982	981	2025
5	1192	1013	1012	2026
5	1021	830	1020	2027
5	1201	982	1168	2028
5	1022	831	1021	2029
5	1015	827	826	2030
5	1016	733	827	2031
5	1046	894	893	2032
5	1016	827	1015	2033
5	1212	1034	950	2034
5	1128	936	1127	2035
5	1135	944	1046	2036
5	1018	828	1017	2037
5	1106	1101	909	2038
5	1019	851	651	2039
5	1076	941	851	2040
5	1212	1035	1034	2041
5	1415	1056	1253	2042
5	1163	975	1162	2043
5	1349	1203	1348	2044
5	1022	860	694	2045
5	1091	866	1055	2046
5	1055	866	912	2047
5	1192	1012	1191	2048
5	1024	832	1023	2049
5	1164	977	882	2050
5	1026	690	834	2051
5	1184	1006	978	2052
5	1103	900	1062	2053
5	1179	996	995	2054
5	1105	882	907	2055
5	1072	899	1000	2056
5	1028	836	1027	2057
5	1180	998	997	2058
5	1029	837	1028	2059
5	1105	907	1104	2060
5	1030	838	1029	2061
5	1103	906	900	2062
5	1188	1010	1009	2063
5	1031	983	789	2064
5	1031	789	841	2065
5	1033	841	840	2066
5	1033	1031	841	2067
5	1355	1211	1210	2068
5	1517	1470	1397	2069
5	1076	851	1019	2070
5	1035	842	1034	2071
5	1118	926	925	2072
5	1036	843	1035	2073
5	1066	869	931	2074
5	1037	844	1036	2075
5	1085	1065	855	2076
5	1122	929	1121	2077
5	1136	947	946	2078
5	1039	845	1038	2079
5	1214	1038	966	2080
5	1040	846	1039	2081
5	1149	959	1052	2082
5	1216	1040	1039	2083
5	1050	892	913	2084
5	1422	1270	1246	2085
5	1042	863	849	2086
5	1044	659	867	2087
5	1436	1289	1260	2088
5	1122	916	929	2089
5	1256	691	1044	2090
5	1080	658	691	2091
5	1045	1041	895	2092
5	1045	895	897	2093
5	1101	893	891	2094
5	1106	1037	1213	2095
5	1047	946	848	2096
5	1273	1051	1110	2097
5	1048	1045	897	2098
5	1048	897	861	2099
5	1049	910	850	2100
5	1326	1073	1181	2101
5	1089	861	892	2102
5	1089	1048	861	2103
5	1143	923	954	2104
5	1079	848	873	2105
5	1132	940	1131	2106
5	1290	1126	1125	2107
5	1053	979	881	2108
5	1190	1053	881	2109
5	1054	902	860	2110
5	1200	1088	1022	2111
5	1108	911	1107	2112
5	1270	1050	1246	2113
5	1102	864	1091	2114
5	1102	901	864	2115
5	1058	698	1057	2116
5	1058	724	698	2117
5	1082	914	724	2118
5	1258	1057	1059	2119
5	1059	1057	663	2120
5	1059	663	852	2121
5	1246	1050	1060	2122
5	1345	1200	1344	2123
5	1356	1243	1212	2124
5	1124	896	1064	2125
5	1405	1310	1376	2126
5	1077	1062	905	2127
5	1064	896	883	2128
5	1294	1133	1223	2129
5	1443	1295	1377	2130
5	1134	917	943	2131
5	1193	1015	1014	2132
5	1338	1195	1194	2133
5	1111	920	919	2134
5	1066	1014	869	2135
5	1067	935	872	2136
5	1148	1067	872	2137
5	1097	887	1078	2138
5	1081	1049	850	2139
5	1210	1032	1070	2140
5	1211	1031	1033	2141
5	1210	1033	1032	2142
5	1211	1069	1031	2143
5	1249	1079	1248	2144
5	1157	967	1075	2145
5	1312	1160	1311	2146
5	1072	1000	1071	2147
5	1071	1001	877	2148
5	1182	1004	1003	2149
5	1181	998	1180	2150
5	1074	994	993	2151
5	1072	1075	858	2152
5	1378	1232	1353	2153
5	1139	950	949	2154
5	1127	936	935	2155
5	1158	970	1157	2156
5	1208	1029	1028	2157
5	1323	1074	1322	2158
5	1239	1097	1224	2159
5	1141	952	1140	2160
5	1231	1041	1045	2161
5	1550	1367	1265	2162
5	1754	1607	1753	2163
5	1126	933	1125	2164
5	1197	1018	1017	2165
5	1267	914	1082	2166
5	1281	1235	1055	2167
5	1289	1064	1260	2168
5	1233	867	1092	2169
5	1268	727	1084	2170
5	1084	727	668	2171
5	1112	920	1111	2172
5	1563	1452	1533	2173
5	1411	1259	1375	2174
5	1115	873	924	2175
5	1087	1060	859	2176
5	1087	859	847	2177
5	1088	1054	860	2178
5	1088	860	1022	2179
5	1449	1304	1448	2180
5	1303	1116	1143	2181
5	1099	879	878	2182
5	1099	1070	879	2183
5	1277	1103	1062	2184
5	1072	858	899	2185
5	1233	1044	867	2186
5	1222	868	1083	2187
5	1093	1092	661	2188
5	1093	661	868	2189
5	1110	915	871	2190
5	1270	1089	1050	2191
5	1144	955	964	2192
5	1145	956	955	2193
5	1096	1095	965	2194
5	1096	965	875	2195
5	1097	1081	876	2196
5	1097	876	887	2197
5	1098	1071	877	2198
5	1098	877	918	2199
5	1354	1070	1275	2200
5	1318	1172	1171	2201
5	1100	1064	883	2202
5	1100	883	917	2203
5	1262	1075	1072	2204
5	1382	1351	1350	2205
5	1179	994	1074	2206
5	1074	993	880	2207
5	1352	1207	1206	2208
5	1164	882	1105	2209
5	1322	1178	1316	2210
5	1165	977	1164	2211
5	1276	1071	1272	2212
5	1184	978	1165	2213
5	1106	909	908	2214
5	1357	1213	1243	2215
5	1108	912	911	2216
5	1107	911	902	2217
5	1721	1375	1577	2218
5	1383	1234	1254	2219
5	1109	1087	847	2220
5	1109	847	914	2221
5	1384	1220	1369	2222
5	1269	1086	1230	2223
5	1112	885	920	2224
5	1114	922	921	2225
5	1284	1117	1114	2226
5	1113	885	1112	2227
5	1338	1194	1193	2228
5	1114	921	1113	2229
5	1339	1283	1111	2230
5	1117	922	1114	2231
5	1385	1247	1306	2232
5	1141	953	952	2233
5	1116	1115	924	2234
5	1116	924	923	2235
5	1242	1065	1085	2236
5	1118	925	1117	2237
5	1389	1223	1237	2238
5	1119	926	1118	2239
5	1292	1130	1291	2240
5	1120	927	1119	2241
5	1439	1416	1288	2242
5	1255	1043	1122	2243
5	1130	938	1129	2244
5	1122	1043	916	2245
5	1433	1380	1286	2246
5	1589	1438	1510	2247
5	1123	931	930	2248
5	1193	1014	1066	2249
5	1286	1118	1117	2250
5	1287	1119	1286	2251
5	1126	934	933	2252
5	1197	1076	1019	2253
5	1295	1123	1135	2254
5	1196	934	1126	2255
5	1128	874	936	2256
5	1128	1125	874	2257
5	1452	1357	1387	2258
5	1450	1293	1446	2259
5	1130	928	938	2260
5	1129	938	937	2261
5	1337	1066	1296	2262
5	1435	1386	1241	2263
5	1132	870	940	2264
5	1132	1052	870	2265
5	1360	1216	1359	2266
5	1240	1144	1095	2267
5	1134	1100	917	2268
5	1133	943	942	2269
5	1511	1222	1420	2270
5	1953	1664	1706	2271
5	1285	1248	1115	2272
5	1245	1052	1293	2273
5	1137	948	947	2274
5	1138	939	948	2275
5	1293	1132	1131	2276
5	1138	948	1137	2277
5	1307	1152	1151	2278
5	1298	1131	1138	2279
5	1299	1076	1238	2280
5	1213	1037	1036	2281
5	1143	954	1142	2282
5	1142	953	1141	2283
5	1300	1141	1140	2284
5	1143	1116	923	2285
5	1557	1381	1552	2286
5	1297	1138	1137	2287
5	1365	1302	1301	2288
5	1586	1525	1380	2289
5	1240	1095	1096	2290
5	1147	958	957	2291
5	1308	1214	1153	2292
5	1245	1150	1149	2293
5	1304	1145	1144	2294
5	1147	957	1146	2295
5	1359	1214	1308	2296
5	1148	958	1147	2297
5	1360	1240	1096	2298
5	1411	1246	1259	2299
5	1150	961	960	2300
5	1152	963	962	2301
5	1305	1146	1304	2302
5	1153	963	1152	2303
5	1305	1148	1147	2304
5	1214	966	1153	2305
5	1359	1216	1215	2306
5	1215	1039	1038	2307
5	1306	1067	1148	2308
5	1307	1151	1150	2309
5	1155	969	968	2310
5	1156	1090	862	2311
5	1515	1080	1256	2312
5	1156	969	1155	2313
5	1899	1755	1754	2314
5	1274	1090	1226	2315
5	1158	971	970	2316
5	1209	1030	1029	2317
5	1232	1062	1077	2318
5	1159	971	1158	2319
5	1259	1060	1087	2320
5	1160	972	1159	2321
5	1329	1272	1098	2322
5	1161	973	1160	2323
5	1348	1203	1202	2324
5	1206	974	1161	2325
5	1163	976	975	2326
5	1199	1021	1020	2327
5	1333	1190	1189	2328
5	1200	1021	1199	2329
5	1277	1104	1103	2330
5	1185	1006	1184	2331
5	1346	1168	1315	2332
5	1186	1008	1007	2333
5	1167	981	980	2334
5	1201	1023	982	2335
5	1315	1168	1167	2336
5	1202	1023	1201	2337
5	1336	1192	1191	2338
5	1203	1024	1202	2339
5	1170	985	984	2340
5	1274	1099	1090	2341
5	1746	1600	1570	2342
5	1173	986	1172	2343
5	1462	1459	1321	2344
5	1174	987	1173	2345
5	1641	1426	1583	2346
5	1175	988	1174	2347
5	1239	1081	1097	2348
5	1176	990	898	2349
5	1355	1210	1354	2350
5	1176	898	989	2351
5	1252	1069	1211	2352
5	1317	1169	1252	2353
5	1317	1171	1170	2354
5	1177	990	1176	2355
5	1252	1169	1069	2356
5	1178	992	991	2357
5	1464	1322	1463	2358
5	1180	997	996	2359
5	1311	1159	1158	2360
5	1181	999	998	2361
5	1272	1071	1098	2362
5	1329	1098	1183	2363
5	1325	1181	1180	2364
5	1316	1178	1177	2365
5	1317	1170	1169	2366
5	1183	1005	1004	2367
5	1276	1072	1071	2368
5	1328	1183	1182	2369
5	1343	1198	1342	2370
5	1259	1246	1060	2371
5	1351	1313	1162	2372
5	1186	1007	1185	2373
5	1331	1186	1330	2374
5	1187	1008	1186	2375
5	1330	1185	1184	2376
5	1188	1009	1187	2377
5	1277	1062	1232	2378
5	1189	1010	1188	2379
5	1620	1456	1475	2380
5	1190	1011	1189	2381
5	1342	1192	1336	2382
5	1330	1186	1185	2383
5	1351	1162	1205	2384
5	1374	1253	1225	2385
5	1280	1107	1234	2386
5	1198	1013	1192	2387
5	1284	1114	1113	2388
5	1194	1015	1193	2389
5	1291	1129	1241	2390
5	1195	1016	1194	2391
5	1241	1129	1065	2392
5	1287	1120	1119	2393
5	1284	1113	1283	2394
5	1197	1019	1018	2395
5	1295	1135	1261	2396
5	1358	1106	1357	2397
5	1234	1107	1054	2398
5	1200	1022	1021	2399
5	1345	1254	1088	2400
5	1344	1199	1343	2401
5	1342	1198	1192	2402
5	1313	1163	1162	2403
5	1335	1191	1163	2404
5	1204	1026	1025	2405
5	1349	1204	1203	2406
5	1350	1205	1204	2407
5	1492	1312	1311	2408
5	1204	1025	1203	2409
5	1263	1157	1075	2410
5	1205	1026	1204	2411
5	1278	1164	1105	2412
5	1346	1201	1168	2413
5	1323	1179	1074	2414
5	1207	1027	1206	2415
5	1314	1184	1165	2416
5	1208	1028	1207	2417
5	1263	1158	1157	2418
5	1209	1077	1030	2419
5	1353	1209	1208	2420
5	1232	1077	1209	2421
5	1319	1175	1174	2422
5	1211	1033	1210	2423
5	1321	1316	1177	2424
5	1324	1179	1323	2425
5	1478	1296	1443	2426
5	1213	1036	1035	2427
5	1370	1282	1236	2428
5	1243	1213	1212	2429
5	1654	1531	1581	2430
5	1215	1038	1214	2431
5	1285	1115	1116	2432
5	1216	1039	1215	2433
5	1384	1231	1220	2434
5	1217	1040	1216	2435
5	1306	1247	1067	2436
5	1247	1127	1067	2437
5	1218	1084	668	2438
5	1218	668	517	2439
5	1521	1233	1367	2440
5	1219	886	507	2441
5	1271	1048	1089	2442
5	1271	1089	1270	2443
5	1403	1082	1059	2444
5	1403	1267	1082	2445
5	1264	1078	1068	2446
5	1260	1064	1100	2447
5	1223	1133	1063	2448
5	1514	1404	1416	2449
5	1224	1097	1078	2450
5	1562	1428	1538	2451
5	1225	1102	1091	2452
5	1235	1225	1091	2453
5	1495	1275	1426	2454
5	1309	1155	1154	2455
5	1420	1083	1268	2456
5	1519	1227	1518	2457
5	1436	1260	1417	2458
5	1439	1292	1438	2459
5	1423	1369	1271	2460
5	1423	1270	1422	2461
5	1236	1041	1231	2462
5	1558	1391	1557	2463
5	1236	1094	1041	2464
5	1273	1230	1051	2465
5	1319	1173	1318	2466
5	1278	1104	1277	2467
5	1684	1662	1401	2468
5	1265	1092	1093	2469
5	1235	1091	1055	2470
5	1476	1313	1382	2471
5	1281	1108	1280	2472
5	1628	1482	1627	2473
5	1365	1303	1302	2474
5	1647	1499	1646	2475
5	1237	1223	1063	2476
5	1237	1063	1043	2477
5	1340	1196	1126	2478
5	1290	1125	1128	2479
5	1251	1154	1049	2480
5	1309	1154	1251	2481
5	1399	1279	1358	2482
5	1247	1128	1127	2483
5	1292	1288	1121	2484
5	1255	1237	1043	2485
5	1242	1120	1287	2486
5	1242	1241	1065	2487
5	1356	1139	1299	2488
5	1261	1135	1046	2489
5	1244	1136	1047	2490
5	1248	1079	1115	2491
5	1293	1052	1132	2492
5	1307	1150	1245	2493
5	1375	1259	1229	2494
5	1391	1230	1381	2495
5	1304	1146	1145	2496
5	1305	1147	1146	2497
5	1249	1047	1079	2498
5	1249	1244	1047	2499
5	1447	1301	1300	2500
5	1568	1412	1564	2501
5	1315	1167	1250	2502
5	1250	1167	1166	2503
5	1559	1402	1080	2504
5	1426	1274	1396	2505
5	1275	1099	1274	2506
5	1319	1174	1173	2507
5	1419	1109	1267	2508
5	1419	1229	1109	2509
5	1254	1234	1054	2510
5	1254	1054	1088	2511
5	1573	1407	1565	2512
5	1438	1291	1386	2513
5	1379	1042	1266	2514
5	1256	1080	691	2515
5	1257	1251	1049	2516
5	1257	1049	1081	2517
5	1258	1082	1058	2518
5	1258	1058	1057	2519
5	1347	1202	1201	2520
5	1330	1184	1314	2521
5	1518	1227	1368	2522
5	1390	1294	1223	2523
5	1622	1443	1526	2524
5	1358	1101	1106	2525
5	1496	1457	1252	2526
5	1263	1075	1262	2527
5	1312	1206	1161	2528
5	1311	1158	1263	2529
5	1527	1368	1061	2530
5	1687	1512	1513	2531
5	1367	1233	1092	2532
5	1266	1042	849	2533
5	1460	1319	1318	2534
5	1664	1518	1368	2535
5	1415	1221	1056	2536
5	1548	1374	1408	2537
5	1530	1268	1084	2538
5	1268	1083	727	2539
5	1391	1269	1230	2540
5	1300	1140	1269	2541
5	1663	1415	1571	2542
5	1271	1220	1048	2543
5	1447	1300	1392	2544
5	1392	1300	1269	2545
5	1276	1262	1072	2546
5	1640	1494	1493	2547
5	1413	1249	1412	2548
5	1381	1230	1273	2549
5	1275	1070	1099	2550
5	1354	1210	1070	2551
5	1460	1318	1458	2552
5	1355	1252	1211	2553
5	1469	1429	1328	2554
5	1464	1323	1322	2555
5	1428	1232	1378	2556
5	1332	1189	1188	2557
5	1250	1166	1053	2558
5	1455	1311	1263	2559
5	1279	1261	1046	2560
5	1279	1046	1101	2561
5	1281	1055	1108	2562
5	1280	1108	1107	2563
5	1431	1281	1430	2564
5	1572	1419	1267	2565
5	1282	1273	1110	2566
5	1282	1110	1094	2567
5	1296	1123	1295	2568
5	1296	1066	1123	2569
5	1301	1141	1300	2570
5	1242	1085	1120	2571
5	1647	1500	1499	2572
5	1286	1119	1118	2573
5	1444	1297	1244	2574
5	1387	1357	1243	2575
5	1443	1296	1295	2576
5	1380	1287	1286	2577
5	1288	1255	1122	2578
5	1288	1122	1121	2579
5	1723	1688	1417	2580
5	1512	1289	1436	2581
5	1437	1247	1385	2582
5	1341	1197	1196	2583
5	1292	1121	1130	2584
5	1291	1130	1129	2585
5	1390	1223	1389	2586
5	1386	1291	1241	2587
5	1297	1137	1136	2588
5	1625	1437	1534	2589
5	1294	1228	1134	2590
5	1294	1134	1133	2591
5	1437	1290	1247	2592
5	1337	1193	1066	2593
5	1441	1338	1337	2594
5	1338	1193	1337	2595
5	1400	1248	1285	2596
5	1298	1138	1297	2597
5	1450	1245	1293	2598
5	1412	1248	1400	2599
5	1356	1212	1139	2600
5	1299	1139	1076	2601
5	1301	1142	1141	2602
5	1302	1143	1142	2603
5	1392	1269	1391	2604
5	1302	1142	1301	2605
5	1303	1285	1116	2606
5	1303	1143	1302	2607
5	1359	1215	1214	2608
5	1245	1149	1052	2609
5	1502	1448	1240	2610
5	1388	1299	1238	2611
5	1480	1290	1437	2612
5	1306	1148	1305	2613
5	1421	1303	1365	2614
5	1448	1304	1240	2615
5	1444	1244	1413	2616
5	1360	1096	1217	2617
5	1479	1432	1283	2618
5	1308	1153	1152	2619
5	1458	1318	1317	2620
5	1310	1155	1309	2621
5	1311	1160	1159	2622
5	1353	1208	1352	2623
5	1602	1455	1454	2624
5	1493	1352	1312	2625
5	1352	1206	1312	2626
5	1312	1161	1160	2627
5	1314	1164	1278	2628
5	1331	1188	1187	2629
5	1314	1165	1164	2630
5	1331	1187	1186	2631
5	1485	1345	1344	2632
5	1348	1202	1347	2633
5	1322	1074	1178	2634
5	1324	1180	1179	2635
5	1395	1224	1366	2636
5	1396	1274	1226	2637
5	2029	1881	2028	2638
5	1321	1176	1320	2639
5	1466	1325	1324	2640
5	1320	1175	1319	2641
5	1463	1322	1316	2642
5	1426	1275	1274	2643
5	1495	1355	1354	2644
5	1463	1316	1459	2645
5	1454	1263	1262	2646
5	1325	1180	1324	2647
5	1454	1262	1424	2648
5	1326	1181	1325	2649
5	1427	1272	1398	2650
5	1327	1182	1073	2651
5	1398	1272	1329	2652
5	1468	1327	1326	2653
5	1467	1326	1325	2654
5	1327	1073	1326	2655
5	1459	1316	1321	2656
5	1328	1182	1327	2657
5	1603	1457	1536	2658
5	1329	1183	1328	2659
5	1489	1347	1488	2660
5	1618	1471	1615	2661
5	1488	1347	1346	2662
5	1333	1189	1332	2663
5	1468	1326	1467	2664
5	1334	1053	1190	2665
5	1458	1317	1457	2666
5	1467	1325	1466	2667
5	1397	1278	1277	2668
5	1334	1190	1333	2669
5	1627	1477	1621	2670
5	1476	1335	1313	2671
5	1617	1475	1474	2672
5	1490	1349	1348	2673
5	1487	1315	1456	2674
5	1345	1088	1200	2675
5	1407	1294	1390	2676
5	1434	1287	1380	2677
5	1339	1195	1338	2678
5	1339	1111	1195	2679
5	1442	1338	1441	2680
5	1478	1441	1337	2681
5	1341	1238	1197	2682
5	1341	1196	1340	2683
5	1418	1261	1279	2684
5	1791	1645	1790	2685
5	1488	1346	1487	2686
5	1344	1200	1199	2687
5	1456	1315	1250	2688
5	1541	1383	1522	2689
5	1487	1346	1315	2690
5	1483	1343	1342	2691
5	1383	1373	1234	2692
5	1572	1267	1403	2693
5	1473	1332	1331	2694
5	1470	1278	1397	2695
5	1475	1456	1250	2696
5	1350	1204	1349	2697
5	1489	1348	1347	2698
5	1351	1205	1350	2699
5	1657	1549	1640	2700
5	1491	1382	1350	2701
5	1382	1313	1351	2702
5	1482	1336	1477	2703
5	1470	1314	1278	2704
5	1352	1208	1207	2705
5	1472	1330	1471	2706
5	1353	1232	1209	2707
5	1474	1333	1332	2708
5	1474	1334	1333	2709
5	1414	1251	1257	2710
5	1560	1516	1376	2711
5	1414	1257	1394	2712
5	1756	1609	1755	2713
5	1498	1387	1243	2714
5	1575	1377	1418	2715
5	1358	1279	1101	2716
5	1357	1106	1213	2717
5	1440	1385	1306	2718
5	1440	1306	1305	2719
5	1449	1440	1305	2720
5	1360	1217	1216	2721
5	1449	1305	1304	2722
5	1412	1249	1248	2723
5	1393	1256	1044	2724
5	1393	1044	1233	2725
5	1652	853	1504	2726
5	1420	1222	1083	2727
5	1363	1362	1218	2728
5	1363	1218	853	2729
5	1364	1266	849	2730
5	1544	849	685	2731
5	1413	1244	1249	2732
5	1446	1298	1445	2733
5	1545	1264	1361	2734
5	1406	1265	1093	2735
5	1658	1591	1592	2736
5	1544	720	1508	2737
5	1512	1372	1289	2738
5	1417	1260	1228	2739
5	1423	1271	1270	2740
5	1422	1246	1411	2741
5	1409	1231	1384	2742
5	1409	1236	1231	2743
5	1504	853	660	2744
5	1505	746	888	2745
5	1578	1084	1362	2746
5	1372	1124	1289	2747
5	1373	1280	1234	2748
5	1484	1344	1343	2749
5	1581	1423	1580	2750
5	1431	1408	1235	2751
5	1630	1485	1484	2752
5	1630	1484	1629	2753
5	1376	1310	1309	2754
5	1453	1309	1251	2755
5	1377	1295	1261	2756
5	1418	1377	1261	2757
5	1636	1491	1490	2758
5	1494	1352	1493	2759
5	1511	1406	1222	2760
5	1555	1404	1514	2761
5	1433	1284	1432	2762
5	1710	1555	1709	2763
5	1552	1425	1520	2764
5	1872	1727	1845	2765
5	1627	1482	1477	2766
5	1483	1342	1482	2767
5	1477	1335	1476	2768
5	1482	1342	1336	2769
5	1409	1370	1236	2770
5	1552	1381	1425	2771
5	1540	1410	1481	2772
5	1645	1387	1498	2773
5	1435	1242	1434	2774
5	1573	1417	1407	2775
5	1497	1299	1388	2776
5	1788	1543	1703	2777
5	1497	1356	1299	2778
5	1498	1243	1356	2779
5	1587	1434	1525	2780
5	1722	1573	1565	2781
5	1586	1433	1585	2782
5	1417	1228	1407	2783
5	1595	1392	1558	2784
5	1447	1365	1301	2785
5	1843	1670	1842	2786
5	1568	1413	1412	2787
5	1503	1401	1402	2788
5	1852	1707	1528	2789
5	1561	1405	1516	2790
5	1453	1251	1414	2791
5	1395	1394	1239	2792
5	1395	1239	1224	2793
5	1876	1731	1676	2794
5	1457	1317	1252	2795
5	1635	1490	1489	2796
5	1634	1488	1633	2797
5	1424	1262	1276	2798
5	1494	1353	1352	2799
5	1624	1432	1479	2800
5	1418	1279	1399	2801
5	1564	1400	1421	2802
5	1446	1293	1298	2803
5	1844	1689	1559	2804
5	1401	886	1219	2805
5	1402	1401	1219	2806
5	1402	1219	1080	2807
5	1403	1059	1221	2808
5	1801	1667	1548	2809
5	1404	1389	1237	2810
5	1404	1237	1255	2811
5	1405	1396	1226	2812
5	1405	1226	1310	2813
5	1706	1368	1527	2814
5	1665	1363	1652	2815
5	1525	1434	1380	2816
5	1590	1514	1416	2817
5	1408	1374	1225	2818
5	1408	1225	1235	2819
5	1593	1445	1444	2820
5	1596	1365	1447	2821
5	1410	1388	1238	2822
5	1410	1238	1341	2823
5	1571	1415	1253	2824
5	1553	1520	1370	2825
5	1595	1447	1392	2826
5	1569	1444	1413	2827
5	1792	1646	1599	2828
5	1534	1437	1385	2829
5	1608	1463	1607	2830
5	1453	1376	1309	2831
5	1571	1253	1374	2832
5	1576	1221	1415	2833
5	1416	1404	1255	2834
5	1416	1255	1288	2835
5	1556	1389	1555	2836
5	1521	1393	1233	2837
5	1586	1380	1433	2838
5	1767	1591	1658	2839
5	1802	1663	1571	2840
5	1702	1509	1541	2841
5	1668	1578	1362	2842
5	1669	1528	1364	2843
5	1421	1400	1285	2844
5	1421	1285	1303	2845
5	1531	1384	1369	2846
5	1581	1369	1423	2847
5	1579	1422	1411	2848
5	1670	1566	1531	2849
5	1582	1427	1532	2850
5	1538	1428	1378	2851
5	1425	1381	1273	2852
5	1425	1273	1282	2853
5	1536	1457	1496	2854
5	1642	1536	1496	2855
5	1427	1424	1276	2856
5	1427	1276	1272	2857
5	1428	1397	1277	2858
5	1428	1277	1232	2859
5	1429	1398	1329	2860
5	1429	1329	1328	2861
5	1431	1235	1281	2862
5	1430	1281	1280	2863
5	1580	1422	1579	2864
5	1548	1408	1507	2865
5	1433	1286	1284	2866
5	1432	1284	1283	2867
5	1768	1623	1767	2868
5	1770	1625	1672	2869
5	1435	1241	1242	2870
5	1434	1242	1287	2871
5	1555	1389	1404	2872
5	1565	1407	1390	2873
5	1542	1394	1395	2874
5	1565	1390	1556	2875
5	1480	1340	1290	2876
5	1481	1341	1340	2877
5	1439	1288	1292	2878
5	1438	1292	1291	2879
5	1803	1709	1739	2880
5	1738	1589	1673	2881
5	1445	1297	1444	2882
5	1500	1359	1308	2883
5	1442	1339	1338	2884
5	1479	1283	1339	2885
5	1591	1442	1441	2886
5	1479	1339	1442	2887
5	1478	1337	1296	2888
5	1598	1449	1597	2889
5	1445	1298	1297	2890
5	1501	1360	1359	2891
5	1646	1451	1599	2892
5	1499	1307	1451	2893
5	1599	1451	1450	2894
5	1500	1308	1499	2895
5	1580	1423	1422	2896
5	1577	1229	1419	2897
5	1451	1245	1450	2898
5	1499	1308	1307	2899
5	1794	1647	1793	2900
5	1804	1716	1791	2901
5	1451	1307	1245	2902
5	1501	1359	1500	2903
5	1599	1450	1523	2904
5	1543	1410	1540	2905
5	1452	1399	1358	2906
5	1452	1358	1357	2907
5	1676	1516	1656	2908
5	1608	1464	1463	2909
5	1562	1517	1397	2910
5	1455	1263	1454	2911
5	1607	1463	1459	2912
5	1492	1311	1455	2913
5	1471	1314	1470	2914
5	1471	1330	1314	2915
5	1495	1354	1275	2916
5	1496	1252	1355	2917
5	1561	1396	1405	2918
5	1604	1460	1537	2919
5	1461	1319	1460	2920
5	1465	1324	1323	2921
5	1461	1320	1319	2922
5	1462	1321	1320	2923
5	1609	1465	1464	2924
5	1462	1320	1461	2925
5	1607	1459	1606	2926
5	1676	1561	1516	2927
5	1611	1467	1466	2928
5	1613	1469	1468	2929
5	1612	1467	1611	2930
5	1465	1323	1464	2931
5	1610	1466	1465	2932
5	1466	1324	1465	2933
5	1606	1462	1605	2934
5	1469	1327	1468	2935
5	1605	1461	1604	2936
5	1469	1328	1327	2937
5	1537	1460	1458	2938
5	1750	1537	1699	2939
5	1640	1493	1639	2940
5	1757	1611	1610	2941
5	1473	1331	1472	2942
5	1472	1331	1330	2943
5	1615	1470	1517	2944
5	1617	1474	1616	2945
5	1636	1490	1635	2946
5	1474	1332	1473	2947
5	1762	1617	1616	2948
5	1582	1424	1427	2949
5	1475	1334	1474	2950
5	1475	1250	1334	2951
5	1606	1459	1462	2952
5	1605	1462	1461	2953
5	1477	1336	1335	2954
5	1486	1345	1485	2955
5	1751	1605	1604	2956
5	1621	1476	1539	2957
5	2080	1934	2079	2958
5	1585	1433	1432	2959
5	1588	1386	1435	2960
5	1650	1448	1502	2961
5	1481	1410	1341	2962
5	1481	1340	1480	2963
5	1543	1388	1410	2964
5	1648	1501	1500	2965
5	1484	1343	1483	2966
5	1485	1344	1484	2967
5	1629	1483	1628	2968
5	1631	1486	1485	2969
5	1628	1483	1482	2970
5	1486	1254	1345	2971
5	1774	1629	1628	2972
5	1486	1383	1254	2973
5	1780	1636	1635	2974
5	1634	1489	1488	2975
5	1562	1397	1428	2976
5	1490	1348	1489	2977
5	1633	1488	1487	2978
5	1491	1350	1349	2979
5	1633	1487	1632	2980
5	1615	1471	1470	2981
5	1752	1606	1605	2982
5	1491	1349	1490	2983
5	1773	1627	1772	2984
5	1621	1477	1476	2985
5	1760	1614	1613	2986
5	1493	1312	1492	2987
5	1601	1424	1582	2988
5	1494	1378	1353	2989
5	1860	1714	1700	2990
5	1616	1474	1473	2991
5	1570	1414	1394	2992
5	1496	1355	1495	2993
5	1807	1570	1653	2994
5	1786	1583	1731	2995
5	1533	1452	1387	2996
5	1498	1356	1497	2997
5	1645	1533	1387	2998
5	1643	1388	1543	2999
5	1649	1502	1501	3000
5	1502	1240	1360	3001
5	1648	1500	1647	3002
5	1569	1413	1568	3003
5	1558	1392	1391	3004
5	1502	1360	1501	3005
5	1524	1421	1365	3006
5	1564	1421	1524	3007
5	1814	1551	1696	3008
5	1515	1256	1393	3009
5	1519	1371	1227	3010
5	1849	1706	1687	3011
5	1505	1504	660	3012
5	1505	660	746	3013
5	1506	1068	863	3014
5	1506	1042	1379	3015
5	1584	1507	1431	3016
5	1541	1509	1373	3017
5	1809	1508	1662	3018
5	1546	1366	1545	3019
5	1584	1431	1430	3020
5	1509	1430	1373	3021
5	1510	1438	1386	3022
5	1588	1510	1386	3023
5	1685	1379	1529	3024
5	1556	1390	1389	3025
5	1810	1504	1505	3026
5	1687	1372	1512	3027
5	1513	1512	1436	3028
5	2136	1943	1816	3029
5	1590	1439	1589	3030
5	1735	1587	1525	3031
5	1559	1080	1515	3032
5	1689	1402	1559	3033
5	1516	1405	1376	3034
5	1867	1688	1723	3035
5	1997	1852	1669	3036
5	1506	1361	1068	3037
5	1695	1521	1367	3038
5	1691	1515	1393	3039
5	1956	1695	1853	3040
5	1951	1693	1848	3041
5	1520	1425	1370	3042
5	1812	1713	1743	3043
5	1948	1817	1818	3044
5	1578	1530	1084	3045
5	1541	1373	1383	3046
5	1522	1383	1486	3047
5	1523	1450	1446	3048
5	1594	1523	1446	3049
5	1593	1444	1569	3050
5	1564	1412	1400	3051
5	1587	1435	1434	3052
5	1588	1435	1587	3053
5	1526	1443	1377	3054
5	1575	1526	1377	3055
5	1527	932	1124	3056
5	1547	1362	1363	3057
5	1529	1266	1528	3058
5	1529	1379	1266	3059
5	1941	1692	1940	3060
5	1690	1361	1506	3061
5	1698	1420	1530	3062
5	1530	1420	1268	3063
5	1553	1370	1409	3064
5	1566	1384	1531	3065
5	1532	1427	1398	3066
5	1614	1535	1429	3067
5	1563	1399	1452	3068
5	1574	1418	1399	3069
5	1626	1540	1481	3070
5	1643	1497	1388	3071
5	1535	1532	1398	3072
5	1535	1398	1429	3073
5	1583	1396	1561	3074
5	1642	1496	1495	3075
5	1751	1604	1750	3076
5	1901	1756	1900	3077
5	1700	1538	1549	3078
5	1639	1493	1492	3079
5	1539	1476	1382	3080
5	1637	1382	1491	3081
5	1626	1480	1625	3082
5	1644	1498	1497	3083
5	1774	1628	1773	3084
5	1909	1765	1908	3085
5	1560	1376	1453	3086
5	1570	1394	1542	3087
5	1703	1543	1540	3088
5	1788	1643	1543	3089
5	1809	1364	1544	3090
5	1544	1364	849	3091
5	1858	1710	1709	3092
5	1545	1366	1264	3093
5	1817	1704	1705	3094
5	1818	1366	1546	3095
5	1527	1124	1372	3096
5	1819	1521	1695	3097
5	1567	1411	1375	3098
5	1579	1411	1567	3099
5	1549	1538	1378	3100
5	1549	1378	1494	3101
5	1853	1550	1697	3102
5	1691	1393	1521	3103
5	1551	1550	1265	3104
5	1551	1265	1406	3105
5	1557	1391	1381	3106
5	1596	1447	1595	3107
5	1741	1594	1593	3108
5	1659	1552	1520	3109
5	1554	1534	1385	3110
5	1554	1385	1440	3111
5	1735	1525	1680	3112
5	1910	1820	1734	3113
5	1944	1910	1912	3114
5	1799	1573	1722	3115
5	2023	1875	1874	3116
5	1850	1694	1708	3117
5	1712	1557	1711	3118
5	1711	1557	1552	3119
5	1660	1559	1515	3120
5	1691	1660	1515	3121
5	1600	1414	1570	3122
5	1656	1516	1560	3123
5	1583	1426	1396	3124
5	1641	1495	1426	3125
5	1824	1766	1782	3126
5	1900	1755	1899	3127
5	1770	1626	1625	3128
5	1574	1399	1563	3129
5	1822	1567	1721	3130
5	1729	1580	1579	3131
5	1680	1525	1586	3132
5	1736	1588	1587	3133
5	1566	1553	1409	3134
5	1566	1409	1384	3135
5	1720	1569	1568	3136
5	1718	1564	1524	3137
5	1719	1564	1718	3138
5	1594	1446	1445	3139
5	1742	1523	1594	3140
5	1712	1558	1557	3141
5	1600	1453	1414	3142
5	1600	1560	1453	3143
5	1577	1375	1229	3144
5	1701	1522	1681	3145
5	1822	1728	1567	3146
5	1576	1419	1572	3147
5	1688	1436	1417	3148
5	1826	1436	1688	3149
5	1797	1744	1597	3150
5	1575	1418	1574	3151
5	1675	1672	1534	3152
5	1882	1737	1736	3153
5	1576	1572	1403	3154
5	1576	1403	1221	3155
5	1727	1419	1576	3156
5	1667	1571	1374	3157
5	1945	1668	1547	3158
5	1668	1362	1547	3159
5	1775	1630	1629	3160
5	1720	1568	1719	3161
5	1887	1712	1711	3162
5	1581	1531	1369	3163
5	1713	1524	1596	3164
5	1670	1531	1654	3165
5	1601	1454	1424	3166
5	1638	1492	1455	3167
5	1807	1746	1570	3168
5	2072	1927	1876	3169
5	1727	1576	1663	3170
5	1729	1579	1728	3171
5	1623	1442	1591	3172
5	1624	1585	1432	3173
5	1820	1680	1734	3174
5	1930	1790	1789	3175
5	1829	1674	1742	3176
5	1716	1563	1533	3177
5	1830	1722	1565	3178
5	1717	1556	1710	3179
5	1590	1416	1439	3180
5	1589	1439	1438	3181
5	1709	1555	1514	3182
5	1880	1735	1680	3183
5	1623	1479	1442	3184
5	1624	1479	1623	3185
5	1592	1591	1441	3186
5	1592	1441	1478	3187
5	1932	1792	1839	3188
5	1594	1445	1593	3189
5	1793	1646	1792	3190
5	1745	1675	1554	3191
5	2012	1863	1958	3192
5	1596	1524	1365	3193
5	1741	1593	1740	3194
5	2078	1933	1932	3195
5	1598	1440	1449	3196
5	1597	1449	1448	3197
5	1890	1675	1745	3198
5	1724	1563	1716	3199
5	1646	1499	1451	3200
5	1649	1501	1648	3201
5	1876	1676	1800	3202
5	1891	1833	1747	3203
5	1748	1582	1678	3204
5	1602	1454	1601	3205
5	1784	1639	1638	3206
5	1638	1455	1602	3207
5	1603	1537	1458	3208
5	1603	1458	1457	3209
5	1677	1536	1661	3210
5	1612	1468	1467	3211
5	1759	1613	1612	3212
5	1753	1606	1752	3213
5	1758	1612	1611	3214
5	1609	1464	1608	3215
5	1677	1603	1536	3216
5	1610	1465	1609	3217
5	1755	1608	1754	3218
5	1613	1468	1612	3219
5	1785	1639	1784	3220
5	1749	1602	1601	3221
5	1761	1683	1535	3222
5	1611	1466	1610	3223
5	1759	1612	1758	3224
5	1614	1469	1613	3225
5	1755	1609	1608	3226
5	1614	1429	1469	3227
5	1699	1537	1603	3228
5	1841	1657	1785	3229
5	1904	1760	1759	3230
5	1678	1582	1532	3231
5	1619	1616	1473	3232
5	1620	1475	1617	3233
5	1619	1472	1618	3234
5	1632	1456	1620	3235
5	1781	1637	1636	3236
5	1632	1487	1456	3237
5	1619	1473	1472	3238
5	1618	1472	1471	3239
5	1753	1607	1606	3240
5	1715	1517	1562	3241
5	1777	1620	1765	3242
5	1682	1615	1679	3243
5	1775	1629	1774	3244
5	1631	1522	1486	3245
5	1622	1592	1478	3246
5	1622	1478	1443	3247
5	1767	1623	1591	3248
5	1769	1585	1624	3249
5	1768	1624	1623	3250
5	1989	1723	1799	3251
5	1626	1481	1480	3252
5	1625	1480	1437	3253
5	1937	1889	1744	3254
5	1725	1574	1724	3255
5	1702	1541	1701	3256
5	1629	1484	1483	3257
5	1681	1522	1631	3258
5	1921	1781	1780	3259
5	1776	1631	1630	3260
5	1778	1632	1777	3261
5	1772	1621	1766	3262
5	1631	1485	1630	3263
5	1879	1651	1733	3264
5	1732	1509	1702	3265
5	1773	1628	1627	3266
5	1635	1489	1634	3267
5	1682	1618	1615	3268
5	1765	1620	1617	3269
5	2099	1995	1957	3270
5	1637	1491	1636	3271
5	1772	1627	1621	3272
5	1637	1539	1382	3273
5	1779	1635	1634	3274
5	1781	1636	1780	3275
5	1765	1617	1762	3276
5	1777	1632	1620	3277
5	1908	1765	1762	3278
5	1639	1492	1638	3279
5	1679	1615	1517	3280
5	1640	1549	1494	3281
5	1763	1618	1682	3282
5	1700	1549	1657	3283
5	1661	1536	1642	3284
5	1642	1495	1641	3285
5	1699	1603	1677	3286
5	1787	1661	1642	3287
5	1934	1794	1933	3288
5	1644	1497	1643	3289
5	1724	1574	1563	3290
5	1645	1498	1644	3291
5	1832	1771	1770	3292
5	1726	1575	1725	3293
5	1792	1599	1674	3294
5	1796	1649	1795	3295
5	1797	1650	1796	3296
5	1650	1502	1649	3297
5	1931	1791	1790	3298
5	1650	1597	1448	3299
5	1675	1534	1554	3300
5	1711	1552	1659	3301
5	1719	1568	1564	3302
5	1796	1650	1649	3303
5	1651	1548	1507	3304
5	1733	1651	1507	3305
5	1665	1547	1363	3306
5	1652	1363	853	3307
5	1653	1570	1542	3308
5	2093	1857	1983	3309
5	1730	1581	1580	3310
5	1728	1579	1567	3311
5	1655	1546	1545	3312
5	1655	1545	1361	3313
5	1747	1600	1746	3314
5	1747	1560	1600	3315
5	1860	1700	1806	3316
5	1785	1640	1639	3317
5	1726	1671	1526	3318
5	1725	1575	1574	3319
5	1855	1701	1681	3320
5	1694	1520	1553	3321
5	1684	1401	1503	3322
5	2127	1997	1977	3323
5	1731	1561	1676	3324
5	1787	1642	1641	3325
5	1662	1508	886	3326
5	1662	886	1401	3327
5	1802	1571	1667	3328
5	1663	1576	1415	3329
5	1811	1696	1511	3330
5	1707	1529	1528	3331
5	1810	1505	1371	3332
5	1810	1371	1686	3333
5	1666	1658	1592	3334
5	1666	1592	1622	3335
5	1845	1727	1663	3336
5	1721	1567	1375	3337
5	1808	1519	1692	3338
5	1693	1530	1578	3339
5	1690	1655	1361	3340
5	1950	1687	1513	3341
5	1694	1659	1520	3342
5	1708	1566	1670	3343
5	1671	1666	1622	3344
5	1671	1622	1526	3345
5	1672	1625	1534	3346
5	1836	1788	1703	3347
5	1673	1589	1510	3348
5	1737	1673	1510	3349
5	1674	1599	1523	3350
5	1742	1674	1523	3351
5	1745	1598	1744	3352
5	1795	1649	1648	3353
5	1731	1583	1561	3354
5	1786	1641	1583	3355
5	1897	1752	1896	3356
5	1899	1754	1898	3357
5	1748	1601	1582	3358
5	1783	1638	1602	3359
5	1714	1538	1700	3360
5	1715	1679	1517	3361
5	1737	1588	1736	3362
5	1736	1587	1735	3363
5	1701	1541	1522	3364
5	1733	1584	1732	3365
5	1903	1759	1758	3366
5	1897	1753	1752	3367
5	1683	1678	1532	3368
5	1683	1532	1535	3369
5	2152	1977	1809	3370
5	1809	1544	1508	3371
5	1692	1519	1518	3372
5	1951	1854	1693	3373
5	1798	1692	1518	3374
5	1945	1848	1668	3375
5	1706	1664	1368	3376
5	2157	1867	1989	3377
5	1717	1565	1556	3378
5	1710	1556	1555	3379
5	2003	1844	1660	3380
5	1689	1503	1402	3381
5	1690	1506	1379	3382
5	1690	1379	1685	3383
5	1698	1511	1420	3384
5	1695	1367	1550	3385
5	1808	1686	1519	3386
5	1954	1685	1813	3387
5	1696	1551	1406	3388
5	1696	1406	1511	3389
5	1955	1842	1873	3390
5	2026	1651	1879	3391
5	1819	1691	1521	3392
5	1851	1691	1819	3393
5	1811	1511	1698	3394
5	1852	1528	1669	3395
5	2004	1697	1814	3396
5	1697	1550	1551	3397
5	1698	1530	1693	3398
5	1814	1697	1551	3399
5	1750	1604	1537	3400
5	1752	1605	1751	3401
5	1714	1562	1538	3402
5	1715	1562	1714	3403
5	1733	1507	1584	3404
5	1732	1584	1509	3405
5	1856	1701	1855	3406
5	1917	1774	1916	3407
5	1771	1626	1770	3408
5	1871	1671	1726	3409
5	1857	1653	1542	3410
5	1704	1542	1395	3411
5	1705	1704	1395	3412
5	1705	1395	1366	3413
5	1706	1527	1372	3414
5	1706	1372	1687	3415
5	1798	1518	1664	3416
5	1813	1685	1529	3417
5	1708	1694	1553	3418
5	1708	1553	1566	3419
5	1739	1590	1738	3420
5	1739	1514	1590	3421
5	1866	1717	1710	3422
5	2087	1799	1991	3423
5	1743	1595	1712	3424
5	1718	1524	1713	3425
5	1932	1793	1792	3426
5	1712	1595	1558	3427
5	1743	1596	1595	3428
5	1865	1719	1864	3429
5	2056	1909	1908	3430
5	1908	1762	1838	3431
5	1861	1714	1860	3432
5	2053	1906	1905	3433
5	1789	1643	1788	3434
5	1790	1645	1644	3435
5	1799	1723	1573	3436
5	1723	1417	1573	3437
5	2034	1865	2013	3438
5	1740	1593	1569	3439
5	1913	1703	1771	3440
5	1740	1569	1720	3441
5	2196	2050	2195	3442
5	1885	1720	1865	3443
5	1801	1548	1651	3444
5	2007	1855	2006	3445
5	2015	1858	2014	3446
5	1813	1529	1707	3447
5	2088	1513	2016	3448
5	1867	1826	1688	3449
5	1868	1724	1716	3450
5	1726	1526	1575	3451
5	2032	1884	1835	3452
5	2030	1882	2029	3453
5	1870	1726	1725	3454
5	1871	1828	1671	3455
5	1998	1802	1972	3456
5	1727	1577	1419	3457
5	1873	1842	1654	3458
5	1730	1580	1729	3459
5	1823	1659	1694	3460
5	1730	1654	1581	3461
5	2002	1843	2001	3462
5	2160	2001	2089	3463
5	1902	1757	1901	3464
5	1846	1677	1661	3465
5	1877	1732	1702	3466
5	2025	1878	1877	3467
5	1855	1681	1837	3468
5	1845	1663	1802	3469
5	1734	1680	1586	3470
5	1734	1586	1585	3471
5	2028	1880	1964	3472
5	1737	1510	1588	3473
5	1884	1739	1738	3474
5	1883	1835	1673	3475
5	1880	1680	1820	3476
5	1821	1767	1658	3477
5	1739	1709	1514	3478
5	1738	1590	1589	3479
5	1858	1709	1803	3480
5	1830	1565	1717	3481
5	1831	1711	1659	3482
5	1831	1659	1823	3483
5	1874	1729	1728	3484
5	1742	1594	1741	3485
5	1839	1674	1829	3486
5	1743	1713	1596	3487
5	1935	1795	1934	3488
5	1863	1713	1812	3489
5	1745	1554	1598	3490
5	1744	1598	1597	3491
5	1839	1792	1674	3492
5	1933	1793	1932	3493
5	1747	1656	1560	3494
5	1896	1751	1895	3495
5	2016	1513	1826	3496
5	1928	1827	1787	3497
5	1896	1752	1751	3498
5	1749	1601	1748	3499
5	2071	1926	1925	3500
5	1783	1602	1749	3501
5	1895	1750	1894	3502
5	1898	1754	1753	3503
5	1894	1699	1815	3504
5	1754	1608	1607	3505
5	1895	1751	1750	3506
5	1756	1610	1609	3507
5	2240	1866	2100	3508
5	1846	1661	1827	3509
5	1927	1731	1876	3510
5	1757	1610	1756	3511
5	1928	1787	1786	3512
5	1760	1613	1759	3513
5	1892	1748	1678	3514
5	1924	1783	1749	3515
5	1834	1678	1683	3516
5	1758	1611	1757	3517
5	1905	1761	1760	3518
5	1761	1614	1760	3519
5	1902	1758	1757	3520
5	1761	1535	1614	3521
5	1898	1753	1897	3522
5	1894	1750	1699	3523
5	2090	2040	1962	3524
5	1841	1806	1657	3525
5	1764	1619	1763	3526
5	1764	1616	1619	3527
5	1764	1762	1616	3528
5	1763	1619	1618	3529
5	1906	1834	1683	3530
5	2009	1860	1963	3531
5	1838	1762	1764	3532
5	1779	1634	1633	3533
5	1766	1621	1539	3534
5	1782	1637	1781	3535
5	1964	1880	1820	3536
5	1769	1624	1768	3537
5	2170	2020	2169	3538
5	1769	1734	1585	3539
5	1805	1658	1666	3540
5	1821	1658	1805	3541
5	1771	1540	1626	3542
5	1771	1703	1540	3543
5	1966	1840	1890	3544
5	1937	1797	1936	3545
5	1918	1775	1917	3546
5	1914	1766	1824	3547
5	1856	1702	1701	3548
5	1776	1630	1775	3549
5	2063	1918	2062	3550
5	2059	1915	1914	3551
5	2197	2052	2051	3552
5	1776	1681	1631	3553
5	2064	1968	1919	3554
5	1919	1777	1909	3555
5	1778	1633	1632	3556
5	1779	1633	1778	3557
5	1922	1778	1919	3558
5	1837	1681	1776	3559
5	1782	1766	1539	3560
5	1780	1635	1779	3561
5	1918	1837	1776	3562
5	1782	1539	1637	3563
5	1907	1763	1825	3564
5	2059	1914	1967	3565
5	1878	1732	1877	3566
5	1914	1772	1766	3567
5	1926	1785	1784	3568
5	1784	1638	1783	3569
5	1825	1763	1682	3570
5	1785	1657	1640	3571
5	1862	1847	1679	3572
5	1920	1780	1779	3573
5	2072	1876	1946	3574
5	1787	1641	1786	3575
5	2093	2008	1857	3576
5	2133	1983	1817	3577
5	1789	1644	1643	3578
5	1791	1533	1645	3579
5	1869	1724	1868	3580
5	1790	1644	1789	3581
5	1911	1767	1821	3582
5	1791	1716	1533	3583
5	1884	1738	1835	3584
5	1868	1716	1804	3585
5	1793	1647	1646	3586
5	1794	1648	1647	3587
5	1929	1788	1836	3588
5	1832	1672	1840	3589
5	1864	1718	1863	3590
5	1795	1648	1794	3591
5	2082	1937	1936	3592
5	1797	1597	1650	3593
5	2081	1936	1935	3594
5	1865	1720	1719	3595
5	1863	1718	1713	3596
5	1840	1672	1675	3597
5	1954	1690	1685	3598
5	1816	1655	1690	3599
5	1866	1710	1858	3600
5	1835	1738	1673	3601
5	1800	1676	1656	3602
5	2193	2047	2192	3603
5	1873	1654	1730	3604
5	2174	2027	2025	3605
5	1972	1802	1667	3606
5	2095	1969	2036	3607
5	1884	1803	1739	3608
5	2033	2014	1803	3609
5	2228	2101	2110	3610
5	1929	1789	1788	3611
5	1985	1821	1960	3612
5	2096	1944	1959	3613
5	1806	1700	1657	3614
5	1988	1957	1825	3615
5	1891	1747	1746	3616
5	2074	1827	1928	3617
5	1854	1698	1693	3618
5	1854	1811	1698	3619
5	1977	1669	1809	3620
5	1809	1669	1364	3621
5	1978	1810	1686	3622
5	2147	1810	1978	3623
5	1942	1811	1854	3624
5	1979	1696	1811	3625
5	1888	1743	1712	3626
5	1842	1670	1654	3627
5	2128	1814	1979	3628
5	1853	1695	1550	3629
5	2416	2244	2415	3630
5	1982	1547	1665	3631
5	1815	1699	1677	3632
5	1827	1661	1787	3633
5	1952	1686	1808	3634
5	1984	1503	1939	3635
5	2084	1717	1866	3636
5	1857	1542	1704	3637
5	1818	1817	1705	3638
5	1818	1705	1366	3639
5	1939	1689	1844	3640
5	1844	1559	1660	3641
5	2316	2175	2121	3642
5	1911	1768	1767	3643
5	1910	1734	1769	3644
5	2169	2019	2168	3645
5	1879	1733	1878	3646
5	1998	1845	1802	3647
5	1888	1712	1887	3648
5	1887	1711	1831	3649
5	1923	1782	1781	3650
5	1923	1781	1921	3651
5	1995	1907	1957	3652
5	2345	2207	2206	3653
5	1989	1867	1723	3654
5	1826	1513	1436	3655
5	1846	1815	1677	3656
5	1990	1815	1846	3657
5	1828	1805	1666	3658
5	1828	1666	1671	3659
5	1886	1741	1740	3660
5	1885	1740	1720	3661
5	2084	1830	1717	3662
5	1991	1722	1830	3663
5	2301	2155	2173	3664
5	2026	1801	1651	3665
5	2168	2018	2091	3666
5	1931	1790	1930	3667
5	1833	1800	1656	3668
5	1833	1656	1747	3669
5	2050	1902	2049	3670
5	1892	1678	1834	3671
5	1881	1735	1880	3672
5	1881	1736	1735	3673
5	1832	1770	1672	3674
5	1974	1965	1804	3675
5	1915	1772	1914	3676
5	1916	1774	1773	3677
5	2068	1921	2065	3678
5	1909	1777	1765	3679
5	1936	1797	1796	3680
5	2078	1932	1938	3681
5	1890	1745	1889	3682
5	1935	1796	1795	3683
5	1893	1748	1892	3684
5	1925	1784	1783	3685
5	1843	1708	1670	3686
5	1850	1823	1694	3687
5	2037	1887	1831	3688
5	1850	1708	1843	3689
5	2131	1854	1951	3690
5	1939	1503	1689	3691
5	1987	1874	1728	3692
5	1872	1577	1727	3693
5	2044	1897	1896	3694
5	2047	1900	1899	3695
5	1847	1825	1682	3696
5	1847	1682	1679	3697
5	1848	1693	1578	3698
5	1848	1578	1668	3699
5	2041	1815	1990	3700
5	2295	2148	1980	3701
5	2182	2035	2181	3702
5	2001	1842	1955	3703
5	2305	2127	2152	3704
5	1851	1660	1691	3705
5	1979	1811	1942	3706
5	1979	1814	1696	3707
5	2104	1956	1853	3708
5	2105	1851	2005	3709
5	1941	1808	1692	3710
5	1943	1655	1816	3711
5	1972	1667	1801	3712
5	1877	1702	1856	3713
5	2371	2265	2425	3714
5	2025	1877	1961	3715
5	2151	1746	1807	3716
5	2106	1971	1891	3717
5	1940	1692	1798	3718
5	2270	1989	2087	3719
5	1859	1829	1742	3720
5	1859	1742	1741	3721
5	1861	1715	1714	3722
5	1862	1679	1715	3723
5	2069	1893	2040	3724
5	1862	1715	1861	3725
5	2165	2163	2011	3726
5	2349	2123	2236	3727
5	1864	1719	1718	3728
5	1886	1740	1885	3729
5	2287	2160	2286	3730
5	1969	1829	1859	3731
5	2114	2078	1938	3732
5	1886	1859	1741	3733
5	2031	1835	1883	3734
5	2015	1866	1858	3735
5	2135	1953	2086	3736
5	1950	1849	1687	3737
5	1869	1725	1724	3738
5	1870	1725	1869	3739
5	2225	2080	2224	3740
5	2020	1871	1870	3741
5	2175	2028	2121	3742
5	1871	1726	1870	3743
5	1975	1960	1805	3744
5	2058	1993	1913	3745
5	2022	1872	1999	3746
5	1872	1721	1577	3747
5	1875	1729	1874	3748
5	2116	2012	1958	3749
5	1875	1730	1729	3750
5	1875	1873	1730	3751
5	1992	1831	1823	3752
5	2001	1843	1842	3753
5	1927	1786	1731	3754
5	1928	1786	1927	3755
5	1878	1733	1732	3756
5	1999	1872	1845	3757
5	2006	1855	1837	3758
5	2234	1987	2145	3759
5	2055	1838	1995	3760
5	1987	1728	1822	3761
5	1883	1737	1882	3762
5	1882	1736	1881	3763
5	1974	1804	1931	3764
5	1883	1673	1737	3765
5	2299	2154	2153	3766
5	2360	2223	2282	3767
5	1975	1805	1828	3768
5	1986	1910	1944	3769
5	2141	1986	2098	3770
5	2029	1882	1881	3771
5	2108	1958	1973	3772
5	2012	1864	1863	3773
5	2204	2058	2203	3774
5	2222	2077	2076	3775
5	1995	1838	1907	3776
5	1888	1812	1743	3777
5	2160	2002	2001	3778
5	2116	1958	2108	3779
5	1890	1840	1675	3780
5	1889	1745	1744	3781
5	2076	1929	2075	3782
5	1993	1836	1913	3783
5	2179	2033	2113	3784
5	2245	2151	2008	3785
5	1893	1749	1748	3786
5	1926	1784	1925	3787
5	1988	1825	1847	3788
5	1924	1749	1893	3789
5	2043	1895	2042	3790
5	2042	1894	2041	3791
5	2049	1901	2048	3792
5	1900	1756	1755	3793
5	2047	1899	2046	3794
5	2073	1927	2072	3795
5	2119	1990	2000	3796
5	1901	1757	1756	3797
5	2073	1928	1927	3798
5	1905	1760	1904	3799
5	2041	1894	1815	3800
5	2043	1896	1895	3801
5	2042	1895	1894	3802
5	1903	1758	1902	3803
5	2052	1905	1904	3804
5	1904	1759	1903	3805
5	2048	1900	2047	3806
5	2045	1897	2044	3807
5	2045	1898	1897	3808
5	1906	1761	1905	3809
5	2215	2124	2071	3810
5	1906	1683	1761	3811
5	2192	2047	2046	3812
5	2009	1861	1860	3813
5	2194	2049	2048	3814
5	2040	1892	1962	3815
5	1907	1838	1764	3816
5	1907	1764	1763	3817
5	1921	1780	1920	3818
5	1919	1778	1777	3819
5	2011	1847	1862	3820
5	2342	2201	2260	3821
5	1912	1768	1911	3822
5	2280	2015	2178	3823
5	1912	1769	1768	3824
5	1912	1910	1769	3825
5	1913	1836	1703	3826
5	1913	1771	1832	3827
5	2018	1869	1868	3828
5	1965	1868	1804	3829
5	1915	1773	1772	3830
5	1917	1775	1774	3831
5	2122	2059	1967	3832
5	1916	1773	1915	3833
5	2208	2063	2062	3834
5	1918	1776	1775	3835
5	2007	1961	1856	3836
5	2007	1856	1855	3837
5	2064	1919	1909	3838
5	2062	1917	2061	3839
5	2050	1903	1902	3840
5	1963	1860	1806	3841
5	1968	1922	1919	3842
5	2063	2006	1837	3843
5	2211	2107	2065	3844
5	1923	1824	1782	3845
5	1922	1920	1779	3846
5	1922	1779	1778	3847
5	2066	1922	1968	3848
5	2207	2061	2206	3849
5	2040	1893	1892	3850
5	1925	1783	1924	3851
5	2213	2069	2040	3852
5	1926	1841	1785	3853
5	2051	1904	1903	3854
5	2044	1896	2043	3855
5	2046	1899	1898	3856
5	2049	1902	1901	3857
5	2117	1946	1970	3858
5	2028	1881	1880	3859
5	2079	1933	2078	3860
5	1930	1789	1929	3861
5	2058	1832	2057	3862
5	1931	1804	1791	3863
5	2057	1840	1966	3864
5	2283	2115	2142	3865
5	1933	1794	1793	3866
5	1934	1795	1794	3867
5	2238	2114	2125	3868
5	1936	1796	1935	3869
5	2077	1930	2076	3870
5	2081	1935	2080	3871
5	2035	1885	2034	3872
5	1937	1744	1797	3873
5	2111	2057	1966	3874
5	2037	1831	1992	3875
5	2036	1859	1886	3876
5	1969	1947	1829	3877
5	1938	1932	1839	3878
5	2126	1969	2095	3879
5	2146	1852	1997	3880
5	2152	1662	1684	3881
5	1943	1546	1655	3882
5	2239	2085	2129	3883
5	2245	2008	2093	3884
5	2128	2004	1814	3885
5	1956	1819	1695	3886
5	2104	2005	1956	3887
5	2129	1546	1943	3888
5	1991	1799	1722	3889
5	1985	1959	1911	3890
5	2224	2079	2223	3891
5	2131	1942	1854	3892
5	2132	1848	1945	3893
5	1946	1876	1800	3894
5	1983	1857	1704	3895
5	1947	1938	1839	3896
5	1947	1839	1829	3897
5	2241	2093	1983	3898
5	1983	1704	1817	3899
5	1949	1948	1818	3900
5	1949	1818	1546	3901
5	2086	1849	1950	3902
5	1953	1706	1849	3903
5	2293	2097	1940	3904
5	2134	1808	1941	3905
5	2149	1978	1952	3906
5	1978	1686	1952	3907
5	2135	1940	1798	3908
5	1953	1798	1664	3909
5	2550	2304	2380	3910
5	1954	1816	1690	3911
5	2024	1875	2023	3912
5	2024	1873	1875	3913
5	2103	1844	2003	3914
5	2097	1941	1940	3915
5	1957	1907	1825	3916
5	2243	2138	2163	3917
5	1958	1863	1812	3918
5	2038	1888	1887	3919
5	1959	1944	1912	3920
5	1959	1912	1911	3921
5	1985	1911	1821	3922
5	1960	1821	1805	3923
5	1961	1877	1856	3924
5	2144	2026	1879	3925
5	1962	1892	1834	3926
5	2054	1962	1834	3927
5	2199	2053	2198	3928
5	2070	1925	1924	3929
5	2177	2030	2176	3930
5	2112	2032	2031	3931
5	2021	1975	1828	3932
5	2018	1868	1965	3933
5	2220	1993	2204	3934
5	2083	1937	2082	3935
5	1967	1914	1824	3936
5	2208	2062	2207	3937
5	2065	1921	1920	3938
5	2067	1824	1923	3939
5	2013	1864	2012	3940
5	2035	1886	1885	3941
5	1970	1946	1800	3942
5	1970	1800	1833	3943
5	1971	1970	1833	3944
5	1971	1833	1891	3945
5	2144	1879	2027	3946
5	2145	1987	1822	3947
5	1973	1958	1812	3948
5	1973	1812	1888	3949
5	2075	1836	1993	3950
5	2076	1930	1929	3951
5	2019	1869	2018	3952
5	2019	1870	1869	3953
5	1976	1963	1806	3954
5	1976	1806	1841	3955
5	1997	1669	1977	3956
5	2244	2127	2229	3957
5	1982	1945	1547	3958
5	2150	1945	1982	3959
5	2005	1851	1819	3960
5	2004	1853	1697	3961
5	2148	2136	1954	3962
5	1980	1813	1707	3963
5	1981	1980	1707	3964
5	1981	1707	1852	3965
5	2296	2289	2149	3966
5	2134	1952	1808	3967
5	2379	2167	2233	3968
5	2008	1653	1857	3969
5	2152	1684	1984	3970
5	1984	1684	1503	3971
5	2220	2075	1993	3972
5	2221	2076	2075	3973
5	1986	1964	1820	3974
5	1986	1820	1910	3975
5	2185	2108	1973	3976
5	2375	2370	2262	3977
5	2010	1861	2009	3978
5	2010	1862	1861	3979
5	2217	2072	1946	3980
5	2157	2017	1867	3981
5	2074	1928	2073	3982
5	2217	1946	2117	3983
5	2113	2032	2112	3984
5	2008	1807	1653	3985
5	2038	1973	1888	3986
5	2038	1887	2037	3987
5	2075	1929	1836	3988
5	2077	1931	1930	3989
5	1994	1976	1841	3990
5	1994	1841	1926	3991
5	2055	1908	1838	3992
5	2064	1909	2056	3993
5	1996	1992	1823	3994
5	1996	1823	1850	3995
5	2103	1939	1844	3996
5	2003	1660	1851	3997
5	2022	1822	1721	3998
5	1999	1845	1998	3999
5	2172	1999	2159	4000
5	2022	1721	1872	4001
5	2000	1990	1846	4002
5	2000	1846	1827	4003
5	2002	1850	1843	4004
5	2002	1996	1850	4005
5	2320	2166	2310	4006
5	2161	2102	1996	4007
5	2128	1979	1942	4008
5	2005	1819	1956	4009
5	2369	1941	2097	4010
5	2147	1652	1810	4011
5	2105	2003	1851	4012
5	2684	2517	2518	4013
5	2060	1915	2059	4014
5	2061	1917	1916	4015
5	2212	2068	2107	4016
5	2422	2260	2276	4017
5	2249	2087	1991	4018
5	2084	1991	1830	4019
5	2202	2055	2201	4020
5	2011	1862	2010	4021
5	2213	2040	2090	4022
5	2011	1988	1847	4023
5	2092	2009	1963	4024
5	2371	2308	2250	4025
5	2013	1865	1864	4026
5	2034	1885	1865	4027
5	2185	1973	2038	4028
5	2036	1886	2035	4029
5	2100	1866	2015	4030
5	2014	1858	1803	4031
5	2033	1884	2032	4032
5	2240	2084	1866	4033
5	2136	1816	1954	4034
5	2135	1798	1953	4035
5	2017	2016	1826	4036
5	2017	1826	1867	4037
5	2021	1871	2020	4038
5	2020	1870	2019	4039
5	2154	1959	1985	4040
5	2021	1828	1871	4041
5	2098	1944	2096	4042
5	2121	2028	1964	4043
5	2450	2311	2372	4044
5	2203	2057	2111	4045
5	2109	1801	2026	4046
5	2109	1972	1801	4047
5	2027	1878	2025	4048
5	2024	1955	1873	4049
5	2102	1992	1996	4050
5	2324	2184	2183	4051
5	2314	2246	2172	4052
5	2253	1972	2109	4053
5	2159	1999	1998	4054
5	2027	1879	1878	4055
5	2166	2012	2116	4056
5	2183	2037	1992	4057
5	2031	1883	2030	4058
5	2030	1883	1882	4059
5	2153	1960	2130	4060
5	2171	1975	2021	4061
5	2168	2019	2018	4062
5	2032	1835	2031	4063
5	2098	1986	1944	4064
5	2255	2113	2254	4065
5	2033	1803	1884	4066
5	2268	2141	2098	4067
5	2176	2029	2175	4068
5	2176	2030	2029	4069
5	2373	2256	2283	4070
5	2363	2226	2362	4071
5	2273	2228	2110	4072
5	2036	1969	1859	4073
5	2362	2225	2361	4074
5	2223	2078	2114	4075
5	2156	2023	1874	4076
5	2205	2060	2059	4077
5	2374	2263	2350	4078
5	2856	2731	2765	4079
5	2039	1966	1890	4080
5	2039	1890	1889	4081
5	2069	1924	1893	4082
5	2071	1925	2070	4083
5	2188	2042	2187	4084
5	2189	2043	2188	4085
5	2186	1990	2119	4086
5	2046	1898	2045	4087
5	2190	2045	2044	4088
5	2336	2195	2194	4089
5	2218	2072	2217	4090
5	2048	1901	1900	4091
5	2186	2041	1990	4092
5	2195	2049	2194	4093
5	2187	2041	2186	4094
5	2053	1905	2052	4095
5	2187	2042	2041	4096
5	2188	2043	2042	4097
5	2190	2044	2189	4098
5	2051	1903	2050	4099
5	2199	2054	2053	4100
5	2052	1904	2051	4101
5	2198	2052	2197	4102
5	2192	2046	2191	4103
5	2189	2044	2043	4104
5	2054	1906	2053	4105
5	2196	2051	2050	4106
5	2054	1834	1906	4107
5	2140	2092	1963	4108
5	2352	2213	2351	4109
5	2164	2009	2092	4110
5	2164	2010	2009	4111
5	2210	2064	2056	4112
5	2056	1908	2055	4113
5	2236	2123	2200	4114
5	2165	2010	2164	4115
5	2058	1913	1832	4116
5	2057	1832	1840	4117
5	2115	1966	2039	4118
5	2223	2079	2078	4119
5	2060	1916	1915	4120
5	2063	1837	1918	4121
5	2062	1918	1917	4122
5	2061	1916	2060	4123
5	2303	2094	2262	4124
5	2346	2207	2345	4125
5	2285	2143	2261	4126
5	2139	1961	2007	4127
5	2139	2094	1961	4128
5	2205	2059	2122	4129
5	2201	1995	2099	4130
5	2206	2060	2205	4131
5	2285	2122	2143	4132
5	2067	1967	1824	4133
5	2066	2065	1920	4134
5	2066	1920	1922	4135
5	2107	2068	2065	4136
5	2201	2055	1995	4137
5	2068	2067	1923	4138
5	2068	1923	1921	4139
5	2090	2054	2199	4140
5	2070	1924	2069	4141
5	2419	2144	2315	4142
5	2071	1994	1926	4143
5	2448	2308	2371	4144
5	2475	2336	2474	4145
5	2191	2045	2190	4146
5	2074	2000	1827	4147
5	2219	2073	2218	4148
5	2266	1971	2106	4149
5	2331	2189	2330	4150
5	2194	2048	2193	4151
5	2299	2153	2298	4152
5	2627	2494	2502	4153
5	2171	2130	1975	4154
5	2077	1974	1931	4155
5	2377	2274	2300	4156
5	2298	2153	2130	4157
5	2079	1934	1933	4158
5	2080	1935	1934	4159
5	2180	2034	2013	4160
5	2083	1889	1937	4161
5	2183	1992	2102	4162
5	2166	2013	2012	4163
5	2115	2111	1966	4164
5	2082	1936	2081	4165
5	2227	2142	2083	4166
5	2083	2039	1889	4167
5	2343	2203	2111	4168
5	2226	2081	2225	4169
5	2085	1948	1949	4170
5	2086	1953	1849	4171
5	2270	2157	1989	4172
5	2087	1989	1799	4173
5	2167	2088	2016	4174
5	2369	2134	1941	4175
5	2151	1807	2008	4176
5	2133	1817	1948	4177
5	2386	2135	2086	4178
5	2088	1950	1513	4179
5	2089	2001	1955	4180
5	2155	2089	1955	4181
5	2330	2188	2329	4182
5	2337	2196	2195	4183
5	2091	2018	1965	4184
5	2237	2130	2171	4185
5	2140	1976	2120	4186
5	2215	2071	2070	4187
5	2271	2086	1950	4188
5	2429	2271	2304	4189
5	2094	2025	1961	4190
5	2478	2272	2339	4191
5	2182	2036	2035	4192
5	2181	2035	2034	4193
5	2154	2096	1959	4194
5	2130	1960	1975	4195
5	2167	2016	2017	4196
5	2148	1813	1980	4197
5	2275	2141	2268	4198
5	2496	2361	2360	4199
5	2696	2564	2520	4200
5	2341	2200	2210	4201
5	2178	2015	2014	4202
5	2555	2432	2280	4203
5	2101	2091	1965	4204
5	2101	1965	1974	4205
5	2161	2002	2160	4206
5	2324	2183	2251	4207
5	2388	2148	2295	4208
5	2278	2003	2105	4209
5	2384	2105	2277	4210
5	2104	1853	2004	4211
5	2152	1809	1662	4212
5	2158	1939	2103	4213
5	2113	2033	2032	4214
5	2279	2119	2216	4215
5	2211	2066	2123	4216
5	2202	2056	2055	4217
5	2184	2037	2183	4218
5	2306	2102	2161	4219
5	2314	2159	2253	4220
5	2145	1822	2022	4221
5	2110	2101	1974	4222
5	2110	1974	2077	4223
5	2203	2058	2057	4224
5	2204	1993	2058	4225
5	2280	2100	2015	4226
5	2318	2254	2112	4227
5	2255	2179	2113	4228
5	2266	2118	1971	4229
5	2226	2082	2081	4230
5	2282	2114	2238	4231
5	2273	2110	2222	4232
5	2256	2111	2115	4233
5	2180	2013	2166	4234
5	2181	2034	2180	4235
5	2317	2175	2316	4236
5	2457	2319	2385	4237
5	2118	2117	1970	4238
5	2118	1970	1971	4239
5	2219	2074	2073	4240
5	2334	2193	2192	4241
5	2140	1963	1976	4242
5	2120	1976	1994	4243
5	2175	2029	2028	4244
5	2177	2031	2030	4245
5	2462	2324	2398	4246
5	2345	2205	2230	4247
5	2211	2065	2066	4248
5	2123	2066	1968	4249
5	2124	2120	1994	4250
5	2124	1994	2071	4251
5	2125	2114	1938	4252
5	2125	1938	1947	4253
5	2126	2125	1947	4254
5	2126	1947	1969	4255
5	2303	2174	2094	4256
5	2383	2277	2104	4257
5	2296	2149	2290	4258
5	2277	2005	2104	4259
5	2129	2085	1949	4260
5	2129	1949	1546	4261
5	2153	1985	1960	4262
5	2154	1985	2153	4263
5	2289	2147	2149	4264
5	2290	2149	1952	4265
5	2291	2131	1951	4266
5	2132	1951	1848	4267
5	2292	2133	1948	4268
5	2249	1991	2084	4269
5	2150	2132	1945	4270
5	2149	2147	1978	4271
5	2386	2086	2378	4272
5	2417	2383	2247	4273
5	2518	2388	2295	4274
5	2504	2408	2409	4275
5	2148	1954	1813	4276
5	2137	1980	1981	4277
5	2138	2099	1957	4278
5	2138	1957	1988	4279
5	2209	2006	2063	4280
5	2207	2062	2061	4281
5	2338	2197	2196	4282
5	2340	2199	2272	4283
5	2141	2121	1964	4284
5	2141	1964	1986	4285
5	2142	2115	2039	4286
5	2142	2039	2083	4287
5	2143	2122	1967	4288
5	2143	1967	2067	4289
5	2174	2025	2094	4290
5	2155	1955	2024	4291
5	2156	1874	1987	4292
5	2172	2022	1999	4293
5	2416	2137	1981	4294
5	2146	1981	1852	4295
5	2147	1982	1665	4296
5	2147	1665	1652	4297
5	2295	1980	2137	4298
5	2652	2544	2387	4299
5	2417	2248	2391	4300
5	2247	2104	2004	4301
5	2391	2248	2128	4302
5	2291	1951	2132	4303
5	2297	1891	2151	4304
5	2151	1891	1746	4305
5	2158	1984	1939	4306
5	2152	2127	1977	4307
5	2267	2101	2228	4308
5	2317	2176	2175	4309
5	2298	2130	2237	4310
5	2311	2169	2168	4311
5	2368	2258	2156	4312
5	2262	2094	2139	4313
5	2345	2206	2205	4314
5	2234	2156	1987	4315
5	2242	1943	2136	4316
5	2271	1950	2088	4317
5	2305	1984	2158	4318
5	2305	2152	1984	4319
5	2172	2145	2022	4320
5	2723	2453	2540	4321
5	2161	1996	2002	4322
5	2320	2180	2166	4323
5	2277	2105	2005	4324
5	2288	2128	1942	4325
5	2162	2139	2007	4326
5	2162	2007	2006	4327
5	2163	2138	1988	4328
5	2163	1988	2011	4329
5	2165	2011	2010	4330
5	2422	2276	2394	4331
5	2335	2193	2334	4332
5	2307	2163	2165	4333
5	2310	2116	2309	4334
5	2449	2322	2320	4335
5	2438	2241	2133	4336
5	2292	1948	2085	4337
5	2169	2020	2019	4338
5	2170	2021	2020	4339
5	2644	2585	2511	4340
5	2316	2121	2275	4341
5	2358	2221	2220	4342
5	2171	2021	2170	4343
5	2358	2220	2357	4344
5	2360	2224	2223	4345
5	2314	2172	2159	4346
5	2252	2026	2144	4347
5	2173	2155	2024	4348
5	2173	2024	2023	4349
5	2258	2023	2156	4350
5	2433	2261	2423	4351
5	2411	2228	2273	4352
5	2443	2298	2396	4353
5	2318	2112	2177	4354
5	2275	2121	2141	4355
5	2319	2176	2317	4356
5	2177	2112	2031	4357
5	2284	2179	2255	4358
5	2505	2266	2397	4359
5	2179	2178	2014	4360
5	2179	2014	2033	4361
5	2326	2108	2185	4362
5	2364	2283	2142	4363
5	2418	2398	2251	4364
5	2182	2095	2036	4365
5	2322	2180	2320	4366
5	2325	2184	2324	4367
5	2184	2038	2037	4368
5	2185	2038	2184	4369
5	2462	2325	2324	4370
5	2309	2116	2108	4371
5	2326	2309	2108	4372
5	2446	2286	2435	4373
5	2330	2189	2188	4374
5	2329	2187	2328	4375
5	2475	2337	2336	4376
5	2193	2048	2047	4377
5	2430	2275	2268	4378
5	2441	2397	2106	4379
5	2327	2186	2119	4380
5	2191	2046	2045	4381
5	2336	2194	2335	4382
5	2334	2192	2333	4383
5	2328	2187	2186	4384
5	2329	2188	2187	4385
5	2331	2190	2189	4386
5	2197	2051	2196	4387
5	2351	2090	2340	4388
5	2195	2050	2049	4389
5	2272	2199	2198	4390
5	2339	2198	2197	4391
5	2339	2197	2338	4392
5	2198	2053	2052	4393
5	2337	2195	2336	4394
5	2332	2191	2190	4395
5	2352	2214	2213	4396
5	2090	1962	2054	4397
5	2404	2259	2376	4398
5	2214	2070	2069	4399
5	2484	2403	2341	4400
5	2250	2164	2092	4401
5	2200	2123	1968	4402
5	2200	1968	2064	4403
5	2260	2201	2099	4404
5	2210	2056	2202	4405
5	2341	2236	2200	4406
5	2210	2200	2064	4407
5	2498	2363	2362	4408
5	2221	2075	2220	4409
5	2480	2344	2343	4410
5	2222	2110	2077	4411
5	2206	2061	2060	4412
5	2209	2063	2208	4413
5	2424	2173	2258	4414
5	2287	2161	2160	4415
5	2615	2481	2506	4416
5	2209	2162	2006	4417
5	2231	2139	2162	4418
5	2485	2350	2349	4419
5	2483	2348	2342	4420
5	2350	2211	2349	4421
5	2448	2307	2308	4422
5	2276	2138	2243	4423
5	2342	2202	2201	4424
5	2556	2402	2482	4425
5	2212	2143	2067	4426
5	2212	2067	2068	4427
5	2259	2120	2124	4428
5	2214	2069	2213	4429
5	2352	2264	2215	4430
5	2215	2070	2214	4431
5	2508	2376	2488	4432
5	2332	2190	2331	4433
5	2216	2119	2000	4434
5	2216	2000	2074	4435
5	2218	2073	2072	4436
5	2327	2119	2279	4437
5	2766	2644	2694	4438
5	2355	2216	2219	4439
5	2328	2186	2327	4440
5	2219	2216	2074	4441
5	2497	2362	2361	4442
5	2421	2255	2254	4443
5	2311	2168	2235	4444
5	2222	2076	2221	4445
5	2235	2168	2091	4446
5	2412	2235	2267	4447
5	2224	2080	2079	4448
5	2225	2081	2080	4449
5	2357	2204	2344	4450
5	2227	2083	2082	4451
5	2633	2500	2499	4452
5	2322	2181	2180	4453
5	2460	2323	2322	4454
5	2227	2082	2226	4455
5	2458	2310	2309	4456
5	2282	2223	2114	4457
5	2359	2222	2221	4458
5	2555	2178	2284	4459
5	2244	1997	2127	4460
5	2244	2146	1997	4461
5	2230	2205	2122	4462
5	2285	2230	2122	4463
5	2347	2209	2208	4464
5	2401	2375	2231	4465
5	2232	2231	2162	4466
5	2232	2162	2209	4467
5	2233	2167	2017	4468
5	2233	2017	2157	4469
5	2252	2109	2026	4470
5	2258	2173	2023	4471
5	2585	2450	2511	4472
5	2451	2312	2450	4473
5	2261	2143	2212	4474
5	2400	2345	2230	4475
5	2312	2169	2311	4476
5	2312	2170	2169	4477
5	2321	2269	2095	4478
5	2461	2321	2323	4479
5	2293	1940	2135	4480
5	2241	1983	2133	4481
5	2249	2084	2240	4482
5	2567	2428	2270	4483
5	2678	2389	2503	4484
5	2297	2106	1891	4485
5	2242	2239	2129	4486
5	2242	2129	1943	4487
5	2485	2349	2382	4488
5	2265	2092	2140	4489
5	2431	2229	2158	4490
5	2416	2146	2244	4491
5	2365	2292	2085	4492
5	2544	2097	2387	4493
5	2246	2234	2145	4494
5	2246	2145	2172	4495
5	2288	1942	2131	4496
5	2416	1981	2146	4497
5	2248	2247	2004	4498
5	2248	2004	2128	4499
5	2378	2086	2271	4500
5	2353	2117	2281	4501
5	2307	2243	2163	4502
5	2308	2164	2250	4503
5	2251	2183	2102	4504
5	2598	2462	2512	4505
5	2419	2252	2144	4506
5	2262	2139	2231	4507
5	2355	2279	2216	4508
5	2420	2279	2355	4509
5	2354	2217	2353	4510
5	2254	2113	2112	4511
5	2675	2510	2405	4512
5	2284	2178	2179	4513
5	2359	2273	2222	4514
5	2343	2111	2256	4515
5	2257	2238	2125	4516
5	2257	2125	2126	4517
5	2315	2144	2027	4518
5	2315	2027	2174	4519
5	2294	2120	2259	4520
5	2265	2250	2092	4521
5	2487	2352	2351	4522
5	2488	2264	2352	4523
5	2423	2261	2263	4524
5	2350	2107	2211	4525
5	2573	2433	2572	4526
5	2286	2160	2089	4527
5	2263	2261	2212	4528
5	2263	2212	2107	4529
5	2264	2259	2124	4530
5	2264	2124	2215	4531
5	2514	2394	2414	4532
5	2381	2342	2260	4533
5	2486	2351	2340	4534
5	2281	2117	2118	4535
5	2267	2235	2091	4536
5	2267	2091	2101	4537
5	2555	2284	2510	4538
5	2427	2268	2274	4539
5	2269	2257	2126	4540
5	2269	2126	2095	4541
5	2501	2438	2292	4542
5	2516	2233	2428	4543
5	2432	2366	2100	4544
5	2429	2378	2271	4545
5	2340	2090	2199	4546
5	2351	2213	2090	4547
5	2344	2203	2343	4548
5	2399	2343	2256	4549
5	2274	2268	2098	4550
5	2274	2098	2096	4551
5	2455	2275	2430	4552
5	2444	2300	2299	4553
5	2276	2260	2099	4554
5	2276	2099	2138	4555
5	2384	2278	2105	4556
5	2278	2103	2003	4557
5	2431	2158	2103	4558
5	2431	2103	2278	4559
5	2253	2159	1998	4560
5	2253	1998	1972	4561
5	2505	2118	2266	4562
5	2366	2240	2100	4563
5	2353	2217	2117	4564
5	2354	2218	2217	4565
5	2363	2227	2226	4566
5	2283	2256	2115	4567
5	2361	2224	2360	4568
5	2763	2632	2762	4569
5	2441	2106	2297	4570
5	2397	2266	2106	4571
5	2481	2345	2400	4572
5	2401	2231	2232	4573
5	2526	2445	2301	4574
5	2434	2230	2285	4575
5	2306	2251	2102	4576
5	2306	2161	2287	4577
5	2503	2389	2439	4578
5	2290	1952	2134	4579
5	2289	2150	1982	4580
5	2289	1982	2147	4581
5	2383	2104	2247	4582
5	2390	2131	2291	4583
5	2390	2288	2131	4584
5	2518	2295	2440	4585
5	2428	2233	2157	4586
5	2791	2567	2651	4587
5	2380	2304	2167	4588
5	2388	2136	2148	4589
5	2294	2265	2140	4590
5	2294	2140	2120	4591
5	2519	2293	2386	4592
5	2365	2085	2239	4593
5	2436	2132	2150	4594
5	2296	2150	2289	4595
5	2297	2151	2245	4596
5	2432	2100	2280	4597
5	2300	2096	2154	4598
5	2300	2154	2299	4599
5	2395	2267	2228	4600
5	2300	2274	2096	4601
5	2412	2267	2395	4602
5	2638	2504	2509	4603
5	2375	2262	2231	4604
5	2302	2155	2301	4605
5	2302	2286	2089	4606
5	2302	2089	2155	4607
5	2368	2156	2234	4608
5	2452	2253	2109	4609
5	2304	2271	2088	4610
5	2304	2088	2167	4611
5	2305	2158	2229	4612
5	2305	2229	2127	4613
5	2435	2286	2302	4614
5	2619	2485	2618	4615
5	2483	2342	2381	4616
5	2572	2433	2423	4617
5	2308	2307	2165	4618
5	2308	2165	2164	4619
5	2310	2166	2116	4620
5	2321	2095	2182	4621
5	2459	2310	2458	4622
5	2632	2499	2498	4623
5	2313	2171	2170	4624
5	2313	2170	2312	4625
5	2570	2430	2427	4626
5	2313	2237	2171	4627
5	2427	2274	2377	4628
5	2444	2377	2300	4629
5	2452	2393	2314	4630
5	2452	2109	2252	4631
5	2588	2315	2453	4632
5	2767	2642	2588	4633
5	2489	2353	2281	4634
5	2454	2254	2318	4635
5	2451	2407	2313	4636
5	2780	2644	2766	4637
5	2491	2355	2356	4638
5	2405	2284	2255	4639
5	2319	2318	2177	4640
5	2319	2177	2176	4641
5	2464	2309	2326	4642
5	2630	2497	2496	4643
5	2323	2181	2322	4644
5	2406	2360	2282	4645
5	2323	2182	2181	4646
5	2323	2321	2182	4647
5	2460	2322	2449	4648
5	2499	2363	2498	4649
5	2325	2185	2184	4650
5	2326	2185	2325	4651
5	2463	2325	2462	4652
5	2761	2630	2760	4653
5	2599	2463	2598	4654
5	2689	2522	2543	4655
5	2466	2327	2465	4656
5	2465	2279	2420	4657
5	2490	2353	2489	4658
5	2333	2191	2332	4659
5	2465	2327	2279	4660
5	2479	2340	2272	4661
5	2467	2328	2466	4662
5	2466	2328	2327	4663
5	2487	2351	2486	4664
5	2333	2192	2191	4665
5	2477	2339	2338	4666
5	2467	2329	2328	4667
5	2471	2332	2470	4668
5	2335	2194	2193	4669
5	2468	2330	2329	4670
5	2473	2334	2472	4671
5	2469	2330	2468	4672
5	2338	2196	2337	4673
5	2469	2331	2330	4674
5	2470	2332	2331	4675
5	2472	2333	2471	4676
5	2339	2272	2198	4677
5	2471	2333	2332	4678
5	2478	2339	2477	4679
5	2472	2334	2333	4680
5	2473	2335	2334	4681
5	2479	2272	2478	4682
5	2352	2215	2214	4683
5	2348	2202	2342	4684
5	2484	2348	2483	4685
5	2348	2210	2202	4686
5	2348	2341	2210	4687
5	2344	2204	2203	4688
5	2357	2220	2204	4689
5	2412	2372	2235	4690
5	2359	2221	2358	4691
5	2346	2208	2207	4692
5	2347	2232	2209	4693
5	2370	2303	2262	4694
5	2347	2208	2346	4695
5	2418	2251	2306	4696
5	2711	2572	2528	4697
5	2425	2265	2294	4698
5	2620	2479	2614	4699
5	2350	2263	2107	4700
5	2349	2211	2123	4701
5	2528	2423	2374	4702
5	2423	2263	2374	4703
5	2474	2336	2335	4704
5	2371	2250	2265	4705
5	2376	2259	2264	4706
5	2477	2338	2476	4707
5	2430	2268	2427	4708
5	2356	2218	2354	4709
5	2586	2524	2407	4710
5	2566	2457	2529	4711
5	2470	2331	2469	4712
5	2468	2329	2467	4713
5	2356	2355	2219	4714
5	2356	2219	2218	4715
5	2821	2722	2780	4716
5	2761	2631	2630	4717
5	2726	2589	2724	4718
5	2463	2326	2325	4719
5	2496	2360	2406	4720
5	2632	2498	2631	4721
5	2361	2225	2224	4722
5	2362	2226	2225	4723
5	2630	2496	2629	4724
5	2364	2142	2227	4725
5	3011	2931	2887	4726
5	2912	2884	2769	4727
5	2494	2357	2492	4728
5	2364	2227	2363	4729
5	2411	2395	2228	4730
5	2399	2256	2373	4731
5	2674	2505	2397	4732
5	2428	2157	2270	4733
5	2367	2240	2366	4734
5	2367	2249	2240	4735
5	2537	2241	2438	4736
5	2695	2537	2637	4737
5	2523	2258	2368	4738
5	2523	2424	2258	4739
5	2437	2296	2290	4740
5	2369	2290	2134	4741
5	2733	2598	2647	4742
5	2540	2303	2370	4743
5	2448	2414	2307	4744
5	2546	2381	2521	4745
5	2372	2311	2235	4746
5	2524	2396	2407	4747
5	2500	2373	2283	4748
5	2499	2364	2363	4749
5	2485	2374	2350	4750
5	2572	2423	2528	4751
5	2482	2346	2481	4752
5	2520	2375	2401	4753
5	2404	2294	2259	4754
5	2425	2294	2404	4755
5	2570	2427	2522	4756
5	2396	2298	2237	4757
5	2552	2369	2544	4758
5	2801	2501	2648	4759
5	2438	2133	2292	4760
5	2380	2167	2379	4761
5	2516	2379	2233	4762
5	2391	2128	2288	4763
5	2382	2349	2236	4764
5	2698	2616	2690	4765
5	2563	2394	2514	4766
5	2565	2371	2425	4767
5	2417	2247	2248	4768
5	2548	2415	2229	4769
5	2549	2277	2383	4770
5	2415	2244	2229	4771
5	2385	2319	2317	4772
5	2455	2316	2275	4773
5	2387	2097	2293	4774
5	2386	2293	2135	4775
5	2569	2545	2378	4776
5	2389	2239	2242	4777
5	2648	2365	2551	4778
5	2555	2280	2178	4779
5	2548	2229	2431	4780
5	2439	2136	2388	4781
5	2552	2437	2369	4782
5	2576	2296	2437	4783
5	2553	2288	2390	4784
5	2437	2290	2369	4785
5	2392	2368	2234	4786
5	2392	2234	2246	4787
5	2393	2392	2246	4788
5	2393	2246	2314	4789
5	2422	2381	2260	4790
5	2394	2276	2243	4791
5	2840	2707	2692	4792
5	2760	2629	2759	4793
5	2443	2299	2298	4794
5	2444	2299	2443	4795
5	2534	2367	2366	4796
5	2426	2356	2354	4797
5	2398	2324	2251	4798
5	2573	2507	2434	4799
5	2493	2411	2273	4800
5	2480	2343	2399	4801
5	2526	2301	2424	4802
5	2424	2301	2173	4803
5	2513	2435	2445	4804
5	2482	2347	2346	4805
5	2402	2401	2232	4806
5	2402	2232	2347	4807
5	2403	2382	2236	4808
5	2403	2236	2341	4809
5	2673	2528	2619	4810
5	2584	2371	2565	4811
5	2557	2420	2491	4812
5	2716	2534	2535	4813
5	2498	2362	2497	4814
5	2497	2361	2496	4815
5	2407	2396	2237	4816
5	2407	2237	2313	4817
5	2408	2406	2282	4818
5	2408	2282	2238	4819
5	2409	2408	2238	4820
5	2409	2238	2257	4821
5	2410	2409	2257	4822
5	2410	2257	2269	4823
5	2492	2344	2480	4824
5	2494	2358	2357	4825
5	2530	2502	2492	4826
5	2530	2480	2399	4827
5	2413	2410	2269	4828
5	2413	2269	2321	4829
5	2414	2394	2243	4830
5	2414	2243	2307	4831
5	2544	2369	2097	4832
5	2440	2295	2137	4833
5	2685	2440	2653	4834
5	2653	2440	2560	4835
5	2667	2515	2505	4836
5	2660	2571	2384	4837
5	2447	2418	2306	4838
5	2447	2287	2446	4839
5	2689	2682	2522	4840
5	2452	2314	2253	4841
5	2491	2420	2355	4842
5	2491	2356	2426	4843
5	2590	2456	2455	4844
5	2421	2405	2255	4845
5	2690	2616	2617	4846
5	2892	2781	2782	4847
5	2433	2285	2261	4848
5	2434	2285	2433	4849
5	2453	2174	2303	4850
5	2618	2485	2382	4851
5	2521	2381	2422	4852
5	2975	2841	2893	4853
5	2693	2566	2529	4854
5	2625	2558	2421	4855
5	2456	2385	2317	4856
5	2668	2645	2554	4857
5	2567	2270	2087	4858
5	2658	2367	2534	4859
5	2661	2429	2550	4860
5	2519	2387	2293	4861
5	2591	2385	2456	4862
5	2626	2491	2426	4863
5	2660	2548	2571	4864
5	2701	2561	2415	4865
5	2510	2284	2405	4866
5	2771	2550	2659	4867
5	2720	2520	2583	4868
5	2434	2400	2230	4869
5	2730	2525	2596	4870
5	2712	2572	2711	4871
5	2698	2547	2616	4872
5	2446	2287	2286	4873
5	2575	2291	2436	4874
5	2436	2150	2296	4875
5	2839	2666	2553	4876
5	2436	2291	2132	4877
5	2501	2292	2365	4878
5	3006	2834	2756	4879
5	2439	2389	2242	4880
5	2439	2242	2136	4881
5	2654	2552	2544	4882
5	2773	2552	2654	4883
5	3145	3066	3083	4884
5	2623	2426	2490	4885
5	2442	2441	2297	4886
5	2442	2297	2245	4887
5	2628	2493	2495	4888
5	2724	2570	2682	4889
5	2532	2395	2411	4890
5	2603	2467	2602	4891
5	2445	2435	2302	4892
5	2445	2302	2301	4893
5	2447	2306	2287	4894
5	2525	2410	2413	4895
5	2546	2483	2381	4896
5	2596	2461	2595	4897
5	2614	2479	2478	4898
5	2610	2474	2609	4899
5	2461	2413	2321	4900
5	2461	2323	2460	4901
5	2451	2313	2312	4902
5	2450	2312	2311	4903
5	2722	2585	2644	4904
5	2586	2451	2585	4905
5	2587	2252	2419	4906
5	2587	2452	2252	4907
5	2588	2419	2315	4908
5	2453	2315	2174	4909
5	2490	2354	2353	4910
5	2454	2421	2254	4911
5	2456	2316	2455	4912
5	2456	2317	2316	4913
5	2579	2396	2524	4914
5	2762	2632	2631	4915
5	2457	2454	2318	4916
5	2457	2318	2319	4917
5	2459	2320	2310	4918
5	2459	2449	2320	4919
5	2574	2446	2435	4920
5	2649	2502	2530	4921
5	2596	2525	2413	4922
5	2598	2463	2462	4923
5	2595	2461	2460	4924
5	2525	2509	2410	4925
5	2845	2822	2665	4926
5	2464	2326	2463	4927
5	2592	2459	2458	4928
5	2464	2458	2309	4929
5	2594	2460	2449	4930
5	2729	2594	2593	4931
5	2611	2476	2475	4932
5	2602	2466	2601	4933
5	2604	2468	2603	4934
5	2600	2465	2420	4935
5	2612	2477	2476	4936
5	2558	2405	2421	4937
5	2601	2466	2465	4938
5	2474	2335	2473	4939
5	2608	2472	2607	4940
5	2605	2469	2604	4941
5	2602	2467	2466	4942
5	2612	2476	2611	4943
5	2603	2468	2467	4944
5	2476	2338	2337	4945
5	2609	2473	2608	4946
5	2614	2478	2613	4947
5	2604	2469	2468	4948
5	2605	2470	2469	4949
5	2607	2471	2606	4950
5	2476	2337	2475	4951
5	2606	2470	2605	4952
5	2606	2471	2470	4953
5	2613	2477	2612	4954
5	2488	2352	2487	4955
5	2607	2472	2471	4956
5	2608	2473	2472	4957
5	2621	2486	2620	4958
5	2486	2340	2479	4959
5	2609	2474	2473	4960
5	2610	2475	2474	4961
5	2492	2357	2344	4962
5	2493	2273	2359	4963
5	2482	2402	2347	4964
5	2481	2346	2345	4965
5	2583	2520	2401	4966
5	2581	2418	2447	4967
5	2484	2341	2348	4968
5	2943	2831	2798	4969
5	2541	2404	2376	4970
5	2584	2448	2371	4971
5	2618	2382	2547	4972
5	2749	2547	2698	4973
5	2622	2488	2487	4974
5	2841	2706	2775	4975
5	2721	2584	2565	4976
5	2488	2376	2264	4977
5	2617	2483	2546	4978
5	2541	2376	2508	4979
5	2490	2426	2354	4980
5	2600	2420	2557	4981
5	2674	2667	2505	4982
5	2705	2555	2704	4983
5	2704	2555	2510	4984
5	2601	2465	2600	4985
5	3015	2905	2913	4986
5	2628	2495	2627	4987
5	2495	2358	2494	4988
5	2542	2372	2412	4989
5	2495	2359	2358	4990
5	2495	2493	2359	4991
5	2591	2529	2385	4992
5	2543	2522	2377	4993
5	2533	2408	2504	4994
5	2633	2531	2373	4995
5	2533	2406	2408	4996
5	2500	2283	2364	4997
5	2530	2399	2531	4998
5	2530	2492	2480	4999
5	2633	2373	2500	5000
5	2500	2364	2499	5001
5	2827	2650	2664	5002
5	2631	2498	2497	5003
5	2705	2432	2555	5004
5	2567	2087	2249	5005
5	2502	2494	2492	5006
5	2629	2406	2533	5007
5	2678	2551	2389	5008
5	2551	2239	2389	5009
5	2593	2449	2459	5010
5	2596	2413	2461	5011
5	2515	2281	2505	5012
5	2505	2281	2118	5013
5	2506	2481	2400	5014
5	2573	2434	2433	5015
5	2507	2506	2400	5016
5	2507	2400	2434	5017
5	2679	2508	2622	5018
5	2620	2486	2479	5019
5	2509	2504	2409	5020
5	2509	2409	2410	5021
5	2537	2093	2241	5022
5	2515	2489	2281	5023
5	2511	2450	2372	5024
5	2542	2511	2372	5025
5	2512	2462	2398	5026
5	2854	2765	2729	5027
5	2583	2401	2402	5028
5	2574	2435	2513	5029
5	2878	2751	2877	5030
5	2541	2425	2404	5031
5	2697	2559	2640	5032
5	2589	2430	2570	5033
5	2550	2429	2304	5034
5	2811	2685	2653	5035
5	2517	2503	2439	5036
5	2517	2439	2388	5037
5	2634	2503	2517	5038
5	2518	2517	2388	5039
5	2770	2700	2569	5040
5	2569	2378	2429	5041
5	2540	2453	2303	5042
5	2564	2375	2520	5043
5	2750	2673	2619	5044
5	2691	2546	2656	5045
5	2522	2427	2377	5046
5	2783	2717	2643	5047
5	2642	2419	2588	5048
5	2639	2424	2523	5049
5	2543	2377	2444	5050
5	2795	2689	2669	5051
5	2593	2459	2592	5052
5	3090	2957	3016	5053
5	2635	2445	2526	5054
5	2639	2526	2424	5055
5	2527	2514	2414	5056
5	2527	2414	2448	5057
5	2781	2690	2691	5058
5	2836	2698	2690	5059
5	2529	2457	2385	5060
5	2682	2570	2522	5061
5	2692	2626	2623	5062
5	2758	2668	2628	5063
5	2755	2623	2624	5064
5	2531	2399	2373	5065
5	2559	2395	2532	5066
5	2776	2768	2640	5067
5	2629	2496	2406	5068
5	2631	2497	2630	5069
5	2536	2442	2245	5070
5	2637	2537	2438	5071
5	2535	2534	2366	5072
5	2535	2366	2432	5073
5	2577	2397	2441	5074
5	2967	2578	2636	5075
5	2537	2536	2245	5076
5	2537	2245	2093	5077
5	2538	2523	2368	5078
5	2538	2368	2392	5079
5	2539	2512	2398	5080
5	2539	2398	2418	5081
5	2663	2512	2539	5082
5	2639	2538	2655	5083
5	2565	2425	2541	5084
5	2583	2402	2556	5085
5	2669	2543	2580	5086
5	2883	2840	2692	5087
5	2580	2443	2579	5088
5	2580	2543	2444	5089
5	2660	2384	2549	5090
5	2553	2391	2288	5091
5	2545	2519	2386	5092
5	2545	2386	2378	5093
5	2547	2382	2403	5094
5	2619	2374	2485	5095
5	2749	2618	2547	5096
5	2688	2521	2563	5097
5	2549	2384	2277	5098
5	2571	2278	2384	5099
5	2701	2415	2548	5100
5	2654	2544	2652	5101
5	2785	2577	2715	5102
5	2551	2365	2239	5103
5	2666	2417	2391	5104
5	2666	2391	2553	5105
5	2702	2653	2560	5106
5	2648	2501	2365	5107
5	3059	2837	2938	5108
5	2576	2436	2296	5109
5	2554	2532	2411	5110
5	2554	2411	2493	5111
5	2774	2705	2704	5112
5	2815	2651	2568	5113
5	2681	2527	2584	5114
5	2584	2527	2448	5115
5	2626	2426	2623	5116
5	2727	2725	2591	5117
5	3136	3031	2946	5118
5	2625	2421	2454	5119
5	2559	2542	2412	5120
5	2559	2412	2395	5121
5	2560	2440	2137	5122
5	2560	2137	2416	5123
5	2561	2560	2416	5124
5	2561	2416	2415	5125
5	2562	2538	2392	5126
5	2562	2392	2393	5127
5	2563	2521	2422	5128
5	2563	2422	2394	5129
5	2767	2588	2723	5130
5	2564	2370	2375	5131
5	2900	2788	2789	5132
5	2871	2745	2870	5133
5	2625	2454	2566	5134
5	2566	2454	2457	5135
5	2801	2637	2501	5136
5	2791	2428	2567	5137
5	2568	2567	2249	5138
5	2568	2249	2367	5139
5	2686	2652	2387	5140
5	2686	2387	2519	5141
5	2589	2455	2430	5142
5	2590	2455	2589	5143
5	2571	2548	2431	5144
5	2571	2431	2278	5145
5	2827	2796	2650	5146
5	2713	2507	2573	5147
5	2671	2664	2615	5148
5	2796	2720	2650	5149
5	2581	2539	2418	5150
5	2582	2446	2574	5151
5	2714	2390	2575	5152
5	2575	2390	2291	5153
5	2714	2575	2576	5154
5	2576	2575	2436	5155
5	2825	2678	2503	5156
5	2803	2695	2637	5157
5	2578	2577	2441	5158
5	2578	2441	2442	5159
5	2580	2444	2443	5160
5	2579	2443	2396	5161
5	2708	2489	2515	5162
5	2689	2543	2669	5163
5	2719	2574	2677	5164
5	2728	2593	2592	5165
5	2582	2581	2447	5166
5	2582	2447	2446	5167
5	2720	2583	2650	5168
5	2720	2696	2520	5169
5	2798	2657	2672	5170
5	2706	2541	2508	5171
5	2586	2407	2451	5172
5	2585	2451	2450	5173
5	2676	2627	2502	5174
5	2800	2759	2646	5175
5	2587	2562	2393	5176
5	2587	2393	2452	5177
5	2723	2588	2453	5178
5	2655	2538	2562	5179
5	2717	2579	2643	5180
5	2852	2726	2793	5181
5	2725	2693	2529	5182
5	2591	2456	2590	5183
5	3178	3143	3015	5184
5	2963	2795	2919	5185
5	2595	2460	2594	5186
5	2594	2449	2593	5187
5	2848	2696	2720	5188
5	2728	2592	2662	5189
5	2778	2733	2647	5190
5	2763	2633	2632	5191
5	2733	2599	2598	5192
5	2731	2595	2594	5193
5	2729	2593	2728	5194
5	2764	2633	2763	5195
5	2597	2592	2458	5196
5	2597	2458	2464	5197
5	2599	2464	2463	5198
5	2599	2597	2464	5199
5	2662	2592	2597	5200
5	2731	2594	2729	5201
5	2724	2589	2570	5202
5	2797	2755	2624	5203
5	2708	2624	2489	5204
5	2737	2601	2736	5205
5	2736	2601	2600	5206
5	2737	2602	2601	5207
5	2735	2600	2557	5208
5	2707	2557	2626	5209
5	2741	2605	2740	5210
5	2613	2478	2477	5211
5	2752	2621	2620	5212
5	2738	2603	2602	5213
5	2743	2607	2742	5214
5	2622	2487	2621	5215
5	2739	2604	2603	5216
5	2753	2622	2621	5217
5	2744	2608	2743	5218
5	2740	2605	2604	5219
5	2745	2610	2609	5220
5	2611	2475	2610	5221
5	2741	2606	2605	5222
5	2746	2611	2610	5223
5	2742	2607	2606	5224
5	2748	2612	2747	5225
5	2743	2608	2607	5226
5	2748	2614	2613	5227
5	2745	2609	2744	5228
5	2621	2487	2486	5229
5	2751	2614	2748	5230
5	2744	2609	2608	5231
5	2615	2556	2482	5232
5	2615	2482	2481	5233
5	2616	2547	2403	5234
5	2616	2403	2484	5235
5	2617	2616	2484	5236
5	2617	2484	2483	5237
5	3020	2893	2898	5238
5	2619	2528	2374	5239
5	2688	2563	2657	5240
5	2721	2681	2584	5241
5	2746	2610	2745	5242
5	2622	2508	2488	5243
5	2747	2612	2611	5244
5	2751	2620	2614	5245
5	2681	2672	2527	5246
5	2706	2508	2679	5247
5	2738	2602	2737	5248
5	2626	2557	2491	5249
5	2624	2623	2490	5250
5	2624	2490	2489	5251
5	2735	2557	2707	5252
5	2707	2626	2692	5253
5	3163	3041	3154	5254
5	3204	3061	3137	5255
5	2628	2554	2493	5256
5	2627	2495	2494	5257
5	2882	2754	2881	5258
5	2901	2769	2792	5259
5	2646	2504	2638	5260
5	2764	2757	2531	5261
5	2951	2799	2804	5262
5	2650	2583	2556	5263
5	2832	2639	2655	5264
5	2633	2499	2632	5265
5	2646	2533	2504	5266
5	2885	2760	2759	5267
5	2759	2533	2646	5268
5	2764	2531	2633	5269
5	2940	2801	2648	5270
5	2637	2438	2501	5271
5	2924	2767	2723	5272
5	2635	2513	2445	5273
5	2636	2578	2442	5274
5	2636	2442	2536	5275
5	2906	2830	2779	5276
5	2651	2567	2568	5277
5	2854	2729	2728	5278
5	2730	2641	2525	5279
5	2709	2370	2564	5280
5	2642	2587	2419	5281
5	2640	2559	2532	5282
5	2784	2697	2768	5283
5	2641	2638	2509	5284
5	2641	2509	2525	5285
5	2639	2523	2538	5286
5	2642	2655	2562	5287
5	2643	2579	2524	5288
5	2670	2643	2524	5289
5	2670	2524	2586	5290
5	3107	2983	3105	5291
5	2645	2640	2532	5292
5	2645	2532	2554	5293
5	2807	2638	2799	5294
5	2759	2629	2533	5295
5	2647	2598	2512	5296
5	2663	2647	2512	5297
5	2659	2550	2380	5298
5	2946	2785	2715	5299
5	2668	2554	2628	5300
5	2676	2502	2649	5301
5	2853	2728	2662	5302
5	2677	2574	2513	5303
5	2695	2536	2537	5304
5	2659	2380	2379	5305
5	2703	2576	2437	5306
5	2810	2654	2652	5307
5	3027	2779	2935	5308
5	2915	2654	2810	5309
5	2702	2560	2561	5310
5	2969	2846	2896	5311
5	2642	2562	2587	5312
5	2847	2719	2677	5313
5	2656	2546	2521	5314
5	2876	2673	2750	5315
5	2688	2656	2521	5316
5	2657	2563	2514	5317
5	2815	2568	2658	5318
5	2658	2568	2367	5319
5	2904	2678	2825	5320
5	2661	2569	2429	5321
5	2938	2837	2702	5322
5	2699	2383	2417	5323
5	2947	2774	2894	5324
5	2818	2551	2678	5325
5	2734	2599	2733	5326
5	2857	2734	2733	5327
5	2671	2506	2665	5328
5	2711	2528	2673	5329
5	2664	2650	2556	5330
5	2664	2556	2615	5331
5	2671	2615	2506	5332
5	2665	2506	2507	5333
5	2817	2549	2699	5334
5	2699	2549	2383	5335
5	2675	2405	2558	5336
5	2756	2558	2625	5337
5	2758	2627	2676	5338
5	2784	2766	2694	5339
5	3133	2952	3050	5340
5	2912	2769	2901	5341
5	2780	2722	2644	5342
5	3061	2930	3026	5343
5	2809	2718	2719	5344
5	2680	2663	2539	5345
5	2672	2657	2514	5346
5	2672	2514	2527	5347
5	2713	2573	2712	5348
5	2712	2573	2572	5349
5	2674	2397	2577	5350
5	2715	2577	2578	5351
5	2756	2625	2754	5352
5	2739	2603	2738	5353
5	2758	2628	2627	5354
5	2889	2763	2762	5355
5	2680	2539	2581	5356
5	2777	2663	2680	5357
5	3027	2906	2779	5358
5	2779	2687	2700	5359
5	2753	2679	2622	5360
5	2752	2620	2751	5361
5	2790	2663	2777	5362
5	2978	2895	2854	5363
5	2710	2541	2706	5364
5	3004	2898	2880	5365
5	2851	2693	2725	5366
5	2986	2852	2793	5367
5	2683	2659	2379	5368
5	2683	2379	2516	5369
5	2938	2702	2838	5370
5	2684	2634	2517	5371
5	2685	2684	2518	5372
5	2685	2518	2440	5373
5	3138	3040	3023	5374
5	2770	2569	2661	5375
5	2687	2686	2519	5376
5	2687	2519	2545	5377
5	2788	2672	2681	5378
5	2921	2836	2916	5379
5	2966	2802	2635	5380
5	2833	2639	2832	5381
5	2750	2618	2749	5382
5	2750	2619	2618	5383
5	2691	2690	2617	5384
5	2691	2617	2546	5385
5	2753	2621	2752	5386
5	2736	2600	2735	5387
5	2754	2566	2693	5388
5	2834	2558	2756	5389
5	2694	2644	2511	5390
5	2694	2511	2542	5391
5	2786	2708	2515	5392
5	2835	2636	2536	5393
5	2802	2513	2635	5394
5	2709	2540	2370	5395
5	2697	2694	2542	5396
5	2697	2542	2559	5397
5	2843	2711	2842	5398
5	2874	2698	2836	5399
5	2812	2417	2666	5400
5	2838	2702	2561	5401
5	2700	2687	2545	5402
5	2700	2545	2569	5403
5	2830	2686	2687	5404
5	2907	2810	2830	5405
5	2838	2561	2701	5406
5	2703	2437	2552	5407
5	3023	2969	2896	5408
5	2714	2553	2390	5409
5	3186	2940	3058	5410
5	2772	2704	2510	5411
5	2923	2658	2534	5412
5	2705	2535	2432	5413
5	2710	2565	2541	5414
5	2721	2565	2710	5415
5	3008	2981	2840	5416
5	2726	2590	2589	5417
5	2862	2736	2861	5418
5	2754	2625	2566	5419
5	2787	2655	2642	5420
5	2850	2723	2540	5421
5	2831	2657	2798	5422
5	2814	2656	2688	5423
5	2849	2789	2721	5424
5	2713	2665	2507	5425
5	2843	2712	2711	5426
5	2922	2790	2920	5427
5	2999	2876	2875	5428
5	2925	2765	2895	5429
5	2839	2553	2714	5430
5	2846	2576	2703	5431
5	2774	2535	2705	5432
5	2772	2510	2675	5433
5	2816	2771	2659	5434
5	3014	2786	2897	5435
5	2717	2669	2580	5436
5	2717	2580	2579	5437
5	2718	2680	2581	5438
5	2718	2581	2582	5439
5	2719	2718	2582	5440
5	2719	2582	2574	5441
5	2874	2749	2698	5442
5	2857	2733	2778	5443
5	3127	3003	3002	5444
5	2877	2751	2748	5445
5	2722	2670	2586	5446
5	2722	2586	2585	5447
5	2924	2787	2767	5448
5	2802	2677	2513	5449
5	2725	2529	2591	5450
5	2828	2794	2682	5451
5	2727	2590	2726	5452
5	2863	2737	2862	5453
5	2727	2591	2590	5454
5	2879	2752	2878	5455
5	2881	2754	2693	5456
5	2740	2604	2739	5457
5	3052	2895	3041	5458
5	2799	2638	2641	5459
5	3140	3050	3055	5460
5	2889	2762	2887	5461
5	2732	2595	2731	5462
5	2732	2596	2595	5463
5	2732	2730	2596	5464
5	2942	2913	2780	5465
5	2888	2792	2757	5466
5	3010	2886	2885	5467
5	2734	2597	2599	5468
5	2734	2662	2597	5469
5	2826	2680	2718	5470
5	2822	2671	2665	5471
5	2913	2821	2780	5472
5	3117	2992	3116	5473
5	2828	2689	2795	5474
5	2852	2727	2726	5475
5	2882	2756	2754	5476
5	2742	2606	2741	5477
5	2928	2883	2755	5478
5	2861	2736	2735	5479
5	2871	2746	2745	5480
5	2863	2738	2737	5481
5	2862	2737	2736	5482
5	2865	2739	2864	5483
5	2864	2739	2738	5484
5	2748	2613	2612	5485
5	2873	2748	2747	5486
5	2868	2742	2867	5487
5	2865	2740	2739	5488
5	2869	2743	2868	5489
5	2866	2741	2740	5490
5	2872	2746	2871	5491
5	2880	2775	2679	5492
5	2747	2611	2746	5493
5	2867	2742	2741	5494
5	2868	2743	2742	5495
5	2877	2748	2873	5496
5	2869	2744	2743	5497
5	2880	2679	2753	5498
5	2870	2745	2744	5499
5	2836	2690	2781	5500
5	2842	2711	2673	5501
5	2970	2843	2842	5502
5	3002	2877	3001	5503
5	2878	2752	2751	5504
5	2872	2747	2746	5505
5	2879	2753	2752	5506
5	3545	3387	3529	5507
5	2798	2672	2788	5508
5	2849	2710	2841	5509
5	2864	2738	2863	5510
5	2797	2624	2708	5511
5	2861	2735	2859	5512
5	2755	2692	2623	5513
5	2774	2716	2535	5514
5	2929	2675	2834	5515
5	2757	2649	2530	5516
5	2757	2530	2531	5517
5	2930	2768	2776	5518
5	3011	2887	2886	5519
5	2760	2630	2629	5520
5	2762	2631	2761	5521
5	2886	2760	2885	5522
5	2885	2759	2800	5523
5	2886	2761	2760	5524
5	2942	2780	2766	5525
5	2884	2676	2769	5526
5	2887	2762	2761	5527
5	2769	2676	2649	5528
5	2911	2805	2823	5529
5	2888	2757	2764	5530
5	2887	2761	2886	5531
5	2765	2731	2729	5532
5	2854	2728	2853	5533
5	3026	2939	3021	5534
5	2952	2807	2891	5535
5	3070	2961	2847	5536
5	2787	2642	2767	5537
5	2784	2694	2697	5538
5	2768	2697	2640	5539
5	2776	2640	2645	5540
5	3079	2933	3074	5541
5	2818	2648	2551	5542
5	3076	2770	2936	5543
5	3156	3060	2953	5544
5	2771	2661	2550	5545
5	2937	2708	2786	5546
5	2786	2515	2667	5547
5	3028	2936	2771	5548
5	2773	2703	2552	5549
5	2785	2674	2577	5550
5	2785	2667	2674	5551
5	2775	2706	2679	5552
5	2880	2753	2879	5553
5	3029	3012	3013	5554
5	3169	3082	3143	5555
5	2845	2665	2713	5556
5	2824	2671	2822	5557
5	2844	2712	2843	5558
5	2960	2920	2777	5559
5	3037	3024	2918	5560
5	2935	2779	2700	5561
5	3207	3074	3204	5562
5	3233	3067	3201	5563
5	2814	2782	2656	5564
5	2998	2874	2921	5565
5	2782	2781	2691	5566
5	2782	2691	2656	5567
5	3047	3008	2883	5568
5	3170	3081	3169	5569
5	2945	2768	2930	5570
5	2913	2905	2821	5571
5	3031	2785	2946	5572
5	2894	2774	2704	5573
5	3032	2834	3006	5574
5	2897	2786	2667	5575
5	2966	2635	2833	5576
5	2850	2540	2709	5577
5	2973	2845	2844	5578
5	2971	2957	2822	5579
5	2789	2788	2681	5580
5	2789	2681	2721	5581
5	2790	2778	2647	5582
5	2790	2647	2663	5583
5	2808	2428	2791	5584
5	2808	2516	2428	5585
5	2792	2769	2649	5586
5	2792	2649	2757	5587
5	2793	2726	2724	5588
5	2820	2717	2783	5589
5	2794	2793	2724	5590
5	2794	2724	2682	5591
5	2828	2682	2689	5592
5	3372	3258	3270	5593
5	2845	2713	2844	5594
5	2847	2809	2719	5595
5	2834	2675	2558	5596
5	2894	2704	2772	5597
5	3127	3002	3126	5598
5	2950	2788	2900	5599
5	3009	2885	2800	5600
5	3009	2800	2952	5601
5	3158	3021	3053	5602
5	2932	2901	2792	5603
5	2835	2536	2695	5604
5	3160	2637	2801	5605
5	2813	2564	2696	5606
5	2848	2720	2796	5607
5	2816	2659	2683	5608
5	2808	2683	2516	5609
5	2804	2799	2641	5610
5	2804	2641	2730	5611
5	2805	2776	2645	5612
5	2805	2645	2668	5613
5	2806	2783	2643	5614
5	2806	2643	2670	5615
5	2807	2800	2646	5616
5	2807	2646	2638	5617
5	2936	2661	2771	5618
5	3174	2929	3032	5619
5	2813	2709	2564	5620
5	2824	2664	2671	5621
5	2829	2684	2811	5622
5	2811	2684	2685	5623
5	2830	2687	2779	5624
5	2825	2503	2634	5625
5	2817	2660	2549	5626
5	2812	2699	2417	5627
5	2832	2655	2787	5628
5	2954	2709	2813	5629
5	2916	2836	2781	5630
5	2999	2875	2998	5631
5	2918	2695	2803	5632
5	2904	2818	2678	5633
5	2909	2791	2651	5634
5	2918	2835	2695	5635
5	3097	2968	2908	5636
5	2819	2660	2817	5637
5	2907	2830	2906	5638
5	3065	2801	2940	5639
5	2819	2701	2548	5640
5	2819	2548	2660	5641
5	2820	2795	2669	5642
5	2820	2669	2717	5643
5	2821	2806	2670	5644
5	2821	2670	2722	5645
5	2827	2664	2824	5646
5	2826	2718	2809	5647
5	2823	2805	2668	5648
5	2823	2668	2758	5649
5	2974	2827	2958	5650
5	2920	2790	2777	5651
5	2959	2829	2811	5652
5	2935	2700	2770	5653
5	3092	3016	2971	5654
5	2826	2777	2680	5655
5	2914	2857	2778	5656
5	2962	2696	2848	5657
5	2919	2820	2899	5658
5	2982	2851	2860	5659
5	3058	2940	2818	5660
5	2829	2634	2684	5661
5	2830	2810	2652	5662
5	2830	2652	2686	5663
5	2831	2814	2688	5664
5	2831	2688	2657	5665
5	2833	2526	2639	5666
5	2833	2635	2526	5667
5	2903	2677	2802	5668
5	3166	3086	2961	5669
5	2859	2707	2840	5670
5	2859	2735	2707	5671
5	2967	2835	2918	5672
5	2967	2636	2835	5673
5	2876	2842	2673	5674
5	2844	2713	2712	5675
5	2837	2811	2653	5676
5	2837	2653	2702	5677
5	3063	2773	2915	5678
5	2968	2819	2908	5679
5	2896	2846	2703	5680
5	2896	2703	2773	5681
5	2866	2740	2865	5682
5	2867	2741	2866	5683
5	2849	2721	2710	5684
5	2841	2710	2706	5685
5	2875	2749	2874	5686
5	2916	2781	2892	5687
5	3101	3051	2972	5688
5	2895	2765	2854	5689
5	2921	2874	2836	5690
5	2957	2824	2822	5691
5	2978	2854	2853	5692
5	3038	2979	2914	5693
5	2846	2839	2714	5694
5	2846	2714	2576	5695
5	2958	2824	2957	5696
5	2961	2960	2826	5697
5	2977	2787	2924	5698
5	3147	2954	3093	5699
5	3148	3080	3141	5700
5	3191	3064	3167	5701
5	3045	2850	2954	5702
5	2924	2723	2850	5703
5	2881	2693	2851	5704
5	3046	2923	2716	5705
5	2860	2727	2852	5706
5	2860	2725	2727	5707
5	2858	2734	2857	5708
5	3068	2998	2921	5709
5	2951	2891	2799	5710
5	2926	2804	2855	5711
5	2855	2804	2730	5712
5	2855	2730	2732	5713
5	2856	2855	2732	5714
5	2856	2732	2731	5715
5	2858	2662	2734	5716
5	2858	2853	2662	5717
5	2958	2827	2824	5718
5	2922	2778	2790	5719
5	2981	2859	2840	5720
5	3047	2883	2928	5721
5	2989	2864	2988	5722
5	2860	2851	2725	5723
5	3005	2881	2851	5724
5	2986	2793	2927	5725
5	2984	2860	2852	5726
5	2919	2795	2820	5727
5	3019	2919	3018	5728
5	2939	2805	2911	5729
5	2983	2861	2859	5730
5	2870	2744	2869	5731
5	2985	2862	2861	5732
5	2992	2867	2991	5733
5	2987	2863	2862	5734
5	2988	2864	2863	5735
5	2996	2872	2871	5736
5	2989	2865	2864	5737
5	2993	2868	2992	5738
5	2990	2866	2865	5739
5	2994	2869	2993	5740
5	2991	2867	2866	5741
5	3004	2879	3003	5742
5	2873	2747	2872	5743
5	2992	2868	2867	5744
5	3003	2879	2878	5745
5	2995	2870	2994	5746
5	2993	2869	2868	5747
5	2994	2870	2869	5748
5	3257	3172	3242	5749
5	2875	2750	2749	5750
5	2876	2750	2875	5751
5	2973	2971	2845	5752
5	2955	2831	2943	5753
5	3256	3154	3226	5754
5	3001	2873	2997	5755
5	2995	2871	2870	5756
5	2997	2873	2872	5757
5	3373	3260	3297	5758
5	3002	2878	2877	5759
5	3004	2880	2879	5760
5	3001	2877	2873	5761
5	3043	2893	3020	5762
5	3244	3242	3124	5763
5	2996	2871	2995	5764
5	3174	3072	2929	5765
5	2883	2692	2755	5766
5	2983	2859	2981	5767
5	2928	2755	2797	5768
5	2990	2865	2989	5769
5	2884	2823	2758	5770
5	2884	2758	2676	5771
5	2931	2889	2887	5772
5	3135	3034	3011	5773
5	3122	2998	3068	5774
5	3041	2895	2978	5775
5	3000	2970	2842	5776
5	2952	2800	2807	5777
5	2890	2763	2889	5778
5	2890	2888	2764	5779
5	2890	2764	2763	5780
5	3026	2930	2939	5781
5	3152	3056	3073	5782
5	3307	3193	3258	5783
5	2891	2807	2799	5784
5	3135	3010	3134	5785
5	2948	2892	2782	5786
5	2948	2782	2814	5787
5	2893	2841	2775	5788
5	3003	2878	3002	5789
5	2923	2534	2716	5790
5	2897	2667	2785	5791
5	2902	2855	2856	5792
5	2926	2855	2902	5793
5	2956	2699	2812	5794
5	3063	2896	2773	5795
5	2988	2863	2987	5796
5	3183	3162	2947	5797
5	2898	2893	2775	5798
5	2898	2775	2880	5799
5	2899	2820	2783	5800
5	2905	2806	2821	5801
5	2976	2849	2975	5802
5	2976	2900	2789	5803
5	3258	3193	3205	5804
5	3013	2889	2931	5805
5	3154	3041	3062	5806
5	3057	2925	3052	5807
5	2960	2777	2826	5808
5	2903	2847	2677	5809
5	3182	2906	3027	5810
5	3156	2953	3035	5811
5	2944	2806	2905	5812
5	2944	2783	2806	5813
5	3098	2968	3097	5814
5	2908	2819	2817	5815
5	2941	2811	2837	5816
5	3017	2810	2907	5817
5	2968	2701	2819	5818
5	2968	2838	2701	5819
5	3028	2771	2816	5820
5	3076	2935	2770	5821
5	2910	2909	2651	5822
5	2910	2651	2815	5823
5	2934	2884	2912	5824
5	2934	2823	2884	5825
5	2934	2911	2823	5826
5	3061	2945	2930	5827
5	3030	2913	2942	5828
5	3292	3132	3168	5829
5	3100	2922	3099	5830
5	2979	2857	2914	5831
5	3063	3023	2896	5832
5	2915	2773	2654	5833
5	3103	2975	3043	5834
5	3080	2950	3025	5835
5	2917	2812	2666	5836
5	2917	2666	2839	5837
5	3037	2918	2803	5838
5	3162	3046	2947	5839
5	2927	2793	2794	5840
5	3019	2963	2919	5841
5	3092	2971	2973	5842
5	2922	2914	2778	5843
5	3243	3122	3157	5844
5	3064	2916	2892	5845
5	2998	2875	2874	5846
5	2972	2843	2970	5847
5	2923	2910	2815	5848
5	2923	2815	2658	5849
5	3099	2920	3091	5850
5	2965	2833	2832	5851
5	2925	2902	2856	5852
5	2925	2856	2765	5853
5	3052	2925	2895	5854
5	2951	2804	2926	5855
5	3151	2937	3014	5856
5	3178	3030	3144	5857
5	3006	2756	2882	5858
5	3014	2937	2786	5859
5	3072	2894	2772	5860
5	2929	2772	2675	5861
5	2933	2766	2784	5862
5	2942	2766	2933	5863
5	2932	2792	2888	5864
5	3053	2911	2934	5865
5	3075	3053	2934	5866
5	3073	3012	3029	5867
5	3467	3356	3466	5868
5	3056	2901	2932	5869
5	3390	3258	3372	5870
5	3053	3021	2911	5871
5	3159	2935	3076	5872
5	2936	2770	2661	5873
5	2940	2648	2818	5874
5	2964	2634	2829	5875
5	3077	2797	2937	5876
5	2937	2797	2708	5877
5	3017	2915	2810	5878
5	3181	3017	2907	5879
5	2939	2930	2776	5880
5	2939	2776	2805	5881
5	3160	2801	3065	5882
5	3058	2818	2904	5883
5	3181	2907	3078	5884
5	2959	2811	2941	5885
5	3135	3011	3010	5886
5	3030	3015	2913	5887
5	3064	2892	3044	5888
5	3260	3141	3149	5889
5	3115	2990	3114	5890
5	2944	2899	2783	5891
5	2945	2933	2784	5892
5	2945	2784	2768	5893
5	3083	2923	3046	5894
5	2947	2716	2774	5895
5	3196	3136	2946	5896
5	3096	2946	2715	5897
5	3172	3051	3101	5898
5	3323	3191	3167	5899
5	2949	2927	2794	5900
5	2949	2794	2828	5901
5	2950	2943	2798	5902
5	2950	2798	2788	5903
5	3374	3261	3315	5904
5	3057	2902	2925	5905
5	3011	2886	3010	5906
5	3010	2885	3009	5907
5	2953	2816	2683	5908
5	2953	2683	2808	5909
5	3093	2813	2962	5910
5	2954	2850	2709	5911
5	2955	2948	2814	5912
5	2955	2814	2831	5913
5	2956	2908	2817	5914
5	2956	2817	2699	5915
5	2973	2844	2972	5916
5	3055	2891	2951	5917
5	2961	2809	2847	5918
5	3102	2958	3090	5919
5	3078	2907	2906	5920
5	3089	2964	2829	5921
5	3087	2962	2848	5922
5	3070	2847	2903	5923
5	2961	2826	2809	5924
5	3286	3173	3263	5925
5	3244	3124	3123	5926
5	2962	2813	2696	5927
5	2963	2949	2828	5928
5	2963	2828	2795	5929
5	3281	3037	3142	5930
5	2964	2825	2634	5931
5	3039	2903	2802	5932
5	3166	2961	3070	5933
5	2966	2833	2965	5934
5	3039	2802	2966	5935
5	3096	2715	2967	5936
5	2967	2715	2578	5937
5	3022	2908	2956	5938
5	3098	2938	2838	5939
5	2969	2917	2839	5940
5	2969	2839	2846	5941
5	2971	2822	2845	5942
5	3090	2958	2957	5943
5	2972	2844	2843	5944
5	3016	2957	2971	5945
5	3091	2960	3086	5946
5	2980	2978	2853	5947
5	2974	2796	2827	5948
5	2974	2848	2796	5949
5	3062	3041	2978	5950
5	3095	3039	2966	5951
5	2976	2789	2849	5952
5	2975	2849	2841	5953
5	3044	2892	2948	5954
5	3103	3033	2976	5955
5	2977	2965	2832	5956
5	2977	2832	2787	5957
5	2980	2858	2979	5958
5	3086	2960	2961	5959
5	2980	2853	2858	5960
5	2979	2858	2857	5961
5	3100	2914	2922	5962
5	3248	3179	3128	5963
5	2985	2861	2983	5964
5	2987	2862	2985	5965
5	3005	2851	2982	5966
5	3007	2881	3005	5967
5	3168	3008	3047	5968
5	2991	2866	2990	5969
5	3129	3005	2982	5970
5	2984	2982	2860	5971
5	3106	2982	2984	5972
5	2997	2872	2996	5973
5	3110	2986	2927	5974
5	2986	2984	2852	5975
5	3018	2919	2899	5976
5	3082	2905	3015	5977
5	3229	3108	3110	5978
5	3331	3204	3259	5979
5	3067	2949	2963	5980
5	3251	3129	3249	5981
5	3109	2987	2985	5982
5	3111	2988	2987	5983
5	3118	2993	3117	5984
5	3113	2989	2988	5985
5	3119	2994	3118	5986
5	3126	3002	3001	5987
5	3114	2990	2989	5988
5	3120	2995	3119	5989
5	3115	2991	2990	5990
5	3128	3004	3003	5991
5	3116	2992	2991	5992
5	3128	3003	3127	5993
5	3117	2993	2992	5994
5	3121	2996	3120	5995
5	3118	2994	2993	5996
5	3128	3048	3004	5997
5	3000	2842	2876	5998
5	3000	2876	2999	5999
5	3241	3121	3120	6000
5	3428	3373	3297	6001
5	3122	2999	2998	6002
5	3062	2978	2980	6003
5	3119	2995	2994	6004
5	3246	3125	3245	6005
5	3121	2997	2996	6006
5	3245	3121	3241	6007
5	3263	3173	3179	6008
5	3120	2996	2995	6009
5	3321	3225	3276	6010
5	3161	3044	3084	6011
5	3132	3105	2981	6012
5	3444	3442	3324	6013
5	3008	2840	2883	6014
5	3175	3006	3130	6015
5	3264	3014	2897	6016
5	3007	2882	2881	6017
5	3109	2985	3107	6018
5	3105	2983	2981	6019
5	3177	3052	3163	6020
5	3254	3133	3253	6021
5	3253	3133	3050	6022
5	3163	3052	3041	6023
5	3054	2931	3034	6024
5	3054	3013	2931	6025
5	3012	2932	2888	6026
5	3012	2888	2890	6027
5	3013	3012	2890	6028
5	3013	2890	2889	6029
5	3130	3006	2882	6030
5	3032	2929	2834	6031
5	3185	3029	3054	6032
5	3180	3137	3026	6033
5	3104	3062	2980	6034
5	3050	2952	2891	6035
5	3036	2956	2812	6036
5	3059	2941	2837	6037
5	3112	2949	3067	6038
5	3112	2927	2949	6039
5	3108	2984	2986	6040
5	3067	2963	3019	6041
5	3247	3127	3126	6042
5	3125	3001	2997	6043
5	3021	2939	2911	6044
5	3075	2912	2901	6045
5	3098	2838	2968	6046
5	3097	2908	3022	6047
5	3036	2812	2917	6048
5	3036	3022	2956	6049
5	3096	2967	3024	6050
5	3024	2967	2918	6051
5	3025	2950	2900	6052
5	3043	2975	2893	6053
5	3200	3018	3170	6054
5	3350	3347	3231	6055
5	3265	3197	3017	6056
5	3266	3078	3182	6057
5	3094	2904	2825	6058
5	3089	2829	2959	6059
5	3034	2931	3011	6060
5	3134	3010	3009	6061
5	3074	2945	3061	6062
5	3074	2933	2945	6063
5	3271	3060	3156	6064
5	3031	2897	2785	6065
5	3376	3309	3162	6066
5	3072	2772	2929	6067
5	3033	3025	2900	6068
5	3033	2900	2976	6069
5	3054	3029	3013	6070
5	3436	3312	3435	6071
5	3186	3065	2940	6072
5	3060	2816	2953	6073
5	3220	3098	3219	6074
5	3040	2969	3023	6075
5	3142	3037	2803	6076
5	3046	2716	2947	6077
5	3051	2973	2972	6078
5	3194	3055	3085	6079
5	3188	2962	3087	6080
5	3045	2924	2850	6081
5	3040	3036	2917	6082
5	3040	2917	2969	6083
5	3092	2973	3051	6084
5	3104	2979	3038	6085
5	3095	2965	3042	6086
5	3042	2965	2977	6087
5	3103	2976	2975	6088
5	3202	3157	3068	6089
5	3084	2955	3049	6090
5	3084	2948	2955	6091
5	3319	3192	3268	6092
5	3482	3372	3417	6093
5	3035	2791	2909	6094
5	3035	2808	2791	6095
5	3130	2882	3007	6096
5	3116	2991	3115	6097
5	3048	3020	2898	6098
5	3048	2898	3004	6099
5	3084	3044	2948	6100
5	3049	2955	2943	6101
5	3133	3009	2952	6102
5	3134	3009	3133	6103
5	3148	3049	3080	6104
5	3124	2970	3000	6105
5	3085	2951	2926	6106
5	3055	3050	2891	6107
5	3075	2934	2912	6108
5	3205	3056	3152	6109
5	3270	3205	3152	6110
5	3255	3176	3135	6111
5	3071	2902	3057	6112
5	3071	2926	2902	6113
5	3395	3316	3289	6114
5	3075	2901	3056	6115
5	3253	3050	3140	6116
5	3085	2926	3071	6117
5	3060	3028	2816	6118
5	3035	2953	2808	6119
5	3219	3097	3218	6120
5	3094	2825	2964	6121
5	3066	2909	2910	6122
5	3376	3162	3183	6123
5	3079	2942	2933	6124
5	3079	3030	2942	6125
5	3101	2972	2970	6126
5	3203	3057	3177	6127
5	3220	3059	2938	6128
5	3218	3097	3022	6129
5	3069	2916	3064	6130
5	3104	2980	2979	6131
5	3159	3027	2935	6132
5	3160	2803	2637	6133
5	3303	3065	3186	6134
5	3199	2909	3066	6135
5	3170	3018	3081	6136
5	3207	3079	3074	6137
5	3214	3051	3172	6138
5	3444	3322	3396	6139
5	3069	3068	2921	6140
5	3069	2921	2916	6141
5	3087	2848	2974	6142
5	3102	2974	2958	6143
5	3410	3268	3273	6144
5	3085	3055	2951	6145
5	3196	2946	3096	6146
5	3275	3028	3060	6147
5	3073	3056	2932	6148
5	3073	2932	3012	6149
5	3316	3144	3289	6150
5	3501	3379	3498	6151
5	3180	3026	3021	6152
5	3556	3446	3436	6153
5	3275	3139	3028	6154
5	3165	3058	2904	6155
5	3206	3047	2928	6156
5	3077	2928	2797	6157
5	3088	2959	2941	6158
5	3195	2941	3059	6159
5	3345	3228	3288	6160
5	3180	3021	3158	6161
5	3080	3049	2943	6162
5	3080	2943	2950	6163
5	3081	3018	2899	6164
5	3081	2899	2944	6165
5	3082	3081	2944	6166
5	3082	2944	2905	6167
5	3083	3066	2910	6168
5	3083	2910	2923	6169
5	3580	3374	3471	6170
5	3364	3246	3363	6171
5	3045	3042	2977	6172
5	3045	2977	2924	6173
5	3091	2920	2960	6174
5	3213	3090	3016	6175
5	3209	3038	3100	6176
5	3093	2954	2813	6177
5	3182	3078	2906	6178
5	3210	3089	2959	6179
5	3210	2959	3088	6180
5	3382	3088	3195	6181
5	3320	3215	3147	6182
5	3344	3224	3213	6183
5	3279	3086	3166	6184
5	3212	3091	3086	6185
5	3311	3167	3161	6186
5	3099	2922	2920	6187
5	3095	2966	2965	6188
5	3211	3087	2974	6189
5	3155	2964	3089	6190
5	3299	3037	3281	6191
5	3282	3221	3212	6192
5	3209	3164	3038	6193
5	3264	3031	3136	6194
5	3151	3077	2937	6195
5	3198	3138	3023	6196
5	3187	3022	3036	6197
5	3198	3023	3063	6198
5	3219	3098	3097	6199
5	3322	3203	3261	6200
5	3100	3038	2914	6201
5	3221	3099	3091	6202
5	3261	3203	3177	6203
5	3123	2999	3122	6204
5	3123	3000	2999	6205
5	3448	3334	3332	6206
5	3146	2903	3039	6207
5	3189	3033	3103	6208
5	3276	3225	3150	6209
5	3202	3068	3069	6210
5	3324	3194	3190	6211
5	3107	2985	2983	6212
5	3114	2989	3113	6213
5	3129	2982	3106	6214
5	3131	3005	3129	6215
5	3111	2987	3109	6216
5	3113	2988	3111	6217
5	3227	3106	3108	6218
5	3108	3106	2984	6219
5	3201	3019	3200	6220
5	3125	2997	3121	6221
5	3238	3117	3237	6222
5	3110	3108	2986	6223
5	3368	3249	3366	6224
5	3317	3180	3158	6225
5	3231	3110	3112	6226
5	3112	3110	2927	6227
5	3201	3067	3019	6228
5	3200	3019	3018	6229
5	3169	3081	3082	6230
5	3406	3346	3347	6231
5	3230	3109	3228	6232
5	3232	3113	3111	6233
5	3237	3116	3236	6234
5	3126	3001	3125	6235
5	3234	3114	3113	6236
5	3239	3118	3238	6237
5	3235	3115	3114	6238
5	3241	3120	3240	6239
5	3236	3116	3115	6240
5	3237	3117	3116	6241
5	3248	3127	3247	6242
5	3238	3118	3117	6243
5	3545	3521	3428	6244
5	3239	3119	3118	6245
5	3244	3123	3243	6246
5	3124	3000	3123	6247
5	3396	3261	3374	6248
5	3124	3101	2970	6249
5	3208	3049	3148	6250
5	3167	3044	3161	6251
5	3246	3126	3125	6252
5	3240	3120	3119	6253
5	3245	3125	3121	6254
5	3399	3311	3262	6255
5	3248	3128	3127	6256
5	3428	3321	3387	6257
5	3150	3043	3020	6258
5	3443	3311	3399	6259
5	3249	3129	3106	6260
5	3283	3151	3014	6261
5	3132	2981	3008	6262
5	3264	2897	3031	6263
5	3661	3548	3506	6264
5	3131	3007	3005	6265
5	3252	3171	3105	6266
5	3295	3130	3250	6267
5	3535	3413	3494	6268
5	3255	3135	3134	6269
5	3416	3293	3378	6270
5	3324	3190	3322	6271
5	3177	3057	3052	6272
5	3194	3085	3190	6273
5	3509	3309	3376	6274
5	3206	2928	3077	6275
5	3137	3061	3026	6276
5	3289	3144	3207	6277
5	3187	3036	3040	6278
5	3187	3040	3138	6279
5	3139	3076	2936	6280
5	3139	2936	3028	6281
5	3194	3140	3055	6282
5	3190	3085	3071	6283
5	3141	3080	3025	6284
5	3262	3161	3208	6285
5	3303	3281	3142	6286
5	3155	3094	2964	6287
5	3143	3082	3015	6288
5	3440	3317	3307	6289
5	3178	3015	3030	6290
5	3144	3030	3079	6291
5	3217	3046	3162	6292
5	3398	3159	3277	6293
5	3226	3104	3164	6294
5	3146	3070	2903	6295
5	3146	3039	3095	6296
5	3147	3045	2954	6297
5	3323	3167	3311	6298
5	3392	3300	3381	6299
5	3149	3141	3025	6300
5	3149	3025	3033	6301
5	3189	3149	3033	6302
5	3225	3043	3150	6303
5	3301	3206	3077	6304
5	3250	3130	3007	6305
5	3556	3436	3551	6306
5	3176	3034	3135	6307
5	3153	3152	3073	6308
5	3153	3073	3029	6309
5	3226	3062	3104	6310
5	3164	3104	3038	6311
5	3302	3094	3155	6312
5	3303	3142	3065	6313
5	3304	3199	3066	6314
5	3305	3156	3199	6315
5	3157	3122	3068	6316
5	3381	3300	3260	6317
5	3874	3769	3765	6318
5	3352	3233	3201	6319
5	3165	2904	3094	6320
5	3393	3266	3182	6321
5	3160	3065	3142	6322
5	3160	3142	2803	6323
5	3167	3064	3044	6324
5	3191	3069	3064	6325
5	3764	3430	3536	6326
5	3217	3083	3046	6327
5	3310	3163	3154	6328
5	3285	3214	3172	6329
5	3215	3042	3147	6330
5	3147	3042	3045	6331
5	3274	3058	3165	6332
5	3333	3155	3089	6333
5	3278	3087	3211	6334
5	3211	2974	3102	6335
5	3362	3245	3241	6336
5	3300	3141	3260	6337
5	3171	3107	3105	6338
5	3168	3132	3008	6339
5	3312	3143	3298	6340
5	3233	3112	3067	6341
5	3397	3259	3296	6342
5	3328	3200	3170	6343
5	3232	3111	3230	6344
5	3230	3111	3109	6345
5	3223	3213	3016	6346
5	3222	3100	3099	6347
5	3173	3150	3020	6348
5	3173	3020	3048	6349
5	3326	3136	3196	6350
5	3183	2947	2894	6351
5	3314	3174	3032	6352
5	3175	3032	3006	6353
5	3185	3153	3029	6354
5	3192	3034	3176	6355
5	3291	3226	3164	6356
5	3520	3396	3484	6357
5	3446	3313	3436	6358
5	3485	3380	3440	6359
5	3179	3173	3048	6360
5	3179	3048	3128	6361
5	3270	3258	3205	6362
5	3370	3253	3294	6363
5	3195	3088	2941	6364
5	3197	2915	3017	6365
5	3418	3275	3060	6366
5	3308	3027	3159	6367
5	3301	3077	3151	6368
5	3283	3014	3264	6369
5	3184	3183	2894	6370
5	3184	2894	3072	6371
5	3440	3307	3390	6372
5	3269	3152	3153	6373
5	3418	3060	3271	6374
5	3337	3145	3217	6375
5	3218	3022	3187	6376
5	3220	2938	3098	6377
5	3320	3093	3188	6378
5	3188	3093	2962	6379
5	3381	3260	3373	6380
5	3311	3161	3262	6381
5	3310	3154	3256	6382
5	3294	3140	3287	6383
5	3474	3364	3363	6384
5	3202	3069	3191	6385
5	3192	3185	3054	6386
5	3192	3054	3034	6387
5	3193	3158	3053	6388
5	3193	3053	3075	6389
5	3315	3177	3163	6390
5	3287	3140	3194	6391
5	3651	3393	3534	6392
5	3400	3078	3266	6393
5	3337	3217	3309	6394
5	3309	3217	3162	6395
5	3198	3063	3197	6396
5	3197	3063	2915	6397
5	3318	3210	3088	6398
5	3265	3017	3181	6399
5	3199	3156	3035	6400
5	3199	3035	2909	6401
5	3313	3170	3169	6402
5	3240	3119	3239	6403
5	3234	3113	3232	6404
5	3228	3109	3107	6405
5	3401	3257	3360	6406
5	3360	3242	3244	6407
5	3203	3190	3071	6408
5	3203	3071	3057	6409
5	3207	3144	3079	6410
5	3204	3074	3061	6411
5	3205	3193	3075	6412
5	3205	3075	3056	6413
5	3250	3007	3131	6414
5	3402	3330	3206	6415
5	3298	3143	3178	6416
5	3317	3158	3307	6417
5	3208	3161	3084	6418
5	3208	3084	3049	6419
5	3486	3411	3447	6420
5	3278	3188	3087	6421
5	3302	3165	3094	6422
5	3487	3266	3393	6423
5	3224	3102	3090	6424
5	3331	3289	3207	6425
5	3221	3091	3212	6426
5	3223	3092	3214	6427
5	3224	3090	3213	6428
5	3335	3102	3224	6429
5	3371	3254	3370	6430
5	3214	3092	3051	6431
5	3215	3146	3095	6432
5	3215	3095	3042	6433
5	3216	3196	3096	6434
5	3216	3096	3024	6435
5	3299	3024	3037	6436
5	3217	3145	3083	6437
5	3340	3059	3220	6438
5	3338	3198	3327	6439
5	3327	3198	3197	6440
5	3338	3138	3198	6441
5	3218	3187	3138	6442
5	3339	3220	3219	6443
5	3222	3099	3221	6444
5	3222	3209	3100	6445
5	3223	3016	3092	6446
5	3280	3243	3157	6447
5	3291	3256	3226	6448
5	3405	3282	3212	6449
5	3342	3221	3282	6450
5	3361	3243	3280	6451
5	3225	3189	3103	6452
5	3225	3103	3043	6453
5	3284	3164	3209	6454
5	3226	3154	3062	6455
5	3228	3107	3171	6456
5	3249	3106	3227	6457
5	3247	3126	3246	6458
5	3351	3232	3348	6459
5	3488	3389	3367	6460
5	3229	3227	3108	6461
5	3236	3115	3235	6462
5	3235	3114	3234	6463
5	3313	3169	3312	6464
5	3231	3229	3110	6465
5	3349	3200	3328	6466
5	3349	3201	3200	6467
5	3353	3234	3351	6468
5	3233	3231	3112	6469
5	3346	3227	3229	6470
5	3478	3366	3476	6471
5	3328	3170	3313	6472
5	3312	3169	3143	6473
5	3348	3232	3230	6474
5	3359	3241	3240	6475
5	3351	3234	3232	6476
5	3357	3238	3356	6477
5	3353	3235	3234	6478
5	3362	3241	3359	6479
5	3354	3236	3235	6480
5	3355	3237	3236	6481
5	3365	3247	3364	6482
5	3356	3238	3237	6483
5	3363	3245	3362	6484
5	3357	3239	3238	6485
5	3242	3172	3101	6486
5	3242	3101	3124	6487
5	3336	3223	3214	6488
5	3243	3123	3122	6489
5	3343	3223	3336	6490
5	3428	3297	3321	6491
5	3358	3240	3239	6492
5	3359	3240	3358	6493
5	3365	3290	3248	6494
5	3363	3246	3245	6495
5	3762	3632	3716	6496
5	3529	3420	3489	6497
5	3491	3385	3407	6498
5	3530	3381	3526	6499
5	3492	3479	3369	6500
5	3292	3252	3132	6501
5	3252	3105	3132	6502
5	3295	3175	3130	6503
5	3593	3388	3496	6504
5	3251	3131	3129	6505
5	3288	3228	3171	6506
5	3369	3288	3171	6507
5	3254	3134	3133	6508
5	3255	3134	3254	6509
5	3371	3255	3254	6510
5	3378	3319	3377	6511
5	3322	3190	3203	6512
5	3416	3269	3293	6513
5	3526	3373	3521	6514
5	3447	3323	3443	6515
5	3403	3279	3166	6516
5	3335	3211	3102	6517
5	3417	3270	3269	6518
5	3270	3152	3269	6519
5	3259	3204	3137	6520
5	3551	3436	3435	6521
5	3297	3260	3149	6522
5	3297	3149	3189	6523
5	3360	3257	3242	6524
5	3495	3386	3481	6525
5	3420	3286	3385	6526
5	3584	3474	3583	6527
5	3364	3247	3246	6528
5	3365	3248	3247	6529
5	3314	3032	3175	6530
5	3511	3409	3330	6531
5	3327	3197	3265	6532
5	3338	3219	3218	6533
5	3419	3139	3275	6534
5	3415	3318	3382	6535
5	3267	3184	3072	6536
5	3267	3072	3174	6537
5	3268	3192	3176	6538
5	3371	3273	3255	6539
5	3800	3705	3768	6540
5	3417	3269	3416	6541
5	3650	3501	3629	6542
5	3553	3440	3390	6543
5	3499	3391	3303	6544
5	3277	3076	3139	6545
5	3272	3262	3208	6546
5	3272	3208	3148	6547
5	3273	3268	3176	6548
5	3273	3176	3255	6549
5	3375	3136	3326	6550
5	3274	3186	3058	6551
5	3419	3275	3418	6552
5	3277	3159	3076	6553
5	3521	3373	3428	6554
5	3387	3321	3276	6555
5	3595	3505	3549	6556
5	3308	3182	3027	6557
5	3343	3213	3223	6558
5	3279	3212	3086	6559
5	3332	3146	3215	6560
5	3334	3070	3146	6561
5	3652	3539	3579	6562
5	3413	3272	3392	6563
5	3547	3274	3430	6564
5	3299	3216	3024	6565
5	3558	3448	3383	6566
5	3341	3209	3222	6567
5	3444	3324	3322	6568
5	3367	3250	3131	6569
5	3285	3172	3257	6570
5	3291	3164	3284	6571
5	3336	3214	3285	6572
5	3344	3213	3343	6573
5	3286	3276	3150	6574
5	3286	3150	3173	6575
5	3294	3253	3140	6576
5	3370	3254	3253	6577
5	3345	3230	3228	6578
5	3355	3236	3354	6579
5	3553	3390	3497	6580
5	3446	3328	3313	6581
5	3290	3263	3179	6582
5	3290	3179	3248	6583
5	3425	3257	3401	6584
5	3502	3425	3401	6585
5	3366	3249	3227	6586
5	3503	3292	3409	6587
5	3293	3269	3153	6588
5	3293	3153	3185	6589
5	3456	3344	3343	6590
5	3412	3256	3291	6591
5	3375	3264	3136	6592
5	3519	3437	3314	6593
5	3296	3259	3137	6594
5	3296	3137	3180	6595
5	3438	3256	3412	6596
5	3589	3481	3480	6597
5	3669	3497	3596	6598
5	3397	3296	3380	6599
5	3304	3066	3145	6600
5	3325	3196	3216	6601
5	3300	3272	3148	6602
5	3300	3148	3141	6603
5	3330	3047	3206	6604
5	3330	3168	3047	6605
5	3431	3304	3394	6606
5	3536	3302	3404	6607
5	3735	3656	3542	6608
5	3487	3415	3266	6609
5	3305	3271	3156	6610
5	3305	3199	3304	6611
5	3500	3281	3391	6612
5	3431	3305	3304	6613
5	3306	3280	3157	6614
5	3306	3157	3202	6615
5	3317	3296	3180	6616
5	3307	3158	3193	6617
5	3441	3210	3318	6618
5	3382	3195	3340	6619
5	3483	3325	3433	6620
5	3506	3431	3394	6621
5	3315	3261	3177	6622
5	3315	3163	3310	6623
5	3329	3202	3191	6624
5	3329	3191	3323	6625
5	3628	3533	3594	6626
5	3423	3331	3379	6627
5	3435	3298	3429	6628
5	3429	3316	3395	6629
5	3414	3184	3267	6630
5	3437	3174	3314	6631
5	3481	3370	3480	6632
5	3538	3386	3495	6633
5	3316	3298	3178	6634
5	3316	3178	3144	6635
5	3497	3372	3482	6636
5	3378	3293	3319	6637
5	3441	3333	3210	6638
5	3333	3089	3210	6639
5	3319	3293	3185	6640
5	3319	3185	3192	6641
5	3320	3147	3093	6642
5	3331	3207	3204	6643
5	3321	3297	3189	6644
5	3321	3189	3225	6645
5	3324	3287	3194	6646
5	3447	3411	3329	6647
5	3507	3454	3450	6648
5	3329	3306	3202	6649
5	3396	3322	3261	6650
5	3527	3447	3443	6651
5	3326	3196	3325	6652
5	3388	3301	3151	6653
5	3801	3711	3601	6654
5	3388	3151	3283	6655
5	3340	3195	3059	6656
5	3338	3218	3138	6657
5	3435	3312	3298	6658
5	3358	3239	3357	6659
5	3392	3272	3300	6660
5	3599	3563	3507	6661
5	3737	3633	3493	6662
5	3367	3131	3251	6663
5	3515	3279	3403	6664
5	3332	3215	3320	6665
5	3334	3146	3332	6666
5	3334	3166	3070	6667
5	3404	3155	3333	6668
5	3393	3182	3308	6669
5	3403	3166	3334	6670
5	3448	3403	3334	6671
5	3448	3332	3383	6672
5	3449	3211	3335	6673
5	3471	3315	3310	6674
5	3616	3405	3515	6675
5	3524	3506	3394	6676
5	3391	3281	3303	6677
5	3340	3220	3339	6678
5	3339	3219	3338	6679
5	3452	3327	3265	6680
5	3400	3265	3181	6681
5	3400	3181	3078	6682
5	3382	3318	3088	6683
5	3453	3424	3284	6684
5	3341	3284	3209	6685
5	3342	3341	3222	6686
5	3342	3222	3221	6687
5	3450	3336	3285	6688
5	3425	3285	3257	6689
5	3454	3343	3336	6690
5	3597	3513	3560	6691
5	3348	3230	3345	6692
5	3356	3237	3355	6693
5	3476	3366	3346	6694
5	3366	3227	3346	6695
5	3347	3346	3229	6696
5	3347	3229	3231	6697
5	3736	3592	3626	6698
5	3354	3235	3353	6699
5	3352	3201	3349	6700
5	3350	3231	3233	6701
5	3474	3363	3473	6702
5	3461	3458	3350	6703
5	3458	3347	3350	6704
5	3459	3351	3348	6705
5	3458	3406	3347	6706
5	3352	3350	3233	6707
5	3565	3384	3457	6708
5	3460	3352	3349	6709
5	3463	3328	3446	6710
5	3429	3298	3316	6711
5	3436	3313	3312	6712
5	3462	3351	3459	6713
5	3462	3353	3351	6714
5	3464	3354	3353	6715
5	3582	3473	3472	6716
5	3465	3355	3354	6717
5	3473	3362	3472	6718
5	3466	3356	3355	6719
5	3475	3364	3474	6720
5	3467	3357	3356	6721
5	3411	3306	3329	6722
5	3510	3401	3470	6723
5	3361	3360	3244	6724
5	3361	3244	3243	6725
5	3472	3359	3469	6726
5	3468	3358	3357	6727
5	3469	3359	3358	6728
5	3475	3408	3365	6729
5	3473	3363	3362	6730
5	3983	3911	3982	6731
5	3699	3606	3641	6732
5	3472	3362	3359	6733
5	3479	3457	3288	6734
5	3426	3252	3292	6735
5	3369	3171	3252	6736
5	3711	3492	3601	6737
5	3704	3488	3608	6738
5	3368	3251	3249	6739
5	3476	3346	3406	6740
5	3384	3348	3345	6741
5	3481	3386	3371	6742
5	3480	3370	3294	6743
5	3696	3544	3657	6744
5	3410	3273	3386	6745
5	3417	3372	3270	6746
5	3481	3371	3370	6747
5	3491	3407	3490	6748
5	3602	3490	3517	6749
5	3438	3310	3256	6750
5	3741	3522	3616	6751
5	3552	3414	3267	6752
5	3434	3337	3309	6753
5	3524	3394	3337	6754
5	3493	3376	3414	6755
5	3377	3319	3268	6756
5	3386	3273	3371	6757
5	3518	3442	3444	6758
5	3544	3442	3518	6759
5	3379	3331	3259	6760
5	3629	3498	3628	6761
5	3397	3379	3259	6762
5	3380	3296	3317	6763
5	3951	3855	3927	6764
5	3603	3521	3545	6765
5	3452	3339	3338	6766
5	3452	3265	3400	6767
5	3902	3706	3813	6768
5	3383	3188	3278	6769
5	3466	3355	3465	6770
5	3468	3357	3467	6771
5	3385	3286	3263	6772
5	3475	3365	3364	6773
5	3410	3377	3268	6774
5	3703	3594	3610	6775
5	3494	3413	3392	6776
5	3742	3659	3707	6777
5	3402	3301	3388	6778
5	3402	3206	3301	6779
5	3389	3295	3250	6780
5	3389	3250	3367	6781
5	3440	3380	3317	6782
5	3390	3307	3258	6783
5	3433	3216	3299	6784
5	3433	3325	3216	6785
5	3648	3530	3526	6786
5	3526	3381	3373	6787
5	3404	3302	3155	6788
5	3531	3404	3333	6789
5	3394	3304	3145	6790
5	3394	3145	3337	6791
5	3550	3429	3546	6792
5	3533	3380	3485	6793
5	3427	3294	3287	6794
5	3480	3294	3427	6795
5	3498	3379	3397	6796
5	3546	3395	3532	6797
5	3534	3393	3308	6798
5	3398	3308	3159	6799
5	3743	3728	3604	6800
5	3627	3490	3602	6801
5	3452	3340	3339	6802
5	3452	3338	3327	6803
5	3421	3306	3411	6804
5	3607	3518	3520	6805
5	3409	3292	3168	6806
5	3409	3168	3330	6807
5	3451	3342	3282	6808
5	3405	3212	3279	6809
5	3432	3305	3431	6810
5	3764	3547	3430	6811
5	3422	3335	3224	6812
5	3422	3224	3344	6813
5	3569	3459	3516	6814
5	3457	3345	3288	6815
5	3407	3385	3263	6816
5	3407	3263	3290	6817
5	3408	3407	3290	6818
5	3408	3290	3365	6819
5	3704	3600	3488	6820
5	3426	3369	3252	6821
5	4003	3938	3984	6822
5	3609	3528	3538	6823
5	3439	3361	3280	6824
5	3504	3439	3421	6825
5	3421	3280	3306	6826
5	3470	3360	3361	6827
5	3413	3399	3262	6828
5	3413	3262	3272	6829
5	3414	3376	3183	6830
5	3414	3183	3184	6831
5	3415	3382	3400	6832
5	3415	3400	3266	6833
5	3540	3416	3378	6834
5	3610	3594	3485	6835
5	3667	3551	3550	6836
5	3692	3623	3584	6837
5	3542	3277	3419	6838
5	3419	3277	3139	6839
5	3430	3165	3302	6840
5	3505	3419	3418	6841
5	3420	3387	3276	6842
5	3420	3276	3286	6843
5	3705	3605	3655	6844
5	3688	3543	3604	6845
5	3455	3341	3342	6846
5	3512	3403	3448	6847
5	3423	3395	3289	6848
5	3423	3289	3331	6849
5	3424	3412	3291	6850
5	3424	3291	3284	6851
5	3450	3285	3425	6852
5	3522	3451	3282	6853
5	3477	3367	3251	6854
5	3477	3251	3368	6855
5	3543	3411	3486	6856
5	3804	3721	3790	6857
5	3936	3817	3812	6858
5	3794	3692	3691	6859
5	3532	3423	3501	6860
5	3463	3349	3328	6861
5	3499	3303	3186	6862
5	3430	3274	3165	6863
5	3432	3271	3305	6864
5	3432	3418	3271	6865
5	3500	3299	3281	6866
5	3547	3499	3186	6867
5	3524	3337	3434	6868
5	3555	3375	3326	6869
5	3600	3523	3389	6870
5	3375	3283	3264	6871
5	3754	3628	3753	6872
5	3501	3423	3379	6873
5	3551	3435	3550	6874
5	3532	3395	3423	6875
5	3631	3402	3593	6876
5	3437	3267	3174	6877
5	3439	3280	3421	6878
5	3471	3310	3438	6879
5	3470	3361	3439	6880
5	3470	3401	3360	6881
5	3541	3417	3416	6882
5	3645	3528	3609	6883
5	3554	3318	3415	6884
5	3591	3531	3441	6885
5	3442	3427	3287	6886
5	3442	3287	3324	6887
5	3447	3329	3323	6888
5	3443	3323	3311	6889
5	3519	3314	3175	6890
5	3511	3330	3402	6891
5	3708	3615	3555	6892
5	3445	3326	3325	6893
5	3572	3446	3556	6894
5	3469	3358	3468	6895
5	3383	3332	3320	6896
5	3383	3320	3188	6897
5	3449	3278	3211	6898
5	3598	3561	3456	6899
5	3558	3278	3449	6900
5	3558	3383	3278	6901
5	3559	3450	3425	6902
5	3515	3403	3512	6903
5	3455	3342	3451	6904
5	3453	3284	3341	6905
5	3452	3400	3382	6906
5	3452	3382	3340	6907
5	3454	3336	3450	6908
5	3559	3425	3502	6909
5	3456	3343	3454	6910
5	3741	3616	3701	6911
5	3709	3561	3598	6912
5	3455	3453	3341	6913
5	3736	3707	3592	6914
5	3580	3471	3539	6915
5	3573	3464	3571	6916
5	3457	3384	3345	6917
5	3459	3348	3384	6918
5	3516	3459	3384	6919
5	3464	3353	3462	6920
5	3465	3354	3464	6921
5	3461	3352	3460	6922
5	3461	3350	3352	6923
5	3805	3755	3635	6924
5	3537	3476	3406	6925
5	3618	3537	3566	6926
5	3583	3473	3582	6927
5	3666	3516	3619	6928
5	3463	3460	3349	6929
5	3569	3462	3459	6930
5	3567	3461	3460	6931
5	3806	3608	3745	6932
5	3546	3429	3395	6933
5	3550	3435	3429	6934
5	3904	3711	3801	6935
5	3571	3464	3462	6936
5	3573	3465	3464	6937
5	3584	3517	3475	6938
5	3574	3466	3465	6939
5	3692	3583	3691	6940
5	3575	3467	3466	6941
5	3604	3543	3486	6942
5	3530	3392	3381	6943
5	3589	3480	3588	6944
5	3471	3374	3315	6945
5	3690	3582	3581	6946
5	3576	3468	3467	6947
5	3582	3472	3581	6948
5	3577	3469	3468	6949
5	3583	3474	3473	6950
5	3626	3489	3491	6951
5	3581	3472	3469	6952
5	3584	3475	3474	6953
5	3585	3368	3478	6954
5	3488	3367	3477	6955
5	3479	3288	3369	6956
5	3503	3426	3292	6957
5	3600	3389	3488	6958
5	3478	3368	3366	6959
5	3492	3369	3426	6960
5	3570	3460	3463	6961
5	3513	3412	3424	6962
5	3541	3416	3540	6963
5	3525	3378	3377	6964
5	3654	3540	3525	6965
5	3541	3482	3417	6966
5	3540	3378	3525	6967
5	3624	3445	3483	6968
5	3483	3445	3325	6969
5	3484	3396	3374	6970
5	3580	3484	3374	6971
5	3753	3594	3703	6972
5	3768	3655	3654	6973
5	3766	3687	3652	6974
5	3527	3486	3447	6975
5	3542	3398	3277	6976
5	3554	3441	3318	6977
5	3519	3175	3295	6978
5	3555	3326	3445	6979
5	3489	3420	3385	6980
5	3788	3686	3653	6981
5	3491	3489	3385	6982
5	3490	3407	3408	6983
5	3626	3592	3489	6984
5	3934	3836	3897	6985
5	3608	3477	3585	6986
5	3586	3476	3537	6987
5	3509	3434	3309	6988
5	3509	3376	3493	6989
5	3508	3443	3399	6990
5	3527	3443	3508	6991
5	3589	3495	3481	6992
5	3588	3427	3544	6993
5	3496	3388	3283	6994
5	3496	3283	3375	6995
5	3553	3485	3440	6996
5	3497	3390	3372	6997
5	3747	3610	3669	6998
5	3660	3532	3650	6999
5	3548	3432	3431	7000
5	3549	3432	3548	7001
5	3514	3299	3500	7002
5	3514	3433	3299	7003
5	3610	3485	3553	7004
5	3747	3703	3610	7005
5	3578	3439	3504	7006
5	3612	3507	3559	7007
5	4010	3835	3944	7008
5	3585	3477	3368	7009
5	3578	3470	3439	7010
5	3510	3502	3401	7011
5	3531	3333	3441	7012
5	3534	3308	3398	7013
5	3549	3505	3418	7014
5	3548	3431	3506	7015
5	3563	3456	3454	7016
5	3579	3412	3513	7017
5	3648	3526	3646	7018
5	3898	3808	3868	7019
5	3633	3509	3493	7020
5	3643	3524	3434	7021
5	3539	3471	3438	7022
5	3564	3455	3451	7023
5	3608	3488	3477	7024
5	3805	3635	3733	7025
5	3616	3522	3405	7026
5	3515	3405	3279	7027
5	3716	3606	3699	7028
5	3653	3578	3504	7029
5	3644	3506	3524	7030
5	3590	3483	3433	7031
5	3563	3454	3507	7032
5	3522	3282	3405	7033
5	3574	3465	3573	7034
5	3572	3463	3446	7035
5	3517	3490	3408	7036
5	3517	3408	3475	7037
5	3544	3427	3442	7038
5	3588	3480	3427	7039
5	3640	3437	3519	7040
5	3552	3267	3437	7041
5	3520	3518	3444	7042
5	3520	3444	3396	7043
5	3530	3494	3392	7044
5	3808	3715	3762	7045
5	3557	3335	3422	7046
5	3642	3422	3561	7047
5	3523	3519	3295	7048
5	3523	3295	3389	7049
5	3644	3524	3643	7050
5	3590	3433	3514	7051
5	3799	3696	3717	7052
5	3654	3525	3645	7053
5	4029	3898	4020	7054
5	3817	3752	3718	7055
5	3657	3518	3607	7056
5	3767	3645	3761	7057
5	3528	3525	3377	7058
5	3528	3377	3410	7059
5	3545	3428	3387	7060
5	3529	3387	3420	7061
5	3659	3529	3592	7062
5	3606	3535	3494	7063
5	3649	3404	3531	7064
5	3536	3430	3302	7065
5	3655	3541	3540	7066
5	3628	3498	3533	7067
5	3533	3498	3397	7068
5	3533	3397	3380	7069
5	3554	3415	3487	7070
5	3670	3554	3487	7071
5	3535	3508	3399	7072
5	3535	3399	3413	7073
5	3649	3536	3404	7074
5	3547	3186	3274	7075
5	3621	3479	3492	7076
5	3587	3565	3457	7077
5	3538	3528	3410	7078
5	3538	3410	3386	7079
5	3696	3588	3544	7080
5	3638	3513	3597	7081
5	3719	3605	3705	7082
5	3645	3525	3528	7083
5	3869	3754	3864	7084
5	3655	3605	3541	7085
5	3651	3487	3393	7086
5	3656	3398	3542	7087
5	3543	3504	3421	7088
5	3543	3421	3411	7089
5	4118	4026	4045	7090
5	3854	3743	3847	7091
5	3646	3521	3603	7092
5	3715	3625	3647	7093
5	3665	3550	3546	7094
5	3629	3501	3498	7095
5	3723	3651	3656	7096
5	3549	3418	3432	7097
5	3671	3445	3624	7098
5	3724	3639	3662	7099
5	3749	3624	3483	7100
5	3842	3771	3664	7101
5	3667	3550	3665	7102
5	3694	3537	3618	7103
5	3665	3546	3660	7104
5	3650	3532	3501	7105
5	3613	3493	3414	7106
5	3593	3402	3388	7107
5	3655	3540	3654	7108
5	3769	3660	3650	7109
5	3649	3531	3591	7110
5	3591	3441	3554	7111
5	3634	3434	3509	7112
5	3708	3555	3671	7113
5	3780	3727	3622	7114
5	3905	3731	3826	7115
5	3672	3449	3557	7116
5	3557	3449	3335	7117
5	3672	3558	3449	7118
5	3558	3512	3448	7119
5	3673	3597	3560	7120
5	3559	3507	3450	7121
5	3560	3513	3424	7122
5	3560	3424	3453	7123
5	3561	3422	3344	7124
5	3561	3344	3456	7125
5	3562	3560	3453	7126
5	3562	3453	3455	7127
5	3598	3456	3563	7128
5	3675	3562	3564	7129
5	3702	3653	3688	7130
5	3564	3562	3455	7131
5	3568	3461	3567	7132
5	3565	3516	3384	7133
5	3566	3537	3406	7134
5	3566	3406	3458	7135
5	3568	3458	3461	7136
5	3568	3566	3458	7137
5	3581	3469	3577	7138
5	4076	3991	3925	7139
5	3571	3462	3569	7140
5	3577	3468	3576	7141
5	3679	3571	3622	7142
5	3570	3567	3460	7143
5	3576	3467	3575	7144
5	3575	3466	3574	7145
5	3677	3620	3567	7146
5	3572	3570	3463	7147
5	3620	3568	3567	7148
5	3676	3568	3620	7149
5	3826	3731	3692	7150
5	3676	3618	3566	7151
5	3681	3573	3679	7152
5	3689	3577	3685	7153
5	3679	3573	3571	7154
5	3681	3574	3573	7155
5	3691	3582	3690	7156
5	3683	3575	3574	7157
5	3612	3599	3507	7158
5	3578	3510	3470	7159
5	3579	3539	3438	7160
5	3579	3438	3412	7161
5	4110	4019	4075	7162
5	3730	3609	3614	7163
5	3812	3718	3732	7164
5	3684	3576	3575	7165
5	3690	3581	3689	7166
5	3685	3577	3576	7167
5	3846	3732	3731	7168
5	3691	3583	3582	7169
5	4063	3981	3987	7170
5	3732	3623	3731	7171
5	3587	3457	3479	7172
5	3750	3668	3523	7173
5	3711	3621	3492	7174
5	3586	3478	3476	7175
5	3700	3587	3621	7176
5	3695	3619	3565	7177
5	4034	3924	4003	7178
5	3658	3614	3495	7179
5	3625	3604	3486	7180
5	3732	3602	3623	7181
5	3726	3595	3663	7182
5	3671	3555	3445	7183
5	3735	3542	3419	7184
5	3735	3419	3505	7185
5	3592	3529	3489	7186
5	3936	3812	3935	7187
5	3850	3633	3737	7188
5	3901	3805	3733	7189
5	3594	3533	3485	7190
5	3765	3629	3754	7191
5	3663	3548	3661	7192
5	3661	3506	3644	7193
5	3596	3497	3482	7194
5	3820	3719	3705	7195
5	3790	3687	3766	7196
5	3638	3579	3513	7197
5	3740	3675	3564	7198
5	3675	3673	3562	7199
5	4064	3999	4030	7200
5	3740	3564	3674	7201
5	3750	3523	3600	7202
5	3613	3414	3552	7203
5	3601	3492	3426	7204
5	3601	3426	3503	7205
5	3689	3581	3577	7206
5	3692	3584	3583	7207
5	3836	3742	3802	7208
5	3710	3646	3603	7209
5	3763	3646	3710	7210
5	3817	3718	3812	7211
5	3605	3596	3482	7212
5	3605	3482	3541	7213
5	3625	3486	3527	7214
5	3632	3535	3606	7215
5	3687	3539	3652	7216
5	3762	3647	3632	7217
5	3745	3585	3693	7218
5	3621	3587	3479	7219
5	3790	3721	3617	7220
5	3657	3544	3518	7221
5	3875	3769	3874	7222
5	3747	3669	3713	7223
5	3611	3607	3520	7224
5	3611	3520	3484	7225
5	3788	3653	3702	7226
5	3673	3560	3562	7227
5	3615	3375	3555	7228
5	3749	3483	3590	7229
5	3614	3609	3538	7230
5	3614	3538	3495	7231
5	3816	3671	3751	7232
5	3615	3496	3375	7233
5	3672	3512	3558	7234
5	3741	3674	3522	7235
5	3617	3611	3484	7236
5	3617	3484	3580	7237
5	3622	3571	3569	7238
5	3619	3516	3565	7239
5	3660	3546	3532	7240
5	3676	3566	3568	7241
5	3682	3551	3667	7242
5	3680	3572	3556	7243
5	3693	3585	3478	7244
5	3693	3478	3586	7245
5	3683	3574	3681	7246
5	3677	3567	3570	7247
5	3623	3602	3517	7248
5	3623	3517	3584	7249
5	3815	3600	3704	7250
5	3816	3708	3671	7251
5	3647	3508	3632	7252
5	3647	3527	3508	7253
5	3752	3627	3718	7254
5	3931	3802	3834	7255
5	3627	3626	3491	7256
5	3627	3491	3490	7257
5	3785	3682	3667	7258
5	4065	3833	3912	7259
5	3713	3669	3596	7260
5	3753	3628	3594	7261
5	3630	3612	3559	7262
5	3630	3559	3502	7263
5	3904	3837	3711	7264
5	3631	3511	3402	7265
5	3647	3625	3527	7266
5	3632	3508	3535	7267
5	3634	3509	3633	7268
5	3663	3549	3548	7269
5	3848	3822	3774	7270
5	3643	3434	3634	7271
5	3635	3503	3409	7272
5	3635	3409	3511	7273
5	3636	3616	3515	7274
5	3636	3515	3512	7275
5	3637	3630	3502	7276
5	3637	3502	3510	7277
5	3652	3579	3638	7278
5	3687	3580	3539	7279
5	3639	3590	3514	7280
5	3639	3514	3500	7281
5	3757	3640	3668	7282
5	3640	3552	3437	7283
5	3641	3606	3494	7284
5	3641	3494	3530	7285
5	3642	3636	3557	7286
5	3642	3557	3422	7287
5	3758	3643	3634	7288
5	3770	3724	3725	7289
5	3821	3749	3759	7290
5	3835	3593	3814	7291
5	3838	3719	3820	7292
5	3768	3654	3767	7293
5	3648	3641	3530	7294
5	3646	3526	3521	7295
5	3819	3746	3798	7296
5	3734	3720	3607	7297
5	3722	3699	3641	7298
5	3761	3609	3730	7299
5	3841	3664	3499	7300
5	3774	3649	3591	7301
5	3773	3665	3772	7302
5	3772	3660	3769	7303
5	3670	3487	3651	7304
5	3670	3591	3554	7305
5	3686	3510	3578	7306
5	3738	3630	3637	7307
5	3686	3578	3653	7308
5	3686	3637	3510	7309
5	3761	3645	3609	7310
5	4065	3903	3833	7311
5	3829	3730	3746	7312
5	3820	3705	3800	7313
5	3656	3651	3534	7314
5	3656	3534	3398	7315
5	3658	3495	3589	7316
5	3734	3611	3721	7317
5	3697	3588	3696	7318
5	3697	3589	3588	7319
5	3659	3603	3545	7320
5	3659	3545	3529	7321
5	3863	3753	3703	7322
5	3754	3629	3628	7323
5	3759	3639	3724	7324
5	3968	3883	3917	7325
5	3662	3639	3500	7326
5	3662	3500	3391	7327
5	3723	3670	3651	7328
5	3663	3595	3549	7329
5	3664	3662	3391	7330
5	3664	3391	3499	7331
5	4150	4066	4134	7332
5	3682	3556	3551	7333
5	3666	3622	3569	7334
5	3666	3569	3516	7335
5	3765	3650	3629	7336
5	3772	3665	3660	7337
5	3668	3640	3519	7338
5	3668	3519	3523	7339
5	3669	3610	3553	7340
5	3669	3553	3497	7341
5	3906	3841	3764	7342
5	3774	3591	3670	7343
5	3835	3733	3631	7344
5	3737	3493	3613	7345
5	3672	3557	3636	7346
5	3672	3636	3512	7347
5	3776	3597	3673	7348
5	3775	3599	3612	7349
5	3674	3564	3451	7350
5	3674	3451	3522	7351
5	3813	3675	3740	7352
5	3852	3741	3701	7353
5	3729	3618	3676	7354
5	3778	3666	3619	7355
5	3783	3680	3682	7356
5	3779	3712	3677	7357
5	3678	3677	3570	7358
5	3678	3570	3572	7359
5	3685	3576	3684	7360
5	3684	3575	3683	7361
5	3779	3677	3678	7362
5	3680	3678	3572	7363
5	3712	3620	3677	7364
5	3773	3667	3665	7365
5	3785	3667	3773	7366
5	3682	3680	3556	7367
5	3782	3679	3727	7368
5	3794	3691	3793	7369
5	3826	3692	3794	7370
5	3769	3650	3765	7371
5	3926	3831	3907	7372
5	3784	3683	3681	7373
5	3706	3673	3675	7374
5	3714	3637	3686	7375
5	3748	3630	3738	7376
5	3687	3617	3580	7377
5	3688	3653	3504	7378
5	3688	3504	3543	7379
5	3792	3689	3791	7380
5	3786	3684	3683	7381
5	3793	3691	3690	7382
5	3787	3685	3684	7383
5	3846	3812	3732	7384
5	3793	3690	3792	7385
5	3791	3689	3685	7386
5	3792	3690	3689	7387
5	3695	3565	3587	7388
5	3992	3827	3929	7389
5	3827	3693	3795	7390
5	3694	3586	3537	7391
5	3700	3695	3587	7392
5	3777	3620	3712	7393
5	3697	3658	3589	7394
5	3932	3828	3839	7395
5	3873	3800	3768	7396
5	3890	3728	3854	7397
5	3735	3505	3698	7398
5	3698	3505	3595	7399
5	4254	4211	4214	7400
5	3722	3641	3648	7401
5	3825	3782	3727	7402
5	3796	3618	3729	7403
5	3701	3616	3636	7404
5	3701	3636	3642	7405
5	3909	3800	3873	7406
5	3829	3746	3819	7407
5	3833	3703	3747	7408
5	3767	3654	3645	7409
5	3745	3608	3585	7410
5	3994	3801	3933	7411
5	3768	3705	3655	7412
5	3872	3761	3867	7413
5	3748	3612	3630	7414
5	3789	3638	3744	7415
5	3707	3659	3592	7416
5	3840	3763	3807	7417
5	3814	3496	3615	7418
5	4077	3988	3910	7419
5	3709	3701	3642	7420
5	3709	3642	3561	7421
5	3943	3849	3913	7422
5	3807	3763	3710	7423
5	3801	3601	3755	7424
5	3910	3815	3704	7425
5	3797	3619	3695	7426
5	3727	3679	3622	7427
5	3873	3768	3767	7428
5	3912	3833	3857	7429
5	3738	3637	3714	7430
5	3775	3612	3748	7431
5	3743	3625	3715	7432
5	3728	3688	3604	7433
5	3762	3715	3647	7434
5	3716	3632	3606	7435
5	3717	3696	3657	7436
5	3721	3611	3617	7437
5	3718	3627	3602	7438
5	3993	3948	3945	7439
5	3719	3713	3596	7440
5	3719	3596	3605	7441
5	3720	3717	3657	7442
5	3720	3657	3607	7443
5	3734	3607	3611	7444
5	3847	3743	3715	7445
5	3834	3802	3707	7446
5	4162	4138	4087	7447
5	3764	3536	3649	7448
5	3774	3670	3723	7449
5	3771	3662	3664	7450
5	3725	3663	3661	7451
5	3841	3547	3764	7452
5	3726	3663	3725	7453
5	3771	3724	3662	7454
5	3841	3499	3547	7455
5	3786	3683	3784	7456
5	3784	3681	3782	7457
5	3790	3617	3687	7458
5	3728	3702	3688	7459
5	3843	3695	3700	7460
5	3881	3777	3712	7461
5	3854	3728	3743	7462
5	3867	3730	3829	7463
5	3732	3718	3602	7464
5	3731	3623	3692	7465
5	4134	4066	4107	7466
5	3834	3707	3736	7467
5	3733	3635	3511	7468
5	3733	3511	3631	7469
5	3743	3604	3625	7470
5	3923	3871	3890	7471
5	3971	3886	3876	7472
5	3848	3656	3735	7473
5	3849	3752	3817	7474
5	3936	3913	3817	7475
5	3756	3634	3633	7476
5	3850	3756	3633	7477
5	3744	3638	3597	7478
5	3859	3775	3748	7479
5	3739	3598	3563	7480
5	3739	3563	3599	7481
5	3824	3823	3740	7482
5	3852	3740	3674	7483
5	3852	3701	3709	7484
5	3824	3598	3739	7485
5	3742	3710	3603	7486
5	3742	3603	3659	7487
5	3982	3934	3981	7488
5	3889	3766	3870	7489
5	3856	3789	3744	7490
5	3832	3798	3799	7491
5	3827	3745	3693	7492
5	3796	3694	3618	7493
5	3746	3730	3614	7494
5	3746	3614	3658	7495
5	3950	3838	3924	7496
5	3966	3881	3926	7497
5	3945	3847	3808	7498
5	3858	3748	3738	7499
5	3770	3661	3644	7500
5	3760	3643	3758	7501
5	3757	3552	3640	7502
5	3988	3815	3910	7503
5	3751	3671	3624	7504
5	3821	3818	3862	7505
5	3752	3736	3626	7506
5	3752	3626	3627	7507
5	4245	4197	4147	7508
5	3857	3747	3713	7509
5	4073	4038	3954	7510
5	3857	3713	3838	7511
5	3755	3601	3503	7512
5	3755	3503	3635	7513
5	3760	3644	3643	7514
5	3758	3634	3756	7515
5	3865	3613	3757	7516
5	3757	3613	3552	7517
5	3962	3875	3874	7518
5	3818	3760	3758	7519
5	3759	3749	3590	7520
5	3759	3590	3639	7521
5	3770	3644	3760	7522
5	3770	3725	3661	7523
5	3960	3867	3956	7524
5	3945	3808	3898	7525
5	3868	3716	3809	7526
5	3974	3804	3889	7527
5	3763	3722	3648	7528
5	3763	3648	3646	7529
5	4047	3968	4018	7530
5	3810	3595	3726	7531
5	3864	3753	3863	7532
5	3864	3754	3753	7533
5	3922	3775	3859	7534
5	3989	3803	3902	7535
5	3872	3767	3761	7536
5	3938	3800	3909	7537
5	3960	3872	3867	7538
5	3990	3920	3958	7539
5	3883	3782	3825	7540
5	3874	3765	3869	7541
5	3821	3760	3818	7542
5	3770	3759	3724	7543
5	3771	3726	3725	7544
5	3771	3725	3724	7545
5	4016	3962	4001	7546
5	3869	3765	3754	7547
5	3886	3773	3876	7548
5	3782	3681	3679	7549
5	3848	3774	3723	7550
5	3822	3649	3774	7551
5	3776	3673	3706	7552
5	3813	3706	3675	7553
5	3871	3788	3702	7554
5	3776	3744	3597	7555
5	3777	3729	3676	7556
5	3777	3676	3620	7557
5	3925	3896	3797	7558
5	3780	3666	3778	7559
5	3831	3712	3779	7560
5	3780	3622	3666	7561
5	3970	3885	3968	7562
5	3844	3729	3777	7563
5	3781	3779	3678	7564
5	3781	3678	3680	7565
5	3791	3685	3787	7566
5	3787	3684	3786	7567
5	3905	3846	3731	7568
5	3783	3781	3680	7569
5	3879	3779	3781	7570
5	3876	3773	3772	7571
5	3886	3785	3773	7572
5	3785	3783	3682	7573
5	4045	3894	3978	7574
5	3875	3772	3769	7575
5	3879	3831	3779	7576
5	3876	3772	3875	7577
5	3952	3859	3858	7578
5	3788	3714	3686	7579
5	3789	3766	3652	7580
5	3789	3652	3638	7581
5	3828	3717	3720	7582
5	3853	3734	3721	7583
5	3887	3786	3885	7584
5	3885	3786	3784	7585
5	3928	3905	3826	7586
5	3887	3787	3786	7587
5	3891	3791	3787	7588
5	3892	3791	3891	7589
5	3928	3826	3794	7590
5	4189	4079	4135	7591
5	3795	3693	3586	7592
5	3795	3586	3694	7593
5	3797	3778	3619	7594
5	3979	3895	3844	7595
5	4124	4039	4051	7596
5	3895	3729	3844	7597
5	3798	3746	3658	7598
5	3798	3658	3697	7599
5	3799	3798	3697	7600
5	3799	3697	3696	7601
5	3873	3767	3872	7602
5	3867	3761	3730	7603
5	4070	3908	4012	7604
5	3815	3750	3600	7605
5	3802	3742	3707	7606
5	4086	3981	4063	7607
5	3877	3744	3776	7608
5	3803	3776	3706	7609
5	4050	3972	3997	7610
5	3868	3762	3716	7611
5	3806	3704	3608	7612
5	4071	3904	3994	7613
5	3843	3797	3695	7614
5	3910	3704	3806	7615
5	4028	3931	3943	7616
5	3921	3830	3900	7617
5	3847	3715	3808	7618
5	3855	3738	3714	7619
5	3868	3808	3762	7620
5	3809	3716	3699	7621
5	3822	3764	3649	7622
5	3810	3698	3595	7623
5	3811	3795	3694	7624
5	3811	3694	3796	7625
5	4135	4079	4118	7626
5	3935	3812	3846	7627
5	3851	3599	3775	7628
5	3922	3851	3775	7629
5	3814	3615	3708	7630
5	3894	3793	3893	7631
5	3901	3733	3835	7632
5	3835	3631	3593	7633
5	3861	3757	3668	7634
5	3865	3757	3861	7635
5	4000	3913	3999	7636
5	3931	3897	3802	7637
5	4033	4008	3952	7638
5	3866	3862	3818	7639
5	3942	3845	3918	7640
5	3853	3721	3804	7641
5	4072	3984	4005	7642
5	4259	4217	4198	7643
5	3862	3624	3749	7644
5	3821	3862	3749	7645
5	3860	3668	3750	7646
5	3814	3593	3496	7647
5	3823	3813	3740	7648
5	3824	3739	3823	7649
5	3852	3674	3741	7650
5	3824	3740	3852	7651
5	3883	3784	3782	7652
5	3885	3784	3883	7653
5	3893	3792	3892	7654
5	3892	3792	3791	7655
5	3994	3904	3801	7656
5	4077	3995	4067	7657
5	3832	3819	3798	7658
5	3845	3717	3828	7659
5	3956	3829	3940	7660
5	3937	3819	3832	7661
5	3830	3809	3699	7662
5	3830	3699	3722	7663
5	3908	3843	3700	7664
5	3996	3929	3811	7665
5	4052	3997	3923	7666
5	4029	3993	3945	7667
5	3838	3713	3719	7668
5	3950	3857	3838	7669
5	3999	3913	3936	7670
5	4000	3943	3913	7671
5	3944	3814	3899	7672
5	3861	3668	3860	7673
5	3836	3807	3710	7674
5	3836	3710	3742	7675
5	3837	3700	3621	7676
5	3837	3621	3711	7677
5	3857	3833	3747	7678
5	4038	3990	3958	7679
5	3839	3828	3720	7680
5	3839	3720	3734	7681
5	3840	3830	3722	7682
5	3840	3722	3763	7683
5	3842	3726	3771	7684
5	3842	3664	3841	7685
5	4001	3962	3920	7686
5	3842	3810	3726	7687
5	3895	3796	3729	7688
5	3878	3727	3780	7689
5	3878	3825	3727	7690
5	3881	3712	3831	7691
5	3845	3832	3799	7692
5	3845	3799	3717	7693
5	3893	3793	3792	7694
5	3894	3794	3793	7695
5	3918	3845	3828	7696
5	3858	3738	3855	7697
5	3848	3723	3656	7698
5	3848	3735	3698	7699
5	3849	3834	3736	7700
5	3849	3736	3752	7701
5	3953	3866	3946	7702
5	3866	3751	3862	7703
5	3851	3823	3739	7704
5	3851	3739	3599	7705
5	3824	3852	3709	7706
5	3824	3709	3598	7707
5	3932	3918	3828	7708
5	3853	3839	3734	7709
5	3921	3809	3830	7710
5	4139	4088	4110	7711
5	3870	3766	3789	7712
5	3859	3748	3858	7713
5	3870	3789	3856	7714
5	3889	3790	3766	7715
5	4004	3954	3863	7716
5	3958	3920	3869	7717
5	3951	3858	3855	7718
5	3963	3877	3914	7719
5	3877	3776	3803	7720
5	3902	3803	3706	7721
5	3899	3708	3816	7722
5	3865	3737	3613	7723
5	3944	3835	3814	7724
5	3946	3866	3756	7725
5	4035	4033	3951	7726
5	3862	3751	3624	7727
5	4286	4209	4136	7728
5	4100	4006	4034	7729
5	4073	3954	4004	7730
5	4126	4047	4084	7731
5	4002	3850	3955	7732
5	3955	3865	3861	7733
5	3866	3818	3758	7734
5	3866	3758	3756	7735
5	3961	3909	3873	7736
5	4169	4099	4098	7737
5	3923	3890	3916	7738
5	3916	3890	3854	7739
5	4001	3920	3990	7740
5	4023	3966	3926	7741
5	3888	3714	3788	7742
5	3927	3855	3888	7743
5	3888	3788	3871	7744
5	3888	3855	3714	7745
5	3940	3829	3819	7746
5	3961	3873	3872	7747
5	4190	4142	4161	7748
5	4006	3912	3950	7749
5	3821	3759	3770	7750
5	3821	3770	3760	7751
5	4007	3964	3967	7752
5	3971	3876	3915	7753
5	3906	3848	3698	7754
5	3906	3698	3810	7755
5	4241	4189	4135	7756
5	3877	3856	3744	7757
5	3896	3778	3797	7758
5	3884	3783	3785	7759
5	3964	3879	3882	7760
5	3907	3831	3879	7761
5	3880	3878	3780	7762
5	3880	3780	3778	7763
5	3926	3881	3831	7764
5	3881	3844	3777	7765
5	3882	3879	3781	7766
5	3882	3781	3783	7767
5	3928	3794	3894	7768
5	3891	3787	3887	7769
5	3965	3917	3825	7770
5	3884	3882	3783	7771
5	3917	3883	3825	7772
5	3966	3844	3881	7773
5	3962	3874	3920	7774
5	3886	3884	3785	7775
5	3958	3864	3954	7776
5	3978	3893	3977	7777
5	4008	3963	3914	7778
5	3914	3877	3803	7779
5	3948	3854	3847	7780
5	3889	3804	3790	7781
5	3890	3871	3702	7782
5	3890	3702	3728	7783
5	4057	3978	3977	7784
5	4432	4401	4332	7785
5	3970	3887	3885	7786
5	3975	3887	3970	7787
5	3975	3891	3887	7788
5	3976	3891	3975	7789
5	3976	3892	3891	7790
5	3977	3893	3892	7791
5	3896	3880	3778	7792
5	3996	3811	3941	7793
5	3925	3797	3843	7794
5	4044	3907	4009	7795
5	3897	3836	3802	7796
5	4141	4062	4094	7797
5	3983	3900	3911	7798
5	3900	3830	3840	7799
5	4011	3861	3860	7800
5	3899	3814	3708	7801
5	3957	3898	3868	7802
5	3957	3809	3921	7803
5	4102	4011	4010	7804
5	3988	3919	3815	7805
5	4099	4003	4098	7806
5	4400	4393	4341	7807
5	3903	3863	3703	7808
5	3903	3703	3833	7809
5	3908	3700	3837	7810
5	4139	4110	4137	7811
5	4060	4030	3935	7812
5	3978	3894	3893	7813
5	4013	3816	3953	7814
5	3946	3756	3850	7815
5	3969	3884	3886	7816
5	4004	3863	3903	7817
5	4092	3939	3992	7818
5	4070	4069	4014	7819
5	3961	3872	3960	7820
5	3956	3867	3829	7821
5	4077	3910	3995	7822
5	3919	3750	3815	7823
5	3911	3900	3840	7824
5	3911	3840	3807	7825
5	3924	3838	3820	7826
5	4040	3956	4036	7827
5	3913	3849	3817	7828
5	4028	3987	3931	7829
5	3972	3888	3871	7830
5	3972	3871	3923	7831
5	3915	3876	3875	7832
5	4170	4096	4167	7833
5	3940	3819	3937	7834
5	4296	4245	4147	7835
5	4104	4045	3978	7836
5	3968	3885	3883	7837
5	3957	3868	3809	7838
5	4029	3945	3898	7839
5	4010	3901	3835	7840
5	3919	3860	3750	7841
5	3962	3915	3875	7842
5	3920	3874	3869	7843
5	3982	3911	3934	7844
5	4019	3900	3983	7845
5	3989	3914	3803	7846
5	3922	3823	3851	7847
5	3973	3856	3963	7848
5	4025	3948	3993	7849
5	3950	3912	3857	7850
5	4240	4159	4201	7851
5	3979	3844	3966	7852
5	4094	4017	3998	7853
5	3930	3878	3880	7854
5	4044	3926	3907	7855
5	4051	3959	4042	7856
5	4049	3963	4008	7857
5	4289	4144	4242	7858
5	4045	4026	3928	7859
5	3929	3827	3795	7860
5	3929	3795	3811	7861
5	4009	3964	4007	7862
5	3965	3878	3930	7863
5	4095	3999	4064	7864
5	4150	4063	4066	7865
5	3974	3889	3959	7866
5	4025	3916	3948	7867
5	3933	3801	3755	7868
5	3933	3755	3805	7869
5	3934	3911	3807	7870
5	3934	3807	3836	7871
5	3902	3813	3823	7872
5	3902	3823	3922	7873
5	4258	4173	4192	7874
5	4028	3943	4000	7875
5	3998	3918	3932	7876
5	4031	3937	3942	7877
5	3938	3924	3820	7878
5	3938	3820	3800	7879
5	3939	3806	3745	7880
5	3939	3745	3827	7881
5	4017	3918	3998	7882
5	4017	3942	3918	7883
5	3941	3811	3796	7884
5	3941	3796	3895	7885
5	3942	3937	3832	7886
5	3942	3832	3845	7887
5	3943	3931	3834	7888
5	3943	3834	3849	7889
5	3906	3810	3842	7890
5	3906	3842	3841	7891
5	4122	4035	4050	7892
5	3948	3847	3945	7893
5	3955	3737	3865	7894
5	4097	4013	4002	7895
5	3947	3932	3839	7896
5	3947	3839	3853	7897
5	3959	3889	3870	7898
5	3948	3916	3854	7899
5	3949	3947	3853	7900
5	3949	3853	3804	7901
5	4003	3924	3938	7902
5	4333	4291	4251	7903
5	3963	3856	3877	7904
5	3952	3858	3951	7905
5	4039	3949	3974	7906
5	3989	3952	3914	7907
5	3953	3816	3751	7908
5	3953	3751	3866	7909
5	3958	3869	3864	7910
5	3954	3864	3863	7911
5	4033	3952	3951	7912
5	3955	3850	3737	7913
5	4036	3940	4032	7914
5	4032	3940	3937	7915
5	4037	3921	4019	7916
5	3997	3972	3923	7917
5	4056	3976	4055	7918
5	4054	3971	3915	7919
5	3974	3949	3804	7920
5	4153	4073	4004	7921
5	4098	3984	4072	7922
5	4040	3960	3956	7923
5	4041	3961	3960	7924
5	4041	3960	4040	7925
5	3906	3764	3822	7926
5	3906	3822	3848	7927
5	3973	3959	3870	7928
5	4050	4035	3927	7929
5	3965	3825	3878	7930
5	3964	3907	3879	7931
5	4082	3979	4058	7932
5	4009	3907	3964	7933
5	3980	3880	3896	7934
5	4092	3994	3995	7935
5	3967	3964	3882	7936
5	3967	3882	3884	7937
5	4045	3928	3894	7938
5	3977	3892	3976	7939
5	4046	3967	3969	7940
5	3969	3967	3884	7941
5	4172	4105	4155	7942
5	4016	3915	3962	7943
5	4127	4048	4054	7944
5	3971	3969	3886	7945
5	3973	3870	3856	7946
5	3972	3927	3888	7947
5	4085	3993	4078	7948
5	4008	3914	3952	7949
5	4050	3927	3972	7950
5	4041	4005	3961	7951
5	4048	3969	3971	7952
5	4288	4252	4189	7953
5	4038	3958	3954	7954
5	4129	4054	4016	7955
5	4053	3975	3970	7956
5	4055	3975	4053	7957
5	4055	3976	3975	7958
5	4189	4160	4079	7959
5	3980	3930	3880	7960
5	3991	3896	3925	7961
5	3991	3980	3896	7962
5	4058	3966	4023	7963
5	3981	3934	3897	7964
5	4307	4204	4246	7965
5	4094	4062	4017	7966
5	4087	4075	3983	7967
5	4216	4150	4194	7968
5	4107	4000	4095	7969
5	3984	3938	3909	7970
5	4036	3956	3940	7971
5	3985	3935	3846	7972
5	3985	3846	3905	7973
5	3986	3933	3805	7974
5	4101	3988	4015	7975
5	3987	3981	3897	7976
5	3987	3897	3931	7977
5	4101	4011	3988	7978
5	4015	3805	3901	7979
5	4229	4174	4166	7980
5	4089	4027	4083	7981
5	4096	4001	3990	7982
5	4090	3990	4038	7983
5	4105	4091	4009	7984
5	4076	4014	4069	7985
5	4075	4019	3983	7986
5	3992	3939	3827	7987
5	4039	4024	3949	7988
5	4114	4025	4085	7989
5	4175	4112	4111	7990
5	4067	3933	3986	7991
5	3995	3910	3806	7992
5	3995	3806	3939	7993
5	4092	4071	3994	7994
5	4058	3979	3966	7995
5	4032	3937	4031	7996
5	4031	3942	4017	7997
5	4264	4230	4243	7998
5	4426	4330	4397	7999
5	4118	4045	4104	8000
5	4060	3935	3985	8001
5	4173	4134	4107	8002
5	4503	4402	4401	8003
5	4096	3990	4090	8004
5	4220	4155	4202	8005
5	4102	4013	4097	8006
5	4011	3919	3988	8007
5	4168	4098	4072	8008
5	4244	4218	4231	8009
5	4100	4034	4099	8010
5	4253	4167	4224	8011
5	4005	3984	3909	8012
5	4005	3909	3961	8013
5	4098	4003	3984	8014
5	4099	4034	4003	8015
5	3989	3902	3922	8016
5	4087	3982	4086	8017
5	4042	3959	3973	8018
5	4287	4251	4197	8019
5	4018	3968	3917	8020
5	4057	3977	4056	8021
5	4101	4010	4011	8022
5	4011	3860	3919	8023
5	4097	3861	4011	8024
5	4013	3899	3816	8025
5	4012	3908	3837	8026
5	4012	3837	3904	8027
5	4013	3944	3899	8028
5	4035	3951	3927	8029
5	4014	3925	3843	8030
5	4014	3843	3908	8031
5	4077	4015	3988	8032
5	4015	3986	3805	8033
5	4253	4227	4167	8034
5	4104	3978	4057	8035
5	4019	3921	3900	8036
5	4108	4029	4020	8037
5	4047	3970	3968	8038
5	4054	3915	4016	8039
5	4020	3898	3957	8040
5	4078	3993	4029	8041
5	3989	3922	3859	8042
5	3989	3859	3952	8043
5	4021	3998	3932	8044
5	4021	3932	3947	8045
5	4022	3941	3895	8046
5	4022	3895	3979	8047
5	4140	4119	4120	8048
5	4059	3930	3980	8049
5	4024	4021	3947	8050
5	4024	3947	3949	8051
5	4149	4114	4085	8052
5	4052	3916	4025	8053
5	4026	3985	3905	8054
5	4026	3905	3928	8055
5	4027	4018	3917	8056
5	4027	3917	3965	8057
5	4199	4137	4138	8058
5	4152	4063	4150	8059
5	4391	4294	4291	8060
5	4151	4081	4116	8061
5	4030	3999	3936	8062
5	4030	3936	3935	8063
5	4062	4031	4017	8064
5	4173	4107	4095	8065
5	4125	4113	3997	8066
5	4116	4081	4041	8067
5	4002	3946	3850	8068
5	4102	4097	4011	8069
5	4034	4006	3950	8070
5	4034	3950	3924	8071
5	4002	4013	3953	8072
5	4002	3953	3946	8073
5	4115	4036	4112	8074
5	4112	4032	4111	8075
5	4037	4020	3957	8076
5	4037	3957	3921	8077
5	4153	4004	4065	8078
5	4287	4197	4245	8079
5	4124	4051	4123	8080
5	4109	4021	4093	8081
5	4166	4108	4088	8082
5	4154	4081	4151	8083
5	4116	4041	4040	8084
5	4116	4040	4115	8085
5	4051	3974	3959	8086
5	4051	4039	3974	8087
5	4043	4027	3965	8088
5	4043	3965	3930	8089
5	4132	4023	4117	8090
5	4044	4023	3926	8091
5	4158	4030	4060	8092
5	4056	3977	3976	8093
5	4148	4126	4084	8094
5	4046	4007	3967	8095
5	4118	4079	4026	8096
5	4053	3970	4047	8097
5	4103	4001	4096	8098
5	4048	4046	3969	8099
5	4049	4042	3973	8100
5	4049	3973	3963	8101
5	4080	4008	4033	8102
5	4121	4049	4080	8103
5	4080	4033	4035	8104
5	4052	3923	3916	8105
5	4085	4025	3993	8106
5	4123	4051	4042	8107
5	4156	4057	4131	8108
5	4103	4016	4001	8109
5	4126	4053	4047	8110
5	4054	4048	3971	8111
5	4091	4044	4009	8112
5	4129	4016	4103	8113
5	4201	4068	4146	8114
5	4163	4090	4038	8115
5	4212	4202	4140	8116
5	4209	4131	4136	8117
5	4059	4043	3930	8118
5	4132	4058	4023	8119
5	4074	3980	3991	8120
5	4117	4023	4044	8121
5	4185	4104	4156	8122
5	4298	4241	4256	8123
5	4071	4012	3904	8124
5	4061	3992	3929	8125
5	4545	4493	4475	8126
5	4111	4032	4031	8127
5	4290	4260	4278	8128
5	4107	4028	4000	8129
5	4367	4300	4271	8130
5	4198	4153	4159	8131
5	4240	4198	4159	8132
5	4065	4004	3903	8133
5	4066	4063	3987	8134
5	4066	3987	4028	8135
5	4067	3995	3994	8136
5	4067	3994	3933	8137
5	4068	4065	3912	8138
5	4068	3912	4006	8139
5	4069	3996	3941	8140
5	4074	4059	3980	8141
5	4092	3995	3939	8142
5	4070	4012	4061	8143
5	4070	4014	3908	8144
5	4061	3929	3996	8145
5	4111	4031	4062	8146
5	4115	4040	4036	8147
5	4163	4038	4073	8148
5	4239	4187	4238	8149
5	4074	3991	4082	8150
5	4362	4313	4312	8151
5	4071	3992	4061	8152
5	4071	4061	4012	8153
5	4082	4022	3979	8154
5	4076	4082	3991	8155
5	4077	4067	3986	8156
5	4077	3986	4015	8157
5	4069	3941	4022	8158
5	4076	3925	4014	8159
5	4160	3985	4079	8160
5	4079	3985	4026	8161
5	4080	4049	4008	8162
5	4397	4330	4331	8163
5	4081	4072	4005	8164
5	4081	4005	4041	8165
5	4076	4069	4022	8166
5	4076	4022	4082	8167
5	4083	4027	4043	8168
5	4133	4059	4132	8169
5	4131	4056	4130	8170
5	4084	4047	4018	8171
5	4093	4021	4024	8172
5	4165	4094	4109	8173
5	4087	3983	3982	8174
5	4086	3982	3981	8175
5	4335	4290	4324	8176
5	4143	4062	4141	8177
5	4108	4020	4088	8178
5	4088	4020	4037	8179
5	4089	4084	4018	8180
5	4089	4018	4027	8181
5	4184	4140	4120	8182
5	4168	4072	4154	8183
5	4105	4009	4007	8184
5	4117	4044	4091	8185
5	4177	4115	4112	8186
5	4092	3992	4071	8187
5	4070	4061	3996	8188
5	4070	3996	4069	8189
5	4247	4199	4210	8190
5	4162	4087	4086	8191
5	4107	4066	4028	8192
5	4095	4000	3999	8193
5	4205	4188	4170	8194
5	4184	4120	4127	8195
5	4097	4002	3955	8196
5	4097	3955	3861	8197
5	4177	4112	4175	8198
5	4154	4072	4081	8199
5	4200	4147	4099	8200
5	4296	4147	4200	8201
5	4113	4050	3997	8202
5	4122	4050	4113	8203
5	4101	4015	3901	8204
5	4101	3901	4010	8205
5	4102	4010	3944	8206
5	4102	3944	4013	8207
5	4156	4104	4057	8208
5	4128	4055	4053	8209
5	4130	4055	4128	8210
5	4130	4056	4055	8211
5	4172	4091	4105	8212
5	4145	4084	4089	8213
5	4106	4093	4024	8214
5	4106	4024	4039	8215
5	4258	4203	4173	8216
5	4303	4281	4265	8217
5	4215	4181	4149	8218
5	4108	4078	4029	8219
5	4109	4094	3998	8220
5	4109	3998	4021	8221
5	4110	4088	4037	8222
5	4110	4037	4019	8223
5	4112	4036	4032	8224
5	4200	4099	4169	8225
5	4230	4142	4190	8226
5	4180	4106	4124	8227
5	4121	4042	4049	8228
5	4182	4124	4123	8229
5	4125	4052	4114	8230
5	4114	4052	4025	8231
5	4248	4200	4169	8232
5	4143	4111	4062	8233
5	4248	4169	4226	8234
5	4533	4508	4525	8235
5	4179	4091	4172	8236
5	4133	4132	4117	8237
5	4131	4057	4056	8238
5	4158	4064	4030	8239
5	4119	4105	4007	8240
5	4119	4007	4046	8241
5	4120	4119	4046	8242
5	4120	4046	4048	8243
5	4123	4042	4121	8244
5	4142	4109	4093	8245
5	4122	4121	4080	8246
5	4122	4080	4035	8247
5	4176	4122	4113	8248
5	4124	4106	4039	8249
5	4125	3997	4052	8250
5	4181	4114	4149	8251
5	4180	4161	4106	8252
5	4176	4121	4122	8253
5	4256	4241	4135	8254
5	4128	4053	4126	8255
5	4227	4170	4167	8256
5	4127	4120	4048	8257
5	4332	4258	4289	8258
5	4333	4251	4287	8259
5	4155	4105	4119	8260
5	4129	4127	4054	8261
5	4224	4167	4090	8262
5	4221	4188	4205	8263
5	4074	4082	4058	8264
5	4132	4074	4058	8265
5	4133	4043	4059	8266
5	4132	4059	4074	8267
5	4179	4172	4171	8268
5	4133	4083	4043	8269
5	4288	4189	4241	8270
5	4379	4346	4288	8271
5	4209	4193	4156	8272
5	4155	4119	4140	8273
5	4136	4131	4130	8274
5	4187	4128	4157	8275
5	4137	4110	4075	8276
5	4450	4403	4393	8277
5	4138	4137	4075	8278
5	4138	4075	4087	8279
5	4178	4116	4115	8280
5	4235	4183	4181	8281
5	4212	4140	4184	8282
5	4157	4128	4126	8283
5	4175	4111	4143	8284
5	4232	4175	4191	8285
5	4165	4109	4142	8286
5	4165	4141	4094	8287
5	4207	4164	4206	8288
5	4233	4231	4178	8289
5	4144	4095	4064	8290
5	4399	4332	4289	8291
5	4148	4084	4145	8292
5	4251	4146	4197	8293
5	4146	4068	4006	8294
5	4146	4006	4100	8295
5	4147	4100	4099	8296
5	4169	4098	4168	8297
5	4157	4126	4148	8298
5	4187	4130	4128	8299
5	4266	4207	4206	8300
5	4161	4093	4106	8301
5	4152	4086	4063	8302
5	4162	4086	4152	8303
5	4178	4115	4177	8304
5	4348	4296	4248	8305
5	4278	4222	4216	8306
5	4338	4324	4261	8307
5	4201	4159	4068	8308
5	4170	4103	4096	8309
5	4291	4240	4201	8310
5	4225	4154	4218	8311
5	4228	4145	4171	8312
5	4171	4089	4083	8313
5	4185	4118	4104	8314
5	4185	4135	4118	8315
5	4188	4103	4170	8316
5	4237	4212	4184	8317
5	4208	4148	4196	8318
5	4252	4160	4189	8319
5	4159	4153	4065	8320
5	4159	4065	4068	8321
5	4252	4060	4160	8322
5	4160	4060	3985	8323
5	4174	4078	4108	8324
5	4161	4142	4093	8325
5	4402	4343	4401	8326
5	4222	4152	4216	8327
5	4217	4073	4153	8328
5	4294	4240	4291	8329
5	4164	4149	4085	8330
5	4164	4085	4078	8331
5	4214	4137	4199	8332
5	4166	4088	4139	8333
5	4174	4108	4166	8334
5	4174	4164	4078	8335
5	4167	4096	4090	8336
5	4346	4252	4288	8337
5	4339	4302	4325	8338
5	4233	4177	4232	8339
5	4283	4232	4250	8340
5	4226	4169	4168	8341
5	4238	4187	4157	8342
5	4208	4157	4148	8343
5	4391	4291	4376	8344
5	4171	4145	4089	8345
5	4179	4171	4083	8346
5	4188	4129	4103	8347
5	4418	4392	4354	8348
5	4444	4384	4344	8349
5	4235	4181	4215	8350
5	4207	4149	4164	8351
5	4378	4295	4345	8352
5	4178	4151	4116	8353
5	4182	4180	4124	8354
5	4181	4125	4114	8355
5	4279	4218	4244	8356
5	4340	4297	4316	8357
5	4206	4164	4174	8358
5	4281	4229	4265	8359
5	4188	4186	4129	8360
5	4179	4117	4091	8361
5	4182	4123	4176	8362
5	4176	4123	4121	8363
5	4183	4125	4181	8364
5	4183	4113	4125	8365
5	4183	4176	4113	8366
5	4215	4149	4207	8367
5	4234	4180	4182	8368
5	4236	4234	4182	8369
5	4202	4155	4140	8370
5	4196	4148	4145	8371
5	4307	4242	4204	8372
5	4256	4185	4193	8373
5	4186	4184	4127	8374
5	4186	4127	4129	8375
5	4237	4186	4221	8376
5	4187	4136	4130	8377
5	4179	4083	4133	8378
5	4179	4133	4117	8379
5	4372	4256	4300	8380
5	4242	4144	4204	8381
5	4222	4162	4152	8382
5	4350	4314	4323	8383
5	4191	4175	4143	8384
5	4213	4143	4141	8385
5	4192	4173	4095	8386
5	4192	4095	4144	8387
5	4193	4185	4156	8388
5	4379	4377	4346	8389
5	4194	4150	4134	8390
5	4399	4336	4383	8391
5	4195	4190	4161	8392
5	4195	4161	4180	8393
5	4407	4349	4305	8394
5	4209	4156	4131	8395
5	4197	4146	4100	8396
5	4197	4100	4147	8397
5	4217	4163	4073	8398
5	4217	4153	4198	8399
5	4282	4244	4231	8400
5	4437	4394	4405	8401
5	4225	4168	4154	8402
5	4226	4168	4225	8403
5	4375	4287	4330	8404
5	4291	4201	4251	8405
5	4228	4196	4145	8406
5	4219	4171	4172	8407
5	4262	4134	4203	8408
5	4203	4134	4173	8409
5	4204	4144	4064	8410
5	4204	4064	4158	8411
5	4380	4319	4349	8412
5	4263	4217	4259	8413
5	4283	4282	4233	8414
5	4265	4229	4211	8415
5	4255	4213	4223	8416
5	4371	4326	4309	8417
5	4270	4205	4249	8418
5	4299	4284	4268	8419
5	4321	4270	4319	8420
5	4410	4298	4372	8421
5	4210	4199	4138	8422
5	4210	4138	4162	8423
5	4229	4166	4211	8424
5	4211	4166	4139	8425
5	4284	4237	4268	8426
5	4269	4238	4208	8427
5	4243	4230	4190	8428
5	4213	4191	4143	8429
5	4214	4211	4139	8430
5	4214	4139	4137	8431
5	4278	4216	4261	8432
5	4276	4195	4234	8433
5	4222	4210	4162	8434
5	4216	4152	4150	8435
5	4227	4205	4170	8436
5	4224	4090	4163	8437
5	4218	4154	4151	8438
5	4232	4177	4175	8439
5	4277	4196	4228	8440
5	4228	4171	4219	8441
5	4220	4219	4172	8442
5	4220	4172	4155	8443
5	4237	4184	4186	8444
5	4221	4186	4188	8445
5	4309	4250	4293	8446
5	4274	4191	4213	8447
5	4223	4213	4141	8448
5	4223	4141	4165	8449
5	4457	4434	4386	8450
5	4395	4390	4368	8451
5	4548	4457	4530	8452
5	4301	4244	4282	8453
5	4279	4225	4218	8454
5	4280	4225	4279	8455
5	4268	4237	4221	8456
5	4249	4205	4227	8457
5	4420	4331	4381	8458
5	4555	4515	4513	8459
5	4275	4215	4207	8460
5	4229	4206	4174	8461
5	4230	4223	4165	8462
5	4230	4165	4142	8463
5	4231	4218	4151	8464
5	4231	4151	4178	8465
5	4233	4178	4177	8466
5	4325	4244	4301	8467
5	4322	4274	4255	8468
5	4282	4231	4233	8469
5	4267	4190	4195	8470
5	4234	4195	4180	8471
5	4236	4182	4176	8472
5	4236	4176	4183	8473
5	4236	4183	4235	8474
5	4236	4235	4234	8475
5	4238	4157	4208	8476
5	4304	4269	4272	8477
5	4312	4263	4259	8478
5	4328	4286	4239	8479
5	4286	4136	4239	8480
5	4239	4136	4187	8481
5	4251	4201	4146	8482
5	4436	4413	4389	8483
5	4256	4135	4185	8484
5	4496	4459	4442	8485
5	4382	4354	4361	8486
5	4441	4377	4428	8487
5	4257	4199	4247	8488
5	4326	4282	4283	8489
5	4359	4325	4301	8490
5	4250	4232	4191	8491
5	4296	4200	4248	8492
5	4280	4226	4225	8493
5	4383	4336	4337	8494
5	4246	4204	4158	8495
5	4324	4278	4261	8496
5	4343	4203	4258	8497
5	4375	4333	4287	8498
5	4338	4261	4311	8499
5	4308	4284	4299	8500
5	4300	4256	4193	8501
5	4369	4322	4315	8502
5	4306	4260	4290	8503
5	4348	4248	4295	8504
5	4330	4287	4245	8505
5	4310	4060	4252	8506
5	4310	4158	4060	8507
5	4320	4269	4304	8508
5	4407	4305	4363	8509
5	4275	4207	4266	8510
5	4265	4211	4254	8511
5	4274	4213	4255	8512
5	4274	4250	4191	8513
5	4271	4193	4209	8514
5	4300	4193	4271	8515
5	4257	4254	4214	8516
5	4257	4214	4199	8517
5	4324	4290	4278	8518
5	4422	4374	4402	8519
5	4263	4163	4217	8520
5	4263	4224	4163	8521
5	4260	4247	4210	8522
5	4260	4210	4222	8523
5	4278	4260	4222	8524
5	4261	4216	4194	8525
5	4364	4314	4350	8526
5	4262	4194	4134	8527
5	4423	4362	4384	8528
5	4313	4263	4312	8529
5	4264	4255	4223	8530
5	4264	4223	4230	8531
5	4322	4293	4274	8532
5	4345	4280	4302	8533
5	4316	4266	4281	8534
5	4327	4275	4297	8535
5	4297	4275	4266	8536
5	4267	4243	4190	8537
5	4285	4238	4269	8538
5	4273	4202	4212	8539
5	4376	4291	4333	8540
5	4321	4268	4270	8541
5	4270	4268	4221	8542
5	4270	4221	4205	8543
5	4411	4300	4367	8544
5	4328	4239	4285	8545
5	4272	4269	4208	8546
5	4272	4208	4196	8547
5	4277	4228	4219	8548
5	4277	4220	4202	8549
5	4403	4351	4355	8550
5	4293	4250	4274	8551
5	4276	4234	4235	8552
5	4283	4233	4232	8553
5	4276	4235	4215	8554
5	4276	4215	4275	8555
5	4277	4272	4196	8556
5	4277	4219	4220	8557
5	4386	4339	4359	8558
5	4292	4257	4247	8559
5	4434	4387	4339	8560
5	4387	4345	4302	8561
5	4277	4202	4273	8562
5	4388	4360	4308	8563
5	4281	4266	4206	8564
5	4281	4206	4229	8565
5	4315	4255	4264	8566
5	4424	4412	4421	8567
5	4327	4276	4275	8568
5	4276	4267	4195	8569
5	4284	4273	4212	8570
5	4284	4212	4237	8571
5	4286	4271	4209	8572
5	4285	4239	4238	8573
5	4372	4298	4256	8574
5	4438	4334	4380	8575
5	4444	4344	4391	8576
5	4423	4406	4362	8577
5	4346	4310	4252	8578
5	4392	4337	4307	8579
5	4289	4258	4192	8580
5	4289	4192	4144	8581
5	4341	4290	4335	8582
5	4347	4203	4343	8583
5	4345	4295	4280	8584
5	4381	4331	4296	8585
5	4425	4374	4422	8586
5	4605	4581	4601	8587
5	4370	4293	4322	8588
5	4326	4283	4309	8589
5	4294	4259	4198	8590
5	4294	4198	4240	8591
5	4295	4248	4226	8592
5	4295	4226	4280	8593
5	4391	4344	4294	8594
5	4473	4426	4397	8595
5	4316	4281	4303	8596
5	4323	4257	4292	8597
5	4435	4410	4372	8598
5	4501	4443	4456	8599
5	4308	4273	4284	8600
5	4353	4320	4304	8601
5	4319	4270	4249	8602
5	4329	4271	4286	8603
5	4309	4283	4250	8604
5	4427	4386	4394	8605
5	4302	4280	4279	8606
5	4554	4513	4511	8607
5	4529	4522	4524	8608
5	4327	4267	4276	8609
5	4320	4285	4269	8610
5	4379	4288	4342	8611
5	4305	4249	4227	8612
5	4305	4227	4253	8613
5	4306	4292	4247	8614
5	4306	4247	4260	8615
5	4440	4342	4410	8616
5	4432	4332	4399	8617
5	4360	4304	4272	8618
5	4360	4273	4308	8619
5	4326	4301	4282	8620
5	4359	4301	4356	8621
5	4361	4310	4346	8622
5	4310	4246	4158	8623
5	4311	4261	4194	8624
5	4311	4194	4262	8625
5	4313	4253	4224	8626
5	4313	4224	4263	8627
5	4349	4319	4249	8628
5	4363	4313	4362	8629
5	4314	4303	4265	8630
5	4314	4265	4254	8631
5	4624	4582	4570	8632
5	4322	4255	4315	8633
5	4352	4315	4317	8634
5	4316	4297	4266	8635
5	4317	4315	4264	8636
5	4317	4264	4243	8637
5	4318	4317	4243	8638
5	4318	4243	4267	8639
5	4404	4320	4353	8640
5	4334	4321	4319	8641
5	4390	4353	4357	8642
5	4404	4353	4390	8643
5	4357	4308	4299	8644
5	4321	4299	4268	8645
5	4364	4303	4314	8646
5	4370	4358	4293	8647
5	4323	4314	4254	8648
5	4323	4254	4257	8649
5	4429	4335	4398	8650
5	4393	4355	4341	8651
5	4325	4302	4279	8652
5	4325	4279	4244	8653
5	4341	4306	4290	8654
5	4355	4306	4341	8655
5	4327	4297	4318	8656
5	4327	4318	4267	8657
5	4390	4357	4368	8658
5	4329	4286	4328	8659
5	4349	4249	4305	8660
5	4380	4334	4319	8661
5	4430	4348	4378	8662
5	4535	4501	4456	8663
5	4331	4330	4245	8664
5	4331	4245	4296	8665
5	4343	4258	4332	8666
5	4402	4347	4343	8667
5	4443	4391	4376	8668
5	4381	4296	4348	8669
5	4366	4285	4320	8670
5	4368	4321	4334	8671
5	4425	4338	4374	8672
5	4464	4392	4418	8673
5	4399	4289	4336	8674
5	4336	4289	4242	8675
5	4337	4336	4242	8676
5	4337	4242	4307	8677
5	4347	4262	4203	8678
5	4598	4560	4559	8679
5	4371	4309	4358	8680
5	4400	4341	4335	8681
5	4365	4316	4303	8682
5	4340	4318	4297	8683
5	4476	4433	4400	8684
5	4522	4461	4486	8685
5	4342	4288	4241	8686
5	4342	4241	4298	8687
5	4347	4311	4262	8688
5	4572	4536	4500	8689
5	4344	4312	4259	8690
5	4344	4259	4294	8691
5	4626	4537	4576	8692
5	4378	4348	4295	8693
5	4354	4307	4246	8694
5	4646	4566	4621	8695
5	4433	4393	4400	8696
5	4471	4401	4432	8697
5	4434	4339	4386	8698
5	4511	4460	4497	8699
5	4406	4363	4362	8700
5	4448	4390	4395	8701
5	4358	4309	4293	8702
5	4356	4301	4326	8703
5	4351	4350	4323	8704
5	4351	4323	4292	8705
5	4539	4495	4472	8706
5	4369	4315	4352	8707
5	4404	4396	4366	8708
5	4366	4328	4285	8709
5	4382	4361	4377	8710
5	4418	4354	4382	8711
5	4355	4351	4292	8712
5	4355	4292	4306	8713
5	4359	4339	4325	8714
5	4387	4302	4339	8715
5	4388	4304	4360	8716
5	4388	4308	4357	8717
5	4371	4356	4326	8718
5	4465	4430	4460	8719
5	4340	4352	4317	8720
5	4340	4317	4318	8721
5	4360	4272	4277	8722
5	4360	4277	4273	8723
5	4361	4354	4246	8724
5	4361	4246	4310	8725
5	4363	4305	4253	8726
5	4363	4253	4313	8727
5	4438	4395	4334	8728
5	4407	4363	4406	8729
5	4365	4340	4316	8730
5	4365	4303	4364	8731
5	4389	4369	4352	8732
5	4409	4340	4365	8733
5	4367	4271	4329	8734
5	4373	4328	4366	8735
5	4464	4442	4392	8736
5	4439	4411	4367	8737
5	4368	4357	4299	8738
5	4368	4299	4321	8739
5	4408	4365	4364	8740
5	4370	4322	4369	8741
5	4424	4408	4412	8742
5	4414	4351	4403	8743
5	4569	4563	4523	8744
5	4445	4421	4414	8745
5	4462	4411	4439	8746
5	4446	4373	4396	8747
5	4462	4435	4372	8748
5	4373	4329	4328	8749
5	4374	4338	4311	8750
5	4374	4311	4347	8751
5	4426	4375	4330	8752
5	4444	4391	4443	8753
5	4535	4431	4463	8754
5	4513	4467	4465	8755
5	4567	4493	4545	8756
5	4377	4361	4346	8757
5	4613	4577	4547	8758
5	4556	4498	4550	8759
5	4428	4377	4379	8760
5	4479	4428	4440	8761
5	4469	4439	4416	8762
5	4525	4489	4488	8763
5	4467	4420	4465	8764
5	4463	4431	4375	8765
5	4410	4342	4298	8766
5	4440	4428	4379	8767
5	4392	4307	4354	8768
5	4657	4603	4655	8769
5	4384	4362	4312	8770
5	4384	4312	4344	8771
5	4415	4358	4385	8772
5	4385	4358	4370	8773
5	4483	4450	4433	8774
5	4405	4394	4356	8775
5	4420	4397	4331	8776
5	4473	4397	4467	8777
5	4388	4357	4353	8778
5	4388	4353	4304	8779
5	4413	4369	4389	8780
5	4413	4370	4369	8781
5	4396	4373	4366	8782
5	4395	4368	4334	8783
5	4451	4407	4406	8784
5	4508	4484	4438	8785
5	4442	4337	4392	8786
5	4441	4382	4377	8787
5	4403	4355	4393	8788
5	4445	4414	4403	8789
5	4394	4386	4359	8790
5	4394	4359	4356	8791
5	4526	4484	4508	8792
5	4404	4366	4320	8793
5	4515	4467	4513	8794
5	4574	4547	4501	8795
5	4465	4420	4430	8796
5	4588	4494	4548	8797
5	4398	4335	4324	8798
5	4398	4324	4338	8799
5	4401	4343	4332	8800
5	4402	4374	4347	8801
5	4603	4539	4571	8802
5	4425	4398	4338	8803
5	4666	4610	4598	8804
5	4506	4475	4441	8805
5	4540	4509	4458	8806
5	4429	4400	4335	8807
5	4450	4393	4433	8808
5	4405	4356	4371	8809
5	4485	4448	4484	8810
5	4449	4396	4404	8811
5	4627	4568	4529	8812
5	4490	4470	4453	8813
5	4463	4375	4426	8814
5	4557	4480	4519	8815
5	4481	4444	4443	8816
5	4452	4407	4451	8817
5	4409	4352	4340	8818
5	4409	4365	4408	8819
5	4409	4408	4389	8820
5	4409	4389	4352	8821
5	4416	4367	4329	8822
5	4411	4372	4300	8823
5	4462	4372	4411	8824
5	4416	4329	4373	8825
5	4412	4408	4364	8826
5	4412	4364	4350	8827
5	4421	4412	4414	8828
5	4413	4385	4370	8829
5	4414	4412	4350	8830
5	4414	4350	4351	8831
5	4415	4405	4371	8832
5	4415	4371	4358	8833
5	4498	4439	4469	8834
5	4440	4379	4342	8835
5	4417	4378	4345	8836
5	4417	4345	4387	8837
5	4442	4383	4337	8838
5	4566	4538	4543	8839
5	4447	4415	4419	8840
5	4419	4415	4385	8841
5	4537	4502	4473	8842
5	4515	4473	4467	8843
5	4585	4529	4565	8844
5	4424	4389	4408	8845
5	4504	4472	4422	8846
5	4503	4401	4471	8847
5	4542	4525	4488	8848
5	4501	4481	4443	8849
5	4453	4419	4385	8850
5	4436	4389	4424	8851
5	4476	4400	4429	8852
5	4450	4445	4403	8853
5	4467	4397	4420	8854
5	4502	4426	4473	8855
5	4583	4530	4582	8856
5	4492	4474	4437	8857
5	4531	4496	4464	8858
5	4597	4559	4558	8859
5	4539	4472	4504	8860
5	4571	4539	4504	8861
5	4430	4420	4381	8862
5	4430	4381	4348	8863
5	4431	4376	4333	8864
5	4431	4333	4375	8865
5	4528	4504	4503	8866
5	4699	4697	4658	8867
5	4604	4539	4603	8868
5	4505	4491	4487	8869
5	4570	4544	4492	8870
5	4457	4386	4427	8871
5	4478	4440	4410	8872
5	4478	4410	4435	8873
5	4477	4424	4421	8874
5	4453	4413	4436	8875
5	4474	4394	4437	8876
5	4474	4427	4394	8877
5	4446	4416	4373	8878
5	4439	4367	4416	8879
5	4448	4404	4390	8880
5	4571	4504	4528	8881
5	4479	4440	4478	8882
5	4506	4441	4480	8883
5	4517	4478	4435	8884
5	4480	4428	4479	8885
5	4475	4382	4441	8886
5	4496	4442	4464	8887
5	4466	4406	4423	8888
5	4537	4473	4515	8889
5	4466	4451	4406	8890
5	4482	4444	4481	8891
5	4492	4437	4461	8892
5	4453	4385	4413	8893
5	4542	4488	4512	8894
5	4589	4514	4549	8895
5	4447	4437	4405	8896
5	4447	4405	4415	8897
5	4508	4438	4489	8898
5	4449	4404	4448	8899
5	4556	4516	4498	8900
5	4469	4416	4446	8901
5	4540	4458	4495	8902
5	4477	4436	4424	8903
5	4452	4380	4349	8904
5	4452	4349	4407	8905
5	4484	4448	4395	8906
5	4489	4438	4380	8907
5	4470	4419	4453	8908
5	4491	4421	4445	8909
5	4454	4432	4399	8910
5	4454	4399	4383	8911
5	4455	4417	4387	8912
5	4455	4387	4434	8913
5	4456	4443	4376	8914
5	4456	4376	4431	8915
5	4582	4530	4544	8916
5	4583	4548	4530	8917
5	4458	4429	4398	8918
5	4458	4398	4425	8919
5	4459	4454	4383	8920
5	4459	4383	4442	8921
5	4460	4430	4378	8922
5	4460	4378	4417	8923
5	4461	4437	4447	8924
5	4487	4445	4450	8925
5	4510	4468	4507	8926
5	4484	4395	4438	8927
5	4649	4622	4579	8928
5	4535	4456	4431	8929
5	4519	4480	4479	8930
5	4475	4418	4382	8931
5	4584	4532	4502	8932
5	4541	4497	4455	8933
5	4600	4542	4512	8934
5	4580	4578	4564	8935
5	4511	4465	4460	8936
5	4513	4465	4511	8937
5	4468	4446	4396	8938
5	4468	4396	4449	8939
5	4525	4508	4489	8940
5	4488	4452	4451	8941
5	4486	4419	4470	8942
5	4486	4447	4419	8943
5	4528	4503	4471	8944
5	4504	4422	4503	8945
5	4472	4458	4425	8946
5	4472	4425	4422	8947
5	4553	4511	4497	8948
5	4502	4463	4426	8949
5	4544	4474	4492	8950
5	4509	4476	4429	8951
5	4480	4441	4428	8952
5	4545	4475	4506	8953
5	4546	4492	4461	8954
5	4487	4450	4483	8955
5	4490	4436	4477	8956
5	4490	4453	4436	8957
5	4507	4468	4485	8958
5	4498	4462	4439	8959
5	4510	4469	4446	8960
5	4519	4479	4518	8961
5	4516	4435	4462	8962
5	4518	4479	4478	8963
5	4482	4423	4384	8964
5	4482	4384	4444	8965
5	4674	4659	4616	8966
5	4521	4482	4520	8967
5	4569	4523	4536	8968
5	4551	4500	4476	8969
5	4485	4449	4448	8970
5	4485	4468	4449	8971
5	4517	4435	4516	8972
5	4677	4673	4636	8973
5	4546	4461	4522	8974
5	4486	4461	4447	8975
5	4527	4490	4477	8976
5	4523	4487	4483	8977
5	4489	4452	4488	8978
5	4489	4380	4452	8979
5	4611	4561	4577	8980
5	4526	4485	4484	8981
5	4527	4477	4491	8982
5	4491	4445	4487	8983
5	4527	4470	4490	8984
5	4491	4477	4421	8985
5	4652	4609	4588	8986
5	4582	4544	4570	8987
5	4493	4464	4418	8988
5	4493	4418	4475	8989
5	4494	4455	4434	8990
5	4494	4434	4457	8991
5	4509	4429	4458	8992
5	4495	4458	4472	8993
5	4531	4464	4493	8994
5	4558	4517	4516	8995
5	4497	4460	4417	8996
5	4497	4417	4455	8997
5	4518	4478	4517	8998
5	4516	4462	4498	8999
5	4499	4471	4432	9000
5	4499	4432	4454	9001
5	4500	4483	4433	9002
5	4500	4433	4476	9003
5	4520	4482	4481	9004
5	4547	4520	4481	9005
5	4535	4463	4532	9006
5	4532	4463	4502	9007
5	4607	4495	4604	9008
5	4503	4422	4402	9009
5	4549	4459	4496	9010
5	4655	4605	4639	9011
5	4565	4505	4563	9012
5	4527	4491	4505	9013
5	4606	4531	4567	9014
5	4590	4557	4519	9015
5	4510	4446	4468	9016
5	4550	4498	4469	9017
5	4534	4508	4533	9018
5	4561	4521	4520	9019
5	4536	4483	4500	9020
5	4607	4586	4540	9021
5	4558	4516	4556	9022
5	4564	4526	4534	9023
5	4609	4608	4587	9024
5	4541	4455	4494	9025
5	4512	4488	4451	9026
5	4512	4451	4466	9027
5	4592	4555	4554	9028
5	4619	4588	4548	9029
5	4514	4499	4454	9030
5	4514	4454	4459	9031
5	4555	4513	4554	9032
5	4576	4515	4555	9033
5	4674	4616	4644	9034
5	4560	4519	4518	9035
5	4578	4552	4564	9036
5	4559	4517	4558	9037
5	4632	4595	4620	9038
5	4620	4595	4557	9039
5	4634	4597	4596	9040
5	4559	4518	4517	9041
5	4521	4466	4423	9042
5	4521	4423	4482	9043
5	4909	4870	4819	9044
5	4562	4521	4561	9045
5	4563	4505	4523	9046
5	4694	4660	4614	9047
5	4570	4492	4546	9048
5	4523	4505	4487	9049
5	4524	4522	4486	9050
5	4524	4486	4470	9051
5	4598	4559	4597	9052
5	4648	4577	4613	9053
5	4534	4526	4508	9054
5	4526	4507	4485	9055
5	4568	4546	4522	9056
5	4527	4524	4470	9057
5	4617	4536	4572	9058
5	4754	4739	4744	9059
5	4565	4529	4524	9060
5	4536	4523	4483	9061
5	4777	4719	4774	9062
5	4530	4457	4427	9063
5	4567	4531	4493	9064
5	4589	4543	4514	9065
5	4648	4611	4577	9066
5	4626	4584	4537	9067
5	4613	4547	4574	9068
5	4576	4537	4515	9069
5	4560	4518	4559	9070
5	4550	4469	4510	9071
5	4579	4533	4525	9072
5	4547	4481	4501	9073
5	4658	4607	4604	9074
5	4664	4624	4641	9075
5	4584	4502	4537	9076
5	4711	4675	4685	9077
5	4538	4528	4471	9078
5	4538	4471	4499	9079
5	4647	4614	4586	9080
5	4586	4509	4540	9081
5	4586	4551	4509	9082
5	4551	4476	4509	9083
5	4554	4511	4553	9084
5	4609	4587	4541	9085
5	4611	4599	4561	9086
5	4649	4579	4637	9087
5	4543	4538	4499	9088
5	4543	4499	4514	9089
5	4544	4530	4427	9090
5	4544	4427	4474	9091
5	4712	4646	4693	9092
5	4606	4575	4531	9093
5	4607	4540	4495	9094
5	4615	4563	4569	9095
5	4574	4501	4535	9096
5	4880	4848	4845	9097
5	4588	4541	4494	9098
5	4548	4494	4457	9099
5	4621	4566	4543	9100
5	4549	4514	4459	9101
5	4596	4556	4594	9102
5	4590	4519	4560	9103
5	4572	4500	4551	9104
5	4678	4650	4615	9105
5	4552	4550	4510	9106
5	4552	4510	4507	9107
5	4777	4753	4719	9108
5	4592	4554	4591	9109
5	4619	4548	4583	9110
5	4591	4554	4553	9111
5	4651	4576	4618	9112
5	4745	4726	4741	9113
5	4593	4552	4578	9114
5	4632	4545	4595	9115
5	4620	4557	4590	9116
5	4557	4506	4480	9117
5	4579	4525	4542	9118
5	4595	4506	4557	9119
5	4593	4550	4552	9120
5	4594	4556	4550	9121
5	4666	4598	4635	9122
5	4596	4558	4556	9123
5	4562	4512	4466	9124
5	4562	4466	4521	9125
5	4902	4828	4866	9126
5	4677	4636	4640	9127
5	4568	4522	4529	9128
5	4585	4565	4563	9129
5	4564	4552	4507	9130
5	4564	4507	4526	9131
5	4565	4524	4527	9132
5	4565	4527	4505	9133
5	4621	4543	4589	9134
5	4716	4686	4667	9135
5	4681	4645	4610	9136
5	4712	4676	4646	9137
5	4609	4541	4588	9138
5	4625	4582	4624	9139
5	4779	4720	4746	9140
5	4641	4624	4602	9141
5	4624	4570	4602	9142
5	4617	4569	4536	9143
5	4581	4538	4566	9144
5	4604	4495	4539	9145
5	4650	4627	4585	9146
5	4655	4603	4605	9147
5	4574	4535	4573	9148
5	4573	4535	4532	9149
5	4599	4562	4561	9150
5	4763	4734	4689	9151
5	4575	4549	4496	9152
5	4575	4496	4531	9153
5	4638	4612	4584	9154
5	4665	4591	4608	9155
5	4577	4561	4520	9156
5	4577	4520	4547	9157
5	4580	4564	4534	9158
5	4622	4533	4579	9159
5	4630	4578	4623	9160
5	4580	4534	4533	9161
5	4690	4611	4648	9162
5	4622	4580	4533	9163
5	4581	4571	4528	9164
5	4581	4528	4538	9165
5	4732	4663	4703	9166
5	4678	4615	4643	9167
5	4703	4625	4664	9168
5	4701	4641	4661	9169
5	4638	4584	4626	9170
5	4747	4679	4713	9171
5	4615	4585	4563	9172
5	4627	4529	4585	9173
5	4667	4567	4632	9174
5	4693	4646	4621	9175
5	4587	4553	4497	9176
5	4587	4497	4541	9177
5	4713	4679	4654	9178
5	4653	4608	4609	9179
5	4715	4693	4642	9180
5	4776	4742	4709	9181
5	4736	4645	4681	9182
5	4707	4666	4635	9183
5	4704	4653	4696	9184
5	4766	4695	4727	9185
5	4848	4810	4845	9186
5	4713	4654	4675	9187
5	4597	4558	4596	9188
5	4594	4550	4593	9189
5	4662	4580	4622	9190
5	4623	4578	4580	9191
5	4667	4606	4567	9192
5	4595	4545	4506	9193
5	4630	4593	4578	9194
5	4631	4593	4630	9195
5	4709	4672	4671	9196
5	4635	4598	4597	9197
5	4631	4594	4593	9198
5	4633	4596	4594	9199
5	4600	4562	4599	9200
5	4600	4512	4562	9201
5	4633	4594	4631	9202
5	4637	4579	4542	9203
5	4601	4581	4566	9204
5	4676	4601	4646	9205
5	4602	4570	4546	9206
5	4602	4546	4568	9207
5	4698	4655	4682	9208
5	4768	4678	4725	9209
5	4657	4604	4603	9210
5	4650	4585	4615	9211
5	4605	4603	4571	9212
5	4605	4571	4581	9213
5	4628	4549	4575	9214
5	4716	4667	4680	9215
5	4647	4586	4607	9216
5	4646	4601	4566	9217
5	4608	4591	4553	9218
5	4608	4553	4587	9219
5	4717	4650	4678	9220
5	4625	4583	4582	9221
5	4610	4590	4560	9222
5	4610	4560	4598	9223
5	4735	4690	4695	9224
5	4636	4600	4599	9225
5	4612	4573	4532	9226
5	4612	4532	4584	9227
5	4640	4636	4599	9228
5	4719	4644	4683	9229
5	4614	4572	4551	9230
5	4614	4551	4586	9231
5	4660	4617	4572	9232
5	4661	4568	4627	9233
5	4616	4613	4574	9234
5	4616	4574	4573	9235
5	4725	4678	4643	9236
5	4643	4569	4617	9237
5	4618	4576	4555	9238
5	4618	4555	4592	9239
5	4652	4588	4619	9240
5	4683	4644	4612	9241
5	4671	4634	4633	9242
5	4749	4681	4729	9243
5	4676	4639	4601	9244
5	4628	4589	4549	9245
5	4932	4873	4888	9246
5	4742	4672	4709	9247
5	4640	4599	4611	9248
5	4687	4662	4622	9249
5	4775	4724	4740	9250
5	4797	4758	4732	9251
5	4720	4703	4664	9252
5	4643	4615	4569	9253
5	4689	4626	4651	9254
5	4763	4689	4651	9255
5	4663	4583	4625	9256
5	4661	4641	4602	9257
5	4714	4656	4686	9258
5	4680	4632	4620	9259
5	4629	4592	4591	9260
5	4665	4629	4591	9261
5	4803	4728	4761	9262
5	4634	4596	4633	9263
5	4669	4633	4631	9264
5	4635	4597	4634	9265
5	4681	4610	4666	9266
5	4632	4567	4545	9267
5	4672	4634	4671	9268
5	4687	4622	4649	9269
5	4668	4631	4630	9270
5	4730	4670	4692	9271
5	4709	4671	4708	9272
5	4672	4635	4634	9273
5	4637	4600	4636	9274
5	4637	4542	4600	9275
5	4662	4623	4580	9276
5	4680	4667	4632	9277
5	4651	4626	4576	9278
5	4755	4675	4711	9279
5	4639	4605	4601	9280
5	4849	4781	4823	9281
5	4752	4718	4735	9282
5	4814	4777	4774	9283
5	4764	4748	4737	9284
5	4660	4572	4614	9285
5	4642	4621	4589	9286
5	4642	4589	4628	9287
5	4739	4698	4710	9288
5	4684	4617	4660	9289
5	4644	4616	4573	9290
5	4644	4573	4612	9291
5	4645	4620	4590	9292
5	4645	4590	4610	9293
5	4693	4621	4642	9294
5	4849	4829	4781	9295
5	4699	4657	4698	9296
5	4684	4643	4617	9297
5	4722	4662	4687	9298
5	4690	4640	4611	9299
5	4708	4669	4705	9300
5	4723	4649	4673	9301
5	4724	4688	4701	9302
5	4661	4602	4568	9303
5	4794	4713	4755	9304
5	4683	4612	4638	9305
5	4665	4608	4653	9306
5	4653	4609	4652	9307
5	4704	4665	4653	9308
5	4704	4685	4665	9309
5	4654	4618	4592	9310
5	4654	4592	4629	9311
5	4698	4657	4655	9312
5	4658	4604	4657	9313
5	4656	4628	4575	9314
5	4656	4575	4606	9315
5	4748	4721	4737	9316
5	4658	4647	4607	9317
5	4799	4784	4748	9318
5	4829	4756	4781	9319
5	4659	4648	4613	9320
5	4659	4613	4616	9321
5	4757	4684	4721	9322
5	4821	4790	4750	9323
5	4700	4627	4650	9324
5	4700	4661	4627	9325
5	4669	4631	4668	9326
5	4671	4633	4669	9327
5	4702	4619	4663	9328
5	4663	4619	4583	9329
5	4801	4741	4773	9330
5	4664	4625	4624	9331
5	4778	4651	4679	9332
5	4877	4779	4817	9333
5	4729	4666	4707	9334
5	4759	4715	4691	9335
5	4715	4642	4691	9336
5	4714	4691	4656	9337
5	4735	4718	4690	9338
5	4820	4783	4776	9339
5	4761	4718	4752	9340
5	4707	4635	4672	9341
5	4670	4668	4630	9342
5	4670	4630	4623	9343
5	4762	4729	4707	9344
5	4692	4623	4662	9345
5	4731	4708	4705	9346
5	4762	4707	4742	9347
5	4673	4649	4637	9348
5	4673	4637	4636	9349
5	4774	4683	4734	9350
5	4878	4803	4841	9351
5	4675	4654	4629	9352
5	4703	4663	4625	9353
5	4838	4805	4816	9354
5	4836	4795	4744	9355
5	4921	4858	4881	9356
5	4803	4761	4780	9357
5	4732	4702	4663	9358
5	4771	4726	4745	9359
5	4679	4651	4618	9360
5	4679	4618	4654	9361
5	5001	4966	4941	9362
5	4680	4620	4645	9363
5	4765	4686	4716	9364
5	4708	4671	4669	9365
5	4682	4655	4639	9366
5	4733	4682	4639	9367
5	4842	4747	4819	9368
5	4719	4674	4644	9369
5	5058	5001	5021	9370
5	4694	4614	4647	9371
5	4685	4675	4629	9372
5	4685	4629	4665	9373
5	4686	4656	4606	9374
5	4686	4606	4667	9375
5	4692	4670	4623	9376
5	4705	4669	4668	9377
5	4688	4664	4641	9378
5	4757	4721	4748	9379
5	4734	4638	4689	9380
5	4689	4638	4626	9381
5	4766	4735	4695	9382
5	4807	4788	4769	9383
5	4691	4642	4628	9384
5	4691	4628	4656	9385
5	4765	4714	4686	9386
5	4772	4716	4680	9387
5	4733	4639	4676	9388
5	4836	4744	4785	9389
5	4751	4732	4703	9390
5	5133	5060	5082	9391
5	4695	4690	4648	9392
5	4695	4648	4659	9393
5	4696	4653	4652	9394
5	4779	4751	4720	9395
5	4697	4694	4647	9396
5	4697	4647	4658	9397
5	4699	4658	4657	9398
5	4965	4937	4909	9399
5	4790	4733	4750	9400
5	4764	4738	4754	9401
5	4701	4661	4700	9402
5	4701	4688	4641	9403
5	4916	4911	4913	9404
5	4905	4817	4857	9405
5	4702	4696	4652	9406
5	4702	4652	4619	9407
5	4720	4664	4688	9408
5	4809	4746	4724	9409
5	5095	232	5043	9410
5	4981	4951	4975	9411
5	4761	4677	4718	9412
5	4731	4705	4706	9413
5	4706	4705	4668	9414
5	4706	4668	4670	9415
5	4742	4707	4672	9416
5	4729	4681	4666	9417
5	4851	4835	4834	9418
5	4854	4783	4820	9419
5	4807	4767	4788	9420
5	4789	4769	4788	9421
5	4710	4698	4682	9422
5	4770	4682	4733	9423
5	4822	4794	4755	9424
5	5012	4946	4988	9425
5	4885	4816	4865	9426
5	4947	4888	4934	9427
5	4855	4822	4787	9428
5	4794	4747	4713	9429
5	4772	4680	4736	9430
5	4886	4849	4823	9431
5	4756	4712	4693	9432
5	4770	4710	4682	9433
5	4826	4796	4765	9434
5	4749	4736	4681	9435
5	4740	4724	4701	9436
5	4717	4700	4650	9437
5	4718	4677	4640	9438
5	4718	4640	4690	9439
5	4856	4841	4780	9440
5	4864	4791	4824	9441
5	4901	4813	4837	9442
5	4751	4703	4720	9443
5	4721	4684	4660	9444
5	4721	4660	4694	9445
5	4730	4706	4670	9446
5	4722	4692	4662	9447
5	4723	4722	4687	9448
5	4723	4687	4649	9449
5	4740	4700	4717	9450
5	4725	4643	4684	9451
5	4740	4701	4700	9452
5	4818	4784	4799	9453
5	4726	4711	4685	9454
5	4726	4685	4704	9455
5	4727	4695	4659	9456
5	4727	4659	4674	9457
5	4728	4723	4673	9458
5	4728	4673	4677	9459
5	4783	4742	4776	9460
5	4736	4680	4645	9461
5	4743	4708	4731	9462
5	4731	4706	4730	9463
5	4858	4793	4835	9464
5	4793	4776	4743	9465
5	4758	4702	4732	9466
5	4850	4846	4812	9467
5	4756	4693	4715	9468
5	4785	4710	4770	9469
5	4774	4719	4683	9470
5	4734	4683	4638	9471
5	4791	4735	4766	9472
5	4883	4864	4824	9473
5	4806	4716	4772	9474
5	4879	4806	4843	9475
5	4737	4721	4694	9476
5	4737	4694	4697	9477
5	4738	4737	4697	9478
5	4738	4697	4699	9479
5	4739	4738	4699	9480
5	4739	4699	4698	9481
5	4799	4748	4764	9482
5	4757	4725	4684	9483
5	4741	4726	4704	9484
5	4741	4704	4696	9485
5	4793	4743	4760	9486
5	4767	4723	4728	9487
5	4776	4709	4743	9488
5	4743	4709	4708	9489
5	4744	4739	4710	9490
5	4785	4744	4710	9491
5	4773	4741	4696	9492
5	4859	4785	4815	9493
5	4746	4720	4688	9494
5	4746	4688	4724	9495
5	4833	4763	4778	9496
5	4755	4713	4675	9497
5	4754	4738	4739	9498
5	4805	4754	4795	9499
5	4811	4736	4749	9500
5	4806	4765	4716	9501
5	4750	4733	4676	9502
5	4750	4676	4712	9503
5	4758	4696	4702	9504
5	4801	4745	4741	9505
5	4778	4679	4747	9506
5	4875	4842	4870	9507
5	4753	4727	4674	9508
5	4753	4674	4719	9509
5	4764	4737	4738	9510
5	4890	4853	4818	9511
5	4771	4711	4726	9512
5	4982	4959	4919	9513
5	5128	5067	5084	9514
5	4759	4691	4714	9515
5	4800	4775	4786	9516
5	4768	4717	4678	9517
5	4773	4696	4758	9518
5	4845	4810	4745	9519
5	4914	4897	4849	9520
5	4821	4750	4782	9521
5	4760	4743	4731	9522
5	4789	4730	4769	9523
5	4803	4767	4728	9524
5	4761	4728	4677	9525
5	4820	4776	4793	9526
5	4918	4889	4896	9527
5	4804	4774	4734	9528
5	4798	4727	4753	9529
5	4923	4867	4908	9530
5	4784	4757	4748	9531
5	4904	4827	4863	9532
5	4915	4852	4882	9533
5	4804	4734	4763	9534
5	4828	4753	4777	9535
5	4791	4752	4735	9536
5	4807	4723	4767	9537
5	4808	4725	4757	9538
5	4892	4857	4825	9539
5	4769	4730	4692	9540
5	4769	4692	4722	9541
5	4790	4770	4733	9542
5	4903	4879	4843	9543
5	4855	4787	4830	9544
5	5078	5043	232	9545
5	4826	4765	4806	9546
5	4831	4762	4783	9547
5	4797	4732	4751	9548
5	4812	4758	4797	9549
5	4978	4939	4902	9550
5	4814	4774	4804	9551
5	4825	4809	4775	9552
5	4809	4724	4775	9553
5	4783	4762	4742	9554
5	4835	4793	4760	9555
5	4798	4766	4727	9556
5	4864	4832	4791	9557
5	4833	4804	4763	9558
5	4778	4763	4651	9559
5	4850	4812	4813	9560
5	4837	4751	4779	9561
5	4780	4761	4752	9562
5	5000	4958	4940	9563
5	4781	4756	4715	9564
5	4781	4715	4759	9565
5	4782	4750	4712	9566
5	4782	4712	4756	9567
5	4941	4904	4863	9568
5	4992	4922	4963	9569
5	4786	4717	4768	9570
5	4808	4768	4725	9571
5	4829	4782	4756	9572
5	4872	4825	4775	9573
5	4786	4775	4740	9574
5	4786	4740	4717	9575
5	4787	4755	4711	9576
5	4787	4711	4771	9577
5	4802	4760	4731	9578
5	4789	4731	4730	9579
5	4802	4731	4789	9580
5	4834	4760	4802	9581
5	5028	4950	4993	9582
5	4873	4790	4821	9583
5	4891	4841	4856	9584
5	4866	4777	4814	9585
5	4792	4749	4729	9586
5	4792	4729	4762	9587
5	4835	4760	4834	9588
5	4827	4811	4749	9589
5	4847	4794	4822	9590
5	4948	4898	4937	9591
5	4795	4754	4744	9592
5	4865	4795	4836	9593
5	4796	4759	4714	9594
5	4796	4714	4765	9595
5	4890	4818	4867	9596
5	5062	5013	5008	9597
5	4982	4919	4956	9598
5	4828	4798	4753	9599
5	4865	4816	4795	9600
5	4867	4818	4838	9601
5	4800	4786	4768	9602
5	4808	4800	4768	9603
5	4906	4865	4836	9604
5	4845	4745	4801	9605
5	4839	4789	4788	9606
5	4966	4904	4941	9607
5	4922	4854	4893	9608
5	4840	4767	4803	9609
5	4871	4804	4833	9610
5	4871	4814	4804	9611
5	4805	4799	4764	9612
5	4805	4764	4754	9613
5	4811	4772	4736	9614
5	4914	4849	4886	9615
5	4807	4769	4722	9616
5	4807	4722	4723	9617
5	4808	4757	4784	9618
5	4844	4808	4784	9619
5	4924	4882	4879	9620
5	4837	4797	4751	9621
5	4810	4771	4745	9622
5	4905	4877	4817	9623
5	4831	4792	4762	9624
5	4895	4831	4854	9625
5	4846	4773	4812	9626
5	4812	4773	4758	9627
5	4813	4812	4797	9628
5	4837	4813	4797	9629
5	4998	4925	4972	9630
5	4894	4856	4832	9631
5	4815	4785	4770	9632
5	4815	4770	4790	9633
5	4816	4805	4795	9634
5	5069	4984	5011	9635
5	4817	4779	4746	9636
5	4817	4746	4809	9637
5	4913	4853	4890	9638
5	4933	4880	4899	9639
5	4819	4747	4794	9640
5	4822	4755	4787	9641
5	4854	4831	4783	9642
5	4843	4772	4811	9643
5	4873	4815	4790	9644
5	4906	4836	4859	9645
5	4847	4819	4794	9646
5	4972	4925	4898	9647
5	4823	4781	4759	9648
5	4823	4759	4796	9649
5	4824	4791	4766	9650
5	4824	4766	4798	9651
5	4916	4913	4890	9652
5	4857	4817	4809	9653
5	4958	4903	4940	9654
5	4827	4749	4792	9655
5	4903	4843	4874	9656
5	4904	4874	4827	9657
5	5076	5025	5071	9658
5	4972	4898	4948	9659
5	4879	4826	4806	9660
5	5047	5004	5017	9661
5	4830	4787	4771	9662
5	4830	4771	4810	9663
5	4895	4863	4831	9664
5	4858	4820	4793	9665
5	4832	4780	4752	9666
5	4832	4752	4791	9667
5	4866	4828	4777	9668
5	4925	4871	4875	9669
5	4876	4788	4840	9670
5	4840	4788	4767	9671
5	4856	4780	4832	9672
5	4928	4841	4891	9673
5	4859	4836	4785	9674
5	4897	4829	4849	9675
5	4951	4933	4938	9676
5	4877	4837	4779	9677
5	4838	4818	4799	9678
5	4838	4799	4805	9679
5	4839	4834	4802	9680
5	4839	4802	4789	9681
5	5143	5129	5081	9682
5	4921	4893	4858	9683
5	5044	4992	5024	9684
5	4841	4803	4780	9685
5	4842	4833	4778	9686
5	4842	4778	4747	9687
5	4886	4823	4852	9688
5	4843	4806	4772	9689
5	4997	4914	4954	9690
5	4844	4800	4808	9691
5	5144	5104	5115	9692
5	4861	4810	4848	9693
5	4899	4801	4846	9694
5	4846	4801	4773	9695
5	5077	5057	5014	9696
5	4925	4875	4898	9697
5	5037	4957	4994	9698
5	4942	4907	4848	9699
5	4941	4863	4895	9700
5	5004	4932	4947	9701
5	4901	4837	4877	9702
5	4857	4809	4825	9703
5	4939	4860	4902	9704
5	5060	5015	4996	9705
5	4852	4823	4796	9706
5	4852	4796	4826	9707
5	4853	4844	4784	9708
5	4853	4784	4818	9709
5	4958	4924	4903	9710
5	4924	4879	4903	9711
5	4861	4830	4810	9712
5	5078	232	233	9713
5	4960	4920	4889	9714
5	5015	4983	4960	9715
5	4976	4905	4929	9716
5	4929	4857	4892	9717
5	4960	4889	4918	9718
5	4889	4851	4869	9719
5	5006	4935	4976	9720
5	5047	5018	5004	9721
5	4860	4824	4798	9722
5	4860	4798	4828	9723
5	5117	233	234	9724
5	4961	4880	4933	9725
5	4862	4821	4782	9726
5	4862	4782	4829	9727
5	4863	4827	4792	9728
5	4863	4792	4831	9729
5	5005	4948	4937	9730
5	4883	4824	4860	9731
5	4932	4900	4873	9732
5	4923	4890	4867	9733
5	4910	4866	4814	9734
5	4996	4918	4974	9735
5	4885	4868	4816	9736
5	4908	4867	4868	9737
5	4868	4867	4838	9738
5	4868	4838	4816	9739
5	4869	4851	4834	9740
5	4869	4834	4839	9741
5	4870	4842	4819	9742
5	4909	4819	4847	9743
5	4937	4898	4870	9744
5	4910	4814	4871	9745
5	4872	4775	4800	9746
5	5017	4947	4984	9747
5	4897	4862	4829	9748
5	4954	4914	4886	9749
5	4874	4843	4811	9750
5	4874	4811	4827	9751
5	4875	4871	4833	9752
5	4875	4833	4842	9753
5	4876	4869	4839	9754
5	4876	4839	4788	9755
5	4987	4971	4977	9756
5	4929	4905	4857	9757
5	4928	4912	4878	9758
5	4878	4840	4803	9759
5	4872	4800	4844	9760
5	4913	4844	4853	9761
5	4988	4946	4957	9762
5	4899	4846	4850	9763
5	4881	4858	4835	9764
5	4881	4835	4851	9765
5	4882	4852	4826	9766
5	4882	4826	4879	9767
5	5042	4972	5009	9768
5	4894	4832	4864	9769
5	4884	4847	4822	9770
5	4884	4822	4855	9771
5	5093	5047	5017	9772
5	5079	5050	5016	9773
5	4915	4886	4852	9774
5	4934	4888	4862	9775
5	4887	4855	4830	9776
5	4887	4830	4861	9777
5	4888	4873	4821	9778
5	4888	4821	4862	9779
5	4928	4878	4841	9780
5	5163	5120	5160	9781
5	5080	5063	5028	9782
5	4975	4901	4935	9783
5	4912	4840	4878	9784
5	5106	5066	5073	9785
5	5038	4971	4987	9786
5	5080	5028	5050	9787
5	4893	4854	4820	9788
5	4893	4820	4858	9789
5	4936	4864	4883	9790
5	4936	4894	4864	9791
5	5044	5021	4992	9792
5	4922	4895	4854	9793
5	4896	4889	4869	9794
5	4896	4869	4876	9795
5	5090	5011	5053	9796
5	4964	4934	4897	9797
5	4898	4875	4870	9798
5	4965	4909	4917	9799
5	4899	4880	4845	9800
5	4899	4845	4801	9801
5	4900	4859	4815	9802
5	4900	4815	4873	9803
5	4938	4850	4901	9804
5	4901	4850	4813	9805
5	4944	4866	4910	9806
5	4902	4860	4828	9807
5	4940	4903	4874	9808
5	5031	4966	5001	9809
5	4940	4874	4904	9810
5	4967	4895	4922	9811
5	5022	4968	4995	9812
5	4916	4892	4911	9813
5	5156	215	216	9814
5	5050	5028	4993	9815
5	4907	4861	4848	9816
5	4942	4848	4880	9817
5	4943	4908	4868	9818
5	4943	4868	4885	9819
5	4937	4870	4909	9820
5	5046	4980	5012	9821
5	5200	5143	5176	9822
5	4944	4910	4925	9823
5	4911	4892	4825	9824
5	4911	4825	4872	9825
5	4912	4896	4876	9826
5	4912	4876	4840	9827
5	4913	4911	4872	9828
5	4913	4872	4844	9829
5	5035	4997	4954	9830
5	4934	4862	4897	9831
5	5007	4924	4958	9832
5	4964	4897	4914	9833
5	4994	4942	4961	9834
5	4990	4929	4973	9835
5	4917	4909	4847	9836
5	4917	4847	4884	9837
5	4939	4883	4860	9838
5	4952	4891	4927	9839
5	4919	4884	4855	9840
5	4919	4855	4887	9841
5	4920	4881	4851	9842
5	4920	4851	4889	9843
5	5143	5081	5133	9844
5	5082	5060	5026	9845
5	4966	4940	4904	9846
5	5052	5024	4991	9847
5	4995	4968	4923	9848
5	4995	4923	4971	9849
5	4967	4941	4895	9850
5	5103	5010	5056	9851
5	5054	5039	5042	9852
5	4925	4910	4871	9853
5	4926	4885	4865	9854
5	4926	4865	4906	9855
5	4927	4891	4856	9856
5	4927	4856	4894	9857
5	4928	4896	4912	9858
5	5070	5054	5009	9859
5	4973	4892	4916	9860
5	4935	4877	4905	9861
5	4930	4906	4859	9862
5	4930	4859	4900	9863
5	4931	4887	4861	9864
5	4931	4861	4907	9865
5	5170	5153	5124	9866
5	4928	4918	4896	9867
5	4961	4942	4880	9868
5	4935	4901	4877	9869
5	4997	4964	4914	9870
5	4947	4932	4888	9871
5	4976	4935	4905	9872
5	4973	4929	4892	9873
5	4974	4891	4952	9874
5	5026	4974	4952	9875
5	5013	4965	5008	9876
5	5039	4985	4978	9877
5	4938	4933	4899	9878
5	4938	4899	4850	9879
5	5102	5054	5100	9880
5	5034	4970	4985	9881
5	5101	5021	5044	9882
5	5114	5084	5059	9883
5	5001	4941	4967	9884
5	4996	4960	4918	9885
5	5012	4980	4946	9886
5	5032	4961	5003	9887
5	5002	4943	4950	9888
5	5022	4916	4968	9889
5	4978	4902	4944	9890
5	4944	4902	4866	9891
5	4945	4915	4882	9892
5	4945	4882	4924	9893
5	4946	4931	4907	9894
5	5003	4933	4951	9895
5	5028	5002	4950	9896
5	5004	4962	4932	9897
5	5005	4937	4965	9898
5	5111	5077	235	9899
5	4949	4927	4894	9900
5	4949	4894	4936	9901
5	4950	4943	4885	9902
5	4950	4885	4926	9903
5	5091	5033	5066	9904
5	5006	4981	4975	9905
5	5026	4996	4974	9906
5	5055	5034	4985	9907
5	4953	4921	4881	9908
5	4953	4881	4920	9909
5	4979	4915	4945	9910
5	4979	4955	4915	9911
5	4955	4954	4886	9912
5	4955	4886	4915	9913
5	4956	4919	4887	9914
5	4956	4887	4931	9915
5	4957	4946	4907	9916
5	4957	4907	4942	9917
5	5085	5031	5058	9918
5	5067	4979	5030	9919
5	4959	4917	4884	9920
5	4959	4884	4919	9921
5	5060	4996	5026	9922
5	5031	5000	4966	9923
5	5141	5061	5105	9924
5	5003	4961	4933	9925
5	4962	4930	4900	9926
5	4962	4900	4932	9927
5	4963	4922	4893	9928
5	4963	4893	4921	9929
5	5175	212	213	9930
5	5132	5069	5090	9931
5	5171	239	5148	9932
5	5040	4948	5005	9933
5	5000	4940	4966	9934
5	5059	5030	5007	9935
5	5024	4963	4991	9936
5	4992	4967	4922	9937
5	4968	4916	4890	9938
5	4968	4890	4923	9939
5	4969	4926	4906	9940
5	4969	4906	4930	9941
5	4970	4936	4883	9942
5	4970	4883	4939	9943
5	4971	4923	4908	9944
5	5097	5019	5049	9945
5	4998	4944	4925	9946
5	5144	5116	5104	9947
5	5006	4975	4935	9948
5	5049	5019	5022	9949
5	4974	4918	4928	9950
5	4974	4928	4891	9951
5	4975	4951	4938	9952
5	4975	4938	4901	9953
5	5187	243	5160	9954
5	5033	4981	5006	9955
5	4977	4971	4908	9956
5	4977	4908	4943	9957
5	5086	5070	5040	9958
5	5034	4999	4970	9959
5	5035	4954	5027	9960
5	5059	5007	5010	9961
5	4980	4956	4931	9962
5	4980	4931	4946	9963
5	4990	4976	4929	9964
5	5065	4981	5033	9965
5	5111	5057	5077	9966
5	5057	5036	4982	9967
5	4983	4953	4920	9968
5	4983	4920	4960	9969
5	4984	4947	4934	9970
5	4984	4934	4964	9971
5	4985	4970	4939	9972
5	4985	4939	4978	9973
5	4986	4952	4927	9974
5	4986	4927	4949	9975
5	5002	4977	4943	9976
5	5050	4993	5016	9977
5	5105	5029	5065	9978
5	5037	4988	4957	9979
5	4989	4969	4930	9980
5	4989	4930	4962	9981
5	5065	5029	4981	9982
5	5066	5033	5041	9983
5	4991	4963	4921	9984
5	4991	4921	4953	9985
5	5025	4953	4983	9986
5	5071	4983	5015	9987
5	4993	4950	4926	9988
5	4993	4926	4969	9989
5	5204	213	214	9990
5	4994	4957	4942	9991
5	5038	4995	4971	9992
5	5070	5009	5040	9993
5	5015	4960	4996	9994
5	5026	4952	4986	9995
5	5017	5004	4947	9996
5	5172	5156	216	9997
5	5039	4978	4998	9998
5	4998	4978	4944	9999
5	4999	4949	4936	10000
5	4999	4936	4970	10001
5	5108	5074	5027	10002
5	5007	4945	4924	10003
5	5024	4992	4963	10004
5	5225	5200	5218	10005
5	5068	4987	5020	10006
5	5150	5079	5110	10007
5	5032	4994	4961	10008
5	5094	4994	5032	10009
5	5069	5017	4984	10010
5	5090	5069	5011	10011
5	5013	5005	4965	10012
5	5040	5009	4948	10013
5	5041	4976	4990	10014
5	5091	5065	5033	10015
5	5112	5099	5074	10016
5	5056	5000	5031	10017
5	5008	4965	4917	10018
5	5008	4917	4959	10019
5	5055	4985	5039	10020
5	5009	4972	4948	10021
5	5010	5007	4958	10022
5	5010	4958	5000	10023
5	5011	4984	4964	10024
5	5011	4964	4997	10025
5	5014	4982	4956	10026
5	5014	4956	4980	10027
5	5221	5203	245	10028
5	5116	5064	5104	10029
5	5117	5078	233	10030
5	5077	5014	5046	10031
5	5118	5044	5089	10032
5	5025	4991	4953	10033
5	5016	4993	4969	10034
5	5016	4969	4989	10035
5	5142	5135	5093	10036
5	5175	5142	5132	10037
5	5018	4989	4962	10038
5	5018	4962	5004	10039
5	5019	4990	4973	10040
5	5073	4990	5019	10041
5	5020	4987	4977	10042
5	5020	4977	5002	10043
5	5021	5001	4967	10044
5	5021	4967	4992	10045
5	5022	5019	4973	10046
5	5022	4973	4916	10047
5	5023	4986	4949	10048
5	5023	4949	4999	10049
5	5188	5119	5154	10050
5	5056	5010	5000	10051
5	5071	5025	4983	10052
5	5052	4991	5025	10053
5	5120	5083	5102	10054
5	5082	5026	5045	10055
5	5027	4954	4955	10056
5	5027	4955	4979	10057
5	5079	5016	5048	10058
5	5216	228	5179	10059
5	5029	5003	4951	10060
5	5029	4951	4981	10061
5	5030	4979	4945	10062
5	5030	4945	5007	10063
5	5081	5015	5060	10064
5	5058	5031	5001	10065
5	5121	5088	5094	10066
5	5095	5043	5072	10067
5	5198	222	5194	10068
5	5123	5091	5066	10069
5	5126	5051	5083	10070
5	5173	5145	5163	10071
5	5125	5053	5099	10072
5	5125	5090	5053	10073
5	5036	5008	4959	10074
5	5036	4959	4982	10075
5	5136	231	5095	10076
5	5204	5175	213	10077
5	5075	5038	4987	10078
5	5049	4995	5038	10079
5	5126	5098	5051	10080
5	5055	5039	5054	10081
5	5102	5055	5054	10082
5	5100	5054	5070	10083
5	5041	5033	5006	10084
5	5041	5006	4976	10085
5	5042	5039	4998	10086
5	5042	4998	4972	10087
5	5043	5012	4988	10088
5	5095	231	232	10089
5	5119	5085	5058	10090
5	5169	5085	5119	10091
5	5045	5026	4986	10092
5	5045	4986	5023	10093
5	5057	4982	5014	10094
5	5046	5014	4980	10095
5	5172	5150	5110	10096
5	5127	5050	5079	10097
5	5048	5016	4989	10098
5	5048	4989	5018	10099
5	5182	209	210	10100
5	5181	5161	5167	10101
5	5127	5080	5050	10102
5	5172	5110	5156	10103
5	5051	5023	4999	10104
5	5051	4999	5034	10105
5	5076	5052	5025	10106
5	5118	5101	5044	10107
5	5053	5011	4997	10108
5	5053	4997	5035	10109
5	5054	5042	5009	10110
5	5086	5040	5064	10111
5	5163	5126	5120	10112
5	5193	243	244	10113
5	5067	5027	4979	10114
5	5103	5059	5010	10115
5	5133	5081	5060	10116
5	5062	5008	5036	10117
5	5085	5056	5031	10118
5	5199	5146	5190	10119
5	5101	5058	5021	10120
5	5149	5125	5099	10121
5	5212	5170	5201	10122
5	5218	5200	5176	10123
5	5061	5032	5003	10124
5	5061	5003	5029	10125
5	5115	5062	5087	10126
5	5115	5104	5062	10127
5	5063	5020	5002	10128
5	5063	5002	5028	10129
5	5064	5040	5005	10130
5	5064	5005	5013	10131
5	5094	5032	5061	10132
5	5130	5065	5091	10133
5	5164	5131	5107	10134
5	5049	5022	4995	10135
5	5108	5027	5067	10136
5	5215	209	5162	10137
5	5137	5063	5080	10138
5	5131	5068	5107	10139
5	5132	5093	5069	10140
5	5175	5132	5155	10141
5	5075	4987	5068	10142
5	5106	5073	5097	10143
5	5196	5176	5153	10144
5	5081	5071	5015	10145
5	5072	5043	4988	10146
5	5072	4988	5037	10147
5	5073	5066	5041	10148
5	5073	5041	4990	10149
5	5074	5035	5027	10150
5	5206	5162	5128	10151
5	5097	5073	5019	10152
5	5122	5075	5096	10153
5	5089	5044	5024	10154
5	5089	5024	5052	10155
5	5117	5046	5078	10156
5	5077	234	235	10157
5	5078	5046	5012	10158
5	5078	5012	5043	10159
5	5150	5127	5079	10160
5	5151	5137	5080	10161
5	5151	5080	5127	10162
5	5131	5096	5068	10163
5	5176	5143	5133	10164
5	5152	5113	5076	10165
5	5168	5139	5100	10166
5	5227	5218	5196	10167
5	5083	5051	5034	10168
5	5083	5034	5055	10169
5	5084	5067	5030	10170
5	5084	5030	5059	10171
5	5157	5114	5103	10172
5	5114	5059	5103	10173
5	5138	5070	5086	10174
5	5102	5083	5055	10175
5	5087	5062	5036	10176
5	5087	5036	5057	10177
5	5088	5072	5037	10178
5	5136	5095	5072	10179
5	5213	5190	5210	10180
5	5196	5153	5170	10181
5	5202	5157	5195	10182
5	5093	5017	5069	10183
5	5185	5165	5123	10184
5	5130	5105	5065	10185
5	5092	5048	5018	10186
5	5092	5018	5047	10187
5	5156	5110	5092	10188
5	5142	5093	5132	10189
5	5094	5088	5037	10190
5	5094	5037	4994	10191
5	5136	5072	5088	10192
5	5136	230	231	10193
5	5096	5075	5068	10194
5	5137	5107	5063	10195
5	5109	5038	5075	10196
5	5123	5066	5106	10197
5	5098	5045	5023	10198
5	5098	5023	5051	10199
5	5099	5053	5035	10200
5	5099	5035	5074	10201
5	5148	5086	5116	10202
5	5178	5135	5142	10203
5	5226	203	204	10204
5	5119	5058	5101	10205
5	5163	5145	5126	10206
5	5126	5083	5120	10207
5	5157	5103	5140	10208
5	5128	5108	5067	10209
5	5104	5064	5013	10210
5	5104	5013	5062	10211
5	5158	5141	5105	10212
5	5105	5061	5029	10213
5	5134	5106	5097	10214
5	5122	5109	5075	10215
NPOIN= 5233
9.997500181200000e-01	-3.632768776089116e-05	0
9.990000128750000e-01	-1.451731053805576e-04	1
9.977599978450000e-01	-3.242269187459531e-04	2
9.960200190539999e-01	-5.722260797616628e-04	3
9.937800168990000e-01	-8.832067050175864e-04	4
9.910500049590000e-01	-1.245796418074502e-03	5
9.878399968150000e-01	-1.645653398407595e-03	6
9.841300249100000e-01	-2.071929716856070e-03	7
9.799500107769999e-01	-2.512569905731329e-03	8
9.752799868580000e-01	-2.970499252211821e-03	9
9.701499938960000e-01	-3.454896306609941e-03	10
9.645400047300000e-01	-3.988639400443227e-03	11
9.584699869160000e-01	-4.593097493699865e-03	12
9.519400000570000e-01	-5.286122885436076e-03	13
9.449599981310000e-01	-6.073785199467179e-03	14
9.375399947170000e-01	-6.950470244085754e-03	15
9.296900033950000e-01	-7.902347221201150e-03	16
9.214000105860000e-01	-8.915229370291315e-03	17
9.126999974250000e-01	-9.971952639409667e-03	18
9.035800099370001e-01	-1.106468874730996e-02	19
8.940600156780000e-01	-1.218674086098305e-02	20
8.841500282290000e-01	-1.333615375341866e-02	21
8.738499879840000e-01	-1.451390137832808e-02	22
8.631799817090000e-01	-1.571896547622248e-02	23
8.521599769590000e-01	-1.694985654501226e-02	24
8.407700061800000e-01	-1.820868489608411e-02	25
8.290500044819999e-01	-1.949014720846683e-02	26
8.170099854470000e-01	-2.079178276192920e-02	27
8.046399950980000e-01	-2.211298526621368e-02	28
7.919700145720000e-01	-2.344877443301389e-02	29
7.790099978450000e-01	-2.479637290728120e-02	30
7.657799720760000e-01	-2.615204334643585e-02	31
7.522799968720000e-01	-2.751417494791958e-02	32
7.385200262070000e-01	-2.888016508963738e-02	33
7.245299816130000e-01	-3.024550118023143e-02	34
7.103199958800001e-01	-3.160769305778065e-02	35
6.958900094030001e-01	-3.296519650882548e-02	36
6.812700033190000e-01	-3.431363608692331e-02	37
6.664699912070000e-01	-3.565055229700813e-02	38
6.514999866490000e-01	-3.697346580414446e-02	39
6.363800168040000e-01	-3.827901910653208e-02	40
6.211299896240000e-01	-3.956392116234948e-02	41
6.057599782940000e-01	-4.082573431027122e-02	42
5.902799963950000e-01	-4.206199384566618e-02	43
5.747100114820000e-01	-4.326943520864927e-02	44
5.590599775310000e-01	-4.444558302559405e-02	45
5.433599948880000e-01	-4.558647078263646e-02	46
5.276100039480000e-01	-4.669035540602182e-02	47
5.118399858470000e-01	-4.775334075905588e-02	48
4.960500001910000e-01	-4.877357355281686e-02	49
4.802699983120000e-01	-4.974721200114847e-02	50
4.645099937920000e-01	-5.067171380526965e-02	51
4.487800002100000e-01	-5.154445807490921e-02	52
4.331099987030000e-01	-5.236173153446440e-02	53
4.174999892710000e-01	-5.312141986275794e-02	54
4.019699990750000e-01	-5.382031929324679e-02	55
3.865399956700000e-01	-5.445529656743307e-02	56
3.712300062180000e-01	-5.502330100062985e-02	57
3.560400009160000e-01	-5.552200255007422e-02	58
3.409900069240000e-01	-5.594831005750110e-02	59
3.261100053790000e-01	-5.629905104105126e-02	60
3.113999962810000e-01	-5.657189411314752e-02	61
2.968699932100000e-01	-5.676417364513899e-02	62
2.825500071050000e-01	-5.687310760558387e-02	63
2.684499919410000e-01	-5.689635717163019e-02	64
2.545700073240000e-01	-5.683153325804709e-02	65
2.409400045870000e-01	-5.667645458624377e-02	66
2.275699973110000e-01	-5.642910243504037e-02	67
2.144699990750000e-01	-5.608753691317911e-02	68
2.016600072380000e-01	-5.565028849792011e-02	69
1.891400069000000e-01	-5.511539172402212e-02	70
1.769299954180000e-01	-5.448177254470248e-02	71
1.650400012730000e-01	-5.374820225171169e-02	72
1.534900069240000e-01	-5.291437907625388e-02	73
1.422899961470000e-01	-5.197973337401741e-02	74
1.314399987460000e-01	-5.094289997521866e-02	75
1.209499984980000e-01	-4.980335899948471e-02	76
1.108499988910000e-01	-4.856338593220827e-02	77
1.011300012470000e-01	-4.722088188595734e-02	78
9.181000292300000e-02	-4.577764475476047e-02	79
8.290000259900000e-02	-4.423464698085734e-02	80
7.440000027400000e-02	-4.259119666141264e-02	81
6.633000075800000e-02	-4.085066006190687e-02	82
5.869000032500000e-02	-3.901274324959074e-02	83
5.149000138000000e-02	-3.707945355294484e-02	84
4.473999887700000e-02	-3.505339017749638e-02	85
3.844000026600000e-02	-3.293437214074964e-02	86
3.260000050100000e-02	-3.072549107327151e-02	87
2.723000012300000e-02	-2.843087273458203e-02	88
2.232000045500000e-02	-2.604577294792254e-02	89
1.789999939500000e-02	-2.358541319711973e-02	90
1.394999958600000e-02	-2.103945377387629e-02	91
1.049000024800000e-02	-1.842100021799176e-02	92
7.519999985000000e-03	-1.573284911159581e-02	93
5.040000193000000e-03	-1.297771956207529e-02	94
3.049999941000000e-03	-1.015757500906478e-02	95
1.560000004000000e-03	-7.293937881349194e-03	96
5.600000150000000e-04	-4.373147146433293e-03	97
5.999999800000000e-05	-1.420878322974989e-03	98
0.000000000000000e+00	0.000000000000000e+00	99
5.999999800000000e-05	1.431655072464055e-03	100
5.600000150000000e-04	4.393626740756535e-03	101
1.560000004000000e-03	7.288152676594250e-03	102
3.049999941000000e-03	1.008413824934090e-02	103
5.040000193000000e-03	1.279331538877516e-02	104
7.519999985000000e-03	1.539511248495458e-02	105
1.049000024800000e-02	1.788921173208418e-02	106
1.394999958600000e-02	2.027531840362939e-02	107
1.789999939500000e-02	2.255366320338356e-02	108
2.232000045500000e-02	2.471599702999213e-02	109
2.723000012300000e-02	2.677519025842827e-02	110
3.260000050100000e-02	2.872217772817692e-02	111
3.844000026600000e-02	3.056543389753247e-02	112
4.473999887700000e-02	3.230604984887554e-02	113
5.149000138000000e-02	3.394623440515528e-02	114
5.869000032500000e-02	3.549097988990160e-02	115
6.633000075800000e-02	3.694311825012502e-02	116
7.440000027400000e-02	3.830603891193007e-02	117
8.290000259900000e-02	3.958495188753600e-02	118
9.181000292300000e-02	4.078220342707146e-02	119
1.011300012470000e-01	4.190324940624102e-02	120
1.108499988910000e-01	4.295217167875657e-02	121
1.209499984980000e-01	4.393227245356532e-02	122
1.314399987460000e-01	4.484978215538726e-02	123
1.422899961470000e-01	4.570724736122242e-02	124
1.534900069240000e-01	4.650917079060639e-02	125
1.650400012730000e-01	4.726054767080858e-02	126
1.769299954180000e-01	4.796543483104596e-02	127
1.891400069000000e-01	4.862721556628979e-02	128
2.016600072380000e-01	4.924971811122141e-02	129
2.144699990750000e-01	4.983606280546403e-02	130
2.275699973110000e-01	5.039000846906522e-02	131
2.409400045870000e-01	5.091407454330411e-02	132
2.545700073240000e-01	5.141085418724604e-02	133
2.684499919410000e-01	5.188250379021399e-02	134
2.825500071050000e-01	5.233009549017294e-02	135
2.968699932100000e-01	5.275520938750761e-02	136
3.113999962810000e-01	5.315852798337862e-02	137
3.261100053790000e-01	5.353965162009483e-02	138
3.409900069240000e-01	5.389817888210433e-02	139
3.560400009160000e-01	5.423328706895057e-02	140
3.712300062180000e-01	5.454284208039596e-02	141
3.865399956700000e-01	5.482437293468256e-02	142
4.019699990750000e-01	5.507513318968406e-02	143
4.174999892710000e-01	5.529136839140233e-02	144
4.331099987030000e-01	5.546877159936738e-02	145
4.487800002100000e-01	5.560252437550790e-02	146
4.645099937920000e-01	5.568743148035959e-02	147
4.802699983120000e-01	5.571762763651566e-02	148
4.960500001910000e-01	5.568700123513365e-02	149
5.118399858470000e-01	5.558906490730450e-02	150
5.276100039480000e-01	5.541730576514031e-02	151
5.433599948880000e-01	5.516488360425465e-02	152
5.590599775310000e-01	5.482543522744802e-02	153
5.747100114820000e-01	5.439224799424136e-02	154
5.902799963950000e-01	5.385974592219320e-02	155
6.057599782940000e-01	5.322243116195458e-02	156
6.211299896240000e-01	5.247595117569302e-02	157
6.363800168040000e-01	5.161646463751293e-02	158
6.514999866490000e-01	5.064112528038016e-02	159
6.664699912070000e-01	4.954901085149711e-02	160
6.812700033190000e-01	4.834088320432882e-02	161
6.958900094030001e-01	4.701839450881934e-02	162
7.103199958800001e-01	4.558480512059238e-02	163
7.245299816130000e-01	4.404731315474085e-02	164
7.385200262070000e-01	4.241189234362658e-02	165
7.522799968720000e-01	4.068718435843768e-02	166
7.657799720760000e-01	3.888616751668663e-02	167
7.790099978450000e-01	3.702098402501199e-02	168
7.919700145720000e-01	3.510346000574355e-02	169
8.046399950980000e-01	3.314921877603638e-02	170
8.170099854470000e-01	3.117307319102554e-02	171
8.290500044819999e-01	2.919341298549562e-02	172
8.407700061800000e-01	2.722205754800180e-02	173
8.521599769590000e-01	2.527367058768136e-02	174
8.631799817090000e-01	2.336765048378391e-02	175
8.738499879840000e-01	2.151241944513402e-02	176
8.841500282290000e-01	1.972237409605889e-02	177
8.940600156780000e-01	1.801051960015937e-02	178
9.035800099370001e-01	1.638400402678800e-02	179
9.126999974250000e-01	1.484800977595889e-02	180
9.214000105860000e-01	1.340413221730639e-02	181
9.296900033950000e-01	1.204285777718193e-02	182
9.375399947170000e-01	1.075573003929891e-02	183
9.449599981310000e-01	9.525001647981649e-03	184
9.519400000570000e-01	8.338284872766730e-03	185
9.584699869160000e-01	7.190687257314947e-03	186
9.645400047300000e-01	6.088355702637332e-03	187
9.701499938960000e-01	5.046109727766904e-03	188
9.752799868580000e-01	4.088054950206248e-03	189
9.799500107769999e-01	3.229293482101420e-03	190
9.841300249100000e-01	2.486476842762885e-03	191
9.878399968150000e-01	1.857102921251587e-03	192
9.910500049590000e-01	1.338840780221284e-03	193
9.937800168990000e-01	9.168778374537027e-04	194
9.960200190539999e-01	5.815463019995065e-04	195
9.977599978450000e-01	3.259531149593192e-04	196
9.990000128750000e-01	1.453304971640012e-04	197
9.997500181200000e-01	3.633018051403720e-05	198
1.000000000000000e+00	0.000000000000000e+00	199
1.984229087829600e+01	2.506659984589000e+00	200
1.937166023254400e+01	4.973800182343000e+00	201
1.859552955627400e+01	7.362490177155000e+00	202
1.752613067627000e+01	9.635069847106999e+00	203
1.618033981323200e+01	1.175570964813200e+01	204
1.457936954498300e+01	1.369093990325900e+01	205
1.274847984314000e+01	1.541026973724400e+01	206
1.071654033660900e+01	1.688656044006300e+01	207
8.515589714050000e+00	1.809654045105000e+01	208
6.180339813232000e+00	1.902112960815400e+01	209
3.747629880905000e+00	1.964575004577600e+01	210
1.255810022354000e+00	1.996052932739300e+01	211
-1.255810022354000e+00	1.996052932739300e+01	212
-3.747629880905000e+00	1.964574050903300e+01	213
-6.180339813232000e+00	1.902112960815400e+01	214
-8.515589714050000e+00	1.809654045105000e+01	215
-1.071654033660900e+01	1.688656044006300e+01	216
-1.274847984314000e+01	1.541026020050000e+01	217
-1.457936954498300e+01	1.369093990325900e+01	218
-1.618033981323200e+01	1.175570011138900e+01	219
-1.752613067627000e+01	9.635069847106999e+00	220
-1.859552955627400e+01	7.362490177155000e+00	221
-1.937166023254400e+01	4.973800182343000e+00	222
-1.984229087829600e+01	2.506659984589000e+00	223
-2.000000000000000e+01	0.000000000000000e+00	224
-1.984229087829600e+01	-2.506669998169000e+00	225
-1.937166023254400e+01	-4.973800182343000e+00	226
-1.859552955627400e+01	-7.362490177155000e+00	227
-1.752613067627000e+01	-9.635080337524000e+00	228
-1.618033981323200e+01	-1.175570964813200e+01	229
-1.457936954498300e+01	-1.369093990325900e+01	230
-1.274847984314000e+01	-1.541026973724400e+01	231
-1.071652984619100e+01	-1.688656044006300e+01	232
-8.515580177306999e+00	-1.809654045105000e+01	233
-6.180339813232000e+00	-1.902112960815400e+01	234
-3.747620105743000e+00	-1.964575004577600e+01	235
-1.255810022354000e+00	-1.996052932739300e+01	236
1.255810022354000e+00	-1.996052932739300e+01	237
3.747629880905000e+00	-1.964574050903300e+01	238
6.180339813232000e+00	-1.902112960815400e+01	239
8.515589714050000e+00	-1.809654045105000e+01	240
1.071654033660900e+01	-1.688656044006300e+01	241
1.274847984314000e+01	-1.541026020050000e+01	242
1.457936954498300e+01	-1.369093990325900e+01	243
1.618033981323200e+01	-1.175570011138900e+01	244
1.752614021301300e+01	-9.635069847106999e+00	245
1.859552955627400e+01	-7.362490177155000e+00	246
1.937166023254400e+01	-4.973790168762000e+00	247
1.984229087829600e+01	-2.506659984589000e+00	248
2.000000000000000e+01	0.000000000000000e+00	249
6.074264310633391e-02	-4.688602008815092e-02	250
6.601969039106423e-01	-5.003208518457381e-02	251
4.254824312692824e-01	6.973433005751879e-02	252
6.898699134615728e-01	6.078679641232971e-02	253
3.793952910408612e-01	-6.880466342537264e-02	254
9.994554861060494e-01	-7.199052761185349e-04	255
9.985359324570786e-01	-1.308046703585101e-03	256
7.736248730873750e-01	-3.760818847997818e-02	257
6.898168923124630e-01	-4.704178352820100e-02	258
-1.511884546345793e-03	6.721663936570174e-03	259
7.466376765695031e-01	-4.080821098185704e-02	260
5.832723319165489e-01	6.818922451047624e-02	261
9.927451737733093e-01	-3.520787402835480e-03	262
9.898297291434467e-01	-4.342540669836523e-03	263
5.988639944152255e-01	6.749949147832406e-02	264
7.186704878681736e-01	-4.395632544533778e-02	265
-1.644831550696899e-03	7.946262259082401e-04	266
9.864186898474181e-01	-5.205233705901572e-03	267
9.825223742250594e-01	-6.090882460442449e-03	268
-1.539632376150108e-03	-6.739917091399285e-03	269
6.451391260903901e-01	-5.148488849885394e-02	270
8.242080892340532e-01	-3.119252422261894e-02	271
7.995091519492380e-01	-3.440240062647257e-02	272
3.484615866450503e-01	6.800728444697085e-02	273
8.475919795945689e-01	-2.802510644441862e-02	274
2.473981928791998e-01	6.386758193071816e-02	275
8.695989423249769e-01	-2.490812826068706e-02	276
9.962421271553184e-03	2.215758119028191e-02	277
8.901221059704263e-01	-2.186316582357649e-02	278
7.705506087217912e-02	-5.117332378444248e-02	279
9.090878698361111e-01	-1.890575877240601e-02	280
-2.012138235096042e-03	-3.308473028115233e-03	281
9.420270020217820e-01	-1.341067927512232e-02	282
9.264145215434861e-01	-1.606471991771173e-02	283
1.783136935730872e-02	-2.878911722777622e-02	284
4.259994644588010e-01	-6.707143354969239e-02	285
8.587767431100938e-01	-2.645652579258914e-02	286
9.558871020843355e-01	-1.102668018136951e-02	287
9.781356255747702e-01	-7.013768280130573e-03	288
9.679446046349359e-01	-8.917893113005008e-03	289
1.584240394518756e-01	-6.393867393390522e-02	290
8.998067215481338e-01	-2.037266075772860e-02	291
7.602639636760030e-01	-3.921208254496066e-02	292
9.971061865200007e-01	-2.033869080602048e-03	293
5.991565188459671e-01	-5.563623421045115e-02	294
4.416951547738271e-01	-6.634157007169214e-02	295
5.365052851891106e-01	-6.057642051347222e-02	296
4.732502238053899e-01	-6.467247970089433e-02	297
5.048902149213644e-01	-6.274337555282875e-02	298
4.890589680953817e-01	-6.373849474053307e-02	299
1.250639450828326e-01	-5.998364680470996e-02	300
2.776027473714941e-02	-3.443800363706182e-02	301
3.948373864288075e-01	-6.830653677871369e-02	302
4.618564030502646e-02	-4.220299311400336e-02	303
4.103734583396398e-01	-6.772858929312181e-02	304
3.189882331750428e-01	-6.994919363089457e-02	305
3.488882080677480e-01	-6.955606541376859e-02	306
3.344065824538692e-02	-3.710915221167994e-02	307
2.897763953322942e-01	-6.997498630903411e-02	308
9.344387126547137e-01	-1.470720778877321e-02	309
1.469502441043789e-01	-6.272890624872428e-02	310
1.948456635759279e-01	-6.688778510090868e-02	311
8.584577581710662e-02	-5.315731737592325e-02	312
1.046697450738324e-01	-5.680065131975509e-02	313
5.679717917541034e-01	-5.820614073111804e-02	314
1.702411306967802e-01	-6.503702414090730e-02	315
6.146106309692085e-01	-5.428678362615405e-02	316
8.800544230435980e-01	-2.337692663933811e-02	317
2.256784389429468e-02	-3.166294214832935e-02	318
9.951755581738122e-01	-2.760573014609052e-03	319
6.572458485037454e-03	-1.973972497237100e-02	320
1.799681620136085e-02	2.760867161155863e-02	321
9.179596605278215e-01	-1.746705742487404e-02	322
9.491823836325740e-01	-1.218273380016158e-02	323
9.732755549331088e-01	-7.946234187990389e-03	324
-2.188770435301204e-04	9.995193205891591e-03	325
8.360669836847158e-01	-2.960242271572424e-02	326
2.475716346226083e-01	-6.928784036134793e-02	327
5.522683183470654e-01	-5.941971214452406e-02	328
7.327667929860662e-01	-4.238804640769417e-02	329
7.867068604439756e-01	-3.600545322175990e-02	330
1.146724725237634e-01	-5.845559034048188e-02	331
2.206579969004566e-01	-6.829874196029004e-02	332
5.836110950034016e-01	-5.694351635975674e-02	333
6.750864373168063e-01	-4.855038776237041e-02	334
5.323115376093133e-02	-4.460383539081997e-02	335
3.796750534314313e-03	-1.657952777029391e-02	336
1.359585576959944e-02	-2.586179222429481e-02	337
3.640810316454314e-01	-6.922382621875564e-02	338
1.823945362562019e-01	-6.601926874865047e-02	339
9.999296041814855e-01	-3.812309027342871e-04	340
2.339749381545339e-01	-6.884549847137203e-02	341
9.505551714768250e-02	-5.503476898366533e-02	342
3.042852126744930e-01	-7.001362116376930e-02	343
2.614135642320080e-01	-6.961185647738460e-02	344
4.574498317092089e-01	-6.554311364545665e-02	345
7.043375133208464e-01	-4.551114756868083e-02	346
-2.004821715633363e-03	3.311684460716242e-03	347
-2.660009897625133e-04	-1.006826867532008e-02	348
5.360545685793272e-01	6.958244121001589e-02	349
-1.644988589152193e-03	-7.901988296377879e-04	350
2.796081488084281e-02	3.263544831377171e-02	351
5.347431814933060e-02	4.136016689606688e-02	352
3.981199685450211e-02	3.720275196338762e-02	353
1.148725813391984e-01	5.287498603473878e-02	354
4.098667264242510e-01	6.948803601247693e-02	355
9.971300866004549e-01	2.064337425802947e-03	356
5.202308844825360e-01	6.984589440351306e-02	357
4.727295670044011e-01	7.011671257357682e-02	358
9.734839174363579e-01	9.274721430542482e-03	359
9.624232657195041e-01	1.215940746375649e-02	360
8.905408561600953e-01	2.795899369063331e-02	361
4.885467959381271e-01	7.010586118900805e-02	362
4.411722691281464e-01	6.992468040768920e-02	363
3.789216948190776e-01	6.883653314003786e-02	364
9.267763120361624e-01	2.031189856981080e-02	365
9.094781257935668e-01	2.399054305425209e-02	366
7.729913546061561e-02	4.682842086370832e-02	367
9.783059070568343e-01	7.955280370117763e-03	368
9.561866607530544e-01	1.369347168127902e-02	369
9.423614858840300e-01	1.689801904040488e-02	370
9.528469541694379e-02	5.002225968752753e-02	371
6.098855189930552e-02	4.326826399362202e-02	372
2.894805707186036e-01	6.585810571264890e-02	373
2.611978341154972e-01	6.456293466664480e-02	374
1.703099479387402e-01	5.871438285833414e-02	375
3.186209985360229e-01	6.700759353143640e-02	376
4.569256227057810e-01	7.005592442304850e-02	377
3.943452654128711e-01	6.918700354843810e-02	378
1.470812246698290e-01	5.656565336813338e-02	379
1.252440516552993e-01	5.416835337163353e-02	380
6.297460200816983e-01	6.576234059596153e-02	381
1.948407417997652e-01	6.062225815172336e-02	382
2.205707747989732e-01	6.232916307302490e-02	383
6.601276450408614e-01	6.352966026588408e-02	384
5.675909838277410e-01	6.876424185917920e-02	385
7.469115995318897e-01	5.388525714057448e-02	386
7.188408076811436e-01	5.755358260227047e-02	387
7.999228716142903e-01	4.554381854673437e-02	388
7.739816697139806e-01	4.984203208895982e-02	389
8.480433703850546e-01	3.659663787514410e-02	390
8.246520632490734e-01	4.108128073297898e-02	391
9.002116013019389e-01	2.593921968502545e-02	392
8.700400925784182e-01	3.218692320855682e-02	393
9.495014026735096e-01	1.527313351719807e-02	394
9.183353611512733e-01	2.211511640584763e-02	395
9.681885669911512e-01	1.068143332935468e-02	396
8.592248513844595e-01	3.437289031728227e-02	397
8.804856156977510e-01	3.004555180490094e-02	398
8.124474288060094e-01	4.332595071604105e-02	399
8.365171178704479e-01	3.883506599180298e-02	400
7.605824358428492e-01	5.190374239303353e-02	401
7.870954085840807e-01	4.771904006909156e-02	402
7.044501725247155e-01	5.923091541608316e-02	403
7.329909304039877e-01	5.576932386635632e-02	404
6.450097065684750e-01	6.471111372983579e-02	405
6.750781720998678e-01	6.222131079402973e-02	406
5.518499523156704e-01	6.922870358385057e-02	407
6.143688669625113e-01	6.669088367624772e-02	408
2.075661037953771e-01	6.149894067165997e-02	409
2.338448631289350e-01	6.311812740259376e-02	410
1.585255477525588e-01	5.767026847607195e-02	411
1.824276159573001e-01	5.969664177790279e-02	412
4.642200962332309e-02	3.933226227452969e-02	413
1.359909515485712e-01	5.540276264406955e-02	414
1.374235034944218e-02	2.495137448251003e-02	415
3.365505015511021e-02	3.496400973768268e-02	416
2.076114312520817e-01	-6.764744149439836e-02	417
3.882804298167621e-03	1.628320635700767e-02	418
9.621484421063066e-01	-9.941007903726054e-03	419
8.120153202223528e-01	-3.279685218707213e-02	420
3.338495497205918e-01	-6.979464222189996e-02	421
5.207084142650109e-01	-6.168739294276178e-02	422
1.586307290838223e-03	1.319243537767514e-02	423
2.275165676484696e-02	3.018269225961718e-02	424
6.678555557034514e-03	1.927460372329290e-02	425
8.608413212545056e-02	4.846875735154309e-02	426
6.892961341199069e-02	4.509543727156141e-02	427
2.752327782698055e-01	6.522710691727106e-02	428
1.048861541127570e-01	5.148909152146880e-02	429
9.826544802118352e-01	6.714545748869175e-03	430
9.865171710270825e-01	5.591173052160937e-03	431
3.039521948273941e-01	6.645526719477846e-02	432
9.899000632782213e-01	4.564995176044951e-03	433
9.927945332405339e-01	3.641339815310602e-03	434
3.334512985572586e-01	6.752346957550059e-02	435
3.636292382869856e-01	6.844471967132718e-02	436
9.347869714875474e-01	1.857397690210238e-02	437
9.999355537522504e-01	3.797483601438466e-04	438
9.985516050296930e-01	1.320984119476094e-03	439
9.994654182813132e-01	7.232510348486933e-04	440
6.299333575759773e-01	-5.290234212739994e-02	441
3.958531226432173e-02	-3.970558970053101e-02	442
9.952100215357336e-01	2.822685101947743e-03	443
5.043922042691183e-01	7.001917293473135e-02	444
1.519857272316863e-03	-1.335810716366912e-02	445
9.836241316184048e-03	-2.282773529751085e-02	446
6.868305176390042e-02	-4.908163116792707e-02	447
1.358338363984651e-01	-6.141371861002583e-02	448
2.754894455954525e-01	-6.984104639152944e-02	449
7.117236118678029e-02	5.441844970129781e-02	450
-3.718709619732353e-03	9.465439814843286e-03	451
-4.670165464256189e-03	5.418868328983371e-03	452
2.824561118701110e-01	-8.444447342425034e-02	453
6.986347318075891e-01	-6.111846106838607e-02	454
9.149439891021902e-01	-2.729237955225869e-02	455
5.310754185357609e-03	-2.430718289981353e-02	456
5.763559333288293e-01	8.424580918860099e-02	457
6.839856953816480e-01	-6.282883880739867e-02	458
7.817852967885566e-01	-5.018069730643739e-02	459
9.890255075881219e-01	-8.181044000276855e-03	460
3.265498452519501e-01	-8.501317561613891e-02	461
8.547588420317401e-01	-3.867789669348617e-02	462
8.317422434031247e-01	-4.252674994073686e-02	463
8.846050524615438e-02	-6.332704649711005e-02	464
-3.796478072059760e-03	-9.526353154888423e-03	465
2.134110914769714e-01	-8.123647317540056e-02	466
1.287993684540939e-02	-3.134582554789399e-02	467
9.601978368830605e-01	-1.694085854166884e-02	468
1.513728291740028e-01	-7.493187226511253e-02	469
7.130825689159115e-01	-5.936476625190644e-02	470
6.541509512511621e-01	-6.613537508711377e-02	471
4.503864879972025e-01	-8.200624665646572e-02	472
7.935891492666719e-02	-6.095193263019601e-02	473
3.876138572983785e-01	-8.428787779981536e-02	474
8.964458450334523e-01	-3.103245865564865e-02	475
7.947240995293652e-01	-4.829096898529451e-02	476
5.541034841985672e-03	2.372689999745139e-02	477
1.775061246591538e-02	3.340767788179307e-02	478
6.690739327767834e-01	7.781770208497654e-02	479
8.443464236527115e-01	4.938108394370530e-02	480
1.083197593156603e-01	6.243467461925568e-02	481
6.840354668206060e-01	7.626134439180367e-02	482
1.633090099245008e-01	7.033251156434370e-02	483
8.772690299350779e-01	4.175099125878558e-02	484
9.892143329467207e-01	8.527319982692013e-03	485
3.407423388560802e-01	8.319948782163933e-02	486
5.128877032122533e-01	8.595169444287028e-02	487
9.543826661894598e-01	2.125876490532504e-02	488
8.874862638241531e-01	3.926206248243710e-02	489
9.922535715315350e-01	7.012474305708710e-03	490
9.607740580805056e-01	1.923913002057908e-02	491
9.816616229506213e-01	1.177084218598563e-02	492
2.399550458230858e-01	7.748594638020322e-02	493
3.257656443311057e-01	8.253679773388360e-02	494
2.264765601026505e-01	7.644256547081366e-02	495
9.843096050727221e-02	6.058042398478506e-02	496
6.691497723263543e-01	-6.450400318596949e-02	497
2.003890126135213e-01	-8.022721634213795e-02	498
9.116954533359194e-03	2.704898972665235e-02	499
1.402623401075363e-01	6.738510643885182e-02	500
4.771137591334655e-02	4.739973989805123e-02	501
9.721594680021733e-01	1.536366055614003e-02	502
9.948186725956517e-01	5.669300998906818e-03	503
8.973061518272960e-01	3.681902500308117e-02	504
1.631351105100483e-01	-7.645186357759304e-02	505
1.000205812329267e+00	2.296636523414646e-04	506
9.985322682807549e-01	3.008762836560407e-03	507
9.969191481042809e-01	4.345826244284592e-03	508
2.475790078403691e-03	2.028956429106267e-02	509
-2.158627327279786e-03	1.315043165604584e-02	510
2.285024560682134e-03	-2.068854211816466e-02	511
-4.004328783996479e-03	-1.719586287357304e-03	512
-3.147312030353719e-03	1.781877930645637e-06	513
1.740538026705087e-02	-3.471915818731260e-02	514
1.000201853475448e+00	-2.353162783422105e-04	515
6.243185928353309e-02	-5.584865453460641e-02	516
9.984831779907694e-01	-2.980049874005354e-03	517
9.947162119361334e-01	-5.547784743158271e-03	518
4.178063416401464e-01	8.557371787982554e-02	519
5.455753848161782e-01	-7.607072809405264e-02	520
9.854192334301002e-01	-9.538040369689010e-03	521
8.763637250123846e-01	-3.484090719867612e-02	522
5.920816245466211e-01	8.350614099850845e-02	523
9.921144840187642e-01	-6.801924408764672e-03	524
-4.705768438607407e-03	-5.432340572556839e-03	525
4.345874455296999e-01	-8.271072541909964e-02	526
4.021699468277717e-01	8.523091270931422e-02	527
8.434167571050120e-01	-4.060898077141022e-02	528
2.818886632950224e-01	8.022907481285529e-02	529
8.657435939770963e-01	-3.675088965203094e-02	530
8.866012934916637e-01	-3.293008757429858e-02	531
7.068081118660356e-02	-5.845840016983592e-02	532
9.059003383581009e-01	-2.915514833169312e-02	533
9.235728244838125e-01	-2.545831199114527e-02	534
9.468679519063440e-01	-2.019230065277910e-02	535
2.792301478024674e-02	-4.128595171460366e-02	536
9.537570337673119e-01	-1.854107771344985e-02	537
9.661872218486336e-01	-1.539191180188921e-02	538
9.813475744854282e-01	-1.097788574543519e-02	539
1.289114189671233e-01	-7.154457521740783e-02	540
7.550649635758653e-01	-5.393234065209699e-02	541
7.685661990992272e-01	-5.206104982331007e-02	542
9.968460685807322e-01	-4.281671906883398e-03	543
4.662431539040477e-01	-8.121411193160441e-02	544
4.821142563023283e-01	-8.033375324849167e-02	545
4.979955016902423e-01	-7.937977678252990e-02	546
2.241107106145470e-02	-3.806473606009354e-02	547
4.031890892763527e-01	-8.386090227017265e-02	548
4.188506181905098e-01	-8.333369834695371e-02	549
3.415861747469511e-01	-8.499120463905929e-02	550
4.034096984071249e-02	-4.742857097530093e-02	551
9.317766399554132e-01	-2.365562284164840e-02	552
9.395387335584342e-01	-2.189457617594245e-02	553
1.399696291376411e-01	-7.329756836829905e-02	554
9.798154493319516e-02	-6.558649900146335e-02	555
5.613683882354931e-01	-7.484764081025028e-02	556
6.082661973068393e-01	-7.073342787193722e-02	557
9.717055098058174e-01	-1.388561264711253e-02	558
9.767542160124000e-01	-1.242311371541020e-02	559
7.273122628776424e-01	-5.757768269858138e-02	560
7.413025819369440e-01	-5.577172272881525e-02	561
1.078986026700064e-01	-6.771777288574414e-02	562
1.182256017544414e-01	-6.970035292646398e-02	563
5.770883544927274e-01	-7.353991419405671e-02	564
5.927245905917855e-01	-7.216627360310444e-02	565
4.723254712887292e-02	-5.036945167729233e-02	566
5.462066880667768e-02	-5.318129400746051e-02	567
8.847647810666858e-03	-2.784276386758505e-02	568
3.568025755363989e-01	-8.486555816890543e-02	569
3.721493867856052e-01	-8.462418565743694e-02	570
1.752454876377108e-01	-7.784125134601426e-02	571
1.876657612378172e-01	-7.909842406602688e-02	572
2.266993901049643e-01	-8.212768856584268e-02	573
2.402667902742592e-01	-8.289943786135803e-02	574
2.969546984396034e-01	-8.475271660988937e-02	575
3.116731222471830e-01	-8.494176111153927e-02	576
2.541141781459001e-01	-8.353463903655577e-02	577
-3.999525930163315e-03	1.722065962054470e-03	578
-2.438074027270514e-04	-1.701740086876674e-02	579
4.080208156150470e-02	4.481515750964698e-02	580
9.856660420923165e-01	1.007662791459119e-02	581
5.287997439797153e-01	8.568767166354779e-02	582
4.969647470043007e-01	8.611225792449688e-02	583
4.810613571412142e-01	8.617380629404990e-02	584
4.651784665425134e-01	8.615130782849764e-02	585
9.771390461052329e-01	1.353422753848541e-02	586
9.667060494974350e-01	1.727152103840457e-02	587
9.243441674447089e-01	2.981904740473099e-02	588
4.493194144884257e-01	8.603676957441253e-02	589
4.335272605383677e-01	8.584002577138704e-02	590
3.866284549512620e-01	8.481395136920972e-02	591
9.157466070649107e-01	3.209523463179863e-02	592
9.475356916631622e-01	2.332237417841678e-02	593
6.292409152008431e-02	5.215982290373309e-02	594
5.510926090880455e-02	4.984992914994726e-02	595
2.537138560145720e-01	7.845812330297890e-02	596
2.676899190229258e-01	7.935735341075709e-02	597
1.516095818549719e-01	6.889208497629420e-02	598
1.292533833984017e-01	6.580357304597201e-02	599
1.186102242105056e-01	6.417033720179684e-02	600
7.955512154376376e-01	5.949932601322368e-02	601
7.418175968532856e-01	6.873179395623569e-02	602
7.277210368871467e-01	7.079198308342681e-02	603
7.825542408586728e-01	6.191895425343374e-02	604
8.326632067113403e-01	5.193242085596871e-02	605
9.067330413049862e-01	3.443177998846862e-02	606
8.666635151502471e-01	4.426568337335415e-02	607
8.556875636199187e-01	4.681615928309249e-02	608
8.206319149987803e-01	5.448678751131620e-02	609
8.082514093083073e-01	5.701943435790612e-02	610
7.692632287841390e-01	6.427442177725116e-02	611
7.556769120621732e-01	6.655610795771594e-02	612
7.133769860910288e-01	7.274542347769807e-02	613
6.988086657754398e-01	7.457289039123136e-02	614
6.539506400371708e-01	7.923396035956159e-02	615
6.386623612376284e-01	8.050481619252270e-02	616
5.605547316548065e-01	8.485632292853806e-02	617
5.446896503999066e-01	8.532490389811209e-02	618
6.232529579568922e-01	8.163608272980952e-02	619
6.077217348499485e-01	8.263710174445893e-02	620
2.132755674121574e-01	7.534410074357090e-02	621
2.003381141978498e-01	7.419010920206630e-02	622
1.876950800228618e-01	7.297722213967270e-02	623
1.753499041899722e-01	7.169369289367743e-02	624
1.318890868853575e-02	3.030621521911234e-02	625
3.433503913961472e-02	4.211798714584020e-02	626
2.833502546481910e-02	3.935624469726062e-02	627
8.073798866662337e-01	-4.638450208521788e-02	628
8.197295970250468e-01	-4.445681447224666e-02	629
5.138836263329445e-01	-7.834490708926213e-02	630
5.297469658471897e-01	-7.723670905506266e-02	631
-9.169006726406805e-05	1.676557365895354e-02	632
2.279235286287448e-02	3.645508284235637e-02	633
8.893088022462489e-02	5.862386449949961e-02	634
7.984324415239948e-02	5.657229809181551e-02	635
3.109547649830278e-01	8.183060612418153e-02	636
2.963091451852351e-01	8.105985463415015e-02	637
3.712046638149303e-01	8.433908694853165e-02	638
3.559049337918256e-01	8.380643200873766e-02	639
9.402433612991667e-01	2.543028508117579e-02	640
9.325155516669561e-01	2.759751926877043e-02	641
6.236898863639762e-01	-6.924710655311102e-02	642
6.389840567457250e-01	-6.771597313857401e-02	643
3.389703909566237e-02	-4.438266407176523e-02	644
-2.273006107807402e-03	-1.328967836578699e-02	645
2.681752849918984e-01	-8.403434452801910e-02	646
-7.502713907808245e-03	-8.209884208962324e-03	647
3.958701277783716e-01	-1.016672067978101e-01	648
2.893115846161628e-01	-1.009002958501178e-01	649
7.903804820738686e-01	-6.394919746379518e-02	650
5.389881684285138e-01	-9.457568996419970e-02	651
9.212971018324918e-01	-3.618692803857906e-02	652
9.922967704202461e-01	1.097878512632388e-02	653
9.890668308423523e-01	1.314775594275116e-02	654
9.658309438466761e-01	2.485830027075386e-02	655
-2.092887273354638e-03	2.083024705813444e-02	656
9.949174476291749e-01	9.017899043311418e-03	657
9.994920383813153e-01	1.755498764804433e-03	658
1.000202288222067e+00	5.395468860001048e-04	659
9.987660953972125e-01	-5.015356919868832e-03	660
1.000461572537692e+00	-5.475401258050954e-06	661
1.646596589684279e-02	-4.142583186813226e-02	662
-7.054957005258545e-03	3.036504061140649e-03	663
9.062654993914479e-02	-7.488007806317336e-02	664
9.296856971259501e-01	-3.388939524053997e-02	665
9.920312645344725e-01	-1.069391914256125e-02	666
5.695382130245182e-01	1.022231496479085e-01	667
9.994628468150154e-01	-1.748436905508779e-03	668
4.004590802257903e-04	-2.531164253472561e-02	669
7.078416529812175e-01	-7.665633573181097e-02	670
-4.584792399656517e-03	-1.696099480509183e-02	671
7.222163602847141e-01	-7.463926704187973e-02	672
1.174947769270155e-02	-3.749885436634025e-02	673
8.731903189329042e-01	-4.785887425707126e-02	674
3.690122670921175e-03	-2.942320345864533e-02	675
3.340597983549322e-01	-1.019626017627709e-01	676
8.624080562251366e-01	-5.019206634661647e-02	677
6.932447613231263e-01	-7.861547079348562e-02	678
9.947162317072991e-01	-8.843777604245887e-03	679
7.400154317997505e-03	-3.351600307844217e-02	680
9.812495199065309e-01	1.762913319396241e-02	681
5.215820536388969e-01	1.036646216566920e-01	682
9.531926969180385e-01	2.994716746549793e-02	683
6.632913633852073e-01	9.533902413903263e-02	684
9.971578346031523e-01	7.072392345825777e-03	685
5.055600623417283e-01	1.039114398237885e-01	686
2.739904167105438e-01	9.597288604070224e-02	687
3.328091418283134e-01	9.993890535240055e-02	688
1.557787267854431e-01	8.284435392801121e-02	689
6.437144543097963e-02	6.227689529580132e-02	690
1.000051494888889e+00	1.033614077551074e-03	691
-6.308852606769999e-03	-1.273978577967291e-02	692
-6.163435621668379e-03	1.263422922787406e-02	693
1.223263272669822e-02	3.634833939743196e-02	694
-7.416137846223306e-03	8.173582616691861e-03	695
9.650071824612433e-01	-2.290569634142272e-02	696
8.120108690390530e-02	-7.205391756852499e-02	697
-5.276911626469689e-03	1.193010673519452e-06	698
1.554639389641792e-01	-8.875446379799636e-02	699
4.592097304804959e-01	-9.953727676807445e-02	700
2.177332332413155e-02	-4.533561297850079e-02	701
4.058796031427996e-03	2.874229733969020e-02	702
8.411660285399267e-01	6.377783778922394e-02	703
7.916211166062306e-01	7.519982163582561e-02	704
6.784488611694363e-01	9.365192590392010e-02	705
9.854432155396827e-01	1.530234996966987e-02	706
9.597442529596153e-01	2.737991435556351e-02	707
8.950013848656280e-01	4.914328562787446e-02	708
8.850112557651529e-01	5.204678254150359e-02	709
3.178375930346702e-01	9.906307797116490e-02	710
2.883760924483685e-01	9.707404661794890e-02	711
2.321351934578978e-01	9.234971287865683e-02	712
1.011325794540078e-01	7.259308723113796e-02	713
6.634997858815589e-01	-8.236602051488517e-02	714
6.784637353860061e-01	-8.051769534573566e-02	715
2.056917077870470e-01	-9.531423322661722e-02	716
7.827912892552713e-03	3.261628695770030e-02	717
1.441572582065369e-01	8.095178732049088e-02	718
9.765778114772070e-01	1.997771643985033e-02	719
9.988652120920806e-01	5.057303863835895e-03	720
7.118522545005478e-04	2.482210859418401e-02	721
-4.385875153822083e-03	1.675890720706115e-02	722
-2.347432230373082e-03	-2.116040598134490e-02	723
-7.072934931879701e-03	-3.035745038168368e-03	724
2.762355467123183e-02	-4.899487288461152e-02	725
1.000192729277472e+00	-5.454760642605258e-04	726
1.000033171327674e+00	-1.036657259024172e-03	727
9.707182035264604e-01	-2.080935471741305e-02	728
9.887188060610679e-01	-1.270094466142323e-02	729
5.854191366820026e-01	1.014393694525010e-01	730
4.432785945397301e-01	-1.002283406262080e-01	731
4.100260816502512e-01	1.031376416710939e-01	732
8.397333470039614e-01	-5.484977406161058e-02	733
8.512512987166191e-01	-5.253196720630275e-02	734
8.836170346560923e-01	-4.551821810570853e-02	735
8.936387106616892e-01	-4.317097232001193e-02	736
6.363501753484785e-02	-6.601265782678978e-02	737
7.220047602185996e-02	-6.909841268008479e-02	738
9.032597562046961e-01	-4.083538620891435e-02	739
9.124913617846362e-01	-3.850424557406885e-02	740
9.522084114257036e-01	-2.719306992888670e-02	741
9.588362141926708e-01	-2.503149898356732e-02	742
9.850075231108096e-01	-1.465053411656201e-02	743
7.639227491829153e-01	-6.833764907611586e-02	744
7.772932175314199e-01	-6.615223675859239e-02	745
9.970123954412446e-01	-6.977852857668531e-03	746
4.751776942442797e-01	-9.873672159536681e-02	747
4.911393808602032e-01	-9.783740136897488e-02	748
4.116054098410324e-01	-1.013039986633499e-01	749
4.274150252704296e-01	-1.008191271432151e-01	750
3.384039740580928e-02	-5.262661596056453e-02	751
9.376370060365247e-01	-3.161519133127718e-02	752
9.451353369588622e-01	-2.938516585162083e-02	753
1.323942404486881e-01	-8.463457992335179e-02	754
1.437528134252851e-01	-8.675708501855743e-02	755
5.548664685648520e-01	-9.337190560438435e-02	756
5.707196406513864e-01	-9.203618690294965e-02	757
9.759431010072793e-01	-1.875148292195506e-02	758
9.807143552929078e-01	-1.671355580192738e-02	759
7.363473021328545e-01	-7.258565245281286e-02	760
7.502565245944837e-01	-7.048961443753592e-02	761
1.004741007869717e-01	-7.757268629743086e-02	762
1.107549295796658e-01	-8.011640653240906e-02	763
1.214233572176015e-01	-8.239621994522703e-02	764
5.864713985222592e-01	-9.060643224903900e-02	765
6.021264618621147e-01	-8.909372792791727e-02	766
4.056443458638616e-02	-5.619578205292095e-02	767
4.781233407653540e-02	-5.965735267589953e-02	768
5.556297252185648e-02	-6.285340820199309e-02	769
3.493067572395564e-01	-1.020776470997662e-01	770
3.647240168669306e-01	-1.020608005260634e-01	771
3.802428832367781e-01	-1.019167319762376e-01	772
1.675493959889797e-01	-9.061865035314520e-02	773
1.799635198181000e-01	-9.233118156320137e-02	774
1.926814999825127e-01	-9.389334448270494e-02	775
2.189809480704591e-01	-9.660354802075698e-02	776
2.325464757389360e-01	-9.775837000583089e-02	777
3.040596950622798e-01	-1.013899092181928e-01	778
3.189943877152819e-01	-1.017375536420624e-01	779
2.464130068889407e-01	-9.877027877764703e-02	780
4.126539621260007e-02	5.349712678771230e-02	781
4.895429692125515e-01	1.040417641493920e-01	782
4.735590246399663e-01	1.040660394492837e-01	783
9.714499836303734e-01	2.238371318409544e-02	784
4.575806284638308e-01	1.039854592289521e-01	785
4.416519299746423e-01	1.037954666211515e-01	786
4.258047089692725e-01	1.035128338117014e-01	787
3.943362149566629e-01	1.026626039026527e-01	788
9.225268136071030e-01	4.065296759259499e-02	789
5.629484607103057e-02	5.945659375083667e-02	790
4.853580371503786e-02	5.661023935071734e-02	791
2.598426854279449e-01	9.482597892954686e-02	792
2.458632791977873e-01	9.366327875972445e-02	793
1.328779371301367e-01	7.897915103206045e-02	794
1.219744782969750e-01	7.693029656522089e-02	795
1.113660984092880e-01	7.487811004635447e-02	796
7.370672911980803e-01	8.542709695694843e-02	797
9.137711240097949e-01	4.344451762216978e-02	798
9.045840950882976e-01	4.627807792926782e-02	799
8.746078706626996e-01	5.496725708285680e-02	800
8.638410886311307e-01	5.789644658317233e-02	801
8.526910940357868e-01	6.084567697194021e-02	802
8.293154166498914e-01	6.668406251329798e-02	803
8.170930553479455e-01	6.958009591469835e-02	804
8.045108881921627e-01	7.242631220624934e-02	805
7.784335283465644e-01	7.789729522639233e-02	806
7.649412548346708e-01	8.051824116692261e-02	807
7.511339701223644e-01	8.303900180189064e-02	808
7.227662355472916e-01	8.769010245623025e-02	809
7.082095617503711e-01	8.982816977418231e-02	810
6.934232193238751e-01	9.181595530871892e-02	811
6.479612245133070e-01	9.686388754558156e-02	812
5.535671275182278e-01	1.028525356295652e-01	813
5.375820869413329e-01	1.032985555682518e-01	814
6.324950631643806e-01	9.822801500412849e-02	815
6.169141396644283e-01	9.944300340444043e-02	816
6.012144487587364e-01	1.005136267747029e-01	817
2.187064660471343e-01	9.095981270877175e-02	818
2.055505556887057e-01	8.949990270398780e-02	819
1.926673907418186e-01	8.797066318742820e-02	820
1.800682764968026e-01	8.635895564158004e-02	821
1.677639266662715e-01	8.465182333948933e-02	822
3.450898476043162e-02	5.026675389537018e-02	823
2.825372898410677e-02	4.695994343493967e-02	824
8.031927579949518e-01	-6.171798633560243e-02	825
8.157181837689306e-01	-5.944634337558651e-02	826
8.279040748539682e-01	-5.714772704853122e-02	827
5.071157214759955e-01	-9.684177771895432e-02	828
5.230757741672082e-01	-9.574926933348460e-02	829
2.236273163701262e-02	4.361688175415262e-02	830
1.700357848920891e-02	4.000583038182658e-02	831
9.131995749547238e-02	7.018414832853870e-02	832
8.191873796699158e-02	6.766250919999774e-02	833
7.293243306087094e-02	6.502847771235948e-02	834
3.030083364569431e-01	9.811214462725765e-02	835
3.787661297004575e-01	1.021038808336339e-01	836
3.633134852282517e-01	1.014732426314407e-01	837
3.479716499769634e-01	1.007508741281007e-01	838
9.461884286426628e-01	3.255097494991088e-02	839
9.387534374417104e-01	3.519914840958208e-02	840
9.308610029451519e-01	3.790492740417354e-02	841
6.176688608807378e-01	-8.750781537082518e-02	842
6.330775990111448e-01	-8.585831865144034e-02	843
6.483605544911497e-01	-8.414696377006044e-02	844
2.605266098166851e-01	-9.956679711175180e-02	845
2.748027335021141e-01	-1.002872132568296e-01	846
-1.056911488213130e-02	-1.144426056141022e-02	847
9.220748839422742e-02	-8.795777901429992e-02	848
9.995322202781910e-01	7.361238779721672e-03	849
9.859131381583661e-01	2.124128312761798e-02	850
5.484453403682767e-01	-1.139389578617963e-01	851
-1.075895068963176e-02	5.302299264463464e-03	852
9.994711610966339e-01	-3.878912007110416e-03	853
9.283281765438453e-01	-4.550999331020347e-02	854
9.364757852613331e-01	-4.266242854908625e-02	855
2.662869760618248e-02	-5.765327873216687e-02	856
9.956455625934622e-01	1.276568903228470e-02	857
4.982119463656801e-01	1.239189282613572e-01	858
-9.203464220345263e-03	-1.638315686915574e-02	859
6.063983281319031e-03	3.893208715734431e-02	860
-1.944672317008078e-03	-3.052475099867363e-02	861
9.657313497034986e-01	3.347633673329339e-02	862
9.978473373552823e-01	1.015392920280527e-02	863
-8.975614485067581e-03	1.623469095250677e-02	864
6.577627507032386e-01	1.150007408900141e-01	865
-7.028450955360950e-03	2.084779920060905e-02	866
1.000499766923457e+00	3.503143272327522e-04	867
1.000493151362925e+00	-3.619666216934538e-04	868
7.995725007310046e-01	-7.898657593203906e-02	869
1.591281719740735e-01	-1.043734127938186e-01	870
1.490531445819930e-02	-4.897685711976512e-02	871
4.041727667437316e-01	-1.211544696287637e-01	872
8.243696357369350e-02	-8.461162439246515e-02	873
4.521017035676385e-01	-1.198311657254135e-01	874
2.960241954764712e-01	-1.194152207670848e-01	875
9.896490806207517e-01	1.835892013119380e-02	876
5.627913780113197e-01	1.223402164641011e-01	877
9.594920799845388e-01	3.662983735576628e-02	878
9.527830512081797e-01	3.981574774101301e-02	879
7.882606210525558e-01	9.287601911447375e-02	880
1.475570785801064e-01	9.626523365696535e-02	881
2.656765275549434e-01	1.131941882922964e-01	882
9.925091994435509e-01	-1.515160082686970e-02	883
5.679545829591681e-02	7.032130837453657e-02	884
8.706993020046330e-01	-6.258480439225242e-02	885
9.995471586724848e-01	3.897985342150204e-03	886
9.929317271109396e-01	1.548669988606334e-02	887
9.993689394046482e-01	-7.314988225825103e-03	888
9.758616827174130e-01	-2.600041924623704e-02	889
9.946333395986941e-03	-4.436498048703078e-02	890
7.030019667517825e-01	-9.604167411641878e-02	891
-4.916331858612994e-03	-2.582410786860346e-02	892
7.175606535821497e-01	-9.377863047157900e-02	893
7.318593147231984e-01	-9.146105152401372e-02	894
5.465850675928120e-03	-3.992287828318426e-02	895
9.953214910331390e-01	-1.255972887061041e-02	896
1.461630280106984e-03	-3.511685160004192e-02	897
8.386441686660970e-01	7.996343104101875e-02	898
5.143844951134267e-01	1.237031673057135e-01	899
3.095291055641923e-01	1.172173673755575e-01	900
-1.041446497800863e-02	1.138080497633769e-02	901
1.980841104045476e-03	3.435608728810625e-02	902
6.731525657905920e-01	1.132138121414703e-01	903
8.934444048667944e-01	6.304584160105343e-02	904
3.245526371687328e-01	1.183637584529880e-01	905
2.946582545319270e-01	1.159606847645047e-01	906
2.800346752346770e-01	1.146094342654930e-01	907
6.733063367427305e-01	-1.003242073298284e-01	908
6.882451149169188e-01	-9.821468003381047e-02	909
9.815681354495943e-01	2.427521135122271e-02	910
-1.499135150059532e-03	2.995683324398978e-02	911
-4.545176812996477e-03	2.542589615398907e-02	912
-7.326635469827271e-03	-2.110648908040984e-02	913
-1.081430413117742e-02	-5.308122091611751e-03	914
2.060731378671752e-02	-5.355349921423060e-02	915
9.704610694308905e-01	-2.873447777055903e-02	916
9.891125231568058e-01	-1.785009215211642e-02	917
5.788785168463809e-01	1.215192589118805e-01	918
8.483771813102357e-01	-6.818446924916233e-02	919
8.597388647863803e-01	-6.539137749032037e-02	920
8.813045840513827e-01	-5.977085866834954e-02	921
8.915356206563451e-01	-5.692430667499546e-02	922
6.420758181770171e-02	-7.748885966058258e-02	923
7.310336962254731e-02	-8.112374456645322e-02	924
9.013388033068498e-01	-5.407447545406860e-02	925
9.107515986965646e-01	-5.122271602003581e-02	926
9.197549203777983e-01	-4.836190840998275e-02	927
9.582186777469824e-01	-3.426058129200014e-02	928
9.645717681681130e-01	-3.149015768627518e-02	929
7.733443727013444e-01	-8.412211012741720e-02	930
7.865946439043998e-01	-8.156884186419523e-02	931
9.976080628269955e-01	-1.003986434446997e-02	932
4.681923107687518e-01	-1.191394295310382e-01	933
4.842864298313641e-01	-1.183179339830233e-01	934
4.201018039675655e-01	-1.208461369824957e-01	935
4.360751010008166e-01	-1.203976101988449e-01	936
9.441600649918267e-01	-3.983880924105571e-02	937
9.514028034516580e-01	-3.704577919999787e-02	938
1.353863050238042e-01	-9.941911968740882e-02	939
1.470660850436393e-01	-1.019650336257166e-01	940
5.644770065459620e-01	-1.126367203251864e-01	941
9.807816007368715e-01	-2.328668351844189e-02	942
9.852567705876889e-01	-2.051852849421058e-02	943
7.459281367556094e-01	-8.908690794777209e-02	944
7.597818488055382e-01	-8.663730225639739e-02	945
1.024366093839083e-01	-9.114786883939496e-02	946
1.132104999898490e-01	-9.411433907875107e-02	947
1.240844677151703e-01	-9.673997324507108e-02	948
5.804004951881987e-01	-1.111685427894792e-01	949
5.962080654324510e-01	-1.095798921108592e-01	950
3.310524365538087e-02	-6.191294138438832e-02	951
4.015746609943797e-02	-6.610961811181819e-02	952
4.788844766894588e-02	-7.016583245063383e-02	953
5.582209496698312e-02	-7.375697708534755e-02	954
3.415006413564128e-01	-1.210098029076104e-01	955
3.570017518292274e-01	-1.212630592919557e-01	956
3.726340797646610e-01	-1.213574275414835e-01	957
3.883445438960297e-01	-1.213182066726385e-01	958
1.715603808661288e-01	-1.066210147237844e-01	959
1.843077793133759e-01	-1.086947643449538e-01	960
1.973448642293913e-01	-1.105978206541395e-01	961
2.106563516463717e-01	-1.123477128316372e-01	962
2.242513830208734e-01	-1.139498751190043e-01	963
3.262026950038087e-01	-1.206178390233645e-01	964
3.110462723479879e-01	-1.200959165092397e-01	965
2.381501725109476e-01	-1.153929556119423e-01	966
4.821019810032388e-01	1.240016676978542e-01	967
9.767757186895680e-01	2.728993826233600e-02	968
9.715002683945210e-01	3.035833323087899e-02	969
4.659875763249570e-01	1.239736447450672e-01	970
4.498877533802334e-01	1.238086284604151e-01	971
4.338703542105981e-01	1.235172901469963e-01	972
4.179279103661347e-01	1.231151748134774e-01	973
4.020521012065131e-01	1.225888300132540e-01	974
4.885414607915325e-02	6.705782053602298e-02	975
4.110086449957438e-02	6.334867071860792e-02	976
2.515604039957030e-01	1.118012551708637e-01	977
2.374914880542616e-01	1.102395228631683e-01	978
1.359906456492211e-01	9.385056509958588e-02	979
1.247871045210402e-01	9.134533403457715e-02	980
1.139948832368290e-01	8.892836278927928e-02	981
1.032920916440610e-01	8.620920734837062e-02	982
9.214936755101878e-01	5.291242806176068e-02	983
9.125586730487751e-01	5.627467872966570e-02	984
9.032023861654755e-01	5.965125919943551e-02	985
8.832463239469178e-01	6.645613409880474e-02	986
8.726631220102254e-01	6.984562597417168e-02	987
8.617170790507145e-01	7.323619468897884e-02	988
8.503639554754332e-01	7.663299357494455e-02	989
8.266033565588651e-01	8.327841958085355e-02	990
8.141526386290200e-01	8.655346473786199e-02	991
8.013485408929268e-01	8.974075169008761e-02	992
7.748422275086569e-01	9.586362958365299e-02	993
7.611063182589858e-01	9.881341246345186e-02	994
7.470383847255904e-01	1.015639939543514e-01	995
7.327479298956826e-01	1.042240283346121e-01	996
7.182035866465309e-01	1.066799827941239e-01	997
7.033852090161337e-01	1.090541877469719e-01	998
6.883683760320300e-01	1.111807396435344e-01	999
5.304935988703986e-01	1.233814140432838e-01	1000
5.466134984101017e-01	1.229214933885603e-01	1001
6.421903147920615e-01	1.166706002654920e-01	1002
6.265414237417425e-01	1.180976142114463e-01	1003
6.107334618042138e-01	1.194234085630582e-01	1004
5.948689865035472e-01	1.205236212770075e-01	1005
2.237843605435323e-01	1.085324348643834e-01	1006
2.103775204132565e-01	1.067341310029467e-01	1007
1.972462524516107e-01	1.048548388048127e-01	1008
1.843775933790379e-01	1.028848535711940e-01	1009
1.717840335213382e-01	1.007989261447402e-01	1010
1.594916215627582e-01	9.858965351224902e-02	1011
3.400911336582541e-02	5.948459551038263e-02	1012
2.748276514156704e-02	5.554203127031125e-02	1013
8.122854189202563e-01	-7.634186568133974e-02	1014
8.246765269848740e-01	-7.364417580517858e-02	1015
8.366878610974633e-01	-7.092396261271644e-02	1016
5.003785039983697e-01	-1.173779113392151e-01	1017
5.164694370870845e-01	-1.163206405485047e-01	1018
5.325098344536285e-01	-1.151477095746206e-01	1019
2.141149705252644e-02	5.174357006962081e-02	1020
1.564470715926387e-02	4.747089628183983e-02	1021
1.061359717607223e-02	4.313000357867019e-02	1022
9.311398663776196e-02	8.328790110781824e-02	1023
8.337912576821835e-02	8.022936977018613e-02	1024
7.406846877802031e-02	7.704553361566550e-02	1025
6.518332141656570e-02	7.372866771314786e-02	1026
3.862967265307530e-01	1.219465195657638e-01	1027
3.706721467683703e-01	1.212151922244904e-01	1028
3.551327390014471e-01	1.203809406851739e-01	1029
3.397356433847192e-01	1.194227804265068e-01	1030
9.299885701339554e-01	4.958315132994524e-02	1031
9.456403440210038e-01	4.302423282177061e-02	1032
9.380498914777075e-01	4.628075963200425e-02	1033
6.118986577398562e-01	-1.079008310120860e-01	1034
6.274545365280898e-01	-1.061276756299253e-01	1035
6.428753911725950e-01	-1.042836664781199e-01	1036
6.581711089340261e-01	-1.023469622334244e-01	1037
2.524108787756271e-01	-1.166193579646526e-01	1038
2.667053070735301e-01	-1.176203152590248e-01	1039
2.812365142836981e-01	-1.185808835175204e-01	1040
2.839177769697089e-03	-4.697545658401282e-02	1041
9.998798848056395e-01	9.481718727923113e-03	1042
9.766638329023861e-01	-3.414675823169770e-02	1043
1.000470078063864e+00	7.881796268727374e-04	1044
-1.388888568190979e-03	-4.149741097591803e-02	1045
7.350594593052716e-01	-1.112926361876991e-01	1046
9.306704426495151e-02	-1.027102611316359e-01	1047
-4.960705126178256e-03	-3.627743031030190e-02	1048
9.871943559135168e-01	2.783534929786095e-02	1049
-1.050931062417648e-02	-2.568863616852252e-02	1050
1.872875597353855e-02	-6.263244423353921e-02	1051
1.622462691174514e-01	-1.219767426642541e-01	1052
1.384436018338819e-01	1.105720145687692e-01	1053
-7.089472120494503e-04	4.067344786531686e-02	1054
-1.010042775804467e-02	2.538356044518342e-02	1055
-1.455105731067060e-02	8.509842615010364e-03	1056
-7.424724482526320e-03	7.662371046255183e-04	1057
-7.427994914059317e-03	-7.626064115407024e-04	1058
-1.071662829395815e-02	1.171440789098801e-03	1059
-1.250017759798315e-02	-2.041821808797414e-02	1060
9.996527588902621e-01	-9.426511764187058e-03	1061
3.157890002847818e-01	1.385903464083956e-01	1062
9.817093705700797e-01	-3.065387377493142e-02	1063
9.965322280958123e-01	-1.666013078703563e-02	1064
9.441236091114086e-01	-5.161387161301356e-02	1065
8.031125720988892e-01	-9.686897402252732e-02	1066
4.125380545916307e-01	-1.429797791451450e-01	1067
9.990611093434112e-01	1.343605019300416e-02	1068
9.300940534083445e-01	6.270425661205839e-02	1069
9.533539558779527e-01	5.089527969559145e-02	1070
5.479861906467762e-01	1.450654670606187e-01	1071
5.153882818286595e-01	1.458238382899569e-01	1072
6.604198772745539e-01	1.359892996026200e-01	1073
7.787091621116679e-01	1.142970076641442e-01	1074
4.908923993380669e-01	1.461330662175348e-01	1075
5.502176932505212e-01	-1.361918559261424e-01	1076
3.310704290965047e-01	1.399844970228589e-01	1077
9.969985831279192e-01	1.687327039751861e-02	1078
8.289899735170563e-02	-9.875942834730285e-02	1079
1.000349796420200e+00	1.841777706841661e-03	1080
9.910250482325117e-01	2.410174834808086e-02	1081
-1.072353086778244e-02	-1.161317244886590e-03	1082
1.000455131205364e+00	-7.991515440142518e-04	1083
1.000314140365278e+00	-1.848496047360649e-03	1084
9.362418082159929e-01	-5.511137406151038e-02	1085
2.479092389411168e-02	-6.731673812694502e-02	1086
-1.398946766054146e-02	-1.504555123803884e-02	1087
3.614900238030484e-03	4.591767011573993e-02	1088
-7.958285623150266e-03	-3.100752320364278e-02	1089
9.665814051953943e-01	4.313448348434867e-02	1090
-1.217841558766201e-02	2.023360561890133e-02	1091
1.000772709672644e+00	1.407607115808615e-04	1092
1.000769787625028e+00	-1.580739179300564e-04	1093
7.372308655611040e-03	-5.199953633473634e-02	1094
3.178494110277448e-01	-1.411072403756040e-01	1095
3.025468071688354e-01	-1.402142590750600e-01	1096
9.942874689658063e-01	2.041709043445326e-02	1097
5.725626123866583e-01	1.439089367508438e-01	1098
9.601970375217809e-01	4.701137750021359e-02	1099
9.936885739725181e-01	-2.006530376331818e-02	1100
7.060335350451200e-01	-1.165010212623063e-01	1101
-1.375484506720228e-02	1.495632611240330e-02	1102
3.006843526401073e-01	1.371224661461102e-01	1103
2.857526522937842e-01	1.354709024093210e-01	1104
2.711466322863529e-01	1.337879668432255e-01	1105
6.761336646675478e-01	-1.213330578671740e-01	1106
-4.370847666723477e-03	3.565089078133331e-02	1107
-7.459255512002892e-03	3.055305310247926e-02	1108
-1.467026833509572e-02	-8.523369753691477e-03	1109
1.267048371100700e-02	-5.746804983282404e-02	1110
8.578913184088457e-01	-8.251116268011408e-02	1111
8.690755466713438e-01	-7.917624713966952e-02	1112
8.798550122897308e-01	-7.582095874406461e-02	1113
8.903023723821594e-01	-7.242635206217844e-02	1114
7.321732375473948e-02	-9.465378367193270e-02	1115
6.398358617068199e-02	-9.038556641929334e-02	1116
9.003238568248708e-01	-6.898868490291815e-02	1117
9.099209916108385e-01	-6.555596951187521e-02	1118
9.191274874403005e-01	-6.208323546587154e-02	1119
9.278986627822917e-01	-5.860150810522128e-02	1120
9.650560543161267e-01	-4.115685385035407e-02	1121
9.711074109837210e-01	-3.765268196494471e-02	1122
7.767808965924733e-01	-1.028473015413739e-01	1123
9.987137066226979e-01	-1.332291170753908e-02	1124
4.610896991583909e-01	-1.417491403756792e-01	1125
4.773676812910763e-01	-1.410399496685134e-01	1126
4.286881527083639e-01	-1.427199262683957e-01	1127
4.448570341341275e-01	-1.422975426636299e-01	1128
9.515377479235136e-01	-4.814340344665367e-02	1129
9.585236912234248e-01	-4.465818309933713e-02	1130
1.377383694185144e-01	-1.160743239756788e-01	1131
1.497804755369379e-01	-1.191068551320065e-01	1132
9.862942454271683e-01	-2.708629960131586e-02	1133
9.902790790854377e-01	-2.357194265564228e-02	1134
7.562454305580019e-01	-1.071869237793451e-01	1135
1.038641826599733e-01	-1.064788316095196e-01	1136
1.150453935203551e-01	-1.097498528650246e-01	1137
1.260856691112660e-01	-1.128961579814671e-01	1138
5.825019810591725e-01	-1.332750110371285e-01	1139
3.155416876145533e-02	-7.232341153563224e-02	1140
3.908205993354101e-02	-7.729375280596117e-02	1141
4.725541934753554e-02	-8.183429564898653e-02	1142
5.526054460549522e-02	-8.599122847111214e-02	1143
3.332638048914009e-01	-1.418168203693764e-01	1144
3.488550476623133e-01	-1.423897062442812e-01	1145
3.646486275466561e-01	-1.427750861553811e-01	1146
3.805052366711374e-01	-1.429988025543653e-01	1147
3.964537008271180e-01	-1.430672895104476e-01	1148
1.750458944893208e-01	-1.246552194808656e-01	1149
1.881654623244069e-01	-1.271318917489483e-01	1150
2.015291527819604e-01	-1.294236166787897e-01	1151
2.151882634062863e-01	-1.315414638234970e-01	1152
2.291459468278083e-01	-1.334942860781389e-01	1153
9.827700964903973e-01	3.166486130282851e-02	1154
9.778816110133768e-01	3.544983447092738e-02	1155
9.724807249429764e-01	3.927938652007373e-02	1156
4.746088077792450e-01	1.462230544906665e-01	1157
4.582567385432408e-01	1.461139259682121e-01	1158
4.420435434160132e-01	1.458296958462559e-01	1159
4.258611374134804e-01	1.453921739449105e-01	1160
4.097990932324330e-01	1.448255190991206e-01	1161
4.845911785929014e-02	7.868487840224403e-02	1162
4.026849259156756e-02	7.448616529748940e-02	1163
2.568851480891671e-01	1.320264353094922e-01	1164
2.425620481804846e-01	1.303212458646748e-01	1165
1.269215137393740e-01	1.075679114993122e-01	1166
1.160012885995219e-01	1.046121681181691e-01	1167
1.049031325166484e-01	1.015870928276041e-01	1168
9.214368052280593e-01	6.669019351440957e-02	1169
9.123005044116481e-01	7.068663094471304e-02	1170
9.027813866164055e-01	7.467309098991992e-02	1171
8.927889446939948e-01	7.865937161373159e-02	1172
8.823835553912269e-01	8.263154734394230e-02	1173
8.716005223072891e-01	8.653245435231727e-02	1174
8.604415058358467e-01	9.042084629811653e-02	1175
8.428726493804631e-01	9.620929498680621e-02	1176
8.246107140706618e-01	1.018375651961980e-01	1177
8.054262388098339e-01	1.073178597828338e-01	1178
7.506602874873437e-01	1.207563102482779e-01	1179
7.215339551470654e-01	1.265542436589717e-01	1180
6.913815356417281e-01	1.316566941480258e-01	1181
6.288354281019978e-01	1.395076609561304e-01	1182
5.967837933848975e-01	1.422320852582739e-01	1183
2.284261886025555e-01	1.282439783841689e-01	1184
2.147144028134874e-01	1.261025328255381e-01	1185
2.013086907248452e-01	1.237982320477104e-01	1186
1.881645020722009e-01	1.214610014454123e-01	1187
1.752610111908481e-01	1.189482411833234e-01	1188
1.626268306459085e-01	1.163105011762586e-01	1189
1.503309933372019e-01	1.135044717593147e-01	1190
3.269655278698459e-02	6.985250184573190e-02	1191
2.587319222672251e-02	6.515858841187787e-02	1192
8.221923141812997e-01	-9.220306987498671e-02	1193
8.344387793925079e-01	-8.901676176839907e-02	1194
8.463076804202386e-01	-8.579925407494571e-02	1195
4.936336910047699e-01	-1.401886662265262e-01	1196
5.180053342640404e-01	-1.386115809789892e-01	1197
1.974994170646913e-02	6.075692009003254e-02	1198
1.361836782929586e-02	5.589476601398566e-02	1199
8.231118792980731e-03	5.070573177580159e-02	1200
9.417851458157146e-02	9.808232725300910e-02	1201
8.405675438390835e-02	9.440623662423575e-02	1202
7.440597853758854e-02	9.058784799517605e-02	1203
6.519111355479582e-02	8.662040988382871e-02	1204
5.647221911465389e-02	8.253791305974030e-02	1205
3.937708228568429e-01	1.440862689001330e-01	1206
3.779688191124591e-01	1.432607327608370e-01	1207
3.622087421172024e-01	1.423103916063526e-01	1208
3.465334471730848e-01	1.412161487161417e-01	1209
9.460774415753653e-01	5.478943668332871e-02	1210
9.383245699438048e-01	5.873401273225143e-02	1211
6.142752706647017e-01	-1.297312090164988e-01	1212
6.454808988324648e-01	-1.257483930564290e-01	1213
2.435386883394632e-01	-1.352348401505874e-01	1214
2.581058927280359e-01	-1.366094242477999e-01	1215
2.725876264017487e-01	-1.379173795726120e-01	1216
2.874206285718927e-01	-1.391475349087010e-01	1217
9.998005163194311e-01	-2.541353625203151e-03	1218
9.998481288251807e-01	2.546902816098973e-03	1219
-8.614338639091194e-03	-4.255751836271519e-02	1220
-1.437947588971805e-02	3.738007847971675e-03	1221
1.000804002086064e+00	-5.599326624586865e-04	1222
9.882567911268210e-01	-3.425786005436274e-02	1223
9.989410118642176e-01	2.121080436729227e-02	1224
-1.763427323436860e-02	1.892022329935426e-02	1225
9.745656888932441e-01	4.910398846095970e-02	1226
1.000829842221163e+00	-8.192560704179244e-03	1227
9.956331374224038e-01	-2.532158785797625e-02	1228
-1.880339841700751e-02	-1.224226834544686e-02	1229
1.578745185325363e-02	-7.255102773721427e-02	1230
-4.980521730356229e-03	-4.856719673669129e-02	1231
3.296496547275923e-01	1.627332171565258e-01	1232
1.000814842339707e+00	5.419168888956325e-04	1233
-7.873651684889094e-03	4.189024048459624e-02	1234
-1.598352325925136e-02	2.467711998295645e-02	1235
-6.810181861688629e-04	-5.462373242314290e-02	1236
9.836401252732293e-01	-3.874136970154841e-02	1237
5.359629050127209e-01	-1.622701583693388e-01	1238
9.964194155325820e-01	2.565414836742740e-02	1239
3.166166108950165e-01	-1.635155391875288e-01	1240
9.528209847448318e-01	-6.051455912896278e-02	1241
9.411961881552459e-01	-6.688843306730448e-02	1242
6.329488195353743e-01	-1.519186982133670e-01	1243
9.313924167159104e-02	-1.193229475827853e-01	1244
1.712230132778288e-01	-1.433527641248103e-01	1245
-1.640926707567035e-02	-2.488840446950187e-02	1246
4.291608194725433e-01	-1.662922078581800e-01	1247
7.233951351023354e-02	-1.098008718485974e-01	1248
8.240977974121041e-02	-1.146353032431855e-01	1249
1.225812227690730e-01	1.239814409361562e-01	1250
9.894146857286126e-01	3.498676846144914e-02	1251
9.355578210204699e-01	7.492845636092442e-02	1252
-1.860371037309771e-02	1.221746370462369e-02	1253
-4.131723688422173e-03	4.769934749712196e-02	1254
9.785111701605298e-01	-4.313417973197910e-02	1255
1.000435508899942e+00	1.207332302511527e-03	1256
9.932688013798545e-01	3.032453540433939e-02	1257
-9.569143902998550e-03	3.800908014881175e-06	1258
-1.795823334198188e-02	-1.902912166140530e-02	1259
9.983231888802069e-01	-2.101628984435991e-02	1260
7.498389605022742e-01	-1.310025698764268e-01	1261
5.044599542485878e-01	1.708181954986160e-01	1262
4.752747417994576e-01	1.699400813617120e-01	1263
1.000882139902271e+00	1.689197579370401e-02	1264
1.001098016372724e+00	-1.206937297448043e-05	1265
1.001026263617992e+00	8.207801067841145e-03	1266
-1.441878631876678e-02	-3.720931384000444e-03	1267
1.000412422867077e+00	-1.217113143696371e-03	1268
2.195209990953009e-02	-7.803419758212399e-02	1269
-1.431108464068656e-02	-3.075600379892129e-02	1270
-1.171459333568609e-02	-3.659227688143364e-02	1271
5.622718670890147e-01	1.690368440698836e-01	1272
9.696578663263008e-03	-6.695406287757875e-02	1273
9.685632941307943e-01	5.380799897359421e-02	1274
9.620684896828713e-01	5.850953081483459e-02	1275
5.333839236741297e-01	1.700783622728876e-01	1276
2.988392371798770e-01	1.594034865246220e-01	1277
2.689987457667180e-01	1.552726463703382e-01	1278
7.245371076243250e-01	-1.363328249829422e-01	1279
-1.108108145343876e-02	3.610126051068758e-02	1280
-1.378162931970886e-02	3.041619806201112e-02	1281
3.961243520706667e-03	-6.048879464610495e-02	1282
8.738383642556136e-01	-9.523580043819369e-02	1283
8.951659316897167e-01	-8.740479119544664e-02	1284
6.276464710763492e-02	-1.047976091015507e-01	1285
9.148534616966696e-01	-7.932998859147480e-02	1286
9.286043161449397e-01	-7.321423858111067e-02	1287
9.728376582505361e-01	-4.752531787923276e-02	1288
1.000415460741613e+00	-1.680090483586859e-02	1289
4.619877506751150e-01	-1.654518021048490e-01	1290
9.599615540326718e-01	-5.622603761857774e-02	1291
9.666472546728767e-01	-5.189022744759075e-02	1292
1.454885770115557e-01	-1.365919421634181e-01	1293
9.922990311830762e-01	-2.981460487298813e-02	1294
7.709338848399981e-01	-1.261256673068931e-01	1295
7.945058749335768e-01	-1.201625008583122e-01	1296
1.102836747323435e-01	-1.254728882232664e-01	1297
1.272141720669608e-01	-1.310269098766788e-01	1298
5.685925773153282e-01	-1.595628633578004e-01	1299
2.911504004519208e-02	-8.397575466337188e-02	1300
3.731482967672591e-02	-8.984371469563841e-02	1301
4.550233155640669e-02	-9.472536536511715e-02	1302
5.370175355922319e-02	-9.964432071040107e-02	1303
3.481320924048663e-01	-1.652849276798782e-01	1304
3.802538762574557e-01	-1.662008710371961e-01	1305
4.045791348057762e-01	-1.665321957956002e-01	1306
1.982252172735403e-01	-1.490989010445309e-01	1307
2.264119128056165e-01	-1.541448131917894e-01	1308
9.849906520095620e-01	3.972449617223905e-02	1309
9.800506468145388e-01	4.440027858831080e-02	1310
4.422263746492194e-01	1.694466234140174e-01	1311
4.095250380163109e-01	1.683137657162120e-01	1312
3.874933317330084e-02	8.699554912749745e-02	1313
2.400250055648786e-01	1.514765564942855e-01	1314
1.059537382700053e-01	1.188997739297809e-01	1315
8.201562478281358e-01	1.235472840900678e-01	1316
9.177652291512679e-01	8.420948561491810e-02	1317
8.981873735024200e-01	9.340925775863199e-02	1318
8.768576339085375e-01	1.023727936445390e-01	1319
8.570135546072655e-01	1.107680208120509e-01	1320
8.390498466529696e-01	1.172282584150491e-01	1321
7.970197506843042e-01	1.305722394155009e-01	1322
7.693882910643658e-01	1.381756700413370e-01	1323
7.404958903244200e-01	1.451117563929786e-01	1324
7.105339263594649e-01	1.512956189848760e-01	1325
6.796117400491820e-01	1.566638744833393e-01	1326
6.479317754127737e-01	1.611519288429991e-01	1327
6.157009446021440e-01	1.647466230155109e-01	1328
5.871658643919189e-01	1.673454315151169e-01	1329
2.116240128357020e-01	1.463199624147362e-01	1330
1.846931233942977e-01	1.408194596815042e-01	1331
1.650745611973825e-01	1.362329087471277e-01	1332
1.523264613953236e-01	1.328918150406293e-01	1333
1.400102402296570e-01	1.293607097730853e-01	1334
3.049895201576475e-02	8.148468918320816e-02	1335
2.326488461347027e-02	7.585904234255444e-02	1336
8.173651757313269e-01	-1.139609402761696e-01	1337
8.389915291714212e-01	-1.066244588954726e-01	1338
8.568727519245634e-01	-1.010910571487391e-01	1339
4.867161818009043e-01	-1.643649166975901e-01	1340
5.074045926056631e-01	-1.643133818613260e-01	1341
1.702614307328984e-02	7.064703386608510e-02	1342
1.085639860608662e-02	6.533053381657744e-02	1343
5.017221894955466e-03	5.915777136848589e-02	1344
2.755253407596934e-04	5.352841679207386e-02	1345
9.446050863629762e-02	1.147524762499340e-01	1346
8.377786626318449e-02	1.103345189638432e-01	1347
7.373961892080851e-02	1.057713161570775e-01	1348
6.418810044049668e-02	1.010472380067082e-01	1349
5.514683320046997e-02	9.618306214049617e-02	1350
4.694144863971660e-02	9.156074698136282e-02	1351
3.772917103004567e-01	1.664403459100308e-01	1352
3.533246081470773e-01	1.649265494740212e-01	1353
9.551093605006230e-01	6.318863631868385e-02	1354
9.476929263369535e-01	6.785714116053664e-02	1355
6.011157405205606e-01	-1.560602068182004e-01	1356
6.642008182732561e-01	-1.472470116473448e-01	1357
6.947916341938243e-01	-1.420374650889498e-01	1358
2.559981268943891e-01	-1.578151426353006e-01	1359
2.857088524616182e-01	-1.610035212277132e-01	1360
1.001763415737072e+00	1.421765796893749e-02	1361
1.000434988911737e+00	-2.475489817723059e-03	1362
1.000190943386206e+00	-3.346851588351767e-03	1363
1.000884523740046e+00	6.713076670081756e-03	1364
3.841253193695256e-02	-1.063144307757403e-01	1365
1.002233026782922e+00	2.010937843525936e-02	1366
1.001102557051127e+00	3.380826191221780e-04	1367
1.001295247264987e+00	-9.813814882577198e-03	1368
-1.622161091137822e-02	-4.267524297243318e-02	1369
-5.255642714611574e-03	-6.291844590873442e-02	1370
1.000730175562488e+00	-6.704883690081913e-03	1371
1.001380619759020e+00	-1.417649525744441e-02	1372
-1.544870668221610e-02	4.216473675598038e-02	1373
-2.325446794478571e-02	1.623546966331622e-02	1374
-2.353985900330537e-02	-1.626382931282395e-02	1375
9.883648713195913e-01	4.836510937724811e-02	1376
7.658362954094211e-01	-1.522978801579963e-01	1377
3.398431809826512e-01	1.902233242223312e-01	1378
1.001541297766444e+00	9.826711766480936e-03	1379
9.281619458683160e-01	-9.075045864877582e-02	1380
5.650416314933478e-03	-7.733209930341160e-02	1381
4.007415876442304e-02	1.033048528735037e-01	1382
-1.227659406694779e-02	4.866841748539644e-02	1383
-1.317192240028460e-02	-4.935342272654330e-02	1384
4.170618819592815e-01	-1.936769112788772e-01	1385
9.627029650490456e-01	-6.882519688291705e-02	1386
6.525332034010917e-01	-1.762400414931747e-01	1387
5.545483089210747e-01	-1.886021430127305e-01	1388
9.912540690106822e-01	-4.190663292936993e-02	1389
9.951509359294159e-01	-3.642230871720939e-02	1390
1.156564666767450e-02	-8.334775882740994e-02	1391
1.800189788252727e-02	-8.988574148688315e-02	1392
1.000823358396313e+00	9.857105251756186e-04	1393
9.993987977109982e-01	3.111845603515799e-02	1394
1.001777292410332e+00	2.579945642466650e-02	1395
9.779217895054944e-01	5.975132076123441e-02	1396
2.811377131707031e-01	1.824457310080734e-01	1397
5.774523729923859e-01	1.954503578299523e-01	1398
7.144800027559471e-01	-1.644878353944809e-01	1399
6.031500175078693e-02	-1.208004729272464e-01	1400
1.000258583024468e+00	3.348317181687664e-03	1401
1.000484308203507e+00	2.468347799973067e-03	1402
-1.343464619558349e-02	4.415766223385539e-04	1403
9.867168241611357e-01	-4.745961562188529e-02	1404
9.834309849341399e-01	5.404629500082807e-02	1405
1.001095451528281e+00	-3.621972289126800e-04	1406
9.984222925784125e-01	-3.084256908674252e-02	1407
-2.218882634348639e-02	2.325867608899353e-02	1408
-9.500777083985227e-03	-5.625180518648186e-02	1409
5.236385596981823e-01	-1.910331883116578e-01	1410
-2.260972659006771e-02	-2.337670206261830e-02	1411
7.025680861055446e-02	-1.266719676507518e-01	1412
8.085111261010768e-02	-1.323907869836682e-01	1413
9.963512484272896e-01	3.687594586979136e-02	1414
-1.932480991374017e-02	6.262871566494459e-03	1415
9.815622086413989e-01	-5.286940404426890e-02	1416
1.000998669367450e+00	-2.565642119139774e-02	1417
7.423118261380991e-01	-1.581801451131656e-01	1418
-1.942755134833552e-02	-6.236027409416118e-03	1419
1.000803644572395e+00	-1.003514010871626e-03	1420
5.092565902987078e-02	-1.147572605071774e-01	1421
-2.102750582632258e-02	-2.982351302375506e-02	1422
-1.889926422802499e-02	-3.625823483088072e-02	1423
5.207519698517266e-01	1.980331316626015e-01	1424
-3.260504505148621e-04	-6.994102855036648e-02	1425
9.718641584732352e-01	6.542269873709453e-02	1426
5.498918057804587e-01	1.969686624014914e-01	1427
3.122814323878378e-01	1.869774048411148e-01	1428
6.047740990224807e-01	1.929478339554744e-01	1429
-1.824292589988701e-02	3.590061499259382e-02	1430
-2.048921823499088e-02	2.959735924883529e-02	1431
8.908618629079658e-01	-1.087711001541000e-01	1432
9.114907441274076e-01	-9.925525089457622e-02	1433
9.414762640387575e-01	-8.314699139249018e-02	1434
9.534764960553995e-01	-7.544690040831750e-02	1435
1.001651864451535e+00	-2.003383262635583e-02	1436
4.462119727027336e-01	-1.933561612261949e-01	1437
9.695534571292157e-01	-6.363277873590492e-02	1438
9.758318375025907e-01	-5.827752358835189e-02	1439
3.919739825222848e-01	-1.933483549777465e-01	1440
8.350705478131648e-01	-1.308135184054493e-01	1441
8.540072427191444e-01	-1.236129489171111e-01	1442
7.884609186589521e-01	-1.460124585886031e-01	1443
9.545616239851296e-02	-1.390942093971208e-01	1444
1.127514363434662e-01	-1.457735915181939e-01	1445
1.304316318511718e-01	-1.524035096376520e-01	1446
2.578901639516584e-02	-9.702654976051614e-02	1447
3.307619946901142e-01	-1.903802280524514e-01	1448
3.633098896911350e-01	-1.923216126137533e-01	1449
1.528214862046675e-01	-1.598644049767633e-01	1450
1.798977856681036e-01	-1.675322146283232e-01	1451
6.838994773245356e-01	-1.706836797469001e-01	1452
9.926756626440055e-01	4.256847501564969e-02	1453
4.901730379275910e-01	1.979766118660445e-01	1454
4.596111320715247e-01	1.972424800439189e-01	1455
1.085940603111743e-01	1.391093729018609e-01	1456
9.335307265956524e-01	9.345629894631821e-02	1457
9.148538994696968e-01	1.043278843547144e-01	1458
8.361598886023230e-01	1.408251346827962e-01	1459
8.942626028594343e-01	1.149726282268826e-01	1460
8.742805150226669e-01	1.247170026482709e-01	1461
8.547329123358575e-01	1.335117896423761e-01	1462
8.148700812480061e-01	1.484605130799828e-01	1463
7.892480803554537e-01	1.567602419721875e-01	1464
7.606202418576603e-01	1.650291698131361e-01	1465
7.307887759975484e-01	1.724885254729128e-01	1466
6.998944446304100e-01	1.790721185718086e-01	1467
6.680933414904923e-01	1.847143434442345e-01	1468
6.356184843164148e-01	1.893618447619635e-01	1469
2.517724458585072e-01	1.778186564815473e-01	1470
2.219184764669297e-01	1.723374794177305e-01	1471
1.937598829903640e-01	1.658330759380361e-01	1472
1.699059502312684e-01	1.595903474336095e-01	1473
1.472770053772094e-01	1.514811149033689e-01	1474
1.254837352564663e-01	1.451616238119122e-01	1475
2.741449397620258e-02	9.454986406048221e-02	1476
1.954244578439673e-02	8.772523790508226e-02	1477
8.118270004009004e-01	-1.389734841964451e-01	1478
8.717453275154228e-01	-1.168187731802867e-01	1479
4.755296089364519e-01	-1.925199948806565e-01	1480
4.971206873305203e-01	-1.920898264348658e-01	1481
1.301945723483396e-02	8.145392933218885e-02	1482
7.021434310702500e-03	7.568748926112590e-02	1483
9.306355849318418e-04	6.858864776645571e-02	1484
-4.116672707795822e-03	6.181429197336900e-02	1485
-8.479514491959052e-03	5.536430847453453e-02	1486
9.396046409231532e-02	1.334981695568007e-01	1487
8.242252267004052e-02	1.281798232124824e-01	1488
7.185117511521696e-02	1.227131630239062e-01	1489
6.192848381727180e-02	1.170998884651620e-01	1490
5.254084275030330e-02	1.113079863896510e-01	1491
4.261692950955600e-01	1.962699880232103e-01	1492
3.929906190783686e-01	1.944616934163839e-01	1493
3.644522228411864e-01	1.924504812480543e-01	1494
9.616342448828541e-01	7.365839585817086e-02	1495
9.485207163552858e-01	8.372500863887269e-02	1496
5.877956883669320e-01	-1.853455191148454e-01	1497
6.205408003239722e-01	-1.811412888790113e-01	1498
2.080156399232168e-01	-1.741551339945382e-01	1499
2.380129915348436e-01	-1.796850343207549e-01	1500
2.680214876405081e-01	-1.838295461454514e-01	1501
2.989261995775849e-01	-1.875185688277664e-01	1502
1.000907688365159e+00	3.046000155100367e-03	1503
1.000184256515187e+00	-5.108193246736208e-03	1504
9.994488197708996e-01	-5.670664269720636e-03	1505
1.000673764544560e+00	1.162031896530099e-02	1506
-2.743659946973723e-02	2.797023097735906e-02	1507
1.000293952276357e+00	5.119263192503552e-03	1508
-2.354656494982873e-02	4.189311564005835e-02	1509
9.737595776333169e-01	-7.624644029568389e-02	1510
1.001157498099057e+00	-7.695834776856173e-04	1511
1.002955938770693e+00	-1.624198415918108e-02	1512
1.004524291210936e+00	-1.708614656896276e-02	1513
9.909760032940224e-01	-5.663376917752917e-02	1514
1.000819155125577e+00	1.428657472133899e-03	1515
9.929184867679313e-01	5.741790233431403e-02	1516
2.627629484788131e-01	2.074914979887209e-01	1517
1.002215807320828e+00	-8.671650423725146e-03	1518
1.001816271720609e+00	-7.379050048093662e-03	1519
-1.091588860374570e-02	-7.202396743904566e-02	1520
1.001173006724995e+00	7.442898623667473e-04	1521
-1.771591140756242e-02	5.600489192598086e-02	1522
1.343394359080395e-01	-1.770719449800184e-01	1523
3.587390435133818e-02	-1.231717544564908e-01	1524
9.430760528875768e-01	-1.013926083041251e-01	1525
7.842439778581501e-01	-1.748445958136760e-01	1526
1.000378466887393e+00	-1.156948483447974e-02	1527
1.001994960181734e+00	7.363324581383113e-03	1528
1.002433005282316e+00	8.652482837920240e-03	1529
1.000790384431714e+00	-1.445617974361039e-03	1530
-2.171269773189679e-02	-4.916129064373193e-02	1531
5.663920511973052e-01	2.267857367303556e-01	1532
6.733691544778818e-01	-2.027635446022467e-01	1533
4.318895803067275e-01	-2.240157935471029e-01	1534
5.948290897094438e-01	2.244469268947722e-01	1535
9.495817613149016e-01	1.022886605449836e-01	1536
9.131572886206680e-01	1.271198678913007e-01	1537
3.235093756107517e-01	2.176028809518011e-01	1538
2.525083847061371e-02	1.105633621360914e-01	1539
5.115790453217822e-01	-2.224993014261381e-01	1540
-2.079936403949293e-02	4.865454020531836e-02	1541
1.003867121442968e+00	2.994672806238181e-02	1542
5.414780230031910e-01	-2.206793871309584e-01	1543
9.995678616763128e-01	5.702019994406015e-03	1544
1.003411689018467e+00	1.624962010392831e-02	1545
1.005013780993465e+00	1.705053500381202e-02	1546
1.000843683272091e+00	-3.059685767548953e-03	1547
-2.852981022140118e-02	2.054452178747955e-02	1548
3.503354674360625e-01	2.208974419626688e-01	1549
1.001468634210640e+00	1.579996012178688e-04	1550
1.001464984882281e+00	-1.899844757650491e-04	1551
-5.730416720132267e-03	-8.028749121637978e-02	1552
-1.516245844484825e-02	-6.445692826098286e-02	1553
4.040303594082933e-01	-2.237268604448622e-01	1554
9.954190518764880e-01	-4.990208667247728e-02	1555
9.989332516060235e-01	-4.320714291432484e-02	1556
1.968500303779905e-04	-8.847888587604215e-02	1557
5.974668721368932e-03	-9.512653839136499e-02	1558
1.000868205739059e+00	2.058984031459218e-03	1559
9.971034285141182e-01	5.045254984863087e-02	1560
9.881531757818652e-01	6.425990729253360e-02	1561
2.934438539085140e-01	2.129494266194622e-01	1562
7.049225870759256e-01	-1.960842153816395e-01	1563
5.165039948757229e-02	-1.347100437250199e-01	1564
1.002211689825285e+00	-3.678643138724642e-02	1565
-1.876767380057376e-02	-5.668408837105462e-02	1566
-2.890888325556859e-02	-2.056546056610381e-02	1567
6.708630099363970e-02	-1.448364908046632e-01	1568
7.996230700893381e-02	-1.530257735131866e-01	1569
1.003389584246686e+00	3.697144029307377e-02	1570
-2.406872351163401e-02	1.003986784839010e-02	1571
-1.761271353820857e-02	-1.855453194616089e-03	1572
1.002937130454952e+00	-2.984209002635975e-02	1573
7.346077655958999e-01	-1.889371601019457e-01	1574
7.607045556651494e-01	-1.819212974971368e-01	1575
-1.940103363064042e-02	1.246551169707110e-05	1576
-2.424134354248224e-02	-1.001100953303628e-02	1577
1.000825974648579e+00	-2.075468901440157e-03	1578
-2.796102715740636e-02	-2.808485573880059e-02	1579
-2.650187694664681e-02	-3.517149408220628e-02	1580
-2.433436475482595e-02	-4.225249700444814e-02	1581
5.375902415639290e-01	2.281516037141969e-01	1582
9.827100149536530e-01	7.110670488128983e-02	1583
-2.584515070407064e-02	3.494629733738962e-02	1584
9.093890549551454e-01	-1.218811748557069e-01	1585
9.280376308633677e-01	-1.111246299368344e-01	1586
9.557037403274352e-01	-9.208450969003677e-02	1587
9.661808753294375e-01	-8.337350980876691e-02	1588
9.802674211585982e-01	-6.978810614258160e-02	1589
9.859593213001492e-01	-6.322130184205479e-02	1590
8.528174633076120e-01	-1.491221580839357e-01	1591
8.315385694711417e-01	-1.581057411569353e-01	1592
9.656233462882495e-02	-1.612310262170269e-01	1593
1.139920120891085e-01	-1.686317720927278e-01	1594
1.293747513630588e-02	-1.030294813655669e-01	1595
2.344021562675180e-02	-1.131075607469495e-01	1596
3.451254450539185e-01	-2.205699960362214e-01	1597
3.764453675556010e-01	-2.226409662542223e-01	1598
1.596414740141557e-01	-1.862313763537495e-01	1599
1.000359523701490e+00	4.356332179899802e-02	1600
5.066251410287842e-01	2.287635551670218e-01	1601
4.754131285970501e-01	2.283220634981087e-01	1602
9.328434043349232e-01	1.144617102958243e-01	1603
8.931398322389291e-01	1.388132034310896e-01	1604
8.733581756334496e-01	1.495062254256945e-01	1605
8.537602567269631e-01	1.589730743169546e-01	1606
8.335290666105241e-01	1.676065750188919e-01	1607
8.097428061992518e-01	1.767495418840526e-01	1608
7.822560952699679e-01	1.862128879325176e-01	1609
7.525194517018935e-01	1.952048991418974e-01	1610
7.216039677470408e-01	2.032444044828030e-01	1611
6.896453008050328e-01	2.102535428335317e-01	1612
6.568472522345824e-01	2.161742861847411e-01	1613
6.245903600278719e-01	2.209209232093092e-01	1614
2.324245792561076e-01	2.015974680982477e-01	1615
1.508438585481940e-01	1.774948036183511e-01	1616
1.300143944477360e-01	1.694087261013071e-01	1617
2.023203263562165e-01	1.942194857587025e-01	1618
1.757304425579519e-01	1.865019408752197e-01	1619
1.097875409143318e-01	1.617225755067670e-01	1620
1.468590825103985e-02	1.009026932545755e-01	1621
8.075144681026284e-01	-1.671188151841301e-01	1622
8.708354606385273e-01	-1.410933273844305e-01	1623
8.894742572583078e-01	-1.322854536157233e-01	1624
4.616706056014093e-01	-2.236378905346290e-01	1625
4.869030438900928e-01	-2.231583437421725e-01	1626
7.633134699331236e-03	9.327460737653064e-02	1627
1.772609822964011e-03	8.684576530102268e-02	1628
-4.272285673175596e-03	7.893517728990018e-02	1629
-9.592207733727785e-03	7.093178342643247e-02	1630
-1.396958286591575e-02	6.357883151002086e-02	1631
9.383530215032741e-02	1.550211280098581e-01	1632
8.013068034542746e-02	1.478393413403605e-01	1633
6.886897858168181e-02	1.410030828585403e-01	1634
5.841972116307769e-02	1.344840531179004e-01	1635
4.849210997565173e-02	1.279767304239661e-01	1636
3.770004680490961e-02	1.201439978988354e-01	1637
4.433439488096717e-01	2.273630649790898e-01	1638
4.092147060139086e-01	2.257126053520319e-01	1639
3.776823534289013e-01	2.234430889043174e-01	1640
9.746702585971033e-01	7.968445838461975e-02	1641
9.636960133955976e-01	9.029136780699933e-02	1642
5.741533577100684e-01	-2.178159563843184e-01	1643
6.080426596958868e-01	-2.137150169542833e-01	1644
6.410890329500850e-01	-2.086422583733743e-01	1645
1.879660872882925e-01	-1.949402006236502e-01	1646
2.180084679339543e-01	-2.024616463884938e-01	1647
2.490634359247233e-01	-2.084577498347620e-01	1648
2.799602459672401e-01	-2.131987201965016e-01	1649
3.120887205970513e-01	-2.173940152498308e-01	1650
-3.455820277482487e-02	2.513404084577876e-02	1651
1.000345131118477e+00	-4.309020056156518e-03	1652
1.007504306828609e+00	3.373210041566321e-02	1653
-3.080156888320065e-02	-4.861231871932054e-02	1654
1.004032255297556e+00	1.405967259193792e-02	1655
1.002451758622727e+00	5.848332034810665e-02	1656
3.619460972370916e-01	2.552766169155771e-01	1657
8.524496921574826e-01	-1.780707381554658e-01	1658
-1.781138744736329e-02	-8.198683317338566e-02	1659
1.001286850643439e+00	1.710013691212218e-03	1660
9.671073593393834e-01	1.089941941686978e-01	1661
1.000436154193420e+00	4.311684061231075e-03	1662
-2.396056471233781e-02	3.915302075401170e-03	1663
1.002775360981487e+00	-1.006317876594174e-02	1664
1.000853684421704e+00	-3.968124170822383e-03	1665
8.292691748701948e-01	-1.887172880519217e-01	1666
-2.938446305580712e-02	1.382367238164588e-02	1667
1.000991173271656e+00	-2.628488356012671e-03	1668
1.001930157503992e+00	6.199961946040444e-03	1669
-2.835527608493775e-02	-5.603312884032752e-02	1670
8.049961465631477e-01	-1.985741035304319e-01	1671
4.471176346427819e-01	-2.579138458912911e-01	1672
9.860205576655414e-01	-8.205526488472568e-02	1673
1.381027642569166e-01	-2.052271010716311e-01	1674
4.175002678980691e-01	-2.576896355728371e-01	1675
9.987660403864823e-01	6.666951888774901e-02	1676
9.518156757304894e-01	1.234738294690218e-01	1677
5.547272120927424e-01	2.616002833422175e-01	1678
2.423595783646606e-01	2.343997082561328e-01	1679
9.458116392344972e-01	-1.220959323215973e-01	1680
-2.438043898054929e-02	6.384124423166930e-02	1681
2.108355836244056e-01	2.263050123347306e-01	1682
5.844475138211113e-01	2.595977100810213e-01	1683
1.000939040495137e+00	3.957755667001756e-03	1684
1.003035758803209e+00	1.003633778130586e-02	1685
1.001783108899266e+00	-6.221154675014712e-03	1686
1.003643231152875e+00	-1.408687741340127e-02	1687
1.004023989939278e+00	-2.315711489277546e-02	1688
1.001046074501002e+00	2.610077164003080e-03	1689
1.002652955780516e+00	1.187966329008726e-02	1690
1.001218867670360e+00	1.198558697741988e-03	1691
1.003092116201458e+00	-7.692429429517801e-03	1692
1.001250713242102e+00	-1.736170744137570e-03	1693
-2.207194069310421e-02	-7.321558326256698e-02	1694
1.001484559756137e+00	5.332133601111948e-04	1695
1.001473018905691e+00	-5.653214117937156e-04	1696
1.001877596139934e+00	-2.046967583015112e-05	1697
1.001193820909598e+00	-1.224235843562580e-03	1698
9.337295394792322e-01	1.381310221830689e-01	1699
3.338477498398739e-01	2.517295565116369e-01	1700
-2.730286965818570e-02	5.555493108203522e-02	1701
-2.988193492376129e-02	4.827248433608684e-02	1702
5.285644319960947e-01	-2.560290877317948e-01	1703
1.005892329504416e+00	2.632060473281334e-02	1704
1.004717588913501e+00	2.317985542425549e-02	1705
1.002339295633048e+00	-1.188298460602004e-02	1706
1.003285527190388e+00	7.644458360217872e-03	1707
-2.558708183277823e-02	-6.448804222425748e-02	1708
1.000513620573324e+00	-5.807312548973272e-02	1709
1.003736315308766e+00	-4.997895434443807e-02	1710
-1.258028751164239e-02	-9.133257855120212e-02	1711
-3.793314817183050e-03	-1.040866969584876e-01	1712
1.922093528062589e-02	-1.306992845061017e-01	1713
3.044824263804627e-01	2.469533553832514e-01	1714
2.734262619815884e-01	2.409276208099056e-01	1715
6.958870631493785e-01	-2.314969477924989e-01	1716
1.004972578287467e+00	-4.223397896309733e-02	1717
3.326120824287489e-02	-1.428737354371998e-01	1718
4.874478260949376e-02	-1.555097918158682e-01	1719
6.241278770521536e-02	-1.659914824123010e-01	1720
-2.963699698448915e-02	-1.378049023040131e-02	1721
1.006438215155736e+00	-3.371992919970718e-02	1722
1.005086922896089e+00	-2.631339384576331e-02	1723
7.271958169739806e-01	-2.235754628402867e-01	1724
7.556699457000541e-01	-2.154086581214274e-01	1725
7.810985683054706e-01	-2.072116433175130e-01	1726
-2.449417976700612e-02	-4.634121185569571e-03	1727
-3.503677012526035e-02	-2.513509602953331e-02	1728
-3.423356971261057e-02	-3.303841339544952e-02	1729
-3.279304811648077e-02	-4.093254567084329e-02	1730
9.943145201729170e-01	7.486904511502328e-02	1731
-3.201399059200395e-02	4.072241069770161e-02	1732
-3.360252406657872e-02	3.294383379271736e-02	1733
9.290148712467360e-01	-1.343834321886791e-01	1734
9.595918514413065e-01	-1.105524456232407e-01	1735
9.708803922281716e-01	-9.965147285782003e-02	1736
9.796064626585420e-01	-9.002937061171619e-02	1737
9.918087624033255e-01	-7.401045581850182e-02	1738
9.965408063126929e-01	-6.604767507186649e-02	1739
7.842458670772426e-02	-1.764345446556489e-01	1740
9.610756400291066e-02	-1.858435409753369e-01	1741
1.148032776372143e-01	-1.946687166096084e-01	1742
7.794034455521751e-03	-1.186300903304074e-01	1743
3.584384864048427e-01	-2.544186928393136e-01	1744
3.887894509369831e-01	-2.565843137551884e-01	1745
1.006345912752491e+00	4.234860932607580e-02	1746
1.005387483747904e+00	5.020891606040413e-02	1747
5.240299663556871e-01	2.627093252430188e-01	1748
4.918250243715824e-01	2.628048800515023e-01	1749
9.140444354446452e-01	1.522924162623275e-01	1750
8.942959982807698e-01	1.652038928801141e-01	1751
8.742844530936562e-01	1.770130578265914e-01	1752
8.538249947135212e-01	1.876503204136382e-01	1753
8.314063712325944e-01	1.979695222422836e-01	1754
8.053448454279608e-01	2.086843221299676e-01	1755
7.761874889268900e-01	2.193053727036252e-01	1756
7.451871709953239e-01	2.291053311655966e-01	1757
7.129955048487666e-01	2.377775523850724e-01	1758
6.798025607967388e-01	2.452442794128132e-01	1759
6.464838089481521e-01	2.513998899187220e-01	1760
6.146710394418132e-01	2.561844889320225e-01	1761
1.313758884970858e-01	1.966638154539365e-01	1762
1.814999114701905e-01	2.171297642539607e-01	1763
1.544324238435504e-01	2.068254785546423e-01	1764
1.113603098845850e-01	1.874856368007083e-01	1765
9.707111422428541e-03	1.165199123937978e-01	1766
8.720718389219102e-01	-1.681847973733481e-01	1767
8.903595928386908e-01	-1.583425827001916e-01	1768
9.097816903142056e-01	-1.469344430403796e-01	1769
4.748635746220795e-01	-2.576921049455442e-01	1770
5.001097241916440e-01	-2.572513333239508e-01	1771
8.734464544326944e-04	1.063002585474883e-01	1772
-4.845403495983450e-03	9.850327615592012e-02	1773
-1.091419836571595e-02	9.001537489267628e-02	1774
-1.629982676082765e-02	8.092849269842278e-02	1775
-2.070981058508442e-02	7.237395274513128e-02	1776
9.275358241531223e-02	1.792838594918723e-01	1777
7.676213329192726e-02	1.704218320381643e-01	1778
5.902719607700469e-02	1.570649747435873e-01	1779
4.366139841293318e-02	1.458053880022092e-01	1780
3.265081588300635e-02	1.380058877164388e-01	1781
2.120588752952267e-02	1.281441034865295e-01	1782
4.597017184235881e-01	2.620024278656949e-01	1783
4.260264596577730e-01	2.604867336382538e-01	1784
3.922747903416284e-01	2.581538121574328e-01	1785
9.879707241626723e-01	8.428846600577100e-02	1786
9.791703121799634e-01	9.560141510097525e-02	1787
5.607713909812589e-01	-2.536279460124232e-01	1788
5.951772180311109e-01	-2.499398196378620e-01	1789
6.296774505543326e-01	-2.448154926216865e-01	1790
6.631793462665264e-01	-2.386421429127946e-01	1791
1.656194852064001e-01	-2.160346011811999e-01	1792
1.958218644003437e-01	-2.259567410067409e-01	1793
2.276408720997732e-01	-2.343405528503332e-01	1794
2.596397396875317e-01	-2.407676221891472e-01	1795
2.917330897147253e-01	-2.462883339268359e-01	1796
3.253158348761541e-01	-2.509845511841113e-01	1797
1.003627978005316e+00	-8.946865063944582e-03	1798
1.008113787700884e+00	-3.056248481309648e-02	1799
1.009325405158648e+00	6.656587095908875e-02	1800
-3.537205532264266e-02	1.774815107495132e-02	1801
-2.974176165026309e-02	6.893925067236948e-03	1802
1.007143157041567e+00	-6.634084161119073e-02	1803
6.873534590266184e-01	-2.711387724854576e-01	1804
8.533431569099305e-01	-2.106827958661728e-01	1805
3.443159434090164e-01	2.898779524596002e-01	1806
1.008273922373755e+00	3.896911755159253e-02	1807
1.002806239069223e+00	-6.771205350902173e-03	1808
1.000917292948044e+00	5.458889518925717e-03	1809
1.000795425027131e+00	-5.460143229244433e-03	1810
1.001560779175446e+00	-9.869804460356621e-04	1811
1.182861152059222e-03	-1.360521383714013e-01	1812
1.003859526838371e+00	8.890460384652280e-03	1813
1.001884825849564e+00	-3.687174596560392e-04	1814
9.557636156027813e-01	1.473079577287880e-01	1815
1.004743640415439e+00	1.208358284537634e-02	1816
1.008098407341459e+00	2.370536025923883e-02	1817
1.005449225915354e+00	2.004166465111122e-02	1818
1.001581368831356e+00	9.532095660714005e-04	1819
9.500267604324050e-01	-1.454793836573511e-01	1820
8.750492657056428e-01	-1.985923144564493e-01	1821
-3.570751030116454e-02	-1.767828403121226e-02	1822
-3.034740736804344e-02	-8.255335638375934e-02	1823
3.268028467963038e-03	1.339714422837026e-01	1824
1.871268603286667e-01	2.518460589221055e-01	1825
1.004859217991531e+00	-2.006802591843429e-02	1826
9.851754015502058e-01	1.134072191049764e-01	1827
8.289442860552917e-01	-2.228438362822769e-01	1828
1.150588858894832e-01	-2.243032059489701e-01	1829
1.007020019579262e+00	-3.894131690720781e-02	1830
-2.619727612372914e-02	-9.269391599278046e-02	1831
4.746104033703584e-01	-2.951552065245671e-01	1832
1.010039013068653e+00	5.655283052669054e-02	1833
5.732590563144546e-01	2.986881282751455e-01	1834
9.988946883884385e-01	-8.519509235182821e-02	1835
5.474423233716087e-01	-2.931470006939667e-01	1836
-3.241193477713495e-02	7.217838633285353e-02	1837
1.316230296998113e-01	2.275341839598936e-01	1838
1.410697581985512e-01	-2.371246532845158e-01	1839
4.318925672540865e-01	-2.956578721983888e-01	1840
3.747656665101413e-01	2.937730419289961e-01	1841
-3.847879842954900e-02	-5.520477916481521e-02	1842
-3.632312118912612e-02	-6.324723994259572e-02	1843
1.001414041394133e+00	2.219877906413140e-03	1844
-2.812956691441219e-02	-1.299136195525331e-04	1845
9.721340868814325e-01	1.299893174448170e-01	1846
2.189239028070477e-01	2.623789474504989e-01	1847
1.001366370833655e+00	-2.247482801596905e-03	1848
1.004412884823188e+00	-1.214488940303754e-02	1849
-3.376900823578061e-02	-7.276640687354780e-02	1850
1.001700566247329e+00	1.395320880935069e-03	1851
1.002973031107513e+00	6.726464599346659e-03	1852
1.001892351481086e+00	3.275936482140163e-04	1853
1.001670181165175e+00	-1.431029472256617e-03	1854
-3.513601864371249e-02	6.282372094384225e-02	1855
-3.743208638747107e-02	5.490858451575209e-02	1856
1.009071828238174e+00	3.049685016342123e-02	1857
1.008188050458964e+00	-5.643355809764732e-02	1858
9.422610523231424e-02	-2.133830280884695e-01	1859
3.143525002341835e-01	2.848338453701758e-01	1860
2.831679438154568e-01	2.783606123734444e-01	1861
2.515763672268922e-01	2.710638546731726e-01	1862
1.389655823817611e-02	-1.506625380779404e-01	1863
2.830709963028737e-02	-1.643414451089709e-01	1864
4.238257195551880e-02	-1.775722248090277e-01	1865
1.012713649103506e+00	-4.744351846933368e-02	1866
1.007374861498146e+00	-2.378787708282909e-02	1867
7.203236560635239e-01	-2.624684407104659e-01	1868
7.510386265994330e-01	-2.531628798453301e-01	1869
7.787575225307642e-01	-2.436317338717916e-01	1870
8.041558861399613e-01	-2.337461265838444e-01	1871
-3.006798124148566e-02	-7.231164615667657e-03	1872
-4.022586629091141e-02	-4.691343936513275e-02	1873
-4.211898896799312e-02	-2.981864061466815e-02	1874
-4.146005710868660e-02	-3.839837472560489e-02	1875
1.005850411684352e+00	7.590315595716170e-02	1876
-3.932718199203264e-02	4.673910925687354e-02	1877
-4.071791483945292e-02	3.833617797594768e-02	1878
-4.153953091263457e-02	2.985280162368980e-02	1879
9.651093119138129e-01	-1.311191280410368e-01	1880
9.772817234717853e-01	-1.175557349359438e-01	1881
9.867139918236925e-01	-1.052242243914081e-01	1882
9.935991131860519e-01	-9.469905574878593e-02	1883
1.003362994668888e+00	-7.547543570207078e-02	1884
5.766259385221723e-02	-1.902939562302368e-01	1885
7.551426759433683e-02	-2.026351654016824e-01	1886
-1.951267548789002e-02	-1.053290555799998e-01	1887
-1.032555941120825e-02	-1.208993711897084e-01	1888
3.708048643372593e-01	-2.923071053257316e-01	1889
4.015557570269672e-01	-2.945562033836868e-01	1890
1.014239248125762e+00	4.733701648924789e-02	1891
5.419588098714097e-01	3.002890032113502e-01	1892
5.093433194042252e-01	3.009712349140141e-01	1893
9.371784481101585e-01	1.642208731946433e-01	1894
9.177023357819202e-01	1.799436344400135e-01	1895
8.977592158112292e-01	1.943798579962753e-01	1896
8.770175381144351e-01	2.076630419673800e-01	1897
8.549947192096253e-01	2.199996111143026e-01	1898
8.302366552057903e-01	2.322577524292363e-01	1899
8.020427201917935e-01	2.446195323379029e-01	1900
7.711932484305835e-01	2.564622354020314e-01	1901
7.386930392320499e-01	2.671762146676801e-01	1902
7.050015652698670e-01	2.765453622251909e-01	1903
6.707184522218994e-01	2.844509158358160e-01	1904
6.371503247735538e-01	2.907954872530989e-01	1905
6.048766811525943e-01	2.955769608003188e-01	1906
1.575502594761440e-01	2.399264417202880e-01	1907
1.102061305854432e-01	2.162245451666361e-01	1908
9.149482673789805e-02	2.068080372906606e-01	1909
9.321882424302704e-01	-1.602725670142628e-01	1910
8.939914193864655e-01	-1.870506178336969e-01	1911
9.128940410299492e-01	-1.744997864329371e-01	1912
5.158893244543267e-01	-2.950270562005203e-01	1913
-6.657655339752275e-03	1.214067201930734e-01	1914
-1.353564428415501e-02	1.106552317419759e-01	1915
-1.888590909771129e-02	1.018828055640355e-01	1916
-2.450068113788521e-02	9.170235139121737e-02	1917
-2.882094353187078e-02	8.177519479804524e-02	1918
7.279320881956976e-02	1.960509907605833e-01	1919
3.885548655445205e-02	1.679928210481249e-01	1920
2.661501769368317e-02	1.577020316681658e-01	1921
5.419571667062001e-02	1.816930477869942e-01	1922
1.461639093533732e-02	1.469071567630505e-01	1923
4.761508747797863e-01	3.005319158771642e-01	1924
4.425570461830426e-01	2.991709240142119e-01	1925
4.079154782494271e-01	2.968981186672388e-01	1926
1.001314660647066e+00	8.655002707384039e-02	1927
9.947214767780056e-01	9.880129681126774e-02	1928
5.820054480442426e-01	-2.900805086715938e-01	1929
6.179650620808269e-01	-2.851411853849981e-01	1930
6.531839489365545e-01	-2.787386772864893e-01	1931
1.709044973560570e-01	-2.497075886704116e-01	1932
2.032516673897559e-01	-2.609444114219905e-01	1933
2.367550019448591e-01	-2.701649074109166e-01	1934
2.696110709502544e-01	-2.771614421278193e-01	1935
3.033860901251323e-01	-2.835106563949367e-01	1936
3.379224745932251e-01	-2.886613894409951e-01	1937
1.430292506450423e-01	-2.731599646005119e-01	1938
1.001632514017087e+00	2.793185714832628e-03	1939
1.004475416182218e+00	-7.843401912540716e-03	1940
1.003997866709092e+00	-6.906989527356595e-03	1941
1.002067257484440e+00	-1.097565217637577e-03	1942
1.006087232809984e+00	1.368681182385793e-02	1943
9.382236182016989e-01	-1.886692969637094e-01	1944
1.001571156840468e+00	-2.823775551317523e-03	1945
1.015510881809107e+00	7.422480852300813e-02	1946
1.142876058336821e-01	-2.578598184811335e-01	1947
1.008954962986097e+00	2.029208640968330e-02	1948
1.007561022503183e+00	1.821107833604284e-02	1949
1.005700718927236e+00	-1.377709010800500e-02	1950
1.001770886776694e+00	-1.930780751809138e-03	1951
1.002744402050684e+00	-5.659940397709630e-03	1952
1.004309219177557e+00	-1.035021321945427e-02	1953
1.004584841141497e+00	1.028174771121024e-02	1954
-4.895973554542462e-02	-5.303236740017754e-02	1955
1.001955958905104e+00	6.457997718209975e-04	1956
1.600381447854769e-01	2.772905777002455e-01	1957
-6.917730959269087e-03	-1.556374410419124e-01	1958
9.192098555448461e-01	-2.045500789358846e-01	1959
8.797953107735986e-01	-2.327198524482377e-01	1960
-4.794823730554857e-02	5.291568612261561e-02	1961
5.609490717345442e-01	3.420320986653875e-01	1962
3.236662687869030e-01	3.271026399176005e-01	1963
9.725155672952017e-01	-1.539943821045497e-01	1964
7.140965233120832e-01	-3.060683803770982e-01	1965
4.150257496432165e-01	-3.370086232773083e-01	1966
-1.566623263476717e-02	1.383910137302171e-01	1967
4.782330467373387e-02	2.089062747040714e-01	1968
9.092468541201386e-02	-2.443513469248987e-01	1969
1.016738586455905e+00	6.206931441481114e-02	1970
1.017849334812448e+00	5.459041579367436e-02	1971
-3.579060604742269e-02	1.051134811443152e-02	1972
-1.881252090252757e-02	-1.390245640460653e-01	1973
6.792105235929008e-01	-3.154787282282030e-01	1974
8.562229007963413e-01	-2.471100116429682e-01	1975
3.554521254761435e-01	3.325575976490031e-01	1976
1.001922575861170e+00	5.146919630751944e-03	1977
1.001802876143614e+00	-5.173852516576737e-03	1978
1.001941448844211e+00	-6.880887719075132e-04	1979
1.004678752576475e+00	7.758847358824611e-03	1980
1.004173281714250e+00	6.831328244254691e-03	1981
1.001473569039443e+00	-3.507083575129906e-03	1982
1.009468569757718e+00	2.710795722057894e-02	1983
1.001550599297431e+00	3.480901529067280e-03	1984
9.002964097571120e-01	-2.187625406811185e-01	1985
9.564815839532933e-01	-1.714187700948333e-01	1986
-4.258648860974843e-02	-2.163885941767014e-02	1987
1.923217733312169e-01	2.910112110926111e-01	1988
1.008625274935846e+00	-2.721101404049085e-02	1989
9.791304499918173e-01	1.533243452359216e-01	1990
1.010924696124241e+00	-3.493628454502555e-02	1991
-4.007521133535774e-02	-9.234675610268382e-02	1992
5.341239903896573e-01	-3.368502083548300e-01	1993
3.887228636510747e-01	3.368081864832050e-01	1994
1.310460551936811e-01	2.624869428622404e-01	1995
-4.344340783087835e-02	-8.154579538416089e-02	1996
1.002881032945073e+00	5.611730811040874e-03	1997
-3.404442056527252e-02	2.146765617645892e-03	1998
-3.415851873753017e-02	-2.275322684322913e-03	1999
9.929681768049949e-01	1.331955159082709e-01	2000
-4.752964644722499e-02	-6.188233182862267e-02	2001
-4.576653070533699e-02	-7.079968329440892e-02	2002
1.001812548422534e+00	1.893601391617025e-03	2003
1.002345442715727e+00	-2.566735661921424e-05	2004
1.002090885374887e+00	1.052725948501868e-03	2005
-4.445221955796389e-02	7.045626395374181e-02	2006
-4.636616459180142e-02	6.165574265218090e-02	2007
1.012037770428884e+00	3.480467877881609e-02	2008
2.917226945643625e-01	3.201368345473952e-01	2009
2.595787004212251e-01	3.120067228207447e-01	2010
2.263257878883146e-01	3.027878583606203e-01	2011
6.443612581505496e-03	-1.725863945307319e-01	2012
1.987703765187847e-02	-1.870525099749353e-01	2013
1.014717464502709e+00	-6.214495522526374e-02	2014
1.016082096035706e+00	-5.475487452740396e-02	2015
1.007023179417142e+00	-1.831555086178120e-02	2016
1.008344525076211e+00	-2.042638182232790e-02	2017
7.470743727099823e-01	-2.956198951885273e-01	2018
7.772973963157537e-01	-2.846073357940951e-01	2019
8.048258146227196e-01	-2.731546616131043e-01	2020
8.308187992999676e-01	-2.608368302757564e-01	2021
-3.604267090362732e-02	-1.060661788097170e-02	2022
-5.026575062978051e-02	-3.472405969877328e-02	2023
-4.987295103579322e-02	-4.392101054631230e-02	2024
-4.902279144240763e-02	4.390840404088338e-02	2025
-4.216551138963727e-02	2.174888797775099e-02	2026
-4.958383494502618e-02	3.480506608109662e-02	2027
9.855269894163741e-01	-1.371911368814323e-01	2028
9.954536254982149e-01	-1.216744016604756e-01	2029
1.002545911275345e+00	-1.080610700486308e-01	2030
1.007633068182186e+00	-9.628441634175500e-02	2031
1.009710081040082e+00	-8.427744069575568e-02	2032
1.013093190002831e+00	-7.414776650800452e-02	2033
3.447029744729097e-02	-2.022128576405056e-01	2034
5.164664860406445e-02	-2.175793115500674e-01	2035
7.085660949611532e-02	-2.318285353723343e-01	2036
-3.564574612839119e-02	-1.056217373150296e-01	2037
-2.809369705480829e-02	-1.206741532678516e-01	2038
3.829673492063572e-01	-3.346851512629039e-01	2039
5.277664094204598e-01	3.432402152269585e-01	2040
9.622786076229805e-01	1.735161576691034e-01	2041
9.437158187737583e-01	1.926240598052500e-01	2042
9.242091663295072e-01	2.102608809522204e-01	2043
9.036173389250511e-01	2.266488378693981e-01	2044
8.816153845560867e-01	2.419106557166991e-01	2045
8.575873316356041e-01	2.564249581286998e-01	2046
8.304510172269035e-01	2.708413285996345e-01	2047
8.001152759244944e-01	2.849785570450895e-01	2048
7.673947208369146e-01	2.981657358021692e-01	2049
7.330992180072918e-01	3.099123984318912e-01	2050
6.978313858459513e-01	3.200152121333807e-01	2051
6.626283846982196e-01	3.283319665703068e-01	2052
6.282700708685253e-01	3.348593426508802e-01	2053
5.943370917641477e-01	3.395383203450284e-01	2054
1.070174677494948e-01	2.482760929350550e-01	2055
8.774588322307125e-02	2.372574136138249e-01	2056
4.535306208347850e-01	-3.377650981986179e-01	2057
4.952685385143882e-01	-3.377901925599741e-01	2058
-2.383008444253527e-02	1.245848033676726e-01	2059
-2.896016567760007e-02	1.138433916667363e-01	2060
-3.427845761336885e-02	1.035053284119535e-01	2061
-3.839568109332325e-02	9.166160198055052e-02	2062
-4.194366187074904e-02	8.104184319316468e-02	2063
6.830701185572276e-02	2.251259009878910e-01	2064
1.838386036858323e-02	1.795462422803664e-01	2065
3.086288899139637e-02	1.921225532311396e-01	2066
-5.480699153571477e-03	1.527354350135980e-01	2067
6.501575998379782e-03	1.675663205560985e-01	2068
4.935154940091911e-01	3.433000367691298e-01	2069
4.590129750817784e-01	3.422042315186519e-01	2070
4.238759511423849e-01	3.400466005593428e-01	2071
1.012256831859014e+00	8.497069344871391e-02	2072
1.009817989902902e+00	9.913397516300067e-02	2073
1.002998018387289e+00	1.147943430343841e-01	2074
5.684251398604832e-01	-3.343179376745483e-01	2075
6.057148326634415e-01	-3.299866044248866e-01	2076
6.430489665447977e-01	-3.235190317379487e-01	2077
1.754301584801441e-01	-2.876861064020426e-01	2078
2.100553170825465e-01	-3.003083426485771e-01	2079
2.450486174765927e-01	-3.102511036727372e-01	2080
2.790916940958915e-01	-3.181265841729967e-01	2081
3.145348179985138e-01	-3.252814633681150e-01	2082
3.496556312254420e-01	-3.308462975757177e-01	2083
1.012309138827977e+00	-4.017272374912787e-02	2084
1.010359413927759e+00	1.784254701031929e-02	2085
1.006182869254822e+00	-1.152295286801579e-02	2086
1.012404187530173e+00	-3.003451246905739e-02	2087
1.006744457443000e+00	-1.573364055670394e-02	2088
-5.915382414725977e-02	-5.916400532516281e-02	2089
5.649021639270879e-01	3.892032179797270e-01	2090
7.439569277342074e-01	-3.432773570455855e-01	2091
2.993053236557756e-01	3.667512879524654e-01	2092
1.013350037498294e+00	2.982163777579185e-02	2093
-5.871181543155617e-02	4.950920937251803e-02	2094
6.416317470112710e-02	-2.643282402297153e-01	2095
9.477015801152014e-01	-2.193618944320367e-01	2096
1.005281476467811e+00	-6.842206106842784e-03	2097
9.658978500912724e-01	-1.996865344654807e-01	2098
1.294975318303526e-01	3.019768629528654e-01	2099
1.019891569843117e+00	-4.859062824468228e-02	2100
7.084727863999566e-01	-3.549008034420258e-01	2101
-5.472187464488319e-02	-9.089075790735841e-02	2102
1.001957876502377e+00	2.477827229820854e-03	2103
1.002439040634884e+00	5.441997097217278e-04	2104
1.002241193558162e+00	1.567775149380529e-03	2105
1.021450179342801e+00	4.825868812618440e-02	2106
-4.219847133208998e-03	1.897503526791168e-01	2107
-2.929182602868701e-02	-1.588222850345562e-01	2108
-4.244783024969131e-02	1.401416107463894e-02	2109
6.711650775348031e-01	-3.650617554571616e-01	2110
4.331390568334921e-01	-3.842978676396460e-01	2111
1.019124349866872e+00	-9.211230895503858e-02	2112
1.020170730636185e+00	-8.214038436867364e-02	2113
1.438328717328866e-01	-3.137894800132462e-01	2114
3.954392236133674e-01	-3.820593832919082e-01	2115
-1.695354467599523e-02	-1.769890500319188e-01	2116
1.024140843404293e+00	6.897536847403592e-02	2117
1.024321582287458e+00	5.939271398415575e-02	2118
1.002925709490735e+00	1.550552578982055e-01	2119
3.674857189444510e-01	3.802878414721871e-01	2120
9.958701153262819e-01	-1.586492699629168e-01	2121
-3.537005075205529e-02	1.404698832765456e-01	2122
2.094212827318566e-02	2.189366768763509e-01	2123
4.033794254849061e-01	3.848129197658787e-01	2124
1.121448478651607e-01	-2.957259774296626e-01	2125
8.597837334952857e-02	-2.791984133811227e-01	2126
1.002770040059984e+00	4.620083115883456e-03	2127
1.002426272212416e+00	-5.973737184673532e-04	2128
1.007197493171113e+00	1.562280380292457e-02	2129
8.868151006706351e-01	-2.707962014822836e-01	2130
1.002205757664525e+00	-1.615199541589348e-03	2131
1.001902578906285e+00	-2.516753490782751e-03	2132
1.011555351215654e+00	2.346904566074592e-02	2133
1.003771548681743e+00	-6.159594464220632e-03	2134
1.005152818282838e+00	-9.125858820204865e-03	2135
1.006501204795166e+00	1.140728224245554e-02	2136
1.005459761469758e+00	6.732236464512985e-03	2137
1.617054727988013e-01	3.193938901396469e-01	2138
-5.804121581216296e-02	5.912767123418364e-02	2139
3.330149466355604e-01	3.743393242400410e-01	2140
9.823027936338395e-01	-1.790981751396283e-01	2141
3.608568706894166e-01	-3.780314779892335e-01	2142
-2.691064966002616e-02	1.568564005071892e-01	2143
-4.997530699151236e-02	2.577797469340285e-02	2144
-4.273181532030283e-02	-1.393606601366434e-02	2145
1.003925786578228e+00	6.087073665628303e-03	2146
1.001574482964100e+00	-4.290561789917748e-03	2147
1.005395420627304e+00	9.028070954681465e-03	2148
1.002659554013545e+00	-4.670212740234659e-03	2149
1.002148362412132e+00	-3.254522700353426e-03	2150
1.013598755118580e+00	4.002558951774948e-02	2151
1.001670748309958e+00	4.265181758364767e-03	2152
9.091920563196403e-01	-2.539191790819590e-01	2153
9.289328898053815e-01	-2.372148064551693e-01	2154
-5.966063113732919e-02	-4.945315339177921e-02	2155
-5.048358930615808e-02	-2.561555871975787e-02	2156
1.010830237845524e+00	-2.366365567882028e-02	2157
1.002221744144512e+00	3.211882733269344e-03	2158
-3.931504913801988e-02	5.485644742127182e-05	2159
-5.799702071103167e-02	-6.851917830698201e-02	2160
-5.682729455557205e-02	-7.872364243119538e-02	2161
-5.673162599663069e-02	6.838671450258701e-02	2162
1.967880774777906e-01	3.350111027152428e-01	2163
2.660399188062905e-01	3.576592093214156e-01	2164
2.325037693998112e-01	3.478413577428614e-01	2165
-4.307953737220851e-03	-1.957176259029563e-01	2166
1.009823364192326e+00	-1.803393055666741e-02	2167
7.768965956634041e-01	-3.306545604859601e-01	2168
8.070120156004031e-01	-3.173458677033393e-01	2169
8.349196046954853e-01	-3.031742931282567e-01	2170
8.616343954468040e-01	-2.875832631368900e-01	2171
-4.091574905518564e-02	-5.106475595430543e-03	2172
-5.966415482997726e-02	-3.969059920009281e-02	2173
-5.888445867197117e-02	3.983186605338290e-02	2174
1.006148540927656e+00	-1.394554584702897e-01	2175
1.013167116100190e+00	-1.222538418502565e-01	2176
1.016073847146801e+00	-1.069215439284655e-01	2177
1.022394940248148e+00	-5.974183138454237e-02	2178
1.021908503904725e+00	-6.923819075568090e-02	2179
8.877924997435919e-03	-2.118910232454766e-01	2180
2.490536833049744e-02	-2.297697380612120e-01	2181
4.367894385239160e-02	-2.478958644615167e-01	2182
-5.154109746814110e-02	-1.034124518161350e-01	2183
-4.646539846923520e-02	-1.202948955144123e-01	2184
-3.899627752798972e-02	-1.374789565805756e-01	2185
9.887818806215614e-01	1.787536495067583e-01	2186
9.720284689722000e-01	2.018153386514075e-01	2187
9.535865567072153e-01	2.233774744855467e-01	2188
9.336873911660776e-01	2.434846766649083e-01	2189
9.120183081674704e-01	2.623726534002840e-01	2190
8.883264460093563e-01	2.801810497897842e-01	2191
8.620194027874327e-01	2.973170091147660e-01	2192
8.324294901824983e-01	3.141466975631332e-01	2193
7.997820872060021e-01	3.302537632234890e-01	2194
7.648877926667575e-01	3.449588760269762e-01	2195
7.285582284332571e-01	3.578414543559029e-01	2196
6.917168208479366e-01	3.686880064687146e-01	2197
6.552652227919589e-01	3.774406479525192e-01	2198
6.190545281557297e-01	3.841625966486210e-01	2199
4.017690584914711e-02	2.393869838851428e-01	2200
1.020719114886700e-01	2.843700253768759e-01	2201
8.124795551079554e-02	2.709016426019467e-01	2202
4.741786604982846e-01	-3.851418442876546e-01	2203
5.157078342117999e-01	-3.849603849670455e-01	2204
-4.146474433740079e-02	1.262539624603781e-01	2205
-4.575947638653330e-02	1.157365091893450e-01	2206
-4.996453582830278e-02	1.021454669213860e-01	2207
-5.309240047763254e-02	9.049441921953687e-02	2208
-5.539613590112019e-02	7.848327902907826e-02	2209
6.158140552694399e-02	2.573080933321632e-01	2210
6.937515105197360e-03	2.031377234597255e-01	2211
-1.602466317997268e-02	1.731988530614831e-01	2212
5.120787120455519e-01	3.906251641690501e-01	2213
4.761422434060275e-01	3.900227057402774e-01	2214
4.399120028408366e-01	3.880529607517547e-01	2215
1.013333245053237e+00	1.325011807120426e-01	2216
1.022722469948786e+00	8.231185655352069e-02	2217
1.021617353654708e+00	9.388497234488664e-02	2218
1.017708632308292e+00	1.119532194051677e-01	2219
5.546795650931603e-01	-3.831559093219797e-01	2220
5.924808627622833e-01	-3.796493425494007e-01	2221
6.323674490646145e-01	-3.734644293785895e-01	2222
1.790352534978286e-01	-3.304333520461796e-01	2223
2.160255935975443e-01	-3.444579010508603e-01	2224
2.522469765950840e-01	-3.551561361140333e-01	2225
2.879353283822194e-01	-3.641334330843837e-01	2226
3.248454621229819e-01	-3.720632366351721e-01	2227
7.032228345482047e-01	-4.095802930981028e-01	2228
1.003184819019249e+00	3.647997835473088e-03	2229
-5.567452231769558e-02	1.405178447311465e-01	2230
-6.978031306422845e-02	6.538042509911408e-02	2231
-6.899568958955868e-02	7.501303303473048e-02	2232
1.011402097663610e+00	-2.065838962308392e-02	2233
-5.026898901290027e-02	-1.717008437425977e-02	2234
7.777405578327750e-01	-3.823455631255473e-01	2235
9.084947675198135e-03	2.492604014401528e-01	2236
8.967140902978109e-01	-3.130037418127721e-01	2237
1.083757678902756e-01	-3.383639656726116e-01	2238
1.010061836335920e+00	1.489868700076783e-02	2239
1.017508107644301e+00	-4.302527763091005e-02	2240
1.013470647630701e+00	2.699612914441549e-02	2241
1.008110731305237e+00	1.287981107107795e-02	2242
1.623115052657806e-01	3.667203885135160e-01	2243
1.003754127370542e+00	5.004316164747333e-03	2244
1.016993904384055e+00	3.475140598942101e-02	2245
-4.886495384363197e-02	-8.054380152092165e-03	2246
1.002909885635787e+00	1.745077714286023e-04	2247
1.002905147616524e+00	-2.387020951762233e-04	2248
1.015877766195958e+00	-3.503938560158228e-02	2249
2.709549660025499e-01	4.086581682856402e-01	2250
-6.760096263586753e-02	-1.007191778055110e-01	2251
-4.991857891435932e-02	1.736009694287937e-02	2252
-4.044658610674343e-02	6.658211172726010e-03	2253
1.029913127445526e+00	-8.821836886855632e-02	2254
1.030064560737776e+00	-7.691176189732676e-02	2255
4.109778638780582e-01	-4.349710482136050e-01	2256
7.910642954937393e-02	-3.183885966734746e-01	2257
-5.946425265085648e-02	-2.959451485180944e-02	2258
3.803121033340299e-01	4.335968286926111e-01	2259
9.558161374842959e-02	3.251567669149055e-01	2260
-4.030260932456061e-02	1.772816532478542e-01	2261
-6.995769181548812e-02	5.500066915472927e-02	2262
-2.957117854170143e-02	1.951045484805102e-01	2263
4.185161798544847e-01	4.382137767793186e-01	2264
3.063312344963112e-01	4.188150551440857e-01	2265
1.025368800119461e+00	5.471141088001515e-02	2266
7.417256649584711e-01	-3.967163533758921e-01	2267
9.950569994303399e-01	-2.061109080512001e-01	2268
5.510944274066832e-02	-3.004884266562233e-01	2269
1.012620907240417e+00	-2.722819176414256e-02	2270
1.007740891293141e+00	-1.303378409049112e-02	2271
6.478225227851241e-01	4.323287578835966e-01	2272
6.627416209937822e-01	-4.204896726422624e-01	2273
9.788605498207549e-01	-2.299543337061697e-01	2274
1.008511120223841e+00	-1.817830508009284e-01	2275
1.267315681457274e-01	3.464870658656914e-01	2276
1.002685361642767e+00	1.127703773861229e-03	2277
1.002395948038935e+00	2.110245448633524e-03	2278
1.023024701082658e+00	1.507278349516525e-01	2279
1.023595590668992e+00	-5.511824746554051e-02	2280
1.032205500140540e+00	6.435221016854205e-02	2281
1.432924613223201e-01	-3.595142074158285e-01	2282
3.720181228839415e-01	-4.306146704445916e-01	2283
1.030129202748257e+00	-6.490414656799887e-02	2284
-4.894804856111210e-02	1.576151984952560e-01	2285
-7.097883928010251e-02	-6.531621177587019e-02	2286
-7.034261867327313e-02	-7.502466591230954e-02	2287
1.002659050714666e+00	-1.185918086972693e-03	2288
1.002051513093143e+00	-4.022035771724904e-03	2289
1.003629366187911e+00	-5.077242786685249e-03	2290
1.002347750105689e+00	-2.160053841475922e-03	2291
1.012027805480790e+00	2.043052831897802e-02	2292
1.005922783488250e+00	-8.007769181710480e-03	2293
3.428157255476929e-01	4.271893791748189e-01	2294
1.006135945296416e+00	7.884521378623192e-03	2295
1.003097153437671e+00	-3.711936965201644e-03	2296
1.018885178072390e+00	4.273698549750649e-02	2297
9.209461085559809e-01	-2.928412346996185e-01	2298
9.420587309444171e-01	-2.727902218936940e-01	2299
9.610441548361847e-01	-2.522157307305744e-01	2300
-7.049982474313274e-02	-4.452747956887722e-02	2301
-7.098988864694507e-02	-5.485632910665175e-02	2302
-6.963572732169153e-02	4.474428769389366e-02	2303
1.009622120943951e+00	-1.509782024137176e-02	2304
1.002143237610851e+00	3.984130453901995e-03	2305
-6.963875447065765e-02	-8.710739548655153e-02	2306
2.000611000411911e-01	3.842075189016052e-01	2307
2.368809565782799e-01	3.978693738552216e-01	2308
-4.191501716786169e-02	-1.803984598237101e-01	2309
-3.054502836385571e-02	-1.995101881578632e-01	2310
8.108489509946016e-01	-3.668998019657013e-01	2311
8.412999566995850e-01	-3.504135870395192e-01	2312
8.698743140942423e-01	-3.324769514872369e-01	2313
-4.642486230197640e-02	-5.554121337607801e-04	2314
-5.887001597749485e-02	2.981794322092358e-02	2315
1.016105560555680e+00	-1.571529296309723e-01	2316
1.023781113228344e+00	-1.366350082808523e-01	2317
1.028979212460307e+00	-1.018786688635159e-01	2318
1.027831185517972e+00	-1.171267324400724e-01	2319
-1.827734621892091e-02	-2.202639304982628e-01	2320
3.324912415659259e-02	-2.813938192283131e-01	2321
-4.369929202127644e-03	-2.395259720421621e-01	2322
1.332200816465970e-02	-2.601350555025566e-01	2323
-6.465345066233820e-02	-1.163981247603868e-01	2324
-5.956593333715232e-02	-1.360148800399535e-01	2325
-5.218168238811919e-02	-1.561039886142927e-01	2326
1.015417212519286e+00	1.787212637601699e-01	2327
1.001705440307445e+00	2.058988550755902e-01	2328
9.853812016546196e-01	2.320344774092405e-01	2329
9.669636682387158e-01	2.566094772604544e-01	2330
9.463044334772577e-01	2.798731213427471e-01	2331
9.232408066112456e-01	3.019226358063943e-01	2332
8.975288641800125e-01	3.228775211074321e-01	2333
8.687349409265934e-01	3.430990083935977e-01	2334
8.364918732540778e-01	3.626716947734296e-01	2335
8.012170020550864e-01	3.810107747526560e-01	2336
7.638046006150039e-01	3.974276486535410e-01	2337
7.252550238793124e-01	4.115247825894294e-01	2338
6.865354303311421e-01	4.231362404461336e-01	2339
5.985207440055620e-01	4.394036679362755e-01	2340
3.015952989304307e-02	2.729676927849923e-01	2341
7.194842715135231e-02	3.082264478898897e-01	2342
4.523539123571109e-01	-4.371963166902062e-01	2343
4.949859582682520e-01	-4.379698539735907e-01	2344
-6.338245347230356e-02	1.135844658090696e-01	2345
-6.598125295409335e-02	1.000409201519873e-01	2346
-6.810544170486553e-02	8.698756077904872e-02	2347
5.171397077841509e-02	2.925294322180451e-01	2348
-7.027645187251639e-03	2.294366607517124e-01	2349
-1.847856312318530e-02	2.127633398310084e-01	2350
5.418394274170131e-01	4.429261436570833e-01	2351
4.756091251739130e-01	4.420135809730452e-01	2352
1.032476888765399e+00	7.663239659273925e-02	2353
1.032527151755844e+00	8.909943793367374e-02	2354
1.029369019532892e+00	1.251794493150497e-01	2355
1.031295416712516e+00	1.054667553385198e-01	2356
5.374997080791994e-01	-4.371263477629772e-01	2357
5.783748803462988e-01	-4.344071644753164e-01	2358
6.204342869241312e-01	-4.290387531171547e-01	2359
1.815488054685832e-01	-3.784441707016589e-01	2360
2.207227827970133e-01	-3.938803824179717e-01	2361
2.582183943502963e-01	-4.054709095142933e-01	2362
2.958519878921066e-01	-4.156919800678645e-01	2363
3.343968291580722e-01	-4.243931658349858e-01	2364
1.013035188227636e+00	1.690907564578977e-02	2365
1.023950422376458e+00	-4.357439013766673e-02	2366
1.021597929987819e+00	-3.804048341240409e-02	2367
-5.884281472098155e-02	-2.024160550652424e-02	2368
1.004692119722393e+00	-5.488613846642267e-03	2369
-8.201393198659203e-02	4.936610749855624e-02	2370
2.568950788843718e-01	4.595953678769376e-01	2371
8.165256645625127e-01	-4.224482886825948e-01	2372
3.848905794180573e-01	-4.896544089180458e-01	2373
-4.668589460692323e-02	2.179934943323591e-01	2374
-8.293152712583919e-02	6.028727405517720e-02	2375
3.938490950267876e-01	4.918971888627718e-01	2376
9.958315072233055e-01	-2.618414517359198e-01	2377
1.008191826649458e+00	-1.101219864603073e-02	2378
1.012900481461999e+00	-1.797280632660593e-02	2379
1.012141882590429e+00	-1.639951481325764e-02	2380
6.012042521310172e-02	3.499782853389056e-01	2381
-2.316919819527445e-02	2.588861927259252e-01	2382
1.003042326094746e+00	7.063851561915885e-04	2383
1.002868736279600e+00	1.716911563358883e-03	2384
1.040379682332877e+00	-1.299360691208085e-01	2385
1.006722871624997e+00	-9.381989143510966e-03	2386
1.006716913649322e+00	-6.811210659088881e-03	2387
1.006978274191062e+00	9.241699551237118e-03	2388
1.010564701790194e+00	1.245938844091854e-02	2389
1.002828477438281e+00	-1.778441989627055e-03	2390
1.003025228505201e+00	-7.733179005758657e-04	2391
-5.809840026263088e-02	-1.128436943734570e-02	2392
-5.464382005540358e-02	-2.003721152414821e-03	2393
1.224564272800092e-01	3.965379998734453e-01	2394
7.402331063617391e-01	-4.566377235908303e-01	2395
9.360524967619013e-01	-3.357167526609690e-01	2396
1.028899362982448e+00	4.813484481420626e-02	2397
-8.269889279314606e-02	-1.115404681858595e-01	2398
4.283041991185720e-01	-4.940734168316847e-01	2399
-7.816718621483393e-02	1.321178011250687e-01	2400
-8.319368287168817e-02	7.119804278797406e-02	2401
-8.318525468999645e-02	8.194735926854146e-02	2402
-5.211998313689862e-03	2.831560588007130e-01	2403
3.533459829279124e-01	4.855226770139514e-01	2404
1.039084121175009e+00	-7.096756744995167e-02	2405
1.412158749799109e-01	-4.108822883583719e-01	2406
9.099752502553343e-01	-3.596061099572890e-01	2407
1.027286232060634e-01	-3.862946338862951e-01	2408
7.003770289892801e-02	-3.624421433548895e-01	2409
4.336662330427508e-02	-3.407146238467547e-01	2410
6.978869405496789e-01	-4.708202742169144e-01	2411
7.799123277303706e-01	-4.403424709930890e-01	2412
1.989479713479407e-02	-3.182690269894908e-01	2413
1.614863024368268e-01	4.197341607253549e-01	2414
1.004260167026098e+00	3.995150943872402e-03	2415
1.004831360838060e+00	5.389643007005339e-03	2416
1.003493659110444e+00	-3.896559185679996e-05	2417
-8.433356032576456e-02	-9.616145892665275e-02	2418
-5.842088944613555e-02	2.051715421123009e-02	2419
1.041614509913670e+00	1.418080010614329e-01	2420
1.040220278866458e+00	-8.271504384660393e-02	2421
8.739462365311172e-02	3.712213000467288e-01	2422
-5.644974123023204e-02	1.989088765180950e-01	2423
-6.966793780542417e-02	-3.338797174186165e-02	2424
3.133558674583136e-01	4.768407584708479e-01	2425
1.043594997580543e+00	9.817646087787463e-02	2426
1.011400004868231e+00	-2.346804015006479e-01	2427
1.014438264904399e+00	-2.334389736541074e-02	2428
1.010198964656358e+00	-1.268551769730664e-02	2429
1.025896644942888e+00	-2.073220097556163e-01	2430
1.002779381693307e+00	2.780527776897252e-03	2431
1.027341138420749e+00	-4.870032084370529e-02	2432
-6.532641326609380e-02	1.763573243601243e-01	2433
-7.202010588302191e-02	1.566241861291893e-01	2434
-8.402920176802550e-02	-6.003630712440137e-02	2435
1.002714293482264e+00	-2.837470297503042e-03	2436
1.004159793529184e+00	-4.084351602452354e-03	2437
1.015158013348920e+00	2.303414256346467e-02	2438
1.008500817357094e+00	1.083694314392939e-02	2439
1.006898534495419e+00	6.662539375132752e-03	2440
1.025341356866474e+00	4.308682568977460e-02	2441
1.022804828500617e+00	3.759559693747878e-02	2442
9.587456880150463e-01	-3.115644467755099e-01	2443
9.783499131280299e-01	-2.872827576806937e-01	2444
-8.294232969311427e-02	-4.905701832559760e-02	2445
-8.445442785449887e-02	-7.101202852294031e-02	2446
-8.459926486337960e-02	-8.182525426460922e-02	2447
2.016492783350390e-01	4.389737882799480e-01	2448
-3.518962368685339e-02	-2.468215174536675e-01	2449
8.501008264929566e-01	-4.031644617471412e-01	2450
8.811538619716939e-01	-3.822802600655822e-01	2451
-4.893821640706351e-02	7.961163960495581e-03	2452
-6.899478375984817e-02	3.368068997198889e-02	2453
1.040921373014057e+00	-9.585336307630071e-02	2454
1.030960598232257e+00	-1.752857396782312e-01	2455
1.035783649459762e+00	-1.528384408409839e-01	2456
1.041410190429778e+00	-1.105122118287532e-01	2457
-5.798902713911704e-02	-2.026451411162364e-01	2458
-4.768982773878698e-02	-2.233667261503633e-01	2459
-2.007428182708441e-02	-2.705244506028112e-01	2460
-1.507206152008440e-03	-2.935913432274557e-01	2461
-8.003395035158606e-02	-1.306794426561597e-01	2462
-7.466147455181547e-02	-1.527696977532351e-01	2463
-6.778282849181215e-02	-1.767554068674659e-01	2464
1.037478043351622e+00	1.696644621627117e-01	2465
1.027985425387766e+00	2.021591467854878e-01	2466
1.018221995658945e+00	2.344273113200842e-01	2467
1.002538136833593e+00	2.641032708067463e-01	2468
9.839667765877204e-01	2.924831135044939e-01	2469
9.623781244394941e-01	3.196730483564635e-01	2470
9.376384721201304e-01	3.456332587389947e-01	2471
9.096829838251662e-01	3.704021617391904e-01	2472
8.781419913975632e-01	3.942542061857635e-01	2473
8.429008881814931e-01	4.169925652195624e-01	2474
8.045915921248423e-01	4.378850842636123e-01	2475
7.643103857544167e-01	4.562155184368770e-01	2476
7.231374249505378e-01	4.716189873919852e-01	2477
6.813394116168391e-01	4.830722725772013e-01	2478
6.329098185555380e-01	4.940566680465615e-01	2479
4.723785162577127e-01	-4.962658043980305e-01	2480
-8.122989889261811e-02	1.098117817606934e-01	2481
-8.275690147138384e-02	9.590274657479506e-02	2482
3.867838897588554e-02	3.302983864261798e-01	2483
1.674314876045082e-02	3.093986067096552e-01	2484
-3.626289117543560e-02	2.371300070461944e-01	2485
5.755092493985966e-01	5.000647727339550e-01	2486
5.099208790983477e-01	5.014008113169740e-01	2487
4.450330914505419e-01	4.984504452264526e-01	2488
1.041316357322365e+00	7.030903821164672e-02	2489
1.042784213490094e+00	8.283902364416898e-02	2490
1.043872766753391e+00	1.166511695355996e-01	2491
5.172246769098390e-01	-4.965933624620119e-01	2492
6.530906022346531e-01	-4.824029654596482e-01	2493
5.617079280838578e-01	-4.948226563599455e-01	2494
6.067739052975673e-01	-4.905876283167314e-01	2495
1.825472775231200e-01	-4.322201786186452e-01	2496
2.238029867015887e-01	-4.491012734592297e-01	2497
2.627814462168075e-01	-4.618149101187432e-01	2498
3.027843480617437e-01	-4.733915925600720e-01	2499
3.438370476839003e-01	-4.824943061802014e-01	2500
1.015398406929656e+00	1.943292832012299e-02	2501
5.418327861050892e-01	-5.608834129176037e-01	2502
1.010697959564517e+00	1.016476231880795e-02	2503
5.848823628053558e-02	-4.119392542326013e-01	2504
1.033291109849164e+00	5.476245801211756e-02	2505
-9.867596514748235e-02	1.233905710258179e-01	2506
-9.626551401220688e-02	1.494387087035310e-01	2507
4.128325148518023e-01	5.594672581653248e-01	2508
2.862856390704652e-02	-3.854959383646960e-01	2509
1.039406697287048e+00	-6.089884730356056e-02	2510
8.614905219012997e-01	-4.620237127875912e-01	2511
-1.002468195518454e-01	-1.235842080744690e-01	2512
-9.716354373769877e-02	-5.312841791717460e-02	2513
1.162708195240239e-01	4.526629607963705e-01	2514
1.041406408585521e+00	6.014239800902204e-02	2515
1.014707737065859e+00	-2.073756763480631e-02	2516
1.008916798125493e+00	8.915866877288492e-03	2517
1.007739783975883e+00	7.910781116769730e-03	2518
1.007519873757008e+00	-8.077581488187524e-03	2519
-9.771910595431327e-02	6.526576489462740e-02	2520
4.575837386399463e-02	3.969860418604438e-01	2521
1.032041547403634e+00	-2.646115472659360e-01	2522
-6.849022906847070e-02	-2.311435697407858e-02	2523
9.550317741577351e-01	-3.827065534293961e-01	2524
3.182189515209170e-03	-3.587831127047100e-01	2525
-8.123777621844515e-02	-3.679176635467565e-02	2526
1.586620847669102e-01	4.789250142228048e-01	2527
-7.617057609075305e-02	2.208753356344681e-01	2528
1.055548208057239e+00	-1.210375135759236e-01	2529
4.704713089072456e-01	-5.608641411216716e-01	2530
3.998117977117418e-01	-5.554176646051329e-01	2531
7.390675334602831e-01	-5.238752529065165e-01	2532
9.495749186387767e-02	-4.401039665263677e-01	2533
1.027846627381963e+00	-3.866089361689373e-02	2534
1.030763742606665e+00	-4.277034043957855e-02	2535
1.021938478948941e+00	3.196295352749525e-02	2536
1.017623250337941e+00	2.643489935814103e-02	2537
-6.791748666552803e-02	-1.497607311087217e-02	2538
-1.009176056669220e-01	-1.055888991909005e-01	2539
-8.051512232642200e-02	3.716324817556161e-02	2540
3.435724251276476e-01	5.440122443754254e-01	2541
8.241752735221932e-01	-4.847149264330753e-01	2542
1.016851782009452e+00	-2.950765265580355e-01	2543
1.005997918867133e+00	-5.674796764410373e-03	2544
1.008663710569016e+00	-9.111334366875898e-03	2545
2.051339093808166e-02	3.718708728053991e-01	2546
-4.207771524388747e-02	2.915990571623082e-01	2547
1.003803310831821e+00	2.985306198754687e-03	2548
1.003333825804125e+00	1.272926578722616e-03	2549
1.012084126657180e+00	-1.440975350806623e-02	2550
1.012508313463555e+00	1.413523688003335e-02	2551
1.005333746365208e+00	-4.442460719127161e-03	2552
1.003303091887051e+00	-1.346050795621046e-03	2553
6.915802734840715e-01	-5.394422507434340e-01	2554
1.031519169868749e+00	-5.542079123333846e-02	2555
-9.945625346461685e-02	8.928355427165423e-02	2556
1.058197211191498e+00	1.306186654217431e-01	2557
1.049744909428787e+00	-7.588056485257710e-02	2558
7.833380648595822e-01	-5.054317048202140e-01	2559
1.006145955234959e+00	5.542240498110826e-03	2560
1.005446637768513e+00	4.324210072735035e-03	2561
-6.419874464079421e-02	-3.688589384766691e-03	2562
7.718889243383005e-02	4.231511758661395e-01	2563
-9.618918806014354e-02	5.355182188612199e-02	2564
2.691544403819092e-01	5.258366007898637e-01	2565
1.054057449857638e+00	-1.027812809706494e-01	2566
1.016786107081742e+00	-2.680242576503511e-02	2567
1.020917285421602e+00	-3.241613490527549e-02	2568
1.010401756885438e+00	-1.040493730083819e-02	2569
1.041283339385530e+00	-2.330150383236660e-01	2570
1.003031392244196e+00	2.392310818874399e-03	2571
-8.459185520303096e-02	1.967962926721405e-01	2572
-9.050219051920130e-02	1.737269723271768e-01	2573
-9.886466944639553e-02	-6.489221473604782e-02	2574
1.002974813897233e+00	-2.456237672262777e-03	2575
1.003730052551094e+00	-3.066194917199914e-03	2576
1.032127895906422e+00	4.206915356762390e-02	2577
1.029076612963846e+00	3.802832107055282e-02	2578
9.793202923501603e-01	-3.537150186740303e-01	2579
9.997195252962883e-01	-3.246611127511689e-01	2580
-1.009164495360091e-01	-8.919499066892049e-02	2581
-9.986458763448795e-02	-7.614029222661392e-02	2582
-9.856532443010933e-02	7.646495025471965e-02	2583
2.101797383388092e-01	5.037578066108229e-01	2584
8.957030971394671e-01	-4.375694217171422e-01	2585
9.269703675416509e-01	-4.109726427711671e-01	2586
-5.814404667968093e-02	8.884965010262749e-03	2587
-6.799757436718161e-02	2.346375902585839e-02	2588
1.049980293356368e+00	-1.948167112159664e-01	2589
1.052125622130498e+00	-1.681382807297865e-01	2590
1.054542977950056e+00	-1.447190538602164e-01	2591
-7.788245371790498e-02	-2.252155704135181e-01	2592
-6.823890899214598e-02	-2.490973047409777e-01	2593
-5.496425085617781e-02	-2.757940570525162e-01	2594
-3.884864813294163e-02	-3.042708466419318e-01	2595
-1.967636605740737e-02	-3.305579126501961e-01	2596
-8.671455426912413e-02	-1.984599751318791e-01	2597
-9.805886674734689e-02	-1.465725807816187e-01	2598
-9.306563652529276e-02	-1.708077128885770e-01	2599
1.057619090636309e+00	1.584027587871919e-01	2600
1.053134233144944e+00	1.918668283852017e-01	2601
1.046932815712876e+00	2.254070263312978e-01	2602
1.040600436191107e+00	2.651981266561842e-01	2603
1.023541932029311e+00	2.980208729378381e-01	2604
1.004856568765147e+00	3.310910285446081e-01	2605
9.822409362730747e-01	3.631403918936879e-01	2606
9.557074885549321e-01	3.938251991461167e-01	2607
9.252555494926067e-01	4.232006422795432e-01	2608
8.906001561858259e-01	4.513536644787428e-01	2609
8.519133749653577e-01	4.777739288303684e-01	2610
8.101135450084601e-01	5.015899431454210e-01	2611
7.664087709686160e-01	5.221009931164663e-01	2612
7.195319025188912e-01	5.371436976396964e-01	2613
6.727229304177995e-01	5.519628587359180e-01	2614
-9.939205975827153e-02	1.046144972425961e-01	2615
-2.291758926219015e-02	3.203095986166145e-01	2616
8.960912818295041e-05	3.488929461544412e-01	2617
-5.681341765324299e-02	2.642559316410591e-01	2618
-6.771825936380958e-02	2.417404797785707e-01	2619
6.125417563083129e-01	5.624528419581399e-01	2620
5.458610685233832e-01	5.664130323174678e-01	2621
4.764039192131180e-01	5.653890131744987e-01	2622
1.054730499705691e+00	8.990593192822489e-02	2623
1.052148471706877e+00	7.540090534766870e-02	2624
1.051958617738393e+00	-8.869614184224607e-02	2625
1.057072396891422e+00	1.072141506966215e-01	2626
5.902547000288934e-01	-5.584919641475828e-01	2627
6.412350362483666e-01	-5.513841036042608e-01	2628
1.371998300405307e-01	-4.684420026935260e-01	2629
1.816050537828036e-01	-4.923157452999913e-01	2630
2.248823431579231e-01	-5.107301439408655e-01	2631
2.658504150734758e-01	-5.249204578120340e-01	2632
3.316524000750866e-01	-5.419897980525356e-01	2633
1.010808335877540e+00	8.112502981099031e-03	2634
-9.486085031421478e-02	-4.108717458479529e-02	2635
1.027258415018293e+00	3.403569734614829e-02	2636
1.018894909553723e+00	2.206049222216640e-02	2637
1.060137116011580e-02	-4.354004511795304e-01	2638
-7.906086133562709e-02	-2.193656180754078e-02	2639
7.876885033816978e-01	-5.785742806471600e-01	2640
-1.700950200391180e-02	-4.030583473687165e-01	2641
-6.779021128131651e-02	9.109988084060815e-03	2642
1.004173422368968e+00	-3.993066933044802e-01	2643
9.136757443173001e-01	-4.990254666197897e-01	2644
7.373787012604694e-01	-5.994254442215783e-01	2645
4.416448726560693e-02	-4.675311908974168e-01	2646
-1.206244871624718e-01	-1.369476225642196e-01	2647
1.015757694443653e+00	1.565987590183664e-02	2648
5.058518011839347e-01	-6.340139279341105e-01	2649
-1.162166374728956e-01	8.155402594755012e-02	2650
1.022200179049785e+00	-2.716040233522252e-02	2651
1.007407704373158e+00	-5.579404030432063e-03	2652
1.007556440509244e+00	5.408926092567516e-03	2653
1.006637259746060e+00	-4.535306838759154e-03	2654
-7.506110956702486e-02	-6.322476187231559e-03	2655
-3.513585797231258e-04	4.184459482085759e-01	2656
6.452172898072916e-02	4.815368544174692e-01	2657
1.026160649190200e+00	-3.463626320454914e-02	2658
1.014629010433310e+00	-1.533156732736786e-02	2659
1.003566435929296e+00	1.932588068364569e-03	2660
1.012478672911575e+00	-1.183299861591541e-02	2661
-1.100372808922608e-01	-2.207461111096010e-01	2662
-1.203015306325199e-01	-1.151902172285109e-01	2663
-1.179672922854325e-01	9.687680779583142e-02	2664
-1.197687989172238e-01	1.382841182082483e-01	2665
1.003729308038546e+00	-7.858261775517654e-04	2666
1.041574284780802e+00	5.101729745888169e-02	2667
6.830496913799444e-01	-6.162945561924295e-01	2668
1.042294059570120e+00	-3.296432886287045e-01	2669
9.783454634665067e-01	-4.340299679127569e-01	2670
-1.187837819992313e-01	1.146012040703175e-01	2671
1.075962794862801e-01	5.153688267539143e-01	2672
-1.001780002306537e-01	2.426562961249462e-01	2673
1.036597674793726e+00	4.794695924365162e-02	2674
1.048364264844817e+00	-6.551688601710413e-02	2675
5.694125563243426e-01	-6.305973333186582e-01	2676
-1.132974998572765e-01	-5.673292266831993e-02	2677
1.012823363786009e+00	1.153793229398926e-02	2678
4.395616975362126e-01	6.346287288310642e-01	2679
-1.194901238981117e-01	-9.728157219446519e-02	2680
1.585001040865064e-01	5.473765139862551e-01	2681
1.063987879103344e+00	-2.568992875687394e-01	2682
1.016241733063676e+00	-1.776535755601754e-02	2683
1.009337618801247e+00	7.230795379970656e-03	2684
1.008477344959495e+00	6.507310574590925e-03	2685
1.008294960756974e+00	-6.699182534225709e-03	2686
1.009131986863339e+00	-7.444092302314125e-03	2687
2.883603852440653e-02	4.498431782498267e-01	2688
1.053337647226445e+00	-2.943061071853862e-01	2689
-4.415740865930538e-02	3.610376479916949e-01	2690
-2.280475323508199e-02	3.900000848263412e-01	2691
1.068910718929832e+00	9.679767711259246e-02	2692
1.069235540067211e+00	-1.107682785977656e-01	2693
8.758615388614976e-01	-5.278801372992947e-01	2694
1.023049891972921e+00	2.663806659875607e-02	2695
-1.122898620391949e-01	5.728183557980580e-02	2696
8.338131598861425e-01	-5.545751564045355e-01	2697
-6.455048277892610e-02	3.273686839443574e-01	2698
1.003747046400536e+00	7.022519730756576e-04	2699
1.010572877326765e+00	-8.363478926763958e-03	2700
1.004950969422742e+00	3.205819046524865e-03	2701
1.006755560750322e+00	4.383202476190548e-03	2702
1.004868798376485e+00	-3.314530295362116e-03	2703
1.039855399073683e+00	-5.187797969972452e-02	2704
1.035044614200634e+00	-4.874160866228173e-02	2705
3.645898867385285e-01	6.208362371426824e-01	2706
1.072791099423266e+00	1.181801378031803e-01	2707
1.050601180704992e+00	6.474478625058001e-02	2708
-9.407622567991664e-02	4.155690580269755e-02	2709
2.918140158127162e-01	6.012091279441523e-01	2710
-1.077893021721443e-01	2.182748996421278e-01	2711
-1.127010175552837e-01	1.915756150054581e-01	2712
-1.164804749459582e-01	1.668595185908783e-01	2713
1.003519546608076e+00	-2.010164186039021e-03	2714
1.035299955645835e+00	3.649376161426774e-02	2715
1.034111405021195e+00	-3.731765534432487e-02	2716
1.025311811062159e+00	-3.644111720433765e-01	2717
-1.175435694841879e-01	-8.119635251548750e-02	2718
-1.156497822198430e-01	-6.900231557866944e-02	2719
-1.144777186981115e-01	6.951203114533869e-02	2720
2.179949879417505e-01	5.762529404943525e-01	2721
9.480590442568102e-01	-4.675743901835075e-01	2722
-7.875884912968202e-02	2.601554156102182e-02	2723
1.070040606101860e+00	-2.195549935385181e-01	2724
1.071609077015049e+00	-1.336193987968300e-01	2725
1.072452836120917e+00	-1.832783844153832e-01	2726
1.072309732100855e+00	-1.584288892247034e-01	2727
-1.016219457238620e-01	-2.484558143080525e-01	2728
-9.228525717075635e-02	-2.774154893822014e-01	2729
-4.160623253885529e-02	-3.712829902079828e-01	2730
-7.865608249900885e-02	-3.076829045955863e-01	2731
-6.154925416000757e-02	-3.406070203847833e-01	2732
-1.184342349207486e-01	-1.632146257886111e-01	2733
-1.149923408624990e-01	-1.901688110117649e-01	2734
1.075746009809725e+00	1.448607699849851e-01	2735
1.076031333511281e+00	1.778735763694246e-01	2736
1.073943173917308e+00	2.129886507346550e-01	2737
1.071321016119572e+00	2.494818397603080e-01	2738
1.060753286218992e+00	2.964815629664311e-01	2739
1.049336059702546e+00	3.342346243226641e-01	2740
1.029939476352079e+00	3.725445702414408e-01	2741
1.006321690993471e+00	4.104343879841624e-01	2742
9.779461464673141e-01	4.468531458026042e-01	2743
9.446766722208475e-01	4.817868761719546e-01	2744
9.064492345427646e-01	5.150418164931430e-01	2745
8.638187947759454e-01	5.457468086865546e-01	2746
8.179744819709219e-01	5.729340649862764e-01	2747
7.419028340168806e-01	6.038866850959929e-01	2748
-8.071163148537432e-02	2.947673715139592e-01	2749
-9.213804674876938e-02	2.673889317851669e-01	2750
6.565598725428998e-01	6.288815535924412e-01	2751
5.851428474216143e-01	6.374955465062184e-01	2752
5.118203301942881e-01	6.390326736378589e-01	2753
1.065654864733021e+00	-9.388154115040460e-02	2754
1.064682914398305e+00	8.065613817836415e-02	2755
1.062001259347533e+00	-8.038428559832822e-02	2756
4.292076576570443e-01	-6.300442098598195e-01	2757
6.257536005997191e-01	-6.278766888343921e-01	2758
8.479154435274212e-02	-5.001757798098669e-01	2759
1.307712241606941e-01	-5.327661184807239e-01	2760
1.782305239624479e-01	-5.593265470799004e-01	2761
2.243221560262531e-01	-5.775550276580398e-01	2762
2.813768271005455e-01	-5.985264268594366e-01	2763
3.518002389451860e-01	-6.174918887176472e-01	2764
-1.192927866012901e-01	-3.075056305347161e-01	2765
9.356899537905604e-01	-5.672669427316220e-01	2766
-7.623324598060818e-02	1.305251975693486e-02	2767
8.452132640333532e-01	-6.331110248428314e-01	2768
5.417293933144519e-01	-7.137267324930214e-01	2769
1.012476415438878e+00	-9.505823185621451e-03	2770
1.014611135740592e+00	-1.347627854527418e-02	2771
1.047888053244439e+00	-5.616326225584982e-02	2772
1.006030542555305e+00	-3.482287846946572e-03	2773
1.038069384317052e+00	-4.264897690103599e-02	2774
3.893572924637223e-01	7.059627742539031e-01	2775
7.921852335114393e-01	-6.609526181195552e-01	2776
-1.404109419339170e-01	-1.051915255734820e-01	2777
-1.434646091813572e-01	-1.518990723276978e-01	2778
1.010739884596175e+00	-6.515109422290292e-03	2779
9.734570636506357e-01	-5.300197913823526e-01	2780
-7.142498460105907e-02	4.036257027833223e-01	2781
-5.048143481039653e-02	4.352174918510682e-01	2782
1.056036967470146e+00	-4.069763783245964e-01	2783
8.930558607744783e-01	-6.016601632754289e-01	2784
1.039429462797158e+00	4.173397259121506e-02	2785
1.049820955684913e+00	5.519580884667813e-02	2786
-8.049620306144223e-02	5.722077750179683e-03	2787
9.902324681858100e-02	5.870747394609069e-01	2788
1.587277665713863e-01	6.251027750913063e-01	2789
-1.427254182121752e-01	-1.255850047833628e-01	2790
1.019747677385430e+00	-2.319211020475313e-02	2791
4.630162860406941e-01	-7.127906638849311e-01	2792
1.095775926079627e+00	-2.031429407818759e-01	2793
1.094862522403079e+00	-2.428308183071790e-01	2794
1.082381132237710e+00	-3.228956206784929e-01	2795
-1.329138455899830e-01	7.288668760162156e-02	2796
1.062031421850305e+00	6.829699325462008e-02	2797
4.879925660767957e-02	5.469467919671066e-01	2798
-4.207341077108204e-02	-4.519921139284796e-01	2799
2.692941702397811e-02	-5.299477519591324e-01	2800
1.018803511341815e+00	1.801296319599548e-02	2801
-1.102951712818874e-01	-4.431283205141025e-02	2802
1.023801828141264e+00	2.177297171980440e-02	2803
-6.739165348139257e-02	-4.162529331238413e-01	2804
7.338016644894668e-01	-6.844099861110301e-01	2805
1.033732297791173e+00	-4.483882401044643e-01	2806
-1.104683740782273e-02	-4.910896267390336e-01	2807
1.018293510851018e+00	-2.069998802409338e-02	2808
-1.342577516036527e-01	-7.228441167091186e-02	2809
1.008007904882228e+00	-4.330741686651455e-03	2810
1.009065029256780e+00	5.079931559912538e-03	2811
1.004254081032002e+00	-4.810740961196282e-05	2812
-1.094670904385429e-01	4.489919629431648e-02	2813
-2.444624877944561e-02	4.705621779028020e-01	2814
1.025987152200535e+00	-3.086096967787248e-02	2815
1.017781124687142e+00	-1.499766065611404e-02	2816
1.004092069845086e+00	1.379952979327924e-03	2817
1.015011365972156e+00	1.312458074294033e-02	2818
1.004474692607466e+00	2.297232574522938e-03	2819
1.069721329122483e+00	-3.646690271920058e-01	2820
1.006430439088069e+00	-4.899740832290019e-01	2821
-1.416340543287883e-01	1.253661541731159e-01	2822
6.704062706854407e-01	-7.021465953836541e-01	2823
-1.388998994884356e-01	1.046463279924980e-01	2824
1.012749752164128e+00	9.204067822578909e-03	2825
-1.376972953192372e-01	-8.681728814618624e-02	2826
-1.362994318070381e-01	8.689146894179349e-02	2827
1.089684816734382e+00	-2.845233599114373e-01	2828
1.010921569699396e+00	6.255558199657519e-03	2829
1.008921538275854e+00	-5.292187549621402e-03	2830
8.728866192258556e-03	5.091015175211596e-01	2831
-8.750497301880580e-02	-1.142776467748629e-02	2832
-9.201060743337916e-02	-2.714033109323206e-02	2833
1.059372198341276e+00	-6.873713230622351e-02	2834
1.026963928633323e+00	3.024806069178420e-02	2835
-9.093861734509957e-02	3.664580392464586e-01	2836
1.008123029298001e+00	4.141733558391160e-03	2837
1.006119348218679e+00	3.344148689786914e-03	2838
1.004057544718367e+00	-1.471066506713385e-03	2839
1.085493775263971e+00	1.048187454188161e-01	2840
3.097803766234926e-01	6.853172418429192e-01	2841
-1.338768304028523e-01	2.396826797805808e-01	2842
-1.389624522201884e-01	2.101123721461007e-01	2843
-1.410623888607472e-01	1.831250489956411e-01	2844
-1.423268300086142e-01	1.551523009203722e-01	2845
1.004416780404241e+00	-2.396127001886808e-03	2846
-1.314682844811108e-01	-5.954235928603394e-02	2847
-1.304442073986418e-01	6.022755504419663e-02	2848
2.326504654852601e-01	6.589340184678441e-01	2849
-9.176900681773185e-02	2.955709603564132e-02	2850
1.086681430987946e+00	-1.205489236168646e-01	2851
1.093685553660994e+00	-1.707930463537520e-01	2852
-1.359793332736657e-01	-2.435359544390455e-01	2853
-1.298726917175084e-01	-2.733070031115855e-01	2854
-8.828203384868019e-02	-3.794731469970379e-01	2855
-1.064842973657966e-01	-3.427311359271581e-01	2856
-1.429316482423767e-01	-1.798393068528877e-01	2857
-1.412447339380961e-01	-2.098796724623740e-01	2858
1.091594044549719e+00	1.295751770751644e-01	2859
1.090857729467263e+00	-1.455374938434792e-01	2860
1.096268599884086e+00	1.611506466730477e-01	2861
1.098849045196249e+00	1.967829921342500e-01	2862
1.099927475835355e+00	2.330489769042195e-01	2863
1.097120545580390e+00	2.798070889131694e-01	2864
1.089513849451641e+00	3.255629796896817e-01	2865
1.075786741646295e+00	3.714915014130996e-01	2866
1.059916372566101e+00	4.172117034297573e-01	2867
1.035103092748738e+00	4.616798922581304e-01	2868
1.004777102276318e+00	5.051138973958714e-01	2869
9.683537454021428e-01	5.467701467001135e-01	2870
9.260331233769165e-01	5.860475766120610e-01	2871
8.787722433730242e-01	6.217367617370451e-01	2872
8.099492066867272e-01	6.590789972565735e-01	2873
-1.083789796243192e-01	3.288162754151872e-01	2874
-1.198594264809225e-01	2.950040865075244e-01	2875
-1.285197323284979e-01	2.654987700744335e-01	2876
7.233460974652464e-01	6.927974723945584e-01	2877
6.320907847861660e-01	7.141246246415610e-01	2878
5.517714963038423e-01	7.197458103000268e-01	2879
4.723685245005305e-01	7.177893829268002e-01	2880
1.081456299072557e+00	-9.939168489297814e-02	2881
1.076081732224826e+00	-8.384374812643597e-02	2882
1.079325977938360e+00	8.544014371121995e-02	2883
6.014374618149195e-01	-7.109997915537091e-01	2884
7.120312822764170e-02	-5.673915598167630e-01	2885
1.213633095119891e-01	-6.044572167064715e-01	2886
1.749153031037232e-01	-6.340515859444302e-01	2887
3.774698130533077e-01	-7.017349857059083e-01	2888
2.271620470600184e-01	-6.568300860184528e-01	2889
2.963793093496035e-01	-6.814425780053309e-01	2890
-7.157596444976788e-02	-5.068449092988248e-01	2891
-1.042077961950799e-01	4.482853132990710e-01	2892
3.293407534450593e-01	7.795538581405340e-01	2893
1.047604194132046e+00	-4.708278716062361e-02	2894
-1.616529552628137e-01	-3.016180052742745e-01	2895
1.005501897170124e+00	-2.477737271144063e-03	2896
1.049242316627740e+00	4.602780403956995e-02	2897
4.198329151401470e-01	8.003110813605229e-01	2898
1.117122851625238e+00	-4.035897325974789e-01	2899
9.007564208523347e-02	6.687496615354901e-01	2900
5.010144191288682e-01	-8.037068585632140e-01	2901
-1.391056245484611e-01	-3.814495244387217e-01	2902
-1.276986101171818e-01	-4.661485943474513e-02	2903
1.015118941043232e+00	1.038266756242456e-02	2904
1.068731596518820e+00	-5.012755439408723e-01	2905
1.010681032122381e+00	-4.639841630444444e-03	2906
1.009442204300062e+00	-3.882940963915981e-03	2907
1.005007435531716e+00	1.536511559342149e-03	2908
1.024337155445635e+00	-2.310545328287544e-02	2909
1.027208633383878e+00	-2.583811959938338e-02	2910
7.261685135352911e-01	-7.800055778049767e-01	2911
5.754149656254621e-01	-7.997223559790237e-01	2912
1.039481847303591e+00	-5.509579115150354e-01	2913
-1.703782211953027e-01	-1.662005006616144e-01	2914
1.007221907748250e+00	-3.379091714802095e-03	2915
-1.237333552026662e-01	4.075444719728485e-01	2916
1.004556052628996e+00	-8.255470348325865e-04	2917
1.027804152829159e+00	2.501127752684622e-02	2918
1.114637563012693e+00	-3.555909262775168e-01	2919
-1.645382414021352e-01	-1.126456173554220e-01	2920
-1.403017154715913e-01	3.665279307849589e-01	2921
-1.687272157730101e-01	-1.378482428848201e-01	2922
1.031189679683592e+00	-3.251185891320835e-02	2923
-8.894057425889086e-02	1.594161182716514e-02	2924
-1.521106011638938e-01	-3.391075353618969e-01	2925
-1.206315715068652e-01	-4.218406718240323e-01	2926
1.123134674698509e+00	-2.237270939428327e-01	2927
1.075154255746398e+00	7.174470736753814e-02	2928
1.057417111894409e+00	-6.036573073592171e-02	2929
8.577201688157067e-01	-7.217045694502874e-01	2930
1.689377327904281e-01	-7.181952895546452e-01	2931
4.084985489663434e-01	-7.954088600866397e-01	2932
9.616957100377460e-01	-6.433469767958990e-01	2933
6.473796348209885e-01	-7.970383810375505e-01	2934
1.012458603642919e+00	-7.471344916209720e-03	2935
1.014803449647545e+00	-1.074794249079789e-02	2936
1.059504629761543e+00	5.923358751770993e-02	2937
1.007309816981308e+00	3.209636414545099e-03	2938
7.954689081263834e-01	-7.539932045880691e-01	2939
1.018508931425582e+00	1.408412861060992e-02	2940
1.009546734342548e+00	3.654606075112330e-03	2941
1.003805637802924e+00	-5.987522216067080e-01	2942
-1.520780855973083e-02	5.753448062614470e-01	2943
1.088327995515047e+00	-4.512069448786670e-01	2944
9.130798760975251e-01	-6.845072824860130e-01	2945
1.042354165695838e+00	3.517245810295114e-02	2946
1.041203644479028e+00	-3.620724252330697e-02	2947
-8.216598749681729e-02	4.861658917404494e-01	2948
1.124170233520058e+00	-2.677398589551613e-01	2949
3.140203965763535e-02	6.213908025168290e-01	2950
-9.872603463457705e-02	-4.649128152442832e-01	2951
-3.647722723157032e-02	-5.534271601605798e-01	2952
1.019776534843174e+00	-1.764226627826767e-02	2953
-1.065247483954286e-01	3.281011677019162e-02	2954
-5.240220455500266e-02	5.287087927029434e-01	2955
1.004575097858204e+00	7.219278643528117e-04	2956
-1.632227402836988e-01	1.118360781416624e-01	2957
-1.588266464723913e-01	9.250489976678827e-02	2958
1.010808368717918e+00	4.378760532175352e-03	2959
-1.602586709662467e-01	-9.275884918095552e-02	2960
-1.535056460692172e-01	-6.829101395019632e-02	2961
-1.268445708497007e-01	4.732181449510665e-02	2962
1.121643290662453e+00	-3.105969439887789e-01	2963
1.012670998024615e+00	7.165554174707345e-03	2964
-1.025402270208636e-01	-1.556298828696033e-02	2965
-1.061932465793783e-01	-2.996884339398305e-02	2966
1.032224853475580e+00	3.175340279015846e-02	2967
1.005563534902803e+00	2.351731489163289e-03	2968
1.004967559803484e+00	-1.649884657397722e-03	2969
-1.691625595932770e-01	2.304223580674825e-01	2970
-1.678872266432045e-01	1.394686778931471e-01	2971
-1.700347530068591e-01	1.988545439228928e-01	2972
-1.692482442427825e-01	1.702299542936303e-01	2973
-1.522350003054212e-01	6.891628635270529e-02	2974
2.456433955610085e-01	7.511352097202371e-01	2975
1.638486152261595e-01	7.145017834239009e-01	2976
-9.460465881969927e-02	1.507443653919631e-03	2977
-1.676014246166845e-01	-2.653187927235451e-01	2978
-1.718755666047243e-01	-1.963224480692394e-01	2979
-1.705647967183042e-01	-2.314800440485448e-01	2980
1.105107856033035e+00	1.130846281208586e-01	2981
1.107195490665115e+00	-1.300173268741211e-01	2982
1.113634211075821e+00	1.424000050600873e-01	2983
1.113308343089826e+00	-1.558683659298623e-01	2984
1.120935164549727e+00	1.772038321136162e-01	2985
1.118950864876273e+00	-1.854919833367515e-01	2986
1.126314203479734e+00	2.139996232161097e-01	2987
1.129794868800233e+00	2.581213189448240e-01	2988
1.128673985421751e+00	3.083658302419164e-01	2989
1.121669716621691e+00	3.599548170073876e-01	2990
1.110982847162315e+00	4.089800959040664e-01	2991
1.091543827369047e+00	4.636694814231827e-01	2992
1.069327273657549e+00	5.173702231391817e-01	2993
1.036655137303424e+00	5.690575566496691e-01	2994
9.966832488522921e-01	6.188333411911581e-01	2995
9.496334501235926e-01	6.652665773124519e-01	2996
8.845889166462362e-01	7.124333628879175e-01	2997
-1.526425484718819e-01	3.250255411848175e-01	2998
-1.609214998075131e-01	2.909966831922642e-01	2999
-1.654963019700949e-01	2.596624830293737e-01	3000
7.995312096537687e-01	7.566072393850474e-01	3001
6.997642597000986e-01	7.910604397308838e-01	3002
5.997063666224478e-01	8.075983063579762e-01	3003
5.113217277130389e-01	8.093715545784063e-01	3004
1.099728168277130e+00	-1.061501452175485e-01	3005
1.071826727531443e+00	-7.132963088989315e-02	3006
1.092183786519045e+00	-8.701805834389226e-02	3007
1.096357811970921e+00	9.067338141186783e-02	3008
5.355054719321992e-03	-5.997559303194800e-01	3009
5.396209987745815e-02	-6.425632274648111e-01	3010
1.112957325697759e-01	-6.851332800674353e-01	3011
3.156820041433481e-01	-7.748870183863112e-01	3012
2.336863337166463e-01	-7.469507577687045e-01	3013
1.058055441790512e+00	4.951868678658203e-02	3014
1.106339702500883e+00	-5.570325103216479e-01	3015
-1.913889307704675e-01	1.211445954540913e-01	3016
1.008558264494633e+00	-3.076897432339095e-03	3017
1.160606912408885e+00	-3.775243436747575e-01	3018
1.158335351348566e+00	-3.394676894261621e-01	3019
3.542240620368968e-01	8.850881468410283e-01	3020
7.952642421628396e-01	-8.593445168831015e-01	3021
1.005515579640029e+00	7.449313862380313e-04	3022
1.005982813556477e+00	-1.580972476685736e-03	3023
1.034132577290946e+00	2.568336511990805e-02	3024
1.238917255635508e-02	7.062470830756632e-01	3025
8.700836953545378e-01	-8.220981260129520e-01	3026
1.012421806363955e+00	-5.494581758012096e-03	3027
1.017198941342870e+00	-1.228647232850989e-02	3028
2.442521454079868e-01	-8.490847949655626e-01	3029
1.078015653971871e+00	-6.171271443955418e-01	3030
1.047215751862119e+00	4.130109834464190e-02	3031
1.068492238621306e+00	-6.220152574487475e-02	3032
8.385670665552879e-02	7.631110380019651e-01	3033
9.763157138130239e-02	-7.750458505015945e-01	3034
1.022063183805395e+00	-2.007301814121887e-02	3035
1.005121586638418e+00	-5.878526919832128e-05	3036
1.028400218101629e+00	2.017229186178168e-02	3037
-2.017631548117002e-01	-1.795451959841123e-01	3038
-1.220944450191649e-01	-3.114456701860604e-02	3039
1.005495061301826e+00	-8.719028466810590e-04	3040
-2.038503052993157e-01	-2.896648783118508e-01	3041
-1.077039875721430e-01	-2.742560039652310e-03	3042
2.586520201094110e-01	8.543832447396855e-01	3043
-1.426908070723385e-01	4.962856340427768e-01	3044
-1.029291884537048e-01	1.645586296437082e-02	3045
1.037535476628278e+00	-3.195733390952998e-02	3046
1.090759705259467e+00	7.476393910173834e-02	3047
4.571415156380085e-01	9.045371347701684e-01	3048
-8.556650788693747e-02	5.939161287144071e-01	3049
-1.056502907625703e-01	-5.686202540780687e-01	3050
-2.006990137448961e-01	1.835789459017912e-01	3051
-1.983459023173147e-01	-3.306725779495208e-01	3052
7.079033793446372e-01	-8.873434222622300e-01	3053
1.646455254917271e-01	-8.142778850637651e-01	3054
-1.346714927793030e-01	-5.175948932979988e-01	3055
4.455295352041169e-01	-8.990500405276739e-01	3056
-1.904687440669987e-01	-3.737800126867720e-01	3057
1.017566273682409e+00	1.185605228679293e-02	3058
1.008639505243851e+00	2.871552523625295e-03	3059
1.021242203193713e+00	-1.446430645568306e-02	3060
9.354754809685785e-01	-7.779433679497830e-01	3061
-2.053666915830374e-01	-2.513613714355447e-01	3062
1.006590285851006e+00	-2.457121122273480e-03	3063
-1.625292898599085e-01	4.513718909081876e-01	3064
1.021773449078203e+00	1.582131565587143e-02	3065
1.028701881706917e+00	-2.140511122170550e-02	3066
1.158857604257943e+00	-2.913999454375082e-01	3067
-1.902963333376411e-01	3.588778430211643e-01	3068
-1.776561860664496e-01	4.055777991780012e-01	3069
-1.471826871587124e-01	-4.786751863949099e-02	3070
-1.757558769113317e-01	-4.223397672464666e-01	3071
1.056255490511331e+00	-5.074495364120783e-02	3072
3.408045192839579e-01	-8.797891626289530e-01	3073
9.918012510061657e-01	-7.284523344119106e-01	3074
5.791993304672218e-01	-9.010482138771828e-01	3075
1.014493645439730e+00	-8.469757040411204e-03	3076
1.070807087417000e+00	6.097479068270505e-02	3077
1.010831808132928e+00	-3.003112731267706e-03	3078
1.039275283170078e+00	-6.746449057717191e-01	3079
-4.238417054514537e-02	6.503204276565528e-01	3080
1.146332911399111e+00	-4.537413713162723e-01	3081
1.130069027177321e+00	-4.966010058109298e-01	3082
1.033450381009723e+00	-2.664925923002642e-02	3083
-1.185353379822295e-01	5.436889167974234e-01	3084
-1.589325479002293e-01	-4.681081588357279e-01	3085
-1.783088607805013e-01	-7.446190239130750e-02	3086
-1.463618714807921e-01	4.869930716427108e-02	3087
1.010912951314352e+00	2.736048825987353e-03	3088
1.012575841528393e+00	5.186655206062465e-03	3089
-1.845670640739086e-01	9.668947458875980e-02	3090
-1.859791851492019e-01	-9.750135077785510e-02	3091
-1.969776703489847e-01	1.534209845367994e-01	3092
-1.231411030923090e-01	3.503129298502054e-02	3093
1.014738907652198e+00	8.108206929575467e-03	3094
-1.186682976842958e-01	-1.911630933653865e-02	3095
1.038549754930046e+00	3.101485039367129e-02	3096
1.006021755259653e+00	1.441900533184368e-03	3097
1.006652735760212e+00	2.303117713517137e-03	3098
-1.923525287105550e-01	-1.208108230067775e-01	3099
-1.976087233781878e-01	-1.502227218863584e-01	3100
-2.034112861737803e-01	2.154924263828252e-01	3101
-1.769955563587318e-01	7.454855419141566e-02	3102
1.692106116950163e-01	8.151437501308184e-01	3103
-2.056435875314939e-01	-2.149574693647218e-01	3104
1.128069992633019e+00	1.222540498992291e-01	3105
1.130681625724442e+00	-1.381738802915712e-01	3106
1.139730558211596e+00	1.550194642267415e-01	3107
1.139756658169692e+00	-1.662634416455805e-01	3108
1.149852284932112e+00	1.916637976856128e-01	3109
1.148328225508447e+00	-2.017265508194657e-01	3110
1.158759780753552e+00	2.334687593279638e-01	3111
1.155469795557003e+00	-2.450988098713111e-01	3112
1.164652986820570e+00	2.838309518467034e-01	3113
1.165558994155646e+00	3.394043649639113e-01	3114
1.161137007323908e+00	3.939450160819564e-01	3115
1.149351939430199e+00	4.530685572680064e-01	3116
1.132938607462247e+00	5.117684294539441e-01	3117
1.105686401177858e+00	5.760091910942928e-01	3118
1.073925224072689e+00	6.392041004114407e-01	3119
1.030074002735860e+00	6.987727345597726e-01	3120
9.690633836553848e-01	7.590018719722185e-01	3121
-1.974806435902403e-01	3.179072027206089e-01	3122
-2.019354036756539e-01	2.809685784473325e-01	3123
-2.033848005359199e-01	2.494854884096042e-01	3124
8.862323632846224e-01	8.170544480473527e-01	3125
7.831775893447559e-01	8.666015453717366e-01	3126
6.676678983461796e-01	8.990021891173877e-01	3127
5.588914199387665e-01	9.095655405318738e-01	3128
1.121057598605958e+00	-1.126387832649395e-01	3129
1.086362776093456e+00	-7.292718168556860e-02	3130
1.110788188922250e+00	-9.078601250573887e-02	3131
1.116319440446829e+00	9.575969958266164e-02	3132
-6.674583741569691e-02	-6.223522796772407e-01	3133
-2.046696200006584e-02	-6.775260274337859e-01	3134
3.481336724876977e-02	-7.276355696683247e-01	3135
1.050226534775528e+00	3.390887647076241e-02	3136
9.592493647999375e-01	-8.839940353059035e-01	3137
1.006502848191122e+00	-7.005553112499823e-04	3138
1.017134276722012e+00	-9.375824048570479e-03	3139
-1.778661290917414e-01	-5.755970136582508e-01	3140
-7.265794792942552e-02	7.356819939110123e-01	3141
1.024837538864600e+00	1.735599043567825e-02	3142
1.175817912443866e+00	-5.496218077549934e-01	3143
1.120213403954826e+00	-6.875675739008862e-01	3144
1.034576207442562e+00	-2.087270717666526e-02	3145
-1.381035568036844e-01	-2.578825532235677e-02	3146
-1.185720374517296e-01	1.471469351022854e-02	3147
-1.232584542350018e-01	6.681679049393996e-01	3148
-6.135599614974008e-03	8.042808382909150e-01	3149
2.753781364778261e-01	9.705415542371970e-01	3150
1.068292207617401e+00	5.298189803793101e-02	3151
3.730628401041504e-01	-9.969150572653837e-01	3152
2.603252837753547e-01	-9.645729649394051e-01	3153
-2.455117344286167e-01	-2.719146329322629e-01	3154
1.014535141829020e+00	5.956189200789987e-03	3155
1.023493109968854e+00	-1.698274915330091e-02	3156
-2.401954077377023e-01	3.465582978909979e-01	3157
7.852982513873171e-01	-9.791160239901414e-01	3158
1.014354816800808e+00	-6.317314287584606e-03	3159
1.022307699978222e+00	1.965312817510738e-02	3160
-1.878421924232349e-01	5.494725915666100e-01	3161
1.044064994424521e+00	-3.004570873638316e-02	3162
-2.448271592553254e-01	-3.158090147443170e-01	3163
-2.380923688212905e-01	-1.932723388920785e-01	3164
1.017410648911153e+00	8.940196111885302e-03	3165
-1.706016988363835e-01	-5.103913167522227e-02	3166
-2.077029910568844e-01	4.983649632058526e-01	3167
1.108778867650403e+00	7.785911977854205e-02	3168
1.191665534059065e+00	-4.955531505820654e-01	3169
1.203688917309148e+00	-4.252212273258817e-01	3170
1.155025646849101e+00	1.310402449619180e-01	3171
-2.368376459835573e-01	1.964941175640587e-01	3172
3.866409853677301e-01	1.002778177232134e+00	3173
1.066357779308114e+00	-5.440406287536911e-02	3174
1.080980435180478e+00	-6.282708630397051e-02	3175
1.183282597150994e-02	-8.228540674882492e-01	3176
-2.417227292408136e-01	-3.606280097566003e-01	3177
1.153850432560544e+00	-6.163738119804897e-01	3178
5.037825699411363e-01	1.019079719137945e+00	3179
8.801059875600261e-01	-9.364333167123627e-01	3180
1.009908873664426e+00	-2.483125677561391e-03	3181
1.012365302761052e+00	-3.968604513157086e-03	3182
1.050648492014924e+00	-3.798988806417952e-02	3183
1.055118737584930e+00	-4.144516413786594e-02	3184
1.636609764003544e-01	-9.241215347188526e-01	3185
1.021101891692755e+00	1.207461432214002e-02	3186
1.006103329511805e+00	-7.115384555622878e-05	3187
-1.417618630186712e-01	3.599372831159661e-02	3188
7.822512530037661e-02	8.704336375378044e-01	3189
-2.205655476098571e-01	-4.645135258711488e-01	3190
-2.225683297737998e-01	4.459680546291653e-01	3191
8.270968690407161e-02	-8.767586313992157e-01	3192
6.553619339143004e-01	-1.006451926140468e+00	3193
-2.024610039266571e-01	-5.198196494786914e-01	3194
1.009974792691984e+00	2.240876808356457e-03	3195
1.045014059812879e+00	2.890887856497607e-02	3196
1.007824902548564e+00	-2.289533992576718e-03	3197
1.007118172767631e+00	-1.443129184995570e-03	3198
1.026282119964062e+00	-1.928397024761155e-02	3199
1.204434546732799e+00	-3.559758382655000e-01	3200
1.199432116769747e+00	-3.160059579486604e-01	3201
-2.327861928937874e-01	3.955186411401796e-01	3202
-2.344850634929947e-01	-4.133340242475446e-01	3203
1.025748290487878e+00	-8.241745434677780e-01	3204
5.103028654991729e-01	-1.012067379601049e+00	3205
1.083733248394481e+00	6.201912414326795e-02	3206
1.080102946172783e+00	-7.587577765672202e-01	3207
-1.600423312436220e-01	6.072992272223879e-01	3208
-2.310704777289092e-01	-1.602640856134263e-01	3209
1.012475156820698e+00	3.660510686553739e-03	3210
-1.694325190055690e-01	5.173106248892554e-02	3211
-2.059933522566328e-01	-7.790617505092876e-02	3212
-2.141738912588352e-01	1.014750473615217e-01	3213
-2.307021319026544e-01	1.644430460532935e-01	3214
-1.273148145120302e-01	-1.292691333645663e-03	3215
1.040586507031050e+00	2.482782973214561e-02	3216
1.039883873298753e+00	-2.593771000190807e-02	3217
1.006519100748472e+00	5.478373900120971e-04	3218
1.007154178564715e+00	1.274658306485153e-03	3219
1.007884036904364e+00	2.103037471032822e-03	3220
-2.153447844812240e-01	-1.018549462631857e-01	3221
-2.236378633838060e-01	-1.302320007360885e-01	3222
-2.230997043071439e-01	1.321143478533900e-01	3223
-2.045791758011231e-01	7.733129358441067e-02	3224
1.742554394858331e-01	9.281217186061712e-01	3225
-2.430374772197445e-01	-2.332394415639746e-01	3226
1.157917550174421e+00	-1.449690261086613e-01	3227
1.169883903011524e+00	1.663099932616381e-01	3228
1.170423033103761e+00	-1.777194253250242e-01	3229
1.183936093784467e+00	2.060989608881555e-01	3230
1.182919377469533e+00	-2.184268240764720e-01	3231
1.196372007369697e+00	2.543947552236633e-01	3232
1.192910205989963e+00	-2.657546936931950e-01	3233
1.205574637523996e+00	3.107160910881150e-01	3234
1.208896661755786e+00	3.700971336708042e-01	3235
1.205866439495389e+00	4.332689268873742e-01	3236
1.196544699124498e+00	4.975107827721377e-01	3237
1.177806212181083e+00	5.682223734240851e-01	3238
1.152656957822486e+00	6.385793321772381e-01	3239
1.113737789598296e+00	7.137355530700875e-01	3240
1.063409156811500e+00	7.924542094073543e-01	3241
-2.409692591514417e-01	2.324414640266914e-01	3242
-2.427698594739678e-01	3.046187142627743e-01	3243
-2.432391305408134e-01	2.670633709672391e-01	3244
9.852150304180073e-01	8.684244813082811e-01	3245
8.818837511149747e-01	9.370861311865036e-01	3246
7.568321907083351e-01	9.896425788682699e-01	3247
6.255045397329244e-01	1.016435247465055e+00	3248
1.145308975056549e+00	-1.181486937745789e-01	3249
1.103459751297771e+00	-7.436167106148250e-02	3250
1.132394010570427e+00	-9.403905827949158e-02	3251
1.139620435743488e+00	1.012244315150410e-01	3252
-1.456064880850288e-01	-6.380947588460316e-01	3253
-1.031695949211162e-01	-6.994824538733975e-01	3254
-4.993085376569244e-02	-7.650660548787001e-01	3255
-2.864128484439289e-01	-2.496776399096268e-01	3256
-2.774588855677394e-01	2.099559375430790e-01	3257
5.874384966063759e-01	-1.134250965837716e+00	3258
1.062927096107742e+00	-9.326891569591218e-01	3259
-1.041809593284824e-01	8.337995758281671e-01	3260
-2.917002483179407e-01	-3.940859542955756e-01	3261
-2.389253645616006e-01	6.099763651053828e-01	3262
4.294333857548432e-01	1.133254774346449e+00	3263
1.056628253427630e+00	4.016392889855700e-02	3264
1.009100638721811e+00	-1.837343837312602e-03	3265
1.012470840031853e+00	-2.103462106281855e-03	3266
1.064439074103227e+00	-4.447748768581047e-02	3267
-1.426572539756242e-02	-9.302233530452821e-01	3268
2.837037559318474e-01	-1.094655744100383e+00	3269
4.278624301322821e-01	-1.126867308436520e+00	3270
1.024886759749800e+00	-1.347732554931018e-02	3271
-2.077147200635269e-01	6.781388134388170e-01	3272
-8.415154227628893e-02	-8.630870904224273e-01	3273
1.020146722925758e+00	1.026041253211093e-02	3274
1.019823353508234e+00	-1.077036364662018e-02	3275
1.815700105893595e-01	1.055315265829795e+00	3276
1.016596137656075e+00	-7.252553813533296e-03	3277
-1.625463419025222e-01	3.552434684647317e-02	3278
-1.959551759338725e-01	-5.355964042951973e-02	3279
-2.900581417074181e-01	3.285913670685581e-01	3280
1.029045014077952e+00	1.568906580707524e-02	3281
-2.370463143351641e-01	-7.944094083914054e-02	3282
1.066106080004799e+00	4.245918988341182e-02	3283
-2.694747607701166e-01	-1.691574492830414e-01	3284
-2.692252700663209e-01	1.735856885193595e-01	3285
2.990834089164950e-01	1.101153862747025e+00	3286
-2.527012499898998e-01	-5.749947590837192e-01	3287
1.185973279181185e+00	1.386644306013237e-01	3288
1.173105335858206e+00	-7.645458978186034e-01	3289
5.686044472558702e-01	1.142910827283325e+00	3290
-2.788782350477925e-01	-2.083073555028687e-01	3291
1.129985388601655e+00	8.063086850779894e-02	3292
1.676207640700073e-01	-1.049564652957462e+00	3293
-2.281547500254915e-01	-6.408098422773213e-01	3294
1.094967527736395e+00	-6.188561333790898e-02	3295
9.824468779636367e-01	-1.005317288217753e+00	3296
-2.493618100590776e-02	9.165983389874782e-01	3297
1.231059468691286e+00	-6.049966151480818e-01	3298
1.035568234259547e+00	1.987753186563896e-02	3299
-1.654252146150085e-01	7.531974073709586e-01	3300
1.079778813485007e+00	5.377217520109253e-02	3301
1.016806848186407e+00	6.828922687311648e-03	3302
1.024739469401297e+00	1.345151266695617e-02	3303
1.030223971249766e+00	-1.723689676230006e-02	3304
1.027265341638500e+00	-1.525993741255713e-02	3305
-2.886776626827823e-01	3.789922745741776e-01	3306
7.458815701949000e-01	-1.115076952894144e+00	3307
1.014225386785590e+00	-4.663038561648815e-03	3308
1.046215948748023e+00	-2.369195801241749e-02	3309
-2.911230361268933e-01	-2.943562882676158e-01	3310
-2.596243285749214e-01	5.481857074684692e-01	3311
1.245090883069756e+00	-5.407087872732480e-01	3312
1.254428864525869e+00	-4.702353375487741e-01	3313
1.077735214325147e+00	-5.548635264038577e-02	3314
-2.927643092004926e-01	-3.414220902970815e-01	3315
1.206056118541578e+00	-6.848006404328826e-01	3316
8.820281439120474e-01	-1.067805010062418e+00	3317
1.012527026883978e+00	1.791549568077227e-03	3318
6.871947861555888e-02	-9.929511511990132e-01	3319
-1.351916185236834e-01	1.669995523965953e-02	3320
7.196758876082789e-02	9.916597159923171e-01	3321
-2.839503421817528e-01	-4.540117429266182e-01	3322
-2.747216650281498e-01	4.892558259233292e-01	3323
-2.720520711539846e-01	-5.117117372655535e-01	3324
1.046880597758623e+00	2.243282343373654e-02	3325
1.052292665569574e+00	2.652477072953142e-02	3326
1.008344035674013e+00	-1.138449336710158e-03	3327
1.255075359736067e+00	-3.913571781707872e-01	3328
-2.834152039334455e-01	4.321558296120041e-01	3329
1.100383038127890e+00	6.221708864565857e-02	3330
1.122625281108798e+00	-8.496359492327005e-01	3331
-1.483183433798869e-01	-6.612283064268257e-03	3332
1.014356832633624e+00	4.303697479400092e-03	3333
-1.660954190307596e-01	-2.292479924554707e-02	3334
-1.944282142238706e-01	5.365049656894805e-02	3335
-2.592138485174906e-01	1.405431619355200e-01	3336
1.040859765009919e+00	-1.962052294540072e-02	3337
1.007502727274660e+00	-1.156039881798103e-05	3338
1.008372301135631e+00	9.376839033122929e-04	3339
1.009148241821055e+00	1.616550934335894e-03	3340
-2.592421548985535e-01	-1.371902339902321e-01	3341
-2.488332925427391e-01	-1.073144423203432e-01	3342
-2.481178500008236e-01	1.080505555400299e-01	3343
-2.357022796896695e-01	7.879519689647341e-02	3344
1.204988678012630e+00	1.761432334651836e-01	3345
1.189278084263431e+00	-1.518586921425755e-01	3346
1.206361128986130e+00	-1.890849229459433e-01	3347
1.223414433450649e+00	2.214929108879962e-01	3348
1.246988589621489e+00	-3.304887014223956e-01	3349
1.222679605240193e+00	-2.348824979010635e-01	3350
1.240433204774797e+00	2.758686291128347e-01	3351
1.236622995924466e+00	-2.857694788326917e-01	3352
1.252752718367650e+00	3.375963054019178e-01	3353
1.259265658454408e+00	4.038572502842136e-01	3354
1.258911900022794e+00	4.734031651645605e-01	3355
1.249712503013087e+00	5.490018547901018e-01	3356
1.232785682882026e+00	6.270297499488375e-01	3357
1.203049603182407e+00	7.117076587303073e-01	3358
1.161858682848957e+00	7.991037367314232e-01	3359
-2.841129482265747e-01	2.469520351334495e-01	3360
-2.890126593049095e-01	2.863915664869494e-01	3361
1.095798489285137e+00	9.027544032433663e-01	3362
9.966694453274083e-01	9.957779322439997e-01	3363
8.672760408778555e-01	1.074088761268668e+00	3364
7.174789860068852e-01	1.125446429238376e+00	3365
1.173002260562017e+00	-1.215917074933554e-01	3366
1.123007862959724e+00	-7.583489148964642e-02	3367
1.156947256015957e+00	-9.647871511573873e-02	3368
1.166802536446111e+00	1.059847961603938e-01	3369
-1.915360995085438e-01	-7.148358240610830e-01	3370
-1.446339910733392e-01	-7.871502063258978e-01	3371
5.010241640655110e-01	-1.268682013161541e+00	3372
-1.385794806083911e-01	9.470996377827310e-01	3373
-3.479622293715386e-01	-3.686498454853539e-01	3374
1.059698780506173e+00	3.227966221712411e-02	3375
1.051368940279701e+00	-2.895761714393998e-02	3376
-4.186035990801366e-02	-1.052540952162444e+00	3377
5.772779708786426e-02	-1.126320998608364e+00	3378
1.176100811273535e+00	-9.514043364651711e-01	3379
1.000078509019016e+00	-1.145987162105616e+00	3380
-2.116125618433603e-01	8.526261209648867e-01	3381
1.010386871366273e+00	8.357009242652958e-04	3382
-1.550590681616160e-01	1.796797729635846e-02	3383
1.245490303549563e+00	1.859238768634905e-01	3384
3.332282258827199e-01	1.247915607525905e+00	3385
-1.917881520229905e-01	-8.864029164362376e-01	3386
6.667125528923866e-02	1.128963664137720e+00	3387
1.076960629028932e+00	4.571870392333029e-02	3388
1.112717946051513e+00	-6.002820814988029e-02	3389
6.832512389900973e-01	-1.263162725291103e+00	3390
1.028586040255225e+00	1.130082171798542e-02	3391
-2.625086237113531e-01	7.589879785270085e-01	3392
1.014067100966413e+00	-2.870557923982396e-03	3393
1.036036890794345e+00	-1.551285665763853e-02	3394
1.269259433602765e+00	-7.578424100229934e-01	3395
-3.476565125999888e-01	-4.315360422246071e-01	3396
1.101841158860271e+00	-1.057058218473774e+00	3397
1.016362145823367e+00	-5.328170359531862e-03	3398
-3.199157817867047e-01	6.030181206118713e-01	3399
1.010359697103635e+00	-1.090874027522571e-03	3400
-3.236736651979724e-01	2.206835749460573e-01	3401
1.092505266992660e+00	5.274882758195142e-02	3402
-1.857673955111024e-01	-2.649693214028584e-02	3403
1.016514761156127e+00	4.908968975311110e-03	3404
-2.241070043279304e-01	-5.331124078291506e-02	3405
1.225730929016545e+00	-1.577937008499385e-01	3406
4.905997629118999e-01	1.276290363789047e+00	3407
6.605074977253521e-01	1.272643222911688e+00	3408
1.119516901809323e+00	6.314106873481735e-02	3409
-1.232022035179882e-01	-9.732851674369291e-01	3410
-3.445868045133247e-01	4.114492255184557e-01	3411
-3.254521842277151e-01	-2.209934850448112e-01	3412
-2.958744286296764e-01	6.776420969660800e-01	3413
1.062415181749362e+00	-3.495458763934602e-02	3414
1.012498839834623e+00	-1.562075368547844e-04	3415
1.787637775005343e-01	-1.192086246207428e+00	3416
3.263051485259701e-01	-1.241502378356640e+00	3417
1.023801993389886e+00	-9.431054625994429e-03	3418
1.019472761472694e+00	-7.731005465866946e-03	3419
1.943610579077941e-01	1.198997639320371e+00	3420
-3.439730804227132e-01	3.553265045097977e-01	3421
-2.226734333683727e-01	5.279242259756974e-02	3422
1.228562914055599e+00	-8.552273169777039e-01	3423
-3.128692906088779e-01	-1.792432377780773e-01	3424
-3.128578326601389e-01	1.827342815632499e-01	3425
1.154397912744577e+00	8.297474443649075e-02	3426
-3.125163072456553e-01	-6.345197025141059e-01	3427
-4.516327657178803e-02	1.044272945329962e+00	3428
1.293374177609302e+00	-6.685545486787474e-01	3429
1.019700558559620e+00	7.224736280190196e-03	3430
1.030967370850049e+00	-1.293413220278043e-02	3431
1.028261966232475e+00	-1.145969913057447e-02	3432
1.041764281127760e+00	1.845587456548305e-02	3433
1.047085087527263e+00	-1.701421415339389e-02	3434
1.308289446709934e+00	-5.883481344661062e-01	3435
1.314513925254097e+00	-5.142068331186661e-01	3436
1.075162655271535e+00	-4.755060470741192e-02	3437
-3.359419022087398e-01	-2.668338638793199e-01	3438
-3.400346329453843e-01	3.062263010882199e-01	3439
8.585188410067196e-01	-1.220355455492762e+00	3440
1.014145831959104e+00	2.514479024207702e-03	3441
-3.320002356759637e-01	-5.643680860881634e-01	3442
-3.336345103470441e-01	5.359354775100306e-01	3443
-3.423837671650878e-01	-4.958945801205015e-01	3444
1.053547171187741e+00	1.922637982715762e-02	3445
1.312526771254110e+00	-4.314572574471642e-01	3446
-3.421606076768493e-01	4.704623953486444e-01	3447
-1.702947597395276e-01	-2.542208350865186e-04	3448
-1.863361028926438e-01	3.484537002710267e-02	3449
-2.999926521071354e-01	1.461148527519842e-01	3450
-2.723164749908241e-01	-8.080546016501429e-02	3451
1.009398462245479e+00	-6.176047225616742e-05	3452
-2.995487478495064e-01	-1.417364597178355e-01	3453
-2.862574223987120e-01	1.130200516728934e-01	3454
-2.863269986410682e-01	-1.108484051944914e-01	3455
-2.713220936982567e-01	8.078500661626881e-02	3456
1.221550404173327e+00	1.440343063687144e-01	3457
1.247634050822256e+00	-2.003241651264876e-01	3458
1.269513155714002e+00	2.366812879851410e-01	3459
1.286293746297321e+00	-2.979605326607639e-01	3460
1.268774859748472e+00	-2.497568044365767e-01	3461
1.290945354269607e+00	2.976187757708616e-01	3462
1.301727377773378e+00	-3.543790096756663e-01	3463
1.307742508731609e+00	3.653368493450930e-01	3464
1.317935578656798e+00	4.385862587181909e-01	3465
1.319501849496800e+00	5.187387261116700e-01	3466
1.312791054492779e+00	6.030733732276115e-01	3467
1.293976441679850e+00	6.955285430678875e-01	3468
1.263148784810548e+00	7.927620044871505e-01	3469
-3.332894493976014e-01	2.608449821583603e-01	3470
-3.431014291793030e-01	-3.158924086021171e-01	3471
1.212407169174327e+00	9.032243652169076e-01	3472
1.127439027649357e+00	1.034348612518436e+00	3473
9.992667419341096e-01	1.143893571513788e+00	3474
8.378868390191493e-01	1.228657871290201e+00	3475
1.204587198563795e+00	-1.242242785814840e-01	3476
1.145291287410688e+00	-7.629125684229227e-02	3477
1.184680592647133e+00	-9.653588255630659e-02	3478
1.197941500685848e+00	1.095722834335455e-01	3479
-2.853020075966045e-01	-7.148381568954618e-01	3480
-2.440952680630975e-01	-7.999642326452261e-01	3481
3.901998194859893e-01	-1.404618951593606e+00	3482
1.047722454864207e+00	1.554194538318246e-02	3483
-4.099493090401690e-01	-4.001623431012937e-01	3484
9.971521831627295e-01	-1.312780210054402e+00	3485
-4.093648195272878e-01	4.437781098820198e-01	3486
1.014144121430625e+00	-1.011794414815807e-03	3487
1.132964933511149e+00	-5.902285894174130e-02	3488
2.162734007751581e-01	1.361375189597499e+00	3489
5.799982430751396e-01	1.429125575282102e+00	3490
3.860744089546690e-01	1.411450745958296e+00	3491
1.182468432194226e+00	8.402818042261552e-02	3492
1.060562276684756e+00	-2.526440994858019e-02	3493
-3.625546619112005e-01	7.529118407194366e-01	3494
-3.054867667198771e-01	-8.958719813866661e-01	3495
1.072288737684147e+00	3.376507161502395e-02	3496
5.966555214488932e-01	-1.420361920604648e+00	3497
1.234284834429752e+00	-1.071615074189621e+00	3498
1.024994930348826e+00	9.399453557817496e-03	3499
1.032826772846229e+00	1.308662115940612e-02	3500
1.295740674195766e+00	-9.545591094781801e-01	3501
-3.616939655236091e-01	1.892574467691333e-01	3502
1.141603990483152e+00	6.333404983260775e-02	3503
-3.984816367625829e-01	3.262604043540200e-01	3504
1.022691880093680e+00	-5.909525077247867e-03	3505
1.035494130915372e+00	-1.033011878627386e-02	3506
-3.289758293930753e-01	1.145621854944421e-01	3507
-4.023020161572156e-01	5.851382748224937e-01	3508
1.053269529820093e+00	-2.142154585817455e-02	3509
-3.759164902833599e-01	2.293692400394729e-01	3510
1.106599905446254e+00	4.899717231689514e-02	3511
-1.970117544136702e-01	-2.075180326199412e-03	3512
-3.621301120706836e-01	-1.869704463291884e-01	3513
1.037547597572199e+00	1.434221525877422e-02	3514
-2.125663574261062e-01	-2.957571940444351e-02	3515
1.292516234042391e+00	1.945011691698305e-01	3516
7.874657928468503e-01	1.400025574499288e+00	3517
-4.102234427429894e-01	-5.409700367926763e-01	3518
1.087016672645831e+00	-4.810078855656387e-02	3519
-4.127387726709063e-01	-4.690308648520402e-01	3520
-1.758373581666411e-01	1.077479427184973e+00	3521
-2.564874425966781e-01	-5.102005006320418e-02	3522
1.102479460266255e+00	-4.766884658868154e-02	3523
1.041831307104296e+00	-1.347813720332614e-02	3524
-6.905029737802298e-02	-1.192954169819240e+00	3525
-2.612487943491750e-01	9.672556122519846e-01	3526
-4.083142047613739e-01	5.125222485764132e-01	3527
-1.657526537037083e-01	-1.097991924656443e+00	3528
6.516178150369108e-02	1.285122571155825e+00	3529
-3.237669656211322e-01	8.535194666655715e-01	3530
1.016242849644761e+00	3.175383707935240e-03	3531
1.338917539956392e+00	-8.443986126684788e-01	3532
1.138850886909675e+00	-1.202475153244378e+00	3533
1.016142189551644e+00	-3.589610525669305e-03	3534
-3.875909990673121e-01	6.662924818427893e-01	3535
1.018994418335251e+00	5.516275058977056e-03	3536
1.240869346657351e+00	-1.249525618912654e-01	3537
-2.451396916253542e-01	-9.987120488510138e-01	3538
-3.918073504805023e-01	-2.835286229035798e-01	3539
5.255778418788890e-02	-1.279632690229803e+00	3540
2.060996175748416e-01	-1.354716518640076e+00	3541
1.018819796477115e+00	-6.005159403175108e-03	3542
-4.051215739969920e-01	3.827723026393745e-01	3543
-3.989769895045880e-01	-6.205055832396780e-01	3544
-6.610476950849085e-02	1.189564762490678e+00	3545
1.366984639540774e+00	-7.365645918245076e-01	3546
1.022731538592730e+00	8.335088172383496e-03	3547
1.031491964972628e+00	-8.762059591949999e-03	3548
1.027456242198945e+00	-7.330610218303698e-03	3549
1.380115718817767e+00	-6.433863317361771e-01	3550
1.384866459643175e+00	-5.576116118972845e-01	3551
1.072415235015734e+00	-3.731439780705983e-02	3552
8.072588015659300e-01	-1.391340835242737e+00	3553
1.014168426071014e+00	6.533468152188789e-04	3554
1.060277450148053e+00	2.380798123472776e-02	3555
1.379511441147381e+00	-4.714330815471480e-01	3556
-2.131868402149526e-01	3.427943236369872e-02	3557
-1.778500300143305e-01	2.033318285655226e-02	3558
-3.460461220384568e-01	1.504043454131050e-01	3559
-3.453540383844560e-01	-1.464039355694306e-01	3560
-2.555588703973823e-01	5.057154899416616e-02	3561
-3.282857064176139e-01	-1.110018127447523e-01	3562
-3.113596690324069e-01	8.165247700965841e-02	3563
-3.117189664105697e-01	-8.057303641668354e-02	3564
1.262325511642940e+00	1.483372272066619e-01	3565
1.267586611803334e+00	-1.632920511561989e-01	3566
1.320156061382499e+00	-2.585252916760081e-01	3567
1.295182865000813e+00	-2.093903779514774e-01	3568
1.322377680341647e+00	2.520647943912138e-01	3569
1.343507871747922e+00	-3.128091995933102e-01	3570
1.349558968696501e+00	3.187187630449954e-01	3571
1.364424856270199e+00	-3.850894566372623e-01	3572
1.371351901259227e+00	3.934838728103764e-01	3573
1.385110607058359e+00	4.769939612627976e-01	3574
1.390390490178951e+00	5.663899640048122e-01	3575
1.384096588357475e+00	6.652369124245922e-01	3576
1.365835345367044e+00	7.712334666439029e-01	3577
-3.884568638088505e-01	2.758144303681506e-01	3578
-3.783949711866575e-01	-2.327943072345780e-01	3579
-4.028008902650700e-01	-3.367825171597556e-01	3580
1.330038448065164e+00	8.896118567722805e-01	3581
1.264320320987490e+00	1.028899412234373e+00	3582
1.144881213933130e+00	1.183111858319758e+00	3583
9.875361709046507e-01	1.315114679802319e+00	3584
1.170023718123488e+00	-7.536927981575349e-02	3585
1.216030226060850e+00	-9.511469552785151e-02	3586
1.233387236714475e+00	1.104616172608362e-01	3587
-3.810049764710086e-01	-7.022359373150638e-01	3588
-3.488633346111287e-01	-7.978560604506968e-01	3589
1.042822023762004e+00	1.236963378528302e-02	3590
1.016119140143112e+00	1.609288995781950e-03	3591
7.114199645331852e-02	1.463129204014589e+00	3592
1.086729791264669e+00	3.753378811347428e-02	3593
1.162180195277019e+00	-1.379023803592655e+00	3594
1.025990142263673e+00	-3.573061012088797e-03	3595
4.803402357979470e-01	-1.582351819604137e+00	3596
-3.966728620306190e-01	-1.487477834134274e-01	3597
-2.927605396497338e-01	4.591644794456522e-02	3598
-3.558543289676635e-01	7.886023928178500e-02	3599
1.120387298919345e+00	-4.446924149652084e-02	3600
1.166713510678302e+00	6.242410324963626e-02	3601
7.087406876221569e-01	1.584979327056190e+00	3602
-2.156545523695724e-01	1.227279560811043e+00	3603
-4.754380841323724e-01	4.086071396094181e-01	3604
2.549852958279588e-01	-1.538270663259120e+00	3605
-4.647949154724987e-01	7.358374284265041e-01	3606
-4.878163621340605e-01	-5.074497118520853e-01	3607
1.155578080716628e+00	-5.659293599110683e-02	3608
-3.049916315546511e-01	-1.127664319548576e+00	3609
9.657107825359550e-01	-1.506034166251747e+00	3610
-4.813741283231965e-01	-4.315378053075742e-01	3611
-3.769007621557947e-01	1.136084058221705e-01	3612
1.069607117391717e+00	-2.805145334056220e-02	3613
-3.750802837601835e-01	-1.005578275714790e+00	3614
1.068174763789793e+00	2.863355084824082e-02	3615
-2.426240583364516e-01	-2.953849053162719e-02	3616
-4.706226852214334e-01	-3.610080816760034e-01	3617
1.282428184608791e+00	-1.246309403694141e-01	3618
1.309265369835057e+00	1.503627409386366e-01	3619
1.347933029901110e+00	-2.136646496474198e-01	3620
1.213941255948381e+00	8.331268927642262e-02	3621
1.383419044609571e+00	2.657362951580907e-01	3622
9.536344202310550e-01	1.510398680820004e+00	3623
1.054050912315530e+00	1.196746080836262e-02	3624
-4.829369838543618e-01	4.794000622076187e-01	3625
2.555157206231041e-01	1.544610488514393e+00	3626
4.685813731327547e-01	1.590255707663191e+00	3627
1.293845616849944e+00	-1.215693872666156e+00	3628
1.372003896933852e+00	-1.069582175497075e+00	3629
-3.973337691587538e-01	1.522347829348110e-01	3630
1.096317646551916e+00	3.885045058049192e-02	3631
-4.802582616885559e-01	6.414148769299458e-01	3632
1.060322075672279e+00	-1.692995221244682e-02	3633
1.053932046723878e+00	-1.397631959092202e-02	3634
1.127298017588526e+00	4.645320905919319e-02	3635
-2.263684032019535e-01	3.296160605898071e-03	3636
-4.164881761730381e-01	1.923512530641499e-01	3637
-4.178549713142065e-01	-1.927903499554634e-01	3638
1.036330404267879e+00	9.381420074353344e-03	3639
1.083804080183011e+00	-3.973997171642034e-02	3640
-4.382787896563184e-01	8.403284191593763e-01	3641
-2.432845427329861e-01	3.037085290028213e-02	3642
1.047645321446468e+00	-1.053485743863081e-02	3643
1.040832956208855e+00	-7.566793716458353e-03	3644
-2.118869576144738e-01	-1.241420068803647e+00	3645
-3.143230824232524e-01	1.097369115331228e+00	3646
-4.849175664272313e-01	5.555932235296398e-01	3647
-3.906718833983782e-01	9.649580583736267e-01	3648
1.018622529326666e+00	3.692206810097175e-03	3649
1.419957191074191e+00	-9.399597700108722e-01	3650
1.016065166942565e+00	-2.022034299119176e-03	3651
-4.378322385284158e-01	-2.440224186278251e-01	3652
-4.511010793564437e-01	2.895783551521614e-01	3653
-9.311707246860786e-02	-1.355038697653650e+00	3654
6.074255739679398e-02	-1.457026812746709e+00	3655
1.018503254366851e+00	-4.173362799445377e-03	3656
-4.862532639015419e-01	-5.920550188166490e-01	3657
-4.238634349475105e-01	-8.894056047485008e-01	3658
-8.555039492769678e-02	1.355641054275630e+00	3659
1.450289736739069e+00	-8.160563181173549e-01	3660
1.035047246343221e+00	-5.601586936084275e-03	3661
1.032243201610917e+00	8.530041223617198e-03	3662
1.030722096082013e+00	-4.547666756533432e-03	3663
1.028428318747992e+00	7.250555436087486e-03	3664
1.463963973898384e+00	-7.029263495895606e-01	3665
1.346514108371301e+00	2.027536133766163e-01	3666
1.465137766238348e+00	-6.052537140382982e-01	3667
1.094445985208545e+00	-3.590121125490261e-02	3668
7.253390760050608e-01	-1.576390344218151e+00	3669
1.016108089186527e+00	-2.067352281944196e-04	3670
1.060967090274067e+00	1.554035214111929e-02	3671
-2.018064915583917e-01	1.592980073039243e-02	3672
-3.757255251641237e-01	-1.097722956654147e-01	3673
-2.928238695853591e-01	-4.784902564109852e-02	3674
-3.553095532835361e-01	-7.641094509674291e-02	3675
1.315535295570290e+00	-1.660751660364693e-01	3676
1.379017785806276e+00	-2.655562217198951e-01	3677
1.409604124730624e+00	-3.330477289099875e-01	3678
1.417076781341853e+00	3.392611426232696e-01	3679
1.437286139430445e+00	-4.170544556425184e-01	3680
1.444172779673516e+00	4.240153628415331e-01	3681
1.457005550347729e+00	-5.100596276190219e-01	3682
1.463110178962707e+00	5.168413024515977e-01	3683
1.470988416897976e+00	6.207005222340506e-01	3684
1.467321683399639e+00	7.336288449914425e-01	3685
-4.345591042319766e-01	2.384148594578905e-01	3686
-4.554689879885560e-01	-2.979473630044414e-01	3687
-4.657916936821808e-01	3.470214215624202e-01	3688
1.447674775255644e+00	8.599483978504555e-01	3689
1.401422559321648e+00	1.007604199310254e+00	3690
1.306750662017027e+00	1.183990065065332e+00	3691
1.177902698431353e+00	1.380065207398633e+00	3692
1.197988817422401e+00	-7.181800679805254e-02	3693
1.251554309611610e+00	-9.095087176298765e-02	3694
1.273722739767000e+00	1.094532930433813e-01	3695
-4.775657841146246e-01	-6.804025775839811e-01	3696
-4.576061589906627e-01	-7.809416198955651e-01	3697
1.022644765200056e+00	-2.348026983712537e-03	3698
-5.538696575204702e-01	8.143846006688950e-01	3699
1.249837730010898e+00	7.944143036699902e-02	3700
-2.574043995597519e-01	1.927892511635130e-03	3701
-5.222663464313301e-01	3.019919334885774e-01	3702
1.159084055740857e+00	-1.590097337238667e+00	3703
1.140729071747016e+00	-4.083807197896017e-02	3704
8.935396431989295e-02	-1.661132234058559e+00	3705
-4.040185425801721e-01	-6.936498800306223e-02	3706
-1.000949907554990e-01	1.546203971934460e+00	3707
1.068517574547037e+00	1.977867272038336e-02	3708
-2.755637616905527e-01	2.444587810103395e-02	3709
-3.747918274202310e-01	1.246512133295858e+00	3710
1.195113330847507e+00	5.967578792088309e-02	3711
1.407454514331703e+00	-2.134674529307776e-01	3712
6.074009853914161e-01	-1.769793937547752e+00	3713
-4.782253487913964e-01	1.946542259145710e-01	3714
-5.666286056493112e-01	5.154743285890278e-01	3715
-5.681741747631518e-01	7.045286002318066e-01	3716
-5.744004112824647e-01	-6.451157159374264e-01	3717
5.938418622423505e-01	1.778258810527650e+00	3718
3.320008033526666e-01	-1.742133950124974e+00	3719
-5.722723860223393e-01	-5.511158663342010e-01	3720
-5.474897247854582e-01	-3.851665000430244e-01	3721
-5.225458546519584e-01	9.443989751718737e-01	3722
1.018280376095739e+00	-1.164071054692588e-03	3723
1.035150651398512e+00	4.772705930616164e-03	3724
1.033854533148999e+00	-1.132059092141524e-03	3725
1.029068886004181e+00	-6.413753182312196e-04	3726
1.452980162861635e+00	2.780231795300257e-01	3727
-5.406954029435267e-01	3.668670708211481e-01	3728
1.329732898872708e+00	-1.209841683169441e-01	3729
-4.535943631909461e-01	-1.131597932004736e+00	3730
1.154921778048128e+00	1.596642130326580e+00	3731
8.872428617358389e-01	1.728113452277677e+00	3732
1.110634520890563e+00	3.459013162887066e-02	3733
-5.631952731336828e-01	-4.626146101023947e-01	3734
1.021192909659582e+00	-4.651856750226655e-03	3735
9.234526394701033e-02	1.666611747324265e+00	3736
1.068410188653082e+00	-2.084870304121240e-02	3737
-4.543325025092914e-01	1.495759081729162e-01	3738
-3.330585174001974e-01	4.423036697363734e-02	3739
-3.333730190088343e-01	-4.218163527210273e-02	3740
-2.751341031528580e-01	-2.364742565748333e-02	3741
-2.565332894590892e-01	1.399870505412762e+00	3742
-5.555013254827976e-01	4.360078416933247e-01	3743
-4.543691031183596e-01	-1.479245166226788e-01	3744
1.180384155259668e+00	-5.244042938804967e-02	3745
-5.097825940708303e-01	-9.935979317155683e-01	3746
8.984362475412946e-01	-1.722485721609223e+00	3747
-4.302129196565425e-01	1.100143914263207e-01	3748
1.048148060268385e+00	8.834378280951728e-03	3749
1.109123971584795e+00	-3.453487322463703e-02	3750
1.060726721896671e+00	7.497378815552082e-03	3751
3.240675833172987e-01	1.749088514155696e+00	3752
1.345482324690632e+00	-1.392468643819773e+00	3753
1.454388848900534e+00	-1.207954549526505e+00	3754
1.150471828887452e+00	4.398557918970932e-02	3755
1.060116021274851e+00	-9.034875171704728e-03	3756
1.080197149864717e+00	-2.931927146981690e-02	3757
1.053822205386633e+00	-6.750527902240767e-03	3758
1.041622001230640e+00	6.413185338997317e-03	3759
1.046435959536897e+00	-4.050144380299571e-03	3760
-3.694548875298493e-01	-1.275162996714341e+00	3761
-5.723339128407661e-01	6.035638964896879e-01	3762
-4.649218906066904e-01	1.096626520876991e+00	3763
1.021326672117773e+00	4.094053434852969e-03	3764
1.513526486534723e+00	-1.048532319213705e+00	3765
-5.049693486436033e-01	-2.517168133003099e-01	3766
-2.581035239561621e-01	-1.408407580587105e+00	3767
-1.077210003266878e-01	-1.543871417177368e+00	3768
1.545665902781749e+00	-9.053074104873079e-01	3769
1.039457557769261e+00	-2.154453024723575e-03	3770
1.031547802447542e+00	4.259340794623293e-03	3771
1.559917543298150e+00	-7.721385831163434e-01	3772
1.558357544072297e+00	-6.554111135777716e-01	3773
1.018307912152621e+00	6.889451856248309e-04	3774
-4.053052352180465e-01	7.252038443883448e-02	3775
-4.287597007739373e-01	-1.062113000745684e-01	3776
1.368808687577032e+00	-1.648215906186357e-01	3777
1.363149759052220e+00	1.512203763650253e-01	3778
1.447044961829040e+00	-2.756093466519958e-01	3779
1.408595419631911e+00	2.083695508678843e-01	3780
1.486521706493904e+00	-3.544830381830424e-01	3781
1.494358173128574e+00	3.609055100869383e-01	3782
1.521155404117881e+00	-4.480727215570741e-01	3783
1.528275742342639e+00	4.548141667836295e-01	3784
1.545219071448530e+00	-5.506515887742435e-01	3785
1.552002760544445e+00	5.619106551080965e-01	3786
1.564754371170973e+00	6.797938716876213e-01	3787
-5.007900582770672e-01	2.452334865580150e-01	3788
-4.807096782165767e-01	-1.975957992021703e-01	3789
-5.279628884619331e-01	-3.136728842226011e-01	3790
1.562984727758310e+00	8.126400219964344e-01	3791
1.537330688263155e+00	9.684238128605174e-01	3792
1.471012752250912e+00	1.157667803799147e+00	3793
1.367279115758684e+00	1.362984084514569e+00	3794
1.229362465881618e+00	-6.620771986423071e-02	3795
1.292043568595919e+00	-8.500522774858311e-02	3796
1.319673613495190e+00	1.051878955424576e-01	3797
-5.451878830905358e-01	-8.674457531681291e-01	3798
-5.667772453383983e-01	-7.501457127313308e-01	3799
-1.053174401445461e-01	-1.763921652363339e+00	3800
1.176075221907362e+00	3.985464070710581e-02	3801
-2.956605483199090e-01	1.599506848009682e+00	3802
-4.584115151856468e-01	-5.941346959609023e-02	3803
-6.097371954756694e-01	-3.295546925862294e-01	3804
1.132251440427979e+00	2.862237886355393e-02	3805
1.163256019971817e+00	-3.544455644934695e-02	3806
-5.427463668882080e-01	1.246067634345831e+00	3807
-6.623921276598367e-01	5.536455567629752e-01	3808
-6.696479159889804e-01	7.738589151004615e-01	3809
1.025334332297029e+00	7.048070895146523e-05	3810
1.265101281015733e+00	-5.739617716844073e-02	3811
7.771652950235244e-01	1.961778495142028e+00	3812
-3.791123627168181e-01	-3.682988456112712e-02	3813
1.079646418832377e+00	2.530262035204653e-02	3814
1.126116297546790e+00	-2.804902579146696e-02	3815
1.068619293891662e+00	1.099016474488622e-02	3816
4.373066286411165e-01	1.972113383279423e+00	3817
1.052230718495647e+00	2.905776887180104e-04	3818
-6.467300232485127e-01	-9.637995415549224e-01	3819
1.469363197035621e-01	-1.892396339440381e+00	3820
1.045558096090561e+00	2.201135900135296e-03	3821
1.020345823505008e+00	1.379066437957371e-03	3822
-3.728292355307897e-01	9.849851623631807e-04	3823
-3.109936289526692e-01	1.358726487672439e-02	3824
1.533250257567269e+00	2.893463473783515e-01	3825
1.286819350491571e+00	1.533870189862252e+00	3826
1.208063982613818e+00	-4.520704952567937e-02	3827
-6.694893890136359e-01	-5.957453918951515e-01	3828
-6.072347450325354e-01	-1.113534066717273e+00	3829
-6.545548470532755e-01	9.077845725837137e-01	3830
1.475958435283643e+00	-2.137252916272952e-01	3831
-6.674618983769349e-01	-8.291153435881996e-01	3832
1.119656513327516e+00	-1.835843763326836e+00	3833
-1.028588288801584e-01	1.766026497016485e+00	3834
1.099924097343925e+00	2.493100719454141e-02	3835
-4.400455117365030e-01	1.419887732785628e+00	3836
1.226655575076177e+00	5.472185947482455e-02	3837
4.487581235909431e-01	-1.964286763636495e+00	3838
-6.560460410459137e-01	-4.976073228588371e-01	3839
-6.169025526725662e-01	1.067633499025963e+00	3840
1.024857070750109e+00	5.283053833098853e-03	3841
1.027535571627190e+00	3.199851088636432e-03	3842
1.290315539490363e+00	7.303831219360084e-02	3843
1.382441626349658e+00	-1.135497136001376e-01	3844
-6.751220578041729e-01	-7.050223612566379e-01	3845
1.110769006100904e+00	1.842884936346986e+00	3846
-6.458686724918522e-01	4.639583941016749e-01	3847
1.020521745635079e+00	-1.092097417241953e-03	3848
1.414709513585101e-01	1.897797668415735e+00	3849
1.067899035488782e+00	-1.223658911119975e-02	3850
-3.772095914367297e-01	3.559591968416503e-02	3851
-3.015600835101188e-01	-1.128122565425485e-02	3852
-6.351730280320957e-01	-4.075049024769667e-01	3853
-6.259536189103246e-01	3.848178380301338e-01	3854
-5.182663835062501e-01	1.444897356009266e-01	3855
-5.194381421504400e-01	-1.450483143448505e-01	3856
7.868640547842110e-01	-1.955167925965120e+00	3857
-4.889978407216484e-01	1.012115110395621e-01	3858
-4.602737160097867e-01	6.289406386297201e-02	3859
1.100685730032398e+00	-2.303690305490081e-02	3860
1.091932010277582e+00	-2.271226754169343e-02	3861
1.053862365053850e+00	4.546567238373779e-03	3862
1.379646931744205e+00	-1.611750894357351e+00	3863
1.534911029515631e+00	-1.380216986577345e+00	3864
1.077937534457637e+00	-2.295277110952315e-02	3865
1.059343305601549e+00	-1.405929372443400e-03	3866
-5.395740283823578e-01	-1.278249348279170e+00	3867
-6.713713186097088e-01	6.584037377691571e-01	3868
1.617943057448242e+00	-1.178235681447756e+00	3869
-5.507537028073597e-01	-1.985091376780444e-01	3870
-5.753951052112238e-01	2.494353647906909e-01	3871
-4.364263552536961e-01	-1.444103039919069e+00	3872
-2.989764384256044e-01	-1.604841673843616e+00	3873
1.656074343226775e+00	-1.005547884278691e+00	3874
1.669336440873390e+00	-8.514163403542450e-01	3875
1.665549079647213e+00	-7.125598325539998e-01	3876
-4.878737084279877e-01	-9.846113878116171e-02	3877
1.479157827231677e+00	2.120336391521917e-01	3878
1.526128999040133e+00	-2.855726855698391e-01	3879
1.424812141408430e+00	1.485060173827689e-01	3880
1.428078222372353e+00	-1.576321980398565e-01	3881
1.575083780447453e+00	-3.751365965806793e-01	3882
1.583234094499450e+00	3.814967073163772e-01	3883
1.616513385374912e+00	-4.800128473063535e-01	3884
1.624245111945975e+00	4.893273262905642e-01	3885
1.647017881170311e+00	-5.912806738034326e-01	3886
1.655107590781989e+00	6.099434981352736e-01	3887
-5.472434148939117e-01	1.941408321724066e-01	3888
-5.811343674071799e-01	-2.585004193402214e-01	3889
-6.022186908572739e-01	3.143468084002389e-01	3890
1.672949120533776e+00	7.471659401852266e-01	3891
1.669621721426258e+00	9.096216342570039e-01	3892
1.632662921844532e+00	1.107335056339772e+00	3893
1.555884185361046e+00	1.328474234785263e+00	3894
1.337748240975232e+00	-7.508104435498182e-02	3895
1.372276285949213e+00	9.876955809444057e-02	3896
-5.074627576958637e-01	1.622690576483525e+00	3897
-7.713755959369156e-01	5.972206048911146e-01	3898
1.077318736920265e+00	1.551940973484043e-02	3899
-7.681856477651801e-01	1.019295234735036e+00	3900
1.114004197623152e+00	2.006915930343309e-02	3901
-4.245434073395292e-01	-1.763727983535474e-02	3902
1.252956378944560e+00	-1.775009716581355e+00	3903
1.204477795358781e+00	3.335343642431933e-02	3904
1.299922304447178e+00	1.730705005396137e+00	3905
1.023284256979816e+00	7.820053236645548e-04	3906
1.555292680804574e+00	-2.120126428069599e-01	3907
1.262287718149075e+00	4.596548104375023e-02	3908
-3.273134270094197e-01	-1.836697225181650e+00	3909
1.146101239062816e+00	-2.159724179652471e-02	3910
-7.218658503082270e-01	1.216396404818550e+00	3911
1.030891602413091e+00	-2.112020179705883e+00	3912
2.346751938840039e-01	2.155976613656786e+00	3913
-5.178436575082416e-01	-4.506206212609634e-02	3914
1.787871735258138e+00	-7.789068287125831e-01	3915
-6.923622876403082e-01	3.232425963211963e-01	3916
1.625314339919072e+00	2.986383590671137e-01	3917
-7.806657554699352e-01	-6.446199839872999e-01	3918
1.115551680527249e+00	-2.098895767942282e-02	3919
1.781452975378496e+00	-1.124040206057949e+00	3920
-7.853704799546213e-01	8.549927277447228e-01	3921
-4.264973637136928e-01	2.262291308207219e-02	3922
-6.592491049656405e-01	2.527716095104168e-01	3923
2.451677706426614e-01	-2.149619429281037e+00	3924
1.336765576913337e+00	6.264183150596077e-02	3925
1.495738819082939e+00	-1.486019962788776e-01	3926
-5.895287814519420e-01	1.361138673536740e-01	3927
1.486114658761168e+00	1.514975255265790e+00	3928
1.239039739736691e+00	-3.543640173736465e-02	3929
1.494949302794911e+00	1.431585256641008e-01	3930
-3.272016668844902e-01	1.831912198852407e+00	3931
-7.613103306175354e-01	-5.329966204930550e-01	3932
1.156262989504858e+00	2.319494458722036e-02	3933
-6.320861837531266e-01	1.416707486100065e+00	3934
1.022121110401117e+00	2.118919252293873e+00	3935
6.152073166534157e-01	2.201126725969953e+00	3936
-7.839815307433260e-01	-9.158201260945483e-01	3937
-7.603555199757756e-02	-2.018300134019488e+00	3938
1.187671086824436e+00	-2.809014439272973e-02	3939
-7.627119434853068e-01	-1.074310088061400e+00	3940
1.305273326365296e+00	-4.595560447380218e-02	3941
-7.893873357191151e-01	-7.741792190946256e-01	3942
-8.134148150663051e-02	2.020040890625973e+00	3943
1.089525839976318e+00	1.451967676055007e-02	3944
-7.489398207622794e-01	4.914418819692803e-01	3945
1.067098542496027e+00	-3.952329896258393e-03	3946
-7.349779637801240e-01	-4.316653729572987e-01	3947
-7.236761997507324e-01	4.023623595013541e-01	3948
-7.024352377166296e-01	-3.422457952263871e-01	3949
6.241617342525755e-01	-2.193837613944086e+00	3950
-5.544085930687273e-01	8.841857848687593e-02	3951
-5.197510107365182e-01	4.810894854205345e-02	3952
1.067648550339996e+00	1.998759612827304e-03	3953
1.607121430161377e+00	-1.596808529532335e+00	3954
1.076869079035736e+00	-1.600394416051469e-02	3955
-7.157282979866295e-01	-1.254208360103999e+00	3956
-7.840719357586150e-01	7.180255248171614e-01	3957
1.726756911464190e+00	-1.341305893154726e+00	3958
-6.296070267823668e-01	-1.960806502054248e-01	3959
-6.336774377132134e-01	-1.451631838178444e+00	3960
-5.056731955665628e-01	-1.642353109443387e+00	3961
1.795913038719055e+00	-9.401694445021220e-01	3962
-5.541856566638088e-01	-8.733904418054092e-02	3963
1.617289881138081e+00	-2.941454649074328e-01	3964
1.560261790354533e+00	2.124787322025860e-01	3965
1.440446708771338e+00	-9.941760186790180e-02	3966
1.676001906997192e+00	-3.961052461357623e-01	3967
1.684766807068031e+00	4.041952665590369e-01	3968
1.725903518060083e+00	-5.100407024836685e-01	3969
1.735173680252926e+00	5.247690983706284e-01	3970
1.764062322975290e+00	-6.356525544310156e-01	3971
-6.244902166949131e-01	1.895909334919348e-01	3972
-5.918507871240536e-01	-1.383520501800750e-01	3973
-6.669590582905687e-01	-2.650502899312299e-01	3974
1.774222323854908e+00	6.637551719701924e-01	3975
1.795040877746882e+00	8.304082174979923e-01	3976
1.788271093688504e+00	1.033478997887048e+00	3977
1.742736962454014e+00	1.268672218317813e+00	3978
1.388773086218939e+00	-6.124494507817315e-02	3979
1.432112848997113e+00	8.782940289293908e-02	3980
-7.292836424296654e-01	1.616798276294094e+00	3981
-8.320825195003537e-01	1.386544925630056e+00	3982
-8.949099912480978e-01	1.153468341374815e+00	3983
-3.330956161103921e-01	-2.109395810177593e+00	3984
1.294226280424293e+00	2.006459358623552e+00	3985
1.140501633767363e+00	9.692821190594128e-03	3986
-5.722358952148904e-01	1.861523904785669e+00	3987
1.129030735571268e+00	-1.232805101361628e-02	3988
-4.792801166963866e-01	-1.982773796413936e-03	3989
1.918530234125198e+00	-1.274304785616583e+00	3990
1.389316968346126e+00	4.917938553255250e-02	3991
1.214663851747766e+00	-1.712935038301850e-02	3992
-8.325444879513503e-01	4.196693432714049e-01	3993
1.182158311099515e+00	1.571284810492757e-02	3994
1.168135986342110e+00	-1.322063227430399e-02	3995
1.274111822683043e+00	-2.173217334180499e-02	3996
-7.111858712815878e-01	1.830113117954001e-01	3997
-8.816013793810799e-01	-5.694647720673197e-01	3998
3.955180794374404e-01	2.432827268135228e+00	3999
-1.834275317800934e-02	2.310592959206809e+00	4000
1.940940170994915e+00	-1.044305437317508e+00	4001
1.075828048231568e+00	-5.265840132883796e-03	4002
-6.909538699838719e-03	-2.307919496926544e+00	4003
1.490168345509613e+00	-1.807984516693561e+00	4004
-5.687034716756528e-01	-1.879196557269668e+00	4005
8.786946247547683e-01	-2.407214005021435e+00	4006
1.721584939006929e+00	-3.022020932778295e-01	4007
-5.836430365650410e-01	-2.506070909450076e-02	4008
1.646777066431456e+00	-2.076771706103029e-01	4009
1.102916762203251e+00	1.118762247360864e-02	4010
1.106449068969830e+00	-9.520024054388449e-03	4011
1.235621224521489e+00	2.416793844934756e-02	4012
1.079705206893456e+00	5.391431609946080e-03	4013
1.302458722685554e+00	3.407644237097930e-02	4014
1.129336476004158e+00	1.098627011726244e-02	4015
1.929293527741958e+00	-8.528946559196326e-01	4016
-9.073010003454300e-01	-7.010068658755261e-01	4017
1.730626312359174e+00	3.084314662945947e-01	4018
-9.168919095096869e-01	9.520964133557097e-01	4019
-8.947017692009538e-01	6.454841699705488e-01	4020
-8.476241764486199e-01	-4.563108010349836e-01	4021
1.350090998491308e+00	-2.985426405239140e-02	4022
1.506038068846394e+00	-8.163385773687287e-02	4023
-8.077654719143892e-01	-3.543689092563388e-01	4024
-7.941826515181969e-01	3.287402210522251e-01	4025
1.539578883621790e+00	1.748373838006489e+00	4026
1.653237187861528e+00	2.094958399346104e-01	4027
-3.398269740669946e-01	2.104159404674604e+00	4028
-8.663861602160501e-01	5.219162113023322e-01	4029
8.708279540041350e-01	2.414112848148085e+00	4030
-9.196279170161047e-01	-8.499221039044434e-01	4031
-9.175633604815351e-01	-1.014281323895726e+00	4032
-5.850272401236460e-01	2.693426385866820e-02	4033
4.050525652913328e-01	-2.426452852072874e+00	4034
-6.264924166420595e-01	7.202909731072557e-02	4035
-8.934503096731053e-01	-1.204416056276811e+00	4036
-9.132690972428336e-01	7.855062847564654e-01	4037
1.836486469629579e+00	-1.548717800760914e+00	4038
-7.636894441329709e-01	-2.671713240908084e-01	4039
-8.363648768970657e-01	-1.420012091193028e+00	4040
-7.314792953412379e-01	-1.655493472682693e+00	4041
-6.726454408608533e-01	-1.265482109823153e-01	4042
1.574996845064493e+00	1.327507827792293e-01	4043
1.573494487755235e+00	-1.355184463154276e-01	4044
1.692905194786714e+00	1.472059466598432e+00	4045
1.791347296424801e+00	-4.136990510988158e-01	4046
1.801692044816873e+00	4.257059585372657e-01	4047
1.851340423041489e+00	-5.407401163458172e-01	4048
-6.273796203540880e-01	-7.253827805637987e-02	4049
-6.687196039274950e-01	1.224487503973989e-01	4050
-7.188222894495975e-01	-1.921893922137208e-01	4051
-7.533445026876493e-01	2.515713677422742e-01	4052
1.863261361448756e+00	5.633050085325048e-01	4053
1.897781273700742e+00	-6.872252769575375e-01	4054
1.909857002559716e+00	7.309585204603740e-01	4055
1.934241269478681e+00	9.361399780317186e-01	4056
1.923663878656231e+00	1.181033152509444e+00	4057
1.444422391353375e+00	-4.027146726709293e-02	4058
1.500263364383534e+00	7.339413546013657e-02	4059
1.219031945114108e+00	2.339574303479293e+00	4060
1.244680838629691e+00	-3.169543718811463e-03	4061
-1.050731465382926e+00	-7.639667322624026e-01	4062
-8.300110679198647e-01	1.854780905288372e+00	4063
6.451373382068591e-01	2.710032968050220e+00	4064
1.342899275933971e+00	-2.002623202964586e+00	4065
-6.246782481975862e-01	2.145144398474289e+00	4066
1.160001372219459e+00	2.856161996528194e-03	4067
1.191502918005388e+00	-2.382748604986857e+00	4068
1.313178634643571e+00	-4.904433329339803e-03	4069
1.270434806130033e+00	1.052584105022540e-02	4070
1.210279292729744e+00	5.617136230901026e-03	4071
-6.196273420383661e-01	-2.167071488861717e+00	4072
1.746740203694492e+00	-1.787446911700888e+00	4073
1.449243002201532e+00	3.011070745133148e-02	4074
-1.065443902340760e+00	1.070513016699877e+00	4075
1.348285192790112e+00	1.730127458062983e-02	4076
1.145456965243801e+00	-2.586814511818925e-03	4077
-9.563815522950940e-01	4.354825997060310e-01	4078
1.578172167189713e+00	2.029733345960177e+00	4079
-6.565206803087010e-01	-3.261988068281371e-04	4080
-8.304345136333433e-01	-1.898544837701689e+00	4081
1.398905740400531e+00	-9.066948834317676e-03	4082
1.666545150474006e+00	1.172325300420231e-01	4083
1.851445148162267e+00	3.149366094530571e-01	4084
-9.089201562992429e-01	3.339276335908608e-01	4085
-9.578446169624996e-01	1.581238206370160e+00	4086
-1.033448186592937e+00	1.316215215850372e+00	4087
-1.035962837141223e+00	6.981626896406085e-01	4088
1.759929035959709e+00	2.053396443491027e-01	4089
2.063344257451458e+00	-1.467287305613561e+00	4090
1.662999533435042e+00	-1.181806043826681e-01	4091
1.191786717987157e+00	-2.665696103417095e-03	4092
-9.265871163089271e-01	-3.665178440360378e-01	4093
-1.018914534956359e+00	-6.107746831854587e-01	4094
1.105748423044699e-01	2.638171971755121e+00	4095
2.104074061150074e+00	-1.176505319958080e+00	4096
1.085890394042770e+00	-9.679622096648757e-03	4097
-3.045569161219185e-01	-2.429953370109492e+00	4098
1.224576648103507e-01	-2.634124881222947e+00	4099
6.536976674546439e-01	-2.703403095047843e+00	4100
1.116661598469795e+00	5.380515041020910e-03	4101
1.092561534957180e+00	2.230786817026344e-03	4102
2.092115663348787e+00	-9.392530943606504e-01	4103
1.900853285126735e+00	1.397927760135257e+00	4104
1.751909857839568e+00	-2.015793063926422e-01	4105
-8.731424753446997e-01	-2.664219674561142e-01	4106
-3.194733438014130e-01	2.427146907643762e+00	4107
-9.991767485157583e-01	5.566331990315677e-01	4108
-9.757941264676361e-01	-4.793533532387582e-01	4109
-1.060888259581056e+00	8.658629003589458e-01	4110
-1.069377613631230e+00	-9.338744700158848e-01	4111
-1.069415929800730e+00	-1.130030166678054e+00	4112
-7.575956605794452e-01	1.052330174878125e-01	4113
-8.587232334830270e-01	2.452025595608755e-01	4114
-1.040287378414906e+00	-1.358571033133112e+00	4115
-9.709692416541795e-01	-1.621016306950412e+00	4116
1.580550281149276e+00	-5.783965411882001e-02	4117
1.791521881407832e+00	1.706625097377392e+00	4118
1.840593043726362e+00	-3.055516660632268e-01	4119
1.923243668968513e+00	-4.293124449368375e-01	4120
-7.083121201686612e-01	-5.052685136814963e-02	4121
-7.058657269488644e-01	4.837074393017703e-02	4122
-7.637665946574901e-01	-1.113524226502906e-01	4123
-8.184825469322439e-01	-1.833098337247485e-01	4124
-8.080413209306586e-01	1.706662940692860e-01	4125
1.936476494111141e+00	4.475158978548827e-01	4126
1.994726971728228e+00	-5.760731395078247e-01	4127
2.010102907644210e+00	6.123381761509646e-01	4128
2.052217138724299e+00	-7.438733913922634e-01	4129
2.066563348987656e+00	8.158668294358569e-01	4130
2.093649825501505e+00	1.065123772065841e+00	4131
1.506790016795724e+00	-1.430044239816118e-02	4132
1.577439530251229e+00	5.246241522602665e-02	4133
-6.555012789250956e-01	2.485455105071348e+00	4134
1.877893120697981e+00	1.994841011034029e+00	4135
2.247407228184660e+00	9.217961598078416e-01	4136
-1.229098203902075e+00	9.647422959367508e-01	4137
-1.229888306839847e+00	1.217180433744248e+00	4138
-1.197726910286151e+00	7.600038864448013e-01	4139
1.976390798236541e+00	-3.045677629713529e-01	4140
-1.174318494935462e+00	-6.582802747067811e-01	4141
-1.061180290552920e+00	-3.748344593416542e-01	4142
-1.215289891503122e+00	-8.317800261067217e-01	4143
3.366920878043329e-01	2.984225435758210e+00	4144
1.882021194564422e+00	1.958874182903182e-01	4145
1.031297577070924e+00	-2.710166405926783e+00	4146
3.479596949302141e-01	-2.978970173676911e+00	4147
1.990372270854030e+00	3.189240655664390e-01	4148
-9.774405397278105e-01	2.366093342109650e-01	4149
-9.262399869186015e-01	2.141194820948420e+00	4150
-1.104587848599554e+00	-1.863032561422366e+00	4151
-1.094780733638880e+00	1.812340321400523e+00	4152
1.616415939902500e+00	-2.030623577643978e+00	4153
-9.218427477682869e-01	-2.187395366029699e+00	4154
1.871837598571612e+00	-1.893807206296021e-01	4155
2.102673971222052e+00	1.290273354417012e+00	4156
2.091768036058733e+00	4.765518633914911e-01	4157
1.051402799307689e+00	2.700207178755217e+00	4158
1.496448260762017e+00	-2.285025931180545e+00	4159
1.416105181220685e+00	2.257497072666431e+00	4160
-9.972141665594397e-01	-2.643505009250793e-01	4161
-1.189208226568982e+00	1.504335037568915e+00	4162
2.007119085470537e+00	-1.725230093870653e+00	4163
-1.038454913310102e+00	3.353039644089247e-01	4164
-1.121971631124086e+00	-5.040478538090177e-01	4165
-1.150916119240832e+00	5.928678396714701e-01	4166
2.282249401610189e+00	-1.349880574947347e+00	4167
-6.366196031003257e-01	-2.507896548758394e+00	4168
-2.182423690246141e-01	-2.798458474171188e+00	4169
2.278330114759918e+00	-1.048983663031687e+00	4170
1.771884399942745e+00	9.867980750775004e-02	4171
1.766270234492950e+00	-9.739768292426297e-02	4172
-2.339200808796724e-01	2.797762279721753e+00	4173
-1.097425636901826e+00	4.538761756445802e-01	4174
-1.240563951052244e+00	-1.031830313387776e+00	4175
-7.958901231530831e-01	-6.551838234365908e-03	4176
-1.241367809263738e+00	-1.268007530852768e+00	4177
-1.205902784992127e+00	-1.542670518683197e+00	4178
1.657553461687719e+00	-9.237844133320686e-04	4179
-9.305295775741240e-01	-1.690039855055735e-01	4180
-9.159456510127559e-01	1.517730885315492e-01	4181
-8.647784309918856e-01	-9.117547770786423e-02	4182
-8.554934666722741e-01	8.185475272765927e-02	4183
2.074110722278248e+00	-4.468052950878676e-01	4184
2.040820556480603e+00	1.620441705181782e+00	4185
2.160004679372916e+00	-6.133784949523831e-01	4186
2.180935972137706e+00	6.740640412903820e-01	4187
2.230438253943529e+00	-8.094285972035450e-01	4188
1.730275966174623e+00	2.275702779395861e+00	4189
-1.136615212938214e+00	-2.572851517153273e-01	4190
-1.403769417595320e+00	-9.095170346525921e-01	4191
7.167414441740133e-02	3.005320469606327e+00	4192
2.280137556076257e+00	1.493755526907012e+00	4193
-1.012797752349764e+00	2.488424918229359e+00	4194
-1.057502438417399e+00	-1.510724675341441e-01	4195
2.022158250563213e+00	1.812298867691980e-01	4196
7.790473716440014e-01	-3.057975676340356e+00	4197
1.788080110841553e+00	-2.267684620176575e+00	4198
-1.417492535417638e+00	1.090628990779508e+00	4199
8.897602387539523e-02	-3.001589065149905e+00	4200
1.398013922285447e+00	-2.634149377876503e+00	4201
2.007605537966889e+00	-1.714118231480956e-01	4202
-6.290044631826440e-01	2.891120333290132e+00	4203
7.835756727807816e-01	3.060360723345934e+00	4204
2.436190642152913e+00	-8.930255968062539e-01	4205
-1.185765162209667e+00	3.360441153893806e-01	4206
-1.110998857211673e+00	2.222663880168131e-01	4207
2.150990242205018e+00	3.265706669181694e-01	4208
2.291280075765587e+00	1.149167547796935e+00	4209
-1.415765625865322e+00	1.390295659174598e+00	4210
-1.324687249586804e+00	6.344637585415300e-01	4211
2.131897031317317e+00	-3.026029555748125e-01	4212
-1.352083490370441e+00	-7.078014828667381e-01	4213
-1.383042964468387e+00	8.365773199717305e-01	4214
-1.036476429360326e+00	1.290906425145421e-01	4215
-1.244657779215707e+00	2.097264017702934e+00	4216
1.910112312902725e+00	-2.000972048446234e+00	4217
-1.241094277599605e+00	-2.153692985443293e+00	4218
1.862605442654451e+00	-1.274544444270409e-03	4219
1.884228197981328e+00	-6.908732366929017e-02	4220
2.350815851999096e+00	-6.556734420358798e-01	4221
-1.362168325038277e+00	1.726224693997387e+00	4222
-1.288596971164435e+00	-5.333939243266459e-01	4223
2.264547003552498e+00	-1.622366417392861e+00	4224
-9.931223757176513e-01	-2.538200264896389e+00	4225
-6.049279444077328e-01	-2.909182417191103e+00	4226
2.486926621434330e+00	-1.196883429785932e+00	4227
1.892133078037354e+00	7.270397922349892e-02	4228
-1.257347067859841e+00	4.722109226623590e-01	4229
-1.214271289377226e+00	-3.816051904297683e-01	4230
-1.388772914649939e+00	-1.776740344345180e+00	4231
-1.435685797998213e+00	-1.149206699303218e+00	4232
-1.436380110317782e+00	-1.432795545417915e+00	4233
-9.773456974374687e-01	-6.263729483664954e-02	4234
-9.636794336632497e-01	4.938085562050118e-02	4235
-9.049575610394793e-01	-2.166507381321235e-03	4236
2.247603032642047e+00	-4.629547412831924e-01	4237
2.272988240584112e+00	5.131516072243302e-01	4238
2.379589129118866e+00	7.530616761712992e-01	4239
1.659348964001981e+00	-2.552144457312520e+00	4240
2.038416185789644e+00	2.257708345428478e+00	4241
5.009855682695917e-01	3.371550300683882e+00	4242
-1.294418233389973e+00	-2.450391289415750e-01	4243
-1.568704910697807e+00	-2.064734623985141e+00	4244
5.000436985923111e-01	-3.366992383759845e+00	4245
1.189887908174661e+00	3.082201969936639e+00	4246
-1.631842045342679e+00	1.241969815754096e+00	4247
-2.845073033555552e-01	-3.178398834648056e+00	4248
2.671066255156771e+00	-1.010083504303235e+00	4249
-1.619514128596207e+00	-1.002726351243209e+00	4250
1.229408511441303e+00	-3.034547919367404e+00	4251
1.557051785048312e+00	2.538528471145268e+00	4252
2.511460901422546e+00	-1.477429650222613e+00	4253
-1.524299786787966e+00	6.864666775954577e-01	4254
-1.477461140015485e+00	-5.633366999887645e-01	4255
2.223281725345681e+00	1.831834419576785e+00	4256
-1.594287853056414e+00	9.375024613572467e-01	4257
-3.118140245351129e-01	3.174939738546863e+00	4258
2.091811957634863e+00	-2.245767845107697e+00	4259
-1.624531049205084e+00	1.596167120931865e+00	4260
-1.382147804846174e+00	2.443513951161954e+00	4261
-8.316268448130720e-01	2.792040247935202e+00	4262
2.207398708899311e+00	-1.920568939541434e+00	4263
-1.389199882652389e+00	-3.899594013373953e-01	4264
-1.440304403159204e+00	4.914843722540975e-01	4265
-1.262459186439773e+00	2.042172977146531e-01	4266
-1.199487333899036e+00	-1.277869700992987e-01	4267
2.447742329278293e+00	-4.799240604115913e-01	4268
2.338522451264592e+00	3.366296880133054e-01	4269
2.570643153236342e+00	-7.107744420569878e-01	4270
2.502827960711815e+00	1.327935778353339e+00	4271
2.184545667872878e+00	1.665742073865125e-01	4272
2.164111483835838e+00	-1.477865234742519e-01	4273
-1.555608269293610e+00	-7.630776375433527e-01	4274
-1.171322783590869e+00	9.762036839956235e-02	4275
-1.094423494736514e+00	-9.363057591612926e-03	4276
2.023946589927736e+00	2.523187148066192e-03	4277
-1.555170651268756e+00	1.991860651159670e+00	4278
-1.369059690923244e+00	-2.508635128260337e+00	4279
-1.025387704390543e+00	-2.960940887164227e+00	4280
-1.352449937888504e+00	3.353771716058770e-01	4281
-1.654109397154378e+00	-1.638251282312005e+00	4282
-1.658065476162343e+00	-1.290454978783147e+00	4283
2.310359556723257e+00	-2.959396543437738e-01	4284
2.484996573901374e+00	5.621204244537791e-01	4285
2.459826086864129e+00	9.761364419033539e-01	4286
9.695095122874043e-01	-3.436064645045602e+00	4287
1.892395800625465e+00	2.558212406541470e+00	4288
2.550218541247838e-02	3.418710912319224e+00	4289
-1.859242078574600e+00	1.841560194369753e+00	4290
1.621686716987502e+00	-2.888131081673610e+00	4291
-1.833733669175904e+00	1.062736437728804e+00	4292
-1.789037655448883e+00	-8.291614809043070e-01	4293
1.974647950394312e+00	-2.536387855575750e+00	4294
-7.224464164630915e-01	-3.300776752499335e+00	4295
5.548287088299317e-02	-3.414905500915733e+00	4296
-1.323918906896501e+00	5.942702344579472e-02	4297
2.381862069664453e+00	2.153033201258490e+00	4298
2.515961515792866e+00	-2.858541127730722e-01	4299
2.512480167064639e+00	1.651882133258801e+00	4300
-1.888220091313847e+00	-1.907045653610963e+00	4301
-1.470915268791640e+00	-2.943094920510257e+00	4302
-1.542287212579200e+00	3.313884364272552e-01	4303
2.373925894573698e+00	1.492238811547981e-01	4304
2.740016221535235e+00	-1.291296928179583e+00	4305
-1.874762675766881e+00	1.424431267846452e+00	4306
9.428525841530805e-01	3.451369768847655e+00	4307
2.343843281370202e+00	-1.168955844375077e-01	4308
-1.866464715032580e+00	-1.116097388111487e+00	4309
1.413519127515580e+00	2.785495365579756e+00	4310
-1.217034195902156e+00	2.793410604201564e+00	4311
2.412050826314780e+00	-2.176712545974791e+00	4312
2.499652249727578e+00	-1.791648276826028e+00	4313
-1.650786918877803e+00	5.165151100006339e-01	4314
-1.587448559137633e+00	-3.981483557848766e-01	4315
-1.433230480941744e+00	1.835280826860969e-01	4316
-1.474605088653872e+00	-2.305934877870129e-01	4317
-1.359208963324381e+00	-9.547027690061353e-02	4318
2.827077046038462e+00	-7.913245511179654e-01	4319
2.558829201208936e+00	3.533784831228408e-01	4320
2.678648117720151e+00	-5.052385109450866e-01	4321
-1.693280970254717e+00	-5.940243577382228e-01	4322
-1.754123285878733e+00	7.578375247506349e-01	4323
-1.754359824130326e+00	2.327522133470412e+00	4324
-1.754310926816576e+00	-2.415256443333178e+00	4325
-1.910061523583489e+00	-1.467298869978427e+00	4326
-1.239090940689515e+00	-3.231684961125864e-02	4327
2.601686609117891e+00	7.740505472714150e-01	4328
2.701665003221926e+00	1.124618629501042e+00	4329
6.771660772870436e-01	-3.796785243364608e+00	4330
3.201224330708365e-01	-3.784483098356591e+00	4331
-3.661517473321973e-01	3.605683452224342e+00	4332
1.475981202939529e+00	-3.360553612604424e+00	4333
2.949877569942331e+00	-5.461104226682140e-01	4334
-2.116673862800554e+00	2.151751662516397e+00	4335
3.026909210772381e-01	3.789126273501851e+00	4336
6.509208423624325e-01	3.805126423833181e+00	4337
-1.634897141584847e+00	2.731556467932064e+00	4338
-1.929349452385458e+00	-2.849558253693815e+00	4339
-1.518414517351663e+00	-2.020488787482056e-02	4340
-2.149680951075203e+00	1.643793860388493e+00	4341
2.266414040690998e+00	2.514447928253612e+00	4342
-7.059727011127244e-01	3.296742154977141e+00	4343
2.315123056434488e+00	-2.504550203984122e+00	4344
-1.207978554264867e+00	-3.351474220150560e+00	4345
1.706202463290919e+00	2.856438730651958e+00	4346
-1.023100626097935e+00	3.137481643032773e+00	4347
-3.665912047396274e-01	-3.608113160719854e+00	4348
2.942694092911895e+00	-1.065561090396242e+00	4349
-1.894519091430478e+00	5.550728521992945e-01	4350
-2.016060011122840e+00	8.524705450097710e-01	4351
-1.678749597040140e+00	-2.148715717237163e-01	4352
2.597074503013963e+00	1.324743995863255e-01	4353
1.385989913635850e+00	3.480114832231865e+00	4354
-2.107419382377255e+00	1.215098582027899e+00	4355
-2.200816993730650e+00	-1.702292741720776e+00	4356
2.550571562250601e+00	-7.858994017073923e-02	4357
-2.057092112242854e+00	-9.107755732599676e-01	4358
-2.135527633519310e+00	-2.244167314378629e+00	4359
2.247983571226009e+00	1.055578250489380e-02	4360
1.570924116706615e+00	3.136122079540048e+00	4361
2.738483850879152e+00	-2.048661519154380e+00	4362
2.777831353878296e+00	-1.613655870086257e+00	4363
-1.760346380126832e+00	3.280385610328384e-01	4364
-1.626766552951985e+00	1.549808383254269e-01	4365
2.710605060058910e+00	5.471980967185168e-01	4366
2.766078347670405e+00	1.439066709118893e+00	4367
2.753876445868226e+00	-2.795016198513666e-01	4368
-1.813109926316818e+00	-4.027452464533464e-01	4369
-1.940919450694325e+00	-6.302509792823526e-01	4370
-2.148847456134435e+00	-1.259417675296084e+00	4371
2.719797488891246e+00	1.972892832944080e+00	4372
2.869062781419983e+00	8.868886327485571e-01	4373
-1.456717604812551e+00	3.130739915990210e+00	4374
1.216557075943179e+00	-3.840827027948960e+00	4375
1.890525042819978e+00	-3.230691753212460e+00	4376
1.953657124198346e+00	3.148199822508688e+00	4377
-8.656675682451946e-01	-3.742488837635521e+00	4378
2.096584002744140e+00	2.868677574600170e+00	4379
3.110461778160636e+00	-8.042793879230294e-01	4380
-1.418372728920272e-01	-3.836494500529900e+00	4381
1.814562587239141e+00	3.488301133964441e+00	4382
4.566863889333955e-01	4.238918678993405e+00	4383
2.679088211341693e+00	-2.417351217224865e+00	4384
-2.225912260909819e+00	-6.766008529882536e-01	4385
-2.386735595906782e+00	-2.667842487195885e+00	4386
-1.723628100932564e+00	-3.318597565308012e+00	4387
2.420389237427838e+00	4.075516287541375e-02	4388
-1.910493300163983e+00	-1.911414882254131e-01	4389
2.775402315306057e+00	-2.628801909496215e-02	4390
2.103588772331372e+00	-2.894752745234396e+00	4391
1.129609603359830e+00	3.886933054998412e+00	4392
-2.419433021058875e+00	1.401015963677689e+00	4393
-2.502703124761312e+00	-2.013754857855089e+00	4394
3.033595654750155e+00	-2.791913673194026e-01	4395
2.995491726506556e+00	6.206892279422003e-01	4396
4.836531731091745e-01	-4.232706064274802e+00	4397
-2.057153075537979e+00	2.588170852544811e+00	4398
5.318054685495082e-03	3.879795632036144e+00	4399
-2.457504582326812e+00	1.919135783179899e+00	4400
-8.061206168232298e-01	3.748545665305745e+00	4401
-1.038144193001578e+00	3.563298474373065e+00	4402
-2.316837876832954e+00	9.697167339825072e-01	4403
2.781002578854863e+00	3.014035760606008e-01	4404
-2.472075910050616e+00	-1.446109975407539e+00	4405
3.057512458325192e+00	-1.858354513762837e+00	4406
3.032671056070160e+00	-1.387605339986632e+00	4407
-1.848545588844113e+00	1.219476495355688e-01	4408
-1.726655691308738e+00	-2.794844454636646e-02	4409
2.658761710763052e+00	2.381322800759392e+00	4410
2.812150930710450e+00	1.752587572173721e+00	4411
-2.013359803726708e+00	3.317910682656244e-01	4412
-2.071527119005021e+00	-4.072606744077110e-01	4413
-2.174696253597803e+00	6.142586919070832e-01	4414
-2.365393290859672e+00	-1.016117611873558e+00	4415
2.985211471143995e+00	1.189367768071700e+00	4416
-1.424486181437367e+00	-3.791468086846377e+00	4417
1.601924793796129e+00	3.900526683516905e+00	4418
-2.554985519124464e+00	-7.399291404766216e-01	4419
5.925310935714171e-02	-4.207238666174278e+00	4420
-2.308077217088169e+00	3.509039276614428e-01	4421
-1.543818916870994e+00	3.634203495030190e+00	4422
3.050538380562750e+00	-2.259219088040897e+00	4423
-2.105974830961142e+00	8.950610840814437e-02	4424
-1.933813411211477e+00	3.052341377139392e+00	4425
9.964615443494812e-01	-4.200160585098019e+00	4426
-2.827309285341784e+00	-2.408934295328814e+00	4427
2.352805248729292e+00	3.175523678981832e+00	4428
-2.466104594555552e+00	2.373598562143098e+00	4429
-5.593524705427724e-01	-4.023232293703788e+00	4430
1.754028465146906e+00	-3.733649789282567e+00	4431
-4.448098906702996e-01	4.088773123781224e+00	4432
-2.773345932382823e+00	1.635728110313357e+00	4433
-2.255121941548938e+00	-3.192307925407315e+00	4434
3.009605908509791e+00	2.224488284358459e+00	4435
-2.175382734538783e+00	-1.618977615395419e-01	4436
-2.834529690901201e+00	-1.711406411482441e+00	4437
3.237118800890854e+00	-5.134086689830033e-01	4438
3.074831361678020e+00	1.525554405861598e+00	4439
2.530376581635672e+00	2.803077750014397e+00	4440
2.248909879078355e+00	3.466979971940890e+00	4441
8.921542385007152e-01	4.250058548876002e+00	4442
2.312934857781994e+00	-3.263424175273776e+00	4443
2.545314674872071e+00	-2.828016357140781e+00	4444
-2.497886213581444e+00	6.913446162732284e-01	4445
3.163180441370689e+00	9.038099566597028e-01	4446
-2.718319137771216e+00	-1.156933799704270e+00	4447
3.029365861894778e+00	7.228623509296779e-02	4448
3.078594287043228e+00	3.327367404921860e-01	4449
-2.661745847771759e+00	1.115744404665342e+00	4450
3.355195381528038e+00	-1.606673868682051e+00	4451
3.254710296799484e+00	-1.116135799635336e+00	4452
-2.369017907448927e+00	-4.157418498975851e-01	4453
-4.304695840462523e-02	4.414352038971710e+00	4454
-2.021178562041645e+00	-3.739247502034228e+00	4455
2.071567189231570e+00	-3.646257262948267e+00	4456
-2.778114513294487e+00	-2.967875385451503e+00	4457
-2.408986501620201e+00	2.873275450090824e+00	4458
6.618492849500701e-01	4.740027170915728e+00	4459
-1.062459537201592e+00	-4.219602927622953e+00	4460
-3.123937511971821e+00	-1.361563590546705e+00	4461
3.142613960509753e+00	1.870451323691114e+00	4462
1.538890640302059e+00	-4.245632127184031e+00	4463
1.379167356020494e+00	4.341811146675366e+00	4464
-3.861420798064514e-01	-4.574029226650027e+00	4465
3.411244953755029e+00	-2.027063452751258e+00	4466
2.422725267616083e-01	-4.710330194645217e+00	4467
3.292555902127542e+00	5.883122509688412e-01	4468
3.310258122686479e+00	1.239366756443473e+00	4469
-2.713275789174015e+00	-4.338369835558935e-01	4470
-9.377954455184377e-01	4.250545517954240e+00	4471
-2.099295520512471e+00	3.585217582332691e+00	4472
7.716755918002851e-01	-4.709330613170232e+00	4473
-2.922056834176557e+00	-2.140570934791496e+00	4474
2.070647972996443e+00	3.895335711838235e+00	4475
-2.847651485397213e+00	2.094635408975095e+00	4476
-2.393607618410844e+00	4.732509492142604e-02	4477
2.956077286412922e+00	2.658933049701736e+00	4478
2.791648120845958e+00	3.155767544915541e+00	4479
2.689322933316116e+00	3.459349244736503e+00	4480
2.776599760528218e+00	-3.231379605181171e+00	4481
2.980361592860719e+00	-2.699778312960844e+00	4482
-3.056524673936716e+00	1.303225770561623e+00	4483
3.304862771853903e+00	-1.631398826874811e-01	4484
3.300136994240333e+00	1.565074268559188e-01	4485
-2.935557384628062e+00	-8.315293745936114e-01	4486
-2.870402766419047e+00	7.915556228427367e-01	4487
3.618016369951054e+00	-1.297275222225564e+00	4488
3.433671472290333e+00	-8.046137387020192e-01	4489
-2.480252259323177e+00	-1.302341914046651e-01	4490
-2.647248225625634e+00	3.850789375873922e-01	4491
-3.271727351333588e+00	-1.815449374524060e+00	4492
1.876404536033111e+00	4.347976337182839e+00	4493
-2.632546125368890e+00	-3.576054336149377e+00	4494
-2.666219235943261e+00	3.408799828401696e+00	4495
1.041703819621248e+00	4.794015698765407e+00	4496
-1.687959410545339e+00	-4.279679841439042e+00	4497
3.427673309613431e+00	1.608812022036923e+00	4498
-5.455839757403499e-01	4.632957753527730e+00	4499
-3.195711415999266e+00	1.759220051672250e+00	4500
2.562554213651568e+00	-3.674911106037473e+00	4501
1.288952371836295e+00	-4.692311152848818e+00	4502
-1.229845807544937e+00	4.035097331620666e+00	4503
-1.862576758577611e+00	4.074052051091574e+00	4504
-3.040046780968297e+00	4.341370130515461e-01	4505
2.523416898456400e+00	3.877635138426204e+00	4506
3.578708428040152e+00	3.781509134504317e-01	4507
3.560307478495734e+00	-4.437159827343867e-01	4508
-2.868472142878177e+00	2.614222889301622e+00	4509
3.498459628913488e+00	9.041831136456935e-01	4510
-9.626733340643945e-01	-4.852866747639434e+00	4511
3.743901072816747e+00	-1.723007081555901e+00	4512
-1.857845378416303e-01	-5.169041470235343e+00	4513
8.745739330727273e-02	5.057490024868403e+00	4514
5.083692572193211e-01	-5.257422576934960e+00	4515
3.401593306440285e+00	2.169797251006508e+00	4516
3.350129216682042e+00	2.486501142989769e+00	4517
3.257342868338333e+00	3.033846893956604e+00	4518
3.153023496134313e+00	3.446276486742305e+00	4519
3.261890033101523e+00	-3.112668896217047e+00	4520
3.409662497006980e+00	-2.496085073184397e+00	4521
-3.374820777958341e+00	-9.741542175773179e-01	4522
-3.299721684944160e+00	9.253112232489271e-01	4523
-3.113747269578247e+00	-4.711749147725436e-01	4524
3.832509117869241e+00	-9.361484213769155e-01	4525
3.582259357344470e+00	1.695245425622425e-03	4526
-2.833537931969091e+00	-1.004980630152257e-01	4527
-1.377615782572605e+00	4.541270192781112e+00	4528
-3.579077941666840e+00	-5.491756060047367e-01	4529
-3.245231292745862e+00	-2.727679785634414e+00	4530
1.631422465962608e+00	4.873649662133734e+00	4531
1.857885982692444e+00	-4.718183906999332e+00	4532
3.985601768586540e+00	-5.299935561372091e-01	4533
3.885080335582552e+00	-2.354438081828759e-01	4534
2.291372413476485e+00	-4.114677560430485e+00	4535
-3.505176934502919e+00	1.370492302500033e+00	4536
1.098994864287548e+00	-5.241279515855434e+00	4537
-1.102315698910660e+00	4.811738570832187e+00	4538
-2.476787930353793e+00	4.004277792250593e+00	4539
-2.855206413958411e+00	3.127393644482943e+00	4540
-2.370972100726322e+00	-4.208574994244045e+00	4541
4.032250562755395e+00	-1.352043838390552e+00	4542
-5.399319502568490e-01	5.308767549863403e+00	4543
-3.386443873273941e+00	-2.289314795199467e+00	4544
2.367098290868921e+00	4.338921247499975e+00	4545
-3.583733430569918e+00	-1.424145968236899e+00	4546
3.098764885837011e+00	-3.625628970472335e+00	4547
-3.178008743979234e+00	-3.385516372896884e+00	4548
7.733678594026302e-01	5.318350627623601e+00	4549
3.681328498272685e+00	1.276508154824457e+00	4550
-3.294492234959671e+00	2.281645033977856e+00	4551
3.852476889499249e+00	6.899944472298468e-01	4552
-1.664144585078789e+00	-4.996122490616253e+00	4553
-7.940477803590330e-01	-5.552689072463429e+00	4554
8.534149136942951e-02	-5.813674930189337e+00	4555
3.779156048638479e+00	1.906065119089556e+00	4556
2.986483867957037e+00	3.878445813804102e+00	4557
3.765599245222719e+00	2.391287454500551e+00	4558
3.719005435362839e+00	2.830159481706889e+00	4559
3.649845667625613e+00	3.352204422192698e+00	4560
3.753192690663565e+00	-2.904464820708849e+00	4561
3.819501806653105e+00	-2.210170234961807e+00	4562
-3.495647557911048e+00	5.077376923129731e-01	4563
3.895311736266365e+00	1.936930667052139e-01	4564
-3.248878572174560e+00	-1.753411339862467e-02	4565
-1.210566864224170e+00	5.500962743623568e+00	4566
2.183934188463417e+00	4.851133558719379e+00	4567
-3.853046879749529e+00	-9.817773163450123e-01	4568
-3.767292661748295e+00	9.320845586079752e-01	4569
-3.765913765420382e+00	-1.920633392689217e+00	4570
-2.108957018269142e+00	4.627386586024920e+00	4571
-3.679023845468327e+00	1.885522573755421e+00	4572
2.500753269858200e+00	-4.723111321265081e+00	4573
2.856320982047702e+00	-4.138308026767541e+00	4574
1.341703857757933e+00	5.360133216340002e+00	4575
8.083055841602430e-01	-5.888953587105777e+00	4576
3.658949146191189e+00	-3.474455547347306e+00	4577
4.225776321663711e+00	4.731626516164829e-01	4578
4.260650259834782e+00	-9.209890070378458e-01	4579
4.257722735637405e+00	-1.474084080596780e-01	4580
-1.630076687549241e+00	5.073682097191400e+00	4581
-3.771792058422317e+00	-2.655584514293564e+00	4582
-3.716100652857734e+00	-3.108535608876536e+00	4583
1.632834360010686e+00	-5.205576806494186e+00	4584
-3.733697689066803e+00	1.439142237861160e-03	4585
-3.342611551783931e+00	2.844858341440614e+00	4586
-2.086048660000599e+00	-4.784196068799380e+00	4587
-3.034708598462039e+00	-4.034767630350045e+00	4588
1.068624908489622e-01	5.743944689117246e+00	4589
3.510936601446523e+00	3.861170067795557e+00	4590
-1.565685481472161e+00	-5.801952890925554e+00	4591
-5.411386104466661e-01	-6.314951271507772e+00	4592
4.108527733644753e+00	1.084036130938013e+00	4593
4.102468582167954e+00	1.533114443553478e+00	4594
2.836519473409969e+00	4.322259890184348e+00	4595
4.189726321107321e+00	2.160192736050838e+00	4596
4.188996610021491e+00	2.657892631648725e+00	4597
4.161023043211915e+00	3.154010564107598e+00	4598
4.231431983530491e+00	-2.599798102709536e+00	4599
4.190199812865555e+00	-1.842152932360189e+00	4600
-1.867431353520363e+00	5.726357567996917e+00	4601
-4.105121886705924e+00	-1.476292933926665e+00	4602
-2.776086245351264e+00	4.601278239347336e+00	4603
-3.063527145085960e+00	3.863293212873141e+00	4604
-2.278275043378939e+00	5.289268529240782e+00	4605
1.959442481152568e+00	5.426538816218027e+00	4606
-3.348310519564040e+00	3.416065102302794e+00	4607
-2.147231526474784e+00	-5.432313681351679e+00	4608
-2.795017212513184e+00	-4.711458650228360e+00	4609
4.087794366726272e+00	3.740579196599104e+00	4610
4.222856395395772e+00	-3.215915475238308e+00	4611
2.219798572888642e+00	-5.245111109674174e+00	4612
3.474609320933562e+00	-4.069095252339070e+00	4613
-3.809363162126103e+00	2.466737122082928e+00	4614
-3.989154656113342e+00	4.628551608715564e-01	4615
3.149391975836251e+00	-4.717365518269868e+00	4616
-4.016307816725512e+00	1.431113045248354e+00	4617
2.913025598523719e-01	-6.566695936423065e+00	4618
-3.671935538085244e+00	-3.781191540980849e+00	4619
3.337678304378052e+00	4.331983637337363e+00	4620
-6.361665334331235e-01	6.032762790008858e+00	4621
4.432222276012042e+00	-5.320702691270769e-01	4622
4.636177243662196e+00	1.842530841869593e-01	4623
-4.273540046039623e+00	-2.284433300157074e+00	4624
-4.281424239649308e+00	-2.948439860463444e+00	4625
1.407697611985306e+00	-5.840010723932953e+00	4626
-4.071968264932815e+00	-4.620781868517817e-01	4627
8.970225823276721e-01	6.015119814536138e+00	4628
-1.370127494433905e+00	-6.692837333543867e+00	4629
4.555902424888605e+00	8.541944193792892e-01	4630
4.511639107040986e+00	1.314406714982380e+00	4631
2.705488448557965e+00	4.825027241815810e+00	4632
4.577142422798232e+00	1.786511575494687e+00	4633
4.665321251317475e+00	2.409597755911120e+00	4634
4.684610493959593e+00	2.934468406265475e+00	4635
4.673832339875467e+00	-2.195684571978370e+00	4636
4.505877749911780e+00	-1.397734794937056e+00	4637
1.885663143398995e+00	-5.840752757037728e+00	4638
-2.566299727734845e+00	5.971695702797571e+00	4639
4.767338401969118e+00	-2.842824855533104e+00	4640
-4.702731652530744e+00	-1.773797124265146e+00	4641
1.314767079790070e-01	6.522194903280814e+00	4642
-4.298233219388215e+00	9.335621376237941e-01	4643
2.858011668330030e+00	-5.289937669503995e+00	4644
3.930649617477052e+00	4.318511909398507e+00	4645
-1.350062792859964e+00	6.251460070500325e+00	4646
-3.883830299933363e+00	3.090442958757042e+00	4647
4.120691026268243e+00	-3.878931955240541e+00	4648
4.744620609114387e+00	-9.291125727502254e-01	4649
-4.255267587671076e+00	2.499225997459273e-02	4650
1.138619027956022e+00	-6.604140057119315e+00	4651
-3.527123494447064e+00	-4.516666665740402e+00	4652
-2.954137654313863e+00	-5.506799176387581e+00	4653
-4.913921073699139e-01	-7.172833142571451e+00	4654
-3.044582560097969e+00	5.319795024946173e+00	4655
1.582068726059953e+00	6.028299279703078e+00	4656
-3.468894810369334e+00	4.446362431412660e+00	4657
-3.678341676262124e+00	3.940581306685426e+00	4658
3.831582854856269e+00	-4.654056515589909e+00	4659
-4.231286247538659e+00	2.007615208857076e+00	4660
-4.396492456938373e+00	-9.585455653229651e-01	4661
4.715019104251846e+00	-1.713850486185109e-01	4662
-4.155466306449769e+00	-3.580784865308285e+00	4663
-4.850765429500121e+00	-2.610013630468184e+00	4664
-2.194773022918139e+00	-6.297639986630148e+00	4665
4.650867455184746e+00	3.531724788187958e+00	4666
2.550896033568277e+00	5.391220719696295e+00	4667
4.979575198719035e+00	1.127817464898993e+00	4668
5.004190403910771e+00	1.486734245430331e+00	4669
5.034194414797428e+00	5.727233634640401e-01	4670
5.115913964706769e+00	2.027967464069602e+00	4671
5.215765480537703e+00	2.652037629183266e+00	4672
5.058309488433952e+00	-1.697961229384851e+00	4673
3.555762470698257e+00	-5.297949686587065e+00	4674
-1.316779909191147e+00	-7.641340947438763e+00	4675
-2.047447602610684e+00	6.504131207013039e+00	4676
5.264466672717179e+00	-2.354460383278203e+00	4677
-4.535637007002406e+00	4.631048542898185e-01	4678
5.314975586928711e-01	-7.420577135806012e+00	4679
3.366649078696245e+00	5.125120149715618e+00	4680
4.577343183718926e+00	4.187284083535582e+00	4681
-3.389521942737810e+00	6.074355445102174e+00	4682
2.554333589089120e+00	-5.881668594813548e+00	4683
-4.596448182185931e+00	1.485049059743588e+00	4684
-2.118455078907769e+00	-7.197780356983576e+00	4685
2.311762728640367e+00	6.066744906086586e+00	4686
4.913607724796264e+00	-6.178673759391461e-01	4687
-5.367328172432838e+00	-2.087829051555190e+00	4688
1.646190315560804e+00	-6.531421450482728e+00	4689
4.768020792670911e+00	-3.559612600263809e+00	4690
1.068979564726370e+00	6.798718655505064e+00	4691
5.111444170910806e+00	1.037416021262946e-01	4692
-7.116992436665892e-01	6.856591702779867e+00	4693
-4.397762197377266e+00	2.655566144465586e+00	4694
4.550119055685888e+00	-4.480610343895556e+00	4695
-3.833742440765376e+00	-5.355849348522140e+00	4696
-4.357357920931641e+00	3.654992166276772e+00	4697
-3.862573207154061e+00	5.177569369573796e+00	4698
-4.158718053145890e+00	4.435899052746129e+00	4699
-4.628491984669262e+00	-4.157128294025987e-01	4700
-5.057290782363837e+00	-1.175927705290964e+00	4701
-4.150522525478626e+00	-4.251980507639971e+00	4702
-4.849411940342855e+00	-3.345913145894485e+00	4703
-3.107362584250671e+00	-6.415022855255527e+00	4704
5.498234232532863e+00	1.272841834138502e+00	4705
5.502331184026611e+00	8.998312752038394e-01	4706
5.232740264080254e+00	3.284477119181692e+00	4707
5.579291537418373e+00	1.650200035487625e+00	4708
5.729392674450215e+00	2.249815507481003e+00	4709
-4.305157466243323e+00	5.984307035819521e+00	4710
-2.142502600818084e+00	-8.189081414481272e+00	4711
-1.497101200530293e+00	7.096721445102195e+00	4712
-3.323538496254041e-01	-8.129971145130561e+00	4713
1.918893546443284e+00	6.785912526114942e+00	4714
1.882765955757415e-01	7.402635953250096e+00	4715
3.115063198200598e+00	5.919431699264469e+00	4716
-4.818403348411915e+00	-2.641884418965454e-02	4717
5.387200477383304e+00	-3.104886236427182e+00	4718
3.253335921551983e+00	-5.929828639761386e+00	4719
-5.535241949651013e+00	-2.892133044673842e+00	4720
-4.859578959043234e+00	2.126302876939008e+00	4721
5.177909271628685e+00	-4.157605473958017e-01	4722
5.245726779911311e+00	-9.989830623190712e-01	4723
-5.802062185926325e+00	-1.431898074636534e+00	4724
-4.893649127873934e+00	9.452400966101373e-01	4725
-3.134179773365914e+00	-7.466342335998323e+00	4726
4.324592536000134e+00	-5.222766989581153e+00	4727
5.687075504138769e+00	-1.861105550758497e+00	4728
5.209295444133148e+00	3.954861768371870e+00	4729
5.561415456690084e+00	3.692143133978533e-01	4730
6.042677985332539e+00	1.092809681542858e+00	4731
-4.757334028017142e+00	-4.000741029458758e+00	4732
-2.868897057541486e+00	6.778984271264985e+00	4733
2.178286672105162e+00	-6.556992054590403e+00	4734
5.285364633008765e+00	-4.168210112216433e+00	4735
4.379319054217456e+00	4.873987371863863e+00	4736
-4.995352896630009e+00	3.180509535600117e+00	4737
-4.911057081344283e+00	4.211708931302393e+00	4738
-4.677966247011872e+00	5.073337892182145e+00	4739
-5.330175181518472e+00	-5.214557715454360e-01	4740
-4.116090504448414e+00	-6.329235639503150e+00	4741
5.844601566988773e+00	2.942608555503181e+00	4742
6.240869163046445e+00	1.803318957683682e+00	4743
-5.247435301733514e+00	5.838283367584897e+00	4744
-4.303348535079169e+00	-7.484798265016623e+00	4745
-6.133895697529375e+00	-2.241978448278070e+00	4746
6.616280670483572e-01	-8.460960045879041e+00	4747
-5.562744977502168e+00	2.571891745578639e+00	4748
5.125030266507828e+00	4.709002567938718e+00	4749
-2.281055869630333e+00	7.376712700454269e+00	4750
-5.533188717367922e+00	-3.735062652581254e+00	4751
6.006575287803487e+00	-3.700576698298856e+00	4752
4.028276209620184e+00	-5.943872714418337e+00	4753
-5.532989176840384e+00	4.842443470085829e+00	4754
-1.225708309798191e+00	-8.694033587020265e+00	4755
-7.766114916374495e-01	7.791844255288745e+00	4756
-5.250949517346207e+00	1.537189663307066e+00	4757
-4.721139534604824e+00	-4.771168872519658e+00	4758
1.297965478097685e+00	7.682307058665602e+00	4759
6.760886308063374e+00	1.275624677920710e+00	4760
5.928566645848170e+00	-2.563664373346458e+00	4761
5.869229690433612e+00	3.665946065185488e+00	4762
1.875874759974385e+00	-7.315401978462924e+00	4763
-5.658611763745792e+00	3.753989208419028e+00	4764
2.807145360424383e+00	6.746570474568246e+00	4765
5.148690731068961e+00	-5.009572474761239e+00	4766
5.964583040555005e+00	-1.175006056747721e+00	4767
-5.146422015604511e+00	4.343125423536373e-01	4768
5.620309443459021e+00	-1.475493740998149e-01	4769
-3.858628904755028e+00	6.880354332123695e+00	4770
-3.198064435724163e+00	-8.597295809562908e+00	4771
3.966764429074192e+00	5.695110998930419e+00	4772
-4.725599007756299e+00	-5.625045611551767e+00	4773
2.929330663615129e+00	-6.601469906798754e+00	4774
-6.137737607593957e+00	-6.809446290053995e-01	4775
6.419851386645761e+00	2.502191829332042e+00	4776
3.702223641545978e+00	-6.646615615646250e+00	4777
1.456789017039889e+00	-7.833771347388852e+00	4778
-6.323528631544614e+00	-3.190283398550427e+00	4779
6.667081099239618e+00	-3.083965189774882e+00	4780
2.815023072795664e-01	8.398242710000634e+00	4781
-1.667630357749381e+00	8.053237036726975e+00	4782
6.556227479104797e+00	3.278245108934076e+00	4783
-6.040055785782259e+00	1.864082627960517e+00	4784
-4.886460229143066e+00	6.796856915785717e+00	4785
-5.445677365679822e+00	-1.256436773663002e-01	4786
-2.234960549837403e+00	-9.321041015437205e+00	4787
6.346962554402925e+00	-4.748374528519847e-01	4788
6.145785982074766e+00	1.750679968846784e-01	4789
-3.233823378045785e+00	7.690754860944564e+00	4790
5.994055232620317e+00	-4.626505122184936e+00	4791
5.847855861608618e+00	4.434901872631442e+00	4792
6.994555430495773e+00	2.002639277932651e+00	4793
-2.005726087909391e-01	-9.215875741264890e+00	4794
-6.225430117858215e+00	5.579989984767093e+00	4795
2.342217766719973e+00	7.636551491775376e+00	4796
-5.429740068568316e+00	-4.493093810833085e+00	4797
4.899529907266115e+00	-5.856253164528042e+00	4798
-6.345140127340875e+00	3.103664714428831e+00	4799
-5.855899584582891e+00	1.657056277504416e-02	4800
-5.084642133956501e+00	-6.650939431690794e+00	4801
6.557057534389317e+00	5.698565340625766e-01	4802
6.400231069505547e+00	-1.877171688089610e+00	4803
2.637212726080842e+00	-7.298677368452593e+00	4804
-6.397916260871209e+00	4.390979213331433e+00	4805
3.700364056130176e+00	6.562062053721267e+00	4806
5.669058211179001e+00	-7.273339125645042e-01	4807
-5.562593332908143e+00	9.414060817134331e-01	4808
-6.617273039382496e+00	-1.455043814814079e+00	4809
-4.473591148119319e+00	-8.760808324490579e+00	4810
4.864213765212720e+00	5.552577736767122e+00	4811
-5.515961208204674e+00	-5.194518713792529e+00	4812
-6.295539271469181e+00	-4.743114286440781e+00	4813
3.405362799346618e+00	-7.355605071379149e+00	4814
-4.365654682235681e+00	7.809954351090546e+00	4815
-7.221622617447501e+00	5.117650980804108e+00	4816
-7.008676588124302e+00	-2.406933164107329e+00	4817
-6.933363288709476e+00	2.301938108545357e+00	4818
8.921420506083617e-01	-9.595115306303414e+00	4819
7.204661212455056e+00	2.785864575862459e+00	4820
-2.560670360776705e+00	8.364888152843617e+00	4821
-1.180398490678132e+00	-9.886261059421521e+00	4822
1.590708918342456e+00	8.678794399156414e+00	4823
5.844151050271290e+00	-5.598437820945486e+00	4824
-7.002565421939857e+00	-6.813681302824155e-01	4825
3.370519968846302e+00	7.521356990386291e+00	4826
5.742347455518276e+00	5.321520212065560e+00	4827
4.571402231744981e+00	-6.668146007094351e+00	4828
-8.360451894441616e-01	8.854123227776585e+00	4829
-3.529886968257128e+00	-9.788661723761857e+00	4830
6.594665697763723e+00	4.098628001555337e+00	4831
6.815124781957090e+00	-4.061065828037153e+00	4832
2.276312417961217e+00	-8.169247324562560e+00	4833
7.323680355548050e+00	7.313937675550408e-01	4834
7.576215703841028e+00	1.414922300634901e+00	4835
-5.954097021047588e+00	6.625160441617480e+00	4836
-6.318120126203342e+00	-4.166564893420458e+00	4837
-7.215736698492667e+00	3.712964938426954e+00	4838
6.853191096825940e+00	3.869946214283052e-02	4839
6.720551994502108e+00	-1.156908572296468e+00	4840
7.243165253621773e+00	-2.323581666231485e+00	4841
1.641209508467750e+00	-8.885820516854237e+00	4842
4.557092247144314e+00	6.373201903513925e+00	4843
-6.339352530708471e+00	6.784306941042707e-01	4844
-5.405933966606180e+00	-7.862422758124930e+00	4845
-5.531836508606563e+00	-6.164339615162247e+00	4846
-4.106073491151217e-02	-1.044179175174891e+01	4847
-5.711844192230012e+00	-9.114148026630449e+00	4848
4.132923621890436e-01	9.524251336596203e+00	4849
-6.386054856880564e+00	-5.701555610693466e+00	4850
8.188540921263003e+00	8.007735274276692e-01	4851
2.842411769695405e+00	8.595352707886883e+00	4852
-6.816881976064736e+00	1.410220574131717e+00	4853
7.365155971345398e+00	3.658616026353381e+00	4854
-2.366151931882994e+00	-1.061041362531981e+01	4855
7.561942649838320e+00	-3.315968794981556e+00	4856
-7.540480318643725e+00	-1.523442180312089e+00	4857
7.850815534011905e+00	2.226157835782205e+00	4858
-5.542149910528748e+00	7.721562103980109e+00	4859
5.563820680451348e+00	-6.567000259721851e+00	4860
-4.853415948078363e+00	-1.005815942991320e+01	4861
-1.861468382100967e+00	9.140551380713429e+00	4862
6.575206516660133e+00	4.987727336659578e+00	4863
6.813597156671541e+00	-5.134163513231966e+00	4864
-7.091501703531020e+00	6.296815653609134e+00	4865
4.232018922352482e+00	-7.425272692844942e+00	4866
-7.935689731773841e+00	2.835448170162600e+00	4867
-8.184756362010779e+00	4.411481851965143e+00	4868
7.692389744689201e+00	-2.491728168145644e-02	4869
1.997967909199156e+00	-1.001348384997041e+01	4870
2.956773215982977e+00	-8.210012508068049e+00	4871
-6.614412228871138e+00	-1.466600516796693e-02	4872
-3.644014685207110e+00	8.726617556583042e+00	4873
5.497468960741162e+00	6.241719865778237e+00	4874
2.694491930984206e+00	-9.180229821681859e+00	4875
7.100938415192850e+00	-5.909479637439876e-01	4876
-7.225408291678429e+00	-3.515319369542599e+00	4877
7.199151759049064e+00	-1.799866250759869e+00	4878
4.330043221978872e+00	7.307989102423812e+00	4879
-6.647015267974498e+00	-8.222578675526934e+00	4880
8.491087372407073e+00	1.626633597655308e+00	4881
4.008846121762003e+00	8.403114824607947e+00	4882
6.648156919076237e+00	-6.257143366597552e+00	4883
-1.139265209336698e+00	-1.123862075807788e+01	4884
-8.257165926341521e+00	5.713059538224143e+00	4885
1.948336430766862e+00	9.802055929488793e+00	4886
-3.798043749524666e+00	-1.116304409585516e+01	4887
-2.876518526309719e+00	9.486347597191068e+00	4888
8.655506075371985e+00	-4.115630259486278e-02	4889
-7.763626077670749e+00	1.778221657519634e+00	4890
8.198408741714553e+00	-2.563990343057960e+00	4891
-7.976742084447537e+00	-6.525226512312360e-01	4892
8.096557476783907e+00	3.105629503031485e+00	4893
7.749471155553914e+00	-4.450311019258377e+00	4894
7.421308665430372e+00	4.591392172481504e+00	4895
7.926687898858422e+00	-8.616955738858647e-01	4896
-8.884252784357083e-01	1.006113654802944e+01	4897
3.200185400862020e+00	-1.031134464182800e+01	4898
-6.420478466768031e+00	-6.784972384023193e+00	4899
-4.933468228634284e+00	8.869524691312892e+00	4900
-7.266879021337131e+00	-5.135478770176872e+00	4901
5.198456068322404e+00	-7.473488680236395e+00	4902
5.226766112338185e+00	7.114390421756720e+00	4903
6.472927908982685e+00	5.983766593049707e+00	4904
-8.000102060488494e+00	-2.602847808668199e+00	4905
-6.773951694366191e+00	7.507719956012912e+00	4906
-6.213726295979694e+00	-1.043413224720250e+01	4907
-9.056126930224016e+00	3.466376013702959e+00	4908
1.118114258791106e+00	-1.086505485664170e+01	4909
3.874188221050928e+00	-8.264093198241227e+00	4910
-7.480542598158671e+00	4.275371689796417e-02	4911
7.510404835055845e+00	-1.276170400145868e+00	4912
-7.191887772428703e+00	6.189740003172775e-01	4913
5.862785437647500e-01	1.079908641377435e+01	4914
3.422798944397338e+00	9.675826318508037e+00	4915
-8.268354165959797e+00	4.573401595922273e-01	4916
1.279654766331660e-01	-1.182465885856627e+01	4917
8.944211694697143e+00	-1.030900693295835e+00	4918
-2.473996647220305e+00	-1.207423149698429e+01	4919
9.194752128528295e+00	8.614539745514895e-01	4920
8.808896568153141e+00	2.502179899516676e+00	4921
8.286982906270930e+00	4.087893354059607e+00	4922
-8.879082877522524e+00	2.221362771083368e+00	4923
5.044121236339516e+00	8.140348330556032e+00	4924
3.646958325693250e+00	-9.269577045755121e+00	4925
-8.095271552082476e+00	7.095582032257926e+00	4926
8.567017739821544e+00	-3.627749673985278e+00	4927
8.165532572798750e+00	-1.794838350660593e+00	4928
-8.589703551825803e+00	-1.598218866208529e+00	4929
-6.290459683035676e+00	8.771025235653115e+00	4930
-5.229491305120316e+00	-1.151915458118163e+01	4931
-4.103979060407180e+00	9.903302561156295e+00	4932
-7.631498552597294e+00	-7.331428594468781e+00	4933
-2.074813498920170e+00	1.037916681651918e+01	4934
-8.271176379903508e+00	-3.985969390617849e+00	4935
7.760719704425028e+00	-5.695705784102256e+00	4936
2.354996189557202e+00	-1.131506321993239e+01	4937
-7.393204286504790e+00	-6.237325363549570e+00	4938
6.329196355632970e+00	-7.364727720338831e+00	4939
6.239873727019194e+00	6.985461562219503e+00	4940
7.414003557874365e+00	5.600258168681139e+00	4941
-7.084615149191814e+00	-9.441499097918349e+00	4942
-9.371145004991609e+00	4.839729969302454e+00	4943
4.808815379596704e+00	-8.325743788042420e+00	4944
4.744720860743876e+00	9.394989468202647e+00	4945
-6.775145289553590e+00	-1.193380478921317e+01	4946
-3.230009803739514e+00	1.076046661270114e+01	4947
3.742768080939781e+00	-1.162660016002174e+01	4948
8.811523308434195e+00	-4.899475165037152e+00	4949
-9.448913065907721e+00	6.374017319137709e+00	4950
-8.628120219662778e+00	-6.541907670959267e+00	4951
9.287249212767314e+00	-2.782403121932891e+00	4952
9.546081256912647e+00	1.816018862414206e+00	4953
1.968661427949315e+00	1.125911117577926e+01	4954
2.782962459211148e+00	1.088494968580524e+01	4955
-4.048718711206027e+00	-1.272680798178028e+01	4956
-7.683444597878932e+00	-1.084645256537241e+01	4957
5.992764678998953e+00	7.923954876282431e+00	4958
-1.077263293135379e+00	-1.276551692815224e+01	4959
9.726649462375283e+00	-1.736765060000641e-01	4960
-7.995590130225209e+00	-8.546678396296537e+00	4961
-5.575228589951287e+00	1.007466699060347e+01	4962
9.101005496280361e+00	3.474344925020056e+00	4963
-9.301101153078248e-01	1.143240815232806e+01	4964
1.410098695474280e+00	-1.228602509871535e+01	4965
7.319899882094494e+00	6.708559824325151e+00	4966
8.367069819827478e+00	5.141884143416392e+00	4967
-8.667214047350210e+00	1.130342444464920e+00	4968
-7.719142253087552e+00	8.504073543742503e+00	4969
7.575890913647394e+00	-6.994807122215215e+00	4970
-1.003666069162400e+01	2.691984032138418e+00	4971
4.485411606437272e+00	-1.024683839716868e+01	4972
-9.054775710562142e+00	-4.719349937474656e-01	4973
9.144885986501164e+00	-2.106035178840643e+00	4974
-8.463712485849040e+00	-5.405895864334108e+00	4975
-9.132408612409094e+00	-2.850626805584791e+00	4976
-1.033482846431138e+01	3.896192731201937e+00	4977
5.903663028346926e+00	-8.389525369150292e+00	4978
4.244247277226844e+00	1.076257457266078e+01	4979
-5.659518378496111e+00	-1.316874442590798e+01	4980
-9.719317342213166e+00	-5.804798113075463e+00	4981
-2.559542038307181e+00	-1.373042860528472e+01	4982
1.035076499898290e+01	9.000420279451745e-01	4983
-2.306913898356200e+00	1.179118321729943e+01	4984
7.203326870015361e+00	-8.269485499835444e+00	4985
9.716988244979495e+00	-3.968965130497986e+00	4986
-1.137477912465428e+01	2.999902477245791e+00	4987
-8.418559807513143e+00	-1.238492065402413e+01	4988
-7.145133614523674e+00	9.963073721857377e+00	4989
-9.792350052520934e+00	-1.617923073436174e+00	4990
9.900721843553152e+00	2.799884026617931e+00	4991
9.334981270269797e+00	4.570889624904980e+00	4992
-9.252229993008067e+00	7.991286084355622e+00	4993
-8.487242987149397e+00	-9.959195396470097e+00	4994
-9.822440965214334e+00	1.470325717799977e+00	4995
1.004741717470518e+01	-1.330616509252076e+00	4996
5.979247163354009e-01	1.226456543697511e+01	4997
5.293208241672049e+00	-9.460353542925974e+00	4998
8.845444100971322e+00	-6.327859062204560e+00	4999
7.091700157997533e+00	7.800411819156716e+00	5000
8.377464495494912e+00	6.277787219190830e+00	5001
-1.068920012554825e+01	5.398274897233732e+00	5002
-8.951159092094782e+00	-7.742092371021703e+00	5003
-4.621014016943350e+00	1.123991778322811e+01	5004
2.803001039198429e+00	-1.276152271415212e+01	5005
-9.505593718887390e+00	-4.309197549474356e+00	5006
5.759716439771124e+00	9.092827248791865e+00	5007
3.442907728175847e-01	-1.338118483983383e+01	5008
5.269671267495251e+00	-1.155951163860573e+01	5009
6.832203375375901e+00	8.861177674620093e+00	5010
-1.046721156464192e+00	1.297693401678125e+01	5011
-7.289087975924700e+00	-1.367875828418297e+01	5012
1.781488460624558e+00	-1.387758939035691e+01	5013
-4.308648663516866e+00	-1.449814368322149e+01	5014
1.095439949569333e+01	-3.223381270814764e-01	5015
-8.805462512300265e+00	9.632053271208129e+00	5016
-3.624949601578859e+00	1.220931071948965e+01	5017
-6.302073767737600e+00	1.144525807684471e+01	5018
-1.033256345873049e+01	-4.606919378460924e-01	5019
-1.174582140963672e+01	4.390878419450271e+00	5020
9.447050766008577e+00	5.755014327854031e+00	5021
-9.535499369106796e+00	3.143720929549115e-01	5022
1.002658673897025e+01	-5.403765166922638e+00	5023
1.024283716205145e+01	3.882095919041278e+00	5024
1.075596793698915e+01	2.009562472764668e+00	5025
1.053136630638318e+01	-3.002710185335855e+00	5026
3.621048718323828e+00	1.211608162744019e+01	5027
-1.079338279543827e+01	7.142279362930621e+00	5028
-9.951467669705028e+00	-7.017372881322196e+00	5029
5.619541216850952e+00	1.044652625961795e+01	5030
8.290733190831945e+00	7.509345739784218e+00	5031
-9.345531440182276e+00	-9.180759546084300e+00	5032
-1.084041282519476e+01	-4.882521283528594e+00	5033
8.639665991028309e+00	-7.830790160239421e+00	5034
2.083607911621852e+00	1.285374328516062e+01	5035
-9.766220897274088e-01	-1.448389613202212e+01	5036
-9.209462042437581e+00	-1.142228482635571e+01	5037
-1.102775977677887e+01	1.774363217313607e+00	5038
6.641335662403251e+00	-9.505837471100602e+00	5039
4.472241388504161e+00	-1.305662204113201e+01	5040
-1.043585380083724e+01	-3.030040270835327e+00	5041
5.755500522474692e+00	-1.074255452772873e+01	5042
-9.168160714337592e+00	-1.418085994622540e+01	5043
1.052901505322455e+01	5.106981372052210e+00	5044
1.103445820803390e+01	-4.338218882081465e+00	5045
-6.068058861603398e+00	-1.503856571700337e+01	5046
-5.202993756174144e+00	1.275870638744969e+01	5047
-8.120508108435946e+00	1.131832942869884e+01	5048
-1.072534668260762e+01	5.892991681017312e-01	5049
-1.057026865757956e+01	9.009886130085551e+00	5050
1.008895398242479e+01	-7.042787718329009e+00	5051
1.114564253742206e+01	3.124003337654302e+00	5052
5.795498790477744e-01	1.392623509000349e+01	5053
7.283695924094034e+00	-1.090138515341291e+01	5054
8.180662584299712e+00	-9.332396058759256e+00	5055
8.052520591607676e+00	8.721886739898784e+00	5056
-2.620228429340397e+00	-1.560622783550184e+01	5057
9.478753868901133e+00	7.030613125467009e+00	5058
6.554886896743469e+00	1.017896783474635e+01	5059
1.137344687548145e+01	-1.717870524819774e+00	5060
-1.026136571880024e+01	-8.497926494622680e+00	5061
6.263147933884149e-01	-1.513161779683673e+01	5062
-1.217322616678200e+01	6.048708518834121e+00	5063
3.397037997451710e+00	-1.438453162802021e+01	5064
-1.113450156209703e+01	-6.265235155136634e+00	5065
-1.190663174756602e+01	-3.680419810235535e+00	5066
5.195989100345197e+00	1.195271618186501e+01	5067
-1.289604608669645e+01	3.339335966416853e+00	5068
-2.595247205992948e+00	1.338398397416051e+01	5069
6.188468176435424e+00	-1.301061170425115e+01	5070
1.167445400200810e+01	9.317747051009212e-01	5071
-1.013101210135799e+01	-1.298680032117604e+01	5072
-1.115344699082136e+01	-1.682194356574467e+00	5073
3.485183982281704e+00	1.380572098801277e+01	5074
-1.246504673496120e+01	2.029434703388501e+00	5075
1.213997811912505e+01	2.218739207645737e+00	5076
-4.551208721244709e+00	-1.650568876081060e+01	5077
-7.892458567411754e+00	-1.563840625982963e+01	5078
-1.004595590560961e+01	1.091457992691726e+01	5079
-1.231545378468189e+01	8.022410744392486e+00	5080
1.237069578493520e+01	-4.879504894390005e-01	5081
1.196989628662107e+01	-3.132517118149644e+00	5082
9.850926486479139e+00	-8.793199442982194e+00	5083
6.459779023907171e+00	1.161758479711930e+01	5084
9.392004535578673e+00	8.407180554455699e+00	5085
5.282503444445829e+00	-1.468866053681134e+01	5086
-8.204207542232189e-01	-1.642545391680880e+01	5087
-1.114490711121608e+01	-1.133532485185808e+01	5088
1.154140201746296e+01	4.331356705253508e+00	5089
-1.220795328123430e+00	1.471878890684126e+01	5090
-1.238893691782628e+01	-5.244765342205478e+00	5091
-7.125518540183127e+00	1.300451324760118e+01	5092
-4.080181759287245e+00	1.384780996852367e+01	5093
-1.071121776025498e+01	-1.005739941800959e+01	5094
-1.114161790661054e+01	-1.478854409179370e+01	5095
-1.409070153302155e+01	2.220607806297582e+00	5096
-1.171285013081714e+01	-3.727328520864612e-01	5097
1.141590205031326e+01	-5.965280904587538e+00	5098
2.071270081343691e+00	1.462510513806148e+01	5099
8.105779540254414e+00	-1.266766929383701e+01	5100
1.067951241615788e+01	6.436671259819895e+00	5101
8.980959907609286e+00	-1.083013501029247e+01	5102
7.773906216985925e+00	9.928456942909524e+00	5103
2.259246830878510e+00	-1.566376899076005e+01	5104
-1.141321435929238e+01	-7.655623923299975e+00	5105
-1.279655542624939e+01	-2.205150707206426e+00	5106
-1.335830343705828e+01	4.902509501412218e+00	5107
4.558399105938281e+00	1.348673869848018e+01	5108
-1.203454456156564e+01	7.467055662242593e-01	5109
-9.230267378104195e+00	1.286124646329398e+01	5110
-2.640921275682078e+00	-1.772859195396274e+01	5111
4.046454795822018e+00	1.542840308273929e+01	5112
1.256315276746419e+01	3.482249503378437e+00	5113
7.443547467949885e+00	1.141538449004614e+01	5114
9.941061869220573e-01	-1.709619536484911e+01	5115
4.095424407776323e+00	-1.621357144660356e+01	5116
-6.508910954698977e+00	-1.715180135599646e+01	5117
1.188935836139028e+01	5.700207592251342e+00	5118
1.073291548642615e+01	7.874192981684355e+00	5119
1.083049342205240e+01	-1.041504824171023e+01	5120
-1.254744366249103e+01	-1.014715396627506e+01	5121
-1.352009255581593e+01	8.047530064457963e-01	5122
-1.357939101443504e+01	-3.862373216862055e+00	5123
1.255988344151271e+01	-4.700407415680415e+00	5124
4.854696907344547e-01	1.579332591311456e+01	5125
1.150930008609471e+01	-7.853105517944994e+00	5126
-1.206971548138922e+01	1.016881253464653e+01	5127
6.250509156457265e+00	1.326962772256292e+01	5128
1.318920761578008e+01	9.672510136852071e-01	5129
-1.272780780180620e+01	-6.793140576061676e+00	5130
-1.459761416761158e+01	3.800349761025465e+00	5131
-2.946015636688641e+00	1.517724511282298e+01	5132
1.288904232997260e+01	-1.921227473217715e+00	5133
-1.318475871783810e+01	-1.898942765368991e-01	5134
-5.862846505248898e+00	1.448169878883930e+01	5135
-1.226665104613278e+01	-1.304079253326382e+01	5136
-1.386366783631039e+01	6.770759103347284e+00	5137
7.333504172717487e+00	-1.457122451597592e+01	5138
1.003089329661113e+01	-1.245735830632865e+01	5139
9.138783313779332e+00	9.764604771531248e+00	5140
-1.187684205036864e+01	-9.086812352267630e+00	5141
-4.604848364063827e+00	1.569641371067312e+01	5142
1.398908357713612e+01	-5.888903839971481e-01	5143
2.836864764601013e+00	-1.767002924906972e+01	5144
1.301830191585533e+01	-6.577930883819365e+00	5145
1.301797443673982e+01	4.829908885568678e+00	5146
-1.528147317622712e+01	9.180053197250706e-01	5147
6.275362383396040e+00	-1.651465025158356e+01	5148
2.355930372935139e+00	1.663118645240765e+01	5149
-1.145899013319164e+01	1.237454503001758e+01	5150
-1.404821425588381e+01	9.015960177152111e+00	5151
1.371984810997003e+01	2.454451570340185e+00	5152
1.357470214867512e+01	-3.396364934736634e+00	5153
1.208451319731714e+01	7.197118964936998e+00	5154
-1.467686778093559e+00	1.667661087663818e+01	5155
-8.058682665721570e+00	1.477804570968098e+01	5156
8.835154832439423e+00	1.114245660969656e+01	5157
-1.337031176257053e+01	-8.459105675162364e+00	5158
-5.879875404680345e-01	-1.861523444576215e+01	5159
1.206983462262222e+01	-1.207763359352060e+01	5160
-1.452501873211634e+01	-1.929270666126696e+00	5161
6.364772800110752e+00	1.559234245653706e+01	5162
1.273932537099773e+01	-9.549095771746089e+00	5163
-1.516485234353299e+01	5.499622583230871e+00	5164
-1.414360116633298e+01	-5.631225084648703e+00	5165
-1.594262223783297e+01	2.497789012241683e+00	5166
-1.480019201773043e+01	-1.806922466426856e-01	5167
9.308124087301518e+00	-1.429490335973415e+01	5168
1.064434617017102e+01	9.421368878504978e+00	5169
1.429341773630022e+01	-5.130724243725022e+00	5170
4.983741497090328e+00	-1.816432673344058e+01	5171
-1.049119488779205e+01	1.461835523636283e+01	5172
1.458346679553336e+01	-8.222834697523906e+00	5173
1.343701779791835e+01	6.359465330402050e+00	5174
-3.370954146543439e+00	1.719039587910089e+01	5175
1.459734840865915e+01	-2.117477666477075e+00	5176
-1.457664916786084e+01	-7.268894925340338e+00	5177
-6.610579504604397e+00	1.643513004653587e+01	5178
-1.460901482813743e+01	-1.010860785605819e+01	5179
-1.727148564474260e+01	1.013664063284833e+00	5180
-1.647798631228842e+01	-8.208787488852747e-01	5181
4.678361957140189e+00	1.746573674522956e+01	5182
4.673525328916895e-01	1.792114885582534e+01	5183
-1.377868675399810e+01	1.148336907476180e+01	5184
-1.549498921558815e+01	-3.930988067683390e+00	5185
-1.577953619268370e+01	7.586069801050429e+00	5186
1.140573447353612e+01	-1.408583651833190e+01	5187
1.216094346663191e+01	8.821741262726619e+00	5188
8.441821617160377e+00	1.282598419543274e+01	5189
1.417426667277816e+01	3.884064685796554e+00	5190
1.491388886707254e+01	1.044177951218941e+00	5191
8.540946214646276e+00	-1.639231036847204e+01	5192
1.421749372193192e+01	-1.129260671967283e+01	5193
-1.653454243526206e+01	4.256051299552722e+00	5194
1.036757424518027e+01	1.094671245590905e+01	5195
1.539200103773653e+01	-3.702327706947181e+00	5196
-1.376762783055057e+01	-1.219033709396909e+01	5197
-1.721561237655919e+01	6.142408500794845e+00	5198
1.469274842792129e+01	5.384461173206350e+00	5199
1.582865937838808e+01	-6.625729508498490e-01	5200
1.492054699639445e+01	-6.966020922229306e+00	5201
1.003399063221847e+01	1.252343954148684e+01	5202
1.566553027754668e+01	-9.550223467952570e+00	5203
-5.207830509130662e+00	1.777705069745286e+01	5204
1.368504617510162e+01	8.047605617367942e+00	5205
7.684279551481112e+00	1.472398081401893e+01	5206
-1.803183061766894e+01	2.897875980391909e+00	5207
-1.615460342328629e+01	-5.944315228689633e+00	5208
1.206747179338760e+01	1.056746587109391e+01	5209
1.551471981681716e+01	2.739534912467006e+00	5210
-1.865099623821819e+01	-6.717989663651989e-01	5211
1.626243038100943e+01	-5.480274661322294e+00	5212
1.599810688229178e+01	4.344697449403045e+00	5213
1.519635578372168e+01	7.093113254280253e+00	5214
8.075558136343700e+00	1.675782808172665e+01	5215
-1.659889965105417e+01	-8.075547395094185e+00	5216
1.378381251654679e+01	9.888248681116139e+00	5217
1.652604746576304e+01	-2.318720993777183e+00	5218
1.687476093542477e+01	1.163568163465761e+00	5219
-1.769730308397971e+01	-2.664258585827975e+00	5220
1.668901743071663e+01	-7.562956121931271e+00	5221
9.653815610659942e+00	1.443667868504544e+01	5222
-1.761658150091256e+01	-4.351995318491023e+00	5223
1.175990816987762e+01	1.228710321832463e+01	5224
1.791716546152205e+01	-7.210485718141976e-01	5225
1.550702406999127e+01	9.001506451335779e+00	5226
1.743789382570037e+01	-3.976272008103287e+00	5227
1.368466415482010e+01	1.186423391596305e+01	5228
1.658668657732444e+01	6.006400181836170e+00	5229
1.754971619294569e+01	3.086417818820427e+00	5230
1.141801004892240e+01	1.405396392302585e+01	5231
1.719348317351990e+01	7.912254679735627e+00	5232
NMARK= 2
MARKER_TAG= airfoil
MARKER_ELEMS= 200
3	199	0
3	0	1
3	1	2
3	2	3
3	3	4
3	4	5
3	5	6
3	6	7
3	7	8
3	8	9
3	9	10
3	10	11
3	11	12
3	12	13
3	13	14
3	14	15
3	15	16
3	16	17
3	17	18
3	18	19
3	19	20
3	20	21
3	21	22
3	22	23
3	23	24
3	24	25
3	25	26
3	26	27
3	27	28
3	28	29
3	29	30
3	30	31
3	31	32
3	32	33
3	33	34
3	34	35
3	35	36
3	36	37
3	37	38
3	38	39
3	39	40
3	40	41
3	41	42
3	42	43
3	43	44
3	44	45
3	45	46
3	46	47
3	47	48
3	48	49
3	49	50
3	50	51
3	51	52
3	52	53
3	53	54
3	54	55
3	55	56
3	56	57
3	57	58
3	58	59
3	59	60
3	60	61
3	61	62
3	62	63
3	63	64
3	64	65
3	65	66
3	66	67
3	67	68
3	68	69
3	69	70
3	70	71
3	71	72
3	72	73
3	73	74
3	74	75
3	75	76
3	76	77
3	77	78
3	78	79
3	79	80
3	80	81
3	81	82
3	82	83
3	83	84
3	84	85
3	85	86
3	86	87
3	87	88
3	88	89
3	89	90
3	90	91
3	91	92
3	92	93
3	93	94
3	94	95
3	95	96
3	96	97
3	97	98
3	98	99
3	99	100
3	100	101
3	101	102
3	102	103
3	103	104
3	104	105
3	105	106
3	106	107
3	107	108
3	108	109
3	109	110
3	110	111
3	111	112
3	112	113
3	113	114
3	114	115
3	115	116
3	116	117
3	117	118
3	118	119
3	119	120
3	120	121
3	121	122
3	122	123
3	123	124
3	124	125
3	125	126
3	126	127
3	127	128
3	128	129
3	129	130
3	130	131
3	131	132
3	132	133
3	133	134
3	134	135
3	135	136
3	136	137
3	137	138
3	138	139
3	139	140
3	140	141
3	141	142
3	142	143
3	143	144
3	144	145
3	145	146
3	146	147
3	147	148
3	148	149
3	149	150
3	150	151
3	151	152
3	152	153
3	153	154
3	154	155
3	155	156
3	156	157
3	157	158
3	158	159
3	159	160
3	160	161
3	161	162
3	162	163
3	163	164
3	164	165
3	165	166
3	166	167
3	167	168
3	168	169
3	169	170
3	170	171
3	171	172
3	172	173
3	173	174
3	174	175
3	175	176
3	176	177
3	177	178
3	178	179
3	179	180
3	180	181
3	181	182
3	182	183
3	183	184
3	184	185
3	185	186
3	186	187
3	187	188
3	188	189
3	189	190
3	190	191
3	191	192
3	192	193
3	193	194
3	194	195
3	195	196
3	196	197
3	197	198
3	198	199
MARKER_TAG= farfield
MARKER_ELEMS= 50
3	200	201
3	201	202
3	202	203
3	203	204
3	204	205
3	205	206
3	206	207
3	207	208
3	208	209
3	209	210
3	210	211
3	211	212
3	212	213
3	213	214
3	214	215
3	215	216
3	216	217
3	217	218
3	218	219
3	219	220
3	220	221
3	221	222
3	222	223
3	223	224
3	224	225
3	225	226
3	226	227
3	227	228
3	228	229
3	229	230
3	230	231
3	231	232
3	232	233
3	233	234
3	234	235
3	235	236
3	236	237
3	237	238
3	238	239
3	239	240
3	240	241
3	241	242
3	242	243
3	243	244
3	244	245
3	245	246
3	246	247
3	247	248
3	248	249
3	249	200
