"Time_Iter","Outer_Iter","Inner_Iter",    "rms[Rho]"    ,    "rms[RhoU]"   ,    "rms[RhoV]"   ,    "rms[RhoE]"   ,    "RefForce"    ,       "CD"       ,       "CL"       ,       "CSF"      ,       "CMx"      ,       "CMy"      ,       "CMz"      ,       "CFx"      ,       "CFy"      ,       "CFz"      ,      "CEff"      
          0,           0,           0,       -5.62000339,      -5.581686423,      -6.224129524,      -5.023623039,             0.448,    0.003067074387,      0.3259046562,                 0,                 0,                 0,     0.05887046723,   -0.000221925723,      0.3259190124,                 0,       106.2591301
          0,           0,           1,      -5.905369992,      -5.780633077,      -5.766752885,       -5.30711499,             0.448,    0.002357799121,      0.3267808085,                 0,                 0,                 0,      0.0587992925,  -0.0009400065022,      0.3267879625,                 0,       138.5956953
          0,           0,           2,      -5.820375399,      -5.819023566,      -5.854388811,      -5.235130375,             0.448,    0.002173234358,      0.3274486188,                 0,                 0,                 0,     0.05914856971,   -0.001131301027,      0.3274538762,                 0,       150.6734042
          0,           0,           3,      -5.808415733,      -5.865703508,      -5.810236933,      -5.222041849,             0.448,    0.002162560256,      0.3274673378,                 0,                 0,                 0,     0.05933334968,   -0.001142163488,      0.3274724866,                 0,       151.4257635
          0,           0,           4,      -5.754037008,      -5.812388531,      -5.769321176,      -5.171587872,             0.448,    0.002088572519,      0.3278636234,                 0,                 0,                 0,     0.05956469308,   -0.001220146545,      0.3278680053,                 0,        156.979765
          0,           0,           5,      -5.731019227,      -5.794398435,      -5.783568189,      -5.153113996,             0.448,    0.002016894128,      0.3283632295,                 0,                 0,                 0,     0.05973374558,   -0.001296863027,      0.3283668627,                 0,       162.8063789
          0,           0,           6,      -5.726400629,       -5.84554369,      -5.811867183,       -5.15102499,             0.448,    0.001982724927,      0.3287959545,                 0,                 0,                 0,     0.05986989112,   -0.001335397302,      0.3287992208,                 0,       165.8303429
          0,           0,           7,      -5.710838565,       -5.82193645,      -5.816060692,       -5.13586376,             0.448,    0.001964493682,      0.3292262955,                 0,                 0,                 0,     0.06001282494,   -0.001357970374,      0.3292293559,                 0,       167.5883707
          0,           0,           8,      -5.704596162,      -5.795914566,      -5.817250577,      -5.132432856,             0.448,    0.001946347819,      0.3296752017,                 0,                 0,                 0,     0.06013477616,   -0.001380645419,      0.3296780561,                 0,       169.3814428
          0,           0,           9,      -5.709539998,      -5.823036383,      -5.834165686,      -5.141969304,             0.448,    0.001926593293,      0.3301195062,                 0,                 0,                 0,     0.06022517383,   -0.001404882606,      0.3301221386,                 0,       171.3488297
          0,           0,          10,      -5.713320427,      -5.864887929,       -5.86059521,      -5.149273729,             0.448,    0.001912306063,      0.3305485985,                 0,                 0,                 0,     0.06029442162,   -0.001423499264,       0.330551065,                 0,       172.8533967
          0,           0,          11,      -5.717113772,      -5.886361511,      -5.883025999,      -5.154613413,             0.448,    0.001904382173,       0.330962411,                 0,                 0,                 0,     0.06034878105,    -0.00143559871,      0.3309647764,                 0,       173.7899124
          0,           0,          12,      -5.720102638,      -5.887680556,      -5.904084445,      -5.157436537,             0.448,    0.001898888079,      0.3313604064,                 0,                 0,                 0,     0.06038983592,   -0.001445108867,      0.3313626961,                 0,       174.5023364
          0,           0,          13,      -5.723363909,      -5.891334307,      -5.925278764,      -5.160277734,             0.448,    0.001893641374,      0.3317409367,                 0,                 0,                 0,     0.06041958164,     -0.0014541954,      0.3317431541,                 0,        175.186781
          0,           0,          14,      -5.728068549,      -5.908394758,      -5.945144393,      -5.165454497,             0.448,    0.001888641222,      0.3320999737,                 0,                 0,                 0,     0.06043909336,   -0.001462818494,      0.3321021224,                 0,        175.840689
          0,           0,          15,      -5.734211182,      -5.935459811,      -5.964746629,      -5.172772417,             0.448,    0.001884253061,      0.3324337071,                 0,                 0,                 0,     0.06044895627,   -0.001470574279,      0.3324357945,                 0,       176.4273144
          0,           0,          16,      -5.742051145,      -5.962967699,      -5.985275057,      -5.181749454,             0.448,    0.001880374695,      0.3327420433,                 0,                 0,                 0,     0.06045128467,      -0.001477564,      0.3327440759,                 0,       176.9551804
          0,           0,          17,      -5.751098942,      -5.983545544,      -6.005847017,      -5.191463695,             0.448,    0.001876552871,      0.3330280648,                 0,                 0,                 0,     0.06044915696,   -0.001484271996,      0.3330300442,                 0,       177.4679893
          0,           0,          18,      -5.760323273,      -5.996814262,      -6.025985029,      -5.200937796,             0.448,    0.001872390244,      0.3332944829,                 0,                 0,                 0,     0.06044466035,    -0.00149112295,      0.3332964067,                 0,       178.0048171
          0,           0,          19,       -5.76925948,      -6.007515586,      -6.047624019,      -5.210012929,             0.448,    0.001867797177,      0.3335423854,                 0,                 0,                 0,     0.06043849767,   -0.001498217473,      0.3335442503,                 0,       178.5752701
          0,           0,          20,      -5.777958521,      -6.020400356,      -6.072698036,      -5.219062442,             0.448,    0.001863019841,      0.3337726262,                 0,                 0,                 0,     0.06043107458,   -0.001505318025,      0.3337744311,                 0,       179.1567748
          0,           0,          21,      -5.786329319,      -6.037031927,      -6.100460535,      -5.228133675,             0.448,    0.001858434988,      0.3339865916,                 0,                 0,                 0,     0.06042308899,   -0.001512061862,      0.3339883394,                 0,       179.7138957
          0,           0,          22,      -5.794138514,      -6.055848018,      -6.127444868,      -5.236839239,             0.448,    0.001854353123,      0.3341857416,                 0,                 0,                 0,     0.06041532572,   -0.001518153226,       0.334187438,                 0,       180.2168839
          0,           0,          23,      -5.801487123,      -6.074260704,      -6.149517399,      -5.244958001,             0.448,     0.00185098784,      0.3343715195,                 0,                 0,                 0,     0.06040850085,   -0.001523393102,      0.3343731725,                 0,       180.6449033
          0,           0,          24,      -5.808805695,      -6.090983017,      -6.164867882,      -5.252698045,             0.448,    0.001848482108,      0.3345451898,                 0,                 0,                 0,     0.06040315215,   -0.001527651289,      0.3345468087,                 0,       180.9837316
          0,           0,          25,      -5.816496235,      -6.106931597,      -6.175289705,      -5.260500289,             0.448,    0.001846923387,      0.3347078536,                 0,                 0,                 0,     0.06039965195,   -0.001530851441,      0.3347094484,                 0,       181.2245467
          0,           0,          26,      -5.824805682,      -6.124214046,      -6.184683569,      -5.268835716,             0.448,     0.00184633956,      0.3348604742,                 0,                 0,                 0,     0.06039823778,   -0.001532975398,      0.3348620554,                 0,       181.3645125
          0,           0,          27,      -5.833700388,      -6.144600332,      -6.196439924,      -5.277878522,             0.448,    0.001846708481,       0.335004041,                 0,                 0,                 0,     0.06039909808,   -0.001534055291,      0.3350056186,                 0,        181.406023
          0,           0,          28,      -5.843086331,      -6.168717258,      -6.212200723,       -5.28762559,             0.448,     0.00184793761,      0.3351395254,                 0,                 0,                 0,     0.06040234261,   -0.001534193455,      0.3351411085,                 0,       181.3586798
          0,           0,          29,      -5.852905465,      -6.196105649,      -6.231747925,      -5.298007859,             0.448,    0.001849884984,      0.3352680133,                 0,                 0,                 0,     0.06040806576,   -0.001533542807,      0.3352696095,                 0,       181.2372208
          0,           0,          30,      -5.863082229,      -6.225544827,       -6.25312108,      -5.308841224,             0.448,    0.001852340932,      0.3353905197,                 0,                 0,                 0,     0.06041623759,   -0.001532323249,      0.3353921345,                 0,       181.0630613
          0,           0,          31,      -5.873614921,      -6.255525488,      -6.273999862,      -5.319981746,             0.448,    0.001855039025,      0.3355077759,                 0,                 0,                 0,     0.06042665969,   -0.001530808576,      0.3355094119,                 0,       180.8629206
          0,           0,          32,      -5.884486724,       -6.28463951,      -6.292563703,      -5.331319309,             0.448,    0.001857741103,      0.3356206146,                 0,                 0,                 0,     0.06043919503,   -0.001529245339,      0.3356222721,                 0,       180.6605958
          0,           0,          33,      -5.895657801,       -6.31195042,      -6.308121277,      -5.342777268,             0.448,    0.001860244123,      0.3357299308,                 0,                 0,                 0,     0.06045374333,   -0.001527845603,       0.335731608,                 0,       180.4762754
          0,           0,          34,      -5.907119357,      -6.337190924,      -6.321178944,      -5.354356161,             0.448,    0.001862353087,      0.3358363946,                 0,                 0,                 0,      0.0604701056,   -0.001526811119,      0.3358380877,                 0,        180.329067
          0,           0,          35,      -5.918834083,      -6.360774358,      -6.332941951,      -5.366060572,             0.448,    0.001863911959,      0.3359405416,                 0,                 0,                 0,     0.06048804836,   -0.001526303318,      0.3359422451,                 0,       180.2341253
          0,           0,          36,      -5.930768395,      -6.383547313,      -6.344732625,      -5.377919569,             0.448,    0.001864809126,      0.3360427186,                 0,                 0,                 0,     0.06050728902,   -0.001526437309,       0.336044426,                 0,       180.2022062
          0,           0,          37,      -5.942921901,      -6.406381383,      -6.357481092,      -5.389991615,             0.448,    0.001864970428,      0.3361430487,                 0,                 0,                 0,     0.06052747203,    -0.00152728849,      0.3361447526,                 0,       180.2404176
          0,           0,          38,      -5.955311038,      -6.429866405,      -6.371651536,      -5.402331575,             0.448,    0.001864391669,      0.3362416886,                 0,                 0,                 0,     0.06054829329,   -0.001528862637,      0.3362433816,                 0,       180.3492765
          0,           0,          39,      -5.967979601,      -6.454192503,      -6.387280907,      -5.415005512,             0.448,    0.001863121293,      0.3363383034,                 0,                 0,                 0,     0.06056934835,   -0.001531107929,      0.3363399787,                 0,       180.5241047
          0,           0,          40,      -5.981018678,      -6.479259665,      -6.403853418,      -5.428117527,             0.448,    0.001861251236,       0.336433114,                 0,                 0,                 0,     0.06059041243,   -0.001533934665,      0.3364347656,                 0,        180.756422
          0,           0,          41,      -5.994411339,      -6.504566489,      -6.420975741,       -5.44160232,             0.448,    0.001858883929,      0.3365262184,                 0,                 0,                 0,     0.06061123336,   -0.001537241408,      0.3365278413,                 0,       181.0367034
          0,           0,          42,      -6.008206399,      -6.529590126,      -6.438405698,      -5.455463692,             0.448,    0.001856157193,      0.3366173998,                 0,                 0,                 0,      0.0606315418,   -0.001540888156,      0.3366189906,                 0,        181.351774
          0,           0,          43,      -6.022340397,       -6.55382364,      -6.455601178,      -5.469653629,             0.448,    0.001853253142,      0.3367067474,                 0,                 0,                 0,     0.06065123874,   -0.001544693705,      0.3367083043,                 0,       181.6841638
          0,           0,          44,      -6.036858495,      -6.577005621,      -6.472096204,      -5.484196365,             0.448,    0.001850335184,      0.3367941722,                 0,                 0,                 0,     0.06067018014,   -0.001548493755,      0.3367956953,                 0,       182.0179258
          0,           0,          45,      -6.051889248,      -6.599363293,      -6.488306548,       -5.49920778,             0.448,    0.001847548014,      0.3368794356,                 0,                 0,                 0,     0.06068820814,   -0.001552141213,      0.3368809262,                 0,       182.3386635
          0,           0,          46,      -6.067238044,      -6.621335999,      -6.504112819,      -5.514482341,             0.448,    0.001845022149,      0.3369623371,                 0,                 0,                 0,     0.06070521508,   -0.001555503544,       0.336963798,                 0,       182.6332206
          0,           0,          47,      -6.082821702,      -6.643243029,      -6.519837285,      -5.529956527,             0.448,    0.001842867643,      0.3370426915,                 0,                 0,                 0,     0.06072113788,   -0.001558468831,      0.3370441265,                 0,       182.8903409
          0,           0,          48,      -6.098606187,       -6.66533555,      -6.535860938,      -5.545617378,             0.448,    0.001841181736,      0.3371204024,                 0,                 0,                 0,     0.06073599481,   -0.001560938866,      0.3371218164,                 0,       183.1000144
          0,           0,          49,      -6.114545111,      -6.687656792,      -6.552435264,      -5.561435826,             0.448,    0.001840013739,      0.3371951979,                 0,                 0,                 0,     0.06074975202,   -0.001562861598,      0.3371965964,                 0,       183.2568914
          0,           0,          50,      -6.130600679,      -6.710010108,       -6.56958531,      -5.577390785,             0.448,    0.001839394271,      0.3372669211,                 0,                 0,                 0,     0.06076244615,   -0.001564204823,      0.3372683097,                 0,       183.3576011
          0,           0,          51,      -6.146754765,      -6.731928439,      -6.587256194,      -5.593469091,             0.448,    0.001507649555,      0.3373371163,                 0,                 0,                 0,     0.06077414701,   -0.001564964016,      0.3373368552,                 0,       223.7503504
          0,           0,          52,      -4.061242972,      -4.032345135,      -3.863380256,       -3.45455441,             0.448,     0.00150797516,      0.3373825428,                 0,                 0,                 0,     0.06078046382,   -0.001565052181,      0.3373822829,                 0,        223.732162
          0,           0,          53,       -4.35872596,      -4.296583925,      -4.140970599,      -3.748160766,             0.448,    0.001506436353,      0.3370273136,                 0,                 0,                 0,     0.06068630995,   -0.001563355408,      0.3370270544,                 0,       223.7248941
          0,           0,          54,      -4.601719807,      -4.467141617,      -4.565338463,      -4.008089306,             0.448,    0.001487091131,      0.3354395517,                 0,                 0,                 0,     0.06026822517,   -0.001568238094,      0.3354391822,                 0,       225.5675828
          0,           0,          55,      -4.800944345,      -4.607043624,      -4.800800694,      -4.190280796,             0.448,    0.001453801348,      0.3330099534,                 0,                 0,                 0,     0.05968861851,   -0.001579397105,      0.3330093814,                 0,       229.0615247
          0,           0,          56,       -4.96381674,      -4.805046598,      -4.866258415,      -4.364604726,             0.448,    0.001437112509,      0.3308208284,                 0,                 0,                 0,     0.05928970206,   -0.001576146153,      0.3308201953,                 0,       230.1982804
          0,           0,          57,      -5.061210124,      -4.912561443,      -4.991936031,      -4.462959107,             0.448,    0.001425105506,      0.3295703601,                 0,                 0,                 0,      0.0592122657,   -0.001576763079,      0.3295696694,                 0,       231.2603234
          0,           0,          58,      -5.197816292,      -5.006491412,       -5.12469777,      -4.596312389,             0.448,     0.00141839714,      0.3292581348,                 0,                 0,                 0,     0.05938928641,    -0.00158062734,       0.329257396,                 0,       232.1339528
          0,           0,          59,      -5.227431257,      -5.036818378,      -5.190262517,      -4.624197413,             0.448,    0.001413694917,      0.3292307245,                 0,                 0,                 0,     0.05959872462,   -0.001585079708,       0.329229944,                 0,       232.8866861
          0,           0,          60,      -5.281217306,        -5.1006419,      -5.233966604,      -4.676161005,             0.448,    0.001399096938,      0.3289244228,                 0,                 0,                 0,     0.05970111494,   -0.001596887209,       0.328923522,                 0,       235.0976647
          0,           0,          61,      -5.403662689,      -5.230668899,      -5.324598592,      -4.804197542,             0.448,    0.001385678452,      0.3284008415,                 0,                 0,                 0,     0.05973411489,   -0.001605536228,      0.3283998402,                 0,       236.9964265
          0,           0,          62,      -5.483728242,      -5.320120489,      -5.443577379,      -4.893287646,             0.448,    0.001377688055,      0.3278856961,                 0,                 0,                 0,     0.05975973209,    -0.00160883422,      0.3278846434,                 0,       237.9970523
          0,           0,          63,      -5.508717488,      -5.358672504,      -5.507283786,      -4.916908991,             0.448,    0.001371040816,      0.3274348518,                 0,                 0,                 0,     0.05978520727,   -0.001611374782,      0.3274337573,                 0,       238.8221037
          0,           0,          64,      -5.567340157,      -5.429939937,      -5.541264151,      -4.975861322,             0.448,    0.001365248395,      0.3270248553,                 0,                 0,                 0,     0.05980391514,   -0.001613432611,       0.327023725,                 0,       239.5350593
          0,           0,          65,      -5.646871497,      -5.527212435,      -5.626636038,      -5.063113499,             0.448,    0.001362248306,      0.3266534337,                 0,                 0,                 0,     0.05981853081,   -0.001613049575,      0.3266522915,                 0,       239.7899357
          0,           0,          66,      -5.693326892,      -5.610383933,      -5.758616829,      -5.117053063,             0.448,    0.001362309938,      0.3263247687,                 0,                 0,                 0,     0.05982937934,   -0.001609994382,      0.3263236407,                 0,       239.5378317
          0,           0,          67,      -5.718763392,      -5.676353258,      -5.844715627,      -5.144505235,             0.448,    0.001364229842,      0.3260198203,                 0,                 0,                 0,     0.05982974283,   -0.001605297011,      0.3260187224,                 0,       238.9771945
          0,           0,          68,       -5.74247838,      -5.734366122,      -5.866894453,      -5.169078595,             0.448,    0.001367267845,      0.3257132697,                 0,                 0,                 0,     0.05981476941,   -0.001599466994,      0.3257122122,                 0,        238.221992
          0,           0,          69,      -5.761148626,      -5.788185535,      -5.898221211,      -5.189956165,             0.448,    0.001371813547,       0.325403722,                 0,                 0,                 0,     0.05978777486,   -0.001592102043,      0.3254027188,                 0,       237.2069607
          0,           0,          70,      -5.774688857,      -5.842855616,      -5.952935577,      -5.206848541,             0.448,    0.001378214356,      0.3251035862,                 0,                 0,                 0,     0.05975497564,   -0.001582967787,      0.3251026537,                 0,       235.8875343
          0,           0,          71,      -5.786324545,      -5.901414543,      -6.009940864,      -5.222091861,             0.448,    0.001386206533,      0.3248155036,                 0,                 0,                 0,     0.05971861824,   -0.001572352013,      0.3248146559,                 0,       234.3197034
          0,           0,          72,      -5.795744592,      -5.959322368,      -6.055180504,      -5.234552261,             0.448,    0.001395406076,      0.3245329974,                 0,                 0,                 0,     0.05967811088,   -0.001560579715,      0.3245322452,                 0,       232.5724411
          0,           0,          73,      -5.802029104,      -6.011151929,      -6.091695082,      -5.242923654,             0.448,    0.001405528368,      0.3242532445,                 0,                 0,                 0,      0.0596339327,   -0.001547909782,       0.324252596,                 0,       230.6984702
          0,           0,          74,      -5.806227843,      -6.056822225,      -6.123637994,      -5.248593121,             0.448,     0.00141619809,      0.3239793911,                 0,                 0,                 0,     0.05958807965,   -0.001534746178,      0.3239788512,                 0,       228.7670019
          0,           0,          75,      -5.809933764,      -6.097456841,        -6.1502281,      -5.253564498,             0.448,    0.001426932462,      0.3237138547,                 0,                 0,                 0,     0.05954218054,   -0.001521593679,      0.3237134236,                 0,       226.8599694
          0,           0,          76,      -5.814014348,      -6.132768632,      -6.170245648,      -5.258747252,             0.448,    0.001437362742,      0.3234555824,                 0,                 0,                 0,     0.05949688547,   -0.001508811423,       0.323455257,                 0,       225.0340662
          0,           0,          77,      -5.818725199,      -6.162791462,      -6.184694694,      -5.264316837,             0.448,    0.001447296745,      0.3232029956,                 0,                 0,                 0,     0.05945259154,   -0.001496577209,      0.3232027712,                 0,       223.3149469
          0,           0,          78,       -5.82403337,      -6.188475582,      -6.196582884,      -5.270256256,             0.448,    0.001456605827,      0.3229563938,                 0,                 0,                 0,     0.05940994585,   -0.001485022402,      0.3229562644,                 0,       221.7184552
          0,           0,          79,      -5.829878699,      -6.211476078,      -6.208832421,      -5.276604469,             0.448,     0.00146515154,      0.3227173911,                 0,                 0,                 0,     0.05936971081,   -0.001474300146,      0.3227173494,                 0,       220.2621247
          0,           0,          80,      -5.836260394,      -6.233862819,      -6.222434602,      -5.283464939,             0.448,    0.001472801428,      0.3224872836,                 0,                 0,                 0,     0.05933241607,   -0.001464554698,      0.3224873212,                 0,       218.9618216
          0,           0,          81,      -5.843149986,      -6.257075815,      -6.236847931,      -5.290849146,             0.448,    0.001479465661,      0.3222665131,                 0,                 0,                 0,     0.05929826239,   -0.001455879909,      0.3222666206,                 0,        217.826288
          0,           0,          82,      -5.850425651,      -6.281259679,      -6.251361478,       -5.29860091,             0.448,    0.001485090831,      0.3220549988,                 0,                 0,                 0,     0.05926719364,   -0.001448328447,      0.3220551662,                 0,       216.8587888
          0,           0,          83,      -5.857897755,      -6.305723787,      -6.265445866,      -5.306466341,             0.448,    0.001489667386,      0.3218526531,                 0,                 0,                 0,     0.05923907327,   -0.001441909067,      0.3218528706,                 0,       216.0567226
          0,           0,          84,      -5.865456303,      -6.329742496,      -6.278809531,       -5.31432039,             0.448,    0.001493227581,      0.3216597819,                 0,                 0,                 0,     0.05921380843,     -0.0014365923,      0.3216600398,                 0,       215.4124301
          0,           0,          85,      -5.873081992,      -6.352948222,      -6.291342922,      -5.322157691,             0.448,    0.001495803837,      0.3214764766,                 0,                 0,                 0,     0.05919115686,   -0.001432346561,      0.3214767656,                 0,       214.9188742
          0,           0,          86,      -5.880786784,      -6.375406628,      -6.303240628,      -5.329993967,             0.448,    0.001497473158,       0.321302852,                 0,                 0,                 0,     0.05917089345,   -0.001429095892,      0.3213031634,                 0,       214.5633465
          0,           0,          87,      -5.888559513,      -6.397296558,      -6.314865637,       -5.33782359,             0.448,    0.001498354825,      0.3211388336,                 0,                 0,                 0,     0.05915275838,   -0.001426720341,      0.3211391598,                 0,       214.3276267
          0,           0,          88,      -5.896264142,      -6.418644461,      -6.326569457,      -5.345511079,             0.448,    0.001498570876,       0.320984331,                 0,                 0,                 0,     0.05913646895,    -0.00142509705,      0.3209846656,                 0,       214.1936268
          0,           0,          89,      -5.904031103,       -6.43920568,      -6.338428994,      -5.353245905,             0.448,    0.001498226231,       0.320838988,                 0,                 0,                 0,     0.05912165277,   -0.001424117861,      0.3208393255,                 0,       214.1458889
          0,           0,          90,       -5.91192085,      -6.458677626,      -6.350499866,      -5.361091783,             0.448,    0.001497448199,      0.3207022823,                 0,                 0,                 0,     0.05910796967,    -0.00142365071,      0.3207026183,                 0,       214.1658606
          0,           0,          91,      -5.919998867,      -6.476811985,      -6.362998736,      -5.369098316,             0.448,    0.001496382907,      0.3205737514,                 0,                 0,                 0,     0.05909515589,   -0.001423545266,      0.3205740831,                 0,       214.2324333
          0,           0,          92,       -5.92829349,      -6.493315447,      -6.376004185,      -5.377296519,             0.448,    0.001495167113,      0.3204528807,                 0,                 0,                 0,     0.05908296176,    -0.00142366009,      0.3204532063,                 0,       214.3257954
          0,           0,          93,       -5.93682049,      -6.508037826,      -6.389457435,      -5.385711299,             0.448,    0.001493922248,      0.3203391208,                 0,                 0,                 0,     0.05907118193,   -0.001423868749,      0.3203394398,                 0,       214.4282416
          0,           0,          94,      -5.945608651,      -6.521085271,      -6.403247861,      -5.394378129,             0.448,    0.001492753697,      0.3202319096,                 0,                 0,                 0,     0.05905966885,   -0.001424060745,      0.3202322224,                 0,       214.5242784
          0,           0,          95,      -5.954688407,      -6.532842486,      -6.417274714,      -5.403332757,             0.448,    0.001491753164,      0.3201306956,                 0,                 0,                 0,     0.05904832459,   -0.001424139354,      0.3201310035,                 0,       214.6003128
          0,           0,          96,      -5.964082974,      -6.543866449,      -6.431479548,      -5.412602883,             0.448,    0.001490989077,      0.3200349732,                 0,                 0,                 0,     0.05903709576,   -0.001424031546,      0.3200352782,                 0,       214.6460884
          0,           0,          97,      -5.973807942,      -6.554742641,       -6.44582571,      -5.422207007,             0.448,     0.00149050728,      0.3199443032,                 0,                 0,                 0,     0.05902598193,   -0.001423687478,      0.3199446076,                 0,       214.6546397
          0,           0,          98,      -5.983863811,      -6.565967191,      -6.460308359,      -5.432146311,             0.448,    0.001490337786,      0.3198583057,                 0,                 0,                 0,     0.05901503165,   -0.001423073678,       0.319858612,                 0,       214.6213488
          0,           0,          99,      -5.994252981,      -6.577903818,       -6.47496264,      -5.442424366,             0.448,    0.001490487342,       0.319776682,                 0,                 0,                 0,     0.05900432329,   -0.001422180679,      0.3197769931,                 0,       214.5450505
          0,           0,         100,      -6.004967655,      -6.590807558,      -6.489791063,      -5.453032341,             0.448,    0.001490945012,      0.3196991882,                 0,                 0,                 0,     0.05899395904,   -0.001421017195,      0.3196995066,                 0,       214.4272161
          0,           0,         101,      -6.015980517,      -6.604835284,      -6.504833902,      -5.463941015,             0.448,    0.001667428341,      0.3196247644,                 0,                 0,                 0,     0.05898404762,   -0.001419609716,      0.3196259611,                 0,       191.6872566
          0,           0,         102,      -4.313545624,      -4.284863956,      -4.115787414,      -3.706901706,             0.448,    0.001668391106,      0.3195659195,                 0,                 0,                 0,     0.05897714012,   -0.001418078668,      0.3195671283,                 0,       191.5413708
          0,           0,         103,      -4.610972038,      -4.548761705,      -4.393334276,      -4.000400491,             0.448,     0.00167089236,      0.3197332526,                 0,                 0,                 0,     0.05902671331,   -0.001417193646,      0.3197344777,                 0,       191.3547876
          0,           0,         104,      -4.853260906,      -4.719340825,      -4.817795988,      -4.259671922,             0.448,    0.001683857256,      0.3205935289,                 0,                 0,                 0,     0.05925806195,   -0.001412537969,      0.3205948392,                 0,       190.3923434
          0,           0,         105,      -5.051924096,      -4.859380114,      -5.052810612,      -4.441576367,             0.448,    0.001704652596,      0.3219283928,                 0,                 0,                 0,     0.05957980906,   -0.001404635816,      0.3219298416,                 0,       188.8527865
          0,           0,         106,       -5.21335973,       -5.05763451,      -5.118212551,      -4.614776387,             0.448,    0.001715941014,      0.3231292074,                 0,                 0,                 0,     0.05979990744,   -0.001404945483,      0.3231307093,                 0,       188.3102069
          0,           0,         107,      -5.308998694,      -5.164742689,      -5.244059393,      -4.711619295,             0.448,    0.001724176447,      0.3238033973,                 0,                 0,                 0,     0.05983954865,   -0.001403221812,      0.3238049473,                 0,       187.8017752
          0,           0,         108,      -5.442472873,      -5.257926647,      -5.377096258,      -4.842393995,             0.448,    0.001729184097,      0.3239541288,                 0,                 0,                 0,     0.05973711742,   -0.001399670171,        0.32395572,                 0,       187.3450776
          0,           0,         109,      -5.472021078,      -5.287912069,      -5.442862003,      -4.870222637,             0.448,    0.001732917843,      0.3239472742,                 0,                 0,                 0,     0.05961684645,   -0.001395870397,      0.3239489018,                 0,       186.9374682
          0,           0,         110,       -5.52446385,      -5.351378182,      -5.486322915,       -4.92111156,             0.448,    0.001742128606,      0.3240972383,                 0,                 0,                 0,     0.05955653897,   -0.001388108428,      0.3240989479,                 0,       186.0351969
          0,           0,         111,       -5.64175559,      -5.480509619,      -5.576417336,      -5.044599386,             0.448,    0.001750662458,      0.3243707669,                 0,                 0,                 0,     0.05953542943,   -0.001382216734,      0.3243725462,                 0,       185.2845849
          0,           0,         112,      -5.718520711,      -5.569248125,      -5.695175093,      -5.130275443,             0.448,    0.001755950659,      0.3246417972,                 0,                 0,                 0,      0.0595186129,   -0.001379546412,       0.324643615,                 0,       184.8809336
          0,           0,         113,      -5.744403963,      -5.607474513,      -5.759174089,      -5.154688597,             0.448,    0.001760207788,      0.3248786467,                 0,                 0,                 0,     0.05950188061,   -0.001377576992,      0.3248804945,                 0,       184.5683498
          0,           0,         114,      -5.801042174,      -5.678010802,      -5.793220201,      -5.211721077,             0.448,    0.001763705843,      0.3250936035,                 0,                 0,                 0,     0.05948885275,    -0.00137615517,      0.3250954751,                 0,       184.3241632
          0,           0,         115,      -5.877142472,      -5.774947716,      -5.878345824,      -5.295247037,             0.448,    0.001765353762,      0.3252878998,                 0,                 0,                 0,     0.05947803619,   -0.001376383855,      0.3252897782,                 0,       184.2621614
          0,           0,         116,      -5.924509728,      -5.859087501,      -6.010251691,      -5.349611459,             0.448,    0.001765013837,       0.325459539,                 0,                 0,                 0,     0.05946930936,   -0.001378381468,      0.3254614061,                 0,       184.3948937
          0,           0,         117,      -5.953252681,      -5.925944512,      -6.097520289,      -5.380144145,             0.448,    0.001763400386,      0.3256190565,                 0,                 0,                 0,     0.05946649303,   -0.001381535477,      0.3256209006,                 0,        184.654069
          0,           0,         118,      -5.980392037,      -5.984054996,      -6.121424993,       -5.40767029,             0.448,    0.001760984493,      0.3257804962,                 0,                 0,                 0,     0.05947232214,   -0.001385510454,      0.3257823094,                 0,       184.9990715
          0,           0,         119,      -6.003255032,      -6.038161377,      -6.154118929,       -5.43197783,             0.448,    0.001757611784,      0.3259448219,                 0,                 0,                 0,      0.0594850442,   -0.001390470076,      0.3259465949,                 0,       185.4475629
          0,           0,         120,      -6.021577482,      -6.093897047,      -6.210447383,       -5.45292636,             0.448,    0.001753135647,      0.3261051258,                 0,                 0,                 0,     0.05950123493,   -0.001396494232,      0.3261068481,                 0,       186.0124893
          0,           0,         121,      -6.038014486,      -6.154503751,      -6.269908809,      -5.472459745,             0.448,    0.001747745676,      0.3262597984,                 0,                 0,                 0,     0.05951963613,   -0.001403377791,      0.3262614614,                 0,        186.674642
          0,           0,         122,      -6.051925708,      -6.215655705,      -6.318357749,      -5.489100581,             0.448,    0.001741700943,      0.3264124032,                 0,                 0,                 0,     0.05954060858,    -0.00141089611,      0.3264140007,                 0,       187.4101317
          0,           0,         123,      -6.062051762,      -6.271313699,      -6.358435549,      -5.501113089,             0.448,    0.001735198937,      0.3265645077,                 0,                 0,                 0,     0.05956392484,    -0.00141886685,      0.3265660353,                 0,        188.200039
          0,           0,         124,      -6.069256971,      -6.320258494,      -6.393811906,       -5.50962872,             0.448,     0.00172847761,      0.3267144084,                 0,                 0,                 0,     0.05958852625,   -0.001427035616,      0.3267158641,                 0,       189.0185945
          0,           0,         125,       -6.07516821,      -6.363008653,      -6.423055112,      -5.516682905,             0.448,    0.001721817685,      0.3268607237,                 0,                 0,                 0,     0.05961351459,   -0.001435108355,      0.3268621083,                 0,       189.8346884
          0,           0,         126,      -6.080772769,      -6.399406818,      -6.444651839,      -5.523332446,             0.448,    0.001715434105,      0.3270039564,                 0,                 0,                 0,     0.05963852539,   -0.001442874989,      0.3270052727,                 0,       190.6246095
          0,           0,         127,      -6.086365591,      -6.429936691,      -6.459707863,      -5.529801831,             0.448,     0.00170943958,      0.3271449859,                 0,                 0,                 0,     0.05966335648,   -0.001450231308,      0.3271462377,                 0,        191.375577
          0,           0,         128,      -6.092009375,      -6.455751254,      -6.471569051,      -5.536168012,             0.448,    0.001703905587,      0.3272836674,                 0,                 0,                 0,     0.05968766574,    -0.00145710444,      0.3272848593,                 0,       192.0785223
          0,           0,         129,      -6.097646512,      -6.478321198,      -6.483378092,      -5.542453478,             0.448,    0.001698903565,      0.3274190312,                 0,                 0,                 0,     0.05971101819,   -0.001463413582,      0.3274201684,                 0,       192.7237296
          0,           0,         130,      -6.103287792,      -6.499493999,      -6.496113123,      -5.548755974,             0.448,    0.001694504352,      0.3275503114,                 0,                 0,                 0,     0.05973312642,   -0.001469080505,         0.3275514,                 0,       193.3015463
          0,           0,         131,      -6.108917745,      -6.520687562,      -6.509102896,      -5.555086721,             0.448,    0.001690755158,      0.3276772751,                 0,                 0,                 0,     0.05975389643,   -0.001474055748,      0.3276783216,                 0,       193.8052789
          0,           0,         132,      -6.114446827,      -6.542224626,      -6.521476672,       -5.56131774,             0.448,    0.001687671595,       0.327799909,                 0,                 0,                 0,     0.05977333364,   -0.001478323574,      0.3278009199,                 0,       194.2320472
          0,           0,         133,      -6.119777479,      -6.563700478,      -6.532720626,       -5.56729615,             0.448,    0.001685246241,      0.3279181828,                 0,                 0,                 0,     0.05979148638,   -0.001481891113,      0.3279191648,                 0,       194.5817619
          0,           0,         134,      -6.124858672,      -6.584657424,      -6.542597071,      -5.572936981,             0.448,    0.001683457241,      0.3280319802,                 0,                 0,                 0,     0.05980842079,   -0.001484779094,      0.3280329396,                 0,       194.8561403
          0,           0,         135,      -6.129712923,      -6.604962883,      -6.551126972,      -5.578253088,             0.448,     0.00168227008,      0.3281411688,                 0,                 0,                 0,     0.05982422493,    -0.00148702075,      0.3281421116,                 0,       195.0585537
          0,           0,         136,      -6.134391595,       -6.62479391,      -6.558691324,      -5.583300464,             0.448,    0.001681634275,      0.3282456715,                 0,                 0,                 0,     0.05983900349,   -0.001488665821,      0.3282466034,                 0,       195.1944464
          0,           0,         137,      -6.138906186,      -6.644487724,       -6.56572077,      -5.588102907,             0.448,    0.001681484182,      0.3283454791,                 0,                 0,                 0,     0.05985286631,   -0.001489779857,      0.3283464049,                 0,       195.2712269
          0,           0,         138,      -6.143288831,      -6.664208567,      -6.572500639,      -5.592707074,             0.448,    0.001681746973,      0.3284406728,                 0,                 0,                 0,     0.05986593953,   -0.001490436466,      0.3284415966,                 0,       195.2973176
          0,           0,         139,      -6.147610855,      -6.683793575,      -6.579281576,      -5.597196028,             0.448,    0.001682348507,      0.3285314148,                 0,                 0,                 0,     0.05987837213,   -0.001490711354,      0.3285323403,                 0,       195.2814256
          0,           0,         140,      -6.151951331,       -6.70283548,      -6.586312501,      -5.601657153,             0.448,    0.001683212179,      0.3286179281,                 0,                 0,                 0,     0.05989030993,   -0.001490683274,      0.3286188579,                 0,       195.2326227
          0,           0,         141,      -6.156371363,        -6.7208287,      -6.593751788,      -5.606159075,             0.448,     0.00168426185,      0.3287004513,                 0,                 0,                 0,     0.05990187601,   -0.001490430667,      0.3287013873,                 0,       195.1599457
          0,           0,         142,       -6.16092785,      -6.737322181,      -6.601651964,      -5.610764337,             0.448,    0.001685421221,      0.3287792137,                 0,                 0,                 0,     0.05991316274,   -0.001490032043,      0.3287801573,                 0,       195.0724303
          0,           0,         143,       -6.16566186,      -6.752041727,      -6.609982585,      -5.615517052,             0.448,    0.001686618945,      0.3288544537,                 0,                 0,                 0,     0.05992424209,   -0.001489561049,      0.3288554053,                 0,       194.9785129
          0,           0,         144,      -6.170604572,      -6.764954085,      -6.618688068,      -5.620450981,             0.448,    0.001687792721,      0.3289264116,                 0,                 0,                 0,      0.0599351637,   -0.001489082302,      0.3289273712,                 0,       194.8855493
          0,           0,         145,      -6.175781163,      -6.776264178,      -6.627710409,      -5.625593504,             0.448,    0.001688890545,      0.3289953181,                 0,                 0,                 0,     0.05994595276,   -0.001488650034,      0.3289962851,                 0,       194.7996684
          0,           0,         146,      -6.181207424,      -6.786347804,      -6.637007164,      -5.630960693,             0.448,    0.001689870829,      0.3290613601,                 0,                 0,                 0,     0.05995660249,   -0.001488307635,      0.3290623335,                 0,       194.7257474
          0,           0,         147,      -6.186898075,      -6.795676591,      -6.646580685,      -5.636566282,             0.448,    0.001690711254,      0.3291247647,                 0,                 0,                 0,     0.05996711445,   -0.001488079615,      0.3291257432,                 0,       194.6664541
          0,           0,         148,       -6.19288974,      -6.804701975,      -6.656417691,      -5.642446502,             0.448,    0.001691398004,      0.3291856867,                 0,                 0,                 0,     0.05997745455,   -0.001487981286,       0.329186669,                 0,       194.6234333
          0,           0,         149,      -6.199191214,      -6.813771613,      -6.666518054,      -5.648607785,             0.448,    0.001691915062,      0.3292441579,                 0,                 0,                 0,     0.05998752791,   -0.001488028972,      0.3292451425,                 0,       194.5985147
          0,           0,         150,      -6.206105442,      -6.823252617,      -6.676936532,      -5.655388981,             0.448,     0.00169226347,      0.3293002585,                 0,                 0,                 0,     0.05999726362,   -0.001488222404,      0.3293012438,                 0,       194.5916014
          0,           0,         151,      -6.213398693,      -6.833359703,      -6.687870343,      -5.662504464,             0.448,    0.001597610741,      0.3293546294,                 0,                 0,                 0,     0.06000663898,   -0.001488540999,      0.3293551404,                 0,       206.1544912
          0,           0,         152,      -4.594327872,      -4.565758561,      -4.396627535,      -3.987705965,             0.448,    0.001597628989,       0.329399799,                 0,                 0,                 0,     0.06001411467,   -0.001488945993,      0.3294003082,                 0,       206.1804093
          0,           0,         153,      -4.891749382,      -4.829507844,      -4.674212112,      -4.281185593,             0.448,      0.0015968625,      0.3293265614,                 0,                 0,                 0,     0.05999195396,   -0.001489026207,      0.3293270667,                 0,       206.2335119
          0,           0,         154,      -5.133704412,      -5.000191674,      -5.098653541,       -4.54016746,             0.448,     0.00159065501,      0.3288905114,                 0,                 0,                 0,     0.05987450561,   -0.001491147598,      0.3288909777,                 0,       206.7642005
          0,           0,         155,      -5.331751047,      -5.140225075,      -5.333426026,       -4.72164232,             0.448,    0.001580281666,      0.3282053655,                 0,                 0,                 0,     0.05970933129,    -0.00149510061,      0.3282057646,                 0,       207.6878904
          0,           0,         156,      -5.491903118,      -5.338487726,      -5.398540757,      -4.893741174,             0.448,     0.00157478871,      0.3275906241,                 0,                 0,                 0,     0.05959720055,   -0.001494833143,      0.3275909987,                 0,       208.0219536
          0,           0,         157,      -5.586434168,      -5.445573499,      -5.524376537,      -4.989655751,             0.448,    0.001570733253,      0.3272516154,                 0,                 0,                 0,     0.05957912508,   -0.001495711882,      0.3272519669,                 0,       208.3432147
          0,           0,         158,       -5.71762529,      -5.538831157,       -5.65759677,      -5.118611947,             0.448,    0.001568252414,      0.3271856043,                 0,                 0,                 0,      0.0596349332,   -0.001497574083,      0.3271859355,                 0,       208.6307035
          0,           0,         159,      -5.746912216,      -5.568774954,      -5.723705415,      -5.146252647,             0.448,    0.001566382836,      0.3272019526,                 0,                 0,                 0,     0.05969988193,   -0.001499596763,      0.3272022655,                 0,       208.8901545
          0,           0,         160,       -5.79837903,      -5.632168966,      -5.767142944,      -5.196349054,             0.448,    0.001561662887,      0.3271365969,                 0,                 0,                 0,     0.05973340142,   -0.001503704116,      0.3271368684,                 0,       209.4796512
          0,           0,         161,      -5.912153013,      -5.761353927,      -5.856916647,      -5.316703055,             0.448,    0.001557303959,      0.3270060352,                 0,                 0,                 0,     0.05974616905,   -0.001506839478,      0.3270062716,                 0,       209.9821511
          0,           0,         162,      -5.986286022,      -5.850227746,      -5.975751887,      -5.399725267,             0.448,    0.001554631084,      0.3268758908,                 0,                 0,                 0,     0.05975636929,   -0.001508292772,      0.3268761079,                 0,       210.2594591
          0,           0,         163,      -6.012091282,      -5.888368107,      -6.039919344,      -5.424063511,             0.448,    0.001552442322,      0.3267629882,                 0,                 0,                 0,     0.05976624086,   -0.001509423531,      0.3267631898,                 0,       210.4831746
          0,           0,         164,      -6.066573858,      -5.958732016,      -6.073498604,      -5.478974228,             0.448,    0.001550581593,       0.326661154,                 0,                 0,                 0,     0.05977393485,   -0.001510329982,      0.3266613426,                 0,       210.6700837
          0,           0,         165,      -6.139431112,      -6.056125585,      -6.158016192,      -5.558960291,             0.448,    0.001549628507,      0.3265696767,                 0,                 0,                 0,     0.05978027785,   -0.001510425876,      0.3265698604,                 0,       210.7406228
          0,           0,         166,      -6.186581191,       -6.14156026,      -6.289983738,      -5.612659854,             0.448,    0.001549658511,       0.326489451,                 0,                 0,                 0,     0.05978538764,   -0.001509644152,      0.3264896384,                 0,       210.6847726
          0,           0,         167,      -6.216929047,       -6.20952922,      -6.378535731,       -5.64459298,             0.448,    0.001550309186,       0.326415155,                 0,                 0,                 0,     0.05978732591,   -0.001508297345,      0.3264153518,                 0,       210.5484235
          0,           0,         168,      -6.246008241,      -6.268128605,      -6.403416663,      -5.673767732,             0.448,    0.001551342328,      0.3263394846,                 0,                 0,                 0,     0.05978466275,   -0.001506555211,      0.3263396944,                 0,        210.359428
          0,           0,         169,      -6.271916302,      -6.322677719,      -6.436829681,      -5.700668841,             0.448,    0.001552848893,      0.3262617702,                 0,                 0,                 0,     0.05977827963,   -0.001504320521,      0.3262619976,                 0,       210.1052921
          0,           0,         170,      -6.294136237,      -6.379153899,      -6.494554192,       -5.72504351,             0.448,    0.001554909619,      0.3261855004,                 0,                 0,                 0,     0.05976993361,    -0.00150154523,      0.3261857504,                 0,       209.7777879
          0,           0,         171,      -6.314909135,      -6.440918137,      -6.556233295,       -5.74852812,             0.448,    0.001557430436,      0.3261116214,                 0,                 0,                 0,     0.05976031792,   -0.001498332271,      0.3261118983,                 0,       209.3908105
          0,           0,         172,      -6.333484289,      -6.503837885,       -6.60700139,      -5.769596497,             0.448,    0.001560282453,      0.3260383589,                 0,                 0,                 0,     0.05974927867,   -0.001494793904,      0.3260386657,                 0,       208.9611136
          0,           0,         173,      -6.348393624,      -6.561706704,      -6.649291485,       -5.78629729,             0.448,    0.001563370287,      0.3259648853,                 0,                 0,                 0,     0.05973694314,   -0.001491017752,      0.3259652243,                 0,       208.5013948
          0,           0,         174,       -6.36023785,      -6.612988523,      -6.687161548,      -5.799441383,             0.448,    0.001566573827,      0.3258920908,                 0,                 0,                 0,     0.05972387327,   -0.001487132261,       0.325892463,                 0,       208.0285558
          0,           0,         175,      -6.370529135,      -6.658048999,       -6.71914117,      -5.810924796,             0.448,    0.001569747817,      0.3258207493,                 0,                 0,                 0,     0.05971055882,   -0.001483289934,      0.3258211543,                 0,       207.5624796
          0,           0,         176,      -6.380233099,      -6.696579693,       -6.74329111,      -5.821773355,             0.448,    0.001572781864,       0.325750623,                 0,                 0,                 0,     0.05969720492,    -0.00147959893,      0.3257510595,                 0,       207.1174842
          0,           0,         177,      -6.389689887,      -6.728988356,      -6.760426753,      -5.832241063,             0.448,    0.001575618961,      0.3256812658,                 0,                 0,                 0,     0.05968392748,   -0.001476112075,       0.325681732,                 0,       206.7005246
          0,           0,         178,      -6.398912476,      -6.756466511,      -6.773942628,      -5.842333015,             0.448,    0.001578223797,      0.3256127781,                 0,                 0,                 0,      0.0596709174,   -0.001472865619,      0.3256132717,                 0,       206.3159729
          0,           0,         179,      -6.407861414,      -6.780548103,      -6.787318856,      -5.852086719,             0.448,    0.001580559463,      0.3255456613,                 0,                 0,                 0,       0.059658403,   -0.001469901165,      0.3255461797,                 0,       205.9686263
          0,           0,         180,       -6.41656783,      -6.803148918,      -6.801788542,      -5.861622027,             0.448,    0.001582591202,      0.3254803297,                 0,                 0,                 0,     0.05964654522,   -0.001467257352,        0.32548087,                 0,       205.6629212
          0,           0,         181,      -6.425041935,       -6.82576074,       -6.81671272,      -5.870974547,             0.448,    0.001584297186,       0.325416949,                 0,                 0,                 0,     0.05963541141,    -0.00146495756,      0.3254175081,                 0,       205.4014562
          0,           0,         182,      -6.433204425,      -6.848747076,      -6.831136041,       -5.88001371,             0.448,     0.00158567002,      0.3253555582,                 0,                 0,                 0,     0.05962500962,   -0.001463009549,      0.3253561328,                 0,       205.1849086
          0,           0,         183,      -6.440960936,      -6.871696999,      -6.844453938,      -5.888573897,             0.448,    0.001586711978,      0.3252961873,                 0,                 0,                 0,     0.05961531693,   -0.001461411326,      0.3252967743,                 0,       205.0127507
          0,           0,         184,      -6.448268192,      -6.894115399,      -6.856362849,      -5.896564469,             0.448,    0.001587436688,      0.3252389206,                 0,                 0,                 0,     0.05960630643,   -0.001460150054,      0.3252395169,                 0,       204.8830816
          0,           0,         185,       -6.45513728,      -6.915822918,      -6.866845469,      -5.903977613,             0.448,    0.001587867317,      0.3251838678,                 0,                 0,                 0,     0.05959794617,   -0.001459203595,      0.3251844706,                 0,       204.7928466
          0,           0,         186,      -6.461617557,      -6.936979133,      -6.876198977,      -5.910863721,             0.448,    0.001588032813,      0.3251311069,                 0,                 0,                 0,     0.05959018925,   -0.001458543732,      0.3251317136,                 0,       204.7382801
          0,           0,         187,      -6.467784958,      -6.957867738,      -6.884907993,       -5.91731346,             0.448,    0.001587965583,       0.325080665,                 0,                 0,                 0,     0.05958297245,   -0.001458138313,      0.3250812732,                 0,        204.715183
          0,           0,         188,      -6.473741537,      -6.978632653,      -6.893457441,      -5.923450748,             0.448,     0.00158770144,      0.3250325173,                 0,                 0,                 0,     0.05957622008,   -0.001457951297,      0.3250331252,                 0,       204.7189157
          0,           0,         189,      -6.479596943,      -6.999148936,      -6.902193931,      -5.929406763,             0.448,    0.001587279204,      0.3249866045,                 0,                 0,                 0,     0.05956985479,   -0.001457943308,      0.3249872105,                 0,        204.744448
          0,           0,         190,      -6.485456361,       -7.01905099,      -6.911342247,      -5.935303635,             0.448,    0.001586739231,      0.3249428401,                 0,                 0,                 0,     0.05956380046,    -0.00145807318,      0.3249434429,                 0,       204.7865419
          0,           0,         191,      -6.491411886,      -7.037857944,      -6.920996773,      -5.941248318,             0.448,    0.001586122866,      0.3249011138,                 0,                 0,                 0,      0.0595579892,    -0.00145829854,      0.3249017127,                 0,       204.8398147
          0,           0,         192,      -6.497537302,      -7.055116405,      -6.931160534,      -5.947325333,             0.448,    0.001585470289,      0.3248613151,                 0,                 0,                 0,     0.05955236813,    -0.00145857817,      0.3248619096,                 0,       204.8990242
          0,           0,         193,      -6.503895568,      -7.070542974,      -6.941777697,      -5.953606646,             0.448,    0.001584818505,      0.3248233348,                 0,                 0,                 0,     0.05954689663,   -0.001458874047,      0.3248239249,                 0,       204.9593274
          0,           0,         194,         -6.510531,      -7.084117392,      -6.952757158,      -5.960143539,             0.448,     0.00158420031,      0.3247870483,                 0,                 0,                 0,     0.05954154398,   -0.001459152207,      0.3247876342,                 0,       205.0164024
          0,           0,         195,      -6.517475636,      -7.096081336,      -6.964019293,      -5.966972668,             0.448,    0.001583642731,      0.3247523423,                 0,                 0,                 0,     0.05953629349,   -0.001459384564,      0.3247529245,                 0,       205.0666706
          0,           0,         196,      -6.524750331,      -7.106864417,      -6.975507761,      -5.974117164,             0.448,    0.001583166716,      0.3247191207,                 0,                 0,                 0,     0.05953114355,   -0.001459549268,      0.3247196998,                 0,       205.1073443
          0,           0,         197,      -6.532368652,      -7.116981633,      -6.987194925,      -5.981592067,             0.448,    0.001582785848,      0.3246872868,                 0,                 0,                 0,         0.0595261,   -0.001459631834,      0.3246878638,                 0,        205.136587
          0,           0,         198,      -6.540336022,      -7.126925349,      -6.999088165,      -5.989402956,             0.448,     0.00158250778,      0.3246567747,                 0,                 0,                 0,     0.05952118468,   -0.001459623988,      0.3246573504,                 0,       205.1533514
          0,           0,         199,      -6.548646005,      -7.137119782,        -7.0111939,      -5.997542773,             0.448,    0.001582332779,      0.3246275295,                 0,                 0,                 0,     0.05951642386,   -0.001459524952,      0.3246281049,                 0,       205.1575584
          0,           0,         200,      -6.557287261,      -7.147882633,      -7.023526937,      -6.005998862,             0.448,    0.001582255721,      0.3245995066,                 0,                 0,                 0,     0.05951184639,   -0.001459339429,      0.3246000825,                 0,       205.1498391
          0,           0,         201,      -6.566244709,      -7.159418266,      -7.036111198,      -6.014755348,             0.448,    0.001621935299,      0.3245724779,                 0,                 0,                 0,     0.05950748213,    -0.00145907642,      0.3245732509,                 0,        200.114319
          0,           0,         202,      -4.966566306,      -4.938069352,        -4.7688917,       -4.35995806,             0.448,    0.001622039531,      0.3245499522,                 0,                 0,                 0,      0.0595040468,   -0.001458758372,      0.3245507271,                 0,       200.0875725
          0,           0,         203,      -5.264027674,      -5.201680813,      -5.046473569,      -4.653445921,             0.448,    0.001622478999,      0.3245777374,                 0,                 0,                 0,     0.05951317932,   -0.001458582669,      0.3245785153,                 0,       200.0505014
          0,           0,         204,      -5.505878488,      -5.372401934,      -5.470951633,      -4.912325001,             0.448,    0.001625251977,      0.3247598151,                 0,                 0,                 0,     0.05956283677,   -0.001457538152,      0.3247606111,                 0,       199.8212091
          0,           0,         205,      -5.703945362,      -5.512481175,      -5.705596324,      -5.093850023,             0.448,     0.00162979159,      0.3250479905,                 0,                 0,                 0,     0.05963280213,    -0.00145573419,      0.3250488166,                 0,       199.4414454
          0,           0,         206,      -5.863965806,      -5.710792914,      -5.770662578,      -5.265860368,             0.448,    0.001632243047,      0.3253064233,                 0,                 0,                 0,     0.05968025265,   -0.001455735964,       0.325307261,                 0,       199.3002353
          0,           0,         207,      -5.958361416,      -5.817761182,      -5.896565967,      -5.361645583,             0.448,    0.001634053733,      0.3254477106,                 0,                 0,                 0,     0.05968774531,   -0.001455266501,      0.3254485592,                 0,       199.1658561
          0,           0,         208,      -6.089461708,      -5.910828773,      -6.029934765,      -5.490507586,             0.448,    0.001635182687,      0.3254733526,                 0,                 0,                 0,     0.05966393354,      -0.001454381,      0.3254742107,                 0,       199.0440305
          0,           0,         209,      -6.118906403,      -5.940666478,      -6.096207797,      -5.518276807,             0.448,    0.001636043657,      0.3254642224,                 0,                 0,                 0,     0.05963626004,   -0.001453433402,      0.3254650891,                 0,       198.9337027
          0,           0,         210,      -6.170463657,      -6.003928862,       -6.13965094,      -5.568458852,             0.448,    0.001638108598,      0.3254898499,                 0,                 0,                 0,     0.05962190978,   -0.001451611818,      0.3254907351,                 0,       198.6985786
          0,           0,         211,       -6.28435885,      -6.132788317,      -6.229356085,      -5.688914346,             0.448,    0.001640021604,      0.3255433483,                 0,                 0,                 0,     0.05961638507,   -0.001450206721,      0.3255442492,                 0,       198.4994268
          0,           0,         212,      -6.358774975,      -6.221301369,      -6.348262798,      -5.772159076,             0.448,     0.00164121485,      0.3255969254,                 0,                 0,                 0,     0.05961197188,   -0.001449522098,      0.3255978352,                 0,       198.3877524
          0,           0,         213,       -6.38479359,      -6.259184889,      -6.412514857,      -5.796658993,             0.448,    0.001642190299,      0.3256433759,                 0,                 0,                 0,     0.05960768689,   -0.001448987616,      0.3256442929,                 0,       198.2981974
          0,           0,         214,      -6.439415071,       -6.32917505,      -6.446052806,      -5.851700004,             0.448,    0.001643014678,      0.3256852427,                 0,                 0,                 0,     0.05960430885,   -0.001448560686,      0.3256861657,                 0,       198.2241833
          0,           0,         215,      -6.512676536,      -6.426419798,      -6.530616706,      -5.932191378,             0.448,    0.001643442622,      0.3257228021,                 0,                 0,                 0,     0.05960148882,   -0.001448489285,      0.3257237274,                 0,       198.1954208
          0,           0,         216,      -6.560362308,      -6.512310846,      -6.662952488,      -5.986638455,             0.448,    0.001643444539,      0.3257557086,                 0,                 0,                 0,     0.05959918753,   -0.001448799728,      0.3257566325,                 0,       198.2152126
          0,           0,         217,      -6.590986346,       -6.58077222,      -6.752047756,      -6.018981023,             0.448,    0.001643172755,      0.3257861873,                 0,                 0,                 0,      0.0595982217,   -0.001449360811,      0.3257871071,                 0,       198.2665464
          0,           0,         218,      -6.620117062,      -6.639451537,      -6.777230204,      -6.048228153,             0.448,    0.001642729881,        0.32581731,                 0,                 0,                 0,     0.05959919338,   -0.001450099092,      0.3258182243,                 0,       198.3389441
          0,           0,         219,      -6.645826891,      -6.693977594,      -6.810908601,      -6.074904248,             0.448,    0.001642084923,      0.3258494071,                 0,                 0,                 0,     0.05960175238,   -0.001451048696,      0.3258503138,                 0,       198.4363918
          0,           0,         220,      -6.667862873,      -6.750711996,      -6.869076848,      -6.099082239,             0.448,    0.001641201198,       0.325880977,                 0,                 0,                 0,     0.05960514473,   -0.001452232052,      0.3258818739,                 0,       198.5624782
          0,           0,         221,       -6.68851387,      -6.813216085,      -6.931420006,      -6.122451797,             0.448,    0.001640116181,      0.3259115895,                 0,                 0,                 0,     0.05960906695,   -0.001453607604,      0.3259124747,                 0,       198.7125018
          0,           0,         222,      -6.707033753,      -6.877491883,       -6.98296609,      -6.143454136,             0.448,    0.001638886138,      0.3259419935,                 0,                 0,                 0,     0.05961358887,   -0.001455126194,      0.3259428657,                 0,       198.8801942
          0,           0,         223,      -6.721962213,      -6.937129373,      -7.026061708,      -6.160110605,             0.448,      0.0016375538,      0.3259725493,                 0,                 0,                 0,     0.05961866429,   -0.001456748517,      0.3259734074,                 0,       199.0606655
          0,           0,         224,      -6.733912613,      -6.990069048,      -7.064733168,      -6.173236389,             0.448,    0.001636171056,      0.3260028755,                 0,                 0,                 0,     0.05962405695,   -0.001458419064,      0.3260037192,                 0,       199.2474284
          0,           0,         225,      -6.744420732,       -7.03631256,       -7.09743695,      -6.184768342,             0.448,    0.001634799742,      0.3260326358,                 0,                 0,                 0,     0.05962955911,   -0.001460072809,      0.3260334651,                 0,       199.4327668
          0,           0,         226,      -6.754472711,      -7.075528843,      -7.122189714,      -6.195778928,             0.448,    0.001633487098,      0.3260619236,                 0,                 0,                 0,     0.05963508381,   -0.001461663403,      0.3260627391,                 0,       199.6109574
          0,           0,         227,      -6.764415553,      -7.108299522,      -7.139811879,      -6.206549685,             0.448,    0.001632257899,      0.3260909243,                 0,                 0,                 0,     0.05964058303,    -0.00146316783,      0.3260917268,                 0,        199.779045
          0,           0,         228,      -6.774249179,      -7.135936742,      -7.153740979,      -6.217083716,             0.448,    0.001631127404,      0.3261195881,                 0,                 0,                 0,     0.05964597591,   -0.001464570361,      0.3261203787,                 0,       199.9350801
          0,           0,         229,       -6.78390703,      -7.159949474,      -7.167521919,      -6.227395892,             0.448,    0.001630111431,      0.3261476948,                 0,                 0,                 0,     0.05965116518,   -0.001465853084,      0.3261484744,                 0,       200.0769325
          0,           0,         230,      -6.793389288,      -7.182201035,      -7.182410435,      -6.237579232,             0.448,    0.001629224668,      0.3261750613,                 0,                 0,                 0,     0.05965608211,   -0.001466999578,      0.3261758312,                 0,       200.2026288
          0,           0,         231,      -6.802674202,      -7.204198926,       -7.19771871,      -6.247644196,             0.448,    0.001628476889,      0.3262016144,                 0,                 0,                 0,     0.05966069993,   -0.001467999374,      0.3262023761,                 0,       200.3108651
          0,           0,         232,      -6.811655767,      -7.226377115,      -7.212414654,      -6.257440242,             0.448,    0.001627871742,      0.3262273443,                 0,                 0,                 0,     0.05966502038,   -0.001468848729,      0.3262280991,                 0,       200.4011347
          0,           0,         233,      -6.820205421,      -7.248407634,       -7.22584671,      -6.266768682,             0.448,     0.00162740806,      0.3262522386,                 0,                 0,                 0,     0.05966905507,   -0.001469548695,      0.3262529878,                 0,       200.4735301
          0,           0,         234,      -6.828242139,      -7.269876137,      -7.237694673,       -6.27549927,             0.448,    0.001627080105,      0.3262762607,                 0,                 0,                 0,     0.05967281612,   -0.001470104659,      0.3262770057,                 0,       200.5287015
          0,           0,         235,      -6.835740508,      -7.290670188,      -7.247930007,      -6.283584671,             0.448,    0.001626878298,      0.3262993648,                 0,                 0,                 0,      0.0596763176,   -0.001470525768,      0.3263001069,                 0,       200.5677776
          0,           0,         236,      -6.842719882,      -7.311016201,      -7.256851449,      -6.291040454,             0.448,    0.001626790672,      0.3263215181,                 0,                 0,                 0,     0.05967957957,   -0.001470823677,      0.3263222584,                 0,        200.592199
          0,           0,         237,       -6.84923513,      -7.331259764,      -7.264973284,      -6.297930005,             0.448,    0.001626803575,      0.3263427102,                 0,                 0,                 0,     0.05968262855,   -0.001471011936,      0.3263434497,                 0,       200.6036348
          0,           0,         238,      -6.855372208,      -7.351600643,      -7.272803821,       -6.30435568,             0.448,    0.001626901877,      0.3263629522,                 0,                 0,                 0,     0.05968549556,   -0.001471105782,      0.3263636917,                 0,       200.6039559
          0,           0,         239,      -6.861220914,       -7.37194363,      -7.280721928,      -6.310423861,             0.448,     0.00162706971,      0.3263822752,                 0,                 0,                 0,     0.05968821474,   -0.001471121375,      0.3263830154,                 0,       200.5951394
          0,           0,         240,      -6.866883478,       -7.39191681,      -7.288957902,      -6.316251387,             0.448,    0.001627290256,      0.3264007218,                 0,                 0,                 0,     0.05969081858,    -0.00147107594,      0.3264014632,                 0,       200.5792885
          0,           0,         241,       -6.87246388,      -7.410992919,      -7.297615882,      -6.321953043,             0.448,    0.001627546369,      0.3264183376,                 0,                 0,                 0,     0.05969333503,   -0.001470987053,      0.3264190807,                 0,       200.5585487
          0,           0,         242,      -6.878047148,      -7.428648218,      -7.306719005,      -6.327620821,             0.448,    0.001627821258,      0.3264351711,                 0,                 0,                 0,     0.05969578667,   -0.001470871965,      0.3264359161,                 0,       200.5350216
          0,           0,         243,      -6.883702462,      -7.444515526,      -7.316223796,      -6.333329762,             0.448,    0.001628099428,      0.3264512725,                 0,                 0,                 0,     0.05969819049,   -0.001470746647,      0.3264520194,                 0,       200.5106488
          0,           0,         244,      -6.889483697,      -7.458489825,      -7.326050601,      -6.339137694,             0.448,    0.001628367146,      0.3264666915,                 0,                 0,                 0,     0.05970055768,   -0.001470625303,      0.3264674402,                 0,        200.487152
          0,           0,         245,      -6.895435228,      -7.470744757,      -7.336119903,      -6.345091331,             0.448,    0.001628612992,      0.3264814751,                 0,                 0,                 0,     0.05970289341,   -0.001470519797,      0.3264822254,                 0,        200.465965
          0,           0,         246,      -6.901592654,      -7.481669203,      -7.346377559,      -6.351227005,             0.448,    0.001628828231,      0.3264956659,                 0,                 0,                 0,     0.05970519757,   -0.001470439272,      0.3264964176,                 0,        200.448187
          0,           0,         247,      -6.907981031,      -7.491750934,      -7.356808066,      -6.357568748,             0.448,    0.001629006864,       0.326509302,                 0,                 0,                 0,     0.05970746577,   -0.001470390085,      0.3265100549,                 0,       200.4345772
          0,           0,         248,      -6.914616226,      -7.501484267,      -7.367418939,      -6.364130786,             0.448,    0.001629145682,      0.3265224142,                 0,                 0,                 0,     0.05970968966,   -0.001470375738,      0.3265231678,                 0,       200.4255469
          0,           0,         249,      -6.921505759,      -7.511302801,      -7.378227925,      -6.370918737,             0.448,    0.001629244049,      0.3265350266,                 0,                 0,                 0,      0.0597118579,   -0.001470397096,      0.3265357805,                 0,       200.4211872
          0,           0,         250,      -6.928651722,      -7.521546471,      -7.389257616,      -6.377933218,             0.448,    0.001629303647,      0.3265471579,                 0,                 0,                 0,     0.05971395766,   -0.001470452655,      0.3265479119,                 0,       200.4213018
          0,           0,         251,      -6.936053519,      -7.532445963,      -7.400529873,      -6.385173338,             0.448,    0.001613735309,      0.3265588984,                 0,                 0,                 0,     0.05971597539,   -0.001470538995,      0.3265595746,                 0,       202.3621201
          0,           0,         252,      -5.374696188,       -5.34626132,      -5.177056236,      -4.768100834,             0.448,    0.001613719129,      0.3265688486,                 0,                 0,                 0,     0.05971761907,    -0.00147064915,      0.3265695242,                 0,       202.3703151
          0,           0,         253,      -5.672131979,      -5.609798506,      -5.454647966,       -5.06155989,             0.448,    0.001613570581,      0.3265591408,                 0,                 0,                 0,     0.05971434901,   -0.001470706006,      0.3265598155,                 0,       202.3829293
          0,           0,         254,      -5.913759301,      -5.780563834,      -5.879121312,      -5.320245677,             0.448,    0.001612511235,      0.3264891461,                 0,                 0,                 0,     0.05969524208,   -0.001471104237,      0.3264898139,                 0,       202.4724784
          0,           0,         255,      -6.111398788,      -5.920631139,      -6.113614771,      -5.501471202,             0.448,    0.001610759799,      0.3263776555,                 0,                 0,                 0,     0.05966818291,   -0.001471802615,      0.3263783117,                 0,       202.6234177
          0,           0,         256,      -6.270573133,      -6.118953804,      -6.178548842,      -5.672765737,             0.448,    0.001609822479,      0.3262778158,                 0,                 0,                 0,     0.05964992098,   -0.001471796952,      0.3262784677,                 0,       202.6793761
          0,           0,         257,      -6.364181908,      -6.225914239,      -6.304427379,       -5.76789838,             0.448,    0.001609132156,      0.3262237822,                 0,                 0,                 0,     0.05964725692,   -0.001471976921,      0.3262244299,                 0,       202.7327469
          0,           0,         258,        -6.4936257,       -6.31900474,      -6.437854666,      -5.895443552,             0.448,    0.001608704459,      0.3262148608,                 0,                 0,                 0,     0.05965679167,   -0.001472320341,      0.3262155049,                 0,       202.7811007
          0,           0,         259,       -6.52276756,      -6.348835872,       -6.50427827,       -5.92299194,             0.448,    0.001608379995,      0.3262195197,                 0,                 0,                 0,       0.059667825,    -0.00147268879,      0.3262201605,                 0,       202.8249049
          0,           0,         260,        -6.5734537,      -6.412062622,      -6.547696239,      -5.972479003,             0.448,    0.001607587885,      0.3262106581,                 0,                 0,                 0,     0.05967366014,   -0.001473397172,      0.3262112918,                 0,        202.919331
          0,           0,         261,      -6.684374671,      -6.540911254,       -6.63717464,      -6.090316992,             0.448,    0.001606854788,      0.3261908812,                 0,                 0,                 0,     0.05967603345,   -0.001473943452,      0.3261915089,                 0,       202.9996012
          0,           0,         262,      -6.756291099,       -6.62948702,      -6.755939074,      -6.171124537,             0.448,    0.001606402902,      0.3261710078,                 0,                 0,                 0,     0.05967795073,   -0.001474207622,       0.326171632,                 0,       203.0443342
          0,           0,         263,      -6.781776225,      -6.667369574,      -6.820116579,       -6.19520271,             0.448,    0.001606033993,      0.3261538745,                 0,                 0,                 0,       0.059679801,   -0.001474414699,       0.326154496,                 0,       203.0803059
          0,           0,         264,      -6.834151169,      -6.737283989,      -6.853393196,      -6.248190528,             0.448,    0.001605721137,      0.3261385193,                 0,                 0,                 0,     0.05968128442,   -0.001474582519,      0.3261391386,                 0,       203.1103109
          0,           0,         265,      -6.903633961,      -6.834633084,      -6.937498405,      -6.324842507,             0.448,    0.001605560715,      0.3261248293,                 0,                 0,                 0,     0.05968253925,   -0.001474613637,      0.3261254476,                 0,       203.1220783
          0,           0,         266,      -6.949400313,      -6.920950579,      -7.069205927,      -6.377072825,             0.448,    0.001605565252,      0.3261129323,                 0,                 0,                 0,     0.05968358905,   -0.001474496738,      0.3261135512,                 0,       203.1140945
          0,           0,         267,      -6.979590558,      -6.989693061,      -7.158027071,       -6.40889552,             0.448,    0.001605674986,      0.3261019708,                 0,                 0,                 0,     0.05968411648,   -0.001474283482,      0.3261025913,                 0,       203.0933866
          0,           0,         268,      -7.008417651,      -7.048274225,      -7.183467803,      -6.437786716,             0.448,     0.00160584913,      0.3260907501,                 0,                 0,                 0,     0.05968388458,   -0.001474003372,      0.3260913727,                 0,       203.0643751
          0,           0,         269,      -7.034459566,      -7.102807167,      -7.217309534,      -6.464602645,             0.448,    0.001606099414,       0.326079114,                 0,                 0,                 0,     0.05968302253,   -0.001473643202,      0.3260797395,                 0,        203.025486
          0,           0,         270,      -7.057529119,      -7.159842807,      -7.275588056,       -6.48950015,             0.448,    0.001606440843,      0.3260676339,                 0,                 0,                 0,     0.05968182031,   -0.001473193363,      0.3260682631,                 0,       202.9751891
          0,           0,         271,      -7.079554156,      -7.222720443,      -7.338297673,      -6.513886057,             0.448,     0.00160685941,      0.3260564874,                 0,                 0,                 0,     0.05968039877,   -0.001472669541,      0.3260571211,                 0,       202.9153797
          0,           0,         272,      -7.099790654,      -7.287394693,      -7.390445407,      -6.536279485,             0.448,    0.001607333256,      0.3260453907,                 0,                 0,                 0,     0.05967873274,   -0.001472090913,      0.3260460293,                 0,        202.848656
          0,           0,         273,      -7.116850002,      -7.347464007,       -7.43421262,      -6.554820205,             0.448,    0.001607845909,      0.3260341972,                 0,                 0,                 0,     0.05967683859,   -0.001471472566,      0.3260348412,                 0,        202.777017
          0,           0,         274,      -7.131217441,      -7.400835528,      -7.473711633,      -6.570176945,             0.448,    0.001608377566,      0.3260230486,                 0,                 0,                 0,      0.0596748069,   -0.001470835638,      0.3260236981,                 0,       202.7030564
          0,           0,         275,      -7.144265221,       -7.44754154,      -7.507470944,       -6.58409695,             0.448,    0.001608904587,      0.3260120787,                 0,                 0,                 0,     0.05967272068,   -0.001470205035,      0.3260127337,                 0,       202.6298397
          0,           0,         276,      -7.156878887,      -7.487255765,      -7.533426177,      -6.597550836,             0.448,    0.001609408242,      0.3260012542,                 0,                 0,                 0,     0.05967061498,    -0.00146959917,      0.3260019144,                 0,       202.5597021
          0,           0,         277,      -7.169359789,      -7.520519535,      -7.552258239,      -6.610775691,             0.448,    0.001609878655,      0.3259905017,                 0,                 0,                 0,     0.05966850885,   -0.001469027226,      0.3259911669,                 0,       202.4938344
          0,           0,         278,      -7.181688745,      -7.548623666,       -7.56731379,      -6.623751283,             0.448,    0.001610309994,      0.3259798385,                 0,                 0,                 0,     0.05966643414,   -0.001468495196,      0.3259805082,                 0,       202.4329723
          0,           0,         279,      -7.193781979,      -7.573051638,      -7.582167386,      -6.636471216,             0.448,    0.001610696279,      0.3259693502,                 0,                 0,                 0,     0.05966442947,   -0.001468009872,       0.325970024,                 0,       202.3779123
          0,           0,         280,      -7.205622941,      -7.595639407,      -7.598150873,      -6.649009998,             0.448,    0.001611031862,      0.3259591101,                 0,                 0,                 0,     0.05966252276,   -0.001467577591,      0.3259597876,                 0,       202.3294001
          0,           0,         281,       -7.21717793,      -7.617900538,      -7.614593413,      -6.661366241,             0.448,    0.001611313004,      0.3259491484,                 0,                 0,                 0,     0.05966072582,   -0.001467202377,      0.3259498289,                 0,       202.2879152
          0,           0,         282,      -7.228325929,      -7.640302539,      -7.630422359,      -6.673373741,             0.448,    0.001611538281,      0.3259394703,                 0,                 0,                 0,     0.05965903924,   -0.001466885705,      0.3259401534,                 0,       202.2536319
          0,           0,         283,      -7.238918652,      -7.662557656,      -7.644943669,      -6.684809762,             0.448,    0.001611708235,      0.3259300825,                 0,                 0,                 0,     0.05965745976,   -0.001466627095,      0.3259307676,                 0,       202.2264795
          0,           0,         284,      -7.248852849,      -7.684277128,      -7.657809206,      -6.695514571,             0.448,     0.00161182519,      0.3259210015,                 0,                 0,                 0,     0.05965598371,   -0.001466424379,      0.3259216881,                 0,       202.2061719
          0,           0,         285,      -7.258087304,      -7.705354246,       -7.66896917,      -6.705417364,             0.448,    0.001611892881,      0.3259122468,                 0,                 0,                 0,     0.05965460626,   -0.001466274007,      0.3259129345,                 0,        202.192249
          0,           0,         286,      -7.266630318,      -7.726007716,      -7.678712553,      -6.714515902,             0.448,    0.001611916064,      0.3259038332,                 0,                 0,                 0,     0.05965332037,   -0.001466171363,      0.3259045215,                 0,       202.1841215
          0,           0,         287,      -7.274533814,      -7.746581883,      -7.687561614,      -6.722865778,             0.448,    0.001611900104,      0.3258957681,                 0,                 0,                 0,     0.05965211666,    -0.00146611115,      0.3258964565,                 0,       202.1811198
          0,           0,         288,      -7.281886734,      -7.767283114,      -7.696052562,      -6.730569203,             0.448,    0.001611850931,      0.3258880492,                 0,                 0,                 0,     0.05965098355,    -0.00146608742,      0.3258887376,                 0,        202.182499
          0,           0,         289,       -7.28880031,      -7.788031091,      -7.704592181,      -6.737753633,             0.448,     0.00161177495,      0.3258806677,                 0,                 0,                 0,     0.05964990847,   -0.001466093682,      0.3258813556,                 0,       202.1874504
          0,           0,         290,      -7.295382842,      -7.808469998,      -7.713429188,      -6.744541661,             0.448,    0.001611678879,      0.3258736092,                 0,                 0,                 0,     0.05964887921,   -0.001466123086,      0.3258742966,                 0,       202.1951231
          0,           0,         291,      -7.301745332,       -7.82808166,      -7.722680437,      -6.751056635,             0.448,    0.001611569495,      0.3258668569,                 0,                 0,                 0,     0.05964788491,   -0.001466168691,      0.3258675436,                 0,       202.2046569
          0,           0,         292,      -7.308016774,        -7.8463373,      -7.732376249,       -6.75743872,             0.448,    0.001611453317,      0.3258603931,                 0,                 0,                 0,     0.05964691679,   -0.001466223816,      0.3258610789,                 0,       202.2152237
          0,           0,         293,      -7.314288834,      -7.862843721,      -7.742471646,      -6.763785058,             0.448,    0.001611336446,      0.3258541998,                 0,                 0,                 0,     0.05964596827,    -0.00146628219,      0.3258548848,                 0,        202.226047
          0,           0,         294,      -7.320636697,      -7.877457337,      -7.752881304,      -6.770175368,             0.448,    0.001611224342,      0.3258482594,                 0,                 0,                 0,     0.05964503508,   -0.001466338184,      0.3258489436,                 0,       202.2364303
          0,           0,         295,      -7.327119517,      -7.890319682,      -7.763517812,      -6.776672263,             0.448,    0.001611121622,      0.3258425552,                 0,                 0,                 0,     0.05964411516,   -0.001466387026,      0.3258432387,                 0,       202.2457838
          0,           0,         296,       -7.33377088,      -7.901803676,      -7.774317024,      -6.783309191,             0.448,    0.001611031754,      0.3258370716,                 0,                 0,                 0,      0.0596432084,     -0.0014664251,      0.3258377545,                 0,       202.2536618
          0,           0,         297,      -7.340585111,      -7.912399678,      -7.785235481,      -6.790076783,             0.448,    0.001610957123,      0.3258317953,                 0,                 0,                 0,     0.05964231645,   -0.001466449895,      0.3258324777,                 0,       202.2597564
          0,           0,         298,      -7.347616345,      -7.922618872,      -7.796289398,       -6.79703452,             0.448,    0.001610898981,       0.325826715,                 0,                 0,                 0,     0.05964144254,   -0.001466460054,      0.3258273971,                 0,       202.2639029
          0,           0,         299,      -7.354874221,      -7.932903739,      -7.807495976,      -6.804190349,             0.448,    0.001610857516,      0.3258218222,                 0,                 0,                 0,     0.05964059108,   -0.001466455306,      0.3258225041,                 0,       202.2660719
          0,           0,         300,      -7.362362801,      -7.943596029,      -7.818882028,      -6.811545681,             0.448,    0.001610832043,       0.325817111,                 0,                 0,                 0,     0.05963976731,   -0.001466436282,      0.3258177929,                 0,       202.2663457
          0,           0,         301,       -7.37008071,      -7.954928946,      -7.830472525,      -6.819098807,             0.448,    0.001616021147,      0.3258125518,                 0,                 0,                 0,     0.05963897663,   -0.001466404356,      0.3258132595,                 0,       201.6140397
          0,           0,         302,      -5.850566949,      -5.822230179,      -5.652976101,      -5.243991121,             0.448,    0.001616026655,      0.3258086538,                 0,                 0,                 0,     0.05963832548,   -0.001466361972,      0.3258093618,                 0,       201.6109406
          0,           0,         303,      -6.147991275,      -6.085627126,      -5.930574386,      -5.537421608,             0.448,    0.001616077139,      0.3258113311,                 0,                 0,                 0,     0.05963931714,   -0.001466336818,      0.3258120394,                 0,       201.6062991
          0,           0,         304,      -6.389341249,      -6.256444827,      -6.355064337,       -5.79585829,             0.448,    0.001616433819,      0.3258341847,                 0,                 0,                 0,     0.05964561029,   -0.001466196362,      0.3258348954,                 0,       201.5759513
          0,           0,         305,      -6.586593921,       -6.39653275,       -6.58934992,      -5.976831144,             0.448,    0.001617022818,      0.3258709512,                 0,                 0,                 0,     0.05965457195,   -0.001465955218,      0.3258716658,                 0,       201.5252646
          0,           0,         306,      -6.744929956,      -6.594889588,      -6.654146334,      -6.147420853,             0.448,    0.001617339654,      0.3259038281,                 0,                 0,                 0,     0.05966059445,   -0.001465949429,      0.3259045442,                 0,       201.5061136
          0,           0,         307,      -6.837770687,      -6.701750352,      -6.780040815,      -6.241897373,             0.448,    0.001617573922,       0.325921383,                 0,                 0,                 0,     0.05966140782,   -0.001465881249,      0.3259221005,                 0,       201.4877827
          0,           0,         308,      -6.965718716,      -6.794717465,      -6.913584608,      -6.368219324,             0.448,    0.001617720753,      0.3259238949,                 0,                 0,                 0,     0.05965815722,   -0.001465758189,      0.3259246137,                 0,       201.4710477
          0,           0,         309,       -6.99473435,      -6.824468292,       -6.98020597,      -6.395682508,             0.448,    0.001617833099,      0.3259218871,                 0,                 0,                 0,      0.0596544118,   -0.001465626854,      0.3259226071,                 0,        201.455816
          0,           0,         310,       -7.04478899,      -6.887579098,      -7.023604647,       -6.44466425,             0.448,    0.001618101004,       0.325924397,                 0,                 0,                 0,     0.05965240368,   -0.001465382705,      0.3259251195,                 0,       201.4240126
          0,           0,         311,      -7.153407471,      -7.016195664,       -7.11284874,      -6.560426347,             0.448,    0.001618349368,      0.3259305803,                 0,                 0,                 0,     0.05965155829,    -0.00146519285,      0.3259313048,                 0,       201.3969213
          0,           0,         312,      -7.223599241,      -7.104562737,      -7.231501797,      -6.639465801,             0.448,    0.001618503501,      0.3259368351,                 0,                 0,                 0,     0.05965087335,   -0.001465097896,      0.3259375607,                 0,       201.3816064
          0,           0,         313,      -7.248886015,      -7.142259581,      -7.295662796,      -6.663383877,             0.448,    0.001618629461,      0.3259422011,                 0,                 0,                 0,     0.05965021441,   -0.001465022708,      0.3259429278,                 0,       201.3692504
          0,           0,         314,      -7.299743877,      -7.211844868,       -7.32870805,      -6.714952493,             0.448,    0.001618736521,      0.3259469869,                 0,                 0,                 0,     0.05964968006,   -0.001464960929,      0.3259477143,                 0,       201.3588887
          0,           0,         315,      -7.366790751,      -7.309127085,      -7.412421418,      -6.789109524,             0.448,    0.001618792408,      0.3259512298,                 0,                 0,                 0,      0.0596492241,   -0.001464945184,      0.3259519576,                 0,        201.354558
          0,           0,         316,      -7.411559318,      -7.396009093,      -7.543740801,      -6.840212419,             0.448,    0.001618792963,      0.3259548921,                 0,                 0,                 0,     0.05964883784,   -0.001464979277,      0.3259556197,                 0,       201.3567514
          0,           0,         317,      -7.441650994,      -7.465270945,      -7.632637738,      -6.871952563,             0.448,    0.001618758048,      0.3259582552,                 0,                 0,                 0,     0.05964862632,   -0.001465046006,      0.3259589823,                 0,        201.363172
          0,           0,         318,      -7.470330916,      -7.523841779,      -7.658493801,      -6.900686289,             0.448,    0.001618701424,      0.3259617144,                 0,                 0,                 0,     0.05964866826,   -0.001465135353,      0.3259624408,                 0,       201.3723528
          0,           0,         319,      -7.496557846,      -7.578310847,      -7.692591969,      -6.927564864,             0.448,     0.00161861957,      0.3259653287,                 0,                 0,                 0,     0.05964892266,   -0.001465251397,      0.3259660542,                 0,       201.3847693
          0,           0,         320,      -7.520248857,      -7.635607089,      -7.751093118,      -6.952891322,             0.448,    0.001618507458,      0.3259689113,                 0,                 0,                 0,     0.05964929393,   -0.001465397397,      0.3259696356,                 0,       201.4009325
          0,           0,         321,      -7.543117996,       -7.69909467,      -7.814260817,      -6.977914115,             0.448,    0.001618369563,      0.3259723985,                 0,                 0,                 0,     0.05964974059,   -0.001465568276,      0.3259731213,                 0,       201.4202478
          0,           0,         322,      -7.564425328,      -7.764839805,      -7.867096712,      -7.001191905,             0.448,    0.001618213144,      0.3259758823,                 0,                 0,                 0,      0.0596502706,   -0.001465757647,      0.3259766035,                 0,       201.4418703
          0,           0,         323,      -7.582836359,       -7.82636808,      -7.911662841,      -7.020928123,             0.448,    0.001618043697,      0.3259794128,                 0,                 0,                 0,     0.05965087909,   -0.001465960487,      0.3259801322,                 0,       201.4651479
          0,           0,         324,      -7.598765609,       -7.88120501,      -7.952111481,      -7.037694939,             0.448,    0.001617867705,      0.3259829434,                 0,                 0,                 0,     0.05965153609,   -0.001466169873,       0.325983661,                 0,       201.4892457
          0,           0,         325,      -7.613493418,      -7.929093313,      -7.986975309,      -7.053131099,             0.448,    0.001617693182,      0.3259864287,                 0,                 0,                 0,     0.05965221399,    -0.00146637736,      0.3259871445,                 0,       201.5131375
          0,           0,         326,      -7.627863535,      -7.969650501,      -8.014089029,      -7.068175342,             0.448,    0.001617526448,      0.3259898783,                 0,                 0,                 0,     0.05965290078,   -0.001466576722,      0.3259905924,                 0,       201.5360421
          0,           0,         327,      -7.642164306,      -8.003511993,      -8.034034522,      -7.083064461,             0.448,    0.001617370828,      0.3259933165,                 0,                 0,                 0,     0.05965359007,   -0.001466764862,       0.325994029,                 0,       201.5575592
          0,           0,         328,      -7.656375618,      -8.032063974,      -8.050125478,      -7.097781926,             0.448,    0.001617228287,      0.3259967379,                 0,                 0,                 0,     0.05965427127,   -0.001466939764,      0.3259974488,                 0,       201.5774399
          0,           0,         329,      -7.670409429,      -8.056773297,      -8.065991119,      -7.112316972,             0.448,    0.001617100825,      0.3260001133,                 0,                 0,                 0,     0.05965493136,   -0.001467099154,      0.3260008229,                 0,       201.5954159
          0,           0,         330,      -7.684237611,      -8.079413723,      -8.083030857,      -7.126733293,             0.448,     0.00161699033,      0.3260034174,                 0,                 0,                 0,     0.05965556077,   -0.001467240902,      0.3260041258,                 0,       201.6112349
          0,           0,         331,      -7.697813502,      -8.101493897,      -8.100567738,      -7.141021114,             0.448,    0.001616898045,      0.3260066393,                 0,                 0,                 0,     0.05965615536,   -0.001467363664,      0.3260073467,                 0,       201.6247346
          0,           0,         332,      -7.710997339,      -8.123543235,      -8.117468396,      -7.155001419,             0.448,    0.001616824443,      0.3260097766,                 0,                 0,                 0,     0.05965671475,   -0.001467466944,      0.3260104831,                 0,       201.6358536
          0,           0,         333,      -7.723614934,      -8.145365886,      -8.132976621,       -7.16842937,             0.448,     0.00161676934,      0.3260128264,                 0,                 0,                 0,     0.05965723986,   -0.001467550897,      0.3260135323,                 0,       201.6446121
          0,           0,         334,      -7.735530503,      -8.166658057,      -8.146698817,      -7.181111877,             0.448,    0.001616731961,      0.3260157827,                 0,                 0,                 0,     0.05965773183,   -0.001467616242,       0.326016488,                 0,       201.6511027
          0,           0,         335,      -7.746664763,      -8.187365597,      -8.158561769,      -7.192935812,             0.448,    0.001616711031,      0.3260186382,                 0,                 0,                 0,      0.0596581921,   -0.001467664186,      0.3260193433,                 0,       201.6554796
          0,           0,         336,      -7.756989673,      -8.207740155,      -8.168851184,      -7.203857588,             0.448,    0.001616704952,      0.3260213873,                 0,                 0,                 0,      0.0596586228,   -0.001467696273,      0.3260220922,                 0,       201.6579382
          0,           0,         337,      -7.766527043,      -8.228159582,      -8.178106153,       -7.21389777,             0.448,    0.001616711908,      0.3260240271,                 0,                 0,                 0,     0.05965902698,   -0.001467714291,      0.3260247319,                 0,       201.6587034
          0,           0,         338,      -7.775342975,      -8.248869431,      -8.186894214,      -7.223131473,             0.448,    0.001616729907,      0.3260265578,                 0,                 0,                 0,     0.05965940843,   -0.001467720235,      0.3260272627,                 0,       201.6580237
          0,           0,         339,      -7.783535536,      -8.269828619,      -8.195651635,       -7.23167053,             0.448,     0.00161675681,      0.3260289821,                 0,                 0,                 0,     0.05965977122,   -0.001467716268,      0.3260296871,                 0,       201.6561676
          0,           0,         340,      -7.791219626,      -8.290703604,      -8.204652881,      -7.239642975,             0.448,    0.001616790388,      0.3260313043,                 0,                 0,                 0,      0.0596601193,    -0.00146770466,      0.3260320095,                 0,       201.6534158
          0,           0,         341,      -7.798514158,      -8.310966742,      -8.214035994,      -7.247177983,             0.448,    0.001616828394,      0.3260335293,                 0,                 0,                 0,      0.0596604562,   -0.001467687705,      0.3260342348,                 0,       201.6500517
          0,           0,         342,      -7.805532074,      -8.330042994,      -8.223831708,      -7.254396088,             0.448,    0.001616868642,      0.3260356629,                 0,                 0,                 0,     0.05966078477,   -0.001467667644,      0.3260363686,                 0,       201.6463517
          0,           0,         343,       -7.81237063,      -8.347464007,      -8.233993098,       -7.26140009,             0.448,    0.001616909106,      0.3260377104,                 0,                 0,                 0,     0.05966110706,   -0.001467646552,      0.3260384165,                 0,       201.6425718
          0,           0,         344,      -7.819115806,      -8.363003728,      -8.244425277,      -7.268279917,             0.448,    0.001616947983,      0.3260396774,                 0,                 0,                 0,     0.05966142441,   -0.001467626286,      0.3260403837,                 0,       201.6389401
          0,           0,         345,      -7.825838766,       -8.37672121,      -8.255036297,      -7.275107841,             0.448,    0.001616983751,      0.3260415692,                 0,                 0,                 0,     0.05966173755,   -0.001467608416,      0.3260422758,                 0,       201.6356497
          0,           0,         346,      -7.832595989,      -8.388927936,      -8.265761389,      -7.281939765,             0.448,    0.001617015241,      0.3260433908,                 0,                 0,                 0,     0.05966204652,   -0.001467594162,      0.3260440976,                 0,       201.6328495
          0,           0,         347,      -7.839430581,      -8.400088058,       -8.27657288,       -7.28881667,             0.448,     0.00161704166,      0.3260451465,                 0,                 0,                 0,     0.05966235073,   -0.001467584354,      0.3260458535,                 0,       201.6306411
          0,           0,         348,      -7.846373209,      -8.410706522,       -8.28747495,      -7.295766061,             0.448,    0.001617062588,      0.3260468396,                 0,                 0,                 0,     0.05966264903,   -0.001467579445,      0.3260475467,                 0,       201.6290786
          0,           0,         349,      -7.853443086,      -8.421247695,      -8.298488287,      -7.302804079,             0.448,    0.001617077947,      0.3260484728,                 0,                 0,                 0,      0.0596629399,   -0.001467579537,      0.3260491799,                 0,       201.6281735
          0,           0,         350,       -7.86065055,      -8.432089442,      -8.309638967,      -7.309938819,             0.448,    0.001617087958,      0.3260500477,                 0,                 0,                 0,     0.05966322166,   -0.001467584426,      0.3260507549,                 0,       201.6278992
          0,           0,         351,      -7.868000788,      -8.443498216,      -8.320951667,      -7.317174629,             0.448,    0.001615669061,      0.3260515728,                 0,                 0,                 0,     0.05966349253,   -0.001467593658,      0.3260522729,                 0,       201.8059148
          0,           0,         352,      -6.413270137,      -6.385103027,      -6.215770349,       -5.80672892,             0.448,    0.001615668579,      0.3260528949,                 0,                 0,                 0,     0.05966372002,   -0.001467606641,      0.3260535949,                 0,       201.8067932
          0,           0,         353,      -6.710636518,      -6.648274876,      -6.493379901,      -6.100083942,             0.448,    0.001615655494,      0.3260524153,                 0,                 0,                 0,     0.05966349754,   -0.001467615191,      0.3260531153,                 0,       201.8081308
          0,           0,         354,      -6.951433038,      -6.819180728,      -6.917875524,       -6.35803018,             0.448,      0.0016155581,      0.3260464048,                 0,                 0,                 0,     0.05966182132,   -0.001467655745,      0.3260471041,                 0,       201.8165765
          0,           0,         355,       -7.14779114,      -6.959282001,      -7.151789232,      -6.538396385,             0.448,    0.001615396749,      0.3260365699,                 0,                 0,                 0,     0.05965941057,   -0.001467724088,      0.3260372681,                 0,       201.8306463
          0,           0,         356,      -7.304324435,      -7.157677709,       -7.21633251,      -6.707460765,             0.448,    0.001615309802,       0.326027799,                 0,                 0,                 0,     0.05965780374,   -0.001467728093,      0.3260284968,                 0,       201.8360804
          0,           0,         357,      -7.395495113,       -7.26440062,      -7.342201002,      -6.800520346,             0.448,    0.001615245419,      0.3260232266,                 0,                 0,                 0,     0.05965762057,   -0.001467749235,      0.3260239239,                 0,       201.8412946
          0,           0,         358,      -7.520088172,      -7.357220746,      -7.475848098,      -6.924105835,             0.448,    0.001615204719,      0.3260227549,                 0,                 0,                 0,     0.05965854344,   -0.001467785473,       0.326023452,                 0,       201.8460887
          0,           0,         359,      -7.548588474,      -7.386872425,       -7.54274272,      -6.951190997,             0.448,    0.001615173351,      0.3260235125,                 0,                 0,                 0,     0.05965959904,   -0.001467824003,      0.3260242092,                 0,       201.8504777
          0,           0,         360,      -7.597030201,      -7.449810874,      -7.586071201,      -6.998872714,             0.448,    0.001615099857,      0.3260230378,                 0,                 0,                 0,     0.05966017988,   -0.001467893006,      0.3260237338,                 0,       201.8593689
          0,           0,         361,      -7.700192992,      -7.578064761,      -7.674803038,      -7.109706412,             0.448,    0.001615031672,      0.3260215485,                 0,                 0,                 0,     0.05966044026,   -0.001467947104,      0.3260222439,                 0,        201.866969
          0,           0,         362,      -7.766049924,      -7.666106731,      -7.793022056,      -7.184366226,             0.448,    0.001614989357,      0.3260200227,                 0,                 0,                 0,     0.05966065288,    -0.00146797499,      0.3260207178,                 0,       201.8713135
          0,           0,         363,      -7.790410501,       -7.70354714,      -7.856939475,      -7.207527112,             0.448,    0.001614954763,      0.3260187284,                 0,                 0,                 0,     0.05966085629,   -0.001467997343,      0.3260194232,                 0,       201.8748363
          0,           0,         364,      -7.837507924,      -7.772669403,      -7.889476248,      -7.255600689,             0.448,     0.00161492521,       0.326017587,                 0,                 0,                 0,     0.05966102422,   -0.001468016101,      0.3260182816,                 0,       201.8778238
          0,           0,         365,      -7.898493189,      -7.869848123,      -7.972168917,      -7.323519019,             0.448,    0.001614909607,      0.3260165887,                 0,                 0,                 0,     0.05966116952,   -0.001468022264,      0.3260172833,                 0,       201.8791562
          0,           0,         366,       -7.93997203,       -7.95754308,      -8.101818877,      -7.370919027,             0.448,     0.00161490907,       0.326015742,                 0,                 0,                 0,     0.05966129512,   -0.001468014793,      0.3260164365,                 0,       201.8786989
          0,           0,         367,      -7.968731575,      -8.027444249,      -8.189680466,      -7.401283851,             0.448,    0.001614918189,      0.3260149721,                 0,                 0,                 0,     0.05966137275,   -0.001467998394,      0.3260156667,                 0,       201.8770822
          0,           0,         368,      -7.996065808,      -8.085721749,      -8.215942159,      -7.428687012,             0.448,    0.001614933183,      0.3260141731,                 0,                 0,                 0,     0.05966138123,   -0.001467975846,       0.326014868,                 0,       201.8747131
          0,           0,         369,      -8.021621465,      -8.139895692,      -8.250145456,      -7.454713719,             0.448,    0.001614954844,      0.3260133256,                 0,                 0,                 0,     0.05966133072,   -0.001467946173,      0.3260140207,                 0,       201.8714807
          0,           0,         370,       -8.04551357,       -8.19750449,       -8.30815918,      -7.479876676,             0.448,    0.001614984543,      0.3260124779,                 0,                 0,                 0,     0.05966124649,   -0.001467908459,      0.3260131733,                 0,       201.8672435
          0,           0,         371,      -8.069005949,      -8.261696182,      -8.370910553,      -7.505074147,             0.448,    0.001615021172,      0.3260116491,                 0,                 0,                 0,     0.05966114034,   -0.001467863994,      0.3260123449,                 0,       201.8621519
          0,           0,         372,      -8.091415785,      -8.328562236,      -8.423785023,      -7.529023525,             0.448,    0.001615062785,      0.3260108158,                 0,                 0,                 0,     0.05966101047,   -0.001467814503,      0.3260115121,                 0,       201.8564349
          0,           0,         373,      -8.111635292,      -8.391622262,      -8.468666758,      -7.550216371,             0.448,    0.001615107912,      0.3260099634,                 0,                 0,                 0,      0.0596608578,   -0.001467761317,      0.3260106601,                 0,       201.8502671
          0,           0,         374,      -8.129983534,      -8.447978086,      -8.509725141,      -7.569093877,             0.448,    0.001615154854,      0.3260091035,                 0,                 0,                 0,     0.05966069018,   -0.001467706246,      0.3260098006,                 0,       201.8438682
          0,           0,         375,      -8.147517995,      -8.497043152,      -8.545670668,      -7.587022303,             0.448,    0.001615201461,      0.3260082489,                 0,                 0,                 0,     0.05966051525,    -0.00146765156,      0.3260089465,                 0,       201.8375149
          0,           0,         376,      -8.164946652,      -8.538416638,      -8.574354635,      -7.604808393,             0.448,     0.00161524598,      0.3260073978,                 0,                 0,                 0,     0.05966033647,   -0.001467598995,      0.3260080959,                 0,        201.831425
          0,           0,         377,      -8.182506752,      -8.572868001,      -8.596202204,      -7.622658334,             0.448,    0.001615287469,      0.3260065434,                 0,                 0,                 0,     0.05966015561,   -0.001467549429,       0.326007242,                 0,        201.825712
          0,           0,         378,      -8.200172832,      -8.601891783,      -8.614307134,      -7.640556363,             0.448,    0.001615325388,      0.3260056871,                 0,                 0,                 0,     0.05965997555,   -0.001467503413,       0.326006386,                 0,        201.820444
          0,           0,         379,      -8.217854719,      -8.626900146,      -8.632202772,      -7.658484678,             0.448,    0.001615359197,      0.3260048366,                 0,                 0,                 0,     0.05965979993,   -0.001467461564,      0.3260055359,                 0,       201.8156935
          0,           0,         380,      -8.235508594,      -8.649526233,      -8.651333724,      -7.676486674,             0.448,    0.001615388372,      0.3260039995,                 0,                 0,                 0,     0.05965963154,   -0.001467424475,      0.3260046991,                 0,       201.8115304
          0,           0,         381,      -8.253071781,      -8.671224155,      -8.671052442,      -7.694542027,             0.448,    0.001615412568,       0.326003179,                 0,                 0,                 0,     0.05965947165,   -0.001467392521,      0.3260038788,                 0,       201.8079997
          0,           0,         382,      -8.270387277,      -8.692604249,       -8.69017367,      -7.712468937,             0.448,    0.001615431656,       0.326002376,                 0,                 0,                 0,     0.05965932048,    -0.00146736584,      0.3260030761,                 0,        201.805118
          0,           0,         383,      -8.287245786,      -8.713630132,      -8.707864263,      -7.730000075,             0.448,    0.001615445688,      0.3260015916,                 0,                 0,                 0,     0.05965917789,   -0.001467344391,      0.3260022918,                 0,       201.8028795
          0,           0,         384,      -8.303455861,      -8.734148414,      -8.723671951,      -7.746892298,             0.448,    0.001615454871,      0.3260008277,                 0,                 0,                 0,     0.05965904371,   -0.001467327985,      0.3260015281,                 0,       201.8012596
          0,           0,         385,      -8.318866723,      -8.754192774,      -8.737471764,       -7.76296004,             0.448,    0.001615459552,      0.3260000868,                 0,                 0,                 0,     0.05965891767,   -0.001467316298,      0.3260007872,                 0,       201.8002162
          0,           0,         386,      -8.333370047,      -8.774048639,      -8.749510883,      -7.778073868,             0.448,    0.001615460173,      0.3259993707,                 0,                 0,                 0,     0.05965879928,   -0.001467308906,      0.3260000712,                 0,       201.7996953
          0,           0,         387,       -8.34690762,      -8.794119496,      -8.760318639,      -7.792166866,             0.448,    0.001615457236,      0.3259986806,                 0,                 0,                 0,      0.0596586878,   -0.001467305318,      0.3259993811,                 0,       201.7996351
          0,           0,         388,      -8.359476816,       -8.81469891,       -8.77047841,      -7.805238528,             0.448,    0.001615451288,      0.3259980168,                 0,                 0,                 0,     0.05965858227,   -0.001467304988,      0.3259987172,                 0,       201.7999671
          0,           0,         389,      -8.371124121,      -8.835810436,      -8.780457473,      -7.817343176,             0.448,    0.001615442916,      0.3259973787,                 0,                 0,                 0,     0.05965848163,   -0.001467307325,      0.3259980791,                 0,       201.8006179
          0,           0,         390,      -8.381931797,      -8.857179781,      -8.790562832,      -7.828571429,             0.448,    0.001615432731,      0.3259967655,                 0,                 0,                 0,     0.05965838486,   -0.001467311712,      0.3259974658,                 0,       201.8015107
          0,           0,         391,      -8.392004208,      -8.878308222,      -8.800959293,      -7.839033941,             0.448,    0.001615421346,       0.325996176,                 0,                 0,                 0,     0.05965829102,   -0.001467317522,      0.3259968762,                 0,        201.802568
          0,           0,         392,      -8.401454513,      -8.898600716,      -8.811694975,      -7.848847683,             0.448,    0.001615409359,      0.3259956089,                 0,                 0,                 0,     0.05965819937,   -0.001467324146,      0.3259963091,                 0,       201.8037144
          0,           0,         393,      -8.410392957,      -8.917515675,      -8.822726868,      -7.858124534,             0.448,    0.001615397332,       0.325995063,                 0,                 0,                 0,     0.05965810933,    -0.00146733101,      0.3259957631,                 0,        201.804879
          0,           0,         394,      -8.418920274,      -8.934703861,      -8.833956925,       -7.86696477,             0.448,    0.001615385764,      0.3259945368,                 0,                 0,                 0,     0.05965802054,   -0.001467337602,      0.3259952368,                 0,       201.8059984
          0,           0,         395,      -8.427126011,      -8.950092432,      -8.845277869,      -7.875455188,             0.448,    0.001615375075,      0.3259940291,                 0,                 0,                 0,     0.05965793283,    -0.00146734349,      0.3259947291,                 0,       201.8070194
          0,           0,         396,      -8.435087716,      -8.963880724,      -8.856610599,      -7.883668304,             0.448,    0.001615365592,      0.3259935388,                 0,                 0,                 0,     0.05965784617,   -0.001467348335,      0.3259942386,                 0,       201.8079006
          0,           0,         397,      -8.442869731,      -8.976461127,       -8.86791964,      -7.891661727,             0.448,    0.001615357537,      0.3259930646,                 0,                 0,                 0,     0.05965776076,   -0.001467351906,      0.3259937644,                 0,       201.8086134
          0,           0,         398,      -8.450521775,      -8.988312161,        -8.8792058,      -7.899477776,             0.448,    0.001615351032,       0.325992606,                 0,                 0,                 0,     0.05965767688,   -0.001467354075,      0.3259933058,                 0,       201.8091422
          0,           0,         399,       -8.45807968,      -8.999905192,      -8.890490472,      -7.907145498,             0.448,    0.001615346102,      0.3259921623,                 0,                 0,                 0,     0.05965759495,   -0.001467354809,       0.325992862,                 0,       201.8094834
          0,           0,         400,      -8.465568586,      -9.011640314,      -8.901802242,      -7.914684979,             0.448,    0.001615342688,      0.3259917331,                 0,                 0,                 0,     0.05965751545,   -0.001467354163,      0.3259924328,                 0,       201.8096441
          0,           0,         401,       -8.47300746,      -9.023810738,      -8.913168441,      -7.922112712,             0.448,    0.001615575842,       0.325991317,                 0,                 0,                 0,     0.05965743885,   -0.001467352264,      0.3259920179,                 0,       201.7802622
          0,           0,         402,      -7.194867586,      -7.167384246,      -6.997774108,      -6.588468556,             0.448,    0.001615575438,      0.3259909482,                 0,                 0,                 0,     0.05965737264,   -0.001467349181,      0.3259916491,                 0,       201.7800844
          0,           0,         403,      -7.491790733,      -7.429736448,       -7.27540859,      -6.881374206,             0.448,    0.001615577313,      0.3259908783,                 0,                 0,                 0,     0.05965738097,   -0.001467346645,      0.3259915792,                 0,        201.779807
          0,           0,         404,      -7.730028541,      -7.600927838,      -7.699840626,      -7.137058893,             0.448,    0.001615593461,      0.3259917277,                 0,                 0,                 0,     0.05965763122,   -0.001467338529,      0.3259924287,                 0,       201.7783159
          0,           0,         405,      -7.922065219,      -7.741046469,      -7.932236794,      -7.314409967,             0.448,    0.001615620423,      0.3259932193,                 0,                 0,                 0,     0.05965800547,   -0.001467325675,      0.3259939205,                 0,       201.7758718
          0,           0,         406,      -8.070596394,      -7.939504026,      -7.995841989,         -7.476572,             0.448,    0.001615635125,      0.3259945357,                 0,                 0,                 0,     0.05965824711,   -0.001467323422,       0.325995237,                 0,       201.7748504
          0,           0,         407,      -8.154593076,      -8.045600909,      -8.121405352,      -7.563434084,             0.448,    0.001615646142,      0.3259951563,                 0,                 0,                 0,     0.05965825478,   -0.001467318274,      0.3259958576,                 0,       201.7738587
          0,           0,         408,      -8.265177818,      -8.137712117,      -8.254955367,      -7.675246695,             0.448,    0.001615653335,       0.325995108,                 0,                 0,                 0,     0.05965808325,   -0.001467310625,      0.3259958094,                 0,       201.7729305
          0,           0,         409,      -8.291362189,      -8.167024439,      -8.322440228,      -7.700558526,             0.448,     0.00161565904,      0.3259948624,                 0,                 0,                 0,     0.05965789164,   -0.001467302599,      0.3259955639,                 0,        201.772066
          0,           0,         410,      -8.333374413,      -8.229310392,      -8.365405788,      -7.742858038,             0.448,    0.001615671473,      0.3259948193,                 0,                 0,                 0,     0.05965777834,   -0.001467289758,       0.325995521,                 0,       201.7704866
          0,           0,         411,      -8.416442802,       -8.35588736,      -8.451818385,      -7.834695793,             0.448,    0.001615683034,      0.3259949491,                 0,                 0,                 0,     0.05965771898,   -0.001467279425,      0.3259956508,                 0,       201.7691232
          0,           0,         412,      -8.467394921,       -8.44227508,      -8.567072811,        -7.8936418,             0.448,    0.001615690301,      0.3259950951,                 0,                 0,                 0,      0.0596576698,   -0.001467273538,      0.3259957969,                 0,        201.768306
          0,           0,         413,      -8.488187813,      -8.478657551,      -8.629084326,      -7.913767743,             0.448,    0.001615696274,      0.3259952097,                 0,                 0,                 0,     0.05965762324,    -0.00146726865,      0.3259959116,                 0,       201.7676311
          0,           0,         414,      -8.523524154,      -8.545915453,      -8.659551156,       -7.95049439,             0.448,    0.001615701456,      0.3259953028,                 0,                 0,                 0,     0.05965758329,   -0.001467264348,      0.3259960047,                 0,       201.7670415
          0,           0,         415,      -8.566712399,      -8.641926537,      -8.737063983,      -7.999319324,             0.448,    0.001615704323,      0.3259953759,                 0,                 0,                 0,     0.05965754795,   -0.001467262173,      0.3259960778,                 0,       201.7667288
          0,           0,         416,       -8.59784295,      -8.731049251,      -8.856488174,      -8.034802703,             0.448,     0.00161570469,      0.3259954281,                 0,                 0,                 0,     0.05965751638,     -0.0014672623,        0.32599613,                 0,       201.7667153
          0,           0,         417,       -8.62126944,      -8.801748537,      -8.936415286,      -8.059564406,             0.448,    0.001615703473,       0.325995471,                 0,                 0,                 0,       0.059657493,   -0.001467263923,      0.3259961729,                 0,       201.7668938
          0,           0,         418,      -8.643449728,      -8.857963953,      -8.962827709,      -8.081875225,             0.448,     0.00161570129,      0.3259955209,                 0,                 0,                 0,     0.05965748106,   -0.001467266577,      0.3259962228,                 0,       201.7671973
          0,           0,         419,      -8.665100381,      -8.909841267,      -8.995568145,      -8.103681554,             0.448,    0.001615698078,      0.3259955822,                 0,                 0,                 0,     0.05965747923,   -0.001467270368,       0.325996284,                 0,       201.7676363
          0,           0,         420,      -8.686583708,      -8.966531358,      -9.047734141,      -8.125696219,             0.448,    0.001615693652,       0.325995648,                 0,                 0,                 0,     0.05965748377,   -0.001467275417,      0.3259963498,                 0,       201.7682298
          0,           0,         421,      -8.708286421,      -9.030411022,      -9.103087396,      -8.148152935,             0.448,    0.001615688159,      0.3259957147,                 0,                 0,                 0,     0.05965749261,    -0.00146728154,      0.3259964164,                 0,        201.768957
          0,           0,         422,      -8.729760968,      -9.097540614,      -9.150023439,      -8.170266425,             0.448,    0.001615681906,      0.3259957852,                 0,                 0,                 0,     0.05965750581,   -0.001467288459,      0.3259964868,                 0,       201.7697814
          0,           0,         423,      -8.750530734,      -9.161710548,      -9.190374541,      -8.191327399,             0.448,    0.001615675129,       0.325995862,                 0,                 0,                 0,     0.05965752333,   -0.001467295962,      0.3259965636,                 0,       201.7706754
          0,           0,         424,      -8.770810307,      -9.219007656,      -9.227820952,      -8.211594933,             0.448,    0.001615668074,      0.3259959437,                 0,                 0,                 0,     0.05965754408,    -0.00146730379,      0.3259966453,                 0,        201.771607
          0,           0,         425,      -8.791164544,      -9.267782416,      -9.261836996,      -8.231794391,             0.448,    0.001615661065,      0.3259960282,                 0,                 0,                 0,      0.0596575668,   -0.001467311597,      0.3259967296,                 0,       201.7725346
          0,           0,         426,       -8.81199238,      -9.307782255,      -9.291055332,      -8.252398146,             0.448,    0.001615654387,      0.3259961153,                 0,                 0,                 0,     0.05965759086,   -0.001467319099,      0.3259968167,                 0,       201.7734226
          0,           0,         427,      -8.833450613,      -9.340590108,      -9.315800192,      -8.273569795,             0.448,    0.001615648201,      0.3259962061,                 0,                 0,                 0,     0.05965761597,   -0.001467326144,      0.3259969075,                 0,       201.7742513
          0,           0,         428,      -8.855561055,      -9.368265713,      -9.338194054,      -8.295349047,             0.448,    0.001615642591,      0.3259963007,                 0,                 0,                 0,     0.05965764172,   -0.001467332649,       0.325997002,                 0,       201.7750106
          0,           0,         429,      -8.878310797,      -9.392084039,      -9.360781272,      -8.317764632,             0.448,    0.001615637634,       0.325996398,                 0,                 0,                 0,      0.0596576675,   -0.001467338524,      0.3259970992,                 0,       201.7756897
          0,           0,         430,      -8.901710648,      -9.413047148,       -9.38474038,      -8.340873194,             0.448,    0.001615633414,      0.3259964964,                 0,                 0,                 0,     0.05965769281,   -0.001467343675,      0.3259971976,                 0,       201.7762777
          0,           0,         431,      -8.925763319,      -9.432128216,      -9.409660482,      -8.364702219,             0.448,    0.001615629991,      0.3259965955,                 0,                 0,                 0,     0.05965771735,   -0.001467348035,      0.3259972966,                 0,       201.7767665
          0,           0,         432,      -8.950415122,      -9.449988407,      -9.434582959,      -8.389191761,             0.448,    0.001615627389,      0.3259966948,                 0,                 0,                 0,     0.05965774101,   -0.001467351575,      0.3259973959,                 0,       201.7771529
          0,           0,         433,      -8.975566434,      -9.467061056,       -9.45874455,      -8.414219768,             0.448,    0.001615625608,      0.3259967942,                 0,                 0,                 0,     0.05965776376,   -0.001467354297,      0.3259974953,                 0,       201.7774369
          0,           0,         434,      -9.001102218,      -9.483743478,       -9.48167004,       -8.43965067,             0.448,    0.001615624618,      0.3259968932,                 0,                 0,                 0,     0.05965778555,   -0.001467356223,      0.3259975943,                 0,       201.7776218
          0,           0,         435,      -9.026898273,      -9.500424931,      -9.503120291,      -8.465346787,             0.448,    0.001615624369,      0.3259969912,                 0,                 0,                 0,     0.05965780635,   -0.001467357399,      0.3259976923,                 0,       201.7777136
          0,           0,         436,      -9.052817073,      -9.517502629,      -9.523126774,      -8.491163517,             0.448,    0.001615624793,      0.3259970878,                 0,                 0,                 0,     0.05965782618,   -0.001467357889,      0.3259977889,                 0,       201.7777205
          0,           0,         437,      -9.078714465,      -9.535382882,       -9.54197256,      -8.516957431,             0.448,    0.001615625808,      0.3259971826,                 0,                 0,                 0,     0.05965784509,    -0.00146735777,      0.3259978837,                 0,       201.7776524
          0,           0,         438,      -9.104452729,      -9.554401147,      -9.560049303,      -8.542601011,             0.448,    0.001615627324,      0.3259972752,                 0,                 0,                 0,     0.05965786318,    -0.00146735713,      0.3259979763,                 0,       201.7775203
          0,           0,         439,      -9.129908047,      -9.574721933,      -9.577711791,       -8.56798892,             0.448,    0.001615629248,      0.3259973657,                 0,                 0,                 0,     0.05965788059,   -0.001467356062,      0.3259980668,                 0,       201.7773361
          0,           0,         440,      -9.154971594,      -9.596290054,       -9.59521898,       -8.59303585,             0.448,    0.001615631477,      0.3259974539,                 0,                 0,                 0,     0.05965789745,   -0.001467354668,       0.325998155,                 0,       201.7771123
          0,           0,         441,      -9.179548766,      -9.618841919,      -9.612730251,      -8.617672471,             0.448,     0.00161563391,        0.32599754,                 0,                 0,                 0,     0.05965791391,   -0.001467353048,      0.3259982411,                 0,       201.7768617
          0,           0,         442,      -9.203556109,      -9.641955383,       -9.63030815,      -8.641839584,             0.448,    0.001615636447,      0.3259976239,                 0,                 0,                 0,     0.05965793006,   -0.001467351305,      0.3259983251,                 0,       201.7765967
          0,           0,         443,       -9.22691478,      -9.665122062,      -9.647918953,      -8.665478821,             0.448,    0.001615638994,      0.3259977058,                 0,                 0,                 0,     0.05965794601,   -0.001467349533,       0.325998407,                 0,       201.7763294
          0,           0,         444,      -9.249544161,      -9.687838717,      -9.665448545,      -8.688523247,             0.448,    0.001615641463,      0.3259977858,                 0,                 0,                 0,     0.05965796179,    -0.00146734782,       0.325998487,                 0,       201.7760706
          0,           0,         445,       -9.27135894,      -9.709707246,      -9.682743878,       -8.71089154,             0.448,    0.001615643779,       0.325997864,                 0,                 0,                 0,     0.05965797744,   -0.001467346243,      0.3259985652,                 0,       201.7758296
          0,           0,         446,      -9.292267994,      -9.730511136,      -9.699663919,      -8.732484758,             0.448,    0.001615645884,      0.3259979404,                 0,                 0,                 0,     0.05965799296,   -0.001467344861,      0.3259986416,                 0,       201.7756141
          0,           0,         447,      -9.312172589,      -9.750237035,      -9.716112361,      -8.753183844,             0.448,    0.001615647733,      0.3259980152,                 0,                 0,                 0,     0.05965800831,   -0.001467343719,      0.3259987164,                 0,       201.7754294
          0,           0,         448,      -9.330965069,      -9.769041364,       -9.73204089,      -8.772849287,             0.448,    0.001615649302,      0.3259980883,                 0,                 0,                 0,     0.05965802345,   -0.001467342842,      0.3259987896,                 0,       201.7752788
          0,           0,         449,      -9.348531704,      -9.787183888,      -9.747434363,      -8.791326528,             0.448,    0.001615650581,      0.3259981598,                 0,                 0,                 0,     0.05965803831,    -0.00146734224,      0.3259988611,                 0,       201.7751633
          0,           0,         450,      -9.364761929,      -9.804954965,      -9.762292681,      -8.808459161,             0.448,    0.001615651578,      0.3259982297,                 0,                 0,                 0,     0.05965805281,   -0.001467341904,       0.325998931,                 0,        201.775082
          0,           0,         451,      -9.379562844,      -9.822615458,      -9.776617714,      -8.824108622,             0.448,    0.001615702676,      0.3259982977,                 0,                 0,                 0,     0.05965806687,   -0.001467341814,      0.3259989992,                 0,       201.7687428
          0,           0,         452,      -7.865084938,      -7.835518497,      -7.667173841,      -7.258286559,             0.448,    0.001615703087,      0.3259983626,                 0,                 0,                 0,     0.05965808007,   -0.001467342018,      0.3259990642,                 0,       201.7687317
          0,           0,         453,      -8.161031667,      -8.101341509,      -7.944531442,      -7.550945515,             0.448,    0.001615703784,      0.3259984901,                 0,                 0,                 0,     0.05965810897,   -0.001467342526,      0.3259991917,                 0,       201.7687235
          0,           0,         454,      -8.403141141,      -8.270986677,      -8.368131441,      -7.810177705,             0.448,    0.001615707208,      0.3259988089,                 0,                 0,                 0,     0.05965818796,   -0.001467342117,      0.3259995104,                 0,       201.7684933
          0,           0,         455,      -8.598545451,      -8.410537445,       -8.60481359,      -7.989255654,             0.448,    0.001615712724,      0.3259992558,                 0,                 0,                 0,     0.05965829116,   -0.001467340828,      0.3259999574,                 0,       201.7680811
          0,           0,         456,      -8.757149496,       -8.60776857,       -8.67196452,      -8.159700167,             0.448,    0.001615715573,      0.3259996651,                 0,                 0,                 0,     0.05965836567,   -0.001467341849,      0.3260003667,                 0,       201.7679785
          0,           0,         457,      -8.849420655,       -8.71548922,      -8.796182539,      -8.253829433,             0.448,    0.001615717613,      0.3259999291,                 0,                 0,                 0,     0.05965838907,   -0.001467342306,      0.3260006308,                 0,       201.7678872
          0,           0,         458,      -8.971290518,      -8.809561823,      -8.924372041,      -8.375242502,             0.448,    0.001615718611,      0.3260000402,                 0,                 0,                 0,     0.05965837059,   -0.001467342359,      0.3260007419,                 0,       201.7678314
          0,           0,         459,       -8.99471671,      -8.840720295,      -8.984986993,      -8.398265608,             0.448,    0.001615719268,      0.3260001059,                 0,                 0,                 0,     0.05965834672,   -0.001467342323,      0.3260008075,                 0,       201.7677899
          0,           0,         460,      -9.038018761,      -8.905596522,      -9.027741166,      -8.441906052,             0.448,     0.00161572158,      0.3260002161,                 0,                 0,                 0,     0.05965833987,   -0.001467341053,      0.3260009177,                 0,       201.7675694
          0,           0,         461,      -9.127775604,       -9.03534544,      -9.117202804,      -8.541103158,             0.448,    0.001615723682,      0.3260003571,                 0,                 0,                 0,     0.05965834286,   -0.001467340284,      0.3260010587,                 0,       201.7673942
          0,           0,         462,      -9.176701821,      -9.123174578,      -9.228168323,      -8.599907007,             0.448,    0.001615724948,      0.3260004925,                 0,                 0,                 0,     0.05965834607,   -0.001467340299,      0.3260011941,                 0,       201.7673199
          0,           0,         463,      -9.190061063,      -9.162439087,      -9.285274938,      -8.613964217,             0.448,     0.00161572598,      0.3260006144,                 0,                 0,                 0,     0.05965834871,    -0.00146734042,      0.3260013161,                 0,       201.7672665
          0,           0,         464,      -9.222067822,      -9.234509899,      -9.319009018,      -8.649187714,             0.448,    0.001615726818,      0.3260007277,                 0,                 0,                 0,     0.05965835196,   -0.001467340654,      0.3260014293,                 0,        201.767232
          0,           0,         465,      -9.256344774,      -9.324678773,      -9.396821475,      -8.690152837,             0.448,    0.001615727178,      0.3260008326,                 0,                 0,                 0,     0.05965835546,   -0.001467341286,      0.3260015343,                 0,        201.767252
          0,           0,         466,      -9.271048831,      -9.394185523,      -9.500817682,      -8.708576705,             0.448,     0.00161572704,      0.3260009285,                 0,                 0,                 0,      0.0596583592,   -0.001467342331,      0.3260016302,                 0,       201.7673286
          0,           0,         467,      -9.277827142,      -9.448562891,      -9.556330467,      -8.716559828,             0.448,    0.001615726605,      0.3260010187,                 0,                 0,                 0,     0.05965836433,    -0.00146734362,      0.3260017204,                 0,       201.7674388
          0,           0,         468,      -9.283922077,      -9.497752608,      -9.569913013,      -8.723853609,             0.448,    0.001615725965,      0.3260011073,                 0,                 0,                 0,     0.05965837158,   -0.001467345097,       0.326001809,                 0,       201.7675734
          0,           0,         469,      -9.288563696,       -9.54309382,      -9.590835677,      -8.729935239,             0.448,     0.00161572504,      0.3260011943,                 0,                 0,                 0,     0.05965838034,   -0.001467346844,      0.3260018959,                 0,       201.7677428
          0,           0,         470,      -9.292105421,      -9.586785248,      -9.623493028,      -8.734835661,             0.448,    0.001615723779,      0.3260012778,                 0,                 0,                 0,     0.05965838967,   -0.001467348894,      0.3260019794,                 0,       201.7679519
          0,           0,         471,      -9.295330359,      -9.628919725,      -9.654319408,      -8.739203173,             0.448,    0.001615722228,      0.3260013574,                 0,                 0,                 0,     0.05965839929,   -0.001467351198,       0.326002059,                 0,       201.7681949
          0,           0,         472,      -9.298174323,       -9.66575236,      -9.677860265,      -8.742882298,             0.448,    0.001615720449,      0.3260014344,                 0,                 0,                 0,      0.0596584093,   -0.001467353706,       0.326002136,                 0,       201.7684648
          0,           0,         473,      -9.300620192,      -9.696207455,      -9.696913307,      -8.745869927,             0.448,    0.001615718489,      0.3260015093,                 0,                 0,                 0,     0.05965841966,   -0.001467356374,      0.3260022108,                 0,       201.7687558
          0,           0,         474,      -9.303055356,      -9.722926404,      -9.713535032,      -8.748705925,             0.448,    0.001615716417,      0.3260015816,                 0,                 0,                 0,     0.05965843007,    -0.00146735913,      0.3260022831,                 0,       201.7690593
          0,           0,         475,      -9.305870757,      -9.747515784,      -9.727606051,      -8.751887982,             0.448,    0.001615714312,      0.3260016511,                 0,                 0,                 0,     0.05965844028,   -0.001467361892,      0.3260023526,                 0,       201.7693652
          0,           0,         476,       -9.30924715,      -9.769717474,      -9.739055917,      -8.755593086,             0.448,    0.001615712235,      0.3260017179,                 0,                 0,                 0,      0.0596584502,     -0.0014673646,      0.3260024194,                 0,       201.7696659
          0,           0,         477,      -9.313206717,      -9.789252047,       -9.74868915,      -8.759814013,             0.448,    0.001615710224,      0.3260017824,                 0,                 0,                 0,     0.05965845975,   -0.001467367222,      0.3260024838,                 0,        201.769957
          0,           0,         478,      -9.317708516,      -9.806607122,      -9.757822711,      -8.764509328,             0.448,    0.001615708305,      0.3260018445,                 0,                 0,                 0,     0.05965846883,   -0.001467369728,       0.326002546,                 0,       201.7702351
          0,           0,         479,      -9.322719165,      -9.822922796,      -9.767431192,      -8.769671041,             0.448,    0.001615706509,      0.3260019041,                 0,                 0,                 0,     0.05965847734,   -0.001467372087,      0.3260026055,                 0,       201.7704962
          0,           0,         480,       -9.32822115,      -9.839483354,       -9.77769057,      -8.775310191,             0.448,    0.001615704864,       0.326001961,                 0,                 0,                 0,      0.0596584852,    -0.00146737427,      0.3260026624,                 0,       201.7707369
          0,           0,         481,      -9.334181642,      -9.857008873,      -9.788335742,      -8.781404183,             0.448,     0.00161570339,      0.3260020151,                 0,                 0,                 0,     0.05965849238,   -0.001467376256,      0.3260027165,                 0,       201.7709544
          0,           0,         482,      -9.340547751,      -9.875412706,      -9.799135787,      -8.787890797,             0.448,    0.001615702101,      0.3260020666,                 0,                 0,                 0,      0.0596584989,   -0.001467378031,       0.326002768,                 0,       201.7711473
          0,           0,         483,      -9.347270564,      -9.894167842,      -9.809987679,      -8.794707627,             0.448,    0.001615701002,      0.3260021154,                 0,                 0,                 0,     0.05965850479,   -0.001467379592,      0.3260028168,                 0,       201.7713147
          0,           0,         484,      -9.354320051,      -9.912784757,      -9.820837928,      -8.801818234,             0.448,    0.001615700092,      0.3260021617,                 0,                 0,                 0,     0.05965851008,    -0.00146738094,      0.3260028631,                 0,        201.771457
          0,           0,         485,      -9.361682276,      -9.931041072,      -9.831671371,      -8.809209713,             0.448,    0.001615699364,      0.3260022054,                 0,                 0,                 0,     0.05965851482,   -0.001467382081,      0.3260029067,                 0,        201.771575
          0,           0,         486,      -9.369353052,      -9.948940479,       -9.84253914,      -8.816882785,             0.448,    0.001615698806,      0.3260022466,                 0,                 0,                 0,     0.05965851905,   -0.001467383029,      0.3260029479,                 0,       201.7716702
          0,           0,         487,      -9.377334605,      -9.966542384,      -9.853543718,      -8.824845739,             0.448,    0.001615698403,      0.3260022852,                 0,                 0,                 0,     0.05965852283,   -0.001467383797,      0.3260029866,                 0,       201.7717445
          0,           0,         488,      -9.385633192,      -9.983823132,       -9.86479039,      -8.833110171,             0.448,    0.001615698137,      0.3260023215,                 0,                 0,                 0,     0.05965852623,   -0.001467384407,      0.3260030228,                 0,       201.7718001
          0,           0,         489,      -9.394256164,      -10.00065049,      -9.876352888,      -8.841686925,             0.448,    0.001615697987,      0.3260023555,                 0,                 0,                 0,     0.05965852931,   -0.001467384877,      0.3260030568,                 0,       201.7718399
          0,           0,         490,      -9.403209568,       -10.0168432,      -9.888268436,      -8.850583646,             0.448,    0.001615697932,      0.3260023873,                 0,                 0,                 0,     0.05965853213,   -0.001467385234,      0.3260030886,                 0,       201.7718665
          0,           0,         491,      -9.412497197,      -10.03224745,      -9.900547068,      -8.859804511,             0.448,    0.001615697947,      0.3260024171,                 0,                 0,                 0,     0.05965853476,     -0.0014673855,      0.3260031184,                 0,        201.771883
          0,           0,         492,      -9.422120537,       -10.0467939,      -9.913181447,      -8.869351011,             0.448,     0.00161569801,      0.3260024449,                 0,                 0,                 0,     0.05965853724,     -0.0014673857,      0.3260031463,                 0,       201.7718923
          0,           0,         493,      -9.432079196,      -10.06052321,      -9.926154362,       -8.87922291,             0.448,    0.001615698099,       0.326002471,                 0,                 0,                 0,     0.05965853961,   -0.001467385858,      0.3260031723,                 0,       201.7718974
          0,           0,         494,      -9.442371681,       -10.0735806,      -9.939446088,      -8.889419221,             0.448,    0.001615698193,      0.3260024954,                 0,                 0,                 0,      0.0596585419,   -0.001467385995,      0.3260031967,                 0,       201.7719008
          0,           0,         495,       -9.45299624,      -10.08618446,      -9.953041374,      -8.899938937,             0.448,    0.001615698275,      0.3260025183,                 0,                 0,                 0,     0.05965854413,   -0.001467386129,      0.3260032196,                 0,       201.7719047
          0,           0,         496,      -9.463951505,      -10.09857869,       -9.96693366,      -8.910781486,             0.448,    0.001615698332,      0.3260025397,                 0,                 0,                 0,      0.0596585463,   -0.001467386275,      0.3260032411,                 0,       201.7719108
          0,           0,         497,       -9.47523661,      -10.11099343,      -9.981124939,      -8.921946737,             0.448,    0.001615698354,      0.3260025599,                 0,                 0,                 0,     0.05965854842,   -0.001467386443,      0.3260032612,                 0,       201.7719206
          0,           0,         498,      -9.486851086,      -10.12362459,      -9.995622841,       -8.93343488,             0.448,    0.001615698334,      0.3260025787,                 0,                 0,                 0,     0.05965855048,   -0.001467386641,        0.32600328,                 0,       201.7719347
          0,           0,         499,        -9.4987946,      -10.13663103,      -10.01043781,      -8.945246218,             0.448,    0.001615698271,      0.3260025964,                 0,                 0,                 0,     0.05965855247,   -0.001467386872,      0.3260032977,                 0,       201.7719536
          0,           0,         500,      -9.511066713,      -10.15013709,        -10.025581,       -8.95738093,             0.448,    0.001615698164,       0.326002613,                 0,                 0,                 0,     0.05965855436,   -0.001467387137,      0.3260033143,                 0,       201.7719772
          0,           0,         501,       -9.52366668,      -10.16423134,      -10.04106334,      -8.969838846,             0.448,    0.001615623678,       0.326002629,                 0,                 0,                 0,     0.05965855615,   -0.001467387431,      0.3260033299,                 0,       201.7812895
          0,           0,         502,      -7.695866689,      -7.667029493,       -7.49804389,      -7.089191923,             0.448,    0.001615623494,      0.3260026395,                 0,                 0,                 0,      0.0596585569,   -0.001467387714,      0.3260033405,                 0,       201.7813189
          0,           0,         503,      -7.993260348,      -7.931179148,      -7.775592521,      -7.382705923,             0.448,    0.001615622713,      0.3260025566,                 0,                 0,                 0,     0.05965853425,   -0.001467387711,      0.3260032575,                 0,       201.7813652
          0,           0,         504,      -8.235889959,      -8.101680678,      -8.199971715,      -7.642290725,             0.448,    0.001615617654,      0.3260021871,                 0,                 0,                 0,     0.05965843643,   -0.001467389276,       0.326002888,                 0,       201.7817683
          0,           0,         505,        -8.4348798,      -8.241675309,      -8.435325502,      -7.824370294,             0.448,    0.001615609338,       0.326001622,                 0,                 0,                 0,     0.05965830127,   -0.001467392247,      0.3260023228,                 0,       201.7824571
          0,           0,         506,      -8.597223129,      -8.439827459,       -8.50091078,      -7.998290664,             0.448,    0.001615604913,      0.3260011125,                 0,                 0,                 0,     0.05965820818,   -0.001467391854,      0.3260018133,                 0,       201.7826944
          0,           0,         507,      -8.693737052,      -8.547094535,      -8.626661659,        -8.0958672,             0.448,    0.001615601667,      0.3260008208,                 0,                 0,                 0,     0.05965818985,   -0.001467392342,      0.3260015216,                 0,       201.7829194
          0,           0,         508,      -8.828742665,      -8.640527568,      -8.759373227,      -8.227859291,             0.448,    0.001615599721,       0.326000747,                 0,                 0,                 0,     0.05965823068,   -0.001467393589,      0.3260014478,                 0,       201.7831167
          0,           0,         509,      -8.858247557,      -8.670674706,       -8.82472885,      -8.255639779,             0.448,    0.001615598275,      0.3260007389,                 0,                 0,                 0,     0.05965827897,   -0.001467394958,      0.3260014397,                 0,       201.7832922
          0,           0,         510,      -8.911269905,      -8.734370374,      -8.868218593,      -8.306978265,             0.448,    0.001615594531,      0.3260006656,                 0,                 0,                 0,     0.05965830233,   -0.001467398009,      0.3260013664,                 0,       201.7837145
          0,           0,         511,      -9.030896293,      -8.863935694,      -8.958599848,      -8.432499535,             0.448,    0.001615591078,      0.3260005418,                 0,                 0,                 0,     0.05965830956,   -0.001467400291,      0.3260012425,                 0,       201.7840691
          0,           0,         512,      -9.109122406,      -8.952972843,      -9.077254592,      -8.519677451,             0.448,    0.001615588947,      0.3260004198,                 0,                 0,                 0,     0.05965831513,   -0.001467401268,      0.3260011205,                 0,       201.7842597
          0,           0,         513,      -9.134668189,      -8.991444559,      -9.141056535,      -8.543812758,             0.448,    0.001615587209,      0.3260003126,                 0,                 0,                 0,      0.0596583207,   -0.001467401992,      0.3260010133,                 0,       201.7844105
          0,           0,         514,      -9.192515302,      -9.062491886,      -9.175336427,      -8.601996205,             0.448,    0.001615585757,      0.3260002147,                 0,                 0,                 0,     0.05965832471,   -0.001467402519,      0.3260009154,                 0,       201.7845313
          0,           0,         515,      -9.270271515,      -9.159380583,      -9.260605906,      -8.687193838,             0.448,    0.001615585043,      0.3260001256,                 0,                 0,                 0,     0.05965832778,    -0.00146740239,      0.3260008263,                 0,       201.7845653
          0,           0,         516,      -9.316847704,      -9.242346525,      -9.391871739,      -8.740825914,             0.448,    0.001615585125,      0.3260000464,                 0,                 0,                 0,     0.05965832997,   -0.001467401559,      0.3260007471,                 0,       201.7845061
          0,           0,         517,      -9.343695098,       -9.30821035,       -9.47771201,      -8.769512299,             0.448,    0.001615585706,      0.3259999724,                 0,                 0,                 0,     0.05965832969,   -0.001467400278,      0.3260006731,                 0,       201.7843876
          0,           0,         518,      -9.368870658,      -9.366138727,      -9.500655168,       -8.79535097,             0.448,    0.001615586603,      0.3259998978,                 0,                 0,                 0,      0.0596583258,   -0.001467398677,      0.3260005985,                 0,       201.7842295
          0,           0,         519,      -9.389114406,      -9.419997374,      -9.532446119,      -8.817483224,             0.448,     0.00161558789,      0.3259998224,                 0,                 0,                 0,     0.05965831911,   -0.001467396677,      0.3260005232,                 0,       201.7840221
          0,           0,         520,      -9.404268673,       -9.47486517,      -9.587110647,      -8.835672412,             0.448,    0.001615589634,      0.3259997492,                 0,                 0,                 0,     0.05965831104,    -0.00146739424,      0.3260004499,                 0,       201.7837589
          0,           0,         521,      -9.417337812,      -9.533885672,      -9.644001093,      -8.852138795,             0.448,    0.001615591757,      0.3259996786,                 0,                 0,                 0,     0.05965830213,   -0.001467391449,      0.3260003793,                 0,       201.7834501
          0,           0,         522,      -9.427823346,      -9.592647595,      -9.689585904,      -8.865576368,             0.448,    0.001615594156,      0.3259996091,                 0,                 0,                 0,     0.05965829221,   -0.001467388394,      0.3260003099,                 0,       201.7831075
          0,           0,         523,      -9.434661125,       -9.64553875,      -9.726850902,      -8.874499584,             0.448,    0.001615596752,      0.3259995402,                 0,                 0,                 0,      0.0596582814,   -0.001467385146,      0.3260002411,                 0,       201.7827406
          0,           0,         524,      -9.438863166,      -9.691998233,      -9.759449642,      -8.880213524,             0.448,    0.001615599446,      0.3259994726,                 0,                 0,                 0,     0.05965827015,   -0.001467381812,      0.3260001735,                 0,       201.7823622
          0,           0,         525,      -9.442057155,      -9.732827106,      -9.786145994,      -8.884732911,             0.448,    0.001615602123,      0.3259994069,                 0,                 0,                 0,     0.05965825883,   -0.001467378513,      0.3260001077,                 0,       201.7819871
          0,           0,         526,      -9.445190276,      -9.767836723,      -9.805662924,      -8.889052724,             0.448,    0.001615604696,      0.3259993427,                 0,                 0,                 0,      0.0596582476,   -0.001467375333,      0.3260000436,                 0,        201.781626
          0,           0,         527,      -9.448572369,      -9.797353107,      -9.819185979,      -8.893414391,             0.448,     0.00161560712,      0.3259992797,                 0,                 0,                 0,     0.05965823653,   -0.001467372315,      0.3259999806,                 0,       201.7812844
          0,           0,         528,      -9.452195504,      -9.822437147,      -9.829910299,      -8.897821506,             0.448,    0.001615609364,      0.3259992181,                 0,                 0,                 0,     0.05965822578,   -0.001467369488,       0.325999919,                 0,       201.7809659
          0,           0,         529,      -9.456014025,      -9.844635981,      -9.840764754,      -8.902310677,             0.448,    0.001615611397,      0.3259991581,                 0,                 0,                 0,     0.05965821553,   -0.001467366888,      0.3259998591,                 0,       201.7806749
          0,           0,         530,      -9.460042557,      -9.865865615,      -9.852627061,      -8.906982662,             0.448,     0.00161561319,      0.3259991001,                 0,                 0,                 0,     0.05965820589,   -0.001467364547,      0.3259998011,                 0,       201.7804151
          0,           0,         531,      -9.464268695,      -9.887493327,      -9.864891091,       -8.91185266,             0.448,    0.001615614723,      0.3259990442,                 0,                 0,                 0,      0.0596581969,   -0.001467362485,      0.3259997453,                 0,        201.780189
          0,           0,         532,      -9.468613237,      -9.909716122,      -9.876802702,       -8.91680653,             0.448,    0.001615615988,      0.3259989905,                 0,                 0,                 0,     0.05965818855,   -0.001467360711,      0.3259996915,                 0,       201.7799977
          0,           0,         533,      -9.472992517,      -9.931987101,      -9.887931477,      -8.921712893,             0.448,    0.001615616986,      0.3259989387,                 0,                 0,                 0,     0.05965818082,   -0.001467359224,      0.3259996398,                 0,       201.7798411
          0,           0,         534,      -9.477367791,      -9.953732624,      -9.898075007,      -8.926508315,             0.448,    0.001615617726,      0.3259988891,                 0,                 0,                 0,     0.05965817367,   -0.001467358016,      0.3259995902,                 0,        201.779718
          0,           0,         535,      -9.481742746,      -9.974735081,      -9.907231853,      -8.931194454,             0.448,    0.001615618225,      0.3259988417,                 0,                 0,                 0,     0.05965816708,   -0.001467357068,      0.3259995427,                 0,       201.7796264
          0,           0,         536,      -9.486147102,       -9.99512441,      -9.915634563,      -8.935811135,             0.448,    0.001615618504,      0.3259987964,                 0,                 0,                 0,     0.05965816098,   -0.001467356361,      0.3259994975,                 0,       201.7795635
          0,           0,         537,      -9.490627326,      -10.01513313,       -9.92366221,      -8.940420877,             0.448,    0.001615618589,      0.3259987533,                 0,                 0,                 0,     0.05965815534,   -0.001467355869,      0.3259994544,                 0,       201.7795262
          0,           0,         538,      -9.495239747,      -10.03484524,      -9.931684474,      -8.945097534,             0.448,    0.001615618507,      0.3259987124,                 0,                 0,                 0,     0.05965815008,   -0.001467355563,      0.3259994135,                 0,        201.779511
          0,           0,         539,      -9.500042313,      -10.05409603,       -9.93996758,      -8.949914097,             0.448,    0.001615618291,      0.3259986735,                 0,                 0,                 0,     0.05965814513,   -0.001467355412,      0.3259993746,                 0,        201.779514
          0,           0,         540,      -9.505087756,      -10.07252934,      -9.948664034,      -8.954934291,             0.448,    0.001615617971,      0.3259986366,                 0,                 0,                 0,     0.05965814043,   -0.001467355383,      0.3259993377,                 0,       201.7795312
          0,           0,         541,      -9.510420405,      -10.08972844,      -9.957836865,      -8.960209973,             0.448,     0.00161561758,      0.3259986016,                 0,                 0,                 0,     0.05965813592,   -0.001467355443,      0.3259993027,                 0,       201.7795583
          0,           0,         542,      -9.516074982,      -10.10535753,      -9.967484865,      -8.965781336,             0.448,     0.00161561715,      0.3259985683,                 0,                 0,                 0,     0.05965813155,   -0.001467355557,      0.3259992694,                 0,       201.7795913
          0,           0,         543,      -9.522076695,      -10.11927183,      -9.977564627,      -8.971678063,             0.448,    0.001615616711,      0.3259985366,                 0,                 0,                 0,     0.05965812729,   -0.001467355697,      0.3259992377,                 0,       201.7796266
          0,           0,         544,      -9.528442884,       -10.1315647,       -9.98801414,      -8.977921374,             0.448,    0.001615616289,      0.3259985065,                 0,                 0,                 0,     0.05965812311,   -0.001467355834,      0.3259992075,                 0,       201.7796606
          0,           0,         545,      -9.535185275,      -10.14254167,      -9.998776713,      -8.984526122,             0.448,    0.001615615906,      0.3259984777,                 0,                 0,                 0,       0.059658119,   -0.001467355945,      0.3259991788,                 0,       201.7796907
          0,           0,         546,      -9.542311537,      -10.15263289,      -10.00981692,      -8.991502087,             0.448,    0.001615615578,      0.3259984503,                 0,                 0,                 0,     0.05965811496,   -0.001467356014,      0.3259991513,                 0,       201.7797146
          0,           0,         547,      -9.549825407,      -10.16229716,      -10.02112358,      -8.998854058,             0.448,    0.001615615317,      0.3259984241,                 0,                 0,                 0,     0.05965811099,   -0.001467356027,      0.3259991251,                 0,        201.779731
          0,           0,         548,       -9.55772649,       -10.1719519,      -10.03270325,      -9.006581894,             0.448,     0.00161561513,      0.3259983991,                 0,                 0,                 0,     0.05965810712,   -0.001467355977,      0.3259991001,                 0,       201.7797389
          0,           0,         549,      -9.566010353,      -10.18194012,      -10.04457149,      -9.014680993,             0.448,    0.001615615017,      0.3259983751,                 0,                 0,                 0,     0.05965810335,   -0.001467355864,      0.3259990762,                 0,       201.7797382
          0,           0,         550,      -9.574669245,       -10.1925186,      -10.05674629,      -9.023143352,             0.448,    0.001615614975,      0.3259983523,                 0,                 0,                 0,     0.05965809973,   -0.001467355689,      0.3259990533,                 0,       201.7797293
          0,           0,         551,      -9.583693312,      -10.20385442,       -10.0692438,      -9.031959061,             0.448,    0.001615661874,      0.3259983302,                 0,                 0,                 0,     0.05965809626,   -0.001467355459,      0.3259990315,                 0,       201.7738584
          0,           0,         552,      -7.896041937,      -7.867385634,      -7.698295386,      -7.289402342,             0.448,    0.001615661967,      0.3259983125,                 0,                 0,                 0,     0.05965809368,   -0.001467355199,      0.3259990138,                 0,       201.7738358
          0,           0,         553,      -8.193486963,      -8.131245398,      -7.975865905,      -7.582914027,             0.448,    0.001615662445,      0.3259983538,                 0,                 0,                 0,     0.05965810587,   -0.001467355112,      0.3259990551,                 0,       201.7738017
          0,           0,         554,      -8.435723886,      -8.301874793,      -8.400302481,      -7.842143603,             0.448,    0.001615665643,      0.3259985763,                 0,                 0,                 0,     0.05965816561,   -0.001467354018,      0.3259992776,                 0,         201.77354
          0,           0,         555,      -8.634255441,      -8.441911869,      -8.635272888,      -8.023950967,             0.448,    0.001615670908,      0.3259989229,                 0,                 0,                 0,      0.0596582491,   -0.001467352031,      0.3259996242,                 0,       201.7730971
          0,           0,         556,        -8.7954011,      -8.640155258,      -8.700559995,      -8.196889422,             0.448,    0.001615673718,      0.3259992344,                 0,                 0,                 0,     0.05965830607,   -0.001467352166,      0.3259999357,                 0,       201.7729388
          0,           0,         557,      -8.890838816,      -8.747283857,      -8.826403607,       -8.29356101,             0.448,    0.001615675785,      0.3259994083,                 0,                 0,                 0,     0.05965831598,   -0.001467351745,      0.3260001096,                 0,       201.7727884
          0,           0,         558,      -9.023896163,      -8.840557483,      -8.959520618,      -8.424004624,             0.448,    0.001615677044,      0.3259994455,                 0,                 0,                 0,     0.05965828886,   -0.001467350838,      0.3260001469,                 0,       201.7726542
          0,           0,         559,      -9.053418761,      -8.870545999,      -9.025426847,      -8.451816644,             0.448,    0.001615677989,      0.3259994415,                 0,                 0,                 0,     0.05965825712,   -0.001467349856,      0.3260001429,                 0,       201.7725338
          0,           0,         560,      -9.105739887,       -8.93401839,      -9.068902458,      -8.502598797,             0.448,    0.001615680364,      0.3259994785,                 0,                 0,                 0,     0.05965824107,    -0.00146734783,      0.3260001799,                 0,       201.7722601
          0,           0,         561,      -9.222593155,      -9.063279989,      -9.158940883,      -8.625673758,             0.448,    0.001615682559,      0.3259995479,                 0,                 0,                 0,     0.05965823532,   -0.001467346291,      0.3260002493,                 0,       201.7720289
          0,           0,         562,      -9.299119701,      -9.152153032,      -9.277844668,      -8.711076832,             0.448,    0.001615683914,      0.3259996168,                 0,                 0,                 0,     0.05965823077,   -0.001467345588,      0.3260003182,                 0,       201.7719023
          0,           0,         563,      -9.325118509,      -9.190354364,      -9.341979548,       -8.73556416,             0.448,    0.001615685019,      0.3259996768,                 0,                 0,                 0,     0.05965822631,   -0.001467345051,      0.3260003783,                 0,       201.7718015
          0,           0,         564,      -9.381591521,      -9.260879602,      -9.375850642,      -8.792345473,             0.448,    0.001615685948,      0.3259997313,                 0,                 0,                 0,     0.05965822288,   -0.001467344637,      0.3260004327,                 0,       201.7717191
          0,           0,         565,      -9.457701707,      -9.358095151,      -9.460823113,      -8.875721539,             0.448,    0.001615686414,      0.3259997804,                 0,                 0,                 0,     0.05965822008,   -0.001467344635,      0.3260004819,                 0,       201.7716913
          0,           0,         566,      -9.505797177,      -9.442787914,      -9.593077259,      -8.930696871,             0.448,     0.00161568638,      0.3259998238,                 0,                 0,                 0,     0.05965821788,   -0.001467345079,      0.3260005252,                 0,       201.7717224
          0,           0,         567,      -9.535541271,      -9.510149345,      -9.681230426,       -8.96215428,             0.448,    0.001615686029,      0.3259998641,                 0,                 0,                 0,     0.05965821724,   -0.001467345811,      0.3260005655,                 0,       201.7717912
          0,           0,         568,      -9.563823905,      -9.568616987,       -9.70553047,      -8.990693834,             0.448,     0.00161568548,      0.3259999049,                 0,                 0,                 0,     0.05965821889,   -0.001467346747,      0.3260006064,                 0,        201.771885
          0,           0,         569,      -9.588022304,      -9.623005818,       -9.73851212,      -9.016196782,             0.448,    0.001615684692,      0.3259999467,                 0,                 0,                 0,     0.05965822237,    -0.00146734793,      0.3260006481,                 0,       201.7720093
          0,           0,         570,      -9.607789452,      -9.679037451,      -9.795559964,      -9.038500447,             0.448,    0.001615683622,      0.3259999876,                 0,                 0,                 0,     0.05965822679,   -0.001467349387,       0.326000689,                 0,       201.7721683
          0,           0,         571,      -9.625771639,      -9.740112512,      -9.856079141,       -9.05955329,             0.448,    0.001615682315,       0.326000027,                 0,                 0,                 0,      0.0596582318,   -0.001467351066,      0.3260007284,                 0,       201.7723559
          0,           0,         572,      -9.641290372,      -9.802023149,       -9.90549697,      -9.077838019,             0.448,    0.001615680839,       0.326000066,                 0,                 0,                 0,     0.05965823749,   -0.001467352911,      0.3260007674,                 0,       201.7725644
          0,           0,         573,      -9.652968112,       -9.85865695,      -9.946421058,      -9.091479754,             0.448,    0.001615679243,       0.326000105,                 0,                 0,                 0,      0.0596582438,   -0.001467354876,      0.3260008064,                 0,       201.7727878
          0,           0,         574,      -9.661605328,      -9.908685922,      -9.982748913,      -9.101523762,             0.448,    0.001615677588,      0.3260001435,                 0,                 0,                 0,     0.05965825045,   -0.001467356894,      0.3260008448,                 0,       201.7730183
          0,           0,         575,      -9.668843379,       -9.95255872,      -10.01303532,      -9.110014827,             0.448,    0.001615675947,      0.3260001811,                 0,                 0,                 0,     0.05965825719,    -0.00146735889,      0.3260008824,                 0,       201.7732464
          0,           0,         576,      -9.675695202,      -9.990014355,      -10.03557232,        -9.1180286,             0.448,    0.001615674376,      0.3260002179,                 0,                 0,                 0,     0.05965826393,   -0.001467360811,      0.3260009192,                 0,       201.7734655
          0,           0,         577,      -9.682512296,      -10.02147989,      -10.05134901,      -9.125838866,             0.448,    0.001615672902,      0.3260002542,                 0,                 0,                 0,     0.05965827061,   -0.001467362628,      0.3260009555,                 0,       201.7736721
          0,           0,         578,      -9.689299676,      -10.04812633,      -10.06375051,      -9.133452804,             0.448,    0.001615671543,        0.32600029,                 0,                 0,                 0,     0.05965827714,   -0.001467364324,      0.3260009913,                 0,       201.7738638
          0,           0,         579,      -9.696008147,      -10.07148855,       -10.0761062,        -9.1409034,             0.448,     0.00161567032,      0.3260003249,                 0,                 0,                 0,      0.0596582834,   -0.001467365878,      0.3260010262,                 0,       201.7740383
          0,           0,         580,      -9.702656506,       -10.0934867,      -10.08952413,      -9.148300503,             0.448,    0.001615669249,      0.3260003588,                 0,                 0,                 0,     0.05965828932,    -0.00146736727,      0.3260010601,                 0,        201.774193
          0,           0,         581,      -9.709239706,      -10.11558671,      -10.10335027,       -9.15566765,             0.448,    0.001615668341,      0.3260003917,                 0,                 0,                 0,     0.05965829487,   -0.001467368488,      0.3260010929,                 0,       201.7743267
          0,           0,         582,      -9.715673447,      -10.13810721,      -10.11667696,      -9.162876277,             0.448,    0.001615667602,      0.3260004234,                 0,                 0,                 0,     0.05965830004,   -0.001467369527,      0.3260011246,                 0,       201.7744386
          0,           0,         583,      -9.721860339,        -10.160595,      -10.12895698,      -9.169765854,             0.448,     0.00161566703,       0.326000454,                 0,                 0,                 0,     0.05965830486,   -0.001467370389,      0.3260011552,                 0,        201.774529
          0,           0,         584,       -9.72775184,      -10.18253687,      -10.13992825,      -9.176249201,             0.448,    0.001615666619,      0.3260004834,                 0,                 0,                 0,     0.05965830934,   -0.001467371078,      0.3260011847,                 0,       201.7745986
          0,           0,         585,      -9.733351226,      -10.20375507,      -10.14957889,      -9.182318122,             0.448,    0.001615666357,      0.3260005117,                 0,                 0,                 0,     0.05965831349,   -0.001467371607,      0.3260012129,                 0,       201.7746487
          0,           0,         586,      -9.738697155,      -10.22442059,      -10.15818227,      -9.188016112,             0.448,    0.001615666232,      0.3260005388,                 0,                 0,                 0,     0.05965831735,   -0.001467371988,        0.32600124,                 0,       201.7746811
          0,           0,         587,      -9.743853692,      -10.24481909,       -10.1661939,      -9.193421775,             0.448,    0.001615666226,      0.3260005646,                 0,                 0,                 0,     0.05965832094,   -0.001467372238,      0.3260012658,                 0,       201.7746978
          0,           0,         588,      -9.748902001,      -10.26508534,      -10.17406451,       -9.19863523,             0.448,    0.001615666323,      0.3260005892,                 0,                 0,                 0,     0.05965832431,   -0.001467372374,      0.3260012904,                 0,        201.774701
          0,           0,         589,      -9.753929266,      -10.28508128,      -10.18212438,      -9.203761716,             0.448,    0.001615666502,      0.3260006127,                 0,                 0,                 0,     0.05965832749,   -0.001467372417,      0.3260013139,                 0,       201.7746932
          0,           0,         590,      -9.759018861,      -10.30443273,      -10.19056871,      -9.208898852,             0.448,    0.001615666744,       0.326000635,                 0,                 0,                 0,     0.05965833052,   -0.001467372386,      0.3260013362,                 0,       201.7746768
          0,           0,         591,      -9.764244586,      -10.32265947,      -10.19948403,      -9.214130821,             0.448,    0.001615667028,      0.3260006563,                 0,                 0,                 0,     0.05965833345,   -0.001467372304,      0.3260013575,                 0,       201.7746545
          0,           0,         592,      -9.769667711,      -10.33932789,      -10.20887669,      -9.219526555,             0.448,    0.001615667335,      0.3260006766,                 0,                 0,                 0,     0.05965833628,   -0.001467372189,      0.3260013778,                 0,       201.7746287
          0,           0,         593,      -9.775335978,      -10.35418563,      -10.21869835,      -9.225139802,             0.448,    0.001615667645,      0.3260006959,                 0,                 0,                 0,     0.05965833906,   -0.001467372062,      0.3260013972,                 0,       201.7746019
          0,           0,         594,      -9.781285032,      -10.36723744,      -10.22887479,       -9.23101102,             0.448,    0.001615667943,      0.3260007144,                 0,                 0,                 0,     0.05965834178,   -0.001467371939,      0.3260014157,                 0,       201.7745762
          0,           0,         595,      -9.787541275,      -10.37873992,      -10.23933553,      -9.237170123,             0.448,    0.001615668215,      0.3260007321,                 0,                 0,                 0,     0.05965834446,   -0.001467371834,      0.3260014334,                 0,       201.7745532
          0,           0,         596,      -9.794123824,      -10.38912061,       -10.2500351,      -9.243638268,             0.448,     0.00161566845,      0.3260007491,                 0,                 0,                 0,     0.05965834711,   -0.001467371759,      0.3260014503,                 0,       201.7745343
          0,           0,         597,      -9.801044996,      -10.39887042,      -10.26095722,      -9.250428454,             0.448,    0.001615668642,      0.3260007653,                 0,                 0,                 0,      0.0596583497,   -0.001467371721,      0.3260014666,                 0,       201.7745204
          0,           0,         598,       -9.80831033,      -10.40845722,      -10.27210797,      -9.257545936,             0.448,    0.001615668786,      0.3260007809,                 0,                 0,                 0,     0.05965835224,   -0.001467371724,      0.3260014821,                 0,        201.774512
          0,           0,         599,      -9.815919128,      -10.41827606,      -10.28350496,      -9.264989342,             0.448,    0.001615668883,      0.3260007958,                 0,                 0,                 0,     0.05965835471,   -0.001467371769,      0.3260014971,                 0,       201.7745092
          0,           0,         600,       -9.82386579,      -10.42862782,      -10.29516886,      -9.272752472,             0.448,    0.001615668933,      0.3260008102,                 0,                 0,                 0,     0.05965835709,   -0.001467371854,      0.3260015114,                 0,       201.7745118
          0,           0,         601,      -9.832141743,      -10.43971129,      -10.30711841,      -9.280826618,             0.448,    0.001615645893,       0.326000824,                 0,                 0,                 0,     0.05965835937,   -0.001467371976,      0.3260015251,                 0,       201.7773978
          0,           0,         602,      -8.204310076,      -8.175751441,      -8.006608592,       -7.59768978,             0.448,    0.001615645854,      0.3260008355,                 0,                 0,                 0,     0.05965836116,   -0.001467372123,      0.3260015366,                 0,       201.7774097
          0,           0,         603,      -8.501762369,      -8.439464017,      -8.284188999,      -7.891186084,             0.448,    0.001615645624,      0.3260008178,                 0,                 0,                 0,     0.05965835568,   -0.001467372186,       0.326001519,                 0,       201.7774276
          0,           0,         604,      -8.743751197,      -8.610155556,      -8.708647443,      -8.150193084,             0.448,     0.00161564405,      0.3260007111,                 0,                 0,                 0,     0.05965832679,    -0.00146737275,      0.3260014122,                 0,        201.777558
          0,           0,         605,      -8.941946044,       -8.75021063,      -8.943409791,      -8.331786519,             0.448,    0.001615641457,      0.3260005431,                 0,                 0,                 0,     0.05965828618,   -0.001467373755,      0.3260012442,                 0,       201.7777779
          0,           0,         606,      -9.102310029,      -8.948493958,      -9.008541948,      -8.504076286,             0.448,    0.001615640069,      0.3260003923,                 0,                 0,                 0,      0.0596582586,   -0.001467373717,      0.3260010934,                 0,       201.7778579
          0,           0,         607,      -9.197027595,      -9.055544117,       -9.13441399,      -8.600141002,             0.448,    0.001615639048,      0.3260003093,                 0,                 0,                 0,     0.05965825413,   -0.001467373953,      0.3260010104,                 0,       201.7779341
          0,           0,         608,      -9.328694667,      -9.148729262,      -9.267694956,       -8.72947122,             0.448,     0.00161563842,      0.3260002933,                 0,                 0,                 0,     0.05965826781,    -0.00146737443,      0.3260009944,                 0,       201.7780026
          0,           0,         609,      -9.358118297,      -9.178641096,      -9.333850853,      -8.757219652,             0.448,    0.001615637946,      0.3260002975,                 0,                 0,                 0,     0.05965828374,   -0.001467374943,      0.3260009986,                 0,       201.7780644
          0,           0,         610,      -9.409847827,      -9.241999417,       -9.37730915,       -8.80753464,             0.448,    0.001615636774,      0.3260002816,                 0,                 0,                 0,     0.05965829195,   -0.001467375965,      0.3260009827,                 0,        201.778201
          0,           0,         611,      -9.524487837,      -9.371077355,      -9.467125567,      -8.928660167,             0.448,    0.001615635689,      0.3260002497,                 0,                 0,                 0,     0.05965829508,   -0.001467376748,      0.3260009507,                 0,       201.7783167
          0,           0,         612,      -9.599364688,       -9.45982106,      -9.586034047,      -9.012407948,             0.448,    0.001615635018,      0.3260002178,                 0,                 0,                 0,     0.05965829757,   -0.001467377117,      0.3260009188,                 0,       201.7783807
          0,           0,         613,      -9.625293145,      -9.497870901,      -9.650242909,      -9.036839113,             0.448,    0.001615634471,      0.3260001901,                 0,                 0,                 0,         0.0596583,   -0.001467377402,      0.3260008912,                 0,       201.7784319
          0,           0,         614,      -9.680301418,      -9.568110027,       -9.68387146,      -9.092249934,             0.448,     0.00161563401,      0.3260001652,                 0,                 0,                 0,     0.05965830191,   -0.001467377628,      0.3260008662,                 0,       201.7784741
          0,           0,         615,      -9.754108046,      -9.665404607,      -9.768543051,      -9.173281843,             0.448,    0.001615633775,      0.3260001427,                 0,                 0,                 0,      0.0596583035,    -0.00146737765,      0.3260008438,                 0,       201.7784895
          0,           0,         616,      -9.801730122,      -9.750876113,      -9.900819948,      -9.227642884,             0.448,    0.001615633786,       0.326000123,                 0,                 0,                 0,     0.05965830479,   -0.001467377453,      0.3260008241,                 0,       201.7784759
          0,           0,         617,      -9.832087257,       -9.81891717,      -9.989588034,      -9.259679644,             0.448,    0.001615633954,      0.3260001048,                 0,                 0,                 0,      0.0596583053,   -0.001467377113,      0.3260008059,                 0,       201.7784438
          0,           0,         618,      -9.861035836,      -9.877514432,      -10.01447023,      -9.288766435,             0.448,    0.001615634218,      0.3260000863,                 0,                 0,                 0,     0.05965830469,   -0.001467376674,      0.3260007873,                 0,       201.7783993
          0,           0,         619,      -9.886448751,      -9.932030789,      -10.04791756,      -9.315223777,             0.448,    0.001615634598,      0.3260000672,                 0,                 0,                 0,     0.05965830317,   -0.001467376113,      0.3260007682,                 0,         201.77834
          0,           0,         620,      -9.908010411,      -9.988554163,      -10.10575062,      -9.339015235,             0.448,    0.001615635115,      0.3260000484,                 0,                 0,                 0,     0.05965830116,   -0.001467375419,      0.3260007495,                 0,       201.7782638
          0,           0,         621,      -9.928081445,      -10.05052351,      -10.16756675,      -9.361877238,             0.448,    0.001615635748,      0.3260000303,                 0,                 0,                 0,     0.05965829885,   -0.001467374614,      0.3260007314,                 0,       201.7781735
          0,           0,         622,      -9.945930945,      -10.11383125,      -10.21848639,       -9.38226833,             0.448,    0.001615636464,      0.3260000123,                 0,                 0,                 0,     0.05965829619,   -0.001467373728,      0.3260007134,                 0,        201.778073
          0,           0,         623,      -9.960117502,      -10.17219268,      -10.26092374,      -9.398244533,             0.448,    0.001615637238,      0.3259999943,                 0,                 0,                 0,     0.05965829322,   -0.001467372784,      0.3260006954,                 0,       201.7779651
          0,           0,         624,      -9.971298344,      -10.22389864,      -10.29888384,       -9.41067986,             0.448,    0.001615638041,      0.3259999764,                 0,                 0,                 0,     0.05965829006,   -0.001467371812,      0.3260006775,                 0,       201.7778538
          0,           0,         625,      -9.981029822,      -10.26919277,      -10.33086814,      -9.421528943,             0.448,    0.001615638836,      0.3259999589,                 0,                 0,                 0,     0.05965828685,   -0.001467370851,        0.32600066,                 0,       201.7777436
          0,           0,         626,      -9.990296894,      -10.30777399,      -10.35497474,      -9.431850192,             0.448,    0.001615639598,      0.3259999417,                 0,                 0,                 0,     0.05965828362,   -0.001467369927,      0.3260006428,                 0,       201.7776379
          0,           0,         627,      -9.999442703,      -10.34012509,      -10.37206208,      -9.441912003,             0.448,     0.00161564031,      0.3259999247,                 0,                 0,                 0,      0.0596582804,   -0.001467369053,      0.3260006258,                 0,       201.7775384
          0,           0,         628,      -10.00846654,      -10.36747888,      -10.38554184,      -9.451713255,             0.448,    0.001615640965,      0.3259999078,                 0,                 0,                 0,     0.05965827725,   -0.001467368239,       0.326000609,                 0,       201.7774461
          0,           0,         629,      -10.01730744,      -10.39135425,      -10.39889489,      -9.461273378,             0.448,    0.001615641554,      0.3259998914,                 0,                 0,                 0,     0.05965827422,   -0.001467367495,      0.3260005925,                 0,       201.7773624
          0,           0,         630,      -10.02597371,      -10.41364641,      -10.41334073,      -9.470692565,             0.448,    0.001615642067,      0.3259998754,                 0,                 0,                 0,     0.05965827135,    -0.00146736683,      0.3260005765,                 0,       201.7772884
          0,           0,         631,       -10.0344527,      -10.43585385,      -10.42821017,      -9.479987896,             0.448,      0.0016156425,      0.3259998598,                 0,                 0,                 0,     0.05965826866,    -0.00146736625,       0.326000561,                 0,       201.7772247
          0,           0,         632,      -10.04264804,      -10.45836387,      -10.44251637,      -9.489016263,             0.448,    0.001615642851,      0.3259998448,                 0,                 0,                 0,     0.05965826614,   -0.001467365757,      0.3260005459,                 0,       201.7771716
          0,           0,         633,      -10.05044486,      -10.48079057,      -10.45564519,      -9.497592845,             0.448,    0.001615643119,      0.3259998302,                 0,                 0,                 0,     0.05965826378,   -0.001467365352,      0.3260005314,                 0,       201.7771291
          0,           0,         634,      -10.05777755,      -10.50267057,      -10.46729712,      -9.505604983,             0.448,    0.001615643308,      0.3259998162,                 0,                 0,                 0,     0.05965826159,   -0.001467365029,      0.3260005173,                 0,       201.7770968
          0,           0,         635,      -10.06463719,      -10.52385611,      -10.47744763,      -9.513024775,             0.448,    0.001615643425,      0.3259998027,                 0,                 0,                 0,     0.05965825955,   -0.001467364786,      0.3260005038,                 0,       201.7770739
          0,           0,         636,      -10.07105665,      -10.54454228,      -10.48638368,      -9.519884316,             0.448,    0.001615643474,      0.3259997898,                 0,                 0,                 0,     0.05965825765,   -0.001467364613,      0.3260004909,                 0,       201.7770597
          0,           0,         637,      -10.07710138,      -10.56504444,      -10.49459628,      -9.526260184,             0.448,    0.001615643466,      0.3259997774,                 0,                 0,                 0,     0.05965825587,   -0.001467364505,      0.3260004785,                 0,       201.7770531
          0,           0,         638,      -10.08286095,      -10.58552941,      -10.50257765,      -9.532259635,             0.448,    0.001615643407,      0.3259997656,                 0,                 0,                 0,     0.05965825421,   -0.001467364452,      0.3260004667,                 0,       201.7770531
          0,           0,         639,      -10.08843627,      -10.60588255,      -10.51069318,      -9.538001832,             0.448,    0.001615643309,      0.3259997543,                 0,                 0,                 0,     0.05965825263,   -0.001467364444,      0.3260004554,                 0,       201.7770584
          0,           0,         640,      -10.09392769,      -10.62573128,      -10.51916309,      -9.543602322,             0.448,     0.00161564318,      0.3259997435,                 0,                 0,                 0,     0.05965825112,   -0.001467364471,      0.3260004447,                 0,       201.7770678
          0,           0,         641,      -10.09942721,      -10.64457047,       -10.5280885,      -9.549164443,             0.448,    0.001615643031,      0.3259997333,                 0,                 0,                 0,     0.05965824967,   -0.001467364523,      0.3260004344,                 0,       201.7770801
          0,           0,         642,      -10.10501387,      -10.66191538,      -10.53748171,      -9.554775737,             0.448,    0.001615642871,      0.3259997235,                 0,                 0,                 0,     0.05965824825,   -0.001467364589,      0.3260004246,                 0,        201.777094
          0,           0,         643,      -10.11075141,      -10.67744789,      -10.54729282,       -9.56050652,             0.448,     0.00161564271,      0.3259997141,                 0,                 0,                 0,     0.05965824687,   -0.001467364662,      0.3260004152,                 0,       201.7771083
          0,           0,         644,       -10.1166893,       -10.6911101,      -10.55744147,      -9.566411375,             0.448,    0.001615642556,      0.3259997051,                 0,                 0,                 0,     0.05965824551,   -0.001467364732,      0.3260004063,                 0,        201.777122
          0,           0,         645,      -10.12286554,      -10.70311343,      -10.56784958,      -9.572531838,             0.448,    0.001615642414,      0.3259996965,                 0,                 0,                 0,     0.05965824417,   -0.001467364792,      0.3260003977,                 0,       201.7771344
          0,           0,         646,      -10.12930876,      -10.71386687,      -10.57846557,      -9.578898318,             0.448,    0.001615642291,      0.3259996883,                 0,                 0,                 0,     0.05965824284,   -0.001467364837,      0.3260003894,                 0,       201.7771447
          0,           0,         647,      -10.13603886,      -10.72386689,      -10.58927042,      -9.585531035,             0.448,     0.00161564219,      0.3259996804,                 0,                 0,                 0,     0.05965824155,   -0.001467364864,      0.3260003815,                 0,       201.7771524
          0,           0,         648,      -10.14306714,      -10.73360217,      -10.60026985,      -9.592440543,             0.448,    0.001615642112,      0.3259996728,                 0,                 0,                 0,     0.05965824027,   -0.001467364869,      0.3260003739,                 0,       201.7771574
          0,           0,         649,      -10.15039708,       -10.7434946,      -10.61148245,      -9.599629259,             0.448,    0.001615642058,      0.3259996655,                 0,                 0,                 0,     0.05965823904,   -0.001467364854,      0.3260003666,                 0,       201.7771596
          0,           0,         650,      -10.15802621,      -10.75386855,       -10.6229309,      -9.607093814,             0.448,    0.001615642028,      0.3259996585,                 0,                 0,                 0,     0.05965823784,   -0.001467364818,      0.3260003596,                 0,       201.7771591
          0,           0,         651,       -10.1659483,      -10.76494375,      -10.63463565,      -9.614827818,             0.448,    0.001615642018,      0.3259996517,                 0,                 0,                 0,      0.0596582367,   -0.001467364764,      0.3260003528,                 0,       201.7771561
          0,           0,         652,      -10.17415625,      -10.77683054,      -10.64661179,      -9.622824944,             0.448,    0.001615642026,      0.3259996452,                 0,                 0,                 0,     0.05965823561,   -0.001467364695,      0.3260003464,                 0,       201.7771511
          0,           0,         653,      -10.18264454,      -10.78954231,      -10.65886903,      -9.631081667,             0.448,     0.00161564205,      0.3259996391,                 0,                 0,                 0,     0.05965823458,   -0.001467364613,      0.3260003402,                 0,       201.7771443
          0,           0,         654,      -10.19141115,       -10.8030156,      -10.67141234,      -9.639599246,             0.448,    0.001615642084,      0.3259996331,                 0,                 0,                 0,     0.05965823362,   -0.001467364523,      0.3260003343,                 0,       201.7771364
          0,           0,         655,      -10.20045878,      -10.81713181,      -10.68424452,      -9.648384907,             0.448,    0.001615642125,      0.3259996275,                 0,                 0,                 0,     0.05965823274,   -0.001467364428,      0.3260003286,                 0,       201.7771277
          0,           0,         656,      -10.20979495,      -10.83174271,      -10.69736664,      -9.657451643,             0.448,    0.001615642171,      0.3259996221,                 0,                 0,                 0,     0.05965823193,   -0.001467364331,      0.3260003232,                 0,       201.7771187
          0,           0,         657,      -10.21943128,      -10.84668655,      -10.71077926,      -9.666816848,             0.448,    0.001615642218,       0.325999617,                 0,                 0,                 0,      0.0596582312,   -0.001467364236,      0.3260003181,                 0,       201.7771097
          0,           0,         658,      -10.22938196,      -10.86180137,      -10.72448179,      -9.676500205,             0.448,    0.001615642264,      0.3259996121,                 0,                 0,                 0,     0.05965823054,   -0.001467364144,      0.3260003133,                 0,       201.7771009
          0,           0,         659,      -10.23966194,      -10.87692975,       -10.7384718,      -9.686521108,             0.448,    0.001615642307,      0.3259996075,                 0,                 0,                 0,     0.05965822996,   -0.001467364058,      0.3260003087,                 0,       201.7770927
          0,           0,         660,      -10.25028509,      -10.89192454,       -10.7527441,      -9.696896353,             0.448,    0.001615642345,      0.3259996032,                 0,                 0,                 0,     0.05965822944,   -0.001467363978,      0.3260003043,                 0,       201.7770852
          0,           0,         661,      -10.26126272,      -10.90664712,      -10.76729158,      -9.707638305,             0.448,    0.001615642379,      0.3259995991,                 0,                 0,                 0,     0.05965822898,   -0.001467363906,      0.3260003003,                 0,       201.7770785
          0,           0,         662,       -10.2726025,      -10.92098179,      -10.78210311,       -9.71875384,             0.448,    0.001615642408,      0.3259995953,                 0,                 0,                 0,     0.05965822858,   -0.001467363841,      0.3260002964,                 0,       201.7770725
          0,           0,         663,      -10.28430835,      -10.93483469,      -10.79716373,      -9.730244438,             0.448,    0.001615642433,      0.3259995917,                 0,                 0,                 0,     0.05965822823,   -0.001467363782,      0.3260002928,                 0,       201.7770672
          0,           0,         664,      -10.29638077,      -10.94814514,      -10.81245529,      -9.742107005,             0.448,    0.001615642453,      0.3259995884,                 0,                 0,                 0,     0.05965822792,    -0.00146736373,      0.3260002895,                 0,       201.7770626
          0,           0,         665,      -10.30881779,      -10.96088969,      -10.82795752,      -9.754335442,             0.448,    0.001615642471,      0.3259995852,                 0,                 0,                 0,     0.05965822766,   -0.001467363683,      0.3260002864,                 0,       201.7770584
          0,           0,         666,      -10.32161636,      -10.97308625,      -10.84365043,      -9.766922719,             0.448,    0.001615642487,      0.3259995823,                 0,                 0,                 0,     0.05965822742,   -0.001467363639,      0.3260002834,                 0,       201.7770547
          0,           0,         667,      -10.33477379,      -10.98479359,       -10.8595158,       -9.77986283,             0.448,    0.001615642502,      0.3259995796,                 0,                 0,                 0,     0.05965822722,   -0.001467363599,      0.3260002807,                 0,       201.7770511
          0,           0,         668,      -10.34828903,      -10.99610312,      -10.87554059,      -9.793152548,             0.448,    0.001615642517,      0.3259995771,                 0,                 0,                 0,     0.05965822704,   -0.001467363559,      0.3260002782,                 0,       201.7770476
          0,           0,         669,      -10.36216384,      -11.00712779,      -10.89171674,      -9.806792816,             0.448,    0.001615642534,      0.3259995747,                 0,                 0,                 0,     0.05965822688,    -0.00146736352,      0.3260002758,                 0,       201.7770441
          0,           0,         670,      -10.37640314,      -11.01799752,       -10.9080433,      -9.820789112,             0.448,    0.001615642552,      0.3259995725,                 0,                 0,                 0,     0.05965822673,   -0.001467363481,      0.3260002737,                 0,       201.7770404
          0,           0,         671,      -10.39101533,      -11.02884129,      -10.92452638,      -9.835151606,             0.448,    0.001615642574,      0.3259995705,                 0,                 0,                 0,     0.05965822661,    -0.00146736344,      0.3260002716,                 0,       201.7770364
          0,           0,         672,      -10.40601155,      -11.03978391,      -10.94117824,       -9.84989406,             0.448,    0.001615642599,      0.3259995686,                 0,                 0,                 0,      0.0596582265,   -0.001467363398,      0.3260002698,                 0,       201.7770321
          0,           0,         673,      -10.42140477,      -11.05093499,      -10.95801705,      -9.865032502,             0.448,    0.001615642627,      0.3259995669,                 0,                 0,                 0,      0.0596582264,   -0.001467363353,      0.3260002681,                 0,       201.7770275
          0,           0,         674,      -10.43720854,      -11.06238709,      -10.97506605,      -9.880583516,             0.448,    0.001615642659,      0.3259995653,                 0,                 0,                 0,     0.05965822632,   -0.001467363306,      0.3260002665,                 0,       201.7770226
          0,           0,         675,      -10.45343535,      -11.07421713,      -10.99235175,      -9.896562145,             0.448,    0.001615642694,      0.3259995638,                 0,                 0,                 0,     0.05965822626,   -0.001467363257,       0.326000265,                 0,       201.7770173
          0,           0,         676,      -10.47009542,      -11.08647761,      -11.00990392,      -9.912980479,             0.448,    0.001615642732,      0.3259995625,                 0,                 0,                 0,     0.05965822621,   -0.001467363207,      0.3260002637,                 0,       201.7770117
          0,           0,         677,      -10.48719531,      -11.09920754,      -11.02775331,       -9.92984601,             0.448,    0.001615642772,      0.3259995613,                 0,                 0,                 0,     0.05965822617,   -0.001467363155,      0.3260002624,                 0,       201.7770059
          0,           0,         678,      -10.50473716,      -11.11242901,      -11.04593158,      -9.947160906,             0.448,    0.001615642814,      0.3259995602,                 0,                 0,                 0,     0.05965822616,   -0.001467363102,      0.3260002613,                 0,           201.777
          0,           0,         679,      -10.52271832,      -11.12615183,      -11.06446947,      -9.964921797,             0.448,    0.001615642858,      0.3259995592,                 0,                 0,                 0,     0.05965822615,   -0.001467363049,      0.3260002603,                 0,        201.776994
          0,           0,         680,      -10.54113132,      -11.14037437,      -11.08339577,      -9.983119975,             0.448,    0.001615642901,      0.3259995583,                 0,                 0,                 0,     0.05965822617,   -0.001467362997,      0.3260002594,                 0,        201.776988
          0,           0,         681,      -10.55996448,      -11.15508847,      -11.10273626,      -10.00174234,             0.448,    0.001615642945,      0.3259995575,                 0,                 0,                 0,      0.0596582262,   -0.001467362946,      0.3260002586,                 0,        201.776982
          0,           0,         682,      -10.57920254,      -11.17028106,       -11.1225122,       -10.0207724,             0.448,    0.001615642988,      0.3259995568,                 0,                 0,                 0,     0.05965822625,   -0.001467362896,      0.3260002579,                 0,       201.7769762
          0,           0,         683,      -10.59882774,      -11.18593668,       -11.1427398,      -10.04019163,             0.448,    0.001615643029,      0.3259995561,                 0,                 0,                 0,     0.05965822631,   -0.001467362849,      0.3260002573,                 0,       201.7769706
          0,           0,         684,      -10.61882087,      -11.20203897,      -11.16342888,      -10.05998071,             0.448,    0.001615643069,      0.3259995556,                 0,                 0,                 0,     0.05965822638,   -0.001467362804,      0.3260002568,                 0,       201.7769653
          0,           0,         685,      -10.63916214,      -11.21857277,       -11.1845824,      -10.08012062,             0.448,    0.001615643108,      0.3259995552,                 0,                 0,                 0,     0.05965822647,   -0.001467362762,      0.3260002563,                 0,       201.7769603
          0,           0,         686,      -10.65983205,      -11.23552334,      -11.20619563,      -10.10059348,             0.448,    0.001615643143,      0.3259995548,                 0,                 0,                 0,     0.05965822656,   -0.001467362722,      0.3260002559,                 0,       201.7769556
          0,           0,         687,      -10.68081177,      -11.25287362,      -11.22825739,      -10.12138273,             0.448,    0.001615643177,      0.3259995545,                 0,                 0,                 0,     0.05965822667,   -0.001467362686,      0.3260002556,                 0,       201.7769512
          0,           0,         688,      -10.70208339,      -11.27061174,      -11.25074868,      -10.14247335,             0.448,    0.001615643208,      0.3259995542,                 0,                 0,                 0,     0.05965822678,   -0.001467362652,      0.3260002554,                 0,       201.7769471
          0,           0,         689,      -10.72362962,      -11.28872326,      -11.27364464,      -10.16385114,             0.448,    0.001615643237,      0.3259995541,                 0,                 0,                 0,      0.0596582269,   -0.001467362622,      0.3260002552,                 0,       201.7769434
          0,           0,         690,      -10.74543363,       -11.3071956,      -11.29691505,      -10.18550237,             0.448,    0.001615643264,       0.325999554,                 0,                 0,                 0,     0.05965822702,   -0.001467362594,      0.3260002551,                 0,         201.77694
          0,           0,         691,      -10.76747842,      -11.32601603,      -11.32052524,      -10.20741277,             0.448,    0.001615643288,      0.3259995539,                 0,                 0,                 0,     0.05965822715,   -0.001467362569,      0.3260002551,                 0,       201.7769369
          0,           0,         692,      -10.78974634,      -11.34516701,      -11.34443811,      -10.22956688,             0.448,    0.001615643311,      0.3259995539,                 0,                 0,                 0,     0.05965822727,   -0.001467362546,       0.326000255,                 0,       201.7769341
          0,           0,         693,      -10.81221868,      -11.36463317,      -11.36861382,      -10.25194754,             0.448,    0.001615643332,      0.3259995539,                 0,                 0,                 0,      0.0596582274,   -0.001467362526,      0.3260002551,                 0,       201.7769315
          0,           0,         694,      -10.83487549,      -11.38439537,      -11.39301124,      -10.27453569,             0.448,    0.001615643351,       0.325999554,                 0,                 0,                 0,     0.05965822753,   -0.001467362507,      0.3260002552,                 0,       201.7769291
          0,           0,         695,      -10.85769576,      -11.40443605,      -11.41758747,      -10.29731038,             0.448,     0.00161564337,      0.3259995541,                 0,                 0,                 0,     0.05965822766,    -0.00146736249,      0.3260002553,                 0,       201.7769269
          0,           0,         696,      -10.88065754,      -11.42473777,      -11.44229881,      -10.32024943,             0.448,    0.001615643387,      0.3259995543,                 0,                 0,                 0,     0.05965822779,   -0.001467362474,      0.3260002554,                 0,       201.7769249
          0,           0,         697,      -10.90373857,      -11.44528586,      -11.46709992,       -10.3433297,             0.448,    0.001615643403,      0.3259995545,                 0,                 0,                 0,     0.05965822792,    -0.00146736246,      0.3260002556,                 0,        201.776923
          0,           0,         698,       -10.9269168,      -11.46607268,      -11.49194512,      -10.36652811,             0.448,    0.001615643418,      0.3259995547,                 0,                 0,                 0,     0.05965822804,   -0.001467362446,      0.3260002558,                 0,       201.7769212
          0,           0,         699,      -10.95017102,      -11.48709735,      -11.51678911,      -10.38982223,             0.448,    0.001615643433,      0.3259995549,                 0,                 0,                 0,     0.05965822817,   -0.001467362434,      0.3260002561,                 0,       201.7769195
          0,           0,         700,      -10.97348142,      -11.50837129,      -11.54158652,      -10.41319111,             0.448,    0.001615643448,      0.3259995552,                 0,                 0,                 0,     0.05965822829,   -0.001467362422,      0.3260002564,                 0,       201.7769178
          0,           0,         701,      -10.99683001,      -11.52990874,      -11.56629181,      -10.43661573,             0.448,    0.001615643462,      0.3259995555,                 0,                 0,                 0,     0.05965822841,    -0.00146736241,      0.3260002567,                 0,       201.7769162
          0,           0,         702,      -11.02020107,      -11.55173992,      -11.59086024,      -10.46007946,             0.448,    0.001615643476,      0.3259995558,                 0,                 0,                 0,     0.05965822853,   -0.001467362399,       0.326000257,                 0,       201.7769147
          0,           0,         703,      -11.04358128,      -11.57389767,      -11.61524637,      -10.48356829,             0.448,     0.00161564349,      0.3259995562,                 0,                 0,                 0,     0.05965822865,   -0.001467362389,      0.3260002573,                 0,       201.7769132
          0,           0,         704,      -11.06695947,      -11.59641999,      -11.63940296,      -10.50707038,             0.448,    0.001615643503,      0.3259995565,                 0,                 0,                 0,     0.05965822877,   -0.001467362379,      0.3260002577,                 0,       201.7769118
          0,           0,         705,      -11.09032626,      -11.61934199,      -11.66328416,      -10.53057554,             0.448,    0.001615643515,      0.3259995569,                 0,                 0,                 0,     0.05965822888,    -0.00146736237,       0.326000258,                 0,       201.7769104
          0,           0,         706,       -11.1136736,      -11.64269759,      -11.68684242,       -10.5540747,             0.448,    0.001615643528,      0.3259995573,                 0,                 0,                 0,       0.059658229,   -0.001467362362,      0.3260002584,                 0,       201.7769091
          0,           0,         707,      -11.13699383,      -11.66651695,      -11.71002554,      -10.57755884,             0.448,     0.00161564354,      0.3259995577,                 0,                 0,                 0,     0.05965822911,   -0.001467362354,      0.3260002588,                 0,       201.7769079
          0,           0,         708,      -11.16027954,      -11.69081496,      -11.73278546,      -10.60101867,             0.448,    0.001615643551,      0.3259995581,                 0,                 0,                 0,     0.05965822922,   -0.001467362346,      0.3260002592,                 0,       201.7769067
          0,           0,         709,      -11.18352245,      -11.71560497,      -11.75506764,      -10.62444383,             0.448,    0.001615643562,      0.3259995585,                 0,                 0,                 0,     0.05965822933,   -0.001467362339,      0.3260002597,                 0,       201.7769057
          0,           0,         710,      -11.20671354,      -11.74087936,      -11.77681509,       -10.6478225,             0.448,    0.001615643572,      0.3259995589,                 0,                 0,                 0,     0.05965822944,   -0.001467362333,      0.3260002601,                 0,       201.7769047
          0,           0,         711,      -11.22984283,      -11.76661181,      -11.79797169,      -10.67114198,             0.448,    0.001615643581,      0.3259995594,                 0,                 0,                 0,     0.05965822955,   -0.001467362328,      0.3260002605,                 0,       201.7769038
          0,           0,         712,      -11.25289865,       -11.7927675,      -11.81847588,      -10.69438778,             0.448,     0.00161564359,      0.3259995598,                 0,                 0,                 0,     0.05965822966,   -0.001467362324,       0.326000261,                 0,        201.776903
          0,           0,         713,      -11.27586852,      -11.81929883,      -11.83826445,      -10.71754479,             0.448,    0.001615643597,      0.3259995603,                 0,                 0,                 0,     0.05965822977,    -0.00146736232,      0.3260002614,                 0,       201.7769023
          0,           0,         714,      -11.29873846,      -11.84613699,      -11.85728013,      -10.74059689,             0.448,    0.001615643605,      0.3259995607,                 0,                 0,                 0,     0.05965822988,   -0.001467362317,      0.3260002619,                 0,       201.7769016
          0,           0,         715,      -11.32149354,      -11.87320225,      -11.87547031,      -10.76352799,             0.448,    0.001615643611,      0.3259995612,                 0,                 0,                 0,     0.05965822998,   -0.001467362315,      0.3260002623,                 0,       201.7769011
          0,           0,         716,      -11.34411674,      -11.90040907,      -11.89279663,       -10.7863205,             0.448,    0.001615643617,      0.3259995616,                 0,                 0,                 0,     0.05965823008,   -0.001467362313,      0.3260002628,                 0,       201.7769006
          0,           0,         717,       -11.3665897,      -11.92764829,      -11.90922821,      -10.80895702,             0.448,    0.001615643622,      0.3259995621,                 0,                 0,                 0,     0.05965823018,   -0.001467362312,      0.3260002632,                 0,       201.7769002
          0,           0,         718,      -11.38889021,      -11.95481325,       -11.9247625,      -10.83141684,             0.448,    0.001615643627,      0.3259995625,                 0,                 0,                 0,     0.05965823028,   -0.001467362311,      0.3260002637,                 0,       201.7768999
          0,           0,         719,      -11.41099319,      -11.98177394,      -11.93941206,      -10.85367733,             0.448,    0.001615643631,      0.3259995629,                 0,                 0,                 0,     0.05965823037,   -0.001467362311,      0.3260002641,                 0,       201.7768997
          0,           0,         720,      -11.43286852,      -12.00840824,      -11.95320745,       -10.8757123,             0.448,    0.001615643635,      0.3259995634,                 0,                 0,                 0,     0.05965823047,   -0.001467362312,      0.3260002645,                 0,       201.7768995
          0,           0,         721,        -11.454481,      -12.03454253,      -11.96620285,      -10.89749056,             0.448,    0.001615643639,      0.3259995638,                 0,                 0,                 0,     0.05965823056,   -0.001467362312,       0.326000265,                 0,       201.7768993
          0,           0,         722,      -11.47578832,      -12.06004455,       -11.9784659,      -10.91897437,             0.448,    0.001615643641,      0.3259995642,                 0,                 0,                 0,     0.05965823064,   -0.001467362314,      0.3260002654,                 0,       201.7768992
          0,           0,         723,      -11.49674185,      -12.08474114,      -11.99007337,      -10.94012002,             0.448,    0.001615643644,      0.3259995646,                 0,                 0,                 0,     0.05965823072,   -0.001467362315,      0.3260002658,                 0,       201.7768991
          0,           0,         724,      -11.51728418,      -12.10849909,      -12.00111115,      -10.96087459,             0.448,    0.001615643647,      0.3259995651,                 0,                 0,                 0,      0.0596582308,   -0.001467362316,      0.3260002662,                 0,       201.7768991
          0,           0,         725,       -11.5373524,      -12.13114057,      -12.01166562,      -10.98117898,             0.448,    0.001615643649,      0.3259995654,                 0,                 0,                 0,     0.05965823088,   -0.001467362318,      0.3260002666,                 0,       201.7768991
          0,           0,         726,       -11.5568742,      -12.15255885,      -12.02181702,      -11.00096426,             0.448,    0.001615643651,      0.3259995658,                 0,                 0,                 0,     0.05965823095,   -0.001467362319,       0.326000267,                 0,        201.776899
          0,           0,         727,      -11.57577332,      -12.17263966,      -12.03164146,      -11.02015533,             0.448,    0.001615643653,      0.3259995662,                 0,                 0,                 0,     0.05965823102,   -0.001467362321,      0.3260002674,                 0,        201.776899
          0,           0,         728,      -11.59396811,      -12.19134066,      -12.04120849,       -11.0386708,             0.448,    0.001615643655,      0.3259995666,                 0,                 0,                 0,     0.05965823109,   -0.001467362323,      0.3260002677,                 0,        201.776899
          0,           0,         729,      -11.61137901,      -12.20858925,      -12.05057021,        -11.056429,             0.448,    0.001615643656,      0.3259995669,                 0,                 0,                 0,     0.05965823115,   -0.001467362324,      0.3260002681,                 0,       201.7768991
          0,           0,         730,      -11.62792587,      -12.22444049,      -12.05977192,      -11.07334574,             0.448,    0.001615643658,      0.3259995673,                 0,                 0,                 0,     0.05965823122,   -0.001467362326,      0.3260002684,                 0,       201.7768991
          0,           0,         731,      -11.64353877,      -12.23893496,      -12.06884815,      -11.08934538,             0.448,    0.001615643659,      0.3259995676,                 0,                 0,                 0,     0.05965823127,   -0.001467362328,      0.3260002688,                 0,       201.7768991
          0,           0,         732,      -11.65816008,      -12.25215323,      -12.07783122,      -11.10436237,             0.448,    0.001615643661,      0.3259995679,                 0,                 0,                 0,     0.05965823133,    -0.00146736233,      0.3260002691,                 0,       201.7768991
          0,           0,         733,      -11.67174731,      -12.26424755,      -12.08673304,      -11.11834551,             0.448,    0.001615643662,      0.3259995683,                 0,                 0,                 0,     0.05965823139,   -0.001467362331,      0.3260002694,                 0,       201.7768992
          0,           0,         734,      -11.68427958,      -12.27536992,      -12.09557292,      -11.13126492,             0.448,    0.001615643663,      0.3259995686,                 0,                 0,                 0,     0.05965823144,   -0.001467362333,      0.3260002697,                 0,       201.7768992
          0,           0,         735,      -11.69576019,      -12.28565426,      -12.10435733,      -11.14311374,             0.448,    0.001615643664,      0.3259995689,                 0,                 0,                 0,     0.05965823149,   -0.001467362335,        0.32600027,                 0,       201.7768993
          0,           0,         736,      -11.70621494,      -12.29531405,        -12.113101,      -11.15390985,             0.448,    0.001615643665,      0.3259995692,                 0,                 0,                 0,     0.05965823154,   -0.001467362337,      0.3260002703,                 0,       201.7768994
          0,           0,         737,      -11.71569403,      -12.30450757,      -12.12180285,      -11.16369524,             0.448,    0.001615643666,      0.3259995694,                 0,                 0,                 0,     0.05965823159,   -0.001467362339,      0.3260002706,                 0,       201.7768994
          0,           0,         738,      -11.72427127,      -12.31335674,      -12.13047799,      -11.17253891,             0.448,    0.001615643666,      0.3259995697,                 0,                 0,                 0,     0.05965823164,    -0.00146736234,      0.3260002709,                 0,       201.7768995
          0,           0,         739,      -11.73203377,      -12.32207603,      -12.13913743,      -11.18052368,             0.448,    0.001615643667,        0.32599957,                 0,                 0,                 0,     0.05965823168,   -0.001467362342,      0.3260002711,                 0,       201.7768996
          0,           0,         740,      -11.73908869,      -12.33067795,      -12.14779366,      -11.18775458,             0.448,    0.001615643667,      0.3259995702,                 0,                 0,                 0,     0.05965823173,   -0.001467362344,      0.3260002714,                 0,       201.7768997
          0,           0,         741,      -11.74554529,      -12.33936681,      -12.15645575,      -11.19434135,             0.448,    0.001615643668,      0.3259995705,                 0,                 0,                 0,     0.05965823177,   -0.001467362346,      0.3260002716,                 0,       201.7768998
          0,           0,         742,      -11.75152272,      -12.34821746,      -12.16515003,      -11.20040413,             0.448,    0.001615643668,      0.3259995707,                 0,                 0,                 0,     0.05965823181,   -0.001467362348,      0.3260002719,                 0,       201.7768999
          0,           0,         743,      -11.75713984,      -12.35723438,      -12.17389656,      -11.20606462,             0.448,    0.001615643668,      0.3259995709,                 0,                 0,                 0,     0.05965823185,    -0.00146736235,      0.3260002721,                 0,          201.7769
          0,           0,         744,      -11.76250897,      -12.36650688,      -12.18271211,      -11.21143851,             0.448,    0.001615643668,      0.3259995712,                 0,                 0,                 0,     0.05965823189,   -0.001467362352,      0.3260002723,                 0,       201.7769001
          0,           0,         745,      -11.76773889,      -12.37607441,      -12.19162857,      -11.21663826,             0.448,    0.001615643669,      0.3259995714,                 0,                 0,                 0,     0.05965823193,   -0.001467362354,      0.3260002725,                 0,       201.7769003
          0,           0,         746,      -11.77293053,      -12.38592136,      -12.20066863,       -11.2217686,             0.448,    0.001615643669,      0.3259995716,                 0,                 0,                 0,     0.05965823196,   -0.001467362356,      0.3260002727,                 0,       201.7769004
          0,           0,         747,      -11.77817422,      -12.39606903,      -12.20985557,      -11.22692344,             0.448,    0.001615643668,      0.3259995718,                 0,                 0,                 0,       0.059658232,   -0.001467362358,      0.3260002729,                 0,       201.7769005
          0,           0,         748,      -11.78355226,      -12.40651675,      -12.21921909,      -11.23218876,             0.448,    0.001615643668,       0.325999572,                 0,                 0,                 0,     0.05965823203,    -0.00146736236,      0.3260002731,                 0,       201.7769007
          0,           0,         749,      -11.78913546,      -12.41723563,      -12.22878073,      -11.23763877,             0.448,    0.001615643668,      0.3259995722,                 0,                 0,                 0,     0.05965823206,   -0.001467362362,      0.3260002733,                 0,       201.7769008
          0,           0,         750,      -11.79498536,      -12.42823491,      -12.23856772,      -11.24333678,             0.448,    0.001615643668,      0.3259995724,                 0,                 0,                 0,     0.05965823209,   -0.001467362364,      0.3260002735,                 0,       201.7769009
          0,           0,         751,      -11.80115614,      -12.43940777,      -12.24859996,      -11.24933993,             0.448,    0.001615643668,      0.3259995725,                 0,                 0,                 0,     0.05965823212,   -0.001467362366,      0.3260002737,                 0,       201.7769011
          0,           0,         752,      -11.80769006,      -12.45080321,      -12.25890135,       -11.2556918,             0.448,    0.001615643668,      0.3259995727,                 0,                 0,                 0,     0.05965823214,   -0.001467362367,      0.3260002739,                 0,       201.7769012
          0,           0,         753,      -11.81462482,      -12.46236083,      -12.26949095,      -11.26243142,             0.448,    0.001615643668,      0.3259995729,                 0,                 0,                 0,     0.05965823217,   -0.001467362369,       0.326000274,                 0,       201.7769013
          0,           0,         754,      -11.82198985,      -12.47401505,      -12.28037588,      -11.26959008,             0.448,    0.001615643667,       0.325999573,                 0,                 0,                 0,     0.05965823219,   -0.001467362371,      0.3260002742,                 0,       201.7769014
          0,           0,         755,      -11.82980834,      -12.48572714,      -12.29158238,      -11.27719125,             0.448,    0.001615643667,      0.3259995732,                 0,                 0,                 0,     0.05965823222,   -0.001467362373,      0.3260002743,                 0,       201.7769016
          0,           0,         756,      -11.83809705,      -12.49748783,      -12.30311354,      -11.28525306,             0.448,    0.001615643667,      0.3259995733,                 0,                 0,                 0,     0.05965823224,   -0.001467362374,      0.3260002745,                 0,       201.7769017
          0,           0,         757,       -11.8468676,       -12.5092872,        -12.314975,      -11.29378815,             0.448,    0.001615643667,      0.3259995735,                 0,                 0,                 0,     0.05965823226,   -0.001467362376,      0.3260002746,                 0,       201.7769018
          0,           0,         758,      -11.85612801,      -12.52104082,      -12.32718292,       -11.3028043,             0.448,    0.001615643666,      0.3259995736,                 0,                 0,                 0,     0.05965823228,   -0.001467362377,      0.3260002747,                 0,       201.7769019
          0,           0,         759,      -11.86588232,      -12.53276525,      -12.33973186,      -11.31230718,             0.448,    0.001615643666,      0.3259995737,                 0,                 0,                 0,      0.0596582323,   -0.001467362379,      0.3260002749,                 0,        201.776902
          0,           0,         760,      -11.87612888,      -12.54447909,      -12.35263217,      -11.32229563,             0.448,    0.001615643666,      0.3259995738,                 0,                 0,                 0,     0.05965823231,    -0.00146736238,       0.326000275,                 0,       201.7769022
          0,           0,         761,      -11.88686451,      -12.55612954,      -12.36588494,       -11.3327682,             0.448,    0.001615643665,       0.325999574,                 0,                 0,                 0,     0.05965823233,   -0.001467362382,      0.3260002751,                 0,       201.7769023
          0,           0,         762,      -11.89808212,       -12.5677508,      -12.37948407,      -11.34371903,             0.448,    0.001615643665,      0.3259995741,                 0,                 0,                 0,     0.05965823234,   -0.001467362383,      0.3260002752,                 0,       201.7769024
          0,           0,         763,      -11.90977196,      -12.57933799,      -12.39342866,      -11.35513885,             0.448,    0.001615643664,      0.3259995742,                 0,                 0,                 0,     0.05965823236,   -0.001467362385,      0.3260002753,                 0,       201.7769025
          0,           0,         764,      -11.92192109,      -12.59092239,      -12.40772622,      -11.36701708,             0.448,    0.001615643664,      0.3259995743,                 0,                 0,                 0,     0.05965823237,   -0.001467362386,      0.3260002754,                 0,       201.7769026
          0,           0,         765,      -11.93451701,      -12.60247486,      -12.42236804,      -11.37934273,             0.448,    0.001615643663,      0.3259995744,                 0,                 0,                 0,     0.05965823238,   -0.001467362388,      0.3260002755,                 0,       201.7769028
          0,           0,         766,      -11.94753911,      -12.61411707,      -12.43734953,      -11.39209731,             0.448,    0.001615643663,      0.3259995745,                 0,                 0,                 0,      0.0596582324,   -0.001467362389,      0.3260002756,                 0,       201.7769029
          0,           0,         767,      -11.96097115,      -12.62579797,      -12.45266986,      -11.40526656,             0.448,    0.001615643662,      0.3259995745,                 0,                 0,                 0,     0.05965823241,    -0.00146736239,      0.3260002757,                 0,        201.776903
          0,           0,         768,      -11.97479052,      -12.63755983,      -12.46832099,      -11.41883056,             0.448,    0.001615643662,      0.3259995746,                 0,                 0,                 0,     0.05965823242,   -0.001467362392,      0.3260002758,                 0,       201.7769031
          0,           0,         769,      -11.98897535,      -12.64943861,      -12.48430268,      -11.43276891,             0.448,    0.001615643661,      0.3259995747,                 0,                 0,                 0,     0.05965823242,   -0.001467362393,      0.3260002759,                 0,       201.7769032
          0,           0,         770,      -12.00350127,      -12.66143336,      -12.50060211,      -11.44705926,             0.448,    0.001615643661,      0.3259995748,                 0,                 0,                 0,     0.05965823243,   -0.001467362394,      0.3260002759,                 0,       201.7769034
          0,           0,         771,      -12.01834323,      -12.67361094,      -12.51722273,      -11.46168036,             0.448,     0.00161564366,      0.3259995748,                 0,                 0,                 0,     0.05965823244,   -0.001467362395,       0.326000276,                 0,       201.7769035
          0,           0,         772,      -12.03347584,      -12.68597421,      -12.53415093,      -11.47660727,             0.448,     0.00161564366,      0.3259995749,                 0,                 0,                 0,     0.05965823245,   -0.001467362397,      0.3260002761,                 0,       201.7769036
          0,           0,         773,      -12.04887001,      -12.69848494,      -12.55138121,      -11.49181407,             0.448,    0.001615643659,       0.325999575,                 0,                 0,                 0,     0.05965823245,   -0.001467362398,      0.3260002761,                 0,       201.7769037
          0,           0,         774,      -12.06450061,      -12.71116754,      -12.56889693,       -11.5072768,             0.448,    0.001615643658,       0.325999575,                 0,                 0,                 0,     0.05965823246,   -0.001467362399,      0.3260002762,                 0,       201.7769038
          0,           0,         775,      -12.08033766,      -12.72413278,      -12.58669471,      -11.52296725,             0.448,    0.001615643658,      0.3259995751,                 0,                 0,                 0,     0.05965823246,     -0.0014673624,      0.3260002762,                 0,       201.7769039
          0,           0,         776,      -12.09635704,      -12.73724957,        -12.604762,      -11.53886138,             0.448,    0.001615643657,      0.3259995751,                 0,                 0,                 0,     0.05965823247,   -0.001467362401,      0.3260002763,                 0,        201.776904
          0,           0,         777,      -12.11253098,      -12.75060062,      -12.62308741,      -11.55493269,             0.448,    0.001615643657,      0.3259995752,                 0,                 0,                 0,     0.05965823247,   -0.001467362402,      0.3260002763,                 0,       201.7769041
          0,           0,         778,      -12.12883457,      -12.76413854,      -12.64165318,      -11.57115683,             0.448,    0.001615643656,      0.3259995752,                 0,                 0,                 0,     0.05965823248,   -0.001467362403,      0.3260002764,                 0,       201.7769042
          0,           0,         779,      -12.14524551,      -12.77795333,      -12.66044298,       -11.5875111,             0.448,    0.001615643656,      0.3259995753,                 0,                 0,                 0,     0.05965823248,   -0.001467362404,      0.3260002764,                 0,       201.7769043
          0,           0,         780,      -12.16174343,      -12.79192375,      -12.67944564,       -11.6039728,             0.448,    0.001615643655,      0.3259995753,                 0,                 0,                 0,     0.05965823248,   -0.001467362405,      0.3260002764,                 0,       201.7769044
          0,           0,         781,      -12.17830893,      -12.80615066,      -12.69864388,      -11.62052301,             0.448,    0.001615643654,      0.3259995753,                 0,                 0,                 0,     0.05965823248,   -0.001467362406,      0.3260002765,                 0,       201.7769045
          0,           0,         782,      -12.19492827,      -12.82059645,      -12.71802237,      -11.63714586,             0.448,    0.001615643654,      0.3259995754,                 0,                 0,                 0,     0.05965823249,   -0.001467362406,      0.3260002765,                 0,       201.7769046
          0,           0,         783,      -12.21158804,      -12.83520873,       -12.7375565,      -11.65382469,             0.448,    0.001615643653,      0.3259995754,                 0,                 0,                 0,     0.05965823249,   -0.001467362407,      0.3260002765,                 0,       201.7769046
          0,           0,         784,       -12.2282799,      -12.85013205,      -12.75723804,      -11.67054896,             0.448,    0.001615643653,      0.3259995754,                 0,                 0,                 0,     0.05965823249,   -0.001467362408,      0.3260002766,                 0,       201.7769047
          0,           0,         785,       -12.2450027,      -12.86516783,      -12.77704695,      -11.68731487,             0.448,    0.001615643652,      0.3259995754,                 0,                 0,                 0,     0.05965823249,   -0.001467362409,      0.3260002766,                 0,       201.7769048
          0,           0,         786,      -12.26175235,      -12.88053633,      -12.79696918,       -11.7041149,             0.448,    0.001615643652,      0.3259995755,                 0,                 0,                 0,     0.05965823249,   -0.001467362409,      0.3260002766,                 0,       201.7769049
          0,           0,         787,      -12.27853282,      -12.89613981,       -12.8169727,      -11.72095057,             0.448,    0.001615643652,      0.3259995755,                 0,                 0,                 0,     0.05965823249,    -0.00146736241,      0.3260002766,                 0,       201.7769049
          0,           0,         788,      -12.29535243,      -12.91194394,      -12.83707025,      -11.73782646,             0.448,    0.001615643651,      0.3259995755,                 0,                 0,                 0,     0.05965823249,   -0.001467362411,      0.3260002767,                 0,        201.776905
          0,           0,         789,      -12.31221919,      -12.92804142,      -12.85723964,      -11.75474863,             0.448,    0.001615643651,      0.3259995755,                 0,                 0,                 0,     0.05965823249,   -0.001467362411,      0.3260002767,                 0,       201.7769051
          0,           0,         790,      -12.32914799,      -12.94439725,      -12.87746324,      -11.77172796,             0.448,     0.00161564365,      0.3259995755,                 0,                 0,                 0,     0.05965823249,   -0.001467362412,      0.3260002767,                 0,       201.7769051
          0,           0,         791,      -12.34615466,      -12.96102752,      -12.89775417,      -11.78877821,             0.448,     0.00161564365,      0.3259995755,                 0,                 0,                 0,     0.05965823249,   -0.001467362412,      0.3260002767,                 0,       201.7769052
          0,           0,         792,      -12.36325832,      -12.97793054,      -12.91808484,      -11.80591683,             0.448,    0.001615643649,      0.3259995756,                 0,                 0,                 0,     0.05965823249,   -0.001467362413,      0.3260002767,                 0,       201.7769053
          0,           0,         793,      -12.38047787,      -12.99520637,      -12.93847481,      -11.82316148,             0.448,    0.001615643649,      0.3259995756,                 0,                 0,                 0,     0.05965823249,   -0.001467362413,      0.3260002767,                 0,       201.7769053
          0,           0,         794,      -12.39783982,      -13.01263417,      -12.95891694,      -11.84053564,             0.448,    0.001615643649,      0.3259995756,                 0,                 0,                 0,     0.05965823249,   -0.001467362414,      0.3260002767,                 0,       201.7769054
          0,           0,         795,        -12.415364,      -13.03041231,      -12.97941236,      -11.85805952,             0.448,    0.001615643648,      0.3259995756,                 0,                 0,                 0,     0.05965823249,   -0.001467362414,      0.3260002767,                 0,       201.7769054
          0,           0,         796,      -12.43307524,      -13.04851679,      -12.99997887,      -11.87575729,             0.448,    0.001615643648,      0.3259995756,                 0,                 0,                 0,     0.05965823249,   -0.001467362415,      0.3260002767,                 0,       201.7769055
          0,           0,         797,      -12.45100029,      -13.06687278,      -13.02061597,      -11.89365375,             0.448,    0.001615643647,      0.3259995756,                 0,                 0,                 0,     0.05965823249,   -0.001467362415,      0.3260002768,                 0,       201.7769055
          0,           0,         798,      -12.46916228,      -13.08547349,      -13.04134476,      -11.91177388,             0.448,    0.001615643647,      0.3259995756,                 0,                 0,                 0,     0.05965823249,   -0.001467362416,      0.3260002768,                 0,       201.7769056
          0,           0,         799,      -12.48758675,      -13.10435189,      -13.06217756,      -11.93014059,             0.448,    0.001615643647,      0.3259995756,                 0,                 0,                 0,     0.05965823248,   -0.001467362416,      0.3260002768,                 0,       201.7769056
          0,           0,         800,      -12.50629994,       -13.1234848,      -13.08313107,      -11.94878209,             0.448,    0.001615643646,      0.3259995756,                 0,                 0,                 0,     0.05965823248,   -0.001467362416,      0.3260002768,                 0,       201.7769057
          0,           0,         801,      -12.52532296,      -13.14282198,       -13.1042316,       -11.9677195,             0.448,    0.001615643646,      0.3259995756,                 0,                 0,                 0,     0.05965823248,   -0.001467362417,      0.3260002768,                 0,       201.7769057
          0,           0,         802,      -12.54467955,        -13.162255,      -13.12549058,      -11.98697255,             0.448,    0.001615643646,      0.3259995756,                 0,                 0,                 0,     0.05965823248,   -0.001467362417,      0.3260002768,                 0,       201.7769058
          0,           0,         803,      -12.56439292,      -13.18194877,      -13.14691968,      -12.00656947,             0.448,    0.001615643645,      0.3259995756,                 0,                 0,                 0,     0.05965823248,   -0.001467362417,      0.3260002768,                 0,       201.7769058
          0,           0,         804,      -12.58448179,      -13.20176357,      -13.16855974,      -12.02652808,             0.448,    0.001615643645,      0.3259995756,                 0,                 0,                 0,     0.05965823248,   -0.001467362418,      0.3260002768,                 0,       201.7769058
          0,           0,         805,      -12.60496829,      -13.22167339,      -13.19042715,      -12.04686812,             0.448,    0.001615643645,      0.3259995756,                 0,                 0,                 0,     0.05965823248,   -0.001467362418,      0.3260002768,                 0,       201.7769059
          0,           0,         806,      -12.62587173,       -13.2415963,      -13.21252266,      -12.06761014,             0.448,    0.001615643644,      0.3259995756,                 0,                 0,                 0,     0.05965823247,   -0.001467362418,      0.3260002768,                 0,       201.7769059
          0,           0,         807,      -12.64720801,      -13.26156578,      -13.23487448,      -12.08876876,             0.448,    0.001615643644,      0.3259995756,                 0,                 0,                 0,     0.05965823247,   -0.001467362419,      0.3260002768,                 0,        201.776906
          0,           0,         808,      -12.66899731,      -13.28155643,      -13.25749274,       -12.1103662,             0.448,    0.001615643644,      0.3259995756,                 0,                 0,                 0,     0.05965823247,   -0.001467362419,      0.3260002768,                 0,        201.776906
          0,           0,         809,      -12.69125176,      -13.30143875,      -13.28038087,      -12.13241156,             0.448,    0.001615643643,      0.3259995756,                 0,                 0,                 0,     0.05965823247,   -0.001467362419,      0.3260002768,                 0,        201.776906
          0,           0,         810,      -12.71399039,      -13.32122446,       -13.3035306,      -12.15492616,             0.448,    0.001615643643,      0.3259995756,                 0,                 0,                 0,     0.05965823247,    -0.00146736242,      0.3260002768,                 0,       201.7769061
          0,           0,         811,      -12.73722454,       -13.3409173,      -13.32696173,      -12.17792073,             0.448,    0.001615643643,      0.3259995756,                 0,                 0,                 0,     0.05965823247,    -0.00146736242,      0.3260002768,                 0,       201.7769061
          0,           0,         812,      -12.76096591,      -13.36055554,      -13.35068783,      -12.20140557,             0.448,    0.001615643642,      0.3259995756,                 0,                 0,                 0,     0.05965823246,    -0.00146736242,      0.3260002767,                 0,       201.7769061
          0,           0,         813,      -12.78522173,      -13.38001711,      -13.37468366,      -12.22538828,             0.448,    0.001615643642,      0.3259995756,                 0,                 0,                 0,     0.05965823246,    -0.00146736242,      0.3260002767,                 0,       201.7769062
          0,           0,         814,      -12.80999639,       -13.3994199,      -13.39895467,      -12.24987321,             0.448,    0.001615643642,      0.3259995756,                 0,                 0,                 0,     0.05965823246,    -0.00146736242,      0.3260002767,                 0,       201.7769062
          0,           0,         815,      -12.83529004,      -13.41869025,      -13.42344849,      -12.27486636,             0.448,    0.001615643642,      0.3259995756,                 0,                 0,                 0,     0.05965823246,   -0.001467362421,      0.3260002767,                 0,       201.7769062
          0,           0,         816,      -12.86109672,      -13.43797338,      -13.44819271,      -12.30036068,             0.448,    0.001615643642,      0.3259995756,                 0,                 0,                 0,     0.05965823246,   -0.001467362421,      0.3260002767,                 0,       201.7769062
          0,           0,         817,      -12.88740309,      -13.45730033,       -13.4731283,      -12.32634515,             0.448,    0.001615643641,      0.3259995756,                 0,                 0,                 0,     0.05965823245,   -0.001467362421,      0.3260002767,                 0,       201.7769063
          0,           0,         818,      -12.91419405,      -13.47669473,      -13.49820601,      -12.35280835,             0.448,    0.001615643641,      0.3259995756,                 0,                 0,                 0,     0.05965823245,   -0.001467362421,      0.3260002767,                 0,       201.7769063
          0,           0,         819,      -12.94144668,      -13.49622366,      -13.52340436,      -12.37973374,             0.448,    0.001615643641,      0.3259995756,                 0,                 0,                 0,     0.05965823245,   -0.001467362421,      0.3260002767,                 0,       201.7769063
          0,           0,         820,      -12.96912137,      -13.51564052,      -13.54865428,      -12.40708757,             0.448,    0.001615643641,      0.3259995756,                 0,                 0,                 0,     0.05965823245,   -0.001467362421,      0.3260002767,                 0,       201.7769063
          0,           0,         821,      -12.99717539,      -13.53523761,      -13.57376403,      -12.43483236,             0.448,    0.001615643641,      0.3259995755,                 0,                 0,                 0,     0.05965823245,   -0.001467362421,      0.3260002767,                 0,       201.7769063
          0,           0,         822,      -13.02555168,      -13.55496906,      -13.59857466,      -12.46292186,             0.448,     0.00161564364,      0.3259995755,                 0,                 0,                 0,     0.05965823244,   -0.001467362422,      0.3260002767,                 0,       201.7769064
