NDIME= 2
NELEM= 10216
5	417	69	311	0
5	302	55	56	1
5	405	159	384	2
5	594	427	450	3
5	315	71	72	4
5	319	4	262	5
5	270	39	40	6
5	327	65	66	7
5	451	259	325	8
5	441	40	41	9
5	358	147	148	10
5	287	12	13	11
5	252	144	145	12
5	254	56	57	13
5	348	96	269	14
5	262	4	5	15
5	647	465	525	16
5	453	308	449	17
5	309	282	15	18
5	560	265	470	19
5	369	185	186	20
5	420	271	27	21
5	432	137	376	22
5	643	471	270	23
5	429	121	354	24
5	282	14	15	25
5	568	446	456	26
5	292	257	31	27
5	617	385	457	28
5	831	694	478	29
5	274	24	25	30
5	470	346	454	31
5	311	69	70	32
5	291	20	278	33
5	286	24	274	34
5	257	30	31	35
5	255	0	1	36
5	996	809	797	37
5	342	79	312	38
5	280	18	19	39
5	543	319	518	40
5	316	42	294	41
5	507	356	439	42
5	543	293	319	43
5	546	298	299	44
5	324	288	9	45
5	749	548	648	46
5	270	251	39	47
5	542	459	257	48
5	258	36	37	49
5	322	18	280	50
5	315	72	290	51
5	555	313	342	52
5	288	8	9	53
5	645	348	465	54
5	323	14	282	55
5	308	62	63	56
5	300	75	76	57
5	335	84	303	58
5	421	60	305	59
5	334	38	251	60
5	749	549	548	61
5	285	53	54	62
5	302	56	254	63
5	751	644	725	64
5	250	82	83	65
5	294	42	43	66
5	301	87	88	67
5	279	80	81	68
5	305	60	61	69
5	531	475	278	70
5	554	448	540	71
5	271	26	27	72
5	284	89	90	73
5	416	111	112	74
5	329	260	33	75
5	475	291	278	76
5	340	0	255	77
5	277	106	107	78
5	420	28	272	79
5	295	52	53	80
5	316	41	42	81
5	333	294	43	82
5	825	476	650	83
5	331	300	76	84
5	762	555	664	85
5	295	53	285	86
5	290	72	73	87
5	337	90	91	88
5	312	79	80	89
5	511	320	336	90
5	1041	890	895	91
5	555	342	464	92
5	946	762	848	93
5	564	314	556	94
5	345	52	295	95
5	335	250	83	96
5	449	63	64	97
5	338	254	57	98
5	842	642	557	99
5	338	57	58	100
5	517	256	293	101
5	259	101	102	102
5	512	281	350	103
5	348	95	96	104
5	441	270	40	105
5	361	177	178	106
5	266	99	100	107
5	510	451	325	108
5	580	353	413	109
5	372	115	116	110
5	367	117	118	111
5	357	151	349	112
5	412	375	127	113
5	639	273	436	114
5	381	157	158	115
5	492	368	430	116
5	377	147	358	117
5	400	173	390	118
5	437	365	182	119
5	406	161	253	120
5	403	253	162	121
5	395	181	365	122
5	397	175	393	123
5	408	157	381	124
5	619	408	381	125
5	401	386	166	126
5	399	388	170	127
5	834	690	450	128
5	585	377	358	129
5	387	163	164	130
5	404	165	386	131
5	353	112	113	132
5	424	321	109	133
5	363	252	145	134
5	363	145	146	135
5	481	429	354	136
5	607	393	484	137
5	1544	685	720	138
5	653	485	490	139
5	275	132	133	140
5	409	382	129	141
5	373	135	136	142
5	614	482	253	143
5	355	143	144	144
5	409	130	383	145
5	380	354	122	146
5	486	435	273	147
5	436	273	140	148
5	411	126	375	149
5	360	186	187	150
5	593	394	488	151
5	850	681	706	152
5	393	175	176	153
5	806	611	604	154
5	398	177	361	155
5	784	587	502	156
5	403	162	163	157
5	402	169	388	158
5	253	161	162	159
5	396	188	359	160
5	388	169	170	161
5	1083	868	726	162
5	390	173	174	163
5	484	393	398	164
5	356	195	196	165
5	380	122	123	166
5	432	373	136	167
5	375	126	127	168
5	412	128	382	169
5	357	150	151	170
5	355	144	252	171
5	364	141	142	172
5	624	483	375	173
5	435	139	273	174
5	482	479	406	175
5	424	110	351	176
5	623	412	382	177
5	595	501	352	178
5	325	259	102	179
5	328	46	296	180
5	269	96	97	181
5	1361	1264	1068	182
5	530	286	462	183
5	550	306	421	184
5	251	38	39	185
5	423	103	104	186
5	350	99	266	187
5	693	451	510	188
5	483	411	375	189
5	352	114	115	190
5	633	478	424	191
5	444	150	357	192
5	427	117	367	193
5	588	395	365	194
5	385	154	261	195
5	655	491	587	196
5	369	186	360	197
5	581	431	485	198
5	386	165	166	199
5	5232	5214	5229	200
5	508	503	443	201
5	5232	5226	5214	202
5	1099	878	1090	203
5	5231	207	5222	204
5	5231	206	207	205
5	5230	5210	5219	206
5	5230	5213	5210	207
5	5229	5199	5213	208
5	5229	5214	5199	209
5	5228	204	205	210
5	5228	5217	204	211
5	5225	5219	5200	212
5	5225	249	5219	213
5	5232	5229	202	214
5	5232	202	203	215
5	5227	247	248	216
5	5227	5196	5212	217
5	5224	5195	5209	218
5	5224	5202	5195	219
5	5223	225	226	220
5	5223	5220	225	221
5	5224	5228	205	222
5	5231	205	206	223
5	5221	5173	5203	224
5	5221	5201	5173	225
5	5220	5211	225	226
5	5220	5181	5211	227
5	5230	200	201	228
5	5230	5229	5213	229
5	5219	5210	5191	230
5	5225	5218	248	231
5	5231	5202	5224	232
5	5231	5222	5202	233
5	5216	227	228	234
5	5216	5208	227	235
5	5215	207	208	236
5	5222	5206	5189	237
5	5232	203	5226	238
5	5230	201	5229	239
5	5214	5205	5174	240
5	5229	201	202	241
5	5212	246	247	242
5	5221	246	5212	243
5	5211	5180	224	244
5	5211	5181	5180	245
5	5210	5152	5191	246
5	5210	5190	5152	247
5	5231	5224	205	248
5	5228	5224	5209	249
5	5223	5208	5185	250
5	5223	226	227	251
5	5207	5180	5166	252
5	5207	223	5180	253
5	5222	5189	5202	254
5	5222	5215	5206	255
5	5226	5205	5214	256
5	5217	5188	5205	257
5	5197	229	230	258
5	5197	5179	229	259
5	5203	5163	5193	260
5	5203	5173	5163	261
5	5215	208	209	262
5	5222	207	5215	263
5	5221	5212	5201	264
5	5221	245	246	265
5	5230	5219	200	266
5	5219	249	200	267
5	5205	5154	5174	268
5	5226	5217	5205	269
5	5198	221	222	270
5	5198	5186	221	271
5	5197	5121	5179	272
5	5197	5088	5121	273
5	5212	5196	5170	274
5	5201	5170	5145	275
5	5195	5140	5169	276
5	5195	5157	5140	277
5	5192	241	5168	278
5	5192	240	241	279
5	5193	5160	243	280
5	5193	5163	5160	281
5	5223	5185	5220	282
5	5211	224	225	283
5	5213	5199	5190	284
5	5225	248	249	285
5	5184	5150	218	286
5	5184	5127	5150	287
5	5183	212	5155	288
5	5183	211	212	289
5	5228	5209	5217	290
5	5209	5169	5188	291
5	5187	241	242	292
5	5187	5160	5139	293
5	5186	220	221	294
5	5186	5151	220	295
5	5220	5185	5161	296
5	5220	5161	5181	297
5	5184	219	5151	298
5	5184	5151	5127	299
5	5183	5155	5125	300
5	5149	210	211	301
5	5190	5113	5152	302
5	5182	5112	5162	303
5	5223	227	5208	304
5	5181	5167	5147	305
5	5180	223	224	306
5	5207	5166	5194	307
5	5216	5179	5177	308
5	5179	5158	5177	309
5	5178	5156	5135	310
5	5178	215	5156	311
5	5177	5158	5130	312
5	5179	228	229	313
5	5191	5129	5143	314
5	5227	5212	247	315
5	5204	5142	5175	316
5	5204	214	5178	317
5	5174	5118	5146	318
5	5174	5154	5118	319
5	5171	5144	238	320
5	5171	5116	5144	321
5	5171	5148	5116	322
5	5172	216	217	323
5	5171	238	239	324
5	5172	217	5150	325
5	5176	5133	5153	326
5	5218	5176	5196	327
5	5202	5189	5157	328
5	5226	204	5217	329
5	5194	5166	5131	330
5	5192	5138	5148	331
5	5167	5134	5122	332
5	5167	5161	5134	333
5	5166	5096	5131	334
5	5166	5147	5096	335
5	5165	5091	5123	336
5	5165	5130	5091	337
5	5198	5194	5164	338
5	5207	222	223	339
5	5201	5145	5173	340
5	5203	5193	244	341
5	5162	5108	5128	342
5	5162	5112	5108	343
5	5181	5147	5180	344
5	5208	5165	5185	345
5	5208	5177	5165	346
5	5216	5177	5208	347
5	5159	5087	5111	348
5	5159	5115	5087	349
5	5158	5105	5130	350
5	5192	5168	5138	351
5	5189	5114	5157	352
5	5206	5128	5189	353
5	5192	5148	240	354
5	5148	239	240	355
5	5155	5090	5125	356
5	5155	5132	5090	357
5	5154	5101	5118	358
5	5154	5119	5101	359
5	5153	5082	5124	360
5	5153	5133	5082	361
5	5191	5152	5129	362
5	5227	248	5218	363
5	5164	5107	5137	364
5	5151	219	220	365
5	5184	218	219	366
5	5150	217	218	367
5	5217	5209	5188	368
5	5182	5162	209	369
5	5178	214	215	370
5	5148	5138	5086	371
5	5207	5194	222	372
5	5147	5122	5096	373
5	5199	5174	5146	374
5	5219	5191	5200	375
5	5145	5098	5126	376
5	5145	5124	5098	377
5	5144	237	238	378
5	5144	5115	237	379
5	5152	5076	5129	380
5	5200	5191	5143	381
5	5175	5155	212	382
5	5183	5149	211	383
5	5141	5094	5061	384
5	5141	5121	5094	385
5	5215	5162	5206	386
5	5214	5174	5199	387
5	5139	5102	5100	388
5	5139	5120	5102	389
5	5187	242	243	390
5	5194	5131	5164	391
5	5198	5164	5186	392
5	5186	5164	5137	393
5	5197	5136	5088	394
5	5197	230	5136	395
5	5135	5047	5093	396
5	5135	5092	5047	397
5	5167	5122	5147	398
5	438	198	199	399
5	5161	5106	5134	400
5	1036	844	843	401
5	307	86	87	402
5	661	506	199	403
5	5189	5128	5114	404
5	508	443	356	405
5	5112	5074	5108	406
5	685	657	503	407
5	5156	5092	5135	408
5	508	356	507	409
5	5204	5178	5142	410
5	659	438	506	411
5	5161	5123	5106	412
5	439	356	196	413
5	5187	5139	5168	414
5	443	195	356	415
5	5177	5130	5165	416
5	485	431	433	417
5	5185	5123	5161	418
5	660	517	543	419
5	5129	5071	5081	420
5	385	153	154	421
5	5129	5076	5071	422
5	661	199	515	423
5	5190	5146	5113	424
5	5188	5169	5119	425
5	5186	5137	5151	426
5	354	121	122	427
5	5182	210	5149	428
5	416	351	111	429
5	5170	5124	5145	430
5	1230	1086	1051	431
5	5203	244	245	432
5	410	132	275	433
5	5183	5125	5149	434
5	415	108	321	435
5	5182	5149	5112	436
5	347	101	259	437
5	5124	5045	5098	438
5	318	89	284	439
5	5124	5082	5045	440
5	425	106	277	441
5	5187	5168	241	442
5	578	347	452	443
5	5180	5147	5166	444
5	325	102	103	445
5	5134	5097	5109	446
5	473	464	312	447
5	5134	5109	5122	448
5	769	737	516	449
5	5179	5121	5158	450
5	5158	5121	5141	451
5	5160	5120	5139	452
5	347	100	101	453
5	5168	5100	5138	454
5	445	95	348	455
5	5140	5103	5056	456
5	671	579	645	457
5	5205	5188	5154	458
5	303	84	85	459
5	5146	5118	5089	460
5	445	336	94	461
5	5146	5089	5113	462
5	721	509	477	463
5	5117	5077	5046	464
5	320	92	93	465
5	5117	234	5077	466
5	335	83	84	467
5	5116	5086	5064	468
5	447	82	250	469
5	5138	5100	5070	470
5	764	754	540	471
5	5159	236	237	472
5	339	71	315	473
5	5159	237	5115	474
5	306	58	59	475
5	5169	5140	5085	476
5	5140	5056	5085	477
5	5113	5052	5076	478
5	292	31	32	479
5	5113	5089	5052	480
5	419	12	287	481
5	5159	5111	236	482
5	288	268	8	483
5	5111	235	236	484
5	293	2	3	485
5	5128	5084	5114	486
5	293	256	2	487
5	5111	5087	5057	488
5	1394	1257	1239	489
5	5110	5048	5092	490
5	340	199	0	491
5	5110	5079	5048	492
5	1218	517	853	493
5	5109	5049	5038	494
5	729	460	521	495
5	5109	5097	5049	496
5	746	543	518	497
5	5149	5099	5112	498
5	5209	5195	5169	499
5	5107	5020	5063	500
5	5107	5068	5020	501
5	312	80	279	502
5	762	562	555	503
5	460	263	267	504
5	670	470	454	505
5	273	139	140	506
5	641	588	365	507
5	384	159	160	508
5	261	154	155	509
5	304	55	302	510
5	573	332	466	511
5	742	537	741	512
5	1505	888	1371	513
5	256	255	1	514
5	256	1	2	515
5	330	30	257	516
5	472	345	295	517
5	346	36	258	518
5	260	32	33	519
5	511	456	320	520
5	452	259	451	521
5	329	34	265	522
5	292	32	260	523
5	813	617	667	524
5	349	151	152	525
5	521	460	267	526
5	726	515	340	527
5	263	262	5	528
5	263	5	6	529
5	264	261	155	530
5	264	155	156	531
5	329	33	34	532
5	265	34	35	533
5	510	325	423	534
5	514	284	467	535
5	267	263	6	536
5	267	6	7	537
5	268	267	7	538
5	268	7	8	539
5	452	347	259	540
5	509	418	425	541
5	476	330	459	542
5	422	296	47	543
5	326	26	271	544
5	317	22	276	545
5	420	27	28	546
5	272	28	29	547
5	480	400	390	548
5	374	275	133	549
5	570	474	254	550
5	276	22	23	551
5	590	519	252	552
5	374	133	134	553
5	575	343	308	554
5	278	20	21	555
5	415	107	108	556
5	625	321	478	557
5	565	557	294	558
5	557	316	294	559
5	466	332	417	560
5	563	540	300	561
5	642	441	316	562
5	471	251	270	563
5	281	269	97	564
5	281	97	98	565
5	309	16	283	566
5	470	265	346	567
5	309	15	16	568
5	283	16	17	569
5	307	87	301	570
5	675	568	456	571
5	333	43	44	572
5	314	44	45	573
5	286	276	23	574
5	286	23	24	575
5	528	462	274	576
5	533	455	280	577
5	324	10	289	578
5	535	323	282	579
5	324	9	10	580
5	289	10	11	581
5	498	466	417	582
5	310	290	73	583
5	291	280	19	584
5	291	19	20	585
5	938	928	741	586
5	537	468	287	587
5	534	283	322	588
5	521	267	268	589
5	514	318	284	590
5	297	50	51	591
5	422	47	48	592
5	296	46	47	593
5	644	307	536	594
5	573	341	332	595
5	298	48	49	596
5	299	50	297	597
5	505	315	290	598
5	422	48	298	599
5	299	298	49	600
5	299	49	50	601
5	310	73	74	602
5	448	75	300	603
5	913	671	859	604
5	1110	871	1094	605
5	304	54	55	606
5	304	285	54	607
5	442	86	307	608
5	442	85	86	609
5	576	343	575	610
5	665	534	652	611
5	343	62	308	612
5	344	64	65	613
5	556	314	328	614
5	338	58	306	615
5	442	303	85	616
5	467	284	337	617
5	343	61	62	618
5	343	305	61	619
5	497	334	251	620
5	497	251	471	621
5	701	547	662	622
5	532	447	516	623
5	332	67	68	624
5	449	64	344	625
5	313	77	78	626
5	331	76	77	627
5	469	290	310	628
5	331	77	313	629
5	455	322	280	630
5	333	44	314	631
5	339	70	71	632
5	339	311	70	633
5	524	263	460	634
5	441	41	316	635
5	317	278	21	636
5	317	21	22	637
5	318	301	88	638
5	318	88	89	639
5	319	293	3	640
5	319	3	4	641
5	337	284	90	642
5	446	92	320	643
5	415	277	107	644
5	321	108	109	645
5	322	283	17	646
5	322	17	18	647
5	323	287	13	648
5	323	13	14	649
5	552	283	534	650
5	538	289	419	651
5	423	104	418	652
5	694	625	478	653
5	326	274	25	654
5	326	25	26	655
5	341	67	332	656
5	344	65	327	657
5	328	314	45	658
5	328	45	46	659
5	734	677	462	660
5	459	330	257	661
5	330	272	29	662
5	330	29	30	663
5	562	313	555	664
5	498	417	311	665
5	341	66	67	666
5	341	327	66	667
5	468	419	287	668
5	1362	1084	1218	669
5	334	258	37	670
5	334	37	38	671
5	897	675	861	672
5	540	448	300	673
5	336	320	93	674
5	336	93	94	675
5	547	318	514	676
5	768	567	566	677
5	756	520	651	678
5	461	421	305	679
5	652	534	455	680
5	746	660	543	681
5	753	741	535	682
5	1043	889	916	683
5	550	421	461	684
5	643	270	441	685
5	342	313	78	686
5	342	78	79	687
5	575	308	453	688
5	474	302	254	689
5	556	328	520	690
5	449	308	63	691
5	345	297	51	692
5	345	51	52	693
5	346	265	35	694
5	346	35	36	695
5	692	465	647	696
5	347	266	100	697
5	445	94	95	698
5	725	536	701	699
5	407	153	385	700
5	618	407	617	701
5	350	281	98	702
5	350	98	99	703
5	424	109	110	704
5	351	110	111	705
5	413	114	352	706
5	416	112	353	707
5	478	321	424	708
5	496	371	429	709
5	426	367	118	710
5	372	352	115	711
5	378	143	355	712
5	436	140	141	713
5	807	611	806	714
5	359	188	189	715
5	495	383	410	716
5	591	364	378	717
5	783	584	782	718
5	493	410	275	719
5	489	398	361	720
5	394	185	369	721
5	992	880	704	722
5	365	181	182	723
5	605	391	400	724
5	392	178	179	725
5	362	358	148	726
5	362	148	149	727
5	834	450	635	728
5	799	708	504	729
5	603	387	404	730
5	436	141	364	731
5	366	179	180	732
5	392	361	178	733
5	608	480	390	734
5	392	179	366	735
5	426	119	371	736
5	626	353	580	737
5	368	359	189	738
5	368	189	190	739
5	370	183	184	740
5	437	182	183	741
5	839	640	593	742
5	437	183	370	743
5	426	118	119	744
5	371	119	120	745
5	501	413	352	746
5	627	351	416	747
5	428	135	373	748
5	599	380	414	749
5	718	598	689	750
5	824	626	823	751
5	379	124	125	752
5	414	124	379	753
5	432	136	137	754
5	376	137	138	755
5	377	363	146	756
5	377	146	147	757
5	378	364	142	758
5	378	142	143	759
5	600	481	354	760
5	686	583	487	761
5	816	620	619	762
5	689	598	483	763
5	408	156	157	764
5	408	264	156	765
5	412	127	128	766
5	382	128	129	767
5	409	129	130	768
5	383	130	131	769
5	405	158	159	770
5	405	381	158	771
5	407	152	153	772
5	407	349	152	773
5	604	389	402	774
5	640	370	593	775
5	609	391	605	776
5	403	163	387	777
5	389	167	168	778
5	401	166	167	779
5	604	402	601	780
5	401	167	389	781
5	391	171	172	782
5	399	170	171	783
5	479	384	406	784
5	399	171	391	785
5	606	504	392	786
5	593	370	394	787
5	397	174	175	788
5	397	390	174	789
5	394	370	184	790
5	394	184	185	791
5	395	366	180	792
5	395	180	181	793
5	396	360	187	794
5	396	187	188	795
5	620	523	264	796
5	615	384	479	797
5	398	393	176	798
5	398	176	177	799
5	482	406	253	800
5	614	253	403	801
5	400	391	172	802
5	400	172	173	803
5	605	400	480	804
5	489	484	398	805
5	402	389	168	806
5	402	168	169	807
5	974	788	732	808
5	622	382	409	809
5	404	387	164	810
5	404	164	165	811
5	494	376	435	812
5	621	409	383	813
5	406	384	160	814
5	406	160	161	815
5	638	436	364	816
5	583	362	444	817
5	487	444	357	818
5	583	444	487	819
5	636	376	494	820
5	617	407	385	821
5	410	383	131	822
5	410	131	132	823
5	411	379	125	824
5	411	125	126	825
5	529	428	373	826
5	634	426	371	827
5	413	353	113	828
5	413	113	114	829
5	414	380	123	830
5	414	123	124	831
5	580	413	501	832
5	509	425	477	833
5	496	429	481	834
5	527	378	355	835
5	417	332	68	836
5	417	68	69	837
5	423	325	103	838
5	418	104	105	839
5	419	289	11	840
5	419	11	12	841
5	534	322	455	842
5	533	280	291	843
5	421	306	59	844
5	421	59	60	845
5	574	327	341	846
5	646	449	344	847
5	632	418	509	848
5	861	675	669	849
5	624	375	412	850
5	500	414	379	851
5	425	418	105	852
5	425	105	106	853
5	595	372	594	854
5	690	594	450	855
5	427	372	116	856
5	427	116	117	857
5	428	374	134	858
5	428	134	135	859
5	429	371	120	860
5	429	120	121	861
5	430	368	190	862
5	430	190	191	863
5	431	430	191	864
5	431	191	192	865
5	494	435	486	866
5	639	486	273	867
5	433	431	192	868
5	433	192	193	869
5	434	433	193	870
5	434	193	194	871
5	435	376	138	872
5	435	138	139	873
5	601	402	388	874
5	602	404	386	875
5	867	506	661	876
5	812	616	615	877
5	439	196	197	878
5	440	198	438	879
5	592	395	588	880
5	586	368	492	881
5	440	439	197	882
5	440	197	198	883
5	539	521	268	884
5	541	292	260	885
5	473	312	279	886
5	532	473	279	887
5	443	434	194	888
5	443	194	195	889
5	444	362	149	890
5	444	149	150	891
5	951	767	751	892
5	1051	856	915	893
5	446	337	91	894
5	446	91	92	895
5	447	279	81	896
5	447	81	82	897
5	448	310	74	898
5	448	74	75	899
5	526	295	285	900
5	569	306	550	901
5	450	427	367	902
5	635	450	367	903
5	884	790	690	904
5	791	781	501	905
5	978	793	977	906
5	902	702	717	907
5	646	453	449	908
5	577	344	327	909
5	454	346	258	910
5	497	458	334	911
5	628	272	476	912
5	629	463	271	913
5	456	446	320	914
5	951	751	856	915
5	457	385	261	916
5	523	457	261	917
5	458	454	258	918
5	458	258	334	919
5	476	272	330	920
5	462	286	274	921
5	825	628	476	922
5	736	475	531	923
5	548	302	474	924
5	544	345	472	925
5	528	326	463	926
5	679	524	666	927
5	528	274	326	928
5	463	326	271	929
5	464	342	312	930
5	775	498	572	931
5	465	348	269	932
5	698	512	513	933
5	754	554	540	934
5	737	532	516	935
5	567	250	335	936
5	532	279	447	937
5	539	268	288	938
5	538	419	468	939
5	572	498	311	940
5	505	290	469	941
5	561	541	260	942
5	542	257	292	943
5	843	643	642	944
5	631	520	296	945
5	544	297	345	946
5	520	328	296	947
5	701	536	547	948
5	536	307	301	949
5	548	304	302	950
5	526	472	295	951
5	531	317	522	952
5	533	291	475	953
5	628	420	272	954
5	629	271	420	955
5	477	425	277	956
5	499	477	277	957
5	499	277	415	958
5	698	513	578	959
5	615	405	384	960
5	523	261	264	961
5	610	601	388	962
5	862	707	655	963
5	635	426	634	964
5	634	371	496	965
5	705	479	482	966
5	792	597	687	967
5	598	411	483	968
5	600	354	380	969
5	607	397	393	970
5	608	390	397	971
5	808	797	602	972
5	488	394	369	973
5	596	493	275	974
5	596	275	374	975
5	590	252	363	976
5	519	355	252	977
5	988	802	801	978
5	587	360	396	979
5	798	592	789	980
5	800	607	484	981
5	490	485	433	982
5	490	433	434	983
5	491	488	369	984
5	491	369	360	985
5	502	396	359	986
5	587	491	360	987
5	730	457	523	988
5	495	410	493	989
5	711	529	637	990
5	597	428	529	991
5	835	636	710	992
5	621	383	495	993
5	822	689	483	994
5	635	367	426	995
5	771	570	569	996
5	770	569	550	997
5	571	315	505	998
5	776	466	716	999
5	717	625	694	1000
5	901	852	695	1001
5	821	623	820	1002
5	599	414	500	1003
5	627	416	626	1004
5	626	416	353	1005
5	706	581	654	1006
5	587	396	502	1007
5	503	490	434	1008
5	503	434	443	1009
5	504	489	361	1010
5	504	361	392	1011
5	571	339	315	1012
5	572	311	339	1013
5	506	438	199	1014
5	943	917	743	1015
5	685	503	508	1016
5	910	681	850	1017
5	654	485	653	1018
5	987	801	800	1019
5	663	578	452	1020
5	852	663	695	1021
5	1199	1020	1198	1022
5	724	647	525	1023
5	698	578	663	1024
5	722	632	656	1025
5	859	692	847	1026
5	525	281	512	1027
5	513	512	350	1028
5	513	350	266	1029
5	566	335	303	1030
5	516	447	250	1031
5	1219	658	1080	1032
5	515	199	340	1033
5	1038	845	780	1034
5	551	303	442	1035
5	668	256	517	1036
5	868	661	515	1037
5	543	517	293	1038
5	518	319	262	1039
5	584	362	583	1040
5	527	355	519	1041
5	545	297	544	1042
5	631	296	422	1043
5	740	652	455	1044
5	752	552	665	1045
5	531	278	317	1046
5	522	317	276	1047
5	616	405	615	1048
5	782	584	583	1049
5	524	518	262	1050
5	524	262	263	1051
5	525	465	269	1052
5	525	269	281	1053
5	549	304	548	1054
5	757	556	756	1055
5	839	593	683	1056
5	591	378	527	1057
5	665	552	534	1058
5	742	696	468	1059
5	637	432	636	1060
5	637	373	432	1061
5	530	522	276	1062
5	530	276	286	1063
5	874	700	731	1064
5	747	544	700	1065
5	673	662	514	1066
5	773	505	699	1067
5	829	631	630	1068
5	765	565	564	1069
5	553	535	282	1070
5	537	287	323	1071
5	553	309	552	1072
5	537	323	535	1073
5	567	335	566	1074
5	566	303	551	1075
5	760	560	672	1076
5	744	542	541	1077
5	559	539	288	1078
5	558	289	538	1079
5	559	324	558	1080
5	759	559	758	1081
5	554	310	448	1082
5	554	469	310	1083
5	561	329	560	1084
5	542	292	541	1085
5	674	522	530	1086
5	1017	828	748	1087
5	889	758	728	1088
5	1528	1266	1364	1089
5	545	299	297	1090
5	630	422	298	1091
5	748	546	545	1092
5	546	299	545	1093
5	844	714	471	1094
5	630	298	546	1095
5	547	536	301	1096
5	547	301	318	1097
5	549	285	304	1098
5	549	526	285	1099
5	700	544	472	1100
5	715	678	458	1101
5	569	338	306	1102
5	570	254	338	1103
5	751	551	644	1104
5	567	516	250	1105
5	553	282	309	1106
5	552	309	283	1107
5	745	459	542	1108
5	672	560	470	1109
5	780	577	574	1110
5	776	573	466	1111
5	562	331	313	1112
5	563	300	331	1113
5	763	562	762	1114
5	738	473	532	1115
5	565	333	564	1116
5	642	316	557	1117
5	559	288	324	1118
5	558	324	289	1119
5	679	518	524	1120
5	753	553	752	1121
5	561	260	329	1122
5	560	329	265	1123
5	746	518	679	1124
5	734	528	733	1125
5	953	769	768	1126
5	563	331	562	1127
5	846	453	646	1128
5	699	505	469	1129
5	565	294	333	1130
5	564	333	314	1131
5	777	574	573	1132
5	845	646	577	1133
5	1086	856	1051	1134
5	723	511	579	1135
5	723	579	671	1136
5	669	456	511	1137
5	568	467	337	1138
5	568	337	446	1139
5	761	744	541	1140
5	570	338	569	1141
5	750	549	749	1142
5	1667	1374	1548	1143
5	1136	946	1047	1144
5	572	339	571	1145
5	676	550	461	1146
5	846	649	453	1147
5	773	571	505	1148
5	574	341	573	1149
5	1142	954	953	1150
5	577	327	574	1151
5	576	305	343	1152
5	576	461	305	1153
5	1037	714	844	1154
5	829	651	631	1155
5	1039	846	845	1156
5	646	344	577	1157
5	578	513	266	1158
5	578	266	347	1159
5	579	511	336	1160
5	579	336	445	1161
5	790	594	690	1162
5	633	351	627	1163
5	581	492	430	1164
5	581	430	431	1165
5	582	487	357	1166
5	582	357	349	1167
5	584	358	362	1168
5	589	363	377	1169
5	712	495	493	1170
5	585	358	584	1171
5	688	494	486	1172
5	589	377	585	1173
5	586	502	359	1174
5	586	359	368	1175
5	1092	867	661	1176
5	802	703	480	1177
5	592	366	395	1178
5	606	392	366	1179
5	1030	905	688	1180
5	590	363	589	1181
5	840	641	640	1182
5	1154	968	910	1183
5	803	605	703	1184
5	638	364	591	1185
5	789	592	588	1186
5	606	366	592	1187
5	640	437	370	1188
5	641	365	437	1189
5	595	352	372	1190
5	594	372	427	1191
5	794	500	718	1192
5	796	481	600	1193
5	787	519	590	1194
5	838	688	486	1195
5	597	596	374	1196
5	597	374	428	1197
5	598	500	379	1198
5	598	379	411	1199
5	793	596	792	1200
5	600	380	599	1201
5	821	624	623	1202
5	793	712	493	1203
5	612	602	386	1204
5	613	403	387	1205
5	611	389	604	1206
5	603	404	602	1207
5	683	593	488	1208
5	613	387	603	1209
5	611	401	389	1210
5	612	386	401	1211
5	609	399	391	1212
5	610	388	399	1213
5	681	586	492	1214
5	707	491	655	1215
5	803	609	605	1216
5	608	397	607	1217
5	840	640	839	1218
5	983	798	789	1219
5	708	489	504	1220
5	610	399	609	1221
5	812	615	684	1222
5	684	615	479	1223
5	810	614	613	1224
5	612	401	611	1225
5	1032	840	839	1226
5	801	608	607	1227
5	709	489	708	1228
5	614	403	613	1229
5	788	527	732	1230
5	682	487	582	1231
5	616	381	405	1232
5	620	264	408	1233
5	1026	834	1025	1234
5	619	381	616	1235
5	618	349	407	1236
5	618	582	349	1237
5	686	487	682	1238
5	782	583	686	1239
5	732	527	519	1240
5	620	408	619	1241
5	787	732	519	1242
5	785	589	585	1243
5	687	597	529	1244
5	622	409	621	1245
5	820	623	622	1246
5	623	382	622	1247
5	1001	813	877	1248
5	624	412	623	1249
5	713	496	481	1250
5	702	477	499	1251
5	625	499	415	1252
5	625	415	321	1253
5	781	580	501	1254
5	633	424	351	1255
5	911	702	902	1256
5	721	477	702	1257
5	826	628	825	1258
5	629	420	628	1259
5	827	733	463	1260
5	883	666	729	1261
5	651	520	631	1262
5	631	422	630	1263
5	715	497	714	1264
5	740	455	533	1265
5	632	510	423	1266
5	632	423	418	1267
5	791	595	790	1268
5	831	478	633	1269
5	718	500	598	1270
5	796	713	481	1271
5	831	633	830	1272
5	1007	819	818	1273
5	637	529	373	1274
5	636	432	376	1275
5	813	618	617	1276
5	836	638	591	1277
5	797	603	602	1278
5	639	436	638	1279
5	811	705	482	1280
5	705	684	479	1281
5	903	684	705	1282
5	641	437	640	1283
5	654	581	485	1284
5	817	730	523	1285
5	649	575	453	1286
5	643	441	642	1287
5	778	575	649	1288
5	770	550	676	1289
5	644	551	442	1290
5	644	442	307	1291
5	645	579	445	1292
5	645	445	348	1293
5	950	766	765	1294
5	937	752	855	1295
5	695	452	451	1296
5	1220	1045	1048	1297
5	648	548	474	1298
5	772	648	474	1299
5	778	576	575	1300
5	772	474	570	1301
5	650	476	459	1302
5	745	650	459	1303
5	756	556	520	1304
5	844	471	643	1305
5	735	522	674	1306
5	759	743	539	1307
5	1219	507	658	1308
5	863	685	849	1309
5	1069	983	1031	1310
5	1318	1171	1317	1311
5	719	586	681	1312
5	784	655	587	1313
5	656	632	509	1314
5	721	656	509	1315
5	657	653	490	1316
5	657	490	503	1317
5	658	507	439	1318
5	658	439	440	1319
5	691	438	659	1320
5	691	440	438	1321
5	1063	942	889	1322
5	909	891	678	1323
5	668	255	256	1324
5	868	515	726	1325
5	662	547	514	1326
5	1115	1079	873	1327
5	695	451	693	1328
5	1022	694	831	1329
5	664	555	464	1330
5	738	532	737	1331
5	696	538	468	1332
5	666	524	460	1333
5	728	538	696	1334
5	758	558	728	1335
5	667	617	457	1336
5	730	667	457	1337
5	853	517	660	1338
5	727	255	668	1339
5	673	514	467	1340
5	675	456	669	1341
5	1018	829	828	1342
5	672	470	670	1343
5	723	669	511	1344
5	1012	781	976	1345
5	1086	951	856	1346
5	1040	875	649	1347
5	680	568	675	1348
5	680	467	568	1349
5	735	531	522	1350
5	739	533	475	1351
5	680	673	467	1352
5	915	856	725	1353
5	779	576	778	1354
5	779	676	461	1355
5	677	674	530	1356
5	677	530	462	1357
5	678	670	454	1358
5	678	454	458	1359
5	896	666	883	1360
5	1134	943	1133	1361
5	856	751	725	1362
5	915	701	871	1363
5	719	502	586	1364
5	784	502	719	1365
5	814	618	813	1366
5	814	582	618	1367
5	841	588	641	1368
5	703	605	480	1369
5	993	807	806	1370
5	704	604	601	1371
5	867	659	506	1372
5	720	685	508	1373
5	1028	837	836	1374
5	838	486	639	1375
5	710	494	688	1376
5	711	687	529	1377
5	710	636	494	1378
5	999	903	705	1379
5	818	495	712	1380
5	819	622	621	1381
5	832	496	713	1382
5	1202	1024	1023	1383
5	720	508	507	1384
5	691	658	440	1385
5	692	671	645	1386
5	692	645	465	1387
5	695	663	452	1388
5	1267	1109	914	1389
5	823	580	781	1390
5	830	633	627	1391
5	1107	902	1054	1392
5	901	695	693	1393
5	728	558	538	1394
5	729	666	460	1395
5	697	664	464	1396
5	697	464	473	1397
5	724	512	698	1398
5	724	525	512	1399
5	755	554	754	1400
5	716	466	498	1401
5	747	545	544	1402
5	828	630	546	1403
5	725	644	536	1404
5	738	697	473	1405
5	1198	1020	1013	1406
5	864	693	722	1407
5	805	704	601	1408
5	806	604	704	1409
5	804	609	803	1410
5	1366	1224	1264	1411
5	809	603	797	1412
5	995	808	994	1413
5	706	681	492	1414
5	706	492	581	1415
5	707	683	488	1416
5	707	488	491	1417
5	709	484	489	1418
5	802	480	608	1419
5	995	797	808	1420
5	800	484	709	1421
5	991	805	804	1422
5	993	806	880	1423
5	865	812	684	1424
5	1002	812	865	1425
5	818	621	495	1426
5	820	622	819	1427
5	832	634	496	1428
5	833	635	634	1429
5	715	458	497	1430
5	714	497	471	1431
5	925	739	736	1432
5	921	735	674	1433
5	774	571	773	1434
5	775	716	498	1435
5	717	702	499	1436
5	717	499	625	1437
5	794	599	500	1438
5	795	600	599	1439
5	910	719	681	1440
5	1032	839	879	1441
5	1070	1032	879	1442
5	1068	857	863	1443
5	1021	831	830	1444
5	1026	884	690	1445
5	722	693	510	1446
5	722	510	632	1447
5	1253	1102	1225	1448
5	1258	1059	1082	1449
5	1221	1059	852	1450
5	1057	698	663	1451
5	954	737	769	1452
5	1060	913	859	1453
5	1222	1093	868	1454
5	1061	888	932	1455
5	727	726	340	1456
5	727	340	255	1457
5	893	670	891	1458
5	930	745	744	1459
5	922	735	921	1460
5	1289	1124	1064	1461
5	815	616	812	1462
5	1062	900	905	1463
5	731	700	472	1464
5	731	472	526	1465
5	788	591	527	1466
5	837	639	638	1467
5	734	462	528	1468
5	733	528	463	1469
5	941	757	756	1470
5	1015	826	1014	1471
5	855	752	665	1472
5	736	531	735	1473
5	938	753	937	1474
5	739	475	736	1475
5	767	551	751	1476
5	875	778	649	1477
5	958	872	648	1478
5	960	774	959	1479
5	929	742	928	1480
5	740	533	739	1481
5	1407	1228	1294	1482
5	1810	1652	1504	1483
5	742	468	537	1484
5	741	537	535	1485
5	855	665	854	1486
5	1014	826	825	1487
5	743	729	521	1488
5	743	521	539	1489
5	761	561	760	1490
5	745	542	744	1491
5	1019	651	829	1492
5	935	750	749	1493
5	1139	941	1076	1494
5	1120	854	927	1495
5	931	650	745	1496
5	748	545	747	1497
5	1014	825	869	1498
5	828	546	748	1499
5	750	526	549	1500
5	750	731	526	1501
5	920	885	677	1502
5	927	652	740	1503
5	767	566	551	1504
5	769	516	567	1505
5	753	535	553	1506
5	752	553	552	1507
5	929	916	696	1508
5	1213	1035	1212	1509
5	755	469	554	1510
5	755	699	469	1511
5	948	754	764	1512
5	939	755	754	1513
5	757	564	556	1514
5	766	557	565	1515
5	941	756	851	1516
5	765	564	757	1517
5	759	539	559	1518
5	758	559	558	1519
5	1120	1085	854	1520
5	922	736	735	1521
5	761	541	561	1522
5	760	561	560	1523
5	956	771	770	1524
5	935	749	872	1525
5	763	563	562	1526
5	764	540	563	1527
5	959	774	773	1528
5	764	563	763	1529
5	963	777	776	1530
5	961	775	960	1531
5	891	670	678	1532
5	766	565	765	1533
5	1035	843	842	1534
5	842	557	766	1535
5	915	725	701	1536
5	768	566	767	1537
5	948	939	754	1538
5	769	567	768	1539
5	947	763	946	1540
5	1040	649	846	1541
5	872	749	648	1542
5	771	569	770	1543
5	956	770	955	1544
5	772	570	771	1545
5	965	778	875	1546
5	957	772	771	1547
5	774	572	571	1548
5	775	572	774	1549
5	952	767	951	1550
5	859	671	692	1551
5	871	701	662	1552
5	923	738	737	1553
5	873	664	697	1554
5	777	573	776	1555
5	873	848	664	1556
5	780	574	777	1557
5	779	461	576	1558
5	933	747	700	1559
5	1127	935	1067	1560
5	934	748	747	1561
5	946	763	762	1562
5	845	577	780	1563
5	823	626	580	1564
5	824	627	626	1565
5	783	585	584	1566
5	786	590	589	1567
5	1029	838	837	1568
5	785	585	783	1569
5	986	709	904	1570
5	985	904	708	1571
5	967	782	858	1572
5	786	589	785	1573
5	970	783	967	1574
5	787	590	786	1575
5	900	835	710	1576
5	973	732	787	1577
5	1011	689	822	1578
5	836	591	788	1579
5	798	606	592	1580
5	799	504	606	1581
5	791	501	595	1582
5	790	595	594	1583
5	1008	820	819	1584
5	1020	830	824	1585
5	793	493	596	1586
5	792	596	597	1587
5	1027	836	788	1588
5	906	835	900	1589
5	981	795	980	1590
5	795	599	794	1591
5	1020	824	1013	1592
5	796	600	795	1593
5	975	791	790	1594
5	976	791	975	1595
5	809	613	603	1596
5	811	482	614	1597
5	1081	850	876	1598
5	799	606	798	1599
5	969	862	655	1600
5	1257	1081	1239	1601
5	898	803	703	1602
5	801	607	800	1603
5	904	709	708	1604
5	802	608	801	1605
5	878	707	862	1606
5	998	811	810	1607
5	804	610	609	1608
5	805	601	610	1609
5	880	806	704	1610
5	805	610	804	1611
5	989	898	703	1612
5	1078	857	1068	1613
5	807	612	611	1614
5	808	602	612	1615
5	1209	1029	1208	1616
5	808	612	807	1617
5	1182	1002	1073	1618
5	877	813	667	1619
5	1253	1056	1102	1620
5	810	613	809	1621
5	1004	817	816	1622
5	811	614	810	1623
5	903	865	684	1624
5	1159	972	971	1625
5	815	619	616	1626
5	817	523	620	1627
5	814	682	582	1628
5	971	786	785	1629
5	882	792	687	1630
5	1102	1056	901	1631
5	879	683	878	1632
5	816	619	815	1633
5	1002	815	812	1634
5	817	620	816	1635
5	907	882	687	1636
5	1006	818	712	1637
5	977	793	792	1638
5	819	621	818	1639
5	1025	834	833	1640
5	822	624	821	1641
5	1025	833	1024	1642
5	822	483	624	1643
5	1012	823	781	1644
5	975	790	884	1645
5	979	718	881	1646
5	981	796	795	1647
5	1013	823	1012	1648
5	979	794	718	1649
5	976	781	791	1650
5	830	627	824	1651
5	826	629	628	1652
5	827	463	629	1653
5	1019	829	1018	1654
5	827	629	826	1655
5	869	825	650	1656
5	894	760	672	1657
5	949	757	941	1658
5	829	630	828	1659
5	1037	908	714	1660
5	1145	955	1144	1661
5	1056	852	901	1662
5	911	721	702	1663
5	901	693	864	1664
5	902	717	860	1665
5	982	796	981	1666
5	833	634	832	1667
5	977	792	882	1668
5	834	635	833	1669
5	967	783	782	1670
5	1104	907	906	1671
5	835	711	637	1672
5	835	637	636	1673
5	978	712	793	1674
5	837	638	836	1675
5	1030	688	838	1676
5	838	639	837	1677
5	1003	815	1002	1678
5	878	683	707	1679
5	1367	1092	1265	1680
5	841	641	840	1681
5	984	798	983	1682
5	841	789	588	1683
5	1226	1090	1156	1684
5	876	706	654	1685
5	921	674	885	1686
5	843	642	842	1687
5	931	869	650	1688
5	844	643	843	1689
5	894	672	893	1690
5	909	715	908	1691
5	870	773	699	1692
5	846	646	845	1693
5	961	716	775	1694
5	959	773	870	1695
5	847	692	647	1696
5	914	647	724	1697
5	848	762	664	1698
5	1138	1131	939	1699
5	1044	691	659	1700
5	1686	1371	1519	1701
5	1154	910	1049	1702
5	857	653	657	1703
5	851	756	651	1704
5	1148	872	958	1705
5	1082	724	1058	1706
5	914	847	647	1707
5	1506	863	1042	1708
5	1083	726	727	1709
5	854	665	652	1710
5	927	854	652	1711
5	1101	891	909	1712
5	1260	1100	1228	1713
5	954	923	737	1714
5	1308	1152	1307	1715
5	876	850	706	1716
5	887	653	857	1717
5	858	782	686	1718
5	899	858	686	1719
5	1231	1045	1220	1720
5	1507	1408	1431	1721
5	860	717	694	1722
5	1336	1191	1335	1723
5	1369	1220	1271	1724
5	1598	1554	1440	1725
5	968	719	910	1726
5	1156	862	969	1727
5	863	857	657	1728
5	863	657	685	1729
5	1162	975	884	1730
5	1167	980	1166	1731
5	1005	918	730	1732
5	1278	1105	1104	1733
5	866	864	722	1734
5	866	722	656	1735
5	1406	1093	1222	1736
5	1264	1224	1078	1737
5	1527	1061	932	1738
5	1371	888	1227	1739
5	1016	919	733	1740
5	885	674	677	1741
5	940	755	939	1742
5	962	716	961	1743
5	1140	952	951	1744
5	1094	890	1041	1745
5	1217	875	1040	1746
5	955	770	676	1747
5	924	738	923	1748
5	924	697	738	1749
5	936	750	935	1750
5	933	700	874	1751
5	1150	960	1149	1752
5	958	648	772	1753
5	1171	985	1170	1754
5	1155	968	1154	1755
5	1077	905	1030	1756
5	899	686	682	1757
5	879	839	683	1758
5	1033	840	1032	1759
5	1078	887	857	1760
5	1171	904	985	1761
5	990	803	898	1762
5	996	797	995	1763
5	881	718	689	1764
5	1011	881	689	1765
5	1006	712	978	1766
5	1010	822	821	1767
5	1135	945	944	1768
5	917	883	729	1769
5	980	794	979	1770
5	1024	833	832	1771
5	920	734	919	1772
5	925	736	922	1773
5	1508	720	886	1774
5	886	720	507	1775
5	887	876	654	1776
5	887	654	653	1777
5	932	679	896	1778
5	932	746	679	1779
5	917	729	743	1780
5	942	758	889	1781
5	890	871	662	1782
5	890	662	673	1783
5	893	672	670	1784
5	945	930	744	1785
5	892	861	669	1786
5	892	669	723	1787
5	1113	921	885	1788
5	944	760	894	1789
5	1046	944	894	1790
5	1195	1111	919	1791
5	895	890	673	1792
5	895	673	680	1793
5	932	888	746	1794
5	896	679	666	1795
5	897	895	680	1796
5	897	680	675	1797
5	990	804	803	1798
5	992	704	805	1799
5	1071	1000	1001	1800
5	1206	1027	974	1801
5	906	711	835	1802
5	907	687	711	1803
5	1108	1055	912	1804
5	1221	852	1056	1805
5	912	656	721	1806
5	912	721	911	1807
5	994	807	993	1808
5	1180	996	1179	1809
5	986	800	709	1810
5	989	703	802	1811
5	905	900	710	1812
5	905	710	688	1813
5	1190	881	1011	1814
5	907	711	906	1815
5	1187	1009	1008	1816
5	1165	978	977	1817
5	909	678	715	1818
5	908	715	714	1819
5	1123	1066	931	1820
5	1119	927	926	1821
5	968	784	719	1822
5	969	655	784	1823
5	1335	1163	1313	1824
5	912	866	656	1825
5	1229	1087	1109	1826
5	1205	884	1026	1827
5	913	892	723	1828
5	913	723	671	1829
5	1091	864	866	1830
5	1060	1050	913	1831
5	1269	1140	1086	1832
5	1151	961	1150	1833
5	916	889	728	1834
5	916	728	696	1835
5	943	759	942	1836
5	1228	1100	1134	1837
5	918	877	667	1838
5	918	667	730	1839
5	920	677	734	1840
5	919	734	733	1841
5	1144	964	1095	1842
5	1217	1096	875	1843
5	1146	957	956	1844
5	926	740	739	1845
5	1238	1076	1197	1846
5	1195	919	1016	1847
5	924	873	697	1848
5	1321	1177	1176	1849
5	1153	966	963	1850
5	1290	1128	1247	1851
5	1283	1112	1111	1852
5	926	739	925	1853
5	1121	929	928	1854
5	927	740	926	1855
5	1129	937	1065	1856
5	1085	855	854	1857
5	929	696	742	1858
5	928	742	741	1859
5	1063	889	1043	1860
5	1133	942	1063	1861
5	945	761	944	1862
5	931	745	930	1863
5	1123	930	945	1864
5	1065	937	855	1865
5	1286	1117	1284	1866
5	1604	1461	1460	1867
5	1283	1113	1112	1868
5	934	747	933	1869
5	1194	1016	1015	1870
5	1017	748	934	1871
5	936	731	750	1872
5	936	874	731	1873
5	1125	933	874	1874
5	1139	949	941	1875
5	938	741	753	1876
5	937	753	752	1877
5	1130	1121	928	1878
5	1227	888	1061	1879
5	940	699	755	1880
5	940	870	699	1881
5	1131	940	939	1882
5	1052	959	870	1883
5	949	765	757	1884
5	1034	842	766	1885
5	943	743	759	1886
5	942	759	758	1887
5	1368	1227	1061	1888
5	1124	932	896	1889
5	945	744	761	1890
5	944	761	760	1891
5	1117	925	922	1892
5	1123	945	1135	1893
5	947	764	763	1894
5	948	764	947	1895
5	1297	1136	1244	1896
5	1106	908	1037	1897
5	1095	964	965	1898
5	1304	1144	1240	1899
5	1149	960	959	1900
5	950	765	949	1901
5	1320	1176	1175	1902
5	1034	766	950	1903
5	952	768	767	1904
5	953	768	952	1905
5	1089	892	1050	1906
5	1282	1094	1236	1907
5	1430	1280	1373	1908
5	954	769	953	1909
5	1137	947	1136	1910
5	1151	962	961	1911
5	1146	956	1145	1912
5	1212	950	1139	1913
5	1152	962	1151	1914
5	957	771	956	1915
5	1197	1017	1196	1916
5	958	772	957	1917
5	1340	1126	1290	1918
5	1196	1017	934	1919
5	960	775	774	1920
5	962	776	716	1921
5	1110	1051	915	1922
5	963	776	962	1923
5	1094	871	890	1924
5	966	780	777	1925
5	1140	951	1086	1926
5	1425	1282	1370	1927
5	1079	1047	848	1928
5	966	777	963	1929
5	964	955	676	1930
5	964	676	779	1931
5	965	964	779	1932
5	965	779	778	1933
5	1298	1293	1131	1934
5	1038	780	966	1935
5	970	785	783	1936
5	972	787	786	1937
5	1169	983	1069	1938
5	969	784	968	1939
5	1173	987	986	1940
5	1090	878	862	1941
5	1182	1003	1002	1942
5	971	785	970	1943
5	1183	918	1005	1944
5	972	786	971	1945
5	1259	1087	1229	1946
5	973	787	972	1947
5	1179	995	994	1948
5	974	732	973	1949
5	1074	880	1178	1950
5	1027	788	974	1951
5	1185	1007	1006	1952
5	1013	824	823	1953
5	1347	1201	1346	1954
5	1343	1199	1198	1955
5	1172	986	904	1956
5	1007	818	1006	1957
5	1160	973	972	1958
5	1008	819	1007	1959
5	980	795	794	1960
5	982	713	796	1961
5	1168	981	1167	1962
5	1023	832	713	1963
5	1191	1012	976	1964
5	1205	1162	884	1965
5	1332	1188	1331	1966
5	1023	713	982	1967
5	984	799	798	1968
5	985	708	799	1969
5	1310	1226	1156	1970
5	985	799	984	1971
5	1318	1173	1172	1972
5	1176	989	1175	1973
5	1169	984	983	1974
5	987	800	986	1975
5	1178	991	1177	1976
5	988	801	987	1977
5	1177	991	990	1978
5	989	802	988	1979
5	1174	988	987	1980
5	1310	1156	1155	1981
5	1181	1073	903	1982
5	991	804	990	1983
5	1175	989	988	1984
5	992	805	991	1985
5	1170	984	1169	1986
5	1157	970	967	1987
5	994	808	807	1988
5	999	705	811	1989
5	1172	904	1171	1990
5	997	810	809	1991
5	1161	974	973	1992
5	1207	1028	1027	1993
5	1075	967	858	1994
5	997	809	996	1995
5	1101	1046	893	1996
5	998	810	997	1997
5	1584	1430	1509	1998
5	999	811	998	1999
5	1073	865	903	2000
5	1183	1098	918	2001
5	1000	899	682	2002
5	1000	682	814	2003
5	1001	1000	814	2004
5	1001	814	813	2005
5	1003	816	815	2006
5	1005	730	817	2007
5	1181	903	999	2008
5	1004	816	1003	2009
5	1178	880	992	2010
5	1005	817	1004	2011
5	1073	1002	865	2012
5	1183	1004	1182	2013
5	1189	1011	1010	2014
5	1009	821	820	2015
5	1104	906	1103	2016
5	1334	1250	1053	2017
5	1166	980	979	2018
5	1009	820	1008	2019
5	1203	1025	1024	2020
5	1010	821	1009	2021
5	1191	976	1163	2022
5	1011	822	1010	2023
5	1166	979	1053	2024
5	1168	982	981	2025
5	1192	1013	1012	2026
5	1021	830	1020	2027
5	1201	982	1168	2028
5	1022	831	1021	2029
5	1015	827	826	2030
5	1016	733	827	2031
5	1046	894	893	2032
5	1016	827	1015	2033
5	1212	1034	950	2034
5	1128	936	1127	2035
5	1135	944	1046	2036
5	1018	828	1017	2037
5	1106	1101	909	2038
5	1019	851	651	2039
5	1076	941	851	2040
5	1212	1035	1034	2041
5	1415	1056	1253	2042
5	1163	975	1162	2043
5	1349	1203	1348	2044
5	1022	860	694	2045
5	1091	866	1055	2046
5	1055	866	912	2047
5	1192	1012	1191	2048
5	1024	832	1023	2049
5	1164	977	882	2050
5	1026	690	834	2051
5	1184	1006	978	2052
5	1103	900	1062	2053
5	1179	996	995	2054
5	1105	882	907	2055
5	1072	899	1000	2056
5	1028	836	1027	2057
5	1180	998	997	2058
5	1029	837	1028	2059
5	1105	907	1104	2060
5	1030	838	1029	2061
5	1103	906	900	2062
5	1188	1010	1009	2063
5	1031	983	789	2064
5	1031	789	841	2065
5	1033	841	840	2066
5	1033	1031	841	2067
5	1355	1211	1210	2068
5	1517	1470	1397	2069
5	1076	851	1019	2070
5	1035	842	1034	2071
5	1118	926	925	2072
5	1036	843	1035	2073
5	1066	869	931	2074
5	1037	844	1036	2075
5	1085	1065	855	2076
5	1122	929	1121	2077
5	1136	947	946	2078
5	1039	845	1038	2079
5	1214	1038	966	2080
5	1040	846	1039	2081
5	1149	959	1052	2082
5	1216	1040	1039	2083
5	1050	892	913	2084
5	1422	1270	1246	2085
5	1042	863	849	2086
5	1044	659	867	2087
5	1436	1289	1260	2088
5	1122	916	929	2089
5	1256	691	1044	2090
5	1080	658	691	2091
5	1045	1041	895	2092
5	1045	895	897	2093
5	1101	893	891	2094
5	1106	1037	1213	2095
5	1047	946	848	2096
5	1273	1051	1110	2097
5	1048	1045	897	2098
5	1048	897	861	2099
5	1049	910	850	2100
5	1326	1073	1181	2101
5	1089	861	892	2102
5	1089	1048	861	2103
5	1143	923	954	2104
5	1079	848	873	2105
5	1132	940	1131	2106
5	1290	1126	1125	2107
5	1053	979	881	2108
5	1190	1053	881	2109
5	1054	902	860	2110
5	1200	1088	1022	2111
5	1108	911	1107	2112
5	1270	1050	1246	2113
5	1102	864	1091	2114
5	1102	901	864	2115
5	1058	698	1057	2116
5	1058	724	698	2117
5	1082	914	724	2118
5	1258	1057	1059	2119
5	1059	1057	663	2120
5	1059	663	852	2121
5	1246	1050	1060	2122
5	1345	1200	1344	2123
5	1356	1243	1212	2124
5	1124	896	1064	2125
5	1405	1310	1376	2126
5	1077	1062	905	2127
5	1064	896	883	2128
5	1294	1133	1223	2129
5	1443	1295	1377	2130
5	1134	917	943	2131
5	1193	1015	1014	2132
5	1338	1195	1194	2133
5	1111	920	919	2134
5	1066	1014	869	2135
5	1067	935	872	2136
5	1148	1067	872	2137
5	1097	887	1078	2138
5	1081	1049	850	2139
5	1210	1032	1070	2140
5	1211	1031	1033	2141
5	1210	1033	1032	2142
5	1211	1069	1031	2143
5	1249	1079	1248	2144
5	1157	967	1075	2145
5	1312	1160	1311	2146
5	1072	1000	1071	2147
5	1071	1001	877	2148
5	1182	1004	1003	2149
5	1181	998	1180	2150
5	1074	994	993	2151
5	1072	1075	858	2152
5	1378	1232	1353	2153
5	1139	950	949	2154
5	1127	936	935	2155
5	1158	970	1157	2156
5	1208	1029	1028	2157
5	1323	1074	1322	2158
5	1239	1097	1224	2159
5	1141	952	1140	2160
5	1231	1041	1045	2161
5	1550	1367	1265	2162
5	1754	1607	1753	2163
5	1126	933	1125	2164
5	1197	1018	1017	2165
5	1267	914	1082	2166
5	1281	1235	1055	2167
5	1289	1064	1260	2168
5	1233	867	1092	2169
5	1268	727	1084	2170
5	1084	727	668	2171
5	1112	920	1111	2172
5	1563	1452	1533	2173
5	1411	1259	1375	2174
5	1115	873	924	2175
5	1087	1060	859	2176
5	1087	859	847	2177
5	1088	1054	860	2178
5	1088	860	1022	2179
5	1449	1304	1448	2180
5	1303	1116	1143	2181
5	1099	879	878	2182
5	1099	1070	879	2183
5	1277	1103	1062	2184
5	1072	858	899	2185
5	1233	1044	867	2186
5	1222	868	1083	2187
5	1093	1092	661	2188
5	1093	661	868	2189
5	1110	915	871	2190
5	1270	1089	1050	2191
5	1144	955	964	2192
5	1145	956	955	2193
5	1096	1095	965	2194
5	1096	965	875	2195
5	1097	1081	876	2196
5	1097	876	887	2197
5	1098	1071	877	2198
5	1098	877	918	2199
5	1354	1070	1275	2200
5	1318	1172	1171	2201
5	1100	1064	883	2202
5	1100	883	917	2203
5	1262	1075	1072	2204
5	1382	1351	1350	2205
5	1179	994	1074	2206
5	1074	993	880	2207
5	1352	1207	1206	2208
5	1164	882	1105	2209
5	1322	1178	1316	2210
5	1165	977	1164	2211
5	1276	1071	1272	2212
5	1184	978	1165	2213
5	1106	909	908	2214
5	1357	1213	1243	2215
5	1108	912	911	2216
5	1107	911	902	2217
5	1721	1375	1577	2218
5	1383	1234	1254	2219
5	1109	1087	847	2220
5	1109	847	914	2221
5	1384	1220	1369	2222
5	1269	1086	1230	2223
5	1112	885	920	2224
5	1114	922	921	2225
5	1284	1117	1114	2226
5	1113	885	1112	2227
5	1338	1194	1193	2228
5	1114	921	1113	2229
5	1339	1283	1111	2230
5	1117	922	1114	2231
5	1385	1247	1306	2232
5	1141	953	952	2233
5	1116	1115	924	2234
5	1116	924	923	2235
5	1242	1065	1085	2236
5	1118	925	1117	2237
5	1389	1223	1237	2238
5	1119	926	1118	2239
5	1292	1130	1291	2240
5	1120	927	1119	2241
5	1439	1416	1288	2242
5	1255	1043	1122	2243
5	1130	938	1129	2244
5	1122	1043	916	2245
5	1433	1380	1286	2246
5	1589	1438	1510	2247
5	1123	931	930	2248
5	1193	1014	1066	2249
5	1286	1118	1117	2250
5	1287	1119	1286	2251
5	1126	934	933	2252
5	1197	1076	1019	2253
5	1295	1123	1135	2254
5	1196	934	1126	2255
5	1128	874	936	2256
5	1128	1125	874	2257
5	1452	1357	1387	2258
5	1450	1293	1446	2259
5	1130	928	938	2260
5	1129	938	937	2261
5	1337	1066	1296	2262
5	1435	1386	1241	2263
5	1132	870	940	2264
5	1132	1052	870	2265
5	1360	1216	1359	2266
5	1240	1144	1095	2267
5	1134	1100	917	2268
5	1133	943	942	2269
5	1511	1222	1420	2270
5	1953	1664	1706	2271
5	1285	1248	1115	2272
5	1245	1052	1293	2273
5	1137	948	947	2274
5	1138	939	948	2275
5	1293	1132	1131	2276
5	1138	948	1137	2277
5	1307	1152	1151	2278
5	1298	1131	1138	2279
5	1299	1076	1238	2280
5	1213	1037	1036	2281
5	1143	954	1142	2282
5	1142	953	1141	2283
5	1300	1141	1140	2284
5	1143	1116	923	2285
5	1557	1381	1552	2286
5	1297	1138	1137	2287
5	1365	1302	1301	2288
5	1586	1525	1380	2289
5	1240	1095	1096	2290
5	1147	958	957	2291
5	1308	1214	1153	2292
5	1245	1150	1149	2293
5	1304	1145	1144	2294
5	1147	957	1146	2295
5	1359	1214	1308	2296
5	1148	958	1147	2297
5	1360	1240	1096	2298
5	1411	1246	1259	2299
5	1150	961	960	2300
5	1152	963	962	2301
5	1305	1146	1304	2302
5	1153	963	1152	2303
5	1305	1148	1147	2304
5	1214	966	1153	2305
5	1359	1216	1215	2306
5	1215	1039	1038	2307
5	1306	1067	1148	2308
5	1307	1151	1150	2309
5	1155	969	968	2310
5	1156	1090	862	2311
5	1515	1080	1256	2312
5	1156	969	1155	2313
5	1899	1755	1754	2314
5	1274	1090	1226	2315
5	1158	971	970	2316
5	1209	1030	1029	2317
5	1232	1062	1077	2318
5	1159	971	1158	2319
5	1259	1060	1087	2320
5	1160	972	1159	2321
5	1329	1272	1098	2322
5	1161	973	1160	2323
5	1348	1203	1202	2324
5	1206	974	1161	2325
5	1163	976	975	2326
5	1199	1021	1020	2327
5	1333	1190	1189	2328
5	1200	1021	1199	2329
5	1277	1104	1103	2330
5	1185	1006	1184	2331
5	1346	1168	1315	2332
5	1186	1008	1007	2333
5	1167	981	980	2334
5	1201	1023	982	2335
5	1315	1168	1167	2336
5	1202	1023	1201	2337
5	1336	1192	1191	2338
5	1203	1024	1202	2339
5	1170	985	984	2340
5	1274	1099	1090	2341
5	1746	1600	1570	2342
5	1173	986	1172	2343
5	1462	1459	1321	2344
5	1174	987	1173	2345
5	1641	1426	1583	2346
5	1175	988	1174	2347
5	1239	1081	1097	2348
5	1176	990	898	2349
5	1355	1210	1354	2350
5	1176	898	989	2351
5	1252	1069	1211	2352
5	1317	1169	1252	2353
5	1317	1171	1170	2354
5	1177	990	1176	2355
5	1252	1169	1069	2356
5	1178	992	991	2357
5	1464	1322	1463	2358
5	1180	997	996	2359
5	1311	1159	1158	2360
5	1181	999	998	2361
5	1272	1071	1098	2362
5	1329	1098	1183	2363
5	1325	1181	1180	2364
5	1316	1178	1177	2365
5	1317	1170	1169	2366
5	1183	1005	1004	2367
5	1276	1072	1071	2368
5	1328	1183	1182	2369
5	1343	1198	1342	2370
5	1259	1246	1060	2371
5	1351	1313	1162	2372
5	1186	1007	1185	2373
5	1331	1186	1330	2374
5	1187	1008	1186	2375
5	1330	1185	1184	2376
5	1188	1009	1187	2377
5	1277	1062	1232	2378
5	1189	1010	1188	2379
5	1620	1456	1475	2380
5	1190	1011	1189	2381
5	1342	1192	1336	2382
5	1330	1186	1185	2383
5	1351	1162	1205	2384
5	1374	1253	1225	2385
5	1280	1107	1234	2386
5	1198	1013	1192	2387
5	1284	1114	1113	2388
5	1194	1015	1193	2389
5	1291	1129	1241	2390
5	1195	1016	1194	2391
5	1241	1129	1065	2392
5	1287	1120	1119	2393
5	1284	1113	1283	2394
5	1197	1019	1018	2395
5	1295	1135	1261	2396
5	1358	1106	1357	2397
5	1234	1107	1054	2398
5	1200	1022	1021	2399
5	1345	1254	1088	2400
5	1344	1199	1343	2401
5	1342	1198	1192	2402
5	1313	1163	1162	2403
5	1335	1191	1163	2404
5	1204	1026	1025	2405
5	1349	1204	1203	2406
5	1350	1205	1204	2407
5	1492	1312	1311	2408
5	1204	1025	1203	2409
5	1263	1157	1075	2410
5	1205	1026	1204	2411
5	1278	1164	1105	2412
5	1346	1201	1168	2413
5	1323	1179	1074	2414
5	1207	1027	1206	2415
5	1314	1184	1165	2416
5	1208	1028	1207	2417
5	1263	1158	1157	2418
5	1209	1077	1030	2419
5	1353	1209	1208	2420
5	1232	1077	1209	2421
5	1319	1175	1174	2422
5	1211	1033	1210	2423
5	1321	1316	1177	2424
5	1324	1179	1323	2425
5	1478	1296	1443	2426
5	1213	1036	1035	2427
5	1370	1282	1236	2428
5	1243	1213	1212	2429
5	1654	1531	1581	2430
5	1215	1038	1214	2431
5	1285	1115	1116	2432
5	1216	1039	1215	2433
5	1384	1231	1220	2434
5	1217	1040	1216	2435
5	1306	1247	1067	2436
5	1247	1127	1067	2437
5	1218	1084	668	2438
5	1218	668	517	2439
5	1521	1233	1367	2440
5	1219	886	507	2441
5	1271	1048	1089	2442
5	1271	1089	1270	2443
5	1403	1082	1059	2444
5	1403	1267	1082	2445
5	1264	1078	1068	2446
5	1260	1064	1100	2447
5	1223	1133	1063	2448
5	1514	1404	1416	2449
5	1224	1097	1078	2450
5	1562	1428	1538	2451
5	1225	1102	1091	2452
5	1235	1225	1091	2453
5	1495	1275	1426	2454
5	1309	1155	1154	2455
5	1420	1083	1268	2456
5	1519	1227	1518	2457
5	1436	1260	1417	2458
5	1439	1292	1438	2459
5	1423	1369	1271	2460
5	1423	1270	1422	2461
5	1236	1041	1231	2462
5	1558	1391	1557	2463
5	1236	1094	1041	2464
5	1273	1230	1051	2465
5	1319	1173	1318	2466
5	1278	1104	1277	2467
5	1684	1662	1401	2468
5	1265	1092	1093	2469
5	1235	1091	1055	2470
5	1476	1313	1382	2471
5	1281	1108	1280	2472
5	1628	1482	1627	2473
5	1365	1303	1302	2474
5	1647	1499	1646	2475
5	1237	1223	1063	2476
5	1237	1063	1043	2477
5	1340	1196	1126	2478
5	1290	1125	1128	2479
5	1251	1154	1049	2480
5	1309	1154	1251	2481
5	1399	1279	1358	2482
5	1247	1128	1127	2483
5	1292	1288	1121	2484
5	1255	1237	1043	2485
5	1242	1120	1287	2486
5	1242	1241	1065	2487
5	1356	1139	1299	2488
5	1261	1135	1046	2489
5	1244	1136	1047	2490
5	1248	1079	1115	2491
5	1293	1052	1132	2492
5	1307	1150	1245	2493
5	1375	1259	1229	2494
5	1391	1230	1381	2495
5	1304	1146	1145	2496
5	1305	1147	1146	2497
5	1249	1047	1079	2498
5	1249	1244	1047	2499
5	1447	1301	1300	2500
5	1568	1412	1564	2501
5	1315	1167	1250	2502
5	1250	1167	1166	2503
5	1559	1402	1080	2504
5	1426	1274	1396	2505
5	1275	1099	1274	2506
5	1319	1174	1173	2507
5	1419	1109	1267	2508
5	1419	1229	1109	2509
5	1254	1234	1054	2510
5	1254	1054	1088	2511
5	1573	1407	1565	2512
5	1438	1291	1386	2513
5	1379	1042	1266	2514
5	1256	1080	691	2515
5	1257	1251	1049	2516
5	1257	1049	1081	2517
5	1258	1082	1058	2518
5	1258	1058	1057	2519
5	1347	1202	1201	2520
5	1330	1184	1314	2521
5	1518	1227	1368	2522
5	1390	1294	1223	2523
5	1622	1443	1526	2524
5	1358	1101	1106	2525
5	1496	1457	1252	2526
5	1263	1075	1262	2527
5	1312	1206	1161	2528
5	1311	1158	1263	2529
5	1527	1368	1061	2530
5	1687	1512	1513	2531
5	1367	1233	1092	2532
5	1266	1042	849	2533
5	1460	1319	1318	2534
5	1664	1518	1368	2535
5	1415	1221	1056	2536
5	1548	1374	1408	2537
5	1530	1268	1084	2538
5	1268	1083	727	2539
5	1391	1269	1230	2540
5	1300	1140	1269	2541
5	1663	1415	1571	2542
5	1271	1220	1048	2543
5	1447	1300	1392	2544
5	1392	1300	1269	2545
5	1276	1262	1072	2546
5	1640	1494	1493	2547
5	1413	1249	1412	2548
5	1381	1230	1273	2549
5	1275	1070	1099	2550
5	1354	1210	1070	2551
5	1460	1318	1458	2552
5	1355	1252	1211	2553
5	1469	1429	1328	2554
5	1464	1323	1322	2555
5	1428	1232	1378	2556
5	1332	1189	1188	2557
5	1250	1166	1053	2558
5	1455	1311	1263	2559
5	1279	1261	1046	2560
5	1279	1046	1101	2561
5	1281	1055	1108	2562
5	1280	1108	1107	2563
5	1431	1281	1430	2564
5	1572	1419	1267	2565
5	1282	1273	1110	2566
5	1282	1110	1094	2567
5	1296	1123	1295	2568
5	1296	1066	1123	2569
5	1301	1141	1300	2570
5	1242	1085	1120	2571
5	1647	1500	1499	2572
5	1286	1119	1118	2573
5	1444	1297	1244	2574
5	1387	1357	1243	2575
5	1443	1296	1295	2576
5	1380	1287	1286	2577
5	1288	1255	1122	2578
5	1288	1122	1121	2579
5	1723	1688	1417	2580
5	1512	1289	1436	2581
5	1437	1247	1385	2582
5	1341	1197	1196	2583
5	1292	1121	1130	2584
5	1291	1130	1129	2585
5	1390	1223	1389	2586
5	1386	1291	1241	2587
5	1297	1137	1136	2588
5	1625	1437	1534	2589
5	1294	1228	1134	2590
5	1294	1134	1133	2591
5	1437	1290	1247	2592
5	1337	1193	1066	2593
5	1441	1338	1337	2594
5	1338	1193	1337	2595
5	1400	1248	1285	2596
5	1298	1138	1297	2597
5	1450	1245	1293	2598
5	1412	1248	1400	2599
5	1356	1212	1139	2600
5	1299	1139	1076	2601
5	1301	1142	1141	2602
5	1302	1143	1142	2603
5	1392	1269	1391	2604
5	1302	1142	1301	2605
5	1303	1285	1116	2606
5	1303	1143	1302	2607
5	1359	1215	1214	2608
5	1245	1149	1052	2609
5	1502	1448	1240	2610
5	1388	1299	1238	2611
5	1480	1290	1437	2612
5	1306	1148	1305	2613
5	1421	1303	1365	2614
5	1448	1304	1240	2615
5	1444	1244	1413	2616
5	1360	1096	1217	2617
5	1479	1432	1283	2618
5	1308	1153	1152	2619
5	1458	1318	1317	2620
5	1310	1155	1309	2621
5	1311	1160	1159	2622
5	1353	1208	1352	2623
5	1602	1455	1454	2624
5	1493	1352	1312	2625
5	1352	1206	1312	2626
5	1312	1161	1160	2627
5	1314	1164	1278	2628
5	1331	1188	1187	2629
5	1314	1165	1164	2630
5	1331	1187	1186	2631
5	1485	1345	1344	2632
5	1348	1202	1347	2633
5	1322	1074	1178	2634
5	1324	1180	1179	2635
5	1395	1224	1366	2636
5	1396	1274	1226	2637
5	2029	1881	2028	2638
5	1321	1176	1320	2639
5	1466	1325	1324	2640
5	1320	1175	1319	2641
5	1463	1322	1316	2642
5	1426	1275	1274	2643
5	1495	1355	1354	2644
5	1463	1316	1459	2645
5	1454	1263	1262	2646
5	1325	1180	1324	2647
5	1454	1262	1424	2648
5	1326	1181	1325	2649
5	1427	1272	1398	2650
5	1327	1182	1073	2651
5	1398	1272	1329	2652
5	1468	1327	1326	2653
5	1467	1326	1325	2654
5	1327	1073	1326	2655
5	1459	1316	1321	2656
5	1328	1182	1327	2657
5	1603	1457	1536	2658
5	1329	1183	1328	2659
5	1489	1347	1488	2660
5	1618	1471	1615	2661
5	1488	1347	1346	2662
5	1333	1189	1332	2663
5	1468	1326	1467	2664
5	1334	1053	1190	2665
5	1458	1317	1457	2666
5	1467	1325	1466	2667
5	1397	1278	1277	2668
5	1334	1190	1333	2669
5	1627	1477	1621	2670
5	1476	1335	1313	2671
5	1617	1475	1474	2672
5	1490	1349	1348	2673
5	1487	1315	1456	2674
5	1345	1088	1200	2675
5	1407	1294	1390	2676
5	1434	1287	1380	2677
5	1339	1195	1338	2678
5	1339	1111	1195	2679
5	1442	1338	1441	2680
5	1478	1441	1337	2681
5	1341	1238	1197	2682
5	1341	1196	1340	2683
5	1418	1261	1279	2684
5	1791	1645	1790	2685
5	1488	1346	1487	2686
5	1344	1200	1199	2687
5	1456	1315	1250	2688
5	1541	1383	1522	2689
5	1487	1346	1315	2690
5	1483	1343	1342	2691
5	1383	1373	1234	2692
5	1572	1267	1403	2693
5	1473	1332	1331	2694
5	1470	1278	1397	2695
5	1475	1456	1250	2696
5	1350	1204	1349	2697
5	1489	1348	1347	2698
5	1351	1205	1350	2699
5	1657	1549	1640	2700
5	1491	1382	1350	2701
5	1382	1313	1351	2702
5	1482	1336	1477	2703
5	1470	1314	1278	2704
5	1352	1208	1207	2705
5	1472	1330	1471	2706
5	1353	1232	1209	2707
5	1474	1333	1332	2708
5	1474	1334	1333	2709
5	1414	1251	1257	2710
5	1560	1516	1376	2711
5	1414	1257	1394	2712
5	1756	1609	1755	2713
5	1498	1387	1243	2714
5	1575	1377	1418	2715
5	1358	1279	1101	2716
5	1357	1106	1213	2717
5	1440	1385	1306	2718
5	1440	1306	1305	2719
5	1449	1440	1305	2720
5	1360	1217	1216	2721
5	1449	1305	1304	2722
5	1412	1249	1248	2723
5	1393	1256	1044	2724
5	1393	1044	1233	2725
5	1652	853	1504	2726
5	1420	1222	1083	2727
5	1363	1362	1218	2728
5	1363	1218	853	2729
5	1364	1266	849	2730
5	1544	849	685	2731
5	1413	1244	1249	2732
5	1446	1298	1445	2733
5	1545	1264	1361	2734
5	1406	1265	1093	2735
5	1658	1591	1592	2736
5	1544	720	1508	2737
5	1512	1372	1289	2738
5	1417	1260	1228	2739
5	1423	1271	1270	2740
5	1422	1246	1411	2741
5	1409	1231	1384	2742
5	1409	1236	1231	2743
5	1504	853	660	2744
5	1505	746	888	2745
5	1578	1084	1362	2746
5	1372	1124	1289	2747
5	1373	1280	1234	2748
5	1484	1344	1343	2749
5	1581	1423	1580	2750
5	1431	1408	1235	2751
5	1630	1485	1484	2752
5	1630	1484	1629	2753
5	1376	1310	1309	2754
5	1453	1309	1251	2755
5	1377	1295	1261	2756
5	1418	1377	1261	2757
5	1636	1491	1490	2758
5	1494	1352	1493	2759
5	1511	1406	1222	2760
5	1555	1404	1514	2761
5	1433	1284	1432	2762
5	1710	1555	1709	2763
5	1552	1425	1520	2764
5	1872	1727	1845	2765
5	1627	1482	1477	2766
5	1483	1342	1482	2767
5	1477	1335	1476	2768
5	1482	1342	1336	2769
5	1409	1370	1236	2770
5	1552	1381	1425	2771
5	1540	1410	1481	2772
5	1645	1387	1498	2773
5	1435	1242	1434	2774
5	1573	1417	1407	2775
5	1497	1299	1388	2776
5	1788	1543	1703	2777
5	1497	1356	1299	2778
5	1498	1243	1356	2779
5	1587	1434	1525	2780
5	1722	1573	1565	2781
5	1586	1433	1585	2782
5	1417	1228	1407	2783
5	1595	1392	1558	2784
5	1447	1365	1301	2785
5	1843	1670	1842	2786
5	1568	1413	1412	2787
5	1503	1401	1402	2788
5	1852	1707	1528	2789
5	1561	1405	1516	2790
5	1453	1251	1414	2791
5	1395	1394	1239	2792
5	1395	1239	1224	2793
5	1876	1731	1676	2794
5	1457	1317	1252	2795
5	1635	1490	1489	2796
5	1634	1488	1633	2797
5	1424	1262	1276	2798
5	1494	1353	1352	2799
5	1624	1432	1479	2800
5	1418	1279	1399	2801
5	1564	1400	1421	2802
5	1446	1293	1298	2803
5	1844	1689	1559	2804
5	1401	886	1219	2805
5	1402	1401	1219	2806
5	1402	1219	1080	2807
5	1403	1059	1221	2808
5	1801	1667	1548	2809
5	1404	1389	1237	2810
5	1404	1237	1255	2811
5	1405	1396	1226	2812
5	1405	1226	1310	2813
5	1706	1368	1527	2814
5	1665	1363	1652	2815
5	1525	1434	1380	2816
5	1590	1514	1416	2817
5	1408	1374	1225	2818
5	1408	1225	1235	2819
5	1593	1445	1444	2820
5	1596	1365	1447	2821
5	1410	1388	1238	2822
5	1410	1238	1341	2823
5	1571	1415	1253	2824
5	1553	1520	1370	2825
5	1595	1447	1392	2826
5	1569	1444	1413	2827
5	1792	1646	1599	2828
5	1534	1437	1385	2829
5	1608	1463	1607	2830
5	1453	1376	1309	2831
5	1571	1253	1374	2832
5	1576	1221	1415	2833
5	1416	1404	1255	2834
5	1416	1255	1288	2835
5	1556	1389	1555	2836
5	1521	1393	1233	2837
5	1586	1380	1433	2838
5	1767	1591	1658	2839
5	1802	1663	1571	2840
5	1702	1509	1541	2841
5	1668	1578	1362	2842
5	1669	1528	1364	2843
5	1421	1400	1285	2844
5	1421	1285	1303	2845
5	1531	1384	1369	2846
5	1581	1369	1423	2847
5	1579	1422	1411	2848
5	1670	1566	1531	2849
5	1582	1427	1532	2850
5	1538	1428	1378	2851
5	1425	1381	1273	2852
5	1425	1273	1282	2853
5	1536	1457	1496	2854
5	1642	1536	1496	2855
5	1427	1424	1276	2856
5	1427	1276	1272	2857
5	1428	1397	1277	2858
5	1428	1277	1232	2859
5	1429	1398	1329	2860
5	1429	1329	1328	2861
5	1431	1235	1281	2862
5	1430	1281	1280	2863
5	1580	1422	1579	2864
5	1548	1408	1507	2865
5	1433	1286	1284	2866
5	1432	1284	1283	2867
5	1768	1623	1767	2868
5	1770	1625	1672	2869
5	1435	1241	1242	2870
5	1434	1242	1287	2871
5	1555	1389	1404	2872
5	1565	1407	1390	2873
5	1542	1394	1395	2874
5	1565	1390	1556	2875
5	1480	1340	1290	2876
5	1481	1341	1340	2877
5	1439	1288	1292	2878
5	1438	1292	1291	2879
5	1803	1709	1739	2880
5	1738	1589	1673	2881
5	1445	1297	1444	2882
5	1500	1359	1308	2883
5	1442	1339	1338	2884
5	1479	1283	1339	2885
5	1591	1442	1441	2886
5	1479	1339	1442	2887
5	1478	1337	1296	2888
5	1598	1449	1597	2889
5	1445	1298	1297	2890
5	1501	1360	1359	2891
5	1646	1451	1599	2892
5	1499	1307	1451	2893
5	1599	1451	1450	2894
5	1500	1308	1499	2895
5	1580	1423	1422	2896
5	1577	1229	1419	2897
5	1451	1245	1450	2898
5	1499	1308	1307	2899
5	1794	1647	1793	2900
5	1804	1716	1791	2901
5	1451	1307	1245	2902
5	1501	1359	1500	2903
5	1599	1450	1523	2904
5	1543	1410	1540	2905
5	1452	1399	1358	2906
5	1452	1358	1357	2907
5	1676	1516	1656	2908
5	1608	1464	1463	2909
5	1562	1517	1397	2910
5	1455	1263	1454	2911
5	1607	1463	1459	2912
5	1492	1311	1455	2913
5	1471	1314	1470	2914
5	1471	1330	1314	2915
5	1495	1354	1275	2916
5	1496	1252	1355	2917
5	1561	1396	1405	2918
5	1604	1460	1537	2919
5	1461	1319	1460	2920
5	1465	1324	1323	2921
5	1461	1320	1319	2922
5	1462	1321	1320	2923
5	1609	1465	1464	2924
5	1462	1320	1461	2925
5	1607	1459	1606	2926
5	1676	1561	1516	2927
5	1611	1467	1466	2928
5	1613	1469	1468	2929
5	1612	1467	1611	2930
5	1465	1323	1464	2931
5	1610	1466	1465	2932
5	1466	1324	1465	2933
5	1606	1462	1605	2934
5	1469	1327	1468	2935
5	1605	1461	1604	2936
5	1469	1328	1327	2937
5	1537	1460	1458	2938
5	1750	1537	1699	2939
5	1640	1493	1639	2940
5	1757	1611	1610	2941
5	1473	1331	1472	2942
5	1472	1331	1330	2943
5	1615	1470	1517	2944
5	1617	1474	1616	2945
5	1636	1490	1635	2946
5	1474	1332	1473	2947
5	1762	1617	1616	2948
5	1582	1424	1427	2949
5	1475	1334	1474	2950
5	1475	1250	1334	2951
5	1606	1459	1462	2952
5	1605	1462	1461	2953
5	1477	1336	1335	2954
5	1486	1345	1485	2955
5	1751	1605	1604	2956
5	1621	1476	1539	2957
5	2080	1934	2079	2958
5	1585	1433	1432	2959
5	1588	1386	1435	2960
5	1650	1448	1502	2961
5	1481	1410	1341	2962
5	1481	1340	1480	2963
5	1543	1388	1410	2964
5	1648	1501	1500	2965
5	1484	1343	1483	2966
5	1485	1344	1484	2967
5	1629	1483	1628	2968
5	1631	1486	1485	2969
5	1628	1483	1482	2970
5	1486	1254	1345	2971
5	1774	1629	1628	2972
5	1486	1383	1254	2973
5	1780	1636	1635	2974
5	1634	1489	1488	2975
5	1562	1397	1428	2976
5	1490	1348	1489	2977
5	1633	1488	1487	2978
5	1491	1350	1349	2979
5	1633	1487	1632	2980
5	1615	1471	1470	2981
5	1752	1606	1605	2982
5	1491	1349	1490	2983
5	1773	1627	1772	2984
5	1621	1477	1476	2985
5	1760	1614	1613	2986
5	1493	1312	1492	2987
5	1601	1424	1582	2988
5	1494	1378	1353	2989
5	1860	1714	1700	2990
5	1616	1474	1473	2991
5	1570	1414	1394	2992
5	1496	1355	1495	2993
5	1807	1570	1653	2994
5	1786	1583	1731	2995
5	1533	1452	1387	2996
5	1498	1356	1497	2997
5	1645	1533	1387	2998
5	1643	1388	1543	2999
5	1649	1502	1501	3000
5	1502	1240	1360	3001
5	1648	1500	1647	3002
5	1569	1413	1568	3003
5	1558	1392	1391	3004
5	1502	1360	1501	3005
5	1524	1421	1365	3006
5	1564	1421	1524	3007
5	1814	1551	1696	3008
5	1515	1256	1393	3009
5	1519	1371	1227	3010
5	1849	1706	1687	3011
5	1505	1504	660	3012
5	1505	660	746	3013
5	1506	1068	863	3014
5	1506	1042	1379	3015
5	1584	1507	1431	3016
5	1541	1509	1373	3017
5	1809	1508	1662	3018
5	1546	1366	1545	3019
5	1584	1431	1430	3020
5	1509	1430	1373	3021
5	1510	1438	1386	3022
5	1588	1510	1386	3023
5	1685	1379	1529	3024
5	1556	1390	1389	3025
5	1810	1504	1505	3026
5	1687	1372	1512	3027
5	1513	1512	1436	3028
5	2136	1943	1816	3029
5	1590	1439	1589	3030
5	1735	1587	1525	3031
5	1559	1080	1515	3032
5	1689	1402	1559	3033
5	1516	1405	1376	3034
5	1867	1688	1723	3035
5	1997	1852	1669	3036
5	1506	1361	1068	3037
5	1695	1521	1367	3038
5	1691	1515	1393	3039
5	1956	1695	1853	3040
5	1951	1693	1848	3041
5	1520	1425	1370	3042
5	1812	1713	1743	3043
5	1948	1817	1818	3044
5	1578	1530	1084	3045
5	1541	1373	1383	3046
5	1522	1383	1486	3047
5	1523	1450	1446	3048
5	1594	1523	1446	3049
5	1593	1444	1569	3050
5	1564	1412	1400	3051
5	1587	1435	1434	3052
5	1588	1435	1587	3053
5	1526	1443	1377	3054
5	1575	1526	1377	3055
5	1527	932	1124	3056
5	1547	1362	1363	3057
5	1529	1266	1528	3058
5	1529	1379	1266	3059
5	1941	1692	1940	3060
5	1690	1361	1506	3061
5	1698	1420	1530	3062
5	1530	1420	1268	3063
5	1553	1370	1409	3064
5	1566	1384	1531	3065
5	1532	1427	1398	3066
5	1614	1535	1429	3067
5	1563	1399	1452	3068
5	1574	1418	1399	3069
5	1626	1540	1481	3070
5	1643	1497	1388	3071
5	1535	1532	1398	3072
5	1535	1398	1429	3073
5	1583	1396	1561	3074
5	1642	1496	1495	3075
5	1751	1604	1750	3076
5	1901	1756	1900	3077
5	1700	1538	1549	3078
5	1639	1493	1492	3079
5	1539	1476	1382	3080
5	1637	1382	1491	3081
5	1626	1480	1625	3082
5	1644	1498	1497	3083
5	1774	1628	1773	3084
5	1909	1765	1908	3085
5	1560	1376	1453	3086
5	1570	1394	1542	3087
5	1703	1543	1540	3088
5	1788	1643	1543	3089
5	1809	1364	1544	3090
5	1544	1364	849	3091
5	1858	1710	1709	3092
5	1545	1366	1264	3093
5	1817	1704	1705	3094
5	1818	1366	1546	3095
5	1527	1124	1372	3096
5	1819	1521	1695	3097
5	1567	1411	1375	3098
5	1579	1411	1567	3099
5	1549	1538	1378	3100
5	1549	1378	1494	3101
5	1853	1550	1697	3102
5	1691	1393	1521	3103
5	1551	1550	1265	3104
5	1551	1265	1406	3105
5	1557	1391	1381	3106
5	1596	1447	1595	3107
5	1741	1594	1593	3108
5	1659	1552	1520	3109
5	1554	1534	1385	3110
5	1554	1385	1440	3111
5	1735	1525	1680	3112
5	1910	1820	1734	3113
5	1944	1910	1912	3114
5	1799	1573	1722	3115
5	2023	1875	1874	3116
5	1850	1694	1708	3117
5	1712	1557	1711	3118
5	1711	1557	1552	3119
5	1660	1559	1515	3120
5	1691	1660	1515	3121
5	1600	1414	1570	3122
5	1656	1516	1560	3123
5	1583	1426	1396	3124
5	1641	1495	1426	3125
5	1824	1766	1782	3126
5	1900	1755	1899	3127
5	1770	1626	1625	3128
5	1574	1399	1563	3129
5	1822	1567	1721	3130
5	1729	1580	1579	3131
5	1680	1525	1586	3132
5	1736	1588	1587	3133
5	1566	1553	1409	3134
5	1566	1409	1384	3135
5	1720	1569	1568	3136
5	1718	1564	1524	3137
5	1719	1564	1718	3138
5	1594	1446	1445	3139
5	1742	1523	1594	3140
5	1712	1558	1557	3141
5	1600	1453	1414	3142
5	1600	1560	1453	3143
5	1577	1375	1229	3144
5	1701	1522	1681	3145
5	1822	1728	1567	3146
5	1576	1419	1572	3147
5	1688	1436	1417	3148
5	1826	1436	1688	3149
5	1797	1744	1597	3150
5	1575	1418	1574	3151
5	1675	1672	1534	3152
5	1882	1737	1736	3153
5	1576	1572	1403	3154
5	1576	1403	1221	3155
5	1727	1419	1576	3156
5	1667	1571	1374	3157
5	1945	1668	1547	3158
5	1668	1362	1547	3159
5	1775	1630	1629	3160
5	1720	1568	1719	3161
5	1887	1712	1711	3162
5	1581	1531	1369	3163
5	1713	1524	1596	3164
5	1670	1531	1654	3165
5	1601	1454	1424	3166
5	1638	1492	1455	3167
5	1807	1746	1570	3168
5	2072	1927	1876	3169
5	1727	1576	1663	3170
5	1729	1579	1728	3171
5	1623	1442	1591	3172
5	1624	1585	1432	3173
5	1820	1680	1734	3174
5	1930	1790	1789	3175
5	1829	1674	1742	3176
5	1716	1563	1533	3177
5	1830	1722	1565	3178
5	1717	1556	1710	3179
5	1590	1416	1439	3180
5	1589	1439	1438	3181
5	1709	1555	1514	3182
5	1880	1735	1680	3183
5	1623	1479	1442	3184
5	1624	1479	1623	3185
5	1592	1591	1441	3186
5	1592	1441	1478	3187
5	1932	1792	1839	3188
5	1594	1445	1593	3189
5	1793	1646	1792	3190
5	1745	1675	1554	3191
5	2012	1863	1958	3192
5	1596	1524	1365	3193
5	1741	1593	1740	3194
5	2078	1933	1932	3195
5	1598	1440	1449	3196
5	1597	1449	1448	3197
5	1890	1675	1745	3198
5	1724	1563	1716	3199
5	1646	1499	1451	3200
5	1649	1501	1648	3201
5	1876	1676	1800	3202
5	1891	1833	1747	3203
5	1748	1582	1678	3204
5	1602	1454	1601	3205
5	1784	1639	1638	3206
5	1638	1455	1602	3207
5	1603	1537	1458	3208
5	1603	1458	1457	3209
5	1677	1536	1661	3210
5	1612	1468	1467	3211
5	1759	1613	1612	3212
5	1753	1606	1752	3213
5	1758	1612	1611	3214
5	1609	1464	1608	3215
5	1677	1603	1536	3216
5	1610	1465	1609	3217
5	1755	1608	1754	3218
5	1613	1468	1612	3219
5	1785	1639	1784	3220
5	1749	1602	1601	3221
5	1761	1683	1535	3222
5	1611	1466	1610	3223
5	1759	1612	1758	3224
5	1614	1469	1613	3225
5	1755	1609	1608	3226
5	1614	1429	1469	3227
5	1699	1537	1603	3228
5	1841	1657	1785	3229
5	1904	1760	1759	3230
5	1678	1582	1532	3231
5	1619	1616	1473	3232
5	1620	1475	1617	3233
5	1619	1472	1618	3234
5	1632	1456	1620	3235
5	1781	1637	1636	3236
5	1632	1487	1456	3237
5	1619	1473	1472	3238
5	1618	1472	1471	3239
5	1753	1607	1606	3240
5	1715	1517	1562	3241
5	1777	1620	1765	3242
5	1682	1615	1679	3243
5	1775	1629	1774	3244
5	1631	1522	1486	3245
5	1622	1592	1478	3246
5	1622	1478	1443	3247
5	1767	1623	1591	3248
5	1769	1585	1624	3249
5	1768	1624	1623	3250
5	1989	1723	1799	3251
5	1626	1481	1480	3252
5	1625	1480	1437	3253
5	1937	1889	1744	3254
5	1725	1574	1724	3255
5	1702	1541	1701	3256
5	1629	1484	1483	3257
5	1681	1522	1631	3258
5	1921	1781	1780	3259
5	1776	1631	1630	3260
5	1778	1632	1777	3261
5	1772	1621	1766	3262
5	1631	1485	1630	3263
5	1879	1651	1733	3264
5	1732	1509	1702	3265
5	1773	1628	1627	3266
5	1635	1489	1634	3267
5	1682	1618	1615	3268
5	1765	1620	1617	3269
5	2099	1995	1957	3270
5	1637	1491	1636	3271
5	1772	1627	1621	3272
5	1637	1539	1382	3273
5	1779	1635	1634	3274
5	1781	1636	1780	3275
5	1765	1617	1762	3276
5	1777	1632	1620	3277
5	1908	1765	1762	3278
5	1639	1492	1638	3279
5	1679	1615	1517	3280
5	1640	1549	1494	3281
5	1763	1618	1682	3282
5	1700	1549	1657	3283
5	1661	1536	1642	3284
5	1642	1495	1641	3285
5	1699	1603	1677	3286
5	1787	1661	1642	3287
5	1934	1794	1933	3288
5	1644	1497	1643	3289
5	1724	1574	1563	3290
5	1645	1498	1644	3291
5	1832	1771	1770	3292
5	1726	1575	1725	3293
5	1792	1599	1674	3294
5	1796	1649	1795	3295
5	1797	1650	1796	3296
5	1650	1502	1649	3297
5	1931	1791	1790	3298
5	1650	1597	1448	3299
5	1675	1534	1554	3300
5	1711	1552	1659	3301
5	1719	1568	1564	3302
5	1796	1650	1649	3303
5	1651	1548	1507	3304
5	1733	1651	1507	3305
5	1665	1547	1363	3306
5	1652	1363	853	3307
5	1653	1570	1542	3308
5	2093	1857	1983	3309
5	1730	1581	1580	3310
5	1728	1579	1567	3311
5	1655	1546	1545	3312
5	1655	1545	1361	3313
5	1747	1600	1746	3314
5	1747	1560	1600	3315
5	1860	1700	1806	3316
5	1785	1640	1639	3317
5	1726	1671	1526	3318
5	1725	1575	1574	3319
5	1855	1701	1681	3320
5	1694	1520	1553	3321
5	1684	1401	1503	3322
5	2127	1997	1977	3323
5	1731	1561	1676	3324
5	1787	1642	1641	3325
5	1662	1508	886	3326
5	1662	886	1401	3327
5	1802	1571	1667	3328
5	1663	1576	1415	3329
5	1811	1696	1511	3330
5	1707	1529	1528	3331
5	1810	1505	1371	3332
5	1810	1371	1686	3333
5	1666	1658	1592	3334
5	1666	1592	1622	3335
5	1845	1727	1663	3336
5	1721	1567	1375	3337
5	1808	1519	1692	3338
5	1693	1530	1578	3339
5	1690	1655	1361	3340
5	1950	1687	1513	3341
5	1694	1659	1520	3342
5	1708	1566	1670	3343
5	1671	1666	1622	3344
5	1671	1622	1526	3345
5	1672	1625	1534	3346
5	1836	1788	1703	3347
5	1673	1589	1510	3348
5	1737	1673	1510	3349
5	1674	1599	1523	3350
5	1742	1674	1523	3351
5	1745	1598	1744	3352
5	1795	1649	1648	3353
5	1731	1583	1561	3354
5	1786	1641	1583	3355
5	1897	1752	1896	3356
5	1899	1754	1898	3357
5	1748	1601	1582	3358
5	1783	1638	1602	3359
5	1714	1538	1700	3360
5	1715	1679	1517	3361
5	1737	1588	1736	3362
5	1736	1587	1735	3363
5	1701	1541	1522	3364
5	1733	1584	1732	3365
5	1903	1759	1758	3366
5	1897	1753	1752	3367
5	1683	1678	1532	3368
5	1683	1532	1535	3369
5	2152	1977	1809	3370
5	1809	1544	1508	3371
5	1692	1519	1518	3372
5	1951	1854	1693	3373
5	1798	1692	1518	3374
5	1945	1848	1668	3375
5	1706	1664	1368	3376
5	2157	1867	1989	3377
5	1717	1565	1556	3378
5	1710	1556	1555	3379
5	2003	1844	1660	3380
5	1689	1503	1402	3381
5	1690	1506	1379	3382
5	1690	1379	1685	3383
5	1698	1511	1420	3384
5	1695	1367	1550	3385
5	1808	1686	1519	3386
5	1954	1685	1813	3387
5	1696	1551	1406	3388
5	1696	1406	1511	3389
5	1955	1842	1873	3390
5	2026	1651	1879	3391
5	1819	1691	1521	3392
5	1851	1691	1819	3393
5	1811	1511	1698	3394
5	1852	1528	1669	3395
5	2004	1697	1814	3396
5	1697	1550	1551	3397
5	1698	1530	1693	3398
5	1814	1697	1551	3399
5	1750	1604	1537	3400
5	1752	1605	1751	3401
5	1714	1562	1538	3402
5	1715	1562	1714	3403
5	1733	1507	1584	3404
5	1732	1584	1509	3405
5	1856	1701	1855	3406
5	1917	1774	1916	3407
5	1771	1626	1770	3408
5	1871	1671	1726	3409
5	1857	1653	1542	3410
5	1704	1542	1395	3411
5	1705	1704	1395	3412
5	1705	1395	1366	3413
5	1706	1527	1372	3414
5	1706	1372	1687	3415
5	1798	1518	1664	3416
5	1813	1685	1529	3417
5	1708	1694	1553	3418
5	1708	1553	1566	3419
5	1739	1590	1738	3420
5	1739	1514	1590	3421
5	1866	1717	1710	3422
5	2087	1799	1991	3423
5	1743	1595	1712	3424
5	1718	1524	1713	3425
5	1932	1793	1792	3426
5	1712	1595	1558	3427
5	1743	1596	1595	3428
5	1865	1719	1864	3429
5	2056	1909	1908	3430
5	1908	1762	1838	3431
5	1861	1714	1860	3432
5	2053	1906	1905	3433
5	1789	1643	1788	3434
5	1790	1645	1644	3435
5	1799	1723	1573	3436
5	1723	1417	1573	3437
5	2034	1865	2013	3438
5	1740	1593	1569	3439
5	1913	1703	1771	3440
5	1740	1569	1720	3441
5	2196	2050	2195	3442
5	1885	1720	1865	3443
5	1801	1548	1651	3444
5	2007	1855	2006	3445
5	2015	1858	2014	3446
5	1813	1529	1707	3447
5	2088	1513	2016	3448
5	1867	1826	1688	3449
5	1868	1724	1716	3450
5	1726	1526	1575	3451
5	2032	1884	1835	3452
5	2030	1882	2029	3453
5	1870	1726	1725	3454
5	1871	1828	1671	3455
5	1998	1802	1972	3456
5	1727	1577	1419	3457
5	1873	1842	1654	3458
5	1730	1580	1729	3459
5	1823	1659	1694	3460
5	1730	1654	1581	3461
5	2002	1843	2001	3462
5	2160	2001	2089	3463
5	1902	1757	1901	3464
5	1846	1677	1661	3465
5	1877	1732	1702	3466
5	2025	1878	1877	3467
5	1855	1681	1837	3468
5	1845	1663	1802	3469
5	1734	1680	1586	3470
5	1734	1586	1585	3471
5	2028	1880	1964	3472
5	1737	1510	1588	3473
5	1884	1739	1738	3474
5	1883	1835	1673	3475
5	1880	1680	1820	3476
5	1821	1767	1658	3477
5	1739	1709	1514	3478
5	1738	1590	1589	3479
5	1858	1709	1803	3480
5	1830	1565	1717	3481
5	1831	1711	1659	3482
5	1831	1659	1823	3483
5	1874	1729	1728	3484
5	1742	1594	1741	3485
5	1839	1674	1829	3486
5	1743	1713	1596	3487
5	1935	1795	1934	3488
5	1863	1713	1812	3489
5	1745	1554	1598	3490
5	1744	1598	1597	3491
5	1839	1792	1674	3492
5	1933	1793	1932	3493
5	1747	1656	1560	3494
5	1896	1751	1895	3495
5	2016	1513	1826	3496
5	1928	1827	1787	3497
5	1896	1752	1751	3498
5	1749	1601	1748	3499
5	2071	1926	1925	3500
5	1783	1602	1749	3501
5	1895	1750	1894	3502
5	1898	1754	1753	3503
5	1894	1699	1815	3504
5	1754	1608	1607	3505
5	1895	1751	1750	3506
5	1756	1610	1609	3507
5	2240	1866	2100	3508
5	1846	1661	1827	3509
5	1927	1731	1876	3510
5	1757	1610	1756	3511
5	1928	1787	1786	3512
5	1760	1613	1759	3513
5	1892	1748	1678	3514
5	1924	1783	1749	3515
5	1834	1678	1683	3516
5	1758	1611	1757	3517
5	1905	1761	1760	3518
5	1761	1614	1760	3519
5	1902	1758	1757	3520
5	1761	1535	1614	3521
5	1898	1753	1897	3522
5	1894	1750	1699	3523
5	2090	2040	1962	3524
5	1841	1806	1657	3525
5	1764	1619	1763	3526
5	1764	1616	1619	3527
5	1764	1762	1616	3528
5	1763	1619	1618	3529
5	1906	1834	1683	3530
5	2009	1860	1963	3531
5	1838	1762	1764	3532
5	1779	1634	1633	3533
5	1766	1621	1539	3534
5	1782	1637	1781	3535
5	1964	1880	1820	3536
5	1769	1624	1768	3537
5	2170	2020	2169	3538
5	1769	1734	1585	3539
5	1805	1658	1666	3540
5	1821	1658	1805	3541
5	1771	1540	1626	3542
5	1771	1703	1540	3543
5	1966	1840	1890	3544
5	1937	1797	1936	3545
5	1918	1775	1917	3546
5	1914	1766	1824	3547
5	1856	1702	1701	3548
5	1776	1630	1775	3549
5	2063	1918	2062	3550
5	2059	1915	1914	3551
5	2197	2052	2051	3552
5	1776	1681	1631	3553
5	2064	1968	1919	3554
5	1919	1777	1909	3555
5	1778	1633	1632	3556
5	1779	1633	1778	3557
5	1922	1778	1919	3558
5	1837	1681	1776	3559
5	1782	1766	1539	3560
5	1780	1635	1779	3561
5	1918	1837	1776	3562
5	1782	1539	1637	3563
5	1907	1763	1825	3564
5	2059	1914	1967	3565
5	1878	1732	1877	3566
5	1914	1772	1766	3567
5	1926	1785	1784	3568
5	1784	1638	1783	3569
5	1825	1763	1682	3570
5	1785	1657	1640	3571
5	1862	1847	1679	3572
5	1920	1780	1779	3573
5	2072	1876	1946	3574
5	1787	1641	1786	3575
5	2093	2008	1857	3576
5	2133	1983	1817	3577
5	1789	1644	1643	3578
5	1791	1533	1645	3579
5	1869	1724	1868	3580
5	1790	1644	1789	3581
5	1911	1767	1821	3582
5	1791	1716	1533	3583
5	1884	1738	1835	3584
5	1868	1716	1804	3585
5	1793	1647	1646	3586
5	1794	1648	1647	3587
5	1929	1788	1836	3588
5	1832	1672	1840	3589
5	1864	1718	1863	3590
5	1795	1648	1794	3591
5	2082	1937	1936	3592
5	1797	1597	1650	3593
5	2081	1936	1935	3594
5	1865	1720	1719	3595
5	1863	1718	1713	3596
5	1840	1672	1675	3597
5	1954	1690	1685	3598
5	1816	1655	1690	3599
5	1866	1710	1858	3600
5	1835	1738	1673	3601
5	1800	1676	1656	3602
5	2193	2047	2192	3603
5	1873	1654	1730	3604
5	2174	2027	2025	3605
5	1972	1802	1667	3606
5	2095	1969	2036	3607
5	1884	1803	1739	3608
5	2033	2014	1803	3609
5	2228	2101	2110	3610
5	1929	1789	1788	3611
5	1985	1821	1960	3612
5	2096	1944	1959	3613
5	1806	1700	1657	3614
5	1988	1957	1825	3615
5	1891	1747	1746	3616
5	2074	1827	1928	3617
5	1854	1698	1693	3618
5	1854	1811	1698	3619
5	1977	1669	1809	3620
5	1809	1669	1364	3621
5	1978	1810	1686	3622
5	2147	1810	1978	3623
5	1942	1811	1854	3624
5	1979	1696	1811	3625
5	1888	1743	1712	3626
5	1842	1670	1654	3627
5	2128	1814	1979	3628
5	1853	1695	1550	3629
5	2416	2244	2415	3630
5	1982	1547	1665	3631
5	1815	1699	1677	3632
5	1827	1661	1787	3633
5	1952	1686	1808	3634
5	1984	1503	1939	3635
5	2084	1717	1866	3636
5	1857	1542	1704	3637
5	1818	1817	1705	3638
5	1818	1705	1366	3639
5	1939	1689	1844	3640
5	1844	1559	1660	3641
5	2316	2175	2121	3642
5	1911	1768	1767	3643
5	1910	1734	1769	3644
5	2169	2019	2168	3645
5	1879	1733	1878	3646
5	1998	1845	1802	3647
5	1888	1712	1887	3648
5	1887	1711	1831	3649
5	1923	1782	1781	3650
5	1923	1781	1921	3651
5	1995	1907	1957	3652
5	2345	2207	2206	3653
5	1989	1867	1723	3654
5	1826	1513	1436	3655
5	1846	1815	1677	3656
5	1990	1815	1846	3657
5	1828	1805	1666	3658
5	1828	1666	1671	3659
5	1886	1741	1740	3660
5	1885	1740	1720	3661
5	2084	1830	1717	3662
5	1991	1722	1830	3663
5	2301	2155	2173	3664
5	2026	1801	1651	3665
5	2168	2018	2091	3666
5	1931	1790	1930	3667
5	1833	1800	1656	3668
5	1833	1656	1747	3669
5	2050	1902	2049	3670
5	1892	1678	1834	3671
5	1881	1735	1880	3672
5	1881	1736	1735	3673
5	1832	1770	1672	3674
5	1974	1965	1804	3675
5	1915	1772	1914	3676
5	1916	1774	1773	3677
5	2068	1921	2065	3678
5	1909	1777	1765	3679
5	1936	1797	1796	3680
5	2078	1932	1938	3681
5	1890	1745	1889	3682
5	1935	1796	1795	3683
5	1893	1748	1892	3684
5	1925	1784	1783	3685
5	1843	1708	1670	3686
5	1850	1823	1694	3687
5	2037	1887	1831	3688
5	1850	1708	1843	3689
5	2131	1854	1951	3690
5	1939	1503	1689	3691
5	1987	1874	1728	3692
5	1872	1577	1727	3693
5	2044	1897	1896	3694
5	2047	1900	1899	3695
5	1847	1825	1682	3696
5	1847	1682	1679	3697
5	1848	1693	1578	3698
5	1848	1578	1668	3699
5	2041	1815	1990	3700
5	2295	2148	1980	3701
5	2182	2035	2181	3702
5	2001	1842	1955	3703
5	2305	2127	2152	3704
5	1851	1660	1691	3705
5	1979	1811	1942	3706
5	1979	1814	1696	3707
5	2104	1956	1853	3708
5	2105	1851	2005	3709
5	1941	1808	1692	3710
5	1943	1655	1816	3711
5	1972	1667	1801	3712
5	1877	1702	1856	3713
5	2371	2265	2425	3714
5	2025	1877	1961	3715
5	2151	1746	1807	3716
5	2106	1971	1891	3717
5	1940	1692	1798	3718
5	2270	1989	2087	3719
5	1859	1829	1742	3720
5	1859	1742	1741	3721
5	1861	1715	1714	3722
5	1862	1679	1715	3723
5	2069	1893	2040	3724
5	1862	1715	1861	3725
5	2165	2163	2011	3726
5	2349	2123	2236	3727
5	1864	1719	1718	3728
5	1886	1740	1885	3729
5	2287	2160	2286	3730
5	1969	1829	1859	3731
5	2114	2078	1938	3732
5	1886	1859	1741	3733
5	2031	1835	1883	3734
5	2015	1866	1858	3735
5	2135	1953	2086	3736
5	1950	1849	1687	3737
5	1869	1725	1724	3738
5	1870	1725	1869	3739
5	2225	2080	2224	3740
5	2020	1871	1870	3741
5	2175	2028	2121	3742
5	1871	1726	1870	3743
5	1975	1960	1805	3744
5	2058	1993	1913	3745
5	2022	1872	1999	3746
5	1872	1721	1577	3747
5	1875	1729	1874	3748
5	2116	2012	1958	3749
5	1875	1730	1729	3750
5	1875	1873	1730	3751
5	1992	1831	1823	3752
5	2001	1843	1842	3753
5	1927	1786	1731	3754
5	1928	1786	1927	3755
5	1878	1733	1732	3756
5	1999	1872	1845	3757
5	2006	1855	1837	3758
5	2234	1987	2145	3759
5	2055	1838	1995	3760
5	1987	1728	1822	3761
5	1883	1737	1882	3762
5	1882	1736	1881	3763
5	1974	1804	1931	3764
5	1883	1673	1737	3765
5	2299	2154	2153	3766
5	2360	2223	2282	3767
5	1975	1805	1828	3768
5	1986	1910	1944	3769
5	2141	1986	2098	3770
5	2029	1882	1881	3771
5	2108	1958	1973	3772
5	2012	1864	1863	3773
5	2204	2058	2203	3774
5	2222	2077	2076	3775
5	1995	1838	1907	3776
5	1888	1812	1743	3777
5	2160	2002	2001	3778
5	2116	1958	2108	3779
5	1890	1840	1675	3780
5	1889	1745	1744	3781
5	2076	1929	2075	3782
5	1993	1836	1913	3783
5	2179	2033	2113	3784
5	2245	2151	2008	3785
5	1893	1749	1748	3786
5	1926	1784	1925	3787
5	1988	1825	1847	3788
5	1924	1749	1893	3789
5	2043	1895	2042	3790
5	2042	1894	2041	3791
5	2049	1901	2048	3792
5	1900	1756	1755	3793
5	2047	1899	2046	3794
5	2073	1927	2072	3795
5	2119	1990	2000	3796
5	1901	1757	1756	3797
5	2073	1928	1927	3798
5	1905	1760	1904	3799
5	2041	1894	1815	3800
5	2043	1896	1895	3801
5	2042	1895	1894	3802
5	1903	1758	1902	3803
5	2052	1905	1904	3804
5	1904	1759	1903	3805
5	2048	1900	2047	3806
5	2045	1897	2044	3807
5	2045	1898	1897	3808
5	1906	1761	1905	3809
5	2215	2124	2071	3810
5	1906	1683	1761	3811
5	2192	2047	2046	3812
5	2009	1861	1860	3813
5	2194	2049	2048	3814
5	2040	1892	1962	3815
5	1907	1838	1764	3816
5	1907	1764	1763	3817
5	1921	1780	1920	3818
5	1919	1778	1777	3819
5	2011	1847	1862	3820
5	2342	2201	2260	3821
5	1912	1768	1911	3822
5	2280	2015	2178	3823
5	1912	1769	1768	3824
5	1912	1910	1769	3825
5	1913	1836	1703	3826
5	1913	1771	1832	3827
5	2018	1869	1868	3828
5	1965	1868	1804	3829
5	1915	1773	1772	3830
5	1917	1775	1774	3831
5	2122	2059	1967	3832
5	1916	1773	1915	3833
5	2208	2063	2062	3834
5	1918	1776	1775	3835
5	2007	1961	1856	3836
5	2007	1856	1855	3837
5	2064	1919	1909	3838
5	2062	1917	2061	3839
5	2050	1903	1902	3840
5	1963	1860	1806	3841
5	1968	1922	1919	3842
5	2063	2006	1837	3843
5	2211	2107	2065	3844
5	1923	1824	1782	3845
5	1922	1920	1779	3846
5	1922	1779	1778	3847
5	2066	1922	1968	3848
5	2207	2061	2206	3849
5	2040	1893	1892	3850
5	1925	1783	1924	3851
5	2213	2069	2040	3852
5	1926	1841	1785	3853
5	2051	1904	1903	3854
5	2044	1896	2043	3855
5	2046	1899	1898	3856
5	2049	1902	1901	3857
5	2117	1946	1970	3858
5	2028	1881	1880	3859
5	2079	1933	2078	3860
5	1930	1789	1929	3861
5	2058	1832	2057	3862
5	1931	1804	1791	3863
5	2057	1840	1966	3864
5	2283	2115	2142	3865
5	1933	1794	1793	3866
5	1934	1795	1794	3867
5	2238	2114	2125	3868
5	1936	1796	1935	3869
5	2077	1930	2076	3870
5	2081	1935	2080	3871
5	2035	1885	2034	3872
5	1937	1744	1797	3873
5	2111	2057	1966	3874
5	2037	1831	1992	3875
5	2036	1859	1886	3876
5	1969	1947	1829	3877
5	1938	1932	1839	3878
5	2126	1969	2095	3879
5	2146	1852	1997	3880
5	2152	1662	1684	3881
5	1943	1546	1655	3882
5	2239	2085	2129	3883
5	2245	2008	2093	3884
5	2128	2004	1814	3885
5	1956	1819	1695	3886
5	2104	2005	1956	3887
5	2129	1546	1943	3888
5	1991	1799	1722	3889
5	1985	1959	1911	3890
5	2224	2079	2223	3891
5	2131	1942	1854	3892
5	2132	1848	1945	3893
5	1946	1876	1800	3894
5	1983	1857	1704	3895
5	1947	1938	1839	3896
5	1947	1839	1829	3897
5	2241	2093	1983	3898
5	1983	1704	1817	3899
5	1949	1948	1818	3900
5	1949	1818	1546	3901
5	2086	1849	1950	3902
5	1953	1706	1849	3903
5	2293	2097	1940	3904
5	2134	1808	1941	3905
5	2149	1978	1952	3906
5	1978	1686	1952	3907
5	2135	1940	1798	3908
5	1953	1798	1664	3909
5	2550	2304	2380	3910
5	1954	1816	1690	3911
5	2024	1875	2023	3912
5	2024	1873	1875	3913
5	2103	1844	2003	3914
5	2097	1941	1940	3915
5	1957	1907	1825	3916
5	2243	2138	2163	3917
5	1958	1863	1812	3918
5	2038	1888	1887	3919
5	1959	1944	1912	3920
5	1959	1912	1911	3921
5	1985	1911	1821	3922
5	1960	1821	1805	3923
5	1961	1877	1856	3924
5	2144	2026	1879	3925
5	1962	1892	1834	3926
5	2054	1962	1834	3927
5	2199	2053	2198	3928
5	2070	1925	1924	3929
5	2177	2030	2176	3930
5	2112	2032	2031	3931
5	2021	1975	1828	3932
5	2018	1868	1965	3933
5	2220	1993	2204	3934
5	2083	1937	2082	3935
5	1967	1914	1824	3936
5	2208	2062	2207	3937
5	2065	1921	1920	3938
5	2067	1824	1923	3939
5	2013	1864	2012	3940
5	2035	1886	1885	3941
5	1970	1946	1800	3942
5	1970	1800	1833	3943
5	1971	1970	1833	3944
5	1971	1833	1891	3945
5	2144	1879	2027	3946
5	2145	1987	1822	3947
5	1973	1958	1812	3948
5	1973	1812	1888	3949
5	2075	1836	1993	3950
5	2076	1930	1929	3951
5	2019	1869	2018	3952
5	2019	1870	1869	3953
5	1976	1963	1806	3954
5	1976	1806	1841	3955
5	1997	1669	1977	3956
5	2244	2127	2229	3957
5	1982	1945	1547	3958
5	2150	1945	1982	3959
5	2005	1851	1819	3960
5	2004	1853	1697	3961
5	2148	2136	1954	3962
5	1980	1813	1707	3963
5	1981	1980	1707	3964
5	1981	1707	1852	3965
5	2296	2289	2149	3966
5	2134	1952	1808	3967
5	2379	2167	2233	3968
5	2008	1653	1857	3969
5	2152	1684	1984	3970
5	1984	1684	1503	3971
5	2220	2075	1993	3972
5	2221	2076	2075	3973
5	1986	1964	1820	3974
5	1986	1820	1910	3975
5	2185	2108	1973	3976
5	2375	2370	2262	3977
5	2010	1861	2009	3978
5	2010	1862	1861	3979
5	2217	2072	1946	3980
5	2157	2017	1867	3981
5	2074	1928	2073	3982
5	2217	1946	2117	3983
5	2113	2032	2112	3984
5	2008	1807	1653	3985
5	2038	1973	1888	3986
5	2038	1887	2037	3987
5	2075	1929	1836	3988
5	2077	1931	1930	3989
5	1994	1976	1841	3990
5	1994	1841	1926	3991
5	2055	1908	1838	3992
5	2064	1909	2056	3993
5	1996	1992	1823	3994
5	1996	1823	1850	3995
5	2103	1939	1844	3996
5	2003	1660	1851	3997
5	2022	1822	1721	3998
5	1999	1845	1998	3999
5	2172	1999	2159	4000
5	2022	1721	1872	4001
5	2000	1990	1846	4002
5	2000	1846	1827	4003
5	2002	1850	1843	4004
5	2002	1996	1850	4005
5	2320	2166	2310	4006
5	2161	2102	1996	4007
5	2128	1979	1942	4008
5	2005	1819	1956	4009
5	2369	1941	2097	4010
5	2147	1652	1810	4011
5	2105	2003	1851	4012
5	2684	2517	2518	4013
5	2060	1915	2059	4014
5	2061	1917	1916	4015
5	2212	2068	2107	4016
5	2422	2260	2276	4017
5	2249	2087	1991	4018
5	2084	1991	1830	4019
5	2202	2055	2201	4020
5	2011	1862	2010	4021
5	2213	2040	2090	4022
5	2011	1988	1847	4023
5	2092	2009	1963	4024
5	2371	2308	2250	4025
5	2013	1865	1864	4026
5	2034	1885	1865	4027
5	2185	1973	2038	4028
5	2036	1886	2035	4029
5	2100	1866	2015	4030
5	2014	1858	1803	4031
5	2033	1884	2032	4032
5	2240	2084	1866	4033
5	2136	1816	1954	4034
5	2135	1798	1953	4035
5	2017	2016	1826	4036
5	2017	1826	1867	4037
5	2021	1871	2020	4038
5	2020	1870	2019	4039
5	2154	1959	1985	4040
5	2021	1828	1871	4041
5	2098	1944	2096	4042
5	2121	2028	1964	4043
5	2450	2311	2372	4044
5	2203	2057	2111	4045
5	2109	1801	2026	4046
5	2109	1972	1801	4047
5	2027	1878	2025	4048
5	2024	1955	1873	4049
5	2102	1992	1996	4050
5	2324	2184	2183	4051
5	2314	2246	2172	4052
5	2253	1972	2109	4053
5	2159	1999	1998	4054
5	2027	1879	1878	4055
5	2166	2012	2116	4056
5	2183	2037	1992	4057
5	2031	1883	2030	4058
5	2030	1883	1882	4059
5	2153	1960	2130	4060
5	2171	1975	2021	4061
5	2168	2019	2018	4062
5	2032	1835	2031	4063
5	2098	1986	1944	4064
5	2255	2113	2254	4065
5	2033	1803	1884	4066
5	2268	2141	2098	4067
5	2176	2029	2175	4068
5	2176	2030	2029	4069
5	2373	2256	2283	4070
5	2363	2226	2362	4071
5	2273	2228	2110	4072
5	2036	1969	1859	4073
5	2362	2225	2361	4074
5	2223	2078	2114	4075
5	2156	2023	1874	4076
5	2205	2060	2059	4077
5	2374	2263	2350	4078
5	2856	2731	2765	4079
5	2039	1966	1890	4080
5	2039	1890	1889	4081
5	2069	1924	1893	4082
5	2071	1925	2070	4083
5	2188	2042	2187	4084
5	2189	2043	2188	4085
5	2186	1990	2119	4086
5	2046	1898	2045	4087
5	2190	2045	2044	4088
5	2336	2195	2194	4089
5	2218	2072	2217	4090
5	2048	1901	1900	4091
5	2186	2041	1990	4092
5	2195	2049	2194	4093
5	2187	2041	2186	4094
5	2053	1905	2052	4095
5	2187	2042	2041	4096
5	2188	2043	2042	4097
5	2190	2044	2189	4098
5	2051	1903	2050	4099
5	2199	2054	2053	4100
5	2052	1904	2051	4101
5	2198	2052	2197	4102
5	2192	2046	2191	4103
5	2189	2044	2043	4104
5	2054	1906	2053	4105
5	2196	2051	2050	4106
5	2054	1834	1906	4107
5	2140	2092	1963	4108
5	2352	2213	2351	4109
5	2164	2009	2092	4110
5	2164	2010	2009	4111
5	2210	2064	2056	4112
5	2056	1908	2055	4113
5	2236	2123	2200	4114
5	2165	2010	2164	4115
5	2058	1913	1832	4116
5	2057	1832	1840	4117
5	2115	1966	2039	4118
5	2223	2079	2078	4119
5	2060	1916	1915	4120
5	2063	1837	1918	4121
5	2062	1918	1917	4122
5	2061	1916	2060	4123
5	2303	2094	2262	4124
5	2346	2207	2345	4125
5	2285	2143	2261	4126
5	2139	1961	2007	4127
5	2139	2094	1961	4128
5	2205	2059	2122	4129
5	2201	1995	2099	4130
5	2206	2060	2205	4131
5	2285	2122	2143	4132
5	2067	1967	1824	4133
5	2066	2065	1920	4134
5	2066	1920	1922	4135
5	2107	2068	2065	4136
5	2201	2055	1995	4137
5	2068	2067	1923	4138
5	2068	1923	1921	4139
5	2090	2054	2199	4140
5	2070	1924	2069	4141
5	2419	2144	2315	4142
5	2071	1994	1926	4143
5	2448	2308	2371	4144
5	2475	2336	2474	4145
5	2191	2045	2190	4146
5	2074	2000	1827	4147
5	2219	2073	2218	4148
5	2266	1971	2106	4149
5	2331	2189	2330	4150
5	2194	2048	2193	4151
5	2299	2153	2298	4152
5	2627	2494	2502	4153
5	2171	2130	1975	4154
5	2077	1974	1931	4155
5	2377	2274	2300	4156
5	2298	2153	2130	4157
5	2079	1934	1933	4158
5	2080	1935	1934	4159
5	2180	2034	2013	4160
5	2083	1889	1937	4161
5	2183	1992	2102	4162
5	2166	2013	2012	4163
5	2115	2111	1966	4164
5	2082	1936	2081	4165
5	2227	2142	2083	4166
5	2083	2039	1889	4167
5	2343	2203	2111	4168
5	2226	2081	2225	4169
5	2085	1948	1949	4170
5	2086	1953	1849	4171
5	2270	2157	1989	4172
5	2087	1989	1799	4173
5	2167	2088	2016	4174
5	2369	2134	1941	4175
5	2151	1807	2008	4176
5	2133	1817	1948	4177
5	2386	2135	2086	4178
5	2088	1950	1513	4179
5	2089	2001	1955	4180
5	2155	2089	1955	4181
5	2330	2188	2329	4182
5	2337	2196	2195	4183
5	2091	2018	1965	4184
5	2237	2130	2171	4185
5	2140	1976	2120	4186
5	2215	2071	2070	4187
5	2271	2086	1950	4188
5	2429	2271	2304	4189
5	2094	2025	1961	4190
5	2478	2272	2339	4191
5	2182	2036	2035	4192
5	2181	2035	2034	4193
5	2154	2096	1959	4194
5	2130	1960	1975	4195
5	2167	2016	2017	4196
5	2148	1813	1980	4197
5	2275	2141	2268	4198
5	2496	2361	2360	4199
5	2696	2564	2520	4200
5	2341	2200	2210	4201
5	2178	2015	2014	4202
5	2555	2432	2280	4203
5	2101	2091	1965	4204
5	2101	1965	1974	4205
5	2161	2002	2160	4206
5	2324	2183	2251	4207
5	2388	2148	2295	4208
5	2278	2003	2105	4209
5	2384	2105	2277	4210
5	2104	1853	2004	4211
5	2152	1809	1662	4212
5	2158	1939	2103	4213
5	2113	2033	2032	4214
5	2279	2119	2216	4215
5	2211	2066	2123	4216
5	2202	2056	2055	4217
5	2184	2037	2183	4218
5	2306	2102	2161	4219
5	2314	2159	2253	4220
5	2145	1822	2022	4221
5	2110	2101	1974	4222
5	2110	1974	2077	4223
5	2203	2058	2057	4224
5	2204	1993	2058	4225
5	2280	2100	2015	4226
5	2318	2254	2112	4227
5	2255	2179	2113	4228
5	2266	2118	1971	4229
5	2226	2082	2081	4230
5	2282	2114	2238	4231
5	2273	2110	2222	4232
5	2256	2111	2115	4233
5	2180	2013	2166	4234
5	2181	2034	2180	4235
5	2317	2175	2316	4236
5	2457	2319	2385	4237
5	2118	2117	1970	4238
5	2118	1970	1971	4239
5	2219	2074	2073	4240
5	2334	2193	2192	4241
5	2140	1963	1976	4242
5	2120	1976	1994	4243
5	2175	2029	2028	4244
5	2177	2031	2030	4245
5	2462	2324	2398	4246
5	2345	2205	2230	4247
5	2211	2065	2066	4248
5	2123	2066	1968	4249
5	2124	2120	1994	4250
5	2124	1994	2071	4251
5	2125	2114	1938	4252
5	2125	1938	1947	4253
5	2126	2125	1947	4254
5	2126	1947	1969	4255
5	2303	2174	2094	4256
5	2383	2277	2104	4257
5	2296	2149	2290	4258
5	2277	2005	2104	4259
5	2129	2085	1949	4260
5	2129	1949	1546	4261
5	2153	1985	1960	4262
5	2154	1985	2153	4263
5	2289	2147	2149	4264
5	2290	2149	1952	4265
5	2291	2131	1951	4266
5	2132	1951	1848	4267
5	2292	2133	1948	4268
5	2249	1991	2084	4269
5	2150	2132	1945	4270
5	2149	2147	1978	4271
5	2386	2086	2378	4272
5	2417	2383	2247	4273
5	2518	2388	2295	4274
5	2504	2408	2409	4275
5	2148	1954	1813	4276
5	2137	1980	1981	4277
5	2138	2099	1957	4278
5	2138	1957	1988	4279
5	2209	2006	2063	4280
5	2207	2062	2061	4281
5	2338	2197	2196	4282
5	2340	2199	2272	4283
5	2141	2121	1964	4284
5	2141	1964	1986	4285
5	2142	2115	2039	4286
5	2142	2039	2083	4287
5	2143	2122	1967	4288
5	2143	1967	2067	4289
5	2174	2025	2094	4290
5	2155	1955	2024	4291
5	2156	1874	1987	4292
5	2172	2022	1999	4293
5	2416	2137	1981	4294
5	2146	1981	1852	4295
5	2147	1982	1665	4296
5	2147	1665	1652	4297
5	2295	1980	2137	4298
5	2652	2544	2387	4299
5	2417	2248	2391	4300
5	2247	2104	2004	4301
5	2391	2248	2128	4302
5	2291	1951	2132	4303
5	2297	1891	2151	4304
5	2151	1891	1746	4305
5	2158	1984	1939	4306
5	2152	2127	1977	4307
5	2267	2101	2228	4308
5	2317	2176	2175	4309
5	2298	2130	2237	4310
5	2311	2169	2168	4311
5	2368	2258	2156	4312
5	2262	2094	2139	4313
5	2345	2206	2205	4314
5	2234	2156	1987	4315
5	2242	1943	2136	4316
5	2271	1950	2088	4317
5	2305	1984	2158	4318
5	2305	2152	1984	4319
5	2172	2145	2022	4320
5	2723	2453	2540	4321
5	2161	1996	2002	4322
5	2320	2180	2166	4323
5	2277	2105	2005	4324
5	2288	2128	1942	4325
5	2162	2139	2007	4326
5	2162	2007	2006	4327
5	2163	2138	1988	4328
5	2163	1988	2011	4329
5	2165	2011	2010	4330
5	2422	2276	2394	4331
5	2335	2193	2334	4332
5	2307	2163	2165	4333
5	2310	2116	2309	4334
5	2449	2322	2320	4335
5	2438	2241	2133	4336
5	2292	1948	2085	4337
5	2169	2020	2019	4338
5	2170	2021	2020	4339
5	2644	2585	2511	4340
5	2316	2121	2275	4341
5	2358	2221	2220	4342
5	2171	2021	2170	4343
5	2358	2220	2357	4344
5	2360	2224	2223	4345
5	2314	2172	2159	4346
5	2252	2026	2144	4347
5	2173	2155	2024	4348
5	2173	2024	2023	4349
5	2258	2023	2156	4350
5	2433	2261	2423	4351
5	2411	2228	2273	4352
5	2443	2298	2396	4353
5	2318	2112	2177	4354
5	2275	2121	2141	4355
5	2319	2176	2317	4356
5	2177	2112	2031	4357
5	2284	2179	2255	4358
5	2505	2266	2397	4359
5	2179	2178	2014	4360
5	2179	2014	2033	4361
5	2326	2108	2185	4362
5	2364	2283	2142	4363
5	2418	2398	2251	4364
5	2182	2095	2036	4365
5	2322	2180	2320	4366
5	2325	2184	2324	4367
5	2184	2038	2037	4368
5	2185	2038	2184	4369
5	2462	2325	2324	4370
5	2309	2116	2108	4371
5	2326	2309	2108	4372
5	2446	2286	2435	4373
5	2330	2189	2188	4374
5	2329	2187	2328	4375
5	2475	2337	2336	4376
5	2193	2048	2047	4377
5	2430	2275	2268	4378
5	2441	2397	2106	4379
5	2327	2186	2119	4380
5	2191	2046	2045	4381
5	2336	2194	2335	4382
5	2334	2192	2333	4383
5	2328	2187	2186	4384
5	2329	2188	2187	4385
5	2331	2190	2189	4386
5	2197	2051	2196	4387
5	2351	2090	2340	4388
5	2195	2050	2049	4389
5	2272	2199	2198	4390
5	2339	2198	2197	4391
5	2339	2197	2338	4392
5	2198	2053	2052	4393
5	2337	2195	2336	4394
5	2332	2191	2190	4395
5	2352	2214	2213	4396
5	2090	1962	2054	4397
5	2404	2259	2376	4398
5	2214	2070	2069	4399
5	2484	2403	2341	4400
5	2250	2164	2092	4401
5	2200	2123	1968	4402
5	2200	1968	2064	4403
5	2260	2201	2099	4404
5	2210	2056	2202	4405
5	2341	2236	2200	4406
5	2210	2200	2064	4407
5	2498	2363	2362	4408
5	2221	2075	2220	4409
5	2480	2344	2343	4410
5	2222	2110	2077	4411
5	2206	2061	2060	4412
5	2209	2063	2208	4413
5	2424	2173	2258	4414
5	2287	2161	2160	4415
5	2615	2481	2506	4416
5	2209	2162	2006	4417
5	2231	2139	2162	4418
5	2485	2350	2349	4419
5	2483	2348	2342	4420
5	2350	2211	2349	4421
5	2448	2307	2308	4422
5	2276	2138	2243	4423
5	2342	2202	2201	4424
5	2556	2402	2482	4425
5	2212	2143	2067	4426
5	2212	2067	2068	4427
5	2259	2120	2124	4428
5	2214	2069	2213	4429
5	2352	2264	2215	4430
5	2215	2070	2214	4431
5	2508	2376	2488	4432
5	2332	2190	2331	4433
5	2216	2119	2000	4434
5	2216	2000	2074	4435
5	2218	2073	2072	4436
5	2327	2119	2279	4437
5	2766	2644	2694	4438
5	2355	2216	2219	4439
5	2328	2186	2327	4440
5	2219	2216	2074	4441
5	2497	2362	2361	4442
5	2421	2255	2254	4443
5	2311	2168	2235	4444
5	2222	2076	2221	4445
5	2235	2168	2091	4446
5	2412	2235	2267	4447
5	2224	2080	2079	4448
5	2225	2081	2080	4449
5	2357	2204	2344	4450
5	2227	2083	2082	4451
5	2633	2500	2499	4452
5	2322	2181	2180	4453
5	2460	2323	2322	4454
5	2227	2082	2226	4455
5	2458	2310	2309	4456
5	2282	2223	2114	4457
5	2359	2222	2221	4458
5	2555	2178	2284	4459
5	2244	1997	2127	4460
5	2244	2146	1997	4461
5	2230	2205	2122	4462
5	2285	2230	2122	4463
5	2347	2209	2208	4464
5	2401	2375	2231	4465
5	2232	2231	2162	4466
5	2232	2162	2209	4467
5	2233	2167	2017	4468
5	2233	2017	2157	4469
5	2252	2109	2026	4470
5	2258	2173	2023	4471
5	2585	2450	2511	4472
5	2451	2312	2450	4473
5	2261	2143	2212	4474
5	2400	2345	2230	4475
5	2312	2169	2311	4476
5	2312	2170	2169	4477
5	2321	2269	2095	4478
5	2461	2321	2323	4479
5	2293	1940	2135	4480
5	2241	1983	2133	4481
5	2249	2084	2240	4482
5	2567	2428	2270	4483
5	2678	2389	2503	4484
5	2297	2106	1891	4485
5	2242	2239	2129	4486
5	2242	2129	1943	4487
5	2485	2349	2382	4488
5	2265	2092	2140	4489
5	2431	2229	2158	4490
5	2416	2146	2244	4491
5	2365	2292	2085	4492
5	2544	2097	2387	4493
5	2246	2234	2145	4494
5	2246	2145	2172	4495
5	2288	1942	2131	4496
5	2416	1981	2146	4497
5	2248	2247	2004	4498
5	2248	2004	2128	4499
5	2378	2086	2271	4500
5	2353	2117	2281	4501
5	2307	2243	2163	4502
5	2308	2164	2250	4503
5	2251	2183	2102	4504
5	2598	2462	2512	4505
5	2419	2252	2144	4506
5	2262	2139	2231	4507
5	2355	2279	2216	4508
5	2420	2279	2355	4509
5	2354	2217	2353	4510
5	2254	2113	2112	4511
5	2675	2510	2405	4512
5	2284	2178	2179	4513
5	2359	2273	2222	4514
5	2343	2111	2256	4515
5	2257	2238	2125	4516
5	2257	2125	2126	4517
5	2315	2144	2027	4518
5	2315	2027	2174	4519
5	2294	2120	2259	4520
5	2265	2250	2092	4521
5	2487	2352	2351	4522
5	2488	2264	2352	4523
5	2423	2261	2263	4524
5	2350	2107	2211	4525
5	2573	2433	2572	4526
5	2286	2160	2089	4527
5	2263	2261	2212	4528
5	2263	2212	2107	4529
5	2264	2259	2124	4530
5	2264	2124	2215	4531
5	2514	2394	2414	4532
5	2381	2342	2260	4533
5	2486	2351	2340	4534
5	2281	2117	2118	4535
5	2267	2235	2091	4536
5	2267	2091	2101	4537
5	2555	2284	2510	4538
5	2427	2268	2274	4539
5	2269	2257	2126	4540
5	2269	2126	2095	4541
5	2501	2438	2292	4542
5	2516	2233	2428	4543
5	2432	2366	2100	4544
5	2429	2378	2271	4545
5	2340	2090	2199	4546
5	2351	2213	2090	4547
5	2344	2203	2343	4548
5	2399	2343	2256	4549
5	2274	2268	2098	4550
5	2274	2098	2096	4551
5	2455	2275	2430	4552
5	2444	2300	2299	4553
5	2276	2260	2099	4554
5	2276	2099	2138	4555
5	2384	2278	2105	4556
5	2278	2103	2003	4557
5	2431	2158	2103	4558
5	2431	2103	2278	4559
5	2253	2159	1998	4560
5	2253	1998	1972	4561
5	2505	2118	2266	4562
5	2366	2240	2100	4563
5	2353	2217	2117	4564
5	2354	2218	2217	4565
5	2363	2227	2226	4566
5	2283	2256	2115	4567
5	2361	2224	2360	4568
5	2763	2632	2762	4569
5	2441	2106	2297	4570
5	2397	2266	2106	4571
5	2481	2345	2400	4572
5	2401	2231	2232	4573
5	2526	2445	2301	4574
5	2434	2230	2285	4575
5	2306	2251	2102	4576
5	2306	2161	2287	4577
5	2503	2389	2439	4578
5	2290	1952	2134	4579
5	2289	2150	1982	4580
5	2289	1982	2147	4581
5	2383	2104	2247	4582
5	2390	2131	2291	4583
5	2390	2288	2131	4584
5	2518	2295	2440	4585
5	2428	2233	2157	4586
5	2791	2567	2651	4587
5	2380	2304	2167	4588
5	2388	2136	2148	4589
5	2294	2265	2140	4590
5	2294	2140	2120	4591
5	2519	2293	2386	4592
5	2365	2085	2239	4593
5	2436	2132	2150	4594
5	2296	2150	2289	4595
5	2297	2151	2245	4596
5	2432	2100	2280	4597
5	2300	2096	2154	4598
5	2300	2154	2299	4599
5	2395	2267	2228	4600
5	2300	2274	2096	4601
5	2412	2267	2395	4602
5	2638	2504	2509	4603
5	2375	2262	2231	4604
5	2302	2155	2301	4605
5	2302	2286	2089	4606
5	2302	2089	2155	4607
5	2368	2156	2234	4608
5	2452	2253	2109	4609
5	2304	2271	2088	4610
5	2304	2088	2167	4611
5	2305	2158	2229	4612
5	2305	2229	2127	4613
5	2435	2286	2302	4614
5	2619	2485	2618	4615
5	2483	2342	2381	4616
5	2572	2433	2423	4617
5	2308	2307	2165	4618
5	2308	2165	2164	4619
5	2310	2166	2116	4620
5	2321	2095	2182	4621
5	2459	2310	2458	4622
5	2632	2499	2498	4623
5	2313	2171	2170	4624
5	2313	2170	2312	4625
5	2570	2430	2427	4626
5	2313	2237	2171	4627
5	2427	2274	2377	4628
5	2444	2377	2300	4629
5	2452	2393	2314	4630
5	2452	2109	2252	4631
5	2588	2315	2453	4632
5	2767	2642	2588	4633
5	2489	2353	2281	4634
5	2454	2254	2318	4635
5	2451	2407	2313	4636
5	2780	2644	2766	4637
5	2491	2355	2356	4638
5	2405	2284	2255	4639
5	2319	2318	2177	4640
5	2319	2177	2176	4641
5	2464	2309	2326	4642
5	2630	2497	2496	4643
5	2323	2181	2322	4644
5	2406	2360	2282	4645
5	2323	2182	2181	4646
5	2323	2321	2182	4647
5	2460	2322	2449	4648
5	2499	2363	2498	4649
5	2325	2185	2184	4650
5	2326	2185	2325	4651
5	2463	2325	2462	4652
5	2761	2630	2760	4653
5	2599	2463	2598	4654
5	2689	2522	2543	4655
5	2466	2327	2465	4656
5	2465	2279	2420	4657
5	2490	2353	2489	4658
5	2333	2191	2332	4659
5	2465	2327	2279	4660
5	2479	2340	2272	4661
5	2467	2328	2466	4662
5	2466	2328	2327	4663
5	2487	2351	2486	4664
5	2333	2192	2191	4665
5	2477	2339	2338	4666
5	2467	2329	2328	4667
5	2471	2332	2470	4668
5	2335	2194	2193	4669
5	2468	2330	2329	4670
5	2473	2334	2472	4671
5	2469	2330	2468	4672
5	2338	2196	2337	4673
5	2469	2331	2330	4674
5	2470	2332	2331	4675
5	2472	2333	2471	4676
5	2339	2272	2198	4677
5	2471	2333	2332	4678
5	2478	2339	2477	4679
5	2472	2334	2333	4680
5	2473	2335	2334	4681
5	2479	2272	2478	4682
5	2352	2215	2214	4683
5	2348	2202	2342	4684
5	2484	2348	2483	4685
5	2348	2210	2202	4686
5	2348	2341	2210	4687
5	2344	2204	2203	4688
5	2357	2220	2204	4689
5	2412	2372	2235	4690
5	2359	2221	2358	4691
5	2346	2208	2207	4692
5	2347	2232	2209	4693
5	2370	2303	2262	4694
5	2347	2208	2346	4695
5	2418	2251	2306	4696
5	2711	2572	2528	4697
5	2425	2265	2294	4698
5	2620	2479	2614	4699
5	2350	2263	2107	4700
5	2349	2211	2123	4701
5	2528	2423	2374	4702
5	2423	2263	2374	4703
5	2474	2336	2335	4704
5	2371	2250	2265	4705
5	2376	2259	2264	4706
5	2477	2338	2476	4707
5	2430	2268	2427	4708
5	2356	2218	2354	4709
5	2586	2524	2407	4710
5	2566	2457	2529	4711
5	2470	2331	2469	4712
5	2468	2329	2467	4713
5	2356	2355	2219	4714
5	2356	2219	2218	4715
5	2821	2722	2780	4716
5	2761	2631	2630	4717
5	2726	2589	2724	4718
5	2463	2326	2325	4719
5	2496	2360	2406	4720
5	2632	2498	2631	4721
5	2361	2225	2224	4722
5	2362	2226	2225	4723
5	2630	2496	2629	4724
5	2364	2142	2227	4725
5	3011	2931	2887	4726
5	2912	2884	2769	4727
5	2494	2357	2492	4728
5	2364	2227	2363	4729
5	2411	2395	2228	4730
5	2399	2256	2373	4731
5	2674	2505	2397	4732
5	2428	2157	2270	4733
5	2367	2240	2366	4734
5	2367	2249	2240	4735
5	2537	2241	2438	4736
5	2695	2537	2637	4737
5	2523	2258	2368	4738
5	2523	2424	2258	4739
5	2437	2296	2290	4740
5	2369	2290	2134	4741
5	2733	2598	2647	4742
5	2540	2303	2370	4743
5	2448	2414	2307	4744
5	2546	2381	2521	4745
5	2372	2311	2235	4746
5	2524	2396	2407	4747
5	2500	2373	2283	4748
5	2499	2364	2363	4749
5	2485	2374	2350	4750
5	2572	2423	2528	4751
5	2482	2346	2481	4752
5	2520	2375	2401	4753
5	2404	2294	2259	4754
5	2425	2294	2404	4755
5	2570	2427	2522	4756
5	2396	2298	2237	4757
5	2552	2369	2544	4758
5	2801	2501	2648	4759
5	2438	2133	2292	4760
5	2380	2167	2379	4761
5	2516	2379	2233	4762
5	2391	2128	2288	4763
5	2382	2349	2236	4764
5	2698	2616	2690	4765
5	2563	2394	2514	4766
5	2565	2371	2425	4767
5	2417	2247	2248	4768
5	2548	2415	2229	4769
5	2549	2277	2383	4770
5	2415	2244	2229	4771
5	2385	2319	2317	4772
5	2455	2316	2275	4773
5	2387	2097	2293	4774
5	2386	2293	2135	4775
5	2569	2545	2378	4776
5	2389	2239	2242	4777
5	2648	2365	2551	4778
5	2555	2280	2178	4779
5	2548	2229	2431	4780
5	2439	2136	2388	4781
5	2552	2437	2369	4782
5	2576	2296	2437	4783
5	2553	2288	2390	4784
5	2437	2290	2369	4785
5	2392	2368	2234	4786
5	2392	2234	2246	4787
5	2393	2392	2246	4788
5	2393	2246	2314	4789
5	2422	2381	2260	4790
5	2394	2276	2243	4791
5	2840	2707	2692	4792
5	2760	2629	2759	4793
5	2443	2299	2298	4794
5	2444	2299	2443	4795
5	2534	2367	2366	4796
5	2426	2356	2354	4797
5	2398	2324	2251	4798
5	2573	2507	2434	4799
5	2493	2411	2273	4800
5	2480	2343	2399	4801
5	2526	2301	2424	4802
5	2424	2301	2173	4803
5	2513	2435	2445	4804
5	2482	2347	2346	4805
5	2402	2401	2232	4806
5	2402	2232	2347	4807
5	2403	2382	2236	4808
5	2403	2236	2341	4809
5	2673	2528	2619	4810
5	2584	2371	2565	4811
5	2557	2420	2491	4812
5	2716	2534	2535	4813
5	2498	2362	2497	4814
5	2497	2361	2496	4815
5	2407	2396	2237	4816
5	2407	2237	2313	4817
5	2408	2406	2282	4818
5	2408	2282	2238	4819
5	2409	2408	2238	4820
5	2409	2238	2257	4821
5	2410	2409	2257	4822
5	2410	2257	2269	4823
5	2492	2344	2480	4824
5	2494	2358	2357	4825
5	2530	2502	2492	4826
5	2530	2480	2399	4827
5	2413	2410	2269	4828
5	2413	2269	2321	4829
5	2414	2394	2243	4830
5	2414	2243	2307	4831
5	2544	2369	2097	4832
5	2440	2295	2137	4833
5	2685	2440	2653	4834
5	2653	2440	2560	4835
5	2667	2515	2505	4836
5	2660	2571	2384	4837
5	2447	2418	2306	4838
5	2447	2287	2446	4839
5	2689	2682	2522	4840
5	2452	2314	2253	4841
5	2491	2420	2355	4842
5	2491	2356	2426	4843
5	2590	2456	2455	4844
5	2421	2405	2255	4845
5	2690	2616	2617	4846
5	2892	2781	2782	4847
5	2433	2285	2261	4848
5	2434	2285	2433	4849
5	2453	2174	2303	4850
5	2618	2485	2382	4851
5	2521	2381	2422	4852
5	2975	2841	2893	4853
5	2693	2566	2529	4854
5	2625	2558	2421	4855
5	2456	2385	2317	4856
5	2668	2645	2554	4857
5	2567	2270	2087	4858
5	2658	2367	2534	4859
5	2661	2429	2550	4860
5	2519	2387	2293	4861
5	2591	2385	2456	4862
5	2626	2491	2426	4863
5	2660	2548	2571	4864
5	2701	2561	2415	4865
5	2510	2284	2405	4866
5	2771	2550	2659	4867
5	2720	2520	2583	4868
5	2434	2400	2230	4869
5	2730	2525	2596	4870
5	2712	2572	2711	4871
5	2698	2547	2616	4872
5	2446	2287	2286	4873
5	2575	2291	2436	4874
5	2436	2150	2296	4875
5	2839	2666	2553	4876
5	2436	2291	2132	4877
5	2501	2292	2365	4878
5	3006	2834	2756	4879
5	2439	2389	2242	4880
5	2439	2242	2136	4881
5	2654	2552	2544	4882
5	2773	2552	2654	4883
5	3145	3066	3083	4884
5	2623	2426	2490	4885
5	2442	2441	2297	4886
5	2442	2297	2245	4887
5	2628	2493	2495	4888
5	2724	2570	2682	4889
5	2532	2395	2411	4890
5	2603	2467	2602	4891
5	2445	2435	2302	4892
5	2445	2302	2301	4893
5	2447	2306	2287	4894
5	2525	2410	2413	4895
5	2546	2483	2381	4896
5	2596	2461	2595	4897
5	2614	2479	2478	4898
5	2610	2474	2609	4899
5	2461	2413	2321	4900
5	2461	2323	2460	4901
5	2451	2313	2312	4902
5	2450	2312	2311	4903
5	2722	2585	2644	4904
5	2586	2451	2585	4905
5	2587	2252	2419	4906
5	2587	2452	2252	4907
5	2588	2419	2315	4908
5	2453	2315	2174	4909
5	2490	2354	2353	4910
5	2454	2421	2254	4911
5	2456	2316	2455	4912
5	2456	2317	2316	4913
5	2579	2396	2524	4914
5	2762	2632	2631	4915
5	2457	2454	2318	4916
5	2457	2318	2319	4917
5	2459	2320	2310	4918
5	2459	2449	2320	4919
5	2574	2446	2435	4920
5	2649	2502	2530	4921
5	2596	2525	2413	4922
5	2598	2463	2462	4923
5	2595	2461	2460	4924
5	2525	2509	2410	4925
5	2845	2822	2665	4926
5	2464	2326	2463	4927
5	2592	2459	2458	4928
5	2464	2458	2309	4929
5	2594	2460	2449	4930
5	2729	2594	2593	4931
5	2611	2476	2475	4932
5	2602	2466	2601	4933
5	2604	2468	2603	4934
5	2600	2465	2420	4935
5	2612	2477	2476	4936
5	2558	2405	2421	4937
5	2601	2466	2465	4938
5	2474	2335	2473	4939
5	2608	2472	2607	4940
5	2605	2469	2604	4941
5	2602	2467	2466	4942
5	2612	2476	2611	4943
5	2603	2468	2467	4944
5	2476	2338	2337	4945
5	2609	2473	2608	4946
5	2614	2478	2613	4947
5	2604	2469	2468	4948
5	2605	2470	2469	4949
5	2607	2471	2606	4950
5	2476	2337	2475	4951
5	2606	2470	2605	4952
5	2606	2471	2470	4953
5	2613	2477	2612	4954
5	2488	2352	2487	4955
5	2607	2472	2471	4956
5	2608	2473	2472	4957
5	2621	2486	2620	4958
5	2486	2340	2479	4959
5	2609	2474	2473	4960
5	2610	2475	2474	4961
5	2492	2357	2344	4962
5	2493	2273	2359	4963
5	2482	2402	2347	4964
5	2481	2346	2345	4965
5	2583	2520	2401	4966
5	2581	2418	2447	4967
5	2484	2341	2348	4968
5	2943	2831	2798	4969
5	2541	2404	2376	4970
5	2584	2448	2371	4971
5	2618	2382	2547	4972
5	2749	2547	2698	4973
5	2622	2488	2487	4974
5	2841	2706	2775	4975
5	2721	2584	2565	4976
5	2488	2376	2264	4977
5	2617	2483	2546	4978
5	2541	2376	2508	4979
5	2490	2426	2354	4980
5	2600	2420	2557	4981
5	2674	2667	2505	4982
5	2705	2555	2704	4983
5	2704	2555	2510	4984
5	2601	2465	2600	4985
5	3015	2905	2913	4986
5	2628	2495	2627	4987
5	2495	2358	2494	4988
5	2542	2372	2412	4989
5	2495	2359	2358	4990
5	2495	2493	2359	4991
5	2591	2529	2385	4992
5	2543	2522	2377	4993
5	2533	2408	2504	4994
5	2633	2531	2373	4995
5	2533	2406	2408	4996
5	2500	2283	2364	4997
5	2530	2399	2531	4998
5	2530	2492	2480	4999
5	2633	2373	2500	5000
5	2500	2364	2499	5001
5	2827	2650	2664	5002
5	2631	2498	2497	5003
5	2705	2432	2555	5004
5	2567	2087	2249	5005
5	2502	2494	2492	5006
5	2629	2406	2533	5007
5	2678	2551	2389	5008
5	2551	2239	2389	5009
5	2593	2449	2459	5010
5	2596	2413	2461	5011
5	2515	2281	2505	5012
5	2505	2281	2118	5013
5	2506	2481	2400	5014
5	2573	2434	2433	5015
5	2507	2506	2400	5016
5	2507	2400	2434	5017
5	2679	2508	2622	5018
5	2620	2486	2479	5019
5	2509	2504	2409	5020
5	2509	2409	2410	5021
5	2537	2093	2241	5022
5	2515	2489	2281	5023
5	2511	2450	2372	5024
5	2542	2511	2372	5025
5	2512	2462	2398	5026
5	2854	2765	2729	5027
5	2583	2401	2402	5028
5	2574	2435	2513	5029
5	2878	2751	2877	5030
5	2541	2425	2404	5031
5	2697	2559	2640	5032
5	2589	2430	2570	5033
5	2550	2429	2304	5034
5	2811	2685	2653	5035
5	2517	2503	2439	5036
5	2517	2439	2388	5037
5	2634	2503	2517	5038
5	2518	2517	2388	5039
5	2770	2700	2569	5040
5	2569	2378	2429	5041
5	2540	2453	2303	5042
5	2564	2375	2520	5043
5	2750	2673	2619	5044
5	2691	2546	2656	5045
5	2522	2427	2377	5046
5	2783	2717	2643	5047
5	2642	2419	2588	5048
5	2639	2424	2523	5049
5	2543	2377	2444	5050
5	2795	2689	2669	5051
5	2593	2459	2592	5052
5	3090	2957	3016	5053
5	2635	2445	2526	5054
5	2639	2526	2424	5055
5	2527	2514	2414	5056
5	2527	2414	2448	5057
5	2781	2690	2691	5058
5	2836	2698	2690	5059
5	2529	2457	2385	5060
5	2682	2570	2522	5061
5	2692	2626	2623	5062
5	2758	2668	2628	5063
5	2755	2623	2624	5064
5	2531	2399	2373	5065
5	2559	2395	2532	5066
5	2776	2768	2640	5067
5	2629	2496	2406	5068
5	2631	2497	2630	5069
5	2536	2442	2245	5070
5	2637	2537	2438	5071
5	2535	2534	2366	5072
5	2535	2366	2432	5073
5	2577	2397	2441	5074
5	2967	2578	2636	5075
5	2537	2536	2245	5076
5	2537	2245	2093	5077
5	2538	2523	2368	5078
5	2538	2368	2392	5079
5	2539	2512	2398	5080
5	2539	2398	2418	5081
5	2663	2512	2539	5082
5	2639	2538	2655	5083
5	2565	2425	2541	5084
5	2583	2402	2556	5085
5	2669	2543	2580	5086
5	2883	2840	2692	5087
5	2580	2443	2579	5088
5	2580	2543	2444	5089
5	2660	2384	2549	5090
5	2553	2391	2288	5091
5	2545	2519	2386	5092
5	2545	2386	2378	5093
5	2547	2382	2403	5094
5	2619	2374	2485	5095
5	2749	2618	2547	5096
5	2688	2521	2563	5097
5	2549	2384	2277	5098
5	2571	2278	2384	5099
5	2701	2415	2548	5100
5	2654	2544	2652	5101
5	2785	2577	2715	5102
5	2551	2365	2239	5103
5	2666	2417	2391	5104
5	2666	2391	2553	5105
5	2702	2653	2560	5106
5	2648	2501	2365	5107
5	3059	2837	2938	5108
5	2576	2436	2296	5109
5	2554	2532	2411	5110
5	2554	2411	2493	5111
5	2774	2705	2704	5112
5	2815	2651	2568	5113
5	2681	2527	2584	5114
5	2584	2527	2448	5115
5	2626	2426	2623	5116
5	2727	2725	2591	5117
5	3136	3031	2946	5118
5	2625	2421	2454	5119
5	2559	2542	2412	5120
5	2559	2412	2395	5121
5	2560	2440	2137	5122
5	2560	2137	2416	5123
5	2561	2560	2416	5124
5	2561	2416	2415	5125
5	2562	2538	2392	5126
5	2562	2392	2393	5127
5	2563	2521	2422	5128
5	2563	2422	2394	5129
5	2767	2588	2723	5130
5	2564	2370	2375	5131
5	2900	2788	2789	5132
5	2871	2745	2870	5133
5	2625	2454	2566	5134
5	2566	2454	2457	5135
5	2801	2637	2501	5136
5	2791	2428	2567	5137
5	2568	2567	2249	5138
5	2568	2249	2367	5139
5	2686	2652	2387	5140
5	2686	2387	2519	5141
5	2589	2455	2430	5142
5	2590	2455	2589	5143
5	2571	2548	2431	5144
5	2571	2431	2278	5145
5	2827	2796	2650	5146
5	2713	2507	2573	5147
5	2671	2664	2615	5148
5	2796	2720	2650	5149
5	2581	2539	2418	5150
5	2582	2446	2574	5151
5	2714	2390	2575	5152
5	2575	2390	2291	5153
5	2714	2575	2576	5154
5	2576	2575	2436	5155
5	2825	2678	2503	5156
5	2803	2695	2637	5157
5	2578	2577	2441	5158
5	2578	2441	2442	5159
5	2580	2444	2443	5160
5	2579	2443	2396	5161
5	2708	2489	2515	5162
5	2689	2543	2669	5163
5	2719	2574	2677	5164
5	2728	2593	2592	5165
5	2582	2581	2447	5166
5	2582	2447	2446	5167
5	2720	2583	2650	5168
5	2720	2696	2520	5169
5	2798	2657	2672	5170
5	2706	2541	2508	5171
5	2586	2407	2451	5172
5	2585	2451	2450	5173
5	2676	2627	2502	5174
5	2800	2759	2646	5175
5	2587	2562	2393	5176
5	2587	2393	2452	5177
5	2723	2588	2453	5178
5	2655	2538	2562	5179
5	2717	2579	2643	5180
5	2852	2726	2793	5181
5	2725	2693	2529	5182
5	2591	2456	2590	5183
5	3178	3143	3015	5184
5	2963	2795	2919	5185
5	2595	2460	2594	5186
5	2594	2449	2593	5187
5	2848	2696	2720	5188
5	2728	2592	2662	5189
5	2778	2733	2647	5190
5	2763	2633	2632	5191
5	2733	2599	2598	5192
5	2731	2595	2594	5193
5	2729	2593	2728	5194
5	2764	2633	2763	5195
5	2597	2592	2458	5196
5	2597	2458	2464	5197
5	2599	2464	2463	5198
5	2599	2597	2464	5199
5	2662	2592	2597	5200
5	2731	2594	2729	5201
5	2724	2589	2570	5202
5	2797	2755	2624	5203
5	2708	2624	2489	5204
5	2737	2601	2736	5205
5	2736	2601	2600	5206
5	2737	2602	2601	5207
5	2735	2600	2557	5208
5	2707	2557	2626	5209
5	2741	2605	2740	5210
5	2613	2478	2477	5211
5	2752	2621	2620	5212
5	2738	2603	2602	5213
5	2743	2607	2742	5214
5	2622	2487	2621	5215
5	2739	2604	2603	5216
5	2753	2622	2621	5217
5	2744	2608	2743	5218
5	2740	2605	2604	5219
5	2745	2610	2609	5220
5	2611	2475	2610	5221
5	2741	2606	2605	5222
5	2746	2611	2610	5223
5	2742	2607	2606	5224
5	2748	2612	2747	5225
5	2743	2608	2607	5226
5	2748	2614	2613	5227
5	2745	2609	2744	5228
5	2621	2487	2486	5229
5	2751	2614	2748	5230
5	2744	2609	2608	5231
5	2615	2556	2482	5232
5	2615	2482	2481	5233
5	2616	2547	2403	5234
5	2616	2403	2484	5235
5	2617	2616	2484	5236
5	2617	2484	2483	5237
5	3020	2893	2898	5238
5	2619	2528	2374	5239
5	2688	2563	2657	5240
5	2721	2681	2584	5241
5	2746	2610	2745	5242
5	2622	2508	2488	5243
5	2747	2612	2611	5244
5	2751	2620	2614	5245
5	2681	2672	2527	5246
5	2706	2508	2679	5247
5	2738	2602	2737	5248
5	2626	2557	2491	5249
5	2624	2623	2490	5250
5	2624	2490	2489	5251
5	2735	2557	2707	5252
5	2707	2626	2692	5253
5	3163	3041	3154	5254
5	3204	3061	3137	5255
5	2628	2554	2493	5256
5	2627	2495	2494	5257
5	2882	2754	2881	5258
5	2901	2769	2792	5259
5	2646	2504	2638	5260
5	2764	2757	2531	5261
5	2951	2799	2804	5262
5	2650	2583	2556	5263
5	2832	2639	2655	5264
5	2633	2499	2632	5265
5	2646	2533	2504	5266
5	2885	2760	2759	5267
5	2759	2533	2646	5268
5	2764	2531	2633	5269
5	2940	2801	2648	5270
5	2637	2438	2501	5271
5	2924	2767	2723	5272
5	2635	2513	2445	5273
5	2636	2578	2442	5274
5	2636	2442	2536	5275
5	2906	2830	2779	5276
5	2651	2567	2568	5277
5	2854	2729	2728	5278
5	2730	2641	2525	5279
5	2709	2370	2564	5280
5	2642	2587	2419	5281
5	2640	2559	2532	5282
5	2784	2697	2768	5283
5	2641	2638	2509	5284
5	2641	2509	2525	5285
5	2639	2523	2538	5286
5	2642	2655	2562	5287
5	2643	2579	2524	5288
5	2670	2643	2524	5289
5	2670	2524	2586	5290
5	3107	2983	3105	5291
5	2645	2640	2532	5292
5	2645	2532	2554	5293
5	2807	2638	2799	5294
5	2759	2629	2533	5295
5	2647	2598	2512	5296
5	2663	2647	2512	5297
5	2659	2550	2380	5298
5	2946	2785	2715	5299
5	2668	2554	2628	5300
5	2676	2502	2649	5301
5	2853	2728	2662	5302
5	2677	2574	2513	5303
5	2695	2536	2537	5304
5	2659	2380	2379	5305
5	2703	2576	2437	5306
5	2810	2654	2652	5307
5	3027	2779	2935	5308
5	2915	2654	2810	5309
5	2702	2560	2561	5310
5	2969	2846	2896	5311
5	2642	2562	2587	5312
5	2847	2719	2677	5313
5	2656	2546	2521	5314
5	2876	2673	2750	5315
5	2688	2656	2521	5316
5	2657	2563	2514	5317
5	2815	2568	2658	5318
5	2658	2568	2367	5319
5	2904	2678	2825	5320
5	2661	2569	2429	5321
5	2938	2837	2702	5322
5	2699	2383	2417	5323
5	2947	2774	2894	5324
5	2818	2551	2678	5325
5	2734	2599	2733	5326
5	2857	2734	2733	5327
5	2671	2506	2665	5328
5	2711	2528	2673	5329
5	2664	2650	2556	5330
5	2664	2556	2615	5331
5	2671	2615	2506	5332
5	2665	2506	2507	5333
5	2817	2549	2699	5334
5	2699	2549	2383	5335
5	2675	2405	2558	5336
5	2756	2558	2625	5337
5	2758	2627	2676	5338
5	2784	2766	2694	5339
5	3133	2952	3050	5340
5	2912	2769	2901	5341
5	2780	2722	2644	5342
5	3061	2930	3026	5343
5	2809	2718	2719	5344
5	2680	2663	2539	5345
5	2672	2657	2514	5346
5	2672	2514	2527	5347
5	2713	2573	2712	5348
5	2712	2573	2572	5349
5	2674	2397	2577	5350
5	2715	2577	2578	5351
5	2756	2625	2754	5352
5	2739	2603	2738	5353
5	2758	2628	2627	5354
5	2889	2763	2762	5355
5	2680	2539	2581	5356
5	2777	2663	2680	5357
5	3027	2906	2779	5358
5	2779	2687	2700	5359
5	2753	2679	2622	5360
5	2752	2620	2751	5361
5	2790	2663	2777	5362
5	2978	2895	2854	5363
5	2710	2541	2706	5364
5	3004	2898	2880	5365
5	2851	2693	2725	5366
5	2986	2852	2793	5367
5	2683	2659	2379	5368
5	2683	2379	2516	5369
5	2938	2702	2838	5370
5	2684	2634	2517	5371
5	2685	2684	2518	5372
5	2685	2518	2440	5373
5	3138	3040	3023	5374
5	2770	2569	2661	5375
5	2687	2686	2519	5376
5	2687	2519	2545	5377
5	2788	2672	2681	5378
5	2921	2836	2916	5379
5	2966	2802	2635	5380
5	2833	2639	2832	5381
5	2750	2618	2749	5382
5	2750	2619	2618	5383
5	2691	2690	2617	5384
5	2691	2617	2546	5385
5	2753	2621	2752	5386
5	2736	2600	2735	5387
5	2754	2566	2693	5388
5	2834	2558	2756	5389
5	2694	2644	2511	5390
5	2694	2511	2542	5391
5	2786	2708	2515	5392
5	2835	2636	2536	5393
5	2802	2513	2635	5394
5	2709	2540	2370	5395
5	2697	2694	2542	5396
5	2697	2542	2559	5397
5	2843	2711	2842	5398
5	2874	2698	2836	5399
5	2812	2417	2666	5400
5	2838	2702	2561	5401
5	2700	2687	2545	5402
5	2700	2545	2569	5403
5	2830	2686	2687	5404
5	2907	2810	2830	5405
5	2838	2561	2701	5406
5	2703	2437	2552	5407
5	3023	2969	2896	5408
5	2714	2553	2390	5409
5	3186	2940	3058	5410
5	2772	2704	2510	5411
5	2923	2658	2534	5412
5	2705	2535	2432	5413
5	2710	2565	2541	5414
5	2721	2565	2710	5415
5	3008	2981	2840	5416
5	2726	2590	2589	5417
5	2862	2736	2861	5418
5	2754	2625	2566	5419
5	2787	2655	2642	5420
5	2850	2723	2540	5421
5	2831	2657	2798	5422
5	2814	2656	2688	5423
5	2849	2789	2721	5424
5	2713	2665	2507	5425
5	2843	2712	2711	5426
5	2922	2790	2920	5427
5	2999	2876	2875	5428
5	2925	2765	2895	5429
5	2839	2553	2714	5430
5	2846	2576	2703	5431
5	2774	2535	2705	5432
5	2772	2510	2675	5433
5	2816	2771	2659	5434
5	3014	2786	2897	5435
5	2717	2669	2580	5436
5	2717	2580	2579	5437
5	2718	2680	2581	5438
5	2718	2581	2582	5439
5	2719	2718	2582	5440
5	2719	2582	2574	5441
5	2874	2749	2698	5442
5	2857	2733	2778	5443
5	3127	3003	3002	5444
5	2877	2751	2748	5445
5	2722	2670	2586	5446
5	2722	2586	2585	5447
5	2924	2787	2767	5448
5	2802	2677	2513	5449
5	2725	2529	2591	5450
5	2828	2794	2682	5451
5	2727	2590	2726	5452
5	2863	2737	2862	5453
5	2727	2591	2590	5454
5	2879	2752	2878	5455
5	2881	2754	2693	5456
5	2740	2604	2739	5457
5	3052	2895	3041	5458
5	2799	2638	2641	5459
5	3140	3050	3055	5460
5	2889	2762	2887	5461
5	2732	2595	2731	5462
5	2732	2596	2595	5463
5	2732	2730	2596	5464
5	2942	2913	2780	5465
5	2888	2792	2757	5466
5	3010	2886	2885	5467
5	2734	2597	2599	5468
5	2734	2662	2597	5469
5	2826	2680	2718	5470
5	2822	2671	2665	5471
5	2913	2821	2780	5472
5	3117	2992	3116	5473
5	2828	2689	2795	5474
5	2852	2727	2726	5475
5	2882	2756	2754	5476
5	2742	2606	2741	5477
5	2928	2883	2755	5478
5	2861	2736	2735	5479
5	2871	2746	2745	5480
5	2863	2738	2737	5481
5	2862	2737	2736	5482
5	2865	2739	2864	5483
5	2864	2739	2738	5484
5	2748	2613	2612	5485
5	2873	2748	2747	5486
5	2868	2742	2867	5487
5	2865	2740	2739	5488
5	2869	2743	2868	5489
5	2866	2741	2740	5490
5	2872	2746	2871	5491
5	2880	2775	2679	5492
5	2747	2611	2746	5493
5	2867	2742	2741	5494
5	2868	2743	2742	5495
5	2877	2748	2873	5496
5	2869	2744	2743	5497
5	2880	2679	2753	5498
5	2870	2745	2744	5499
5	2836	2690	2781	5500
5	2842	2711	2673	5501
5	2970	2843	2842	5502
5	3002	2877	3001	5503
5	2878	2752	2751	5504
5	2872	2747	2746	5505
5	2879	2753	2752	5506
5	3545	3387	3529	5507
5	2798	2672	2788	5508
5	2849	2710	2841	5509
5	2864	2738	2863	5510
5	2797	2624	2708	5511
5	2861	2735	2859	5512
5	2755	2692	2623	5513
5	2774	2716	2535	5514
5	2929	2675	2834	5515
5	2757	2649	2530	5516
5	2757	2530	2531	5517
5	2930	2768	2776	5518
5	3011	2887	2886	5519
5	2760	2630	2629	5520
5	2762	2631	2761	5521
5	2886	2760	2885	5522
5	2885	2759	2800	5523
5	2886	2761	2760	5524
5	2942	2780	2766	5525
5	2884	2676	2769	5526
5	2887	2762	2761	5527
5	2769	2676	2649	5528
5	2911	2805	2823	5529
5	2888	2757	2764	5530
5	2887	2761	2886	5531
5	2765	2731	2729	5532
5	2854	2728	2853	5533
5	3026	2939	3021	5534
5	2952	2807	2891	5535
5	3070	2961	2847	5536
5	2787	2642	2767	5537
5	2784	2694	2697	5538
5	2768	2697	2640	5539
5	2776	2640	2645	5540
5	3079	2933	3074	5541
5	2818	2648	2551	5542
5	3076	2770	2936	5543
5	3156	3060	2953	5544
5	2771	2661	2550	5545
5	2937	2708	2786	5546
5	2786	2515	2667	5547
5	3028	2936	2771	5548
5	2773	2703	2552	5549
5	2785	2674	2577	5550
5	2785	2667	2674	5551
5	2775	2706	2679	5552
5	2880	2753	2879	5553
5	3029	3012	3013	5554
5	3169	3082	3143	5555
5	2845	2665	2713	5556
5	2824	2671	2822	5557
5	2844	2712	2843	5558
5	2960	2920	2777	5559
5	3037	3024	2918	5560
5	2935	2779	2700	5561
5	3207	3074	3204	5562
5	3233	3067	3201	5563
5	2814	2782	2656	5564
5	2998	2874	2921	5565
5	2782	2781	2691	5566
5	2782	2691	2656	5567
5	3047	3008	2883	5568
5	3170	3081	3169	5569
5	2945	2768	2930	5570
5	2913	2905	2821	5571
5	3031	2785	2946	5572
5	2894	2774	2704	5573
5	3032	2834	3006	5574
5	2897	2786	2667	5575
5	2966	2635	2833	5576
5	2850	2540	2709	5577
5	2973	2845	2844	5578
5	2971	2957	2822	5579
5	2789	2788	2681	5580
5	2789	2681	2721	5581
5	2790	2778	2647	5582
5	2790	2647	2663	5583
5	2808	2428	2791	5584
5	2808	2516	2428	5585
5	2792	2769	2649	5586
5	2792	2649	2757	5587
5	2793	2726	2724	5588
5	2820	2717	2783	5589
5	2794	2793	2724	5590
5	2794	2724	2682	5591
5	2828	2682	2689	5592
5	3372	3258	3270	5593
5	2845	2713	2844	5594
5	2847	2809	2719	5595
5	2834	2675	2558	5596
5	2894	2704	2772	5597
5	3127	3002	3126	5598
5	2950	2788	2900	5599
5	3009	2885	2800	5600
5	3009	2800	2952	5601
5	3158	3021	3053	5602
5	2932	2901	2792	5603
5	2835	2536	2695	5604
5	3160	2637	2801	5605
5	2813	2564	2696	5606
5	2848	2720	2796	5607
5	2816	2659	2683	5608
5	2808	2683	2516	5609
5	2804	2799	2641	5610
5	2804	2641	2730	5611
5	2805	2776	2645	5612
5	2805	2645	2668	5613
5	2806	2783	2643	5614
5	2806	2643	2670	5615
5	2807	2800	2646	5616
5	2807	2646	2638	5617
5	2936	2661	2771	5618
5	3174	2929	3032	5619
5	2813	2709	2564	5620
5	2824	2664	2671	5621
5	2829	2684	2811	5622
5	2811	2684	2685	5623
5	2830	2687	2779	5624
5	2825	2503	2634	5625
5	2817	2660	2549	5626
5	2812	2699	2417	5627
5	2832	2655	2787	5628
5	2954	2709	2813	5629
5	2916	2836	2781	5630
5	2999	2875	2998	5631
5	2918	2695	2803	5632
5	2904	2818	2678	5633
5	2909	2791	2651	5634
5	2918	2835	2695	5635
5	3097	2968	2908	5636
5	2819	2660	2817	5637
5	2907	2830	2906	5638
5	3065	2801	2940	5639
5	2819	2701	2548	5640
5	2819	2548	2660	5641
5	2820	2795	2669	5642
5	2820	2669	2717	5643
5	2821	2806	2670	5644
5	2821	2670	2722	5645
5	2827	2664	2824	5646
5	2826	2718	2809	5647
5	2823	2805	2668	5648
5	2823	2668	2758	5649
5	2974	2827	2958	5650
5	2920	2790	2777	5651
5	2959	2829	2811	5652
5	2935	2700	2770	5653
5	3092	3016	2971	5654
5	2826	2777	2680	5655
5	2914	2857	2778	5656
5	2962	2696	2848	5657
5	2919	2820	2899	5658
5	2982	2851	2860	5659
5	3058	2940	2818	5660
5	2829	2634	2684	5661
5	2830	2810	2652	5662
5	2830	2652	2686	5663
5	2831	2814	2688	5664
5	2831	2688	2657	5665
5	2833	2526	2639	5666
5	2833	2635	2526	5667
5	2903	2677	2802	5668
5	3166	3086	2961	5669
5	2859	2707	2840	5670
5	2859	2735	2707	5671
5	2967	2835	2918	5672
5	2967	2636	2835	5673
5	2876	2842	2673	5674
5	2844	2713	2712	5675
5	2837	2811	2653	5676
5	2837	2653	2702	5677
5	3063	2773	2915	5678
5	2968	2819	2908	5679
5	2896	2846	2703	5680
5	2896	2703	2773	5681
5	2866	2740	2865	5682
5	2867	2741	2866	5683
5	2849	2721	2710	5684
5	2841	2710	2706	5685
5	2875	2749	2874	5686
5	2916	2781	2892	5687
5	3101	3051	2972	5688
5	2895	2765	2854	5689
5	2921	2874	2836	5690
5	2957	2824	2822	5691
5	2978	2854	2853	5692
5	3038	2979	2914	5693
5	2846	2839	2714	5694
5	2846	2714	2576	5695
5	2958	2824	2957	5696
5	2961	2960	2826	5697
5	2977	2787	2924	5698
5	3147	2954	3093	5699
5	3148	3080	3141	5700
5	3191	3064	3167	5701
5	3045	2850	2954	5702
5	2924	2723	2850	5703
5	2881	2693	2851	5704
5	3046	2923	2716	5705
5	2860	2727	2852	5706
5	2860	2725	2727	5707
5	2858	2734	2857	5708
5	3068	2998	2921	5709
5	2951	2891	2799	5710
5	2926	2804	2855	5711
5	2855	2804	2730	5712
5	2855	2730	2732	5713
5	2856	2855	2732	5714
5	2856	2732	2731	5715
5	2858	2662	2734	5716
5	2858	2853	2662	5717
5	2958	2827	2824	5718
5	2922	2778	2790	5719
5	2981	2859	2840	5720
5	3047	2883	2928	5721
5	2989	2864	2988	5722
5	2860	2851	2725	5723
5	3005	2881	2851	5724
5	2986	2793	2927	5725
5	2984	2860	2852	5726
5	2919	2795	2820	5727
5	3019	2919	3018	5728
5	2939	2805	2911	5729
5	2983	2861	2859	5730
5	2870	2744	2869	5731
5	2985	2862	2861	5732
5	2992	2867	2991	5733
5	2987	2863	2862	5734
5	2988	2864	2863	5735
5	2996	2872	2871	5736
5	2989	2865	2864	5737
5	2993	2868	2992	5738
5	2990	2866	2865	5739
5	2994	2869	2993	5740
5	2991	2867	2866	5741
5	3004	2879	3003	5742
5	2873	2747	2872	5743
5	2992	2868	2867	5744
5	3003	2879	2878	5745
5	2995	2870	2994	5746
5	2993	2869	2868	5747
5	2994	2870	2869	5748
5	3257	3172	3242	5749
5	2875	2750	2749	5750
5	2876	2750	2875	5751
5	2973	2971	2845	5752
5	2955	2831	2943	5753
5	3256	3154	3226	5754
5	3001	2873	2997	5755
5	2995	2871	2870	5756
5	2997	2873	2872	5757
5	3373	3260	3297	5758
5	3002	2878	2877	5759
5	3004	2880	2879	5760
5	3001	2877	2873	5761
5	3043	2893	3020	5762
5	3244	3242	3124	5763
5	2996	2871	2995	5764
5	3174	3072	2929	5765
5	2883	2692	2755	5766
5	2983	2859	2981	5767
5	2928	2755	2797	5768
5	2990	2865	2989	5769
5	2884	2823	2758	5770
5	2884	2758	2676	5771
5	2931	2889	2887	5772
5	3135	3034	3011	5773
5	3122	2998	3068	5774
5	3041	2895	2978	5775
5	3000	2970	2842	5776
5	2952	2800	2807	5777
5	2890	2763	2889	5778
5	2890	2888	2764	5779
5	2890	2764	2763	5780
5	3026	2930	2939	5781
5	3152	3056	3073	5782
5	3307	3193	3258	5783
5	2891	2807	2799	5784
5	3135	3010	3134	5785
5	2948	2892	2782	5786
5	2948	2782	2814	5787
5	2893	2841	2775	5788
5	3003	2878	3002	5789
5	2923	2534	2716	5790
5	2897	2667	2785	5791
5	2902	2855	2856	5792
5	2926	2855	2902	5793
5	2956	2699	2812	5794
5	3063	2896	2773	5795
5	2988	2863	2987	5796
5	3183	3162	2947	5797
5	2898	2893	2775	5798
5	2898	2775	2880	5799
5	2899	2820	2783	5800
5	2905	2806	2821	5801
5	2976	2849	2975	5802
5	2976	2900	2789	5803
5	3258	3193	3205	5804
5	3013	2889	2931	5805
5	3154	3041	3062	5806
5	3057	2925	3052	5807
5	2960	2777	2826	5808
5	2903	2847	2677	5809
5	3182	2906	3027	5810
5	3156	2953	3035	5811
5	2944	2806	2905	5812
5	2944	2783	2806	5813
5	3098	2968	3097	5814
5	2908	2819	2817	5815
5	2941	2811	2837	5816
5	3017	2810	2907	5817
5	2968	2701	2819	5818
5	2968	2838	2701	5819
5	3028	2771	2816	5820
5	3076	2935	2770	5821
5	2910	2909	2651	5822
5	2910	2651	2815	5823
5	2934	2884	2912	5824
5	2934	2823	2884	5825
5	2934	2911	2823	5826
5	3061	2945	2930	5827
5	3030	2913	2942	5828
5	3292	3132	3168	5829
5	3100	2922	3099	5830
5	2979	2857	2914	5831
5	3063	3023	2896	5832
5	2915	2773	2654	5833
5	3103	2975	3043	5834
5	3080	2950	3025	5835
5	2917	2812	2666	5836
5	2917	2666	2839	5837
5	3037	2918	2803	5838
5	3162	3046	2947	5839
5	2927	2793	2794	5840
5	3019	2963	2919	5841
5	3092	2971	2973	5842
5	2922	2914	2778	5843
5	3243	3122	3157	5844
5	3064	2916	2892	5845
5	2998	2875	2874	5846
5	2972	2843	2970	5847
5	2923	2910	2815	5848
5	2923	2815	2658	5849
5	3099	2920	3091	5850
5	2965	2833	2832	5851
5	2925	2902	2856	5852
5	2925	2856	2765	5853
5	3052	2925	2895	5854
5	2951	2804	2926	5855
5	3151	2937	3014	5856
5	3178	3030	3144	5857
5	3006	2756	2882	5858
5	3014	2937	2786	5859
5	3072	2894	2772	5860
5	2929	2772	2675	5861
5	2933	2766	2784	5862
5	2942	2766	2933	5863
5	2932	2792	2888	5864
5	3053	2911	2934	5865
5	3075	3053	2934	5866
5	3073	3012	3029	5867
5	3467	3356	3466	5868
5	3056	2901	2932	5869
5	3390	3258	3372	5870
5	3053	3021	2911	5871
5	3159	2935	3076	5872
5	2936	2770	2661	5873
5	2940	2648	2818	5874
5	2964	2634	2829	5875
5	3077	2797	2937	5876
5	2937	2797	2708	5877
5	3017	2915	2810	5878
5	3181	3017	2907	5879
5	2939	2930	2776	5880
5	2939	2776	2805	5881
5	3160	2801	3065	5882
5	3058	2818	2904	5883
5	3181	2907	3078	5884
5	2959	2811	2941	5885
5	3135	3011	3010	5886
5	3030	3015	2913	5887
5	3064	2892	3044	5888
5	3260	3141	3149	5889
5	3115	2990	3114	5890
5	2944	2899	2783	5891
5	2945	2933	2784	5892
5	2945	2784	2768	5893
5	3083	2923	3046	5894
5	2947	2716	2774	5895
5	3196	3136	2946	5896
5	3096	2946	2715	5897
5	3172	3051	3101	5898
5	3323	3191	3167	5899
5	2949	2927	2794	5900
5	2949	2794	2828	5901
5	2950	2943	2798	5902
5	2950	2798	2788	5903
5	3374	3261	3315	5904
5	3057	2902	2925	5905
5	3011	2886	3010	5906
5	3010	2885	3009	5907
5	2953	2816	2683	5908
5	2953	2683	2808	5909
5	3093	2813	2962	5910
5	2954	2850	2709	5911
5	2955	2948	2814	5912
5	2955	2814	2831	5913
5	2956	2908	2817	5914
5	2956	2817	2699	5915
5	2973	2844	2972	5916
5	3055	2891	2951	5917
5	2961	2809	2847	5918
5	3102	2958	3090	5919
5	3078	2907	2906	5920
5	3089	2964	2829	5921
5	3087	2962	2848	5922
5	3070	2847	2903	5923
5	2961	2826	2809	5924
5	3286	3173	3263	5925
5	3244	3124	3123	5926
5	2962	2813	2696	5927
5	2963	2949	2828	5928
5	2963	2828	2795	5929
5	3281	3037	3142	5930
5	2964	2825	2634	5931
5	3039	2903	2802	5932
5	3166	2961	3070	5933
5	2966	2833	2965	5934
5	3039	2802	2966	5935
5	3096	2715	2967	5936
5	2967	2715	2578	5937
5	3022	2908	2956	5938
5	3098	2938	2838	5939
5	2969	2917	2839	5940
5	2969	2839	2846	5941
5	2971	2822	2845	5942
5	3090	2958	2957	5943
5	2972	2844	2843	5944
5	3016	2957	2971	5945
5	3091	2960	3086	5946
5	2980	2978	2853	5947
5	2974	2796	2827	5948
5	2974	2848	2796	5949
5	3062	3041	2978	5950
5	3095	3039	2966	5951
5	2976	2789	2849	5952
5	2975	2849	2841	5953
5	3044	2892	2948	5954
5	3103	3033	2976	5955
5	2977	2965	2832	5956
5	2977	2832	2787	5957
5	2980	2858	2979	5958
5	3086	2960	2961	5959
5	2980	2853	2858	5960
5	2979	2858	2857	5961
5	3100	2914	2922	5962
5	3248	3179	3128	5963
5	2985	2861	2983	5964
5	2987	2862	2985	5965
5	3005	2851	2982	5966
5	3007	2881	3005	5967
5	3168	3008	3047	5968
5	2991	2866	2990	5969
5	3129	3005	2982	5970
5	2984	2982	2860	5971
5	3106	2982	2984	5972
5	2997	2872	2996	5973
5	3110	2986	2927	5974
5	2986	2984	2852	5975
5	3018	2919	2899	5976
5	3082	2905	3015	5977
5	3229	3108	3110	5978
5	3331	3204	3259	5979
5	3067	2949	2963	5980
5	3251	3129	3249	5981
5	3109	2987	2985	5982
5	3111	2988	2987	5983
5	3118	2993	3117	5984
5	3113	2989	2988	5985
5	3119	2994	3118	5986
5	3126	3002	3001	5987
5	3114	2990	2989	5988
5	3120	2995	3119	5989
5	3115	2991	2990	5990
5	3128	3004	3003	5991
5	3116	2992	2991	5992
5	3128	3003	3127	5993
5	3117	2993	2992	5994
5	3121	2996	3120	5995
5	3118	2994	2993	5996
5	3128	3048	3004	5997
5	3000	2842	2876	5998
5	3000	2876	2999	5999
5	3241	3121	3120	6000
5	3428	3373	3297	6001
5	3122	2999	2998	6002
5	3062	2978	2980	6003
5	3119	2995	2994	6004
5	3246	3125	3245	6005
5	3121	2997	2996	6006
5	3245	3121	3241	6007
5	3263	3173	3179	6008
5	3120	2996	2995	6009
5	3321	3225	3276	6010
5	3161	3044	3084	6011
5	3132	3105	2981	6012
5	3444	3442	3324	6013
5	3008	2840	2883	6014
5	3175	3006	3130	6015
5	3264	3014	2897	6016
5	3007	2882	2881	6017
5	3109	2985	3107	6018
5	3105	2983	2981	6019
5	3177	3052	3163	6020
5	3254	3133	3253	6021
5	3253	3133	3050	6022
5	3163	3052	3041	6023
5	3054	2931	3034	6024
5	3054	3013	2931	6025
5	3012	2932	2888	6026
5	3012	2888	2890	6027
5	3013	3012	2890	6028
5	3013	2890	2889	6029
5	3130	3006	2882	6030
5	3032	2929	2834	6031
5	3185	3029	3054	6032
5	3180	3137	3026	6033
5	3104	3062	2980	6034
5	3050	2952	2891	6035
5	3036	2956	2812	6036
5	3059	2941	2837	6037
5	3112	2949	3067	6038
5	3112	2927	2949	6039
5	3108	2984	2986	6040
5	3067	2963	3019	6041
5	3247	3127	3126	6042
5	3125	3001	2997	6043
5	3021	2939	2911	6044
5	3075	2912	2901	6045
5	3098	2838	2968	6046
5	3097	2908	3022	6047
5	3036	2812	2917	6048
5	3036	3022	2956	6049
5	3096	2967	3024	6050
5	3024	2967	2918	6051
5	3025	2950	2900	6052
5	3043	2975	2893	6053
5	3200	3018	3170	6054
5	3350	3347	3231	6055
5	3265	3197	3017	6056
5	3266	3078	3182	6057
5	3094	2904	2825	6058
5	3089	2829	2959	6059
5	3034	2931	3011	6060
5	3134	3010	3009	6061
5	3074	2945	3061	6062
5	3074	2933	2945	6063
5	3271	3060	3156	6064
5	3031	2897	2785	6065
5	3376	3309	3162	6066
5	3072	2772	2929	6067
5	3033	3025	2900	6068
5	3033	2900	2976	6069
5	3054	3029	3013	6070
5	3436	3312	3435	6071
5	3186	3065	2940	6072
5	3060	2816	2953	6073
5	3220	3098	3219	6074
5	3040	2969	3023	6075
5	3142	3037	2803	6076
5	3046	2716	2947	6077
5	3051	2973	2972	6078
5	3194	3055	3085	6079
5	3188	2962	3087	6080
5	3045	2924	2850	6081
5	3040	3036	2917	6082
5	3040	2917	2969	6083
5	3092	2973	3051	6084
5	3104	2979	3038	6085
5	3095	2965	3042	6086
5	3042	2965	2977	6087
5	3103	2976	2975	6088
5	3202	3157	3068	6089
5	3084	2955	3049	6090
5	3084	2948	2955	6091
5	3319	3192	3268	6092
5	3482	3372	3417	6093
5	3035	2791	2909	6094
5	3035	2808	2791	6095
5	3130	2882	3007	6096
5	3116	2991	3115	6097
5	3048	3020	2898	6098
5	3048	2898	3004	6099
5	3084	3044	2948	6100
5	3049	2955	2943	6101
5	3133	3009	2952	6102
5	3134	3009	3133	6103
5	3148	3049	3080	6104
5	3124	2970	3000	6105
5	3085	2951	2926	6106
5	3055	3050	2891	6107
5	3075	2934	2912	6108
5	3205	3056	3152	6109
5	3270	3205	3152	6110
5	3255	3176	3135	6111
5	3071	2902	3057	6112
5	3071	2926	2902	6113
5	3395	3316	3289	6114
5	3075	2901	3056	6115
5	3253	3050	3140	6116
5	3085	2926	3071	6117
5	3060	3028	2816	6118
5	3035	2953	2808	6119
5	3219	3097	3218	6120
5	3094	2825	2964	6121
5	3066	2909	2910	6122
5	3376	3162	3183	6123
5	3079	2942	2933	6124
5	3079	3030	2942	6125
5	3101	2972	2970	6126
5	3203	3057	3177	6127
5	3220	3059	2938	6128
5	3218	3097	3022	6129
5	3069	2916	3064	6130
5	3104	2980	2979	6131
5	3159	3027	2935	6132
5	3160	2803	2637	6133
5	3303	3065	3186	6134
5	3199	2909	3066	6135
5	3170	3018	3081	6136
5	3207	3079	3074	6137
5	3214	3051	3172	6138
5	3444	3322	3396	6139
5	3069	3068	2921	6140
5	3069	2921	2916	6141
5	3087	2848	2974	6142
5	3102	2974	2958	6143
5	3410	3268	3273	6144
5	3085	3055	2951	6145
5	3196	2946	3096	6146
5	3275	3028	3060	6147
5	3073	3056	2932	6148
5	3073	2932	3012	6149
5	3316	3144	3289	6150
5	3501	3379	3498	6151
5	3180	3026	3021	6152
5	3556	3446	3436	6153
5	3275	3139	3028	6154
5	3165	3058	2904	6155
5	3206	3047	2928	6156
5	3077	2928	2797	6157
5	3088	2959	2941	6158
5	3195	2941	3059	6159
5	3345	3228	3288	6160
5	3180	3021	3158	6161
5	3080	3049	2943	6162
5	3080	2943	2950	6163
5	3081	3018	2899	6164
5	3081	2899	2944	6165
5	3082	3081	2944	6166
5	3082	2944	2905	6167
5	3083	3066	2910	6168
5	3083	2910	2923	6169
5	3580	3374	3471	6170
5	3364	3246	3363	6171
5	3045	3042	2977	6172
5	3045	2977	2924	6173
5	3091	2920	2960	6174
5	3213	3090	3016	6175
5	3209	3038	3100	6176
5	3093	2954	2813	6177
5	3182	3078	2906	6178
5	3210	3089	2959	6179
5	3210	2959	3088	6180
5	3382	3088	3195	6181
5	3320	3215	3147	6182
5	3344	3224	3213	6183
5	3279	3086	3166	6184
5	3212	3091	3086	6185
5	3311	3167	3161	6186
5	3099	2922	2920	6187
5	3095	2966	2965	6188
5	3211	3087	2974	6189
5	3155	2964	3089	6190
5	3299	3037	3281	6191
5	3282	3221	3212	6192
5	3209	3164	3038	6193
5	3264	3031	3136	6194
5	3151	3077	2937	6195
5	3198	3138	3023	6196
5	3187	3022	3036	6197
5	3198	3023	3063	6198
5	3219	3098	3097	6199
5	3322	3203	3261	6200
5	3100	3038	2914	6201
5	3221	3099	3091	6202
5	3261	3203	3177	6203
5	3123	2999	3122	6204
5	3123	3000	2999	6205
5	3448	3334	3332	6206
5	3146	2903	3039	6207
5	3189	3033	3103	6208
5	3276	3225	3150	6209
5	3202	3068	3069	6210
5	3324	3194	3190	6211
5	3107	2985	2983	6212
5	3114	2989	3113	6213
5	3129	2982	3106	6214
5	3131	3005	3129	6215
5	3111	2987	3109	6216
5	3113	2988	3111	6217
5	3227	3106	3108	6218
5	3108	3106	2984	6219
5	3201	3019	3200	6220
5	3125	2997	3121	6221
5	3238	3117	3237	6222
5	3110	3108	2986	6223
5	3368	3249	3366	6224
5	3317	3180	3158	6225
5	3231	3110	3112	6226
5	3112	3110	2927	6227
5	3201	3067	3019	6228
5	3200	3019	3018	6229
5	3169	3081	3082	6230
5	3406	3346	3347	6231
5	3230	3109	3228	6232
5	3232	3113	3111	6233
5	3237	3116	3236	6234
5	3126	3001	3125	6235
5	3234	3114	3113	6236
5	3239	3118	3238	6237
5	3235	3115	3114	6238
5	3241	3120	3240	6239
5	3236	3116	3115	6240
5	3237	3117	3116	6241
5	3248	3127	3247	6242
5	3238	3118	3117	6243
5	3545	3521	3428	6244
5	3239	3119	3118	6245
5	3244	3123	3243	6246
5	3124	3000	3123	6247
5	3396	3261	3374	6248
5	3124	3101	2970	6249
5	3208	3049	3148	6250
5	3167	3044	3161	6251
5	3246	3126	3125	6252
5	3240	3120	3119	6253
5	3245	3125	3121	6254
5	3399	3311	3262	6255
5	3248	3128	3127	6256
5	3428	3321	3387	6257
5	3150	3043	3020	6258
5	3443	3311	3399	6259
5	3249	3129	3106	6260
5	3283	3151	3014	6261
5	3132	2981	3008	6262
5	3264	2897	3031	6263
5	3661	3548	3506	6264
5	3131	3007	3005	6265
5	3252	3171	3105	6266
5	3295	3130	3250	6267
5	3535	3413	3494	6268
5	3255	3135	3134	6269
5	3416	3293	3378	6270
5	3324	3190	3322	6271
5	3177	3057	3052	6272
5	3194	3085	3190	6273
5	3509	3309	3376	6274
5	3206	2928	3077	6275
5	3137	3061	3026	6276
5	3289	3144	3207	6277
5	3187	3036	3040	6278
5	3187	3040	3138	6279
5	3139	3076	2936	6280
5	3139	2936	3028	6281
5	3194	3140	3055	6282
5	3190	3085	3071	6283
5	3141	3080	3025	6284
5	3262	3161	3208	6285
5	3303	3281	3142	6286
5	3155	3094	2964	6287
5	3143	3082	3015	6288
5	3440	3317	3307	6289
5	3178	3015	3030	6290
5	3144	3030	3079	6291
5	3217	3046	3162	6292
5	3398	3159	3277	6293
5	3226	3104	3164	6294
5	3146	3070	2903	6295
5	3146	3039	3095	6296
5	3147	3045	2954	6297
5	3323	3167	3311	6298
5	3392	3300	3381	6299
5	3149	3141	3025	6300
5	3149	3025	3033	6301
5	3189	3149	3033	6302
5	3225	3043	3150	6303
5	3301	3206	3077	6304
5	3250	3130	3007	6305
5	3556	3436	3551	6306
5	3176	3034	3135	6307
5	3153	3152	3073	6308
5	3153	3073	3029	6309
5	3226	3062	3104	6310
5	3164	3104	3038	6311
5	3302	3094	3155	6312
5	3303	3142	3065	6313
5	3304	3199	3066	6314
5	3305	3156	3199	6315
5	3157	3122	3068	6316
5	3381	3300	3260	6317
5	3874	3769	3765	6318
5	3352	3233	3201	6319
5	3165	2904	3094	6320
5	3393	3266	3182	6321
5	3160	3065	3142	6322
5	3160	3142	2803	6323
5	3167	3064	3044	6324
5	3191	3069	3064	6325
5	3764	3430	3536	6326
5	3217	3083	3046	6327
5	3310	3163	3154	6328
5	3285	3214	3172	6329
5	3215	3042	3147	6330
5	3147	3042	3045	6331
5	3274	3058	3165	6332
5	3333	3155	3089	6333
5	3278	3087	3211	6334
5	3211	2974	3102	6335
5	3362	3245	3241	6336
5	3300	3141	3260	6337
5	3171	3107	3105	6338
5	3168	3132	3008	6339
5	3312	3143	3298	6340
5	3233	3112	3067	6341
5	3397	3259	3296	6342
5	3328	3200	3170	6343
5	3232	3111	3230	6344
5	3230	3111	3109	6345
5	3223	3213	3016	6346
5	3222	3100	3099	6347
5	3173	3150	3020	6348
5	3173	3020	3048	6349
5	3326	3136	3196	6350
5	3183	2947	2894	6351
5	3314	3174	3032	6352
5	3175	3032	3006	6353
5	3185	3153	3029	6354
5	3192	3034	3176	6355
5	3291	3226	3164	6356
5	3520	3396	3484	6357
5	3446	3313	3436	6358
5	3485	3380	3440	6359
5	3179	3173	3048	6360
5	3179	3048	3128	6361
5	3270	3258	3205	6362
5	3370	3253	3294	6363
5	3195	3088	2941	6364
5	3197	2915	3017	6365
5	3418	3275	3060	6366
5	3308	3027	3159	6367
5	3301	3077	3151	6368
5	3283	3014	3264	6369
5	3184	3183	2894	6370
5	3184	2894	3072	6371
5	3440	3307	3390	6372
5	3269	3152	3153	6373
5	3418	3060	3271	6374
5	3337	3145	3217	6375
5	3218	3022	3187	6376
5	3220	2938	3098	6377
5	3320	3093	3188	6378
5	3188	3093	2962	6379
5	3381	3260	3373	6380
5	3311	3161	3262	6381
5	3310	3154	3256	6382
5	3294	3140	3287	6383
5	3474	3364	3363	6384
5	3202	3069	3191	6385
5	3192	3185	3054	6386
5	3192	3054	3034	6387
5	3193	3158	3053	6388
5	3193	3053	3075	6389
5	3315	3177	3163	6390
5	3287	3140	3194	6391
5	3651	3393	3534	6392
5	3400	3078	3266	6393
5	3337	3217	3309	6394
5	3309	3217	3162	6395
5	3198	3063	3197	6396
5	3197	3063	2915	6397
5	3318	3210	3088	6398
5	3265	3017	3181	6399
5	3199	3156	3035	6400
5	3199	3035	2909	6401
5	3313	3170	3169	6402
5	3240	3119	3239	6403
5	3234	3113	3232	6404
5	3228	3109	3107	6405
5	3401	3257	3360	6406
5	3360	3242	3244	6407
5	3203	3190	3071	6408
5	3203	3071	3057	6409
5	3207	3144	3079	6410
5	3204	3074	3061	6411
5	3205	3193	3075	6412
5	3205	3075	3056	6413
5	3250	3007	3131	6414
5	3402	3330	3206	6415
5	3298	3143	3178	6416
5	3317	3158	3307	6417
5	3208	3161	3084	6418
5	3208	3084	3049	6419
5	3486	3411	3447	6420
5	3278	3188	3087	6421
5	3302	3165	3094	6422
5	3487	3266	3393	6423
5	3224	3102	3090	6424
5	3331	3289	3207	6425
5	3221	3091	3212	6426
5	3223	3092	3214	6427
5	3224	3090	3213	6428
5	3335	3102	3224	6429
5	3371	3254	3370	6430
5	3214	3092	3051	6431
5	3215	3146	3095	6432
5	3215	3095	3042	6433
5	3216	3196	3096	6434
5	3216	3096	3024	6435
5	3299	3024	3037	6436
5	3217	3145	3083	6437
5	3340	3059	3220	6438
5	3338	3198	3327	6439
5	3327	3198	3197	6440
5	3338	3138	3198	6441
5	3218	3187	3138	6442
5	3339	3220	3219	6443
5	3222	3099	3221	6444
5	3222	3209	3100	6445
5	3223	3016	3092	6446
5	3280	3243	3157	6447
5	3291	3256	3226	6448
5	3405	3282	3212	6449
5	3342	3221	3282	6450
5	3361	3243	3280	6451
5	3225	3189	3103	6452
5	3225	3103	3043	6453
5	3284	3164	3209	6454
5	3226	3154	3062	6455
5	3228	3107	3171	6456
5	3249	3106	3227	6457
5	3247	3126	3246	6458
5	3351	3232	3348	6459
5	3488	3389	3367	6460
5	3229	3227	3108	6461
5	3236	3115	3235	6462
5	3235	3114	3234	6463
5	3313	3169	3312	6464
5	3231	3229	3110	6465
5	3349	3200	3328	6466
5	3349	3201	3200	6467
5	3353	3234	3351	6468
5	3233	3231	3112	6469
5	3346	3227	3229	6470
5	3478	3366	3476	6471
5	3328	3170	3313	6472
5	3312	3169	3143	6473
5	3348	3232	3230	6474
5	3359	3241	3240	6475
5	3351	3234	3232	6476
5	3357	3238	3356	6477
5	3353	3235	3234	6478
5	3362	3241	3359	6479
5	3354	3236	3235	6480
5	3355	3237	3236	6481
5	3365	3247	3364	6482
5	3356	3238	3237	6483
5	3363	3245	3362	6484
5	3357	3239	3238	6485
5	3242	3172	3101	6486
5	3242	3101	3124	6487
5	3336	3223	3214	6488
5	3243	3123	3122	6489
5	3343	3223	3336	6490
5	3428	3297	3321	6491
5	3358	3240	3239	6492
5	3359	3240	3358	6493
5	3365	3290	3248	6494
5	3363	3246	3245	6495
5	3762	3632	3716	6496
5	3529	3420	3489	6497
5	3491	3385	3407	6498
5	3530	3381	3526	6499
5	3492	3479	3369	6500
5	3292	3252	3132	6501
5	3252	3105	3132	6502
5	3295	3175	3130	6503
5	3593	3388	3496	6504
5	3251	3131	3129	6505
5	3288	3228	3171	6506
5	3369	3288	3171	6507
5	3254	3134	3133	6508
5	3255	3134	3254	6509
5	3371	3255	3254	6510
5	3378	3319	3377	6511
5	3322	3190	3203	6512
5	3416	3269	3293	6513
5	3526	3373	3521	6514
5	3447	3323	3443	6515
5	3403	3279	3166	6516
5	3335	3211	3102	6517
5	3417	3270	3269	6518
5	3270	3152	3269	6519
5	3259	3204	3137	6520
5	3551	3436	3435	6521
5	3297	3260	3149	6522
5	3297	3149	3189	6523
5	3360	3257	3242	6524
5	3495	3386	3481	6525
5	3420	3286	3385	6526
5	3584	3474	3583	6527
5	3364	3247	3246	6528
5	3365	3248	3247	6529
5	3314	3032	3175	6530
5	3511	3409	3330	6531
5	3327	3197	3265	6532
5	3338	3219	3218	6533
5	3419	3139	3275	6534
5	3415	3318	3382	6535
5	3267	3184	3072	6536
5	3267	3072	3174	6537
5	3268	3192	3176	6538
5	3371	3273	3255	6539
5	3800	3705	3768	6540
5	3417	3269	3416	6541
5	3650	3501	3629	6542
5	3553	3440	3390	6543
5	3499	3391	3303	6544
5	3277	3076	3139	6545
5	3272	3262	3208	6546
5	3272	3208	3148	6547
5	3273	3268	3176	6548
5	3273	3176	3255	6549
5	3375	3136	3326	6550
5	3274	3186	3058	6551
5	3419	3275	3418	6552
5	3277	3159	3076	6553
5	3521	3373	3428	6554
5	3387	3321	3276	6555
5	3595	3505	3549	6556
5	3308	3182	3027	6557
5	3343	3213	3223	6558
5	3279	3212	3086	6559
5	3332	3146	3215	6560
5	3334	3070	3146	6561
5	3652	3539	3579	6562
5	3413	3272	3392	6563
5	3547	3274	3430	6564
5	3299	3216	3024	6565
5	3558	3448	3383	6566
5	3341	3209	3222	6567
5	3444	3324	3322	6568
5	3367	3250	3131	6569
5	3285	3172	3257	6570
5	3291	3164	3284	6571
5	3336	3214	3285	6572
5	3344	3213	3343	6573
5	3286	3276	3150	6574
5	3286	3150	3173	6575
5	3294	3253	3140	6576
5	3370	3254	3253	6577
5	3345	3230	3228	6578
5	3355	3236	3354	6579
5	3553	3390	3497	6580
5	3446	3328	3313	6581
5	3290	3263	3179	6582
5	3290	3179	3248	6583
5	3425	3257	3401	6584
5	3502	3425	3401	6585
5	3366	3249	3227	6586
5	3503	3292	3409	6587
5	3293	3269	3153	6588
5	3293	3153	3185	6589
5	3456	3344	3343	6590
5	3412	3256	3291	6591
5	3375	3264	3136	6592
5	3519	3437	3314	6593
5	3296	3259	3137	6594
5	3296	3137	3180	6595
5	3438	3256	3412	6596
5	3589	3481	3480	6597
5	3669	3497	3596	6598
5	3397	3296	3380	6599
5	3304	3066	3145	6600
5	3325	3196	3216	6601
5	3300	3272	3148	6602
5	3300	3148	3141	6603
5	3330	3047	3206	6604
5	3330	3168	3047	6605
5	3431	3304	3394	6606
5	3536	3302	3404	6607
5	3735	3656	3542	6608
5	3487	3415	3266	6609
5	3305	3271	3156	6610
5	3305	3199	3304	6611
5	3500	3281	3391	6612
5	3431	3305	3304	6613
5	3306	3280	3157	6614
5	3306	3157	3202	6615
5	3317	3296	3180	6616
5	3307	3158	3193	6617
5	3441	3210	3318	6618
5	3382	3195	3340	6619
5	3483	3325	3433	6620
5	3506	3431	3394	6621
5	3315	3261	3177	6622
5	3315	3163	3310	6623
5	3329	3202	3191	6624
5	3329	3191	3323	6625
5	3628	3533	3594	6626
5	3423	3331	3379	6627
5	3435	3298	3429	6628
5	3429	3316	3395	6629
5	3414	3184	3267	6630
5	3437	3174	3314	6631
5	3481	3370	3480	6632
5	3538	3386	3495	6633
5	3316	3298	3178	6634
5	3316	3178	3144	6635
5	3497	3372	3482	6636
5	3378	3293	3319	6637
5	3441	3333	3210	6638
5	3333	3089	3210	6639
5	3319	3293	3185	6640
5	3319	3185	3192	6641
5	3320	3147	3093	6642
5	3331	3207	3204	6643
5	3321	3297	3189	6644
5	3321	3189	3225	6645
5	3324	3287	3194	6646
5	3447	3411	3329	6647
5	3507	3454	3450	6648
5	3329	3306	3202	6649
5	3396	3322	3261	6650
5	3527	3447	3443	6651
5	3326	3196	3325	6652
5	3388	3301	3151	6653
5	3801	3711	3601	6654
5	3388	3151	3283	6655
5	3340	3195	3059	6656
5	3338	3218	3138	6657
5	3435	3312	3298	6658
5	3358	3239	3357	6659
5	3392	3272	3300	6660
5	3599	3563	3507	6661
5	3737	3633	3493	6662
5	3367	3131	3251	6663
5	3515	3279	3403	6664
5	3332	3215	3320	6665
5	3334	3146	3332	6666
5	3334	3166	3070	6667
5	3404	3155	3333	6668
5	3393	3182	3308	6669
5	3403	3166	3334	6670
5	3448	3403	3334	6671
5	3448	3332	3383	6672
5	3449	3211	3335	6673
5	3471	3315	3310	6674
5	3616	3405	3515	6675
5	3524	3506	3394	6676
5	3391	3281	3303	6677
5	3340	3220	3339	6678
5	3339	3219	3338	6679
5	3452	3327	3265	6680
5	3400	3265	3181	6681
5	3400	3181	3078	6682
5	3382	3318	3088	6683
5	3453	3424	3284	6684
5	3341	3284	3209	6685
5	3342	3341	3222	6686
5	3342	3222	3221	6687
5	3450	3336	3285	6688
5	3425	3285	3257	6689
5	3454	3343	3336	6690
5	3597	3513	3560	6691
5	3348	3230	3345	6692
5	3356	3237	3355	6693
5	3476	3366	3346	6694
5	3366	3227	3346	6695
5	3347	3346	3229	6696
5	3347	3229	3231	6697
5	3736	3592	3626	6698
5	3354	3235	3353	6699
5	3352	3201	3349	6700
5	3350	3231	3233	6701
5	3474	3363	3473	6702
5	3461	3458	3350	6703
5	3458	3347	3350	6704
5	3459	3351	3348	6705
5	3458	3406	3347	6706
5	3352	3350	3233	6707
5	3565	3384	3457	6708
5	3460	3352	3349	6709
5	3463	3328	3446	6710
5	3429	3298	3316	6711
5	3436	3313	3312	6712
5	3462	3351	3459	6713
5	3462	3353	3351	6714
5	3464	3354	3353	6715
5	3582	3473	3472	6716
5	3465	3355	3354	6717
5	3473	3362	3472	6718
5	3466	3356	3355	6719
5	3475	3364	3474	6720
5	3467	3357	3356	6721
5	3411	3306	3329	6722
5	3510	3401	3470	6723
5	3361	3360	3244	6724
5	3361	3244	3243	6725
5	3472	3359	3469	6726
5	3468	3358	3357	6727
5	3469	3359	3358	6728
5	3475	3408	3365	6729
5	3473	3363	3362	6730
5	3983	3911	3982	6731
5	3699	3606	3641	6732
5	3472	3362	3359	6733
5	3479	3457	3288	6734
5	3426	3252	3292	6735
5	3369	3171	3252	6736
5	3711	3492	3601	6737
5	3704	3488	3608	6738
5	3368	3251	3249	6739
5	3476	3346	3406	6740
5	3384	3348	3345	6741
5	3481	3386	3371	6742
5	3480	3370	3294	6743
5	3696	3544	3657	6744
5	3410	3273	3386	6745
5	3417	3372	3270	6746
5	3481	3371	3370	6747
5	3491	3407	3490	6748
5	3602	3490	3517	6749
5	3438	3310	3256	6750
5	3741	3522	3616	6751
5	3552	3414	3267	6752
5	3434	3337	3309	6753
5	3524	3394	3337	6754
5	3493	3376	3414	6755
5	3377	3319	3268	6756
5	3386	3273	3371	6757
5	3518	3442	3444	6758
5	3544	3442	3518	6759
5	3379	3331	3259	6760
5	3629	3498	3628	6761
5	3397	3379	3259	6762
5	3380	3296	3317	6763
5	3951	3855	3927	6764
5	3603	3521	3545	6765
5	3452	3339	3338	6766
5	3452	3265	3400	6767
5	3902	3706	3813	6768
5	3383	3188	3278	6769
5	3466	3355	3465	6770
5	3468	3357	3467	6771
5	3385	3286	3263	6772
5	3475	3365	3364	6773
5	3410	3377	3268	6774
5	3703	3594	3610	6775
5	3494	3413	3392	6776
5	3742	3659	3707	6777
5	3402	3301	3388	6778
5	3402	3206	3301	6779
5	3389	3295	3250	6780
5	3389	3250	3367	6781
5	3440	3380	3317	6782
5	3390	3307	3258	6783
5	3433	3216	3299	6784
5	3433	3325	3216	6785
5	3648	3530	3526	6786
5	3526	3381	3373	6787
5	3404	3302	3155	6788
5	3531	3404	3333	6789
5	3394	3304	3145	6790
5	3394	3145	3337	6791
5	3550	3429	3546	6792
5	3533	3380	3485	6793
5	3427	3294	3287	6794
5	3480	3294	3427	6795
5	3498	3379	3397	6796
5	3546	3395	3532	6797
5	3534	3393	3308	6798
5	3398	3308	3159	6799
5	3743	3728	3604	6800
5	3627	3490	3602	6801
5	3452	3340	3339	6802
5	3452	3338	3327	6803
5	3421	3306	3411	6804
5	3607	3518	3520	6805
5	3409	3292	3168	6806
5	3409	3168	3330	6807
5	3451	3342	3282	6808
5	3405	3212	3279	6809
5	3432	3305	3431	6810
5	3764	3547	3430	6811
5	3422	3335	3224	6812
5	3422	3224	3344	6813
5	3569	3459	3516	6814
5	3457	3345	3288	6815
5	3407	3385	3263	6816
5	3407	3263	3290	6817
5	3408	3407	3290	6818
5	3408	3290	3365	6819
5	3704	3600	3488	6820
5	3426	3369	3252	6821
5	4003	3938	3984	6822
5	3609	3528	3538	6823
5	3439	3361	3280	6824
5	3504	3439	3421	6825
5	3421	3280	3306	6826
5	3470	3360	3361	6827
5	3413	3399	3262	6828
5	3413	3262	3272	6829
5	3414	3376	3183	6830
5	3414	3183	3184	6831
5	3415	3382	3400	6832
5	3415	3400	3266	6833
5	3540	3416	3378	6834
5	3610	3594	3485	6835
5	3667	3551	3550	6836
5	3692	3623	3584	6837
5	3542	3277	3419	6838
5	3419	3277	3139	6839
5	3430	3165	3302	6840
5	3505	3419	3418	6841
5	3420	3387	3276	6842
5	3420	3276	3286	6843
5	3705	3605	3655	6844
5	3688	3543	3604	6845
5	3455	3341	3342	6846
5	3512	3403	3448	6847
5	3423	3395	3289	6848
5	3423	3289	3331	6849
5	3424	3412	3291	6850
5	3424	3291	3284	6851
5	3450	3285	3425	6852
5	3522	3451	3282	6853
5	3477	3367	3251	6854
5	3477	3251	3368	6855
5	3543	3411	3486	6856
5	3804	3721	3790	6857
5	3936	3817	3812	6858
5	3794	3692	3691	6859
5	3532	3423	3501	6860
5	3463	3349	3328	6861
5	3499	3303	3186	6862
5	3430	3274	3165	6863
5	3432	3271	3305	6864
5	3432	3418	3271	6865
5	3500	3299	3281	6866
5	3547	3499	3186	6867
5	3524	3337	3434	6868
5	3555	3375	3326	6869
5	3600	3523	3389	6870
5	3375	3283	3264	6871
5	3754	3628	3753	6872
5	3501	3423	3379	6873
5	3551	3435	3550	6874
5	3532	3395	3423	6875
5	3631	3402	3593	6876
5	3437	3267	3174	6877
5	3439	3280	3421	6878
5	3471	3310	3438	6879
5	3470	3361	3439	6880
5	3470	3401	3360	6881
5	3541	3417	3416	6882
5	3645	3528	3609	6883
5	3554	3318	3415	6884
5	3591	3531	3441	6885
5	3442	3427	3287	6886
5	3442	3287	3324	6887
5	3447	3329	3323	6888
5	3443	3323	3311	6889
5	3519	3314	3175	6890
5	3511	3330	3402	6891
5	3708	3615	3555	6892
5	3445	3326	3325	6893
5	3572	3446	3556	6894
5	3469	3358	3468	6895
5	3383	3332	3320	6896
5	3383	3320	3188	6897
5	3449	3278	3211	6898
5	3598	3561	3456	6899
5	3558	3278	3449	6900
5	3558	3383	3278	6901
5	3559	3450	3425	6902
5	3515	3403	3512	6903
5	3455	3342	3451	6904
5	3453	3284	3341	6905
5	3452	3400	3382	6906
5	3452	3382	3340	6907
5	3454	3336	3450	6908
5	3559	3425	3502	6909
5	3456	3343	3454	6910
5	3741	3616	3701	6911
5	3709	3561	3598	6912
5	3455	3453	3341	6913
5	3736	3707	3592	6914
5	3580	3471	3539	6915
5	3573	3464	3571	6916
5	3457	3384	3345	6917
5	3459	3348	3384	6918
5	3516	3459	3384	6919
5	3464	3353	3462	6920
5	3465	3354	3464	6921
5	3461	3352	3460	6922
5	3461	3350	3352	6923
5	3805	3755	3635	6924
5	3537	3476	3406	6925
5	3618	3537	3566	6926
5	3583	3473	3582	6927
5	3666	3516	3619	6928
5	3463	3460	3349	6929
5	3569	3462	3459	6930
5	3567	3461	3460	6931
5	3806	3608	3745	6932
5	3546	3429	3395	6933
5	3550	3435	3429	6934
5	3904	3711	3801	6935
5	3571	3464	3462	6936
5	3573	3465	3464	6937
5	3584	3517	3475	6938
5	3574	3466	3465	6939
5	3692	3583	3691	6940
5	3575	3467	3466	6941
5	3604	3543	3486	6942
5	3530	3392	3381	6943
5	3589	3480	3588	6944
5	3471	3374	3315	6945
5	3690	3582	3581	6946
5	3576	3468	3467	6947
5	3582	3472	3581	6948
5	3577	3469	3468	6949
5	3583	3474	3473	6950
5	3626	3489	3491	6951
5	3581	3472	3469	6952
5	3584	3475	3474	6953
5	3585	3368	3478	6954
5	3488	3367	3477	6955
5	3479	3288	3369	6956
5	3503	3426	3292	6957
5	3600	3389	3488	6958
5	3478	3368	3366	6959
5	3492	3369	3426	6960
5	3570	3460	3463	6961
5	3513	3412	3424	6962
5	3541	3416	3540	6963
5	3525	3378	3377	6964
5	3654	3540	3525	6965
5	3541	3482	3417	6966
5	3540	3378	3525	6967
5	3624	3445	3483	6968
5	3483	3445	3325	6969
5	3484	3396	3374	6970
5	3580	3484	3374	6971
5	3753	3594	3703	6972
5	3768	3655	3654	6973
5	3766	3687	3652	6974
5	3527	3486	3447	6975
5	3542	3398	3277	6976
5	3554	3441	3318	6977
5	3519	3175	3295	6978
5	3555	3326	3445	6979
5	3489	3420	3385	6980
5	3788	3686	3653	6981
5	3491	3489	3385	6982
5	3490	3407	3408	6983
5	3626	3592	3489	6984
5	3934	3836	3897	6985
5	3608	3477	3585	6986
5	3586	3476	3537	6987
5	3509	3434	3309	6988
5	3509	3376	3493	6989
5	3508	3443	3399	6990
5	3527	3443	3508	6991
5	3589	3495	3481	6992
5	3588	3427	3544	6993
5	3496	3388	3283	6994
5	3496	3283	3375	6995
5	3553	3485	3440	6996
5	3497	3390	3372	6997
5	3747	3610	3669	6998
5	3660	3532	3650	6999
5	3548	3432	3431	7000
5	3549	3432	3548	7001
5	3514	3299	3500	7002
5	3514	3433	3299	7003
5	3610	3485	3553	7004
5	3747	3703	3610	7005
5	3578	3439	3504	7006
5	3612	3507	3559	7007
5	4010	3835	3944	7008
5	3585	3477	3368	7009
5	3578	3470	3439	7010
5	3510	3502	3401	7011
5	3531	3333	3441	7012
5	3534	3308	3398	7013
5	3549	3505	3418	7014
5	3548	3431	3506	7015
5	3563	3456	3454	7016
5	3579	3412	3513	7017
5	3648	3526	3646	7018
5	3898	3808	3868	7019
5	3633	3509	3493	7020
5	3643	3524	3434	7021
5	3539	3471	3438	7022
5	3564	3455	3451	7023
5	3608	3488	3477	7024
5	3805	3635	3733	7025
5	3616	3522	3405	7026
5	3515	3405	3279	7027
5	3716	3606	3699	7028
5	3653	3578	3504	7029
5	3644	3506	3524	7030
5	3590	3483	3433	7031
5	3563	3454	3507	7032
5	3522	3282	3405	7033
5	3574	3465	3573	7034
5	3572	3463	3446	7035
5	3517	3490	3408	7036
5	3517	3408	3475	7037
5	3544	3427	3442	7038
5	3588	3480	3427	7039
5	3640	3437	3519	7040
5	3552	3267	3437	7041
5	3520	3518	3444	7042
5	3520	3444	3396	7043
5	3530	3494	3392	7044
5	3808	3715	3762	7045
5	3557	3335	3422	7046
5	3642	3422	3561	7047
5	3523	3519	3295	7048
5	3523	3295	3389	7049
5	3644	3524	3643	7050
5	3590	3433	3514	7051
5	3799	3696	3717	7052
5	3654	3525	3645	7053
5	4029	3898	4020	7054
5	3817	3752	3718	7055
5	3657	3518	3607	7056
5	3767	3645	3761	7057
5	3528	3525	3377	7058
5	3528	3377	3410	7059
5	3545	3428	3387	7060
5	3529	3387	3420	7061
5	3659	3529	3592	7062
5	3606	3535	3494	7063
5	3649	3404	3531	7064
5	3536	3430	3302	7065
5	3655	3541	3540	7066
5	3628	3498	3533	7067
5	3533	3498	3397	7068
5	3533	3397	3380	7069
5	3554	3415	3487	7070
5	3670	3554	3487	7071
5	3535	3508	3399	7072
5	3535	3399	3413	7073
5	3649	3536	3404	7074
5	3547	3186	3274	7075
5	3621	3479	3492	7076
5	3587	3565	3457	7077
5	3538	3528	3410	7078
5	3538	3410	3386	7079
5	3696	3588	3544	7080
5	3638	3513	3597	7081
5	3719	3605	3705	7082
5	3645	3525	3528	7083
5	3869	3754	3864	7084
5	3655	3605	3541	7085
5	3651	3487	3393	7086
5	3656	3398	3542	7087
5	3543	3504	3421	7088
5	3543	3421	3411	7089
5	4118	4026	4045	7090
5	3854	3743	3847	7091
5	3646	3521	3603	7092
5	3715	3625	3647	7093
5	3665	3550	3546	7094
5	3629	3501	3498	7095
5	3723	3651	3656	7096
5	3549	3418	3432	7097
5	3671	3445	3624	7098
5	3724	3639	3662	7099
5	3749	3624	3483	7100
5	3842	3771	3664	7101
5	3667	3550	3665	7102
5	3694	3537	3618	7103
5	3665	3546	3660	7104
5	3650	3532	3501	7105
5	3613	3493	3414	7106
5	3593	3402	3388	7107
5	3655	3540	3654	7108
5	3769	3660	3650	7109
5	3649	3531	3591	7110
5	3591	3441	3554	7111
5	3634	3434	3509	7112
5	3708	3555	3671	7113
5	3780	3727	3622	7114
5	3905	3731	3826	7115
5	3672	3449	3557	7116
5	3557	3449	3335	7117
5	3672	3558	3449	7118
5	3558	3512	3448	7119
5	3673	3597	3560	7120
5	3559	3507	3450	7121
5	3560	3513	3424	7122
5	3560	3424	3453	7123
5	3561	3422	3344	7124
5	3561	3344	3456	7125
5	3562	3560	3453	7126
5	3562	3453	3455	7127
5	3598	3456	3563	7128
5	3675	3562	3564	7129
5	3702	3653	3688	7130
5	3564	3562	3455	7131
5	3568	3461	3567	7132
5	3565	3516	3384	7133
5	3566	3537	3406	7134
5	3566	3406	3458	7135
5	3568	3458	3461	7136
5	3568	3566	3458	7137
5	3581	3469	3577	7138
5	4076	3991	3925	7139
5	3571	3462	3569	7140
5	3577	3468	3576	7141
5	3679	3571	3622	7142
5	3570	3567	3460	7143
5	3576	3467	3575	7144
5	3575	3466	3574	7145
5	3677	3620	3567	7146
5	3572	3570	3463	7147
5	3620	3568	3567	7148
5	3676	3568	3620	7149
5	3826	3731	3692	7150
5	3676	3618	3566	7151
5	3681	3573	3679	7152
5	3689	3577	3685	7153
5	3679	3573	3571	7154
5	3681	3574	3573	7155
5	3691	3582	3690	7156
5	3683	3575	3574	7157
5	3612	3599	3507	7158
5	3578	3510	3470	7159
5	3579	3539	3438	7160
5	3579	3438	3412	7161
5	4110	4019	4075	7162
5	3730	3609	3614	7163
5	3812	3718	3732	7164
5	3684	3576	3575	7165
5	3690	3581	3689	7166
5	3685	3577	3576	7167
5	3846	3732	3731	7168
5	3691	3583	3582	7169
5	4063	3981	3987	7170
5	3732	3623	3731	7171
5	3587	3457	3479	7172
5	3750	3668	3523	7173
5	3711	3621	3492	7174
5	3586	3478	3476	7175
5	3700	3587	3621	7176
5	3695	3619	3565	7177
5	4034	3924	4003	7178
5	3658	3614	3495	7179
5	3625	3604	3486	7180
5	3732	3602	3623	7181
5	3726	3595	3663	7182
5	3671	3555	3445	7183
5	3735	3542	3419	7184
5	3735	3419	3505	7185
5	3592	3529	3489	7186
5	3936	3812	3935	7187
5	3850	3633	3737	7188
5	3901	3805	3733	7189
5	3594	3533	3485	7190
5	3765	3629	3754	7191
5	3663	3548	3661	7192
5	3661	3506	3644	7193
5	3596	3497	3482	7194
5	3820	3719	3705	7195
5	3790	3687	3766	7196
5	3638	3579	3513	7197
5	3740	3675	3564	7198
5	3675	3673	3562	7199
5	4064	3999	4030	7200
5	3740	3564	3674	7201
5	3750	3523	3600	7202
5	3613	3414	3552	7203
5	3601	3492	3426	7204
5	3601	3426	3503	7205
5	3689	3581	3577	7206
5	3692	3584	3583	7207
5	3836	3742	3802	7208
5	3710	3646	3603	7209
5	3763	3646	3710	7210
5	3817	3718	3812	7211
5	3605	3596	3482	7212
5	3605	3482	3541	7213
5	3625	3486	3527	7214
5	3632	3535	3606	7215
5	3687	3539	3652	7216
5	3762	3647	3632	7217
5	3745	3585	3693	7218
5	3621	3587	3479	7219
5	3790	3721	3617	7220
5	3657	3544	3518	7221
5	3875	3769	3874	7222
5	3747	3669	3713	7223
5	3611	3607	3520	7224
5	3611	3520	3484	7225
5	3788	3653	3702	7226
5	3673	3560	3562	7227
5	3615	3375	3555	7228
5	3749	3483	3590	7229
5	3614	3609	3538	7230
5	3614	3538	3495	7231
5	3816	3671	3751	7232
5	3615	3496	3375	7233
5	3672	3512	3558	7234
5	3741	3674	3522	7235
5	3617	3611	3484	7236
5	3617	3484	3580	7237
5	3622	3571	3569	7238
5	3619	3516	3565	7239
5	3660	3546	3532	7240
5	3676	3566	3568	7241
5	3682	3551	3667	7242
5	3680	3572	3556	7243
5	3693	3585	3478	7244
5	3693	3478	3586	7245
5	3683	3574	3681	7246
5	3677	3567	3570	7247
5	3623	3602	3517	7248
5	3623	3517	3584	7249
5	3815	3600	3704	7250
5	3816	3708	3671	7251
5	3647	3508	3632	7252
5	3647	3527	3508	7253
5	3752	3627	3718	7254
5	3931	3802	3834	7255
5	3627	3626	3491	7256
5	3627	3491	3490	7257
5	3785	3682	3667	7258
5	4065	3833	3912	7259
5	3713	3669	3596	7260
5	3753	3628	3594	7261
5	3630	3612	3559	7262
5	3630	3559	3502	7263
5	3904	3837	3711	7264
5	3631	3511	3402	7265
5	3647	3625	3527	7266
5	3632	3508	3535	7267
5	3634	3509	3633	7268
5	3663	3549	3548	7269
5	3848	3822	3774	7270
5	3643	3434	3634	7271
5	3635	3503	3409	7272
5	3635	3409	3511	7273
5	3636	3616	3515	7274
5	3636	3515	3512	7275
5	3637	3630	3502	7276
5	3637	3502	3510	7277
5	3652	3579	3638	7278
5	3687	3580	3539	7279
5	3639	3590	3514	7280
5	3639	3514	3500	7281
5	3757	3640	3668	7282
5	3640	3552	3437	7283
5	3641	3606	3494	7284
5	3641	3494	3530	7285
5	3642	3636	3557	7286
5	3642	3557	3422	7287
5	3758	3643	3634	7288
5	3770	3724	3725	7289
5	3821	3749	3759	7290
5	3835	3593	3814	7291
5	3838	3719	3820	7292
5	3768	3654	3767	7293
5	3648	3641	3530	7294
5	3646	3526	3521	7295
5	3819	3746	3798	7296
5	3734	3720	3607	7297
5	3722	3699	3641	7298
5	3761	3609	3730	7299
5	3841	3664	3499	7300
5	3774	3649	3591	7301
5	3773	3665	3772	7302
5	3772	3660	3769	7303
5	3670	3487	3651	7304
5	3670	3591	3554	7305
5	3686	3510	3578	7306
5	3738	3630	3637	7307
5	3686	3578	3653	7308
5	3686	3637	3510	7309
5	3761	3645	3609	7310
5	4065	3903	3833	7311
5	3829	3730	3746	7312
5	3820	3705	3800	7313
5	3656	3651	3534	7314
5	3656	3534	3398	7315
5	3658	3495	3589	7316
5	3734	3611	3721	7317
5	3697	3588	3696	7318
5	3697	3589	3588	7319
5	3659	3603	3545	7320
5	3659	3545	3529	7321
5	3863	3753	3703	7322
5	3754	3629	3628	7323
5	3759	3639	3724	7324
5	3968	3883	3917	7325
5	3662	3639	3500	7326
5	3662	3500	3391	7327
5	3723	3670	3651	7328
5	3663	3595	3549	7329
5	3664	3662	3391	7330
5	3664	3391	3499	7331
5	4150	4066	4134	7332
5	3682	3556	3551	7333
5	3666	3622	3569	7334
5	3666	3569	3516	7335
5	3765	3650	3629	7336
5	3772	3665	3660	7337
5	3668	3640	3519	7338
5	3668	3519	3523	7339
5	3669	3610	3553	7340
5	3669	3553	3497	7341
5	3906	3841	3764	7342
5	3774	3591	3670	7343
5	3835	3733	3631	7344
5	3737	3493	3613	7345
5	3672	3557	3636	7346
5	3672	3636	3512	7347
5	3776	3597	3673	7348
5	3775	3599	3612	7349
5	3674	3564	3451	7350
5	3674	3451	3522	7351
5	3813	3675	3740	7352
5	3852	3741	3701	7353
5	3729	3618	3676	7354
5	3778	3666	3619	7355
5	3783	3680	3682	7356
5	3779	3712	3677	7357
5	3678	3677	3570	7358
5	3678	3570	3572	7359
5	3685	3576	3684	7360
5	3684	3575	3683	7361
5	3779	3677	3678	7362
5	3680	3678	3572	7363
5	3712	3620	3677	7364
5	3773	3667	3665	7365
5	3785	3667	3773	7366
5	3682	3680	3556	7367
5	3782	3679	3727	7368
5	3794	3691	3793	7369
5	3826	3692	3794	7370
5	3769	3650	3765	7371
5	3926	3831	3907	7372
5	3784	3683	3681	7373
5	3706	3673	3675	7374
5	3714	3637	3686	7375
5	3748	3630	3738	7376
5	3687	3617	3580	7377
5	3688	3653	3504	7378
5	3688	3504	3543	7379
5	3792	3689	3791	7380
5	3786	3684	3683	7381
5	3793	3691	3690	7382
5	3787	3685	3684	7383
5	3846	3812	3732	7384
5	3793	3690	3792	7385
5	3791	3689	3685	7386
5	3792	3690	3689	7387
5	3695	3565	3587	7388
5	3992	3827	3929	7389
5	3827	3693	3795	7390
5	3694	3586	3537	7391
5	3700	3695	3587	7392
5	3777	3620	3712	7393
5	3697	3658	3589	7394
5	3932	3828	3839	7395
5	3873	3800	3768	7396
5	3890	3728	3854	7397
5	3735	3505	3698	7398
5	3698	3505	3595	7399
5	4254	4211	4214	7400
5	3722	3641	3648	7401
5	3825	3782	3727	7402
5	3796	3618	3729	7403
5	3701	3616	3636	7404
5	3701	3636	3642	7405
5	3909	3800	3873	7406
5	3829	3746	3819	7407
5	3833	3703	3747	7408
5	3767	3654	3645	7409
5	3745	3608	3585	7410
5	3994	3801	3933	7411
5	3768	3705	3655	7412
5	3872	3761	3867	7413
5	3748	3612	3630	7414
5	3789	3638	3744	7415
5	3707	3659	3592	7416
5	3840	3763	3807	7417
5	3814	3496	3615	7418
5	4077	3988	3910	7419
5	3709	3701	3642	7420
5	3709	3642	3561	7421
5	3943	3849	3913	7422
5	3807	3763	3710	7423
5	3801	3601	3755	7424
5	3910	3815	3704	7425
5	3797	3619	3695	7426
5	3727	3679	3622	7427
5	3873	3768	3767	7428
5	3912	3833	3857	7429
5	3738	3637	3714	7430
5	3775	3612	3748	7431
5	3743	3625	3715	7432
5	3728	3688	3604	7433
5	3762	3715	3647	7434
5	3716	3632	3606	7435
5	3717	3696	3657	7436
5	3721	3611	3617	7437
5	3718	3627	3602	7438
5	3993	3948	3945	7439
5	3719	3713	3596	7440
5	3719	3596	3605	7441
5	3720	3717	3657	7442
5	3720	3657	3607	7443
5	3734	3607	3611	7444
5	3847	3743	3715	7445
5	3834	3802	3707	7446
5	4162	4138	4087	7447
5	3764	3536	3649	7448
5	3774	3670	3723	7449
5	3771	3662	3664	7450
5	3725	3663	3661	7451
5	3841	3547	3764	7452
5	3726	3663	3725	7453
5	3771	3724	3662	7454
5	3841	3499	3547	7455
5	3786	3683	3784	7456
5	3784	3681	3782	7457
5	3790	3617	3687	7458
5	3728	3702	3688	7459
5	3843	3695	3700	7460
5	3881	3777	3712	7461
5	3854	3728	3743	7462
5	3867	3730	3829	7463
5	3732	3718	3602	7464
5	3731	3623	3692	7465
5	4134	4066	4107	7466
5	3834	3707	3736	7467
5	3733	3635	3511	7468
5	3733	3511	3631	7469
5	3743	3604	3625	7470
5	3923	3871	3890	7471
5	3971	3886	3876	7472
5	3848	3656	3735	7473
5	3849	3752	3817	7474
5	3936	3913	3817	7475
5	3756	3634	3633	7476
5	3850	3756	3633	7477
5	3744	3638	3597	7478
5	3859	3775	3748	7479
5	3739	3598	3563	7480
5	3739	3563	3599	7481
5	3824	3823	3740	7482
5	3852	3740	3674	7483
5	3852	3701	3709	7484
5	3824	3598	3739	7485
5	3742	3710	3603	7486
5	3742	3603	3659	7487
5	3982	3934	3981	7488
5	3889	3766	3870	7489
5	3856	3789	3744	7490
5	3832	3798	3799	7491
5	3827	3745	3693	7492
5	3796	3694	3618	7493
5	3746	3730	3614	7494
5	3746	3614	3658	7495
5	3950	3838	3924	7496
5	3966	3881	3926	7497
5	3945	3847	3808	7498
5	3858	3748	3738	7499
5	3770	3661	3644	7500
5	3760	3643	3758	7501
5	3757	3552	3640	7502
5	3988	3815	3910	7503
5	3751	3671	3624	7504
5	3821	3818	3862	7505
5	3752	3736	3626	7506
5	3752	3626	3627	7507
5	4245	4197	4147	7508
5	3857	3747	3713	7509
5	4073	4038	3954	7510
5	3857	3713	3838	7511
5	3755	3601	3503	7512
5	3755	3503	3635	7513
5	3760	3644	3643	7514
5	3758	3634	3756	7515
5	3865	3613	3757	7516
5	3757	3613	3552	7517
5	3962	3875	3874	7518
5	3818	3760	3758	7519
5	3759	3749	3590	7520
5	3759	3590	3639	7521
5	3770	3644	3760	7522
5	3770	3725	3661	7523
5	3960	3867	3956	7524
5	3945	3808	3898	7525
5	3868	3716	3809	7526
5	3974	3804	3889	7527
5	3763	3722	3648	7528
5	3763	3648	3646	7529
5	4047	3968	4018	7530
5	3810	3595	3726	7531
5	3864	3753	3863	7532
5	3864	3754	3753	7533
5	3922	3775	3859	7534
5	3989	3803	3902	7535
5	3872	3767	3761	7536
5	3938	3800	3909	7537
5	3960	3872	3867	7538
5	3990	3920	3958	7539
5	3883	3782	3825	7540
5	3874	3765	3869	7541
5	3821	3760	3818	7542
5	3770	3759	3724	7543
5	3771	3726	3725	7544
5	3771	3725	3724	7545
5	4016	3962	4001	7546
5	3869	3765	3754	7547
5	3886	3773	3876	7548
5	3782	3681	3679	7549
5	3848	3774	3723	7550
5	3822	3649	3774	7551
5	3776	3673	3706	7552
5	3813	3706	3675	7553
5	3871	3788	3702	7554
5	3776	3744	3597	7555
5	3777	3729	3676	7556
5	3777	3676	3620	7557
5	3925	3896	3797	7558
5	3780	3666	3778	7559
5	3831	3712	3779	7560
5	3780	3622	3666	7561
5	3970	3885	3968	7562
5	3844	3729	3777	7563
5	3781	3779	3678	7564
5	3781	3678	3680	7565
5	3791	3685	3787	7566
5	3787	3684	3786	7567
5	3905	3846	3731	7568
5	3783	3781	3680	7569
5	3879	3779	3781	7570
5	3876	3773	3772	7571
5	3886	3785	3773	7572
5	3785	3783	3682	7573
5	4045	3894	3978	7574
5	3875	3772	3769	7575
5	3879	3831	3779	7576
5	3876	3772	3875	7577
5	3952	3859	3858	7578
5	3788	3714	3686	7579
5	3789	3766	3652	7580
5	3789	3652	3638	7581
5	3828	3717	3720	7582
5	3853	3734	3721	7583
5	3887	3786	3885	7584
5	3885	3786	3784	7585
5	3928	3905	3826	7586
5	3887	3787	3786	7587
5	3891	3791	3787	7588
5	3892	3791	3891	7589
5	3928	3826	3794	7590
5	4189	4079	4135	7591
5	3795	3693	3586	7592
5	3795	3586	3694	7593
5	3797	3778	3619	7594
5	3979	3895	3844	7595
5	4124	4039	4051	7596
5	3895	3729	3844	7597
5	3798	3746	3658	7598
5	3798	3658	3697	7599
5	3799	3798	3697	7600
5	3799	3697	3696	7601
5	3873	3767	3872	7602
5	3867	3761	3730	7603
5	4070	3908	4012	7604
5	3815	3750	3600	7605
5	3802	3742	3707	7606
5	4086	3981	4063	7607
5	3877	3744	3776	7608
5	3803	3776	3706	7609
5	4050	3972	3997	7610
5	3868	3762	3716	7611
5	3806	3704	3608	7612
5	4071	3904	3994	7613
5	3843	3797	3695	7614
5	3910	3704	3806	7615
5	4028	3931	3943	7616
5	3921	3830	3900	7617
5	3847	3715	3808	7618
5	3855	3738	3714	7619
5	3868	3808	3762	7620
5	3809	3716	3699	7621
5	3822	3764	3649	7622
5	3810	3698	3595	7623
5	3811	3795	3694	7624
5	3811	3694	3796	7625
5	4135	4079	4118	7626
5	3935	3812	3846	7627
5	3851	3599	3775	7628
5	3922	3851	3775	7629
5	3814	3615	3708	7630
5	3894	3793	3893	7631
5	3901	3733	3835	7632
5	3835	3631	3593	7633
5	3861	3757	3668	7634
5	3865	3757	3861	7635
5	4000	3913	3999	7636
5	3931	3897	3802	7637
5	4033	4008	3952	7638
5	3866	3862	3818	7639
5	3942	3845	3918	7640
5	3853	3721	3804	7641
5	4072	3984	4005	7642
5	4259	4217	4198	7643
5	3862	3624	3749	7644
5	3821	3862	3749	7645
5	3860	3668	3750	7646
5	3814	3593	3496	7647
5	3823	3813	3740	7648
5	3824	3739	3823	7649
5	3852	3674	3741	7650
5	3824	3740	3852	7651
5	3883	3784	3782	7652
5	3885	3784	3883	7653
5	3893	3792	3892	7654
5	3892	3792	3791	7655
5	3994	3904	3801	7656
5	4077	3995	4067	7657
5	3832	3819	3798	7658
5	3845	3717	3828	7659
5	3956	3829	3940	7660
5	3937	3819	3832	7661
5	3830	3809	3699	7662
5	3830	3699	3722	7663
5	3908	3843	3700	7664
5	3996	3929	3811	7665
5	4052	3997	3923	7666
5	4029	3993	3945	7667
5	3838	3713	3719	7668
5	3950	3857	3838	7669
5	3999	3913	3936	7670
5	4000	3943	3913	7671
5	3944	3814	3899	7672
5	3861	3668	3860	7673
5	3836	3807	3710	7674
5	3836	3710	3742	7675
5	3837	3700	3621	7676
5	3837	3621	3711	7677
5	3857	3833	3747	7678
5	4038	3990	3958	7679
5	3839	3828	3720	7680
5	3839	3720	3734	7681
5	3840	3830	3722	7682
5	3840	3722	3763	7683
5	3842	3726	3771	7684
5	3842	3664	3841	7685
5	4001	3962	3920	7686
5	3842	3810	3726	7687
5	3895	3796	3729	7688
5	3878	3727	3780	7689
5	3878	3825	3727	7690
5	3881	3712	3831	7691
5	3845	3832	3799	7692
5	3845	3799	3717	7693
5	3893	3793	3792	7694
5	3894	3794	3793	7695
5	3918	3845	3828	7696
5	3858	3738	3855	7697
5	3848	3723	3656	7698
5	3848	3735	3698	7699
5	3849	3834	3736	7700
5	3849	3736	3752	7701
5	3953	3866	3946	7702
5	3866	3751	3862	7703
5	3851	3823	3739	7704
5	3851	3739	3599	7705
5	3824	3852	3709	7706
5	3824	3709	3598	7707
5	3932	3918	3828	7708
5	3853	3839	3734	7709
5	3921	3809	3830	7710
5	4139	4088	4110	7711
5	3870	3766	3789	7712
5	3859	3748	3858	7713
5	3870	3789	3856	7714
5	3889	3790	3766	7715
5	4004	3954	3863	7716
5	3958	3920	3869	7717
5	3951	3858	3855	7718
5	3963	3877	3914	7719
5	3877	3776	3803	7720
5	3902	3803	3706	7721
5	3899	3708	3816	7722
5	3865	3737	3613	7723
5	3944	3835	3814	7724
5	3946	3866	3756	7725
5	4035	4033	3951	7726
5	3862	3751	3624	7727
5	4286	4209	4136	7728
5	4100	4006	4034	7729
5	4073	3954	4004	7730
5	4126	4047	4084	7731
5	4002	3850	3955	7732
5	3955	3865	3861	7733
5	3866	3818	3758	7734
5	3866	3758	3756	7735
5	3961	3909	3873	7736
5	4169	4099	4098	7737
5	3923	3890	3916	7738
5	3916	3890	3854	7739
5	4001	3920	3990	7740
5	4023	3966	3926	7741
5	3888	3714	3788	7742
5	3927	3855	3888	7743
5	3888	3788	3871	7744
5	3888	3855	3714	7745
5	3940	3829	3819	7746
5	3961	3873	3872	7747
5	4190	4142	4161	7748
5	4006	3912	3950	7749
5	3821	3759	3770	7750
5	3821	3770	3760	7751
5	4007	3964	3967	7752
5	3971	3876	3915	7753
5	3906	3848	3698	7754
5	3906	3698	3810	7755
5	4241	4189	4135	7756
5	3877	3856	3744	7757
5	3896	3778	3797	7758
5	3884	3783	3785	7759
5	3964	3879	3882	7760
5	3907	3831	3879	7761
5	3880	3878	3780	7762
5	3880	3780	3778	7763
5	3926	3881	3831	7764
5	3881	3844	3777	7765
5	3882	3879	3781	7766
5	3882	3781	3783	7767
5	3928	3794	3894	7768
5	3891	3787	3887	7769
5	3965	3917	3825	7770
5	3884	3882	3783	7771
5	3917	3883	3825	7772
5	3966	3844	3881	7773
5	3962	3874	3920	7774
5	3886	3884	3785	7775
5	3958	3864	3954	7776
5	3978	3893	3977	7777
5	4008	3963	3914	7778
5	3914	3877	3803	7779
5	3948	3854	3847	7780
5	3889	3804	3790	7781
5	3890	3871	3702	7782
5	3890	3702	3728	7783
5	4057	3978	3977	7784
5	4432	4401	4332	7785
5	3970	3887	3885	7786
5	3975	3887	3970	7787
5	3975	3891	3887	7788
5	3976	3891	3975	7789
5	3976	3892	3891	7790
5	3977	3893	3892	7791
5	3896	3880	3778	7792
5	3996	3811	3941	7793
5	3925	3797	3843	7794
5	4044	3907	4009	7795
5	3897	3836	3802	7796
5	4141	4062	4094	7797
5	3983	3900	3911	7798
5	3900	3830	3840	7799
5	4011	3861	3860	7800
5	3899	3814	3708	7801
5	3957	3898	3868	7802
5	3957	3809	3921	7803
5	4102	4011	4010	7804
5	3988	3919	3815	7805
5	4099	4003	4098	7806
5	4400	4393	4341	7807
5	3903	3863	3703	7808
5	3903	3703	3833	7809
5	3908	3700	3837	7810
5	4139	4110	4137	7811
5	4060	4030	3935	7812
5	3978	3894	3893	7813
5	4013	3816	3953	7814
5	3946	3756	3850	7815
5	3969	3884	3886	7816
5	4004	3863	3903	7817
5	4092	3939	3992	7818
5	4070	4069	4014	7819
5	3961	3872	3960	7820
5	3956	3867	3829	7821
5	4077	3910	3995	7822
5	3919	3750	3815	7823
5	3911	3900	3840	7824
5	3911	3840	3807	7825
5	3924	3838	3820	7826
5	4040	3956	4036	7827
5	3913	3849	3817	7828
5	4028	3987	3931	7829
5	3972	3888	3871	7830
5	3972	3871	3923	7831
5	3915	3876	3875	7832
5	4170	4096	4167	7833
5	3940	3819	3937	7834
5	4296	4245	4147	7835
5	4104	4045	3978	7836
5	3968	3885	3883	7837
5	3957	3868	3809	7838
5	4029	3945	3898	7839
5	4010	3901	3835	7840
5	3919	3860	3750	7841
5	3962	3915	3875	7842
5	3920	3874	3869	7843
5	3982	3911	3934	7844
5	4019	3900	3983	7845
5	3989	3914	3803	7846
5	3922	3823	3851	7847
5	3973	3856	3963	7848
5	4025	3948	3993	7849
5	3950	3912	3857	7850
5	4240	4159	4201	7851
5	3979	3844	3966	7852
5	4094	4017	3998	7853
5	3930	3878	3880	7854
5	4044	3926	3907	7855
5	4051	3959	4042	7856
5	4049	3963	4008	7857
5	4289	4144	4242	7858
5	4045	4026	3928	7859
5	3929	3827	3795	7860
5	3929	3795	3811	7861
5	4009	3964	4007	7862
5	3965	3878	3930	7863
5	4095	3999	4064	7864
5	4150	4063	4066	7865
5	3974	3889	3959	7866
5	4025	3916	3948	7867
5	3933	3801	3755	7868
5	3933	3755	3805	7869
5	3934	3911	3807	7870
5	3934	3807	3836	7871
5	3902	3813	3823	7872
5	3902	3823	3922	7873
5	4258	4173	4192	7874
5	4028	3943	4000	7875
5	3998	3918	3932	7876
5	4031	3937	3942	7877
5	3938	3924	3820	7878
5	3938	3820	3800	7879
5	3939	3806	3745	7880
5	3939	3745	3827	7881
5	4017	3918	3998	7882
5	4017	3942	3918	7883
5	3941	3811	3796	7884
5	3941	3796	3895	7885
5	3942	3937	3832	7886
5	3942	3832	3845	7887
5	3943	3931	3834	7888
5	3943	3834	3849	7889
5	3906	3810	3842	7890
5	3906	3842	3841	7891
5	4122	4035	4050	7892
5	3948	3847	3945	7893
5	3955	3737	3865	7894
5	4097	4013	4002	7895
5	3947	3932	3839	7896
5	3947	3839	3853	7897
5	3959	3889	3870	7898
5	3948	3916	3854	7899
5	3949	3947	3853	7900
5	3949	3853	3804	7901
5	4003	3924	3938	7902
5	4333	4291	4251	7903
5	3963	3856	3877	7904
5	3952	3858	3951	7905
5	4039	3949	3974	7906
5	3989	3952	3914	7907
5	3953	3816	3751	7908
5	3953	3751	3866	7909
5	3958	3869	3864	7910
5	3954	3864	3863	7911
5	4033	3952	3951	7912
5	3955	3850	3737	7913
5	4036	3940	4032	7914
5	4032	3940	3937	7915
5	4037	3921	4019	7916
5	3997	3972	3923	7917
5	4056	3976	4055	7918
5	4054	3971	3915	7919
5	3974	3949	3804	7920
5	4153	4073	4004	7921
5	4098	3984	4072	7922
5	4040	3960	3956	7923
5	4041	3961	3960	7924
5	4041	3960	4040	7925
5	3906	3764	3822	7926
5	3906	3822	3848	7927
5	3973	3959	3870	7928
5	4050	4035	3927	7929
5	3965	3825	3878	7930
5	3964	3907	3879	7931
5	4082	3979	4058	7932
5	4009	3907	3964	7933
5	3980	3880	3896	7934
5	4092	3994	3995	7935
5	3967	3964	3882	7936
5	3967	3882	3884	7937
5	4045	3928	3894	7938
5	3977	3892	3976	7939
5	4046	3967	3969	7940
5	3969	3967	3884	7941
5	4172	4105	4155	7942
5	4016	3915	3962	7943
5	4127	4048	4054	7944
5	3971	3969	3886	7945
5	3973	3870	3856	7946
5	3972	3927	3888	7947
5	4085	3993	4078	7948
5	4008	3914	3952	7949
5	4050	3927	3972	7950
5	4041	4005	3961	7951
5	4048	3969	3971	7952
5	4288	4252	4189	7953
5	4038	3958	3954	7954
5	4129	4054	4016	7955
5	4053	3975	3970	7956
5	4055	3975	4053	7957
5	4055	3976	3975	7958
5	4189	4160	4079	7959
5	3980	3930	3880	7960
5	3991	3896	3925	7961
5	3991	3980	3896	7962
5	4058	3966	4023	7963
5	3981	3934	3897	7964
5	4307	4204	4246	7965
5	4094	4062	4017	7966
5	4087	4075	3983	7967
5	4216	4150	4194	7968
5	4107	4000	4095	7969
5	3984	3938	3909	7970
5	4036	3956	3940	7971
5	3985	3935	3846	7972
5	3985	3846	3905	7973
5	3986	3933	3805	7974
5	4101	3988	4015	7975
5	3987	3981	3897	7976
5	3987	3897	3931	7977
5	4101	4011	3988	7978
5	4015	3805	3901	7979
5	4229	4174	4166	7980
5	4089	4027	4083	7981
5	4096	4001	3990	7982
5	4090	3990	4038	7983
5	4105	4091	4009	7984
5	4076	4014	4069	7985
5	4075	4019	3983	7986
5	3992	3939	3827	7987
5	4039	4024	3949	7988
5	4114	4025	4085	7989
5	4175	4112	4111	7990
5	4067	3933	3986	7991
5	3995	3910	3806	7992
5	3995	3806	3939	7993
5	4092	4071	3994	7994
5	4058	3979	3966	7995
5	4032	3937	4031	7996
5	4031	3942	4017	7997
5	4264	4230	4243	7998
5	4426	4330	4397	7999
5	4118	4045	4104	8000
5	4060	3935	3985	8001
5	4173	4134	4107	8002
5	4503	4402	4401	8003
5	4096	3990	4090	8004
5	4220	4155	4202	8005
5	4102	4013	4097	8006
5	4011	3919	3988	8007
5	4168	4098	4072	8008
5	4244	4218	4231	8009
5	4100	4034	4099	8010
5	4253	4167	4224	8011
5	4005	3984	3909	8012
5	4005	3909	3961	8013
5	4098	4003	3984	8014
5	4099	4034	4003	8015
5	3989	3902	3922	8016
5	4087	3982	4086	8017
5	4042	3959	3973	8018
5	4287	4251	4197	8019
5	4018	3968	3917	8020
5	4057	3977	4056	8021
5	4101	4010	4011	8022
5	4011	3860	3919	8023
5	4097	3861	4011	8024
5	4013	3899	3816	8025
5	4012	3908	3837	8026
5	4012	3837	3904	8027
5	4013	3944	3899	8028
5	4035	3951	3927	8029
5	4014	3925	3843	8030
5	4014	3843	3908	8031
5	4077	4015	3988	8032
5	4015	3986	3805	8033
5	4253	4227	4167	8034
5	4104	3978	4057	8035
5	4019	3921	3900	8036
5	4108	4029	4020	8037
5	4047	3970	3968	8038
5	4054	3915	4016	8039
5	4020	3898	3957	8040
5	4078	3993	4029	8041
5	3989	3922	3859	8042
5	3989	3859	3952	8043
5	4021	3998	3932	8044
5	4021	3932	3947	8045
5	4022	3941	3895	8046
5	4022	3895	3979	8047
5	4140	4119	4120	8048
5	4059	3930	3980	8049
5	4024	4021	3947	8050
5	4024	3947	3949	8051
5	4149	4114	4085	8052
5	4052	3916	4025	8053
5	4026	3985	3905	8054
5	4026	3905	3928	8055
5	4027	4018	3917	8056
5	4027	3917	3965	8057
5	4199	4137	4138	8058
5	4152	4063	4150	8059
5	4391	4294	4291	8060
5	4151	4081	4116	8061
5	4030	3999	3936	8062
5	4030	3936	3935	8063
5	4062	4031	4017	8064
5	4173	4107	4095	8065
5	4125	4113	3997	8066
5	4116	4081	4041	8067
5	4002	3946	3850	8068
5	4102	4097	4011	8069
5	4034	4006	3950	8070
5	4034	3950	3924	8071
5	4002	4013	3953	8072
5	4002	3953	3946	8073
5	4115	4036	4112	8074
5	4112	4032	4111	8075
5	4037	4020	3957	8076
5	4037	3957	3921	8077
5	4153	4004	4065	8078
5	4287	4197	4245	8079
5	4124	4051	4123	8080
5	4109	4021	4093	8081
5	4166	4108	4088	8082
5	4154	4081	4151	8083
5	4116	4041	4040	8084
5	4116	4040	4115	8085
5	4051	3974	3959	8086
5	4051	4039	3974	8087
5	4043	4027	3965	8088
5	4043	3965	3930	8089
5	4132	4023	4117	8090
5	4044	4023	3926	8091
5	4158	4030	4060	8092
5	4056	3977	3976	8093
5	4148	4126	4084	8094
5	4046	4007	3967	8095
5	4118	4079	4026	8096
5	4053	3970	4047	8097
5	4103	4001	4096	8098
5	4048	4046	3969	8099
5	4049	4042	3973	8100
5	4049	3973	3963	8101
5	4080	4008	4033	8102
5	4121	4049	4080	8103
5	4080	4033	4035	8104
5	4052	3923	3916	8105
5	4085	4025	3993	8106
5	4123	4051	4042	8107
5	4156	4057	4131	8108
5	4103	4016	4001	8109
5	4126	4053	4047	8110
5	4054	4048	3971	8111
5	4091	4044	4009	8112
5	4129	4016	4103	8113
5	4201	4068	4146	8114
5	4163	4090	4038	8115
5	4212	4202	4140	8116
5	4209	4131	4136	8117
5	4059	4043	3930	8118
5	4132	4058	4023	8119
5	4074	3980	3991	8120
5	4117	4023	4044	8121
5	4185	4104	4156	8122
5	4298	4241	4256	8123
5	4071	4012	3904	8124
5	4061	3992	3929	8125
5	4545	4493	4475	8126
5	4111	4032	4031	8127
5	4290	4260	4278	8128
5	4107	4028	4000	8129
5	4367	4300	4271	8130
5	4198	4153	4159	8131
5	4240	4198	4159	8132
5	4065	4004	3903	8133
5	4066	4063	3987	8134
5	4066	3987	4028	8135
5	4067	3995	3994	8136
5	4067	3994	3933	8137
5	4068	4065	3912	8138
5	4068	3912	4006	8139
5	4069	3996	3941	8140
5	4074	4059	3980	8141
5	4092	3995	3939	8142
5	4070	4012	4061	8143
5	4070	4014	3908	8144
5	4061	3929	3996	8145
5	4111	4031	4062	8146
5	4115	4040	4036	8147
5	4163	4038	4073	8148
5	4239	4187	4238	8149
5	4074	3991	4082	8150
5	4362	4313	4312	8151
5	4071	3992	4061	8152
5	4071	4061	4012	8153
5	4082	4022	3979	8154
5	4076	4082	3991	8155
5	4077	4067	3986	8156
5	4077	3986	4015	8157
5	4069	3941	4022	8158
5	4076	3925	4014	8159
5	4160	3985	4079	8160
5	4079	3985	4026	8161
5	4080	4049	4008	8162
5	4397	4330	4331	8163
5	4081	4072	4005	8164
5	4081	4005	4041	8165
5	4076	4069	4022	8166
5	4076	4022	4082	8167
5	4083	4027	4043	8168
5	4133	4059	4132	8169
5	4131	4056	4130	8170
5	4084	4047	4018	8171
5	4093	4021	4024	8172
5	4165	4094	4109	8173
5	4087	3983	3982	8174
5	4086	3982	3981	8175
5	4335	4290	4324	8176
5	4143	4062	4141	8177
5	4108	4020	4088	8178
5	4088	4020	4037	8179
5	4089	4084	4018	8180
5	4089	4018	4027	8181
5	4184	4140	4120	8182
5	4168	4072	4154	8183
5	4105	4009	4007	8184
5	4117	4044	4091	8185
5	4177	4115	4112	8186
5	4092	3992	4071	8187
5	4070	4061	3996	8188
5	4070	3996	4069	8189
5	4247	4199	4210	8190
5	4162	4087	4086	8191
5	4107	4066	4028	8192
5	4095	4000	3999	8193
5	4205	4188	4170	8194
5	4184	4120	4127	8195
5	4097	4002	3955	8196
5	4097	3955	3861	8197
5	4177	4112	4175	8198
5	4154	4072	4081	8199
5	4200	4147	4099	8200
5	4296	4147	4200	8201
5	4113	4050	3997	8202
5	4122	4050	4113	8203
5	4101	4015	3901	8204
5	4101	3901	4010	8205
5	4102	4010	3944	8206
5	4102	3944	4013	8207
5	4156	4104	4057	8208
5	4128	4055	4053	8209
5	4130	4055	4128	8210
5	4130	4056	4055	8211
5	4172	4091	4105	8212
5	4145	4084	4089	8213
5	4106	4093	4024	8214
5	4106	4024	4039	8215
5	4258	4203	4173	8216
5	4303	4281	4265	8217
5	4215	4181	4149	8218
5	4108	4078	4029	8219
5	4109	4094	3998	8220
5	4109	3998	4021	8221
5	4110	4088	4037	8222
5	4110	4037	4019	8223
5	4112	4036	4032	8224
5	4200	4099	4169	8225
5	4230	4142	4190	8226
5	4180	4106	4124	8227
5	4121	4042	4049	8228
5	4182	4124	4123	8229
5	4125	4052	4114	8230
5	4114	4052	4025	8231
5	4248	4200	4169	8232
5	4143	4111	4062	8233
5	4248	4169	4226	8234
5	4533	4508	4525	8235
5	4179	4091	4172	8236
5	4133	4132	4117	8237
5	4131	4057	4056	8238
5	4158	4064	4030	8239
5	4119	4105	4007	8240
5	4119	4007	4046	8241
5	4120	4119	4046	8242
5	4120	4046	4048	8243
5	4123	4042	4121	8244
5	4142	4109	4093	8245
5	4122	4121	4080	8246
5	4122	4080	4035	8247
5	4176	4122	4113	8248
5	4124	4106	4039	8249
5	4125	3997	4052	8250
5	4181	4114	4149	8251
5	4180	4161	4106	8252
5	4176	4121	4122	8253
5	4256	4241	4135	8254
5	4128	4053	4126	8255
5	4227	4170	4167	8256
5	4127	4120	4048	8257
5	4332	4258	4289	8258
5	4333	4251	4287	8259
5	4155	4105	4119	8260
5	4129	4127	4054	8261
5	4224	4167	4090	8262
5	4221	4188	4205	8263
5	4074	4082	4058	8264
5	4132	4074	4058	8265
5	4133	4043	4059	8266
5	4132	4059	4074	8267
5	4179	4172	4171	8268
5	4133	4083	4043	8269
5	4288	4189	4241	8270
5	4379	4346	4288	8271
5	4209	4193	4156	8272
5	4155	4119	4140	8273
5	4136	4131	4130	8274
5	4187	4128	4157	8275
5	4137	4110	4075	8276
5	4450	4403	4393	8277
5	4138	4137	4075	8278
5	4138	4075	4087	8279
5	4178	4116	4115	8280
5	4235	4183	4181	8281
5	4212	4140	4184	8282
5	4157	4128	4126	8283
5	4175	4111	4143	8284
5	4232	4175	4191	8285
5	4165	4109	4142	8286
5	4165	4141	4094	8287
5	4207	4164	4206	8288
5	4233	4231	4178	8289
5	4144	4095	4064	8290
5	4399	4332	4289	8291
5	4148	4084	4145	8292
5	4251	4146	4197	8293
5	4146	4068	4006	8294
5	4146	4006	4100	8295
5	4147	4100	4099	8296
5	4169	4098	4168	8297
5	4157	4126	4148	8298
5	4187	4130	4128	8299
5	4266	4207	4206	8300
5	4161	4093	4106	8301
5	4152	4086	4063	8302
5	4162	4086	4152	8303
5	4178	4115	4177	8304
5	4348	4296	4248	8305
5	4278	4222	4216	8306
5	4338	4324	4261	8307
5	4201	4159	4068	8308
5	4170	4103	4096	8309
5	4291	4240	4201	8310
5	4225	4154	4218	8311
5	4228	4145	4171	8312
5	4171	4089	4083	8313
5	4185	4118	4104	8314
5	4185	4135	4118	8315
5	4188	4103	4170	8316
5	4237	4212	4184	8317
5	4208	4148	4196	8318
5	4252	4160	4189	8319
5	4159	4153	4065	8320
5	4159	4065	4068	8321
5	4252	4060	4160	8322
5	4160	4060	3985	8323
5	4174	4078	4108	8324
5	4161	4142	4093	8325
5	4402	4343	4401	8326
5	4222	4152	4216	8327
5	4217	4073	4153	8328
5	4294	4240	4291	8329
5	4164	4149	4085	8330
5	4164	4085	4078	8331
5	4214	4137	4199	8332
5	4166	4088	4139	8333
5	4174	4108	4166	8334
5	4174	4164	4078	8335
5	4167	4096	4090	8336
5	4346	4252	4288	8337
5	4339	4302	4325	8338
5	4233	4177	4232	8339
5	4283	4232	4250	8340
5	4226	4169	4168	8341
5	4238	4187	4157	8342
5	4208	4157	4148	8343
5	4391	4291	4376	8344
5	4171	4145	4089	8345
5	4179	4171	4083	8346
5	4188	4129	4103	8347
5	4418	4392	4354	8348
5	4444	4384	4344	8349
5	4235	4181	4215	8350
5	4207	4149	4164	8351
5	4378	4295	4345	8352
5	4178	4151	4116	8353
5	4182	4180	4124	8354
5	4181	4125	4114	8355
5	4279	4218	4244	8356
5	4340	4297	4316	8357
5	4206	4164	4174	8358
5	4281	4229	4265	8359
5	4188	4186	4129	8360
5	4179	4117	4091	8361
5	4182	4123	4176	8362
5	4176	4123	4121	8363
5	4183	4125	4181	8364
5	4183	4113	4125	8365
5	4183	4176	4113	8366
5	4215	4149	4207	8367
5	4234	4180	4182	8368
5	4236	4234	4182	8369
5	4202	4155	4140	8370
5	4196	4148	4145	8371
5	4307	4242	4204	8372
5	4256	4185	4193	8373
5	4186	4184	4127	8374
5	4186	4127	4129	8375
5	4237	4186	4221	8376
5	4187	4136	4130	8377
5	4179	4083	4133	8378
5	4179	4133	4117	8379
5	4372	4256	4300	8380
5	4242	4144	4204	8381
5	4222	4162	4152	8382
5	4350	4314	4323	8383
5	4191	4175	4143	8384
5	4213	4143	4141	8385
5	4192	4173	4095	8386
5	4192	4095	4144	8387
5	4193	4185	4156	8388
5	4379	4377	4346	8389
5	4194	4150	4134	8390
5	4399	4336	4383	8391
5	4195	4190	4161	8392
5	4195	4161	4180	8393
5	4407	4349	4305	8394
5	4209	4156	4131	8395
5	4197	4146	4100	8396
5	4197	4100	4147	8397
5	4217	4163	4073	8398
5	4217	4153	4198	8399
5	4282	4244	4231	8400
5	4437	4394	4405	8401
5	4225	4168	4154	8402
5	4226	4168	4225	8403
5	4375	4287	4330	8404
5	4291	4201	4251	8405
5	4228	4196	4145	8406
5	4219	4171	4172	8407
5	4262	4134	4203	8408
5	4203	4134	4173	8409
5	4204	4144	4064	8410
5	4204	4064	4158	8411
5	4380	4319	4349	8412
5	4263	4217	4259	8413
5	4283	4282	4233	8414
5	4265	4229	4211	8415
5	4255	4213	4223	8416
5	4371	4326	4309	8417
5	4270	4205	4249	8418
5	4299	4284	4268	8419
5	4321	4270	4319	8420
5	4410	4298	4372	8421
5	4210	4199	4138	8422
5	4210	4138	4162	8423
5	4229	4166	4211	8424
5	4211	4166	4139	8425
5	4284	4237	4268	8426
5	4269	4238	4208	8427
5	4243	4230	4190	8428
5	4213	4191	4143	8429
5	4214	4211	4139	8430
5	4214	4139	4137	8431
5	4278	4216	4261	8432
5	4276	4195	4234	8433
5	4222	4210	4162	8434
5	4216	4152	4150	8435
5	4227	4205	4170	8436
5	4224	4090	4163	8437
5	4218	4154	4151	8438
5	4232	4177	4175	8439
5	4277	4196	4228	8440
5	4228	4171	4219	8441
5	4220	4219	4172	8442
5	4220	4172	4155	8443
5	4237	4184	4186	8444
5	4221	4186	4188	8445
5	4309	4250	4293	8446
5	4274	4191	4213	8447
5	4223	4213	4141	8448
5	4223	4141	4165	8449
5	4457	4434	4386	8450
5	4395	4390	4368	8451
5	4548	4457	4530	8452
5	4301	4244	4282	8453
5	4279	4225	4218	8454
5	4280	4225	4279	8455
5	4268	4237	4221	8456
5	4249	4205	4227	8457
5	4420	4331	4381	8458
5	4555	4515	4513	8459
5	4275	4215	4207	8460
5	4229	4206	4174	8461
5	4230	4223	4165	8462
5	4230	4165	4142	8463
5	4231	4218	4151	8464
5	4231	4151	4178	8465
5	4233	4178	4177	8466
5	4325	4244	4301	8467
5	4322	4274	4255	8468
5	4282	4231	4233	8469
5	4267	4190	4195	8470
5	4234	4195	4180	8471
5	4236	4182	4176	8472
5	4236	4176	4183	8473
5	4236	4183	4235	8474
5	4236	4235	4234	8475
5	4238	4157	4208	8476
5	4304	4269	4272	8477
5	4312	4263	4259	8478
5	4328	4286	4239	8479
5	4286	4136	4239	8480
5	4239	4136	4187	8481
5	4251	4201	4146	8482
5	4436	4413	4389	8483
5	4256	4135	4185	8484
5	4496	4459	4442	8485
5	4382	4354	4361	8486
5	4441	4377	4428	8487
5	4257	4199	4247	8488
5	4326	4282	4283	8489
5	4359	4325	4301	8490
5	4250	4232	4191	8491
5	4296	4200	4248	8492
5	4280	4226	4225	8493
5	4383	4336	4337	8494
5	4246	4204	4158	8495
5	4324	4278	4261	8496
5	4343	4203	4258	8497
5	4375	4333	4287	8498
5	4338	4261	4311	8499
5	4308	4284	4299	8500
5	4300	4256	4193	8501
5	4369	4322	4315	8502
5	4306	4260	4290	8503
5	4348	4248	4295	8504
5	4330	4287	4245	8505
5	4310	4060	4252	8506
5	4310	4158	4060	8507
5	4320	4269	4304	8508
5	4407	4305	4363	8509
5	4275	4207	4266	8510
5	4265	4211	4254	8511
5	4274	4213	4255	8512
5	4274	4250	4191	8513
5	4271	4193	4209	8514
5	4300	4193	4271	8515
5	4257	4254	4214	8516
5	4257	4214	4199	8517
5	4324	4290	4278	8518
5	4422	4374	4402	8519
5	4263	4163	4217	8520
5	4263	4224	4163	8521
5	4260	4247	4210	8522
5	4260	4210	4222	8523
5	4278	4260	4222	8524
5	4261	4216	4194	8525
5	4364	4314	4350	8526
5	4262	4194	4134	8527
5	4423	4362	4384	8528
5	4313	4263	4312	8529
5	4264	4255	4223	8530
5	4264	4223	4230	8531
5	4322	4293	4274	8532
5	4345	4280	4302	8533
5	4316	4266	4281	8534
5	4327	4275	4297	8535
5	4297	4275	4266	8536
5	4267	4243	4190	8537
5	4285	4238	4269	8538
5	4273	4202	4212	8539
5	4376	4291	4333	8540
5	4321	4268	4270	8541
5	4270	4268	4221	8542
5	4270	4221	4205	8543
5	4411	4300	4367	8544
5	4328	4239	4285	8545
5	4272	4269	4208	8546
5	4272	4208	4196	8547
5	4277	4228	4219	8548
5	4277	4220	4202	8549
5	4403	4351	4355	8550
5	4293	4250	4274	8551
5	4276	4234	4235	8552
5	4283	4233	4232	8553
5	4276	4235	4215	8554
5	4276	4215	4275	8555
5	4277	4272	4196	8556
5	4277	4219	4220	8557
5	4386	4339	4359	8558
5	4292	4257	4247	8559
5	4434	4387	4339	8560
5	4387	4345	4302	8561
5	4277	4202	4273	8562
5	4388	4360	4308	8563
5	4281	4266	4206	8564
5	4281	4206	4229	8565
5	4315	4255	4264	8566
5	4424	4412	4421	8567
5	4327	4276	4275	8568
5	4276	4267	4195	8569
5	4284	4273	4212	8570
5	4284	4212	4237	8571
5	4286	4271	4209	8572
5	4285	4239	4238	8573
5	4372	4298	4256	8574
5	4438	4334	4380	8575
5	4444	4344	4391	8576
5	4423	4406	4362	8577
5	4346	4310	4252	8578
5	4392	4337	4307	8579
5	4289	4258	4192	8580
5	4289	4192	4144	8581
5	4341	4290	4335	8582
5	4347	4203	4343	8583
5	4345	4295	4280	8584
5	4381	4331	4296	8585
5	4425	4374	4422	8586
5	4605	4581	4601	8587
5	4370	4293	4322	8588
5	4326	4283	4309	8589
5	4294	4259	4198	8590
5	4294	4198	4240	8591
5	4295	4248	4226	8592
5	4295	4226	4280	8593
5	4391	4344	4294	8594
5	4473	4426	4397	8595
5	4316	4281	4303	8596
5	4323	4257	4292	8597
5	4435	4410	4372	8598
5	4501	4443	4456	8599
5	4308	4273	4284	8600
5	4353	4320	4304	8601
5	4319	4270	4249	8602
5	4329	4271	4286	8603
5	4309	4283	4250	8604
5	4427	4386	4394	8605
5	4302	4280	4279	8606
5	4554	4513	4511	8607
5	4529	4522	4524	8608
5	4327	4267	4276	8609
5	4320	4285	4269	8610
5	4379	4288	4342	8611
5	4305	4249	4227	8612
5	4305	4227	4253	8613
5	4306	4292	4247	8614
5	4306	4247	4260	8615
5	4440	4342	4410	8616
5	4432	4332	4399	8617
5	4360	4304	4272	8618
5	4360	4273	4308	8619
5	4326	4301	4282	8620
5	4359	4301	4356	8621
5	4361	4310	4346	8622
5	4310	4246	4158	8623
5	4311	4261	4194	8624
5	4311	4194	4262	8625
5	4313	4253	4224	8626
5	4313	4224	4263	8627
5	4349	4319	4249	8628
5	4363	4313	4362	8629
5	4314	4303	4265	8630
5	4314	4265	4254	8631
5	4624	4582	4570	8632
5	4322	4255	4315	8633
5	4352	4315	4317	8634
5	4316	4297	4266	8635
5	4317	4315	4264	8636
5	4317	4264	4243	8637
5	4318	4317	4243	8638
5	4318	4243	4267	8639
5	4404	4320	4353	8640
5	4334	4321	4319	8641
5	4390	4353	4357	8642
5	4404	4353	4390	8643
5	4357	4308	4299	8644
5	4321	4299	4268	8645
5	4364	4303	4314	8646
5	4370	4358	4293	8647
5	4323	4314	4254	8648
5	4323	4254	4257	8649
5	4429	4335	4398	8650
5	4393	4355	4341	8651
5	4325	4302	4279	8652
5	4325	4279	4244	8653
5	4341	4306	4290	8654
5	4355	4306	4341	8655
5	4327	4297	4318	8656
5	4327	4318	4267	8657
5	4390	4357	4368	8658
5	4329	4286	4328	8659
5	4349	4249	4305	8660
5	4380	4334	4319	8661
5	4430	4348	4378	8662
5	4535	4501	4456	8663
5	4331	4330	4245	8664
5	4331	4245	4296	8665
5	4343	4258	4332	8666
5	4402	4347	4343	8667
5	4443	4391	4376	8668
5	4381	4296	4348	8669
5	4366	4285	4320	8670
5	4368	4321	4334	8671
5	4425	4338	4374	8672
5	4464	4392	4418	8673
5	4399	4289	4336	8674
5	4336	4289	4242	8675
5	4337	4336	4242	8676
5	4337	4242	4307	8677
5	4347	4262	4203	8678
5	4598	4560	4559	8679
5	4371	4309	4358	8680
5	4400	4341	4335	8681
5	4365	4316	4303	8682
5	4340	4318	4297	8683
5	4476	4433	4400	8684
5	4522	4461	4486	8685
5	4342	4288	4241	8686
5	4342	4241	4298	8687
5	4347	4311	4262	8688
5	4572	4536	4500	8689
5	4344	4312	4259	8690
5	4344	4259	4294	8691
5	4626	4537	4576	8692
5	4378	4348	4295	8693
5	4354	4307	4246	8694
5	4646	4566	4621	8695
5	4433	4393	4400	8696
5	4471	4401	4432	8697
5	4434	4339	4386	8698
5	4511	4460	4497	8699
5	4406	4363	4362	8700
5	4448	4390	4395	8701
5	4358	4309	4293	8702
5	4356	4301	4326	8703
5	4351	4350	4323	8704
5	4351	4323	4292	8705
5	4539	4495	4472	8706
5	4369	4315	4352	8707
5	4404	4396	4366	8708
5	4366	4328	4285	8709
5	4382	4361	4377	8710
5	4418	4354	4382	8711
5	4355	4351	4292	8712
5	4355	4292	4306	8713
5	4359	4339	4325	8714
5	4387	4302	4339	8715
5	4388	4304	4360	8716
5	4388	4308	4357	8717
5	4371	4356	4326	8718
5	4465	4430	4460	8719
5	4340	4352	4317	8720
5	4340	4317	4318	8721
5	4360	4272	4277	8722
5	4360	4277	4273	8723
5	4361	4354	4246	8724
5	4361	4246	4310	8725
5	4363	4305	4253	8726
5	4363	4253	4313	8727
5	4438	4395	4334	8728
5	4407	4363	4406	8729
5	4365	4340	4316	8730
5	4365	4303	4364	8731
5	4389	4369	4352	8732
5	4409	4340	4365	8733
5	4367	4271	4329	8734
5	4373	4328	4366	8735
5	4464	4442	4392	8736
5	4439	4411	4367	8737
5	4368	4357	4299	8738
5	4368	4299	4321	8739
5	4408	4365	4364	8740
5	4370	4322	4369	8741
5	4424	4408	4412	8742
5	4414	4351	4403	8743
5	4569	4563	4523	8744
5	4445	4421	4414	8745
5	4462	4411	4439	8746
5	4446	4373	4396	8747
5	4462	4435	4372	8748
5	4373	4329	4328	8749
5	4374	4338	4311	8750
5	4374	4311	4347	8751
5	4426	4375	4330	8752
5	4444	4391	4443	8753
5	4535	4431	4463	8754
5	4513	4467	4465	8755
5	4567	4493	4545	8756
5	4377	4361	4346	8757
5	4613	4577	4547	8758
5	4556	4498	4550	8759
5	4428	4377	4379	8760
5	4479	4428	4440	8761
5	4469	4439	4416	8762
5	4525	4489	4488	8763
5	4467	4420	4465	8764
5	4463	4431	4375	8765
5	4410	4342	4298	8766
5	4440	4428	4379	8767
5	4392	4307	4354	8768
5	4657	4603	4655	8769
5	4384	4362	4312	8770
5	4384	4312	4344	8771
5	4415	4358	4385	8772
5	4385	4358	4370	8773
5	4483	4450	4433	8774
5	4405	4394	4356	8775
5	4420	4397	4331	8776
5	4473	4397	4467	8777
5	4388	4357	4353	8778
5	4388	4353	4304	8779
5	4413	4369	4389	8780
5	4413	4370	4369	8781
5	4396	4373	4366	8782
5	4395	4368	4334	8783
5	4451	4407	4406	8784
5	4508	4484	4438	8785
5	4442	4337	4392	8786
5	4441	4382	4377	8787
5	4403	4355	4393	8788
5	4445	4414	4403	8789
5	4394	4386	4359	8790
5	4394	4359	4356	8791
5	4526	4484	4508	8792
5	4404	4366	4320	8793
5	4515	4467	4513	8794
5	4574	4547	4501	8795
5	4465	4420	4430	8796
5	4588	4494	4548	8797
5	4398	4335	4324	8798
5	4398	4324	4338	8799
5	4401	4343	4332	8800
5	4402	4374	4347	8801
5	4603	4539	4571	8802
5	4425	4398	4338	8803
5	4666	4610	4598	8804
5	4506	4475	4441	8805
5	4540	4509	4458	8806
5	4429	4400	4335	8807
5	4450	4393	4433	8808
5	4405	4356	4371	8809
5	4485	4448	4484	8810
5	4449	4396	4404	8811
5	4627	4568	4529	8812
5	4490	4470	4453	8813
5	4463	4375	4426	8814
5	4557	4480	4519	8815
5	4481	4444	4443	8816
5	4452	4407	4451	8817
5	4409	4352	4340	8818
5	4409	4365	4408	8819
5	4409	4408	4389	8820
5	4409	4389	4352	8821
5	4416	4367	4329	8822
5	4411	4372	4300	8823
5	4462	4372	4411	8824
5	4416	4329	4373	8825
5	4412	4408	4364	8826
5	4412	4364	4350	8827
5	4421	4412	4414	8828
5	4413	4385	4370	8829
5	4414	4412	4350	8830
5	4414	4350	4351	8831
5	4415	4405	4371	8832
5	4415	4371	4358	8833
5	4498	4439	4469	8834
5	4440	4379	4342	8835
5	4417	4378	4345	8836
5	4417	4345	4387	8837
5	4442	4383	4337	8838
5	4566	4538	4543	8839
5	4447	4415	4419	8840
5	4419	4415	4385	8841
5	4537	4502	4473	8842
5	4515	4473	4467	8843
5	4585	4529	4565	8844
5	4424	4389	4408	8845
5	4504	4472	4422	8846
5	4503	4401	4471	8847
5	4542	4525	4488	8848
5	4501	4481	4443	8849
5	4453	4419	4385	8850
5	4436	4389	4424	8851
5	4476	4400	4429	8852
5	4450	4445	4403	8853
5	4467	4397	4420	8854
5	4502	4426	4473	8855
5	4583	4530	4582	8856
5	4492	4474	4437	8857
5	4531	4496	4464	8858
5	4597	4559	4558	8859
5	4539	4472	4504	8860
5	4571	4539	4504	8861
5	4430	4420	4381	8862
5	4430	4381	4348	8863
5	4431	4376	4333	8864
5	4431	4333	4375	8865
5	4528	4504	4503	8866
5	4699	4697	4658	8867
5	4604	4539	4603	8868
5	4505	4491	4487	8869
5	4570	4544	4492	8870
5	4457	4386	4427	8871
5	4478	4440	4410	8872
5	4478	4410	4435	8873
5	4477	4424	4421	8874
5	4453	4413	4436	8875
5	4474	4394	4437	8876
5	4474	4427	4394	8877
5	4446	4416	4373	8878
5	4439	4367	4416	8879
5	4448	4404	4390	8880
5	4571	4504	4528	8881
5	4479	4440	4478	8882
5	4506	4441	4480	8883
5	4517	4478	4435	8884
5	4480	4428	4479	8885
5	4475	4382	4441	8886
5	4496	4442	4464	8887
5	4466	4406	4423	8888
5	4537	4473	4515	8889
5	4466	4451	4406	8890
5	4482	4444	4481	8891
5	4492	4437	4461	8892
5	4453	4385	4413	8893
5	4542	4488	4512	8894
5	4589	4514	4549	8895
5	4447	4437	4405	8896
5	4447	4405	4415	8897
5	4508	4438	4489	8898
5	4449	4404	4448	8899
5	4556	4516	4498	8900
5	4469	4416	4446	8901
5	4540	4458	4495	8902
5	4477	4436	4424	8903
5	4452	4380	4349	8904
5	4452	4349	4407	8905
5	4484	4448	4395	8906
5	4489	4438	4380	8907
5	4470	4419	4453	8908
5	4491	4421	4445	8909
5	4454	4432	4399	8910
5	4454	4399	4383	8911
5	4455	4417	4387	8912
5	4455	4387	4434	8913
5	4456	4443	4376	8914
5	4456	4376	4431	8915
5	4582	4530	4544	8916
5	4583	4548	4530	8917
5	4458	4429	4398	8918
5	4458	4398	4425	8919
5	4459	4454	4383	8920
5	4459	4383	4442	8921
5	4460	4430	4378	8922
5	4460	4378	4417	8923
5	4461	4437	4447	8924
5	4487	4445	4450	8925
5	4510	4468	4507	8926
5	4484	4395	4438	8927
5	4649	4622	4579	8928
5	4535	4456	4431	8929
5	4519	4480	4479	8930
5	4475	4418	4382	8931
5	4584	4532	4502	8932
5	4541	4497	4455	8933
5	4600	4542	4512	8934
5	4580	4578	4564	8935
5	4511	4465	4460	8936
5	4513	4465	4511	8937
5	4468	4446	4396	8938
5	4468	4396	4449	8939
5	4525	4508	4489	8940
5	4488	4452	4451	8941
5	4486	4419	4470	8942
5	4486	4447	4419	8943
5	4528	4503	4471	8944
5	4504	4422	4503	8945
5	4472	4458	4425	8946
5	4472	4425	4422	8947
5	4553	4511	4497	8948
5	4502	4463	4426	8949
5	4544	4474	4492	8950
5	4509	4476	4429	8951
5	4480	4441	4428	8952
5	4545	4475	4506	8953
5	4546	4492	4461	8954
5	4487	4450	4483	8955
5	4490	4436	4477	8956
5	4490	4453	4436	8957
5	4507	4468	4485	8958
5	4498	4462	4439	8959
5	4510	4469	4446	8960
5	4519	4479	4518	8961
5	4516	4435	4462	8962
5	4518	4479	4478	8963
5	4482	4423	4384	8964
5	4482	4384	4444	8965
5	4674	4659	4616	8966
5	4521	4482	4520	8967
5	4569	4523	4536	8968
5	4551	4500	4476	8969
5	4485	4449	4448	8970
5	4485	4468	4449	8971
5	4517	4435	4516	8972
5	4677	4673	4636	8973
5	4546	4461	4522	8974
5	4486	4461	4447	8975
5	4527	4490	4477	8976
5	4523	4487	4483	8977
5	4489	4452	4488	8978
5	4489	4380	4452	8979
5	4611	4561	4577	8980
5	4526	4485	4484	8981
5	4527	4477	4491	8982
5	4491	4445	4487	8983
5	4527	4470	4490	8984
5	4491	4477	4421	8985
5	4652	4609	4588	8986
5	4582	4544	4570	8987
5	4493	4464	4418	8988
5	4493	4418	4475	8989
5	4494	4455	4434	8990
5	4494	4434	4457	8991
5	4509	4429	4458	8992
5	4495	4458	4472	8993
5	4531	4464	4493	8994
5	4558	4517	4516	8995
5	4497	4460	4417	8996
5	4497	4417	4455	8997
5	4518	4478	4517	8998
5	4516	4462	4498	8999
5	4499	4471	4432	9000
5	4499	4432	4454	9001
5	4500	4483	4433	9002
5	4500	4433	4476	9003
5	4520	4482	4481	9004
5	4547	4520	4481	9005
5	4535	4463	4532	9006
5	4532	4463	4502	9007
5	4607	4495	4604	9008
5	4503	4422	4402	9009
5	4549	4459	4496	9010
5	4655	4605	4639	9011
5	4565	4505	4563	9012
5	4527	4491	4505	9013
5	4606	4531	4567	9014
5	4590	4557	4519	9015
5	4510	4446	4468	9016
5	4550	4498	4469	9017
5	4534	4508	4533	9018
5	4561	4521	4520	9019
5	4536	4483	4500	9020
5	4607	4586	4540	9021
5	4558	4516	4556	9022
5	4564	4526	4534	9023
5	4609	4608	4587	9024
5	4541	4455	4494	9025
5	4512	4488	4451	9026
5	4512	4451	4466	9027
5	4592	4555	4554	9028
5	4619	4588	4548	9029
5	4514	4499	4454	9030
5	4514	4454	4459	9031
5	4555	4513	4554	9032
5	4576	4515	4555	9033
5	4674	4616	4644	9034
5	4560	4519	4518	9035
5	4578	4552	4564	9036
5	4559	4517	4558	9037
5	4632	4595	4620	9038
5	4620	4595	4557	9039
5	4634	4597	4596	9040
5	4559	4518	4517	9041
5	4521	4466	4423	9042
5	4521	4423	4482	9043
5	4909	4870	4819	9044
5	4562	4521	4561	9045
5	4563	4505	4523	9046
5	4694	4660	4614	9047
5	4570	4492	4546	9048
5	4523	4505	4487	9049
5	4524	4522	4486	9050
5	4524	4486	4470	9051
5	4598	4559	4597	9052
5	4648	4577	4613	9053
5	4534	4526	4508	9054
5	4526	4507	4485	9055
5	4568	4546	4522	9056
5	4527	4524	4470	9057
5	4617	4536	4572	9058
5	4754	4739	4744	9059
5	4565	4529	4524	9060
5	4536	4523	4483	9061
5	4777	4719	4774	9062
5	4530	4457	4427	9063
5	4567	4531	4493	9064
5	4589	4543	4514	9065
5	4648	4611	4577	9066
5	4626	4584	4537	9067
5	4613	4547	4574	9068
5	4576	4537	4515	9069
5	4560	4518	4559	9070
5	4550	4469	4510	9071
5	4579	4533	4525	9072
5	4547	4481	4501	9073
5	4658	4607	4604	9074
5	4664	4624	4641	9075
5	4584	4502	4537	9076
5	4711	4675	4685	9077
5	4538	4528	4471	9078
5	4538	4471	4499	9079
5	4647	4614	4586	9080
5	4586	4509	4540	9081
5	4586	4551	4509	9082
5	4551	4476	4509	9083
5	4554	4511	4553	9084
5	4609	4587	4541	9085
5	4611	4599	4561	9086
5	4649	4579	4637	9087
5	4543	4538	4499	9088
5	4543	4499	4514	9089
5	4544	4530	4427	9090
5	4544	4427	4474	9091
5	4712	4646	4693	9092
5	4606	4575	4531	9093
5	4607	4540	4495	9094
5	4615	4563	4569	9095
5	4574	4501	4535	9096
5	4880	4848	4845	9097
5	4588	4541	4494	9098
5	4548	4494	4457	9099
5	4621	4566	4543	9100
5	4549	4514	4459	9101
5	4596	4556	4594	9102
5	4590	4519	4560	9103
5	4572	4500	4551	9104
5	4678	4650	4615	9105
5	4552	4550	4510	9106
5	4552	4510	4507	9107
5	4777	4753	4719	9108
5	4592	4554	4591	9109
5	4619	4548	4583	9110
5	4591	4554	4553	9111
5	4651	4576	4618	9112
5	4745	4726	4741	9113
5	4593	4552	4578	9114
5	4632	4545	4595	9115
5	4620	4557	4590	9116
5	4557	4506	4480	9117
5	4579	4525	4542	9118
5	4595	4506	4557	9119
5	4593	4550	4552	9120
5	4594	4556	4550	9121
5	4666	4598	4635	9122
5	4596	4558	4556	9123
5	4562	4512	4466	9124
5	4562	4466	4521	9125
5	4902	4828	4866	9126
5	4677	4636	4640	9127
5	4568	4522	4529	9128
5	4585	4565	4563	9129
5	4564	4552	4507	9130
5	4564	4507	4526	9131
5	4565	4524	4527	9132
5	4565	4527	4505	9133
5	4621	4543	4589	9134
5	4716	4686	4667	9135
5	4681	4645	4610	9136
5	4712	4676	4646	9137
5	4609	4541	4588	9138
5	4625	4582	4624	9139
5	4779	4720	4746	9140
5	4641	4624	4602	9141
5	4624	4570	4602	9142
5	4617	4569	4536	9143
5	4581	4538	4566	9144
5	4604	4495	4539	9145
5	4650	4627	4585	9146
5	4655	4603	4605	9147
5	4574	4535	4573	9148
5	4573	4535	4532	9149
5	4599	4562	4561	9150
5	4763	4734	4689	9151
5	4575	4549	4496	9152
5	4575	4496	4531	9153
5	4638	4612	4584	9154
5	4665	4591	4608	9155
5	4577	4561	4520	9156
5	4577	4520	4547	9157
5	4580	4564	4534	9158
5	4622	4533	4579	9159
5	4630	4578	4623	9160
5	4580	4534	4533	9161
5	4690	4611	4648	9162
5	4622	4580	4533	9163
5	4581	4571	4528	9164
5	4581	4528	4538	9165
5	4732	4663	4703	9166
5	4678	4615	4643	9167
5	4703	4625	4664	9168
5	4701	4641	4661	9169
5	4638	4584	4626	9170
5	4747	4679	4713	9171
5	4615	4585	4563	9172
5	4627	4529	4585	9173
5	4667	4567	4632	9174
5	4693	4646	4621	9175
5	4587	4553	4497	9176
5	4587	4497	4541	9177
5	4713	4679	4654	9178
5	4653	4608	4609	9179
5	4715	4693	4642	9180
5	4776	4742	4709	9181
5	4736	4645	4681	9182
5	4707	4666	4635	9183
5	4704	4653	4696	9184
5	4766	4695	4727	9185
5	4848	4810	4845	9186
5	4713	4654	4675	9187
5	4597	4558	4596	9188
5	4594	4550	4593	9189
5	4662	4580	4622	9190
5	4623	4578	4580	9191
5	4667	4606	4567	9192
5	4595	4545	4506	9193
5	4630	4593	4578	9194
5	4631	4593	4630	9195
5	4709	4672	4671	9196
5	4635	4598	4597	9197
5	4631	4594	4593	9198
5	4633	4596	4594	9199
5	4600	4562	4599	9200
5	4600	4512	4562	9201
5	4633	4594	4631	9202
5	4637	4579	4542	9203
5	4601	4581	4566	9204
5	4676	4601	4646	9205
5	4602	4570	4546	9206
5	4602	4546	4568	9207
5	4698	4655	4682	9208
5	4768	4678	4725	9209
5	4657	4604	4603	9210
5	4650	4585	4615	9211
5	4605	4603	4571	9212
5	4605	4571	4581	9213
5	4628	4549	4575	9214
5	4716	4667	4680	9215
5	4647	4586	4607	9216
5	4646	4601	4566	9217
5	4608	4591	4553	9218
5	4608	4553	4587	9219
5	4717	4650	4678	9220
5	4625	4583	4582	9221
5	4610	4590	4560	9222
5	4610	4560	4598	9223
5	4735	4690	4695	9224
5	4636	4600	4599	9225
5	4612	4573	4532	9226
5	4612	4532	4584	9227
5	4640	4636	4599	9228
5	4719	4644	4683	9229
5	4614	4572	4551	9230
5	4614	4551	4586	9231
5	4660	4617	4572	9232
5	4661	4568	4627	9233
5	4616	4613	4574	9234
5	4616	4574	4573	9235
5	4725	4678	4643	9236
5	4643	4569	4617	9237
5	4618	4576	4555	9238
5	4618	4555	4592	9239
5	4652	4588	4619	9240
5	4683	4644	4612	9241
5	4671	4634	4633	9242
5	4749	4681	4729	9243
5	4676	4639	4601	9244
5	4628	4589	4549	9245
5	4932	4873	4888	9246
5	4742	4672	4709	9247
5	4640	4599	4611	9248
5	4687	4662	4622	9249
5	4775	4724	4740	9250
5	4797	4758	4732	9251
5	4720	4703	4664	9252
5	4643	4615	4569	9253
5	4689	4626	4651	9254
5	4763	4689	4651	9255
5	4663	4583	4625	9256
5	4661	4641	4602	9257
5	4714	4656	4686	9258
5	4680	4632	4620	9259
5	4629	4592	4591	9260
5	4665	4629	4591	9261
5	4803	4728	4761	9262
5	4634	4596	4633	9263
5	4669	4633	4631	9264
5	4635	4597	4634	9265
5	4681	4610	4666	9266
5	4632	4567	4545	9267
5	4672	4634	4671	9268
5	4687	4622	4649	9269
5	4668	4631	4630	9270
5	4730	4670	4692	9271
5	4709	4671	4708	9272
5	4672	4635	4634	9273
5	4637	4600	4636	9274
5	4637	4542	4600	9275
5	4662	4623	4580	9276
5	4680	4667	4632	9277
5	4651	4626	4576	9278
5	4755	4675	4711	9279
5	4639	4605	4601	9280
5	4849	4781	4823	9281
5	4752	4718	4735	9282
5	4814	4777	4774	9283
5	4764	4748	4737	9284
5	4660	4572	4614	9285
5	4642	4621	4589	9286
5	4642	4589	4628	9287
5	4739	4698	4710	9288
5	4684	4617	4660	9289
5	4644	4616	4573	9290
5	4644	4573	4612	9291
5	4645	4620	4590	9292
5	4645	4590	4610	9293
5	4693	4621	4642	9294
5	4849	4829	4781	9295
5	4699	4657	4698	9296
5	4684	4643	4617	9297
5	4722	4662	4687	9298
5	4690	4640	4611	9299
5	4708	4669	4705	9300
5	4723	4649	4673	9301
5	4724	4688	4701	9302
5	4661	4602	4568	9303
5	4794	4713	4755	9304
5	4683	4612	4638	9305
5	4665	4608	4653	9306
5	4653	4609	4652	9307
5	4704	4665	4653	9308
5	4704	4685	4665	9309
5	4654	4618	4592	9310
5	4654	4592	4629	9311
5	4698	4657	4655	9312
5	4658	4604	4657	9313
5	4656	4628	4575	9314
5	4656	4575	4606	9315
5	4748	4721	4737	9316
5	4658	4647	4607	9317
5	4799	4784	4748	9318
5	4829	4756	4781	9319
5	4659	4648	4613	9320
5	4659	4613	4616	9321
5	4757	4684	4721	9322
5	4821	4790	4750	9323
5	4700	4627	4650	9324
5	4700	4661	4627	9325
5	4669	4631	4668	9326
5	4671	4633	4669	9327
5	4702	4619	4663	9328
5	4663	4619	4583	9329
5	4801	4741	4773	9330
5	4664	4625	4624	9331
5	4778	4651	4679	9332
5	4877	4779	4817	9333
5	4729	4666	4707	9334
5	4759	4715	4691	9335
5	4715	4642	4691	9336
5	4714	4691	4656	9337
5	4735	4718	4690	9338
5	4820	4783	4776	9339
5	4761	4718	4752	9340
5	4707	4635	4672	9341
5	4670	4668	4630	9342
5	4670	4630	4623	9343
5	4762	4729	4707	9344
5	4692	4623	4662	9345
5	4731	4708	4705	9346
5	4762	4707	4742	9347
5	4673	4649	4637	9348
5	4673	4637	4636	9349
5	4774	4683	4734	9350
5	4878	4803	4841	9351
5	4675	4654	4629	9352
5	4703	4663	4625	9353
5	4838	4805	4816	9354
5	4836	4795	4744	9355
5	4921	4858	4881	9356
5	4803	4761	4780	9357
5	4732	4702	4663	9358
5	4771	4726	4745	9359
5	4679	4651	4618	9360
5	4679	4618	4654	9361
5	5001	4966	4941	9362
5	4680	4620	4645	9363
5	4765	4686	4716	9364
5	4708	4671	4669	9365
5	4682	4655	4639	9366
5	4733	4682	4639	9367
5	4842	4747	4819	9368
5	4719	4674	4644	9369
5	5058	5001	5021	9370
5	4694	4614	4647	9371
5	4685	4675	4629	9372
5	4685	4629	4665	9373
5	4686	4656	4606	9374
5	4686	4606	4667	9375
5	4692	4670	4623	9376
5	4705	4669	4668	9377
5	4688	4664	4641	9378
5	4757	4721	4748	9379
5	4734	4638	4689	9380
5	4689	4638	4626	9381
5	4766	4735	4695	9382
5	4807	4788	4769	9383
5	4691	4642	4628	9384
5	4691	4628	4656	9385
5	4765	4714	4686	9386
5	4772	4716	4680	9387
5	4733	4639	4676	9388
5	4836	4744	4785	9389
5	4751	4732	4703	9390
5	5133	5060	5082	9391
5	4695	4690	4648	9392
5	4695	4648	4659	9393
5	4696	4653	4652	9394
5	4779	4751	4720	9395
5	4697	4694	4647	9396
5	4697	4647	4658	9397
5	4699	4658	4657	9398
5	4965	4937	4909	9399
5	4790	4733	4750	9400
5	4764	4738	4754	9401
5	4701	4661	4700	9402
5	4701	4688	4641	9403
5	4916	4911	4913	9404
5	4905	4817	4857	9405
5	4702	4696	4652	9406
5	4702	4652	4619	9407
5	4720	4664	4688	9408
5	4809	4746	4724	9409
5	5095	232	5043	9410
5	4981	4951	4975	9411
5	4761	4677	4718	9412
5	4731	4705	4706	9413
5	4706	4705	4668	9414
5	4706	4668	4670	9415
5	4742	4707	4672	9416
5	4729	4681	4666	9417
5	4851	4835	4834	9418
5	4854	4783	4820	9419
5	4807	4767	4788	9420
5	4789	4769	4788	9421
5	4710	4698	4682	9422
5	4770	4682	4733	9423
5	4822	4794	4755	9424
5	5012	4946	4988	9425
5	4885	4816	4865	9426
5	4947	4888	4934	9427
5	4855	4822	4787	9428
5	4794	4747	4713	9429
5	4772	4680	4736	9430
5	4886	4849	4823	9431
5	4756	4712	4693	9432
5	4770	4710	4682	9433
5	4826	4796	4765	9434
5	4749	4736	4681	9435
5	4740	4724	4701	9436
5	4717	4700	4650	9437
5	4718	4677	4640	9438
5	4718	4640	4690	9439
5	4856	4841	4780	9440
5	4864	4791	4824	9441
5	4901	4813	4837	9442
5	4751	4703	4720	9443
5	4721	4684	4660	9444
5	4721	4660	4694	9445
5	4730	4706	4670	9446
5	4722	4692	4662	9447
5	4723	4722	4687	9448
5	4723	4687	4649	9449
5	4740	4700	4717	9450
5	4725	4643	4684	9451
5	4740	4701	4700	9452
5	4818	4784	4799	9453
5	4726	4711	4685	9454
5	4726	4685	4704	9455
5	4727	4695	4659	9456
5	4727	4659	4674	9457
5	4728	4723	4673	9458
5	4728	4673	4677	9459
5	4783	4742	4776	9460
5	4736	4680	4645	9461
5	4743	4708	4731	9462
5	4731	4706	4730	9463
5	4858	4793	4835	9464
5	4793	4776	4743	9465
5	4758	4702	4732	9466
5	4850	4846	4812	9467
5	4756	4693	4715	9468
5	4785	4710	4770	9469
5	4774	4719	4683	9470
5	4734	4683	4638	9471
5	4791	4735	4766	9472
5	4883	4864	4824	9473
5	4806	4716	4772	9474
5	4879	4806	4843	9475
5	4737	4721	4694	9476
5	4737	4694	4697	9477
5	4738	4737	4697	9478
5	4738	4697	4699	9479
5	4739	4738	4699	9480
5	4739	4699	4698	9481
5	4799	4748	4764	9482
5	4757	4725	4684	9483
5	4741	4726	4704	9484
5	4741	4704	4696	9485
5	4793	4743	4760	9486
5	4767	4723	4728	9487
5	4776	4709	4743	9488
5	4743	4709	4708	9489
5	4744	4739	4710	9490
5	4785	4744	4710	9491
5	4773	4741	4696	9492
5	4859	4785	4815	9493
5	4746	4720	4688	9494
5	4746	4688	4724	9495
5	4833	4763	4778	9496
5	4755	4713	4675	9497
5	4754	4738	4739	9498
5	4805	4754	4795	9499
5	4811	4736	4749	9500
5	4806	4765	4716	9501
5	4750	4733	4676	9502
5	4750	4676	4712	9503
5	4758	4696	4702	9504
5	4801	4745	4741	9505
5	4778	4679	4747	9506
5	4875	4842	4870	9507
5	4753	4727	4674	9508
5	4753	4674	4719	9509
5	4764	4737	4738	9510
5	4890	4853	4818	9511
5	4771	4711	4726	9512
5	4982	4959	4919	9513
5	5128	5067	5084	9514
5	4759	4691	4714	9515
5	4800	4775	4786	9516
5	4768	4717	4678	9517
5	4773	4696	4758	9518
5	4845	4810	4745	9519
5	4914	4897	4849	9520
5	4821	4750	4782	9521
5	4760	4743	4731	9522
5	4789	4730	4769	9523
5	4803	4767	4728	9524
5	4761	4728	4677	9525
5	4820	4776	4793	9526
5	4918	4889	4896	9527
5	4804	4774	4734	9528
5	4798	4727	4753	9529
5	4923	4867	4908	9530
5	4784	4757	4748	9531
5	4904	4827	4863	9532
5	4915	4852	4882	9533
5	4804	4734	4763	9534
5	4828	4753	4777	9535
5	4791	4752	4735	9536
5	4807	4723	4767	9537
5	4808	4725	4757	9538
5	4892	4857	4825	9539
5	4769	4730	4692	9540
5	4769	4692	4722	9541
5	4790	4770	4733	9542
5	4903	4879	4843	9543
5	4855	4787	4830	9544
5	5078	5043	232	9545
5	4826	4765	4806	9546
5	4831	4762	4783	9547
5	4797	4732	4751	9548
5	4812	4758	4797	9549
5	4978	4939	4902	9550
5	4814	4774	4804	9551
5	4825	4809	4775	9552
5	4809	4724	4775	9553
5	4783	4762	4742	9554
5	4835	4793	4760	9555
5	4798	4766	4727	9556
5	4864	4832	4791	9557
5	4833	4804	4763	9558
5	4778	4763	4651	9559
5	4850	4812	4813	9560
5	4837	4751	4779	9561
5	4780	4761	4752	9562
5	5000	4958	4940	9563
5	4781	4756	4715	9564
5	4781	4715	4759	9565
5	4782	4750	4712	9566
5	4782	4712	4756	9567
5	4941	4904	4863	9568
5	4992	4922	4963	9569
5	4786	4717	4768	9570
5	4808	4768	4725	9571
5	4829	4782	4756	9572
5	4872	4825	4775	9573
5	4786	4775	4740	9574
5	4786	4740	4717	9575
5	4787	4755	4711	9576
5	4787	4711	4771	9577
5	4802	4760	4731	9578
5	4789	4731	4730	9579
5	4802	4731	4789	9580
5	4834	4760	4802	9581
5	5028	4950	4993	9582
5	4873	4790	4821	9583
5	4891	4841	4856	9584
5	4866	4777	4814	9585
5	4792	4749	4729	9586
5	4792	4729	4762	9587
5	4835	4760	4834	9588
5	4827	4811	4749	9589
5	4847	4794	4822	9590
5	4948	4898	4937	9591
5	4795	4754	4744	9592
5	4865	4795	4836	9593
5	4796	4759	4714	9594
5	4796	4714	4765	9595
5	4890	4818	4867	9596
5	5062	5013	5008	9597
5	4982	4919	4956	9598
5	4828	4798	4753	9599
5	4865	4816	4795	9600
5	4867	4818	4838	9601
5	4800	4786	4768	9602
5	4808	4800	4768	9603
5	4906	4865	4836	9604
5	4845	4745	4801	9605
5	4839	4789	4788	9606
5	4966	4904	4941	9607
5	4922	4854	4893	9608
5	4840	4767	4803	9609
5	4871	4804	4833	9610
5	4871	4814	4804	9611
5	4805	4799	4764	9612
5	4805	4764	4754	9613
5	4811	4772	4736	9614
5	4914	4849	4886	9615
5	4807	4769	4722	9616
5	4807	4722	4723	9617
5	4808	4757	4784	9618
5	4844	4808	4784	9619
5	4924	4882	4879	9620
5	4837	4797	4751	9621
5	4810	4771	4745	9622
5	4905	4877	4817	9623
5	4831	4792	4762	9624
5	4895	4831	4854	9625
5	4846	4773	4812	9626
5	4812	4773	4758	9627
5	4813	4812	4797	9628
5	4837	4813	4797	9629
5	4998	4925	4972	9630
5	4894	4856	4832	9631
5	4815	4785	4770	9632
5	4815	4770	4790	9633
5	4816	4805	4795	9634
5	5069	4984	5011	9635
5	4817	4779	4746	9636
5	4817	4746	4809	9637
5	4913	4853	4890	9638
5	4933	4880	4899	9639
5	4819	4747	4794	9640
5	4822	4755	4787	9641
5	4854	4831	4783	9642
5	4843	4772	4811	9643
5	4873	4815	4790	9644
5	4906	4836	4859	9645
5	4847	4819	4794	9646
5	4972	4925	4898	9647
5	4823	4781	4759	9648
5	4823	4759	4796	9649
5	4824	4791	4766	9650
5	4824	4766	4798	9651
5	4916	4913	4890	9652
5	4857	4817	4809	9653
5	4958	4903	4940	9654
5	4827	4749	4792	9655
5	4903	4843	4874	9656
5	4904	4874	4827	9657
5	5076	5025	5071	9658
5	4972	4898	4948	9659
5	4879	4826	4806	9660
5	5047	5004	5017	9661
5	4830	4787	4771	9662
5	4830	4771	4810	9663
5	4895	4863	4831	9664
5	4858	4820	4793	9665
5	4832	4780	4752	9666
5	4832	4752	4791	9667
5	4866	4828	4777	9668
5	4925	4871	4875	9669
5	4876	4788	4840	9670
5	4840	4788	4767	9671
5	4856	4780	4832	9672
5	4928	4841	4891	9673
5	4859	4836	4785	9674
5	4897	4829	4849	9675
5	4951	4933	4938	9676
5	4877	4837	4779	9677
5	4838	4818	4799	9678
5	4838	4799	4805	9679
5	4839	4834	4802	9680
5	4839	4802	4789	9681
5	5143	5129	5081	9682
5	4921	4893	4858	9683
5	5044	4992	5024	9684
5	4841	4803	4780	9685
5	4842	4833	4778	9686
5	4842	4778	4747	9687
5	4886	4823	4852	9688
5	4843	4806	4772	9689
5	4997	4914	4954	9690
5	4844	4800	4808	9691
5	5144	5104	5115	9692
5	4861	4810	4848	9693
5	4899	4801	4846	9694
5	4846	4801	4773	9695
5	5077	5057	5014	9696
5	4925	4875	4898	9697
5	5037	4957	4994	9698
5	4942	4907	4848	9699
5	4941	4863	4895	9700
5	5004	4932	4947	9701
5	4901	4837	4877	9702
5	4857	4809	4825	9703
5	4939	4860	4902	9704
5	5060	5015	4996	9705
5	4852	4823	4796	9706
5	4852	4796	4826	9707
5	4853	4844	4784	9708
5	4853	4784	4818	9709
5	4958	4924	4903	9710
5	4924	4879	4903	9711
5	4861	4830	4810	9712
5	5078	232	233	9713
5	4960	4920	4889	9714
5	5015	4983	4960	9715
5	4976	4905	4929	9716
5	4929	4857	4892	9717
5	4960	4889	4918	9718
5	4889	4851	4869	9719
5	5006	4935	4976	9720
5	5047	5018	5004	9721
5	4860	4824	4798	9722
5	4860	4798	4828	9723
5	5117	233	234	9724
5	4961	4880	4933	9725
5	4862	4821	4782	9726
5	4862	4782	4829	9727
5	4863	4827	4792	9728
5	4863	4792	4831	9729
5	5005	4948	4937	9730
5	4883	4824	4860	9731
5	4932	4900	4873	9732
5	4923	4890	4867	9733
5	4910	4866	4814	9734
5	4996	4918	4974	9735
5	4885	4868	4816	9736
5	4908	4867	4868	9737
5	4868	4867	4838	9738
5	4868	4838	4816	9739
5	4869	4851	4834	9740
5	4869	4834	4839	9741
5	4870	4842	4819	9742
5	4909	4819	4847	9743
5	4937	4898	4870	9744
5	4910	4814	4871	9745
5	4872	4775	4800	9746
5	5017	4947	4984	9747
5	4897	4862	4829	9748
5	4954	4914	4886	9749
5	4874	4843	4811	9750
5	4874	4811	4827	9751
5	4875	4871	4833	9752
5	4875	4833	4842	9753
5	4876	4869	4839	9754
5	4876	4839	4788	9755
5	4987	4971	4977	9756
5	4929	4905	4857	9757
5	4928	4912	4878	9758
5	4878	4840	4803	9759
5	4872	4800	4844	9760
5	4913	4844	4853	9761
5	4988	4946	4957	9762
5	4899	4846	4850	9763
5	4881	4858	4835	9764
5	4881	4835	4851	9765
5	4882	4852	4826	9766
5	4882	4826	4879	9767
5	5042	4972	5009	9768
5	4894	4832	4864	9769
5	4884	4847	4822	9770
5	4884	4822	4855	9771
5	5093	5047	5017	9772
5	5079	5050	5016	9773
5	4915	4886	4852	9774
5	4934	4888	4862	9775
5	4887	4855	4830	9776
5	4887	4830	4861	9777
5	4888	4873	4821	9778
5	4888	4821	4862	9779
5	4928	4878	4841	9780
5	5163	5120	5160	9781
5	5080	5063	5028	9782
5	4975	4901	4935	9783
5	4912	4840	4878	9784
5	5106	5066	5073	9785
5	5038	4971	4987	9786
5	5080	5028	5050	9787
5	4893	4854	4820	9788
5	4893	4820	4858	9789
5	4936	4864	4883	9790
5	4936	4894	4864	9791
5	5044	5021	4992	9792
5	4922	4895	4854	9793
5	4896	4889	4869	9794
5	4896	4869	4876	9795
5	5090	5011	5053	9796
5	4964	4934	4897	9797
5	4898	4875	4870	9798
5	4965	4909	4917	9799
5	4899	4880	4845	9800
5	4899	4845	4801	9801
5	4900	4859	4815	9802
5	4900	4815	4873	9803
5	4938	4850	4901	9804
5	4901	4850	4813	9805
5	4944	4866	4910	9806
5	4902	4860	4828	9807
5	4940	4903	4874	9808
5	5031	4966	5001	9809
5	4940	4874	4904	9810
5	4967	4895	4922	9811
5	5022	4968	4995	9812
5	4916	4892	4911	9813
5	5156	215	216	9814
5	5050	5028	4993	9815
5	4907	4861	4848	9816
5	4942	4848	4880	9817
5	4943	4908	4868	9818
5	4943	4868	4885	9819
5	4937	4870	4909	9820
5	5046	4980	5012	9821
5	5200	5143	5176	9822
5	4944	4910	4925	9823
5	4911	4892	4825	9824
5	4911	4825	4872	9825
5	4912	4896	4876	9826
5	4912	4876	4840	9827
5	4913	4911	4872	9828
5	4913	4872	4844	9829
5	5035	4997	4954	9830
5	4934	4862	4897	9831
5	5007	4924	4958	9832
5	4964	4897	4914	9833
5	4994	4942	4961	9834
5	4990	4929	4973	9835
5	4917	4909	4847	9836
5	4917	4847	4884	9837
5	4939	4883	4860	9838
5	4952	4891	4927	9839
5	4919	4884	4855	9840
5	4919	4855	4887	9841
5	4920	4881	4851	9842
5	4920	4851	4889	9843
5	5143	5081	5133	9844
5	5082	5060	5026	9845
5	4966	4940	4904	9846
5	5052	5024	4991	9847
5	4995	4968	4923	9848
5	4995	4923	4971	9849
5	4967	4941	4895	9850
5	5103	5010	5056	9851
5	5054	5039	5042	9852
5	4925	4910	4871	9853
5	4926	4885	4865	9854
5	4926	4865	4906	9855
5	4927	4891	4856	9856
5	4927	4856	4894	9857
5	4928	4896	4912	9858
5	5070	5054	5009	9859
5	4973	4892	4916	9860
5	4935	4877	4905	9861
5	4930	4906	4859	9862
5	4930	4859	4900	9863
5	4931	4887	4861	9864
5	4931	4861	4907	9865
5	5170	5153	5124	9866
5	4928	4918	4896	9867
5	4961	4942	4880	9868
5	4935	4901	4877	9869
5	4997	4964	4914	9870
5	4947	4932	4888	9871
5	4976	4935	4905	9872
5	4973	4929	4892	9873
5	4974	4891	4952	9874
5	5026	4974	4952	9875
5	5013	4965	5008	9876
5	5039	4985	4978	9877
5	4938	4933	4899	9878
5	4938	4899	4850	9879
5	5102	5054	5100	9880
5	5034	4970	4985	9881
5	5101	5021	5044	9882
5	5114	5084	5059	9883
5	5001	4941	4967	9884
5	4996	4960	4918	9885
5	5012	4980	4946	9886
5	5032	4961	5003	9887
5	5002	4943	4950	9888
5	5022	4916	4968	9889
5	4978	4902	4944	9890
5	4944	4902	4866	9891
5	4945	4915	4882	9892
5	4945	4882	4924	9893
5	4946	4931	4907	9894
5	5003	4933	4951	9895
5	5028	5002	4950	9896
5	5004	4962	4932	9897
5	5005	4937	4965	9898
5	5111	5077	235	9899
5	4949	4927	4894	9900
5	4949	4894	4936	9901
5	4950	4943	4885	9902
5	4950	4885	4926	9903
5	5091	5033	5066	9904
5	5006	4981	4975	9905
5	5026	4996	4974	9906
5	5055	5034	4985	9907
5	4953	4921	4881	9908
5	4953	4881	4920	9909
5	4979	4915	4945	9910
5	4979	4955	4915	9911
5	4955	4954	4886	9912
5	4955	4886	4915	9913
5	4956	4919	4887	9914
5	4956	4887	4931	9915
5	4957	4946	4907	9916
5	4957	4907	4942	9917
5	5085	5031	5058	9918
5	5067	4979	5030	9919
5	4959	4917	4884	9920
5	4959	4884	4919	9921
5	5060	4996	5026	9922
5	5031	5000	4966	9923
5	5141	5061	5105	9924
5	5003	4961	4933	9925
5	4962	4930	4900	9926
5	4962	4900	4932	9927
5	4963	4922	4893	9928
5	4963	4893	4921	9929
5	5175	212	213	9930
5	5132	5069	5090	9931
5	5171	239	5148	9932
5	5040	4948	5005	9933
5	5000	4940	4966	9934
5	5059	5030	5007	9935
5	5024	4963	4991	9936
5	4992	4967	4922	9937
5	4968	4916	4890	9938
5	4968	4890	4923	9939
5	4969	4926	4906	9940
5	4969	4906	4930	9941
5	4970	4936	4883	9942
5	4970	4883	4939	9943
5	4971	4923	4908	9944
5	5097	5019	5049	9945
5	4998	4944	4925	9946
5	5144	5116	5104	9947
5	5006	4975	4935	9948
5	5049	5019	5022	9949
5	4974	4918	4928	9950
5	4974	4928	4891	9951
5	4975	4951	4938	9952
5	4975	4938	4901	9953
5	5187	243	5160	9954
5	5033	4981	5006	9955
5	4977	4971	4908	9956
5	4977	4908	4943	9957
5	5086	5070	5040	9958
5	5034	4999	4970	9959
5	5035	4954	5027	9960
5	5059	5007	5010	9961
5	4980	4956	4931	9962
5	4980	4931	4946	9963
5	4990	4976	4929	9964
5	5065	4981	5033	9965
5	5111	5057	5077	9966
5	5057	5036	4982	9967
5	4983	4953	4920	9968
5	4983	4920	4960	9969
5	4984	4947	4934	9970
5	4984	4934	4964	9971
5	4985	4970	4939	9972
5	4985	4939	4978	9973
5	4986	4952	4927	9974
5	4986	4927	4949	9975
5	5002	4977	4943	9976
5	5050	4993	5016	9977
5	5105	5029	5065	9978
5	5037	4988	4957	9979
5	4989	4969	4930	9980
5	4989	4930	4962	9981
5	5065	5029	4981	9982
5	5066	5033	5041	9983
5	4991	4963	4921	9984
5	4991	4921	4953	9985
5	5025	4953	4983	9986
5	5071	4983	5015	9987
5	4993	4950	4926	9988
5	4993	4926	4969	9989
5	5204	213	214	9990
5	4994	4957	4942	9991
5	5038	4995	4971	9992
5	5070	5009	5040	9993
5	5015	4960	4996	9994
5	5026	4952	4986	9995
5	5017	5004	4947	9996
5	5172	5156	216	9997
5	5039	4978	4998	9998
5	4998	4978	4944	9999
5	4999	4949	4936	10000
5	4999	4936	4970	10001
5	5108	5074	5027	10002
5	5007	4945	4924	10003
5	5024	4992	4963	10004
5	5225	5200	5218	10005
5	5068	4987	5020	10006
5	5150	5079	5110	10007
5	5032	4994	4961	10008
5	5094	4994	5032	10009
5	5069	5017	4984	10010
5	5090	5069	5011	10011
5	5013	5005	4965	10012
5	5040	5009	4948	10013
5	5041	4976	4990	10014
5	5091	5065	5033	10015
5	5112	5099	5074	10016
5	5056	5000	5031	10017
5	5008	4965	4917	10018
5	5008	4917	4959	10019
5	5055	4985	5039	10020
5	5009	4972	4948	10021
5	5010	5007	4958	10022
5	5010	4958	5000	10023
5	5011	4984	4964	10024
5	5011	4964	4997	10025
5	5014	4982	4956	10026
5	5014	4956	4980	10027
5	5221	5203	245	10028
5	5116	5064	5104	10029
5	5117	5078	233	10030
5	5077	5014	5046	10031
5	5118	5044	5089	10032
5	5025	4991	4953	10033
5	5016	4993	4969	10034
5	5016	4969	4989	10035
5	5142	5135	5093	10036
5	5175	5142	5132	10037
5	5018	4989	4962	10038
5	5018	4962	5004	10039
5	5019	4990	4973	10040
5	5073	4990	5019	10041
5	5020	4987	4977	10042
5	5020	4977	5002	10043
5	5021	5001	4967	10044
5	5021	4967	4992	10045
5	5022	5019	4973	10046
5	5022	4973	4916	10047
5	5023	4986	4949	10048
5	5023	4949	4999	10049
5	5188	5119	5154	10050
5	5056	5010	5000	10051
5	5071	5025	4983	10052
5	5052	4991	5025	10053
5	5120	5083	5102	10054
5	5082	5026	5045	10055
5	5027	4954	4955	10056
5	5027	4955	4979	10057
5	5079	5016	5048	10058
5	5216	228	5179	10059
5	5029	5003	4951	10060
5	5029	4951	4981	10061
5	5030	4979	4945	10062
5	5030	4945	5007	10063
5	5081	5015	5060	10064
5	5058	5031	5001	10065
5	5121	5088	5094	10066
5	5095	5043	5072	10067
5	5198	222	5194	10068
5	5123	5091	5066	10069
5	5126	5051	5083	10070
5	5173	5145	5163	10071
5	5125	5053	5099	10072
5	5125	5090	5053	10073
5	5036	5008	4959	10074
5	5036	4959	4982	10075
5	5136	231	5095	10076
5	5204	5175	213	10077
5	5075	5038	4987	10078
5	5049	4995	5038	10079
5	5126	5098	5051	10080
5	5055	5039	5054	10081
5	5102	5055	5054	10082
5	5100	5054	5070	10083
5	5041	5033	5006	10084
5	5041	5006	4976	10085
5	5042	5039	4998	10086
5	5042	4998	4972	10087
5	5043	5012	4988	10088
5	5095	231	232	10089
5	5119	5085	5058	10090
5	5169	5085	5119	10091
5	5045	5026	4986	10092
5	5045	4986	5023	10093
5	5057	4982	5014	10094
5	5046	5014	4980	10095
5	5172	5150	5110	10096
5	5127	5050	5079	10097
5	5048	5016	4989	10098
5	5048	4989	5018	10099
5	5182	209	210	10100
5	5181	5161	5167	10101
5	5127	5080	5050	10102
5	5172	5110	5156	10103
5	5051	5023	4999	10104
5	5051	4999	5034	10105
5	5076	5052	5025	10106
5	5118	5101	5044	10107
5	5053	5011	4997	10108
5	5053	4997	5035	10109
5	5054	5042	5009	10110
5	5086	5040	5064	10111
5	5163	5126	5120	10112
5	5193	243	244	10113
5	5067	5027	4979	10114
5	5103	5059	5010	10115
5	5133	5081	5060	10116
5	5062	5008	5036	10117
5	5085	5056	5031	10118
5	5199	5146	5190	10119
5	5101	5058	5021	10120
5	5149	5125	5099	10121
5	5212	5170	5201	10122
5	5218	5200	5176	10123
5	5061	5032	5003	10124
5	5061	5003	5029	10125
5	5115	5062	5087	10126
5	5115	5104	5062	10127
5	5063	5020	5002	10128
5	5063	5002	5028	10129
5	5064	5040	5005	10130
5	5064	5005	5013	10131
5	5094	5032	5061	10132
5	5130	5065	5091	10133
5	5164	5131	5107	10134
5	5049	5022	4995	10135
5	5108	5027	5067	10136
5	5215	209	5162	10137
5	5137	5063	5080	10138
5	5131	5068	5107	10139
5	5132	5093	5069	10140
5	5175	5132	5155	10141
5	5075	4987	5068	10142
5	5106	5073	5097	10143
5	5196	5176	5153	10144
5	5081	5071	5015	10145
5	5072	5043	4988	10146
5	5072	4988	5037	10147
5	5073	5066	5041	10148
5	5073	5041	4990	10149
5	5074	5035	5027	10150
5	5206	5162	5128	10151
5	5097	5073	5019	10152
5	5122	5075	5096	10153
5	5089	5044	5024	10154
5	5089	5024	5052	10155
5	5117	5046	5078	10156
5	5077	234	235	10157
5	5078	5046	5012	10158
5	5078	5012	5043	10159
5	5150	5127	5079	10160
5	5151	5137	5080	10161
5	5151	5080	5127	10162
5	5131	5096	5068	10163
5	5176	5143	5133	10164
5	5152	5113	5076	10165
5	5168	5139	5100	10166
5	5227	5218	5196	10167
5	5083	5051	5034	10168
5	5083	5034	5055	10169
5	5084	5067	5030	10170
5	5084	5030	5059	10171
5	5157	5114	5103	10172
5	5114	5059	5103	10173
5	5138	5070	5086	10174
5	5102	5083	5055	10175
5	5087	5062	5036	10176
5	5087	5036	5057	10177
5	5088	5072	5037	10178
5	5136	5095	5072	10179
5	5213	5190	5210	10180
5	5196	5153	5170	10181
5	5202	5157	5195	10182
5	5093	5017	5069	10183
5	5185	5165	5123	10184
5	5130	5105	5065	10185
5	5092	5048	5018	10186
5	5092	5018	5047	10187
5	5156	5110	5092	10188
5	5142	5093	5132	10189
5	5094	5088	5037	10190
5	5094	5037	4994	10191
5	5136	5072	5088	10192
5	5136	230	231	10193
5	5096	5075	5068	10194
5	5137	5107	5063	10195
5	5109	5038	5075	10196
5	5123	5066	5106	10197
5	5098	5045	5023	10198
5	5098	5023	5051	10199
5	5099	5053	5035	10200
5	5099	5035	5074	10201
5	5148	5086	5116	10202
5	5178	5135	5142	10203
5	5226	203	204	10204
5	5119	5058	5101	10205
5	5163	5145	5126	10206
5	5126	5083	5120	10207
5	5157	5103	5140	10208
5	5128	5108	5067	10209
5	5104	5064	5013	10210
5	5104	5013	5062	10211
5	5158	5141	5105	10212
5	5105	5061	5029	10213
5	5134	5106	5097	10214
5	5122	5109	5075	10215
NPOIN= 5233
9.997500181200000e-01	-3.632839449065447e-05	0
9.990000128750000e-01	-1.452177221419331e-04	1
9.977599978450000e-01	-3.247161340580944e-04	2
9.960200190539999e-01	-5.748664554072986e-04	3
9.937800168990000e-01	-8.927399137724329e-04	4
9.910500049590000e-01	-1.272116911753724e-03	5
9.878399968150000e-01	-1.705394023809960e-03	6
9.841300249100000e-01	-2.188842968997186e-03	7
9.799500107769999e-01	-2.714197072752618e-03	8
9.752799868580000e-01	-3.283767224405403e-03	9
9.701499938960000e-01	-3.898696483253375e-03	10
9.645400047300000e-01	-4.570104424204457e-03	11
9.584699869160000e-01	-5.305279113830001e-03	12
9.519400000570000e-01	-6.111423261450240e-03	13
9.449599981310000e-01	-6.989662460331266e-03	14
9.375399947170000e-01	-7.935855799887509e-03	15
9.296900033950000e-01	-8.942159355787946e-03	16
9.214000105860000e-01	-1.000201059353906e-02	17
9.126999974250000e-01	-1.110456426680472e-02	18
9.035800099370001e-01	-1.224605986532070e-02	19
8.940600156780000e-01	-1.342108313917965e-02	20
8.841500282290000e-01	-1.462708287306740e-02	21
8.738499879840000e-01	-1.586352863161111e-02	22
8.631799817090000e-01	-1.712762385675290e-02	23
8.521599769590000e-01	-1.841643009616211e-02	24
8.407700061800000e-01	-1.973129694306586e-02	25
8.290500044819999e-01	-2.106629481221942e-02	26
8.170099854470000e-01	-2.241880493815050e-02	27
8.046399950980000e-01	-2.378830251573317e-02	28
7.919700145720000e-01	-2.516978705786907e-02	29
7.790099978450000e-01	-2.656054781633492e-02	30
7.657799720760000e-01	-2.795685790467757e-02	31
7.522799968720000e-01	-2.935715047699073e-02	32
7.385200262070000e-01	-3.075880794071067e-02	33
7.245299816130000e-01	-3.215723985596296e-02	34
7.103199958800001e-01	-3.354992234775574e-02	35
6.958900094030001e-01	-3.493528300401243e-02	36
6.812700033190000e-01	-3.630884613952133e-02	37
6.664699912070000e-01	-3.766807799299954e-02	38
6.514999866490000e-01	-3.901040141080371e-02	39
6.363800168040000e-01	-4.033232324362354e-02	40
6.211299896240000e-01	-4.163039373498617e-02	41
6.057599782940000e-01	-4.290199610686268e-02	42
5.902799963950000e-01	-4.414445077381954e-02	43
5.747100114820000e-01	-4.535424179365658e-02	44
5.590599775310000e-01	-4.652861517099798e-02	45
5.433599948880000e-01	-4.766330399467564e-02	46
5.276100039480000e-01	-4.875623461813361e-02	47
5.118399858470000e-01	-4.980317995152220e-02	48
4.960500001910000e-01	-5.080191955285941e-02	49
4.802699983120000e-01	-5.174827732850405e-02	50
4.645099937920000e-01	-5.263935868303243e-02	51
4.487800002100000e-01	-5.347219706942735e-02	52
4.331099987030000e-01	-5.424281220267716e-02	53
4.174999892710000e-01	-5.494877324630571e-02	54
4.019699990750000e-01	-5.558665756277054e-02	55
3.865399956700000e-01	-5.615317421233277e-02	56
3.712300062180000e-01	-5.664518634812533e-02	57
3.560400009160000e-01	-5.706024219204601e-02	58
3.409900069240000e-01	-5.739529954854136e-02	59
3.261100053790000e-01	-5.764739816614758e-02	60
3.113999962810000e-01	-5.781431791317144e-02	61
2.968699932100000e-01	-5.789364474194927e-02	62
2.825500071050000e-01	-5.788310686221587e-02	63
2.684499919410000e-01	-5.778082511511448e-02	64
2.545700073240000e-01	-5.758486332608397e-02	65
2.409400045870000e-01	-5.729386841701961e-02	66
2.275699973110000e-01	-5.690656624427772e-02	67
2.144699990750000e-01	-5.642184816650349e-02	68
2.016600072380000e-01	-5.583927535420331e-02	69
1.891400069000000e-01	-5.515776999343786e-02	70
1.769299954180000e-01	-5.437745130984062e-02	71
1.650400012730000e-01	-5.349824123885763e-02	72
1.534900069240000e-01	-5.252117494400822e-02	73
1.422899961470000e-01	-5.144695107800810e-02	74
1.314399987460000e-01	-5.027539107344559e-02	75
1.209499984980000e-01	-4.900732301646718e-02	76
1.108499988910000e-01	-4.764663480813869e-02	77
1.011300012470000e-01	-4.619236722785287e-02	78
9.181000292300000e-02	-4.464781536589292e-02	79
8.290000259900000e-02	-4.301530818132118e-02	80
7.440000027400000e-02	-4.129538897887771e-02	81
6.633000075800000e-02	-3.949279713692721e-02	82
5.869000032500000e-02	-3.760837243170282e-02	83
5.149000138000000e-02	-3.564525793535612e-02	84
4.473999887700000e-02	-3.360706180578731e-02	85
3.844000026600000e-02	-3.149446929297202e-02	86
3.260000050100000e-02	-2.931129877063348e-02	87
2.723000012300000e-02	-2.706214899459232e-02	88
2.232000045500000e-02	-2.474273305750825e-02	89
1.789999939500000e-02	-2.236788227820321e-02	90
1.394999958600000e-02	-1.992730248872033e-02	91
1.049000024800000e-02	-1.743283118454505e-02	92
7.519999985000000e-03	-1.488573047125118e-02	93
5.040000193000000e-03	-1.228637631395381e-02	94
3.049999941000000e-03	-9.633226310588584e-03	95
1.560000004000000e-03	-6.941138337322033e-03	96
5.600000150000000e-04	-4.188143717213221e-03	97
5.999999800000000e-05	-1.379344452355832e-03	98
0.000000000000000e+00	0.000000000000000e+00	99
5.999999800000000e-05	1.382923296550429e-03	100
5.600000150000000e-04	4.192901429203935e-03	101
1.560000004000000e-03	6.931531565313374e-03	102
3.049999941000000e-03	9.591440336494469e-03	103
5.040000193000000e-03	1.219354924357191e-02	104
7.519999985000000e-03	1.472315809269919e-02	105
1.049000024800000e-02	1.718222105811977e-02	106
1.394999958600000e-02	1.957110686669942e-02	107
1.789999939500000e-02	2.188956690419795e-02	108
2.232000045500000e-02	2.412762207592324e-02	109
2.723000012300000e-02	2.629637395553660e-02	110
3.260000050100000e-02	2.838349174596229e-02	111
3.844000026600000e-02	3.039466847219850e-02	112
4.473999887700000e-02	3.232743197519547e-02	113
5.149000138000000e-02	3.418016783716915e-02	114
5.869000032500000e-02	3.595419471631457e-02	115
6.633000075800000e-02	3.764824299589550e-02	116
7.440000027400000e-02	3.926153437242436e-02	117
8.290000259900000e-02	4.079539171977194e-02	118
9.181000292300000e-02	4.224768683233308e-02	119
1.011300012470000e-01	4.362004609612549e-02	120
1.108499988910000e-01	4.491250332072810e-02	121
1.209499984980000e-01	4.612421434590559e-02	122
1.314399987460000e-01	4.725809057042974e-02	123
1.422899961470000e-01	4.831266580623994e-02	124
1.534900069240000e-01	4.928911987027755e-02	125
1.650400012730000e-01	5.018946954212170e-02	126
1.769299954180000e-01	5.101484455576605e-02	127
1.891400069000000e-01	5.176590827449223e-02	128
2.016600072380000e-01	5.244420053388452e-02	129
2.144699990750000e-01	5.305085921782288e-02	130
2.275699973110000e-01	5.358804550451218e-02	131
2.409400045870000e-01	5.405701825655724e-02	132
2.545700073240000e-01	5.445949549043656e-02	133
2.684499919410000e-01	5.479712790105058e-02	134
2.825500071050000e-01	5.507113636302702e-02	135
2.968699932100000e-01	5.528336412292652e-02	136
3.113999962810000e-01	5.543523876963252e-02	137
3.261100053790000e-01	5.552793069115596e-02	138
3.409900069240000e-01	5.556273716038497e-02	139
3.560400009160000e-01	5.554069152938255e-02	140
3.712300062180000e-01	5.546264410142541e-02	141
3.865399956700000e-01	5.532936764192604e-02	142
4.019699990750000e-01	5.514121617481966e-02	143
4.174999892710000e-01	5.489846555879502e-02	144
4.331099987030000e-01	5.460123636429573e-02	145
4.487800002100000e-01	5.424949469377715e-02	146
4.645099937920000e-01	5.384250643413422e-02	147
4.802699983120000e-01	5.338005863239956e-02	148
4.960500001910000e-01	5.286127426257687e-02	149
5.118399858470000e-01	5.228505226584994e-02	150
5.276100039480000e-01	5.165093881900731e-02	151
5.433599948880000e-01	5.095726156177126e-02	152
5.590599775310000e-01	5.020359156784544e-02	153
5.747100114820000e-01	4.938815689167602e-02	154
5.902799963950000e-01	4.851080590039496e-02	155
6.057599782940000e-01	4.757056369706553e-02	156
6.211299896240000e-01	4.656730747921031e-02	157
6.363800168040000e-01	4.550063520351272e-02	158
6.514999866490000e-01	4.437048712302479e-02	159
6.664699912070000e-01	4.317802816032224e-02	160
6.812700033190000e-01	4.192512505781524e-02	161
6.958900094030001e-01	4.061349177947179e-02	162
7.103199958800001e-01	3.924547317207651e-02	163
7.245299816130000e-01	3.782613789657639e-02	164
7.385200262070000e-01	3.635843823936185e-02	165
7.522799968720000e-01	3.484698604754300e-02	166
7.657799720760000e-01	3.329941363060081e-02	167
7.790099978450000e-01	3.172194973376457e-02	168
7.919700145720000e-01	3.012014639370576e-02	169
8.046399950980000e-01	2.850245726431468e-02	170
8.170099854470000e-01	2.687651235843129e-02	171
8.290500044819999e-01	2.525290673499082e-02	172
8.407700061800000e-01	2.363701780350805e-02	173
8.521599769590000e-01	2.203683087624967e-02	174
8.631799817090000e-01	2.046457232775470e-02	175
8.738499879840000e-01	1.892382446841719e-02	176
8.841500282290000e-01	1.742354931183486e-02	177
8.940600156780000e-01	1.597226774156791e-02	178
9.035800099370001e-01	1.457463359291023e-02	179
9.126999974250000e-01	1.323526699808329e-02	180
9.214000105860000e-01	1.195811727534124e-02	181
9.296900033950000e-01	1.074020415579513e-02	182
9.375399947170000e-01	9.582085928164893e-03	183
9.449599981310000e-01	8.477194291869815e-03	184
9.519400000570000e-01	7.422546550250290e-03	185
9.584699869160000e-01	6.417956756333121e-03	186
9.645400047300000e-01	5.467446529511992e-03	187
9.701499938960000e-01	4.577494813518492e-03	188
9.752799868580000e-01	3.759848864004359e-03	189
9.799500107769999e-01	3.019204626638141e-03	190
9.841300249100000e-01	2.365120440973110e-03	191
9.878399968150000e-01	1.795257363730528e-03	192
9.910500049590000e-01	1.311643420595062e-03	193
9.937800168990000e-01	9.070397282816850e-04	194
9.960200190539999e-01	5.788238792156253e-04	195
9.977599978450000e-01	3.254489917036570e-04	196
9.990000128750000e-01	1.452845375286765e-04	197
9.997500181200000e-01	3.632945265891508e-05	198
1.000000000000000e+00	0.000000000000000e+00	199
1.984229087829600e+01	2.506659984589000e+00	200
1.937166023254400e+01	4.973800182343000e+00	201
1.859552955627400e+01	7.362490177155000e+00	202
1.752613067627000e+01	9.635069847106999e+00	203
1.618033981323200e+01	1.175570964813200e+01	204
1.457936954498300e+01	1.369093990325900e+01	205
1.274847984314000e+01	1.541026973724400e+01	206
1.071654033660900e+01	1.688656044006300e+01	207
8.515589714050000e+00	1.809654045105000e+01	208
6.180339813232000e+00	1.902112960815400e+01	209
3.747629880905000e+00	1.964575004577600e+01	210
1.255810022354000e+00	1.996052932739300e+01	211
-1.255810022354000e+00	1.996052932739300e+01	212
-3.747629880905000e+00	1.964574050903300e+01	213
-6.180339813232000e+00	1.902112960815400e+01	214
-8.515589714050000e+00	1.809654045105000e+01	215
-1.071654033660900e+01	1.688656044006300e+01	216
-1.274847984314000e+01	1.541026020050000e+01	217
-1.457936954498300e+01	1.369093990325900e+01	218
-1.618033981323200e+01	1.175570011138900e+01	219
-1.752613067627000e+01	9.635069847106999e+00	220
-1.859552955627400e+01	7.362490177155000e+00	221
-1.937166023254400e+01	4.973800182343000e+00	222
-1.984229087829600e+01	2.506659984589000e+00	223
-2.000000000000000e+01	0.000000000000000e+00	224
-1.984229087829600e+01	-2.506669998169000e+00	225
-1.937166023254400e+01	-4.973800182343000e+00	226
-1.859552955627400e+01	-7.362490177155000e+00	227
-1.752613067627000e+01	-9.635080337524000e+00	228
-1.618033981323200e+01	-1.175570964813200e+01	229
-1.457936954498300e+01	-1.369093990325900e+01	230
-1.274847984314000e+01	-1.541026973724400e+01	231
-1.071652984619100e+01	-1.688656044006300e+01	232
-8.515580177306999e+00	-1.809654045105000e+01	233
-6.180339813232000e+00	-1.902112960815400e+01	234
-3.747620105743000e+00	-1.964575004577600e+01	235
-1.255810022354000e+00	-1.996052932739300e+01	236
1.255810022354000e+00	-1.996052932739300e+01	237
3.747629880905000e+00	-1.964574050903300e+01	238
6.180339813232000e+00	-1.902112960815400e+01	239
8.515589714050000e+00	-1.809654045105000e+01	240
1.071654033660900e+01	-1.688656044006300e+01	241
1.274847984314000e+01	-1.541026020050000e+01	242
1.457936954498300e+01	-1.369093990325900e+01	243
1.618033981323200e+01	-1.175570011138900e+01	244
1.752614021301300e+01	-9.635069847106999e+00	245
1.859552955627400e+01	-7.362490177155000e+00	246
1.937166023254400e+01	-4.973790168762000e+00	247
1.984229087829600e+01	-2.506659984589000e+00	248
2.000000000000000e+01	0.000000000000000e+00	249
6.075919981805696e-02	-4.552782021283321e-02	250
6.602172972542689e-01	-5.205242457286526e-02	251
4.257269748827169e-01	6.907587468490400e-02	252
6.898376208796502e-01	5.453887003955893e-02	253
3.793326471486521e-01	-7.043433514754066e-02	254
9.994583249880763e-01	-7.197477561800482e-04	255
9.985407236234929e-01	-1.310021149758683e-03	256
7.736721398189794e-01	-3.938375409268969e-02	257
6.898448124214244e-01	-4.901768741062277e-02	258
-1.429247864298121e-03	6.457281703803956e-03	259
7.466789259266111e-01	-4.266104549679832e-02	260
5.834393582257194e-01	6.313269493728078e-02	261
9.927596417831501e-01	-3.551719919067233e-03	262
9.898498893700354e-01	-4.401635068086964e-03	263
5.990076199296133e-01	6.213027024379891e-02	264
7.187053717333650e-01	-4.587611713940700e-02	265
-1.588390543770216e-03	7.664987707003572e-04	266
9.864463474187443e-01	-5.309565766067736e-03	267
9.825588726511183e-01	-6.260849815635064e-03	268
-1.443026963570837e-03	-6.469916427282368e-03	269
6.451555638202248e-01	-5.352279226436565e-02	270
8.242664484248174e-01	-3.278227885820552e-02	271
7.995622725906134e-01	-3.609029848311911e-02	272
3.486434744054467e-01	6.940466285370860e-02	273
8.476548482726907e-01	-2.950706072498207e-02	274
2.474276181551970e-01	6.684009164882949e-02	275
8.696657453820086e-01	-2.627469905252496e-02	276
9.993218917730777e-03	2.150640240359391e-02	277
8.901922871337673e-01	-2.311220542069673e-02	278
7.704944411080014e-02	-4.992754247802951e-02	279
9.091610271410241e-01	-2.004180439752436e-02	280
-1.932623855445684e-03	-3.189003777483878e-03	281
9.421046313147809e-01	-1.430349993705448e-02	282
9.264905074650888e-01	-1.708969941466418e-02	283
1.791727153745903e-02	-2.757572312778810e-02	284
4.259514766610054e-01	-6.889851968678939e-02	285
8.588416369046132e-01	-2.788148107172891e-02	286
9.559620148549773e-01	-1.173600689816708e-02	287
9.781819314508139e-01	-7.270989575078586e-03	288
9.680087214672404e-01	-9.396663574085393e-03	289
1.583464940002396e-01	-6.359202405123413e-02	290
8.998784233502499e-01	-2.156439051116582e-02	291
7.603082449020524e-01	-4.102756105486126e-02	292
9.971135105892145e-01	-2.040236454907865e-03	293
5.991602665854994e-01	-5.770636093481799e-02	294
4.416519365382967e-01	-6.822019073403074e-02	295
5.364902358771629e-01	-6.263297319639417e-02	296
4.732163562529654e-01	-6.663426746383568e-02	297
5.048656207233380e-01	-6.476374676081814e-02	298
4.890297047708505e-01	-6.573248630672786e-02	299
1.250086358395072e-01	-5.923788984632750e-02	300
2.783009410228438e-02	-3.309102349501263e-02	301
3.947796620066091e-01	-7.000935396758733e-02	302
4.622469428778059e-02	-4.079576885290459e-02	303
4.103206208404073e-01	-6.949713562974581e-02	304
3.189071520696665e-01	-7.121173717188201e-02	305
3.488158809677142e-01	-7.101696669619398e-02	306
3.350071617782165e-02	-3.572354100183123e-02	307
2.896880773402867e-01	-7.101098107157952e-02	308
9.345158149526326e-01	-1.567088627419409e-02	309
1.468793304713940e-01	-6.224395971475070e-02	310
1.947544415804758e-01	-6.697235856077730e-02	311
8.582932125455139e-02	-5.198888242671394e-02	312
1.046327004723573e-01	-5.582353732603026e-02	313
5.679663389749552e-01	-6.027849109667806e-02	314
1.701579248704483e-01	-6.483229186545192e-02	315
6.146187603445364e-01	-5.634977119479612e-02	316
8.801230049529338e-01	-2.468451753636365e-02	317
2.264626129944301e-02	-3.037327192488985e-02	318
9.951859144427381e-01	-2.775452916388979e-03	319
6.672380269138269e-03	-1.885947453937578e-02	320
1.799638377501753e-02	2.702732631678861e-02	321
9.180342458869954e-01	-1.854827516454137e-02	322
9.492595156207381e-01	-1.299121145383741e-02	323
9.733313171320719e-01	-8.308651902237771e-03	324
-1.430593630793238e-04	9.600354998595038e-03	325
8.361276702782843e-01	-3.113940869181548e-02	326
2.474769080376376e-01	-6.993941307824460e-02	327
5.522580883940956e-01	-6.148656999512683e-02	328
7.328049170566302e-01	-4.427567254609269e-02	329
7.867570892347063e-01	-3.773851130989631e-02	330
1.146259126849941e-01	-5.758978964837331e-02	331
2.205630669879432e-01	-6.867166252869114e-02	332
5.836103174811207e-01	-5.901685479095226e-02	333
6.751106503727643e-01	-5.055003202979227e-02	334
5.325904355297868e-02	-4.321265118238129e-02	335
3.898289738905208e-03	-1.584045589002511e-02	336
1.368801052245404e-02	-2.474255402116600e-02	337
3.640135026085014e-01	-7.077290896735325e-02	338
1.823067843650095e-01	-6.595883797347564e-02	339
9.999310034743922e-01	-3.801535795044990e-04	340
2.338796232519244e-01	-6.935933464205948e-02	341
9.502854432710152e-02	-5.395632281125700e-02	342
3.042002364689853e-01	-7.116620907097243e-02	343
2.613203590180070e-01	-7.039685318973593e-02	344
4.574113089704203e-01	-6.746653145196164e-02	345
7.043689874771311e-01	-4.746041929669945e-02	346
-1.928718516974440e-03	3.188200421673041e-03	347
-1.659937463219929e-04	-9.639632413631393e-03	348
5.362769115684761e-01	6.567454218888574e-02	349
-1.588569896689237e-03	-7.655637744778537e-04	350
2.792667487792382e-02	3.225332566266957e-02	351
5.337952516448053e-02	4.168646073861983e-02	352
3.974566286472588e-02	3.713134326142020e-02	353
1.147375239956639e-01	5.485104070090831e-02	354
4.101032312247455e-01	6.928226499478332e-02	355
9.971235224329419e-01	2.053178210467027e-03	356
5.204659275221826e-01	6.637492691973340e-02	357
4.729824745041970e-01	6.804306789826677e-02	358
9.734201333454144e-01	8.876052357947015e-03	359
9.623366741839432e-01	1.148901874032503e-02	360
8.903706206157392e-01	2.577346561812416e-02	361
4.887969743593460e-01	6.755793515931005e-02	362
4.414222698320270e-01	6.880104148725631e-02	363
3.791348672191109e-01	6.948126855623671e-02	364
9.266463430683787e-01	1.893515460744199e-02	365
9.093285854988623e-01	2.226015153683321e-02	366
7.717468899296549e-02	4.785172888300892e-02	367
9.782543909225959e-01	7.672637782862633e-03	368
9.560904327099455e-01	1.288153979836701e-02	369
9.422485328398350e-01	1.580994739527337e-02	370
9.515018300275641e-02	5.153153264928437e-02	371
6.088230172854261e-02	4.381773306232666e-02	372
2.895809941196044e-01	6.837823197033449e-02	373
2.612513354881160e-01	6.742346089183697e-02	374
1.702165949967977e-01	6.157816560514259e-02	375
3.187650604871546e-01	6.903572750379522e-02	376
4.571784639269284e-01	6.845899549761712e-02	377
3.945712429829140e-01	6.941683945787716e-02	378
1.469638525932235e-01	5.913935814561753e-02	379
1.251126510209569e-01	5.636097242618316e-02	380
6.298359112870989e-01	5.989847613237916e-02	381
1.947812305363009e-01	6.366150850657291e-02	382
2.205531814368543e-01	6.540938076541773e-02	383
6.601571840834356e-01	5.736784014724474e-02	384
5.677790646394411e-01	6.405867131594176e-02	385
7.467716208470608e-01	4.808297526964347e-02	386
7.187504052650499e-01	5.143102671073403e-02	387
7.997238376228289e-01	4.082518423922509e-02	388
7.738046219475918e-01	4.452299210885698e-02	389
8.478413382142653e-01	3.321675310768115e-02	390
8.244456122154661e-01	3.702720637753898e-02	391
9.000516580934456e-01	2.399487045749483e-02	392
8.698512358985504e-01	2.944334585369662e-02	393
9.493965390701884e-01	1.432226290547530e-02	394
9.181959146948766e-01	2.057271984845982e-02	395
9.681128981058118e-01	1.015101947423040e-02	396
8.590285301965620e-01	3.131877769045420e-02	397
8.803055766106882e-01	2.759289366046606e-02	398
8.122429668467828e-01	3.893506926286249e-02	399
8.363116245716099e-01	3.511994800905777e-02	400
7.604220751646147e-01	4.632533501837491e-02	401
7.869055032415683e-01	4.268870621966068e-02	402
7.043881542767951e-01	5.301987322717583e-02	403
7.328744971788753e-01	4.978414076634754e-02	404
6.450699497222934e-01	5.867237400235197e-02	405
6.750767552764240e-01	5.598962997571556e-02	406
5.520565876193531e-01	6.490749163758891e-02	407
6.144866048263440e-01	6.105105292325341e-02	408
2.075267452767910e-01	6.457655130807256e-02	409
2.338502779440456e-01	6.616375035541307e-02	410
1.584188967315366e-01	6.040192541604102e-02	411
1.823501366511218e-01	6.266390150967559e-02	412
4.634077307424300e-02	3.945057035559305e-02	413
1.358653891465782e-01	5.779582438418276e-02	414
1.375794740014004e-02	2.431854228100031e-02	415
3.360453466164812e-02	3.472468170159222e-02	416
2.075178374898501e-01	-6.787694768727105e-02	417
3.939545379454281e-03	1.569773988479198e-02	418
9.622190947163223e-01	-1.053829149114051e-02	419
8.120711696646796e-01	-3.443695741679016e-02	420
3.337726904308125e-01	-7.115995399203791e-02	421
5.206885622788427e-01	-6.372853649048917e-02	422
1.653385354405245e-03	1.268814367163577e-02	423
2.273442219688850e-02	2.968596867812201e-02	424
6.723082068219976e-03	1.863947185438189e-02	425
8.595353308504000e-02	4.973540659545114e-02	426
6.881334385363752e-02	4.587831115456770e-02	427
2.753100401339845e-01	6.793666865089631e-02	428
1.047501374061847e-01	5.323618679656471e-02	429
9.826149873680446e-01	6.526661568764106e-03	430
9.864880995636623e-01	5.473943776953544e-03	431
3.040750883737914e-01	6.874774333760934e-02	432
9.898796385078018e-01	4.496327475295961e-03	433
9.927804612298816e-01	3.603007766622889e-03	434
3.336149316279846e-01	6.925286494876025e-02	435
3.638277152997987e-01	6.947941869302116e-02	436
9.346658000389465e-01	1.734628089402515e-02	437
9.999334898989588e-01	3.795469777637842e-04	438
9.985472712003407e-01	1.315513069128287e-03	439
9.994624724236719e-01	7.211765777629386e-04	440
6.299457034536668e-01	-5.495452436263287e-02	441
3.963518224237952e-02	-3.830004839855005e-02	442
9.952004024261903e-01	2.801859655662781e-03	443
5.046365293193241e-01	6.700335810721735e-02	444
1.621352939674678e-03	-1.277070445065625e-02	445
9.932997543738787e-03	-2.182022304990914e-02	446
6.868849024908327e-02	-4.777219788077877e-02	447
1.357703620605071e-01	-6.079542739585586e-02	448
2.753983928037631e-01	-7.075441068922762e-02	449
7.093760322770376e-02	5.526038689633338e-02	450
-3.571022306894607e-03	9.151955412036271e-03	451
-4.513336028647649e-03	5.240752077149016e-03	452
2.822708155821834e-01	-8.538342663775342e-02	453
6.986979916329787e-01	-6.307490678015679e-02	454
9.150997594475151e-01	-2.836880636073167e-02	455
5.501772174753681e-03	-2.340154335504498e-02	456
5.767164932059927e-01	7.947461117229118e-02	457
6.840411684381251e-01	-6.481069819432957e-02	458
7.818889419713122e-01	-5.192538267890400e-02	459
9.890778416800791e-01	-8.269828410225086e-03	460
3.263860530437767e-01	-8.629361920609617e-02	461
8.548941973284089e-01	-4.011615824246278e-02	462
8.318685911277847e-01	-4.407637847976355e-02	463
8.842177648656167e-02	-6.220269405116634e-02	464
-3.608925483030192e-03	-9.183271483453371e-03	465
2.132180388280878e-01	-8.150090451178135e-02	466
1.305564778141081e-02	-3.022391688310679e-02	467
9.603416854321314e-01	-1.754054510020521e-02	468
1.512240830475423e-01	-7.448662964695636e-02	469
7.131532888360743e-01	-6.129273311470106e-02	470
6.541900488804222e-01	-6.815846545178172e-02	471
4.503006270553717e-01	-8.388215364146578e-02	472
7.934188329829711e-02	-5.974992334356807e-02	473
3.874884857530307e-01	-8.592407623881802e-02	474
8.965962221767684e-01	-3.223154602934947e-02	475
7.948340034399065e-01	-4.999094594204265e-02	476
5.612279072284886e-03	2.312937000321329e-02	477
1.773530602239204e-02	3.290188713472851e-02	478
6.691020838649192e-01	7.177188380146589e-02	479
8.439291284928392e-01	4.588242202992973e-02	480
1.080509210916394e-01	6.419273298273601e-02	481
6.840004303461532e-01	7.017425933190326e-02	482
1.631074575433453e-01	7.300255238374856e-02	483
8.768881914393510e-01	3.916271534271788e-02	484
9.891578553229572e-01	8.417487834238456e-03	485
3.410937509157994e-01	8.467390481092193e-02	486
5.133749259762465e-01	8.276471042512289e-02	487
9.541769289954807e-01	2.041021330828248e-02	488
8.871231424879831e-01	3.694446951382949e-02	489
9.922123650414677e-01	6.943617739442937e-03	490
9.605883473698044e-01	1.852782908470544e-02	491
9.815657976128310e-01	1.152626405684841e-02	492
2.399908344064208e-01	8.037444475806552e-02	493
3.260790783895612e-01	8.431872356583574e-02	494
2.264642760059514e-01	7.938262955806809e-02	495
9.816381921692552e-02	6.211394407205678e-02	496
6.691971863555166e-01	-6.650811786116474e-02	497
2.002002931919824e-01	-8.034796310189479e-02	498
9.161662727651213e-03	2.645117962477088e-02	499
1.400191698261125e-01	6.974666277275991e-02	500
4.754180051758691e-02	4.759890267611189e-02	501
9.720176757206503e-01	1.491009416384277e-02	502
9.947885046160457e-01	5.627439495856595e-03	503
8.969623792880074e-01	3.475068447362846e-02	504
1.629730230316926e-01	-7.614402630615168e-02	505
1.000203938244758e+00	2.309343572745577e-04	506
9.985176122693316e-01	2.996008707018717e-03	507
9.968976182366930e-01	4.321669286231574e-03	508
2.570729246914420e-03	1.972232392141332e-02	509
-2.025652255157153e-03	1.272885483330790e-02	510
2.479076767640330e-03	-1.991094817879665e-02	511
-3.871434958192603e-03	-1.665596986491202e-03	512
-3.043682756931680e-03	2.933134897092378e-07	513
1.756902745660471e-02	-3.351263436069950e-02	514
1.000202280246042e+00	-2.332879887148587e-04	515
6.245912957225894e-02	-5.453200330642944e-02	516
9.984970307974542e-01	-2.983752990897860e-03	517
9.947452933639179e-01	-5.575668133934256e-03	518
4.182945266396582e-01	8.510944419574945e-02	519
5.455481832355689e-01	-7.811959183641201e-02	520
9.854866970172156e-01	-9.679063480748958e-03	521
8.765071938307464e-01	-3.616121145155838e-02	522
5.923975349336760e-01	7.841400746083034e-02	523
9.921535607274540e-01	-6.853884332612674e-03	524
-4.531113600959272e-03	-5.248887249755779e-03	525
4.344918915709231e-01	-8.453698945651732e-02	526
4.026393779233938e-01	8.519746448346785e-02	527
8.435477624220686e-01	-4.210391191035714e-02	528
2.820702774546615e-01	8.273201159005464e-02	529
8.658830754332990e-01	-3.813082382871847e-02	530
8.867483992393640e-01	-3.418996400426227e-02	531
7.068586057746604e-02	-5.719194396152010e-02	532
9.060536595970484e-01	-3.029320059148796e-02	533
9.237305147171538e-01	-2.647127757447638e-02	534
9.470242886164392e-01	-2.098269756339430e-02	535
2.805499503811809e-02	-3.996104929682545e-02	536
9.539087074924952e-01	-1.924024988699126e-02	537
9.663199353337206e-01	-1.588722646686250e-02	538
9.814322333179830e-01	-1.118761315933140e-02	539
1.287943778201052e-01	-7.084077911490207e-02	540
7.551559584586334e-01	-5.575812745094218e-02	541
7.686635233673267e-01	-5.384760762858502e-02	542
9.968668842969026e-01	-4.294332388651647e-03	543
4.661668751574676e-01	-8.313329554696337e-02	544
4.820474541188521e-01	-8.229014459083507e-02	545
4.979382359964467e-01	-8.136760935661003e-02	546
2.256039088189077e-02	-3.679023957894909e-02	547
4.030737309062107e-01	-8.556753979018510e-02	548
4.187452126365027e-01	-8.510361449839028e-02	549
3.414312738467429e-01	-8.637159122628110e-02	550
4.043417380413232e-02	-4.605555270658370e-02	551
9.319354001081663e-01	-2.460131195768645e-02	552
9.396971734964343e-01	-2.276684777105929e-02	553
1.398359700805308e-01	-7.272006645182881e-02	554
9.792164878179781e-02	-6.455203023535598e-02	555
5.613514221716669e-01	-7.690611944466261e-02	556
6.082786386976116e-01	-7.279237716479485e-02	557
9.718239782795841e-01	-1.427735985434660e-02	558
9.768563570978696e-01	-1.271804835909284e-02	559
7.273900653129862e-01	-5.947425103598815e-02	560
7.413871067175889e-01	-5.763419846357886e-02	561
1.078183495588365e-01	-6.678412403821757e-02	562
1.181262538960354e-01	-6.887764391531769e-02	563
5.770814730347058e-01	-7.560305757663714e-02	564
5.927275253431002e-01	-7.422946991623663e-02	565
4.730439629343866e-02	-4.899851903241969e-02	566
5.467008667991646e-02	-5.182970229939104e-02	567
9.032425870442184e-03	-2.682183447432347e-02	568
3.566572227427007e-01	-8.633873843756096e-02	569
3.720139789863219e-01	-8.618263192300020e-02	570
1.750722170954726e-01	-7.767465605622553e-02	571
1.874835996144578e-01	-7.907511637465929e-02	572
2.265040890589752e-01	-8.253400420605234e-02	573
2.400712976468912e-01	-8.344514617956052e-02	574
2.967754003898557e-01	-8.581189424029413e-02	575
3.115011054659547e-01	-8.611506655189850e-02	576
2.539205898144595e-01	-8.421642917124690e-02	577
-3.868819955342820e-03	1.665588018221950e-03	578
-4.945720402086511e-05	-1.637846954421002e-02	579
4.066095947731273e-02	4.482850589543980e-02	580
9.855914830711063e-01	9.908884681664018e-03	581
5.292645458525662e-01	8.206823720719511e-02	582
4.974669783242542e-01	8.337291034645720e-02	583
4.815717541224227e-01	8.389055056289801e-02	584
4.656912764946854e-01	8.432806207703540e-02	585
9.770202968203437e-01	1.319308280740997e-02	586
9.665416700343247e-01	1.669314300588357e-02	587
9.240616973527186e-01	2.836546249456225e-02	588
4.498292906495976e-01	8.467341691673332e-02	589
4.340288961884907e-01	8.493099219489307e-02	590
3.870741637244159e-01	8.519328959494363e-02	591
9.154437473126968e-01	3.045804164168021e-02	592
9.473109275107062e-01	2.233334292946171e-02	593
6.270816598245271e-02	5.277756501607003e-02	594
5.491467417493601e-02	5.025284180979133e-02	595
2.537990599642494e-01	8.125630134469788e-02	596
2.678237387362767e-01	8.202698742576968e-02	597
1.513845851369056e-01	7.141926098473782e-02	598
1.289970488167729e-01	6.797944112419728e-02	599
1.183453472264405e-01	6.614419069251996e-02	600
7.951534870214314e-01	5.473129342485800e-02	601
7.415550721973247e-01	6.298079558026261e-02	602
7.275091548886671e-01	6.488603546709593e-02	603
7.821787317470392e-01	5.686213499807024e-02	604
8.322421013610551e-01	4.811202306416377e-02	605
9.064095004511539e-01	3.259029721057457e-02	606
8.662674236327118e-01	4.138788227546918e-02	607
8.552789537833230e-01	4.363354004039988e-02	608
8.202120650064980e-01	5.034373510371751e-02	609
8.078390327347120e-01	5.255826071231853e-02	610
7.689178367210073e-01	5.895347805510015e-02	611
7.553694063812926e-01	6.100180599692230e-02	612
7.132206619879440e-01	6.672991751486804e-02	613
6.987117223097544e-01	6.849627391708249e-02	614
6.540418182646687e-01	7.328127975863837e-02	615
6.388152702360130e-01	7.469647852174739e-02	616
5.609553029489963e-01	8.044013564171613e-02	617
5.451251966212290e-01	8.129425952875802e-02	618
6.234645344742068e-01	7.602114433359619e-02	619
6.079879352981465e-01	7.726215905014697e-02	620
2.132176367039798e-01	7.829805041182339e-02	621
2.002376039245132e-01	7.712176417023672e-02	622
1.875561479088716e-01	7.585243937486638e-02	623
1.751772032745013e-01	7.448079871572136e-02	624
1.320410390280204e-02	2.973954119008203e-02	625
3.422428712687527e-02	4.196501886781238e-02	626
2.825510363756880e-02	3.906020169917224e-02	627
8.074957705898529e-01	-4.803692437346235e-02	628
8.198509659914200e-01	-4.605901602040444e-02	629
5.138361677691363e-01	-8.035860545035770e-02	630
5.297095662729934e-01	-7.927072019473184e-02	631
2.381749552268918e-05	1.625780206096274e-02	632
2.274468041611621e-02	3.604008637460459e-02	633
8.867021786406837e-02	5.992724569593207e-02	634
7.959346811220662e-02	5.764399567896102e-02	635
3.112271407577136e-01	8.388781777397539e-02	636
2.965371883627282e-01	8.335836679445868e-02	637
3.716225958890509e-01	8.510915670116254e-02	638
3.562914128273112e-01	8.494239250973597e-02	639
9.399998975611517e-01	2.429618038193646e-02	640
9.322528996132475e-01	2.631021584687852e-02	641
6.237115044233441e-01	-7.129780158643279e-02	642
6.390145454129199e-01	-6.975465181118998e-02	643
3.401033682619875e-02	-4.302493015638337e-02	644
-2.080995586614261e-03	-1.279716464821899e-02	645
2.679852442827604e-01	-8.484735209599591e-02	646
-7.240773591806072e-03	-7.956567558648436e-03	647
3.956824322724578e-01	-1.033095574302338e-01	648
2.890290133469561e-01	-1.018628065490982e-01	649
7.905506674911655e-01	-6.566125472667800e-02	650
5.389362034138163e-01	-9.660533412525028e-02	651
9.215426207244434e-01	-3.718890462192031e-02	652
9.922160896551837e-01	1.088314275461719e-02	653
9.889603376880157e-01	1.300257012803953e-02	654
9.655643657613040e-01	2.424286250719239e-02	655
-1.944162708856685e-03	2.032511464085328e-02	656
9.948564191418081e-01	8.956316682832716e-03	657
9.994829115323323e-01	1.750668142205658e-03	658
1.000198636678394e+00	5.403633257917131e-04	659
9.987928669730962e-01	-5.019676429093827e-03	660
1.000460304441987e+00	-2.284684303142664e-06	661
1.670066201607617e-02	-4.022811448054387e-02	662
-6.844598133377407e-03	2.950295248309139e-03	663
9.055992903981758e-02	-7.379125247740843e-02	664
9.299315990468278e-01	-3.481900345597136e-02	665
9.921036711717987e-01	-1.076151628694539e-02	666
5.701184629667450e-01	9.772548820267916e-02	667
9.994706868597010e-01	-1.747613082066759e-03	668
6.796793023358585e-04	-2.450427981350151e-02	669
7.079488988021131e-01	-7.859321960382824e-02	670
-4.306829426378638e-03	-1.641620657306411e-02	671
7.223353152502575e-01	-7.654535329799107e-02	672
1.200029925678949e-02	-3.637691421345839e-02	673
8.734145044318663e-01	-4.918858447663180e-02	674
3.963756657178770e-03	-2.849811189586668e-02	675
3.338120384583995e-01	-1.032600397308176e-01	676
8.626259082473542e-01	-5.158217937066983e-02	677
6.933397139194954e-01	-8.057984412638403e-02	678
9.947713980270853e-01	-8.881973411877072e-03	679
7.665882292120373e-03	-3.248669458030146e-02	680
9.810829571793841e-01	1.734010026214236e-02	681
5.223109513222944e-01	1.003209143397655e-01	682
9.528618533208598e-01	2.906502846499627e-02	683
6.633827309719098e-01	8.947112919248396e-02	684
9.971136571192659e-01	7.035577848452855e-03	685
5.063162644815888e-01	1.009977707515051e-01	686
2.742331710899789e-01	9.845485864121369e-02	687
3.333172768640709e-01	1.014811553359112e-01	688
1.554567797537413e-01	8.531415065048063e-02	689
6.404398089018529e-02	6.294391474734495e-02	690
1.000045274477399e+00	1.032737644360367e-03	691
-6.036326911067148e-03	-1.233464258619985e-02	692
-5.965821324576900e-03	1.228418834789408e-02	693
1.223398589773484e-02	3.584039853543928e-02	694
-7.198451781895196e-03	7.938916358962112e-03	695
9.652122166050030e-01	-2.340404479936332e-02	696
8.116708344501064e-02	-7.088783691243954e-02	697
-5.112491168165487e-03	1.960609330445947e-07	698
1.552298427662357e-01	-8.834006832987390e-02	699
4.590821862067053e-01	-1.014110259992646e-01	700
2.198623371155620e-02	-4.407640278324266e-02	701
4.141508499451439e-03	2.818022817083161e-02	702
8.405214918771834e-01	6.018439994186538e-02	703
7.910244486819874e-01	7.039849157774461e-02	704
6.784429870343559e-01	8.771931720303339e-02	705
9.853089425603798e-01	1.509439848884864e-02	706
9.594451719300350e-01	2.663486852916097e-02	707
8.944513112763294e-01	4.696673726906107e-02	708
8.844344131591713e-01	4.961571154813465e-02	709
3.182865623225692e-01	1.008901901897343e-01	710
2.886908869741843e-01	9.937410378565865e-02	711
2.321534277316834e-01	9.515071586107554e-02	712
1.007360488631863e-01	7.413186121788390e-02	713
6.635688807884539e-01	-8.437520612453593e-02	714
6.785459553101959e-01	-8.250619496739853e-02	715
2.053988237028538e-01	-9.546559650872986e-02	716
7.872348178532263e-03	3.206712749642836e-02	717
1.438053415703248e-01	8.326910115619540e-02	718
9.763780562020612e-01	1.959241686995800e-02	719
9.988345359492110e-01	5.037677893733641e-03	720
8.298002931458006e-04	2.427515898330672e-02	721
-4.210660610360570e-03	1.632056627464236e-02	722
-2.066989545390955e-03	-2.048032011311852e-02	723
-6.853898097288853e-03	-2.950321976812405e-03	724
2.781030206599844e-02	-4.769064957223729e-02	725
1.000194633679391e+00	-5.428236221966448e-04	726
1.000037602814169e+00	-1.033967175845410e-03	727
9.709043344053671e-01	-2.121386490249109e-02	728
9.888126829823020e-01	-1.281170205741842e-02	729
5.859361053324935e-01	9.661521147102617e-02	730
4.431362716472322e-01	-1.020541069841403e-01	731
4.107556640860622e-01	1.028554138596747e-01	732
8.399378779330017e-01	-5.635551189120697e-02	733
8.514626566304631e-01	-5.398076256349331e-02	734
8.838472905088932e-01	-4.678566694893965e-02	735
8.938743128288273e-01	-4.437459384877781e-02	736
6.366723742036746e-02	-6.473105764201996e-02	737
7.219949389811088e-02	-6.786773708897639e-02	738
9.034998406618405e-01	-4.197365661661948e-02	739
9.127348685614793e-01	-3.957542581224990e-02	740
9.524401179507751e-01	-2.787763216397640e-02	741
9.590565082315901e-01	-2.562426322165703e-02	742
9.851237886401005e-01	-1.481577075511285e-02	743
7.640727931708765e-01	-7.013486615984629e-02	744
7.774532007129342e-01	-6.790845169449843e-02	745
9.970523617151348e-01	-6.995182849892318e-03	746
4.750646372169754e-01	-1.006525018415617e-01	747
4.910406860456681e-01	-9.978981442931038e-02	748
4.114329663196274e-01	-1.030142904433455e-01	749
4.272577295585472e-01	-1.025905058297861e-01	750
3.400066386771760e-02	-5.129427214176005e-02	751
9.378810527001743e-01	-3.246828104540527e-02	752
9.453747640824403e-01	-3.015680035925088e-02	753
1.322085941404347e-01	-8.396314280719604e-02	754
1.435417619472478e-01	-8.621095684154034e-02	755
5.548308694320183e-01	-9.541572989911576e-02	756
5.707004238743987e-01	-9.408874201623159e-02	757
9.761074824713636e-01	-1.906715577428730e-02	758
9.808551612692971e-01	-1.694835347195149e-02	759
7.364771921405553e-01	-7.445790827090741e-02	760
7.503966388159907e-01	-7.232560945898543e-02	761
1.003753939748615e-01	-7.657299698646976e-02	762
1.106251490926770e-01	-7.921732673059909e-02	763
1.212649042381172e-01	-8.160739171894779e-02	764
5.864681313171373e-01	-9.266256884844654e-02	765
6.021386600360098e-01	-9.114872232758463e-02	766
4.069498399133464e-02	-5.485159643703617e-02	767
4.791043361422612e-02	-5.831834609090786e-02	768
5.562753977162643e-02	-6.153593033794175e-02	769
3.490731821886954e-01	-1.034725587320216e-01	770
3.645055498031893e-01	-1.035458472911477e-01	771
3.800398342146234e-01	-1.034841332579386e-01	772
1.672951540056578e-01	-9.034173809705839e-02	773
1.796926879777481e-01	-9.219551756052098e-02	774
1.923978242467566e-01	-9.390092418764978e-02	775
2.186822571035467e-01	-9.689792559940749e-02	776
2.322452654868286e-01	-9.819395935491390e-02	777
3.037870932714553e-01	-1.024708588783678e-01	778
3.187335728372602e-01	-1.029304139059613e-01	779
2.461125630428096e-01	-9.934469332800541e-02	780
4.104295382914434e-02	5.357809211893455e-02	781
4.903152884070022e-01	1.015675879543008e-01	782
4.743375123850300e-01	1.020352567639631e-01	783
9.712167330990196e-01	2.188914409743194e-02	784
4.583585269543983e-01	1.023996364856661e-01	785
4.424218091015296e-01	1.026522715987522e-01	786
4.265586158855999e-01	1.028053357394259e-01	787
3.950332178593622e-01	1.027902986846537e-01	788
9.220688424575526e-01	3.912696018516129e-02	789
5.599783817510131e-02	5.991903356428295e-02	790
4.827277450419707e-02	5.687450074575981e-02	791
2.600119146176119e-01	9.745217796509240e-02	792
2.459569752979542e-01	9.639618918328260e-02	793
1.325038057043324e-01	8.112389439554088e-02	794
1.215862268258728e-01	7.888660144505640e-02	795
1.109692438397532e-01	7.663040378959796e-02	796
7.367012728479637e-01	7.973030481342956e-02	797
9.132811420431425e-01	4.172075865769254e-02	798
9.040631436358200e-01	4.433733195398124e-02	799
8.740075827717322e-01	5.226423170311614e-02	800
8.632209834752762e-01	5.490761696257017e-02	801
8.520552935654553e-01	5.755863006836775e-02	802
8.286694474609259e-01	6.278206854953967e-02	803
8.164530826000194e-01	6.537008191514310e-02	804
8.038871938599153e-01	6.791478388807050e-02	805
7.778766935705796e-01	7.282625598488919e-02	806
7.644370167233348e-01	7.520424532868052e-02	807
7.506938793629547e-01	7.751441072324297e-02	808
7.224818340290052e-01	8.186356962831511e-02	809
7.080138255341327e-01	8.391744618937069e-02	810
6.933209576629732e-01	8.586922448171372e-02	811
6.481490757142778e-01	9.111160562447704e-02	812
5.542042868347308e-01	9.871320272716097e-02	813
5.382701667341803e-01	9.954418189972876e-02	814
6.327757457866995e-01	9.264057600637604e-02	815
6.172820455236896e-01	9.406774761188939e-02	816
6.016615974951782e-01	9.539447719535794e-02	817
2.186525287448919e-01	9.379019041837096e-02	818
2.054289717708045e-01	9.232247782654242e-02	819
1.924841992467088e-01	9.075025655917332e-02	820
1.798308268724369e-01	8.906323199918287e-02	821
1.674801845328597e-01	8.725171578915472e-02	822
3.433014327261051e-02	5.018463555130996e-02	823
2.811897179868116e-02	4.673674852504825e-02	824
8.033729005411123e-01	-6.338247651408764e-02	825
8.159074439082881e-01	-6.106024884875875e-02	826
8.281013871664751e-01	-5.870847618271829e-02	827
5.070319171253728e-01	-9.882547180048920e-02	828
5.230076122529754e-01	-9.775891069859133e-02	829
2.227340808130271e-02	4.327268416355183e-02	830
1.696147893562773e-02	3.956524147632474e-02	831
9.093148360149139e-02	7.150478478167067e-02	832
8.154476093199184e-02	6.876312036459103e-02	833
7.257887606604606e-02	6.591009727987049e-02	834
3.033925117493435e-01	1.001930592952554e-01	835
3.794236890769992e-01	1.026213311944065e-01	836
3.639262083441033e-01	1.023577780314236e-01	837
3.485343689936596e-01	1.019782257799281e-01	838
9.458262844375022e-01	3.152429551162877e-02	839
9.383597994327213e-01	3.401919974429476e-02	840
9.304352935959620e-01	3.655945250191042e-02	841
6.176959909256987e-01	-8.955727283231343e-02	842
6.331191490337945e-01	-8.789815246498824e-02	843
6.484160780072911e-01	-8.617331713598686e-02	844
2.602302895825869e-01	-1.002760997139366e-01	845
2.745122642902039e-01	-1.011256932920425e-01	846
-1.022698624338558e-02	-1.112858110469901e-02	847
9.210776118337489e-02	-8.689381331641388e-02	848
9.994807449997498e-01	7.337535855970428e-03	849
9.857070478457879e-01	2.100474800683649e-02	850
5.483830131608565e-01	-1.159669545885162e-01	851
-1.047903938442618e-02	5.168857970053091e-03	852
9.994912178195748e-01	-3.878304487610291e-03	853
9.286676170395404e-01	-4.642406616388435e-02	854
9.368116062507712e-01	-4.349654146740107e-02	855
2.686564088521629e-02	-5.636753257531597e-02	856
9.955452232210082e-01	1.269016089742770e-02	857
4.992586344918807e-01	1.212708372756086e-01	858
-8.850767016193493e-03	-1.592723120653193e-02	859
6.095468701855568e-03	3.842620569429757e-02	860
-1.586497348253618e-03	-2.969460800555269e-02	861
9.653486566732544e-01	3.283499529860122e-02	862
9.977729848867176e-01	1.010738587318624e-02	863
-8.740317850969381e-03	1.585882066412127e-02	864
6.579525112665439e-01	1.093010294966353e-01	865
-6.823230956599202e-03	2.040033555367559e-02	866
1.000496468690514e+00	3.531229489225550e-04	867
1.000493694774893e+00	-3.579831381487741e-04	868
7.998212185287735e-01	-8.066302231668494e-02	869
1.587997674629175e-01	-1.039805251077219e-01	870
1.520500542973976e-02	-4.778842542334317e-02	871
4.039238512161875e-01	-1.228036385571408e-01	872
8.238095006017150e-02	-8.347177151421556e-02	873
4.519141237356630e-01	-1.216577661044734e-01	874
2.956415410708156e-01	-1.204012105519503e-01	875
9.894817875632239e-01	1.818904046012815e-02	876
5.636165806718106e-01	1.180979543250021e-01	877
9.590643678687938e-01	3.585972271196874e-02	878
9.523101891771071e-01	3.890686627471411e-02	879
7.874559405373396e-01	8.803931205505311e-02	880
1.471052247767745e-01	9.853039441313072e-02	881
2.659601359735349e-01	1.156586059478893e-01	882
9.926215986288135e-01	-1.522746445427280e-02	883
5.639469215123387e-02	7.082203448211009e-02	884
8.710094317165973e-01	-6.392110484060821e-02	885
9.995231491491257e-01	3.886569271644722e-03	886
9.928006763193262e-01	1.537082960769803e-02	887
9.994119504332851e-01	-7.317551117973562e-03	888
9.760928519463259e-01	-2.632160324411413e-02	889
1.026760467907692e-02	-4.324695408759244e-02	890
7.031462623343336e-01	-9.798790405212185e-02	891
-4.555152635648377e-03	-2.511240899270189e-02	892
7.177217414127485e-01	-9.569723485922553e-02	893
7.320373812346397e-01	-9.334321429752503e-02	894
5.804962628207115e-03	-3.888784231432308e-02	895
9.954081290195753e-01	-1.260200920013888e-02	896
1.813158316861049e-03	-3.418040421018749e-02	897
8.377632307997381e-01	7.629963954726339e-02	898
5.153956366857924e-01	1.206303228518588e-01	899
3.101001825991069e-01	1.190897586016965e-01	900
-1.015184409041052e-02	1.110003981628720e-02	901
2.064831567045337e-03	3.382634784585295e-02	902
6.732133084320555e-01	1.074062852969660e-01	903
8.926667561957853e-01	6.077983337623438e-02	904
3.252064413379192e-01	1.199702900703045e-01	905
2.951379710220943e-01	1.180673759519505e-01	906
2.804177816509552e-01	1.169138612463011e-01	907
6.734142470989410e-01	-1.023195571321788e-01	908
6.883709495159260e-01	-1.001897463581616e-01	909
9.813186953502778e-01	2.395543686178649e-02	910
-1.370743623433235e-03	2.943058188597298e-02	911
-4.375457285898321e-03	2.492746753779373e-02	912
-6.967657317780177e-03	-2.052023945212128e-02	913
-1.050655172526026e-02	-5.170344776939915e-03	914
2.087630040600300e-02	-5.230798939217171e-02	915
9.707189291102998e-01	-2.913821527443268e-02	916
9.892539892772323e-01	-1.797129249847406e-02	917
5.796257381771677e-01	1.169485040267991e-01	918
8.486700294817060e-01	-6.964110440140120e-02	919
8.600403623068718e-01	-6.678858164712254e-02	920
8.816234396503885e-01	-6.104352860686162e-02	921
8.918625080792693e-01	-5.813054255488699e-02	922
6.423924174471560e-02	-7.623409360798636e-02	923
7.309106518436803e-02	-7.992001562511776e-02	924
9.016721620594553e-01	-5.521152306955724e-02	925
9.110894894346779e-01	-5.228789116883248e-02	926
9.200949599401195e-01	-4.935297310167559e-02	927
9.585196780981285e-01	-3.483900687778593e-02	928
9.648530971687014e-01	-3.198059554869755e-02	929
7.735630780339973e-01	-8.588838209343792e-02	930
7.868273740170066e-01	-8.329534022846354e-02	931
9.976719883653112e-01	-1.005847426899092e-02	932
4.680246141364346e-01	-1.210119696532946e-01	933
4.841373934757589e-01	-1.202314564456159e-01	934
4.198733614056461e-01	-1.225608906049266e-01	935
4.358670678222761e-01	-1.221716959530971e-01	936
9.444883464873106e-01	-4.059017309526837e-02	937
9.517194386288200e-01	-3.771170478517341e-02	938
1.351243064902248e-01	-9.876885603765946e-02	939
1.467694886479336e-01	-1.014396233573569e-01	940
5.644380435437321e-01	-1.146809761055896e-01	941
9.809837762633878e-01	-2.353177590696791e-02	942
9.854279663537069e-01	-2.069526968376102e-02	943
7.461202243278745e-01	-9.093330518272523e-02	944
7.599871296150665e-01	-8.844502749978697e-02	945
1.022929882842525e-01	-9.017197464038199e-02	946
1.130243166442664e-01	-9.324026766387038e-02	947
1.238600201961922e-01	-9.597316018048230e-02	948
5.803850068949858e-01	-1.132171412166329e-01	949
5.962146187449034e-01	-1.116334318132566e-01	950
3.330732584958552e-02	-6.060165830809301e-02	951
4.031950260203796e-02	-6.478867170307910e-02	952
4.800554006837893e-02	-6.885297523128346e-02	953
5.589687344974242e-02	-7.246580735176950e-02	954
3.411682832970028e-01	-1.223253052667421e-01	955
3.566897694289372e-01	-1.226737903002466e-01	956
3.723433858752399e-01	-1.228553954012417e-01	957
3.880750660490928e-01	-1.228951514129988e-01	958
1.712048442376826e-01	-1.063670634433321e-01	959
1.839307305135463e-01	-1.085834852399234e-01	960
1.969515570425693e-01	-1.106308447250599e-01	961
2.102518770574930e-01	-1.125250932804391e-01	962
2.238403307050778e-01	-1.142706654759283e-01	963
3.258516762547833e-01	-1.218308588649742e-01	964
3.106782991867315e-01	-1.211990425629844e-01	965
2.377372453122424e-01	-1.158554626565546e-01	966
4.831509339153082e-01	1.217848505300129e-01	967
9.764825741702263e-01	2.687486149406752e-02	968
9.711625565708536e-01	2.983578487320610e-02	969
4.670397462951968e-01	1.221834821561384e-01	970
4.509360832887514e-01	1.224474177376602e-01	971
4.349041958493342e-01	1.225827242054285e-01	972
4.189352528252855e-01	1.226002067521558e-01	973
4.030204169264862e-01	1.224819407176606e-01	974
4.849443800477161e-02	6.737304068801402e-02	975
4.079232732632687e-02	6.347990719674011e-02	976
2.517432137350928e-01	1.143874796536580e-01	977
2.375685454042361e-01	1.129111755811310e-01	978
1.355056453682211e-01	9.595414230604807e-02	979
1.242798241212702e-01	9.327016168366095e-02	980
1.134753429901469e-01	9.066251326631478e-02	981
1.027697630140817e-01	8.773592914576626e-02	982
9.208365931040196e-01	5.132519089913212e-02	983
9.118578408964015e-01	5.447771856496637e-02	984
9.024612817884826e-01	5.762765655810140e-02	985
8.824367601789604e-01	6.393204184947966e-02	986
8.718265272611279e-01	6.705155114379439e-02	987
8.608572524728045e-01	7.016210817423824e-02	988
8.494828649201828e-01	7.326390480898023e-02	989
8.257206398204378e-01	7.931463504836786e-02	990
8.132829376843981e-01	8.229449716055380e-02	991
8.005082157088933e-01	8.519697614619175e-02	992
7.741106534216254e-01	9.078541088601996e-02	993
7.604493270120136e-01	9.349343509968974e-02	994
7.464835658415752e-01	9.606985937072762e-02	995
7.322966943385749e-01	9.856121584722559e-02	996
7.178722750835210e-01	1.009286923272698e-01	997
7.031792054621947e-01	1.032221651116731e-01	998
6.882921789987759e-01	1.053559638106191e-01	999
5.314763219492734e-01	1.198793268178779e-01	1000
5.475071972107456e-01	1.190412237260594e-01	1001
6.425188060272016e-01	1.110894018118999e-01	1002
6.269859779250458e-01	1.127220452253360e-01	1003
6.113047378344307e-01	1.142634904080735e-01	1004
5.955272977972420e-01	1.156576645086762e-01	1005
2.237593391503094e-01	1.112486055259789e-01	1006
2.102558706120832e-01	1.094559618235623e-01	1007
1.970359192296972e-01	1.075446740809809e-01	1008
1.840890072638460e-01	1.055080538192303e-01	1009
1.714294511427148e-01	1.033263695593866e-01	1010
1.590831623508887e-01	1.009961383994240e-01	1011
3.375672418568777e-02	5.945513792489749e-02	1012
2.728752086968703e-02	5.537426751700095e-02	1013
8.125476967935444e-01	-7.796837096093062e-02	1014
8.249508659068847e-01	-7.521484424170778e-02	1015
8.369718103493848e-01	-7.243821435656213e-02	1016
5.002484050059234e-01	-1.193296268022939e-01	1017
5.163605863823840e-01	-1.183028960486269e-01	1018
5.324236384952149e-01	-1.171597471698708e-01	1019
2.127139541793421e-02	5.145914232785224e-02	1020
1.556639143558295e-02	4.708398887609830e-02	1021
1.059253440400465e-02	4.267053130201783e-02	1022
9.260088644294458e-02	8.460639947999625e-02	1023
8.288361109878539e-02	8.133915065232712e-02	1024
7.359763682268332e-02	7.794739457234395e-02	1025
6.474425327639438e-02	7.442561234773176e-02	1026
3.872147574094899e-01	1.222287682432439e-01	1027
3.715316778618743e-01	1.218635664252305e-01	1028
3.559292852121719e-01	1.213734645018360e-01	1029
3.404633386969666e-01	1.207351224565982e-01	1030
9.293773299799895e-01	4.818823753924915e-02	1031
9.451220418965697e-01	4.196657678145244e-02	1032
9.374852266411096e-01	4.506205646185374e-02	1033
6.119271010792430e-01	-1.099489061122417e-01	1034
6.275034244326451e-01	-1.081712084884266e-01	1035
6.429447380788028e-01	-1.063133231649113e-01	1036
6.582595986740951e-01	-1.043638468899146e-01	1037
2.520009833268340e-01	-1.172216513276474e-01	1038
2.663019395266957e-01	-1.183554127077732e-01	1039
2.808419851848311e-01	-1.194439536086537e-01	1040
3.246663004674893e-03	-4.593819637945977e-02	1041
9.998078540842616e-01	9.453034567691558e-03	1042
9.769652187049771e-01	-3.445998205238503e-02	1043
1.000464254271089e+00	7.900658625359127e-04	1044
-9.647432161075211e-04	-4.055337792748642e-02	1045
7.353020679730226e-01	-1.131621248738555e-01	1046
9.293016370678628e-02	-1.016575479336246e-01	1047
-4.527388668932286e-03	-3.543261540479704e-02	1048
9.869068442926988e-01	2.758316206018447e-02	1049
-1.007447435480333e-02	-2.506927525481602e-02	1050
1.904836155993003e-02	-6.139752075295313e-02	1051
1.618075094905540e-01	-1.215958293140706e-01	1052
1.378524364184099e-01	1.126348212782444e-01	1053
-6.332666414738958e-04	4.017101939000806e-02	1054
-9.875839719469939e-03	2.493000984394267e-02	1055
-1.422176230307529e-02	8.320297758729684e-03	1056
-7.206487622978120e-03	7.452575038008572e-04	1057
-7.208276249940511e-03	-7.436267551692120e-04	1058
-1.042769728806367e-02	1.143380711283495e-03	1059
-1.207194913588142e-02	-1.992134164873367e-02	1060
9.997120279849200e-01	-9.429103678987616e-03	1061
3.165888826368051e-01	1.402748346299787e-01	1062
9.819762695274412e-01	-3.089519811713227e-02	1063
9.966542795433793e-01	-1.669944214351614e-02	1064
9.445492811244740e-01	-5.234351417196982e-02	1065
8.034463534368395e-01	-9.852753932513225e-02	1066
4.122293940445077e-01	-1.446373540252701e-01	1067
9.989514507600004e-01	1.338611612230689e-02	1068
9.292754660382926e-01	6.127612399377691e-02	1069
9.527225302806493e-01	4.997288529183447e-02	1070
5.490662771339296e-01	1.412435424783174e-01	1071
5.166493926324710e-01	1.428357704286423e-01	1072
6.606423848533657e-01	1.304308474978298e-01	1073
7.777778328152947e-01	1.093653771109758e-01	1074
4.922043453320415e-01	1.437783870791406e-01	1075
5.501366556532592e-01	-1.382049207484848e-01	1076
3.319536348526352e-01	1.413742661698576e-01	1077
9.968517064733071e-01	1.679096456830090e-02	1078
8.281747567912441e-02	-9.763409199117540e-02	1079
1.000337610063990e+00	1.840759397680004e-03	1080
9.907885663614164e-01	2.391903625536553e-02	1081
-1.043143389351025e-02	-1.137284780914320e-03	1082
1.000457986383988e+00	-7.946284201558136e-04	1083
1.000322647309047e+00	-1.843484606787744e-03	1084
9.366761551525034e-01	-5.592525442430259e-02	1085
2.507482524896245e-02	-6.604468357982513e-02	1086
-1.357241933604106e-02	-1.467866315297335e-02	1087
3.625793895479965e-03	4.544581069786945e-02	1088
-7.522215485989268e-03	-3.027048638767730e-02	1089
9.660694121944499e-01	4.248077964842147e-02	1090
-1.191568040319607e-02	1.983838386277293e-02	1091
1.000769974206536e+00	1.455543347442594e-04	1092
1.000768748076869e+00	-1.527871500013298e-04	1093
7.760217510517623e-03	-5.088675401520270e-02	1094
3.173861042847112e-01	-1.422334314795400e-01	1095
3.020592678855067e-01	-1.412281823565337e-01	1096
9.940985522438365e-01	2.029067155769623e-02	1097
5.735041959646849e-01	1.396208126206398e-01	1098
9.596257882556566e-01	4.622900853182974e-02	1099
9.938446098143422e-01	-2.013981256057792e-02	1100
7.062285580763389e-01	-1.184365523821150e-01	1101
-1.345844288336225e-02	1.464034792894227e-02	1102
3.013611750991420e-01	1.390442957946015e-01	1103
2.863168821748947e-01	1.376235798189765e-01	1104
2.715762671136073e-01	1.361024787526241e-01	1105
6.762797305120101e-01	-1.233187163073385e-01	1106
-4.240318482056095e-03	3.514293862195172e-02	1107
-7.279631710019161e-03	3.006138075744741e-02	1108
-1.428018819396396e-02	-8.323306926144495e-03	1109
1.302895852282557e-02	-5.628714932540046e-02	1110
8.582810159396000e-01	-8.391237872688770e-02	1111
8.694751139974081e-01	-8.051478583469505e-02	1112
8.802664794582523e-01	-7.709953410172210e-02	1113
8.907251049048005e-01	-7.363318577537517e-02	1114
7.318940387143831e-02	-9.346681964337857e-02	1115
6.400926810617530e-02	-8.914789087244686e-02	1116
9.007571753013133e-01	-7.012688017787763e-02	1117
9.103602338799467e-01	-6.661373900191533e-02	1118
9.195695125774376e-01	-6.306347732143065e-02	1119
9.283393499617325e-01	-5.950085973224761e-02	1120
9.654180411575131e-01	-4.162938374925278e-02	1121
9.714407314423023e-01	-3.804360465547527e-02	1122
7.770688408903407e-01	-1.045951113145596e-01	1123
9.988046457711106e-01	-1.333735562191464e-02	1124
4.608612516925291e-01	-1.435769326050740e-01	1125
4.771623768217905e-01	-1.429112499008814e-01	1126
4.284052761661818e-01	-1.444399351276391e-01	1127
4.445996609087195e-01	-1.440800809476360e-01	1128
9.519462545553687e-01	-4.878539936946412e-02	1129
9.589107841768129e-01	-4.521471129212686e-02	1130
1.373907828962457e-01	-1.154317883855083e-01	1131
1.493902881595923e-01	-1.185896172892019e-01	1132
9.865240878861717e-01	-2.726189791210916e-02	1133
9.904717857155501e-01	-2.369188131264012e-02	1134
7.565120810241984e-01	-1.089955738233017e-01	1135
1.036666088610660e-01	-1.055135897863207e-01	1136
1.147967577752317e-01	-1.088884167396516e-01	1137
1.257856391418450e-01	-1.121374555936841e-01	1138
5.824839185620301e-01	-1.353116786019361e-01	1139
3.179390292980672e-02	-7.102650764761578e-02	1140
3.926866137505950e-02	-7.598827828551061e-02	1141
4.738480580419232e-02	-8.053834751852990e-02	1142
5.534010047955816e-02	-8.471646769878774e-02	1143
3.328199135110409e-01	-1.430554370482323e-01	1144
3.484400795273110e-01	-1.437251638206526e-01	1145
3.642586089098321e-01	-1.442077928795776e-01	1146
3.801466314821418e-01	-1.445104627516506e-01	1147
3.961201330576143e-01	-1.446555429150421e-01	1148
1.745808951491916e-01	-1.244168920707094e-01	1149
1.876682568291702e-01	-1.270404487854651e-01	1150
2.010198090966926e-01	-1.294772822194704e-01	1151
2.146605020180464e-01	-1.317432785960483e-01	1152
2.286179856160901e-01	-1.338389911007502e-01	1153
9.824278972599736e-01	3.132911139830517e-02	1154
9.774842933120681e-01	3.501975167070034e-02	1155
9.720266870518542e-01	3.874312064228078e-02	1156
4.759234364469667e-01	1.442493852248535e-01	1157
4.596014776628004e-01	1.445463829678482e-01	1158
4.433641013087922e-01	1.446799880033078e-01	1159
4.271771018706652e-01	1.446613496774587e-01	1160
4.110551617486019e-01	1.445000688733155e-01	1161
4.800075892396078e-02	7.903253727174389e-02	1162
3.986924503698110e-02	7.465243614061258e-02	1163
2.571936218984032e-01	1.344943320198642e-01	1164
2.427303650842980e-01	1.328741149018017e-01	1165
1.262991765861242e-01	1.094526149586796e-01	1166
1.153564546940178e-01	1.063197779267704e-01	1167
1.042570223519054e-01	1.030873512808949e-01	1168
9.205518552057285e-01	6.505831677274848e-02	1169
9.113680566729921e-01	6.883388673013523e-02	1170
9.017935733430946e-01	7.258497853138160e-02	1171
8.917676164750089e-01	7.632372458586742e-02	1172
8.813202590247344e-01	8.003432232237739e-02	1173
8.705202834484718e-01	8.367578572045772e-02	1174
8.593304978278492e-01	8.730237092922266e-02	1175
8.417589703107411e-01	9.265010333138063e-02	1176
8.235139043753228e-01	9.786347448607073e-02	1177
8.043464252560479e-01	1.029273168163365e-01	1178
7.499527922346482e-01	1.154112085520276e-01	1179
7.211058988450657e-01	1.209527467097587e-01	1180
6.912712968527691e-01	1.259789195364715e-01	1181
6.293802072974238e-01	1.342680513726860e-01	1182
5.976116120239920e-01	1.375127398717499e-01	1183
2.284600696840708e-01	1.308762131108321e-01	1184
2.146159236534811e-01	1.287368614995859e-01	1185
2.010873869547728e-01	1.264282406808635e-01	1186
1.878347392956998e-01	1.240121999978968e-01	1187
1.748399313458579e-01	1.214132509344205e-01	1188
1.621380176755982e-01	1.186508878576553e-01	1189
1.497891051388681e-01	1.157117593676468e-01	1190
3.236692333944530e-02	6.985603530213635e-02	1191
2.561382700958581e-02	6.502645890346644e-02	1192
8.225537389258013e-01	-9.378189240253175e-02	1193
8.348094363603416e-01	-9.053533004136981e-02	1194
8.466877344782405e-01	-8.726054014226871e-02	1195
4.934465588514593e-01	-1.420958165132780e-01	1196
5.178580990254609e-01	-1.405737194580255e-01	1197
1.955415979768542e-02	6.051593866571889e-02	1198
1.349579804157892e-02	5.555019972831034e-02	1199
8.181257515367654e-03	5.028260515808770e-02	1200
9.354396108766568e-02	9.937857719511414e-02	1201
8.344375825732919e-02	9.550449351337661e-02	1202
7.382155009225108e-02	9.149022437397568e-02	1203
6.464190360683998e-02	8.732849984647079e-02	1204
5.596665001671787e-02	8.305705107664542e-02	1205
3.949847417823847e-01	1.441609742131778e-01	1206
3.790901700364367e-01	1.436956777073379e-01	1207
3.632589628584023e-01	1.430876034246176e-01	1208
3.475045302750986e-01	1.423124870486157e-01	1209
9.453843774598546e-01	5.371517875757307e-02	1210
9.375659382546880e-01	5.749191777029205e-02	1211
6.143156449336261e-01	-1.317690137339438e-01	1212
6.455755726245224e-01	-1.277684914125458e-01	1213
2.430052637597578e-01	-1.357269369011303e-01	1214
2.575841604660014e-01	-1.372385572657895e-01	1215
2.720701543751023e-01	-1.386806825212523e-01	1216
2.869205214259150e-01	-1.400350193521242e-01	1217
9.998128084375015e-01	-2.538798591802584e-03	1218
9.998327860996140e-01	2.541273799670454e-03	1219
-8.110872838069586e-03	-4.170209256275201e-02	1220
-1.403405149915193e-02	3.649734223904283e-03	1221
1.000805118281587e+00	-5.537923848208648e-04	1222
9.885469993512856e-01	-3.441988169947113e-02	1223
9.987436969231912e-01	2.112931264006642e-02	1224
-1.731125474797951e-02	1.857723333034403e-02	1225
9.739862541500517e-01	4.857083186677383e-02	1226
1.000880021490329e+00	-8.185494485965634e-03	1227
9.958343277591879e-01	-2.538493984668709e-02	1228
-1.833876424909881e-02	-1.198470223061470e-02	1229
1.615749340450483e-02	-7.132319924723768e-02	1230
-4.487877042872949e-03	-4.761780698613073e-02	1231
3.307147615454308e-01	1.640235137003240e-01	1232
1.000809668611753e+00	5.462706760707671e-04	1233
-7.748549046942444e-03	4.139530030055461e-02	1234
-1.570085125626623e-02	2.426731602155551e-02	1235
-2.073764469653976e-04	-5.358756951251813e-02	1236
9.839737586371263e-01	-3.896586133015261e-02	1237
5.358252813049192e-01	-1.642170695379107e-01	1238
9.961677410051492e-01	2.552799839564255e-02	1239
3.160579134004824e-01	-1.646011107627060e-01	1240
9.533316064566077e-01	-6.111989321532070e-02	1241
9.417295280387922e-01	-6.763174416748256e-02	1242
6.330421958582781e-01	-1.539158852044582e-01	1243
9.297113340609554e-02	-1.182616888835230e-01	1244
1.706761231125481e-01	-1.430471161939580e-01	1245
-1.590828653342876e-02	-2.436004142001216e-02	1246
4.288122623875805e-01	-1.679813907676193e-01	1247
7.229477225515951e-02	-1.086205658371169e-01	1248
8.230451705635056e-02	-1.135110032155117e-01	1249
1.218370468721011e-01	1.257234603845768e-01	1250
9.890392006001029e-01	3.473303092184877e-02	1251
9.345628435020045e-01	7.359269030658026e-02	1252
-1.824122753991561e-02	1.197901962513103e-02	1253
-4.071700059639549e-03	4.721642732985543e-02	1254
9.788852781872524e-01	-4.342690692562094e-02	1255
1.000427193635985e+00	1.208194804022758e-03	1256
9.929567389910368e-01	3.014125300175960e-02	1257
-9.303639996930426e-03	2.202102332178873e-06	1258
-1.746899878982179e-02	-1.862206060081291e-02	1259
9.984820918524898e-01	-2.104538635786278e-02	1260
7.501706290192929e-01	-1.328093407373834e-01	1261
5.058519512606356e-01	1.681712516211527e-01	1262
4.767923528450759e-01	1.679547513726002e-01	1263
1.000732686958403e+00	1.684494365165818e-02	1264
1.001095528639877e+00	-5.047331906434115e-06	1265
1.000962869899949e+00	8.192433685684938e-03	1266
-1.405384536291928e-02	-3.638715565810450e-03	1267
1.000417510160349e+00	-1.212240643833571e-03	1268
2.228151039898021e-02	-7.676906787755358e-02	1269
-1.380422075843290e-02	-3.011129384999864e-02	1270
-1.120695555809529e-02	-3.583889159149647e-02	1271
5.633369594414652e-01	1.651396416179267e-01	1272
1.010821695285644e-02	-6.577705921979222e-02	1273
9.679114928737249e-01	5.315976934920876e-02	1274
9.613400137293563e-01	5.773415485066578e-02	1275
5.346088637062769e-01	1.667859195939523e-01	1276
2.996470292716514e-01	1.612392114248551e-01	1277
2.695095117326496e-01	1.574970685635451e-01	1278
7.248258801142261e-01	-1.382027812246534e-01	1279
-1.089760427319638e-02	3.561499891062151e-02	1280
-1.354601952943279e-02	2.995836884844666e-02	1281
4.412069761065406e-03	-5.938009941045175e-02	1282
8.743295994566008e-01	-9.653548829015846e-02	1283
8.956911174922320e-01	-8.856665367422620e-02	1284
6.278012434079758e-02	-1.035686395856100e-01	1285
9.154035310131980e-01	-8.033062910277565e-02	1286
9.291492148195106e-01	-7.408532531249092e-02	1287
9.732496489532588e-01	-4.789164241633810e-02	1288
1.000535354364588e+00	-1.680527494202120e-02	1289
4.617183772720949e-01	-1.672559238336710e-01	1290
9.604408769062548e-01	-5.674988009101997e-02	1291
9.670941936861115e-01	-5.233399725746360e-02	1292
1.450377114967178e-01	-1.359983917252183e-01	1293
9.925449897523253e-01	-2.992213678088494e-02	1294
7.712920970161292e-01	-1.278684604176859e-01	1295
7.949047536122830e-01	-1.218245588491168e-01	1296
1.100057256590011e-01	-1.245610844913381e-01	1297
1.268540360374454e-01	-1.302649214199330e-01	1298
5.685363507347130e-01	-1.615502469456346e-01	1299
2.938897750117352e-02	-8.268388364643825e-02	1300
3.751684486356084e-02	-8.854084530378921e-02	1301
4.563997036400010e-02	-9.343498959245178e-02	1302
5.377787327883737e-02	-9.837384428273493e-02	1303
3.476320070225035e-01	-1.665860599319390e-01	1304
3.798278503104678e-01	-1.676844433189898e-01	1305
4.041931279081533e-01	-1.681202171958849e-01	1306
1.976210215363165e-01	-1.490902737040819e-01	1307
2.257818124169609e-01	-1.544328338063134e-01	1308
9.845484513843284e-01	3.938832581227863e-02	1309
9.795409771455672e-01	4.397124646216172e-02	1310
4.437804588858442e-01	1.682877897231883e-01	1311
4.110068667413688e-01	1.679747695151382e-01	1312
3.825013794185662e-02	8.718221863897724e-02	1313
2.402211682644710e-01	1.539285951197776e-01	1314
1.051795983521863e-01	1.203404310966184e-01	1315
8.189038602390086e-01	1.195733304200314e-01	1316
9.166341194801589e-01	8.243862324584790e-02	1317
8.969548879253570e-01	9.115371244185305e-02	1318
8.755746327049455e-01	9.959520847740033e-02	1319
8.557358069197389e-01	1.075404360009591e-01	1320
8.377786183874367e-01	1.136260918168733e-01	1321
7.958672600983080e-01	1.261690758400616e-01	1322
7.684457606766715e-01	1.333238339683587e-01	1323
7.398260970169861e-01	1.399432879858901e-01	1324
7.101846895779533e-01	1.459683431551891e-01	1325
6.796129566651243e-01	1.513531813958631e-01	1326
6.482902024448335e-01	1.560439115580755e-01	1327
6.164006487858863e-01	1.600306560080810e-01	1328
5.880986490369035e-01	1.630479655124952e-01	1329
2.114908175305709e-01	1.488449912701981e-01	1330
1.842575581526289e-01	1.432413055567082e-01	1331
1.644873983884457e-01	1.384904819271511e-01	1332
1.517035817355160e-01	1.350195485705336e-01	1333
1.393509518382029e-01	1.313651892733930e-01	1334
3.008919698650165e-02	8.150116646412672e-02	1335
2.294053426502043e-02	7.574099074454765e-02	1336
8.178027722514767e-01	-1.155384543601177e-01	1337
8.394556420725692e-01	-1.081094135133012e-01	1338
8.573520353293708e-01	-1.024827796772163e-01	1339
4.864893350398568e-01	-1.662247312865266e-01	1340
5.072033935203915e-01	-1.662105288367235e-01	1341
1.677570690581889e-02	7.042712385364432e-02	1342
1.068383894995788e-02	6.501622239859602e-02	1343
4.933257270509052e-03	5.875888558957063e-02	1344
2.629982273586164e-04	5.307854230874918e-02	1345
9.370858227355910e-02	1.160014132972161e-01	1346
8.305383311449405e-02	1.113973224292343e-01	1347
7.304933977595231e-02	1.066528360359197e-01	1348
6.353585416935906e-02	1.017491028206118e-01	1349
5.453379305319025e-02	9.670540532860118e-02	1350
4.638407555570506e-02	9.191738334452064e-02	1351
3.785978016979942e-01	1.668654049517541e-01	1352
3.544977881215170e-01	1.657937530776137e-01	1353
9.543079225526991e-01	6.227308508324183e-02	1354
9.468126083674655e-01	6.679385045452203e-02	1355
6.011371919827708e-01	-1.580635183436322e-01	1356
6.643621290950992e-01	-1.492189684027690e-01	1357
6.950178515292921e-01	-1.439667328657126e-01	1358
2.553730890943992e-01	-1.583946550092669e-01	1359
2.851073373853843e-01	-1.618447633581425e-01	1360
1.001640175136185e+00	1.418831497839275e-02	1361
1.000446929218494e+00	-2.469478311429225e-03	1362
1.000208008317687e+00	-3.342050553794984e-03	1363
1.000834504482786e+00	6.701509453528507e-03	1364
3.859222079257259e-02	-1.050164869843719e-01	1365
1.002045472904524e+00	2.006420756065646e-02	1366
1.001097982297677e+00	3.445451353982853e-04	1367
1.001357934005988e+00	-9.804302521627469e-03	1368
-1.564566289384971e-02	-4.191089494276373e-02	1369
-4.716260489648987e-03	-6.188541952637496e-02	1370
1.000769449881657e+00	-6.697647109020669e-03	1371
1.001478397508806e+00	-1.416998972199808e-02	1372
-1.526641767064810e-02	4.168049829596279e-02	1373
-2.286354589533630e-02	1.595844324956298e-02	1374
-2.300317848668171e-02	-1.596266337355788e-02	1375
9.878185696740668e-01	4.804454968522606e-02	1376
7.662668536504659e-01	-1.540315046688548e-01	1377
3.410102939956218e-01	1.911431358211721e-01	1378
1.001461796673945e+00	9.810351715737898e-03	1379
9.288127761472956e-01	-9.159536491052366e-02	1380
6.114820132292181e-03	-7.615540035512632e-02	1381
3.945558016752041e-02	1.035741590426658e-01	1382
-1.216010009144784e-02	4.818007231256996e-02	1383
-1.260036542000638e-02	-4.849284610544517e-02	1384
4.166416116260371e-01	-1.952532027500732e-01	1385
9.632756415021956e-01	-6.930378835061360e-02	1386
6.526987570836461e-01	-1.781904994193164e-01	1387
5.544398694159646e-01	-1.905294583266207e-01	1388
9.916049783073533e-01	-4.204318346599678e-02	1389
9.954505081576664e-01	-3.650810045504472e-02	1390
1.198921905284163e-02	-8.212229446400891e-02	1391
1.837800726190601e-02	-8.862013028496034e-02	1392
1.000815460978167e+00	9.893111390522217e-04	1393
9.990823317175246e-01	3.100394618134561e-02	1394
1.001525130974320e+00	2.572879509944586e-02	1395
9.772139128630259e-01	5.924105893767752e-02	1396
2.817952473091913e-01	1.842448673184513e-01	1397
5.784696360699774e-01	1.915357357563989e-01	1398
7.148056877956382e-01	-1.663513360383011e-01	1399
6.032125797535039e-02	-1.195777554106014e-01	1400
1.000236439857876e+00	3.342858964957532e-03	1401
1.000467648070482e+00	2.466609944160932e-03	1402
-1.309553887949954e-02	4.280724118755582e-04	1403
9.871179851576830e-01	-4.765503246741931e-02	1404
9.828051753689392e-01	5.363562513379446e-02	1405
1.001094997391784e+00	-3.546276385678148e-04	1406
9.986684115770419e-01	-3.088467966270522e-02	1407
-2.184457472637477e-02	2.289359493614093e-02	1408
-8.941854256586499e-03	-5.529992490882368e-02	1409
5.234459680563662e-01	-1.929140088282091e-01	1410
-2.205025370016528e-02	-2.293953951723595e-02	1411
7.019645241840713e-02	-1.254907777472854e-01	1412
8.073087355542176e-02	-1.312632024393228e-01	1413
9.959598848712105e-01	3.670361734678248e-02	1414
-1.892976880994683e-02	6.132082616472078e-03	1415
9.820101929746177e-01	-5.312946551395902e-02	1416
1.001195476543089e+00	-2.566639397647081e-02	1417
7.427009624132467e-01	-1.599802400065661e-01	1418
-1.898007952793480e-02	-6.113567810028035e-03	1419
1.000807183285445e+00	-9.967317175521560e-04	1420
5.099326675125914e-02	-1.134981014457862e-01	1421
-2.045624006929980e-02	-2.927110818323474e-02	1422
-1.832260563756915e-02	-3.559625241588749e-02	1423
5.220985754781343e-01	1.951312870948956e-01	1424
1.838828149771975e-04	-6.883336495851237e-02	1425
9.710718431554798e-01	6.480550407943979e-02	1426
5.510709926974332e-01	1.935096014443000e-01	1427
3.132468878397305e-01	1.883269596009513e-01	1428
6.055911611909411e-01	1.886628994474908e-01	1429
-1.800110745529343e-02	3.543792096873789e-02	1430
-2.019292262280693e-02	2.917452175337484e-02	1431
8.914743131816369e-01	-1.099218782515144e-01	1432
9.121361813480683e-01	-1.002464550202920e-01	1433
9.421107021714707e-01	-8.386066268435180e-02	1434
9.540851366927413e-01	-7.602845239765639e-02	1435
1.001799594328386e+00	-2.003089036602137e-02	1436
4.458607359998191e-01	-1.950431261672662e-01	1437
9.700874687586207e-01	-6.403562761066817e-02	1438
9.763242372644643e-01	-5.860720729105878e-02	1439
3.915143432013460e-01	-1.948189163853819e-01	1440
8.356269859153354e-01	-1.322816655399189e-01	1441
8.545829426071894e-01	-1.249873670838944e-01	1442
7.889303204479607e-01	-1.476698478414524e-01	1443
9.524788223406840e-02	-1.380677752021974e-01	1444
1.124401364354008e-01	-1.448842473650201e-01	1445
1.300286351483683e-01	-1.516539404838630e-01	1446
2.610063871444732e-02	-9.572962261969259e-02	1447
3.301776750337216e-01	-1.914905631353892e-01	1448
3.627962809339366e-01	-1.936408072738884e-01	1449
1.523204362781101e-01	-1.593295423480899e-01	1450
1.793044013164927e-01	-1.672879860440473e-01	1451
6.841468728709992e-01	-1.725997659839456e-01	1452
9.922088096666168e-01	4.232804089894249e-02	1453
4.916541385861271e-01	1.957140262049865e-01	1454
4.611507587444938e-01	1.956503007572764e-01	1455
1.077522903817286e-01	1.405151856387015e-01	1456
9.323405055319312e-01	9.200632479883535e-02	1457
9.135429266927668e-01	1.024249340024072e-01	1458
8.347522442540186e-01	1.372342924551352e-01	1459
8.928793484539922e-01	1.125739102939252e-01	1460
8.728649610360760e-01	1.218670883009712e-01	1461
8.533126259944550e-01	1.302584217401763e-01	1462
8.135275611288382e-01	1.445037361406895e-01	1463
7.880713231873481e-01	1.523997570005356e-01	1464
7.597032192243915e-01	1.603113348049704e-01	1465
7.301866387099917e-01	1.675456700537978e-01	1466
6.996477883327835e-01	1.740578690645317e-01	1467
6.682238842128624e-01	1.797962145991060e-01	1468
6.361259305561676e-01	1.847123223003630e-01	1469
2.521221822986280e-01	1.799019610620916e-01	1470
2.219120029898069e-01	1.745692567603030e-01	1471
1.934187673017979e-01	1.680536777556872e-01	1472
1.693488849234932e-01	1.617134353538869e-01	1473
1.465636001518746e-01	1.534407061092914e-01	1474
1.246757143032260e-01	1.468186088220138e-01	1475
2.692979397057572e-02	9.455175008870728e-02	1476
1.915750275687684e-02	8.759833823465586e-02	1477
8.123410275073611e-01	-1.405430588967933e-01	1478
8.723350097845286e-01	-1.180943288064298e-01	1479
4.752495742867962e-01	-1.943024246455495e-01	1480
4.968716690104629e-01	-1.939208971445373e-01	1481
1.272003059622682e-02	8.123119350871560e-02	1482
6.800222963740709e-03	7.538540260838020e-02	1483
8.082658860617938e-04	6.820332593899998e-02	1484
-4.152879441021451e-03	6.137378902664758e-02	1485
-8.438292232066321e-03	5.489131847581213e-02	1486
9.310995891512815e-02	1.346771484720263e-01	1487
8.160068350330849e-02	1.291827711250561e-01	1488
7.106798255473457e-02	1.235490064167529e-01	1489
6.119060306406806e-02	1.177749806228613e-01	1490
5.185297473191061e-02	1.118307623353885e-01	1491
4.276977407050561e-01	1.954699783956880e-01	1492
3.943980737567356e-01	1.944288510960170e-01	1493
3.657343229996256e-01	1.929791249349835e-01	1494
9.607086000604559e-01	7.283698507412663e-02	1495
9.474546613857278e-01	8.261547673805276e-02	1496
5.877839325311026e-01	-1.873038842021556e-01	1497
6.206206427722408e-01	-1.831065893228476e-01	1498
2.073664198583017e-01	-1.742029408135283e-01	1499
2.373433635673758e-01	-1.800327701657631e-01	1500
2.673583418321727e-01	-1.844505786789266e-01	1501
2.982917442024681e-01	-1.883939206842908e-01	1502
1.000885912637356e+00	3.045482679512000e-03	1503
1.000212406590343e+00	-5.103766384587938e-03	1504
9.994802933258370e-01	-5.671200262331952e-03	1505
1.000579493498172e+00	1.159068536770202e-02	1506
-2.707603156887573e-02	2.758390698734612e-02	1507
1.000258582625755e+00	5.108736115725503e-03	1508
-2.330256475652815e-02	4.142280719998227e-02	1509
9.743794879484673e-01	-7.659884279147158e-02	1510
1.001159285342330e+00	-7.610408955907073e-04	1511
1.003070939617763e+00	-1.622423516609145e-02	1512
1.004646451765298e+00	-1.705598827744558e-02	1513
9.914436597825110e-01	-5.678953674720404e-02	1514
1.000808468792562e+00	1.431331348080093e-03	1515
9.922681853026944e-01	5.712722883413611e-02	1516
2.632661379673426e-01	2.091915281339482e-01	1517
1.002269966036793e+00	-8.654636559294786e-03	1518
1.001860730115658e+00	-7.364453430487793e-03	1519
-1.031122679356666e-02	-7.099367973219935e-02	1520
1.001165802261534e+00	7.504703965392824e-04	1521
-1.760906608856940e-02	5.551527289948529e-02	1522
1.338992703512660e-01	-1.763549670604197e-01	1523
3.606684481832508e-02	-1.218903831682278e-01	1524
9.438123502739419e-01	-1.020721985268068e-01	1525
7.847884388889506e-01	-1.764892913571009e-01	1526
1.000454792525464e+00	-1.156846298051478e-02	1527
1.001936109663110e+00	7.358255705781831e-03	1528
1.002361643715059e+00	8.647060603362332e-03	1529
1.000796385044357e+00	-1.438381538054923e-03	1530
-2.106938542008890e-02	-4.839264902539759e-02	1531
5.674923222127652e-01	2.232552343701633e-01	1532
6.736271642491309e-01	-2.046592129509521e-01	1533
4.314562217889579e-01	-2.255869288098059e-01	1534
5.957277614563146e-01	2.205356107345801e-01	1535
9.483346441366928e-01	1.011167271825626e-01	1536
9.116821448909687e-01	1.250961439641654e-01	1537
3.245906733873840e-01	2.185573609743645e-01	1538
2.469243620528706e-02	1.106075743062456e-01	1539
5.113311842660460e-01	-2.243094835743639e-01	1540
-2.061899452789488e-02	4.816707424174448e-02	1541
1.003563783476369e+00	2.988482175521541e-02	1542
5.413154509432369e-01	-2.225421532260729e-01	1543
9.995303930831205e-01	5.684761207932056e-03	1544
1.003263636298175e+00	1.622850634092764e-02	1545
1.004853465802872e+00	1.704200794536217e-02	1546
1.000858990664691e+00	-3.051074550052843e-03	1547
-2.811590172902878e-02	2.023338360677739e-02	1548
3.515765252894855e-01	2.214731406410181e-01	1549
1.001464435411464e+00	1.670326030447277e-04	1550
1.001462901094343e+00	-1.804195824526009e-04	1551
-5.161063961805212e-03	-7.917817301121832e-02	1552
-1.453695384443244e-02	-6.350641763847072e-02	1553
4.035384893716384e-01	-2.251811220203846e-01	1554
9.958296711329770e-01	-5.000226937071053e-02	1555
9.992849569464324e-01	-4.326083841370480e-02	1556
7.184897281190688e-04	-8.729679624368693e-02	1557
6.453767049883480e-03	-9.389936826286173e-02	1558
1.000853238853590e+00	2.060620060885367e-03	1559
9.965442900650002e-01	5.023984147506322e-02	1560
9.874123005795845e-01	6.388371623963128e-02	1561
2.942598207981424e-01	2.143108565252459e-01	1562
7.052757399864694e-01	-1.979344826862711e-01	1563
5.169169812470385e-02	-1.334715007669549e-01	1564
1.002504113759153e+00	-3.679848933482965e-02	1565
-1.812895676599575e-02	-5.582248845457041e-02	1566
-2.830185886878746e-02	-2.023053349766534e-02	1567
6.702002747485244e-02	-1.436707017640103e-01	1568
7.982261015817591e-02	-1.519204549074936e-01	1569
1.003003087166950e+00	3.687947584109371e-02	1570
-2.364040435979357e-02	9.855362230830856e-03	1571
-1.720577062246693e-02	-1.820276724974874e-03	1572
1.003169961319911e+00	-2.983847610887600e-02	1573
7.350443133454440e-01	-1.907262913337287e-01	1574
7.612021987630183e-01	-1.836416811608785e-01	1575
-1.897021852567031e-02	8.630900709574410e-06	1576
-2.372507358487914e-02	-9.832879635418752e-03	1577
1.000835489943054e+00	-2.067439639156388e-03	1578
-2.733331032202708e-02	-2.762469279432992e-02	1579
-2.586187257258219e-02	-3.460218996320182e-02	1580
-2.369029075140814e-02	-4.157861430869051e-02	1581
5.388609826370430e-01	2.250734169908510e-01	1582
9.818774564430762e-01	7.063569624660057e-02	1583
-2.553921019837034e-02	3.450961729923509e-02	1584
9.101230235076917e-01	-1.228613521859047e-01	1585
9.287864135873224e-01	-1.119457486482285e-01	1586
9.564102893838934e-01	-9.263284084868505e-02	1587
9.668467956663666e-01	-8.380701915091117e-02	1588
9.808398649245792e-01	-7.006926811128301e-02	1589
9.864806985875860e-01	-6.343707208527831e-02	1590
8.534930508916093e-01	-1.504701330185609e-01	1591
8.321809092908767e-01	-1.595586163809730e-01	1592
9.632126284968356e-02	-1.602340419010723e-01	1593
1.136537313962105e-01	-1.677536570239563e-01	1594
1.335690424902476e-02	-1.017580352004397e-01	1595
2.375416403035812e-02	-1.118224491251768e-01	1596
3.445253378211282e-01	-2.217034291232856e-01	1597
3.759062857927295e-01	-2.239612551045340e-01	1598
1.590937377678332e-01	-1.857558268467690e-01	1599
9.998897035410721e-01	4.341510159286733e-02	1600
5.080487025388903e-01	2.262527118947063e-01	1601
4.769293308437401e-01	2.264229790787979e-01	1602
9.314672476211758e-01	1.129035257422568e-01	1603
8.916086155358682e-01	1.363424157418398e-01	1604
8.718053507542830e-01	1.466322111286409e-01	1605
8.522131003494368e-01	1.557429795778961e-01	1606
8.320236455652734e-01	1.640504438854437e-01	1607
8.083574228857383e-01	1.728364153173958e-01	1608
7.810923817351136e-01	1.819456576153297e-01	1609
7.516573093621758e-01	1.906634659814538e-01	1610
7.210919831961550e-01	1.985592002282613e-01	1611
6.895167138126781e-01	2.055712899655140e-01	1612
6.571155732785133e-01	2.116503650378983e-01	1613
6.252190247186977e-01	2.166784675467055e-01	1614
2.325837517391614e-01	2.035010485027499e-01	1615
1.501513723054419e-01	1.792638190027338e-01	1616
1.292146674519444e-01	1.709838190795211e-01	1617
2.021116590617219e-01	1.961929261950666e-01	1618
1.752487434192214e-01	1.884247664042480e-01	1619
1.089056890448562e-01	1.630527288923119e-01	1620
1.425034753862645e-02	1.007529824775842e-01	1621
8.081054926552573e-01	-1.686763133482403e-01	1622
8.715258485856687e-01	-1.423416186246707e-01	1623
8.901825867560058e-01	-1.334154371788111e-01	1624
4.613162556802082e-01	-2.253207312000582e-01	1625
4.866026399093697e-01	-2.249151813464689e-01	1626
7.293959233538440e-03	9.302963033892202e-02	1627
1.511546894403783e-03	8.653511318226707e-02	1628
-4.432254217397106e-03	7.855046406704125e-02	1629
-9.652849012985402e-03	7.048998634353690e-02	1630
-1.394562643463168e-02	6.310478071803793e-02	1631
9.293200720234321e-02	1.561460641095032e-01	1632
7.922521502838213e-02	1.487765026489342e-01	1633
6.800516962162760e-02	1.417754171030361e-01	1634
5.760069317096328e-02	1.351023250028563e-01	1635
4.773964161390509e-02	1.284471752951108e-01	1636
3.702907841072448e-02	1.204334327167379e-01	1637
4.448801359171173e-01	2.261307867947761e-01	1638
4.106890809474296e-01	2.252258455953845e-01	1639
3.790416801022291e-01	2.235780812551668e-01	1640
9.737205150952328e-01	7.906067352819202e-02	1641
9.626015589678394e-01	8.943653662097428e-02	1642
5.740950498538199e-01	-2.197191129541696e-01	1643
6.080961908565119e-01	-2.156392173779204e-01	1644
6.412475678093911e-01	-2.105631303615036e-01	1645
1.873295742459509e-01	-1.947499975743927e-01	1646
2.173208901599086e-01	-2.025678831225575e-01	1647
2.483593339990154e-01	-2.088536168976168e-01	1648
2.792663343329168e-01	-2.138542871787900e-01	1649
3.114294394964147e-01	-2.182977280256902e-01	1650
-3.412578499465323e-02	2.479076614811015e-02	1651
1.000368181105467e+00	-4.303316461248477e-03	1652
1.007153224466709e+00	3.369584520810311e-02	1653
-3.009095074534177e-02	-4.793282008050301e-02	1654
1.003904944982907e+00	1.405130264264688e-02	1655
1.001802486116511e+00	5.830778494003556e-02	1656
3.632472731238920e-01	2.554966238724315e-01	1657
8.532211697712775e-01	-1.793917584971575e-01	1658
-1.713948168575430e-02	-8.095998606633718e-02	1659
1.001273174312244e+00	1.715038318393268e-03	1660
9.658351464548943e-01	1.081031243896199e-01	1661
1.000406483516797e+00	4.304687716342090e-03	1662
-2.350659961007587e-02	3.832516781601786e-03	1663
1.002840281322304e+00	-1.004253742961063e-02	1664
1.000874607714199e+00	-3.959251393834289e-03	1665
8.299941307524783e-01	-1.901525295669993e-01	1666
-2.892707713383965e-02	1.359597701906699e-02	1667
1.001003844875817e+00	-2.619160428922275e-03	1668
1.001881252959549e+00	6.197876670824153e-03	1669
-2.764450700727920e-02	-5.526609339884909e-02	1670
8.056661892055174e-01	-2.001135387553166e-01	1671
4.466740294711390e-01	-2.594900261734758e-01	1672
9.866713604308682e-01	-8.228021789437290e-02	1673
1.376261944632264e-01	-2.045521972364802e-01	1674
4.169862345944757e-01	-2.591335655179574e-01	1675
9.980151041842613e-01	6.642211721934457e-02	1676
9.503879807946781e-01	1.222337771819105e-01	1677
5.559002753256916e-01	2.584189751883104e-01	1678
2.426914944857468e-01	2.359581473723899e-01	1679
9.466456663802746e-01	-1.227413173933633e-01	1680
-2.428118393623099e-02	6.334138217907884e-02	1681
2.107950698447968e-01	2.279966664580508e-01	1682
5.854176064459636e-01	2.560312396737022e-01	1683
1.000910536537005e+00	3.955109863882285e-03	1684
1.002950251365065e+00	1.003179751635491e-02	1685
1.001819245748951e+00	-6.206451657337442e-03	1686
1.003740496472802e+00	-1.406192332409431e-02	1687
1.004197701098497e+00	-2.313690045558851e-02	1688
1.001026936071869e+00	2.611557379357708e-03	1689
1.002551006015387e+00	1.186612127573769e-02	1690
1.001208699098418e+00	1.204175230386890e-03	1691
1.003139029090570e+00	-7.668639973871768e-03	1692
1.001257977611383e+00	-1.725940856944240e-03	1693
-2.137881568062248e-02	-7.226997917283220e-02	1694
1.001478015800229e+00	5.417157870044830e-04	1695
1.001473163033385e+00	-5.551513049786474e-04	1696
1.001873772542427e+00	-8.574670726018062e-06	1697
1.001198170733256e+00	-1.214894762654456e-03	1698
9.321801464202890e-01	1.364757080055396e-01	1699
3.350066781782232e-01	2.523335957759129e-01	1700
-2.712291343674334e-02	5.505752419312587e-02	1701
-2.963612931405572e-02	4.779004842344783e-02	1702
5.283478177259358e-01	-2.578234577931494e-01	1703
1.005628671751658e+00	2.629121984139150e-02	1704
1.004491200754118e+00	2.314808102861413e-02	1705
1.002418499754965e+00	-1.186679633987693e-02	1706
1.003220671749334e+00	7.648838393495880e-03	1707
-2.488068763388913e-02	-6.362998153812824e-02	1708
1.000981440193793e+00	-5.812981619692400e-02	1709
1.004138406574035e+00	-4.999445134031984e-02	1710
-1.194000374423389e-02	-9.022409387585786e-02	1711
-3.236279050592477e-03	-1.028800842309135e-01	1712
1.954232782176398e-02	-1.294305947675382e-01	1713
3.054277413579268e-01	2.479232508732860e-01	1714
2.740829886370408e-01	2.422387061294719e-01	1715
6.962578682789446e-01	-2.333274323376712e-01	1716
1.005311288014628e+00	-4.222453171696275e-02	1717
3.344880514310339e-02	-1.416218372420264e-01	1718
4.879416589942003e-02	-1.543054888359258e-01	1719
6.236422935678351e-02	-1.648317618528548e-01	1720
-2.905097320552802e-02	-1.356318472792847e-02	1721
1.006701894278021e+00	-3.368849011569391e-02	1722
1.005287782301176e+00	-2.628644058949821e-02	1723
7.276693315353162e-01	-2.253489756241869e-01	1724
7.562258272054750e-01	-2.171125647264778e-01	1725
7.817162759986653e-01	-2.088380565189792e-01	1726
-2.399796251968540e-02	-4.554292104859069e-03	1727
-3.436132224455356e-02	-2.477450005210528e-02	1728
-3.353861846306847e-02	-3.256345919435900e-02	1729
-3.208703067200321e-02	-4.035047117911941e-02	1730
9.934627756486212e-01	7.454050545108215e-02	1731
-3.170253275486298e-02	4.026899266371711e-02	1732
-3.322774566708002e-02	3.253617850260925e-02	1733
9.298557677482038e-01	-1.351833701789533e-01	1734
9.603958011356810e-01	-1.110598878508600e-01	1735
9.716389104720127e-01	-1.000382870538676e-01	1736
9.803114502408283e-01	-9.032194722403594e-02	1737
9.924012267074297e-01	-7.417126098940760e-02	1738
9.970723563375238e-01	-6.615375217101795e-02	1739
7.826993321184961e-02	-1.753528941683686e-01	1740
9.584574545148812e-02	-1.848645313500084e-01	1741
1.144421897213279e-01	-1.938079050942857e-01	1742
8.223253933327158e-03	-1.173768304262802e-01	1743
3.578191102257361e-01	-2.555627661561456e-01	1744
3.882222911650216e-01	-2.578938718631185e-01	1745
1.005893017465281e+00	4.227578528038981e-02	1746
1.004837837060263e+00	5.009537926974200e-02	1747
5.253706982514197e-01	2.599978453773781e-01	1748
4.932924493244644e-01	2.606523992531631e-01	1749
9.124135139043039e-01	1.502000173180439e-01	1750
8.926236188135969e-01	1.627115297802589e-01	1751
8.726055644710292e-01	1.741566015285533e-01	1752
8.521747094105129e-01	1.844659488473209e-01	1753
8.298397847702063e-01	1.944635654323351e-01	1754
8.039524470466280e-01	2.048443162841405e-01	1755
7.750638155740547e-01	2.151683142579754e-01	1756
7.443995522723971e-01	2.247665750284097e-01	1757
7.125861944977219e-01	2.333629052362989e-01	1758
6.797967133740600e-01	2.408910735499766e-01	1759
6.468695047014720e-01	2.472356637283253e-01	1760
6.153847953862371e-01	2.522912791248607e-01	1761
1.305978463698690e-01	1.980933680194278e-01	1762
1.811335286028841e-01	2.188277595378557e-01	1763
1.538071703502731e-01	2.084144300716080e-01	1764
1.105038025659627e-01	1.887336548206810e-01	1765
9.217089405788971e-03	1.163745775615561e-01	1766
8.728660756233108e-01	-1.693982365609126e-01	1767
8.911676461692336e-01	-1.594429154538423e-01	1768
9.106083812685857e-01	-1.478945965682814e-01	1769
4.744979670956690e-01	-2.593636751936453e-01	1770
4.998057200655803e-01	-2.589949292030774e-01	1771
5.015938855403554e-04	1.060219480791481e-01	1772
-5.134869729240377e-03	9.816652476114986e-02	1773
-1.110491814153880e-02	8.961565508475419e-02	1774
-1.638417352305330e-02	8.047504611104699e-02	1775
-2.070020115061922e-02	7.188857500400010e-02	1776
9.184702990005783e-02	1.803372518825653e-01	1777
7.584829845140714e-02	1.712987368855856e-01	1778
5.812245016860617e-02	1.576816625429105e-01	1779
4.284831856383777e-02	1.461899964998633e-01	1780
3.192391301943569e-02	1.382491349406273e-01	1781
2.058534489719464e-02	1.282044892032639e-01	1782
4.612244855697108e-01	2.604362533897320e-01	1783
4.275309527249631e-01	2.595727730873811e-01	1784
3.936929066592441e-01	2.578813522569500e-01	1785
9.870019643966327e-01	8.384120511937966e-02	1786
9.780600759397600e-01	9.497542295846666e-02	1787
5.606624636541119e-01	-2.554693185670676e-01	1788
5.951922379367361e-01	-2.518135317308087e-01	1789
6.298177556147955e-01	-2.466986380066458e-01	1790
6.634375960638197e-01	-2.405101783501262e-01	1791
1.650303816894030e-01	-2.156121215777860e-01	1792
1.951480206040000e-01	-2.258214701560163e-01	1793
2.269206101207220e-01	-2.345008208895100e-01	1794
2.589075237086526e-01	-2.412028015508889e-01	1795
2.910152754721000e-01	-2.469738563982615e-01	1796
3.246397501541566e-01	-2.519144567111907e-01	1797
1.003684377165581e+00	-8.919363235878377e-03	1798
1.008350100713449e+00	-3.051291668668238e-02	1799
1.008588300743845e+00	6.644235865201940e-02	1800
-3.488834038849926e-02	1.748188556106484e-02	1801
-2.924591111255882e-02	6.767656513322741e-03	1802
1.007665501852007e+00	-6.634292188141229e-02	1803
6.877323864720133e-01	-2.729433111054918e-01	1804
8.542052726822552e-01	-2.119767469070030e-01	1805
3.455349114579624e-01	2.901483083979524e-01	1806
1.007859443019735e+00	3.892508925842404e-02	1807
1.002846385000190e+00	-6.749371468434042e-03	1808
1.000877439299875e+00	5.451691850447352e-03	1809
1.000826100310629e+00	-5.451901927494756e-03	1810
1.001563308741645e+00	-9.757077761398111e-04	1811
1.633574291904801e-03	-1.348174638448794e-01	1812
1.003782163550569e+00	8.896066460036786e-03	1813
1.001883152765449e+00	-3.562596236783199e-04	1814
9.541615092737511e-01	1.460036285116990e-01	1815
1.004634144722998e+00	1.208743906582851e-02	1816
1.007859567357308e+00	2.370574766721053e-02	1817
1.005256068951429e+00	2.002764714376875e-02	1818
1.001571969125021e+00	9.615810675700766e-04	1819
9.509545759861543e-01	-1.460918320443700e-01	1820
8.759458633350291e-01	-1.997676021105254e-01	1821
-3.505339631399120e-02	-1.743251743769848e-02	1822
-2.958607192120909e-02	-8.161701739218159e-02	1823
2.729422721043569e-03	1.338241765076655e-01	1824
1.869126987715347e-01	2.533006338872748e-01	1825
1.005006472692750e+00	-2.003749991326731e-02	1826
9.838992707831052e-01	1.127769688014913e-01	1827
8.297514741197691e-01	-2.242566947629805e-01	1828
1.146753141775859e-01	-2.234665816020283e-01	1829
1.007328502140511e+00	-3.891076314184998e-02	1830
-2.545557773200392e-02	-9.167616459816348e-02	1831
4.742081241430037e-01	-2.967726607182090e-01	1832
1.009417701171151e+00	5.646881797382210e-02	1833
5.743008153683717e-01	2.954296832356998e-01	1834
9.995557573220926e-01	-8.529448483112914e-02	1835
5.472877204074857e-01	-2.949201476419751e-01	1836
-3.231668130815141e-02	7.165942376811571e-02	1837
1.309011712984358e-01	2.288004324879628e-01	1838
1.405592143147729e-01	-2.364923276458431e-01	1839
4.313543561242417e-01	-2.970832105506298e-01	1840
3.761186341185591e-01	2.936331718978688e-01	1841
-3.770201502061882e-02	-5.452674388611953e-02	1842
-3.554432504912206e-02	-6.248751602198101e-02	1843
1.001396635629237e+00	2.224640418215346e-03	1844
-2.761830252281476e-02	-1.408590504835295e-04	1845
9.706837800009205e-01	1.290604767140705e-01	1846
2.190665447022303e-01	2.637707015649999e-01	1847
1.001376578591400e+00	-2.236131453712275e-03	1848
1.004494360477804e+00	-1.211261344097548e-02	1849
-3.299446825425254e-02	-7.191646120193143e-02	1850
1.001688025932871e+00	1.403633895873730e-03	1851
1.002916767775837e+00	6.730887382494340e-03	1852
1.001886319648628e+00	3.390343383792583e-04	1853
1.001675240669206e+00	-1.418564405262379e-03	1854
-3.495290335496358e-02	6.230887173775817e-02	1855
-3.718169569777046e-02	5.440893419466044e-02	1856
1.008755604612801e+00	3.048710618697049e-02	1857
1.008634565403405e+00	-5.641460775815004e-02	1858
9.395147334901348e-02	-2.124173924847153e-01	1859
3.153909438790057e-01	2.854568860716331e-01	1860
2.839579080115281e-01	2.793093479265826e-01	1861
2.520733383782864e-01	2.722764038612737e-01	1862
1.422009279384761e-02	-1.494170878422411e-01	1863
2.849649700419180e-02	-1.631142533916608e-01	1864
4.245369900162675e-02	-1.763736961743723e-01	1865
1.013083614477733e+00	-4.736985481363303e-02	1866
1.007553399276905e+00	-2.373911250944297e-02	1867
7.208240173685515e-01	-2.642216123310010e-01	1868
7.516426075736099e-01	-2.548473687342632e-01	1869
7.794421157877910e-01	-2.452365836621347e-01	1870
8.049041554269276e-01	-2.352622642879224e-01	1871
-2.950526163474866e-02	-7.127219653794626e-03	1872
-3.945467441660262e-02	-4.632641473333733e-02	1873
-4.137671035345009e-02	-2.944154747100718e-02	1874
-4.069984969332446e-02	-3.791221656053861e-02	1875
1.005005156040423e+00	7.570908785202922e-02	1876
-3.900900054053000e-02	4.626641417321824e-02	1877
-4.033266924358692e-02	3.790489699664502e-02	1878
-4.109053186194479e-02	2.947902326738198e-02	1879
9.660082355023236e-01	-1.315827766191437e-01	1880
9.781317775993617e-01	-1.178909723785303e-01	1881
9.875034839077578e-01	-1.054564235129025e-01	1882
9.943250599093307e-01	-9.485699776926286e-02	1883
1.003953704742669e+00	-7.552344535363086e-02	1884
5.762026227472705e-02	-1.891458433953971e-01	1885
7.534927217342706e-02	-2.015710625436527e-01	1886
-1.882846250590887e-02	-1.042211004845663e-01	1887
-9.745985715005127e-03	-1.197135804789753e-01	1888
3.701640449164307e-01	-2.934474273418395e-01	1889
4.009648647973156e-01	-2.958495183408479e-01	1890
1.013728764316592e+00	4.732769534228225e-02	1891
5.432021303762398e-01	2.974297085592880e-01	1892
5.107431621380447e-01	2.985993342342364e-01	1893
9.354668352754463e-01	1.625056375559258e-01	1894
9.159249866374831e-01	1.778311062055464e-01	1895
8.959565075850751e-01	1.919023564899361e-01	1896
8.752291614007388e-01	2.048485723708112e-01	1897
8.532665947413812e-01	2.168708620869972e-01	1898
8.286387489162754e-01	2.288159178621763e-01	1899
8.006676678565501e-01	2.408759565492148e-01	1900
7.701250498389164e-01	2.524763426664628e-01	1901
7.379882539095480e-01	2.630484108536646e-01	1902
7.046951214486351e-01	2.723945673471133e-01	1903
6.708177763279448e-01	2.803974679433398e-01	1904
6.376195032043505e-01	2.869359570730673e-01	1905
6.056594344984804e-01	2.919822533265874e-01	1906
1.570335133791426e-01	2.413242173627119e-01	1907
1.093852500026226e-01	2.173429623559607e-01	1908
9.062826881659135e-02	2.077766996589125e-01	1909
9.331215509780577e-01	-1.610465455810562e-01	1910
8.949031023482720e-01	-1.881111729323314e-01	1911
9.138174766296668e-01	-1.754291358915305e-01	1912
5.156386448239043e-01	-2.967532249256193e-01	1913
-7.067100385733592e-03	1.211079678427937e-01	1914
-1.383829752730981e-02	1.102738947370099e-01	1915
-1.910103388522370e-02	1.014572154659987e-01	1916
-2.460403211769687e-02	9.122525141568651e-02	1917
-2.882174110661601e-02	8.126884656827026e-02	1918
7.189642808871240e-02	1.968352059314067e-01	1919
3.802290728746383e-02	1.683181612444520e-01	1920
2.585500831502280e-02	1.578850890205639e-01	1921
5.330735333281644e-02	1.822285236080378e-01	1922
1.395268766002836e-02	1.469352466655943e-01	1923
4.776411604103423e-01	2.986994904888979e-01	1924
4.440657076603873e-01	2.979065646381969e-01	1925
4.093724140957354e-01	2.962320228496990e-01	1926
1.000346609063699e+00	8.626574488987833e-02	1927
9.936106916505300e-01	9.838015253539627e-02	1928
5.819756139300497e-01	-2.918948739751385e-01	1929
6.180762387081945e-01	-2.869781146673574e-01	1930
6.534325870834502e-01	-2.805720227226438e-01	1931
1.702796425660464e-01	-2.493365319910327e-01	1932
2.025460034403360e-01	-2.608635415967390e-01	1933
2.360085248242275e-01	-2.703735000760263e-01	1934
2.688567489082773e-01	-2.776277704509802e-01	1935
3.026512132161990e-01	-2.842238977721203e-01	1936
3.372309964370072e-01	-2.896084367242085e-01	1937
1.424880770285772e-01	-2.725699542210138e-01	1938
1.001610609407764e+00	2.798087086366236e-03	1939
1.004523369795692e+00	-7.809378562456341e-03	1940
1.004038910117297e+00	-6.876506209371583e-03	1941
1.002069831173431e+00	-1.082995977784333e-03	1942
1.005958768676914e+00	1.369797578550859e-02	1943
9.392515827884764e-01	-1.894079028313169e-01	1944
1.001584778597078e+00	-2.810810785628362e-03	1945
1.014688311354270e+00	7.414368451776730e-02	1946
1.138819072195168e-01	-2.570502744899588e-01	1947
1.008752173633605e+00	2.031092733739271e-02	1948
1.007382724710384e+00	1.822259785264459e-02	1949
1.005795355114708e+00	-1.373529989854655e-02	1950
1.001778879819949e+00	-1.917199963142988e-03	1951
1.002776603888805e+00	-5.638495847228744e-03	1952
1.004376500566160e+00	-1.031790145835457e-02	1953
1.004492949471507e+00	1.028958194988702e-02	1954
-4.812398524208279e-02	-5.244780783173411e-02	1955
1.001947769208019e+00	6.571152622988900e-04	1956
1.596618568084409e-01	2.784849838184736e-01	1957
-6.451784262310757e-03	-1.544204676859774e-01	1958
9.202342406967586e-01	-2.054363780055097e-01	1959
8.807900487768235e-01	-2.338564306640573e-01	1960
-4.761974521553904e-02	5.242032081941288e-02	1961
5.620739676586046e-01	3.390433457843106e-01	1962
3.247764902751414e-01	3.274115440476457e-01	1963
9.735069796274793e-01	-1.544127772154374e-01	1964
7.146145566398983e-01	-3.077967402773543e-01	1965
4.144254291517819e-01	-3.382822594572839e-01	1966
-1.610930028466685e-02	1.380757494889427e-01	1967
4.695583234212721e-02	2.093663582590008e-01	1968
9.064056868167666e-02	-2.433985605041712e-01	1969
1.016056422576009e+00	6.204296527896872e-02	1970
1.017253507925974e+00	5.459514408818891e-02	1971
-3.526311609769562e-02	1.033603154256220e-02	1972
-1.821504635064026e-02	-1.378488812057481e-01	1973
6.795887694362340e-01	-3.172516404963346e-01	1974
8.571726159142468e-01	-2.483746152972557e-01	1975
3.567243151126260e-01	3.325066596098478e-01	1976
1.001882210746489e+00	5.147815280835010e-03	1977
1.001831753815681e+00	-5.158874512519058e-03	1978
1.001941662655303e+00	-6.748280154874439e-04	1979
1.004609244357164e+00	7.774133662391793e-03	1980
1.004112972024694e+00	6.844971944786326e-03	1981
1.001491508414442e+00	-3.494435116604746e-03	1982
1.009189686984641e+00	2.711222335527725e-02	1983
1.001523945410920e+00	3.483602721519613e-03	1984
9.013126579812833e-01	-2.197760625758406e-01	1985
9.575019260945902e-01	-1.719952091557310e-01	1986
-4.186628719021033e-02	-2.137336878069065e-02	1987
1.922805557547117e-01	2.922113262849294e-01	1988
1.008832804208192e+00	-2.715408103687849e-02	1989
9.775065218573622e-01	1.523606499507167e-01	1990
1.011197047854351e+00	-3.486624672579883e-02	1991
-3.924650158402500e-02	-9.142483588499885e-02	1992
5.339304263700204e-01	-3.385448549202895e-01	1993
3.901190661796526e-01	3.363219888376403e-01	1994
1.304159340911490e-01	2.635835603178151e-01	1995
-4.260143493299405e-02	-8.070821931582213e-02	1996
1.002834241899890e+00	5.618487671402664e-03	1997
-3.348849539803604e-02	2.095036665262172e-03	1998
-3.358480091091764e-02	-2.267800674654377e-03	1999
9.915236955293514e-01	1.325592988199839e-01	2000
-4.668687830898392e-02	-6.121345026783005e-02	2001
-4.491963994300613e-02	-7.005246339114943e-02	2002
1.001796416565255e+00	1.901667283950511e-03	2003
1.002340865374422e+00	-1.075954522626077e-05	2004
1.002079778193022e+00	1.064216980048500e-03	2005
-4.426108714554777e-02	6.991644585717267e-02	2006
-4.610532540995736e-02	6.113354625836416e-02	2007
1.011668127352233e+00	3.481274957278503e-02	2008
2.926179317986000e-01	3.207620551707028e-01	2009
2.602161186894177e-01	3.128952942142151e-01	2010
2.266480382943102e-01	3.038768872501068e-01	2011
6.772164210556423e-03	-1.713600719167606e-01	2012
2.008851063366894e-02	-1.858326341741403e-01	2013
1.015202351409384e+00	-6.207126575251098e-02	2014
1.016506691602695e+00	-5.466132718346433e-02	2015
1.007155220802688e+00	-1.826561304394192e-02	2016
1.008493941794365e+00	-2.036643882041307e-02	2017
7.477164768978507e-01	-2.972822074837679e-01	2018
7.780405189286265e-01	-2.861885690788936e-01	2019
8.056481570147326e-01	-2.746442037170269e-01	2020
8.317078389279697e-01	-2.622221831357653e-01	2021
-3.541307071658686e-02	-1.047111250352571e-02	2022
-4.945877645376474e-02	-3.433615624021526e-02	2023
-4.904871407638068e-02	-4.343045700702051e-02	2024
-4.862613522238037e-02	4.345199219687192e-02	2025
-4.165847188997620e-02	2.144608672312473e-02	2026
-4.912078818948815e-02	3.440113672669944e-02	2027
9.864663683162118e-01	-1.374715279861200e-01	2028
9.963258661835337e-01	-1.218442098378015e-01	2029
1.003344939565631e+00	-1.081495692113802e-01	2030
1.008359218246639e+00	-9.631546266608572e-02	2031
1.010356967524355e+00	-8.427680821137450e-02	2032
1.013667461626254e+00	-7.410662402938864e-02	2033
3.456112008545887e-02	-2.010189296533624e-01	2034
5.160601412611177e-02	-2.164432679144147e-01	2035
7.068612377257485e-02	-2.307769488722536e-01	2036
-3.485148258502252e-02	-1.046107566266770e-01	2037
-2.737777511685820e-02	-1.195728634802715e-01	2038
3.823113378465004e-01	-3.358140709669509e-01	2039
5.291120160952599e-01	3.406716709605994e-01	2040
9.605110007138267e-01	1.721709810638367e-01	2041
9.418520578555222e-01	1.908915501616269e-01	2042
9.222947871897348e-01	2.081632762987349e-01	2043
9.016962678920898e-01	2.242088740331982e-01	2044
8.797341843787053e-01	2.391490699063587e-01	2045
8.558026256146039e-01	2.533567342280474e-01	2046
8.288414145855652e-01	2.674741037754301e-01	2047
7.987693014128771e-01	2.813440579957994e-01	2048
7.663849212995641e-01	2.943358819218005e-01	2049
7.324721486018974e-01	3.059865153145908e-01	2050
6.976082447451795e-01	3.161010937580724e-01	2051
6.627957040055453e-01	3.245263124160820e-01	2052
6.287939469097639e-01	3.312372416111660e-01	2053
5.952035400608195e-01	3.361733056961660e-01	2054
1.062493274738622e-01	2.492431638701751e-01	2055
8.692965137187730e-02	2.381078856244517e-01	2056
4.530444855378623e-01	-3.392033821522504e-01	2057
4.949350377895644e-01	-3.393840457777903e-01	2058
-2.414809957378479e-02	1.241602162659486e-01	2059
-2.918340980676933e-02	1.133731340462644e-01	2060
-3.439850934641001e-02	1.029963311955996e-01	2061
-3.840064535758646e-02	9.112394846825093e-02	2062
-4.184794993012100e-02	8.049519164553233e-02	2063
6.745635878414277e-02	2.258217102124037e-01	2064
1.762026102239246e-02	1.796606469335189e-01	2065
3.003424268375654e-02	1.923668841990683e-01	2066
-6.048791259428383e-03	1.525615578045462e-01	2067
5.818618529086428e-03	1.675537377531418e-01	2068
4.949683810632275e-01	3.412423244301234e-01	2069
4.605124261455667e-01	3.406647020972403e-01	2070
4.253552669119991e-01	3.390424143099950e-01	2071
1.011316181738602e+00	8.481856725046243e-02	2072
1.008726453995634e+00	9.889652029983693e-02	2073
1.001740976838898e+00	1.143991167061772e-01	2074
5.683487396752169e-01	-3.360630715180876e-01	2075
6.057878347412486e-01	-3.317683658770777e-01	2076
6.432781102204638e-01	-3.253106317754677e-01	2077
1.747744510349663e-01	-2.873661310779763e-01	2078
2.093233894883440e-01	-3.002796296673242e-01	2079
2.442813121548694e-01	-3.104997871381049e-01	2080
2.783203709803762e-01	-3.186195169506159e-01	2081
3.137864330032445e-01	-3.260163647265132e-01	2082
3.489495783182732e-01	-3.317983766653940e-01	2083
1.012623730160696e+00	-4.009468451823993e-02	2084
1.010178966744322e+00	1.788093419197327e-02	2085
1.006259257736619e+00	-1.147648300531467e-02	2086
1.012634847397660e+00	-2.994642080571524e-02	2087
1.006855155821291e+00	-1.568445564109093e-02	2088
-5.825421064158126e-02	-5.858932932497857e-02	2089
5.659871417144919e-01	3.862517168819736e-01	2090
7.446284666184134e-01	-3.449150202558208e-01	2091
3.002876734096654e-01	3.670919633277566e-01	2092
1.013035091584208e+00	2.985818697423871e-02	2093
-5.829947840514465e-02	4.902613367142310e-02	2094
6.399126853834720e-02	-2.632855712478390e-01	2095
9.488271380456027e-01	-2.200528549563714e-01	2096
1.005321709138650e+00	-6.802270729399760e-03	2097
9.670109766540756e-01	-2.002194972928966e-01	2098
1.289875745519827e-01	3.028993083121458e-01	2099
1.020265404160757e+00	-4.845677835038082e-02	2100
7.090005451738859e-01	-3.566004896785502e-01	2101
-5.381502265863980e-02	-9.006925385080954e-02	2102
1.001937387537770e+00	2.485643626925881e-03	2103
1.002430598086747e+00	5.588449124139060e-04	2104
1.002226314395464e+00	1.579323744544603e-03	2105
1.020923963619121e+00	4.831938865853849e-02	2106
-4.898111883995963e-03	1.896799099422285e-01	2107
-2.868067180959814e-02	-1.576558794113863e-01	2108
-4.188930557278563e-02	1.379226598470970e-02	2109
6.715341362963312e-01	-3.667979894115694e-01	2110
4.325763512907883e-01	-3.855837741636300e-01	2111
1.019816839519533e+00	-9.203851852121105e-02	2112
1.020794058117489e+00	-8.204813169990056e-02	2113
1.432643373858157e-01	-3.132418216899807e-01	2114
3.947797224491250e-01	-3.831783602780132e-01	2115
-1.647460514212068e-02	-1.757855684628892e-01	2116
1.023381588255386e+00	6.900406589829401e-02	2117
1.023669137311311e+00	5.945367933054369e-02	2118
1.001316815545502e+00	1.544166798944867e-01	2119
3.688045166045849e-01	3.799358980013277e-01	2120
9.968972407611251e-01	-1.588703246996448e-01	2121
-3.570641025435121e-02	1.400195003186383e-01	2122
2.013510994239030e-02	2.191017276361989e-01	2123
4.048077176719835e-01	3.840279047928586e-01	2124
1.117181330708518e-01	-2.949445985567598e-01	2125
8.568614808647136e-02	-2.782585363680875e-01	2126
1.002731490972564e+00	4.628605531974922e-03	2127
1.002425220398505e+00	-5.811359592190757e-04	2128
1.007046758726151e+00	1.563856960240225e-02	2129
8.879042528897950e-01	-2.718930020401752e-01	2130
1.002211391170317e+00	-1.599177712371829e-03	2131
1.001914100849983e+00	-2.501891037290694e-03	2132
1.011313267282745e+00	2.350400437840493e-02	2133
1.003807162137625e+00	-6.130833763365521e-03	2134
1.005210475094439e+00	-9.086778579530658e-03	2135
1.006393819458406e+00	1.142829029678326e-02	2136
1.005397011308143e+00	6.756255808608124e-03	2137
1.614869201589233e-01	3.203775476619917e-01	2138
-5.769630918610750e-02	5.860597449397825e-02	2139
3.341891001280885e-01	3.743600481155615e-01	2140
9.833854351343326e-01	-1.794691028123528e-01	2141
3.601405704839274e-01	-3.789825383740900e-01	2142
-2.737045738500985e-02	1.565167306355958e-01	2143
-4.944763830004943e-02	2.544124855168431e-02	2144
-4.203685970579498e-02	-1.377744962899419e-02	2145
1.003872268103410e+00	6.100593509991747e-03	2146
1.001597452802042e+00	-4.277120416684071e-03	2147
1.005312969051863e+00	9.046003492218447e-03	2148
1.002684895706797e+00	-4.649475394863503e-03	2149
1.002164441949899e+00	-3.237653383050044e-03	2150
1.013169392016468e+00	4.003485510199322e-02	2151
1.001638007577834e+00	4.266665211519172e-03	2152
9.103110175723358e-01	-2.548821319583083e-01	2153
9.300607474633370e-01	-2.380471018921057e-01	2154
-5.877360644384048e-02	-4.896580791746762e-02	2155
-4.969914168261256e-02	-2.533875326390236e-02	2156
1.011006497674557e+00	-2.358482972470476e-02	2157
1.002195361287232e+00	3.219871546702974e-03	2158
-3.870310191347216e-02	2.086079925649964e-05	2159
-5.708910680395387e-02	-6.786637838353300e-02	2160
-5.591344222293008e-02	-7.799285089304725e-02	2161
-5.645273309821446e-02	6.783677966853259e-02	2162
1.969207574859854e-01	3.359567919696331e-01	2163
2.667894492054376e-01	3.582636837456503e-01	2164
2.329822261403766e-01	3.486478118210281e-01	2165
-3.957523388929527e-03	-1.944990217094534e-01	2166
1.009952217505198e+00	-1.796069375144053e-02	2167
7.776897580390670e-01	-3.322108147139252e-01	2168
8.079024351098985e-01	-3.188071406405832e-01	2169
8.358884426863239e-01	-3.045283974764935e-01	2170
8.626704904124242e-01	-2.888146469129573e-01	2171
-4.027146967713510e-02	-5.075458976916687e-03	2172
-5.879411292270129e-02	-3.929840280316278e-02	2173
-5.840606577993709e-02	3.939829475983330e-02	2174
1.007099465253785e+00	-1.395590230666997e-01	2175
1.014037214352506e+00	-1.222720512292062e-01	2176
1.016859318524167e+00	-1.068947471882663e-01	2177
1.022855591075099e+00	-5.959776603365762e-02	2178
1.022439615047077e+00	-6.911109338640883e-02	2179
9.117796659724977e-03	-2.106736259843072e-01	2180
2.501114074412674e-02	-2.285819196882918e-01	2181
4.364117689678918e-02	-2.467694236953608e-01	2182
-5.065134256007404e-02	-1.025064806484734e-01	2183
-4.563365848771627e-02	-1.192878210148268e-01	2184
-3.825030490194615e-02	-1.363858064806634e-01	2185
9.869917522910663e-01	1.777709464818655e-01	2186
9.701041300016496e-01	2.004628977744029e-01	2187
9.515785489727444e-01	2.216619530291192e-01	2188
9.316441797941140e-01	2.414239056449122e-01	2189
9.099892244868988e-01	2.599816352001798e-01	2190
8.863651987748958e-01	2.774757762390079e-01	2191
8.601911264181986e-01	2.943111767938182e-01	2192
8.308155545978481e-01	3.108585472976984e-01	2193
7.984638209627549e-01	3.267293885506183e-01	2194
7.639260517080885e-01	3.412758441996249e-01	2195
7.279859467481863e-01	3.540939758193292e-01	2196
6.915340409465777e-01	3.649677426718829e-01	2197
6.554420286842549e-01	3.738191960951368e-01	2198
6.195559145855557e-01	3.806891727432893e-01	2199
3.935587520765437e-02	2.397767877007754e-01	2200
1.013772839901128e-01	2.851774681690408e-01	2201
8.049069331456203e-02	2.716103737685264e-01	2202
4.737556892458774e-01	-3.865912171697102e-01	2203
5.154415034442882e-01	-3.865436260826723e-01	2204
-4.169738760766391e-02	1.257220334849973e-01	2205
-4.588769064501835e-02	1.151839993167278e-01	2206
-4.996375246200248e-02	1.015646504554304e-01	2207
-5.299033853532718e-02	8.991198198056011e-02	2208
-5.519153879972947e-02	7.791121692809570e-02	2209
6.079066252681539e-02	2.578977767788850e-01	2210
6.188693482221990e-03	2.031631423241185e-01	2211
-1.660236578117418e-02	1.729932200958354e-01	2212
5.135070187459827e-01	3.884185698790316e-01	2213
4.776223817363952e-01	3.882716628836586e-01	2214
4.414204169091105e-01	3.867862133926361e-01	2215
1.011923327099425e+00	1.321294393492090e-01	2216
1.021814454976842e+00	8.227854808374464e-02	2217
1.020587278793879e+00	9.380113722691756e-02	2218
1.016490868909315e+00	1.117434302267169e-01	2219
5.545590345593869e-01	-3.848246872702354e-01	2220
5.925073898823184e-01	-3.813666801421449e-01	2221
6.325673437713910e-01	-3.752074763136591e-01	2222
1.783532374986939e-01	-3.301631960260544e-01	2223
2.152723582310287e-01	-3.444765597262390e-01	2224
2.514629217364751e-01	-3.554348363870433e-01	2225
2.871498237947020e-01	-3.646480757806905e-01	2226
3.240848597983450e-01	-3.728110800211091e-01	2227
7.037534921056119e-01	-4.112483847993978e-01	2228
1.003152771733497e+00	3.661790173157058e-03	2229
-5.590132028383867e-02	1.399865363562730e-01	2230
-6.941169566555871e-02	6.482961922742565e-02	2231
-6.868719758820611e-02	7.443139663693062e-02	2232
1.011552547089139e+00	-2.057305236457711e-02	2233
-4.951190570842143e-02	-1.699712912679759e-02	2234
7.785766487765960e-01	-3.838758590728243e-01	2235
8.322497983388018e-03	2.493522118401287e-01	2236
8.978957553147725e-01	-3.140580403364170e-01	2237
1.079296337887320e-01	-3.376111891025965e-01	2238
1.009912457895412e+00	1.494178000297326e-02	2239
1.017839516724614e+00	-4.290668544163372e-02	2240
1.013186539326708e+00	2.704027459590982e-02	2241
1.007985515929213e+00	1.291103765228316e-02	2242
1.622473910241760e-01	3.674929259996442e-01	2243
1.003709909343509e+00	5.019208282898701e-03	2244
1.016619205766817e+00	3.480759296413302e-02	2245
-4.815015052509881e-02	-8.000620595316634e-03	2246
1.002903041859178e+00	1.928546231869524e-04	2247
1.002901045813611e+00	-2.197825359640355e-04	2248
1.016147112488883e+00	-3.492717954362377e-02	2249
2.717996725616290e-01	4.090206996443917e-01	2250
-6.663352680770135e-02	-9.991568481389149e-02	2251
-4.933617726503300e-02	1.709677983594147e-02	2252
-3.985881647929064e-02	6.530304288997341e-03	2253
1.030570464470874e+00	-8.805100671724257e-02	2254
1.030641824156855e+00	-7.672823911924281e-02	2255
4.103406838455846e-01	-4.361103122374879e-01	2256
7.880687732647132e-02	-3.174617342605331e-01	2257
-5.861732702576734e-02	-2.931295888932899e-02	2258
3.816481210261443e-01	4.329841572858051e-01	2259
9.498067179717384e-02	3.258044573572019e-01	2260
-4.076087724200241e-02	1.769168811541049e-01	2261
-6.952287262651999e-02	5.448974147191593e-02	2262
-3.013438375553804e-02	1.948495086739843e-01	2263
4.199264123549886e-01	4.372410643985103e-01	2264
3.074090617142870e-01	4.189080662309569e-01	2265
1.024767087437705e+00	5.479258152757486e-02	2266
7.424198023981967e-01	-3.983274226887606e-01	2267
9.962285612420992e-01	-2.064305773995751e-01	2268
5.493947565259103e-02	-2.994516843736655e-01	2269
1.012827018598710e+00	-2.713672393295285e-02	2270
1.007829132027821e+00	-1.297533274567600e-02	2271
6.479592237970281e-01	4.288652624868443e-01	2272
6.630932223692844e-01	-4.221852067216659e-01	2273
9.800670037127959e-01	-2.304323429657588e-01	2274
1.009628246776719e+00	-1.819477400829438e-01	2275
1.263559180582800e-01	3.472317173854266e-01	2276
1.002672534840042e+00	1.143021089379236e-03	2277
1.002376995853929e+00	2.121771629041528e-03	2278
1.021459341669250e+00	1.503546398312111e-01	2279
1.024018303550287e+00	-5.496113149985121e-02	2280
1.031496340481930e+00	6.447398256361783e-02	2281
1.426999337919041e-01	-3.590079786162877e-01	2282
3.712956063392564e-01	-4.315686107841676e-01	2283
1.030620728673287e+00	-6.470315742649843e-02	2284
-4.928318156885651e-02	1.571465183167506e-01	2285
-7.001679012888590e-02	-6.475815761196414e-02	2286
-6.936946819240143e-02	-7.439673417083177e-02	2287
1.002661449824888e+00	-1.167424596249942e-03	2288
1.002072635834670e+00	-4.005507151812154e-03	2289
1.003657259474837e+00	-5.049671527342136e-03	2290
1.002356692015414e+00	-2.142613499999825e-03	2291
1.011817235557178e+00	2.047801419500594e-02	2292
1.005971653360488e+00	-7.962853826444150e-03	2293
3.440437032010089e-01	4.269367795538256e-01	2294
1.006061711290527e+00	7.911280518974710e-03	2295
1.003115801703343e+00	-3.688527961000870e-03	2296
1.018421644915987e+00	4.278745620035002e-02	2297
9.221652676356228e-01	-2.937514156374639e-01	2298
9.432902533917283e-01	-2.735609552684920e-01	2299
9.622697859554999e-01	-2.528457364758214e-01	2300
-6.956965909801488e-02	-4.413837884070399e-02	2301
-7.004193413120255e-02	-5.438028069276644e-02	2302
-6.913716237497861e-02	4.428156144342961e-02	2303
1.009726479644736e+00	-1.502501212616851e-02	2304
1.002111293025387e+00	3.989757235544313e-03	2305
-6.866112072819588e-02	-8.639550327271324e-02	2306
2.003422260351698e-01	3.849174433710538e-01	2307
2.374868134729600e-01	3.984488710581331e-01	2308
-4.129273529258265e-02	-1.792404758901890e-01	2309
-3.003730392041558e-02	-1.983150843338646e-01	2310
8.118013310536538e-01	-3.683320624439050e-01	2311
8.423453667412085e-01	-3.517342295534731e-01	2312
8.709958720107298e-01	-3.336712658038732e-01	2313
-4.575429650087593e-02	-5.938343544754720e-04	2314
-5.832275930233806e-02	2.945035886141025e-02	2315
1.017134151566455e+00	-1.572099293541409e-01	2316
1.024718509155730e+00	-1.365959647682680e-01	2317
1.029724830795325e+00	-1.017377307980061e-01	2318
1.028668249423947e+00	-1.170195008181975e-01	2319
-1.789311832404743e-02	-2.190481347183662e-01	2320
3.321719653447863e-02	-2.802731738464626e-01	2321
-4.104635074479624e-03	-2.383109461694641e-01	2322
1.344039614220542e-02	-2.589525552515006e-01	2323
-6.371508505072643e-02	-1.155019704432767e-01	2324
-5.869952274875889e-02	-1.350142809667685e-01	2325
-5.141047510551573e-02	-1.550184721674396e-01	2326
1.013643612839718e+00	1.780834271086550e-01	2327
9.997568300987523e-01	2.049258827037745e-01	2328
9.833056858464961e-01	2.307045095535022e-01	2329
9.648170241597077e-01	2.549333443316809e-01	2330
9.441384672934728e-01	2.778610148205616e-01	2331
9.211099892331926e-01	2.995852005586800e-01	2332
8.954934331368192e-01	3.202283743246914e-01	2333
8.668653043892171e-01	3.401545730978560e-01	2334
8.348684508522276e-01	3.594601607696101e-01	2335
7.999126580449226e-01	3.775874369930972e-01	2336
7.628673976032899e-01	3.938719879661354e-01	2337
7.247003017323058e-01	4.079251475644174e-01	2338
6.863446214424788e-01	4.195731589244469e-01	2339
5.991058959812102e-01	4.362660015554111e-01	2340
2.940287140124532e-02	2.732751221031516e-01	2341
7.125823551270230e-02	3.087813111054156e-01	2342
4.518450875401123e-01	-4.385102172093502e-01	2343
4.946338082807052e-01	-4.394350721658759e-01	2344
-6.336692618342132e-02	1.129374635365782e-01	2345
-6.585891291870585e-02	9.941154785991407e-02	2346
-6.788128814953227e-02	8.637779005222393e-02	2347
5.098958785200995e-02	2.929915353931145e-01	2348
-7.744972701253867e-03	2.293730581055011e-01	2349
-1.913047950254335e-02	2.126095585180618e-01	2350
5.428997931083951e-01	4.403396151392465e-01	2351
4.770543915245470e-01	4.402941865543879e-01	2352
1.031634770183767e+00	7.671674910515702e-02	2353
1.031550738545753e+00	8.914347903555656e-02	2354
1.028031730750226e+00	1.250257871624467e-01	2355
1.030152005912197e+00	1.054311429908627e-01	2356
5.373152861780007e-01	-4.387057192484548e-01	2357
5.783535383672239e-01	-4.360562336814381e-01	2358
6.205946229993040e-01	-4.307272091709734e-01	2359
1.808448316403842e-01	-3.782203717825526e-01	2360
2.199519282975480e-01	-3.939358501695170e-01	2361
2.574187100286403e-01	-4.057687565645798e-01	2362
2.950505775590971e-01	-4.162210809879689e-01	2363
3.336230990235765e-01	-4.251494118942126e-01	2364
1.012859397197063e+00	1.697420445621549e-02	2365
1.024281141269447e+00	-4.340207531863757e-02	2366
1.021885031908800e+00	-3.788273140284995e-02	2367
-5.802611517604246e-02	-2.006426663344639e-02	2368
1.004722570236832e+00	-5.453300401494421e-03	2369
-8.148841686362358e-02	4.887592824693845e-02	2370
2.577075763253164e-01	4.598547369876499e-01	2371
8.175353231324426e-01	-4.238510942600210e-01	2372
3.841649075871902e-01	-4.906414164591941e-01	2373
-4.721485795804565e-02	2.176675270390710e-01	2374
-8.246627129368957e-02	5.974810126861141e-02	2375
3.951592259607570e-01	4.910393535523938e-01	2376
9.971323017493952e-01	-2.622507613801818e-01	2377
1.008263589092641e+00	-1.094980895519070e-02	2378
1.013027763558770e+00	-1.787389725017445e-02	2379
1.012256188447314e+00	-1.630664199192298e-02	2380
5.950578646180442e-02	3.503794747406376e-01	2381
-2.383921200492473e-02	2.587439903023294e-01	2382
1.003031678665103e+00	7.248194327226361e-04	2383
1.002851483357484e+00	1.732420159826651e-03	2384
1.041276365113987e+00	-1.297563608703909e-01	2385
1.006782142905970e+00	-9.330867316891613e-03	2386
1.006756310992560e+00	-6.760505307713394e-03	2387
1.006890075612313e+00	9.272155790392755e-03	2388
1.010438126799744e+00	1.251271865909064e-02	2389
1.002834517269332e+00	-1.758207403321216e-03	2390
1.003024472814859e+00	-7.528971184647394e-04	2391
-5.731520194301402e-02	-1.121083969856188e-02	2392
-5.391418039759571e-02	-2.037300840215305e-03	2393
1.222101014460410e-01	3.971004566251805e-01	2394
7.409450013255514e-01	-4.582209022466571e-01	2395
9.373701564876320e-01	-3.365714276120508e-01	2396
1.028368610230318e+00	4.826861643685865e-02	2397
-8.167571646624101e-02	-1.107562317060035e-01	2398
4.277002077595424e-01	-4.952637279964044e-01	2399
-7.816718071952106e-02	1.314810472679509e-01	2400
-8.278981172794035e-02	7.061722218257946e-02	2401
-8.284029293644520e-02	8.133148333781093e-02	2402
-5.912161046276305e-03	2.831751950281031e-01	2403
3.545894291817410e-01	4.849842883871526e-01	2404
1.039609711657031e+00	-7.070221975603071e-02	2405
1.406033330801945e-01	-4.104144248898765e-01	2406
9.112488172941426e-01	-3.606141771412902e-01	2407
1.022653840955292e-01	-3.855698060561532e-01	2408
6.973159576565628e-02	-3.615284769175772e-01	2409
4.320178409009894e-02	-3.396813595303263e-01	2410
6.984148163597526e-01	-4.724548048847715e-01	2411
7.807863637668626e-01	-4.418461480872083e-01	2412
1.987352431552726e-02	-3.171509392454834e-01	2413
1.615400143629081e-01	4.202999446549499e-01	2414
1.004222785046012e+00	4.016017719072672e-03	2415
1.004781360694204e+00	5.411867587526882e-03	2416
1.003487300149165e+00	-1.635502180789173e-05	2417
-8.329665123729894e-02	-9.546910034574921e-02	2418
-5.781675218732655e-02	2.021964750109680e-02	2419
1.040134934012499e+00	1.416827780768744e-01	2420
1.040829450247802e+00	-8.245691739494874e-02	2421
8.690019888140037e-02	3.717095381040706e-01	2422
-5.688696255596171e-02	1.985045402800664e-01	2423
-6.875895916601842e-02	-3.310697968097165e-02	2424
3.145192719399038e-01	4.766173559964113e-01	2425
1.042529974971539e+00	9.829090272488439e-02	2426
1.012657120308214e+00	-2.349332199865349e-01	2427
1.014610190412576e+00	-2.323401299101680e-02	2428
1.010283454586934e+00	-1.260750573370496e-02	2429
1.027094189223836e+00	-2.074140846361391e-01	2430
1.002754780779214e+00	2.793297093501863e-03	2431
1.027710683193658e+00	-4.850453122566964e-02	2432
-6.563888564811891e-02	1.758559364475917e-01	2433
-7.221712483595874e-02	1.560655282252259e-01	2434
-8.302221404235184e-02	-5.957958668234983e-02	2435
1.002727347713461e+00	-2.817121631609237e-03	2436
1.004180428324704e+00	-4.053386834405413e-03	2437
1.014914589274286e+00	2.310447891441297e-02	2438
1.008394221321547e+00	1.087641524966034e-02	2439
1.006833045446038e+00	6.698154568237381e-03	2440
1.024868694059828e+00	4.319873967948787e-02	2441
1.022394988419600e+00	3.769709093206143e-02	2442
9.600800934951302e-01	-3.122684734099733e-01	2443
9.796767666271761e-01	-2.878407899892040e-01	2444
-8.195644488920996e-02	-4.868053737606991e-02	2445
-8.343111757410571e-02	-7.047954809370685e-02	2446
-8.356260195640751e-02	-8.122468746726927e-02	2447
2.019866689235798e-01	4.394830359338524e-01	2448
-3.476788643412208e-02	-2.456076147622853e-01	2449
8.512195925059497e-01	-4.044503364098274e-01	2450
8.823598610647847e-01	-3.834343410283995e-01	2451
-4.829994087577710e-02	7.805484899512691e-03	2452
-6.842448655156876e-02	3.328482663527253e-02	2453
1.041618523837180e+00	-9.560846570155805e-02	2454
1.032062412843047e+00	-1.752649288397521e-01	2455
1.036789718848568e+00	-1.527405022108250e-01	2456
1.042199574073493e+00	-1.102867277165469e-01	2457
-5.734059638715741e-02	-2.014943967531078e-01	2458
-4.714194327202688e-02	-2.221765285545350e-01	2459
-1.978836734392823e-02	-2.693137594648389e-01	2460
-1.369781286357976e-03	-2.924109637427326e-01	2461
-7.905398963179100e-02	-1.297910647532846e-01	2462
-7.376422261816419e-02	-1.517744897369350e-01	2463
-6.699340319296981e-02	-1.756751198217711e-01	2464
1.035770382211514e+00	1.693272120502510e-01	2465
1.026052492959083e+00	2.015142266812575e-01	2466
1.016110960145610e+00	2.334829947542696e-01	2467
1.000316986315491e+00	2.628138922480317e-01	2468
9.816861550764292e-01	2.908598722598407e-01	2469
9.600917296708661e-01	3.177166930214547e-01	2470
9.354064473929565e-01	3.433506817917579e-01	2471
9.075701464701327e-01	3.678074516367210e-01	2472
8.762218837041749e-01	3.913671155810136e-01	2473
8.412510003826232e-01	4.138487569288523e-01	2474
8.032760076395776e-01	4.345448989769854e-01	2475
7.633656201248272e-01	4.527580438892320e-01	2476
7.225673818996813e-01	4.681326533665814e-01	2477
6.811160157602493e-01	4.796349408088190e-01	2478
6.330922372640432e-01	4.908185040671089e-01	2479
4.719390640443103e-01	-4.976196596582105e-01	2480
-8.106449244380089e-02	1.091373364904494e-01	2481
-8.250273847121391e-02	9.525394348616556e-02	2482
3.801910558094338e-02	3.306210960658292e-01	2483
1.605768451699923e-02	3.096031830239724e-01	2484
-3.687104311252731e-02	2.368807137328888e-01	2485
5.761459813540086e-01	4.972446244151689e-01	2486
5.109635159935751e-01	4.992626200480929e-01	2487
4.462935038329962e-01	4.970711070815467e-01	2488
1.040543186146868e+00	7.049722158412065e-02	2489
1.041877081095399e+00	8.300214820222758e-02	2490
1.042623932254797e+00	1.166870435942176e-01	2491
5.169608295897892e-01	-4.980926256787658e-01	2492
6.534164167726483e-01	-4.840545165062289e-01	2493
5.616336871950014e-01	-4.964021861753259e-01	2494
6.068906999867852e-01	-4.922186077844464e-01	2495
1.818257642578087e-01	-4.320324241060146e-01	2496
2.230163179424277e-01	-4.491765184112445e-01	2497
2.619613997779337e-01	-4.621159087590576e-01	2498
3.019510598856785e-01	-4.739300580569437e-01	2499
3.430494012966711e-01	-4.832632990905533e-01	2500
1.015192376004258e+00	1.951369380507832e-02	2501
5.417391114011172e-01	-5.624009964811572e-01	2502
1.010592893125475e+00	1.022427551384221e-02	2503
5.817679222512730e-02	-4.110385962567960e-01	2504
1.032685856092755e+00	5.492218493376994e-02	2505
-9.849383523731813e-02	1.226959135470128e-01	2506
-9.626996827565956e-02	1.487881853107013e-01	2507
4.139839804310089e-01	5.581849893940365e-01	2508
2.847195279740736e-02	-3.844638639147948e-01	2509
1.039857981415297e+00	-6.061901071025285e-02	2510
8.626806700910281e-01	-4.632738017308692e-01	2511
-9.917365994135194e-02	-1.228167086045888e-01	2512
-9.612103967743107e-02	-5.277637763267070e-02	2513
1.161314765391182e-01	4.530319581097136e-01	2514
1.040740521070608e+00	6.036000166111320e-02	2515
1.014857396350521e+00	-2.062483494511849e-02	2516
1.008827093785067e+00	8.963168636757696e-03	2517
1.007661597463551e+00	7.950512588874031e-03	2518
1.007568662861627e+00	-8.020467035893621e-03	2519
-9.721460116431176e-02	6.469867665791934e-02	2520
4.523158615072322e-02	3.972317146923734e-01	2521
1.033387938504314e+00	-2.647869306058684e-01	2522
-6.761348216454316e-02	-2.294040427516693e-02	2523
9.564470510844301e-01	-3.835019699230354e-01	2524
3.177302779465903e-03	-3.576637555794173e-01	2525
-8.027855770898901e-02	-3.651631473097203e-02	2526
1.587809250541427e-01	4.792718298634742e-01	2527
-7.656670475035372e-02	2.204102464710825e-01	2528
1.056385221628879e+00	-1.207259235923125e-01	2529
4.700397385265530e-01	-5.621889226053494e-01	2530
3.991420711434760e-01	-5.564350225412933e-01	2531
7.397938526775116e-01	-5.254295856018313e-01	2532
9.448085970692008e-02	-4.394049491277819e-01	2533
1.028135037250786e+00	-3.845248674884257e-02	2534
1.031083671914839e+00	-4.254136868590822e-02	2535
1.021590213685000e+00	3.207036817363667e-02	2536
1.017340064767109e+00	2.652071727193249e-02	2537
-6.706709283831627e-02	-1.488419318812955e-02	2538
-9.982585287869840e-02	-1.049167141923981e-01	2539
-7.991602850669487e-02	3.674016770030611e-02	2540
3.447496703658046e-01	5.433552228807600e-01	2541
8.252396542657960e-01	-4.860879518829671e-01	2542
1.018248112455305e+00	-2.954041927305014e-01	2543
1.006029085863782e+00	-5.629836581634780e-03	2544
1.008720112833886e+00	-9.045189809444135e-03	2545
1.991863643004644e-02	3.720343909476336e-01	2546
-4.268600036028251e-02	2.913824407298673e-01	2547
1.003774800614601e+00	3.004921046322497e-03	2548
1.003318718067270e+00	1.292418111385329e-03	2549
1.012182009295140e+00	-1.431700693797333e-02	2550
1.012361461833241e+00	1.420186436665765e-02	2551
1.005356210487841e+00	-4.402898421084588e-03	2552
1.003305761666326e+00	-1.323094743582521e-03	2553
6.920997081179827e-01	-5.410410177733491e-01	2554
1.031938199365884e+00	-5.519685646844321e-02	2555
-9.907089071271875e-02	8.863399675341115e-02	2556
1.056825994473310e+00	1.307129450830710e-01	2557
1.050295465748123e+00	-7.553799953434627e-02	2558
7.842473305145818e-01	-5.069082756383358e-01	2559
1.006091612374821e+00	5.574244956997455e-03	2560
1.005403874075508e+00	4.353296433189889e-03	2561
-6.341232613009698e-02	-3.719224094592655e-03	2562
7.680382569980566e-02	4.234734779310492e-01	2563
-9.562647060488905e-02	5.303554239341573e-02	2564
2.699721066005371e-01	5.257339302591693e-01	2565
1.054787389042593e+00	-1.024461284432407e-01	2566
1.016986018476738e+00	-2.667448557345474e-02	2567
1.021158672327870e+00	-3.225980017301529e-02	2568
1.010467653182491e+00	-1.032510945911823e-02	2569
1.042558767490688e+00	-2.330672570119288e-01	2570
1.003009009894914e+00	2.407659131740408e-03	2571
-8.487294977383161e-02	1.962538207988618e-01	2572
-9.066564290645047e-02	1.731304262132852e-01	2573
-9.779915140921296e-02	-6.446201404465322e-02	2574
1.002985159411334e+00	-2.434438507623401e-03	2575
1.003743899543847e+00	-3.038823507096027e-03	2576
1.031659585034878e+00	4.224791503218284e-02	2577
1.028654472095858e+00	3.818774356534275e-02	2578
9.807565314236470e-01	-3.543484610234385e-01	2579
1.001147952694322e+00	-3.251396771690131e-01	2580
-9.982016910686355e-02	-8.862013243682347e-02	2581
-9.878076978234580e-02	-7.564163660709472e-02	2582
-9.811452840244725e-02	7.585532642118745e-02	2583
2.106339551833529e-01	5.039502229353695e-01	2584
8.969928882037613e-01	-4.386805071535667e-01	2585
9.283357952501347e-01	-4.119303473128074e-01	2586
-5.746303291787940e-02	8.709520441929804e-03	2587
-6.737067541729343e-02	2.314084680451468e-02	2588
1.051151585936960e+00	-1.947060285083563e-01	2589
1.053192494953836e+00	-1.679528211072697e-01	2590
1.055500770346990e+00	-1.444676904157110e-01	2591
-7.719176275056941e-02	-2.240720163056449e-01	2592
-6.764715698264134e-02	-2.479107377030227e-01	2593
-5.450673506059000e-02	-2.745819715938414e-01	2594
-3.854174085945749e-02	-3.030620478862969e-01	2595
-1.951712791621453e-02	-3.293769962462408e-01	2596
-8.590157276830303e-02	-1.973850127228942e-01	2597
-9.704458794599835e-02	-1.456919563175781e-01	2598
-9.213583222119467e-02	-1.698236549450514e-01	2599
1.056006843451442e+00	1.583331075802460e-01	2600
1.051274116575166e+00	1.915453042935864e-01	2601
1.044860738325089e+00	2.248242525238056e-01	2602
1.038346918141072e+00	2.643112159147102e-01	2603
1.021185957409384e+00	2.967942160786526e-01	2604
1.002442911697782e+00	3.295302841574869e-01	2605
9.798317701131612e-01	3.612443475512396e-01	2606
9.533674077059634e-01	3.915989360424499e-01	2607
9.230528256056031e-01	4.206584829491257e-01	2608
8.886093460708950e-01	4.485180433901874e-01	2609
8.502066595454226e-01	4.746843710572269e-01	2610
8.087469889465267e-01	4.983040552673831e-01	2611
7.654251293150001e-01	5.186823817630790e-01	2612
7.189562778341607e-01	5.337375743644609e-01	2613
6.725269012015671e-01	5.486446549838561e-01	2614
-9.909544784178302e-02	1.039302833814792e-01	2615
-2.354519870415546e-02	3.202447519068787e-01	2616
-5.206580194542713e-04	3.489793850961115e-01	2617
-5.736599978102314e-02	2.639172368536054e-01	2618
-6.819597237507877e-02	2.413280673304264e-01	2619
6.128017159570870e-01	5.594789900143206e-01	2620
5.465355302530910e-01	5.639505457136792e-01	2621
4.773886517497382e-01	5.635600932413726e-01	2622
1.053752642057962e+00	9.015186791465406e-02	2623
1.051320678569504e+00	7.567176623114259e-02	2624
1.052596999041101e+00	-8.835516908371080e-02	2625
1.055921207575092e+00	1.074139362624415e-01	2626
5.903351396352438e-01	-5.600607513145192e-01	2627
6.415305532915181e-01	-5.529872836195098e-01	2628
1.365733922627912e-01	-4.680035058606080e-01	2629
1.808725083289144e-01	-4.921450836166540e-01	2630
2.240844490485189e-01	-5.107938908535326e-01	2631
2.650068463369082e-01	-5.251744826662427e-01	2632
3.308288120539493e-01	-5.426569136309856e-01	2633
1.010721801621355e+00	8.177100453858216e-03	2634
-9.384823605097076e-02	-4.082269916611665e-02	2635
1.026880763196654e+00	3.418731623882455e-02	2636
1.018656344121052e+00	2.216718608811954e-02	2637
1.045477125203303e-02	-4.343676277945450e-01	2638
-7.813759315278612e-02	-2.180595846851644e-02	2639
7.886316822375213e-01	-5.800230741816073e-01	2640
-1.699344136262635e-02	-4.019335089322349e-01	2641
-6.707008540129640e-02	8.923295985828555e-03	2642
1.005708882217393e+00	-3.998665018864669e-01	2643
9.150492598613144e-01	-5.000906269913704e-01	2644
7.381151437285489e-01	-6.009495627378616e-01	2645
4.384987070477647e-02	-4.666430169384457e-01	2646
-1.195097762991658e-01	-1.361944294202349e-01	2647
1.015589640739446e+00	1.575201912564728e-02	2648
5.056581948511416e-01	-6.353639124782973e-01	2649
-1.157125432476787e-01	8.091675713266562e-02	2650
1.022397762327166e+00	-2.698897289723977e-02	2651
1.007437300149241e+00	-5.523904911351782e-03	2652
1.007500141303361e+00	5.452311859370937e-03	2653
1.006659489105952e+00	-4.486103462308025e-03	2654
-7.421682296977339e-02	-6.349914435434969e-03	2655
-8.711349264661481e-04	4.184551067843714e-01	2656
6.423802734519109e-02	4.816799425759489e-01	2657
1.026417078510766e+00	-3.443876192037200e-02	2658
1.014733476960900e+00	-1.521811713760721e-02	2659
1.003546196317813e+00	1.952529272619376e-03	2660
1.012555187247346e+00	-1.173669571038856e-02	2661
-1.091871580291464e-01	-2.196806995165088e-01	2662
-1.191573931678361e-01	-1.145433568539776e-01	2663
-1.175384976257389e-01	9.619628208300643e-02	2664
-1.195729436182923e-01	1.375704517364283e-01	2665
1.003727652414720e+00	-7.606223108543414e-04	2666
1.041002723842156e+00	5.126108170170496e-02	2667
6.835524450424698e-01	-6.178531997312355e-01	2668
1.043787378607432e+00	-3.298821863350384e-01	2669
9.798576759051253e-01	-4.347607504198884e-01	2670
-1.184481781193884e-01	1.138894884626141e-01	2671
1.075341664862530e-01	5.155256790937450e-01	2672
-1.005121157200153e-01	2.421112387470019e-01	2673
1.036063081932032e+00	4.815193537054419e-02	2674
1.048839860329111e+00	-6.517284595087926e-02	2675
5.694587275542051e-01	-6.320861469356296e-01	2676
-1.121973822162086e-01	-5.641021025551781e-02	2677
1.012700968671825e+00	1.161274802381807e-02	2678
4.404464175928136e-01	6.329655359250715e-01	2679
-1.183402439892984e-01	-9.672908643153728e-02	2680
1.587065607271289e-01	5.474493476672394e-01	2681
1.065336255541212e+00	-2.568613435646106e-01	2682
1.016365530944054e+00	-1.763923423233328e-02	2683
1.009261927245251e+00	7.285089245598017e-03	2684
1.008409705523382e+00	6.555927438391675e-03	2685
1.008332627616349e+00	-6.636508746378800e-03	2686
1.009175006876958e+00	-7.374695484360919e-03	2687
2.840268222926046e-02	4.499288249580550e-01	2688
1.054767548494101e+00	-2.944148700423634e-01	2689
-4.470311700957059e-02	3.608788460250440e-01	2690
-2.334916034250146e-02	3.899399234526584e-01	2691
1.067865726826805e+00	9.713893405706071e-02	2692
1.069998489491448e+00	-1.103371245942567e-01	2693
8.771241091209836e-01	-5.290920964971526e-01	2694
1.022756810451763e+00	2.677003088584495e-02	2695
-1.116826832181311e-01	5.674054928973938e-02	2696
8.349318471969255e-01	-5.559174251357463e-01	2697
-6.508573565905731e-02	3.270724296942669e-01	2698
1.003735133003060e+00	7.255403227361551e-04	2699
1.010622259970263e+00	-8.282572049874782e-03	2700
1.004918156332663e+00	3.233360550916760e-03	2701
1.006709456254412e+00	4.422228074494943e-03	2702
1.004883476002520e+00	-3.278977208541804e-03	2703
1.040239650655232e+00	-5.158585005690667e-02	2704
1.035407823934022e+00	-4.848431846326724e-02	2705
3.655351166576439e-01	6.197432597188005e-01	2706
1.071541285493127e+00	1.184617784905871e-01	2707
1.049884102989524e+00	6.503064208824931e-02	2708
-9.345183907220617e-02	4.110195673349076e-02	2709
2.926270985466002e-01	6.006290749251209e-01	2710
-1.080238431500607e-01	2.176816770796413e-01	2711
-1.128179610337549e-01	1.909319576110517e-01	2712
-1.164712685243897e-01	1.661854401065493e-01	2713
1.003526425001277e+00	-1.985068261342457e-03	2714
1.034886384896456e+00	3.671288851569110e-02	2715
1.034384708100826e+00	-3.705822975226059e-02	2716
1.026841298444066e+00	-3.648050286379347e-01	2717
-1.164010417981663e-01	-8.073349746180818e-02	2718
-1.145262356760155e-01	-6.860585673361366e-02	2719
-1.139235296736348e-01	6.891907783541924e-02	2720
2.185012795232278e-01	5.761160127440126e-01	2721
9.495169603995466e-01	-4.684767003031737e-01	2722
-7.809853277821796e-02	2.566590518134480e-02	2723
1.071284383312911e+00	-2.193770207138540e-01	2724
1.072496087713229e+00	-1.332223984706889e-01	2725
1.073576046230885e+00	-1.829859784350914e-01	2726
1.073319559267010e+00	-1.580838893789467e-01	2727
-1.008774488182443e-01	-2.473215332756093e-01	2728
-9.165172368617741e-02	-2.762335157493686e-01	2729
-4.142239954833749e-02	-3.700989998567133e-01	2730
-7.815978727271269e-02	-3.064732488263243e-01	2731
-6.121442077212843e-02	-3.393977853294037e-01	2732
-1.173879130380248e-01	-1.623413748398782e-01	2733
-1.140280844727368e-01	-1.891954825926608e-01	2734
1.074256358866199e+00	1.450293399664788e-01	2735
1.074279344407131e+00	1.778490298492554e-01	2736
1.071948344814440e+00	2.127340790325622e-01	2737
1.069115856444387e+00	2.489888412474622e-01	2738
1.058358881788517e+00	2.956051840844963e-01	2739
1.046836281058509e+00	3.330832051329554e-01	2740
1.027389566627218e+00	3.710565022248176e-01	2741
1.003782708512842e+00	4.086026394741835e-01	2742
9.754849227032977e-01	4.446860091654364e-01	2743
9.423638577852824e-01	4.792973991623491e-01	2744
9.043558922973104e-01	5.122551763128109e-01	2745
8.620019148626590e-01	5.427045607300375e-01	2746
8.164586959430230e-01	5.696856571665815e-01	2747
7.411121648995879e-01	6.005243811727230e-01	2748
-8.119698417706188e-02	2.943450685038888e-01	2749
-9.255235605630806e-02	2.668907924188500e-01	2750
6.564770345272845e-01	6.258444345445113e-01	2751
5.854679333772286e-01	6.348300494036854e-01	2752
5.124820600387059e-01	6.368547742295189e-01	2753
1.066314196819074e+00	-9.344617403859680e-02	2754
1.063800403958096e+00	8.101714526140734e-02	2755
1.062570939423287e+00	-7.995554135963862e-02	2756
4.287109357361445e-01	-6.311175422381694e-01	2757
6.260106309695856e-01	-6.294209935066295e-01	2758
8.430733991985849e-02	-4.994970613738905e-01	2759
1.301402049761468e-01	-5.323434621719269e-01	2760
1.774992410555831e-01	-5.591518136822320e-01	2761
2.235309747340611e-01	-5.775843324136727e-01	2762
2.805815531790360e-01	-5.988422419472564e-01	2763
3.510905583011297e-01	-6.181933152007769e-01	2764
-1.186195258959903e-01	-3.063261016173621e-01	2765
9.371510752960871e-01	-5.682809962404000e-01	2766
-7.549725830380062e-02	1.282143591768798e-02	2767
8.463876147620162e-01	-6.344212163348690e-01	2768
5.417199637378507e-01	-7.150942609962818e-01	2769
1.012533824620124e+00	-9.409639261773519e-03	2770
1.014700220598362e+00	-1.336297628279615e-02	2771
1.048294427719976e+00	-5.581428712916013e-02	2772
1.006045448007438e+00	-3.438211999010380e-03	2773
1.038383497747830e+00	-4.236247387774556e-02	2774
3.900919224399700e-01	7.044944725914384e-01	2775
7.931606963812253e-01	-6.623729381037182e-01	2776
-1.392131279296973e-01	-1.046644136028258e-01	2777
-1.423174069418430e-01	-1.511549991961551e-01	2778
1.010774342214244e+00	-6.433580945305674e-03	2779
9.750086421425521e-01	-5.308609909136797e-01	2780
-7.189230836776017e-02	4.033453737301029e-01	2781
-5.095338890995962e-02	4.350032937919059e-01	2782
1.057660088711474e+00	-4.072863737862749e-01	2783
8.943922704458748e-01	-6.028320338020631e-01	2784
1.038957339331108e+00	4.197898624998454e-02	2785
1.049201699000580e+00	5.549869786974981e-02	2786
-7.970681767950993e-02	5.543032485706066e-03	2787
9.904419430646227e-02	5.869884573333255e-01	2788
1.589998784864716e-01	6.248749736444289e-01	2789
-1.415344686430191e-01	-1.249627702924071e-01	2790
1.019914389011995e+00	-2.303825580055042e-02	2791
4.627112539948099e-01	-7.139272506344708e-01	2792
1.096958128973081e+00	-2.027517243037771e-01	2793
1.096174674127602e+00	-2.425615904067338e-01	2794
1.083894682664011e+00	-3.228936126385438e-01	2795
-1.323032248410558e-01	7.226958194457424e-02	2796
1.061274694156445e+00	6.867075575528199e-02	2797
4.860309636003766e-02	5.468930035822329e-01	2798
-4.202713648161106e-02	-4.508567887653676e-01	2799
2.661613442097414e-02	-5.290718216931510e-01	2800
1.018606376975952e+00	1.812685898985552e-02	2801
-1.092255401343214e-01	-4.407239685524521e-02	2802
1.023558857006424e+00	2.192374970313429e-02	2803
-6.718206875568278e-02	-4.150644869303652e-01	2804
7.345411969788027e-01	-6.859023160853331e-01	2805
1.035363264545031e+00	-4.488652245701060e-01	2806
-1.117999946799562e-02	-4.900561226292813e-01	2807
1.018440469311928e+00	-2.055765641672521e-02	2808
-1.330792706931629e-01	-7.192511966145074e-02	2809
1.008027495968746e+00	-4.271351627342889e-03	2810
1.009008485630629e+00	5.136011001859394e-03	2811
1.004246543290158e+00	-2.020252475138437e-05	2812
-1.088055870265227e-01	4.441773851918629e-02	2813
-2.488163677179401e-02	4.704157455911852e-01	2814
1.026213095354558e+00	-3.066271242362600e-02	2815
1.017881013820912e+00	-1.485884011865379e-02	2816
1.004074715138575e+00	1.404556202754202e-03	2817
1.014869527766393e+00	1.321516614853857e-02	2818
1.004449825210644e+00	2.322967946798165e-03	2819
1.071309220455223e+00	-3.648244941054439e-01	2820
1.008039790550304e+00	-4.906324650775463e-01	2821
-1.412603308639185e-01	1.246288257553505e-01	2822
6.708784910477394e-01	-7.036592231937198e-01	2823
-1.384273171955601e-01	1.039401872921051e-01	2824
1.012649399677418e+00	9.282777718180498e-03	2825
-1.365002910845583e-01	-8.638210055489637e-02	2826
-1.357450232324975e-01	8.622463981634521e-02	2827
1.091107104211520e+00	-2.843952455630596e-01	2828
1.010851143848336e+00	6.324441934695822e-03	2829
1.008947845389649e+00	-5.225241934153177e-03	2830
8.388921488082944e-03	5.090167230419528e-01	2831
-8.659699942420178e-02	-1.142947580972002e-02	2832
-9.103957712434248e-02	-2.699421766842502e-02	2833
1.059859810291902e+00	-6.831264914932886e-02	2834
1.026625734118895e+00	3.040589973460744e-02	2835
-9.139150295540743e-02	3.660756089595079e-01	2836
1.008076136249221e+00	4.191905974330287e-03	2837
1.006082945371124e+00	3.380195762676588e-03	2838
1.004060153459066e+00	-1.442805477391811e-03	2839
1.084374404537854e+00	1.052576419967076e-01	2840
3.104956080732472e-01	6.843392193315992e-01	2841
-1.340545970673331e-01	2.390293259331295e-01	2842
-1.390221943524655e-01	2.094171104143502e-01	2843
-1.410070833603866e-01	1.824108686876188e-01	2844
-1.421281425841788e-01	1.544227999031012e-01	2845
1.004425392348383e+00	-2.364473499736920e-03	2846
-1.303098967869269e-01	-5.925178663453896e-02	2847
-1.297829450982193e-01	5.966093856817081e-02	2848
2.331958001679445e-01	6.583808698946757e-01	2849
-9.108029293053869e-02	2.917210494975354e-02	2850
1.087479239525767e+00	-1.200199679776463e-01	2851
1.094738263046392e+00	-1.703325284659551e-01	2852
-1.350872185375831e-01	-2.424780549005149e-01	2853
-1.290695431695922e-01	-2.721817156873434e-01	2854
-8.791279738592910e-02	-3.782597816174533e-01	2855
-1.059498941372312e-01	-3.415208137098850e-01	2856
-1.418448790230892e-01	-1.789822822856447e-01	2857
-1.402386083928517e-01	-2.089198404461604e-01	2858
1.090246478117672e+00	1.299492571971949e-01	2859
1.091786065384657e+00	-1.450394093215193e-01	2860
1.094655437599170e+00	1.613905380744859e-01	2861
1.096969744587034e+00	1.968357955805295e-01	2862
1.097809199800817e+00	2.329044307519824e-01	2863
1.094773720689510e+00	2.793524332981435e-01	2864
1.086989116082191e+00	3.247869555755777e-01	2865
1.073150853731547e+00	3.703890470499008e-01	2866
1.057223518794925e+00	4.157982517365497e-01	2867
1.032424157304278e+00	4.599206237936115e-01	2868
1.002179602444429e+00	5.030101199106305e-01	2869
9.659085829957155e-01	5.443383354315596e-01	2870
9.238060446994952e-01	5.833178788894413e-01	2871
8.768068863942333e-01	6.187597926231879e-01	2872
8.085121735679403e-01	6.559335920228436e-01	2873
-1.087886131383788e-01	3.283150062355154e-01	2874
-1.202024153092151e-01	2.944241867190195e-01	2875
-1.287799893270686e-01	2.648686332771792e-01	2876
7.226424470755695e-01	6.897122630120807e-01	2877
6.320374282991166e-01	7.113418405469569e-01	2878
5.520956319951229e-01	7.173286800191453e-01	2879
4.729615173392103e-01	7.158020768478139e-01	2880
1.082132997462477e+00	-9.885424625288848e-02	2881
1.076660341091473e+00	-8.331851181708665e-02	2882
1.078394401570243e+00	8.590248592363880e-02	2883
6.016212115427041e-01	-7.124553115512772e-01	2884
7.072300515371267e-02	-5.667220318437973e-01	2885
1.207423938270733e-01	-6.040345789897361e-01	2886
1.742053675182700e-01	-6.338734475238745e-01	2887
3.768988612805745e-01	-7.025092009174525e-01	2888
2.264149155878805e-01	-6.568644577378406e-01	2889
2.956612815739456e-01	-6.818169411275588e-01	2890
-7.149667745134426e-02	-5.057001282037233e-01	2891
-1.045946764058639e-01	4.478684191342279e-01	2892
3.299162181145364e-01	7.782209780497359e-01	2893
1.047940254819972e+00	-4.672855505822923e-02	2894
-1.608022633060527e-01	-3.005018995828621e-01	2895
1.005509991016481e+00	-2.438276985301747e-03	2896
1.048718810951647e+00	4.634768842388016e-02	2897
4.203315327440945e-01	7.985074362507000e-01	2898
1.118803923369342e+00	-4.035670042868525e-01	2899
9.017162158760743e-02	6.683963637333064e-01	2900
5.008767157648499e-01	-8.049169950531412e-01	2901
-1.385327035792426e-01	-3.802407870922838e-01	2902
-1.265692772201911e-01	-4.640291576214664e-02	2903
1.015003081017226e+00	1.047934120272190e-02	2904
1.070459260338305e+00	-5.016596957871676e-01	2905
1.010700609187094e+00	-4.559700266907692e-03	2906
1.009457024731417e+00	-3.812879203353474e-03	2907
1.004987143068917e+00	1.567411608436654e-03	2908
1.024499845238126e+00	-2.291485830082573e-02	2909
1.027392643799229e+00	-2.562563987840994e-02	2910
7.269019358985696e-01	-7.814663214706621e-01	2911
5.755339990919093e-01	-8.010931559261312e-01	2912
1.041190189084915e+00	-5.515350671816692e-01	2913
-1.691903505021437e-01	-1.654779347751534e-01	2914
1.007234967556306e+00	-3.326269498345984e-03	2915
-1.240992703235352e-01	4.070529497097585e-01	2916
1.004553518336188e+00	-7.945270016034716e-04	2917
1.027520125451435e+00	2.518988506739720e-02	2918
1.116233224281240e+00	-3.554754939044564e-01	2919
-1.632974270029236e-01	-1.121538694003755e-01	2920
-1.406249787786047e-01	3.659493152437485e-01	2921
-1.675001737667572e-01	-1.372468205599649e-01	2922
1.031426068550043e+00	-3.227313153362055e-02	2923
-8.817340821067852e-02	1.566522216150378e-02	2924
-1.513825846959979e-01	-3.379326566282664e-01	2925
-1.202161989633403e-01	-4.206230675825559e-01	2926
1.124373083282615e+00	-2.232295130378055e-01	2927
1.074358321252558e+00	7.221431995811238e-02	2928
1.057843933448415e+00	-5.994981896126728e-02	2929
8.589518675437439e-01	-7.229806145627123e-01	2930
1.682682765161785e-01	-7.180071854487444e-01	2931
4.080774900478246e-01	-7.962647047323725e-01	2932
9.632481213953649e-01	-6.443049436419098e-01	2933
6.477656217669981e-01	-7.985024573357380e-01	2934
1.012499439657650e+00	-7.375870563282563e-03	2935
1.014869663395642e+00	-1.063297147719748e-02	2936
1.058838808676927e+00	5.960626200843318e-02	2937
1.007272099637747e+00	3.255048502011455e-03	2938
7.964744822719665e-01	-7.553839372395993e-01	2939
1.018351621047918e+00	1.420334881341604e-02	2940
1.009501198641679e+00	3.716839806647440e-03	2941
1.005455549657162e+00	-5.995245238006640e-01	2942
-1.545837489170149e-02	5.750761301041999e-01	2943
1.090028108861609e+00	-4.514262479500085e-01	2944
9.144935435140281e-01	-6.856356869462962e-01	2945
1.041947157218298e+00	3.545597217438703e-02	2946
1.041461940077272e+00	-3.589000375829801e-02	2947
-8.255507441604470e-02	4.857990374955585e-01	2948
1.125545413850438e+00	-2.673655754571357e-01	2949
3.129551251074267e-02	6.211190048265482e-01	2950
-9.847899975225111e-02	-4.637159705866164e-01	2951
-3.659264564039873e-02	-5.523942223969018e-01	2952
1.019896972431637e+00	-1.748767480957149e-02	2953
-1.058088348994860e-01	3.239202565672841e-02	2954
-5.274878015679869e-02	5.284008154134824e-01	2955
1.004561553298492e+00	7.510069904674601e-04	2956
-1.626960433887842e-01	1.111109545709342e-01	2957
-1.582307733111517e-01	9.182635340017072e-02	2958
1.010754428842428e+00	4.449869372723150e-03	2959
-1.590296217640487e-01	-9.235054300817397e-02	2960
-1.522901399760427e-01	-6.800562158172710e-02	2961
-1.261348299402125e-01	4.681977454859926e-02	2962
1.123137188902638e+00	-3.103457964515622e-01	2963
1.012589234292376e+00	7.247248763096695e-03	2964
-1.015759244766431e-01	-1.555633503057471e-02	2965
-1.051709141450567e-01	-2.983975193732205e-02	2966
1.031863195053652e+00	3.195512999674137e-02	2967
1.005536008531188e+00	2.385351826387067e-03	2968
1.004970316845405e+00	-1.615030756027575e-03	2969
-1.691581117691610e-01	2.296778631103679e-01	2970
-1.674920587364495e-01	1.387168455922386e-01	2971
-1.699135002811252e-01	1.980932506467681e-01	2972
-1.690090734617082e-01	1.694723875806852e-01	2973
-1.515374613168501e-01	6.830510810920264e-02	2974
2.461594481136808e-01	7.502052533814549e-01	2975
1.641837910159051e-01	7.139187591977955e-01	2976
-9.374151627156659e-02	1.358152436330871e-03	2977
-1.666446899367877e-01	-2.642773688379869e-01	2978
-1.707395480883945e-01	-1.954872892582472e-01	2979
-1.695217395096356e-01	-2.305306982311159e-01	2980
1.103915324702042e+00	1.136303985480093e-01	2981
1.108019951418435e+00	-1.293786594820891e-01	2982
1.112184448576049e+00	1.428676947336396e-01	2983
1.114266662190376e+00	-1.552499850973642e-01	2984
1.119207920316697e+00	1.775363698693459e-01	2985
1.120044310079048e+00	-1.849100594679476e-01	2986
1.124322884820632e+00	2.141709272599434e-01	2987
1.127546863778922e+00	2.580615637360737e-01	2988
1.126190597634281e+00	3.079984285479604e-01	2989
1.119012092100883e+00	3.592614651060367e-01	2990
1.108205950956429e+00	4.079869885296081e-01	2991
1.088713461992500e+00	4.623138882844053e-01	2992
1.066498218878880e+00	5.156866520049663e-01	2993
1.033906848682813e+00	5.670259269503790e-01	2994
9.940874275454138e-01	6.164668757103827e-01	2995
9.472527795591494e-01	6.626042141814119e-01	2996
8.826162543961807e-01	7.095186422470676e-01	2997
-1.529003334614998e-01	3.243615056439155e-01	2998
-1.610993997039608e-01	2.902888094132846e-01	2999
-1.655896742763381e-01	2.589323646466971e-01	3000
7.981913241828243e-01	7.535844104699380e-01	3001
6.991497510744821e-01	7.881681311009349e-01	3002
5.996598913238785e-01	8.050157584596399e-01	3003
5.116015950163082e-01	8.071291148637038e-01	3004
1.100421741117285e+00	-1.055059705508967e-01	3005
1.072320530206018e+00	-7.081697933677296e-02	3006
1.092763657619251e+00	-8.638844162741187e-02	3007
1.095375270374968e+00	9.124217565827229e-02	3008
5.054537313923602e-03	-5.988843749752923e-01	3009
5.349938436473795e-02	-6.418930626863727e-01	3010
1.107002700078184e-01	-6.847181989415072e-01	3011
3.150656483507972e-01	-7.753341981138204e-01	3012
2.329991717404852e-01	-7.470233084804082e-01	3013
1.057487485519767e+00	4.990214000084654e-02	3014
1.108160849920308e+00	-5.573293832641399e-01	3015
-1.908155483495870e-01	1.204052587733467e-01	3016
1.008567702627829e+00	-3.014222656479958e-03	3017
1.162279091558825e+00	-3.772124907898572e-01	3018
1.159895468250870e+00	-3.390860988296077e-01	3019
3.546223775107175e-01	8.834243141936654e-01	3020
7.963011065212695e-01	-8.606980845364284e-01	3021
1.005500217593337e+00	7.807580487591840e-04	3022
1.005983858068936e+00	-1.538858685670944e-03	3023
1.033832524007523e+00	2.591333831307310e-02	3024
1.236959174122673e-02	7.057376040127817e-01	3025
8.713737474193898e-01	-8.233347212655100e-01	3026
1.012446584343528e+00	-5.400315986113841e-03	3027
1.017276566951430e+00	-1.215211484390210e-02	3028
2.436427357435721e-01	-8.492120390632821e-01	3029
1.079825666767468e+00	-6.176177976418699e-01	3030
1.046740197545069e+00	4.161279422939093e-02	3031
1.068921367420261e+00	-6.170515482113480e-02	3032
8.402841245725436e-02	7.624554688121213e-01	3033
9.707585278751479e-02	-7.746242891558148e-01	3034
1.022202302833691e+00	-1.990004146474094e-02	3035
1.005112748078889e+00	-2.469841987425660e-05	3036
1.028165621774623e+00	2.036652234599716e-02	3037
-2.005235921117698e-01	-1.788539538293649e-01	3038
-1.210161550261285e-01	-3.105034517629107e-02	3039
1.005491557697641e+00	-8.341130754718495e-04	3040
-2.028339207316359e-01	-2.886416896153505e-01	3041
-1.067685900635741e-01	-2.869831587755109e-03	3042
2.590844608428673e-01	8.531139836216679e-01	3043
-1.429906391599086e-01	4.957244046977330e-01	3044
-1.021179566867518e-01	1.616043060746688e-02	3045
1.037761057704153e+00	-3.166770663532804e-02	3046
1.089928102844934e+00	7.534017622840071e-02	3047
4.573695996071802e-01	9.024474123612203e-01	3048
-8.582178452001357e-02	5.934342080192306e-01	3049
-1.055392917349970e-01	-5.674678554141772e-01	3050
-2.003921274818264e-01	1.827836343642940e-01	3051
-1.974388062472908e-01	-3.295660749329595e-01	3052
7.086259762745508e-01	-8.887578717474649e-01	3053
1.640292205050877e-01	-8.140983626507864e-01	3054
-1.343819294313121e-01	-5.163872747356986e-01	3055
4.452368653291235e-01	-8.999477145682225e-01	3056
-1.896852722822848e-01	-3.726096096891618e-01	3057
1.017431908394003e+00	1.197102558757991e-02	3058
1.008602029076008e+00	2.927862861169662e-03	3059
1.021335130159345e+00	-1.429804533388159e-02	3060
9.369694658892428e-01	-7.790229873774613e-01	3061
-2.042640168012373e-01	-2.504348026015870e-01	3062
1.006597092339528e+00	-2.409732347391343e-03	3063
-1.628041685792954e-01	4.507600095686345e-01	3064
1.021593040085017e+00	1.596537123828073e-02	3065
1.028847563269696e+00	-2.117857881407399e-02	3066
1.160290261793788e+00	-2.908956875079588e-01	3067
-1.904621657764615e-01	3.581359502057634e-01	3068
-1.778891036616536e-01	4.049074399687688e-01	3069
-1.460076720627101e-01	-4.769172613505982e-02	3070
-1.751414535543753e-01	-4.211295435039461e-01	3071
1.056610485181357e+00	-5.032898247947481e-02	3072
3.403052176388799e-01	-8.803079210343614e-01	3073
9.934487099839687e-01	-7.293479968210542e-01	3074
5.793546908683145e-01	-9.023648103588405e-01	3075
1.014541130690549e+00	-8.357701190820641e-03	3076
1.070118456509207e+00	6.143521613699868e-02	3077
1.010838311350472e+00	-2.922993132244455e-03	3078
1.041027711026686e+00	-6.753401946291219e-01	3079
-4.254247551462681e-02	6.498529820117894e-01	3080
1.148080514227678e+00	-4.537021068801523e-01	3081
1.131868246101484e+00	-4.966943413704006e-01	3082
1.033635201613587e+00	-2.638861516912358e-02	3083
-1.188309335170850e-01	5.431675106612346e-01	3084
-1.584651707616952e-01	-4.668822288029416e-01	3085
-1.770692134436299e-01	-7.421002325947935e-02	3086
-1.455838576692778e-01	4.818478630994052e-02	3087
1.010872614899156e+00	2.810609362088358e-03	3088
1.012511697627821e+00	5.270753410293107e-03	3089
-1.839026256061025e-01	9.600214375161009e-02	3090
-1.847111218754652e-01	-9.714278542186092e-02	3091
-1.965515714269656e-01	1.526488990648585e-01	3092
-1.223897723305274e-01	3.459284651752918e-02	3093
1.014644829831028e+00	8.205582569890395e-03	3094
-1.176333180933296e-01	-1.910679399862979e-02	3095
1.038189031649689e+00	3.127232695766575e-02	3096
1.006000297180324e+00	1.480411830534690e-03	3097
1.006623464004985e+00	2.345007137376151e-03	3098
-1.910714875810764e-01	-1.203564590196322e-01	3099
-1.963441244668452e-01	-1.496428389003127e-01	3100
-2.032163430186727e-01	2.146867119246083e-01	3101
-1.762512577872910e-01	7.393258128460121e-02	3102
1.695618059923079e-01	8.142113315577916e-01	3103
-2.044641604663437e-01	-2.141444430536333e-01	3104
1.126801132741628e+00	1.229107284637074e-01	3105
1.131521336837683e+00	-1.374104848185264e-01	3106
1.138186136949522e+00	1.555963235143899e-01	3107
1.140735809230644e+00	-1.655105388688322e-01	3108
1.148026503758311e+00	1.921212112219008e-01	3109
1.149459641860004e+00	-2.010190343301584e-01	3110
1.156657612879509e+00	2.337603592290157e-01	3111
1.156756942140181e+00	-2.444811685593526e-01	3112
1.162275542835221e+00	2.838708891330721e-01	3113
1.162944929475907e+00	3.391369612971771e-01	3114
1.158342075689281e+00	3.933774722719914e-01	3115
1.146436863264630e+00	4.521591469162397e-01	3116
1.129953879879022e+00	5.105260380389028e-01	3117
1.102711548047704e+00	5.743878788929392e-01	3118
1.071015904208602e+00	6.372453928187243e-01	3119
1.027311868591464e+00	6.964783856574684e-01	3120
9.666090181144362e-01	7.563806924870230e-01	3121
-1.975699268543031e-01	3.171237109006530e-01	3122
-2.019355010153114e-01	2.801639408959872e-01	3123
-2.033008194281004e-01	2.486821607049052e-01	3124
8.843024631856087e-01	8.141908060135515e-01	3125
7.819408730096711e-01	8.636841575733337e-01	3126
6.671262098971535e-01	8.962654078939126e-01	3127
5.588276107145934e-01	9.071245851555180e-01	3128
1.121759305156355e+00	-1.118771928030952e-01	3129
1.086851963512233e+00	-7.231604190279965e-02	3130
1.111365117525023e+00	-9.004489936304902e-02	3131
1.115290004065730e+00	9.644413103233578e-02	3132
-6.683566471623292e-02	-6.213144162463871e-01	3133
-2.074480149532056e-02	-6.766529741388334e-01	3134
3.437808288646269e-02	-7.269717691398540e-01	3135
1.049824430305317e+00	3.426090385975439e-02	3136
9.608221735602377e-01	-8.850171108597739e-01	3137
1.006496727603008e+00	-6.555702573453989e-04	3138
1.017187340427440e+00	-9.242180712946744e-03	3139
-1.775203733303685e-01	-5.743768394236237e-01	3140
-7.272335853537598e-02	7.350014114170956e-01	3141
1.024636789135714e+00	1.752444046868877e-02	3142
1.177706357100334e+00	-5.495989657892255e-01	3143
1.122121732540092e+00	-6.879703024078403e-01	3144
1.034711125365578e+00	-2.060040592373706e-02	3145
-1.369932713245132e-01	-2.577403110653333e-02	3146
-1.177092980291069e-01	1.442261608981809e-02	3147
-1.234165516376049e-01	6.675031032440640e-01	3148
-6.068036262981238e-03	8.035096958599578e-01	3149
2.756845901508759e-01	9.689534664589305e-01	3150
1.067681061872328e+00	5.343717867707370e-02	3151
3.727003021318390e-01	-9.974822543577764e-01	3152
2.598150512871604e-01	-9.647586857939080e-01	3153
-2.443439905246856e-01	-2.710141722205580e-01	3154
1.014460814145596e+00	6.055238119626020e-03	3155
1.023605210049665e+00	-1.679825236011168e-02	3156
-2.401843822649069e-01	3.456984571192663e-01	3157
7.863343827500144e-01	-9.804045498820372e-01	3158
1.014384581908471e+00	-6.207220633615157e-03	3159
1.022088188992701e+00	1.979438791884756e-02	3160
-1.880441298362065e-01	5.487617434794655e-01	3161
1.044268075453744e+00	-2.970273880325754e-02	3162
-2.437516581770914e-01	-3.148030851236441e-01	3163
-2.368019629991848e-01	-1.926148606166418e-01	3164
1.017304187690286e+00	9.058837005001997e-03	3165
-1.694061723596944e-01	-5.090909638126295e-02	3166
-2.078784063045987e-01	4.976254805635714e-01	3167
1.107912750822257e+00	7.854661518308037e-02	3168
1.193490485175966e+00	-4.953847519512296e-01	3169
1.205423024192042e+00	-4.248195940732177e-01	3170
1.153687210002233e+00	1.318207270265486e-01	3171
-2.364502388778573e-01	1.956619014249914e-01	3172
3.868200689547499e-01	1.000812025668531e+00	3173
1.066729445270337e+00	-5.391859569577254e-02	3174
1.081403666906689e+00	-6.224220022042427e-02	3175
1.143714812990056e-02	-8.221884562168921e-01	3176
-2.407463048908858e-01	-3.595349160697940e-01	3177
1.155772982378994e+00	-6.165515420000097e-01	3178
5.037016128262790e-01	1.016752357241018e+00	3179
8.814466115781594e-01	-9.376182392076668e-01	3180
1.009912258228334e+00	-2.410596362077949e-03	3181
1.012377818896694e+00	-3.875804291579384e-03	3182
1.050908315728359e+00	-3.760577768627989e-02	3183
1.055401809023239e+00	-4.102908583783386e-02	3184
1.631124826524258e-01	-9.239684429164045e-01	3185
1.020959588088733e+00	1.221989409274676e-02	3186
1.006093066850360e+00	-2.990886667683335e-05	3187
-1.409552818294300e-01	3.554456179497856e-02	3188
7.844380210645299e-02	8.694658319019954e-01	3189
-2.198834522146547e-01	-4.633016975936374e-01	3190
-2.227008331812456e-01	4.451890793256251e-01	3191
8.220601134229136e-02	-8.763325275423619e-01	3192
6.558971668798150e-01	-1.007692505338938e+00	3193
-2.019430448372832e-01	-5.185887923815475e-01	3194
1.009940121658268e+00	2.308667899662970e-03	3195
1.044668267754335e+00	2.922571926985552e-02	3196
1.007829095431323e+00	-2.233092943348274e-03	3197
1.007116814009262e+00	-1.392787256869058e-03	3198
1.026411418520249e+00	-1.907699395815514e-02	3199
1.206049966422397e+00	-3.553871461748702e-01	3200
1.200913714582182e+00	-3.153549377770077e-01	3201
-2.328564067051701e-01	3.946990709844796e-01	3202
-2.336531208401401e-01	-4.121710624982985e-01	3203
1.027493150028082e+00	-8.249991279210540e-01	3204
5.103054270453151e-01	-1.013037954303620e+00	3205
1.083027883956658e+00	6.257679053117832e-02	3206
1.081958120005728e+00	-7.593697932923785e-01	3207
-1.602394178569708e-01	6.066190517082362e-01	3208
-2.297563567696665e-01	-1.597232257037694e-01	3209
1.012424260553456e+00	3.746148721699825e-03	3210
-1.685976130492836e-01	5.120817181679266e-02	3211
-2.047159467446687e-01	-7.770181442505926e-02	3212
-2.134431520743810e-01	1.007783547962475e-01	3213
-2.302108695770515e-01	1.636443031924934e-01	3214
-1.263452240676136e-01	-1.470341174760847e-03	3215
1.040287248464071e+00	2.511326139753807e-02	3216
1.040056009060722e+00	-2.562682666309805e-02	3217
1.006503589176412e+00	5.913642215878603e-04	3218
1.007132021355827e+00	1.321947257811912e-03	3219
1.007854077682911e+00	2.154668194236939e-03	3220
-2.140348902164577e-01	-1.015487788297016e-01	3221
-2.223189492073743e-01	-1.298078408447190e-01	3222
-2.224871708185967e-01	1.313600521966562e-01	3223
-2.037700068766499e-01	7.670715920346087e-02	3224
1.745703488812562e-01	9.268616203254150e-01	3225
-2.418079841381567e-01	-2.324480502848674e-01	3226
1.158757801853534e+00	-1.440642270632316e-01	3227
1.168258440519834e+00	1.670193702431388e-01	3228
1.171418036408626e+00	-1.768255934138831e-01	3229
1.182021639678184e+00	2.066985960246391e-01	3230
1.184079983690646e+00	-2.175823048750898e-01	3231
1.194157698753487e+00	2.548106850200957e-01	3232
1.194238398155665e+00	-2.649988517237255e-01	3233
1.203074358163668e+00	3.108731646371868e-01	3234
1.206153022500718e+00	3.699631397665570e-01	3235
1.202935293384709e+00	4.328161283930082e-01	3236
1.193478519349023e+00	4.967300179295913e-01	3237
1.174673500687356e+00	5.670687695430220e-01	3238
1.149511869548217e+00	6.370683128388646e-01	3239
1.110669148110066e+00	7.118397338569570e-01	3240
1.060522635254034e+00	7.901994664045615e-01	3241
-2.406930949370291e-01	2.315907381336766e-01	3242
-2.426741566280242e-01	3.037472957174748e-01	3243
-2.430549435804728e-01	2.661956026861719e-01	3244
9.827405536591678e-01	8.658205346218312e-01	3245
8.800244721765729e-01	9.342608889003315e-01	3246
7.557024922206530e-01	9.868163545419858e-01	3247
6.250091895024121e-01	1.013812732465178e+00	3248
1.146008041616134e+00	-1.172579981302639e-01	3249
1.103935261831641e+00	-7.364333763836690e-02	3250
1.132957618476107e+00	-9.317543881652163e-02	3251
1.138543631431857e+00	1.020311096564951e-01	3252
-1.454584632544286e-01	-6.369367022403570e-01	3253
-1.032202233306794e-01	-6.984347491039307e-01	3254
-5.017609708018913e-02	-7.641946899174056e-01	3255
-2.851188167886585e-01	-2.489212317215385e-01	3256
-2.769864926803077e-01	2.090900275179993e-01	3257
5.877786570454426e-01	-1.135242226828995e+00	3258
1.064766028059013e+00	-9.334387463274476e-01	3259
-1.041523072369335e-01	8.328924067377810e-01	3260
-2.906588387568280e-01	-3.930083276589613e-01	3261
-2.390199628757492e-01	6.091165454996701e-01	3262
4.293468877961769e-01	1.131020658693280e+00	3263
1.056155826739694e+00	4.055602148226130e-02	3264
1.009099892044635e+00	-1.771628403637644e-03	3265
1.012468024144216e+00	-2.011372417629980e-03	3266
1.064735545785112e+00	-4.399685930887301e-02	3267
-1.460933889511878e-02	-9.295523124100249e-01	3268
2.833202143667881e-01	-1.094892543708306e+00	3269
4.277439816580701e-01	-1.127514591038800e+00	3270
1.024967829277962e+00	-1.328215919279484e-02	3271
-2.078094609607766e-01	6.772917559536207e-01	3272
-8.435238422988085e-02	-8.622119238682990e-01	3273
1.020022913533185e+00	1.040016655857533e-02	3274
1.019886213051037e+00	-1.061480474604365e-02	3275
1.818041994253859e-01	1.053743846788576e+00	3276
1.016631733193113e+00	-7.123986536332111e-03	3277
-1.616726416514613e-01	3.507811682362563e-02	3278
-1.947269441166395e-01	-5.347361319490314e-02	3279
-2.898529282235931e-01	3.276523498662994e-01	3280
1.028854914742553e+00	1.589609060758489e-02	3281
-2.357285308592096e-01	-7.929272748886762e-02	3282
1.065600647931065e+00	4.292122335634054e-02	3283
-2.681070247951516e-01	-1.686631914624670e-01	3284
-2.686492967504617e-01	1.727605441350580e-01	3285
2.992213103893506e-01	1.099264338115307e+00	3286
-2.521227639941080e-01	-5.737556949746098e-01	3287
1.184576346435216e+00	1.395856212432631e-01	3288
1.175122129860991e+00	-7.648293420130237e-01	3289
5.681435205311020e-01	1.140372837252952e+00	3290
-2.775397885762035e-01	-2.076789404762380e-01	3291
1.129090073069222e+00	8.143933122588368e-02	3292
1.671603193867530e-01	-1.049450110378992e+00	3293
-2.277500392620281e-01	-6.395782058491174e-01	3294
1.095365301712987e+00	-6.120907063712772e-02	3295
9.840863908812889e-01	-1.006273978290764e+00	3296
-2.479880839363631e-02	9.155512070589412e-01	3297
1.233040908873541e+00	-6.048323778332737e-01	3298
1.035326735822856e+00	2.012975310969752e-02	3299
-1.654814456593524e-01	7.523411834989392e-01	3300
1.079151843841943e+00	5.431453553661669e-02	3301
1.016720813218812e+00	6.945663228319685e-03	3302
1.024577417017498e+00	1.362538135891633e-02	3303
1.030332855741704e+00	-1.699780421420882e-02	3304
1.027359565243550e+00	-1.504497339534864e-02	3305
-2.885610471342787e-01	3.780619012409026e-01	3306
7.467715053007501e-01	-1.116230981127925e+00	3307
1.014241672878946e+00	-4.554985678379413e-03	3308
1.046362241465363e+00	-2.333093425657293e-02	3309
-2.898937935547961e-01	-2.934820120538259e-01	3310
-2.596935642363661e-01	5.473131621246166e-01	3311
1.246993882698255e+00	-5.403874988484967e-01	3312
1.256228258565450e+00	-4.697218803416751e-01	3313
1.078104414195875e+00	-5.491927670252912e-02	3314
-2.916150062162143e-01	-3.404400666330918e-01	3315
1.208072579244692e+00	-6.848623334773700e-01	3316
8.833828911972986e-01	-1.068919713298650e+00	3317
1.012491782416060e+00	1.880091295192167e-03	3318
6.828056702622656e-02	-9.925308272445305e-01	3319
-1.342968496700044e-01	1.637451923030579e-02	3320
7.219139821012516e-02	9.903850928246506e-01	3321
-2.830598693701332e-01	-4.528520975197228e-01	3322
-2.747436060207796e-01	4.883635279018260e-01	3323
-2.713019849409787e-01	-5.104981377355476e-01	3324
1.046598074248027e+00	2.277471076013638e-02	3325
1.051963675915004e+00	2.690563621434171e-02	3326
1.008338782181684e+00	-1.079225654202123e-03	3327
1.256742041669766e+00	-3.906172308414354e-01	3328
-2.833760039078703e-01	4.312428275624924e-01	3329
1.099667358435928e+00	6.289062843603975e-02	3330
1.124575914453660e+00	-8.501672807367108e-01	3331
-1.472888634050687e-01	-6.775145219639504e-03	3332
1.014297244698026e+00	4.403736467135906e-03	3333
-1.649891477822932e-01	-2.299967156254278e-02	3334
-1.935364203923405e-01	5.312051482112894e-02	3335
-2.585382481308800e-01	1.397720913422174e-01	3336
1.040976757251422e+00	-1.929983326409499e-02	3337
1.007489961753405e+00	4.009440733748607e-05	3338
1.008350730964859e+00	9.947725437021015e-04	3339
1.009120012734448e+00	1.678737644890634e-03	3340
-2.578771499877625e-01	-1.368103483628176e-01	3341
-2.474839166437424e-01	-1.070506441354388e-01	3342
-2.473333413498724e-01	1.073445440400085e-01	3343
-2.348230471152011e-01	7.816742090711037e-02	3344
1.203298417893891e+00	1.770074932203586e-01	3345
1.190110170019633e+00	-1.508036718304543e-01	3346
1.207360929751227e+00	-1.880391964784791e-01	3347
1.221411966975038e+00	2.222399546292745e-01	3348
1.248502355597515e+00	-3.296309210933005e-01	3349
1.223860594177583e+00	-2.338889928661481e-01	3350
1.238113085489724e+00	2.764236570831823e-01	3351
1.237979604890424e+00	-2.848549341785919e-01	3352
1.250133800593023e+00	3.378946034031488e-01	3353
1.256395374969014e+00	4.038653275804118e-01	3354
1.255840607762205e+00	4.730970521029111e-01	3355
1.246499180712853e+00	5.483406171591290e-01	3356
1.229485623835164e+00	6.260050759859903e-01	3357
1.199742464045573e+00	7.102860080952680e-01	3358
1.158624435230988e+00	7.972922018609262e-01	3359
-2.837336382856762e-01	2.460515768604401e-01	3360
-2.887206273900178e-01	2.854659399143996e-01	3361
1.092837575422903e+00	9.005144336247823e-01	3362
9.942148746655823e-01	9.931754634294272e-01	3363
8.655122329701772e-01	1.071293081706959e+00	3364
7.164478435332461e-01	1.122691956806550e+00	3365
1.173680690023029e+00	-1.205564421584168e-01	3366
1.123462339118645e+00	-7.500102689702209e-02	3367
1.157487332946566e+00	-9.548271185115641e-02	3368
1.165685523048019e+00	1.069257868065041e-01	3369
-1.913437282279507e-01	-7.136699011174863e-01	3370
-1.446399480002249e-01	-7.860954719740632e-01	3371
5.012036445629463e-01	-1.269388661713457e+00	3372
-1.384671787359621e-01	9.459487383655173e-01	3373
-3.467366563279506e-01	-3.676942414535393e-01	3374
1.059304500814650e+00	3.271054457353009e-02	3375
1.051553826749179e+00	-2.855825340499504e-02	3376
-4.213979955335306e-02	-1.051868319245250e+00	3377
5.736950670186329e-02	-1.125918790111759e+00	3378
1.178161006595100e+00	-9.518190885386052e-01	3379
1.001751490653871e+00	-1.146864634170552e+00	3380
-2.115618047191499e-01	8.515639536033183e-01	3381
1.010363054458509e+00	9.087034240188811e-04	3382
-1.541355803026157e-01	1.762321816462867e-02	3383
1.243740000455910e+00	1.869518301050569e-01	3384
3.331484443396135e-01	1.245745538583880e+00	3385
-1.917439179254721e-01	-8.853412829037499e-01	3386
6.685853311319061e-02	1.127388699094432e+00	3387
1.076410250564224e+00	4.625516113089415e-02	3388
1.113073800701369e+00	-5.923719682980557e-02	3389
6.839465080716006e-01	-1.264122590609131e+00	3390
1.028439274615819e+00	1.150973494073160e-02	3391
-2.624954421310699e-01	7.579651770353627e-01	3392
1.014068729560999e+00	-2.765065126758602e-03	3393
1.036124328984005e+00	-1.522847329269670e-02	3394
1.271377476835038e+00	-7.577588295005458e-01	3395
-3.465547532677907e-01	-4.304712849336462e-01	3396
1.103757593258160e+00	-1.057721447504970e+00	3397
1.016381861621493e+00	-5.202505975071582e-03	3398
-3.198683640702841e-01	6.020083945615510e-01	3399
1.010351559927051e+00	-1.016098865093939e-03	3400
-3.230961319858949e-01	2.197835533265731e-01	3401
1.091879551933827e+00	5.338406512271282e-02	3402
-1.846102932879246e-01	-2.657674906816167e-02	3403
1.016446384282511e+00	5.026024940105883e-03	3404
-2.228439308348191e-01	-5.328387256114207e-02	3405
1.226540188017758e+00	-1.565771231002645e-01	3406
4.901790126449819e-01	1.273816221564271e+00	3407
6.595670204686397e-01	1.269940517410962e+00	3408
1.118782949473057e+00	6.392942747604402e-02	3409
-1.233465461209420e-01	-9.724015834843103e-01	3410
-3.443543386651108e-01	4.104411412621104e-01	3411
-3.240540826919071e-01	-2.204060668113424e-01	3412
-2.958569982282788e-01	6.766326157976169e-01	3413
1.062636176127439e+00	-3.448209985849366e-02	3414
1.012479882967656e+00	-6.574770414141730e-05	3415
1.784167550746371e-01	-1.192015419885654e+00	3416
3.261180578995384e-01	-1.241817778176502e+00	3417
1.023849351708334e+00	-9.244297287919331e-03	3418
1.019509918911686e+00	-7.578672842777539e-03	3419
1.944708016050531e-01	1.197127601453104e+00	3420
-3.436535094305794e-01	3.543250612611967e-01	3421
-2.217122601047917e-01	5.226275566626100e-02	3422
1.230672624183135e+00	-8.553997374191872e-01	3423
-3.114523091892468e-01	-1.787895900325272e-01	3424
-3.121917878751936e-01	1.818870533052618e-01	3425
1.153478436532817e+00	8.391263125849341e-02	3426
-3.118590243624839e-01	-6.332725622196678e-01	3427
-4.498766977964132e-02	1.042943884306706e+00	3428
1.295440395247028e+00	-6.682449406360831e-01	3429
1.019606205889108e+00	7.365536957612675e-03	3430
1.031038218433109e+00	-1.268929168091128e-02	3431
1.028322452416964e+00	-1.123759886912037e-02	3432
1.041528254465533e+00	1.876121669729267e-02	3433
1.047172417844999e+00	-1.664550375513330e-02	3434
1.310269007496316e+00	-5.878496988172057e-01	3435
1.316374979292767e+00	-5.135407318513285e-01	3436
1.075472067296811e+00	-4.699684569383018e-02	3437
-3.345835387294204e-01	-2.661150777773520e-01	3438
-3.396303714558978e-01	3.052465589818144e-01	3439
8.597723773419524e-01	-1.221365263574489e+00	3440
1.014102016086038e+00	2.615170649193534e-03	3441
-3.311789333348487e-01	-5.631558489495027e-01	3442
-3.335396136654230e-01	5.349280187572629e-01	3443
-3.414147198524959e-01	-4.947423393130087e-01	3444
1.053289076300926e+00	1.962648919345343e-02	3445
1.314240728030650e+00	-4.305817391842771e-01	3446
-3.420010976484100e-01	4.694506849070267e-01	3447
-1.692570574924948e-01	-4.911522384776024e-04	3448
-1.853930508275101e-01	3.439897320703364e-02	3449
-2.992324999199061e-01	1.453289714262839e-01	3450
-2.709589777366915e-01	-8.070780103864839e-02	3451
1.009383302831007e+00	4.473332247304961e-06	3452
-2.981324435074366e-01	-1.414119580041967e-01	3453
-2.854088789596515e-01	1.123058785544083e-01	3454
-2.849344863660004e-01	-1.106328197408837e-01	3455
-2.703796901677528e-01	8.015434184989438e-02	3456
1.220114365525453e+00	1.451174375358952e-01	3457
1.248628939289955e+00	-1.991184831376014e-01	3458
1.267430402215756e+00	2.375891717617241e-01	3459
1.287658496229950e+00	-2.968412781720668e-01	3460
1.269960151403735e+00	-2.485950577786531e-01	3461
1.288523784667980e+00	2.983276973168051e-01	3462
1.303268525752431e+00	-3.533312162039276e-01	3463
1.305012620173543e+00	3.657966590999487e-01	3464
1.314940663220828e+00	4.387592617697510e-01	3465
1.316292515083893e+00	5.185796630778612e-01	3466
1.309421566899747e+00	6.025625178727293e-01	3467
1.290515004989182e+00	6.946230578895389e-01	3468
1.259668723179208e+00	7.914511088675926e-01	3469
-3.327954822554117e-01	2.598993266369288e-01	3470
-3.418005833075722e-01	-3.150500206281988e-01	3471
1.209044185650730e+00	9.014698929025281e-01	3472
1.124442963925306e+00	1.032117044838806e+00	3473
9.968630847208317e-01	1.141284612204309e+00	3474
8.362357488801585e-01	1.225880609346344e+00	3475
1.205232540119586e+00	-1.230349683599900e-01	3476
1.145712329064460e+00	-7.533184874294699e-02	3477
1.185177473470917e+00	-9.539508185196888e-02	3478
1.196793281506974e+00	1.106607825203793e-01	3479
-2.848391590006769e-01	-7.135995616055144e-01	3480
-2.438486814880064e-01	-7.987879759418108e-01	3481
3.902667761298604e-01	-1.405010480877123e+00	3482
1.047507194150987e+00	1.589957592671500e-02	3483
-4.086566275610532e-01	-3.992299304811953e-01	3484
9.987697157071543e-01	-1.313561110135333e+00	3485
-4.090029206535666e-01	4.426872204243879e-01	3486
1.014130147833335e+00	-9.072759541102411e-04	3487
1.133280495252979e+00	-5.811282746915497e-02	3488
2.162107032928657e-01	1.359221439757391e+00	3489
5.791482440867050e-01	1.426455676079935e+00	3490
3.857095248676340e-01	1.409020371649756e+00	3491
1.181534814018379e+00	8.510701885568678e-02	3492
1.060703260202902e+00	-2.479713153288178e-02	3493
-3.624182108114323e-01	7.517430022330630e-01	3494
-3.051742021994200e-01	-8.946820441993253e-01	3495
1.071868389797886e+00	3.429226720789214e-02	3496
5.971696756501612e-01	-1.421080596436255e+00	3497
1.236439006783045e+00	-1.071904192085922e+00	3498
1.024871665828972e+00	9.581376445994834e-03	3499
1.032657056203720e+00	1.332778558748808e-02	3500
1.297952352073228e+00	-9.545885956367158e-01	3501
-3.609232540244673e-01	1.883908436573932e-01	3502
1.140861087568324e+00	6.424592956369407e-02	3503
-3.979546260087803e-01	3.252296187124599e-01	3504
1.022710091024409e+00	-5.731996942743903e-03	3505
1.035537224169359e+00	-1.004993906357724e-02	3506
-3.280437442601257e-01	1.138454583600008e-01	3507
-4.020788858918565e-01	5.840096288055298e-01	3508
1.053387442492292e+00	-2.100644258498947e-02	3509
-3.752203891614214e-01	2.284389934626693e-01	3510
1.106003574950935e+00	4.973633525085908e-02	3511
-1.959255257323221e-01	-2.335089365858295e-03	3512
-3.606575755784215e-01	-1.865673580555003e-01	3513
1.037358050581540e+00	1.461956702692595e-02	3514
-2.113653808960616e-01	-2.966412997942218e-02	3515
1.290716964738651e+00	1.957064116158025e-01	3516
7.859350220023292e-01	1.397258857615375e+00	3517
-4.091687108367510e-01	-5.398280611349986e-01	3518
1.087320005470806e+00	-4.746055982785621e-02	3519
-4.115587360563271e-01	-4.679828179384120e-01	3520
-1.756627082697537e-01	1.076073903582891e+00	3521
-2.551885624992648e-01	-5.105865440425329e-02	3522
1.102754660718170e+00	-4.692934147464543e-02	3523
1.041894109468791e+00	-1.314979762956576e-02	3524
-6.925280185337596e-02	-1.192288410855866e+00	3525
-2.610975123586692e-01	9.659762170891445e-01	3526
-4.080278713034914e-01	5.114131097489507e-01	3527
-1.658307695569521e-01	-1.097101006452323e+00	3528
6.526989856228069e-02	1.283253005790935e+00	3529
-3.236387671361577e-01	8.523126671615154e-01	3530
1.016190131512068e+00	3.292463546781158e-03	3531
1.341121838532857e+00	-8.441705256245198e-01	3532
1.140817823254805e+00	-1.203038761468826e+00	3533
1.016147572109234e+00	-3.466863488357545e-03	3534
-3.874184809030974e-01	6.651464245901608e-01	3535
1.018916690752369e+00	5.653343456407060e-03	3536
1.241462631549884e+00	-1.235983158184396e-01	3537
-2.450365889447458e-01	-9.976428662378790e-01	3538
-3.903800144690390e-01	-2.828509653758787e-01	3539
5.230068228653532e-02	-1.279260103444810e+00	3540
2.059130219328985e-01	-1.354713245595887e+00	3541
1.018842858101251e+00	-5.859184446211614e-03	3542
-4.046807661557395e-01	3.817088148838966e-01	3543
-3.980789821973726e-01	-6.192918684172333e-01	3544
-6.592743163903710e-02	1.187952096462426e+00	3545
1.369135793597115e+00	-7.360839295544230e-01	3546
1.022621532906647e+00	8.499550221531448e-03	3547
1.031525696172689e+00	-8.514357753504865e-03	3548
1.027481463054163e+00	-7.115504689702384e-03	3549
1.382163478038078e+00	-6.427067212203330e-01	3550
1.386782037394415e+00	-5.567575307715152e-01	3551
1.072645368609746e+00	-3.677089487484689e-02	3552
8.083413271591965e-01	-1.392198624874338e+00	3553
1.014140422828523e+00	7.563713641629419e-04	3554
1.059966984869743e+00	2.425536268917201e-02	3555
1.381264742760288e+00	-4.703979241099516e-01	3556
-2.121849647455583e-01	3.382389838196567e-02	3557
-1.768838982511020e-01	1.996175493712298e-02	3558
-3.451933348471222e-01	1.496088795142552e-01	3559
-3.438898341988439e-01	-1.461316841713037e-01	3560
-2.545249976775706e-01	5.005041550002182e-02	3561
-3.268474309053734e-01	-1.108477217583034e-01	3562
-3.103522428370267e-01	8.102356217477905e-02	3563
-3.103203953582782e-01	-8.052400344595943e-02	3564
1.260859351460120e+00	1.495930431009949e-01	3565
1.268361810255068e+00	-1.619076569966180e-01	3566
1.321324016973566e+00	-2.571624731753928e-01	3567
1.296154091826208e+00	-2.080090331368084e-01	3568
1.320218187413831e+00	2.531419162456574e-01	3569
1.344869153509027e+00	-3.114802325058678e-01	3570
1.347047818116985e+00	3.196043009432780e-01	3571
1.365988691459252e+00	-3.838721762373135e-01	3572
1.368517742523454e+00	3.941249926459860e-01	3573
1.381993807438401e+00	4.773360811760713e-01	3574
1.387042130400360e+00	5.664036739032590e-01	3575
1.380574540235557e+00	6.648727750553924e-01	3576
1.362206762724934e+00	7.704659176440539e-01	3577
-3.878457406153055e-01	2.748291443970239e-01	3578
-3.769342713263494e-01	-2.322539269313640e-01	3579
-4.014198257512599e-01	-3.359788934013734e-01	3580
1.326404996404033e+00	8.883971067194398e-01	3581
1.260871307105015e+00	1.027169231587246e+00	3582
1.141902093112189e+00	1.180820420480089e+00	3583
9.852303772281289e-01	1.312475165024118e+00	3584
1.170398565248307e+00	-7.427722335404763e-02	3585
1.216468421152066e+00	-9.382072281214575e-02	3586
1.232227481332955e+00	1.117150295552840e-01	3587
-3.802688704986606e-01	-7.009816040258685e-01	3588
-3.483415611796558e-01	-7.966107788479920e-01	3589
1.042643217510103e+00	1.269157588438229e-02	3590
1.016080265259946e+00	1.727254971703033e-03	3591
7.112355057589531e-02	1.460973261795066e+00	3592
1.086254260743732e+00	3.815116938377226e-02	3593
1.164129965122786e+00	-1.379471684903667e+00	3594
1.025983992295818e+00	-3.370520669181707e-03	3595
4.807116956169812e-01	-1.582786674299150e+00	3596
-3.951584857877210e-01	-1.485342304271425e-01	3597
-2.916454251268636e-01	4.540705870414504e-02	3598
-3.547658064120771e-01	7.824023947289468e-02	3599
1.120611134909250e+00	-4.361738212802445e-02	3600
1.165970465379789e+00	6.346904042926962e-02	3601
7.073401261436921e-01	1.582203286631375e+00	3602
-2.154447160323701e-01	1.225612481042605e+00	3603
-4.748595692925299e-01	4.074792630991626e-01	3604
2.550105694590948e-01	-1.538343257661572e+00	3605
-4.644921963423795e-01	7.345511738790946e-01	3606
-4.865453059898588e-01	-5.064227598978516e-01	3607
1.155839213712774e+00	-5.555771188012677e-02	3608
-3.048171931109786e-01	-1.126589798792323e+00	3609
9.672011861153356e-01	-1.506684748992507e+00	3610
-4.800017036785224e-01	-4.306336785161962e-01	3611
-3.758751781985589e-01	1.128955736682547e-01	3612
1.069762515707303e+00	-2.752123451810455e-02	3613
-3.746950038886316e-01	-1.004376914884191e+00	3614
1.067807166522668e+00	2.913569729352868e-02	3615
-2.413893746070952e-01	-2.965847847874150e-02	3616
-4.691682397506966e-01	-3.602409179656985e-01	3617
1.282955792145827e+00	-1.231063964216620e-01	3618
1.307784519583569e+00	1.518046650299728e-01	3619
1.348858590117260e+00	-2.120855681930691e-01	3620
1.213004987173506e+00	8.454296897182485e-02	3621
1.381197593144197e+00	2.670023682144442e-01	3622
9.514259539076872e-01	1.507747860621149e+00	3623
1.053862996566441e+00	1.237885989496499e-02	3624
-4.824377099215671e-01	4.782290110391079e-01	3625
2.552173199814827e-01	1.542188102392030e+00	3626
4.678370490446092e-01	1.587601392030537e+00	3627
1.296062027011549e+00	-1.215853772700881e+00	3628
1.374307777457691e+00	-1.069452603900686e+00	3629
-3.963781285300471e-01	1.514343331472127e-01	3630
1.095824277900648e+00	3.953364204962093e-02	3631
-4.798978723125594e-01	6.401664211759663e-01	3632
1.060393293234907e+00	-1.646187390239786e-02	3633
1.053984305414334e+00	-1.355604210292719e-02	3634
1.126716460958204e+00	4.731667004259234e-02	3635
-2.252428173650723e-01	2.985298994553003e-03	3636
-4.155973326968210e-01	1.914709357018387e-01	3637
-4.163234239609110e-01	-1.924444067041990e-01	3638
1.036190080648641e+00	9.656432888361552e-03	3639
1.084042754327589e+00	-3.911951281216602e-02	3640
-4.380172969183841e-01	8.389944268103616e-01	3641
-2.422210135262993e-01	2.993028838594406e-02	3642
1.047675032368346e+00	-1.016269165485135e-02	3643
1.040844873320491e+00	-7.246557768109748e-03	3644
-2.118836528692488e-01	-1.240524642362852e+00	3645
-3.140890618223456e-01	1.095864946354084e+00	3646
-4.844915372872611e-01	5.543821833178145e-01	3647
-3.904294784397669e-01	9.635581281425607e-01	3648
1.018561655236122e+00	3.828508895421904e-03	3649
1.422246476399875e+00	-9.395654329376882e-01	3650
1.016057443588163e+00	-1.901049641717101e-03	3651
-4.363068735859984e-01	-2.435314302716909e-01	3652
-4.503619225856512e-01	2.885575919093147e-01	3653
-9.322540009489298e-02	-1.354390592941071e+00	3654
6.062002084279667e-02	-1.456706832856493e+00	3655
1.018511212406779e+00	-4.031122207109472e-03	3656
-4.851156498854843e-01	-5.909226584753590e-01	3657
-4.232635759505866e-01	-8.881488802632780e-01	3658
-8.541041947086805e-02	1.353744604934654e+00	3659
1.452511874340257e+00	-8.154001803649078e-01	3660
1.035049140607018e+00	-5.326507626535105e-03	3661
1.032117222787861e+00	8.772551766229991e-03	3662
1.030719303272126e+00	-4.307465583435773e-03	3663
1.028319890266297e+00	7.463259949193266e-03	3664
1.466072708750676e+00	-7.020448004558404e-01	3665
1.344669309771995e+00	2.041415770736500e-01	3666
1.467096888434458e+00	-6.041986117363594e-01	3667
1.094641295558953e+00	-3.520614524167710e-02	3668
7.262392349666554e-01	-1.577051233495017e+00	3669
1.016084818751909e+00	-8.705568723587925e-05	3670
1.060736959077652e+00	1.600243500345441e-02	3671
-2.007658338272914e-01	1.556911860419581e-02	3672
-3.742446347135177e-01	-1.096816069323502e-01	3673
-2.914828979244627e-01	-4.794564829117589e-02	3674
-3.538759159052647e-01	-7.642520921908505e-02	3675
1.316255220185422e+00	-1.645109997733019e-01	3676
1.380147104778925e+00	-2.639752308534057e-01	3677
1.410955859694903e+00	-3.315231381681192e-01	3678
1.414486641337725e+00	3.403414796377539e-01	3679
1.438860894388037e+00	-4.156595689162905e-01	3680
1.441238535019818e+00	4.248427516636293e-01	3681
1.458786308215733e+00	-5.088330787445440e-01	3682
1.459876819512868e+00	5.173752285957328e-01	3683
1.467504248761056e+00	6.208855968178693e-01	3684
1.463646633861866e+00	7.334296637930074e-01	3685
-4.337424453107442e-01	2.374606516856534e-01	3686
-4.539627349434642e-01	-2.973209435340450e-01	3687
-4.651327030393833e-01	3.459435603896938e-01	3688
1.443889736308202e+00	8.593128741790017e-01	3689
1.397669197800217e+00	1.006449403355808e+00	3690
1.303286661369764e+00	1.182235514965442e+00	3691
1.174918074592268e+00	1.377873258613453e+00	3692
1.198295366582119e+00	-7.058272176603037e-02	3693
1.251910697002841e+00	-8.949484909101491e-02	3694
1.272563877809760e+00	1.108817913831371e-01	3695
-4.765735205499981e-01	-6.791894297858749e-01	3696
-4.567978084473500e-01	-7.796853132051937e-01	3697
1.022632051836153e+00	-2.173128667055057e-03	3698
-5.534294689276799e-01	8.129524492808430e-01	3699
1.248919786052549e+00	8.083777431980871e-02	3700
-2.562306915595150e-01	1.619806781802312e-03	3701
-5.213902184839215e-01	3.009413337367187e-01	3702
1.160946391895241e+00	-1.590393239032202e+00	3703
1.140892567600796e+00	-3.986998025562537e-02	3704
8.940936970424995e-02	-1.660880980660961e+00	3705
-4.025495468869603e-01	-6.945425201676643e-02	3706
-1.000368356365019e-01	1.544026237744769e+00	3707
1.068238298978559e+00	2.029492333679714e-02	3708
-2.744226846691661e-01	2.402079871613502e-02	3709
-3.744968306469026e-01	1.244770310352980e+00	3710
1.194382019136388e+00	6.086361946503384e-02	3711
1.408305367827827e+00	-2.116715130960934e-01	3712
6.081363015359557e-01	-1.770215936253430e+00	3713
-4.772116098114598e-01	1.937669922978500e-01	3714
-5.659818927038658e-01	5.142225050105027e-01	3715
-5.676720455476334e-01	7.031596430345677e-01	3716
-5.731628997141074e-01	-6.439953946182987e-01	3717
5.925965993456352e-01	1.775455888096428e+00	3718
3.322913023609570e-01	-1.742265569209774e+00	3719
-5.709128944302330e-01	-5.501097848638765e-01	3720
-5.459555683487969e-01	-3.844385481220161e-01	3721
-5.221576397120461e-01	9.428929167061235e-01	3722
1.018262483825156e+00	-1.025755180252198e-03	3723
1.035055499520682e+00	5.044058361765803e-03	3724
1.033817609557700e+00	-8.683192608960118e-04	3725
1.029032987516710e+00	-4.157885899460429e-04	3726
1.450707102666092e+00	2.794909844532778e-01	3727
-5.398982879529464e-01	3.657438643808348e-01	3728
1.330171063806021e+00	-1.192808292326062e-01	3729
-4.531287063373546e-01	-1.130388193537797e+00	3730
1.151979122705978e+00	1.594346091118943e+00	3731
8.851641143110084e-01	1.725392974320760e+00	3732
1.110174666999777e+00	3.537431583218170e-02	3733
-5.617303212046073e-01	-4.617438518724614e-01	3734
1.021201852331602e+00	-4.487474236394684e-03	3735
9.213940164231180e-02	1.664179771244468e+00	3736
1.068507417405022e+00	-2.032435678240834e-02	3737
-4.532586505074846e-01	1.487784250269427e-01	3738
-3.318978453704277e-01	4.371709480468989e-02	3739
-3.319907796071118e-01	-4.231701790565560e-02	3740
-2.738699912456491e-01	-2.383892627887559e-02	3741
-2.563210973627904e-01	1.397935340428845e+00	3742
-5.547772381971230e-01	4.348182437552394e-01	3743
-4.528015162162586e-01	-1.477787181773249e-01	3744
1.180576216819201e+00	-5.127487173134822e-02	3745
-5.090961594908284e-01	-9.923300684961772e-01	3746
8.997835379680996e-01	-1.722984619840577e+00	3747
-4.290868678776034e-01	1.093105510397681e-01	3748
1.047996465539647e+00	9.201929522272372e-03	3749
1.109285331151486e+00	-3.374696835911090e-02	3750
1.060574444524876e+00	7.964095641856043e-03	3751
3.234451494712344e-01	1.746425277989762e+00	3752
1.347695544503781e+00	-1.392503750601000e+00	3753
1.456755562781721e+00	-1.207664848994284e+00	3754
1.149901144440264e+00	4.497661522228787e-02	3755
1.060118067976989e+00	-8.567828903627707e-03	3756
1.080354624871695e+00	-2.871466871952099e-02	3757
1.053810126038653e+00	-6.332277254062379e-03	3758
1.041501298496630e+00	6.731636158223711e-03	3759
1.046408299766747e+00	-3.688738169626854e-03	3760
-3.692000699915389e-01	-1.274086862093756e+00	3761
-5.717596115642146e-01	6.022521214805031e-01	3762
-4.645739925613431e-01	1.095018351471439e+00	3763
1.021258471077758e+00	4.252591284945447e-03	3764
1.515891708095201e+00	-1.047951390276559e+00	3765
-5.033704825708506e-01	-2.512880559593385e-01	3766
-2.580062779748152e-01	-1.407516703528910e+00	3767
-1.077115632674700e-01	-1.543260146289464e+00	3768
1.547950246139550e+00	-9.044624541533551e-01	3769
1.039423069380528e+00	-1.847189237743732e-03	3770
1.031462466267894e+00	4.501111187053935e-03	3771
1.562072950351577e+00	-7.710501676750021e-01	3772
1.560346499114628e+00	-6.541322163222377e-01	3773
1.018274118927951e+00	8.256610843951649e-04	3774
-4.041251482355652e-01	7.191900597427277e-02	3775
-4.272352659499742e-01	-1.061878926658875e-01	3776
1.369451519188090e+00	-1.630643239355638e-01	3777
1.361659019864588e+00	1.528531356350670e-01	3778
1.448127272740499e+00	-2.738183433847697e-01	3779
1.406721232003518e+00	2.099554357545120e-01	3780
1.487849108013663e+00	-3.527622249381283e-01	3781
1.491693935251043e+00	3.621843042391301e-01	3782
1.522725180225072e+00	-4.464807413391553e-01	3783
1.525252074569944e+00	4.558471729634194e-01	3784
1.547013346011310e+00	-5.492169702389047e-01	3785
1.548657007793464e+00	5.626356595506120e-01	3786
1.561138978096838e+00	6.801684833020267e-01	3787
-4.998428395039581e-01	2.442615992233372e-01	3788
-4.791185479774721e-01	-1.973085972202624e-01	3789
-5.263804714883981e-01	-3.130973743991683e-01	3790
1.559164696744161e+00	8.126050429130020e-01	3791
1.533413422551312e+00	9.678845638664828e-01	3792
1.467213785484968e+00	1.156513468407945e+00	3793
1.363822997106959e+00	1.361274155432271e+00	3794
1.229582923129138e+00	-6.482317149068803e-02	3795
1.292301441291584e+00	-8.338267668313941e-02	3796
1.318535113962162e+00	1.068032748354693e-01	3797
-5.442961995969360e-01	-8.661847460499581e-01	3798
-5.656943744060285e-01	-7.489372167621460e-01	3799
-1.051574737199902e-01	-1.763366636990012e+00	3800
1.175525800291795e+00	4.097972863713718e-02	3801
-2.954865200944392e-01	1.597300206402980e+00	3802
-4.569065586943713e-01	-5.957370993967499e-02	3803
-6.080762917139944e-01	-3.290301388882656e-01	3804
1.131837819647302e+00	2.953583255535490e-02	3805
1.163343120518281e+00	-3.435509364553347e-02	3806
-5.423166993196740e-01	1.244246834880892e+00	3807
-6.615875847500324e-01	5.523146852768828e-01	3808
-6.689954453800028e-01	7.723654152399468e-01	3809
1.025296687859688e+00	2.654521405550473e-04	3810
1.265209848012327e+00	-5.585522359333825e-02	3811
7.752768867257325e-01	1.958971209915186e+00	3812
-3.777216676073858e-01	-3.702373360473198e-02	3813
1.079302291738687e+00	2.589680956386171e-02	3814
1.126199536358514e+00	-2.715497316340519e-02	3815
1.068424477307516e+00	1.151540084149289e-02	3816
4.362409360836773e-01	1.969271156326050e+00	3817
1.052154920495389e+00	6.947933767447051e-04	3818
-6.457399402490137e-01	-9.625333925140079e-01	3819
1.472209757517884e-01	-1.892211415355925e+00	3820
1.045472874061706e+00	2.552381901574934e-03	3821
1.020303318433185e+00	1.531948430859941e-03	3822
-3.715364332701935e-01	6.460201099635467e-04	3823
-3.097479328021567e-01	1.318693112781803e-02	3824
1.530937227196026e+00	2.910229525539837e-01	3825
1.283596283780983e+00	1.531811751449336e+00	3826
1.208162245932080e+00	-4.390400950070707e-02	3827
-6.680264204491059e-01	-5.947652651129219e-01	3828
-6.064556969989081e-01	-1.112257856517752e+00	3829
-6.539743095239412e-01	9.062016385403090e-01	3830
1.476722165549266e+00	-2.117165290405136e-01	3831
-6.662864861130497e-01	-8.279111331182847e-01	3832
1.121508798779563e+00	-1.836036551222826e+00	3833
-1.029388089278475e-01	1.763573345066888e+00	3834
1.099562678806119e+00	2.564991416456297e-02	3835
-4.397160594881311e-01	1.417899161493480e+00	3836
1.225949104538465e+00	5.606092295892175e-02	3837
4.493782232588547e-01	-1.964434203497091e+00	3838
-6.544891632851915e-01	-4.967704474069989e-01	3839
-6.163926808747061e-01	1.065945468911688e+00	3840
1.024772152534706e+00	5.468794120445557e-03	3841
1.027466238854475e+00	3.409669628907952e-03	3842
1.289429053508536e+00	7.460825340285346e-02	3843
1.382769052185258e+00	-1.116609925362648e-01	3844
-6.737820264720973e-01	-7.039171307349615e-01	3845
1.107962885424560e+00	1.840427458720412e+00	3846
-6.449920115941229e-01	4.627100319195286e-01	3847
1.020500522132736e+00	-9.355150350694285e-04	3848
1.409935655609595e-01	1.895111896612644e+00	3849
1.067922480490941e+00	-1.171204454838283e-02	3850
-3.759736504211565e-01	3.512352794022570e-02	3851
-3.002798467108151e-01	-1.155485763897832e-02	3852
-6.335467267801903e-01	-4.068241201089899e-01	3853
-6.250053819351727e-01	3.836532440347452e-01	3854
-5.170703318996923e-01	1.437031716532385e-01	3855
-5.178170734697355e-01	-1.449720508025004e-01	3856
7.880350411244725e-01	-1.955484308351854e+00	3857
-4.877585213378818e-01	1.005262074948605e-01	3858
-4.589962971831139e-01	6.231103774075090e-02	3859
1.100767297763425e+00	-2.229739827242236e-02	3860
1.092024173693936e+00	-2.203107263228375e-02	3861
1.053746265969975e+00	4.961312822448455e-03	3862
1.381753729361166e+00	-1.611650112475092e+00	3863
1.537283188708480e+00	-1.379786413245460e+00	3864
1.078045508932556e+00	-2.236172976097275e-02	3865
1.059276906966301e+00	-9.460914819365528e-04	3866
-5.390237488855861e-01	-1.277036921457744e+00	3867
-6.706437800779341e-01	6.569923662456352e-01	3868
1.620359384684451e+00	-1.177466674023406e+00	3869
-5.490970421810448e-01	-1.982913068915809e-01	3870
-5.743090094591460e-01	2.484522262298005e-01	3871
-4.360831273857769e-01	-1.443030504687785e+00	3872
-2.987712783188543e-01	-1.603973658979520e+00	3873
1.658409168136605e+00	-1.004494308951920e+00	3874
1.671525388357300e+00	-8.501156016200864e-01	3875
1.667551263925560e+00	-7.110496868693434e-01	3876
-4.863033182461351e-01	-9.851344605955399e-02	3877
1.477262802748958e+00	2.138248785395212e-01	3878
1.527146583509388e+00	-2.835745337745988e-01	3879
1.423328693482659e+00	1.503410464476301e-01	3880
1.428610329069000e+00	-1.556665096570992e-01	3881
1.576368071110945e+00	-3.732124262068581e-01	3882
1.580511584223570e+00	3.829884585942391e-01	3883
1.618061857656742e+00	-4.782114458572558e-01	3884
1.621137847459284e+00	4.905647206603578e-01	3885
1.648805710343229e+00	-5.896129965530207e-01	3886
1.651659252682804e+00	6.108774492340852e-01	3887
-5.461000385950513e-01	1.932538782939397e-01	3888
-5.794608989494665e-01	-2.581363058252508e-01	3889
-6.012019787349536e-01	3.132704059502124e-01	3890
1.669210928343261e+00	7.477324065854396e-01	3891
1.665672768978024e+00	9.097166469919901e-01	3892
1.628667878240387e+00	1.106828513749279e+00	3893
1.552059111305174e+00	1.327330597841459e+00	3894
1.337881431921190e+00	-7.328676229957366e-02	3895
1.371166036611531e+00	1.005766019067567e-01	3896
-5.071330065047129e-01	1.620446975886411e+00	3897
-7.704083293119859e-01	5.958132984471940e-01	3898
1.077071391471306e+00	1.610472185257216e-02	3899
-7.674680661413935e-01	1.017553888411776e+00	3900
1.113678817971942e+00	2.088398261408318e-02	3901
-4.231350235584189e-01	-1.793826570659712e-02	3902
1.254912122593230e+00	-1.775078826334761e+00	3903
1.203964052341488e+00	3.461997155632655e-02	3904
1.296686970547073e+00	1.728507526018656e+00	3905
1.023243271401499e+00	9.592658471152733e-04	3906
1.555948867829831e+00	-2.097966806401967e-01	3907
1.261629120979075e+00	4.746701260450674e-02	3908
-3.269772220878555e-01	-1.835874479164374e+00	3909
1.146101467561462e+00	-2.059229339291509e-02	3910
-7.212481215213864e-01	1.214511019470779e+00	3911
1.032535244581127e+00	-2.112090134626801e+00	3912
2.338144781351731e-01	2.153088962687118e+00	3913
-5.162936457778058e-01	-4.530041406124447e-02	3914
1.789871865897066e+00	-7.771646593947140e-01	3915
-6.911934897808213e-01	3.221465273779770e-01	3916
1.622977333649513e+00	3.005291268693656e-01	3917
-7.790929445338479e-01	-6.436687464841563e-01	3918
1.115593777656152e+00	-2.016166300528444e-02	3919
1.783816882163967e+00	-1.122775783142638e+00	3920
-7.845642771886143e-01	8.533711928630110e-01	3921
-4.251632616498164e-01	2.218119669775120e-02	3922
-6.580225212524141e-01	2.517825402727592e-01	3923
2.457433584970080e-01	-2.149473634856035e+00	3924
1.335931844357240e+00	6.439583317886821e-02	3925
1.496143754577639e+00	-1.464307656623744e-01	3926
-5.882059275744663e-01	1.353462060128225e-01	3927
1.482423977615009e+00	1.513370121656660e+00	3928
1.239024086610079e+00	-3.399239334700974e-02	3929
1.493478085780259e+00	1.451993147801404e-01	3930
-3.271182699245442e-01	1.829434852945740e+00	3931
-7.596510496211079e-01	-5.321979569425018e-01	3932
1.155879547353292e+00	2.423931164164582e-02	3933
-6.315948117614141e-01	1.414661851926491e+00	3934
1.019501056108806e+00	2.116322585238771e+00	3935
6.135528881536638e-01	2.198229357092800e+00	3936
-7.826977563049877e-01	-9.146214742959584e-01	3937
-7.568058584488037e-02	-2.017811037439819e+00	3938
1.187666349405974e+00	-2.687731848081822e-02	3939
-7.616156824361838e-01	-1.073041085169676e+00	3940
1.305251336097117e+00	-4.425729932036858e-02	3941
-7.879450455412734e-01	-7.730900273973850e-01	3942
-8.163818393842193e-02	2.017328159617513e+00	3943
1.089276689763176e+00	1.518648936917556e-02	3944
-7.478985128001594e-01	4.901388054574189e-01	3945
1.067047261890059e+00	-3.433257888480891e-03	3946
-7.332578938580496e-01	-4.310331021492692e-01	3947
-7.225674461571726e-01	4.011620777365949e-01	3948
-7.006854003320592e-01	-3.417816027740640e-01	3949
6.251886985950870e-01	-2.193925318209736e+00	3950
-5.530513265114132e-01	8.776358055904615e-02	3951
-5.183743292661565e-01	4.755741023286191e-02	3952
1.067543393949493e+00	2.520976785180572e-03	3953
1.609411552586124e+00	-1.596253562978349e+00	3954
1.076920167724854e+00	-1.541676414861135e-02	3955
-7.148531402110186e-01	-1.252929434968814e+00	3956
-7.831848747066299e-01	7.165132753953726e-01	3957
1.729178157660193e+00	-1.340377602855744e+00	3958
-6.278810608272357e-01	-1.959392616641870e-01	3959
-6.330321850124706e-01	-1.450425204783445e+00	3960
-5.052234137788186e-01	-1.641293990019837e+00	3961
1.798120117626574e+00	-9.386406757607642e-01	3962
-5.525714553259230e-01	-8.747145396622603e-02	3963
1.618221949319018e+00	-2.919434359550431e-01	3964
1.558363050529427e+00	2.144808608489274e-01	3965
1.440627900483894e+00	-9.733465841885892e-02	3966
1.677224859764416e+00	-3.939739868973707e-01	3967
1.681993921565712e+00	4.058971748434161e-01	3968
1.727405088894365e+00	-5.080068688972165e-01	3969
1.731998143998410e+00	5.262275600457097e-01	3970
1.765823177649317e+00	-6.337412251337325e-01	3971
-6.232090856896824e-01	1.887123032116219e-01	3972
-5.901731163792978e-01	-1.383528977355264e-01	3973
-6.652100765642796e-01	-2.647486493924807e-01	3974
1.770681947383899e+00	6.649023398995908e-01	3975
1.791189457375236e+00	8.311346154221773e-01	3976
1.784227060266395e+00	1.033646344180249e+00	3977
1.738684930463213e+00	1.268181731633663e+00	3978
1.388760883410841e+00	-5.927761598212453e-02	3979
1.431049807699923e+00	8.983698243261304e-02	3980
-7.287593171496074e-01	1.614517577103736e+00	3981
-8.313859231418822e-01	1.384455730080903e+00	3982
-8.940674623626551e-01	1.151558143942929e+00	3983
-3.325941553030572e-01	-2.108637477861483e+00	3984
1.291080317246013e+00	2.004204147424674e+00	3985
1.140250346482512e+00	1.066349286952071e-02	3986
-5.719534622504807e-01	1.859020648200279e+00	3987
1.128981310644002e+00	-1.142208557136556e-02	3988
-4.778363850312494e-01	-2.358850950353032e-03	3989
1.920886761620347e+00	-1.272859551142785e+00	3990
1.388542763238006e+00	5.112071422759829e-02	3991
1.214538275819897e+00	-1.578765232272384e-02	3992
-8.312726171625940e-01	4.184375262821092e-01	3993
1.181815666893592e+00	1.688851713814594e-02	3994
1.168038013663802e+00	-1.209967696701891e-02	3995
1.273951992054766e+00	-2.014181261435649e-02	3996
-7.097679994877343e-01	1.821458708181001e-01	3997
-8.798297771133552e-01	-5.687101602764175e-01	3998
3.941330170345061e-01	2.429843625982963e+00	3999
-1.896246969144950e-02	2.307662633981692e+00	4000
1.943145271432492e+00	-1.042547115352702e+00	4001
1.075782169848141e+00	-4.682170103767408e-03	4002
-6.301613876032630e-03	-2.307485510110819e+00	4003
1.492355144733282e+00	-1.807667796927246e+00	4004
-5.681319882126399e-01	-1.878169709375926e+00	4005
8.802064335684109e-01	-2.407103397023475e+00	4006
1.722410525216893e+00	-2.998026669426862e-01	4007
-5.820882222273432e-01	-2.539042638022708e-02	4008
1.647304964293663e+00	-2.052677888639764e-01	4009
1.102678486322490e+00	1.193960587105779e-02	4010
1.106406127457921e+00	-8.746937679779763e-03	4011
1.235158796806373e+00	2.557969387981477e-02	4012
1.079551728658289e+00	5.999975015325028e-03	4013
1.301862645724438e+00	3.574409289288892e-02	4014
1.129076988393387e+00	1.188993896650570e-02	4015
1.931272729862404e+00	-8.509091619534085e-01	4016
-9.056183806353937e-01	-7.000853157745927e-01	4017
1.728275519244855e+00	3.105285980506521e-01	4018
-9.159342824211636e-01	9.503412081523636e-01	4019
-8.935683096436084e-01	6.440005691657913e-01	4020
-8.458040180357584e-01	-4.557293325693340e-01	4021
1.349910962895060e+00	-2.799574412393602e-02	4022
1.506052315536504e+00	-7.936028807762865e-02	4023
-8.059230629535640e-01	-3.539680857694918e-01	4024
-7.928532771918434e-01	3.276327113841466e-01	4025
1.535881636758920e+00	1.746678466171927e+00	4026
1.651349841657836e+00	2.117052048277363e-01	4027
-3.399077344955337e-01	2.101421144585631e+00	4028
-8.651757204445533e-01	5.205613337447954e-01	4029
8.684584052395441e-01	2.411367628230947e+00	4030
-9.180725195404817e-01	-8.488503468245299e-01	4031
-9.161618856527356e-01	-1.013090120972043e+00	4032
-5.835357565275545e-01	2.644581510653970e-02	4033
4.059958034632569e-01	-2.426288455555244e+00	4034
-6.250134778889684e-01	7.141091605166446e-02	4035
-8.922453777349519e-01	-1.203149059098690e+00	4036
-9.122171202383028e-01	7.838909984476676e-01	4037
1.838841705223115e+00	-1.547664406219166e+00	4038
-7.618571504418080e-01	-2.669423712429899e-01	4039
-8.353882696236453e-01	-1.418737109473790e+00	4040
-7.307337037646594e-01	-1.654303465906641e+00	4041
-6.709046077307392e-01	-1.266347449990476e-01	4042
1.573557955699513e+00	1.349960650598715e-01	4043
1.573750792427468e+00	-1.331506561425740e-01	4044
1.688860370993291e+00	1.471063013697790e+00	4045
1.792478390407261e+00	-4.113434253090373e-01	4046
1.798889861820420e+00	4.276326111731181e-01	4047
1.852770315114316e+00	-5.384622499042353e-01	4048
-6.257196144768554e-01	-7.275505838160320e-02	4049
-6.672629910350595e-01	1.217071744369882e-01	4050
-7.170251190489256e-01	-1.921219698973552e-01	4051
-7.519690579590531e-01	2.505848074461277e-01	4052
1.860031167700740e+00	5.649898376861353e-01	4053
1.899498452981703e+00	-6.850713433830062e-01	4054
1.906229307637443e+00	7.322898845709938e-01	4055
1.930296338264898e+00	9.369781686563424e-01	4056
1.919546894357046e+00	1.181241310088419e+00	4057
1.444231289480373e+00	-3.812982041444998e-02	4058
1.499243837795048e+00	7.560811840572570e-02	4059
1.215949248315557e+00	2.337178232287227e+00	4060
1.244415339246822e+00	-1.704622443044773e-03	4061
-1.048933277852731e+00	-7.630754554590917e-01	4062
-8.294956140532243e-01	1.852255867724415e+00	4063
6.430915841642193e-01	2.707132918376757e+00	4064
1.344995564970872e+00	-2.002478694970880e+00	4065
-6.245123187554380e-01	2.142385480182501e+00	4066
1.159788377501394e+00	3.932936417680289e-03	4067
1.193340197345563e+00	-2.382479713423000e+00	4068
1.312858591636576e+00	-3.176078813293324e-03	4069
1.270048236841745e+00	1.209537406319622e-02	4070
1.209992497837068e+00	6.933287611472894e-03	4071
-6.189002265253047e-01	-2.166099382164971e+00	4072
1.749068226054651e+00	-1.786662801808223e+00	4073
1.448559735799890e+00	3.224513143890895e-02	4074
-1.064344974052323e+00	1.068614385963082e+00	4075
1.347777881884826e+00	1.914661733652530e-02	4076
1.145294794283541e+00	-1.589113413335828e-03	4077
-9.549383132078478e-01	4.342252972756280e-01	4078
1.574585340098699e+00	2.027957146593417e+00	4079
-6.549073640209678e-01	-7.605919757666521e-04	4080
-8.295708795773751e-01	-1.897387807435506e+00	4081
1.398545693272238e+00	-7.057705598599509e-03	4082
1.665142256890534e+00	1.196707847127712e-01	4083
1.849108822491346e+00	3.172536615920145e-01	4084
-9.074288893139026e-01	3.328131447918813e-01	4085
-9.570888861459187e-01	1.578934355375335e+00	4086
-1.032504126545063e+00	1.314121555770353e+00	4087
-1.034656886412459e+00	6.966025821266467e-01	4088
1.758068457933633e+00	2.077359569681978e-01	4089
2.065642843593147e+00	-1.465713379566495e+00	4090
1.663095920683088e+00	-1.156418833059996e-01	4091
1.191574330334332e+00	-1.437844413887703e-03	4092
-9.246477991777639e-01	-3.661806046248409e-01	4093
-1.017028425310319e+00	-6.100652633447263e-01	4094
1.094930448745410e-01	2.635126434245271e+00	4095
2.106250101223394e+00	-1.174547375534656e+00	4096
1.085874587654490e+00	-9.025738411112020e-03	4097
-3.038292641804928e-01	-2.429263973964783e+00	4098
1.234045944532789e-01	-2.633692917128803e+00	4099
6.550793172465398e-01	-2.703113745579486e+00	4100
1.116460015280115e+00	6.214872376892159e-03	4101
1.092420404122147e+00	2.924926918123167e-03	4102
2.094054093466382e+00	-9.370248587272745e-01	4103
1.896613357770859e+00	1.397636597250100e+00	4104
1.752281742095826e+00	-1.989990036063431e-01	4105
-8.712218663415842e-01	-2.662706342508576e-01	4106
-3.198253599936211e-01	2.424178603884749e+00	4107
-9.977966719908287e-01	5.552275320325583e-01	4108
-9.738631195366381e-01	-4.788306673806551e-01	4109
-1.059672498430867e+00	8.641402686274312e-01	4110
-1.067696786136695e+00	-9.328239343478169e-01	4111
-1.067894175027146e+00	-1.128850413391356e+00	4112
-7.560120320870757e-01	1.045191721446610e-01	4113
-8.571916883903978e-01	2.442287392497111e-01	4114
-1.038970567179021e+00	-1.357311986478843e+00	4115
-9.698815054141658e-01	-1.619760222363934e+00	4116
1.580377504859972e+00	-5.538648190400622e-02	4117
1.787457766159216e+00	1.705568956890745e+00	4118
1.841275718658931e+00	-3.029426109813519e-01	4119
1.924255365680478e+00	-4.267227696963314e-01	4120
-7.065871386113785e-01	-5.084020409614302e-02	4121
-7.042553991522332e-01	4.779173956848826e-02	4122
-7.619589044044662e-01	-1.115199224327279e-01	4123
-8.166106709992088e-01	-1.833245177085416e-01	4124
-8.064822512584839e-01	1.698265018078864e-01	4125
1.933661322131396e+00	4.496726678654148e-01	4126
1.996067422970637e+00	-5.735534028529667e-01	4127
2.006819459479489e+00	6.142237237486804e-01	4128
2.053868575364764e+00	-7.414688812479159e-01	4129
2.062859614130926e+00	8.173436222597273e-01	4130
2.089631104984695e+00	1.066032420324844e+00	4131
1.506385841276509e+00	-1.198914113257094e-02	4132
1.576495662839911e+00	5.486282974172056e-02	4133
-6.555475486454289e-01	2.482467501322301e+00	4134
1.873916117299157e+00	1.993649428411988e+00	4135
2.243639921246229e+00	9.233715573099213e-01	4136
-1.227727320424270e+00	9.629035650602629e-01	4137
-1.228670078547196e+00	1.215123697081727e+00	4138
-1.196248484777420e+00	7.583643765809270e-01	4139
1.976906761040870e+00	-3.017429753473119e-01	4140
-1.172315553034198e+00	-6.576146251333500e-01	4141
-1.059134092508376e+00	-3.745704698540989e-01	4142
-1.213363317901096e+00	-8.309248980093581e-01	4143
3.350602107622246e-01	2.981173343648681e+00	4144
1.880233690641149e+00	1.984958499636809e-01	4145
1.033025923634154e+00	-2.709833920216396e+00	4146
3.492391556278393e-01	-2.978447470164380e+00	4147
1.988063917018380e+00	3.214658064376446e-01	4148
-9.757518822581112e-01	2.356527976449874e-01	4149
-9.257987693798856e-01	2.138420137434971e+00	4150
-1.103401872125467e+00	-1.861810833894330e+00	4151
-1.093999773561133e+00	1.809809910509142e+00	4152
1.618662730392962e+00	-2.030054966885665e+00	4153
-9.208503818228669e-01	-2.186288908201502e+00	4154
1.872000175184456e+00	-1.866080213642297e-01	4155
2.098419067114399e+00	1.290724948524726e+00	4156
2.088940064972843e+00	4.789156717635444e-01	4157
1.048642820479327e+00	2.697597928743893e+00	4158
1.498603653357524e+00	-2.284500058188644e+00	4159
1.412778943912217e+00	2.255365596711577e+00	4160
-9.952003611067270e-01	-2.642764640943298e-01	4161
-1.188183189793276e+00	1.502045933196763e+00	4162
2.009481808218190e+00	-1.723937714116843e+00	4163
-1.036795263881038e+00	3.341894120527167e-01	4164
-1.119925004809472e+00	-5.035862587556901e-01	4165
-1.149360060197771e+00	5.914133034372948e-01	4166
2.284364947973283e+00	-1.347784018127402e+00	4167
-6.357092406750718e-01	-2.507004032284061e+00	4168
-2.172063895547091e-01	-2.797832023983081e+00	4169
2.280208449496612e+00	-1.046541154305086e+00	4170
1.770545295035606e+00	1.012403627213197e-01	4171
1.766161995536339e+00	-9.476318453946940e-02	4172
-2.346903715281060e-01	2.794629027862733e+00	4173
-1.095810720825181e+00	4.525949764411666e-01	4174
-1.238753866470562e+00	-1.030804783541511e+00	4175
-7.941434338136649e-01	-6.998046490575032e-03	4176
-1.239725140774128e+00	-1.266844422901316e+00	4177
-1.204470717404736e+00	-1.541428502849651e+00	4178
1.656931578303795e+00	1.685685274308154e-03	4179
-9.285761374885960e-01	-1.691103462333382e-01	4180
-9.142379441892758e-01	1.509710062736516e-01	4181
-8.629171595199951e-01	-9.143342235061297e-02	4182
-8.537889567977803e-01	8.119949925948122e-02	4183
2.074984683763685e+00	-4.439865513734273e-01	4184
2.036536771224410e+00	1.620132331046463e+00	4185
2.161230529975401e+00	-6.106116465689296e-01	4186
2.177605995993993e+00	6.761202858390170e-01	4187
2.232004037375776e+00	-8.067761731465340e-01	4188
1.726541922746760e+00	2.274050492105291e+00	4189
-1.134500956650881e+00	-2.572967013988766e-01	4190
-1.401709112518556e+00	-9.087026262284474e-01	4191
7.036295630658961e-02	3.002158026095826e+00	4192
2.275856509942309e+00	1.494213809746160e+00	4193
-1.012525237759109e+00	2.485406730347403e+00	4194
-1.055458129656206e+00	-1.512680893961893e-01	4195
2.020420829678661e+00	1.840559827106664e-01	4196
7.806319864582056e-01	-3.057499581211710e+00	4197
1.790362107589539e+00	-2.266839764727832e+00	4198
-1.415988008505842e+00	1.088658588549762e+00	4199
9.018969306807724e-02	-3.001043888954027e+00	4200
1.400071595981448e+00	-2.633609378790559e+00	4201
2.007578643909044e+00	-1.684453555016237e-01	4202
-6.293540116096287e-01	2.887925206648437e+00	4203
7.811690541474906e-01	3.057509023982854e+00	4204
2.437657245756510e+00	-8.901515722038106e-01	4205
-1.183937039318192e+00	3.349320550559622e-01	4206
-1.109149196426582e+00	2.213347173660957e-01	4207
2.148714794586309e+00	3.293087947348923e-01	4208
2.287179254877572e+00	1.150348092421448e+00	4209
-1.414447042928859e+00	1.388067033172470e+00	4210
-1.322954688002821e+00	6.329586107012526e-01	4211
2.132226355320799e+00	-2.995783656433383e-01	4212
-1.349952384356806e+00	-7.071873819015573e-01	4213
-1.381399384614050e+00	8.348504338883413e-01	4214
-1.034621040291557e+00	1.283226125644544e-01	4215
-1.243903906145819e+00	2.094494039045541e+00	4216
1.912453668178277e+00	-1.999948414365701e+00	4217
-1.239795502385139e+00	-2.152523313094061e+00	4218
1.861845298249334e+00	1.446556135789253e-03	4219
1.883772914137052e+00	-6.624822074842554e-02	4220
2.351907481489905e+00	-6.526638242524880e-01	4221
-1.361090756865338e+00	1.723728114365248e+00	4222
-1.286432825089805e+00	-5.329911606663148e-01	4223
2.266822926287260e+00	-1.620538388585276e+00	4224
-9.919786777664806e-01	-2.537171517925640e+00	4225
-6.037743602890342e-01	-2.908385320881179e+00	4226
2.488730540149279e+00	-1.194290685567506e+00	4227
1.890996693955564e+00	7.549083492560331e-02	4228
-1.255558004014918e+00	4.709076764423689e-01	4229
-1.212111218827543e+00	-3.814179730057685e-01	4230
-1.387229001488521e+00	-1.775537186581593e+00	4231
-1.433746981287110e+00	-1.148210286896152e+00	4232
-1.434614505075805e+00	-1.431656294248407e+00	4233
-9.753973144672371e-01	-6.300658406907032e-02	4234
-9.618170596091433e-01	4.878042228385050e-02	4235
-9.031302137535695e-01	-2.643642806251782e-03	4236
2.248310111440899e+00	-4.599035669769746e-01	4237
2.270153810313574e+00	5.157025377800818e-01	4238
2.376214123507181e+00	7.552419803306385e-01	4239
1.661555347030035e+00	-2.551407516142204e+00	4240
2.034410563649302e+00	2.256563769553310e+00	4241
4.988815516110918e-01	3.368475901990231e+00	4242
-1.292192608376878e+00	-2.451414315151534e-01	4243
-1.567072671948639e+00	-2.063580113063038e+00	4244
5.015781836314860e-01	-3.366382466139957e+00	4245
1.186824423756019e+00	3.079673605122490e+00	4246
-1.630221343412402e+00	1.239853572101903e+00	4247
-2.832562232985655e-01	-3.177714600988354e+00	4248
2.672435050570517e+00	-1.007051915024060e+00	4249
-1.617320530359545e+00	-1.001956140815176e+00	4250
1.231329298902373e+00	-3.033971622925517e+00	4251
1.553523201476902e+00	2.536525072932607e+00	4252
2.513514588192854e+00	-1.475063923161753e+00	4253
-1.522396936327980e+00	6.849039459458821e-01	4254
-1.475172441400945e+00	-5.629977765329075e-01	4255
2.218955976368436e+00	1.831632479961052e+00	4256
-1.592498317120140e+00	9.356719805204303e-01	4257
-3.127319426151042e-01	3.171630818678699e+00	4258
2.094153419964820e+00	-2.244525819406697e+00	4259
-1.623137529595821e+00	1.593753078747473e+00	4260
-1.381509462246984e+00	2.440497416761572e+00	4261
-8.317338514859796e-01	2.788850042712661e+00	4262
2.209752594763523e+00	-1.919034715310786e+00	4263
-1.386922673050129e+00	-3.898452712520702e-01	4264
-1.438340069299467e+00	4.901595884556791e-01	4265
-1.260447923121754e+00	2.033139693573708e-01	4266
-1.197359928280883e+00	-1.280838985078666e-01	4267
2.448266621082770e+00	-4.766439267018944e-01	4268
2.336296638600003e+00	3.395648637596143e-01	4269
2.571597709654094e+00	-7.075487728343509e-01	4270
2.498707861928417e+00	1.329121491568120e+00	4271
2.182894178697818e+00	1.695400861119261e-01	4272
2.163841922610182e+00	-1.446901376019585e-01	4273
-1.553342994363950e+00	-7.625204245759434e-01	4274
-1.169323117988372e+00	9.690855111356696e-02	4275
-1.092418919711685e+00	-9.863457779328797e-03	4276
2.023081182607315e+00	5.575519265797445e-03	4277
-1.554078429986130e+00	1.989145442474563e+00	4278
-1.367637923062291e+00	-2.507539638316422e+00	4279
-1.024059185849516e+00	-2.960017185668236e+00	4280
-1.350454130735167e+00	3.342674541335805e-01	4281
-1.652231068593152e+00	-1.637147794664839e+00	4282
-1.655999112226487e+00	-1.289493176204729e+00	4283
2.310460785464279e+00	-2.927067391211912e-01	4284
2.482141727886662e+00	5.648189317628552e-01	4285
2.456032370297211e+00	9.780019219929603e-01	4286
9.712828652843527e-01	-3.435398055026986e+00	4287
1.888528540150854e+00	2.556638183745866e+00	4288
2.403547109573470e-02	3.415398331880709e+00	4289
-1.857804934442257e+00	1.838950014150475e+00	4290
1.623861982641306e+00	-2.887382631952493e+00	4291
-1.831818365272359e+00	1.060785511415107e+00	4292
-1.786638478125335e+00	-8.286646983717623e-01	4293
1.976994153436934e+00	-2.535321295655662e+00	4294
-7.210949247314139e-01	-3.299961080413370e+00	4295
5.688027481867061e-02	-3.414248385474101e+00	4296
-1.321754290948509e+00	5.876937294362534e-02	4297
2.377624247162151e+00	2.152678543596724e+00	4298
2.515833799732944e+00	-2.824070436771668e-01	4299
2.508178742578409e+00	1.652562377951316e+00	4300
-1.886251374798344e+00	-1.905993615052050e+00	4301
-1.469356275509738e+00	-2.942102187898949e+00	4302
-1.540124207076575e+00	3.302843246338752e-01	4303
2.372429523094210e+00	1.524049481447320e-01	4304
2.741707977945858e+00	-1.288426910064347e+00	4305
-1.873049419376912e+00	1.422154120813040e+00	4306
9.401022029317418e-01	3.448527701399410e+00	4307
2.343246506717257e+00	-1.136103332838710e-01	4308
-1.864140950460166e+00	-1.115375801637691e+00	4309
1.410163957011374e+00	2.783300519509402e+00	4310
-1.216765503109006e+00	2.790171246912555e+00	4311
2.414364172160546e+00	-2.175000325480794e+00	4312
2.501890886790558e+00	-1.789563003631888e+00	4313
-1.648652534086489e+00	5.151631733562672e-01	4314
-1.585052608980238e+00	-3.981097714948266e-01	4315
-1.431063455986961e+00	1.826426414834088e-01	4316
-1.472261325474155e+00	-2.307782838470419e-01	4317
-1.356954368846349e+00	-9.586903830922613e-02	4318
2.827899409871281e+00	-7.879420483379749e-01	4319
2.556605380832832e+00	3.564904114748411e-01	4320
2.679000746770670e+00	-5.017574744290521e-01	4321
-1.690861572440273e+00	-5.937576573071697e-01	4322
-1.752066936319997e+00	7.562009487726490e-01	4323
-1.753328178948847e+00	2.324575080419142e+00	4324
-1.752581151226755e+00	-2.414173486967518e+00	4325
-1.907876363800369e+00	-1.466378849816566e+00	4326
-1.236964082779447e+00	-3.279266847435262e-02	4327
2.598343310652404e+00	7.765326264400727e-01	4328
2.697841776739480e+00	1.126487678093884e+00	4329
6.788774262268561e-01	-3.796033629464833e+00	4330
3.217431314558859e-01	-3.783763103234678e+00	4331
-3.672585084977364e-01	3.602177855930404e+00	4332
1.478048324848578e+00	-3.359718565785446e+00	4333
2.950067836749322e+00	-5.424913667590364e-01	4334
-2.115253794576622e+00	2.148933562260246e+00	4335
3.006766966791115e-01	3.785822473328492e+00	4336
6.484830391407511e-01	3.801996498331473e+00	4337
-1.634207526218549e+00	2.728335069634358e+00	4338
-1.927517904284900e+00	-2.848569847660457e+00	4339
-1.516088594925948e+00	-2.076044089037217e-02	4340
-2.147904545116775e+00	1.641344094094615e+00	4341
2.262246722719401e+00	2.513479690894124e+00	4342
-7.065149526720165e-01	3.293317471586974e+00	4343
2.317498489186018e+00	-2.503058351428540e+00	4344
-1.206466163520521e+00	-3.350553316239148e+00	4345
1.702551761104474e+00	2.854493077242005e+00	4346
-1.023238481526902e+00	3.134061674230971e+00	4347
-3.651302873208466e-01	-3.607371592524044e+00	4348
2.943889413291640e+00	-1.062256786617439e+00	4349
-1.892228793365038e+00	5.536776818418802e-01	4350
-2.013871843123721e+00	8.507385771250403e-01	4351
-1.676305241546265e+00	-2.151468219581719e-01	4352
2.595570436660863e+00	1.359094299652236e-01	4353
1.382630295207181e+00	3.477629371021340e+00	4354
-2.105399509271498e+00	1.213011793994871e+00	4355
-2.198530189772450e+00	-1.701439506389781e+00	4356
2.549716050544110e+00	-7.508918025813692e-02	4357
-2.054563665573383e+00	-9.103425620876796e-01	4358
-2.133475336954760e+00	-2.243187349511539e+00	4359
2.246991816681585e+00	1.363852395946980e-02	4360
1.567366598027618e+00	3.133937361826631e+00	4361
2.740652388638081e+00	-2.046434244793444e+00	4362
2.779804816926122e+00	-1.611017704387978e+00	4363
-1.758018759336441e+00	3.269366274873144e-01	4364
-1.624452438054592e+00	1.541331072368221e-01	4365
2.707842415587466e+00	5.501991656040306e-01	4366
2.761956960797410e+00	1.440457502943317e+00	4367
2.753557136909333e+00	-2.758735998130085e-01	4368
-1.810589103801079e+00	-4.027918605466921e-01	4369
-1.938369122867493e+00	-6.300611789101992e-01	4370
-2.146403980470105e+00	-1.258751043820862e+00	4371
2.715449983128993e+00	1.973450605970721e+00	4372
2.865679388190983e+00	8.893862732983250e-01	4373
-1.456430984869939e+00	3.127275979006299e+00	4374
1.218489488726533e+00	-3.839943459401228e+00	4375
1.892752539732310e+00	-3.229585182056382e+00	4376
1.949750338461874e+00	3.146419687029709e+00	4377
-8.641295934150931e-01	-3.741655834986593e+00	4378
2.092595883480333e+00	2.867203729563311e+00	4379
3.111046759271613e+00	-8.006492793708281e-01	4380
-1.402989325428821e-01	-3.835742173280414e+00	4381
1.810743853801725e+00	3.486217178355201e+00	4382
4.542805151804237e-01	4.235502829323089e+00	4383
2.681392748533229e+00	-2.415374606172658e+00	4384
-2.223236109752309e+00	-6.764902531951056e-01	4385
-2.384601859321660e+00	-2.666943458832418e+00	4386
-1.721891849652096e+00	-3.317624394806350e+00	4387
2.419204528389287e+00	4.406305502089229e-02	4388
-1.907918234068969e+00	-1.915090909961176e-01	4389
2.774316859658044e+00	-2.263887890488698e-02	4390
2.105900983036481e+00	-2.893504436483427e+00	4391
1.126541401574439e+00	3.884103918089751e+00	4392
-2.417337132179585e+00	1.398779974128139e+00	4393
-2.500350077000649e+00	-2.012977850181314e+00	4394
3.033100119308187e+00	-2.754687879612331e-01	4395
2.992684555364190e+00	6.237201444146776e-01	4396
4.854216336050299e-01	-4.231892909288086e+00	4397
-2.056028741832486e+00	2.585052357975079e+00	4398
3.603371872396974e-03	3.876288234698239e+00	4399
-2.455716322518104e+00	1.916501358814056e+00	4400
-8.068109686893133e-01	3.744900638774089e+00	4401
-1.038555171880842e+00	3.559677037303814e+00	4402
-2.314538554050907e+00	9.678716870153449e-01	4403
2.778915961964012e+00	3.047961762942127e-01	4404
-2.469537579654900e+00	-1.445508930665641e+00	4405
3.059395556853921e+00	-1.855604124329909e+00	4406
3.034224507354263e+00	-1.384457172772913e+00	4407
-1.846064783824514e+00	1.211247634812199e-01	4408
-1.724213359965409e+00	-2.852875148553457e-02	4409
2.654388903008762e+00	2.381161767226231e+00	4410
2.807863847365882e+00	1.753526226169922e+00	4411
-2.010880808430974e+00	3.306765595717389e-01	4412
-2.068881721978935e+00	-4.074000756620084e-01	4413
-2.172270873365024e+00	6.127931582662202e-01	4414
-2.362748610156169e+00	-1.015750951047404e+00	4415
2.981401675285059e+00	1.191467678910633e+00	4416
-1.422797950657646e+00	-3.790545183440341e+00	4417
1.598311925456681e+00	3.898081967461011e+00	4418
-2.552197098522322e+00	-7.398952820728214e-01	4419
6.094018320208916e-02	-4.206462005660788e+00	4420
-2.305458999689467e+00	3.497468913887415e-01	4421
-1.543797347260033e+00	3.630530015434785e+00	4422
3.052648275719195e+00	-2.256717876974792e+00	4423
-2.103374964447609e+00	8.870506078740127e-02	4424
-1.933055260583874e+00	3.048929186450230e+00	4425
9.983700395365215e-01	-4.199260022700033e+00	4426
-2.824858877254226e+00	-2.408205630808297e+00	4427
2.348634201201837e+00	3.174185861345587e+00	4428
-2.464567274051062e+00	2.370642955423687e+00	4429
-5.577768187006619e-01	-4.022433164949943e+00	4430
1.756226863087106e+00	-3.732550882438070e+00	4431
-4.460642381979199e-01	4.085067730380077e+00	4432
-2.771218858414945e+00	1.633329499232109e+00	4433
-2.253113164822659e+00	-3.191359591764680e+00	4434
3.005177503906455e+00	2.225033891176091e+00	4435
-2.172706315815376e+00	-1.623814149277922e-01	4436
-2.831949675445444e+00	-1.710881296756305e+00	4437
3.237012278318215e+00	-5.095921802541982e-01	4438
3.070693418228216e+00	1.527178816335946e+00	4439
2.526080262183364e+00	2.802249345222244e+00	4440
2.244732953777528e+00	3.465372828143708e+00	4441
8.892725247349408e-01	4.246930405612335e+00	4442
2.315229586495328e+00	-3.261991994828361e+00	4443
2.547664964935049e+00	-2.826308129195285e+00	4444
-2.495347152493655e+00	6.897837855960819e-01	4445
3.159848305949757e+00	9.065577190178395e-01	4446
-2.715583469566897e+00	-1.156633822749542e+00	4447
3.027895982665007e+00	7.588331485593434e-02	4448
3.076500661382759e+00	3.361704849786500e-01	4449
-2.659364237142618e+00	1.113772079963618e+00	4450
3.356640184838724e+00	-1.603437937553832e+00	4451
3.255698632411538e+00	-1.112566149132729e+00	4452
-2.366251682966138e+00	-4.159766162540185e-01	4453
-4.489277581059764e-02	4.410646687147317e+00	4454
-2.019268741564412e+00	-3.738294791022767e+00	4455
2.073815551495460e+00	-3.644985953012381e+00	4456
-2.775813384723579e+00	-2.967038758553098e+00	4457
-2.407764133690999e+00	2.870016712720359e+00	4458
6.590266476673176e-01	4.736628027567212e+00	4459
-1.060774998482196e+00	-4.218723770322010e+00	4460
-3.121159457972574e+00	-1.361330540806079e+00	4461
3.138251157857002e+00	1.871631840813514e+00	4462
1.540939921331580e+00	-4.244558138249515e+00	4463
1.375738219867841e+00	4.339005357739294e+00	4464
-3.843835930282644e-01	-4.573188548563906e+00	4465
3.413008842935456e+00	-2.024035474081224e+00	4466
2.441290108140733e-01	-4.709461645947621e+00	4467
3.289854914404200e+00	5.916026197091422e-01	4468
3.306462830854471e+00	1.241702524377752e+00	4469
-2.710402340399669e+00	-4.341545141567615e-01	4470
-9.385993804645247e-01	4.246706948948781e+00	4471
-2.098767302976780e+00	3.581591553554230e+00	4472
7.736198019768280e-01	-4.708372940053540e+00	4473
-2.919551900955675e+00	-2.139927917768532e+00	4474
2.066605170295130e+00	3.893337741654734e+00	4475
-2.845728512227678e+00	2.091895319852668e+00	4476
-2.390850146752757e+00	4.656645513885155e-02	4477
2.951574031647908e+00	2.658870988078229e+00	4478
2.787243652433565e+00	3.154964020836266e+00	4479
2.684883066327189e+00	3.458230076727858e+00	4480
2.778892624287667e+00	-3.229532154079125e+00	4481
2.982625812554020e+00	-2.697559533348342e+00	4482
-3.054100404371261e+00	1.301112967922212e+00	4483
3.303893439657580e+00	-1.593277049130188e-01	4484
3.298435931589121e+00	1.602029167463768e-01	4485
-2.932682260790564e+00	-8.315685433245856e-01	4486
-2.867783921341996e+00	7.898876525318731e-01	4487
3.618873138573054e+00	-1.293641777727698e+00	4488
3.433977582052042e+00	-8.007577944681189e-01	4489
-2.477447579081679e+00	-1.308332676847759e-01	4490
-2.644514516682266e+00	3.838216345815690e-01	4491
-3.269008693249728e+00	-1.815035542236742e+00	4492
1.872497450655872e+00	4.345597684804105e+00	4493
-2.630368518552595e+00	-3.575153774590281e+00	4494
-2.665128283190724e+00	3.405320112503479e+00	4495
1.038554734804361e+00	4.790820992699363e+00	4496
-1.686102815491910e+00	-4.278740481057452e+00	4497
3.423499544480270e+00	1.610685177656558e+00	4498
-5.469348416882314e-01	4.629058702368273e+00	4499
-3.193439149180402e+00	1.756750423915276e+00	4500
2.564861877943060e+00	-3.673281010901865e+00	4501
1.290990263444074e+00	-4.691221376769830e+00	4502
-1.230334992121261e+00	4.031278053226566e+00	4503
-1.862499815793574e+00	4.070205952896925e+00	4504
-3.037257348302826e+00	4.327980703936222e-01	4505
2.519052000842768e+00	3.876097139263295e+00	4506
3.576534639101046e+00	3.817748715516354e-01	4507
3.559799684368302e+00	-4.397667042297613e-01	4508
-2.866835393430990e+00	2.611143808644577e+00	4509
3.495185562471096e+00	9.071689321034796e-01	4510
-9.608288919261438e-01	-4.851964048428576e+00	4511
3.745153195298309e+00	-1.719502231006466e+00	4512
-1.838638463908259e-01	-5.168125731482765e+00	4513
8.525028745075346e-02	5.053751358096175e+00	4514
5.103801574538522e-01	-5.256423698807593e+00	4515
3.397147283876424e+00	2.170786738311982e+00	4516
3.345577178050843e+00	2.487147020266308e+00	4517
3.252757629625235e+00	3.033736002730640e+00	4518
3.148378678930451e+00	3.445679470689180e+00	4519
3.264073784279931e+00	-3.110349442625404e+00	4520
3.411690923190778e+00	-2.493322785598297e+00	4521
-3.371901303861183e+00	-9.742598348479956e-01	4522
-3.297056785742154e+00	9.235258333058946e-01	4523
-3.110795731611284e+00	-4.715725148148933e-01	4524
3.832647577744123e+00	-9.322559147688895e-01	4525
3.580819487893126e+00	5.552289405638225e-03	4526
-2.830636017046855e+00	-1.011600262884612e-01	4527
-1.378218529356674e+00	4.537297168476302e+00	4528
-3.576090934885154e+00	-5.496544372389427e-01	4529
-3.242690499027181e+00	-2.726998553843839e+00	4530
1.627700671209261e+00	4.870881993659963e+00	4531
1.860003655854102e+00	-4.716877304349982e+00	4532
3.984918068058382e+00	-5.259893302492425e-01	4533
3.884025024081084e+00	-2.315073440311189e-01	4534
2.293674811392368e+00	-4.113211809853355e+00	4535
-3.502608301963645e+00	1.368345361518157e+00	4536
1.101080743662405e+00	-5.240152633096583e+00	4537
-1.103182069462791e+00	4.807725184004648e+00	4538
-2.476186857658012e+00	4.000492306411545e+00	4539
-2.853881030868400e+00	3.124031403500443e+00	4540
-2.368898092716782e+00	-4.207646049902622e+00	4541
4.032828737134884e+00	-1.348171435945986e+00	4542
-5.415235312468416e-01	5.304794859385901e+00	4543
-3.383787092499950e+00	-2.288759913486222e+00	4544
2.362807718927126e+00	4.336990139852461e+00	4545
-3.580829855576471e+00	-1.424034717076507e+00	4546
3.101038536069742e+00	-3.623573071343571e+00	4547
-3.175598660611587e+00	-3.384723840346244e+00	4548
7.703266341304730e-01	5.314883174157188e+00	4549
3.677572093983083e+00	1.279082401734277e+00	4550
-3.292443156737806e+00	2.278808476648170e+00	4551
3.849736764527508e+00	6.933721079911860e-01	4552
-1.662158780216883e+00	-4.995163937348083e+00	4553
-7.920660963697604e-01	-5.551735947744802e+00	4554
8.740169557692787e-02	-5.812650622812241e+00	4555
3.774931244636872e+00	1.907763187274441e+00	4556
2.981859012731350e+00	3.877368222099361e+00	4557
3.761096242212163e+00	2.392395834356823e+00	4558
3.714373939733775e+00	2.830808410762789e+00	4559
3.645079420775068e+00	3.352245687683848e+00	4560
3.755130056622122e+00	-2.901642500096312e+00	4561
3.821122280967916e+00	-2.206873128267723e+00	4562
-3.492811013319248e+00	5.063053252144101e-01	4563
3.893465326658522e+00	1.975339535532438e-01	4564
-3.245942001997259e+00	-1.840181312384252e-02	4565
-1.211590707304426e+00	5.496858883966942e+00	4566
2.179759939403762e+00	4.848809342647832e+00	4567
-3.850017393665907e+00	-9.820294632300939e-01	4568
-3.764497429045597e+00	9.303007921963405e-01	4569
-3.763053176249687e+00	-1.920320761566333e+00	4570
-2.108984552632664e+00	4.623395407540889e+00	4571
-3.676610273096355e+00	1.882995329626063e+00	4572
2.502979667994303e+00	-4.721494470633932e+00	4573
2.858625470016456e+00	-4.136486640676390e+00	4574
1.338174111872705e+00	5.357015991039836e+00	4575
8.104454431183451e-01	-5.887802946729183e+00	4576
3.661074840267667e+00	-3.471916648621564e+00	4577
4.223418403228135e+00	4.768058344624221e-01	4578
4.260416211238002e+00	-9.169248602963583e-01	4579
4.256423184016216e+00	-1.434296989188771e-01	4580
-1.630669573380141e+00	5.069595219409199e+00	4581
-3.769104398235441e+00	-2.655035938760020e+00	4582
-3.713471609999400e+00	-3.107899696946432e+00	4583
1.634972517957831e+00	-5.204296667493804e+00	4584
-3.730735120213199e+00	4.383332405450131e-04	4585
-3.340848973876010e+00	2.841669709556361e+00	4586
-2.084016644774685e+00	-4.783257091348734e+00	4587
-3.032397094274802e+00	-4.033901230423210e+00	4588
1.045025388617827e-01	5.740112351265425e+00	4589
3.506100023123248e+00	3.860656339991807e+00	4590
-1.563614908620421e+00	-5.800975429903571e+00	4591
-5.390447960158603e-01	-6.313922507550604e+00	4592
4.105260403762217e+00	1.086972888527105e+00	4593
4.098729221252218e+00	1.535585175679298e+00	4594
2.831924256741742e+00	4.320763806769563e+00	4595
4.185437585069764e+00	2.161913921867347e+00	4596
4.184437211135127e+00	2.659121006748812e+00	4597
4.156273256366733e+00	3.154773363559460e+00	4598
4.232960756116284e+00	-2.596479069360434e+00	4599
4.191230800040008e+00	-1.838388031259424e+00	4600
-1.868060184411570e+00	5.722174449000491e+00	4601
-4.102084707692685e+00	-1.476310529885995e+00	4602
-2.775605591806011e+00	4.597312697184341e+00	4603
-3.062448050901958e+00	3.859618473083978e+00	4604
-2.278503593262336e+00	5.285140518900452e+00	4605
1.955428256283066e+00	5.423842015738306e+00	4606
-3.346853810698330e+00	3.412572920341749e+00	4607
-2.145137841747041e+00	-5.431356222243881e+00	4608
-2.792801185719605e+00	-4.710539782225771e+00	4609
4.082890611682845e+00	3.740772743475216e+00	4610
4.224685629015089e+00	-3.212864255249558e+00	4611
2.222000210302119e+00	-5.243610772808870e+00	4612
3.476845222470251e+00	-4.066849413364704e+00	4613
-3.807174786819795e+00	2.463819567717486e+00	4614
-3.986214809951604e+00	4.614464825446788e-01	4615
3.151627605510708e+00	-4.715419476299555e+00	4616
-4.013598450149194e+00	1.428951312034192e+00	4617
2.934613156230380e-01	-6.565561152155902e+00	4618
-3.669398412621676e+00	-3.780458932420599e+00	4619
3.332784820147662e+00	4.330974504614128e+00	4620
-6.378336406716107e-01	6.028698520935422e+00	4621
4.431344328674989e+00	-5.280009240557115e-01	4622
4.634319417897365e+00	1.880702479235849e-01	4623
-4.270658680215180e+00	-2.284137499332076e+00	4624
-4.278649957695761e+00	-2.947947762592350e+00	4625
1.409878338568514e+00	-5.838718529085625e+00	4626
-4.068901576282598e+00	-4.627792085213634e-01	4627
8.938167641941570e-01	6.011642585678221e+00	4628
-1.367989739481976e+00	-6.691824295131836e+00	4629
4.553001483284626e+00	8.574707245549940e-01	4630
4.508224436247369e+00	1.317280415767817e+00	4631
2.700950239585465e+00	4.823094059165652e+00	4632
4.573300670706301e+00	1.788985358096534e+00	4633
4.660973661805648e+00	2.411429121584084e+00	4634
4.679982412490318e+00	2.935858781430742e+00	4635
4.674777315066119e+00	-2.191924446803712e+00	4636
4.506133729520785e+00	-1.393635484473754e+00	4637
1.887863089766317e+00	-5.839338199287702e+00	4638
-2.566586472275740e+00	5.967476203684557e+00	4639
4.768691917837230e+00	-2.839277131223406e+00	4640
-4.699670978348671e+00	-1.773847676482281e+00	4641
1.290103142413091e-01	6.518324097182829e+00	4642
-4.295312619623995e+00	9.317952992528336e-01	4643
2.860247580355575e+00	-5.288166552638311e+00	4644
3.925617869485555e+00	4.318177554886565e+00	4645
-1.351195853166429e+00	6.247282478023753e+00	4646
-3.881925536950392e+00	3.087150489172638e+00	4647
4.122743871045329e+00	-3.876197175361914e+00	4648
4.744032041352513e+00	-9.248948543436707e-01	4649
-4.252216665470177e+00	2.388898111321584e-02	4650
1.140855815131264e+00	-6.602834540445321e+00	4651
-3.524682056657352e+00	-4.515836407603524e+00	4652
-2.951881306265393e+00	-5.505885522383782e+00	4653
-4.892331635172536e-01	-7.171741842377137e+00	4654
-3.044310248633214e+00	5.315698438680544e+00	4655
1.578324484615339e+00	6.025224911426307e+00	4656
-3.467878192859647e+00	4.442519899754112e+00	4657
-3.677020679281111e+00	3.936894255403686e+00	4658
3.833741069572391e+00	-4.651734903969031e+00	4659
-4.228725950397121e+00	2.005050595633658e+00	4660
-4.393347356962388e+00	-9.589809063704917e-01	4661
4.713555359669314e+00	-1.673711958014112e-01	4662
-4.152800479003607e+00	-3.580155730115864e+00	4663
-4.847831110082910e+00	-2.609757273145695e+00	4664
-2.192609931263836e+00	-6.296675056694616e+00	4665
4.646031483622565e+00	3.532593524159476e+00	4666
2.546503240832534e+00	5.388944530599533e+00	4667
4.976393332697087e+00	1.130988600042108e+00	4668
5.000698603693343e+00	1.489703418813965e+00	4669
5.031715898930561e+00	5.763349989176263e-01	4670
5.111953198427045e+00	2.030502316495364e+00	4671
5.211365074756625e+00	2.654031292901084e+00	4672
5.058513856003909e+00	-1.693854412241130e+00	4673
3.557974623611615e+00	-5.295865233750355e+00	4674
-1.314606611526228e+00	-7.640298016739483e+00	4675
-2.048199805156528e+00	6.499889886543004e+00	4676
5.265154244410741e+00	-2.350502264879072e+00	4677
-4.532582112543484e+00	4.616728739795803e-01	4678
5.337043596715401e-01	-7.419340866254885e+00	4679
3.361869669529662e+00	5.123691289539602e+00	4680
4.572364052921313e+00	4.187627941225715e+00	4681
-3.389365581448359e+00	6.070181601890032e+00	4682
2.556574725927729e+00	-5.880019840595537e+00	4683
-4.593597571144389e+00	1.482891631976277e+00	4684
-2.116268125557041e+00	-7.196795503845192e+00	4685
2.307563990820118e+00	6.064158928034995e+00	4686
4.912597107464195e+00	-6.136921378752161e-01	4687
-5.364243736077590e+00	-2.087908872162423e+00	4688
1.648427613705648e+00	-6.530014677480459e+00	4689
4.769726863856362e+00	-3.556356712076111e+00	4690
1.065641905012442e+00	6.795284232643477e+00	4691
5.109514773489741e+00	1.077044700775367e-01	4692
-7.134348305461641e-01	6.852486119796475e+00	4693
-4.395420838695011e+00	2.652588019180365e+00	4694
4.552087514478127e+00	-4.477861349560678e+00	4695
-3.831292303656809e+00	-5.355042844909681e+00	4696
-4.355607767895604e+00	3.651511628441181e+00	4697
-3.861733968443669e+00	5.173602516510805e+00	4698
-4.157414024179380e+00	4.432116750123544e+00	4699
-4.625323582151899e+00	-4.165952338281583e-01	4700
-5.054107602816663e+00	-1.176406609918270e+00	4701
-4.147904404144676e+00	-4.251269819989424e+00	4702
-4.846584050807244e+00	-3.345461632025672e+00	4703
-3.105081319576720e+00	-6.414117560542339e+00	4704
5.494937479992046e+00	1.276138525248937e+00	4705
5.499381042453444e+00	9.033455028137850e-01	4706
5.228053017763431e+00	3.285957872904588e+00	4707
5.575677388647582e+00	1.653298099805482e+00	4708
5.725347076293694e+00	2.252440340045204e+00	4709
-4.304480941565576e+00	5.980276088457569e+00	4710
-2.140315455349596e+00	-8.188091010782420e+00	4711
-1.498313570148002e+00	7.092513330680602e+00	4712
-3.301716881538353e-01	-8.128821684471641e+00	4713
1.914969785293807e+00	6.782989399199187e+00	4714
1.857349823703156e-01	7.398794181419636e+00	4715
3.110523210672842e+00	5.917533983799829e+00	4716
-4.815245329828262e+00	-2.755397684000052e-02	4717
5.388357521740059e+00	-3.101135108092563e+00	4718
3.255574002986827e+00	-5.927923096953732e+00	4719
-5.532239774816786e+00	-2.891951488540987e+00	4720
-4.856865600415602e+00	2.123725576327582e+00	4721
5.176584303431397e+00	-4.115557697630708e-01	4722
5.244925795361016e+00	-9.946465563740368e-01	4723
-5.798871257076521e+00	-1.432393169804291e+00	4724
-4.890600781096339e+00	9.434783513184036e-01	4725
-3.131926769941240e+00	-7.465433849911336e+00	4726
4.326700748887658e+00	-5.220311229509952e+00	4727
5.687093009807930e+00	-1.856929211127914e+00	4728
5.204418804344914e+00	3.955839109953344e+00	4729
5.559060144223110e+00	3.731390146763024e-01	4730
6.039496135945836e+00	1.096396190065063e+00	4731
-4.754598996508680e+00	-4.000166544588317e+00	4732
-2.869263877979574e+00	6.774728819592447e+00	4733
2.180531183645972e+00	-6.555455957774177e+00	4734
5.286993189839384e+00	-4.165004788485083e+00	4735
4.374340703798392e+00	4.873804007199424e+00	4736
-4.993143481657154e+00	3.177360106307711e+00	4737
-4.909392133803109e+00	4.208116096445851e+00	4738
-4.676745395008023e+00	5.069492553991881e+00	4739
-5.326950288426181e+00	-5.224159041075984e-01	4740
-4.113653328775976e+00	-6.328452062073576e+00	4741
5.840176478051952e+00	2.944706995286848e+00	4742
6.237186907753424e+00	1.806425980056607e+00	4743
-5.246339309893895e+00	5.834423014080432e+00	4744
-4.301001945172098e+00	-7.484026476633098e+00	4745
-6.130746978194735e+00	-2.242170842946096e+00	4746
6.638368769143036e-01	-8.459663319544063e+00	4747
-5.560128844841498e+00	2.569170001593899e+00	4748
5.120061979867142e+00	4.709447657689910e+00	4749
-2.281887403381809e+00	7.372467889992429e+00	4750
-5.530319335794182e+00	-3.734659054846142e+00	4751
6.007682246649719e+00	-3.696927187542550e+00	4752
4.030461943886048e+00	-5.941671442296315e+00	4753
-5.531414102432405e+00	4.838805028955083e+00	4754
-1.223538691835988e+00	-8.692967368151136e+00	4755
-7.783931618049518e-01	7.787763383067724e+00	4756
-5.247960442397194e+00	1.535047731281925e+00	4757
-4.718477892718669e+00	-4.770534012194181e+00	4758
1.294544727212992e+00	7.679006177969318e+00	4759
6.757673457706462e+00	1.279152834291593e+00	4760
5.929047065064182e+00	-2.559541333442426e+00	4761
5.864536304230609e+00	3.667515648234963e+00	4762
1.878142289194973e+00	-7.313902608971850e+00	4763
-5.656530476260047e+00	3.750721273849119e+00	4764
2.802803972973004e+00	6.744292393912443e+00	4765
5.150573233723729e+00	-5.006687687681691e+00	4766
5.963672251608042e+00	-1.170673543622252e+00	4767
-5.143247550918773e+00	4.328816216737850e-01	4768
5.618506123418788e+00	-1.433840548262947e-01	4769
-3.858496452880274e+00	6.876178576573897e+00	4770
-3.195869825984060e+00	-8.596400097107145e+00	4771
3.962008300083243e+00	5.694068688168083e+00	4772
-4.723037141446897e+00	-5.624360994141755e+00	4773
2.931580913838241e+00	-6.599699691414332e+00	4774
-6.134490253082221e+00	-6.818959626627216e-01	4775
6.415770684943935e+00	2.504851477601193e+00	4776
3.704448266284816e+00	-6.644607448226667e+00	4777
1.459044684815586e+00	-7.832328460261519e+00	4778
-6.320492010932567e+00	-3.190173074409010e+00	4779
6.667495671923727e+00	-3.079961027551423e+00	4780
2.789231429319068e-01	8.394521561415774e+00	4781
-1.668887425991394e+00	8.049069251484363e+00	4782
6.551814187457276e+00	3.280398806197195e+00	4783
-6.037141867919319e+00	1.861842309425253e+00	4784
-4.885832857703301e+00	6.792836665693971e+00	4785
-5.442458255230003e+00	-1.267833309956670e-01	4786
-2.232814130178616e+00	-9.320067740890231e+00	4787
6.345316258910364e+00	-4.706097342151071e-01	4788
6.143582978611366e+00	1.790941673134137e-01	4789
-3.234251496952691e+00	7.686538340580713e+00	4790
5.995547010563540e+00	-4.623166202782353e+00	4791
5.843005762206781e+00	4.435959973784419e+00	4792
6.990865663214106e+00	2.005760725217159e+00	4793
-1.984102852398623e-01	-9.214701783768559e+00	4794
-6.223970254966255e+00	5.576369144597621e+00	4795
2.338190872221694e+00	7.633897724252009e+00	4796
-5.426985960744637e+00	-4.492574349417053e+00	4797
4.901582258691340e+00	-5.853692530367188e+00	4798
-6.342658563611069e+00	3.100840040791715e+00	4799
-5.852649894602585e+00	1.537223995183893e-02	4800
-5.082134532751402e+00	-6.650255765071510e+00	4801
6.554458082982929e+00	5.737511329748911e-01	4802
6.399831225608760e+00	-1.872881333767703e+00	4803
2.639478663224951e+00	-7.296999563907034e+00	4804
-6.395962383287819e+00	4.387666235233514e+00	4805
3.695752553721823e+00	6.560542370708322e+00	4806
5.667866645856805e+00	-7.230197139383180e-01	4807
-5.559426606165997e+00	9.396485200815344e-01	4808
-6.614047146252130e+00	-1.455677072442376e+00	4809
-4.471383436660632e+00	-8.760063482357934e+00	4810
4.859325105674860e+00	5.552351450101561e+00	4811
-5.513269733953805e+00	-5.193946129226930e+00	4812
-6.292746575202624e+00	-4.742670274183205e+00	4813
3.407616950000437e+00	-7.353728920619783e+00	4814
-4.365573642007849e+00	7.805848001152716e+00	4815
-7.219811192389758e+00	5.114374293933208e+00	4816
-7.005515292372637e+00	-2.407237101185098e+00	4817
-6.930560108930210e+00	2.299654947676913e+00	4818
8.943066517241166e-01	-9.593806101808445e+00	4819
7.200601071792705e+00	2.788537318504973e+00	4820
-2.561547294718786e+00	8.360721197632143e+00	4821
-1.178286170074113e+00	-9.885199887748485e+00	4822
1.587276095089915e+00	8.675737622976444e+00	4823
5.845937275768715e+00	-5.595458096593597e+00	4824
-6.999337001203688e+00	-6.823893112176079e-01	4825
3.366112914723113e+00	7.519441322782817e+00	4826
5.737467446556939e+00	5.321988563047237e+00	4827
4.573551933748825e+00	-6.665861798279473e+00	4828
-8.378383222856948e-01	8.850158996549117e+00	4829
-3.527777569598631e+00	-9.787832782166447e+00	4830
6.590021595891680e+00	4.100252843615186e+00	4831
6.816039926825241e+00	-4.057306600981001e+00	4832
2.278573186578373e+00	-8.167661592265794e+00	4833
7.320890243630403e+00	7.352358214644726e-01	4834
7.572976133725478e+00	1.418445452806768e+00	4835
-5.953051439640713e+00	6.621349647225053e+00	4836
-6.315250471047434e+00	-4.166177399856223e+00	4837
-7.213410459521942e+00	3.710097075022767e+00	4838
6.851001688918243e+00	4.281682359604108e-02	4839
6.719413116310998e+00	-1.152641894214644e+00	4840
7.242682664837695e+00	-2.319321091953433e+00	4841
1.643432662883757e+00	-8.884373639621595e+00	4842
4.552343680641712e+00	6.372387267356952e+00	4843
-6.336211212921474e+00	6.769076347593334e-01	4844
-5.403612447103418e+00	-7.861748589535077e+00	4845
-5.529277295691761e+00	-6.163710620161208e+00	4846
-3.898342776091402e-02	-1.044063083504167e+01	4847
-5.709688166265272e+00	-9.113522866422528e+00	4848
4.107253672367746e-01	9.520770256113856e+00	4849
-6.383407163643857e+00	-5.701039911128393e+00	4850
8.185696092124600e+00	8.045707763709449e-01	4851
2.838391562816391e+00	8.593044853255773e+00	4852
-6.813880680239116e+00	1.408329009229678e+00	4853
7.360808062983045e+00	3.660783961340198e+00	4854
-2.364114962690678e+00	-1.060948753645032e+01	4855
7.562103029072664e+00	-3.311892194359774e+00	4856
-7.537275482154593e+00	-1.524173649573643e+00	4857
7.847149890059328e+00	2.229252735181222e+00	4858
-5.541580736651341e+00	7.717638627843688e+00	4859
5.565805164660601e+00	-6.564375981474006e+00	4860
-4.851351129755718e+00	-1.005747754132762e+01	4861
-1.862733742252304e+00	9.136517888300657e+00	4862
6.570453219202158e+00	4.988814102898177e+00	4863
6.814941705083183e+00	-5.130749787324977e+00	4864
-7.090072738926033e+00	6.293300010367011e+00	4865
4.234223306773651e+00	-7.423183350618629e+00	4866
-7.933045443719569e+00	2.833126334236172e+00	4867
-8.182615542511543e+00	4.408659149157389e+00	4868
7.690194151270864e+00	-2.077203290283153e-02	4869
2.000120400254445e+00	-1.001205424971181e+01	4870
2.959032544872526e+00	-8.208307731199119e+00	4871
-6.611204347937121e+00	-1.591489062889262e-02	4872
-3.644493035450655e+00	8.722526566362816e+00	4873
5.492675791982210e+00	6.241556549001213e+00	4874
2.696713960858335e+00	-9.178629114403584e+00	4875
7.099272955521631e+00	-5.866984663318838e-01	4876
-7.222369501232343e+00	-3.515297440400377e+00	4877
7.198386767213340e+00	-1.795589008529990e+00	4878
4.325437101494964e+00	7.306790798734877e+00	4879
-6.644771860280938e+00	-8.222040385810974e+00	4880
8.487793374269355e+00	1.630050682940672e+00	4881
4.004489959694141e+00	8.401564621275986e+00	4882
6.649830729858938e+00	-6.254125390101082e+00	4883
-1.137286065564207e+00	-1.123760232946246e+01	4884
-8.255371560905544e+00	5.709952315099301e+00	4885
1.945010605746920e+00	9.799375904661135e+00	4886
-3.796094637380884e+00	-1.116229306348052e+01	4887
-2.877413896512537e+00	9.482356068941089e+00	4888
8.653249887225373e+00	-3.710510356549365e-02	4889
-7.760738583160009e+00	1.776238584988589e+00	4890
8.197877113836199e+00	-2.559742795367412e+00	4891
-7.973561782979794e+00	-6.536159278696163e-01	4892
8.092571199174836e+00	3.108271175565628e+00	4893
7.750183769439200e+00	-4.446517959099049e+00	4894
7.416778372970638e+00	4.593024599187185e+00	4895
7.925159774020264e+00	-8.573560565439232e-01	4896
-8.901894240289323e-01	1.005740518692516e+01	4897
3.202308397918257e+00	-1.030977939309411e+01	4898
-6.417963415329699e+00	-6.784428689808798e+00	4899
-4.933447338696978e+00	8.865582797776053e+00	4900
-7.264175411748488e+00	-5.135076210750299e+00	4901
5.200556885615513e+00	-7.471153164818934e+00	4902
5.222099035088825e+00	7.113772773579659e+00	4903
6.468183759900513e+00	5.984257471295402e+00	4904
-7.996993058922261e+00	-2.603246145091820e+00	4905
-6.772965710086397e+00	7.504051266077545e+00	4906
-6.211761333338131e+00	-1.043357890702316e+01	4907
-9.053703207406846e+00	3.464092614423995e+00	4908
1.120163385986126e+00	-1.086379732151015e+01	4909
3.876414249387470e+00	-8.262174603752303e+00	4910
-7.477371055079292e+00	4.143876124738366e-02	4911
7.509211634751655e+00	-1.271862832481123e+00	4912
-7.188733027999533e+00	6.174852251351841e-01	4913
5.837698357485469e-01	1.079599607208404e+01	4914
3.418962335221210e+00	9.673897893986892e+00	4915
-8.265310820793168e+00	4.559038582529138e-01	4916
1.298808307214062e-01	-1.182356234807256e+01	4917
8.942639110150232e+00	-1.026689565595850e+00	4918
-2.472149662845739e+00	-1.207338409601310e+01	4919
9.191919652835258e+00	8.651413254732755e-01	4920
8.805270906038009e+00	2.505180112521177e+00	4921
8.282765503922434e+00	4.090027413004767e+00	4922
-8.876367333487471e+00	2.219392908235356e+00	4923
5.039635932170785e+00	8.139435554780309e+00	4924
3.649164070142571e+00	-9.267840207303498e+00	4925
-8.093903714948169e+00	7.092269311039855e+00	4926
8.567025995853628e+00	-3.623703701151637e+00	4927
8.164586215871212e+00	-1.790476880474039e+00	4928
-8.586589103878822e+00	-1.599021942104938e+00	4929
-6.289961307130127e+00	8.767306398455975e+00	4930
-5.227640927654453e+00	-1.151855240374215e+01	4931
-4.104495666289756e+00	9.899445112722331e+00	4932
-7.629145289653727e+00	-7.331000952221309e+00	4933
-2.076050930565257e+00	1.037538152117753e+01	4934
-8.268309144204077e+00	-3.986003163980708e+00	4935
7.761899706686486e+00	-5.692295096979082e+00	4936
2.356997368446519e+00	-1.131372515492853e+01	4937
-7.390672968743604e+00	-6.236889746061665e+00	4938
6.331089837726136e+00	-7.362091906995679e+00	4939
6.235232112257474e+00	6.985386041872973e+00	4940
7.409411470481559e+00	5.601344220656014e+00	4941
-7.082555229236793e+00	-9.440999464566739e+00	4942
-9.369036102548186e+00	4.837141658448538e+00	4943
4.810982590117410e+00	-8.323609274459864e+00	4944
4.740564203924514e+00	9.393795552777179e+00	4945
-6.773453287294666e+00	-1.193334333893979e+01	4946
-3.230895608983846e+00	1.075676869626147e+01	4947
3.744700448953378e+00	-1.162516539925113e+01	4948
8.812060399291926e+00	-4.895753758237335e+00	4949
-9.447191967040368e+00	6.371184086829547e+00	4950
-8.625734823172879e+00	-6.541589120290891e+00	4951
9.286631186587718e+00	-2.778250626688402e+00	4952
9.542827887631573e+00	1.819282401907405e+00	4953
1.965586707260728e+00	1.125667652720017e+01	4954
2.779698678637145e+00	1.088274100293345e+01	4955
-4.047017907036925e+00	-1.272615796694826e+01	4956
-7.681639683285827e+00	-1.084602149591056e+01	4957
5.988259561587516e+00	7.923510917179255e+00	4958
-1.075504682105630e+00	-1.276458796621996e+01	4959
9.724461072923985e+00	-1.697506706075772e-01	4960
-7.993453845863492e+00	-8.546250857071366e+00	4961
-5.575270029632965e+00	1.007101097102207e+01	4962
9.097142690115742e+00	3.476892547615408e+00	4963
-9.318005576306599e-01	1.142904635644516e+01	4964
1.411953834563417e+00	-1.228487264876314e+01	4965
7.315357487998554e+00	6.709071679333772e+00	4966
8.362726158278049e+00	5.143482122126444e+00	4967
-8.664281739489143e+00	1.128698917023887e+00	4968
-7.718238648079101e+00	8.500664135193773e+00	4969
7.577425242346855e+00	-6.991825920477530e+00	4970
-1.003414940681074e+01	2.690058631213889e+00	4971
4.487448846385999e+00	-1.024507757967780e+01	4972
-9.051772278760412e+00	-4.731307171372380e-01	4973
9.144032872743578e+00	-2.101775040679315e+00	4974
-8.461148428809059e+00	-5.405645266076135e+00	4975
-9.129457803159475e+00	-2.851074696873793e+00	4976
-1.033253561831583e+01	3.894066578845728e+00	4977
5.905675245287100e+00	-8.387194943382397e+00	4978
4.240583969904170e+00	1.076102841098140e+01	4979
-5.657983429075858e+00	-1.316825393310567e+01	4980
-9.716943717596735e+00	-5.804617044722362e+00	4981
-2.557981252621151e+00	-1.372970066895430e+01	4982
1.034801998047261e+01	9.035257317961417e-01	4983
-2.308081834623484e+00	1.178778085326183e+01	4984
7.205089427103085e+00	-8.266912233348570e+00	4985
9.716886040262890e+00	-3.965084086489294e+00	4986
-1.137245902092095e+01	2.998136606441627e+00	4987
-8.417099251326675e+00	-1.238458115651970e+01	4988
-7.144720252889905e+00	9.959694650164737e+00	4989
-9.789427030153249e+00	-1.618802041718507e+00	4990
9.897212596128416e+00	2.802718619695491e+00	4991
9.330967985468245e+00	4.572934169099872e+00	4992
-9.250965146042669e+00	7.988300440820198e+00	4993
-8.485345440485448e+00	-9.958786853522284e+00	4994
-9.819721905462544e+00	1.468666818495715e+00	4995
1.004587116151890e+01	-1.326562103205928e+00	4996
5.956310229493548e-01	1.226183537033716e+01	4997
5.295229484745185e+00	-9.458343009258954e+00	4998
8.846446636307540e+00	-6.324556535969913e+00	4999
7.087282946082681e+00	7.800423338737412e+00	5000
8.373113540542528e+00	6.278848295037007e+00	5001
-1.068721730785462e+01	5.395967099148591e+00	5002
-8.948977941100688e+00	-7.741749538154770e+00	5003
-4.621551520397146e+00	1.123642681744521e+01	5004
2.804770399603431e+00	-1.276034190923346e+01	5005
-9.502920780734319e+00	-4.309267094663459e+00	5006
5.755474563712414e+00	9.092079382986464e+00	5007
3.459529920729901e-01	-1.338021054349222e+01	5008
5.271552135036391e+00	-1.155787401261752e+01	5009
6.827967869419459e+00	8.860857768517569e+00	5010
-1.048248882592017e+00	1.297401834534934e+01	5011
-7.287777928035603e+00	-1.367839033280562e+01	5012
1.783054039410245e+00	-1.387660909270215e+01	5013
-4.307303976904943e+00	-1.449763390559654e+01	5014
1.095233045416509e+01	-3.186792283429685e-01	5015
-8.804672439046119e+00	9.629048666071602e+00	5016
-3.625790824748889e+00	1.220604779873270e+01	5017
-6.302173699997494e+00	1.144203849640453e+01	5018
-1.032975311712188e+01	-4.619219234729288e-01	5019
-1.174374256267345e+01	4.388984889807034e+00	5020
9.442983701416050e+00	5.756534633657322e+00	5021
-9.532610771536479e+00	3.129912593739369e-01	5022
1.002695412413828e+01	-5.400254689762536e+00	5023
1.023918386329366e+01	3.884481507524619e+00	5024
1.075285216652990e+01	2.012588555372667e+00	5025
1.053078167460318e+01	-2.998832814243424e+00	5026
3.617869688079792e+00	1.211431612847412e+01	5027
-1.079180766676863e+01	7.139817514171721e+00	5028
-9.949280001202204e+00	-7.017121482917239e+00	5029
5.615660682766877e+00	1.044563096759516e+01	5030
8.286481180866534e+00	7.509869517037980e+00	5031
-9.343612104712149e+00	-9.180413821043487e+00	5032
-1.083805462050989e+01	-4.882545593113968e+00	5033
8.641023990109021e+00	-7.827950270033799e+00	5034
2.081013768706509e+00	1.285158915094026e+01	5035
-9.751870504060655e-01	-1.448311421818257e+01	5036
-9.207928679457726e+00	-1.142190589121464e+01	5037
-1.102524739721459e+01	1.772761671883246e+00	5038
6.643205490107906e+00	-9.503640263335463e+00	5039
4.473882765770080e+00	-1.305539119526914e+01	5040
-1.043312100964405e+01	-3.030518683110959e+00	5041
5.757385015163116e+00	-1.074076503230399e+01	5042
-9.167145566325491e+00	-1.418065443694413e+01	5043
1.052530790722128e+01	5.108876708615326e+00	5044
1.103424723589076e+01	-4.334662547599561e+00	5045
-6.066951094046537e+00	-1.503820724149509e+01	5046
-5.203524862511275e+00	1.275574367222487e+01	5047
-8.120193628355382e+00	1.131545832931948e+01	5048
-1.072267675346836e+01	5.878939544636118e-01	5049
-1.056916675790615e+01	9.007366237929435e+00	5050
1.008975388534099e+01	-7.039733830025847e+00	5051
1.114235188757084e+01	3.126592441053004e+00	5052
5.775964033532039e-01	1.392393966169460e+01	5053
7.285378136046421e+00	-1.089947404021279e+01	5054
8.182240187782490e+00	-9.330013761707377e+00	5055
8.048436780730405e+00	8.721964882897167e+00	5056
-2.619073684047191e+00	-1.560567489375846e+01	5057
9.474748987292479e+00	7.031620546511603e+00	5058
6.550975614585957e+00	1.017832698627321e+01	5059
1.137209432807391e+01	-1.714256740306123e+00	5060
-1.025944498979095e+01	-8.497629038423401e+00	5061
6.276173011769867e-01	-1.513083518562602e+01	5062
-1.217146775084248e+01	6.046764918589066e+00	5063
3.398455424166282e+00	-1.438358615433019e+01	5064
-1.113236716195089e+01	-6.265104719415564e+00	5065
-1.190430859334603e+01	-3.680740484764553e+00	5066
5.192579432699739e+00	1.195154030991824e+01	5067
-1.289401296480051e+01	3.337814465790254e+00	5068
-2.596277608726156e+00	1.338108955927060e+01	5069
6.189948101400011e+00	-1.300935334714596e+01	5070
1.167189717788882e+01	9.349449256172070e-01	5071
-1.012991050219573e+01	-1.298652577031263e+01	5072
-1.115075432873162e+01	-1.683098010014642e+00	5073
3.482570969494084e+00	1.380411433491292e+01	5074
-1.246281720349725e+01	2.027980296595772e+00	5075
1.213711588917760e+01	2.221429972756852e+00	5076
-4.550331816429670e+00	-1.650536614691987e+01	5077
-7.891658161911082e+00	-1.563813282786110e+01	5078
-1.004532123994881e+01	1.091215404116529e+01	5079
-1.231411817572583e+01	8.020435979146525e+00	5080
1.236887367554909e+01	-4.847097173274217e-01	5081
1.196913732694465e+01	-3.129116998140955e+00	5082
9.852062526361339e+00	-8.790651232979330e+00	5083
6.456247832794298e+00	1.161684813886931e+01	5084
9.388166908895260e+00	8.407693276817550e+00	5085
5.283724527099431e+00	-1.468774797768825e+01	5086
-8.194370201944254e-01	-1.642489929775569e+01	5087
-1.114358059156363e+01	-1.133507081917576e+01	5088
1.153807218723957e+01	4.333506184462620e+00	5089
-1.222050447024196e+00	1.471642454194145e+01	5090
-1.238687734889127e+01	-5.244814971572360e+00	5091
-7.125662982594808e+00	1.300191245410558e+01	5092
-4.080919661162818e+00	1.384514041348711e+01	5093
-1.070960093422886e+01	-1.005714371478643e+01	5094
-1.114114668279807e+01	-1.478846447492058e+01	5095
-1.408883783818650e+01	2.219398016247789e+00	5096
-1.171031338872283e+01	-3.739698827624771e-01	5097
1.141608905318220e+01	-5.962154625909912e+00	5098
2.069147162809081e+00	1.462325671662195e+01	5099
8.106991731000566e+00	-1.266630509265956e+01	5100
1.067584210841545e+01	6.438065390439847e+00	5101
8.982294450541856e+00	-1.082825741180351e+01	5102
7.770049090326968e+00	9.928238531100515e+00	5103
2.260402143213804e+00	-1.566303480591914e+01	5104
-1.141131911438626e+01	-7.655418466035697e+00	5105
-1.279430670059009e+01	-2.205848792057338e+00	5106
-1.335654276897999e+01	4.900972823964056e+00	5107
4.555562320699240e+00	1.348523545484838e+01	5108
-1.203214092345294e+01	7.453769276495441e-01	5109
-9.230063540704421e+00	1.285909611438352e+01	5110
-2.640334736866314e+00	-1.772828005517294e+01	5111
4.044425171809922e+00	1.542705575821508e+01	5112
1.256020598773274e+01	3.484503901666767e+00	5113
7.439993745447294e+00	1.141487070074644e+01	5114
9.949448277734441e-01	-1.709568790540313e+01	5115
4.096347669047810e+00	-1.621295021186820e+01	5116
-6.508412472402557e+00	-1.715161873568753e+01	5117
1.188609155783521e+01	5.701886225468391e+00	5118
1.072939886246963e+01	7.875106701592400e+00	5119
1.083143924031472e+01	-1.041324066270856e+01	5120
-1.254609673995569e+01	-1.014696060138578e+01	5121
-1.351802761736573e+01	8.035939408700522e-01	5122
-1.357743141543524e+01	-3.862670954104554e+00	5123
1.255953351160960e+01	-4.697374749794854e+00	5124
4.839890291824983e-01	1.579152790568430e+01	5125
1.150986176273409e+01	-7.850475809907164e+00	5126
-1.206886404874065e+01	1.016692865547907e+01	5127
6.247495306817435e+00	1.326871291946446e+01	5128
1.318696411987840e+01	9.699939541378919e-01	5129
-1.272601180373827e+01	-6.793056894749504e+00	5130
-1.459600507548679e+01	3.799142275826472e+00	5131
-2.946807834183387e+00	1.517500600024982e+01	5132
1.288783438184808e+01	-1.918092460057810e+00	5133
-1.318263555497444e+01	-1.910807152476029e-01	5134
-5.863325018616655e+00	1.447946142819593e+01	5135
-1.226597243704117e+01	-1.304066026951527e+01	5136
-1.386225047465772e+01	6.769306552151369e+00	5137
7.334495133254769e+00	-1.457032009727976e+01	5138
1.003183186419142e+01	-1.245609397488929e+01	5139
9.135178167920946e+00	9.764732908436836e+00	5140
-1.187526000872970e+01	-9.086592943746677e+00	5141
-4.605386624715512e+00	1.569453928246269e+01	5142
1.398755780216561e+01	-5.861644845719881e-01	5143
2.837461394226930e+00	-1.766959911914083e+01	5144
1.301827020312846e+01	-6.575436672377305e+00	5145
1.301511011328958e+01	4.831735937172869e+00	5146
-1.527985563991731e+01	9.170842957080499e-01	5147
6.276016421565147e+00	-1.651416861428547e+01	5148
2.354475264324673e+00	1.662984498557748e+01	5149
-1.145856179714209e+01	1.237289959628364e+01	5150
-1.404722887755835e+01	9.014591930220551e+00	5151
1.371737543326205e+01	2.456701697530102e+00	5152
1.357394404489013e+01	-3.393538063499892e+00	5153
1.208139866693578e+01	7.198326218156892e+00	5154
-1.468571809840228e+00	1.667490317366522e+01	5155
-8.058836446566787e+00	1.477625941502358e+01	5156
8.831854159510053e+00	1.114235698169464e+01	5157
-1.336888409363661e+01	-8.458955426482595e+00	5158
-5.876232589369111e-01	-1.861506541535623e+01	5159
1.207044343100070e+01	-1.207655780725248e+01	5160
-1.452321771274890e+01	-1.930001808064068e+00	5161
6.362946666683152e+00	1.559181215955939e+01	5162
1.273974919810796e+01	-9.547425140504204e+00	5163
-1.516354586637402e+01	5.498541628364156e+00	5164
-1.414197546011255e+01	-5.631266887780459e+00	5165
-1.594127438500378e+01	2.496916001210797e+00	5166
-1.479849193835222e+01	-1.816711618468241e-01	5167
9.308913098577891e+00	-1.429404106741145e+01	5168
1.064109180535761e+01	9.421837649472844e+00	5169
1.429304881595273e+01	-5.128418802090552e+00	5170
4.984009951779602e+00	-1.816411370512974e+01	5171
-1.049111160798941e+01	1.461725585133076e+01	5172
1.458335982268355e+01	-8.221438944309979e+00	5173
1.343436243595267e+01	6.360842445355177e+00	5174
-3.371331017819737e+00	1.718899105321675e+01	5175
1.459634241662963e+01	-2.114941891444626e+00	5176
-1.457530193240463e+01	-7.268863701026907e+00	5177
-6.610954273973594e+00	1.643389005940212e+01	5178
-1.460819475922147e+01	-1.010846894519115e+01	5179
-1.727051637009854e+01	1.013078897535423e+00	5180
-1.647680485740011e+01	-8.215652319714369e-01	5181
4.677345294322770e+00	1.746513491433171e+01	5182
4.665185203324805e-01	1.792019736648457e+01	5183
-1.377823761108678e+01	1.148238639584332e+01	5184
-1.549361492833610e+01	-3.931196924197313e+00	5185
-1.577860833755382e+01	7.585264828344378e+00	5186
1.140620386967556e+01	-1.408521521908309e+01	5187
1.215809846762359e+01	8.822507128600362e+00	5188
8.439051005193571e+00	1.282578051427619e+01	5189
1.417181117311320e+01	3.885883868110541e+00	5190
1.491206397932759e+01	1.046386451620801e+00	5191
8.541352855210880e+00	-1.639197437662594e+01	5192
1.421766093936043e+01	-1.129192372081904e+01	5193
-1.653348394098973e+01	4.255270348791306e+00	5194
1.036464737568936e+01	1.094687068593769e+01	5195
1.539139283578274e+01	-3.700223927209208e+00	5196
-1.376713115805071e+01	-1.219019088944541e+01	5197
-1.721501892547316e+01	6.141882732239853e+00	5198
1.469051542771125e+01	5.385856581730894e+00	5199
1.582750542195452e+01	-6.604978271564642e-01	5200
1.492047495977533e+01	-6.964416118649506e+00	5201
1.003151711633174e+01	1.252345134187682e+01	5202
1.566547135514547e+01	-9.549525832302519e+00	5203
-5.207995891867461e+00	1.777627657489976e+01	5204
1.368269683302734e+01	8.048550193668083e+00	5205
7.682317722501063e+00	1.472351375314862e+01	5206
-1.803117963934180e+01	2.897497484535944e+00	5207
-1.615358310549282e+01	-5.944363071071935e+00	5208
1.206501330644604e+01	1.056784022505272e+01	5209
1.551278361558787e+01	2.741240268861598e+00	5210
-1.865060988129919e+01	-6.720560005620758e-01	5211
1.626217683881458e+01	-5.478758944060947e+00	5212
1.599630507450402e+01	4.345970844892202e+00	5213
1.519453940186053e+01	7.094066875841706e+00	5214
8.074794088125659e+00	1.675763850941512e+01	5215
-1.659838583473567e+01	-8.075567467029240e+00	5216
1.378183951393245e+01	9.888795112304757e+00	5217
1.652533339094388e+01	-2.316894363032904e+00	5218
1.687346462281762e+01	1.165137716103133e+00	5219
-1.769668255355284e+01	-2.664485883916253e+00	5220
1.668897348105446e+01	-7.562112583795896e+00	5221
9.652038182487752e+00	1.443657991982432e+01	5222
-1.761596257810032e+01	-4.352182661129576e+00	5223
1.175787271709908e+01	1.228726555318378e+01	5224
1.791646464155016e+01	-7.199146321306475e-01	5225
1.550579169535697e+01	9.002130030931443e+00	5226
1.743761748604460e+01	-3.975053311640720e+00	5227
1.368334889922870e+01	1.186438775857147e+01	5228
1.658520189703329e+01	6.007165401023504e+00	5229
1.754853196542737e+01	3.087518248409650e+00	5230
1.141666008464476e+01	1.405394564088800e+01	5231
1.719293698485327e+01	7.912562332437605e+00	5232
NMARK= 2
MARKER_TAG= airfoil
MARKER_ELEMS= 200
3	199	0
3	0	1
3	1	2
3	2	3
3	3	4
3	4	5
3	5	6
3	6	7
3	7	8
3	8	9
3	9	10
3	10	11
3	11	12
3	12	13
3	13	14
3	14	15
3	15	16
3	16	17
3	17	18
3	18	19
3	19	20
3	20	21
3	21	22
3	22	23
3	23	24
3	24	25
3	25	26
3	26	27
3	27	28
3	28	29
3	29	30
3	30	31
3	31	32
3	32	33
3	33	34
3	34	35
3	35	36
3	36	37
3	37	38
3	38	39
3	39	40
3	40	41
3	41	42
3	42	43
3	43	44
3	44	45
3	45	46
3	46	47
3	47	48
3	48	49
3	49	50
3	50	51
3	51	52
3	52	53
3	53	54
3	54	55
3	55	56
3	56	57
3	57	58
3	58	59
3	59	60
3	60	61
3	61	62
3	62	63
3	63	64
3	64	65
3	65	66
3	66	67
3	67	68
3	68	69
3	69	70
3	70	71
3	71	72
3	72	73
3	73	74
3	74	75
3	75	76
3	76	77
3	77	78
3	78	79
3	79	80
3	80	81
3	81	82
3	82	83
3	83	84
3	84	85
3	85	86
3	86	87
3	87	88
3	88	89
3	89	90
3	90	91
3	91	92
3	92	93
3	93	94
3	94	95
3	95	96
3	96	97
3	97	98
3	98	99
3	99	100
3	100	101
3	101	102
3	102	103
3	103	104
3	104	105
3	105	106
3	106	107
3	107	108
3	108	109
3	109	110
3	110	111
3	111	112
3	112	113
3	113	114
3	114	115
3	115	116
3	116	117
3	117	118
3	118	119
3	119	120
3	120	121
3	121	122
3	122	123
3	123	124
3	124	125
3	125	126
3	126	127
3	127	128
3	128	129
3	129	130
3	130	131
3	131	132
3	132	133
3	133	134
3	134	135
3	135	136
3	136	137
3	137	138
3	138	139
3	139	140
3	140	141
3	141	142
3	142	143
3	143	144
3	144	145
3	145	146
3	146	147
3	147	148
3	148	149
3	149	150
3	150	151
3	151	152
3	152	153
3	153	154
3	154	155
3	155	156
3	156	157
3	157	158
3	158	159
3	159	160
3	160	161
3	161	162
3	162	163
3	163	164
3	164	165
3	165	166
3	166	167
3	167	168
3	168	169
3	169	170
3	170	171
3	171	172
3	172	173
3	173	174
3	174	175
3	175	176
3	176	177
3	177	178
3	178	179
3	179	180
3	180	181
3	181	182
3	182	183
3	183	184
3	184	185
3	185	186
3	186	187
3	187	188
3	188	189
3	189	190
3	190	191
3	191	192
3	192	193
3	193	194
3	194	195
3	195	196
3	196	197
3	197	198
3	198	199
MARKER_TAG= farfield
MARKER_ELEMS= 50
3	200	201
3	201	202
3	202	203
3	203	204
3	204	205
3	205	206
3	206	207
3	207	208
3	208	209
3	209	210
3	210	211
3	211	212
3	212	213
3	213	214
3	214	215
3	215	216
3	216	217
3	217	218
3	218	219
3	219	220
3	220	221
3	221	222
3	222	223
3	223	224
3	224	225
3	225	226
3	226	227
3	227	228
3	228	229
3	229	230
3	230	231
3	231	232
3	232	233
3	233	234
3	234	235
3	235	236
3	236	237
3	237	238
3	238	239
3	239	240
3	240	241
3	241	242
3	242	243
3	243	244
3	244	245
3	245	246
3	246	247
3	247	248
3	248	249
3	249	200
