NDIME= 2
NELEM= 10216
5	417	69	311	0
5	302	55	56	1
5	405	159	384	2
5	594	427	450	3
5	315	71	72	4
5	319	4	262	5
5	270	39	40	6
5	327	65	66	7
5	451	259	325	8
5	441	40	41	9
5	358	147	148	10
5	287	12	13	11
5	252	144	145	12
5	254	56	57	13
5	348	96	269	14
5	262	4	5	15
5	647	465	525	16
5	453	308	449	17
5	309	282	15	18
5	560	265	470	19
5	369	185	186	20
5	420	271	27	21
5	432	137	376	22
5	643	471	270	23
5	429	121	354	24
5	282	14	15	25
5	568	446	456	26
5	292	257	31	27
5	617	385	457	28
5	831	694	478	29
5	274	24	25	30
5	470	346	454	31
5	311	69	70	32
5	291	20	278	33
5	286	24	274	34
5	257	30	31	35
5	255	0	1	36
5	996	809	797	37
5	342	79	312	38
5	280	18	19	39
5	543	319	518	40
5	316	42	294	41
5	507	356	439	42
5	543	293	319	43
5	546	298	299	44
5	324	288	9	45
5	749	548	648	46
5	270	251	39	47
5	542	459	257	48
5	258	36	37	49
5	322	18	280	50
5	315	72	290	51
5	555	313	342	52
5	288	8	9	53
5	645	348	465	54
5	323	14	282	55
5	308	62	63	56
5	300	75	76	57
5	335	84	303	58
5	421	60	305	59
5	334	38	251	60
5	749	549	548	61
5	285	53	54	62
5	302	56	254	63
5	751	644	725	64
5	250	82	83	65
5	294	42	43	66
5	301	87	88	67
5	279	80	81	68
5	305	60	61	69
5	531	475	278	70
5	554	448	540	71
5	271	26	27	72
5	284	89	90	73
5	416	111	112	74
5	329	260	33	75
5	475	291	278	76
5	340	0	255	77
5	277	106	107	78
5	420	28	272	79
5	295	52	53	80
5	316	41	42	81
5	333	294	43	82
5	825	476	650	83
5	331	300	76	84
5	762	555	664	85
5	295	53	285	86
5	290	72	73	87
5	337	90	91	88
5	312	79	80	89
5	511	320	336	90
5	1041	890	895	91
5	555	342	464	92
5	946	762	848	93
5	564	314	556	94
5	345	52	295	95
5	335	250	83	96
5	449	63	64	97
5	338	254	57	98
5	842	642	557	99
5	338	57	58	100
5	517	256	293	101
5	259	101	102	102
5	512	281	350	103
5	348	95	96	104
5	441	270	40	105
5	361	177	178	106
5	266	99	100	107
5	510	451	325	108
5	580	353	413	109
5	372	115	116	110
5	367	117	118	111
5	357	151	349	112
5	412	375	127	113
5	639	273	436	114
5	381	157	158	115
5	492	368	430	116
5	377	147	358	117
5	400	173	390	118
5	437	365	182	119
5	406	161	253	120
5	403	253	162	121
5	395	181	365	122
5	397	175	393	123
5	408	157	381	124
5	619	408	381	125
5	401	386	166	126
5	399	388	170	127
5	834	690	450	128
5	585	377	358	129
5	387	163	164	130
5	404	165	386	131
5	353	112	113	132
5	424	321	109	133
5	363	252	145	134
5	363	145	146	135
5	481	429	354	136
5	607	393	484	137
5	1544	685	720	138
5	653	485	490	139
5	275	132	133	140
5	409	382	129	141
5	373	135	136	142
5	614	482	253	143
5	355	143	144	144
5	409	130	383	145
5	380	354	122	146
5	486	435	273	147
5	436	273	140	148
5	411	126	375	149
5	360	186	187	150
5	593	394	488	151
5	850	681	706	152
5	393	175	176	153
5	806	611	604	154
5	398	177	361	155
5	784	587	502	156
5	403	162	163	157
5	402	169	388	158
5	253	161	162	159
5	396	188	359	160
5	388	169	170	161
5	1083	868	726	162
5	390	173	174	163
5	484	393	398	164
5	356	195	196	165
5	380	122	123	166
5	432	373	136	167
5	375	126	127	168
5	412	128	382	169
5	357	150	151	170
5	355	144	252	171
5	364	141	142	172
5	624	483	375	173
5	435	139	273	174
5	482	479	406	175
5	424	110	351	176
5	623	412	382	177
5	595	501	352	178
5	325	259	102	179
5	328	46	296	180
5	269	96	97	181
5	1361	1264	1068	182
5	530	286	462	183
5	550	306	421	184
5	251	38	39	185
5	423	103	104	186
5	350	99	266	187
5	693	451	510	188
5	483	411	375	189
5	352	114	115	190
5	633	478	424	191
5	444	150	357	192
5	427	117	367	193
5	588	395	365	194
5	385	154	261	195
5	655	491	587	196
5	369	186	360	197
5	581	431	485	198
5	386	165	166	199
5	5232	5214	5229	200
5	508	503	443	201
5	5232	5226	5214	202
5	1099	878	1090	203
5	5231	207	5222	204
5	5231	206	207	205
5	5230	5210	5219	206
5	5230	5213	5210	207
5	5229	5199	5213	208
5	5229	5214	5199	209
5	5228	204	205	210
5	5228	5217	204	211
5	5225	5219	5200	212
5	5225	249	5219	213
5	5232	5229	202	214
5	5232	202	203	215
5	5227	247	248	216
5	5227	5196	5212	217
5	5224	5195	5209	218
5	5224	5202	5195	219
5	5223	225	226	220
5	5223	5220	225	221
5	5224	5228	205	222
5	5231	205	206	223
5	5221	5173	5203	224
5	5221	5201	5173	225
5	5220	5211	225	226
5	5220	5181	5211	227
5	5230	200	201	228
5	5230	5229	5213	229
5	5219	5210	5191	230
5	5225	5218	248	231
5	5231	5202	5224	232
5	5231	5222	5202	233
5	5216	227	228	234
5	5216	5208	227	235
5	5215	207	208	236
5	5222	5206	5189	237
5	5232	203	5226	238
5	5230	201	5229	239
5	5214	5205	5174	240
5	5229	201	202	241
5	5212	246	247	242
5	5221	246	5212	243
5	5211	5180	224	244
5	5211	5181	5180	245
5	5210	5152	5191	246
5	5210	5190	5152	247
5	5231	5224	205	248
5	5228	5224	5209	249
5	5223	5208	5185	250
5	5223	226	227	251
5	5207	5180	5166	252
5	5207	223	5180	253
5	5222	5189	5202	254
5	5222	5215	5206	255
5	5226	5205	5214	256
5	5217	5188	5205	257
5	5197	229	230	258
5	5197	5179	229	259
5	5203	5163	5193	260
5	5203	5173	5163	261
5	5215	208	209	262
5	5222	207	5215	263
5	5221	5212	5201	264
5	5221	245	246	265
5	5230	5219	200	266
5	5219	249	200	267
5	5205	5154	5174	268
5	5226	5217	5205	269
5	5198	221	222	270
5	5198	5186	221	271
5	5197	5121	5179	272
5	5197	5088	5121	273
5	5212	5196	5170	274
5	5201	5170	5145	275
5	5195	5140	5169	276
5	5195	5157	5140	277
5	5192	241	5168	278
5	5192	240	241	279
5	5193	5160	243	280
5	5193	5163	5160	281
5	5223	5185	5220	282
5	5211	224	225	283
5	5213	5199	5190	284
5	5225	248	249	285
5	5184	5150	218	286
5	5184	5127	5150	287
5	5183	212	5155	288
5	5183	211	212	289
5	5228	5209	5217	290
5	5209	5169	5188	291
5	5187	241	242	292
5	5187	5160	5139	293
5	5186	220	221	294
5	5186	5151	220	295
5	5220	5185	5161	296
5	5220	5161	5181	297
5	5184	219	5151	298
5	5184	5151	5127	299
5	5183	5155	5125	300
5	5149	210	211	301
5	5190	5113	5152	302
5	5182	5112	5162	303
5	5223	227	5208	304
5	5181	5167	5147	305
5	5180	223	224	306
5	5207	5166	5194	307
5	5216	5179	5177	308
5	5179	5158	5177	309
5	5178	5156	5135	310
5	5178	215	5156	311
5	5177	5158	5130	312
5	5179	228	229	313
5	5191	5129	5143	314
5	5227	5212	247	315
5	5204	5142	5175	316
5	5204	214	5178	317
5	5174	5118	5146	318
5	5174	5154	5118	319
5	5171	5144	238	320
5	5171	5116	5144	321
5	5171	5148	5116	322
5	5172	216	217	323
5	5171	238	239	324
5	5172	217	5150	325
5	5176	5133	5153	326
5	5218	5176	5196	327
5	5202	5189	5157	328
5	5226	204	5217	329
5	5194	5166	5131	330
5	5192	5138	5148	331
5	5167	5134	5122	332
5	5167	5161	5134	333
5	5166	5096	5131	334
5	5166	5147	5096	335
5	5165	5091	5123	336
5	5165	5130	5091	337
5	5198	5194	5164	338
5	5207	222	223	339
5	5201	5145	5173	340
5	5203	5193	244	341
5	5162	5108	5128	342
5	5162	5112	5108	343
5	5181	5147	5180	344
5	5208	5165	5185	345
5	5208	5177	5165	346
5	5216	5177	5208	347
5	5159	5087	5111	348
5	5159	5115	5087	349
5	5158	5105	5130	350
5	5192	5168	5138	351
5	5189	5114	5157	352
5	5206	5128	5189	353
5	5192	5148	240	354
5	5148	239	240	355
5	5155	5090	5125	356
5	5155	5132	5090	357
5	5154	5101	5118	358
5	5154	5119	5101	359
5	5153	5082	5124	360
5	5153	5133	5082	361
5	5191	5152	5129	362
5	5227	248	5218	363
5	5164	5107	5137	364
5	5151	219	220	365
5	5184	218	219	366
5	5150	217	218	367
5	5217	5209	5188	368
5	5182	5162	209	369
5	5178	214	215	370
5	5148	5138	5086	371
5	5207	5194	222	372
5	5147	5122	5096	373
5	5199	5174	5146	374
5	5219	5191	5200	375
5	5145	5098	5126	376
5	5145	5124	5098	377
5	5144	237	238	378
5	5144	5115	237	379
5	5152	5076	5129	380
5	5200	5191	5143	381
5	5175	5155	212	382
5	5183	5149	211	383
5	5141	5094	5061	384
5	5141	5121	5094	385
5	5215	5162	5206	386
5	5214	5174	5199	387
5	5139	5102	5100	388
5	5139	5120	5102	389
5	5187	242	243	390
5	5194	5131	5164	391
5	5198	5164	5186	392
5	5186	5164	5137	393
5	5197	5136	5088	394
5	5197	230	5136	395
5	5135	5047	5093	396
5	5135	5092	5047	397
5	5167	5122	5147	398
5	438	198	199	399
5	5161	5106	5134	400
5	1036	844	843	401
5	307	86	87	402
5	661	506	199	403
5	5189	5128	5114	404
5	508	443	356	405
5	5112	5074	5108	406
5	685	657	503	407
5	5156	5092	5135	408
5	508	356	507	409
5	5204	5178	5142	410
5	659	438	506	411
5	5161	5123	5106	412
5	439	356	196	413
5	5187	5139	5168	414
5	443	195	356	415
5	5177	5130	5165	416
5	485	431	433	417
5	5185	5123	5161	418
5	660	517	543	419
5	5129	5071	5081	420
5	385	153	154	421
5	5129	5076	5071	422
5	661	199	515	423
5	5190	5146	5113	424
5	5188	5169	5119	425
5	5186	5137	5151	426
5	354	121	122	427
5	5182	210	5149	428
5	416	351	111	429
5	5170	5124	5145	430
5	1230	1086	1051	431
5	5203	244	245	432
5	410	132	275	433
5	5183	5125	5149	434
5	415	108	321	435
5	5182	5149	5112	436
5	347	101	259	437
5	5124	5045	5098	438
5	318	89	284	439
5	5124	5082	5045	440
5	425	106	277	441
5	5187	5168	241	442
5	578	347	452	443
5	5180	5147	5166	444
5	325	102	103	445
5	5134	5097	5109	446
5	473	464	312	447
5	5134	5109	5122	448
5	769	737	516	449
5	5179	5121	5158	450
5	5158	5121	5141	451
5	5160	5120	5139	452
5	347	100	101	453
5	5168	5100	5138	454
5	445	95	348	455
5	5140	5103	5056	456
5	671	579	645	457
5	5205	5188	5154	458
5	303	84	85	459
5	5146	5118	5089	460
5	445	336	94	461
5	5146	5089	5113	462
5	721	509	477	463
5	5117	5077	5046	464
5	320	92	93	465
5	5117	234	5077	466
5	335	83	84	467
5	5116	5086	5064	468
5	447	82	250	469
5	5138	5100	5070	470
5	764	754	540	471
5	5159	236	237	472
5	339	71	315	473
5	5159	237	5115	474
5	306	58	59	475
5	5169	5140	5085	476
5	5140	5056	5085	477
5	5113	5052	5076	478
5	292	31	32	479
5	5113	5089	5052	480
5	419	12	287	481
5	5159	5111	236	482
5	288	268	8	483
5	5111	235	236	484
5	293	2	3	485
5	5128	5084	5114	486
5	293	256	2	487
5	5111	5087	5057	488
5	1394	1257	1239	489
5	5110	5048	5092	490
5	340	199	0	491
5	5110	5079	5048	492
5	1218	517	853	493
5	5109	5049	5038	494
5	729	460	521	495
5	5109	5097	5049	496
5	746	543	518	497
5	5149	5099	5112	498
5	5209	5195	5169	499
5	5107	5020	5063	500
5	5107	5068	5020	501
5	312	80	279	502
5	762	562	555	503
5	460	263	267	504
5	670	470	454	505
5	273	139	140	506
5	641	588	365	507
5	384	159	160	508
5	261	154	155	509
5	304	55	302	510
5	573	332	466	511
5	742	537	741	512
5	1505	888	1371	513
5	256	255	1	514
5	256	1	2	515
5	330	30	257	516
5	472	345	295	517
5	346	36	258	518
5	260	32	33	519
5	511	456	320	520
5	452	259	451	521
5	329	34	265	522
5	292	32	260	523
5	813	617	667	524
5	349	151	152	525
5	521	460	267	526
5	726	515	340	527
5	263	262	5	528
5	263	5	6	529
5	264	261	155	530
5	264	155	156	531
5	329	33	34	532
5	265	34	35	533
5	510	325	423	534
5	514	284	467	535
5	267	263	6	536
5	267	6	7	537
5	268	267	7	538
5	268	7	8	539
5	452	347	259	540
5	509	418	425	541
5	476	330	459	542
5	422	296	47	543
5	326	26	271	544
5	317	22	276	545
5	420	27	28	546
5	272	28	29	547
5	480	400	390	548
5	374	275	133	549
5	570	474	254	550
5	276	22	23	551
5	590	519	252	552
5	374	133	134	553
5	575	343	308	554
5	278	20	21	555
5	415	107	108	556
5	625	321	478	557
5	565	557	294	558
5	557	316	294	559
5	466	332	417	560
5	563	540	300	561
5	642	441	316	562
5	471	251	270	563
5	281	269	97	564
5	281	97	98	565
5	309	16	283	566
5	470	265	346	567
5	309	15	16	568
5	283	16	17	569
5	307	87	301	570
5	675	568	456	571
5	333	43	44	572
5	314	44	45	573
5	286	276	23	574
5	286	23	24	575
5	528	462	274	576
5	533	455	280	577
5	324	10	289	578
5	535	323	282	579
5	324	9	10	580
5	289	10	11	581
5	498	466	417	582
5	310	290	73	583
5	291	280	19	584
5	291	19	20	585
5	938	928	741	586
5	537	468	287	587
5	534	283	322	588
5	521	267	268	589
5	514	318	284	590
5	297	50	51	591
5	422	47	48	592
5	296	46	47	593
5	644	307	536	594
5	573	341	332	595
5	298	48	49	596
5	299	50	297	597
5	505	315	290	598
5	422	48	298	599
5	299	298	49	600
5	299	49	50	601
5	310	73	74	602
5	448	75	300	603
5	913	671	859	604
5	1110	871	1094	605
5	304	54	55	606
5	304	285	54	607
5	442	86	307	608
5	442	85	86	609
5	576	343	575	610
5	665	534	652	611
5	343	62	308	612
5	344	64	65	613
5	556	314	328	614
5	338	58	306	615
5	442	303	85	616
5	467	284	337	617
5	343	61	62	618
5	343	305	61	619
5	497	334	251	620
5	497	251	471	621
5	701	547	662	622
5	532	447	516	623
5	332	67	68	624
5	449	64	344	625
5	313	77	78	626
5	331	76	77	627
5	469	290	310	628
5	331	77	313	629
5	455	322	280	630
5	333	44	314	631
5	339	70	71	632
5	339	311	70	633
5	524	263	460	634
5	441	41	316	635
5	317	278	21	636
5	317	21	22	637
5	318	301	88	638
5	318	88	89	639
5	319	293	3	640
5	319	3	4	641
5	337	284	90	642
5	446	92	320	643
5	415	277	107	644
5	321	108	109	645
5	322	283	17	646
5	322	17	18	647
5	323	287	13	648
5	323	13	14	649
5	552	283	534	650
5	538	289	419	651
5	423	104	418	652
5	694	625	478	653
5	326	274	25	654
5	326	25	26	655
5	341	67	332	656
5	344	65	327	657
5	328	314	45	658
5	328	45	46	659
5	734	677	462	660
5	459	330	257	661
5	330	272	29	662
5	330	29	30	663
5	562	313	555	664
5	498	417	311	665
5	341	66	67	666
5	341	327	66	667
5	468	419	287	668
5	1362	1084	1218	669
5	334	258	37	670
5	334	37	38	671
5	897	675	861	672
5	540	448	300	673
5	336	320	93	674
5	336	93	94	675
5	547	318	514	676
5	768	567	566	677
5	756	520	651	678
5	461	421	305	679
5	652	534	455	680
5	746	660	543	681
5	753	741	535	682
5	1043	889	916	683
5	550	421	461	684
5	643	270	441	685
5	342	313	78	686
5	342	78	79	687
5	575	308	453	688
5	474	302	254	689
5	556	328	520	690
5	449	308	63	691
5	345	297	51	692
5	345	51	52	693
5	346	265	35	694
5	346	35	36	695
5	692	465	647	696
5	347	266	100	697
5	445	94	95	698
5	725	536	701	699
5	407	153	385	700
5	618	407	617	701
5	350	281	98	702
5	350	98	99	703
5	424	109	110	704
5	351	110	111	705
5	413	114	352	706
5	416	112	353	707
5	478	321	424	708
5	496	371	429	709
5	426	367	118	710
5	372	352	115	711
5	378	143	355	712
5	436	140	141	713
5	807	611	806	714
5	359	188	189	715
5	495	383	410	716
5	591	364	378	717
5	783	584	782	718
5	493	410	275	719
5	489	398	361	720
5	394	185	369	721
5	992	880	704	722
5	365	181	182	723
5	605	391	400	724
5	392	178	179	725
5	362	358	148	726
5	362	148	149	727
5	834	450	635	728
5	799	708	504	729
5	603	387	404	730
5	436	141	364	731
5	366	179	180	732
5	392	361	178	733
5	608	480	390	734
5	392	179	366	735
5	426	119	371	736
5	626	353	580	737
5	368	359	189	738
5	368	189	190	739
5	370	183	184	740
5	437	182	183	741
5	839	640	593	742
5	437	183	370	743
5	426	118	119	744
5	371	119	120	745
5	501	413	352	746
5	627	351	416	747
5	428	135	373	748
5	599	380	414	749
5	718	598	689	750
5	824	626	823	751
5	379	124	125	752
5	414	124	379	753
5	432	136	137	754
5	376	137	138	755
5	377	363	146	756
5	377	146	147	757
5	378	364	142	758
5	378	142	143	759
5	600	481	354	760
5	686	583	487	761
5	816	620	619	762
5	689	598	483	763
5	408	156	157	764
5	408	264	156	765
5	412	127	128	766
5	382	128	129	767
5	409	129	130	768
5	383	130	131	769
5	405	158	159	770
5	405	381	158	771
5	407	152	153	772
5	407	349	152	773
5	604	389	402	774
5	640	370	593	775
5	609	391	605	776
5	403	163	387	777
5	389	167	168	778
5	401	166	167	779
5	604	402	601	780
5	401	167	389	781
5	391	171	172	782
5	399	170	171	783
5	479	384	406	784
5	399	171	391	785
5	606	504	392	786
5	593	370	394	787
5	397	174	175	788
5	397	390	174	789
5	394	370	184	790
5	394	184	185	791
5	395	366	180	792
5	395	180	181	793
5	396	360	187	794
5	396	187	188	795
5	620	523	264	796
5	615	384	479	797
5	398	393	176	798
5	398	176	177	799
5	482	406	253	800
5	614	253	403	801
5	400	391	172	802
5	400	172	173	803
5	605	400	480	804
5	489	484	398	805
5	402	389	168	806
5	402	168	169	807
5	974	788	732	808
5	622	382	409	809
5	404	387	164	810
5	404	164	165	811
5	494	376	435	812
5	621	409	383	813
5	406	384	160	814
5	406	160	161	815
5	638	436	364	816
5	583	362	444	817
5	487	444	357	818
5	583	444	487	819
5	636	376	494	820
5	617	407	385	821
5	410	383	131	822
5	410	131	132	823
5	411	379	125	824
5	411	125	126	825
5	529	428	373	826
5	634	426	371	827
5	413	353	113	828
5	413	113	114	829
5	414	380	123	830
5	414	123	124	831
5	580	413	501	832
5	509	425	477	833
5	496	429	481	834
5	527	378	355	835
5	417	332	68	836
5	417	68	69	837
5	423	325	103	838
5	418	104	105	839
5	419	289	11	840
5	419	11	12	841
5	534	322	455	842
5	533	280	291	843
5	421	306	59	844
5	421	59	60	845
5	574	327	341	846
5	646	449	344	847
5	632	418	509	848
5	861	675	669	849
5	624	375	412	850
5	500	414	379	851
5	425	418	105	852
5	425	105	106	853
5	595	372	594	854
5	690	594	450	855
5	427	372	116	856
5	427	116	117	857
5	428	374	134	858
5	428	134	135	859
5	429	371	120	860
5	429	120	121	861
5	430	368	190	862
5	430	190	191	863
5	431	430	191	864
5	431	191	192	865
5	494	435	486	866
5	639	486	273	867
5	433	431	192	868
5	433	192	193	869
5	434	433	193	870
5	434	193	194	871
5	435	376	138	872
5	435	138	139	873
5	601	402	388	874
5	602	404	386	875
5	867	506	661	876
5	812	616	615	877
5	439	196	197	878
5	440	198	438	879
5	592	395	588	880
5	586	368	492	881
5	440	439	197	882
5	440	197	198	883
5	539	521	268	884
5	541	292	260	885
5	473	312	279	886
5	532	473	279	887
5	443	434	194	888
5	443	194	195	889
5	444	362	149	890
5	444	149	150	891
5	951	767	751	892
5	1051	856	915	893
5	446	337	91	894
5	446	91	92	895
5	447	279	81	896
5	447	81	82	897
5	448	310	74	898
5	448	74	75	899
5	526	295	285	900
5	569	306	550	901
5	450	427	367	902
5	635	450	367	903
5	884	790	690	904
5	791	781	501	905
5	978	793	977	906
5	902	702	717	907
5	646	453	449	908
5	577	344	327	909
5	454	346	258	910
5	497	458	334	911
5	628	272	476	912
5	629	463	271	913
5	456	446	320	914
5	951	751	856	915
5	457	385	261	916
5	523	457	261	917
5	458	454	258	918
5	458	258	334	919
5	476	272	330	920
5	462	286	274	921
5	825	628	476	922
5	736	475	531	923
5	548	302	474	924
5	544	345	472	925
5	528	326	463	926
5	679	524	666	927
5	528	274	326	928
5	463	326	271	929
5	464	342	312	930
5	775	498	572	931
5	465	348	269	932
5	698	512	513	933
5	754	554	540	934
5	737	532	516	935
5	567	250	335	936
5	532	279	447	937
5	539	268	288	938
5	538	419	468	939
5	572	498	311	940
5	505	290	469	941
5	561	541	260	942
5	542	257	292	943
5	843	643	642	944
5	631	520	296	945
5	544	297	345	946
5	520	328	296	947
5	701	536	547	948
5	536	307	301	949
5	548	304	302	950
5	526	472	295	951
5	531	317	522	952
5	533	291	475	953
5	628	420	272	954
5	629	271	420	955
5	477	425	277	956
5	499	477	277	957
5	499	277	415	958
5	698	513	578	959
5	615	405	384	960
5	523	261	264	961
5	610	601	388	962
5	862	707	655	963
5	635	426	634	964
5	634	371	496	965
5	705	479	482	966
5	792	597	687	967
5	598	411	483	968
5	600	354	380	969
5	607	397	393	970
5	608	390	397	971
5	808	797	602	972
5	488	394	369	973
5	596	493	275	974
5	596	275	374	975
5	590	252	363	976
5	519	355	252	977
5	988	802	801	978
5	587	360	396	979
5	798	592	789	980
5	800	607	484	981
5	490	485	433	982
5	490	433	434	983
5	491	488	369	984
5	491	369	360	985
5	502	396	359	986
5	587	491	360	987
5	730	457	523	988
5	495	410	493	989
5	711	529	637	990
5	597	428	529	991
5	835	636	710	992
5	621	383	495	993
5	822	689	483	994
5	635	367	426	995
5	771	570	569	996
5	770	569	550	997
5	571	315	505	998
5	776	466	716	999
5	717	625	694	1000
5	901	852	695	1001
5	821	623	820	1002
5	599	414	500	1003
5	627	416	626	1004
5	626	416	353	1005
5	706	581	654	1006
5	587	396	502	1007
5	503	490	434	1008
5	503	434	443	1009
5	504	489	361	1010
5	504	361	392	1011
5	571	339	315	1012
5	572	311	339	1013
5	506	438	199	1014
5	943	917	743	1015
5	685	503	508	1016
5	910	681	850	1017
5	654	485	653	1018
5	987	801	800	1019
5	663	578	452	1020
5	852	663	695	1021
5	1199	1020	1198	1022
5	724	647	525	1023
5	698	578	663	1024
5	722	632	656	1025
5	859	692	847	1026
5	525	281	512	1027
5	513	512	350	1028
5	513	350	266	1029
5	566	335	303	1030
5	516	447	250	1031
5	1219	658	1080	1032
5	515	199	340	1033
5	1038	845	780	1034
5	551	303	442	1035
5	668	256	517	1036
5	868	661	515	1037
5	543	517	293	1038
5	518	319	262	1039
5	584	362	583	1040
5	527	355	519	1041
5	545	297	544	1042
5	631	296	422	1043
5	740	652	455	1044
5	752	552	665	1045
5	531	278	317	1046
5	522	317	276	1047
5	616	405	615	1048
5	782	584	583	1049
5	524	518	262	1050
5	524	262	263	1051
5	525	465	269	1052
5	525	269	281	1053
5	549	304	548	1054
5	757	556	756	1055
5	839	593	683	1056
5	591	378	527	1057
5	665	552	534	1058
5	742	696	468	1059
5	637	432	636	1060
5	637	373	432	1061
5	530	522	276	1062
5	530	276	286	1063
5	874	700	731	1064
5	747	544	700	1065
5	673	662	514	1066
5	773	505	699	1067
5	829	631	630	1068
5	765	565	564	1069
5	553	535	282	1070
5	537	287	323	1071
5	553	309	552	1072
5	537	323	535	1073
5	567	335	566	1074
5	566	303	551	1075
5	760	560	672	1076
5	744	542	541	1077
5	559	539	288	1078
5	558	289	538	1079
5	559	324	558	1080
5	759	559	758	1081
5	554	310	448	1082
5	554	469	310	1083
5	561	329	560	1084
5	542	292	541	1085
5	674	522	530	1086
5	1017	828	748	1087
5	889	758	728	1088
5	1528	1266	1364	1089
5	545	299	297	1090
5	630	422	298	1091
5	748	546	545	1092
5	546	299	545	1093
5	844	714	471	1094
5	630	298	546	1095
5	547	536	301	1096
5	547	301	318	1097
5	549	285	304	1098
5	549	526	285	1099
5	700	544	472	1100
5	715	678	458	1101
5	569	338	306	1102
5	570	254	338	1103
5	751	551	644	1104
5	567	516	250	1105
5	553	282	309	1106
5	552	309	283	1107
5	745	459	542	1108
5	672	560	470	1109
5	780	577	574	1110
5	776	573	466	1111
5	562	331	313	1112
5	563	300	331	1113
5	763	562	762	1114
5	738	473	532	1115
5	565	333	564	1116
5	642	316	557	1117
5	559	288	324	1118
5	558	324	289	1119
5	679	518	524	1120
5	753	553	752	1121
5	561	260	329	1122
5	560	329	265	1123
5	746	518	679	1124
5	734	528	733	1125
5	953	769	768	1126
5	563	331	562	1127
5	846	453	646	1128
5	699	505	469	1129
5	565	294	333	1130
5	564	333	314	1131
5	777	574	573	1132
5	845	646	577	1133
5	1086	856	1051	1134
5	723	511	579	1135
5	723	579	671	1136
5	669	456	511	1137
5	568	467	337	1138
5	568	337	446	1139
5	761	744	541	1140
5	570	338	569	1141
5	750	549	749	1142
5	1667	1374	1548	1143
5	1136	946	1047	1144
5	572	339	571	1145
5	676	550	461	1146
5	846	649	453	1147
5	773	571	505	1148
5	574	341	573	1149
5	1142	954	953	1150
5	577	327	574	1151
5	576	305	343	1152
5	576	461	305	1153
5	1037	714	844	1154
5	829	651	631	1155
5	1039	846	845	1156
5	646	344	577	1157
5	578	513	266	1158
5	578	266	347	1159
5	579	511	336	1160
5	579	336	445	1161
5	790	594	690	1162
5	633	351	627	1163
5	581	492	430	1164
5	581	430	431	1165
5	582	487	357	1166
5	582	357	349	1167
5	584	358	362	1168
5	589	363	377	1169
5	712	495	493	1170
5	585	358	584	1171
5	688	494	486	1172
5	589	377	585	1173
5	586	502	359	1174
5	586	359	368	1175
5	1092	867	661	1176
5	802	703	480	1177
5	592	366	395	1178
5	606	392	366	1179
5	1030	905	688	1180
5	590	363	589	1181
5	840	641	640	1182
5	1154	968	910	1183
5	803	605	703	1184
5	638	364	591	1185
5	789	592	588	1186
5	606	366	592	1187
5	640	437	370	1188
5	641	365	437	1189
5	595	352	372	1190
5	594	372	427	1191
5	794	500	718	1192
5	796	481	600	1193
5	787	519	590	1194
5	838	688	486	1195
5	597	596	374	1196
5	597	374	428	1197
5	598	500	379	1198
5	598	379	411	1199
5	793	596	792	1200
5	600	380	599	1201
5	821	624	623	1202
5	793	712	493	1203
5	612	602	386	1204
5	613	403	387	1205
5	611	389	604	1206
5	603	404	602	1207
5	683	593	488	1208
5	613	387	603	1209
5	611	401	389	1210
5	612	386	401	1211
5	609	399	391	1212
5	610	388	399	1213
5	681	586	492	1214
5	707	491	655	1215
5	803	609	605	1216
5	608	397	607	1217
5	840	640	839	1218
5	983	798	789	1219
5	708	489	504	1220
5	610	399	609	1221
5	812	615	684	1222
5	684	615	479	1223
5	810	614	613	1224
5	612	401	611	1225
5	1032	840	839	1226
5	801	608	607	1227
5	709	489	708	1228
5	614	403	613	1229
5	788	527	732	1230
5	682	487	582	1231
5	616	381	405	1232
5	620	264	408	1233
5	1026	834	1025	1234
5	619	381	616	1235
5	618	349	407	1236
5	618	582	349	1237
5	686	487	682	1238
5	782	583	686	1239
5	732	527	519	1240
5	620	408	619	1241
5	787	732	519	1242
5	785	589	585	1243
5	687	597	529	1244
5	622	409	621	1245
5	820	623	622	1246
5	623	382	622	1247
5	1001	813	877	1248
5	624	412	623	1249
5	713	496	481	1250
5	702	477	499	1251
5	625	499	415	1252
5	625	415	321	1253
5	781	580	501	1254
5	633	424	351	1255
5	911	702	902	1256
5	721	477	702	1257
5	826	628	825	1258
5	629	420	628	1259
5	827	733	463	1260
5	883	666	729	1261
5	651	520	631	1262
5	631	422	630	1263
5	715	497	714	1264
5	740	455	533	1265
5	632	510	423	1266
5	632	423	418	1267
5	791	595	790	1268
5	831	478	633	1269
5	718	500	598	1270
5	796	713	481	1271
5	831	633	830	1272
5	1007	819	818	1273
5	637	529	373	1274
5	636	432	376	1275
5	813	618	617	1276
5	836	638	591	1277
5	797	603	602	1278
5	639	436	638	1279
5	811	705	482	1280
5	705	684	479	1281
5	903	684	705	1282
5	641	437	640	1283
5	654	581	485	1284
5	817	730	523	1285
5	649	575	453	1286
5	643	441	642	1287
5	778	575	649	1288
5	770	550	676	1289
5	644	551	442	1290
5	644	442	307	1291
5	645	579	445	1292
5	645	445	348	1293
5	950	766	765	1294
5	937	752	855	1295
5	695	452	451	1296
5	1220	1045	1048	1297
5	648	548	474	1298
5	772	648	474	1299
5	778	576	575	1300
5	772	474	570	1301
5	650	476	459	1302
5	745	650	459	1303
5	756	556	520	1304
5	844	471	643	1305
5	735	522	674	1306
5	759	743	539	1307
5	1219	507	658	1308
5	863	685	849	1309
5	1069	983	1031	1310
5	1318	1171	1317	1311
5	719	586	681	1312
5	784	655	587	1313
5	656	632	509	1314
5	721	656	509	1315
5	657	653	490	1316
5	657	490	503	1317
5	658	507	439	1318
5	658	439	440	1319
5	691	438	659	1320
5	691	440	438	1321
5	1063	942	889	1322
5	909	891	678	1323
5	668	255	256	1324
5	868	515	726	1325
5	662	547	514	1326
5	1115	1079	873	1327
5	695	451	693	1328
5	1022	694	831	1329
5	664	555	464	1330
5	738	532	737	1331
5	696	538	468	1332
5	666	524	460	1333
5	728	538	696	1334
5	758	558	728	1335
5	667	617	457	1336
5	730	667	457	1337
5	853	517	660	1338
5	727	255	668	1339
5	673	514	467	1340
5	675	456	669	1341
5	1018	829	828	1342
5	672	470	670	1343
5	723	669	511	1344
5	1012	781	976	1345
5	1086	951	856	1346
5	1040	875	649	1347
5	680	568	675	1348
5	680	467	568	1349
5	735	531	522	1350
5	739	533	475	1351
5	680	673	467	1352
5	915	856	725	1353
5	779	576	778	1354
5	779	676	461	1355
5	677	674	530	1356
5	677	530	462	1357
5	678	670	454	1358
5	678	454	458	1359
5	896	666	883	1360
5	1134	943	1133	1361
5	856	751	725	1362
5	915	701	871	1363
5	719	502	586	1364
5	784	502	719	1365
5	814	618	813	1366
5	814	582	618	1367
5	841	588	641	1368
5	703	605	480	1369
5	993	807	806	1370
5	704	604	601	1371
5	867	659	506	1372
5	720	685	508	1373
5	1028	837	836	1374
5	838	486	639	1375
5	710	494	688	1376
5	711	687	529	1377
5	710	636	494	1378
5	999	903	705	1379
5	818	495	712	1380
5	819	622	621	1381
5	832	496	713	1382
5	1202	1024	1023	1383
5	720	508	507	1384
5	691	658	440	1385
5	692	671	645	1386
5	692	645	465	1387
5	695	663	452	1388
5	1267	1109	914	1389
5	823	580	781	1390
5	830	633	627	1391
5	1107	902	1054	1392
5	901	695	693	1393
5	728	558	538	1394
5	729	666	460	1395
5	697	664	464	1396
5	697	464	473	1397
5	724	512	698	1398
5	724	525	512	1399
5	755	554	754	1400
5	716	466	498	1401
5	747	545	544	1402
5	828	630	546	1403
5	725	644	536	1404
5	738	697	473	1405
5	1198	1020	1013	1406
5	864	693	722	1407
5	805	704	601	1408
5	806	604	704	1409
5	804	609	803	1410
5	1366	1224	1264	1411
5	809	603	797	1412
5	995	808	994	1413
5	706	681	492	1414
5	706	492	581	1415
5	707	683	488	1416
5	707	488	491	1417
5	709	484	489	1418
5	802	480	608	1419
5	995	797	808	1420
5	800	484	709	1421
5	991	805	804	1422
5	993	806	880	1423
5	865	812	684	1424
5	1002	812	865	1425
5	818	621	495	1426
5	820	622	819	1427
5	832	634	496	1428
5	833	635	634	1429
5	715	458	497	1430
5	714	497	471	1431
5	925	739	736	1432
5	921	735	674	1433
5	774	571	773	1434
5	775	716	498	1435
5	717	702	499	1436
5	717	499	625	1437
5	794	599	500	1438
5	795	600	599	1439
5	910	719	681	1440
5	1032	839	879	1441
5	1070	1032	879	1442
5	1068	857	863	1443
5	1021	831	830	1444
5	1026	884	690	1445
5	722	693	510	1446
5	722	510	632	1447
5	1253	1102	1225	1448
5	1258	1059	1082	1449
5	1221	1059	852	1450
5	1057	698	663	1451
5	954	737	769	1452
5	1060	913	859	1453
5	1222	1093	868	1454
5	1061	888	932	1455
5	727	726	340	1456
5	727	340	255	1457
5	893	670	891	1458
5	930	745	744	1459
5	922	735	921	1460
5	1289	1124	1064	1461
5	815	616	812	1462
5	1062	900	905	1463
5	731	700	472	1464
5	731	472	526	1465
5	788	591	527	1466
5	837	639	638	1467
5	734	462	528	1468
5	733	528	463	1469
5	941	757	756	1470
5	1015	826	1014	1471
5	855	752	665	1472
5	736	531	735	1473
5	938	753	937	1474
5	739	475	736	1475
5	767	551	751	1476
5	875	778	649	1477
5	958	872	648	1478
5	960	774	959	1479
5	929	742	928	1480
5	740	533	739	1481
5	1407	1228	1294	1482
5	1810	1652	1504	1483
5	742	468	537	1484
5	741	537	535	1485
5	855	665	854	1486
5	1014	826	825	1487
5	743	729	521	1488
5	743	521	539	1489
5	761	561	760	1490
5	745	542	744	1491
5	1019	651	829	1492
5	935	750	749	1493
5	1139	941	1076	1494
5	1120	854	927	1495
5	931	650	745	1496
5	748	545	747	1497
5	1014	825	869	1498
5	828	546	748	1499
5	750	526	549	1500
5	750	731	526	1501
5	920	885	677	1502
5	927	652	740	1503
5	767	566	551	1504
5	769	516	567	1505
5	753	535	553	1506
5	752	553	552	1507
5	929	916	696	1508
5	1213	1035	1212	1509
5	755	469	554	1510
5	755	699	469	1511
5	948	754	764	1512
5	939	755	754	1513
5	757	564	556	1514
5	766	557	565	1515
5	941	756	851	1516
5	765	564	757	1517
5	759	539	559	1518
5	758	559	558	1519
5	1120	1085	854	1520
5	922	736	735	1521
5	761	541	561	1522
5	760	561	560	1523
5	956	771	770	1524
5	935	749	872	1525
5	763	563	562	1526
5	764	540	563	1527
5	959	774	773	1528
5	764	563	763	1529
5	963	777	776	1530
5	961	775	960	1531
5	891	670	678	1532
5	766	565	765	1533
5	1035	843	842	1534
5	842	557	766	1535
5	915	725	701	1536
5	768	566	767	1537
5	948	939	754	1538
5	769	567	768	1539
5	947	763	946	1540
5	1040	649	846	1541
5	872	749	648	1542
5	771	569	770	1543
5	956	770	955	1544
5	772	570	771	1545
5	965	778	875	1546
5	957	772	771	1547
5	774	572	571	1548
5	775	572	774	1549
5	952	767	951	1550
5	859	671	692	1551
5	871	701	662	1552
5	923	738	737	1553
5	873	664	697	1554
5	777	573	776	1555
5	873	848	664	1556
5	780	574	777	1557
5	779	461	576	1558
5	933	747	700	1559
5	1127	935	1067	1560
5	934	748	747	1561
5	946	763	762	1562
5	845	577	780	1563
5	823	626	580	1564
5	824	627	626	1565
5	783	585	584	1566
5	786	590	589	1567
5	1029	838	837	1568
5	785	585	783	1569
5	986	709	904	1570
5	985	904	708	1571
5	967	782	858	1572
5	786	589	785	1573
5	970	783	967	1574
5	787	590	786	1575
5	900	835	710	1576
5	973	732	787	1577
5	1011	689	822	1578
5	836	591	788	1579
5	798	606	592	1580
5	799	504	606	1581
5	791	501	595	1582
5	790	595	594	1583
5	1008	820	819	1584
5	1020	830	824	1585
5	793	493	596	1586
5	792	596	597	1587
5	1027	836	788	1588
5	906	835	900	1589
5	981	795	980	1590
5	795	599	794	1591
5	1020	824	1013	1592
5	796	600	795	1593
5	975	791	790	1594
5	976	791	975	1595
5	809	613	603	1596
5	811	482	614	1597
5	1081	850	876	1598
5	799	606	798	1599
5	969	862	655	1600
5	1257	1081	1239	1601
5	898	803	703	1602
5	801	607	800	1603
5	904	709	708	1604
5	802	608	801	1605
5	878	707	862	1606
5	998	811	810	1607
5	804	610	609	1608
5	805	601	610	1609
5	880	806	704	1610
5	805	610	804	1611
5	989	898	703	1612
5	1078	857	1068	1613
5	807	612	611	1614
5	808	602	612	1615
5	1209	1029	1208	1616
5	808	612	807	1617
5	1182	1002	1073	1618
5	877	813	667	1619
5	1253	1056	1102	1620
5	810	613	809	1621
5	1004	817	816	1622
5	811	614	810	1623
5	903	865	684	1624
5	1159	972	971	1625
5	815	619	616	1626
5	817	523	620	1627
5	814	682	582	1628
5	971	786	785	1629
5	882	792	687	1630
5	1102	1056	901	1631
5	879	683	878	1632
5	816	619	815	1633
5	1002	815	812	1634
5	817	620	816	1635
5	907	882	687	1636
5	1006	818	712	1637
5	977	793	792	1638
5	819	621	818	1639
5	1025	834	833	1640
5	822	624	821	1641
5	1025	833	1024	1642
5	822	483	624	1643
5	1012	823	781	1644
5	975	790	884	1645
5	979	718	881	1646
5	981	796	795	1647
5	1013	823	1012	1648
5	979	794	718	1649
5	976	781	791	1650
5	830	627	824	1651
5	826	629	628	1652
5	827	463	629	1653
5	1019	829	1018	1654
5	827	629	826	1655
5	869	825	650	1656
5	894	760	672	1657
5	949	757	941	1658
5	829	630	828	1659
5	1037	908	714	1660
5	1145	955	1144	1661
5	1056	852	901	1662
5	911	721	702	1663
5	901	693	864	1664
5	902	717	860	1665
5	982	796	981	1666
5	833	634	832	1667
5	977	792	882	1668
5	834	635	833	1669
5	967	783	782	1670
5	1104	907	906	1671
5	835	711	637	1672
5	835	637	636	1673
5	978	712	793	1674
5	837	638	836	1675
5	1030	688	838	1676
5	838	639	837	1677
5	1003	815	1002	1678
5	878	683	707	1679
5	1367	1092	1265	1680
5	841	641	840	1681
5	984	798	983	1682
5	841	789	588	1683
5	1226	1090	1156	1684
5	876	706	654	1685
5	921	674	885	1686
5	843	642	842	1687
5	931	869	650	1688
5	844	643	843	1689
5	894	672	893	1690
5	909	715	908	1691
5	870	773	699	1692
5	846	646	845	1693
5	961	716	775	1694
5	959	773	870	1695
5	847	692	647	1696
5	914	647	724	1697
5	848	762	664	1698
5	1138	1131	939	1699
5	1044	691	659	1700
5	1686	1371	1519	1701
5	1154	910	1049	1702
5	857	653	657	1703
5	851	756	651	1704
5	1148	872	958	1705
5	1082	724	1058	1706
5	914	847	647	1707
5	1506	863	1042	1708
5	1083	726	727	1709
5	854	665	652	1710
5	927	854	652	1711
5	1101	891	909	1712
5	1260	1100	1228	1713
5	954	923	737	1714
5	1308	1152	1307	1715
5	876	850	706	1716
5	887	653	857	1717
5	858	782	686	1718
5	899	858	686	1719
5	1231	1045	1220	1720
5	1507	1408	1431	1721
5	860	717	694	1722
5	1336	1191	1335	1723
5	1369	1220	1271	1724
5	1598	1554	1440	1725
5	968	719	910	1726
5	1156	862	969	1727
5	863	857	657	1728
5	863	657	685	1729
5	1162	975	884	1730
5	1167	980	1166	1731
5	1005	918	730	1732
5	1278	1105	1104	1733
5	866	864	722	1734
5	866	722	656	1735
5	1406	1093	1222	1736
5	1264	1224	1078	1737
5	1527	1061	932	1738
5	1371	888	1227	1739
5	1016	919	733	1740
5	885	674	677	1741
5	940	755	939	1742
5	962	716	961	1743
5	1140	952	951	1744
5	1094	890	1041	1745
5	1217	875	1040	1746
5	955	770	676	1747
5	924	738	923	1748
5	924	697	738	1749
5	936	750	935	1750
5	933	700	874	1751
5	1150	960	1149	1752
5	958	648	772	1753
5	1171	985	1170	1754
5	1155	968	1154	1755
5	1077	905	1030	1756
5	899	686	682	1757
5	879	839	683	1758
5	1033	840	1032	1759
5	1078	887	857	1760
5	1171	904	985	1761
5	990	803	898	1762
5	996	797	995	1763
5	881	718	689	1764
5	1011	881	689	1765
5	1006	712	978	1766
5	1010	822	821	1767
5	1135	945	944	1768
5	917	883	729	1769
5	980	794	979	1770
5	1024	833	832	1771
5	920	734	919	1772
5	925	736	922	1773
5	1508	720	886	1774
5	886	720	507	1775
5	887	876	654	1776
5	887	654	653	1777
5	932	679	896	1778
5	932	746	679	1779
5	917	729	743	1780
5	942	758	889	1781
5	890	871	662	1782
5	890	662	673	1783
5	893	672	670	1784
5	945	930	744	1785
5	892	861	669	1786
5	892	669	723	1787
5	1113	921	885	1788
5	944	760	894	1789
5	1046	944	894	1790
5	1195	1111	919	1791
5	895	890	673	1792
5	895	673	680	1793
5	932	888	746	1794
5	896	679	666	1795
5	897	895	680	1796
5	897	680	675	1797
5	990	804	803	1798
5	992	704	805	1799
5	1071	1000	1001	1800
5	1206	1027	974	1801
5	906	711	835	1802
5	907	687	711	1803
5	1108	1055	912	1804
5	1221	852	1056	1805
5	912	656	721	1806
5	912	721	911	1807
5	994	807	993	1808
5	1180	996	1179	1809
5	986	800	709	1810
5	989	703	802	1811
5	905	900	710	1812
5	905	710	688	1813
5	1190	881	1011	1814
5	907	711	906	1815
5	1187	1009	1008	1816
5	1165	978	977	1817
5	909	678	715	1818
5	908	715	714	1819
5	1123	1066	931	1820
5	1119	927	926	1821
5	968	784	719	1822
5	969	655	784	1823
5	1335	1163	1313	1824
5	912	866	656	1825
5	1229	1087	1109	1826
5	1205	884	1026	1827
5	913	892	723	1828
5	913	723	671	1829
5	1091	864	866	1830
5	1060	1050	913	1831
5	1269	1140	1086	1832
5	1151	961	1150	1833
5	916	889	728	1834
5	916	728	696	1835
5	943	759	942	1836
5	1228	1100	1134	1837
5	918	877	667	1838
5	918	667	730	1839
5	920	677	734	1840
5	919	734	733	1841
5	1144	964	1095	1842
5	1217	1096	875	1843
5	1146	957	956	1844
5	926	740	739	1845
5	1238	1076	1197	1846
5	1195	919	1016	1847
5	924	873	697	1848
5	1321	1177	1176	1849
5	1153	966	963	1850
5	1290	1128	1247	1851
5	1283	1112	1111	1852
5	926	739	925	1853
5	1121	929	928	1854
5	927	740	926	1855
5	1129	937	1065	1856
5	1085	855	854	1857
5	929	696	742	1858
5	928	742	741	1859
5	1063	889	1043	1860
5	1133	942	1063	1861
5	945	761	944	1862
5	931	745	930	1863
5	1123	930	945	1864
5	1065	937	855	1865
5	1286	1117	1284	1866
5	1604	1461	1460	1867
5	1283	1113	1112	1868
5	934	747	933	1869
5	1194	1016	1015	1870
5	1017	748	934	1871
5	936	731	750	1872
5	936	874	731	1873
5	1125	933	874	1874
5	1139	949	941	1875
5	938	741	753	1876
5	937	753	752	1877
5	1130	1121	928	1878
5	1227	888	1061	1879
5	940	699	755	1880
5	940	870	699	1881
5	1131	940	939	1882
5	1052	959	870	1883
5	949	765	757	1884
5	1034	842	766	1885
5	943	743	759	1886
5	942	759	758	1887
5	1368	1227	1061	1888
5	1124	932	896	1889
5	945	744	761	1890
5	944	761	760	1891
5	1117	925	922	1892
5	1123	945	1135	1893
5	947	764	763	1894
5	948	764	947	1895
5	1297	1136	1244	1896
5	1106	908	1037	1897
5	1095	964	965	1898
5	1304	1144	1240	1899
5	1149	960	959	1900
5	950	765	949	1901
5	1320	1176	1175	1902
5	1034	766	950	1903
5	952	768	767	1904
5	953	768	952	1905
5	1089	892	1050	1906
5	1282	1094	1236	1907
5	1430	1280	1373	1908
5	954	769	953	1909
5	1137	947	1136	1910
5	1151	962	961	1911
5	1146	956	1145	1912
5	1212	950	1139	1913
5	1152	962	1151	1914
5	957	771	956	1915
5	1197	1017	1196	1916
5	958	772	957	1917
5	1340	1126	1290	1918
5	1196	1017	934	1919
5	960	775	774	1920
5	962	776	716	1921
5	1110	1051	915	1922
5	963	776	962	1923
5	1094	871	890	1924
5	966	780	777	1925
5	1140	951	1086	1926
5	1425	1282	1370	1927
5	1079	1047	848	1928
5	966	777	963	1929
5	964	955	676	1930
5	964	676	779	1931
5	965	964	779	1932
5	965	779	778	1933
5	1298	1293	1131	1934
5	1038	780	966	1935
5	970	785	783	1936
5	972	787	786	1937
5	1169	983	1069	1938
5	969	784	968	1939
5	1173	987	986	1940
5	1090	878	862	1941
5	1182	1003	1002	1942
5	971	785	970	1943
5	1183	918	1005	1944
5	972	786	971	1945
5	1259	1087	1229	1946
5	973	787	972	1947
5	1179	995	994	1948
5	974	732	973	1949
5	1074	880	1178	1950
5	1027	788	974	1951
5	1185	1007	1006	1952
5	1013	824	823	1953
5	1347	1201	1346	1954
5	1343	1199	1198	1955
5	1172	986	904	1956
5	1007	818	1006	1957
5	1160	973	972	1958
5	1008	819	1007	1959
5	980	795	794	1960
5	982	713	796	1961
5	1168	981	1167	1962
5	1023	832	713	1963
5	1191	1012	976	1964
5	1205	1162	884	1965
5	1332	1188	1331	1966
5	1023	713	982	1967
5	984	799	798	1968
5	985	708	799	1969
5	1310	1226	1156	1970
5	985	799	984	1971
5	1318	1173	1172	1972
5	1176	989	1175	1973
5	1169	984	983	1974
5	987	800	986	1975
5	1178	991	1177	1976
5	988	801	987	1977
5	1177	991	990	1978
5	989	802	988	1979
5	1174	988	987	1980
5	1310	1156	1155	1981
5	1181	1073	903	1982
5	991	804	990	1983
5	1175	989	988	1984
5	992	805	991	1985
5	1170	984	1169	1986
5	1157	970	967	1987
5	994	808	807	1988
5	999	705	811	1989
5	1172	904	1171	1990
5	997	810	809	1991
5	1161	974	973	1992
5	1207	1028	1027	1993
5	1075	967	858	1994
5	997	809	996	1995
5	1101	1046	893	1996
5	998	810	997	1997
5	1584	1430	1509	1998
5	999	811	998	1999
5	1073	865	903	2000
5	1183	1098	918	2001
5	1000	899	682	2002
5	1000	682	814	2003
5	1001	1000	814	2004
5	1001	814	813	2005
5	1003	816	815	2006
5	1005	730	817	2007
5	1181	903	999	2008
5	1004	816	1003	2009
5	1178	880	992	2010
5	1005	817	1004	2011
5	1073	1002	865	2012
5	1183	1004	1182	2013
5	1189	1011	1010	2014
5	1009	821	820	2015
5	1104	906	1103	2016
5	1334	1250	1053	2017
5	1166	980	979	2018
5	1009	820	1008	2019
5	1203	1025	1024	2020
5	1010	821	1009	2021
5	1191	976	1163	2022
5	1011	822	1010	2023
5	1166	979	1053	2024
5	1168	982	981	2025
5	1192	1013	1012	2026
5	1021	830	1020	2027
5	1201	982	1168	2028
5	1022	831	1021	2029
5	1015	827	826	2030
5	1016	733	827	2031
5	1046	894	893	2032
5	1016	827	1015	2033
5	1212	1034	950	2034
5	1128	936	1127	2035
5	1135	944	1046	2036
5	1018	828	1017	2037
5	1106	1101	909	2038
5	1019	851	651	2039
5	1076	941	851	2040
5	1212	1035	1034	2041
5	1415	1056	1253	2042
5	1163	975	1162	2043
5	1349	1203	1348	2044
5	1022	860	694	2045
5	1091	866	1055	2046
5	1055	866	912	2047
5	1192	1012	1191	2048
5	1024	832	1023	2049
5	1164	977	882	2050
5	1026	690	834	2051
5	1184	1006	978	2052
5	1103	900	1062	2053
5	1179	996	995	2054
5	1105	882	907	2055
5	1072	899	1000	2056
5	1028	836	1027	2057
5	1180	998	997	2058
5	1029	837	1028	2059
5	1105	907	1104	2060
5	1030	838	1029	2061
5	1103	906	900	2062
5	1188	1010	1009	2063
5	1031	983	789	2064
5	1031	789	841	2065
5	1033	841	840	2066
5	1033	1031	841	2067
5	1355	1211	1210	2068
5	1517	1470	1397	2069
5	1076	851	1019	2070
5	1035	842	1034	2071
5	1118	926	925	2072
5	1036	843	1035	2073
5	1066	869	931	2074
5	1037	844	1036	2075
5	1085	1065	855	2076
5	1122	929	1121	2077
5	1136	947	946	2078
5	1039	845	1038	2079
5	1214	1038	966	2080
5	1040	846	1039	2081
5	1149	959	1052	2082
5	1216	1040	1039	2083
5	1050	892	913	2084
5	1422	1270	1246	2085
5	1042	863	849	2086
5	1044	659	867	2087
5	1436	1289	1260	2088
5	1122	916	929	2089
5	1256	691	1044	2090
5	1080	658	691	2091
5	1045	1041	895	2092
5	1045	895	897	2093
5	1101	893	891	2094
5	1106	1037	1213	2095
5	1047	946	848	2096
5	1273	1051	1110	2097
5	1048	1045	897	2098
5	1048	897	861	2099
5	1049	910	850	2100
5	1326	1073	1181	2101
5	1089	861	892	2102
5	1089	1048	861	2103
5	1143	923	954	2104
5	1079	848	873	2105
5	1132	940	1131	2106
5	1290	1126	1125	2107
5	1053	979	881	2108
5	1190	1053	881	2109
5	1054	902	860	2110
5	1200	1088	1022	2111
5	1108	911	1107	2112
5	1270	1050	1246	2113
5	1102	864	1091	2114
5	1102	901	864	2115
5	1058	698	1057	2116
5	1058	724	698	2117
5	1082	914	724	2118
5	1258	1057	1059	2119
5	1059	1057	663	2120
5	1059	663	852	2121
5	1246	1050	1060	2122
5	1345	1200	1344	2123
5	1356	1243	1212	2124
5	1124	896	1064	2125
5	1405	1310	1376	2126
5	1077	1062	905	2127
5	1064	896	883	2128
5	1294	1133	1223	2129
5	1443	1295	1377	2130
5	1134	917	943	2131
5	1193	1015	1014	2132
5	1338	1195	1194	2133
5	1111	920	919	2134
5	1066	1014	869	2135
5	1067	935	872	2136
5	1148	1067	872	2137
5	1097	887	1078	2138
5	1081	1049	850	2139
5	1210	1032	1070	2140
5	1211	1031	1033	2141
5	1210	1033	1032	2142
5	1211	1069	1031	2143
5	1249	1079	1248	2144
5	1157	967	1075	2145
5	1312	1160	1311	2146
5	1072	1000	1071	2147
5	1071	1001	877	2148
5	1182	1004	1003	2149
5	1181	998	1180	2150
5	1074	994	993	2151
5	1072	1075	858	2152
5	1378	1232	1353	2153
5	1139	950	949	2154
5	1127	936	935	2155
5	1158	970	1157	2156
5	1208	1029	1028	2157
5	1323	1074	1322	2158
5	1239	1097	1224	2159
5	1141	952	1140	2160
5	1231	1041	1045	2161
5	1550	1367	1265	2162
5	1754	1607	1753	2163
5	1126	933	1125	2164
5	1197	1018	1017	2165
5	1267	914	1082	2166
5	1281	1235	1055	2167
5	1289	1064	1260	2168
5	1233	867	1092	2169
5	1268	727	1084	2170
5	1084	727	668	2171
5	1112	920	1111	2172
5	1563	1452	1533	2173
5	1411	1259	1375	2174
5	1115	873	924	2175
5	1087	1060	859	2176
5	1087	859	847	2177
5	1088	1054	860	2178
5	1088	860	1022	2179
5	1449	1304	1448	2180
5	1303	1116	1143	2181
5	1099	879	878	2182
5	1099	1070	879	2183
5	1277	1103	1062	2184
5	1072	858	899	2185
5	1233	1044	867	2186
5	1222	868	1083	2187
5	1093	1092	661	2188
5	1093	661	868	2189
5	1110	915	871	2190
5	1270	1089	1050	2191
5	1144	955	964	2192
5	1145	956	955	2193
5	1096	1095	965	2194
5	1096	965	875	2195
5	1097	1081	876	2196
5	1097	876	887	2197
5	1098	1071	877	2198
5	1098	877	918	2199
5	1354	1070	1275	2200
5	1318	1172	1171	2201
5	1100	1064	883	2202
5	1100	883	917	2203
5	1262	1075	1072	2204
5	1382	1351	1350	2205
5	1179	994	1074	2206
5	1074	993	880	2207
5	1352	1207	1206	2208
5	1164	882	1105	2209
5	1322	1178	1316	2210
5	1165	977	1164	2211
5	1276	1071	1272	2212
5	1184	978	1165	2213
5	1106	909	908	2214
5	1357	1213	1243	2215
5	1108	912	911	2216
5	1107	911	902	2217
5	1721	1375	1577	2218
5	1383	1234	1254	2219
5	1109	1087	847	2220
5	1109	847	914	2221
5	1384	1220	1369	2222
5	1269	1086	1230	2223
5	1112	885	920	2224
5	1114	922	921	2225
5	1284	1117	1114	2226
5	1113	885	1112	2227
5	1338	1194	1193	2228
5	1114	921	1113	2229
5	1339	1283	1111	2230
5	1117	922	1114	2231
5	1385	1247	1306	2232
5	1141	953	952	2233
5	1116	1115	924	2234
5	1116	924	923	2235
5	1242	1065	1085	2236
5	1118	925	1117	2237
5	1389	1223	1237	2238
5	1119	926	1118	2239
5	1292	1130	1291	2240
5	1120	927	1119	2241
5	1439	1416	1288	2242
5	1255	1043	1122	2243
5	1130	938	1129	2244
5	1122	1043	916	2245
5	1433	1380	1286	2246
5	1589	1438	1510	2247
5	1123	931	930	2248
5	1193	1014	1066	2249
5	1286	1118	1117	2250
5	1287	1119	1286	2251
5	1126	934	933	2252
5	1197	1076	1019	2253
5	1295	1123	1135	2254
5	1196	934	1126	2255
5	1128	874	936	2256
5	1128	1125	874	2257
5	1452	1357	1387	2258
5	1450	1293	1446	2259
5	1130	928	938	2260
5	1129	938	937	2261
5	1337	1066	1296	2262
5	1435	1386	1241	2263
5	1132	870	940	2264
5	1132	1052	870	2265
5	1360	1216	1359	2266
5	1240	1144	1095	2267
5	1134	1100	917	2268
5	1133	943	942	2269
5	1511	1222	1420	2270
5	1953	1664	1706	2271
5	1285	1248	1115	2272
5	1245	1052	1293	2273
5	1137	948	947	2274
5	1138	939	948	2275
5	1293	1132	1131	2276
5	1138	948	1137	2277
5	1307	1152	1151	2278
5	1298	1131	1138	2279
5	1299	1076	1238	2280
5	1213	1037	1036	2281
5	1143	954	1142	2282
5	1142	953	1141	2283
5	1300	1141	1140	2284
5	1143	1116	923	2285
5	1557	1381	1552	2286
5	1297	1138	1137	2287
5	1365	1302	1301	2288
5	1586	1525	1380	2289
5	1240	1095	1096	2290
5	1147	958	957	2291
5	1308	1214	1153	2292
5	1245	1150	1149	2293
5	1304	1145	1144	2294
5	1147	957	1146	2295
5	1359	1214	1308	2296
5	1148	958	1147	2297
5	1360	1240	1096	2298
5	1411	1246	1259	2299
5	1150	961	960	2300
5	1152	963	962	2301
5	1305	1146	1304	2302
5	1153	963	1152	2303
5	1305	1148	1147	2304
5	1214	966	1153	2305
5	1359	1216	1215	2306
5	1215	1039	1038	2307
5	1306	1067	1148	2308
5	1307	1151	1150	2309
5	1155	969	968	2310
5	1156	1090	862	2311
5	1515	1080	1256	2312
5	1156	969	1155	2313
5	1899	1755	1754	2314
5	1274	1090	1226	2315
5	1158	971	970	2316
5	1209	1030	1029	2317
5	1232	1062	1077	2318
5	1159	971	1158	2319
5	1259	1060	1087	2320
5	1160	972	1159	2321
5	1329	1272	1098	2322
5	1161	973	1160	2323
5	1348	1203	1202	2324
5	1206	974	1161	2325
5	1163	976	975	2326
5	1199	1021	1020	2327
5	1333	1190	1189	2328
5	1200	1021	1199	2329
5	1277	1104	1103	2330
5	1185	1006	1184	2331
5	1346	1168	1315	2332
5	1186	1008	1007	2333
5	1167	981	980	2334
5	1201	1023	982	2335
5	1315	1168	1167	2336
5	1202	1023	1201	2337
5	1336	1192	1191	2338
5	1203	1024	1202	2339
5	1170	985	984	2340
5	1274	1099	1090	2341
5	1746	1600	1570	2342
5	1173	986	1172	2343
5	1462	1459	1321	2344
5	1174	987	1173	2345
5	1641	1426	1583	2346
5	1175	988	1174	2347
5	1239	1081	1097	2348
5	1176	990	898	2349
5	1355	1210	1354	2350
5	1176	898	989	2351
5	1252	1069	1211	2352
5	1317	1169	1252	2353
5	1317	1171	1170	2354
5	1177	990	1176	2355
5	1252	1169	1069	2356
5	1178	992	991	2357
5	1464	1322	1463	2358
5	1180	997	996	2359
5	1311	1159	1158	2360
5	1181	999	998	2361
5	1272	1071	1098	2362
5	1329	1098	1183	2363
5	1325	1181	1180	2364
5	1316	1178	1177	2365
5	1317	1170	1169	2366
5	1183	1005	1004	2367
5	1276	1072	1071	2368
5	1328	1183	1182	2369
5	1343	1198	1342	2370
5	1259	1246	1060	2371
5	1351	1313	1162	2372
5	1186	1007	1185	2373
5	1331	1186	1330	2374
5	1187	1008	1186	2375
5	1330	1185	1184	2376
5	1188	1009	1187	2377
5	1277	1062	1232	2378
5	1189	1010	1188	2379
5	1620	1456	1475	2380
5	1190	1011	1189	2381
5	1342	1192	1336	2382
5	1330	1186	1185	2383
5	1351	1162	1205	2384
5	1374	1253	1225	2385
5	1280	1107	1234	2386
5	1198	1013	1192	2387
5	1284	1114	1113	2388
5	1194	1015	1193	2389
5	1291	1129	1241	2390
5	1195	1016	1194	2391
5	1241	1129	1065	2392
5	1287	1120	1119	2393
5	1284	1113	1283	2394
5	1197	1019	1018	2395
5	1295	1135	1261	2396
5	1358	1106	1357	2397
5	1234	1107	1054	2398
5	1200	1022	1021	2399
5	1345	1254	1088	2400
5	1344	1199	1343	2401
5	1342	1198	1192	2402
5	1313	1163	1162	2403
5	1335	1191	1163	2404
5	1204	1026	1025	2405
5	1349	1204	1203	2406
5	1350	1205	1204	2407
5	1492	1312	1311	2408
5	1204	1025	1203	2409
5	1263	1157	1075	2410
5	1205	1026	1204	2411
5	1278	1164	1105	2412
5	1346	1201	1168	2413
5	1323	1179	1074	2414
5	1207	1027	1206	2415
5	1314	1184	1165	2416
5	1208	1028	1207	2417
5	1263	1158	1157	2418
5	1209	1077	1030	2419
5	1353	1209	1208	2420
5	1232	1077	1209	2421
5	1319	1175	1174	2422
5	1211	1033	1210	2423
5	1321	1316	1177	2424
5	1324	1179	1323	2425
5	1478	1296	1443	2426
5	1213	1036	1035	2427
5	1370	1282	1236	2428
5	1243	1213	1212	2429
5	1654	1531	1581	2430
5	1215	1038	1214	2431
5	1285	1115	1116	2432
5	1216	1039	1215	2433
5	1384	1231	1220	2434
5	1217	1040	1216	2435
5	1306	1247	1067	2436
5	1247	1127	1067	2437
5	1218	1084	668	2438
5	1218	668	517	2439
5	1521	1233	1367	2440
5	1219	886	507	2441
5	1271	1048	1089	2442
5	1271	1089	1270	2443
5	1403	1082	1059	2444
5	1403	1267	1082	2445
5	1264	1078	1068	2446
5	1260	1064	1100	2447
5	1223	1133	1063	2448
5	1514	1404	1416	2449
5	1224	1097	1078	2450
5	1562	1428	1538	2451
5	1225	1102	1091	2452
5	1235	1225	1091	2453
5	1495	1275	1426	2454
5	1309	1155	1154	2455
5	1420	1083	1268	2456
5	1519	1227	1518	2457
5	1436	1260	1417	2458
5	1439	1292	1438	2459
5	1423	1369	1271	2460
5	1423	1270	1422	2461
5	1236	1041	1231	2462
5	1558	1391	1557	2463
5	1236	1094	1041	2464
5	1273	1230	1051	2465
5	1319	1173	1318	2466
5	1278	1104	1277	2467
5	1684	1662	1401	2468
5	1265	1092	1093	2469
5	1235	1091	1055	2470
5	1476	1313	1382	2471
5	1281	1108	1280	2472
5	1628	1482	1627	2473
5	1365	1303	1302	2474
5	1647	1499	1646	2475
5	1237	1223	1063	2476
5	1237	1063	1043	2477
5	1340	1196	1126	2478
5	1290	1125	1128	2479
5	1251	1154	1049	2480
5	1309	1154	1251	2481
5	1399	1279	1358	2482
5	1247	1128	1127	2483
5	1292	1288	1121	2484
5	1255	1237	1043	2485
5	1242	1120	1287	2486
5	1242	1241	1065	2487
5	1356	1139	1299	2488
5	1261	1135	1046	2489
5	1244	1136	1047	2490
5	1248	1079	1115	2491
5	1293	1052	1132	2492
5	1307	1150	1245	2493
5	1375	1259	1229	2494
5	1391	1230	1381	2495
5	1304	1146	1145	2496
5	1305	1147	1146	2497
5	1249	1047	1079	2498
5	1249	1244	1047	2499
5	1447	1301	1300	2500
5	1568	1412	1564	2501
5	1315	1167	1250	2502
5	1250	1167	1166	2503
5	1559	1402	1080	2504
5	1426	1274	1396	2505
5	1275	1099	1274	2506
5	1319	1174	1173	2507
5	1419	1109	1267	2508
5	1419	1229	1109	2509
5	1254	1234	1054	2510
5	1254	1054	1088	2511
5	1573	1407	1565	2512
5	1438	1291	1386	2513
5	1379	1042	1266	2514
5	1256	1080	691	2515
5	1257	1251	1049	2516
5	1257	1049	1081	2517
5	1258	1082	1058	2518
5	1258	1058	1057	2519
5	1347	1202	1201	2520
5	1330	1184	1314	2521
5	1518	1227	1368	2522
5	1390	1294	1223	2523
5	1622	1443	1526	2524
5	1358	1101	1106	2525
5	1496	1457	1252	2526
5	1263	1075	1262	2527
5	1312	1206	1161	2528
5	1311	1158	1263	2529
5	1527	1368	1061	2530
5	1687	1512	1513	2531
5	1367	1233	1092	2532
5	1266	1042	849	2533
5	1460	1319	1318	2534
5	1664	1518	1368	2535
5	1415	1221	1056	2536
5	1548	1374	1408	2537
5	1530	1268	1084	2538
5	1268	1083	727	2539
5	1391	1269	1230	2540
5	1300	1140	1269	2541
5	1663	1415	1571	2542
5	1271	1220	1048	2543
5	1447	1300	1392	2544
5	1392	1300	1269	2545
5	1276	1262	1072	2546
5	1640	1494	1493	2547
5	1413	1249	1412	2548
5	1381	1230	1273	2549
5	1275	1070	1099	2550
5	1354	1210	1070	2551
5	1460	1318	1458	2552
5	1355	1252	1211	2553
5	1469	1429	1328	2554
5	1464	1323	1322	2555
5	1428	1232	1378	2556
5	1332	1189	1188	2557
5	1250	1166	1053	2558
5	1455	1311	1263	2559
5	1279	1261	1046	2560
5	1279	1046	1101	2561
5	1281	1055	1108	2562
5	1280	1108	1107	2563
5	1431	1281	1430	2564
5	1572	1419	1267	2565
5	1282	1273	1110	2566
5	1282	1110	1094	2567
5	1296	1123	1295	2568
5	1296	1066	1123	2569
5	1301	1141	1300	2570
5	1242	1085	1120	2571
5	1647	1500	1499	2572
5	1286	1119	1118	2573
5	1444	1297	1244	2574
5	1387	1357	1243	2575
5	1443	1296	1295	2576
5	1380	1287	1286	2577
5	1288	1255	1122	2578
5	1288	1122	1121	2579
5	1723	1688	1417	2580
5	1512	1289	1436	2581
5	1437	1247	1385	2582
5	1341	1197	1196	2583
5	1292	1121	1130	2584
5	1291	1130	1129	2585
5	1390	1223	1389	2586
5	1386	1291	1241	2587
5	1297	1137	1136	2588
5	1625	1437	1534	2589
5	1294	1228	1134	2590
5	1294	1134	1133	2591
5	1437	1290	1247	2592
5	1337	1193	1066	2593
5	1441	1338	1337	2594
5	1338	1193	1337	2595
5	1400	1248	1285	2596
5	1298	1138	1297	2597
5	1450	1245	1293	2598
5	1412	1248	1400	2599
5	1356	1212	1139	2600
5	1299	1139	1076	2601
5	1301	1142	1141	2602
5	1302	1143	1142	2603
5	1392	1269	1391	2604
5	1302	1142	1301	2605
5	1303	1285	1116	2606
5	1303	1143	1302	2607
5	1359	1215	1214	2608
5	1245	1149	1052	2609
5	1502	1448	1240	2610
5	1388	1299	1238	2611
5	1480	1290	1437	2612
5	1306	1148	1305	2613
5	1421	1303	1365	2614
5	1448	1304	1240	2615
5	1444	1244	1413	2616
5	1360	1096	1217	2617
5	1479	1432	1283	2618
5	1308	1153	1152	2619
5	1458	1318	1317	2620
5	1310	1155	1309	2621
5	1311	1160	1159	2622
5	1353	1208	1352	2623
5	1602	1455	1454	2624
5	1493	1352	1312	2625
5	1352	1206	1312	2626
5	1312	1161	1160	2627
5	1314	1164	1278	2628
5	1331	1188	1187	2629
5	1314	1165	1164	2630
5	1331	1187	1186	2631
5	1485	1345	1344	2632
5	1348	1202	1347	2633
5	1322	1074	1178	2634
5	1324	1180	1179	2635
5	1395	1224	1366	2636
5	1396	1274	1226	2637
5	2029	1881	2028	2638
5	1321	1176	1320	2639
5	1466	1325	1324	2640
5	1320	1175	1319	2641
5	1463	1322	1316	2642
5	1426	1275	1274	2643
5	1495	1355	1354	2644
5	1463	1316	1459	2645
5	1454	1263	1262	2646
5	1325	1180	1324	2647
5	1454	1262	1424	2648
5	1326	1181	1325	2649
5	1427	1272	1398	2650
5	1327	1182	1073	2651
5	1398	1272	1329	2652
5	1468	1327	1326	2653
5	1467	1326	1325	2654
5	1327	1073	1326	2655
5	1459	1316	1321	2656
5	1328	1182	1327	2657
5	1603	1457	1536	2658
5	1329	1183	1328	2659
5	1489	1347	1488	2660
5	1618	1471	1615	2661
5	1488	1347	1346	2662
5	1333	1189	1332	2663
5	1468	1326	1467	2664
5	1334	1053	1190	2665
5	1458	1317	1457	2666
5	1467	1325	1466	2667
5	1397	1278	1277	2668
5	1334	1190	1333	2669
5	1627	1477	1621	2670
5	1476	1335	1313	2671
5	1617	1475	1474	2672
5	1490	1349	1348	2673
5	1487	1315	1456	2674
5	1345	1088	1200	2675
5	1407	1294	1390	2676
5	1434	1287	1380	2677
5	1339	1195	1338	2678
5	1339	1111	1195	2679
5	1442	1338	1441	2680
5	1478	1441	1337	2681
5	1341	1238	1197	2682
5	1341	1196	1340	2683
5	1418	1261	1279	2684
5	1791	1645	1790	2685
5	1488	1346	1487	2686
5	1344	1200	1199	2687
5	1456	1315	1250	2688
5	1541	1383	1522	2689
5	1487	1346	1315	2690
5	1483	1343	1342	2691
5	1383	1373	1234	2692
5	1572	1267	1403	2693
5	1473	1332	1331	2694
5	1470	1278	1397	2695
5	1475	1456	1250	2696
5	1350	1204	1349	2697
5	1489	1348	1347	2698
5	1351	1205	1350	2699
5	1657	1549	1640	2700
5	1491	1382	1350	2701
5	1382	1313	1351	2702
5	1482	1336	1477	2703
5	1470	1314	1278	2704
5	1352	1208	1207	2705
5	1472	1330	1471	2706
5	1353	1232	1209	2707
5	1474	1333	1332	2708
5	1474	1334	1333	2709
5	1414	1251	1257	2710
5	1560	1516	1376	2711
5	1414	1257	1394	2712
5	1756	1609	1755	2713
5	1498	1387	1243	2714
5	1575	1377	1418	2715
5	1358	1279	1101	2716
5	1357	1106	1213	2717
5	1440	1385	1306	2718
5	1440	1306	1305	2719
5	1449	1440	1305	2720
5	1360	1217	1216	2721
5	1449	1305	1304	2722
5	1412	1249	1248	2723
5	1393	1256	1044	2724
5	1393	1044	1233	2725
5	1652	853	1504	2726
5	1420	1222	1083	2727
5	1363	1362	1218	2728
5	1363	1218	853	2729
5	1364	1266	849	2730
5	1544	849	685	2731
5	1413	1244	1249	2732
5	1446	1298	1445	2733
5	1545	1264	1361	2734
5	1406	1265	1093	2735
5	1658	1591	1592	2736
5	1544	720	1508	2737
5	1512	1372	1289	2738
5	1417	1260	1228	2739
5	1423	1271	1270	2740
5	1422	1246	1411	2741
5	1409	1231	1384	2742
5	1409	1236	1231	2743
5	1504	853	660	2744
5	1505	746	888	2745
5	1578	1084	1362	2746
5	1372	1124	1289	2747
5	1373	1280	1234	2748
5	1484	1344	1343	2749
5	1581	1423	1580	2750
5	1431	1408	1235	2751
5	1630	1485	1484	2752
5	1630	1484	1629	2753
5	1376	1310	1309	2754
5	1453	1309	1251	2755
5	1377	1295	1261	2756
5	1418	1377	1261	2757
5	1636	1491	1490	2758
5	1494	1352	1493	2759
5	1511	1406	1222	2760
5	1555	1404	1514	2761
5	1433	1284	1432	2762
5	1710	1555	1709	2763
5	1552	1425	1520	2764
5	1872	1727	1845	2765
5	1627	1482	1477	2766
5	1483	1342	1482	2767
5	1477	1335	1476	2768
5	1482	1342	1336	2769
5	1409	1370	1236	2770
5	1552	1381	1425	2771
5	1540	1410	1481	2772
5	1645	1387	1498	2773
5	1435	1242	1434	2774
5	1573	1417	1407	2775
5	1497	1299	1388	2776
5	1788	1543	1703	2777
5	1497	1356	1299	2778
5	1498	1243	1356	2779
5	1587	1434	1525	2780
5	1722	1573	1565	2781
5	1586	1433	1585	2782
5	1417	1228	1407	2783
5	1595	1392	1558	2784
5	1447	1365	1301	2785
5	1843	1670	1842	2786
5	1568	1413	1412	2787
5	1503	1401	1402	2788
5	1852	1707	1528	2789
5	1561	1405	1516	2790
5	1453	1251	1414	2791
5	1395	1394	1239	2792
5	1395	1239	1224	2793
5	1876	1731	1676	2794
5	1457	1317	1252	2795
5	1635	1490	1489	2796
5	1634	1488	1633	2797
5	1424	1262	1276	2798
5	1494	1353	1352	2799
5	1624	1432	1479	2800
5	1418	1279	1399	2801
5	1564	1400	1421	2802
5	1446	1293	1298	2803
5	1844	1689	1559	2804
5	1401	886	1219	2805
5	1402	1401	1219	2806
5	1402	1219	1080	2807
5	1403	1059	1221	2808
5	1801	1667	1548	2809
5	1404	1389	1237	2810
5	1404	1237	1255	2811
5	1405	1396	1226	2812
5	1405	1226	1310	2813
5	1706	1368	1527	2814
5	1665	1363	1652	2815
5	1525	1434	1380	2816
5	1590	1514	1416	2817
5	1408	1374	1225	2818
5	1408	1225	1235	2819
5	1593	1445	1444	2820
5	1596	1365	1447	2821
5	1410	1388	1238	2822
5	1410	1238	1341	2823
5	1571	1415	1253	2824
5	1553	1520	1370	2825
5	1595	1447	1392	2826
5	1569	1444	1413	2827
5	1792	1646	1599	2828
5	1534	1437	1385	2829
5	1608	1463	1607	2830
5	1453	1376	1309	2831
5	1571	1253	1374	2832
5	1576	1221	1415	2833
5	1416	1404	1255	2834
5	1416	1255	1288	2835
5	1556	1389	1555	2836
5	1521	1393	1233	2837
5	1586	1380	1433	2838
5	1767	1591	1658	2839
5	1802	1663	1571	2840
5	1702	1509	1541	2841
5	1668	1578	1362	2842
5	1669	1528	1364	2843
5	1421	1400	1285	2844
5	1421	1285	1303	2845
5	1531	1384	1369	2846
5	1581	1369	1423	2847
5	1579	1422	1411	2848
5	1670	1566	1531	2849
5	1582	1427	1532	2850
5	1538	1428	1378	2851
5	1425	1381	1273	2852
5	1425	1273	1282	2853
5	1536	1457	1496	2854
5	1642	1536	1496	2855
5	1427	1424	1276	2856
5	1427	1276	1272	2857
5	1428	1397	1277	2858
5	1428	1277	1232	2859
5	1429	1398	1329	2860
5	1429	1329	1328	2861
5	1431	1235	1281	2862
5	1430	1281	1280	2863
5	1580	1422	1579	2864
5	1548	1408	1507	2865
5	1433	1286	1284	2866
5	1432	1284	1283	2867
5	1768	1623	1767	2868
5	1770	1625	1672	2869
5	1435	1241	1242	2870
5	1434	1242	1287	2871
5	1555	1389	1404	2872
5	1565	1407	1390	2873
5	1542	1394	1395	2874
5	1565	1390	1556	2875
5	1480	1340	1290	2876
5	1481	1341	1340	2877
5	1439	1288	1292	2878
5	1438	1292	1291	2879
5	1803	1709	1739	2880
5	1738	1589	1673	2881
5	1445	1297	1444	2882
5	1500	1359	1308	2883
5	1442	1339	1338	2884
5	1479	1283	1339	2885
5	1591	1442	1441	2886
5	1479	1339	1442	2887
5	1478	1337	1296	2888
5	1598	1449	1597	2889
5	1445	1298	1297	2890
5	1501	1360	1359	2891
5	1646	1451	1599	2892
5	1499	1307	1451	2893
5	1599	1451	1450	2894
5	1500	1308	1499	2895
5	1580	1423	1422	2896
5	1577	1229	1419	2897
5	1451	1245	1450	2898
5	1499	1308	1307	2899
5	1794	1647	1793	2900
5	1804	1716	1791	2901
5	1451	1307	1245	2902
5	1501	1359	1500	2903
5	1599	1450	1523	2904
5	1543	1410	1540	2905
5	1452	1399	1358	2906
5	1452	1358	1357	2907
5	1676	1516	1656	2908
5	1608	1464	1463	2909
5	1562	1517	1397	2910
5	1455	1263	1454	2911
5	1607	1463	1459	2912
5	1492	1311	1455	2913
5	1471	1314	1470	2914
5	1471	1330	1314	2915
5	1495	1354	1275	2916
5	1496	1252	1355	2917
5	1561	1396	1405	2918
5	1604	1460	1537	2919
5	1461	1319	1460	2920
5	1465	1324	1323	2921
5	1461	1320	1319	2922
5	1462	1321	1320	2923
5	1609	1465	1464	2924
5	1462	1320	1461	2925
5	1607	1459	1606	2926
5	1676	1561	1516	2927
5	1611	1467	1466	2928
5	1613	1469	1468	2929
5	1612	1467	1611	2930
5	1465	1323	1464	2931
5	1610	1466	1465	2932
5	1466	1324	1465	2933
5	1606	1462	1605	2934
5	1469	1327	1468	2935
5	1605	1461	1604	2936
5	1469	1328	1327	2937
5	1537	1460	1458	2938
5	1750	1537	1699	2939
5	1640	1493	1639	2940
5	1757	1611	1610	2941
5	1473	1331	1472	2942
5	1472	1331	1330	2943
5	1615	1470	1517	2944
5	1617	1474	1616	2945
5	1636	1490	1635	2946
5	1474	1332	1473	2947
5	1762	1617	1616	2948
5	1582	1424	1427	2949
5	1475	1334	1474	2950
5	1475	1250	1334	2951
5	1606	1459	1462	2952
5	1605	1462	1461	2953
5	1477	1336	1335	2954
5	1486	1345	1485	2955
5	1751	1605	1604	2956
5	1621	1476	1539	2957
5	2080	1934	2079	2958
5	1585	1433	1432	2959
5	1588	1386	1435	2960
5	1650	1448	1502	2961
5	1481	1410	1341	2962
5	1481	1340	1480	2963
5	1543	1388	1410	2964
5	1648	1501	1500	2965
5	1484	1343	1483	2966
5	1485	1344	1484	2967
5	1629	1483	1628	2968
5	1631	1486	1485	2969
5	1628	1483	1482	2970
5	1486	1254	1345	2971
5	1774	1629	1628	2972
5	1486	1383	1254	2973
5	1780	1636	1635	2974
5	1634	1489	1488	2975
5	1562	1397	1428	2976
5	1490	1348	1489	2977
5	1633	1488	1487	2978
5	1491	1350	1349	2979
5	1633	1487	1632	2980
5	1615	1471	1470	2981
5	1752	1606	1605	2982
5	1491	1349	1490	2983
5	1773	1627	1772	2984
5	1621	1477	1476	2985
5	1760	1614	1613	2986
5	1493	1312	1492	2987
5	1601	1424	1582	2988
5	1494	1378	1353	2989
5	1860	1714	1700	2990
5	1616	1474	1473	2991
5	1570	1414	1394	2992
5	1496	1355	1495	2993
5	1807	1570	1653	2994
5	1786	1583	1731	2995
5	1533	1452	1387	2996
5	1498	1356	1497	2997
5	1645	1533	1387	2998
5	1643	1388	1543	2999
5	1649	1502	1501	3000
5	1502	1240	1360	3001
5	1648	1500	1647	3002
5	1569	1413	1568	3003
5	1558	1392	1391	3004
5	1502	1360	1501	3005
5	1524	1421	1365	3006
5	1564	1421	1524	3007
5	1814	1551	1696	3008
5	1515	1256	1393	3009
5	1519	1371	1227	3010
5	1849	1706	1687	3011
5	1505	1504	660	3012
5	1505	660	746	3013
5	1506	1068	863	3014
5	1506	1042	1379	3015
5	1584	1507	1431	3016
5	1541	1509	1373	3017
5	1809	1508	1662	3018
5	1546	1366	1545	3019
5	1584	1431	1430	3020
5	1509	1430	1373	3021
5	1510	1438	1386	3022
5	1588	1510	1386	3023
5	1685	1379	1529	3024
5	1556	1390	1389	3025
5	1810	1504	1505	3026
5	1687	1372	1512	3027
5	1513	1512	1436	3028
5	2136	1943	1816	3029
5	1590	1439	1589	3030
5	1735	1587	1525	3031
5	1559	1080	1515	3032
5	1689	1402	1559	3033
5	1516	1405	1376	3034
5	1867	1688	1723	3035
5	1997	1852	1669	3036
5	1506	1361	1068	3037
5	1695	1521	1367	3038
5	1691	1515	1393	3039
5	1956	1695	1853	3040
5	1951	1693	1848	3041
5	1520	1425	1370	3042
5	1812	1713	1743	3043
5	1948	1817	1818	3044
5	1578	1530	1084	3045
5	1541	1373	1383	3046
5	1522	1383	1486	3047
5	1523	1450	1446	3048
5	1594	1523	1446	3049
5	1593	1444	1569	3050
5	1564	1412	1400	3051
5	1587	1435	1434	3052
5	1588	1435	1587	3053
5	1526	1443	1377	3054
5	1575	1526	1377	3055
5	1527	932	1124	3056
5	1547	1362	1363	3057
5	1529	1266	1528	3058
5	1529	1379	1266	3059
5	1941	1692	1940	3060
5	1690	1361	1506	3061
5	1698	1420	1530	3062
5	1530	1420	1268	3063
5	1553	1370	1409	3064
5	1566	1384	1531	3065
5	1532	1427	1398	3066
5	1614	1535	1429	3067
5	1563	1399	1452	3068
5	1574	1418	1399	3069
5	1626	1540	1481	3070
5	1643	1497	1388	3071
5	1535	1532	1398	3072
5	1535	1398	1429	3073
5	1583	1396	1561	3074
5	1642	1496	1495	3075
5	1751	1604	1750	3076
5	1901	1756	1900	3077
5	1700	1538	1549	3078
5	1639	1493	1492	3079
5	1539	1476	1382	3080
5	1637	1382	1491	3081
5	1626	1480	1625	3082
5	1644	1498	1497	3083
5	1774	1628	1773	3084
5	1909	1765	1908	3085
5	1560	1376	1453	3086
5	1570	1394	1542	3087
5	1703	1543	1540	3088
5	1788	1643	1543	3089
5	1809	1364	1544	3090
5	1544	1364	849	3091
5	1858	1710	1709	3092
5	1545	1366	1264	3093
5	1817	1704	1705	3094
5	1818	1366	1546	3095
5	1527	1124	1372	3096
5	1819	1521	1695	3097
5	1567	1411	1375	3098
5	1579	1411	1567	3099
5	1549	1538	1378	3100
5	1549	1378	1494	3101
5	1853	1550	1697	3102
5	1691	1393	1521	3103
5	1551	1550	1265	3104
5	1551	1265	1406	3105
5	1557	1391	1381	3106
5	1596	1447	1595	3107
5	1741	1594	1593	3108
5	1659	1552	1520	3109
5	1554	1534	1385	3110
5	1554	1385	1440	3111
5	1735	1525	1680	3112
5	1910	1820	1734	3113
5	1944	1910	1912	3114
5	1799	1573	1722	3115
5	2023	1875	1874	3116
5	1850	1694	1708	3117
5	1712	1557	1711	3118
5	1711	1557	1552	3119
5	1660	1559	1515	3120
5	1691	1660	1515	3121
5	1600	1414	1570	3122
5	1656	1516	1560	3123
5	1583	1426	1396	3124
5	1641	1495	1426	3125
5	1824	1766	1782	3126
5	1900	1755	1899	3127
5	1770	1626	1625	3128
5	1574	1399	1563	3129
5	1822	1567	1721	3130
5	1729	1580	1579	3131
5	1680	1525	1586	3132
5	1736	1588	1587	3133
5	1566	1553	1409	3134
5	1566	1409	1384	3135
5	1720	1569	1568	3136
5	1718	1564	1524	3137
5	1719	1564	1718	3138
5	1594	1446	1445	3139
5	1742	1523	1594	3140
5	1712	1558	1557	3141
5	1600	1453	1414	3142
5	1600	1560	1453	3143
5	1577	1375	1229	3144
5	1701	1522	1681	3145
5	1822	1728	1567	3146
5	1576	1419	1572	3147
5	1688	1436	1417	3148
5	1826	1436	1688	3149
5	1797	1744	1597	3150
5	1575	1418	1574	3151
5	1675	1672	1534	3152
5	1882	1737	1736	3153
5	1576	1572	1403	3154
5	1576	1403	1221	3155
5	1727	1419	1576	3156
5	1667	1571	1374	3157
5	1945	1668	1547	3158
5	1668	1362	1547	3159
5	1775	1630	1629	3160
5	1720	1568	1719	3161
5	1887	1712	1711	3162
5	1581	1531	1369	3163
5	1713	1524	1596	3164
5	1670	1531	1654	3165
5	1601	1454	1424	3166
5	1638	1492	1455	3167
5	1807	1746	1570	3168
5	2072	1927	1876	3169
5	1727	1576	1663	3170
5	1729	1579	1728	3171
5	1623	1442	1591	3172
5	1624	1585	1432	3173
5	1820	1680	1734	3174
5	1930	1790	1789	3175
5	1829	1674	1742	3176
5	1716	1563	1533	3177
5	1830	1722	1565	3178
5	1717	1556	1710	3179
5	1590	1416	1439	3180
5	1589	1439	1438	3181
5	1709	1555	1514	3182
5	1880	1735	1680	3183
5	1623	1479	1442	3184
5	1624	1479	1623	3185
5	1592	1591	1441	3186
5	1592	1441	1478	3187
5	1932	1792	1839	3188
5	1594	1445	1593	3189
5	1793	1646	1792	3190
5	1745	1675	1554	3191
5	2012	1863	1958	3192
5	1596	1524	1365	3193
5	1741	1593	1740	3194
5	2078	1933	1932	3195
5	1598	1440	1449	3196
5	1597	1449	1448	3197
5	1890	1675	1745	3198
5	1724	1563	1716	3199
5	1646	1499	1451	3200
5	1649	1501	1648	3201
5	1876	1676	1800	3202
5	1891	1833	1747	3203
5	1748	1582	1678	3204
5	1602	1454	1601	3205
5	1784	1639	1638	3206
5	1638	1455	1602	3207
5	1603	1537	1458	3208
5	1603	1458	1457	3209
5	1677	1536	1661	3210
5	1612	1468	1467	3211
5	1759	1613	1612	3212
5	1753	1606	1752	3213
5	1758	1612	1611	3214
5	1609	1464	1608	3215
5	1677	1603	1536	3216
5	1610	1465	1609	3217
5	1755	1608	1754	3218
5	1613	1468	1612	3219
5	1785	1639	1784	3220
5	1749	1602	1601	3221
5	1761	1683	1535	3222
5	1611	1466	1610	3223
5	1759	1612	1758	3224
5	1614	1469	1613	3225
5	1755	1609	1608	3226
5	1614	1429	1469	3227
5	1699	1537	1603	3228
5	1841	1657	1785	3229
5	1904	1760	1759	3230
5	1678	1582	1532	3231
5	1619	1616	1473	3232
5	1620	1475	1617	3233
5	1619	1472	1618	3234
5	1632	1456	1620	3235
5	1781	1637	1636	3236
5	1632	1487	1456	3237
5	1619	1473	1472	3238
5	1618	1472	1471	3239
5	1753	1607	1606	3240
5	1715	1517	1562	3241
5	1777	1620	1765	3242
5	1682	1615	1679	3243
5	1775	1629	1774	3244
5	1631	1522	1486	3245
5	1622	1592	1478	3246
5	1622	1478	1443	3247
5	1767	1623	1591	3248
5	1769	1585	1624	3249
5	1768	1624	1623	3250
5	1989	1723	1799	3251
5	1626	1481	1480	3252
5	1625	1480	1437	3253
5	1937	1889	1744	3254
5	1725	1574	1724	3255
5	1702	1541	1701	3256
5	1629	1484	1483	3257
5	1681	1522	1631	3258
5	1921	1781	1780	3259
5	1776	1631	1630	3260
5	1778	1632	1777	3261
5	1772	1621	1766	3262
5	1631	1485	1630	3263
5	1879	1651	1733	3264
5	1732	1509	1702	3265
5	1773	1628	1627	3266
5	1635	1489	1634	3267
5	1682	1618	1615	3268
5	1765	1620	1617	3269
5	2099	1995	1957	3270
5	1637	1491	1636	3271
5	1772	1627	1621	3272
5	1637	1539	1382	3273
5	1779	1635	1634	3274
5	1781	1636	1780	3275
5	1765	1617	1762	3276
5	1777	1632	1620	3277
5	1908	1765	1762	3278
5	1639	1492	1638	3279
5	1679	1615	1517	3280
5	1640	1549	1494	3281
5	1763	1618	1682	3282
5	1700	1549	1657	3283
5	1661	1536	1642	3284
5	1642	1495	1641	3285
5	1699	1603	1677	3286
5	1787	1661	1642	3287
5	1934	1794	1933	3288
5	1644	1497	1643	3289
5	1724	1574	1563	3290
5	1645	1498	1644	3291
5	1832	1771	1770	3292
5	1726	1575	1725	3293
5	1792	1599	1674	3294
5	1796	1649	1795	3295
5	1797	1650	1796	3296
5	1650	1502	1649	3297
5	1931	1791	1790	3298
5	1650	1597	1448	3299
5	1675	1534	1554	3300
5	1711	1552	1659	3301
5	1719	1568	1564	3302
5	1796	1650	1649	3303
5	1651	1548	1507	3304
5	1733	1651	1507	3305
5	1665	1547	1363	3306
5	1652	1363	853	3307
5	1653	1570	1542	3308
5	2093	1857	1983	3309
5	1730	1581	1580	3310
5	1728	1579	1567	3311
5	1655	1546	1545	3312
5	1655	1545	1361	3313
5	1747	1600	1746	3314
5	1747	1560	1600	3315
5	1860	1700	1806	3316
5	1785	1640	1639	3317
5	1726	1671	1526	3318
5	1725	1575	1574	3319
5	1855	1701	1681	3320
5	1694	1520	1553	3321
5	1684	1401	1503	3322
5	2127	1997	1977	3323
5	1731	1561	1676	3324
5	1787	1642	1641	3325
5	1662	1508	886	3326
5	1662	886	1401	3327
5	1802	1571	1667	3328
5	1663	1576	1415	3329
5	1811	1696	1511	3330
5	1707	1529	1528	3331
5	1810	1505	1371	3332
5	1810	1371	1686	3333
5	1666	1658	1592	3334
5	1666	1592	1622	3335
5	1845	1727	1663	3336
5	1721	1567	1375	3337
5	1808	1519	1692	3338
5	1693	1530	1578	3339
5	1690	1655	1361	3340
5	1950	1687	1513	3341
5	1694	1659	1520	3342
5	1708	1566	1670	3343
5	1671	1666	1622	3344
5	1671	1622	1526	3345
5	1672	1625	1534	3346
5	1836	1788	1703	3347
5	1673	1589	1510	3348
5	1737	1673	1510	3349
5	1674	1599	1523	3350
5	1742	1674	1523	3351
5	1745	1598	1744	3352
5	1795	1649	1648	3353
5	1731	1583	1561	3354
5	1786	1641	1583	3355
5	1897	1752	1896	3356
5	1899	1754	1898	3357
5	1748	1601	1582	3358
5	1783	1638	1602	3359
5	1714	1538	1700	3360
5	1715	1679	1517	3361
5	1737	1588	1736	3362
5	1736	1587	1735	3363
5	1701	1541	1522	3364
5	1733	1584	1732	3365
5	1903	1759	1758	3366
5	1897	1753	1752	3367
5	1683	1678	1532	3368
5	1683	1532	1535	3369
5	2152	1977	1809	3370
5	1809	1544	1508	3371
5	1692	1519	1518	3372
5	1951	1854	1693	3373
5	1798	1692	1518	3374
5	1945	1848	1668	3375
5	1706	1664	1368	3376
5	2157	1867	1989	3377
5	1717	1565	1556	3378
5	1710	1556	1555	3379
5	2003	1844	1660	3380
5	1689	1503	1402	3381
5	1690	1506	1379	3382
5	1690	1379	1685	3383
5	1698	1511	1420	3384
5	1695	1367	1550	3385
5	1808	1686	1519	3386
5	1954	1685	1813	3387
5	1696	1551	1406	3388
5	1696	1406	1511	3389
5	1955	1842	1873	3390
5	2026	1651	1879	3391
5	1819	1691	1521	3392
5	1851	1691	1819	3393
5	1811	1511	1698	3394
5	1852	1528	1669	3395
5	2004	1697	1814	3396
5	1697	1550	1551	3397
5	1698	1530	1693	3398
5	1814	1697	1551	3399
5	1750	1604	1537	3400
5	1752	1605	1751	3401
5	1714	1562	1538	3402
5	1715	1562	1714	3403
5	1733	1507	1584	3404
5	1732	1584	1509	3405
5	1856	1701	1855	3406
5	1917	1774	1916	3407
5	1771	1626	1770	3408
5	1871	1671	1726	3409
5	1857	1653	1542	3410
5	1704	1542	1395	3411
5	1705	1704	1395	3412
5	1705	1395	1366	3413
5	1706	1527	1372	3414
5	1706	1372	1687	3415
5	1798	1518	1664	3416
5	1813	1685	1529	3417
5	1708	1694	1553	3418
5	1708	1553	1566	3419
5	1739	1590	1738	3420
5	1739	1514	1590	3421
5	1866	1717	1710	3422
5	2087	1799	1991	3423
5	1743	1595	1712	3424
5	1718	1524	1713	3425
5	1932	1793	1792	3426
5	1712	1595	1558	3427
5	1743	1596	1595	3428
5	1865	1719	1864	3429
5	2056	1909	1908	3430
5	1908	1762	1838	3431
5	1861	1714	1860	3432
5	2053	1906	1905	3433
5	1789	1643	1788	3434
5	1790	1645	1644	3435
5	1799	1723	1573	3436
5	1723	1417	1573	3437
5	2034	1865	2013	3438
5	1740	1593	1569	3439
5	1913	1703	1771	3440
5	1740	1569	1720	3441
5	2196	2050	2195	3442
5	1885	1720	1865	3443
5	1801	1548	1651	3444
5	2007	1855	2006	3445
5	2015	1858	2014	3446
5	1813	1529	1707	3447
5	2088	1513	2016	3448
5	1867	1826	1688	3449
5	1868	1724	1716	3450
5	1726	1526	1575	3451
5	2032	1884	1835	3452
5	2030	1882	2029	3453
5	1870	1726	1725	3454
5	1871	1828	1671	3455
5	1998	1802	1972	3456
5	1727	1577	1419	3457
5	1873	1842	1654	3458
5	1730	1580	1729	3459
5	1823	1659	1694	3460
5	1730	1654	1581	3461
5	2002	1843	2001	3462
5	2160	2001	2089	3463
5	1902	1757	1901	3464
5	1846	1677	1661	3465
5	1877	1732	1702	3466
5	2025	1878	1877	3467
5	1855	1681	1837	3468
5	1845	1663	1802	3469
5	1734	1680	1586	3470
5	1734	1586	1585	3471
5	2028	1880	1964	3472
5	1737	1510	1588	3473
5	1884	1739	1738	3474
5	1883	1835	1673	3475
5	1880	1680	1820	3476
5	1821	1767	1658	3477
5	1739	1709	1514	3478
5	1738	1590	1589	3479
5	1858	1709	1803	3480
5	1830	1565	1717	3481
5	1831	1711	1659	3482
5	1831	1659	1823	3483
5	1874	1729	1728	3484
5	1742	1594	1741	3485
5	1839	1674	1829	3486
5	1743	1713	1596	3487
5	1935	1795	1934	3488
5	1863	1713	1812	3489
5	1745	1554	1598	3490
5	1744	1598	1597	3491
5	1839	1792	1674	3492
5	1933	1793	1932	3493
5	1747	1656	1560	3494
5	1896	1751	1895	3495
5	2016	1513	1826	3496
5	1928	1827	1787	3497
5	1896	1752	1751	3498
5	1749	1601	1748	3499
5	2071	1926	1925	3500
5	1783	1602	1749	3501
5	1895	1750	1894	3502
5	1898	1754	1753	3503
5	1894	1699	1815	3504
5	1754	1608	1607	3505
5	1895	1751	1750	3506
5	1756	1610	1609	3507
5	2240	1866	2100	3508
5	1846	1661	1827	3509
5	1927	1731	1876	3510
5	1757	1610	1756	3511
5	1928	1787	1786	3512
5	1760	1613	1759	3513
5	1892	1748	1678	3514
5	1924	1783	1749	3515
5	1834	1678	1683	3516
5	1758	1611	1757	3517
5	1905	1761	1760	3518
5	1761	1614	1760	3519
5	1902	1758	1757	3520
5	1761	1535	1614	3521
5	1898	1753	1897	3522
5	1894	1750	1699	3523
5	2090	2040	1962	3524
5	1841	1806	1657	3525
5	1764	1619	1763	3526
5	1764	1616	1619	3527
5	1764	1762	1616	3528
5	1763	1619	1618	3529
5	1906	1834	1683	3530
5	2009	1860	1963	3531
5	1838	1762	1764	3532
5	1779	1634	1633	3533
5	1766	1621	1539	3534
5	1782	1637	1781	3535
5	1964	1880	1820	3536
5	1769	1624	1768	3537
5	2170	2020	2169	3538
5	1769	1734	1585	3539
5	1805	1658	1666	3540
5	1821	1658	1805	3541
5	1771	1540	1626	3542
5	1771	1703	1540	3543
5	1966	1840	1890	3544
5	1937	1797	1936	3545
5	1918	1775	1917	3546
5	1914	1766	1824	3547
5	1856	1702	1701	3548
5	1776	1630	1775	3549
5	2063	1918	2062	3550
5	2059	1915	1914	3551
5	2197	2052	2051	3552
5	1776	1681	1631	3553
5	2064	1968	1919	3554
5	1919	1777	1909	3555
5	1778	1633	1632	3556
5	1779	1633	1778	3557
5	1922	1778	1919	3558
5	1837	1681	1776	3559
5	1782	1766	1539	3560
5	1780	1635	1779	3561
5	1918	1837	1776	3562
5	1782	1539	1637	3563
5	1907	1763	1825	3564
5	2059	1914	1967	3565
5	1878	1732	1877	3566
5	1914	1772	1766	3567
5	1926	1785	1784	3568
5	1784	1638	1783	3569
5	1825	1763	1682	3570
5	1785	1657	1640	3571
5	1862	1847	1679	3572
5	1920	1780	1779	3573
5	2072	1876	1946	3574
5	1787	1641	1786	3575
5	2093	2008	1857	3576
5	2133	1983	1817	3577
5	1789	1644	1643	3578
5	1791	1533	1645	3579
5	1869	1724	1868	3580
5	1790	1644	1789	3581
5	1911	1767	1821	3582
5	1791	1716	1533	3583
5	1884	1738	1835	3584
5	1868	1716	1804	3585
5	1793	1647	1646	3586
5	1794	1648	1647	3587
5	1929	1788	1836	3588
5	1832	1672	1840	3589
5	1864	1718	1863	3590
5	1795	1648	1794	3591
5	2082	1937	1936	3592
5	1797	1597	1650	3593
5	2081	1936	1935	3594
5	1865	1720	1719	3595
5	1863	1718	1713	3596
5	1840	1672	1675	3597
5	1954	1690	1685	3598
5	1816	1655	1690	3599
5	1866	1710	1858	3600
5	1835	1738	1673	3601
5	1800	1676	1656	3602
5	2193	2047	2192	3603
5	1873	1654	1730	3604
5	2174	2027	2025	3605
5	1972	1802	1667	3606
5	2095	1969	2036	3607
5	1884	1803	1739	3608
5	2033	2014	1803	3609
5	2228	2101	2110	3610
5	1929	1789	1788	3611
5	1985	1821	1960	3612
5	2096	1944	1959	3613
5	1806	1700	1657	3614
5	1988	1957	1825	3615
5	1891	1747	1746	3616
5	2074	1827	1928	3617
5	1854	1698	1693	3618
5	1854	1811	1698	3619
5	1977	1669	1809	3620
5	1809	1669	1364	3621
5	1978	1810	1686	3622
5	2147	1810	1978	3623
5	1942	1811	1854	3624
5	1979	1696	1811	3625
5	1888	1743	1712	3626
5	1842	1670	1654	3627
5	2128	1814	1979	3628
5	1853	1695	1550	3629
5	2416	2244	2415	3630
5	1982	1547	1665	3631
5	1815	1699	1677	3632
5	1827	1661	1787	3633
5	1952	1686	1808	3634
5	1984	1503	1939	3635
5	2084	1717	1866	3636
5	1857	1542	1704	3637
5	1818	1817	1705	3638
5	1818	1705	1366	3639
5	1939	1689	1844	3640
5	1844	1559	1660	3641
5	2316	2175	2121	3642
5	1911	1768	1767	3643
5	1910	1734	1769	3644
5	2169	2019	2168	3645
5	1879	1733	1878	3646
5	1998	1845	1802	3647
5	1888	1712	1887	3648
5	1887	1711	1831	3649
5	1923	1782	1781	3650
5	1923	1781	1921	3651
5	1995	1907	1957	3652
5	2345	2207	2206	3653
5	1989	1867	1723	3654
5	1826	1513	1436	3655
5	1846	1815	1677	3656
5	1990	1815	1846	3657
5	1828	1805	1666	3658
5	1828	1666	1671	3659
5	1886	1741	1740	3660
5	1885	1740	1720	3661
5	2084	1830	1717	3662
5	1991	1722	1830	3663
5	2301	2155	2173	3664
5	2026	1801	1651	3665
5	2168	2018	2091	3666
5	1931	1790	1930	3667
5	1833	1800	1656	3668
5	1833	1656	1747	3669
5	2050	1902	2049	3670
5	1892	1678	1834	3671
5	1881	1735	1880	3672
5	1881	1736	1735	3673
5	1832	1770	1672	3674
5	1974	1965	1804	3675
5	1915	1772	1914	3676
5	1916	1774	1773	3677
5	2068	1921	2065	3678
5	1909	1777	1765	3679
5	1936	1797	1796	3680
5	2078	1932	1938	3681
5	1890	1745	1889	3682
5	1935	1796	1795	3683
5	1893	1748	1892	3684
5	1925	1784	1783	3685
5	1843	1708	1670	3686
5	1850	1823	1694	3687
5	2037	1887	1831	3688
5	1850	1708	1843	3689
5	2131	1854	1951	3690
5	1939	1503	1689	3691
5	1987	1874	1728	3692
5	1872	1577	1727	3693
5	2044	1897	1896	3694
5	2047	1900	1899	3695
5	1847	1825	1682	3696
5	1847	1682	1679	3697
5	1848	1693	1578	3698
5	1848	1578	1668	3699
5	2041	1815	1990	3700
5	2295	2148	1980	3701
5	2182	2035	2181	3702
5	2001	1842	1955	3703
5	2305	2127	2152	3704
5	1851	1660	1691	3705
5	1979	1811	1942	3706
5	1979	1814	1696	3707
5	2104	1956	1853	3708
5	2105	1851	2005	3709
5	1941	1808	1692	3710
5	1943	1655	1816	3711
5	1972	1667	1801	3712
5	1877	1702	1856	3713
5	2371	2265	2425	3714
5	2025	1877	1961	3715
5	2151	1746	1807	3716
5	2106	1971	1891	3717
5	1940	1692	1798	3718
5	2270	1989	2087	3719
5	1859	1829	1742	3720
5	1859	1742	1741	3721
5	1861	1715	1714	3722
5	1862	1679	1715	3723
5	2069	1893	2040	3724
5	1862	1715	1861	3725
5	2165	2163	2011	3726
5	2349	2123	2236	3727
5	1864	1719	1718	3728
5	1886	1740	1885	3729
5	2287	2160	2286	3730
5	1969	1829	1859	3731
5	2114	2078	1938	3732
5	1886	1859	1741	3733
5	2031	1835	1883	3734
5	2015	1866	1858	3735
5	2135	1953	2086	3736
5	1950	1849	1687	3737
5	1869	1725	1724	3738
5	1870	1725	1869	3739
5	2225	2080	2224	3740
5	2020	1871	1870	3741
5	2175	2028	2121	3742
5	1871	1726	1870	3743
5	1975	1960	1805	3744
5	2058	1993	1913	3745
5	2022	1872	1999	3746
5	1872	1721	1577	3747
5	1875	1729	1874	3748
5	2116	2012	1958	3749
5	1875	1730	1729	3750
5	1875	1873	1730	3751
5	1992	1831	1823	3752
5	2001	1843	1842	3753
5	1927	1786	1731	3754
5	1928	1786	1927	3755
5	1878	1733	1732	3756
5	1999	1872	1845	3757
5	2006	1855	1837	3758
5	2234	1987	2145	3759
5	2055	1838	1995	3760
5	1987	1728	1822	3761
5	1883	1737	1882	3762
5	1882	1736	1881	3763
5	1974	1804	1931	3764
5	1883	1673	1737	3765
5	2299	2154	2153	3766
5	2360	2223	2282	3767
5	1975	1805	1828	3768
5	1986	1910	1944	3769
5	2141	1986	2098	3770
5	2029	1882	1881	3771
5	2108	1958	1973	3772
5	2012	1864	1863	3773
5	2204	2058	2203	3774
5	2222	2077	2076	3775
5	1995	1838	1907	3776
5	1888	1812	1743	3777
5	2160	2002	2001	3778
5	2116	1958	2108	3779
5	1890	1840	1675	3780
5	1889	1745	1744	3781
5	2076	1929	2075	3782
5	1993	1836	1913	3783
5	2179	2033	2113	3784
5	2245	2151	2008	3785
5	1893	1749	1748	3786
5	1926	1784	1925	3787
5	1988	1825	1847	3788
5	1924	1749	1893	3789
5	2043	1895	2042	3790
5	2042	1894	2041	3791
5	2049	1901	2048	3792
5	1900	1756	1755	3793
5	2047	1899	2046	3794
5	2073	1927	2072	3795
5	2119	1990	2000	3796
5	1901	1757	1756	3797
5	2073	1928	1927	3798
5	1905	1760	1904	3799
5	2041	1894	1815	3800
5	2043	1896	1895	3801
5	2042	1895	1894	3802
5	1903	1758	1902	3803
5	2052	1905	1904	3804
5	1904	1759	1903	3805
5	2048	1900	2047	3806
5	2045	1897	2044	3807
5	2045	1898	1897	3808
5	1906	1761	1905	3809
5	2215	2124	2071	3810
5	1906	1683	1761	3811
5	2192	2047	2046	3812
5	2009	1861	1860	3813
5	2194	2049	2048	3814
5	2040	1892	1962	3815
5	1907	1838	1764	3816
5	1907	1764	1763	3817
5	1921	1780	1920	3818
5	1919	1778	1777	3819
5	2011	1847	1862	3820
5	2342	2201	2260	3821
5	1912	1768	1911	3822
5	2280	2015	2178	3823
5	1912	1769	1768	3824
5	1912	1910	1769	3825
5	1913	1836	1703	3826
5	1913	1771	1832	3827
5	2018	1869	1868	3828
5	1965	1868	1804	3829
5	1915	1773	1772	3830
5	1917	1775	1774	3831
5	2122	2059	1967	3832
5	1916	1773	1915	3833
5	2208	2063	2062	3834
5	1918	1776	1775	3835
5	2007	1961	1856	3836
5	2007	1856	1855	3837
5	2064	1919	1909	3838
5	2062	1917	2061	3839
5	2050	1903	1902	3840
5	1963	1860	1806	3841
5	1968	1922	1919	3842
5	2063	2006	1837	3843
5	2211	2107	2065	3844
5	1923	1824	1782	3845
5	1922	1920	1779	3846
5	1922	1779	1778	3847
5	2066	1922	1968	3848
5	2207	2061	2206	3849
5	2040	1893	1892	3850
5	1925	1783	1924	3851
5	2213	2069	2040	3852
5	1926	1841	1785	3853
5	2051	1904	1903	3854
5	2044	1896	2043	3855
5	2046	1899	1898	3856
5	2049	1902	1901	3857
5	2117	1946	1970	3858
5	2028	1881	1880	3859
5	2079	1933	2078	3860
5	1930	1789	1929	3861
5	2058	1832	2057	3862
5	1931	1804	1791	3863
5	2057	1840	1966	3864
5	2283	2115	2142	3865
5	1933	1794	1793	3866
5	1934	1795	1794	3867
5	2238	2114	2125	3868
5	1936	1796	1935	3869
5	2077	1930	2076	3870
5	2081	1935	2080	3871
5	2035	1885	2034	3872
5	1937	1744	1797	3873
5	2111	2057	1966	3874
5	2037	1831	1992	3875
5	2036	1859	1886	3876
5	1969	1947	1829	3877
5	1938	1932	1839	3878
5	2126	1969	2095	3879
5	2146	1852	1997	3880
5	2152	1662	1684	3881
5	1943	1546	1655	3882
5	2239	2085	2129	3883
5	2245	2008	2093	3884
5	2128	2004	1814	3885
5	1956	1819	1695	3886
5	2104	2005	1956	3887
5	2129	1546	1943	3888
5	1991	1799	1722	3889
5	1985	1959	1911	3890
5	2224	2079	2223	3891
5	2131	1942	1854	3892
5	2132	1848	1945	3893
5	1946	1876	1800	3894
5	1983	1857	1704	3895
5	1947	1938	1839	3896
5	1947	1839	1829	3897
5	2241	2093	1983	3898
5	1983	1704	1817	3899
5	1949	1948	1818	3900
5	1949	1818	1546	3901
5	2086	1849	1950	3902
5	1953	1706	1849	3903
5	2293	2097	1940	3904
5	2134	1808	1941	3905
5	2149	1978	1952	3906
5	1978	1686	1952	3907
5	2135	1940	1798	3908
5	1953	1798	1664	3909
5	2550	2304	2380	3910
5	1954	1816	1690	3911
5	2024	1875	2023	3912
5	2024	1873	1875	3913
5	2103	1844	2003	3914
5	2097	1941	1940	3915
5	1957	1907	1825	3916
5	2243	2138	2163	3917
5	1958	1863	1812	3918
5	2038	1888	1887	3919
5	1959	1944	1912	3920
5	1959	1912	1911	3921
5	1985	1911	1821	3922
5	1960	1821	1805	3923
5	1961	1877	1856	3924
5	2144	2026	1879	3925
5	1962	1892	1834	3926
5	2054	1962	1834	3927
5	2199	2053	2198	3928
5	2070	1925	1924	3929
5	2177	2030	2176	3930
5	2112	2032	2031	3931
5	2021	1975	1828	3932
5	2018	1868	1965	3933
5	2220	1993	2204	3934
5	2083	1937	2082	3935
5	1967	1914	1824	3936
5	2208	2062	2207	3937
5	2065	1921	1920	3938
5	2067	1824	1923	3939
5	2013	1864	2012	3940
5	2035	1886	1885	3941
5	1970	1946	1800	3942
5	1970	1800	1833	3943
5	1971	1970	1833	3944
5	1971	1833	1891	3945
5	2144	1879	2027	3946
5	2145	1987	1822	3947
5	1973	1958	1812	3948
5	1973	1812	1888	3949
5	2075	1836	1993	3950
5	2076	1930	1929	3951
5	2019	1869	2018	3952
5	2019	1870	1869	3953
5	1976	1963	1806	3954
5	1976	1806	1841	3955
5	1997	1669	1977	3956
5	2244	2127	2229	3957
5	1982	1945	1547	3958
5	2150	1945	1982	3959
5	2005	1851	1819	3960
5	2004	1853	1697	3961
5	2148	2136	1954	3962
5	1980	1813	1707	3963
5	1981	1980	1707	3964
5	1981	1707	1852	3965
5	2296	2289	2149	3966
5	2134	1952	1808	3967
5	2379	2167	2233	3968
5	2008	1653	1857	3969
5	2152	1684	1984	3970
5	1984	1684	1503	3971
5	2220	2075	1993	3972
5	2221	2076	2075	3973
5	1986	1964	1820	3974
5	1986	1820	1910	3975
5	2185	2108	1973	3976
5	2375	2370	2262	3977
5	2010	1861	2009	3978
5	2010	1862	1861	3979
5	2217	2072	1946	3980
5	2157	2017	1867	3981
5	2074	1928	2073	3982
5	2217	1946	2117	3983
5	2113	2032	2112	3984
5	2008	1807	1653	3985
5	2038	1973	1888	3986
5	2038	1887	2037	3987
5	2075	1929	1836	3988
5	2077	1931	1930	3989
5	1994	1976	1841	3990
5	1994	1841	1926	3991
5	2055	1908	1838	3992
5	2064	1909	2056	3993
5	1996	1992	1823	3994
5	1996	1823	1850	3995
5	2103	1939	1844	3996
5	2003	1660	1851	3997
5	2022	1822	1721	3998
5	1999	1845	1998	3999
5	2172	1999	2159	4000
5	2022	1721	1872	4001
5	2000	1990	1846	4002
5	2000	1846	1827	4003
5	2002	1850	1843	4004
5	2002	1996	1850	4005
5	2320	2166	2310	4006
5	2161	2102	1996	4007
5	2128	1979	1942	4008
5	2005	1819	1956	4009
5	2369	1941	2097	4010
5	2147	1652	1810	4011
5	2105	2003	1851	4012
5	2684	2517	2518	4013
5	2060	1915	2059	4014
5	2061	1917	1916	4015
5	2212	2068	2107	4016
5	2422	2260	2276	4017
5	2249	2087	1991	4018
5	2084	1991	1830	4019
5	2202	2055	2201	4020
5	2011	1862	2010	4021
5	2213	2040	2090	4022
5	2011	1988	1847	4023
5	2092	2009	1963	4024
5	2371	2308	2250	4025
5	2013	1865	1864	4026
5	2034	1885	1865	4027
5	2185	1973	2038	4028
5	2036	1886	2035	4029
5	2100	1866	2015	4030
5	2014	1858	1803	4031
5	2033	1884	2032	4032
5	2240	2084	1866	4033
5	2136	1816	1954	4034
5	2135	1798	1953	4035
5	2017	2016	1826	4036
5	2017	1826	1867	4037
5	2021	1871	2020	4038
5	2020	1870	2019	4039
5	2154	1959	1985	4040
5	2021	1828	1871	4041
5	2098	1944	2096	4042
5	2121	2028	1964	4043
5	2450	2311	2372	4044
5	2203	2057	2111	4045
5	2109	1801	2026	4046
5	2109	1972	1801	4047
5	2027	1878	2025	4048
5	2024	1955	1873	4049
5	2102	1992	1996	4050
5	2324	2184	2183	4051
5	2314	2246	2172	4052
5	2253	1972	2109	4053
5	2159	1999	1998	4054
5	2027	1879	1878	4055
5	2166	2012	2116	4056
5	2183	2037	1992	4057
5	2031	1883	2030	4058
5	2030	1883	1882	4059
5	2153	1960	2130	4060
5	2171	1975	2021	4061
5	2168	2019	2018	4062
5	2032	1835	2031	4063
5	2098	1986	1944	4064
5	2255	2113	2254	4065
5	2033	1803	1884	4066
5	2268	2141	2098	4067
5	2176	2029	2175	4068
5	2176	2030	2029	4069
5	2373	2256	2283	4070
5	2363	2226	2362	4071
5	2273	2228	2110	4072
5	2036	1969	1859	4073
5	2362	2225	2361	4074
5	2223	2078	2114	4075
5	2156	2023	1874	4076
5	2205	2060	2059	4077
5	2374	2263	2350	4078
5	2856	2731	2765	4079
5	2039	1966	1890	4080
5	2039	1890	1889	4081
5	2069	1924	1893	4082
5	2071	1925	2070	4083
5	2188	2042	2187	4084
5	2189	2043	2188	4085
5	2186	1990	2119	4086
5	2046	1898	2045	4087
5	2190	2045	2044	4088
5	2336	2195	2194	4089
5	2218	2072	2217	4090
5	2048	1901	1900	4091
5	2186	2041	1990	4092
5	2195	2049	2194	4093
5	2187	2041	2186	4094
5	2053	1905	2052	4095
5	2187	2042	2041	4096
5	2188	2043	2042	4097
5	2190	2044	2189	4098
5	2051	1903	2050	4099
5	2199	2054	2053	4100
5	2052	1904	2051	4101
5	2198	2052	2197	4102
5	2192	2046	2191	4103
5	2189	2044	2043	4104
5	2054	1906	2053	4105
5	2196	2051	2050	4106
5	2054	1834	1906	4107
5	2140	2092	1963	4108
5	2352	2213	2351	4109
5	2164	2009	2092	4110
5	2164	2010	2009	4111
5	2210	2064	2056	4112
5	2056	1908	2055	4113
5	2236	2123	2200	4114
5	2165	2010	2164	4115
5	2058	1913	1832	4116
5	2057	1832	1840	4117
5	2115	1966	2039	4118
5	2223	2079	2078	4119
5	2060	1916	1915	4120
5	2063	1837	1918	4121
5	2062	1918	1917	4122
5	2061	1916	2060	4123
5	2303	2094	2262	4124
5	2346	2207	2345	4125
5	2285	2143	2261	4126
5	2139	1961	2007	4127
5	2139	2094	1961	4128
5	2205	2059	2122	4129
5	2201	1995	2099	4130
5	2206	2060	2205	4131
5	2285	2122	2143	4132
5	2067	1967	1824	4133
5	2066	2065	1920	4134
5	2066	1920	1922	4135
5	2107	2068	2065	4136
5	2201	2055	1995	4137
5	2068	2067	1923	4138
5	2068	1923	1921	4139
5	2090	2054	2199	4140
5	2070	1924	2069	4141
5	2419	2144	2315	4142
5	2071	1994	1926	4143
5	2448	2308	2371	4144
5	2475	2336	2474	4145
5	2191	2045	2190	4146
5	2074	2000	1827	4147
5	2219	2073	2218	4148
5	2266	1971	2106	4149
5	2331	2189	2330	4150
5	2194	2048	2193	4151
5	2299	2153	2298	4152
5	2627	2494	2502	4153
5	2171	2130	1975	4154
5	2077	1974	1931	4155
5	2377	2274	2300	4156
5	2298	2153	2130	4157
5	2079	1934	1933	4158
5	2080	1935	1934	4159
5	2180	2034	2013	4160
5	2083	1889	1937	4161
5	2183	1992	2102	4162
5	2166	2013	2012	4163
5	2115	2111	1966	4164
5	2082	1936	2081	4165
5	2227	2142	2083	4166
5	2083	2039	1889	4167
5	2343	2203	2111	4168
5	2226	2081	2225	4169
5	2085	1948	1949	4170
5	2086	1953	1849	4171
5	2270	2157	1989	4172
5	2087	1989	1799	4173
5	2167	2088	2016	4174
5	2369	2134	1941	4175
5	2151	1807	2008	4176
5	2133	1817	1948	4177
5	2386	2135	2086	4178
5	2088	1950	1513	4179
5	2089	2001	1955	4180
5	2155	2089	1955	4181
5	2330	2188	2329	4182
5	2337	2196	2195	4183
5	2091	2018	1965	4184
5	2237	2130	2171	4185
5	2140	1976	2120	4186
5	2215	2071	2070	4187
5	2271	2086	1950	4188
5	2429	2271	2304	4189
5	2094	2025	1961	4190
5	2478	2272	2339	4191
5	2182	2036	2035	4192
5	2181	2035	2034	4193
5	2154	2096	1959	4194
5	2130	1960	1975	4195
5	2167	2016	2017	4196
5	2148	1813	1980	4197
5	2275	2141	2268	4198
5	2496	2361	2360	4199
5	2696	2564	2520	4200
5	2341	2200	2210	4201
5	2178	2015	2014	4202
5	2555	2432	2280	4203
5	2101	2091	1965	4204
5	2101	1965	1974	4205
5	2161	2002	2160	4206
5	2324	2183	2251	4207
5	2388	2148	2295	4208
5	2278	2003	2105	4209
5	2384	2105	2277	4210
5	2104	1853	2004	4211
5	2152	1809	1662	4212
5	2158	1939	2103	4213
5	2113	2033	2032	4214
5	2279	2119	2216	4215
5	2211	2066	2123	4216
5	2202	2056	2055	4217
5	2184	2037	2183	4218
5	2306	2102	2161	4219
5	2314	2159	2253	4220
5	2145	1822	2022	4221
5	2110	2101	1974	4222
5	2110	1974	2077	4223
5	2203	2058	2057	4224
5	2204	1993	2058	4225
5	2280	2100	2015	4226
5	2318	2254	2112	4227
5	2255	2179	2113	4228
5	2266	2118	1971	4229
5	2226	2082	2081	4230
5	2282	2114	2238	4231
5	2273	2110	2222	4232
5	2256	2111	2115	4233
5	2180	2013	2166	4234
5	2181	2034	2180	4235
5	2317	2175	2316	4236
5	2457	2319	2385	4237
5	2118	2117	1970	4238
5	2118	1970	1971	4239
5	2219	2074	2073	4240
5	2334	2193	2192	4241
5	2140	1963	1976	4242
5	2120	1976	1994	4243
5	2175	2029	2028	4244
5	2177	2031	2030	4245
5	2462	2324	2398	4246
5	2345	2205	2230	4247
5	2211	2065	2066	4248
5	2123	2066	1968	4249
5	2124	2120	1994	4250
5	2124	1994	2071	4251
5	2125	2114	1938	4252
5	2125	1938	1947	4253
5	2126	2125	1947	4254
5	2126	1947	1969	4255
5	2303	2174	2094	4256
5	2383	2277	2104	4257
5	2296	2149	2290	4258
5	2277	2005	2104	4259
5	2129	2085	1949	4260
5	2129	1949	1546	4261
5	2153	1985	1960	4262
5	2154	1985	2153	4263
5	2289	2147	2149	4264
5	2290	2149	1952	4265
5	2291	2131	1951	4266
5	2132	1951	1848	4267
5	2292	2133	1948	4268
5	2249	1991	2084	4269
5	2150	2132	1945	4270
5	2149	2147	1978	4271
5	2386	2086	2378	4272
5	2417	2383	2247	4273
5	2518	2388	2295	4274
5	2504	2408	2409	4275
5	2148	1954	1813	4276
5	2137	1980	1981	4277
5	2138	2099	1957	4278
5	2138	1957	1988	4279
5	2209	2006	2063	4280
5	2207	2062	2061	4281
5	2338	2197	2196	4282
5	2340	2199	2272	4283
5	2141	2121	1964	4284
5	2141	1964	1986	4285
5	2142	2115	2039	4286
5	2142	2039	2083	4287
5	2143	2122	1967	4288
5	2143	1967	2067	4289
5	2174	2025	2094	4290
5	2155	1955	2024	4291
5	2156	1874	1987	4292
5	2172	2022	1999	4293
5	2416	2137	1981	4294
5	2146	1981	1852	4295
5	2147	1982	1665	4296
5	2147	1665	1652	4297
5	2295	1980	2137	4298
5	2652	2544	2387	4299
5	2417	2248	2391	4300
5	2247	2104	2004	4301
5	2391	2248	2128	4302
5	2291	1951	2132	4303
5	2297	1891	2151	4304
5	2151	1891	1746	4305
5	2158	1984	1939	4306
5	2152	2127	1977	4307
5	2267	2101	2228	4308
5	2317	2176	2175	4309
5	2298	2130	2237	4310
5	2311	2169	2168	4311
5	2368	2258	2156	4312
5	2262	2094	2139	4313
5	2345	2206	2205	4314
5	2234	2156	1987	4315
5	2242	1943	2136	4316
5	2271	1950	2088	4317
5	2305	1984	2158	4318
5	2305	2152	1984	4319
5	2172	2145	2022	4320
5	2723	2453	2540	4321
5	2161	1996	2002	4322
5	2320	2180	2166	4323
5	2277	2105	2005	4324
5	2288	2128	1942	4325
5	2162	2139	2007	4326
5	2162	2007	2006	4327
5	2163	2138	1988	4328
5	2163	1988	2011	4329
5	2165	2011	2010	4330
5	2422	2276	2394	4331
5	2335	2193	2334	4332
5	2307	2163	2165	4333
5	2310	2116	2309	4334
5	2449	2322	2320	4335
5	2438	2241	2133	4336
5	2292	1948	2085	4337
5	2169	2020	2019	4338
5	2170	2021	2020	4339
5	2644	2585	2511	4340
5	2316	2121	2275	4341
5	2358	2221	2220	4342
5	2171	2021	2170	4343
5	2358	2220	2357	4344
5	2360	2224	2223	4345
5	2314	2172	2159	4346
5	2252	2026	2144	4347
5	2173	2155	2024	4348
5	2173	2024	2023	4349
5	2258	2023	2156	4350
5	2433	2261	2423	4351
5	2411	2228	2273	4352
5	2443	2298	2396	4353
5	2318	2112	2177	4354
5	2275	2121	2141	4355
5	2319	2176	2317	4356
5	2177	2112	2031	4357
5	2284	2179	2255	4358
5	2505	2266	2397	4359
5	2179	2178	2014	4360
5	2179	2014	2033	4361
5	2326	2108	2185	4362
5	2364	2283	2142	4363
5	2418	2398	2251	4364
5	2182	2095	2036	4365
5	2322	2180	2320	4366
5	2325	2184	2324	4367
5	2184	2038	2037	4368
5	2185	2038	2184	4369
5	2462	2325	2324	4370
5	2309	2116	2108	4371
5	2326	2309	2108	4372
5	2446	2286	2435	4373
5	2330	2189	2188	4374
5	2329	2187	2328	4375
5	2475	2337	2336	4376
5	2193	2048	2047	4377
5	2430	2275	2268	4378
5	2441	2397	2106	4379
5	2327	2186	2119	4380
5	2191	2046	2045	4381
5	2336	2194	2335	4382
5	2334	2192	2333	4383
5	2328	2187	2186	4384
5	2329	2188	2187	4385
5	2331	2190	2189	4386
5	2197	2051	2196	4387
5	2351	2090	2340	4388
5	2195	2050	2049	4389
5	2272	2199	2198	4390
5	2339	2198	2197	4391
5	2339	2197	2338	4392
5	2198	2053	2052	4393
5	2337	2195	2336	4394
5	2332	2191	2190	4395
5	2352	2214	2213	4396
5	2090	1962	2054	4397
5	2404	2259	2376	4398
5	2214	2070	2069	4399
5	2484	2403	2341	4400
5	2250	2164	2092	4401
5	2200	2123	1968	4402
5	2200	1968	2064	4403
5	2260	2201	2099	4404
5	2210	2056	2202	4405
5	2341	2236	2200	4406
5	2210	2200	2064	4407
5	2498	2363	2362	4408
5	2221	2075	2220	4409
5	2480	2344	2343	4410
5	2222	2110	2077	4411
5	2206	2061	2060	4412
5	2209	2063	2208	4413
5	2424	2173	2258	4414
5	2287	2161	2160	4415
5	2615	2481	2506	4416
5	2209	2162	2006	4417
5	2231	2139	2162	4418
5	2485	2350	2349	4419
5	2483	2348	2342	4420
5	2350	2211	2349	4421
5	2448	2307	2308	4422
5	2276	2138	2243	4423
5	2342	2202	2201	4424
5	2556	2402	2482	4425
5	2212	2143	2067	4426
5	2212	2067	2068	4427
5	2259	2120	2124	4428
5	2214	2069	2213	4429
5	2352	2264	2215	4430
5	2215	2070	2214	4431
5	2508	2376	2488	4432
5	2332	2190	2331	4433
5	2216	2119	2000	4434
5	2216	2000	2074	4435
5	2218	2073	2072	4436
5	2327	2119	2279	4437
5	2766	2644	2694	4438
5	2355	2216	2219	4439
5	2328	2186	2327	4440
5	2219	2216	2074	4441
5	2497	2362	2361	4442
5	2421	2255	2254	4443
5	2311	2168	2235	4444
5	2222	2076	2221	4445
5	2235	2168	2091	4446
5	2412	2235	2267	4447
5	2224	2080	2079	4448
5	2225	2081	2080	4449
5	2357	2204	2344	4450
5	2227	2083	2082	4451
5	2633	2500	2499	4452
5	2322	2181	2180	4453
5	2460	2323	2322	4454
5	2227	2082	2226	4455
5	2458	2310	2309	4456
5	2282	2223	2114	4457
5	2359	2222	2221	4458
5	2555	2178	2284	4459
5	2244	1997	2127	4460
5	2244	2146	1997	4461
5	2230	2205	2122	4462
5	2285	2230	2122	4463
5	2347	2209	2208	4464
5	2401	2375	2231	4465
5	2232	2231	2162	4466
5	2232	2162	2209	4467
5	2233	2167	2017	4468
5	2233	2017	2157	4469
5	2252	2109	2026	4470
5	2258	2173	2023	4471
5	2585	2450	2511	4472
5	2451	2312	2450	4473
5	2261	2143	2212	4474
5	2400	2345	2230	4475
5	2312	2169	2311	4476
5	2312	2170	2169	4477
5	2321	2269	2095	4478
5	2461	2321	2323	4479
5	2293	1940	2135	4480
5	2241	1983	2133	4481
5	2249	2084	2240	4482
5	2567	2428	2270	4483
5	2678	2389	2503	4484
5	2297	2106	1891	4485
5	2242	2239	2129	4486
5	2242	2129	1943	4487
5	2485	2349	2382	4488
5	2265	2092	2140	4489
5	2431	2229	2158	4490
5	2416	2146	2244	4491
5	2365	2292	2085	4492
5	2544	2097	2387	4493
5	2246	2234	2145	4494
5	2246	2145	2172	4495
5	2288	1942	2131	4496
5	2416	1981	2146	4497
5	2248	2247	2004	4498
5	2248	2004	2128	4499
5	2378	2086	2271	4500
5	2353	2117	2281	4501
5	2307	2243	2163	4502
5	2308	2164	2250	4503
5	2251	2183	2102	4504
5	2598	2462	2512	4505
5	2419	2252	2144	4506
5	2262	2139	2231	4507
5	2355	2279	2216	4508
5	2420	2279	2355	4509
5	2354	2217	2353	4510
5	2254	2113	2112	4511
5	2675	2510	2405	4512
5	2284	2178	2179	4513
5	2359	2273	2222	4514
5	2343	2111	2256	4515
5	2257	2238	2125	4516
5	2257	2125	2126	4517
5	2315	2144	2027	4518
5	2315	2027	2174	4519
5	2294	2120	2259	4520
5	2265	2250	2092	4521
5	2487	2352	2351	4522
5	2488	2264	2352	4523
5	2423	2261	2263	4524
5	2350	2107	2211	4525
5	2573	2433	2572	4526
5	2286	2160	2089	4527
5	2263	2261	2212	4528
5	2263	2212	2107	4529
5	2264	2259	2124	4530
5	2264	2124	2215	4531
5	2514	2394	2414	4532
5	2381	2342	2260	4533
5	2486	2351	2340	4534
5	2281	2117	2118	4535
5	2267	2235	2091	4536
5	2267	2091	2101	4537
5	2555	2284	2510	4538
5	2427	2268	2274	4539
5	2269	2257	2126	4540
5	2269	2126	2095	4541
5	2501	2438	2292	4542
5	2516	2233	2428	4543
5	2432	2366	2100	4544
5	2429	2378	2271	4545
5	2340	2090	2199	4546
5	2351	2213	2090	4547
5	2344	2203	2343	4548
5	2399	2343	2256	4549
5	2274	2268	2098	4550
5	2274	2098	2096	4551
5	2455	2275	2430	4552
5	2444	2300	2299	4553
5	2276	2260	2099	4554
5	2276	2099	2138	4555
5	2384	2278	2105	4556
5	2278	2103	2003	4557
5	2431	2158	2103	4558
5	2431	2103	2278	4559
5	2253	2159	1998	4560
5	2253	1998	1972	4561
5	2505	2118	2266	4562
5	2366	2240	2100	4563
5	2353	2217	2117	4564
5	2354	2218	2217	4565
5	2363	2227	2226	4566
5	2283	2256	2115	4567
5	2361	2224	2360	4568
5	2763	2632	2762	4569
5	2441	2106	2297	4570
5	2397	2266	2106	4571
5	2481	2345	2400	4572
5	2401	2231	2232	4573
5	2526	2445	2301	4574
5	2434	2230	2285	4575
5	2306	2251	2102	4576
5	2306	2161	2287	4577
5	2503	2389	2439	4578
5	2290	1952	2134	4579
5	2289	2150	1982	4580
5	2289	1982	2147	4581
5	2383	2104	2247	4582
5	2390	2131	2291	4583
5	2390	2288	2131	4584
5	2518	2295	2440	4585
5	2428	2233	2157	4586
5	2791	2567	2651	4587
5	2380	2304	2167	4588
5	2388	2136	2148	4589
5	2294	2265	2140	4590
5	2294	2140	2120	4591
5	2519	2293	2386	4592
5	2365	2085	2239	4593
5	2436	2132	2150	4594
5	2296	2150	2289	4595
5	2297	2151	2245	4596
5	2432	2100	2280	4597
5	2300	2096	2154	4598
5	2300	2154	2299	4599
5	2395	2267	2228	4600
5	2300	2274	2096	4601
5	2412	2267	2395	4602
5	2638	2504	2509	4603
5	2375	2262	2231	4604
5	2302	2155	2301	4605
5	2302	2286	2089	4606
5	2302	2089	2155	4607
5	2368	2156	2234	4608
5	2452	2253	2109	4609
5	2304	2271	2088	4610
5	2304	2088	2167	4611
5	2305	2158	2229	4612
5	2305	2229	2127	4613
5	2435	2286	2302	4614
5	2619	2485	2618	4615
5	2483	2342	2381	4616
5	2572	2433	2423	4617
5	2308	2307	2165	4618
5	2308	2165	2164	4619
5	2310	2166	2116	4620
5	2321	2095	2182	4621
5	2459	2310	2458	4622
5	2632	2499	2498	4623
5	2313	2171	2170	4624
5	2313	2170	2312	4625
5	2570	2430	2427	4626
5	2313	2237	2171	4627
5	2427	2274	2377	4628
5	2444	2377	2300	4629
5	2452	2393	2314	4630
5	2452	2109	2252	4631
5	2588	2315	2453	4632
5	2767	2642	2588	4633
5	2489	2353	2281	4634
5	2454	2254	2318	4635
5	2451	2407	2313	4636
5	2780	2644	2766	4637
5	2491	2355	2356	4638
5	2405	2284	2255	4639
5	2319	2318	2177	4640
5	2319	2177	2176	4641
5	2464	2309	2326	4642
5	2630	2497	2496	4643
5	2323	2181	2322	4644
5	2406	2360	2282	4645
5	2323	2182	2181	4646
5	2323	2321	2182	4647
5	2460	2322	2449	4648
5	2499	2363	2498	4649
5	2325	2185	2184	4650
5	2326	2185	2325	4651
5	2463	2325	2462	4652
5	2761	2630	2760	4653
5	2599	2463	2598	4654
5	2689	2522	2543	4655
5	2466	2327	2465	4656
5	2465	2279	2420	4657
5	2490	2353	2489	4658
5	2333	2191	2332	4659
5	2465	2327	2279	4660
5	2479	2340	2272	4661
5	2467	2328	2466	4662
5	2466	2328	2327	4663
5	2487	2351	2486	4664
5	2333	2192	2191	4665
5	2477	2339	2338	4666
5	2467	2329	2328	4667
5	2471	2332	2470	4668
5	2335	2194	2193	4669
5	2468	2330	2329	4670
5	2473	2334	2472	4671
5	2469	2330	2468	4672
5	2338	2196	2337	4673
5	2469	2331	2330	4674
5	2470	2332	2331	4675
5	2472	2333	2471	4676
5	2339	2272	2198	4677
5	2471	2333	2332	4678
5	2478	2339	2477	4679
5	2472	2334	2333	4680
5	2473	2335	2334	4681
5	2479	2272	2478	4682
5	2352	2215	2214	4683
5	2348	2202	2342	4684
5	2484	2348	2483	4685
5	2348	2210	2202	4686
5	2348	2341	2210	4687
5	2344	2204	2203	4688
5	2357	2220	2204	4689
5	2412	2372	2235	4690
5	2359	2221	2358	4691
5	2346	2208	2207	4692
5	2347	2232	2209	4693
5	2370	2303	2262	4694
5	2347	2208	2346	4695
5	2418	2251	2306	4696
5	2711	2572	2528	4697
5	2425	2265	2294	4698
5	2620	2479	2614	4699
5	2350	2263	2107	4700
5	2349	2211	2123	4701
5	2528	2423	2374	4702
5	2423	2263	2374	4703
5	2474	2336	2335	4704
5	2371	2250	2265	4705
5	2376	2259	2264	4706
5	2477	2338	2476	4707
5	2430	2268	2427	4708
5	2356	2218	2354	4709
5	2586	2524	2407	4710
5	2566	2457	2529	4711
5	2470	2331	2469	4712
5	2468	2329	2467	4713
5	2356	2355	2219	4714
5	2356	2219	2218	4715
5	2821	2722	2780	4716
5	2761	2631	2630	4717
5	2726	2589	2724	4718
5	2463	2326	2325	4719
5	2496	2360	2406	4720
5	2632	2498	2631	4721
5	2361	2225	2224	4722
5	2362	2226	2225	4723
5	2630	2496	2629	4724
5	2364	2142	2227	4725
5	3011	2931	2887	4726
5	2912	2884	2769	4727
5	2494	2357	2492	4728
5	2364	2227	2363	4729
5	2411	2395	2228	4730
5	2399	2256	2373	4731
5	2674	2505	2397	4732
5	2428	2157	2270	4733
5	2367	2240	2366	4734
5	2367	2249	2240	4735
5	2537	2241	2438	4736
5	2695	2537	2637	4737
5	2523	2258	2368	4738
5	2523	2424	2258	4739
5	2437	2296	2290	4740
5	2369	2290	2134	4741
5	2733	2598	2647	4742
5	2540	2303	2370	4743
5	2448	2414	2307	4744
5	2546	2381	2521	4745
5	2372	2311	2235	4746
5	2524	2396	2407	4747
5	2500	2373	2283	4748
5	2499	2364	2363	4749
5	2485	2374	2350	4750
5	2572	2423	2528	4751
5	2482	2346	2481	4752
5	2520	2375	2401	4753
5	2404	2294	2259	4754
5	2425	2294	2404	4755
5	2570	2427	2522	4756
5	2396	2298	2237	4757
5	2552	2369	2544	4758
5	2801	2501	2648	4759
5	2438	2133	2292	4760
5	2380	2167	2379	4761
5	2516	2379	2233	4762
5	2391	2128	2288	4763
5	2382	2349	2236	4764
5	2698	2616	2690	4765
5	2563	2394	2514	4766
5	2565	2371	2425	4767
5	2417	2247	2248	4768
5	2548	2415	2229	4769
5	2549	2277	2383	4770
5	2415	2244	2229	4771
5	2385	2319	2317	4772
5	2455	2316	2275	4773
5	2387	2097	2293	4774
5	2386	2293	2135	4775
5	2569	2545	2378	4776
5	2389	2239	2242	4777
5	2648	2365	2551	4778
5	2555	2280	2178	4779
5	2548	2229	2431	4780
5	2439	2136	2388	4781
5	2552	2437	2369	4782
5	2576	2296	2437	4783
5	2553	2288	2390	4784
5	2437	2290	2369	4785
5	2392	2368	2234	4786
5	2392	2234	2246	4787
5	2393	2392	2246	4788
5	2393	2246	2314	4789
5	2422	2381	2260	4790
5	2394	2276	2243	4791
5	2840	2707	2692	4792
5	2760	2629	2759	4793
5	2443	2299	2298	4794
5	2444	2299	2443	4795
5	2534	2367	2366	4796
5	2426	2356	2354	4797
5	2398	2324	2251	4798
5	2573	2507	2434	4799
5	2493	2411	2273	4800
5	2480	2343	2399	4801
5	2526	2301	2424	4802
5	2424	2301	2173	4803
5	2513	2435	2445	4804
5	2482	2347	2346	4805
5	2402	2401	2232	4806
5	2402	2232	2347	4807
5	2403	2382	2236	4808
5	2403	2236	2341	4809
5	2673	2528	2619	4810
5	2584	2371	2565	4811
5	2557	2420	2491	4812
5	2716	2534	2535	4813
5	2498	2362	2497	4814
5	2497	2361	2496	4815
5	2407	2396	2237	4816
5	2407	2237	2313	4817
5	2408	2406	2282	4818
5	2408	2282	2238	4819
5	2409	2408	2238	4820
5	2409	2238	2257	4821
5	2410	2409	2257	4822
5	2410	2257	2269	4823
5	2492	2344	2480	4824
5	2494	2358	2357	4825
5	2530	2502	2492	4826
5	2530	2480	2399	4827
5	2413	2410	2269	4828
5	2413	2269	2321	4829
5	2414	2394	2243	4830
5	2414	2243	2307	4831
5	2544	2369	2097	4832
5	2440	2295	2137	4833
5	2685	2440	2653	4834
5	2653	2440	2560	4835
5	2667	2515	2505	4836
5	2660	2571	2384	4837
5	2447	2418	2306	4838
5	2447	2287	2446	4839
5	2689	2682	2522	4840
5	2452	2314	2253	4841
5	2491	2420	2355	4842
5	2491	2356	2426	4843
5	2590	2456	2455	4844
5	2421	2405	2255	4845
5	2690	2616	2617	4846
5	2892	2781	2782	4847
5	2433	2285	2261	4848
5	2434	2285	2433	4849
5	2453	2174	2303	4850
5	2618	2485	2382	4851
5	2521	2381	2422	4852
5	2975	2841	2893	4853
5	2693	2566	2529	4854
5	2625	2558	2421	4855
5	2456	2385	2317	4856
5	2668	2645	2554	4857
5	2567	2270	2087	4858
5	2658	2367	2534	4859
5	2661	2429	2550	4860
5	2519	2387	2293	4861
5	2591	2385	2456	4862
5	2626	2491	2426	4863
5	2660	2548	2571	4864
5	2701	2561	2415	4865
5	2510	2284	2405	4866
5	2771	2550	2659	4867
5	2720	2520	2583	4868
5	2434	2400	2230	4869
5	2730	2525	2596	4870
5	2712	2572	2711	4871
5	2698	2547	2616	4872
5	2446	2287	2286	4873
5	2575	2291	2436	4874
5	2436	2150	2296	4875
5	2839	2666	2553	4876
5	2436	2291	2132	4877
5	2501	2292	2365	4878
5	3006	2834	2756	4879
5	2439	2389	2242	4880
5	2439	2242	2136	4881
5	2654	2552	2544	4882
5	2773	2552	2654	4883
5	3145	3066	3083	4884
5	2623	2426	2490	4885
5	2442	2441	2297	4886
5	2442	2297	2245	4887
5	2628	2493	2495	4888
5	2724	2570	2682	4889
5	2532	2395	2411	4890
5	2603	2467	2602	4891
5	2445	2435	2302	4892
5	2445	2302	2301	4893
5	2447	2306	2287	4894
5	2525	2410	2413	4895
5	2546	2483	2381	4896
5	2596	2461	2595	4897
5	2614	2479	2478	4898
5	2610	2474	2609	4899
5	2461	2413	2321	4900
5	2461	2323	2460	4901
5	2451	2313	2312	4902
5	2450	2312	2311	4903
5	2722	2585	2644	4904
5	2586	2451	2585	4905
5	2587	2252	2419	4906
5	2587	2452	2252	4907
5	2588	2419	2315	4908
5	2453	2315	2174	4909
5	2490	2354	2353	4910
5	2454	2421	2254	4911
5	2456	2316	2455	4912
5	2456	2317	2316	4913
5	2579	2396	2524	4914
5	2762	2632	2631	4915
5	2457	2454	2318	4916
5	2457	2318	2319	4917
5	2459	2320	2310	4918
5	2459	2449	2320	4919
5	2574	2446	2435	4920
5	2649	2502	2530	4921
5	2596	2525	2413	4922
5	2598	2463	2462	4923
5	2595	2461	2460	4924
5	2525	2509	2410	4925
5	2845	2822	2665	4926
5	2464	2326	2463	4927
5	2592	2459	2458	4928
5	2464	2458	2309	4929
5	2594	2460	2449	4930
5	2729	2594	2593	4931
5	2611	2476	2475	4932
5	2602	2466	2601	4933
5	2604	2468	2603	4934
5	2600	2465	2420	4935
5	2612	2477	2476	4936
5	2558	2405	2421	4937
5	2601	2466	2465	4938
5	2474	2335	2473	4939
5	2608	2472	2607	4940
5	2605	2469	2604	4941
5	2602	2467	2466	4942
5	2612	2476	2611	4943
5	2603	2468	2467	4944
5	2476	2338	2337	4945
5	2609	2473	2608	4946
5	2614	2478	2613	4947
5	2604	2469	2468	4948
5	2605	2470	2469	4949
5	2607	2471	2606	4950
5	2476	2337	2475	4951
5	2606	2470	2605	4952
5	2606	2471	2470	4953
5	2613	2477	2612	4954
5	2488	2352	2487	4955
5	2607	2472	2471	4956
5	2608	2473	2472	4957
5	2621	2486	2620	4958
5	2486	2340	2479	4959
5	2609	2474	2473	4960
5	2610	2475	2474	4961
5	2492	2357	2344	4962
5	2493	2273	2359	4963
5	2482	2402	2347	4964
5	2481	2346	2345	4965
5	2583	2520	2401	4966
5	2581	2418	2447	4967
5	2484	2341	2348	4968
5	2943	2831	2798	4969
5	2541	2404	2376	4970
5	2584	2448	2371	4971
5	2618	2382	2547	4972
5	2749	2547	2698	4973
5	2622	2488	2487	4974
5	2841	2706	2775	4975
5	2721	2584	2565	4976
5	2488	2376	2264	4977
5	2617	2483	2546	4978
5	2541	2376	2508	4979
5	2490	2426	2354	4980
5	2600	2420	2557	4981
5	2674	2667	2505	4982
5	2705	2555	2704	4983
5	2704	2555	2510	4984
5	2601	2465	2600	4985
5	3015	2905	2913	4986
5	2628	2495	2627	4987
5	2495	2358	2494	4988
5	2542	2372	2412	4989
5	2495	2359	2358	4990
5	2495	2493	2359	4991
5	2591	2529	2385	4992
5	2543	2522	2377	4993
5	2533	2408	2504	4994
5	2633	2531	2373	4995
5	2533	2406	2408	4996
5	2500	2283	2364	4997
5	2530	2399	2531	4998
5	2530	2492	2480	4999
5	2633	2373	2500	5000
5	2500	2364	2499	5001
5	2827	2650	2664	5002
5	2631	2498	2497	5003
5	2705	2432	2555	5004
5	2567	2087	2249	5005
5	2502	2494	2492	5006
5	2629	2406	2533	5007
5	2678	2551	2389	5008
5	2551	2239	2389	5009
5	2593	2449	2459	5010
5	2596	2413	2461	5011
5	2515	2281	2505	5012
5	2505	2281	2118	5013
5	2506	2481	2400	5014
5	2573	2434	2433	5015
5	2507	2506	2400	5016
5	2507	2400	2434	5017
5	2679	2508	2622	5018
5	2620	2486	2479	5019
5	2509	2504	2409	5020
5	2509	2409	2410	5021
5	2537	2093	2241	5022
5	2515	2489	2281	5023
5	2511	2450	2372	5024
5	2542	2511	2372	5025
5	2512	2462	2398	5026
5	2854	2765	2729	5027
5	2583	2401	2402	5028
5	2574	2435	2513	5029
5	2878	2751	2877	5030
5	2541	2425	2404	5031
5	2697	2559	2640	5032
5	2589	2430	2570	5033
5	2550	2429	2304	5034
5	2811	2685	2653	5035
5	2517	2503	2439	5036
5	2517	2439	2388	5037
5	2634	2503	2517	5038
5	2518	2517	2388	5039
5	2770	2700	2569	5040
5	2569	2378	2429	5041
5	2540	2453	2303	5042
5	2564	2375	2520	5043
5	2750	2673	2619	5044
5	2691	2546	2656	5045
5	2522	2427	2377	5046
5	2783	2717	2643	5047
5	2642	2419	2588	5048
5	2639	2424	2523	5049
5	2543	2377	2444	5050
5	2795	2689	2669	5051
5	2593	2459	2592	5052
5	3090	2957	3016	5053
5	2635	2445	2526	5054
5	2639	2526	2424	5055
5	2527	2514	2414	5056
5	2527	2414	2448	5057
5	2781	2690	2691	5058
5	2836	2698	2690	5059
5	2529	2457	2385	5060
5	2682	2570	2522	5061
5	2692	2626	2623	5062
5	2758	2668	2628	5063
5	2755	2623	2624	5064
5	2531	2399	2373	5065
5	2559	2395	2532	5066
5	2776	2768	2640	5067
5	2629	2496	2406	5068
5	2631	2497	2630	5069
5	2536	2442	2245	5070
5	2637	2537	2438	5071
5	2535	2534	2366	5072
5	2535	2366	2432	5073
5	2577	2397	2441	5074
5	2967	2578	2636	5075
5	2537	2536	2245	5076
5	2537	2245	2093	5077
5	2538	2523	2368	5078
5	2538	2368	2392	5079
5	2539	2512	2398	5080
5	2539	2398	2418	5081
5	2663	2512	2539	5082
5	2639	2538	2655	5083
5	2565	2425	2541	5084
5	2583	2402	2556	5085
5	2669	2543	2580	5086
5	2883	2840	2692	5087
5	2580	2443	2579	5088
5	2580	2543	2444	5089
5	2660	2384	2549	5090
5	2553	2391	2288	5091
5	2545	2519	2386	5092
5	2545	2386	2378	5093
5	2547	2382	2403	5094
5	2619	2374	2485	5095
5	2749	2618	2547	5096
5	2688	2521	2563	5097
5	2549	2384	2277	5098
5	2571	2278	2384	5099
5	2701	2415	2548	5100
5	2654	2544	2652	5101
5	2785	2577	2715	5102
5	2551	2365	2239	5103
5	2666	2417	2391	5104
5	2666	2391	2553	5105
5	2702	2653	2560	5106
5	2648	2501	2365	5107
5	3059	2837	2938	5108
5	2576	2436	2296	5109
5	2554	2532	2411	5110
5	2554	2411	2493	5111
5	2774	2705	2704	5112
5	2815	2651	2568	5113
5	2681	2527	2584	5114
5	2584	2527	2448	5115
5	2626	2426	2623	5116
5	2727	2725	2591	5117
5	3136	3031	2946	5118
5	2625	2421	2454	5119
5	2559	2542	2412	5120
5	2559	2412	2395	5121
5	2560	2440	2137	5122
5	2560	2137	2416	5123
5	2561	2560	2416	5124
5	2561	2416	2415	5125
5	2562	2538	2392	5126
5	2562	2392	2393	5127
5	2563	2521	2422	5128
5	2563	2422	2394	5129
5	2767	2588	2723	5130
5	2564	2370	2375	5131
5	2900	2788	2789	5132
5	2871	2745	2870	5133
5	2625	2454	2566	5134
5	2566	2454	2457	5135
5	2801	2637	2501	5136
5	2791	2428	2567	5137
5	2568	2567	2249	5138
5	2568	2249	2367	5139
5	2686	2652	2387	5140
5	2686	2387	2519	5141
5	2589	2455	2430	5142
5	2590	2455	2589	5143
5	2571	2548	2431	5144
5	2571	2431	2278	5145
5	2827	2796	2650	5146
5	2713	2507	2573	5147
5	2671	2664	2615	5148
5	2796	2720	2650	5149
5	2581	2539	2418	5150
5	2582	2446	2574	5151
5	2714	2390	2575	5152
5	2575	2390	2291	5153
5	2714	2575	2576	5154
5	2576	2575	2436	5155
5	2825	2678	2503	5156
5	2803	2695	2637	5157
5	2578	2577	2441	5158
5	2578	2441	2442	5159
5	2580	2444	2443	5160
5	2579	2443	2396	5161
5	2708	2489	2515	5162
5	2689	2543	2669	5163
5	2719	2574	2677	5164
5	2728	2593	2592	5165
5	2582	2581	2447	5166
5	2582	2447	2446	5167
5	2720	2583	2650	5168
5	2720	2696	2520	5169
5	2798	2657	2672	5170
5	2706	2541	2508	5171
5	2586	2407	2451	5172
5	2585	2451	2450	5173
5	2676	2627	2502	5174
5	2800	2759	2646	5175
5	2587	2562	2393	5176
5	2587	2393	2452	5177
5	2723	2588	2453	5178
5	2655	2538	2562	5179
5	2717	2579	2643	5180
5	2852	2726	2793	5181
5	2725	2693	2529	5182
5	2591	2456	2590	5183
5	3178	3143	3015	5184
5	2963	2795	2919	5185
5	2595	2460	2594	5186
5	2594	2449	2593	5187
5	2848	2696	2720	5188
5	2728	2592	2662	5189
5	2778	2733	2647	5190
5	2763	2633	2632	5191
5	2733	2599	2598	5192
5	2731	2595	2594	5193
5	2729	2593	2728	5194
5	2764	2633	2763	5195
5	2597	2592	2458	5196
5	2597	2458	2464	5197
5	2599	2464	2463	5198
5	2599	2597	2464	5199
5	2662	2592	2597	5200
5	2731	2594	2729	5201
5	2724	2589	2570	5202
5	2797	2755	2624	5203
5	2708	2624	2489	5204
5	2737	2601	2736	5205
5	2736	2601	2600	5206
5	2737	2602	2601	5207
5	2735	2600	2557	5208
5	2707	2557	2626	5209
5	2741	2605	2740	5210
5	2613	2478	2477	5211
5	2752	2621	2620	5212
5	2738	2603	2602	5213
5	2743	2607	2742	5214
5	2622	2487	2621	5215
5	2739	2604	2603	5216
5	2753	2622	2621	5217
5	2744	2608	2743	5218
5	2740	2605	2604	5219
5	2745	2610	2609	5220
5	2611	2475	2610	5221
5	2741	2606	2605	5222
5	2746	2611	2610	5223
5	2742	2607	2606	5224
5	2748	2612	2747	5225
5	2743	2608	2607	5226
5	2748	2614	2613	5227
5	2745	2609	2744	5228
5	2621	2487	2486	5229
5	2751	2614	2748	5230
5	2744	2609	2608	5231
5	2615	2556	2482	5232
5	2615	2482	2481	5233
5	2616	2547	2403	5234
5	2616	2403	2484	5235
5	2617	2616	2484	5236
5	2617	2484	2483	5237
5	3020	2893	2898	5238
5	2619	2528	2374	5239
5	2688	2563	2657	5240
5	2721	2681	2584	5241
5	2746	2610	2745	5242
5	2622	2508	2488	5243
5	2747	2612	2611	5244
5	2751	2620	2614	5245
5	2681	2672	2527	5246
5	2706	2508	2679	5247
5	2738	2602	2737	5248
5	2626	2557	2491	5249
5	2624	2623	2490	5250
5	2624	2490	2489	5251
5	2735	2557	2707	5252
5	2707	2626	2692	5253
5	3163	3041	3154	5254
5	3204	3061	3137	5255
5	2628	2554	2493	5256
5	2627	2495	2494	5257
5	2882	2754	2881	5258
5	2901	2769	2792	5259
5	2646	2504	2638	5260
5	2764	2757	2531	5261
5	2951	2799	2804	5262
5	2650	2583	2556	5263
5	2832	2639	2655	5264
5	2633	2499	2632	5265
5	2646	2533	2504	5266
5	2885	2760	2759	5267
5	2759	2533	2646	5268
5	2764	2531	2633	5269
5	2940	2801	2648	5270
5	2637	2438	2501	5271
5	2924	2767	2723	5272
5	2635	2513	2445	5273
5	2636	2578	2442	5274
5	2636	2442	2536	5275
5	2906	2830	2779	5276
5	2651	2567	2568	5277
5	2854	2729	2728	5278
5	2730	2641	2525	5279
5	2709	2370	2564	5280
5	2642	2587	2419	5281
5	2640	2559	2532	5282
5	2784	2697	2768	5283
5	2641	2638	2509	5284
5	2641	2509	2525	5285
5	2639	2523	2538	5286
5	2642	2655	2562	5287
5	2643	2579	2524	5288
5	2670	2643	2524	5289
5	2670	2524	2586	5290
5	3107	2983	3105	5291
5	2645	2640	2532	5292
5	2645	2532	2554	5293
5	2807	2638	2799	5294
5	2759	2629	2533	5295
5	2647	2598	2512	5296
5	2663	2647	2512	5297
5	2659	2550	2380	5298
5	2946	2785	2715	5299
5	2668	2554	2628	5300
5	2676	2502	2649	5301
5	2853	2728	2662	5302
5	2677	2574	2513	5303
5	2695	2536	2537	5304
5	2659	2380	2379	5305
5	2703	2576	2437	5306
5	2810	2654	2652	5307
5	3027	2779	2935	5308
5	2915	2654	2810	5309
5	2702	2560	2561	5310
5	2969	2846	2896	5311
5	2642	2562	2587	5312
5	2847	2719	2677	5313
5	2656	2546	2521	5314
5	2876	2673	2750	5315
5	2688	2656	2521	5316
5	2657	2563	2514	5317
5	2815	2568	2658	5318
5	2658	2568	2367	5319
5	2904	2678	2825	5320
5	2661	2569	2429	5321
5	2938	2837	2702	5322
5	2699	2383	2417	5323
5	2947	2774	2894	5324
5	2818	2551	2678	5325
5	2734	2599	2733	5326
5	2857	2734	2733	5327
5	2671	2506	2665	5328
5	2711	2528	2673	5329
5	2664	2650	2556	5330
5	2664	2556	2615	5331
5	2671	2615	2506	5332
5	2665	2506	2507	5333
5	2817	2549	2699	5334
5	2699	2549	2383	5335
5	2675	2405	2558	5336
5	2756	2558	2625	5337
5	2758	2627	2676	5338
5	2784	2766	2694	5339
5	3133	2952	3050	5340
5	2912	2769	2901	5341
5	2780	2722	2644	5342
5	3061	2930	3026	5343
5	2809	2718	2719	5344
5	2680	2663	2539	5345
5	2672	2657	2514	5346
5	2672	2514	2527	5347
5	2713	2573	2712	5348
5	2712	2573	2572	5349
5	2674	2397	2577	5350
5	2715	2577	2578	5351
5	2756	2625	2754	5352
5	2739	2603	2738	5353
5	2758	2628	2627	5354
5	2889	2763	2762	5355
5	2680	2539	2581	5356
5	2777	2663	2680	5357
5	3027	2906	2779	5358
5	2779	2687	2700	5359
5	2753	2679	2622	5360
5	2752	2620	2751	5361
5	2790	2663	2777	5362
5	2978	2895	2854	5363
5	2710	2541	2706	5364
5	3004	2898	2880	5365
5	2851	2693	2725	5366
5	2986	2852	2793	5367
5	2683	2659	2379	5368
5	2683	2379	2516	5369
5	2938	2702	2838	5370
5	2684	2634	2517	5371
5	2685	2684	2518	5372
5	2685	2518	2440	5373
5	3138	3040	3023	5374
5	2770	2569	2661	5375
5	2687	2686	2519	5376
5	2687	2519	2545	5377
5	2788	2672	2681	5378
5	2921	2836	2916	5379
5	2966	2802	2635	5380
5	2833	2639	2832	5381
5	2750	2618	2749	5382
5	2750	2619	2618	5383
5	2691	2690	2617	5384
5	2691	2617	2546	5385
5	2753	2621	2752	5386
5	2736	2600	2735	5387
5	2754	2566	2693	5388
5	2834	2558	2756	5389
5	2694	2644	2511	5390
5	2694	2511	2542	5391
5	2786	2708	2515	5392
5	2835	2636	2536	5393
5	2802	2513	2635	5394
5	2709	2540	2370	5395
5	2697	2694	2542	5396
5	2697	2542	2559	5397
5	2843	2711	2842	5398
5	2874	2698	2836	5399
5	2812	2417	2666	5400
5	2838	2702	2561	5401
5	2700	2687	2545	5402
5	2700	2545	2569	5403
5	2830	2686	2687	5404
5	2907	2810	2830	5405
5	2838	2561	2701	5406
5	2703	2437	2552	5407
5	3023	2969	2896	5408
5	2714	2553	2390	5409
5	3186	2940	3058	5410
5	2772	2704	2510	5411
5	2923	2658	2534	5412
5	2705	2535	2432	5413
5	2710	2565	2541	5414
5	2721	2565	2710	5415
5	3008	2981	2840	5416
5	2726	2590	2589	5417
5	2862	2736	2861	5418
5	2754	2625	2566	5419
5	2787	2655	2642	5420
5	2850	2723	2540	5421
5	2831	2657	2798	5422
5	2814	2656	2688	5423
5	2849	2789	2721	5424
5	2713	2665	2507	5425
5	2843	2712	2711	5426
5	2922	2790	2920	5427
5	2999	2876	2875	5428
5	2925	2765	2895	5429
5	2839	2553	2714	5430
5	2846	2576	2703	5431
5	2774	2535	2705	5432
5	2772	2510	2675	5433
5	2816	2771	2659	5434
5	3014	2786	2897	5435
5	2717	2669	2580	5436
5	2717	2580	2579	5437
5	2718	2680	2581	5438
5	2718	2581	2582	5439
5	2719	2718	2582	5440
5	2719	2582	2574	5441
5	2874	2749	2698	5442
5	2857	2733	2778	5443
5	3127	3003	3002	5444
5	2877	2751	2748	5445
5	2722	2670	2586	5446
5	2722	2586	2585	5447
5	2924	2787	2767	5448
5	2802	2677	2513	5449
5	2725	2529	2591	5450
5	2828	2794	2682	5451
5	2727	2590	2726	5452
5	2863	2737	2862	5453
5	2727	2591	2590	5454
5	2879	2752	2878	5455
5	2881	2754	2693	5456
5	2740	2604	2739	5457
5	3052	2895	3041	5458
5	2799	2638	2641	5459
5	3140	3050	3055	5460
5	2889	2762	2887	5461
5	2732	2595	2731	5462
5	2732	2596	2595	5463
5	2732	2730	2596	5464
5	2942	2913	2780	5465
5	2888	2792	2757	5466
5	3010	2886	2885	5467
5	2734	2597	2599	5468
5	2734	2662	2597	5469
5	2826	2680	2718	5470
5	2822	2671	2665	5471
5	2913	2821	2780	5472
5	3117	2992	3116	5473
5	2828	2689	2795	5474
5	2852	2727	2726	5475
5	2882	2756	2754	5476
5	2742	2606	2741	5477
5	2928	2883	2755	5478
5	2861	2736	2735	5479
5	2871	2746	2745	5480
5	2863	2738	2737	5481
5	2862	2737	2736	5482
5	2865	2739	2864	5483
5	2864	2739	2738	5484
5	2748	2613	2612	5485
5	2873	2748	2747	5486
5	2868	2742	2867	5487
5	2865	2740	2739	5488
5	2869	2743	2868	5489
5	2866	2741	2740	5490
5	2872	2746	2871	5491
5	2880	2775	2679	5492
5	2747	2611	2746	5493
5	2867	2742	2741	5494
5	2868	2743	2742	5495
5	2877	2748	2873	5496
5	2869	2744	2743	5497
5	2880	2679	2753	5498
5	2870	2745	2744	5499
5	2836	2690	2781	5500
5	2842	2711	2673	5501
5	2970	2843	2842	5502
5	3002	2877	3001	5503
5	2878	2752	2751	5504
5	2872	2747	2746	5505
5	2879	2753	2752	5506
5	3545	3387	3529	5507
5	2798	2672	2788	5508
5	2849	2710	2841	5509
5	2864	2738	2863	5510
5	2797	2624	2708	5511
5	2861	2735	2859	5512
5	2755	2692	2623	5513
5	2774	2716	2535	5514
5	2929	2675	2834	5515
5	2757	2649	2530	5516
5	2757	2530	2531	5517
5	2930	2768	2776	5518
5	3011	2887	2886	5519
5	2760	2630	2629	5520
5	2762	2631	2761	5521
5	2886	2760	2885	5522
5	2885	2759	2800	5523
5	2886	2761	2760	5524
5	2942	2780	2766	5525
5	2884	2676	2769	5526
5	2887	2762	2761	5527
5	2769	2676	2649	5528
5	2911	2805	2823	5529
5	2888	2757	2764	5530
5	2887	2761	2886	5531
5	2765	2731	2729	5532
5	2854	2728	2853	5533
5	3026	2939	3021	5534
5	2952	2807	2891	5535
5	3070	2961	2847	5536
5	2787	2642	2767	5537
5	2784	2694	2697	5538
5	2768	2697	2640	5539
5	2776	2640	2645	5540
5	3079	2933	3074	5541
5	2818	2648	2551	5542
5	3076	2770	2936	5543
5	3156	3060	2953	5544
5	2771	2661	2550	5545
5	2937	2708	2786	5546
5	2786	2515	2667	5547
5	3028	2936	2771	5548
5	2773	2703	2552	5549
5	2785	2674	2577	5550
5	2785	2667	2674	5551
5	2775	2706	2679	5552
5	2880	2753	2879	5553
5	3029	3012	3013	5554
5	3169	3082	3143	5555
5	2845	2665	2713	5556
5	2824	2671	2822	5557
5	2844	2712	2843	5558
5	2960	2920	2777	5559
5	3037	3024	2918	5560
5	2935	2779	2700	5561
5	3207	3074	3204	5562
5	3233	3067	3201	5563
5	2814	2782	2656	5564
5	2998	2874	2921	5565
5	2782	2781	2691	5566
5	2782	2691	2656	5567
5	3047	3008	2883	5568
5	3170	3081	3169	5569
5	2945	2768	2930	5570
5	2913	2905	2821	5571
5	3031	2785	2946	5572
5	2894	2774	2704	5573
5	3032	2834	3006	5574
5	2897	2786	2667	5575
5	2966	2635	2833	5576
5	2850	2540	2709	5577
5	2973	2845	2844	5578
5	2971	2957	2822	5579
5	2789	2788	2681	5580
5	2789	2681	2721	5581
5	2790	2778	2647	5582
5	2790	2647	2663	5583
5	2808	2428	2791	5584
5	2808	2516	2428	5585
5	2792	2769	2649	5586
5	2792	2649	2757	5587
5	2793	2726	2724	5588
5	2820	2717	2783	5589
5	2794	2793	2724	5590
5	2794	2724	2682	5591
5	2828	2682	2689	5592
5	3372	3258	3270	5593
5	2845	2713	2844	5594
5	2847	2809	2719	5595
5	2834	2675	2558	5596
5	2894	2704	2772	5597
5	3127	3002	3126	5598
5	2950	2788	2900	5599
5	3009	2885	2800	5600
5	3009	2800	2952	5601
5	3158	3021	3053	5602
5	2932	2901	2792	5603
5	2835	2536	2695	5604
5	3160	2637	2801	5605
5	2813	2564	2696	5606
5	2848	2720	2796	5607
5	2816	2659	2683	5608
5	2808	2683	2516	5609
5	2804	2799	2641	5610
5	2804	2641	2730	5611
5	2805	2776	2645	5612
5	2805	2645	2668	5613
5	2806	2783	2643	5614
5	2806	2643	2670	5615
5	2807	2800	2646	5616
5	2807	2646	2638	5617
5	2936	2661	2771	5618
5	3174	2929	3032	5619
5	2813	2709	2564	5620
5	2824	2664	2671	5621
5	2829	2684	2811	5622
5	2811	2684	2685	5623
5	2830	2687	2779	5624
5	2825	2503	2634	5625
5	2817	2660	2549	5626
5	2812	2699	2417	5627
5	2832	2655	2787	5628
5	2954	2709	2813	5629
5	2916	2836	2781	5630
5	2999	2875	2998	5631
5	2918	2695	2803	5632
5	2904	2818	2678	5633
5	2909	2791	2651	5634
5	2918	2835	2695	5635
5	3097	2968	2908	5636
5	2819	2660	2817	5637
5	2907	2830	2906	5638
5	3065	2801	2940	5639
5	2819	2701	2548	5640
5	2819	2548	2660	5641
5	2820	2795	2669	5642
5	2820	2669	2717	5643
5	2821	2806	2670	5644
5	2821	2670	2722	5645
5	2827	2664	2824	5646
5	2826	2718	2809	5647
5	2823	2805	2668	5648
5	2823	2668	2758	5649
5	2974	2827	2958	5650
5	2920	2790	2777	5651
5	2959	2829	2811	5652
5	2935	2700	2770	5653
5	3092	3016	2971	5654
5	2826	2777	2680	5655
5	2914	2857	2778	5656
5	2962	2696	2848	5657
5	2919	2820	2899	5658
5	2982	2851	2860	5659
5	3058	2940	2818	5660
5	2829	2634	2684	5661
5	2830	2810	2652	5662
5	2830	2652	2686	5663
5	2831	2814	2688	5664
5	2831	2688	2657	5665
5	2833	2526	2639	5666
5	2833	2635	2526	5667
5	2903	2677	2802	5668
5	3166	3086	2961	5669
5	2859	2707	2840	5670
5	2859	2735	2707	5671
5	2967	2835	2918	5672
5	2967	2636	2835	5673
5	2876	2842	2673	5674
5	2844	2713	2712	5675
5	2837	2811	2653	5676
5	2837	2653	2702	5677
5	3063	2773	2915	5678
5	2968	2819	2908	5679
5	2896	2846	2703	5680
5	2896	2703	2773	5681
5	2866	2740	2865	5682
5	2867	2741	2866	5683
5	2849	2721	2710	5684
5	2841	2710	2706	5685
5	2875	2749	2874	5686
5	2916	2781	2892	5687
5	3101	3051	2972	5688
5	2895	2765	2854	5689
5	2921	2874	2836	5690
5	2957	2824	2822	5691
5	2978	2854	2853	5692
5	3038	2979	2914	5693
5	2846	2839	2714	5694
5	2846	2714	2576	5695
5	2958	2824	2957	5696
5	2961	2960	2826	5697
5	2977	2787	2924	5698
5	3147	2954	3093	5699
5	3148	3080	3141	5700
5	3191	3064	3167	5701
5	3045	2850	2954	5702
5	2924	2723	2850	5703
5	2881	2693	2851	5704
5	3046	2923	2716	5705
5	2860	2727	2852	5706
5	2860	2725	2727	5707
5	2858	2734	2857	5708
5	3068	2998	2921	5709
5	2951	2891	2799	5710
5	2926	2804	2855	5711
5	2855	2804	2730	5712
5	2855	2730	2732	5713
5	2856	2855	2732	5714
5	2856	2732	2731	5715
5	2858	2662	2734	5716
5	2858	2853	2662	5717
5	2958	2827	2824	5718
5	2922	2778	2790	5719
5	2981	2859	2840	5720
5	3047	2883	2928	5721
5	2989	2864	2988	5722
5	2860	2851	2725	5723
5	3005	2881	2851	5724
5	2986	2793	2927	5725
5	2984	2860	2852	5726
5	2919	2795	2820	5727
5	3019	2919	3018	5728
5	2939	2805	2911	5729
5	2983	2861	2859	5730
5	2870	2744	2869	5731
5	2985	2862	2861	5732
5	2992	2867	2991	5733
5	2987	2863	2862	5734
5	2988	2864	2863	5735
5	2996	2872	2871	5736
5	2989	2865	2864	5737
5	2993	2868	2992	5738
5	2990	2866	2865	5739
5	2994	2869	2993	5740
5	2991	2867	2866	5741
5	3004	2879	3003	5742
5	2873	2747	2872	5743
5	2992	2868	2867	5744
5	3003	2879	2878	5745
5	2995	2870	2994	5746
5	2993	2869	2868	5747
5	2994	2870	2869	5748
5	3257	3172	3242	5749
5	2875	2750	2749	5750
5	2876	2750	2875	5751
5	2973	2971	2845	5752
5	2955	2831	2943	5753
5	3256	3154	3226	5754
5	3001	2873	2997	5755
5	2995	2871	2870	5756
5	2997	2873	2872	5757
5	3373	3260	3297	5758
5	3002	2878	2877	5759
5	3004	2880	2879	5760
5	3001	2877	2873	5761
5	3043	2893	3020	5762
5	3244	3242	3124	5763
5	2996	2871	2995	5764
5	3174	3072	2929	5765
5	2883	2692	2755	5766
5	2983	2859	2981	5767
5	2928	2755	2797	5768
5	2990	2865	2989	5769
5	2884	2823	2758	5770
5	2884	2758	2676	5771
5	2931	2889	2887	5772
5	3135	3034	3011	5773
5	3122	2998	3068	5774
5	3041	2895	2978	5775
5	3000	2970	2842	5776
5	2952	2800	2807	5777
5	2890	2763	2889	5778
5	2890	2888	2764	5779
5	2890	2764	2763	5780
5	3026	2930	2939	5781
5	3152	3056	3073	5782
5	3307	3193	3258	5783
5	2891	2807	2799	5784
5	3135	3010	3134	5785
5	2948	2892	2782	5786
5	2948	2782	2814	5787
5	2893	2841	2775	5788
5	3003	2878	3002	5789
5	2923	2534	2716	5790
5	2897	2667	2785	5791
5	2902	2855	2856	5792
5	2926	2855	2902	5793
5	2956	2699	2812	5794
5	3063	2896	2773	5795
5	2988	2863	2987	5796
5	3183	3162	2947	5797
5	2898	2893	2775	5798
5	2898	2775	2880	5799
5	2899	2820	2783	5800
5	2905	2806	2821	5801
5	2976	2849	2975	5802
5	2976	2900	2789	5803
5	3258	3193	3205	5804
5	3013	2889	2931	5805
5	3154	3041	3062	5806
5	3057	2925	3052	5807
5	2960	2777	2826	5808
5	2903	2847	2677	5809
5	3182	2906	3027	5810
5	3156	2953	3035	5811
5	2944	2806	2905	5812
5	2944	2783	2806	5813
5	3098	2968	3097	5814
5	2908	2819	2817	5815
5	2941	2811	2837	5816
5	3017	2810	2907	5817
5	2968	2701	2819	5818
5	2968	2838	2701	5819
5	3028	2771	2816	5820
5	3076	2935	2770	5821
5	2910	2909	2651	5822
5	2910	2651	2815	5823
5	2934	2884	2912	5824
5	2934	2823	2884	5825
5	2934	2911	2823	5826
5	3061	2945	2930	5827
5	3030	2913	2942	5828
5	3292	3132	3168	5829
5	3100	2922	3099	5830
5	2979	2857	2914	5831
5	3063	3023	2896	5832
5	2915	2773	2654	5833
5	3103	2975	3043	5834
5	3080	2950	3025	5835
5	2917	2812	2666	5836
5	2917	2666	2839	5837
5	3037	2918	2803	5838
5	3162	3046	2947	5839
5	2927	2793	2794	5840
5	3019	2963	2919	5841
5	3092	2971	2973	5842
5	2922	2914	2778	5843
5	3243	3122	3157	5844
5	3064	2916	2892	5845
5	2998	2875	2874	5846
5	2972	2843	2970	5847
5	2923	2910	2815	5848
5	2923	2815	2658	5849
5	3099	2920	3091	5850
5	2965	2833	2832	5851
5	2925	2902	2856	5852
5	2925	2856	2765	5853
5	3052	2925	2895	5854
5	2951	2804	2926	5855
5	3151	2937	3014	5856
5	3178	3030	3144	5857
5	3006	2756	2882	5858
5	3014	2937	2786	5859
5	3072	2894	2772	5860
5	2929	2772	2675	5861
5	2933	2766	2784	5862
5	2942	2766	2933	5863
5	2932	2792	2888	5864
5	3053	2911	2934	5865
5	3075	3053	2934	5866
5	3073	3012	3029	5867
5	3467	3356	3466	5868
5	3056	2901	2932	5869
5	3390	3258	3372	5870
5	3053	3021	2911	5871
5	3159	2935	3076	5872
5	2936	2770	2661	5873
5	2940	2648	2818	5874
5	2964	2634	2829	5875
5	3077	2797	2937	5876
5	2937	2797	2708	5877
5	3017	2915	2810	5878
5	3181	3017	2907	5879
5	2939	2930	2776	5880
5	2939	2776	2805	5881
5	3160	2801	3065	5882
5	3058	2818	2904	5883
5	3181	2907	3078	5884
5	2959	2811	2941	5885
5	3135	3011	3010	5886
5	3030	3015	2913	5887
5	3064	2892	3044	5888
5	3260	3141	3149	5889
5	3115	2990	3114	5890
5	2944	2899	2783	5891
5	2945	2933	2784	5892
5	2945	2784	2768	5893
5	3083	2923	3046	5894
5	2947	2716	2774	5895
5	3196	3136	2946	5896
5	3096	2946	2715	5897
5	3172	3051	3101	5898
5	3323	3191	3167	5899
5	2949	2927	2794	5900
5	2949	2794	2828	5901
5	2950	2943	2798	5902
5	2950	2798	2788	5903
5	3374	3261	3315	5904
5	3057	2902	2925	5905
5	3011	2886	3010	5906
5	3010	2885	3009	5907
5	2953	2816	2683	5908
5	2953	2683	2808	5909
5	3093	2813	2962	5910
5	2954	2850	2709	5911
5	2955	2948	2814	5912
5	2955	2814	2831	5913
5	2956	2908	2817	5914
5	2956	2817	2699	5915
5	2973	2844	2972	5916
5	3055	2891	2951	5917
5	2961	2809	2847	5918
5	3102	2958	3090	5919
5	3078	2907	2906	5920
5	3089	2964	2829	5921
5	3087	2962	2848	5922
5	3070	2847	2903	5923
5	2961	2826	2809	5924
5	3286	3173	3263	5925
5	3244	3124	3123	5926
5	2962	2813	2696	5927
5	2963	2949	2828	5928
5	2963	2828	2795	5929
5	3281	3037	3142	5930
5	2964	2825	2634	5931
5	3039	2903	2802	5932
5	3166	2961	3070	5933
5	2966	2833	2965	5934
5	3039	2802	2966	5935
5	3096	2715	2967	5936
5	2967	2715	2578	5937
5	3022	2908	2956	5938
5	3098	2938	2838	5939
5	2969	2917	2839	5940
5	2969	2839	2846	5941
5	2971	2822	2845	5942
5	3090	2958	2957	5943
5	2972	2844	2843	5944
5	3016	2957	2971	5945
5	3091	2960	3086	5946
5	2980	2978	2853	5947
5	2974	2796	2827	5948
5	2974	2848	2796	5949
5	3062	3041	2978	5950
5	3095	3039	2966	5951
5	2976	2789	2849	5952
5	2975	2849	2841	5953
5	3044	2892	2948	5954
5	3103	3033	2976	5955
5	2977	2965	2832	5956
5	2977	2832	2787	5957
5	2980	2858	2979	5958
5	3086	2960	2961	5959
5	2980	2853	2858	5960
5	2979	2858	2857	5961
5	3100	2914	2922	5962
5	3248	3179	3128	5963
5	2985	2861	2983	5964
5	2987	2862	2985	5965
5	3005	2851	2982	5966
5	3007	2881	3005	5967
5	3168	3008	3047	5968
5	2991	2866	2990	5969
5	3129	3005	2982	5970
5	2984	2982	2860	5971
5	3106	2982	2984	5972
5	2997	2872	2996	5973
5	3110	2986	2927	5974
5	2986	2984	2852	5975
5	3018	2919	2899	5976
5	3082	2905	3015	5977
5	3229	3108	3110	5978
5	3331	3204	3259	5979
5	3067	2949	2963	5980
5	3251	3129	3249	5981
5	3109	2987	2985	5982
5	3111	2988	2987	5983
5	3118	2993	3117	5984
5	3113	2989	2988	5985
5	3119	2994	3118	5986
5	3126	3002	3001	5987
5	3114	2990	2989	5988
5	3120	2995	3119	5989
5	3115	2991	2990	5990
5	3128	3004	3003	5991
5	3116	2992	2991	5992
5	3128	3003	3127	5993
5	3117	2993	2992	5994
5	3121	2996	3120	5995
5	3118	2994	2993	5996
5	3128	3048	3004	5997
5	3000	2842	2876	5998
5	3000	2876	2999	5999
5	3241	3121	3120	6000
5	3428	3373	3297	6001
5	3122	2999	2998	6002
5	3062	2978	2980	6003
5	3119	2995	2994	6004
5	3246	3125	3245	6005
5	3121	2997	2996	6006
5	3245	3121	3241	6007
5	3263	3173	3179	6008
5	3120	2996	2995	6009
5	3321	3225	3276	6010
5	3161	3044	3084	6011
5	3132	3105	2981	6012
5	3444	3442	3324	6013
5	3008	2840	2883	6014
5	3175	3006	3130	6015
5	3264	3014	2897	6016
5	3007	2882	2881	6017
5	3109	2985	3107	6018
5	3105	2983	2981	6019
5	3177	3052	3163	6020
5	3254	3133	3253	6021
5	3253	3133	3050	6022
5	3163	3052	3041	6023
5	3054	2931	3034	6024
5	3054	3013	2931	6025
5	3012	2932	2888	6026
5	3012	2888	2890	6027
5	3013	3012	2890	6028
5	3013	2890	2889	6029
5	3130	3006	2882	6030
5	3032	2929	2834	6031
5	3185	3029	3054	6032
5	3180	3137	3026	6033
5	3104	3062	2980	6034
5	3050	2952	2891	6035
5	3036	2956	2812	6036
5	3059	2941	2837	6037
5	3112	2949	3067	6038
5	3112	2927	2949	6039
5	3108	2984	2986	6040
5	3067	2963	3019	6041
5	3247	3127	3126	6042
5	3125	3001	2997	6043
5	3021	2939	2911	6044
5	3075	2912	2901	6045
5	3098	2838	2968	6046
5	3097	2908	3022	6047
5	3036	2812	2917	6048
5	3036	3022	2956	6049
5	3096	2967	3024	6050
5	3024	2967	2918	6051
5	3025	2950	2900	6052
5	3043	2975	2893	6053
5	3200	3018	3170	6054
5	3350	3347	3231	6055
5	3265	3197	3017	6056
5	3266	3078	3182	6057
5	3094	2904	2825	6058
5	3089	2829	2959	6059
5	3034	2931	3011	6060
5	3134	3010	3009	6061
5	3074	2945	3061	6062
5	3074	2933	2945	6063
5	3271	3060	3156	6064
5	3031	2897	2785	6065
5	3376	3309	3162	6066
5	3072	2772	2929	6067
5	3033	3025	2900	6068
5	3033	2900	2976	6069
5	3054	3029	3013	6070
5	3436	3312	3435	6071
5	3186	3065	2940	6072
5	3060	2816	2953	6073
5	3220	3098	3219	6074
5	3040	2969	3023	6075
5	3142	3037	2803	6076
5	3046	2716	2947	6077
5	3051	2973	2972	6078
5	3194	3055	3085	6079
5	3188	2962	3087	6080
5	3045	2924	2850	6081
5	3040	3036	2917	6082
5	3040	2917	2969	6083
5	3092	2973	3051	6084
5	3104	2979	3038	6085
5	3095	2965	3042	6086
5	3042	2965	2977	6087
5	3103	2976	2975	6088
5	3202	3157	3068	6089
5	3084	2955	3049	6090
5	3084	2948	2955	6091
5	3319	3192	3268	6092
5	3482	3372	3417	6093
5	3035	2791	2909	6094
5	3035	2808	2791	6095
5	3130	2882	3007	6096
5	3116	2991	3115	6097
5	3048	3020	2898	6098
5	3048	2898	3004	6099
5	3084	3044	2948	6100
5	3049	2955	2943	6101
5	3133	3009	2952	6102
5	3134	3009	3133	6103
5	3148	3049	3080	6104
5	3124	2970	3000	6105
5	3085	2951	2926	6106
5	3055	3050	2891	6107
5	3075	2934	2912	6108
5	3205	3056	3152	6109
5	3270	3205	3152	6110
5	3255	3176	3135	6111
5	3071	2902	3057	6112
5	3071	2926	2902	6113
5	3395	3316	3289	6114
5	3075	2901	3056	6115
5	3253	3050	3140	6116
5	3085	2926	3071	6117
5	3060	3028	2816	6118
5	3035	2953	2808	6119
5	3219	3097	3218	6120
5	3094	2825	2964	6121
5	3066	2909	2910	6122
5	3376	3162	3183	6123
5	3079	2942	2933	6124
5	3079	3030	2942	6125
5	3101	2972	2970	6126
5	3203	3057	3177	6127
5	3220	3059	2938	6128
5	3218	3097	3022	6129
5	3069	2916	3064	6130
5	3104	2980	2979	6131
5	3159	3027	2935	6132
5	3160	2803	2637	6133
5	3303	3065	3186	6134
5	3199	2909	3066	6135
5	3170	3018	3081	6136
5	3207	3079	3074	6137
5	3214	3051	3172	6138
5	3444	3322	3396	6139
5	3069	3068	2921	6140
5	3069	2921	2916	6141
5	3087	2848	2974	6142
5	3102	2974	2958	6143
5	3410	3268	3273	6144
5	3085	3055	2951	6145
5	3196	2946	3096	6146
5	3275	3028	3060	6147
5	3073	3056	2932	6148
5	3073	2932	3012	6149
5	3316	3144	3289	6150
5	3501	3379	3498	6151
5	3180	3026	3021	6152
5	3556	3446	3436	6153
5	3275	3139	3028	6154
5	3165	3058	2904	6155
5	3206	3047	2928	6156
5	3077	2928	2797	6157
5	3088	2959	2941	6158
5	3195	2941	3059	6159
5	3345	3228	3288	6160
5	3180	3021	3158	6161
5	3080	3049	2943	6162
5	3080	2943	2950	6163
5	3081	3018	2899	6164
5	3081	2899	2944	6165
5	3082	3081	2944	6166
5	3082	2944	2905	6167
5	3083	3066	2910	6168
5	3083	2910	2923	6169
5	3580	3374	3471	6170
5	3364	3246	3363	6171
5	3045	3042	2977	6172
5	3045	2977	2924	6173
5	3091	2920	2960	6174
5	3213	3090	3016	6175
5	3209	3038	3100	6176
5	3093	2954	2813	6177
5	3182	3078	2906	6178
5	3210	3089	2959	6179
5	3210	2959	3088	6180
5	3382	3088	3195	6181
5	3320	3215	3147	6182
5	3344	3224	3213	6183
5	3279	3086	3166	6184
5	3212	3091	3086	6185
5	3311	3167	3161	6186
5	3099	2922	2920	6187
5	3095	2966	2965	6188
5	3211	3087	2974	6189
5	3155	2964	3089	6190
5	3299	3037	3281	6191
5	3282	3221	3212	6192
5	3209	3164	3038	6193
5	3264	3031	3136	6194
5	3151	3077	2937	6195
5	3198	3138	3023	6196
5	3187	3022	3036	6197
5	3198	3023	3063	6198
5	3219	3098	3097	6199
5	3322	3203	3261	6200
5	3100	3038	2914	6201
5	3221	3099	3091	6202
5	3261	3203	3177	6203
5	3123	2999	3122	6204
5	3123	3000	2999	6205
5	3448	3334	3332	6206
5	3146	2903	3039	6207
5	3189	3033	3103	6208
5	3276	3225	3150	6209
5	3202	3068	3069	6210
5	3324	3194	3190	6211
5	3107	2985	2983	6212
5	3114	2989	3113	6213
5	3129	2982	3106	6214
5	3131	3005	3129	6215
5	3111	2987	3109	6216
5	3113	2988	3111	6217
5	3227	3106	3108	6218
5	3108	3106	2984	6219
5	3201	3019	3200	6220
5	3125	2997	3121	6221
5	3238	3117	3237	6222
5	3110	3108	2986	6223
5	3368	3249	3366	6224
5	3317	3180	3158	6225
5	3231	3110	3112	6226
5	3112	3110	2927	6227
5	3201	3067	3019	6228
5	3200	3019	3018	6229
5	3169	3081	3082	6230
5	3406	3346	3347	6231
5	3230	3109	3228	6232
5	3232	3113	3111	6233
5	3237	3116	3236	6234
5	3126	3001	3125	6235
5	3234	3114	3113	6236
5	3239	3118	3238	6237
5	3235	3115	3114	6238
5	3241	3120	3240	6239
5	3236	3116	3115	6240
5	3237	3117	3116	6241
5	3248	3127	3247	6242
5	3238	3118	3117	6243
5	3545	3521	3428	6244
5	3239	3119	3118	6245
5	3244	3123	3243	6246
5	3124	3000	3123	6247
5	3396	3261	3374	6248
5	3124	3101	2970	6249
5	3208	3049	3148	6250
5	3167	3044	3161	6251
5	3246	3126	3125	6252
5	3240	3120	3119	6253
5	3245	3125	3121	6254
5	3399	3311	3262	6255
5	3248	3128	3127	6256
5	3428	3321	3387	6257
5	3150	3043	3020	6258
5	3443	3311	3399	6259
5	3249	3129	3106	6260
5	3283	3151	3014	6261
5	3132	2981	3008	6262
5	3264	2897	3031	6263
5	3661	3548	3506	6264
5	3131	3007	3005	6265
5	3252	3171	3105	6266
5	3295	3130	3250	6267
5	3535	3413	3494	6268
5	3255	3135	3134	6269
5	3416	3293	3378	6270
5	3324	3190	3322	6271
5	3177	3057	3052	6272
5	3194	3085	3190	6273
5	3509	3309	3376	6274
5	3206	2928	3077	6275
5	3137	3061	3026	6276
5	3289	3144	3207	6277
5	3187	3036	3040	6278
5	3187	3040	3138	6279
5	3139	3076	2936	6280
5	3139	2936	3028	6281
5	3194	3140	3055	6282
5	3190	3085	3071	6283
5	3141	3080	3025	6284
5	3262	3161	3208	6285
5	3303	3281	3142	6286
5	3155	3094	2964	6287
5	3143	3082	3015	6288
5	3440	3317	3307	6289
5	3178	3015	3030	6290
5	3144	3030	3079	6291
5	3217	3046	3162	6292
5	3398	3159	3277	6293
5	3226	3104	3164	6294
5	3146	3070	2903	6295
5	3146	3039	3095	6296
5	3147	3045	2954	6297
5	3323	3167	3311	6298
5	3392	3300	3381	6299
5	3149	3141	3025	6300
5	3149	3025	3033	6301
5	3189	3149	3033	6302
5	3225	3043	3150	6303
5	3301	3206	3077	6304
5	3250	3130	3007	6305
5	3556	3436	3551	6306
5	3176	3034	3135	6307
5	3153	3152	3073	6308
5	3153	3073	3029	6309
5	3226	3062	3104	6310
5	3164	3104	3038	6311
5	3302	3094	3155	6312
5	3303	3142	3065	6313
5	3304	3199	3066	6314
5	3305	3156	3199	6315
5	3157	3122	3068	6316
5	3381	3300	3260	6317
5	3874	3769	3765	6318
5	3352	3233	3201	6319
5	3165	2904	3094	6320
5	3393	3266	3182	6321
5	3160	3065	3142	6322
5	3160	3142	2803	6323
5	3167	3064	3044	6324
5	3191	3069	3064	6325
5	3764	3430	3536	6326
5	3217	3083	3046	6327
5	3310	3163	3154	6328
5	3285	3214	3172	6329
5	3215	3042	3147	6330
5	3147	3042	3045	6331
5	3274	3058	3165	6332
5	3333	3155	3089	6333
5	3278	3087	3211	6334
5	3211	2974	3102	6335
5	3362	3245	3241	6336
5	3300	3141	3260	6337
5	3171	3107	3105	6338
5	3168	3132	3008	6339
5	3312	3143	3298	6340
5	3233	3112	3067	6341
5	3397	3259	3296	6342
5	3328	3200	3170	6343
5	3232	3111	3230	6344
5	3230	3111	3109	6345
5	3223	3213	3016	6346
5	3222	3100	3099	6347
5	3173	3150	3020	6348
5	3173	3020	3048	6349
5	3326	3136	3196	6350
5	3183	2947	2894	6351
5	3314	3174	3032	6352
5	3175	3032	3006	6353
5	3185	3153	3029	6354
5	3192	3034	3176	6355
5	3291	3226	3164	6356
5	3520	3396	3484	6357
5	3446	3313	3436	6358
5	3485	3380	3440	6359
5	3179	3173	3048	6360
5	3179	3048	3128	6361
5	3270	3258	3205	6362
5	3370	3253	3294	6363
5	3195	3088	2941	6364
5	3197	2915	3017	6365
5	3418	3275	3060	6366
5	3308	3027	3159	6367
5	3301	3077	3151	6368
5	3283	3014	3264	6369
5	3184	3183	2894	6370
5	3184	2894	3072	6371
5	3440	3307	3390	6372
5	3269	3152	3153	6373
5	3418	3060	3271	6374
5	3337	3145	3217	6375
5	3218	3022	3187	6376
5	3220	2938	3098	6377
5	3320	3093	3188	6378
5	3188	3093	2962	6379
5	3381	3260	3373	6380
5	3311	3161	3262	6381
5	3310	3154	3256	6382
5	3294	3140	3287	6383
5	3474	3364	3363	6384
5	3202	3069	3191	6385
5	3192	3185	3054	6386
5	3192	3054	3034	6387
5	3193	3158	3053	6388
5	3193	3053	3075	6389
5	3315	3177	3163	6390
5	3287	3140	3194	6391
5	3651	3393	3534	6392
5	3400	3078	3266	6393
5	3337	3217	3309	6394
5	3309	3217	3162	6395
5	3198	3063	3197	6396
5	3197	3063	2915	6397
5	3318	3210	3088	6398
5	3265	3017	3181	6399
5	3199	3156	3035	6400
5	3199	3035	2909	6401
5	3313	3170	3169	6402
5	3240	3119	3239	6403
5	3234	3113	3232	6404
5	3228	3109	3107	6405
5	3401	3257	3360	6406
5	3360	3242	3244	6407
5	3203	3190	3071	6408
5	3203	3071	3057	6409
5	3207	3144	3079	6410
5	3204	3074	3061	6411
5	3205	3193	3075	6412
5	3205	3075	3056	6413
5	3250	3007	3131	6414
5	3402	3330	3206	6415
5	3298	3143	3178	6416
5	3317	3158	3307	6417
5	3208	3161	3084	6418
5	3208	3084	3049	6419
5	3486	3411	3447	6420
5	3278	3188	3087	6421
5	3302	3165	3094	6422
5	3487	3266	3393	6423
5	3224	3102	3090	6424
5	3331	3289	3207	6425
5	3221	3091	3212	6426
5	3223	3092	3214	6427
5	3224	3090	3213	6428
5	3335	3102	3224	6429
5	3371	3254	3370	6430
5	3214	3092	3051	6431
5	3215	3146	3095	6432
5	3215	3095	3042	6433
5	3216	3196	3096	6434
5	3216	3096	3024	6435
5	3299	3024	3037	6436
5	3217	3145	3083	6437
5	3340	3059	3220	6438
5	3338	3198	3327	6439
5	3327	3198	3197	6440
5	3338	3138	3198	6441
5	3218	3187	3138	6442
5	3339	3220	3219	6443
5	3222	3099	3221	6444
5	3222	3209	3100	6445
5	3223	3016	3092	6446
5	3280	3243	3157	6447
5	3291	3256	3226	6448
5	3405	3282	3212	6449
5	3342	3221	3282	6450
5	3361	3243	3280	6451
5	3225	3189	3103	6452
5	3225	3103	3043	6453
5	3284	3164	3209	6454
5	3226	3154	3062	6455
5	3228	3107	3171	6456
5	3249	3106	3227	6457
5	3247	3126	3246	6458
5	3351	3232	3348	6459
5	3488	3389	3367	6460
5	3229	3227	3108	6461
5	3236	3115	3235	6462
5	3235	3114	3234	6463
5	3313	3169	3312	6464
5	3231	3229	3110	6465
5	3349	3200	3328	6466
5	3349	3201	3200	6467
5	3353	3234	3351	6468
5	3233	3231	3112	6469
5	3346	3227	3229	6470
5	3478	3366	3476	6471
5	3328	3170	3313	6472
5	3312	3169	3143	6473
5	3348	3232	3230	6474
5	3359	3241	3240	6475
5	3351	3234	3232	6476
5	3357	3238	3356	6477
5	3353	3235	3234	6478
5	3362	3241	3359	6479
5	3354	3236	3235	6480
5	3355	3237	3236	6481
5	3365	3247	3364	6482
5	3356	3238	3237	6483
5	3363	3245	3362	6484
5	3357	3239	3238	6485
5	3242	3172	3101	6486
5	3242	3101	3124	6487
5	3336	3223	3214	6488
5	3243	3123	3122	6489
5	3343	3223	3336	6490
5	3428	3297	3321	6491
5	3358	3240	3239	6492
5	3359	3240	3358	6493
5	3365	3290	3248	6494
5	3363	3246	3245	6495
5	3762	3632	3716	6496
5	3529	3420	3489	6497
5	3491	3385	3407	6498
5	3530	3381	3526	6499
5	3492	3479	3369	6500
5	3292	3252	3132	6501
5	3252	3105	3132	6502
5	3295	3175	3130	6503
5	3593	3388	3496	6504
5	3251	3131	3129	6505
5	3288	3228	3171	6506
5	3369	3288	3171	6507
5	3254	3134	3133	6508
5	3255	3134	3254	6509
5	3371	3255	3254	6510
5	3378	3319	3377	6511
5	3322	3190	3203	6512
5	3416	3269	3293	6513
5	3526	3373	3521	6514
5	3447	3323	3443	6515
5	3403	3279	3166	6516
5	3335	3211	3102	6517
5	3417	3270	3269	6518
5	3270	3152	3269	6519
5	3259	3204	3137	6520
5	3551	3436	3435	6521
5	3297	3260	3149	6522
5	3297	3149	3189	6523
5	3360	3257	3242	6524
5	3495	3386	3481	6525
5	3420	3286	3385	6526
5	3584	3474	3583	6527
5	3364	3247	3246	6528
5	3365	3248	3247	6529
5	3314	3032	3175	6530
5	3511	3409	3330	6531
5	3327	3197	3265	6532
5	3338	3219	3218	6533
5	3419	3139	3275	6534
5	3415	3318	3382	6535
5	3267	3184	3072	6536
5	3267	3072	3174	6537
5	3268	3192	3176	6538
5	3371	3273	3255	6539
5	3800	3705	3768	6540
5	3417	3269	3416	6541
5	3650	3501	3629	6542
5	3553	3440	3390	6543
5	3499	3391	3303	6544
5	3277	3076	3139	6545
5	3272	3262	3208	6546
5	3272	3208	3148	6547
5	3273	3268	3176	6548
5	3273	3176	3255	6549
5	3375	3136	3326	6550
5	3274	3186	3058	6551
5	3419	3275	3418	6552
5	3277	3159	3076	6553
5	3521	3373	3428	6554
5	3387	3321	3276	6555
5	3595	3505	3549	6556
5	3308	3182	3027	6557
5	3343	3213	3223	6558
5	3279	3212	3086	6559
5	3332	3146	3215	6560
5	3334	3070	3146	6561
5	3652	3539	3579	6562
5	3413	3272	3392	6563
5	3547	3274	3430	6564
5	3299	3216	3024	6565
5	3558	3448	3383	6566
5	3341	3209	3222	6567
5	3444	3324	3322	6568
5	3367	3250	3131	6569
5	3285	3172	3257	6570
5	3291	3164	3284	6571
5	3336	3214	3285	6572
5	3344	3213	3343	6573
5	3286	3276	3150	6574
5	3286	3150	3173	6575
5	3294	3253	3140	6576
5	3370	3254	3253	6577
5	3345	3230	3228	6578
5	3355	3236	3354	6579
5	3553	3390	3497	6580
5	3446	3328	3313	6581
5	3290	3263	3179	6582
5	3290	3179	3248	6583
5	3425	3257	3401	6584
5	3502	3425	3401	6585
5	3366	3249	3227	6586
5	3503	3292	3409	6587
5	3293	3269	3153	6588
5	3293	3153	3185	6589
5	3456	3344	3343	6590
5	3412	3256	3291	6591
5	3375	3264	3136	6592
5	3519	3437	3314	6593
5	3296	3259	3137	6594
5	3296	3137	3180	6595
5	3438	3256	3412	6596
5	3589	3481	3480	6597
5	3669	3497	3596	6598
5	3397	3296	3380	6599
5	3304	3066	3145	6600
5	3325	3196	3216	6601
5	3300	3272	3148	6602
5	3300	3148	3141	6603
5	3330	3047	3206	6604
5	3330	3168	3047	6605
5	3431	3304	3394	6606
5	3536	3302	3404	6607
5	3735	3656	3542	6608
5	3487	3415	3266	6609
5	3305	3271	3156	6610
5	3305	3199	3304	6611
5	3500	3281	3391	6612
5	3431	3305	3304	6613
5	3306	3280	3157	6614
5	3306	3157	3202	6615
5	3317	3296	3180	6616
5	3307	3158	3193	6617
5	3441	3210	3318	6618
5	3382	3195	3340	6619
5	3483	3325	3433	6620
5	3506	3431	3394	6621
5	3315	3261	3177	6622
5	3315	3163	3310	6623
5	3329	3202	3191	6624
5	3329	3191	3323	6625
5	3628	3533	3594	6626
5	3423	3331	3379	6627
5	3435	3298	3429	6628
5	3429	3316	3395	6629
5	3414	3184	3267	6630
5	3437	3174	3314	6631
5	3481	3370	3480	6632
5	3538	3386	3495	6633
5	3316	3298	3178	6634
5	3316	3178	3144	6635
5	3497	3372	3482	6636
5	3378	3293	3319	6637
5	3441	3333	3210	6638
5	3333	3089	3210	6639
5	3319	3293	3185	6640
5	3319	3185	3192	6641
5	3320	3147	3093	6642
5	3331	3207	3204	6643
5	3321	3297	3189	6644
5	3321	3189	3225	6645
5	3324	3287	3194	6646
5	3447	3411	3329	6647
5	3507	3454	3450	6648
5	3329	3306	3202	6649
5	3396	3322	3261	6650
5	3527	3447	3443	6651
5	3326	3196	3325	6652
5	3388	3301	3151	6653
5	3801	3711	3601	6654
5	3388	3151	3283	6655
5	3340	3195	3059	6656
5	3338	3218	3138	6657
5	3435	3312	3298	6658
5	3358	3239	3357	6659
5	3392	3272	3300	6660
5	3599	3563	3507	6661
5	3737	3633	3493	6662
5	3367	3131	3251	6663
5	3515	3279	3403	6664
5	3332	3215	3320	6665
5	3334	3146	3332	6666
5	3334	3166	3070	6667
5	3404	3155	3333	6668
5	3393	3182	3308	6669
5	3403	3166	3334	6670
5	3448	3403	3334	6671
5	3448	3332	3383	6672
5	3449	3211	3335	6673
5	3471	3315	3310	6674
5	3616	3405	3515	6675
5	3524	3506	3394	6676
5	3391	3281	3303	6677
5	3340	3220	3339	6678
5	3339	3219	3338	6679
5	3452	3327	3265	6680
5	3400	3265	3181	6681
5	3400	3181	3078	6682
5	3382	3318	3088	6683
5	3453	3424	3284	6684
5	3341	3284	3209	6685
5	3342	3341	3222	6686
5	3342	3222	3221	6687
5	3450	3336	3285	6688
5	3425	3285	3257	6689
5	3454	3343	3336	6690
5	3597	3513	3560	6691
5	3348	3230	3345	6692
5	3356	3237	3355	6693
5	3476	3366	3346	6694
5	3366	3227	3346	6695
5	3347	3346	3229	6696
5	3347	3229	3231	6697
5	3736	3592	3626	6698
5	3354	3235	3353	6699
5	3352	3201	3349	6700
5	3350	3231	3233	6701
5	3474	3363	3473	6702
5	3461	3458	3350	6703
5	3458	3347	3350	6704
5	3459	3351	3348	6705
5	3458	3406	3347	6706
5	3352	3350	3233	6707
5	3565	3384	3457	6708
5	3460	3352	3349	6709
5	3463	3328	3446	6710
5	3429	3298	3316	6711
5	3436	3313	3312	6712
5	3462	3351	3459	6713
5	3462	3353	3351	6714
5	3464	3354	3353	6715
5	3582	3473	3472	6716
5	3465	3355	3354	6717
5	3473	3362	3472	6718
5	3466	3356	3355	6719
5	3475	3364	3474	6720
5	3467	3357	3356	6721
5	3411	3306	3329	6722
5	3510	3401	3470	6723
5	3361	3360	3244	6724
5	3361	3244	3243	6725
5	3472	3359	3469	6726
5	3468	3358	3357	6727
5	3469	3359	3358	6728
5	3475	3408	3365	6729
5	3473	3363	3362	6730
5	3983	3911	3982	6731
5	3699	3606	3641	6732
5	3472	3362	3359	6733
5	3479	3457	3288	6734
5	3426	3252	3292	6735
5	3369	3171	3252	6736
5	3711	3492	3601	6737
5	3704	3488	3608	6738
5	3368	3251	3249	6739
5	3476	3346	3406	6740
5	3384	3348	3345	6741
5	3481	3386	3371	6742
5	3480	3370	3294	6743
5	3696	3544	3657	6744
5	3410	3273	3386	6745
5	3417	3372	3270	6746
5	3481	3371	3370	6747
5	3491	3407	3490	6748
5	3602	3490	3517	6749
5	3438	3310	3256	6750
5	3741	3522	3616	6751
5	3552	3414	3267	6752
5	3434	3337	3309	6753
5	3524	3394	3337	6754
5	3493	3376	3414	6755
5	3377	3319	3268	6756
5	3386	3273	3371	6757
5	3518	3442	3444	6758
5	3544	3442	3518	6759
5	3379	3331	3259	6760
5	3629	3498	3628	6761
5	3397	3379	3259	6762
5	3380	3296	3317	6763
5	3951	3855	3927	6764
5	3603	3521	3545	6765
5	3452	3339	3338	6766
5	3452	3265	3400	6767
5	3902	3706	3813	6768
5	3383	3188	3278	6769
5	3466	3355	3465	6770
5	3468	3357	3467	6771
5	3385	3286	3263	6772
5	3475	3365	3364	6773
5	3410	3377	3268	6774
5	3703	3594	3610	6775
5	3494	3413	3392	6776
5	3742	3659	3707	6777
5	3402	3301	3388	6778
5	3402	3206	3301	6779
5	3389	3295	3250	6780
5	3389	3250	3367	6781
5	3440	3380	3317	6782
5	3390	3307	3258	6783
5	3433	3216	3299	6784
5	3433	3325	3216	6785
5	3648	3530	3526	6786
5	3526	3381	3373	6787
5	3404	3302	3155	6788
5	3531	3404	3333	6789
5	3394	3304	3145	6790
5	3394	3145	3337	6791
5	3550	3429	3546	6792
5	3533	3380	3485	6793
5	3427	3294	3287	6794
5	3480	3294	3427	6795
5	3498	3379	3397	6796
5	3546	3395	3532	6797
5	3534	3393	3308	6798
5	3398	3308	3159	6799
5	3743	3728	3604	6800
5	3627	3490	3602	6801
5	3452	3340	3339	6802
5	3452	3338	3327	6803
5	3421	3306	3411	6804
5	3607	3518	3520	6805
5	3409	3292	3168	6806
5	3409	3168	3330	6807
5	3451	3342	3282	6808
5	3405	3212	3279	6809
5	3432	3305	3431	6810
5	3764	3547	3430	6811
5	3422	3335	3224	6812
5	3422	3224	3344	6813
5	3569	3459	3516	6814
5	3457	3345	3288	6815
5	3407	3385	3263	6816
5	3407	3263	3290	6817
5	3408	3407	3290	6818
5	3408	3290	3365	6819
5	3704	3600	3488	6820
5	3426	3369	3252	6821
5	4003	3938	3984	6822
5	3609	3528	3538	6823
5	3439	3361	3280	6824
5	3504	3439	3421	6825
5	3421	3280	3306	6826
5	3470	3360	3361	6827
5	3413	3399	3262	6828
5	3413	3262	3272	6829
5	3414	3376	3183	6830
5	3414	3183	3184	6831
5	3415	3382	3400	6832
5	3415	3400	3266	6833
5	3540	3416	3378	6834
5	3610	3594	3485	6835
5	3667	3551	3550	6836
5	3692	3623	3584	6837
5	3542	3277	3419	6838
5	3419	3277	3139	6839
5	3430	3165	3302	6840
5	3505	3419	3418	6841
5	3420	3387	3276	6842
5	3420	3276	3286	6843
5	3705	3605	3655	6844
5	3688	3543	3604	6845
5	3455	3341	3342	6846
5	3512	3403	3448	6847
5	3423	3395	3289	6848
5	3423	3289	3331	6849
5	3424	3412	3291	6850
5	3424	3291	3284	6851
5	3450	3285	3425	6852
5	3522	3451	3282	6853
5	3477	3367	3251	6854
5	3477	3251	3368	6855
5	3543	3411	3486	6856
5	3804	3721	3790	6857
5	3936	3817	3812	6858
5	3794	3692	3691	6859
5	3532	3423	3501	6860
5	3463	3349	3328	6861
5	3499	3303	3186	6862
5	3430	3274	3165	6863
5	3432	3271	3305	6864
5	3432	3418	3271	6865
5	3500	3299	3281	6866
5	3547	3499	3186	6867
5	3524	3337	3434	6868
5	3555	3375	3326	6869
5	3600	3523	3389	6870
5	3375	3283	3264	6871
5	3754	3628	3753	6872
5	3501	3423	3379	6873
5	3551	3435	3550	6874
5	3532	3395	3423	6875
5	3631	3402	3593	6876
5	3437	3267	3174	6877
5	3439	3280	3421	6878
5	3471	3310	3438	6879
5	3470	3361	3439	6880
5	3470	3401	3360	6881
5	3541	3417	3416	6882
5	3645	3528	3609	6883
5	3554	3318	3415	6884
5	3591	3531	3441	6885
5	3442	3427	3287	6886
5	3442	3287	3324	6887
5	3447	3329	3323	6888
5	3443	3323	3311	6889
5	3519	3314	3175	6890
5	3511	3330	3402	6891
5	3708	3615	3555	6892
5	3445	3326	3325	6893
5	3572	3446	3556	6894
5	3469	3358	3468	6895
5	3383	3332	3320	6896
5	3383	3320	3188	6897
5	3449	3278	3211	6898
5	3598	3561	3456	6899
5	3558	3278	3449	6900
5	3558	3383	3278	6901
5	3559	3450	3425	6902
5	3515	3403	3512	6903
5	3455	3342	3451	6904
5	3453	3284	3341	6905
5	3452	3400	3382	6906
5	3452	3382	3340	6907
5	3454	3336	3450	6908
5	3559	3425	3502	6909
5	3456	3343	3454	6910
5	3741	3616	3701	6911
5	3709	3561	3598	6912
5	3455	3453	3341	6913
5	3736	3707	3592	6914
5	3580	3471	3539	6915
5	3573	3464	3571	6916
5	3457	3384	3345	6917
5	3459	3348	3384	6918
5	3516	3459	3384	6919
5	3464	3353	3462	6920
5	3465	3354	3464	6921
5	3461	3352	3460	6922
5	3461	3350	3352	6923
5	3805	3755	3635	6924
5	3537	3476	3406	6925
5	3618	3537	3566	6926
5	3583	3473	3582	6927
5	3666	3516	3619	6928
5	3463	3460	3349	6929
5	3569	3462	3459	6930
5	3567	3461	3460	6931
5	3806	3608	3745	6932
5	3546	3429	3395	6933
5	3550	3435	3429	6934
5	3904	3711	3801	6935
5	3571	3464	3462	6936
5	3573	3465	3464	6937
5	3584	3517	3475	6938
5	3574	3466	3465	6939
5	3692	3583	3691	6940
5	3575	3467	3466	6941
5	3604	3543	3486	6942
5	3530	3392	3381	6943
5	3589	3480	3588	6944
5	3471	3374	3315	6945
5	3690	3582	3581	6946
5	3576	3468	3467	6947
5	3582	3472	3581	6948
5	3577	3469	3468	6949
5	3583	3474	3473	6950
5	3626	3489	3491	6951
5	3581	3472	3469	6952
5	3584	3475	3474	6953
5	3585	3368	3478	6954
5	3488	3367	3477	6955
5	3479	3288	3369	6956
5	3503	3426	3292	6957
5	3600	3389	3488	6958
5	3478	3368	3366	6959
5	3492	3369	3426	6960
5	3570	3460	3463	6961
5	3513	3412	3424	6962
5	3541	3416	3540	6963
5	3525	3378	3377	6964
5	3654	3540	3525	6965
5	3541	3482	3417	6966
5	3540	3378	3525	6967
5	3624	3445	3483	6968
5	3483	3445	3325	6969
5	3484	3396	3374	6970
5	3580	3484	3374	6971
5	3753	3594	3703	6972
5	3768	3655	3654	6973
5	3766	3687	3652	6974
5	3527	3486	3447	6975
5	3542	3398	3277	6976
5	3554	3441	3318	6977
5	3519	3175	3295	6978
5	3555	3326	3445	6979
5	3489	3420	3385	6980
5	3788	3686	3653	6981
5	3491	3489	3385	6982
5	3490	3407	3408	6983
5	3626	3592	3489	6984
5	3934	3836	3897	6985
5	3608	3477	3585	6986
5	3586	3476	3537	6987
5	3509	3434	3309	6988
5	3509	3376	3493	6989
5	3508	3443	3399	6990
5	3527	3443	3508	6991
5	3589	3495	3481	6992
5	3588	3427	3544	6993
5	3496	3388	3283	6994
5	3496	3283	3375	6995
5	3553	3485	3440	6996
5	3497	3390	3372	6997
5	3747	3610	3669	6998
5	3660	3532	3650	6999
5	3548	3432	3431	7000
5	3549	3432	3548	7001
5	3514	3299	3500	7002
5	3514	3433	3299	7003
5	3610	3485	3553	7004
5	3747	3703	3610	7005
5	3578	3439	3504	7006
5	3612	3507	3559	7007
5	4010	3835	3944	7008
5	3585	3477	3368	7009
5	3578	3470	3439	7010
5	3510	3502	3401	7011
5	3531	3333	3441	7012
5	3534	3308	3398	7013
5	3549	3505	3418	7014
5	3548	3431	3506	7015
5	3563	3456	3454	7016
5	3579	3412	3513	7017
5	3648	3526	3646	7018
5	3898	3808	3868	7019
5	3633	3509	3493	7020
5	3643	3524	3434	7021
5	3539	3471	3438	7022
5	3564	3455	3451	7023
5	3608	3488	3477	7024
5	3805	3635	3733	7025
5	3616	3522	3405	7026
5	3515	3405	3279	7027
5	3716	3606	3699	7028
5	3653	3578	3504	7029
5	3644	3506	3524	7030
5	3590	3483	3433	7031
5	3563	3454	3507	7032
5	3522	3282	3405	7033
5	3574	3465	3573	7034
5	3572	3463	3446	7035
5	3517	3490	3408	7036
5	3517	3408	3475	7037
5	3544	3427	3442	7038
5	3588	3480	3427	7039
5	3640	3437	3519	7040
5	3552	3267	3437	7041
5	3520	3518	3444	7042
5	3520	3444	3396	7043
5	3530	3494	3392	7044
5	3808	3715	3762	7045
5	3557	3335	3422	7046
5	3642	3422	3561	7047
5	3523	3519	3295	7048
5	3523	3295	3389	7049
5	3644	3524	3643	7050
5	3590	3433	3514	7051
5	3799	3696	3717	7052
5	3654	3525	3645	7053
5	4029	3898	4020	7054
5	3817	3752	3718	7055
5	3657	3518	3607	7056
5	3767	3645	3761	7057
5	3528	3525	3377	7058
5	3528	3377	3410	7059
5	3545	3428	3387	7060
5	3529	3387	3420	7061
5	3659	3529	3592	7062
5	3606	3535	3494	7063
5	3649	3404	3531	7064
5	3536	3430	3302	7065
5	3655	3541	3540	7066
5	3628	3498	3533	7067
5	3533	3498	3397	7068
5	3533	3397	3380	7069
5	3554	3415	3487	7070
5	3670	3554	3487	7071
5	3535	3508	3399	7072
5	3535	3399	3413	7073
5	3649	3536	3404	7074
5	3547	3186	3274	7075
5	3621	3479	3492	7076
5	3587	3565	3457	7077
5	3538	3528	3410	7078
5	3538	3410	3386	7079
5	3696	3588	3544	7080
5	3638	3513	3597	7081
5	3719	3605	3705	7082
5	3645	3525	3528	7083
5	3869	3754	3864	7084
5	3655	3605	3541	7085
5	3651	3487	3393	7086
5	3656	3398	3542	7087
5	3543	3504	3421	7088
5	3543	3421	3411	7089
5	4118	4026	4045	7090
5	3854	3743	3847	7091
5	3646	3521	3603	7092
5	3715	3625	3647	7093
5	3665	3550	3546	7094
5	3629	3501	3498	7095
5	3723	3651	3656	7096
5	3549	3418	3432	7097
5	3671	3445	3624	7098
5	3724	3639	3662	7099
5	3749	3624	3483	7100
5	3842	3771	3664	7101
5	3667	3550	3665	7102
5	3694	3537	3618	7103
5	3665	3546	3660	7104
5	3650	3532	3501	7105
5	3613	3493	3414	7106
5	3593	3402	3388	7107
5	3655	3540	3654	7108
5	3769	3660	3650	7109
5	3649	3531	3591	7110
5	3591	3441	3554	7111
5	3634	3434	3509	7112
5	3708	3555	3671	7113
5	3780	3727	3622	7114
5	3905	3731	3826	7115
5	3672	3449	3557	7116
5	3557	3449	3335	7117
5	3672	3558	3449	7118
5	3558	3512	3448	7119
5	3673	3597	3560	7120
5	3559	3507	3450	7121
5	3560	3513	3424	7122
5	3560	3424	3453	7123
5	3561	3422	3344	7124
5	3561	3344	3456	7125
5	3562	3560	3453	7126
5	3562	3453	3455	7127
5	3598	3456	3563	7128
5	3675	3562	3564	7129
5	3702	3653	3688	7130
5	3564	3562	3455	7131
5	3568	3461	3567	7132
5	3565	3516	3384	7133
5	3566	3537	3406	7134
5	3566	3406	3458	7135
5	3568	3458	3461	7136
5	3568	3566	3458	7137
5	3581	3469	3577	7138
5	4076	3991	3925	7139
5	3571	3462	3569	7140
5	3577	3468	3576	7141
5	3679	3571	3622	7142
5	3570	3567	3460	7143
5	3576	3467	3575	7144
5	3575	3466	3574	7145
5	3677	3620	3567	7146
5	3572	3570	3463	7147
5	3620	3568	3567	7148
5	3676	3568	3620	7149
5	3826	3731	3692	7150
5	3676	3618	3566	7151
5	3681	3573	3679	7152
5	3689	3577	3685	7153
5	3679	3573	3571	7154
5	3681	3574	3573	7155
5	3691	3582	3690	7156
5	3683	3575	3574	7157
5	3612	3599	3507	7158
5	3578	3510	3470	7159
5	3579	3539	3438	7160
5	3579	3438	3412	7161
5	4110	4019	4075	7162
5	3730	3609	3614	7163
5	3812	3718	3732	7164
5	3684	3576	3575	7165
5	3690	3581	3689	7166
5	3685	3577	3576	7167
5	3846	3732	3731	7168
5	3691	3583	3582	7169
5	4063	3981	3987	7170
5	3732	3623	3731	7171
5	3587	3457	3479	7172
5	3750	3668	3523	7173
5	3711	3621	3492	7174
5	3586	3478	3476	7175
5	3700	3587	3621	7176
5	3695	3619	3565	7177
5	4034	3924	4003	7178
5	3658	3614	3495	7179
5	3625	3604	3486	7180
5	3732	3602	3623	7181
5	3726	3595	3663	7182
5	3671	3555	3445	7183
5	3735	3542	3419	7184
5	3735	3419	3505	7185
5	3592	3529	3489	7186
5	3936	3812	3935	7187
5	3850	3633	3737	7188
5	3901	3805	3733	7189
5	3594	3533	3485	7190
5	3765	3629	3754	7191
5	3663	3548	3661	7192
5	3661	3506	3644	7193
5	3596	3497	3482	7194
5	3820	3719	3705	7195
5	3790	3687	3766	7196
5	3638	3579	3513	7197
5	3740	3675	3564	7198
5	3675	3673	3562	7199
5	4064	3999	4030	7200
5	3740	3564	3674	7201
5	3750	3523	3600	7202
5	3613	3414	3552	7203
5	3601	3492	3426	7204
5	3601	3426	3503	7205
5	3689	3581	3577	7206
5	3692	3584	3583	7207
5	3836	3742	3802	7208
5	3710	3646	3603	7209
5	3763	3646	3710	7210
5	3817	3718	3812	7211
5	3605	3596	3482	7212
5	3605	3482	3541	7213
5	3625	3486	3527	7214
5	3632	3535	3606	7215
5	3687	3539	3652	7216
5	3762	3647	3632	7217
5	3745	3585	3693	7218
5	3621	3587	3479	7219
5	3790	3721	3617	7220
5	3657	3544	3518	7221
5	3875	3769	3874	7222
5	3747	3669	3713	7223
5	3611	3607	3520	7224
5	3611	3520	3484	7225
5	3788	3653	3702	7226
5	3673	3560	3562	7227
5	3615	3375	3555	7228
5	3749	3483	3590	7229
5	3614	3609	3538	7230
5	3614	3538	3495	7231
5	3816	3671	3751	7232
5	3615	3496	3375	7233
5	3672	3512	3558	7234
5	3741	3674	3522	7235
5	3617	3611	3484	7236
5	3617	3484	3580	7237
5	3622	3571	3569	7238
5	3619	3516	3565	7239
5	3660	3546	3532	7240
5	3676	3566	3568	7241
5	3682	3551	3667	7242
5	3680	3572	3556	7243
5	3693	3585	3478	7244
5	3693	3478	3586	7245
5	3683	3574	3681	7246
5	3677	3567	3570	7247
5	3623	3602	3517	7248
5	3623	3517	3584	7249
5	3815	3600	3704	7250
5	3816	3708	3671	7251
5	3647	3508	3632	7252
5	3647	3527	3508	7253
5	3752	3627	3718	7254
5	3931	3802	3834	7255
5	3627	3626	3491	7256
5	3627	3491	3490	7257
5	3785	3682	3667	7258
5	4065	3833	3912	7259
5	3713	3669	3596	7260
5	3753	3628	3594	7261
5	3630	3612	3559	7262
5	3630	3559	3502	7263
5	3904	3837	3711	7264
5	3631	3511	3402	7265
5	3647	3625	3527	7266
5	3632	3508	3535	7267
5	3634	3509	3633	7268
5	3663	3549	3548	7269
5	3848	3822	3774	7270
5	3643	3434	3634	7271
5	3635	3503	3409	7272
5	3635	3409	3511	7273
5	3636	3616	3515	7274
5	3636	3515	3512	7275
5	3637	3630	3502	7276
5	3637	3502	3510	7277
5	3652	3579	3638	7278
5	3687	3580	3539	7279
5	3639	3590	3514	7280
5	3639	3514	3500	7281
5	3757	3640	3668	7282
5	3640	3552	3437	7283
5	3641	3606	3494	7284
5	3641	3494	3530	7285
5	3642	3636	3557	7286
5	3642	3557	3422	7287
5	3758	3643	3634	7288
5	3770	3724	3725	7289
5	3821	3749	3759	7290
5	3835	3593	3814	7291
5	3838	3719	3820	7292
5	3768	3654	3767	7293
5	3648	3641	3530	7294
5	3646	3526	3521	7295
5	3819	3746	3798	7296
5	3734	3720	3607	7297
5	3722	3699	3641	7298
5	3761	3609	3730	7299
5	3841	3664	3499	7300
5	3774	3649	3591	7301
5	3773	3665	3772	7302
5	3772	3660	3769	7303
5	3670	3487	3651	7304
5	3670	3591	3554	7305
5	3686	3510	3578	7306
5	3738	3630	3637	7307
5	3686	3578	3653	7308
5	3686	3637	3510	7309
5	3761	3645	3609	7310
5	4065	3903	3833	7311
5	3829	3730	3746	7312
5	3820	3705	3800	7313
5	3656	3651	3534	7314
5	3656	3534	3398	7315
5	3658	3495	3589	7316
5	3734	3611	3721	7317
5	3697	3588	3696	7318
5	3697	3589	3588	7319
5	3659	3603	3545	7320
5	3659	3545	3529	7321
5	3863	3753	3703	7322
5	3754	3629	3628	7323
5	3759	3639	3724	7324
5	3968	3883	3917	7325
5	3662	3639	3500	7326
5	3662	3500	3391	7327
5	3723	3670	3651	7328
5	3663	3595	3549	7329
5	3664	3662	3391	7330
5	3664	3391	3499	7331
5	4150	4066	4134	7332
5	3682	3556	3551	7333
5	3666	3622	3569	7334
5	3666	3569	3516	7335
5	3765	3650	3629	7336
5	3772	3665	3660	7337
5	3668	3640	3519	7338
5	3668	3519	3523	7339
5	3669	3610	3553	7340
5	3669	3553	3497	7341
5	3906	3841	3764	7342
5	3774	3591	3670	7343
5	3835	3733	3631	7344
5	3737	3493	3613	7345
5	3672	3557	3636	7346
5	3672	3636	3512	7347
5	3776	3597	3673	7348
5	3775	3599	3612	7349
5	3674	3564	3451	7350
5	3674	3451	3522	7351
5	3813	3675	3740	7352
5	3852	3741	3701	7353
5	3729	3618	3676	7354
5	3778	3666	3619	7355
5	3783	3680	3682	7356
5	3779	3712	3677	7357
5	3678	3677	3570	7358
5	3678	3570	3572	7359
5	3685	3576	3684	7360
5	3684	3575	3683	7361
5	3779	3677	3678	7362
5	3680	3678	3572	7363
5	3712	3620	3677	7364
5	3773	3667	3665	7365
5	3785	3667	3773	7366
5	3682	3680	3556	7367
5	3782	3679	3727	7368
5	3794	3691	3793	7369
5	3826	3692	3794	7370
5	3769	3650	3765	7371
5	3926	3831	3907	7372
5	3784	3683	3681	7373
5	3706	3673	3675	7374
5	3714	3637	3686	7375
5	3748	3630	3738	7376
5	3687	3617	3580	7377
5	3688	3653	3504	7378
5	3688	3504	3543	7379
5	3792	3689	3791	7380
5	3786	3684	3683	7381
5	3793	3691	3690	7382
5	3787	3685	3684	7383
5	3846	3812	3732	7384
5	3793	3690	3792	7385
5	3791	3689	3685	7386
5	3792	3690	3689	7387
5	3695	3565	3587	7388
5	3992	3827	3929	7389
5	3827	3693	3795	7390
5	3694	3586	3537	7391
5	3700	3695	3587	7392
5	3777	3620	3712	7393
5	3697	3658	3589	7394
5	3932	3828	3839	7395
5	3873	3800	3768	7396
5	3890	3728	3854	7397
5	3735	3505	3698	7398
5	3698	3505	3595	7399
5	4254	4211	4214	7400
5	3722	3641	3648	7401
5	3825	3782	3727	7402
5	3796	3618	3729	7403
5	3701	3616	3636	7404
5	3701	3636	3642	7405
5	3909	3800	3873	7406
5	3829	3746	3819	7407
5	3833	3703	3747	7408
5	3767	3654	3645	7409
5	3745	3608	3585	7410
5	3994	3801	3933	7411
5	3768	3705	3655	7412
5	3872	3761	3867	7413
5	3748	3612	3630	7414
5	3789	3638	3744	7415
5	3707	3659	3592	7416
5	3840	3763	3807	7417
5	3814	3496	3615	7418
5	4077	3988	3910	7419
5	3709	3701	3642	7420
5	3709	3642	3561	7421
5	3943	3849	3913	7422
5	3807	3763	3710	7423
5	3801	3601	3755	7424
5	3910	3815	3704	7425
5	3797	3619	3695	7426
5	3727	3679	3622	7427
5	3873	3768	3767	7428
5	3912	3833	3857	7429
5	3738	3637	3714	7430
5	3775	3612	3748	7431
5	3743	3625	3715	7432
5	3728	3688	3604	7433
5	3762	3715	3647	7434
5	3716	3632	3606	7435
5	3717	3696	3657	7436
5	3721	3611	3617	7437
5	3718	3627	3602	7438
5	3993	3948	3945	7439
5	3719	3713	3596	7440
5	3719	3596	3605	7441
5	3720	3717	3657	7442
5	3720	3657	3607	7443
5	3734	3607	3611	7444
5	3847	3743	3715	7445
5	3834	3802	3707	7446
5	4162	4138	4087	7447
5	3764	3536	3649	7448
5	3774	3670	3723	7449
5	3771	3662	3664	7450
5	3725	3663	3661	7451
5	3841	3547	3764	7452
5	3726	3663	3725	7453
5	3771	3724	3662	7454
5	3841	3499	3547	7455
5	3786	3683	3784	7456
5	3784	3681	3782	7457
5	3790	3617	3687	7458
5	3728	3702	3688	7459
5	3843	3695	3700	7460
5	3881	3777	3712	7461
5	3854	3728	3743	7462
5	3867	3730	3829	7463
5	3732	3718	3602	7464
5	3731	3623	3692	7465
5	4134	4066	4107	7466
5	3834	3707	3736	7467
5	3733	3635	3511	7468
5	3733	3511	3631	7469
5	3743	3604	3625	7470
5	3923	3871	3890	7471
5	3971	3886	3876	7472
5	3848	3656	3735	7473
5	3849	3752	3817	7474
5	3936	3913	3817	7475
5	3756	3634	3633	7476
5	3850	3756	3633	7477
5	3744	3638	3597	7478
5	3859	3775	3748	7479
5	3739	3598	3563	7480
5	3739	3563	3599	7481
5	3824	3823	3740	7482
5	3852	3740	3674	7483
5	3852	3701	3709	7484
5	3824	3598	3739	7485
5	3742	3710	3603	7486
5	3742	3603	3659	7487
5	3982	3934	3981	7488
5	3889	3766	3870	7489
5	3856	3789	3744	7490
5	3832	3798	3799	7491
5	3827	3745	3693	7492
5	3796	3694	3618	7493
5	3746	3730	3614	7494
5	3746	3614	3658	7495
5	3950	3838	3924	7496
5	3966	3881	3926	7497
5	3945	3847	3808	7498
5	3858	3748	3738	7499
5	3770	3661	3644	7500
5	3760	3643	3758	7501
5	3757	3552	3640	7502
5	3988	3815	3910	7503
5	3751	3671	3624	7504
5	3821	3818	3862	7505
5	3752	3736	3626	7506
5	3752	3626	3627	7507
5	4245	4197	4147	7508
5	3857	3747	3713	7509
5	4073	4038	3954	7510
5	3857	3713	3838	7511
5	3755	3601	3503	7512
5	3755	3503	3635	7513
5	3760	3644	3643	7514
5	3758	3634	3756	7515
5	3865	3613	3757	7516
5	3757	3613	3552	7517
5	3962	3875	3874	7518
5	3818	3760	3758	7519
5	3759	3749	3590	7520
5	3759	3590	3639	7521
5	3770	3644	3760	7522
5	3770	3725	3661	7523
5	3960	3867	3956	7524
5	3945	3808	3898	7525
5	3868	3716	3809	7526
5	3974	3804	3889	7527
5	3763	3722	3648	7528
5	3763	3648	3646	7529
5	4047	3968	4018	7530
5	3810	3595	3726	7531
5	3864	3753	3863	7532
5	3864	3754	3753	7533
5	3922	3775	3859	7534
5	3989	3803	3902	7535
5	3872	3767	3761	7536
5	3938	3800	3909	7537
5	3960	3872	3867	7538
5	3990	3920	3958	7539
5	3883	3782	3825	7540
5	3874	3765	3869	7541
5	3821	3760	3818	7542
5	3770	3759	3724	7543
5	3771	3726	3725	7544
5	3771	3725	3724	7545
5	4016	3962	4001	7546
5	3869	3765	3754	7547
5	3886	3773	3876	7548
5	3782	3681	3679	7549
5	3848	3774	3723	7550
5	3822	3649	3774	7551
5	3776	3673	3706	7552
5	3813	3706	3675	7553
5	3871	3788	3702	7554
5	3776	3744	3597	7555
5	3777	3729	3676	7556
5	3777	3676	3620	7557
5	3925	3896	3797	7558
5	3780	3666	3778	7559
5	3831	3712	3779	7560
5	3780	3622	3666	7561
5	3970	3885	3968	7562
5	3844	3729	3777	7563
5	3781	3779	3678	7564
5	3781	3678	3680	7565
5	3791	3685	3787	7566
5	3787	3684	3786	7567
5	3905	3846	3731	7568
5	3783	3781	3680	7569
5	3879	3779	3781	7570
5	3876	3773	3772	7571
5	3886	3785	3773	7572
5	3785	3783	3682	7573
5	4045	3894	3978	7574
5	3875	3772	3769	7575
5	3879	3831	3779	7576
5	3876	3772	3875	7577
5	3952	3859	3858	7578
5	3788	3714	3686	7579
5	3789	3766	3652	7580
5	3789	3652	3638	7581
5	3828	3717	3720	7582
5	3853	3734	3721	7583
5	3887	3786	3885	7584
5	3885	3786	3784	7585
5	3928	3905	3826	7586
5	3887	3787	3786	7587
5	3891	3791	3787	7588
5	3892	3791	3891	7589
5	3928	3826	3794	7590
5	4189	4079	4135	7591
5	3795	3693	3586	7592
5	3795	3586	3694	7593
5	3797	3778	3619	7594
5	3979	3895	3844	7595
5	4124	4039	4051	7596
5	3895	3729	3844	7597
5	3798	3746	3658	7598
5	3798	3658	3697	7599
5	3799	3798	3697	7600
5	3799	3697	3696	7601
5	3873	3767	3872	7602
5	3867	3761	3730	7603
5	4070	3908	4012	7604
5	3815	3750	3600	7605
5	3802	3742	3707	7606
5	4086	3981	4063	7607
5	3877	3744	3776	7608
5	3803	3776	3706	7609
5	4050	3972	3997	7610
5	3868	3762	3716	7611
5	3806	3704	3608	7612
5	4071	3904	3994	7613
5	3843	3797	3695	7614
5	3910	3704	3806	7615
5	4028	3931	3943	7616
5	3921	3830	3900	7617
5	3847	3715	3808	7618
5	3855	3738	3714	7619
5	3868	3808	3762	7620
5	3809	3716	3699	7621
5	3822	3764	3649	7622
5	3810	3698	3595	7623
5	3811	3795	3694	7624
5	3811	3694	3796	7625
5	4135	4079	4118	7626
5	3935	3812	3846	7627
5	3851	3599	3775	7628
5	3922	3851	3775	7629
5	3814	3615	3708	7630
5	3894	3793	3893	7631
5	3901	3733	3835	7632
5	3835	3631	3593	7633
5	3861	3757	3668	7634
5	3865	3757	3861	7635
5	4000	3913	3999	7636
5	3931	3897	3802	7637
5	4033	4008	3952	7638
5	3866	3862	3818	7639
5	3942	3845	3918	7640
5	3853	3721	3804	7641
5	4072	3984	4005	7642
5	4259	4217	4198	7643
5	3862	3624	3749	7644
5	3821	3862	3749	7645
5	3860	3668	3750	7646
5	3814	3593	3496	7647
5	3823	3813	3740	7648
5	3824	3739	3823	7649
5	3852	3674	3741	7650
5	3824	3740	3852	7651
5	3883	3784	3782	7652
5	3885	3784	3883	7653
5	3893	3792	3892	7654
5	3892	3792	3791	7655
5	3994	3904	3801	7656
5	4077	3995	4067	7657
5	3832	3819	3798	7658
5	3845	3717	3828	7659
5	3956	3829	3940	7660
5	3937	3819	3832	7661
5	3830	3809	3699	7662
5	3830	3699	3722	7663
5	3908	3843	3700	7664
5	3996	3929	3811	7665
5	4052	3997	3923	7666
5	4029	3993	3945	7667
5	3838	3713	3719	7668
5	3950	3857	3838	7669
5	3999	3913	3936	7670
5	4000	3943	3913	7671
5	3944	3814	3899	7672
5	3861	3668	3860	7673
5	3836	3807	3710	7674
5	3836	3710	3742	7675
5	3837	3700	3621	7676
5	3837	3621	3711	7677
5	3857	3833	3747	7678
5	4038	3990	3958	7679
5	3839	3828	3720	7680
5	3839	3720	3734	7681
5	3840	3830	3722	7682
5	3840	3722	3763	7683
5	3842	3726	3771	7684
5	3842	3664	3841	7685
5	4001	3962	3920	7686
5	3842	3810	3726	7687
5	3895	3796	3729	7688
5	3878	3727	3780	7689
5	3878	3825	3727	7690
5	3881	3712	3831	7691
5	3845	3832	3799	7692
5	3845	3799	3717	7693
5	3893	3793	3792	7694
5	3894	3794	3793	7695
5	3918	3845	3828	7696
5	3858	3738	3855	7697
5	3848	3723	3656	7698
5	3848	3735	3698	7699
5	3849	3834	3736	7700
5	3849	3736	3752	7701
5	3953	3866	3946	7702
5	3866	3751	3862	7703
5	3851	3823	3739	7704
5	3851	3739	3599	7705
5	3824	3852	3709	7706
5	3824	3709	3598	7707
5	3932	3918	3828	7708
5	3853	3839	3734	7709
5	3921	3809	3830	7710
5	4139	4088	4110	7711
5	3870	3766	3789	7712
5	3859	3748	3858	7713
5	3870	3789	3856	7714
5	3889	3790	3766	7715
5	4004	3954	3863	7716
5	3958	3920	3869	7717
5	3951	3858	3855	7718
5	3963	3877	3914	7719
5	3877	3776	3803	7720
5	3902	3803	3706	7721
5	3899	3708	3816	7722
5	3865	3737	3613	7723
5	3944	3835	3814	7724
5	3946	3866	3756	7725
5	4035	4033	3951	7726
5	3862	3751	3624	7727
5	4286	4209	4136	7728
5	4100	4006	4034	7729
5	4073	3954	4004	7730
5	4126	4047	4084	7731
5	4002	3850	3955	7732
5	3955	3865	3861	7733
5	3866	3818	3758	7734
5	3866	3758	3756	7735
5	3961	3909	3873	7736
5	4169	4099	4098	7737
5	3923	3890	3916	7738
5	3916	3890	3854	7739
5	4001	3920	3990	7740
5	4023	3966	3926	7741
5	3888	3714	3788	7742
5	3927	3855	3888	7743
5	3888	3788	3871	7744
5	3888	3855	3714	7745
5	3940	3829	3819	7746
5	3961	3873	3872	7747
5	4190	4142	4161	7748
5	4006	3912	3950	7749
5	3821	3759	3770	7750
5	3821	3770	3760	7751
5	4007	3964	3967	7752
5	3971	3876	3915	7753
5	3906	3848	3698	7754
5	3906	3698	3810	7755
5	4241	4189	4135	7756
5	3877	3856	3744	7757
5	3896	3778	3797	7758
5	3884	3783	3785	7759
5	3964	3879	3882	7760
5	3907	3831	3879	7761
5	3880	3878	3780	7762
5	3880	3780	3778	7763
5	3926	3881	3831	7764
5	3881	3844	3777	7765
5	3882	3879	3781	7766
5	3882	3781	3783	7767
5	3928	3794	3894	7768
5	3891	3787	3887	7769
5	3965	3917	3825	7770
5	3884	3882	3783	7771
5	3917	3883	3825	7772
5	3966	3844	3881	7773
5	3962	3874	3920	7774
5	3886	3884	3785	7775
5	3958	3864	3954	7776
5	3978	3893	3977	7777
5	4008	3963	3914	7778
5	3914	3877	3803	7779
5	3948	3854	3847	7780
5	3889	3804	3790	7781
5	3890	3871	3702	7782
5	3890	3702	3728	7783
5	4057	3978	3977	7784
5	4432	4401	4332	7785
5	3970	3887	3885	7786
5	3975	3887	3970	7787
5	3975	3891	3887	7788
5	3976	3891	3975	7789
5	3976	3892	3891	7790
5	3977	3893	3892	7791
5	3896	3880	3778	7792
5	3996	3811	3941	7793
5	3925	3797	3843	7794
5	4044	3907	4009	7795
5	3897	3836	3802	7796
5	4141	4062	4094	7797
5	3983	3900	3911	7798
5	3900	3830	3840	7799
5	4011	3861	3860	7800
5	3899	3814	3708	7801
5	3957	3898	3868	7802
5	3957	3809	3921	7803
5	4102	4011	4010	7804
5	3988	3919	3815	7805
5	4099	4003	4098	7806
5	4400	4393	4341	7807
5	3903	3863	3703	7808
5	3903	3703	3833	7809
5	3908	3700	3837	7810
5	4139	4110	4137	7811
5	4060	4030	3935	7812
5	3978	3894	3893	7813
5	4013	3816	3953	7814
5	3946	3756	3850	7815
5	3969	3884	3886	7816
5	4004	3863	3903	7817
5	4092	3939	3992	7818
5	4070	4069	4014	7819
5	3961	3872	3960	7820
5	3956	3867	3829	7821
5	4077	3910	3995	7822
5	3919	3750	3815	7823
5	3911	3900	3840	7824
5	3911	3840	3807	7825
5	3924	3838	3820	7826
5	4040	3956	4036	7827
5	3913	3849	3817	7828
5	4028	3987	3931	7829
5	3972	3888	3871	7830
5	3972	3871	3923	7831
5	3915	3876	3875	7832
5	4170	4096	4167	7833
5	3940	3819	3937	7834
5	4296	4245	4147	7835
5	4104	4045	3978	7836
5	3968	3885	3883	7837
5	3957	3868	3809	7838
5	4029	3945	3898	7839
5	4010	3901	3835	7840
5	3919	3860	3750	7841
5	3962	3915	3875	7842
5	3920	3874	3869	7843
5	3982	3911	3934	7844
5	4019	3900	3983	7845
5	3989	3914	3803	7846
5	3922	3823	3851	7847
5	3973	3856	3963	7848
5	4025	3948	3993	7849
5	3950	3912	3857	7850
5	4240	4159	4201	7851
5	3979	3844	3966	7852
5	4094	4017	3998	7853
5	3930	3878	3880	7854
5	4044	3926	3907	7855
5	4051	3959	4042	7856
5	4049	3963	4008	7857
5	4289	4144	4242	7858
5	4045	4026	3928	7859
5	3929	3827	3795	7860
5	3929	3795	3811	7861
5	4009	3964	4007	7862
5	3965	3878	3930	7863
5	4095	3999	4064	7864
5	4150	4063	4066	7865
5	3974	3889	3959	7866
5	4025	3916	3948	7867
5	3933	3801	3755	7868
5	3933	3755	3805	7869
5	3934	3911	3807	7870
5	3934	3807	3836	7871
5	3902	3813	3823	7872
5	3902	3823	3922	7873
5	4258	4173	4192	7874
5	4028	3943	4000	7875
5	3998	3918	3932	7876
5	4031	3937	3942	7877
5	3938	3924	3820	7878
5	3938	3820	3800	7879
5	3939	3806	3745	7880
5	3939	3745	3827	7881
5	4017	3918	3998	7882
5	4017	3942	3918	7883
5	3941	3811	3796	7884
5	3941	3796	3895	7885
5	3942	3937	3832	7886
5	3942	3832	3845	7887
5	3943	3931	3834	7888
5	3943	3834	3849	7889
5	3906	3810	3842	7890
5	3906	3842	3841	7891
5	4122	4035	4050	7892
5	3948	3847	3945	7893
5	3955	3737	3865	7894
5	4097	4013	4002	7895
5	3947	3932	3839	7896
5	3947	3839	3853	7897
5	3959	3889	3870	7898
5	3948	3916	3854	7899
5	3949	3947	3853	7900
5	3949	3853	3804	7901
5	4003	3924	3938	7902
5	4333	4291	4251	7903
5	3963	3856	3877	7904
5	3952	3858	3951	7905
5	4039	3949	3974	7906
5	3989	3952	3914	7907
5	3953	3816	3751	7908
5	3953	3751	3866	7909
5	3958	3869	3864	7910
5	3954	3864	3863	7911
5	4033	3952	3951	7912
5	3955	3850	3737	7913
5	4036	3940	4032	7914
5	4032	3940	3937	7915
5	4037	3921	4019	7916
5	3997	3972	3923	7917
5	4056	3976	4055	7918
5	4054	3971	3915	7919
5	3974	3949	3804	7920
5	4153	4073	4004	7921
5	4098	3984	4072	7922
5	4040	3960	3956	7923
5	4041	3961	3960	7924
5	4041	3960	4040	7925
5	3906	3764	3822	7926
5	3906	3822	3848	7927
5	3973	3959	3870	7928
5	4050	4035	3927	7929
5	3965	3825	3878	7930
5	3964	3907	3879	7931
5	4082	3979	4058	7932
5	4009	3907	3964	7933
5	3980	3880	3896	7934
5	4092	3994	3995	7935
5	3967	3964	3882	7936
5	3967	3882	3884	7937
5	4045	3928	3894	7938
5	3977	3892	3976	7939
5	4046	3967	3969	7940
5	3969	3967	3884	7941
5	4172	4105	4155	7942
5	4016	3915	3962	7943
5	4127	4048	4054	7944
5	3971	3969	3886	7945
5	3973	3870	3856	7946
5	3972	3927	3888	7947
5	4085	3993	4078	7948
5	4008	3914	3952	7949
5	4050	3927	3972	7950
5	4041	4005	3961	7951
5	4048	3969	3971	7952
5	4288	4252	4189	7953
5	4038	3958	3954	7954
5	4129	4054	4016	7955
5	4053	3975	3970	7956
5	4055	3975	4053	7957
5	4055	3976	3975	7958
5	4189	4160	4079	7959
5	3980	3930	3880	7960
5	3991	3896	3925	7961
5	3991	3980	3896	7962
5	4058	3966	4023	7963
5	3981	3934	3897	7964
5	4307	4204	4246	7965
5	4094	4062	4017	7966
5	4087	4075	3983	7967
5	4216	4150	4194	7968
5	4107	4000	4095	7969
5	3984	3938	3909	7970
5	4036	3956	3940	7971
5	3985	3935	3846	7972
5	3985	3846	3905	7973
5	3986	3933	3805	7974
5	4101	3988	4015	7975
5	3987	3981	3897	7976
5	3987	3897	3931	7977
5	4101	4011	3988	7978
5	4015	3805	3901	7979
5	4229	4174	4166	7980
5	4089	4027	4083	7981
5	4096	4001	3990	7982
5	4090	3990	4038	7983
5	4105	4091	4009	7984
5	4076	4014	4069	7985
5	4075	4019	3983	7986
5	3992	3939	3827	7987
5	4039	4024	3949	7988
5	4114	4025	4085	7989
5	4175	4112	4111	7990
5	4067	3933	3986	7991
5	3995	3910	3806	7992
5	3995	3806	3939	7993
5	4092	4071	3994	7994
5	4058	3979	3966	7995
5	4032	3937	4031	7996
5	4031	3942	4017	7997
5	4264	4230	4243	7998
5	4426	4330	4397	7999
5	4118	4045	4104	8000
5	4060	3935	3985	8001
5	4173	4134	4107	8002
5	4503	4402	4401	8003
5	4096	3990	4090	8004
5	4220	4155	4202	8005
5	4102	4013	4097	8006
5	4011	3919	3988	8007
5	4168	4098	4072	8008
5	4244	4218	4231	8009
5	4100	4034	4099	8010
5	4253	4167	4224	8011
5	4005	3984	3909	8012
5	4005	3909	3961	8013
5	4098	4003	3984	8014
5	4099	4034	4003	8015
5	3989	3902	3922	8016
5	4087	3982	4086	8017
5	4042	3959	3973	8018
5	4287	4251	4197	8019
5	4018	3968	3917	8020
5	4057	3977	4056	8021
5	4101	4010	4011	8022
5	4011	3860	3919	8023
5	4097	3861	4011	8024
5	4013	3899	3816	8025
5	4012	3908	3837	8026
5	4012	3837	3904	8027
5	4013	3944	3899	8028
5	4035	3951	3927	8029
5	4014	3925	3843	8030
5	4014	3843	3908	8031
5	4077	4015	3988	8032
5	4015	3986	3805	8033
5	4253	4227	4167	8034
5	4104	3978	4057	8035
5	4019	3921	3900	8036
5	4108	4029	4020	8037
5	4047	3970	3968	8038
5	4054	3915	4016	8039
5	4020	3898	3957	8040
5	4078	3993	4029	8041
5	3989	3922	3859	8042
5	3989	3859	3952	8043
5	4021	3998	3932	8044
5	4021	3932	3947	8045
5	4022	3941	3895	8046
5	4022	3895	3979	8047
5	4140	4119	4120	8048
5	4059	3930	3980	8049
5	4024	4021	3947	8050
5	4024	3947	3949	8051
5	4149	4114	4085	8052
5	4052	3916	4025	8053
5	4026	3985	3905	8054
5	4026	3905	3928	8055
5	4027	4018	3917	8056
5	4027	3917	3965	8057
5	4199	4137	4138	8058
5	4152	4063	4150	8059
5	4391	4294	4291	8060
5	4151	4081	4116	8061
5	4030	3999	3936	8062
5	4030	3936	3935	8063
5	4062	4031	4017	8064
5	4173	4107	4095	8065
5	4125	4113	3997	8066
5	4116	4081	4041	8067
5	4002	3946	3850	8068
5	4102	4097	4011	8069
5	4034	4006	3950	8070
5	4034	3950	3924	8071
5	4002	4013	3953	8072
5	4002	3953	3946	8073
5	4115	4036	4112	8074
5	4112	4032	4111	8075
5	4037	4020	3957	8076
5	4037	3957	3921	8077
5	4153	4004	4065	8078
5	4287	4197	4245	8079
5	4124	4051	4123	8080
5	4109	4021	4093	8081
5	4166	4108	4088	8082
5	4154	4081	4151	8083
5	4116	4041	4040	8084
5	4116	4040	4115	8085
5	4051	3974	3959	8086
5	4051	4039	3974	8087
5	4043	4027	3965	8088
5	4043	3965	3930	8089
5	4132	4023	4117	8090
5	4044	4023	3926	8091
5	4158	4030	4060	8092
5	4056	3977	3976	8093
5	4148	4126	4084	8094
5	4046	4007	3967	8095
5	4118	4079	4026	8096
5	4053	3970	4047	8097
5	4103	4001	4096	8098
5	4048	4046	3969	8099
5	4049	4042	3973	8100
5	4049	3973	3963	8101
5	4080	4008	4033	8102
5	4121	4049	4080	8103
5	4080	4033	4035	8104
5	4052	3923	3916	8105
5	4085	4025	3993	8106
5	4123	4051	4042	8107
5	4156	4057	4131	8108
5	4103	4016	4001	8109
5	4126	4053	4047	8110
5	4054	4048	3971	8111
5	4091	4044	4009	8112
5	4129	4016	4103	8113
5	4201	4068	4146	8114
5	4163	4090	4038	8115
5	4212	4202	4140	8116
5	4209	4131	4136	8117
5	4059	4043	3930	8118
5	4132	4058	4023	8119
5	4074	3980	3991	8120
5	4117	4023	4044	8121
5	4185	4104	4156	8122
5	4298	4241	4256	8123
5	4071	4012	3904	8124
5	4061	3992	3929	8125
5	4545	4493	4475	8126
5	4111	4032	4031	8127
5	4290	4260	4278	8128
5	4107	4028	4000	8129
5	4367	4300	4271	8130
5	4198	4153	4159	8131
5	4240	4198	4159	8132
5	4065	4004	3903	8133
5	4066	4063	3987	8134
5	4066	3987	4028	8135
5	4067	3995	3994	8136
5	4067	3994	3933	8137
5	4068	4065	3912	8138
5	4068	3912	4006	8139
5	4069	3996	3941	8140
5	4074	4059	3980	8141
5	4092	3995	3939	8142
5	4070	4012	4061	8143
5	4070	4014	3908	8144
5	4061	3929	3996	8145
5	4111	4031	4062	8146
5	4115	4040	4036	8147
5	4163	4038	4073	8148
5	4239	4187	4238	8149
5	4074	3991	4082	8150
5	4362	4313	4312	8151
5	4071	3992	4061	8152
5	4071	4061	4012	8153
5	4082	4022	3979	8154
5	4076	4082	3991	8155
5	4077	4067	3986	8156
5	4077	3986	4015	8157
5	4069	3941	4022	8158
5	4076	3925	4014	8159
5	4160	3985	4079	8160
5	4079	3985	4026	8161
5	4080	4049	4008	8162
5	4397	4330	4331	8163
5	4081	4072	4005	8164
5	4081	4005	4041	8165
5	4076	4069	4022	8166
5	4076	4022	4082	8167
5	4083	4027	4043	8168
5	4133	4059	4132	8169
5	4131	4056	4130	8170
5	4084	4047	4018	8171
5	4093	4021	4024	8172
5	4165	4094	4109	8173
5	4087	3983	3982	8174
5	4086	3982	3981	8175
5	4335	4290	4324	8176
5	4143	4062	4141	8177
5	4108	4020	4088	8178
5	4088	4020	4037	8179
5	4089	4084	4018	8180
5	4089	4018	4027	8181
5	4184	4140	4120	8182
5	4168	4072	4154	8183
5	4105	4009	4007	8184
5	4117	4044	4091	8185
5	4177	4115	4112	8186
5	4092	3992	4071	8187
5	4070	4061	3996	8188
5	4070	3996	4069	8189
5	4247	4199	4210	8190
5	4162	4087	4086	8191
5	4107	4066	4028	8192
5	4095	4000	3999	8193
5	4205	4188	4170	8194
5	4184	4120	4127	8195
5	4097	4002	3955	8196
5	4097	3955	3861	8197
5	4177	4112	4175	8198
5	4154	4072	4081	8199
5	4200	4147	4099	8200
5	4296	4147	4200	8201
5	4113	4050	3997	8202
5	4122	4050	4113	8203
5	4101	4015	3901	8204
5	4101	3901	4010	8205
5	4102	4010	3944	8206
5	4102	3944	4013	8207
5	4156	4104	4057	8208
5	4128	4055	4053	8209
5	4130	4055	4128	8210
5	4130	4056	4055	8211
5	4172	4091	4105	8212
5	4145	4084	4089	8213
5	4106	4093	4024	8214
5	4106	4024	4039	8215
5	4258	4203	4173	8216
5	4303	4281	4265	8217
5	4215	4181	4149	8218
5	4108	4078	4029	8219
5	4109	4094	3998	8220
5	4109	3998	4021	8221
5	4110	4088	4037	8222
5	4110	4037	4019	8223
5	4112	4036	4032	8224
5	4200	4099	4169	8225
5	4230	4142	4190	8226
5	4180	4106	4124	8227
5	4121	4042	4049	8228
5	4182	4124	4123	8229
5	4125	4052	4114	8230
5	4114	4052	4025	8231
5	4248	4200	4169	8232
5	4143	4111	4062	8233
5	4248	4169	4226	8234
5	4533	4508	4525	8235
5	4179	4091	4172	8236
5	4133	4132	4117	8237
5	4131	4057	4056	8238
5	4158	4064	4030	8239
5	4119	4105	4007	8240
5	4119	4007	4046	8241
5	4120	4119	4046	8242
5	4120	4046	4048	8243
5	4123	4042	4121	8244
5	4142	4109	4093	8245
5	4122	4121	4080	8246
5	4122	4080	4035	8247
5	4176	4122	4113	8248
5	4124	4106	4039	8249
5	4125	3997	4052	8250
5	4181	4114	4149	8251
5	4180	4161	4106	8252
5	4176	4121	4122	8253
5	4256	4241	4135	8254
5	4128	4053	4126	8255
5	4227	4170	4167	8256
5	4127	4120	4048	8257
5	4332	4258	4289	8258
5	4333	4251	4287	8259
5	4155	4105	4119	8260
5	4129	4127	4054	8261
5	4224	4167	4090	8262
5	4221	4188	4205	8263
5	4074	4082	4058	8264
5	4132	4074	4058	8265
5	4133	4043	4059	8266
5	4132	4059	4074	8267
5	4179	4172	4171	8268
5	4133	4083	4043	8269
5	4288	4189	4241	8270
5	4379	4346	4288	8271
5	4209	4193	4156	8272
5	4155	4119	4140	8273
5	4136	4131	4130	8274
5	4187	4128	4157	8275
5	4137	4110	4075	8276
5	4450	4403	4393	8277
5	4138	4137	4075	8278
5	4138	4075	4087	8279
5	4178	4116	4115	8280
5	4235	4183	4181	8281
5	4212	4140	4184	8282
5	4157	4128	4126	8283
5	4175	4111	4143	8284
5	4232	4175	4191	8285
5	4165	4109	4142	8286
5	4165	4141	4094	8287
5	4207	4164	4206	8288
5	4233	4231	4178	8289
5	4144	4095	4064	8290
5	4399	4332	4289	8291
5	4148	4084	4145	8292
5	4251	4146	4197	8293
5	4146	4068	4006	8294
5	4146	4006	4100	8295
5	4147	4100	4099	8296
5	4169	4098	4168	8297
5	4157	4126	4148	8298
5	4187	4130	4128	8299
5	4266	4207	4206	8300
5	4161	4093	4106	8301
5	4152	4086	4063	8302
5	4162	4086	4152	8303
5	4178	4115	4177	8304
5	4348	4296	4248	8305
5	4278	4222	4216	8306
5	4338	4324	4261	8307
5	4201	4159	4068	8308
5	4170	4103	4096	8309
5	4291	4240	4201	8310
5	4225	4154	4218	8311
5	4228	4145	4171	8312
5	4171	4089	4083	8313
5	4185	4118	4104	8314
5	4185	4135	4118	8315
5	4188	4103	4170	8316
5	4237	4212	4184	8317
5	4208	4148	4196	8318
5	4252	4160	4189	8319
5	4159	4153	4065	8320
5	4159	4065	4068	8321
5	4252	4060	4160	8322
5	4160	4060	3985	8323
5	4174	4078	4108	8324
5	4161	4142	4093	8325
5	4402	4343	4401	8326
5	4222	4152	4216	8327
5	4217	4073	4153	8328
5	4294	4240	4291	8329
5	4164	4149	4085	8330
5	4164	4085	4078	8331
5	4214	4137	4199	8332
5	4166	4088	4139	8333
5	4174	4108	4166	8334
5	4174	4164	4078	8335
5	4167	4096	4090	8336
5	4346	4252	4288	8337
5	4339	4302	4325	8338
5	4233	4177	4232	8339
5	4283	4232	4250	8340
5	4226	4169	4168	8341
5	4238	4187	4157	8342
5	4208	4157	4148	8343
5	4391	4291	4376	8344
5	4171	4145	4089	8345
5	4179	4171	4083	8346
5	4188	4129	4103	8347
5	4418	4392	4354	8348
5	4444	4384	4344	8349
5	4235	4181	4215	8350
5	4207	4149	4164	8351
5	4378	4295	4345	8352
5	4178	4151	4116	8353
5	4182	4180	4124	8354
5	4181	4125	4114	8355
5	4279	4218	4244	8356
5	4340	4297	4316	8357
5	4206	4164	4174	8358
5	4281	4229	4265	8359
5	4188	4186	4129	8360
5	4179	4117	4091	8361
5	4182	4123	4176	8362
5	4176	4123	4121	8363
5	4183	4125	4181	8364
5	4183	4113	4125	8365
5	4183	4176	4113	8366
5	4215	4149	4207	8367
5	4234	4180	4182	8368
5	4236	4234	4182	8369
5	4202	4155	4140	8370
5	4196	4148	4145	8371
5	4307	4242	4204	8372
5	4256	4185	4193	8373
5	4186	4184	4127	8374
5	4186	4127	4129	8375
5	4237	4186	4221	8376
5	4187	4136	4130	8377
5	4179	4083	4133	8378
5	4179	4133	4117	8379
5	4372	4256	4300	8380
5	4242	4144	4204	8381
5	4222	4162	4152	8382
5	4350	4314	4323	8383
5	4191	4175	4143	8384
5	4213	4143	4141	8385
5	4192	4173	4095	8386
5	4192	4095	4144	8387
5	4193	4185	4156	8388
5	4379	4377	4346	8389
5	4194	4150	4134	8390
5	4399	4336	4383	8391
5	4195	4190	4161	8392
5	4195	4161	4180	8393
5	4407	4349	4305	8394
5	4209	4156	4131	8395
5	4197	4146	4100	8396
5	4197	4100	4147	8397
5	4217	4163	4073	8398
5	4217	4153	4198	8399
5	4282	4244	4231	8400
5	4437	4394	4405	8401
5	4225	4168	4154	8402
5	4226	4168	4225	8403
5	4375	4287	4330	8404
5	4291	4201	4251	8405
5	4228	4196	4145	8406
5	4219	4171	4172	8407
5	4262	4134	4203	8408
5	4203	4134	4173	8409
5	4204	4144	4064	8410
5	4204	4064	4158	8411
5	4380	4319	4349	8412
5	4263	4217	4259	8413
5	4283	4282	4233	8414
5	4265	4229	4211	8415
5	4255	4213	4223	8416
5	4371	4326	4309	8417
5	4270	4205	4249	8418
5	4299	4284	4268	8419
5	4321	4270	4319	8420
5	4410	4298	4372	8421
5	4210	4199	4138	8422
5	4210	4138	4162	8423
5	4229	4166	4211	8424
5	4211	4166	4139	8425
5	4284	4237	4268	8426
5	4269	4238	4208	8427
5	4243	4230	4190	8428
5	4213	4191	4143	8429
5	4214	4211	4139	8430
5	4214	4139	4137	8431
5	4278	4216	4261	8432
5	4276	4195	4234	8433
5	4222	4210	4162	8434
5	4216	4152	4150	8435
5	4227	4205	4170	8436
5	4224	4090	4163	8437
5	4218	4154	4151	8438
5	4232	4177	4175	8439
5	4277	4196	4228	8440
5	4228	4171	4219	8441
5	4220	4219	4172	8442
5	4220	4172	4155	8443
5	4237	4184	4186	8444
5	4221	4186	4188	8445
5	4309	4250	4293	8446
5	4274	4191	4213	8447
5	4223	4213	4141	8448
5	4223	4141	4165	8449
5	4457	4434	4386	8450
5	4395	4390	4368	8451
5	4548	4457	4530	8452
5	4301	4244	4282	8453
5	4279	4225	4218	8454
5	4280	4225	4279	8455
5	4268	4237	4221	8456
5	4249	4205	4227	8457
5	4420	4331	4381	8458
5	4555	4515	4513	8459
5	4275	4215	4207	8460
5	4229	4206	4174	8461
5	4230	4223	4165	8462
5	4230	4165	4142	8463
5	4231	4218	4151	8464
5	4231	4151	4178	8465
5	4233	4178	4177	8466
5	4325	4244	4301	8467
5	4322	4274	4255	8468
5	4282	4231	4233	8469
5	4267	4190	4195	8470
5	4234	4195	4180	8471
5	4236	4182	4176	8472
5	4236	4176	4183	8473
5	4236	4183	4235	8474
5	4236	4235	4234	8475
5	4238	4157	4208	8476
5	4304	4269	4272	8477
5	4312	4263	4259	8478
5	4328	4286	4239	8479
5	4286	4136	4239	8480
5	4239	4136	4187	8481
5	4251	4201	4146	8482
5	4436	4413	4389	8483
5	4256	4135	4185	8484
5	4496	4459	4442	8485
5	4382	4354	4361	8486
5	4441	4377	4428	8487
5	4257	4199	4247	8488
5	4326	4282	4283	8489
5	4359	4325	4301	8490
5	4250	4232	4191	8491
5	4296	4200	4248	8492
5	4280	4226	4225	8493
5	4383	4336	4337	8494
5	4246	4204	4158	8495
5	4324	4278	4261	8496
5	4343	4203	4258	8497
5	4375	4333	4287	8498
5	4338	4261	4311	8499
5	4308	4284	4299	8500
5	4300	4256	4193	8501
5	4369	4322	4315	8502
5	4306	4260	4290	8503
5	4348	4248	4295	8504
5	4330	4287	4245	8505
5	4310	4060	4252	8506
5	4310	4158	4060	8507
5	4320	4269	4304	8508
5	4407	4305	4363	8509
5	4275	4207	4266	8510
5	4265	4211	4254	8511
5	4274	4213	4255	8512
5	4274	4250	4191	8513
5	4271	4193	4209	8514
5	4300	4193	4271	8515
5	4257	4254	4214	8516
5	4257	4214	4199	8517
5	4324	4290	4278	8518
5	4422	4374	4402	8519
5	4263	4163	4217	8520
5	4263	4224	4163	8521
5	4260	4247	4210	8522
5	4260	4210	4222	8523
5	4278	4260	4222	8524
5	4261	4216	4194	8525
5	4364	4314	4350	8526
5	4262	4194	4134	8527
5	4423	4362	4384	8528
5	4313	4263	4312	8529
5	4264	4255	4223	8530
5	4264	4223	4230	8531
5	4322	4293	4274	8532
5	4345	4280	4302	8533
5	4316	4266	4281	8534
5	4327	4275	4297	8535
5	4297	4275	4266	8536
5	4267	4243	4190	8537
5	4285	4238	4269	8538
5	4273	4202	4212	8539
5	4376	4291	4333	8540
5	4321	4268	4270	8541
5	4270	4268	4221	8542
5	4270	4221	4205	8543
5	4411	4300	4367	8544
5	4328	4239	4285	8545
5	4272	4269	4208	8546
5	4272	4208	4196	8547
5	4277	4228	4219	8548
5	4277	4220	4202	8549
5	4403	4351	4355	8550
5	4293	4250	4274	8551
5	4276	4234	4235	8552
5	4283	4233	4232	8553
5	4276	4235	4215	8554
5	4276	4215	4275	8555
5	4277	4272	4196	8556
5	4277	4219	4220	8557
5	4386	4339	4359	8558
5	4292	4257	4247	8559
5	4434	4387	4339	8560
5	4387	4345	4302	8561
5	4277	4202	4273	8562
5	4388	4360	4308	8563
5	4281	4266	4206	8564
5	4281	4206	4229	8565
5	4315	4255	4264	8566
5	4424	4412	4421	8567
5	4327	4276	4275	8568
5	4276	4267	4195	8569
5	4284	4273	4212	8570
5	4284	4212	4237	8571
5	4286	4271	4209	8572
5	4285	4239	4238	8573
5	4372	4298	4256	8574
5	4438	4334	4380	8575
5	4444	4344	4391	8576
5	4423	4406	4362	8577
5	4346	4310	4252	8578
5	4392	4337	4307	8579
5	4289	4258	4192	8580
5	4289	4192	4144	8581
5	4341	4290	4335	8582
5	4347	4203	4343	8583
5	4345	4295	4280	8584
5	4381	4331	4296	8585
5	4425	4374	4422	8586
5	4605	4581	4601	8587
5	4370	4293	4322	8588
5	4326	4283	4309	8589
5	4294	4259	4198	8590
5	4294	4198	4240	8591
5	4295	4248	4226	8592
5	4295	4226	4280	8593
5	4391	4344	4294	8594
5	4473	4426	4397	8595
5	4316	4281	4303	8596
5	4323	4257	4292	8597
5	4435	4410	4372	8598
5	4501	4443	4456	8599
5	4308	4273	4284	8600
5	4353	4320	4304	8601
5	4319	4270	4249	8602
5	4329	4271	4286	8603
5	4309	4283	4250	8604
5	4427	4386	4394	8605
5	4302	4280	4279	8606
5	4554	4513	4511	8607
5	4529	4522	4524	8608
5	4327	4267	4276	8609
5	4320	4285	4269	8610
5	4379	4288	4342	8611
5	4305	4249	4227	8612
5	4305	4227	4253	8613
5	4306	4292	4247	8614
5	4306	4247	4260	8615
5	4440	4342	4410	8616
5	4432	4332	4399	8617
5	4360	4304	4272	8618
5	4360	4273	4308	8619
5	4326	4301	4282	8620
5	4359	4301	4356	8621
5	4361	4310	4346	8622
5	4310	4246	4158	8623
5	4311	4261	4194	8624
5	4311	4194	4262	8625
5	4313	4253	4224	8626
5	4313	4224	4263	8627
5	4349	4319	4249	8628
5	4363	4313	4362	8629
5	4314	4303	4265	8630
5	4314	4265	4254	8631
5	4624	4582	4570	8632
5	4322	4255	4315	8633
5	4352	4315	4317	8634
5	4316	4297	4266	8635
5	4317	4315	4264	8636
5	4317	4264	4243	8637
5	4318	4317	4243	8638
5	4318	4243	4267	8639
5	4404	4320	4353	8640
5	4334	4321	4319	8641
5	4390	4353	4357	8642
5	4404	4353	4390	8643
5	4357	4308	4299	8644
5	4321	4299	4268	8645
5	4364	4303	4314	8646
5	4370	4358	4293	8647
5	4323	4314	4254	8648
5	4323	4254	4257	8649
5	4429	4335	4398	8650
5	4393	4355	4341	8651
5	4325	4302	4279	8652
5	4325	4279	4244	8653
5	4341	4306	4290	8654
5	4355	4306	4341	8655
5	4327	4297	4318	8656
5	4327	4318	4267	8657
5	4390	4357	4368	8658
5	4329	4286	4328	8659
5	4349	4249	4305	8660
5	4380	4334	4319	8661
5	4430	4348	4378	8662
5	4535	4501	4456	8663
5	4331	4330	4245	8664
5	4331	4245	4296	8665
5	4343	4258	4332	8666
5	4402	4347	4343	8667
5	4443	4391	4376	8668
5	4381	4296	4348	8669
5	4366	4285	4320	8670
5	4368	4321	4334	8671
5	4425	4338	4374	8672
5	4464	4392	4418	8673
5	4399	4289	4336	8674
5	4336	4289	4242	8675
5	4337	4336	4242	8676
5	4337	4242	4307	8677
5	4347	4262	4203	8678
5	4598	4560	4559	8679
5	4371	4309	4358	8680
5	4400	4341	4335	8681
5	4365	4316	4303	8682
5	4340	4318	4297	8683
5	4476	4433	4400	8684
5	4522	4461	4486	8685
5	4342	4288	4241	8686
5	4342	4241	4298	8687
5	4347	4311	4262	8688
5	4572	4536	4500	8689
5	4344	4312	4259	8690
5	4344	4259	4294	8691
5	4626	4537	4576	8692
5	4378	4348	4295	8693
5	4354	4307	4246	8694
5	4646	4566	4621	8695
5	4433	4393	4400	8696
5	4471	4401	4432	8697
5	4434	4339	4386	8698
5	4511	4460	4497	8699
5	4406	4363	4362	8700
5	4448	4390	4395	8701
5	4358	4309	4293	8702
5	4356	4301	4326	8703
5	4351	4350	4323	8704
5	4351	4323	4292	8705
5	4539	4495	4472	8706
5	4369	4315	4352	8707
5	4404	4396	4366	8708
5	4366	4328	4285	8709
5	4382	4361	4377	8710
5	4418	4354	4382	8711
5	4355	4351	4292	8712
5	4355	4292	4306	8713
5	4359	4339	4325	8714
5	4387	4302	4339	8715
5	4388	4304	4360	8716
5	4388	4308	4357	8717
5	4371	4356	4326	8718
5	4465	4430	4460	8719
5	4340	4352	4317	8720
5	4340	4317	4318	8721
5	4360	4272	4277	8722
5	4360	4277	4273	8723
5	4361	4354	4246	8724
5	4361	4246	4310	8725
5	4363	4305	4253	8726
5	4363	4253	4313	8727
5	4438	4395	4334	8728
5	4407	4363	4406	8729
5	4365	4340	4316	8730
5	4365	4303	4364	8731
5	4389	4369	4352	8732
5	4409	4340	4365	8733
5	4367	4271	4329	8734
5	4373	4328	4366	8735
5	4464	4442	4392	8736
5	4439	4411	4367	8737
5	4368	4357	4299	8738
5	4368	4299	4321	8739
5	4408	4365	4364	8740
5	4370	4322	4369	8741
5	4424	4408	4412	8742
5	4414	4351	4403	8743
5	4569	4563	4523	8744
5	4445	4421	4414	8745
5	4462	4411	4439	8746
5	4446	4373	4396	8747
5	4462	4435	4372	8748
5	4373	4329	4328	8749
5	4374	4338	4311	8750
5	4374	4311	4347	8751
5	4426	4375	4330	8752
5	4444	4391	4443	8753
5	4535	4431	4463	8754
5	4513	4467	4465	8755
5	4567	4493	4545	8756
5	4377	4361	4346	8757
5	4613	4577	4547	8758
5	4556	4498	4550	8759
5	4428	4377	4379	8760
5	4479	4428	4440	8761
5	4469	4439	4416	8762
5	4525	4489	4488	8763
5	4467	4420	4465	8764
5	4463	4431	4375	8765
5	4410	4342	4298	8766
5	4440	4428	4379	8767
5	4392	4307	4354	8768
5	4657	4603	4655	8769
5	4384	4362	4312	8770
5	4384	4312	4344	8771
5	4415	4358	4385	8772
5	4385	4358	4370	8773
5	4483	4450	4433	8774
5	4405	4394	4356	8775
5	4420	4397	4331	8776
5	4473	4397	4467	8777
5	4388	4357	4353	8778
5	4388	4353	4304	8779
5	4413	4369	4389	8780
5	4413	4370	4369	8781
5	4396	4373	4366	8782
5	4395	4368	4334	8783
5	4451	4407	4406	8784
5	4508	4484	4438	8785
5	4442	4337	4392	8786
5	4441	4382	4377	8787
5	4403	4355	4393	8788
5	4445	4414	4403	8789
5	4394	4386	4359	8790
5	4394	4359	4356	8791
5	4526	4484	4508	8792
5	4404	4366	4320	8793
5	4515	4467	4513	8794
5	4574	4547	4501	8795
5	4465	4420	4430	8796
5	4588	4494	4548	8797
5	4398	4335	4324	8798
5	4398	4324	4338	8799
5	4401	4343	4332	8800
5	4402	4374	4347	8801
5	4603	4539	4571	8802
5	4425	4398	4338	8803
5	4666	4610	4598	8804
5	4506	4475	4441	8805
5	4540	4509	4458	8806
5	4429	4400	4335	8807
5	4450	4393	4433	8808
5	4405	4356	4371	8809
5	4485	4448	4484	8810
5	4449	4396	4404	8811
5	4627	4568	4529	8812
5	4490	4470	4453	8813
5	4463	4375	4426	8814
5	4557	4480	4519	8815
5	4481	4444	4443	8816
5	4452	4407	4451	8817
5	4409	4352	4340	8818
5	4409	4365	4408	8819
5	4409	4408	4389	8820
5	4409	4389	4352	8821
5	4416	4367	4329	8822
5	4411	4372	4300	8823
5	4462	4372	4411	8824
5	4416	4329	4373	8825
5	4412	4408	4364	8826
5	4412	4364	4350	8827
5	4421	4412	4414	8828
5	4413	4385	4370	8829
5	4414	4412	4350	8830
5	4414	4350	4351	8831
5	4415	4405	4371	8832
5	4415	4371	4358	8833
5	4498	4439	4469	8834
5	4440	4379	4342	8835
5	4417	4378	4345	8836
5	4417	4345	4387	8837
5	4442	4383	4337	8838
5	4566	4538	4543	8839
5	4447	4415	4419	8840
5	4419	4415	4385	8841
5	4537	4502	4473	8842
5	4515	4473	4467	8843
5	4585	4529	4565	8844
5	4424	4389	4408	8845
5	4504	4472	4422	8846
5	4503	4401	4471	8847
5	4542	4525	4488	8848
5	4501	4481	4443	8849
5	4453	4419	4385	8850
5	4436	4389	4424	8851
5	4476	4400	4429	8852
5	4450	4445	4403	8853
5	4467	4397	4420	8854
5	4502	4426	4473	8855
5	4583	4530	4582	8856
5	4492	4474	4437	8857
5	4531	4496	4464	8858
5	4597	4559	4558	8859
5	4539	4472	4504	8860
5	4571	4539	4504	8861
5	4430	4420	4381	8862
5	4430	4381	4348	8863
5	4431	4376	4333	8864
5	4431	4333	4375	8865
5	4528	4504	4503	8866
5	4699	4697	4658	8867
5	4604	4539	4603	8868
5	4505	4491	4487	8869
5	4570	4544	4492	8870
5	4457	4386	4427	8871
5	4478	4440	4410	8872
5	4478	4410	4435	8873
5	4477	4424	4421	8874
5	4453	4413	4436	8875
5	4474	4394	4437	8876
5	4474	4427	4394	8877
5	4446	4416	4373	8878
5	4439	4367	4416	8879
5	4448	4404	4390	8880
5	4571	4504	4528	8881
5	4479	4440	4478	8882
5	4506	4441	4480	8883
5	4517	4478	4435	8884
5	4480	4428	4479	8885
5	4475	4382	4441	8886
5	4496	4442	4464	8887
5	4466	4406	4423	8888
5	4537	4473	4515	8889
5	4466	4451	4406	8890
5	4482	4444	4481	8891
5	4492	4437	4461	8892
5	4453	4385	4413	8893
5	4542	4488	4512	8894
5	4589	4514	4549	8895
5	4447	4437	4405	8896
5	4447	4405	4415	8897
5	4508	4438	4489	8898
5	4449	4404	4448	8899
5	4556	4516	4498	8900
5	4469	4416	4446	8901
5	4540	4458	4495	8902
5	4477	4436	4424	8903
5	4452	4380	4349	8904
5	4452	4349	4407	8905
5	4484	4448	4395	8906
5	4489	4438	4380	8907
5	4470	4419	4453	8908
5	4491	4421	4445	8909
5	4454	4432	4399	8910
5	4454	4399	4383	8911
5	4455	4417	4387	8912
5	4455	4387	4434	8913
5	4456	4443	4376	8914
5	4456	4376	4431	8915
5	4582	4530	4544	8916
5	4583	4548	4530	8917
5	4458	4429	4398	8918
5	4458	4398	4425	8919
5	4459	4454	4383	8920
5	4459	4383	4442	8921
5	4460	4430	4378	8922
5	4460	4378	4417	8923
5	4461	4437	4447	8924
5	4487	4445	4450	8925
5	4510	4468	4507	8926
5	4484	4395	4438	8927
5	4649	4622	4579	8928
5	4535	4456	4431	8929
5	4519	4480	4479	8930
5	4475	4418	4382	8931
5	4584	4532	4502	8932
5	4541	4497	4455	8933
5	4600	4542	4512	8934
5	4580	4578	4564	8935
5	4511	4465	4460	8936
5	4513	4465	4511	8937
5	4468	4446	4396	8938
5	4468	4396	4449	8939
5	4525	4508	4489	8940
5	4488	4452	4451	8941
5	4486	4419	4470	8942
5	4486	4447	4419	8943
5	4528	4503	4471	8944
5	4504	4422	4503	8945
5	4472	4458	4425	8946
5	4472	4425	4422	8947
5	4553	4511	4497	8948
5	4502	4463	4426	8949
5	4544	4474	4492	8950
5	4509	4476	4429	8951
5	4480	4441	4428	8952
5	4545	4475	4506	8953
5	4546	4492	4461	8954
5	4487	4450	4483	8955
5	4490	4436	4477	8956
5	4490	4453	4436	8957
5	4507	4468	4485	8958
5	4498	4462	4439	8959
5	4510	4469	4446	8960
5	4519	4479	4518	8961
5	4516	4435	4462	8962
5	4518	4479	4478	8963
5	4482	4423	4384	8964
5	4482	4384	4444	8965
5	4674	4659	4616	8966
5	4521	4482	4520	8967
5	4569	4523	4536	8968
5	4551	4500	4476	8969
5	4485	4449	4448	8970
5	4485	4468	4449	8971
5	4517	4435	4516	8972
5	4677	4673	4636	8973
5	4546	4461	4522	8974
5	4486	4461	4447	8975
5	4527	4490	4477	8976
5	4523	4487	4483	8977
5	4489	4452	4488	8978
5	4489	4380	4452	8979
5	4611	4561	4577	8980
5	4526	4485	4484	8981
5	4527	4477	4491	8982
5	4491	4445	4487	8983
5	4527	4470	4490	8984
5	4491	4477	4421	8985
5	4652	4609	4588	8986
5	4582	4544	4570	8987
5	4493	4464	4418	8988
5	4493	4418	4475	8989
5	4494	4455	4434	8990
5	4494	4434	4457	8991
5	4509	4429	4458	8992
5	4495	4458	4472	8993
5	4531	4464	4493	8994
5	4558	4517	4516	8995
5	4497	4460	4417	8996
5	4497	4417	4455	8997
5	4518	4478	4517	8998
5	4516	4462	4498	8999
5	4499	4471	4432	9000
5	4499	4432	4454	9001
5	4500	4483	4433	9002
5	4500	4433	4476	9003
5	4520	4482	4481	9004
5	4547	4520	4481	9005
5	4535	4463	4532	9006
5	4532	4463	4502	9007
5	4607	4495	4604	9008
5	4503	4422	4402	9009
5	4549	4459	4496	9010
5	4655	4605	4639	9011
5	4565	4505	4563	9012
5	4527	4491	4505	9013
5	4606	4531	4567	9014
5	4590	4557	4519	9015
5	4510	4446	4468	9016
5	4550	4498	4469	9017
5	4534	4508	4533	9018
5	4561	4521	4520	9019
5	4536	4483	4500	9020
5	4607	4586	4540	9021
5	4558	4516	4556	9022
5	4564	4526	4534	9023
5	4609	4608	4587	9024
5	4541	4455	4494	9025
5	4512	4488	4451	9026
5	4512	4451	4466	9027
5	4592	4555	4554	9028
5	4619	4588	4548	9029
5	4514	4499	4454	9030
5	4514	4454	4459	9031
5	4555	4513	4554	9032
5	4576	4515	4555	9033
5	4674	4616	4644	9034
5	4560	4519	4518	9035
5	4578	4552	4564	9036
5	4559	4517	4558	9037
5	4632	4595	4620	9038
5	4620	4595	4557	9039
5	4634	4597	4596	9040
5	4559	4518	4517	9041
5	4521	4466	4423	9042
5	4521	4423	4482	9043
5	4909	4870	4819	9044
5	4562	4521	4561	9045
5	4563	4505	4523	9046
5	4694	4660	4614	9047
5	4570	4492	4546	9048
5	4523	4505	4487	9049
5	4524	4522	4486	9050
5	4524	4486	4470	9051
5	4598	4559	4597	9052
5	4648	4577	4613	9053
5	4534	4526	4508	9054
5	4526	4507	4485	9055
5	4568	4546	4522	9056
5	4527	4524	4470	9057
5	4617	4536	4572	9058
5	4754	4739	4744	9059
5	4565	4529	4524	9060
5	4536	4523	4483	9061
5	4777	4719	4774	9062
5	4530	4457	4427	9063
5	4567	4531	4493	9064
5	4589	4543	4514	9065
5	4648	4611	4577	9066
5	4626	4584	4537	9067
5	4613	4547	4574	9068
5	4576	4537	4515	9069
5	4560	4518	4559	9070
5	4550	4469	4510	9071
5	4579	4533	4525	9072
5	4547	4481	4501	9073
5	4658	4607	4604	9074
5	4664	4624	4641	9075
5	4584	4502	4537	9076
5	4711	4675	4685	9077
5	4538	4528	4471	9078
5	4538	4471	4499	9079
5	4647	4614	4586	9080
5	4586	4509	4540	9081
5	4586	4551	4509	9082
5	4551	4476	4509	9083
5	4554	4511	4553	9084
5	4609	4587	4541	9085
5	4611	4599	4561	9086
5	4649	4579	4637	9087
5	4543	4538	4499	9088
5	4543	4499	4514	9089
5	4544	4530	4427	9090
5	4544	4427	4474	9091
5	4712	4646	4693	9092
5	4606	4575	4531	9093
5	4607	4540	4495	9094
5	4615	4563	4569	9095
5	4574	4501	4535	9096
5	4880	4848	4845	9097
5	4588	4541	4494	9098
5	4548	4494	4457	9099
5	4621	4566	4543	9100
5	4549	4514	4459	9101
5	4596	4556	4594	9102
5	4590	4519	4560	9103
5	4572	4500	4551	9104
5	4678	4650	4615	9105
5	4552	4550	4510	9106
5	4552	4510	4507	9107
5	4777	4753	4719	9108
5	4592	4554	4591	9109
5	4619	4548	4583	9110
5	4591	4554	4553	9111
5	4651	4576	4618	9112
5	4745	4726	4741	9113
5	4593	4552	4578	9114
5	4632	4545	4595	9115
5	4620	4557	4590	9116
5	4557	4506	4480	9117
5	4579	4525	4542	9118
5	4595	4506	4557	9119
5	4593	4550	4552	9120
5	4594	4556	4550	9121
5	4666	4598	4635	9122
5	4596	4558	4556	9123
5	4562	4512	4466	9124
5	4562	4466	4521	9125
5	4902	4828	4866	9126
5	4677	4636	4640	9127
5	4568	4522	4529	9128
5	4585	4565	4563	9129
5	4564	4552	4507	9130
5	4564	4507	4526	9131
5	4565	4524	4527	9132
5	4565	4527	4505	9133
5	4621	4543	4589	9134
5	4716	4686	4667	9135
5	4681	4645	4610	9136
5	4712	4676	4646	9137
5	4609	4541	4588	9138
5	4625	4582	4624	9139
5	4779	4720	4746	9140
5	4641	4624	4602	9141
5	4624	4570	4602	9142
5	4617	4569	4536	9143
5	4581	4538	4566	9144
5	4604	4495	4539	9145
5	4650	4627	4585	9146
5	4655	4603	4605	9147
5	4574	4535	4573	9148
5	4573	4535	4532	9149
5	4599	4562	4561	9150
5	4763	4734	4689	9151
5	4575	4549	4496	9152
5	4575	4496	4531	9153
5	4638	4612	4584	9154
5	4665	4591	4608	9155
5	4577	4561	4520	9156
5	4577	4520	4547	9157
5	4580	4564	4534	9158
5	4622	4533	4579	9159
5	4630	4578	4623	9160
5	4580	4534	4533	9161
5	4690	4611	4648	9162
5	4622	4580	4533	9163
5	4581	4571	4528	9164
5	4581	4528	4538	9165
5	4732	4663	4703	9166
5	4678	4615	4643	9167
5	4703	4625	4664	9168
5	4701	4641	4661	9169
5	4638	4584	4626	9170
5	4747	4679	4713	9171
5	4615	4585	4563	9172
5	4627	4529	4585	9173
5	4667	4567	4632	9174
5	4693	4646	4621	9175
5	4587	4553	4497	9176
5	4587	4497	4541	9177
5	4713	4679	4654	9178
5	4653	4608	4609	9179
5	4715	4693	4642	9180
5	4776	4742	4709	9181
5	4736	4645	4681	9182
5	4707	4666	4635	9183
5	4704	4653	4696	9184
5	4766	4695	4727	9185
5	4848	4810	4845	9186
5	4713	4654	4675	9187
5	4597	4558	4596	9188
5	4594	4550	4593	9189
5	4662	4580	4622	9190
5	4623	4578	4580	9191
5	4667	4606	4567	9192
5	4595	4545	4506	9193
5	4630	4593	4578	9194
5	4631	4593	4630	9195
5	4709	4672	4671	9196
5	4635	4598	4597	9197
5	4631	4594	4593	9198
5	4633	4596	4594	9199
5	4600	4562	4599	9200
5	4600	4512	4562	9201
5	4633	4594	4631	9202
5	4637	4579	4542	9203
5	4601	4581	4566	9204
5	4676	4601	4646	9205
5	4602	4570	4546	9206
5	4602	4546	4568	9207
5	4698	4655	4682	9208
5	4768	4678	4725	9209
5	4657	4604	4603	9210
5	4650	4585	4615	9211
5	4605	4603	4571	9212
5	4605	4571	4581	9213
5	4628	4549	4575	9214
5	4716	4667	4680	9215
5	4647	4586	4607	9216
5	4646	4601	4566	9217
5	4608	4591	4553	9218
5	4608	4553	4587	9219
5	4717	4650	4678	9220
5	4625	4583	4582	9221
5	4610	4590	4560	9222
5	4610	4560	4598	9223
5	4735	4690	4695	9224
5	4636	4600	4599	9225
5	4612	4573	4532	9226
5	4612	4532	4584	9227
5	4640	4636	4599	9228
5	4719	4644	4683	9229
5	4614	4572	4551	9230
5	4614	4551	4586	9231
5	4660	4617	4572	9232
5	4661	4568	4627	9233
5	4616	4613	4574	9234
5	4616	4574	4573	9235
5	4725	4678	4643	9236
5	4643	4569	4617	9237
5	4618	4576	4555	9238
5	4618	4555	4592	9239
5	4652	4588	4619	9240
5	4683	4644	4612	9241
5	4671	4634	4633	9242
5	4749	4681	4729	9243
5	4676	4639	4601	9244
5	4628	4589	4549	9245
5	4932	4873	4888	9246
5	4742	4672	4709	9247
5	4640	4599	4611	9248
5	4687	4662	4622	9249
5	4775	4724	4740	9250
5	4797	4758	4732	9251
5	4720	4703	4664	9252
5	4643	4615	4569	9253
5	4689	4626	4651	9254
5	4763	4689	4651	9255
5	4663	4583	4625	9256
5	4661	4641	4602	9257
5	4714	4656	4686	9258
5	4680	4632	4620	9259
5	4629	4592	4591	9260
5	4665	4629	4591	9261
5	4803	4728	4761	9262
5	4634	4596	4633	9263
5	4669	4633	4631	9264
5	4635	4597	4634	9265
5	4681	4610	4666	9266
5	4632	4567	4545	9267
5	4672	4634	4671	9268
5	4687	4622	4649	9269
5	4668	4631	4630	9270
5	4730	4670	4692	9271
5	4709	4671	4708	9272
5	4672	4635	4634	9273
5	4637	4600	4636	9274
5	4637	4542	4600	9275
5	4662	4623	4580	9276
5	4680	4667	4632	9277
5	4651	4626	4576	9278
5	4755	4675	4711	9279
5	4639	4605	4601	9280
5	4849	4781	4823	9281
5	4752	4718	4735	9282
5	4814	4777	4774	9283
5	4764	4748	4737	9284
5	4660	4572	4614	9285
5	4642	4621	4589	9286
5	4642	4589	4628	9287
5	4739	4698	4710	9288
5	4684	4617	4660	9289
5	4644	4616	4573	9290
5	4644	4573	4612	9291
5	4645	4620	4590	9292
5	4645	4590	4610	9293
5	4693	4621	4642	9294
5	4849	4829	4781	9295
5	4699	4657	4698	9296
5	4684	4643	4617	9297
5	4722	4662	4687	9298
5	4690	4640	4611	9299
5	4708	4669	4705	9300
5	4723	4649	4673	9301
5	4724	4688	4701	9302
5	4661	4602	4568	9303
5	4794	4713	4755	9304
5	4683	4612	4638	9305
5	4665	4608	4653	9306
5	4653	4609	4652	9307
5	4704	4665	4653	9308
5	4704	4685	4665	9309
5	4654	4618	4592	9310
5	4654	4592	4629	9311
5	4698	4657	4655	9312
5	4658	4604	4657	9313
5	4656	4628	4575	9314
5	4656	4575	4606	9315
5	4748	4721	4737	9316
5	4658	4647	4607	9317
5	4799	4784	4748	9318
5	4829	4756	4781	9319
5	4659	4648	4613	9320
5	4659	4613	4616	9321
5	4757	4684	4721	9322
5	4821	4790	4750	9323
5	4700	4627	4650	9324
5	4700	4661	4627	9325
5	4669	4631	4668	9326
5	4671	4633	4669	9327
5	4702	4619	4663	9328
5	4663	4619	4583	9329
5	4801	4741	4773	9330
5	4664	4625	4624	9331
5	4778	4651	4679	9332
5	4877	4779	4817	9333
5	4729	4666	4707	9334
5	4759	4715	4691	9335
5	4715	4642	4691	9336
5	4714	4691	4656	9337
5	4735	4718	4690	9338
5	4820	4783	4776	9339
5	4761	4718	4752	9340
5	4707	4635	4672	9341
5	4670	4668	4630	9342
5	4670	4630	4623	9343
5	4762	4729	4707	9344
5	4692	4623	4662	9345
5	4731	4708	4705	9346
5	4762	4707	4742	9347
5	4673	4649	4637	9348
5	4673	4637	4636	9349
5	4774	4683	4734	9350
5	4878	4803	4841	9351
5	4675	4654	4629	9352
5	4703	4663	4625	9353
5	4838	4805	4816	9354
5	4836	4795	4744	9355
5	4921	4858	4881	9356
5	4803	4761	4780	9357
5	4732	4702	4663	9358
5	4771	4726	4745	9359
5	4679	4651	4618	9360
5	4679	4618	4654	9361
5	5001	4966	4941	9362
5	4680	4620	4645	9363
5	4765	4686	4716	9364
5	4708	4671	4669	9365
5	4682	4655	4639	9366
5	4733	4682	4639	9367
5	4842	4747	4819	9368
5	4719	4674	4644	9369
5	5058	5001	5021	9370
5	4694	4614	4647	9371
5	4685	4675	4629	9372
5	4685	4629	4665	9373
5	4686	4656	4606	9374
5	4686	4606	4667	9375
5	4692	4670	4623	9376
5	4705	4669	4668	9377
5	4688	4664	4641	9378
5	4757	4721	4748	9379
5	4734	4638	4689	9380
5	4689	4638	4626	9381
5	4766	4735	4695	9382
5	4807	4788	4769	9383
5	4691	4642	4628	9384
5	4691	4628	4656	9385
5	4765	4714	4686	9386
5	4772	4716	4680	9387
5	4733	4639	4676	9388
5	4836	4744	4785	9389
5	4751	4732	4703	9390
5	5133	5060	5082	9391
5	4695	4690	4648	9392
5	4695	4648	4659	9393
5	4696	4653	4652	9394
5	4779	4751	4720	9395
5	4697	4694	4647	9396
5	4697	4647	4658	9397
5	4699	4658	4657	9398
5	4965	4937	4909	9399
5	4790	4733	4750	9400
5	4764	4738	4754	9401
5	4701	4661	4700	9402
5	4701	4688	4641	9403
5	4916	4911	4913	9404
5	4905	4817	4857	9405
5	4702	4696	4652	9406
5	4702	4652	4619	9407
5	4720	4664	4688	9408
5	4809	4746	4724	9409
5	5095	232	5043	9410
5	4981	4951	4975	9411
5	4761	4677	4718	9412
5	4731	4705	4706	9413
5	4706	4705	4668	9414
5	4706	4668	4670	9415
5	4742	4707	4672	9416
5	4729	4681	4666	9417
5	4851	4835	4834	9418
5	4854	4783	4820	9419
5	4807	4767	4788	9420
5	4789	4769	4788	9421
5	4710	4698	4682	9422
5	4770	4682	4733	9423
5	4822	4794	4755	9424
5	5012	4946	4988	9425
5	4885	4816	4865	9426
5	4947	4888	4934	9427
5	4855	4822	4787	9428
5	4794	4747	4713	9429
5	4772	4680	4736	9430
5	4886	4849	4823	9431
5	4756	4712	4693	9432
5	4770	4710	4682	9433
5	4826	4796	4765	9434
5	4749	4736	4681	9435
5	4740	4724	4701	9436
5	4717	4700	4650	9437
5	4718	4677	4640	9438
5	4718	4640	4690	9439
5	4856	4841	4780	9440
5	4864	4791	4824	9441
5	4901	4813	4837	9442
5	4751	4703	4720	9443
5	4721	4684	4660	9444
5	4721	4660	4694	9445
5	4730	4706	4670	9446
5	4722	4692	4662	9447
5	4723	4722	4687	9448
5	4723	4687	4649	9449
5	4740	4700	4717	9450
5	4725	4643	4684	9451
5	4740	4701	4700	9452
5	4818	4784	4799	9453
5	4726	4711	4685	9454
5	4726	4685	4704	9455
5	4727	4695	4659	9456
5	4727	4659	4674	9457
5	4728	4723	4673	9458
5	4728	4673	4677	9459
5	4783	4742	4776	9460
5	4736	4680	4645	9461
5	4743	4708	4731	9462
5	4731	4706	4730	9463
5	4858	4793	4835	9464
5	4793	4776	4743	9465
5	4758	4702	4732	9466
5	4850	4846	4812	9467
5	4756	4693	4715	9468
5	4785	4710	4770	9469
5	4774	4719	4683	9470
5	4734	4683	4638	9471
5	4791	4735	4766	9472
5	4883	4864	4824	9473
5	4806	4716	4772	9474
5	4879	4806	4843	9475
5	4737	4721	4694	9476
5	4737	4694	4697	9477
5	4738	4737	4697	9478
5	4738	4697	4699	9479
5	4739	4738	4699	9480
5	4739	4699	4698	9481
5	4799	4748	4764	9482
5	4757	4725	4684	9483
5	4741	4726	4704	9484
5	4741	4704	4696	9485
5	4793	4743	4760	9486
5	4767	4723	4728	9487
5	4776	4709	4743	9488
5	4743	4709	4708	9489
5	4744	4739	4710	9490
5	4785	4744	4710	9491
5	4773	4741	4696	9492
5	4859	4785	4815	9493
5	4746	4720	4688	9494
5	4746	4688	4724	9495
5	4833	4763	4778	9496
5	4755	4713	4675	9497
5	4754	4738	4739	9498
5	4805	4754	4795	9499
5	4811	4736	4749	9500
5	4806	4765	4716	9501
5	4750	4733	4676	9502
5	4750	4676	4712	9503
5	4758	4696	4702	9504
5	4801	4745	4741	9505
5	4778	4679	4747	9506
5	4875	4842	4870	9507
5	4753	4727	4674	9508
5	4753	4674	4719	9509
5	4764	4737	4738	9510
5	4890	4853	4818	9511
5	4771	4711	4726	9512
5	4982	4959	4919	9513
5	5128	5067	5084	9514
5	4759	4691	4714	9515
5	4800	4775	4786	9516
5	4768	4717	4678	9517
5	4773	4696	4758	9518
5	4845	4810	4745	9519
5	4914	4897	4849	9520
5	4821	4750	4782	9521
5	4760	4743	4731	9522
5	4789	4730	4769	9523
5	4803	4767	4728	9524
5	4761	4728	4677	9525
5	4820	4776	4793	9526
5	4918	4889	4896	9527
5	4804	4774	4734	9528
5	4798	4727	4753	9529
5	4923	4867	4908	9530
5	4784	4757	4748	9531
5	4904	4827	4863	9532
5	4915	4852	4882	9533
5	4804	4734	4763	9534
5	4828	4753	4777	9535
5	4791	4752	4735	9536
5	4807	4723	4767	9537
5	4808	4725	4757	9538
5	4892	4857	4825	9539
5	4769	4730	4692	9540
5	4769	4692	4722	9541
5	4790	4770	4733	9542
5	4903	4879	4843	9543
5	4855	4787	4830	9544
5	5078	5043	232	9545
5	4826	4765	4806	9546
5	4831	4762	4783	9547
5	4797	4732	4751	9548
5	4812	4758	4797	9549
5	4978	4939	4902	9550
5	4814	4774	4804	9551
5	4825	4809	4775	9552
5	4809	4724	4775	9553
5	4783	4762	4742	9554
5	4835	4793	4760	9555
5	4798	4766	4727	9556
5	4864	4832	4791	9557
5	4833	4804	4763	9558
5	4778	4763	4651	9559
5	4850	4812	4813	9560
5	4837	4751	4779	9561
5	4780	4761	4752	9562
5	5000	4958	4940	9563
5	4781	4756	4715	9564
5	4781	4715	4759	9565
5	4782	4750	4712	9566
5	4782	4712	4756	9567
5	4941	4904	4863	9568
5	4992	4922	4963	9569
5	4786	4717	4768	9570
5	4808	4768	4725	9571
5	4829	4782	4756	9572
5	4872	4825	4775	9573
5	4786	4775	4740	9574
5	4786	4740	4717	9575
5	4787	4755	4711	9576
5	4787	4711	4771	9577
5	4802	4760	4731	9578
5	4789	4731	4730	9579
5	4802	4731	4789	9580
5	4834	4760	4802	9581
5	5028	4950	4993	9582
5	4873	4790	4821	9583
5	4891	4841	4856	9584
5	4866	4777	4814	9585
5	4792	4749	4729	9586
5	4792	4729	4762	9587
5	4835	4760	4834	9588
5	4827	4811	4749	9589
5	4847	4794	4822	9590
5	4948	4898	4937	9591
5	4795	4754	4744	9592
5	4865	4795	4836	9593
5	4796	4759	4714	9594
5	4796	4714	4765	9595
5	4890	4818	4867	9596
5	5062	5013	5008	9597
5	4982	4919	4956	9598
5	4828	4798	4753	9599
5	4865	4816	4795	9600
5	4867	4818	4838	9601
5	4800	4786	4768	9602
5	4808	4800	4768	9603
5	4906	4865	4836	9604
5	4845	4745	4801	9605
5	4839	4789	4788	9606
5	4966	4904	4941	9607
5	4922	4854	4893	9608
5	4840	4767	4803	9609
5	4871	4804	4833	9610
5	4871	4814	4804	9611
5	4805	4799	4764	9612
5	4805	4764	4754	9613
5	4811	4772	4736	9614
5	4914	4849	4886	9615
5	4807	4769	4722	9616
5	4807	4722	4723	9617
5	4808	4757	4784	9618
5	4844	4808	4784	9619
5	4924	4882	4879	9620
5	4837	4797	4751	9621
5	4810	4771	4745	9622
5	4905	4877	4817	9623
5	4831	4792	4762	9624
5	4895	4831	4854	9625
5	4846	4773	4812	9626
5	4812	4773	4758	9627
5	4813	4812	4797	9628
5	4837	4813	4797	9629
5	4998	4925	4972	9630
5	4894	4856	4832	9631
5	4815	4785	4770	9632
5	4815	4770	4790	9633
5	4816	4805	4795	9634
5	5069	4984	5011	9635
5	4817	4779	4746	9636
5	4817	4746	4809	9637
5	4913	4853	4890	9638
5	4933	4880	4899	9639
5	4819	4747	4794	9640
5	4822	4755	4787	9641
5	4854	4831	4783	9642
5	4843	4772	4811	9643
5	4873	4815	4790	9644
5	4906	4836	4859	9645
5	4847	4819	4794	9646
5	4972	4925	4898	9647
5	4823	4781	4759	9648
5	4823	4759	4796	9649
5	4824	4791	4766	9650
5	4824	4766	4798	9651
5	4916	4913	4890	9652
5	4857	4817	4809	9653
5	4958	4903	4940	9654
5	4827	4749	4792	9655
5	4903	4843	4874	9656
5	4904	4874	4827	9657
5	5076	5025	5071	9658
5	4972	4898	4948	9659
5	4879	4826	4806	9660
5	5047	5004	5017	9661
5	4830	4787	4771	9662
5	4830	4771	4810	9663
5	4895	4863	4831	9664
5	4858	4820	4793	9665
5	4832	4780	4752	9666
5	4832	4752	4791	9667
5	4866	4828	4777	9668
5	4925	4871	4875	9669
5	4876	4788	4840	9670
5	4840	4788	4767	9671
5	4856	4780	4832	9672
5	4928	4841	4891	9673
5	4859	4836	4785	9674
5	4897	4829	4849	9675
5	4951	4933	4938	9676
5	4877	4837	4779	9677
5	4838	4818	4799	9678
5	4838	4799	4805	9679
5	4839	4834	4802	9680
5	4839	4802	4789	9681
5	5143	5129	5081	9682
5	4921	4893	4858	9683
5	5044	4992	5024	9684
5	4841	4803	4780	9685
5	4842	4833	4778	9686
5	4842	4778	4747	9687
5	4886	4823	4852	9688
5	4843	4806	4772	9689
5	4997	4914	4954	9690
5	4844	4800	4808	9691
5	5144	5104	5115	9692
5	4861	4810	4848	9693
5	4899	4801	4846	9694
5	4846	4801	4773	9695
5	5077	5057	5014	9696
5	4925	4875	4898	9697
5	5037	4957	4994	9698
5	4942	4907	4848	9699
5	4941	4863	4895	9700
5	5004	4932	4947	9701
5	4901	4837	4877	9702
5	4857	4809	4825	9703
5	4939	4860	4902	9704
5	5060	5015	4996	9705
5	4852	4823	4796	9706
5	4852	4796	4826	9707
5	4853	4844	4784	9708
5	4853	4784	4818	9709
5	4958	4924	4903	9710
5	4924	4879	4903	9711
5	4861	4830	4810	9712
5	5078	232	233	9713
5	4960	4920	4889	9714
5	5015	4983	4960	9715
5	4976	4905	4929	9716
5	4929	4857	4892	9717
5	4960	4889	4918	9718
5	4889	4851	4869	9719
5	5006	4935	4976	9720
5	5047	5018	5004	9721
5	4860	4824	4798	9722
5	4860	4798	4828	9723
5	5117	233	234	9724
5	4961	4880	4933	9725
5	4862	4821	4782	9726
5	4862	4782	4829	9727
5	4863	4827	4792	9728
5	4863	4792	4831	9729
5	5005	4948	4937	9730
5	4883	4824	4860	9731
5	4932	4900	4873	9732
5	4923	4890	4867	9733
5	4910	4866	4814	9734
5	4996	4918	4974	9735
5	4885	4868	4816	9736
5	4908	4867	4868	9737
5	4868	4867	4838	9738
5	4868	4838	4816	9739
5	4869	4851	4834	9740
5	4869	4834	4839	9741
5	4870	4842	4819	9742
5	4909	4819	4847	9743
5	4937	4898	4870	9744
5	4910	4814	4871	9745
5	4872	4775	4800	9746
5	5017	4947	4984	9747
5	4897	4862	4829	9748
5	4954	4914	4886	9749
5	4874	4843	4811	9750
5	4874	4811	4827	9751
5	4875	4871	4833	9752
5	4875	4833	4842	9753
5	4876	4869	4839	9754
5	4876	4839	4788	9755
5	4987	4971	4977	9756
5	4929	4905	4857	9757
5	4928	4912	4878	9758
5	4878	4840	4803	9759
5	4872	4800	4844	9760
5	4913	4844	4853	9761
5	4988	4946	4957	9762
5	4899	4846	4850	9763
5	4881	4858	4835	9764
5	4881	4835	4851	9765
5	4882	4852	4826	9766
5	4882	4826	4879	9767
5	5042	4972	5009	9768
5	4894	4832	4864	9769
5	4884	4847	4822	9770
5	4884	4822	4855	9771
5	5093	5047	5017	9772
5	5079	5050	5016	9773
5	4915	4886	4852	9774
5	4934	4888	4862	9775
5	4887	4855	4830	9776
5	4887	4830	4861	9777
5	4888	4873	4821	9778
5	4888	4821	4862	9779
5	4928	4878	4841	9780
5	5163	5120	5160	9781
5	5080	5063	5028	9782
5	4975	4901	4935	9783
5	4912	4840	4878	9784
5	5106	5066	5073	9785
5	5038	4971	4987	9786
5	5080	5028	5050	9787
5	4893	4854	4820	9788
5	4893	4820	4858	9789
5	4936	4864	4883	9790
5	4936	4894	4864	9791
5	5044	5021	4992	9792
5	4922	4895	4854	9793
5	4896	4889	4869	9794
5	4896	4869	4876	9795
5	5090	5011	5053	9796
5	4964	4934	4897	9797
5	4898	4875	4870	9798
5	4965	4909	4917	9799
5	4899	4880	4845	9800
5	4899	4845	4801	9801
5	4900	4859	4815	9802
5	4900	4815	4873	9803
5	4938	4850	4901	9804
5	4901	4850	4813	9805
5	4944	4866	4910	9806
5	4902	4860	4828	9807
5	4940	4903	4874	9808
5	5031	4966	5001	9809
5	4940	4874	4904	9810
5	4967	4895	4922	9811
5	5022	4968	4995	9812
5	4916	4892	4911	9813
5	5156	215	216	9814
5	5050	5028	4993	9815
5	4907	4861	4848	9816
5	4942	4848	4880	9817
5	4943	4908	4868	9818
5	4943	4868	4885	9819
5	4937	4870	4909	9820
5	5046	4980	5012	9821
5	5200	5143	5176	9822
5	4944	4910	4925	9823
5	4911	4892	4825	9824
5	4911	4825	4872	9825
5	4912	4896	4876	9826
5	4912	4876	4840	9827
5	4913	4911	4872	9828
5	4913	4872	4844	9829
5	5035	4997	4954	9830
5	4934	4862	4897	9831
5	5007	4924	4958	9832
5	4964	4897	4914	9833
5	4994	4942	4961	9834
5	4990	4929	4973	9835
5	4917	4909	4847	9836
5	4917	4847	4884	9837
5	4939	4883	4860	9838
5	4952	4891	4927	9839
5	4919	4884	4855	9840
5	4919	4855	4887	9841
5	4920	4881	4851	9842
5	4920	4851	4889	9843
5	5143	5081	5133	9844
5	5082	5060	5026	9845
5	4966	4940	4904	9846
5	5052	5024	4991	9847
5	4995	4968	4923	9848
5	4995	4923	4971	9849
5	4967	4941	4895	9850
5	5103	5010	5056	9851
5	5054	5039	5042	9852
5	4925	4910	4871	9853
5	4926	4885	4865	9854
5	4926	4865	4906	9855
5	4927	4891	4856	9856
5	4927	4856	4894	9857
5	4928	4896	4912	9858
5	5070	5054	5009	9859
5	4973	4892	4916	9860
5	4935	4877	4905	9861
5	4930	4906	4859	9862
5	4930	4859	4900	9863
5	4931	4887	4861	9864
5	4931	4861	4907	9865
5	5170	5153	5124	9866
5	4928	4918	4896	9867
5	4961	4942	4880	9868
5	4935	4901	4877	9869
5	4997	4964	4914	9870
5	4947	4932	4888	9871
5	4976	4935	4905	9872
5	4973	4929	4892	9873
5	4974	4891	4952	9874
5	5026	4974	4952	9875
5	5013	4965	5008	9876
5	5039	4985	4978	9877
5	4938	4933	4899	9878
5	4938	4899	4850	9879
5	5102	5054	5100	9880
5	5034	4970	4985	9881
5	5101	5021	5044	9882
5	5114	5084	5059	9883
5	5001	4941	4967	9884
5	4996	4960	4918	9885
5	5012	4980	4946	9886
5	5032	4961	5003	9887
5	5002	4943	4950	9888
5	5022	4916	4968	9889
5	4978	4902	4944	9890
5	4944	4902	4866	9891
5	4945	4915	4882	9892
5	4945	4882	4924	9893
5	4946	4931	4907	9894
5	5003	4933	4951	9895
5	5028	5002	4950	9896
5	5004	4962	4932	9897
5	5005	4937	4965	9898
5	5111	5077	235	9899
5	4949	4927	4894	9900
5	4949	4894	4936	9901
5	4950	4943	4885	9902
5	4950	4885	4926	9903
5	5091	5033	5066	9904
5	5006	4981	4975	9905
5	5026	4996	4974	9906
5	5055	5034	4985	9907
5	4953	4921	4881	9908
5	4953	4881	4920	9909
5	4979	4915	4945	9910
5	4979	4955	4915	9911
5	4955	4954	4886	9912
5	4955	4886	4915	9913
5	4956	4919	4887	9914
5	4956	4887	4931	9915
5	4957	4946	4907	9916
5	4957	4907	4942	9917
5	5085	5031	5058	9918
5	5067	4979	5030	9919
5	4959	4917	4884	9920
5	4959	4884	4919	9921
5	5060	4996	5026	9922
5	5031	5000	4966	9923
5	5141	5061	5105	9924
5	5003	4961	4933	9925
5	4962	4930	4900	9926
5	4962	4900	4932	9927
5	4963	4922	4893	9928
5	4963	4893	4921	9929
5	5175	212	213	9930
5	5132	5069	5090	9931
5	5171	239	5148	9932
5	5040	4948	5005	9933
5	5000	4940	4966	9934
5	5059	5030	5007	9935
5	5024	4963	4991	9936
5	4992	4967	4922	9937
5	4968	4916	4890	9938
5	4968	4890	4923	9939
5	4969	4926	4906	9940
5	4969	4906	4930	9941
5	4970	4936	4883	9942
5	4970	4883	4939	9943
5	4971	4923	4908	9944
5	5097	5019	5049	9945
5	4998	4944	4925	9946
5	5144	5116	5104	9947
5	5006	4975	4935	9948
5	5049	5019	5022	9949
5	4974	4918	4928	9950
5	4974	4928	4891	9951
5	4975	4951	4938	9952
5	4975	4938	4901	9953
5	5187	243	5160	9954
5	5033	4981	5006	9955
5	4977	4971	4908	9956
5	4977	4908	4943	9957
5	5086	5070	5040	9958
5	5034	4999	4970	9959
5	5035	4954	5027	9960
5	5059	5007	5010	9961
5	4980	4956	4931	9962
5	4980	4931	4946	9963
5	4990	4976	4929	9964
5	5065	4981	5033	9965
5	5111	5057	5077	9966
5	5057	5036	4982	9967
5	4983	4953	4920	9968
5	4983	4920	4960	9969
5	4984	4947	4934	9970
5	4984	4934	4964	9971
5	4985	4970	4939	9972
5	4985	4939	4978	9973
5	4986	4952	4927	9974
5	4986	4927	4949	9975
5	5002	4977	4943	9976
5	5050	4993	5016	9977
5	5105	5029	5065	9978
5	5037	4988	4957	9979
5	4989	4969	4930	9980
5	4989	4930	4962	9981
5	5065	5029	4981	9982
5	5066	5033	5041	9983
5	4991	4963	4921	9984
5	4991	4921	4953	9985
5	5025	4953	4983	9986
5	5071	4983	5015	9987
5	4993	4950	4926	9988
5	4993	4926	4969	9989
5	5204	213	214	9990
5	4994	4957	4942	9991
5	5038	4995	4971	9992
5	5070	5009	5040	9993
5	5015	4960	4996	9994
5	5026	4952	4986	9995
5	5017	5004	4947	9996
5	5172	5156	216	9997
5	5039	4978	4998	9998
5	4998	4978	4944	9999
5	4999	4949	4936	10000
5	4999	4936	4970	10001
5	5108	5074	5027	10002
5	5007	4945	4924	10003
5	5024	4992	4963	10004
5	5225	5200	5218	10005
5	5068	4987	5020	10006
5	5150	5079	5110	10007
5	5032	4994	4961	10008
5	5094	4994	5032	10009
5	5069	5017	4984	10010
5	5090	5069	5011	10011
5	5013	5005	4965	10012
5	5040	5009	4948	10013
5	5041	4976	4990	10014
5	5091	5065	5033	10015
5	5112	5099	5074	10016
5	5056	5000	5031	10017
5	5008	4965	4917	10018
5	5008	4917	4959	10019
5	5055	4985	5039	10020
5	5009	4972	4948	10021
5	5010	5007	4958	10022
5	5010	4958	5000	10023
5	5011	4984	4964	10024
5	5011	4964	4997	10025
5	5014	4982	4956	10026
5	5014	4956	4980	10027
5	5221	5203	245	10028
5	5116	5064	5104	10029
5	5117	5078	233	10030
5	5077	5014	5046	10031
5	5118	5044	5089	10032
5	5025	4991	4953	10033
5	5016	4993	4969	10034
5	5016	4969	4989	10035
5	5142	5135	5093	10036
5	5175	5142	5132	10037
5	5018	4989	4962	10038
5	5018	4962	5004	10039
5	5019	4990	4973	10040
5	5073	4990	5019	10041
5	5020	4987	4977	10042
5	5020	4977	5002	10043
5	5021	5001	4967	10044
5	5021	4967	4992	10045
5	5022	5019	4973	10046
5	5022	4973	4916	10047
5	5023	4986	4949	10048
5	5023	4949	4999	10049
5	5188	5119	5154	10050
5	5056	5010	5000	10051
5	5071	5025	4983	10052
5	5052	4991	5025	10053
5	5120	5083	5102	10054
5	5082	5026	5045	10055
5	5027	4954	4955	10056
5	5027	4955	4979	10057
5	5079	5016	5048	10058
5	5216	228	5179	10059
5	5029	5003	4951	10060
5	5029	4951	4981	10061
5	5030	4979	4945	10062
5	5030	4945	5007	10063
5	5081	5015	5060	10064
5	5058	5031	5001	10065
5	5121	5088	5094	10066
5	5095	5043	5072	10067
5	5198	222	5194	10068
5	5123	5091	5066	10069
5	5126	5051	5083	10070
5	5173	5145	5163	10071
5	5125	5053	5099	10072
5	5125	5090	5053	10073
5	5036	5008	4959	10074
5	5036	4959	4982	10075
5	5136	231	5095	10076
5	5204	5175	213	10077
5	5075	5038	4987	10078
5	5049	4995	5038	10079
5	5126	5098	5051	10080
5	5055	5039	5054	10081
5	5102	5055	5054	10082
5	5100	5054	5070	10083
5	5041	5033	5006	10084
5	5041	5006	4976	10085
5	5042	5039	4998	10086
5	5042	4998	4972	10087
5	5043	5012	4988	10088
5	5095	231	232	10089
5	5119	5085	5058	10090
5	5169	5085	5119	10091
5	5045	5026	4986	10092
5	5045	4986	5023	10093
5	5057	4982	5014	10094
5	5046	5014	4980	10095
5	5172	5150	5110	10096
5	5127	5050	5079	10097
5	5048	5016	4989	10098
5	5048	4989	5018	10099
5	5182	209	210	10100
5	5181	5161	5167	10101
5	5127	5080	5050	10102
5	5172	5110	5156	10103
5	5051	5023	4999	10104
5	5051	4999	5034	10105
5	5076	5052	5025	10106
5	5118	5101	5044	10107
5	5053	5011	4997	10108
5	5053	4997	5035	10109
5	5054	5042	5009	10110
5	5086	5040	5064	10111
5	5163	5126	5120	10112
5	5193	243	244	10113
5	5067	5027	4979	10114
5	5103	5059	5010	10115
5	5133	5081	5060	10116
5	5062	5008	5036	10117
5	5085	5056	5031	10118
5	5199	5146	5190	10119
5	5101	5058	5021	10120
5	5149	5125	5099	10121
5	5212	5170	5201	10122
5	5218	5200	5176	10123
5	5061	5032	5003	10124
5	5061	5003	5029	10125
5	5115	5062	5087	10126
5	5115	5104	5062	10127
5	5063	5020	5002	10128
5	5063	5002	5028	10129
5	5064	5040	5005	10130
5	5064	5005	5013	10131
5	5094	5032	5061	10132
5	5130	5065	5091	10133
5	5164	5131	5107	10134
5	5049	5022	4995	10135
5	5108	5027	5067	10136
5	5215	209	5162	10137
5	5137	5063	5080	10138
5	5131	5068	5107	10139
5	5132	5093	5069	10140
5	5175	5132	5155	10141
5	5075	4987	5068	10142
5	5106	5073	5097	10143
5	5196	5176	5153	10144
5	5081	5071	5015	10145
5	5072	5043	4988	10146
5	5072	4988	5037	10147
5	5073	5066	5041	10148
5	5073	5041	4990	10149
5	5074	5035	5027	10150
5	5206	5162	5128	10151
5	5097	5073	5019	10152
5	5122	5075	5096	10153
5	5089	5044	5024	10154
5	5089	5024	5052	10155
5	5117	5046	5078	10156
5	5077	234	235	10157
5	5078	5046	5012	10158
5	5078	5012	5043	10159
5	5150	5127	5079	10160
5	5151	5137	5080	10161
5	5151	5080	5127	10162
5	5131	5096	5068	10163
5	5176	5143	5133	10164
5	5152	5113	5076	10165
5	5168	5139	5100	10166
5	5227	5218	5196	10167
5	5083	5051	5034	10168
5	5083	5034	5055	10169
5	5084	5067	5030	10170
5	5084	5030	5059	10171
5	5157	5114	5103	10172
5	5114	5059	5103	10173
5	5138	5070	5086	10174
5	5102	5083	5055	10175
5	5087	5062	5036	10176
5	5087	5036	5057	10177
5	5088	5072	5037	10178
5	5136	5095	5072	10179
5	5213	5190	5210	10180
5	5196	5153	5170	10181
5	5202	5157	5195	10182
5	5093	5017	5069	10183
5	5185	5165	5123	10184
5	5130	5105	5065	10185
5	5092	5048	5018	10186
5	5092	5018	5047	10187
5	5156	5110	5092	10188
5	5142	5093	5132	10189
5	5094	5088	5037	10190
5	5094	5037	4994	10191
5	5136	5072	5088	10192
5	5136	230	231	10193
5	5096	5075	5068	10194
5	5137	5107	5063	10195
5	5109	5038	5075	10196
5	5123	5066	5106	10197
5	5098	5045	5023	10198
5	5098	5023	5051	10199
5	5099	5053	5035	10200
5	5099	5035	5074	10201
5	5148	5086	5116	10202
5	5178	5135	5142	10203
5	5226	203	204	10204
5	5119	5058	5101	10205
5	5163	5145	5126	10206
5	5126	5083	5120	10207
5	5157	5103	5140	10208
5	5128	5108	5067	10209
5	5104	5064	5013	10210
5	5104	5013	5062	10211
5	5158	5141	5105	10212
5	5105	5061	5029	10213
5	5134	5106	5097	10214
5	5122	5109	5075	10215
NPOIN= 5233
9.997500181200000e-01	-3.632732849609624e-05	0
9.990000128750000e-01	-1.451504242400027e-04	1
9.977599978450000e-01	-3.239782179556620e-04	2
9.960200190539999e-01	-5.708837491029047e-04	3
9.937800168990000e-01	-8.783598699913513e-04	4
9.910500049590000e-01	-1.232413522773065e-03	5
9.878399968150000e-01	-1.615274080411609e-03	6
9.841300249100000e-01	-2.012466977363906e-03	7
9.799500107769999e-01	-2.409997652084297e-03	8
9.752799868580000e-01	-2.811083068125916e-03	9
9.701499938960000e-01	-3.228960270826289e-03	10
9.645400047300000e-01	-3.692454030024917e-03	11
9.584699869160000e-01	-4.230063029731598e-03	12
9.519400000570000e-01	-4.865031095051394e-03	13
9.449599981310000e-01	-5.605930446216290e-03	14
9.375399947170000e-01	-6.446399401500464e-03	15
9.296900033950000e-01	-7.369575492907504e-03	16
9.214000105860000e-01	-8.357411713912365e-03	17
9.126999974250000e-01	-9.389555682419367e-03	18
9.035800099370001e-01	-1.045612912801488e-02	19
8.940600156780000e-01	-1.154980345229704e-02	20
8.841500282290000e-01	-1.266894279205765e-02	21
8.738499879840000e-01	-1.381529901145838e-02	22
8.631799817090000e-01	-1.498877359748262e-02	23
8.521599769590000e-01	-1.618863018867945e-02	24
8.407700061800000e-01	-1.741737892716377e-02	25
8.290500044819999e-01	-1.867005977282212e-02	26
8.170099854470000e-01	-1.994431677206318e-02	27
8.046399950980000e-01	-2.123952869619119e-02	28
7.919700145720000e-01	-2.255076136515397e-02	29
7.790099978450000e-01	-2.387524118476785e-02	30
7.657799720760000e-01	-2.520926796367738e-02	31
7.522799968720000e-01	-2.655125316265809e-02	32
7.385200262070000e-01	-2.789865076081558e-02	33
7.245299816130000e-01	-2.924703949163732e-02	34
7.103199958800001e-01	-3.059399859397293e-02	35
6.958900094030001e-01	-3.193805212866076e-02	36
6.812700033190000e-01	-3.327492807894485e-02	37
6.664699912070000e-01	-3.460225629642456e-02	38
6.514999866490000e-01	-3.591765681774733e-02	39
6.363800168040000e-01	-3.721788560534692e-02	40
6.211299896240000e-01	-3.849977115340483e-02	41
6.057599782940000e-01	-3.976100196710764e-02	42
5.902799963950000e-01	-4.099925178294023e-02	43
5.747100114820000e-01	-4.221140235484506e-02	44
5.590599775310000e-01	-4.339513373968434e-02	45
5.433599948880000e-01	-4.454662798550740e-02	46
5.276100039480000e-01	-4.566431026759501e-02	47
5.118399858470000e-01	-4.674442845353445e-02	48
4.960500001910000e-01	-4.778529844327766e-02	49
4.802699983120000e-01	-4.878320379983529e-02	50
4.645099937920000e-01	-4.973573933807351e-02	51
4.487800002100000e-01	-5.064040991711642e-02	52
4.331099987030000e-01	-5.149356456099920e-02	53
4.174999892710000e-01	-5.229319144482708e-02	54
4.019699990750000e-01	-5.303611744714040e-02	55
3.865399956700000e-01	-5.371920208253445e-02	56
3.712300062180000e-01	-5.433934527313787e-02	57
3.560400009160000e-01	-5.489419915626709e-02	58
3.409900069240000e-01	-5.538054686247729e-02	59
3.261100053790000e-01	-5.579499525447846e-02	60
3.113999962810000e-01	-5.613506933912929e-02	61
2.968699932100000e-01	-5.639787865454560e-02	62
2.825500071050000e-01	-5.658026700772304e-02	63
2.684499919410000e-01	-5.667956647537013e-02	64
2.545700073240000e-01	-5.669307205746379e-02	65
2.409400045870000e-01	-5.661807283865666e-02	66
2.275699973110000e-01	-5.645208341838907e-02	67
2.144699990750000e-01	-5.619265646829256e-02	68
2.016600072380000e-01	-5.583771101622446e-02	69
1.891400069000000e-01	-5.538476068917365e-02	70
1.769299954180000e-01	-5.483204710284884e-02	71
1.650400012730000e-01	-5.417769059800435e-02	72
1.534900069240000e-01	-5.342064589135596e-02	73
1.422899961470000e-01	-5.255964609195939e-02	74
1.314399987460000e-01	-5.159267700907569e-02	75
1.209499984980000e-01	-5.051848942599257e-02	76
1.108499988910000e-01	-4.933850506964586e-02	77
1.011300012470000e-01	-4.805001563024110e-02	78
9.181000292300000e-02	-4.665403844636395e-02	79
8.290000259900000e-02	-4.515084420195363e-02	80
7.440000027400000e-02	-4.353910011853020e-02	81
6.633000075800000e-02	-4.182148562225289e-02	82
5.869000032500000e-02	-3.999713279154567e-02	83
5.149000138000000e-02	-3.806749272533953e-02	84
4.473999887700000e-02	-3.603468642229540e-02	85
3.844000026600000e-02	-3.389811924136062e-02	86
3.260000050100000e-02	-3.166057253197092e-02	87
2.723000012300000e-02	-2.932601362996321e-02	88
2.232000045500000e-02	-2.688949839271386e-02	89
1.789999939500000e-02	-2.436665101280875e-02	90
1.394999958600000e-02	-2.174714449474080e-02	91
1.049000024800000e-02	-1.904498168899384e-02	92
7.519999985000000e-03	-1.626395968544827e-02	93
5.040000193000000e-03	-1.340827616064661e-02	94
3.049999941000000e-03	-1.048206351750852e-02	95
1.560000004000000e-03	-7.510932888011045e-03	96
5.600000150000000e-04	-4.486234053863451e-03	97
5.999999800000000e-05	-1.446087322556856e-03	98
0.000000000000000e+00	0.000000000000000e+00	99
5.999999800000000e-05	1.458200823395105e-03	100
5.600000150000000e-04	4.501599514020502e-03	101
1.560000004000000e-03	7.477729925734099e-03	102
3.049999941000000e-03	1.034272985565002e-02	103
5.040000193000000e-03	1.310348282899761e-02	104
7.519999985000000e-03	1.573647839355184e-02	105
1.049000024800000e-02	1.824040599132189e-02	106
1.394999958600000e-02	2.061486775177616e-02	107
1.789999939500000e-02	2.286062299085985e-02	108
2.232000045500000e-02	2.497068634109756e-02	109
2.723000012300000e-02	2.695911216173946e-02	110
3.260000050100000e-02	2.881895014551958e-02	111
3.844000026600000e-02	3.056043044545260e-02	112
4.473999887700000e-02	3.218686192151185e-02	113
5.149000138000000e-02	3.370279989201972e-02	114
5.869000032500000e-02	3.511547887493652e-02	115
6.633000075800000e-02	3.643020728369122e-02	116
7.440000027400000e-02	3.765287082526495e-02	117
8.290000259900000e-02	3.879100479404630e-02	118
9.181000292300000e-02	3.984958960517932e-02	119
1.011300012470000e-01	4.083634298367752e-02	120
1.108499988910000e-01	4.175771124519662e-02	121
1.209499984980000e-01	4.261938491688714e-02	122
1.314399987460000e-01	4.342953447628366e-02	123
1.422899961470000e-01	4.419296650071284e-02	124
1.534900069240000e-01	4.491605758581890e-02	125
1.650400012730000e-01	4.560548254575319e-02	126
1.769299954180000e-01	4.626691293939647e-02	127
1.891400069000000e-01	4.690518551266617e-02	128
2.016600072380000e-01	4.752533486613517e-02	129
2.144699990750000e-01	4.813146756898435e-02	130
2.275699973110000e-01	4.872813602933083e-02	131
2.409400045870000e-01	4.931838940448924e-02	132
2.545700073240000e-01	4.990513250552184e-02	133
2.684499919410000e-01	5.049059972854719e-02	134
2.825500071050000e-01	5.107549011272297e-02	135
2.968699932100000e-01	5.166100275570924e-02	136
3.113999962810000e-01	5.224711435294977e-02	137
3.261100053790000e-01	5.283217199657703e-02	138
3.409900069240000e-01	5.341448089821040e-02	139
3.560400009160000e-01	5.399183988623978e-02	140
3.712300062180000e-01	5.455999668962148e-02	141
3.865399956700000e-01	5.511422748200420e-02	142
4.019699990750000e-01	5.564964886694929e-02	143
4.174999892710000e-01	5.615978187826148e-02	144
4.331099987030000e-01	5.663736761638975e-02	145
4.487800002100000e-01	5.707443737110152e-02	146
4.645099937920000e-01	5.746286965795682e-02	147
4.802699983120000e-01	5.779316115904735e-02	148
4.960500001910000e-01	5.805585455116684e-02	149
5.118399858470000e-01	5.824105583571722e-02	150
5.276100039480000e-01	5.833849169418093e-02	151
5.433599948880000e-01	5.833813431527896e-02	152
5.590599775310000e-01	5.823004968316439e-02	153
5.747100114820000e-01	5.800458550840364e-02	154
5.902799963950000e-01	5.765304326250296e-02	155
6.057599782940000e-01	5.716739371182021e-02	156
6.211299896240000e-01	5.654102604181553e-02	157
6.363800168040000e-01	5.576837568433634e-02	158
6.514999866490000e-01	5.484534182011247e-02	159
6.664699912070000e-01	5.377027226858686e-02	160
6.812700033190000e-01	5.254386678906316e-02	161
6.958900094030001e-01	5.116837687253704e-02	162
7.103199958800001e-01	4.964829969958895e-02	163
7.245299816130000e-01	4.799290259800853e-02	164
7.385200262070000e-01	4.621068413382731e-02	165
7.522799968720000e-01	4.431344819193304e-02	166
7.657799720760000e-01	4.231816342682508e-02	167
7.790099978450000e-01	4.024118573045359e-02	168
7.919700145720000e-01	3.809867141084029e-02	169
8.046399950980000e-01	3.591107312979854e-02	170
8.170099854470000e-01	3.369789365289798e-02	171
8.290500044819999e-01	3.148247870678959e-02	172
8.407700061800000e-01	2.928056242212871e-02	173
8.521599769590000e-01	2.711075388933756e-02	174
8.631799817090000e-01	2.499654644758219e-02	175
8.738499879840000e-01	2.294884533470513e-02	176
8.841500282290000e-01	2.098478107530271e-02	177
8.940600156780000e-01	1.911940052062264e-02	178
9.035800099370001e-01	1.736064986458970e-02	179
9.126999974250000e-01	1.571337546393743e-02	180
9.214000105860000e-01	1.417718705234709e-02	181
9.296900033950000e-01	1.273828683263185e-02	182
9.375399947170000e-01	1.138261305520800e-02	183
9.449599981310000e-01	1.008571264685189e-02	184
9.519400000570000e-01	8.829571160517290e-03	185
9.584699869160000e-01	7.606370706949203e-03	186
9.645400047300000e-01	6.423207030413628e-03	187
9.701499938960000e-01	5.299376184069610e-03	188
9.752799868580000e-01	4.265749189891643e-03	189
9.799500107769999e-01	3.343196573693424e-03	190
9.841300249100000e-01	2.552342563070085e-03	191
9.878399968150000e-01	1.890696376763909e-03	192
9.910500049590000e-01	1.353622593406335e-03	193
9.937800168990000e-01	9.222271084093128e-04	194
9.960200190539999e-01	5.830269910785001e-04	195
9.977599978450000e-01	3.262273527283965e-04	196
9.990000128750000e-01	1.453555016244984e-04	197
9.997500181200000e-01	3.633057653023152e-05	198
1.000000000000000e+00	0.000000000000000e+00	199
1.984229087829600e+01	2.506659984589000e+00	200
1.937166023254400e+01	4.973800182343000e+00	201
1.859552955627400e+01	7.362490177155000e+00	202
1.752613067627000e+01	9.635069847106999e+00	203
1.618033981323200e+01	1.175570964813200e+01	204
1.457936954498300e+01	1.369093990325900e+01	205
1.274847984314000e+01	1.541026973724400e+01	206
1.071654033660900e+01	1.688656044006300e+01	207
8.515589714050000e+00	1.809654045105000e+01	208
6.180339813232000e+00	1.902112960815400e+01	209
3.747629880905000e+00	1.964575004577600e+01	210
1.255810022354000e+00	1.996052932739300e+01	211
-1.255810022354000e+00	1.996052932739300e+01	212
-3.747629880905000e+00	1.964574050903300e+01	213
-6.180339813232000e+00	1.902112960815400e+01	214
-8.515589714050000e+00	1.809654045105000e+01	215
-1.071654033660900e+01	1.688656044006300e+01	216
-1.274847984314000e+01	1.541026020050000e+01	217
-1.457936954498300e+01	1.369093990325900e+01	218
-1.618033981323200e+01	1.175570011138900e+01	219
-1.752613067627000e+01	9.635069847106999e+00	220
-1.859552955627400e+01	7.362490177155000e+00	221
-1.937166023254400e+01	4.973800182343000e+00	222
-1.984229087829600e+01	2.506659984589000e+00	223
-2.000000000000000e+01	0.000000000000000e+00	224
-1.984229087829600e+01	-2.506669998169000e+00	225
-1.937166023254400e+01	-4.973800182343000e+00	226
-1.859552955627400e+01	-7.362490177155000e+00	227
-1.752613067627000e+01	-9.635080337524000e+00	228
-1.618033981323200e+01	-1.175570964813200e+01	229
-1.457936954498300e+01	-1.369093990325900e+01	230
-1.274847984314000e+01	-1.541026973724400e+01	231
-1.071652984619100e+01	-1.688656044006300e+01	232
-8.515580177306999e+00	-1.809654045105000e+01	233
-6.180339813232000e+00	-1.902112960815400e+01	234
-3.747620105743000e+00	-1.964575004577600e+01	235
-1.255810022354000e+00	-1.996052932739300e+01	236
1.255810022354000e+00	-1.996052932739300e+01	237
3.747629880905000e+00	-1.964574050903300e+01	238
6.180339813232000e+00	-1.902112960815400e+01	239
8.515589714050000e+00	-1.809654045105000e+01	240
1.071654033660900e+01	-1.688656044006300e+01	241
1.274847984314000e+01	-1.541026020050000e+01	242
1.457936954498300e+01	-1.369093990325900e+01	243
1.618033981323200e+01	-1.175570011138900e+01	244
1.752614021301300e+01	-9.635069847106999e+00	245
1.859552955627400e+01	-7.362490177155000e+00	246
1.937166023254400e+01	-4.973790168762000e+00	247
1.984229087829600e+01	-2.506659984589000e+00	248
2.000000000000000e+01	0.000000000000000e+00	249
6.072278754598164e-02	-4.784718565576336e-02	250
6.601887860107738e-01	-4.898555504818242e-02	251
4.253272672213049e-01	7.075791536073835e-02	252
6.899138348610133e-01	6.486008894371424e-02	253
3.794353221860354e-01	-6.811190176695660e-02	254
9.994538852572312e-01	-7.201968815539563e-04	255
9.985331880307842e-01	-1.307297255790508e-03	256
7.736004738689481e-01	-3.668183275548861e-02	257
6.898040865942159e-01	-4.601405931542722e-02	258
-1.557853302258074e-03	6.861195588808984e-03	259
7.466167886507050e-01	-3.984134772697979e-02	260
5.831870656756402e-01	7.180644818655559e-02	261
9.927372304853493e-01	-3.505315462221117e-03	262
9.898188362136944e-01	-4.312717446450180e-03	263
5.987949077520182e-01	7.127699119851923e-02	264
7.186534130534210e-01	-4.295544164898493e-02	265
-1.677784401813266e-03	8.077847826478422e-04	266
9.864039391566275e-01	-5.152365704203345e-03	267
9.825030861824120e-01	-6.004571955983695e-03	268
-1.597864389209976e-03	-6.907374153796348e-03	269
6.451334883249711e-01	-5.043222799345360e-02	270
8.241774758995501e-01	-3.036542071895281e-02	271
7.994814337456280e-01	-3.352272793402036e-02	272
3.483359075442531e-01	6.768993706172297e-02	273
8.475589312028682e-01	-2.725575385103706e-02	274
2.473596732127503e-01	6.238765519829371e-02	275
8.695638072502212e-01	-2.420046055764263e-02	276
9.949284629803570e-03	2.247497020860624e-02	277
8.900852126039205e-01	-2.121821317097113e-02	278
7.704811753165385e-02	-5.209510414648339e-02	279
9.090494696384821e-01	-1.832102917218685e-02	280
-2.058524941880302e-03	-3.383275980156279e-03	281
9.419864678835368e-01	-1.295404901785345e-02	282
9.263747353840069e-01	-1.553891093927665e-02	283
1.777352949823325e-02	-2.957309194975655e-02	284
4.260318375751869e-01	-6.623954758860481e-02	285
8.587426160729413e-01	-2.571766345744837e-02	286
9.558480526855504e-01	-1.066475991156592e-02	287
9.781113087657766e-01	-6.882986774657127e-03	288
9.679111448898966e-01	-8.674046825635549e-03	289
1.584619957804463e-01	-6.441777872784066e-02	290
8.997690521223443e-01	-1.975826450314467e-02	291
7.602412941268388e-01	-3.826469109728894e-02	292
9.971020238132868e-01	-2.030913500777306e-03	293
5.991588296362770e-01	-5.457969025053781e-02	294
4.417249528536398e-01	-6.547126668177009e-02	295
5.365190774465853e-01	-5.955391145343120e-02	296
4.732748653188142e-01	-6.373690055195198e-02	297
5.049095980002954e-01	-6.175731222950143e-02	298
4.890810190164476e-01	-6.277588966964738e-02	299
1.250873059530605e-01	-6.067063258432660e-02	300
2.771071925205662e-02	-3.532533079232639e-02	301
3.948748940218289e-01	-6.756338961704780e-02	302
4.615296364644404e-02	-4.316572682174311e-02	303
4.104084110698623e-01	-6.693908373012526e-02	304
3.190370805425626e-01	-6.949654073410878e-02	305
3.489330313065224e-01	-6.897589728820082e-02	306
3.339638863485243e-02	-3.803225851152094e-02	307
2.898281738906938e-01	-6.966329991225906e-02	308
9.343983994733926e-01	-1.421362520011253e-02	309
1.469837259707878e-01	-6.328130143889522e-02	310
1.948937502771831e-01	-6.713133005386368e-02	311
8.584525929566815e-02	-5.404651770509460e-02	312
1.046816876409143e-01	-5.760176512718132e-02	313
5.679797891704997e-01	-5.716049889702681e-02	314
1.702830578760773e-01	-6.543972704332519e-02	315
6.146102037931774e-01	-5.322898415801932e-02	316
8.800183571142481e-01	-2.270074135924627e-02	317
2.251378920455887e-02	-3.250394044932665e-02	318
9.951697683654038e-01	-2.753283482618735e-03	319
6.508484826916080e-03	-2.029554257829062e-02	320
1.800178921555248e-02	2.786829923758745e-02	321
9.179205551543249e-01	-1.691147885311094e-02	322
9.491421532687730e-01	-1.176976839120153e-02	323
9.732463885788353e-01	-7.761798532271377e-03	324
-2.599088747467209e-04	1.020195366893061e-02	325
8.360351075162858e-01	-2.880359929760533e-02	326
2.476249372780031e-01	-6.920676559421604e-02	327
5.522792218470087e-01	-5.838403117919191e-02	328
7.327477650015468e-01	-4.140332481564695e-02	329
7.866807704466049e-01	-3.510167411493142e-02	330
1.146903052009148e-01	-5.920255922081750e-02	331
2.207098292650979e-01	-6.837932829507030e-02	332
5.836162150661420e-01	-5.589097143615969e-02	333
6.750759336975601e-01	-4.751219999838013e-02	334
5.320477827900868e-02	-4.557076373208745e-02	335
3.732616583378961e-03	-1.704327562332374e-02	336
1.353498620635614e-02	-2.657892202787391e-02	337
3.641235135520068e-01	-6.858538809125615e-02	338
1.824398407016180e-01	-6.634313765915187e-02	339
9.999288629977628e-01	-3.819503714387504e-04	340
2.340277916792680e-01	-6.884486558174842e-02	341
9.506132014247243e-02	-5.588352708893263e-02	342
3.043357107102344e-01	-6.962993073785258e-02	343
2.614667498882656e-01	-6.945181300570512e-02	344
4.574770589424372e-01	-6.463828044461213e-02	345
7.043225190618797e-01	-4.449588397745304e-02	346
-2.048758115236557e-03	3.376705685683467e-03	347
-3.274314930504965e-04	-1.033457012397448e-02	348
5.359290190801794e-01	7.256774601431032e-02	349
-1.677512728699660e-03	-8.074814175199485e-04	350
2.798472114719678e-02	3.276600574283905e-02	351
5.353046595188470e-02	4.106981161741011e-02	352
3.985336617501518e-02	3.714483436662504e-02	353
1.149432325797621e-01	5.168393555650902e-02	354
4.097144600945579e-01	7.022378729001326e-02	355
9.971337033250824e-01	2.070801952086574e-03	356
5.200952181808196e-01	7.257953406325864e-02	357
4.725758678455985e-01	7.201801287799212e-02	358
9.735188436948264e-01	9.491033604752140e-03	359
9.624707736383697e-01	1.252158638544700e-02	360
8.906415470904486e-01	2.916409557018896e-02	361
4.883970888742149e-01	7.229381951269251e-02	362
4.410158782831132e-01	7.124041246382334e-02	363
3.787800226491004e-01	6.902106585010317e-02	364
9.268495727168288e-01	2.105346988697898e-02	365
9.095643149342485e-01	2.493049619299614e-02	366
7.736913110807855e-02	4.614531235744191e-02	367
9.783341071276260e-01	8.109006442709484e-03	368
9.562395775209575e-01	1.413125011516856e-02	369
9.424241513169930e-01	1.748313812371214e-02	370
9.535789693774818e-02	4.907528754434872e-02	371
6.105030359040979e-02	4.285032219830108e-02	372
2.894001813438890e-01	6.474745735777518e-02	373
2.611449224210590e-01	6.318307703324508e-02	374
1.703490611557032e-01	5.711252182301172e-02	375
3.185158867320843e-01	6.625444810278500e-02	376
4.567696899835038e-01	7.166523789176944e-02	377
3.941975367770308e-01	6.964225709158910e-02	378
1.471371932237011e-01	5.508416438145668e-02	379
1.253111223437073e-01	5.286828876216672e-02	380
6.297128932338112e-01	6.977071111801758e-02	381
1.948575506762773e-01	5.897412624514635e-02	382
2.205610582974904e-01	6.071939834324168e-02	383
6.601333319296756e-01	6.763829636465354e-02	384
5.674908143381561e-01	7.219420075612265e-02	385
7.470176012866945e-01	5.751244928127296e-02	386
7.189191161747110e-01	6.146119768632489e-02	387
8.000565760679574e-01	4.837267612378044e-02	388
7.741064833868200e-01	5.309879016832464e-02	389
8.481699159093095e-01	3.853716540122142e-02	390
8.247856174034695e-01	4.345995778511039e-02	391
9.003049583304814e-01	2.700259560587423e-02	392
8.701549425250538e-01	3.372908965254578e-02	393
9.495592751985410e-01	1.578498091516596e-02	394
9.184147945368679e-01	2.294866677231458e-02	395
9.682300286204597e-01	1.096859665034000e-02	396
8.593459817883993e-01	3.610765077323236e-02	397
8.805935684811791e-01	3.141049849881714e-02	398
8.125820900860201e-01	4.593025692060578e-02	399
8.366478680628159e-01	4.099132692920779e-02	400
7.606990999380310e-01	5.535503990664745e-02	401
7.872258590805759e-01	5.076690077952647e-02	402
7.045118926051104e-01	6.323697556657318e-02	403
7.330840159937501e-01	5.954977516203917e-02	404
6.449958401411257e-01	6.878649620214400e-02	405
6.751031920898398e-01	6.632915921604804e-02	406
5.517362825630755e-01	7.244716033162930e-02	407
6.143172925865393e-01	7.059954383634746e-02	408
2.075700427261919e-01	5.985888475417461e-02	409
2.338209375886288e-01	6.156153035428943e-02	410
1.585738203114375e-01	5.612009837215123e-02	411
1.824561385650714e-01	5.806164027160858e-02	412
4.647122295312141e-02	3.916254389363222e-02	413
1.360531516074599e-01	5.400520267551950e-02	414
1.373810588003458e-02	2.524911521386965e-02	415
3.368790641447637e-02	3.500686877324796e-02	416
2.076616880762996e-01	-6.780961429931784e-02	417
3.854036569022641e-03	1.658165518286088e-02	418
9.621116103852457e-01	-9.636544495176041e-03	419
8.119860851427741e-01	-3.194276376347921e-02	420
3.338965012991342e-01	-6.927647775234216e-02	421
5.207250427159129e-01	-6.068139003030383e-02	422
1.551030534019351e-03	1.345342200651681e-02	423
2.276614039229920e-02	3.038589396915231e-02	424
6.657236425025221e-03	1.959215143648951e-02	425
8.615641685389029e-02	4.765243697800615e-02	426
6.899606800264169e-02	4.454593743444926e-02	427
2.751658538485043e-01	6.397053429602825e-02	428
1.049588166315350e-01	5.041642150449079e-02	429
9.826760960697157e-01	6.817030316604530e-03	430
9.865330842680519e-01	5.655371247579307e-03	431
3.038589540927480e-01	6.551283616930845e-02	432
9.899112439391216e-01	4.602830949123619e-03	433
9.928022420510141e-01	3.662671539250048e-03	434
3.333354285521269e-01	6.697897012177995e-02	435
3.634949195227958e-01	6.837116641883988e-02	436
9.348546694088140e-01	1.923423448922169e-02	437
9.999367695060578e-01	3.799462412421229e-04	438
9.985540154651658e-01	1.324256700084565e-03	439
9.994670920053337e-01	7.245620229266869e-04	440
6.299302875634812e-01	-5.184588284129816e-02	441
3.954661684413897e-02	-4.065378013665069e-02	442
9.952152993980204e-01	2.834463723786880e-03	443
5.042484665698983e-01	7.248589906945666e-02	444
1.456596600748175e-03	-1.372465766673202e-02	445
9.773385743814658e-03	-2.346834604415133e-02	446
6.866963179413203e-02	-5.002759639442091e-02	447
1.358624375186985e-01	-6.203557241592283e-02	448
2.755421148820533e-01	-6.960398278983937e-02	449
7.130510017654915e-02	5.384346205549983e-02	450
-3.800143403703218e-03	9.628823174493139e-03	451
-4.759397804114577e-03	5.511210090680529e-03	452
2.825637575606549e-01	-8.418931494863217e-02	453
6.986051497930597e-01	-6.010175840768384e-02	454
9.148622652365751e-01	-2.673878565583614e-02	455
5.187549661304379e-03	-2.488268363397595e-02	456
5.761677379623877e-01	8.769017076107984e-02	457
6.839609094040093e-01	-6.180066391179568e-02	458
7.817317107713715e-01	-4.927156746501587e-02	459
9.889975094885971e-01	-8.136549522433289e-03	460
3.266489405013222e-01	-8.454630463794524e-02	461
8.546877423367431e-01	-3.793205115521698e-02	462
8.316759994530755e-01	-4.172147464917454e-02	463
8.846252818647427e-02	-6.419271082378659e-02	464
-3.910756856312931e-03	-9.740893820708996e-03	465
2.135153087776382e-01	-8.137675498876727e-02	466
1.276281855921123e-02	-3.206924162700819e-02	467
9.601226673561782e-01	-1.663507228900865e-02	468
1.514437673904612e-01	-7.546133962607819e-02	469
7.130484295806843e-01	-5.836160038115701e-02	470
6.541363440579673e-01	-6.509084763460807e-02	471
4.504460735263731e-01	-8.113439734778617e-02	472
7.934804949132712e-02	-6.185067493222791e-02	473
3.876943381687294e-01	-8.358742867976164e-02	474
8.963668476822958e-01	-3.041388654834829e-02	475
7.946669635028930e-01	-4.740552895881363e-02	476
5.507991150183118e-03	2.402110244077056e-02	477
1.776794176626305e-02	3.362493577161560e-02	478
6.691055491442293e-01	8.182754324762187e-02	479
8.446101300773762e-01	5.141046977065757e-02	480
1.084615039323369e-01	6.136727350532101e-02	481
6.841061341198932e-01	8.025376239649805e-02	482
1.633967143446546e-01	6.883231390136468e-02	483
8.774995861901714e-01	4.320870077159466e-02	484
9.892454153623370e-01	8.588154075576978e-03	485
3.404965585006199e-01	8.281426785912845e-02	486
5.126037789757253e-01	8.850419416883247e-02	487
9.544965758909335e-01	2.171819674053078e-02	488
8.877031760811118e-01	4.055563688922297e-02	489
9.922762970778294e-01	7.050993843915650e-03	490
9.608765386272469e-01	1.962471836535699e-02	491
9.817142777198721e-01	1.190476518361373e-02	492
2.398909444459812e-01	7.603650254871949e-02	493
3.255404479904960e-01	8.193919630518912e-02	494
2.264419217449446e-01	7.492997165156526e-02	495
9.857461786542275e-02	5.963037589785402e-02	496
6.691299845155672e-01	-6.346651800870086e-02	497
2.004890736681723e-01	-8.044851061768675e-02	498
9.099646699427600e-03	2.733487798149378e-02	499
1.403802253387628e-01	6.601912126029154e-02	500
4.781263283925322e-02	4.718934084005307e-02	501
9.722374402917932e-01	1.561049126396898e-02	502
9.948353745748828e-01	5.693069266205735e-03	503
8.975088690818132e-01	3.796402011607350e-02	504
1.632151146697434e-01	-7.690823147158701e-02	505
1.000206977127197e+00	2.289943963037937e-04	506
9.985405274828796e-01	3.016410273801536e-03	507
9.969311482958179e-01	4.359845263181399e-03	508
2.428395567287979e-03	2.057494585268105e-02	509
-2.230079911121560e-03	1.336861402335757e-02	510
2.161596299897497e-03	-2.117964262742543e-02	511
-4.081414592261834e-03	-1.756791286261157e-03	512
-3.207523348306914e-03	-2.057751882464642e-06	513
1.729406950542348e-02	-3.550372178617475e-02	514
1.000201725011782e+00	-2.365294671012443e-04	515
6.239517801616799e-02	-5.678868714754068e-02	516
9.984754794464028e-01	-2.978931685087500e-03	517
9.947003279562159e-01	-5.534385775152894e-03	518
4.174943202520366e-01	8.646127967034115e-02	519
5.456016118570608e-01	-7.505103139772458e-02	520
9.853834320441113e-01	-9.466879334997838e-03	521
8.762883235656544e-01	-3.415790061721714e-02	522
5.919246888801133e-01	8.711834740897800e-02	523
9.920933661319981e-01	-6.776224548283688e-03	524
-4.809569060714522e-03	-5.548391232448461e-03	525
4.346522738700229e-01	-8.187594632642413e-02	526
4.018653816126445e-01	8.584299671302829e-02	527
8.433479920730291e-01	-3.983290316263651e-02	528
2.817380013685882e-01	7.910768544421173e-02	529
8.656702978337127e-01	-3.603613243901988e-02	530
8.865239888127729e-01	-3.227922195363683e-02	531
7.065699619014909e-02	-5.938210498515621e-02	532
9.058198390194580e-01	-2.856894824969514e-02	533
9.234901678634929e-01	-2.493817472900871e-02	534
9.467862234042410e-01	-1.978824290701572e-02	535
2.782797696643988e-02	-4.216470584118222e-02	536
9.536777787149080e-01	-1.818412110638407e-02	537
9.661178207511638e-01	-1.513965742539433e-02	538
9.813029164925344e-01	-1.087165150599073e-02	539
1.289617169259686e-01	-7.220797467822793e-02	540
7.550187049823784e-01	-5.298073597424445e-02	541
7.685162486519089e-01	-5.112988709247174e-02	542
9.968345853596318e-01	-4.276035926842412e-03	543
4.662974873000060e-01	-8.030887709550814e-02	544
4.821633318583127e-01	-7.939872658568539e-02	545
4.980392159473284e-01	-7.841842520995185e-02	546
2.230691120651888e-02	-3.890130307892305e-02	547
4.032644029638628e-01	-8.311176919433197e-02	548
4.189207036245866e-01	-8.253980679665956e-02	549
3.416812060016171e-01	-8.446036246583402e-02	550
4.026696165558996e-02	-4.836164079674801e-02	551
9.316935035394728e-01	-2.317078234373650e-02	552
9.394558419556364e-01	-2.144803963906863e-02	553
1.400306252291168e-01	-7.389618997243620e-02	554
9.799630848235093e-02	-6.641146335249930e-02	555
5.613884700899863e-01	-7.381537326794045e-02	556
6.082682121719896e-01	-6.968248543863031e-02	557
9.716434571757928e-01	-1.368637262936620e-02	558
9.767005677228635e-01	-1.227336341739367e-02	559
7.272738408555306e-01	-5.658998613694037e-02	560
7.412601438595463e-01	-5.480124900899869e-02	561
1.079258009340469e-01	-6.849506466967048e-02	562
1.182646933502191e-01	-7.042341188908310e-02	563
5.771022970443764e-01	-7.249836263518758e-02	564
5.927324962165657e-01	-7.111855367701661e-02	565
4.717039821416059e-02	-5.131461615155222e-02	566
5.457125059151149e-02	-5.412854328711313e-02	567
8.726643834890541e-03	-2.849600825884031e-02	568
3.568930488847662e-01	-8.427428101525100e-02	569
3.722349475166393e-01	-8.397634420922655e-02	570
1.753334345543530e-01	-7.822127585108946e-02	571
1.877604114208624e-01	-7.939985037406749e-02	572
2.268065592001305e-01	-8.218691214754612e-02	573
2.403757117622950e-01	-8.287797368918878e-02	574
2.970602669119411e-01	-8.442409259590822e-02	575
3.117757830200321e-01	-8.454236050666572e-02	576
2.542236109284480e-01	-8.343335435197800e-02	577
-4.075670264054143e-03	1.748761987225122e-03	578
-3.657811604413288e-04	-1.741882130965108e-02	579
4.088849834206102e-02	4.471338779594322e-02	580
9.857070313864642e-01	1.016890635968144e-02	581
5.285344011455386e-01	8.849125042545986e-02	582
4.966667362057072e-01	8.840036603276519e-02	583
4.807535545561172e-01	8.818841815222694e-02	584
4.648645278922804e-01	8.788624476009547e-02	585
9.772043062863998e-01	1.372037503496062e-02	586
9.667965591206000e-01	1.758559558068040e-02	587
9.245050259110582e-01	3.060962339548231e-02	588
4.490027307348585e-01	8.748847780435848e-02	589
4.332112334468576e-01	8.700841563699806e-02	590
3.863346388131338e-01	8.515862841660364e-02	591
9.159209339919713e-01	3.298969935326437e-02	592
9.476607222631693e-01	2.385758350019122e-02	593
6.304819003948978e-02	5.171023183426678e-02	594
5.522306468373804e-02	4.952223941838622e-02	595
2.536199839764351e-01	7.709535129856300e-02	596
2.675672189945562e-01	7.810400935326602e-02	597
1.517138953388492e-01	6.745136104507321e-02	598
1.293819409854114e-01	6.452602614456003e-02	599
1.187467025376057e-01	6.299283116186016e-02	600
7.958211905406755e-01	6.238006338505080e-02	601
7.420211804813152e-01	7.234971043593735e-02	602
7.278963235956685e-01	7.454531692106120e-02	603
7.828152565510372e-01	6.500522524696088e-02	604
8.329335243061279e-01	5.417108637977138e-02	605
9.069214671720892e-01	3.544386345693301e-02	606
8.669066272433877e-01	4.590196092498531e-02	607
8.559419564882155e-01	4.864370320751678e-02	608
8.209059907964700e-01	5.693943523081714e-02	609
8.085256106839033e-01	5.968751005089173e-02	610
7.695101884234889e-01	6.755481821565745e-02	611
7.559046477091587e-01	7.001511312609056e-02	612
7.135202583001059e-01	7.660792539336601e-02	613
6.989168156706174e-01	7.851575952029965e-02	614
6.539425233502663e-01	8.322835933853906e-02	615
6.386145455220045e-01	8.445080245850614e-02	616
5.603378581473246e-01	8.810849686620027e-02	617
5.444468967243387e-01	8.836256682585104e-02	618
6.231666541477023e-01	8.550136676324006e-02	619
6.075988403847666e-01	8.639047965108450e-02	620
2.132693771552745e-01	7.379145803969640e-02	621
2.003589291851143e-01	7.261978466975107e-02	622
1.877407539405698e-01	7.141064714192807e-02	623
1.754179470144652e-01	7.015098761086451e-02	624
1.318878019352482e-02	3.056602601795747e-02	625
3.440522332280272e-02	4.211513724449368e-02	626
2.838843680806097e-02	3.944028208368703e-02	627
8.073194018960690e-01	-4.552437099958545e-02	628
8.196660767854684e-01	-4.362347265339914e-02	629
5.139217351788815e-01	-7.736063409647256e-02	630
5.297792235851574e-01	-7.623298357553800e-02	631
-1.518758336518159e-04	1.702523143059911e-02	632
2.282793984107202e-02	3.661334087434166e-02	633
8.907355652634358e-02	5.779652942442138e-02	634
7.998222987301808e-02	5.587067219034978e-02	635
3.107523035505190e-01	8.103852526559435e-02	636
2.961317432393782e-01	8.009246630790011e-02	637
3.709243532508742e-01	8.442713831375857e-02	638
3.556406442896726e-01	8.365057600573522e-02	639
9.403796388950130e-01	2.604425103990471e-02	640
9.326637235906757e-01	2.829554767348381e-02	641
6.236861874578522e-01	-6.819572061095992e-02	642
6.389748229001014e-01	-6.666677038948168e-02	643
3.381206667669950e-02	-4.529357642351216e-02	644
-2.391854040322132e-03	-1.359792455531232e-02	645
2.682842057830880e-01	-8.385506838077821e-02	646
-7.660731202396659e-03	-8.370454905071963e-03	647
3.959912046036395e-01	-1.009597304274231e-01	648
2.894764697483224e-01	-1.006286184611085e-01	649
7.902923527411007e-01	-6.305814914926047e-02	650
5.390347467809588e-01	-9.357283682433884e-02	651
9.211682921503844e-01	-3.567211468203494e-02	652
9.923414686086987e-01	1.103253638855680e-02	653
9.891256993713657e-01	1.322851885011652e-02	654
9.659785693523509e-01	2.519393474381318e-02	655
-2.169643706922058e-03	2.108594772302213e-02	656
9.949513928606093e-01	9.052994753988101e-03	657
9.994972606372489e-01	1.758557378894553e-03	658
1.000204474953464e+00	5.392076970272668e-04	659
9.987515086596457e-01	-5.014580928271304e-03	660
1.000462481098203e+00	-7.285976770968311e-06	661
1.630467478280913e-02	-4.220913289692883e-02	662
-7.177144738532501e-03	3.077761278418316e-03	663
9.063406634289480e-02	-7.572673295807425e-02	664
9.295567626695637e-01	-3.341250654715457e-02	665
9.919924860502389e-01	-1.066094305561501e-02	666
5.692294723959274e-01	1.055013396838261e-01	667
9.994585358405903e-01	-1.749443969171028e-03	668
2.215965517674375e-04	-2.582443311900282e-02	669
7.077906445648825e-01	-7.565061434279216e-02	670
-4.758102014323185e-03	-1.730399536069090e-02	671
7.221582584232439e-01	-7.364842948161002e-02	672
1.158073000903341e-02	-3.822643182974670e-02	673
8.730725820673934e-01	-4.717089698274197e-02	674
3.512286680218527e-03	-3.001437209510917e-02	675
3.342103644468005e-01	-1.014824537580814e-01	676
8.622936937347601e-01	-4.947202204398765e-02	677
6.932012713268236e-01	-7.759704347522449e-02	678
9.946864893767333e-01	-8.825829447609549e-03	679
7.224697962006472e-03	-3.417831592235172e-02	680
9.813414462311526e-01	1.778804347941239e-02	681
5.211615102794460e-01	1.062943678806197e-01	682
9.533772095919920e-01	3.042745009660138e-02	683
6.633095228672754e-01	9.925448006972665e-02	684
9.971825583454266e-01	7.093845057376411e-03	685
5.051151543118524e-01	1.062893559495112e-01	686
2.737800733859640e-01	9.484320713354855e-02	687
3.324490974070807e-01	9.949183080143041e-02	688
1.559231761669028e-01	8.144971098646826e-02	689
6.455751156951023e-02	6.180676522735379e-02	690
1.000055128638080e+00	1.034339133421831e-03	691
-6.476385080925760e-03	-1.299462995073869e-02	692
-6.271704304110183e-03	1.281502242156161e-02	693
1.224342615345941e-02	3.657521816977206e-02	694
-7.538576125452112e-03	8.294513657701050e-03	695
9.648997515218195e-01	-2.265209923872659e-02	696
8.118921125330887e-02	-7.293368553184623e-02	697
-5.372648393227065e-03	-5.030621297264516e-06	698
1.555766647519691e-01	-8.926620379124157e-02	699
4.592988948765681e-01	-9.866401882156699e-02	700
2.162292811659315e-02	-4.616708337101893e-02	701
4.022112358984455e-03	2.901519402138780e-02	702
8.415767599282969e-01	6.588072110125300e-02	703
7.920304064651170e-01	7.812036415276685e-02	704
6.785277011015606e-01	9.756590172671824e-02	705
9.855173443217597e-01	1.541725540703181e-02	706
9.599103652549626e-01	2.778574251902387e-02	707
8.953288261149672e-01	5.036123628014783e-02	708
8.853590166428119e-01	5.341828587166443e-02	709
3.175098320993783e-01	9.841724308961337e-02	710
2.881239843324792e-01	9.608467939545753e-02	711
2.320590487662777e-01	9.093268159991284e-02	712
1.013431367645161e-01	7.165058108629797e-02	713
6.634722673591669e-01	-8.132902781560222e-02	714
6.784280868077374e-01	-7.948881602707171e-02	715
2.058479077828236e-01	-9.551677974267997e-02	716
7.813837335466586e-03	3.287423578787246e-02	717
1.443237297280503e-01	7.962386473507875e-02	718
9.766880994689462e-01	2.018879191683639e-02	719
9.988825654020341e-01	5.069115258677506e-03	720
6.540225857502140e-04	2.509413476381232e-02	721
-4.479413369408268e-03	1.698363770743651e-02	722
-2.524659239411431e-03	-2.159016244753725e-02	723
-7.201086924677485e-03	-3.094024576492687e-03	724
2.748704047573628e-02	-4.986524527906051e-02	725
1.000191792644423e+00	-5.471333574452212e-04	726
1.000030814428658e+00	-1.038492973688246e-03	727
9.706205653084738e-01	-2.060393092848150e-02	728
9.886688718659531e-01	-1.264591412876879e-02	729
5.851552034807537e-01	1.048912311416391e-01	730
4.433757656464107e-01	-9.939094923175022e-02	731
4.095561995061025e-01	1.038968848732181e-01	732
8.396261603706663e-01	-5.406827522260785e-02	733
8.511404212925500e-01	-5.178074277891497e-02	734
8.834960867591954e-01	-4.486326068740470e-02	735
8.935149584795360e-01	-4.254981958511844e-02	736
6.358451171328583e-02	-6.693476209949945e-02	737
7.216921238533759e-02	-7.000349998500827e-02	738
9.031336792287278e-01	-4.024878518537769e-02	739
9.123635399773465e-01	-3.795303493644697e-02	740
9.520870767550138e-01	-2.684353657355566e-02	741
9.587208486393655e-01	-2.472932688862979e-02	742
9.849459862325733e-01	-1.456763537952494e-02	743
7.638462133014087e-01	-6.740204219279308e-02	744
7.772109184530440e-01	-6.523797639892143e-02	745
9.969906776353072e-01	-6.970535671630159e-03	746
4.752589286077778e-01	-9.783106218507674e-02	747
4.912126868714853e-01	-9.690253164555461e-02	748
4.117185725378511e-01	-1.005494319093535e-01	749
4.275202022653661e-01	-1.000212602496903e-01	750
3.371797784574922e-02	-5.352609619701231e-02	751
9.375091172392834e-01	-3.117824034671555e-02	752
9.450099263593875e-01	-2.899055344517150e-02	753
1.324753118731496e-01	-8.527985766167107e-02	754
1.438502851491162e-01	-8.733791160382541e-02	755
5.549033472104876e-01	-9.235362102642870e-02	756
5.707466520512219e-01	-9.100598766932028e-02	757
9.758567067929154e-01	-1.859159509487779e-02	758
9.806401367057401e-01	-1.659507440474646e-02	759
7.362826491542630e-01	-7.161166699648031e-02	760
7.501858100074253e-01	-6.953403229056083e-02	761
1.005009509892731e-01	-7.837882487947199e-02	762
1.108008188929703e-01	-8.087479409686117e-02	763
1.214872252474250e-01	-8.310054584797913e-02	764
5.864886875980077e-01	-8.956773676333357e-02	765
6.021342440205354e-01	-8.804971691110280e-02	766
4.045818341474301e-02	-5.711518253562713e-02	767
4.772414979302787e-02	-6.058694989095068e-02	768
5.549395159551043e-02	-6.378363368734721e-02	769
3.494507108948814e-01	-1.015348538472781e-01	770
3.648606356768926e-01	-1.014590630492609e-01	771
3.803717933060817e-01	-1.012601447834356e-01	772
1.676759283373641e-01	-9.105700341766983e-02	773
1.801019825553977e-01	-9.269290942461128e-02	774
1.928298474828968e-01	-9.417619253228886e-02	775
2.191430618520718e-01	-9.672513543297213e-02	776
2.327126007326226e-01	-9.779895279891174e-02	777
3.042209161659755e-01	-1.010455634657977e-01	778
3.191507383300944e-01	-1.013235270723628e-01	779
2.465812244758065e-01	-9.873016321169702e-02	780
4.139936974908140e-02	5.336184600693957e-02	781
4.890807422584247e-01	1.061581471830891e-01	782
4.730858667956263e-01	1.059147138691236e-01	783
9.715789022662307e-01	2.265394265432850e-02	784
4.571008890264057e-01	1.055620237245976e-01	785
4.411703170029639e-01	1.050979468472797e-01	786
4.253262866592102e-01	1.045421270225918e-01	787
3.938802797993078e-01	1.031581231580027e-01	788
9.227900958854048e-01	4.149084098479766e-02	789
5.646638240481511e-02	5.910165781862468e-02	790
4.869063936357650e-02	5.636860100513432e-02	791
2.596756269025530e-01	9.357811709794281e-02	792
2.457412711275835e-01	9.231924394656800e-02	793
1.330619534794412e-01	7.773165433127754e-02	794
1.221712600975062e-01	7.577458518962268e-02	795
1.115723535104420e-01	7.382520995248031e-02	796
7.373591912206394e-01	8.903179265172065e-02	797
9.140558802071508e-01	4.439590907970200e-02	798
9.048904238148451e-01	4.735610250022626e-02	799
8.749745310703791e-01	5.650553624025713e-02	800
8.642249561394187e-01	5.961285906937463e-02	801
8.530902581933528e-01	6.275101218721810e-02	802
8.297335965207873e-01	6.898955380303648e-02	803
8.175144900062321e-01	7.209170389048146e-02	804
8.049294652983252e-01	7.514407344621142e-02	805
7.788254307346110e-01	8.101212529629415e-02	806
7.653074114476606e-01	8.381454065130825e-02	807
7.514665384866210e-01	8.650004270815098e-02	808
7.230117851852509e-01	9.141419268091437e-02	809
7.084033143736725e-01	9.364508226623963e-02	810
6.935610257607903e-01	9.569678689832957e-02	811
6.479179439642669e-01	1.007484289319770e-01	812
5.532170464387132e-01	1.059342578654304e-01	813
5.371939191916317e-01	1.061641239940476e-01	814
6.323914751897600e-01	1.020495969053164e-01	815
6.167526652958237e-01	1.031702179503542e-01	816
6.009991494159631e-01	1.041166980094586e-01	817
2.186749593313799e-01	8.949346193014285e-02	818
2.055616567301083e-01	8.800715763681306e-02	819
1.927180819729842e-01	8.647349246049793e-02	820
1.801546590456513e-01	8.487786213934109e-02	821
1.678816211426988e-01	8.320552457394743e-02	822
3.461983436159270e-02	5.022767798759847e-02	823
2.834068456130176e-02	4.700565445928986e-02	824
8.030990173658794e-01	-6.085210977357321e-02	825
8.156193653052884e-01	-5.860732405844415e-02	826
8.278008233913553e-01	-5.633697295925499e-02	827
5.071806758111123e-01	-9.588086955429929e-02	828
5.231317953684488e-01	-9.476554199547900e-02	829
2.242477320510976e-02	4.373714505108392e-02	830
1.703918551951214e-02	4.018746357421867e-02	831
9.153010231732875e-02	6.935685182573573e-02	832
8.212449169433464e-02	6.695355008652765e-02	833
7.313011843950191e-02	6.443923750405664e-02	834
3.027167178518856e-01	9.728470404150433e-02	835
3.783287909240809e-01	1.023452194472306e-01	836
3.628984726059399e-01	1.014717433746290e-01	837
3.475825152114646e-01	1.005190630739732e-01	838
9.463915000094345e-01	3.311018616072296e-02	839
9.389756790079985e-01	3.584277635406483e-02	840
9.311033668763465e-01	3.864078392041401e-02	841
6.176674050542196e-01	-8.646148401070698e-02	842
6.330671941926320e-01	-8.481248086726023e-02	843
6.483414637478710e-01	-8.310427850781811e-02	844
2.606949017638776e-01	-9.944723470392197e-02	845
2.749699651046145e-01	-1.000905637014725e-01	846
-1.077778209702825e-02	-1.164480246491043e-02	847
9.222319664916255e-02	-8.879125002115572e-02	848
9.995613529745473e-01	7.375644909107560e-03	849
9.860274283255721e-01	2.137264230659306e-02	850
5.485042299258229e-01	-1.129355550921133e-01	851
-1.092038286658447e-02	5.367532808923938e-03	852
9.994602925574668e-01	-3.880479530131997e-03	853
9.281500149755806e-01	-4.504099371565631e-02	854
9.362995705294286e-01	-4.223518288369801e-02	855
2.645299962650790e-02	-5.851566538002845e-02	856
9.957015701180950e-01	1.280899146560655e-02	857
4.975899455111527e-01	1.261280837375573e-01	858
-9.421966031330683e-03	-1.667134571867454e-02	859
6.059518580587741e-03	3.916580525517205e-02	860
-2.175743283660858e-03	-3.105465431789854e-02	861
9.659445658576979e-01	3.382797858481180e-02	862
9.978890796344800e-01	1.018121976755262e-02	863
-9.103966661120051e-03	1.642753035305829e-02	864
6.577457783309615e-01	1.188270971273148e-01	865
-7.137427434279393e-03	2.107553854988306e-02	866
1.000501830084816e+00	3.488071372667109e-04	867
1.000493061761366e+00	-3.643176988955164e-04	868
7.994434681680203e-01	-7.811517803474555e-02	869
1.592878513611202e-01	-1.048731887261903e-01	870
1.469720635821346e-02	-4.975790598130986e-02	871
4.043341957689384e-01	-1.204400563144271e-01	872
8.242669349994712e-02	-8.547760576834879e-02	873
4.522307248913792e-01	-1.189908648570006e-01	874
2.962485426623805e-01	-1.191276130205916e-01	875
9.897419482754564e-01	1.845391518997893e-02	876
5.623450905697869e-01	1.254634823956507e-01	877
9.597311987577312e-01	3.705175867986231e-02	878
9.530486294696145e-01	4.031373255321471e-02	879
7.888188172198871e-01	9.583383675266749e-02	880
1.477650210357269e-01	9.497864551111949e-02	881
2.654171219753619e-01	1.120543735961443e-01	882
9.924493518202987e-01	-1.511531084693465e-02	883
5.702414591742742e-02	6.995137920756443e-02	884
8.705365735204234e-01	-6.189348558911621e-02	885
9.995608354685622e-01	3.905075347485205e-03	886
9.930046252888612e-01	1.555216090143491e-02	887
9.993458177183863e-01	-7.315809438277888e-03	888
9.757400890630370e-01	-2.583838783999944e-02	889
9.728321651424083e-03	-4.509349182132801e-02	890
7.029344148756169e-01	-9.503327597788966e-02	891
-5.146128140301766e-03	-2.627611017851165e-02	892
7.174828504735087e-01	-9.278295265488379e-02	893
7.317713772040096e-01	-9.048364201332043e-02	894
5.239998033032668e-03	-4.059224452229478e-02	895
9.952751516334896e-01	-1.254057755377033e-02	896
1.231545136557269e-03	-3.571813858448637e-02	897
8.392099276565399e-01	8.212355685625687e-02	898
5.137945538581380e-01	1.261624608084330e-01	899
3.091048898082569e-01	1.165238857061272e-01	900
-1.056117501328529e-02	1.152485561373984e-02	901
1.945692328020956e-03	3.461048380307117e-02	902
6.732187486770401e-01	1.170668051919045e-01	903
8.939113539781612e-01	6.432544777282101e-02	904
3.240830330202207e-01	1.178577789952480e-01	905
2.942853656456296e-01	1.150971050530522e-01	906
2.797172022538831e-01	1.135967238352069e-01	907
6.732611149447536e-01	-9.929462173602166e-02	908
6.881888309225755e-01	-9.719291782489579e-02	909
9.817064660531836e-01	2.445187819936478e-02	910
-1.560810099743540e-03	3.021606152475624e-02	911
-4.631982741053657e-03	2.567617541353770e-02	912
-7.552014888579595e-03	-2.147747937675708e-02	913
-1.099704846666249e-02	-5.400153304350953e-03	914
2.041474573862222e-02	-5.438030690773256e-02	915
9.703256143028810e-01	-2.853000772728895e-02	916
9.890375175409430e-01	-1.779061449079922e-02	917
5.784880139295000e-01	1.248197940143270e-01	918
8.482237748096859e-01	-6.742946586963068e-02	919
8.595807790087588e-01	-6.466783716852947e-02	920
8.811371909887467e-01	-5.911318354437477e-02	921
8.913639608520654e-01	-5.630172332024822e-02	922
6.414612953882298e-02	-7.839728073190717e-02	923
7.306742545362972e-02	-8.201486197149024e-02	924
9.011637295259408e-01	-5.348838615042341e-02	925
9.105741617791959e-01	-5.067446644182169e-02	926
9.195763957466903e-01	-4.785258249686213e-02	927
9.580607528900161e-01	-3.396604840945623e-02	928
9.644241041587576e-01	-3.124103872542739e-02	929
7.732325169350799e-01	-8.320369909110822e-02	930
7.864746120129807e-01	-8.067095826712085e-02	931
9.975737024729401e-01	-1.003275136570420e-02	932
4.683105225994683e-01	-1.182647024486569e-01	933
4.843945097660051e-01	-1.174117200519896e-01	934
4.202525665805573e-01	-1.200861602468229e-01	935
4.362150987434774e-01	-1.195955421986192e-01	936
9.439878377799474e-01	-3.945464455537506e-02	937
9.512366954536680e-01	-3.670596334862068e-02	938
1.355024510175727e-01	-1.000528642152770e-01	939
1.472046257405459e-01	-1.025344476445026e-01	940
5.645221622757763e-01	-1.116165598990640e-01	941
9.806750524523469e-01	-2.316371447636572e-02	942
9.851662965696697e-01	-2.043059894568224e-02	943
7.458318517917183e-01	-8.812738572684280e-02	944
7.596777962381708e-01	-8.569748186367870e-02	945
1.024787717610768e-01	-9.194134733947310e-02	946
1.132788959675652e-01	-9.485936844269592e-02	947
1.241768490911489e-01	-9.743238732813565e-02	948
5.804312891196104e-01	-1.101392971895810e-01	949
5.962255356346324e-01	-1.085413175539452e-01	950
3.294798594469847e-02	-6.280273763186014e-02	951
4.002199357289037e-02	-6.701799300638468e-02	952
4.777816841394156e-02	-7.108286803249129e-02	953
5.573597339761513e-02	-7.467402868170409e-02	954
3.417036211535565e-01	-1.205162508156155e-01	955
3.571950197544774e-01	-1.207080175823452e-01	956
3.728168204590201e-01	-1.207450609657250e-01	957
3.885165216837377e-01	-1.206529825212697e-01	958
1.717388342378798e-01	-1.070464074498705e-01	959
1.845019841343800e-01	-1.090424701054554e-01	960
1.975519139572378e-01	-1.108657579222158e-01	961
2.108733643998184e-01	-1.125347066172378e-01	962
2.244757274838007e-01	-1.140553645012727e-01	963
3.264141394032024e-01	-1.201893599567438e-01	964
3.112649459073588e-01	-1.197361475291521e-01	965
2.383791239948938e-01	-1.154168116482381e-01	966
4.814686365400621e-01	1.259512360823013e-01	967
9.769384013656014e-01	2.751844701219723e-02	968
9.716879675319320e-01	3.064530051765908e-02	969
4.653431202642206e-01	1.256640146115908e-01	970
4.492365150315553e-01	1.252353166421209e-01	971
4.332189018171055e-01	1.246784034438846e-01	972
4.172837981079719e-01	1.240117020900498e-01	973
4.014233543313573e-01	1.232245876662128e-01	974
4.906285723392972e-02	6.679320833444903e-02	975
4.128381665004265e-02	6.319008457442177e-02	976
2.513606251190195e-01	1.105568269561149e-01	977
2.373553095976340e-01	1.089114777217863e-01	978
1.362241485748379e-01	9.263769252107087e-02	979
1.250398761015403e-01	9.021826405565693e-02	980
1.142607491020658e-01	8.789633082125134e-02	981
1.035658271155538e-01	8.528351141760272e-02	982
9.218746267653921e-01	5.379127790146606e-02	983
9.129695294044770e-01	5.727522020269296e-02	984
9.036420120990317e-01	6.078550658263937e-02	985
8.837385666946004e-01	6.789304781762642e-02	986
8.731782502161858e-01	7.144969974201482e-02	987
8.622533507303246e-01	7.501624886492708e-02	988
8.509214035423692e-01	7.860071510704177e-02	989
8.271793872085548e-01	8.563627894933765e-02	990
8.147299486050250e-01	8.911037610622478e-02	991
8.019171509325113e-01	9.249436701042794e-02	992
7.753637486481013e-01	9.900015575289776e-02	993
7.615920798440824e-01	1.021305159359617e-01	994
7.474671586117611e-01	1.050245105330731e-01	995
7.331206386915647e-01	1.078255771327862e-01	996
7.185053299605781e-01	1.103756564597762e-01	997
7.036145775867474e-01	1.128400865909462e-01	998
6.885174058158606e-01	1.150031329242684e-01	999
5.299327314221464e-01	1.260917877957413e-01	1000
5.461162382331872e-01	1.258436727790863e-01	1001
6.420859811989241e-01	1.204636163824445e-01	1002
6.263588416179592e-01	1.218000850696827e-01	1003
6.104677464282413e-01	1.230285822134074e-01	1004
5.945403898820821e-01	1.239777465059225e-01	1005
2.237107852373296e-01	1.071457767419332e-01	1006
2.103643126446016e-01	1.053127594271154e-01	1007
1.972896357837449e-01	1.034221824166495e-01	1008
1.844721659364593e-01	1.014628091157642e-01	1009
1.719230167351725e-01	9.940634493658164e-02	1010
1.596681426855743e-01	9.724316651652772e-02	1011
3.416259209715172e-02	5.942013748333794e-02	1012
2.760544413835797e-02	5.556002046645612e-02	1013
8.121487655358192e-01	-7.549683162999957e-02	1014
8.245332289952421e-01	-7.282877243398035e-02	1015
8.365392988164948e-01	-7.013844924016426e-02	1016
5.004763446439805e-01	-1.164417378592609e-01	1017
5.165552840765097e-01	-1.153589818495696e-01	1018
5.325829498624426e-01	-1.141608620397134e-01	1019
2.150401075630435e-02	5.183265285729529e-02	1020
1.570298286058322e-02	4.762417162849174e-02	1021
1.063938873103192e-02	4.333075693020670e-02	1022
9.338820061530130e-02	8.247128618567137e-02	1023
8.364857034553844e-02	7.952410298386756e-02	1024
7.432868931118074e-02	7.645302746315638e-02	1025
6.542990176966601e-02	7.324903434098706e-02	1026
3.856908838063286e-01	1.223301178262383e-01	1027
3.700949843201501e-01	1.213580905853855e-01	1028
3.545875552621142e-01	1.202943928284163e-01	1029
3.392265294995525e-01	1.191195802186578e-01	1030
9.303394002783015e-01	5.035215406022973e-02	1031
9.459331347914044e-01	4.360431152793178e-02	1032
9.383711713596592e-01	4.695049912901348e-02	1033
6.119025588803986e-01	-1.068597616393934e-01	1034
6.274458835057339e-01	-1.050836767770281e-01	1035
6.428540179706663e-01	-1.032429208577088e-01	1036
6.581379024488331e-01	-1.013089079698831e-01	1037
2.526415791109847e-01	-1.165616035342036e-01	1038
2.669355035334534e-01	-1.174840300411459e-01	1039
2.814647347668067e-01	-1.183679341088469e-01	1040
2.565583545182792e-03	-4.764898082447448e-02	1041
9.999206014179407e-01	9.499150784741681e-03	1042
9.765051798311873e-01	-3.398973367831641e-02	1043
1.000473571542759e+00	7.872925362453057e-04	1044
-1.668489115988608e-03	-4.210604857441565e-02	1045
7.349391609156102e-01	-1.103237246767034e-01	1046
9.309286179980251e-02	-1.035381381761395e-01	1047
-5.242111816829547e-03	-3.681891083506246e-02	1048
9.873545586984768e-01	2.797625881017758e-02	1049
-1.078415868064795e-02	-2.608218760402157e-02	1050
1.849696388028651e-02	-6.345561875711399e-02	1051
1.624621693550344e-01	-1.224711531948810e-01	1052
1.387215265227676e-01	1.093916745379973e-01	1053
-7.378437693755819e-04	4.091287653270805e-02	1054
-1.021909964635973e-02	2.561334296980908e-02	1055
-1.473954646280111e-02	8.604571515808797e-03	1056
-7.552106099347424e-03	7.700958019744655e-04	1057
-7.556088243224789e-03	-7.820339216219634e-04	1058
-1.088570482982017e-02	1.177961433252235e-03	1059
-1.276735697236675e-02	-2.073349218648591e-02	1060
9.996210878330815e-01	-9.427876696229147e-03	1061
3.152067520235518e-01	1.380190397830737e-01	1062
9.815686966661362e-01	-3.053385336960554e-02	1063
9.964673028339410e-01	-1.664355428197241e-02	1064
9.439000277084212e-01	-5.124113814999374e-02	1065
8.029394364925768e-01	-9.600818230151256e-02	1066
4.127393942601842e-01	-1.422580480279975e-01	1067
9.991227999193228e-01	1.346566642776372e-02	1068
9.305670661173220e-01	6.349678962942541e-02	1069
9.537107445334176e-01	5.140396031399751e-02	1070
5.473884905870294e-01	1.479381587369689e-01	1071
5.146498938274298e-01	1.482199395720737e-01	1072
6.604055049643583e-01	1.397219854706089e-01	1073
7.793691929270977e-01	1.173445929033177e-01	1074
4.901030062315123e-01	1.481540681179348e-01	1075
5.502937886866160e-01	-1.351996623070792e-01	1076
3.304455664720354e-01	1.396155139958321e-01	1077
9.970808460422493e-01	1.692087704860824e-02	1078
8.289203383771269e-02	-9.961797866009617e-02	1079
1.000356894890029e+00	1.842734268373516e-03	1080
9.911568940082673e-01	2.420460728863433e-02	1081
-1.089423322454497e-02	-1.185269805607806e-03	1082
1.000453762839540e+00	-8.019329610712789e-04	1083
1.000309669551366e+00	-1.851874403713966e-03	1084
9.360136609317298e-01	-5.469475029862680e-02	1085
2.457754495642824e-02	-6.817302381969823e-02	1086
-1.424606851685450e-02	-1.527914239907178e-02	1087
3.623606800489959e-03	4.613322373858981e-02	1088
-8.237624281675709e-03	-3.147760096505811e-02	1089
9.668683277185947e-01	4.349512979928678e-02	1090
-1.232124905866955e-02	2.043559176041297e-02	1091
1.000774536832039e+00	1.380865907247914e-04	1092
1.000770666222152e+00	-1.611023554689717e-04	1093
7.106938239018624e-03	-5.272734285869618e-02	1094
3.181260983050036e-01	-1.407320614750518e-01	1095
3.028342994395699e-01	-1.399090150933920e-01	1096
9.943929711099299e-01	2.048903743306784e-02	1097
5.720620058669861e-01	1.470350748403426e-01	1098
9.605183215838149e-01	4.744273247468568e-02	1099
9.936057889636729e-01	-2.003081127536861e-02	1100
7.059418421682684e-01	-1.155001800976471e-01	1101
-1.391975923410672e-02	1.511805220977793e-02	1102
3.001716881665941e-01	1.363793188721427e-01	1103
2.853023221589547e-01	1.345599632559259e-01	1104
2.707753739154000e-01	1.327485531793088e-01	1105
6.760718300465981e-01	-1.203107148472801e-01	1106
-4.432216017400965e-03	3.589962191438056e-02	1107
-7.550257231585689e-03	3.079856666747996e-02	1108
-1.490499587452483e-02	-8.654464880292850e-03	1109
1.241884297184531e-02	-5.824732086216316e-02	1110
8.576872642661421e-01	-8.178595411756322e-02	1111
8.688661360719852e-01	-7.848408874521090e-02	1112
8.796391541628867e-01	-7.516034479211126e-02	1113
8.900804681374836e-01	-7.180358535627096e-02	1114
7.317892316104854e-02	-9.553638535254551e-02	1115
6.391404072360153e-02	-9.128551959961619e-02	1116
9.000962958585049e-01	-6.840202105085505e-02	1117
9.096902631817408e-01	-6.501163108959247e-02	1118
9.188952981608991e-01	-6.157957853162375e-02	1119
9.276671949458908e-01	-5.814021298847927e-02	1120
9.648657727364833e-01	-4.091761239949356e-02	1121
9.709321001449781e-01	-3.745559925577861e-02	1122
7.766340801299453e-01	-1.019399666055679e-01	1123
9.986651990290127e-01	-1.331885854683251e-02	1124
4.612482474368134e-01	-1.409061122302171e-01	1125
4.775137299309758e-01	-1.401643403217998e-01	1126
4.288759482216415e-01	-1.419546421986102e-01	1127
4.450317500217140e-01	-1.414884135389410e-01	1128
9.513231283977073e-01	-4.781629210550593e-02	1129
9.583202792163045e-01	-4.437544563614340e-02	1130
1.378946279762077e-01	-1.167047079010509e-01	1131
1.499645095844382e-01	-1.196724938478953e-01	1132
9.861728849214576e-01	-2.700004004003219e-02	1133
9.901771058297387e-01	-2.351422049101866e-02	1134
7.561110953276152e-01	-1.062487527109072e-01	1135
1.039264875177663e-01	-1.072675108144011e-01	1136
1.151396280248993e-01	-1.104887171442997e-01	1137
1.262117738562881e-01	-1.135850391130418e-01	1138
5.825404992395455e-01	-1.322549764216811e-01	1139
3.136408941190160e-02	-7.320666393428277e-02	1140
3.892101212793162e-02	-7.819526562357852e-02	1141
4.712669340604300e-02	-8.274367229859779e-02	1142
5.516010791506943e-02	-8.690033189608723e-02	1143
3.335328078980360e-01	-1.413714958570067e-01	1144
3.491098505365851e-01	-1.418820738353355e-01	1145
3.648918703065113e-01	-1.422047697273870e-01	1146
3.807319767592525e-01	-1.423756628388187e-01	1147
3.966678380206268e-01	-1.423928770952045e-01	1148
1.752811571723318e-01	-1.250724568887938e-01	1149
1.884238325330986e-01	-1.274693067377317e-01	1150
2.017989630486233e-01	-1.296800030269727e-01	1151
2.154734271387659e-01	-1.317149047076663e-01	1152
2.294356385611183e-01	-1.335857098094126e-01	1153
9.829608298580543e-01	3.185146446764076e-02	1154
9.781032862082542e-01	3.568802443337560e-02	1155
9.727344998500150e-01	3.957567573003820e-02	1156
4.738086871365003e-01	1.480137843420463e-01	1157
4.574273887391134e-01	1.476591520243121e-01	1158
4.412173288472608e-01	1.471154355607032e-01	1159
4.250258478244099e-01	1.464174463980202e-01	1160
4.089892787262523e-01	1.455919261513886e-01	1161
4.872145179474811e-02	7.840764379552363e-02	1162
4.050164306491108e-02	7.431291624380663e-02	1163
2.565837952183678e-01	1.308644831922017e-01	1164
2.423453312625517e-01	1.290755678614439e-01	1165
1.272261261823300e-01	1.064728744759616e-01	1166
1.163265131596988e-01	1.036038866750329e-01	1167
1.052373761368900e-01	1.006854220017643e-01	1168
9.219535198353896e-01	6.759905528589004e-02	1169
9.128514879317162e-01	7.172555937688475e-02	1170
9.033720546154105e-01	7.585113944479990e-02	1171
8.934072524666402e-01	7.998823253631356e-02	1172
8.830352789670280e-01	8.412028020627627e-02	1173
8.722702945012950e-01	8.818473069230853e-02	1174
8.611374018270712e-01	9.223842105498609e-02	1175
8.435871669478848e-01	9.831264962944816e-02	1176
8.253298540138960e-01	1.042174748209659e-01	1177
8.061515735329610e-01	1.099797237466527e-01	1178
7.512026056569018e-01	1.241243463828381e-01	1179
7.219173877417319e-01	1.301547898274291e-01	1180
6.915747655653415e-01	1.353835815633085e-01	1181
6.286116295095767e-01	1.431185404551165e-01	1182
5.963660869357118e-01	1.455878959249235e-01	1183
2.282898187776771e-01	1.269182891811771e-01	1184
2.146611399850139e-01	1.247434707070997e-01	1185
2.013317892815565e-01	1.224106305585345e-01	1186
1.882592377149550e-01	1.200906205254552e-01	1187
1.754163287760271e-01	1.176011541504350e-01	1188
1.628301053530597e-01	1.150118014758448e-01	1189
1.505728903838946e-01	1.122610007091994e-01	1190
3.289366406010183e-02	6.977409494182449e-02	1191
2.603269605096675e-02	6.516057010263429e-02	1192
8.220037480254424e-01	-9.138429532771464e-02	1193
8.342451659476972e-01	-8.822975627803430e-02	1194
8.461088935196651e-01	-8.504238381088684e-02	1195
4.937700301397822e-01	-1.392853584177602e-01	1196
5.181198054174058e-01	-1.376646649878870e-01	1197
1.987467320256270e-02	6.082459447153921e-02	1198
1.370279904568808e-02	5.602659531028385e-02	1199
8.274697456296014e-03	5.088799347783304e-02	1200
9.451365838434010e-02	9.728707876160893e-02	1201
8.438619751074017e-02	9.371593786358125e-02	1202
7.472516525855294e-02	9.000297545778396e-02	1203
6.549586383086209e-02	8.614167683412242e-02	1204
5.675726674732631e-02	8.216405964732074e-02	1205
3.929755812452814e-01	1.445967104846134e-01	1206
3.772211919632867e-01	1.435336249805589e-01	1207
3.614962522344475e-01	1.423568642316517e-01	1208
3.458618044108394e-01	1.410480625325537e-01	1209
9.464713105720443e-01	5.538248641161745e-02	1210
9.387588298870126e-01	5.942079635862175e-02	1211
6.142782711697813e-01	-1.286981829302439e-01	1212
6.454506082034986e-01	-1.247150646428555e-01	1213
2.438363594176750e-01	-1.352414317175936e-01	1214
2.584010245734059e-01	-1.365352139339392e-01	1215
2.728846259823343e-01	-1.377639524373206e-01	1216
2.877112872217529e-01	-1.389189596339327e-01	1217
9.997938763039065e-01	-2.543585073342587e-03	1218
9.998569395600148e-01	2.550557876522387e-03	1219
-8.943404954074230e-03	-4.310755258632913e-02	1220
-1.458021101923694e-02	3.777497499808851e-03	1221
1.000803698516240e+00	-5.635475869471501e-04	1222
9.881036379917117e-01	-3.417988647536330e-02	1223
9.990519051688298e-01	2.125859954834913e-02	1224
-1.781368758399251e-02	1.909574146946050e-02	1225
9.748912592969040e-01	4.940070626643905e-02	1226
1.000803199942199e+00	-8.198819212284228e-03	1227
9.955266582269622e-01	-2.529409934648730e-02	1228
-1.908625815927257e-02	-1.240961543236757e-02	1229
1.551627843111630e-02	-7.337135010545776e-02	1230
-5.307566484652114e-03	-4.918122676680540e-02	1231
3.288989339465035e-01	1.624176708227170e-01	1232
1.000818053578188e+00	5.395858895247728e-04	1233
-7.931033606139047e-03	4.213210771326345e-02	1234
-1.613696131443597e-02	2.488627875862666e-02	1235
-1.001232230535139e-03	-5.529840962369696e-02	1236
9.834642449363055e-01	-3.863126314814004e-02	1237
5.360762497571112e-01	-1.613282634801121e-01	1238
9.965605301236312e-01	2.572669798174517e-02	1239
3.169490417214290e-01	-1.631642095112661e-01	1240
9.525523386350626e-01	-6.020702574676588e-02	1241
9.409157711711061e-01	-6.650904211828522e-02	1242
6.329257492209845e-01	-1.509075970985050e-01	1243
9.317094092874285e-02	-1.201558883996097e-01	1244
1.714964729554471e-01	-1.438065301078855e-01	1245
-1.672388310246197e-02	-2.522474041753409e-02	1246
4.293908811924088e-01	-1.655469181271065e-01	1247
7.229920380997278e-02	-1.106802685491691e-01	1248
8.240474603063194e-02	-1.154935728147787e-01	1249
1.229455025717261e-01	1.229683467453849e-01	1250
9.896249324434822e-01	3.512965971634556e-02	1251
9.361324648189095e-01	7.567329334161831e-02	1252
-1.881011793527232e-02	1.233780875748025e-02	1253
-4.150898027457857e-03	4.792882617822576e-02	1254
9.783141012981184e-01	-4.298888427284382e-02	1255
1.000440414565061e+00	1.207110459935131e-03	1256
9.934435769125166e-01	3.042863733484987e-02	1257
-9.724301288444084e-03	-4.645408610396056e-06	1258
-1.826149519756419e-02	-1.928887692792201e-02	1259
9.982389470805404e-01	-2.100615769272985e-02	1260
7.496732083358005e-01	-1.300691246936294e-01	1261
5.036378824619514e-01	1.729904767411105e-01	1262
4.743538489101209e-01	1.717243529897688e-01	1263
1.000966447664184e+00	1.692045964351668e-02	1264
1.001099800105921e+00	-1.603118431165450e-05	1265
1.001062298068459e+00	8.217701078243891e-03	1266
-1.463492083002232e-02	-3.780895995174335e-03	1267
1.000409825940249e+00	-1.220216383902004e-03	1268
2.170150631145461e-02	-7.888739662204024e-02	1269
-1.463353834490147e-02	-3.116706221479218e-02	1270
-1.204177959374582e-02	-3.707434523259692e-02	1271
5.616956155075830e-01	1.719183171397511e-01	1272
9.404378753719769e-03	-6.773317534258175e-02	1273
9.689304126098651e-01	5.416816118134580e-02	1274
9.624801321304103e-01	5.893978085066853e-02	1275
5.326870802440465e-01	1.726204845222488e-01	1276
2.982270876394300e-01	1.587053271041096e-01	1277
2.685562709266314e-01	1.542809679683260e-01	1278
7.243967002249666e-01	-1.353688776399129e-01	1279
-1.117337572901768e-02	3.634365658581290e-02	1280
-1.390571509652587e-02	3.064768403678545e-02	1281
3.650384037307846e-03	-6.121587399605266e-02	1282
8.735811967807846e-01	-9.456471058913272e-02	1283
8.948902892940264e-01	-8.680612890872279e-02	1284
6.268937749970181e-02	-1.056935462632645e-01	1285
9.145643735246116e-01	-7.881597946837023e-02	1286
9.283178742955897e-01	-7.276812615794226e-02	1287
9.726207477017480e-01	-4.734198315804158e-02	1288
1.000351863400378e+00	-1.680310056427317e-02	1289
4.621747922862491e-01	-1.646238873595401e-01	1290
9.597093335537129e-01	-5.596097960967158e-02	1291
9.664120241801865e-01	-5.166676753441150e-02	1292
1.456962620118701e-01	-1.371982690999106e-01	1293
9.921690553665242e-01	-2.976458050263251e-02	1294
7.707527156666264e-01	-1.252242460820879e-01	1295
7.943012541362588e-01	-1.193024680076844e-01	1296
1.103829756211646e-01	-1.262364984386406e-01	1297
1.273649096068378e-01	-1.317174754062699e-01	1298
5.686585654067214e-01	-1.585826091188499e-01	1299
2.889368735315240e-02	-8.485729600557386e-02	1300
3.713296277526029e-02	-9.074582052050446e-02	1301
4.535713275352925e-02	-9.563290549166534e-02	1302
5.359137558178504e-02	-1.005523142580302e-01	1303
3.484382313529000e-01	-1.647976737422893e-01	1304
3.805229284681594e-01	-1.655942178092977e-01	1305
4.048277192202241e-01	-1.658554957779032e-01	1306
1.985427963823106e-01	-1.493896926093777e-01	1307
2.267556582540135e-01	-1.542680174533381e-01	1308
9.852383860067672e-01	3.991273934920214e-02	1309
9.803365083891415e-01	4.463963711897252e-02	1310
4.412540476843721e-01	1.707269801115983e-01	1311
4.085681361193929e-01	1.690780633649222e-01	1312
3.903661946140282e-02	8.681523328436815e-02	1313
2.397682614825715e-01	1.502849379605118e-01	1314
1.063511787255021e-01	1.180396725401508e-01	1315
8.209810723400588e-01	1.259506426868569e-01	1316
9.184343232085451e-01	8.520632672399067e-02	1317
8.989345762297287e-01	9.469709190459145e-02	1318
8.776554683356195e-01	1.039858335842460e-01	1319
8.578254338210642e-01	1.126738423620826e-01	1320
8.398715191170706e-01	1.193813258674143e-01	1321
7.978030687686184e-01	1.332766005531403e-01	1322
7.700666268455173e-01	1.412120930660888e-01	1323
7.410241464806792e-01	1.484087126910107e-01	1324
7.108751075252556e-01	1.547622218398393e-01	1325
6.797391800599495e-01	1.601946975317165e-01	1326
6.478325745021738e-01	1.646307694625065e-01	1327
6.153759248636915e-01	1.680513991236295e-01	1328
5.866829576810085e-01	1.704411692691216e-01	1329
2.115688893262752e-01	1.450190035017009e-01	1330
1.848307032738642e-01	1.395173774498077e-01	1331
1.653150853438584e-01	1.349879137593953e-01	1332
1.525969267029098e-01	1.317024357387490e-01	1333
1.403095451546388e-01	1.282237050385452e-01	1334
3.074035505468121e-02	8.140370067607765e-02	1335
2.346085394503199e-02	7.585755817877028e-02	1336
8.171383411459555e-01	-1.131445553735052e-01	1337
8.387494253783889e-01	-1.058562496088778e-01	1338
8.566222459755972e-01	-1.003717526444677e-01	1339
4.868795044452395e-01	-1.634943896230565e-01	1340
5.075542058304846e-01	-1.634133548166241e-01	1341
1.718174916413239e-02	7.070664149534216e-02	1342
1.096914260348510e-02	6.544809614885287e-02	1343
5.080685782968671e-03	5.932888993028954e-02	1344
2.982632778678967e-04	5.373346734563200e-02	1345
9.485360923459465e-02	1.139920472333098e-01	1346
8.416269944821100e-02	1.096721903140974e-01	1347
7.411213602424846e-02	1.052058625993013e-01	1348
6.454542735357120e-02	1.005790327234294e-01	1349
5.548815855136120e-02	9.581311055399434e-02	1350
4.725645232709541e-02	9.128382370056941e-02	1351
3.764162310261285e-01	1.667078739736713e-01	1352
3.525193337666303e-01	1.648971488263551e-01	1353
9.555643449503152e-01	6.369704829796884e-02	1354
9.481947869912501e-01	6.844801608475119e-02	1355
6.011357344917796e-01	-1.550572716497979e-01	1356
6.641368699611090e-01	-1.462403522030798e-01	1357
6.946886446033274e-01	-1.410467377303367e-01	1358
2.563501130472505e-01	-1.577691563942897e-01	1359
2.860570149926908e-01	-1.608016825051802e-01	1360
1.001833129697687e+00	1.423605133718719e-02	1361
1.000428701934975e+00	-2.479600011047201e-03	1362
1.000181842506415e+00	-3.350551230283006e-03	1363
1.000913030157782e+00	6.720661145612649e-03	1364
3.823159115413697e-02	-1.072210587305392e-01	1365
1.002338933501179e+00	2.013718325256043e-02	1366
1.001105508891076e+00	3.345200719815021e-04	1367
1.001262046649097e+00	-9.821791442510740e-03	1368
-1.659495216562443e-02	-4.316552318087297e-02	1369
-5.622365907361527e-03	-6.359205679653113e-02	1370
1.000709318867540e+00	-6.710841913921633e-03	1371
1.001328844860720e+00	-1.418391564967707e-02	1372
-1.554003223351976e-02	4.240657454808610e-02	1373
-2.347660254038333e-02	1.637650914700768e-02	1374
-2.386950444004802e-02	-1.645888205020410e-02	1375
9.886725033490253e-01	4.854639045869553e-02	1376
7.656201528239232e-01	-1.514053328528750e-01	1377
3.390272382635072e-01	1.901293276459491e-01	1378
1.001586431921858e+00	9.837374474033012e-03	1379
9.278196483531673e-01	-9.031893517948926e-02	1380
5.317628741489333e-03	-7.811210630090826e-02	1381
4.042198954413798e-02	1.030826299378919e-01	1382
-1.232885476509394e-02	4.890778532859540e-02	1383
-1.354762458740516e-02	-4.990797695481241e-02	1384
4.173327149721996e-01	-1.930035585299358e-01	1385
9.624012500652247e-01	-6.858471743629664e-02	1386
6.524736723558600e-01	-1.752544965038996e-01	1387
5.546493322979585e-01	-1.876683328994364e-01	1388
9.910689548981531e-01	-4.184329932266831e-02	1389
9.949928116204165e-01	-3.638497401475785e-02	1390
1.125303118961566e-02	-8.416665383384093e-02	1391
1.771309516867167e-02	-9.073923656869295e-02	1392
1.000828111996981e+00	9.839000925167243e-04	1393
9.995769772382725e-01	3.118543778052613e-02	1394
1.001919583070698e+00	2.584192399655886e-02	1395
9.783214258131844e-01	6.003806808858451e-02	1396
2.806020380753406e-01	1.817251781723219e-01	1397
5.769157696188096e-01	1.983061544703718e-01	1398
7.143254562590873e-01	-1.635337656953214e-01	1399
6.023384730949668e-02	-1.216931570142790e-01	1400
1.000271304940559e+00	3.352001580612544e-03	1401
1.000493965904841e+00	2.469812131250758e-03	1402
-1.363321669849132e-02	4.386786748492512e-04	1403
9.865053221014597e-01	-4.736600796513419e-02	1404
9.837837909328553e-01	5.427762770073873e-02	1405
1.001096105178096e+00	-3.665557367232443e-04	1406
9.982922448242026e-01	-3.082746467459372e-02	1407
-2.238007850051003e-02	2.344594440533517e-02	1408
-9.874159608813016e-03	-5.686869096972279e-02	1409
5.237876206398120e-01	-1.901397824298146e-01	1410
-2.295880881345808e-02	-2.365620309720341e-02	1411
7.021400579575093e-02	-1.275519849751602e-01	1412
8.084327019423791e-02	-1.332503595763227e-01	1413
9.965714459668156e-01	3.697499226426715e-02	1414
-1.955390846740929e-02	6.324287576856965e-03	1415
9.813261006611019e-01	-5.274242167993193e-02	1416
1.000894656790108e+00	-2.565753161011231e-02	1417
7.421198576520732e-01	-1.572552741219876e-01	1418
-1.969534049802112e-02	-6.321204675271928e-03	1419
1.000802013017406e+00	-1.007611684240967e-03	1420
5.080926165569832e-02	-1.156597537322016e-01	1421
-2.138847878773016e-02	-3.017604509996613e-02	1422
-1.926828990229230e-02	-3.668138114582957e-02	1423
5.199736339384773e-01	2.003250339386565e-01	1424
-6.804583721310974e-04	-7.066865299188869e-02	1425
9.723120645409223e-01	6.576909223060858e-02	1426
5.492382534407146e-01	1.995753807718211e-01	1427
3.115745390207883e-01	1.865837543060950e-01	1428
6.043737839889023e-01	1.959934423768926e-01	1429
-1.837020395255747e-02	3.613489669046321e-02	1430
-2.065009502026140e-02	2.981346703365581e-02	1431
8.905411760235108e-01	-1.081795361470798e-01	1432
9.111517478281903e-01	-9.874722231933233e-02	1433
9.411423619386943e-01	-8.278403748066919e-02	1434
9.531559298477904e-01	-7.515281724476675e-02	1435
1.001573753495161e+00	-2.004064696780930e-02	1436
4.464463981003836e-01	-1.926062767128392e-01	1437
9.692721061619557e-01	-6.343175676418562e-02	1438
9.755723792815711e-01	-5.811449243374298e-02	1439
3.922638658425357e-01	-1.927450123881385e-01	1440
8.347817694769954e-01	-1.300564595042078e-01	1441
8.537073178105576e-01	-1.229045566829635e-01	1442
7.882222766356756e-01	-1.451582112601638e-01	1443
9.550172748382739e-02	-1.399092124159243e-01	1444
1.128607621633463e-01	-1.465244309832835e-01	1445
1.305978680368557e-01	-1.530865914703944e-01	1446
2.553396480859303e-02	-9.791138885603415e-02	1447
3.311099080834942e-01	-1.900075448248693e-01	1448
3.636252295845994e-01	-1.918163189130594e-01	1449
1.530521080290257e-01	-1.604368199816642e-01	1450
1.801937067837961e-01	-1.679486663606430e-01	1451
6.837913772824008e-01	-1.697080217365973e-01	1452
9.929383451862340e-01	4.270531763119335e-02	1453
4.892867440706336e-01	1.998963829089451e-01	1454
4.586627073347812e-01	1.987592874446137e-01	1455
1.090162172858645e-01	1.382818595203232e-01	1456
9.342288985019767e-01	9.427853722946918e-02	1457
9.156407844614961e-01	1.054192882079525e-01	1458
8.370746443039679e-01	1.429946765031847e-01	1459
8.951133859157729e-01	1.163686482143496e-01	1460
8.751697858505448e-01	1.263989619589828e-01	1461
8.556419786059292e-01	1.354563184598037e-01	1462
8.157615287539685e-01	1.508820441303991e-01	1463
7.900592280996379e-01	1.594730139144018e-01	1464
7.612928861990081e-01	1.680186016772889e-01	1465
7.312822326538551e-01	1.756804435672668e-01	1466
7.001758433135395e-01	1.823762589552854e-01	1467
6.681407091915718e-01	1.880284958777645e-01	1468
6.354231340624321e-01	1.925771424579672e-01	1469
2.514152820116703e-01	1.768696418478393e-01	1470
2.217750601253871e-01	1.712347775573647e-01	1471
1.938249085662282e-01	1.646744336531167e-01	1472
1.701103115081365e-01	1.584413338959521e-01	1473
1.475885206938780e-01	1.503863464913274e-01	1474
1.258708407895577e-01	1.442101047330654e-01	1475
2.769692404289759e-02	9.448237188088739e-02	1476
1.977171257421080e-02	8.773368903410929e-02	1477
8.115626282540795e-01	-1.381640247150784e-01	1478
8.714374080796768e-01	-1.161619194342414e-01	1479
4.757259124133553e-01	-1.917019097015430e-01	1480
4.973009518832522e-01	-1.912358736417428e-01	1481
1.320210920645010e-02	8.151965138305559e-02	1482
7.160880877139055e-03	7.580155760335096e-02	1483
1.015398739242130e-03	6.875493612691919e-02	1484
-4.080531553850941e-03	6.201666854020086e-02	1485
-8.487909914361200e-03	5.558989917828695e-02	1486
9.440013961860649e-02	1.327856225345032e-01	1487
8.285455302167735e-02	1.275590448425669e-01	1488
7.226889861837030e-02	1.221809886557411e-01	1489
6.232728454336336e-02	1.166541227824983e-01	1490
5.291713398260187e-02	1.109449694168530e-01	1491
4.251950153750505e-01	1.972970412614026e-01	1492
3.920591139733007e-01	1.949992585985637e-01	1493
3.635772546219408e-01	1.926205208850961e-01	1494
9.621610675596893e-01	7.411830107955075e-02	1495
9.491358947717454e-01	8.434919909492157e-02	1496
5.878406332107193e-01	-1.843795071889566e-01	1497
6.205319637076259e-01	-1.801584519740274e-01	1498
2.083560708725161e-01	-1.744099569250522e-01	1499
2.383781256154256e-01	-1.797689479529707e-01	1500
2.683945189175672e-01	-1.837538837758187e-01	1501
2.992933421885803e-01	-1.872905281658367e-01	1502
1.000920304495460e+00	3.046874690773818e-03	1503
1.000169217901699e+00	-5.112186098062698e-03	1504
9.994318362133762e-01	-5.672104077250881e-03	1505
1.000727052996372e+00	1.163855975473964e-02	1506
-2.763721047077442e-02	2.816939678117418e-02	1507
1.000314133925364e+00	5.126039349235398e-03	1508
-2.367530596433568e-02	4.213232964140073e-02	1509
9.734327124237354e-01	-7.607319066561687e-02	1510
1.001156934262194e+00	-7.745933633840974e-04	1511
1.002895295819462e+00	-1.625592257855506e-02	1512
1.004460125823931e+00	-1.710693566805074e-02	1513
9.907294534338114e-01	-5.656240762586825e-02	1514
1.000825487378122e+00	1.427459105292068e-03	1515
9.932866332425286e-01	5.758452535655026e-02	1516
2.623080002067810e-01	2.067892828291300e-01	1517
1.002187338774213e+00	-8.683397016434193e-03	1518
1.001792894271826e+00	-7.389166940345868e-03	1519
-1.132899399937071e-02	-7.269601792850548e-02	1520
1.001177453813465e+00	7.409786244863291e-04	1521
-1.776314551182101e-02	5.624681428227042e-02	1522
1.345198845628618e-01	-1.777358367987694e-01	1523
3.567491834940025e-02	-1.240703640669989e-01	1524
9.426884830587429e-01	-1.010488908361181e-01	1525
7.839693387546505e-01	-1.740012158738178e-01	1526
1.000337869587743e+00	-1.157331606438905e-02	1527
1.002028590234220e+00	7.367380889740698e-03	1528
1.002473713649288e+00	8.656912049438276e-03	1529
1.000787406498319e+00	-1.450096966508401e-03	1530
-2.213172837424469e-02	-4.965503361420869e-02	1531
5.657982462447705e-01	2.294002775470596e-01	1532
6.732622062223989e-01	-2.018080678206928e-01	1533
4.321706918654992e-01	-2.233415056230917e-01	1534
5.943751704822701e-01	2.272622720566770e-01	1535
9.503110800584763e-01	1.029586733450791e-01	1536
9.140557503402342e-01	1.283013881238224e-01	1537
3.227308094336258e-01	2.174501532398962e-01	1538
2.556793175483354e-02	1.104776380304407e-01	1539
5.117629510447341e-01	-2.216562316077646e-01	1540
-2.088992861768327e-02	4.889951955334135e-02	1541
1.004038567186770e+00	2.998476660887390e-02	1542
5.416143496451057e-01	-2.197937526182795e-01	1543
9.995891099980474e-01	5.712623876763827e-03	1544
1.003495574037496e+00	1.626369645609155e-02	1545
1.005104783108945e+00	1.705769794118996e-02	1546
1.000835690529192e+00	-3.065381834626874e-03	1547
-2.876484215199302e-02	2.070441735284361e-02	1548
3.494726581052986e-01	2.210053732175481e-01	1549
1.001471475790506e+00	1.529557806898872e-04	1550
1.001466649355218e+00	-1.954109157027335e-04	1551
-6.128752222755432e-03	-8.101635406610989e-02	1552
-1.558236276042552e-02	-6.507336288245139e-02	1553
4.043404563609612e-01	-2.231301442394071e-01	1554
9.952025545597728e-01	-4.985926574128719e-02	1555
9.987477550839626e-01	-4.318800880481219e-02	1556
-1.794544404634974e-04	-8.926169111156361e-02	1557
5.619339409091951e-03	-9.594540200373609e-02	1558
1.000876973434244e+00	2.058483790008524e-03	1559
9.974196297213674e-01	5.057544912282574e-02	1560
9.885731190824465e-01	6.447465232055281e-02	1561
2.928113869617924e-01	2.125050784343743e-01	1562
7.047597490105710e-01	-1.951449141585886e-01	1563
5.153835179854286e-02	-1.356056518769950e-01	1564
1.002057473072212e+00	-3.678849747212073e-02	1565
-1.918958722861649e-02	-5.723993234104136e-02	1566
-2.928456599713426e-02	-2.078185115652777e-02	1567
6.703745879692020e-02	-1.457068588789348e-01	1568
7.995629427746895e-02	-1.538729934048066e-01	1569
1.003608192478064e+00	3.702679028076453e-02	1570
-2.431627630308262e-02	1.013059428297050e-02	1571
-1.785348703117812e-02	-1.888304687125182e-03	1572
1.002814333334719e+00	-2.985122064545558e-02	1573
7.343959945359140e-01	-1.880243406775231e-01	1574
7.604571213857449e-01	-1.810407721285362e-01	1575
-1.965546474244709e-02	2.765776372488049e-06	1576
-2.455400092816456e-02	-1.013097501064454e-02	1577
1.000821106882672e+00	-2.080568563426464e-03	1578
-2.835506118972891e-02	-2.837937798930650e-02	1579
-2.690859622328639e-02	-3.553540616190755e-02	1580
-2.474880900107746e-02	-4.268400376645675e-02	1581
5.368721735346355e-01	2.305155403538577e-01	1582
9.831826079777783e-01	7.137503150771438e-02	1583
-2.601165692874692e-02	3.517046378883928e-02	1584
9.090043530914886e-01	-1.213805665473990e-01	1585
9.276440581623147e-01	-1.107070441090558e-01	1586
9.553314527297153e-01	-9.180925455639262e-02	1587
9.658297605442949e-01	-8.315804977027881e-02	1588
9.799656087258704e-01	-6.965190105612019e-02	1589
9.856844450036538e-01	-6.311897524519886e-02	1590
8.524667953182823e-01	-1.484301134978833e-01	1591
8.312072573985853e-01	-1.573596445092021e-01	1592
9.661817442109923e-02	-1.620300977172466e-01	1593
1.141078434528628e-01	-1.693754995411285e-01	1594
1.261236615209105e-02	-1.038860678816875e-01	1595
2.317333901992131e-02	-1.139896004924063e-01	1596
3.454837883968917e-01	-2.201776081802805e-01	1597
3.767768955132890e-01	-2.221304900049009e-01	1598
1.598943870021017e-01	-1.867690048583793e-01	1599
1.000625027935623e+00	4.365013189913516e-02	1600
5.057876165376125e-01	2.308015983314707e-01	1601
4.744912896403500e-01	2.299976565877404e-01	1602
9.336629982933684e-01	1.153606043980642e-01	1603
8.940918306124825e-01	1.402736144668406e-01	1604
8.743412990874710e-01	1.512249765850671e-01	1605
8.547557087867997e-01	1.609256803704138e-01	1606
8.345136693541146e-01	1.697799424376543e-01	1607
8.106723748205296e-01	1.791743218211165e-01	1608
7.830704475792368e-01	1.889013547577102e-01	1609
7.531662397944300e-01	1.981181615976735e-01	1610
7.220462703666523e-01	2.063075984853289e-01	1611
6.898546182163717e-01	2.133790825914177e-01	1612
6.568067028035972e-01	2.192661708295262e-01	1613
6.243161626149819e-01	2.238964691889107e-01	1614
2.321725340846608e-01	2.007138024052497e-01	1615
1.511301081651568e-01	1.765279636541194e-01	1616
1.303801170869454e-01	1.685229040936305e-01	1617
2.022925856900644e-01	1.932308753744487e-01	1618
1.758754929783213e-01	1.854905793522124e-01	1619
1.102186656501292e-01	1.609509617727784e-01	1620
1.494161489905349e-02	1.009295242299592e-01	1621
8.072128478151013e-01	-1.663192628327569e-01	1622
8.704760086318356e-01	-1.404529332951843e-01	1623
8.891043320229630e-01	-1.317066410285560e-01	1624
4.619104975803771e-01	-2.228867934645762e-01	1625
4.871149953691292e-01	-2.223550550491227e-01	1626
7.836805781613908e-03	9.335802022115444e-02	1627
1.933058234412030e-03	8.696884019588920e-02	1628
-4.167630419364648e-03	7.910433434508940e-02	1629
-9.543114901194341e-03	7.113787600933676e-02	1630
-1.396880108298608e-02	6.380742477031479e-02	1631
9.429200184871114e-02	1.543503344191775e-01	1632
8.060043751642024e-02	1.472628376434207e-01	1633
6.932450685028976e-02	1.405135407324730e-01	1634
5.885782779703320e-02	1.340766753916554e-01	1635
4.889919897657848e-02	1.276505074646295e-01	1636
3.806931195768106e-02	1.199186460748138e-01	1637
4.423795961432027e-01	2.286315496248606e-01	1638
4.082532623682739e-01	2.265135322603813e-01	1639
3.767639345101882e-01	2.238434370847169e-01	1640
9.752119855989373e-01	8.003922173039030e-02	1641
9.643265594712067e-01	9.077778779971078e-02	1642
5.742303315829130e-01	-2.168933492955318e-01	1643
6.080551004165954e-01	-2.127665269172550e-01	1644
6.410403370106121e-01	-2.076833357597199e-01	1645
1.882833417712450e-01	-1.953233244971612e-01	1646
2.183691703779140e-01	-2.026792144895390e-01	1647
2.494474680474069e-01	-2.085092793456673e-01	1648
2.803505605230801e-01	-2.130977761000353e-01	1649
3.124706371545733e-01	-2.171436833295077e-01	1650
-3.480390912263449e-02	2.531221382067365e-02	1651
1.000332861090940e+00	-4.313478394442377e-03	1652
1.007703384251820e+00	3.375631029230537e-02	1653
-3.126101976540815e-02	-4.904774745837124e-02	1654
1.004104582607903e+00	1.406640798686004e-02	1655
1.002820836201271e+00	5.858705829533498e-02	1656
3.610488757873581e-01	2.555922769241288e-01	1657
8.520510844226016e-01	-1.773959984056256e-01	1658
-1.827201223542165e-02	-8.265610950249294e-02	1659
1.001294970607656e+00	1.707547692897278e-03	1660
9.678495975087709e-01	1.095092003786867e-01	1661
1.000453145617159e+00	4.316370924836201e-03	1662
-2.422672384086634e-02	3.948964899357883e-03	1663
1.002741266890096e+00	-1.007721833161841e-02	1664
1.000842682930895e+00	-3.974215762205568e-03	1665
8.288977761879730e-01	-1.879841875339526e-01	1666
-2.964841182872074e-02	1.393838284992477e-02	1667
1.000984644857572e+00	-2.634454955489703e-03	1668
1.001958197994031e+00	6.202188763716789e-03	1669
-2.882006450070396e-02	-5.652604545950875e-02	1670
8.046567062308532e-01	-1.977884304084620e-01	1671
4.474086631018144e-01	-2.572341392892974e-01	1672
9.856773361412852e-01	-8.195026025991217e-02	1673
1.382985798906774e-01	-2.058664554397260e-01	1674
4.178254165152488e-01	-2.570967616773712e-01	1675
9.991935327572925e-01	6.681410115879406e-02	1676
9.526621009660100e-01	1.241944389117196e-01	1677
5.540801227047538e-01	2.639937890240308e-01	1678
2.419973280483074e-01	2.337421635717209e-01	1679
9.453729621020939e-01	-1.217720775042806e-01	1680
-2.442449997693560e-02	6.409135220975576e-02	1681
2.106964819174684e-01	2.255071174921969e-01	1682
5.839437341432545e-01	2.621986292263319e-01	1683
1.000955456062862e+00	3.959959324364769e-03	1684
1.003084480653347e+00	1.004046221236829e-02	1685
1.001764176774112e+00	-6.231027221724359e-03	1686
1.003592122863679e+00	-1.410420110064104e-02	1687
1.003932486013308e+00	-2.317388120147130e-02	1688
1.001057228705485e+00	2.609758896732207e-03	1689
1.002710839582333e+00	1.188902151147503e-02	1690
1.001224994503337e+00	1.195660296232630e-03	1691
1.003067714011454e+00	-7.707600453597263e-03	1692
1.001247186176614e+00	-1.742382376844207e-03	1693
-2.253885223431268e-02	-7.382858696995849e-02	1694
1.001488715172444e+00	5.285538718001235e-04	1695
1.001473453182320e+00	-5.711806866472383e-04	1696
1.001880339416020e+00	-2.715221105579401e-05	1697
1.001191863808849e+00	-1.229813439218207e-03	1698
9.346656779234924e-01	1.391018883413181e-01	1699
3.330212058090906e-01	2.517854579254955e-01	1700
-2.739416313630559e-02	5.580747775458657e-02	1701
-3.001249076068398e-02	4.851980911902703e-02	1702
5.287349685605437e-01	-2.551932327198870e-01	1703
1.006041676255145e+00	2.634030417308355e-02	1704
1.004845780143840e+00	2.320056525829396e-02	1705
1.002297518286065e+00	-1.189505919310696e-02	1706
1.003322724323341e+00	7.643293348031994e-03	1707
-2.605548714712026e-02	-6.504162306117693e-02	1708
1.000267115886106e+00	-5.805472887734495e-02	1709
1.003524590547842e+00	-4.998130914220018e-02	1710
-1.302901127050303e-02	-9.205944866153017e-02	1711
-4.201938575486332e-03	-1.048873033521589e-01	1712
1.893999790252454e-02	-1.315742291782143e-01	1713
3.037709112387274e-01	2.467513275193509e-01	1714
2.728761291534160e-01	2.404724263058253e-01	1715
6.957217383010206e-01	-2.305771610676790e-01	1716
1.004794143040536e+00	-4.224830758184033e-02	1717
3.305620597739475e-02	-1.437583392911566e-01	1718
4.861947240924944e-02	-1.563860289766313e-01	1719
6.234375410396682e-02	-1.668559401134859e-01	1720
-2.999498915741632e-02	-1.392469513490607e-02	1721
1.006299497253518e+00	-3.374469559413562e-02	1722
1.004981206553379e+00	-2.633436964264937e-02	1723
7.269706590918097e-01	-2.226784059926251e-01	1724
7.553968501998330e-01	-2.145429593054054e-01	1725
7.807895483229269e-01	-2.063829981639243e-01	1726
-2.479163099572589e-02	-4.695070032506210e-03	1727
-3.545760896226127e-02	-2.536755067612517e-02	1728
-3.467215884778734e-02	-3.334248657878888e-02	1729
-3.324416035509742e-02	-4.130489945932803e-02	1730
9.948002031552338e-01	7.506003970170989e-02	1731
-3.218421935350704e-02	4.095671225092076e-02	1732
-3.381173527984542e-02	3.315555409715461e-02	1733
9.285736954051573e-01	-1.339790214832211e-01	1734
9.591683459097452e-01	-1.103004998113136e-01	1735
9.704804219463248e-01	-9.946234943776371e-02	1736
9.792345868126962e-01	-8.988924759408891e-02	1737
9.914963841970283e-01	-7.393865847762381e-02	1738
9.962606444288754e-01	-6.600403318139458e-02	1739
7.841860471768360e-02	-1.772683868427105e-01	1740
9.616695693166437e-02	-1.866321447739990e-01	1741
1.149243662619145e-01	-1.954017615947123e-01	1742
7.454059648624254e-03	-1.194787618446842e-01	1743
3.588093720285514e-01	-2.540160119085783e-01	1744
3.891385633667179e-01	-2.560776453903549e-01	1745
1.006602491923506e+00	4.239384313778762e-02	1746
1.005699561384090e+00	5.027731883478793e-02	1747
5.232564849074275e-01	2.648376746173165e-01	1748
4.909452710532639e-01	2.646067609097519e-01	1749
9.150492895326778e-01	1.535327060684984e-01	1750
8.953444061378713e-01	1.666968798120375e-01	1751
8.753539264611033e-01	1.787418000554738e-01	1752
8.548925533411507e-01	1.895972096946762e-01	1753
8.324390150182421e-01	2.001379471980104e-01	1754
8.062898561605306e-01	2.110936198367181e-01	1755
7.769863987395919e-01	2.219443201428751e-01	1756
7.457937621030737e-01	2.319227959116955e-01	1757
7.133766068698898e-01	2.407000683067975e-01	1758
6.799347109541912e-01	2.481887264714937e-01	1759
6.463670472567302e-01	2.542844652398568e-01	1760
6.143401472654060e-01	2.589493581104175e-01	1761
1.317145544842235e-01	1.958773199773476e-01	1762
1.815630051779800e-01	2.162715998340802e-01	1763
1.546642392017125e-01	2.059822039898497e-01	1764
1.117607929698642e-01	1.867780942372812e-01	1765
9.987736031934662e-03	1.165494695456403e-01	1766
8.716596016137870e-01	-1.675654389505795e-01	1767
8.899388194152739e-01	-1.577817940350753e-01	1768
9.093495654828812e-01	-1.464465539031625e-01	1769
4.751141263505786e-01	-2.569468250211077e-01	1770
5.003284421751585e-01	-2.564555549002816e-01	1771
1.092960574362757e-03	1.064078270159056e-01	1772
-4.671079677621219e-03	9.864570951293310e-02	1773
-1.079431727532155e-02	9.019670055486227e-02	1774
-1.623909372745809e-02	8.114438600909489e-02	1775
-2.070228080621965e-02	7.261182797270062e-02	1776
9.319759620172770e-02	1.786672172040906e-01	1777
7.722305883268198e-02	1.698911536177833e-01	1778
5.950233059268515e-02	1.566673050170159e-01	1779
4.409838882043129e-02	1.455342924742291e-01	1780
3.304549799601449e-02	1.378134666866776e-01	1781
2.154974218410501e-02	1.280552045744264e-01	1782
4.587583685358911e-01	2.634512041040320e-01	1783
4.250606918913171e-01	2.615316114648625e-01	1784
3.913291219737348e-01	2.587912590471328e-01	1785
9.885251222111168e-01	8.454739440806414e-02	1786
9.798102726772633e-01	9.596290653686229e-02	1787
5.608817469683258e-01	-2.527522603214139e-01	1788
5.952172887533433e-01	-2.490317407278088e-01	1789
6.296456789674680e-01	-2.438886589351996e-01	1790
6.630794223129847e-01	-2.377118778653738e-01	1791
1.658924463530348e-01	-2.165407302340761e-01	1792
1.961582874446336e-01	-2.263060120856267e-01	1793
2.280193939688132e-01	-2.345236643917969e-01	1794
2.600393990258995e-01	-2.407923881320886e-01	1795
2.921372738149374e-01	-2.461655043719328e-01	1796
3.257085105967316e-01	-2.507140978363618e-01	1797
1.003598617633358e+00	-8.964349807887413e-03	1798
1.007989723701204e+00	-3.059638783139577e-02	1799
1.009746699544602e+00	6.664200477891850e-02	1800
-3.565114656987846e-02	1.788486696384533e-02	1801
-3.003245092193395e-02	6.952053904570090e-03	1802
1.006868173683204e+00	-6.635289466781842e-02	1803
6.871910095814007e-01	-2.702429883836571e-01	1804
8.529001505281533e-01	-2.100262017668328e-01	1805
3.434542086081642e-01	2.901305638157819e-01	1806
1.008509090967993e+00	3.899803273822924e-02	1807
1.002785403616255e+00	-6.785090274763384e-03	1808
1.000940085118201e+00	5.463856875905744e-03	1809
1.000779178818314e+00	-5.466295703838155e-03	1810
1.001559926384932e+00	-9.935620490696675e-04	1811
8.215532688473708e-04	-1.368913366124307e-01	1812
1.003903818908580e+00	8.888786255041657e-03	1813
1.001886379546013e+00	-3.757973452666939e-04	1814
9.567260227723441e-01	1.480779151397197e-01	1815
1.004806084011731e+00	1.208329463688945e-02	1816
1.008234099799846e+00	2.370822004010978e-02	1817
1.005558774943336e+00	2.005219902614884e-02	1818
1.001587147936263e+00	9.487157072988925e-04	1819
9.495396219469204e-01	-1.451753050190970e-01	1820
8.745855916796205e-01	-1.979963935840269e-01	1821
-3.610995288761722e-02	-1.783993452829405e-02	1822
-3.086139515565545e-02	-8.315966881860545e-02	1823
3.568268248587881e-03	1.340072528222606e-01	1824
1.870874545109049e-01	2.511530567766613e-01	1825
1.004781812265491e+00	-2.008966713850285e-02	1826
9.859191886428047e-01	1.137770009416309e-01	1827
8.285335797783721e-01	-2.221270587926094e-01	1828
1.151863163182634e-01	-2.250219562468061e-01	1829
1.006857770198538e+00	-3.896649493659992e-02	1830
-2.670648013135814e-02	-9.335625913324540e-02	1831
4.748840775101829e-01	-2.944459565957481e-01	1832
1.010393314296010e+00	5.660574087766859e-02	1833
5.727032197976467e-01	3.010971743058299e-01	1834
9.985462029837525e-01	-8.515748213412483e-02	1835
5.475818477862934e-01	-2.923213335718190e-01	1836
-3.245556138645905e-02	7.244211121934013e-02	1837
1.319145133014699e-01	2.268579248872371e-01	1838
1.412806015513147e-01	-2.377393107887876e-01	1839
4.322341191892209e-01	-2.950756727826135e-01	1840
3.738428264673002e-01	2.942988465018300e-01	1841
-3.898295728386907e-02	-5.563919284461665e-02	1842
-3.683391897216913e-02	-6.373520005168455e-02	1843
1.001424287611528e+00	2.217652157337875e-03	1844
-2.843346699573764e-02	-1.382098441923737e-04	1845
9.729909575959349e-01	1.305345962104736e-01	1846
2.186669146109495e-01	2.617810804403781e-01	1847
1.001361279174408e+00	-2.254451591224448e-03	1848
1.004370309965859e+00	-1.216571871816392e-02	1849
-3.428403988511605e-02	-7.331429998938585e-02	1850
1.001708135342359e+00	1.390950759750259e-03	1851
1.003005369150329e+00	6.725140391673805e-03	1852
1.001896325654164e+00	3.212459807036475e-04	1853
1.001667975237979e+00	-1.438388438754335e-03	1854
-3.523071287416735e-02	6.308860901820203e-02	1855
-3.756666940942194e-02	5.516749080345748e-02	1856
1.009251360557088e+00	3.050599383755656e-02	1857
1.007953152269377e+00	-5.645547359340795e-02	1858
9.428501516448305e-02	-2.141633591313860e-01	1859
3.135840977326288e-01	2.848421241885690e-01	1860
2.825357880798630e-01	2.781320962091225e-01	1861
2.511107763559184e-01	2.706293532341748e-01	1862
1.360551688792123e-02	-1.515265494888113e-01	1863
2.809230348524772e-02	-1.652132776826064e-01	1864
4.223501044081007e-02	-1.784433923178216e-01	1865
1.012519367545873e+00	-4.749345989489143e-02	1866
1.007281291911939e+00	-2.382008978749134e-02	1867
7.200910884200424e-01	-2.615909003857197e-01	1868
7.507460719562979e-01	-2.523147356700672e-01	1869
7.784182433498644e-01	-2.428205592404285e-01	1870
8.037795951091838e-01	-2.329779484454509e-01	1871
-3.040741700963506e-02	-7.307020149347448e-03	1872
-4.072089664065065e-02	-4.728893408889680e-02	1873
-4.258415996119568e-02	-3.006119238379956e-02	1874
-4.194235583815957e-02	-3.870948309817215e-02	1875
1.006334411289689e+00	7.602000598723847e-02	1876
-3.950244042614241e-02	4.698556939654859e-02	1877
-4.093403914173962e-02	3.856206268171303e-02	1878
-4.179530491813193e-02	3.004880479395605e-02	1879
9.646362534920664e-01	-1.308925301974618e-01	1880
9.768337446904312e-01	-1.173959594495736e-01	1881
9.862976386519356e-01	-1.051179587598507e-01	1882
9.932162910558056e-01	-9.463123238565857e-02	1883
1.003051794476447e+00	-7.546413502352317e-02	1884
5.758090068353676e-02	-1.911508788138382e-01	1885
7.550604962504973e-02	-2.034588624448226e-01	1886
-1.999603600183853e-02	-1.060570271773005e-01	1887
-1.075588019360299e-02	-1.216906814834644e-01	1888
3.711893258292471e-01	-2.919047210122050e-01	1889
4.019200833723391e-01	-2.940581093821126e-01	1890
1.014530506375122e+00	4.734774627381032e-02	1891
5.412569837571695e-01	3.024783823972801e-01	1892
5.085176823810048e-01	3.028804854670447e-01	1893
9.382249113068141e-01	1.652418923057769e-01	1894
9.188071172587114e-01	1.812126966613656e-01	1895
8.988969374907725e-01	1.958821234098620e-01	1896
8.781631304487582e-01	2.093859967537801e-01	1897
8.561195014985790e-01	2.219345992317090e-01	1898
8.312990275182076e-01	2.344122828011882e-01	1899
8.029868697117034e-01	2.469972421977018e-01	1900
7.719651542704733e-01	2.590356835781965e-01	1901
7.392522609695454e-01	2.698891409439860e-01	1902
7.053194679578620e-01	2.793272667214412e-01	1903
6.707831591563070e-01	2.872270107157913e-01	1904
6.369782116342786e-01	2.935006334153790e-01	1905
6.044982042909213e-01	2.981596605090820e-01	1906
1.577034815359972e-01	2.392144885735085e-01	1907
1.105716761835355e-01	2.156060890167108e-01	1908
9.190030604169479e-02	2.062556918118922e-01	1909
9.316998932314842e-01	-1.598844160440636e-01	1910
8.935181115614684e-01	-1.865137804903680e-01	1911
9.124128311488280e-01	-1.740308954608987e-01	1912
5.160812247683396e-01	-2.942392086924894e-01	1913
-6.422120720876419e-03	1.215305742808149e-01	1914
-1.335667372633046e-02	1.108279766473084e-01	1915
-1.875525633927479e-02	1.020826218735393e-01	1916
-2.443174325425647e-02	9.193509800834100e-02	1917
-2.880966449089056e-02	8.202811649171055e-02	1918
7.323157098559092e-02	1.955860488119984e-01	1919
3.929419917645566e-02	1.677655575706316e-01	1920
2.702129088040968e-02	1.575514393833833e-01	1921
5.465007854110496e-02	1.813549565996808e-01	1922
1.497699215718021e-02	1.468428691043485e-01	1923
4.752390141927784e-01	3.021204773696001e-01	1924
4.416017252375079e-01	3.004118264516551e-01	1925
4.069578527311114e-01	2.977632731876919e-01	1926
1.001870561126336e+00	8.671914314860105e-02	1927
9.953628721990667e-01	9.904952114477195e-02	1928
5.820756787358574e-01	-2.892182055927113e-01	1929
6.179557626640910e-01	-2.842520885396967e-01	1930
6.530963185277354e-01	-2.778385205498734e-01	1931
1.711952389579760e-01	-2.501832499399868e-01	1932
2.036050798698529e-01	-2.612604967199845e-01	1933
2.371481972394862e-01	-2.703174337483698e-01	1934
2.700231931824186e-01	-2.771650439359675e-01	1935
3.038008009085281e-01	-2.833683107502330e-01	1936
3.383252851341860e-01	-2.883778475215815e-01	1937
1.432541264549071e-01	-2.737504423276150e-01	1938
1.001645331019183e+00	2.790983471899974e-03	1939
1.004450769060351e+00	-7.864164337808109e-03	1940
1.003976828155233e+00	-6.925601551981918e-03	1941
1.002066523589892e+00	-1.105998812642452e-03	1942
1.006160520119710e+00	1.368265335809801e-02	1943
9.376874376461124e-01	-1.883029434496238e-01	1944
1.001564270255520e+00	-2.831784502057671e-03	1945
1.015983158805105e+00	7.427809082539720e-02	1946
1.144222056771500e-01	-2.585630921143408e-01	1947
1.009070461054713e+00	2.028438418897861e-02	1948
1.007662538938168e+00	1.820721125975545e-02	1949
1.005651384019207e+00	-1.380343019399243e-02	1950
1.001767110399900e+00	-1.938887407722903e-03	1951
1.002727815922857e+00	-5.673327653422997e-03	1952
1.004274183236318e+00	-1.037062909849237e-02	1953
1.004637380608510e+00	1.027902227952601e-02	1954
-4.949824392145001e-02	-5.340598131191746e-02	1955
1.001961152657123e+00	6.395940632621231e-04	1956
1.600947410847739e-01	2.767179021783435e-01	1957
-7.296482316344622e-03	-1.564679343641857e-01	1958
9.186777181247990e-01	-2.041072296721975e-01	1959
8.792831276260343e-01	-2.321484140693223e-01	1960
-4.813122223865028e-02	5.317675056588254e-02	1961
5.603321635778320e-01	3.442742952663150e-01	1962
3.228546268362385e-01	3.272992911631072e-01	1963
9.719947887266759e-01	-1.537944370670484e-01	1964
7.138617204708355e-01	-3.052139617101614e-01	1965
4.153971699359500e-01	-3.365221763869754e-01	1966
-1.541923512661181e-02	1.385287181857003e-01	1967
4.825217746627235e-02	2.086230040214309e-01	1968
9.098190680393609e-02	-2.451238675817416e-01	1969
1.017129075437881e+00	6.209080245118097e-02	1970
1.018190372246763e+00	5.459389949436549e-02	1971
-3.609938730976844e-02	1.059758145671628e-02	1972
-1.926232974913963e-02	-1.398122542398505e-01	1973
6.790556159119028e-01	-3.146111505739674e-01	1974
8.557377775507580e-01	-2.464735855097606e-01	1975
3.545615110105808e-01	3.329996528665646e-01	1976
1.001945818802915e+00	5.147327675932973e-03	1977
1.001787839459877e+00	-5.183593237048383e-03	1978
1.001941977024543e+00	-6.956948735756277e-04	1979
1.004718786524948e+00	7.751628944553769e-03	1980
1.004208084146633e+00	6.824882641916248e-03	1981
1.001464328255418e+00	-3.515106581089044e-03	1982
1.009627050355410e+00	2.710897679813410e-02	1983
1.001566074121445e+00	3.480043260662884e-03	1984
8.997705222795417e-01	-2.182541132493216e-01	1985
9.559472643316529e-01	-1.711366381666015e-01	1986
-4.303235883141362e-02	-2.181236590520426e-02	1987
1.921690991779628e-01	2.904897445319590e-01	1988
1.008516519447449e+00	-2.724825829745662e-02	1989
9.801015067992590e-01	1.538987835587621e-01	1990
1.010781936795421e+00	-3.498196065957732e-02	1991
-4.063533813253060e-02	-9.294283506734667e-02	1992
5.342871377821591e-01	-3.360801325718651e-01	1993
3.877819869056191e-01	3.375364791545290e-01	1994
1.312692485026898e-01	2.619258366940903e-01	1995
-4.400445322530817e-02	-8.208499991513267e-02	1996
1.002908045135761e+00	5.608938839950189e-03	1997
-3.437488007836035e-02	2.162386596126921e-03	1998
-3.450160134630550e-02	-2.294565585779291e-03	1999
9.938195468542812e-01	1.335748456104786e-01	2000
-4.807816666254704e-02	-6.231046569573756e-02	2001
-4.632323645656533e-02	-7.127902031568918e-02	2002
1.001822158144944e+00	1.889465879990631e-03	2003
1.002348727711766e+00	-3.402715648772522e-05	2004
1.002097740769442e+00	1.046509055700964e-03	2005
-4.455372473003558e-02	7.073816630542565e-02	2006
-4.650876843669983e-02	6.192980482939353e-02	2007
1.012248031890450e+00	3.480425280955957e-02	2008
2.910254798936292e-01	3.201077003952164e-01	2009
2.590254307986089e-01	3.117778137020868e-01	2010
2.259550129873898e-01	3.023892174565955e-01	2011
6.141020876318733e-03	-1.734410681565450e-01	2012
1.964020451268858e-02	-1.879191796009290e-01	2013
1.014462636544690e+00	-6.219709907437445e-02	2014
1.015859298461763e+00	-5.481673807349504e-02	2015
1.006954202517079e+00	-1.834728693408837e-02	2016
1.008266509459815e+00	-2.046394770700695e-02	2017
7.467682589228551e-01	-2.947919860069463e-01	2018
7.769329921917493e-01	-2.838158108800028e-01	2019
8.044154788384827e-01	-2.724066520689271e-01	2020
8.303694946590296e-01	-2.601399195087363e-01	2021
-3.642534956966098e-02	-1.070136998143808e-02	2022
-5.077420360807955e-02	-3.497296925778184e-02	2023
-5.039830595971850e-02	-4.423458673822478e-02	2024
-4.924698175053342e-02	4.414973933310586e-02	2025
-4.245832909333136e-02	2.190684120911989e-02	2026
-4.984881985830713e-02	3.501895021204580e-02	2027
9.850325618678745e-01	-1.370629087108528e-01	2028
9.949940511864502e-01	-1.216034588820790e-01	2029
1.002124798184111e+00	-1.080320498338245e-01	2030
1.007250543858999e+00	-9.628479735704593e-02	2031
1.009369488955488e+00	-8.429334110973888e-02	2032
1.012791184885632e+00	-7.418410810430200e-02	2033
3.430217556139466e-02	-2.030800355980988e-01	2034
5.155562731105608e-02	-2.184290887971446e-01	2035
7.084378934118422e-02	-2.326448445148411e-01	2036
-3.619374401123337e-02	-1.062801304716456e-01	2037
-2.860410127967581e-02	-1.213998926269640e-01	2038
3.833617669306741e-01	-3.342891781442837e-01	2039
5.269875082039360e-01	3.452483724375719e-01	2040
9.633525378613241e-01	1.743218456480358e-01	2041
9.448658458447510e-01	1.936692156566289e-01	2042
9.254075384892558e-01	2.115365173990568e-01	2043
9.048368626438807e-01	2.281455344084588e-01	2044
8.828271297248403e-01	2.436204214081685e-01	2045
8.587565942093920e-01	2.583444655747468e-01	2046
8.315304127406459e-01	2.729742043673232e-01	2047
8.010497577831849e-01	2.873143952489893e-01	2048
7.681359413836640e-01	3.006673025607692e-01	2049
7.336125356550335e-01	3.125224942554583e-01	2050
6.980969992194900e-01	3.226684543669939e-01	2051
6.626485375737017e-01	3.309659161998312e-01	2052
6.280610360453845e-01	3.374225670069406e-01	2053
5.939028164860537e-01	3.419822581451283e-01	2054
1.073388620070450e-01	2.477583082912555e-01	2055
8.810800317253142e-02	2.367869513641244e-01	2056
4.538462124376353e-01	-3.371716827796467e-01	2057
4.955056070142161e-01	-3.370919541217728e-01	2058
-2.364696745783871e-02	1.247865912164039e-01	2059
-2.882826540684522e-02	1.140727863584717e-01	2060
-3.420355701997339e-02	1.037595427767529e-01	2061
-3.838478183614869e-02	9.193567637787710e-02	2062
-4.199006550247326e-02	8.132433382244614e-02	2063
6.870408712438172e-02	2.247256976554031e-01	2064
1.878319023212802e-02	1.794432796650287e-01	2065
3.128903996178254e-02	1.919510763551615e-01	2066
-5.172228923962328e-03	1.527919267578271e-01	2067
6.863871956851165e-03	1.675322974735028e-01	2068
4.926378337811910e-01	3.450065056503960e-01	2069
4.580741094539270e-01	3.435966334686658e-01	2070
4.229160077813100e-01	3.411058288861503e-01	2071
1.012798141913323e+00	8.506545269332517e-02	2072
1.010449613466426e+00	9.927927049246399e-02	2073
1.003730661218927e+00	1.150320294144805e-01	2074
5.685249867390555e-01	-3.335072345297461e-01	2075
6.057320894256234e-01	-3.291411175488466e-01	2076
6.429785984448332e-01	-3.226539398902448e-01	2077
1.757367928901156e-01	-2.881319810002355e-01	2078
2.104232798934264e-01	-3.005932421317476e-01	2079
2.454536767632658e-01	-3.103788078032688e-01	2080
2.795137566392839e-01	-3.181129059878671e-01	2081
3.149583075659996e-01	-3.251247422706973e-01	2082
3.500679711974315e-01	-3.305587451223191e-01	2083
1.012144136561755e+00	-4.022362077895551e-02	2084
1.010462588523676e+00	1.782368166200983e-02	2085
1.006143366611910e+00	-1.155132345180175e-02	2086
1.012283647915159e+00	-3.008899315622849e-02	2087
1.006686779969428e+00	-1.576440423251412e-02	2088
-5.973522049739983e-02	-5.953077784751242e-02	2089
5.643113293111010e-01	3.914097466679100e-01	2090
7.436421997560574e-01	-3.424722297147658e-01	2091
2.985537489437941e-01	3.668962898106334e-01	2092
1.013529413299374e+00	2.980491201868311e-02	2093
-5.894720772894317e-02	4.976732276928576e-02	2094
6.414384300078266e-02	-2.651393711604269e-01	2095
9.471164320369859e-01	-2.190243786243613e-01	2096
1.005261175671335e+00	-6.865958238377233e-03	2097
9.653167917014795e-01	-1.994308246209636e-01	2098
1.296358242183154e-01	3.015345293302186e-01	2099
1.019696012344954e+00	-4.867325381729735e-02	2100
7.082399772280313e-01	-3.540727843071936e-01	2101
-5.532723347690231e-02	-9.141889160246655e-02	2102
1.001969960079312e+00	2.473938195543532e-03	2103
1.002444495242259e+00	5.361140184439628e-04	2104
1.002250193645167e+00	1.561629653252366e-03	2105
1.021751712239506e+00	4.823028232493897e-02	2106
-3.870105319197307e-03	1.897567438742019e-01	2107
-2.975842473289429e-02	-1.596066974081986e-01	2108
-4.277433815232803e-02	1.412766931928604e-02	2109
6.710219517042094e-01	-3.642263113377171e-01	2110
4.334926411123320e-01	-3.838032314435573e-01	2111
1.018760116783597e+00	-9.216857464808514e-02	2112
1.019843264467128e+00	-8.220539620581861e-02	2113
1.440707411171450e-01	-3.143564399592362e-01	2114
3.958373216339113e-01	-3.816703036117565e-01	2115
-1.734827367879437e-02	-1.778131503666226e-01	2116
1.024577462419263e+00	6.896667895521741e-02	2117
1.024696071633275e+00	5.936506471003147e-02	2118
1.003884162461150e+00	1.554425287700349e-01	2119
3.665715420822591e-01	3.809081222147672e-01	2120
9.953304874593123e-01	-1.585554570258317e-01	2121
-3.518394165317535e-02	1.406901309329605e-01	2122
2.134381690776500e-02	2.188199921362912e-01	2123
4.024266531865516e-01	3.857158723650898e-01	2124
1.122868346677837e-01	-2.964138055219626e-01	2125
8.603379529175481e-02	-2.799636079374557e-01	2126
1.002792408398805e+00	4.616152267602313e-03	2127
1.002427631187505e+00	-6.066067487459921e-04	2128
1.007283449993854e+00	1.561629324003804e-02	2129
8.862570703443301e-01	-2.702506091182492e-01	2130
1.002203388609376e+00	-1.624567428895024e-03	2131
1.001896920436560e+00	-2.525717987409644e-03	2132
1.011693385266680e+00	2.345265530034871e-02	2133
1.003753381989190e+00	-6.177092524006834e-03	2134
1.005123108025565e+00	-9.149665341557964e-03	2135
1.006562746447815e+00	1.139736947747780e-02	2136
1.005496163924659e+00	6.720002891454318e-03	2137
1.616562638818729e-01	3.189647895738741e-01	2138
-5.823607650095917e-02	5.940589991305081e-02	2139
3.321656125724820e-01	3.747088963008920e-01	2140
9.817355628378527e-01	-1.789265290487435e-01	2141
3.612763468536432e-01	-3.777452989602632e-01	2142
-2.666323910585104e-02	1.570128413234590e-01	2143
-5.028088092865377e-02	2.595585396514801e-02	2144
-4.315710218571554e-02	-1.404436376970978e-02	2145
1.003956752124207e+00	6.080583576630297e-03	2146
1.001562554618928e+00	-4.299226947296208e-03	2147
1.005442811491324e+00	9.019565083150636e-03	2148
1.002646635270374e+00	-4.682954065892746e-03	2149
1.002140301114913e+00	-3.264780419392515e-03	2150
1.013843240284599e+00	4.002506995936245e-02	2151
1.001689662214221e+00	4.265130765255505e-03	2152
9.086151382613079e-01	-2.534417293607681e-01	2153
9.283488596891611e-01	-2.368043786612756e-01	2154
-6.022823782472942e-02	-4.976417779179663e-02	2155
-5.097190457154781e-02	-2.579556935518435e-02	2156
1.010738360641739e+00	-2.371204278400737e-02	2157
1.002237185295861e+00	3.208024817990826e-03	2158
-3.968062633525575e-02	6.086693798758970e-05	2159
-5.858907305040539e-02	-6.893636268440517e-02	2160
-5.742913566506211e-02	-7.919166320913582e-02	2161
-5.688718779184530e-02	6.867933850493997e-02	2162
1.965228419850476e-01	3.346597188845358e-01	2163
2.654154110345945e-01	3.576082590832141e-01	2164
2.320337600216009e-01	3.476262321841329e-01	2165
-4.632093310891037e-03	-1.965676132601718e-01	2166
1.009756569923854e+00	-1.807822579745702e-02	2167
7.765121216575369e-01	-3.298845722224676e-01	2168
8.065713963981763e-01	-3.166199344241471e-01	2169
8.344332856426296e-01	-3.025001152643406e-01	2170
8.611083452581801e-01	-2.869698830055535e-01	2171
-4.130373877270823e-02	-5.138866419491010e-03	2172
-6.021502086909812e-02	-3.994156986704780e-02	2173
-5.916010201556606e-02	4.006368085382958e-02	2174
1.005648303657427e+00	-1.394223724039597e-01	2175
1.012709153026604e+00	-1.222643992482639e-01	2176
1.015660471673630e+00	-1.069543688676018e-01	2177
1.022153530678954e+00	-5.983158900931804e-02	2178
1.021629792241862e+00	-6.932019715220986e-02	2179
8.615581558329109e-03	-2.127548479131175e-01	2180
2.472009230312552e-02	-2.306328193677264e-01	2181
4.357841645863732e-02	-2.487401749400169e-01	2182
-5.214372698854786e-02	-1.039977915869621e-01	2183
-4.704357691109450e-02	-1.209520446994323e-01	2184
-3.953272486725755e-02	-1.382011304461204e-01	2185
9.898637484997304e-01	1.793480705154503e-01	2186
9.732083173208579e-01	2.026363714154842e-01	2187
9.548345980246993e-01	2.244252626897322e-01	2188
9.349740243648333e-01	2.447525538466641e-01	2189
9.133132905311047e-01	2.638558437330287e-01	2190
8.895966605628582e-01	2.818746466621663e-01	2191
8.632249339722415e-01	2.992187543340915e-01	2192
8.335203022023455e-01	3.162531671206678e-01	2193
8.007061254033228e-01	3.325441406627926e-01	2194
7.656030502523695e-01	3.473906321064356e-01	2195
7.290384362271294e-01	3.603587937474677e-01	2196
6.919560233299603e-01	3.712332338014795e-01	2197
6.552773369183045e-01	3.799653147360298e-01	2198
6.188582933572210e-01	3.866314640403276e-01	2199
4.056358541398308e-02	2.391564530050959e-01	2200
1.023370562909160e-01	2.839577250076358e-01	2201
8.156281877435401e-02	2.705250454028019e-01	2202
4.744628035671831e-01	-3.845402666154991e-01	2203
5.159113101383254e-01	-3.842677225460587e-01	2204
-4.133099445893385e-02	1.265215165348714e-01	2205
-4.568389582253126e-02	1.160188489645004e-01	2206
-4.996019000598569e-02	1.024478334913693e-01	2207
-5.314557603453570e-02	9.080052993758052e-02	2208
-5.550818480935624e-02	7.878661195546742e-02	2209
6.192941723922104e-02	2.569820681517753e-01	2210
7.319130242840343e-03	2.030935538617023e-01	2211
-1.572072066361972e-02	1.732795312241321e-01	2212
5.112232724155985e-01	3.924083040087770e-01	2213
4.752235431542521e-01	3.915304106053613e-01	2214
4.389427628168906e-01	3.892635212875333e-01	2215
1.014163117744577e+00	1.327295246746806e-01	2216
1.023246366103163e+00	8.233926398077296e-02	2217
1.022213458100888e+00	9.394249246075785e-02	2218
1.018418382619745e+00	1.120848010011045e-01	2219
5.548061609839907e-01	-3.824009781015139e-01	2220
5.925280088865830e-01	-3.788536133908565e-01	2221
6.323189389337489e-01	-3.726393276215514e-01	2222
1.793559145325801e-01	-3.308510056995508e-01	2223
2.164057245402037e-01	-3.447154543146332e-01	2224
2.526615899327343e-01	-3.552662168489872e-01	2225
2.883660242663551e-01	-3.641069839949983e-01	2226
3.252770202124756e-01	-3.718991924985841e-01	2227
7.029954001269497e-01	-4.087814867312160e-01	2228
1.003203621362676e+00	3.640976581630805e-03	2229
-5.555428627521569e-02	1.407887339735790e-01	2230
-6.999196807387807e-02	6.567780617937237e-02	2231
-6.917157523451989e-02	7.532701985210100e-02	2232
1.011324045837716e+00	-2.070973633316344e-02	2233
-5.073507900329171e-02	-1.728653592537905e-02	2234
7.773401194426350e-01	-3.815988412968375e-01	2235
9.446856823684586e-03	2.491958937186483e-01	2236
8.961118041707999e-01	-3.124862534489903e-01	2237
1.085249404379257e-01	-3.390369763932046e-01	2238
1.010147523578532e+00	1.487691991499984e-02	2239
1.017334831423432e+00	-4.309873697174596e-02	2240
1.013632688806162e+00	2.697491137663400e-02	2241
1.008182525298139e+00	1.286440266625712e-02	2242
1.621594190937842e-01	3.664337089352845e-01	2243
1.003779855261181e+00	4.996893736571535e-03	2244
1.017207954577845e+00	3.472414046893038e-02	2245
-4.929887852047782e-02	-8.099348375606302e-03	2246
1.002914573502764e+00	1.642823583546444e-04	2247
1.002908316889628e+00	-2.493401583980255e-04	2248
1.015737242977500e+00	-3.510790575262816e-02	2249
2.702682318317336e-01	4.087582142780255e-01	2250
-6.824794752116684e-02	-1.012351044294708e-01	2251
-5.025921686101582e-02	1.749767184855359e-02	2252
-4.079397951921043e-02	6.718521606587623e-03	2253
1.029568252927100e+00	-8.832479137550302e-02	2254
1.029762160443382e+00	-7.702551775214829e-02	2255
4.113671142409061e-01	-4.345716724232001e-01	2256
7.916020519511102e-02	-3.191471864538865e-01	2257
-5.999405632672111e-02	-2.977677820349554e-02	2258
3.793915534097203e-01	4.343705917232169e-01	2259
9.577837744373140e-02	3.248506199963332e-01	2260
-4.006695501786656e-02	1.774578694716900e-01	2261
-7.020893086089870e-02	5.527667685270908e-02	2262
-2.928593971688440e-02	1.952199894436841e-01	2263
4.175753242481703e-01	4.392220702069685e-01	2264
3.055196254674156e-01	4.191137753645038e-01	2265
1.025714418935175e+00	5.467195768771938e-02	2266
7.414060087013620e-01	-3.959362876150798e-01	2267
9.944452071305978e-01	-2.059700117743730e-01	2268
5.508203167224428e-02	-3.012965058166555e-01	2269
1.012513457448579e+00	-2.728405401637981e-02	2270
1.007695361248550e+00	-1.306898943074345e-02	2271
6.478543160154105e-01	4.347561408546630e-01	2272
6.626141604707035e-01	-4.196898328709782e-01	2273
9.782329265544223e-01	-2.297316573948105e-01	2274
1.007925684900205e+00	-1.817222699503778e-01	2275
1.267771410829119e-01	3.461657557806374e-01	2276
1.002693318420241e+00	1.119367228355783e-03	2277
1.002407261185374e+00	2.104217566490720e-03	2278
1.023954350407533e+00	1.509602258285193e-01	2279
1.023374541427331e+00	-5.521447795842489e-02	2280
1.032614418942370e+00	6.429076541548849e-02	2281
1.435420484193595e-01	-3.600591560182673e-01	2282
3.724431007287973e-01	-4.303294879954686e-01	2283
1.029872228920993e+00	-6.502561805237121e-02	2284
-4.877231185532262e-02	1.578503567529932e-01	2285
-7.160209162175865e-02	-6.567178843470235e-02	2286
-7.097788889664707e-02	-7.542518466489442e-02	2287
1.002658576622466e+00	-1.196543637902189e-03	2288
1.002040708340110e+00	-4.032308548921748e-03	2289
1.003615321218067e+00	-5.093821355980097e-03	2290
1.002343614623131e+00	-2.170343172555593e-03	2291
1.012148165775283e+00	2.040686138175163e-02	2292
1.005897970229665e+00	-8.034501547088178e-03	2293
3.419362196812812e-01	4.277238424734273e-01	2294
1.006178880341572e+00	7.870940287544672e-03	2295
1.003087951550446e+00	-3.725895684459158e-03	2296
1.019150371893038e+00	4.271376054060040e-02	2297
9.203201102433318e-01	-2.923966801008276e-01	2298
9.414231454501645e-01	-2.724168500305055e-01	2299
9.604090566335135e-01	-2.519146460504966e-01	2300
-7.109134192827227e-02	-4.477581036294744e-02	2301
-7.159845999937269e-02	-5.515960386078294e-02	2302
-6.992555562813384e-02	4.499415262000780e-02	2303
1.009568347793983e+00	-1.514129358486068e-02	2304
1.002161786476457e+00	3.981715570707631e-03	2305
-7.028383930336092e-02	-8.756256798572917e-02	2306
1.996985857921212e-01	3.840117792893492e-01	2307
2.363264194416452e-01	3.978009734490681e-01	2308
-4.239665154946988e-02	-1.811800604632142e-01	2309
-3.096494488228479e-02	-2.003291075094205e-01	2310
8.103817705339723e-01	-3.661974470490268e-01	2311
8.407788034619671e-01	-3.497642791321347e-01	2312
8.693082838924295e-01	-3.318895181025004e-01	2313
-4.682713935794872e-02	-5.457780976512310e-04	2314
-5.918849386660099e-02	3.001417409369510e-02	2315
1.015565429051954e+00	-1.571470652223594e-01	2316
1.023288609040085e+00	-1.366782916661151e-01	2317
1.028587558375768e+00	-1.019725586818345e-01	2318
1.027391280434723e+00	-1.172042918791288e-01	2319
-1.862979680192871e-02	-2.211109969847213e-01	2320
3.313769198655428e-02	-2.822351240329114e-01	2321
-4.655648444697460e-03	-2.403876477370029e-01	2322
1.312145208422668e-02	-2.609951380444615e-01	2323
-6.529193489444808e-02	-1.169774607157301e-01	2324
-6.017248732303054e-02	-1.366689983654359e-01	2325
-5.274137363570375e-02	-1.568230283683299e-01	2326
1.016484394518549e+00	1.791142260540962e-01	2327
1.002893235267946e+00	2.064959334235803e-01	2328
9.866630021733361e-01	2.328521617493776e-01	2329
9.683058474384162e-01	2.576453615141245e-01	2330
9.476754613898075e-01	2.811250529259076e-01	2331
9.246073442292950e-01	3.033884789867665e-01	2332
8.988537680508356e-01	3.245539241739501e-01	2333
8.699746834302193e-01	3.449819589408241e-01	2334
8.375959715374278e-01	3.647508350209500e-01	2335
8.021375244653118e-01	3.832581330592652e-01	2336
7.645068808672035e-01	3.997977964893605e-01	2337
7.257237151150397e-01	4.139635835181732e-01	2338
6.867765422192017e-01	4.255910908820302e-01	2339
5.982516621893256e-01	4.416745012855784e-01	2340
3.049348456373474e-02	2.727967339036842e-01	2341
7.221197070576930e-02	3.079495561970593e-01	2342
4.526821064801024e-01	-4.366856659570622e-01	2343
4.952356023696053e-01	-4.373592773765243e-01	2344
-6.338921130827949e-02	1.139286707464729e-01	2345
-6.604936551266992e-02	1.003776034607970e-01	2346
-6.823223303275669e-02	8.731565932252221e-02	2347
5.201033974980972e-02	2.922883996807830e-01	2348
-6.674801886250928e-03	2.294514289723442e-01	2349
-1.815308020733764e-02	2.128243971697083e-01	2350
5.412364252739092e-01	4.449021433107036e-01	2351
4.747035719325710e-01	4.434890707807250e-01	2352
1.032963700390569e+00	7.659306689060473e-02	2353
1.033093119342193e+00	8.908394730836734e-02	2354
1.030154290033107e+00	1.252810781702074e-01	2355
1.031961668472043e+00	1.054984423651202e-01	2356
5.376625667695231e-01	-4.364364616501440e-01	2357
5.784513599209949e-01	-4.336639008298383e-01	2358
6.204122957174540e-01	-4.282583039992927e-01	2359
1.818814756226121e-01	-3.788367586072122e-01	2360
2.211129319812553e-01	-3.941181251845499e-01	2361
2.586417973515071e-01	-4.055714457342876e-01	2362
2.962923985844562e-01	-4.156591151904271e-01	2363
3.348371900369411e-01	-4.242266524466177e-01	2364
1.013136187856705e+00	1.687524522872743e-02	2365
1.023778274254254e+00	-4.367708230101164e-02	2366
1.021448681053269e+00	-3.813438781417712e-02	2367
-5.934813485404376e-02	-2.036009649238210e-02	2368
1.004676953581872e+00	-5.509521290552686e-03	2369
-8.232271168379038e-02	4.963339472512619e-02	2370
2.562157876188994e-01	4.597446154347717e-01	2371
8.160347114812692e-01	-4.217709213831705e-01	2372
3.853217315520973e-01	-4.893546891133440e-01	2373
-4.643018140889502e-02	2.181558989452120e-01	2374
-8.320397997212066e-02	6.058175844347978e-02	2375
3.929495957026445e-01	4.928143708635150e-01	2376
9.951571090963820e-01	-2.616595879185134e-01	2377
1.008155209604656e+00	-1.104911703952562e-02	2378
1.012835047265709e+00	-1.803099869798646e-02	2379
1.012083272102319e+00	-1.645414872031639e-02	2380
6.032749522079968e-02	3.498005735980727e-01	2381
-2.285627092521010e-02	2.589543377521019e-01	2382
1.003049155227180e+00	6.962253733816290e-04	2383
1.002879203103019e+00	1.708586521590784e-03	2384
1.039909381243936e+00	-1.300546780982203e-01	2385
1.006692631520505e+00	-9.412411051522497e-03	2386
1.006697388813257e+00	-6.840840317322709e-03	2387
1.007029158773758e+00	9.226264434884399e-03	2388
1.010637702766829e+00	1.243163630643459e-02	2389
1.002826055434342e+00	-1.790173932609323e-03	2390
1.003026584794295e+00	-7.849099700544953e-04	2391
-5.857765120320234e-02	-1.134017036433703e-02	2392
-5.508421209070824e-02	-1.995986868254589e-03	2393
1.224132484460685e-01	3.963392165263738e-01	2394
7.399108911897769e-01	-4.558846920978828e-01	2395
9.353788983840687e-01	-3.353073180247131e-01	2396
1.029204759073986e+00	4.806538489464237e-02	2397
-8.338483274538115e-02	-1.120437623306549e-01	2398
4.286809735876079e-01	-4.936474821655003e-01	2399
-7.817638474254691e-02	1.324595141023998e-01	2400
-8.342947719844676e-02	7.151556391536025e-02	2401
-8.338622862040740e-02	8.228437955347230e-02	2402
-4.901425000271555e-03	2.831437785378910e-01	2403
3.524632377384377e-01	4.862287732498432e-01	2404
1.038809961887567e+00	-7.112507397629073e-02	2405
1.414752974563941e-01	-4.114082047219619e-01	2406
9.093295110872665e-01	-3.591195443176949e-01	2407
1.028841838407726e-01	-3.869542909332124e-01	2408
7.008990026380696e-02	-3.631950343313611e-01	2409
4.332958074069024e-02	-3.415216900337733e-01	2410
6.976674092993316e-01	-4.700530602355650e-01	2411
7.794986612755399e-01	-4.396206165762516e-01	2412
1.976991758489876e-02	-3.191094950478807e-01	2413
1.612541113286174e-01	4.195834176981303e-01	2414
1.004282170458072e+00	3.984247568356076e-03	2415
1.004860522258666e+00	5.378200478168702e-03	2416
1.003498225000030e+00	-5.160503646150527e-05	2417
-8.501936170966255e-02	-9.660360894969304e-02	2418
-5.877536182525972e-02	2.067465816488764e-02	2419
1.042490783975781e+00	1.418958171587543e-01	2420
1.039901799224935e+00	-8.287016127370279e-02	2421
8.751541401825280e-02	3.710215700547094e-01	2422
-5.623719346365755e-02	1.991134517137439e-01	2423
-7.023909713824962e-02	-3.356881397456481e-02	2424
3.124987130255715e-01	4.773359047880937e-01	2425
1.044215978955766e+00	9.812203726627459e-02	2426
1.010745823927575e+00	-2.345791937432087e-01	2427
1.014349224532824e+00	-2.340903058263730e-02	2428
1.010155943009804e+00	-1.273131105986159e-02	2429
1.025271434219406e+00	-2.073038259703564e-01	2430
1.002793934953081e+00	2.773930782669878e-03	2431
1.027148725266257e+00	-4.881653973084071e-02	2432
-6.517376187431563e-02	1.766165333977189e-01	2433
-7.192617340856770e-02	1.569160750544697e-01	2434
-8.467736595163759e-02	-6.032676798697510e-02	2435
1.002708017815612e+00	-2.849531123383243e-03	2436
1.004149792030006e+00	-4.102548762226640e-03	2437
1.015297381519768e+00	2.299800384244557e-02	2438
1.008562264240965e+00	1.081669667231855e-02	2439
1.006936735042826e+00	6.643852427888387e-03	2440
1.025612928220621e+00	4.302923824739446e-02	2441
1.023040134749868e+00	3.754342204821039e-02	2442
9.580594628876065e-01	-3.112315264352841e-01	2443
9.776645882971227e-01	-2.870245008877841e-01	2444
-8.357164706267345e-02	-4.929692810141138e-02	2445
-8.511834499982705e-02	-7.135064860371612e-02	2446
-8.527678918879480e-02	-8.220755787478520e-02	2447
2.012435421991254e-01	4.389037366405779e-01	2448
-3.557225031761421e-02	-2.476661881658062e-01	2449
8.495469404368710e-01	-4.025417704106650e-01	2450
8.805487982093317e-01	-3.817213762903914e-01	2451
-4.931644894956837e-02	8.038385736834939e-03	2452
-6.932890168694071e-02	3.389415066110318e-02	2453
1.040556243985498e+00	-9.600298038524682e-02	2454
1.030383224374948e+00	-1.753242019794074e-01	2455
1.035256164337589e+00	-1.529157949989216e-01	2456
1.040996269310501e+00	-1.106531083003470e-01	2457
-5.849417439509015e-02	-2.034229573619245e-01	2458
-4.814150119643548e-02	-2.241814922384272e-01	2459
-2.038013896021260e-02	-2.713838103756385e-01	2460
-1.726616251401940e-03	-2.944502638116063e-01	2461
-8.070449809076673e-02	-1.312543485772359e-01	2462
-7.529406729289241e-02	-1.534214625703608e-01	2463
-6.836178453533109e-02	-1.774732136589667e-01	2464
1.038500637567811e+00	1.698795715306840e-01	2465
1.029157977893430e+00	2.025609248558903e-01	2466
1.019517978306105e+00	2.350142123674592e-01	2467
1.003918356693127e+00	2.649058041391076e-01	2468
9.853999852439109e-01	2.934980835153279e-01	2469
9.638318955444206e-01	3.209037536501039e-01	2470
9.390759639159375e-01	3.470798810369937e-01	2471
9.110639780166458e-01	3.720609732097470e-01	2472
8.794205156217869e-01	3.961188599487244e-01	2473
8.440273475844486e-01	4.190471904196515e-01	2474
8.055227057967365e-01	4.400972132935859e-01	2475
7.650183098712804e-01	4.585384687265049e-01	2476
7.236135736532362e-01	4.739973115199937e-01	2477
6.815955208003753e-01	4.854541368773659e-01	2478
6.328979894919973e-01	4.963538795963767e-01	2479
4.726740672712488e-01	-4.957336671262271e-01	2480
-8.132737554865918e-02	1.101791494576879e-01	2481
-8.290540202261032e-02	9.625680286022417e-02	2482
3.892514413093411e-02	3.301472177867129e-01	2483
1.702157400062255e-02	3.092977540677487e-01	2484
-3.597167667862613e-02	2.372524443909113e-01	2485
5.751826306783310e-01	5.021451055375880e-01	2486
5.092885546167782e-01	5.030950759483430e-01	2487
4.442052001158989e-01	4.996914805814202e-01	2488
1.041764392139322e+00	7.021070283112991e-02	2489
1.043311064768282e+00	8.275567107260806e-02	2490
1.044605223740336e+00	1.166432890474139e-01	2491
5.174318051541260e-01	-4.959644425990651e-01	2492
6.529824674504772e-01	-4.816419540009899e-01	2493
5.618152333495416e-01	-4.941335040692627e-01	2494
6.067793336262951e-01	-4.898544277206943e-01	2495
1.828893374950655e-01	-4.325950616508984e-01	2496
2.242015651220043e-01	-4.493308139006725e-01	2497
2.632158450963902e-01	-4.619174711288671e-01	2498
3.032438503576952e-01	-4.733584081784763e-01	2499
3.442874352976138e-01	-4.823250101109902e-01	2500
1.015516793751370e+00	1.939063728945325e-02	2501
5.419503491796004e-01	-5.602428152283679e-01	2502
1.010758958533023e+00	1.013328819162855e-02	2503
5.853853831664513e-02	-4.126877581496419e-01	2504
1.033640020275473e+00	5.467892882425416e-02	2505
-9.879148008937173e-02	1.237728235959989e-01	2506
-9.628274011024454e-02	1.497907009310271e-01	2507
4.120523593425386e-01	5.606295020221692e-01	2508
2.858027667498629e-02	-3.863041530010960e-01	2509
1.039172178422292e+00	-6.106281787895890e-02	2510
8.609052083228297e-01	-4.614293001688946e-01	2511
-1.009688080312469e-01	-1.240768367381928e-01	2512
-9.783063390335280e-02	-5.335242661479687e-02	2513
1.161540377850099e-01	4.525912389676198e-01	2514
1.041792052168378e+00	6.002669019776185e-02	2515
1.014630668673815e+00	-2.080379773900172e-02	2516
1.008968879871093e+00	8.891018448042772e-03	2517
1.007785223680099e+00	7.889994458005182e-03	2518
1.007495458270856e+00	-8.110990358001382e-03	2519
-9.801861947945195e-02	6.557884655753343e-02	2520
4.590176635447642e-02	3.969092078082250e-01	2521
1.031343423651407e+00	-2.645559162976223e-01	2522
-6.903494715634005e-02	-2.322980558446898e-02	2523
9.543115619841260e-01	-3.823350355668276e-01	2524
3.040612755529215e-03	-3.596253637915537e-01	2525
-8.184354885458013e-02	-3.696868378604331e-02	2526
1.583838175406974e-01	4.789126914255386e-01	2527
-7.599180344398904e-02	2.211203635222534e-01	2528
1.055110370925894e+00	-1.212268588276839e-01	2529
4.707638879681522e-01	-5.603569461624299e-01	2530
4.002157154424842e-01	-5.551036720285842e-01	2531
7.387440773021980e-01	-5.231511555073883e-01	2532
9.511762882353504e-02	-4.407527387338302e-01	2533
1.027697553976324e+00	-3.878242846218936e-02	2534
1.030598225917754e+00	-4.290370178308558e-02	2535
1.022138623046120e+00	3.190695306838714e-02	2536
1.017785423924461e+00	2.639045851663372e-02	2537
-6.844154525237323e-02	-1.504160745814423e-02	2538
-1.016415450978706e-01	-1.060177994913984e-01	2539
-8.086883508204076e-02	3.739367515464274e-02	2540
3.427247666301487e-01	5.447780530149452e-01	2541
8.236620160343616e-01	-4.840639541093910e-01	2542
1.016130192463611e+00	-2.949427993503702e-01	2543
1.005982675319853e+00	-5.701032767848865e-03	2544
1.008635437331036e+00	-9.149894081502125e-03	2545
2.071226741244200e-02	3.718190637350825e-01	2546
-4.181442294475131e-02	2.917184799178239e-01	2547
1.003820263157448e+00	2.974928906845969e-03	2548
1.003343204422589e+00	1.262295580262444e-03	2549
1.012034313757926e+00	-1.446392603523533e-02	2550
1.012593005304534e+00	1.410028247468144e-02	2551
1.005323048614646e+00	-4.465460379737933e-03	2552
1.003302640847857e+00	-1.359180500808079e-03	2553
6.913708699002284e-01	-5.387093507758212e-01	2554
1.031300858831207e+00	-5.555331215578260e-02	2555
-9.968560255381201e-02	8.964322797705516e-02	2556
1.059007728502647e+00	1.305789666865952e-01	2557
1.049458546715285e+00	-7.608099735483610e-02	2558
7.829124649421234e-01	-5.047362920911401e-01	2559
1.006177798743451e+00	5.525388080021346e-03	2560
1.005471886900300e+00	4.308788713422575e-03	2561
-6.467648668501065e-02	-3.681782693167282e-03	2562
7.723282774271703e-02	4.230617149112219e-01	2563
-9.652363757540176e-02	5.383623283103373e-02	2564
2.684804505022024e-01	5.262081026618931e-01	2565
1.053676030968326e+00	-1.029810850527617e-01	2566
1.016682499367564e+00	-2.687796757390143e-02	2567
1.020792297152642e+00	-3.250832638301404e-02	2568
1.010368752873123e+00	-1.045124887599997e-02	2569
1.040620017812997e+00	-2.330217003008662e-01	2570
1.003044757157196e+00	2.384202829900495e-03	2571
-8.446791736767441e-02	1.970841766742755e-01	2572
-9.043675936547735e-02	1.740454473264298e-01	2573
-9.955185070856030e-02	-6.516526046878209e-02	2574
1.002970082119219e+00	-2.468997483208898e-03	2575
1.003723616308092e+00	-3.082170642498484e-03	2576
1.032398127931866e+00	4.197392143608500e-02	2577
1.029320007532198e+00	3.794363220282595e-02	2578
9.785845241817938e-01	-3.534252930445252e-01	2579
9.989841864014203e-01	-3.244501882407106e-01	2580
-1.016343297609953e-01	-8.956030232510752e-02	2581
-1.005683257964912e-01	-7.645670338767904e-02	2582
-9.883282719148881e-02	7.680224834194223e-02	2583
2.097056422972575e-01	5.038934936183080e-01	2584
8.950596828132387e-01	-4.370415621415075e-01	2585
9.262816008941072e-01	-4.105200923775957e-01	2586
-5.854956990125790e-02	8.974173472927727e-03	2587
-6.836762434227237e-02	2.363633722373941e-02	2588
1.049368387831204e+00	-1.949064821983951e-01	2589
1.051567543438163e+00	-1.682652317182578e-01	2590
1.054041943601224e+00	-1.448788313511489e-01	2591
-7.842019551034200e-02	-2.259881150042856e-01	2592
-6.872440692106072e-02	-2.499086576634885e-01	2593
-5.537579374057417e-02	-2.766370309643247e-01	2594
-3.917466703082979e-02	-3.051298387782145e-01	2595
-1.991615834372106e-02	-3.314177304832203e-01	2596
-8.731574136296609e-02	-1.991758257373619e-01	2597
-9.875745102075428e-02	-1.471436606836344e-01	2598
-9.372503312401965e-02	-1.714534746877771e-01	2599
1.058581303865920e+00	1.584607425264687e-01	2600
1.054257520442122e+00	1.920768379662189e-01	2601
1.048197326795824e+00	2.257769175263283e-01	2602
1.041993201317967e+00	2.657586600912473e-01	2603
1.025013228194244e+00	2.987948018543817e-01	2604
1.006379894807508e+00	3.320784362414786e-01	2605
9.837784959865671e-01	3.643461473666719e-01	2606
9.572195080012652e-01	3.952504732723737e-01	2607
9.266993625076470e-01	4.248413867859425e-01	2608
8.919286143370476e-01	4.532014168931050e-01	2609
8.530794906523137e-01	4.798093771887217e-01	2610
8.110788839905034e-01	5.037810453495770e-01	2611
7.671426905288032e-01	5.244106073056528e-01	2612
7.200078642547303e-01	5.394828245606179e-01	2613
6.729531258721414e-01	5.542817862965794e-01	2614
-9.957052318830431e-02	1.049927446959266e-01	2615
-2.266414468884388e-02	3.203556049600663e-01	2616
3.113950967622184e-04	3.488700915191963e-01	2617
-5.656475689891885e-02	2.644364484809593e-01	2618
-6.750141589703576e-02	2.419584404325960e-01	2619
6.124581110222806e-01	5.645983372047076e-01	2620
5.454761674291563e-01	5.682761552581060e-01	2621
4.757727874467705e-01	5.668825068867785e-01	2622
1.055301511522128e+00	8.977618142024005e-02	2623
1.052630447784961e+00	7.525614810606159e-02	2624
1.051625696680089e+00	-8.889736051562905e-02	2625
1.057747632289507e+00	1.071118784965607e-01	2626
5.902816179870861e-01	-5.578091802522480e-01	2627
6.411472981279371e-01	-5.506657304909987e-01	2628
1.374654669486467e-01	-4.689553799759453e-01	2629
1.819520098292351e-01	-4.926853408584020e-01	2630
2.252851554458858e-01	-5.109712871642808e-01	2631
2.662949313474755e-01	-5.250563483927241e-01	2632
3.321170100901195e-01	-5.418871952058643e-01	2633
1.010859016749398e+00	8.077924485623288e-03	2634
-9.550318417294006e-02	-4.125693022655911e-02	2635
1.027476198296174e+00	3.395505691024559e-02	2636
1.019032210571030e+00	2.200403096142389e-02	2637
1.054089334445562e-02	-4.362120640829827e-01	2638
-7.963483247757985e-02	-2.202444191680940e-02	2639
7.872513059949356e-01	-5.779071345494062e-01	2640
-1.717046325143380e-02	-4.039054713092219e-01	2641
-6.822170032582862e-02	9.206134085210253e-03	2642
1.003390113254406e+00	-3.990625101793053e-01	2643
9.129942657147904e-01	-4.985313205011253e-01	2644
7.370556160521046e-01	-5.987327017663949e-01	2645
4.421190632077460e-02	-4.682769633461737e-01	2646
-1.213781086255692e-01	-1.374317723391600e-01	2647
1.015854835043676e+00	1.561088337445495e-02	2648
5.060169221322962e-01	-6.334885513904273e-01	2649
-1.165204436078265e-01	8.191040644855649e-02	2650
1.022098696798190e+00	-2.725984117377712e-02	2651
1.007393637890418e+00	-5.611391822569495e-03	2652
1.007589650543943e+00	5.385730145440088e-03	2653
1.006627005485497e+00	-4.563618722720189e-03	2654
-7.557728614081419e-02	-6.316839183892509e-03	2655
-2.070839195096046e-04	4.184915654405763e-01	2656
6.449506194901052e-02	4.815650042498283e-01	2657
1.026028424653203e+00	-3.475122506594792e-02	2658
1.014576136530696e+00	-1.539717736928531e-02	2659
1.003578723420018e+00	1.921837934016157e-03	2660
1.012440398242203e+00	-1.188859497491647e-02	2661
-1.106683005113416e-01	-2.214563030772612e-01	2662
-1.210621199364074e-01	-1.156028623021926e-01	2663
-1.182278643227704e-01	9.725734174265493e-02	2664
-1.199023855119861e-01	1.386795757757491e-01	2665
1.003731345653815e+00	-8.000689585005339e-04	2666
1.041905367670038e+00	5.088605423661421e-02	2667
6.828536757430858e-01	-6.156002784254339e-01	2668
1.041524905880191e+00	-3.295617498617618e-01	2669
9.775794474622255e-01	-4.337001116102259e-01	2670
-1.189921488978693e-01	1.149985056952087e-01	2671
1.074261825966200e-01	5.154328735489149e-01	2672
-1.000439974845391e-01	2.429526917677553e-01	2673
1.036906720829113e+00	4.783742444420751e-02	2674
1.048117834141280e+00	-6.571676911831129e-02	2675
5.694568435010985e-01	-6.299756658911776e-01	2676
-1.140029093668845e-01	-5.693769656821818e-02	2677
1.012894438080898e+00	1.149811286765114e-02	2678
4.389649855003107e-01	6.360052969922716e-01	2679
-1.202453853313881e-01	-9.763235544104437e-02	2680
1.581680567736433e-01	5.475408782462723e-01	2681
1.063289000345562e+00	-2.569579667999410e-01	2682
1.016178786086093e+00	-1.783834205083788e-02	2683
1.009381966327073e+00	7.201810483010817e-03	2684
1.008517050140294e+00	6.481374115793494e-03	2685
1.008276730748712e+00	-6.735338619464392e-03	2686
1.009111045649952e+00	-7.484076287224361e-03	2687
2.891284752211850e-02	4.498704817431712e-01	2688
1.052598875587129e+00	-2.942902489998788e-01	2689
-4.396618451616204e-02	3.611475799485302e-01	2690
-2.263127970068067e-02	3.900683793267783e-01	2691
1.069524428893464e+00	9.661411577812198e-02	2692
1.068838139692180e+00	-1.110219021959207e-01	2693
8.752443340773202e-01	-5.273164555339364e-01	2694
1.023218854814865e+00	2.656787039048193e-02	2695
-1.126549238477067e-01	5.758289742449509e-02	2696
8.332777259622983e-01	-5.539524446370911e-01	2697
-6.434368500726492e-02	3.275423569675422e-01	2698
1.003754751180638e+00	6.893916538801785e-04	2699
1.010548810897495e+00	-8.409964536683868e-03	2700
1.004970570515892e+00	3.191070550093629e-03	2701
1.006782938768512e+00	4.362266871423166e-03	2702
1.004862206620802e+00	-3.335069080137875e-03	2703
1.039656778992475e+00	-5.204724554248195e-02	2704
1.034856591657735e+00	-4.889138767025974e-02	2705
3.639046514405566e-01	6.218516632181000e-01	2706
1.073529376133554e+00	1.180320211354359e-01	2707
1.051018346820157e+00	6.459084939784335e-02	2708
-9.444817429477495e-02	4.180686064591040e-02	2709
2.911646172374135e-01	6.018779934460842e-01	2710
-1.077031763299109e-01	2.185969232682163e-01	2711
-1.126719547281071e-01	1.919258360591446e-01	2712
-1.165159907318612e-01	1.672278984045967e-01	2713
1.003516847577154e+00	-2.024632938263011e-03	2714
1.035539603992820e+00	3.637533573191504e-02	2715
1.033971349170017e+00	-3.746683716587918e-02	2716
1.024527195816444e+00	-3.642508872525529e-01	2717
-1.182862686805272e-01	-8.148939064099200e-02	2718
-1.163753981798571e-01	-6.925328562466858e-02	2719
-1.148110949266964e-01	6.984275813914181e-02	2720
2.174948100364966e-01	5.765974055501479e-01	2721
9.473272401182522e-01	-4.671595196674570e-01	2722
-7.915089614028756e-02	2.620480617520219e-02	2723
1.069393735872960e+00	-2.196849505236776e-01	2724
1.071146632489462e+00	-1.338574685743472e-01	2725
1.071866903231892e+00	-1.834656856697760e-01	2726
1.071783043442379e+00	-1.586418115107149e-01	2727
-1.021986992774535e-01	-2.492210822509091e-01	2728
-9.280326226831008e-02	-2.782236086219293e-01	2729
-4.186803318196973e-02	-3.721458484949783e-01	2730
-7.909821720737126e-02	-3.085242168825937e-01	2731
-6.189939516548251e-02	-3.414670776328175e-01	2732
-1.191594390671100e-01	-1.637821656196821e-01	2733
-1.156798277558713e-01	-1.908086791897270e-01	2734
1.076633108945428e+00	1.447797681848282e-01	2735
1.077085514940216e+00	1.779083302363215e-01	2736
1.075155597061848e+00	2.131629478720315e-01	2737
1.072674155409705e+00	2.498032042364302e-01	2738
1.062242274665540e+00	2.970423240367374e-01	2739
1.050903653168366e+00	3.349711163631879e-01	2740
1.031554263251495e+00	3.734974439248939e-01	2741
1.007946785084482e+00	4.116117974995500e-01	2742
9.795397878692743e-01	4.482541001524100e-01	2743
9.461943960126096e-01	4.834078066718441e-01	2744
9.078454176474373e-01	5.168717385970323e-01	2745
8.650552729317580e-01	5.477633352538875e-01	2746
8.190324940668896e-01	5.751070992334568e-01	2747
7.425107713321975e-01	6.061922421654726e-01	2748
-8.051388089837842e-02	2.950029801302114e-01	2749
-9.196789264244580e-02	2.676620694864915e-01	2750
6.566928818891693e-01	6.310452385532638e-01	2751
5.849857678800502e-01	6.394602188943870e-01	2752
5.114088276756170e-01	6.407179504713599e-01	2753
1.065312167148106e+00	-9.413527885338902e-02	2754
1.065199493969437e+00	8.046054600335145e-02	2755
1.061706040996640e+00	-8.063269029706045e-02	2756
4.295208200031533e-01	-6.296969591208504e-01	2757
6.256887516910511e-01	-6.272086121049186e-01	2758
8.495291513469301e-02	-5.008181289396150e-01	2759
1.310371920630113e-01	-5.332760334647145e-01	2760
1.785742614701073e-01	-5.597043096637199e-01	2761
2.247177642449326e-01	-5.778218094369516e-01	2762
2.817985449616994e-01	-5.986310790409227e-01	2763
3.522042248670930e-01	-6.173710661882664e-01	2764
-1.198420228960041e-01	-3.083124867436620e-01	2765
9.349684037525295e-01	-5.668103957255979e-01	2766
-7.667486007767027e-02	1.317511633509967e-02	2767
8.446546543356868e-01	-6.325187619630426e-01	2768
5.417991987242152e-01	-7.131927441457137e-01	2769
1.012448423422653e+00	-9.560905828453451e-03	2770
1.014566541466645e+00	-1.354146341945860e-02	2771
1.047678701305885e+00	-5.636453528274499e-02	2772
1.006024118733755e+00	-3.507552626591881e-03	2773
1.037908041020294e+00	-4.281373763530803e-02	2774
3.888184223112338e-01	7.071973579442263e-01	2775
7.917367591161207e-01	-6.603158353595169e-01	2776
-1.412002604462845e-01	-1.055262789029696e-01	2777
-1.442451020486674e-01	-1.523787486511922e-01	2778
1.010723943670732e+00	-6.561574470426001e-03	2779
9.726818479487752e-01	-5.296467513169376e-01	2780
-7.129139447668614e-02	4.038132313839388e-01	2781
-5.035975695533475e-02	4.353811136501223e-01	2782
1.055208116554424e+00	-4.068668938874119e-01	2783
8.924059981556101e-01	-6.011296152129166e-01	2784
1.039703228440051e+00	4.160139302639761e-02	2785
1.050181314428420e+00	5.503152488461301e-02	2786
-8.097319194090290e-02	5.814922338088982e-03	2787
9.879958902989201e-02	5.872960061552118e-01	2788
1.583586303720384e-01	6.254603285027625e-01	2789
-1.435198609292481e-01	-1.259823641548640e-01	2790
1.019662282671305e+00	-2.328121117718996e-02	2791
4.632303870413213e-01	-7.124076290880481e-01	2792
1.095161937603009e+00	-2.033873759426472e-01	2793
1.094183036692107e+00	-2.430138163898367e-01	2794
1.081601562045833e+00	-3.229435199920423e-01	2795
-1.332854890930495e-01	7.323400392287284e-02	2796
1.062473850881791e+00	6.809349707508310e-02	2797
4.871209913777882e-02	5.471022948184898e-01	2798
-4.225950606365578e-02	-4.528474495944704e-01	2799
2.697156003363672e-02	-5.306923298869716e-01	2800
1.018917543077148e+00	1.795207811439953e-02	2801
-1.109755966753428e-01	-4.446677028328018e-02	2802
1.023942532579923e+00	2.169187341112244e-02	2803
-6.767615344644361e-02	-4.171206198227539e-01	2804
7.334818065224806e-01	-6.837515198622194e-01	2805
1.032903871912869e+00	-4.481954661230602e-01	2806
-1.112136920134671e-02	-4.919057989603416e-01	2807
1.018218492567729e+00	-2.078235717203445e-02	2808
-1.350199276950863e-01	-7.251117731831644e-02	2809
1.007999406032694e+00	-4.364602118698546e-03	2810
1.009098671154319e+00	5.049636794151310e-03	2811
1.004259494091556e+00	-6.368693497799136e-05	2812
-1.098650322197450e-01	4.516600924582218e-02	2813
-2.436222884357281e-02	4.707070015402791e-01	2814
1.025871224535208e+00	-3.097569755305855e-02	2815
1.017731332300428e+00	-1.507706949717186e-02	2816
1.004102876387606e+00	1.366501746733669e-03	2817
1.015093709543718e+00	1.307617108224112e-02	2818
1.004489765544795e+00	2.283327119535311e-03	2819
1.068906128104593e+00	-3.646368896799270e-01	2820
1.005618849420581e+00	-4.896910007413560e-01	2821
-1.418732435553792e-01	1.257806910838334e-01	2822
6.702296059037609e-01	-7.014966064000198e-01	2823
-1.391931430138799e-01	1.050441338492765e-01	2824
1.012808513329130e+00	9.161791918320460e-03	2825
-1.384775079855018e-01	-8.709215562092869e-02	2826
-1.366385132975346e-01	8.726736597185734e-02	2827
1.088950625644284e+00	-2.846349549532364e-01	2828
1.010963317441225e+00	6.218323891348443e-03	2829
1.008909596417182e+00	-5.330388916240087e-03	2830
8.740013620307708e-03	5.092394586778326e-01	2831
-8.806514617593225e-02	-1.143675444342088e-02	2832
-9.261926592199733e-02	-2.723787549666802e-02	2833
1.059120617820731e+00	-6.898172707963589e-02	2834
1.027159238949495e+00	3.016354768468089e-02	2835
-9.079376526861972e-02	3.666897926028962e-01	2836
1.008151125423514e+00	4.114568123767520e-03	2837
1.006141198212116e+00	3.324695982105226e-03	2838
1.004057324682918e+00	-1.487157864604340e-03	2839
1.086155574272726e+00	1.045799372553761e-01	2840
3.092070925177252e-01	6.862277551224124e-01	2841
-1.338337363480708e-01	2.400438456789823e-01	2842
-1.389765354692703e-01	2.104965952394712e-01	2843
-1.411343226930341e-01	1.835201574787510e-01	2844
-1.424732477871002e-01	1.555581919088703e-01	2845
1.004413373408293e+00	-2.414306280720477e-03	2846
-1.322125203237705e-01	-5.972579024262097e-02	2847
-1.308459549938054e-01	6.054565392877855e-02	2848
2.321422360726385e-01	6.595439091203854e-01	2849
-9.218056768529630e-02	2.976781668928800e-02	2850
1.086267703672784e+00	-1.208580333043201e-01	2851
1.093138313141272e+00	-1.710711067312424e-01	2852
-1.366427941280995e-01	-2.442414903271684e-01	2853
-1.304914827875336e-01	-2.740651815736655e-01	2854
-8.866017079542766e-02	-3.803366532181680e-01	2855
-1.069568986588122e-01	-3.435733953213461e-01	2856
-1.436879624230174e-01	-1.803972298993838e-01	2857
-1.419645830281191e-01	-2.105113543471085e-01	2858
1.092395857638236e+00	1.293748718653440e-01	2859
1.090375703412229e+00	-1.458330098041070e-01	2860
1.097236887604758e+00	1.610302982261810e-01	2861
1.099987669400695e+00	1.967752450577644e-01	2862
1.101221399257680e+00	2.331614816674714e-01	2863
1.098570655071929e+00	2.801119350157672e-01	2864
1.091089433710426e+00	3.260689777306495e-01	2865
1.077446478904065e+00	3.722058430249073e-01	2866
1.061626703787818e+00	4.181281195564944e-01	2867
1.036820990644191e+00	4.628231322573997e-01	2868
1.006460515339882e+00	5.064869825179342e-01	2869
9.699572877127619e-01	5.483669414414537e-01	2870
9.275135934042333e-01	5.878530249381452e-01	2871
8.800986490351147e-01	6.237212854273819e-01	2872
8.109479410605330e-01	6.612130855769176e-01	2873
-1.082384571742586e-01	3.291044523794466e-01	2874
-1.197413996884042e-01	2.953300344089242e-01	2875
-1.284376141472652e-01	2.658492297560650e-01	2876
7.238708623099672e-01	6.949531531856259e-01	2877
6.321744453071478e-01	7.161415210003319e-01	2878
5.515813104328721e-01	7.215595919925571e-01	2879
4.719679040180466e-01	7.193486064248059e-01	2880
1.081106193918508e+00	-9.970256541713357e-02	2881
1.075783429118470e+00	-8.414588529848466e-02	2882
1.079874464309722e+00	8.518709078631932e-02	2883
6.014112025894641e-01	-7.104021563023579e-01	2884
7.135846667984974e-02	-5.680349287076737e-01	2885
1.216203452926621e-01	-6.049738230336901e-01	2886
1.752448220865472e-01	-6.344380306491426e-01	2887
3.778030810171401e-01	-7.015750553322145e-01	2888
2.275322552116106e-01	-6.571001258984099e-01	2889
2.967622271557573e-01	-6.815188310985527e-01	2890
-7.178884446369653e-02	-5.077091081002831e-01	2891
-1.041314395350318e-01	4.485581052183023e-01	2892
3.288668186421601e-01	7.806795919981316e-01	2893
1.047432596113437e+00	-4.728570747657708e-02	2894
-1.623075286481353e-01	-3.023707970980716e-01	2895
1.005499051351247e+00	-2.500238816178460e-03	2896
1.049547417355369e+00	4.585339485211526e-02	2897
4.194546739566188e-01	8.017432513148894e-01	2898
1.116263664308998e+00	-4.036599653624816e-01	2899
8.980580322918194e-02	6.691443018741933e-01	2900
5.011458979116344e-01	-8.032859759287863e-01	2901
-1.396089503574539e-01	-3.822923378167534e-01	2902
-1.284187481416550e-01	-4.674964016708173e-02	2903
1.015186798817833e+00	1.033054419963541e-02	2904
1.067857780021859e+00	-5.011403684732059e-01	2905
1.010673152479759e+00	-4.685177756972876e-03	2906
1.009436632015078e+00	-3.922577821774280e-03	2907
1.005020090421160e+00	1.519591959836786e-03	2908
1.024254741576982e+00	-2.321465513330777e-02	2909
1.027115273141628e+00	-2.595972481691853e-02	2910
7.258556343449488e-01	-7.793836103445608e-01	2911
5.754210963605894e-01	-7.991929045477828e-01	2912
1.038623916575955e+00	-5.507273383210113e-01	2913
-1.711897093675081e-01	-1.666675514467987e-01	2914
1.007216778093596e+00	-3.409143402506852e-03	2915
-1.236513766572947e-01	4.078462922420455e-01	2916
1.004558787088347e+00	-8.430199915289450e-04	2917
1.027968821906617e+00	2.491474304355644e-02	2918
1.113818671448288e+00	-3.557051443473108e-01	2919
-1.653584309600012e-01	-1.129587818390415e-01	2920
-1.402256200222055e-01	3.668682194268232e-01	2921
-1.695501245485231e-01	-1.382338806058713e-01	2922
1.031069011041406e+00	-3.264895446720206e-02	2923
-8.940251320320877e-02	1.609131572265197e-02	2924
-1.526998746550840e-01	-3.399111484330982e-01	2925
-1.210447207301937e-01	-4.227077240213720e-01	2926
1.122494846164721e+00	-2.240331092777901e-01	2927
1.075622185283095e+00	7.148687889844063e-02	2928
1.057198087873254e+00	-6.060455007406869e-02	2929
8.571370122074672e-01	-7.211455812488293e-01	2930
1.692418330356047e-01	-7.185952157135742e-01	2931
4.087572091537941e-01	-7.952067798595883e-01	2932
9.609321499548393e-01	-6.429319946208752e-01	2933
6.472510694077021e-01	-7.964386871678719e-01	2934
1.012439575065548e+00	-7.525651689939073e-03	2935
1.014771190029201e+00	-1.081354056136014e-02	2936
1.059893933469308e+00	5.903003551016499e-02	2937
1.007332650256077e+00	3.184958997433087e-03	2938
7.950094932649516e-01	-7.533893854075961e-01	2939
1.018600569935917e+00	1.401988386617665e-02	2940
1.009574373201857e+00	3.620668284022488e-03	2941
1.002984621078931e+00	-5.984262322950006e-01	2942
-1.525881710268666e-02	5.756015390397199e-01	2943
1.087463932469901e+00	-4.511531834700514e-01	2944
9.123953461277829e-01	-6.840131621268019e-01	2945
1.042591402793319e+00	3.501772581575909e-02	2946
1.041072653459369e+00	-3.638799242699198e-02	2947
-8.210297053579586e-02	4.864252677052313e-01	2948
1.123461666247927e+00	-2.679841079978699e-01	2949
3.125504444299403e-02	6.216883602066714e-01	2950
-9.904038863536890e-02	-4.657877452771437e-01	2951
-3.656817747904183e-02	-5.542485060531516e-01	2952
1.019716066018178e+00	-1.773080189599193e-02	2953
-1.069559156150532e-01	3.304070236873132e-02	2954
-5.238079627056610e-02	5.289570950676147e-01	2955
1.004583910050771e+00	7.058567661510536e-04	2956
-1.635560000472510e-01	1.122472509934287e-01	2957
-1.591981826461585e-01	9.288894215802813e-02	2958
1.010840935421741e+00	4.340013654362311e-03	2959
-1.610638226786088e-01	-9.301789148952193e-02	2960
-1.542910283791213e-01	-6.847109087504215e-02	2961
-1.272759336451723e-01	4.760243320822191e-02	2962
1.120875027491992e+00	-3.107793075604764e-01	2963
1.012719397833816e+00	7.121338068189828e-03	2964
-1.031400667924696e-01	-1.557652700082450e-02	2965
-1.068366069102042e-01	-3.005538336296786e-02	2966
1.032434429685160e+00	3.164430979040583e-02	2967
1.005580331050862e+00	2.333453282204110e-03	2968
1.004967495885089e+00	-1.669661107956682e-03	2969
-1.692250473078053e-01	2.308391336686728e-01	2970
-1.681502344896232e-01	1.398929318599502e-01	2971
-1.701546546976734e-01	1.992806010827190e-01	2972
-1.694287741798573e-01	1.706545514517090e-01	2973
-1.526638085288941e-01	6.926258339350917e-02	2974
2.451664272323169e-01	7.519823989360855e-01	2975
1.634502365824847e-01	7.150902452438260e-01	2976
-9.513228548380190e-02	1.584499844123950e-03	2977
-1.683100136070104e-01	-2.660125503941345e-01	2978
-1.726679842848814e-01	-1.968667106115337e-01	2979
-1.713143983367242e-01	-2.321062031519423e-01	2980
1.105818039630834e+00	1.127850687189745e-01	2981
1.106770394546320e+00	-1.303887694192608e-01	2982
1.114503596644735e+00	1.421468523891469e-01	2983
1.112813057179367e+00	-1.562319118110298e-01	2984
1.121979502393119e+00	1.770314644476564e-01	2985
1.118385181905729e+00	-1.858392852131921e-01	2986
1.127527193235378e+00	2.139246093908268e-01	2987
1.131176805642484e+00	2.581882921161219e-01	2988
1.130216023705823e+00	3.086234855816625e-01	2989
1.123334889033755e+00	3.604179107131518e-01	2990
1.112735670659935e+00	4.096348525140545e-01	2991
1.093346336629686e+00	4.645593397268733e-01	2992
1.071143714205151e+00	5.184768704383862e-01	2993
1.038435802279515e+00	5.703969153594389e-01	2994
9.983819476284519e-01	6.204008159123408e-01	2995
9.512077421935645e-01	6.670408616629868e-01	2996
8.859133222119835e-01	7.144000615900377e-01	2997
-1.525854146421072e-01	3.254059219734967e-01	2998
-1.608977812041527e-01	2.913972343647057e-01	2999
-1.655110571672330e-01	2.600725816504260e-01	3000
8.004528889718804e-01	7.586910261475975e-01	3001
7.002060498572632e-01	7.931162585729946e-01	3002
5.997538268561435e-01	8.094980309656631e-01	3003
5.111264927093584e-01	8.110745231299704e-01	3004
1.099371601128891e+00	-1.065213886588463e-01	3005
1.071573381281343e+00	-7.162325049822252e-02	3006
1.091887014596166e+00	-8.737864671422681e-02	3007
1.096940265863680e+00	9.035982407752234e-02	3008
5.384829204948825e-03	-6.005048509441969e-01	3009
5.410317878651043e-02	-6.432143537304397e-01	3010
1.115359373633118e-01	-6.856535002060740e-01	3011
3.160145029796407e-01	-7.749280037127733e-01	3012
2.340252274510119e-01	-7.472067119596689e-01	3013
1.058387926875573e+00	4.930837056993114e-02	3014
1.105422510129085e+00	-5.569524965967774e-01	3015
-1.917597439320078e-01	1.215657306517555e-01	3016
1.008555425953733e+00	-3.112307809273249e-03	3017
1.159750966959365e+00	-3.777484977483357e-01	3018
1.157536797729935e+00	-3.397258301882773e-01	3019
3.538718953782561e-01	8.864160413822596e-01	3020
7.947915582271369e-01	-8.587799636414675e-01	3021
1.005525625261979e+00	7.251214489652990e-04	3022
1.005983941803688e+00	-1.604741236607195e-03	3023
1.034307679384429e+00	2.555803563118522e-02	3024
1.218561542915444e-02	7.067006155398298e-01	3025
8.694745938905916e-01	-8.215773376879820e-01	3026
1.012411490588228e+00	-5.547858873341487e-03	3027
1.017161012312470e+00	-1.236294941382162e-02	3028
2.445519723122211e-01	-8.493188799425202e-01	3029
1.077110291877064e+00	-6.169527495060299e-01	3030
1.047493057873933e+00	4.113082200969825e-02	3031
1.068273409117270e+00	-6.248504928304231e-02	3032
8.354395992121541e-02	7.637048530113723e-01	3033
9.784594760014052e-02	-7.755789428581279e-01	3034
1.021993054199849e+00	-2.017204322667060e-02	3035
1.005127935011986e+00	-7.779395297473460e-05	3036
1.028537061609814e+00	2.006666248630860e-02	3037
-2.026116652280243e-01	-1.799928894554470e-01	3038
-1.227743000715175e-01	-3.120851632872335e-02	3039
1.005498566354183e+00	-8.931322466913483e-04	3040
-2.046014357608172e-01	-2.903470455435232e-01	3041
-1.082802760637195e-01	-2.676289409755750e-03	3042
2.582369354419079e-01	8.554428733136765e-01	3043
-1.426750283362967e-01	4.966481710438237e-01	3044
-1.034210430354873e-01	1.661773823203835e-02	3045
1.037421603642134e+00	-3.212235594135978e-02	3046
1.091251873225964e+00	7.444536914789714e-02	3047
4.569428929638495e-01	9.061388549911670e-01	3048
-8.560862798828268e-02	5.942758001080680e-01	3049
-1.058892387624439e-01	-5.694939882760307e-01	3050
-2.009289458669234e-01	1.840283906013477e-01	3051
-1.990415047073388e-01	-3.314194722311045e-01	3052
7.075966996235604e-01	-8.867685863499392e-01	3053
1.649189398722241e-01	-8.146824548772539e-01	3054
-1.350188745973772e-01	-5.184792349888527e-01	3055
4.457257764675390e-01	-8.988321380507575e-01	3056
-1.910988711059828e-01	-3.745813063378769e-01	3057
1.017644925302387e+00	1.179390682435775e-02	3058
1.008662488028586e+00	2.840768832390959e-03	3059
1.021196876164174e+00	-1.455867757627495e-02	3060
9.347542715372655e-01	-7.774902923935053e-01	3061
-2.061585208661914e-01	-2.519728743583073e-01	3062
1.006588413921422e+00	-2.483985239085926e-03	3063
-1.625118495998601e-01	4.517497049517164e-01	3064
1.021878661131953e+00	1.574336151170774e-02	3065
1.028629370765077e+00	-2.153370844392407e-02	3066
1.158123163535979e+00	-2.917191562674398e-01	3067
-1.903057065139357e-01	3.593093475968808e-01	3068
-1.776455729583523e-01	4.059776310292526e-01	3069
-1.479342885027974e-01	-4.797942589957176e-02	3070
-1.762918187097776e-01	-4.231854786504895e-01	3071
1.056074970542307e+00	-5.098249850945778e-02	3072
3.410796939689902e-01	-8.797974146625793e-01	3073
9.909936238680606e-01	-7.280837319453125e-01	3074
5.791866412348727e-01	-9.005647870793330e-01	3075
1.014471441860131e+00	-8.533349250645746e-03	3076
1.071211791779462e+00	6.072156391074406e-02	3077
1.010831094484540e+00	-3.048108290372665e-03	3078
1.038406327536165e+00	-6.743715169569979e-01	3079
-4.249806462302208e-02	6.507065583313435e-01	3080
1.145446376088821e+00	-4.538280665392516e-01	3081
1.129157565500921e+00	-4.966218540022577e-01	3082
1.033357732347107e+00	-2.679753220639011e-02	3083
-1.185378534408116e-01	5.440466562320517e-01	3084
-1.593847229095831e-01	-4.689817325899430e-01	3085
-1.791145621892481e-01	-7.462380716318821e-02	3086
-1.468393362593753e-01	4.899012528251450e-02	3087
1.010937993431620e+00	2.695115023025385e-03	3088
1.012614441959462e+00	5.140817980185209e-03	3089
-1.849874090388992e-01	9.708119074456033e-02	3090
-1.868119474996859e-01	-9.773053328717489e-02	3091
-1.972699064171231e-01	1.538582044385521e-01	3092
-1.235981350024613e-01	3.527456512613165e-02	3093
1.014794561911198e+00	8.055404929316572e-03	3094
-1.193159635909942e-01	-1.912935321332114e-02	3095
1.038760073390909e+00	3.087442401398675e-02	3096
1.006035289654647e+00	1.420738381102294e-03	3097
1.006670741529190e+00	2.280237533127579e-03	3098
-1.932023757511478e-01	-1.211017754056148e-01	3099
-1.984609841288582e-01	-1.505961386919433e-01	3100
-2.035847494914588e-01	2.159477027997543e-01	3101
-1.774610568665243e-01	7.489943023888182e-02	3102
1.688119091213376e-01	8.159582889706798e-01	3103
-2.064692898604635e-01	-2.154890168338308e-01	3104
1.128831679238383e+00	1.218913256765860e-01	3105
1.130251679362946e+00	-1.386160758273966e-01	3106
1.140663834427652e+00	1.547042339257102e-01	3107
1.139253767731784e+00	-1.667033804502485e-01	3108
1.150962935643163e+00	1.914201469520213e-01	3109
1.147746583757338e+00	-2.021460307946599e-01	3110
1.160047981046144e+00	2.333260657397658e-01	3111
1.154808971970909e+00	-2.454744630188337e-01	3112
1.166122846096816e+00	2.838430104183354e-01	3113
1.167189633389204e+00	3.396079536493877e-01	3114
1.162893089885114e+00	3.943381374777740e-01	3115
1.151197496095245e+00	4.536809759921367e-01	3116
1.134841518748539e+00	5.125970167826598e-01	3117
1.107598350533674e+00	5.770875826394360e-01	3118
1.075808619357895e+00	6.405093701449155e-01	3119
1.031875811986937e+00	7.003068624005067e-01	3120
9.706802238678899e-01	7.607687130847429e-01	3121
-1.975195250402322e-01	3.183564426759853e-01	3122
-2.020141000555821e-01	2.814262515310322e-01	3123
-2.035036535369584e-01	2.499401493724455e-01	3124
8.875199937155537e-01	8.190141377900562e-01	3125
7.840143514263083e-01	8.686447406451332e-01	3126
6.680343159353317e-01	9.009774878872648e-01	3127
5.589178422088630e-01	9.113802193049980e-01	3128
1.120699954735368e+00	-1.130766868196589e-01	3129
1.086113959902289e+00	-7.327568430150630e-02	3130
1.110495901968503e+00	-9.120959630791367e-02	3131
1.116934419931676e+00	9.538023642342960e-02	3132
-6.685819525754544e-02	-6.231830260149149e-01	3133
-2.045565918589046e-02	-6.782838939038389e-01	3134
3.493516346403262e-02	-7.282920401509949e-01	3135
1.050462512695033e+00	3.371545119211886e-02	3136
9.584917054405604e-01	-8.835884546069034e-01	3137
1.006508031976262e+00	-7.257242723475674e-04	3138
1.017109584138814e+00	-9.451420123180395e-03	3139
-1.782550490617049e-01	-5.764921215366526e-01	3140
-7.283433671305579e-02	7.362082216788794e-01	3141
1.024954693214433e+00	1.726454170116963e-02	3142
1.174865727997834e+00	-5.497136911882298e-01	3143
1.119262575777114e+00	-6.874509615318302e-01	3144
1.034510634646675e+00	-2.102654276759305e-02	3145
-1.388026580289233e-01	-2.580270695619415e-02	3146
-1.191001827551354e-01	1.487554832632885e-02	3147
-1.233676562621069e-01	6.686461095689966e-01	3148
-6.393795627292887e-03	8.049086794893459e-01	3149
2.750500495964405e-01	9.718015563341812e-01	3150
1.068651773781741e+00	5.273093314058826e-02	3151
3.732703984185342e-01	-9.969052888559012e-01	3152
2.605758588956087e-01	-9.647845600752125e-01	3153
-2.463491783873967e-01	-2.725095977157307e-01	3154
1.014579787917554e+00	5.902164071358670e-03	3155
1.023437840506870e+00	-1.708758152343811e-02	3156
-2.403044309123860e-01	3.470567185756974e-01	3157
7.848265455887300e-01	-9.786104445431093e-01	3158
1.014342201282360e+00	-6.379448736711653e-03	3159
1.022434970987075e+00	1.957712232390492e-02	3160
-1.878936972648496e-01	5.499287384734453e-01	3161
1.043964233413868e+00	-3.023989873647757e-02	3162
-2.456209148233464e-01	-3.164809029766203e-01	3163
-2.389778304989204e-01	-1.936996495358619e-01	3164
1.017473706334135e+00	8.875670818792895e-03	3165
-1.713703835337586e-01	-5.112560987837917e-02	3166
-2.077547254283043e-01	4.988231006738473e-01	3167
1.109295553634047e+00	7.747706451791292e-02	3168
1.190744012600940e+00	-4.957164906507665e-01	3169
1.202808592831006e+00	-4.255024827408149e-01	3170
1.155835762328646e+00	1.306066911610492e-01	3171
-2.371250577673648e-01	1.969678907750455e-01	3172
3.864357705468332e-01	1.004292241504356e+00	3173
1.066169815826875e+00	-5.468062107940519e-02	3174
1.080766496190882e+00	-6.315966884674241e-02	3175
1.192790012557512e-02	-8.235219374843918e-01	3176
-2.424670957526600e-01	-3.613663420038742e-01	3177
1.152885815570732e+00	-6.163668857693069e-01	3178
5.037854604839460e-01	1.020823180611075e+00	3179
8.794737376279518e-01	-9.359602311700717e-01	3180
1.009909655343961e+00	-2.523842460743679e-03	3181
1.012361663418428e+00	-4.020784192114137e-03	3182
1.050518424938393e+00	-3.820807984539370e-02	3183
1.054976773725662e+00	-4.168150896698242e-02	3184
1.638976686936124e-01	-9.245224200903684e-01	3185
1.021185619129878e+00	1.199561447710080e-02	3186
1.006110702431543e+00	-9.412937002080080e-05	3187
-1.422573843775403e-01	3.624516924027079e-02	3188
7.788817651002845e-02	8.712335686365258e-01	3189
-2.211497990050824e-01	-4.653608508917501e-01	3190
-2.226278496743667e-01	4.464365550070681e-01	3191
8.289175044589950e-02	-8.773051154943325e-01	3192
6.551476077655093e-01	-1.006007590309682e+00	3193
-2.029514475315241e-01	-5.206992910985158e-01	3194
1.009996505208990e+00	2.203615756168504e-03	3195
1.045217116529238e+00	2.873496328832971e-02	3196
1.007824758555659e+00	-2.321349984685151e-03	3197
1.007120894994297e+00	-1.471406053014998e-03	3198
1.026218054810679e+00	-1.940152444644050e-02	3199
1.203610216390769e+00	-3.563499498466903e-01	3200
1.198677234060567e+00	-3.164100514518505e-01	3201
-2.328647741159526e-01	3.960011097743495e-01	3202
-2.351522908721599e-01	-4.141330955670654e-01	3203
1.024895142270465e+00	-8.238588321524117e-01	3204
5.103497097320263e-01	-1.011808636248315e+00	3205
1.084150223523708e+00	6.171063129612628e-02	3206
1.079186212439001e+00	-7.585417581170920e-01	3207
-1.601134211820173e-01	6.077587450775450e-01	3208
-2.319581767028050e-01	-1.606137535481466e-01	3209
1.012506392015770e+00	3.613575067965860e-03	3210
-1.699512680982367e-01	5.202895978037111e-02	3211
-2.068265519077665e-01	-7.803987359841456e-02	3212
-2.146427255766891e-01	1.018741865611162e-01	3213
-2.310429521074196e-01	1.648978434191136e-01	3214
-1.279153217997705e-01	-1.196802038164053e-03	3215
1.040762479039031e+00	2.467129927073592e-02	3216
1.039799218443335e+00	-2.611365330421193e-02	3217
1.006529460447789e+00	5.237241373777918e-04	3218
1.007168355135053e+00	1.248595033946716e-03	3219
1.007902694448536e+00	2.074714530706479e-03	3220
-2.162071601777076e-01	-1.020526198627458e-01	3221
-2.245169689929910e-01	-1.305055853590625e-01	3222
-2.235047071894569e-01	1.325450811080207e-01	3223
-2.050915853971069e-01	7.768876680940878e-02	3224
1.738867856356514e-01	9.291471817451424e-01	3225
-2.439003892005532e-01	-2.337581996534025e-01	3226
1.157491332116289e+00	-1.454915156359166e-01	3227
1.170873020706596e+00	1.659187945868051e-01	3228
1.169916270085111e+00	-1.782399779556660e-01	3229
1.185107898390980e+00	2.057740476431531e-01	3230
1.182327574817189e+00	-2.189253252218600e-01	3231
1.197737183997794e+00	2.541819873331388e-01	3232
1.192233077375737e+00	-2.662101979358176e-01	3233
1.207128692200211e+00	3.106631610825636e-01	3234
1.210614279835204e+00	3.702260174944061e-01	3235
1.207713964468273e+00	4.336001133546905e-01	3236
1.198489344941705e+00	4.980524234047948e-01	3237
1.179806550739193e+00	5.690067670985132e-01	3238
1.154677497194807e+00	6.395993448284780e-01	3239
1.115722201110914e+00	7.150132830054639e-01	3240
1.065287796863502e+00	7.939798514288273e-01	3241
-2.412010490426561e-01	2.329261111861447e-01	3242
-2.429154369752804e-01	3.051194600801848e-01	3243
-2.434259981962987e-01	2.675592399700931e-01	3244
9.868388878270087e-01	8.702034098098299e-01	3245
8.831130683289161e-01	9.390481385398290e-01	3246
7.575768428081942e-01	9.916519989871143e-01	3247
6.258104422743344e-01	1.018350629182265e+00	3248
1.144956638425468e+00	-1.186599936462345e-01	3249
1.103221120793374e+00	-7.477039871800224e-02	3250
1.132112554035408e+00	-9.453217375630764e-02	3251
1.140269301355422e+00	1.007751615114354e-01	3252
-1.458747381772466e-01	-6.389782739513757e-01	3253
-1.033118249853250e-01	-7.003262971444111e-01	3254
-4.994344613318286e-02	-7.658325056695263e-01	3255
-2.873209240027273e-01	-2.501747317615757e-01	3256
-2.778072771293604e-01	2.104519582972832e-01	3257
5.873127807944978e-01	-1.133980641785168e+00	3258
1.062030205750561e+00	-9.324305944391850e-01	3259
-1.044198674402182e-01	8.344774457096059e-01	3260
-2.924914120584462e-01	-3.948159618374644e-01	3261
-2.390509503848684e-01	6.105274114438232e-01	3262
4.294030406969738e-01	1.134935325847780e+00	3263
1.056905617118841e+00	3.994817741889687e-02	3264
1.009103497016730e+00	-1.874178155127641e-03	3265
1.012475616975199e+00	-2.154915923676516e-03	3266
1.064291431327628e+00	-4.475009662327976e-02	3267
-1.420453193554386e-02	-9.309062229825101e-01	3268
2.838911793402394e-01	-1.094850232901285e+00	3269
4.279483634252470e-01	-1.126817863209166e+00	3270
1.024848580847188e+00	-1.358748471467019e-02	3271
-2.078566328285360e-01	6.787057905945767e-01	3272
-8.419520491855460e-02	-8.638665923206738e-01	3273
1.020219976370453e+00	1.018426074577720e-02	3274
1.019793905294914e+00	-1.085821818471442e-02	3275
1.812576984443124e-01	1.056541393240747e+00	3276
1.016580815755235e+00	-7.325008747406497e-03	3277
-1.630886983545771e-01	3.577640297239156e-02	3278
-1.967482728361146e-01	-5.362049620648995e-02	3279
-2.902790053810660e-01	3.291356918211545e-01	3280
1.029157030205002e+00	1.557593311713188e-02	3281
-2.379084115082110e-01	-7.954092328468092e-02	3282
1.066404268484245e+00	4.220384019448768e-02	3283
-2.704003472607122e-01	-1.694787208889540e-01	3284
-2.696262826202250e-01	1.740581692117631e-01	3285
2.988683325729153e-01	1.102604853605612e+00	3286
-2.532363313570838e-01	-5.758826749768559e-01	3287
1.186825689498147e+00	1.381499845849009e-01	3288
1.172103766390004e+00	-7.645050590472545e-01	3289
5.688550333712219e-01	1.144779952032538e+00	3290
-2.797998326040655e-01	-2.087178469988331e-01	3291
1.130524485913055e+00	8.017969790942489e-02	3292
1.678115945566004e-01	-1.049956623564119e+00	3293
-2.285872686718315e-01	-6.417165373893471e-01	3294
1.094769748919825e+00	-6.226937760881478e-02	3295
9.816584876128147e-01	-1.004967582279792e+00	3296
-2.523737525471630e-02	9.174112311109730e-01	3297
1.230064969872511e+00	-6.051737143862906e-01	3298
1.035710620833632e+00	1.973939128798694e-02	3299
-1.656045628101272e-01	7.538015926538038e-01	3300
1.080149777013474e+00	5.347171911281931e-02	3301
1.016858438161055e+00	6.765185690493556e-03	3302
1.024834956914648e+00	1.335666174514951e-02	3303
1.030171641475705e+00	-1.737178731419925e-02	3304
1.027220438776113e+00	-1.538126820948349e-02	3305
-2.888615673353164e-01	3.795369259440323e-01	3306
7.454830978522651e-01	-1.114679351648056e+00	3307
1.014220094223230e+00	-4.723750598032326e-03	3308
1.046146380489476e+00	-2.389539216484349e-02	3309
-2.920045885077852e-01	-2.949357403471332e-01	3310
-2.597488878491007e-01	5.487273529021519e-01	3311
1.244134546135225e+00	-5.409626401907814e-01	3312
1.253522366303857e+00	-4.705850047154770e-01	3313
1.077550185410718e+00	-5.580828028346756e-02	3314
-2.936093151475339e-01	-3.420790496505274e-01	3315
1.205049102132466e+00	-6.848670211696815e-01	3316
8.813902990099460e-01	-1.067394418178479e+00	3317
1.012549630158459e+00	1.742697616425313e-03	3318
6.886347340220476e-02	-9.935070194722450e-01	3319
-1.357425962601961e-01	1.688094585932513e-02	3320
7.163151563662308e-02	9.926616267358208e-01	3321
-2.846609661750258e-01	-4.548108596039923e-01	3322
-2.748574323251977e-01	4.897959521081195e-01	3323
-2.726854094525398e-01	-5.125620803710973e-01	3324
1.047048323252023e+00	2.224439920217645e-02	3325
1.052487619959561e+00	2.631469965090682e-02	3326
1.008349190902876e+00	-1.171566645904137e-03	3327
1.254231447397046e+00	-3.918207505720890e-01	3328
-2.835697604319144e-01	4.326978109300691e-01	3329
1.100809693858259e+00	6.184250554386193e-02	3330
1.121664622149009e+00	-8.494771638366081e-01	3331
-1.489625788087985e-01	-6.524726721235151e-03	3332
1.014393271590732e+00	4.248871536568815e-03	3333
-1.667964476696029e-01	-2.288971536507460e-02	3334
-1.949885176063496e-01	5.395413885564412e-02	3335
-2.596668805742910e-01	1.409849595938952e-01	3336
1.040805131903372e+00	-1.980105309815939e-02	3337
1.007511800711663e+00	-4.028213223124104e-05	3338
1.008386428799568e+00	9.061226060677858e-04	3339
1.009166215658677e+00	1.582287591709729e-03	3340
-2.601547471169006e-01	-1.374372568166515e-01	3341
-2.497253713558550e-01	-1.074871982620599e-01	3342
-2.486292386155028e-01	1.084559938582023e-01	3343
-2.362654800888072e-01	7.915624807032348e-02	3344
1.206024384489845e+00	1.756629772602317e-01	3345
1.188861334746396e+00	-1.524669661530026e-01	3346
1.205857682646474e+00	-1.896927186306478e-01	3347
1.224648125887549e+00	2.210837734772024e-01	3348
1.246221367076355e+00	-3.310094247216906e-01	3349
1.222083324690630e+00	-2.354670397248715e-01	3350
1.241872221352288e+00	2.755771825212766e-01	3351
1.235937236834915e+00	-2.863166191876331e-01	3352
1.254388055273289e+00	3.374638052291964e-01	3353
1.261069130603764e+00	4.039070771821375e-01	3354
1.260852598710333e+00	4.736527333056915e-01	3355
1.251754591157199e+00	5.494800958497839e-01	3356
1.234894006814190e+00	6.277445847167873e-01	3357
1.205173957322324e+00	7.126846125060039e-01	3358
1.163946590670389e+00	8.003425058814264e-01	3359
-2.844152997762612e-01	2.474689005357888e-01	3360
-2.892735763817488e-01	2.869249657176743e-01	3361
1.097721483781608e+00	9.042917766784769e-01	3362
9.982719659418487e-01	9.975816991995353e-01	3363
8.684263198077197e-01	1.076058690476599e+00	3364
7.181326510739132e-01	1.127430179151207e+00	3365
1.172665650775492e+00	-1.221852205473753e-01	3366
1.122784075444328e+00	-7.630902988938462e-02	3367
1.156682894419839e+00	-9.704719718456210e-02	3368
1.167481983082966e+00	1.054585350218817e-01	3369
-1.918382800148817e-01	-7.157315353175511e-01	3370
-1.448092037120854e-01	-7.880073132775057e-01	3371
5.009613954359454e-01	-1.268603564607304e+00	3372
-1.388737548080065e-01	9.479416456366856e-01	3373
-3.488605317963372e-01	-3.692910633896667e-01	3374
1.059932234699295e+00	3.204167939046227e-02	3375
1.051279252969732e+00	-2.918301440370082e-02	3376
-4.183918182567895e-02	-1.053238442819623e+00	3377
5.782678234485598e-02	-1.126881133229246e+00	3378
1.175088451211589e+00	-9.513236508414747e-01	3379
9.992758747946465e-01	-1.145704762151115e+00	3380
-2.118650643746106e-01	8.533685325842180e-01	3381
1.010402670837425e+00	7.953137233619502e-04	3382
-1.556330872901761e-01	1.816018774179133e-02	3383
1.246570780043289e+00	1.853494274455364e-01	3384
3.331566632900441e-01	1.249545989548143e+00	3385
-1.919996727121528e-01	-8.872750389449867e-01	3386
6.636112720236012e-02	1.130163346883629e+00	3387
1.077286906411321e+00	4.542098099054357e-02	3388
1.112546027811001e+00	-6.047634597508633e-02	3389
6.829448348790514e-01	-1.262910169564635e+00	3390
1.028673794826854e+00	1.118620913865257e-02	3391
-2.627251671132756e-01	7.596692732816963e-01	3392
1.014069785382123e+00	-2.929547098149904e-03	3393
1.035997344883443e+00	-1.567263114057216e-02	3394
1.268206184043011e+00	-7.579986493479578e-01	3395
-3.484924901330693e-01	-4.322607713697580e-01	3396
1.100909098125154e+00	-1.056866097095676e+00	3397
1.016355427170419e+00	-5.398698858163655e-03	3398
-3.201199149097108e-01	6.036463745285373e-01	3399
1.010366884760152e+00	-1.132560585880682e-03	3400
-3.240946409281473e-01	2.212021865008851e-01	3401
1.092878267194980e+00	5.239540539981511e-02	3402
-1.865043690578237e-01	-2.645787739252689e-02	3403
1.016556499673740e+00	4.844788614955384e-03	3404
-2.249251472548231e-01	-5.333716101835234e-02	3405
1.225332879374036e+00	-1.584945708004173e-01	3406
4.907887982500289e-01	1.278120957793125e+00	3407
6.610714852188531e-01	1.274608628664456e+00	3408
1.119958975773398e+00	6.270078717294467e-02	3409
-1.232841647328293e-01	-9.740817704362137e-01	3410
-3.448511168454707e-01	4.120438347913852e-01	3411
-3.264163746203064e-01	-2.213792684422024e-01	3412
-2.960776511331705e-01	6.782897857124746e-01	3413
1.062308127408709e+00	-3.522155554069012e-02	3414
1.012512479120373e+00	-2.064377869047562e-04	3415
1.788967659355510e-01	-1.192467710337489e+00	3416
3.263959029272003e-01	-1.241662862094117e+00	3417
1.023781801379787e+00	-9.535941496821392e-03	3418
1.019457144863802e+00	-7.816606940236446e-03	3419
1.941318048303651e-01	1.200417341868111e+00	3420
-3.442736227043166e-01	3.559115415479396e-01	3421
-2.232833823880328e-01	5.309730962132939e-02	3422
1.227519816411700e+00	-8.552605759847164e-01	3423
-3.138313744948000e-01	-1.795406318520993e-01	3424
-3.133232191802383e-01	1.832217217866902e-01	3425
1.154957330274495e+00	8.244947711499141e-02	3426
-3.131073844697797e-01	-6.354156810859160e-01	3427
-4.548793151325935e-02	1.045274711559020e+00	3428
1.292342968422806e+00	-6.688208557960728e-01	3429
1.019757306478598e+00	7.147668902056881e-03	3430
1.030935827468431e+00	-1.307160390867845e-02	3431
1.028235605675768e+00	-1.158442333635711e-02	3432
1.041904855126471e+00	1.828776362117334e-02	3433
1.047047785437881e+00	-1.722113679110812e-02	3434
1.307299878709667e+00	-5.887064731749984e-01	3435
1.313583223237419e+00	-5.146475003749146e-01	3436
1.075009758706898e+00	-4.786426054722305e-02	3437
-3.368955775639784e-01	-2.673084217022286e-01	3438
-3.403728513452973e-01	3.067948444777434e-01	3439
8.579330982056047e-01	-1.220035481746734e+00	3440
1.014173508459849e+00	2.459016560655093e-03	3441
-3.326850984920455e-01	-5.652208210148972e-01	3442
-3.338505555870522e-01	5.365486360040990e-01	3443
-3.431498782137923e-01	-4.966905970649717e-01	3444
1.053702450718393e+00	1.900500590243403e-02	3445
1.311667339911393e+00	-4.320025489719135e-01	3446
-3.423975679852954e-01	4.710669237749136e-01	3447
-1.709469769069149e-01	-1.234089869472910e-04	3448
-1.869271034749025e-01	3.509969649635199e-02	3449
-3.005063538286630e-01	1.465669017996288e-01	3450
-2.732082730494157e-01	-8.087535909189811e-02	3451
1.009409290754122e+00	-9.855721684990296e-05	3452
-3.004976749062457e-01	-1.419499155411699e-01	3453
-2.868177505021651e-01	1.134309332401631e-01	3454
-2.872510295291236e-01	-1.109924088472747e-01	3455
-2.719332154740955e-01	8.114831490948242e-02	3456
1.222434014772918e+00	1.434264673239410e-01	3457
1.247140433761109e+00	-2.010241865550504e-01	3458
1.270805049221864e+00	2.361800605688211e-01	3459
1.285609931983698e+00	-2.986239728138941e-01	3460
1.268183831832163e+00	-2.504384131473895e-01	3461
1.292455899517793e+00	2.972398633537540e-01	3462
1.300953116289225e+00	-3.550095761184697e-01	3463
1.309454802537652e+00	3.651131008044849e-01	3464
1.319823679058985e+00	4.385433788680332e-01	3465
1.321535150290233e+00	5.189077316559092e-01	3466
1.314935484616919e+00	6.034693047770525e-01	3467
1.296189418137946e+00	6.961820298426777e-01	3468
1.265382845993416e+00	7.936835199156163e-01	3469
-3.336699051526156e-01	2.613914074019535e-01	3470
-3.440331047509347e-01	-3.164525839935256e-01	3471
1.214575326526884e+00	9.044458468916512e-01	3472
1.129378827680880e+00	1.035905436862105e+00	3473
1.000823742009367e+00	1.145728440930921e+00	3474
8.389419069682383e-01	1.230640839331776e+00	3475
1.204274116291771e+00	-1.249057814684936e-01	3476
1.145089813680050e+00	-7.683673636682245e-02	3477
1.184444818045287e+00	-9.718685740991342e-02	3478
1.198646860426845e+00	1.089611231394862e-01	3479
-2.857778090737014e-01	-7.157557993495702e-01	3480
-2.444375475682401e-01	-8.008746107409054e-01	3481
3.901661550159832e-01	-1.404745759900794e+00	3482
1.047852550082871e+00	1.534420838688701e-02	3483
-4.108965855293286e-01	-4.007916963019998e-01	3484
9.963798699191764e-01	-1.312582385445014e+00	3485
-4.097173171497572e-01	4.444254399610046e-01	3486
1.014155372686174e+00	-1.069937194302044e-03	3487
1.132818884433476e+00	-5.953847731197796e-02	3488
2.161571790302823e-01	1.362980302775599e+00	3489
5.804695228336197e-01	1.431078453734422e+00	3490
3.861904581759770e-01	1.413249178035738e+00	3491
1.183043069178935e+00	8.342193459162060e-02	3492
1.060498210186477e+00	-2.552737511402502e-02	3493
-3.628398545577394e-01	7.536625473056352e-01	3494
-3.058767108611249e-01	-8.968001175697019e-01	3495
1.072539462526357e+00	3.347271323910861e-02	3496
5.964258610274258e-01	-1.420280217048115e+00	3497
1.233229523548621e+00	-1.071620779686922e+00	3498
1.025068833659873e+00	9.299706204386542e-03	3499
1.032928238924228e+00	1.295417632632326e-02	3500
1.294651261658430e+00	-9.546848403853686e-01	3501
-3.622323994189725e-01	1.897582198645835e-01	3502
1.142056928246176e+00	6.282311917117220e-02	3503
-3.989042094302197e-01	3.268622946124735e-01	3504
1.022687247316803e+00	-6.008764159455299e-03	3505
1.035478601717428e+00	-1.048685229433662e-02	3506
-3.295968209640218e-01	1.149754587533465e-01	3507
-4.026050571264688e-01	5.858280116677641e-01	3508
1.053216677027637e+00	-2.165486823267804e-02	3509
-3.764183578172098e-01	2.299081164426377e-01	3510
1.106958992477882e+00	4.858453422438412e-02	3511
-1.976997340631098e-01	-1.930733223904053e-03	3512
-3.631324006790344e-01	-1.872377260217278e-01	3513
1.037661187555830e+00	1.418952609825755e-02	3514
-2.133372037418826e-01	-2.953138687152797e-02	3515
1.293635895782045e+00	1.938245071019610e-01	3516
7.884154122386601e-01	1.402022365527997e+00	3517
-4.110499015700495e-01	-5.417618710172178e-01	3518
1.086868714734241e+00	-4.846257225532610e-02	3519
-4.136305083208704e-01	-4.697472991770204e-01	3520
-1.761737664167174e-01	1.078493420411581e+00	3521
-2.573315802818218e-01	-5.100657263551372e-02	3522
1.102349711124661e+00	-4.808665219628468e-02	3523
1.041806387338596e+00	-1.366212526088606e-02	3524
-6.907489565995927e-02	-1.193663459321435e+00	3525
-2.615703960032927e-01	9.681458111301378e-01	3526
-4.086383473492673e-01	5.131891301430396e-01	3527
-1.658781132291473e-01	-1.098806735545387e+00	3528
6.490384929044958e-02	1.286517022147269e+00	3529
-3.240632648945852e-01	8.543231309722421e-01	3530
1.016275870267416e+00	3.110937008929632e-03	3531
1.337827525401032e+00	-8.446470509575060e-01	3532
1.137897221213056e+00	-1.202360754272429e+00	3533
1.016143255106467e+00	-3.658237944015743e-03	3534
-3.878812431950417e-01	6.670087437652927e-01	3535
1.019041815832991e+00	5.441058752598749e-03	3536
1.240591436145278e+00	-1.257285633634045e-01	3537
-2.453926675296249e-01	-9.996012332716769e-01	3538
-3.928097608608935e-01	-2.839787307687058e-01	3539
5.260271727870163e-02	-1.280192283576943e+00	3540
2.061534161806104e-01	-1.355074100741905e+00	3541
1.018811752564522e+00	-6.086986926103327e-03	3542
-4.055063434505823e-01	3.833976139600429e-01	3543
-3.997172023162498e-01	-6.213629970042108e-01	3544
-6.643057891051619e-02	1.190756422439205e+00	3545
1.365917316186703e+00	-7.369349739636580e-01	3546
1.022797611087817e+00	8.244932309502797e-03	3547
1.031480784870155e+00	-8.900568228425769e-03	3548
1.027448881056430e+00	-7.450885972778440e-03	3549
1.379098923283510e+00	-6.438530430513921e-01	3550
1.383915880574243e+00	-5.581630625127613e-01	3551
1.072304866685840e+00	-3.762116508016177e-02	3552
8.067559443272341e-01	-1.391143184634254e+00	3553
1.014187393936993e+00	5.963010359332848e-04	3554
1.060463578949163e+00	2.356023974314720e-02	3555
1.378641613125612e+00	-4.720736374314295e-01	3556
-2.138204217656499e-01	3.454010791696608e-02	3557
-1.784554050965423e-01	2.054215847514082e-02	3558
-3.466261130421438e-01	1.508634085258178e-01	3559
-3.463384616737377e-01	-1.465864842355060e-01	3560
-2.562219357774073e-01	5.087238807526225e-02	3561
-3.292429499291890e-01	-1.111088454964736e-01	3562
-3.120207316242906e-01	8.201480421746181e-02	3563
-3.126421154574279e-01	-8.061386496822270e-02	3564
1.263235896972381e+00	1.476296489573483e-01	3565
1.267214850221402e+00	-1.640895485873538e-01	3566
1.319582135379555e+00	-2.593217680501533e-01	3567
1.294710533626501e+00	-2.101916705236704e-01	3568
1.323726517859144e+00	2.514665532517931e-01	3569
1.342834161395522e+00	-3.135930211235471e-01	3570
1.351134255833761e+00	3.182390885707752e-01	3571
1.363648703816871e+00	-3.858200619538317e-01	3572
1.373137451186828e+00	3.931572900936169e-01	3573
1.387082464812097e+00	4.768567823833557e-01	3574
1.392516910448759e+00	5.664631235221294e-01	3575
1.386341677490999e+00	6.655545444065393e-01	3576
1.368156207442109e+00	7.718150298796655e-01	3577
-3.889181388800542e-01	2.763870371831899e-01	3578
-3.794038422790413e-01	-2.331520476560817e-01	3579
-4.037880649126711e-01	-3.373192668778467e-01	3580
1.332370121926646e+00	8.904904141024617e-01	3581
1.266541256783827e+00	1.030128220310158e+00	3582
1.146803671858482e+00	1.184732424367366e+00	3583
9.890134591969741e-01	1.316996529479963e+00	3584
1.169852243249854e+00	-7.599033992916394e-02	3585
1.215832589739809e+00	-9.585327224023794e-02	3586
1.234107404731197e+00	1.097551970290621e-01	3587
-3.816527550196665e-01	-7.031412566373737e-01	3588
-3.493831474028361e-01	-7.987862506221191e-01	3589
1.042930720610712e+00	1.219165869104760e-02	3590
1.016144488874425e+00	1.544120865366363e-03	3591
7.096608910649514e-02	1.464714262826043e+00	3592
1.087015561977283e+00	3.718991663527213e-02	3593
1.161238795018495e+00	-1.379002747074728e+00	3594
1.025999551320095e+00	-3.685848245116449e-03	3595
4.801576056332444e-01	-1.582461945203372e+00	3596
-3.976944552719592e-01	-1.488956159186812e-01	3597
-2.934823487638691e-01	4.621107670951954e-02	3598
-3.565751790641929e-01	7.921747308968252e-02	3599
1.120289075628973e+00	-4.495036646327853e-02	3600
1.167172822162930e+00	6.183688514747342e-02	3601
7.095743159224402e-01	1.586996611298569e+00	3602
-2.160165011707994e-01	1.228470695174535e+00	3603
-4.759165710300309e-01	4.092739814103698e-01	3604
2.549362680738277e-01	-1.538599127313180e+00	3605
-4.651748350560221e-01	7.366445067382231e-01	3606
-4.887719402128363e-01	-5.081551461096007e-01	3607
1.155466444746999e+00	-5.717979598589615e-02	3608
-3.052930421713911e-01	-1.128571035633762e+00	3609
9.650013191496066e-01	-1.505945822401444e+00	3610
-4.823783285014549e-01	-4.321519860952164e-01	3611
-3.775890026197581e-01	1.140201281753443e-01	3612
1.069536898698014e+00	-2.834984056955372e-02	3613
-3.755219669595655e-01	-1.006524725941923e+00	3614
1.068394763596134e+00	2.835500493961123e-02	3615
-2.434219238352829e-01	-2.947566768870853e-02	3616
-4.716625976725735e-01	-3.615245076684759e-01	3617
1.282194508942322e+00	-1.255049540816487e-01	3618
1.310194376960975e+00	1.495474405444086e-01	3619
1.347494601514148e+00	-2.145793631538575e-01	3620
1.214524869571045e+00	8.261910271819609e-02	3621
1.384816612398293e+00	2.650294449161075e-01	3622
9.550250570456695e-01	1.512311495453930e+00	3623
1.054166975577355e+00	1.173925616099455e-02	3624
-4.833836139880800e-01	4.800991026601954e-01	3625
2.555539780241832e-01	1.546393020375349e+00	3626
4.689479247418745e-01	1.592199923531602e+00	3627
1.292764436218583e+00	-1.215792271961347e+00	3628
1.370873979721305e+00	-1.069811735080516e+00	3629
-3.979864876167873e-01	1.526980043688105e-01	3630
1.096615607050913e+00	3.846934291427950e-02	3631
-4.806552286605029e-01	6.421818111854790e-01	3632
1.060296075798342e+00	-1.719236405615430e-02	3633
1.053915257458852e+00	-1.421172550001427e-02	3634
1.127653936689517e+00	4.596966872802751e-02	3635
-2.270857455912108e-01	3.471884817980312e-03	3636
-4.171090568314746e-01	1.928620096218198e-01	3637
-4.188999224950390e-01	-1.930236927233311e-01	3638
1.036416138598778e+00	9.229586732163718e-03	3639
1.083691051572504e+00	-4.008992924392901e-02	3640
-4.386507758544423e-01	8.411877363156329e-01	3641
-2.439645575496135e-01	3.062295726652626e-02	3642
1.047639693174443e+00	-1.074297470165653e-02	3643
1.040835637278402e+00	-7.745537864980378e-03	3644
-2.120639347347250e-01	-1.242253170019314e+00	3645
-3.147028684727023e-01	1.098413059405226e+00	3646
-4.853364413946268e-01	5.563249784613513e-01	3647
-3.910483017478133e-01	9.658929964180880e-01	3648
1.018660520280649e+00	3.617161904449363e-03	3649
1.418831664795811e+00	-9.403135808298769e-01	3650
1.016073386170984e+00	-2.089429900298973e-03	3651
-4.388876426359119e-01	-2.443511126898334e-01	3652
-4.516502750166922e-01	2.901746028739357e-01	3653
-9.319497125562931e-02	-1.355755538581317e+00	3654
6.071936172450296e-02	-1.457573957963501e+00	3655
1.018503401452209e+00	-4.252823022241925e-03	3656
-4.871392260859960e-01	-5.928447733809878e-01	3657
-4.244394879737524e-01	-8.903513332430646e-01	3658
-8.585311675226674e-02	1.357023220895062e+00	3659
1.449195283353228e+00	-8.165355031268333e-01	3660
1.035054183291332e+00	-5.754884351638982e-03	3661
1.032320125594754e+00	8.396349659967937e-03	3662
1.030730718142559e+00	-4.681472382791382e-03	3663
1.028494703180689e+00	7.133379139182694e-03	3664
1.462925082176028e+00	-7.035138843198991e-01	3665
1.347672100575442e+00	2.019715093746078e-01	3666
1.464174590632554e+00	-6.059243492031788e-01	3667
1.094358532766620e+00	-3.629261978790494e-02	3668
7.249168305732532e-01	-1.576341389227235e+00	3669
1.016124853970198e+00	-2.731294109942917e-04	3670
1.061108153535456e+00	1.528386078223885e-02	3671
-2.024637971189275e-01	1.613423913522626e-02	3672
-3.767150099155179e-01	-1.098418443755714e-01	3673
-2.936989724493875e-01	-4.780046876722290e-02	3674
-3.562603137967445e-01	-7.641432113335186e-02	3675
1.315202898416842e+00	-1.669762431516197e-01	3676
1.378474040500977e+00	-2.664777433884093e-01	3677
1.408946497986215e+00	-3.339455794966382e-01	3678
1.418711027366090e+00	3.386701207583022e-01	3679
1.436516267762207e+00	-4.178901852302207e-01	3680
1.446030021338264e+00	4.235836763263322e-01	3681
1.456132490503071e+00	-5.108132322303650e-01	3682
1.465162874285296e+00	5.165965894486712e-01	3683
1.473206780242853e+00	6.206801456300681e-01	3684
1.469667789772960e+00	7.338580745662086e-01	3685
-4.351443376512554e-01	2.389701138753279e-01	3686
-4.565261270219344e-01	-2.983666659578650e-01	3687
-4.663053005598870e-01	3.476543434810593e-01	3688
1.450097224314003e+00	8.604642248929862e-01	3689
1.403830944114449e+00	1.008466141888944e+00	3690
1.308977045720667e+00	1.185260981391576e+00	3691
1.179811293438103e+00	1.381650851216168e+00	3692
1.197860422881545e+00	-7.252081471970169e-02	3693
1.251408824932136e+00	-9.178237521561314e-02	3694
1.274451256014798e+00	1.086455284345031e-01	3695
-4.783724304802643e-01	-6.812633322449652e-01	3696
-4.583070430238605e-01	-7.818558999579733e-01	3697
1.022657060552143e+00	-2.445295689979359e-03	3698
-5.543444988402159e-01	8.152869316203994e-01	3699
1.250418721922400e+00	7.865175567628778e-02	3700
-2.581598303601161e-01	2.102342480539441e-03	3701
-5.229096933824432e-01	3.026082907915814e-01	3702
1.158186929714246e+00	-1.590195888960601e+00	3703
1.140668316144894e+00	-4.138521356258081e-02	3704
8.924393558589815e-02	-1.661658052295177e+00	3705
-4.049971583581284e-01	-6.932423751348304e-02	3706
-1.003464634351424e-01	1.547775993416033e+00	3707
1.068687711986382e+00	1.949186507201948e-02	3708
-2.762992943394119e-01	2.468980345138673e-02	3709
-3.752160471591124e-01	1.247717715051157e+00	3710
1.195572713971845e+00	5.900631760974905e-02	3711
1.407067201283505e+00	-2.145065193666805e-01	3712
6.070403727021981e-01	-1.769915533270648e+00	3713
-4.789315958093630e-01	1.951706500128000e-01	3714
-5.671756087323100e-01	5.162253244020769e-01	3715
-5.686688736615864e-01	7.053740098527430e-01	3716
-5.753567099566673e-01	-6.459016214645491e-01	3717
5.945402042323011e-01	1.780300678006921e+00	3718
3.318239314258561e-01	-1.742441331083810e+00	3719
-5.732912527366739e-01	-5.518120784762262e-01	3720
-5.485868748464411e-01	-3.856611863447232e-01	3721
-5.230070694300891e-01	9.453742104984890e-01	3722
1.018294627342775e+00	-1.240931450589601e-03	3723
1.035210945569627e+00	4.622484410527477e-03	3724
1.033882523206912e+00	-1.278513527566928e-03	3725
1.029095269367946e+00	-7.665710646635884e-04	3726
1.454421027334730e+00	2.772001836431442e-01	3727
-5.413039497880205e-01	3.675297140695363e-01	3728
1.329558168998896e+00	-1.219611848506234e-01	3729
-4.540922334805494e-01	-1.132562883851878e+00	3730
1.156786396389882e+00	1.598318083706473e+00	3731
8.885226318203254e-01	1.730090109730501e+00	3732
1.110916466145830e+00	3.415161393717105e-02	3733
-5.642645687286844e-01	-4.632103602546355e-01	3734
1.021193067237121e+00	-4.743643081898662e-03	3735
9.229122565083739e-02	1.668382393597612e+00	3736
1.068371560767817e+00	-2.114295376186360e-02	3737
-4.550673095309748e-01	1.500385519776642e-01	3738
-3.338181210613005e-01	4.452559362567332e-02	3739
-3.342810517279635e-01	-4.210894174359151e-02	3740
-2.759540351865367e-01	-2.354203762926595e-02	3741
-2.569001893683398e-01	1.401243791363699e+00	3742
-5.560793057651067e-01	4.367147914386929e-01	3743
-4.554300101362915e-01	-1.480322289436374e-01	3744
1.180315743710312e+00	-5.310166091791347e-02	3745
-5.104204339700856e-01	-9.945605368443565e-01	3746
8.977905311000304e-01	-1.722521495323175e+00	3747
-4.309731112828179e-01	1.104212507242898e-01	3748
1.048242678206575e+00	8.630515214536526e-03	3749
1.109058049780288e+00	-3.497881544468307e-02	3750
1.060824210332567e+00	7.237791853543156e-03	3751
3.243195888733910e-01	1.751032207857178e+00	3752
1.344409335755779e+00	-1.392663641316238e+00	3753
1.453234894567799e+00	-1.208292478204551e+00	3754
1.150827417989377e+00	4.342902387731900e-02	3755
1.060127964950710e+00	-9.295911797227744e-03	3756
1.080127674328907e+00	-2.965922831724494e-02	3757
1.053840780827014e+00	-6.984079751258573e-03	3758
1.041698057090369e+00	6.236625119977324e-03	3759
1.046461614375670e+00	-4.251599336867670e-03	3760
-3.698091858511929e-01	-1.276087038278058e+00	3761
-5.728539571621057e-01	6.043606040847740e-01	3762
-4.653732881504445e-01	1.097704662863833e+00	3763
1.021369232617492e+00	4.006732255577368e-03	3764
1.512371128901123e+00	-1.049004624987478e+00	3765
-5.060765261110566e-01	-2.520084432389896e-01	3766
-2.583373232806492e-01	-1.409256009079941e+00	3767
-1.078614708215126e-01	-1.544586641415233e+00	3768
1.544550148430405e+00	-9.059043024707281e-01	3769
1.039485473588219e+00	-2.325299381952403e-03	3770
1.031601986829225e+00	4.125590462240405e-03	3771
1.558866103331956e+00	-7.728516086676460e-01	3772
1.557390636242019e+00	-6.562143971777469e-01	3773
1.018330921658416e+00	6.132653034038966e-04	3774
-4.060928304219587e-01	7.286666242873593e-02	3775
-4.297826422215140e-01	-1.062412388253022e-01	3776
1.368528712131158e+00	-1.658337075223416e-01	3777
1.364095862922307e+00	1.502944276616129e-01	3778
1.446538561507699e+00	-2.766525058707394e-01	3779
1.409783061037042e+00	2.074729569723015e-01	3780
1.485890606249193e+00	-3.554959526361875e-01	3781
1.496049614210675e+00	3.602014069064585e-01	3782
1.520401861734342e+00	-4.490247057727701e-01	3783
1.530198887819177e+00	4.542662092638348e-01	3784
1.544351662026327e+00	-5.515283240669023e-01	3785
1.554134800505734e+00	5.615600597078620e-01	3786
1.567062331883989e+00	6.796699297230031e-01	3787
-5.014653505194556e-01	2.458012230895468e-01	3788
-4.817985708983278e-01	-1.977947624907833e-01	3789
-5.290743935206080e-01	-3.140627647857748e-01	3790
1.565427534804888e+00	8.127833522986198e-01	3791
1.539840164156174e+00	9.688994257559587e-01	3792
1.473450022641311e+00	1.158555742634680e+00	3793
1.369492553423660e+00	1.364255478736017e+00	3794
1.229288135950775e+00	-6.699600752251250e-02	3795
1.291961119524115e+00	-8.593262512485143e-02	3796
1.320399951186907e+00	1.042716782101044e-01	3797
-5.459492327545717e-01	-8.683712603541150e-01	3798
-5.676488511170555e-01	-7.510097401783039e-01	3799
-1.055333778540812e-01	-1.764625274754752e+00	3800
1.176424865546471e+00	3.922105259180839e-02	3801
-2.960065545236966e-01	1.601065518192091e+00	3802
-4.594197951887538e-01	-5.933092237551649e-02	3803
-6.109055745835339e-01	-3.299157139603637e-01	3804
1.132512506523233e+00	2.811030485563599e-02	3805
1.163242410171837e+00	-3.606087567090299e-02	3806
-5.432584502893367e-01	1.247292946684943e+00	3807
-6.630466878912411e-01	5.544477853962232e-01	3808
-6.702461957168290e-01	7.747856857834665e-01	3809
1.025360884861483e+00	-3.761338870812209e-05	3810
1.265096831199283e+00	-5.827429449956995e-02	3811
7.782904721577897e-01	1.963824412860481e+00	3812
-3.800339197510307e-01	-3.672534558128279e-02	3813
1.079855324125072e+00	2.497196622135124e-02	3814
1.126096867992805e+00	-2.855284809497245e-02	3815
1.068742018277772e+00	1.069780749876190e-02	3816
4.378528323571557e-01	1.974179431048208e+00	3817
1.052284124064632e+00	6.545455575035356e-05	3818
-6.475615938238551e-01	-9.647371541370782e-01	3819
1.467166808630194e-01	-1.892901085323509e+00	3820
1.045615386570762e+00	2.005886487905376e-03	3821
1.020374035898790e+00	1.294530091402808e-03	3822
-3.736850809006828e-01	1.175189246416239e-03	3823
-3.118007650441253e-01	1.381842445923254e-02	3824
1.534728850956444e+00	2.884033000709883e-01	3825
1.288874295767154e+00	1.535386247163936e+00	3826
1.208053486275410e+00	-4.594687978268568e-02	3827
-6.705811891040678e-01	-5.964291336168285e-01	3828
-6.079381922661067e-01	-1.114513866678656e+00	3829
-6.551280670653966e-01	9.087875326495487e-01	3830
1.475631546961519e+00	-2.148872074308186e-01	3831
-6.684004424683023e-01	-8.299844567346489e-01	3832
1.118757232532466e+00	-1.836035439830410e+00	3833
-1.030221828333204e-01	1.767786179048208e+00	3834
1.100148116807239e+00	2.452923504680293e-02	3835
-4.404978428097685e-01	1.421261684144547e+00	3836
1.227107855518840e+00	5.396501724382030e-02	3837
4.484226300860120e-01	-1.964594008133103e+00	3838
-6.571812516678742e-01	-4.981857196210076e-01	3839
-6.174510374198072e-01	1.068733388002006e+00	3840
1.024909664703245e+00	5.180687004204884e-03	3841
1.027580095335122e+00	3.083851790443341e-03	3842
1.290887053628718e+00	7.214787994658511e-02	3843
1.382339071218384e+00	-1.146334736100805e-01	3844
-6.761511655402540e-01	-7.058040770080072e-01	3845
1.112526472748069e+00	1.844688002383865e+00	3846
-6.465511600687776e-01	4.647036563439413e-01	3847
1.020538281910171e+00	-1.179052378541485e-03	3848
1.415953329426523e-01	1.899741537064658e+00	3849
1.067900681628288e+00	-1.253005787607831e-02	3850
-3.780271785345092e-01	3.586660749092432e-02	3851
-3.023919530145993e-01	-1.112611072664420e-02	3852
-6.363353316706086e-01	-4.079727788750258e-01	3853
-6.266653958968911e-01	3.855077829807035e-01	3854
-5.190867596627866e-01	1.449467055204208e-01	3855
-5.205396380965149e-01	-1.451152662659867e-01	3856
7.862900943286274e-01	-1.955346373961632e+00	3857
-4.898379423882088e-01	1.016076671885830e-01	3858
-4.611316466075830e-01	6.322899113624676e-02	3859
1.100662154508482e+00	-2.345223682352892e-02	3860
1.091900947535670e+00	-2.309447176331475e-02	3861
1.053938432207804e+00	4.315988847473673e-03	3862
1.378634190317803e+00	-1.612056794362653e+00	3863
1.533763885312277e+00	-1.380658522672346e+00	3864
1.077894790438921e+00	-2.328440398343202e-02	3865
1.059392875605439e+00	-1.662255531345493e-03	3866
-5.401299054662728e-01	-1.279232005395121e+00	3867
-6.719971175030027e-01	6.592657063201330e-01	3868
1.616772364660458e+00	-1.178830593454976e+00	3869
-5.518902701762178e-01	-1.986671670967462e-01	3870
-5.761662118307200e-01	2.500114744937479e-01	3871
-4.368367869333185e-01	-1.445043407669779e+00	3872
-2.992713807849608e-01	-1.605697418310623e+00	3873
1.654944766964510e+00	-1.006275013018279e+00	3874
1.668281193417250e+00	-8.522595716063891e-01	3875
1.664589472487790e+00	-7.135014378919664e-01	3876
-4.889320175003260e-01	-9.844630212619684e-02	3877
1.480371058252284e+00	2.110180399926342e-01	3878
1.525672343774796e+00	-2.867364527494400e-01	3879
1.425766284330608e+00	1.474624428583010e-01	3880
1.427870515985773e+00	-1.587639478977898e-01	3881
1.574491575399012e+00	-3.762689148838649e-01	3882
1.584974216291073e+00	3.806712484185873e-01	3883
1.615786681714941e+00	-4.810885820528414e-01	3884
1.626231918192602e+00	4.886648316797743e-01	3885
1.646168497122388e+00	-5.922950049871800e-01	3886
1.657313779715058e+00	6.094771215335775e-01	3887
-5.480398454163145e-01	1.946583304959216e-01	3888
-5.822950974814139e-01	-2.587541726828052e-01	3889
-6.029594053800390e-01	3.149806823583294e-01	3890
1.675342449937260e+00	7.469387050608616e-01	3891
1.672152216908608e+00	9.097030563329266e-01	3892
1.635225524505413e+00	1.107814872234420e+00	3893
1.558336889438630e+00	1.329383177752420e+00	3894
1.337745044470699e+00	-7.610741025922971e-02	3895
1.372997116645458e+00	9.774182905050441e-02	3896
-5.079213945142629e-01	1.624239739582214e+00	3897
-7.721424403031466e-01	5.980732236471406e-01	3898
1.077472693302930e+00	1.519335496829017e-02	3899
-7.688568133875838e-01	1.020405882468736e+00	3900
1.114210801323164e+00	1.961284281906063e-02	3901
-4.254804411273285e-01	-1.746911387002324e-02	3902
1.252014749580115e+00	-1.775253817046360e+00	3903
1.204813609848133e+00	3.263823759018605e-02	3904
1.301975851864147e+00	1.732329508983314e+00	3905
1.023312258007067e+00	6.838724282369564e-04	3906
1.555040311910689e+00	-2.132945284268134e-01	3907
1.262720184106970e+00	4.511442199845436e-02	3908
-3.276771884491317e-01	-1.837549357120541e+00	3909
1.146132342841815e+00	-2.216418684050381e-02	3910
-7.224937019092328e-01	1.217633368918432e+00	3911
1.030087293186471e+00	-2.112325258542483e+00	3912
2.350538620585088e-01	2.158061891557669e+00	3913
-5.188872021413908e-01	-4.493275194389729e-02	3914
1.786929759265938e+00	-7.799887819213465e-01	3915
-6.932077706223110e-01	3.238900953050978e-01	3916
1.626822535714900e+00	2.975722637816791e-01	3917
-7.818353363318578e-01	-6.452903758742289e-01	3918
1.115553236325509e+00	-2.145417101455355e-02	3919
1.780322604776173e+00	-1.124901429981256e+00	3920
-7.860760471976510e-01	8.560044961687912e-01	3921
-4.273853906387879e-01	2.287542598554914e-02	3922
-6.601182621887988e-01	2.533525666440077e-01	3923
2.448102580520043e-01	-2.150115335986319e+00	3924
1.337316285603188e+00	6.164424560312577e-02	3925
1.495614866609806e+00	-1.498521379380411e-01	3926
-5.904384074473117e-01	1.365600151129418e-01	3927
1.488476055182922e+00	1.516197802097760e+00	3928
1.239099659516128e+00	-3.625708571637998e-02	3929
1.495909816876234e+00	1.419948886927442e-01	3930
-3.274923918003501e-01	1.833657368920909e+00	3931
-7.625184958601576e-01	-5.335551286601754e-01	3932
1.156512793757640e+00	2.260776237422179e-02	3933
-6.326458965323992e-01	1.418087067121057e+00	3934
1.023732305472514e+00	2.120830599316107e+00	3935
6.161462962578891e-01	2.203235569800556e+00	3936
-7.849973145492307e-01	-9.166938805459856e-01	3937
-7.634523255308821e-02	-2.018986298220449e+00	3938
1.187714010953836e+00	-2.877696509198574e-02	3939
-7.636189161699594e-01	-1.075260058439524e+00	3940
1.305350836866023e+00	-4.692436045092013e-02	3941
-7.904901332077913e-01	-7.749580384295931e-01	3942
-8.136382495737091e-02	2.021980228730193e+00	3943
1.089683684377951e+00	1.414745421481621e-02	3944
-7.497348351336748e-01	4.922231439262781e-01	3945
1.067141216446910e+00	-4.242090708457996e-03	3946
-7.362076999494611e-01	-4.321066240653590e-01	3947
-7.244981596142535e-01	4.030762199075859e-01	3948
-7.036672830754109e-01	-3.425720371309731e-01	3949
6.236308753897581e-01	-2.194180484449737e+00	3950
-5.553325249116625e-01	8.879666823687023e-02	3951
-5.206812173327312e-01	4.842405716032945e-02	3952
1.067721156786214e+00	1.707778570047788e-03	3953
1.606026597957287e+00	-1.597351872717771e+00	3954
1.076857291422853e+00	-1.633265257058088e-02	3955
-7.164990902350337e-01	-1.255204588021067e+00	3956
-7.848080951405775e-01	7.189538275461905e-01	3957
1.725596531671405e+00	-1.342012642188426e+00	3958
-6.307943290888913e-01	-1.961936598988312e-01	3959
-6.342960796164216e-01	-1.452629756052370e+00	3960
-5.061479536941738e-01	-1.643305991950187e+00	3961
1.794863915243555e+00	-9.411529866433156e-01	3962
-5.552791705038833e-01	-8.727730597382005e-02	3963
1.616897066932794e+00	-2.954282685795613e-01	3964
1.561491934139714e+00	2.113408313092930e-01	3965
1.440437442781124e+00	-1.006129048891976e-01	3966
1.675460691540436e+00	-3.973595543650841e-01	3967
1.686552376641613e+00	4.032509074835761e-01	3968
1.725219326685678e+00	-5.112533637417990e-01	3969
1.737215908228071e+00	5.239827863178145e-01	3970
1.763244254969839e+00	-6.368114567077722e-01	3971
-6.253824401795081e-01	1.901043448162681e-01	3972
-5.929953451271829e-01	-1.383737608943498e-01	3973
-6.681753434597731e-01	-2.652681255138520e-01	3974
1.776497437791955e+00	6.631717929534593e-01	3975
1.797514951922740e+00	8.300997181953816e-01	3976
1.790869130292620e+00	1.033538108917164e+00	3977
1.745339425876281e+00	1.269168375611919e+00	3978
1.388862418535574e+00	-6.237100034026975e-02	3979
1.432818183900514e+00	8.668454846603993e-02	3980
-7.298729573671121e-01	1.618339721061546e+00	3981
-8.327720882389373e-01	1.387923973304776e+00	3982
-8.956731042548128e-01	1.154695739896349e+00	3983
-3.335403429015985e-01	-2.110234088812526e+00	3984
1.296203357024111e+00	2.008143918766732e+00	3985
1.140672653432414e+00	9.147458631490074e-03	3986
-5.726696287600023e-01	1.863253240657469e+00	3987
1.129086182751833e+00	-1.283760525404977e-02	3988
-4.802469335728626e-01	-1.770074432974371e-03	3989
1.917420181223725e+00	-1.275287875759404e+00	3990
1.389844040790861e+00	4.807220799814703e-02	3991
1.214780494080554e+00	-1.788999984474279e-02	3992
-8.334791782610639e-01	4.204044388751266e-01	3993
1.182391097666102e+00	1.504989472546987e-02	3994
1.168226861541284e+00	-1.385375100969975e-02	3995
1.274260628250084e+00	-2.263705053817785e-02	3996
-7.121745554307320e-01	1.835170686542815e-01	3997
-8.828893931035685e-01	-5.700001755533319e-01	3998
3.962472909159124e-01	2.434986698063958e+00	3999
-1.815163151418691e-02	2.312687055024635e+00	4000
1.939909882066987e+00	-1.045432205947333e+00	4001
1.075869382107263e+00	-5.591824308588797e-03	4002
-7.338024805672590e-03	-2.308591614354075e+00	4003
1.489121122746136e+00	-1.808431508130289e+00	4004
-5.692466210582118e-01	-1.880153609684854e+00	4005
8.779312225212315e-01	-2.407659268232169e+00	4006
1.721270209013299e+00	-3.036006531380664e-01	4007
-5.846996482477538e-01	-2.487996740729981e-02	4008
1.646613790237793e+00	-2.090712236771662e-01	4009
1.103071699207254e+00	1.076643234949243e-02	4010
1.106495959724887e+00	-9.953571107301879e-03	4011
1.235934653360664e+00	2.336864315197769e-02	4012
1.079807111728676e+00	5.051760788122045e-03	4013
1.302863839304257e+00	3.312867415625281e-02	4014
1.129509793997098e+00	1.047877346658724e-02	4015
1.928381428986154e+00	-8.541244095858788e-01	4016
-9.085496456471756e-01	-7.016650925636192e-01	4017
1.732159864294296e+00	3.072475283226046e-01	4018
-9.177052680299791e-01	9.531985228422648e-01	4019
-8.955842424077619e-01	6.463874157894609e-01	4020
-8.489262280799641e-01	-4.567244486756383e-01	4021
1.350267485634614e+00	-3.091528618654972e-02	4022
1.506135955501711e+00	-8.293877689587863e-02	4023
-8.090646800587923e-01	-3.546591429215706e-01	4024
-7.951390040317313e-01	3.293961222998350e-01	4025
1.541936201306731e+00	1.749678884211854e+00	4026
1.654477090770279e+00	2.082376735126334e-01	4027
-3.400129877844043e-01	2.106087110120590e+00	4028
-8.672980603268576e-01	5.227319614884082e-01	4029
8.722454105488493e-01	2.416130620990061e+00	4030
-9.208118067054165e-01	-8.506977088363993e-01	4031
-9.186627915983038e-01	-1.015159775140536e+00	4032
-5.860408739838600e-01	2.721158397123840e-02	4033
4.045217944436537e-01	-2.426966145357454e+00	4034
-6.275031109591438e-01	7.238488360205124e-02	4035
-8.944342823007372e-01	-1.205377955610865e+00	4036
-9.141202278567607e-01	7.865029809352881e-01	4037
1.835374381004277e+00	-1.549523861516921e+00	4038
-7.649666228211370e-01	-2.673469085130582e-01	4039
-8.372054498845373e-01	-1.421023383359419e+00	4040
-7.321614095782571e-01	-1.656503028806513e+00	4041
-6.738376443005346e-01	-1.265192232137782e-01	4042
1.575953563174261e+00	1.314674723194831e-01	4043
1.573469038236181e+00	-1.368817653366956e-01	4044
1.695498794830865e+00	1.472894269535222e+00	4045
1.790875802544676e+00	-4.150851887091779e-01	4046
1.803511630507595e+00	4.246345680835312e-01	4047
1.850714462939883e+00	-5.420968218954948e-01	4048
-6.285103955695412e-01	-7.242722236349537e-02	4049
-6.697232289028772e-01	1.228792213568595e-01	4050
-7.200631589046230e-01	-1.922593186505637e-01	4051
-7.543175055638598e-01	2.521517008595288e-01	4052
1.865352169091686e+00	5.623927375336928e-01	4053
1.897005878317609e+00	-6.885294527694336e-01	4054
1.912199685736603e+00	7.302778655830150e-01	4055
1.936785223356545e+00	9.357828924621551e-01	4056
1.926315966169881e+00	1.181091576193581e+00	4057
1.444624523897248e+00	-4.149750413216241e-02	4058
1.500956537296746e+00	7.212784717084593e-02	4059
1.220943524491133e+00	2.341367767676911e+00	4060
1.244883614696070e+00	-4.000879601879779e-03	4061
-1.052063740054003e+00	-7.646133441709663e-01	4062
-8.306027500608077e-01	1.856492489532791e+00	4063
6.463099756620331e-01	2.712151242300938e+00	4064
1.341887052945978e+00	-2.003007226399571e+00	4065
-6.250404906378242e-01	2.147053964661919e+00	4066
1.160155247690948e+00	2.249668054517521e-03	4067
1.190601643834427e+00	-2.383257593332865e+00	4068
1.313427345391653e+00	-5.888734221067615e-03	4069
1.270712068201937e+00	9.634790047787787e-03	4070
1.210486457306592e+00	4.872873895004097e-03	4071
-6.202515274369060e-01	-2.168021224666809e+00	4072
1.745636921940213e+00	-1.788138974207680e+00	4073
1.449729528661951e+00	2.889043599372072e-02	4074
-1.066360691912561e+00	1.071713692043048e+00	4075
1.348648657503458e+00	1.624979533021879e-02	4076
1.145579114009711e+00	-3.148897216733504e-03	4077
-9.574351563429441e-01	4.362351811546862e-01	4078
1.580445100933971e+00	2.031115472122598e+00	4079
-6.576210859076000e-01	-8.237801676632761e-05	4080
-8.311864193975486e-01	-1.899558515999814e+00	4081
1.399195385287502e+00	-1.021461016661985e-02	4082
1.667497890725244e+00	1.158354851241215e-01	4083
1.852988540087980e+00	3.136272953197498e-01	4084
-9.099896573986597e-01	3.345890156391780e-01	4085
-9.585829245063107e-01	1.582765991254678e+00	4086
-1.034289611067194e+00	1.317570918102421e+00	4087
-1.036965947740476e+00	6.991169557973148e-01	4088
1.761172013507405e+00	2.039736151230386e-01	4089
2.062282365798146e+00	-1.468368711093651e+00	4090
1.663082133513178e+00	-1.196418484816064e-01	4091
1.191947788226976e+00	-3.360001594765488e-03	4092
-9.279575121662497e-01	-3.667724358375398e-01	4093
-1.020285176764314e+00	-6.112875066014530e-01	4094
1.110748194307190e-01	2.640355352307335e+00	4095
2.103079186240624e+00	-1.177762166742004e+00	4096
1.085917090139998e+00	-1.004540912768609e-02	4097
-3.051083347373637e-01	-2.430773037345734e+00	4098
1.218699712896349e-01	-2.634805663197219e+00	4099
6.529621949114750e-01	-2.703984471977650e+00	4100
1.116799292086255e+00	4.912036815865427e-03	4101
1.092659460057131e+00	1.842300373282483e-03	4102
2.091246367295721e+00	-9.406318767561822e-01	4103
1.903579320457090e+00	1.398318093507837e+00	4104
1.751854556991245e+00	-2.030730248237591e-01	4105
-8.744848281039194e-01	-2.665525669055716e-01	4106
-3.194814427750045e-01	2.429239427687027e+00	4107
-1.000207489178749e+00	5.574830447426193e-01	4108
-9.771758646968361e-01	-4.797345490393546e-01	4109
-1.061855597137058e+00	8.669318977219798e-01	4110
-1.070650895960150e+00	-9.346451705542963e-01	4111
-1.070601085075551e+00	-1.130913076446908e+00	4112
-7.586904363321185e-01	1.056454510065819e-01	4113
-8.598053973481939e-01	2.457757022817245e-01	4114
-1.041349962422134e+00	-1.359543853119488e+00	4115
-9.718833635022124e-01	-1.622036859736081e+00	4116
1.580769237883645e+00	-5.924729114778062e-02	4117
1.794124168390837e+00	1.707524905575541e+00	4118
1.840378771544913e+00	-3.070729665708269e-01	4119
1.922859243285358e+00	-4.308360527531738e-01	4120
-7.094916360388134e-01	-5.035761369917562e-02	4121
-7.069688666697104e-01	4.870203204960245e-02	4122
-7.650106025433219e-01	-1.112754847476741e-01	4123
-8.197800506282292e-01	-1.833317907041101e-01	4124
-8.091303016251167e-01	1.711563293275459e-01	4125
1.938321796961386e+00	4.463149742554901e-01	4126
1.994171324735649e+00	-5.775735365294163e-01	4127
2.012243173606244e+00	6.113171094969713e-01	4128
2.051498719123263e+00	-7.453281068151415e-01	4129
2.068968269349350e+00	8.151149625102189e-01	4130
2.096252184865259e+00	1.064745723522035e+00	4131
1.507126526747125e+00	-1.562412697867168e-02	4132
1.578104121410731e+00	5.108608641076907e-02	4133
-6.557258725368070e-01	2.487529550146805e+00	4134
1.880431939164417e+00	1.995854551116754e+00	4135
2.249867815560976e+00	9.210037389434732e-01	4136
-1.230178531649206e+00	9.658906427000616e-01	4137
-1.230896403481361e+00	1.218491331841158e+00	4138
-1.198852456185433e+00	7.610116370152067e-01	4139
1.976292202762376e+00	-3.062148979470772e-01	4140
-1.175774590076148e+00	-6.587724762633319e-01	4141
-1.062628803681303e+00	-3.750473784847430e-01	4142
-1.216714433962104e+00	-8.324116899530665e-01	4143
3.375589230731497e-01	2.986430708203357e+00	4144
1.883240944885394e+00	1.943996009573900e-01	4145
1.030427678592899e+00	-2.710751727732544e+00	4146
3.472215923878799e-01	-2.979710181329339e+00	4147
1.991918885624687e+00	3.174867771601638e-01	4148
-9.786338840541261e-01	2.371720903288389e-01	4149
-9.267902760722735e-01	2.143083447759166e+00	4150
-1.105563750243671e+00	-1.864057554603542e+00	4151
-1.095545847111559e+00	1.814026115929804e+00	4152
1.615344126115341e+00	-2.031232582526457e+00	4153
-9.226649767814034e-01	-2.188405181081277e+00	4154
1.871922219431188e+00	-1.909868612071369e-01	4155
2.105421567917654e+00	1.290198824366904e+00	4156
2.093640845524766e+00	4.752364920435441e-01	4157
1.053072663001849e+00	2.702150011038002e+00	4158
1.495408991273545e+00	-2.285645922450698e+00	4159
1.418190000331637e+00	2.259119512052902e+00	4160
-9.986263130932526e-01	-2.644366479944614e-01	4161
-1.190115001445608e+00	1.505827038516524e+00	4162
2.006018799373390e+00	-1.726189310924160e+00	4163
-1.039642565738980e+00	3.359662501191792e-01	4164
-1.123437430330408e+00	-5.043958853866086e-01	4165
-1.152070730558995e+00	5.937505985686803e-01	4166
2.281308039647639e+00	-1.351238056807732e+00	4167
-6.373301491588919e-01	-2.508825392182142e+00	4168
-2.189345751725254e-01	-2.799257207432814e+00	4169
2.277516348925019e+00	-1.050498134881396e+00	4170
1.772820972052808e+00	9.721088584734694e-02	4171
1.766491407283062e+00	-9.891406750822142e-02	4172
-2.336493815332522e-01	2.799980493780395e+00	4173
-1.098600198434932e+00	4.546452765245334e-01	4174
-1.241929780277396e+00	-1.032595518904833e+00	4175
-7.970940779006399e-01	-6.303596866089874e-03	4176
-1.242639220548975e+00	-1.268894264152052e+00	4177
-1.207045152179727e+00	-1.543651560191654e+00	4178
1.658045670431717e+00	-2.422200870487454e-03	4179
-9.318888171691073e-01	-1.689721110198513e-01	4180
-9.171403843636972e-01	1.522397541610161e-01	4181
-8.660677984215607e-01	-9.104620083150121e-02	4182
-8.566784458619066e-01	8.223028287441804e-02	4183
2.073825881721862e+00	-4.484639140000392e-01	4184
2.043576134804056e+00	1.620870818298584e+00	4185
2.159535541604280e+00	-6.150258964499499e-01	4186
2.183123373928476e+00	6.729541839644642e-01	4187
2.229790025694668e+00	-8.110333642102817e-01	4188
1.732639272440741e+00	2.277025485229741e+00	4189
-1.138102617948842e+00	-2.573216362643653e-01	4190
-1.405290475413937e+00	-9.101321283181314e-01	4191
7.231474354937818e-02	3.007584719017363e+00	4192
2.282908769931068e+00	1.493703255270452e+00	4193
-1.013241586058735e+00	2.490490631067145e+00	4194
-1.058930816683051e+00	-1.509878487846252e-01	4195
2.023369406015534e+00	1.796158959567051e-01	4196
7.782096525022932e-01	-3.058678961715315e+00	4197
1.787000354803002e+00	-2.268468832895482e+00	4198
-1.418674568123020e+00	1.091868535008318e+00	4199
8.823899624104961e-02	-3.002349110856109e+00	4200
1.397010265670823e+00	-2.634820392132834e+00	4201
2.007819840759918e+00	-1.731293571553289e-01	4202
-6.290320068117825e-01	2.893348253161529e+00	4203
7.849800965667066e-01	3.062460589094823e+00	4204
2.435622347414918e+00	-8.947672884786357e-01	4205
-1.187072716438003e+00	3.367053745456322e-01	4206
-1.112306868049313e+00	2.228134906516851e-01	4207
2.152539355590833e+00	3.250230573343992e-01	4208
2.293946711344238e+00	1.148638517771265e+00	4209
-1.416853610449435e+00	1.391726488451827e+00	4210
-1.325967721002142e+00	6.353806760665927e-01	4211
2.131927799908293e+00	-3.043666023474729e-01	4212
-1.353632835717732e+00	-7.082684186647442e-01	4213
-1.384288578332864e+00	8.376444769463505e-01	4214
-1.037777032465886e+00	1.295351440223356e-01	4215
-1.245414833096019e+00	2.099119493000082e+00	4216
1.909014495084609e+00	-2.001819722579334e+00	4217
-1.242135590341872e+00	-2.154713868195890e+00	4218
1.863221391450794e+00	-2.838944520590638e-03	4219
1.884669081731972e+00	-7.072487552027333e-02	4220
2.350446372678482e+00	-6.574658170421367e-01	4221
-1.363122050709209e+00	1.727861895686622e+00	4222
-1.290149744917936e+00	-5.337111573626624e-01	4223
2.263517061312202e+00	-1.623607332210036e+00	4224
-9.940187030784772e-01	-2.539192114589928e+00	4225
-6.057460342584333e-01	-2.910078172431047e+00	4226
2.486177611921810e+00	-1.198501425637061e+00	4227
1.892970890347501e+00	7.110596555076840e-02	4228
-1.258645360763571e+00	4.729951222216836e-01	4229
-1.215803625292164e+00	-3.817744868539995e-01	4230
-1.389989712639847e+00	-1.777721297604904e+00	4231
-1.437144445230280e+00	-1.149966161572765e+00	4232
-1.437738651837139e+00	-1.433684109971719e+00	4233
-9.786997089028143e-01	-6.244117154854870e-02	4234
-9.649751062314894e-01	4.972239307683580e-02	4235
-9.062268756347814e-01	-1.902074732384585e-03	4236
2.247436305024352e+00	-4.647502008904350e-01	4237
2.274886603821473e+00	5.117350881788834e-01	4238
2.381824101495907e+00	7.518930360652071e-01	4239
1.658292873768086e+00	-2.552905386347847e+00	4240
2.040970849834403e+00	2.258715011950746e+00	4241
5.021634609119177e-01	3.373789046507250e+00	4242
-1.295988804128873e+00	-2.450223592397016e-01	4243
-1.569977059688636e+00	-2.065714476897251e+00	4244
4.991884795442068e-01	-3.367796465338493e+00	4245
1.191747492298569e+00	3.084108665257533e+00	4246
-1.633115752289666e+00	1.243310642170741e+00	4247
-2.853206247357661e-01	-3.179249431875612e+00	4248
2.670578766427713e+00	-1.011928792433099e+00	4249
-1.621132350606699e+00	-1.003324565081072e+00	4250
1.228448801415888e+00	-3.035284251610523e+00	4251
1.559261054849066e+00	2.540085795392370e+00	4252
2.510576478461989e+00	-1.478952365312013e+00	4253
-1.525704338989697e+00	6.874224750677913e-01	4254
-1.479106278953635e+00	-5.636202003595820e-01	4255
2.226066614920834e+00	1.832220321966070e+00	4256
-1.595643993508740e+00	9.386407343594961e-01	4257
-3.114572100748066e-01	3.177278489922377e+00	4258
2.090727322851679e+00	-2.246760993285136e+00	4259
-1.625682893038662e+00	1.597727755864437e+00	4260
-1.382837982254835e+00	2.445548975292561e+00	4261
-8.318200138712063e-01	2.794249330538148e+00	4262
2.206320478062736e+00	-1.921683432923768e+00	4263
-1.390820015547189e+00	-3.900878303395776e-01	4264
-1.441728639191111e+00	4.922830928337218e-01	4265
-1.263883739715986e+00	2.047459866048497e-01	4266
-1.200981709747913e+00	-1.276431768763872e-01	4267
2.447704647145303e+00	-4.818541979227114e-01	4268
2.340065822906519e+00	3.349724570612127e-01	4269
2.570376916394275e+00	-7.126974496898003e-01	4270
2.505518838708308e+00	1.327428010735031e+00	4271
2.185730569878634e+00	1.648808014829299e-01	4272
2.164489532231009e+00	-1.495781469952731e-01	4273
-1.557255638110657e+00	-7.635167350353954e-01	4274
-1.172729314006041e+00	9.802854965314131e-02	4275
-1.095825253994404e+00	-9.086988663643035e-03	4276
2.024645528164589e+00	7.667420464776741e-04	4277
-1.556146556288234e+00	1.993652383448328e+00	4278
-1.370164726305843e+00	-2.509641236433402e+00	4279
-1.026364628451634e+00	-2.961898650555109e+00	4280
-1.353878243163492e+00	3.360369106762872e-01	4281
-1.655547223236750e+00	-1.639138485913979e+00	4282
-1.659616355868331e+00	-1.291207590796621e+00	4283
2.310545216844861e+00	-2.978244018130598e-01	4284
2.486930343581734e+00	5.606277699138668e-01	4285
2.462320059867022e+00	9.751806633037629e-01	4286
9.685848463656743e-01	-3.436890336234560e+00	4287
1.894840399929506e+00	2.559505448333657e+00	4288
2.623189979584692e-02	3.421080664715129e+00	4289
-1.860437589385715e+00	1.843259033782452e+00	4290
1.620637010991275e+00	-2.888933594674463e+00	4291
-1.835188999267953e+00	1.063957413579628e+00	4292
-1.790784009909443e+00	-8.295719109967949e-01	4293
1.973546726656741e+00	-2.537318215655838e+00	4294
-7.233778466998511e-01	-3.301703368219403e+00	4295
5.464038205327706e-02	-3.415749908731018e+00	4296
-1.325443903249090e+00	5.979993731523267e-02	4297
2.384588642434353e+00	2.153543122183565e+00	4298
2.516303951593561e+00	-2.878623771996066e-01	4299
2.515274550493173e+00	1.651712663287236e+00	4300
-1.889719470876458e+00	-1.907927708525061e+00	4301
-1.472080839324519e+00	-2.944070861905145e+00	4302
-1.543837407382632e+00	3.320439980961972e-01	4303
2.375044115207466e+00	1.474081607986684e-01	4304
2.739355062411574e+00	-1.293081472723586e+00	4305
-1.876113637929364e+00	1.425884116038444e+00	4306
9.444774085715615e-01	3.453480800904889e+00	4307
2.344434692326925e+00	-1.187955800136383e-01	4308
-1.868178679467616e+00	-1.116677998429795e+00	4309
1.415595665630472e+00	2.787182321119742e+00	4310
-1.217486584999273e+00	2.795624654182252e+00	4311
2.411010046535463e+00	-2.177951998769522e+00	4312
2.498663924052292e+00	-1.793050423204800e+00	4313
-1.652335812283527e+00	5.173317269275428e-01	4314
-1.589158968303323e+00	-3.982347359923875e-01	4315
-1.434769000425733e+00	1.840434420611557e-01	4316
-1.476265132915587e+00	-2.305281552554029e-01	4317
-1.360796154516097e+00	-9.526397463692945e-02	4318
2.826913348307731e+00	-7.933462067746039e-01	4319
2.560396441563134e+00	3.516241040492595e-01	4320
2.678734892913688e+00	-5.072873424647151e-01	4321
-1.695023297060148e+00	-5.942692339847983e-01	4322
-1.755643896086241e+00	7.588431903805435e-01	4323
-1.755308474876968e+00	2.329481921913573e+00	4324
-1.755637471504220e+00	-2.416223292869986e+00	4325
-1.911698536472876e+00	-1.468043440658934e+00	4326
-1.240586085563624e+00	-3.205873572244120e-02	4327
2.603922629121461e+00	7.727094215587917e-01	4328
2.704194032023416e+00	1.123682337487759e+00	4329
6.762316844124513e-01	-3.797686871462254e+00	4330
3.191959717773482e-01	-3.785374239003597e+00	4331
-3.656816892562252e-01	3.608161907908503e+00	4332
1.474960474745117e+00	-3.361446996158378e+00	4333
2.950085532760926e+00	-5.482423295077109e-01	4334
-2.117873561546505e+00	2.153600191691480e+00	4335
3.037870266614811e-01	3.791515598572869e+00	4336
6.523124765681263e-01	3.807419896348119e+00	4337
-1.635632754726671e+00	2.733728212150008e+00	4338
-1.930723339075008e+00	-2.850500348457350e+00	4339
-1.520060948357266e+00	-1.990130719371179e-02	4340
-2.151090525474506e+00	1.645367526265296e+00	4341
2.269073808911840e+00	2.515363682882322e+00	4342
-7.058826136807090e-01	3.299133966947626e+00	4343
2.314035761651897e+00	-2.505703509931875e+00	4344
-1.209065960922139e+00	-3.352449859022290e+00	4345
1.708483481870212e+00	2.857978013767699e+00	4346
-1.023286476767403e+00	3.139845024130321e+00	4347
-3.675219626172701e-01	-3.609015312529034e+00	4348
2.942331186718881e+00	-1.067566529636858e+00	4349
-1.896186097071902e+00	5.559175190656871e-01	4350
-2.017684712568669e+00	8.535403169399669e-01	4351
-1.680490487969665e+00	-2.147542003553144e-01	4352
2.598222712366763e+00	1.305115700763887e-01	4353
1.388037982041826e+00	3.482013999819975e+00	4354
-2.108961251198254e+00	1.216412902699057e+00	4355
-2.202526448530935e+00	-1.703018837694168e+00	4356
2.551337408884339e+00	-8.061103615491197e-02	4357
-2.058935394383210e+00	-9.111569492604524e-01	4358
-2.137078405860864e+00	-2.245034710181914e+00	4359
2.248792471324129e+00	8.784097732991266e-03	4360
1.573125477095767e+00	3.137822176148018e+00	4361
2.737552196852372e+00	-2.050168661903289e+00	4362
2.777015799090321e+00	-1.615345069533469e+00	4363
-1.762018516768453e+00	3.286916091053153e-01	4364
-1.628415952055303e+00	1.554701129304263e-01	4365
2.712505864513345e+00	5.455296935552756e-01	4366
2.768785817158530e+00	1.438450299483926e+00	4367
2.754355748053490e+00	-2.816134804899836e-01	4368
-1.814915364921672e+00	-4.027835401417226e-01	4369
-1.942760314778061e+00	-6.304552017148028e-01	4370
-2.150650403641598e+00	-1.259979530444948e+00	4371
2.722622273718225e+00	1.972828631126512e+00	4372
2.871344343733403e+00	8.855560170033706e-01	4373
-1.457194827193869e+00	3.133104025618104e+00	4374
1.215564930448646e+00	-3.841787009393141e+00	4375
1.889461299615754e+00	-3.231708883435648e+00	4376
1.956105460932648e+00	3.149652650956362e+00	4377
-8.667063396792437e-01	-3.743446387529744e+00	4378
2.099103808563964e+00	2.869926857483161e+00	4379
3.110460384184220e+00	-8.064427469213942e-01	4380
-1.427796729258308e-01	-3.837415405410586e+00	4381
1.816932826773323e+00	3.489957153436777e+00	4382
4.580355114980733e-01	4.241403700503541e+00	4383
2.678071700075922e+00	-2.418757300381124e+00	4384
-2.227849540609562e+00	-6.767642454523343e-01	4385
-2.388329321017949e+00	-2.668692151152332e+00	4386
-1.724905552987756e+00	-3.319578875151870e+00	4387
2.421331112284872e+00	3.885598118901920e-02	4388
-1.912333707655099e+00	-1.909691595859112e-01	4389
2.776326133819174e+00	-2.838864603474158e-02	4390
2.102507343232182e+00	-2.895813545140562e+00	4391
1.131438284569996e+00	3.889055219210496e+00	4392
-2.421043636731367e+00	1.402433193553632e+00	4393
-2.504457268787079e+00	-2.014461451377786e+00	4394
3.034204884810698e+00	-2.813562969450893e-01	4395
2.997443949782197e+00	6.190162019051247e-01	4396
4.826654548169382e-01	-4.233669162993697e+00	4397
-2.058174465132154e+00	2.590244454370710e+00	4398
6.199520850552613e-03	3.882306666953410e+00	4399
-2.458939794654166e+00	1.920840853859612e+00	4400
-8.059445184926338e-01	3.751092946405947e+00	4401
-1.038156219868379e+00	3.565813312182569e+00	4402
-2.318554477414789e+00	9.708622649295330e-01	4403
2.782511566134082e+00	2.994829042915631e-01	4404
-2.473950822586700e+00	-1.446650525438680e+00	4405
3.056768318133741e+00	-1.860130225759119e+00	4406
3.032114124507592e+00	-1.389555692217050e+00	4407
-1.850317888710306e+00	1.224181742442926e-01	4408
-1.728394941650574e+00	-2.763370556873173e-02	4409
2.661581742624652e+00	2.381731777734733e+00	4410
2.814952692787526e+00	1.752274457430058e+00	4411
-2.015147626818374e+00	3.324502240327601e-01	4412
-2.073428560083888e+00	-4.072465814516830e-01	4413
-2.176470022747852e+00	6.151486829438025e-01	4414
-2.367325677203088e+00	-1.016470702678892e+00	4415
2.987752526498194e+00	1.188304209676200e+00	4416
-1.425681055502037e+00	-3.792463104420084e+00	4417
1.604134482986459e+00	3.902419611452677e+00	4418
-2.557011512307360e+00	-7.400550054755549e-01	4419
5.826263393665324e-02	-4.208189575926790e+00	4420
-2.309974670920032e+00	3.515877914032178e-01	4421
-1.544128562206511e+00	3.636725597172249e+00	4422
3.049662421612179e+00	-2.260895549741821e+00	4423
-2.107843835800233e+00	8.995776675246109e-02	4424
-1.934606351127422e+00	3.054639354781491e+00	4425
9.954544387684754e-01	-4.201155772020265e+00	4426
-2.829125935738721e+00	-2.409638281723759e+00	4427
2.355444801307109e+00	3.176705997845685e+00	4428
-2.467393640152619e+00	2.375537951847859e+00	4429
-5.603659329423593e-01	-4.024192549921128e+00	4430
1.752956526433425e+00	-3.734704327964126e+00	4431
-4.442550165710179e-01	4.091392434518557e+00	4432
-2.774996791801522e+00	1.637258894920838e+00	4433
-2.256612142672693e+00	-3.193239034794324e+00	4434
3.012490006590380e+00	2.224453673107167e+00	4435
-2.177306407991531e+00	-1.616571450801897e-01	4436
-2.836438862141667e+00	-1.711926366743015e+00	4437
3.237523626094950e+00	-5.156491233184648e-01	4438
3.077567951244794e+00	1.524809247549127e+00	4439
2.533121786923973e+00	2.803925727297238e+00	4440
2.251536763822370e+00	3.468343045773962e+00	4441
8.938374538619013e-01	4.252374823239063e+00	4442
2.311871067928035e+00	-3.264613155877218e+00	4443
2.544252712416863e+00	-2.829314924604956e+00	4444
-2.499754059456534e+00	6.922956525459940e-01	4445
3.165454479786216e+00	9.023347927882855e-01	4446
-2.720324272763610e+00	-1.157261655551511e+00	4447
3.030538572722770e+00	7.022811773291349e-02	4448
3.080135136840489e+00	3.307996279845972e-01	4449
-2.663536514874136e+00	1.116975413024686e+00	4450
3.354723602079150e+00	-1.608693433485014e+00	4451
3.254492436897686e+00	-1.118295336625909e+00	4452
-2.371014114707557e+00	-4.156744989352101e-01	4453
-4.209367023265129e-02	4.417003004030077e+00	4454
-2.022566235280768e+00	-3.740230876506333e+00	4455
2.070497710493525e+00	-3.647392555235238e+00	4456
-2.779821335704955e+00	-2.968697698070331e+00	4457
-2.410083375221827e+00	2.875441363982880e+00	4458
6.634727727046553e-01	4.742523584321281e+00	4459
-1.063594110682402e+00	-4.220608527701255e+00	4460
-3.125982575737946e+00	-1.361871813281861e+00	4461
3.145480316356320e+00	1.870004545464591e+00	4462
1.537858714853187e+00	-4.246711043251469e+00	4463
1.381231015042866e+00	4.343940765643515e+00	4464
-3.872210229016034e-01	-4.575031207571671e+00	4465
3.410593910887676e+00	-2.029006721460859e+00	4466
2.412152321273598e-01	-4.711346854788510e+00	4467
3.294470191997556e+00	5.864868801542313e-01	4468
3.312812487927801e+00	1.238170742522502e+00	4469
-2.715359375763357e+00	-4.337252021081041e-01	4470
-9.375556941612584e-01	4.253228491963067e+00	4471
-2.099945951818326e+00	3.587676187223216e+00	4472
7.706236181437787e-01	-4.710383740831467e+00	4473
-2.923916419580379e+00	-2.141201751699316e+00	4474
2.073162686773729e+00	3.896956845469018e+00	4475
-2.849188464202356e+00	2.096409402892065e+00	4476
-2.395596344955195e+00	4.774531334501442e-02	4477
2.958986703952149e+00	2.659300935191320e+00	4478
2.794462981113513e+00	3.156620353672201e+00	4479
2.692143556214581e+00	3.460412575122636e+00	4480
2.775576012331664e+00	-3.232784218163961e+00	4481
2.979385707322062e+00	-2.701339818703337e+00	4482
-3.058364323494514e+00	1.304552043599864e+00	4483
3.305769984235145e+00	-1.653430439082290e-01	4484
3.301467787236262e+00	1.544021984109800e-01	4485
-2.937656143879132e+00	-8.316226565025862e-01	4486
-2.872343756705920e+00	7.925755322974755e-01	4487
3.617899581177367e+00	-1.299485407609266e+00	4488
3.433857109613192e+00	-8.069038179384176e-01	4489
-2.482275951740932e+00	-1.299248253709015e-01	4490
-2.649240589351698e+00	3.858231216279266e-01	4491
-3.273738087835295e+00	-1.815907859672165e+00	4492
1.878805755422492e+00	4.349848098354058e+00	4493
-2.634146797133225e+00	-3.576967003747713e+00	4494
-2.667241807930372e+00	3.411126394537016e+00	4495
1.043555849164145e+00	4.796393870740530e+00	4496
-1.689262263287866e+00	-4.280697595068755e+00	4497
3.430452831968823e+00	1.607927413247223e+00	4498
-5.449785817276760e-01	4.635712142936402e+00	4499
-3.197471814855653e+00	1.760795373690082e+00	4500
2.561493755403131e+00	-3.676233120227379e+00	4501
1.287897883048806e+00	-4.693422619522224e+00	4502
-1.229817800556047e+00	4.037748790961045e+00	4503
-1.862934997222192e+00	4.076687215823705e+00	4504
-3.042097288758446e+00	4.349300811855232e-01	4505
2.526164839564917e+00	3.878974372018400e+00	4506
3.580335292259488e+00	3.761110376172428e-01	4507
3.560969098384959e+00	-4.460228668840135e-01	4508
-2.869838750359599e+00	2.616244220302224e+00	4509
3.500723387879870e+00	9.025705033183511e-01	4510
-9.638649856316474e-01	-4.853905005250077e+00	4511
3.743566626362497e+00	-1.725184367752778e+00	4512
-1.869195233291355e-01	-5.170100113484332e+00	4513
8.864582199719093e-02	5.060182829214713e+00	4514
5.072575855824559e-01	-5.258521037395055e+00	4515
3.404514445233024e+00	2.169490845775697e+00	4516
3.353101977026726e+00	2.486424419182401e+00	4517
3.260306134999008e+00	3.034267112731470e+00	4518
3.156001947872952e+00	3.447018446431170e+00	4519
3.260966713035815e+00	-3.114314932991453e+00	4520
3.408855071914310e+00	-2.497923283341710e+00	4521
-3.376964370701647e+00	-9.742232164002846e-01	4522
-3.301714283026359e+00	9.264073783937371e-01	4523
-3.115900389649197e+00	-4.710225023431474e-01	4524
3.832818362142140e+00	-9.384674327595084e-01	4525
3.583460401992322e+00	-5.158996717441796e-04	4526
-2.835644919757677e+00	-1.001528494005505e-01	4527
-1.377521609828571e+00	4.544031196619319e+00	4528
-3.581272289100081e+00	-5.489850532592070e-01	4529
-3.247112681565835e+00	-2.728373949655546e+00	4530
1.633676109134161e+00	4.875774852546065e+00	4531
1.856834691817435e+00	-4.719400240341757e+00	4532
3.986393201993940e+00	-5.323348639936771e-01	4533
3.886078894724423e+00	-2.377211589121327e-01	4534
2.290282781071867e+00	-4.115942187471238e+00	4535
-3.507126217060935e+00	1.371836915343413e+00	4536
1.097895787526804e+00	-5.242434624053320e+00	4537
-1.102046248275938e+00	4.814542334469333e+00	4538
-2.477498067593260e+00	4.006840886055303e+00	4539
-2.856380954778475e+00	3.129626370692458e+00	4540
-2.372463654422591e+00	-4.209555011699065e+00	4541
4.032321574899490e+00	-1.354388720414582e+00	4542
-5.391728662427165e-01	5.311584291492303e+00	4543
-3.388413188214688e+00	-2.289897966102405e+00	4544
2.369774000818362e+00	4.340520354701087e+00	4545
-3.585873916544519e+00	-1.424384774974491e+00	4546
3.097765740829852e+00	-3.627170246545453e+00	4547
-3.179786812657056e+00	-3.386329825088283e+00	4548
7.751282833503486e-01	5.320906862012804e+00	4549
3.683882705316764e+00	1.275175364455384e+00	4550
-3.296125524853694e+00	2.283481399806974e+00	4551
3.854449836022615e+00	6.881312411096570e-01	4552
-1.665495625140149e+00	-4.997171044329707e+00	4553
-7.952787934342688e-01	-5.553771391242750e+00	4554
8.416440356852178e-02	-5.814802354142252e+00	4555
3.781975202963049e+00	1.905309965313115e+00	4556
2.989423897841535e+00	3.879503408737077e+00	4557
3.768569353841919e+00	2.390923611032641e+00	4558
3.722035713913363e+00	2.830101422956627e+00	4559
3.652934442339130e+00	3.352548250150119e+00	4560
3.752446438425990e+00	-2.906363582131611e+00	4561
3.818957934907853e+00	-2.212274875086079e+00	4562
-3.497749663194341e+00	5.085876008003170e-01	4563
3.896769773419483e+00	1.915115353483444e-01	4564
-3.251028637808246e+00	-1.706277913887200e-02	4565
-1.210199260289903e+00	5.503835776143069e+00	4566
2.186509539992957e+00	4.852990545423460e+00	4567
-3.855277341368371e+00	-9.817587531544080e-01	4568
-3.769385949663473e+00	9.331733309966662e-01	4569
-3.768029575154636e+00	-1.921035233593743e+00	4570
-2.109254518167174e+00	4.630125806140616e+00	4571
-3.680891103826942e+00	1.887132585212061e+00	4572
2.499698111027368e+00	-4.724481713446552e+00	4573
2.855271761736607e+00	-4.139756752583059e+00	4574
1.343807856829111e+00	5.362483444203047e+00	4575
8.071523720988337e-01	-5.890143436871536e+00	4576
3.658076022341327e+00	-3.476241439020438e+00	4577
4.227548123397451e+00	4.711256798353248e-01	4578
4.261200794038405e+00	-9.233972542571330e-01	4579
4.258884273414196e+00	-1.496991988317070e-01	4580
-1.629997886017534e+00	5.076518887656175e+00	4581
-3.773783510121096e+00	-2.656187443822806e+00	4582
-3.718042867769050e+00	-3.109219187675222e+00	4583
1.631748980318137e+00	-5.206802429463185e+00	4584
-3.735883756803442e+00	1.987778515146898e-03	4585
-3.344073252046850e+00	2.846949928945143e+00	4586
-2.087465546561754e+00	-4.785219434412850e+00	4587
-3.036396798004787e+00	-4.035672383291997e+00	4588
1.081435587178342e-01	5.746709839492291e+00	4589
3.514042461146027e+00	3.861879726304672e+00	4590
-1.567044982457261e+00	-5.803033039887775e+00	4591
-5.423913118994994e-01	-6.316082795975217e+00	4592
4.110816222763241e+00	1.082470971915592e+00	4593
4.105026903687384e+00	1.531862723241812e+00	4594
2.839416482768690e+00	4.323593450980207e+00	4595
4.192597812994539e+00	2.159440632604617e+00	4596
4.192015401384780e+00	2.657470275472049e+00	4597
4.164139656988789e+00	3.153898993541938e+00	4598
4.230952749296059e+00	-2.601939380696415e+00	4599
4.190019206476698e+00	-1.844480591201230e+00	4600
-1.867335843373901e+00	5.729261073362188e+00	4601
-4.107363301073574e+00	-1.476455433032054e+00	4602
-2.776726980324409e+00	4.603970755099001e+00	4603
-3.064555303056584e+00	3.865754080067543e+00	4604
-2.278446166120171e+00	5.292111692956921e+00	4605
1.961889177528222e+00	5.428638064925443e+00	4606
-3.349583820232273e+00	3.418380388238501e+00	4607
-2.148664307927318e+00	-5.433369668252041e+00	4608
-2.796605462491664e+00	-4.712442969222076e+00	4609
4.090980825196245e+00	3.740844363712217e+00	4610
4.222192463403801e+00	-3.217955074419917e+00	4611
2.218723115522383e+00	-5.246445915142029e+00	4612
3.473643353044754e+00	-4.070760784802604e+00	4613
-3.811101132528731e+00	2.468623822061026e+00	4614
-3.991340133544399e+00	4.636808696048973e-01	4615
3.148379076340552e+00	-4.718903722520387e+00	4616
-4.018363687132550e+00	1.432461963878567e+00	4617
2.900911775146954e-01	-6.567890515361661e+00	4618
-3.673800201388711e+00	-3.781975357225039e+00	4619
3.340794170377042e+00	4.333020120472358e+00	4620
-6.353652426817273e-01	6.035645473865806e+00	4621
4.433151180545443e+00	-5.344438508117847e-01	4622
4.637678257371665e+00	1.820885988912576e-01	4623
-4.275673385373616e+00	-2.284848561780578e+00	4624
-4.283477457637505e+00	-2.949018990157927e+00	4625
1.406569100229191e+00	-5.841264027452008e+00	4626
-4.074230235089629e+00	-4.617472566890408e-01	4627
8.988869412964192e-01	6.017694823753615e+00	4628
-1.371476621938633e+00	-6.693944918009878e+00	4629
4.558000269008320e+00	8.524099495974712e-01	4630
4.514029279937733e+00	1.312896786249629e+00	4631
2.708323567593996e+00	4.826648256588011e+00	4632
4.579778546442612e+00	1.785275296234947e+00	4633
4.668243941985257e+00	2.408792096587984e+00	4634
4.687687178150461e+00	2.933959304548833e+00	4635
4.673716321732111e+00	-2.198029912413740e+00	4636
4.506161527677303e+00	-1.400203922123674e+00	4637
1.884554249052155e+00	-5.842065227280686e+00	4638
-2.566438188356393e+00	5.974603887245567e+00	4639
4.766982738572336e+00	-2.845100908031956e+00	4640
-4.704995466027074e+00	-1.773958854778388e+00	4641
1.328229713920191e-01	6.524993193826962e+00	4642
-4.300422935102174e+00	9.346323266730526e-01	4643
2.856962262683846e+00	-5.291408932281585e+00	4644
3.933889764135938e+00	4.319126303538105e+00	4645
-1.349628109925491e+00	6.254388647718087e+00	4646
-3.885397950834946e+00	3.092599470072575e+00	4647
4.119874692859361e+00	-3.880842406336513e+00	4648
4.745401717400179e+00	-9.315990333869912e-01	4649
-4.257527719621456e+00	2.560056476156367e-02	4650
1.137441251743722e+00	-6.605420124788196e+00	4651
-3.528901880322995e+00	-4.517555500680888e+00	4652
-2.955723219438967e+00	-5.507800891369491e+00	4653
-4.926716265051634e-01	-7.173998704485661e+00	4654
-3.045091524308551e+00	5.322588293774438e+00	4655
1.584312884660497e+00	6.030637187412495e+00	4656
-3.469892461378293e+00	4.448941581033901e+00	4657
-3.679536490152032e+00	3.943037353616379e+00	4658
3.830658460978612e+00	-4.655784602275578e+00	4659
-4.233263078406912e+00	2.009244981421797e+00	4660
-4.398812615336995e+00	-9.584125006758534e-01	4661
4.716299067869637e+00	-1.736920044606645e-01	4662
-4.157432015073856e+00	-3.581485369980006e+00	4663
-4.852937885993781e+00	-2.610419004713727e+00	4664
-2.196212837513725e+00	-6.298709399123888e+00	4665
4.654048676619338e+00	3.531561608540734e+00	4666
2.553615051599253e+00	5.393064637683729e+00	4667
4.981851414192333e+00	1.126117377565553e+00	4668
5.006645412766220e+00	1.485178166653575e+00	4669
5.036069887158348e+00	5.707170818355600e-01	4670
5.118638213028843e+00	2.026708744553083e+00	4671
5.218736931818656e+00	2.651143088156063e+00	4672
5.058642179403210e+00	-1.700451234731639e+00	4673
3.554770565469916e+00	-5.299579401712341e+00	4674
-1.318124753173414e+00	-7.642467137563822e+00	4675
-2.047273749825470e+00	6.507080690988545e+00	4676
5.264522220372259e+00	-2.356915757936543e+00	4677
-4.537912523582691e+00	4.639380877123812e-01	4678
5.302766633349701e-01	-7.421823627740708e+00	4679
3.369666789161169e+00	5.126433311565004e+00	4680
4.580587272133316e+00	4.187467295452166e+00	4681
-3.389957995065085e+00	6.077207493154720e+00	4682
2.553248598183122e+00	-5.883096860292011e+00	4683
-4.598609688992260e+00	1.486388324909151e+00	4684
-2.119868951220423e+00	-7.198865417666678e+00	4685
2.314333975226054e+00	6.068787143555660e+00	4686
4.914637750248949e+00	-6.203019829000789e-01	4687
-5.369612408036367e+00	-2.087987922851275e+00	4688
1.645041945711298e+00	-6.532746579999205e+00	4689
4.767446046516575e+00	-3.561776753871984e+00	4690
1.070930197920305e+00	6.801275876355557e+00	4691
5.113010442710640e+00	1.014916030321921e-01	4692
-7.108568913190442e-01	6.859506253783103e+00	4693
-4.399612868084289e+00	2.657487965363079e+00	4694
4.549346998064547e+00	-4.482549289798951e+00	4695
-3.835502586199709e+00	-5.356740852775181e+00	4696
-4.358834927401843e+00	3.657285477783474e+00	4697
-3.863459707755889e+00	5.180243092039141e+00	4698
-4.159909062195922e+00	4.438421547323345e+00	4699
-4.630834787028841e+00	-4.152678560434225e-01	4700
-5.059645528219853e+00	-1.175782209266436e+00	4701
-4.152443474457374e+00	-4.252761475584716e+00	4702
-4.851500854068767e+00	-3.346479858286453e+00	4703
-3.108931864721223e+00	-6.416029856324360e+00	4704
5.500597776064553e+00	1.271076802392814e+00	4705
5.504496670655875e+00	8.979120955323374e-01	4706
5.235864479723024e+00	3.283923996648800e+00	4707
5.581839188789299e+00	1.648577530899189e+00	4708
5.732183348654940e+00	2.248512377446769e+00	4709
-4.305938331779243e+00	5.987033109529785e+00	4710
-2.143892038607044e+00	-8.190163177013343e+00	4711
-1.496616420097671e+00	7.099674788763135e+00	4712
-3.336262203259039e-01	-8.131161100136950e+00	4713
1.921261495789382e+00	6.788165091272743e+00	4714
1.896720631470968e-01	7.405420429483131e+00	4715
3.117896910258594e+00	5.921043735975222e+00	4716
-4.820746660593752e+00	-2.579851976398993e-02	4717
5.386978628039716e+00	-3.107279079090884e+00	4718
3.252294372077621e+00	-5.931385278962921e+00	4719
-5.537463059154255e+00	-2.892497748392598e+00	4720
-4.861667926551767e+00	2.127934585718694e+00	4721
5.179132824238404e+00	-4.181934520921708e-01	4722
5.246652956838844e+00	-1.001534566336792e+00	4723
-5.804428013063059e+00	-1.431756146700081e+00	4724
-4.895935601270479e+00	9.462989748438864e-01	4725
-3.135688732736945e+00	-7.467354174666327e+00	4726
4.323704865242395e+00	-5.224581947486388e+00	4727
5.687535523714152e+00	-1.863635585029373e+00	4728
5.212511621550291e+00	3.954641023728581e+00	4729
5.563245659412302e+00	3.670116619996193e-01	4730
6.044996463656831e+00	1.090862031043541e+00	4731
-4.759345963438427e+00	-4.001414094081257e+00	4732
-2.868984355111631e+00	6.781921027109501e+00	4733
2.177163682883022e+00	-6.558379714044787e+00	4734
5.284829590737425e+00	-4.170365962058534e+00	4735
4.382532270751467e+00	4.874512256656748e+00	4736
-4.997128054815649e+00	3.182554532073450e+00	4737
-4.912485159438171e+00	4.214083462385828e+00	4738
-4.679106197419424e+00	5.075908078033684e+00	4739
-5.332566244378101e+00	-5.209698231392710e-01	4740
-4.117816944287380e+00	-6.330121968859854e+00	4741
5.847600553812135e+00	2.941657648543625e+00	4742
6.243469363819025e+00	1.801698267407393e+00	4743
-5.248492052521099e+00	5.840870306434230e+00	4744
-4.304978376772735e+00	-7.485679688865246e+00	4745
-6.136228904430988e+00	-2.242066908379171e+00	4746
6.604137270756874e-01	-8.462228537743783e+00	4747
-5.564780803013447e+00	2.573625002317066e+00	4748
5.128274238716713e+00	4.709129062055326e+00	4749
-2.280829435760732e+00	7.379668595083802e+00	4750
-5.535304292192336e+00	-3.735606951549253e+00	4751
6.006378207697511e+00	-3.702931174250433e+00	4752
4.027305844119516e+00	-5.945577260249217e+00	4753
-5.534360380810957e+00	4.844853747833672e+00	4754
-1.227026406873357e+00	-8.695164563534396e+00	4755
-7.757382757071063e-01	7.794744800044557e+00	4756
-5.253212986032706e+00	1.538510969034802e+00	4757
-4.723081933305219e+00	-4.771901968184063e+00	4758
1.299976400643457e+00	7.684783168658435e+00	4759
6.763231264004533e+00	1.273717683133822e+00	4760
5.928762677507012e+00	-2.566212172832802e+00	4761
5.872367053957055e+00	3.665345003666817e+00	4762
1.874718062226916e+00	-7.316780105451789e+00	4763
-5.660309260063777e+00	3.756120868509797e+00	4764
2.809825070269032e+00	6.748424164398820e+00	4765
5.147978109453477e+00	-5.011595252255925e+00	4766
5.965592044472406e+00	-1.177559052927596e+00	4767
-5.148788437876902e+00	4.351359736738017e-01	4768
5.621825048110104e+00	-1.499319753608194e-01	4769
-3.859049186981765e+00	6.883208708784600e+00	4770
-3.199504955686608e+00	-8.598290070284444e+00	4771
3.969786641914531e+00	5.696181583239273e+00	4772
-4.727447329617293e+00	-5.625835001982943e+00	4773
2.928249094538253e+00	-6.602971516313409e+00	4774
-6.140151302425101e+00	-6.804755579935898e-01	4775
6.422673302570574e+00	2.500874146863723e+00	4776
3.701195535631544e+00	-6.648235316741398e+00	4777
1.455610979667071e+00	-7.835120164879746e+00	4778
-6.325773961886036e+00	-3.190606530926804e+00	4779
6.667313314221048e+00	-3.086458338437328e+00	4780
2.829285389510534e-01	8.400949486418384e+00	4781
-1.667113621468993e+00	8.056165154107038e+00	4782
6.559227225022188e+00	3.277264617923491e+00	4783
-6.042278537672657e+00	1.865470800462298e+00	4784
-4.887207008620196e+00	6.799577987258916e+00	4785
-5.448070202675639e+00	-1.250301079650477e-01	4786
-2.236309979900761e+00	-9.322095456775646e+00	4787
6.348404586425011e+00	-4.772747957752382e-01	4788
6.147542971962413e+00	1.727927341250368e-01	4789
-3.233866822682928e+00	7.693668241380285e+00	4790
5.993610836470540e+00	-4.628737774796866e+00	4791
5.851062238245524e+00	4.434635538367067e+00	4792
6.997168974327444e+00	2.001013705691930e+00	4793
-2.018179463608858e-01	-9.217066176270835e+00	4794
-6.226722194236277e+00	5.582393852563807e+00	4795
2.344666938808484e+00	7.638636169551424e+00	4796
-5.431758947372877e+00	-4.493736306337984e+00	4797
4.898680073070351e+00	-5.858133796935176e+00	4798
-6.347092929534377e+00	3.105472885258438e+00	4799
-5.858319403092965e+00	1.722178879173474e-02	4800
-5.086436114515268e+00	-6.651737934895627e+00	4801
6.559051535612415e+00	5.676863188320812e-01	4802
6.400950596531498e+00	-1.879746495884279e+00	4803
2.636095986387892e+00	-7.300141933319591e+00	4804
-6.399530759710933e+00	4.393147332305877e+00	4805
3.703263875292931e+00	6.563437582647654e+00	4806
5.670222866488611e+00	-7.298483571440543e-01	4807
-5.564968298462420e+00	9.424539593320000e-01	4808
-6.619669243640223e+00	-1.454810866586990e+00	4809
-4.475095059228208e+00	-8.761661815231031e+00	4810
4.867367721702333e+00	5.553132620390952e+00	4811
-5.517923564525550e+00	-5.195210902260810e+00	4812
-6.297587147012703e+00	-4.743702852642224e+00	4813
3.404289783781639e+00	-7.357167865687575e+00	4814
-4.366035128265330e+00	7.812763936120669e+00	4815
-7.223137336028732e+00	5.119800602149885e+00	4816
-7.011020984897485e+00	-2.406947899962601e+00	4817
-6.935516336625583e+00	2.303357368583279e+00	4818
8.909597531015335e-01	-9.596374906704618e+00	4819
7.207476483710760e+00	2.784541320700689e+00	4820
-2.560408244907593e+00	8.367793292670930e+00	4821
-1.181664821959060e+00	-9.887368944710374e+00	4822
1.592741185160340e+00	8.681110871189777e+00	4823
5.843499910120005e+00	-5.600516036779246e+00	4824
-7.004972373131470e+00	-6.808550165831080e-01	4825
3.373261988228995e+00	7.522980914612587e+00	4826
5.745537607262270e+00	5.321632864271470e+00	4827
4.570456009622551e+00	-6.669901305541584e+00	4828
-8.351575311350683e-01	8.856945434773706e+00	4829
-3.531268445018868e+00	-9.789587610605057e+00	4830
6.597778247337653e+00	4.097994737772209e+00	4831
6.815050406324335e+00	-4.063477143015522e+00	4832
2.275168314970807e+00	-8.170668248472188e+00	4833
7.325795002845906e+00	7.292677503149333e-01	4834
7.578583900340627e+00	1.413021865321994e+00	4835
-5.955116097641275e+00	6.627715818856148e+00	4836
-6.320231277729046e+00	-4.167107410463635e+00	4837
-7.217586313042592e+00	3.714808586363744e+00	4838
6.854957315354578e+00	3.636501514511004e-02	4839
6.721704290932623e+00	-1.159412796666395e+00	4840
7.243939180799052e+00	-2.326146076254979e+00	4841
1.640041910334040e+00	-8.887164034200520e+00	4842
4.560121724103394e+00	6.374129803488511e+00	4843
-6.341709857284144e+00	6.793098201148654e-01	4844
-5.407563850454571e+00	-7.863212341263655e+00	4845
-5.533681850261355e+00	-6.165087358180745e+00	4846
-4.224489841132214e-02	-1.044294863863590e+01	4847
-5.713340870094060e+00	-9.114889409252275e+00	4848
4.147251538558794e-01	9.526796738831303e+00	4849
-6.387981910683270e+00	-5.702205844221441e+00	4850
8.190691853713549e+00	7.986784018956358e-01	4851
2.844876070401386e+00	8.597211051481029e+00	4852
-6.819156896033459e+00	1.411359846895931e+00	4853
7.368118782797199e+00	3.657626333414373e+00	4854
-2.367422251664932e+00	-1.061140854292237e+01	4855
7.562332373831960e+00	-3.318489984948380e+00	4856
-7.542865362806396e+00	-1.523143142110969e+00	4857
7.853417476591238e+00	2.224549407385988e+00	4858
-5.542849918958351e+00	7.724219885832854e+00	4859
5.563011704849954e+00	-6.568917143847374e+00	4860
-4.854814054601621e+00	-1.005895056214260e+01	4861
-1.860937148030711e+00	9.143388288896832e+00	4862
6.578354775068580e+00	4.987441756435634e+00	4863
6.813243485547903e+00	-5.136433883069500e+00	4864
-7.092765697502792e+00	6.299148608285202e+00	4865
4.231008321818644e+00	-7.426938671905074e+00	4866
-7.937735129761968e+00	2.836898913547597e+00	4867
-8.186474592269606e+00	4.413302173347644e+00	4868
7.694171310015184e+00	-2.726983670258098e-02	4869
1.996838966447835e+00	-1.001479885288293e+01	4870
2.955657034492036e+00	-8.211492629501910e+00	4871
-6.616808902114713e+00	-1.398533788621499e-02	4872
-3.644015126779452e+00	8.729447986337075e+00	4873
5.500565651340124e+00	6.242232739801111e+00	4874
2.693369326405880e+00	-9.181648727998933e+00	4875
7.102405203378320e+00	-5.934020671067159e-01	4876
-7.227654798340256e+00	-3.515582281616225e+00	4877
7.200091889785949e+00	-1.802412908420936e+00	4878
4.332957301652246e+00	7.309158399181238e+00	4879
-6.648605612346681e+00	-8.223242213376952e+00	4880
8.493485686558339e+00	1.624802661686035e+00	4881
4.011576040894435e+00	8.404498038672394e+00	4882
6.647570647864227e+00	-6.259237658334040e+00	4883
-1.140439314135247e+00	-1.123966774518901e+01	4884
-8.258657860590013e+00	5.715092901071489e+00	4885
1.950321475256981e+00	9.804115799277318e+00	4886
-3.799314337120563e+00	-1.116388606832993e+01	4887
-2.876231395322645e+00	9.489133988175020e+00	4888
8.657323191314621e+00	-4.344940028953947e-02	4889
-7.765826625306034e+00	1.779426717897366e+00	4890
8.199216681754073e+00	-2.566547986703521e+00	4891
-7.979119269466302e+00	-6.519602087111767e-01	4892
8.099327656844070e+00	3.104323025955289e+00	4893
7.749517561249312e+00	-4.452729410003872e+00	4894
7.424351442105139e+00	4.590750240463464e+00	4895
7.928088331642864e+00	-8.642169705201841e-01	4896
-8.875414551822569e-01	1.006379902726563e+01	4897
3.199113827832200e+00	-1.031271928123669e+01	4898
-6.422294846336066e+00	-6.785648537170993e+00	4899
-4.933795505268758e+00	8.872225121907530e+00	4900
-7.268856624325327e+00	-5.136036197745736e+00	4901
5.197539454853812e+00	-7.475270326467232e+00	4902
5.229754178422228e+00	7.115188321794332e+00	4903
6.476033227694510e+00	5.983859665855417e+00	4904
-8.002409400304266e+00	-2.602795985549581e+00	4905
-6.774919631579649e+00	7.510180941110392e+00	4906
-6.215085044695798e+00	-1.043480043464607e+01	4907
-9.058014716191121e+00	3.467809067880391e+00	4908
1.116996017869003e+00	-1.086625428909196e+01	4909
3.873131828200354e+00	-8.265676077186432e+00	4910
-7.482918865459878e+00	4.347796203362989e-02	4911
7.511601388057003e+00	-1.278699709785910e+00	4912
-7.194257245886284e+00	6.198238070894432e-01	4913
5.876986926988635e-01	1.080136567893506e+01	4914
3.425166078260630e+00	9.677422894522135e+00	4915
-8.270645109013900e+00	4.581537177642158e-01	4916
1.268814705304173e-01	-1.182573715108931e+01	4917
8.945633921603809e+00	-1.033345318606316e+00	4918
-2.475140090359619e+00	-1.207513392553698e+01	4919
9.196890816048464e+00	8.594249280426988e-01	4920
8.811469244859582e+00	2.500628263263959e+00	4921
8.289862785373726e+00	4.086918070590174e+00	4922
-8.881161994127215e+00	2.222564498063024e+00	4923
5.046973669674313e+00	8.141325190802680e+00	4924
3.645876228878234e+00	-9.271060265452254e+00	4925
-8.096478927506997e+00	7.097778663551232e+00	4926
8.567495248277893e+00	-3.630243041492674e+00	4927
8.166592465597382e+00	-1.797424055668891e+00	4928
-8.592025720776268e+00	-1.597867916882262e+00	4929
-6.291095894008533e+00	8.773546718518830e+00	4930
-5.230737320815836e+00	-1.151985967898587e+01	4931
-4.103936082145927e+00	9.905975702192414e+00	4932
-7.633195894385618e+00	-7.331997808796667e+00	4933
-2.074283279358649e+00	1.038183272046955e+01	4934
-8.273291235736059e+00	-3.986188560637295e+00	4935
7.760458362379457e+00	-5.697961530128329e+00	4936
2.353943064660086e+00	-1.131628862630637e+01	4937
-7.395043036701722e+00	-6.237906798308187e+00	4938
6.328436203101953e+00	-7.366642590125675e+00	4939
6.242878085533929e+00	6.985909830880461e+00	4940
7.417049846976282e+00	5.599964824279398e+00	4941
-7.086066598944437e+00	-9.442120864202964e+00	4942
-9.372825869617438e+00	4.841389296064767e+00	4943
4.807829355990202e+00	-8.327430171308173e+00	4944
4.747342768932883e+00	9.396126107367452e+00	4945
-6.776312310259930e+00	-1.193437225311351e+01	4946
-3.229707148569462e+00	1.076305193512261e+01	4947
3.741788159232197e+00	-1.162785525850770e+01	4948
8.811663579389315e+00	-4.901836065415876e+00	4949
-9.450334878521812e+00	6.375865506842608e+00	4950
-8.629852830798779e+00	-6.542384222851124e+00	4951
9.288102038377319e+00	-2.784898612089308e+00	4952
9.548444557534888e+00	1.814279597200246e+00	4953
1.970498041069474e+00	1.126098966192929e+01	4954
2.784936864657912e+00	1.088669128616498e+01	4955
-4.049821549964963e+00	-1.272753779440189e+01	4956
-7.684712039795031e+00	-1.084699785942722e+01	4957
5.995658240788472e+00	7.924630085337137e+00	4958
-1.078297386054944e+00	-1.276645858817161e+01	4959
9.728418243952486e+00	-1.758999210771972e-01	4960
-7.997117347767076e+00	-8.547236983965414e+00	4961
-5.575491562497280e+00	1.007717548113787e+01	4962
9.103692520424614e+00	3.473089063814401e+00	4963
-9.292492726829202e-01	1.143481501999961e+01	4964
1.409087752091210e+00	-1.228711639523784e+01	4965
7.322877122074857e+00	6.708626757523044e+00	4966
8.369992356200754e+00	5.141252384938625e+00	4967
-8.669433607196485e+00	1.131306157557514e+00	4968
-7.720034154826152e+00	8.506361173758359e+00	4969
7.575376917412870e+00	-6.996864953636700e+00	4970
-1.003859106520449e+01	2.693164140955013e+00	4971
4.484431634983120e+00	-1.024829633440860e+01	4972
-9.057030110306528e+00	-4.712939546244785e-01	4973
9.145886643659850e+00	-2.108572403971352e+00	4974
-8.465585524100312e+00	-5.406326140815353e+00	4975
-9.134599031540223e+00	-2.850534716629539e+00	4976
-1.033661238065246e+01	3.897523020849516e+00	4977
5.902792213566352e+00	-8.391290370162501e+00	4978
4.246525818453139e+00	1.076390586863491e+01	4979
-5.660547935806514e+00	-1.316932401112610e+01	4980
-9.721049114888023e+00	-5.805159586385177e+00	4981
-2.560501405685039e+00	-1.373119652615585e+01	4982
1.035283444263913e+01	8.981305646324595e-01	4983
-2.306401806870007e+00	1.179358349174825e+01	4984
7.202630270992721e+00	-8.271344446797208e+00	4985
9.717514351665301e+00	-3.971350625482200e+00	4986
-1.137656184769087e+01	3.000981940047521e+00	4987
-8.419583963886081e+00	-1.238535892314429e+01	4988
-7.145685520142691e+00	9.965367290798326e+00	4989
-9.794535177572493e+00	-1.617510002978118e+00	4990
9.903209593189956e+00	2.798426382051558e+00	4991
9.337725731132283e+00	4.569955989003548e+00	4992
-9.253341890742309e+00	7.993263506581251e+00	4993
-8.488590690094194e+00	-9.959722421490513e+00	4994
-9.824508104344773e+00	1.471309292524111e+00	4995
1.004881168162553e+01	-1.332970212764013e+00	4996
5.992286595825217e-01	1.226658625792637e+01	4997
5.292280652419544e+00	-9.461943062096314e+00	4998
8.845271015265054e+00	-6.330031148851841e+00	4999
7.094564813550243e+00	7.800788156905609e+00	5000
8.380354882126959e+00	6.277492912809352e+00	5001
-1.069077242970727e+01	5.399746786988886e+00	5002
-8.952733689754341e+00	-7.742577396463349e+00	5003
-4.620928643129885e+00	1.124234181978185e+01	5004
2.802066581422164e+00	-1.276260241725153e+01	5005
-9.507562072784022e+00	-4.309380310017722e+00	5006
5.762420927618081e+00	9.093679277017658e+00	5007
3.433559380095850e-01	-1.338213198243630e+01	5008
5.268766648466972e+00	-1.156086117307329e+01	5009
6.834929937231954e+00	8.861752222942274e+00	5010
-1.045935254801979e+00	1.297902625103871e+01	5011
-7.289985440627800e+00	-1.367920883146884e+01	5012
1.780636264958616e+00	-1.387851293661433e+01	5013
-4.309516825145752e+00	-1.449871724433666e+01	5014
1.095607242422190e+01	-3.244097091150231e-01	5015
-8.806245239834753e+00	9.634069598761599e+00	5016
-3.624643504024015e+00	1.221159614802696e+01	5017
-6.302262858404772e+00	1.144747146397211e+01	5018
-1.033467951508327e+01	-4.600174382052377e-01	5019
-1.174743641343460e+01	4.392059307368846e+00	5020
9.449791082655301e+00	5.754410713768777e+00	5021
-9.537677353301287e+00	3.151508272277235e-01	5022
1.002680194089002e+01	-5.405981184957390e+00	5023
1.024537940811905e+01	3.880924870376738e+00	5024
1.075822627423364e+01	2.007958758403192e+00	5025
1.053217333740275e+01	-3.005044361218147e+00	5026
3.622997960248089e+00	1.211752025089475e+01	5027
-1.079467535438515e+01	7.143879530413964e+00	5028
-9.953056188679852e+00	-7.017778877249622e+00	5029
5.622002889728829e+00	1.044744603521354e+01	5030
8.293523910763676e+00	7.509382992977277e+00	5031
-9.346907402426881e+00	-9.181230005440716e+00	5032
-1.084214339814153e+01	-4.882717404171848e+00	5033
8.639233806836817e+00	-7.832739526619142e+00	5034
2.085148938476215e+00	1.285539773494160e+01	5035
-9.774586357780420e-01	-1.448467784623099e+01	5036
-9.210540986014481e+00	-1.142275296895975e+01	5037
-1.102967417746635e+01	1.775317670506636e+00	5038
6.640524807787092e+00	-9.507500119257069e+00	5039
4.471408305011702e+00	-1.305769279940976e+01	5040
-1.043788324340898e+01	-3.029914612615842e+00	5041
5.754617298782240e+00	-1.074399016165520e+01	5042
-9.168874679970056e+00	-1.418114519872960e+01	5043
1.053155289781372e+01	5.106116825828740e+00	5044
1.103501325326026e+01	-4.340396851966065e+00	5045
-6.068797731546840e+00	-1.503898867213985e+01	5046
-5.202871184070663e+00	1.276076903211728e+01	5047
-8.120952570349136e+00	1.132028069732086e+01	5048
-1.072736724576783e+01	5.901066711281918e-01	5049
-1.057123206833675e+01	9.011552614440868e+00	5050
1.008886778398539e+01	-7.044783888538819e+00	5051
1.114797228895149e+01	3.122680320372632e+00	5052
5.806618772049597e-01	1.392793688660860e+01	5053
7.282954459621057e+00	-1.090284584721884e+01	5054
8.180045725339347e+00	-9.334110941957535e+00	5055
8.055173669280872e+00	8.722193614283949e+00	5056
-2.620932802701220e+00	-1.560680440934962e+01	5057
9.481417818831909e+00	7.030325364342307e+00	5058
6.557383520523067e+00	1.017972376787952e+01	5059
1.137468341439436e+01	-1.719975689793906e+00	5060
-1.026275064743975e+01	-8.498351018549338e+00	5061
6.255869561105691e-01	-1.513237052919830e+01	5062
-1.217461338441370e+01	6.049941249832430e+00	5063
3.396287883828813e+00	-1.438539406812149e+01	5064
-1.113605836686460e+01	-6.265536002962183e+00	5065
-1.190835047657546e+01	-3.680384998238194e+00	5066
5.198127111916793e+00	1.195378201171234e+01	5067
-1.289760651604938e+01	3.340262439194154e+00	5068
-2.594788126314001e+00	1.338602836402533e+01	5069
6.187744427248746e+00	-1.301165594424435e+01	5070
1.167637916172015e+01	9.300399949871782e-01	5071
-1.013178604458182e+01	-1.298714069828156e+01	5072
-1.115546452578306e+01	-1.681750534530949e+00	5073
3.486775384798020e+00	1.380700855232513e+01	5074
-1.246674762556757e+01	2.030303155882266e+00	5075
1.214204781806919e+01	2.217321754112944e+00	5076
-4.551773850456042e+00	-1.650605586039423e+01	5077
-7.892997963593250e+00	-1.563871872172365e+01	5078
-1.004658635195418e+01	1.091620811732089e+01	5079
-1.231654189757183e+01	8.023688952557180e+00	5080
1.237217716505653e+01	-4.897884374887577e-01	5081
1.197075602346754e+01	-3.134545378174674e+00	5082
9.850584916794245e+00	-8.794939186184227e+00	5083
6.462024248191521e+00	1.161837123434600e+01	5084
9.394526551914987e+00	8.407190599335570e+00	5085
5.281880838651660e+00	-1.468945381033009e+01	5086
-8.209890324813762e-01	-1.642600096331156e+01	5087
-1.114585591862348e+01	-1.133566458154248e+01	5088
1.154371928183195e+01	4.330306180789434e+00	5089
-1.220148098584378e+00	1.472048652928122e+01	5090
-1.239044824065902e+01	-5.244916367123438e+00	5091
-7.125628331529617e+00	1.300630583828714e+01	5092
-4.079898522858814e+00	1.384968325306356e+01	5093
-1.071238165218039e+01	-1.005776757422798e+01	5094
-1.114195342138448e+01	-1.478866255141423e+01	5095
-1.409212289496107e+01	2.221328483827751e+00	5096
-1.171476796730154e+01	-3.720366243550533e-01	5097
1.141617812984419e+01	-5.967241679330370e+00	5098
2.072524947396817e+00	1.462651665815705e+01	5099
8.105237188474190e+00	-1.266871748493488e+01	5100
1.068198855302052e+01	6.436114572732836e+00	5101
8.980416458603186e+00	-1.083150702819304e+01	5102
7.776394221754073e+00	9.928934632221376e+00	5103
2.258619911871053e+00	-1.566445592449542e+01	5104
-1.141458942092602e+01	-7.655966241042237e+00	5105
-1.279823760186761e+01	-2.204828234851613e+00	5106
-1.335966650268061e+01	4.903461765854485e+00	5107
4.560141660252263e+00	1.348797362885299e+01	5108
-1.203636750725419e+01	7.474750983823277e-01	5109
-9.230578916083791e+00	1.286271017294996e+01	5110
-2.641272677996147e+00	-1.772890557516659e+01	5111
4.047683274428705e+00	1.542946829925792e+01	5112
1.256523557564104e+01	3.481105549081475e+00	5113
7.445820803424335e+00	1.141602660410268e+01	5114
9.936392514710615e-01	-1.709668134693437e+01	5115
4.094936188723984e+00	-1.621413551999049e+01	5116
-6.509238518745505e+00	-1.715200753954213e+01	5117
1.189159694148166e+01	5.699441796946096e+00	5118
1.073525759683022e+01	7.873923407402359e+00	5119
1.083016679420990e+01	-1.041630956018090e+01	5120
-1.254841738260757e+01	-1.014744038643359e+01	5121
-1.352165981412147e+01	8.054248665836701e-01	5122
-1.358084119087921e+01	-3.862325155390436e+00	5123
1.256046077132521e+01	-4.702250397029482e+00	5124
4.863081145323715e-01	1.579465482521808e+01	5125
1.150930097366306e+01	-7.854810339387376e+00	5126
-1.207045553617524e+01	1.017005646126247e+01	5127
6.252407167565876e+00	1.327048633560196e+01	5128
1.319089712825623e+01	9.657525881506662e-01	5129
-1.272911840212107e+01	-6.793373999473703e+00	5130
-1.459884903658479e+01	3.801084434481985e+00	5131
-2.945664490406637e+00	1.517882569163281e+01	5132
1.289014018380802e+01	-1.923053262301215e+00	5133
-1.318637299310513e+01	-1.892065246247334e-01	5134
-5.862701675382738e+00	1.448326225477519e+01	5135
-1.226713483038150e+01	-1.304096980682925e+01	5136
-1.386477765346198e+01	6.771672432282782e+00	5137
7.333027373577594e+00	-1.457195995739214e+01	5138
1.003050034350104e+01	-1.245829131549000e+01	5139
9.141129656167932e+00	9.764838959676881e+00	5140
-1.187798493935841e+01	-9.087140282829429e+00	5141
-4.604636099497463e+00	1.569773022519106e+01	5142
1.399032869473112e+01	-5.904385084919178e-01	5143
2.836550408287074e+00	-1.767041679968727e+01	5144
1.301863171513139e+01	-6.579476436693925e+00	5145
1.301996727125027e+01	4.829019865809257e+00	5146
-1.528270166984839e+01	9.185400180559049e-01	5147
6.275026613578460e+00	-1.651506922231603e+01	5148
2.356784627882005e+00	1.663220347475561e+01	5149
-1.145941651769940e+01	1.237564963497640e+01	5150
-1.404901047196150e+01	9.016841407766494e+00	5151
1.372163158142041e+01	2.453273888621666e+00	5152
1.357549572195309e+01	-3.398041480157345e+00	5153
1.208661717997066e+01	7.196632419664700e+00	5154
-1.467233662860311e+00	1.667783476030105e+01	5155
-8.058720985098349e+00	1.477928099265841e+01	5156
8.837290372550529e+00	1.114280958180026e+01	5157
-1.337134728994589e+01	-8.459359331915744e+00	5158
-5.882039372899738e-01	-1.861541192474027e+01	5159
1.206961216787491e+01	-1.207839360643094e+01	5160
-1.452637633909906e+01	-1.928889165001882e+00	5161
6.365927067926085e+00	1.559284883788733e+01	5162
1.273928807061812e+01	-9.550193871158648e+00	5163
-1.516585923790169e+01	5.500287065097154e+00	5164
-1.414479305115121e+01	-5.631342611813540e+00	5165
-1.594364991326926e+01	2.498308229565590e+00	5166
-1.480148706279597e+01	-1.801222794758345e-01	5167
9.307765693760052e+00	-1.429556939331190e+01	5168
1.064648753372362e+01	9.421356755399993e+00	5169
1.429391920898388e+01	-5.132117069785619e+00	5170
4.983605029114560e+00	-1.816451090526272e+01	5171
-1.049133980109058e+01	1.461910510983184e+01	5172
1.458370822121452e+01	-8.223692185141964e+00	5173
1.343883921197145e+01	6.358835671360934e+00	5174
-3.370814977788789e+00	1.719137723138092e+01	5175
1.459825573951244e+01	-2.118953626167168e+00	5176
-1.457763446818142e+01	-7.269045887905023e+00	5177
-6.610424716881583e+00	1.643600521083144e+01	5178
-1.460960513474382e+01	-1.010879440343623e+01	5179
-1.727222395416422e+01	1.014007685244721e+00	5180
-1.647888826294326e+01	-8.204786613256244e-01	5181
4.678983066075472e+00	1.746622214431395e+01	5182
4.678300907535966e-01	1.792185605042405e+01	5183
-1.377907630904530e+01	1.148401770240402e+01	5184
-1.549600488021746e+01	-3.930954960559037e+00	5185
-1.578025153030137e+01	7.586565114642762e+00	5186
1.140553610276344e+01	-1.408629612604849e+01	5187
1.216284068138406e+01	8.821507012629034e+00	5188
8.443608943726213e+00	1.282635772255861e+01	5189
1.417599815852197e+01	3.883149308242547e+00	5190
1.491526322263367e+01	1.042972987285887e+00	5191
8.540744230825085e+00	-1.639258938395648e+01	5192
1.421748335872722e+01	-1.129305660482145e+01	5193
-1.653535362590081e+01	4.256524889928722e+00	5194
1.036948306519881e+01	1.094686829475822e+01	5195
1.539261875213180e+01	-3.703572900543803e+00	5196
-1.376797736577880e+01	-1.219049988202859e+01	5197
-1.721607228245195e+01	6.142734831013250e+00	5198
1.469429991176205e+01	5.383787007472639e+00	5199
1.582960376924202e+01	-6.637532277807469e-01	5200
1.492078823734089e+01	-6.967012438197357e+00	5201
1.003559749433503e+01	1.252364846305333e+01	5202
1.566565542651654e+01	-9.550651386116797e+00	5203
-5.207781458415061e+00	1.777758977191602e+01	5204
1.368663644594606e+01	8.047217550832388e+00	5205
7.685523191887522e+00	1.472445674643349e+01	5206
-1.803232353961040e+01	2.898095870362668e+00	5207
-1.615535237545460e+01	-5.944372788035960e+00	5208
1.206909085963343e+01	1.056744416497392e+01	5209
1.551611211414819e+01	2.738648543307889e+00	5210
-1.865129345738625e+01	-6.716452808886517e-01	5211
1.626276550046888e+01	-5.481190848082036e+00	5212
1.599937204515636e+01	4.344065000526405e+00	5213
1.519760265249892e+01	7.092675590933622e+00	5214
8.076042478203497e+00	1.675801795411035e+01	5215
-1.659927786308705e+01	-8.075581234664870e+00	5216
1.378512937616252e+01	9.888076602638007e+00	5217
1.652669448209387e+01	-2.319786338248524e+00	5218
1.687573784899973e+01	1.162711563578638e+00	5219
-1.769776929531048e+01	-2.664147023501183e+00	5220
1.668914712429569e+01	-7.563476598670155e+00	5221
9.654964483995716e+00	1.443689767947827e+01	5222
-1.761704643633694e+01	-4.351913218972316e+00	5223
1.176123953989215e+01	1.228717788766512e+01	5224
1.791772530853580e+01	-7.216865632314501e-01	5225
1.550786981583687e+01	9.001221101180061e+00	5226
1.743820394166509e+01	-3.977002191992186e+00	5227
1.368552602616498e+01	1.186425208182797e+01	5228
1.658770217597976e+01	6.006055444978863e+00	5229
1.755057308504002e+01	3.085839496911579e+00	5230
1.141888448014001e+01	1.405409375829816e+01	5231
1.719386005257135e+01	7.912109975194218e+00	5232
NMARK= 2
MARKER_TAG= airfoil
MARKER_ELEMS= 200
3	199	0
3	0	1
3	1	2
3	2	3
3	3	4
3	4	5
3	5	6
3	6	7
3	7	8
3	8	9
3	9	10
3	10	11
3	11	12
3	12	13
3	13	14
3	14	15
3	15	16
3	16	17
3	17	18
3	18	19
3	19	20
3	20	21
3	21	22
3	22	23
3	23	24
3	24	25
3	25	26
3	26	27
3	27	28
3	28	29
3	29	30
3	30	31
3	31	32
3	32	33
3	33	34
3	34	35
3	35	36
3	36	37
3	37	38
3	38	39
3	39	40
3	40	41
3	41	42
3	42	43
3	43	44
3	44	45
3	45	46
3	46	47
3	47	48
3	48	49
3	49	50
3	50	51
3	51	52
3	52	53
3	53	54
3	54	55
3	55	56
3	56	57
3	57	58
3	58	59
3	59	60
3	60	61
3	61	62
3	62	63
3	63	64
3	64	65
3	65	66
3	66	67
3	67	68
3	68	69
3	69	70
3	70	71
3	71	72
3	72	73
3	73	74
3	74	75
3	75	76
3	76	77
3	77	78
3	78	79
3	79	80
3	80	81
3	81	82
3	82	83
3	83	84
3	84	85
3	85	86
3	86	87
3	87	88
3	88	89
3	89	90
3	90	91
3	91	92
3	92	93
3	93	94
3	94	95
3	95	96
3	96	97
3	97	98
3	98	99
3	99	100
3	100	101
3	101	102
3	102	103
3	103	104
3	104	105
3	105	106
3	106	107
3	107	108
3	108	109
3	109	110
3	110	111
3	111	112
3	112	113
3	113	114
3	114	115
3	115	116
3	116	117
3	117	118
3	118	119
3	119	120
3	120	121
3	121	122
3	122	123
3	123	124
3	124	125
3	125	126
3	126	127
3	127	128
3	128	129
3	129	130
3	130	131
3	131	132
3	132	133
3	133	134
3	134	135
3	135	136
3	136	137
3	137	138
3	138	139
3	139	140
3	140	141
3	141	142
3	142	143
3	143	144
3	144	145
3	145	146
3	146	147
3	147	148
3	148	149
3	149	150
3	150	151
3	151	152
3	152	153
3	153	154
3	154	155
3	155	156
3	156	157
3	157	158
3	158	159
3	159	160
3	160	161
3	161	162
3	162	163
3	163	164
3	164	165
3	165	166
3	166	167
3	167	168
3	168	169
3	169	170
3	170	171
3	171	172
3	172	173
3	173	174
3	174	175
3	175	176
3	176	177
3	177	178
3	178	179
3	179	180
3	180	181
3	181	182
3	182	183
3	183	184
3	184	185
3	185	186
3	186	187
3	187	188
3	188	189
3	189	190
3	190	191
3	191	192
3	192	193
3	193	194
3	194	195
3	195	196
3	196	197
3	197	198
3	198	199
MARKER_TAG= farfield
MARKER_ELEMS= 50
3	200	201
3	201	202
3	202	203
3	203	204
3	204	205
3	205	206
3	206	207
3	207	208
3	208	209
3	209	210
3	210	211
3	211	212
3	212	213
3	213	214
3	214	215
3	215	216
3	216	217
3	217	218
3	218	219
3	219	220
3	220	221
3	221	222
3	222	223
3	223	224
3	224	225
3	225	226
3	226	227
3	227	228
3	228	229
3	229	230
3	230	231
3	231	232
3	232	233
3	233	234
3	234	235
3	235	236
3	236	237
3	237	238
3	238	239
3	239	240
3	240	241
3	241	242
3	242	243
3	243	244
3	244	245
3	245	246
3	246	247
3	247	248
3	248	249
3	249	200
