
-------------------------------------------------------------------------
|    ___ _   _ ___                                                      |
|   / __| | | |_  )   Release 8.3.0 "Harrier"                           |
|   \__ \ |_| |/ /                                                      |
|   |___/\___//___|   Suite (Computational Fluid Dynamics Code)         |
|                                                                       |
-------------------------------------------------------------------------
| SU2 Project Website: https://su2code.github.io                        |
|                                                                       |
| The SU2 Project is maintained by the SU2 Foundation                   |
| (http://su2foundation.org)                                            |
-------------------------------------------------------------------------
| Copyright 2012-2025, SU2 Contributors                                 |
|                                                                       |
| SU2 is free software; you can redistribute it and/or                  |
| modify it under the terms of the GNU Lesser General Public            |
| License as published by the Free Software Foundation; either          |
| version 2.1 of the License, or (at your option) any later version.    |
|                                                                       |
| SU2 is distributed in the hope that it will be useful,                |
| but WITHOUT ANY WARRANTY; without even the implied warranty of        |
| MERCHANTABILITY or FITNESS FOR A PARTICULAR PURPOSE. See the GNU      |
| Lesser General Public License for more details.                       |
|                                                                       |
| You should have received a copy of the GNU Lesser General Public      |
| License along with SU2. If not, see <http://www.gnu.org/licenses/>.   |
-------------------------------------------------------------------------

Parsing config file for zone 0

----------------- Physical Case Definition ( Zone 0 ) -------------------
Compressible Euler equations.
Mach number: 0.8.
Angle of attack (AoA): 1.25 deg, and angle of sideslip (AoS): 0 deg.
Fixed CL mode, target value: 0.326.
Reading and writing binary SU2 native restart files.
Read flow solution from: solution_flow.
Non-Dimensional simulation (P=1.0, Rho=1.0, T=1.0 at the farfield).
The reference area is 1 m^2.
The semi-span will be computed using the max y(3D) value.
The reference length is 1 m.
Reference origin for moment evaluation is (0.25, 0, 0).
Surface(s) where the force coefficients are evaluated: airfoil.

Surface(s) plotted in the output file: airfoil.
Surface(s) affected by the design variables: airfoil.
Input mesh file name: mesh_NACA0012_inv_deform.su2

--------------- Space Numerical Integration ( Zone 0 ) ------------------
Jameson-Schmidt-Turkel scheme (2nd order in space) for the flow inviscid terms.
JST viscous coefficients (2nd & 4th): 0.5, 0.02.
The method includes a grid stretching correction (p = 0.3).
Gradient for viscous and source terms: Green-Gauss.

--------------- Time Numerical Integration  ( Zone 0 ) ------------------
Local time stepping (steady state simulation).
Euler implicit method for the flow equations.
FGMRES is used for solving the linear system.
Using a LU-SGS preconditioning.
Convergence criteria of the linear solver: 0.0001.
Max number of linear iterations: 2.
V Multigrid Cycle, with 2 multigrid levels.
Damping factor for the residual restriction: 1.
Damping factor for the correction prolongation: 1.
No CFL adaptation.
+-------------------------------------------+
|  MG Level| Presmooth|PostSmooth|CorrectSmo|
+-------------------------------------------+
|         0|         1|         0|         0|
|         1|         2|         0|         0|
|         2|         3|         0|         0|
+-------------------------------------------+
Courant-Friedrichs-Lewy number:       10

------------------ Convergence Criteria  ( Zone 0 ) ---------------------
Maximum number of solver subiterations: 1250.
Begin convergence monitoring at iteration 10.
Residual minimum value: 1e-13.
Cauchy series min. value: 1e-06.
Number of Cauchy elements: 100.
Begin windowed time average at iteration 0.

-------------------- Output Information ( Zone 0 ) ----------------------
File writing frequency: 
+------------------------------------+
|                     File| Frequency|
+------------------------------------+
|                  RESTART|       250|
|                 PARAVIEW|       250|
|         SURFACE_PARAVIEW|       250|
|              SURFACE_CSV|       250|
+------------------------------------+
Writing the convergence history file every 1 inner iterations.
Writing the screen convergence history every 1 inner iterations.
The tabular file format is CSV (.csv).
Convergence history file name: history_direct.
Forces breakdown file name: forces_breakdown.dat.
Surface file name: surface_flow.
Volume file name: flow.
Restart file name: restart_flow.

------------- Config File Boundary Information ( Zone 0 ) ---------------
+-----------------------------------------------------------------------+
|                        Marker Type|                        Marker Name|
+-----------------------------------------------------------------------+
|                         Euler wall|                            airfoil|
+-----------------------------------------------------------------------+
|                          Far-field|                           farfield|
+-----------------------------------------------------------------------+

-------------------- Output Preprocessing ( Zone 0 ) --------------------

WARNING: SURFACE_PRESSURE_DROP can only be computed for at least 2 surfaces (outlet, inlet, ...)

Screen output fields: INNER_ITER, RMS_DENSITY, RMS_ENERGY, LIFT, DRAG
History output group(s): ITER, RMS_RES, AERO_COEFF
Convergence field(s): RMS_DENSITY
Warning: No (valid) fields chosen for time convergence monitoring. Time convergence monitoring inactive.
Volume output fields: COORDINATES, SOLUTION, PRIMITIVE

------------------- Geometry Preprocessing ( Zone 0 ) -------------------
Two dimensional problem.
5233 grid points.
10216 volume elements.
2 surface markers.
200 boundary elements in index 0 (Marker = airfoil).
50 boundary elements in index 1 (Marker = farfield).
10216 triangles.
Setting point connectivity.
Renumbering points (Reverse Cuthill McKee Ordering).
Recomputing point connectivity.
Setting element connectivity.
Checking the numerical grid orientation.
All volume elements are correctly oriented.
All surface elements are correctly oriented.
Identifying edges and vertices.
Setting the control volume structure.
Area of the computational grid: 1253.25.
Searching for the closest normal neighbors to the surfaces.
Storing a mapping from global to local point index.
Compute the surface curvature.
Max K: 7835.1. Mean K: 34.9432. Standard deviation K: 494.442.
Checking for periodicity.
Computing mesh quality statistics for the dual control volumes.
+--------------------------------------------------------------+
|           Mesh Quality Metric|        Minimum|        Maximum|
+--------------------------------------------------------------+
|    Orthogonality Angle (deg.)|        62.8361|        89.7282|
|     CV Face Area Aspect Ratio|        1.00119|        7.17933|
|           CV Sub-Volume Ratio|        1.00255|        6.47806|
+--------------------------------------------------------------+
Setting the multigrid structure.
+-------------------------------------------+
|  MG Level|       CVs|Aggl. Rate|       CFL|
+-------------------------------------------+
|         0|      5233|    1/1.00|        10|
|         1|      1690|     1/3.1|   8.52431|
|         2|       649|     1/2.6|   7.92373|
+-------------------------------------------+
Finding max control volume width.
Wetted area = 2.03703 m.
Area projection in the x-plane = 0.111431 m, y-plane = 0.999845 m.
Max. coordinate in the x-direction = 1 m, y-direction = 0.0543443 m.
Min. coordinate in the x-direction = 0 m, y-direction = -0.0571034 m.
Computing wall distances.

-------------------- Solver Preprocessing ( Zone 0 ) --------------------
WARNING: AoA in the solution file (0.866694 deg.) +
         AoA offset in mesh file (0 deg.) = 0.866694 deg.
WARNING: SU2 will use the dCD/dCL provided in the direct solution file: 0.0480909.
WARNING: SU2 will use the dCMz/dCL provided in the direct solution file: 0.11578.
Inviscid flow: Computing density based on free-stream
temperature and pressure using the ideal gas law.
Force coefficients computed using free-stream values.

-- Models:
+------------------------------------------------------------------------------+
|          Viscosity Model|        Conductivity Model|              Fluid Model|
+------------------------------------------------------------------------------+
|                        -|                         -|             STANDARD_AIR|
+------------------------------------------------------------------------------+
-- Fluid properties:
+------------------------------------------------------------------------------+
|                  Name|    Dim. value|    Ref. value|      Unit|Non-dim. value|
+------------------------------------------------------------------------------+
|          Gas Constant|       287.058|       287.058|  N.m/kg.K|             1|
|      Spec. Heat Ratio|             -|             -|         -|           1.4|
+------------------------------------------------------------------------------+
-- Initial and free-stream conditions:
+------------------------------------------------------------------------------+
|                  Name|    Dim. value|    Ref. value|      Unit|Non-dim. value|
+------------------------------------------------------------------------------+
|       Static Pressure|        101325|        101325|        Pa|             1|
|               Density|       1.22498|       1.22498|    kg/m^3|             1|
|           Temperature|        288.15|        288.15|         K|             1|
|          Total Energy|        243846|       82715.8|   m^2/s^2|         2.948|
|            Velocity-X|       272.206|       287.603|       m/s|      0.946464|
|            Velocity-Y|       4.11789|       287.603|       m/s|     0.0143179|
|    Velocity Magnitude|       272.238|       287.603|       m/s|      0.946573|
+------------------------------------------------------------------------------+
|           Mach Number|             -|             -|         -|           0.8|
+------------------------------------------------------------------------------+
Initialize Jacobian structure (Euler). MG level: 0.
Initialize Jacobian structure (Euler). MG level: 1.
Initialize Jacobian structure (Euler). MG level: 2.

------------------- Numerics Preprocessing ( Zone 0 ) -------------------

----------------- Integration Preprocessing ( Zone 0 ) ------------------

------------------- Iteration Preprocessing ( Zone 0 ) ------------------
Euler/Navier-Stokes/RANS fluid iteration.

------------------------------ Begin Solver -----------------------------

Simulation Run using the Single-zone Driver
WARNING: SU2 was not compiled for an AVX-capable architecture. Performance could be better,
         see https://su2code.github.io/docs_v7/Build-SU2-Linux-MacOS/#compiler-optimizations
WARNING: SU2 was not compiled for an AVX-capable architecture. Performance could be better,
         see https://su2code.github.io/docs_v7/Build-SU2-Linux-MacOS/#compiler-optimizations
WARNING: SU2 was not compiled for an AVX-capable architecture. Performance could be better,
         see https://su2code.github.io/docs_v7/Build-SU2-Linux-MacOS/#compiler-optimizations
+----------------------------------------------------------------+
|  Inner_Iter|    rms[Rho]|   rms[RhoE]|          CL|          CD|
+----------------------------------------------------------------+
|           0|   -5.191242|   -4.594861|    0.325688|    0.005394|
|           1|   -5.491931|   -4.890675|    0.326865|    0.005406|
|           2|   -5.421337|   -4.838258|    0.327821|    0.005451|
|           3|   -5.415174|   -4.832321|    0.328324|    0.005340|
|           4|   -5.377096|   -4.799953|    0.329415|    0.005338|
|           5|   -5.378587|   -4.809865|    0.329911|    0.005299|
|           6|   -5.363598|   -4.796583|    0.330606|    0.005294|
|           7|   -5.347766|   -4.782511|    0.331531|    0.005305|
|           8|   -5.342969|   -4.781932|    0.332345|    0.005300|
|           9|   -5.345417|   -4.787386|    0.333059|    0.005295|
|          10|   -5.343430|   -4.785556|    0.333722|    0.005298|
|          11|   -5.342416|   -4.784847|    0.334353|    0.005309|
|          12|   -5.347502|   -4.791285|    0.334947|    0.005325|
|          13|   -5.355174|   -4.799740|    0.335490|    0.005343|
|          14|   -5.363895|   -4.808143|    0.335979|    0.005362|
|          15|   -5.374193|   -4.817598|    0.336424|    0.005380|
|          16|   -5.386437|   -4.829110|    0.336837|    0.005400|
|          17|   -5.400401|   -4.842808|    0.337224|    0.005421|
|          18|   -5.415500|   -4.858134|    0.337581|    0.005442|
|          19|   -5.430999|   -4.874151|    0.337910|    0.005463|
|          20|   -5.446987|   -4.890724|    0.338212|    0.005483|
|          21|   -5.463618|   -4.907660|    0.338494|    0.005502|
|          22|   -5.481275|   -4.925370|    0.338757|    0.005520|
|          23|   -5.499321|   -4.943335|    0.339008|    0.005537|
|          24|   -5.518042|   -4.962067|    0.339248|    0.005552|
|          25|   -5.537198|   -4.981348|    0.339479|    0.005565|
|          26|   -5.556380|   -5.000741|    0.339703|    0.005575|
|          27|   -5.575176|   -5.019756|    0.339921|    0.005584|
|          28|   -5.593180|   -5.037901|    0.340134|    0.005591|
|          29|   -5.610134|   -5.054898|    0.340342|    0.005596|
|          30|   -5.625955|   -5.070696|    0.340545|    0.005599|
|          31|   -5.640638|   -5.085337|    0.340743|    0.005601|
|          32|   -5.654249|   -5.098926|    0.340937|    0.005601|
|          33|   -5.666877|   -5.111585|    0.341124|    0.005600|
|          34|   -5.678784|   -5.123611|    0.341304|    0.005599|
|          35|   -5.690022|   -5.135034|    0.341477|    0.005597|
|          36|   -5.700773|   -5.146006|    0.341641|    0.005595|
|          37|   -5.711124|   -5.156563|    0.341796|    0.005593|
|          38|   -5.721014|   -5.166650|    0.341942|    0.005591|
|          39|   -5.730334|   -5.176176|    0.342081|    0.005590|
|          40|   -5.739584|   -5.185590|    0.342210|    0.005589|
|          41|   -5.748902|   -5.194997|    0.342330|    0.005589|
|          42|   -5.758463|   -5.204634|    0.342441|    0.005590|
|          43|   -5.768575|   -5.214852|    0.342544|    0.005591|
|          44|   -5.778997|   -5.225332|    0.342637|    0.005594|
|          45|   -5.789882|   -5.236218|    0.342723|    0.005596|
|          46|   -5.801329|   -5.247629|    0.342800|    0.005600|
|          47|   -5.813469|   -5.259708|    0.342870|    0.005604|
|          48|   -5.826513|   -5.272673|    0.342932|    0.005608|
|          49|   -5.840637|   -5.286687|    0.342989|    0.005612|
|          50|   -5.855917|   -5.301789|    0.343039|    0.005615|
|          51|   -5.872388|   -5.318038|    0.343091|    0.005109|
+-----------------------------------------------------------------------+
|Fixed CL Mode                           |Value                         |
+-----------------------------------------------------------------------+
|Current CL                              |0.343091                      |
|Target CL                               |0.326                         |
|Previous AOA                            |0.866694                      |
|Changed AoA by                          |-0.0851956                    |
+-----------------------------------------------------------------------+
+----------------------------------------------------------------+
|  Inner_Iter|    rms[Rho]|   rms[RhoE]|          CL|          CD|
+----------------------------------------------------------------+
|          52|   -3.881599|   -3.274906|    0.343105|    0.005112|
|          53|   -4.178954|   -3.568406|    0.342516|    0.005108|
|          54|   -4.421885|   -3.828272|    0.340073|    0.005065|
|          55|   -4.621048|   -4.010431|    0.336374|    0.004993|
|          56|   -4.784211|   -4.185029|    0.333048|    0.004942|
|          57|   -4.880728|   -4.282570|    0.331133|    0.004903|
|          58|   -5.016818|   -4.415379|    0.330628|    0.004878|
|          59|   -5.047083|   -4.443996|    0.330559|    0.004857|
|          60|   -5.100031|   -4.495361|    0.330084|    0.004819|
|          61|   -5.217855|   -4.619481|    0.329299|    0.004781|
|          62|   -5.291398|   -4.703040|    0.328534|    0.004751|
|          63|   -5.309487|   -4.721378|    0.327872|    0.004722|
|          64|   -5.352425|   -4.767388|    0.327281|    0.004694|
|          65|   -5.402148|   -4.827571|    0.326755|    0.004669|
|          66|   -5.417125|   -4.851304|    0.326298|    0.004650|
|          67|   -5.413874|   -4.852041|    0.325891|    0.004634|
|          68|   -5.406598|   -4.847802|    0.325495|    0.004621|
|          69|   -5.395888|   -4.840260|    0.325103|    0.004611|
|          70|   -5.383815|   -4.831016|    0.324730|    0.004604|
|          71|   -5.372558|   -4.821916|    0.324383|    0.004600|
|          72|   -5.362535|   -4.813203|    0.324053|    0.004598|
|          73|   -5.354214|   -4.805442|    0.323737|    0.004600|
|          74|   -5.348110|   -4.799496|    0.323435|    0.004603|
|          75|   -5.345187|   -4.796597|    0.323152|    0.004607|
|          76|   -5.345503|   -4.796798|    0.322889|    0.004612|
|          77|   -5.348509|   -4.799551|    0.322640|    0.004618|
|          78|   -5.354176|   -4.804868|    0.322401|    0.004623|
|          79|   -5.362638|   -4.812882|    0.322168|    0.004626|
|          80|   -5.373843|   -4.823507|    0.321948|    0.004630|
|          81|   -5.387691|   -4.836729|    0.321741|    0.004632|
|          82|   -5.404586|   -4.853043|    0.321551|    0.004634|
|          83|   -5.423594|   -4.871435|    0.321375|    0.004634|
|          84|   -5.445133|   -4.892395|    0.321211|    0.004634|
|          85|   -5.469356|   -4.915993|    0.321067|    0.004633|
|          86|   -5.494649|   -4.940592|    0.320940|    0.004632|
|          87|   -5.520912|   -4.966255|    0.320826|    0.004629|
|          88|   -5.548381|   -4.993095|    0.320724|    0.004625|
|          89|   -5.576957|   -5.020942|    0.320633|    0.004620|
|          90|   -5.606426|   -5.049625|    0.320554|    0.004615|
|          91|   -5.636739|   -5.079126|    0.320486|    0.004610|
|          92|   -5.668207|   -5.109813|    0.320428|    0.004604|
|          93|   -5.700665|   -5.141432|    0.320378|    0.004599|
|          94|   -5.734100|   -5.174025|    0.320335|    0.004595|
|          95|   -5.768429|   -5.207545|    0.320297|    0.004590|
|          96|   -5.803665|   -5.242024|    0.320263|    0.004587|
|          97|   -5.839610|   -5.277259|    0.320233|    0.004584|
|          98|   -5.876092|   -5.313093|    0.320206|    0.004582|
|          99|   -5.913033|   -5.349475|    0.320183|    0.004580|
|         100|   -5.950378|   -5.386374|    0.320163|    0.004580|
|         101|   -5.988066|   -5.423751|    0.320143|    0.004743|
+-----------------------------------------------------------------------+
|Fixed CL Mode                           |Value                         |
+-----------------------------------------------------------------------+
|Current CL                              |0.320143                      |
|Target CL                               |0.326                         |
|Previous AOA                            |0.781498                      |
|Changed AoA by                          |0.0291866                     |
+-----------------------------------------------------------------------+
+----------------------------------------------------------------+
|  Inner_Iter|    rms[Rho]|   rms[RhoE]|          CL|          CD|
+----------------------------------------------------------------+
|         102|   -4.346759|   -3.740091|    0.320136|    0.004743|
|         103|   -4.643915|   -4.033389|    0.320339|    0.004747|
|         104|   -4.886283|   -4.292714|    0.321179|    0.004764|
|         105|   -5.085306|   -4.474841|    0.322453|    0.004792|
|         106|   -5.247928|   -4.649012|    0.323602|    0.004811|
|         107|   -5.343623|   -4.745839|    0.324267|    0.004827|
|         108|   -5.478276|   -4.877390|    0.324448|    0.004837|
|         109|   -5.508627|   -4.906049|    0.324482|    0.004844|
|         110|   -5.561140|   -4.957090|    0.324658|    0.004858|
|         111|   -5.677206|   -5.079619|    0.324941|    0.004871|
|         112|   -5.750614|   -5.162691|    0.325218|    0.004881|
|         113|   -5.770796|   -5.182681|    0.325461|    0.004891|
|         114|   -5.816358|   -5.230729|    0.325680|    0.004901|
|         115|   -5.870277|   -5.294262|    0.325878|    0.004908|
|         116|   -5.890551|   -5.322597|    0.326051|    0.004914|
|         117|   -5.892256|   -5.327640|    0.326208|    0.004919|
|         118|   -5.890178|   -5.327840|    0.326363|    0.004923|
|         119|   -5.884482|   -5.324605|    0.326515|    0.004927|
|         120|   -5.876626|   -5.319220|    0.326662|    0.004929|
|         121|   -5.868459|   -5.313164|    0.326801|    0.004930|
|         122|   -5.860512|   -5.306746|    0.326938|    0.004931|
|         123|   -5.852506|   -5.299651|    0.327070|    0.004932|
|         124|   -5.845153|   -5.292779|    0.327198|    0.004932|
|         125|   -5.839299|   -5.287153|    0.327319|    0.004931|
|         126|   -5.835305|   -5.283194|    0.327433|    0.004931|
|         127|   -5.833394|   -5.281164|    0.327541|    0.004930|
|         128|   -5.833723|   -5.281271|    0.327643|    0.004930|
|         129|   -5.836317|   -5.283591|    0.327739|    0.004930|
|         130|   -5.841182|   -5.288163|    0.327827|    0.004929|
|         131|   -5.848274|   -5.294956|    0.327909|    0.004930|
|         132|   -5.857578|   -5.303948|    0.327985|    0.004930|
|         133|   -5.869080|   -5.315112|    0.328054|    0.004930|
|         134|   -5.882696|   -5.328342|    0.328116|    0.004931|
|         135|   -5.898289|   -5.343489|    0.328173|    0.004932|
|         136|   -5.915842|   -5.360556|    0.328223|    0.004933|
|         137|   -5.935289|   -5.379483|    0.328267|    0.004935|
|         138|   -5.956586|   -5.400235|    0.328305|    0.004936|
|         139|   -5.979692|   -5.422772|    0.328338|    0.004938|
|         140|   -6.004565|   -5.447055|    0.328365|    0.004939|
|         141|   -6.031222|   -5.473093|    0.328387|    0.004941|
|         142|   -6.059627|   -5.500857|    0.328404|    0.004942|
|         143|   -6.089716|   -5.530302|    0.328418|    0.004944|
|         144|   -6.121396|   -5.561345|    0.328427|    0.004945|
|         145|   -6.154540|   -5.593859|    0.328433|    0.004946|
|         146|   -6.189010|   -5.627710|    0.328437|    0.004947|
|         147|   -6.224673|   -5.662781|    0.328438|    0.004947|
|         148|   -6.261415|   -5.698973|    0.328436|    0.004947|
|         149|   -6.299126|   -5.736197|    0.328433|    0.004947|
|         150|   -6.337706|   -5.774367|    0.328428|    0.004947|
|         151|   -6.377046|   -5.813390|    0.328423|    0.004877|
+-----------------------------------------------------------------------+
|Fixed CL Mode                           |Value                         |
+-----------------------------------------------------------------------+
|Current CL                              |0.328423                      |
|Target CL                               |0.326                         |
|Previous AOA                            |0.810685                      |
|Changed AoA by                          |-0.0121399                    |
+-----------------------------------------------------------------------+
+----------------------------------------------------------------+
|  Inner_Iter|    rms[Rho]|   rms[RhoE]|          CL|          CD|
+----------------------------------------------------------------+
|         152|   -4.727760|   -4.121081|    0.328411|    0.004876|
|         153|   -5.024789|   -4.414290|    0.328313|    0.004874|
|         154|   -5.267196|   -4.673640|    0.327950|    0.004867|
|         155|   -5.466203|   -4.855761|    0.327407|    0.004855|
|         156|   -5.629106|   -5.030177|    0.326917|    0.004847|
|         157|   -5.724783|   -5.126977|    0.326627|    0.004840|
|         158|   -5.858853|   -5.258009|    0.326540|    0.004836|
|         159|   -5.888422|   -5.286027|    0.326513|    0.004832|
|         160|   -5.940033|   -5.336353|    0.326428|    0.004826|
|         161|   -6.053338|   -5.456523|    0.326299|    0.004820|
|         162|   -6.122402|   -5.535698|    0.326173|    0.004816|
|         163|   -6.138929|   -5.552749|    0.326063|    0.004811|
|         164|   -6.178308|   -5.595669|    0.325962|    0.004807|
|         165|   -6.221974|   -5.649576|    0.325871|    0.004803|
|         166|   -6.233359|   -5.668879|    0.325791|    0.004801|
|         167|   -6.228593|   -5.667524|    0.325718|    0.004798|
|         168|   -6.220908|   -5.662325|    0.325647|    0.004796|
|         169|   -6.210950|   -5.654799|    0.325576|    0.004795|
|         170|   -6.200198|   -5.646198|    0.325510|    0.004794|
|         171|   -6.190202|   -5.637917|    0.325447|    0.004793|
|         172|   -6.181226|   -5.630057|    0.325387|    0.004792|
|         173|   -6.173457|   -5.622800|    0.325330|    0.004792|
|         174|   -6.167441|   -5.616922|    0.325275|    0.004792|
|         175|   -6.163655|   -5.613107|    0.325223|    0.004792|
|         176|   -6.162288|   -5.611591|    0.325174|    0.004793|
|         177|   -6.163327|   -5.612357|    0.325128|    0.004793|
|         178|   -6.166696|   -5.615347|    0.325084|    0.004793|
|         179|   -6.172334|   -5.620539|    0.325043|    0.004793|
|         180|   -6.180200|   -5.627922|    0.325004|    0.004793|
|         181|   -6.190241|   -5.637464|    0.324968|    0.004793|
|         182|   -6.202387|   -5.649093|    0.324936|    0.004793|
|         183|   -6.216560|   -5.662727|    0.324906|    0.004793|
|         184|   -6.232702|   -5.678306|    0.324878|    0.004793|
|         185|   -6.250715|   -5.695737|    0.324854|    0.004792|
|         186|   -6.270490|   -5.714917|    0.324832|    0.004792|
|         187|   -6.291961|   -5.735775|    0.324812|    0.004791|
|         188|   -6.315063|   -5.758245|    0.324796|    0.004791|
|         189|   -6.339751|   -5.782292|    0.324782|    0.004790|
|         190|   -6.366019|   -5.807919|    0.324770|    0.004789|
|         191|   -6.393849|   -5.835112|    0.324760|    0.004789|
|         192|   -6.423195|   -5.863826|    0.324752|    0.004788|
|         193|   -6.453991|   -5.893995|    0.324746|    0.004787|
|         194|   -6.486158|   -5.925545|    0.324741|    0.004787|
|         195|   -6.519629|   -5.958420|    0.324738|    0.004786|
|         196|   -6.554296|   -5.992517|    0.324736|    0.004786|
|         197|   -6.590069|   -6.027755|    0.324736|    0.004786|
|         198|   -6.626862|   -6.064059|    0.324736|    0.004786|
|         199|   -6.664583|   -6.101350|    0.324737|    0.004786|
|         200|   -6.703135|   -6.139546|    0.324739|    0.004786|
|         201|   -6.742411|   -6.178548|    0.324741|    0.004822|
+-----------------------------------------------------------------------+
|Fixed CL Mode                           |Value                         |
+-----------------------------------------------------------------------+
|Current CL                              |0.324741                      |
|Target CL                               |0.326                         |
|Previous AOA                            |0.798545                      |
|Changed AoA by                          |0.006304                      |
+-----------------------------------------------------------------------+
+----------------------------------------------------------------+
|  Inner_Iter|    rms[Rho]|   rms[RhoE]|          CL|          CD|
+----------------------------------------------------------------+
|         202|   -5.012386|   -4.405700|    0.324747|    0.004822|
|         203|   -5.309501|   -4.698986|    0.324797|    0.004823|
|         204|   -5.552092|   -4.958514|    0.324985|    0.004827|
|         205|   -5.751244|   -5.140716|    0.325266|    0.004833|
|         206|   -5.914381|   -5.315332|    0.325519|    0.004837|
|         207|   -6.010353|   -5.412398|    0.325669|    0.004840|
|         208|   -6.145076|   -5.543997|    0.325714|    0.004843|
|         209|   -6.174634|   -5.572012|    0.325726|    0.004844|
|         210|   -6.226391|   -5.622462|    0.325770|    0.004847|
|         211|   -6.340594|   -5.743466|    0.325836|    0.004850|
|         212|   -6.410578|   -5.823542|    0.325900|    0.004853|
|         213|   -6.427585|   -5.840939|    0.325956|    0.004855|
|         214|   -6.468259|   -5.884929|    0.326007|    0.004857|
|         215|   -6.514202|   -5.940963|    0.326053|    0.004859|
|         216|   -6.527504|   -5.962167|    0.326093|    0.004860|
|         217|   -6.524207|   -5.962240|    0.326130|    0.004861|
|         218|   -6.517865|   -5.958349|    0.326166|    0.004862|
|         219|   -6.508905|   -5.951846|    0.326202|    0.004863|
|         220|   -6.498760|   -5.943923|    0.326235|    0.004864|
|         221|   -6.489052|   -5.936013|    0.326267|    0.004864|
|         222|   -6.480062|   -5.928215|    0.326297|    0.004865|
|         223|   -6.472003|   -5.920728|    0.326326|    0.004865|
|         224|   -6.465478|   -5.914396|    0.326354|    0.004865|
|         225|   -6.461014|   -5.909955|    0.326380|    0.004864|
|         226|   -6.458841|   -5.907684|    0.326405|    0.004864|
|         227|   -6.459000|   -5.907621|    0.326429|    0.004864|
|         228|   -6.461453|   -5.909745|    0.326451|    0.004864|
|         229|   -6.466159|   -5.914051|    0.326472|    0.004864|
|         230|   -6.473094|   -5.920550|    0.326492|    0.004864|
|         231|   -6.482208|   -5.929210|    0.326510|    0.004864|
|         232|   -6.493443|   -5.939973|    0.326527|    0.004864|
|         233|   -6.506741|   -5.952775|    0.326543|    0.004864|
|         234|   -6.522053|   -5.967567|    0.326557|    0.004864|
|         235|   -6.539334|   -5.984300|    0.326569|    0.004864|
|         236|   -6.558532|   -6.002927|    0.326581|    0.004865|
|         237|   -6.579592|   -6.023397|    0.326591|    0.004865|
|         238|   -6.602459|   -6.045658|    0.326599|    0.004865|
|         239|   -6.627077|   -6.069660|    0.326607|    0.004866|
|         240|   -6.653389|   -6.095349|    0.326613|    0.004866|
|         241|   -6.681335|   -6.122667|    0.326618|    0.004866|
|         242|   -6.710849|   -6.151551|    0.326622|    0.004867|
|         243|   -6.741858|   -6.181931|    0.326625|    0.004867|
|         244|   -6.774315|   -6.213760|    0.326628|    0.004867|
|         245|   -6.808188|   -6.247008|    0.326629|    0.004868|
|         246|   -6.843408|   -6.281626|    0.326630|    0.004868|
|         247|   -6.879876|   -6.317531|    0.326631|    0.004868|
|         248|   -6.917454|   -6.354597|    0.326630|    0.004868|
|         249|   -6.955988|   -6.392677|    0.326630|    0.004868|
|         250|   -6.995325|   -6.431632|    0.326629|    0.004868|
+-----------------------------------------------------------------------+
|        File Writing Summary       |              Filename             |
+-----------------------------------------------------------------------+
|SU2 binary restart                 |restart_flow.dat                   |
Writing Flow Meta-Data file: flow.meta
|Paraview                           |flow.vtu                           |
Writing Flow Meta-Data file: flow.meta
|Paraview surface                   |surface_flow.vtu                   |
Writing Flow Meta-Data file: flow.meta
|CSV file                           |surface_flow.csv                   |
Writing Flow Meta-Data file: flow.meta
+-----------------------------------------------------------------------+
+----------------------------------------------------------------+
|  Inner_Iter|    rms[Rho]|   rms[RhoE]|          CL|          CD|
+----------------------------------------------------------------+
|         251|   -7.035323|   -6.471334|    0.326628|    0.004850|
+-----------------------------------------------------------------------+
|Fixed CL Mode                           |Value                         |
+-----------------------------------------------------------------------+
|Current CL                              |0.326628                      |
|Target CL                               |0.326                         |
|Previous AOA                            |0.804849                      |
|Changed AoA by                          |-0.00314543                   |
+-----------------------------------------------------------------------+
+----------------------------------------------------------------+
|  Inner_Iter|    rms[Rho]|   rms[RhoE]|          CL|          CD|
+----------------------------------------------------------------+
|         252|   -5.314319|   -4.707634|    0.326626|    0.004850|
|         253|   -5.611432|   -5.000917|    0.326601|    0.004849|
|         254|   -5.854005|   -5.260427|    0.326507|    0.004847|
|         255|   -6.053159|   -5.442635|    0.326367|    0.004844|
|         256|   -6.216290|   -5.617245|    0.326241|    0.004842|
|         257|   -6.312248|   -5.714297|    0.326166|    0.004841|
|         258|   -6.446975|   -5.845896|    0.326144|    0.004839|
|         259|   -6.476581|   -5.873948|    0.326138|    0.004839|
|         260|   -6.528393|   -5.924437|    0.326117|    0.004837|
|         261|   -6.642697|   -6.045520|    0.326084|    0.004836|
|         262|   -6.712744|   -6.125669|    0.326052|    0.004834|
|         263|   -6.729691|   -6.143034|    0.326024|    0.004833|
|         264|   -6.770216|   -6.186918|    0.325999|    0.004832|
|         265|   -6.815865|   -6.242727|    0.325976|    0.004831|
|         266|   -6.828782|   -6.263607|    0.325956|    0.004831|
|         267|   -6.825126|   -6.263371|    0.325938|    0.004830|
|         268|   -6.818498|   -6.259232|    0.325920|    0.004830|
|         269|   -6.809367|   -6.252580|    0.325902|    0.004829|
|         270|   -6.799184|   -6.244625|    0.325885|    0.004829|
|         271|   -6.789568|   -6.236801|    0.325870|    0.004829|
|         272|   -6.780791|   -6.229203|    0.325855|    0.004829|
|         273|   -6.773050|   -6.222018|    0.325840|    0.004828|
|         274|   -6.766929|   -6.216071|    0.325826|    0.004829|
|         275|   -6.762954|   -6.212099|    0.325813|    0.004829|
|         276|   -6.761339|   -6.210369|    0.325801|    0.004829|
|         277|   -6.762093|   -6.210878|    0.325789|    0.004829|
|         278|   -6.765153|   -6.213585|    0.325778|    0.004829|
|         279|   -6.770408|   -6.218422|    0.325768|    0.004829|
|         280|   -6.777815|   -6.225380|    0.325758|    0.004829|
|         281|   -6.787336|   -6.234429|    0.325749|    0.004829|
|         282|   -6.798907|   -6.245503|    0.325740|    0.004829|
|         283|   -6.812477|   -6.258551|    0.325733|    0.004829|
|         284|   -6.828011|   -6.273540|    0.325726|    0.004829|
|         285|   -6.845477|   -6.290441|    0.325719|    0.004829|
|         286|   -6.864835|   -6.309215|    0.325714|    0.004828|
|         287|   -6.886035|   -6.329816|    0.325709|    0.004828|
|         288|   -6.909020|   -6.352189|    0.325704|    0.004828|
|         289|   -6.933730|   -6.376279|    0.325701|    0.004828|
|         290|   -6.960104|   -6.402029|    0.325698|    0.004828|
|         291|   -6.988080|   -6.429376|    0.325695|    0.004828|
|         292|   -7.017590|   -6.458258|    0.325693|    0.004827|
|         293|   -7.048564|   -6.488605|    0.325691|    0.004827|
|         294|   -7.080924|   -6.520346|    0.325690|    0.004827|
|         295|   -7.114586|   -6.553402|    0.325689|    0.004827|
|         296|   -7.149458|   -6.587693|    0.325689|    0.004827|
|         297|   -7.185445|   -6.623133|    0.325689|    0.004827|
|         298|   -7.222446|   -6.659637|    0.325689|    0.004827|
|         299|   -7.260358|   -6.697112|    0.325689|    0.004827|
|         300|   -7.299070|   -6.735462|    0.325689|    0.004827|
|         301|   -7.338466|   -6.774585|    0.325690|    0.004836|
+-----------------------------------------------------------------------+
|Fixed CL Mode                           |Value                         |
+-----------------------------------------------------------------------+
|Current CL                              |0.32569                       |
|Target CL                               |0.326                         |
|Previous AOA                            |0.801703                      |
|Changed AoA by                          |0.00155368                    |
+-----------------------------------------------------------------------+
+----------------------------------------------------------------+
|  Inner_Iter|    rms[Rho]|   rms[RhoE]|          CL|          CD|
+----------------------------------------------------------------+
|         302|   -5.620637|   -5.013953|    0.325691|    0.004836|
|         303|   -5.917748|   -5.307233|    0.325703|    0.004836|
|         304|   -6.160311|   -5.566734|    0.325750|    0.004837|
|         305|   -6.359455|   -5.748936|    0.325819|    0.004838|
|         306|   -6.522564|   -5.923528|    0.325881|    0.004839|
|         307|   -6.618500|   -6.020561|    0.325918|    0.004840|
|         308|   -6.753183|   -6.152122|    0.325929|    0.004841|
|         309|   -6.782798|   -6.180180|    0.325932|    0.004841|
|         310|   -6.834622|   -6.230680|    0.325943|    0.004842|
|         311|   -6.948943|   -6.351772|    0.325959|    0.004843|
|         312|   -7.019093|   -6.431995|    0.325975|    0.004843|
|         313|   -7.036200|   -6.449484|    0.325988|    0.004844|
|         314|   -7.076977|   -6.493574|    0.326001|    0.004844|
|         315|   -7.123003|   -6.549723|    0.326012|    0.004845|
|         316|   -7.136244|   -6.570919|    0.326022|    0.004845|
|         317|   -7.132796|   -6.570885|    0.326031|    0.004846|
|         318|   -7.126286|   -6.566858|    0.326040|    0.004846|
|         319|   -7.117167|   -6.560221|    0.326049|    0.004846|
|         320|   -7.106896|   -6.552188|    0.326057|    0.004846|
|         321|   -7.097108|   -6.544207|    0.326065|    0.004846|
|         322|   -7.088088|   -6.536379|    0.326072|    0.004846|
|         323|   -7.080043|   -6.528902|    0.326079|    0.004846|
|         324|   -7.073573|   -6.522617|    0.326086|    0.004846|
|         325|   -7.069211|   -6.518272|    0.326093|    0.004846|
|         326|   -7.067184|   -6.516142|    0.326099|    0.004846|
|         327|   -7.067504|   -6.516231|    0.326105|    0.004846|
|         328|   -7.070115|   -6.518503|    0.326110|    0.004846|
|         329|   -7.074974|   -6.522952|    0.326116|    0.004846|
|         330|   -7.082053|   -6.529587|    0.326120|    0.004846|
|         331|   -7.091317|   -6.538389|    0.326125|    0.004846|
|         332|   -7.102705|   -6.549297|    0.326129|    0.004846|
|         333|   -7.116149|   -6.562238|    0.326133|    0.004846|
|         334|   -7.131591|   -6.577150|    0.326136|    0.004846|
|         335|   -7.148979|   -6.593984|    0.326139|    0.004846|
|         336|   -7.168263|   -6.612690|    0.326142|    0.004846|
|         337|   -7.189388|   -6.633219|    0.326145|    0.004846|
|         338|   -7.212300|   -6.655521|    0.326147|    0.004846|
|         339|   -7.236944|   -6.679545|    0.326149|    0.004847|
|         340|   -7.263263|   -6.705237|    0.326150|    0.004847|
|         341|   -7.291196|   -6.732540|    0.326151|    0.004847|
|         342|   -7.320677|   -6.761388|    0.326152|    0.004847|
|         343|   -7.351634|   -6.791715|    0.326153|    0.004847|
|         344|   -7.383987|   -6.823445|    0.326154|    0.004847|
|         345|   -7.417650|   -6.856499|    0.326154|    0.004847|
|         346|   -7.452532|   -6.890796|    0.326155|    0.004847|
|         347|   -7.488535|   -6.926250|    0.326155|    0.004847|
|         348|   -7.525561|   -6.962775|    0.326155|    0.004847|
|         349|   -7.563507|   -7.000280|    0.326154|    0.004847|
|         350|   -7.602264|   -7.038671|    0.326154|    0.004847|
|         351|   -7.641718|   -7.077847|    0.326154|    0.004843|
+-----------------------------------------------------------------------+
|Fixed CL Mode                           |Value                         |
+-----------------------------------------------------------------------+
|Current CL                              |0.326154                      |
|Target CL                               |0.326                         |
|Previous AOA                            |0.803257                      |
|Changed AoA by                          |-0.000771221                  |
+-----------------------------------------------------------------------+
+----------------------------------------------------------------+
|  Inner_Iter|    rms[Rho]|   rms[RhoE]|          CL|          CD|
+----------------------------------------------------------------+
|         352|   -5.924819|   -5.318134|    0.326153|    0.004843|
|         353|   -6.221928|   -5.611413|    0.326147|    0.004843|
|         354|   -6.464490|   -5.870913|    0.326124|    0.004842|
|         355|   -6.663633|   -6.053115|    0.326090|    0.004841|
|         356|   -6.826743|   -6.227708|    0.326059|    0.004841|
|         357|   -6.922680|   -6.324740|    0.326041|    0.004840|
|         358|   -7.057357|   -6.456294|    0.326035|    0.004840|
|         359|   -7.086964|   -6.484346|    0.326034|    0.004840|
|         360|   -7.138778|   -6.534838|    0.326028|    0.004840|
|         361|   -7.253058|   -6.655895|    0.326020|    0.004839|
|         362|   -7.323120|   -6.736040|    0.326012|    0.004839|
|         363|   -7.340131|   -6.753449|    0.326006|    0.004839|
|         364|   -7.380744|   -6.797402|    0.325999|    0.004838|
|         365|   -7.426509|   -6.853311|    0.325994|    0.004838|
|         366|   -7.439514|   -6.874278|    0.325989|    0.004838|
|         367|   -7.435885|   -6.874069|    0.325984|    0.004838|
|         368|   -7.429220|   -6.869895|    0.325980|    0.004838|
|         369|   -7.419990|   -6.863144|    0.325976|    0.004838|
|         370|   -7.409654|   -6.855039|    0.325971|    0.004838|
|         371|   -7.399840|   -6.847023|    0.325968|    0.004837|
|         372|   -7.390829|   -6.839196|    0.325964|    0.004837|
|         373|   -7.382824|   -6.831753|    0.325960|    0.004837|
|         374|   -7.376414|   -6.825523|    0.325957|    0.004837|
|         375|   -7.372127|   -6.821246|    0.325954|    0.004837|
|         376|   -7.370182|   -6.819192|    0.325951|    0.004837|
|         377|   -7.370589|   -6.819363|    0.325948|    0.004837|
|         378|   -7.373290|   -6.821719|    0.325945|    0.004838|
|         379|   -7.378238|   -6.826252|    0.325942|    0.004838|
|         380|   -7.385402|   -6.832967|    0.325940|    0.004838|
|         381|   -7.394745|   -6.841843|    0.325938|    0.004838|
|         382|   -7.406203|   -6.852816|    0.325936|    0.004838|
|         383|   -7.419707|   -6.865814|    0.325934|    0.004838|
|         384|   -7.435198|   -6.880772|    0.325932|    0.004837|
|         385|   -7.452622|   -6.897638|    0.325930|    0.004837|
|         386|   -7.471928|   -6.916363|    0.325929|    0.004837|
|         387|   -7.493060|   -6.936898|    0.325928|    0.004837|
|         388|   -7.515964|   -6.959190|    0.325927|    0.004837|
|         389|   -7.540584|   -6.983190|    0.325926|    0.004837|
|         390|   -7.566864|   -7.008842|    0.325925|    0.004837|
|         391|   -7.594742|   -7.036090|    0.325924|    0.004837|
|         392|   -7.624153|   -7.064870|    0.325924|    0.004837|
|         393|   -7.655025|   -7.095113|    0.325923|    0.004837|
|         394|   -7.687280|   -7.126747|    0.325923|    0.004837|
|         395|   -7.720833|   -7.159693|    0.325923|    0.004837|
|         396|   -7.755594|   -7.193871|    0.325923|    0.004837|
|         397|   -7.791467|   -7.229197|    0.325923|    0.004837|
|         398|   -7.828356|   -7.265586|    0.325923|    0.004837|
|         399|   -7.866159|   -7.302949|    0.325923|    0.004837|
|         400|   -7.904771|   -7.341195|    0.325923|    0.004837|
|         401|   -7.944080|   -7.380225|    0.325923|    0.004839|
+-----------------------------------------------------------------------+
|Fixed CL Mode                           |Value                         |
+-----------------------------------------------------------------------+
|Current CL                              |0.325923                      |
|Target CL                               |0.326                         |
|Previous AOA                            |0.802486                      |
|Changed AoA by                          |0.000385763                   |
+-----------------------------------------------------------------------+
+----------------------------------------------------------------+
|  Inner_Iter|    rms[Rho]|   rms[RhoE]|          CL|          CD|
+----------------------------------------------------------------+
|         402|   -6.225677|   -5.618993|    0.325923|    0.004839|
|         403|   -6.522789|   -5.912273|    0.325926|    0.004839|
|         404|   -6.765353|   -6.171776|    0.325938|    0.004840|
|         405|   -6.964498|   -6.353979|    0.325955|    0.004840|
|         406|   -7.127609|   -6.528573|    0.325970|    0.004840|
|         407|   -7.223551|   -6.625609|    0.325980|    0.004840|
|         408|   -7.358246|   -6.757177|    0.325982|    0.004841|
|         409|   -7.387866|   -6.785239|    0.325983|    0.004841|
|         410|   -7.439703|   -6.835750|    0.325986|    0.004841|
|         411|   -7.554053|   -6.956866|    0.325990|    0.004841|
|         412|   -7.624207|   -7.037093|    0.325994|    0.004841|
|         413|   -7.641283|   -7.054554|    0.325997|    0.004841|
|         414|   -7.682020|   -7.098614|    0.326000|    0.004841|
|         415|   -7.727979|   -7.154713|    0.326003|    0.004842|
|         416|   -7.741130|   -7.175834|    0.326006|    0.004842|
|         417|   -7.737589|   -7.175716|    0.326008|    0.004842|
|         418|   -7.730985|   -7.171605|    0.326010|    0.004842|
|         419|   -7.721785|   -7.164889|    0.326012|    0.004842|
|         420|   -7.711452|   -7.156794|    0.326014|    0.004842|
|         421|   -7.701622|   -7.148768|    0.326016|    0.004842|
|         422|   -7.692577|   -7.140913|    0.326018|    0.004842|
|         423|   -7.684524|   -7.133426|    0.326020|    0.004842|
|         424|   -7.678057|   -7.127141|    0.326022|    0.004842|
|         425|   -7.673705|   -7.122803|    0.326023|    0.004842|
|         426|   -7.671693|   -7.120683|    0.326025|    0.004842|
|         427|   -7.672030|   -7.120787|    0.326026|    0.004842|
|         428|   -7.674660|   -7.123074|    0.326028|    0.004842|
|         429|   -7.679536|   -7.127538|    0.326029|    0.004842|
|         430|   -7.686631|   -7.134186|    0.326030|    0.004842|
|         431|   -7.695906|   -7.142996|    0.326031|    0.004842|
|         432|   -7.707299|   -7.153907|    0.326032|    0.004842|
|         433|   -7.720742|   -7.166845|    0.326033|    0.004842|
|         434|   -7.736176|   -7.181748|    0.326034|    0.004842|
|         435|   -7.753547|   -7.198563|    0.326035|    0.004842|
|         436|   -7.772805|   -7.217242|    0.326036|    0.004842|
|         437|   -7.793894|   -7.237734|    0.326036|    0.004842|
|         438|   -7.816759|   -7.259990|    0.326037|    0.004842|
|         439|   -7.841346|   -7.283957|    0.326037|    0.004842|
|         440|   -7.867598|   -7.309583|    0.326038|    0.004842|
|         441|   -7.895452|   -7.336807|    0.326038|    0.004842|
|         442|   -7.924844|   -7.365568|    0.326038|    0.004842|
|         443|   -7.955701|   -7.395797|    0.326038|    0.004842|
|         444|   -7.987945|   -7.427419|    0.326038|    0.004842|
|         445|   -8.021489|   -7.460358|    0.326039|    0.004842|
|         446|   -8.056243|   -7.494530|    0.326039|    0.004842|
|         447|   -8.092112|   -7.529851|    0.326039|    0.004842|
|         448|   -8.128998|   -7.566237|    0.326039|    0.004842|
|         449|   -8.166798|   -7.603597|    0.326039|    0.004842|
|         450|   -8.205406|   -7.641840|    0.326039|    0.004842|
|         451|   -8.244711|   -7.680865|    0.326039|    0.004841|
+-----------------------------------------------------------------------+
|Fixed CL Mode                           |Value                         |
+-----------------------------------------------------------------------+
|Current CL                              |0.326039                      |
|Target CL                               |0.326                         |
|Previous AOA                            |0.802872                      |
|Changed AoA by                          |-0.00019279                   |
+-----------------------------------------------------------------------+
+----------------------------------------------------------------+
|  Inner_Iter|    rms[Rho]|   rms[RhoE]|          CL|          CD|
+----------------------------------------------------------------+
|         452|   -6.526913|   -5.920228|    0.326038|    0.004841|
|         453|   -6.824024|   -6.213509|    0.326037|    0.004841|
|         454|   -7.066588|   -6.473010|    0.326031|    0.004841|
|         455|   -7.265732|   -6.655213|    0.326023|    0.004841|
|         456|   -7.428841|   -6.829806|    0.326015|    0.004841|
|         457|   -7.524782|   -6.926841|    0.326010|    0.004840|
|         458|   -7.659479|   -7.058410|    0.326009|    0.004840|
|         459|   -7.689105|   -7.086477|    0.326008|    0.004840|
|         460|   -7.740952|   -7.136995|    0.326007|    0.004840|
|         461|   -7.855325|   -7.258130|    0.326005|    0.004840|
|         462|   -7.925505|   -7.338380|    0.326003|    0.004840|
|         463|   -7.942592|   -7.355851|    0.326001|    0.004840|
|         464|   -7.983345|   -7.399926|    0.326000|    0.004840|
|         465|   -8.029322|   -7.456047|    0.325998|    0.004840|
|         466|   -8.042473|   -7.477175|    0.325997|    0.004840|
|         467|   -8.038918|   -7.477049|    0.325996|    0.004840|
|         468|   -8.032299|   -7.472927|    0.325995|    0.004840|
|         469|   -8.023085|   -7.466200|    0.325994|    0.004840|
|         470|   -8.012740|   -7.458096|    0.325993|    0.004840|
|         471|   -8.002905|   -7.450066|    0.325992|    0.004840|
|         472|   -7.993860|   -7.442212|    0.325991|    0.004840|
|         473|   -7.985812|   -7.434729|    0.325990|    0.004840|
|         474|   -7.979353|   -7.428453|    0.325989|    0.004840|
|         475|   -7.975015|   -7.424127|    0.325988|    0.004840|
|         476|   -7.973019|   -7.422023|    0.325988|    0.004840|
|         477|   -7.973375|   -7.422144|    0.325987|    0.004840|
|         478|   -7.976025|   -7.424451|    0.325986|    0.004840|
|         479|   -7.980923|   -7.428936|    0.325986|    0.004840|
|         480|   -7.988041|   -7.435604|    0.325985|    0.004840|
|         481|   -7.997338|   -7.444436|    0.325984|    0.004840|
|         482|   -8.008753|   -7.455367|    0.325984|    0.004840|
|         483|   -8.022217|   -7.468325|    0.325983|    0.004840|
|         484|   -8.037670|   -7.483246|    0.325983|    0.004840|
|         485|   -8.055059|   -7.500077|    0.325983|    0.004840|
|         486|   -8.074332|   -7.518771|    0.325982|    0.004840|
|         487|   -8.095434|   -7.539276|    0.325982|    0.004840|
|         488|   -8.118311|   -7.561542|    0.325982|    0.004840|
|         489|   -8.142908|   -7.585518|    0.325981|    0.004840|
|         490|   -8.169165|   -7.611149|    0.325981|    0.004840|
|         491|   -8.197024|   -7.638378|    0.325981|    0.004840|
|         492|   -8.226418|   -7.667141|    0.325981|    0.004840|
|         493|   -8.257275|   -7.697369|    0.325981|    0.004840|
|         494|   -8.289517|   -7.728989|    0.325981|    0.004840|
|         495|   -8.323057|   -7.761923|    0.325981|    0.004840|
|         496|   -8.357806|   -7.796090|    0.325981|    0.004840|
|         497|   -8.393668|   -7.831405|    0.325981|    0.004840|
|         498|   -8.430545|   -7.867782|    0.325981|    0.004840|
|         499|   -8.468336|   -7.905134|    0.325981|    0.004840|
|         500|   -8.506936|   -7.943368|    0.325981|    0.004840|
+-----------------------------------------------------------------------+
|        File Writing Summary       |              Filename             |
+-----------------------------------------------------------------------+
|SU2 binary restart                 |restart_flow.dat                   |
Writing Flow Meta-Data file: flow.meta
|Paraview                           |flow.vtu                           |
Writing Flow Meta-Data file: flow.meta
|Paraview surface                   |surface_flow.vtu                   |
Writing Flow Meta-Data file: flow.meta
|CSV file                           |surface_flow.csv                   |
Writing Flow Meta-Data file: flow.meta
+-----------------------------------------------------------------------+
+----------------------------------------------------------------+
|  Inner_Iter|    rms[Rho]|   rms[RhoE]|          CL|          CD|
+----------------------------------------------------------------+
|         501|   -8.546232|   -7.982384|    0.325981|    0.004840|
+-----------------------------------------------------------------------+
|Fixed CL Mode                           |Value                         |
+-----------------------------------------------------------------------+
|Current CL                              |0.325981                      |
|Target CL                               |0.326                         |
|Previous AOA                            |0.802679                      |
|Changed AoA by                          |9.62251e-05                   |
+-----------------------------------------------------------------------+
+----------------------------------------------------------------+
|  Inner_Iter|    rms[Rho]|   rms[RhoE]|          CL|          CD|
+----------------------------------------------------------------+
|         502|   -6.828709|   -6.222025|    0.325981|    0.004840|
|         503|   -7.125820|   -6.515305|    0.325982|    0.004840|
|         504|   -7.368383|   -6.774806|    0.325984|    0.004840|
|         505|   -7.567527|   -6.957008|    0.325989|    0.004840|
|         506|   -7.730635|   -7.131600|    0.325993|    0.004840|
|         507|   -7.826575|   -7.228634|    0.325995|    0.004840|
|         508|   -7.961269|   -7.360201|    0.325996|    0.004840|
|         509|   -7.990894|   -7.388267|    0.325996|    0.004840|
|         510|   -8.042740|   -7.438784|    0.325996|    0.004840|
|         511|   -8.157108|   -7.559915|    0.325997|    0.004841|
|         512|   -8.227285|   -7.640162|    0.325998|    0.004841|
|         513|   -8.244376|   -7.657636|    0.325999|    0.004841|
|         514|   -8.285134|   -7.701715|    0.326000|    0.004841|
|         515|   -8.331121|   -7.757843|    0.326001|    0.004841|
|         516|   -8.344283|   -7.778981|    0.326001|    0.004841|
|         517|   -8.340739|   -7.778865|    0.326002|    0.004841|
|         518|   -8.334129|   -7.774750|    0.326002|    0.004841|
|         519|   -8.324919|   -7.768027|    0.326003|    0.004841|
|         520|   -8.314577|   -7.759925|    0.326004|    0.004841|
|         521|   -8.304740|   -7.751894|    0.326004|    0.004841|
|         522|   -8.295690|   -7.744035|    0.326004|    0.004841|
|         523|   -8.287634|   -7.736545|    0.326005|    0.004841|
|         524|   -8.281166|   -7.730259|    0.326005|    0.004841|
|         525|   -8.276815|   -7.725921|    0.326006|    0.004841|
|         526|   -8.274806|   -7.723805|    0.326006|    0.004841|
|         527|   -8.275147|   -7.723912|    0.326007|    0.004841|
|         528|   -8.277783|   -7.726204|    0.326007|    0.004841|
|         529|   -8.282665|   -7.730674|    0.326007|    0.004841|
|         530|   -8.289767|   -7.737327|    0.326007|    0.004841|
|         531|   -8.299049|   -7.746144|    0.326008|    0.004841|
|         532|   -8.310448|   -7.757061|    0.326008|    0.004841|
|         533|   -8.323898|   -7.770005|    0.326008|    0.004841|
|         534|   -8.339337|   -7.784912|    0.326008|    0.004841|
|         535|   -8.356713|   -7.801732|    0.326009|    0.004841|
|         536|   -8.375974|   -7.820414|    0.326009|    0.004841|
|         537|   -8.397065|   -7.840908|    0.326009|    0.004841|
|         538|   -8.419932|   -7.863165|    0.326009|    0.004841|
|         539|   -8.444519|   -7.887132|    0.326009|    0.004841|
|         540|   -8.470769|   -7.912756|    0.326009|    0.004841|
|         541|   -8.498621|   -7.939977|    0.326009|    0.004841|
|         542|   -8.528009|   -7.968734|    0.326009|    0.004841|
|         543|   -8.558861|   -7.998958|    0.326010|    0.004841|
|         544|   -8.591098|   -8.030574|    0.326010|    0.004841|
|         545|   -8.624635|   -8.063504|    0.326010|    0.004841|
|         546|   -8.659380|   -8.097667|    0.326010|    0.004841|
|         547|   -8.695239|   -8.132979|    0.326010|    0.004841|
|         548|   -8.732114|   -8.169354|    0.326010|    0.004841|
|         549|   -8.769902|   -8.206703|    0.326010|    0.004841|
|         550|   -8.808498|   -8.244934|    0.326010|    0.004841|
|         551|   -8.847791|   -8.283947|    0.326010|    0.004841|
+-----------------------------------------------------------------------+
|Fixed CL Mode                           |Value                         |
+-----------------------------------------------------------------------+
|Current CL                              |0.32601                       |
|Target CL                               |0.326                         |
|Previous AOA                            |0.802775                      |
|Changed AoA by                          |-4.80564e-05                  |
+-----------------------------------------------------------------------+
+----------------------------------------------------------------+
|  Inner_Iter|    rms[Rho]|   rms[RhoE]|          CL|          CD|
+----------------------------------------------------------------+
|         552|   -7.130246|   -6.523561|    0.326010|    0.004841|
|         553|   -7.427357|   -6.816842|    0.326009|    0.004841|
|         554|   -7.669920|   -7.076343|    0.326008|    0.004840|
|         555|   -7.869064|   -7.258545|    0.326006|    0.004840|
|         556|   -8.032172|   -7.433137|    0.326004|    0.004840|
|         557|   -8.128112|   -7.530171|    0.326003|    0.004840|
|         558|   -8.262806|   -7.661738|    0.326002|    0.004840|
|         559|   -8.292431|   -7.689804|    0.326002|    0.004840|
|         560|   -8.344277|   -7.740321|    0.326002|    0.004840|
|         561|   -8.458645|   -7.861452|    0.326001|    0.004840|
|         562|   -8.528822|   -7.941699|    0.326001|    0.004840|
|         563|   -8.545910|   -7.959170|    0.326000|    0.004840|
|         564|   -8.586664|   -8.003246|    0.326000|    0.004840|
|         565|   -8.632643|   -8.059367|    0.326000|    0.004840|
|         566|   -8.645796|   -8.080497|    0.325999|    0.004840|
|         567|   -8.642244|   -8.080374|    0.325999|    0.004840|
|         568|   -8.635627|   -8.076253|    0.325999|    0.004840|
|         569|   -8.626413|   -8.069526|    0.325998|    0.004840|
|         570|   -8.616067|   -8.061420|    0.325998|    0.004840|
|         571|   -8.606229|   -8.053387|    0.325998|    0.004840|
|         572|   -8.597180|   -8.045529|    0.325998|    0.004840|
|         573|   -8.589126|   -8.038041|    0.325998|    0.004840|
|         574|   -8.582661|   -8.031758|    0.325997|    0.004840|
|         575|   -8.578316|   -8.027425|    0.325997|    0.004840|
|         576|   -8.576311|   -8.025314|    0.325997|    0.004840|
|         577|   -8.576659|   -8.025427|    0.325997|    0.004840|
|         578|   -8.579301|   -8.027725|    0.325997|    0.004840|
|         579|   -8.584190|   -8.032201|    0.325996|    0.004840|
|         580|   -8.591299|   -8.038861|    0.325996|    0.004840|
|         581|   -8.600587|   -8.047684|    0.325996|    0.004840|
|         582|   -8.611994|   -8.058608|    0.325996|    0.004840|
|         583|   -8.625450|   -8.071558|    0.325996|    0.004840|
|         584|   -8.640895|   -8.086471|    0.325996|    0.004840|
|         585|   -8.658277|   -8.103296|    0.325996|    0.004840|
|         586|   -8.677544|   -8.121984|    0.325996|    0.004840|
|         587|   -8.698641|   -8.142483|    0.325996|    0.004840|
|         588|   -8.721513|   -8.164744|    0.325995|    0.004840|
|         589|   -8.746104|   -8.188716|    0.325995|    0.004840|
|         590|   -8.772359|   -8.214344|    0.325995|    0.004840|
|         591|   -8.800214|   -8.241569|    0.325995|    0.004840|
|         592|   -8.829606|   -8.270330|    0.325995|    0.004840|
|         593|   -8.860461|   -8.300556|    0.325995|    0.004840|
|         594|   -8.892701|   -8.332175|    0.325995|    0.004840|
|         595|   -8.926240|   -8.365108|    0.325995|    0.004840|
|         596|   -8.960988|   -8.399274|    0.325995|    0.004840|
|         597|   -8.996850|   -8.434588|    0.325995|    0.004840|
|         598|   -9.033727|   -8.470965|    0.325995|    0.004840|
|         599|   -9.071518|   -8.508317|    0.325995|    0.004840|
|         600|   -9.110117|   -8.546551|    0.325995|    0.004840|
|         601|   -9.149413|   -8.585567|    0.325995|    0.004840|
+-----------------------------------------------------------------------+
|Fixed CL Mode                           |Value                         |
+-----------------------------------------------------------------------+
|Current CL                              |0.325995                      |
|Target CL                               |0.326                         |
|Previous AOA                            |0.802727                      |
|Changed AoA by                          |2.39983e-05                   |
+-----------------------------------------------------------------------+
+----------------------------------------------------------------+
|  Inner_Iter|    rms[Rho]|   rms[RhoE]|          CL|          CD|
+----------------------------------------------------------------+
|         602|   -7.431818|   -6.825133|    0.325995|    0.004840|
|         603|   -7.728929|   -7.118414|    0.325995|    0.004840|
|         604|   -7.971492|   -7.377915|    0.325996|    0.004840|
|         605|   -8.170636|   -7.560117|    0.325997|    0.004840|
|         606|   -8.333744|   -7.734709|    0.325998|    0.004840|
|         607|   -8.429684|   -7.831743|    0.325999|    0.004840|
|         608|   -8.564379|   -7.963310|    0.325999|    0.004840|
|         609|   -8.594004|   -7.991377|    0.325999|    0.004840|
|         610|   -8.645851|   -8.041895|    0.325999|    0.004840|
|         611|   -8.760220|   -8.163027|    0.325999|    0.004840|
|         612|   -8.830399|   -8.243276|    0.326000|    0.004840|
|         613|   -8.847490|   -8.260749|    0.326000|    0.004840|
|         614|   -8.888248|   -8.304828|    0.326000|    0.004840|
|         615|   -8.934234|   -8.360956|    0.326000|    0.004840|
|         616|   -8.947393|   -8.382092|    0.326000|    0.004840|
|         617|   -8.943847|   -8.381974|    0.326000|    0.004840|
|         618|   -8.937235|   -8.377857|    0.326001|    0.004840|
|         619|   -8.928024|   -8.371134|    0.326001|    0.004840|
|         620|   -8.917681|   -8.363032|    0.326001|    0.004840|
|         621|   -8.907844|   -8.355000|    0.326001|    0.004840|
|         622|   -8.898796|   -8.347142|    0.326001|    0.004840|
|         623|   -8.890741|   -8.339653|    0.326001|    0.004840|
|         624|   -8.884275|   -8.333370|    0.326001|    0.004840|
|         625|   -8.879927|   -8.329035|    0.326001|    0.004840|
|         626|   -8.877921|   -8.326921|    0.326002|    0.004840|
|         627|   -8.878266|   -8.327032|    0.326002|    0.004840|
|         628|   -8.880905|   -8.329328|    0.326002|    0.004840|
|         629|   -8.885791|   -8.333801|    0.326002|    0.004840|
|         630|   -8.892897|   -8.340458|    0.326002|    0.004840|
|         631|   -8.902183|   -8.349278|    0.326002|    0.004840|
|         632|   -8.913586|   -8.360199|    0.326002|    0.004840|
|         633|   -8.927039|   -8.373147|    0.326002|    0.004840|
|         634|   -8.942482|   -8.388058|    0.326002|    0.004840|
|         635|   -8.959862|   -8.404881|    0.326002|    0.004840|
|         636|   -8.979127|   -8.423566|    0.326002|    0.004840|
|         637|   -9.000222|   -8.444064|    0.326002|    0.004840|
|         638|   -9.023092|   -8.466324|    0.326002|    0.004840|
|         639|   -9.047682|   -8.490294|    0.326002|    0.004840|
|         640|   -9.073936|   -8.515921|    0.326002|    0.004840|
|         641|   -9.101790|   -8.543146|    0.326002|    0.004840|
|         642|   -9.131181|   -8.571906|    0.326002|    0.004840|
|         643|   -9.162036|   -8.602132|    0.326002|    0.004840|
|         644|   -9.194275|   -8.633750|    0.326002|    0.004840|
|         645|   -9.227814|   -8.666683|    0.326002|    0.004840|
|         646|   -9.262562|   -8.700849|    0.326002|    0.004840|
|         647|   -9.298423|   -8.736163|    0.326002|    0.004840|
|         648|   -9.335300|   -8.772540|    0.326002|    0.004840|
|         649|   -9.373090|   -8.809891|    0.326002|    0.004840|
|         650|   -9.411689|   -8.848123|    0.326002|    0.004840|
|         651|   -9.450982|   -8.887138|    0.326002|    0.004840|
+-----------------------------------------------------------------------+
|Fixed CL Mode                           |Value                         |
+-----------------------------------------------------------------------+
|Current CL                              |0.326002                      |
|Target CL                               |0.326                         |
|Previous AOA                            |0.802751                      |
|Changed AoA by                          |-1.19825e-05                  |
+-----------------------------------------------------------------------+
+----------------------------------------------------------------+
|  Inner_Iter|    rms[Rho]|   rms[RhoE]|          CL|          CD|
+----------------------------------------------------------------+
|         652|   -7.733449|   -7.126764|    0.326002|    0.004840|
|         653|   -8.030560|   -7.420045|    0.326002|    0.004840|
|         654|   -8.273123|   -7.679546|    0.326002|    0.004840|
|         655|   -8.472267|   -7.861748|    0.326001|    0.004840|
|         656|   -8.635375|   -8.036340|    0.326001|    0.004840|
|         657|   -8.731315|   -8.133374|    0.326001|    0.004840|
|         658|   -8.866008|   -8.264940|    0.326001|    0.004840|
|         659|   -8.895634|   -8.293007|    0.326001|    0.004840|
|         660|   -8.947480|   -8.343524|    0.326000|    0.004840|
|         661|   -9.061848|   -8.464655|    0.326000|    0.004840|
|         662|   -9.132025|   -8.544902|    0.326000|    0.004840|
|         663|   -9.149114|   -8.562374|    0.326000|    0.004840|
|         664|   -9.189869|   -8.606451|    0.326000|    0.004840|
|         665|   -9.235851|   -8.662575|    0.326000|    0.004840|
|         666|   -9.249008|   -8.683708|    0.326000|    0.004840|
|         667|   -9.245459|   -8.683588|    0.326000|    0.004840|
|         668|   -9.238845|   -8.679469|    0.326000|    0.004840|
|         669|   -9.229633|   -8.672744|    0.326000|    0.004840|
|         670|   -9.219290|   -8.664641|    0.326000|    0.004840|
|         671|   -9.209452|   -8.656609|    0.325999|    0.004840|
|         672|   -9.200404|   -8.648751|    0.325999|    0.004840|
|         673|   -9.192350|   -8.641264|    0.325999|    0.004840|
|         674|   -9.185885|   -8.634981|    0.325999|    0.004840|
|         675|   -9.181539|   -8.630648|    0.325999|    0.004840|
|         676|   -9.179534|   -8.628535|    0.325999|    0.004840|
|         677|   -9.179881|   -8.628648|    0.325999|    0.004840|
|         678|   -9.182522|   -8.630945|    0.325999|    0.004840|
|         679|   -9.187410|   -8.635420|    0.325999|    0.004840|
|         680|   -9.194518|   -8.642080|    0.325999|    0.004840|
|         681|   -9.203806|   -8.650902|    0.325999|    0.004840|
|         682|   -9.215211|   -8.661825|    0.325999|    0.004840|
|         683|   -9.228666|   -8.674774|    0.325999|    0.004840|
|         684|   -9.244111|   -8.689687|    0.325999|    0.004840|
|         685|   -9.261493|   -8.706511|    0.325999|    0.004840|
|         686|   -9.280759|   -8.725199|    0.325999|    0.004840|
|         687|   -9.301856|   -8.745698|    0.325999|    0.004840|
|         688|   -9.324728|   -8.767960|    0.325999|    0.004840|
|         689|   -9.349320|   -8.791932|    0.325999|    0.004840|
|         690|   -9.375575|   -8.817560|    0.325999|    0.004840|
|         691|   -9.403432|   -8.844787|    0.325999|    0.004840|
|         692|   -9.432824|   -8.873548|    0.325999|    0.004840|
|         693|   -9.463680|   -8.903776|    0.325999|    0.004840|
|         694|   -9.495922|   -8.935396|    0.325999|    0.004840|
|         695|   -9.529463|   -8.968331|    0.325999|    0.004840|
|         696|   -9.564213|   -9.002498|    0.325999|    0.004840|
|         697|   -9.600076|   -9.037814|    0.325999|    0.004840|
|         698|   -9.636955|   -9.074193|    0.325999|    0.004840|
|         699|   -9.674748|   -9.111547|    0.325999|    0.004840|
|         700|   -9.713350|   -9.149783|    0.325999|    0.004840|
|         701|   -9.752647|   -9.188801|    0.325999|    0.004840|
+-----------------------------------------------------------------------+
|Fixed CL Mode                           |Value                         |
+-----------------------------------------------------------------------+
|Current CL                              |0.325999                      |
|Target CL                               |0.326                         |
|Previous AOA                            |0.802739                      |
|Changed AoA by                          |5.98297e-06                   |
+-----------------------------------------------------------------------+
+----------------------------------------------------------------+
|  Inner_Iter|    rms[Rho]|   rms[RhoE]|          CL|          CD|
+----------------------------------------------------------------+
|         702|   -8.035081|   -7.428396|    0.325999|    0.004840|
|         703|   -8.332192|   -7.721676|    0.325999|    0.004840|
|         704|   -8.574755|   -7.981178|    0.325999|    0.004840|
|         705|   -8.773899|   -8.163380|    0.325999|    0.004840|
|         706|   -8.937007|   -8.337972|    0.326000|    0.004840|
|         707|   -9.032947|   -8.435006|    0.326000|    0.004840|
|         708|   -9.167641|   -8.566573|    0.326000|    0.004840|
|         709|   -9.197266|   -8.594639|    0.326000|    0.004840|
|         710|   -9.249112|   -8.645156|    0.326000|    0.004840|
|         711|   -9.363481|   -8.766288|    0.326000|    0.004840|
|         712|   -9.433658|   -8.846535|    0.326000|    0.004840|
|         713|   -9.450748|   -8.864008|    0.326000|    0.004840|
|         714|   -9.491504|   -8.908085|    0.326000|    0.004840|
|         715|   -9.537487|   -8.964210|    0.326000|    0.004840|
|         716|   -9.550645|   -8.985344|    0.326000|    0.004840|
|         717|   -9.547097|   -8.985226|    0.326000|    0.004840|
|         718|   -9.540485|   -8.981108|    0.326000|    0.004840|
|         719|   -9.531274|   -8.974385|    0.326000|    0.004840|
|         720|   -9.520932|   -8.966283|    0.326000|    0.004840|
|         721|   -9.511095|   -8.958252|    0.326000|    0.004840|
|         722|   -9.502048|   -8.950394|    0.326000|    0.004840|
|         723|   -9.493994|   -8.942907|    0.326000|    0.004840|
|         724|   -9.487529|   -8.936624|    0.326000|    0.004840|
|         725|   -9.483183|   -8.932291|    0.326000|    0.004840|
|         726|   -9.481178|   -8.930179|    0.326000|    0.004840|
|         727|   -9.481525|   -8.930291|    0.326000|    0.004840|
|         728|   -9.484166|   -8.932588|    0.326000|    0.004840|
|         729|   -9.489054|   -8.937063|    0.326000|    0.004840|
|         730|   -9.496161|   -8.943722|    0.326000|    0.004840|
|         731|   -9.505448|   -8.952544|    0.326000|    0.004840|
|         732|   -9.516854|   -8.963467|    0.326000|    0.004840|
|         733|   -9.530308|   -8.976416|    0.326001|    0.004840|
|         734|   -9.545753|   -8.991329|    0.326001|    0.004840|
|         735|   -9.563135|   -9.008153|    0.326001|    0.004840|
|         736|   -9.582401|   -9.026841|    0.326001|    0.004840|
|         737|   -9.603498|   -9.047340|    0.326001|    0.004840|
|         738|   -9.626371|   -9.069602|    0.326001|    0.004840|
|         739|   -9.650963|   -9.093574|    0.326001|    0.004840|
|         740|   -9.677218|   -9.119203|    0.326001|    0.004840|
|         741|   -9.705075|   -9.146430|    0.326001|    0.004840|
|         742|   -9.734468|   -9.175192|    0.326001|    0.004840|
|         743|   -9.765325|   -9.205420|    0.326001|    0.004840|
|         744|   -9.797567|   -9.237041|    0.326001|    0.004840|
|         745|   -9.831109|   -9.269977|    0.326001|    0.004840|
|         746|   -9.865860|   -9.304145|    0.326001|    0.004840|
|         747|   -9.901724|   -9.339462|    0.326001|    0.004840|
|         748|   -9.938604|   -9.375843|    0.326001|    0.004840|
|         749|   -9.976398|   -9.413197|    0.326001|    0.004840|
|         750|  -10.015001|   -9.451434|    0.326001|    0.004840|
+-----------------------------------------------------------------------+
|        File Writing Summary       |              Filename             |
+-----------------------------------------------------------------------+
|SU2 binary restart                 |restart_flow.dat                   |
Writing Flow Meta-Data file: flow.meta
|Paraview                           |flow.vtu                           |
Writing Flow Meta-Data file: flow.meta
|Paraview surface                   |surface_flow.vtu                   |
Writing Flow Meta-Data file: flow.meta
|CSV file                           |surface_flow.csv                   |
Writing Flow Meta-Data file: flow.meta
+-----------------------------------------------------------------------+
+----------------------------------------------------------------+
|  Inner_Iter|    rms[Rho]|   rms[RhoE]|          CL|          CD|
+----------------------------------------------------------------+
|         751|  -10.054299|   -9.490453|    0.326001|    0.004840|
+-----------------------------------------------------------------------+
|Fixed CL Mode                           |Value                         |
+-----------------------------------------------------------------------+
|Current CL                              |0.326001                      |
|Target CL                               |0.326                         |
|Previous AOA                            |0.802745                      |
|Changed AoA by                          |-2.98713e-06                  |
+-----------------------------------------------------------------------+
+----------------------------------------------------------------+
|  Inner_Iter|    rms[Rho]|   rms[RhoE]|          CL|          CD|
+----------------------------------------------------------------+
|         752|   -8.336744|   -7.730059|    0.326001|    0.004840|
|         753|   -8.633855|   -8.023340|    0.326001|    0.004840|
|         754|   -8.876418|   -8.282841|    0.326000|    0.004840|
|         755|   -9.075562|   -8.465043|    0.326000|    0.004840|
|         756|   -9.238670|   -8.639635|    0.326000|    0.004840|
|         757|   -9.334610|   -8.736669|    0.326000|    0.004840|
|         758|   -9.469304|   -8.868236|    0.326000|    0.004840|
|         759|   -9.498929|   -8.896302|    0.326000|    0.004840|
|         760|   -9.550775|   -8.946819|    0.326000|    0.004840|
|         761|   -9.665143|   -9.067950|    0.326000|    0.004840|
|         762|   -9.735321|   -9.148198|    0.326000|    0.004840|
|         763|   -9.752410|   -9.165671|    0.326000|    0.004840|
|         764|   -9.793166|   -9.209748|    0.326000|    0.004840|
|         765|   -9.839149|   -9.265872|    0.326000|    0.004840|
|         766|   -9.852306|   -9.287006|    0.326000|    0.004840|
|         767|   -9.848758|   -9.286887|    0.326000|    0.004840|
|         768|   -9.842146|   -9.282769|    0.326000|    0.004840|
|         769|   -9.832935|   -9.276046|    0.326000|    0.004840|
|         770|   -9.822593|   -9.267944|    0.326000|    0.004840|
|         771|   -9.812756|   -9.259913|    0.326000|    0.004840|
|         772|   -9.803709|   -9.252056|    0.326000|    0.004840|
|         773|   -9.795656|   -9.244569|    0.326000|    0.004840|
|         774|   -9.789191|   -9.238287|    0.326000|    0.004840|
|         775|   -9.784845|   -9.233953|    0.326000|    0.004840|
|         776|   -9.782841|   -9.231842|    0.326000|    0.004840|
|         777|   -9.783188|   -9.231954|    0.326000|    0.004840|
|         778|   -9.785829|   -9.234252|    0.326000|    0.004840|
|         779|   -9.790718|   -9.238728|    0.326000|    0.004840|
|         780|   -9.797826|   -9.245387|    0.326000|    0.004840|
|         781|   -9.807114|   -9.254210|    0.326000|    0.004840|
|         782|   -9.818520|   -9.265133|    0.326000|    0.004840|
|         783|   -9.831975|   -9.278082|    0.326000|    0.004840|
|         784|   -9.847420|   -9.292996|    0.326000|    0.004840|
|         785|   -9.864802|   -9.309821|    0.326000|    0.004840|
|         786|   -9.884069|   -9.328508|    0.326000|    0.004840|
|         787|   -9.905166|   -9.349009|    0.326000|    0.004840|
|         788|   -9.928039|   -9.371270|    0.326000|    0.004840|
|         789|   -9.952632|   -9.395243|    0.326000|    0.004840|
|         790|   -9.978887|   -9.420872|    0.326000|    0.004840|
|         791|  -10.006744|   -9.448099|    0.326000|    0.004840|
|         792|  -10.036138|   -9.476861|    0.326000|    0.004840|
|         793|  -10.066995|   -9.507090|    0.326000|    0.004840|
|         794|  -10.099237|   -9.538711|    0.326000|    0.004840|
|         795|  -10.132779|   -9.571647|    0.326000|    0.004840|
|         796|  -10.167530|   -9.605815|    0.326000|    0.004840|
|         797|  -10.203394|   -9.641132|    0.326000|    0.004840|
|         798|  -10.240275|   -9.677513|    0.326000|    0.004840|
|         799|  -10.278069|   -9.714867|    0.326000|    0.004840|
|         800|  -10.316671|   -9.753104|    0.326000|    0.004840|
|         801|  -10.355969|   -9.792123|    0.326000|    0.004840|
|         802|  -10.395840|   -9.831811|    0.326000|    0.004840|
|         803|  -10.436146|   -9.872038|    0.326000|    0.004840|
|         804|  -10.476726|   -9.912645|    0.326000|    0.004840|
|         805|  -10.517397|   -9.953446|    0.326000|    0.004840|
|         806|  -10.557947|   -9.994223|    0.326000|    0.004840|
|         807|  -10.598138|  -10.034730|    0.326000|    0.004840|
|         808|  -10.637708|  -10.074696|    0.326000|    0.004840|
|         809|  -10.676374|  -10.113835|    0.326000|    0.004840|
|         810|  -10.713845|  -10.151856|    0.326000|    0.004840|
|         811|  -10.749820|  -10.188469|    0.326000|    0.004840|
|         812|  -10.783996|  -10.223390|    0.326000|    0.004840|
|         813|  -10.816070|  -10.256339|    0.326000|    0.004840|
|         814|  -10.845736|  -10.287031|    0.326000|    0.004840|
|         815|  -10.872687|  -10.315171|    0.326000|    0.004840|
|         816|  -10.896633|  -10.340460|    0.326000|    0.004840|
|         817|  -10.917324|  -10.362608|    0.326000|    0.004840|
|         818|  -10.934596|  -10.381380|    0.326000|    0.004840|
|         819|  -10.948413|  -10.396648|    0.326000|    0.004840|
|         820|  -10.958907|  -10.408447|    0.326000|    0.004840|
|         821|  -10.966389|  -10.417005|    0.326000|    0.004840|
|         822|  -10.971330|  -10.422746|    0.326000|    0.004840|
|         823|  -10.974309|  -10.426242|    0.326000|    0.004840|
|         824|  -10.975959|  -10.428151|    0.326000|    0.004840|
|         825|  -10.976904|  -10.429142|    0.326000|    0.004840|
|         826|  -10.977717|  -10.429845|    0.326000|    0.004840|
|         827|  -10.978893|  -10.430803|    0.326000|    0.004840|
|         828|  -10.980839|  -10.432463|    0.326000|    0.004840|
|         829|  -10.983872|  -10.435171|    0.326000|    0.004840|
|         830|  -10.988227|  -10.439181|    0.326000|    0.004840|
|         831|  -10.994073|  -10.444669|    0.326000|    0.004840|
|         832|  -11.001522|  -10.451748|    0.326000|    0.004840|
|         833|  -11.010642|  -10.460484|    0.326000|    0.004840|
|         834|  -11.021468|  -10.470906|    0.326000|    0.004840|
|         835|  -11.034013|  -10.483020|    0.326000|    0.004840|
|         836|  -11.048270|  -10.496816|    0.326000|    0.004840|
|         837|  -11.064224|  -10.512273|    0.326000|    0.004840|
|         838|  -11.081850|  -10.529367|    0.326000|    0.004840|
|         839|  -11.101120|  -10.548069|    0.326000|    0.004840|
|         840|  -11.122000|  -10.568352|    0.326000|    0.004840|
|         841|  -11.144449|  -10.590184|    0.326000|    0.004840|
|         842|  -11.168419|  -10.613528|    0.326000|    0.004840|
|         843|  -11.193842|  -10.638332|    0.326000|    0.004840|
|         844|  -11.220627|  -10.664525|    0.326000|    0.004840|
|         845|  -11.248647|  -10.692000|    0.326000|    0.004840|
|         846|  -11.277723|  -10.720604|    0.326000|    0.004840|
|         847|  -11.307606|  -10.750116|    0.326000|    0.004840|
|         848|  -11.337959|  -10.780231|    0.326000|    0.004840|
|         849|  -11.368340|  -10.810539|    0.326000|    0.004840|
|         850|  -11.398191|  -10.840513|    0.326000|    0.004840|
|         851|  -11.426841|  -10.869507|    0.326000|    0.004840|
|         852|  -11.453536|  -10.896776|    0.326000|    0.004840|
|         853|  -11.477504|  -10.921539|    0.326000|    0.004840|
|         854|  -11.498052|  -10.943062|    0.326000|    0.004840|
|         855|  -11.514681|  -10.960777|    0.326000|    0.004840|
|         856|  -11.527176|  -10.974383|    0.326000|    0.004840|
|         857|  -11.535654|  -10.983904|    0.326000|    0.004840|
|         858|  -11.540530|  -10.989679|    0.326000|    0.004840|
|         859|  -11.542435|  -10.992292|    0.326000|    0.004840|
|         860|  -11.542095|  -10.992455|    0.326000|    0.004840|
|         861|  -11.540241|  -10.990907|    0.326000|    0.004840|
|         862|  -11.537528|  -10.988333|    0.326000|    0.004840|
|         863|  -11.534512|  -10.985319|    0.326000|    0.004840|
|         864|  -11.531632|  -10.982333|    0.326000|    0.004840|
|         865|  -11.529220|  -10.979735|    0.326000|    0.004840|
|         866|  -11.527520|  -10.977791|    0.326000|    0.004840|
|         867|  -11.526701|  -10.976687|    0.326000|    0.004840|
|         868|  -11.526878|  -10.976550|    0.326000|    0.004840|
|         869|  -11.528124|  -10.977461|    0.326000|    0.004840|
|         870|  -11.530480|  -10.979470|    0.326000|    0.004840|
|         871|  -11.533966|  -10.982602|    0.326000|    0.004840|
|         872|  -11.538586|  -10.986864|    0.326000|    0.004840|
|         873|  -11.544334|  -10.992255|    0.326000|    0.004840|
|         874|  -11.551197|  -10.998763|    0.326000|    0.004840|
|         875|  -11.559160|  -11.006374|    0.326000|    0.004840|
|         876|  -11.568205|  -11.015070|    0.326000|    0.004840|
|         877|  -11.578313|  -11.024835|    0.326000|    0.004840|
|         878|  -11.589466|  -11.035650|    0.326000|    0.004840|
|         879|  -11.601649|  -11.047499|    0.326000|    0.004840|
|         880|  -11.614847|  -11.060369|    0.326000|    0.004840|
|         881|  -11.629048|  -11.074247|    0.326000|    0.004840|
|         882|  -11.644244|  -11.089123|    0.326000|    0.004840|
|         883|  -11.660428|  -11.104989|    0.326000|    0.004840|
|         884|  -11.677594|  -11.121840|    0.326000|    0.004840|
|         885|  -11.695741|  -11.139675|    0.326000|    0.004840|
|         886|  -11.714868|  -11.158490|    0.326000|    0.004840|
|         887|  -11.734978|  -11.178289|    0.326000|    0.004840|
|         888|  -11.756074|  -11.199074|    0.326000|    0.004840|
|         889|  -11.778161|  -11.220849|    0.326000|    0.004840|
|         890|  -11.801246|  -11.243621|    0.326000|    0.004840|
|         891|  -11.825335|  -11.267397|    0.326000|    0.004840|
|         892|  -11.850436|  -11.292184|    0.326000|    0.004840|
|         893|  -11.876557|  -11.317991|    0.326000|    0.004840|
|         894|  -11.903702|  -11.344823|    0.326000|    0.004840|
|         895|  -11.931878|  -11.372688|    0.326000|    0.004840|
|         896|  -11.961085|  -11.401587|    0.326000|    0.004840|
|         897|  -11.991320|  -11.431522|    0.326000|    0.004840|
|         898|  -12.022576|  -11.462488|    0.326000|    0.004840|
|         899|  -12.054835|  -11.494472|    0.326000|    0.004840|
|         900|  -12.088067|  -11.527452|    0.326000|    0.004840|
|         901|  -12.122228|  -11.561391|    0.326000|    0.004840|
|         902|  -12.157248|  -11.596231|    0.326000|    0.004840|
|         903|  -12.193029|  -11.631885|    0.326000|    0.004840|
|         904|  -12.229428|  -11.668231|    0.326000|    0.004840|
|         905|  -12.266247|  -11.705089|    0.326000|    0.004840|
|         906|  -12.303221|  -11.742218|    0.326000|    0.004840|
|         907|  -12.340007|  -11.779302|    0.326000|    0.004840|
|         908|  -12.376175|  -11.815942|    0.326000|    0.004840|
|         909|  -12.411215|  -11.851650|    0.326000|    0.004840|
|         910|  -12.444547|  -11.885861|    0.326000|    0.004840|
|         911|  -12.475573|  -11.917977|    0.326000|    0.004840|
|         912|  -12.503731|  -11.947400|    0.326000|    0.004840|
|         913|  -12.528566|  -11.973627|    0.326000|    0.004840|
|         914|  -12.549828|  -11.996318|    0.326000|    0.004840|
|         915|  -12.567497|  -12.015363|    0.326000|    0.004840|
|         916|  -12.581795|  -12.030886|    0.326000|    0.004840|
|         917|  -12.593163|  -12.043261|    0.326000|    0.004840|
|         918|  -12.602166|  -12.053015|    0.326000|    0.004840|
|         919|  -12.609436|  -12.060773|    0.326000|    0.004840|
|         920|  -12.615577|  -12.067159|    0.326000|    0.004840|
|         921|  -12.621161|  -12.072774|    0.326000|    0.004840|
|         922|  -12.626654|  -12.078135|    0.326000|    0.004840|
|         923|  -12.632445|  -12.083665|    0.326000|    0.004840|
|         924|  -12.638839|  -12.089701|    0.326000|    0.004840|
|         925|  -12.646070|  -12.096505|    0.326000|    0.004840|
|         926|  -12.654314|  -12.104273|    0.326000|    0.004840|
|         927|  -12.663689|  -12.113141|    0.326000|    0.004840|
|         928|  -12.674298|  -12.123222|    0.326000|    0.004840|
|         929|  -12.686187|  -12.134570|    0.326000|    0.004840|
|         930|  -12.699404|  -12.147241|    0.326000|    0.004840|
|         931|  -12.713963|  -12.161255|    0.326000|    0.004840|
|         932|  -12.729878|  -12.176624|    0.326000|    0.004840|
|         933|  -12.747147|  -12.193352|    0.326000|    0.004840|
|         934|  -12.765753|  -12.211422|    0.326000|    0.004840|
|         935|  -12.785684|  -12.230826|    0.326000|    0.004840|
|         936|  -12.806908|  -12.251535|    0.326000|    0.004840|
|         937|  -12.829388|  -12.273513|    0.326000|    0.004840|
|         938|  -12.853090|  -12.296731|    0.326000|    0.004840|
|         939|  -12.877961|  -12.321141|    0.326000|    0.004840|
|         940|  -12.903930|  -12.346678|    0.326000|    0.004840|
|         941|  -12.930918|  -12.373272|    0.326000|    0.004840|
|         942|  -12.958803|  -12.400812|    0.326000|    0.004840|
|         943|  -12.987450|  -12.429173|    0.326000|    0.004840|
|         944|  -13.016657|  -12.458166|    0.326000|    0.004840|
+-----------------------------------------------------------------------+
|      Convergence Field     |     Value    |   Criterion  |  Converged |
+-----------------------------------------------------------------------+
|                    rms[Rho]|      -13.0167|         < -13|         Yes|
+-----------------------------------------------------------------------+
+-----------------------------------------------------------------------+
|        File Writing Summary       |              Filename             |
+-----------------------------------------------------------------------+
|SU2 binary restart                 |restart_flow.dat                   |
Writing Flow Meta-Data file: flow.meta
|Paraview                           |flow.vtu                           |
Writing Flow Meta-Data file: flow.meta
|Paraview surface                   |surface_flow.vtu                   |
Writing Flow Meta-Data file: flow.meta
|CSV file                           |surface_flow.csv                   |
Writing Flow Meta-Data file: flow.meta
+-----------------------------------------------------------------------+
+----------------------------------------------------------------+
|  Inner_Iter|    rms[Rho]|   rms[RhoE]|          CL|          CD|
+----------------------------------------------------------------+
|         945|  -13.046172|  -12.487565|    0.326000|    0.004846|
+-----------------------------------------------------------------------+
|Fixed CL Mode                           |Value                         |
+-----------------------------------------------------------------------+
|Current CL                              |0.326                         |
|Target CL                               |0.326                         |
|Previous AOA                            |0.802742                      |
|Changed AoA by (Finite Difference step) |0.001                         |
+-----------------------------------------------------------------------+
+----------------------------------------------------------------+
|  Inner_Iter|    rms[Rho]|   rms[RhoE]|          CL|          CD|
+----------------------------------------------------------------+
|         946|   -5.812067|   -5.205353|    0.326000|    0.004846|
|         947|   -6.109394|   -5.498859|    0.326007|    0.004846|
|         948|   -6.352488|   -5.758892|    0.326036|    0.004847|
|         949|   -6.551683|   -5.940996|    0.326080|    0.004848|
|         950|   -6.715072|   -6.115768|    0.326120|    0.004848|
|         951|   -6.811986|   -6.213712|    0.326143|    0.004849|
|         952|   -6.948556|   -6.347008|    0.326149|    0.004849|
|         953|   -6.978115|   -6.375059|    0.326150|    0.004849|
|         954|   -7.030006|   -6.425608|    0.326156|    0.004850|
|         955|   -7.145962|   -6.548308|    0.326165|    0.004850|
|         956|   -7.217550|   -6.630176|    0.326175|    0.004850|
|         957|   -7.234863|   -6.647774|    0.326183|    0.004851|
|         958|   -7.276873|   -6.692815|    0.326190|    0.004851|
|         959|   -7.325955|   -6.751839|    0.326196|    0.004851|
|         960|   -7.342500|   -6.776303|    0.326202|    0.004851|
|         961|   -7.342190|   -6.779312|    0.326207|    0.004851|
|         962|   -7.338930|   -6.778507|    0.326212|    0.004852|
|         963|   -7.332806|   -6.774968|    0.326216|    0.004852|
|         964|   -7.325155|   -6.769698|    0.326221|    0.004852|
|         965|   -7.317740|   -6.764199|    0.326225|    0.004852|
|         966|   -7.310874|   -6.758595|    0.326230|    0.004852|
|         967|   -7.304754|   -6.753081|    0.326234|    0.004852|
|         968|   -7.300015|   -6.748557|    0.326238|    0.004852|
|         969|   -7.297249|   -6.745843|    0.326241|    0.004852|
|         970|   -7.296711|   -6.745237|    0.326245|    0.004852|
|         971|   -7.298429|   -6.746746|    0.326248|    0.004852|
|         972|   -7.302357|   -6.750342|    0.326252|    0.004852|
|         973|   -7.308462|   -6.756037|    0.326255|    0.004852|
|         974|   -7.316732|   -6.763862|    0.326258|    0.004852|
|         975|   -7.327133|   -6.773805|    0.326261|    0.004852|
|         976|   -7.339604|   -6.785803|    0.326263|    0.004852|
|         977|   -7.354072|   -6.799773|    0.326266|    0.004852|
|         978|   -7.370470|   -6.815646|    0.326268|    0.004852|
|         979|   -7.388741|   -6.833364|    0.326270|    0.004852|
|         980|   -7.408826|   -6.852871|    0.326272|    0.004852|
|         981|   -7.430662|   -6.874111|    0.326274|    0.004852|
|         982|   -7.454186|   -6.897025|    0.326275|    0.004852|
|         983|   -7.479335|   -6.921557|    0.326276|    0.004852|
|         984|   -7.506040|   -6.947644|    0.326278|    0.004852|
|         985|   -7.534230|   -6.975220|    0.326279|    0.004852|
|         986|   -7.563823|   -7.004207|    0.326279|    0.004852|
|         987|   -7.594729|   -7.034519|    0.326280|    0.004852|
|         988|   -7.626845|   -7.066059|    0.326281|    0.004852|
|         989|   -7.660059|   -7.098722|    0.326281|    0.004852|
|         990|   -7.694246|   -7.132393|    0.326282|    0.004852|
|         991|   -7.729278|   -7.166954|    0.326282|    0.004853|
|         992|   -7.765021|   -7.202282|    0.326282|    0.004853|
|         993|   -7.801341|   -7.238256|    0.326282|    0.004853|
|         994|   -7.838102|   -7.274752|    0.326283|    0.004853|
|         995|   -7.875170|   -7.311646|    0.326283|    0.004853|
|         996|   -7.912409|   -7.348812|    0.326283|    0.004853|
|         997|   -7.949684|   -7.386115|    0.326283|    0.004853|
|         998|   -7.986857|   -7.423417|    0.326283|    0.004852|
|         999|   -8.023794|   -7.460571|    0.326283|    0.004852|
|        1000|   -8.060363|   -7.497430|    0.326283|    0.004852|
|        1001|   -8.096447|   -7.533860|    0.326282|    0.004852|
|        1002|   -8.131949|   -7.569745|    0.326282|    0.004852|
|        1003|   -8.166802|   -7.605001|    0.326282|    0.004852|
|        1004|   -8.200973|   -7.639589|    0.326282|    0.004852|
|        1005|   -8.234469|   -7.673513|    0.326282|    0.004852|
|        1006|   -8.267327|   -7.706822|    0.326282|    0.004852|
|        1007|   -8.299607|   -7.739590|    0.326282|    0.004852|
|        1008|   -8.331362|   -7.771893|    0.326281|    0.004852|
|        1009|   -8.362617|   -7.803782|    0.326281|    0.004852|
|        1010|   -8.393338|   -7.835241|    0.326281|    0.004852|
|        1011|   -8.423397|   -7.866159|    0.326281|    0.004852|
|        1012|   -8.452563|   -7.896305|    0.326281|    0.004852|
|        1013|   -8.480496|   -7.925323|    0.326280|    0.004852|
|        1014|   -8.506773|   -7.952754|    0.326280|    0.004852|
|        1015|   -8.530939|   -7.978092|    0.326280|    0.004852|
|        1016|   -8.552587|   -8.000864|    0.326280|    0.004852|
|        1017|   -8.571442|   -8.020729|    0.326280|    0.004852|
|        1018|   -8.587431|   -8.037563|    0.326280|    0.004852|
|        1019|   -8.600716|   -8.051501|    0.326280|    0.004852|
|        1020|   -8.611680|   -8.062929|    0.326279|    0.004852|
|        1021|   -8.620864|   -8.072410|    0.326279|    0.004852|
|        1022|   -8.628884|   -8.080598|    0.326279|    0.004852|
|        1023|   -8.636355|   -8.088143|    0.326279|    0.004852|
|        1024|   -8.643832|   -8.095629|    0.326279|    0.004852|
|        1025|   -8.651781|   -8.103538|    0.326279|    0.004852|
|        1026|   -8.660563|   -8.112237|    0.326279|    0.004852|
|        1027|   -8.670446|   -8.121990|    0.326279|    0.004852|
|        1028|   -8.681612|   -8.132970|    0.326279|    0.004852|
|        1029|   -8.694175|   -8.145280|    0.326279|    0.004852|
|        1030|   -8.708198|   -8.158974|    0.326280|    0.004852|
|        1031|   -8.723706|   -8.174069|    0.326280|    0.004852|
|        1032|   -8.740698|   -8.190562|    0.326280|    0.004852|
|        1033|   -8.759149|   -8.208434|    0.326280|    0.004852|
|        1034|   -8.779014|   -8.227654|    0.326280|    0.004852|
|        1035|   -8.800229|   -8.248175|    0.326280|    0.004852|
|        1036|   -8.822698|   -8.269930|    0.326280|    0.004852|
|        1037|   -8.846292|   -8.292824|    0.326280|    0.004852|
|        1038|   -8.870830|   -8.316715|    0.326280|    0.004852|
|        1039|   -8.896067|   -8.341401|    0.326280|    0.004852|
|        1040|   -8.921675|   -8.366598|    0.326281|    0.004852|
|        1041|   -8.947227|   -8.391922|    0.326281|    0.004852|
|        1042|   -8.972194|   -8.416877|    0.326281|    0.004852|
|        1043|   -8.995949|   -8.440858|    0.326281|    0.004852|
|        1044|   -9.017809|   -8.463180|    0.326281|    0.004852|
|        1045|   -9.037096|   -8.483135|    0.326281|    0.004852|
|        1046|   -9.053235|   -8.500089|    0.326281|    0.004852|
|        1047|   -9.065844|   -8.513575|    0.326281|    0.004852|
|        1048|   -9.074807|   -8.523387|    0.326282|    0.004852|
|        1049|   -9.080298|   -8.529619|    0.326282|    0.004852|
|        1050|   -9.082737|   -8.532639|    0.326282|    0.004852|
|        1051|   -9.082714|   -8.533016|    0.326282|    0.004852|
|        1052|   -9.080887|   -8.531415|    0.326282|    0.004852|
|        1053|   -9.077902|   -8.528506|    0.326282|    0.004852|
|        1054|   -9.074333|   -8.524895|    0.326282|    0.004852|
|        1055|   -9.070659|   -8.521091|    0.326282|    0.004852|
|        1056|   -9.067255|   -8.517496|    0.326283|    0.004852|
|        1057|   -9.064404|   -8.514411|    0.326283|    0.004852|
|        1058|   -9.062304|   -8.512049|    0.326283|    0.004852|
|        1059|   -9.061093|   -8.510557|    0.326283|    0.004852|
|        1060|   -9.060857|   -8.510029|    0.326283|    0.004852|
|        1061|   -9.061647|   -8.510519|    0.326283|    0.004852|
|        1062|   -9.063487|   -8.512053|    0.326283|    0.004852|
|        1063|   -9.066381|   -8.514641|    0.326283|    0.004852|
|        1064|   -9.070324|   -8.518277|    0.326283|    0.004852|
|        1065|   -9.075300|   -8.522946|    0.326283|    0.004852|
|        1066|   -9.081289|   -8.528631|    0.326284|    0.004852|
|        1067|   -9.088268|   -8.535310|    0.326284|    0.004852|
|        1068|   -9.096214|   -8.542960|    0.326284|    0.004852|
|        1069|   -9.105105|   -8.551560|    0.326284|    0.004852|
|        1070|   -9.114921|   -8.561091|    0.326284|    0.004852|
|        1071|   -9.125641|   -8.571531|    0.326284|    0.004852|
|        1072|   -9.137246|   -8.582862|    0.326284|    0.004852|
|        1073|   -9.149721|   -8.595069|    0.326284|    0.004852|
|        1074|   -9.163054|   -8.608139|    0.326284|    0.004852|
|        1075|   -9.177237|   -8.622062|    0.326284|    0.004852|
|        1076|   -9.192264|   -8.636833|    0.326284|    0.004852|
|        1077|   -9.208133|   -8.652448|    0.326284|    0.004852|
|        1078|   -9.224843|   -8.668906|    0.326284|    0.004852|
|        1079|   -9.242398|   -8.686209|    0.326284|    0.004852|
|        1080|   -9.260802|   -8.704361|    0.326284|    0.004852|
|        1081|   -9.280062|   -8.723368|    0.326284|    0.004852|
|        1082|   -9.300188|   -8.743239|    0.326284|    0.004852|
|        1083|   -9.321191|   -8.763983|    0.326284|    0.004852|
|        1084|   -9.343082|   -8.785613|    0.326284|    0.004852|
|        1085|   -9.365876|   -8.808142|    0.326284|    0.004852|
|        1086|   -9.389587|   -8.831583|    0.326284|    0.004852|
|        1087|   -9.414230|   -8.855952|    0.326284|    0.004852|
|        1088|   -9.439821|   -8.881265|    0.326284|    0.004852|
|        1089|   -9.466376|   -8.907538|    0.326284|    0.004852|
|        1090|   -9.493910|   -8.934787|    0.326284|    0.004852|
|        1091|   -9.522436|   -8.963025|    0.326284|    0.004852|
|        1092|   -9.551965|   -8.992266|    0.326284|    0.004852|
|        1093|   -9.582504|   -9.022519|    0.326284|    0.004852|
|        1094|   -9.614057|   -9.053790|    0.326284|    0.004852|
|        1095|   -9.646619|   -9.086078|    0.326284|    0.004852|
|        1096|   -9.680176|   -9.119374|    0.326284|    0.004852|
|        1097|   -9.714702|   -9.153660|    0.326284|    0.004852|
|        1098|   -9.750157|   -9.188903|    0.326284|    0.004852|
|        1099|   -9.786476|   -9.225048|    0.326284|    0.004852|
|        1100|   -9.823569|   -9.262019|    0.326284|    0.004852|
|        1101|   -9.861309|   -9.299704|    0.326284|    0.004852|
|        1102|   -9.899521|   -9.337947|    0.326284|    0.004852|
|        1103|   -9.937974|   -9.376539|    0.326284|    0.004852|
|        1104|   -9.976374|   -9.415210|    0.326284|    0.004852|
|        1105|  -10.014352|   -9.453618|    0.326284|    0.004852|
|        1106|  -10.051473|   -9.491349|    0.326284|    0.004852|
|        1107|  -10.087243|   -9.527926|    0.326284|    0.004852|
|        1108|  -10.121142|   -9.562828|    0.326284|    0.004852|
|        1109|  -10.152663|   -9.595530|    0.326284|    0.004852|
|        1110|  -10.181378|   -9.625561|    0.326284|    0.004852|
|        1111|  -10.206995|   -9.652560|    0.326284|    0.004852|
|        1112|  -10.229406|   -9.676338|    0.326284|    0.004852|
|        1113|  -10.248709|   -9.696907|    0.326284|    0.004852|
|        1114|  -10.265195|   -9.714482|    0.326284|    0.004852|
|        1115|  -10.279302|   -9.729449|    0.326284|    0.004852|
|        1116|  -10.291551|   -9.742308|    0.326284|    0.004852|
|        1117|  -10.302492|   -9.753611|    0.326284|    0.004852|
|        1118|  -10.312647|   -9.763905|    0.326284|    0.004852|
|        1119|  -10.322486|   -9.773693|    0.326284|    0.004852|
|        1120|  -10.332405|   -9.783410|    0.326284|    0.004852|
|        1121|  -10.342730|   -9.793416|    0.326284|    0.004852|
|        1122|  -10.353716|   -9.803997|    0.326284|    0.004852|
|        1123|  -10.365559|   -9.815372|    0.326284|    0.004852|
|        1124|  -10.378403|   -9.827704|    0.326284|    0.004852|
|        1125|  -10.392350|   -9.841112|    0.326284|    0.004852|
|        1126|  -10.407467|   -9.855673|    0.326284|    0.004852|
|        1127|  -10.423794|   -9.871436|    0.326284|    0.004852|
|        1128|  -10.441348|   -9.888424|    0.326284|    0.004852|
|        1129|  -10.460124|   -9.906640|    0.326284|    0.004852|
|        1130|  -10.480102|   -9.926067|    0.326284|    0.004852|
|        1131|  -10.501242|   -9.946674|    0.326284|    0.004852|
|        1132|  -10.523488|   -9.968410|    0.326284|    0.004852|
|        1133|  -10.546759|   -9.991202|    0.326284|    0.004852|
|        1134|  -10.570943|  -10.014949|    0.326284|    0.004852|
|        1135|  -10.595893|  -10.039513|    0.326284|    0.004852|
|        1136|  -10.621410|  -10.064712|    0.326284|    0.004852|
|        1137|  -10.647240|  -10.090310|    0.326284|    0.004852|
|        1138|  -10.673058|  -10.116001|    0.326284|    0.004852|
|        1139|  -10.698465|  -10.141412|    0.326284|    0.004852|
|        1140|  -10.722989|  -10.166090|    0.326284|    0.004852|
|        1141|  -10.746096|  -10.189520|    0.326284|    0.004852|
|        1142|  -10.767220|  -10.211147|    0.326284|    0.004852|
|        1143|  -10.785819|  -10.230419|    0.326284|    0.004852|
|        1144|  -10.801431|  -10.246849|    0.326284|    0.004852|
|        1145|  -10.813750|  -10.260082|    0.326284|    0.004852|
|        1146|  -10.822673|  -10.269953|    0.326284|    0.004852|
|        1147|  -10.828321|  -10.276515|    0.326284|    0.004852|
|        1148|  -10.831020|  -10.280033|    0.326284|    0.004852|
|        1149|  -10.831242|  -10.280936|    0.326284|    0.004852|
|        1150|  -10.829540|  -10.279758|    0.326284|    0.004852|
|        1151|  -10.826483|  -10.277063|    0.326284|    0.004852|
|        1152|  -10.822604|  -10.273398|    0.326284|    0.004852|
|        1153|  -10.818373|  -10.269251|    0.326284|    0.004852|
|        1154|  -10.814180|  -10.265038|    0.326284|    0.004852|
|        1155|  -10.810342|  -10.261093|    0.326284|    0.004852|
|        1156|  -10.807102|  -10.257680|    0.326284|    0.004852|
|        1157|  -10.804644|  -10.254998|    0.326284|    0.004852|
|        1158|  -10.803103|  -10.253195|    0.326284|    0.004852|
|        1159|  -10.802574|  -10.252376|    0.326284|    0.004852|
|        1160|  -10.803122|  -10.252613|    0.326284|    0.004852|
|        1161|  -10.804789|  -10.253955|    0.326284|    0.004852|
|        1162|  -10.807599|  -10.256429|    0.326284|    0.004852|
|        1163|  -10.811562|  -10.260049|    0.326284|    0.004852|
|        1164|  -10.816681|  -10.264822|    0.326284|    0.004852|
|        1165|  -10.822952|  -10.270742|    0.326284|    0.004852|
|        1166|  -10.830363|  -10.277803|    0.326284|    0.004852|
|        1167|  -10.838903|  -10.285992|    0.326284|    0.004852|
|        1168|  -10.848558|  -10.295296|    0.326284|    0.004852|
|        1169|  -10.859311|  -10.305700|    0.326284|    0.004852|
|        1170|  -10.871148|  -10.317188|    0.326284|    0.004852|
|        1171|  -10.884051|  -10.329745|    0.326284|    0.004852|
|        1172|  -10.898007|  -10.343356|    0.326284|    0.004852|
|        1173|  -10.913001|  -10.358006|    0.326284|    0.004852|
|        1174|  -10.929020|  -10.373684|    0.326284|    0.004852|
|        1175|  -10.946051|  -10.390375|    0.326284|    0.004852|
|        1176|  -10.964082|  -10.408070|    0.326284|    0.004852|
|        1177|  -10.983105|  -10.426758|    0.326284|    0.004852|
|        1178|  -11.003110|  -10.446432|    0.326284|    0.004852|
|        1179|  -11.024090|  -10.467082|    0.326284|    0.004852|
|        1180|  -11.046037|  -10.488705|    0.326284|    0.004852|
|        1181|  -11.068948|  -10.511293|    0.326284|    0.004852|
|        1182|  -11.092816|  -10.534844|    0.326284|    0.004852|
|        1183|  -11.117638|  -10.559353|    0.326284|    0.004852|
|        1184|  -11.143411|  -10.584818|    0.326284|    0.004852|
|        1185|  -11.170130|  -10.611236|    0.326284|    0.004852|
|        1186|  -11.197791|  -10.638604|    0.326284|    0.004852|
|        1187|  -11.226389|  -10.666918|    0.326284|    0.004852|
|        1188|  -11.255918|  -10.696173|    0.326284|    0.004852|
|        1189|  -11.286368|  -10.726363|    0.326284|    0.004852|
|        1190|  -11.317725|  -10.757476|    0.326284|    0.004852|
|        1191|  -11.349971|  -10.789497|    0.326284|    0.004852|
|        1192|  -11.383081|  -10.822406|    0.326284|    0.004852|
|        1193|  -11.417018|  -10.856172|    0.326284|    0.004852|
|        1194|  -11.451736|  -10.890756|    0.326284|    0.004852|
|        1195|  -11.487170|  -10.926101|    0.326284|    0.004852|
|        1196|  -11.523233|  -10.962132|    0.326284|    0.004852|
|        1197|  -11.559811|  -10.998744|    0.326284|    0.004847|
+-----------------------------------------------------------------------+
|Fixed CL Mode (Finite Difference)       |Value                         |
+-----------------------------------------------------------------------+
|Delta CL / Delta AoA                    |0.284533                      |
|Delta CD / Delta CL                     |0.0422209                     |
|Delta CMz / Delta CL                    |0.10891                       |
+-----------------------------------------------------------------------+
Writing Flow Meta-Data file: flow.meta

--------------------------- Finalizing Solver ---------------------------
Deleted CNumerics container.
Deleted CIntegration container.
Deleted CSolver container.
Deleted CIteration container.
Deleted CInterface container.
Deleted CGeometry container.
Deleted CFreeFormDefBox class.
Deleted CSurfaceMovement class.
Deleted CVolumetricMovement class.
Deleted CConfig container.
Deleted nInst container.
Deleted COutput class.
-------------------------------------------------------------------------

------------------------- Exit Success (SU2_CFD) ------------------------

