
-------------------------------------------------------------------------
|    ___ _   _ ___                                                      |
|   / __| | | |_  )   Release 8.3.0 "Harrier"                           |
|   \__ \ |_| |/ /                                                      |
|   |___/\___//___|   Suite (Computational Fluid Dynamics Code)         |
|                                                                       |
-------------------------------------------------------------------------
| SU2 Project Website: https://su2code.github.io                        |
|                                                                       |
| The SU2 Project is maintained by the SU2 Foundation                   |
| (http://su2foundation.org)                                            |
-------------------------------------------------------------------------
| Copyright 2012-2025, SU2 Contributors                                 |
|                                                                       |
| SU2 is free software; you can redistribute it and/or                  |
| modify it under the terms of the GNU Lesser General Public            |
| License as published by the Free Software Foundation; either          |
| version 2.1 of the License, or (at your option) any later version.    |
|                                                                       |
| SU2 is distributed in the hope that it will be useful,                |
| but WITHOUT ANY WARRANTY; without even the implied warranty of        |
| MERCHANTABILITY or FITNESS FOR A PARTICULAR PURPOSE. See the GNU      |
| Lesser General Public License for more details.                       |
|                                                                       |
| You should have received a copy of the GNU Lesser General Public      |
| License along with SU2. If not, see <http://www.gnu.org/licenses/>.   |
-------------------------------------------------------------------------

Parsing config file for zone 0

----------------- Physical Case Definition ( Zone 0 ) -------------------
Compressible Euler equations.
Mach number: 0.8.
Angle of attack (AoA): 1.25 deg, and angle of sideslip (AoS): 0 deg.
Fixed CL mode, target value: 0.326.
Reading and writing binary SU2 native restart files.
Read flow solution from: solution_flow.
Non-Dimensional simulation (P=1.0, Rho=1.0, T=1.0 at the farfield).
The reference area is 1 m^2.
The semi-span will be computed using the max y(3D) value.
The reference length is 1 m.
Reference origin for moment evaluation is (0.25, 0, 0).
Surface(s) where the force coefficients are evaluated: airfoil.

Surface(s) plotted in the output file: airfoil.
Surface(s) affected by the design variables: airfoil.
Input mesh file name: mesh_NACA0012_inv_deform.su2

--------------- Space Numerical Integration ( Zone 0 ) ------------------
Jameson-Schmidt-Turkel scheme (2nd order in space) for the flow inviscid terms.
JST viscous coefficients (2nd & 4th): 0.5, 0.02.
The method includes a grid stretching correction (p = 0.3).
Gradient for viscous and source terms: Green-Gauss.

--------------- Time Numerical Integration  ( Zone 0 ) ------------------
Local time stepping (steady state simulation).
Euler implicit method for the flow equations.
FGMRES is used for solving the linear system.
Using a LU-SGS preconditioning.
Convergence criteria of the linear solver: 0.0001.
Max number of linear iterations: 2.
V Multigrid Cycle, with 2 multigrid levels.
Damping factor for the residual restriction: 1.
Damping factor for the correction prolongation: 1.
No CFL adaptation.
+-------------------------------------------+
|  MG Level| Presmooth|PostSmooth|CorrectSmo|
+-------------------------------------------+
|         0|         1|         0|         0|
|         1|         2|         0|         0|
|         2|         3|         0|         0|
+-------------------------------------------+
Courant-Friedrichs-Lewy number:       10

------------------ Convergence Criteria  ( Zone 0 ) ---------------------
Maximum number of solver subiterations: 1250.
Begin convergence monitoring at iteration 10.
Residual minimum value: 1e-13.
Cauchy series min. value: 1e-06.
Number of Cauchy elements: 100.
Begin windowed time average at iteration 0.

-------------------- Output Information ( Zone 0 ) ----------------------
File writing frequency: 
+------------------------------------+
|                     File| Frequency|
+------------------------------------+
|                  RESTART|       250|
|                 PARAVIEW|       250|
|         SURFACE_PARAVIEW|       250|
|              SURFACE_CSV|       250|
+------------------------------------+
Writing the convergence history file every 1 inner iterations.
Writing the screen convergence history every 1 inner iterations.
The tabular file format is CSV (.csv).
Convergence history file name: history_direct.
Forces breakdown file name: forces_breakdown.dat.
Surface file name: surface_flow.
Volume file name: flow.
Restart file name: restart_flow.

------------- Config File Boundary Information ( Zone 0 ) ---------------
+-----------------------------------------------------------------------+
|                        Marker Type|                        Marker Name|
+-----------------------------------------------------------------------+
|                         Euler wall|                            airfoil|
+-----------------------------------------------------------------------+
|                          Far-field|                           farfield|
+-----------------------------------------------------------------------+

-------------------- Output Preprocessing ( Zone 0 ) --------------------

WARNING: SURFACE_PRESSURE_DROP can only be computed for at least 2 surfaces (outlet, inlet, ...)

Screen output fields: INNER_ITER, RMS_DENSITY, RMS_ENERGY, LIFT, DRAG
History output group(s): ITER, RMS_RES, AERO_COEFF
Convergence field(s): RMS_DENSITY
Warning: No (valid) fields chosen for time convergence monitoring. Time convergence monitoring inactive.
Volume output fields: COORDINATES, SOLUTION, PRIMITIVE

------------------- Geometry Preprocessing ( Zone 0 ) -------------------
Two dimensional problem.
5233 grid points.
10216 volume elements.
2 surface markers.
200 boundary elements in index 0 (Marker = airfoil).
50 boundary elements in index 1 (Marker = farfield).
10216 triangles.
Setting point connectivity.
Renumbering points (Reverse Cuthill McKee Ordering).
Recomputing point connectivity.
Setting element connectivity.
Checking the numerical grid orientation.
All volume elements are correctly oriented.
All surface elements are correctly oriented.
Identifying edges and vertices.
Setting the control volume structure.
Area of the computational grid: 1253.25.
Searching for the closest normal neighbors to the surfaces.
Storing a mapping from global to local point index.
Compute the surface curvature.
Max K: 7835.1. Mean K: 34.9464. Standard deviation K: 494.439.
Checking for periodicity.
Computing mesh quality statistics for the dual control volumes.
+--------------------------------------------------------------+
|           Mesh Quality Metric|        Minimum|        Maximum|
+--------------------------------------------------------------+
|    Orthogonality Angle (deg.)|        62.8646|        89.7274|
|     CV Face Area Aspect Ratio|        1.00153|        7.17964|
|           CV Sub-Volume Ratio|        1.00243|        6.47769|
+--------------------------------------------------------------+
Setting the multigrid structure.
+-------------------------------------------+
|  MG Level|       CVs|Aggl. Rate|       CFL|
+-------------------------------------------+
|         0|      5233|    1/1.00|        10|
|         1|      1690|     1/3.1|   8.52431|
|         2|       649|     1/2.6|   7.92373|
+-------------------------------------------+
Finding max control volume width.
Wetted area = 2.03726 m.
Area projection in the x-plane = 0.111353 m, y-plane = 0.999845 m.
Max. coordinate in the x-direction = 1 m, y-direction = 0.0545391 m.
Min. coordinate in the x-direction = 0 m, y-direction = -0.0568341 m.
Computing wall distances.

-------------------- Solver Preprocessing ( Zone 0 ) --------------------
WARNING: AoA in the solution file (0.74524 deg.) +
         AoA offset in mesh file (0 deg.) = 0.74524 deg.
WARNING: SU2 will use the dCD/dCL provided in the direct solution file: 0.0365629.
WARNING: SU2 will use the dCMz/dCL provided in the direct solution file: 0.104284.
Inviscid flow: Computing density based on free-stream
temperature and pressure using the ideal gas law.
Force coefficients computed using free-stream values.

-- Models:
+------------------------------------------------------------------------------+
|          Viscosity Model|        Conductivity Model|              Fluid Model|
+------------------------------------------------------------------------------+
|                        -|                         -|             STANDARD_AIR|
+------------------------------------------------------------------------------+
-- Fluid properties:
+------------------------------------------------------------------------------+
|                  Name|    Dim. value|    Ref. value|      Unit|Non-dim. value|
+------------------------------------------------------------------------------+
|          Gas Constant|       287.058|       287.058|  N.m/kg.K|             1|
|      Spec. Heat Ratio|             -|             -|         -|           1.4|
+------------------------------------------------------------------------------+
-- Initial and free-stream conditions:
+------------------------------------------------------------------------------+
|                  Name|    Dim. value|    Ref. value|      Unit|Non-dim. value|
+------------------------------------------------------------------------------+
|       Static Pressure|        101325|        101325|        Pa|             1|
|               Density|       1.22498|       1.22498|    kg/m^3|             1|
|           Temperature|        288.15|        288.15|         K|             1|
|          Total Energy|        243846|       82715.8|   m^2/s^2|         2.948|
|            Velocity-X|       272.215|       287.603|       m/s|      0.946493|
|            Velocity-Y|       3.54086|       287.603|       m/s|     0.0123116|
|    Velocity Magnitude|       272.238|       287.603|       m/s|      0.946573|
+------------------------------------------------------------------------------+
|           Mach Number|             -|             -|         -|           0.8|
+------------------------------------------------------------------------------+
Initialize Jacobian structure (Euler). MG level: 0.
Initialize Jacobian structure (Euler). MG level: 1.
Initialize Jacobian structure (Euler). MG level: 2.

------------------- Numerics Preprocessing ( Zone 0 ) -------------------

----------------- Integration Preprocessing ( Zone 0 ) ------------------

------------------- Iteration Preprocessing ( Zone 0 ) ------------------
Euler/Navier-Stokes/RANS fluid iteration.

------------------------------ Begin Solver -----------------------------

Simulation Run using the Single-zone Driver
WARNING: SU2 was not compiled for an AVX-capable architecture. Performance could be better,
         see https://su2code.github.io/docs_v7/Build-SU2-Linux-MacOS/#compiler-optimizations
WARNING: SU2 was not compiled for an AVX-capable architecture. Performance could be better,
         see https://su2code.github.io/docs_v7/Build-SU2-Linux-MacOS/#compiler-optimizations
WARNING: SU2 was not compiled for an AVX-capable architecture. Performance could be better,
         see https://su2code.github.io/docs_v7/Build-SU2-Linux-MacOS/#compiler-optimizations
+----------------------------------------------------------------+
|  Inner_Iter|    rms[Rho]|   rms[RhoE]|          CL|          CD|
+----------------------------------------------------------------+
|           0|   -5.395993|   -4.799612|    0.325707|    0.003544|
|           1|   -5.701541|   -5.100412|    0.326620|    0.003233|
|           2|   -5.627886|   -5.044750|    0.327430|    0.003201|
|           3|   -5.621359|   -5.038645|    0.327615|    0.003153|
|           4|   -5.577745|   -5.000607|    0.328229|    0.003133|
|           5|   -5.574329|   -5.005184|    0.328630|    0.003094|
|           6|   -5.554887|   -4.986656|    0.329101|    0.003079|
|           7|   -5.536239|   -4.969628|    0.329682|    0.003078|
|           8|   -5.530646|   -4.968863|    0.330210|    0.003070|
|           9|   -5.527425|   -4.969356|    0.330692|    0.003061|
|          10|   -5.519554|   -4.962615|    0.331154|    0.003057|
|          11|   -5.512832|   -4.956632|    0.331597|    0.003059|
|          12|   -5.510365|   -4.955251|    0.332015|    0.003065|
|          13|   -5.509796|   -4.955525|    0.332399|    0.003072|
|          14|   -5.509409|   -4.955533|    0.332750|    0.003078|
|          15|   -5.509929|   -4.956249|    0.333072|    0.003085|
|          16|   -5.511702|   -4.958092|    0.333373|    0.003093|
|          17|   -5.514748|   -4.961248|    0.333655|    0.003101|
|          18|   -5.518859|   -4.965619|    0.333919|    0.003108|
|          19|   -5.523893|   -4.971019|    0.334164|    0.003115|
|          20|   -5.529980|   -4.977468|    0.334393|    0.003122|
|          21|   -5.537282|   -4.985031|    0.334607|    0.003128|
|          22|   -5.545904|   -4.993777|    0.334809|    0.003134|
|          23|   -5.555931|   -5.003815|    0.335000|    0.003139|
|          24|   -5.567345|   -5.015169|    0.335183|    0.003144|
|          25|   -5.580127|   -5.027865|    0.335359|    0.003148|
|          26|   -5.594186|   -5.041854|    0.335529|    0.003152|
|          27|   -5.609252|   -5.056881|    0.335694|    0.003156|
|          28|   -5.624618|   -5.072196|    0.335856|    0.003159|
|          29|   -5.640369|   -5.087892|    0.336016|    0.003161|
|          30|   -5.656770|   -5.104205|    0.336173|    0.003164|
|          31|   -5.673740|   -5.121026|    0.336328|    0.003165|
|          32|   -5.691177|   -5.138280|    0.336481|    0.003166|
|          33|   -5.709006|   -5.155918|    0.336633|    0.003167|
|          34|   -5.727135|   -5.173868|    0.336781|    0.003167|
|          35|   -5.745509|   -5.192101|    0.336928|    0.003167|
|          36|   -5.764073|   -5.210578|    0.337071|    0.003167|
|          37|   -5.782788|   -5.229263|    0.337210|    0.003166|
|          38|   -5.801604|   -5.248113|    0.337345|    0.003166|
|          39|   -5.820820|   -5.267403|    0.337476|    0.003165|
|          40|   -5.840714|   -5.287291|    0.337603|    0.003165|
|          41|   -5.860925|   -5.307450|    0.337725|    0.003165|
|          42|   -5.881023|   -5.327525|    0.337842|    0.003165|
|          43|   -5.900868|   -5.347393|    0.337955|    0.003166|
|          44|   -5.920419|   -5.367005|    0.338063|    0.003167|
|          45|   -5.939607|   -5.386261|    0.338165|    0.003168|
|          46|   -5.958196|   -5.404881|    0.338264|    0.003170|
|          47|   -5.976041|   -5.422735|    0.338357|    0.003172|
|          48|   -5.993276|   -5.440015|    0.338446|    0.003174|
|          49|   -6.009845|   -5.456608|    0.338531|    0.003177|
|          50|   -6.025588|   -5.472310|    0.338612|    0.003179|
|          51|   -6.040384|   -5.487084|    0.338691|    0.002809|
+-----------------------------------------------------------------------+
|Fixed CL Mode                           |Value                         |
+-----------------------------------------------------------------------+
|Current CL                              |0.338691                      |
|Target CL                               |0.326                         |
|Previous AOA                            |0.74524                       |
|Changed AoA by                          |-0.0630585                    |
+-----------------------------------------------------------------------+
+----------------------------------------------------------------+
|  Inner_Iter|    rms[Rho]|   rms[RhoE]|          CL|          CD|
+----------------------------------------------------------------+
|          52|   -4.012262|   -3.405577|    0.338741|    0.002812|
|          53|   -4.309712|   -3.699145|    0.338343|    0.002810|
|          54|   -4.552647|   -3.959022|    0.336567|    0.002783|
|          55|   -4.751865|   -4.141230|    0.333854|    0.002737|
|          56|   -4.914825|   -4.315661|    0.331416|    0.002708|
|          57|   -5.011719|   -4.413562|    0.330028|    0.002687|
|          58|   -5.148178|   -4.546722|    0.329687|    0.002675|
|          59|   -5.178519|   -4.575296|    0.329665|    0.002665|
|          60|   -5.232584|   -4.627524|    0.329337|    0.002644|
|          61|   -5.354643|   -4.755179|    0.328772|    0.002622|
|          62|   -5.434849|   -4.844417|    0.328219|    0.002606|
|          63|   -5.459586|   -4.867979|    0.327740|    0.002592|
|          64|   -5.515877|   -4.925057|    0.327309|    0.002578|
|          65|   -5.589491|   -5.007087|    0.326925|    0.002567|
|          66|   -5.627429|   -5.053306|    0.326591|    0.002559|
|          67|   -5.642613|   -5.071808|    0.326287|    0.002554|
|          68|   -5.653199|   -5.084892|    0.325986|    0.002550|
|          69|   -5.657221|   -5.092447|    0.325684|    0.002548|
|          70|   -5.655713|   -5.094999|    0.325394|    0.002548|
|          71|   -5.651828|   -5.094935|    0.325120|    0.002550|
|          72|   -5.645944|   -5.092023|    0.324856|    0.002553|
|          73|   -5.638040|   -5.086040|    0.324598|    0.002558|
|          74|   -5.629523|   -5.078809|    0.324349|    0.002564|
|          75|   -5.621754|   -5.072095|    0.324110|    0.002571|
|          76|   -5.615396|   -5.066613|    0.323882|    0.002577|
|          77|   -5.610715|   -5.062557|    0.323661|    0.002583|
|          78|   -5.607764|   -5.060001|    0.323447|    0.002589|
|          79|   -5.606541|   -5.058975|    0.323245|    0.002594|
|          80|   -5.606554|   -5.059171|    0.323056|    0.002599|
|          81|   -5.607718|   -5.060612|    0.322878|    0.002603|
|          82|   -5.610347|   -5.063447|    0.322711|    0.002605|
|          83|   -5.614607|   -5.067728|    0.322556|    0.002607|
|          84|   -5.620333|   -5.073272|    0.322413|    0.002608|
|          85|   -5.627563|   -5.080237|    0.322281|    0.002608|
|          86|   -5.636426|   -5.088782|    0.322161|    0.002607|
|          87|   -5.646998|   -5.098994|    0.322052|    0.002606|
|          88|   -5.659246|   -5.110858|    0.321955|    0.002604|
|          89|   -5.673079|   -5.124301|    0.321868|    0.002601|
|          90|   -5.689053|   -5.139894|    0.321792|    0.002599|
|          91|   -5.706310|   -5.156715|    0.321725|    0.002596|
|          92|   -5.724702|   -5.174692|    0.321667|    0.002593|
|          93|   -5.744181|   -5.193753|    0.321616|    0.002590|
|          94|   -5.764677|   -5.213804|    0.321572|    0.002587|
|          95|   -5.786142|   -5.234811|    0.321535|    0.002585|
|          96|   -5.808584|   -5.256788|    0.321503|    0.002583|
|          97|   -5.832009|   -5.279744|    0.321475|    0.002581|
|          98|   -5.856406|   -5.303669|    0.321452|    0.002580|
|          99|   -5.881741|   -5.328538|    0.321433|    0.002579|
|         100|   -5.907972|   -5.354316|    0.321417|    0.002579|
|         101|   -5.935059|   -5.380968|    0.321403|    0.002708|
+-----------------------------------------------------------------------+
|Fixed CL Mode                           |Value                         |
+-----------------------------------------------------------------------+
|Current CL                              |0.321403                      |
|Target CL                               |0.326                         |
|Previous AOA                            |0.682181                      |
|Changed AoA by                          |0.0229146                     |
+-----------------------------------------------------------------------+
+----------------------------------------------------------------+
|  Inner_Iter|    rms[Rho]|   rms[RhoE]|          CL|          CD|
+----------------------------------------------------------------+
|         102|   -4.451719|   -3.845084|    0.321399|    0.002709|
|         103|   -4.748599|   -4.138165|    0.321560|    0.002711|
|         104|   -4.990235|   -4.396847|    0.322225|    0.002723|
|         105|   -5.188020|   -4.578143|    0.323232|    0.002743|
|         106|   -5.348655|   -4.750629|    0.324141|    0.002755|
|         107|   -5.443052|   -4.846340|    0.324671|    0.002765|
|         108|   -5.574165|   -4.974986|    0.324819|    0.002771|
|         109|   -5.604560|   -5.003556|    0.324853|    0.002776|
|         110|   -5.657233|   -5.054649|    0.325001|    0.002785|
|         111|   -5.772067|   -5.175698|    0.325237|    0.002794|
|         112|   -5.847384|   -5.259612|    0.325468|    0.002800|
|         113|   -5.873365|   -5.284343|    0.325672|    0.002806|
|         114|   -5.927569|   -5.339586|    0.325859|    0.002811|
|         115|   -5.995742|   -5.415819|    0.326031|    0.002816|
|         116|   -6.031656|   -5.459220|    0.326184|    0.002818|
|         117|   -6.047299|   -5.477993|    0.326326|    0.002820|
|         118|   -6.057997|   -5.491129|    0.326467|    0.002821|
|         119|   -6.062216|   -5.498617|    0.326608|    0.002822|
|         120|   -6.061057|   -5.501205|    0.326744|    0.002821|
|         121|   -6.057105|   -5.500887|    0.326873|    0.002821|
|         122|   -6.050601|   -5.497312|    0.326999|    0.002819|
|         123|   -6.041962|   -5.490634|    0.327122|    0.002818|
|         124|   -6.032446|   -5.482384|    0.327241|    0.002816|
|         125|   -6.023301|   -5.474156|    0.327356|    0.002814|
|         126|   -6.015200|   -5.466730|    0.327466|    0.002812|
|         127|   -6.008375|   -5.460353|    0.327573|    0.002810|
|         128|   -6.002731|   -5.454984|    0.327677|    0.002809|
|         129|   -5.998345|   -5.450739|    0.327776|    0.002808|
|         130|   -5.995327|   -5.447756|    0.327870|    0.002807|
|         131|   -5.993720|   -5.446106|    0.327958|    0.002807|
|         132|   -5.993547|   -5.445826|    0.328042|    0.002806|
|         133|   -5.994823|   -5.446933|    0.328120|    0.002806|
|         134|   -5.997375|   -5.449298|    0.328192|    0.002807|
|         135|   -6.001264|   -5.452991|    0.328259|    0.002808|
|         136|   -6.006649|   -5.458073|    0.328321|    0.002809|
|         137|   -6.013425|   -5.464445|    0.328377|    0.002810|
|         138|   -6.021495|   -5.472106|    0.328427|    0.002811|
|         139|   -6.030880|   -5.481104|    0.328473|    0.002812|
|         140|   -6.041629|   -5.491475|    0.328514|    0.002813|
|         141|   -6.053712|   -5.503174|    0.328549|    0.002815|
|         142|   -6.067083|   -5.516147|    0.328581|    0.002816|
|         143|   -6.081693|   -5.530347|    0.328609|    0.002817|
|         144|   -6.097499|   -5.545737|    0.328632|    0.002818|
|         145|   -6.114476|   -5.562301|    0.328652|    0.002819|
|         146|   -6.132635|   -5.580054|    0.328669|    0.002820|
|         147|   -6.151973|   -5.598987|    0.328683|    0.002820|
|         148|   -6.172472|   -5.619085|    0.328694|    0.002820|
|         149|   -6.194089|   -5.640313|    0.328703|    0.002821|
|         150|   -6.216784|   -5.662639|    0.328709|    0.002820|
|         151|   -6.240529|   -5.686030|    0.328714|    0.002742|
+-----------------------------------------------------------------------+
|Fixed CL Mode                           |Value                         |
+-----------------------------------------------------------------------+
|Current CL                              |0.328714                      |
|Target CL                               |0.326                         |
|Previous AOA                            |0.705096                      |
|Changed AoA by                          |-0.0135468                    |
+-----------------------------------------------------------------------+
+----------------------------------------------------------------+
|  Inner_Iter|    rms[Rho]|   rms[RhoE]|          CL|          CD|
+----------------------------------------------------------------+
|         152|   -4.680059|   -4.073406|    0.328713|    0.002742|
|         153|   -4.977053|   -4.366586|    0.328614|    0.002740|
|         154|   -5.219047|   -4.625591|    0.328217|    0.002733|
|         155|   -5.417222|   -4.807149|    0.327618|    0.002722|
|         156|   -5.578541|   -4.980215|    0.327078|    0.002715|
|         157|   -5.673571|   -5.076464|    0.326761|    0.002709|
|         158|   -5.805884|   -5.206083|    0.326669|    0.002706|
|         159|   -5.836108|   -5.234503|    0.326645|    0.002703|
|         160|   -5.889168|   -5.285912|    0.326554|    0.002697|
|         161|   -6.005819|   -5.408578|    0.326411|    0.002692|
|         162|   -6.082164|   -5.493519|    0.326272|    0.002688|
|         163|   -6.107658|   -5.517751|    0.326148|    0.002685|
|         164|   -6.162267|   -5.573397|    0.326035|    0.002681|
|         165|   -6.231053|   -5.650476|    0.325932|    0.002679|
|         166|   -6.265858|   -5.693152|    0.325840|    0.002677|
|         167|   -6.279178|   -5.709898|    0.325754|    0.002676|
|         168|   -6.286941|   -5.720424|    0.325670|    0.002675|
|         169|   -6.287752|   -5.724827|    0.325585|    0.002674|
|         170|   -6.283093|   -5.724119|    0.325504|    0.002674|
|         171|   -6.275880|   -5.720586|    0.325427|    0.002675|
|         172|   -6.266691|   -5.714256|    0.325353|    0.002675|
|         173|   -6.255949|   -5.705367|    0.325280|    0.002676|
|         174|   -6.244916|   -5.695505|    0.325210|    0.002677|
|         175|   -6.234770|   -5.686184|    0.325143|    0.002679|
|         176|   -6.226103|   -5.678105|    0.325079|    0.002680|
|         177|   -6.219097|   -5.671463|    0.325017|    0.002681|
|         178|   -6.213780|   -5.666330|    0.324958|    0.002682|
|         179|   -6.210139|   -5.662755|    0.324902|    0.002683|
|         180|   -6.208172|   -5.660788|    0.324849|    0.002683|
|         181|   -6.207866|   -5.660438|    0.324799|    0.002684|
|         182|   -6.209170|   -5.661655|    0.324752|    0.002684|
|         183|   -6.212015|   -5.664361|    0.324708|    0.002684|
|         184|   -6.216337|   -5.668491|    0.324668|    0.002684|
|         185|   -6.222099|   -5.674015|    0.324630|    0.002684|
|         186|   -6.229277|   -5.680914|    0.324596|    0.002684|
|         187|   -6.237845|   -5.689169|    0.324564|    0.002683|
|         188|   -6.247769|   -5.698752|    0.324536|    0.002683|
|         189|   -6.259013|   -5.709634|    0.324510|    0.002682|
|         190|   -6.271525|   -5.721767|    0.324487|    0.002681|
|         191|   -6.285285|   -5.735136|    0.324467|    0.002681|
|         192|   -6.300267|   -5.749719|    0.324449|    0.002680|
|         193|   -6.316438|   -5.765487|    0.324433|    0.002679|
|         194|   -6.333766|   -5.782407|    0.324419|    0.002679|
|         195|   -6.352218|   -5.800450|    0.324407|    0.002678|
|         196|   -6.371763|   -5.819589|    0.324397|    0.002678|
|         197|   -6.392373|   -5.839797|    0.324389|    0.002677|
|         198|   -6.414023|   -5.861051|    0.324381|    0.002677|
|         199|   -6.436688|   -5.883328|    0.324375|    0.002677|
|         200|   -6.460346|   -5.906605|    0.324371|    0.002677|
|         201|   -6.484973|   -5.930860|    0.324367|    0.002723|
+-----------------------------------------------------------------------+
|Fixed CL Mode                           |Value                         |
+-----------------------------------------------------------------------+
|Current CL                              |0.324367                      |
|Target CL                               |0.326                         |
|Previous AOA                            |0.691549                      |
|Changed AoA by                          |0.00814681                    |
+-----------------------------------------------------------------------+
+----------------------------------------------------------------+
|  Inner_Iter|    rms[Rho]|   rms[RhoE]|          CL|          CD|
+----------------------------------------------------------------+
|         202|   -4.900923|   -4.294266|    0.324366|    0.002723|
|         203|   -5.197971|   -4.587492|    0.324425|    0.002724|
|         204|   -5.440083|   -4.846607|    0.324662|    0.002728|
|         205|   -5.638423|   -5.028271|    0.325021|    0.002735|
|         206|   -5.799986|   -5.201548|    0.325345|    0.002739|
|         207|   -5.895255|   -5.298012|    0.325534|    0.002743|
|         208|   -6.028120|   -5.428104|    0.325587|    0.002745|
|         209|   -6.058334|   -5.456522|    0.325600|    0.002746|
|         210|   -6.111413|   -5.507953|    0.325654|    0.002749|
|         211|   -6.228487|   -5.631049|    0.325738|    0.002753|
|         212|   -6.305076|   -5.716326|    0.325820|    0.002755|
|         213|   -6.330419|   -5.740436|    0.325893|    0.002757|
|         214|   -6.385150|   -5.796194|    0.325960|    0.002759|
|         215|   -6.454512|   -5.873828|    0.326021|    0.002760|
|         216|   -6.490119|   -5.917250|    0.326076|    0.002761|
|         217|   -6.504492|   -5.934923|    0.326126|    0.002762|
|         218|   -6.513674|   -5.946714|    0.326176|    0.002762|
|         219|   -6.516075|   -5.952586|    0.326227|    0.002763|
|         220|   -6.512977|   -5.953382|    0.326275|    0.002763|
|         221|   -6.507202|   -5.951287|    0.326321|    0.002763|
|         222|   -6.499217|   -5.946199|    0.326365|    0.002762|
|         223|   -6.489358|   -5.938244|    0.326409|    0.002762|
|         224|   -6.478889|   -5.928995|    0.326451|    0.002761|
|         225|   -6.469030|   -5.920016|    0.326491|    0.002760|
|         226|   -6.460411|   -5.912036|    0.326530|    0.002760|
|         227|   -6.453240|   -5.905273|    0.326567|    0.002759|
|         228|   -6.447554|   -5.899807|    0.326603|    0.002759|
|         229|   -6.443375|   -5.895723|    0.326638|    0.002758|
|         230|   -6.440733|   -5.893105|    0.326670|    0.002758|
|         231|   -6.439632|   -5.891982|    0.326701|    0.002757|
|         232|   -6.440038|   -5.892320|    0.326729|    0.002757|
|         233|   -6.441908|   -5.894068|    0.326756|    0.002757|
|         234|   -6.445210|   -5.897192|    0.326781|    0.002757|
|         235|   -6.449919|   -5.901673|    0.326804|    0.002758|
|         236|   -6.456012|   -5.907493|    0.326825|    0.002758|
|         237|   -6.463466|   -5.914639|    0.326845|    0.002758|
|         238|   -6.472259|   -5.923097|    0.326862|    0.002758|
|         239|   -6.482374|   -5.932857|    0.326878|    0.002759|
|         240|   -6.493806|   -5.943922|    0.326892|    0.002759|
|         241|   -6.506504|   -5.956238|    0.326905|    0.002760|
|         242|   -6.520447|   -5.969786|    0.326916|    0.002760|
|         243|   -6.535606|   -5.984542|    0.326925|    0.002761|
|         244|   -6.551954|   -6.000482|    0.326934|    0.002761|
|         245|   -6.569465|   -6.017584|    0.326941|    0.002761|
|         246|   -6.588109|   -6.035820|    0.326947|    0.002762|
|         247|   -6.607859|   -6.055164|    0.326952|    0.002762|
|         248|   -6.628703|   -6.075610|    0.326956|    0.002762|
|         249|   -6.650617|   -6.097135|    0.326960|    0.002762|
|         250|   -6.673580|   -6.119716|    0.326963|    0.002762|
+-----------------------------------------------------------------------+
|        File Writing Summary       |              Filename             |
+-----------------------------------------------------------------------+
|SU2 binary restart                 |restart_flow.dat                   |
Writing Flow Meta-Data file: flow.meta
|Paraview                           |flow.vtu                           |
Writing Flow Meta-Data file: flow.meta
|Paraview surface                   |surface_flow.vtu                   |
Writing Flow Meta-Data file: flow.meta
|CSV file                           |surface_flow.csv                   |
Writing Flow Meta-Data file: flow.meta
+-----------------------------------------------------------------------+
+----------------------------------------------------------------+
|  Inner_Iter|    rms[Rho]|   rms[RhoE]|          CL|          CD|
+----------------------------------------------------------------+
|         251|   -6.697566|   -6.143328|    0.326965|    0.002734|
+-----------------------------------------------------------------------+
|Fixed CL Mode                           |Value                         |
+-----------------------------------------------------------------------+
|Current CL                              |0.326965                      |
|Target CL                               |0.326                         |
|Previous AOA                            |0.699696                      |
|Changed AoA by                          |-0.00481353                   |
+-----------------------------------------------------------------------+
+----------------------------------------------------------------+
|  Inner_Iter|    rms[Rho]|   rms[RhoE]|          CL|          CD|
+----------------------------------------------------------------+
|         252|   -5.129436|   -4.522782|    0.326965|    0.002734|
|         253|   -5.426457|   -4.815984|    0.326930|    0.002734|
|         254|   -5.668492|   -5.075030|    0.326790|    0.002731|
|         255|   -5.866719|   -5.256618|    0.326578|    0.002727|
|         256|   -6.028106|   -5.429742|    0.326386|    0.002725|
|         257|   -6.123220|   -5.526068|    0.326275|    0.002723|
|         258|   -6.255756|   -5.655883|    0.326243|    0.002722|
|         259|   -6.286020|   -5.684340|    0.326235|    0.002721|
|         260|   -6.339123|   -5.735787|    0.326203|    0.002719|
|         261|   -6.456020|   -5.858693|    0.326153|    0.002717|
|         262|   -6.532607|   -5.943906|    0.326105|    0.002716|
|         263|   -6.558174|   -5.968202|    0.326061|    0.002714|
|         264|   -6.613020|   -6.024044|    0.326022|    0.002713|
|         265|   -6.682389|   -6.101667|    0.325986|    0.002712|
|         266|   -6.717880|   -6.145006|    0.325954|    0.002712|
|         267|   -6.731917|   -6.162417|    0.325924|    0.002711|
|         268|   -6.740522|   -6.173721|    0.325894|    0.002711|
|         269|   -6.742196|   -6.178954|    0.325864|    0.002711|
|         270|   -6.738321|   -6.179036|    0.325836|    0.002711|
|         271|   -6.731794|   -6.176220|    0.325809|    0.002711|
|         272|   -6.723157|   -6.170481|    0.325783|    0.002711|
|         273|   -6.712804|   -6.162017|    0.325757|    0.002711|
|         274|   -6.702012|   -6.152423|    0.325733|    0.002712|
|         275|   -6.691990|   -6.143254|    0.325709|    0.002712|
|         276|   -6.683352|   -6.135226|    0.325686|    0.002713|
|         277|   -6.676291|   -6.128548|    0.325665|    0.002713|
|         278|   -6.670837|   -6.123288|    0.325644|    0.002713|
|         279|   -6.666995|   -6.119518|    0.325624|    0.002714|
|         280|   -6.664782|   -6.117309|    0.325605|    0.002714|
|         281|   -6.664188|   -6.116676|    0.325587|    0.002714|
|         282|   -6.665168|   -6.117573|    0.325571|    0.002714|
|         283|   -6.667666|   -6.119937|    0.325555|    0.002714|
|         284|   -6.671639|   -6.123721|    0.325541|    0.002714|
|         285|   -6.677049|   -6.128894|    0.325527|    0.002714|
|         286|   -6.683864|   -6.135429|    0.325515|    0.002714|
|         287|   -6.692051|   -6.143304|    0.325504|    0.002714|
|         288|   -6.701582|   -6.152495|    0.325494|    0.002714|
|         289|   -6.712426|   -6.162981|    0.325485|    0.002713|
|         290|   -6.724556|   -6.174735|    0.325476|    0.002713|
|         291|   -6.737916|   -6.187705|    0.325469|    0.002713|
|         292|   -6.752505|   -6.201894|    0.325463|    0.002713|
|         293|   -6.768290|   -6.217275|    0.325457|    0.002712|
|         294|   -6.785241|   -6.233818|    0.325452|    0.002712|
|         295|   -6.803330|   -6.251499|    0.325448|    0.002712|
|         296|   -6.822530|   -6.270292|    0.325445|    0.002712|
|         297|   -6.842815|   -6.290175|    0.325442|    0.002712|
|         298|   -6.864159|   -6.311123|    0.325439|    0.002712|
|         299|   -6.886540|   -6.333116|    0.325437|    0.002712|
|         300|   -6.909936|   -6.356132|    0.325435|    0.002712|
|         301|   -6.934324|   -6.380148|    0.325434|    0.002728|
+-----------------------------------------------------------------------+
|Fixed CL Mode                           |Value                         |
+-----------------------------------------------------------------------+
|Current CL                              |0.325434                      |
|Target CL                               |0.326                         |
|Previous AOA                            |0.694882                      |
|Changed AoA by                          |0.00282352                    |
+-----------------------------------------------------------------------+
+----------------------------------------------------------------+
|  Inner_Iter|    rms[Rho]|   rms[RhoE]|          CL|          CD|
+----------------------------------------------------------------+
|         302|   -5.361113|   -4.754458|    0.325434|    0.002728|
|         303|   -5.658143|   -5.047668|    0.325454|    0.002728|
|         304|   -5.900205|   -5.306739|    0.325536|    0.002729|
|         305|   -6.098477|   -5.488357|    0.325661|    0.002732|
|         306|   -6.259932|   -5.661540|    0.325773|    0.002733|
|         307|   -6.355100|   -5.757916|    0.325839|    0.002734|
|         308|   -6.487754|   -5.887829|    0.325857|    0.002735|
|         309|   -6.517991|   -5.916266|    0.325862|    0.002736|
|         310|   -6.571064|   -5.967691|    0.325880|    0.002737|
|         311|   -6.687976|   -6.090626|    0.325910|    0.002738|
|         312|   -6.764512|   -6.175818|    0.325938|    0.002739|
|         313|   -6.789970|   -6.200025|    0.325964|    0.002739|
|         314|   -6.844730|   -6.255798|    0.325987|    0.002740|
|         315|   -6.914046|   -6.333372|    0.326008|    0.002741|
|         316|   -6.949603|   -6.376747|    0.326027|    0.002741|
|         317|   -6.963858|   -6.394331|    0.326045|    0.002741|
|         318|   -6.972814|   -6.405932|    0.326062|    0.002741|
|         319|   -6.974919|   -6.411543|    0.326079|    0.002741|
|         320|   -6.971499|   -6.412039|    0.326096|    0.002741|
|         321|   -6.965404|   -6.409636|    0.326112|    0.002741|
|         322|   -6.957133|   -6.404265|    0.326127|    0.002741|
|         323|   -6.947052|   -6.396081|    0.326143|    0.002741|
|         324|   -6.936430|   -6.386672|    0.326157|    0.002741|
|         325|   -6.926485|   -6.377594|    0.326171|    0.002741|
|         326|   -6.917840|   -6.369576|    0.326184|    0.002740|
|         327|   -6.910698|   -6.362832|    0.326197|    0.002740|
|         328|   -6.905093|   -6.357436|    0.326210|    0.002740|
|         329|   -6.901041|   -6.353468|    0.326222|    0.002740|
|         330|   -6.898565|   -6.351007|    0.326233|    0.002740|
|         331|   -6.897662|   -6.350075|    0.326243|    0.002740|
|         332|   -6.898295|   -6.350633|    0.326253|    0.002739|
|         333|   -6.900415|   -6.352625|    0.326262|    0.002739|
|         334|   -6.903984|   -6.356012|    0.326271|    0.002739|
|         335|   -6.908973|   -6.360767|    0.326279|    0.002740|
|         336|   -6.915353|   -6.366872|    0.326286|    0.002740|
|         337|   -6.923099|   -6.374308|    0.326293|    0.002740|
|         338|   -6.932185|   -6.383057|    0.326299|    0.002740|
|         339|   -6.942612|   -6.393131|    0.326304|    0.002740|
|         340|   -6.954325|   -6.404475|    0.326309|    0.002740|
|         341|   -6.967301|   -6.417066|    0.326314|    0.002740|
|         342|   -6.981510|   -6.430879|    0.326317|    0.002740|
|         343|   -6.996925|   -6.445890|    0.326321|    0.002741|
|         344|   -7.013517|   -6.462074|    0.326323|    0.002741|
|         345|   -7.031260|   -6.479408|    0.326326|    0.002741|
|         346|   -7.050127|   -6.497868|    0.326328|    0.002741|
|         347|   -7.070094|   -6.517431|    0.326330|    0.002741|
|         348|   -7.091135|   -6.538076|    0.326331|    0.002741|
|         349|   -7.113228|   -6.559780|    0.326333|    0.002741|
|         350|   -7.136351|   -6.582521|    0.326334|    0.002741|
|         351|   -7.160481|   -6.606277|    0.326334|    0.002732|
+-----------------------------------------------------------------------+
|Fixed CL Mode                           |Value                         |
+-----------------------------------------------------------------------+
|Current CL                              |0.326334                      |
|Target CL                               |0.326                         |
|Previous AOA                            |0.697706                      |
|Changed AoA by                          |-0.00166761                   |
+-----------------------------------------------------------------------+
+----------------------------------------------------------------+
|  Inner_Iter|    rms[Rho]|   rms[RhoE]|          CL|          CD|
+----------------------------------------------------------------+
|         352|   -5.589806|   -4.983152|    0.326334|    0.002732|
|         353|   -5.886831|   -5.276357|    0.326322|    0.002731|
|         354|   -6.128879|   -5.535415|    0.326274|    0.002730|
|         355|   -6.327126|   -5.717017|    0.326200|    0.002729|
|         356|   -6.488545|   -5.890168|    0.326134|    0.002728|
|         357|   -6.583682|   -5.986516|    0.326095|    0.002728|
|         358|   -6.716269|   -6.116373|    0.326084|    0.002727|
|         359|   -6.746518|   -6.144819|    0.326081|    0.002727|
|         360|   -6.799607|   -6.196255|    0.326070|    0.002726|
|         361|   -6.916511|   -6.319173|    0.326053|    0.002725|
|         362|   -6.993074|   -6.404375|    0.326036|    0.002725|
|         363|   -7.018592|   -6.428630|    0.326021|    0.002725|
|         364|   -7.073400|   -6.484442|    0.326008|    0.002724|
|         365|   -7.142739|   -6.562038|    0.325995|    0.002724|
|         366|   -7.178240|   -6.605375|    0.325984|    0.002724|
|         367|   -7.192349|   -6.622839|    0.325974|    0.002724|
|         368|   -7.201083|   -6.634251|    0.325963|    0.002723|
|         369|   -7.202921|   -6.639627|    0.325953|    0.002723|
|         370|   -7.199220|   -6.639868|    0.325943|    0.002723|
|         371|   -7.192858|   -6.637209|    0.325934|    0.002723|
|         372|   -7.184358|   -6.631609|    0.325925|    0.002723|
|         373|   -7.174103|   -6.623248|    0.325916|    0.002724|
|         374|   -7.163368|   -6.613718|    0.325907|    0.002724|
|         375|   -7.153365|   -6.604575|    0.325899|    0.002724|
|         376|   -7.144712|   -6.596539|    0.325891|    0.002724|
|         377|   -7.137606|   -6.589822|    0.325884|    0.002724|
|         378|   -7.132078|   -6.584494|    0.325876|    0.002724|
|         379|   -7.128140|   -6.580632|    0.325869|    0.002724|
|         380|   -7.125809|   -6.578310|    0.325863|    0.002724|
|         381|   -7.125080|   -6.577546|    0.325857|    0.002724|
|         382|   -7.125910|   -6.578295|    0.325851|    0.002725|
|         383|   -7.128245|   -6.580498|    0.325845|    0.002725|
|         384|   -7.132046|   -6.584112|    0.325840|    0.002725|
|         385|   -7.137277|   -6.589107|    0.325836|    0.002725|
|         386|   -7.143909|   -6.595461|    0.325831|    0.002724|
|         387|   -7.151911|   -6.603151|    0.325827|    0.002724|
|         388|   -7.161256|   -6.612156|    0.325824|    0.002724|
|         389|   -7.171915|   -6.622457|    0.325821|    0.002724|
|         390|   -7.183863|   -6.634030|    0.325818|    0.002724|
|         391|   -7.197070|   -6.646850|    0.325815|    0.002724|
|         392|   -7.211493|   -6.660874|    0.325813|    0.002724|
|         393|   -7.227109|   -6.676083|    0.325811|    0.002724|
|         394|   -7.243899|   -6.692463|    0.325810|    0.002724|
|         395|   -7.261833|   -6.709988|    0.325808|    0.002724|
|         396|   -7.280887|   -6.728635|    0.325807|    0.002724|
|         397|   -7.301033|   -6.748379|    0.325806|    0.002724|
|         398|   -7.322248|   -6.769198|    0.325805|    0.002724|
|         399|   -7.344509|   -6.791071|    0.325804|    0.002724|
|         400|   -7.367793|   -6.813974|    0.325804|    0.002724|
|         401|   -7.392078|   -6.837887|    0.325803|    0.002729|
+-----------------------------------------------------------------------+
|Fixed CL Mode                           |Value                         |
+-----------------------------------------------------------------------+
|Current CL                              |0.325803                      |
|Target CL                               |0.326                         |
|Previous AOA                            |0.696038                      |
|Changed AoA by                          |0.000981857                   |
+-----------------------------------------------------------------------+
+----------------------------------------------------------------+
|  Inner_Iter|    rms[Rho]|   rms[RhoE]|          CL|          CD|
+----------------------------------------------------------------+
|         402|   -5.819855|   -5.213200|    0.325803|    0.002729|
|         403|   -6.116883|   -5.506408|    0.325810|    0.002729|
|         404|   -6.358940|   -5.765474|    0.325839|    0.002730|
|         405|   -6.557202|   -5.947086|    0.325882|    0.002731|
|         406|   -6.718642|   -6.120255|    0.325921|    0.002731|
|         407|   -6.813799|   -6.216621|    0.325944|    0.002732|
|         408|   -6.946431|   -6.346517|    0.325950|    0.002732|
|         409|   -6.976676|   -6.374960|    0.325952|    0.002732|
|         410|   -7.029757|   -6.426390|    0.325958|    0.002732|
|         411|   -7.146674|   -6.549326|    0.325969|    0.002733|
|         412|   -7.223227|   -6.634529|    0.325979|    0.002733|
|         413|   -7.248709|   -6.658755|    0.325987|    0.002733|
|         414|   -7.303487|   -6.714544|    0.325995|    0.002734|
|         415|   -7.372814|   -6.792129|    0.326003|    0.002734|
|         416|   -7.408349|   -6.835490|    0.326009|    0.002734|
|         417|   -7.422545|   -6.853026|    0.326015|    0.002734|
|         418|   -7.431411|   -6.864551|    0.326022|    0.002734|
|         419|   -7.433407|   -6.870066|    0.326028|    0.002734|
|         420|   -7.429873|   -6.870458|    0.326033|    0.002734|
|         421|   -7.423671|   -6.867952|    0.326039|    0.002734|
|         422|   -7.415312|   -6.862491|    0.326044|    0.002734|
|         423|   -7.405166|   -6.854241|    0.326050|    0.002734|
|         424|   -7.394507|   -6.844790|    0.326055|    0.002734|
|         425|   -7.384548|   -6.835695|    0.326059|    0.002734|
|         426|   -7.375911|   -6.827681|    0.326064|    0.002734|
|         427|   -7.368795|   -6.820959|    0.326069|    0.002734|
|         428|   -7.363234|   -6.815603|    0.326073|    0.002733|
|         429|   -7.359240|   -6.811690|    0.326077|    0.002733|
|         430|   -7.356836|   -6.809298|    0.326081|    0.002733|
|         431|   -7.356017|   -6.808447|    0.326084|    0.002733|
|         432|   -7.356742|   -6.809095|    0.326088|    0.002733|
|         433|   -7.358961|   -6.811185|    0.326091|    0.002733|
|         434|   -7.362636|   -6.814675|    0.326094|    0.002733|
|         435|   -7.367734|   -6.819540|    0.326097|    0.002733|
|         436|   -7.374230|   -6.825759|    0.326099|    0.002733|
|         437|   -7.382117|   -6.833339|    0.326102|    0.002733|
|         438|   -7.391338|   -6.842227|    0.326104|    0.002733|
|         439|   -7.401872|   -6.852404|    0.326106|    0.002734|
|         440|   -7.413691|   -6.863849|    0.326107|    0.002734|
|         441|   -7.426768|   -6.876539|    0.326109|    0.002734|
|         442|   -7.441075|   -6.890450|    0.326110|    0.002734|
|         443|   -7.456585|   -6.905557|    0.326111|    0.002734|
|         444|   -7.473269|   -6.921833|    0.326112|    0.002734|
|         445|   -7.491099|   -6.939253|    0.326113|    0.002734|
|         446|   -7.510048|   -6.957794|    0.326114|    0.002734|
|         447|   -7.530090|   -6.977433|    0.326114|    0.002734|
|         448|   -7.551202|   -6.998148|    0.326115|    0.002734|
|         449|   -7.573361|   -7.019918|    0.326115|    0.002734|
|         450|   -7.596545|   -7.042721|    0.326116|    0.002734|
|         451|   -7.620732|   -7.066534|    0.326116|    0.002731|
+-----------------------------------------------------------------------+
|Fixed CL Mode                           |Value                         |
+-----------------------------------------------------------------------+
|Current CL                              |0.326116                      |
|Target CL                               |0.326                         |
|Previous AOA                            |0.69702                       |
|Changed AoA by                          |-0.000578616                  |
+-----------------------------------------------------------------------+
+----------------------------------------------------------------+
|  Inner_Iter|    rms[Rho]|   rms[RhoE]|          CL|          CD|
+----------------------------------------------------------------+
|         452|   -6.049512|   -5.442858|    0.326116|    0.002731|
|         453|   -6.346538|   -5.736064|    0.326112|    0.002731|
|         454|   -6.588589|   -5.995124|    0.326095|    0.002730|
|         455|   -6.786841|   -6.176730|    0.326069|    0.002730|
|         456|   -6.948268|   -6.349888|    0.326046|    0.002729|
|         457|   -7.043410|   -6.446240|    0.326033|    0.002729|
|         458|   -7.176010|   -6.576108|    0.326029|    0.002729|
|         459|   -7.206255|   -6.604551|    0.326028|    0.002729|
|         460|   -7.259339|   -6.655983|    0.326024|    0.002729|
|         461|   -7.376242|   -6.778903|    0.326018|    0.002728|
|         462|   -7.452799|   -6.864102|    0.326013|    0.002728|
|         463|   -7.478304|   -6.888347|    0.326007|    0.002728|
|         464|   -7.533102|   -6.944151|    0.326003|    0.002728|
|         465|   -7.602438|   -7.021743|    0.325998|    0.002728|
|         466|   -7.637955|   -7.065090|    0.325994|    0.002728|
|         467|   -7.652100|   -7.082584|    0.325991|    0.002728|
|         468|   -7.660888|   -7.094042|    0.325987|    0.002728|
|         469|   -7.662791|   -7.099474|    0.325984|    0.002728|
|         470|   -7.659157|   -7.099778|    0.325980|    0.002728|
|         471|   -7.652857|   -7.097180|    0.325977|    0.002728|
|         472|   -7.644410|   -7.091633|    0.325974|    0.002728|
|         473|   -7.634192|   -7.083312|    0.325971|    0.002728|
|         474|   -7.623480|   -7.073807|    0.325968|    0.002728|
|         475|   -7.613486|   -7.064674|    0.325965|    0.002728|
|         476|   -7.604829|   -7.056638|    0.325962|    0.002728|
|         477|   -7.597709|   -7.049909|    0.325960|    0.002728|
|         478|   -7.592158|   -7.044560|    0.325957|    0.002728|
|         479|   -7.588187|   -7.040668|    0.325955|    0.002728|
|         480|   -7.585818|   -7.038308|    0.325952|    0.002728|
|         481|   -7.585043|   -7.037499|    0.325950|    0.002728|
|         482|   -7.585821|   -7.038198|    0.325948|    0.002728|
|         483|   -7.588102|   -7.040348|    0.325946|    0.002728|
|         484|   -7.591844|   -7.043904|    0.325945|    0.002728|
|         485|   -7.597015|   -7.048839|    0.325943|    0.002728|
|         486|   -7.603584|   -7.055131|    0.325941|    0.002728|
|         487|   -7.611523|   -7.062758|    0.325940|    0.002728|
|         488|   -7.620805|   -7.071701|    0.325939|    0.002728|
|         489|   -7.631402|   -7.081939|    0.325938|    0.002728|
|         490|   -7.643288|   -7.093451|    0.325937|    0.002728|
|         491|   -7.656436|   -7.106212|    0.325936|    0.002728|
|         492|   -7.670815|   -7.120194|    0.325935|    0.002728|
|         493|   -7.686398|   -7.135373|    0.325934|    0.002728|
|         494|   -7.703155|   -7.151721|    0.325934|    0.002728|
|         495|   -7.721058|   -7.169214|    0.325933|    0.002728|
|         496|   -7.740080|   -7.187829|    0.325933|    0.002728|
|         497|   -7.760174|   -7.207516|    0.325933|    0.002728|
|         498|   -7.781340|   -7.228283|    0.325932|    0.002728|
|         499|   -7.803553|   -7.250107|    0.325932|    0.002728|
|         500|   -7.826791|   -7.272965|    0.325932|    0.002728|
+-----------------------------------------------------------------------+
|        File Writing Summary       |              Filename             |
+-----------------------------------------------------------------------+
|SU2 binary restart                 |restart_flow.dat                   |
Writing Flow Meta-Data file: flow.meta
|Paraview                           |flow.vtu                           |
Writing Flow Meta-Data file: flow.meta
|Paraview surface                   |surface_flow.vtu                   |
Writing Flow Meta-Data file: flow.meta
|CSV file                           |surface_flow.csv                   |
Writing Flow Meta-Data file: flow.meta
+-----------------------------------------------------------------------+
+----------------------------------------------------------------+
|  Inner_Iter|    rms[Rho]|   rms[RhoE]|          CL|          CD|
+----------------------------------------------------------------+
|         501|   -7.851034|   -7.296835|    0.325932|    0.002730|
+-----------------------------------------------------------------------+
|Fixed CL Mode                           |Value                         |
+-----------------------------------------------------------------------+
|Current CL                              |0.325932                      |
|Target CL                               |0.326                         |
|Previous AOA                            |0.696442                      |
|Changed AoA by                          |0.000340949                   |
+-----------------------------------------------------------------------+
+----------------------------------------------------------------+
|  Inner_Iter|    rms[Rho]|   rms[RhoE]|          CL|          CD|
+----------------------------------------------------------------+
|         502|   -6.279213|   -5.672558|    0.325932|    0.002730|
|         503|   -6.576240|   -5.965766|    0.325934|    0.002730|
|         504|   -6.818295|   -6.224830|    0.325944|    0.002730|
|         505|   -7.016553|   -6.406439|    0.325959|    0.002730|
|         506|   -7.177988|   -6.579605|    0.325973|    0.002730|
|         507|   -7.273141|   -6.675966|    0.325981|    0.002731|
|         508|   -7.405762|   -6.805853|    0.325983|    0.002731|
|         509|   -7.436009|   -6.834297|    0.325983|    0.002731|
|         510|   -7.489093|   -6.885730|    0.325986|    0.002731|
|         511|   -7.606010|   -7.008664|    0.325989|    0.002731|
|         512|   -7.682569|   -7.093870|    0.325993|    0.002731|
|         513|   -7.708059|   -7.118103|    0.325996|    0.002731|
|         514|   -7.762843|   -7.173896|    0.325998|    0.002731|
|         515|   -7.832169|   -7.251481|    0.326001|    0.002731|
|         516|   -7.867693|   -7.294833|    0.326003|    0.002731|
|         517|   -7.881863|   -7.312347|    0.326005|    0.002731|
|         518|   -7.890694|   -7.323841|    0.326007|    0.002731|
|         519|   -7.892649|   -7.329319|    0.326010|    0.002731|
|         520|   -7.889073|   -7.329673|    0.326012|    0.002731|
|         521|   -7.882832|   -7.327129|    0.326014|    0.002731|
|         522|   -7.874438|   -7.321634|    0.326015|    0.002731|
|         523|   -7.864268|   -7.313358|    0.326017|    0.002731|
|         524|   -7.853593|   -7.303890|    0.326019|    0.002731|
|         525|   -7.843627|   -7.294788|    0.326021|    0.002731|
|         526|   -7.834991|   -7.286773|    0.326022|    0.002731|
|         527|   -7.827885|   -7.280058|    0.326024|    0.002731|
|         528|   -7.822339|   -7.274716|    0.326025|    0.002731|
|         529|   -7.818366|   -7.270824|    0.326027|    0.002731|
|         530|   -7.815988|   -7.268457|    0.326028|    0.002731|
|         531|   -7.815225|   -7.267666|    0.326029|    0.002731|
|         532|   -7.816005|   -7.268373|    0.326030|    0.002731|
|         533|   -7.818280|   -7.270519|    0.326032|    0.002731|
|         534|   -7.822010|   -7.274064|    0.326033|    0.002731|
|         535|   -7.827162|   -7.278980|    0.326034|    0.002731|
|         536|   -7.833706|   -7.285248|    0.326034|    0.002731|
|         537|   -7.841617|   -7.292846|    0.326035|    0.002731|
|         538|   -7.850866|   -7.301757|    0.326036|    0.002731|
|         539|   -7.861427|   -7.311960|    0.326037|    0.002731|
|         540|   -7.873274|   -7.323433|    0.326037|    0.002731|
|         541|   -7.886380|   -7.336152|    0.326038|    0.002731|
|         542|   -7.900716|   -7.350091|    0.326038|    0.002731|
|         543|   -7.916254|   -7.365225|    0.326039|    0.002731|
|         544|   -7.932966|   -7.381529|    0.326039|    0.002731|
|         545|   -7.950823|   -7.398976|    0.326039|    0.002731|
|         546|   -7.969799|   -7.417544|    0.326039|    0.002731|
|         547|   -7.989869|   -7.437211|    0.326040|    0.002731|
|         548|   -8.011009|   -7.457954|    0.326040|    0.002731|
|         549|   -8.033197|   -7.479752|    0.326040|    0.002731|
|         550|   -8.056409|   -7.502584|    0.326040|    0.002731|
|         551|   -8.080625|   -7.526425|    0.326040|    0.002730|
+-----------------------------------------------------------------------+
|Fixed CL Mode                           |Value                         |
+-----------------------------------------------------------------------+
|Current CL                              |0.32604                       |
|Target CL                               |0.326                         |
|Previous AOA                            |0.696782                      |
|Changed AoA by                          |-0.000200701                  |
+-----------------------------------------------------------------------+
+----------------------------------------------------------------+
|  Inner_Iter|    rms[Rho]|   rms[RhoE]|          CL|          CD|
+----------------------------------------------------------------+
|         552|   -6.509352|   -5.902697|    0.326040|    0.002730|
|         553|   -6.806378|   -6.195904|    0.326039|    0.002730|
|         554|   -7.048430|   -6.454965|    0.326033|    0.002730|
|         555|   -7.246683|   -6.636572|    0.326024|    0.002730|
|         556|   -7.408112|   -6.809732|    0.326016|    0.002730|
|         557|   -7.503257|   -6.906086|    0.326011|    0.002730|
|         558|   -7.635862|   -7.035959|    0.326010|    0.002730|
|         559|   -7.666106|   -7.064400|    0.326010|    0.002730|
|         560|   -7.719189|   -7.115831|    0.326008|    0.002730|
|         561|   -7.836093|   -7.238753|    0.326006|    0.002730|
|         562|   -7.912650|   -7.323954|    0.326004|    0.002729|
|         563|   -7.938152|   -7.348197|    0.326003|    0.002729|
|         564|   -7.992946|   -7.403998|    0.326001|    0.002729|
|         565|   -8.062276|   -7.481584|    0.325999|    0.002729|
|         566|   -8.097793|   -7.524930|    0.325998|    0.002729|
|         567|   -8.111948|   -7.542431|    0.325997|    0.002729|
|         568|   -8.120752|   -7.553903|    0.325996|    0.002729|
|         569|   -8.122675|   -7.559354|    0.325994|    0.002729|
|         570|   -8.119065|   -7.559679|    0.325993|    0.002729|
|         571|   -8.112789|   -7.557104|    0.325992|    0.002729|
|         572|   -8.104362|   -7.551578|    0.325991|    0.002729|
|         573|   -8.094162|   -7.543274|    0.325990|    0.002729|
|         574|   -8.083463|   -7.533783|    0.325989|    0.002729|
|         575|   -8.073478|   -7.524660|    0.325988|    0.002729|
|         576|   -8.064828|   -7.516630|    0.325987|    0.002729|
|         577|   -8.057711|   -7.509905|    0.325986|    0.002729|
|         578|   -8.052159|   -7.504556|    0.325985|    0.002729|
|         579|   -8.048185|   -7.500661|    0.325984|    0.002729|
|         580|   -8.045810|   -7.498296|    0.325983|    0.002729|
|         581|   -8.045028|   -7.497480|    0.325983|    0.002729|
|         582|   -8.045796|   -7.498170|    0.325982|    0.002729|
|         583|   -8.048066|   -7.500308|    0.325981|    0.002729|
|         584|   -8.051796|   -7.503852|    0.325981|    0.002729|
|         585|   -8.056953|   -7.508775|    0.325980|    0.002729|
|         586|   -8.063509|   -7.515053|    0.325980|    0.002729|
|         587|   -8.071434|   -7.522666|    0.325979|    0.002729|
|         588|   -8.080701|   -7.531594|    0.325979|    0.002729|
|         589|   -8.091285|   -7.541819|    0.325978|    0.002729|
|         590|   -8.103157|   -7.553317|    0.325978|    0.002729|
|         591|   -8.116291|   -7.566064|    0.325978|    0.002729|
|         592|   -8.130658|   -7.580034|    0.325978|    0.002729|
|         593|   -8.146229|   -7.595201|    0.325977|    0.002729|
|         594|   -8.162975|   -7.611539|    0.325977|    0.002729|
|         595|   -8.180868|   -7.629022|    0.325977|    0.002729|
|         596|   -8.199882|   -7.647627|    0.325977|    0.002729|
|         597|   -8.219990|   -7.667332|    0.325977|    0.002729|
|         598|   -8.241170|   -7.688115|    0.325977|    0.002729|
|         599|   -8.263397|   -7.709953|    0.325976|    0.002729|
|         600|   -8.286651|   -7.732826|    0.325976|    0.002729|
|         601|   -8.310908|   -7.756709|    0.325976|    0.002730|
+-----------------------------------------------------------------------+
|Fixed CL Mode                           |Value                         |
+-----------------------------------------------------------------------+
|Current CL                              |0.325976                      |
|Target CL                               |0.326                         |
|Previous AOA                            |0.696582                      |
|Changed AoA by                          |0.000118202                   |
+-----------------------------------------------------------------------+
+----------------------------------------------------------------+
|  Inner_Iter|    rms[Rho]|   rms[RhoE]|          CL|          CD|
+----------------------------------------------------------------+
|         602|   -6.739278|   -6.132623|    0.325976|    0.002730|
|         603|   -7.036305|   -6.425830|    0.325977|    0.002730|
|         604|   -7.278359|   -6.684894|    0.325981|    0.002730|
|         605|   -7.476616|   -6.866503|    0.325986|    0.002730|
|         606|   -7.638051|   -7.039668|    0.325991|    0.002730|
|         607|   -7.733202|   -7.136028|    0.325993|    0.002730|
|         608|   -7.865821|   -7.265913|    0.325994|    0.002730|
|         609|   -7.896066|   -7.294355|    0.325994|    0.002730|
|         610|   -7.949150|   -7.345787|    0.325995|    0.002730|
|         611|   -8.066068|   -7.468721|    0.325996|    0.002730|
|         612|   -8.142633|   -7.553932|    0.325997|    0.002730|
|         613|   -8.168130|   -7.578172|    0.325998|    0.002730|
|         614|   -8.222924|   -7.633974|    0.325999|    0.002730|
|         615|   -8.292262|   -7.711570|    0.326000|    0.002731|
|         616|   -8.327788|   -7.754925|    0.326001|    0.002731|
|         617|   -8.341954|   -7.772436|    0.326002|    0.002731|
|         618|   -8.350777|   -7.783925|    0.326003|    0.002731|
|         619|   -8.352726|   -7.789399|    0.326003|    0.002731|
|         620|   -8.349144|   -7.789751|    0.326004|    0.002731|
|         621|   -8.342895|   -7.787203|    0.326005|    0.002731|
|         622|   -8.334495|   -7.781703|    0.326005|    0.002731|
|         623|   -8.324316|   -7.773420|    0.326006|    0.002731|
|         624|   -8.313633|   -7.763945|    0.326007|    0.002731|
|         625|   -8.303660|   -7.754835|    0.326007|    0.002731|
|         626|   -8.295017|   -7.746814|    0.326008|    0.002731|
|         627|   -8.287905|   -7.740094|    0.326008|    0.002730|
|         628|   -8.282356|   -7.734748|    0.326009|    0.002730|
|         629|   -8.278382|   -7.730853|    0.326009|    0.002730|
|         630|   -8.276003|   -7.728486|    0.326010|    0.002730|
|         631|   -8.275216|   -7.727665|    0.326010|    0.002730|
|         632|   -8.275978|   -7.728349|    0.326011|    0.002730|
|         633|   -8.278240|   -7.730479|    0.326011|    0.002730|
|         634|   -8.281960|   -7.734014|    0.326011|    0.002730|
|         635|   -8.287107|   -7.738925|    0.326012|    0.002730|
|         636|   -8.293649|   -7.745190|    0.326012|    0.002730|
|         637|   -8.301561|   -7.752790|    0.326012|    0.002730|
|         638|   -8.310814|   -7.761705|    0.326012|    0.002730|
|         639|   -8.321384|   -7.771916|    0.326013|    0.002730|
|         640|   -8.333242|   -7.783400|    0.326013|    0.002730|
|         641|   -8.346363|   -7.796133|    0.326013|    0.002730|
|         642|   -8.360717|   -7.810090|    0.326013|    0.002731|
|         643|   -8.376276|   -7.825245|    0.326013|    0.002731|
|         644|   -8.393011|   -7.841572|    0.326013|    0.002731|
|         645|   -8.410895|   -7.859046|    0.326014|    0.002731|
|         646|   -8.429900|   -7.877643|    0.326014|    0.002731|
|         647|   -8.450002|   -7.897342|    0.326014|    0.002731|
|         648|   -8.471176|   -7.918119|    0.326014|    0.002731|
|         649|   -8.493400|   -7.939953|    0.326014|    0.002731|
|         650|   -8.516651|   -7.962822|    0.326014|    0.002731|
|         651|   -8.540907|   -7.986704|    0.326014|    0.002730|
+-----------------------------------------------------------------------+
|Fixed CL Mode                           |Value                         |
+-----------------------------------------------------------------------+
|Current CL                              |0.326014                      |
|Target CL                               |0.326                         |
|Previous AOA                            |0.6967                        |
|Changed AoA by                          |-6.95439e-05                  |
+-----------------------------------------------------------------------+
+----------------------------------------------------------------+
|  Inner_Iter|    rms[Rho]|   rms[RhoE]|          CL|          CD|
+----------------------------------------------------------------+
|         652|   -6.969644|   -6.362989|    0.326014|    0.002730|
|         653|   -7.266670|   -6.656196|    0.326013|    0.002730|
|         654|   -7.508722|   -6.915258|    0.326011|    0.002730|
|         655|   -7.706977|   -7.096865|    0.326008|    0.002730|
|         656|   -7.868409|   -7.270027|    0.326006|    0.002730|
|         657|   -7.963557|   -7.366384|    0.326004|    0.002730|
|         658|   -8.096169|   -7.496264|    0.326004|    0.002730|
|         659|   -8.126415|   -7.524707|    0.326003|    0.002730|
|         660|   -8.179499|   -7.576138|    0.326003|    0.002730|
|         661|   -8.296410|   -7.699067|    0.326002|    0.002730|
|         662|   -8.372970|   -7.784272|    0.326002|    0.002730|
|         663|   -8.398468|   -7.808512|    0.326001|    0.002730|
|         664|   -8.453259|   -7.864311|    0.326000|    0.002730|
|         665|   -8.522587|   -7.941898|    0.326000|    0.002730|
|         666|   -8.558102|   -7.985243|    0.325999|    0.002730|
|         667|   -8.572256|   -8.002744|    0.325999|    0.002730|
|         668|   -8.581065|   -8.014220|    0.325998|    0.002730|
|         669|   -8.582998|   -8.019680|    0.325998|    0.002730|
|         670|   -8.579403|   -8.020018|    0.325998|    0.002730|
|         671|   -8.573142|   -8.017458|    0.325997|    0.002730|
|         672|   -8.564732|   -8.011947|    0.325997|    0.002730|
|         673|   -8.554548|   -8.003658|    0.325996|    0.002730|
|         674|   -8.543863|   -7.994180|    0.325996|    0.002730|
|         675|   -8.533891|   -7.985070|    0.325996|    0.002730|
|         676|   -8.525252|   -7.977052|    0.325995|    0.002730|
|         677|   -8.518144|   -7.970335|    0.325995|    0.002730|
|         678|   -8.512601|   -7.964995|    0.325995|    0.002730|
|         679|   -8.508633|   -7.961106|    0.325995|    0.002730|
|         680|   -8.506262|   -7.958746|    0.325994|    0.002730|
|         681|   -8.505483|   -7.957933|    0.325994|    0.002730|
|         682|   -8.506254|   -7.958625|    0.325994|    0.002730|
|         683|   -8.508525|   -7.960765|    0.325994|    0.002730|
|         684|   -8.512254|   -7.964309|    0.325993|    0.002730|
|         685|   -8.517411|   -7.969231|    0.325993|    0.002730|
|         686|   -8.523965|   -7.975507|    0.325993|    0.002730|
|         687|   -8.531889|   -7.983118|    0.325993|    0.002730|
|         688|   -8.541153|   -7.992045|    0.325993|    0.002730|
|         689|   -8.551734|   -8.002266|    0.325993|    0.002730|
|         690|   -8.563603|   -8.013761|    0.325992|    0.002730|
|         691|   -8.576734|   -8.026506|    0.325992|    0.002730|
|         692|   -8.591098|   -8.040473|    0.325992|    0.002730|
|         693|   -8.606667|   -8.055637|    0.325992|    0.002730|
|         694|   -8.623411|   -8.071973|    0.325992|    0.002730|
|         695|   -8.641304|   -8.089455|    0.325992|    0.002730|
|         696|   -8.660317|   -8.108061|    0.325992|    0.002730|
|         697|   -8.680426|   -8.127766|    0.325992|    0.002730|
|         698|   -8.701607|   -8.148550|    0.325992|    0.002730|
|         699|   -8.723837|   -8.170391|    0.325992|    0.002730|
|         700|   -8.747093|   -8.193266|    0.325992|    0.002730|
|         701|   -8.771354|   -8.217152|    0.325992|    0.002730|
+-----------------------------------------------------------------------+
|Fixed CL Mode                           |Value                         |
+-----------------------------------------------------------------------+
|Current CL                              |0.325992                      |
|Target CL                               |0.326                         |
|Previous AOA                            |0.69663                       |
|Changed AoA by                          |4.09231e-05                   |
+-----------------------------------------------------------------------+
+----------------------------------------------------------------+
|  Inner_Iter|    rms[Rho]|   rms[RhoE]|          CL|          CD|
+----------------------------------------------------------------+
|         702|   -7.199934|   -6.593279|    0.325992|    0.002730|
|         703|   -7.496960|   -6.886486|    0.325992|    0.002730|
|         704|   -7.739013|   -7.145548|    0.325993|    0.002730|
|         705|   -7.937270|   -7.327156|    0.325995|    0.002730|
|         706|   -8.098702|   -7.500320|    0.325997|    0.002730|
|         707|   -8.193852|   -7.596679|    0.325998|    0.002730|
|         708|   -8.326468|   -7.726561|    0.325998|    0.002730|
|         709|   -8.356713|   -7.755003|    0.325998|    0.002730|
|         710|   -8.409796|   -7.806435|    0.325998|    0.002730|
|         711|   -8.526709|   -7.929364|    0.325999|    0.002730|
|         712|   -8.603268|   -8.014570|    0.325999|    0.002730|
|         713|   -8.628764|   -8.038809|    0.325999|    0.002730|
|         714|   -8.683554|   -8.094607|    0.326000|    0.002730|
|         715|   -8.752881|   -8.172193|    0.326000|    0.002730|
|         716|   -8.788397|   -8.215538|    0.326000|    0.002730|
|         717|   -8.802554|   -8.233041|    0.326001|    0.002730|
|         718|   -8.811367|   -8.244520|    0.326001|    0.002730|
|         719|   -8.813306|   -8.249985|    0.326001|    0.002730|
|         720|   -8.809716|   -8.250329|    0.326001|    0.002730|
|         721|   -8.803462|   -8.247775|    0.326002|    0.002730|
|         722|   -8.795058|   -8.242270|    0.326002|    0.002730|
|         723|   -8.784877|   -8.233985|    0.326002|    0.002730|
|         724|   -8.774195|   -8.224510|    0.326002|    0.002730|
|         725|   -8.764225|   -8.215402|    0.326002|    0.002730|
|         726|   -8.755585|   -8.207383|    0.326003|    0.002730|
|         727|   -8.748477|   -8.200666|    0.326003|    0.002730|
|         728|   -8.742932|   -8.195324|    0.326003|    0.002730|
|         729|   -8.738961|   -8.191433|    0.326003|    0.002730|
|         730|   -8.736587|   -8.189069|    0.326003|    0.002730|
|         731|   -8.735803|   -8.188252|    0.326004|    0.002730|
|         732|   -8.736570|   -8.188940|    0.326004|    0.002730|
|         733|   -8.738835|   -8.191074|    0.326004|    0.002730|
|         734|   -8.742559|   -8.194613|    0.326004|    0.002730|
|         735|   -8.747710|   -8.199529|    0.326004|    0.002730|
|         736|   -8.754258|   -8.205799|    0.326004|    0.002730|
|         737|   -8.762175|   -8.213404|    0.326004|    0.002730|
|         738|   -8.771434|   -8.222325|    0.326004|    0.002730|
|         739|   -8.782008|   -8.232540|    0.326004|    0.002730|
|         740|   -8.793872|   -8.244029|    0.326004|    0.002730|
|         741|   -8.806997|   -8.256768|    0.326005|    0.002730|
|         742|   -8.821355|   -8.270729|    0.326005|    0.002730|
|         743|   -8.836919|   -8.285888|    0.326005|    0.002730|
|         744|   -8.853658|   -8.302219|    0.326005|    0.002730|
|         745|   -8.871545|   -8.319696|    0.326005|    0.002730|
|         746|   -8.890554|   -8.338297|    0.326005|    0.002730|
|         747|   -8.910659|   -8.357998|    0.326005|    0.002730|
|         748|   -8.931836|   -8.378778|    0.326005|    0.002730|
|         749|   -8.954062|   -8.400615|    0.326005|    0.002730|
|         750|   -8.977315|   -8.423487|    0.326005|    0.002730|
+-----------------------------------------------------------------------+
|        File Writing Summary       |              Filename             |
+-----------------------------------------------------------------------+
|SU2 binary restart                 |restart_flow.dat                   |
Writing Flow Meta-Data file: flow.meta
|Paraview                           |flow.vtu                           |
Writing Flow Meta-Data file: flow.meta
|Paraview surface                   |surface_flow.vtu                   |
Writing Flow Meta-Data file: flow.meta
|CSV file                           |surface_flow.csv                   |
Writing Flow Meta-Data file: flow.meta
+-----------------------------------------------------------------------+
+----------------------------------------------------------------+
|  Inner_Iter|    rms[Rho]|   rms[RhoE]|          CL|          CD|
+----------------------------------------------------------------+
|         751|   -9.001572|   -8.447370|    0.326005|    0.002730|
+-----------------------------------------------------------------------+
|Fixed CL Mode                           |Value                         |
+-----------------------------------------------------------------------+
|Current CL                              |0.326005                      |
|Target CL                               |0.326                         |
|Previous AOA                            |0.696671                      |
|Changed AoA by                          |-2.40829e-05                  |
+-----------------------------------------------------------------------+
+----------------------------------------------------------------+
|  Inner_Iter|    rms[Rho]|   rms[RhoE]|          CL|          CD|
+----------------------------------------------------------------+
|         752|   -7.430193|   -6.823538|    0.326005|    0.002730|
|         753|   -7.727219|   -7.116745|    0.326005|    0.002730|
|         754|   -7.969272|   -7.375807|    0.326004|    0.002730|
|         755|   -8.167528|   -7.557415|    0.326003|    0.002730|
|         756|   -8.328961|   -7.730578|    0.326002|    0.002730|
|         757|   -8.424110|   -7.826937|    0.326001|    0.002730|
|         758|   -8.556724|   -7.956818|    0.326001|    0.002730|
|         759|   -8.586970|   -7.985261|    0.326001|    0.002730|
|         760|   -8.640054|   -8.036692|    0.326001|    0.002730|
|         761|   -8.756966|   -8.159622|    0.326001|    0.002730|
|         762|   -8.833526|   -8.244828|    0.326001|    0.002730|
|         763|   -8.859023|   -8.269067|    0.326000|    0.002730|
|         764|   -8.913813|   -8.324866|    0.326000|    0.002730|
|         765|   -8.983141|   -8.402452|    0.326000|    0.002730|
|         766|   -9.018655|   -8.445797|    0.326000|    0.002730|
|         767|   -9.032810|   -8.463297|    0.326000|    0.002730|
|         768|   -9.041620|   -8.474774|    0.325999|    0.002730|
|         769|   -9.043555|   -8.480236|    0.325999|    0.002730|
|         770|   -9.039962|   -8.480576|    0.325999|    0.002730|
|         771|   -9.033704|   -8.478019|    0.325999|    0.002730|
|         772|   -9.025296|   -8.472510|    0.325999|    0.002730|
|         773|   -9.015114|   -8.464223|    0.325999|    0.002730|
|         774|   -9.004431|   -8.454747|    0.325999|    0.002730|
|         775|   -8.994459|   -8.445638|    0.325999|    0.002730|
|         776|   -8.985820|   -8.437620|    0.325998|    0.002730|
|         777|   -8.978713|   -8.430903|    0.325998|    0.002730|
|         778|   -8.973169|   -8.425563|    0.325998|    0.002730|
|         779|   -8.969201|   -8.421673|    0.325998|    0.002730|
|         780|   -8.966829|   -8.419312|    0.325998|    0.002730|
|         781|   -8.966049|   -8.418498|    0.325998|    0.002730|
|         782|   -8.966818|   -8.419189|    0.325998|    0.002730|
|         783|   -8.969087|   -8.421327|    0.325998|    0.002730|
|         784|   -8.972815|   -8.424869|    0.325998|    0.002730|
|         785|   -8.977969|   -8.429789|    0.325998|    0.002730|
|         786|   -8.984522|   -8.436063|    0.325998|    0.002730|
|         787|   -8.992443|   -8.443672|    0.325998|    0.002730|
|         788|   -9.001705|   -8.452596|    0.325997|    0.002730|
|         789|   -9.012284|   -8.462816|    0.325997|    0.002730|
|         790|   -9.024151|   -8.474309|    0.325997|    0.002730|
|         791|   -9.037280|   -8.487051|    0.325997|    0.002730|
|         792|   -9.051642|   -8.501016|    0.325997|    0.002730|
|         793|   -9.067209|   -8.516179|    0.325997|    0.002730|
|         794|   -9.083952|   -8.532513|    0.325997|    0.002730|
|         795|   -9.101842|   -8.549994|    0.325997|    0.002730|
|         796|   -9.120854|   -8.568597|    0.325997|    0.002730|
|         797|   -9.140962|   -8.588302|    0.325997|    0.002730|
|         798|   -9.162141|   -8.609084|    0.325997|    0.002730|
|         799|   -9.184370|   -8.630924|    0.325997|    0.002730|
|         800|   -9.207625|   -8.653797|    0.325997|    0.002730|
|         801|   -9.231885|   -8.677683|    0.325997|    0.002730|
+-----------------------------------------------------------------------+
|Fixed CL Mode                           |Value                         |
+-----------------------------------------------------------------------+
|Current CL                              |0.325997                      |
|Target CL                               |0.326                         |
|Previous AOA                            |0.696647                      |
|Changed AoA by                          |1.41716e-05                   |
+-----------------------------------------------------------------------+
+----------------------------------------------------------------+
|  Inner_Iter|    rms[Rho]|   rms[RhoE]|          CL|          CD|
+----------------------------------------------------------------+
|         802|   -7.660484|   -7.053829|    0.325997|    0.002730|
|         803|   -7.957510|   -7.347036|    0.325997|    0.002730|
|         804|   -8.199564|   -7.606099|    0.325998|    0.002730|
|         805|   -8.397820|   -7.787707|    0.325998|    0.002730|
|         806|   -8.559252|   -7.960870|    0.325999|    0.002730|
|         807|   -8.654402|   -8.057229|    0.325999|    0.002730|
|         808|   -8.787017|   -8.187110|    0.325999|    0.002730|
|         809|   -8.817263|   -8.215553|    0.325999|    0.002730|
|         810|   -8.870346|   -8.266984|    0.325999|    0.002730|
|         811|   -8.987258|   -8.389914|    0.326000|    0.002730|
|         812|   -9.063818|   -8.475120|    0.326000|    0.002730|
|         813|   -9.089315|   -8.499359|    0.326000|    0.002730|
|         814|   -9.144104|   -8.555157|    0.326000|    0.002730|
|         815|   -9.213432|   -8.632743|    0.326000|    0.002730|
|         816|   -9.248946|   -8.676088|    0.326000|    0.002730|
|         817|   -9.263103|   -8.693590|    0.326000|    0.002730|
|         818|   -9.271914|   -8.705068|    0.326000|    0.002730|
|         819|   -9.273852|   -8.710532|    0.326000|    0.002730|
|         820|   -9.270261|   -8.710874|    0.326000|    0.002730|
|         821|   -9.264005|   -8.708319|    0.326001|    0.002730|
|         822|   -9.255599|   -8.702812|    0.326001|    0.002730|
|         823|   -9.245418|   -8.694526|    0.326001|    0.002730|
|         824|   -9.234736|   -8.685051|    0.326001|    0.002730|
|         825|   -9.224765|   -8.675942|    0.326001|    0.002730|
|         826|   -9.216126|   -8.667924|    0.326001|    0.002730|
|         827|   -9.209018|   -8.661208|    0.326001|    0.002730|
|         828|   -9.203473|   -8.655866|    0.326001|    0.002730|
|         829|   -9.199503|   -8.651976|    0.326001|    0.002730|
|         830|   -9.197130|   -8.649613|    0.326001|    0.002730|
|         831|   -9.196348|   -8.648797|    0.326001|    0.002730|
|         832|   -9.197116|   -8.649486|    0.326001|    0.002730|
|         833|   -9.199382|   -8.651622|    0.326001|    0.002730|
|         834|   -9.203108|   -8.655162|    0.326001|    0.002730|
|         835|   -9.208261|   -8.660079|    0.326001|    0.002730|
|         836|   -9.214811|   -8.666352|    0.326001|    0.002730|
|         837|   -9.222729|   -8.673958|    0.326001|    0.002730|
|         838|   -9.231990|   -8.682880|    0.326001|    0.002730|
|         839|   -9.242566|   -8.693098|    0.326002|    0.002730|
|         840|   -9.254431|   -8.704588|    0.326002|    0.002730|
|         841|   -9.267557|   -8.717328|    0.326002|    0.002730|
|         842|   -9.281917|   -8.731291|    0.326002|    0.002730|
|         843|   -9.297482|   -8.746452|    0.326002|    0.002730|
|         844|   -9.314223|   -8.762784|    0.326002|    0.002730|
|         845|   -9.332111|   -8.780263|    0.326002|    0.002730|
|         846|   -9.351121|   -8.798865|    0.326002|    0.002730|
|         847|   -9.371227|   -8.818567|    0.326002|    0.002730|
|         848|   -9.392406|   -8.839349|    0.326002|    0.002730|
|         849|   -9.414633|   -8.861186|    0.326002|    0.002730|
|         850|   -9.437887|   -8.884059|    0.326002|    0.002730|
|         851|   -9.462145|   -8.907943|    0.326002|    0.002730|
+-----------------------------------------------------------------------+
|Fixed CL Mode                           |Value                         |
+-----------------------------------------------------------------------+
|Current CL                              |0.326002                      |
|Target CL                               |0.326                         |
|Previous AOA                            |0.696661                      |
|Changed AoA by                          |-8.3396e-06                   |
+-----------------------------------------------------------------------+
+----------------------------------------------------------------+
|  Inner_Iter|    rms[Rho]|   rms[RhoE]|          CL|          CD|
+----------------------------------------------------------------+
|         852|   -7.890757|   -7.284103|    0.326002|    0.002730|
|         853|   -8.187784|   -7.577309|    0.326002|    0.002730|
|         854|   -8.429837|   -7.836372|    0.326001|    0.002730|
|         855|   -8.628093|   -8.017980|    0.326001|    0.002730|
|         856|   -8.789525|   -8.191143|    0.326001|    0.002730|
|         857|   -8.884674|   -8.287501|    0.326000|    0.002730|
|         858|   -9.017289|   -8.417383|    0.326000|    0.002730|
|         859|   -9.047535|   -8.445825|    0.326000|    0.002730|
|         860|   -9.100618|   -8.497257|    0.326000|    0.002730|
|         861|   -9.217531|   -8.620187|    0.326000|    0.002730|
|         862|   -9.294091|   -8.705393|    0.326000|    0.002730|
|         863|   -9.319588|   -8.729632|    0.326000|    0.002730|
|         864|   -9.374377|   -8.785430|    0.326000|    0.002730|
|         865|   -9.443705|   -8.863016|    0.326000|    0.002730|
|         866|   -9.479219|   -8.906361|    0.326000|    0.002730|
|         867|   -9.493375|   -8.923862|    0.326000|    0.002730|
|         868|   -9.502185|   -8.935339|    0.326000|    0.002730|
|         869|   -9.504121|   -8.940802|    0.326000|    0.002730|
|         870|   -9.500529|   -8.941143|    0.326000|    0.002730|
|         871|   -9.494272|   -8.938586|    0.326000|    0.002730|
|         872|   -9.485865|   -8.933079|    0.326000|    0.002730|
|         873|   -9.475683|   -8.924792|    0.326000|    0.002730|
|         874|   -9.465000|   -8.915316|    0.326000|    0.002730|
|         875|   -9.455029|   -8.906207|    0.325999|    0.002730|
|         876|   -9.446390|   -8.898189|    0.325999|    0.002730|
|         877|   -9.439283|   -8.891473|    0.325999|    0.002730|
|         878|   -9.433738|   -8.886132|    0.325999|    0.002730|
|         879|   -9.429769|   -8.882242|    0.325999|    0.002730|
|         880|   -9.427397|   -8.879880|    0.325999|    0.002730|
|         881|   -9.426616|   -8.879065|    0.325999|    0.002730|
|         882|   -9.427385|   -8.879755|    0.325999|    0.002730|
|         883|   -9.429652|   -8.881892|    0.325999|    0.002730|
|         884|   -9.433379|   -8.885434|    0.325999|    0.002730|
|         885|   -9.438533|   -8.890352|    0.325999|    0.002730|
|         886|   -9.445085|   -8.896626|    0.325999|    0.002730|
|         887|   -9.453005|   -8.904234|    0.325999|    0.002730|
|         888|   -9.462266|   -8.913157|    0.325999|    0.002730|
|         889|   -9.472844|   -8.923376|    0.325999|    0.002730|
|         890|   -9.484710|   -8.934868|    0.325999|    0.002730|
|         891|   -9.497838|   -8.947609|    0.325999|    0.002730|
|         892|   -9.512200|   -8.961574|    0.325999|    0.002730|
|         893|   -9.527765|   -8.976735|    0.325999|    0.002730|
|         894|   -9.544507|   -8.993069|    0.325999|    0.002730|
|         895|   -9.562397|   -9.010549|    0.325999|    0.002730|
|         896|   -9.581408|   -9.029152|    0.325999|    0.002730|
|         897|   -9.601515|   -9.048855|    0.325999|    0.002730|
|         898|   -9.622694|   -9.069637|    0.325999|    0.002730|
|         899|   -9.644922|   -9.091476|    0.325999|    0.002730|
|         900|   -9.668177|   -9.114349|    0.325999|    0.002730|
|         901|   -9.692436|   -9.138234|    0.325999|    0.002730|
+-----------------------------------------------------------------------+
|Fixed CL Mode                           |Value                         |
+-----------------------------------------------------------------------+
|Current CL                              |0.325999                      |
|Target CL                               |0.326                         |
|Previous AOA                            |0.696653                      |
|Changed AoA by                          |4.90752e-06                   |
+-----------------------------------------------------------------------+
+----------------------------------------------------------------+
|  Inner_Iter|    rms[Rho]|   rms[RhoE]|          CL|          CD|
+----------------------------------------------------------------+
|         902|   -8.121040|   -7.514386|    0.325999|    0.002730|
|         903|   -8.418067|   -7.807593|    0.325999|    0.002730|
|         904|   -8.660120|   -8.066655|    0.325999|    0.002730|
|         905|   -8.858376|   -8.248263|    0.325999|    0.002730|
|         906|   -9.019808|   -8.421426|    0.326000|    0.002730|
|         907|   -9.114958|   -8.517785|    0.326000|    0.002730|
|         908|   -9.247573|   -8.647666|    0.326000|    0.002730|
|         909|   -9.277819|   -8.676109|    0.326000|    0.002730|
|         910|   -9.330902|   -8.727540|    0.326000|    0.002730|
|         911|   -9.447815|   -8.850470|    0.326000|    0.002730|
|         912|   -9.524374|   -8.935676|    0.326000|    0.002730|
|         913|   -9.549871|   -8.959915|    0.326000|    0.002730|
|         914|   -9.604660|   -9.015713|    0.326000|    0.002730|
|         915|   -9.673988|   -9.093299|    0.326000|    0.002730|
|         916|   -9.709503|   -9.136644|    0.326000|    0.002730|
|         917|   -9.723658|   -9.154146|    0.326000|    0.002730|
|         918|   -9.732470|   -9.165624|    0.326000|    0.002730|
|         919|   -9.734407|   -9.171087|    0.326000|    0.002730|
|         920|   -9.730815|   -9.171429|    0.326000|    0.002730|
|         921|   -9.724559|   -9.168873|    0.326000|    0.002730|
|         922|   -9.716152|   -9.163366|    0.326000|    0.002730|
|         923|   -9.705971|   -9.155079|    0.326000|    0.002730|
|         924|   -9.695288|   -9.145604|    0.326000|    0.002730|
|         925|   -9.685317|   -9.136495|    0.326000|    0.002730|
|         926|   -9.676678|   -9.128477|    0.326000|    0.002730|
|         927|   -9.669571|   -9.121760|    0.326000|    0.002730|
|         928|   -9.664026|   -9.116419|    0.326000|    0.002730|
|         929|   -9.660057|   -9.112529|    0.326000|    0.002730|
|         930|   -9.657684|   -9.110166|    0.326000|    0.002730|
|         931|   -9.656902|   -9.109351|    0.326000|    0.002730|
|         932|   -9.657670|   -9.110041|    0.326000|    0.002730|
|         933|   -9.659937|   -9.112177|    0.326000|    0.002730|
|         934|   -9.663664|   -9.115718|    0.326000|    0.002730|
|         935|   -9.668817|   -9.120636|    0.326000|    0.002730|
|         936|   -9.675367|   -9.126908|    0.326000|    0.002730|
|         937|   -9.683286|   -9.134516|    0.326001|    0.002730|
|         938|   -9.692547|   -9.143438|    0.326001|    0.002730|
|         939|   -9.703124|   -9.153656|    0.326001|    0.002730|
|         940|   -9.714990|   -9.165147|    0.326001|    0.002730|
|         941|   -9.728117|   -9.177888|    0.326001|    0.002730|
|         942|   -9.742477|   -9.191851|    0.326001|    0.002730|
|         943|   -9.758043|   -9.207012|    0.326001|    0.002730|
|         944|   -9.774784|   -9.223345|    0.326001|    0.002730|
|         945|   -9.792673|   -9.240824|    0.326001|    0.002730|
|         946|   -9.811683|   -9.259427|    0.326001|    0.002730|
|         947|   -9.831790|   -9.279130|    0.326001|    0.002730|
|         948|   -9.852968|   -9.299911|    0.326001|    0.002730|
|         949|   -9.875196|   -9.321749|    0.326001|    0.002730|
|         950|   -9.898450|   -9.344622|    0.326001|    0.002730|
|         951|   -9.922709|   -9.368507|    0.326001|    0.002730|
+-----------------------------------------------------------------------+
|Fixed CL Mode                           |Value                         |
+-----------------------------------------------------------------------+
|Current CL                              |0.326001                      |
|Target CL                               |0.326                         |
|Previous AOA                            |0.696658                      |
|Changed AoA by                          |-2.88792e-06                  |
+-----------------------------------------------------------------------+
+----------------------------------------------------------------+
|  Inner_Iter|    rms[Rho]|   rms[RhoE]|          CL|          CD|
+----------------------------------------------------------------+
|         952|   -8.351318|   -7.744663|    0.326001|    0.002730|
|         953|   -8.648344|   -8.037870|    0.326001|    0.002730|
|         954|   -8.890397|   -8.296932|    0.326000|    0.002730|
|         955|   -9.088653|   -8.478540|    0.326000|    0.002730|
|         956|   -9.250086|   -8.651703|    0.326000|    0.002730|
|         957|   -9.345235|   -8.748062|    0.326000|    0.002730|
|         958|   -9.477850|   -8.877943|    0.326000|    0.002730|
|         959|   -9.508096|   -8.906386|    0.326000|    0.002730|
|         960|   -9.561179|   -8.957818|    0.326000|    0.002730|
|         961|   -9.678092|   -9.080747|    0.326000|    0.002730|
|         962|   -9.754652|   -9.165953|    0.326000|    0.002730|
|         963|   -9.780148|   -9.190192|    0.326000|    0.002730|
|         964|   -9.834938|   -9.245991|    0.326000|    0.002730|
|         965|   -9.904265|   -9.323577|    0.326000|    0.002730|
|         966|   -9.939780|   -9.366921|    0.326000|    0.002730|
|         967|   -9.953935|   -9.384423|    0.326000|    0.002730|
|         968|   -9.962746|   -9.395900|    0.326000|    0.002730|
|         969|   -9.964683|   -9.401363|    0.326000|    0.002730|
|         970|   -9.961091|   -9.401705|    0.326000|    0.002730|
|         971|   -9.954834|   -9.399148|    0.326000|    0.002730|
|         972|   -9.946427|   -9.393641|    0.326000|    0.002730|
|         973|   -9.936246|   -9.385354|    0.326000|    0.002730|
|         974|   -9.925563|   -9.375878|    0.326000|    0.002730|
|         975|   -9.915592|   -9.366770|    0.326000|    0.002730|
|         976|   -9.906953|   -9.358751|    0.326000|    0.002730|
|         977|   -9.899845|   -9.352035|    0.326000|    0.002730|
|         978|   -9.894301|   -9.346694|    0.326000|    0.002730|
|         979|   -9.890332|   -9.342804|    0.326000|    0.002730|
|         980|   -9.887959|   -9.340442|    0.326000|    0.002730|
|         981|   -9.887178|   -9.339627|    0.326000|    0.002730|
|         982|   -9.887946|   -9.340317|    0.326000|    0.002730|
|         983|   -9.890214|   -9.342453|    0.326000|    0.002730|
|         984|   -9.893940|   -9.345995|    0.326000|    0.002730|
|         985|   -9.899094|   -9.350913|    0.326000|    0.002730|
|         986|   -9.905645|   -9.357186|    0.326000|    0.002730|
|         987|   -9.913565|   -9.364794|    0.326000|    0.002730|
|         988|   -9.922826|   -9.373717|    0.326000|    0.002730|
|         989|   -9.933403|   -9.383935|    0.326000|    0.002730|
|         990|   -9.945269|   -9.395427|    0.326000|    0.002730|
|         991|   -9.958397|   -9.408168|    0.326000|    0.002730|
|         992|   -9.972758|   -9.422132|    0.326000|    0.002730|
|         993|   -9.988323|   -9.437293|    0.326000|    0.002730|
|         994|  -10.005065|   -9.453626|    0.326000|    0.002730|
|         995|  -10.022955|   -9.471106|    0.326000|    0.002730|
|         996|  -10.041965|   -9.489709|    0.326000|    0.002730|
|         997|  -10.062072|   -9.509412|    0.326000|    0.002730|
|         998|  -10.083251|   -9.530194|    0.326000|    0.002730|
|         999|  -10.105479|   -9.552032|    0.326000|    0.002730|
|        1000|  -10.128733|   -9.574905|    0.326000|    0.002730|
+-----------------------------------------------------------------------+
|      Convergence Field     |     Value    |   Criterion  |  Converged |
+-----------------------------------------------------------------------+
|                    rms[Rho]|      -10.1287|         < -13|          No|
+-----------------------------------------------------------------------+
+-----------------------------------------------------------------------+
|        File Writing Summary       |              Filename             |
+-----------------------------------------------------------------------+
|SU2 binary restart                 |restart_flow.dat                   |
Writing Flow Meta-Data file: flow.meta
|Paraview                           |flow.vtu                           |
Writing Flow Meta-Data file: flow.meta
|Paraview surface                   |surface_flow.vtu                   |
Writing Flow Meta-Data file: flow.meta
|CSV file                           |surface_flow.csv                   |
Writing Flow Meta-Data file: flow.meta
+-----------------------------------------------------------------------+
+----------------------------------------------------------------+
|  Inner_Iter|    rms[Rho]|   rms[RhoE]|          CL|          CD|
+----------------------------------------------------------------+
|        1001|  -10.152992|   -9.598790|    0.326000|    0.002736|
+-----------------------------------------------------------------------+
|Fixed CL Mode                           |Value                         |
+-----------------------------------------------------------------------+
|Current CL                              |0.326                         |
|Target CL                               |0.326                         |
|Previous AOA                            |0.696655                      |
|Changed AoA by (Finite Difference step) |0.001                         |
+-----------------------------------------------------------------------+
+----------------------------------------------------------------+
|  Inner_Iter|    rms[Rho]|   rms[RhoE]|          CL|          CD|
+----------------------------------------------------------------+
|        1002|   -5.812068|   -5.205355|    0.326000|    0.002736|
|        1003|   -6.109407|   -5.498875|    0.326007|    0.002736|
|        1004|   -6.352477|   -5.758883|    0.326037|    0.002736|
|        1005|   -6.551772|   -5.941085|    0.326081|    0.002737|
|        1006|   -6.715150|   -6.115851|    0.326120|    0.002738|
|        1007|   -6.812384|   -6.214074|    0.326143|    0.002738|
|        1008|   -6.949201|   -6.347570|    0.326149|    0.002738|
|        1009|   -6.978797|   -6.375539|    0.326151|    0.002738|
|        1010|   -7.031674|   -6.426830|    0.326157|    0.002739|
|        1011|   -7.151067|   -6.552375|    0.326166|    0.002739|
|        1012|   -7.227517|   -6.638445|    0.326176|    0.002739|
|        1013|   -7.249462|   -6.659825|    0.326184|    0.002739|
|        1014|   -7.300833|   -6.712942|    0.326192|    0.002740|
|        1015|   -7.365333|   -6.786562|    0.326198|    0.002740|
|        1016|   -7.395343|   -6.824611|    0.326204|    0.002740|
|        1017|   -7.405546|   -6.838058|    0.326210|    0.002740|
|        1018|   -7.412064|   -6.847151|    0.326215|    0.002740|
|        1019|   -7.413445|   -6.851824|    0.326220|    0.002740|
|        1020|   -7.410717|   -6.852589|    0.326225|    0.002740|
|        1021|   -7.406341|   -6.851354|    0.326230|    0.002740|
|        1022|   -7.400643|   -6.848032|    0.326235|    0.002740|
|        1023|   -7.393764|   -6.842666|    0.326239|    0.002740|
|        1024|   -7.386686|   -6.836562|    0.326244|    0.002740|
|        1025|   -7.380398|   -6.831014|    0.326248|    0.002740|
|        1026|   -7.375385|   -6.826565|    0.326252|    0.002739|
|        1027|   -7.371774|   -6.823320|    0.326256|    0.002739|
|        1028|   -7.369566|   -6.821304|    0.326260|    0.002739|
|        1029|   -7.368765|   -6.820580|    0.326264|    0.002739|
|        1030|   -7.369393|   -6.821228|    0.326267|    0.002739|
|        1031|   -7.371451|   -6.823269|    0.326270|    0.002739|
|        1032|   -7.374900|   -6.826664|    0.326273|    0.002739|
|        1033|   -7.379695|   -6.831353|    0.326276|    0.002739|
|        1034|   -7.385805|   -6.837301|    0.326279|    0.002739|
|        1035|   -7.393208|   -6.844488|    0.326281|    0.002739|
|        1036|   -7.401885|   -6.852905|    0.326284|    0.002739|
|        1037|   -7.411820|   -6.862540|    0.326286|    0.002739|
|        1038|   -7.422997|   -6.873390|    0.326288|    0.002739|
|        1039|   -7.435404|   -6.885447|    0.326289|    0.002739|
|        1040|   -7.449022|   -6.898698|    0.326291|    0.002739|
|        1041|   -7.463833|   -6.913129|    0.326292|    0.002739|
|        1042|   -7.479812|   -6.928719|    0.326294|    0.002739|
|        1043|   -7.496935|   -6.945444|    0.326295|    0.002740|
|        1044|   -7.515173|   -6.963279|    0.326296|    0.002740|
|        1045|   -7.534496|   -6.982196|    0.326296|    0.002740|
|        1046|   -7.554874|   -7.002170|    0.326297|    0.002740|
|        1047|   -7.576278|   -7.023173|    0.326298|    0.002740|
|        1048|   -7.598680|   -7.045179|    0.326298|    0.002740|
|        1049|   -7.622050|   -7.068162|    0.326299|    0.002740|
|        1050|   -7.646362|   -7.092095|    0.326299|    0.002740|
|        1051|   -7.671588|   -7.116952|    0.326299|    0.002740|
|        1052|   -7.697699|   -7.142703|    0.326300|    0.002740|
|        1053|   -7.724666|   -7.169319|    0.326300|    0.002740|
|        1054|   -7.752460|   -7.196767|    0.326300|    0.002740|
|        1055|   -7.781051|   -7.225016|    0.326300|    0.002740|
|        1056|   -7.810412|   -7.254036|    0.326300|    0.002740|
|        1057|   -7.840518|   -7.283804|    0.326300|    0.002740|
|        1058|   -7.871352|   -7.314302|    0.326300|    0.002740|
|        1059|   -7.902902|   -7.345522|    0.326300|    0.002740|
|        1060|   -7.935163|   -7.377464|    0.326300|    0.002740|
|        1061|   -7.968140|   -7.410140|    0.326300|    0.002739|
|        1062|   -8.001843|   -7.443566|    0.326300|    0.002739|
|        1063|   -8.036284|   -7.477764|    0.326299|    0.002739|
|        1064|   -8.071477|   -7.512752|    0.326299|    0.002739|
|        1065|   -8.107423|   -7.548536|    0.326299|    0.002739|
|        1066|   -8.144110|   -7.585106|    0.326299|    0.002739|
|        1067|   -8.181494|   -7.622417|    0.326298|    0.002739|
|        1068|   -8.219493|   -7.660381|    0.326298|    0.002739|
|        1069|   -8.257973|   -7.698860|    0.326298|    0.002739|
|        1070|   -8.296737|   -7.737650|    0.326297|    0.002739|
|        1071|   -8.335517|   -7.776483|    0.326297|    0.002739|
|        1072|   -8.373973|   -7.815017|    0.326297|    0.002739|
|        1073|   -8.411687|   -7.852846|    0.326296|    0.002739|
|        1074|   -8.448183|   -7.889514|    0.326296|    0.002739|
|        1075|   -8.482952|   -7.924539|    0.326296|    0.002739|
|        1076|   -8.515485|   -7.957452|    0.326296|    0.002739|
|        1077|   -8.545327|   -7.987833|    0.326295|    0.002739|
|        1078|   -8.572121|   -8.015351|    0.326295|    0.002739|
|        1079|   -8.595653|   -8.039791|    0.326295|    0.002739|
|        1080|   -8.615873|   -8.061076|    0.326295|    0.002739|
|        1081|   -8.632894|   -8.079262|    0.326295|    0.002739|
|        1082|   -8.646974|   -8.094531|    0.326294|    0.002739|
|        1083|   -8.658476|   -8.107166|    0.326294|    0.002739|
|        1084|   -8.667835|   -8.117530|    0.326294|    0.002739|
|        1085|   -8.675510|   -8.126033|    0.326294|    0.002739|
|        1086|   -8.681963|   -8.133112|    0.326294|    0.002739|
|        1087|   -8.687630|   -8.139199|    0.326294|    0.002739|
|        1088|   -8.692907|   -8.144710|    0.326294|    0.002739|
|        1089|   -8.698147|   -8.150025|    0.326294|    0.002739|
|        1090|   -8.703653|   -8.155482|    0.326294|    0.002739|
|        1091|   -8.709682|   -8.161371|    0.326294|    0.002739|
|        1092|   -8.716444|   -8.167932|    0.326294|    0.002739|
|        1093|   -8.724108|   -8.175360|    0.326294|    0.002739|
|        1094|   -8.732805|   -8.183801|    0.326294|    0.002739|
|        1095|   -8.742633|   -8.193365|    0.326294|    0.002739|
|        1096|   -8.753663|   -8.204127|    0.326294|    0.002739|
|        1097|   -8.765942|   -8.216133|    0.326294|    0.002739|
|        1098|   -8.779500|   -8.229410|    0.326294|    0.002739|
|        1099|   -8.794355|   -8.243971|    0.326294|    0.002739|
|        1100|   -8.810522|   -8.259824|    0.326294|    0.002739|
|        1101|   -8.828011|   -8.276975|    0.326294|    0.002739|
|        1102|   -8.846832|   -8.295429|    0.326294|    0.002739|
|        1103|   -8.866997|   -8.315194|    0.326294|    0.002739|
|        1104|   -8.888514|   -8.336278|    0.326294|    0.002739|
|        1105|   -8.911390|   -8.358688|    0.326294|    0.002739|
|        1106|   -8.935625|   -8.382425|    0.326294|    0.002739|
|        1107|   -8.961211|   -8.407487|    0.326294|    0.002739|
|        1108|   -8.988126|   -8.433858|    0.326294|    0.002739|
|        1109|   -9.016327|   -8.461507|    0.326294|    0.002739|
|        1110|   -9.045741|   -8.490372|    0.326294|    0.002739|
|        1111|   -9.076249|   -8.520350|    0.326294|    0.002739|
|        1112|   -9.107658|   -8.551268|    0.326295|    0.002739|
|        1113|   -9.139695|   -8.582879|    0.326295|    0.002739|
|        1114|   -9.171965|   -8.614818|    0.326295|    0.002739|
|        1115|   -9.203929|   -8.646584|    0.326295|    0.002739|
|        1116|   -9.234881|   -8.677514|    0.326295|    0.002739|
|        1117|   -9.263955|   -8.706790|    0.326295|    0.002739|
|        1118|   -9.290183|   -8.733484|    0.326295|    0.002739|
|        1119|   -9.312618|   -8.756666|    0.326295|    0.002739|
|        1120|   -9.330468|   -8.775520|    0.326295|    0.002739|
|        1121|   -9.343270|   -8.789515|    0.326295|    0.002739|
|        1122|   -9.350994|   -8.798517|    0.326295|    0.002739|
|        1123|   -9.354050|   -8.802824|    0.326296|    0.002739|
|        1124|   -9.353192|   -8.803093|    0.326296|    0.002739|
|        1125|   -9.349352|   -8.800193|    0.326296|    0.002739|
|        1126|   -9.343484|   -8.795056|    0.326296|    0.002739|
|        1127|   -9.336455|   -8.788552|    0.326296|    0.002739|
|        1128|   -9.328987|   -8.781426|    0.326296|    0.002739|
|        1129|   -9.321643|   -8.774272|    0.326296|    0.002739|
|        1130|   -9.314844|   -8.767542|    0.326296|    0.002739|
|        1131|   -9.308890|   -8.761563|    0.326296|    0.002739|
|        1132|   -9.303987|   -8.756564|    0.326296|    0.002739|
|        1133|   -9.300269|   -8.752697|    0.326296|    0.002739|
|        1134|   -9.297821|   -8.750061|    0.326296|    0.002739|
|        1135|   -9.296686|   -8.748711|    0.326296|    0.002739|
|        1136|   -9.296886|   -8.748676|    0.326296|    0.002739|
|        1137|   -9.298422|   -8.749962|    0.326296|    0.002739|
|        1138|   -9.301283|   -8.752564|    0.326296|    0.002739|
|        1139|   -9.305452|   -8.756468|    0.326296|    0.002739|
|        1140|   -9.310906|   -8.761652|    0.326296|    0.002739|
|        1141|   -9.317620|   -8.768093|    0.326296|    0.002739|
|        1142|   -9.325568|   -8.775765|    0.326296|    0.002739|
|        1143|   -9.334721|   -8.784642|    0.326296|    0.002739|
|        1144|   -9.345054|   -8.794698|    0.326297|    0.002739|
|        1145|   -9.356542|   -8.805908|    0.326297|    0.002739|
|        1146|   -9.369159|   -8.818246|    0.326297|    0.002739|
|        1147|   -9.382882|   -8.831690|    0.326297|    0.002739|
|        1148|   -9.397689|   -8.846216|    0.326297|    0.002739|
|        1149|   -9.413559|   -8.861805|    0.326297|    0.002739|
|        1150|   -9.430473|   -8.878437|    0.326297|    0.002739|
|        1151|   -9.448414|   -8.896094|    0.326297|    0.002739|
|        1152|   -9.467365|   -8.914760|    0.326297|    0.002739|
|        1153|   -9.487313|   -8.934419|    0.326297|    0.002739|
|        1154|   -9.508244|   -8.955060|    0.326297|    0.002739|
|        1155|   -9.530150|   -8.976672|    0.326297|    0.002739|
|        1156|   -9.553021|   -8.999246|    0.326297|    0.002739|
|        1157|   -9.576852|   -9.022776|    0.326297|    0.002739|
|        1158|   -9.601640|   -9.047258|    0.326297|    0.002739|
|        1159|   -9.627384|   -9.072691|    0.326297|    0.002739|
|        1160|   -9.654086|   -9.099075|    0.326297|    0.002739|
|        1161|   -9.681751|   -9.126415|    0.326297|    0.002739|
|        1162|   -9.710387|   -9.154719|    0.326297|    0.002739|
|        1163|   -9.740004|   -9.183995|    0.326297|    0.002739|
|        1164|   -9.770618|   -9.214257|    0.326297|    0.002739|
|        1165|   -9.802246|   -9.245522|    0.326297|    0.002739|
|        1166|   -9.834911|   -9.277812|    0.326297|    0.002739|
|        1167|   -9.868638|   -9.311150|    0.326297|    0.002739|
|        1168|   -9.903457|   -9.345563|    0.326297|    0.002739|
|        1169|   -9.939397|   -9.381081|    0.326297|    0.002739|
|        1170|   -9.976487|   -9.417730|    0.326297|    0.002739|
|        1171|  -10.014753|   -9.455533|    0.326297|    0.002739|
|        1172|  -10.054214|   -9.494510|    0.326297|    0.002739|
|        1173|  -10.094875|   -9.534668|    0.326297|    0.002739|
|        1174|  -10.136727|   -9.576000|    0.326297|    0.002739|
|        1175|  -10.179729|   -9.618475|    0.326297|    0.002739|
|        1176|  -10.223795|   -9.662019|    0.326297|    0.002739|
|        1177|  -10.268773|   -9.706496|    0.326297|    0.002739|
|        1178|  -10.314406|   -9.751681|    0.326297|    0.002739|
|        1179|  -10.360297|   -9.797220|    0.326297|    0.002739|
|        1180|  -10.405862|   -9.842589|    0.326297|    0.002739|
|        1181|  -10.450289|   -9.887055|    0.326297|    0.002739|
|        1182|  -10.492526|   -9.929658|    0.326297|    0.002739|
|        1183|  -10.531329|   -9.969244|    0.326297|    0.002739|
|        1184|  -10.565407|  -10.004569|    0.326297|    0.002739|
|        1185|  -10.593658|  -10.034503|    0.326297|    0.002739|
|        1186|  -10.615447|  -10.058287|    0.326297|    0.002739|
|        1187|  -10.630791|  -10.075739|    0.326297|    0.002739|
|        1188|  -10.640358|  -10.087314|    0.326297|    0.002739|
|        1189|  -10.645285|  -10.093976|    0.326297|    0.002739|
|        1190|  -10.646899|  -10.096966|    0.326297|    0.002739|
|        1191|  -10.646486|  -10.097553|    0.326297|    0.002739|
|        1192|  -10.645143|  -10.096869|    0.326297|    0.002739|
|        1193|  -10.643735|  -10.095835|    0.326297|    0.002739|
|        1194|  -10.642898|  -10.095149|    0.326297|    0.002739|
|        1195|  -10.643083|  -10.095316|    0.326297|    0.002739|
|        1196|  -10.644595|  -10.096683|    0.326297|    0.002739|
|        1197|  -10.647631|  -10.099484|    0.326297|    0.002739|
|        1198|  -10.652319|  -10.103868|    0.326297|    0.002739|
|        1199|  -10.658731|  -10.109927|    0.326297|    0.002739|
|        1200|  -10.666907|  -10.117713|    0.326297|    0.002739|
|        1201|  -10.676867|  -10.127254|    0.326297|    0.002739|
|        1202|  -10.688615|  -10.138561|    0.326297|    0.002739|
|        1203|  -10.702150|  -10.151634|    0.326297|    0.002739|
|        1204|  -10.717468|  -10.166473|    0.326297|    0.002739|
|        1205|  -10.734564|  -10.183074|    0.326297|    0.002739|
|        1206|  -10.753437|  -10.201436|    0.326297|    0.002739|
|        1207|  -10.774089|  -10.221558|    0.326297|    0.002739|
|        1208|  -10.796520|  -10.243441|    0.326297|    0.002739|
|        1209|  -10.820734|  -10.267085|    0.326297|    0.002739|
|        1210|  -10.846727|  -10.292484|    0.326297|    0.002739|
|        1211|  -10.874489|  -10.319627|    0.326297|    0.002739|
|        1212|  -10.904000|  -10.348492|    0.326297|    0.002739|
|        1213|  -10.935221|  -10.379041|    0.326297|    0.002739|
|        1214|  -10.968086|  -10.411212|    0.326297|    0.002739|
|        1215|  -11.002487|  -10.444904|    0.326297|    0.002739|
|        1216|  -11.038249|  -10.479957|    0.326297|    0.002739|
|        1217|  -11.075100|  -10.516119|    0.326297|    0.002739|
|        1218|  -11.112625|  -10.553009|    0.326297|    0.002739|
|        1219|  -11.150211|  -10.590067|    0.326297|    0.002739|
|        1220|  -11.187006|  -10.626511|    0.326297|    0.002739|
|        1221|  -11.221882|  -10.661305|    0.326297|    0.002739|
|        1222|  -11.253480|  -10.693192|    0.326297|    0.002739|
|        1223|  -11.280344|  -10.720795|    0.326297|    0.002739|
|        1224|  -11.301177|  -10.742834|    0.326297|    0.002739|
|        1225|  -11.315160|  -10.758417|    0.326297|    0.002739|
|        1226|  -11.322192|  -10.767275|    0.326297|    0.002739|
|        1227|  -11.322917|  -10.769846|    0.326297|    0.002739|
|        1228|  -11.318526|  -10.767140|    0.326297|    0.002739|
|        1229|  -11.310438|  -10.760462|    0.326297|    0.002739|
|        1230|  -11.300025|  -10.751145|    0.326297|    0.002739|
|        1231|  -11.288447|  -10.740361|    0.326297|    0.002739|
|        1232|  -11.276595|  -10.729045|    0.326297|    0.002739|
|        1233|  -11.265111|  -10.717886|    0.326297|    0.002739|
|        1234|  -11.254428|  -10.707368|    0.326297|    0.002739|
|        1235|  -11.244826|  -10.697812|    0.326297|    0.002739|
|        1236|  -11.236473|  -10.689417|    0.326297|    0.002739|
|        1237|  -11.229463|  -10.682300|    0.326297|    0.002739|
|        1238|  -11.223835|  -10.676520|    0.326297|    0.002739|
|        1239|  -11.219599|  -10.672100|    0.326297|    0.002739|
|        1240|  -11.216741|  -10.669036|    0.326297|    0.002739|
|        1241|  -11.215237|  -10.667310|    0.326297|    0.002739|
|        1242|  -11.215057|  -10.666897|    0.326297|    0.002739|
|        1243|  -11.216166|  -10.667766|    0.326297|    0.002739|
|        1244|  -11.218530|  -10.669886|    0.326297|    0.002739|
|        1245|  -11.222117|  -10.673225|    0.326297|    0.002739|
|        1246|  -11.226896|  -10.677753|    0.326297|    0.002739|
|        1247|  -11.232837|  -10.683442|    0.326297|    0.002739|
|        1248|  -11.239916|  -10.690268|    0.326297|    0.002739|
|        1249|  -11.248111|  -10.698207|    0.326297|    0.002734|
+-----------------------------------------------------------------------+
|Fixed CL Mode (Finite Difference)       |Value                         |
+-----------------------------------------------------------------------+
|Delta CL / Delta AoA                    |0.296954                      |
|Delta CD / Delta CL                     |0.0314855                     |
|Delta CMz / Delta CL                    |0.09891                       |
+-----------------------------------------------------------------------+
Writing Flow Meta-Data file: flow.meta

----------------------------- Solver Exit -------------------------------

Maximum number of iterations reached (ITER = 1250) before convergence.
+-----------------------------------------------------------------------+
|      Convergence Field     |     Value    |   Criterion  |  Converged |
+-----------------------------------------------------------------------+
|                    rms[Rho]|      -11.2481|         < -13|          No|
+-----------------------------------------------------------------------+
-------------------------------------------------------------------------

--------------------------- Finalizing Solver ---------------------------
Deleted CNumerics container.
Deleted CIntegration container.
Deleted CSolver container.
Deleted CIteration container.
Deleted CInterface container.
Deleted CGeometry container.
Deleted CFreeFormDefBox class.
Deleted CSurfaceMovement class.
Deleted CVolumetricMovement class.
Deleted CConfig container.
Deleted nInst container.
Deleted COutput class.
-------------------------------------------------------------------------

------------------------- Exit Success (SU2_CFD) ------------------------

