"Time_Iter","Outer_Iter","Inner_Iter",    "rms[Rho]"    ,    "rms[RhoU]"   ,    "rms[RhoV]"   ,    "rms[RhoE]"   ,    "RefForce"    ,       "CD"       ,       "CL"       ,       "CSF"      ,       "CMx"      ,       "CMy"      ,       "CMz"      ,       "CFx"      ,       "CFy"      ,       "CFz"      ,      "CEff"      
          0,           0,           0,      -5.588074165,      -5.522652262,        -6.3774292,      -4.991693802,             0.448,    0.002960454841,      0.3258186818,                 0,                 0,                 0,     0.05450327187,  -0.0007689453317,      0.3258312238,                 0,       110.0569673
          0,           0,           1,      -5.890033368,      -5.750525247,      -5.741112526,      -5.289925632,             0.448,     0.00246841928,      0.3265812908,                 0,                 0,                 0,     0.05453598422,   -0.001269677218,      0.3265881512,                 0,       132.3038162
          0,           0,           2,      -5.812875934,      -5.825365181,      -5.872486912,      -5.228762783,             0.448,    0.002362175262,      0.3272264514,                 0,                 0,                 0,     0.05490922338,   -0.001383298559,      0.3272320536,                 0,       138.5275922
          0,           0,           3,      -5.803514622,      -5.894865534,      -5.813070167,      -5.219769523,             0.448,     0.00234415633,      0.3272876389,                 0,                 0,                 0,     0.05501983636,   -0.001402016641,      0.3272930308,                 0,       139.6185206
          0,           0,           4,       -5.75452461,      -5.853337546,      -5.786787016,      -5.175735551,             0.448,    0.002299903143,      0.3276827785,                 0,                 0,                 0,     0.05525556764,   -0.001450789558,       0.327687638,                 0,       142.4767732
          0,           0,           5,      -5.743608025,      -5.897624289,      -5.821740357,      -5.170667891,             0.448,    0.002248965047,      0.3280677778,                 0,                 0,                 0,     0.05541742654,   -0.001506130884,       0.328072029,                 0,       145.8750007
          0,           0,           6,      -5.729291087,      -5.935964939,      -5.855184998,      -5.157459041,             0.448,    0.002224963014,      0.3284470937,                 0,                 0,                 0,     0.05555062837,   -0.001534472861,      0.3284510454,                 0,       147.6191252
          0,           0,           7,      -5.711326757,      -5.920819945,        -5.8543098,      -5.140743717,             0.448,    0.002214742094,      0.3288596435,                 0,                 0,                 0,      0.0556948792,   -0.001549415012,      0.3288634512,                 0,       148.4866542
          0,           0,           8,      -5.706991832,      -5.934018195,      -5.863478368,      -5.140682131,             0.448,    0.002202940052,      0.3292630884,                 0,                 0,                 0,     0.05580451345,    -0.00156583397,      0.3292667346,                 0,       149.4652967
          0,           0,           9,      -5.706613203,      -5.983953695,      -5.894589809,      -5.144639213,             0.448,    0.002189658092,      0.3296515485,                 0,                 0,                 0,      0.0558809528,   -0.001583561237,      0.3296550172,                 0,       150.5493253
          0,           0,          10,      -5.701813922,       -6.03130374,       -5.92240458,      -5.142255039,             0.448,    0.002180750223,      0.3300280281,                 0,                 0,                 0,     0.05593985275,   -0.001596777577,      0.3300313702,                 0,       151.3369228
          0,           0,          11,      -5.697400549,      -6.051744843,      -5.937714179,      -5.139016222,             0.448,    0.002177479543,      0.3303916051,                 0,                 0,                 0,     0.05598615322,   -0.001604209417,      0.3303948859,                 0,       151.7312097
          0,           0,          12,      -5.694704276,      -6.048810137,       -5.95555491,      -5.136799298,             0.448,    0.002176861644,      0.3307383071,                 0,                 0,                 0,     0.05601953377,   -0.001608795505,      0.3307415582,                 0,       151.9335453
          0,           0,          13,      -5.692822411,      -6.044574426,      -5.979380585,      -5.135324971,             0.448,    0.002176640787,      0.3310642597,                 0,                 0,                 0,     0.05604065218,   -0.001612747087,      0.3310674868,                 0,       152.0987118
          0,           0,          14,      -5.691273627,      -6.050097031,       -6.00197322,      -5.134524976,             0.448,    0.002176455036,       0.331367238,                 0,                 0,                 0,     0.05605126407,   -0.001616400608,      0.3313704432,                 0,          152.2509
          0,           0,          15,      -5.690583334,      -6.062996468,      -6.019717458,      -5.134749494,             0.448,    0.002176631373,      0.3316473027,                 0,                 0,                 0,     0.05605353159,   -0.001619429806,      0.3316504916,                 0,       152.3672344
          0,           0,          16,      -5.691346206,      -6.076529182,      -6.035542618,      -5.136234772,             0.448,    0.002177210168,      0.3319065049,                 0,                 0,                 0,     0.05605006971,   -0.001621817786,      0.3319096835,                 0,       152.4457812
          0,           0,          17,      -5.693294182,       -6.08647247,      -6.052692452,      -5.138604802,             0.448,    0.002177860968,      0.3321474695,                 0,                 0,                 0,     0.05604335532,   -0.001623925024,      0.3321506397,                 0,       152.5108693
          0,           0,          18,      -5.695761349,      -6.093150899,      -6.072131116,       -5.14133162,             0.448,    0.002178269606,      0.3323708422,                 0,                 0,                 0,     0.05603479483,   -0.001626073059,      0.3323740025,                 0,       152.5848046
          0,           0,          19,      -5.698459378,      -6.099640271,       -6.09337864,      -5.144295198,             0.448,    0.002178302888,      0.3325778135,                 0,                 0,                 0,     0.05602519694,     -0.0016284087,      0.3325809606,                 0,       152.6774882
          0,           0,          20,      -5.701613942,      -6.108347451,      -6.115789629,      -5.147789953,             0.448,    0.002178061958,      0.3327698916,                 0,                 0,                 0,     0.05601531607,   -0.001630848072,      0.3327730233,                 0,       152.7825645
          0,           0,          21,      -5.705626272,      -6.119588072,      -6.138002247,      -5.152151432,             0.448,    0.002177732062,      0.3329483407,                 0,                 0,                 0,     0.05600589464,   -0.001633220413,       0.332951457,                 0,       152.8876516
          0,           0,          22,      -5.710499414,      -6.131897502,      -6.157557424,      -5.157312153,             0.448,    0.002177500641,      0.3331147612,                 0,                 0,                 0,     0.05599778299,   -0.001635356609,      0.3331178639,                 0,       152.9803275
          0,           0,          23,      -5.716324884,      -6.144200154,      -6.172520296,       -5.16330231,             0.448,    0.002177501607,      0.3332706526,                 0,                 0,                 0,     0.05599168582,   -0.001637139922,      0.3332737451,                 0,       153.0518515
          0,           0,          24,      -5.723423584,      -6.156792888,      -6.183263863,      -5.170426262,             0.448,    0.002177835648,      0.3334172518,                 0,                 0,                 0,     0.05598809073,   -0.001638483825,      0.3334203386,                 0,       153.0956902
          0,           0,          25,      -5.731719117,      -6.170917202,      -6.191681566,      -5.178648568,             0.448,    0.002178537008,      0.3335564061,                 0,                 0,                 0,     0.05598736125,   -0.001639375223,      0.3335594918,                 0,       153.1102777
          0,           0,          26,      -5.741162293,      -6.187863449,       -6.20116865,      -5.187952659,             0.448,     0.00217957864,      0.3336887991,                 0,                 0,                 0,     0.05598940916,   -0.001639848982,      0.3336918879,                 0,       153.0978479
          0,           0,          27,      -5.751597148,       -6.20814702,      -6.213818362,      -5.198249053,             0.448,    0.002180911237,      0.3338149068,                 0,                 0,                 0,     0.05599402488,   -0.001639959857,      0.3338180026,                 0,       153.0621243
          0,           0,          28,      -5.762869491,      -6.231449896,      -6.229806683,      -5.209430102,             0.448,    0.002182530115,      0.3339358018,                 0,                 0,                 0,     0.05600124121,   -0.001639724807,      0.3339389083,                 0,       153.0039836
          0,           0,          29,      -5.774938151,       -6.25686545,      -6.248128984,      -5.221435743,             0.448,    0.002184366011,      0.3340522804,                 0,                 0,                 0,     0.05601093118,   -0.001639222205,      0.3340554003,                 0,       152.9287119
          0,           0,          30,      -5.787751215,      -6.283244615,      -6.267356594,      -5.234169956,             0.448,     0.00218632053,      0.3341650726,                 0,                 0,                 0,     0.05602292431,   -0.001638558793,      0.3341682074,                 0,       152.8435872
          0,           0,          31,      -5.801236921,      -6.309519227,      -6.286203262,      -5.247531466,             0.448,    0.002188276976,      0.3342747745,                 0,                 0,                 0,     0.05603700424,   -0.001637858085,      0.3342779245,                 0,       152.7570678
          0,           0,          32,      -5.815355017,      -6.334956837,      -6.303945285,      -5.261471895,             0.448,     0.00219013486,      0.3343820426,                 0,                 0,                 0,     0.05605300534,   -0.001637228076,      0.3343852069,                 0,       152.6764624
          0,           0,          33,      -5.830016301,       -6.35925481,      -6.320589252,      -5.275904682,             0.448,    0.002191787833,      0.3344873519,                 0,                 0,                 0,     0.05607069879,   -0.001636780545,      0.3344905282,                 0,       152.6093662
          0,           0,          34,       -5.84515169,       -6.38254146,      -6.336663133,       -5.29077814,             0.448,    0.002193138031,      0.3345910266,                 0,                 0,                 0,     0.05608981809,   -0.001636617059,      0.3345942116,                 0,        152.562685
          0,           0,          35,      -5.860701101,      -6.405306375,      -6.352912757,      -5.306060056,             0.448,    0.002194112804,      0.3346932917,                 0,                 0,                 0,     0.05611008889,    -0.00163681284,      0.3346964811,                 0,       152.5415152
          0,           0,          36,      -5.876616469,      -6.428176598,      -6.370018636,      -5.321730184,             0.448,    0.002194669207,      0.3347940231,                 0,                 0,                 0,     0.05613116682,    -0.00163740941,      0.3347972123,                 0,       152.5487404
          0,           0,          37,      -5.892860479,      -6.451745489,      -6.388526935,       -5.33776686,             0.448,    0.002194863922,      0.3348937316,                 0,                 0,                 0,     0.05615300589,   -0.001638355936,      0.3348969165,                 0,       152.5806353
          0,           0,          38,      -5.909403771,       -6.47607633,      -6.408601087,      -5.354161744,             0.448,    0.002194697351,      0.3349924255,                 0,                 0,                 0,     0.05617529389,   -0.001639652112,       0.334995602,                 0,        152.637185
          0,           0,          39,      -5.926292407,       -6.50073171,      -6.429613803,      -5.370970237,             0.448,    0.002194142039,      0.3350895157,                 0,                 0,                 0,     0.05619750575,   -0.001641318648,      0.3350926796,                 0,       152.7200654
          0,           0,          40,      -5.943508841,      -6.525531668,        -6.4514029,      -5.388144521,             0.448,     0.00219330537,      0.3351849539,                 0,                 0,                 0,     0.05621950007,   -0.001643247614,      0.3351881018,                 0,       152.8218362
          0,           0,          41,       -5.96116785,      -6.550339973,      -6.474006926,      -5.405798092,             0.448,    0.002192325844,      0.3352789449,                 0,                 0,                 0,     0.05624123815,   -0.001645302864,      0.3352820755,                 0,       152.9329893
          0,           0,          42,       -5.97907712,      -6.574946329,      -6.496761174,      -5.423716732,             0.448,    0.002191269206,      0.3353711989,                 0,                 0,                 0,     0.05626242165,    -0.00164741534,      0.3353743113,                 0,       153.0488349
          0,           0,          43,      -5.997149699,      -6.599143339,      -6.519020776,      -5.441802313,             0.448,    0.002190215003,      0.3354614545,                 0,                 0,                 0,     0.05628283366,   -0.001649502508,       0.335464549,                 0,       153.1637095
          0,           0,          44,      -6.015342978,      -6.622705669,      -6.540445713,      -5.460011614,             0.448,    0.002189256399,      0.3355495021,                 0,                 0,                 0,     0.05630235374,   -0.001651468811,      0.3355525799,                 0,        153.270993
          0,           0,          45,      -6.033594614,      -6.645506803,       -6.56101173,      -5.478281096,             0.448,     0.00218847752,      0.3356350708,                 0,                 0,                 0,     0.05632087406,   -0.001653227027,       0.335638134,                 0,       153.3646417
          0,           0,          46,      -6.051859435,      -6.667649384,      -6.580855608,      -5.496569769,             0.448,    0.002187956396,      0.3357179537,                 0,                 0,                 0,     0.05633834404,   -0.001654696767,      0.3357210056,                 0,       153.4390513
          0,           0,          47,      -6.070094836,      -6.689235334,      -6.600157093,      -5.514839215,             0.448,    0.002187751801,      0.3357979896,                 0,                 0,                 0,     0.05635474963,   -0.001655817411,      0.3358010339,                 0,       153.4899843
          0,           0,          48,       -6.08826812,      -6.710181202,      -6.619029046,      -5.533058093,             0.448,    0.002187898512,      0.3358750496,                 0,                 0,                 0,     0.05637010484,   -0.001656552711,      0.3358780905,                 0,       153.5149129
          0,           0,          49,      -6.106357513,      -6.730241646,      -6.637475415,      -5.551206659,             0.448,    0.002188408042,      0.3359490131,                 0,                 0,                 0,     0.05638444003,   -0.001656889775,      0.3359520549,                 0,       153.5129677
          0,           0,          50,      -6.124343823,      -6.749021332,      -6.655417387,      -5.569268271,             0.448,    0.002189272133,      0.3360197907,                 0,                 0,                 0,     0.05639780177,   -0.001656835836,      0.3360228379,                 0,       153.4847065
          0,           0,          51,      -6.142204213,      -6.766025634,       -6.67276112,      -5.587219449,             0.448,    0.001896589465,       0.336089124,                 0,                 0,                 0,     0.05641024848,   -0.001656418919,      0.3360903935,                 0,       177.2071026
          0,           0,          52,      -4.112179474,      -4.083290569,      -3.914330316,      -3.505494016,             0.448,    0.001897888046,      0.3361349507,                 0,                 0,                 0,     0.05641777586,    -0.00165560486,      0.3361362314,                 0,       177.1099995
          0,           0,          53,      -4.409650123,      -4.347633112,      -4.191840406,       -3.79908189,             0.448,    0.001896674806,      0.3358240381,                 0,                 0,                 0,      0.0563359654,   -0.001653531278,      0.3358253233,                 0,       177.0593657
          0,           0,          54,      -4.652616958,      -4.518142034,      -4.616268218,      -4.058989952,             0.448,    0.001877589291,      0.3344169656,                 0,                 0,                 0,     0.05596613213,   -0.001657741127,      0.3344181277,                 0,       178.1097534
          0,           0,          55,      -4.851823168,      -4.658040095,       -4.85168034,      -4.241175196,             0.448,    0.001844692889,      0.3322622667,                 0,                 0,                 0,     0.05545282022,     -0.0016678577,      0.3322632014,                 0,       180.1179311
          0,           0,          56,      -5.014688555,      -4.856153922,      -4.917301808,      -4.415504539,             0.448,     0.00182630772,      0.3303237136,                 0,                 0,                 0,     0.05509999171,   -0.001665748795,      0.3303245623,                 0,       180.8696913
          0,           0,          57,      -5.111881355,      -4.963400909,      -5.042923914,      -4.513678789,             0.448,    0.001813168033,      0.3292204401,                 0,                 0,                 0,     0.05503196804,   -0.001667224702,      0.3292212116,                 0,       181.5719415
          0,           0,          58,      -5.248500795,      -5.057272043,      -5.175762084,      -4.647008192,             0.448,    0.001806012443,      0.3289506522,                 0,                 0,                 0,     0.05518905119,    -0.00167152788,       0.328951363,                 0,       182.1419634
          0,           0,          59,      -5.278544307,      -5.087939942,       -5.24144176,      -4.675291301,             0.448,    0.001800919444,      0.3289339663,                 0,                 0,                 0,      0.0553746197,   -0.001676444203,      0.3289346242,                 0,       182.6477955
          0,           0,          60,        -5.3325907,      -5.151763031,      -5.285126299,      -4.727496993,             0.448,    0.001786506504,      0.3286704295,                 0,                 0,                 0,     0.05546542263,   -0.001688070409,      0.3286709498,                 0,        183.973822
          0,           0,          61,      -5.455206101,      -5.281737202,      -5.375636016,      -4.855665099,             0.448,    0.001772654483,      0.3282155304,                 0,                 0,                 0,     0.05549500044,   -0.001697112775,      0.3282159297,                 0,       185.1548249
          0,           0,          62,      -5.535953932,      -5.371445772,      -5.494622488,      -4.945366217,             0.448,    0.001763389981,      0.3277688372,                 0,                 0,                 0,     0.05551773958,   -0.001701654628,      0.3277691635,                 0,       185.8742767
          0,           0,          63,      -5.561453591,      -5.410058003,       -5.55864704,      -4.969465344,             0.448,    0.001755188273,      0.3273799711,                 0,                 0,                 0,     0.05554002507,   -0.001705745053,      0.3273802325,                 0,       186.5212845
          0,           0,          64,      -5.620268716,      -5.481105573,       -5.59276463,      -5.028613702,             0.448,    0.001747571427,      0.3270284156,                 0,                 0,                 0,     0.05555607664,   -0.001709645071,      0.3270286161,                 0,       187.1330754
          0,           0,          65,      -5.699690801,      -5.577912302,      -5.678030987,      -5.115816074,             0.448,    0.001742264773,      0.3267119652,                 0,                 0,                 0,      0.0555682202,   -0.001711606133,      0.3267121272,                 0,       187.5214205
          0,           0,          66,      -5.745289715,      -5.660511359,      -5.809618339,       -5.16908035,             0.448,    0.001739620724,      0.3264342503,                 0,                 0,                 0,     0.05557688457,   -0.001711314225,         0.3264344,                 0,       187.6467933
          0,           0,          67,      -5.769047363,      -5.725741337,      -5.895092058,      -5.195167982,             0.448,    0.001738634977,      0.3261787017,                 0,                 0,                 0,     0.05557632005,   -0.001709598433,      0.3261788552,                 0,       187.6062003
          0,           0,          68,      -5.790156928,      -5.782769007,      -5.916812664,      -5.217537127,             0.448,    0.001738611384,      0.3259229427,                 0,                 0,                 0,     0.05556229683,   -0.001706918316,      0.3259231102,                 0,       187.4616407
          0,           0,          69,      -5.805400221,       -5.83569105,      -5.947426193,      -5.235383194,             0.448,    0.001739882834,      0.3256653898,                 0,                 0,                 0,     0.05553773466,   -0.001702924266,      0.3256655852,                 0,        187.176621
          0,           0,          70,      -5.814812521,      -5.889542473,      -6.000800817,      -5.248463906,             0.448,     0.00174278852,      0.3254168308,                 0,                 0,                 0,     0.05550813186,   -0.001697391148,      0.3254170708,                 0,        186.721927
          0,           0,          71,      -5.821585897,      -5.946972659,      -6.055825772,       -5.25905593,             0.448,    0.001747122406,      0.3251798295,                 0,                 0,                 0,     0.05547559333,    -0.00169055209,      0.3251801286,                 0,        186.123095
          0,           0,          72,      -5.825638034,        -6.0034095,      -6.098626596,      -5.266255147,             0.448,    0.001752558792,        0.32494874,                 0,                 0,                 0,     0.05543968142,   -0.001682673088,      0.3249491094,                 0,       185.4138882
          0,           0,          73,      -5.826388881,      -6.053672045,      -6.132359641,       -5.26912183,             0.448,    0.001758878981,      0.3247207769,                 0,                 0,                 0,     0.05540080818,   -0.001673943383,      0.3247212258,                 0,       184.6180324
          0,           0,          74,       -5.82483404,       -6.09783707,      -6.161470429,      -5.268985993,             0.448,     0.00176576529,      0.3244989094,                 0,                 0,                 0,     0.05536077573,    -0.00166471203,      0.3244994436,                 0,        183.772391
          0,           0,          75,      -5.822755645,      -6.137189438,      -6.185330614,      -5.268086722,             0.448,    0.001772798694,      0.3242853445,                 0,                 0,                 0,      0.0553210593,   -0.001655421358,      0.3242859649,                 0,       182.9228246
          0,           0,          76,      -5.821057635,      -6.171479259,      -6.202956714,      -5.267399092,             0.448,    0.001779637487,      0.3240790689,                 0,                 0,                 0,     0.05528221638,   -0.001646402344,      0.3240797731,                 0,       182.1039798
          0,           0,          77,      -5.820057521,      -6.200729371,      -6.215579713,      -5.267159512,             0.448,    0.001786119248,      0.3238786545,                 0,                 0,                 0,     0.05524463554,   -0.001637802302,      0.3238794385,                 0,       181.3309245
          0,           0,          78,      -5.819788947,      -6.225950236,      -6.226131228,      -5.267424025,             0.448,    0.001792138569,      0.3236843287,                 0,                 0,                 0,     0.05520891266,    -0.00162972904,      0.3236851872,                 0,       180.6134494
          0,           0,          79,      -5.820258802,      -6.248935388,      -6.237333002,      -5.268300561,             0.448,    0.001797578962,      0.3234975123,                 0,                 0,                 0,     0.05517573177,   -0.001622314057,      0.3234984387,                 0,       179.9628941
          0,           0,          80,      -5.821534251,      -6.271762041,      -6.250094516,      -5.269951036,             0.448,    0.001802329393,      0.3233193466,                 0,                 0,                 0,     0.05514557512,   -0.001615680446,      0.3233203332,                 0,       179.3897097
          0,           0,          81,      -5.823636338,      -6.295734104,      -6.264011295,      -5.272428738,             0.448,    0.001806324047,       0.323150184,                 0,                 0,                 0,       0.055118651,   -0.001609897744,      0.3231512222,                 0,       178.8993423
          0,           0,          82,       -5.82643022,      -6.320850604,      -6.278373948,      -5.275570659,             0.448,    0.001809536249,      0.3229901262,                 0,                 0,                 0,     0.05509499509,   -0.001604993701,      0.3229912074,                 0,       178.4933164
          0,           0,          83,      -5.829913622,      -6.346253529,      -6.292743173,      -5.279354507,             0.448,    0.001811927203,      0.3228390558,                 0,                 0,                 0,     0.05507441424,   -0.001601005869,      0.3228401707,                 0,       178.1744075
          0,           0,          84,      -5.834100243,      -6.370975669,      -6.306922466,      -5.283787019,             0.448,    0.001813493805,      0.3226970025,                 0,                 0,                 0,     0.05505670994,   -0.001597937665,      0.3226981419,                 0,       177.9421588
          0,           0,          85,      -5.838962131,      -6.394468215,      -6.320825858,       -5.28883501,             0.448,    0.001814275897,      0.3225640965,                 0,                 0,                 0,      0.0550417024,   -0.001595750626,      0.3225652516,                 0,       177.7921964
          0,           0,          86,      -5.844504437,      -6.416554844,       -6.33453635,      -5.294506419,             0.448,    0.001814331304,      0.3224402538,                 0,                 0,                 0,     0.05502911437,   -0.001594386042,      0.3224414164,                 0,       177.7185088
          0,           0,          87,        -5.8507465,      -6.437197632,      -6.348282091,      -5.300828182,             0.448,    0.001813750271,      0.3223254932,                 0,                 0,                 0,     0.05501869499,   -0.001593753873,       0.322326656,                 0,       177.7121682
          0,           0,          88,      -5.857708139,      -6.456307291,      -6.362308484,      -5.307829708,             0.448,    0.001812636765,      0.3222196735,                 0,                 0,                 0,     0.05501014621,   -0.001593748663,      0.3222208305,                 0,       177.7629581
          0,           0,          89,      -5.865399259,      -6.473678973,       -6.37678454,      -5.315529726,             0.448,    0.001811102571,      0.3221224156,                 0,                 0,                 0,     0.05500312738,   -0.001594254629,      0.3221235618,                 0,       177.8598412
          0,           0,          90,      -5.873822876,      -6.489064037,      -6.391824078,      -5.323938322,             0.448,    0.001809269815,      0.3220332726,                 0,                 0,                 0,     0.05499732691,   -0.001595144924,      0.3220344044,                 0,       177.9907396
          0,           0,          91,      -5.882974682,      -6.502331462,      -6.407452074,      -5.333054543,             0.448,    0.001807261585,      0.3219517508,                 0,                 0,                 0,      0.0549924594,   -0.001596291249,      0.3219528659,                 0,       178.1434151
          0,           0,          92,      -5.892843284,      -6.513552664,        -6.4236531,      -5.342868457,             0.448,    0.001805207631,      0.3218770791,                 0,                 0,                 0,     0.05498822951,   -0.001597555712,      0.3218781767,                 0,        178.304741
          0,           0,          93,       -5.90333518,      -6.522974069,      -6.440546919,      -5.353290531,             0.448,    0.001803302636,      0.3218095247,                 0,                 0,                 0,     0.05498478511,   -0.001598746461,       0.321810606,                 0,       178.4556392
          0,           0,          94,      -5.914408806,      -6.531269663,      -6.457688675,      -5.364276735,             0.448,    0.001801530106,       0.321747867,                 0,                 0,                 0,     0.05498158509,   -0.001599867089,      0.3217489329,                 0,        178.596997
          0,           0,          95,      -5.926068386,      -6.539282002,      -6.474975064,      -5.375848937,             0.448,    0.001799936317,      0.3216913823,                 0,                 0,                 0,     0.05497842506,   -0.001600863672,      0.3216924346,                 0,       178.7237577
          0,           0,          96,       -5.93831699,      -6.547463068,      -6.492393118,      -5.388015944,             0.448,    0.001798639197,      0.3216399403,                 0,                 0,                 0,      0.0549754501,    -0.00160161691,      0.3216409817,                 0,        178.824047
          0,           0,          97,      -5.951150445,      -6.556069207,      -6.509881642,      -5.400767704,             0.448,     0.00179768762,      0.3215931591,                 0,                 0,                 0,     0.05497265568,   -0.001602073895,      0.3215941931,                 0,       178.8926816
          0,           0,          98,       -5.96458001,      -6.565387334,      -6.527449149,      -5.414112743,             0.448,    0.001797077754,      0.3215504875,                 0,                 0,                 0,     0.05496995492,   -0.001602232633,      0.3215515174,                 0,       178.9296466
          0,           0,          99,      -5.978614872,      -6.575777557,      -6.545169541,      -5.428055352,             0.448,    0.001796810206,      0.3215115466,                 0,                 0,                 0,     0.05496737569,    -0.00160208851,      0.3215125759,                 0,       178.9346173
          0,           0,         100,      -5.993248483,      -6.587546186,      -6.563137867,      -5.442585067,             0.448,    0.001796872564,      0.3214760745,                 0,                 0,                 0,     0.05496499555,   -0.001601651169,      0.3214771064,                 0,       178.9086666
          0,           0,         101,      -6.008465988,      -6.600894727,      -6.581400244,      -5.457686951,             0.448,     0.00192413968,      0.3214431306,                 0,                 0,                 0,      0.0549629003,   -0.001600945286,      0.3214449028,                 0,        167.058106
          0,           0,         102,      -4.457368212,       -4.42870525,      -4.259679161,      -3.850735252,             0.448,    0.001924774971,      0.3214202914,                 0,                 0,                 0,     0.05496265258,   -0.001600059577,      0.3214220719,                 0,       166.9911009
          0,           0,         103,      -4.754463454,      -4.692762487,      -4.537119613,      -4.143981863,             0.448,    0.001927014592,      0.3215610352,                 0,                 0,                 0,     0.05500331515,   -0.001599363498,      0.3215628318,                 0,       166.8700572
          0,           0,         104,      -4.996230678,      -4.863183388,      -4.961533485,      -4.402800815,             0.448,     0.00193766572,      0.3221996094,                 0,                 0,                 0,     0.05517453441,   -0.001595715662,      0.3222014844,                 0,         166.28235
          0,           0,         105,      -5.193987987,      -5.003307536,      -5.196695811,      -4.584083388,             0.448,    0.001954541412,      0.3231776972,                 0,                 0,                 0,     0.05541040171,   -0.001589566768,      0.3231796984,                 0,       165.3470707
          0,           0,         106,      -5.354106473,      -5.201636697,      -5.262506095,      -4.756179381,             0.448,     0.00196478702,      0.3240588041,                 0,                 0,                 0,     0.05557359149,    -0.00158898406,      0.3240608647,                 0,       164.9332985
          0,           0,         107,      -5.448186127,      -5.308120837,       -5.38819307,      -4.851696092,             0.448,     0.00197245259,      0.3245640105,                 0,                 0,                 0,     0.05560823793,   -0.001586859082,      0.3245661248,                 0,        164.548447
          0,           0,         108,       -5.57836694,      -5.400732732,      -5.520764024,      -4.979754383,             0.448,    0.001977222922,      0.3246934649,                 0,                 0,                 0,     0.05554122093,   -0.001583508643,      0.3246956237,                 0,       164.2169233
          0,           0,         109,      -5.607850146,      -5.430988266,      -5.585925864,      -5.007586297,             0.448,     0.00198088588,      0.3247103574,                 0,                 0,                 0,     0.05546156648,    -0.00158003115,      0.3247125554,                 0,       163.9217891
          0,           0,         110,       -5.65950399,      -5.494554815,      -5.629134749,      -5.057898291,             0.448,    0.001988630055,      0.3248407153,                 0,                 0,                 0,     0.05542504846,   -0.001573716954,      0.3248429903,                 0,       163.3489921
          0,           0,         111,      -5.772428458,      -5.623364416,      -5.719010362,      -5.177488255,             0.448,    0.001995965642,      0.3250587887,                 0,                 0,                 0,     0.05541625723,   -0.001568773218,      0.3250611311,                 0,       162.8579079
          0,           0,         112,      -5.846417755,      -5.711734262,      -5.836982216,      -5.260187671,             0.448,    0.002000995237,      0.3252738472,                 0,                 0,                 0,     0.05541040178,   -0.001566102274,      0.3252762318,                 0,       162.5560327
          0,           0,         113,      -5.873130841,      -5.749828128,      -5.900787606,       -5.28536241,             0.448,    0.002005307396,      0.3254638522,                 0,                 0,                 0,     0.05540477756,   -0.001563873983,      0.3254662727,                 0,       162.3012277
          0,           0,         114,      -5.928751501,       -5.82019124,      -5.935257531,      -5.341499912,             0.448,    0.002009124773,      0.3256383019,                 0,                 0,                 0,     0.05540200552,   -0.001561969864,      0.3256407538,                 0,       162.0796809
          0,           0,         115,      -6.001868761,      -5.916410864,       -6.01987887,      -5.421741197,             0.448,    0.002011667617,      0.3257979643,                 0,                 0,                 0,     0.05540093294,   -0.001561178042,      0.3258004344,                 0,       161.9541725
          0,           0,         116,      -6.047736176,      -5.999360807,       -6.14907028,      -5.473951966,             0.448,     0.00201280403,      0.3259409777,                 0,                 0,                 0,     0.05540139237,   -0.001561609993,      0.3259434517,                 0,       161.9337863
          0,           0,         117,      -6.076195452,      -6.065059849,      -6.232922829,      -5.504040059,             0.448,    0.002013040498,      0.3260748748,                 0,                 0,                 0,     0.05540604939,   -0.001562841865,      0.3260773433,                 0,       161.9812792
          0,           0,         118,      -6.102535398,      -6.122037397,      -6.255556197,      -5.530942197,             0.448,     0.00201273565,        0.32620964,                 0,                 0,                 0,       0.055416787,    -0.00156462454,      0.3262120971,                 0,        162.072769
          0,           0,         119,      -6.123809508,      -6.174692607,      -6.286434594,      -5.553869527,             0.448,    0.002011779808,      0.3263456039,                 0,                 0,                 0,     0.05543219675,   -0.001567071314,      0.3263480423,                 0,       162.2173573
          0,           0,         120,      -6.139662721,      -6.228718864,      -6.338616055,      -5.572562149,             0.448,    0.002010064918,      0.3264776778,                 0,                 0,                 0,     0.05544976224,   -0.001570234434,      0.3264800895,                 0,       162.4214596
          0,           0,         121,      -6.152451459,      -6.287538875,      -6.391919153,      -5.588756982,             0.448,    0.002007729582,      0.3266047577,                 0,                 0,                 0,     0.05546858096,   -0.001573963197,      0.3266071361,                 0,       162.6736791
          0,           0,         122,       -6.16153483,      -6.346979482,      -6.433781455,      -5.601010186,             0.448,    0.002004952964,      0.3267293787,                 0,                 0,                 0,     0.05548887739,   -0.001578106251,      0.3267317192,                 0,       162.9611191
          0,           0,         123,       -6.16593922,      -6.401162849,      -6.467337394,      -5.607840667,             0.448,    0.002001862697,       0.326852584,                 0,                 0,                 0,     0.05551045339,    -0.00158254741,      0.3268548831,                 0,       163.2742267
          0,           0,         124,      -6.166682331,      -6.448657095,      -6.495943562,       -5.61044859,             0.448,    0.001998615409,      0.3269731083,                 0,                 0,                 0,      0.0555325432,   -0.001587116181,      0.3269753646,                 0,       163.5998135
          0,           0,         125,      -6.165436161,      -6.489750238,      -6.518492596,      -5.610835123,             0.448,    0.001995396567,      0.3270899352,                 0,                 0,                 0,     0.05555449743,   -0.001591615963,      0.3270921492,                 0,       163.9222702
          0,           0,         126,      -6.163279937,      -6.524405936,      -6.534142495,      -5.610126044,             0.448,    0.001992350055,      0.3272034398,                 0,                 0,                 0,     0.05557605788,   -0.001595906991,      0.3272056135,                 0,       164.2298947
          0,           0,         127,      -6.160696978,      -6.553325793,      -6.544365645,      -5.608748327,             0.448,    0.001989549273,      0.3273142445,                 0,                 0,                 0,     0.05559707799,   -0.001599922697,      0.3273163809,                 0,       164.5167822
          0,           0,         128,      -6.157867192,      -6.577875476,      -6.552225725,      -5.606892335,             0.448,    0.001987036076,      0.3274222258,                 0,                 0,                 0,      0.0556173051,   -0.001603619874,      0.3274243281,                 0,       164.7792054
          0,           0,         129,      -6.154938081,      -6.599729951,      -6.560328879,      -5.604772877,             0.448,    0.001984853402,      0.3275267007,                 0,                 0,                 0,     0.05563643198,   -0.001606948096,      0.3275287728,                 0,       165.0130434
          0,           0,         130,      -6.152082177,      -6.620708765,      -6.569406162,      -5.602626064,             0.448,    0.001983042682,      0.3276271318,                 0,                 0,                 0,     0.05565425096,   -0.001609860042,       0.327629178,                 0,       165.2143621
          0,           0,         131,      -6.149431061,       -6.64196443,      -6.578964763,      -5.600602348,             0.448,    0.001981629844,      0.3277233145,                 0,                 0,                 0,     0.05567067895,   -0.001612327542,      0.3277253394,                 0,       165.3806918
          0,           0,         132,      -6.147056473,      -6.663480092,      -6.588416305,       -5.59875155,             0.448,    0.001980622951,      0.3278152359,                 0,                 0,                 0,     0.05568572127,   -0.001614342392,      0.3278172443,                 0,       165.5111771
          0,           0,         133,      -6.145012955,      -6.684521487,      -6.597489523,      -5.597101969,             0.448,    0.001980017036,      0.3279029437,                 0,                 0,                 0,     0.05569944008,   -0.001615910081,      0.3279049402,                 0,       165.6061224
          0,           0,         134,      -6.143368711,      -6.704353403,       -6.60610129,      -5.595714469,             0.448,    0.001979788677,      0.3279863721,                 0,                 0,                 0,     0.05571188053,   -0.001617053308,       0.327988361,                 0,       165.6673644
          0,           0,         135,      -6.142198079,      -6.722617018,      -6.614312257,      -5.594673761,             0.448,    0.001979905554,      0.3280654299,                 0,                 0,                 0,     0.05572309905,   -0.001617803393,      0.3280674154,                 0,       165.6975149
          0,           0,         136,      -6.141573429,      -6.739329876,      -6.622344213,       -5.59407031,             0.448,    0.001980329371,      0.3281400575,                 0,                 0,                 0,     0.05573317392,   -0.001618197972,      0.3281420432,                 0,       165.6997378
          0,           0,         137,      -6.141565008,      -6.754640657,      -6.630511412,      -5.593994011,             0.448,    0.001981015561,      0.3282102611,                 0,                 0,                 0,     0.05574220415,   -0.001618281681,        0.32821225,                 0,       165.6777804
          0,           0,         138,      -6.142234457,      -6.768599651,      -6.639109331,      -5.594525055,             0.448,    0.001981914472,      0.3282761252,                 0,                 0,                 0,     0.05575030748,   -0.001618105094,        0.32827812,                 0,       165.6358686
          0,           0,         139,      -6.143632169,      -6.781109435,      -6.648346449,       -5.59573021,             0.448,    0.001982973575,      0.3283377723,                 0,                 0,                 0,     0.05575760253,   -0.001617722082,      0.3283397751,                 0,        165.578491
          0,           0,         140,      -6.145797441,      -6.792015029,      -6.658339188,      -5.597661775,             0.448,    0.001984139798,      0.3283953753,                 0,                 0,                 0,     0.05576421119,   -0.001617187608,      0.3283973874,                 0,       165.5102003
          0,           0,         141,      -6.148758915,      -6.801226736,      -6.669129311,      -5.600358195,             0.448,    0.001985373668,      0.3284489689,                 0,                 0,                 0,     0.05577022623,   -0.001616541523,      0.3284509913,                 0,       165.4343332
          0,           0,         142,      -6.152734322,      -6.808967682,      -6.680170168,      -5.604088493,             0.448,    0.001986628722,      0.3284986719,                 0,                 0,                 0,     0.05577573109,   -0.001615831592,      0.3285007051,                 0,       165.3548387
          0,           0,         143,      -6.157801427,      -6.815324788,      -6.691491197,      -5.608873666,             0.448,    0.001987843503,      0.3285449945,                 0,                 0,                 0,     0.05578085669,   -0.001615124862,      0.3285470382,                 0,       165.2770925
          0,           0,         144,      -6.164083323,      -6.821752586,       -6.70395037,      -5.614779873,             0.448,    0.001988955018,      0.3285880088,                 0,                 0,                 0,     0.05578559726,   -0.001614485111,      0.3285900621,                 0,        165.206355
          0,           0,         145,      -6.171419023,      -6.827944071,      -6.717128952,      -5.621710306,             0.448,    0.001989924893,      0.3286278442,                 0,                 0,                 0,     0.05578996927,   -0.001613952132,      0.3286299057,                 0,       165.1458532
          0,           0,         146,      -6.179644978,      -6.833598975,       -6.73038032,      -5.629561276,             0.448,    0.001990736783,      0.3286647625,                 0,                 0,                 0,     0.05579402768,    -0.00161354514,      0.3286668308,                 0,       165.0970462
          0,           0,         147,      -6.188734548,      -6.839262839,      -6.743621764,      -5.638311698,             0.448,    0.001991373704,      0.3286989577,                 0,                 0,                 0,     0.05579778123,   -0.001613283244,      0.3287010308,                 0,       165.0614132
          0,           0,         148,      -6.198683984,      -6.845663281,      -6.757140553,      -5.647943429,             0.448,    0.001991830345,      0.3287305993,                 0,                 0,                 0,     0.05580123059,   -0.001613173614,      0.3287326756,                 0,       165.0394573
          0,           0,         149,      -6.209456877,      -6.853291878,      -6.771325358,      -5.658408728,             0.448,    0.001992109267,      0.3287598253,                 0,                 0,                 0,     0.05580436107,   -0.001613215204,      0.3287619028,                 0,       165.0310205
          0,           0,         150,      -6.220987817,      -6.862343678,      -6.786346134,      -5.669632624,             0.448,    0.001992233841,      0.3287867031,                 0,                 0,                 0,     0.05580716387,   -0.001613385381,      0.3287887804,                 0,       165.0341924
          0,           0,         151,      -6.233801759,       -6.87280183,      -6.801611745,      -5.682205909,             0.448,    0.001912267085,       0.328811925,                 0,                 0,                 0,     0.05580965971,   -0.001613661209,       0.328813526,                 0,       171.9487448
          0,           0,         152,       -4.66779198,      -4.639144106,      -4.470099921,      -4.061159481,             0.448,     0.00191213788,       0.328830286,                 0,                 0,                 0,     0.05581086455,    -0.00161398729,      0.3288318846,                 0,       171.9699659
          0,           0,         153,      -4.964951517,      -4.903164184,       -4.74756925,      -4.354453108,             0.448,    0.001911123462,      0.3287480424,                 0,                 0,                 0,     0.05578692415,   -0.001614119759,      0.3287496348,                 0,       172.0182128
          0,           0,         154,      -5.206789719,      -5.073639286,      -5.171967585,      -4.613334933,             0.448,    0.001904984245,      0.3283593577,                 0,                 0,                 0,     0.05568252187,   -0.001616090795,      0.3283609066,                 0,       172.3685424
          0,           0,         155,      -5.404612926,      -5.213751586,      -5.407118103,      -4.794652768,             0.448,    0.001894985986,      0.3277613779,                 0,                 0,                 0,     0.05553810599,   -0.001619676399,       0.327762854,                 0,       172.9624283
          0,           0,         156,       -5.56481199,       -5.41204133,      -5.472815006,      -4.966783201,             0.448,    0.001889011792,      0.3272227869,                 0,                 0,                 0,     0.05543823115,   -0.001619874991,      0.3272242299,                 0,        173.224322
          0,           0,         157,      -5.659129706,      -5.518599885,      -5.598505894,      -5.062476228,             0.448,    0.001884537957,      0.3269156869,                 0,                 0,                 0,     0.05541739095,   -0.001621055566,      0.3269170996,                 0,       173.4725935
          0,           0,         158,      -5.789879015,      -5.611384618,      -5.731178426,       -5.19095142,             0.448,    0.001881748676,      0.3268395756,                 0,                 0,                 0,      0.0554589564,   -0.001623028552,      0.3268409627,                 0,       173.6892815
          0,           0,         159,      -5.819644097,      -5.641645636,      -5.796522416,      -5.218989557,             0.448,    0.001879579658,      0.3268327746,                 0,                 0,                 0,     0.05550825064,   -0.001625124519,      0.3268341389,                 0,        173.886099
          0,           0,         160,      -5.871906195,       -5.70519116,      -5.839824939,      -5.269762191,             0.448,    0.001874869116,      0.3267561237,                 0,                 0,                 0,     0.05553094874,    -0.00162901287,      0.3267574419,                 0,       174.2820984
          0,           0,         161,      -5.986636402,      -5.834059714,      -5.929828799,       -5.39082784,             0.448,    0.001870383005,        0.32662527,                 0,                 0,                 0,     0.05553648013,   -0.001632095592,      0.3266265476,                 0,       174.6301528
          0,           0,         162,      -6.062424815,      -5.922390862,       -6.04824298,      -5.475132133,             0.448,    0.001867274421,      0.3264960468,                 0,                 0,                 0,     0.05554010224,   -0.001633818349,      0.3264972985,                 0,       174.8516678
          0,           0,         163,      -6.089897815,      -5.960353569,      -6.112358444,      -5.500890422,             0.448,    0.001864554824,      0.3263820884,                 0,                 0,                 0,     0.05554350445,   -0.001635315824,      0.3263833174,                 0,       175.0455841
          0,           0,         164,      -6.147325586,      -6.030648923,      -6.146750717,      -5.558516751,             0.448,    0.001862091585,      0.3262776231,                 0,                 0,                 0,     0.05554509613,   -0.001636658751,      0.3262788318,                 0,       175.2210395
          0,           0,         165,      -6.223862843,      -6.127107438,      -6.231628255,      -5.641999491,             0.448,    0.001860371969,      0.3261821586,                 0,                 0,                 0,     0.05554559893,   -0.001637354611,      0.3261833543,                 0,       175.3316885
          0,           0,         166,      -6.272524656,      -6.210584643,      -6.362203766,       -5.69718455,             0.448,     0.00185948519,      0.3260968318,                 0,                 0,                 0,     0.05554513777,   -0.001637326388,      0.3260980229,                 0,        175.369416
          0,           0,         167,      -6.302705477,      -6.276818704,      -6.447831186,      -5.729073592,             0.448,    0.001859130457,      0.3260170437,                 0,                 0,                 0,     0.05554209814,   -0.001636825541,      0.3260182356,                 0,       175.3599606
          0,           0,         168,      -6.330552899,      -6.334183787,      -6.470796579,        -5.7574718,             0.448,    0.001859099972,      0.3259366636,                 0,                 0,                 0,     0.05553533457,   -0.001635994117,      0.3259378598,                 0,       175.3196001
          0,           0,         169,      -6.352770638,      -6.386984283,       -6.50192745,      -5.781467844,             0.448,     0.00185947108,      0.3258554538,                 0,                 0,                 0,     0.05552570856,   -0.001634752224,      0.3258566586,                 0,       175.2409366
          0,           0,         170,      -6.368869049,      -6.441028347,      -6.555027107,      -5.800704265,             0.448,    0.001860315868,      0.3257765167,                 0,                 0,                 0,     0.05551476397,   -0.001633061051,      0.3257777351,                 0,        175.118926
          0,           0,         171,      -6.381487477,      -6.500031593,      -6.609440452,      -5.817104682,             0.448,    0.001861555951,      0.3257005425,                 0,                 0,                 0,     0.05550306526,   -0.001631006374,      0.3257017786,                 0,       174.9614575
          0,           0,         172,      -6.390038461,      -6.560007252,      -6.651907335,      -5.829171056,             0.448,    0.001863086689,      0.3256259903,                 0,                 0,                 0,     0.05549048469,   -0.001628676309,      0.3256272472,                 0,       174.7776914
          0,           0,         173,      -6.393552587,       -6.61504147,      -6.685616347,      -5.835344945,             0.448,    0.001864833963,       0.325552223,                 0,                 0,                 0,     0.05547715148,   -0.001626138136,      0.3255535028,                 0,       174.5743747
          0,           0,         174,      -6.393248061,      -6.663610906,      -6.714265895,      -5.837022209,             0.448,    0.001866703357,      0.3254800285,                 0,                 0,                 0,      0.0554635431,   -0.001623494715,      0.3254813325,                 0,       174.3608738
          0,           0,         175,      -6.391024306,       -6.70590963,      -6.736852804,      -5.836461948,             0.448,    0.001868579288,      0.3254100388,                 0,                 0,                 0,     0.05545006068,   -0.001620868398,      0.3254113669,                 0,       174.1483708
          0,           0,         176,      -6.388099843,      -6.741722798,      -6.752503763,      -5.834948017,             0.448,     0.00187037349,      0.3253420392,                 0,                 0,                 0,     0.05543687015,   -0.001618345147,      0.3253433905,                 0,       173.9449585
          0,           0,         177,      -6.385028428,      -6.771597914,      -6.762685887,      -5.832990239,             0.448,    0.001872040287,      0.3252756516,                 0,                 0,                 0,     0.05542406356,   -0.001615966578,      0.3252770246,                 0,       173.7546216
          0,           0,         178,      -6.382034473,      -6.796908171,      -6.770541326,      -5.830842374,             0.448,    0.001873552058,      0.3252109589,                 0,                 0,                 0,      0.0554117957,     -0.0016137612,      0.3252123518,                 0,       173.5798894
          0,           0,         179,      -6.379279747,       -6.81945064,      -6.778798448,      -5.828754685,             0.448,    0.001874880115,       0.325148379,                 0,                 0,                 0,     0.05540025343,   -0.001611762181,      0.3251497898,                 0,       173.4235573
          0,           0,         180,      -6.376940001,      -6.841195934,      -6.788306041,      -5.826986999,             0.448,    0.001875994659,      0.3250882102,                 0,                 0,                 0,      0.0553895515,   -0.001610002517,      0.3250896364,                 0,       173.2884519
          0,           0,         181,      -6.375132622,      -6.863414199,      -6.798600123,      -5.825687528,             0.448,    0.001876879365,      0.3250305956,                 0,                 0,                 0,     0.05537974541,   -0.001608500066,      0.3250320345,                 0,       173.1760718
          0,           0,         182,      -6.373902283,      -6.886117598,       -6.80906046,      -5.824882213,             0.448,      0.0018775282,      0.3249755829,                 0,                 0,                 0,      0.0553708411,   -0.001607261372,      0.3249770319,                 0,        173.086925
          0,           0,         183,      -6.373267887,      -6.908521772,      -6.819353661,      -5.824566099,             0.448,    0.001877941946,       0.324923184,                 0,                 0,                 0,     0.05536280969,   -0.001606285782,      0.3249246405,                 0,       173.0208885
          0,           0,         184,       -6.37325924,      -6.929799788,        -6.8293434,      -5.824762319,             0.448,    0.001878131898,      0.3248734499,                 0,                 0,                 0,     0.05535561902,   -0.001605562547,      0.3248749113,                 0,       172.9769087
          0,           0,         185,      -6.373914659,       -6.94950372,      -6.839034616,      -5.825518482,             0.448,     0.00187811624,      0.3248264465,                 0,                 0,                 0,     0.05534922867,   -0.001605074191,      0.3248279104,                 0,       172.9533239
          0,           0,         186,      -6.375271642,      -6.967586003,      -6.848598166,      -5.826889315,             0.448,    0.001877917903,       0.324782218,                 0,                 0,                 0,     0.05534358542,   -0.001604798259,      0.3247836823,                 0,       172.9480386
          0,           0,         187,      -6.377364452,      -6.984160801,      -6.858317329,      -5.828928619,             0.448,    0.001877563231,      0.3247407632,                 0,                 0,                 0,     0.05533862087,   -0.001604708395,      0.3247422262,                 0,       172.9586295
          0,           0,         188,      -6.380223509,      -6.999255436,      -6.868464787,      -5.831684872,             0.448,    0.001877081409,      0.3247020337,                 0,                 0,                 0,     0.05533425492,   -0.001604774896,      0.3247034937,                 0,       172.9823928
          0,           0,         189,      -6.383871032,      -7.012753902,      -6.879224394,      -5.835194669,             0.448,    0.001876503514,      0.3246659418,                 0,                 0,                 0,     0.05533040232,   -0.001604965748,      0.3246673977,                 0,       173.0164316
          0,           0,         190,      -6.388313506,      -7.024498019,      -6.890700902,       -5.83947346,             0.448,     0.00187585999,      0.3246323628,                 0,                 0,                 0,     0.05532697371,   -0.001605249171,      0.3246338137,                 0,       173.0578852
          0,           0,         191,      -6.393563057,      -7.034425684,      -6.902925359,      -5.844541498,             0.448,     0.00187518514,      0.3246011809,                 0,                 0,                 0,         0.0553239,   -0.001605589622,      0.3246026264,                 0,       173.1035374
          0,           0,         192,      -6.399620922,      -7.042637787,      -6.915845228,      -5.850407094,             0.448,    0.001874510087,      0.3245722546,                 0,                 0,                 0,     0.05532111395,   -0.001605954462,      0.3245736945,                 0,       173.1504444
          0,           0,         193,      -6.406477919,      -7.049381088,      -6.929375738,      -5.857065451,             0.448,    0.001873864932,      0.3245454547,                 0,                 0,                 0,     0.05531856759,   -0.001606312207,      0.3245468892,                 0,       173.1957566
          0,           0,         194,      -6.414120187,      -7.055095916,      -6.943436127,      -5.864505336,             0.448,     0.00187327644,      0.3245206553,                 0,                 0,                 0,     0.05531622572,   -0.001606634743,      0.3245220849,                 0,       173.2369277
          0,           0,         195,      -6.422527066,      -7.060330127,      -6.957966457,      -5.872709221,             0.448,    0.001872765417,      0.3244977259,                 0,                 0,                 0,     0.05531405986,   -0.001606899868,      0.3244991513,                 0,       173.2719554
          0,           0,         196,      -6.431679772,      -7.065625209,       -6.97292495,      -5.881661366,             0.448,    0.001872346285,      0.3244765363,                 0,                 0,                 0,     0.05531204984,   -0.001607091762,      0.3244779585,                 0,       173.2994259
          0,           0,         197,      -6.441561414,      -7.071459022,      -6.988330051,       -5.89134538,             0.448,    0.001872030786,      0.3244569821,                 0,                 0,                 0,     0.05531019649,   -0.001607197564,       0.324458402,                 0,       173.3181871
          0,           0,         198,       -6.45214685,       -7.07820313,      -7.004086736,      -5.901735612,             0.448,    0.001871822883,      0.3244389607,                 0,                 0,                 0,     0.05530850252,   -0.001607212214,      0.3244403794,                 0,       173.3278098
          0,           0,         199,      -6.463419036,      -7.086094907,      -7.020202095,      -5.912817093,             0.448,    0.001871720271,      0.3244223792,                 0,                 0,                 0,     0.05530697469,   -0.001607137019,      0.3244237978,                 0,       173.3284531
          0,           0,         200,      -6.475359814,      -7.095290118,      -7.036731282,      -5.924569971,             0.448,    0.001871716176,      0.3244071576,                 0,                 0,                 0,     0.05530562474,   -0.001606977893,      0.3244085771,                 0,       173.3206999
          0,           0,         201,       -6.48794662,      -7.105874709,      -7.053715226,      -5.936968446,             0.448,    0.001916892147,      0.3243929668,                 0,                 0,                 0,     0.05530446843,   -0.001606743782,      0.3243946513,                 0,        169.228596
          0,           0,         202,      -4.910717939,      -4.882064794,      -4.713018812,      -4.304084865,             0.448,    0.001917054198,      0.3243827366,                 0,                 0,                 0,     0.05530406704,   -0.001606470622,      0.3243844234,                 0,       169.2089546
          0,           0,         203,      -5.207890755,      -5.146077377,      -4.990477544,      -4.597385888,             0.448,     0.00191773206,      0.3244300785,                 0,                 0,                 0,     0.05531804556,   -0.001606307022,      0.3244317699,                 0,       169.1738305
          0,           0,         204,      -5.449761447,      -5.316543186,       -5.41489211,      -4.856296527,             0.448,    0.001921359976,      0.3246526749,                 0,                 0,                 0,     0.05537803528,    -0.00160509714,      0.3246543926,                 0,       168.9702497
          0,           0,         205,      -5.647658753,      -5.456664896,      -5.650047342,      -5.037679357,             0.448,    0.001927188176,      0.3249950654,                 0,                 0,                 0,     0.05546088746,   -0.001602988294,      0.3249968262,                 0,       168.6369134
          0,           0,         206,      -5.807932285,      -5.654968871,      -5.715800054,      -5.209901065,             0.448,    0.001930697611,      0.3253036216,                 0,                 0,                 0,     0.05551826395,   -0.001602830571,      0.3253054022,                 0,       168.4901974
          0,           0,         207,      -5.902215311,      -5.761509216,      -5.841509124,      -5.305580676,             0.448,    0.001933305255,      0.3254797728,                 0,                 0,                 0,      0.0555303748,   -0.001602136417,      0.3254815714,                 0,       168.3540517
          0,           0,         208,      -6.032889887,      -5.854245185,      -5.974156082,      -5.434023702,             0.448,    0.001934917849,      0.3255238284,                 0,                 0,                 0,     0.05550675604,   -0.001601002446,      0.3255256419,                 0,       168.2365113
          0,           0,         209,      -6.062472148,      -5.884492644,       -6.03942987,      -5.461923457,             0.448,    0.001936161851,      0.3255283341,                 0,                 0,                 0,     0.05547870445,   -0.001599807457,      0.3255301609,                 0,       168.1307448
          0,           0,         210,      -6.114489408,      -5.948018515,      -6.082695377,       -5.51252557,             0.448,    0.001938853438,      0.3255728122,                 0,                 0,                 0,     0.05546583067,   -0.001597599145,      0.3255746656,                 0,         167.92028
          0,           0,         211,      -6.228639617,      -6.076792936,      -6.172666504,       -5.63317067,             0.448,    0.001941415384,      0.3256482685,                 0,                 0,                 0,     0.05546273383,   -0.001595856948,      0.3256501452,                 0,       167.7375543
          0,           0,         212,      -6.303723343,      -6.165008529,      -6.290927625,      -5.716881918,             0.448,    0.001943183211,      0.3257227764,                 0,                 0,                 0,      0.0554606878,   -0.001594898523,       0.325724668,                 0,       167.6232969
          0,           0,         213,      -6.330759347,      -6.202907735,      -6.354866893,       -5.74226874,             0.448,    0.001944717741,      0.3257885487,                 0,                 0,                 0,     0.05545872832,   -0.001594078496,      0.3257904531,                 0,       167.5248505
          0,           0,         214,      -6.387433075,      -6.273127316,      -6.389229776,      -5.799278615,             0.448,    0.001946095376,      0.3258488886,                 0,                 0,                 0,     0.05545777117,   -0.001593356348,      0.3258508044,                 0,       167.4372657
          0,           0,         215,      -6.462752565,      -6.369483523,      -6.473993488,       -5.88164902,             0.448,    0.001947038319,      0.3259040628,                 0,                 0,                 0,     0.05545740863,   -0.001593012757,      0.3259059856,                 0,        167.384514
          0,           0,         216,      -6.510567132,      -6.452896909,      -6.604077286,      -5.935927331,             0.448,    0.001947496861,      0.3259534161,                 0,                 0,                 0,     0.05545757867,   -0.001593090312,      0.3259553409,                 0,       167.3704449
          0,           0,         217,      -6.540376173,      -6.519047125,      -6.689139903,       -5.96735774,             0.448,    0.001947646352,      0.3259995962,                 0,                 0,                 0,     0.05545921946,   -0.001593442434,      0.3260015199,                 0,       167.3813092
          0,           0,         218,       -6.56805356,      -6.576297228,      -6.712105768,      -5.995483994,             0.448,    0.001947609438,      0.3260461163,                 0,                 0,                 0,     0.05546299622,   -0.001593984642,      0.3260480369,                 0,       167.4083674
          0,           0,         219,      -6.590452477,      -6.629045106,      -6.743327676,      -6.019492364,             0.448,    0.001947343962,      0.3260930963,                 0,                 0,                 0,     0.05546841701,   -0.001594760394,      0.3260950112,                 0,       167.4553149
          0,           0,         220,      -6.607110583,      -6.683124803,       -6.79644204,      -6.039071138,             0.448,     0.00194681008,       0.326138756,                 0,                 0,                 0,     0.05547460083,   -0.001595790196,      0.3261406625,                 0,       167.5246904
          0,           0,         221,      -6.620542154,      -6.742212584,      -6.851002621,      -6.056069496,             0.448,    0.001946053695,      0.3261827055,                 0,                 0,                 0,     0.05548122799,   -0.001597023911,      0.3261846011,                 0,       167.6123873
          0,           0,         222,      -6.630068644,      -6.802264459,      -6.893923321,      -6.068942606,             0.448,    0.001945134956,      0.3262258258,                 0,                 0,                 0,     0.05548837201,   -0.001598410965,      0.3262277089,                 0,       167.7137234
          0,           0,         223,      -6.634614442,      -6.857310376,      -6.928305138,      -6.076052759,             0.448,    0.001944097451,      0.3262684831,                 0,                 0,                 0,       0.055495962,   -0.001599911747,      0.3262703524,                 0,       167.8251689
          0,           0,         224,      -6.635265283,      -6.905786892,      -6.957685537,      -6.078662457,             0.448,    0.001942995545,      0.3263102242,                 0,                 0,                 0,     0.05550372514,   -0.001601466976,      0.3263120791,                 0,       167.9418283
          0,           0,         225,       -6.63382762,      -6.947899463,      -6.980957512,      -6.078923897,             0.448,    0.001941895668,      0.3263506924,                 0,                 0,                 0,     0.05551143376,   -0.001603006349,      0.3263525329,                 0,        168.057789
          0,           0,         226,      -6.631478037,       -6.98352503,      -6.997189993,      -6.078064151,             0.448,    0.001940848669,      0.3263900166,                 0,                 0,                 0,      0.0555189955,   -0.001604480422,      0.3263918435,                 0,       168.1687098
          0,           0,         227,      -6.628749513,       -7.01330196,      -7.007804522,      -6.076558254,             0.448,    0.001939880703,       0.326428414,                 0,                 0,                 0,     0.05552635784,   -0.001605865399,       0.326430228,                 0,       168.2724167
          0,           0,         228,      -6.625856034,      -7.038596223,      -7.015919002,       -6.07463594,             0.448,    0.001939007392,       0.326465839,                 0,                 0,                 0,     0.05553343262,   -0.001607145165,      0.3264676414,                 0,       168.3675062
          0,           0,         229,      -6.622958212,      -7.061125869,      -7.024247134,      -6.072533697,             0.448,    0.001938244686,      0.3265020576,                 0,                 0,                 0,      0.0555401136,   -0.001608301229,      0.3265038496,                 0,       168.4524457
          0,           0,         230,      -6.620240611,      -7.082784108,      -7.033602841,      -6.070510055,             0.448,    0.001937607549,      0.3265368718,                 0,                 0,                 0,     0.05554632447,   -0.001609316476,      0.3265386548,                 0,       168.5258049
          0,           0,         231,      -6.617840519,      -7.104793704,      -7.043470281,      -6.068726178,             0.448,    0.001937105716,      0.3265702104,                 0,                 0,                 0,     0.05555203682,     -0.0016101804,      0.3265719859,                 0,       168.5866742
          0,           0,         232,      -6.615823192,      -7.127165718,      -7.053245641,        -6.0672254,             0.448,    0.001936743026,      0.3266020719,                 0,                 0,                 0,     0.05555725441,   -0.001610889145,      0.3266038417,                 0,       168.6346962
          0,           0,         233,      -6.614234075,      -7.149151566,      -7.062626908,      -6.066026404,             0.448,    0.001936517699,      0.3266324574,                 0,                 0,                 0,     0.05556199361,   -0.001611444503,      0.3266342229,                 0,       168.6700088
          0,           0,         234,      -6.613130869,      -7.169973847,      -7.071505409,      -6.065180227,             0.448,    0.001936423214,      0.3266613453,                 0,                 0,                 0,     0.05556627382,   -0.001611852761,      0.3266631081,                 0,       168.6931571
          0,           0,         235,      -6.612579036,      -7.189238208,        -7.0799266,      -6.064762864,             0.448,    0.001936449335,      0.3266887034,                 0,                 0,                 0,     0.05557011726,   -0.001612123801,      0.3266904648,                 0,       168.7050094
          0,           0,         236,      -6.612640614,      -7.206935225,      -7.088111353,       -6.06485455,             0.448,    0.001936582551,      0.3267145102,                 0,                 0,                 0,     0.05557355244,   -0.001612270904,      0.3267162716,                 0,       168.7067303
          0,           0,         237,      -6.613371201,      -7.223197685,      -7.096380962,      -6.065531447,             0.448,    0.001936807523,      0.3267387666,                 0,                 0,                 0,      0.0555766152,   -0.001612309416,       0.326740529,                 0,       168.6996579
          0,           0,         238,      -6.614821047,       -7.23806226,      -7.105035662,      -6.066863625,             0.448,    0.001937107244,      0.3267614965,                 0,                 0,                 0,     0.05557934667,   -0.001612256603,      0.3267632608,                 0,       168.6852897
          0,           0,         239,      -6.617031099,      -7.251410648,      -7.114280161,      -6.068908517,             0.448,    0.001937463739,      0.3267827478,                 0,                 0,                 0,     0.05558179247,   -0.001612130957,      0.3267845147,                 0,         168.66522
          0,           0,         240,      -6.620031676,      -7.263060237,        -7.1242283,      -6.071708516,             0.448,    0.001937858478,      0.3268025863,                 0,                 0,                 0,     0.05558399881,   -0.001611951725,      0.3268043563,                 0,       168.6411004
          0,           0,         241,      -6.623840983,      -7.272902608,      -7.134913784,      -6.075290619,             0.448,    0.001938272411,      0.3268210802,                 0,                 0,                 0,     0.05558600595,   -0.001611738696,      0.3268228536,                 0,       168.6146273
          0,           0,         242,      -6.628467644,      -7.280994865,      -7.146317243,      -6.079670479,             0.448,    0.001938687068,      0.3268383028,                 0,                 0,                 0,     0.05558784863,   -0.001611511133,      0.3268400797,                 0,       168.5874467
          0,           0,         243,      -6.633912804,      -7.287589424,      -7.158387887,      -6.084855128,             0.448,     0.00193908536,      0.3268543301,                 0,                 0,                 0,     0.05558955521,   -0.001611286952,      0.3268561104,                 0,       168.5610839
          0,           0,         244,      -6.640170954,       -7.29311443,      -7.171061443,      -6.090844067,             0.448,     0.00193945184,      0.3268692336,                 0,                 0,                 0,     0.05559114413,   -0.001611082374,       0.326871017,                 0,       168.5369169
          0,           0,         245,      -6.647231245,      -7.298103584,      -7.184277215,      -6.097630723,             0.448,    0.001939774346,      0.3268830846,                 0,                 0,                 0,     0.05559262944,   -0.001610910335,      0.3268848707,                 0,       168.5160366
          0,           0,         246,      -6.655084802,       -7.30309344,      -7.197996241,      -6.105210023,             0.448,     0.00194004428,      0.3268959529,                 0,                 0,                 0,     0.05559402067,   -0.001610780191,      0.3268977411,                 0,       168.4992225
          0,           0,         247,      -6.663719226,      -7.308566612,      -7.212198971,      -6.113571131,             0.448,    0.001940255829,      0.3269078994,                 0,                 0,                 0,     0.05559531976,   -0.001610698415,      0.3269096892,                 0,        168.487008
          0,           0,         248,      -6.673117649,      -7.314901708,      -7.226878707,      -6.122698101,             0.448,    0.001940410938,      0.3269189696,                 0,                 0,                 0,     0.05559653097,   -0.001610663559,      0.3269207604,                 0,       168.4792449
          0,           0,         249,      -6.683707227,      -7.322342515,      -7.241507133,      -6.133072568,             0.448,    0.001940513344,       0.326929243,                 0,                 0,                 0,     0.05559766209,   -0.001610672749,      0.3269310344,                 0,        168.475648
          0,           0,         250,       -6.69547667,      -7.330849107,       -7.25621436,      -6.144657985,             0.448,    0.001940564449,      0.3269387982,                 0,                 0,                 0,     0.05559871048,   -0.001610725434,      0.3269405896,                 0,        168.476135
          0,           0,         251,      -6.707982075,      -7.340564072,      -7.271933525,      -6.156914299,             0.448,    0.001913779362,      0.3269477904,                 0,                 0,                 0,      0.0555996493,   -0.001610821092,      0.3269494234,                 0,       170.8388109
          0,           0,         252,      -5.140308791,      -5.111668318,      -4.942617925,      -4.533677907,             0.448,    0.001913728453,      0.3269543844,                 0,                 0,                 0,     0.05560012063,   -0.001610943082,      0.3269560165,                 0,       170.8468012
          0,           0,         253,      -5.437479284,      -5.375671348,      -5.220085811,      -4.826977293,             0.448,    0.001913377148,      0.3269270782,                 0,                 0,                 0,     0.05559211971,   -0.001611000005,      0.3269287081,                 0,       170.8638982
          0,           0,         254,      -5.679308505,      -5.546155412,      -5.644493462,       -5.08585247,             0.448,    0.001911296848,      0.3267965029,                 0,                 0,                 0,     0.05555700772,   -0.001611672586,      0.3267981179,                 0,       170.9815528
          0,           0,         255,      -5.877129604,      -5.686271655,      -5.879621205,      -5.267175444,             0.448,    0.001907918948,      0.3265953816,                 0,                 0,                 0,     0.05550841758,   -0.001612882206,      0.3265969718,                 0,       171.1788553
          0,           0,         256,      -6.037292242,      -5.884575049,       -5.94531513,      -5.439289183,             0.448,    0.001905902009,       0.326414256,                 0,                 0,                 0,     0.05547483815,     -0.0016129465,      0.3264158351,                 0,        171.264973
          0,           0,         257,      -6.131549828,      -5.991129076,      -6.071023352,      -5.534939941,             0.448,    0.001904397627,      0.3263111339,                 0,                 0,                 0,     0.05546788855,    -0.00161333914,      0.3263127027,                 0,       171.3461145
          0,           0,         258,      -6.262189737,       -6.08389497,      -6.203725272,      -5.663341563,             0.448,    0.001903465278,      0.3262857985,                 0,                 0,                 0,     0.05548195369,    -0.00161399832,      0.3262873588,                 0,       171.4167325
          0,           0,         259,      -6.291906634,       -6.11413899,      -6.269088178,      -5.691343833,             0.448,    0.001902742839,      0.3262837766,                 0,                 0,                 0,     0.05549861202,   -0.001614698921,      0.3262853292,                 0,        171.480754
          0,           0,         260,      -6.344076347,      -6.177664149,      -6.312382601,      -5.742053494,             0.448,    0.001901163182,      0.3262581987,                 0,                 0,                 0,     0.05550630391,   -0.001616002757,      0.3262597358,                 0,       171.6097817
          0,           0,         261,      -6.458538211,      -6.306499803,      -6.402375782,      -5.862920392,             0.448,    0.001899656692,      0.3262143226,                 0,                 0,                 0,     0.05550820261,   -0.001617036176,      0.3262158459,                 0,       171.7227771
          0,           0,         262,      -6.534093104,      -6.394814478,      -6.520801004,      -5.947027135,             0.448,    0.001898614449,      0.3261709539,                 0,                 0,                 0,      0.0555094511,   -0.001617610846,      0.3261724686,                 0,       171.7942019
          0,           0,         263,      -6.561502571,      -6.432746786,      -6.584902092,       -5.97272672,             0.448,     0.00189770443,      0.3261326886,                 0,                 0,                 0,     0.05551061996,   -0.001618108312,      0.3261341956,                 0,       171.8564195
          0,           0,         264,      -6.618718381,      -6.502983046,      -6.619261021,      -6.030165334,             0.448,    0.001896881627,      0.3260975867,                 0,                 0,                 0,     0.05551117268,    -0.00161855267,       0.326099087,                 0,         171.91246
          0,           0,         265,      -6.694985272,      -6.599445865,      -6.704123263,      -6.113387195,             0.448,    0.001896310298,      0.3260654838,                 0,                 0,                 0,     0.05551135169,   -0.001618777897,      0.3260669798,                 0,       171.9473254
          0,           0,         266,      -6.743681392,       -6.68306265,       -6.83472477,       -6.16857035,             0.448,    0.001896020235,      0.3260367613,                 0,                 0,                 0,     0.05551119733,   -0.001618758315,      0.3260382557,                 0,       171.9584819
          0,           0,         267,      -6.774116557,      -6.749447742,      -6.920470051,      -6.200659662,             0.448,    0.001895909511,      0.3260098701,                 0,                 0,                 0,     0.05551016434,   -0.001618579147,       0.326011365,                 0,       171.9543408
          0,           0,         268,      -6.802335746,      -6.806909164,       -6.94360184,      -6.229344217,             0.448,    0.001895907344,      0.3259827442,                 0,                 0,                 0,     0.05550786584,   -0.001618288896,      0.3259842406,                 0,       171.9402296
          0,           0,         269,      -6.825084648,      -6.859796115,      -6.974938699,      -6.253755598,             0.448,    0.001896039307,      0.3259553074,                 0,                 0,                 0,     0.05550459268,   -0.001617861174,      0.3259568069,                 0,       171.9137922
          0,           0,         270,      -6.841848161,      -6.913958784,      -7.028357222,      -6.273542131,             0.448,    0.001896329393,      0.3259286067,                 0,                 0,                 0,     0.05550086517,   -0.001617283272,      0.3259301108,                 0,        171.873414
          0,           0,         271,      -6.855218955,      -6.973174264,      -7.083210209,       -6.29060755,             0.448,    0.001896750959,      0.3259028748,                 0,                 0,                 0,     0.05549687398,   -0.001616584341,      0.3259043849,                 0,       171.8216476
          0,           0,         272,      -6.864550796,      -7.033500415,      -7.126170689,      -6.303407625,             0.448,    0.001897268488,      0.3258775947,                 0,                 0,                 0,     0.05549257675,   -0.001615794323,      0.3258791119,                 0,       171.7614543
          0,           0,         273,       -6.86878741,      -7.088976756,      -7.160392578,      -6.310294538,             0.448,    0.001897857225,      0.3258525566,                 0,                 0,                 0,     0.05548801893,   -0.001614935709,      0.3258540816,                 0,       171.6949791
          0,           0,         274,       -6.86908146,      -7.137970099,       -7.18954853,      -6.312589727,             0.448,    0.001898485053,      0.3258280271,                 0,                 0,                 0,     0.05548336161,    -0.00161404349,      0.3258295603,                 0,       171.6252791
          0,           0,         275,      -6.867317183,      -7.180591409,       -7.21256648,      -6.312530643,             0.448,    0.001899113004,      0.3258042208,                 0,                 0,                 0,     0.05547874092,   -0.001613158945,      0.3258057621,                 0,       171.5559949
          0,           0,         276,      -6.864720425,      -7.216626295,      -7.228513481,      -6.311401788,             0.448,    0.001899711493,      0.3257810668,                 0,                 0,                 0,     0.05547421342,   -0.001612310892,      0.3257826159,                 0,       171.4897594
          0,           0,         277,      -6.861849575,      -7.246680876,      -7.238831299,       -6.30970994,             0.448,    0.001900265164,      0.3257584402,                 0,                 0,                 0,     0.05546981097,   -0.001611513338,      0.3257599966,                 0,       171.4278862
          0,           0,         278,       -6.85893633,      -7.272160848,      -7.246685605,      -6.307710699,             0.448,    0.001900764848,      0.3257363716,                 0,                 0,                 0,     0.05546558658,   -0.001610775784,      0.3257379347,                 0,       171.3712098
          0,           0,         279,       -6.85614842,      -7.294845254,      -7.254834553,       -6.30565594,             0.448,    0.001901201068,      0.3257150008,                 0,                 0,                 0,     0.05546160264,   -0.001610109213,      0.3257165698,                 0,        171.320649
          0,           0,         280,      -6.853669802,      -7.316674764,       -7.26413297,      -6.303810252,             0.448,     0.00190156517,      0.3256944497,                 0,                 0,                 0,     0.05545790522,   -0.001609523592,      0.3256960239,                 0,       171.2770379
          0,           0,         281,      -6.851631199,      -7.338893495,      -7.274088312,      -6.302332907,             0.448,    0.001901851298,      0.3256747646,                 0,                 0,                 0,     0.05545451161,   -0.001609025276,       0.325676343,                 0,       171.2409193
          0,           0,         282,      -6.850086442,      -7.361507525,      -7.284088114,      -6.301257925,             0.448,    0.001902057076,      0.3256559509,                 0,                 0,                 0,      0.0554514203,   -0.001608616699,      0.3256575326,                 0,        171.212502
          0,           0,         283,      -6.849066097,      -7.383741692,      -7.293817003,      -6.300589688,             0.448,    0.001902183324,      0.3256380124,                 0,                 0,                 0,     0.05544862184,   -0.001608297081,      0.3256395965,                 0,       171.1917081
          0,           0,         284,      -6.848612201,      -7.404783237,      -7.303155351,      -6.300363841,             0.448,     0.00190223387,      0.3256209651,                 0,                 0,                 0,     0.05544610456,   -0.001608062768,      0.3256225507,                 0,       171.1781975
          0,           0,         285,      -6.848774271,      -7.424203231,      -7.312130855,      -6.300640672,             0.448,    0.001902214954,      0.3256048314,                 0,                 0,                 0,     0.05544385518,   -0.001607907763,      0.3256064178,                 0,       171.1714182
          0,           0,         286,       -6.84960069,      -7.441973085,      -7.320939015,      -6.301486672,             0.448,    0.001902134458,      0.3255896271,                 0,                 0,                 0,     0.05544185654,   -0.001607824352,      0.3255912135,                 0,       171.1706687
          0,           0,         287,      -6.851135418,       -7.45821919,      -7.329881445,      -6.302965826,             0.448,    0.001902001377,      0.3255753536,                 0,                 0,                 0,     0.05544008657,   -0.001607803557,      0.3255769394,                 0,       171.1751409
          0,           0,         288,      -6.853416652,      -7.472980837,      -7.339247299,      -6.305135441,             0.448,    0.001901825663,      0.3255619958,                 0,                 0,                 0,     0.05543851923,   -0.001607835264,      0.3255635805,                 0,       171.1839325
          0,           0,         289,      -6.856474392,      -7.486149373,      -7.349237272,      -6.308041269,             0.448,    0.001901618034,      0.3255495263,                 0,                 0,                 0,     0.05543712705,    -0.00160790846,      0.3255511094,                 0,       171.1960659
          0,           0,         290,      -6.860329004,      -7.497564478,      -7.359955222,      -6.311715226,             0.448,    0.001901389704,      0.3255379102,                 0,                 0,                 0,     0.05543588336,   -0.001608011555,      0.3255394915,                 0,       171.2105149
          0,           0,         291,      -6.864990284,      -7.507144532,      -7.371427801,      -6.316175188,             0.448,    0.001901151356,      0.3255271025,                 0,                 0,                 0,     0.05543476146,   -0.001608133382,      0.3255286819,                 0,       171.2262947
          0,           0,         292,      -6.870460024,      -7.514969261,      -7.383626636,      -6.321428922,             0.448,    0.001900913796,      0.3255170599,                 0,                 0,                 0,     0.05543374025,   -0.001608262671,      0.3255186373,                 0,       171.2424102
          0,           0,         293,      -6.876731944,      -7.521319092,      -7.396492187,      -6.327474831,             0.448,    0.001900687143,      0.3255077382,                 0,                 0,                 0,     0.05543280306,   -0.001608388821,      0.3255093137,                 0,        171.257926
          0,           0,         294,      -6.883795575,      -7.526638828,       -7.40995612,      -6.334307468,             0.448,    0.001900480111,      0.3254990934,                 0,                 0,                 0,     0.05543193732,   -0.001608502652,      0.3255006672,                 0,       171.2720336
          0,           0,         295,      -6.891638774,      -7.531478854,      -7.423945504,      -6.341918111,             0.448,    0.001900300276,      0.3254910863,                 0,                 0,                 0,      0.0554311359,    -0.00160859616,      0.3254926587,                 0,       171.2840284
          0,           0,         296,      -6.900241982,      -7.536384576,      -7.438355315,      -6.350289435,             0.448,    0.001900152368,      0.3254836745,                 0,                 0,                 0,      0.0554303922,    -0.00160866416,      0.3254852457,                 0,       171.2934604
          0,           0,         297,      -6.909590777,      -7.541819522,      -7.453186214,       -6.35941038,             0.448,    0.001900039225,      0.3254768185,                 0,                 0,                 0,      0.0554297029,    -0.00160870339,      0.3254783889,                 0,       171.3000523
          0,           0,         298,      -6.919666156,      -7.548149819,      -7.468467932,      -6.369261941,             0.448,    0.001899962317,      0.3254704837,                 0,                 0,                 0,     0.05542906931,   -0.001608712004,      0.3254720536,                 0,       171.3036521
          0,           0,         299,        -6.9304465,      -7.555642222,      -7.484219071,       -6.37982114,             0.448,    0.001899921236,       0.325464641,                 0,                 0,                 0,      0.0554284949,   -0.001608690098,      0.3254662108,                 0,       171.3042809
          0,           0,         300,      -6.941911598,      -7.564468656,      -7.500435985,      -6.391066538,             0.448,    0.001899913901,      0.3254592648,                 0,                 0,                 0,     0.05542798421,   -0.001608639477,      0.3254608348,                 0,       171.3021125
          0,           0,         301,      -6.954041921,      -7.574712735,      -7.517112901,      -6.402977738,             0.448,    0.001915294516,      0.3254542441,                 0,                 0,                 0,     0.05542754258,   -0.001608563265,      0.3254559047,                 0,       169.9238637
          0,           0,         302,      -5.379901477,      -5.351256885,      -5.182206317,      -4.773269923,             0.448,    0.001915344574,      0.3254505894,                 0,                 0,                 0,     0.05542736224,   -0.001608473639,      0.3254522507,                 0,       169.9175145
          0,           0,         303,       -5.67707607,      -5.615256116,      -5.459668823,      -5.066570767,             0.448,    0.001915568119,      0.3254664757,                 0,                 0,                 0,     0.05543206203,   -0.001608422111,      0.3254681385,                 0,       169.9059786
          0,           0,         304,       -5.91892444,      -5.785730724,      -5.884080016,      -5.325461478,             0.448,    0.001916788098,      0.3255418656,                 0,                 0,                 0,     0.05545237722,   -0.001608018462,      0.3255435372,                 0,       169.8371698
          0,           0,         305,       -6.11679536,      -5.925855478,      -6.119220837,      -5.506827567,             0.448,    0.001918752728,      0.3256578978,                 0,                 0,                 0,     0.05548044592,   -0.001607310247,      0.3256595839,                 0,       169.7237445
          0,           0,         306,      -6.277023348,      -6.124161397,      -6.184949012,      -5.679008986,             0.448,    0.001919929843,        0.32576242,                 0,                 0,                 0,     0.05549986018,   -0.001607264878,      0.3257641126,                 0,       169.6741269
          0,           0,         307,      -6.371292331,      -6.230694447,      -6.310658212,      -5.774672399,             0.448,    0.001920805997,      0.3258220109,                 0,                 0,                 0,     0.05550392173,   -0.001607033977,      0.3258237096,                 0,        169.627756
          0,           0,         308,      -6.501954978,       -6.32342784,      -6.443325894,      -5.903097721,             0.448,    0.001921349988,       0.325836781,                 0,                 0,                 0,     0.05549586934,   -0.001606649936,      0.3258384847,                 0,       169.5874167
          0,           0,         309,      -6.531582552,      -6.353671996,      -6.508642981,      -5.931028696,             0.448,    0.001921774178,      0.3258381304,                 0,                 0,                 0,     0.05548632489,    -0.00160624038,      0.3258398386,                 0,       169.5506861
          0,           0,         310,      -6.583614575,      -6.417196817,       -6.55193379,      -5.981632949,             0.448,    0.001922693438,      0.3258530798,                 0,                 0,                 0,     0.05548195004,   -0.001605483034,      0.3258547971,                 0,       169.4773974
          0,           0,         311,      -6.697790732,      -6.545976885,      -6.641923989,      -6.102277412,             0.448,    0.001923570054,      0.3258785711,                 0,                 0,                 0,     0.05548090615,   -0.001604882469,      0.3258802964,                 0,       169.4134147
          0,           0,         312,      -6.772941546,      -6.634201625,      -6.760261938,      -6.186036267,             0.448,    0.001924175985,      0.3259037454,                 0,                 0,                 0,     0.05548022047,   -0.001604549139,      0.3259054758,                 0,       169.3731488
          0,           0,         313,      -6.800061088,      -6.672103321,      -6.824270538,      -6.211499708,             0.448,    0.001924702844,      0.3259259619,                 0,                 0,                 0,      0.0554795678,   -0.001604262853,      0.3259276967,                 0,       169.3383282
          0,           0,         314,      -6.856833892,      -6.742326169,      -6.858623678,      -6.268585175,             0.448,    0.001925177162,      0.3259463449,                 0,                 0,                 0,     0.05547925979,   -0.001604009251,      0.3259480836,                 0,       169.3071948
          0,           0,         315,      -6.932359091,      -6.838746256,      -6.943404385,      -6.351139097,             0.448,    0.001925504414,      0.3259649862,                 0,                 0,                 0,     0.05547915658,   -0.001603883851,      0.3259667273,                 0,       169.2881013
          0,           0,         316,      -6.980449387,      -6.922301208,      -7.073646509,      -6.405702481,             0.448,    0.001925667612,      0.3259816633,                 0,                 0,                 0,     0.05547923594,   -0.001603901228,      0.3259834052,                 0,       169.2824147
          0,           0,         317,      -7.010525783,      -6.988597964,      -7.158933045,      -6.437405438,             0.448,    0.001925725898,      0.3259972701,                 0,                 0,                 0,     0.05547981407,   -0.001604011923,      0.3259990117,                 0,       169.2853954
          0,           0,         318,      -7.038482431,      -7.045949118,      -7.181947191,      -6.465796094,             0.448,    0.001925720364,      0.3260129961,                 0,                 0,                 0,     0.05548111476,   -0.001604187725,      0.3260147368,                 0,       169.2940482
          0,           0,         319,      -7.061146102,      -7.098741221,      -7.213184227,      -6.490055492,             0.448,    0.001925636427,      0.3260288819,                 0,                 0,                 0,     0.05548297049,   -0.001604443656,      0.3260306208,                 0,       169.3096773
          0,           0,         320,      -7.078029038,      -7.152834401,      -7.266365272,       -6.50986253,             0.448,    0.001925460441,      0.3260443225,                 0,                 0,                 0,     0.05548508198,   -0.001604786809,      0.3260460586,                 0,       169.3331712
          0,           0,         321,      -7.091660177,      -7.211972174,      -7.320985436,      -6.527080079,             0.448,    0.001925207955,      0.3260591852,                 0,                 0,                 0,     0.05548734074,   -0.001605200201,      0.3260609176,                 0,       169.3630988
          0,           0,         322,      -7.101351776,      -7.272163806,      -7.363897788,      -6.540145289,             0.448,    0.001924899596,      0.3260737688,                 0,                 0,                 0,     0.05548977207,   -0.001605666441,      0.3260754971,                 0,       169.3978063
          0,           0,         323,      -7.106001437,      -7.327427692,      -7.398243976,         -6.547383,             0.448,     0.00192455041,      0.3260881976,                 0,                 0,                 0,     0.05549235223,   -0.001606171829,      0.3260899212,                 0,       169.4360386
          0,           0,         324,      -7.106696146,      -7.376147983,      -7.427611821,      -6.550051547,             0.448,    0.001924179005,      0.3261023195,                 0,                 0,                 0,     0.05549498939,   -0.001606696113,      0.3261040382,                 0,       169.4760824
          0,           0,         325,      -7.105263684,       -7.41848349,      -7.450890962,       -6.55032529,             0.448,    0.001923807829,      0.3261160114,                 0,                 0,                 0,      0.0554976057,   -0.001607215512,      0.3261177254,                 0,       169.5158979
          0,           0,         326,      -7.102899321,      -7.454282101,      -7.467126217,      -6.549451997,             0.448,    0.001923453905,      0.3261293151,                 0,                 0,                 0,     0.05550016908,   -0.001607713455,      0.3261310244,                 0,        169.554006
          0,           0,         327,      -7.100150574,      -7.484178068,      -7.477732077,      -6.547922525,             0.448,    0.001923126247,      0.3261423048,                 0,                 0,                 0,     0.05550266234,   -0.001608181737,      0.3261440098,                 0,       169.5896488
          0,           0,         328,       -7.09724077,      -7.509553093,      -7.485845109,      -6.545976767,             0.448,    0.001922830202,      0.3261549647,                 0,                 0,                 0,      0.0555050555,   -0.001608614835,      0.3261566658,                 0,       169.6223434
          0,           0,         329,      -7.094337208,      -7.532147805,       -7.49420903,      -6.543859476,             0.448,    0.001922571138,      0.3261672146,                 0,                 0,                 0,     0.05550731244,   -0.001609006516,      0.3261689122,                 0,       169.6515714
          0,           0,         330,      -7.091630696,      -7.553877596,      -7.503650605,      -6.541837178,             0.448,    0.001922354182,      0.3261789868,                 0,                 0,                 0,     0.05550940747,   -0.001609350918,      0.3261806814,                 0,        169.676842
          0,           0,         331,      -7.089262702,      -7.575978332,      -7.513668294,      -6.540076915,             0.448,    0.001922182716,      0.3261902565,                 0,                 0,                 0,     0.05551133112,   -0.001609644393,      0.3261919485,                 0,       169.6978408
          0,           0,         332,       -7.08729901,      -7.598461192,      -7.523636744,      -6.538622387,             0.448,     0.00192205804,      0.3262010235,                 0,                 0,                 0,     0.05551308497,   -0.001609885638,      0.3262027135,                 0,       169.7144502
          0,           0,         333,      -7.085783304,      -7.620563018,      -7.533249613,      -6.537490342,             0.448,    0.001921979653,      0.3262112875,                 0,                 0,                 0,     0.05551467469,   -0.001610075149,      0.3262129761,                 0,       169.7267122
          0,           0,         334,      -7.084771512,      -7.641491693,      -7.542392648,       -6.53673043,             0.448,    0.001921945392,      0.3262210407,                 0,                 0,                 0,     0.05551610698,   -0.001610215009,      0.3262227283,                 0,       169.7348125
          0,           0,         335,      -7.084327182,      -7.660839723,      -7.551099236,      -6.536417188,             0.448,     0.00192195165,      0.3262302722,                 0,                 0,                 0,     0.05551738969,   -0.001610308702,      0.3262319594,                 0,        169.739063
          0,           0,         336,       -7.08451087,      -7.678594887,      -7.559575173,      -6.536629809,             0.448,    0.001921993871,      0.3262389741,                 0,                 0,                 0,     0.05551853246,     -0.0016103607,      0.3262406612,                 0,       169.7398619
          0,           0,         337,      -7.085377267,      -7.694893704,      -7.568136195,       -6.53744378,             0.448,    0.001922067054,      0.3262471472,                 0,                 0,                 0,     0.05551954821,   -0.001610376013,      0.3262488346,                 0,       169.7376512
          0,           0,         338,      -7.086974148,      -7.709777551,      -7.577082786,      -6.538926463,             0.448,    0.001922165571,      0.3262548013,                 0,                 0,                 0,     0.05552045184,   -0.001610360374,      0.3262564894,                 0,       169.7329337
          0,           0,         339,      -7.089338722,      -7.723135851,      -7.586620435,      -6.541131213,             0.448,    0.001922283281,      0.3262619534,                 0,                 0,                 0,     0.05552125914,   -0.001610320108,      0.3262636423,                 0,       169.7262608
          0,           0,         340,        -7.0924983,      -7.734798442,      -7.596855148,      -6.544097536,             0.448,    0.001922413847,      0.3262686253,                 0,                 0,                 0,     0.05552198567,   -0.001610261787,      0.3262703152,                 0,       169.7182039
          0,           0,         341,      -7.096469233,      -7.744665869,      -7.607818208,      -6.547850627,             0.448,    0.001922551162,      0.3262748401,                 0,                 0,                 0,     0.05552264581,   -0.001610191769,      0.3262765312,                 0,       169.7093147
          0,           0,         342,      -7.101302846,      -7.752793468,      -7.619410634,      -6.552454009,             0.448,     0.00192269174,      0.3262806211,                 0,                 0,                 0,     0.05552325592,   -0.001610113791,      0.3262823133,                 0,       169.6999131
          0,           0,         343,      -7.107586333,      -7.759374705,      -7.630910514,      -6.558569911,             0.448,    0.001922829179,      0.3262860203,                 0,                 0,                 0,     0.05552383017,   -0.001610034818,      0.3262877137,                 0,       169.6905913
          0,           0,         344,      -7.114721912,      -7.764679645,      -7.643227493,      -6.565493913,             0.448,    0.001922957888,      0.3262910601,                 0,                 0,                 0,      0.0555243746,   -0.001609960683,      0.3262927546,                 0,       169.6818543
          0,           0,         345,       -7.12267845,      -7.769641344,      -7.656679458,      -6.573171202,             0.448,    0.001923070691,      0.3262957403,                 0,                 0,                 0,     0.05552488274,    -0.00160989856,      0.3262974357,                 0,       169.6743348
          0,           0,         346,      -7.131398125,      -7.774678963,      -7.670919455,      -6.581594477,             0.448,    0.001923164765,      0.3263000833,                 0,                 0,                 0,     0.05552535773,   -0.001609851514,      0.3263017795,                 0,       169.6682933
          0,           0,         347,      -7.140890542,      -7.780286793,      -7.685738055,       -6.59079573,             0.448,    0.001923238532,      0.3263041125,                 0,                 0,                 0,     0.05552580121,   -0.001609821376,      0.3263058093,                 0,       169.6638805
          0,           0,         348,      -7.151161267,      -7.786849565,      -7.701110707,      -6.600781743,             0.448,    0.001923291093,      0.3263078468,                 0,                 0,                 0,     0.05552621176,    -0.00160980925,      0.3263095439,                 0,       169.6611855
          0,           0,         349,      -7.162185897,      -7.794569534,      -7.716990297,      -6.611528538,             0.448,    0.001923322661,      0.3263113019,                 0,                 0,                 0,     0.05552658706,   -0.001609815093,      0.3263129992,                 0,       169.6601972
          0,           0,         350,      -7.173927628,      -7.803561565,      -7.733313149,      -6.622999099,             0.448,     0.00192333435,      0.3263144911,                 0,                 0,                 0,     0.05552692388,   -0.001609837934,      0.3263161883,                 0,       169.6608243
          0,           0,         351,      -7.186350865,      -7.813859208,      -7.750064244,      -6.635156838,             0.448,    0.001914372354,      0.3263174779,                 0,                 0,                 0,     0.05552721858,   -0.001609876071,      0.3263191222,                 0,       170.4566393
          0,           0,         352,      -5.615274974,       -5.58663291,      -5.417582068,      -5.008643723,             0.448,    0.001914349501,      0.3263196637,                 0,                 0,                 0,      0.0555273574,   -0.001609922529,      0.3263213076,                 0,        170.459816
          0,           0,         353,      -5.912450425,      -5.850633191,      -5.695048334,      -5.301946051,             0.448,    0.001914225932,      0.3263104901,                 0,                 0,                 0,     0.05552465697,   -0.001609947019,      0.3263121332,                 0,       170.4660274
          0,           0,         354,      -6.154292523,      -6.021116357,      -6.119457942,      -5.560831938,             0.448,    0.001913522848,      0.3262667155,                 0,                 0,                 0,     0.05551287296,   -0.001610177308,      0.3262683535,                 0,       170.5057851
          0,           0,         355,      -6.352143383,      -6.161236779,      -6.354589937,      -5.742179115,             0.448,    0.001912385721,      0.3261993048,                 0,                 0,                 0,     0.05549657514,   -0.001610586352,      0.3262009345,                 0,       170.5719203
          0,           0,         356,      -6.512339383,       -6.35953979,      -6.420297273,      -5.914325304,             0.448,    0.001911705479,       0.326138591,                 0,                 0,                 0,     0.05548530758,   -0.001610610862,      0.3261402169,                 0,       170.6008559
          0,           0,         357,      -6.606608599,      -6.466082626,       -6.54600763,      -6.009986658,             0.448,     0.00191119856,      0.3261040099,                 0,                 0,                 0,     0.05548296442,   -0.001610744285,      0.3261056323,                 0,       170.6280115
          0,           0,         358,      -6.737277458,      -6.558832691,       -6.67870172,      -6.138413471,             0.448,    0.001910884432,      0.3260954889,                 0,                 0,                 0,     0.05548766337,   -0.001610966371,      0.3260971085,                 0,       170.6516017
          0,           0,         359,      -6.766971772,      -6.589074779,      -6.744052864,      -6.166400069,             0.448,     0.00191064166,       0.326094777,                 0,                 0,                 0,     0.05549323291,   -0.001611201441,       0.326096394,                 0,       170.6729126
          0,           0,         360,      -6.819118055,      -6.652596938,      -6.787344928,      -6.217095523,             0.448,    0.001910112244,      0.3260861729,                 0,                 0,                 0,     0.05549580032,   -0.001611637904,      0.3260877846,                 0,       170.7157126
          0,           0,         361,      -6.933547923,      -6.781408223,       -6.87733446,      -6.337946314,             0.448,    0.001909607604,      0.3260714396,                 0,                 0,                 0,     0.05549642904,   -0.001611983399,      0.3260730468,                 0,       170.7531112
          0,           0,         362,      -7.009033069,        -6.8696858,      -6.995730015,      -6.421996464,             0.448,    0.001909258803,      0.3260568775,                 0,                 0,                 0,     0.05549684203,   -0.001612174914,      0.3260584818,                 0,       170.7766789
          0,           0,         363,      -7.036369038,      -6.907594356,      -7.059804798,      -6.447630645,             0.448,    0.001908954626,      0.3260440257,                 0,                 0,                 0,     0.05549722994,   -0.001612340277,      0.3260456274,                 0,       170.7971584
          0,           0,         364,      -7.093497324,      -6.977802747,      -7.094172404,      -6.505001355,             0.448,    0.001908679927,      0.3260322336,                 0,                 0,                 0,     0.05549741266,   -0.001612487609,      0.3260338331,                 0,       170.8155616
          0,           0,         365,      -7.169624049,      -7.074227397,       -7.17903028,      -6.588105628,             0.448,    0.001908489648,      0.3260214467,                 0,                 0,                 0,     0.05549747129,    -0.00161256138,      0.3260230447,                 0,         170.82694
          0,           0,         366,       -7.21818879,      -7.157818089,      -7.309558036,      -6.643161708,             0.448,     0.00190839371,      0.3260117933,                 0,                 0,                 0,     0.05549741923,   -0.001612553059,      0.3260133908,                 0,       170.8304694
          0,           0,         367,       -7.24852998,      -7.224180861,      -7.395198014,      -6.675152237,             0.448,      0.0019083579,      0.3260027543,                 0,                 0,                 0,     0.05549707344,   -0.001612491249,       0.326004352,                 0,       170.8289385
          0,           0,         368,      -7.276672626,      -7.281614114,      -7.418316696,      -6.703751215,             0.448,    0.001908358451,      0.3259936375,                 0,                 0,                 0,      0.0554963041,   -0.001612392238,      0.3259952357,                 0,       170.8241118
          0,           0,         369,      -7.299382597,      -7.334482581,      -7.449658992,      -6.728105819,             0.448,    0.001908403829,      0.3259844175,                 0,                 0,                 0,     0.05549520843,   -0.001612247289,      0.3259860167,                 0,       170.8152187
          0,           0,         370,      -7.316155512,      -7.388648892,      -7.503059178,      -6.747876949,             0.448,    0.001908502154,      0.3259754465,                 0,                 0,                 0,     0.05549396122,   -0.001612052087,      0.3259770474,                 0,       170.8017179
          0,           0,         371,      -7.329573482,      -7.447886555,      -7.557899448,      -6.764963548,             0.448,    0.001908644579,      0.3259668038,                 0,                 0,                 0,     0.05549262663,    -0.00161181633,      0.3259684067,                 0,       170.7844443
          0,           0,         372,      -7.338980816,      -7.508241139,      -7.600890634,      -6.777816904,             0.448,    0.001908819291,      0.3259583158,                 0,                 0,                 0,     0.05549119042,   -0.001611549961,      0.3259599211,                 0,       170.7643659
          0,           0,         373,        -7.3433099,      -7.563735593,      -7.635177609,      -6.784781825,             0.448,    0.001909017703,       0.325949911,                 0,                 0,                 0,     0.05548966706,   -0.001611260791,      0.3259515189,                 0,        170.742215
          0,           0,         374,      -7.343698605,      -7.612724683,      -7.664406474,      -6.787165743,             0.448,    0.001909229034,      0.3259416786,                 0,                 0,                 0,     0.05548811038,   -0.001610960565,      0.3259432893,                 0,       170.7190037
          0,           0,         375,      -7.342017192,      -7.655321915,      -7.687491087,      -6.787190766,             0.448,    0.001909440324,       0.325933691,                 0,                 0,                 0,     0.05548656609,   -0.001610663023,      0.3259353044,                 0,       170.6959295
          0,           0,         376,      -7.339483687,      -7.691332085,      -7.703490626,      -6.786132292,             0.448,    0.001909641683,      0.3259259248,                 0,                 0,                 0,     0.05548505323,   -0.001610377803,      0.3259275409,                 0,        170.673864
          0,           0,         377,      -7.336655366,      -7.721377512,       -7.71383997,      -6.784495407,             0.448,    0.001909827923,      0.3259183376,                 0,                 0,                 0,      0.0554835821,   -0.001610109635,      0.3259199561,                 0,       170.6532477
          0,           0,         378,      -7.333761477,      -7.746858423,      -7.721703141,      -6.782531334,             0.448,     0.00190999595,      0.3259109391,                 0,                 0,                 0,     0.05548217028,   -0.001609861716,      0.3259125598,                 0,       170.6343614
          0,           0,         379,      -7.330967256,      -7.769537949,      -7.729849307,      -6.780487146,             0.448,    0.001910142603,      0.3259037769,                 0,                 0,                 0,     0.05548083903,   -0.001609637721,      0.3259053996,                 0,       170.6175112
          0,           0,         380,       -7.32845613,      -7.791343106,      -7.739113196,       -6.77862502,             0.448,    0.001910264927,      0.3258968911,                 0,                 0,                 0,     0.05547960348,   -0.001609441039,      0.3258985156,                 0,        170.602981
          0,           0,         381,      -7.326360199,       -7.81351466,      -7.748994568,      -6.777105015,             0.448,    0.001910361007,      0.3258902967,                 0,                 0,                 0,     0.05547846927,   -0.001609273748,      0.3258919226,                 0,       170.5909488
          0,           0,         382,      -7.324736248,      -7.836062315,      -7.758881656,       -6.77596379,             0.448,    0.001910430103,      0.3258839948,                 0,                 0,                 0,     0.05547743565,   -0.001609136597,      0.3258856218,                 0,       170.5814802
          0,           0,         383,      -7.323617969,      -7.858215028,      -7.768466757,      -6.775208348,             0.448,    0.001910472533,      0.3258779862,                 0,                 0,                 0,     0.05547649941,   -0.001609029278,       0.325879614,                 0,       170.5745466
          0,           0,         384,      -7.323050829,      -7.879166503,      -7.777638012,      -6.774877509,             0.448,    0.001910489575,      0.3258722762,                 0,                 0,                 0,     0.05547565676,   -0.001608950571,      0.3258739045,                 0,       170.5700363
          0,           0,         385,      -7.323088214,      -7.898495596,      -7.786428991,      -6.775035456,             0.448,    0.001910483291,      0.3258668721,                 0,                 0,                 0,     0.05547490322,   -0.001608898492,      0.3258685006,                 0,       170.5677687
          0,           0,         386,      -7.323782793,      -7.916181616,      -7.795045697,      -6.775753147,             0.448,    0.001910456338,       0.325861779,                 0,                 0,                 0,     0.05547423314,    -0.00160887044,      0.3258634076,                 0,       170.5675092
          0,           0,         387,      -7.325183858,      -7.932359296,      -7.803815034,      -6.777100223,             0.448,     0.00191041175,      0.3258569971,                 0,                 0,                 0,     0.05547363919,   -0.001608863382,      0.3258586255,                 0,       170.5689871
          0,           0,         388,      -7.327329983,      -7.947075281,      -7.812985165,      -6.779133067,             0.448,    0.001910352838,       0.325852522,                 0,                 0,                 0,     0.05547311285,    -0.00160887396,        0.32585415,                 0,       170.5719046
          0,           0,         389,      -7.330253213,      -7.960214826,      -7.822764928,      -6.781901358,             0.448,    0.001910283097,      0.3258483438,                 0,                 0,                 0,     0.05547264467,   -0.001608898574,      0.3258499713,                 0,       170.5759447
          0,           0,         390,      -7.333975013,      -7.971603595,       -7.83327761,      -6.785438457,             0.448,    0.001910206269,      0.3258444505,                 0,                 0,                 0,     0.05547222563,   -0.001608933351,      0.3258460774,                 0,        170.580767
          0,           0,         391,       -7.33850698,        -7.9811555,       -7.84456486,      -6.789763309,             0.448,    0.001910126115,      0.3258408282,                 0,                 0,                 0,     0.05547184757,   -0.001608974381,      0.3258424545,                 0,       170.5860287
          0,           0,         392,      -7.343850903,      -7.988958783,      -7.856604961,      -6.794883424,             0.448,    0.001910046224,      0.3258374623,                 0,                 0,                 0,     0.05547150333,   -0.001609017915,      0.3258390879,                 0,       170.5914015
          0,           0,         393,      -7.350002167,      -7.995290187,       -7.86933396,       -6.80079978,             0.448,    0.001909969912,      0.3258343377,                 0,                 0,                 0,     0.05547118718,   -0.001609060478,      0.3258359626,                 0,       170.5965815
          0,           0,         394,      -7.356951297,      -8.000589635,       -7.88266681,      -6.807507803,             0.448,    0.001909900108,      0.3258314394,                 0,                 0,                 0,     0.05547089481,   -0.001609098978,      0.3258330638,                 0,       170.6012991
          0,           0,         395,      -7.364685034,      -8.005398129,       -7.89652438,      -6.814998114,             0.448,    0.001909839198,      0.3258287531,                 0,                 0,                 0,     0.05547062327,   -0.001609130873,      0.3258303769,                 0,       170.6053334
          0,           0,         396,      -7.373188176,      -8.010267206,      -7.910854939,      -6.823258678,             0.448,    0.001909788936,      0.3258262649,                 0,                 0,                 0,     0.05547037082,   -0.001609154259,      0.3258278883,                 0,       170.6085205
          0,           0,         397,      -7.382444261,      -8.015676148,      -7.925636879,      -6.832274945,             0.448,    0.001909750407,      0.3258239622,                 0,                 0,                 0,      0.0554701369,   -0.001609167919,      0.3258255854,                 0,       170.6107568
          0,           0,         398,      -7.392435748,      -8.021993979,      -7.940869109,      -6.842029963,             0.448,    0.001909724044,      0.3258218341,                 0,                 0,                 0,     0.05546992187,   -0.001609171297,      0.3258234571,                 0,       170.6119976
          0,           0,         399,      -7.403143852,      -8.029478696,      -7.956559647,      -6.852504601,             0.448,    0.001909709689,       0.325819871,                 0,                 0,                 0,     0.05546972685,   -0.001609164449,      0.3258214939,                 0,       170.6122521
          0,           0,         400,      -7.414549226,      -8.038291087,      -7.972718149,      -6.863678728,             0.448,    0.001909706662,       0.325818065,                 0,                 0,                 0,     0.05546955344,   -0.001609147972,       0.325819688,                 0,       170.6115769
          0,           0,         401,      -7.426631746,      -8.048508968,      -7.989351252,      -6.875531083,             0.448,    0.001914886794,      0.3258163783,                 0,                 0,                 0,     0.05546940341,   -0.001609122883,      0.3258180319,                 0,       170.1491594
          0,           0,         402,      -5.852969601,      -5.824324654,      -5.655274639,      -5.246337955,             0.448,     0.00191490312,      0.3258151515,                 0,                 0,                 0,     0.05546934149,   -0.001609093289,      0.3258168053,                 0,       170.1470681
          0,           0,         403,      -6.150142562,       -6.08832549,      -5.932737923,       -5.53963783,             0.448,    0.001914977739,      0.3258204991,                 0,                 0,                 0,     0.05547092163,   -0.001609076512,      0.3258221534,                 0,       170.1432306
          0,           0,         404,      -6.391989465,      -6.258800481,      -6.357146851,      -5.798527315,             0.448,    0.001915387452,      0.3258458656,                 0,                 0,                 0,     0.05547775543,   -0.001608941177,      0.3258475228,                 0,       170.1200795
          0,           0,         405,      -6.589853078,      -6.398924554,      -6.592289286,      -5.979886984,             0.448,    0.001916047739,      0.3258849052,                 0,                 0,                 0,     0.05548719805,   -0.001608703165,      0.3258865673,                 0,       170.0818297
          0,           0,         406,      -6.750070563,      -6.597229137,      -6.658014509,      -6.152057159,             0.448,    0.001916443286,      0.3259200717,                 0,                 0,                 0,     0.05549372921,   -0.001608687987,       0.325921736,                 0,       170.0650752
          0,           0,         407,      -6.844334015,       -6.70376356,      -6.783721377,      -6.247715023,             0.448,    0.001916737924,      0.3259401213,                 0,                 0,                 0,      0.0554950954,   -0.001608610215,      0.3259417876,                 0,       170.0493934
          0,           0,         408,      -6.974982536,      -6.796499765,      -6.916389514,       -6.37612732,             0.448,    0.001916920555,      0.3259450919,                 0,                 0,                 0,     0.05549238533,   -0.001608481355,        0.32594676,                 0,       170.0357853
          0,           0,         409,      -7.004634564,      -6.826744601,      -6.981706856,       -6.40407959,             0.448,    0.001917061735,      0.3259455457,                 0,                 0,                 0,     0.05548917061,   -0.001608345091,      0.3259472152,                 0,       170.0234999
          0,           0,         410,      -7.056737484,      -6.890270488,      -7.024991553,      -6.454743655,             0.448,    0.001917368544,      0.3259505654,                 0,                 0,                 0,     0.05548769127,   -0.001608092591,      0.3259522379,                 0,       169.9989115
          0,           0,         411,      -7.171063212,      -7.019056402,      -7.114979451,       -6.57551417,             0.448,    0.001917660847,      0.3259591282,                 0,                 0,                 0,     0.05548733155,   -0.001607892917,      0.3259608034,                 0,       169.9774643
          0,           0,         412,      -7.246410357,      -7.107284152,      -7.233332291,      -6.659441429,             0.448,    0.001917862826,       0.325967588,                 0,                 0,                 0,     0.05548709473,   -0.001607782447,      0.3259692649,                 0,       169.9639742
          0,           0,         413,      -7.273659963,      -7.145183765,      -7.297370732,      -6.685004236,             0.448,    0.001918038743,      0.3259750548,                 0,                 0,                 0,     0.05548687072,   -0.001607687299,      0.3259767331,                 0,       169.9522786
          0,           0,         414,      -7.330652002,      -7.215405205,      -7.331757649,      -6.742269799,             0.448,    0.001918197336,      0.3259819053,                 0,                 0,                 0,     0.05548676384,   -0.001607602807,       0.325983585,                 0,       169.9417985
          0,           0,         415,      -7.406523136,      -7.311817391,      -7.416614338,       -6.82514239,             0.448,    0.001918306849,      0.3259881707,                 0,                 0,                 0,     0.05548672734,   -0.001607561065,      0.3259898512,                 0,        169.935363
          0,           0,         416,       -7.45485529,      -7.395355151,      -7.547035521,      -6.879955084,             0.448,     0.00191836159,      0.3259937767,                 0,                 0,                 0,     0.05548675377,   -0.001607566959,      0.3259954574,                 0,       169.9334361
          0,           0,         417,      -7.485035205,      -7.461651659,      -7.632513279,       -6.91177313,             0.448,    0.001918381422,       0.325999024,                 0,                 0,                 0,     0.05548694935,   -0.001607603881,      0.3260007047,                 0,       169.9344147
          0,           0,         418,       -7.51302488,      -7.519031023,      -7.655588242,      -6.940216026,             0.448,    0.001918380137,      0.3260043133,                 0,                 0,                 0,     0.05548738936,   -0.001607662372,      0.3260059936,                 0,       169.9372856
          0,           0,         419,      -7.535614961,      -7.571868425,      -7.686906197,      -6.964441095,             0.448,     0.00191835281,      0.3260096585,                 0,                 0,                 0,     0.05548801745,    -0.00160774751,      0.3260113382,                 0,       169.9424928
          0,           0,         420,      -7.552320291,        -7.6260168,      -7.740238464,      -6.984123175,             0.448,    0.001918294814,      0.3260148564,                 0,                 0,                 0,     0.05548873284,    -0.00160786172,      0.3260165352,                 0,       169.9503403
          0,           0,         421,      -7.565703793,      -7.685213675,      -7.795007763,      -7.001146591,             0.448,    0.001918211318,      0.3260198621,                 0,                 0,                 0,     0.05548949881,   -0.001607999351,      0.3260215397,                 0,       169.9603474
          0,           0,         422,      -7.575104864,      -7.745467612,      -7.837976858,      -7.013964889,             0.448,     0.00191810916,      0.3260247758,                 0,                 0,                 0,     0.05549032361,   -0.001608154647,       0.326026452,                 0,       169.9719612
          0,           0,         423,       -7.57945949,      -7.800803654,      -7.872276225,      -7.020934168,             0.448,    0.001917993316,      0.3260296391,                 0,                 0,                 0,       0.055491199,   -0.001608323085,      0.3260313138,                 0,        169.984763
          0,           0,         424,      -7.579896123,      -7.849614634,      -7.901516687,      -7.023355001,             0.448,    0.001917870001,      0.3260344005,                 0,                 0,                 0,     0.05549209387,   -0.001608497891,      0.3260360736,                 0,       169.9981753
          0,           0,         425,      -7.578268473,      -7.892057597,      -7.924605978,      -7.023431078,             0.448,    0.001917746734,      0.3260390188,                 0,                 0,                 0,     0.05549298196,     -0.0016086711,      0.3260406903,                 0,       170.0115104
          0,           0,         426,      -7.575783068,      -7.927961794,      -7.940612146,      -7.022424315,             0.448,    0.001917629258,      0.3260435082,                 0,                 0,                 0,     0.05549385244,   -0.001608837123,      0.3260451781,                 0,       170.0242665
          0,           0,         427,      -7.572991651,      -7.957943135,      -7.950975893,      -7.020832604,             0.448,    0.001917520578,       0.326047893,                 0,                 0,                 0,     0.05549469925,   -0.001608993222,      0.3260495615,                 0,       170.0361899
          0,           0,         428,      -7.570117857,      -7.983379333,      -7.958850268,      -7.018899404,             0.448,    0.001917422487,      0.3260521677,                 0,                 0,                 0,     0.05549551219,    -0.00160913754,      0.3260538349,                 0,       170.0471179
          0,           0,         429,      -7.567325774,      -8.006015316,      -7.966983022,      -7.016869099,             0.448,     0.00191733681,       0.326056305,                 0,                 0,                 0,       0.055496279,   -0.001609267961,      0.3260579711,                 0,       170.0568744
          0,           0,         430,      -7.564800509,      -8.027771837,      -7.976203042,      -7.015004484,             0.448,    0.001917265255,      0.3260602822,                 0,                 0,                 0,     0.05549699099,   -0.001609382526,      0.3260619472,                 0,       170.0652955
          0,           0,         431,      -7.562676575,      -8.049889809,      -7.986012557,      -7.013466904,             0.448,    0.001917208946,      0.3260640906,                 0,                 0,                 0,     0.05549764489,   -0.001609480022,      0.3260657548,                 0,       170.0722768
          0,           0,         432,      -7.561013098,      -8.072382798,      -7.995805697,      -7.012294752,             0.448,    0.001917168331,      0.3260677298,                 0,                 0,                 0,     0.05549824108,   -0.001609559995,      0.3260693933,                 0,        170.077778
          0,           0,         433,      -7.559846536,       -8.09448871,      -8.005284053,      -7.011497987,             0.448,    0.001917143238,      0.3260711995,                 0,                 0,                 0,     0.05549878138,   -0.001609622613,      0.3260728625,                 0,       170.0818139
          0,           0,         434,      -7.559224821,      -8.115412172,       -8.01433622,      -7.011117832,             0.448,    0.001917132933,      0.3260744967,                 0,                 0,                 0,     0.05549926796,   -0.001609668579,      0.3260761594,                 0,        170.084448
          0,           0,         435,      -7.559203546,      -8.134739094,       -8.02300101,       -7.01122044,             0.448,    0.001917136214,      0.3260776172,                 0,                 0,                 0,     0.05549970332,   -0.001609699048,      0.3260792798,                 0,       170.0857846
          0,           0,         436,      -7.559835796,      -8.152449362,      -8.031487188,      -7.011877119,             0.448,    0.001917151554,      0.3260805582,                 0,                 0,                 0,     0.05550009075,   -0.001609715519,      0.3260822208,                 0,       170.0859578
          0,           0,         437,      -7.561169441,      -8.168672727,      -8.040105734,      -7.013156094,             0.448,    0.001917177207,      0.3260833199,                 0,                 0,                 0,      0.0555004345,   -0.001609719736,      0.3260849826,                 0,       170.0851224
          0,           0,         438,      -7.563246178,      -8.183445751,      -8.049151163,      -7.015118336,             0.448,    0.001917211262,      0.3260859054,                 0,                 0,                 0,     0.05550073952,   -0.001609713647,      0.3260875684,                 0,       170.0834498
          0,           0,         439,      -7.566098907,      -8.196652614,      -8.058827143,      -7.017812621,             0.448,    0.001917251653,        0.32608832,                 0,                 0,                 0,      0.0555010111,   -0.001609699373,      0.3260899833,                 0,        170.081126
          0,           0,         440,      -7.569751648,       -8.20812266,      -8.069239001,       -7.02127496,             0.448,    0.001917296218,      0.3260905706,                 0,                 0,                 0,     0.05550125448,   -0.001609679152,      0.3260922342,                 0,       170.0783465
          0,           0,         441,      -7.574217328,      -8.217762971,      -8.080415356,      -7.025526748,             0.448,    0.001917342789,       0.326092665,                 0,                 0,                 0,     0.05550147442,   -0.001609655236,       0.326094329,                 0,       170.0753078
          0,           0,         442,      -7.579499927,      -8.225646464,      -8.092333058,      -7.030578473,             0.448,     0.00191738928,      0.3260946117,                 0,                 0,                 0,     0.05550167491,   -0.001609629803,      0.3260962761,                 0,       170.0721993
          0,           0,         443,      -7.585595963,      -8.232041837,      -8.104935619,       -7.03643209,             0.448,    0.001917433752,      0.3260964193,                 0,                 0,                 0,     0.05550185925,   -0.001609604883,       0.326098084,                 0,       170.0691974
          0,           0,         444,      -7.592496438,      -8.237388221,      -8.118151436,       -7.04308338,             0.448,    0.001917474511,      0.3260980963,                 0,                 0,                 0,     0.05550202993,   -0.001609582265,      0.3260997614,                 0,       170.0664569
          0,           0,         445,      -7.600188997,      -8.242226238,      -8.131913334,      -7.050524052,             0.448,    0.001917510175,      0.3260996513,                 0,                 0,                 0,     0.05550218865,   -0.001609563421,      0.3261013167,                 0,       170.0641048
          0,           0,         446,      -7.608659398,      -8.247106233,      -8.146173481,      -7.058742934,             0.448,    0.001917539723,      0.3261010921,                 0,                 0,                 0,     0.05550233642,   -0.001609549458,      0.3261027577,                 0,       170.0622356
          0,           0,         447,      -7.617891956,      -8.252509101,      -8.160907762,      -7.067726229,             0.448,     0.00191756252,      0.3261024258,                 0,                 0,                 0,     0.05550247354,   -0.001609541087,      0.3261040916,                 0,       170.0609093
          0,           0,         448,      -7.627869497,       -8.25880769,      -8.176110686,      -7.077457517,             0.448,      0.0019175783,       0.326103659,                 0,                 0,                 0,     0.05550259976,   -0.001609538645,      0.3261053248,                 0,       170.0601529
          0,           0,         449,      -7.638573453,      -8.266264001,       -8.19178721,      -7.087918087,             0.448,    0.001917587142,       0.326104797,                 0,                 0,                 0,      0.0555027144,   -0.001609542112,      0.3261064629,                 0,       170.0599622
          0,           0,         450,      -7.649984209,      -8.275042056,      -8.207945842,      -7.099087582,             0.448,    0.001917589427,      0.3261058446,                 0,                 0,                 0,     0.05550281652,   -0.001609551159,      0.3261075105,                 0,        170.060306
          0,           0,         451,      -7.662081745,      -8.285221328,       -8.22459399,      -7.110944902,             0.448,    0.001914573633,      0.3261068236,                 0,                 0,                 0,     0.05550290506,   -0.001609565202,      0.3261084717,                 0,       170.3286925
          0,           0,         452,      -6.088217479,      -6.059571142,      -5.890522119,      -5.481585517,             0.448,    0.001914564657,      0.3261075354,                 0,                 0,                 0,     0.05550294233,    -0.00160958187,      0.3261091833,                 0,       170.3298628
          0,           0,         453,      -6.385390684,      -6.323574864,      -6.167986183,      -5.774886197,             0.448,    0.001914521781,      0.3261044229,                 0,                 0,                 0,      0.0555020243,   -0.001609591108,      0.3261060705,                 0,       170.3320516
          0,           0,         454,      -6.627239888,      -6.494050758,       -6.59239355,      -6.033777857,             0.448,    0.001914284006,      0.3260896649,                 0,                 0,                 0,     0.05549804995,    -0.00160966939,      0.3260913109,                 0,       170.3454994
          0,           0,         455,      -6.825103741,       -6.63417357,      -6.827538243,      -6.215136106,             0.448,    0.001913900398,      0.3260669533,                 0,                 0,                 0,     0.05549255776,   -0.001609807545,      0.3260685964,                 0,       170.3677755
          0,           0,         456,      -6.985326341,      -6.832476942,      -6.893260728,      -6.387308437,             0.448,    0.001913670693,      0.3260464952,                 0,                 0,                 0,     0.05548875919,    -0.00160981616,      0.3260481371,                 0,       170.3775349
          0,           0,         457,       -7.07959898,      -6.939014739,      -7.018966665,      -6.482973352,             0.448,    0.001913499486,      0.3260348313,                 0,                 0,                 0,     0.05548796498,   -0.001609861313,       0.326036472,                 0,       170.3866835
          0,           0,         458,      -7.210263954,      -7.031755942,      -7.151637002,      -6.611397392,             0.448,    0.001913393293,      0.3260319397,                 0,                 0,                 0,     0.05548954194,   -0.001609936251,      0.3260335793,                 0,       170.3946286
          0,           0,         459,      -7.239923517,      -7.062001946,      -7.216956246,      -6.639355434,             0.448,    0.001913311139,      0.3260316761,                 0,                 0,                 0,     0.05549141233,   -0.001610015552,      0.3260333149,                 0,       170.4018074
          0,           0,         460,      -7.292040813,      -7.125530605,      -7.260241086,      -6.690029633,             0.448,    0.001913132597,      0.3260287562,                 0,                 0,                 0,     0.05549227294,   -0.001610162531,      0.3260303933,                 0,       170.4161838
          0,           0,         461,      -7.406406507,       -7.25432927,      -7.350231135,       -6.81083107,             0.448,    0.001912962502,      0.3260237752,                 0,                 0,                 0,     0.05549248207,   -0.001610278789,      0.3260254107,                 0,       170.4287328
          0,           0,         462,      -7.481790034,      -7.342574779,       -7.46859107,      -6.894791714,             0.448,    0.001912844939,      0.3260188543,                 0,                 0,                 0,     0.05549261958,   -0.001610343168,      0.3260204888,                 0,       170.4366348
          0,           0,         463,      -7.509050313,      -7.380482002,      -7.532634141,      -6.920364046,             0.448,    0.001912742492,      0.3260145111,                 0,                 0,                 0,     0.05549274946,   -0.001610398674,      0.3260161447,                 0,       170.4434927
          0,           0,         464,      -7.566074292,      -7.450710275,      -7.567016208,      -6.977656055,             0.448,     0.00191265008,      0.3260105262,                 0,                 0,                 0,     0.05549281104,   -0.001610448019,      0.3260121591,                 0,       170.4496445
          0,           0,         465,      -7.641990425,      -7.547128015,      -7.651868251,      -7.060571251,             0.448,    0.001912586191,      0.3260068815,                 0,                 0,                 0,     0.05549283158,   -0.001610472518,      0.3260085139,                 0,       170.4534326
          0,           0,         466,        -7.6903184,      -7.630662577,      -7.782291269,      -7.115386247,             0.448,    0.001912554154,      0.3260036205,                 0,                 0,                 0,     0.05549281551,   -0.001610469315,      0.3260052528,                 0,       170.4545829
          0,           0,         467,      -7.720456376,      -7.696956698,      -7.867763858,      -7.147171838,             0.448,    0.001912542433,      0.3260005683,                 0,                 0,                 0,     0.05549270114,   -0.001610448052,      0.3260022006,                 0,       170.4540316
          0,           0,         468,      -7.748392192,      -7.754336418,      -7.890816034,       -7.17557424,             0.448,    0.001912543018,      0.3259974919,                 0,                 0,                 0,      0.0554924447,   -0.001610414221,      0.3259991244,                 0,       170.4523709
          0,           0,         469,      -7.770912337,      -7.807169173,      -7.922105302,      -7.199746178,             0.448,    0.001912558772,      0.3259943829,                 0,                 0,                 0,     0.05549207894,   -0.001610364871,      0.3259960157,                 0,       170.4493413
          0,           0,         470,      -7.787530445,      -7.861307301,      -7.975399498,      -7.219357397,             0.448,    0.001912592378,      0.3259913595,                 0,                 0,                 0,     0.05549166245,   -0.001610298596,      0.3259929929,                 0,       170.4447656
          0,           0,         471,      -7.800813722,      -7.920490252,      -8.030116011,      -7.236293546,             0.448,    0.001912640847,      0.3259884481,                 0,                 0,                 0,     0.05549121666,   -0.001610218668,      0.3259900822,                 0,       170.4389241
          0,           0,         472,      -7.810110387,      -7.980726892,      -8.073017951,      -7.249015706,             0.448,    0.001912700205,      0.3259855903,                 0,                 0,                 0,     0.05549073682,   -0.001610128431,      0.3259872252,                 0,       170.4321407
          0,           0,         473,      -7.814369638,      -8.036042839,      -8.107236841,      -7.255893137,             0.448,    0.001912767554,      0.3259827621,                 0,                 0,                 0,      0.0554902277,   -0.001610030523,      0.3259843978,                 0,        170.424661
          0,           0,         474,       -7.81472672,       -8.08483308,      -8.136395884,      -7.258233497,             0.448,    0.001912839272,      0.3259799932,                 0,                 0,                 0,     0.05548970738,   -0.001609928888,        0.32598163,                 0,       170.4168238
          0,           0,         475,      -7.813037455,       -8.12725794,      -8.159417733,      -7.258243203,             0.448,    0.001912910978,      0.3259773078,                 0,                 0,                 0,     0.05548919113,   -0.001609828167,      0.3259789455,                 0,       170.4090319
          0,           0,         476,      -7.810507542,      -8.163147334,      -8.175382218,      -7.257184381,             0.448,     0.00191297932,      0.3259746977,                 0,                 0,                 0,     0.05548868527,   -0.001609731622,      0.3259763363,                 0,       170.4015795
          0,           0,         477,      -7.807687901,      -8.193115094,      -8.185731466,      -7.255555201,             0.448,    0.001913042553,      0.3259721485,                 0,                 0,                 0,     0.05548819328,   -0.001609640847,      0.3259737879,                 0,       170.3946147
          0,           0,         478,      -7.804802244,      -8.218538834,      -8.193612171,      -7.253600084,             0.448,    0.001913099628,      0.3259696636,                 0,                 0,                 0,      0.0554877211,   -0.001609556921,      0.3259713037,                 0,       170.3882321
          0,           0,         479,      -7.802014707,      -8.241166328,      -8.201766215,      -7.251564142,             0.448,    0.001913149486,      0.3259672587,                 0,                 0,                 0,     0.05548727584,   -0.001609481078,      0.3259688995,                 0,       170.3825347
          0,           0,         480,      -7.799509564,      -8.262921255,      -8.211021518,       -7.24970987,             0.448,     0.00191319113,      0.3259649471,                 0,                 0,                 0,     0.05548686257,   -0.001609414457,      0.3259665885,                 0,       170.3776178
          0,           0,         481,      -7.797419941,      -8.285045439,      -8.220882185,      -7.248197648,             0.448,    0.001913223907,      0.3259627339,                 0,                 0,                 0,     0.05548648317,   -0.001609357765,      0.3259643758,                 0,       170.3735421
          0,           0,         482,      -7.795803316,      -8.307551418,      -8.230743774,      -7.247064582,             0.448,    0.001913247562,      0.3259606192,                 0,                 0,                 0,     0.05548613739,    -0.00160931126,      0.3259622615,                 0,       170.3703304
          0,           0,         483,      -7.794693817,      -8.329674732,      -8.240304088,      -7.246318356,             0.448,    0.001913262198,      0.3259586033,                 0,                 0,                 0,     0.05548582415,    -0.00160927484,      0.3259602458,                 0,       170.3679734
          0,           0,         484,      -7.794137567,       -8.35061719,      -8.249454219,      -7.245998612,             0.448,    0.001913268244,      0.3259566878,                 0,                 0,                 0,      0.0554855422,   -0.001609248095,      0.3259583305,                 0,       170.3664339
          0,           0,         485,      -7.794188657,      -8.369963427,       -8.25822931,      -7.246170107,             0.448,    0.001913266401,      0.3259548752,                 0,                 0,                 0,     0.05548529005,   -0.001609230349,       0.325956518,                 0,       170.3656506
          0,           0,         486,      -7.794898747,      -8.387692422,      -8.266831548,      -7.246902557,             0.448,    0.001913257559,      0.3259531671,                 0,                 0,                 0,     0.05548506578,   -0.001609220733,      0.3259548099,                 0,       170.3655452
          0,           0,         487,      -7.796314406,      -8.403933038,      -8.275568876,      -7.248262676,             0.448,    0.001913242729,      0.3259515636,                 0,                 0,                 0,     0.05548486694,   -0.001609218233,      0.3259532063,                 0,       170.3660276
          0,           0,         488,      -7.798476291,      -8.418722032,       -8.28473415,      -7.250310285,             0.448,    0.001913223029,      0.3259500628,                 0,                 0,                 0,     0.05548469063,   -0.001609221715,      0.3259517055,                 0,       170.3669974
          0,           0,         489,      -7.801416684,      -8.431945785,      -8.294528782,      -7.253093468,             0.448,     0.00191319966,      0.3259486617,                 0,                 0,                 0,     0.05548453375,   -0.001609229942,      0.3259503042,                 0,       170.3683461
          0,           0,         490,       -7.80515766,      -8.443437074,      -8.305055604,      -7.256646011,             0.448,    0.001913173874,      0.3259473562,                 0,                 0,                 0,     0.05548439327,   -0.001609241618,      0.3259489984,                 0,       170.3699599
          0,           0,         491,      -7.809711291,      -8.453105168,      -8.316342508,      -7.260988395,             0.448,     0.00191314693,      0.3259461415,                 0,                 0,                 0,     0.05548426643,   -0.001609255433,      0.3259477835,                 0,       170.3717243
          0,           0,         492,      -7.815080819,      -8.461023915,      -8.328365903,      -7.266130235,             0.448,    0.001913120044,      0.3259450127,                 0,                 0,                 0,     0.05548415087,    -0.00160927012,      0.3259466545,                 0,       170.3735287
          0,           0,         493,      -7.821262103,      -8.467461817,      -8.341068585,      -7.272072714,             0.448,     0.00191309434,      0.3259439648,                 0,                 0,                 0,     0.05548404467,     -0.0016092845,      0.3259456064,                 0,       170.3752701
          0,           0,         494,      -7.828245592,      -8.472858108,        -8.3543779,      -7.278810984,             0.448,    0.001913070801,      0.3259429928,                 0,                 0,                 0,     0.05548394639,   -0.001609297533,      0.3259446342,                 0,       170.3768583
          0,           0,         495,      -7.836018458,      -8.477753121,      -8.368225782,       -7.28633623,             0.448,    0.001913050229,      0.3259420918,                 0,                 0,                 0,     0.05548385501,   -0.001609308368,       0.325943733,                 0,       170.3782195
          0,           0,         496,      -7.844566022,      -8.482696081,      -8.382564034,      -7.294636795,             0.448,    0.001913033212,      0.3259412572,                 0,                 0,                 0,     0.05548376998,   -0.001609316364,      0.3259428983,                 0,       170.3792988
          0,           0,         497,      -7.853872208,      -8.488167042,      -8.397368587,      -7.303698447,             0.448,     0.00191302012,      0.3259404847,                 0,                 0,                 0,      0.0554836911,   -0.001609321107,      0.3259421257,                 0,        170.380061
          0,           0,         498,      -7.863919528,      -8.494537928,      -8.412634233,      -7.313504412,             0.448,    0.001913011105,      0.3259397707,                 0,                 0,                 0,     0.05548361851,   -0.001609322406,      0.3259414116,                 0,       170.3804907
          0,           0,         499,      -7.874689145,      -8.502069559,      -8.428366192,      -7.324035672,             0.448,    0.001913006119,      0.3259391118,                 0,                 0,                 0,      0.0554835526,   -0.001609320272,      0.3259407527,                 0,       170.3805903
          0,           0,         500,      -7.886161216,      -8.510924898,      -8.444573134,      -7.335271597,             0.448,     0.00191300494,      0.3259385054,                 0,                 0,                 0,      0.0554834939,   -0.001609314898,      0.3259401464,                 0,       170.3803784
          0,           0,         501,      -7.898315519,      -8.521182553,      -8.461262632,      -7.347190838,             0.448,    0.001914756318,      0.3259379389,                 0,                 0,                 0,     0.05548344305,   -0.001609306626,      0.3259395901,                 0,       170.2242399
          0,           0,         502,      -6.324050078,       -6.29540286,      -6.126354245,      -5.717417961,             0.448,    0.001914761657,      0.3259375272,                 0,                 0,                 0,     0.05548342191,   -0.001609296837,      0.3259391786,                 0,       170.2235503
          0,           0,         503,       -6.62122317,      -6.559408033,      -6.403817803,      -6.010718669,             0.448,    0.001914786699,      0.3259393374,                 0,                 0,                 0,     0.05548395576,   -0.001609291368,       0.325940989,                 0,       170.2222695
          0,           0,         504,      -6.863075325,      -6.729882762,       -6.82822589,      -6.269612982,             0.448,    0.001914924981,      0.3259479136,                 0,                 0,                 0,     0.05548626527,   -0.001609245817,      0.3259495661,                 0,       170.2144558
          0,           0,         505,      -7.060944388,       -6.87000515,      -7.063371196,      -6.450974986,             0.448,    0.001915147972,      0.3259611107,                 0,                 0,                 0,     0.05548945655,   -0.001609165523,      0.3259627649,                 0,       170.2015278
          0,           0,         506,      -7.221176806,      -7.068309135,      -7.129096379,       -6.62315622,             0.448,    0.001915281504,      0.3259729986,                 0,                 0,                 0,     0.05549166378,   -0.001609160527,      0.3259746535,                 0,       170.1958683
          0,           0,         507,      -7.315458599,       -7.17484885,      -7.254802469,      -6.718829531,             0.448,    0.001915380976,      0.3259797769,                 0,                 0,                 0,      0.0554921253,   -0.001609134345,      0.3259814324,                 0,       170.1905683
          0,           0,         508,      -7.446143327,      -7.267591918,      -7.387471375,       -6.84727095,             0.448,    0.001915442616,      0.3259814582,                 0,                 0,                 0,     0.05549120902,   -0.001609090887,      0.3259831143,                 0,       170.1859693
          0,           0,         509,      -7.475803549,      -7.297839355,      -7.452788854,      -6.875229543,             0.448,    0.001915490263,      0.3259816125,                 0,                 0,                 0,     0.05549012219,   -0.001609044911,      0.3259832691,                 0,       170.1818165
          0,           0,         510,      -7.527923081,      -7.361369132,      -7.496074834,      -6.925905798,             0.448,    0.001915593901,        0.32598331,                 0,                 0,                 0,     0.05548962196,   -0.001608959632,      0.3259849677,                 0,       170.1734954
          0,           0,         511,      -7.642305983,      -7.490169396,      -7.586066481,      -7.046724957,             0.448,    0.001915692633,      0.3259862049,                 0,                 0,                 0,     0.05548950019,   -0.001608892205,      0.3259878634,                 0,       170.1662361
          0,           0,         512,      -7.717699955,      -7.578416725,      -7.704422604,      -7.130699073,             0.448,    0.001915760842,      0.3259890647,                 0,                 0,                 0,     0.05548941996,   -0.001608854919,      0.3259907238,                 0,       170.1616702
          0,           0,         513,      -7.744953928,      -7.616326863,      -7.768462065,      -7.156266694,             0.448,    0.001915820254,      0.3259915887,                 0,                 0,                 0,      0.0554893441,   -0.001608822799,      0.3259932483,                 0,       170.1577108
          0,           0,         514,      -7.801976262,      -7.686559028,      -7.802849203,      -7.213559638,             0.448,    0.001915873821,      0.3259939042,                 0,                 0,                 0,     0.05548930786,    -0.00160879427,      0.3259955643,                 0,       170.1541618
          0,           0,         515,      -7.877889426,      -7.782973719,      -7.887706965,      -7.296475235,             0.448,    0.001915910811,      0.3259960219,                 0,                 0,                 0,     0.05548929542,   -0.001608780178,      0.3259976823,                 0,        170.151982
          0,           0,         516,       -7.92621125,      -7.866495891,      -8.018126362,      -7.351284564,             0.448,      0.0019159293,      0.3259979166,                 0,                 0,                 0,     0.05548930426,   -0.001608782176,       0.325999577,                 0,        170.151329
          0,           0,         517,      -7.956345848,      -7.932778014,      -8.103589278,      -7.383065304,             0.448,    0.001915935997,      0.3259996899,                 0,                 0,                 0,     0.05548937026,   -0.001608794651,      0.3260013503,                 0,       170.1516598
          0,           0,         518,      -7.984274748,      -7.990153545,      -8.126645529,      -7.411459545,             0.448,    0.001915935566,      0.3260014773,                 0,                 0,                 0,     0.05548951887,   -0.001608814407,      0.3260031376,                 0,        170.152631
          0,           0,         519,      -8.006782378,      -8.042990144,      -8.157944875,      -7.435617974,             0.448,    0.001915926338,      0.3260032835,                 0,                 0,                 0,     0.05548973102,   -0.001608843162,      0.3260049436,                 0,       170.1543932
          0,           0,         520,      -8.023388443,      -8.097132412,      -8.211248199,      -7.455215729,             0.448,    0.001915906749,      0.3260050398,                 0,                 0,                 0,     0.05548997267,   -0.001608881739,      0.3260066996,                 0,       170.1570497
          0,           0,         521,      -8.036663248,       -8.15630884,      -8.265975292,      -7.472141333,             0.448,    0.001915878542,      0.3260067311,                 0,                 0,                 0,     0.05549023139,   -0.001608928231,      0.3260083905,                 0,       170.1604376
          0,           0,         522,      -8.045954109,      -8.216523618,      -8.308896471,      -7.484855286,             0.448,    0.001915844026,      0.3260083912,                 0,                 0,                 0,     0.05549050997,   -0.001608980694,      0.3260100502,                 0,       170.1643698
          0,           0,         523,      -8.050208235,      -8.271810012,      -8.343147647,      -7.491725657,             0.448,     0.00191580488,      0.3260100343,                 0,                 0,                 0,     0.05549080563,   -0.001609037601,      0.3260116927,                 0,       170.1687044
          0,           0,         524,      -8.050561716,      -8.320574775,      -8.372342623,      -7.494061845,             0.448,    0.001915763204,      0.3260116429,                 0,                 0,                 0,     0.05549110785,   -0.001609096666,      0.3260133007,                 0,       170.1732459
          0,           0,         525,      -8.048869938,      -8.362983079,      -8.395394862,      -7.494069852,             0.448,    0.001915721539,       0.326013203,                 0,                 0,                 0,     0.05549140775,   -0.001609155196,      0.3260148603,                 0,       170.1777614
          0,           0,         526,       -8.04633832,      -8.398863607,      -8.411377806,      -7.493011127,             0.448,    0.001915681827,      0.3260147194,                 0,                 0,                 0,     0.05549170167,   -0.001609211302,      0.3260163762,                 0,       170.1820808
          0,           0,         527,      -8.043517033,      -8.428827436,      -8.421733457,       -7.49138276,             0.448,    0.001915645081,      0.3260162005,                 0,                 0,                 0,     0.05549198756,   -0.001609264058,      0.3260178568,                 0,       170.1861184
          0,           0,         528,      -8.040628618,      -8.454250381,      -8.429612162,      -7.489427775,             0.448,    0.001915611907,      0.3260176444,                 0,                 0,                 0,     0.05549226199,    -0.00160931284,      0.3260193002,                 0,       170.1898193
          0,           0,         529,      -8.037836073,      -8.476879254,      -8.437758554,       -7.48738991,             0.448,    0.001915582922,      0.3260190418,                 0,                 0,                 0,      0.0554925208,   -0.001609356932,      0.3260206972,                 0,        170.193124
          0,           0,         530,      -8.035322978,      -8.498636453,      -8.447000531,      -7.485530724,             0.448,    0.001915558705,       0.326020385,                 0,                 0,                 0,     0.05549276106,    -0.00160939567,      0.3260220401,                 0,       170.1959768
          0,           0,         531,      -8.033222188,       -8.52076232,      -8.456840786,      -7.484010136,             0.448,    0.001915539638,      0.3260216711,                 0,                 0,                 0,     0.05549298167,   -0.001609428641,      0.3260233259,                 0,       170.1983423
          0,           0,         532,      -8.031591233,      -8.543268748,      -8.466673743,      -7.482865164,             0.448,    0.001915525869,         0.3260229,                 0,                 0,                 0,     0.05549318275,   -0.001609455696,      0.3260245546,                 0,       170.2002073
          0,           0,         533,      -8.030464418,      -8.565391582,      -8.476197232,      -7.482103584,             0.448,    0.001915517341,      0.3260240716,                 0,                 0,                 0,     0.05549336494,   -0.001609476891,      0.3260257261,                 0,       170.2015767
          0,           0,         534,      -8.029888088,      -8.586333271,      -8.485303516,      -7.481765213,             0.448,    0.001915513806,      0.3260251848,                 0,                 0,                 0,     0.05549352897,   -0.001609492461,      0.3260268392,                 0,       170.2024719
          0,           0,         535,      -8.029916607,      -8.605679102,      -8.494029592,      -7.481915079,             0.448,    0.001915514859,      0.3260262384,                 0,                 0,                 0,     0.05549367569,   -0.001609502799,      0.3260278927,                 0,       170.2029284
          0,           0,         536,      -8.030601973,      -8.623408364,      -8.502579579,      -7.482623258,             0.448,    0.001915519985,      0.3260272312,                 0,                 0,                 0,      0.0554938062,   -0.001609508408,      0.3260288855,                 0,       170.2029913
          0,           0,         537,      -8.031991144,      -8.639649638,       -8.51126306,      -7.483956885,             0.448,    0.001915528596,      0.3260281634,                 0,                 0,                 0,     0.05549392195,   -0.001609509876,      0.3260298177,                 0,       170.2027128
          0,           0,         538,      -8.034125187,      -8.654438771,      -8.520374137,      -7.485976222,             0.448,    0.001915540044,      0.3260290358,                 0,                 0,                 0,     0.05549402459,   -0.001609507861,      0.3260306902,                 0,        170.202151
          0,           0,         539,      -8.037036809,      -8.667660729,      -8.530115181,      -7.488729817,             0.448,    0.001915553632,      0.3260298503,                 0,                 0,                 0,     0.05549411594,    -0.00160950308,      0.3260315048,                 0,       170.2013689
          0,           0,         540,      -8.040748506,      -8.679146745,      -8.540589775,      -7.492251913,             0.448,    0.001915568632,      0.3260306094,                 0,                 0,                 0,     0.05549419774,   -0.001609496288,       0.326032264,                 0,       170.2004324
          0,           0,         541,      -8.045272757,      -8.688804892,      -8.551826442,      -7.496563437,             0.448,    0.001915584312,      0.3260313156,                 0,                 0,                 0,     0.05549427161,   -0.001609488244,      0.3260329704,                 0,       170.1994079
          0,           0,         542,      -8.050613185,       -8.69670847,      -8.563802143,      -7.501674424,             0.448,    0.001915599966,      0.3260319719,                 0,                 0,                 0,     0.05549433891,   -0.001609479687,      0.3260336268,                 0,       170.1983597
          0,           0,         543,      -8.056766005,      -8.703126113,      -8.576460184,       -7.50758645,             0.448,    0.001915614939,      0.3260325812,                 0,                 0,                 0,     0.05549440075,   -0.001609471302,      0.3260342362,                 0,       170.1973474
          0,           0,         544,      -8.063722546,      -8.708497735,      -8.589728607,      -7.514295645,             0.448,    0.001915628659,      0.3260331464,                 0,                 0,                 0,     0.05549445799,   -0.001609463694,      0.3260348015,                 0,       170.1964235
          0,           0,         545,      -8.071469713,      -8.713364307,      -8.603538941,       -7.52179284,             0.448,    0.001915640659,      0.3260336703,                 0,                 0,                 0,     0.05549451119,   -0.001609457358,      0.3260353255,                 0,       170.1956307
          0,           0,         546,      -8.079992874,      -8.718275629,      -8.617843957,      -7.530066446,             0.448,    0.001915650597,      0.3260341556,                 0,                 0,                 0,     0.05549456069,   -0.001609452668,      0.3260358109,                 0,       170.1950012
          0,           0,         547,      -8.089276145,      -8.723712576,      -8.632620303,      -7.539102494,             0.448,    0.001915658256,      0.3260346048,                 0,                 0,                 0,      0.0554946066,   -0.001609449866,      0.3260362601,                 0,       170.1945552
          0,           0,         548,       -8.09930221,       -8.73004791,      -8.647862184,      -7.548884421,             0.448,    0.001915663546,        0.32603502,                 0,                 0,                 0,     0.05549464885,   -0.001609449065,      0.3260366754,                 0,       170.1943019
          0,           0,         549,      -8.110052449,      -8.737542952,      -8.663574277,       -7.55939345,             0.448,    0.001915666494,       0.326035403,                 0,                 0,                 0,     0.05549468721,   -0.001609450259,      0.3260370584,                 0,         170.19424
          0,           0,         550,      -8.121507242,       -8.74636119,      -8.679765212,      -7.570609203,             0.448,    0.001915667227,      0.3260357556,                 0,                 0,                 0,     0.05549472137,   -0.001609453338,       0.326037411,                 0,       170.1943589
          0,           0,         551,      -8.133646587,        -8.7565816,      -8.696442647,      -7.582510581,             0.448,    0.001914648639,       0.326036085,                 0,                 0,                 0,     0.05549475096,   -0.001609458103,      0.3260377344,                 0,       170.2850739
          0,           0,         552,      -6.559542627,      -6.530895513,      -6.361846925,      -5.952910526,             0.448,    0.001914645575,      0.3260363243,                 0,                 0,                 0,     0.05549476327,   -0.001609463754,      0.3260379736,                 0,       170.2854714
          0,           0,         553,       -6.85671553,       -6.79490053,      -6.639310676,      -6.246211106,             0.448,    0.001914631055,      0.3260352717,                 0,                 0,                 0,     0.05549445288,   -0.001609466896,      0.3260369209,                 0,        170.286213
          0,           0,         554,      -7.098566604,      -6.965375445,      -7.063718148,      -6.505104404,             0.448,    0.001914550693,      0.3260302851,                 0,                 0,                 0,     0.05549311005,   -0.001609493355,      0.3260319338,                 0,       170.2907561
          0,           0,         555,      -7.296433883,      -7.105497985,      -7.298864054,      -6.686465085,             0.448,    0.001914421072,      0.3260226118,                 0,                 0,                 0,     0.05549125451,    -0.00160954003,      0.3260242595,                 0,       170.2982779
          0,           0,         556,      -7.456663361,      -7.303801418,      -7.364588542,      -6.858643395,             0.448,    0.001914343452,      0.3260156997,                 0,                 0,                 0,     0.05548997113,   -0.001609542937,       0.326017347,                 0,       170.3015723
          0,           0,         557,      -7.550942279,      -7.410340099,      -7.490294043,      -6.954313807,             0.448,    0.001914285612,      0.3260117585,                 0,                 0,                 0,     0.05548970272,   -0.001609558174,      0.3260134054,                 0,        170.304659
          0,           0,         558,      -7.681620516,      -7.503081893,       -7.62296247,      -7.082749049,             0.448,    0.001914249753,      0.3260107808,                 0,                 0,                 0,     0.05549023539,   -0.001609583464,      0.3260124274,                 0,       170.3073386
          0,           0,         559,      -7.711280751,      -7.533328467,       -7.68827901,      -7.110707543,             0.448,    0.001914222018,       0.326010691,                 0,                 0,                 0,     0.05549086721,   -0.001609610226,      0.3260123373,                 0,       170.3097592
          0,           0,         560,      -7.763400797,      -7.596857735,       -7.73156393,      -7.161383919,             0.448,    0.001914161722,      0.3260097038,                 0,                 0,                 0,     0.05549115792,   -0.001609659848,      0.3260113495,                 0,       170.3146082
          0,           0,         561,      -7.877778869,      -7.725656746,      -7.821555189,      -7.282197029,             0.448,     0.00191410428,      0.3260080205,                 0,                 0,                 0,     0.05549122858,   -0.001609699093,      0.3260096656,                 0,       170.3188399
          0,           0,         562,      -7.953168442,      -7.813902736,      -7.939912145,      -7.366165024,             0.448,    0.001914064584,      0.3260063575,                 0,                 0,                 0,     0.05549127505,   -0.001609720812,      0.3260080023,                 0,       170.3215034
          0,           0,         563,      -7.980424966,      -7.851812574,       -8.00395207,      -7.391734655,             0.448,    0.001914029998,      0.3260048896,                 0,                 0,                 0,     0.05549131897,    -0.00160973953,      0.3260065342,                 0,       170.3238141
          0,           0,         564,       -8.03745241,      -7.922044358,      -8.038337482,      -7.449031593,             0.448,    0.001913998807,       0.326003543,                 0,                 0,                 0,     0.05549133983,   -0.001609756163,      0.3260051872,                 0,       170.3258861
          0,           0,         565,      -8.113368124,      -8.018459331,      -8.123192905,       -7.53194884,             0.448,    0.001913977255,      0.3260023112,                 0,                 0,                 0,     0.05549134683,   -0.001609764401,      0.3260039554,                 0,       170.3271605
          0,           0,         566,      -8.161678467,      -8.101982116,      -8.253610194,      -7.586747445,             0.448,    0.001913966465,      0.3260012092,                 0,                 0,                 0,     0.05549134146,    -0.00160976328,      0.3260028533,                 0,        170.327545
          0,           0,         567,      -8.191793014,      -8.168263975,      -8.339067425,      -7.618510231,             0.448,    0.001913962537,      0.3260001777,                 0,                 0,                 0,     0.05549130288,   -0.001609756058,      0.3260018218,                 0,       170.3273557
          0,           0,         568,      -8.219704297,      -8.225636144,      -8.362113977,      -7.646890189,             0.448,    0.001913962765,      0.3259991381,                 0,                 0,                 0,      0.0554912163,   -0.001609744593,      0.3260007822,                 0,       170.3267922
          0,           0,         569,      -8.242198435,      -8.278465446,      -8.393403207,      -7.671038729,             0.448,    0.001913968118,      0.3259980875,                 0,                 0,                 0,      0.0554910928,   -0.001609727885,      0.3259997318,                 0,       170.3257669
          0,           0,         570,      -8.258791253,      -8.332600659,      -8.446695474,      -7.690626217,             0.448,    0.001913979505,       0.325997066,                 0,                 0,                 0,     0.05549095218,   -0.001609705457,      0.3259987104,                 0,       170.3242198
          0,           0,         571,      -8.272050463,      -8.391775158,      -8.501408677,      -7.707538378,             0.448,    0.001913995912,      0.3259960823,                 0,                 0,                 0,     0.05549080167,    -0.00160967842,       0.325997727,                 0,       170.3222459
          0,           0,         572,      -8.281325144,      -8.451993868,      -8.544309281,      -7.720237515,             0.448,    0.001914015993,      0.3259951168,                 0,                 0,                 0,     0.05549063964,   -0.001609647904,      0.3259967618,                 0,       170.3199545
          0,           0,         573,      -8.285565357,      -8.507285593,      -8.578530805,      -7.727094514,             0.448,     0.00191403877,      0.3259941613,                 0,                 0,                 0,     0.05549046772,     -0.0016096148,      0.3259958065,                 0,       170.3174285
          0,           0,         574,      -8.285908255,       -8.55605171,      -8.607691289,      -7.729419678,             0.448,    0.001914063019,      0.3259932259,                 0,                 0,                 0,       0.055490292,   -0.001609580442,      0.3259948715,                 0,        170.314782
          0,           0,         575,      -8.284208786,      -8.598456317,       -8.63071318,      -7.729418598,             0.448,    0.001914087261,      0.3259923187,                 0,                 0,                 0,     0.05549011767,   -0.001609546396,      0.3259939646,                 0,        170.312151
          0,           0,         576,      -8.281671764,       -8.63433038,      -8.646676449,      -7.728352415,             0.448,    0.001914110365,       0.325991437,                 0,                 0,                 0,     0.05548994683,   -0.001609513764,      0.3259930831,                 0,       170.3096347
          0,           0,         577,      -8.278847161,      -8.664287038,      -8.657023599,      -7.726718307,             0.448,    0.001914131739,      0.3259905758,                 0,                 0,                 0,     0.05548978067,   -0.001609483083,      0.3259922223,                 0,        170.307283
          0,           0,         578,      -8.275957832,      -8.689702819,      -8.664901641,      -7.724759814,             0.448,    0.001914151032,      0.3259897364,                 0,                 0,                 0,      0.0554896212,   -0.001609454718,      0.3259913831,                 0,        170.305128
          0,           0,         579,      -8.273167226,      -8.712324805,      -8.673051974,      -7.722721274,             0.448,    0.001914167883,       0.325988924,                 0,                 0,                 0,     0.05548947081,   -0.001609429086,      0.3259905709,                 0,       170.3032042
          0,           0,         580,      -8.270659115,      -8.734075979,      -8.682301516,      -7.720864546,             0.448,    0.001914181958,      0.3259881431,                 0,                 0,                 0,     0.05548933121,   -0.001609406572,      0.3259897903,                 0,       170.3015441
          0,           0,         581,      -8.268566312,      -8.756197552,       -8.69215369,      -7.719349608,             0.448,    0.001914193036,      0.3259873955,                 0,                 0,                 0,     0.05548920305,   -0.001609387415,      0.3259890428,                 0,        170.300168
          0,           0,         582,      -8.266946145,      -8.778701974,      -8.702004009,      -7.718213394,             0.448,     0.00191420103,      0.3259866811,                 0,                 0,                 0,     0.05548908623,     -0.0016093717,      0.3259883286,                 0,       170.2990836
          0,           0,         583,      -8.265832656,      -8.800825066,      -8.711550692,      -7.717463502,             0.448,    0.001914205975,      0.3259860001,                 0,                 0,                 0,      0.0554889804,   -0.001609359394,      0.3259876477,                 0,       170.2982879
          0,           0,         584,      -8.265271926,      -8.821768817,      -8.720685387,      -7.717139515,             0.448,    0.001914208017,      0.3259853531,                 0,                 0,                 0,     0.05548888512,   -0.001609350359,      0.3259870007,                 0,       170.2977682
          0,           0,         585,      -8.265318047,       -8.84111785,      -8.729443776,      -7.717306172,             0.448,    0.001914207392,      0.3259847407,                 0,                 0,                 0,      0.0554887999,   -0.001609344365,      0.3259863883,                 0,       170.2975039
          0,           0,         586,      -8.266022735,      -8.858850887,      -8.738028495,      -7.718033227,             0.448,      0.0019142044,      0.3259841637,                 0,                 0,                 0,     0.05548872409,    -0.00160934112,      0.3259858113,                 0,       170.2974686
          0,           0,         587,      -8.267432645,      -8.875096509,      -8.746747865,      -7.719387468,             0.448,    0.001914199385,      0.3259836219,                 0,                 0,                 0,     0.05548865687,   -0.001609340279,      0.3259852695,                 0,       170.2976318
          0,           0,         588,      -8.269588534,      -8.889890984,      -8.755895065,      -7.721428808,             0.448,    0.001914192723,      0.3259831149,                 0,                 0,                 0,     0.05548859725,   -0.001609341461,      0.3259847625,                 0,       170.2979596
          0,           0,         589,      -8.272522787,      -8.903120103,      -8.765671798,      -7.724205432,             0.448,     0.00191418482,      0.3259826415,                 0,                 0,                 0,      0.0554885442,   -0.001609344246,       0.325984289,                 0,       170.2984154
          0,           0,         590,      -8.276257586,      -8.914615942,      -8.776181175,       -7.72775124,             0.448,      0.0019141761,      0.3259822004,                 0,                 0,                 0,     0.05548849669,   -0.001609348198,      0.3259838479,                 0,       170.2989607
          0,           0,         591,      -8.280805115,      -8.924287174,       -8.78745138,      -7.732086837,             0.448,    0.001914166988,        0.32598179,                 0,                 0,                 0,     0.05548845378,   -0.001609352874,      0.3259834374,                 0,        170.299557
          0,           0,         592,      -8.286168727,      -8.932207271,      -8.799459123,      -7.737221963,             0.448,    0.001914157894,      0.3259814086,                 0,                 0,                 0,     0.05548841469,   -0.001609357845,      0.3259830559,                 0,       170.3001668
          0,           0,         593,      -8.292344389,      -8.938644587,      -8.812147491,      -7.743157926,             0.448,    0.001914149199,      0.3259810545,                 0,                 0,                 0,     0.05548837876,   -0.001609362712,      0.3259827017,                 0,       170.3007554
          0,           0,         594,      -8.299322653,      -8.944038368,      -8.825444064,      -7.749889996,             0.448,    0.001914141235,      0.3259807261,                 0,                 0,                 0,     0.05548834552,   -0.001609367125,      0.3259823732,                 0,       170.3012923
          0,           0,         595,      -8.307090786,         -8.948929,       -8.83928095,      -7.757409464,             0.448,    0.001914134274,      0.3259804216,                 0,                 0,                 0,     0.05548831461,   -0.001609370796,      0.3259820687,                 0,       170.3017527
          0,           0,         596,      -8.315634195,      -8.953865864,      -8.853610048,      -7.765704773,             0.448,    0.001914128513,      0.3259801396,                 0,                 0,                 0,     0.05548828585,   -0.001609373507,      0.3259817866,                 0,       170.3021178
          0,           0,         597,      -8.324936884,      -8.959329203,      -8.868407319,      -7.774761782,             0.448,    0.001914124079,      0.3259798786,                 0,                 0,                 0,     0.05548825918,    -0.00160937512,      0.3259815256,                 0,        170.302376
          0,           0,         598,      -8.334981437,      -8.965691171,       -8.88366754,      -7.784563797,             0.448,    0.001914121022,      0.3259796373,                 0,                 0,                 0,     0.05548823463,   -0.001609375569,      0.3259812843,                 0,       170.3025219
          0,           0,         599,      -8.345749083,       -8.97321286,      -8.899395882,      -7.795091878,             0.448,    0.001914119327,      0.3259794147,                 0,                 0,                 0,     0.05548821235,   -0.001609374858,      0.3259810617,                 0,       170.3025564
          0,           0,         600,      -8.357220033,      -8.982057461,      -8.915600951,      -7.806325462,             0.448,    0.001914118919,      0.3259792098,                 0,                 0,                 0,     0.05548819252,   -0.001609373051,      0.3259808568,                 0,       170.3024857
          0,           0,         601,      -8.369374116,      -8.992303799,      -8.932290233,      -7.818243263,             0.448,    0.001914711093,      0.3259790184,                 0,                 0,                 0,     0.05548817533,   -0.001609370265,      0.3259806689,                 0,       170.2497153
          0,           0,         602,      -6.795028454,      -6.766381044,      -6.597332541,      -6.188396294,             0.448,    0.001914712889,      0.3259788793,                 0,                 0,                 0,      0.0554881682,   -0.001609366966,      0.3259805298,                 0,       170.2494829
          0,           0,         603,      -7.092201617,      -7.030386459,      -6.874796175,       -6.48169711,             0.448,    0.001914721346,      0.3259794915,                 0,                 0,                 0,      0.0554883487,   -0.001609365127,       0.325981142,                 0,       170.2490507
          0,           0,         604,      -7.334054196,      -7.200861221,      -7.299203989,      -6.740591782,             0.448,    0.001914768086,       0.325982391,                 0,                 0,                 0,     0.05548912952,   -0.001609349735,      0.3259840419,                 0,       170.2464092
          0,           0,         605,      -7.531923882,      -7.340983654,      -7.534349795,      -6.921954126,             0.448,    0.001914843466,      0.3259868528,                 0,                 0,                 0,     0.05549020845,   -0.001609322594,      0.3259885043,                 0,       170.2420373
          0,           0,         606,      -7.692157708,      -7.539287442,      -7.600074984,      -7.094136311,             0.448,    0.001914888605,       0.325990872,                 0,                 0,                 0,      0.0554909547,   -0.001609320906,      0.3259925237,                 0,       170.2401232
          0,           0,         607,       -7.78644077,      -7.645827059,       -7.72578091,      -7.189810495,             0.448,    0.001914922235,      0.3259931637,                 0,                 0,                 0,     0.05549111077,   -0.001609312052,      0.3259948156,                 0,       170.2383302
          0,           0,         608,      -7.917128771,      -7.738570175,      -7.858449484,      -7.318254261,             0.448,    0.001914943078,      0.3259937322,                 0,                 0,                 0,     0.05549080103,   -0.001609297357,      0.3259953844,                 0,       170.2367742
          0,           0,         609,      -7.946790599,      -7.768817614,      -7.923765988,      -7.346214208,             0.448,    0.001914959192,      0.3259937845,                 0,                 0,                 0,     0.05549043364,   -0.001609281809,      0.3259954368,                 0,       170.2353689
          0,           0,         610,      -7.998912387,      -7.832347661,      -7.967052066,      -7.396892098,             0.448,    0.001914994238,      0.3259943586,                 0,                 0,                 0,     0.05549026458,    -0.00160925297,      0.3259960112,                 0,       170.2325532
          0,           0,         611,      -8.113299901,      -7.961147721,      -8.057044588,      -7.517714469,             0.448,    0.001915027625,      0.3259953374,                 0,                 0,                 0,     0.05549022346,   -0.001609230168,      0.3259969904,                 0,       170.2300965
          0,           0,         612,      -8.188696716,      -8.049394539,      -8.175401583,      -7.601690812,             0.448,    0.001915050691,      0.3259963044,                 0,                 0,                 0,     0.05549019639,   -0.001609217556,      0.3259979576,                 0,       170.2285511
          0,           0,         613,      -8.215952308,      -8.087304817,      -8.239441164,      -7.627259961,             0.448,    0.001915070784,      0.3259971579,                 0,                 0,                 0,      0.0554901708,   -0.001609206691,      0.3259988112,                 0,       170.2272107
          0,           0,         614,      -8.272980354,      -8.157537216,      -8.273827951,      -7.684557845,             0.448,    0.001915088899,      0.3259979408,                 0,                 0,                 0,     0.05549015859,   -0.001609197041,      0.3259995943,                 0,       170.2260093
          0,           0,         615,      -8.348901368,      -8.253951913,      -8.358685207,      -7.767480867,             0.448,    0.001915101409,      0.3259986569,                 0,                 0,                 0,     0.05549015443,   -0.001609192272,      0.3260003105,                 0,       170.2252713
          0,           0,         616,      -8.397224369,      -8.337473293,      -8.489104285,      -7.822292234,             0.448,    0.001915107664,      0.3259992976,                 0,                 0,                 0,     0.05549015746,   -0.001609192944,      0.3260009511,                 0,       170.2250499
          0,           0,         617,       -8.42735511,      -8.403754612,      -8.574566295,       -7.85407033,             0.448,    0.001915109932,      0.3259998972,                 0,                 0,                 0,     0.05549017981,   -0.001609197158,      0.3260015508,                 0,       170.2251613
          0,           0,         618,      -8.455278133,      -8.461129319,      -8.597619508,      -7.882460379,             0.448,     0.00191510979,      0.3260005016,                 0,                 0,                 0,     0.05549023009,   -0.001609203834,      0.3260021551,                 0,       170.2254896
          0,           0,         619,      -8.477775947,      -8.513963717,      -8.628915143,      -7.906611208,             0.448,    0.001915106673,      0.3260011123,                 0,                 0,                 0,     0.05549030184,   -0.001609213552,      0.3260027658,                 0,       170.2260855
          0,           0,         620,      -8.494368259,      -8.568102757,      -8.682213779,      -7.926197494,             0.448,    0.001915100054,      0.3260017062,                 0,                 0,                 0,     0.05549038356,   -0.001609226591,      0.3260033595,                 0,        170.226984
          0,           0,         621,      -8.507626894,      -8.627275806,      -8.736933003,      -7.943108869,             0.448,    0.001915090521,       0.326002278,                 0,                 0,                 0,     0.05549047105,   -0.001609242305,      0.3260039312,                 0,       170.2281299
          0,           0,         622,      -8.516900506,      -8.687486992,      -8.779842023,      -7.955806898,             0.448,    0.001915078856,      0.3260028393,                 0,                 0,                 0,     0.05549056524,   -0.001609260038,      0.3260044924,                 0,       170.2294599
          0,           0,         623,      -8.521137913,      -8.742769648,      -8.814078443,      -7.962661172,             0.448,    0.001915065626,      0.3260033949,                 0,                 0,                 0,     0.05549066521,   -0.001609279273,      0.3260050478,                 0,        170.230926
          0,           0,         624,      -8.521476487,      -8.791531104,      -8.843259047,      -7.964982466,             0.448,    0.001915051541,      0.3260039387,                 0,                 0,                 0,     0.05549076739,   -0.001609299237,      0.3260055914,                 0,        170.232462
          0,           0,         625,      -8.519772067,      -8.833936704,      -8.866299725,      -7.964977342,             0.448,    0.001915037459,      0.3260044662,                 0,                 0,                 0,     0.05549086878,    -0.00160931902,      0.3260061187,                 0,       170.2339893
          0,           0,         626,      -8.517230259,      -8.869814467,      -8.882274744,      -7.963907552,             0.448,    0.001915024037,      0.3260049789,                 0,                 0,                 0,     0.05549096814,   -0.001609337984,      0.3260066313,                 0,       170.2354502
          0,           0,         627,      -8.514401336,      -8.899775003,      -8.892625997,      -7.962270405,             0.448,    0.001915011616,      0.3260054797,                 0,                 0,                 0,     0.05549106479,   -0.001609355817,      0.3260071318,                 0,       170.2368157
          0,           0,         628,       -8.51150791,      -8.925194663,      -8.900503166,      -7.960309122,             0.448,    0.001915000403,      0.3260059678,                 0,                 0,                 0,     0.05549115755,   -0.001609372307,      0.3260076198,                 0,       170.2380675
          0,           0,         629,      -8.508712941,      -8.947821255,      -8.908650114,      -7.958267512,             0.448,    0.001914990605,      0.3260064402,                 0,                 0,                 0,     0.05549124504,   -0.001609387212,      0.3260080921,                 0,       170.2391852
          0,           0,         630,      -8.506199792,      -8.969577681,      -8.917894543,       -7.95640699,             0.448,    0.001914982417,      0.3260068943,                 0,                 0,                 0,     0.05549132625,   -0.001609400307,      0.3260085461,                 0,       170.2401502
          0,           0,         631,      -8.504101082,      -8.991704189,      -8.927739352,      -7.954887291,             0.448,     0.00191497597,      0.3260073291,                 0,                 0,                 0,     0.05549140082,   -0.001609411455,      0.3260089808,                 0,       170.2409504
          0,           0,         632,      -8.502474109,      -9.014212102,      -8.937579152,      -7.953745253,             0.448,    0.001914971313,      0.3260077446,                 0,                 0,                 0,     0.05549146878,   -0.001609420603,      0.3260093962,                 0,       170.2415814
          0,           0,         633,      -8.501352941,      -9.036336611,      -8.947111701,      -7.952988453,             0.448,    0.001914968427,      0.3260081407,                 0,                 0,                 0,     0.05549153036,   -0.001609427771,      0.3260097922,                 0,       170.2420448
          0,           0,         634,      -8.500783677,      -9.057279798,      -8.956228963,      -7.952656477,             0.448,    0.001914967228,       0.326008517,                 0,                 0,                 0,     0.05549158579,   -0.001609433038,      0.3260101685,                 0,       170.2423479
          0,           0,         635,      -8.500820438,      -9.076626839,      -8.964967496,      -7.952814109,             0.448,     0.00191496758,      0.3260088732,                 0,                 0,                 0,     0.05549163537,   -0.001609436536,      0.3260105247,                 0,       170.2425026
          0,           0,         636,      -8.501514989,      -9.094357168,      -8.973530981,      -7.953531183,             0.448,    0.001914969308,      0.3260092088,                 0,                 0,                 0,     0.05549167947,   -0.001609438436,      0.3260108603,                 0,       170.2425242
          0,           0,         637,      -8.502914069,      -9.110599652,      -8.982228637,        -7.9548746,             0.448,    0.001914972215,      0.3260095239,                 0,                 0,                 0,     0.05549171858,   -0.001609438936,      0.3260111754,                 0,       170.2424304
          0,           0,         638,      -8.505058546,       -9.12539036,       -8.99135427,      -7.956904404,             0.448,     0.00191497608,      0.3260098188,                 0,                 0,                 0,     0.05549175326,   -0.001609438259,      0.3260114704,                 0,       170.2422407
          0,           0,         639,      -8.507981089,      -9.138614362,      -9.001109907,      -7.959669095,             0.448,    0.001914980669,      0.3260100941,                 0,                 0,                 0,     0.05549178411,   -0.001609436647,      0.3260117457,                 0,       170.2419766
          0,           0,         640,      -8.511703976,      -9.150101691,      -9.011599079,      -7.963202652,             0.448,    0.001914985734,      0.3260103507,                 0,                 0,                 0,     0.05549181174,   -0.001609434356,      0.3260120023,                 0,       170.2416602
          0,           0,         641,      -8.516239428,      -9.159761231,      -9.022849967,      -7.967525726,             0.448,    0.001914991029,      0.3260105894,                 0,                 0,                 0,     0.05549183669,   -0.001609431641,      0.3260122411,                 0,       170.2413141
          0,           0,         642,      -8.521590947,      -9.167667404,      -9.034839575,      -7.972648236,             0.448,    0.001914996316,      0.3260108112,                 0,                 0,                 0,     0.05549185942,   -0.001609428752,      0.3260124629,                 0,         170.24096
          0,           0,         643,       -8.52775464,      -9.174089459,       -9.04751079,      -7.978571644,             0.448,    0.001915001374,      0.3260110172,                 0,                 0,                 0,      0.0554918803,   -0.001609425922,      0.3260126689,                 0,       170.2406179
          0,           0,         644,      -8.534721198,       -9.17946701,      -9.060791036,      -7.985291361,             0.448,    0.001915006008,      0.3260112082,                 0,                 0,                 0,     0.05549189963,   -0.001609423353,        0.32601286,                 0,       170.2403057
          0,           0,         645,      -8.542478016,      -9.184340277,      -9.074612643,      -7.992798806,             0.448,    0.001915010061,      0.3260113852,                 0,                 0,                 0,     0.05549191759,   -0.001609421214,       0.326013037,                 0,       170.2400378
          0,           0,         646,      -8.551010619,      -9.189258654,      -9.088927855,      -8.001082538,             0.448,    0.001915013418,      0.3260115492,                 0,                 0,                 0,     0.05549193431,    -0.00160941963,      0.3260132011,                 0,       170.2398251
          0,           0,         647,      -8.560303126,      -9.194703039,       -9.10371282,      -8.010128531,             0.448,    0.001915016005,       0.326011701,                 0,                 0,                 0,     0.05549194982,   -0.001609418685,      0.3260133529,                 0,       170.2396744
          0,           0,         648,      -8.570338227,      -9.201046488,      -9.118962336,      -8.019920211,             0.448,    0.001915017791,      0.3260118414,                 0,                 0,                 0,     0.05549196409,   -0.001609418415,      0.3260134932,                 0,       170.2395888
          0,           0,         649,       -8.58109723,      -9.208550611,      -9.134681553,      -8.030438728,             0.448,    0.001915018787,      0.3260119708,                 0,                 0,                 0,     0.05549197705,   -0.001609418819,      0.3260136227,                 0,       170.2395679
          0,           0,         650,      -8.592560406,      -9.217378619,      -9.150879035,      -8.041663589,             0.448,    0.001915019034,        0.32601209,                 0,                 0,                 0,     0.05549198858,    -0.00160941986,      0.3260137418,                 0,       170.2396081
          0,           0,         651,      -8.604707629,      -9.227609101,      -9.167562226,      -8.053573564,             0.448,    0.001914674646,      0.3260122013,                 0,                 0,                 0,     0.05549199858,    -0.00160942147,      0.3260138511,                 0,       170.2702869
          0,           0,         652,      -7.030462048,      -7.001814734,      -6.832766222,      -6.423829907,             0.448,    0.001914673611,      0.3260122821,                 0,                 0,                 0,     0.05549200273,    -0.00160942338,       0.326013932,                 0,       170.2704212
          0,           0,         653,      -7.327635093,      -7.265820035,      -7.110229912,      -6.717130627,             0.448,    0.001914668701,      0.3260119262,                 0,                 0,                 0,     0.05549189778,   -0.001609424442,       0.326013576,                 0,       170.2706719
          0,           0,         654,      -7.569487015,      -7.436294834,      -7.534637497,      -6.976024692,             0.448,    0.001914641528,        0.32601024,                 0,                 0,                 0,     0.05549144372,   -0.001609433387,      0.3260118896,                 0,       170.2722077
          0,           0,         655,      -7.767355586,       -7.57641736,      -7.769783527,      -7.157386225,             0.448,    0.001914597699,      0.3260076454,                 0,                 0,                 0,     0.05549081631,   -0.001609449167,      0.3260092947,                 0,       170.2747504
          0,           0,         656,      -7.927587641,      -7.774721019,      -7.835508437,      -7.329566793,             0.448,    0.001914571453,      0.3260053082,                 0,                 0,                 0,     0.05549038236,   -0.001609450148,      0.3260069573,                 0,        170.275864
          0,           0,         657,      -8.021868988,      -7.881260156,      -7.961214185,      -7.425239388,             0.448,    0.001914551896,      0.3260039755,                 0,                 0,                 0,      0.0554902916,   -0.001609455298,      0.3260056245,                 0,       170.2769072
          0,           0,         658,      -8.152553276,      -7.974002533,      -8.093882387,      -7.553679827,             0.448,    0.001914539773,      0.3260036449,                 0,                 0,                 0,     0.05549047172,   -0.001609463847,      0.3260052938,                 0,       170.2778127
          0,           0,         659,      -8.182214862,      -8.004249617,      -8.159198753,      -7.581639484,             0.448,    0.001914530397,      0.3260036145,                 0,                 0,                 0,     0.05549068536,   -0.001609472894,      0.3260052633,                 0,       170.2786307
          0,           0,         660,      -8.234336381,      -8.067779308,      -8.202484506,      -7.632317087,             0.448,    0.001914510012,      0.3260032807,                 0,                 0,                 0,     0.05549078367,   -0.001609489669,      0.3260049293,                 0,       170.2802694
          0,           0,         661,      -8.348720121,      -8.196578849,      -8.292476583,       -7.75313547,             0.448,    0.001914490592,      0.3260027115,                 0,                 0,                 0,     0.05549080757,   -0.001609502936,      0.3260043599,                 0,       170.2816994
          0,           0,         662,      -8.424113844,      -8.284825424,      -8.410833128,      -7.837107926,             0.448,    0.001914477172,      0.3260021491,                 0,                 0,                 0,      0.0554908233,   -0.001609510276,      0.3260037974,                 0,       170.2825993
          0,           0,         663,      -8.451370543,      -8.322735867,      -8.474872591,      -7.862677835,             0.448,    0.001914465481,      0.3260016528,                 0,                 0,                 0,     0.05549083816,   -0.001609516602,       0.326003301,                 0,       170.2833799
          0,           0,         664,      -8.508400872,      -8.392968513,      -8.509259427,      -7.919977824,             0.448,    0.001914454938,      0.3260011975,                 0,                 0,                 0,     0.05549084523,   -0.001609522222,      0.3260028456,                 0,       170.2840798
          0,           0,         665,      -8.584319703,      -8.489383592,      -8.594117002,      -8.002898893,             0.448,    0.001914447655,       0.326000781,                 0,                 0,                 0,     0.05549084762,   -0.001609525003,       0.326002429,                 0,       170.2845101
          0,           0,         666,      -8.632627787,      -8.572904929,      -8.724535105,      -8.057695767,             0.448,     0.00191444401,      0.3260004084,                 0,                 0,                 0,     0.05549084582,   -0.001609524619,      0.3260020564,                 0,       170.2846397
          0,           0,         667,      -8.662738151,      -8.639185065,      -8.809989906,      -8.089454357,             0.448,    0.001914442686,      0.3260000596,                 0,                 0,                 0,     0.05549083279,   -0.001609522174,      0.3260017076,                 0,       170.2845753
          0,           0,         668,      -8.690645716,      -8.696556594,      -8.833035664,      -8.117830781,             0.448,    0.001914442766,      0.3259997081,                 0,                 0,                 0,     0.05549080353,   -0.001609518294,      0.3260013561,                 0,       170.2843845
          0,           0,         669,      -8.713136028,      -8.749386626,      -8.864327105,      -8.141975925,             0.448,    0.001914444579,      0.3259993528,                 0,                 0,                 0,     0.05549076179,   -0.001609512641,       0.326001001,                 0,       170.2840377
          0,           0,         670,      -8.729725102,      -8.803522897,      -8.917622769,      -8.161559978,             0.448,    0.001914448432,      0.3259990074,                 0,                 0,                 0,     0.05549071425,   -0.001609505055,      0.3260006556,                 0,       170.2835146
          0,           0,         671,      -8.742981086,      -8.862697154,      -8.972339355,      -8.178468903,             0.448,    0.001914453981,      0.3259986748,                 0,                 0,                 0,     0.05549066337,    -0.00160949591,      0.3260003231,                 0,       170.2828472
          0,           0,         672,      -8.752253294,      -8.922913401,      -9.015242987,      -8.191165327,             0.448,    0.001914460773,      0.3259983484,                 0,                 0,                 0,     0.05549060859,    -0.00160948559,      0.3259999967,                 0,       170.2820726
          0,           0,         673,      -8.756491927,      -8.978201096,      -9.049467635,      -8.198020507,             0.448,    0.001914468476,      0.3259980253,                 0,                 0,                 0,     0.05549055046,   -0.001609474396,      0.3259996738,                 0,       170.2812187
          0,           0,         674,      -8.756834069,      -9.026963061,      -9.078631489,      -8.200344838,             0.448,    0.001914476676,       0.325997709,                 0,                 0,                 0,     0.05549049105,   -0.001609462777,      0.3259993576,                 0,       170.2803242
          0,           0,         675,      -8.755134426,      -9.069364232,      -9.101656598,      -8.200343673,             0.448,    0.001914484874,      0.3259974023,                 0,                 0,                 0,     0.05549043211,   -0.001609451264,      0.3259990509,                 0,       170.2794348
          0,           0,         676,      -8.752597555,      -9.105235811,      -9.117622347,      -8.199277844,             0.448,    0.001914492686,      0.3259971041,                 0,                 0,                 0,     0.05549037435,    -0.00160944023,      0.3259987529,                 0,       170.2785842
          0,           0,         677,      -8.749773182,      -9.135190905,      -9.127970885,      -8.197644256,             0.448,    0.001914499914,       0.325996813,                 0,                 0,                 0,     0.05549031816,   -0.001609429855,      0.3259984618,                 0,       170.2777893
          0,           0,         678,      -8.746883949,      -9.160605825,       -9.13584924,      -8.195686208,             0.448,    0.001914506437,      0.3259965291,                 0,                 0,                 0,     0.05549026424,   -0.001609420264,      0.3259981781,                 0,       170.2770609
          0,           0,         679,      -8.744093141,      -9.183227361,      -9.143998957,      -8.193647845,             0.448,    0.001914512136,      0.3259962545,                 0,                 0,                 0,     0.05549021339,   -0.001609411597,      0.3259979035,                 0,       170.2764106
          0,           0,         680,      -8.741584419,      -9.204978236,      -9.153246942,      -8.191790889,             0.448,    0.001914516895,      0.3259959904,                 0,                 0,                 0,     0.05549016618,   -0.001609403984,      0.3259976395,                 0,       170.2758494
          0,           0,         681,      -8.739490536,      -9.227099545,      -9.163096534,      -8.190275236,             0.448,     0.00191452064,      0.3259957376,                 0,                 0,                 0,     0.05549012284,   -0.001609397506,      0.3259973868,                 0,       170.2753843
          0,           0,         682,      -8.737868804,      -9.249603689,      -9.172943242,      -8.189137785,             0.448,    0.001914523342,      0.3259954961,                 0,                 0,                 0,     0.05549008334,   -0.001609392193,      0.3259971453,                 0,       170.2750177
          0,           0,         683,      -8.736753281,      -9.271726632,      -9.182485363,      -8.188386136,             0.448,    0.001914525014,      0.3259952658,                 0,                 0,                 0,     0.05549004755,   -0.001609388033,       0.325996915,                 0,       170.2747488
          0,           0,         684,      -8.736190085,      -9.292670487,      -9.191614684,      -8.188059896,             0.448,    0.001914525704,       0.325995047,                 0,                 0,                 0,     0.05549001533,   -0.001609384978,      0.3259966963,                 0,       170.2745732
          0,           0,         685,      -8.736233358,       -9.31201983,      -9.200367058,      -8.188223851,             0.448,    0.001914525491,        0.32599484,                 0,                 0,                 0,     0.05548998651,   -0.001609382952,      0.3259964892,                 0,       170.2744839
          0,           0,         686,      -8.736934871,        -9.3297534,      -9.208945294,       -8.18894781,             0.448,    0.001914524479,      0.3259946448,                 0,                 0,                 0,     0.05548996087,   -0.001609381855,      0.3259962941,                 0,        170.274472
          0,           0,         687,      -8.738341343,      -9.345999534,      -9.217657881,      -8.190298625,             0.448,    0.001914522782,      0.3259944617,                 0,                 0,                 0,     0.05548993813,   -0.001609381572,      0.3259961109,                 0,       170.2745273
          0,           0,         688,      -8.740493594,      -9.360794334,      -9.226798134,      -8.192336275,             0.448,    0.001914520528,      0.3259942902,                 0,                 0,                 0,     0.05548991797,   -0.001609381973,      0.3259959394,                 0,       170.2746382
          0,           0,         689,      -8.743424069,      -9.374023382,      -9.236567879,      -8.195109011,             0.448,    0.001914517855,      0.3259941301,                 0,                 0,                 0,     0.05548990002,   -0.001609382916,      0.3259957793,                 0,       170.2747924
          0,           0,         690,      -8.747155008,      -9.385518657,      -9.247070354,      -8.198650799,             0.448,    0.001914514905,       0.325993981,                 0,                 0,                 0,     0.05548988395,   -0.001609384253,      0.3259956302,                 0,       170.2749768
          0,           0,         691,      -8.751698651,      -9.395188785,      -9.258333842,      -8.202982302,             0.448,    0.001914511822,      0.3259938422,                 0,                 0,                 0,     0.05548986944,   -0.001609385835,      0.3259954913,                 0,       170.2751785
          0,           0,         692,        -8.7570584,      -9.403107225,      -9.270335148,      -8.208113319,             0.448,    0.001914508746,      0.3259937132,                 0,                 0,                 0,     0.05548985621,   -0.001609387517,      0.3259953623,                 0,       170.2753847
          0,           0,         693,      -8.763230268,       -9.40954234,      -9.283017443,      -8.214045207,             0.448,    0.001914505805,      0.3259935935,                 0,                 0,                 0,     0.05548984406,   -0.001609389164,      0.3259952426,                 0,       170.2755838
          0,           0,         694,      -8.770204847,      -9.414933431,      -9.296308384,      -8.220773282,             0.448,     0.00191450311,      0.3259934824,                 0,                 0,                 0,     0.05548983282,   -0.001609390657,      0.3259951315,                 0,       170.2757654
          0,           0,         695,       -8.77796944,      -9.419820967,      -9.310140133,      -8.228288875,             0.448,    0.001914500755,      0.3259933795,                 0,                 0,                 0,     0.05548982236,     -0.0016093919,      0.3259950285,                 0,       170.2759211
          0,           0,         696,      -8.786509489,      -9.424754387,      -9.324464629,      -8.236580467,             0.448,    0.001914498806,      0.3259932841,                 0,                 0,                 0,     0.05548981263,   -0.001609392818,      0.3259949331,                 0,       170.2760446
          0,           0,         697,      -8.795809025,       -9.43021396,      -9.339257853,      -8.245633947,             0.448,    0.001914497306,      0.3259931958,                 0,                 0,                 0,     0.05548980361,   -0.001609393364,      0.3259948449,                 0,        170.276132
          0,           0,         698,       -8.80585066,       -9.43657201,      -9.354514582,      -8.255432654,             0.448,    0.001914496271,      0.3259931142,                 0,                 0,                 0,     0.05548979531,   -0.001609393517,      0.3259947633,                 0,       170.2761814
          0,           0,         699,      -8.816615645,      -9.444089552,      -9.370239977,      -8.265957674,             0.448,    0.001914495697,       0.325993039,                 0,                 0,                 0,     0.05548978777,   -0.001609393277,       0.325994688,                 0,       170.2761931
          0,           0,         700,      -8.828084214,      -9.452929921,      -9.386442632,       -8.27718847,             0.448,    0.001914495558,      0.3259929697,                 0,                 0,                 0,     0.05548978106,   -0.001609392667,      0.3259946187,                 0,       170.2761693
          0,           0,         701,      -8.840236216,      -9.463171973,      -9.403130006,      -8.289103778,             0.448,    0.001914695813,      0.3259929049,                 0,                 0,                 0,     0.05548977525,   -0.001609391726,      0.3259945552,                 0,       170.2583266
          0,           0,         702,      -7.265911439,      -7.237264043,      -7.068215543,      -6.659279281,             0.448,    0.001914696419,      0.3259928579,                 0,                 0,                 0,     0.05548977284,   -0.001609390611,      0.3259945081,                 0,       170.2582481
          0,           0,         703,      -7.563084573,      -7.501269433,      -7.345679206,      -6.952580076,             0.448,    0.001914699278,      0.3259930649,                 0,                 0,                 0,     0.05548983387,    -0.00160938999,      0.3259947152,                 0,        170.258102
          0,           0,         704,      -7.804937019,      -7.671744225,      -7.770086937,      -7.211474623,             0.448,    0.001914715083,      0.3259940454,                 0,                 0,                 0,     0.05549009791,   -0.001609384785,      0.3259956958,                 0,       170.2572087
          0,           0,         705,      -8.002806464,       -7.81186669,      -8.005232784,      -7.392836781,             0.448,    0.001914740572,      0.3259955542,                 0,                 0,                 0,     0.05549046276,   -0.001609375607,      0.3259972047,                 0,       170.2557302
          0,           0,         706,      -8.163039866,      -8.010170434,      -8.070957889,      -7.565018538,             0.448,    0.001914755836,      0.3259969133,                 0,                 0,                 0,     0.05549071511,   -0.001609375036,      0.3259985639,                 0,       170.2550827
          0,           0,         707,      -8.257322567,      -8.116709936,      -8.196663785,      -7.660692359,             0.448,    0.001914767209,      0.3259976883,                 0,                 0,                 0,     0.05549076788,   -0.001609372041,       0.325999339,                 0,       170.2544763
          0,           0,         708,       -8.38800978,      -8.209452943,      -8.329332292,       -7.78913538,             0.448,    0.001914774257,      0.3259978805,                 0,                 0,                 0,     0.05549066315,   -0.001609367071,      0.3259995313,                 0,       170.2539499
          0,           0,         709,      -8.417671566,      -8.239700304,      -8.394648748,      -7.817095275,             0.448,    0.001914779708,      0.3259978982,                 0,                 0,                 0,     0.05549053892,   -0.001609361813,       0.325999549,                 0,       170.2534745
          0,           0,         710,      -8.469793911,      -8.303230198,      -8.437934371,      -7.867773661,             0.448,     0.00191479156,      0.3259980923,                 0,                 0,                 0,     0.05549048175,    -0.00160935206,      0.3259997433,                 0,       170.2525221
          0,           0,         711,      -8.584181122,      -8.432030187,      -8.527926594,      -7.988595476,             0.448,     0.00191480285,      0.3259984233,                 0,                 0,                 0,     0.05549046785,   -0.001609344348,      0.3260000744,                 0,       170.2516911
          0,           0,         712,      -8.659576914,      -8.520276961,      -8.646283479,      -8.072570284,             0.448,    0.001914810651,      0.3259987503,                 0,                 0,                 0,      0.0554904587,   -0.001609340082,      0.3260004014,                 0,       170.2511682
          0,           0,         713,      -8.686832701,      -8.558187396,       -8.71032305,      -8.098139238,             0.448,    0.001914817447,      0.3259990389,                 0,                 0,                 0,     0.05549045005,   -0.001609336407,      0.3260006901,                 0,       170.2507147
          0,           0,         714,      -8.743863846,      -8.628420682,      -8.744709821,      -8.155440123,             0.448,    0.001914823575,      0.3259993037,                 0,                 0,                 0,     0.05549044594,   -0.001609333141,       0.326000955,                 0,       170.2503081
          0,           0,         715,       -8.81978346,      -8.724837771,      -8.829569651,      -8.238362667,             0.448,    0.001914827808,      0.3259995459,                 0,                 0,                 0,     0.05549044455,   -0.001609331527,      0.3260011972,                 0,       170.2500583
          0,           0,         716,      -8.868093449,      -8.808360918,      -8.959988475,      -8.293161912,             0.448,    0.001914829925,      0.3259997626,                 0,                 0,                 0,     0.05549044559,   -0.001609331753,      0.3260014139,                 0,       170.2499832
          0,           0,         717,      -8.898212373,      -8.874641271,        -9.0454427,       -8.32492867,             0.448,    0.001914830692,      0.3259999654,                 0,                 0,                 0,     0.05549045315,   -0.001609333178,      0.3260016167,                 0,       170.2500209
          0,           0,         718,      -8.926132033,        -8.9320129,      -9.068492308,      -8.353315952,             0.448,    0.001914830642,      0.3260001698,                 0,                 0,                 0,     0.05549047016,   -0.001609335437,       0.326001821,                 0,       170.2501321
          0,           0,         719,      -8.948631116,      -8.984843586,      -9.099790237,      -8.377468438,             0.448,    0.001914829586,      0.3260003763,                 0,                 0,                 0,     0.05549049442,   -0.001609338725,      0.3260020276,                 0,       170.2503339
          0,           0,         720,      -8.965224015,      -9.038980455,       -9.15309201,      -8.397055491,             0.448,    0.001914827345,      0.3260005772,                 0,                 0,                 0,     0.05549052205,   -0.001609343138,      0.3260022283,                 0,        170.250638
          0,           0,         721,      -8.978480672,      -9.098154783,      -9.207813231,      -8.413964981,             0.448,    0.001914824117,      0.3260007706,                 0,                 0,                 0,     0.05549055164,   -0.001609348456,      0.3260024217,                 0,        170.251026
          0,           0,         722,       -8.98775096,      -9.158370434,      -9.250720771,       -8.42665973,             0.448,    0.001914820169,      0.3260009604,                 0,                 0,                 0,     0.05549058349,   -0.001609354456,      0.3260026115,                 0,       170.2514762
          0,           0,         723,      -8.991985184,      -9.213656753,      -9.284950216,      -8.433510753,             0.448,    0.001914815691,      0.3260011482,                 0,                 0,                 0,     0.05549061729,   -0.001609360964,      0.3260027993,                 0,       170.2519724
          0,           0,         724,      -8.992321598,      -9.262417352,      -9.314119992,      -8.435829618,             0.448,    0.001914810925,      0.3260013322,                 0,                 0,                 0,     0.05549065183,   -0.001609367718,      0.3260029831,                 0,       170.2524922
          0,           0,         725,      -8.990616302,      -9.304818845,         -9.337151,      -8.435823228,             0.448,    0.001914806161,      0.3260015105,                 0,                 0,                 0,     0.05549068611,   -0.001609374409,      0.3260031614,                 0,       170.2530089
          0,           0,         726,      -8.988074503,       -9.34069302,      -9.353121061,      -8.434753096,             0.448,    0.001914801622,      0.3260016839,                 0,                 0,                 0,     0.05549071971,   -0.001609380823,      0.3260033347,                 0,       170.2535031
          0,           0,         727,      -8.985245944,      -9.370651733,      -9.363471578,      -8.433116025,             0.448,    0.001914797421,      0.3260018532,                 0,                 0,                 0,     0.05549075238,   -0.001609386854,       0.326003504,                 0,        170.253965
          0,           0,         728,      -8.982353404,      -9.396069182,      -9.371350319,      -8.431155345,             0.448,     0.00191479363,      0.3260020183,                 0,                 0,                 0,     0.05549078375,   -0.001609392429,       0.326003669,                 0,       170.2543884
          0,           0,         729,      -8.979562674,      -9.418692567,      -9.379498014,      -8.429117794,             0.448,    0.001914790317,       0.326002178,                 0,                 0,                 0,     0.05549081332,   -0.001609397468,      0.3260038287,                 0,       170.2547663
          0,           0,         730,      -8.977054899,      -9.440443062,      -9.388742004,      -8.427262203,             0.448,     0.00191478755,      0.3260023316,                 0,                 0,                 0,     0.05549084078,   -0.001609401895,      0.3260039822,                 0,       170.2550926
          0,           0,         731,      -8.974961456,      -9.462562284,      -9.398587401,      -8.425747212,             0.448,    0.001914785371,      0.3260024786,                 0,                 0,                 0,     0.05549086598,   -0.001609405664,      0.3260041292,                 0,       170.2553631
          0,           0,         732,       -8.97333918,      -9.485064931,       -9.40842967,      -8.424609398,             0.448,    0.001914783797,      0.3260026191,                 0,                 0,                 0,     0.05549088896,   -0.001609408755,      0.3260042697,                 0,       170.2555764
          0,           0,         733,      -8.972222062,      -9.507187911,      -9.417966064,       -8.42385633,             0.448,    0.001914782823,       0.326002753,                 0,                 0,                 0,     0.05549090977,   -0.001609411177,      0.3260044035,                 0,        170.255733
          0,           0,         734,       -8.97165641,      -9.528131971,      -9.427088363,      -8.423527789,             0.448,    0.001914782419,      0.3260028802,                 0,                 0,                 0,     0.05549092851,   -0.001609412957,      0.3260045308,                 0,       170.2558353
          0,           0,         735,      -8.971696596,      -9.547480086,      -9.435833055,      -8.423688787,             0.448,     0.00191478254,      0.3260030006,                 0,                 0,                 0,     0.05549094527,   -0.001609414138,      0.3260046512,                 0,       170.2558875
          0,           0,         736,      -8.972394573,      -9.565211043,      -9.444403406,      -8.424409304,             0.448,    0.001914783126,      0.3260031141,                 0,                 0,                 0,     0.05549096018,   -0.001609414778,      0.3260047646,                 0,       170.2558946
          0,           0,         737,      -8.973797178,      -9.581454029,      -9.453108141,      -8.425756301,             0.448,    0.001914784111,      0.3260032206,                 0,                 0,                 0,      0.0554909734,   -0.001609414945,      0.3260048712,                 0,       170.2558627
          0,           0,         738,      -8.975945312,      -9.596245713,      -9.462240852,      -8.427789836,             0.448,     0.00191478542,      0.3260033203,                 0,                 0,                 0,     0.05549098513,   -0.001609414714,      0.3260049709,                 0,       170.2557983
          0,           0,         739,        -8.9788715,      -9.609471842,       -9.47200354,      -8.430558248,             0.448,    0.001914786974,      0.3260034134,                 0,                 0,                 0,     0.05549099556,   -0.001609414166,       0.326005064,                 0,       170.2557088
          0,           0,         740,       -8.98259806,      -9.620964051,      -9.482499383,      -8.434095582,             0.448,    0.001914788689,      0.3260035001,                 0,                 0,                 0,     0.05549100491,   -0.001609413388,      0.3260051507,                 0,       170.2556015
          0,           0,         741,      -8.987137294,      -9.630630612,      -9.493756529,      -8.438422572,             0.448,    0.001914790483,      0.3260035808,                 0,                 0,                 0,     0.05549101335,   -0.001609412468,      0.3260052315,                 0,       170.2554842
          0,           0,         742,      -8.992492656,      -9.638544673,      -9.505751711,      -8.443549067,             0.448,    0.001914792273,      0.3260036558,                 0,                 0,                 0,     0.05549102104,   -0.001609411488,      0.3260053065,                 0,       170.2553643
          0,           0,         743,      -8.998660215,      -9.644974552,      -9.518428118,      -8.449476473,             0.448,    0.001914793985,      0.3260037255,                 0,                 0,                 0,      0.0554910281,   -0.001609410529,      0.3260053761,                 0,       170.2552484
          0,           0,         744,       -9.00563061,      -9.650359848,      -9.531713442,       -8.45620015,             0.448,    0.001914795553,      0.3260037901,                 0,                 0,                 0,     0.05549103464,   -0.001609409659,      0.3260054407,                 0,       170.2551427
          0,           0,         745,      -9.013391185,      -9.655241541,      -9.545539891,      -8.463711474,             0.448,    0.001914796924,      0.3260038499,                 0,                 0,                 0,     0.05549104072,   -0.001609408935,      0.3260055006,                 0,        170.255052
          0,           0,         746,      -9.021927416,      -9.660169474,      -9.559859459,      -8.471998964,             0.448,    0.001914798059,      0.3260039054,                 0,                 0,                 0,     0.05549104638,     -0.0016094084,      0.3260055561,                 0,       170.2549801
          0,           0,         747,      -9.031223363,      -9.665624216,      -9.574648244,      -8.481048547,             0.448,    0.001914798933,      0.3260039567,                 0,                 0,                 0,     0.05549105163,    -0.00160940808,      0.3260056074,                 0,       170.2549291
          0,           0,         748,      -9.041261661,      -9.671978071,      -9.589901125,      -8.490843595,             0.448,    0.001914799537,      0.3260040042,                 0,                 0,                 0,     0.05549105646,    -0.00160940799,      0.3260056549,                 0,       170.2549003
          0,           0,         749,      -9.052023582,      -9.679492059,      -9.605623337,      -8.501365221,             0.448,    0.001914799872,      0.3260040479,                 0,                 0,                 0,     0.05549106084,   -0.001609408129,      0.3260056986,                 0,       170.2548934
          0,           0,         750,      -9.063489379,      -9.688329188,      -9.621823466,      -8.512592911,             0.448,    0.001914799953,      0.3260040882,                 0,                 0,                 0,     0.05549106474,   -0.001609408482,      0.3260057389,                 0,       170.2549071
          0,           0,         751,      -9.075638917,      -9.698568215,       -9.63850896,      -8.524505424,             0.448,    0.001914683499,      0.3260041259,                 0,                 0,                 0,     0.05549106812,   -0.001609409029,      0.3260057759,                 0,        170.265282
          0,           0,         752,      -7.501350669,      -7.472703305,      -7.303654804,      -6.894718518,             0.448,    0.001914683147,      0.3260041532,                 0,                 0,                 0,     0.05549106953,   -0.001609409677,      0.3260058032,                 0,       170.2653276
          0,           0,         753,      -7.798523756,       -7.73670867,      -7.581118481,      -7.188019275,             0.448,    0.001914681485,      0.3260040329,                 0,                 0,                 0,     0.05549103404,   -0.001609410038,      0.3260056828,                 0,       170.2654125
          0,           0,         754,      -8.040375954,      -7.907183462,      -8.005526151,      -7.446913597,             0.448,    0.001914672294,      0.3260034627,                 0,                 0,                 0,      0.0554908805,   -0.001609413064,      0.3260051126,                 0,        170.265932
          0,           0,         755,      -8.238245061,      -8.047305933,      -8.240672066,      -7.628275511,             0.448,    0.001914657472,      0.3260025853,                 0,                 0,                 0,     0.05549066833,   -0.001609418401,      0.3260042351,                 0,       170.2667919
          0,           0,         756,       -8.39847784,      -8.245609702,      -8.306397026,      -7.800456709,             0.448,    0.001914648596,       0.326001795,                 0,                 0,                 0,     0.05549052159,   -0.001609418734,      0.3260034447,                 0,       170.2671685
          0,           0,         757,      -8.492759874,      -8.352149122,      -8.432102811,      -7.896129927,             0.448,    0.001914641982,      0.3260013443,                 0,                 0,                 0,      0.0554904909,   -0.001609420476,       0.326002994,                 0,       170.2675212
          0,           0,         758,      -8.623445634,      -8.444891941,       -8.56477121,      -8.024571661,             0.448,    0.001914637882,      0.3260012325,                 0,                 0,                 0,     0.05549055181,   -0.001609423367,      0.3260028822,                 0,       170.2678274
          0,           0,         759,      -8.653107292,      -8.475139196,      -8.630087703,      -8.052531429,             0.448,    0.001914634712,      0.3260012222,                 0,                 0,                 0,     0.05549062405,   -0.001609426426,      0.3260028719,                 0,        170.268104
          0,           0,         760,      -8.705229368,       -8.53866903,      -8.673373347,      -8.103209554,             0.448,     0.00191462782,      0.3260011094,                 0,                 0,                 0,     0.05549065729,   -0.001609432098,      0.3260027589,                 0,        170.268658
          0,           0,         761,      -8.819615152,      -8.667468948,      -8.763365447,      -8.224029927,             0.448,    0.001914621253,      0.3260009169,                 0,                 0,                 0,     0.05549066537,   -0.001609436583,      0.3260025664,                 0,       170.2691414
          0,           0,         762,      -8.895010063,      -8.755715669,      -8.881722275,      -8.308003695,             0.448,    0.001914616716,      0.3260007267,                 0,                 0,                 0,     0.05549067069,   -0.001609439064,      0.3260023762,                 0,       170.2694456
          0,           0,         763,      -8.922266255,      -8.793626073,      -8.945762051,      -8.333573052,             0.448,    0.001914612764,      0.3260005589,                 0,                 0,                 0,     0.05549067572,   -0.001609441202,      0.3260022083,                 0,       170.2697094
          0,           0,         764,      -8.979297096,      -8.863859168,      -8.980148904,      -8.390873552,             0.448,    0.001914609199,      0.3260004049,                 0,                 0,                 0,     0.05549067811,   -0.001609443102,      0.3260020543,                 0,        170.269946
          0,           0,         765,      -9.055217391,      -8.960275297,      -9.065006307,      -8.473796308,             0.448,    0.001914606737,      0.3260002641,                 0,                 0,                 0,     0.05549067891,   -0.001609444041,      0.3260019135,                 0,       170.2700913
          0,           0,         766,      -9.103526098,      -9.043797817,      -9.195424002,      -8.528594067,             0.448,    0.001914605506,      0.3260001381,                 0,                 0,                 0,     0.05549067831,   -0.001609443911,      0.3260017875,                 0,       170.2701351
          0,           0,         767,      -9.133636603,      -9.110078975,      -9.280878684,       -8.56035282,             0.448,    0.001914605059,      0.3260000201,                 0,                 0,                 0,      0.0554906739,   -0.001609443083,      0.3260016695,                 0,       170.2701132
          0,           0,         768,      -9.161544682,       -9.16745155,      -9.303925538,      -8.588729667,             0.448,    0.001914605087,      0.3259999013,                 0,                 0,                 0,     0.05549066401,    -0.00160944177,      0.3260015507,                 0,       170.2700487
          0,           0,         769,      -9.184035587,      -9.220282608,      -9.335218881,      -8.612875308,             0.448,      0.0019146057,      0.3259997811,                 0,                 0,                 0,     0.05549064989,   -0.001609439858,      0.3260014306,                 0,       170.2699313
          0,           0,         770,      -9.200625124,      -9.274419619,      -9.388517195,      -8.632459726,             0.448,    0.001914607004,      0.3259996643,                 0,                 0,                 0,     0.05549063382,   -0.001609437292,      0.3260013138,                 0,       170.2697544
          0,           0,         771,      -9.213881567,       -9.33359425,      -9.443236803,      -8.649368995,             0.448,    0.001914608881,      0.3259995519,                 0,                 0,                 0,     0.05549061662,     -0.0016094342,      0.3260012013,                 0,       170.2695288
          0,           0,         772,      -9.223154315,       -9.39381035,      -9.486143052,      -8.662065814,             0.448,    0.001914611177,      0.3259994415,                 0,                 0,                 0,     0.05549059809,    -0.00160943071,       0.326001091,                 0,       170.2692669
          0,           0,         773,       -9.22739359,      -9.449097322,      -9.520369598,      -8.668921488,             0.448,    0.001914613782,      0.3259993322,                 0,                 0,                 0,     0.05549057844,   -0.001609426924,      0.3260009818,                 0,       170.2689781
          0,           0,         774,      -9.227736443,      -9.497858159,      -9.549534782,      -8.671246442,             0.448,    0.001914616555,      0.3259992253,                 0,                 0,                 0,     0.05549055835,   -0.001609422995,      0.3260008748,                 0,       170.2686757
          0,           0,         775,      -9.226037531,      -9.540258131,       -9.57256094,      -8.671246033,             0.448,    0.001914619327,      0.3259991216,                 0,                 0,                 0,     0.05549053842,   -0.001609419102,      0.3260007712,                 0,        170.268375
          0,           0,         776,      -9.223501324,      -9.576128801,      -9.588527664,      -8.670180994,             0.448,    0.001914621969,      0.3259990207,                 0,                 0,                 0,     0.05549051889,   -0.001609415371,      0.3260006704,                 0,       170.2680874
          0,           0,         777,      -9.220677449,      -9.606083384,      -9.598877078,      -8.668548094,             0.448,    0.001914624413,      0.3259989223,                 0,                 0,                 0,     0.05549049989,   -0.001609411863,       0.326000572,                 0,       170.2678186
          0,           0,         778,      -9.217788463,      -9.631498019,       -9.60675605,       -8.66659051,             0.448,    0.001914626619,      0.3259988263,                 0,                 0,                 0,     0.05549048166,    -0.00160940862,       0.326000476,                 0,       170.2675724
          0,           0,         779,      -9.214997611,      -9.654119271,      -9.614905976,      -8.664552318,             0.448,    0.001914628545,      0.3259987334,                 0,                 0,                 0,     0.05549046446,   -0.001609405689,      0.3260003831,                 0,       170.2673525
          0,           0,         780,      -9.212488542,      -9.675869737,      -9.624153665,      -8.662695213,             0.448,    0.001914630154,      0.3259986441,                 0,                 0,                 0,      0.0554904485,   -0.001609403115,      0.3260002939,                 0,       170.2671628
          0,           0,         781,      -9.210394033,      -9.697990389,      -9.634002393,      -8.661179115,             0.448,    0.001914631421,      0.3259985587,                 0,                 0,                 0,     0.05549043384,   -0.001609400925,      0.3260002084,                 0,       170.2670055
          0,           0,         782,      -9.208771404,       -9.72049377,      -9.643847686,      -8.660040923,             0.448,    0.001914632334,       0.325998477,                 0,                 0,                 0,     0.05549042048,   -0.001609399128,      0.3260001268,                 0,       170.2668816
          0,           0,         783,       -9.20765475,      -9.742615916,      -9.653387939,      -8.659288273,             0.448,    0.001914632899,      0.3259983991,                 0,                 0,                 0,     0.05549040838,   -0.001609397722,      0.3260000489,                 0,       170.2667907
          0,           0,         784,      -9.207090213,      -9.763558956,      -9.662515017,      -8.658960793,             0.448,    0.001914633132,      0.3259983251,                 0,                 0,                 0,     0.05549039748,   -0.001609396689,      0.3259999749,                 0,       170.2667313
          0,           0,         785,      -9.207131964,      -9.782907645,      -9.671264884,      -8.659123299,             0.448,     0.00191463306,      0.3259982551,                 0,                 0,                 0,     0.05549038774,   -0.001609396004,      0.3259999049,                 0,       170.2667012
          0,           0,         786,      -9.207831821,      -9.800640527,      -9.679840451,      -8.659845645,             0.448,    0.001914632718,      0.3259981891,                 0,                 0,                 0,     0.05549037907,   -0.001609395633,      0.3259998389,                 0,       170.2666972
          0,           0,         787,      -9.209236522,       -9.81688621,      -9.688550257,      -8.661194707,             0.448,    0.001914632144,      0.3259981272,                 0,                 0,                 0,     0.05549037138,   -0.001609395537,       0.325999777,                 0,       170.2667158
          0,           0,         788,      -9.211386925,      -9.831680545,      -9.697687695,      -8.663230502,             0.448,    0.001914631382,      0.3259980692,                 0,                 0,                 0,     0.05549036456,   -0.001609395673,       0.325999719,                 0,       170.2667534
          0,           0,         789,      -9.214315497,      -9.844909249,      -9.707454613,      -8.666001307,             0.448,    0.001914630477,      0.3259980151,                 0,                 0,                 0,     0.05549035849,   -0.001609395992,      0.3259996649,                 0,       170.2668055
          0,           0,         790,       -9.21804451,      -9.856404164,      -9.717954292,      -8.669541123,             0.448,     0.00191462948,      0.3259979646,                 0,                 0,                 0,     0.05549035305,   -0.001609396444,      0.3259996144,                 0,       170.2668679
          0,           0,         791,       -9.22258622,      -9.866073925,      -9.729215035,      -8.673870631,             0.448,    0.001914628437,      0.3259979177,                 0,                 0,                 0,     0.05549034815,   -0.001609396979,      0.3259995675,                 0,        170.266936
          0,           0,         792,      -9.227944056,      -9.873991929,      -9.741213708,      -8.678999658,             0.448,    0.001914627397,      0.3259978741,                 0,                 0,                 0,     0.05549034367,   -0.001609397548,      0.3259995238,                 0,       170.2670058
          0,           0,         793,      -9.234114051,      -9.880426514,      -9.753893489,      -8.684929584,             0.448,    0.001914626403,      0.3259978336,                 0,                 0,                 0,     0.05549033956,   -0.001609398105,      0.3259994834,                 0,       170.2670731
          0,           0,         794,      -9.241086808,      -9.885817009,      -9.767182082,      -8.691655736,             0.448,    0.001914625491,       0.325997796,                 0,                 0,                 0,     0.05549033576,    -0.00160939861,      0.3259994458,                 0,       170.2671345
          0,           0,         795,      -9.248849655,      -9.890703809,      -9.781011668,      -8.699169471,             0.448,    0.001914624695,      0.3259977612,                 0,                 0,                 0,     0.05549033223,    -0.00160939903,       0.325999411,                 0,       170.2671871
          0,           0,         796,      -9.257388038,      -9.895636347,      -9.795334205,      -8.707459277,             0.448,    0.001914624036,       0.325997729,                 0,                 0,                 0,     0.05549032894,   -0.001609399341,      0.3259993787,                 0,       170.2672289
          0,           0,         797,      -9.266686003,      -9.901095012,      -9.810125684,      -8.716511057,             0.448,    0.001914623528,      0.3259976991,                 0,                 0,                 0,     0.05549032588,   -0.001609399525,      0.3259993489,                 0,       170.2672584
          0,           0,         798,      -9.276726172,      -9.907452017,      -9.825380881,      -8.726308164,             0.448,    0.001914623178,      0.3259976715,                 0,                 0,                 0,     0.05549032308,   -0.001609399577,      0.3259993213,                 0,       170.2672752
          0,           0,         799,      -9.287489805,      -9.914968437,       -9.84110497,      -8.736831693,             0.448,    0.001914622984,      0.3259976461,                 0,                 0,                 0,     0.05549032053,   -0.001609399496,      0.3259992958,                 0,       170.2672791
          0,           0,         800,      -9.298957144,      -9.923807557,      -9.857306538,      -8.748061115,             0.448,    0.001914622937,      0.3259976227,                 0,                 0,                 0,     0.05549031826,    -0.00160939929,      0.3259992724,                 0,       170.2672711
          0,           0,         801,      -9.311108047,      -9.934048246,      -9.873993041,       -8.75997518,             0.448,    0.001914690655,      0.3259976008,                 0,                 0,                 0,     0.05549031629,   -0.001609398972,      0.3259992509,                 0,       170.2612377
          0,           0,         802,      -7.736794652,      -7.708147266,      -7.539098765,      -7.130162495,             0.448,     0.00191469086,      0.3259975849,                 0,                 0,                 0,     0.05549031548,   -0.001609398595,       0.325999235,                 0,       170.2612111
          0,           0,         803,      -8.033967768,      -7.972152642,      -7.816562439,      -7.423463278,             0.448,    0.001914691827,      0.3259976549,                 0,                 0,                 0,     0.05549033612,   -0.001609398385,       0.325999305,                 0,       170.2611617
          0,           0,         804,      -8.275820145,      -8.142627443,      -8.240970136,      -7.682357761,             0.448,    0.001914697171,      0.3259979864,                 0,                 0,                 0,      0.0554904254,   -0.001609396625,      0.3259996366,                 0,       170.2608597
          0,           0,         805,      -8.473689453,      -8.282749918,      -8.476116004,      -7.863719816,             0.448,    0.001914705791,      0.3259984966,                 0,                 0,                 0,     0.05549054878,   -0.001609393521,      0.3260001469,                 0,       170.2603597
          0,           0,         806,      -8.633922621,      -8.481053635,      -8.541841084,      -8.035901353,             0.448,    0.001914710952,      0.3259989562,                 0,                 0,                 0,     0.05549063411,   -0.001609393328,      0.3260006065,                 0,       170.2601407
          0,           0,         807,      -8.728205119,      -8.587593086,       -8.66754696,      -8.131574985,             0.448,    0.001914714798,      0.3259992183,                 0,                 0,                 0,     0.05549065196,   -0.001609392315,      0.3260008686,                 0,       170.2599356
          0,           0,         808,      -8.858891849,      -8.680336066,      -8.800215421,      -8.260017579,             0.448,    0.001914717182,      0.3259992833,                 0,                 0,                 0,     0.05549061654,   -0.001609390635,      0.3260009336,                 0,       170.2597576
          0,           0,         809,      -8.888553577,       -8.71058341,      -8.865531845,      -8.287977423,             0.448,    0.001914719025,      0.3259992893,                 0,                 0,                 0,     0.05549057453,   -0.001609388856,      0.3260009396,                 0,       170.2595969
          0,           0,         810,      -8.940675821,      -8.774113297,      -8.908817447,      -8.338655713,             0.448,    0.001914723033,      0.3259993549,                 0,                 0,                 0,      0.0554905552,   -0.001609385558,      0.3260010053,                 0,       170.2592748
          0,           0,         811,      -9.055062549,      -8.902913256,      -8.998809655,       -8.45947704,             0.448,    0.001914726851,      0.3259994668,                 0,                 0,                 0,      0.0554905505,    -0.00160938295,      0.3260011172,                 0,       170.2589937
          0,           0,         812,      -9.130458026,      -8.991159915,      -9.117166551,      -8.543451458,             0.448,    0.001914729489,      0.3259995774,                 0,                 0,                 0,     0.05549054741,   -0.001609381508,      0.3260012278,                 0,       170.2588169
          0,           0,         813,      -9.157713914,      -9.029070268,      -9.181206188,      -8.569020495,             0.448,    0.001914731787,       0.325999675,                 0,                 0,                 0,     0.05549054449,   -0.001609380265,      0.3260013255,                 0,       170.2586635
          0,           0,         814,      -9.214744952,      -9.099303475,      -9.215592928,      -8.626321241,             0.448,    0.001914733859,      0.3259997646,                 0,                 0,                 0,      0.0554905431,    -0.00160937916,       0.326001415,                 0,        170.258526
          0,           0,         815,      -9.290665804,      -9.195719844,      -9.300450387,      -8.709244745,             0.448,    0.001914735291,      0.3259998465,                 0,                 0,                 0,     0.05549054262,   -0.001609378614,      0.3260014969,                 0,       170.2584415
          0,           0,         816,      -9.338974542,      -9.279242659,      -9.430868365,      -8.764042699,             0.448,    0.001914736007,      0.3259999197,                 0,                 0,                 0,     0.05549054298,    -0.00160937869,      0.3260015702,                 0,       170.2584161
          0,           0,         817,      -9.369084773,      -9.345524064,      -9.516323609,      -8.795801137,             0.448,    0.001914736266,      0.3259999883,                 0,                 0,                 0,     0.05549054554,   -0.001609379172,      0.3260016388,                 0,       170.2584288
          0,           0,         818,      -9.396992715,      -9.402896879,      -9.539371022,      -8.824177735,             0.448,     0.00191473625,      0.3260000574,                 0,                 0,                 0,     0.05549055129,   -0.001609379936,      0.3260017079,                 0,       170.2584664
          0,           0,         819,      -9.419483613,      -9.455728135,      -9.570664908,      -8.848323252,             0.448,    0.001914735893,      0.3260001273,                 0,                 0,                 0,      0.0554905595,   -0.001609381048,      0.3260017777,                 0,       170.2585346
          0,           0,         820,      -9.436073271,      -9.509865246,      -9.623963934,      -8.867907677,             0.448,    0.001914735135,      0.3260001952,                 0,                 0,                 0,     0.05549056884,    -0.00160938254,      0.3260018456,                 0,       170.2586375
          0,           0,         821,      -9.449330034,      -9.569039739,      -9.678684597,      -8.884817138,             0.448,    0.001914734044,      0.3260002606,                 0,                 0,                 0,     0.05549057885,   -0.001609384338,       0.326001911,                 0,       170.2587687
          0,           0,         822,      -9.458603307,      -9.629255435,      -9.721592109,      -8.897514345,             0.448,    0.001914732708,      0.3260003248,                 0,                 0,                 0,     0.05549058962,   -0.001609386368,      0.3260019752,                 0,        170.258921
          0,           0,         823,      -9.462843268,      -9.684541892,      -9.755819986,      -8.904370615,             0.448,    0.001914731193,      0.3260003883,                 0,                 0,                 0,     0.05549060104,   -0.001609388569,      0.3260020387,                 0,       170.2590888
          0,           0,         824,      -9.463186891,      -9.733302263,      -9.784986534,      -8.906696338,             0.448,    0.001914729581,      0.3260004505,                 0,                 0,                 0,     0.05549061273,   -0.001609390854,      0.3260021009,                 0,       170.2592647
          0,           0,         825,      -9.461488728,      -9.775701992,      -9.808014079,       -8.90669675,             0.448,    0.001914727969,      0.3260005108,                 0,                 0,                 0,     0.05549062432,   -0.001609393118,      0.3260021612,                 0,       170.2594395
          0,           0,         826,      -9.458953135,      -9.811572579,      -9.823982008,      -8.905632445,             0.448,    0.001914726433,      0.3260005695,                 0,                 0,                 0,     0.05549063567,   -0.001609395287,      0.3260022198,                 0,       170.2596067
          0,           0,         827,      -9.456129708,      -9.841527047,      -9.834332222,      -8.904000133,             0.448,    0.001914725012,      0.3260006267,                 0,                 0,                 0,     0.05549064672,   -0.001609397327,       0.326002277,                 0,        170.259763
          0,           0,         828,      -9.453240956,      -9.866941479,      -9.842211493,      -8.902042928,             0.448,    0.001914723729,      0.3260006825,                 0,                 0,                 0,     0.05549065732,   -0.001609399213,      0.3260023328,                 0,       170.2599062
          0,           0,         829,      -9.450450113,      -9.889562482,      -9.850361254,      -8.900004885,             0.448,    0.001914722609,      0.3260007365,                 0,                 0,                 0,     0.05549066732,   -0.001609400917,      0.3260023868,                 0,        170.260034
          0,           0,         830,      -9.447940844,      -9.911312471,      -9.859608437,      -8.898147714,             0.448,    0.001914721673,      0.3260007884,                 0,                 0,                 0,     0.05549067661,   -0.001609402414,      0.3260024387,                 0,       170.2601444
          0,           0,         831,      -9.445845918,      -9.933432729,      -9.869456269,      -8.896631327,             0.448,    0.001914720937,      0.3260008382,                 0,                 0,                 0,     0.05549068513,   -0.001609403688,      0.3260024884,                 0,       170.2602358
          0,           0,         832,      -9.444222681,      -9.955935721,      -9.879300414,      -8.895492641,             0.448,    0.001914720405,      0.3260008857,                 0,                 0,                 0,      0.0554906929,   -0.001609404732,      0.3260025359,                 0,       170.2603078
          0,           0,         833,      -9.443105234,      -9.978057588,      -9.888839215,      -8.894739299,             0.448,    0.001914720077,      0.3260009309,                 0,                 0,                 0,     0.05549069994,    -0.00160940555,      0.3260025812,                 0,       170.2603607
          0,           0,         834,      -9.442539746,      -9.999000506,      -9.897964646,      -8.894410946,             0.448,    0.001914719941,       0.326000974,                 0,                 0,                 0,     0.05549070627,   -0.001609406151,      0.3260026242,                 0,       170.2603952
          0,           0,         835,      -9.442580416,      -10.01834917,      -9.906712683,      -8.894572428,             0.448,    0.001914719983,      0.3260010147,                 0,                 0,                 0,     0.05549071194,   -0.001609406549,      0.3260026649,                 0,       170.2604128
          0,           0,         836,      -9.443279081,      -10.03608211,      -9.915286274,      -8.895293616,             0.448,    0.001914720183,       0.326001053,                 0,                 0,                 0,     0.05549071698,   -0.001609406765,      0.3260027033,                 0,       170.2604151
          0,           0,         837,      -9.444682506,      -10.05232797,      -9.923994029,      -8.896641416,             0.448,    0.001914720516,      0.3260010891,                 0,                 0,                 0,     0.05549072146,    -0.00160940682,      0.3260027393,                 0,       170.2604042
          0,           0,         838,      -9.446831562,      -10.06712258,       -9.93312933,      -8.898675859,             0.448,     0.00191472096,      0.3260011228,                 0,                 0,                 0,     0.05549072542,   -0.001609406742,       0.326002773,                 0,       170.2603824
          0,           0,         839,      -9.449758755,      -10.08035143,       -9.94289411,       -8.90144526,             0.448,    0.001914721485,      0.3260011543,                 0,                 0,                 0,     0.05549072895,   -0.001609406556,      0.3260028045,                 0,       170.2603521
          0,           0,         840,       -9.45348637,      -10.09184631,      -9.953391677,      -8.904983637,             0.448,    0.001914722065,      0.3260011836,                 0,                 0,                 0,     0.05549073211,   -0.001609406293,      0.3260028338,                 0,       170.2603158
          0,           0,         841,      -9.458026679,      -10.10151598,      -9.964650353,       -8.90931169,             0.448,    0.001914722672,      0.3260012109,                 0,                 0,                 0,     0.05549073497,   -0.001609405982,      0.3260028611,                 0,       170.2602762
          0,           0,         842,      -9.463383135,      -10.10943361,      -9.976647022,      -8.914439272,             0.448,    0.001914723277,      0.3260012362,                 0,                 0,                 0,     0.05549073757,   -0.001609405651,      0.3260028865,                 0,       170.2602356
          0,           0,         843,      -9.469551774,      -10.11586793,      -9.989324927,      -8.920367766,             0.448,    0.001914723855,      0.3260012598,                 0,                 0,                 0,     0.05549073996,   -0.001609405327,      0.3260029101,                 0,       170.2601965
          0,           0,         844,      -9.476523225,       -10.1212578,      -10.00261178,      -8.927092527,             0.448,    0.001914724385,      0.3260012816,                 0,                 0,                 0,     0.05549074217,   -0.001609405033,      0.3260029319,                 0,       170.2601608
          0,           0,         845,      -9.484284815,      -10.12614381,      -10.01643976,      -8.934604912,             0.448,    0.001914724848,      0.3260013019,                 0,                 0,                 0,     0.05549074423,   -0.001609404789,      0.3260029522,                 0,       170.2601302
          0,           0,         846,      -9.492822004,      -10.13107556,      -10.03076088,      -8.942893424,             0.448,    0.001914725232,      0.3260013206,                 0,                 0,                 0,     0.05549074614,   -0.001609404608,      0.3260029709,                 0,       170.2601059
          0,           0,         847,       -9.50211885,      -10.13653318,      -10.04555109,      -8.951943981,             0.448,    0.001914725527,       0.326001338,                 0,                 0,                 0,     0.05549074791,   -0.001609404501,      0.3260029883,                 0,       170.2600887
          0,           0,         848,      -9.512157972,      -10.14288902,       -10.0608052,      -8.961739931,             0.448,     0.00191472573,       0.326001354,                 0,                 0,                 0,     0.05549074955,   -0.001609404471,      0.3260030043,                 0,        170.260079
          0,           0,         849,      -9.522920643,      -10.15040433,      -10.07652836,      -8.972262386,             0.448,    0.001914725843,      0.3260013688,                 0,                 0,                 0,     0.05549075103,   -0.001609404518,      0.3260030191,                 0,       170.2600766
          0,           0,         850,      -9.534387109,      -10.15924211,      -10.09272914,      -8.983490823,             0.448,    0.001914725871,      0.3260013825,                 0,                 0,                 0,     0.05549075235,   -0.001609404638,      0.3260030327,                 0,       170.2600813
          0,           0,         851,      -9.546537231,      -10.16948161,      -10.10941502,      -8.995403992,             0.448,    0.001914686491,      0.3260013952,                 0,                 0,                 0,     0.05549075349,   -0.001609404823,      0.3260030452,                 0,       170.2635897
          0,           0,         852,      -7.972233956,      -7.943586581,      -7.774538078,      -7.365601801,             0.448,    0.001914686372,      0.3260014044,                 0,                 0,                 0,     0.05549075397,   -0.001609405042,      0.3260030545,                 0,       170.2636052
          0,           0,         853,      -8.269407058,       -8.20759194,      -8.052001759,       -7.65890257,             0.448,     0.00191468581,      0.3260013637,                 0,                 0,                 0,     0.05549074196,   -0.001609405164,      0.3260030138,                 0,       170.2636339
          0,           0,         854,      -8.511259377,      -8.378066749,      -8.476409436,      -7.917797002,             0.448,    0.001914682702,      0.3260011709,                 0,                 0,                 0,     0.05549069004,   -0.001609406187,      0.3260028209,                 0,       170.2638095
          0,           0,         855,      -8.709128573,      -8.518189231,      -8.711555303,      -8.099158973,             0.448,     0.00191467769,      0.3260008742,                 0,                 0,                 0,      0.0554906183,   -0.001609407992,      0.3260025242,                 0,       170.2641003
          0,           0,         856,      -8.869361551,      -8.716492953,      -8.777280354,      -8.271340334,             0.448,    0.001914674688,       0.326000607,                 0,                 0,                 0,     0.05549056868,   -0.001609408104,      0.3260022569,                 0,       170.2642276
          0,           0,         857,      -8.963643864,      -8.823032357,      -8.902986212,      -8.367013793,             0.448,    0.001914672452,      0.3260004546,                 0,                 0,                 0,      0.0554905583,   -0.001609408693,      0.3260021045,                 0,       170.2643469
          0,           0,         858,      -9.094330207,      -8.915775284,      -9.035654667,      -8.495456042,             0.448,    0.001914671066,      0.3260004168,                 0,                 0,                 0,     0.05549057889,   -0.001609409671,      0.3260020667,                 0,       170.2644504
          0,           0,         859,      -9.123991916,      -8.946022623,      -9.100971081,      -8.523415869,             0.448,    0.001914669994,      0.3260004133,                 0,                 0,                 0,     0.05549060332,   -0.001609410705,      0.3260020632,                 0,       170.2645439
          0,           0,         860,      -9.176114091,      -9.009552502,      -9.144256675,      -8.574094094,             0.448,    0.001914667663,      0.3260003751,                 0,                 0,                 0,     0.05549061456,   -0.001609412623,       0.326002025,                 0,       170.2647312
          0,           0,         861,      -9.290500422,      -9.138352426,      -9.234248854,      -8.694915012,             0.448,    0.001914665443,        0.32600031,                 0,                 0,                 0,      0.0554906173,   -0.001609414139,      0.3260019599,                 0,       170.2648947
          0,           0,         862,      -9.365895681,      -9.226599031,      -9.352605789,      -8.778889158,             0.448,    0.001914663909,      0.3260002457,                 0,                 0,                 0,     0.05549061909,   -0.001609414978,      0.3260018956,                 0,       170.2649975
          0,           0,         863,      -9.393151691,       -9.26450932,      -9.416645484,      -8.804458299,             0.448,    0.001914662573,       0.326000189,                 0,                 0,                 0,     0.05549062079,   -0.001609415701,      0.3260018388,                 0,       170.2650867
          0,           0,         864,      -9.450182699,      -9.334742464,      -9.451032172,      -8.861758957,             0.448,    0.001914661367,      0.3260001369,                 0,                 0,                 0,      0.0554906216,   -0.001609416344,      0.3260017868,                 0,       170.2651667
          0,           0,         865,      -9.526103477,      -9.431158794,      -9.535889539,      -8.944682327,             0.448,    0.001914660535,      0.3260000893,                 0,                 0,                 0,     0.05549062188,   -0.001609416661,      0.3260017391,                 0,       170.2652159
          0,           0,         866,      -9.574412363,      -9.514681634,      -9.666307451,      -8.999480391,             0.448,    0.001914660119,      0.3260000467,                 0,                 0,                 0,     0.05549062167,   -0.001609416617,      0.3260016965,                 0,       170.2652306
          0,           0,         867,      -9.604522834,      -9.580963089,        -9.7517627,      -9.031239106,             0.448,    0.001914659967,      0.3260000068,                 0,                 0,                 0,     0.05549062018,   -0.001609416337,      0.3260016566,                 0,       170.2652232
          0,           0,         868,      -9.632430932,      -9.638335909,      -9.774810019,      -9.059615895,             0.448,    0.001914659977,      0.3259999666,                 0,                 0,                 0,     0.05549061684,   -0.001609415893,      0.3260016165,                 0,       170.2652014
          0,           0,         869,      -9.654921845,      -9.691167057,      -9.806103653,      -9.083761482,             0.448,    0.001914660184,       0.325999926,                 0,                 0,                 0,     0.05549061206,   -0.001609415246,      0.3260015758,                 0,       170.2651617
          0,           0,         870,      -9.671511419,      -9.745303996,      -9.859402324,      -9.103345897,             0.448,    0.001914660625,      0.3259998865,                 0,                 0,                 0,     0.05549060663,   -0.001609414379,      0.3260015364,                 0,       170.2651019
          0,           0,         871,      -9.684767924,      -9.804478396,      -9.914122339,      -9.120255167,             0.448,     0.00191466126,      0.3259998485,                 0,                 0,                 0,     0.05549060081,   -0.001609413333,      0.3260014983,                 0,       170.2650256
          0,           0,         872,      -9.694040867,      -9.864694148,      -9.957029102,      -9.132952109,             0.448,    0.001914662037,      0.3259998111,                 0,                 0,                 0,     0.05549059455,   -0.001609412153,       0.326001461,                 0,       170.2649371
          0,           0,         873,      -9.698280404,      -9.919980807,      -9.991256054,      -9.139808001,             0.448,    0.001914662917,      0.3259997742,                 0,                 0,                 0,      0.0554905879,   -0.001609410873,      0.3260014241,                 0,       170.2648394
          0,           0,         874,      -9.698623593,      -9.968741387,      -10.02042184,      -9.142133305,             0.448,    0.001914663855,       0.325999738,                 0,                 0,                 0,     0.05549058111,   -0.001609409544,      0.3260013879,                 0,       170.2647372
          0,           0,         875,      -9.696925016,      -10.01114138,      -10.04344868,      -9.142133276,             0.448,    0.001914664792,      0.3259997029,                 0,                 0,                 0,     0.05549057437,   -0.001609408228,      0.3260013529,                 0,       170.2646355
          0,           0,         876,      -9.694389084,      -10.04701205,      -10.05941613,      -9.141068583,             0.448,    0.001914665686,      0.3259996689,                 0,                 0,                 0,     0.05549056776,   -0.001609406966,      0.3260013188,                 0,       170.2645382
          0,           0,         877,      -9.691565388,      -10.07696662,      -10.06976608,      -9.139435938,             0.448,    0.001914666512,      0.3259996356,                 0,                 0,                 0,     0.05549056134,    -0.00160940578,      0.3260012855,                 0,       170.2644474
          0,           0,         878,      -9.688676476,      -10.10238119,      -10.07764526,      -9.137478493,             0.448,    0.001914667258,      0.3259996031,                 0,                 0,                 0,     0.05549055517,   -0.001609404683,      0.3260012531,                 0,       170.2643641
          0,           0,         879,      -9.685885602,      -10.12500209,      -10.08579511,      -9.135440333,             0.448,    0.001914667909,      0.3259995717,                 0,                 0,                 0,     0.05549054936,   -0.001609403692,      0.3260012217,                 0,       170.2642898
          0,           0,         880,      -9.683376424,      -10.14675234,      -10.09504253,      -9.133583165,             0.448,    0.001914668453,      0.3259995415,                 0,                 0,                 0,     0.05549054396,   -0.001609402822,      0.3260011915,                 0,       170.2642256
          0,           0,         881,      -9.681281709,      -10.16887259,       -10.1048908,      -9.132066914,             0.448,    0.001914668882,      0.3259995126,                 0,                 0,                 0,     0.05549053901,   -0.001609402081,      0.3260011626,                 0,       170.2641724
          0,           0,         882,      -9.679658781,       -10.1913759,      -10.11473551,      -9.130928474,             0.448,    0.001914669191,       0.325999485,                 0,                 0,                 0,     0.05549053449,   -0.001609401474,       0.326001135,                 0,       170.2641305
          0,           0,         883,       -9.67854176,      -10.21349768,      -10.12427515,      -9.130175498,             0.448,    0.001914669382,      0.3259994586,                 0,                 0,                 0,     0.05549053039,   -0.001609400998,      0.3260011086,                 0,       170.2640998
          0,           0,         884,      -9.677976788,      -10.23444075,       -10.1334015,      -9.129847618,             0.448,     0.00191466946,      0.3259994336,                 0,                 0,                 0,     0.05549052671,   -0.001609400649,      0.3260010836,                 0,       170.2640797
          0,           0,         885,      -9.678018051,      -10.25378953,      -10.14215056,      -9.130009663,             0.448,    0.001914669436,        0.32599941,                 0,                 0,                 0,     0.05549052341,   -0.001609400417,      0.3260010599,                 0,       170.2640695
          0,           0,         886,      -9.678717367,      -10.27152262,       -10.1507253,      -9.130731485,             0.448,     0.00191466932,      0.3259993876,                 0,                 0,                 0,     0.05549052048,   -0.001609400292,      0.3260010376,                 0,       170.2640682
          0,           0,         887,      -9.680121498,      -10.28776837,      -10.15943425,      -9.132079983,             0.448,    0.001914669126,      0.3259993667,                 0,                 0,                 0,     0.05549051788,   -0.001609400259,      0.3260010167,                 0,       170.2640745
          0,           0,         888,      -9.682271297,      -10.30256289,      -10.16857074,      -9.134115176,             0.448,    0.001914668868,      0.3259993471,                 0,                 0,                 0,     0.05549051558,   -0.001609400305,      0.3260009971,                 0,       170.2640872
          0,           0,         889,      -9.685199246,      -10.31579207,      -10.17833674,      -9.136885353,             0.448,    0.001914668563,      0.3259993288,                 0,                 0,                 0,     0.05549051352,   -0.001609400413,      0.3260009788,                 0,       170.2641048
          0,           0,         890,      -9.688927644,      -10.32728686,       -10.1888355,      -9.140424538,             0.448,    0.001914668225,      0.3259993117,                 0,                 0,                 0,     0.05549051169,   -0.001609400566,      0.3260009617,                 0,       170.2641259
          0,           0,         891,      -9.693468729,      -10.33695675,      -10.20009536,      -9.144753398,             0.448,    0.001914667873,      0.3259992959,                 0,                 0,                 0,     0.05549051003,   -0.001609400747,      0.3260009458,                 0,       170.2641489
          0,           0,         892,      -9.698825956,      -10.34487464,      -10.21209315,       -9.14988179,             0.448,    0.001914667521,      0.3259992811,                 0,                 0,                 0,     0.05549050851,   -0.001609400939,      0.3260009311,                 0,       170.2641725
          0,           0,         893,       -9.70499535,      -10.35130923,      -10.22477211,      -9.155811083,             0.448,    0.001914667185,      0.3259992674,                 0,                 0,                 0,     0.05549050712,   -0.001609401127,      0.3260009174,                 0,       170.2641953
          0,           0,         894,      -9.711967534,      -10.35669957,      -10.23805995,      -9.162536624,             0.448,    0.001914666877,      0.3259992547,                 0,                 0,                 0,     0.05549050584,   -0.001609401298,      0.3260009047,                 0,        170.264216
          0,           0,         895,       -9.71972983,      -10.36158616,      -10.25188887,      -9.170049772,             0.448,    0.001914666607,      0.3259992429,                 0,                 0,                 0,     0.05549050464,    -0.00160940144,      0.3260008929,                 0,       170.2642338
          0,           0,         896,      -9.728267693,      -10.36651831,      -10.26621076,      -9.178339018,             0.448,    0.001914666384,       0.325999232,                 0,                 0,                 0,     0.05549050353,   -0.001609401545,       0.326000882,                 0,        170.264248
          0,           0,         897,      -9.737565172,      -10.37197639,      -10.28100173,      -9.187390268,             0.448,    0.001914666213,      0.3259992219,                 0,                 0,                 0,      0.0554905025,   -0.001609401608,      0.3260008719,                 0,        170.264258
          0,           0,         898,       -9.74760488,      -10.37833309,      -10.29625646,      -9.197186864,             0.448,    0.001914666094,      0.3259992126,                 0,                 0,                 0,     0.05549050155,   -0.001609401625,      0.3260008626,                 0,       170.2642636
          0,           0,         899,      -9.758368099,      -10.38584903,      -10.31198015,      -9.207709929,             0.448,    0.001914666029,       0.325999204,                 0,                 0,                 0,     0.05549050069,   -0.001609401598,       0.326000854,                 0,       170.2642649
          0,           0,         900,      -9.769835067,      -10.39468745,      -10.32818139,      -9.218938932,             0.448,    0.001914666013,      0.3259991961,                 0,                 0,                 0,     0.05549049992,   -0.001609401528,       0.326000846,                 0,       170.2642622
          0,           0,         901,      -9.781985634,      -10.40492768,      -10.34486762,      -9.230852615,             0.448,    0.001914688912,      0.3259991887,                 0,                 0,                 0,     0.05549049925,   -0.001609401421,      0.3260008388,                 0,        170.262222
          0,           0,         902,       -8.20767573,      -8.179028349,      -8.009979844,      -7.601043575,             0.448,    0.001914688982,      0.3259991833,                 0,                 0,                 0,     0.05549049898,   -0.001609401293,      0.3260008334,                 0,        170.262213
          0,           0,         903,      -8.504848838,      -8.443033717,      -8.287443521,      -7.894344349,             0.448,    0.001914689309,       0.325999207,                 0,                 0,                 0,     0.05549050596,   -0.001609401222,      0.3260008571,                 0,       170.2621963
          0,           0,         904,      -8.746701196,      -8.613508519,      -8.711851207,      -8.153238814,             0.448,    0.001914691116,      0.3259993191,                 0,                 0,                 0,     0.05549053615,   -0.001609400627,      0.3260009692,                 0,       170.2620942
          0,           0,         905,      -8.944570462,      -8.753630994,       -8.94699708,      -8.334600837,             0.448,     0.00191469403,      0.3259994916,                 0,                 0,                 0,     0.05549057787,   -0.001609399578,      0.3260011418,                 0,       170.2619251
          0,           0,         906,      -9.104803576,      -8.951934719,      -9.012722153,      -8.506782324,             0.448,    0.001914695776,       0.325999647,                 0,                 0,                 0,     0.05549060673,   -0.001609399512,      0.3260012972,                 0,       170.2618511
          0,           0,         907,         -9.199086,      -9.058474159,       -9.13842802,      -8.602455886,             0.448,    0.001914697076,      0.3259997357,                 0,                 0,                 0,     0.05549061276,    -0.00160939917,      0.3260013858,                 0,       170.2617817
          0,           0,         908,      -9.329772569,      -9.151217105,      -9.271096466,      -8.730898329,             0.448,    0.001914697882,      0.3259997576,                 0,                 0,                 0,     0.05549060079,   -0.001609398601,      0.3260014078,                 0,       170.2617215
          0,           0,         909,       -9.35943429,      -9.181464441,      -9.336412883,      -8.758858159,             0.448,    0.001914698506,      0.3259997597,                 0,                 0,                 0,     0.05549058658,      -0.001609398,      0.3260014098,                 0,       170.2616672
          0,           0,         910,      -9.411556532,      -9.244994353,      -9.379698487,      -8.809536457,             0.448,    0.001914699861,      0.3259997819,                 0,                 0,                 0,     0.05549058004,   -0.001609396885,       0.326001432,                 0,       170.2615582
          0,           0,         911,       -9.52594311,      -9.373794302,       -9.46969068,      -8.930357632,             0.448,    0.001914701152,      0.3259998197,                 0,                 0,                 0,     0.05549057845,   -0.001609396003,      0.3260014699,                 0,       170.2614632
          0,           0,         912,        -9.6013385,      -9.462040941,      -9.588047607,      -9.014331949,             0.448,    0.001914702044,      0.3259998571,                 0,                 0,                 0,     0.05549057741,   -0.001609395515,      0.3260015073,                 0,       170.2614034
          0,           0,         913,      -9.628594438,      -9.499951306,      -9.652087269,      -9.039901019,             0.448,    0.001914702821,      0.3259998901,                 0,                 0,                 0,     0.05549057642,   -0.001609395095,      0.3260015403,                 0,       170.2613515
          0,           0,         914,      -9.685625474,      -9.570184457,      -9.686473969,      -9.097201724,             0.448,    0.001914703522,      0.3259999204,                 0,                 0,                 0,     0.05549057595,   -0.001609394721,      0.3260015706,                 0,        170.261305
          0,           0,         915,      -9.761546262,      -9.666600782,      -9.771331399,      -9.180125143,             0.448,    0.001914704006,      0.3259999481,                 0,                 0,                 0,     0.05549057579,   -0.001609394537,      0.3260015983,                 0,       170.2612764
          0,           0,         916,      -9.809855043,      -9.750123568,      -9.901749311,      -9.234923142,             0.448,    0.001914704248,      0.3259999729,                 0,                 0,                 0,     0.05549057591,   -0.001609394562,      0.3260016231,                 0,       170.2612678
          0,           0,         917,      -9.839965339,      -9.816405011,      -9.987204588,      -9.266681663,             0.448,    0.001914704336,       0.325999996,                 0,                 0,                 0,     0.05549057677,   -0.001609394725,      0.3260016463,                 0,       170.2612721
          0,           0,         918,      -9.867873248,      -9.873777741,      -10.01025189,      -9.295058252,             0.448,    0.001914704331,      0.3260000194,                 0,                 0,                 0,     0.05549057872,   -0.001609394983,      0.3260016696,                 0,       170.2612848
          0,           0,         919,      -9.890364104,      -9.926608966,      -10.04154564,       -9.31920375,             0.448,     0.00191470421,       0.326000043,                 0,                 0,                 0,      0.0554905815,   -0.001609395359,      0.3260016932,                 0,       170.2613079
          0,           0,         920,      -9.906953667,      -9.980746046,      -10.09484455,      -9.338788128,             0.448,    0.001914703954,       0.326000066,                 0,                 0,                 0,     0.05549058466,   -0.001609395864,      0.3260017162,                 0,       170.2613427
          0,           0,         921,      -9.920210264,      -10.03992044,       -10.1495649,      -9.355697436,             0.448,    0.001914703585,      0.3260000881,                 0,                 0,                 0,     0.05549058804,   -0.001609396472,      0.3260017383,                 0,       170.2613871
          0,           0,         922,       -9.92948333,       -10.1001362,      -10.19247199,      -9.368394477,             0.448,    0.001914703133,      0.3260001098,                 0,                 0,                 0,     0.05549059168,   -0.001609397158,        0.32600176,                 0,       170.2614386
          0,           0,         923,      -9.933723069,      -10.15542261,      -10.22669944,      -9.375250546,             0.448,    0.001914702621,      0.3260001313,                 0,                 0,                 0,     0.05549059555,   -0.001609397903,      0.3260017815,                 0,       170.2614953
          0,           0,         924,      -9.934066453,        -10.204183,       -10.2558657,       -9.37757603,             0.448,    0.001914702075,      0.3260001523,                 0,                 0,                 0,      0.0554905995,   -0.001609398675,      0.3260018025,                 0,       170.2615548
          0,           0,         925,      -9.932368087,      -10.24658289,      -10.27889286,      -9.377576226,             0.448,     0.00191470153,      0.3260001727,                 0,                 0,                 0,     0.05549060341,   -0.001609399441,      0.3260018229,                 0,       170.2616139
          0,           0,         926,      -9.929832353,      -10.28245346,      -10.29486052,      -9.376511758,             0.448,    0.001914701011,      0.3260001926,                 0,                 0,                 0,     0.05549060726,   -0.001609400175,      0.3260018427,                 0,       170.2616705
          0,           0,         927,       -9.92700877,      -10.31240805,      -10.30521065,      -9.374879265,             0.448,     0.00191470053,      0.3260002119,                 0,                 0,                 0,     0.05549061099,   -0.001609400864,      0.3260018621,                 0,       170.2617233
          0,           0,         928,      -9.924119935,      -10.33782248,       -10.3130899,      -9.372921938,             0.448,    0.001914700097,      0.3260002308,                 0,                 0,                 0,     0.05549061458,   -0.001609401502,       0.326001881,                 0,       170.2617717
          0,           0,         929,       -9.92132908,      -10.36044342,      -10.32123971,      -9.370883846,             0.448,    0.001914699718,      0.3260002491,                 0,                 0,                 0,     0.05549061796,   -0.001609402078,      0.3260018992,                 0,        170.261815
          0,           0,         930,       -9.91881985,      -10.38219358,      -10.33048689,      -9.369026669,             0.448,    0.001914699401,      0.3260002666,                 0,                 0,                 0,      0.0554906211,   -0.001609402585,      0.3260019168,                 0,       170.2618523
          0,           0,         931,      -9.916725022,      -10.40431365,      -10.34033499,      -9.367510347,             0.448,    0.001914699152,      0.3260002834,                 0,                 0,                 0,     0.05549062398,   -0.001609403015,      0.3260019336,                 0,       170.2618832
          0,           0,         932,      -9.915101916,      -10.42681666,      -10.35017939,      -9.366371769,             0.448,    0.001914698973,      0.3260002995,                 0,                 0,                 0,     0.05549062661,   -0.001609403369,      0.3260019496,                 0,       170.2619076
          0,           0,         933,       -9.91398465,      -10.44893863,      -10.35971852,       -9.36561858,             0.448,    0.001914698862,      0.3260003148,                 0,                 0,                 0,     0.05549062899,   -0.001609403645,      0.3260019649,                 0,       170.2619254
          0,           0,         934,      -9.913419388,      -10.46988169,      -10.36884433,      -9.365290437,             0.448,    0.001914698816,      0.3260003294,                 0,                 0,                 0,     0.05549063113,   -0.001609403848,      0.3260019795,                 0,       170.2619371
          0,           0,         935,      -9.913460319,      -10.48923031,      -10.37759285,      -9.365452161,             0.448,     0.00191469883,      0.3260003431,                 0,                 0,                 0,     0.05549063305,   -0.001609403983,      0.3260019933,                 0,        170.261943
          0,           0,         936,      -9.914159253,      -10.50696361,      -10.38616681,      -9.366173613,             0.448,    0.001914698897,      0.3260003561,                 0,                 0,                 0,     0.05549063475,   -0.001609404056,      0.3260020062,                 0,       170.2619438
          0,           0,         937,      -9.915562993,      -10.52320925,      -10.39487509,      -9.367521725,             0.448,     0.00191469901,      0.3260003683,                 0,                 0,                 0,     0.05549063626,   -0.001609404075,      0.3260020184,                 0,       170.2619402
          0,           0,         938,       -9.91771238,      -10.53800367,      -10.40401087,      -9.369556499,             0.448,     0.00191469916,      0.3260003797,                 0,                 0,                 0,      0.0554906376,   -0.001609404048,      0.3260020298,                 0,       170.2619328
          0,           0,         939,        -9.9206399,      -10.55123257,      -10.41377623,      -9.372326235,             0.448,    0.001914699338,      0.3260003903,                 0,                 0,                 0,      0.0554906388,   -0.001609403985,      0.3260020405,                 0,       170.2619225
          0,           0,         940,      -9.924367851,      -10.56272761,      -10.42427436,      -9.375864961,             0.448,    0.001914699534,      0.3260004002,                 0,                 0,                 0,     0.05549063987,   -0.001609403896,      0.3260020504,                 0,       170.2619103
          0,           0,         941,      -9.928908493,      -10.57239724,      -10.43553354,      -9.380193356,             0.448,    0.001914699739,      0.3260004095,                 0,                 0,                 0,     0.05549064083,   -0.001609403791,      0.3260020596,                 0,       170.2618969
          0,           0,         942,       -9.93426529,      -10.58031505,      -10.44753064,      -9.385321299,             0.448,    0.001914699944,       0.326000418,                 0,                 0,                 0,     0.05549064171,   -0.001609403679,      0.3260020682,                 0,       170.2618831
          0,           0,         943,      -9.940434259,      -10.58674955,      -10.46020899,      -9.391250136,             0.448,    0.001914700139,       0.326000426,                 0,                 0,                 0,     0.05549064252,    -0.00160940357,      0.3260020761,                 0,       170.2618699
          0,           0,         944,      -9.947406035,       -10.5921394,      -10.47349627,      -9.397975243,             0.448,    0.001914700318,      0.3260004334,                 0,                 0,                 0,     0.05549064327,    -0.00160940347,      0.3260020835,                 0,       170.2618578
          0,           0,         945,      -9.955167925,      -10.59702592,      -10.48732465,      -9.405487952,             0.448,    0.001914700475,      0.3260004402,                 0,                 0,                 0,     0.05549064396,   -0.001609403388,      0.3260020904,                 0,       170.2618475
          0,           0,         946,      -9.963705406,       -10.6019579,      -10.50164612,      -9.413776783,             0.448,    0.001914700605,      0.3260004466,                 0,                 0,                 0,     0.05549064461,   -0.001609403327,      0.3260020967,                 0,       170.2618393
          0,           0,         947,      -9.973002527,       -10.6074154,      -10.51643663,      -9.422827641,             0.448,    0.001914700704,      0.3260004525,                 0,                 0,                 0,     0.05549064521,    -0.00160940329,      0.3260021026,                 0,       170.2618335
          0,           0,         948,      -9.983041903,      -10.61377182,      -10.53169101,      -9.432623873,             0.448,    0.001914700773,      0.3260004579,                 0,                 0,                 0,     0.05549064576,    -0.00160940328,       0.326002108,                 0,       170.2618302
          0,           0,         949,      -9.993804816,      -10.62128726,      -10.54741441,      -9.443146594,             0.448,    0.001914700811,      0.3260004629,                 0,                 0,                 0,     0.05549064626,   -0.001609403296,       0.326002113,                 0,       170.2618294
          0,           0,         950,      -10.00527151,      -10.63012513,      -10.56361541,      -9.454375278,             0.448,    0.001914700821,      0.3260004675,                 0,                 0,                 0,     0.05549064671,   -0.001609403337,      0.3260021176,                 0,        170.261831
          0,           0,         951,      -10.01742182,        -10.640365,      -10.58030144,      -9.466288672,             0.448,    0.001914700804,      0.3260004717,                 0,                 0,                 0,      0.0554906471,   -0.001609403399,      0.3260021219,                 0,       170.2618347
          0,           0,         952,      -10.03023612,      -10.65201101,      -10.59747642,      -9.478865923,             0.448,    0.001914700764,      0.3260004756,                 0,                 0,                 0,     0.05549064742,    -0.00160940348,      0.3260021257,                 0,       170.2618402
          0,           0,         953,      -10.04369633,      -10.66500331,      -10.61514016,      -9.492087892,             0.448,    0.001914700706,      0.3260004791,                 0,                 0,                 0,     0.05549064767,   -0.001609403576,      0.3260021292,                 0,       170.2618472
          0,           0,         954,      -10.05778701,      -10.67923253,      -10.63328953,      -9.505938531,             0.448,    0.001914700634,      0.3260004823,                 0,                 0,                 0,     0.05549064786,   -0.001609403683,      0.3260021324,                 0,       170.2618553
          0,           0,         955,      -10.07249637,      -10.69455533,      -10.65192064,      -9.520406138,             0.448,    0.001914700552,      0.3260004851,                 0,                 0,                 0,     0.05549064797,   -0.001609403796,      0.3260021352,                 0,       170.2618641
          0,           0,         956,      -10.08781698,      -10.71081041,      -10.67103029,      -9.535484186,             0.448,    0.001914700463,      0.3260004876,                 0,                 0,                 0,       0.055490648,   -0.001609403912,      0.3260021378,                 0,       170.2618733
          0,           0,         957,      -10.10374605,       -10.7278339,      -10.69061745,      -9.551171567,             0.448,    0.001914700372,      0.3260004898,                 0,                 0,                 0,     0.05549064797,   -0.001609404027,        0.32600214,                 0,       170.2618825
          0,           0,         958,       -10.1202852,      -10.74546372,      -10.71068287,      -9.567472195,             0.448,    0.001914700281,      0.3260004917,                 0,                 0,                 0,     0.05549064787,   -0.001609404139,      0.3260021419,                 0,       170.2618916
          0,           0,         959,      -10.13743988,      -10.76354803,      -10.73122904,       -9.58439403,             0.448,    0.001914700192,      0.3260004934,                 0,                 0,                 0,      0.0554906477,   -0.001609404245,      0.3260021435,                 0,       170.2619004
          0,           0,         960,      -10.15521842,       -10.7819438,      -10.75225939,      -9.601947752,             0.448,    0.001914700108,      0.3260004947,                 0,                 0,                 0,     0.05549064748,   -0.001609404344,      0.3260021449,                 0,       170.2619086
          0,           0,         961,       -10.1736309,      -10.80052071,      -10.77377651,       -9.62014514,             0.448,    0.001914700029,      0.3260004958,                 0,                 0,                 0,     0.05549064721,   -0.001609404435,       0.326002146,                 0,       170.2619162
          0,           0,         962,      -10.19268798,      -10.81916243,      -10.79578109,      -9.638997604,             0.448,    0.001914699955,      0.3260004967,                 0,                 0,                 0,     0.05549064689,   -0.001609404518,      0.3260021468,                 0,       170.2619232
          0,           0,         963,      -10.21239982,      -10.83777093,      -10.81827013,        -9.6585149,             0.448,    0.001914699888,      0.3260004973,                 0,                 0,                 0,     0.05549064653,   -0.001609404592,      0.3260021475,                 0,       170.2619295
          0,           0,         964,      -10.23277533,      -10.85627098,      -10.84123635,      -9.678704271,             0.448,    0.001914699827,      0.3260004977,                 0,                 0,                 0,     0.05549064615,   -0.001609404657,      0.3260021479,                 0,       170.2619351
          0,           0,         965,      -10.25382172,      -10.87461321,      -10.86466762,      -9.699570145,             0.448,    0.001914699771,      0.3260004979,                 0,                 0,                 0,     0.05549064574,   -0.001609404715,      0.3260021481,                 0,       170.2619402
          0,           0,         966,      -10.27554441,      -10.89277837,       -10.8885486,      -9.721114352,             0.448,     0.00191469972,       0.326000498,                 0,                 0,                 0,     0.05549064532,   -0.001609404767,      0.3260021481,                 0,       170.2619448
          0,           0,         967,      -10.29794749,      -10.91077437,      -10.91286163,      -9.743336885,             0.448,    0.001914699673,      0.3260004978,                 0,                 0,                 0,     0.05549064489,   -0.001609404813,       0.326002148,                 0,       170.2619489
          0,           0,         968,      -10.32103445,      -10.92863957,       -10.9375884,      -9.766237185,             0.448,    0.001914699628,      0.3260004976,                 0,                 0,                 0,     0.05549064445,   -0.001609404854,      0.3260021477,                 0,       170.2619527
          0,           0,         969,      -10.34480922,      -10.94643786,      -10.96271041,      -9.789815565,             0.448,    0.001914699585,      0.3260004971,                 0,                 0,                 0,     0.05549064402,   -0.001609404893,      0.3260021473,                 0,       170.2619563
          0,           0,         970,       -10.3692773,      -10.96425452,      -10.98820958,       -9.81407468,             0.448,    0.001914699543,      0.3260004966,                 0,                 0,                 0,     0.05549064358,   -0.001609404929,      0.3260021467,                 0,       170.2619598
          0,           0,         971,      -10.39444652,      -10.98219807,      -11.01406804,      -9.839020649,             0.448,    0.001914699501,      0.3260004959,                 0,                 0,                 0,     0.05549064315,   -0.001609404964,      0.3260021461,                 0,       170.2619632
          0,           0,         972,      -10.42032767,      -11.00038933,      -11.04026709,      -9.864663616,             0.448,    0.001914699458,      0.3260004952,                 0,                 0,                 0,     0.05549064273,   -0.001609404999,      0.3260021453,                 0,       170.2619666
          0,           0,         973,      -10.44693451,      -11.01896144,      -11.06678629,      -9.891017963,             0.448,    0.001914699414,      0.3260004943,                 0,                 0,                 0,     0.05549064233,   -0.001609405033,      0.3260021444,                 0,       170.2619701
          0,           0,         974,      -10.47428331,      -11.03805156,      -11.09360398,      -9.918101927,             0.448,    0.001914699369,      0.3260004934,                 0,                 0,                 0,     0.05549064193,   -0.001609405068,      0.3260021435,                 0,       170.2619736
          0,           0,         975,        -10.502392,      -11.05779315,      -11.12069641,      -9.945936568,             0.448,    0.001914699323,      0.3260004924,                 0,                 0,                 0,     0.05549064155,   -0.001609405103,      0.3260021425,                 0,       170.2619772
          0,           0,         976,      -10.53127883,       -11.0783059,      -11.14803669,      -9.974544114,             0.448,    0.001914699276,      0.3260004913,                 0,                 0,                 0,     0.05549064118,   -0.001609405139,      0.3260021415,                 0,       170.2619808
          0,           0,         977,      -10.56096029,      -11.09969009,      -11.17559508,      -10.00394544,             0.448,    0.001914699228,      0.3260004902,                 0,                 0,                 0,     0.05549064082,   -0.001609405175,      0.3260021404,                 0,       170.2619845
          0,           0,         978,      -10.59144879,      -11.12202503,      -11.20333245,      -10.03415732,             0.448,     0.00191469918,      0.3260004891,                 0,                 0,                 0,     0.05549064048,   -0.001609405211,      0.3260021392,                 0,       170.2619881
          0,           0,         979,      -10.62274944,      -11.14536911,      -11.23120009,      -10.06518889,             0.448,    0.001914699133,      0.3260004879,                 0,                 0,                 0,     0.05549064014,   -0.001609405246,      0.3260021381,                 0,       170.2619917
          0,           0,         980,      -10.65485662,      -11.16975943,      -11.25913419,      -10.09703808,             0.448,    0.001914699086,      0.3260004868,                 0,                 0,                 0,     0.05549063982,   -0.001609405279,      0.3260021369,                 0,       170.2619953
          0,           0,         981,      -10.68774983,      -11.19521593,      -11.28705255,      -10.12968765,             0.448,    0.001914699042,      0.3260004856,                 0,                 0,                 0,      0.0554906395,   -0.001609405311,      0.3260021357,                 0,       170.2619986
          0,           0,         982,      -10.72138949,      -11.22173686,      -11.31485167,       -10.1631011,             0.448,    0.001914698999,      0.3260004844,                 0,                 0,                 0,     0.05549063919,    -0.00160940534,      0.3260021345,                 0,       170.2620018
          0,           0,         983,      -10.75571175,      -11.24930144,      -11.34240228,      -10.19721817,             0.448,    0.001914698959,      0.3260004831,                 0,                 0,                 0,     0.05549063889,   -0.001609405367,      0.3260021333,                 0,       170.2620047
          0,           0,         984,      -10.79062308,      -11.27786619,      -11.36954587,      -10.23194986,             0.448,    0.001914698923,      0.3260004819,                 0,                 0,                 0,     0.05549063859,   -0.001609405391,      0.3260021321,                 0,       170.2620073
          0,           0,         985,      -10.82599375,      -11.30736798,      -11.39609525,      -10.26717287,             0.448,    0.001914698889,      0.3260004807,                 0,                 0,                 0,      0.0554906383,   -0.001609405411,      0.3260021308,                 0,       170.2620096
          0,           0,         986,      -10.86165113,      -11.33772428,      -11.42183912,      -10.30272352,             0.448,     0.00191469886,      0.3260004795,                 0,                 0,                 0,     0.05549063801,   -0.001609405427,      0.3260021296,                 0,       170.2620116
          0,           0,         987,      -10.89737247,      -11.36883468,      -11.44655389,      -10.33839154,             0.448,    0.001914698834,      0.3260004783,                 0,                 0,                 0,     0.05549063774,    -0.00160940544,      0.3260021284,                 0,       170.2620133
          0,           0,         988,      -10.93287939,      -11.40058182,      -11.47002156,       -10.3739148,             0.448,    0.001914698812,      0.3260004771,                 0,                 0,                 0,     0.05549063747,   -0.001609405449,      0.3260021272,                 0,       170.2620146
          0,           0,         989,      -10.96783425,      -11.43283635,      -11.49204653,      -10.40897527,             0.448,    0.001914698794,      0.3260004759,                 0,                 0,                 0,     0.05549063721,   -0.001609405455,       0.326002126,                 0,       170.2620156
          0,           0,         990,       -11.0018419,      -11.46544807,      -11.51247685,       -10.4431996,             0.448,    0.001914698778,      0.3260004747,                 0,                 0,                 0,     0.05549063695,   -0.001609405457,      0.3260021249,                 0,       170.2620164
          0,           0,         991,      -11.03445717,       -11.4982488,      -11.53121984,      -10.47616382,             0.448,    0.001914698766,      0.3260004736,                 0,                 0,                 0,     0.05549063671,   -0.001609405457,      0.3260021237,                 0,       170.2620169
          0,           0,         992,      -11.06520428,      -11.53103748,      -11.54825167,      -10.50740804,             0.448,    0.001914698757,      0.3260004725,                 0,                 0,                 0,     0.05549063648,   -0.001609405454,      0.3260021226,                 0,       170.2620171
          0,           0,         993,      -11.09360586,      -11.56360208,      -11.56361665,      -10.53646023,             0.448,    0.001914698749,      0.3260004714,                 0,                 0,                 0,     0.05549063626,    -0.00160940545,      0.3260021215,                 0,       170.2620172
          0,           0,         994,      -11.11922731,      -11.59569447,      -11.57742205,      -10.56287557,             0.448,    0.001914698743,      0.3260004703,                 0,                 0,                 0,     0.05549063605,   -0.001609405444,      0.3260021204,                 0,       170.2620172
          0,           0,         995,      -11.14172398,      -11.62706097,      -11.58982751,      -10.58628051,             0.448,    0.001914698739,      0.3260004693,                 0,                 0,                 0,     0.05549063585,   -0.001609405438,      0.3260021194,                 0,        170.262017
          0,           0,         996,      -11.16089074,      -11.65743265,      -11.60102332,      -10.60642369,             0.448,    0.001914698735,      0.3260004683,                 0,                 0,                 0,     0.05549063567,    -0.00160940543,      0.3260021184,                 0,       170.2620168
          0,           0,         997,      -11.17669116,      -11.68657322,      -11.61122003,      -10.62321196,             0.448,    0.001914698732,      0.3260004673,                 0,                 0,                 0,      0.0554906355,   -0.001609405423,      0.3260021174,                 0,       170.2620166
          0,           0,         998,      -11.18926698,      -11.71425746,      -11.62063425,      -10.63672896,             0.448,     0.00191469873,      0.3260004664,                 0,                 0,                 0,     0.05549063534,   -0.001609405415,      0.3260021165,                 0,       170.2620163
          0,           0,         999,      -11.19891592,      -11.74032201,      -11.62946668,      -10.64722319,             0.448,    0.001914698727,      0.3260004655,                 0,                 0,                 0,     0.05549063519,   -0.001609405408,      0.3260021156,                 0,       170.2620161
          0,           0,        1000,      -11.20605061,      -11.76465698,      -11.63790312,      -10.65507404,             0.448,    0.001914698725,      0.3260004646,                 0,                 0,                 0,     0.05549063505,   -0.001609405401,      0.3260021147,                 0,       170.2620158
