
-------------------------------------------------------------------------
|    ___ _   _ ___                                                      |
|   / __| | | |_  )   Release 8.3.0 "Harrier"                           |
|   \__ \ |_| |/ /                                                      |
|   |___/\___//___|   Suite (Computational Fluid Dynamics Code)         |
|                                                                       |
-------------------------------------------------------------------------
| SU2 Project Website: https://su2code.github.io                        |
|                                                                       |
| The SU2 Project is maintained by the SU2 Foundation                   |
| (http://su2foundation.org)                                            |
-------------------------------------------------------------------------
| Copyright 2012-2025, SU2 Contributors                                 |
|                                                                       |
| SU2 is free software; you can redistribute it and/or                  |
| modify it under the terms of the GNU Lesser General Public            |
| License as published by the Free Software Foundation; either          |
| version 2.1 of the License, or (at your option) any later version.    |
|                                                                       |
| SU2 is distributed in the hope that it will be useful,                |
| but WITHOUT ANY WARRANTY; without even the implied warranty of        |
| MERCHANTABILITY or FITNESS FOR A PARTICULAR PURPOSE. See the GNU      |
| Lesser General Public License for more details.                       |
|                                                                       |
| You should have received a copy of the GNU Lesser General Public      |
| License along with SU2. If not, see <http://www.gnu.org/licenses/>.   |
-------------------------------------------------------------------------

Parsing config file for zone 0

----------------- Physical Case Definition ( Zone 0 ) -------------------
Compressible Euler equations.
Mach number: 0.8.
Angle of attack (AoA): 1.25 deg, and angle of sideslip (AoS): 0 deg.
Fixed CL mode, target value: 0.326.
Reading and writing binary SU2 native restart files.
Read flow solution from: solution_flow.
Non-Dimensional simulation (P=1.0, Rho=1.0, T=1.0 at the farfield).
The reference area is 1 m^2.
The semi-span will be computed using the max y(3D) value.
The reference length is 1 m.
Reference origin for moment evaluation is (0.25, 0, 0).
Surface(s) where the force coefficients are evaluated: airfoil.

Surface(s) plotted in the output file: airfoil.
Surface(s) affected by the design variables: airfoil.
Input mesh file name: mesh_NACA0012_inv_deform.su2

--------------- Space Numerical Integration ( Zone 0 ) ------------------
Jameson-Schmidt-Turkel scheme (2nd order in space) for the flow inviscid terms.
JST viscous coefficients (2nd & 4th): 0.5, 0.02.
The method includes a grid stretching correction (p = 0.3).
Gradient for viscous and source terms: Green-Gauss.

--------------- Time Numerical Integration  ( Zone 0 ) ------------------
Local time stepping (steady state simulation).
Euler implicit method for the flow equations.
FGMRES is used for solving the linear system.
Using a LU-SGS preconditioning.
Convergence criteria of the linear solver: 0.0001.
Max number of linear iterations: 2.
V Multigrid Cycle, with 2 multigrid levels.
Damping factor for the residual restriction: 1.
Damping factor for the correction prolongation: 1.
No CFL adaptation.
+-------------------------------------------+
|  MG Level| Presmooth|PostSmooth|CorrectSmo|
+-------------------------------------------+
|         0|         1|         0|         0|
|         1|         2|         0|         0|
|         2|         3|         0|         0|
+-------------------------------------------+
Courant-Friedrichs-Lewy number:       10

------------------ Convergence Criteria  ( Zone 0 ) ---------------------
Maximum number of solver subiterations: 1250.
Begin convergence monitoring at iteration 10.
Residual minimum value: 1e-13.
Cauchy series min. value: 1e-06.
Number of Cauchy elements: 100.
Begin windowed time average at iteration 0.

-------------------- Output Information ( Zone 0 ) ----------------------
File writing frequency: 
+------------------------------------+
|                     File| Frequency|
+------------------------------------+
|                  RESTART|       250|
|                 PARAVIEW|       250|
|         SURFACE_PARAVIEW|       250|
|              SURFACE_CSV|       250|
+------------------------------------+
Writing the convergence history file every 1 inner iterations.
Writing the screen convergence history every 1 inner iterations.
The tabular file format is CSV (.csv).
Convergence history file name: history_direct.
Forces breakdown file name: forces_breakdown.dat.
Surface file name: surface_flow.
Volume file name: flow.
Restart file name: restart_flow.

------------- Config File Boundary Information ( Zone 0 ) ---------------
+-----------------------------------------------------------------------+
|                        Marker Type|                        Marker Name|
+-----------------------------------------------------------------------+
|                         Euler wall|                            airfoil|
+-----------------------------------------------------------------------+
|                          Far-field|                           farfield|
+-----------------------------------------------------------------------+

-------------------- Output Preprocessing ( Zone 0 ) --------------------

WARNING: SURFACE_PRESSURE_DROP can only be computed for at least 2 surfaces (outlet, inlet, ...)

Screen output fields: INNER_ITER, RMS_DENSITY, RMS_ENERGY, LIFT, DRAG
History output group(s): ITER, RMS_RES, AERO_COEFF
Convergence field(s): RMS_DENSITY
Warning: No (valid) fields chosen for time convergence monitoring. Time convergence monitoring inactive.
Volume output fields: COORDINATES, SOLUTION, PRIMITIVE

------------------- Geometry Preprocessing ( Zone 0 ) -------------------
Two dimensional problem.
5233 grid points.
10216 volume elements.
2 surface markers.
200 boundary elements in index 0 (Marker = airfoil).
50 boundary elements in index 1 (Marker = farfield).
10216 triangles.
Setting point connectivity.
Renumbering points (Reverse Cuthill McKee Ordering).
Recomputing point connectivity.
Setting element connectivity.
Checking the numerical grid orientation.
All volume elements are correctly oriented.
All surface elements are correctly oriented.
Identifying edges and vertices.
Setting the control volume structure.
Area of the computational grid: 1253.25.
Searching for the closest normal neighbors to the surfaces.
Storing a mapping from global to local point index.
Compute the surface curvature.
Max K: 7835.1. Mean K: 34.9249. Standard deviation K: 494.436.
Checking for periodicity.
Computing mesh quality statistics for the dual control volumes.
+--------------------------------------------------------------+
|           Mesh Quality Metric|        Minimum|        Maximum|
+--------------------------------------------------------------+
|    Orthogonality Angle (deg.)|         62.878|        89.7233|
|     CV Face Area Aspect Ratio|         1.0016|        7.18057|
|           CV Sub-Volume Ratio|        1.00235|         6.4773|
+--------------------------------------------------------------+
Setting the multigrid structure.
+-------------------------------------------+
|  MG Level|       CVs|Aggl. Rate|       CFL|
+-------------------------------------------+
|         0|      5233|    1/1.00|        10|
|         1|      1690|     1/3.1|   8.52431|
|         2|       649|     1/2.6|   7.92373|
+-------------------------------------------+
Finding max control volume width.
Wetted area = 2.03785 m.
Area projection in the x-plane = 0.111871 m, y-plane = 0.999845 m.
Max. coordinate in the x-direction = 1 m, y-direction = 0.0550694 m.
Min. coordinate in the x-direction = 0 m, y-direction = -0.0568176 m.
Computing wall distances.

-------------------- Solver Preprocessing ( Zone 0 ) --------------------
WARNING: AoA in the solution file (0.655802 deg.) +
         AoA offset in mesh file (0 deg.) = 0.655802 deg.
WARNING: SU2 will use the dCD/dCL provided in the direct solution file: 0.0272089.
WARNING: SU2 will use the dCMz/dCL provided in the direct solution file: 0.0961272.
Inviscid flow: Computing density based on free-stream
temperature and pressure using the ideal gas law.
Force coefficients computed using free-stream values.

-- Models:
+------------------------------------------------------------------------------+
|          Viscosity Model|        Conductivity Model|              Fluid Model|
+------------------------------------------------------------------------------+
|                        -|                         -|             STANDARD_AIR|
+------------------------------------------------------------------------------+
-- Fluid properties:
+------------------------------------------------------------------------------+
|                  Name|    Dim. value|    Ref. value|      Unit|Non-dim. value|
+------------------------------------------------------------------------------+
|          Gas Constant|       287.058|       287.058|  N.m/kg.K|             1|
|      Spec. Heat Ratio|             -|             -|         -|           1.4|
+------------------------------------------------------------------------------+
-- Initial and free-stream conditions:
+------------------------------------------------------------------------------+
|                  Name|    Dim. value|    Ref. value|      Unit|Non-dim. value|
+------------------------------------------------------------------------------+
|       Static Pressure|        101325|        101325|        Pa|             1|
|               Density|       1.22498|       1.22498|    kg/m^3|             1|
|           Temperature|        288.15|        288.15|         K|             1|
|          Total Energy|        243846|       82715.8|   m^2/s^2|         2.948|
|            Velocity-X|        272.22|       287.603|       m/s|      0.946511|
|            Velocity-Y|       3.11594|       287.603|       m/s|     0.0108341|
|    Velocity Magnitude|       272.238|       287.603|       m/s|      0.946573|
+------------------------------------------------------------------------------+
|           Mach Number|             -|             -|         -|           0.8|
+------------------------------------------------------------------------------+
Initialize Jacobian structure (Euler). MG level: 0.
Initialize Jacobian structure (Euler). MG level: 1.
Initialize Jacobian structure (Euler). MG level: 2.

------------------- Numerics Preprocessing ( Zone 0 ) -------------------

----------------- Integration Preprocessing ( Zone 0 ) ------------------

------------------- Iteration Preprocessing ( Zone 0 ) ------------------
Euler/Navier-Stokes/RANS fluid iteration.

------------------------------ Begin Solver -----------------------------

Simulation Run using the Single-zone Driver
WARNING: SU2 was not compiled for an AVX-capable architecture. Performance could be better,
         see https://su2code.github.io/docs_v7/Build-SU2-Linux-MacOS/#compiler-optimizations
WARNING: SU2 was not compiled for an AVX-capable architecture. Performance could be better,
         see https://su2code.github.io/docs_v7/Build-SU2-Linux-MacOS/#compiler-optimizations
WARNING: SU2 was not compiled for an AVX-capable architecture. Performance could be better,
         see https://su2code.github.io/docs_v7/Build-SU2-Linux-MacOS/#compiler-optimizations
+----------------------------------------------------------------+
|  Inner_Iter|    rms[Rho]|   rms[RhoE]|          CL|          CD|
+----------------------------------------------------------------+
|           0|   -5.588074|   -4.991694|    0.325819|    0.002960|
|           1|   -5.890033|   -5.289926|    0.326581|    0.002468|
|           2|   -5.812876|   -5.228763|    0.327226|    0.002362|
|           3|   -5.803515|   -5.219770|    0.327288|    0.002344|
|           4|   -5.754525|   -5.175736|    0.327683|    0.002300|
|           5|   -5.743608|   -5.170668|    0.328068|    0.002249|
|           6|   -5.729291|   -5.157459|    0.328447|    0.002225|
|           7|   -5.711327|   -5.140744|    0.328860|    0.002215|
|           8|   -5.706992|   -5.140682|    0.329263|    0.002203|
|           9|   -5.706613|   -5.144639|    0.329652|    0.002190|
|          10|   -5.701814|   -5.142255|    0.330028|    0.002181|
|          11|   -5.697401|   -5.139016|    0.330392|    0.002177|
|          12|   -5.694704|   -5.136799|    0.330738|    0.002177|
|          13|   -5.692822|   -5.135325|    0.331064|    0.002177|
|          14|   -5.691274|   -5.134525|    0.331367|    0.002176|
|          15|   -5.690583|   -5.134749|    0.331647|    0.002177|
|          16|   -5.691346|   -5.136235|    0.331907|    0.002177|
|          17|   -5.693294|   -5.138605|    0.332147|    0.002178|
|          18|   -5.695761|   -5.141332|    0.332371|    0.002178|
|          19|   -5.698459|   -5.144295|    0.332578|    0.002178|
|          20|   -5.701614|   -5.147790|    0.332770|    0.002178|
|          21|   -5.705626|   -5.152151|    0.332948|    0.002178|
|          22|   -5.710499|   -5.157312|    0.333115|    0.002178|
|          23|   -5.716325|   -5.163302|    0.333271|    0.002178|
|          24|   -5.723424|   -5.170426|    0.333417|    0.002178|
|          25|   -5.731719|   -5.178649|    0.333556|    0.002179|
|          26|   -5.741162|   -5.187953|    0.333689|    0.002180|
|          27|   -5.751597|   -5.198249|    0.333815|    0.002181|
|          28|   -5.762869|   -5.209430|    0.333936|    0.002183|
|          29|   -5.774938|   -5.221436|    0.334052|    0.002184|
|          30|   -5.787751|   -5.234170|    0.334165|    0.002186|
|          31|   -5.801237|   -5.247531|    0.334275|    0.002188|
|          32|   -5.815355|   -5.261472|    0.334382|    0.002190|
|          33|   -5.830016|   -5.275905|    0.334487|    0.002192|
|          34|   -5.845152|   -5.290778|    0.334591|    0.002193|
|          35|   -5.860701|   -5.306060|    0.334693|    0.002194|
|          36|   -5.876616|   -5.321730|    0.334794|    0.002195|
|          37|   -5.892860|   -5.337767|    0.334894|    0.002195|
|          38|   -5.909404|   -5.354162|    0.334992|    0.002195|
|          39|   -5.926292|   -5.370970|    0.335090|    0.002194|
|          40|   -5.943509|   -5.388145|    0.335185|    0.002193|
|          41|   -5.961168|   -5.405798|    0.335279|    0.002192|
|          42|   -5.979077|   -5.423717|    0.335371|    0.002191|
|          43|   -5.997150|   -5.441802|    0.335461|    0.002190|
|          44|   -6.015343|   -5.460012|    0.335550|    0.002189|
|          45|   -6.033595|   -5.478281|    0.335635|    0.002188|
|          46|   -6.051859|   -5.496570|    0.335718|    0.002188|
|          47|   -6.070095|   -5.514839|    0.335798|    0.002188|
|          48|   -6.088268|   -5.533058|    0.335875|    0.002188|
|          49|   -6.106358|   -5.551207|    0.335949|    0.002188|
|          50|   -6.124344|   -5.569268|    0.336020|    0.002189|
|          51|   -6.142204|   -5.587219|    0.336089|    0.001897|
+-----------------------------------------------------------------------+
|Fixed CL Mode                           |Value                         |
+-----------------------------------------------------------------------+
|Current CL                              |0.336089                      |
|Target CL                               |0.326                         |
|Previous AOA                            |0.655802                      |
|Changed AoA by                          |-0.050099                     |
+-----------------------------------------------------------------------+
+----------------------------------------------------------------+
|  Inner_Iter|    rms[Rho]|   rms[RhoE]|          CL|          CD|
+----------------------------------------------------------------+
|          52|   -4.112179|   -3.505494|    0.336135|    0.001898|
|          53|   -4.409650|   -3.799082|    0.335824|    0.001897|
|          54|   -4.652617|   -4.058990|    0.334417|    0.001878|
|          55|   -4.851823|   -4.241175|    0.332262|    0.001845|
|          56|   -5.014689|   -4.415505|    0.330324|    0.001826|
|          57|   -5.111881|   -4.513679|    0.329220|    0.001813|
|          58|   -5.248501|   -4.647008|    0.328951|    0.001806|
|          59|   -5.278544|   -4.675291|    0.328934|    0.001801|
|          60|   -5.332591|   -4.727497|    0.328670|    0.001787|
|          61|   -5.455206|   -4.855665|    0.328216|    0.001773|
|          62|   -5.535954|   -4.945366|    0.327769|    0.001763|
|          63|   -5.561454|   -4.969465|    0.327380|    0.001755|
|          64|   -5.620269|   -5.028614|    0.327028|    0.001748|
|          65|   -5.699691|   -5.115816|    0.326712|    0.001742|
|          66|   -5.745290|   -5.169080|    0.326434|    0.001740|
|          67|   -5.769047|   -5.195168|    0.326179|    0.001739|
|          68|   -5.790157|   -5.217537|    0.325923|    0.001739|
|          69|   -5.805400|   -5.235383|    0.325665|    0.001740|
|          70|   -5.814813|   -5.248464|    0.325417|    0.001743|
|          71|   -5.821586|   -5.259056|    0.325180|    0.001747|
|          72|   -5.825638|   -5.266255|    0.324949|    0.001753|
|          73|   -5.826389|   -5.269122|    0.324721|    0.001759|
|          74|   -5.824834|   -5.268986|    0.324499|    0.001766|
|          75|   -5.822756|   -5.268087|    0.324285|    0.001773|
|          76|   -5.821058|   -5.267399|    0.324079|    0.001780|
|          77|   -5.820058|   -5.267160|    0.323879|    0.001786|
|          78|   -5.819789|   -5.267424|    0.323684|    0.001792|
|          79|   -5.820259|   -5.268301|    0.323498|    0.001798|
|          80|   -5.821534|   -5.269951|    0.323319|    0.001802|
|          81|   -5.823636|   -5.272429|    0.323150|    0.001806|
|          82|   -5.826430|   -5.275571|    0.322990|    0.001810|
|          83|   -5.829914|   -5.279355|    0.322839|    0.001812|
|          84|   -5.834100|   -5.283787|    0.322697|    0.001813|
|          85|   -5.838962|   -5.288835|    0.322564|    0.001814|
|          86|   -5.844504|   -5.294506|    0.322440|    0.001814|
|          87|   -5.850746|   -5.300828|    0.322325|    0.001814|
|          88|   -5.857708|   -5.307830|    0.322220|    0.001813|
|          89|   -5.865399|   -5.315530|    0.322122|    0.001811|
|          90|   -5.873823|   -5.323938|    0.322033|    0.001809|
|          91|   -5.882975|   -5.333055|    0.321952|    0.001807|
|          92|   -5.892843|   -5.342868|    0.321877|    0.001805|
|          93|   -5.903335|   -5.353291|    0.321810|    0.001803|
|          94|   -5.914409|   -5.364277|    0.321748|    0.001802|
|          95|   -5.926068|   -5.375849|    0.321691|    0.001800|
|          96|   -5.938317|   -5.388016|    0.321640|    0.001799|
|          97|   -5.951150|   -5.400768|    0.321593|    0.001798|
|          98|   -5.964580|   -5.414113|    0.321550|    0.001797|
|          99|   -5.978615|   -5.428055|    0.321512|    0.001797|
|         100|   -5.993248|   -5.442585|    0.321476|    0.001797|
|         101|   -6.008466|   -5.457687|    0.321443|    0.001924|
+-----------------------------------------------------------------------+
|Fixed CL Mode                           |Value                         |
+-----------------------------------------------------------------------+
|Current CL                              |0.321443                      |
|Target CL                               |0.326                         |
|Previous AOA                            |0.605703                      |
|Changed AoA by                          |0.0226196                     |
+-----------------------------------------------------------------------+
+----------------------------------------------------------------+
|  Inner_Iter|    rms[Rho]|   rms[RhoE]|          CL|          CD|
+----------------------------------------------------------------+
|         102|   -4.457368|   -3.850735|    0.321420|    0.001925|
|         103|   -4.754463|   -4.143982|    0.321561|    0.001927|
|         104|   -4.996231|   -4.402801|    0.322200|    0.001938|
|         105|   -5.193988|   -4.584083|    0.323178|    0.001955|
|         106|   -5.354106|   -4.756179|    0.324059|    0.001965|
|         107|   -5.448186|   -4.851696|    0.324564|    0.001972|
|         108|   -5.578367|   -4.979754|    0.324693|    0.001977|
|         109|   -5.607850|   -5.007586|    0.324710|    0.001981|
|         110|   -5.659504|   -5.057898|    0.324841|    0.001989|
|         111|   -5.772428|   -5.177488|    0.325059|    0.001996|
|         112|   -5.846418|   -5.260188|    0.325274|    0.002001|
|         113|   -5.873131|   -5.285362|    0.325464|    0.002005|
|         114|   -5.928752|   -5.341500|    0.325638|    0.002009|
|         115|   -6.001869|   -5.421741|    0.325798|    0.002012|
|         116|   -6.047736|   -5.473952|    0.325941|    0.002013|
|         117|   -6.076195|   -5.504040|    0.326075|    0.002013|
|         118|   -6.102535|   -5.530942|    0.326210|    0.002013|
|         119|   -6.123810|   -5.553870|    0.326346|    0.002012|
|         120|   -6.139663|   -5.572562|    0.326478|    0.002010|
|         121|   -6.152451|   -5.588757|    0.326605|    0.002008|
|         122|   -6.161535|   -5.601010|    0.326729|    0.002005|
|         123|   -6.165939|   -5.607841|    0.326853|    0.002002|
|         124|   -6.166682|   -5.610449|    0.326973|    0.001999|
|         125|   -6.165436|   -5.610835|    0.327090|    0.001995|
|         126|   -6.163280|   -5.610126|    0.327203|    0.001992|
|         127|   -6.160697|   -5.608748|    0.327314|    0.001990|
|         128|   -6.157867|   -5.606892|    0.327422|    0.001987|
|         129|   -6.154938|   -5.604773|    0.327527|    0.001985|
|         130|   -6.152082|   -5.602626|    0.327627|    0.001983|
|         131|   -6.149431|   -5.600602|    0.327723|    0.001982|
|         132|   -6.147056|   -5.598752|    0.327815|    0.001981|
|         133|   -6.145013|   -5.597102|    0.327903|    0.001980|
|         134|   -6.143369|   -5.595714|    0.327986|    0.001980|
|         135|   -6.142198|   -5.594674|    0.328065|    0.001980|
|         136|   -6.141573|   -5.594070|    0.328140|    0.001980|
|         137|   -6.141565|   -5.593994|    0.328210|    0.001981|
|         138|   -6.142234|   -5.594525|    0.328276|    0.001982|
|         139|   -6.143632|   -5.595730|    0.328338|    0.001983|
|         140|   -6.145797|   -5.597662|    0.328395|    0.001984|
|         141|   -6.148759|   -5.600358|    0.328449|    0.001985|
|         142|   -6.152734|   -5.604088|    0.328499|    0.001987|
|         143|   -6.157801|   -5.608874|    0.328545|    0.001988|
|         144|   -6.164083|   -5.614780|    0.328588|    0.001989|
|         145|   -6.171419|   -5.621710|    0.328628|    0.001990|
|         146|   -6.179645|   -5.629561|    0.328665|    0.001991|
|         147|   -6.188735|   -5.638312|    0.328699|    0.001991|
|         148|   -6.198684|   -5.647943|    0.328731|    0.001992|
|         149|   -6.209457|   -5.658409|    0.328760|    0.001992|
|         150|   -6.220988|   -5.669633|    0.328787|    0.001992|
|         151|   -6.233802|   -5.682206|    0.328812|    0.001912|
+-----------------------------------------------------------------------+
|Fixed CL Mode                           |Value                         |
+-----------------------------------------------------------------------+
|Current CL                              |0.328812                      |
|Target CL                               |0.326                         |
|Previous AOA                            |0.628322                      |
|Changed AoA by                          |-0.0139335                    |
+-----------------------------------------------------------------------+
+----------------------------------------------------------------+
|  Inner_Iter|    rms[Rho]|   rms[RhoE]|          CL|          CD|
+----------------------------------------------------------------+
|         152|   -4.667792|   -4.061159|    0.328830|    0.001912|
|         153|   -4.964952|   -4.354453|    0.328748|    0.001911|
|         154|   -5.206790|   -4.613335|    0.328359|    0.001905|
|         155|   -5.404613|   -4.794653|    0.327761|    0.001895|
|         156|   -5.564812|   -4.966783|    0.327223|    0.001889|
|         157|   -5.659130|   -5.062476|    0.326916|    0.001885|
|         158|   -5.789879|   -5.190951|    0.326840|    0.001882|
|         159|   -5.819644|   -5.218990|    0.326833|    0.001880|
|         160|   -5.871906|   -5.269762|    0.326756|    0.001875|
|         161|   -5.986636|   -5.390828|    0.326625|    0.001870|
|         162|   -6.062425|   -5.475132|    0.326496|    0.001867|
|         163|   -6.089898|   -5.500890|    0.326382|    0.001865|
|         164|   -6.147326|   -5.558517|    0.326278|    0.001862|
|         165|   -6.223863|   -5.641999|    0.326182|    0.001860|
|         166|   -6.272525|   -5.697185|    0.326097|    0.001859|
|         167|   -6.302705|   -5.729074|    0.326017|    0.001859|
|         168|   -6.330553|   -5.757472|    0.325937|    0.001859|
|         169|   -6.352771|   -5.781468|    0.325855|    0.001859|
|         170|   -6.368869|   -5.800704|    0.325777|    0.001860|
|         171|   -6.381487|   -5.817105|    0.325701|    0.001862|
|         172|   -6.390038|   -5.829171|    0.325626|    0.001863|
|         173|   -6.393553|   -5.835345|    0.325552|    0.001865|
|         174|   -6.393248|   -5.837022|    0.325480|    0.001867|
|         175|   -6.391024|   -5.836462|    0.325410|    0.001869|
|         176|   -6.388100|   -5.834948|    0.325342|    0.001870|
|         177|   -6.385028|   -5.832990|    0.325276|    0.001872|
|         178|   -6.382034|   -5.830842|    0.325211|    0.001874|
|         179|   -6.379280|   -5.828755|    0.325148|    0.001875|
|         180|   -6.376940|   -5.826987|    0.325088|    0.001876|
|         181|   -6.375133|   -5.825688|    0.325031|    0.001877|
|         182|   -6.373902|   -5.824882|    0.324976|    0.001878|
|         183|   -6.373268|   -5.824566|    0.324923|    0.001878|
|         184|   -6.373259|   -5.824762|    0.324873|    0.001878|
|         185|   -6.373915|   -5.825518|    0.324826|    0.001878|
|         186|   -6.375272|   -5.826889|    0.324782|    0.001878|
|         187|   -6.377364|   -5.828929|    0.324741|    0.001878|
|         188|   -6.380224|   -5.831685|    0.324702|    0.001877|
|         189|   -6.383871|   -5.835195|    0.324666|    0.001877|
|         190|   -6.388314|   -5.839473|    0.324632|    0.001876|
|         191|   -6.393563|   -5.844541|    0.324601|    0.001875|
|         192|   -6.399621|   -5.850407|    0.324572|    0.001875|
|         193|   -6.406478|   -5.857065|    0.324545|    0.001874|
|         194|   -6.414120|   -5.864505|    0.324521|    0.001873|
|         195|   -6.422527|   -5.872709|    0.324498|    0.001873|
|         196|   -6.431680|   -5.881661|    0.324477|    0.001872|
|         197|   -6.441561|   -5.891345|    0.324457|    0.001872|
|         198|   -6.452147|   -5.901736|    0.324439|    0.001872|
|         199|   -6.463419|   -5.912817|    0.324422|    0.001872|
|         200|   -6.475360|   -5.924570|    0.324407|    0.001872|
|         201|   -6.487947|   -5.936968|    0.324393|    0.001917|
+-----------------------------------------------------------------------+
|Fixed CL Mode                           |Value                         |
+-----------------------------------------------------------------------+
|Current CL                              |0.324393                      |
|Target CL                               |0.326                         |
|Previous AOA                            |0.614389                      |
|Changed AoA by                          |0.00796421                    |
+-----------------------------------------------------------------------+
+----------------------------------------------------------------+
|  Inner_Iter|    rms[Rho]|   rms[RhoE]|          CL|          CD|
+----------------------------------------------------------------+
|         202|   -4.910718|   -4.304085|    0.324383|    0.001917|
|         203|   -5.207891|   -4.597386|    0.324430|    0.001918|
|         204|   -5.449761|   -4.856297|    0.324653|    0.001921|
|         205|   -5.647659|   -5.037679|    0.324995|    0.001927|
|         206|   -5.807932|   -5.209901|    0.325304|    0.001931|
|         207|   -5.902215|   -5.305581|    0.325480|    0.001933|
|         208|   -6.032890|   -5.434024|    0.325524|    0.001935|
|         209|   -6.062472|   -5.461923|    0.325528|    0.001936|
|         210|   -6.114489|   -5.512526|    0.325573|    0.001939|
|         211|   -6.228640|   -5.633171|    0.325648|    0.001941|
|         212|   -6.303723|   -5.716882|    0.325723|    0.001943|
|         213|   -6.330759|   -5.742269|    0.325789|    0.001945|
|         214|   -6.387433|   -5.799279|    0.325849|    0.001946|
|         215|   -6.462753|   -5.881649|    0.325904|    0.001947|
|         216|   -6.510567|   -5.935927|    0.325953|    0.001947|
|         217|   -6.540376|   -5.967358|    0.326000|    0.001948|
|         218|   -6.568054|   -5.995484|    0.326046|    0.001948|
|         219|   -6.590452|   -6.019492|    0.326093|    0.001947|
|         220|   -6.607111|   -6.039071|    0.326139|    0.001947|
|         221|   -6.620542|   -6.056069|    0.326183|    0.001946|
|         222|   -6.630069|   -6.068943|    0.326226|    0.001945|
|         223|   -6.634614|   -6.076053|    0.326268|    0.001944|
|         224|   -6.635265|   -6.078662|    0.326310|    0.001943|
|         225|   -6.633828|   -6.078924|    0.326351|    0.001942|
|         226|   -6.631478|   -6.078064|    0.326390|    0.001941|
|         227|   -6.628750|   -6.076558|    0.326428|    0.001940|
|         228|   -6.625856|   -6.074636|    0.326466|    0.001939|
|         229|   -6.622958|   -6.072534|    0.326502|    0.001938|
|         230|   -6.620241|   -6.070510|    0.326537|    0.001938|
|         231|   -6.617841|   -6.068726|    0.326570|    0.001937|
|         232|   -6.615823|   -6.067225|    0.326602|    0.001937|
|         233|   -6.614234|   -6.066026|    0.326632|    0.001937|
|         234|   -6.613131|   -6.065180|    0.326661|    0.001936|
|         235|   -6.612579|   -6.064763|    0.326689|    0.001936|
|         236|   -6.612641|   -6.064855|    0.326715|    0.001937|
|         237|   -6.613371|   -6.065531|    0.326739|    0.001937|
|         238|   -6.614821|   -6.066864|    0.326761|    0.001937|
|         239|   -6.617031|   -6.068909|    0.326783|    0.001937|
|         240|   -6.620032|   -6.071709|    0.326803|    0.001938|
|         241|   -6.623841|   -6.075291|    0.326821|    0.001938|
|         242|   -6.628468|   -6.079670|    0.326838|    0.001939|
|         243|   -6.633913|   -6.084855|    0.326854|    0.001939|
|         244|   -6.640171|   -6.090844|    0.326869|    0.001939|
|         245|   -6.647231|   -6.097631|    0.326883|    0.001940|
|         246|   -6.655085|   -6.105210|    0.326896|    0.001940|
|         247|   -6.663719|   -6.113571|    0.326908|    0.001940|
|         248|   -6.673118|   -6.122698|    0.326919|    0.001940|
|         249|   -6.683707|   -6.133073|    0.326929|    0.001941|
|         250|   -6.695477|   -6.144658|    0.326939|    0.001941|
+-----------------------------------------------------------------------+
|        File Writing Summary       |              Filename             |
+-----------------------------------------------------------------------+
|SU2 binary restart                 |restart_flow.dat                   |
Writing Flow Meta-Data file: flow.meta
|Paraview                           |flow.vtu                           |
Writing Flow Meta-Data file: flow.meta
|Paraview surface                   |surface_flow.vtu                   |
Writing Flow Meta-Data file: flow.meta
|CSV file                           |surface_flow.csv                   |
Writing Flow Meta-Data file: flow.meta
+-----------------------------------------------------------------------+
+----------------------------------------------------------------+
|  Inner_Iter|    rms[Rho]|   rms[RhoE]|          CL|          CD|
+----------------------------------------------------------------+
|         251|   -6.707982|   -6.156914|    0.326948|    0.001914|
+-----------------------------------------------------------------------+
|Fixed CL Mode                           |Value                         |
+-----------------------------------------------------------------------+
|Current CL                              |0.326948                      |
|Target CL                               |0.326                         |
|Previous AOA                            |0.622353                      |
|Changed AoA by                          |-0.00469399                   |
+-----------------------------------------------------------------------+
+----------------------------------------------------------------+
|  Inner_Iter|    rms[Rho]|   rms[RhoE]|          CL|          CD|
+----------------------------------------------------------------+
|         252|   -5.140309|   -4.533678|    0.326954|    0.001914|
|         253|   -5.437479|   -4.826977|    0.326927|    0.001913|
|         254|   -5.679309|   -5.085852|    0.326797|    0.001911|
|         255|   -5.877130|   -5.267175|    0.326595|    0.001908|
|         256|   -6.037292|   -5.439289|    0.326414|    0.001906|
|         257|   -6.131550|   -5.534940|    0.326311|    0.001904|
|         258|   -6.262190|   -5.663342|    0.326286|    0.001903|
|         259|   -6.291907|   -5.691344|    0.326284|    0.001903|
|         260|   -6.344076|   -5.742053|    0.326258|    0.001901|
|         261|   -6.458538|   -5.862920|    0.326214|    0.001900|
|         262|   -6.534093|   -5.947027|    0.326171|    0.001899|
|         263|   -6.561503|   -5.972727|    0.326133|    0.001898|
|         264|   -6.618718|   -6.030165|    0.326098|    0.001897|
|         265|   -6.694985|   -6.113387|    0.326065|    0.001896|
|         266|   -6.743681|   -6.168570|    0.326037|    0.001896|
|         267|   -6.774117|   -6.200660|    0.326010|    0.001896|
|         268|   -6.802336|   -6.229344|    0.325983|    0.001896|
|         269|   -6.825085|   -6.253756|    0.325955|    0.001896|
|         270|   -6.841848|   -6.273542|    0.325929|    0.001896|
|         271|   -6.855219|   -6.290608|    0.325903|    0.001897|
|         272|   -6.864551|   -6.303408|    0.325878|    0.001897|
|         273|   -6.868787|   -6.310295|    0.325853|    0.001898|
|         274|   -6.869081|   -6.312590|    0.325828|    0.001898|
|         275|   -6.867317|   -6.312531|    0.325804|    0.001899|
|         276|   -6.864720|   -6.311402|    0.325781|    0.001900|
|         277|   -6.861850|   -6.309710|    0.325758|    0.001900|
|         278|   -6.858936|   -6.307711|    0.325736|    0.001901|
|         279|   -6.856148|   -6.305656|    0.325715|    0.001901|
|         280|   -6.853670|   -6.303810|    0.325694|    0.001902|
|         281|   -6.851631|   -6.302333|    0.325675|    0.001902|
|         282|   -6.850086|   -6.301258|    0.325656|    0.001902|
|         283|   -6.849066|   -6.300590|    0.325638|    0.001902|
|         284|   -6.848612|   -6.300364|    0.325621|    0.001902|
|         285|   -6.848774|   -6.300641|    0.325605|    0.001902|
|         286|   -6.849601|   -6.301487|    0.325590|    0.001902|
|         287|   -6.851135|   -6.302966|    0.325575|    0.001902|
|         288|   -6.853417|   -6.305135|    0.325562|    0.001902|
|         289|   -6.856474|   -6.308041|    0.325550|    0.001902|
|         290|   -6.860329|   -6.311715|    0.325538|    0.001901|
|         291|   -6.864990|   -6.316175|    0.325527|    0.001901|
|         292|   -6.870460|   -6.321429|    0.325517|    0.001901|
|         293|   -6.876732|   -6.327475|    0.325508|    0.001901|
|         294|   -6.883796|   -6.334307|    0.325499|    0.001900|
|         295|   -6.891639|   -6.341918|    0.325491|    0.001900|
|         296|   -6.900242|   -6.350289|    0.325484|    0.001900|
|         297|   -6.909591|   -6.359410|    0.325477|    0.001900|
|         298|   -6.919666|   -6.369262|    0.325470|    0.001900|
|         299|   -6.930447|   -6.379821|    0.325465|    0.001900|
|         300|   -6.941912|   -6.391067|    0.325459|    0.001900|
|         301|   -6.954042|   -6.402978|    0.325454|    0.001915|
+-----------------------------------------------------------------------+
|Fixed CL Mode                           |Value                         |
+-----------------------------------------------------------------------+
|Current CL                              |0.325454                      |
|Target CL                               |0.326                         |
|Previous AOA                            |0.617659                      |
|Changed AoA by                          |0.00270368                    |
+-----------------------------------------------------------------------+
+----------------------------------------------------------------+
|  Inner_Iter|    rms[Rho]|   rms[RhoE]|          CL|          CD|
+----------------------------------------------------------------+
|         302|   -5.379901|   -4.773270|    0.325451|    0.001915|
|         303|   -5.677076|   -5.066571|    0.325466|    0.001916|
|         304|   -5.918924|   -5.325461|    0.325542|    0.001917|
|         305|   -6.116795|   -5.506828|    0.325658|    0.001919|
|         306|   -6.277023|   -5.679009|    0.325762|    0.001920|
|         307|   -6.371292|   -5.774672|    0.325822|    0.001921|
|         308|   -6.501955|   -5.903098|    0.325837|    0.001921|
|         309|   -6.531583|   -5.931029|    0.325838|    0.001922|
|         310|   -6.583615|   -5.981633|    0.325853|    0.001923|
|         311|   -6.697791|   -6.102277|    0.325879|    0.001924|
|         312|   -6.772942|   -6.186036|    0.325904|    0.001924|
|         313|   -6.800061|   -6.211500|    0.325926|    0.001925|
|         314|   -6.856834|   -6.268585|    0.325946|    0.001925|
|         315|   -6.932359|   -6.351139|    0.325965|    0.001926|
|         316|   -6.980449|   -6.405702|    0.325982|    0.001926|
|         317|   -7.010526|   -6.437405|    0.325997|    0.001926|
|         318|   -7.038482|   -6.465796|    0.326013|    0.001926|
|         319|   -7.061146|   -6.490055|    0.326029|    0.001926|
|         320|   -7.078029|   -6.509863|    0.326044|    0.001925|
|         321|   -7.091660|   -6.527080|    0.326059|    0.001925|
|         322|   -7.101352|   -6.540145|    0.326074|    0.001925|
|         323|   -7.106001|   -6.547383|    0.326088|    0.001925|
|         324|   -7.106696|   -6.550052|    0.326102|    0.001924|
|         325|   -7.105264|   -6.550325|    0.326116|    0.001924|
|         326|   -7.102899|   -6.549452|    0.326129|    0.001923|
|         327|   -7.100151|   -6.547923|    0.326142|    0.001923|
|         328|   -7.097241|   -6.545977|    0.326155|    0.001923|
|         329|   -7.094337|   -6.543859|    0.326167|    0.001923|
|         330|   -7.091631|   -6.541837|    0.326179|    0.001922|
|         331|   -7.089263|   -6.540077|    0.326190|    0.001922|
|         332|   -7.087299|   -6.538622|    0.326201|    0.001922|
|         333|   -7.085783|   -6.537490|    0.326211|    0.001922|
|         334|   -7.084772|   -6.536730|    0.326221|    0.001922|
|         335|   -7.084327|   -6.536417|    0.326230|    0.001922|
|         336|   -7.084511|   -6.536630|    0.326239|    0.001922|
|         337|   -7.085377|   -6.537444|    0.326247|    0.001922|
|         338|   -7.086974|   -6.538926|    0.326255|    0.001922|
|         339|   -7.089339|   -6.541131|    0.326262|    0.001922|
|         340|   -7.092498|   -6.544098|    0.326269|    0.001922|
|         341|   -7.096469|   -6.547851|    0.326275|    0.001923|
|         342|   -7.101303|   -6.552454|    0.326281|    0.001923|
|         343|   -7.107586|   -6.558570|    0.326286|    0.001923|
|         344|   -7.114722|   -6.565494|    0.326291|    0.001923|
|         345|   -7.122678|   -6.573171|    0.326296|    0.001923|
|         346|   -7.131398|   -6.581594|    0.326300|    0.001923|
|         347|   -7.140891|   -6.590796|    0.326304|    0.001923|
|         348|   -7.151161|   -6.600782|    0.326308|    0.001923|
|         349|   -7.162186|   -6.611529|    0.326311|    0.001923|
|         350|   -7.173928|   -6.622999|    0.326314|    0.001923|
|         351|   -7.186351|   -6.635157|    0.326317|    0.001914|
+-----------------------------------------------------------------------+
|Fixed CL Mode                           |Value                         |
+-----------------------------------------------------------------------+
|Current CL                              |0.326317                      |
|Target CL                               |0.326                         |
|Previous AOA                            |0.620363                      |
|Changed AoA by                          |-0.00157246                   |
+-----------------------------------------------------------------------+
+----------------------------------------------------------------+
|  Inner_Iter|    rms[Rho]|   rms[RhoE]|          CL|          CD|
+----------------------------------------------------------------+
|         352|   -5.615275|   -5.008644|    0.326320|    0.001914|
|         353|   -5.912450|   -5.301946|    0.326310|    0.001914|
|         354|   -6.154293|   -5.560832|    0.326267|    0.001914|
|         355|   -6.352143|   -5.742179|    0.326199|    0.001912|
|         356|   -6.512339|   -5.914325|    0.326139|    0.001912|
|         357|   -6.606609|   -6.009987|    0.326104|    0.001911|
|         358|   -6.737277|   -6.138413|    0.326095|    0.001911|
|         359|   -6.766972|   -6.166400|    0.326095|    0.001911|
|         360|   -6.819118|   -6.217096|    0.326086|    0.001910|
|         361|   -6.933548|   -6.337946|    0.326071|    0.001910|
|         362|   -7.009033|   -6.421996|    0.326057|    0.001909|
|         363|   -7.036369|   -6.447631|    0.326044|    0.001909|
|         364|   -7.093497|   -6.505001|    0.326032|    0.001909|
|         365|   -7.169624|   -6.588106|    0.326021|    0.001908|
|         366|   -7.218189|   -6.643162|    0.326012|    0.001908|
|         367|   -7.248530|   -6.675152|    0.326003|    0.001908|
|         368|   -7.276673|   -6.703751|    0.325994|    0.001908|
|         369|   -7.299383|   -6.728106|    0.325984|    0.001908|
|         370|   -7.316156|   -6.747877|    0.325975|    0.001909|
|         371|   -7.329573|   -6.764964|    0.325967|    0.001909|
|         372|   -7.338981|   -6.777817|    0.325958|    0.001909|
|         373|   -7.343310|   -6.784782|    0.325950|    0.001909|
|         374|   -7.343699|   -6.787166|    0.325942|    0.001909|
|         375|   -7.342017|   -6.787191|    0.325934|    0.001909|
|         376|   -7.339484|   -6.786132|    0.325926|    0.001910|
|         377|   -7.336655|   -6.784495|    0.325918|    0.001910|
|         378|   -7.333761|   -6.782531|    0.325911|    0.001910|
|         379|   -7.330967|   -6.780487|    0.325904|    0.001910|
|         380|   -7.328456|   -6.778625|    0.325897|    0.001910|
|         381|   -7.326360|   -6.777105|    0.325890|    0.001910|
|         382|   -7.324736|   -6.775964|    0.325884|    0.001910|
|         383|   -7.323618|   -6.775208|    0.325878|    0.001910|
|         384|   -7.323051|   -6.774878|    0.325872|    0.001910|
|         385|   -7.323088|   -6.775035|    0.325867|    0.001910|
|         386|   -7.323783|   -6.775753|    0.325862|    0.001910|
|         387|   -7.325184|   -6.777100|    0.325857|    0.001910|
|         388|   -7.327330|   -6.779133|    0.325853|    0.001910|
|         389|   -7.330253|   -6.781901|    0.325848|    0.001910|
|         390|   -7.333975|   -6.785438|    0.325844|    0.001910|
|         391|   -7.338507|   -6.789763|    0.325841|    0.001910|
|         392|   -7.343851|   -6.794883|    0.325837|    0.001910|
|         393|   -7.350002|   -6.800800|    0.325834|    0.001910|
|         394|   -7.356951|   -6.807508|    0.325831|    0.001910|
|         395|   -7.364685|   -6.814998|    0.325829|    0.001910|
|         396|   -7.373188|   -6.823259|    0.325826|    0.001910|
|         397|   -7.382444|   -6.832275|    0.325824|    0.001910|
|         398|   -7.392436|   -6.842030|    0.325822|    0.001910|
|         399|   -7.403144|   -6.852505|    0.325820|    0.001910|
|         400|   -7.414549|   -6.863679|    0.325818|    0.001910|
|         401|   -7.426632|   -6.875531|    0.325816|    0.001915|
+-----------------------------------------------------------------------+
|Fixed CL Mode                           |Value                         |
+-----------------------------------------------------------------------+
|Current CL                              |0.325816                      |
|Target CL                               |0.326                         |
|Previous AOA                            |0.61879                       |
|Changed AoA by                          |0.000909675                   |
+-----------------------------------------------------------------------+
+----------------------------------------------------------------+
|  Inner_Iter|    rms[Rho]|   rms[RhoE]|          CL|          CD|
+----------------------------------------------------------------+
|         402|   -5.852970|   -5.246338|    0.325815|    0.001915|
|         403|   -6.150143|   -5.539638|    0.325820|    0.001915|
|         404|   -6.391989|   -5.798527|    0.325846|    0.001915|
|         405|   -6.589853|   -5.979887|    0.325885|    0.001916|
|         406|   -6.750071|   -6.152057|    0.325920|    0.001916|
|         407|   -6.844334|   -6.247715|    0.325940|    0.001917|
|         408|   -6.974983|   -6.376127|    0.325945|    0.001917|
|         409|   -7.004635|   -6.404080|    0.325946|    0.001917|
|         410|   -7.056737|   -6.454744|    0.325951|    0.001917|
|         411|   -7.171063|   -6.575514|    0.325959|    0.001918|
|         412|   -7.246410|   -6.659441|    0.325968|    0.001918|
|         413|   -7.273660|   -6.685004|    0.325975|    0.001918|
|         414|   -7.330652|   -6.742270|    0.325982|    0.001918|
|         415|   -7.406523|   -6.825142|    0.325988|    0.001918|
|         416|   -7.454855|   -6.879955|    0.325994|    0.001918|
|         417|   -7.485035|   -6.911773|    0.325999|    0.001918|
|         418|   -7.513025|   -6.940216|    0.326004|    0.001918|
|         419|   -7.535615|   -6.964441|    0.326010|    0.001918|
|         420|   -7.552320|   -6.984123|    0.326015|    0.001918|
|         421|   -7.565704|   -7.001147|    0.326020|    0.001918|
|         422|   -7.575105|   -7.013965|    0.326025|    0.001918|
|         423|   -7.579459|   -7.020934|    0.326030|    0.001918|
|         424|   -7.579896|   -7.023355|    0.326034|    0.001918|
|         425|   -7.578268|   -7.023431|    0.326039|    0.001918|
|         426|   -7.575783|   -7.022424|    0.326044|    0.001918|
|         427|   -7.572992|   -7.020833|    0.326048|    0.001918|
|         428|   -7.570118|   -7.018899|    0.326052|    0.001917|
|         429|   -7.567326|   -7.016869|    0.326056|    0.001917|
|         430|   -7.564801|   -7.015004|    0.326060|    0.001917|
|         431|   -7.562677|   -7.013467|    0.326064|    0.001917|
|         432|   -7.561013|   -7.012295|    0.326068|    0.001917|
|         433|   -7.559847|   -7.011498|    0.326071|    0.001917|
|         434|   -7.559225|   -7.011118|    0.326074|    0.001917|
|         435|   -7.559204|   -7.011220|    0.326078|    0.001917|
|         436|   -7.559836|   -7.011877|    0.326081|    0.001917|
|         437|   -7.561169|   -7.013156|    0.326083|    0.001917|
|         438|   -7.563246|   -7.015118|    0.326086|    0.001917|
|         439|   -7.566099|   -7.017813|    0.326088|    0.001917|
|         440|   -7.569752|   -7.021275|    0.326091|    0.001917|
|         441|   -7.574217|   -7.025527|    0.326093|    0.001917|
|         442|   -7.579500|   -7.030578|    0.326095|    0.001917|
|         443|   -7.585596|   -7.036432|    0.326096|    0.001917|
|         444|   -7.592496|   -7.043083|    0.326098|    0.001917|
|         445|   -7.600189|   -7.050524|    0.326100|    0.001918|
|         446|   -7.608659|   -7.058743|    0.326101|    0.001918|
|         447|   -7.617892|   -7.067726|    0.326102|    0.001918|
|         448|   -7.627869|   -7.077458|    0.326104|    0.001918|
|         449|   -7.638573|   -7.087918|    0.326105|    0.001918|
|         450|   -7.649984|   -7.099088|    0.326106|    0.001918|
|         451|   -7.662082|   -7.110945|    0.326107|    0.001915|
+-----------------------------------------------------------------------+
|Fixed CL Mode                           |Value                         |
+-----------------------------------------------------------------------+
|Current CL                              |0.326107                      |
|Target CL                               |0.326                         |
|Previous AOA                            |0.6197                        |
|Changed AoA by                          |-0.000529223                  |
+-----------------------------------------------------------------------+
+----------------------------------------------------------------+
|  Inner_Iter|    rms[Rho]|   rms[RhoE]|          CL|          CD|
+----------------------------------------------------------------+
|         452|   -6.088217|   -5.481586|    0.326108|    0.001915|
|         453|   -6.385391|   -5.774886|    0.326104|    0.001915|
|         454|   -6.627240|   -6.033778|    0.326090|    0.001914|
|         455|   -6.825104|   -6.215136|    0.326067|    0.001914|
|         456|   -6.985326|   -6.387308|    0.326046|    0.001914|
|         457|   -7.079599|   -6.482973|    0.326035|    0.001913|
|         458|   -7.210264|   -6.611397|    0.326032|    0.001913|
|         459|   -7.239924|   -6.639355|    0.326032|    0.001913|
|         460|   -7.292041|   -6.690030|    0.326029|    0.001913|
|         461|   -7.406407|   -6.810831|    0.326024|    0.001913|
|         462|   -7.481790|   -6.894792|    0.326019|    0.001913|
|         463|   -7.509050|   -6.920364|    0.326015|    0.001913|
|         464|   -7.566074|   -6.977656|    0.326011|    0.001913|
|         465|   -7.641990|   -7.060571|    0.326007|    0.001913|
|         466|   -7.690318|   -7.115386|    0.326004|    0.001913|
|         467|   -7.720456|   -7.147172|    0.326001|    0.001913|
|         468|   -7.748392|   -7.175574|    0.325997|    0.001913|
|         469|   -7.770912|   -7.199746|    0.325994|    0.001913|
|         470|   -7.787530|   -7.219357|    0.325991|    0.001913|
|         471|   -7.800814|   -7.236294|    0.325988|    0.001913|
|         472|   -7.810110|   -7.249016|    0.325986|    0.001913|
|         473|   -7.814370|   -7.255893|    0.325983|    0.001913|
|         474|   -7.814727|   -7.258233|    0.325980|    0.001913|
|         475|   -7.813037|   -7.258243|    0.325977|    0.001913|
|         476|   -7.810508|   -7.257184|    0.325975|    0.001913|
|         477|   -7.807688|   -7.255555|    0.325972|    0.001913|
|         478|   -7.804802|   -7.253600|    0.325970|    0.001913|
|         479|   -7.802015|   -7.251564|    0.325967|    0.001913|
|         480|   -7.799510|   -7.249710|    0.325965|    0.001913|
|         481|   -7.797420|   -7.248198|    0.325963|    0.001913|
|         482|   -7.795803|   -7.247065|    0.325961|    0.001913|
|         483|   -7.794694|   -7.246318|    0.325959|    0.001913|
|         484|   -7.794138|   -7.245999|    0.325957|    0.001913|
|         485|   -7.794189|   -7.246170|    0.325955|    0.001913|
|         486|   -7.794899|   -7.246903|    0.325953|    0.001913|
|         487|   -7.796314|   -7.248263|    0.325952|    0.001913|
|         488|   -7.798476|   -7.250310|    0.325950|    0.001913|
|         489|   -7.801417|   -7.253093|    0.325949|    0.001913|
|         490|   -7.805158|   -7.256646|    0.325947|    0.001913|
|         491|   -7.809711|   -7.260988|    0.325946|    0.001913|
|         492|   -7.815081|   -7.266130|    0.325945|    0.001913|
|         493|   -7.821262|   -7.272073|    0.325944|    0.001913|
|         494|   -7.828246|   -7.278811|    0.325943|    0.001913|
|         495|   -7.836018|   -7.286336|    0.325942|    0.001913|
|         496|   -7.844566|   -7.294637|    0.325941|    0.001913|
|         497|   -7.853872|   -7.303698|    0.325940|    0.001913|
|         498|   -7.863920|   -7.313504|    0.325940|    0.001913|
|         499|   -7.874689|   -7.324036|    0.325939|    0.001913|
|         500|   -7.886161|   -7.335272|    0.325939|    0.001913|
+-----------------------------------------------------------------------+
|        File Writing Summary       |              Filename             |
+-----------------------------------------------------------------------+
|SU2 binary restart                 |restart_flow.dat                   |
Writing Flow Meta-Data file: flow.meta
|Paraview                           |flow.vtu                           |
Writing Flow Meta-Data file: flow.meta
|Paraview surface                   |surface_flow.vtu                   |
Writing Flow Meta-Data file: flow.meta
|CSV file                           |surface_flow.csv                   |
Writing Flow Meta-Data file: flow.meta
+-----------------------------------------------------------------------+
+----------------------------------------------------------------+
|  Inner_Iter|    rms[Rho]|   rms[RhoE]|          CL|          CD|
+----------------------------------------------------------------+
|         501|   -7.898316|   -7.347191|    0.325938|    0.001915|
+-----------------------------------------------------------------------+
|Fixed CL Mode                           |Value                         |
+-----------------------------------------------------------------------+
|Current CL                              |0.325938                      |
|Target CL                               |0.326                         |
|Previous AOA                            |0.619171                      |
|Changed AoA by                          |0.000307473                   |
+-----------------------------------------------------------------------+
+----------------------------------------------------------------+
|  Inner_Iter|    rms[Rho]|   rms[RhoE]|          CL|          CD|
+----------------------------------------------------------------+
|         502|   -6.324050|   -5.717418|    0.325938|    0.001915|
|         503|   -6.621223|   -6.010719|    0.325939|    0.001915|
|         504|   -6.863075|   -6.269613|    0.325948|    0.001915|
|         505|   -7.060944|   -6.450975|    0.325961|    0.001915|
|         506|   -7.221177|   -6.623156|    0.325973|    0.001915|
|         507|   -7.315459|   -6.718830|    0.325980|    0.001915|
|         508|   -7.446143|   -6.847271|    0.325981|    0.001915|
|         509|   -7.475804|   -6.875230|    0.325982|    0.001915|
|         510|   -7.527923|   -6.925906|    0.325983|    0.001916|
|         511|   -7.642306|   -7.046725|    0.325986|    0.001916|
|         512|   -7.717700|   -7.130699|    0.325989|    0.001916|
|         513|   -7.744954|   -7.156267|    0.325992|    0.001916|
|         514|   -7.801976|   -7.213560|    0.325994|    0.001916|
|         515|   -7.877889|   -7.296475|    0.325996|    0.001916|
|         516|   -7.926211|   -7.351285|    0.325998|    0.001916|
|         517|   -7.956346|   -7.383065|    0.326000|    0.001916|
|         518|   -7.984275|   -7.411460|    0.326001|    0.001916|
|         519|   -8.006782|   -7.435618|    0.326003|    0.001916|
|         520|   -8.023388|   -7.455216|    0.326005|    0.001916|
|         521|   -8.036663|   -7.472141|    0.326007|    0.001916|
|         522|   -8.045954|   -7.484855|    0.326008|    0.001916|
|         523|   -8.050208|   -7.491726|    0.326010|    0.001916|
|         524|   -8.050562|   -7.494062|    0.326012|    0.001916|
|         525|   -8.048870|   -7.494070|    0.326013|    0.001916|
|         526|   -8.046338|   -7.493011|    0.326015|    0.001916|
|         527|   -8.043517|   -7.491383|    0.326016|    0.001916|
|         528|   -8.040629|   -7.489428|    0.326018|    0.001916|
|         529|   -8.037836|   -7.487390|    0.326019|    0.001916|
|         530|   -8.035323|   -7.485531|    0.326020|    0.001916|
|         531|   -8.033222|   -7.484010|    0.326022|    0.001916|
|         532|   -8.031591|   -7.482865|    0.326023|    0.001916|
|         533|   -8.030464|   -7.482104|    0.326024|    0.001916|
|         534|   -8.029888|   -7.481765|    0.326025|    0.001916|
|         535|   -8.029917|   -7.481915|    0.326026|    0.001916|
|         536|   -8.030602|   -7.482623|    0.326027|    0.001916|
|         537|   -8.031991|   -7.483957|    0.326028|    0.001916|
|         538|   -8.034125|   -7.485976|    0.326029|    0.001916|
|         539|   -8.037037|   -7.488730|    0.326030|    0.001916|
|         540|   -8.040749|   -7.492252|    0.326031|    0.001916|
|         541|   -8.045273|   -7.496563|    0.326031|    0.001916|
|         542|   -8.050613|   -7.501674|    0.326032|    0.001916|
|         543|   -8.056766|   -7.507586|    0.326033|    0.001916|
|         544|   -8.063723|   -7.514296|    0.326033|    0.001916|
|         545|   -8.071470|   -7.521793|    0.326034|    0.001916|
|         546|   -8.079993|   -7.530066|    0.326034|    0.001916|
|         547|   -8.089276|   -7.539102|    0.326035|    0.001916|
|         548|   -8.099302|   -7.548884|    0.326035|    0.001916|
|         549|   -8.110052|   -7.559393|    0.326035|    0.001916|
|         550|   -8.121507|   -7.570609|    0.326036|    0.001916|
|         551|   -8.133647|   -7.582511|    0.326036|    0.001915|
+-----------------------------------------------------------------------+
|Fixed CL Mode                           |Value                         |
+-----------------------------------------------------------------------+
|Current CL                              |0.326036                      |
|Target CL                               |0.326                         |
|Previous AOA                            |0.619478                      |
|Changed AoA by                          |-0.000178778                  |
+-----------------------------------------------------------------------+
+----------------------------------------------------------------+
|  Inner_Iter|    rms[Rho]|   rms[RhoE]|          CL|          CD|
+----------------------------------------------------------------+
|         552|   -6.559543|   -5.952911|    0.326036|    0.001915|
|         553|   -6.856716|   -6.246211|    0.326035|    0.001915|
|         554|   -7.098567|   -6.505104|    0.326030|    0.001915|
|         555|   -7.296434|   -6.686465|    0.326023|    0.001914|
|         556|   -7.456663|   -6.858643|    0.326016|    0.001914|
|         557|   -7.550942|   -6.954314|    0.326012|    0.001914|
|         558|   -7.681621|   -7.082749|    0.326011|    0.001914|
|         559|   -7.711281|   -7.110708|    0.326011|    0.001914|
|         560|   -7.763401|   -7.161384|    0.326010|    0.001914|
|         561|   -7.877779|   -7.282197|    0.326008|    0.001914|
|         562|   -7.953168|   -7.366165|    0.326006|    0.001914|
|         563|   -7.980425|   -7.391735|    0.326005|    0.001914|
|         564|   -8.037452|   -7.449032|    0.326004|    0.001914|
|         565|   -8.113368|   -7.531949|    0.326002|    0.001914|
|         566|   -8.161678|   -7.586747|    0.326001|    0.001914|
|         567|   -8.191793|   -7.618510|    0.326000|    0.001914|
|         568|   -8.219704|   -7.646890|    0.325999|    0.001914|
|         569|   -8.242198|   -7.671039|    0.325998|    0.001914|
|         570|   -8.258791|   -7.690626|    0.325997|    0.001914|
|         571|   -8.272050|   -7.707538|    0.325996|    0.001914|
|         572|   -8.281325|   -7.720238|    0.325995|    0.001914|
|         573|   -8.285565|   -7.727095|    0.325994|    0.001914|
|         574|   -8.285908|   -7.729420|    0.325993|    0.001914|
|         575|   -8.284209|   -7.729419|    0.325992|    0.001914|
|         576|   -8.281672|   -7.728352|    0.325991|    0.001914|
|         577|   -8.278847|   -7.726718|    0.325991|    0.001914|
|         578|   -8.275958|   -7.724760|    0.325990|    0.001914|
|         579|   -8.273167|   -7.722721|    0.325989|    0.001914|
|         580|   -8.270659|   -7.720865|    0.325988|    0.001914|
|         581|   -8.268566|   -7.719350|    0.325987|    0.001914|
|         582|   -8.266946|   -7.718213|    0.325987|    0.001914|
|         583|   -8.265833|   -7.717464|    0.325986|    0.001914|
|         584|   -8.265272|   -7.717140|    0.325985|    0.001914|
|         585|   -8.265318|   -7.717306|    0.325985|    0.001914|
|         586|   -8.266023|   -7.718033|    0.325984|    0.001914|
|         587|   -8.267433|   -7.719387|    0.325984|    0.001914|
|         588|   -8.269589|   -7.721429|    0.325983|    0.001914|
|         589|   -8.272523|   -7.724205|    0.325983|    0.001914|
|         590|   -8.276258|   -7.727751|    0.325982|    0.001914|
|         591|   -8.280805|   -7.732087|    0.325982|    0.001914|
|         592|   -8.286169|   -7.737222|    0.325981|    0.001914|
|         593|   -8.292344|   -7.743158|    0.325981|    0.001914|
|         594|   -8.299323|   -7.749890|    0.325981|    0.001914|
|         595|   -8.307091|   -7.757409|    0.325980|    0.001914|
|         596|   -8.315634|   -7.765705|    0.325980|    0.001914|
|         597|   -8.324937|   -7.774762|    0.325980|    0.001914|
|         598|   -8.334981|   -7.784564|    0.325980|    0.001914|
|         599|   -8.345749|   -7.795092|    0.325979|    0.001914|
|         600|   -8.357220|   -7.806325|    0.325979|    0.001914|
|         601|   -8.369374|   -7.818243|    0.325979|    0.001915|
+-----------------------------------------------------------------------+
|Fixed CL Mode                           |Value                         |
+-----------------------------------------------------------------------+
|Current CL                              |0.325979                      |
|Target CL                               |0.326                         |
|Previous AOA                            |0.619299                      |
|Changed AoA by                          |0.000103951                   |
+-----------------------------------------------------------------------+
+----------------------------------------------------------------+
|  Inner_Iter|    rms[Rho]|   rms[RhoE]|          CL|          CD|
+----------------------------------------------------------------+
|         602|   -6.795028|   -6.188396|    0.325979|    0.001915|
|         603|   -7.092202|   -6.481697|    0.325979|    0.001915|
|         604|   -7.334054|   -6.740592|    0.325982|    0.001915|
|         605|   -7.531924|   -6.921954|    0.325987|    0.001915|
|         606|   -7.692158|   -7.094136|    0.325991|    0.001915|
|         607|   -7.786441|   -7.189810|    0.325993|    0.001915|
|         608|   -7.917129|   -7.318254|    0.325994|    0.001915|
|         609|   -7.946791|   -7.346214|    0.325994|    0.001915|
|         610|   -7.998912|   -7.396892|    0.325994|    0.001915|
|         611|   -8.113300|   -7.517714|    0.325995|    0.001915|
|         612|   -8.188697|   -7.601691|    0.325996|    0.001915|
|         613|   -8.215952|   -7.627260|    0.325997|    0.001915|
|         614|   -8.272980|   -7.684558|    0.325998|    0.001915|
|         615|   -8.348901|   -7.767481|    0.325999|    0.001915|
|         616|   -8.397224|   -7.822292|    0.325999|    0.001915|
|         617|   -8.427355|   -7.854070|    0.326000|    0.001915|
|         618|   -8.455278|   -7.882460|    0.326001|    0.001915|
|         619|   -8.477776|   -7.906611|    0.326001|    0.001915|
|         620|   -8.494368|   -7.926197|    0.326002|    0.001915|
|         621|   -8.507627|   -7.943109|    0.326002|    0.001915|
|         622|   -8.516901|   -7.955807|    0.326003|    0.001915|
|         623|   -8.521138|   -7.962661|    0.326003|    0.001915|
|         624|   -8.521476|   -7.964982|    0.326004|    0.001915|
|         625|   -8.519772|   -7.964977|    0.326004|    0.001915|
|         626|   -8.517230|   -7.963908|    0.326005|    0.001915|
|         627|   -8.514401|   -7.962270|    0.326005|    0.001915|
|         628|   -8.511508|   -7.960309|    0.326006|    0.001915|
|         629|   -8.508713|   -7.958268|    0.326006|    0.001915|
|         630|   -8.506200|   -7.956407|    0.326007|    0.001915|
|         631|   -8.504101|   -7.954887|    0.326007|    0.001915|
|         632|   -8.502474|   -7.953745|    0.326008|    0.001915|
|         633|   -8.501353|   -7.952988|    0.326008|    0.001915|
|         634|   -8.500784|   -7.952656|    0.326009|    0.001915|
|         635|   -8.500820|   -7.952814|    0.326009|    0.001915|
|         636|   -8.501515|   -7.953531|    0.326009|    0.001915|
|         637|   -8.502914|   -7.954875|    0.326010|    0.001915|
|         638|   -8.505059|   -7.956904|    0.326010|    0.001915|
|         639|   -8.507981|   -7.959669|    0.326010|    0.001915|
|         640|   -8.511704|   -7.963203|    0.326010|    0.001915|
|         641|   -8.516239|   -7.967526|    0.326011|    0.001915|
|         642|   -8.521591|   -7.972648|    0.326011|    0.001915|
|         643|   -8.527755|   -7.978572|    0.326011|    0.001915|
|         644|   -8.534721|   -7.985291|    0.326011|    0.001915|
|         645|   -8.542478|   -7.992799|    0.326011|    0.001915|
|         646|   -8.551011|   -8.001083|    0.326012|    0.001915|
|         647|   -8.560303|   -8.010129|    0.326012|    0.001915|
|         648|   -8.570338|   -8.019920|    0.326012|    0.001915|
|         649|   -8.581097|   -8.030439|    0.326012|    0.001915|
|         650|   -8.592560|   -8.041664|    0.326012|    0.001915|
|         651|   -8.604708|   -8.053574|    0.326012|    0.001915|
+-----------------------------------------------------------------------+
|Fixed CL Mode                           |Value                         |
+-----------------------------------------------------------------------+
|Current CL                              |0.326012                      |
|Target CL                               |0.326                         |
|Previous AOA                            |0.619403                      |
|Changed AoA by                          |-6.04498e-05                  |
+-----------------------------------------------------------------------+
+----------------------------------------------------------------+
|  Inner_Iter|    rms[Rho]|   rms[RhoE]|          CL|          CD|
+----------------------------------------------------------------+
|         652|   -7.030462|   -6.423830|    0.326012|    0.001915|
|         653|   -7.327635|   -6.717131|    0.326012|    0.001915|
|         654|   -7.569487|   -6.976025|    0.326010|    0.001915|
|         655|   -7.767356|   -7.157386|    0.326008|    0.001915|
|         656|   -7.927588|   -7.329567|    0.326005|    0.001915|
|         657|   -8.021869|   -7.425239|    0.326004|    0.001915|
|         658|   -8.152553|   -7.553680|    0.326004|    0.001915|
|         659|   -8.182215|   -7.581639|    0.326004|    0.001915|
|         660|   -8.234336|   -7.632317|    0.326003|    0.001915|
|         661|   -8.348720|   -7.753135|    0.326003|    0.001914|
|         662|   -8.424114|   -7.837108|    0.326002|    0.001914|
|         663|   -8.451371|   -7.862678|    0.326002|    0.001914|
|         664|   -8.508401|   -7.919978|    0.326001|    0.001914|
|         665|   -8.584320|   -8.002899|    0.326001|    0.001914|
|         666|   -8.632628|   -8.057696|    0.326000|    0.001914|
|         667|   -8.662738|   -8.089454|    0.326000|    0.001914|
|         668|   -8.690646|   -8.117831|    0.326000|    0.001914|
|         669|   -8.713136|   -8.141976|    0.325999|    0.001914|
|         670|   -8.729725|   -8.161560|    0.325999|    0.001914|
|         671|   -8.742981|   -8.178469|    0.325999|    0.001914|
|         672|   -8.752253|   -8.191165|    0.325998|    0.001914|
|         673|   -8.756492|   -8.198021|    0.325998|    0.001914|
|         674|   -8.756834|   -8.200345|    0.325998|    0.001914|
|         675|   -8.755134|   -8.200344|    0.325997|    0.001914|
|         676|   -8.752598|   -8.199278|    0.325997|    0.001914|
|         677|   -8.749773|   -8.197644|    0.325997|    0.001914|
|         678|   -8.746884|   -8.195686|    0.325997|    0.001915|
|         679|   -8.744093|   -8.193648|    0.325996|    0.001915|
|         680|   -8.741584|   -8.191791|    0.325996|    0.001915|
|         681|   -8.739491|   -8.190275|    0.325996|    0.001915|
|         682|   -8.737869|   -8.189138|    0.325995|    0.001915|
|         683|   -8.736753|   -8.188386|    0.325995|    0.001915|
|         684|   -8.736190|   -8.188060|    0.325995|    0.001915|
|         685|   -8.736233|   -8.188224|    0.325995|    0.001915|
|         686|   -8.736935|   -8.188948|    0.325995|    0.001915|
|         687|   -8.738341|   -8.190299|    0.325994|    0.001915|
|         688|   -8.740494|   -8.192336|    0.325994|    0.001915|
|         689|   -8.743424|   -8.195109|    0.325994|    0.001915|
|         690|   -8.747155|   -8.198651|    0.325994|    0.001915|
|         691|   -8.751699|   -8.202982|    0.325994|    0.001915|
|         692|   -8.757058|   -8.208113|    0.325994|    0.001915|
|         693|   -8.763230|   -8.214045|    0.325994|    0.001915|
|         694|   -8.770205|   -8.220773|    0.325993|    0.001915|
|         695|   -8.777969|   -8.228289|    0.325993|    0.001915|
|         696|   -8.786509|   -8.236580|    0.325993|    0.001914|
|         697|   -8.795809|   -8.245634|    0.325993|    0.001914|
|         698|   -8.805851|   -8.255433|    0.325993|    0.001914|
|         699|   -8.816616|   -8.265958|    0.325993|    0.001914|
|         700|   -8.828084|   -8.277188|    0.325993|    0.001914|
|         701|   -8.840236|   -8.289104|    0.325993|    0.001915|
+-----------------------------------------------------------------------+
|Fixed CL Mode                           |Value                         |
+-----------------------------------------------------------------------+
|Current CL                              |0.325993                      |
|Target CL                               |0.326                         |
|Previous AOA                            |0.619343                      |
|Changed AoA by                          |3.51516e-05                   |
+-----------------------------------------------------------------------+
+----------------------------------------------------------------+
|  Inner_Iter|    rms[Rho]|   rms[RhoE]|          CL|          CD|
+----------------------------------------------------------------+
|         702|   -7.265911|   -6.659279|    0.325993|    0.001915|
|         703|   -7.563085|   -6.952580|    0.325993|    0.001915|
|         704|   -7.804937|   -7.211475|    0.325994|    0.001915|
|         705|   -8.002806|   -7.392837|    0.325996|    0.001915|
|         706|   -8.163040|   -7.565019|    0.325997|    0.001915|
|         707|   -8.257323|   -7.660692|    0.325998|    0.001915|
|         708|   -8.388010|   -7.789135|    0.325998|    0.001915|
|         709|   -8.417672|   -7.817095|    0.325998|    0.001915|
|         710|   -8.469794|   -7.867774|    0.325998|    0.001915|
|         711|   -8.584181|   -7.988595|    0.325998|    0.001915|
|         712|   -8.659577|   -8.072570|    0.325999|    0.001915|
|         713|   -8.686833|   -8.098139|    0.325999|    0.001915|
|         714|   -8.743864|   -8.155440|    0.325999|    0.001915|
|         715|   -8.819783|   -8.238363|    0.326000|    0.001915|
|         716|   -8.868093|   -8.293162|    0.326000|    0.001915|
|         717|   -8.898212|   -8.324929|    0.326000|    0.001915|
|         718|   -8.926132|   -8.353316|    0.326000|    0.001915|
|         719|   -8.948631|   -8.377468|    0.326000|    0.001915|
|         720|   -8.965224|   -8.397055|    0.326001|    0.001915|
|         721|   -8.978481|   -8.413965|    0.326001|    0.001915|
|         722|   -8.987751|   -8.426660|    0.326001|    0.001915|
|         723|   -8.991985|   -8.433511|    0.326001|    0.001915|
|         724|   -8.992322|   -8.435830|    0.326001|    0.001915|
|         725|   -8.990616|   -8.435823|    0.326002|    0.001915|
|         726|   -8.988075|   -8.434753|    0.326002|    0.001915|
|         727|   -8.985246|   -8.433116|    0.326002|    0.001915|
|         728|   -8.982353|   -8.431155|    0.326002|    0.001915|
|         729|   -8.979563|   -8.429118|    0.326002|    0.001915|
|         730|   -8.977055|   -8.427262|    0.326002|    0.001915|
|         731|   -8.974961|   -8.425747|    0.326002|    0.001915|
|         732|   -8.973339|   -8.424609|    0.326003|    0.001915|
|         733|   -8.972222|   -8.423856|    0.326003|    0.001915|
|         734|   -8.971656|   -8.423528|    0.326003|    0.001915|
|         735|   -8.971697|   -8.423689|    0.326003|    0.001915|
|         736|   -8.972395|   -8.424409|    0.326003|    0.001915|
|         737|   -8.973797|   -8.425756|    0.326003|    0.001915|
|         738|   -8.975945|   -8.427790|    0.326003|    0.001915|
|         739|   -8.978872|   -8.430558|    0.326003|    0.001915|
|         740|   -8.982598|   -8.434096|    0.326004|    0.001915|
|         741|   -8.987137|   -8.438423|    0.326004|    0.001915|
|         742|   -8.992493|   -8.443549|    0.326004|    0.001915|
|         743|   -8.998660|   -8.449476|    0.326004|    0.001915|
|         744|   -9.005631|   -8.456200|    0.326004|    0.001915|
|         745|   -9.013391|   -8.463711|    0.326004|    0.001915|
|         746|   -9.021927|   -8.471999|    0.326004|    0.001915|
|         747|   -9.031223|   -8.481049|    0.326004|    0.001915|
|         748|   -9.041262|   -8.490844|    0.326004|    0.001915|
|         749|   -9.052024|   -8.501365|    0.326004|    0.001915|
|         750|   -9.063489|   -8.512593|    0.326004|    0.001915|
+-----------------------------------------------------------------------+
|        File Writing Summary       |              Filename             |
+-----------------------------------------------------------------------+
|SU2 binary restart                 |restart_flow.dat                   |
Writing Flow Meta-Data file: flow.meta
|Paraview                           |flow.vtu                           |
Writing Flow Meta-Data file: flow.meta
|Paraview surface                   |surface_flow.vtu                   |
Writing Flow Meta-Data file: flow.meta
|CSV file                           |surface_flow.csv                   |
Writing Flow Meta-Data file: flow.meta
+-----------------------------------------------------------------------+
+----------------------------------------------------------------+
|  Inner_Iter|    rms[Rho]|   rms[RhoE]|          CL|          CD|
+----------------------------------------------------------------+
|         751|   -9.075639|   -8.524505|    0.326004|    0.001915|
+-----------------------------------------------------------------------+
|Fixed CL Mode                           |Value                         |
+-----------------------------------------------------------------------+
|Current CL                              |0.326004                      |
|Target CL                               |0.326                         |
|Previous AOA                            |0.619378                      |
|Changed AoA by                          |-2.04412e-05                  |
+-----------------------------------------------------------------------+
+----------------------------------------------------------------+
|  Inner_Iter|    rms[Rho]|   rms[RhoE]|          CL|          CD|
+----------------------------------------------------------------+
|         752|   -7.501351|   -6.894719|    0.326004|    0.001915|
|         753|   -7.798524|   -7.188019|    0.326004|    0.001915|
|         754|   -8.040376|   -7.446914|    0.326003|    0.001915|
|         755|   -8.238245|   -7.628276|    0.326003|    0.001915|
|         756|   -8.398478|   -7.800457|    0.326002|    0.001915|
|         757|   -8.492760|   -7.896130|    0.326001|    0.001915|
|         758|   -8.623446|   -8.024572|    0.326001|    0.001915|
|         759|   -8.653107|   -8.052531|    0.326001|    0.001915|
|         760|   -8.705229|   -8.103210|    0.326001|    0.001915|
|         761|   -8.819615|   -8.224030|    0.326001|    0.001915|
|         762|   -8.895010|   -8.308004|    0.326001|    0.001915|
|         763|   -8.922266|   -8.333573|    0.326001|    0.001915|
|         764|   -8.979297|   -8.390874|    0.326000|    0.001915|
|         765|   -9.055217|   -8.473796|    0.326000|    0.001915|
|         766|   -9.103526|   -8.528594|    0.326000|    0.001915|
|         767|   -9.133637|   -8.560353|    0.326000|    0.001915|
|         768|   -9.161545|   -8.588730|    0.326000|    0.001915|
|         769|   -9.184036|   -8.612875|    0.326000|    0.001915|
|         770|   -9.200625|   -8.632460|    0.326000|    0.001915|
|         771|   -9.213882|   -8.649369|    0.326000|    0.001915|
|         772|   -9.223154|   -8.662066|    0.325999|    0.001915|
|         773|   -9.227394|   -8.668921|    0.325999|    0.001915|
|         774|   -9.227736|   -8.671246|    0.325999|    0.001915|
|         775|   -9.226038|   -8.671246|    0.325999|    0.001915|
|         776|   -9.223501|   -8.670181|    0.325999|    0.001915|
|         777|   -9.220677|   -8.668548|    0.325999|    0.001915|
|         778|   -9.217788|   -8.666591|    0.325999|    0.001915|
|         779|   -9.214998|   -8.664552|    0.325999|    0.001915|
|         780|   -9.212489|   -8.662695|    0.325999|    0.001915|
|         781|   -9.210394|   -8.661179|    0.325999|    0.001915|
|         782|   -9.208771|   -8.660041|    0.325998|    0.001915|
|         783|   -9.207655|   -8.659288|    0.325998|    0.001915|
|         784|   -9.207090|   -8.658961|    0.325998|    0.001915|
|         785|   -9.207132|   -8.659123|    0.325998|    0.001915|
|         786|   -9.207832|   -8.659846|    0.325998|    0.001915|
|         787|   -9.209237|   -8.661195|    0.325998|    0.001915|
|         788|   -9.211387|   -8.663231|    0.325998|    0.001915|
|         789|   -9.214315|   -8.666001|    0.325998|    0.001915|
|         790|   -9.218045|   -8.669541|    0.325998|    0.001915|
|         791|   -9.222586|   -8.673871|    0.325998|    0.001915|
|         792|   -9.227944|   -8.679000|    0.325998|    0.001915|
|         793|   -9.234114|   -8.684930|    0.325998|    0.001915|
|         794|   -9.241087|   -8.691656|    0.325998|    0.001915|
|         795|   -9.248850|   -8.699169|    0.325998|    0.001915|
|         796|   -9.257388|   -8.707459|    0.325998|    0.001915|
|         797|   -9.266686|   -8.716511|    0.325998|    0.001915|
|         798|   -9.276726|   -8.726308|    0.325998|    0.001915|
|         799|   -9.287490|   -8.736832|    0.325998|    0.001915|
|         800|   -9.298957|   -8.748061|    0.325998|    0.001915|
|         801|   -9.311108|   -8.759975|    0.325998|    0.001915|
+-----------------------------------------------------------------------+
|Fixed CL Mode                           |Value                         |
+-----------------------------------------------------------------------+
|Current CL                              |0.325998                      |
|Target CL                               |0.326                         |
|Previous AOA                            |0.619358                      |
|Changed AoA by                          |1.18867e-05                   |
+-----------------------------------------------------------------------+
+----------------------------------------------------------------+
|  Inner_Iter|    rms[Rho]|   rms[RhoE]|          CL|          CD|
+----------------------------------------------------------------+
|         802|   -7.736795|   -7.130162|    0.325998|    0.001915|
|         803|   -8.033968|   -7.423463|    0.325998|    0.001915|
|         804|   -8.275820|   -7.682358|    0.325998|    0.001915|
|         805|   -8.473689|   -7.863720|    0.325998|    0.001915|
|         806|   -8.633923|   -8.035901|    0.325999|    0.001915|
|         807|   -8.728205|   -8.131575|    0.325999|    0.001915|
|         808|   -8.858892|   -8.260018|    0.325999|    0.001915|
|         809|   -8.888554|   -8.287977|    0.325999|    0.001915|
|         810|   -8.940676|   -8.338656|    0.325999|    0.001915|
|         811|   -9.055063|   -8.459477|    0.325999|    0.001915|
|         812|   -9.130458|   -8.543451|    0.326000|    0.001915|
|         813|   -9.157714|   -8.569020|    0.326000|    0.001915|
|         814|   -9.214745|   -8.626321|    0.326000|    0.001915|
|         815|   -9.290666|   -8.709245|    0.326000|    0.001915|
|         816|   -9.338975|   -8.764043|    0.326000|    0.001915|
|         817|   -9.369085|   -8.795801|    0.326000|    0.001915|
|         818|   -9.396993|   -8.824178|    0.326000|    0.001915|
|         819|   -9.419484|   -8.848323|    0.326000|    0.001915|
|         820|   -9.436073|   -8.867908|    0.326000|    0.001915|
|         821|   -9.449330|   -8.884817|    0.326000|    0.001915|
|         822|   -9.458603|   -8.897514|    0.326000|    0.001915|
|         823|   -9.462843|   -8.904371|    0.326000|    0.001915|
|         824|   -9.463187|   -8.906696|    0.326000|    0.001915|
|         825|   -9.461489|   -8.906697|    0.326001|    0.001915|
|         826|   -9.458953|   -8.905632|    0.326001|    0.001915|
|         827|   -9.456130|   -8.904000|    0.326001|    0.001915|
|         828|   -9.453241|   -8.902043|    0.326001|    0.001915|
|         829|   -9.450450|   -8.900005|    0.326001|    0.001915|
|         830|   -9.447941|   -8.898148|    0.326001|    0.001915|
|         831|   -9.445846|   -8.896631|    0.326001|    0.001915|
|         832|   -9.444223|   -8.895493|    0.326001|    0.001915|
|         833|   -9.443105|   -8.894739|    0.326001|    0.001915|
|         834|   -9.442540|   -8.894411|    0.326001|    0.001915|
|         835|   -9.442580|   -8.894572|    0.326001|    0.001915|
|         836|   -9.443279|   -8.895294|    0.326001|    0.001915|
|         837|   -9.444683|   -8.896641|    0.326001|    0.001915|
|         838|   -9.446832|   -8.898676|    0.326001|    0.001915|
|         839|   -9.449759|   -8.901445|    0.326001|    0.001915|
|         840|   -9.453486|   -8.904984|    0.326001|    0.001915|
|         841|   -9.458027|   -8.909312|    0.326001|    0.001915|
|         842|   -9.463383|   -8.914439|    0.326001|    0.001915|
|         843|   -9.469552|   -8.920368|    0.326001|    0.001915|
|         844|   -9.476523|   -8.927093|    0.326001|    0.001915|
|         845|   -9.484285|   -8.934605|    0.326001|    0.001915|
|         846|   -9.492822|   -8.942893|    0.326001|    0.001915|
|         847|   -9.502119|   -8.951944|    0.326001|    0.001915|
|         848|   -9.512158|   -8.961740|    0.326001|    0.001915|
|         849|   -9.522921|   -8.972262|    0.326001|    0.001915|
|         850|   -9.534387|   -8.983491|    0.326001|    0.001915|
|         851|   -9.546537|   -8.995404|    0.326001|    0.001915|
+-----------------------------------------------------------------------+
|Fixed CL Mode                           |Value                         |
+-----------------------------------------------------------------------+
|Current CL                              |0.326001                      |
|Target CL                               |0.326                         |
|Previous AOA                            |0.61937                       |
|Changed AoA by                          |-6.91231e-06                  |
+-----------------------------------------------------------------------+
+----------------------------------------------------------------+
|  Inner_Iter|    rms[Rho]|   rms[RhoE]|          CL|          CD|
+----------------------------------------------------------------+
|         852|   -7.972234|   -7.365602|    0.326001|    0.001915|
|         853|   -8.269407|   -7.658903|    0.326001|    0.001915|
|         854|   -8.511259|   -7.917797|    0.326001|    0.001915|
|         855|   -8.709129|   -8.099159|    0.326001|    0.001915|
|         856|   -8.869362|   -8.271340|    0.326001|    0.001915|
|         857|   -8.963644|   -8.367014|    0.326000|    0.001915|
|         858|   -9.094330|   -8.495456|    0.326000|    0.001915|
|         859|   -9.123992|   -8.523416|    0.326000|    0.001915|
|         860|   -9.176114|   -8.574094|    0.326000|    0.001915|
|         861|   -9.290500|   -8.694915|    0.326000|    0.001915|
|         862|   -9.365896|   -8.778889|    0.326000|    0.001915|
|         863|   -9.393152|   -8.804458|    0.326000|    0.001915|
|         864|   -9.450183|   -8.861759|    0.326000|    0.001915|
|         865|   -9.526103|   -8.944682|    0.326000|    0.001915|
|         866|   -9.574412|   -8.999480|    0.326000|    0.001915|
|         867|   -9.604523|   -9.031239|    0.326000|    0.001915|
|         868|   -9.632431|   -9.059616|    0.326000|    0.001915|
|         869|   -9.654922|   -9.083761|    0.326000|    0.001915|
|         870|   -9.671511|   -9.103346|    0.326000|    0.001915|
|         871|   -9.684768|   -9.120255|    0.326000|    0.001915|
|         872|   -9.694041|   -9.132952|    0.326000|    0.001915|
|         873|   -9.698280|   -9.139808|    0.326000|    0.001915|
|         874|   -9.698624|   -9.142133|    0.326000|    0.001915|
|         875|   -9.696925|   -9.142133|    0.326000|    0.001915|
|         876|   -9.694389|   -9.141069|    0.326000|    0.001915|
|         877|   -9.691565|   -9.139436|    0.326000|    0.001915|
|         878|   -9.688676|   -9.137478|    0.326000|    0.001915|
|         879|   -9.685886|   -9.135440|    0.326000|    0.001915|
|         880|   -9.683376|   -9.133583|    0.326000|    0.001915|
|         881|   -9.681282|   -9.132067|    0.326000|    0.001915|
|         882|   -9.679659|   -9.130928|    0.325999|    0.001915|
|         883|   -9.678542|   -9.130175|    0.325999|    0.001915|
|         884|   -9.677977|   -9.129848|    0.325999|    0.001915|
|         885|   -9.678018|   -9.130010|    0.325999|    0.001915|
|         886|   -9.678717|   -9.130731|    0.325999|    0.001915|
|         887|   -9.680121|   -9.132080|    0.325999|    0.001915|
|         888|   -9.682271|   -9.134115|    0.325999|    0.001915|
|         889|   -9.685199|   -9.136885|    0.325999|    0.001915|
|         890|   -9.688928|   -9.140425|    0.325999|    0.001915|
|         891|   -9.693469|   -9.144753|    0.325999|    0.001915|
|         892|   -9.698826|   -9.149882|    0.325999|    0.001915|
|         893|   -9.704995|   -9.155811|    0.325999|    0.001915|
|         894|   -9.711968|   -9.162537|    0.325999|    0.001915|
|         895|   -9.719730|   -9.170050|    0.325999|    0.001915|
|         896|   -9.728268|   -9.178339|    0.325999|    0.001915|
|         897|   -9.737565|   -9.187390|    0.325999|    0.001915|
|         898|   -9.747605|   -9.197187|    0.325999|    0.001915|
|         899|   -9.758368|   -9.207710|    0.325999|    0.001915|
|         900|   -9.769835|   -9.218939|    0.325999|    0.001915|
|         901|   -9.781986|   -9.230853|    0.325999|    0.001915|
+-----------------------------------------------------------------------+
|Fixed CL Mode                           |Value                         |
+-----------------------------------------------------------------------+
|Current CL                              |0.325999                      |
|Target CL                               |0.326                         |
|Previous AOA                            |0.619363                      |
|Changed AoA by                          |4.01958e-06                   |
+-----------------------------------------------------------------------+
+----------------------------------------------------------------+
|  Inner_Iter|    rms[Rho]|   rms[RhoE]|          CL|          CD|
+----------------------------------------------------------------+
|         902|   -8.207676|   -7.601044|    0.325999|    0.001915|
|         903|   -8.504849|   -7.894344|    0.325999|    0.001915|
|         904|   -8.746701|   -8.153239|    0.325999|    0.001915|
|         905|   -8.944570|   -8.334601|    0.325999|    0.001915|
|         906|   -9.104804|   -8.506782|    0.326000|    0.001915|
|         907|   -9.199086|   -8.602456|    0.326000|    0.001915|
|         908|   -9.329773|   -8.730898|    0.326000|    0.001915|
|         909|   -9.359434|   -8.758858|    0.326000|    0.001915|
|         910|   -9.411557|   -8.809536|    0.326000|    0.001915|
|         911|   -9.525943|   -8.930358|    0.326000|    0.001915|
|         912|   -9.601339|   -9.014332|    0.326000|    0.001915|
|         913|   -9.628594|   -9.039901|    0.326000|    0.001915|
|         914|   -9.685625|   -9.097202|    0.326000|    0.001915|
|         915|   -9.761546|   -9.180125|    0.326000|    0.001915|
|         916|   -9.809855|   -9.234923|    0.326000|    0.001915|
|         917|   -9.839965|   -9.266682|    0.326000|    0.001915|
|         918|   -9.867873|   -9.295058|    0.326000|    0.001915|
|         919|   -9.890364|   -9.319204|    0.326000|    0.001915|
|         920|   -9.906954|   -9.338788|    0.326000|    0.001915|
|         921|   -9.920210|   -9.355697|    0.326000|    0.001915|
|         922|   -9.929483|   -9.368394|    0.326000|    0.001915|
|         923|   -9.933723|   -9.375251|    0.326000|    0.001915|
|         924|   -9.934066|   -9.377576|    0.326000|    0.001915|
|         925|   -9.932368|   -9.377576|    0.326000|    0.001915|
|         926|   -9.929832|   -9.376512|    0.326000|    0.001915|
|         927|   -9.927009|   -9.374879|    0.326000|    0.001915|
|         928|   -9.924120|   -9.372922|    0.326000|    0.001915|
|         929|   -9.921329|   -9.370884|    0.326000|    0.001915|
|         930|   -9.918820|   -9.369027|    0.326000|    0.001915|
|         931|   -9.916725|   -9.367510|    0.326000|    0.001915|
|         932|   -9.915102|   -9.366372|    0.326000|    0.001915|
|         933|   -9.913985|   -9.365619|    0.326000|    0.001915|
|         934|   -9.913419|   -9.365290|    0.326000|    0.001915|
|         935|   -9.913460|   -9.365452|    0.326000|    0.001915|
|         936|   -9.914159|   -9.366174|    0.326000|    0.001915|
|         937|   -9.915563|   -9.367522|    0.326000|    0.001915|
|         938|   -9.917712|   -9.369556|    0.326000|    0.001915|
|         939|   -9.920640|   -9.372326|    0.326000|    0.001915|
|         940|   -9.924368|   -9.375865|    0.326000|    0.001915|
|         941|   -9.928908|   -9.380193|    0.326000|    0.001915|
|         942|   -9.934265|   -9.385321|    0.326000|    0.001915|
|         943|   -9.940434|   -9.391250|    0.326000|    0.001915|
|         944|   -9.947406|   -9.397975|    0.326000|    0.001915|
|         945|   -9.955168|   -9.405488|    0.326000|    0.001915|
|         946|   -9.963705|   -9.413777|    0.326000|    0.001915|
|         947|   -9.973003|   -9.422828|    0.326000|    0.001915|
|         948|   -9.983042|   -9.432624|    0.326000|    0.001915|
|         949|   -9.993805|   -9.443147|    0.326000|    0.001915|
|         950|  -10.005272|   -9.454375|    0.326000|    0.001915|
|         951|  -10.017422|   -9.466289|    0.326000|    0.001915|
|         952|  -10.030236|   -9.478866|    0.326000|    0.001915|
|         953|  -10.043696|   -9.492088|    0.326000|    0.001915|
|         954|  -10.057787|   -9.505939|    0.326000|    0.001915|
|         955|  -10.072496|   -9.520406|    0.326000|    0.001915|
|         956|  -10.087817|   -9.535484|    0.326000|    0.001915|
|         957|  -10.103746|   -9.551172|    0.326000|    0.001915|
|         958|  -10.120285|   -9.567472|    0.326000|    0.001915|
|         959|  -10.137440|   -9.584394|    0.326000|    0.001915|
|         960|  -10.155218|   -9.601948|    0.326000|    0.001915|
|         961|  -10.173631|   -9.620145|    0.326000|    0.001915|
|         962|  -10.192688|   -9.638998|    0.326000|    0.001915|
|         963|  -10.212400|   -9.658515|    0.326000|    0.001915|
|         964|  -10.232775|   -9.678704|    0.326000|    0.001915|
|         965|  -10.253822|   -9.699570|    0.326000|    0.001915|
|         966|  -10.275544|   -9.721114|    0.326000|    0.001915|
|         967|  -10.297947|   -9.743337|    0.326000|    0.001915|
|         968|  -10.321034|   -9.766237|    0.326000|    0.001915|
|         969|  -10.344809|   -9.789816|    0.326000|    0.001915|
|         970|  -10.369277|   -9.814075|    0.326000|    0.001915|
|         971|  -10.394447|   -9.839021|    0.326000|    0.001915|
|         972|  -10.420328|   -9.864664|    0.326000|    0.001915|
|         973|  -10.446935|   -9.891018|    0.326000|    0.001915|
|         974|  -10.474283|   -9.918102|    0.326000|    0.001915|
|         975|  -10.502392|   -9.945937|    0.326000|    0.001915|
|         976|  -10.531279|   -9.974544|    0.326000|    0.001915|
|         977|  -10.560960|  -10.003945|    0.326000|    0.001915|
|         978|  -10.591449|  -10.034157|    0.326000|    0.001915|
|         979|  -10.622749|  -10.065189|    0.326000|    0.001915|
|         980|  -10.654857|  -10.097038|    0.326000|    0.001915|
|         981|  -10.687750|  -10.129688|    0.326000|    0.001915|
|         982|  -10.721389|  -10.163101|    0.326000|    0.001915|
|         983|  -10.755712|  -10.197218|    0.326000|    0.001915|
|         984|  -10.790623|  -10.231950|    0.326000|    0.001915|
|         985|  -10.825994|  -10.267173|    0.326000|    0.001915|
|         986|  -10.861651|  -10.302724|    0.326000|    0.001915|
|         987|  -10.897372|  -10.338392|    0.326000|    0.001915|
|         988|  -10.932879|  -10.373915|    0.326000|    0.001915|
|         989|  -10.967834|  -10.408975|    0.326000|    0.001915|
|         990|  -11.001842|  -10.443200|    0.326000|    0.001915|
|         991|  -11.034457|  -10.476164|    0.326000|    0.001915|
|         992|  -11.065204|  -10.507408|    0.326000|    0.001915|
|         993|  -11.093606|  -10.536460|    0.326000|    0.001915|
|         994|  -11.119227|  -10.562876|    0.326000|    0.001915|
|         995|  -11.141724|  -10.586281|    0.326000|    0.001915|
|         996|  -11.160891|  -10.606424|    0.326000|    0.001915|
|         997|  -11.176691|  -10.623212|    0.326000|    0.001915|
|         998|  -11.189267|  -10.636729|    0.326000|    0.001915|
|         999|  -11.198916|  -10.647223|    0.326000|    0.001915|
|        1000|  -11.206051|  -10.655074|    0.326000|    0.001915|
+-----------------------------------------------------------------------+
|      Convergence Field     |     Value    |   Criterion  |  Converged |
+-----------------------------------------------------------------------+
|                    rms[Rho]|      -11.2061|         < -13|          No|
+-----------------------------------------------------------------------+
+-----------------------------------------------------------------------+
|        File Writing Summary       |              Filename             |
+-----------------------------------------------------------------------+
|SU2 binary restart                 |restart_flow.dat                   |
Writing Flow Meta-Data file: flow.meta
|Paraview                           |flow.vtu                           |
Writing Flow Meta-Data file: flow.meta
|Paraview surface                   |surface_flow.vtu                   |
Writing Flow Meta-Data file: flow.meta
|CSV file                           |surface_flow.csv                   |
Writing Flow Meta-Data file: flow.meta
+-----------------------------------------------------------------------+
+----------------------------------------------------------------+
|  Inner_Iter|    rms[Rho]|   rms[RhoE]|          CL|          CD|
+----------------------------------------------------------------+
|        1001|  -11.211146|  -10.660742|    0.326000|    0.001920|
+-----------------------------------------------------------------------+
|Fixed CL Mode                           |Value                         |
+-----------------------------------------------------------------------+
|Current CL                              |0.326                         |
|Target CL                               |0.326                         |
|Previous AOA                            |0.619367                      |
|Changed AoA by (Finite Difference step) |0.001                         |
+-----------------------------------------------------------------------+
+----------------------------------------------------------------+
|  Inner_Iter|    rms[Rho]|   rms[RhoE]|          CL|          CD|
+----------------------------------------------------------------+
|        1002|   -5.812069|   -5.205355|    0.326001|    0.001920|
|        1003|   -6.109422|   -5.498891|    0.326008|    0.001920|
|        1004|   -6.352476|   -5.758880|    0.326037|    0.001921|
|        1005|   -6.551816|   -5.941127|    0.326081|    0.001922|
|        1006|   -6.715187|   -6.115884|    0.326121|    0.001922|
|        1007|   -6.812593|   -6.214254|    0.326144|    0.001922|
|        1008|   -6.949475|   -6.347812|    0.326151|    0.001922|
|        1009|   -6.978970|   -6.375637|    0.326152|    0.001923|
|        1010|   -7.032188|   -6.427160|    0.326158|    0.001923|
|        1011|   -7.153037|   -6.553890|    0.326168|    0.001923|
|        1012|   -7.231497|   -6.641653|    0.326178|    0.001923|
|        1013|   -7.255526|   -6.664666|    0.326186|    0.001923|
|        1014|   -7.311571|   -6.721628|    0.326194|    0.001924|
|        1015|   -7.384795|   -6.803046|    0.326201|    0.001924|
|        1016|   -7.423864|   -6.849588|    0.326207|    0.001924|
|        1017|   -7.442631|   -6.870815|    0.326212|    0.001924|
|        1018|   -7.458729|   -6.888652|    0.326218|    0.001924|
|        1019|   -7.469344|   -6.902158|    0.326224|    0.001924|
|        1020|   -7.474893|   -6.911288|    0.326229|    0.001924|
|        1021|   -7.478189|   -6.918100|    0.326234|    0.001923|
|        1022|   -7.479204|   -6.921944|    0.326239|    0.001923|
|        1023|   -7.477650|   -6.922308|    0.326244|    0.001923|
|        1024|   -7.474650|   -6.920659|    0.326249|    0.001923|
|        1025|   -7.471533|   -6.918672|    0.326254|    0.001923|
|        1026|   -7.468992|   -6.917087|    0.326258|    0.001923|
|        1027|   -7.467224|   -6.916056|    0.326262|    0.001923|
|        1028|   -7.466227|   -6.915596|    0.326266|    0.001922|
|        1029|   -7.465996|   -6.915776|    0.326271|    0.001922|
|        1030|   -7.466559|   -6.916694|    0.326274|    0.001922|
|        1031|   -7.467921|   -6.918381|    0.326278|    0.001922|
|        1032|   -7.470036|   -6.920774|    0.326282|    0.001922|
|        1033|   -7.472854|   -6.923800|    0.326285|    0.001922|
|        1034|   -7.476352|   -6.927427|    0.326288|    0.001922|
|        1035|   -7.480528|   -6.931653|    0.326291|    0.001922|
|        1036|   -7.485387|   -6.936497|    0.326294|    0.001922|
|        1037|   -7.490942|   -6.941981|    0.326296|    0.001922|
|        1038|   -7.497207|   -6.948134|    0.326298|    0.001922|
|        1039|   -7.504193|   -6.954978|    0.326301|    0.001922|
|        1040|   -7.511911|   -6.962530|    0.326303|    0.001922|
|        1041|   -7.520364|   -6.970798|    0.326304|    0.001922|
|        1042|   -7.529550|   -6.979785|    0.326306|    0.001922|
|        1043|   -7.539463|   -6.989486|    0.326308|    0.001922|
|        1044|   -7.550094|   -6.999896|    0.326309|    0.001922|
|        1045|   -7.561429|   -7.011004|    0.326310|    0.001922|
|        1046|   -7.573456|   -7.022803|    0.326311|    0.001922|
|        1047|   -7.586165|   -7.035280|    0.326313|    0.001922|
|        1048|   -7.599542|   -7.048426|    0.326313|    0.001922|
|        1049|   -7.613572|   -7.062223|    0.326314|    0.001922|
|        1050|   -7.628239|   -7.076656|    0.326315|    0.001922|
|        1051|   -7.643532|   -7.091715|    0.326316|    0.001922|
|        1052|   -7.659436|   -7.107383|    0.326317|    0.001922|
|        1053|   -7.675938|   -7.123646|    0.326317|    0.001922|
|        1054|   -7.693026|   -7.140492|    0.326318|    0.001922|
|        1055|   -7.710691|   -7.157910|    0.326318|    0.001922|
|        1056|   -7.728928|   -7.175897|    0.326318|    0.001922|
|        1057|   -7.747736|   -7.194454|    0.326319|    0.001922|
|        1058|   -7.767123|   -7.213589|    0.326319|    0.001922|
|        1059|   -7.787096|   -7.233314|    0.326319|    0.001922|
|        1060|   -7.807669|   -7.253645|    0.326319|    0.001922|
|        1061|   -7.828857|   -7.274600|    0.326319|    0.001922|
|        1062|   -7.850679|   -7.296199|    0.326319|    0.001922|
|        1063|   -7.873151|   -7.318460|    0.326319|    0.001922|
|        1064|   -7.896291|   -7.341399|    0.326319|    0.001922|
|        1065|   -7.920114|   -7.365028|    0.326319|    0.001922|
|        1066|   -7.944635|   -7.389357|    0.326319|    0.001922|
|        1067|   -7.969863|   -7.414392|    0.326319|    0.001922|
|        1068|   -7.995809|   -7.440138|    0.326319|    0.001922|
|        1069|   -8.022482|   -7.466599|    0.326318|    0.001922|
|        1070|   -8.049887|   -7.493776|    0.326318|    0.001922|
|        1071|   -8.078032|   -7.521672|    0.326318|    0.001922|
|        1072|   -8.106922|   -7.550291|    0.326318|    0.001922|
|        1073|   -8.136564|   -7.579642|    0.326317|    0.001922|
|        1074|   -8.166961|   -7.609732|    0.326317|    0.001922|
|        1075|   -8.198113|   -7.640567|    0.326317|    0.001922|
|        1076|   -8.230018|   -7.672150|    0.326316|    0.001922|
|        1077|   -8.262664|   -7.704480|    0.326316|    0.001922|
|        1078|   -8.296025|   -7.737543|    0.326316|    0.001922|
|        1079|   -8.330050|   -7.771297|    0.326315|    0.001922|
|        1080|   -8.364655|   -7.805673|    0.326315|    0.001922|
|        1081|   -8.399713|   -7.840556|    0.326315|    0.001922|
|        1082|   -8.435042|   -7.875779|    0.326314|    0.001922|
|        1083|   -8.470396|   -7.911107|    0.326314|    0.001922|
|        1084|   -8.505453|   -7.946234|    0.326314|    0.001922|
|        1085|   -8.539816|   -7.980776|    0.326313|    0.001922|
|        1086|   -8.573017|   -8.014279|    0.326313|    0.001922|
|        1087|   -8.604536|   -8.046234|    0.326313|    0.001922|
|        1088|   -8.633838|   -8.076110|    0.326312|    0.001922|
|        1089|   -8.660422|   -8.103403|    0.326312|    0.001922|
|        1090|   -8.683880|   -8.127688|    0.326312|    0.001922|
|        1091|   -8.703951|   -8.148675|    0.326311|    0.001922|
|        1092|   -8.720564|   -8.166249|    0.326311|    0.001922|
|        1093|   -8.733842|   -8.180482|    0.326311|    0.001922|
|        1094|   -8.744076|   -8.191620|    0.326311|    0.001922|
|        1095|   -8.751681|   -8.200033|    0.326310|    0.001922|
|        1096|   -8.757137|   -8.206176|    0.326310|    0.001922|
|        1097|   -8.760939|   -8.210528|    0.326310|    0.001922|
|        1098|   -8.763555|   -8.213557|    0.326310|    0.001922|
|        1099|   -8.765402|   -8.215690|    0.326309|    0.001922|
|        1100|   -8.766839|   -8.217297|    0.326309|    0.001922|
|        1101|   -8.768158|   -8.218693|    0.326309|    0.001922|
|        1102|   -8.769594|   -8.220131|    0.326309|    0.001922|
|        1103|   -8.771333|   -8.221816|    0.326309|    0.001922|
|        1104|   -8.773514|   -8.223902|    0.326308|    0.001922|
|        1105|   -8.776239|   -8.226508|    0.326308|    0.001922|
|        1106|   -8.779581|   -8.229717|    0.326308|    0.001922|
|        1107|   -8.783590|   -8.233585|    0.326308|    0.001922|
|        1108|   -8.788293|   -8.238147|    0.326308|    0.001922|
|        1109|   -8.793704|   -8.243420|    0.326308|    0.001922|
|        1110|   -8.799825|   -8.249408|    0.326308|    0.001922|
|        1111|   -8.806652|   -8.256104|    0.326308|    0.001922|
|        1112|   -8.814171|   -8.263498|    0.326308|    0.001922|
|        1113|   -8.822368|   -8.271573|    0.326307|    0.001922|
|        1114|   -8.831226|   -8.280310|    0.326307|    0.001922|
|        1115|   -8.840728|   -8.289691|    0.326307|    0.001922|
|        1116|   -8.850861|   -8.299703|    0.326307|    0.001922|
|        1117|   -8.861610|   -8.310329|    0.326307|    0.001922|
|        1118|   -8.872964|   -8.321557|    0.326307|    0.001922|
|        1119|   -8.884915|   -8.333378|    0.326307|    0.001922|
|        1120|   -8.897455|   -8.345784|    0.326307|    0.001922|
|        1121|   -8.910581|   -8.358772|    0.326307|    0.001922|
|        1122|   -8.924292|   -8.372340|    0.326307|    0.001922|
|        1123|   -8.938589|   -8.386488|    0.326307|    0.001922|
|        1124|   -8.953475|   -8.401221|    0.326307|    0.001922|
|        1125|   -8.968957|   -8.416543|    0.326307|    0.001922|
|        1126|   -8.985041|   -8.432461|    0.326307|    0.001922|
|        1127|   -9.001738|   -8.448984|    0.326307|    0.001922|
|        1128|   -9.019057|   -8.466123|    0.326307|    0.001922|
|        1129|   -9.037012|   -8.483890|    0.326307|    0.001922|
|        1130|   -9.055616|   -8.502298|    0.326307|    0.001922|
|        1131|   -9.074885|   -8.521361|    0.326307|    0.001922|
|        1132|   -9.094834|   -8.541097|    0.326307|    0.001922|
|        1133|   -9.115480|   -8.561521|    0.326307|    0.001922|
|        1134|   -9.136842|   -8.582652|    0.326307|    0.001922|
|        1135|   -9.158937|   -8.604506|    0.326307|    0.001922|
|        1136|   -9.181784|   -8.627104|    0.326307|    0.001922|
|        1137|   -9.205403|   -8.650464|    0.326307|    0.001922|
|        1138|   -9.229813|   -8.674605|    0.326307|    0.001922|
|        1139|   -9.255034|   -8.699548|    0.326307|    0.001922|
|        1140|   -9.281085|   -8.725312|    0.326307|    0.001922|
|        1141|   -9.307988|   -8.751917|    0.326307|    0.001922|
|        1142|   -9.335761|   -8.779384|    0.326307|    0.001922|
|        1143|   -9.364423|   -8.807730|    0.326307|    0.001922|
|        1144|   -9.393993|   -8.836974|    0.326307|    0.001922|
|        1145|   -9.424487|   -8.867131|    0.326307|    0.001922|
|        1146|   -9.455915|   -8.898215|    0.326307|    0.001922|
|        1147|   -9.488286|   -8.930234|    0.326307|    0.001922|
|        1148|   -9.521601|   -8.963189|    0.326307|    0.001922|
|        1149|   -9.555851|   -8.997077|    0.326307|    0.001922|
|        1150|   -9.591019|   -9.031883|    0.326307|    0.001922|
|        1151|   -9.627072|   -9.067580|    0.326307|    0.001922|
|        1152|   -9.663961|   -9.104123|    0.326307|    0.001922|
|        1153|   -9.701608|   -9.141446|    0.326307|    0.001922|
|        1154|   -9.739908|   -9.179453|    0.326307|    0.001922|
|        1155|   -9.778710|   -9.218009|    0.326307|    0.001922|
|        1156|   -9.817817|   -9.256932|    0.326307|    0.001922|
|        1157|   -9.856967|   -9.295984|    0.326307|    0.001922|
|        1158|   -9.895834|   -9.334858|    0.326307|    0.001922|
|        1159|   -9.934016|   -9.373176|    0.326307|    0.001922|
|        1160|   -9.971038|   -9.410487|    0.326307|    0.001922|
|        1161|  -10.006365|   -9.446272|    0.326307|    0.001922|
|        1162|  -10.039431|   -9.479971|    0.326307|    0.001922|
|        1163|  -10.069684|   -9.511023|    0.326307|    0.001922|
|        1164|  -10.096645|   -9.538923|    0.326307|    0.001922|
|        1165|  -10.119974|   -9.563285|    0.326307|    0.001922|
|        1166|  -10.139523|   -9.583900|    0.326307|    0.001922|
|        1167|  -10.155354|   -9.600766|    0.326307|    0.001922|
|        1168|  -10.167724|   -9.614087|    0.326307|    0.001922|
|        1169|  -10.177044|   -9.624232|    0.326307|    0.001922|
|        1170|  -10.183811|   -9.631680|    0.326307|    0.001922|
|        1171|  -10.188548|   -9.636953|    0.326307|    0.001922|
|        1172|  -10.191755|   -9.640563|    0.326307|    0.001922|
|        1173|  -10.193881|   -9.642979|    0.326307|    0.001922|
|        1174|  -10.195302|   -9.644600|    0.326307|    0.001922|
|        1175|  -10.196328|   -9.645757|    0.326307|    0.001922|
|        1176|  -10.197201|   -9.646712|    0.326307|    0.001922|
|        1177|  -10.198107|   -9.647668|    0.326307|    0.001922|
|        1178|  -10.199188|   -9.648776|    0.326307|    0.001922|
|        1179|  -10.200547|   -9.650151|    0.326307|    0.001922|
|        1180|  -10.202261|   -9.651873|    0.326307|    0.001922|
|        1181|  -10.204387|   -9.654003|    0.326307|    0.001922|
|        1182|  -10.206965|   -9.656584|    0.326307|    0.001922|
|        1183|  -10.210026|   -9.659645|    0.326307|    0.001922|
|        1184|  -10.213593|   -9.663210|    0.326307|    0.001922|
|        1185|  -10.217686|   -9.667297|    0.326307|    0.001922|
|        1186|  -10.222320|   -9.671918|    0.326307|    0.001922|
|        1187|  -10.227508|   -9.677087|    0.326307|    0.001922|
|        1188|  -10.233266|   -9.682815|    0.326307|    0.001922|
|        1189|  -10.239606|   -9.689114|    0.326307|    0.001922|
|        1190|  -10.246542|   -9.695996|    0.326307|    0.001922|
|        1191|  -10.254088|   -9.703476|    0.326307|    0.001922|
|        1192|  -10.262261|   -9.711567|    0.326307|    0.001922|
|        1193|  -10.271076|   -9.720285|    0.326307|    0.001922|
|        1194|  -10.280550|   -9.729645|    0.326307|    0.001922|
|        1195|  -10.290700|   -9.739667|    0.326307|    0.001922|
|        1196|  -10.301545|   -9.750368|    0.326307|    0.001922|
|        1197|  -10.313103|   -9.761766|    0.326307|    0.001922|
|        1198|  -10.325394|   -9.773882|    0.326307|    0.001922|
|        1199|  -10.338436|   -9.786735|    0.326307|    0.001922|
|        1200|  -10.352249|   -9.800344|    0.326307|    0.001922|
|        1201|  -10.366851|   -9.814730|    0.326307|    0.001922|
|        1202|  -10.382263|   -9.829911|    0.326307|    0.001922|
|        1203|  -10.398501|   -9.845907|    0.326307|    0.001922|
|        1204|  -10.415584|   -9.862736|    0.326307|    0.001922|
|        1205|  -10.433528|   -9.880415|    0.326307|    0.001922|
|        1206|  -10.452349|   -9.898960|    0.326307|    0.001922|
|        1207|  -10.472063|   -9.918386|    0.326307|    0.001922|
|        1208|  -10.492681|   -9.938707|    0.326307|    0.001922|
|        1209|  -10.514215|   -9.959935|    0.326307|    0.001922|
|        1210|  -10.536675|   -9.982080|    0.326307|    0.001922|
|        1211|  -10.560069|  -10.005151|    0.326307|    0.001922|
|        1212|  -10.584403|  -10.029154|    0.326307|    0.001922|
|        1213|  -10.609680|  -10.054096|    0.326307|    0.001922|
|        1214|  -10.635903|  -10.079977|    0.326307|    0.001922|
|        1215|  -10.663070|  -10.106800|    0.326307|    0.001922|
|        1216|  -10.691177|  -10.134559|    0.326307|    0.001922|
|        1217|  -10.720213|  -10.163248|    0.326307|    0.001922|
|        1218|  -10.750164|  -10.192854|    0.326307|    0.001922|
|        1219|  -10.781010|  -10.223361|    0.326307|    0.001922|
|        1220|  -10.812721|  -10.254744|    0.326307|    0.001922|
|        1221|  -10.845262|  -10.286971|    0.326307|    0.001922|
|        1222|  -10.878584|  -10.320000|    0.326307|    0.001922|
|        1223|  -10.912627|  -10.353779|    0.326307|    0.001922|
|        1224|  -10.947317|  -10.388241|    0.326307|    0.001922|
|        1225|  -10.982562|  -10.423302|    0.326307|    0.001922|
|        1226|  -11.018248|  -10.458860|    0.326307|    0.001922|
|        1227|  -11.054241|  -10.494788|    0.326307|    0.001922|
|        1228|  -11.090377|  -10.530930|    0.326307|    0.001922|
|        1229|  -11.126464|  -10.567104|    0.326307|    0.001922|
|        1230|  -11.162280|  -10.603092|    0.326307|    0.001922|
|        1231|  -11.197570|  -10.638641|    0.326307|    0.001922|
|        1232|  -11.232052|  -10.673468|    0.326307|    0.001922|
|        1233|  -11.265419|  -10.707260|    0.326307|    0.001922|
|        1234|  -11.297351|  -10.739686|    0.326307|    0.001922|
|        1235|  -11.327528|  -10.770411|    0.326307|    0.001922|
|        1236|  -11.355650|  -10.799113|    0.326307|    0.001922|
|        1237|  -11.381457|  -10.825512|    0.326307|    0.001922|
|        1238|  -11.404747|  -10.849386|    0.326307|    0.001922|
|        1239|  -11.425401|  -10.870595|    0.326307|    0.001922|
|        1240|  -11.443384|  -10.889093|    0.326307|    0.001922|
|        1241|  -11.458751|  -10.904929|    0.326307|    0.001922|
|        1242|  -11.471641|  -10.918243|    0.326307|    0.001922|
|        1243|  -11.482256|  -10.929241|    0.326307|    0.001922|
|        1244|  -11.490849|  -10.938184|    0.326307|    0.001922|
|        1245|  -11.497695|  -10.945356|    0.326307|    0.001922|
|        1246|  -11.503078|  -10.951048|    0.326307|    0.001922|
|        1247|  -11.507278|  -10.955543|    0.326307|    0.001922|
|        1248|  -11.510552|  -10.959102|    0.326307|    0.001922|
|        1249|  -11.513141|  -10.961963|    0.326307|    0.001916|
+-----------------------------------------------------------------------+
|Fixed CL Mode (Finite Difference)       |Value                         |
+-----------------------------------------------------------------------+
|Delta CL / Delta AoA                    |0.306655                      |
|Delta CD / Delta CL                     |0.0237276                     |
|Delta CMz / Delta CL                    |0.0911511                     |
+-----------------------------------------------------------------------+
Writing Flow Meta-Data file: flow.meta

----------------------------- Solver Exit -------------------------------

Maximum number of iterations reached (ITER = 1250) before convergence.
+-----------------------------------------------------------------------+
|      Convergence Field     |     Value    |   Criterion  |  Converged |
+-----------------------------------------------------------------------+
|                    rms[Rho]|      -11.5131|         < -13|          No|
+-----------------------------------------------------------------------+
-------------------------------------------------------------------------

--------------------------- Finalizing Solver ---------------------------
Deleted CNumerics container.
Deleted CIntegration container.
Deleted CSolver container.
Deleted CIteration container.
Deleted CInterface container.
Deleted CGeometry container.
Deleted CFreeFormDefBox class.
Deleted CSurfaceMovement class.
Deleted CVolumetricMovement class.
Deleted CConfig container.
Deleted nInst container.
Deleted COutput class.
-------------------------------------------------------------------------

------------------------- Exit Success (SU2_CFD) ------------------------

