"Time_Iter","Outer_Iter","Inner_Iter",    "rms[Rho]"    ,    "rms[RhoU]"   ,    "rms[RhoV]"   ,    "rms[RhoE]"   ,    "RefForce"    ,       "CD"       ,       "CL"       ,       "CSF"      ,       "CMx"      ,       "CMy"      ,       "CMz"      ,       "CFx"      ,       "CFy"      ,       "CFz"      ,      "CEff"      
          0,           0,           0,      -5.315504837,      -5.269477595,      -5.801258083,      -4.719123272,             0.448,     0.01301275483,      0.3266525267,                 0,                 0,                 0,     0.08227677143,    0.009449032472,      0.3267750308,                 0,       25.10248835
          0,           0,           1,      -5.578571885,      -5.434812635,      -5.443207072,      -4.980399186,             0.448,     0.01183093084,      0.3266988389,                 0,                 0,                 0,     0.08158398215,    0.008266773638,      0.3268084496,                 0,       27.61395897
          0,           0,           2,      -5.491766903,      -5.457260971,      -5.546394198,      -4.909508428,             0.448,     0.01137990478,      0.3272886656,                 0,                 0,                 0,     0.08144630985,    0.007809340891,      0.3273933216,                 0,       28.76022884
          0,           0,           3,      -5.465194682,      -5.508499872,      -5.502564964,      -4.879000005,             0.448,      0.0113632667,      0.3270535939,                 0,                 0,                 0,     0.08167919291,    0.007795267841,      0.3271580825,                 0,       28.78165254
          0,           0,           4,      -5.410040414,      -5.523118596,      -5.475258865,      -4.831579604,             0.448,     0.01113677059,      0.3270346952,                 0,                 0,                 0,     0.08157621506,    0.007568991342,      0.3271367144,                 0,        29.3653077
          0,           0,           5,      -5.363212688,       -5.52149941,      -5.485215503,       -4.79474174,             0.448,     0.01096538104,       0.327613913,                 0,                 0,                 0,      0.0815451086,    0.007391294197,      0.3277140283,                 0,       29.87711158
          0,           0,           6,      -5.330378794,      -5.625089713,      -5.495782307,      -4.766756756,             0.448,     0.01084135426,      0.3279125509,                 0,                 0,                 0,     0.08144908817,    0.007264017412,      0.3280112956,                 0,       30.24645657
          0,           0,           7,      -5.294925007,      -5.607673298,      -5.476964432,      -4.732178994,             0.448,     0.01072462461,        0.32812496,                 0,                 0,                 0,     0.08134860728,    0.007144977865,      0.3282224189,                 0,       30.59547274
          0,           0,           8,      -5.257582237,      -5.539844813,      -5.470887278,      -4.697007452,             0.448,      0.0106067593,      0.3284457039,                 0,                 0,                 0,     0.08128815144,    0.007023621059,      0.3285418581,                 0,       30.96569789
          0,           0,           9,      -5.232640065,      -5.555484516,      -5.479550387,      -4.674889585,             0.448,     0.01048362662,       0.328768389,                 0,                 0,                 0,      0.0812085132,    0.006896976033,      0.3288631809,                 0,       31.36017725
          0,           0,          10,      -5.212318478,      -5.592618005,        -5.4948145,      -4.655977808,             0.448,     0.01036909361,      0.3290820691,                 0,                 0,                 0,     0.08111302103,    0.006779028381,      0.3291755931,                 0,       31.73682113
          0,           0,          11,      -5.193306035,      -5.611189745,       -5.50573977,      -4.638100683,             0.448,     0.01026242446,      0.3294245479,                 0,                 0,                 0,     0.08101613441,    0.006668630006,       0.329516888,                 0,       32.10007043
          0,           0,          12,      -5.175387608,      -5.614278829,      -5.510076617,      -4.621181212,             0.448,     0.01015626356,      0.3298063577,                 0,                 0,                 0,     0.08091935834,    0.006558310847,      0.3298975172,                 0,       32.47319803
          0,           0,          13,      -5.159270588,      -5.608898944,       -5.51337138,      -4.605154716,             0.448,     0.01004964393,      0.3302198592,                 0,                 0,                 0,     0.08082252129,    0.006447187312,      0.3303098312,                 0,       32.85886162
          0,           0,          14,      -5.145170346,      -5.600768307,      -5.517711518,      -4.590418823,             0.448,    0.009944907884,      0.3306486439,                 0,                 0,                 0,     0.08072268503,    0.006337780546,      0.3307374479,                 0,       33.24803486
          0,           0,          15,      -5.132059173,      -5.589801709,      -5.523162472,      -4.576536826,             0.448,    0.009845084829,      0.3310887164,                 0,                 0,                 0,     0.08062134379,    0.006233163358,      0.3311764054,                 0,       33.62984902
          0,           0,          16,      -5.120042756,      -5.574109064,      -5.527622367,      -4.564069215,             0.448,    0.009748988988,      0.3315293537,                 0,                 0,                 0,     0.08051583229,    0.006132267001,      0.3316159683,                 0,        34.0065369
          0,           0,          17,      -5.109777765,      -5.553119225,      -5.530123534,      -4.553721472,             0.448,    0.009655639098,      0.3319696173,                 0,                 0,                 0,     0.08040805242,    0.006034120509,      0.3320551875,                 0,        34.3809057
          0,           0,          18,      -5.101415832,        -5.5291731,      -5.532047971,      -4.545407613,             0.448,    0.009564661207,       0.332414719,                 0,                 0,                 0,     0.08030114855,    0.005938293102,      0.3324992704,                 0,       34.75446875
          0,           0,          19,       -5.09518937,       -5.50617628,      -5.534901658,      -4.539196613,             0.448,    0.009476064313,      0.3328651287,                 0,                 0,                 0,     0.08019491135,    0.005844788655,      0.3329486869,                 0,       35.12693854
          0,           0,          20,      -5.090555672,      -5.486688378,      -5.539151685,      -4.534557172,             0.448,    0.009390284381,      0.3333169445,                 0,                 0,                 0,     0.08008785818,    0.005754085664,      0.3333995402,                 0,       35.49593718
          0,           0,          21,      -5.087031931,      -5.471675745,      -5.544520223,      -4.531030516,             0.448,    0.009308060816,      0.3337684545,                 0,                 0,                 0,     0.07997937012,    0.005666942165,      0.3338501265,                 0,       35.85800105
          0,           0,          22,      -5.084239182,      -5.460915491,      -5.550566926,      -4.528273858,             0.448,    0.009229956472,      0.3342123195,                 0,                 0,                 0,     0.07986811603,    0.005584001029,      0.3342931132,                 0,       36.20952282
          0,           0,          23,      -5.081771773,      -5.453654273,      -5.556517146,      -4.525900786,             0.448,    0.009156063248,      0.3346420808,                 0,                 0,                 0,     0.07975241818,    0.005505424597,       0.334722043,                 0,       36.54868602
          0,           0,          24,      -5.079857601,      -5.449148766,      -5.562382387,      -4.524172179,             0.448,    0.009086534651,      0.3350540406,                 0,                 0,                 0,     0.07963194604,    0.005431406703,      0.3351332199,                 0,       36.87368766
          0,           0,          25,      -5.077754917,      -5.447078903,      -5.568815234,      -4.522261491,             0.448,    0.009024303025,      0.3354598225,                 0,                 0,                 0,     0.07951566164,    0.005364752731,      0.3355382988,                 0,       37.17293419
          0,           0,          26,      -5.075016185,      -5.447841445,      -5.574845565,      -4.519812012,             0.448,     0.00896880319,      0.3358565865,                 0,                 0,                 0,     0.07940217934,    0.005304928511,      0.3359344338,                 0,       37.44720219
          0,           0,          27,       -5.07138374,      -5.451635771,      -5.581370726,      -4.516607874,             0.448,    0.008919026611,      0.3362439656,                 0,                 0,                 0,     0.07929059974,    0.005250929572,       0.336321247,                 0,       37.69962579
          0,           0,          28,       -5.06723017,      -5.458472643,      -5.590506291,      -4.512952023,             0.448,    0.008875438432,      0.3366219934,                 0,                 0,                 0,     0.07918340789,    0.005203220665,      0.3366987768,                 0,       37.92736505
          0,           0,          29,      -5.062857777,      -5.468079424,       -5.60291396,      -4.509089999,             0.448,    0.008837912384,      0.3369874318,                 0,                 0,                 0,     0.07908227349,    0.005161710846,      0.3370637842,                 0,       38.12975476
          0,           0,          30,      -5.058355082,      -5.479662711,      -5.616893536,       -4.50511093,             0.448,    0.008805698444,      0.3373300136,                 0,                 0,                 0,      0.0789857384,    0.005125762127,      0.3374059942,                 0,       38.30814963
          0,           0,          31,      -5.054111401,      -5.492464378,      -5.632822309,      -4.501394334,             0.448,    0.008777689065,      0.3376589418,                 0,                 0,                 0,     0.07889528106,    0.005094166644,      0.3377345974,                 0,       38.46786315
          0,           0,          32,      -5.050699331,      -5.506499483,      -5.651083516,      -4.498438252,             0.448,    0.008754003875,      0.3379858562,                 0,                 0,                 0,     0.07881513194,    0.005066917058,      0.3380612339,                 0,       38.60928793
          0,           0,          33,      -5.048522436,      -5.521430942,      -5.670989042,      -4.496626508,             0.448,     0.00873280842,      0.3383067455,                 0,                 0,                 0,      0.0787419975,    0.005042222778,       0.338381873,                 0,       38.73974204
          0,           0,          34,      -5.047855211,       -5.53615001,      -5.690949657,      -4.496221634,             0.448,     0.00871341935,      0.3386249238,                 0,                 0,                 0,     0.07867632329,    0.005019364344,      0.3386998209,                 0,       38.86246148
          0,           0,          35,      -5.048795724,      -5.549691942,      -5.709801644,       -4.49728462,             0.448,    0.008695354519,      0.3389450052,                 0,                 0,                 0,     0.07861927162,    0.004997809315,      0.3390196862,                 0,       38.98000989
          0,           0,          36,      -5.051172787,      -5.561644688,      -5.726989248,      -4.499618547,             0.448,     0.00867780901,      0.3392703919,                 0,                 0,                 0,     0.07857080736,    0.004976715708,      0.3393448621,                 0,        39.0963193
          0,           0,          37,      -5.055131771,      -5.572255581,      -5.741696787,      -4.503410473,             0.448,    0.008660110301,      0.3395909947,                 0,                 0,                 0,     0.07852849196,    0.004955521091,      0.3396652528,                 0,       39.21324127
          0,           0,          38,      -5.060477088,      -5.581413517,      -5.753171579,      -4.508563185,             0.448,    0.008641819438,      0.3399069586,                 0,                 0,                 0,     0.07849173104,    0.004933784953,      0.3399809985,                 0,       39.33280035
          0,           0,          39,      -5.067272998,      -5.589956866,      -5.761411715,      -4.515123232,             0.448,    0.008622822947,      0.3402169858,                 0,                 0,                 0,     0.07846063899,    0.004911407985,         0.3402908,                 0,       39.45540664
          0,           0,          40,      -5.075836285,      -5.598454025,      -5.766235006,      -4.523431735,             0.448,    0.008602812683,       0.340519356,                 0,                 0,                 0,     0.07843365992,    0.004888100821,      0.3405929339,                 0,        39.5823283
          0,           0,          41,      -5.086333428,      -5.607977112,      -5.768517305,      -4.533713432,             0.448,     0.00858162648,      0.3408187544,                 0,                 0,                 0,     0.07841027836,    0.004863650203,      0.3408920835,                 0,       39.71493693
          0,           0,          42,      -5.098065303,      -5.618675332,      -5.769032799,       -4.54521306,             0.448,    0.008559182345,      0.3411158932,                 0,                 0,                 0,     0.07838906678,    0.004837966374,      0.3411889598,                 0,       39.85379438
          0,           0,          43,      -5.110381176,      -5.629787981,       -5.76826071,       -4.55724237,             0.448,    0.008535612175,      0.3414100424,                 0,                 0,                 0,     0.07836880487,    0.004811189186,      0.3414828344,                 0,       39.99830773
          0,           0,          44,      -5.123138204,      -5.641381636,      -5.767316092,      -4.569753678,             0.448,    0.008511259254,      0.3417012158,                 0,                 0,                 0,     0.07834916131,    0.004783661753,      0.3417737248,                 0,       40.14696364
          0,           0,          45,      -5.135870968,      -5.653348538,       -5.76626231,       -4.58241041,             0.448,    0.008486329032,      0.3419871855,                 0,                 0,                 0,     0.07832905158,    0.004755613812,      0.3420594057,                 0,       40.29860076
          0,           0,          46,      -5.148338251,      -5.665947057,      -5.764920935,      -4.595015636,             0.448,    0.008461176718,      0.3422664876,                 0,                 0,                 0,     0.07830826158,    0.004727416519,      0.3423384168,                 0,       40.45140517
          0,           0,          47,      -5.160757231,      -5.680045986,      -5.763475176,      -4.607766386,             0.448,    0.008436063079,      0.3425405597,                 0,                 0,                 0,     0.07828670661,    0.004699314945,      0.3426121986,                 0,       40.60431465
          0,           0,          48,      -5.172496827,      -5.695943664,      -5.763301479,      -4.620026867,             0.448,    0.008411193479,       0.342809109,                 0,                 0,                 0,     0.07826388827,    0.004671517634,      0.3428804607,                 0,       40.75629813
          0,           0,          49,      -5.183401995,      -5.713595237,      -5.765867461,      -4.631666434,             0.448,     0.00838700326,      0.3430687327,                 0,                 0,                 0,      0.0782395758,     0.00464449702,      0.3431398051,                 0,       40.90480498
          0,           0,          50,       -5.19292145,      -5.732259807,      -5.770397797,      -4.642073227,             0.448,    0.008364004699,      0.3433145204,                 0,                 0,                 0,     0.07821413851,    0.004618818909,      0.3433853273,                 0,       41.04666756
          0,           0,          51,      -5.200934313,      -5.751870945,      -5.775626686,      -4.651005991,             0.448,    0.007823026564,      0.3435609106,                 0,                 0,                 0,     0.07818743557,     0.00459439128,      0.3436192524,                 0,       43.91662329
          0,           0,          52,       -3.87415407,      -3.845806666,      -3.676769917,      -3.267593045,             0.448,     0.00780220647,      0.3437567755,                 0,                 0,                 0,     0.07815383644,    0.004571731649,       0.343814913,                 0,       44.05891806
          0,           0,          53,      -4.170515764,      -4.109791011,      -3.954334838,      -3.560323475,             0.448,    0.007780026762,      0.3433363154,                 0,                 0,                 0,     0.07796765438,    0.004553503797,      0.3433942631,                 0,       44.13048001
          0,           0,          54,      -4.410005898,        -4.2802566,      -4.378593379,      -3.817265478,             0.448,     0.00773512752,      0.3410220356,                 0,                 0,                 0,     0.07729304195,    0.004530352802,      0.3410796635,                 0,       44.08744842
          0,           0,          55,      -4.601606269,      -4.419302486,      -4.613231313,       -3.99394885,             0.448,    0.007675507714,      0.3374276057,                 0,                 0,                 0,     0.07638718357,    0.004504510896,      0.3374848321,                 0,       43.96160076
          0,           0,          56,      -4.751971415,       -4.61668596,      -4.678158193,      -4.157636807,             0.448,     0.00764725116,      0.3342149697,                 0,                 0,                 0,     0.07577285851,    0.004506443309,      0.3342720724,                 0,       43.70393527
          0,           0,          57,      -4.838344622,      -4.723965425,      -4.803281231,       -4.24681294,             0.448,      0.0076261415,      0.3324621228,                 0,                 0,                 0,     0.07565941809,    0.004501805307,      0.3325191046,                 0,       43.59506348
          0,           0,          58,      -4.951876033,      -4.817342123,        -4.9359098,      -4.361541339,             0.448,    0.007609538183,      0.3321474522,                 0,                 0,                 0,     0.07593470958,    0.004488159545,      0.3322042918,                 0,        43.6488318
          0,           0,          59,      -4.978921183,       -4.84751532,      -5.002706132,      -4.387605926,             0.448,    0.007592015509,      0.3322744676,                 0,                 0,                 0,      0.0762589348,    0.004469444136,       0.332331137,                 0,       43.76630517
          0,           0,          60,      -5.023879959,      -4.909720352,      -5.046739507,      -4.432425172,             0.448,    0.007557375546,      0.3319884509,                 0,                 0,                 0,     0.07642352137,    0.004437493275,      0.3320448074,                 0,       43.92906623
          0,           0,          61,      -5.113710957,      -5.034641572,      -5.135894319,      -4.530701287,             0.448,    0.007525544095,      0.3313708144,                 0,                 0,                 0,     0.07648943516,    0.004411466887,      0.3314268991,                 0,       44.03280483
          0,           0,          62,      -5.171436665,      -5.119697447,      -5.252946838,      -4.596404094,             0.448,    0.007504676547,      0.3307597015,                 0,                 0,                 0,     0.07655257545,    0.004396342618,       0.330815617,                 0,       44.07381176
          0,           0,          63,      -5.197645723,      -5.157351113,      -5.316602102,      -4.621493398,             0.448,    0.007490159861,      0.3302519189,                 0,                 0,                 0,     0.07662831727,    0.004386597982,      0.3303077204,                 0,       44.09143796
          0,           0,          64,      -5.242743695,       -5.22389325,      -5.350466958,      -4.667548082,             0.448,    0.007481910517,      0.3298215908,                 0,                 0,                 0,     0.07670684477,    0.004382392603,      0.3298773338,                 0,       44.08253615
          0,           0,          65,      -5.299273747,      -5.312103635,      -5.434047261,      -4.729329196,             0.448,    0.007482212588,      0.3294630247,                 0,                 0,                 0,     0.07678904592,    0.004386063949,      0.3295187864,                 0,       44.03283398
          0,           0,          66,      -5.342223063,      -5.387308184,       -5.56315116,      -4.775581742,             0.448,    0.007490751299,      0.3291772092,                 0,                 0,                 0,      0.0768744874,    0.004397287964,      0.3292330638,                 0,       43.94448515
          0,           0,          67,       -5.37783265,      -5.447085014,      -5.648769626,      -4.811016113,             0.448,    0.007505348548,      0.3289341659,                 0,                 0,                 0,     0.07695275865,    0.004414168339,      0.3289901684,                 0,       43.82663428
          0,           0,          68,      -5.414524641,      -5.498410229,      -5.672453673,      -4.846734484,             0.448,    0.007524974865,      0.3286928812,                 0,                 0,                 0,     0.07701653115,    0.004436061035,      0.3287490788,                 0,       43.68026301
          0,           0,          69,      -5.450572655,      -5.545498755,       -5.70410067,      -4.882585133,             0.448,    0.007550131511,      0.3284528947,                 0,                 0,                 0,     0.07707033482,    0.004463471618,      0.3285093392,                 0,        43.5029369
          0,           0,          70,      -5.484638161,      -5.593302609,      -5.760152487,      -4.917507323,             0.448,    0.007581256371,      0.3282313425,                 0,                 0,                 0,     0.07712263603,    0.004496676932,      0.3282880893,                 0,       43.29511185
          0,           0,          71,      -5.517360608,      -5.644045461,      -5.821931538,      -4.951772943,             0.448,    0.007617765917,      0.3280311904,                 0,                 0,                 0,     0.07717622558,    0.004535065607,       0.328088289,                 0,       43.06133766
          0,           0,          72,      -5.546215044,      -5.693617153,      -5.873265395,      -4.982254056,             0.448,    0.007658797521,      0.3278422434,                 0,                 0,                 0,      0.0772294448,     0.00457787085,      0.3278997359,                 0,       42.80596823
          0,           0,          73,       -5.56851936,      -5.737208716,      -5.913442737,      -5.005915814,             0.448,     0.00770356207,      0.3276580789,                 0,                 0,                 0,     0.07728160046,    0.004624363936,      0.3277160002,                 0,       42.53332107
          0,           0,          74,      -5.583169353,      -5.774395259,      -5.945163575,      -5.021854836,             0.448,    0.007751179972,      0.3274810549,                 0,                 0,                 0,     0.07733433909,    0.004673643151,      0.3275394315,                 0,       42.24918736
          0,           0,          75,      -5.590479067,      -5.806020478,      -5.967867391,        -5.0306545,             0.448,    0.007800726438,      0.3273136907,                 0,                 0,                 0,     0.07738929537,    0.004724760078,      0.3273725402,                 0,       41.95938587
          0,           0,          76,      -5.591197396,      -5.832031018,      -5.981272653,      -5.032957907,             0.448,    0.007851428922,      0.3271532717,                 0,                 0,                 0,     0.07744658602,     0.00477696771,      0.3272126047,                 0,       41.66799126
          0,           0,          77,      -5.586303198,      -5.852627305,       -5.98724126,      -5.029485735,             0.448,    0.007902726491,      0.3269955799,                 0,                 0,                 0,     0.07750571636,    0.004829744773,      0.3270554019,                 0,       41.37756511
          0,           0,          78,       -5.57698638,      -5.868507862,      -5.989204704,      -5.021296512,             0.448,    0.007953911263,      0.3268378964,                 0,                 0,                 0,     0.07756591891,    0.004882408969,      0.3268982063,                 0,       41.09146878
          0,           0,          79,      -5.564400508,       -5.88055525,        -5.9902425,      -5.009552817,             0.448,    0.008004015191,      0.3266783166,                 0,                 0,                 0,     0.07762596896,    0.004934010185,      0.3267391044,                 0,       40.81430492
          0,           0,          80,      -5.549965855,      -5.889358941,      -5.991579163,      -4.995741811,             0.448,     0.00805320234,      0.3265214219,                 0,                 0,                 0,     0.07768782811,    0.004984669432,      0.3265826789,                 0,       40.54553806
          0,           0,          81,      -5.534796358,      -5.895340044,      -5.992986697,      -4.981019419,             0.448,     0.00810094354,      0.3263662979,                 0,                 0,                 0,     0.07775071972,    0.005033866157,      0.3264280102,                 0,        40.2874426
          0,           0,          82,      -5.519616597,      -5.898549051,      -5.993832425,      -4.966152538,             0.448,    0.008147006403,      0.3262123002,                 0,                 0,                 0,      0.0778143427,    0.005081374035,      0.3262744522,                 0,       40.04075657
          0,           0,          83,      -5.505032055,      -5.899241404,      -5.993840751,      -4.951775976,             0.448,    0.008191255556,      0.3260590244,                 0,                 0,                 0,     0.07787838067,    0.005127061499,      0.3261215989,                 0,       39.80574432
          0,           0,          84,      -5.491428948,      -5.897938852,      -5.993128941,      -4.938300962,             0.448,    0.008233499292,      0.3259058848,                 0,                 0,                 0,     0.07794215943,    0.005170742354,       0.325968863,                 0,       39.58291283
          0,           0,          85,      -5.478993868,      -5.895345168,      -5.992007282,      -4.925954742,             0.448,    0.008273570545,      0.3257524489,                 0,                 0,                 0,      0.0780049774,    0.005212253608,      0.3258158105,                 0,       39.37265624
          0,           0,          86,      -5.467785721,      -5.892184673,      -5.990829068,      -4.914822837,             0.448,    0.008311382852,      0.3255984623,                 0,                 0,                 0,     0.07806624977,    0.005251511189,      0.3256621859,                 0,        39.1750047
          0,           0,          87,      -5.457786717,      -5.889127499,      -5.989777305,       -4.90490001,             0.448,    0.008346929227,      0.3254436688,                 0,                 0,                 0,     0.07812546286,    0.005288510521,      0.3255077333,                 0,        38.9896284
          0,           0,          88,      -5.448859554,      -5.886524704,      -5.988951139,      -4.896038137,             0.448,    0.008380294536,      0.3252879913,                 0,                 0,                 0,     0.07818225968,     0.00532333719,      0.3253523762,                 0,       38.81581845
          0,           0,          89,      -5.441266204,      -5.884720592,      -5.988620143,      -4.888540866,             0.448,    0.008411575422,      0.3251312935,                 0,                 0,                 0,     0.07823624716,    0.005356089114,      0.3251959793,                 0,       38.65284173
          0,           0,          90,      -5.434929145,      -5.883868723,      -5.988856474,      -4.882347215,             0.448,    0.008440749803,      0.3249726951,                 0,                 0,                 0,     0.07828666446,    0.005386752487,       0.325037662,                 0,       38.50045348
          0,           0,          91,      -5.429717126,      -5.884023222,      -5.989647336,      -4.877335105,             0.448,    0.008467916571,       0.324811717,                 0,                 0,                 0,     0.07833310123,    0.005415430695,      0.3248769463,                 0,       38.35792598
          0,           0,          92,       -5.42547973,       -5.88519385,      -5.990914795,      -4.873340724,             0.448,    0.008493247833,      0.3246481009,                 0,                 0,                 0,     0.07837540585,    0.005442298266,      0.3247135755,                 0,       38.22425853
          0,           0,          93,      -5.421916737,      -5.887293292,      -5.992715751,       -4.87002578,             0.448,    0.008516786952,      0.3244803366,                 0,                 0,                 0,     0.07841301782,    0.005467412754,      0.3245460397,                 0,       38.09891434
          0,           0,          94,      -5.419285024,       -5.89012925,      -5.995064645,      -4.867712771,             0.448,     0.00853916228,      0.3243109329,                 0,                 0,                 0,     0.07844741882,    0.005491378905,      0.3243768538,                 0,        37.9792446
          0,           0,          95,       -5.41733337,      -5.893530245,      -5.997492808,      -4.866129986,             0.448,     0.00856035175,      0.3241382965,                 0,                 0,                 0,     0.07847807541,    0.005514189628,      0.3242044241,                 0,       37.86506746
          0,           0,          96,      -5.415666296,      -5.897685435,      -5.999846318,      -4.864779488,             0.448,    0.008580188127,      0.3239627383,                 0,                 0,                 0,     0.07850461016,    0.005535674771,      0.3240290601,                 0,       37.75706704
          0,           0,          97,      -5.414314194,      -5.902786752,      -6.002243462,      -4.863717673,             0.448,    0.008598904582,      0.3237862357,                 0,                 0,                 0,     0.07852778023,    0.005556048917,      0.3238527411,                 0,       37.65435848
          0,           0,          98,      -5.413655425,      -5.908793182,      -6.004883997,      -4.863414677,             0.448,    0.008616726811,      0.3236080156,                 0,                 0,                 0,     0.07854796937,    0.005575545015,      0.3236746963,                 0,       37.55579383
          0,           0,          99,      -5.413320219,      -5.915484004,      -6.007828001,      -4.863423006,             0.448,    0.008633717779,       0.323427664,                 0,                 0,                 0,     0.07856540644,    0.005594229917,      0.3234945123,                 0,       37.46099563
          0,           0,         100,      -5.413178503,      -5.922795035,      -6.010662244,      -4.863601847,             0.448,    0.008649898363,      0.3232454558,                 0,                 0,                 0,     0.07858050221,    0.005612121916,      0.3233124643,                 0,       37.36985595
          0,           0,         101,      -5.413486435,      -5.930757344,      -6.013188638,      -4.864224613,             0.448,    0.008742910985,      0.3230596527,                 0,                 0,                 0,     0.07859353172,    0.005629202997,      0.3231289058,                 0,        36.9510399
          0,           0,         102,      -4.665730745,      -4.644143867,      -4.474918662,      -4.060799386,             0.448,    0.008757152127,      0.3228813998,                 0,                 0,                 0,     0.07860526315,    0.005645161288,      0.3229507985,                 0,        36.8705939
          0,           0,         103,      -4.945147882,      -4.905937985,      -4.752069017,      -4.340435085,             0.448,    0.008771344238,       0.322797207,                 0,                 0,                 0,     0.07864026333,    0.005660164099,      0.3228667463,                 0,       36.80133834
          0,           0,         104,      -5.142333234,      -5.075076194,      -5.174037992,      -4.559904978,             0.448,    0.008788608166,      0.3230150428,                 0,                 0,                 0,     0.07875246804,    0.005675327958,      0.3230847383,                 0,       36.75383367
          0,           0,         105,      -5.265510243,      -5.207913356,      -5.398204834,      -4.682567463,             0.448,    0.008807440926,      0.3234447457,                 0,                 0,                 0,     0.07890172688,    0.005690018828,      0.3235146028,                 0,       36.72403238
          0,           0,         106,       -5.33490322,      -5.397695473,      -5.457845802,      -4.767631125,             0.448,     0.00882058744,      0.3238106053,                 0,                 0,                 0,     0.07900255077,    0.005699638969,      0.3238805721,                 0,        36.7107755
          0,           0,         107,      -5.366333795,      -5.502345166,      -5.574302702,      -4.804126165,             0.448,     0.00883199593,       0.323935204,                 0,                 0,                 0,       0.079022314,    0.005709846182,      0.3240052749,                 0,         36.677463
          0,           0,         108,      -5.397760934,      -5.588081829,      -5.692565243,      -4.840121047,             0.448,     0.00884258706,      0.3238367331,                 0,                 0,                 0,     0.07898416045,    0.005721385777,      0.3239069107,                 0,       36.62239692
          0,           0,         109,      -5.407169678,      -5.611760184,      -5.751017199,      -4.850152405,             0.448,    0.008852653795,      0.3236728392,                 0,                 0,                 0,     0.07893856332,    0.005733031478,      0.3237431214,                 0,       36.56223848
          0,           0,         110,      -5.419571099,      -5.659202123,      -5.787051083,      -4.863635641,             0.448,    0.008864926963,      0.3235713611,                 0,                 0,                 0,     0.07891688848,    0.005746282013,      0.3236417663,                 0,       36.50017224
          0,           0,         111,      -5.437308696,      -5.750026398,      -5.851052046,      -4.884504724,             0.448,    0.008876746621,      0.3235283784,                 0,                 0,                 0,     0.07891182779,    0.005758515343,      0.3235988995,                 0,       36.44672899
          0,           0,         112,      -5.449393298,      -5.808611796,      -5.925666759,         -4.898384,             0.448,     0.00888641405,      0.3234944373,                 0,                 0,                 0,     0.07890913613,    0.005768509411,      0.3235650532,                 0,       36.40325957
          0,           0,         113,      -5.458893995,      -5.837860714,      -5.961261211,      -4.908157907,             0.448,     0.00889456811,      0.3234486989,                 0,                 0,                 0,     0.07890521202,    0.005777103871,      0.3235193954,                 0,       36.36474473
          0,           0,         114,      -5.470758224,      -5.881935354,      -5.978760122,      -4.920481935,             0.448,    0.008901350827,      0.3233939798,                 0,                 0,                 0,     0.07890128246,    0.005784413597,      0.3234647442,                 0,       36.33088798
          0,           0,         115,      -5.483866176,      -5.934496327,      -6.016334895,      -4.934296509,             0.448,    0.008906493378,      0.3233331357,                 0,                 0,                 0,        0.07889759,    0.005790142258,      0.3234039526,                 0,       36.30307934
          0,           0,         116,      -5.496447929,       -5.98077509,      -6.061970795,      -4.947289865,             0.448,    0.008910077483,      0.3232663761,                 0,                 0,                 0,     0.07889422315,    0.005794369554,      0.3233372306,                 0,       36.28098372
          0,           0,         117,      -5.508956881,      -6.020828335,      -6.089332866,      -4.959971616,             0.448,    0.008912463869,      0.3231970655,                 0,                 0,                 0,     0.07889231004,     0.00579742377,      0.3232679462,                 0,       36.26349237
          0,           0,         118,      -5.522396934,       -6.05603333,      -6.103958576,       -4.97353183,             0.448,    0.008913894286,      0.3231301376,                 0,                 0,                 0,     0.07889281182,      0.0057994991,      0.3232010352,                 0,       36.25016488
          0,           0,         119,      -5.536422048,      -6.087831956,      -6.120251971,      -4.987598035,             0.448,    0.008914305239,      0.3230680025,                 0,                 0,                 0,     0.07889536487,    0.005800508825,       0.323138907,                 0,       36.24152347
          0,           0,         120,      -5.550691285,      -6.118763862,      -6.139671996,      -5.001824696,             0.448,    0.008913602208,      0.3230091549,                 0,                 0,                 0,     0.07889852207,    0.005800372938,      0.3230800553,                 0,       36.23777989
          0,           0,         121,      -5.565092102,       -6.15041202,      -6.158602572,      -5.016140291,             0.448,    0.008911915555,       0.322951656,                 0,                 0,                 0,     0.07890145886,    0.005799240476,      0.3230225428,                 0,       36.23818627
          0,           0,         122,      -5.579550346,      -6.182610026,      -6.175794469,      -5.030460018,             0.448,    0.008909448705,      0.3228965778,                 0,                 0,                 0,     0.07890442064,    0.005797304524,      0.3229674434,                 0,       36.24203792
          0,           0,         123,      -5.594079885,      -6.214391114,      -6.192047325,      -5.044786996,             0.448,    0.008906323068,      0.3228452817,                 0,                 0,                 0,     0.07890763039,    0.005794673369,      0.3229161196,                 0,        36.2489974
          0,           0,         124,      -5.608755603,      -6.245209027,      -6.208004018,      -5.059207223,             0.448,    0.008902633214,      0.3227976046,                 0,                 0,                 0,     0.07891083099,    0.005791443147,      0.3228684091,                 0,       36.25866604
          0,           0,         125,      -5.623677208,      -6.274710859,      -6.223840321,      -5.073811349,             0.448,    0.008898527249,      0.3227526606,                 0,                 0,                 0,     0.07891365234,    0.005787770495,      0.3228234276,                 0,       36.27034581
          0,           0,         126,       -5.63884239,      -6.303298667,      -6.240762285,      -5.088571463,             0.448,    0.008894164378,      0.3227104164,                 0,                 0,                 0,      0.0789159926,    0.005783814931,      0.3227811433,                 0,       36.28338792
          0,           0,         127,      -5.654212757,      -6.331332496,      -6.258619754,        -5.1035309,             0.448,    0.008889655957,      0.3226713531,                 0,                 0,                 0,     0.07891791068,    0.005779683169,      0.3227420385,                 0,       36.29739494
          0,           0,         128,       -5.67014971,      -6.359358271,      -6.277375015,      -5.119094913,             0.448,    0.008885106882,      0.3226357024,                 0,                 0,                 0,     0.07891955287,    0.005775477868,      0.3227063456,                 0,       36.31196639
          0,           0,         129,      -5.686643141,      -6.387962908,      -6.296944504,      -5.135186118,             0.448,    0.008880590719,      0.3226033717,                 0,                 0,                 0,     0.07892087852,    0.005771273484,      0.3226739728,                 0,       36.32679197
          0,           0,         130,      -5.703327833,      -6.416978885,      -6.317154038,      -5.151409755,             0.448,    0.008876137019,      0.3225740262,                 0,                 0,                 0,     0.07892173211,    0.005767102791,      0.3226445858,                 0,       36.34171324
          0,           0,         131,      -5.720167047,      -6.445880746,      -6.337643916,      -5.167780975,             0.448,    0.008871791885,      0.3225474026,                 0,                 0,                 0,     0.07892205458,    0.005763014428,      0.3226179215,                 0,       36.35651137
          0,           0,         132,      -5.737203671,       -6.47407327,      -6.358417818,      -5.184345142,             0.448,    0.008867606495,      0.3225233728,                 0,                 0,                 0,     0.07892188885,    0.005759060807,      0.3225938525,                 0,       36.37096131
          0,           0,         133,      -5.754530398,      -6.501036661,      -6.379665363,      -5.201191696,             0.448,    0.008863622352,       0.322501834,                 0,                 0,                 0,     0.07892131434,    0.005755284416,      0.3225722763,                 0,       36.38487981
          0,           0,         134,      -5.772225458,       -6.52645756,      -6.401518011,      -5.218403346,             0.448,    0.008859855996,      0.3224826423,                 0,                 0,                 0,      0.0789203807,    0.005751703184,      0.3225530492,                 0,       36.39818101
          0,           0,         135,      -5.790355381,      -6.550265754,      -6.423949326,      -5.236049885,             0.448,    0.008856312486,      0.3224656288,                 0,                 0,                 0,     0.07891912483,    0.005748323797,      0.3225360023,                 0,       36.41082327
          0,           0,         136,      -5.808974677,      -6.572539983,      -6.446877469,      -5.254186928,             0.448,    0.008852997009,      0.3224505268,                 0,                 0,                 0,     0.07891758395,     0.00574515401,      0.3225208691,                 0,       36.42275339
          0,           0,         137,      -5.828278707,      -6.593410883,      -6.470171449,      -5.273024806,             0.448,    0.008849909375,      0.3224371502,                 0,                 0,                 0,     0.07891582033,    0.005742195429,      0.3225074634,                 0,       36.43394938
          0,           0,         138,      -5.848602371,      -6.613052947,      -6.493734844,      -5.292909592,             0.448,    0.008847032258,      0.3224255881,                 0,                 0,                 0,     0.07891389912,    0.005739429868,      0.3224958741,                 0,       36.44449107
          0,           0,         139,      -5.869454553,      -6.631916223,      -6.517731864,      -5.313295324,             0.448,     0.00884435194,      0.3224156605,                 0,                 0,                 0,     0.07891182918,    0.005736845346,      0.3224859211,                 0,       36.45441324
          0,           0,         140,      -5.890911381,      -6.650166333,      -6.541952783,      -5.334329369,             0.448,    0.008841864647,      0.3224071981,                 0,                 0,                 0,     0.07890967752,     0.00573443972,      0.3224774351,                 0,        36.4637111
          0,           0,         141,      -5.913007193,      -6.667934402,      -6.566367147,       -5.35604382,             0.448,    0.008839554779,      0.3224001998,                 0,                 0,                 0,     0.07890752919,    0.005732197402,      0.3224704149,                 0,       36.47244775
          0,           0,         142,       -5.93580182,      -6.685401491,      -6.591101822,      -5.378479538,             0.448,    0.008837394842,      0.3223946379,                 0,                 0,                 0,      0.0789054281,    0.005730091165,      0.3224648324,                 0,       36.48073258
          0,           0,         143,      -5.959359599,      -6.702716397,      -6.616268562,      -5.401694699,             0.448,    0.008835358329,      0.3223903937,                 0,                 0,                 0,     0.07890338214,    0.005728095647,      0.3224605688,                 0,       36.48866087
          0,           0,         144,      -5.983717381,      -6.719970071,       -6.64181714,      -5.425724409,             0.448,    0.008833423814,      0.3223874543,                 0,                 0,                 0,     0.07890142371,    0.005726189549,      0.3224576109,                 0,        36.4963191
          0,           0,         145,      -6.008952094,      -6.737123013,      -6.667650252,      -5.450640559,             0.448,     0.00883156882,      0.3223856966,                 0,                 0,                 0,     0.07889954952,     0.00572435158,      0.3224558354,                 0,       36.50378581
          0,           0,         146,      -6.035083394,      -6.754127416,      -6.693685213,      -5.476459565,             0.448,    0.008829773758,      0.3223850292,                 0,                 0,                 0,     0.07889775905,    0.005722563033,      0.3224551508,                 0,       36.51113132
          0,           0,         147,      -6.062141783,      -6.770822301,       -6.71992129,      -5.503212342,             0.448,    0.008828016832,      0.3223853952,                 0,                 0,                 0,     0.07889604423,    0.005720802661,      0.3224554997,                 0,       36.51843911
          0,           0,         148,       -6.09014302,      -6.787312489,      -6.746337083,        -5.5309103,             0.448,    0.008826281051,       0.322386737,                 0,                 0,                 0,     0.07889439106,     0.00571905403,      0.3224568248,                 0,       36.52577288
          0,           0,         149,      -6.119103831,      -6.803604718,      -6.772856687,        -5.5595661,             0.448,    0.008824553355,      0.3223889779,                 0,                 0,                 0,      0.0788927722,    0.005717304819,      0.3224590489,                 0,       36.53317793
          0,           0,         150,      -6.149039996,      -6.819644087,      -6.799392064,      -5.589192581,             0.448,    0.008822821162,      0.3223920214,                 0,                 0,                 0,     0.07889114561,    0.005715543376,      0.3224620756,                 0,       36.54069548
          0,           0,         151,      -6.179960099,       -6.83536136,      -6.825860753,      -5.619796524,             0.448,    0.008922582735,      0.3223929583,                 0,                 0,                 0,     0.07888946425,    0.005713761435,      0.3224657889,                 0,       36.13224645
          0,           0,         152,      -4.555721204,      -4.526805046,      -4.357941435,      -3.949032542,             0.448,    0.008920751906,       0.322402873,                 0,                 0,                 0,     0.07888888156,    0.005711832028,      0.3224756848,                 0,       36.14077338
          0,           0,         153,      -4.852835629,      -4.791217179,      -4.635464652,      -4.242365416,             0.448,    0.008919354789,      0.3225405221,                 0,                 0,                 0,      0.0789195781,    0.005709065128,      0.3226133133,                 0,       36.16186706
          0,           0,         154,      -5.095330582,      -4.961592417,      -5.059787254,      -4.501841951,             0.448,     0.00892291555,      0.3230709045,                 0,                 0,                 0,     0.07905135143,    0.005707347472,      0.3231437047,                 0,       36.20687685
          0,           0,         155,      -5.293684799,      -5.101671139,      -5.295399852,      -4.683366685,             0.448,    0.008929831415,       0.323865083,                 0,                 0,                 0,     0.07923075481,    0.005706359515,      0.3239379128,                 0,       36.26777125
          0,           0,         156,      -5.455753756,      -5.299621866,      -5.361140717,      -4.856931394,             0.448,    0.008930310693,      0.3245792831,                 0,                 0,                 0,     0.07934908157,    0.005699731216,      0.3246520823,                 0,       36.34579963
          0,           0,         157,      -5.551719082,      -5.405712984,      -5.486470951,      -4.953923974,             0.448,    0.008929361008,      0.3249905938,                 0,                 0,                 0,     0.07936230325,    0.005694688311,      0.3250633631,                 0,       36.39572792
          0,           0,         158,      -5.686202392,      -5.498809171,      -5.618825044,      -5.085471767,             0.448,    0.008927712583,      0.3250978621,                 0,                 0,                 0,     0.07929337927,    0.005691972458,      0.3251706098,                 0,       36.41446329
          0,           0,         159,      -5.717023194,      -5.530682011,      -5.684451038,      -5.114652561,             0.448,    0.008926852769,      0.3251135869,                 0,                 0,                 0,     0.07921537863,    0.005690956197,      0.3251863252,                 0,       36.41973217
          0,           0,         160,      -5.769880512,      -5.595823207,      -5.728282411,      -5.165972749,             0.448,     0.00893001787,       0.325217505,                 0,                 0,                 0,     0.07917170865,    0.005693086972,      0.3252902697,                 0,       36.41846072
          0,           0,         161,      -5.886136873,      -5.726423323,      -5.817654474,      -5.288498704,             0.448,    0.008932955723,      0.3253888069,                 0,                 0,                 0,     0.07914893264,    0.005694319924,      0.3254615923,                 0,       36.42565988
          0,           0,         162,      -5.959179672,       -5.81633422,      -5.933363262,      -5.371090751,             0.448,    0.008933700785,      0.3255557984,                 0,                 0,                 0,     0.07912635502,    0.005693403089,      0.3256285829,                 0,       36.44131432
          0,           0,         163,      -5.979925271,      -5.855491485,      -5.995920045,      -5.391790622,             0.448,    0.008933075488,      0.3256992939,                 0,                 0,                 0,     0.07910097548,    0.005691349789,      0.3257720652,                 0,       36.45992854
          0,           0,         164,      -6.026679635,      -5.926823305,      -6.030797573,      -5.441142902,             0.448,    0.008931172496,      0.3258254354,                 0,                 0,                 0,     0.07907522602,     0.00568819156,      0.3258981814,                 0,        36.4818209
          0,           0,         165,      -6.080621051,      -6.021624267,       -6.11406478,      -5.504689021,             0.448,     0.00892761061,      0.3259356262,                 0,                 0,                 0,     0.07904915762,    0.005683533258,      0.3260083313,                 0,        36.5087189
          0,           0,         166,       -6.09839645,      -6.099339093,      -6.236039313,      -5.530215181,             0.448,    0.008922525719,      0.3260297686,                 0,                 0,                 0,     0.07902322595,    0.005677511735,      0.3261024185,                 0,       36.54007608
          0,           0,         167,      -6.096440683,      -6.158097408,      -6.307514886,       -5.53151675,             0.448,    0.008916391206,      0.3261147306,                 0,                 0,                 0,     0.07899969628,    0.005670532004,      0.3261873152,                 0,       36.57474454
          0,           0,         168,      -6.089724259,      -6.207809071,      -6.321695134,      -5.527575738,             0.448,    0.008909397071,      0.3261986697,                 0,                 0,                 0,     0.07897989131,    0.005662702873,      0.3262711805,                 0,       36.61287819
          0,           0,         169,      -6.077973806,      -6.253435855,       -6.34292884,      -5.518981484,             0.448,    0.008901411004,      0.3262818873,                 0,                 0,                 0,     0.07896262823,    0.005653889039,      0.3263543146,                 0,       36.65507493
          0,           0,         170,      -6.062773161,      -6.298659564,      -6.380199884,      -5.506729296,             0.448,    0.008892375063,      0.3263604527,                 0,                 0,                 0,     0.07894601067,    0.005644071682,      0.3264327861,                 0,       36.70115693
          0,           0,         171,      -6.046150272,      -6.343011002,      -6.416026497,      -5.492475909,             0.448,    0.008882436742,      0.3264337737,                 0,                 0,                 0,     0.07892950372,    0.005633404179,      0.3265060046,                 0,       36.75047548
          0,           0,         172,      -6.028537806,      -6.381089088,      -6.441083073,      -5.476488629,             0.448,    0.008871775918,      0.3265043005,                 0,                 0,                 0,     0.07891352978,    0.005622042017,      0.3265764218,                 0,       36.80258648
          0,           0,         173,      -6.010420781,      -6.409699641,       -6.45773341,      -5.459320643,             0.448,    0.008860539355,      0.3265733624,                 0,                 0,                 0,     0.07889818395,    0.005610118722,      0.3266453685,                 0,        36.8570523
          0,           0,         174,      -5.992662642,      -6.430078444,      -6.468840678,      -5.442093159,             0.448,    0.008848900541,      0.3266403515,                 0,                 0,                 0,     0.07888306143,    0.005597813825,      0.3267122385,                 0,       36.91310011
          0,           0,         175,      -5.975932556,      -6.443698705,      -6.475101133,      -5.425669457,             0.448,    0.008837051017,      0.3267047527,                 0,                 0,                 0,     0.07886780273,    0.005585323982,      0.3267765185,                 0,       36.96988419
          0,           0,         176,      -5.960547152,      -6.451434306,      -6.477326269,      -5.410431198,             0.448,    0.008825148795,      0.3267670495,                 0,                 0,                 0,      0.0788523481,    0.005572802386,      0.3268386938,                 0,       37.02680341
          0,           0,         177,      -5.946591806,      -6.454523854,       -6.47700166,      -5.396491597,             0.448,    0.008813306784,       0.326828012,                 0,                 0,                 0,     0.07883676577,    0.005560354277,      0.3268995355,                 0,       37.08347162
          0,           0,         178,      -5.934067264,      -6.454266449,      -6.475846021,      -5.383885579,             0.448,    0.008801622465,      0.3268878986,                 0,                 0,                 0,     0.07882105867,    0.005548074559,      0.3269593028,                 0,       37.13950467
          0,           0,         179,      -5.922965974,      -6.451784288,      -6.475045588,      -5.372642237,             0.448,    0.008790193726,      0.3269465081,                 0,                 0,                 0,     0.07880516467,    0.005536063118,      0.3270177956,                 0,        37.1944599
          0,           0,         180,      -5.913278458,      -6.448106119,      -6.474898429,       -5.36278225,             0.448,    0.008779111259,       0.327003645,                 0,                 0,                 0,     0.07878905722,    0.005524412587,      0.3270748194,                 0,       37.24792127
          0,           0,         181,      -5.904974491,      -6.444007675,      -6.475229982,      -5.354293153,             0.448,    0.008768449315,      0.3270593577,                 0,                 0,                 0,     0.07877279834,    0.005513196731,      0.3271304232,                 0,       37.29956643
          0,           0,         182,      -5.897994705,      -6.439910222,      -6.475860888,      -5.347121652,             0.448,    0.008758264481,       0.327113852,                 0,                 0,                 0,     0.07875651448,    0.005502470087,      0.3271848135,                 0,       37.34916349
          0,           0,         183,      -5.892279108,      -6.436038258,      -6.476714449,      -5.341210927,             0.448,    0.008748597379,      0.3271673283,                 0,                 0,                 0,     0.07874034752,     0.00549227128,      0.3272381909,                 0,       37.39654645
          0,           0,         184,      -5.887771043,      -6.432597685,      -6.477775345,        -5.3365095,             0.448,    0.008739473429,      0.3272199014,                 0,                 0,                 0,     0.07872442365,    0.005482624586,      0.3272906706,                 0,       37.44160378
          0,           0,         185,      -5.884412843,      -6.429841169,      -6.479074708,      -5.332964943,             0.448,    0.008730905222,      0.3272716271,                 0,                 0,                 0,     0.07870885595,    0.005473542042,      0.3273423085,                 0,       37.48427211
          0,           0,         186,      -5.882147085,      -6.428037332,      -6.480691081,      -5.330524204,             0.448,    0.008722894452,      0.3273225422,                 0,                 0,                 0,      0.0786937514,    0.005465024973,      0.3273931413,                 0,       37.52453316
          0,           0,         187,      -5.880915337,      -6.427403065,      -6.482730841,       -5.32913258,             0.448,    0.008715433904,      0.3273727109,                 0,                 0,                 0,     0.07867921819,    0.005457065528,      0.3274432333,                 0,       37.56241106
          0,           0,         188,      -5.880655486,      -6.428056734,      -6.485288051,      -5.328730431,             0.448,    0.008708509757,      0.3274222007,                 0,                 0,                 0,       0.078665359,    0.005449649212,      0.3274926518,                 0,       37.59795991
          0,           0,         189,      -5.881300776,      -6.430013638,      -6.488403718,      -5.329251806,             0.448,    0.008702099966,      0.3274711212,                 0,                 0,                 0,       0.078652274,    0.005442752894,      0.3275415061,                 0,       37.63127549
          0,           0,         190,      -5.882817699,      -6.433219953,      -6.492086607,      -5.330664815,             0.448,    0.008696138931,      0.3275192634,                 0,                 0,                 0,     0.07863991941,    0.005436313054,      0.3275895866,                 0,       37.66260705
          0,           0,         191,      -5.885170292,       -6.43767399,      -6.496421494,      -5.332934319,             0.448,    0.008690727296,      0.3275674937,                 0,                 0,                 0,     0.07862878855,     0.00543042171,      0.3276377606,                 0,       37.69160883
          0,           0,         192,      -5.888234569,      -6.443324355,      -6.501566268,      -5.335928676,             0.448,    0.008685704657,      0.3276153041,                 0,                 0,                 0,     0.07861853175,    0.005424923521,      0.3276855187,                 0,       37.71890907
          0,           0,         193,      -5.891876897,      -6.449867798,      -6.507083617,      -5.339519234,             0.448,    0.008681010906,       0.327662736,                 0,                 0,                 0,     0.07860911949,    0.005419757972,      0.3277329015,                 0,       37.74476723
          0,           0,         194,      -5.896059699,      -6.457150297,      -6.512850096,      -5.343663051,             0.448,    0.008676657131,      0.3277099936,                 0,                 0,                 0,      0.0786007092,    0.005414934116,      0.3277801134,                 0,       37.76915333
          0,           0,         195,      -5.900807654,      -6.465205804,      -6.518871593,       -5.34840217,             0.448,    0.008672600393,      0.3277570829,                 0,                 0,                 0,     0.07859326203,    0.005410408956,      0.3278271601,                 0,       37.79225008
          0,           0,         196,      -5.906040552,      -6.473964024,      -6.525115226,      -5.353670623,             0.448,    0.008668782921,      0.3278039125,                 0,                 0,                 0,      0.0785866431,    0.005406125636,      0.3278739494,                 0,       37.81429475
          0,           0,         197,       -5.91171746,      -6.483341975,      -6.531668631,       -5.35938825,             0.448,    0.008665172236,      0.3278503971,                 0,                 0,                 0,     0.07858075511,    0.005402052527,      0.3279203957,                 0,       37.83541609
          0,           0,         198,      -5.917809349,      -6.493266361,      -6.538597707,      -5.365503367,             0.448,    0.008661752117,      0.3278965089,                 0,                 0,                 0,     0.07857554422,    0.005398173684,      0.3279664711,                 0,       37.85567913
          0,           0,         199,      -5.924274942,      -6.503714107,      -6.545840733,      -5.371991995,             0.448,     0.00865850505,      0.3279422716,                 0,                 0,                 0,     0.07857095585,    0.005394471357,      0.3280121993,                 0,       37.87516087
          0,           0,         200,       -5.93107341,      -6.514737353,      -6.553342726,      -5.378819978,             0.448,    0.008655416664,      0.3279876683,                 0,                 0,                 0,     0.07856692005,    0.005390931346,       0.328057563,                 0,        37.8939202
          0,           0,         201,      -5.938170387,      -6.526356885,      -6.561109924,      -5.385948335,             0.448,    0.008595581858,      0.3280341386,                 0,                 0,                 0,     0.07856337204,    0.005387548728,       0.328102506,                 0,       38.16311031
          0,           0,         202,      -4.813460089,      -4.785913908,      -4.616817138,      -4.207073766,             0.448,    0.008592831607,      0.3280751655,                 0,                 0,                 0,     0.07855963934,    0.005384397434,       0.328143504,                 0,       38.18009947
          0,           0,         203,      -5.108044254,      -5.049659489,      -4.894323713,      -4.498402803,             0.448,    0.008589902188,      0.3280467035,                 0,                 0,                 0,     0.07853895775,    0.005381746466,      0.3281150147,                 0,       38.18980662
          0,           0,         204,      -5.342413783,      -5.220043629,      -5.318550365,      -4.750835496,             0.448,    0.008584354893,      0.3278003629,                 0,                 0,                 0,     0.07846244719,    0.005378608234,      0.3278686317,                 0,       38.18578879
          0,           0,         205,      -5.524553356,      -5.358302509,      -5.552053139,      -4.920421285,             0.448,     0.00857718116,      0.3274064739,                 0,                 0,                 0,     0.07835974288,    0.005375286415,      0.3274746914,                 0,       38.17180351
          0,           0,         206,      -5.660695736,       -5.55520878,       -5.61640435,      -5.071181246,             0.448,    0.008573715035,      0.3270561634,                 0,                 0,                 0,     0.07829090739,    0.005375245903,      0.3271243637,                 0,        38.1463767
          0,           0,         207,      -5.736250931,      -5.662931632,       -5.74106429,      -5.150663226,             0.448,    0.008571142101,      0.3268764139,                 0,                 0,                 0,     0.07828023749,     0.00537443074,      0.3269445977,                 0,       38.13685621
          0,           0,         208,      -5.830001199,      -5.756186034,      -5.873191695,      -5.247951528,             0.448,    0.008569027514,      0.3268611952,                 0,                 0,                 0,     0.07831374335,    0.005372465067,       0.326929359,                 0,       38.14449127
          0,           0,         209,      -5.855069092,      -5.785588457,      -5.940271876,      -5.272634415,             0.448,    0.008566776617,      0.3268959399,                 0,                 0,                 0,     0.07835266225,    0.005369874534,        0.32696408,                 0,       38.15856938
          0,           0,         210,      -5.892471828,      -5.845813385,      -5.983916662,      -5.310830384,             0.448,    0.008562535586,      0.3268837809,                 0,                 0,                 0,     0.07837331494,      0.0053657526,      0.3269518801,                 0,       38.17604933
          0,           0,         211,      -5.958731673,       -5.96654399,      -6.070681303,      -5.385447561,             0.448,    0.008558552215,       0.326832871,                 0,                 0,                 0,     0.07838240471,    0.005362267232,      0.3269009338,                 0,       38.18786903
          0,           0,         212,      -6.000866887,      -6.048532405,      -6.184210519,      -5.434007963,             0.448,    0.008555853329,      0.3267808257,                 0,                 0,                 0,     0.07839074049,    0.005360077391,      0.3268488645,                 0,       38.19383212
          0,           0,         213,      -6.023809316,      -6.085699225,      -6.245832312,      -5.456600757,             0.448,    0.008553979378,      0.3267398974,                 0,                 0,                 0,     0.07840044497,     0.00535860374,      0.3268079198,                 0,       38.19741467
          0,           0,         214,      -6.057735112,      -6.149404396,       -6.27796525,      -5.491733728,             0.448,    0.008552888875,      0.3267076266,                 0,                 0,                 0,     0.07841043165,    0.005357828842,        0.32677564,                 0,        38.1985118
          0,           0,         215,      -6.097217002,      -6.232826247,      -6.355905446,      -5.534982361,             0.448,    0.008552775519,      0.3266829753,                 0,                 0,                 0,     0.07842058106,    0.005357956541,      0.3267509887,                 0,       38.19613581
          0,           0,         216,      -6.129227322,      -6.305311661,      -6.472859005,      -5.569279798,             0.448,    0.008553588305,      0.3266657252,                 0,                 0,                 0,     0.07843081105,    0.005358937965,      0.3267337474,                 0,        38.1904896
          0,           0,         217,      -6.157508889,      -6.364640702,       -6.54912929,      -5.597923111,             0.448,    0.008555111698,      0.3266526021,                 0,                 0,                 0,     0.07844008004,    0.005360589606,      0.3267206398,                 0,       38.18215515
          0,           0,         218,      -6.186218157,      -6.415978378,      -6.573761101,      -5.626520372,             0.448,    0.008557209977,      0.3266394109,                 0,                 0,                 0,     0.07844760459,    0.005362816774,      0.3267074697,                 0,       38.17125111
          0,           0,         219,      -6.215078016,      -6.463660374,       -6.60523049,      -5.655468257,             0.448,    0.008559926099,      0.3266253151,                 0,                 0,                 0,     0.07845378642,    0.005365670598,      0.3266934012,                 0,       38.15749241
          0,           0,         220,      -6.243958557,      -6.512584142,      -6.656641627,      -5.684724586,             0.448,    0.008563309177,       0.326612101,                 0,                 0,                 0,     0.07845957151,    0.005369182727,      0.3266802208,                 0,       38.14087454
          0,           0,         221,      -6.273118967,      -6.564445497,      -6.712598098,       -5.71436809,             0.448,    0.008567298831,      0.3266004828,                 0,                 0,                 0,     0.07846537347,    0.005373285796,      0.3266686421,                 0,       38.12175683
          0,           0,         222,      -6.302001256,      -6.616165394,      -6.760923029,      -5.743576557,             0.448,    0.008571790837,      0.3265893981,                 0,                 0,                 0,     0.07847102411,    0.005377885977,       0.326657602,                 0,       38.10048616
          0,           0,         223,      -6.329705823,      -6.663924072,      -6.801549299,       -5.77131193,             0.448,    0.008576693596,      0.3265780143,                 0,                 0,                 0,      0.0784764243,    0.005382899815,      0.3266462666,                 0,        38.0773792
          0,           0,         224,      -6.355742957,      -6.706789923,      -6.836647451,      -5.797186815,             0.448,    0.008581908926,      0.3265666039,                 0,                 0,                 0,     0.07848178018,    0.005388226471,      0.3266349077,                 0,       38.05290952
          0,           0,         225,       -6.37991082,      -6.744647555,       -6.86546942,      -5.821166346,             0.448,    0.008587324298,      0.3265555859,                 0,                 0,                 0,     0.07848732246,    0.005393749322,      0.3266239432,                 0,        38.0276294
          0,           0,         226,      -6.401935122,      -6.776654359,      -6.887313153,      -5.843021871,             0.448,    0.008592841281,      0.3265447968,                 0,                 0,                 0,      0.0784931081,     0.00539937154,      0.3266132085,                 0,       38.00195839
          0,           0,         227,      -6.421423489,      -6.802497563,      -6.903235961,      -5.862333338,             0.448,     0.00859838994,      0.3265338332,                 0,                 0,                 0,     0.07849910355,    0.005405027139,      0.3266022998,                 0,       37.97616013
          0,           0,         228,      -6.437993293,      -6.822673923,       -6.91568441,      -5.878718799,             0.448,    0.008603914182,      0.3265225723,                 0,                 0,                 0,     0.07850531018,     0.00541066123,      0.3265910934,                 0,       37.95046828
          0,           0,         229,      -6.451427978,      -6.837805856,      -6.927084887,      -5.892004515,             0.448,     0.00860935843,      0.3265111843,                 0,                 0,                 0,     0.07851177087,    0.005416216573,      0.3265797592,                 0,       37.92514704
          0,           0,         230,      -6.461758298,      -6.848421332,      -6.938435394,      -5.902270609,             0.448,    0.008614670738,      0.3264998424,                 0,                 0,                 0,     0.07851850675,    0.005421639532,      0.3265684698,                 0,       37.90044359
          0,           0,         231,      -6.469209236,      -6.854905163,      -6.949439645,      -5.909762276,             0.448,    0.008619808995,      0.3264885701,                 0,                 0,                 0,     0.07852548517,    0.005426887768,      0.3265572482,                 0,       37.87654347
          0,           0,         232,      -6.474122803,      -6.857574913,      -6.959474468,      -5.914807025,             0.448,     0.00862474155,      0.3264772917,                 0,                 0,                 0,     0.07853263528,     0.00543193037,      0.3265460187,                 0,       37.85357391
          0,           0,         233,        -6.4769255,      -6.856953488,      -6.968100066,      -5.917805602,             0.448,    0.008629445336,        0.32646593,                 0,                 0,                 0,     0.07853987568,     0.00543674503,      0.3265347035,                 0,       37.83162385
          0,           0,         234,      -6.478098646,      -6.853895839,      -6.975123678,      -5.919223732,             0.448,    0.008633905154,      0.3264544499,                 0,                 0,                 0,     0.07854713169,    0.005441316891,      0.3265232675,                 0,       37.81075238
          0,           0,         235,      -6.478121439,      -6.849458358,       -6.98060438,      -5.919536762,             0.448,    0.008638112639,      0.3264428507,                 0,                 0,                 0,     0.07855433737,    0.005445637595,        0.32651171,                 0,       37.79099259
          0,           0,         236,      -6.477422761,      -6.844679956,      -6.984834712,      -5.919175584,             0.448,     0.00864206467,      0.3264311415,                 0,                 0,                 0,     0.07856143034,    0.005449703933,      0.3265000401,                 0,        37.7723558
          0,           0,         237,      -6.476355621,      -6.840404447,      -6.988228077,      -5.918496627,             0.448,    0.008645762585,       0.326419317,                 0,                 0,                 0,      0.0785683471,    0.005453517296,      0.3264882523,                 0,       37.75483236
          0,           0,         238,      -6.475189713,      -6.837194469,      -6.991178504,      -5.917772265,             0.448,    0.008649212031,      0.3264073486,                 0,                 0,                 0,     0.07857502231,    0.005457083608,      0.3264763181,                 0,       37.73839136
          0,           0,         239,      -6.474112333,      -6.835339185,      -6.993983076,      -5.917189819,             0.448,    0.008652397824,      0.3263949801,                 0,                 0,                 0,      0.0785813073,    0.005460390191,      0.3264639814,                 0,       37.72306668
          0,           0,         240,      -6.473779123,      -6.834710106,      -6.996832244,      -5.917518838,             0.448,     0.00865543136,      0.3263827369,                 0,                 0,                 0,     0.07858746218,    0.005463543301,      0.3264517684,                 0,       37.70843107
          0,           0,         241,      -6.473757367,      -6.835242832,      -6.998963331,      -5.918188735,             0.448,    0.008658242285,      0.3263701588,                 0,                 0,                 0,     0.07859317308,    0.005466477083,      0.3264392185,                 0,        37.6947362
          0,           0,         242,      -6.474130634,       -6.83737406,      -7.001373916,      -5.919209086,             0.448,    0.008660837559,      0.3263571918,                 0,                 0,                 0,     0.07859838031,    0.005469199029,      0.3264262775,                 0,       37.68194353
          0,           0,         243,      -6.474733119,      -6.841097704,      -7.004361339,      -5.920462301,             0.448,    0.008663269174,      0.3263439783,                 0,                 0,                 0,      0.0786031712,    0.005471759733,      0.3264130884,                 0,       37.66984169
          0,           0,         244,      -6.474766983,      -6.846132754,      -7.007493703,      -5.921092788,             0.448,    0.008665547559,      0.3263304338,                 0,                 0,                 0,     0.07860750532,    0.005474170451,      0.3263995668,                 0,       37.65837434
          0,           0,         245,      -6.474926223,      -6.852120531,      -7.010978472,      -5.921893888,             0.448,    0.008667682419,      0.3263164825,                 0,                 0,                 0,     0.07861135474,     0.00547644163,       0.326385637,                 0,       37.64748946
          0,           0,         246,      -6.475204186,      -6.858878437,      -7.014588016,       -5.92280337,             0.448,    0.008669683895,      0.3263020668,                 0,                 0,                 0,     0.07861471219,    0.005478583971,      0.3263712416,                 0,       37.63713542
          0,           0,         247,      -6.475572284,      -6.866375235,       -7.01810907,      -5.923776072,             0.448,    0.008671568063,      0.3262871871,                 0,                 0,                 0,     0.07861760714,    0.005480613548,       0.326356381,                 0,       37.62724167
          0,           0,         248,      -6.475996537,      -6.874532471,      -7.021465487,      -5.924769431,             0.448,    0.008673351627,      0.3262718807,                 0,                 0,                 0,     0.07862009013,    0.005482546697,      0.3263410928,                 0,       37.61773934
          0,           0,         249,      -6.476444874,      -6.883213216,       -7.02474623,      -5.925738012,             0.448,    0.008675048249,      0.3262561983,                 0,                 0,                 0,      0.0786222188,    0.005484396586,      0.3263254278,                 0,       37.60857449
          0,           0,         250,      -6.476900566,      -6.892306467,      -7.028066166,      -5.926653692,             0.448,    0.008676668527,      0.3262402063,                 0,                 0,                 0,     0.07862405612,    0.005486173162,      0.3263094523,                 0,       37.59970837
          0,           0,         251,      -6.477370395,      -6.901764652,       -7.03146198,       -5.92751786,             0.448,    0.008671381812,      0.3262241661,                 0,                 0,                 0,     0.07862566665,     0.00548788329,      0.3262932463,                 0,       37.62078215
          0,           0,         252,      -5.725861832,      -5.701995923,      -5.534460138,      -5.120579515,             0.448,    0.008672845707,      0.3262077641,                 0,                 0,                 0,       0.078626997,    0.005489507155,      0.3262768594,                 0,       37.61254093
          0,           0,         253,      -6.002684697,      -5.965453811,      -5.810934191,      -5.398531461,             0.448,    0.008674255728,      0.3261824672,                 0,                 0,                 0,      0.0786261466,     0.00549116394,      0.3262515774,                 0,        37.6035106
          0,           0,         254,       -6.20148755,       -6.13235142,      -6.230180098,      -5.619394481,             0.448,    0.008675281316,      0.3261315182,                 0,                 0,                 0,     0.07861859534,    0.005492686607,      0.3262006408,                 0,       37.59319223
          0,           0,         255,      -6.325988679,      -6.272572503,      -6.458655863,      -5.743078233,             0.448,    0.008675992934,      0.3260633585,                 0,                 0,                 0,     0.07860777951,    0.005494063249,      0.3261324913,                 0,       37.58225266
          0,           0,         256,      -6.396039698,      -6.459822534,      -6.523655692,      -5.828557216,             0.448,    0.008677066843,       0.326000554,                 0,                 0,                 0,     0.07860101181,    0.005495749913,      0.3260697003,                 0,       37.57036334
          0,           0,         257,      -6.422172131,      -6.547525215,      -6.635027991,      -5.859499523,             0.448,    0.008678215207,      0.3259569422,                 0,                 0,                 0,      0.0786013165,    0.005497323759,      0.3260261018,                 0,       37.56036632
          0,           0,         258,      -6.446086592,      -6.625109387,       -6.73828072,      -5.887961933,             0.448,    0.008679337462,      0.3259344894,                 0,                 0,                 0,     0.07860720403,    0.005498665041,       0.326003661,                 0,       37.55292277
          0,           0,         259,      -6.448548033,      -6.658678007,      -6.781419947,      -5.891495972,             0.448,    0.008680339136,      0.3259181354,                 0,                 0,                 0,     0.07861360748,    0.005499826238,      0.3259873175,                 0,        37.5467053
          0,           0,         260,      -6.453362839,      -6.721950121,      -6.811937586,      -5.897752728,             0.448,    0.008681016654,       0.325896301,                 0,                 0,                 0,     0.07861770884,     0.00550071677,      0.3259654908,                 0,       37.54125974
          0,           0,         261,      -6.461793202,      -6.829497311,       -6.86931095,      -5.909188093,             0.448,    0.008681652586,      0.3258707682,                 0,                 0,                 0,     0.07862055277,    0.005501601804,      0.3259399654,                 0,       37.53556883
          0,           0,         262,      -6.464841077,      -6.894375628,      -6.926891028,      -5.913917231,             0.448,    0.008682379088,      0.3258461766,                 0,                 0,                 0,     0.07862343726,     0.00550256822,      0.3259153821,                 0,       37.52959567
          0,           0,         263,      -6.465451509,      -6.922325233,      -6.952000207,      -5.914893893,             0.448,     0.00868314432,      0.3258237557,                 0,                 0,                 0,     0.07862650923,    0.005503552185,      0.3258929697,                 0,       37.52370613
          0,           0,         264,      -6.467580417,      -6.968189692,      -6.967307834,      -5.917514206,             0.448,    0.008683948926,      0.3258030127,                 0,                 0,                 0,     0.07862961838,     0.00550455915,      0.3258722355,                 0,       37.51784073
          0,           0,         265,      -6.469742164,      -7.017920288,      -6.995886284,      -5.920209962,             0.448,    0.008684821039,      0.3257837482,                 0,                 0,                 0,     0.07863275322,    0.005505619192,      0.3258529805,                 0,       37.51185508
          0,           0,         266,      -6.470897776,      -7.050282943,      -7.023892774,      -5.921590871,             0.448,     0.00868575482,      0.3257659659,                 0,                 0,                 0,     0.07863587658,    0.005506726436,      0.3258352081,                 0,         37.505775
          0,           0,         267,       -6.47186499,       -7.07049075,      -7.035950069,      -5.922619697,             0.448,    0.008686725517,      0.3257492608,                 0,                 0,                 0,     0.07863884644,    0.005507860085,      0.3258185132,                 0,       37.49966085
          0,           0,         268,      -6.473181587,      -7.087362666,      -7.040151936,      -5.923953002,             0.448,    0.008687725146,      0.3257331092,                 0,                 0,                 0,     0.07864156438,    0.005509017264,      0.3258023721,                 0,       37.49348692
          0,           0,         269,      -6.474903248,      -7.104739471,      -7.046032983,      -5.925666752,             0.448,    0.008688764566,      0.3257174241,                 0,                 0,                 0,     0.07864407858,    0.005510209678,       0.325786698,                 0,       37.48719644
          0,           0,         270,      -6.476981337,      -7.122210621,      -7.054003791,      -5.927726156,             0.448,    0.008689850989,      0.3257024044,                 0,                 0,                 0,     0.07864649349,    0.005511442602,      0.3257716896,                 0,        37.4807813
          0,           0,         271,      -6.479367668,      -7.137778776,      -7.061796064,      -5.930088276,             0.448,    0.008690979286,      0.3256880932,                 0,                 0,                 0,     0.07864884554,    0.005512710486,      0.3257573901,                 0,       37.47426871
          0,           0,         272,      -6.482037185,      -7.150544193,      -7.068710585,      -5.932720649,             0.448,    0.008692140927,      0.3256743361,                 0,                 0,                 0,     0.07865110997,    0.005514006304,       0.325743645,                 0,       37.46767786
          0,           0,         273,      -6.485002703,      -7.161268834,      -7.075194779,      -5.935632472,             0.448,    0.008693328452,      0.3256610175,                 0,                 0,                 0,     0.07865327523,    0.005515323727,      0.3257303386,                 0,       37.46102765
          0,           0,         274,      -6.488296815,      -7.171073365,      -7.081567867,      -5.938862553,             0.448,    0.008694532219,       0.325648144,                 0,                 0,                 0,     0.07865536401,    0.005516653048,      0.3257174775,                 0,       37.45436049
          0,           0,         275,      -6.491943394,      -7.180412284,      -7.087851151,      -5.942441336,             0.448,    0.008695740049,      0.3256357382,                 0,                 0,                 0,     0.07865740182,    0.005517981868,      0.3257050841,                 0,       37.44773146
          0,           0,         276,      -6.495948771,      -7.189247046,      -7.094062124,      -5.946376269,             0.448,    0.008696940851,      0.3256237591,                 0,                 0,                 0,     0.07865939556,    0.005519299498,      0.3256931172,                 0,       37.44118359
          0,           0,         277,        -6.5003104,      -7.197476074,      -7.100311719,      -5.950663253,             0.448,    0.008698126057,      0.3256121402,                 0,                 0,                 0,     0.07866134264,    0.005520598018,      0.3256815104,                 0,       37.43474606
          0,           0,         278,      -6.505017947,      -7.205068493,      -7.106741974,      -5.955290043,             0.448,    0.008699288117,      0.3256008452,                 0,                 0,                 0,     0.07866324468,    0.005521870231,      0.3256702273,                 0,       37.42844711
          0,           0,         279,      -6.510088062,      -7.212122368,      -7.113437364,      -5.960275016,             0.448,    0.008700418959,      0.3255898776,                 0,                 0,                 0,     0.07866510838,    0.005523108034,      0.3256592713,                 0,       37.42232175
          0,           0,         280,      -6.515531528,      -7.218852732,      -7.120401737,      -5.965632107,             0.448,    0.008701510794,      0.3255792394,                 0,                 0,                 0,     0.07866693763,    0.005524303618,      0.3256486442,                 0,       37.41640355
          0,           0,         281,      -6.521338011,      -7.225546368,      -7.127621869,      -5.971349879,             0.448,    0.008702557482,      0.3255689166,                 0,                 0,                 0,     0.07866873089,    0.005525450979,      0.3256383322,                 0,       37.41071717
          0,           0,         282,      -6.527507959,      -7.232426013,      -7.135089224,      -5.977428235,             0.448,    0.008703554284,       0.325558889,                 0,                 0,                 0,     0.07867048262,    0.005526545576,      0.3256283148,                 0,       37.40528047
          0,           0,         283,      -6.534013262,      -7.239529334,      -7.142745081,      -5.983830558,             0.448,    0.008704497774,      0.3255491403,                 0,                 0,                 0,     0.07867218928,    0.005527584143,      0.3256185757,                 0,        37.4001061
          0,           0,         284,      -6.540743878,      -7.246547973,      -7.150857297,      -5.990401746,             0.448,    0.008705384774,      0.3255396421,                 0,                 0,                 0,     0.07867384075,    0.005528563778,      0.3256090866,                 0,        37.3952043
          0,           0,         285,      -6.547894693,      -7.254113698,      -7.160379102,      -5.997369166,             0.448,      0.0087062136,      0.3255303999,                 0,                 0,                 0,     0.07867543188,    0.005529482745,      0.3255998529,                 0,       37.39058273
          0,           0,         286,       -6.55538439,      -7.262135078,      -7.170811293,      -6.004723845,             0.448,    0.008706982543,      0.3255214039,                 0,                 0,                 0,     0.07867695084,    0.005530339429,      0.3255908648,                 0,       37.38624744
          0,           0,         287,      -6.563187531,      -7.270632428,      -7.181745647,      -6.012428168,             0.448,    0.008707691511,      0.3255126272,                 0,                 0,                 0,     0.07867838415,       0.005531134,      0.3255820955,                 0,       37.38219559
          0,           0,         288,      -6.571327394,      -7.279676851,      -7.192905871,      -6.020474989,             0.448,    0.008708342631,      0.3255040576,                 0,                 0,                 0,     0.07867972546,    0.005531868706,      0.3255735326,                 0,       37.37841646
          0,           0,         289,      -6.579808795,      -7.289316379,      -7.204167135,      -6.028857896,             0.448,    0.008708937907,      0.3254956921,                 0,                 0,                 0,     0.07868097022,    0.005532545578,      0.3255651734,                 0,         37.374901
          0,           0,         290,      -6.588622676,       -7.29954796,      -7.215513869,      -6.037568627,             0.448,    0.008709479439,      0.3254875209,                 0,                 0,                 0,     0.07868211191,    0.005533166814,      0.3255570078,                 0,       37.37163893
          0,           0,         291,      -6.597763723,      -7.310334486,      -7.226969845,       -6.04660438,             0.448,    0.008709970046,      0.3254795277,                 0,                 0,                 0,     0.07868314412,    0.005533735389,      0.3255490198,                 0,        37.3686162
          0,           0,         292,      -6.607231359,       -7.32164298,      -7.238555896,       -6.05596648,             0.448,    0.008710412867,      0.3254716948,                 0,                 0,                 0,     0.07868406166,    0.005534254618,      0.3255411916,                 0,       37.36581718
          0,           0,         293,      -6.617022154,      -7.333452044,      -7.250282364,      -6.065652617,             0.448,    0.008710811252,      0.3254640056,                 0,                 0,                 0,     0.07868486154,     0.00553472801,      0.3255335067,                 0,       37.36322556
          0,           0,         294,      -6.627125626,      -7.345740526,      -7.262158704,      -6.075652661,             0.448,    0.008711168849,      0.3254564462,                 0,                 0,                 0,      0.0786855435,     0.00553515935,      0.3255259511,                 0,         37.360824
          0,           0,         295,      -6.637528283,      -7.358489892,      -7.274201161,       -6.08595327,             0.448,    0.008711489499,       0.325449006,                 0,                 0,                 0,     0.07868611029,    0.005535552582,      0.3255185144,                 0,       37.35859476
          0,           0,         296,      -6.648218496,      -7.371675548,      -7.286427056,      -6.096542577,             0.448,    0.008711777018,      0.3254416786,                 0,                 0,                 0,      0.0786865675,    0.005535911584,      0.3255111901,                 0,       37.35652071
          0,           0,         297,      -6.659187261,      -7.385265726,      -7.298851622,      -6.107410924,             0.448,    0.008712034928,      0.3254344606,                 0,                 0,                 0,     0.07868692252,    0.005536239909,      0.3255039751,                 0,       37.35458631
          0,           0,         298,      -6.670427344,      -7.399229928,      -7.311482693,      -6.118550403,             0.448,    0.008712266372,      0.3254273516,                 0,                 0,                 0,     0.07868718425,    0.005536540707,      0.3254968686,                 0,       37.35277799
          0,           0,         299,      -6.681932455,      -7.413544224,      -7.324318891,      -6.129954276,             0.448,    0.008712474131,      0.3254203535,                 0,                 0,                 0,     0.07868736279,     0.00553681674,      0.3254898729,                 0,       37.35108404
          0,           0,         300,      -6.693696659,      -7.428192224,      -7.337353441,      -6.141616367,             0.448,    0.008712660617,      0.3254134703,                 0,                 0,                 0,      0.0786874689,    0.005537070378,      0.3254829918,                 0,       37.34949456
          0,           0,         301,      -6.705714344,      -7.443164218,      -7.350579887,      -6.153530925,             0.448,    0.008729483577,      0.3254062614,                 0,                 0,                 0,     0.07868751365,    0.005537303588,      0.3254762312,                 0,       37.27669094
          0,           0,         302,      -5.344354956,      -5.315904507,      -5.146897636,      -4.737764164,             0.448,    0.008729627896,      0.3254004986,                 0,                 0,                 0,      0.0786877035,    0.005537504425,      0.3254704701,                 0,       37.27541454
          0,           0,         303,      -5.640957574,      -5.580012638,      -5.424450367,      -5.030671594,             0.448,    0.008729832289,      0.3254154112,                 0,                 0,                 0,      0.0786929492,    0.005537562537,      0.3254853841,                 0,       37.27625004
          0,           0,         304,      -5.881227126,      -5.750515945,      -5.848856146,       -5.28823096,             0.448,    0.008730830774,        0.32549446,                 0,                 0,                 0,     0.07871468405,     0.00553778562,      0.3255644389,                 0,         37.281041
          0,           0,         305,        -6.0751256,       -5.88989873,      -6.083695635,      -5.466540786,             0.448,      0.0087323476,      0.3256167584,                 0,                 0,                 0,     0.07874418075,    0.005538102805,      0.3256867462,                 0,       37.28857041
          0,           0,         306,      -6.229536159,      -6.087696957,      -6.148797104,      -5.633554948,             0.448,    0.008732801618,       0.325726172,                 0,                 0,                 0,     0.07876374544,    0.005537483613,       0.325796159,                 0,       37.29916083
          0,           0,         307,      -6.319829027,      -6.194862868,      -6.274194675,      -5.725866233,             0.448,    0.008733018211,      0.3257858161,                 0,                 0,                 0,     0.07876621944,    0.005537115175,      0.3258558024,                 0,       37.30506547
          0,           0,         308,      -6.442334308,      -6.288417641,      -6.407231876,      -5.847849459,             0.448,    0.008733116016,      0.3257965511,                 0,                 0,                 0,     0.07875551688,    0.005537107682,      0.3258665378,                 0,        37.3058769
          0,           0,         309,      -6.473144389,      -6.319188395,      -6.474146951,      -5.877076762,             0.448,    0.008733306973,      0.3257924943,                 0,                 0,                 0,     0.07874330233,     0.00553733842,      0.3258624831,                 0,       37.30459668
          0,           0,         310,      -6.523352902,      -6.382301185,      -6.518275792,      -5.926187565,             0.448,    0.008734128914,      0.3258026108,                 0,                 0,                 0,      0.0787366141,    0.005538061093,      0.3258726072,                 0,       37.30224433
          0,           0,         311,      -6.626985226,        -6.5094631,      -6.607558525,      -6.036945013,             0.448,    0.008734900144,      0.3258240165,                 0,                 0,                 0,     0.07873338182,    0.005538622328,      0.3258940194,                 0,        37.3014014
          0,           0,         312,      -6.696133571,      -6.596971608,      -6.724905023,      -6.114118249,             0.448,    0.008735308306,       0.325845282,                 0,                 0,                 0,     0.07873029517,    0.005538821886,      0.3259152878,                 0,        37.3020929
          0,           0,         313,      -6.726726887,      -6.635635515,      -6.789196578,      -6.143033332,             0.448,    0.008735486149,      0.3258630811,                 0,                 0,                 0,     0.07872678689,    0.005538825137,      0.3259330878,                 0,       37.30337105
          0,           0,         314,      -6.782269093,      -6.704277025,      -6.823701119,      -6.198728755,             0.448,    0.008735447884,      0.3258782842,                 0,                 0,                 0,     0.07872322042,    0.005538637754,      0.3259482898,                 0,       37.30527484
          0,           0,         315,       -6.85392267,      -6.796168472,      -6.907871987,       -6.27600939,             0.448,    0.008735131071,      0.3258911216,                 0,                 0,                 0,      0.0787196095,     0.00553819504,      0.3259611235,                 0,       37.30809749
          0,           0,         316,      -6.904461058,      -6.874682979,      -7.037448952,      -6.330949256,             0.448,    0.008734550691,      0.3259016325,                 0,                 0,                 0,     0.07871600924,    0.005537511592,      0.3259716282,                 0,       37.31177985
          0,           0,         317,      -6.940768387,      -6.936992448,      -7.122297367,      -6.367528073,             0.448,    0.008733779511,      0.3259108891,                 0,                 0,                 0,     0.07871277567,    0.005536649655,      0.3259808768,                 0,       37.31613429
          0,           0,         318,      -6.974966362,      -6.991037859,      -7.143943483,      -6.401238581,             0.448,    0.008732852183,       0.325920176,                 0,                 0,                 0,     0.07871012803,     0.00553563128,      0.3259901542,                 0,       37.32116028
          0,           0,         319,      -7.003278138,      -7.040942601,      -7.172804589,      -6.430589719,             0.448,    0.008731751118,       0.325929589,                 0,                 0,                 0,     0.07870789741,     0.00553443794,      0.3259995559,                 0,       37.32694446
          0,           0,         320,      -7.023421141,      -7.091280998,      -7.223898911,       -6.45353671,             0.448,    0.008730467507,      0.3259384941,                 0,                 0,                 0,     0.07870577552,    0.005533067045,       0.326008448,                 0,       37.33345252
          0,           0,         321,      -7.036188123,      -7.143894443,      -7.277532222,      -6.470043728,             0.448,    0.008729026151,      0.3259467495,                 0,                 0,                 0,     0.07870365934,    0.005531544786,      0.3260166889,                 0,       37.34056284
          0,           0,         322,      -7.040349416,      -7.194110849,      -7.319063413,      -6.477856951,             0.448,    0.008727459364,      0.3259547322,                 0,                 0,                 0,     0.07870161286,    0.005529899775,      0.3260246558,                 0,       37.34818103
          0,           0,         323,      -7.035205643,      -7.236753158,      -7.349264884,       -6.47565923,             0.448,    0.008725793605,      0.3259626534,                 0,                 0,                 0,     0.07869965155,    0.005528156401,      0.3260325603,                 0,        37.3562186
          0,           0,         324,      -7.022804801,      -7.270956757,      -7.371151416,      -6.465575474,             0.448,    0.008724057789,      0.3259703997,                 0,                 0,                 0,     0.07869770484,    0.005526344689,      0.3260402892,                 0,       37.36453925
          0,           0,         325,      -7.006077311,      -7.296897338,      -7.384787326,      -6.450746243,             0.448,    0.008722283633,      0.3259778662,                 0,                 0,                 0,     0.07869571067,    0.005524497383,      0.3260477379,                 0,       37.37299541
          0,           0,         326,      -6.987246259,      -7.314590772,      -7.390775187,      -6.433396157,             0.448,    0.008720497023,      0.3259851248,                 0,                 0,                 0,     0.07869365944,    0.005522639662,      0.3260549787,                 0,       37.38148456
          0,           0,         327,      -6.967726772,      -7.325124133,      -7.391348287,      -6.414923483,             0.448,     0.00871871612,      0.3259922949,                 0,                 0,                 0,     0.07869156277,    0.005520788517,      0.3260621309,                 0,       37.38994256
          0,           0,         328,      -6.948406681,      -7.330089014,      -7.389532605,      -6.396289143,             0.448,    0.008716956407,      0.3259994079,                 0,                 0,                 0,     0.07868942104,     0.00551895912,      0.3260692264,                 0,       37.39830655
          0,           0,         329,      -6.929893628,      -7.330939597,      -7.387643511,      -6.378212344,             0.448,    0.008715233623,      0.3260064227,                 0,                 0,                 0,      0.0786872247,    0.005517167614,      0.3260762239,                 0,       37.40650415
          0,           0,         330,      -6.912602051,      -7.329009502,      -7.386453993,      -6.361200624,             0.448,     0.00871356206,      0.3260133029,                 0,                 0,                 0,     0.07868497169,    0.005515428647,      0.3260830873,                 0,       37.41446961
          0,           0,         331,      -6.896778331,       -7.32533611,      -7.385720324,      -6.345556536,             0.448,    0.008711953343,      0.3260200475,                 0,                 0,                 0,     0.07868267386,    0.005513753852,      0.3260898159,                 0,       37.42215261
          0,           0,         332,      -6.882519229,      -7.320557295,       -7.38510382,      -6.331402503,             0.448,    0.008710416194,      0.3260266859,                 0,                 0,                 0,     0.07868035336,    0.005512151665,      0.3260964388,                 0,        37.4295187
          0,           0,         333,      -6.869846078,      -7.315142381,      -7.384439311,      -6.318776008,             0.448,     0.00870895692,      0.3260332452,                 0,                 0,                 0,     0.07867803388,    0.005510628123,      0.3261029836,                 0,       37.43654357
          0,           0,         334,      -6.858744052,      -7.309580714,       -7.38369264,      -6.307681161,             0.448,    0.008707579573,      0.3260397388,                 0,                 0,                 0,     0.07867573623,    0.005509187149,      0.3261094634,                 0,       37.44321095
          0,           0,         335,      -6.849171912,       -7.30440014,      -7.382946036,      -6.298095658,             0.448,    0.008706286069,      0.3260461703,                 0,                 0,                 0,     0.07867347879,    0.005507830625,      0.3261158818,                 0,       37.44951265
          0,           0,         336,      -6.841066429,       -7.30009452,      -7.382382343,      -6.289971244,             0.448,    0.008705076666,       0.326052541,                 0,                 0,                 0,      0.0786712788,    0.005506558793,      0.3261222404,                 0,       37.45544738
          0,           0,         337,      -6.834349058,      -7.297035068,      -7.382214971,      -6.283240136,             0.448,     0.00870395028,      0.3260588555,                 0,                 0,                 0,     0.07866915334,    0.005505370524,      0.3261285436,                 0,          37.46102
          0,           0,         338,      -6.828930916,      -7.295424666,      -7.382613303,      -6.277820605,             0.448,    0.008702904546,      0.3260651229,                 0,                 0,                 0,     0.07866711919,    0.005504263367,      0.3261348003,                 0,       37.46624143
          0,           0,         339,       -6.82471665,      -7.295312651,      -7.383671196,      -6.273621077,             0.448,    0.008701935853,      0.3260713547,                 0,                 0,                 0,     0.07866519184,    0.005503233595,      0.3261410224,                 0,       37.47112829
          0,           0,         340,      -6.821607889,      -7.296642128,      -7.385413925,      -6.270543987,             0.448,    0.008701039494,      0.3260775636,                 0,                 0,                 0,     0.07866338433,     0.00550227638,      0.3261472222,                 0,       37.47570205
          0,           0,         341,      -6.819505834,      -7.299300322,      -7.387823601,      -6.268489297,             0.448,    0.008700209909,      0.3260837606,                 0,                 0,                 0,     0.07866170634,    0.005501386051,      0.3261534107,                 0,       37.47998773
          0,           0,         342,      -6.818314261,      -7.303157725,       -7.39085092,      -6.267358332,             0.448,    0.008699440971,      0.3260899545,                 0,                 0,                 0,     0.07866016378,    0.005500556397,      0.3261595968,                 0,       37.48401255
          0,           0,         343,      -6.817941116,      -7.308090201,      -7.394431516,      -6.267055854,             0.448,    0.008698726281,      0.3260961523,                 0,                 0,                 0,     0.07865875898,     0.00549978095,      0.3261657873,                 0,       37.48780474
          0,           0,         344,      -6.818299982,      -7.313987574,      -7.398495751,      -6.267491803,             0.448,    0.008698059557,      0.3261023576,                 0,                 0,                 0,     0.07865749054,    0.005499053394,      0.3261719857,                 0,       37.49139166
          0,           0,         345,      -6.819309914,      -7.320753213,      -7.402978536,      -6.268581143,             0.448,    0.008697434924,      0.3261085713,                 0,                 0,                 0,     0.07865635379,    0.005498367843,       0.326178193,                 0,       37.49479865
          0,           0,         346,      -6.820895236,      -7.328301149,      -7.407825886,      -6.270243745,             0.448,    0.008696846895,      0.3261147972,                 0,                 0,                 0,     0.07865534182,    0.005497718775,      0.3261844129,                 0,       37.49804971
          0,           0,         347,      -6.822999374,      -7.336552692,      -7.412992646,      -6.272420105,             0.448,    0.008696290969,      0.3261210268,                 0,                 0,                 0,      0.0786544438,    0.005497101773,      0.3261906367,                 0,       37.50116319
          0,           0,         348,        -6.8255679,      -7.345440354,      -7.418443934,      -6.275052522,             0.448,    0.008695763285,       0.326127251,                 0,                 0,                 0,     0.07865364755,    0.005496513064,      0.3261968554,                 0,       37.50415464
          0,           0,         349,      -6.828555917,      -7.354909443,      -7.424162786,      -6.278093027,             0.448,     0.00869526065,      0.3261334617,                 0,                 0,                 0,     0.07865294022,    0.005495949535,      0.3262030609,                 0,       37.50703685
          0,           0,         350,      -6.831927362,      -7.364920795,      -7.430141588,      -6.281503455,             0.448,    0.008694780794,      0.3261396463,                 0,                 0,                 0,     0.07865230756,     0.00549540904,      0.3262092405,                 0,       37.50981814
          0,           0,         351,      -6.835654317,      -7.375446916,      -7.436375954,      -6.285254753,             0.448,    0.008690347614,      0.3261458956,                 0,                 0,                 0,     0.07865173526,    0.005494890181,      0.3262153791,                 0,       37.52967201
          0,           0,         352,      -5.963986011,      -5.939254438,       -5.77004336,      -5.358272133,             0.448,    0.008689914874,      0.3261516952,                 0,                 0,                 0,     0.07865117018,    0.005494400647,      0.3262211741,                 0,       37.53220831
          0,           0,         353,      -6.251509514,      -6.201983151,      -6.047331947,      -5.644138122,             0.448,    0.008689472951,      0.3261526557,                 0,                 0,                 0,     0.07864942054,    0.005493949336,      0.3262221303,                 0,       37.53422763
          0,           0,         354,      -6.467710287,      -6.371834291,      -6.470598338,      -5.880599752,             0.448,    0.008688855363,      0.3261381748,                 0,                 0,                 0,      0.0786437291,    0.005493473638,       0.326207644,                 0,       37.53522888
          0,           0,         355,      -6.618505968,      -6.507650446,      -6.700033688,      -6.025904493,             0.448,    0.008688140059,       0.326113146,                 0,                 0,                 0,     0.07863619588,    0.005493003559,      0.3261826094,                 0,        37.5354384
          0,           0,         356,      -6.715341417,      -6.701539464,      -6.762557626,      -6.139039403,             0.448,    0.008687697768,      0.3260911335,                 0,                 0,                 0,     0.07863105794,    0.005492776931,      0.3261605937,                 0,       37.53481558
          0,           0,         357,      -6.763622015,      -6.808329718,      -6.883894467,      -6.192508599,             0.448,    0.008687328988,      0.3260812692,                 0,                 0,                 0,     0.07863002868,    0.005492504803,      0.3261507262,                 0,       37.53527346
          0,           0,         358,      -6.815738701,      -6.898802838,      -7.010358571,      -6.249768397,             0.448,    0.008686992862,      0.3260827887,                 0,                 0,                 0,     0.07863201247,    0.005492153808,      0.3261522423,                 0,       37.53690073
          0,           0,         359,      -6.831649377,      -6.925565235,      -7.074427182,       -6.26607672,             0.448,    0.008686662701,        0.32608769,                 0,                 0,                 0,      0.0786343751,    0.005491775648,      0.3261571402,                 0,       37.53889166
          0,           0,         360,      -6.852541753,      -6.979554784,      -7.115452885,      -6.288146654,             0.448,    0.008686207128,      0.3260893586,                 0,                 0,                 0,      0.0786354996,     0.00549130375,      0.3261588042,                 0,       37.54105259
          0,           0,         361,      -6.883537078,       -7.08548721,      -7.192931778,      -6.323970631,             0.448,    0.008685771309,      0.3260881939,                 0,                 0,                 0,     0.07863581613,    0.005490879361,      0.3261576353,                 0,       37.54280217
          0,           0,         362,      -6.904047796,      -7.155237733,      -7.290085711,      -6.347355072,             0.448,    0.008685431518,      0.3260867194,                 0,                 0,                 0,     0.07863604731,    0.005490554032,      0.3261561576,                 0,       37.54410115
          0,           0,         363,       -6.91829576,      -7.188197167,      -7.340830934,      -6.361660174,             0.448,    0.008685156674,      0.3260859183,                 0,                 0,                 0,     0.07863636617,     0.00549028705,      0.3261553538,                 0,         37.545197
          0,           0,         364,      -6.936227855,      -7.241582872,      -7.366612739,      -6.380156756,             0.448,    0.008684942967,      0.3260856561,                 0,                 0,                 0,     0.07863671497,    0.005490075921,      0.3261550895,                 0,       37.54609067
          0,           0,         365,      -6.955927341,      -7.308947505,      -7.424736045,      -6.401116641,             0.448,     0.00868480279,      0.3260858216,                 0,                 0,                 0,     0.07863708081,    0.005489934129,      0.3261552536,                 0,       37.54671574
          0,           0,         366,      -6.973938874,      -7.368564648,      -7.503262994,      -6.419835992,             0.448,    0.008684731579,      0.3260864176,                 0,                 0,                 0,     0.07863745781,    0.005489857084,      0.3261558489,                 0,       37.54709223
          0,           0,         367,      -6.991273404,      -7.418844869,      -7.552485994,      -6.437320629,             0.448,    0.008684714874,      0.3260872525,                 0,                 0,                 0,     0.07863778737,    0.005489832201,      0.3261566836,                 0,       37.54726058
          0,           0,         368,      -7.008986698,      -7.462152262,      -7.574385347,      -6.455008382,             0.448,    0.008684742809,      0.3260880498,                 0,                 0,                 0,     0.07863801873,    0.005489852323,      0.3261574812,                 0,       37.54723162
          0,           0,         369,      -7.027168628,      -7.501658968,      -7.599458413,      -6.473156856,             0.448,    0.008684816967,      0.3260887358,                 0,                 0,                 0,     0.07863817329,    0.005489919757,      0.3261581679,                 0,          37.54699
          0,           0,         370,      -7.045862197,      -7.541489416,      -7.633266946,        -6.4918479,             0.448,    0.008684940484,      0.3260894165,                 0,                 0,                 0,     0.07863831143,      0.0054900366,      0.3261588497,                 0,       37.54653438
          0,           0,         371,      -7.065129599,       -7.58336533,      -7.667963497,      -6.511112531,             0.448,    0.008685109539,      0.3260901527,                 0,                 0,                 0,     0.07863846389,    0.005490198435,      0.3261595875,                 0,       37.54588831
          0,           0,         372,       -7.08490287,      -7.626123504,      -7.698848956,      -6.530830616,             0.448,    0.008685317228,      0.3260908894,                 0,                 0,                 0,     0.07863862243,    0.005490398898,      0.3261603262,                 0,        37.5450753
          0,           0,         373,      -7.105082773,      -7.667844635,       -7.72666537,      -6.550878856,             0.448,    0.008685557782,      0.3260915663,                 0,                 0,                 0,     0.07863877781,    0.005490632808,      0.3261610054,                 0,        37.5441134
          0,           0,         374,      -7.125643839,      -7.707754869,       -7.75270195,       -6.57125055,             0.448,    0.008685825417,      0.3260921915,                 0,                 0,                 0,        0.07863894,    0.005490894306,      0.3261616332,                 0,       37.54302854
          0,           0,         375,      -7.146610156,      -7.745788768,      -7.777033687,      -6.591996865,             0.448,    0.008686113158,      0.3260927962,                 0,                 0,                 0,     0.07863912461,    0.005491176109,      0.3261622407,                 0,       37.54185448
          0,           0,         376,      -7.167997428,      -7.781876199,       -7.79963248,      -6.613139483,             0.448,    0.008686414296,      0.3260933788,                 0,                 0,                 0,     0.07863933727,    0.005491471526,      0.3261628262,                 0,       37.54062006
          0,           0,         377,      -7.189795854,      -7.816229524,      -7.820937313,      -6.634662877,             0.448,    0.008686723752,      0.3260939128,                 0,                 0,                 0,     0.07863957543,    0.005491775735,      0.3261633632,                 0,       37.53934419
          0,           0,         378,      -7.211978253,      -7.849394468,      -7.841752085,      -6.656538089,             0.448,    0.008687037536,      0.3260943838,                 0,                 0,                 0,     0.07863983739,    0.005492084891,      0.3261638373,                 0,       37.53804244
          0,           0,         379,      -7.234516689,      -7.881756642,      -7.862888417,      -6.678740847,             0.448,    0.008687351739,      0.3260947995,                 0,                 0,                 0,     0.07864012496,    0.005492395005,      0.3261642561,                 0,       37.53673263
          0,           0,         380,      -7.257396162,      -7.913162358,      -7.884742667,      -6.701260821,             0.448,    0.008687662497,      0.3260951743,                 0,                 0,                 0,     0.07864044004,    0.005492702077,      0.3261646339,                 0,       37.53543308
          0,           0,         381,      -7.280611516,      -7.942849416,      -7.907247608,      -6.724094563,             0.448,    0.008687966504,      0.3260955139,                 0,                 0,                 0,     0.07864078132,    0.005493002743,      0.3261649764,                 0,       37.53415874
          0,           0,         382,        -7.3041589,      -7.969701828,      -7.930147408,      -6.747235722,             0.448,    0.008688261234,      0.3260958153,                 0,                 0,                 0,     0.07864114449,    0.005493294506,      0.3261652807,                 0,       37.53292017
          0,           0,         383,       -7.32803816,      -7.992738694,      -7.953194304,      -6.770680536,             0.448,    0.008688544807,      0.3260960742,                 0,                 0,                 0,      0.0786415242,     0.00549357553,      0.3261655424,                 0,       37.53172498
          0,           0,         384,      -7.352260234,      -8.011480211,      -7.976201398,        -6.7944388,             0.448,    0.008688815837,      0.3260962892,                 0,                 0,                 0,     0.07864191549,     0.00549384444,      0.3261657601,                 0,         37.530579
          0,           0,         385,      -7.376848092,      -8.026019195,      -7.999067024,      -6.818535733,             0.448,    0.008689073382,      0.3260964619,                 0,                 0,                 0,     0.07864231395,     0.00549410028,      0.3261659353,                 0,       37.52948647
          0,           0,         386,      -7.401832752,      -8.036910898,      -8.021790425,      -6.843007124,             0.448,    0.008689316908,      0.3260965944,                 0,                 0,                 0,     0.07864271542,    0.005494342497,      0.3261660702,                 0,       37.52844992
          0,           0,         387,      -7.427250307,      -8.044980038,      -8.044447799,      -6.867895472,             0.448,    0.008689546221,      0.3260966882,                 0,                 0,                 0,     0.07864311567,     0.00549457088,      0.3261661662,                 0,       37.52747036
          0,           0,         388,      -7.453139418,      -8.051105086,      -8.067140742,      -6.893246946,             0.448,    0.008689761422,      0.3260967436,                 0,                 0,                 0,     0.07864351038,    0.005494785527,      0.3261662237,                 0,       37.52654737
          0,           0,         389,      -7.479537368,      -8.056055277,      -8.089951533,      -6.919107362,             0.448,    0.008689962911,      0.3260967599,                 0,                 0,                 0,     0.07864389538,    0.005494986848,      0.3261662419,                 0,       37.52567913
          0,           0,         390,       -7.50647481,      -8.060418253,      -8.112925355,       -6.94551699,             0.448,    0.008690151371,       0.326096736,                 0,                 0,                 0,     0.07864426688,    0.005495175533,      0.3261662199,                 0,       37.52486258
          0,           0,         391,      -7.533970357,      -8.064601964,      -8.136067383,      -6.972505181,             0.448,    0.008690327725,      0.3260966709,                 0,                 0,                 0,     0.07864462172,    0.005495352515,      0.3261661566,                 0,        37.5240936
          0,           0,         392,      -7.562024826,       -8.06887019,      -8.159339256,      -7.000084709,             0.448,    0.008690493073,      0.3260965638,                 0,                 0,                 0,     0.07864495751,    0.005495518906,       0.326166051,                 0,       37.52336732
          0,           0,         393,      -7.590614352,      -8.073381276,      -8.182652056,      -7.028245005,             0.448,    0.008690648635,       0.326096414,                 0,                 0,                 0,     0.07864527259,    0.005495675928,      0.3261659028,                 0,       37.52267842
          0,           0,         394,      -7.619682286,      -8.078219372,      -8.205862423,      -7.056944134,             0.448,    0.008690795676,      0.3260962212,                 0,                 0,                 0,      0.0786455661,     0.00549582485,      0.3261657114,                 0,       37.52202138
          0,           0,         395,      -7.649130376,      -8.083419089,       -8.22877948,      -7.086099997,             0.448,    0.008690935437,      0.3260959855,                 0,                 0,                 0,     0.07864583789,    0.005495966913,      0.3261654771,                 0,       37.52139087
          0,           0,         396,      -7.678809065,      -8.088986084,       -8.25118217,       -7.11558058,             0.448,    0.008691069074,      0.3260957075,                 0,                 0,                 0,     0.07864608846,    0.005496103266,      0.3261652005,                 0,       37.52078194
          0,           0,         397,      -7.708508889,      -8.094913509,      -8.272843845,      -7.145195782,             0.448,    0.008691197611,      0.3260953886,                 0,                 0,                 0,     0.07864631903,    0.005496234922,      0.3261648828,                 0,       37.52019034
          0,           0,         398,      -7.737951467,      -8.101195131,       -8.29354107,      -7.174688182,             0.448,    0.008691321905,      0.3260950309,                 0,                 0,                 0,     0.07864653141,    0.005496362714,      0.3261645264,                 0,        37.5196126
          0,           0,         399,      -7.766784151,      -8.107831899,      -8.313071592,       -7.20372691,             0.448,    0.008691442624,      0.3260946374,                 0,                 0,                 0,     0.07864672794,    0.005496487282,      0.3261641341,                 0,       37.51904621
          0,           0,         400,      -7.794579473,      -8.114837433,      -8.331264853,      -7.231905645,             0.448,     0.00869156025,      0.3260942119,                 0,                 0,                 0,     0.07864691126,     0.00549660907,      0.3261637098,                 0,        37.5184895
          0,           0,         401,      -7.820846436,      -8.122238871,      -8.347985809,      -7.258750972,             0.448,    0.008688994081,      0.3260938302,                 0,                 0,                 0,     0.07864708417,     0.00549672833,      0.3261632577,                 0,       37.52952611
          0,           0,         402,      -6.138911233,      -6.109910318,      -5.941099256,      -5.532209975,             0.448,    0.008689103971,      0.3260932258,                 0,                 0,                 0,     0.07864721273,     0.00549684413,      0.3261626544,                 0,       37.52898192
          0,           0,         403,      -6.435982904,      -6.374309506,      -6.218623017,      -5.825522542,             0.448,    0.008689202277,      0.3260892636,                 0,                 0,                 0,      0.0786465173,    0.005496981214,      0.3261586934,                 0,       37.52810134
          0,           0,         404,      -6.678555911,      -6.544642583,      -6.642837945,      -6.085079302,             0.448,     0.00868916902,      0.3260750596,                 0,                 0,                 0,     0.07864317861,     0.00549708699,      0.3261444897,                 0,       37.52661029
          0,           0,         405,      -6.876994259,      -6.685128243,        -6.8785705,      -6.266698799,             0.448,    0.008689043864,       0.326053975,                 0,                 0,                 0,     0.07863858603,    0.005497168219,      0.3261234049,                 0,       37.52472425
          0,           0,         406,      -7.038784485,      -6.882966081,      -6.944441865,      -6.440086428,             0.448,    0.008689082581,      0.3260349747,                 0,                 0,                 0,      0.0786355794,    0.005497392911,      0.3261044059,                 0,       37.52237036
          0,           0,         407,      -7.133004918,      -6.988021391,      -7.069624557,      -6.535640232,             0.448,    0.008689156836,      0.3260238332,                 0,                 0,                 0,     0.07863531323,    0.005497576217,      0.3260932657,                 0,       37.52076748
          0,           0,         408,      -7.262746843,      -7.080435933,      -7.201327015,      -6.663415524,             0.448,    0.008689247979,      0.3260206526,                 0,                 0,                 0,     0.07863719878,    0.005497698487,      0.3260900861,                 0,       37.52000788
          0,           0,         409,      -7.289428771,      -7.112815658,      -7.266058964,       -6.68937981,             0.448,    0.008689315676,      0.3260198514,                 0,                 0,                 0,     0.07863931386,    0.005497774024,      0.3260892856,                 0,       37.51962336
          0,           0,         410,      -7.336153646,      -7.179048676,      -7.309516142,      -6.736030858,             0.448,    0.008689276543,      0.3260167301,                 0,                 0,                 0,      0.0786405244,    0.005497765444,      0.3260861641,                 0,       37.51943312
          0,           0,         411,       -7.43621093,       -7.31104924,      -7.398390862,      -6.845087243,             0.448,    0.008689240819,      0.3260118592,                 0,                 0,                 0,     0.07864118751,    0.005497777399,      0.3260812931,                 0,       37.51902681
          0,           0,         412,      -7.490684989,      -7.401307135,      -7.512103432,      -6.910617371,             0.448,    0.008689259862,      0.3260071196,                 0,                 0,                 0,     0.07864184424,    0.005497842834,      0.3260765538,                 0,       37.51839912
          0,           0,         413,      -7.500296588,       -7.44017338,      -7.572405166,      -6.921686805,             0.448,    0.008689312192,       0.326003005,                 0,                 0,                 0,     0.07864256854,    0.005497935435,      0.3260724399,                 0,       37.51769965
          0,           0,         414,      -7.527747092,      -7.512189795,      -7.606233943,      -6.953605559,             0.448,      0.0086893958,      0.3259993512,                 0,                 0,                 0,     0.07864329742,    0.005498054802,      0.3260687872,                 0,       37.51691818
          0,           0,         415,      -7.555351786,      -7.607347016,      -7.686345308,      -6.990254475,             0.448,    0.008689520836,      0.3259961193,                 0,                 0,                 0,     0.07864403145,    0.005498211466,      0.3260655567,                 0,       37.51600641
          0,           0,         416,      -7.558036609,      -7.683707769,      -7.798636303,       -6.99854907,             0.448,    0.008689683459,      0.3259933109,                 0,                 0,                 0,     0.07864475891,    0.005498401571,        0.32606275,                 0,       37.51498112
          0,           0,         417,      -7.549856146,      -7.739447786,      -7.859278277,        -6.9925832,             0.448,    0.008689871366,      0.3259907473,                 0,                 0,                 0,     0.07864542111,    0.005498614561,      0.3260601884,                 0,        37.5138749
          0,           0,         418,      -7.539944939,      -7.785354037,      -7.869481005,      -6.984473622,             0.448,    0.008690080039,      0.3259882178,                 0,                 0,                 0,     0.07864598464,    0.005498847984,       0.326057661,                 0,         37.512683
          0,           0,         419,      -7.528467142,      -7.827324388,      -7.885908135,      -6.974767415,             0.448,    0.008690313169,      0.3259857137,                 0,                 0,                 0,     0.07864648022,    0.005499105613,      0.3260551593,                 0,       37.51138852
          0,           0,         420,       -7.51615317,       -7.86846103,      -7.914639753,      -6.963987526,             0.448,    0.008690572366,      0.3259833351,                 0,                 0,                 0,     0.07864695623,     0.00549938808,      0.3260527834,                 0,       37.50999605
          0,           0,         421,      -7.503713627,      -7.907211616,      -7.940928404,      -6.952781709,             0.448,    0.008690853974,      0.3259810976,                 0,                 0,                 0,     0.07864742644,    0.005499691575,      0.3260505487,                 0,       37.50852317
          0,           0,         422,      -7.491166344,      -7.938561325,      -7.958254526,      -6.941100075,             0.448,    0.008691153525,      0.3259789388,                 0,                 0,                 0,     0.07864788023,    0.005500012242,       0.326048393,                 0,         37.506982
          0,           0,         423,      -7.478669162,      -7.960646681,      -7.969198549,      -6.929112737,             0.448,    0.008691467345,       0.325976824,                 0,                 0,                 0,      0.0786483152,    0.005500346748,      0.3260462814,                 0,       37.50538443
          0,           0,         424,      -7.466649659,      -7.975498368,      -7.976230148,       -6.91737632,             0.448,     0.00869179101,      0.3259747682,                 0,                 0,                 0,     0.07864874193,    0.005500690519,      0.3260442289,                 0,       37.50375128
          0,           0,         425,      -7.455453027,      -7.984911312,      -7.979983969,      -6.906343415,             0.448,    0.008692119517,      0.3259727857,                 0,                 0,                 0,     0.07864916995,    0.005501038415,      0.3260422497,                 0,        37.5021058
          0,           0,         426,      -7.445226624,      -7.989861427,      -7.981071788,      -6.896197111,             0.448,    0.008692448742,       0.325970864,                 0,                 0,                 0,     0.07864960095,    0.005501386435,      0.3260403312,                 0,       37.50046433
          0,           0,         427,      -7.435999526,      -7.991389311,      -7.980564855,      -6.886977584,             0.448,    0.008692775721,      0.3259689828,                 0,                 0,                 0,     0.07865003328,    0.005501731812,      0.3260384533,                 0,       37.49883734
          0,           0,         428,      -7.427764634,      -7.990459263,      -7.979670246,      -6.878692678,             0.448,    0.008693097876,      0.3259671354,                 0,                 0,                 0,     0.07865046708,    0.005502072033,      0.3260366092,                 0,       37.49723517
          0,           0,         429,      -7.420519865,       -7.98791178,      -7.979191716,      -6.871360055,             0.448,    0.008693412583,      0.3259653275,                 0,                 0,                 0,     0.07865090416,    0.005502404422,      0.3260348044,                 0,       37.49566978
          0,           0,         430,      -7.414266398,      -7.984590752,      -7.979312955,      -6.864999191,             0.448,      0.0086937174,      0.3259635638,                 0,                 0,                 0,     0.07865134528,    0.005502726487,      0.3260330438,                 0,       37.49415225
          0,           0,         431,      -7.408992138,      -7.981181666,      -7.979911077,       -6.85960881,             0.448,    0.008694010337,      0.3259618433,                 0,                 0,                 0,     0.07865178886,     0.00550303625,      0.3260313263,                 0,       37.49269102
          0,           0,         432,      -7.404671169,      -7.978070836,      -7.980879329,      -6.855166828,             0.448,    0.008694289876,      0.3259601605,                 0,                 0,                 0,     0.07865223166,    0.005503332247,      0.3260296463,                 0,       37.49129201
          0,           0,         433,      -7.401273941,      -7.975438315,      -7.982179055,      -6.851645563,             0.448,    0.008694554913,      0.3259585104,                 0,                 0,                 0,     0.07865267007,    0.005503613423,      0.3260279989,                 0,       37.48995937
          0,           0,         434,      -7.398771843,      -7.973414607,      -7.983800637,      -6.849019095,             0.448,    0.008694804735,      0.3259568901,                 0,                 0,                 0,     0.07865310079,    0.005503879094,       0.326026381,                 0,       37.48869584
          0,           0,         435,      -7.397135707,      -7.972161982,      -7.985763092,      -6.847261434,             0.448,    0.008695038985,      0.3259552981,                 0,                 0,                 0,     0.07865352092,    0.005504128915,      0.3260247914,                 0,       37.48750277
          0,           0,         436,      -7.396334157,      -7.971869181,      -7.988121535,      -6.846344144,             0.448,    0.008695257595,      0.3259537335,                 0,                 0,                 0,     0.07865392767,    0.005504362829,       0.326023229,                 0,       37.48638035
          0,           0,         437,      -7.396333243,      -7.972699157,      -7.990947688,      -6.846235751,             0.448,    0.008695460734,      0.3259521948,                 0,                 0,                 0,     0.07865431822,    0.005504581019,      0.3260216924,                 0,       37.48532767
          0,           0,         438,      -7.397096415,      -7.974742195,      -7.994299678,       -6.84690151,             0.448,    0.008695648793,      0.3259506799,                 0,                 0,                 0,     0.07865468977,    0.005504783897,      0.3260201795,                 0,       37.48434277
          0,           0,         439,      -7.398584671,      -7.978005241,       -7.99820646,      -6.848303278,             0.448,    0.008695822382,      0.3259491862,                 0,                 0,                 0,     0.07865503974,    0.005504972098,      0.3260186875,                 0,       37.48342272
          0,           0,         440,      -7.400757121,      -7.982432631,      -8.002669835,      -6.850400065,             0.448,      0.0086959823,       0.325947711,                 0,                 0,                 0,     0.07865536594,    0.005505146449,      0.3260172139,                 0,       37.48256375
          0,           0,         441,      -7.403571805,      -7.987937099,      -8.007673121,      -6.853149115,             0.448,    0.008696129501,      0.3259462517,                 0,                 0,                 0,     0.07865566672,    0.005505307926,      0.3260157562,                 0,       37.48176148
          0,           0,         442,      -7.406986449,      -7.994424828,      -8.013188447,       -6.85650696,             0.448,    0.008696265041,      0.3259448063,                 0,                 0,                 0,     0.07865594108,    0.005505457607,      0.3260143121,                 0,       37.48101108
          0,           0,         443,      -7.410959211,      -8.001808662,      -8.019180848,      -6.860430373,             0.448,     0.00869639003,       0.325943373,                 0,                 0,                 0,     0.07865618865,    0.005505596619,      0.3260128801,                 0,       37.48030756
          0,           0,         444,      -7.415449286,      -8.010010718,      -8.025611163,      -6.864877009,             0.448,    0.008696505582,      0.3259419504,                 0,                 0,                 0,     0.07865640968,     0.00550572609,      0.3260114587,                 0,       37.47964598
          0,           0,         445,      -7.420417515,      -8.018960515,      -8.032443166,      -6.869805982,             0.448,    0.008696612756,      0.3259405378,                 0,                 0,                 0,     0.07865660497,    0.005505847086,      0.3260100472,                 0,       37.47902165
          0,           0,         446,      -7.425827736,      -8.028591899,      -8.039646157,      -6.875179333,             0.448,    0.008696712525,      0.3259391347,                 0,                 0,                 0,     0.07865677584,    0.005505960584,      0.3260086451,                 0,       37.47843035
          0,           0,         447,      -7.431646981,      -8.038840595,      -8.047194375,      -6.880962256,             0.448,    0.008696805753,      0.3259377413,                 0,                 0,                 0,     0.07865692409,    0.005506067447,      0.3260072528,                 0,       37.47786837
          0,           0,         448,      -7.437840523,      -8.049647164,      -8.055068884,      -6.887117784,             0.448,    0.008696893173,      0.3259363585,                 0,                 0,                 0,     0.07865705187,    0.005506168398,      0.3260058709,                 0,       37.47733265
          0,           0,         449,      -7.444383048,      -8.060962475,      -8.063256934,      -6.893619046,             0.448,    0.008696975372,      0.3259349876,                 0,                 0,                 0,     0.07865716152,    0.005506264011,      0.3260045008,                 0,       37.47682081
          0,           0,         450,      -7.451259783,      -8.072745134,      -8.071748492,      -6.900451532,             0.448,    0.008697052805,      0.3259336303,                 0,                 0,                 0,     0.07865725556,    0.005506354726,      0.3260031444,                 0,       37.47633107
          0,           0,         451,      -7.458451066,      -8.084965956,      -8.080526303,      -6.907595002,             0.448,    0.008699013604,      0.3259322384,                 0,                 0,                 0,      0.0786573366,    0.005506440901,      0.3260018036,                 0,       37.46772372
          0,           0,         452,      -6.290059405,      -6.262285248,      -6.093196984,      -5.683623903,             0.448,    0.008699081592,      0.3259310238,                 0,                 0,                 0,     0.07865742872,    0.005506520781,      0.3260005898,                 0,       37.46729127
          0,           0,         453,       -6.58520747,      -6.526114643,      -6.370718553,      -5.975399124,             0.448,    0.008699155572,       0.325932139,                 0,                 0,                 0,      0.0786580903,    0.005506583835,      0.3260017056,                 0,       37.46710084
          0,           0,         454,      -6.821146752,       -6.69656717,      -6.795002948,      -6.229220911,             0.448,    0.008699317566,       0.325940533,                 0,                 0,                 0,     0.07866061926,    0.005506663612,      0.3260101008,                 0,       37.46736804
          0,           0,         455,      -7.006351754,      -6.835170815,      -7.028845363,      -6.401141232,             0.448,    0.008699534743,      0.3259538506,                 0,                 0,                 0,     0.07866402458,    0.005506750346,      0.3260234199,                 0,       37.46796355
          0,           0,         456,       -7.14699743,      -7.032413533,       -7.09340477,      -6.556043325,             0.448,    0.008699629106,      0.3259657184,                 0,                 0,                 0,     0.07866630251,    0.005506728473,      0.3260352881,                 0,       37.46892131
          0,           0,         457,      -7.226027222,       -7.14006631,      -7.218313964,      -6.638648683,             0.448,    0.008699694887,        0.32597191,                 0,                 0,                 0,     0.07866664256,    0.005506733611,        0.32604148,                 0,        37.4693497
          0,           0,         458,      -7.326117181,      -7.233487806,       -7.35072229,      -6.741608072,             0.448,    0.008699746494,      0.3259726042,                 0,                 0,                 0,     0.07866550639,    0.005506778416,      0.3260421747,                 0,       37.46920722
          0,           0,         459,       -7.35250902,      -7.263232641,      -7.417784105,      -6.767340666,             0.448,    0.008699804844,       0.325971634,                 0,                 0,                 0,      0.0786641942,    0.005506846265,      0.3260412051,                 0,        37.4688444
          0,           0,         460,      -7.392622182,      -7.324285403,      -7.461607221,      -6.807904718,             0.448,    0.008699931596,      0.3259722447,                 0,                 0,                 0,     0.07866349823,    0.005506967031,       0.326041817,                 0,       37.46836869
          0,           0,         461,      -7.466102892,      -7.446933848,       -7.54926919,      -6.889798918,             0.448,    0.008700050903,      0.3259741515,                 0,                 0,                 0,     0.07866319156,    0.005507067656,      0.3260437249,                 0,       37.46807405
          0,           0,         462,      -7.513207722,      -7.530468639,      -7.664320982,      -6.943722412,             0.448,    0.008700127905,      0.3259760874,                 0,                 0,                 0,     0.07866290856,    0.005507125695,      0.3260456614,                 0,       37.46796495
          0,           0,         463,      -7.538056935,       -7.56799979,      -7.727107087,      -6.967919498,             0.448,    0.008700177767,      0.3259776508,                 0,                 0,                 0,     0.07866257937,    0.005507160243,      0.3260472252,                 0,       37.46792991
          0,           0,         464,      -7.576226854,      -7.633136733,      -7.760191866,       -7.00716105,             0.448,    0.008700202172,      0.3259789282,                 0,                 0,                 0,     0.07866224183,    0.005507172135,      0.3260485029,                 0,       37.46797164
          0,           0,         465,      -7.621596967,      -7.719290363,      -7.840676282,       -7.05666652,             0.448,    0.008700194618,      0.3259799515,                 0,                 0,                 0,     0.07866189907,    0.005507154559,      0.3260495261,                 0,       37.46812179
          0,           0,         466,      -7.657864354,      -7.794273159,      -7.963069984,      -7.095468373,             0.448,    0.008700156634,      0.3259807283,                 0,                 0,                 0,     0.07866155418,    0.005507108969,      0.3260503024,                 0,       37.46837466
          0,           0,         467,      -7.689385129,      -7.855353694,      -8.043864987,      -7.127191323,             0.448,    0.008700095578,      0.3259813701,                 0,                 0,                 0,     0.07866124319,    0.005507041631,      0.3260509435,                 0,       37.46871136
          0,           0,         468,      -7.721430417,       -7.90812647,       -8.06869195,      -7.158852799,             0.448,     0.00870001578,      0.3259820168,                 0,                 0,                 0,     0.07866099168,    0.005506955503,      0.3260515894,                 0,       37.46912937
          0,           0,         469,      -7.753440884,      -7.956989003,       -8.10060731,      -7.190776522,             0.448,    0.008699915571,      0.3259826918,                 0,                 0,                 0,     0.07866078463,    0.005506848688,      0.3260522634,                 0,       37.46963854
          0,           0,         470,      -7.785051726,      -8.006997012,      -8.154091532,       -7.22273812,             0.448,    0.008699793423,      0.3259833314,                 0,                 0,                 0,     0.07866058942,    0.005506720282,      0.3260529018,                 0,       37.47023815
          0,           0,         471,      -7.816499127,      -8.060135579,      -8.212253342,      -7.254763698,             0.448,    0.008699651599,      0.3259839127,                 0,                 0,                 0,     0.07866039265,     0.00550657277,      0.3260534817,                 0,       37.47091582
          0,           0,         472,      -7.846841744,      -8.113012172,      -8.261350801,      -7.285588307,             0.448,    0.008699493733,      0.3259844729,                 0,                 0,                 0,     0.07866020055,    0.005506409426,      0.3260540404,                 0,       37.47166018
          0,           0,         473,      -7.874591331,      -8.161225035,      -8.301174312,      -7.313553496,             0.448,    0.008699322973,      0.3259850385,                 0,                 0,                 0,      0.0786600162,    0.005506233135,      0.3260546043,                 0,       37.47246073
          0,           0,         474,      -7.898876246,      -8.203555631,      -8.334036324,      -7.337934313,             0.448,     0.00869914265,       0.325985599,                 0,                 0,                 0,     0.07865983251,    0.005506047331,      0.3260551629,                 0,       37.47330192
          0,           0,         475,      -7.919348486,       -8.23969357,      -8.359082542,      -7.358609606,             0.448,    0.008698956493,      0.3259861408,                 0,                 0,                 0,     0.07865964209,    0.005505855877,      0.3260557029,                 0,       37.47416613
          0,           0,         476,      -7.935715312,      -8.268754649,      -8.375798544,       -7.37533558,             0.448,    0.008698767684,      0.3259866703,                 0,                 0,                 0,     0.07865944349,     0.00550566189,      0.3260562305,                 0,       37.47504039
          0,           0,         477,      -7.947709192,      -8.290709121,      -8.385762665,      -7.387780791,             0.448,    0.008698578457,      0.3259872012,                 0,                 0,                 0,     0.07865923804,    0.005505467474,      0.3260567595,                 0,       37.47591664
          0,           0,         478,      -7.955263512,      -8.306423216,      -8.391973602,      -7.395836355,             0.448,    0.008698390629,      0.3259877371,                 0,                 0,                 0,     0.07865902587,    0.005505274406,      0.3260572936,                 0,       37.47678749
          0,           0,         479,      -7.958663307,      -8.316849454,      -8.397163426,      -7.399785316,             0.448,     0.00869820601,      0.3259882727,                 0,                 0,                 0,      0.0786588058,     0.00550508455,      0.3260578273,                 0,       37.47764451
          0,           0,         480,       -7.95853518,      -8.322869608,      -8.402431253,      -7.400256728,             0.448,     0.00869802629,      0.3259888026,                 0,                 0,                 0,     0.07865857746,    0.005504899649,      0.3260583555,                 0,        37.4784798
          0,           0,         481,      -7.955660713,      -8.325214396,      -8.407565504,       -7.39800858,             0.448,    0.008697852835,      0.3259893266,                 0,                 0,                 0,     0.07865834216,     0.00550472107,      0.3260588778,                 0,       37.47928745
          0,           0,         482,      -7.950812828,      -8.324448156,      -8.412093239,      -7.393769652,             0.448,    0.008697686668,      0.3259898476,                 0,                 0,                 0,     0.07865810239,    0.005504549807,      0.3260593971,                 0,       37.48006339
          0,           0,         483,      -7.944699787,      -8.321194852,      -8.415730866,      -7.388213869,             0.448,    0.008697528523,      0.3259903684,                 0,                 0,                 0,     0.07865786087,     0.00550438657,      0.3260599163,                 0,       37.48080476
          0,           0,         484,      -7.937939015,      -8.316276358,      -8.418404017,      -7.381949775,             0.448,    0.008697378878,      0.3259908902,                 0,                 0,                 0,     0.07865762002,    0.005504231822,      0.3260604366,                 0,       37.48150963
          0,           0,         485,      -7.931030071,      -8.310630457,      -8.420236522,      -7.375486318,             0.448,     0.00869723798,      0.3259914129,                 0,                 0,                 0,     0.07865738193,    0.005504085811,      0.3260609579,                 0,       37.48217695
          0,           0,         486,       -7.92434514,      -8.305142383,      -8.421521885,      -7.369211241,             0.448,    0.008697105893,      0.3259919365,                 0,                 0,                 0,     0.07865714855,    0.005503948604,      0.3260614802,                 0,        37.4828064
          0,           0,         487,      -7.918140539,      -8.300501692,       -8.42262071,      -7.363396071,             0.448,    0.008696982537,      0.3259924609,                 0,                 0,                 0,     0.07865692186,    0.005503820116,      0.3260620034,                 0,       37.48339836
          0,           0,         488,      -7.912575926,      -8.297137797,      -8.423845236,      -7.358212757,             0.448,    0.008696867692,      0.3259929871,                 0,                 0,                 0,     0.07865670377,    0.005503700124,      0.3260625284,                 0,       37.48395383
          0,           0,         489,      -7.907733678,      -8.295240749,      -8.425403248,      -7.353751827,             0.448,    0.008696761003,      0.3259935159,                 0,                 0,                 0,     0.07865649606,    0.005503588261,      0.3260630561,                 0,       37.48447448
          0,           0,         490,      -7.903638522,      -8.294830567,      -8.427401032,      -7.350041866,             0.448,    0.008696661987,      0.3259940484,                 0,                 0,                 0,     0.07865630025,    0.005503484034,      0.3260635877,                 0,       37.48496249
          0,           0,         491,      -7.900274747,      -8.295831951,      -8.429868847,      -7.347067434,             0.448,    0.008696570061,      0.3259945857,                 0,                 0,                 0,     0.07865611748,     0.00550338685,       0.326064124,                 0,        37.4854205
          0,           0,         492,      -7.897600065,      -8.298128829,      -8.432781022,      -7.344783903,             0.448,    0.008696484569,      0.3259951284,                 0,                 0,                 0,      0.0786559485,    0.005503296047,      0.3260646658,                 0,       37.48585141
          0,           0,         493,      -7.895555962,      -8.301596004,      -8.436081969,      -7.343128684,             0.448,    0.008696404822,       0.325995677,                 0,                 0,                 0,     0.07865579363,    0.005503210932,      0.3260652136,                 0,       37.48625825
          0,           0,         494,      -7.894075917,      -8.306113005,      -8.439701855,      -7.342029786,             0.448,    0.008696330138,      0.3259962318,                 0,                 0,                 0,     0.07865565281,    0.005503130816,      0.3260657677,                 0,       37.48664398
          0,           0,         495,      -7.893092834,      -8.311568582,      -8.443565976,      -7.341413739,             0.448,    0.008696259865,      0.3259967928,                 0,                 0,                 0,     0.07865552561,    0.005503055053,      0.3260663279,                 0,       37.48701141
          0,           0,         496,      -7.892543925,      -8.317861881,      -8.447611495,      -7.341211051,             0.448,    0.008696193416,      0.3259973596,                 0,                 0,                 0,     0.07865541124,    0.005502983056,       0.326066894,                 0,       37.48736303
          0,           0,         497,      -7.892374145,      -8.324903223,      -8.451797342,      -7.341360345,             0.448,    0.008696130283,      0.3259979314,                 0,                 0,                 0,     0.07865530865,    0.005502914326,      0.3260674653,                 0,       37.48770095
          0,           0,         498,      -7.892540742,       -8.33261553,      -8.456095524,      -7.341814158,             0.448,    0.008696070044,      0.3259985074,                 0,                 0,                 0,     0.07865521655,    0.005502848448,      0.3260680406,                 0,       37.48802686
          0,           0,         499,      -7.893004264,        -8.3409366,      -8.460492726,      -7.342529295,             0.448,     0.00869601236,      0.3259990861,                 0,                 0,                 0,     0.07865513345,      0.0055027851,      0.3260686187,                 0,       37.48834208
          0,           0,         500,      -7.893738685,      -8.349827696,      -8.464990679,      -7.343475112,             0.448,     0.00869595698,      0.3259996657,                 0,                 0,                 0,      0.0786550578,    0.005502724046,      0.3260691978,                 0,       37.48864748
          0,           0,         501,      -7.894732407,      -8.359258503,       -8.46960483,      -7.344639672,             0.448,    0.008695903754,      0.3260002445,                 0,                 0,                 0,     0.07865498811,    0.005502665153,       0.326069776,                 0,        37.4889435
          0,           0,         502,      -7.895982263,      -8.369215243,      -8.474366507,      -7.346021832,             0.448,    0.008695852595,      0.3260008205,                 0,                 0,                 0,     0.07865492291,    0.005502608355,      0.3260703515,                 0,       37.48923029
          0,           0,         503,      -7.897492786,      -8.379693795,      -8.479305548,      -7.347628574,             0.448,    0.008695803466,      0.3260013917,                 0,                 0,                 0,     0.07865486088,    0.005502553634,      0.3260709222,                 0,       37.48950778
          0,           0,         504,      -7.899274828,      -8.390696409,      -8.484442412,      -7.349473483,             0.448,    0.008695756367,      0.3260019562,                 0,                 0,                 0,     0.07865480088,     0.00550250101,      0.3260714861,                 0,       37.48977575
          0,           0,         505,      -7.901343498,      -8.402227027,      -8.489794088,      -7.351575056,             0.448,    0.008695711319,       0.326002512,                 0,                 0,                 0,     0.07865474191,     0.00550245052,      0.3260720415,                 0,       37.49003388
          0,           0,         506,      -7.903715861,      -8.414288622,      -8.495379406,      -7.353954367,             0.448,    0.008695668348,      0.3260030574,                 0,                 0,                 0,     0.07865468323,    0.005502402209,      0.3260725865,                 0,       37.49028187
          0,           0,         507,      -7.906409035,       -8.42688113,      -8.501217268,      -7.356632751,             0.448,    0.008695627476,      0.3260035909,                 0,                 0,                 0,     0.07865462431,    0.005502356114,      0.3260731196,                 0,       37.49051944
          0,           0,         508,      -7.909438866,      -8.439999613,      -8.507323017,      -7.359630033,             0.448,    0.008695588712,      0.3260041112,                 0,                 0,                 0,     0.07865456482,    0.005502312256,      0.3260736394,                 0,        37.4907464
          0,           0,         509,      -7.912818993,      -8.453633631,      -8.513707178,      -7.362963349,             0.448,    0.008695552043,      0.3260046172,                 0,                 0,                 0,     0.07865450463,    0.005502270633,      0.3260741451,                 0,       37.49096269
          0,           0,         510,      -7.916560228,      -8.467766573,      -8.520376011,      -7.366646465,             0.448,    0.008695517434,      0.3260051082,                 0,                 0,                 0,     0.07865444381,    0.005502231217,      0.3260746357,                 0,       37.49116837
          0,           0,         511,      -7.920670311,       -8.48237492,      -8.527332122,      -7.370689518,             0.448,    0.008695484825,      0.3260055836,                 0,                 0,                 0,     0.07865438252,    0.005502193954,      0.3260751108,                 0,       37.49136364
          0,           0,         512,      -7.925154002,      -8.497428086,      -8.534574772,      -7.375099128,             0.448,    0.008695454135,      0.3260060432,                 0,                 0,                 0,     0.07865432105,    0.005502158764,        0.32607557,                 0,       37.49154882
          0,           0,         513,      -7.930013385,      -8.512889043,      -8.542100347,      -7.379878788,             0.448,    0.008695425262,      0.3260064868,                 0,                 0,                 0,     0.07865425976,    0.005502125547,      0.3260760134,                 0,       37.49172433
          0,           0,         514,      -7.935248288,      -8.528715468,      -8.549903229,      -7.385029408,             0.448,    0.008695398091,      0.3260069148,                 0,                 0,                 0,     0.07865419905,    0.005502094187,       0.326076441,                 0,       37.49189069
          0,           0,         515,       -7.94085678,      -8.544861196,      -8.557976809,      -7.390549929,             0.448,    0.008695372498,      0.3260073273,                 0,                 0,                 0,     0.07865413932,    0.005502064554,      0.3260768533,                 0,       37.49204849
          0,           0,         516,      -7.946835688,      -8.561277651,      -8.566314387,      -7.396437926,             0.448,    0.008695348352,      0.3260077249,                 0,                 0,                 0,     0.07865408096,    0.005502036515,      0.3260772506,                 0,       37.49219833
          0,           0,         517,      -7.953181055,      -8.577915293,      -8.574909826,      -7.402690129,             0.448,    0.008695325523,      0.3260081081,                 0,                 0,                 0,     0.07865402431,    0.005502009934,      0.3260776336,                 0,       37.49234083
          0,           0,         518,      -7.959888503,      -8.594724947,      -8.583757977,      -7.409302831,             0.448,    0.008695303887,      0.3260084775,                 0,                 0,                 0,     0.07865396968,    0.005501984681,      0.3260780028,                 0,        37.4924766
          0,           0,         519,      -7.966953491,      -8.611659074,      -8.592854895,      -7.416272144,             0.448,    0.008695283328,      0.3260088339,                 0,                 0,                 0,     0.07865391729,    0.005501960634,      0.3260783589,                 0,       37.49260623
          0,           0,         520,      -7.974371463,      -8.628672848,      -8.602197852,      -7.423594136,             0.448,    0.008695263743,      0.3260091777,                 0,                 0,                 0,     0.07865386732,    0.005501937682,      0.3260787025,                 0,       37.49273022
          0,           0,         521,      -7.982137936,      -8.645725241,      -8.611785221,      -7.431264889,             0.448,    0.008695245042,      0.3260095098,                 0,                 0,                 0,     0.07865381987,     0.00550191573,      0.3260790344,                 0,       37.49284904
          0,           0,         522,      -7.990248458,      -8.662779858,      -8.621616184,      -7.439280403,             0.448,    0.008695227153,      0.3260098306,                 0,                 0,                 0,     0.07865377499,      0.0055018947,       0.326079355,                 0,       37.49296307
          0,           0,         523,      -7.998698614,      -8.679805741,      -8.631690714,      -7.447636592,             0.448,    0.008695210018,      0.3260101407,                 0,                 0,                 0,     0.07865373266,    0.005501874528,       0.326079665,                 0,       37.49307263
          0,           0,         524,      -8.007483957,      -8.696778412,      -8.642009142,      -7.456329191,             0.448,    0.008695193596,      0.3260104407,                 0,                 0,                 0,     0.07865369283,    0.005501855169,      0.3260799648,                 0,       37.49317794
          0,           0,         525,           -8.0166,      -8.713680396,      -8.652571997,      -7.465353747,             0.448,    0.008695177861,      0.3260107311,                 0,                 0,                 0,     0.07865365541,     0.00550183659,       0.326080255,                 0,       37.49327918
          0,           0,         526,      -8.026042204,      -8.730501508,      -8.663380031,      -7.474705621,             0.448,    0.008695162798,      0.3260110121,                 0,                 0,                 0,     0.07865362029,    0.005501818776,      0.3260805358,                 0,       37.49337645
          0,           0,         527,      -8.035806011,      -8.747238998,      -8.674434178,      -7.484380048,             0.448,    0.008695148405,      0.3260112842,                 0,                 0,                 0,     0.07865358735,    0.005501801719,      0.3260808078,                 0,       37.49346981
          0,           0,         528,      -8.045886822,      -8.763897449,      -8.685735469,       -7.49437216,             0.448,     0.00869513469,      0.3260115477,                 0,                 0,                 0,     0.07865355645,    0.005501785424,      0.3260810711,                 0,       37.49355925
          0,           0,         529,      -8.056280018,      -8.780487921,      -8.697284958,      -7.504677036,             0.448,    0.008695121664,      0.3260118028,                 0,                 0,                 0,     0.07865352747,      0.0055017699,      0.3260813261,                 0,       37.49364476
          0,           0,         530,      -8.066981086,      -8.797027452,      -8.709083455,      -7.515289889,             0.448,    0.008695109344,      0.3260120499,                 0,                 0,                 0,     0.07865350029,     0.00550175516,       0.326081573,                 0,        37.4937263
          0,           0,         531,      -8.077985668,      -8.813537836,      -8.721131669,      -7.526206134,             0.448,    0.008695097745,       0.326012289,                 0,                 0,                 0,     0.07865347482,    0.005501741219,      0.3260818121,                 0,       37.49380382
          0,           0,         532,      -8.089289614,      -8.830044382,      -8.733430268,      -7.537421458,             0.448,    0.008695086883,      0.3260125206,                 0,                 0,                 0,     0.07865345097,     0.00550172809,      0.3260820435,                 0,       37.49387729
          0,           0,         533,      -8.100888995,      -8.846574646,       -8.74597987,      -7.548931849,             0.448,    0.008695076771,      0.3260127447,                 0,                 0,                 0,     0.07865342869,    0.005501715784,      0.3260822675,                 0,       37.49394667
          0,           0,         534,      -8.112780107,      -8.863157001,      -8.758781001,      -7.560733588,             0.448,    0.008695067416,      0.3260129616,                 0,                 0,                 0,     0.07865340794,    0.005501704306,      0.3260824843,                 0,       37.49401195
          0,           0,         535,      -8.124959446,      -8.879819297,      -8.771834064,      -7.572823217,             0.448,    0.008695058823,      0.3260131715,                 0,                 0,                 0,      0.0786533887,    0.005501693656,      0.3260826942,                 0,       37.49407315
          0,           0,         536,       -8.13742367,      -8.896587721,      -8.785139344,      -7.585197481,             0.448,    0.008695050987,      0.3260133747,                 0,                 0,                 0,     0.07865337096,    0.005501683831,      0.3260828973,                 0,        37.4941303
          0,           0,         537,      -8.150169548,      -8.913485804,      -8.798697024,      -7.597853247,             0.448,      0.0086950439,      0.3260135714,                 0,                 0,                 0,     0.07865335473,    0.005501674819,      0.3260830938,                 0,       37.49418348
          0,           0,         538,      -8.163193895,      -8.930533576,      -8.812507196,      -7.610787422,             0.448,    0.008695037546,      0.3260137617,                 0,                 0,                 0,     0.07865334003,    0.005501666601,      0.3260832841,                 0,       37.49423277
          0,           0,         539,      -8.176493522,      -8.947747024,      -8.826569834,      -7.623996884,             0.448,    0.008695031904,       0.326013946,                 0,                 0,                 0,     0.07865332686,    0.005501659153,      0.3260834684,                 0,        37.4942783
          0,           0,         540,      -8.190065189,      -8.965137789,      -8.840884776,      -7.637478423,             0.448,    0.008695026947,      0.3260141246,                 0,                 0,                 0,     0.07865331525,    0.005501652448,      0.3260836468,                 0,       37.49432021
          0,           0,         541,      -8.203905582,      -8.982713154,      -8.855451673,      -7.651228716,             0.448,    0.008695022645,      0.3260142975,                 0,                 0,                 0,      0.0786533052,    0.005501646452,      0.3260838197,                 0,       37.49435865
          0,           0,         542,       -8.21801131,      -9.000476223,      -8.870269943,      -7.665244322,             0.448,    0.008695018964,      0.3260144652,                 0,                 0,                 0,     0.07865329672,    0.005501641129,      0.3260839874,                 0,       37.49439381
          0,           0,         543,      -8.232378919,      -9.018426224,      -8.885338714,      -7.679521707,             0.448,    0.008695015867,      0.3260146278,                 0,                 0,                 0,      0.0786532898,     0.00550163644,        0.32608415,                 0,       37.49442586
          0,           0,         544,       -8.24700493,      -9.036558855,      -8.900656765,      -7.694057293,             0.448,    0.008695013317,      0.3260147856,                 0,                 0,                 0,     0.07865328442,    0.005501632345,      0.3260843077,                 0,       37.49445501
          0,           0,         545,      -8.261885883,      -9.054866808,      -8.916222484,      -7.708847513,             0.448,    0.008695011275,      0.3260149388,                 0,                 0,                 0,     0.07865328055,    0.005501628803,      0.3260844608,                 0,       37.49448143
          0,           0,         546,      -8.277018404,      -9.073340285,      -8.932033835,      -7.723888887,             0.448,    0.008695009704,      0.3260150875,                 0,                 0,                 0,     0.07865327813,    0.005501625775,      0.3260846095,                 0,       37.49450531
          0,           0,         547,      -8.292399258,      -9.091967618,      -8.948088354,      -7.739178088,             0.448,    0.008695008566,       0.326015232,                 0,                 0,                 0,     0.07865327709,    0.005501623222,       0.326084754,                 0,       37.49452683
          0,           0,         548,      -8.308025415,      -9.110735908,      -8.964383167,      -7.754712011,             0.448,    0.008695007825,      0.3260153724,                 0,                 0,                 0,     0.07865327737,    0.005501621106,      0.3260848944,                 0,       37.49454618
          0,           0,         549,      -8.323894103,      -9.129631603,      -8.980915041,      -7.770487826,             0.448,    0.008695007447,      0.3260155088,                 0,                 0,                 0,     0.07865327887,    0.005501619392,      0.3260850308,                 0,        37.4945635
          0,           0,         550,      -8.340002851,      -9.148641075,      -8.997680456,       -7.78650302,             0.448,    0.008695007401,      0.3260156414,                 0,                 0,                 0,      0.0786532815,    0.005501618047,      0.3260851634,                 0,       37.49457895
          0,           0,         551,      -8.356349524,      -9.167751033,      -9.014675714,      -7.802755432,             0.448,    0.008694562654,      0.3260157822,                 0,                 0,                 0,     0.07865328514,    0.005501617041,      0.3260852923,                 0,       37.49651307
          0,           0,         552,      -6.918502281,      -6.889891319,      -6.720916422,      -6.311875801,             0.448,    0.008694563341,      0.3260158852,                 0,                 0,                 0,     0.07865328453,    0.005501616719,      0.3260853953,                 0,       37.49652195
          0,           0,         553,       -7.21537893,      -7.154069753,       -6.99847078,      -6.604998698,             0.448,    0.008694562359,      0.3260154356,                 0,                 0,                 0,      0.0786531489,     0.00550162014,      0.3260849458,                 0,       37.49647448
          0,           0,         554,      -7.456593319,      -7.324564894,        -7.4228704,      -6.863368985,             0.448,    0.008694540021,      0.3260132773,                 0,                 0,                 0,     0.07865257367,    0.005501618938,      0.3260827874,                 0,       37.49632258
          0,           0,         555,      -7.652472327,      -7.464217946,      -7.657983208,      -7.043123564,             0.448,    0.008694503534,       0.326009968,                 0,                 0,                 0,     0.07865179132,    0.005501614859,      0.3260794778,                 0,       37.49609931
          0,           0,         556,      -7.810225396,         -7.662129,      -7.723263458,      -7.213013842,             0.448,    0.008694495156,      0.3260070028,                 0,                 0,                 0,     0.07865127363,    0.005501635519,      0.3260765127,                 0,        37.4957944
          0,           0,         557,      -7.903218443,      -7.768962613,       -7.84871446,      -7.307569378,             0.448,    0.008694492997,      0.3260053603,                 0,                 0,                 0,     0.07865121159,    0.005501649444,      0.3260748703,                 0,        37.4956148
          0,           0,         558,      -8.031527722,      -7.862412826,      -7.981710112,      -7.434237116,             0.448,    0.008694493979,      0.3260050256,                 0,                 0,                 0,     0.07865150244,    0.005501653703,      0.3260745356,                 0,       37.49557207
          0,           0,         559,      -8.063153134,      -7.893559116,      -8.048356817,      -7.464060958,             0.448,    0.008694492218,       0.326005086,                 0,                 0,                 0,     0.07865183345,    0.005501651351,       0.326074596,                 0,       37.49558661
          0,           0,         560,       -8.11579965,      -7.957394435,      -8.092465419,      -7.515133837,             0.448,     0.00869447345,      0.3260047668,                 0,                 0,                 0,     0.07865201662,     0.00550163571,      0.3260742765,                 0,       37.49563083
          0,           0,         561,      -8.228193071,      -8.085928947,      -8.181977396,      -7.633788595,             0.448,    0.008694455898,      0.3260041483,                 0,                 0,                 0,     0.07865210782,    0.005501624215,      0.3260736579,                 0,        37.4956354
          0,           0,         562,      -8.303727173,      -8.174516223,      -8.299337777,      -7.717462679,             0.448,    0.008694447934,      0.3260035375,                 0,                 0,                 0,     0.07865219586,    0.005501622232,      0.3260730471,                 0,       37.49559949
          0,           0,         563,      -8.334290205,      -8.213403549,      -8.363525998,      -7.746227346,             0.448,    0.008694446026,      0.3260030213,                 0,                 0,                 0,     0.07865229532,     0.00550162538,      0.3260725309,                 0,       37.49554834
          0,           0,         564,      -8.393458063,      -8.283097186,      -8.398281677,      -7.805326844,             0.448,    0.008694449824,      0.3260025754,                 0,                 0,                 0,     0.07865239632,    0.005501633544,       0.326072085,                 0,       37.49548068
          0,           0,         565,      -8.470611991,      -8.376587556,      -8.482742804,      -7.888704804,             0.448,    0.008694461027,      0.3260021938,                 0,                 0,                 0,     0.07865249857,    0.005501648483,      0.3260717036,                 0,       37.49538848
          0,           0,         566,      -8.519356397,      -8.455665643,      -8.611902403,      -7.943063741,             0.448,    0.008694479182,      0.3260018762,                 0,                 0,                 0,     0.07865260035,    0.005501669748,      0.3260713862,                 0,       37.49527365
          0,           0,         567,      -8.547886812,      -8.517527289,      -8.694796197,      -7.972849334,             0.448,    0.008694502287,      0.3260015934,                 0,                 0,                 0,     0.07865269201,    0.005501695621,      0.3260711036,                 0,       37.49514148
          0,           0,         568,      -8.571134226,       -8.57092271,      -8.714451365,      -7.996966482,             0.448,    0.008694529444,      0.3260013107,                 0,                 0,                 0,     0.07865276774,    0.005501725545,      0.3260708212,                 0,       37.49499186
          0,           0,         569,      -8.585054982,      -8.620140984,      -8.741184542,       -8.01373648,             0.448,    0.008694561147,      0.3260010263,                 0,                 0,                 0,     0.07865283231,    0.005501760031,      0.3260705372,                 0,       37.49482243
          0,           0,         570,      -8.588766868,       -8.66957534,      -8.788641589,      -8.021863259,             0.448,    0.008694597621,      0.3260007575,                 0,                 0,                 0,     0.07865289406,    0.005501799136,      0.3260702687,                 0,       37.49463422
          0,           0,         571,      -8.584963106,      -8.720499616,      -8.837026271,      -8.022742985,             0.448,    0.008694638193,      0.3260005074,                 0,                 0,                 0,     0.07865295556,    0.005501842154,       0.326070019,                 0,        37.4944305
          0,           0,         572,      -8.574192731,      -8.767679892,      -8.872939036,      -8.015865662,             0.448,    0.008694682019,      0.3260002659,                 0,                 0,                 0,     0.07865301506,    0.005501888344,      0.3260697779,                 0,       37.49421373
          0,           0,         573,      -8.557370121,      -8.806141069,      -8.897862582,      -8.001763664,             0.448,    0.008694728422,      0.3260000273,                 0,                 0,                 0,      0.0786530722,    0.005501937082,      0.3260695398,                 0,       37.49398618
          0,           0,         574,      -8.537018401,      -8.835589212,      -8.914943627,      -7.983272489,             0.448,    0.008694776641,      0.3259997946,                 0,                 0,                 0,     0.07865312883,    0.005501987577,      0.3260693075,                 0,       37.49375148
          0,           0,         575,       -8.51551941,      -8.856729293,      -8.924627975,      -7.963123934,             0.448,    0.008694825833,      0.3259995703,                 0,                 0,                 0,     0.07865318658,    0.005502038963,      0.3260690838,                 0,       37.49351357
          0,           0,         576,       -8.49428314,      -8.870096013,      -8.927801174,      -7.942841746,             0.448,    0.008694875311,      0.3259993526,                 0,                 0,                 0,     0.07865324568,     0.00550209057,      0.3260688666,                 0,       37.49327517
          0,           0,         577,      -8.474006848,      -8.877053766,      -8.926608009,      -7.923175811,             0.448,     0.00869492459,      0.3259991382,                 0,                 0,                 0,     0.07865330581,    0.005502141947,      0.3260686526,                 0,       37.49303801
          0,           0,         578,      -8.455027524,      -8.879210151,      -8.923701215,      -7.904546359,             0.448,     0.00869497325,      0.3259989261,                 0,                 0,                 0,     0.07865336695,    0.005502192681,       0.326068441,                 0,        37.4928038
          0,           0,         579,      -8.437544902,      -8.877961879,      -8.921002439,      -7.887244628,             0.448,    0.008695020869,      0.3259987175,                 0,                 0,                 0,     0.07865342935,    0.005502242341,      0.3260682329,                 0,       37.49257447
          0,           0,         580,      -8.421684591,      -8.874582278,      -8.919070756,      -7.871467427,             0.448,    0.008695067056,      0.3259985132,                 0,                 0,                 0,     0.07865349307,    0.005502290526,      0.3260680291,                 0,       37.49235183
          0,           0,         581,      -8.407486216,      -8.870044071,      -8.917684698,      -7.857293954,             0.448,    0.008695111497,      0.3259983133,                 0,                 0,                 0,     0.07865355779,    0.005502336922,      0.3260678296,                 0,       37.49213721
          0,           0,         582,      -8.394920788,       -8.86492366,      -8.916571787,      -7.844711956,             0.448,    0.008695153951,      0.3259981168,                 0,                 0,                 0,     0.07865362293,    0.005502381298,      0.3260676336,                 0,       37.49193156
          0,           0,         583,      -8.383932146,       -8.85960073,      -8.915601939,      -7.833676042,             0.448,    0.008695194246,       0.325997923,                 0,                 0,                 0,     0.07865368787,    0.005502423488,      0.3260674402,                 0,       37.49173553
          0,           0,         584,      -8.374457309,      -8.854450151,      -8.914745635,       -7.82413554,             0.448,    0.008695232271,      0.3259977316,                 0,                 0,                 0,     0.07865375203,    0.005502463387,      0.3260672491,                 0,       37.49154956
          0,           0,         585,      -8.366426977,      -8.849881328,      -8.914064006,      -7.816033345,             0.448,    0.008695267974,      0.3259975423,                 0,                 0,                 0,     0.07865381493,    0.005502500942,      0.3260670602,                 0,       37.49137385
          0,           0,         586,      -8.359764576,       -8.84628441,      -8.913697807,      -7.809302639,             0.448,    0.008695301346,      0.3259973551,                 0,                 0,                 0,     0.07865387609,    0.005502536145,      0.3260668733,                 0,       37.49120843
          0,           0,         587,      -8.354388013,       -8.84395581,      -8.913812147,      -7.803868363,             0.448,    0.008695332416,      0.3259971698,                 0,                 0,                 0,     0.07865393506,    0.005502569028,      0.3260666884,                 0,       37.49105316
          0,           0,         588,      -8.350211452,      -8.843054221,      -8.914535635,       -7.79964921,             0.448,    0.008695361248,      0.3259969863,                 0,                 0,                 0,     0.07865399139,    0.005502599657,      0.3260665051,                 0,       37.49090773
          0,           0,         589,      -8.347146678,      -8.843606718,      -8.915934839,      -7.796559037,             0.448,    0.008695387941,       0.325996804,                 0,                 0,                 0,     0.07865404465,    0.005502628133,      0.3260663231,                 0,       37.49077168
          0,           0,         590,      -8.345104791,      -8.845548272,      -8.918021664,      -7.794508838,             0.448,    0.008695412621,      0.3259966227,                 0,                 0,                 0,      0.0786540945,    0.005502654587,      0.3260661421,                 0,       37.49064442
          0,           0,         591,      -8.343998031,      -8.848767343,      -8.920771327,      -7.793409224,             0.448,     0.00869543544,      0.3259964421,                 0,                 0,                 0,     0.07865414069,    0.005502679174,      0.3260659617,                 0,       37.49052527
          0,           0,         592,      -8.343741253,      -8.853140613,      -8.924137167,      -7.793172566,             0.448,    0.008695456563,      0.3259962618,                 0,                 0,                 0,     0.07865418304,    0.005502702061,      0.3260657816,                 0,       37.49041347
          0,           0,         593,      -8.344253097,      -8.858552128,      -8.928060504,      -7.793714561,             0.448,    0.008695476163,      0.3259960818,                 0,                 0,                 0,     0.07865422152,    0.005502723423,      0.3260656018,                 0,       37.49030825
          0,           0,         594,       -8.34545712,      -8.864899483,      -8.932478538,      -7.794955532,             0.448,    0.008695494412,      0.3259959018,                 0,                 0,                 0,     0.07865425615,    0.005502743434,       0.326065422,                 0,       37.49020887
          0,           0,         595,      -8.347282852,      -8.872092619,      -8.937331793,      -7.796821575,             0.448,    0.008695511472,      0.3259957218,                 0,                 0,                 0,     0.07865428708,    0.005502762256,      0.3260652422,                 0,       37.49011462
          0,           0,         596,      -8.349666605,      -8.880050512,       -8.94256972,      -7.799245512,             0.448,    0.008695527489,      0.3259955418,                 0,                 0,                 0,     0.07865431452,    0.005502780034,      0.3260650624,                 0,       37.49002487
          0,           0,         597,      -8.352551951,      -8.888699494,       -8.94815277,      -7.802167575,             0.448,    0.008695542591,       0.325995362,                 0,                 0,                 0,     0.07865433873,    0.005502796896,      0.3260648827,                 0,       37.48993908
          0,           0,         598,      -8.355889979,      -8.897974332,      -8.954051543,      -7.805535883,             0.448,    0.008695556883,      0.3259951825,                 0,                 0,                 0,     0.07865436006,    0.005502812945,      0.3260647034,                 0,       37.48985682
          0,           0,         599,      -8.359639373,      -8.907820892,      -8.960244857,      -7.809306697,             0.448,    0.008695570451,      0.3259950036,                 0,                 0,                 0,     0.07865437888,    0.005502828264,      0.3260645246,                 0,       37.48977775
          0,           0,         600,      -8.363766314,      -8.918198261,       -8.96671803,      -7.813444418,             0.448,     0.00869558336,      0.3259948257,                 0,                 0,                 0,     0.07865439559,    0.005502842914,      0.3260643469,                 0,       37.48970164
          0,           0,         601,      -8.368244153,      -8.929079078,      -8.973461585,      -7.817921299,             0.448,    0.008695742854,      0.3259946453,                 0,                 0,                 0,     0.07865441056,    0.005502856938,      0.3260641705,                 0,       37.48899327
          0,           0,         602,      -7.396658057,      -7.370447602,      -7.201270825,      -6.790592615,             0.448,    0.008695754414,      0.3259944803,                 0,                 0,                 0,     0.07865442574,    0.005502870113,      0.3260640056,                 0,       37.48892445
          0,           0,         603,      -7.687971678,      -7.633697112,       -7.47868221,      -7.079403093,             0.448,     0.00869576635,      0.3259944956,                 0,                 0,                 0,     0.07865448502,    0.005502881899,       0.326064021,                 0,       37.48887475
          0,           0,         604,       -7.91355132,      -7.803882536,      -7.902491139,      -7.324191548,             0.448,    0.008695784924,       0.325995081,                 0,                 0,                 0,     0.07865469015,    0.005502894739,      0.3260646066,                 0,         37.488862
          0,           0,         605,      -8.079656461,      -7.940967329,       -8.13402981,      -7.481610475,             0.448,    0.008695807382,      0.3259960543,                 0,                 0,                 0,     0.07865496351,    0.005502907664,      0.3260655801,                 0,       37.48887711
          0,           0,         606,       -8.19411675,      -8.136571644,      -8.197495643,      -7.612183603,             0.448,    0.008695819941,      0.3259969154,                 0,                 0,                 0,      0.0786551485,     0.00550291179,      0.3260664412,                 0,       37.48892198
          0,           0,         607,        -8.2537575,      -8.244113552,      -8.320699839,      -7.676891645,             0.448,    0.008695829996,      0.3259973291,                 0,                 0,                 0,     0.07865518179,    0.005502917793,       0.326066855,                 0,       37.48892621
          0,           0,         608,      -8.321701621,      -8.336273066,      -8.450306139,      -7.750028668,             0.448,    0.008695838885,      0.3259973184,                 0,                 0,                 0,     0.07865510204,    0.005502926786,      0.3260668444,                 0,       37.48888666
          0,           0,         609,       -8.34102442,      -8.364285583,       -8.51614947,      -7.769561663,             0.448,    0.008695847847,      0.3259971802,                 0,                 0,                 0,     0.07865500827,    0.005502937101,      0.3260667063,                 0,       37.48883213
          0,           0,         610,      -8.367730149,      -8.421416483,      -8.558637582,      -7.797532332,             0.448,    0.008695861737,      0.3259971628,                 0,                 0,                 0,     0.07865496132,    0.005502951161,       0.326066689,                 0,       37.48877025
          0,           0,         611,      -8.410097616,      -8.534838549,      -8.641137357,      -7.846349542,             0.448,    0.008695874934,      0.3259972489,                 0,                 0,                 0,     0.07865494445,    0.005502963514,      0.3260667752,                 0,       37.48872326
          0,           0,         612,      -8.437231535,      -8.610565077,      -8.747130002,      -7.877591685,             0.448,    0.008695884686,      0.3259973429,                 0,                 0,                 0,      0.0786549303,    0.005502972345,      0.3260668694,                 0,       37.48869203
          0,           0,         613,      -8.454371464,      -8.645530854,      -8.803643439,      -7.894696484,             0.448,    0.008695892173,      0.3259974104,                 0,                 0,                 0,      0.0786549128,     0.00550297917,      0.3260669369,                 0,       37.48866752
          0,           0,         614,      -8.477153679,      -8.703853891,       -8.83263806,      -7.918292733,             0.448,     0.00869589753,       0.325997457,                 0,                 0,                 0,      0.0786548944,    0.005502984071,      0.3260669836,                 0,       37.48864978
          0,           0,         615,      -8.502603474,      -8.778988185,      -8.900652359,      -7.945735309,             0.448,    0.008695900291,      0.3259974862,                 0,                 0,                 0,     0.07865487552,    0.005502986547,      0.3260670128,                 0,       37.48864123
          0,           0,         616,      -8.524922157,      -8.845268654,      -8.997444957,      -7.969184015,             0.448,    0.008695900609,       0.325997498,                 0,                 0,                 0,     0.07865485631,    0.005502986749,      0.3260670246,                 0,       37.48864122
          0,           0,         617,      -8.545834948,      -8.900552477,      -9.059119643,      -7.990312065,             0.448,     0.00869589901,      0.3259975001,                 0,                 0,                 0,     0.07865483911,    0.005502985129,      0.3260670267,                 0,       37.48864835
          0,           0,         618,      -8.567134266,      -8.948060027,      -9.083107002,      -8.011567671,             0.448,    0.008695895856,      0.3259975029,                 0,                 0,                 0,     0.07865482587,    0.005502981947,      0.3260670295,                 0,       37.48866228
          0,           0,         619,      -8.588908601,      -8.991689857,      -9.111790108,      -8.033320887,             0.448,    0.008695891076,      0.3259975091,                 0,                 0,                 0,     0.07865481572,    0.005502977108,      0.3260670356,                 0,       37.48868359
          0,           0,         620,      -8.611217054,      -9.036203936,       -9.15377173,      -8.055682459,             0.448,    0.008695884541,      0.3259975144,                 0,                 0,                 0,     0.07865480637,    0.005502970521,      0.3260670408,                 0,       37.48871237
          0,           0,         621,      -8.634173686,      -9.083351918,      -9.197975876,      -8.078705895,             0.448,    0.008695876383,      0.3259975167,                 0,                 0,                 0,     0.07865479669,    0.005502962341,       0.326067043,                 0,        37.4887478
          0,           0,         622,      -8.657633281,      -9.131293079,      -9.236808029,      -8.102150285,             0.448,    0.008695866855,      0.3259975182,                 0,                 0,                 0,     0.07865478699,    0.005502952798,      0.3260670445,                 0,       37.48878906
          0,           0,         623,      -8.681379468,      -9.177408007,      -9.270833971,      -8.125749905,             0.448,    0.008695856173,      0.3259975213,                 0,                 0,                 0,     0.07865477763,    0.005502942087,      0.3260670474,                 0,       37.48883546
          0,           0,         624,      -8.705340436,       -9.22075722,       -9.30183731,      -8.149464284,             0.448,    0.008695844562,      0.3259975254,                 0,                 0,                 0,      0.0786547682,    0.005502930436,      0.3260670515,                 0,         37.488886
          0,           0,         625,       -8.72953902,      -9.261185434,      -9.329686609,      -8.173368433,             0.448,    0.008695832289,      0.3259975296,                 0,                 0,                 0,     0.07865475809,    0.005502918122,      0.3260670555,                 0,       37.48893939
          0,           0,         626,      -8.753969747,       -9.29827798,      -9.354076353,      -8.197470126,             0.448,    0.008695819607,      0.3259975339,                 0,                 0,                 0,     0.07865474713,    0.005502905398,      0.3260670597,                 0,       37.48899456
          0,           0,         627,      -8.778563782,      -9.331955252,      -9.375586534,      -8.221689568,             0.448,    0.008695806704,      0.3259975395,                 0,                 0,                 0,     0.07865473541,    0.005502892442,      0.3260670651,                 0,       37.48905082
          0,           0,         628,      -8.803209225,      -9.362623726,      -9.395552413,      -8.245911631,             0.448,    0.008695793731,      0.3259975467,                 0,                 0,                 0,     0.07865472297,    0.005502879399,      0.3260670722,                 0,       37.48910758
          0,           0,         629,         -8.827788,      -9.390535845,      -9.415360168,      -8.270028594,             0.448,    0.008695780837,      0.3259975552,                 0,                 0,                 0,     0.07865470972,    0.005502866422,      0.3260670806,                 0,       37.48916415
          0,           0,         630,      -8.852203347,      -9.415428167,      -9.435631193,      -8.293959555,             0.448,    0.008695768166,      0.3259975646,                 0,                 0,                 0,      0.0786546956,     0.00550285366,      0.3260670899,                 0,       37.48921986
          0,           0,         631,      -8.876371256,      -9.436562776,      -9.456177334,      -8.317632037,             0.448,    0.008695755841,      0.3259975747,                 0,                 0,                 0,     0.07865468067,    0.005502841236,      0.3260670998,                 0,       37.48927415
          0,           0,         632,      -8.900204166,       -9.45308689,      -9.476518385,      -8.340962134,             0.448,    0.008695743952,      0.3259975856,                 0,                 0,                 0,      0.0786546651,    0.005502829241,      0.3260671106,                 0,       37.48932666
          0,           0,         633,      -8.923618515,      -9.464576939,      -9.496223078,      -8.363867946,             0.448,    0.008695732567,      0.3259975975,                 0,                 0,                 0,     0.07865464911,     0.00550281774,      0.3260671224,                 0,       37.48937711
          0,           0,         634,      -8.946550311,      -9.471331741,      -9.514984776,      -8.386292491,             0.448,    0.008695721735,      0.3259976104,                 0,                 0,                 0,     0.07865463287,    0.005502806782,      0.3260671353,                 0,        37.4894253
          0,           0,         635,      -8.968957361,      -9.474261728,      -9.532651444,      -8.408207687,             0.448,    0.008695711486,      0.3259976245,                 0,                 0,                 0,     0.07865461656,    0.005502796396,      0.3260671492,                 0,        37.4894711
          0,           0,         636,      -8.990811928,      -9.474583542,      -9.549247164,      -8.429604812,             0.448,    0.008695701835,      0.3259976394,                 0,                 0,                 0,     0.07865460032,    0.005502786599,      0.3260671641,                 0,       37.48951443
          0,           0,         637,      -9.012093781,      -9.473508645,      -9.564927622,      -8.450485256,             0.448,    0.008695692781,      0.3259976554,                 0,                 0,                 0,     0.07865458432,     0.00550277739,      0.3260671799,                 0,        37.4895553
          0,           0,         638,      -9.032783765,      -9.472023881,      -9.579887463,       -8.47085274,             0.448,    0.008695684316,      0.3259976722,                 0,                 0,                 0,     0.07865456872,     0.00550276876,      0.3260671967,                 0,       37.48959373
          0,           0,         639,      -9.052855212,      -9.470808898,      -9.594289673,      -8.490703638,             0.448,    0.008695676418,      0.3259976901,                 0,                 0,                 0,     0.07865455367,    0.005502760687,      0.3260672145,                 0,       37.48962984
          0,           0,         640,      -9.072264977,      -9.470265257,      -9.608243126,      -8.510016806,             0.448,    0.008695669055,       0.325997709,                 0,                 0,                 0,     0.07865453931,     0.00550275314,      0.3260672333,                 0,       37.48966375
          0,           0,         641,      -9.090947013,      -9.470594908,      -9.621804154,      -8.528745927,             0.448,    0.008695662188,       0.325997729,                 0,                 0,                 0,     0.07865452573,    0.005502746076,      0.3260672533,                 0,       37.48969566
          0,           0,         642,      -9.108808498,      -9.471876966,      -9.634979376,      -8.546814392,             0.448,    0.008695655769,      0.3259977502,                 0,                 0,                 0,     0.07865451303,    0.005502739451,      0.3260672744,                 0,       37.48972577
          0,           0,         643,      -9.125728061,      -9.474120735,      -9.647726627,      -8.564111951,             0.448,    0.008695649751,      0.3259977725,                 0,                 0,                 0,     0.07865450123,    0.005502733214,      0.3260672966,                 0,       37.48975428
          0,           0,         644,      -9.141557729,       -9.47729594,      -9.659961557,      -8.580494626,             0.448,    0.008695644082,      0.3259977959,                 0,                 0,                 0,     0.07865449037,    0.005502727316,        0.32606732,                 0,       37.48978142
          0,           0,         645,      -9.156130577,      -9.481349401,      -9.671575233,      -8.595790152,             0.448,    0.008695638714,      0.3259978205,                 0,                 0,                 0,     0.07865448042,    0.005502721707,      0.3260673446,                 0,       37.48980739
          0,           0,         646,      -9.169274296,      -9.486215444,      -9.682458243,       -8.60980988,             0.448,    0.008695633604,      0.3259978463,                 0,                 0,                 0,     0.07865447135,    0.005502716346,      0.3260673702,                 0,       37.48983238
          0,           0,         647,      -9.180829269,      -9.491823709,      -9.692520954,      -8.622366494,             0.448,    0.008695628714,       0.325997873,                 0,                 0,                 0,     0.07865446309,    0.005502711194,      0.3260673969,                 0,       37.48985654
          0,           0,         648,      -9.190668833,      -9.498106459,      -9.701704549,      -8.633295703,             0.448,    0.008695624012,      0.3259979008,                 0,                 0,                 0,     0.07865445557,     0.00550270622,      0.3260674246,                 0,          37.48988
          0,           0,         649,      -9.198718479,      -9.505005093,      -9.709984918,       -8.64247865,             0.448,    0.008695619472,      0.3259979293,                 0,                 0,                 0,     0.07865444867,    0.005502701401,      0.3260674531,                 0,       37.48990286
          0,           0,         650,      -9.204970102,      -9.512474751,      -9.717373288,      -8.649860747,             0.448,    0.008695615077,      0.3259979586,                 0,                 0,                 0,     0.07865444229,     0.00550269672,      0.3260674823,                 0,       37.48992517
          0,           0,         651,       -9.20948808,      -9.520486184,      -9.723914578,      -8.655462837,             0.448,    0.008695668892,      0.3259979868,                 0,                 0,                 0,     0.07865443632,    0.005502692167,      0.3260675121,                 0,        37.4896964
          0,           0,         652,      -7.802874801,      -7.773925392,      -7.605265521,      -7.196204815,             0.448,    0.008695664837,      0.3259980192,                 0,                 0,                 0,     0.07865443148,    0.005502687794,      0.3260675445,                 0,       37.48971762
          0,           0,         653,      -8.098976894,      -8.038408313,      -7.882721957,      -7.488817871,             0.448,    0.008695661055,      0.3259981247,                 0,                 0,                 0,     0.07865444456,     0.00550268298,      0.3260676499,                 0,       37.48974605
          0,           0,         654,      -8.339568594,      -8.208486572,      -8.306612346,      -7.746702069,             0.448,    0.008695660183,      0.3259984514,                 0,                 0,                 0,     0.07865451484,    0.005502678909,      0.3260679765,                 0,       37.48978738
          0,           0,         655,      -8.533436764,      -8.349340952,      -8.542288525,      -7.925025697,             0.448,    0.008695661415,      0.3259989264,                 0,                 0,                 0,     0.07865461239,    0.005502675489,      0.3260684515,                 0,       37.48983669
          0,           0,         656,      -8.686922403,      -8.546628366,       -8.60841825,      -8.091382428,             0.448,    0.008695659169,      0.3259993559,                 0,                 0,                 0,      0.0786546756,    0.005502669036,      0.3260688811,                 0,       37.48989577
          0,           0,         657,      -8.771228204,       -8.64993813,      -8.732843588,      -8.178640811,             0.448,     0.00869565617,      0.3259996167,                 0,                 0,                 0,     0.07865467939,    0.005502663483,      0.3260691418,                 0,       37.48993869
          0,           0,         658,      -8.878813206,      -8.741029124,      -8.862413771,      -8.288282538,             0.448,    0.008695652856,      0.3259997035,                 0,                 0,                 0,     0.07865463623,     0.00550265932,      0.3260692286,                 0,       37.48996296
          0,           0,         659,      -8.896914182,      -8.774063279,      -8.924985586,      -8.307316506,             0.448,    0.008695650149,      0.3259997389,                 0,                 0,                 0,      0.0786545883,    0.005502656266,      0.3260692639,                 0,        37.4899787
          0,           0,         660,      -8.929044104,      -8.841457721,      -8.967369507,      -8.341857231,             0.448,    0.008695649822,      0.3259998245,                 0,                 0,                 0,     0.07865456013,    0.005502655101,      0.3260693495,                 0,       37.48998995
          0,           0,         661,      -8.992125066,      -8.973696901,      -9.053921495,      -8.416303253,             0.448,    0.008695649484,      0.3259999468,                 0,                 0,                 0,     0.07865454367,    0.005502653565,      0.3260694718,                 0,       37.49000548
          0,           0,         662,      -9.018822712,      -9.062624739,      -9.161159625,       -8.45241564,             0.448,     0.00869564802,      0.3260000653,                 0,                 0,                 0,     0.07865452727,    0.005502650941,      0.3260695903,                 0,       37.49002542
          0,           0,         663,      -9.019670553,      -9.100631864,      -9.215861422,      -8.454883597,             0.448,    0.008695645896,      0.3260001693,                 0,                 0,                 0,     0.07865450948,    0.005502647798,      0.3260696943,                 0,       37.49004654
          0,           0,         664,      -9.029538897,      -9.171446805,      -9.247014549,      -8.468314497,             0.448,    0.008695643153,      0.3260002627,                 0,                 0,                 0,     0.07865449166,     0.00550264414,      0.3260697876,                 0,        37.4900691
          0,           0,         665,      -9.037977155,      -9.262293826,      -9.318364773,      -8.481846836,             0.448,    0.008695639572,      0.3260003464,                 0,                 0,                 0,     0.07865447376,     0.00550263974,      0.3260698713,                 0,       37.49009417
          0,           0,         666,      -9.035044435,      -9.331539303,       -9.40989735,      -8.481504428,             0.448,    0.008695635238,      0.3260004205,                 0,                 0,                 0,     0.07865445606,    0.005502634681,      0.3260699453,                 0,       37.49012137
          0,           0,         667,      -9.027883158,      -9.379022356,      -9.453529976,      -8.475379892,             0.448,    0.008695630409,      0.3260004888,                 0,                 0,                 0,     0.07865443979,    0.005502629183,      0.3260700136,                 0,       37.49015005
          0,           0,         668,      -9.020515167,       -9.41678135,      -9.459774052,      -8.468835539,             0.448,    0.008695625171,      0.3260005558,                 0,                 0,                 0,     0.07865442569,    0.005502623289,      0.3260700805,                 0,       37.49018034
          0,           0,         669,      -9.013136966,      -9.451315291,      -9.471023928,      -8.462170743,             0.448,    0.008695619444,      0.3260006218,                 0,                 0,                 0,     0.07865441311,    0.005502616916,      0.3260701465,                 0,       37.49021262
          0,           0,         670,      -9.005899201,       -9.48457913,      -9.490601232,      -8.455517358,             0.448,    0.008695613188,      0.3260006847,                 0,                 0,                 0,     0.07865440106,    0.005502610045,      0.3260702093,                 0,       37.49024682
          0,           0,         671,      -8.998908878,      -9.514158929,      -9.508117261,      -8.449002863,             0.448,    0.008695606478,      0.3260007442,                 0,                 0,                 0,     0.07865438922,    0.005502602752,      0.3260702687,                 0,       37.49028259
          0,           0,         672,      -8.992108093,      -9.536433898,      -9.519725542,      -8.442534984,             0.448,    0.008695599403,      0.3260008015,                 0,                 0,                 0,     0.07865437782,    0.005502595116,       0.326070326,                 0,       37.49031969
          0,           0,         673,      -8.985565079,      -9.551318779,      -9.527443562,      -8.436172737,             0.448,    0.008695592041,      0.3260008575,                 0,                 0,                 0,     0.07865436692,    0.005502587206,      0.3260703819,                 0,       37.49035787
          0,           0,         674,      -8.979475056,      -9.561273445,      -9.532951006,       -8.43016377,             0.448,    0.008695584484,       0.326000912,                 0,                 0,                 0,      0.0786543563,    0.005502579116,      0.3260704363,                 0,       37.49039671
          0,           0,         675,      -8.973994952,      -9.567907292,      -9.536640906,      -8.424713783,             0.448,     0.00869557684,      0.3260009645,                 0,                 0,                 0,     0.07865434574,    0.005502570958,      0.3260704887,                 0,       37.49043571
          0,           0,         676,      -8.969189418,      -9.571861445,       -9.53885472,      -8.419902615,             0.448,    0.008695569199,      0.3260010154,                 0,                 0,                 0,     0.07865433521,    0.005502562818,      0.3260705396,                 0,       37.49047451
          0,           0,         677,      -8.965069238,      -9.573690063,       -9.54023402,      -8.415743233,             0.448,    0.008695561624,      0.3260010652,                 0,                 0,                 0,     0.07865432472,    0.005502554757,      0.3260705892,                 0,       37.49051289
          0,           0,         678,      -8.961632576,      -9.573915653,      -9.541507312,       -8.41223859,             0.448,    0.008695554174,      0.3260011139,                 0,                 0,                 0,     0.07865431429,     0.00550254683,      0.3260706379,                 0,       37.49055062
          0,           0,         679,      -8.958883697,      -9.573057593,      -9.543148176,      -8.409401823,             0.448,    0.008695546905,      0.3260011615,                 0,                 0,                 0,     0.07865430385,    0.005502539095,      0.3260706854,                 0,       37.49058743
          0,           0,         680,      -8.956829559,      -9.571725393,      -9.545251844,      -8.407249244,             0.448,    0.008695539873,      0.3260012079,                 0,                 0,                 0,     0.07865429338,    0.005502531609,      0.3260707318,                 0,       37.49062309
          0,           0,         681,      -8.955469448,      -9.570467183,       -9.54773893,      -8.405785974,             0.448,    0.008695533121,      0.3260012531,                 0,                 0,                 0,     0.07865428293,    0.005502524414,      0.3260707769,                 0,        37.4906574
          0,           0,         682,       -8.95479398,      -9.569610854,      -9.550553563,      -8.405004686,             0.448,    0.008695526683,      0.3260012973,                 0,                 0,                 0,     0.07865427254,    0.005502517544,       0.326070821,                 0,       37.49069023
          0,           0,         683,      -8.954790726,      -9.569297832,      -9.553684073,      -8.404893841,             0.448,    0.008695520584,      0.3260013405,                 0,                 0,                 0,      0.0786542623,    0.005502511023,      0.3260708641,                 0,        37.4907215
          0,           0,         684,      -8.955447064,      -9.569605991,      -9.557129661,       -8.40544217,             0.448,    0.008695514841,      0.3260013828,                 0,                 0,                 0,     0.07865425227,    0.005502504865,      0.3260709064,                 0,       37.49075112
          0,           0,         685,      -8.956749436,      -9.570634877,      -9.560901452,      -8.406637849,             0.448,    0.008695509461,      0.3260014243,                 0,                 0,                 0,     0.07865424252,     0.00550249908,      0.3260709478,                 0,       37.49077909
          0,           0,         686,      -8.958682298,      -9.572517001,      -9.565033196,      -8.408467098,             0.448,    0.008695504446,      0.3260014649,                 0,                 0,                 0,      0.0786542331,    0.005502493667,      0.3260709884,                 0,       37.49080539
          0,           0,         687,       -8.96122778,      -9.575378311,      -9.569572066,      -8.410913695,             0.448,    0.008695499793,      0.3260015048,                 0,                 0,                 0,     0.07865422409,    0.005502488623,      0.3260710283,                 0,       37.49083004
          0,           0,         688,      -8.964365547,      -9.579294475,       -9.57455842,      -8.413958632,             0.448,    0.008695495492,       0.326001544,                 0,                 0,                 0,     0.07865421554,    0.005502483939,      0.3260710674,                 0,       37.49085309
          0,           0,         689,      -8.968072845,      -9.584275748,      -9.580013666,      -8.417579911,             0.448,     0.00869549153,      0.3260015825,                 0,                 0,                 0,      0.0786542075,      0.0055024796,      0.3260711059,                 0,        37.4908746
          0,           0,         690,      -8.972324875,      -9.590280068,      -9.585940537,      -8.421752857,             0.448,    0.008695487889,      0.3260016204,                 0,                 0,                 0,     0.07865420003,    0.005502475588,      0.3260711437,                 0,       37.49089465
          0,           0,         691,      -8.977095341,      -9.597237931,      -9.592328731,      -8.426450806,             0.448,    0.008695484547,      0.3260016578,                 0,                 0,                 0,     0.07865419316,     0.00550247188,      0.3260711811,                 0,       37.49091336
          0,           0,         692,      -8.982356982,      -9.605073285,      -9.599159884,      -8.431645846,             0.448,    0.008695481481,      0.3260016947,                 0,                 0,                 0,     0.07865418691,    0.005502468452,       0.326071218,                 0,       37.49093083
          0,           0,         693,      -8.988082073,      -9.613714837,      -9.606410724,      -8.437309435,             0.448,    0.008695478664,      0.3260017312,                 0,                 0,                 0,      0.0786541813,    0.005502465279,      0.3260712544,                 0,       37.49094716
          0,           0,         694,      -8.994242983,      -9.623098289,      -9.614055472,      -8.443413016,             0.448,    0.008695476072,      0.3260017672,                 0,                 0,                 0,     0.07865417632,    0.005502462334,      0.3260712905,                 0,       37.49096249
          0,           0,         695,      -9.000812785,      -9.633164157,      -9.622068302,       -8.44992862,             0.448,    0.008695473681,       0.326001803,                 0,                 0,                 0,     0.07865417195,    0.005502459593,      0.3260713261,                 0,       37.49097691
          0,           0,         696,      -9.007765801,      -9.643854635,      -9.630425335,       -8.45682944,             0.448,    0.008695471467,      0.3260018383,                 0,                 0,                 0,     0.07865416816,    0.005502457032,      0.3260713615,                 0,       37.49099052
          0,           0,         697,      -9.015078031,      -9.655112992,      -9.639105516,      -8.464090315,             0.448,     0.00869546941,      0.3260018733,                 0,                 0,                 0,     0.07865416491,    0.005502454633,      0.3260713965,                 0,       37.49100341
          0,           0,         698,      -9.022727494,      -9.666885413,      -9.648090605,      -8.471688148,             0.448,    0.008695467493,       0.326001908,                 0,                 0,                 0,     0.07865416215,    0.005502452377,      0.3260714311,                 0,       37.49101566
          0,           0,         699,      -9.030694503,      -9.679124311,      -9.657364935,      -8.479602256,             0.448,    0.008695465701,      0.3260019423,                 0,                 0,                 0,     0.07865415983,    0.005502450249,      0.3260714654,                 0,       37.49102733
          0,           0,         700,      -9.038961854,      -9.691791484,       -9.66691527,      -8.487814611,             0.448,    0.008695464023,      0.3260019761,                 0,                 0,                 0,     0.07865415788,     0.00550244824,      0.3260714992,                 0,       37.49103846
          0,           0,         701,       -9.04751493,      -9.704859538,      -9.676730809,      -8.496309983,             0.448,    0.008695406231,       0.326002011,                 0,                 0,                 0,     0.07865415625,    0.005502446339,      0.3260715326,                 0,       37.49129165
          0,           0,         702,       -7.81647959,      -7.788424591,      -7.619364668,      -7.209978865,             0.448,    0.008695404778,      0.3260020408,                 0,                 0,                 0,     0.07865415423,    0.005502444594,      0.3260715623,                 0,       37.49130134
          0,           0,         703,      -8.112259497,      -8.052366237,      -7.896901201,      -7.502244067,             0.448,    0.008695403137,       0.326002001,                 0,                 0,                 0,     0.07865413523,    0.005502443343,      0.3260715226,                 0,       37.49130384
          0,           0,         704,      -8.350037501,      -8.222847513,      -8.321245043,      -7.757654286,             0.448,    0.008695398854,      0.3260017448,                 0,                 0,                 0,     0.07865406065,    0.005502441569,      0.3260712663,                 0,       37.49129284
          0,           0,         705,      -8.538893342,       -8.36176335,      -8.555507646,      -7.932274304,             0.448,    0.008695392889,      0.3260013424,                 0,                 0,                 0,     0.07865395996,    0.005502439546,      0.3260708638,                 0,       37.49127228
          0,           0,         706,      -8.685176214,      -8.559259854,      -8.620284789,      -8.092190092,             0.448,    0.008695390551,      0.3260009832,                 0,                 0,                 0,     0.07865389279,    0.005502440726,      0.3260705046,                 0,       37.49124105
          0,           0,         707,       -8.76875917,      -8.666775375,       -8.74542615,       -8.17877932,             0.448,    0.008695389044,      0.3260007925,                 0,                 0,                 0,     0.07865388328,    0.005502441086,      0.3260703139,                 0,       37.49122562
          0,           0,         708,      -8.877535938,      -8.760304867,      -8.878169972,      -8.289279514,             0.448,    0.008695387952,      0.3260007659,                 0,                 0,                 0,     0.07865391791,    0.005502440255,      0.3260702873,                 0,       37.49122726
          0,           0,         709,      -8.905759087,      -8.790448158,      -8.945256422,      -8.316503363,             0.448,    0.008695386621,       0.326000789,                 0,                 0,                 0,     0.07865395774,    0.005502438697,      0.3260703104,                 0,       37.49123566
          0,           0,         710,      -8.949798899,       -8.85232097,      -8.989242562,      -8.360489395,             0.448,     0.00869538322,      0.3260007647,                 0,                 0,                 0,     0.07865397912,    0.005502435534,      0.3260702861,                 0,       37.49124754
          0,           0,         711,      -9.034100643,      -8.976813836,      -9.077667332,       -8.45308845,             0.448,    0.008695380025,      0.3260007021,                 0,                 0,                 0,      0.0786539889,    0.005502432952,      0.3260702235,                 0,       37.49125412
          0,           0,         712,      -9.088854406,      -9.061967164,      -9.193921946,      -8.515289294,             0.448,    0.008695378076,      0.3260006392,                 0,                 0,                 0,     0.07865399805,    0.005502431619,      0.3260701605,                 0,       37.49125528
          0,           0,         713,      -9.116162745,      -9.099987212,      -9.257548276,      -8.541603988,             0.448,    0.008695376923,      0.3260005876,                 0,                 0,                 0,     0.07865400861,    0.005502430972,      0.3260701089,                 0,       37.49125431
          0,           0,         714,       -9.16046863,      -9.166562174,      -9.291316528,      -8.586812593,             0.448,    0.008695376518,      0.3260005445,                 0,                 0,                 0,      0.0786540194,    0.005502430989,      0.3260700659,                 0,       37.49125111
          0,           0,         715,      -9.214639337,      -9.255070909,      -9.373701048,      -8.645784811,             0.448,    0.008695377062,      0.3260005093,                 0,                 0,                 0,     0.07865403035,    0.005502431878,      0.3260700306,                 0,       37.49124471
          0,           0,         716,      -9.256527742,      -9.331622951,      -9.500066055,       -8.69078314,             0.448,     0.00869537851,      0.3260004815,                 0,                 0,                 0,     0.07865404133,    0.005502433598,      0.3260700029,                 0,       37.49123527
          0,           0,         717,       -9.29150572,      -9.393426855,       -9.58367674,      -8.725879952,             0.448,    0.008695380634,      0.3260004579,                 0,                 0,                 0,     0.07865405123,    0.005502435953,      0.3260699792,                 0,        37.4912234
          0,           0,         718,       -9.32684516,      -9.446957333,      -9.607697919,      -8.760602681,             0.448,    0.008695383309,       0.326000434,                 0,                 0,                 0,     0.07865405928,    0.005502438861,      0.3260699555,                 0,       37.49120912
          0,           0,         719,      -9.361244921,      -9.496521447,      -9.639021317,      -8.794918855,             0.448,    0.008695386591,      0.3260004095,                 0,                 0,                 0,     0.07865406597,    0.005502442383,       0.326069931,                 0,       37.49119215
          0,           0,         720,      -9.393738312,       -9.54701346,      -9.692932958,      -8.828087782,             0.448,    0.008695390517,      0.3260003863,                 0,                 0,                 0,     0.07865407232,    0.005502446536,      0.3260699078,                 0,       37.49117255
          0,           0,         721,      -9.424454864,      -9.600458984,       -9.75123361,      -8.859947324,             0.448,    0.008695395011,       0.326000365,                 0,                 0,                 0,     0.07865407868,    0.005502451239,      0.3260698865,                 0,       37.49115073
          0,           0,         722,      -9.451765492,      -9.652986328,      -9.799197561,      -8.888415406,             0.448,    0.008695399961,      0.3260003444,                 0,                 0,                 0,     0.07865408487,     0.00550245639,       0.326069866,                 0,       37.49112702
          0,           0,         723,      -9.473382148,      -9.699771872,      -9.836709907,       -8.91096056,             0.448,    0.008695405275,      0.3260003238,                 0,                 0,                 0,     0.07865409081,    0.005502461906,      0.3260698455,                 0,       37.49110174
          0,           0,         724,      -9.488350331,      -9.739645608,      -9.866269419,      -8.926809786,             0.448,    0.008695410854,      0.3260003036,                 0,                 0,                 0,     0.07865409672,    0.005502467683,      0.3260698252,                 0,       37.49107535
          0,           0,         725,      -9.496889882,      -9.772380269,      -9.887220676,      -8.936415263,             0.448,    0.008695416587,       0.326000284,                 0,                 0,                 0,     0.07865410282,    0.005502473608,      0.3260698057,                 0,       37.49104838
          0,           0,         726,      -9.499600826,      -9.797294576,      -9.899480672,      -8.940326907,             0.448,    0.008695422383,      0.3260002649,                 0,                 0,                 0,     0.07865410915,     0.00550247959,      0.3260697867,                 0,        37.4910212
          0,           0,         727,      -9.497261906,      -9.814751483,      -9.905054599,      -8.939149209,             0.448,    0.008695428178,      0.3260002459,                 0,                 0,                 0,     0.07865411567,     0.00550248557,      0.3260697678,                 0,       37.49099403
          0,           0,         728,      -9.490836256,      -9.825945762,      -9.907187375,      -8.933747246,             0.448,    0.008695433918,      0.3260002269,                 0,                 0,                 0,     0.07865412237,    0.005502491496,      0.3260697488,                 0,        37.4909671
          0,           0,         729,      -9.481444099,        -9.8320909,      -9.908631248,       -8.92523209,             0.448,     0.00869543955,      0.3260002081,                 0,                 0,                 0,     0.07865412929,    0.005502497313,      0.3260697301,                 0,       37.49094065
          0,           0,         730,       -9.47022466,      -9.834334621,      -9.910399811,      -8.914766256,             0.448,    0.008695445026,      0.3260001895,                 0,                 0,                 0,     0.07865413644,     0.00550250297,      0.3260697115,                 0,        37.4909149
          0,           0,         731,      -9.458140408,      -9.833622199,      -9.912268191,      -8.903324347,             0.448,    0.008695450305,      0.3260001712,                 0,                 0,                 0,     0.07865414377,    0.005502508427,      0.3260696933,                 0,       37.49089004
          0,           0,         732,      -9.445904605,      -9.830622732,      -9.913813528,       -8.89161779,             0.448,    0.008695455357,      0.3260001531,                 0,                 0,                 0,      0.0786541512,    0.005502513657,      0.3260696753,                 0,       37.49086618
          0,           0,         733,      -9.434028192,      -9.825944626,      -9.914811844,      -8.880162559,             0.448,    0.008695460162,      0.3260001351,                 0,                 0,                 0,     0.07865415867,    0.005502518637,      0.3260696573,                 0,       37.49084339
          0,           0,         734,      -9.422872483,      -9.820299923,      -9.915225173,      -8.869339981,             0.448,    0.008695464704,      0.3260001172,                 0,                 0,                 0,      0.0786541661,    0.005502523355,      0.3260696394,                 0,       37.49082174
          0,           0,         735,       -9.41267579,      -9.814467237,      -9.915180677,      -8.859414858,             0.448,    0.008695468978,      0.3260000993,                 0,                 0,                 0,     0.07865417342,    0.005502527804,      0.3260696216,                 0,       37.49080126
          0,           0,         736,      -9.403575387,       -9.80916542,      -9.914942523,      -8.850548601,             0.448,    0.008695472981,      0.3260000815,                 0,                 0,                 0,     0.07865418057,    0.005502531981,      0.3260696038,                 0,       37.49078196
          0,           0,         737,      -9.395631525,      -9.804939323,       -9.91482009,      -8.842820361,             0.448,    0.008695476716,      0.3260000638,                 0,                 0,                 0,      0.0786541875,     0.00550253589,      0.3260695861,                 0,       37.49076381
          0,           0,         738,      -9.388848045,      -9.802109453,      -9.915068762,       -8.83624748,             0.448,     0.00869548019,       0.326000046,                 0,                 0,                 0,     0.07865419416,    0.005502539538,      0.3260695684,                 0,       37.49074679
          0,           0,         739,       -9.38318841,      -9.800793656,      -9.915846034,       -8.83080175,             0.448,    0.008695483414,      0.3260000283,                 0,                 0,                 0,     0.07865420048,    0.005502542936,      0.3260695507,                 0,       37.49073085
          0,           0,         740,      -9.378588952,      -9.800969281,      -9.917219515,      -8.826423321,             0.448,    0.008695486404,      0.3260000105,                 0,                 0,                 0,     0.07865420643,    0.005502546099,      0.3260695329,                 0,       37.49071591
          0,           0,         741,      -9.374969672,      -9.802537707,      -9.919192513,      -8.823032597,             0.448,    0.008695489177,      0.3259999926,                 0,                 0,                 0,     0.07865421197,    0.005502549047,      0.3260695151,                 0,        37.4907019
          0,           0,         742,      -9.372242233,      -9.805371861,      -9.921726356,      -8.820539371,             0.448,    0.008695491752,      0.3259999747,                 0,                 0,                 0,     0.07865421708,    0.005502551798,      0.3260694972,                 0,       37.49068873
          0,           0,         743,      -9.370315681,      -9.809342986,      -9.924756724,      -8.818849321,             0.448,    0.008695494152,      0.3259999566,                 0,                 0,                 0,     0.07865422175,    0.005502554375,      0.3260694791,                 0,       37.49067631
          0,           0,         744,      -9.369100908,      -9.814331925,      -9.928207823,      -8.817868951,             0.448,    0.008695496396,      0.3259999383,                 0,                 0,                 0,     0.07865422599,    0.005502556797,      0.3260694609,                 0,       37.49066454
          0,           0,         745,        -9.3685142,      -9.820231824,      -9.932006229,       -8.81750952,             0.448,    0.008695498504,        0.32599992,                 0,                 0,                 0,      0.0786542298,    0.005502559085,      0.3260694426,                 0,       37.49065334
          0,           0,         746,      -9.368479807,       -9.82694716,      -9.936091325,      -8.817690045,             0.448,    0.008695500494,      0.3259999015,                 0,                 0,                 0,     0.07865423322,    0.005502561256,      0.3260694241,                 0,       37.49064263
          0,           0,         747,      -9.368931566,      -9.834393503,      -9.940419722,      -8.818339385,             0.448,    0.008695502382,      0.3259998829,                 0,                 0,                 0,     0.07865423628,    0.005502563325,      0.3260694056,                 0,       37.49063236
          0,           0,         748,      -9.369813829,      -9.842498756,      -9.944964184,      -8.819397626,             0.448,    0.008695504179,      0.3259998643,                 0,                 0,                 0,     0.07865423901,    0.005502565305,      0.3260693869,                 0,       37.49062246
          0,           0,         749,      -9.371081837,      -9.851205411,      -9.949710439,      -8.820816762,             0.448,    0.008695505896,      0.3259998456,                 0,                 0,                 0,     0.07865424146,    0.005502567205,      0.3260693683,                 0,       37.49061291
          0,           0,         750,      -9.372701642,      -9.860472019,      -9.954654003,      -8.822560768,             0.448,     0.00869550754,      0.3259998269,                 0,                 0,                 0,     0.07865424368,    0.005502569032,      0.3260693496,                 0,       37.49060368
          0,           0,         751,      -9.374649502,      -9.870272699,      -9.959797512,      -8.824605039,             0.448,    0.008695509116,      0.3259998083,                 0,                 0,                 0,     0.07865424571,     0.00550257079,       0.326069331,                 0,       37.49059474
          0,           0,         752,      -9.376910851,      -9.880594403,      -9.965148686,      -8.826935286,             0.448,    0.008695510627,      0.3259997899,                 0,                 0,                 0,     0.07865424759,    0.005502572482,      0.3260693126,                 0,        37.4905861
          0,           0,         753,      -9.379478914,      -9.891433567,      -9.970718554,      -8.829546017,             0.448,    0.008695512074,      0.3259997716,                 0,                 0,                 0,     0.07865424938,    0.005502574108,      0.3260692943,                 0,       37.49057776
          0,           0,         754,      -9.382353106,      -9.902791791,      -9.976519958,      -8.832438735,             0.448,    0.008695513458,      0.3259997535,                 0,                 0,                 0,      0.0786542511,    0.005502575669,      0.3260692763,                 0,       37.49056972
          0,           0,         755,      -9.385537343,      -9.914672173,      -9.982566313,      -8.835620009,             0.448,    0.008695514779,      0.3259997358,                 0,                 0,                 0,     0.07865425278,    0.005502577163,      0.3260692585,                 0,       37.49056198
          0,           0,         756,      -9.389038389,      -9.927076819,      -9.988870404,       -8.83909956,             0.448,    0.008695516035,      0.3259997184,                 0,                 0,                 0,     0.07865425444,    0.005502578589,      0.3260692411,                 0,       37.49055457
          0,           0,         757,       -9.39286437,      -9.940004556,      -9.995443084,       -8.84288853,             0.448,    0.008695517226,      0.3259997014,                 0,                 0,                 0,     0.07865425611,    0.005502579947,      0.3260692241,                 0,       37.49054747
          0,           0,         758,       -9.39702349,       -9.95345008,      -10.00229262,      -8.846997991,             0.448,    0.008695518352,      0.3259996848,                 0,                 0,                 0,     0.07865425779,    0.005502581235,      0.3260692075,                 0,       37.49054071
          0,           0,         759,      -9.401523089,      -9.967402862,      -10.00942412,      -8.851437844,             0.448,    0.008695519414,      0.3259996687,                 0,                 0,                 0,     0.07865425949,    0.005502582456,      0.3260691914,                 0,       37.49053428
          0,           0,         760,      -9.406368958,      -9.981846604,      -10.01683956,      -8.856216052,             0.448,    0.008695520414,       0.325999653,                 0,                 0,                 0,      0.0786542612,    0.005502583608,      0.3260691758,                 0,       37.49052817
          0,           0,         761,      -9.411565001,      -9.996758433,      -10.02453796,      -8.861338268,             0.448,    0.008695521352,      0.3259996379,                 0,                 0,                 0,     0.07865426293,    0.005502584695,      0.3260691607,                 0,       37.49052238
          0,           0,         762,      -9.417113153,      -10.01210895,      -10.03251581,      -8.866807776,             0.448,    0.008695522233,      0.3259996232,                 0,                 0,                 0,     0.07865426465,    0.005502585719,      0.3260691461,                 0,        37.4905169
          0,           0,         763,      -9.423013509,      -10.02786239,      -10.04076769,      -8.872625686,             0.448,    0.008695523059,      0.3259996091,                 0,                 0,                 0,     0.07865426637,    0.005502586683,      0.3260691319,                 0,       37.49051172
          0,           0,         764,      -9.429264611,      -10.04397787,      -10.04928688,        -8.8787913,             0.448,    0.008695523834,      0.3259995955,                 0,                 0,                 0,     0.07865426807,    0.005502587591,      0.3260691183,                 0,       37.49050681
          0,           0,         765,      -9.435863799,       -10.0604105,      -10.05806617,      -8.885302553,             0.448,    0.008695524561,      0.3259995823,                 0,                 0,                 0,     0.07865426974,    0.005502588447,      0.3260691052,                 0,       37.49050216
          0,           0,         766,      -9.442807594,      -10.07711281,      -10.06709854,      -8.892156472,             0.448,    0.008695525245,      0.3259995697,                 0,                 0,                 0,     0.07865427137,    0.005502589255,      0.3260690925,                 0,       37.49049776
          0,           0,         767,      -9.450092012,       -10.0940365,      -10.07637768,      -8.899349552,             0.448,     0.00869552589,      0.3259995575,                 0,                 0,                 0,     0.07865427295,     0.00550259002,      0.3260690803,                 0,       37.49049357
          0,           0,         768,      -9.457712863,      -10.11113332,      -10.08589841,      -8.906878081,             0.448,      0.0086955265,      0.3259995457,                 0,                 0,                 0,     0.07865427447,    0.005502590744,      0.3260690686,                 0,       37.49048959
          0,           0,         769,      -9.465665915,      -10.12835694,      -10.09565674,      -8.914738306,             0.448,    0.008695527077,      0.3259995344,                 0,                 0,                 0,     0.07865427592,    0.005502591433,      0.3260690572,                 0,       37.49048579
          0,           0,         770,      -9.473947039,      -10.14566337,      -10.10564998,      -8.922926567,             0.448,    0.008695527627,      0.3259995234,                 0,                 0,                 0,      0.0786542773,     0.00550259209,      0.3260690463,                 0,       37.49048217
          0,           0,         771,      -9.482552229,      -10.16301253,      -10.11587647,      -8.931439289,             0.448,     0.00869552815,      0.3259995128,                 0,                 0,                 0,      0.0786542786,    0.005502592717,      0.3260690357,                 0,       37.49047869
          0,           0,         772,      -9.491477612,       -10.1803687,      -10.12633551,      -8.940272953,             0.448,     0.00869552865,      0.3259995026,                 0,                 0,                 0,     0.07865427983,    0.005502593317,      0.3260690255,                 0,       37.49047536
          0,           0,         773,      -9.500719402,       -10.1977016,       -10.1370271,      -8.949424024,             0.448,    0.008695529128,      0.3259994928,                 0,                 0,                 0,     0.07865428099,    0.005502593891,      0.3260690156,                 0,       37.49047217
          0,           0,         774,      -9.510273851,      -10.21498704,      -10.14795169,      -8.958888883,             0.448,    0.008695529585,      0.3259994832,                 0,                 0,                 0,     0.07865428207,    0.005502594442,      0.3260690061,                 0,        37.4904691
          0,           0,         775,      -9.520137205,      -10.23220741,      -10.15911007,      -8.968663786,             0.448,    0.008695530023,       0.325999474,                 0,                 0,                 0,     0.07865428308,     0.00550259497,      0.3260689969,                 0,       37.49046615
          0,           0,         776,      -9.530305679,      -10.24935208,      -10.17050325,      -8.978744843,             0.448,    0.008695530441,       0.325999465,                 0,                 0,                 0,     0.07865428402,    0.005502595476,      0.3260689879,                 0,       37.49046332
          0,           0,         777,      -9.540775444,      -10.26641779,      -10.18213226,      -8.989128028,             0.448,     0.00869553084,      0.3259994564,                 0,                 0,                 0,      0.0786542849,    0.005502595959,      0.3260689793,                 0,        37.4904606
          0,           0,         778,      -9.551542664,      -10.28340774,      -10.19399818,      -8.999809257,             0.448,     0.00869553122,       0.325999448,                 0,                 0,                 0,     0.07865428573,    0.005502596421,      0.3260689709,                 0,         37.490458
          0,           0,         779,      -9.562603519,      -10.30033193,      -10.20610202,       -9.01078444,             0.448,     0.00869553158,      0.3259994399,                 0,                 0,                 0,     0.07865428649,     0.00550259686,      0.3260689628,                 0,       37.49045552
          0,           0,         780,      -9.573954258,      -10.31720565,      -10.21844467,      -9.022049571,             0.448,    0.008695531919,      0.3259994321,                 0,                 0,                 0,     0.07865428721,    0.005502597277,       0.326068955,                 0,       37.49045315
          0,           0,         781,      -9.585591254,      -10.33404897,      -10.23102698,      -9.033600812,             0.448,    0.008695532239,      0.3259994245,                 0,                 0,                 0,     0.07865428787,    0.005502597671,      0.3260689474,                 0,        37.4904509
          0,           0,         782,      -9.597511028,      -10.35088508,      -10.24384964,      -9.045434533,             0.448,    0.008695532537,      0.3259994171,                 0,                 0,                 0,     0.07865428849,    0.005502598041,      0.3260689401,                 0,       37.49044877
          0,           0,         783,       -9.60971028,       -10.3677393,      -10.25691317,      -9.057547353,             0.448,    0.008695532813,        0.32599941,                 0,                 0,                 0,     0.07865428906,    0.005502598387,       0.326068933,                 0,       37.49044676
          0,           0,         784,      -9.622185892,      -10.38463758,        -10.270218,      -9.069936138,             0.448,    0.008695533068,      0.3259994031,                 0,                 0,                 0,     0.07865428959,    0.005502598709,      0.3260689261,                 0,       37.49044487
          0,           0,         785,      -9.634934903,       -10.4016056,      -10.28376441,      -9.082597965,             0.448,    0.008695533301,      0.3259993965,                 0,                 0,                 0,     0.07865429008,    0.005502599007,      0.3260689194,                 0,        37.4904431
          0,           0,         786,      -9.647954466,      -10.41866722,      -10.29755254,      -9.095530056,             0.448,    0.008695533513,        0.32599939,                 0,                 0,                 0,     0.07865429052,    0.005502599282,       0.326068913,                 0,       37.49044145
          0,           0,         787,      -9.661241816,      -10.43584383,       -10.3115825,      -9.108729737,             0.448,    0.008695533703,      0.3259993838,                 0,                 0,                 0,     0.07865429092,    0.005502599533,      0.3260689068,                 0,       37.49043992
          0,           0,         788,        -9.6747942,      -10.45315369,       -10.3258542,       -9.12219433,             0.448,    0.008695533872,      0.3259993778,                 0,                 0,                 0,     0.07865429128,    0.005502599761,      0.3260689007,                 0,       37.49043849
          0,           0,         789,      -9.688608835,      -10.47061105,      -10.34036754,      -9.135921113,             0.448,     0.00869553402,      0.3259993719,                 0,                 0,                 0,      0.0786542916,    0.005502599967,      0.3260688949,                 0,       37.49043718
          0,           0,         790,      -9.702682873,      -10.48822612,      -10.35512222,      -9.149907264,             0.448,     0.00869553415,      0.3259993663,                 0,                 0,                 0,     0.07865429186,    0.005502600151,      0.3260688892,                 0,       37.49043597
          0,           0,         791,      -9.717013371,      -10.50600528,      -10.37011789,      -9.164149832,             0.448,     0.00869553426,      0.3259993608,                 0,                 0,                 0,     0.07865429209,    0.005502600315,      0.3260688838,                 0,       37.49043487
          0,           0,         792,      -9.731597294,      -10.52395072,      -10.38535389,      -9.178645734,             0.448,    0.008695534353,      0.3259993555,                 0,                 0,                 0,     0.07865429227,     0.00550260046,      0.3260688785,                 0,       37.49043386
          0,           0,         793,       -9.74643153,      -10.54206105,      -10.40082944,      -9.193391786,             0.448,     0.00869553443,      0.3259993504,                 0,                 0,                 0,      0.0786542924,    0.005502600587,      0.3260688733,                 0,       37.49043293
          0,           0,         794,      -9.761512921,      -10.56033153,      -10.41654339,      -9.208384741,             0.448,    0.008695534491,      0.3259993454,                 0,                 0,                 0,      0.0786542925,    0.005502600697,      0.3260688683,                 0,        37.4904321
          0,           0,         795,      -9.776838314,      -10.57875451,       -10.4324943,      -9.223621349,             0.448,    0.008695534537,      0.3259993405,                 0,                 0,                 0,     0.07865429255,    0.005502600791,      0.3260688635,                 0,       37.49043134
          0,           0,         796,      -9.792404615,       -10.5973203,      -10.44868021,       -9.23909842,             0.448,    0.008695534571,      0.3259993358,                 0,                 0,                 0,     0.07865429255,    0.005502600871,      0.3260688588,                 0,       37.49043065
          0,           0,         797,      -9.808208844,      -10.61601745,      -10.46509894,      -9.254812899,             0.448,    0.008695534592,      0.3259993313,                 0,                 0,                 0,     0.07865429252,    0.005502600937,      0.3260688542,                 0,       37.49043004
          0,           0,         798,      -9.824248192,      -10.63483362,       -10.4817478,      -9.270761914,             0.448,    0.008695534603,      0.3259993268,                 0,                 0,                 0,     0.07865429245,    0.005502600991,      0.3260688498,                 0,       37.49042948
          0,           0,         799,      -9.840520092,      -10.65375543,       -10.4986238,      -9.286942851,             0.448,    0.008695534603,      0.3259993225,                 0,                 0,                 0,     0.07865429235,    0.005502601033,      0.3260688455,                 0,       37.49042899
          0,           0,         800,      -9.857022231,      -10.67277012,       -10.5157237,      -9.303353369,             0.448,    0.008695534594,      0.3259993183,                 0,                 0,                 0,     0.07865429222,    0.005502601065,      0.3260688413,                 0,       37.49042854
          0,           0,         801,      -9.873752614,      -10.69186461,      -10.53304393,      -9.319991457,             0.448,    0.008695553969,      0.3259993138,                 0,                 0,                 0,     0.07865429206,    0.005502601088,      0.3260688372,                 0,       37.49034448
          0,           0,         802,      -8.279362317,      -8.250571333,      -8.081630504,      -7.672697761,             0.448,    0.008695553938,      0.3259993108,                 0,                 0,                 0,      0.0786542921,    0.005502601086,      0.3260688343,                 0,       37.49034427
          0,           0,         803,      -8.576551658,      -8.514843356,       -8.35918762,      -7.966074149,             0.448,    0.008695553985,      0.3259993319,                 0,                 0,                 0,     0.07865429805,    0.005502600926,      0.3260688554,                 0,        37.4903465
          0,           0,         804,      -8.818696133,      -8.685307923,      -8.783601163,      -8.225256787,             0.448,    0.008695554963,      0.3259994274,                 0,                 0,                 0,     0.07865432314,    0.005502600968,      0.3260689509,                 0,       37.49035327
          0,           0,         805,       -9.01636785,      -8.825024607,      -9.018905308,      -8.406305484,             0.448,     0.00869555656,       0.325999573,                 0,                 0,                 0,     0.07865435728,     0.00550260114,      0.3260690965,                 0,       37.49036312
          0,           0,         806,      -9.177046611,      -9.022971033,      -9.084295073,      -8.578734985,             0.448,    0.008695556939,      0.3259997035,                 0,                 0,                 0,     0.07865437989,    0.005502600241,       0.326069227,                 0,        37.4903765
          0,           0,         807,      -9.272322179,      -9.129759658,      -9.209800579,      -8.675222293,             0.448,    0.008695557051,      0.3259997765,                 0,                 0,                 0,     0.07865438267,    0.005502599638,         0.3260693,                 0,       37.49038441
          0,           0,         808,      -9.405552141,      -9.223162425,      -9.342805436,      -8.805872904,             0.448,    0.008695557029,      0.3259997924,                 0,                 0,                 0,     0.07865437005,     0.00550259946,      0.3260693159,                 0,       37.49038633
          0,           0,         809,      -9.437118515,      -9.254362024,      -9.409286499,      -8.835581061,             0.448,     0.00869555713,       0.325999791,                 0,                 0,                 0,      0.0786543557,    0.005502599574,      0.3260693145,                 0,       37.49038574
          0,           0,         810,      -9.490929959,       -9.31837212,      -9.453363242,       -8.88755626,             0.448,    0.008695557974,      0.3259998063,                 0,                 0,                 0,     0.07865434781,    0.005502600269,      0.3260693298,                 0,       37.49038386
          0,           0,         811,      -9.609526893,      -9.447283337,      -9.543019942,      -9.011801629,             0.448,    0.008695558763,      0.3259998345,                 0,                 0,                 0,     0.07865434393,    0.005502600782,       0.326069358,                 0,        37.4903837
          0,           0,         812,      -9.688897763,       -9.53624668,      -9.660450053,      -9.099596828,             0.448,    0.008695559136,      0.3259998623,                 0,                 0,                 0,     0.07865434017,    0.005502600882,      0.3260693857,                 0,       37.49038528
          0,           0,         813,      -9.717649587,      -9.575276888,      -9.724622513,      -9.126754421,             0.448,    0.008695559245,      0.3259998858,                 0,                 0,                 0,     0.07865433591,    0.005502600761,      0.3260694093,                 0,       37.49038752
          0,           0,         814,      -9.777317751,       -9.64526882,      -9.759510934,       -9.18650093,             0.448,    0.008695559108,      0.3259999063,                 0,                 0,                 0,      0.0786543316,    0.005502600423,      0.3260694298,                 0,       37.49039047
          0,           0,         815,      -9.855284194,      -9.738948805,      -9.844130275,       -9.27151176,             0.448,    0.008695558647,       0.325999924,                 0,                 0,                 0,     0.07865432724,    0.005502599789,      0.3260694475,                 0,       37.49039449
          0,           0,         816,      -9.899181268,       -9.81781169,      -9.973076995,      -9.322273587,             0.448,    0.008695557884,      0.3259999388,                 0,                 0,                 0,      0.0786543229,    0.005502598881,      0.3260694623,                 0,       37.49039949
          0,           0,         817,      -9.919582909,      -9.879498838,       -10.0549522,      -9.344930641,             0.448,    0.008695556908,      0.3259999521,                 0,                 0,                 0,     0.07865431901,    0.005502597775,      0.3260694756,                 0,       37.49040522
          0,           0,         818,      -9.933763133,      -9.932884171,      -10.07380769,      -9.361022952,             0.448,    0.008695555756,      0.3259999653,                 0,                 0,                 0,     0.07865431582,    0.005502596494,      0.3260694888,                 0,       37.49041171
          0,           0,         819,      -9.938376822,      -9.982032159,      -10.09990402,      -9.369347838,             0.448,    0.008695554408,      0.3259999786,                 0,                 0,                 0,      0.0786543131,    0.005502595015,       0.326069502,                 0,       37.49041905
          0,           0,         820,      -9.933882936,      -10.03120899,      -10.14622602,      -9.369596535,             0.448,    0.008695552852,      0.3259999911,                 0,                 0,                 0,     0.07865431051,    0.005502593337,      0.3260695146,                 0,        37.4904272
          0,           0,         821,      -9.923699012,      -10.08160953,      -10.19297653,      -9.363942928,             0.448,    0.008695551118,      0.3260000028,                 0,                 0,                 0,     0.07865430793,    0.005502591489,      0.3260695262,                 0,       37.49043602
          0,           0,         822,      -9.908644424,      -10.12806907,      -10.22725783,      -9.352395555,             0.448,    0.008695549243,      0.3260000141,                 0,                 0,                 0,     0.07865430543,    0.005502589503,      0.3260695375,                 0,        37.4904454
          0,           0,         823,      -9.889598559,      -10.16590828,      -10.25081329,      -9.335664852,             0.448,    0.008695547255,      0.3260000252,                 0,                 0,                 0,     0.07865430304,    0.005502587406,      0.3260695486,                 0,       37.49045525
          0,           0,         824,       -9.86861921,      -10.19502794,      -10.26682578,      -9.316197131,             0.448,    0.008695545187,       0.326000036,                 0,                 0,                 0,     0.07865430066,    0.005502585232,      0.3260695594,                 0,       37.49046541
          0,           0,         825,      -9.847512118,      -10.21612578,      -10.27581068,      -9.296149631,             0.448,    0.008695543076,      0.3260000465,                 0,                 0,                 0,     0.07865429824,    0.005502583019,      0.3260695698,                 0,       37.49047571
          0,           0,         826,      -9.827253926,      -10.22964961,      -10.27865367,      -9.276613742,             0.448,    0.008695540951,      0.3260000566,                 0,                 0,                 0,     0.07865429576,    0.005502580796,      0.3260695799,                 0,       37.49048603
          0,           0,         827,       -9.80826585,        -10.236883,      -10.27741311,       -9.25806177,             0.448,    0.008695538835,      0.3260000665,                 0,                 0,                 0,     0.07865429323,    0.005502578582,      0.3260695898,                 0,        37.4904963
          0,           0,         828,       -9.79071687,       -10.2394075,      -10.27462291,      -9.240734875,             0.448,    0.008695536744,      0.3260000764,                 0,                 0,                 0,     0.07865429065,    0.005502576395,      0.3260695996,                 0,       37.49050645
          0,           0,         829,      -9.774701258,      -10.23862326,      -10.27210306,      -9.224805068,             0.448,    0.008695534698,       0.326000086,                 0,                 0,                 0,     0.07865428803,    0.005502574255,      0.3260696093,                 0,       37.49051638
          0,           0,         830,      -9.760278147,      -10.23578865,      -10.27036506,      -9.210392078,             0.448,    0.008695532714,      0.3260000955,                 0,                 0,                 0,     0.07865428534,    0.005502572178,      0.3260696187,                 0,       37.49052602
          0,           0,         831,       -9.74744874,      -10.23183302,      -10.26918442,      -9.197530055,             0.448,    0.008695530805,      0.3260001047,                 0,                 0,                 0,     0.07865428261,    0.005502570179,      0.3260696279,                 0,       37.49053531
          0,           0,         832,      -9.736166263,      -10.22728187,      -10.26829807,      -9.186184985,             0.448,    0.008695528981,      0.3260001137,                 0,                 0,                 0,     0.07865427986,    0.005502568267,      0.3260696369,                 0,       37.49054421
          0,           0,         833,      -9.726368658,      -10.22247593,      -10.26758123,      -9.176302676,             0.448,    0.008695527251,      0.3260001227,                 0,                 0,                 0,     0.07865427712,    0.005502566449,      0.3260696458,                 0,        37.4905527
          0,           0,         834,      -9.717993262,      -10.21777124,      -10.26700323,      -9.167830313,             0.448,    0.008695525619,      0.3260001315,                 0,                 0,                 0,     0.07865427441,    0.005502564731,      0.3260696546,                 0,       37.49056075
          0,           0,         835,      -9.710974725,       -10.2135741,      -10.26661845,      -9.160712769,             0.448,    0.008695524088,      0.3260001401,                 0,                 0,                 0,     0.07865427176,    0.005502563115,      0.3260696633,                 0,       37.49056835
          0,           0,         836,      -9.705242613,      -10.21028148,        -10.266558,      -9.154887991,             0.448,    0.008695522657,      0.3260001487,                 0,                 0,                 0,     0.07865426918,      0.0055025616,      0.3260696719,                 0,       37.49057551
          0,           0,         837,      -9.700722111,      -10.20819958,      -10.26697782,       -9.15028731,             0.448,    0.008695521326,      0.3260001572,                 0,                 0,                 0,      0.0786542667,    0.005502560186,      0.3260696803,                 0,       37.49058222
          0,           0,         838,      -9.697335075,      -10.20749697,      -10.26800007,      -9.146836555,             0.448,    0.008695520091,      0.3260001656,                 0,                 0,                 0,     0.07865426433,    0.005502558869,      0.3260696887,                 0,       37.49058851
          0,           0,         839,       -9.69500097,        -10.208209,      -10.26968795,      -9.144456961,             0.448,    0.008695518949,      0.3260001739,                 0,                 0,                 0,     0.07865426209,    0.005502557646,       0.326069697,                 0,       37.49059439
          0,           0,         840,      -9.693638216,      -10.21027743,       -10.2720522,       -9.14306673,             0.448,    0.008695517894,      0.3260001822,                 0,                 0,                 0,        0.07865426,     0.00550255651,      0.3260697053,                 0,       37.49059989
          0,           0,         841,       -9.69316581,      -10.21359672,      -10.27506859,      -9.142583245,             0.448,     0.00869551692,      0.3260001904,                 0,                 0,                 0,     0.07865425807,    0.005502555455,      0.3260697135,                 0,       37.49060504
          0,           0,         842,      -9.693504639,      -10.21804881,      -10.27869199,      -9.142924987,             0.448,    0.008695516018,      0.3260001987,                 0,                 0,                 0,      0.0786542563,    0.005502554473,      0.3260697217,                 0,       37.49060987
          0,           0,         843,      -9.694578649,      -10.22352213,      -10.28286571,      -9.144013065,             0.448,    0.008695515183,      0.3260002068,                 0,                 0,                 0,      0.0786542547,    0.005502553557,      0.3260697299,                 0,       37.49061441
          0,           0,         844,      -9.696315943,      -10.22991822,      -10.28752896,      -9.145772464,             0.448,    0.008695514405,       0.326000215,                 0,                 0,                 0,     0.07865425327,      0.0055025527,       0.326069738,                 0,        37.4906187
          0,           0,         845,      -9.698649881,      -10.23715001,      -10.29262391,      -9.148133211,             0.448,    0.008695513679,      0.3260002232,                 0,                 0,                 0,       0.078654252,    0.005502551894,      0.3260697462,                 0,       37.49062277
          0,           0,         846,       -9.70151994,      -10.24513859,      -10.29810114,       -9.15103138,             0.448,    0.008695512997,      0.3260002313,                 0,                 0,                 0,     0.07865425088,    0.005502551132,      0.3260697543,                 0,       37.49062665
          0,           0,         847,      -9.704872212,      -10.25381158,      -10.30392154,       -9.15440979,             0.448,    0.008695512355,      0.3260002394,                 0,                 0,                 0,     0.07865424989,     0.00550255041,      0.3260697625,                 0,       37.49063035
          0,           0,         848,      -9.708659745,       -10.2631042,      -10.31005576,      -9.158218545,             0.448,    0.008695511747,      0.3260002476,                 0,                 0,                 0,     0.07865424903,    0.005502549723,      0.3260697706,                 0,       37.49063391
          0,           0,         849,      -9.712842674,      -10.27296287,      -10.31648222,       -9.16241535,             0.448,    0.008695511171,      0.3260002556,                 0,                 0,                 0,     0.07865424828,    0.005502549067,      0.3260697786,                 0,       37.49063732
          0,           0,         850,      -9.717388218,      -10.28334663,       -10.3231857,      -9.166965602,             0.448,    0.008695510622,      0.3260002636,                 0,                 0,                 0,     0.07865424762,     0.00550254844,      0.3260697866,                 0,       37.49064061
          0,           0,         851,      -9.722270392,      -10.29422841,      -10.33015609,      -9.171842153,             0.448,    0.008695510099,      0.3260002716,                 0,                 0,                 0,     0.07865424703,    0.005502547839,      0.3260697946,                 0,       37.49064378
          0,           0,         852,      -9.727469549,       -10.3055929,       -10.3373874,      -9.177024834,             0.448,    0.008695509601,      0.3260002795,                 0,                 0,                 0,      0.0786542465,    0.005502547264,      0.3260698025,                 0,       37.49064683
          0,           0,         853,      -9.732971697,      -10.31743384,      -10.34487688,      -9.182499716,             0.448,    0.008695509127,      0.3260002872,                 0,                 0,                 0,     0.07865424601,    0.005502546714,      0.3260698102,                 0,       37.49064977
          0,           0,         854,      -9.738767661,      -10.32975047,      -10.35262411,      -9.188258201,             0.448,    0.008695508677,      0.3260002949,                 0,                 0,                 0,     0.07865424555,    0.005502546189,      0.3260698178,                 0,       37.49065259
          0,           0,         855,      -9.744852123,       -10.3425442,      -10.36063031,      -9.194295924,             0.448,     0.00869550825,      0.3260003024,                 0,                 0,                 0,      0.0786542451,    0.005502545689,      0.3260698253,                 0,       37.49065529
          0,           0,         856,       -9.75122268,      -10.35581659,      -10.36889713,      -9.200611693,             0.448,    0.008695507846,      0.3260003097,                 0,                 0,                 0,     0.07865424466,    0.005502545214,      0.3260698327,                 0,       37.49065787
          0,           0,         857,       -9.75787888,      -10.36956661,      -10.37742589,      -9.207206388,             0.448,    0.008695507466,      0.3260003168,                 0,                 0,                 0,     0.07865424423,    0.005502544764,      0.3260698398,                 0,       37.49066033
          0,           0,         858,      -9.764821374,      -10.38379029,      -10.38621677,      -9.214081983,             0.448,    0.008695507109,      0.3260003238,                 0,                 0,                 0,     0.07865424379,    0.005502544339,      0.3260698468,                 0,       37.49066267
          0,           0,         859,      -9.772051181,      -10.39847944,       -10.3952685,      -9.221240722,             0.448,    0.008695506775,      0.3260003306,                 0,                 0,                 0,     0.07865424334,    0.005502543939,      0.3260698535,                 0,       37.49066489
          0,           0,         860,      -9.779569144,      -10.41362043,      -10.40457809,      -9.228684498,             0.448,    0.008695506463,      0.3260003371,                 0,                 0,                 0,     0.07865424289,    0.005502543563,      0.3260698601,                 0,       37.49066699
          0,           0,         861,       -9.78737553,      -10.42919394,      -10.41414097,      -9.236414426,             0.448,    0.008695506173,      0.3260003435,                 0,                 0,                 0,     0.07865424244,     0.00550254321,      0.3260698664,                 0,       37.49066897
          0,           0,         862,      -9.795469855,      -10.44517476,      -10.42395129,      -9.244430659,             0.448,    0.008695505902,      0.3260003496,                 0,                 0,                 0,     0.07865424198,    0.005502542879,      0.3260698725,                 0,       37.49067084
          0,           0,         863,      -9.803850796,      -10.46153137,      -10.43400207,      -9.252732332,             0.448,    0.008695505651,      0.3260003555,                 0,                 0,                 0,     0.07865424152,     0.00550254257,      0.3260698785,                 0,       37.49067261
          0,           0,         864,      -9.812516303,      -10.47822761,      -10.44428579,      -9.261317708,             0.448,    0.008695505417,      0.3260003612,                 0,                 0,                 0,     0.07865424107,     0.00550254228,      0.3260698842,                 0,       37.49067427
          0,           0,         865,      -9.821463715,      -10.49522264,      -10.45479485,      -9.270184346,             0.448,    0.008695505199,      0.3260003667,                 0,                 0,                 0,     0.07865424063,    0.005502542008,      0.3260698897,                 0,       37.49067585
          0,           0,         866,      -9.830689973,      -10.51247397,      -10.46552225,      -9.279329373,             0.448,    0.008695504995,       0.326000372,                 0,                 0,                 0,     0.07865424019,    0.005502541752,       0.326069895,                 0,       37.49067734
          0,           0,         867,        -9.8401918,       -10.5299371,       -10.4764617,      -9.288749694,             0.448,    0.008695504804,      0.3260003772,                 0,                 0,                 0,     0.07865423978,    0.005502541511,      0.3260699001,                 0,       37.49067875
          0,           0,         868,      -9.849965873,       -10.5475676,      -10.48760817,      -9.298442176,             0.448,    0.008695504625,      0.3260003821,                 0,                 0,                 0,     0.07865423938,    0.005502541284,       0.326069905,                 0,       37.49068009
          0,           0,         869,      -9.860008941,      -10.56532195,      -10.49895781,      -9.308403796,             0.448,    0.008695504457,      0.3260003868,                 0,                 0,                 0,       0.078654239,    0.005502541069,      0.3260699098,                 0,       37.49068136
          0,           0,         870,      -9.870317913,      -10.58315987,      -10.51050803,      -9.318631691,             0.448,    0.008695504297,      0.3260003914,                 0,                 0,                 0,     0.07865423864,    0.005502540864,      0.3260699144,                 0,       37.49068258
          0,           0,         871,      -9.880889892,      -10.60104321,      -10.52225743,      -9.329123198,             0.448,    0.008695504145,      0.3260003959,                 0,                 0,                 0,     0.07865423831,    0.005502540669,      0.3260699188,                 0,       37.49068374
          0,           0,         872,      -9.891722155,      -10.61893818,      -10.53420547,      -9.339875791,             0.448,    0.008695504001,      0.3260004001,                 0,                 0,                 0,     0.07865423799,    0.005502540483,      0.3260699231,                 0,       37.49068485
          0,           0,         873,      -9.902812125,      -10.63681563,      -10.54635235,      -9.350887037,             0.448,    0.008695503863,      0.3260004043,                 0,                 0,                 0,     0.07865423771,    0.005502540305,      0.3260699272,                 0,       37.49068592
          0,           0,         874,      -9.914157323,      -10.65465171,      -10.55869881,      -9.362154521,             0.448,    0.008695503731,      0.3260004082,                 0,                 0,                 0,     0.07865423744,    0.005502540134,      0.3260699312,                 0,       37.49068695
          0,           0,         875,      -9.925755322,      -10.67242838,      -10.57124587,      -9.373675806,             0.448,    0.008695503605,      0.3260004121,                 0,                 0,                 0,      0.0786542372,     0.00550253997,       0.326069935,                 0,       37.49068793
          0,           0,         876,      -9.937603703,      -10.69013415,      -10.58399469,      -9.385448378,             0.448,    0.008695503485,      0.3260004158,                 0,                 0,                 0,     0.07865423698,    0.005502539813,      0.3260699388,                 0,       37.49068888
          0,           0,         877,      -9.949700035,      -10.70776292,      -10.59694649,      -9.397469651,             0.448,     0.00869550337,      0.3260004194,                 0,                 0,                 0,     0.07865423678,    0.005502539663,      0.3260699424,                 0,       37.49068979
          0,           0,         878,      -9.962041876,      -10.72531575,      -10.61010236,      -9.409736983,             0.448,    0.008695503261,      0.3260004229,                 0,                 0,                 0,     0.07865423659,     0.00550253952,      0.3260699458,                 0,       37.49069066
          0,           0,         879,      -9.974626776,      -10.74279856,      -10.62346326,      -9.422247693,             0.448,    0.008695503158,      0.3260004263,                 0,                 0,                 0,     0.07865423643,    0.005502539383,      0.3260699492,                 0,        37.4906915
          0,           0,         880,      -9.987452313,      -10.76022235,      -10.63702998,       -9.43499915,             0.448,     0.00869550306,      0.3260004296,                 0,                 0,                 0,     0.07865423627,    0.005502539254,      0.3260699525,                 0,       37.49069229
          0,           0,         881,      -10.00051612,      -10.77760222,      -10.65080298,      -9.447988791,             0.448,    0.008695502969,      0.3260004327,                 0,                 0,                 0,     0.07865423614,    0.005502539132,      0.3260699557,                 0,       37.49069305
          0,           0,         882,      -10.01381589,      -10.79495663,       -10.6647826,      -9.461214185,             0.448,    0.008695502884,      0.3260004358,                 0,                 0,                 0,     0.07865423601,    0.005502539017,      0.3260699587,                 0,       37.49069377
          0,           0,         883,      -10.02734941,      -10.81230502,      -10.67896891,      -9.474673017,             0.448,    0.008695502805,      0.3260004388,                 0,                 0,                 0,     0.07865423591,    0.005502538909,      0.3260699617,                 0,       37.49069445
          0,           0,         884,      -10.04111459,      -10.82966868,      -10.69336176,      -9.488363155,             0.448,    0.008695502733,      0.3260004416,                 0,                 0,                 0,     0.07865423581,    0.005502538809,      0.3260699645,                 0,       37.49069509
          0,           0,         885,      -10.05510937,       -10.8470683,      -10.70796079,      -9.502282552,             0.448,    0.008695502668,      0.3260004444,                 0,                 0,                 0,     0.07865423573,    0.005502538716,      0.3260699673,                 0,       37.49069569
          0,           0,         886,      -10.06933177,      -10.86452253,      -10.72276559,      -9.516429268,             0.448,    0.008695502609,      0.3260004471,                 0,                 0,                 0,     0.07865423565,    0.005502538631,        0.32606997,                 0,       37.49069625
          0,           0,         887,      -10.08377982,      -10.88204886,      -10.73777559,      -9.530801381,             0.448,    0.008695502556,      0.3260004497,                 0,                 0,                 0,     0.07865423559,    0.005502538553,      0.3260699726,                 0,       37.49069678
          0,           0,         888,      -10.09845149,      -10.89966199,      -10.75299012,      -9.545396929,             0.448,     0.00869550251,      0.3260004522,                 0,                 0,                 0,     0.07865423555,    0.005502538483,      0.3260699751,                 0,       37.49069726
          0,           0,         889,      -10.11334472,      -10.91737248,      -10.76840864,      -9.560213882,             0.448,    0.008695502471,      0.3260004546,                 0,                 0,                 0,     0.07865423552,    0.005502538419,      0.3260699775,                 0,       37.49069772
          0,           0,         890,      -10.12845729,      -10.93518877,      -10.78403039,      -9.575250048,             0.448,    0.008695502437,       0.326000457,                 0,                 0,                 0,     0.07865423549,    0.005502538362,      0.3260699799,                 0,       37.49069813
          0,           0,         891,      -10.14378689,      -10.95311554,      -10.79985467,      -9.590503108,             0.448,    0.008695502409,      0.3260004593,                 0,                 0,                 0,     0.07865423549,    0.005502538312,      0.3260699822,                 0,       37.49069852
          0,           0,         892,      -10.15933106,      -10.97115437,      -10.81588085,      -9.605970574,             0.448,    0.008695502386,      0.3260004615,                 0,                 0,                 0,     0.07865423549,    0.005502538267,      0.3260699844,                 0,       37.49069887
          0,           0,         893,       -10.1750872,      -10.98930224,      -10.83210786,      -9.621649791,             0.448,    0.008695502368,      0.3260004636,                 0,                 0,                 0,     0.07865423551,    0.005502538229,      0.3260699865,                 0,       37.49069919
          0,           0,         894,      -10.19105263,      -11.00755654,      -10.84853484,      -9.637538008,             0.448,    0.008695502355,      0.3260004657,                 0,                 0,                 0,     0.07865423554,    0.005502538195,      0.3260699886,                 0,       37.49069949
          0,           0,         895,      -10.20722457,      -11.02590918,      -10.86516043,      -9.653632404,             0.448,    0.008695502346,      0.3260004677,                 0,                 0,                 0,     0.07865423559,    0.005502538166,      0.3260699906,                 0,       37.49069976
          0,           0,         896,      -10.22360026,      -11.04435263,      -10.88198312,      -9.669930136,             0.448,    0.008695502341,      0.3260004697,                 0,                 0,                 0,     0.07865423564,    0.005502538142,      0.3260699926,                 0,       37.49070001
          0,           0,         897,      -10.24017692,      -11.06287731,      -10.89900111,      -9.686428402,             0.448,     0.00869550234,      0.3260004716,                 0,                 0,                 0,     0.07865423571,    0.005502538122,      0.3260699945,                 0,       37.49070023
          0,           0,         898,      -10.25695191,      -11.08147232,      -10.91621209,      -9.703124514,             0.448,    0.008695502341,      0.3260004734,                 0,                 0,                 0,     0.07865423579,    0.005502538106,      0.3260699963,                 0,       37.49070044
          0,           0,         899,      -10.27392265,      -11.10012703,      -10.93361359,      -9.720015902,             0.448,    0.008695502346,      0.3260004752,                 0,                 0,                 0,     0.07865423588,    0.005502538093,      0.3260699981,                 0,       37.49070062
          0,           0,         900,      -10.29108676,      -11.11883168,      -10.95120282,      -9.737100181,             0.448,    0.008695502353,      0.3260004769,                 0,                 0,                 0,     0.07865423597,    0.005502538083,      0.3260699999,                 0,       37.49070079
          0,           0,         901,      -10.30844204,      -11.13757678,      -10.96897663,      -9.754375204,             0.448,    0.008695502363,      0.3260004786,                 0,                 0,                 0,     0.07865423607,    0.005502538076,      0.3260700015,                 0,       37.49070095
          0,           0,         902,      -10.32598648,       -11.1563538,      -10.98693173,      -9.771838979,             0.448,    0.008695502374,      0.3260004803,                 0,                 0,                 0,     0.07865423618,    0.005502538071,      0.3260700032,                 0,       37.49070108
          0,           0,         903,      -10.34371837,      -11.17515366,      -11.00506495,       -9.78948983,             0.448,    0.008695502387,      0.3260004819,                 0,                 0,                 0,      0.0786542363,    0.005502538069,      0.3260700048,                 0,       37.49070121
          0,           0,         904,      -10.36163616,      -11.19397144,      -11.02337266,       -9.80732626,             0.448,    0.008695502402,      0.3260004834,                 0,                 0,                 0,     0.07865423642,    0.005502538068,      0.3260700063,                 0,       37.49070133
          0,           0,         905,      -10.37973858,      -11.21280004,      -11.04185152,      -9.825347018,             0.448,    0.008695502418,      0.3260004849,                 0,                 0,                 0,     0.07865423654,     0.00550253807,      0.3260700078,                 0,       37.49070143
          0,           0,         906,      -10.39802453,      -11.23163743,      -11.06049852,      -9.843551054,             0.448,    0.008695502436,      0.3260004864,                 0,                 0,                 0,     0.07865423667,    0.005502538073,      0.3260700093,                 0,       37.49070152
          0,           0,         907,       -10.4164932,      -11.25047985,      -11.07931028,      -9.861937553,             0.448,    0.008695502454,      0.3260004878,                 0,                 0,                 0,     0.07865423679,    0.005502538078,      0.3260700107,                 0,        37.4907016
          0,           0,         908,      -10.43514392,      -11.26932548,      -11.09828396,      -9.880505889,             0.448,    0.008695502474,      0.3260004892,                 0,                 0,                 0,     0.07865423692,    0.005502538084,      0.3260700121,                 0,       37.49070168
          0,           0,         909,      -10.45397622,      -11.28817312,      -11.11741692,      -9.899255597,             0.448,    0.008695502494,      0.3260004905,                 0,                 0,                 0,     0.07865423705,    0.005502538091,      0.3260700134,                 0,       37.49070174
          0,           0,         910,      -10.47298976,      -11.30702174,      -11.13670672,      -9.918186394,             0.448,    0.008695502514,      0.3260004918,                 0,                 0,                 0,     0.07865423717,    0.005502538099,      0.3260700147,                 0,        37.4907018
          0,           0,         911,       -10.4921843,       -11.3258705,      -11.15615139,      -9.937298065,             0.448,    0.008695502536,       0.326000493,                 0,                 0,                 0,      0.0786542373,    0.005502538108,      0.3260700159,                 0,       37.49070185
          0,           0,         912,      -10.51155966,      -11.34471885,      -11.17574878,      -9.956590485,             0.448,    0.008695502557,      0.3260004942,                 0,                 0,                 0,     0.07865423742,    0.005502538118,      0.3260700171,                 0,        37.4907019
          0,           0,         913,      -10.53111566,       -11.3635652,      -11.19549716,      -9.976063574,             0.448,    0.008695502579,      0.3260004954,                 0,                 0,                 0,     0.07865423754,    0.005502538129,      0.3260700183,                 0,       37.49070193
          0,           0,         914,      -10.55085202,      -11.38240824,      -11.21539521,      -9.995717146,             0.448,    0.008695502601,      0.3260004965,                 0,                 0,                 0,     0.07865423766,     0.00550253814,      0.3260700194,                 0,       37.49070197
          0,           0,         915,      -10.57076837,      -11.40124536,      -11.23544137,      -10.01555093,             0.448,    0.008695502623,      0.3260004976,                 0,                 0,                 0,     0.07865423778,    0.005502538151,      0.3260700205,                 0,         37.490702
          0,           0,         916,      -10.59086412,      -11.42007257,      -11.25563484,      -10.03556449,             0.448,    0.008695502645,      0.3260004986,                 0,                 0,                 0,     0.07865423789,    0.005502538163,      0.3260700215,                 0,       37.49070202
          0,           0,         917,      -10.61113836,      -11.43888647,      -11.27597498,      -10.05575705,             0.448,    0.008695502667,      0.3260004996,                 0,                 0,                 0,     0.07865423801,    0.005502538175,      0.3260700225,                 0,       37.49070204
          0,           0,         918,       -10.6315899,      -11.45768254,      -11.29646049,      -10.07612758,             0.448,    0.008695502688,      0.3260005006,                 0,                 0,                 0,     0.07865423812,    0.005502538187,      0.3260700235,                 0,       37.49070206
          0,           0,         919,      -10.65221708,      -11.47645764,      -11.31709054,      -10.09667457,             0.448,    0.008695502709,      0.3260005015,                 0,                 0,                 0,     0.07865423823,    0.005502538199,      0.3260700244,                 0,       37.49070208
          0,           0,         920,      -10.67301774,      -11.49520712,      -11.33786398,      -10.11739603,             0.448,     0.00869550273,      0.3260005024,                 0,                 0,                 0,     0.07865423833,     0.00550253821,      0.3260700253,                 0,        37.4907021
          0,           0,         921,      -10.69398923,      -11.51392576,      -11.35877999,      -10.13828949,             0.448,     0.00869550275,      0.3260005033,                 0,                 0,                 0,     0.07865423844,    0.005502538222,      0.3260700262,                 0,       37.49070211
          0,           0,         922,      -10.71512829,      -11.53261195,      -11.37983652,      -10.15935185,             0.448,    0.008695502769,      0.3260005041,                 0,                 0,                 0,     0.07865423854,    0.005502538233,       0.326070027,                 0,       37.49070212
          0,           0,         923,      -10.73643102,      -11.55126715,      -11.40103176,      -10.18057941,             0.448,    0.008695502788,      0.3260005049,                 0,                 0,                 0,     0.07865423864,    0.005502538244,      0.3260700279,                 0,       37.49070214
          0,           0,         924,      -10.75789296,      -11.56988814,      -11.42236212,      -10.20196787,             0.448,    0.008695502806,      0.3260005057,                 0,                 0,                 0,     0.07865423874,    0.005502538254,      0.3260700286,                 0,       37.49070215
          0,           0,         925,      -10.77950902,      -11.58847732,      -11.44382435,      -10.22351233,             0.448,    0.008695502823,      0.3260005065,                 0,                 0,                 0,     0.07865423884,    0.005502538264,      0.3260700294,                 0,       37.49070216
          0,           0,         926,      -10.80127339,      -11.60703734,      -11.46541352,      -10.24520716,             0.448,     0.00869550284,      0.3260005072,                 0,                 0,                 0,     0.07865423893,    0.005502538273,      0.3260700301,                 0,       37.49070217
          0,           0,         927,      -10.82317962,      -11.62558097,      -11.48712407,      -10.26704609,             0.448,    0.008695502856,      0.3260005079,                 0,                 0,                 0,     0.07865423903,    0.005502538282,      0.3260700308,                 0,       37.49070219
          0,           0,         928,      -10.84522076,      -11.64410687,      -11.50894922,      -10.28902244,             0.448,    0.008695502871,      0.3260005086,                 0,                 0,                 0,     0.07865423912,     0.00550253829,      0.3260700315,                 0,        37.4907022
          0,           0,         929,      -10.86738913,      -11.66263223,      -11.53087962,      -10.31112861,             0.448,    0.008695502885,      0.3260005093,                 0,                 0,                 0,     0.07865423921,    0.005502538298,      0.3260700322,                 0,       37.49070222
          0,           0,         930,       -10.8896765,      -11.68116242,      -11.55290621,      -10.33335666,             0.448,    0.008695502898,      0.3260005099,                 0,                 0,                 0,      0.0786542393,    0.005502538305,      0.3260700329,                 0,       37.49070223
          0,           0,         931,      -10.91207405,      -11.69971021,      -11.57501949,      -10.35569798,             0.448,    0.008695502911,      0.3260005106,                 0,                 0,                 0,     0.07865423938,    0.005502538312,      0.3260700335,                 0,       37.49070225
          0,           0,         932,      -10.93457245,       -11.7182858,      -11.59720598,      -10.37814339,             0.448,    0.008695502923,      0.3260005112,                 0,                 0,                 0,     0.07865423947,    0.005502538318,      0.3260700341,                 0,       37.49070227
          0,           0,         933,      -10.95716173,      -11.73689988,      -11.61945425,      -10.40068316,             0.448,    0.008695502934,      0.3260005118,                 0,                 0,                 0,     0.07865423955,    0.005502538323,      0.3260700347,                 0,       37.49070229
          0,           0,         934,      -10.97983132,      -11.75556997,      -11.64174999,      -10.42330694,             0.448,    0.008695502945,      0.3260005123,                 0,                 0,                 0,     0.07865423963,    0.005502538328,      0.3260700352,                 0,       37.49070231
          0,           0,         935,      -11.00257025,       -11.7743036,       -11.6640773,      -10.44600398,             0.448,    0.008695502954,      0.3260005129,                 0,                 0,                 0,     0.07865423971,    0.005502538332,      0.3260700358,                 0,       37.49070233
          0,           0,         936,      -11.02536701,      -11.79310896,      -11.68642396,       -10.4687629,             0.448,    0.008695502963,      0.3260005134,                 0,                 0,                 0,     0.07865423978,    0.005502538336,      0.3260700363,                 0,       37.49070235
          0,           0,         937,      -11.04820916,      -11.81199864,      -11.70877015,      -10.49157152,             0.448,    0.008695502972,      0.3260005139,                 0,                 0,                 0,     0.07865423985,     0.00550253834,      0.3260700368,                 0,       37.49070238
          0,           0,         938,      -11.07108418,      -11.83097531,      -11.73110214,      -10.51441746,             0.448,     0.00869550298,      0.3260005144,                 0,                 0,                 0,     0.07865423993,    0.005502538342,      0.3260700373,                 0,        37.4907024
          0,           0,         939,      -11.09397852,      -11.85005005,      -11.75340036,      -10.53728737,             0.448,    0.008695502987,      0.3260005149,                 0,                 0,                 0,     0.07865423999,    0.005502538345,      0.3260700378,                 0,       37.49070243
          0,           0,         940,       -11.1168781,      -11.86923255,      -11.77564906,      -10.56016741,             0.448,    0.008695502994,      0.3260005154,                 0,                 0,                 0,     0.07865424006,    0.005502538347,      0.3260700383,                 0,       37.49070245
          0,           0,         941,      -11.13976811,      -11.88851511,      -11.79783141,      -10.58304292,             0.448,       0.008695503,      0.3260005159,                 0,                 0,                 0,     0.07865424013,    0.005502538348,      0.3260700388,                 0,       37.49070248
          0,           0,         942,      -11.16263296,      -11.90790676,       -11.8199284,      -10.60589852,             0.448,    0.008695503005,      0.3260005163,                 0,                 0,                 0,     0.07865424019,    0.005502538349,      0.3260700392,                 0,       37.49070251
          0,           0,         943,      -11.18545617,       -11.9274152,      -11.84192185,      -10.62871789,             0.448,     0.00869550301,      0.3260005167,                 0,                 0,                 0,     0.07865424025,     0.00550253835,      0.3260700396,                 0,       37.49070253
          0,           0,         944,      -11.20822055,      -11.94702834,      -11.86379113,        -10.651484,             0.448,    0.008695503014,      0.3260005172,                 0,                 0,                 0,     0.07865424031,     0.00550253835,      0.3260700401,                 0,       37.49070256
          0,           0,         945,      -11.23090762,      -11.96675908,      -11.88551921,      -10.67417863,             0.448,    0.008695503018,      0.3260005176,                 0,                 0,                 0,     0.07865424036,     0.00550253835,      0.3260700405,                 0,       37.49070259
          0,           0,         946,      -11.25349819,      -11.98659947,       -11.9070898,      -10.69678274,             0.448,    0.008695503021,       0.326000518,                 0,                 0,                 0,     0.07865424042,     0.00550253835,      0.3260700409,                 0,       37.49070263
          0,           0,         947,      -11.27597201,      -12.00653368,      -11.92848121,      -10.71927635,             0.448,    0.008695503024,      0.3260005183,                 0,                 0,                 0,     0.07865424047,    0.005502538349,      0.3260700412,                 0,       37.49070266
          0,           0,         948,      -11.29830698,      -12.02658706,      -11.94967472,      -10.74163742,             0.448,    0.008695503026,      0.3260005187,                 0,                 0,                 0,     0.07865424052,    0.005502538347,      0.3260700416,                 0,       37.49070269
          0,           0,         949,      -11.32048102,      -12.04672425,       -11.9706503,      -10.76384422,             0.448,    0.008695503028,      0.3260005191,                 0,                 0,                 0,     0.07865424056,    0.005502538346,       0.326070042,                 0,       37.49070272
          0,           0,         950,      -11.34247002,      -12.06694431,      -11.99138874,      -10.78587258,             0.448,    0.008695503029,      0.3260005194,                 0,                 0,                 0,     0.07865424061,    0.005502538343,      0.3260700423,                 0,       37.49070276
          0,           0,         951,      -11.36424912,      -12.08723746,      -12.01187216,      -10.80769812,             0.448,    0.008695488254,      0.3260005201,                 0,                 0,                 0,     0.07865424065,    0.005502538341,      0.3260700427,                 0,       37.49076655
          0,           0,         952,      -8.397582523,      -8.368558077,      -8.199697911,      -7.790870637,             0.448,    0.008695488258,      0.3260005197,                 0,                 0,                 0,     0.07865424051,     0.00550253835,      0.3260700422,                 0,       37.49076647
          0,           0,         953,      -8.694986876,      -8.633040474,      -8.477244267,      -8.084444812,             0.448,    0.008695488196,      0.3260005008,                 0,                 0,                 0,     0.07865423583,    0.005502538473,      0.3260700233,                 0,       37.49076457
          0,           0,         954,       -8.93803004,       -8.80341284,      -8.901629615,      -8.344416272,             0.448,    0.008695487426,      0.3260004255,                 0,                 0,                 0,     0.07865421659,     0.00550253844,       0.326069948,                 0,       37.49075923
          0,           0,         955,      -9.137336447,      -8.943215275,      -9.137234412,      -8.526619081,             0.448,     0.00869548618,      0.3260003122,                 0,                 0,                 0,     0.07865419045,    0.005502538303,      0.3260698347,                 0,       37.49075158
          0,           0,         956,      -9.300788272,      -9.141199824,      -9.202850919,      -8.701428577,             0.448,    0.008695485853,      0.3260002105,                 0,                 0,                 0,     0.07865417307,    0.005502538973,       0.326069733,                 0,       37.49074129
          0,           0,         957,      -9.397894639,      -9.247904116,      -9.328335705,      -8.799464053,             0.448,    0.008695485723,      0.3260001523,                 0,                 0,                 0,     0.07865417075,    0.005502539412,      0.3260696749,                 0,       37.49073516
          0,           0,         958,      -9.534636997,      -9.341189988,       -9.46106926,      -8.932927363,             0.448,    0.008695485692,      0.3260001379,                 0,                 0,                 0,      0.0786541802,    0.005502539522,      0.3260696604,                 0,       37.49073363
          0,           0,         959,      -9.564678879,      -9.372460203,      -9.527024735,      -8.961393076,             0.448,    0.008695485562,      0.3260001366,                 0,                 0,                 0,     0.07865419095,    0.005502539405,      0.3260696591,                 0,       37.49073405
          0,           0,         960,      -9.617460102,      -9.436768774,      -9.570931296,      -9.012573681,             0.448,    0.008695484864,      0.3260001227,                 0,                 0,                 0,     0.07865419675,    0.005502538844,      0.3260696452,                 0,       37.49073545
          0,           0,         961,      -9.736546715,      -9.566248757,      -9.660606441,      -9.137647535,             0.448,    0.008695484211,       0.326000099,                 0,                 0,                 0,     0.07865419951,    0.005502538423,      0.3260696215,                 0,       37.49073554
          0,           0,         962,      -9.812598351,      -9.655707305,      -9.777523639,      -9.223245455,             0.448,    0.008695483876,      0.3260000758,                 0,                 0,                 0,     0.07865420219,    0.005502538315,      0.3260695983,                 0,       37.49073432
          0,           0,         963,       -9.83454231,      -9.694997658,      -9.841178021,      -9.244811852,             0.448,    0.008695483739,      0.3260000559,                 0,                 0,                 0,     0.07865420524,    0.005502538372,      0.3260695784,                 0,       37.49073263
          0,           0,         964,      -9.884958153,      -9.765475921,      -9.876195718,      -9.297082476,             0.448,    0.008695483789,      0.3260000384,                 0,                 0,                 0,     0.07865420833,    0.005502538594,      0.3260695609,                 0,        37.4907304
          0,           0,         965,      -9.946738687,      -9.859036382,      -9.960442926,      -9.367922183,             0.448,    0.008695484085,      0.3260000232,                 0,                 0,                 0,     0.07865421144,    0.005502539039,      0.3260695457,                 0,       37.49072737
          0,           0,         966,      -9.972724743,      -9.936942292,      -10.08670644,      -9.401661116,             0.448,     0.00869548461,      0.3260000101,                 0,                 0,                 0,     0.07865421454,    0.005502539692,      0.3260695326,                 0,       37.49072361
          0,           0,         967,      -9.978435446,      -9.997920948,      -10.16426409,      -9.410401786,             0.448,    0.008695485295,      0.3259999984,                 0,                 0,                 0,      0.0786542173,    0.005502540492,      0.3260695209,                 0,        37.4907193
          0,           0,         968,      -9.979748744,      -10.05086608,       -10.1813873,      -9.414243967,             0.448,    0.008695486111,      0.3259999867,                 0,                 0,                 0,     0.07865421953,    0.005502541422,      0.3260695092,                 0,       37.49071444
          0,           0,         969,      -9.975168278,      -10.09945996,       -10.2059932,      -9.412955342,             0.448,    0.008695487077,      0.3259999751,                 0,                 0,                 0,     0.07865422139,    0.005502542502,      0.3260694976,                 0,       37.49070894
          0,           0,         970,      -9.965918613,      -10.14767737,      -10.24916364,       -9.40713487,             0.448,    0.008695488201,      0.3259999641,                 0,                 0,                 0,     0.07865422317,    0.005502543733,      0.3260694866,                 0,       37.49070283
          0,           0,         971,      -9.954347348,       -10.1964785,      -10.29187181,      -9.398563517,             0.448,     0.00869548946,      0.3259999538,                 0,                 0,                 0,     0.07865422495,    0.005502545093,      0.3260694764,                 0,       37.49069622
          0,           0,         972,       -9.94071821,      -10.24104402,      -10.32270977,      -9.387170383,             0.448,    0.008695490828,      0.3259999439,                 0,                 0,                 0,     0.07865422667,    0.005502546559,      0.3260694664,                 0,       37.49068918
          0,           0,         973,      -9.925330801,      -10.27746092,      -10.34381364,      -9.373233319,             0.448,    0.008695492285,      0.3259999341,                 0,                 0,                 0,     0.07865422831,     0.00550254811,      0.3260694567,                 0,       37.49068178
          0,           0,         974,       -9.90926365,      -10.30601475,      -10.35829903,      -9.358108389,             0.448,    0.008695493804,      0.3259999247,                 0,                 0,                 0,     0.07865422994,    0.005502549722,      0.3260694473,                 0,       37.49067414
          0,           0,         975,      -9.893493096,      -10.32733009,      -10.36671298,      -9.342998437,             0.448,    0.008695495358,      0.3259999155,                 0,                 0,                 0,     0.07865423161,    0.005502551366,      0.3260694382,                 0,       37.49066639
          0,           0,         976,      -9.878529334,      -10.34159169,      -10.36980847,      -9.328479822,             0.448,    0.008695496925,      0.3259999067,                 0,                 0,                 0,     0.07865423332,    0.005502553019,      0.3260694293,                 0,       37.49065862
          0,           0,         977,      -9.864576949,      -10.34984409,      -10.36936057,       -9.31478245,             0.448,    0.008695498487,       0.325999898,                 0,                 0,                 0,     0.07865423508,    0.005502554666,      0.3260694207,                 0,       37.49065088
          0,           0,         978,       -9.85171767,      -10.35358191,      -10.36759059,      -9.302031246,             0.448,    0.008695500032,      0.3259998895,                 0,                 0,                 0,     0.07865423686,    0.005502556295,      0.3260694122,                 0,       37.49064324
          0,           0,         979,      -9.840011825,      -10.35419916,      -10.36609345,      -9.290338253,             0.448,    0.008695501545,      0.3259998812,                 0,                 0,                 0,      0.0786542387,    0.005502557889,      0.3260694039,                 0,       37.49063576
          0,           0,         980,      -9.829509446,       -10.3529073,      -10.36530409,      -9.279796318,             0.448,    0.008695503013,       0.325999873,                 0,                 0,                 0,     0.07865424057,    0.005502559437,      0.3260693957,                 0,       37.49062849
          0,           0,         981,      -9.820224004,      -10.35053313,      -10.36501515,      -9.270442225,             0.448,    0.008695504426,      0.3259998651,                 0,                 0,                 0,     0.07865424249,    0.005502560927,      0.3260693878,                 0,       37.49062149
          0,           0,         982,       -9.81213578,      -10.34748764,      -10.36499659,       -9.26226427,             0.448,    0.008695505775,      0.3259998573,                 0,                 0,                 0,     0.07865424442,    0.005502562353,        0.32606938,                 0,       37.49061478
          0,           0,         983,      -9.805214781,      -10.34402564,      -10.36514358,      -9.255237131,             0.448,    0.008695507054,      0.3259998496,                 0,                 0,                 0,     0.07865424635,    0.005502563707,      0.3260693723,                 0,       37.49060838
          0,           0,         984,       -9.79943041,      -10.34046093,      -10.36542948,      -9.249337274,             0.448,     0.00869550826,      0.3259998421,                 0,                 0,                 0,     0.07865424825,    0.005502564987,      0.3260693648,                 0,       37.49060231
          0,           0,         985,      -9.794748195,      -10.33719661,      -10.36589982,      -9.244538368,             0.448,    0.008695509392,      0.3259998346,                 0,                 0,                 0,     0.07865425012,    0.005502566191,      0.3260693574,                 0,       37.49059658
          0,           0,         986,      -9.791126952,      -10.33464947,      -10.36666985,      -9.240806373,             0.448,    0.008695510448,      0.3259998273,                 0,                 0,                 0,     0.07865425193,    0.005502567319,      0.3260693501,                 0,       37.49059118
          0,           0,         987,      -9.788519061,      -10.33315442,      -10.36788173,      -9.238099218,             0.448,    0.008695511429,      0.3259998201,                 0,                 0,                 0,     0.07865425368,    0.005502568371,      0.3260693429,                 0,       37.49058612
          0,           0,         988,      -9.786871384,      -10.33290775,      -10.36964974,      -9.236367563,             0.448,    0.008695512338,       0.325999813,                 0,                 0,                 0,     0.07865425534,     0.00550256935,      0.3260693358,                 0,       37.49058138
          0,           0,         989,       -9.78612612,      -10.33396878,      -10.37203525,      -9.235555485,             0.448,    0.008695513178,      0.3259998059,                 0,                 0,                 0,      0.0786542569,    0.005502570259,      0.3260693287,                 0,       37.49057695
          0,           0,         990,      -9.786222079,      -10.33629931,      -10.37505159,      -9.235601915,             0.448,    0.008695513953,       0.325999799,                 0,                 0,                 0,     0.07865425835,    0.005502571102,      0.3260693218,                 0,       37.49057281
          0,           0,         991,      -9.787096252,      -10.33980954,      -10.37867932,      -9.236442693,             0.448,    0.008695514668,       0.325999792,                 0,                 0,                 0,     0.07865425969,    0.005502571885,      0.3260693148,                 0,       37.49056893
          0,           0,         992,       -9.78868522,      -10.34439519,      -10.38287942,      -9.238012491,             0.448,    0.008695515328,      0.3259997851,                 0,                 0,                 0,      0.0786542609,    0.005502572612,      0.3260693079,                 0,       37.49056529
          0,           0,         993,      -9.790926389,      -10.34995683,      -10.38760157,      -9.240246359,             0.448,    0.008695515939,      0.3259997783,                 0,                 0,                 0,     0.07865426199,    0.005502573291,      0.3260693011,                 0,       37.49056186
          0,           0,         994,      -9.793759331,      -10.35640517,      -10.39279081,      -9.243081182,             0.448,    0.008695516507,      0.3259997714,                 0,                 0,                 0,     0.07865426295,    0.005502573925,      0.3260692943,                 0,       37.49055863
          0,           0,         995,      -9.797126998,      -10.36366057,      -10.39839409,      -9.246456972,             0.448,    0.008695517038,      0.3259997646,                 0,                 0,                 0,      0.0786542638,    0.005502574522,      0.3260692875,                 0,       37.49055556
          0,           0,         996,      -9.800976735,      -10.37164911,      -10.40436532,      -9.250317998,             0.448,    0.008695517535,      0.3259997579,                 0,                 0,                 0,     0.07865426453,    0.005502575085,      0.3260692807,                 0,       37.49055264
          0,           0,         997,      -9.805261012,      -10.38030185,      -10.41066746,      -9.254613691,             0.448,    0.008695518003,      0.3259997511,                 0,                 0,                 0,     0.07865426516,     0.00550257562,       0.326069274,                 0,       37.49054985
          0,           0,         998,      -9.809937898,      -10.38955601,      -10.41727198,      -9.259299346,             0.448,    0.008695518446,      0.3259997444,                 0,                 0,                 0,      0.0786542657,    0.005502576128,      0.3260692673,                 0,       37.49054716
          0,           0,         999,      -9.814971361,      -10.39935931,      -10.42415738,      -9.264336578,             0.448,    0.008695518867,      0.3259997377,                 0,                 0,                 0,     0.07865426616,    0.005502576614,      0.3260692606,                 0,       37.49054458
          0,           0,        1000,      -9.820331451,      -10.40967158,      -10.43130807,      -9.269693617,             0.448,    0.008695519267,      0.3259997311,                 0,                 0,                 0,     0.07865426656,     0.00550257708,       0.326069254,                 0,        37.4905421
