
-------------------------------------------------------------------------
|    ___ _   _ ___                                                      |
|   / __| | | |_  )   Release 8.3.0 "Harrier"                           |
|   \__ \ |_| |/ /                                                      |
|   |___/\___//___|   Suite (Computational Fluid Dynamics Code)         |
|                                                                       |
-------------------------------------------------------------------------
| SU2 Project Website: https://su2code.github.io                        |
|                                                                       |
| The SU2 Project is maintained by the SU2 Foundation                   |
| (http://su2foundation.org)                                            |
-------------------------------------------------------------------------
| Copyright 2012-2025, SU2 Contributors                                 |
|                                                                       |
| SU2 is free software; you can redistribute it and/or                  |
| modify it under the terms of the GNU Lesser General Public            |
| License as published by the Free Software Foundation; either          |
| version 2.1 of the License, or (at your option) any later version.    |
|                                                                       |
| SU2 is distributed in the hope that it will be useful,                |
| but WITHOUT ANY WARRANTY; without even the implied warranty of        |
| MERCHANTABILITY or FITNESS FOR A PARTICULAR PURPOSE. See the GNU      |
| Lesser General Public License for more details.                       |
|                                                                       |
| You should have received a copy of the GNU Lesser General Public      |
| License along with SU2. If not, see <http://www.gnu.org/licenses/>.   |
-------------------------------------------------------------------------

Parsing config file for zone 0

----------------- Physical Case Definition ( Zone 0 ) -------------------
Compressible Euler equations.
Mach number: 0.8.
Angle of attack (AoA): 1.25 deg, and angle of sideslip (AoS): 0 deg.
Fixed CL mode, target value: 0.326.
Reading and writing binary SU2 native restart files.
Read flow solution from: solution_flow.
Non-Dimensional simulation (P=1.0, Rho=1.0, T=1.0 at the farfield).
The reference area is 1 m^2.
The semi-span will be computed using the max y(3D) value.
The reference length is 1 m.
Reference origin for moment evaluation is (0.25, 0, 0).
Surface(s) where the force coefficients are evaluated: airfoil.

Surface(s) plotted in the output file: airfoil.
Surface(s) affected by the design variables: airfoil.
Input mesh file name: mesh_NACA0012_inv_deform.su2

--------------- Space Numerical Integration ( Zone 0 ) ------------------
Jameson-Schmidt-Turkel scheme (2nd order in space) for the flow inviscid terms.
JST viscous coefficients (2nd & 4th): 0.5, 0.02.
The method includes a grid stretching correction (p = 0.3).
Gradient for viscous and source terms: Green-Gauss.

--------------- Time Numerical Integration  ( Zone 0 ) ------------------
Local time stepping (steady state simulation).
Euler implicit method for the flow equations.
FGMRES is used for solving the linear system.
Using a LU-SGS preconditioning.
Convergence criteria of the linear solver: 0.0001.
Max number of linear iterations: 2.
V Multigrid Cycle, with 2 multigrid levels.
Damping factor for the residual restriction: 1.
Damping factor for the correction prolongation: 1.
No CFL adaptation.
+-------------------------------------------+
|  MG Level| Presmooth|PostSmooth|CorrectSmo|
+-------------------------------------------+
|         0|         1|         0|         0|
|         1|         2|         0|         0|
|         2|         3|         0|         0|
+-------------------------------------------+
Courant-Friedrichs-Lewy number:       10

------------------ Convergence Criteria  ( Zone 0 ) ---------------------
Maximum number of solver subiterations: 1250.
Begin convergence monitoring at iteration 10.
Residual minimum value: 1e-13.
Cauchy series min. value: 1e-06.
Number of Cauchy elements: 100.
Begin windowed time average at iteration 0.

-------------------- Output Information ( Zone 0 ) ----------------------
File writing frequency: 
+------------------------------------+
|                     File| Frequency|
+------------------------------------+
|                  RESTART|       250|
|                 PARAVIEW|       250|
|         SURFACE_PARAVIEW|       250|
|              SURFACE_CSV|       250|
+------------------------------------+
Writing the convergence history file every 1 inner iterations.
Writing the screen convergence history every 1 inner iterations.
The tabular file format is CSV (.csv).
Convergence history file name: history_direct.
Forces breakdown file name: forces_breakdown.dat.
Surface file name: surface_flow.
Volume file name: flow.
Restart file name: restart_flow.

------------- Config File Boundary Information ( Zone 0 ) ---------------
+-----------------------------------------------------------------------+
|                        Marker Type|                        Marker Name|
+-----------------------------------------------------------------------+
|                         Euler wall|                            airfoil|
+-----------------------------------------------------------------------+
|                          Far-field|                           farfield|
+-----------------------------------------------------------------------+

-------------------- Output Preprocessing ( Zone 0 ) --------------------

WARNING: SURFACE_PRESSURE_DROP can only be computed for at least 2 surfaces (outlet, inlet, ...)

Screen output fields: INNER_ITER, RMS_DENSITY, RMS_ENERGY, LIFT, DRAG
History output group(s): ITER, RMS_RES, AERO_COEFF
Convergence field(s): RMS_DENSITY
Warning: No (valid) fields chosen for time convergence monitoring. Time convergence monitoring inactive.
Volume output fields: COORDINATES, SOLUTION, PRIMITIVE

------------------- Geometry Preprocessing ( Zone 0 ) -------------------
Two dimensional problem.
5233 grid points.
10216 volume elements.
2 surface markers.
200 boundary elements in index 0 (Marker = airfoil).
50 boundary elements in index 1 (Marker = farfield).
10216 triangles.
Setting point connectivity.
Renumbering points (Reverse Cuthill McKee Ordering).
Recomputing point connectivity.
Setting element connectivity.
Checking the numerical grid orientation.
All volume elements are correctly oriented.
All surface elements are correctly oriented.
Identifying edges and vertices.
Setting the control volume structure.
Area of the computational grid: 1253.25.
Searching for the closest normal neighbors to the surfaces.
Storing a mapping from global to local point index.
Compute the surface curvature.
Max K: 7835.1. Mean K: 34.8231. Standard deviation K: 494.421.
Checking for periodicity.
Computing mesh quality statistics for the dual control volumes.
+--------------------------------------------------------------+
|           Mesh Quality Metric|        Minimum|        Maximum|
+--------------------------------------------------------------+
|    Orthogonality Angle (deg.)|        62.9266|        89.7003|
|     CV Face Area Aspect Ratio|        1.00165|        7.18536|
|           CV Sub-Volume Ratio|        1.00209|        6.47549|
+--------------------------------------------------------------+
Setting the multigrid structure.
+-------------------------------------------+
|  MG Level|       CVs|Aggl. Rate|       CFL|
+-------------------------------------------+
|         0|      5233|    1/1.00|        10|
|         1|      1690|     1/3.1|   8.52431|
|         2|       649|     1/2.6|   7.92373|
+-------------------------------------------+
Finding max control volume width.
Wetted area = 2.04098 m.
Area projection in the x-plane = 0.115278 m, y-plane = 0.999845 m.
Max. coordinate in the x-direction = 1 m, y-direction = 0.0582731 m.
Min. coordinate in the x-direction = 0 m, y-direction = -0.0570374 m.
Computing wall distances.

-------------------- Solver Preprocessing ( Zone 0 ) --------------------
WARNING: AoA in the solution file (0.624964 deg.) +
         AoA offset in mesh file (0 deg.) = 0.624964 deg.
WARNING: SU2 will use the dCD/dCL provided in the direct solution file: -0.00609281.
WARNING: SU2 will use the dCMz/dCL provided in the direct solution file: -0.0308116.
Inviscid flow: Computing density based on free-stream
temperature and pressure using the ideal gas law.
Force coefficients computed using free-stream values.

-- Models:
+------------------------------------------------------------------------------+
|          Viscosity Model|        Conductivity Model|              Fluid Model|
+------------------------------------------------------------------------------+
|                        -|                         -|             STANDARD_AIR|
+------------------------------------------------------------------------------+
-- Fluid properties:
+------------------------------------------------------------------------------+
|                  Name|    Dim. value|    Ref. value|      Unit|Non-dim. value|
+------------------------------------------------------------------------------+
|          Gas Constant|       287.058|       287.058|  N.m/kg.K|             1|
|      Spec. Heat Ratio|             -|             -|         -|           1.4|
+------------------------------------------------------------------------------+
-- Initial and free-stream conditions:
+------------------------------------------------------------------------------+
|                  Name|    Dim. value|    Ref. value|      Unit|Non-dim. value|
+------------------------------------------------------------------------------+
|       Static Pressure|        101325|        101325|        Pa|             1|
|               Density|       1.22498|       1.22498|    kg/m^3|             1|
|           Temperature|        288.15|        288.15|         K|             1|
|          Total Energy|        243846|       82715.8|   m^2/s^2|         2.948|
|            Velocity-X|       272.221|       287.603|       m/s|      0.946516|
|            Velocity-Y|       2.96942|       287.603|       m/s|     0.0103247|
|    Velocity Magnitude|       272.238|       287.603|       m/s|      0.946573|
+------------------------------------------------------------------------------+
|           Mach Number|             -|             -|         -|           0.8|
+------------------------------------------------------------------------------+
Initialize Jacobian structure (Euler). MG level: 0.
Initialize Jacobian structure (Euler). MG level: 1.
Initialize Jacobian structure (Euler). MG level: 2.

------------------- Numerics Preprocessing ( Zone 0 ) -------------------

----------------- Integration Preprocessing ( Zone 0 ) ------------------

------------------- Iteration Preprocessing ( Zone 0 ) ------------------
Euler/Navier-Stokes/RANS fluid iteration.

------------------------------ Begin Solver -----------------------------

Simulation Run using the Single-zone Driver
WARNING: SU2 was not compiled for an AVX-capable architecture. Performance could be better,
         see https://su2code.github.io/docs_v7/Build-SU2-Linux-MacOS/#compiler-optimizations
WARNING: SU2 was not compiled for an AVX-capable architecture. Performance could be better,
         see https://su2code.github.io/docs_v7/Build-SU2-Linux-MacOS/#compiler-optimizations
WARNING: SU2 was not compiled for an AVX-capable architecture. Performance could be better,
         see https://su2code.github.io/docs_v7/Build-SU2-Linux-MacOS/#compiler-optimizations
+----------------------------------------------------------------+
|  Inner_Iter|    rms[Rho]|   rms[RhoE]|          CL|          CD|
+----------------------------------------------------------------+
|           0|   -5.315505|   -4.719123|    0.326653|    0.013013|
|           1|   -5.578572|   -4.980399|    0.326699|    0.011831|
|           2|   -5.491767|   -4.909508|    0.327289|    0.011380|
|           3|   -5.465195|   -4.879000|    0.327054|    0.011363|
|           4|   -5.410040|   -4.831580|    0.327035|    0.011137|
|           5|   -5.363213|   -4.794742|    0.327614|    0.010965|
|           6|   -5.330379|   -4.766757|    0.327913|    0.010841|
|           7|   -5.294925|   -4.732179|    0.328125|    0.010725|
|           8|   -5.257582|   -4.697007|    0.328446|    0.010607|
|           9|   -5.232640|   -4.674890|    0.328768|    0.010484|
|          10|   -5.212318|   -4.655978|    0.329082|    0.010369|
|          11|   -5.193306|   -4.638101|    0.329425|    0.010262|
|          12|   -5.175388|   -4.621181|    0.329806|    0.010156|
|          13|   -5.159271|   -4.605155|    0.330220|    0.010050|
|          14|   -5.145170|   -4.590419|    0.330649|    0.009945|
|          15|   -5.132059|   -4.576537|    0.331089|    0.009845|
|          16|   -5.120043|   -4.564069|    0.331529|    0.009749|
|          17|   -5.109778|   -4.553721|    0.331970|    0.009656|
|          18|   -5.101416|   -4.545408|    0.332415|    0.009565|
|          19|   -5.095189|   -4.539197|    0.332865|    0.009476|
|          20|   -5.090556|   -4.534557|    0.333317|    0.009390|
|          21|   -5.087032|   -4.531031|    0.333768|    0.009308|
|          22|   -5.084239|   -4.528274|    0.334212|    0.009230|
|          23|   -5.081772|   -4.525901|    0.334642|    0.009156|
|          24|   -5.079858|   -4.524172|    0.335054|    0.009087|
|          25|   -5.077755|   -4.522261|    0.335460|    0.009024|
|          26|   -5.075016|   -4.519812|    0.335857|    0.008969|
|          27|   -5.071384|   -4.516608|    0.336244|    0.008919|
|          28|   -5.067230|   -4.512952|    0.336622|    0.008875|
|          29|   -5.062858|   -4.509090|    0.336987|    0.008838|
|          30|   -5.058355|   -4.505111|    0.337330|    0.008806|
|          31|   -5.054111|   -4.501394|    0.337659|    0.008778|
|          32|   -5.050699|   -4.498438|    0.337986|    0.008754|
|          33|   -5.048522|   -4.496627|    0.338307|    0.008733|
|          34|   -5.047855|   -4.496222|    0.338625|    0.008713|
|          35|   -5.048796|   -4.497285|    0.338945|    0.008695|
|          36|   -5.051173|   -4.499619|    0.339270|    0.008678|
|          37|   -5.055132|   -4.503410|    0.339591|    0.008660|
|          38|   -5.060477|   -4.508563|    0.339907|    0.008642|
|          39|   -5.067273|   -4.515123|    0.340217|    0.008623|
|          40|   -5.075836|   -4.523432|    0.340519|    0.008603|
|          41|   -5.086333|   -4.533713|    0.340819|    0.008582|
|          42|   -5.098065|   -4.545213|    0.341116|    0.008559|
|          43|   -5.110381|   -4.557242|    0.341410|    0.008536|
|          44|   -5.123138|   -4.569754|    0.341701|    0.008511|
|          45|   -5.135871|   -4.582410|    0.341987|    0.008486|
|          46|   -5.148338|   -4.595016|    0.342266|    0.008461|
|          47|   -5.160757|   -4.607766|    0.342541|    0.008436|
|          48|   -5.172497|   -4.620027|    0.342809|    0.008411|
|          49|   -5.183402|   -4.631666|    0.343069|    0.008387|
|          50|   -5.192921|   -4.642073|    0.343315|    0.008364|
|          51|   -5.200934|   -4.651006|    0.343561|    0.007823|
+-----------------------------------------------------------------------+
|Fixed CL Mode                           |Value                         |
+-----------------------------------------------------------------------+
|Current CL                              |0.343561                      |
|Target CL                               |0.326                         |
|Previous AOA                            |0.624964                      |
|Changed AoA by                          |-0.0865726                    |
+-----------------------------------------------------------------------+
+----------------------------------------------------------------+
|  Inner_Iter|    rms[Rho]|   rms[RhoE]|          CL|          CD|
+----------------------------------------------------------------+
|          52|   -3.874154|   -3.267593|    0.343757|    0.007802|
|          53|   -4.170516|   -3.560323|    0.343336|    0.007780|
|          54|   -4.410006|   -3.817265|    0.341022|    0.007735|
|          55|   -4.601606|   -3.993949|    0.337428|    0.007676|
|          56|   -4.751971|   -4.157637|    0.334215|    0.007647|
|          57|   -4.838345|   -4.246813|    0.332462|    0.007626|
|          58|   -4.951876|   -4.361541|    0.332147|    0.007610|
|          59|   -4.978921|   -4.387606|    0.332274|    0.007592|
|          60|   -5.023880|   -4.432425|    0.331988|    0.007557|
|          61|   -5.113711|   -4.530701|    0.331371|    0.007526|
|          62|   -5.171437|   -4.596404|    0.330760|    0.007505|
|          63|   -5.197646|   -4.621493|    0.330252|    0.007490|
|          64|   -5.242744|   -4.667548|    0.329822|    0.007482|
|          65|   -5.299274|   -4.729329|    0.329463|    0.007482|
|          66|   -5.342223|   -4.775582|    0.329177|    0.007491|
|          67|   -5.377833|   -4.811016|    0.328934|    0.007505|
|          68|   -5.414525|   -4.846734|    0.328693|    0.007525|
|          69|   -5.450573|   -4.882585|    0.328453|    0.007550|
|          70|   -5.484638|   -4.917507|    0.328231|    0.007581|
|          71|   -5.517361|   -4.951773|    0.328031|    0.007618|
|          72|   -5.546215|   -4.982254|    0.327842|    0.007659|
|          73|   -5.568519|   -5.005916|    0.327658|    0.007704|
|          74|   -5.583169|   -5.021855|    0.327481|    0.007751|
|          75|   -5.590479|   -5.030654|    0.327314|    0.007801|
|          76|   -5.591197|   -5.032958|    0.327153|    0.007851|
|          77|   -5.586303|   -5.029486|    0.326996|    0.007903|
|          78|   -5.576986|   -5.021297|    0.326838|    0.007954|
|          79|   -5.564401|   -5.009553|    0.326678|    0.008004|
|          80|   -5.549966|   -4.995742|    0.326521|    0.008053|
|          81|   -5.534796|   -4.981019|    0.326366|    0.008101|
|          82|   -5.519617|   -4.966153|    0.326212|    0.008147|
|          83|   -5.505032|   -4.951776|    0.326059|    0.008191|
|          84|   -5.491429|   -4.938301|    0.325906|    0.008233|
|          85|   -5.478994|   -4.925955|    0.325752|    0.008274|
|          86|   -5.467786|   -4.914823|    0.325598|    0.008311|
|          87|   -5.457787|   -4.904900|    0.325444|    0.008347|
|          88|   -5.448860|   -4.896038|    0.325288|    0.008380|
|          89|   -5.441266|   -4.888541|    0.325131|    0.008412|
|          90|   -5.434929|   -4.882347|    0.324973|    0.008441|
|          91|   -5.429717|   -4.877335|    0.324812|    0.008468|
|          92|   -5.425480|   -4.873341|    0.324648|    0.008493|
|          93|   -5.421917|   -4.870026|    0.324480|    0.008517|
|          94|   -5.419285|   -4.867713|    0.324311|    0.008539|
|          95|   -5.417333|   -4.866130|    0.324138|    0.008560|
|          96|   -5.415666|   -4.864779|    0.323963|    0.008580|
|          97|   -5.414314|   -4.863718|    0.323786|    0.008599|
|          98|   -5.413655|   -4.863415|    0.323608|    0.008617|
|          99|   -5.413320|   -4.863423|    0.323428|    0.008634|
|         100|   -5.413179|   -4.863602|    0.323245|    0.008650|
|         101|   -5.413486|   -4.864225|    0.323060|    0.008743|
+-----------------------------------------------------------------------+
|Fixed CL Mode                           |Value                         |
+-----------------------------------------------------------------------+
|Current CL                              |0.32306                       |
|Target CL                               |0.326                         |
|Previous AOA                            |0.538391                      |
|Changed AoA by                          |0.0137727                     |
+-----------------------------------------------------------------------+
+----------------------------------------------------------------+
|  Inner_Iter|    rms[Rho]|   rms[RhoE]|          CL|          CD|
+----------------------------------------------------------------+
|         102|   -4.665731|   -4.060799|    0.322881|    0.008757|
|         103|   -4.945148|   -4.340435|    0.322797|    0.008771|
|         104|   -5.142333|   -4.559905|    0.323015|    0.008789|
|         105|   -5.265510|   -4.682567|    0.323445|    0.008807|
|         106|   -5.334903|   -4.767631|    0.323811|    0.008821|
|         107|   -5.366334|   -4.804126|    0.323935|    0.008832|
|         108|   -5.397761|   -4.840121|    0.323837|    0.008843|
|         109|   -5.407170|   -4.850152|    0.323673|    0.008853|
|         110|   -5.419571|   -4.863636|    0.323571|    0.008865|
|         111|   -5.437309|   -4.884505|    0.323528|    0.008877|
|         112|   -5.449393|   -4.898384|    0.323494|    0.008886|
|         113|   -5.458894|   -4.908158|    0.323449|    0.008895|
|         114|   -5.470758|   -4.920482|    0.323394|    0.008901|
|         115|   -5.483866|   -4.934297|    0.323333|    0.008906|
|         116|   -5.496448|   -4.947290|    0.323266|    0.008910|
|         117|   -5.508957|   -4.959972|    0.323197|    0.008912|
|         118|   -5.522397|   -4.973532|    0.323130|    0.008914|
|         119|   -5.536422|   -4.987598|    0.323068|    0.008914|
|         120|   -5.550691|   -5.001825|    0.323009|    0.008914|
|         121|   -5.565092|   -5.016140|    0.322952|    0.008912|
|         122|   -5.579550|   -5.030460|    0.322897|    0.008909|
|         123|   -5.594080|   -5.044787|    0.322845|    0.008906|
|         124|   -5.608756|   -5.059207|    0.322798|    0.008903|
|         125|   -5.623677|   -5.073811|    0.322753|    0.008899|
|         126|   -5.638842|   -5.088571|    0.322710|    0.008894|
|         127|   -5.654213|   -5.103531|    0.322671|    0.008890|
|         128|   -5.670150|   -5.119095|    0.322636|    0.008885|
|         129|   -5.686643|   -5.135186|    0.322603|    0.008881|
|         130|   -5.703328|   -5.151410|    0.322574|    0.008876|
|         131|   -5.720167|   -5.167781|    0.322547|    0.008872|
|         132|   -5.737204|   -5.184345|    0.322523|    0.008868|
|         133|   -5.754530|   -5.201192|    0.322502|    0.008864|
|         134|   -5.772225|   -5.218403|    0.322483|    0.008860|
|         135|   -5.790355|   -5.236050|    0.322466|    0.008856|
|         136|   -5.808975|   -5.254187|    0.322451|    0.008853|
|         137|   -5.828279|   -5.273025|    0.322437|    0.008850|
|         138|   -5.848602|   -5.292910|    0.322426|    0.008847|
|         139|   -5.869455|   -5.313295|    0.322416|    0.008844|
|         140|   -5.890911|   -5.334329|    0.322407|    0.008842|
|         141|   -5.913007|   -5.356044|    0.322400|    0.008840|
|         142|   -5.935802|   -5.378480|    0.322395|    0.008837|
|         143|   -5.959360|   -5.401695|    0.322390|    0.008835|
|         144|   -5.983717|   -5.425724|    0.322387|    0.008833|
|         145|   -6.008952|   -5.450641|    0.322386|    0.008832|
|         146|   -6.035083|   -5.476460|    0.322385|    0.008830|
|         147|   -6.062142|   -5.503212|    0.322385|    0.008828|
|         148|   -6.090143|   -5.530910|    0.322387|    0.008826|
|         149|   -6.119104|   -5.559566|    0.322389|    0.008825|
|         150|   -6.149040|   -5.589193|    0.322392|    0.008823|
|         151|   -6.179960|   -5.619797|    0.322393|    0.008923|
+-----------------------------------------------------------------------+
|Fixed CL Mode                           |Value                         |
+-----------------------------------------------------------------------+
|Current CL                              |0.322393                      |
|Target CL                               |0.326                         |
|Previous AOA                            |0.552164                      |
|Changed AoA by                          |0.0180399                     |
+-----------------------------------------------------------------------+
+----------------------------------------------------------------+
|  Inner_Iter|    rms[Rho]|   rms[RhoE]|          CL|          CD|
+----------------------------------------------------------------+
|         152|   -4.555721|   -3.949033|    0.322403|    0.008921|
|         153|   -4.852836|   -4.242365|    0.322541|    0.008919|
|         154|   -5.095331|   -4.501842|    0.323071|    0.008923|
|         155|   -5.293685|   -4.683367|    0.323865|    0.008930|
|         156|   -5.455754|   -4.856931|    0.324579|    0.008930|
|         157|   -5.551719|   -4.953924|    0.324991|    0.008929|
|         158|   -5.686202|   -5.085472|    0.325098|    0.008928|
|         159|   -5.717023|   -5.114653|    0.325114|    0.008927|
|         160|   -5.769881|   -5.165973|    0.325218|    0.008930|
|         161|   -5.886137|   -5.288499|    0.325389|    0.008933|
|         162|   -5.959180|   -5.371091|    0.325556|    0.008934|
|         163|   -5.979925|   -5.391791|    0.325699|    0.008933|
|         164|   -6.026680|   -5.441143|    0.325825|    0.008931|
|         165|   -6.080621|   -5.504689|    0.325936|    0.008928|
|         166|   -6.098396|   -5.530215|    0.326030|    0.008923|
|         167|   -6.096441|   -5.531517|    0.326115|    0.008916|
|         168|   -6.089724|   -5.527576|    0.326199|    0.008909|
|         169|   -6.077974|   -5.518981|    0.326282|    0.008901|
|         170|   -6.062773|   -5.506729|    0.326360|    0.008892|
|         171|   -6.046150|   -5.492476|    0.326434|    0.008882|
|         172|   -6.028538|   -5.476489|    0.326504|    0.008872|
|         173|   -6.010421|   -5.459321|    0.326573|    0.008861|
|         174|   -5.992663|   -5.442093|    0.326640|    0.008849|
|         175|   -5.975933|   -5.425669|    0.326705|    0.008837|
|         176|   -5.960547|   -5.410431|    0.326767|    0.008825|
|         177|   -5.946592|   -5.396492|    0.326828|    0.008813|
|         178|   -5.934067|   -5.383886|    0.326888|    0.008802|
|         179|   -5.922966|   -5.372642|    0.326947|    0.008790|
|         180|   -5.913278|   -5.362782|    0.327004|    0.008779|
|         181|   -5.904974|   -5.354293|    0.327059|    0.008768|
|         182|   -5.897995|   -5.347122|    0.327114|    0.008758|
|         183|   -5.892279|   -5.341211|    0.327167|    0.008749|
|         184|   -5.887771|   -5.336509|    0.327220|    0.008739|
|         185|   -5.884413|   -5.332965|    0.327272|    0.008731|
|         186|   -5.882147|   -5.330524|    0.327323|    0.008723|
|         187|   -5.880915|   -5.329133|    0.327373|    0.008715|
|         188|   -5.880655|   -5.328730|    0.327422|    0.008709|
|         189|   -5.881301|   -5.329252|    0.327471|    0.008702|
|         190|   -5.882818|   -5.330665|    0.327519|    0.008696|
|         191|   -5.885170|   -5.332934|    0.327567|    0.008691|
|         192|   -5.888235|   -5.335929|    0.327615|    0.008686|
|         193|   -5.891877|   -5.339519|    0.327663|    0.008681|
|         194|   -5.896060|   -5.343663|    0.327710|    0.008677|
|         195|   -5.900808|   -5.348402|    0.327757|    0.008673|
|         196|   -5.906041|   -5.353671|    0.327804|    0.008669|
|         197|   -5.911717|   -5.359388|    0.327850|    0.008665|
|         198|   -5.917809|   -5.365503|    0.327897|    0.008662|
|         199|   -5.924275|   -5.371992|    0.327942|    0.008659|
|         200|   -5.931073|   -5.378820|    0.327988|    0.008655|
|         201|   -5.938170|   -5.385948|    0.328034|    0.008596|
+-----------------------------------------------------------------------+
|Fixed CL Mode                           |Value                         |
+-----------------------------------------------------------------------+
|Current CL                              |0.328034                      |
|Target CL                               |0.326                         |
|Previous AOA                            |0.570204                      |
|Changed AoA by                          |-0.00993834                   |
+-----------------------------------------------------------------------+
+----------------------------------------------------------------+
|  Inner_Iter|    rms[Rho]|   rms[RhoE]|          CL|          CD|
+----------------------------------------------------------------+
|         202|   -4.813460|   -4.207074|    0.328075|    0.008593|
|         203|   -5.108044|   -4.498403|    0.328047|    0.008590|
|         204|   -5.342414|   -4.750835|    0.327800|    0.008584|
|         205|   -5.524553|   -4.920421|    0.327406|    0.008577|
|         206|   -5.660696|   -5.071181|    0.327056|    0.008574|
|         207|   -5.736251|   -5.150663|    0.326876|    0.008571|
|         208|   -5.830001|   -5.247952|    0.326861|    0.008569|
|         209|   -5.855069|   -5.272634|    0.326896|    0.008567|
|         210|   -5.892472|   -5.310830|    0.326884|    0.008563|
|         211|   -5.958732|   -5.385448|    0.326833|    0.008559|
|         212|   -6.000867|   -5.434008|    0.326781|    0.008556|
|         213|   -6.023809|   -5.456601|    0.326740|    0.008554|
|         214|   -6.057735|   -5.491734|    0.326708|    0.008553|
|         215|   -6.097217|   -5.534982|    0.326683|    0.008553|
|         216|   -6.129227|   -5.569280|    0.326666|    0.008554|
|         217|   -6.157509|   -5.597923|    0.326653|    0.008555|
|         218|   -6.186218|   -5.626520|    0.326639|    0.008557|
|         219|   -6.215078|   -5.655468|    0.326625|    0.008560|
|         220|   -6.243959|   -5.684725|    0.326612|    0.008563|
|         221|   -6.273119|   -5.714368|    0.326600|    0.008567|
|         222|   -6.302001|   -5.743577|    0.326589|    0.008572|
|         223|   -6.329706|   -5.771312|    0.326578|    0.008577|
|         224|   -6.355743|   -5.797187|    0.326567|    0.008582|
|         225|   -6.379911|   -5.821166|    0.326556|    0.008587|
|         226|   -6.401935|   -5.843022|    0.326545|    0.008593|
|         227|   -6.421423|   -5.862333|    0.326534|    0.008598|
|         228|   -6.437993|   -5.878719|    0.326523|    0.008604|
|         229|   -6.451428|   -5.892005|    0.326511|    0.008609|
|         230|   -6.461758|   -5.902271|    0.326500|    0.008615|
|         231|   -6.469209|   -5.909762|    0.326489|    0.008620|
|         232|   -6.474123|   -5.914807|    0.326477|    0.008625|
|         233|   -6.476926|   -5.917806|    0.326466|    0.008629|
|         234|   -6.478099|   -5.919224|    0.326454|    0.008634|
|         235|   -6.478121|   -5.919537|    0.326443|    0.008638|
|         236|   -6.477423|   -5.919176|    0.326431|    0.008642|
|         237|   -6.476356|   -5.918497|    0.326419|    0.008646|
|         238|   -6.475190|   -5.917772|    0.326407|    0.008649|
|         239|   -6.474112|   -5.917190|    0.326395|    0.008652|
|         240|   -6.473779|   -5.917519|    0.326383|    0.008655|
|         241|   -6.473757|   -5.918189|    0.326370|    0.008658|
|         242|   -6.474131|   -5.919209|    0.326357|    0.008661|
|         243|   -6.474733|   -5.920462|    0.326344|    0.008663|
|         244|   -6.474767|   -5.921093|    0.326330|    0.008666|
|         245|   -6.474926|   -5.921894|    0.326316|    0.008668|
|         246|   -6.475204|   -5.922803|    0.326302|    0.008670|
|         247|   -6.475572|   -5.923776|    0.326287|    0.008672|
|         248|   -6.475997|   -5.924769|    0.326272|    0.008673|
|         249|   -6.476445|   -5.925738|    0.326256|    0.008675|
|         250|   -6.476901|   -5.926654|    0.326240|    0.008677|
+-----------------------------------------------------------------------+
|        File Writing Summary       |              Filename             |
+-----------------------------------------------------------------------+
|SU2 binary restart                 |restart_flow.dat                   |
Writing Flow Meta-Data file: flow.meta
|Paraview                           |flow.vtu                           |
Writing Flow Meta-Data file: flow.meta
|Paraview surface                   |surface_flow.vtu                   |
Writing Flow Meta-Data file: flow.meta
|CSV file                           |surface_flow.csv                   |
Writing Flow Meta-Data file: flow.meta
+-----------------------------------------------------------------------+
+----------------------------------------------------------------+
|  Inner_Iter|    rms[Rho]|   rms[RhoE]|          CL|          CD|
+----------------------------------------------------------------+
|         251|   -6.477370|   -5.927518|    0.326224|    0.008671|
+-----------------------------------------------------------------------+
|Fixed CL Mode                           |Value                         |
+-----------------------------------------------------------------------+
|Current CL                              |0.326224                      |
|Target CL                               |0.326                         |
|Previous AOA                            |0.560265                      |
|Changed AoA by                          |-0.00120103                   |
+-----------------------------------------------------------------------+
+----------------------------------------------------------------+
|  Inner_Iter|    rms[Rho]|   rms[RhoE]|          CL|          CD|
+----------------------------------------------------------------+
|         252|   -5.725862|   -5.120580|    0.326208|    0.008673|
|         253|   -6.002685|   -5.398531|    0.326182|    0.008674|
|         254|   -6.201488|   -5.619394|    0.326132|    0.008675|
|         255|   -6.325989|   -5.743078|    0.326063|    0.008676|
|         256|   -6.396040|   -5.828557|    0.326001|    0.008677|
|         257|   -6.422172|   -5.859500|    0.325957|    0.008678|
|         258|   -6.446087|   -5.887962|    0.325934|    0.008679|
|         259|   -6.448548|   -5.891496|    0.325918|    0.008680|
|         260|   -6.453363|   -5.897753|    0.325896|    0.008681|
|         261|   -6.461793|   -5.909188|    0.325871|    0.008682|
|         262|   -6.464841|   -5.913917|    0.325846|    0.008682|
|         263|   -6.465452|   -5.914894|    0.325824|    0.008683|
|         264|   -6.467580|   -5.917514|    0.325803|    0.008684|
|         265|   -6.469742|   -5.920210|    0.325784|    0.008685|
|         266|   -6.470898|   -5.921591|    0.325766|    0.008686|
|         267|   -6.471865|   -5.922620|    0.325749|    0.008687|
|         268|   -6.473182|   -5.923953|    0.325733|    0.008688|
|         269|   -6.474903|   -5.925667|    0.325717|    0.008689|
|         270|   -6.476981|   -5.927726|    0.325702|    0.008690|
|         271|   -6.479368|   -5.930088|    0.325688|    0.008691|
|         272|   -6.482037|   -5.932721|    0.325674|    0.008692|
|         273|   -6.485003|   -5.935632|    0.325661|    0.008693|
|         274|   -6.488297|   -5.938863|    0.325648|    0.008695|
|         275|   -6.491943|   -5.942441|    0.325636|    0.008696|
|         276|   -6.495949|   -5.946376|    0.325624|    0.008697|
|         277|   -6.500310|   -5.950663|    0.325612|    0.008698|
|         278|   -6.505018|   -5.955290|    0.325601|    0.008699|
|         279|   -6.510088|   -5.960275|    0.325590|    0.008700|
|         280|   -6.515532|   -5.965632|    0.325579|    0.008702|
|         281|   -6.521338|   -5.971350|    0.325569|    0.008703|
|         282|   -6.527508|   -5.977428|    0.325559|    0.008704|
|         283|   -6.534013|   -5.983831|    0.325549|    0.008704|
|         284|   -6.540744|   -5.990402|    0.325540|    0.008705|
|         285|   -6.547895|   -5.997369|    0.325530|    0.008706|
|         286|   -6.555384|   -6.004724|    0.325521|    0.008707|
|         287|   -6.563188|   -6.012428|    0.325513|    0.008708|
|         288|   -6.571327|   -6.020475|    0.325504|    0.008708|
|         289|   -6.579809|   -6.028858|    0.325496|    0.008709|
|         290|   -6.588623|   -6.037569|    0.325488|    0.008709|
|         291|   -6.597764|   -6.046604|    0.325480|    0.008710|
|         292|   -6.607231|   -6.055966|    0.325472|    0.008710|
|         293|   -6.617022|   -6.065653|    0.325464|    0.008711|
|         294|   -6.627126|   -6.075653|    0.325456|    0.008711|
|         295|   -6.637528|   -6.085953|    0.325449|    0.008711|
|         296|   -6.648218|   -6.096543|    0.325442|    0.008712|
|         297|   -6.659187|   -6.107411|    0.325434|    0.008712|
|         298|   -6.670427|   -6.118550|    0.325427|    0.008712|
|         299|   -6.681932|   -6.129954|    0.325420|    0.008712|
|         300|   -6.693697|   -6.141616|    0.325413|    0.008713|
|         301|   -6.705714|   -6.153531|    0.325406|    0.008729|
+-----------------------------------------------------------------------+
|Fixed CL Mode                           |Value                         |
+-----------------------------------------------------------------------+
|Current CL                              |0.325406                      |
|Target CL                               |0.326                         |
|Previous AOA                            |0.559064                      |
|Changed AoA by                          |0.00293265                    |
+-----------------------------------------------------------------------+
+----------------------------------------------------------------+
|  Inner_Iter|    rms[Rho]|   rms[RhoE]|          CL|          CD|
+----------------------------------------------------------------+
|         302|   -5.344355|   -4.737764|    0.325400|    0.008730|
|         303|   -5.640958|   -5.030672|    0.325415|    0.008730|
|         304|   -5.881227|   -5.288231|    0.325494|    0.008731|
|         305|   -6.075126|   -5.466541|    0.325617|    0.008732|
|         306|   -6.229536|   -5.633555|    0.325726|    0.008733|
|         307|   -6.319829|   -5.725866|    0.325786|    0.008733|
|         308|   -6.442334|   -5.847849|    0.325797|    0.008733|
|         309|   -6.473144|   -5.877077|    0.325792|    0.008733|
|         310|   -6.523353|   -5.926188|    0.325803|    0.008734|
|         311|   -6.626985|   -6.036945|    0.325824|    0.008735|
|         312|   -6.696134|   -6.114118|    0.325845|    0.008735|
|         313|   -6.726727|   -6.143033|    0.325863|    0.008735|
|         314|   -6.782269|   -6.198729|    0.325878|    0.008735|
|         315|   -6.853923|   -6.276009|    0.325891|    0.008735|
|         316|   -6.904461|   -6.330949|    0.325902|    0.008735|
|         317|   -6.940768|   -6.367528|    0.325911|    0.008734|
|         318|   -6.974966|   -6.401239|    0.325920|    0.008733|
|         319|   -7.003278|   -6.430590|    0.325930|    0.008732|
|         320|   -7.023421|   -6.453537|    0.325938|    0.008730|
|         321|   -7.036188|   -6.470044|    0.325947|    0.008729|
|         322|   -7.040349|   -6.477857|    0.325955|    0.008727|
|         323|   -7.035206|   -6.475659|    0.325963|    0.008726|
|         324|   -7.022805|   -6.465575|    0.325970|    0.008724|
|         325|   -7.006077|   -6.450746|    0.325978|    0.008722|
|         326|   -6.987246|   -6.433396|    0.325985|    0.008720|
|         327|   -6.967727|   -6.414923|    0.325992|    0.008719|
|         328|   -6.948407|   -6.396289|    0.325999|    0.008717|
|         329|   -6.929894|   -6.378212|    0.326006|    0.008715|
|         330|   -6.912602|   -6.361201|    0.326013|    0.008714|
|         331|   -6.896778|   -6.345557|    0.326020|    0.008712|
|         332|   -6.882519|   -6.331403|    0.326027|    0.008710|
|         333|   -6.869846|   -6.318776|    0.326033|    0.008709|
|         334|   -6.858744|   -6.307681|    0.326040|    0.008708|
|         335|   -6.849172|   -6.298096|    0.326046|    0.008706|
|         336|   -6.841066|   -6.289971|    0.326053|    0.008705|
|         337|   -6.834349|   -6.283240|    0.326059|    0.008704|
|         338|   -6.828931|   -6.277821|    0.326065|    0.008703|
|         339|   -6.824717|   -6.273621|    0.326071|    0.008702|
|         340|   -6.821608|   -6.270544|    0.326078|    0.008701|
|         341|   -6.819506|   -6.268489|    0.326084|    0.008700|
|         342|   -6.818314|   -6.267358|    0.326090|    0.008699|
|         343|   -6.817941|   -6.267056|    0.326096|    0.008699|
|         344|   -6.818300|   -6.267492|    0.326102|    0.008698|
|         345|   -6.819310|   -6.268581|    0.326109|    0.008697|
|         346|   -6.820895|   -6.270244|    0.326115|    0.008697|
|         347|   -6.822999|   -6.272420|    0.326121|    0.008696|
|         348|   -6.825568|   -6.275053|    0.326127|    0.008696|
|         349|   -6.828556|   -6.278093|    0.326133|    0.008695|
|         350|   -6.831927|   -6.281503|    0.326140|    0.008695|
|         351|   -6.835654|   -6.285255|    0.326146|    0.008690|
+-----------------------------------------------------------------------+
|Fixed CL Mode                           |Value                         |
+-----------------------------------------------------------------------+
|Current CL                              |0.326146                      |
|Target CL                               |0.326                         |
|Previous AOA                            |0.561997                      |
|Changed AoA by                          |-0.000698232                  |
+-----------------------------------------------------------------------+
+----------------------------------------------------------------+
|  Inner_Iter|    rms[Rho]|   rms[RhoE]|          CL|          CD|
+----------------------------------------------------------------+
|         352|   -5.963986|   -5.358272|    0.326152|    0.008690|
|         353|   -6.251510|   -5.644138|    0.326153|    0.008689|
|         354|   -6.467710|   -5.880600|    0.326138|    0.008689|
|         355|   -6.618506|   -6.025904|    0.326113|    0.008688|
|         356|   -6.715341|   -6.139039|    0.326091|    0.008688|
|         357|   -6.763622|   -6.192509|    0.326081|    0.008687|
|         358|   -6.815739|   -6.249768|    0.326083|    0.008687|
|         359|   -6.831649|   -6.266077|    0.326088|    0.008687|
|         360|   -6.852542|   -6.288147|    0.326089|    0.008686|
|         361|   -6.883537|   -6.323971|    0.326088|    0.008686|
|         362|   -6.904048|   -6.347355|    0.326087|    0.008685|
|         363|   -6.918296|   -6.361660|    0.326086|    0.008685|
|         364|   -6.936228|   -6.380157|    0.326086|    0.008685|
|         365|   -6.955927|   -6.401117|    0.326086|    0.008685|
|         366|   -6.973939|   -6.419836|    0.326086|    0.008685|
|         367|   -6.991273|   -6.437321|    0.326087|    0.008685|
|         368|   -7.008987|   -6.455008|    0.326088|    0.008685|
|         369|   -7.027169|   -6.473157|    0.326089|    0.008685|
|         370|   -7.045862|   -6.491848|    0.326089|    0.008685|
|         371|   -7.065130|   -6.511113|    0.326090|    0.008685|
|         372|   -7.084903|   -6.530831|    0.326091|    0.008685|
|         373|   -7.105083|   -6.550879|    0.326092|    0.008686|
|         374|   -7.125644|   -6.571251|    0.326092|    0.008686|
|         375|   -7.146610|   -6.591997|    0.326093|    0.008686|
|         376|   -7.167997|   -6.613139|    0.326093|    0.008686|
|         377|   -7.189796|   -6.634663|    0.326094|    0.008687|
|         378|   -7.211978|   -6.656538|    0.326094|    0.008687|
|         379|   -7.234517|   -6.678741|    0.326095|    0.008687|
|         380|   -7.257396|   -6.701261|    0.326095|    0.008688|
|         381|   -7.280612|   -6.724095|    0.326096|    0.008688|
|         382|   -7.304159|   -6.747236|    0.326096|    0.008688|
|         383|   -7.328038|   -6.770681|    0.326096|    0.008689|
|         384|   -7.352260|   -6.794439|    0.326096|    0.008689|
|         385|   -7.376848|   -6.818536|    0.326096|    0.008689|
|         386|   -7.401833|   -6.843007|    0.326097|    0.008689|
|         387|   -7.427250|   -6.867895|    0.326097|    0.008690|
|         388|   -7.453139|   -6.893247|    0.326097|    0.008690|
|         389|   -7.479537|   -6.919107|    0.326097|    0.008690|
|         390|   -7.506475|   -6.945517|    0.326097|    0.008690|
|         391|   -7.533970|   -6.972505|    0.326097|    0.008690|
|         392|   -7.562025|   -7.000085|    0.326097|    0.008690|
|         393|   -7.590614|   -7.028245|    0.326096|    0.008691|
|         394|   -7.619682|   -7.056944|    0.326096|    0.008691|
|         395|   -7.649130|   -7.086100|    0.326096|    0.008691|
|         396|   -7.678809|   -7.115581|    0.326096|    0.008691|
|         397|   -7.708509|   -7.145196|    0.326095|    0.008691|
|         398|   -7.737951|   -7.174688|    0.326095|    0.008691|
|         399|   -7.766784|   -7.203727|    0.326095|    0.008691|
|         400|   -7.794579|   -7.231906|    0.326094|    0.008692|
|         401|   -7.820846|   -7.258751|    0.326094|    0.008689|
+-----------------------------------------------------------------------+
|Fixed CL Mode                           |Value                         |
+-----------------------------------------------------------------------+
|Current CL                              |0.326094                      |
|Target CL                               |0.326                         |
|Previous AOA                            |0.561299                      |
|Changed AoA by                          |-0.00047106                   |
+-----------------------------------------------------------------------+
+----------------------------------------------------------------+
|  Inner_Iter|    rms[Rho]|   rms[RhoE]|          CL|          CD|
+----------------------------------------------------------------+
|         402|   -6.138911|   -5.532210|    0.326093|    0.008689|
|         403|   -6.435983|   -5.825523|    0.326089|    0.008689|
|         404|   -6.678556|   -6.085079|    0.326075|    0.008689|
|         405|   -6.876994|   -6.266699|    0.326054|    0.008689|
|         406|   -7.038784|   -6.440086|    0.326035|    0.008689|
|         407|   -7.133005|   -6.535640|    0.326024|    0.008689|
|         408|   -7.262747|   -6.663416|    0.326021|    0.008689|
|         409|   -7.289429|   -6.689380|    0.326020|    0.008689|
|         410|   -7.336154|   -6.736031|    0.326017|    0.008689|
|         411|   -7.436211|   -6.845087|    0.326012|    0.008689|
|         412|   -7.490685|   -6.910617|    0.326007|    0.008689|
|         413|   -7.500297|   -6.921687|    0.326003|    0.008689|
|         414|   -7.527747|   -6.953606|    0.325999|    0.008689|
|         415|   -7.555352|   -6.990254|    0.325996|    0.008690|
|         416|   -7.558037|   -6.998549|    0.325993|    0.008690|
|         417|   -7.549856|   -6.992583|    0.325991|    0.008690|
|         418|   -7.539945|   -6.984474|    0.325988|    0.008690|
|         419|   -7.528467|   -6.974767|    0.325986|    0.008690|
|         420|   -7.516153|   -6.963988|    0.325983|    0.008691|
|         421|   -7.503714|   -6.952782|    0.325981|    0.008691|
|         422|   -7.491166|   -6.941100|    0.325979|    0.008691|
|         423|   -7.478669|   -6.929113|    0.325977|    0.008691|
|         424|   -7.466650|   -6.917376|    0.325975|    0.008692|
|         425|   -7.455453|   -6.906343|    0.325973|    0.008692|
|         426|   -7.445227|   -6.896197|    0.325971|    0.008692|
|         427|   -7.436000|   -6.886978|    0.325969|    0.008693|
|         428|   -7.427765|   -6.878693|    0.325967|    0.008693|
|         429|   -7.420520|   -6.871360|    0.325965|    0.008693|
|         430|   -7.414266|   -6.864999|    0.325964|    0.008694|
|         431|   -7.408992|   -6.859609|    0.325962|    0.008694|
|         432|   -7.404671|   -6.855167|    0.325960|    0.008694|
|         433|   -7.401274|   -6.851646|    0.325959|    0.008695|
|         434|   -7.398772|   -6.849019|    0.325957|    0.008695|
|         435|   -7.397136|   -6.847261|    0.325955|    0.008695|
|         436|   -7.396334|   -6.846344|    0.325954|    0.008695|
|         437|   -7.396333|   -6.846236|    0.325952|    0.008695|
|         438|   -7.397096|   -6.846902|    0.325951|    0.008696|
|         439|   -7.398585|   -6.848303|    0.325949|    0.008696|
|         440|   -7.400757|   -6.850400|    0.325948|    0.008696|
|         441|   -7.403572|   -6.853149|    0.325946|    0.008696|
|         442|   -7.406986|   -6.856507|    0.325945|    0.008696|
|         443|   -7.410959|   -6.860430|    0.325943|    0.008696|
|         444|   -7.415449|   -6.864877|    0.325942|    0.008697|
|         445|   -7.420418|   -6.869806|    0.325941|    0.008697|
|         446|   -7.425828|   -6.875179|    0.325939|    0.008697|
|         447|   -7.431647|   -6.880962|    0.325938|    0.008697|
|         448|   -7.437841|   -6.887118|    0.325936|    0.008697|
|         449|   -7.444383|   -6.893619|    0.325935|    0.008697|
|         450|   -7.451260|   -6.900452|    0.325934|    0.008697|
|         451|   -7.458451|   -6.907595|    0.325932|    0.008699|
+-----------------------------------------------------------------------+
|Fixed CL Mode                           |Value                         |
+-----------------------------------------------------------------------+
|Current CL                              |0.325932                      |
|Target CL                               |0.326                         |
|Previous AOA                            |0.560828                      |
|Changed AoA by                          |0.000331849                   |
+-----------------------------------------------------------------------+
+----------------------------------------------------------------+
|  Inner_Iter|    rms[Rho]|   rms[RhoE]|          CL|          CD|
+----------------------------------------------------------------+
|         452|   -6.290059|   -5.683624|    0.325931|    0.008699|
|         453|   -6.585207|   -5.975399|    0.325932|    0.008699|
|         454|   -6.821147|   -6.229221|    0.325941|    0.008699|
|         455|   -7.006352|   -6.401141|    0.325954|    0.008700|
|         456|   -7.146997|   -6.556043|    0.325966|    0.008700|
|         457|   -7.226027|   -6.638649|    0.325972|    0.008700|
|         458|   -7.326117|   -6.741608|    0.325973|    0.008700|
|         459|   -7.352509|   -6.767341|    0.325972|    0.008700|
|         460|   -7.392622|   -6.807905|    0.325972|    0.008700|
|         461|   -7.466103|   -6.889799|    0.325974|    0.008700|
|         462|   -7.513208|   -6.943722|    0.325976|    0.008700|
|         463|   -7.538057|   -6.967919|    0.325978|    0.008700|
|         464|   -7.576227|   -7.007161|    0.325979|    0.008700|
|         465|   -7.621597|   -7.056667|    0.325980|    0.008700|
|         466|   -7.657864|   -7.095468|    0.325981|    0.008700|
|         467|   -7.689385|   -7.127191|    0.325981|    0.008700|
|         468|   -7.721430|   -7.158853|    0.325982|    0.008700|
|         469|   -7.753441|   -7.190777|    0.325983|    0.008700|
|         470|   -7.785052|   -7.222738|    0.325983|    0.008700|
|         471|   -7.816499|   -7.254764|    0.325984|    0.008700|
|         472|   -7.846842|   -7.285588|    0.325984|    0.008699|
|         473|   -7.874591|   -7.313553|    0.325985|    0.008699|
|         474|   -7.898876|   -7.337934|    0.325986|    0.008699|
|         475|   -7.919348|   -7.358610|    0.325986|    0.008699|
|         476|   -7.935715|   -7.375336|    0.325987|    0.008699|
|         477|   -7.947709|   -7.387781|    0.325987|    0.008699|
|         478|   -7.955264|   -7.395836|    0.325988|    0.008698|
|         479|   -7.958663|   -7.399785|    0.325988|    0.008698|
|         480|   -7.958535|   -7.400257|    0.325989|    0.008698|
|         481|   -7.955661|   -7.398009|    0.325989|    0.008698|
|         482|   -7.950813|   -7.393770|    0.325990|    0.008698|
|         483|   -7.944700|   -7.388214|    0.325990|    0.008698|
|         484|   -7.937939|   -7.381950|    0.325991|    0.008697|
|         485|   -7.931030|   -7.375486|    0.325991|    0.008697|
|         486|   -7.924345|   -7.369211|    0.325992|    0.008697|
|         487|   -7.918141|   -7.363396|    0.325992|    0.008697|
|         488|   -7.912576|   -7.358213|    0.325993|    0.008697|
|         489|   -7.907734|   -7.353752|    0.325994|    0.008697|
|         490|   -7.903639|   -7.350042|    0.325994|    0.008697|
|         491|   -7.900275|   -7.347067|    0.325995|    0.008697|
|         492|   -7.897600|   -7.344784|    0.325995|    0.008696|
|         493|   -7.895556|   -7.343129|    0.325996|    0.008696|
|         494|   -7.894076|   -7.342030|    0.325996|    0.008696|
|         495|   -7.893093|   -7.341414|    0.325997|    0.008696|
|         496|   -7.892544|   -7.341211|    0.325997|    0.008696|
|         497|   -7.892374|   -7.341360|    0.325998|    0.008696|
|         498|   -7.892541|   -7.341814|    0.325999|    0.008696|
|         499|   -7.893004|   -7.342529|    0.325999|    0.008696|
|         500|   -7.893739|   -7.343475|    0.326000|    0.008696|
+-----------------------------------------------------------------------+
|        File Writing Summary       |              Filename             |
+-----------------------------------------------------------------------+
|SU2 binary restart                 |restart_flow.dat                   |
Writing Flow Meta-Data file: flow.meta
|Paraview                           |flow.vtu                           |
Writing Flow Meta-Data file: flow.meta
|Paraview surface                   |surface_flow.vtu                   |
Writing Flow Meta-Data file: flow.meta
|CSV file                           |surface_flow.csv                   |
Writing Flow Meta-Data file: flow.meta
+-----------------------------------------------------------------------+
+----------------------------------------------------------------+
|  Inner_Iter|    rms[Rho]|   rms[RhoE]|          CL|          CD|
+----------------------------------------------------------------+
|         501|   -7.894732|   -7.344640|    0.326000|    0.008696|
|         502|   -7.895982|   -7.346022|    0.326001|    0.008696|
|         503|   -7.897493|   -7.347629|    0.326001|    0.008696|
|         504|   -7.899275|   -7.349473|    0.326002|    0.008696|
|         505|   -7.901343|   -7.351575|    0.326003|    0.008696|
|         506|   -7.903716|   -7.353954|    0.326003|    0.008696|
|         507|   -7.906409|   -7.356633|    0.326004|    0.008696|
|         508|   -7.909439|   -7.359630|    0.326004|    0.008696|
|         509|   -7.912819|   -7.362963|    0.326005|    0.008696|
|         510|   -7.916560|   -7.366646|    0.326005|    0.008696|
|         511|   -7.920670|   -7.370690|    0.326006|    0.008695|
|         512|   -7.925154|   -7.375099|    0.326006|    0.008695|
|         513|   -7.930013|   -7.379879|    0.326006|    0.008695|
|         514|   -7.935248|   -7.385029|    0.326007|    0.008695|
|         515|   -7.940857|   -7.390550|    0.326007|    0.008695|
|         516|   -7.946836|   -7.396438|    0.326008|    0.008695|
|         517|   -7.953181|   -7.402690|    0.326008|    0.008695|
|         518|   -7.959889|   -7.409303|    0.326008|    0.008695|
|         519|   -7.966953|   -7.416272|    0.326009|    0.008695|
|         520|   -7.974371|   -7.423594|    0.326009|    0.008695|
|         521|   -7.982138|   -7.431265|    0.326010|    0.008695|
|         522|   -7.990248|   -7.439280|    0.326010|    0.008695|
|         523|   -7.998699|   -7.447637|    0.326010|    0.008695|
|         524|   -8.007484|   -7.456329|    0.326010|    0.008695|
|         525|   -8.016600|   -7.465354|    0.326011|    0.008695|
|         526|   -8.026042|   -7.474706|    0.326011|    0.008695|
|         527|   -8.035806|   -7.484380|    0.326011|    0.008695|
|         528|   -8.045887|   -7.494372|    0.326012|    0.008695|
|         529|   -8.056280|   -7.504677|    0.326012|    0.008695|
|         530|   -8.066981|   -7.515290|    0.326012|    0.008695|
|         531|   -8.077986|   -7.526206|    0.326012|    0.008695|
|         532|   -8.089290|   -7.537421|    0.326013|    0.008695|
|         533|   -8.100889|   -7.548932|    0.326013|    0.008695|
|         534|   -8.112780|   -7.560734|    0.326013|    0.008695|
|         535|   -8.124959|   -7.572823|    0.326013|    0.008695|
|         536|   -8.137424|   -7.585197|    0.326013|    0.008695|
|         537|   -8.150170|   -7.597853|    0.326014|    0.008695|
|         538|   -8.163194|   -7.610787|    0.326014|    0.008695|
|         539|   -8.176494|   -7.623997|    0.326014|    0.008695|
|         540|   -8.190065|   -7.637478|    0.326014|    0.008695|
|         541|   -8.203906|   -7.651229|    0.326014|    0.008695|
|         542|   -8.218011|   -7.665244|    0.326014|    0.008695|
|         543|   -8.232379|   -7.679522|    0.326015|    0.008695|
|         544|   -8.247005|   -7.694057|    0.326015|    0.008695|
|         545|   -8.261886|   -7.708848|    0.326015|    0.008695|
|         546|   -8.277018|   -7.723889|    0.326015|    0.008695|
|         547|   -8.292399|   -7.739178|    0.326015|    0.008695|
|         548|   -8.308025|   -7.754712|    0.326015|    0.008695|
|         549|   -8.323894|   -7.770488|    0.326016|    0.008695|
|         550|   -8.340003|   -7.786503|    0.326016|    0.008695|
|         551|   -8.356350|   -7.802755|    0.326016|    0.008695|
+-----------------------------------------------------------------------+
|Fixed CL Mode                           |Value                         |
+-----------------------------------------------------------------------+
|Current CL                              |0.326016                      |
|Target CL                               |0.326                         |
|Previous AOA                            |0.561159                      |
|Changed AoA by                          |-7.82072e-05                  |
+-----------------------------------------------------------------------+
+----------------------------------------------------------------+
|  Inner_Iter|    rms[Rho]|   rms[RhoE]|          CL|          CD|
+----------------------------------------------------------------+
|         552|   -6.918502|   -6.311876|    0.326016|    0.008695|
|         553|   -7.215379|   -6.604999|    0.326015|    0.008695|
|         554|   -7.456593|   -6.863369|    0.326013|    0.008695|
|         555|   -7.652472|   -7.043124|    0.326010|    0.008695|
|         556|   -7.810225|   -7.213014|    0.326007|    0.008694|
|         557|   -7.903218|   -7.307569|    0.326005|    0.008694|
|         558|   -8.031528|   -7.434237|    0.326005|    0.008694|
|         559|   -8.063153|   -7.464061|    0.326005|    0.008694|
|         560|   -8.115800|   -7.515134|    0.326005|    0.008694|
|         561|   -8.228193|   -7.633789|    0.326004|    0.008694|
|         562|   -8.303727|   -7.717463|    0.326004|    0.008694|
|         563|   -8.334290|   -7.746227|    0.326003|    0.008694|
|         564|   -8.393458|   -7.805327|    0.326003|    0.008694|
|         565|   -8.470612|   -7.888705|    0.326002|    0.008694|
|         566|   -8.519356|   -7.943064|    0.326002|    0.008694|
|         567|   -8.547887|   -7.972849|    0.326002|    0.008695|
|         568|   -8.571134|   -7.996966|    0.326001|    0.008695|
|         569|   -8.585055|   -8.013736|    0.326001|    0.008695|
|         570|   -8.588767|   -8.021863|    0.326001|    0.008695|
|         571|   -8.584963|   -8.022743|    0.326001|    0.008695|
|         572|   -8.574193|   -8.015866|    0.326000|    0.008695|
|         573|   -8.557370|   -8.001764|    0.326000|    0.008695|
|         574|   -8.537018|   -7.983272|    0.326000|    0.008695|
|         575|   -8.515519|   -7.963124|    0.326000|    0.008695|
|         576|   -8.494283|   -7.942842|    0.325999|    0.008695|
|         577|   -8.474007|   -7.923176|    0.325999|    0.008695|
|         578|   -8.455028|   -7.904546|    0.325999|    0.008695|
|         579|   -8.437545|   -7.887245|    0.325999|    0.008695|
|         580|   -8.421685|   -7.871467|    0.325999|    0.008695|
|         581|   -8.407486|   -7.857294|    0.325998|    0.008695|
|         582|   -8.394921|   -7.844712|    0.325998|    0.008695|
|         583|   -8.383932|   -7.833676|    0.325998|    0.008695|
|         584|   -8.374457|   -7.824136|    0.325998|    0.008695|
|         585|   -8.366427|   -7.816033|    0.325998|    0.008695|
|         586|   -8.359765|   -7.809303|    0.325997|    0.008695|
|         587|   -8.354388|   -7.803868|    0.325997|    0.008695|
|         588|   -8.350211|   -7.799649|    0.325997|    0.008695|
|         589|   -8.347147|   -7.796559|    0.325997|    0.008695|
|         590|   -8.345105|   -7.794509|    0.325997|    0.008695|
|         591|   -8.343998|   -7.793409|    0.325996|    0.008695|
|         592|   -8.343741|   -7.793173|    0.325996|    0.008695|
|         593|   -8.344253|   -7.793715|    0.325996|    0.008695|
|         594|   -8.345457|   -7.794956|    0.325996|    0.008695|
|         595|   -8.347283|   -7.796822|    0.325996|    0.008696|
|         596|   -8.349667|   -7.799246|    0.325996|    0.008696|
|         597|   -8.352552|   -7.802168|    0.325995|    0.008696|
|         598|   -8.355890|   -7.805536|    0.325995|    0.008696|
|         599|   -8.359639|   -7.809307|    0.325995|    0.008696|
|         600|   -8.363766|   -7.813444|    0.325995|    0.008696|
|         601|   -8.368244|   -7.817921|    0.325995|    0.008696|
+-----------------------------------------------------------------------+
|Fixed CL Mode                           |Value                         |
+-----------------------------------------------------------------------+
|Current CL                              |0.325995                      |
|Target CL                               |0.326                         |
|Previous AOA                            |0.561081                      |
|Changed AoA by                          |2.58713e-05                   |
+-----------------------------------------------------------------------+
+----------------------------------------------------------------+
|  Inner_Iter|    rms[Rho]|   rms[RhoE]|          CL|          CD|
+----------------------------------------------------------------+
|         602|   -7.396658|   -6.790593|    0.325994|    0.008696|
|         603|   -7.687972|   -7.079403|    0.325994|    0.008696|
|         604|   -7.913551|   -7.324192|    0.325995|    0.008696|
|         605|   -8.079656|   -7.481610|    0.325996|    0.008696|
|         606|   -8.194117|   -7.612184|    0.325997|    0.008696|
|         607|   -8.253757|   -7.676892|    0.325997|    0.008696|
|         608|   -8.321702|   -7.750029|    0.325997|    0.008696|
|         609|   -8.341024|   -7.769562|    0.325997|    0.008696|
|         610|   -8.367730|   -7.797532|    0.325997|    0.008696|
|         611|   -8.410098|   -7.846350|    0.325997|    0.008696|
|         612|   -8.437232|   -7.877592|    0.325997|    0.008696|
|         613|   -8.454371|   -7.894696|    0.325997|    0.008696|
|         614|   -8.477154|   -7.918293|    0.325997|    0.008696|
|         615|   -8.502603|   -7.945735|    0.325997|    0.008696|
|         616|   -8.524922|   -7.969184|    0.325997|    0.008696|
|         617|   -8.545835|   -7.990312|    0.325998|    0.008696|
|         618|   -8.567134|   -8.011568|    0.325998|    0.008696|
|         619|   -8.588909|   -8.033321|    0.325998|    0.008696|
|         620|   -8.611217|   -8.055682|    0.325998|    0.008696|
|         621|   -8.634174|   -8.078706|    0.325998|    0.008696|
|         622|   -8.657633|   -8.102150|    0.325998|    0.008696|
|         623|   -8.681379|   -8.125750|    0.325998|    0.008696|
|         624|   -8.705340|   -8.149464|    0.325998|    0.008696|
|         625|   -8.729539|   -8.173368|    0.325998|    0.008696|
|         626|   -8.753970|   -8.197470|    0.325998|    0.008696|
|         627|   -8.778564|   -8.221690|    0.325998|    0.008696|
|         628|   -8.803209|   -8.245912|    0.325998|    0.008696|
|         629|   -8.827788|   -8.270029|    0.325998|    0.008696|
|         630|   -8.852203|   -8.293960|    0.325998|    0.008696|
|         631|   -8.876371|   -8.317632|    0.325998|    0.008696|
|         632|   -8.900204|   -8.340962|    0.325998|    0.008696|
|         633|   -8.923619|   -8.363868|    0.325998|    0.008696|
|         634|   -8.946550|   -8.386292|    0.325998|    0.008696|
|         635|   -8.968957|   -8.408208|    0.325998|    0.008696|
|         636|   -8.990812|   -8.429605|    0.325998|    0.008696|
|         637|   -9.012094|   -8.450485|    0.325998|    0.008696|
|         638|   -9.032784|   -8.470853|    0.325998|    0.008696|
|         639|   -9.052855|   -8.490704|    0.325998|    0.008696|
|         640|   -9.072265|   -8.510017|    0.325998|    0.008696|
|         641|   -9.090947|   -8.528746|    0.325998|    0.008696|
|         642|   -9.108808|   -8.546814|    0.325998|    0.008696|
|         643|   -9.125728|   -8.564112|    0.325998|    0.008696|
|         644|   -9.141558|   -8.580495|    0.325998|    0.008696|
|         645|   -9.156131|   -8.595790|    0.325998|    0.008696|
|         646|   -9.169274|   -8.609810|    0.325998|    0.008696|
|         647|   -9.180829|   -8.622366|    0.325998|    0.008696|
|         648|   -9.190669|   -8.633296|    0.325998|    0.008696|
|         649|   -9.198718|   -8.642479|    0.325998|    0.008696|
|         650|   -9.204970|   -8.649861|    0.325998|    0.008696|
|         651|   -9.209488|   -8.655463|    0.325998|    0.008696|
+-----------------------------------------------------------------------+
|Fixed CL Mode                           |Value                         |
+-----------------------------------------------------------------------+
|Current CL                              |0.325998                      |
|Target CL                               |0.326                         |
|Previous AOA                            |0.561107                      |
|Changed AoA by                          |1.02072e-05                   |
+-----------------------------------------------------------------------+
+----------------------------------------------------------------+
|  Inner_Iter|    rms[Rho]|   rms[RhoE]|          CL|          CD|
+----------------------------------------------------------------+
|         652|   -7.802875|   -7.196205|    0.325998|    0.008696|
|         653|   -8.098977|   -7.488818|    0.325998|    0.008696|
|         654|   -8.339569|   -7.746702|    0.325998|    0.008696|
|         655|   -8.533437|   -7.925026|    0.325999|    0.008696|
|         656|   -8.686922|   -8.091382|    0.325999|    0.008696|
|         657|   -8.771228|   -8.178641|    0.326000|    0.008696|
|         658|   -8.878813|   -8.288283|    0.326000|    0.008696|
|         659|   -8.896914|   -8.307317|    0.326000|    0.008696|
|         660|   -8.929044|   -8.341857|    0.326000|    0.008696|
|         661|   -8.992125|   -8.416303|    0.326000|    0.008696|
|         662|   -9.018823|   -8.452416|    0.326000|    0.008696|
|         663|   -9.019671|   -8.454884|    0.326000|    0.008696|
|         664|   -9.029539|   -8.468314|    0.326000|    0.008696|
|         665|   -9.037977|   -8.481847|    0.326000|    0.008696|
|         666|   -9.035044|   -8.481504|    0.326000|    0.008696|
|         667|   -9.027883|   -8.475380|    0.326000|    0.008696|
|         668|   -9.020515|   -8.468836|    0.326001|    0.008696|
|         669|   -9.013137|   -8.462171|    0.326001|    0.008696|
|         670|   -9.005899|   -8.455517|    0.326001|    0.008696|
|         671|   -8.998909|   -8.449003|    0.326001|    0.008696|
|         672|   -8.992108|   -8.442535|    0.326001|    0.008696|
|         673|   -8.985565|   -8.436173|    0.326001|    0.008696|
|         674|   -8.979475|   -8.430164|    0.326001|    0.008696|
|         675|   -8.973995|   -8.424714|    0.326001|    0.008696|
|         676|   -8.969189|   -8.419903|    0.326001|    0.008696|
|         677|   -8.965069|   -8.415743|    0.326001|    0.008696|
|         678|   -8.961633|   -8.412239|    0.326001|    0.008696|
|         679|   -8.958884|   -8.409402|    0.326001|    0.008696|
|         680|   -8.956830|   -8.407249|    0.326001|    0.008696|
|         681|   -8.955469|   -8.405786|    0.326001|    0.008696|
|         682|   -8.954794|   -8.405005|    0.326001|    0.008696|
|         683|   -8.954791|   -8.404894|    0.326001|    0.008696|
|         684|   -8.955447|   -8.405442|    0.326001|    0.008696|
|         685|   -8.956749|   -8.406638|    0.326001|    0.008696|
|         686|   -8.958682|   -8.408467|    0.326001|    0.008696|
|         687|   -8.961228|   -8.410914|    0.326002|    0.008695|
|         688|   -8.964366|   -8.413959|    0.326002|    0.008695|
|         689|   -8.968073|   -8.417580|    0.326002|    0.008695|
|         690|   -8.972325|   -8.421753|    0.326002|    0.008695|
|         691|   -8.977095|   -8.426451|    0.326002|    0.008695|
|         692|   -8.982357|   -8.431646|    0.326002|    0.008695|
|         693|   -8.988082|   -8.437309|    0.326002|    0.008695|
|         694|   -8.994243|   -8.443413|    0.326002|    0.008695|
|         695|   -9.000813|   -8.449929|    0.326002|    0.008695|
|         696|   -9.007766|   -8.456829|    0.326002|    0.008695|
|         697|   -9.015078|   -8.464090|    0.326002|    0.008695|
|         698|   -9.022727|   -8.471688|    0.326002|    0.008695|
|         699|   -9.030695|   -8.479602|    0.326002|    0.008695|
|         700|   -9.038962|   -8.487815|    0.326002|    0.008695|
|         701|   -9.047515|   -8.496310|    0.326002|    0.008695|
+-----------------------------------------------------------------------+
|Fixed CL Mode                           |Value                         |
+-----------------------------------------------------------------------+
|Current CL                              |0.326002                      |
|Target CL                               |0.326                         |
|Previous AOA                            |0.561117                      |
|Changed AoA by                          |-9.88055e-06                  |
+-----------------------------------------------------------------------+
+----------------------------------------------------------------+
|  Inner_Iter|    rms[Rho]|   rms[RhoE]|          CL|          CD|
+----------------------------------------------------------------+
|         702|   -7.816480|   -7.209979|    0.326002|    0.008695|
|         703|   -8.112259|   -7.502244|    0.326002|    0.008695|
|         704|   -8.350038|   -7.757654|    0.326002|    0.008695|
|         705|   -8.538893|   -7.932274|    0.326001|    0.008695|
|         706|   -8.685176|   -8.092190|    0.326001|    0.008695|
|         707|   -8.768759|   -8.178779|    0.326001|    0.008695|
|         708|   -8.877536|   -8.289280|    0.326001|    0.008695|
|         709|   -8.905759|   -8.316503|    0.326001|    0.008695|
|         710|   -8.949799|   -8.360489|    0.326001|    0.008695|
|         711|   -9.034101|   -8.453088|    0.326001|    0.008695|
|         712|   -9.088854|   -8.515289|    0.326001|    0.008695|
|         713|   -9.116163|   -8.541604|    0.326001|    0.008695|
|         714|   -9.160469|   -8.586813|    0.326001|    0.008695|
|         715|   -9.214639|   -8.645785|    0.326001|    0.008695|
|         716|   -9.256528|   -8.690783|    0.326000|    0.008695|
|         717|   -9.291506|   -8.725880|    0.326000|    0.008695|
|         718|   -9.326845|   -8.760603|    0.326000|    0.008695|
|         719|   -9.361245|   -8.794919|    0.326000|    0.008695|
|         720|   -9.393738|   -8.828088|    0.326000|    0.008695|
|         721|   -9.424455|   -8.859947|    0.326000|    0.008695|
|         722|   -9.451765|   -8.888415|    0.326000|    0.008695|
|         723|   -9.473382|   -8.910961|    0.326000|    0.008695|
|         724|   -9.488350|   -8.926810|    0.326000|    0.008695|
|         725|   -9.496890|   -8.936415|    0.326000|    0.008695|
|         726|   -9.499601|   -8.940327|    0.326000|    0.008695|
|         727|   -9.497262|   -8.939149|    0.326000|    0.008695|
|         728|   -9.490836|   -8.933747|    0.326000|    0.008695|
|         729|   -9.481444|   -8.925232|    0.326000|    0.008695|
|         730|   -9.470225|   -8.914766|    0.326000|    0.008695|
|         731|   -9.458140|   -8.903324|    0.326000|    0.008695|
|         732|   -9.445905|   -8.891618|    0.326000|    0.008695|
|         733|   -9.434028|   -8.880163|    0.326000|    0.008695|
|         734|   -9.422872|   -8.869340|    0.326000|    0.008695|
|         735|   -9.412676|   -8.859415|    0.326000|    0.008695|
|         736|   -9.403575|   -8.850549|    0.326000|    0.008695|
|         737|   -9.395632|   -8.842820|    0.326000|    0.008695|
|         738|   -9.388848|   -8.836247|    0.326000|    0.008695|
|         739|   -9.383188|   -8.830802|    0.326000|    0.008695|
|         740|   -9.378589|   -8.826423|    0.326000|    0.008695|
|         741|   -9.374970|   -8.823033|    0.326000|    0.008695|
|         742|   -9.372242|   -8.820539|    0.326000|    0.008695|
|         743|   -9.370316|   -8.818849|    0.326000|    0.008695|
|         744|   -9.369101|   -8.817869|    0.326000|    0.008695|
|         745|   -9.368514|   -8.817510|    0.326000|    0.008695|
|         746|   -9.368480|   -8.817690|    0.326000|    0.008696|
|         747|   -9.368932|   -8.818339|    0.326000|    0.008696|
|         748|   -9.369814|   -8.819398|    0.326000|    0.008696|
|         749|   -9.371082|   -8.820817|    0.326000|    0.008696|
|         750|   -9.372702|   -8.822561|    0.326000|    0.008696|
+-----------------------------------------------------------------------+
|        File Writing Summary       |              Filename             |
+-----------------------------------------------------------------------+
|SU2 binary restart                 |restart_flow.dat                   |
Writing Flow Meta-Data file: flow.meta
|Paraview                           |flow.vtu                           |
Writing Flow Meta-Data file: flow.meta
|Paraview surface                   |surface_flow.vtu                   |
Writing Flow Meta-Data file: flow.meta
|CSV file                           |surface_flow.csv                   |
Writing Flow Meta-Data file: flow.meta
+-----------------------------------------------------------------------+
+----------------------------------------------------------------+
|  Inner_Iter|    rms[Rho]|   rms[RhoE]|          CL|          CD|
+----------------------------------------------------------------+
|         751|   -9.374650|   -8.824605|    0.326000|    0.008696|
|         752|   -9.376911|   -8.826935|    0.326000|    0.008696|
|         753|   -9.379479|   -8.829546|    0.326000|    0.008696|
|         754|   -9.382353|   -8.832439|    0.326000|    0.008696|
|         755|   -9.385537|   -8.835620|    0.326000|    0.008696|
|         756|   -9.389038|   -8.839100|    0.326000|    0.008696|
|         757|   -9.392864|   -8.842889|    0.326000|    0.008696|
|         758|   -9.397023|   -8.846998|    0.326000|    0.008696|
|         759|   -9.401523|   -8.851438|    0.326000|    0.008696|
|         760|   -9.406369|   -8.856216|    0.326000|    0.008696|
|         761|   -9.411565|   -8.861338|    0.326000|    0.008696|
|         762|   -9.417113|   -8.866808|    0.326000|    0.008696|
|         763|   -9.423014|   -8.872626|    0.326000|    0.008696|
|         764|   -9.429265|   -8.878791|    0.326000|    0.008696|
|         765|   -9.435864|   -8.885303|    0.326000|    0.008696|
|         766|   -9.442808|   -8.892156|    0.326000|    0.008696|
|         767|   -9.450092|   -8.899350|    0.326000|    0.008696|
|         768|   -9.457713|   -8.906878|    0.326000|    0.008696|
|         769|   -9.465666|   -8.914738|    0.326000|    0.008696|
|         770|   -9.473947|   -8.922927|    0.326000|    0.008696|
|         771|   -9.482552|   -8.931439|    0.326000|    0.008696|
|         772|   -9.491478|   -8.940273|    0.326000|    0.008696|
|         773|   -9.500719|   -8.949424|    0.325999|    0.008696|
|         774|   -9.510274|   -8.958889|    0.325999|    0.008696|
|         775|   -9.520137|   -8.968664|    0.325999|    0.008696|
|         776|   -9.530306|   -8.978745|    0.325999|    0.008696|
|         777|   -9.540775|   -8.989128|    0.325999|    0.008696|
|         778|   -9.551543|   -8.999809|    0.325999|    0.008696|
|         779|   -9.562604|   -9.010784|    0.325999|    0.008696|
|         780|   -9.573954|   -9.022050|    0.325999|    0.008696|
|         781|   -9.585591|   -9.033601|    0.325999|    0.008696|
|         782|   -9.597511|   -9.045435|    0.325999|    0.008696|
|         783|   -9.609710|   -9.057547|    0.325999|    0.008696|
|         784|   -9.622186|   -9.069936|    0.325999|    0.008696|
|         785|   -9.634935|   -9.082598|    0.325999|    0.008696|
|         786|   -9.647954|   -9.095530|    0.325999|    0.008696|
|         787|   -9.661242|   -9.108730|    0.325999|    0.008696|
|         788|   -9.674794|   -9.122194|    0.325999|    0.008696|
|         789|   -9.688609|   -9.135921|    0.325999|    0.008696|
|         790|   -9.702683|   -9.149907|    0.325999|    0.008696|
|         791|   -9.717013|   -9.164150|    0.325999|    0.008696|
|         792|   -9.731597|   -9.178646|    0.325999|    0.008696|
|         793|   -9.746432|   -9.193392|    0.325999|    0.008696|
|         794|   -9.761513|   -9.208385|    0.325999|    0.008696|
|         795|   -9.776838|   -9.223621|    0.325999|    0.008696|
|         796|   -9.792405|   -9.239098|    0.325999|    0.008696|
|         797|   -9.808209|   -9.254813|    0.325999|    0.008696|
|         798|   -9.824248|   -9.270762|    0.325999|    0.008696|
|         799|   -9.840520|   -9.286943|    0.325999|    0.008696|
|         800|   -9.857022|   -9.303353|    0.325999|    0.008696|
|         801|   -9.873753|   -9.319991|    0.325999|    0.008696|
+-----------------------------------------------------------------------+
|Fixed CL Mode                           |Value                         |
+-----------------------------------------------------------------------+
|Current CL                              |0.325999                      |
|Target CL                               |0.326                         |
|Previous AOA                            |0.561107                      |
|Changed AoA by                          |3.4083e-06                    |
+-----------------------------------------------------------------------+
+----------------------------------------------------------------+
|  Inner_Iter|    rms[Rho]|   rms[RhoE]|          CL|          CD|
+----------------------------------------------------------------+
|         802|   -8.279362|   -7.672698|    0.325999|    0.008696|
|         803|   -8.576552|   -7.966074|    0.325999|    0.008696|
|         804|   -8.818696|   -8.225257|    0.325999|    0.008696|
|         805|   -9.016368|   -8.406305|    0.326000|    0.008696|
|         806|   -9.177047|   -8.578735|    0.326000|    0.008696|
|         807|   -9.272322|   -8.675222|    0.326000|    0.008696|
|         808|   -9.405552|   -8.805873|    0.326000|    0.008696|
|         809|   -9.437119|   -8.835581|    0.326000|    0.008696|
|         810|   -9.490930|   -8.887556|    0.326000|    0.008696|
|         811|   -9.609527|   -9.011802|    0.326000|    0.008696|
|         812|   -9.688898|   -9.099597|    0.326000|    0.008696|
|         813|   -9.717650|   -9.126754|    0.326000|    0.008696|
|         814|   -9.777318|   -9.186501|    0.326000|    0.008696|
|         815|   -9.855284|   -9.271512|    0.326000|    0.008696|
|         816|   -9.899181|   -9.322274|    0.326000|    0.008696|
|         817|   -9.919583|   -9.344931|    0.326000|    0.008696|
|         818|   -9.933763|   -9.361023|    0.326000|    0.008696|
|         819|   -9.938377|   -9.369348|    0.326000|    0.008696|
|         820|   -9.933883|   -9.369597|    0.326000|    0.008696|
|         821|   -9.923699|   -9.363943|    0.326000|    0.008696|
|         822|   -9.908644|   -9.352396|    0.326000|    0.008696|
|         823|   -9.889599|   -9.335665|    0.326000|    0.008696|
|         824|   -9.868619|   -9.316197|    0.326000|    0.008696|
|         825|   -9.847512|   -9.296150|    0.326000|    0.008696|
|         826|   -9.827254|   -9.276614|    0.326000|    0.008696|
|         827|   -9.808266|   -9.258062|    0.326000|    0.008696|
|         828|   -9.790717|   -9.240735|    0.326000|    0.008696|
|         829|   -9.774701|   -9.224805|    0.326000|    0.008696|
|         830|   -9.760278|   -9.210392|    0.326000|    0.008696|
|         831|   -9.747449|   -9.197530|    0.326000|    0.008696|
|         832|   -9.736166|   -9.186185|    0.326000|    0.008696|
|         833|   -9.726369|   -9.176303|    0.326000|    0.008696|
|         834|   -9.717993|   -9.167830|    0.326000|    0.008696|
|         835|   -9.710975|   -9.160713|    0.326000|    0.008696|
|         836|   -9.705243|   -9.154888|    0.326000|    0.008696|
|         837|   -9.700722|   -9.150287|    0.326000|    0.008696|
|         838|   -9.697335|   -9.146837|    0.326000|    0.008696|
|         839|   -9.695001|   -9.144457|    0.326000|    0.008696|
|         840|   -9.693638|   -9.143067|    0.326000|    0.008696|
|         841|   -9.693166|   -9.142583|    0.326000|    0.008696|
|         842|   -9.693505|   -9.142925|    0.326000|    0.008696|
|         843|   -9.694579|   -9.144013|    0.326000|    0.008696|
|         844|   -9.696316|   -9.145772|    0.326000|    0.008696|
|         845|   -9.698650|   -9.148133|    0.326000|    0.008696|
|         846|   -9.701520|   -9.151031|    0.326000|    0.008696|
|         847|   -9.704872|   -9.154410|    0.326000|    0.008696|
|         848|   -9.708660|   -9.158219|    0.326000|    0.008696|
|         849|   -9.712843|   -9.162415|    0.326000|    0.008696|
|         850|   -9.717388|   -9.166966|    0.326000|    0.008696|
|         851|   -9.722270|   -9.171842|    0.326000|    0.008696|
|         852|   -9.727470|   -9.177025|    0.326000|    0.008696|
|         853|   -9.732972|   -9.182500|    0.326000|    0.008696|
|         854|   -9.738768|   -9.188258|    0.326000|    0.008696|
|         855|   -9.744852|   -9.194296|    0.326000|    0.008696|
|         856|   -9.751223|   -9.200612|    0.326000|    0.008696|
|         857|   -9.757879|   -9.207206|    0.326000|    0.008696|
|         858|   -9.764821|   -9.214082|    0.326000|    0.008696|
|         859|   -9.772051|   -9.221241|    0.326000|    0.008696|
|         860|   -9.779569|   -9.228684|    0.326000|    0.008696|
|         861|   -9.787376|   -9.236414|    0.326000|    0.008696|
|         862|   -9.795470|   -9.244431|    0.326000|    0.008696|
|         863|   -9.803851|   -9.252732|    0.326000|    0.008696|
|         864|   -9.812516|   -9.261318|    0.326000|    0.008696|
|         865|   -9.821464|   -9.270184|    0.326000|    0.008696|
|         866|   -9.830690|   -9.279329|    0.326000|    0.008696|
|         867|   -9.840192|   -9.288750|    0.326000|    0.008696|
|         868|   -9.849966|   -9.298442|    0.326000|    0.008696|
|         869|   -9.860009|   -9.308404|    0.326000|    0.008696|
|         870|   -9.870318|   -9.318632|    0.326000|    0.008696|
|         871|   -9.880890|   -9.329123|    0.326000|    0.008696|
|         872|   -9.891722|   -9.339876|    0.326000|    0.008696|
|         873|   -9.902812|   -9.350887|    0.326000|    0.008696|
|         874|   -9.914157|   -9.362155|    0.326000|    0.008696|
|         875|   -9.925755|   -9.373676|    0.326000|    0.008696|
|         876|   -9.937604|   -9.385448|    0.326000|    0.008696|
|         877|   -9.949700|   -9.397470|    0.326000|    0.008696|
|         878|   -9.962042|   -9.409737|    0.326000|    0.008696|
|         879|   -9.974627|   -9.422248|    0.326000|    0.008696|
|         880|   -9.987452|   -9.434999|    0.326000|    0.008696|
|         881|  -10.000516|   -9.447989|    0.326000|    0.008696|
|         882|  -10.013816|   -9.461214|    0.326000|    0.008696|
|         883|  -10.027349|   -9.474673|    0.326000|    0.008696|
|         884|  -10.041115|   -9.488363|    0.326000|    0.008696|
|         885|  -10.055109|   -9.502283|    0.326000|    0.008696|
|         886|  -10.069332|   -9.516429|    0.326000|    0.008696|
|         887|  -10.083780|   -9.530801|    0.326000|    0.008696|
|         888|  -10.098451|   -9.545397|    0.326000|    0.008696|
|         889|  -10.113345|   -9.560214|    0.326000|    0.008696|
|         890|  -10.128457|   -9.575250|    0.326000|    0.008696|
|         891|  -10.143787|   -9.590503|    0.326000|    0.008696|
|         892|  -10.159331|   -9.605971|    0.326000|    0.008696|
|         893|  -10.175087|   -9.621650|    0.326000|    0.008696|
|         894|  -10.191053|   -9.637538|    0.326000|    0.008696|
|         895|  -10.207225|   -9.653632|    0.326000|    0.008696|
|         896|  -10.223600|   -9.669930|    0.326000|    0.008696|
|         897|  -10.240177|   -9.686428|    0.326000|    0.008696|
|         898|  -10.256952|   -9.703125|    0.326000|    0.008696|
|         899|  -10.273923|   -9.720016|    0.326000|    0.008696|
|         900|  -10.291087|   -9.737100|    0.326000|    0.008696|
|         901|  -10.308442|   -9.754375|    0.326000|    0.008696|
|         902|  -10.325986|   -9.771839|    0.326000|    0.008696|
|         903|  -10.343718|   -9.789490|    0.326000|    0.008696|
|         904|  -10.361636|   -9.807326|    0.326000|    0.008696|
|         905|  -10.379739|   -9.825347|    0.326000|    0.008696|
|         906|  -10.398025|   -9.843551|    0.326000|    0.008696|
|         907|  -10.416493|   -9.861938|    0.326000|    0.008696|
|         908|  -10.435144|   -9.880506|    0.326000|    0.008696|
|         909|  -10.453976|   -9.899256|    0.326000|    0.008696|
|         910|  -10.472990|   -9.918186|    0.326000|    0.008696|
|         911|  -10.492184|   -9.937298|    0.326000|    0.008696|
|         912|  -10.511560|   -9.956590|    0.326000|    0.008696|
|         913|  -10.531116|   -9.976064|    0.326000|    0.008696|
|         914|  -10.550852|   -9.995717|    0.326000|    0.008696|
|         915|  -10.570768|  -10.015551|    0.326000|    0.008696|
|         916|  -10.590864|  -10.035564|    0.326000|    0.008696|
|         917|  -10.611138|  -10.055757|    0.326000|    0.008696|
|         918|  -10.631590|  -10.076128|    0.326001|    0.008696|
|         919|  -10.652217|  -10.096675|    0.326001|    0.008696|
|         920|  -10.673018|  -10.117396|    0.326001|    0.008696|
|         921|  -10.693989|  -10.138289|    0.326001|    0.008696|
|         922|  -10.715128|  -10.159352|    0.326001|    0.008696|
|         923|  -10.736431|  -10.180579|    0.326001|    0.008696|
|         924|  -10.757893|  -10.201968|    0.326001|    0.008696|
|         925|  -10.779509|  -10.223512|    0.326001|    0.008696|
|         926|  -10.801273|  -10.245207|    0.326001|    0.008696|
|         927|  -10.823180|  -10.267046|    0.326001|    0.008696|
|         928|  -10.845221|  -10.289022|    0.326001|    0.008696|
|         929|  -10.867389|  -10.311129|    0.326001|    0.008696|
|         930|  -10.889676|  -10.333357|    0.326001|    0.008696|
|         931|  -10.912074|  -10.355698|    0.326001|    0.008696|
|         932|  -10.934572|  -10.378143|    0.326001|    0.008696|
|         933|  -10.957162|  -10.400683|    0.326001|    0.008696|
|         934|  -10.979831|  -10.423307|    0.326001|    0.008696|
|         935|  -11.002570|  -10.446004|    0.326001|    0.008696|
|         936|  -11.025367|  -10.468763|    0.326001|    0.008696|
|         937|  -11.048209|  -10.491572|    0.326001|    0.008696|
|         938|  -11.071084|  -10.514417|    0.326001|    0.008696|
|         939|  -11.093979|  -10.537287|    0.326001|    0.008696|
|         940|  -11.116878|  -10.560167|    0.326001|    0.008696|
|         941|  -11.139768|  -10.583043|    0.326001|    0.008696|
|         942|  -11.162633|  -10.605899|    0.326001|    0.008696|
|         943|  -11.185456|  -10.628718|    0.326001|    0.008696|
|         944|  -11.208221|  -10.651484|    0.326001|    0.008696|
|         945|  -11.230908|  -10.674179|    0.326001|    0.008696|
|         946|  -11.253498|  -10.696783|    0.326001|    0.008696|
|         947|  -11.275972|  -10.719276|    0.326001|    0.008696|
|         948|  -11.298307|  -10.741637|    0.326001|    0.008696|
|         949|  -11.320481|  -10.763844|    0.326001|    0.008696|
|         950|  -11.342470|  -10.785873|    0.326001|    0.008696|
|         951|  -11.364249|  -10.807698|    0.326001|    0.008695|
+-----------------------------------------------------------------------+
|Fixed CL Mode                           |Value                         |
+-----------------------------------------------------------------------+
|Current CL                              |0.326001                      |
|Target CL                               |0.326                         |
|Previous AOA                            |0.561111                      |
|Changed AoA by                          |-2.59704e-06                  |
+-----------------------------------------------------------------------+
+----------------------------------------------------------------+
|  Inner_Iter|    rms[Rho]|   rms[RhoE]|          CL|          CD|
+----------------------------------------------------------------+
|         952|   -8.397583|   -7.790871|    0.326001|    0.008695|
|         953|   -8.694987|   -8.084445|    0.326001|    0.008695|
|         954|   -8.938030|   -8.344416|    0.326000|    0.008695|
|         955|   -9.137336|   -8.526619|    0.326000|    0.008695|
|         956|   -9.300788|   -8.701429|    0.326000|    0.008695|
|         957|   -9.397895|   -8.799464|    0.326000|    0.008695|
|         958|   -9.534637|   -8.932927|    0.326000|    0.008695|
|         959|   -9.564679|   -8.961393|    0.326000|    0.008695|
|         960|   -9.617460|   -9.012574|    0.326000|    0.008695|
|         961|   -9.736547|   -9.137648|    0.326000|    0.008695|
|         962|   -9.812598|   -9.223245|    0.326000|    0.008695|
|         963|   -9.834542|   -9.244812|    0.326000|    0.008695|
|         964|   -9.884958|   -9.297082|    0.326000|    0.008695|
|         965|   -9.946739|   -9.367922|    0.326000|    0.008695|
|         966|   -9.972725|   -9.401661|    0.326000|    0.008695|
|         967|   -9.978435|   -9.410402|    0.326000|    0.008695|
|         968|   -9.979749|   -9.414244|    0.326000|    0.008695|
|         969|   -9.975168|   -9.412955|    0.326000|    0.008695|
|         970|   -9.965919|   -9.407135|    0.326000|    0.008695|
|         971|   -9.954347|   -9.398564|    0.326000|    0.008695|
|         972|   -9.940718|   -9.387170|    0.326000|    0.008695|
|         973|   -9.925331|   -9.373233|    0.326000|    0.008695|
|         974|   -9.909264|   -9.358108|    0.326000|    0.008695|
|         975|   -9.893493|   -9.342998|    0.326000|    0.008695|
|         976|   -9.878529|   -9.328480|    0.326000|    0.008695|
|         977|   -9.864577|   -9.314782|    0.326000|    0.008695|
|         978|   -9.851718|   -9.302031|    0.326000|    0.008696|
|         979|   -9.840012|   -9.290338|    0.326000|    0.008696|
|         980|   -9.829509|   -9.279796|    0.326000|    0.008696|
|         981|   -9.820224|   -9.270442|    0.326000|    0.008696|
|         982|   -9.812136|   -9.262264|    0.326000|    0.008696|
|         983|   -9.805215|   -9.255237|    0.326000|    0.008696|
|         984|   -9.799430|   -9.249337|    0.326000|    0.008696|
|         985|   -9.794748|   -9.244538|    0.326000|    0.008696|
|         986|   -9.791127|   -9.240806|    0.326000|    0.008696|
|         987|   -9.788519|   -9.238099|    0.326000|    0.008696|
|         988|   -9.786871|   -9.236368|    0.326000|    0.008696|
|         989|   -9.786126|   -9.235555|    0.326000|    0.008696|
|         990|   -9.786222|   -9.235602|    0.326000|    0.008696|
|         991|   -9.787096|   -9.236443|    0.326000|    0.008696|
|         992|   -9.788685|   -9.238012|    0.326000|    0.008696|
|         993|   -9.790926|   -9.240246|    0.326000|    0.008696|
|         994|   -9.793759|   -9.243081|    0.326000|    0.008696|
|         995|   -9.797127|   -9.246457|    0.326000|    0.008696|
|         996|   -9.800977|   -9.250318|    0.326000|    0.008696|
|         997|   -9.805261|   -9.254614|    0.326000|    0.008696|
|         998|   -9.809938|   -9.259299|    0.326000|    0.008696|
|         999|   -9.814971|   -9.264337|    0.326000|    0.008696|
|        1000|   -9.820331|   -9.269694|    0.326000|    0.008696|
+-----------------------------------------------------------------------+
|      Convergence Field     |     Value    |   Criterion  |  Converged |
+-----------------------------------------------------------------------+
|                    rms[Rho]|      -9.82033|         < -13|          No|
+-----------------------------------------------------------------------+
+-----------------------------------------------------------------------+
|        File Writing Summary       |              Filename             |
+-----------------------------------------------------------------------+
|SU2 binary restart                 |restart_flow.dat                   |
Writing Flow Meta-Data file: flow.meta
|Paraview                           |flow.vtu                           |
Writing Flow Meta-Data file: flow.meta
|Paraview surface                   |surface_flow.vtu                   |
Writing Flow Meta-Data file: flow.meta
|CSV file                           |surface_flow.csv                   |
Writing Flow Meta-Data file: flow.meta
+-----------------------------------------------------------------------+
+----------------------------------------------------------------+
|  Inner_Iter|    rms[Rho]|   rms[RhoE]|          CL|          CD|
+----------------------------------------------------------------+
|        1001|   -9.825994|   -9.275345|    0.326000|    0.008701|
+-----------------------------------------------------------------------+
|Fixed CL Mode                           |Value                         |
+-----------------------------------------------------------------------+
|Current CL                              |0.326                         |
|Target CL                               |0.326                         |
|Previous AOA                            |0.561108                      |
|Changed AoA by (Finite Difference step) |0.001                         |
+-----------------------------------------------------------------------+
+----------------------------------------------------------------+
|  Inner_Iter|    rms[Rho]|   rms[RhoE]|          CL|          CD|
+----------------------------------------------------------------+
|        1002|   -5.812065|   -5.205351|    0.326000|    0.008701|
|        1003|   -6.109456|   -5.498919|    0.326007|    0.008701|
|        1004|   -6.352506|   -5.758897|    0.326036|    0.008702|
|        1005|   -6.551795|   -5.941082|    0.326080|    0.008702|
|        1006|   -6.715249|   -6.115890|    0.326119|    0.008702|
|        1007|   -6.812343|   -6.213918|    0.326142|    0.008702|
|        1008|   -6.948993|   -6.347310|    0.326147|    0.008702|
|        1009|   -6.978931|   -6.375694|    0.326148|    0.008702|
|        1010|   -7.031558|   -6.426754|    0.326154|    0.008703|
|        1011|   -7.150218|   -6.551474|    0.326163|    0.008703|
|        1012|   -7.225764|   -6.636619|    0.326172|    0.008703|
|        1013|   -7.247415|   -6.657951|    0.326180|    0.008703|
|        1014|   -7.297250|   -6.709731|    0.326186|    0.008703|
|        1015|   -7.358021|   -6.779593|    0.326192|    0.008703|
|        1016|   -7.383249|   -6.812513|    0.326197|    0.008703|
|        1017|   -7.388538|   -6.820810|    0.326202|    0.008702|
|        1018|   -7.389525|   -6.824317|    0.326207|    0.008702|
|        1019|   -7.384759|   -6.822799|    0.326211|    0.008702|
|        1020|   -7.375454|   -6.816857|    0.326215|    0.008701|
|        1021|   -7.363901|   -6.808239|    0.326219|    0.008701|
|        1022|   -7.350354|   -6.796880|    0.326223|    0.008700|
|        1023|   -7.335105|   -6.783049|    0.326227|    0.008700|
|        1024|   -7.319206|   -6.768073|    0.326231|    0.008699|
|        1025|   -7.303608|   -6.753123|    0.326234|    0.008698|
|        1026|   -7.288811|   -6.738763|    0.326238|    0.008698|
|        1027|   -7.275014|   -6.725217|    0.326241|    0.008697|
|        1028|   -7.262297|   -6.712607|    0.326245|    0.008697|
|        1029|   -7.250721|   -6.701044|    0.326248|    0.008696|
|        1030|   -7.240334|   -6.690620|    0.326251|    0.008695|
|        1031|   -7.231151|   -6.681370|    0.326254|    0.008695|
|        1032|   -7.223152|   -6.673284|    0.326257|    0.008694|
|        1033|   -7.216307|   -6.666337|    0.326260|    0.008694|
|        1034|   -7.210588|   -6.660506|    0.326263|    0.008693|
|        1035|   -7.205959|   -6.655765|    0.326266|    0.008693|
|        1036|   -7.202382|   -6.652081|    0.326269|    0.008693|
|        1037|   -7.199808|   -6.649412|    0.326272|    0.008692|
|        1038|   -7.198185|   -6.647710|    0.326275|    0.008692|
|        1039|   -7.197457|   -6.646919|    0.326277|    0.008692|
|        1040|   -7.197562|   -6.646979|    0.326280|    0.008691|
|        1041|   -7.198438|   -6.647826|    0.326283|    0.008691|
|        1042|   -7.200023|   -6.649396|    0.326285|    0.008691|
|        1043|   -7.202255|   -6.651625|    0.326288|    0.008690|
|        1044|   -7.205073|   -6.654449|    0.326291|    0.008690|
|        1045|   -7.208422|   -6.657811|    0.326293|    0.008690|
|        1046|   -7.212250|   -6.661654|    0.326296|    0.008690|
|        1047|   -7.216509|   -6.665929|    0.326299|    0.008690|
|        1048|   -7.221158|   -6.670592|    0.326301|    0.008690|
|        1049|   -7.226162|   -6.675604|    0.326304|    0.008689|
|        1050|   -7.231491|   -6.680934|    0.326307|    0.008689|
|        1051|   -7.237120|   -6.686557|    0.326309|    0.008689|
|        1052|   -7.243032|   -6.692454|    0.326312|    0.008689|
|        1053|   -7.249213|   -6.698612|    0.326314|    0.008689|
|        1054|   -7.255654|   -6.705021|    0.326317|    0.008689|
|        1055|   -7.262351|   -6.711678|    0.326319|    0.008689|
|        1056|   -7.269300|   -6.718581|    0.326321|    0.008688|
|        1057|   -7.276501|   -6.725730|    0.326324|    0.008688|
|        1058|   -7.283955|   -6.733128|    0.326326|    0.008688|
|        1059|   -7.291661|   -6.740774|    0.326328|    0.008688|
|        1060|   -7.299622|   -6.748673|    0.326330|    0.008688|
|        1061|   -7.308046|   -6.757080|    0.326332|    0.008688|
|        1062|   -7.316789|   -6.765851|    0.326334|    0.008688|
|        1063|   -7.325708|   -6.774774|    0.326336|    0.008688|
|        1064|   -7.334872|   -6.783894|    0.326338|    0.008688|
|        1065|   -7.344281|   -6.793237|    0.326340|    0.008688|
|        1066|   -7.353922|   -6.802810|    0.326341|    0.008688|
|        1067|   -7.363794|   -6.812619|    0.326343|    0.008687|
|        1068|   -7.373902|   -6.822667|    0.326345|    0.008687|
|        1069|   -7.384242|   -6.832949|    0.326346|    0.008687|
|        1070|   -7.394805|   -6.843455|    0.326348|    0.008687|
|        1071|   -7.405589|   -6.854182|    0.326349|    0.008687|
|        1072|   -7.416594|   -6.865129|    0.326350|    0.008687|
|        1073|   -7.427820|   -6.876298|    0.326352|    0.008687|
|        1074|   -7.439264|   -6.887684|    0.326353|    0.008687|
|        1075|   -7.450929|   -6.899294|    0.326354|    0.008687|
|        1076|   -7.462812|   -6.911122|    0.326355|    0.008687|
|        1077|   -7.474907|   -6.923164|    0.326357|    0.008687|
|        1078|   -7.487209|   -6.935415|    0.326358|    0.008687|
|        1079|   -7.499717|   -6.947871|    0.326359|    0.008687|
|        1080|   -7.512426|   -6.960529|    0.326360|    0.008687|
|        1081|   -7.525333|   -6.973386|    0.326361|    0.008687|
|        1082|   -7.538436|   -6.986438|    0.326362|    0.008687|
|        1083|   -7.551731|   -6.999683|    0.326363|    0.008687|
|        1084|   -7.565217|   -7.013117|    0.326364|    0.008687|
|        1085|   -7.578890|   -7.026739|    0.326365|    0.008687|
|        1086|   -7.592749|   -7.040546|    0.326365|    0.008687|
|        1087|   -7.606792|   -7.054536|    0.326366|    0.008687|
|        1088|   -7.621017|   -7.068708|    0.326367|    0.008687|
|        1089|   -7.635422|   -7.083059|    0.326368|    0.008687|
|        1090|   -7.650006|   -7.097589|    0.326369|    0.008687|
|        1091|   -7.664767|   -7.112294|    0.326369|    0.008687|
|        1092|   -7.679702|   -7.127174|    0.326370|    0.008687|
|        1093|   -7.694810|   -7.142226|    0.326371|    0.008687|
|        1094|   -7.710089|   -7.157448|    0.326372|    0.008687|
|        1095|   -7.725537|   -7.172838|    0.326372|    0.008687|
|        1096|   -7.741152|   -7.188394|    0.326373|    0.008687|
|        1097|   -7.756931|   -7.204113|    0.326374|    0.008687|
|        1098|   -7.772873|   -7.219994|    0.326374|    0.008687|
|        1099|   -7.788975|   -7.236034|    0.326375|    0.008687|
|        1100|   -7.805236|   -7.252232|    0.326375|    0.008687|
|        1101|   -7.821653|   -7.268586|    0.326376|    0.008687|
|        1102|   -7.838226|   -7.285093|    0.326377|    0.008687|
|        1103|   -7.854952|   -7.301754|    0.326377|    0.008687|
|        1104|   -7.871829|   -7.318566|    0.326378|    0.008687|
|        1105|   -7.888857|   -7.335527|    0.326378|    0.008687|
|        1106|   -7.906035|   -7.352637|    0.326379|    0.008687|
|        1107|   -7.923360|   -7.369895|    0.326379|    0.008687|
|        1108|   -7.940832|   -7.387300|    0.326380|    0.008687|
|        1109|   -7.958449|   -7.404850|    0.326380|    0.008687|
|        1110|   -7.976211|   -7.422544|    0.326381|    0.008687|
|        1111|   -7.994116|   -7.440381|    0.326381|    0.008687|
|        1112|   -8.012162|   -7.458360|    0.326381|    0.008687|
|        1113|   -8.030349|   -7.476480|    0.326382|    0.008687|
|        1114|   -8.048673|   -7.494738|    0.326382|    0.008687|
|        1115|   -8.067133|   -7.513134|    0.326383|    0.008687|
|        1116|   -8.085727|   -7.531663|    0.326383|    0.008687|
|        1117|   -8.104450|   -7.550324|    0.326383|    0.008687|
|        1118|   -8.123300|   -7.569113|    0.326384|    0.008687|
|        1119|   -8.142272|   -7.588025|    0.326384|    0.008687|
|        1120|   -8.161361|   -7.607057|    0.326384|    0.008687|
|        1121|   -8.180562|   -7.626203|    0.326385|    0.008687|
|        1122|   -8.199868|   -7.645457|    0.326385|    0.008687|
|        1123|   -8.219273|   -7.664813|    0.326385|    0.008687|
|        1124|   -8.238770|   -7.684262|    0.326386|    0.008687|
|        1125|   -8.258349|   -7.703798|    0.326386|    0.008687|
|        1126|   -8.278002|   -7.723411|    0.326386|    0.008687|
|        1127|   -8.297720|   -7.743091|    0.326386|    0.008687|
|        1128|   -8.317492|   -7.762830|    0.326387|    0.008687|
|        1129|   -8.337308|   -7.782617|    0.326387|    0.008687|
|        1130|   -8.357158|   -7.802441|    0.326387|    0.008687|
|        1131|   -8.377030|   -7.822291|    0.326387|    0.008687|
|        1132|   -8.396912|   -7.842155|    0.326388|    0.008687|
|        1133|   -8.416792|   -7.862021|    0.326388|    0.008687|
|        1134|   -8.436657|   -7.881878|    0.326388|    0.008687|
|        1135|   -8.456497|   -7.901712|    0.326388|    0.008687|
|        1136|   -8.476296|   -7.921511|    0.326388|    0.008687|
|        1137|   -8.496044|   -7.941261|    0.326389|    0.008687|
|        1138|   -8.515726|   -7.960951|    0.326389|    0.008687|
|        1139|   -8.535329|   -7.980567|    0.326389|    0.008687|
|        1140|   -8.554840|   -8.000095|    0.326389|    0.008687|
|        1141|   -8.574246|   -8.019522|    0.326389|    0.008687|
|        1142|   -8.593533|   -8.038834|    0.326389|    0.008687|
|        1143|   -8.612688|   -8.058018|    0.326390|    0.008687|
|        1144|   -8.631696|   -8.077060|    0.326390|    0.008687|
|        1145|   -8.650544|   -8.095946|    0.326390|    0.008687|
|        1146|   -8.669219|   -8.114663|    0.326390|    0.008687|
|        1147|   -8.687707|   -8.133197|    0.326390|    0.008687|
|        1148|   -8.705994|   -8.151533|    0.326390|    0.008687|
|        1149|   -8.724066|   -8.169659|    0.326390|    0.008687|
|        1150|   -8.741909|   -8.187560|    0.326391|    0.008687|
|        1151|   -8.759511|   -8.205223|    0.326391|    0.008687|
|        1152|   -8.776859|   -8.222635|    0.326391|    0.008687|
|        1153|   -8.793940|   -8.239784|    0.326391|    0.008687|
|        1154|   -8.810741|   -8.256656|    0.326391|    0.008687|
|        1155|   -8.827251|   -8.273241|    0.326391|    0.008687|
|        1156|   -8.843459|   -8.289527|    0.326391|    0.008687|
|        1157|   -8.859355|   -8.305503|    0.326391|    0.008687|
|        1158|   -8.874930|   -8.321161|    0.326392|    0.008687|
|        1159|   -8.890176|   -8.336492|    0.326392|    0.008687|
|        1160|   -8.905086|   -8.351489|    0.326392|    0.008687|
|        1161|   -8.919654|   -8.366146|    0.326392|    0.008687|
|        1162|   -8.933877|   -8.380459|    0.326392|    0.008687|
|        1163|   -8.947750|   -8.394424|    0.326392|    0.008687|
|        1164|   -8.961275|   -8.408041|    0.326392|    0.008687|
|        1165|   -8.974449|   -8.421308|    0.326392|    0.008687|
|        1166|   -8.987277|   -8.434229|    0.326392|    0.008687|
|        1167|   -8.999760|   -8.446804|    0.326392|    0.008687|
|        1168|   -9.011904|   -8.459040|    0.326392|    0.008687|
|        1169|   -9.023715|   -8.470942|    0.326392|    0.008687|
|        1170|   -9.035201|   -8.482518|    0.326393|    0.008687|
|        1171|   -9.046370|   -8.493776|    0.326393|    0.008687|
|        1172|   -9.057234|   -8.504727|    0.326393|    0.008687|
|        1173|   -9.067803|   -8.515380|    0.326393|    0.008687|
|        1174|   -9.078089|   -8.525748|    0.326393|    0.008687|
|        1175|   -9.088105|   -8.535844|    0.326393|    0.008687|
|        1176|   -9.097864|   -8.545680|    0.326393|    0.008687|
|        1177|   -9.107381|   -8.555271|    0.326393|    0.008687|
|        1178|   -9.116669|   -8.564631|    0.326393|    0.008687|
|        1179|   -9.125742|   -8.573773|    0.326393|    0.008687|
|        1180|   -9.134616|   -8.582713|    0.326393|    0.008687|
|        1181|   -9.143304|   -8.591465|    0.326393|    0.008687|
|        1182|   -9.151822|   -8.600044|    0.326393|    0.008687|
|        1183|   -9.160183|   -8.608463|    0.326393|    0.008687|
|        1184|   -9.168402|   -8.616736|    0.326393|    0.008687|
|        1185|   -9.176491|   -8.624877|    0.326393|    0.008687|
|        1186|   -9.184464|   -8.632900|    0.326393|    0.008687|
|        1187|   -9.192335|   -8.640817|    0.326394|    0.008687|
|        1188|   -9.200114|   -8.648641|    0.326394|    0.008687|
|        1189|   -9.207814|   -8.656383|    0.326394|    0.008687|
|        1190|   -9.215446|   -8.664055|    0.326394|    0.008687|
|        1191|   -9.223022|   -8.671667|    0.326394|    0.008687|
|        1192|   -9.230550|   -8.679230|    0.326394|    0.008687|
|        1193|   -9.238042|   -8.686754|    0.326394|    0.008687|
|        1194|   -9.245506|   -8.694248|    0.326394|    0.008687|
|        1195|   -9.252951|   -8.701721|    0.326394|    0.008687|
|        1196|   -9.260385|   -8.709180|    0.326394|    0.008687|
|        1197|   -9.267817|   -8.716635|    0.326394|    0.008687|
|        1198|   -9.275252|   -8.724092|    0.326394|    0.008687|
|        1199|   -9.282699|   -8.731558|    0.326394|    0.008687|
|        1200|   -9.290164|   -8.739039|    0.326394|    0.008687|
|        1201|   -9.297652|   -8.746543|    0.326394|    0.008687|
|        1202|   -9.305170|   -8.754074|    0.326394|    0.008687|
|        1203|   -9.312722|   -8.761638|    0.326394|    0.008687|
|        1204|   -9.320314|   -8.769239|    0.326394|    0.008687|
|        1205|   -9.327951|   -8.776884|    0.326394|    0.008687|
|        1206|   -9.335637|   -8.784576|    0.326394|    0.008687|
|        1207|   -9.343376|   -8.792319|    0.326394|    0.008687|
|        1208|   -9.351171|   -8.800117|    0.326394|    0.008687|
|        1209|   -9.359028|   -8.807975|    0.326394|    0.008687|
|        1210|   -9.366948|   -8.815895|    0.326394|    0.008687|
|        1211|   -9.374935|   -8.823880|    0.326394|    0.008687|
|        1212|   -9.382993|   -8.831935|    0.326394|    0.008687|
|        1213|   -9.391123|   -8.840060|    0.326394|    0.008687|
|        1214|   -9.399329|   -8.848261|    0.326394|    0.008687|
|        1215|   -9.407613|   -8.856538|    0.326394|    0.008687|
|        1216|   -9.415977|   -8.864894|    0.326394|    0.008687|
|        1217|   -9.424423|   -8.873331|    0.326394|    0.008687|
|        1218|   -9.432954|   -8.881851|    0.326394|    0.008687|
|        1219|   -9.441571|   -8.890457|    0.326395|    0.008687|
|        1220|   -9.450275|   -8.899150|    0.326395|    0.008687|
|        1221|   -9.459069|   -8.907931|    0.326395|    0.008687|
|        1222|   -9.467954|   -8.916802|    0.326395|    0.008687|
|        1223|   -9.476931|   -8.925764|    0.326395|    0.008687|
|        1224|   -9.486001|   -8.934818|    0.326395|    0.008687|
|        1225|   -9.495165|   -8.943966|    0.326395|    0.008687|
|        1226|   -9.504424|   -8.953209|    0.326395|    0.008687|
|        1227|   -9.513779|   -8.962546|    0.326395|    0.008687|
|        1228|   -9.523231|   -8.971980|    0.326395|    0.008687|
|        1229|   -9.532780|   -8.981511|    0.326395|    0.008687|
|        1230|   -9.542426|   -8.991138|    0.326395|    0.008687|
|        1231|   -9.552171|   -9.000863|    0.326395|    0.008687|
|        1232|   -9.562013|   -9.010686|    0.326395|    0.008687|
|        1233|   -9.571955|   -9.020607|    0.326395|    0.008687|
|        1234|   -9.581995|   -9.030626|    0.326395|    0.008687|
|        1235|   -9.592133|   -9.040743|    0.326395|    0.008687|
|        1236|   -9.602370|   -9.050959|    0.326395|    0.008687|
|        1237|   -9.612706|   -9.061272|    0.326395|    0.008687|
|        1238|   -9.623140|   -9.071683|    0.326395|    0.008687|
|        1239|   -9.633671|   -9.082192|    0.326395|    0.008687|
|        1240|   -9.644300|   -9.092798|    0.326395|    0.008687|
|        1241|   -9.655026|   -9.103501|    0.326395|    0.008687|
|        1242|   -9.665848|   -9.114300|    0.326395|    0.008687|
|        1243|   -9.676767|   -9.125195|    0.326395|    0.008687|
|        1244|   -9.687781|   -9.136185|    0.326395|    0.008687|
|        1245|   -9.698889|   -9.147270|    0.326395|    0.008687|
|        1246|   -9.710092|   -9.158448|    0.326395|    0.008687|
|        1247|   -9.721387|   -9.169719|    0.326395|    0.008687|
|        1248|   -9.732775|   -9.181083|    0.326395|    0.008687|
|        1249|   -9.744255|   -9.192537|    0.326395|    0.008681|
+-----------------------------------------------------------------------+
|Fixed CL Mode (Finite Difference)       |Value                         |
+-----------------------------------------------------------------------+
|Delta CL / Delta AoA                    |0.395164                      |
|Delta CD / Delta CL                     |-0.0224637                    |
|Delta CMz / Delta CL                    |-0.0273029                    |
+-----------------------------------------------------------------------+
Writing Flow Meta-Data file: flow.meta

----------------------------- Solver Exit -------------------------------

Maximum number of iterations reached (ITER = 1250) before convergence.
+-----------------------------------------------------------------------+
|      Convergence Field     |     Value    |   Criterion  |  Converged |
+-----------------------------------------------------------------------+
|                    rms[Rho]|      -9.74425|         < -13|          No|
+-----------------------------------------------------------------------+
-------------------------------------------------------------------------

--------------------------- Finalizing Solver ---------------------------
Deleted CNumerics container.
Deleted CIntegration container.
Deleted CSolver container.
Deleted CIteration container.
Deleted CInterface container.
Deleted CGeometry container.
Deleted CFreeFormDefBox class.
Deleted CSurfaceMovement class.
Deleted CVolumetricMovement class.
Deleted CConfig container.
Deleted nInst container.
Deleted COutput class.
-------------------------------------------------------------------------

------------------------- Exit Success (SU2_CFD) ------------------------

