"Time_Iter","Outer_Iter","Inner_Iter",    "rms[Rho]"    ,    "rms[RhoU]"   ,    "rms[RhoV]"   ,    "rms[RhoE]"   ,    "RefForce"    ,       "CD"       ,       "CL"       ,       "CSF"      ,       "CMx"      ,       "CMy"      ,       "CMz"      ,       "CFx"      ,       "CFy"      ,       "CFz"      ,      "CEff"      
          0,           0,           0,      -6.483098979,      -6.463565787,       -6.98278357,      -5.886718565,             0.448,    0.001849418209,      0.3259992939,                 0,                 0,                 0,     0.06203436401,  -0.0009953822069,      0.3260030202,                 0,       176.2712686
          0,           0,           1,      -6.750136099,      -6.632706233,      -6.619341651,      -6.153397441,             0.448,    0.001729199887,      0.3261275105,                 0,                 0,                 0,     0.06201300675,   -0.001116714793,      0.3261301829,                 0,       188.6002381
          0,           0,           2,      -6.658428439,      -6.636444469,      -6.677437066,      -6.072516214,             0.448,    0.001696095054,       0.326218131,                 0,                 0,                 0,      0.0620573079,   -0.001150609137,      0.3262205111,                 0,       192.3348165
          0,           0,           3,      -6.645284913,      -6.674523108,      -6.645428314,      -6.056932007,             0.448,    0.001695007682,      0.3262155902,                 0,                 0,                 0,     0.06208880661,   -0.001151674296,      0.3262179609,                 0,       192.4567031
          0,           0,           4,      -6.587663066,      -6.614937899,      -6.597497804,       -6.00268677,             0.448,     0.00168130979,      0.3262706886,                 0,                 0,                 0,     0.06211906498,   -0.001165852465,      0.3262729376,                 0,       194.0574489
          0,           0,           5,      -6.555937983,      -6.569418812,      -6.599848604,      -5.975551461,             0.448,     0.00166921924,      0.3263503045,                 0,                 0,                 0,     0.06214268847,   -0.001178637298,       0.326352445,                 0,       195.5107493
          0,           0,           6,      -6.556448141,      -6.627549358,      -6.625026798,      -5.979876037,             0.448,     0.00166344451,      0.3264138656,                 0,                 0,                 0,     0.06216096938,   -0.001184966454,      0.3264159533,                 0,       196.2276852
          0,           0,           7,        -6.5411134,      -6.599216549,      -6.629795245,      -5.964475685,             0.448,     0.00166000332,      0.3264745266,                 0,                 0,                 0,     0.06218001863,   -0.001188936852,      0.3264765819,                 0,       196.6710082
          0,           0,           8,      -6.530113596,      -6.557709139,      -6.626414945,      -5.955515655,             0.448,    0.001656565049,      0.3265405677,                 0,                 0,                 0,     0.06219757499,    -0.00119295128,      0.3265425906,                 0,       197.1190736
          0,           0,           9,      -6.536013414,       -6.57722904,      -6.636805219,      -5.965912227,             0.448,    0.001652902052,      0.3266068567,                 0,                 0,                 0,     0.06221099739,   -0.001197192586,       0.326608845,                 0,       197.5960138
          0,           0,          10,      -6.543635739,       -6.61517093,      -6.663154547,      -5.977191141,             0.448,    0.001650142437,       0.326670755,                 0,                 0,                 0,     0.06222125431,   -0.001200509685,      0.3266727169,                 0,       197.9651864
          0,           0,          11,      -6.551111879,      -6.635681674,      -6.688559211,      -5.986342002,             0.448,    0.001648313395,         0.3267324,                 0,                 0,                 0,     0.06222927599,   -0.001202876583,      0.3267343435,                 0,       198.2222562
          0,           0,          12,      -6.556760756,      -6.639939045,      -6.710072093,      -5.991752938,             0.448,    0.001646768564,      0.3267921182,                 0,                 0,                 0,     0.06223545858,   -0.001204942468,       0.326794046,                 0,       198.4444721
          0,           0,          13,      -6.563194226,      -6.647581155,      -6.729678262,      -5.997276779,             0.448,    0.001645233011,      0.3268499119,                 0,                 0,                 0,     0.06224021057,    -0.00120698228,       0.326851824,                 0,        198.664815
          0,           0,          14,      -6.572339711,      -6.668334514,      -6.749111781,      -6.006220479,             0.448,    0.001643760734,      0.3269050212,                 0,                 0,                 0,     0.06224360444,   -0.001208935396,      0.3269069185,                 0,       198.8762808
          0,           0,          15,       -6.58328258,      -6.699198502,      -6.770762241,      -6.017837662,             0.448,    0.001642414608,      0.3269565239,                 0,                 0,                 0,     0.06224556304,   -0.001210730892,      0.3269584074,                 0,       199.0706381
          0,           0,          16,      -6.596087807,      -6.730771315,      -6.794223323,      -6.031576626,             0.448,    0.001641166195,       0.327004235,                 0,                 0,                 0,     0.06224633413,   -0.001212395594,      0.3270061058,                 0,       199.2511399
          0,           0,          17,      -6.610624015,       -6.75511522,      -6.816952521,      -6.046744766,             0.448,     0.00163993885,      0.3270485919,                 0,                 0,                 0,     0.06224638593,   -0.001214009958,      0.3270504503,                 0,       199.4273091
          0,           0,          18,      -6.626074722,      -6.771308875,      -6.838578209,       -6.06238591,             0.448,    0.001638675247,       0.327090022,                 0,                 0,                 0,     0.06224604577,    -0.00121563504,      0.3270918678,                 0,       199.6063726
          0,           0,          19,      -6.641851396,      -6.784100734,      -6.862363347,      -6.078124108,             0.448,    0.001637373442,      0.3271286976,                 0,                 0,                 0,     0.06224541684,   -0.001217274286,      0.3271305306,                 0,       199.7886916
          0,           0,          20,      -6.657686302,      -6.798794724,      -6.891432035,      -6.094096284,             0.448,    0.001636079602,      0.3271646961,                 0,                 0,                 0,     0.06224452621,   -0.001218882206,      0.3271665164,                 0,       199.9686909
          0,           0,          21,      -6.672995558,      -6.817573778,      -6.925369136,      -6.110043904,             0.448,    0.001634857987,      0.3271981554,                 0,                 0,                 0,     0.06224344098,   -0.001220395747,      0.3271999638,                 0,       200.1385797
          0,           0,          22,      -6.686965048,      -6.839019928,      -6.960072216,      -6.125075831,             0.448,    0.001633764999,      0.3272292802,                 0,                 0,                 0,     0.06224227206,   -0.001221760293,      0.3272310779,                 0,       200.2915232
          0,           0,          23,      -6.699321858,      -6.860063651,       -6.98985757,      -6.138453961,             0.448,    0.001632840718,      0.3272582774,                 0,                 0,                 0,     0.06224113091,   -0.001222937574,      0.3272600659,                 0,       200.4226583
          0,           0,          24,      -6.710489794,      -6.878758824,      -7.011054056,      -6.150174487,             0.448,    0.001632111356,      0.3272853239,                 0,                 0,                 0,     0.06224010587,   -0.001223902921,       0.327287105,                 0,       200.5287953
          0,           0,          25,         -6.721048,      -6.895744353,      -7.024699361,      -6.160793361,             0.448,    0.001631591236,      0.3273105638,                 0,                 0,                 0,     0.06223926164,   -0.001224643269,      0.3273123394,                 0,       200.6081894
          0,           0,          26,      -6.731325039,      -6.913411038,      -7.035495764,      -6.170977717,             0.448,    0.001631282563,      0.3273341296,                 0,                 0,                 0,     0.06223864956,    -0.00122515757,      0.3273359016,                 0,       200.6605949
          0,           0,          27,      -6.741389224,      -6.934096532,      -7.048468066,      -6.181195571,             0.448,    0.001631175363,      0.3273561641,                 0,                 0,                 0,     0.06223831553,   -0.001225457044,      0.3273579344,                 0,       200.6872906
          0,           0,          28,      -6.751206037,      -6.958973497,      -7.066615437,      -6.191625065,             0.448,    0.001631247253,      0.3273768221,                 0,                 0,                 0,     0.06223829765,   -0.001225565421,      0.3273785921,                 0,       200.6911102
          0,           0,          29,      -6.760758882,      -6.987928946,      -7.090333062,       -6.20221831,             0.448,    0.001631464312,      0.3273962613,                 0,                 0,                 0,     0.06223862034,      -0.001225518,      0.3273980325,                 0,       200.6763242
          0,           0,          30,      -6.770083352,      -7.019909779,      -7.117782506,      -6.212819935,             0.448,    0.001631785218,      0.3274146443,                 0,                 0,                 0,     0.06223929637,    -0.00122535752,      0.3274164176,                 0,       200.6481249
          0,           0,          31,       -6.77924011,      -7.053326288,      -7.145745987,      -6.223257603,             0.448,    0.001632164917,      0.3274321332,                 0,                 0,                 0,     0.06224032725,   -0.001225130448,      0.3274339092,                 0,       200.6121624
          0,           0,          32,      -6.788271233,       -7.08643395,      -7.170896386,      -6.233383014,             0.448,    0.001632557876,      0.3274488827,                 0,                 0,                 0,      0.0622417043,   -0.001224883662,      0.3274506614,                 0,       200.5741342
          0,           0,          33,      -6.797187411,      -7.117765508,      -7.191178593,      -6.243100295,             0.448,    0.001632921158,      0.3274650338,                 0,                 0,                 0,     0.06224341076,   -0.001224661332,      0.3274668151,                 0,       200.5394028
          0,           0,          34,       -6.80597884,      -7.146558441,        -7.2065478,       -6.25238571,             0.448,     0.00163321683,      0.3274807069,                 0,                 0,                 0,     0.06224542168,   -0.001224502437,      0.3274824902,                 0,       200.5126942
          0,           0,          35,      -6.814637159,      -7.172952476,      -7.218580413,      -6.261293348,             0.448,     0.00163341291,      0.3274959874,                 0,                 0,                 0,       0.062247699,   -0.001224439705,      0.3274977718,                 0,        200.497979
          0,           0,          36,      -6.823180077,      -7.197790141,      -7.229422889,      -6.269945481,             0.448,    0.001633488153,      0.3275109526,                 0,                 0,                 0,     0.06225020463,   -0.001224495054,      0.3275127371,                 0,        200.497905
          0,           0,          37,      -6.831647146,      -7.222135052,      -7.240856455,      -6.278483171,             0.448,    0.001633429865,      0.3275256513,                 0,                 0,                 0,     0.06225289063,   -0.001224681603,      0.3275274347,                 0,       200.5140583
          0,           0,          38,      -6.840082932,      -7.246807576,      -7.253821258,      -6.287022106,             0.448,    0.001633234675,      0.3275401118,                 0,                 0,                 0,      0.0622557041,   -0.001225002971,       0.327541893,                 0,       200.5468759
          0,           0,          39,      -6.848538269,      -7.272141049,      -7.268378693,      -6.295644607,             0.448,    0.001632908517,      0.3275543484,                 0,                 0,                 0,     0.06225859172,   -0.001225453348,      0.3275561262,                 0,       200.5956519
          0,           0,          40,      -6.857065305,      -7.297976415,      -7.283927667,      -6.304396816,             0.448,    0.001632464612,      0.3275683573,                 0,                 0,                 0,     0.06226149914,   -0.001226019481,      0.3275701307,                 0,         200.65878
          0,           0,          41,      -6.865709919,        -7.3238362,      -7.299549272,      -6.313292935,             0.448,    0.001631924164,      0.3275821356,                 0,                 0,                 0,     0.06226438139,   -0.001226680139,      0.3275839037,                 0,       200.7336755
          0,           0,          42,      -6.874501662,      -7.349158001,      -7.314341124,      -6.322321659,             0.448,    0.001631312102,       0.327595672,                 0,                 0,                 0,     0.06226719791,   -0.001227410299,      0.3275974343,                 0,       200.8172878
          0,           0,          43,      -6.883451478,      -7.373507976,      -7.327661767,      -6.331461691,             0.448,    0.001630654847,      0.3276089457,                 0,                 0,                 0,     0.06226991244,   -0.001228183358,      0.3276107017,                 0,       200.9063698
          0,           0,          44,      -6.892561156,       -7.39671277,      -7.339292656,      -6.340697179,             0.448,    0.001629979837,      0.3276219348,                 0,                 0,                 0,     0.06227249749,   -0.001228971688,      0.3276236844,                 0,       200.9975384
          0,           0,          45,       -6.90182571,      -7.418896602,       -7.34944317,      -6.350019535,             0.448,    0.001629313895,      0.3276346156,                 0,                 0,                 0,     0.06227493376,   -0.001229748259,       0.327636359,                 0,        201.087474
          0,           0,          46,      -6.911229322,      -7.440429699,      -7.358621757,      -6.359421859,             0.448,    0.001628681887,       0.327646963,                 0,                 0,                 0,     0.06227720908,   -0.001230487989,      0.3276487003,                 0,       201.1730871
          0,           0,          47,      -6.920740883,      -7.461796092,      -7.367385175,      -6.368890769,             0.448,    0.001628105156,      0.3276589501,                 0,                 0,                 0,     0.06227931675,     -0.0012311693,       0.327660682,                 0,       201.2517121
          0,           0,          48,      -6.930336053,      -7.483444761,      -7.376203795,      -6.378422736,             0.448,     0.00162760103,      0.3276705486,                 0,                 0,                 0,     0.06228125513,   -0.001231774618,      0.3276722757,                 0,       201.3211731
          0,           0,          49,      -6.940001213,      -7.505688399,      -7.385388301,      -6.388024345,             0.448,    0.001627181585,      0.3276817261,                 0,                 0,                 0,     0.06228302562,   -0.001232291584,      0.3276834491,                 0,       201.3799377
          0,           0,          50,      -6.949719266,      -7.528630369,      -7.395080869,      -6.397693342,             0.448,    0.001626854276,      0.3276924572,                 0,                 0,                 0,     0.06228463606,   -0.001232712522,      0.3276941769,                 0,       201.4270498
          0,           0,          51,      -6.959503118,      -7.552126816,      -7.405283019,      -6.407452859,             0.448,    0.001578223159,      0.3277029748,                 0,                 0,                 0,     0.06228610513,   -0.001233033351,      0.3277044554,                 0,        207.640455
          0,           0,          52,      -4.884531456,      -4.855636708,      -4.686665859,      -4.277842763,             0.448,     0.00157808508,      0.3277099841,                 0,                 0,                 0,     0.06228681538,   -0.001233231553,      0.3277114633,                 0,       207.6630647
          0,           0,          53,      -5.182016256,      -5.119810347,      -4.964287514,      -4.571450211,             0.448,    0.001577743137,      0.3276568173,                 0,                 0,                 0,     0.06227242566,   -0.001233117393,      0.3276582955,                 0,       207.6743733
          0,           0,          54,       -5.42499818,      -5.290392717,      -5.388637152,      -4.831371142,             0.448,    0.001574903331,      0.3274183461,                 0,                 0,                 0,     0.06220933879,    -0.00123391137,      0.3274198087,                 0,       207.8974243
          0,           0,          55,      -5.624156388,      -5.430274691,      -5.624088214,      -5.013499666,             0.448,    0.001570116628,      0.3270531943,                 0,                 0,                 0,     0.06212200897,   -0.001235565444,      0.3270546293,                 0,       208.2986629
          0,           0,          56,      -5.786950436,      -5.628218093,      -5.689488969,      -5.187761782,             0.448,    0.001567905509,      0.3267238518,                 0,                 0,                 0,     0.06206193278,   -0.001234951218,      0.3267252799,                 0,       208.3823609
          0,           0,          57,      -5.884350931,      -5.735891832,       -5.81518992,      -5.286128962,             0.448,    0.001566359684,       0.326535726,                 0,                 0,                 0,     0.06205046674,   -0.001234883151,      0.3265371478,                 0,       208.4679077
          0,           0,          58,      -6.020726784,      -5.829867422,      -5.947932312,      -5.419317521,             0.448,    0.001565536636,      0.3264888013,                 0,                 0,                 0,     0.06207749617,   -0.001235303626,      0.3264902178,                 0,       208.5475318
          0,           0,          59,      -6.050133028,      -5.860042293,      -6.013475529,      -5.447017717,             0.448,    0.001565010137,      0.3264848166,                 0,                 0,                 0,      0.0621095389,   -0.001235795922,      0.3264862287,                 0,       208.6151449
          0,           0,          60,      -6.103713312,      -5.923822202,      -6.057199664,      -5.498808703,             0.448,    0.001563017893,      0.3264389014,                 0,                 0,                 0,     0.06212549364,    -0.00123739421,      0.3264402981,                 0,       208.8516727
          0,           0,          61,      -6.225710592,      -6.053774359,      -6.147883805,      -5.626468709,             0.448,    0.001561217779,      0.3263601805,                 0,                 0,                 0,     0.06213099016,   -0.001238518951,      0.3263615647,                 0,         209.04206
          0,           0,          62,      -6.305192051,      -6.143056727,      -6.266786939,      -5.714995962,             0.448,    0.001560248125,      0.3262826254,                 0,                 0,                 0,     0.06213543502,   -0.001238823262,      0.3262840041,                 0,       209.1222672
          0,           0,          63,      -6.329945186,      -6.181545338,      -6.330225695,      -5.738399964,             0.448,    0.001559502503,      0.3262147083,                 0,                 0,                 0,     0.06213995468,   -0.001238986231,      0.3262160831,                 0,       209.1787013
          0,           0,          64,      -6.388170483,      -6.252770199,      -6.364175798,       -5.79700555,             0.448,    0.001558916853,      0.3261529756,                 0,                 0,                 0,     0.06214354559,   -0.001239042285,      0.3261543477,                 0,       209.2176853
          0,           0,          65,      -6.467047926,      -6.349994957,      -6.449679783,      -5.883598837,             0.448,    0.001558781406,      0.3260971103,                 0,                 0,                 0,     0.06214659143,   -0.001238698487,      0.3260984832,                 0,       209.2000257
          0,           0,          66,      -6.513269962,      -6.433179161,      -6.581725156,      -5.937168537,             0.448,    0.001559124591,      0.3260476949,                 0,                 0,                 0,      0.0621491046,   -0.001237931405,      0.3260490726,                 0,       209.1222836
          0,           0,          67,      -6.538841194,      -6.499242601,      -6.667783234,      -5.964595475,             0.448,    0.001559756481,      0.3260017989,                 0,                 0,                 0,     0.06215003434,   -0.001236905819,      0.3260031837,                 0,       209.0081387
          0,           0,          68,      -6.562718242,      -6.557418858,      -6.690104156,      -5.989170125,             0.448,    0.001560566212,      0.3259555892,                 0,                 0,                 0,     0.06214863184,   -0.001235699709,      0.3259569826,                 0,       208.8700798
          0,           0,          69,      -6.581612433,      -6.611409811,      -6.721737523,      -6.010088861,             0.448,    0.001561611883,      0.3259088404,                 0,                 0,                 0,     0.06214538021,   -0.001234253041,      0.3259102446,                 0,        208.700282
          0,           0,          70,      -6.595430019,      -6.666182369,      -6.776946212,      -6.027049336,             0.448,    0.001562945231,      0.3258634272,                 0,                 0,                 0,      0.0621412126,   -0.001232530166,      0.3258648445,                 0,       208.4931838
          0,           0,          71,      -6.607282861,      -6.724702564,      -6.834759165,      -6.042284177,             0.448,    0.001564524467,      0.3258197366,                 0,                 0,                 0,     0.06213645788,   -0.001230576189,       0.325821169,                 0,       208.2548043
          0,           0,          72,      -6.616788625,      -6.782348261,      -6.881087399,      -6.054614385,             0.448,    0.001566288955,      0.3257767695,                 0,                 0,                 0,     0.06213101128,   -0.001228443172,      0.3257782186,                 0,       207.9927644
          0,           0,          73,      -6.623005559,      -6.833680672,      -6.918736917,      -6.062745874,             0.448,    0.001568192265,      0.3257341012,                 0,                 0,                 0,     0.06212494035,   -0.001226173903,      0.3257355683,                 0,       207.7131156
          0,           0,          74,      -6.626986511,      -6.878630805,      -6.951695121,      -6.068071971,             0.448,    0.001570172555,      0.3256921904,                 0,                 0,                 0,     0.06211853694,   -0.001223834154,       0.325693676,                 0,       207.4244575
          0,           0,          75,      -6.630282309,      -6.918282039,       -6.97902798,      -6.072533156,             0.448,    0.001572155411,      0.3256513878,                 0,                 0,                 0,     0.06211204259,   -0.001221501346,      0.3256528919,                 0,       207.1368934
          0,           0,          76,      -6.633734729,      -6.952372914,      -6.999432099,      -6.077007616,             0.448,    0.001574085936,      0.3256115287,                 0,                 0,                 0,     0.06210555442,    -0.00121922896,      0.3256130508,                 0,       206.8575299
          0,           0,          77,      -6.637588016,      -6.981010969,      -7.013858597,      -6.081666753,             0.448,    0.001575935166,      0.3255723723,                 0,                 0,                 0,     0.06209913118,   -0.001217043896,      0.3255739117,                 0,       206.5899532
          0,           0,          78,      -6.641801568,      -7.005095257,      -7.025334471,      -6.086487115,             0.448,    0.001577682504,      0.3255339668,                 0,                 0,                 0,     0.06209287187,    -0.00121496716,      0.3255355226,                 0,       206.3368047
          0,           0,          79,      -6.646305557,      -7.026120631,      -7.036772273,       -6.09149251,             0.448,    0.001579305181,       0.325496553,                 0,                 0,                 0,     0.06208689184,    -0.00121302359,      0.3254981241,                 0,       206.1011114
          0,           0,          80,      -6.651089043,      -7.046033658,      -7.049090793,       -6.09676908,             0.448,    0.001580781703,       0.325460326,                 0,                 0,                 0,     0.06208127159,   -0.001211236349,      0.3254619111,                 0,       205.8856865
          0,           0,          81,      -6.656112349,       -7.06627263,      -7.061709694,      -6.102312395,             0.448,    0.001582096792,      0.3254253487,                 0,                 0,                 0,     0.06207604053,   -0.001209621256,      0.3254269464,                 0,       205.6924396
          0,           0,          82,      -6.661267107,      -7.087127266,      -7.073870662,       -6.10798321,             0.448,    0.001583241753,      0.3253916152,                 0,                 0,                 0,     0.06207119443,   -0.001208186954,      0.3253932239,                 0,       205.5223812
          0,           0,          83,      -6.666440077,      -7.108157215,      -7.085113587,      -6.113622475,             0.448,    0.001584213881,       0.325359125,                 0,                 0,                 0,     0.06206671712,   -0.001206936144,      0.3253607432,                 0,       205.3757569
          0,           0,          84,      -6.671565232,      -7.128895455,      -7.095201878,      -6.119139641,             0.448,    0.001585016256,      0.3253279038,                 0,                 0,                 0,     0.06206258998,   -0.001205865968,      0.3253295301,                 0,       205.2520928
          0,           0,          85,      -6.676621268,      -7.149217271,      -7.104111938,      -6.124510023,             0.448,    0.001585656778,      0.3252979876,                 0,                 0,                 0,     0.06205879134,   -0.001204968834,      0.3252996205,                 0,       205.1503151
          0,           0,          86,      -6.681617315,       -7.16933268,      -7.112072437,      -6.129750331,             0.448,    0.001586146866,      0.3252694023,                 0,                 0,                 0,     0.06205529272,   -0.001204233545,      0.3252710405,                 0,       205.0689059
          0,           0,          87,      -6.686583093,      -7.189558684,      -7.119471819,      -6.134903139,             0.448,    0.001586500262,      0.3252421426,                 0,                 0,                 0,     0.06205205474,   -0.001203646315,      0.3252437847,                 0,       205.0060441
          0,           0,          88,      -6.691562222,      -7.210068668,      -7.126694375,      -6.140025907,             0.448,    0.001586733215,      0.3252161829,                 0,                 0,                 0,     0.06204903392,   -0.001203190675,      0.3252178281,                 0,       204.9595861
          0,           0,          89,      -6.696603744,      -7.230788119,       -7.13401655,      -6.145178825,             0.448,    0.001586863605,      0.3251914705,                 0,                 0,                 0,     0.06204618214,   -0.001202848294,      0.3251931177,                 0,       204.9271717
          0,           0,          90,       -6.70175489,      -7.251418035,      -7.141603631,      -6.150416149,             0.448,    0.001586910876,      0.3251679409,                 0,                 0,                 0,     0.06204345372,   -0.001202599176,      0.3251695893,                 0,         204.90624
          0,           0,          91,      -6.707058305,      -7.271539394,      -7.149537326,      -6.155784485,             0.448,    0.001586894721,      0.3251455167,                 0,                 0,                 0,     0.06204080584,   -0.001202422966,      0.3251471659,                 0,       204.8941952
          0,           0,          92,      -6.712560847,      -7.290738967,      -7.157834456,      -6.161333317,             0.448,    0.001586834535,       0.325124113,                 0,                 0,                 0,     0.06203820152,   -0.001202299537,      0.3251257624,                 0,       204.8884781
          0,           0,          93,      -6.718286043,      -7.308717488,      -7.166470515,      -6.167085725,             0.448,    0.001586751401,      0.3251036651,                 0,                 0,                 0,     0.06203562218,   -0.001202207256,      0.3251053146,                 0,       204.8863262
          0,           0,          94,        -6.7242548,      -7.325359832,      -7.175324644,       -6.17306763,             0.448,    0.001586662927,      0.3250841036,                 0,                 0,                 0,     0.06203305252,   -0.001202127919,       0.325085753,                 0,       204.8854221
          0,           0,          95,      -6.730493344,        -7.3407075,      -7.184388173,      -6.179306824,             0.448,    0.001586582939,      0.3250653556,                 0,                 0,                 0,     0.06203048092,   -0.001202047074,       0.325067005,                 0,       204.8839349
          0,           0,          96,      -6.737035228,      -7.354985255,      -7.193656403,      -6.185837252,             0.448,    0.001586522496,      0.3250473537,                 0,                 0,                 0,     0.06202790371,   -0.001201953085,      0.3250490032,                 0,       204.8803937
          0,           0,          97,      -6.743864082,      -7.368479803,      -7.203148434,       -6.19263757,             0.448,    0.001586489573,      0.3250300388,                 0,                 0,                 0,     0.06202532432,   -0.001201837471,      0.3250316887,                 0,       204.8737314
          0,           0,          98,      -6.750992011,      -7.381480128,       -7.21289573,      -6.199721355,             0.448,    0.001586488951,      0.3250133617,                 0,                 0,                 0,     0.06202275224,    -0.00120169503,      0.3250150122,                 0,       204.8632999
          0,           0,          99,      -6.758422447,      -7.394265711,      -7.222911294,       -6.20709351,             0.448,    0.001586522246,      0.3249972804,                 0,                 0,                 0,      0.0620202005,   -0.001201523782,      0.3249989318,                 0,       204.8488644
          0,           0,         100,      -6.766157275,      -7.407070419,      -7.233207575,      -6.214757013,             0.448,    0.001586588524,      0.3249817621,                 0,                 0,                 0,     0.06201768521,   -0.001201324383,      0.3249834147,                 0,       204.8305261
          0,           0,         101,      -6.774194713,      -7.420070976,      -7.243803536,      -6.222710887,             0.448,    0.001615560701,      0.3249666424,                 0,                 0,                 0,     0.06201522483,   -0.001201099623,      0.3249684386,                 0,          201.1479
          0,           0,         102,      -5.105064282,      -5.076434672,      -4.907327102,         -4.498429,             0.448,    0.001615688481,      0.3249540555,                 0,                 0,                 0,     0.06201326541,   -0.001200862752,      0.3249558532,                 0,       201.1242014
          0,           0,         103,      -5.402536209,      -5.340214188,      -5.184950084,      -4.791963075,             0.448,    0.001616011008,      0.3249778568,                 0,                 0,                 0,     0.06202040829,   -0.001200746532,      0.3249796565,                 0,       201.0987891
          0,           0,         104,      -5.644700521,      -5.510896027,      -5.609383057,      -5.051127651,             0.448,    0.001617900713,      0.3251134953,                 0,                 0,                 0,     0.06205692523,   -0.001200032524,      0.3251153063,                 0,       200.9477421
          0,           0,         105,      -5.843042783,      -5.650859512,      -5.844247306,      -5.232785551,             0.448,    0.001620987291,      0.3253258916,                 0,                 0,                 0,     0.06210811465,   -0.001198786975,      0.3253277213,                 0,       200.6961396
          0,           0,         106,      -6.003842968,      -5.849054784,      -5.909306986,      -5.405423568,             0.448,    0.001622545833,      0.3255167116,                 0,                 0,                 0,     0.06214289963,   -0.001198882396,      0.3255185477,                 0,       200.6209655
          0,           0,         107,      -6.099132577,       -5.95648289,       -6.03517461,      -5.501995236,             0.448,    0.001623700909,      0.3256222752,                 0,                 0,                 0,     0.06214846399,    -0.00119864232,      0.3256241173,                 0,       200.5432611
          0,           0,         108,      -6.231649295,       -6.04995032,      -6.168397626,      -5.632077724,             0.448,    0.001624434429,      0.3256433931,                 0,                 0,                 0,     0.06213107118,   -0.001198091864,      0.3256452407,                 0,       200.4657051
          0,           0,         109,      -6.260786025,      -6.079718648,      -6.234478492,      -5.659574184,             0.448,    0.001624986002,       0.325638902,                 0,                 0,                 0,     0.06211076433,   -0.001197501385,      0.3256407546,                 0,       200.3948967
          0,           0,         110,       -6.31236026,      -6.143049529,      -6.277940893,      -5.709733877,             0.448,    0.001626388104,      0.3256594617,                 0,                 0,                 0,     0.06210012248,   -0.001196277533,      0.3256613257,                 0,       200.2347784
          0,           0,         111,      -6.427343462,      -6.272216188,      -6.367837302,      -5.831233457,             0.448,    0.001627656694,      0.3257000901,                 0,                 0,                 0,     0.06209588304,   -0.001195361132,      0.3257019635,                 0,       200.1036775
          0,           0,         112,      -6.501729591,      -6.361029673,      -6.486682145,      -5.914735655,             0.448,    0.001628392746,      0.3257405429,                 0,                 0,                 0,     0.06209240492,   -0.001194975727,      0.3257424212,                 0,       200.0380705
          0,           0,         113,      -6.526526092,      -6.399245573,      -6.550510932,      -5.938254425,             0.448,    0.001628964629,      0.3257755891,                 0,                 0,                 0,     0.06208897038,   -0.001194707623,       0.325777471,                 0,       199.9893572
          0,           0,         114,      -6.580308445,      -6.469670636,      -6.583895513,      -5.992700125,             0.448,    0.001629416373,      0.3258071109,                 0,                 0,                 0,     0.06208615346,   -0.001194529106,      0.3258089956,                 0,       199.9532571
          0,           0,         115,      -6.651748754,      -6.566698435,      -6.668312031,      -6.071678785,             0.448,    0.001629568829,      0.3258353117,                 0,                 0,                 0,     0.06208370271,   -0.001194621082,      0.3258371967,                 0,       199.9518559
          0,           0,         116,      -6.696131776,       -6.65133328,      -6.799559448,      -6.122933046,             0.448,    0.001629404914,      0.3258599395,                 0,                 0,                 0,     0.06208159041,   -0.001194998449,      0.3258618221,                 0,       199.9870853
          0,           0,         117,      -6.723163972,      -6.718598963,      -6.886362459,      -6.151795358,             0.448,    0.001629039832,      0.3258826405,                 0,                 0,                 0,     0.06208042329,   -0.001195560274,      0.3258845191,                 0,       200.0458393
          0,           0,         118,      -6.748361266,      -6.776673045,      -6.910163711,      -6.177446372,             0.448,    0.001628546832,      0.3259056636,                 0,                 0,                 0,     0.06208064877,   -0.001196252806,      0.3259075371,                 0,       200.1205352
          0,           0,         119,       -6.76991553,      -6.830930757,      -6.942726003,      -6.200344622,             0.448,    0.001627902454,      0.3259292896,                 0,                 0,                 0,     0.06208202345,   -0.001197101934,      0.3259311566,                 0,       200.2142627
          0,           0,         120,      -6.787807757,      -6.887244179,       -6.99879188,      -6.220568205,             0.448,    0.001627079219,      0.3259524491,                 0,                 0,                 0,     0.06208400481,   -0.001198125869,       0.325954308,                 0,       200.3297966
          0,           0,         121,      -6.804189509,      -6.948346458,      -7.058138996,       -6.23962288,             0.448,    0.001626103399,      0.3259748228,                 0,                 0,                 0,     0.06208637237,   -0.001199295573,      0.3259766724,                 0,        200.463773
          0,           0,         122,      -6.818452181,      -7.009675149,      -7.106595438,      -6.256170459,             0.448,    0.001625016009,      0.3259969616,                 0,                 0,                 0,     0.06208918201,   -0.001200574807,       0.325998801,                 0,       200.6115384
          0,           0,         123,      -6.829566879,      -7.065251067,      -7.146625879,      -6.268796117,             0.448,    0.001623848685,      0.3260191512,                 0,                 0,                 0,     0.06209240795,   -0.001201934412,      0.3260209796,                 0,       200.7694154
          0,           0,         124,      -6.838324759,      -7.114024784,      -7.182135626,      -6.278546135,             0.448,    0.001622639507,      0.3260411376,                 0,                 0,                 0,     0.06209588312,   -0.001203334109,      0.3260429547,                 0,       200.9325769
          0,           0,         125,      -6.846138416,      -7.156731171,      -7.211942406,      -6.287203081,             0.448,    0.001621434754,      0.3260626913,                 0,                 0,                 0,     0.06209946024,   -0.001204725631,      0.3260644972,                 0,       201.0951662
          0,           0,         126,      -6.853831514,      -7.193235764,      -7.234507071,      -6.295658331,             0.448,    0.001620270316,      0.3260838918,                 0,                 0,                 0,     0.06210307981,   -0.001206073776,      0.3260856868,                 0,       201.2527716
          0,           0,         127,      -6.861661902,       -7.22387314,      -7.250771563,        -6.3041111,             0.448,    0.001619164805,      0.3261048844,                 0,                 0,                 0,     0.06210670853,   -0.001207361196,       0.326106669,                 0,       201.4031452
          0,           0,         128,      -6.869600235,      -7.249619894,      -7.263873349,      -6.312538675,             0.448,    0.001618130378,      0.3261256474,                 0,                 0,                 0,     0.06211028975,   -0.001208575544,      0.3261274223,                 0,       201.5447283
          0,           0,         129,       -6.87756932,      -7.271792786,      -7.276898445,      -6.320939415,             0.448,    0.001617179943,      0.3261460334,                 0,                 0,                 0,     0.06211375468,   -0.001209702637,      0.3261477993,                 0,       201.6757844
          0,           0,         130,      -6.885536852,       -7.29215193,       -7.29085991,      -6.329363838,             0.448,    0.001616326063,      0.3261659143,                 0,                 0,                 0,     0.06211705397,   -0.001210728799,       0.326167672,                 0,       201.7946266
          0,           0,         131,       -6.89349168,      -7.312144491,       -7.30510766,      -6.337833768,             0.448,    0.001615577605,      0.3261852466,                 0,                 0,                 0,     0.06212017003,   -0.001211644789,      0.3261869971,                 0,       201.9000793
          0,           0,         132,      -6.901336201,       -7.33222413,      -7.318725861,      -6.346221468,             0.448,     0.00161493822,      0.3262040303,                 0,                 0,                 0,     0.06212310391,   -0.001212446955,      0.3262057746,                 0,       201.9916466
          0,           0,         133,      -6.908942256,      -7.352150459,      -7.331120874,      -6.354348411,             0.448,     0.00161440808,      0.3262222638,                 0,                 0,                 0,     0.06212586439,   -0.001213135111,      0.3262240028,                 0,        202.069271
          0,           0,         134,       -6.91622605,      -7.371614739,      -7.341998877,      -6.362097614,             0.448,    0.001613984157,      0.3262399277,                 0,                 0,                 0,     0.06212846099,   -0.001213712117,      0.3262416624,                 0,         202.13329
          0,           0,         135,      -6.923153302,      -7.390601361,      -7.351338816,      -6.369423787,             0.448,    0.001613660279,      0.3262569871,                 0,                 0,                 0,     0.06213090178,   -0.001214183843,      0.3262587183,                 0,       202.1844321
          0,           0,         136,      -6.929723973,      -7.409413125,      -7.359410341,      -6.376327885,             0.448,    0.001613428533,      0.3262734202,                 0,                 0,                 0,     0.06213320059,   -0.001214558011,      0.3262751488,                 0,       202.2236582
          0,           0,         137,      -6.935981584,      -7.428461615,      -7.366648812,      -6.382864103,             0.448,    0.001613279591,       0.326289227,                 0,                 0,                 0,     0.06213537759,   -0.001214843951,      0.3262909537,                 0,        202.252126
          0,           0,         138,       -6.94198452,      -7.448008199,      -7.373498476,      -6.389103487,             0.448,    0.001613202929,       0.326304418,                 0,                 0,                 0,     0.06213745523,   -0.001215052276,      0.3263061435,                 0,        202.271154
          0,           0,         139,      -6.947801255,      -7.468035734,      -7.380296033,      -6.395126851,             0.448,    0.001613187627,      0.3263190186,                 0,                 0,                 0,     0.06213945906,   -0.001215194126,      0.3263207434,                 0,       202.2821234
          0,           0,         140,      -6.953503233,      -7.488268643,      -7.387256775,      -6.401013841,             0.448,    0.001613221703,      0.3263330604,                 0,                 0,                 0,     0.06214141251,   -0.001215281756,       0.326334785,                 0,       202.2865548
          0,           0,         141,      -6.959158215,      -7.508261215,      -7.394493535,      -6.406837571,             0.448,    0.001613292819,      0.3263465774,                 0,                 0,                 0,     0.06214333566,     -0.0012153278,      0.3263483021,                 0,       202.2860163
          0,           0,         142,      -6.964828929,      -7.527520202,      -7.402046123,      -6.412663434,             0.448,    0.001613388957,      0.3263596055,                 0,                 0,                 0,     0.06214524487,   -0.001215344584,      0.3263613306,                 0,       202.2820375
          0,           0,         143,      -6.970569734,      -7.545628973,      -7.409906541,      -6.418545928,             0.448,    0.001613498725,      0.3263721815,                 0,                 0,                 0,     0.06214715213,   -0.001215343821,      0.3263739071,                 0,       202.2760703
          0,           0,         144,      -6.976425009,      -7.562342127,      -7.418038064,      -6.424528526,             0.448,    0.001613611856,      0.3263843421,                 0,                 0,                 0,     0.06214906499,   -0.001215336094,      0.3263860681,                 0,       202.2694249
          0,           0,         145,      -6.982432503,      -7.577617451,      -7.426395635,      -6.430647352,             0.448,    0.001613719635,      0.3263961205,                 0,                 0,                 0,     0.06215098641,   -0.001215330407,       0.326397847,                 0,       202.2632144
          0,           0,         146,      -6.988622945,      -7.591584905,      -7.434954217,      -6.436930419,             0.448,    0.001613815203,      0.3264075474,                 0,                 0,                 0,     0.06215291571,   -0.001215333884,      0.3264092743,                 0,       202.2583173
          0,           0,         147,      -6.995019314,      -7.604485573,      -7.443711425,      -6.443397796,             0.448,    0.001613893649,      0.3264186506,                 0,                 0,                 0,     0.06215484903,   -0.001215351676,      0.3264203777,                 0,        202.255366
          0,           0,         148,      -7.001638266,      -7.616612451,      -7.452685056,      -6.450063476,             0.448,       0.001613952,      0.3264294525,                 0,                 0,                 0,     0.06215677942,   -0.001215386951,      0.3264311798,                 0,       202.2547465
          0,           0,         149,      -7.008490488,      -7.628260716,       -7.46190437,      -6.456935919,             0.448,    0.001613989146,      0.3264399702,                 0,                 0,                 0,     0.06215869748,   -0.001215440968,      0.3264416975,                 0,       202.2566082
          0,           0,         150,      -7.015582074,      -7.639696164,      -7.471398849,      -6.464019997,             0.448,    0.001614005278,      0.3264502135,                 0,                 0,                 0,     0.06216059137,   -0.001215513618,      0.3264519405,                 0,       202.2609331
          0,           0,         151,       -7.02291144,      -7.651130974,      -7.481192314,      -6.471314317,             0.448,     0.00160117495,      0.3264602441,                 0,                 0,                 0,     0.06216244546,   -0.001215604191,      0.3264619075,                 0,       203.8879287
          0,           0,         152,      -5.459393877,       -5.43094342,      -5.261745975,      -4.852793587,             0.448,    0.001601145601,       0.326468953,                 0,                 0,                 0,      0.0621640213,    -0.00121570868,      0.3264706158,                 0,       203.8971052
          0,           0,         153,      -5.756869347,      -5.694487222,      -5.539397527,      -5.146298837,             0.448,    0.001601030047,      0.3264616055,                 0,                 0,                 0,     0.06216157895,   -0.001215760835,      0.3264632676,                 0,       203.9072322
          0,           0,         154,      -5.998542633,      -5.865309267,      -5.963868789,      -5.405030362,             0.448,    0.001600220029,        0.32640476,                 0,                 0,                 0,       0.062146129,   -0.001216080356,      0.3264064172,                 0,       203.9749247
          0,           0,         155,      -6.196070977,      -6.005245234,      -6.198280632,      -5.586125555,             0.448,    0.001598877248,      0.3263138234,                 0,                 0,                 0,     0.06212414547,    -0.00121663848,      0.3263154724,                 0,       204.0893531
          0,           0,         156,      -6.355151832,      -6.203492135,      -6.262959114,      -5.757302407,             0.448,    0.001598209151,      0.3262324709,                 0,                 0,                 0,     0.06210941933,   -0.001216604637,      0.3262341172,                 0,        204.123766
          0,           0,         157,      -6.448982795,      -6.310928142,      -6.388842928,      -5.852659314,             0.448,    0.001597718925,      0.3261889603,                 0,                 0,                 0,     0.06210760341,   -0.001216719433,       0.326190604,                 0,       204.1591641
          0,           0,         158,      -6.578624697,      -6.404456557,      -6.522427655,      -5.980466469,             0.448,    0.001597411665,      0.3261826252,                 0,                 0,                 0,     0.06211587143,   -0.001216972022,      0.3261842664,                 0,        204.194468
          0,           0,         159,      -6.607548365,      -6.434148114,      -6.589124867,      -6.007844578,             0.448,    0.001597182558,      0.3261875793,                 0,                 0,                 0,     0.06212540564,   -0.001217243864,      0.3261892183,                 0,       204.2268603
          0,           0,         160,      -6.657824317,      -6.497288427,       -6.63260758,      -6.056968876,             0.448,    0.001596581894,       0.326181574,                 0,                 0,                 0,     0.06213068594,   -0.001217792693,      0.3261832082,                 0,       204.2999331
          0,           0,         161,      -6.768100659,      -6.626313976,      -6.722017628,      -6.174304023,             0.448,    0.001596038565,      0.3261666167,                 0,                 0,                 0,     0.06213310883,   -0.001218206949,      0.3261682467,                 0,         204.36011
          0,           0,         162,      -6.838959872,      -6.715242761,      -6.840820539,      -6.254306504,             0.448,    0.001595730118,      0.3261515485,                 0,                 0,                 0,     0.06213514651,   -0.001218385375,      0.3261531764,                 0,        204.390169
          0,           0,         163,      -6.863422741,      -6.753364625,      -6.904677323,      -6.277586108,             0.448,    0.001595492374,       0.326138752,                 0,                 0,                 0,     0.06213714014,   -0.001218512701,      0.3261403784,                 0,       204.4126047
          0,           0,         164,        -6.9139413,       -6.82335543,      -6.937373002,      -6.328971769,             0.448,    0.001595303846,      0.3261274789,                 0,                 0,                 0,     0.06213884607,   -0.001218603957,       0.326129104,                 0,       204.4296951
          0,           0,         165,       -6.98023934,      -6.920477452,      -7.020902815,      -6.402666605,             0.448,    0.001595244657,      0.3261176382,                 0,                 0,                 0,      0.0621403757,   -0.001218578238,      0.3261192632,                 0,       204.4311114
          0,           0,         166,      -7.022881527,      -7.006263126,      -7.151603342,      -6.451835213,             0.448,    0.001595323076,      0.3261093113,                 0,                 0,                 0,     0.06214174951,   -0.001218427977,      0.3261109373,                 0,       204.4158429
          0,           0,         167,      -7.050224993,      -7.074372661,      -7.238844036,      -6.480956005,             0.448,    0.001595488814,      0.3261017972,                 0,                 0,                 0,      0.0621427042,   -0.001218197412,      0.3261034249,                 0,       204.3898987
          0,           0,         168,      -7.075781036,      -7.132283494,      -7.263475949,      -6.506849176,             0.448,    0.001595708715,      0.3260941139,                 0,                 0,                 0,     0.06214303981,   -0.001217911228,      0.3260957438,                 0,       204.3569172
          0,           0,         169,      -7.098656579,      -7.186628702,      -7.296690836,       -6.53074117,             0.448,    0.001595991469,      0.3260860892,                 0,                 0,                 0,     0.06214284889,   -0.001217559246,      0.3260877218,                 0,       204.3156843
          0,           0,         170,      -7.118880234,      -7.243883985,      -7.353721801,      -6.552870054,             0.448,    0.001596349686,      0.3260781633,                 0,                 0,                 0,     0.06214236098,   -0.001217132658,      0.3260797993,                 0,       204.2648713
          0,           0,         171,      -7.137999813,      -7.306328008,      -7.414814342,      -6.574234593,             0.448,    0.001596773264,      0.3260704981,                 0,                 0,                 0,     0.06214167909,   -0.001216642959,       0.326072138,                 0,       204.2058853
          0,           0,         172,      -7.155360842,      -7.369268052,       -7.46541344,      -6.593507993,             0.448,    0.001597244479,      0.3260628682,                 0,                 0,                 0,     0.06214078243,   -0.001216105931,      0.3260645124,                 0,       204.1408642
          0,           0,         173,      -7.169995028,      -7.426655475,      -7.507551084,      -6.609358173,             0.448,    0.001597749561,      0.3260551339,                 0,                 0,                 0,      0.0621396773,   -0.001215534136,      0.3260567829,                 0,       204.0714902
          0,           0,         174,       -7.18253192,      -7.477228978,      -7.545317007,      -6.622632902,             0.448,    0.001598272341,      0.3260473929,                 0,                 0,                 0,     0.06213843327,   -0.001214944586,      0.3260490466,                 0,        203.999897
          0,           0,         175,      -7.194220978,      -7.521720853,      -7.577650574,      -6.634928342,             0.448,    0.001598792782,      0.3260397503,                 0,                 0,                 0,     0.06213711694,   -0.001214358223,      0.3260414088,                 0,       203.9287104
          0,           0,         176,       -7.20580774,      -7.560025739,      -7.602875813,      -6.647065542,             0.448,    0.001599294935,      0.3260321791,                 0,                 0,                 0,      0.0621357574,   -0.001213790764,      0.3260338422,                 0,        203.859946
          0,           0,         177,      -7.217518352,      -7.592434847,      -7.621735317,      -6.659216361,             0.448,    0.001599770181,      0.3260246132,                 0,                 0,                 0,     0.06213436954,   -0.001213250257,      0.3260262807,                 0,       203.7946557
          0,           0,         178,      -7.229319691,      -7.619868291,      -7.637272614,      -6.671350551,             0.448,    0.001600213235,      0.3260170561,                 0,                 0,                 0,     0.06213297816,   -0.001212742016,      0.3260187277,                 0,       203.7335081
          0,           0,         179,      -7.241133544,      -7.643522001,      -7.652686009,       -6.68346222,             0.448,    0.001600618579,      0.3260095718,                 0,                 0,                 0,     0.06213161483,   -0.001212272113,      0.3260112472,                 0,       203.6772384
          0,           0,         180,        -7.2529355,      -7.665034264,      -7.669152882,      -6.695611999,             0.448,    0.001600980808,      0.3260022194,                 0,                 0,                 0,      0.0621303038,    -0.00121184646,      0.3260038982,                 0,        203.626563
          0,           0,         181,      -7.264682182,      -7.685846593,      -7.686015543,      -6.707792645,             0.448,    0.001601296156,      0.3259950233,                 0,                 0,                 0,     0.06212905594,   -0.001211469035,       0.325996705,                 0,       203.5819683
          0,           0,         182,      -7.276251803,      -7.706495725,      -7.702227549,      -6.719854507,             0.448,    0.001601562821,       0.325987986,                 0,                 0,                 0,     0.06212787255,   -0.001211141662,      0.3259896704,                 0,       203.5436774
          0,           0,         183,      -7.287494305,      -7.726853502,      -7.717090633,      -6.731595788,             0.448,    0.001601780637,       0.325981111,                 0,                 0,                 0,     0.06212675161,   -0.001210864536,      0.3259827975,                 0,       203.5117066
          0,           0,         184,      -7.298293227,      -7.746709623,      -7.730244944,      -6.742862514,             0.448,    0.001601950885,        0.32597441,                 0,                 0,                 0,     0.06212569078,   -0.001210636477,      0.3259760981,                 0,       203.4858952
          0,           0,         185,        -7.3085797,      -7.766093953,      -7.741619066,      -6.753568349,             0.448,    0.001602076117,      0.3259678989,                 0,                 0,                 0,     0.06212468723,   -0.001210455072,      0.3259695884,                 0,       203.4659249
          0,           0,         186,      -7.318324871,      -7.785310834,      -7.751459203,      -6.763680027,             0.448,    0.001602159811,      0.3259615913,                 0,                 0,                 0,     0.06212373637,   -0.001210316959,      0.3259632818,                 0,       203.4513593
          0,           0,         187,      -7.327537623,      -7.804777806,      -7.760236321,      -6.773210993,             0.448,     0.00160220608,      0.3259554943,                 0,                 0,                 0,     0.06212283129,   -0.001210218087,      0.3259571854,                 0,       203.4416786
          0,           0,         188,      -7.336262508,      -7.824801202,        -7.7684524,      -6.782216298,             0.448,    0.001602219601,       0.325949607,                 0,                 0,                 0,     0.06212196312,    -0.00121015377,      0.3259512984,                 0,       203.4362873
          0,           0,         189,      -7.344569337,      -7.845436116,      -7.776506037,      -6.790777734,             0.448,    0.001602205473,      0.3259439235,                 0,                 0,                 0,     0.06212112233,    -0.00121011886,       0.325945615,                 0,       203.4345338
          0,           0,         190,      -7.352541867,      -7.866467244,      -7.784664776,      -6.798988802,             0.448,    0.001602169103,      0.3259384343,                 0,                 0,                 0,     0.06212029969,   -0.001210107867,      0.3259401257,                 0,       203.4357257
          0,           0,         191,       -7.36026839,      -7.887478807,      -7.793084291,      -6.806943717,             0.448,    0.001602116036,      0.3259331279,                 0,                 0,                 0,     0.06211948697,   -0.001210115148,       0.325934819,                 0,       203.4391521
          0,           0,         192,      -7.367844165,      -7.907968542,      -7.801823371,      -6.814740989,             0.448,    0.001602051085,      0.3259279855,                 0,                 0,                 0,     0.06211867477,   -0.001210135728,      0.3259296763,                 0,       203.4441901
          0,           0,         193,       -7.37535449,      -7.927449392,      -7.810902771,      -6.822464634,             0.448,    0.001601979982,      0.3259229978,                 0,                 0,                 0,        0.06211786,   -0.001210163793,      0.3259246881,                 0,       203.4501063
          0,           0,         194,       -7.38284801,      -7.945574023,      -7.820244431,      -6.830161134,             0.448,    0.001601907735,      0.3259181541,                 0,                 0,                 0,     0.06211704059,   -0.001210194246,       0.325919844,                 0,       203.4562584
          0,           0,         195,      -7.390377534,      -7.962208832,      -7.829757722,      -6.837882309,             0.448,    0.001601838296,      0.3259134415,                 0,                 0,                 0,     0.06211621496,   -0.001210223022,      0.3259151309,                 0,       203.4621361
          0,           0,         196,      -7.397992216,      -7.977416291,      -7.839415608,      -6.845670862,             0.448,    0.001601774929,      0.3259088487,                 0,                 0,                 0,     0.06211538353,   -0.001210246759,      0.3259105378,                 0,       203.4673178
          0,           0,         197,      -7.405723258,      -7.991394954,      -7.849240794,       -6.85355039,             0.448,    0.001601720067,      0.3259043662,                 0,                 0,                 0,     0.06211454832,   -0.001210262945,       0.325906055,                 0,       203.4714885
          0,           0,         198,       -7.41359501,      -8.004429874,        -7.8592585,      -6.861540888,             0.448,    0.001601675227,      0.3258999862,                 0,                 0,                 0,      0.0621137126,   -0.001210269992,      0.3259016748,                 0,       203.4744502
          0,           0,         199,      -7.421626943,      -8.016848536,      -7.869476295,      -6.869658086,             0.448,    0.001601641079,      0.3258957034,                 0,                 0,                 0,     0.06211288071,   -0.001210267187,      0.3258973919,                 0,       203.4761144
          0,           0,         200,      -7.429831624,       -8.02896418,        -7.8799083,      -6.877911095,             0.448,    0.001601617531,      0.3258915145,                 0,                 0,                 0,     0.06211205776,   -0.001210254592,      0.3258932029,                 0,       203.4764907
          0,           0,         201,      -7.438214524,      -8.041035934,      -7.890580526,      -6.886304164,             0.448,    0.001604689095,      0.3258874028,                 0,                 0,                 0,     0.06211124904,   -0.001210232905,      0.3258891064,                 0,       203.0844504
          0,           0,         202,      -6.077112531,      -6.049165815,      -5.879764528,      -5.470615028,             0.448,    0.001604688365,      0.3258837153,                 0,                 0,                 0,      0.0621105345,   -0.001210201784,      0.3258854191,                 0,       203.0822448
          0,           0,         203,      -6.374296703,      -6.312142189,      -6.157446701,      -5.763818873,             0.448,    0.001604711104,      0.3258838984,                 0,                 0,                 0,     0.06211078941,   -0.001210180627,      0.3258856023,                 0,       203.0794811
          0,           0,         204,      -6.614133496,      -6.483214444,      -6.581916682,      -6.020923683,             0.448,    0.001604904153,      0.3258960538,                 0,                 0,                 0,     0.06211419324,   -0.001210092579,       0.325897759,                 0,       203.0626273
          0,           0,         205,      -6.808512933,      -6.623108338,      -6.815162905,      -6.199802943,             0.448,    0.001605227461,      0.3259165172,                 0,                 0,                 0,     0.06211919541,   -0.001209946035,      0.3259182244,                 0,       203.0344764
          0,           0,         206,      -6.961679652,       -6.82144895,       -6.87906508,       -6.36588484,             0.448,    0.001605388788,      0.3259346625,                 0,                 0,                 0,     0.06212244857,   -0.001209941445,      0.3259363704,                 0,       203.0253761
          0,           0,         207,      -7.050300559,      -6.928666215,      -7.004805939,      -6.456801138,             0.448,    0.001605507329,      0.3259436412,                 0,                 0,                 0,     0.06212260063,   -0.001209900463,      0.3259453498,                 0,       203.0159784
          0,           0,         208,      -7.169452055,      -7.021961992,      -7.138633192,      -6.575986871,             0.448,    0.001605582813,       0.325943747,                 0,                 0,                 0,     0.06212035853,   -0.001209825895,      0.3259454563,                 0,       203.0064998
          0,           0,         209,      -7.197001769,      -7.051385926,      -7.206151531,       -6.60238322,             0.448,    0.001605640242,      0.3259411736,                 0,                 0,                 0,     0.06211782845,   -0.001209746241,      0.3259428834,                 0,       202.9976362
          0,           0,         210,      -7.242496312,      -7.113996178,      -7.249458198,      -6.647592339,             0.448,    0.001605784298,      0.3259412019,                 0,                 0,                 0,     0.06211631772,   -0.001209602433,      0.3259429129,                 0,       202.9794427
          0,           0,         211,      -7.336569315,      -7.242056134,      -7.337279556,       -6.75003975,             0.448,    0.001605914746,      0.3259434318,                 0,                 0,                 0,       0.062115506,   -0.001209491252,      0.3259451439,                 0,       202.9643433
          0,           0,         212,      -7.395201336,      -7.330318202,      -7.454552488,      -6.817454855,             0.448,    0.001605988359,      0.3259457949,                 0,                 0,                 0,      0.0621148123,   -0.001209438053,      0.3259475075,                 0,       202.9565116
          0,           0,         213,      -7.417476713,      -7.367872753,      -7.517433429,      -6.838972675,             0.448,    0.001606044861,      0.3259476795,                 0,                 0,                 0,     0.06211414142,   -0.001209397831,      0.3259493926,                 0,       202.9505448
          0,           0,         214,      -7.458060616,      -7.436526993,      -7.548463707,      -6.880939694,             0.448,    0.001606090369,      0.3259492284,                 0,                 0,                 0,      0.0621135473,   -0.001209365704,      0.3259509418,                 0,       202.9457587
          0,           0,         215,      -7.508650882,       -7.53298206,      -7.628564025,      -6.938066639,             0.448,    0.001606104917,      0.3259504618,                 0,                 0,                 0,     0.06211300432,   -0.001209361809,      0.3259521752,                 0,       202.9446883
          0,           0,         216,      -7.543177909,      -7.620292116,      -7.753238132,      -6.977826834,             0.448,    0.001606086252,      0.3259513664,                 0,                 0,                 0,     0.06211250264,   -0.001209388288,      0.3259530797,                 0,       202.9476101
          0,           0,         217,      -7.567476523,      -7.689341004,      -7.836259122,      -7.003723282,             0.448,    0.001606046785,      0.3259521034,                 0,                 0,                 0,     0.06211210349,   -0.001209434119,      0.3259538163,                 0,       202.9530562
          0,           0,         218,      -7.590125059,      -7.745835269,      -7.861640034,      -7.026716418,             0.448,    0.001605994561,      0.3259528949,                 0,                 0,                 0,     0.06211185292,   -0.001209493178,      0.3259546074,                 0,       202.9601487
          0,           0,         219,      -7.611621073,      -7.798960107,      -7.894612181,      -7.048793465,             0.448,    0.001605928282,       0.325953799,                 0,                 0,                 0,     0.06211173378,   -0.001209567263,      0.3259555108,                 0,       202.9690881
          0,           0,         220,      -7.632233401,      -7.856600956,      -7.949014248,      -7.070502305,             0.448,    0.001605845198,      0.3259547275,                 0,                 0,                 0,     0.06211169689,   -0.001209658364,      0.3259564385,                 0,       202.9801677
          0,           0,         221,      -7.652483697,      -7.920099153,      -8.006978332,       -7.09206794,             0.448,    0.001605747233,      0.3259556337,                 0,                 0,                 0,     0.06211171556,   -0.001209764153,      0.3259573439,                 0,       202.9931157
          0,           0,         222,      -7.671832264,      -7.984507041,      -8.055484416,       -7.11250436,             0.448,    0.001605638558,      0.3259565618,                 0,                 0,                 0,     0.06211179245,    -0.00120988084,       0.325958271,                 0,       203.0074329
          0,           0,         223,      -7.689743692,      -8.043871124,      -8.096248562,      -7.131026605,             0.448,    0.001605522493,      0.3259575492,                 0,                 0,                 0,     0.06211192804,   -0.001210005429,      0.3259592574,                 0,       203.0227235
          0,           0,         224,      -7.706602847,      -8.096289844,      -8.133155567,      -7.148142557,             0.448,    0.001605402552,      0.3259585792,                 0,                 0,                 0,     0.06211210787,   -0.001210134263,      0.3259602863,                 0,       203.0385331
          0,           0,         225,      -7.723172686,      -8.142064267,      -8.165628436,      -7.164841849,             0.448,    0.001605283254,      0.3259596255,                 0,                 0,                 0,     0.06211231582,   -0.001210262593,      0.3259613315,                 0,       203.0542738
          0,           0,         226,      -7.739926468,      -8.181276906,      -8.192343309,       -7.18166882,             0.448,    0.001605168497,      0.3259606904,                 0,                 0,                 0,     0.06211254398,   -0.001210386545,      0.3259623955,                 0,       203.0694541
          0,           0,         227,      -7.757008294,      -8.214542009,      -8.213894454,      -7.198747997,             0.448,    0.001605060465,      0.3259617901,                 0,                 0,                 0,     0.06211278876,   -0.001210504071,      0.3259634941,                 0,       203.0838072
          0,           0,         228,       -7.77439975,      -8.242899416,      -8.232725927,      -7.216067955,             0.448,    0.001604960369,      0.3259629265,                 0,                 0,                 0,     0.06211304466,   -0.001210613979,      0.3259646296,                 0,        203.097181
          0,           0,         229,      -7.792051653,      -8.267281484,      -8.251512979,        -7.2336289,             0.448,    0.001604869352,      0.3259640853,                 0,                 0,                 0,     0.06211330378,   -0.001210715002,      0.3259657876,                 0,       203.1094212
          0,           0,         230,      -7.809946988,      -8.288846849,      -8.271356268,      -7.251473394,             0.448,    0.001604788678,      0.3259652512,                 0,                 0,                 0,     0.06211355972,   -0.001210805744,      0.3259669528,                 0,       203.1203583
          0,           0,         231,      -7.828055442,      -8.308732036,      -8.291744865,      -7.269601152,             0.448,    0.001604719276,      0.3259664171,                 0,                 0,                 0,     0.06211380908,   -0.001210885213,       0.325968118,                 0,       203.1298695
          0,           0,         232,       -7.84628273,      -8.327509872,      -8.311702546,      -7.287905697,             0.448,    0.001604661587,      0.3259675814,                 0,                 0,                 0,     0.06211405083,   -0.001210952956,      0.3259692817,                 0,       203.1378977
          0,           0,         233,      -7.864492745,      -8.345340018,       -8.33050449,      -7.306219973,             0.448,    0.001604615687,      0.3259687432,                 0,                 0,                 0,     0.06211428483,    -0.00121100889,      0.3259704431,                 0,       203.1444325
          0,           0,         234,      -7.882556415,       -8.36235432,      -8.347741121,      -7.324390796,             0.448,    0.001604581335,      0.3259698991,                 0,                 0,                 0,     0.06211451099,   -0.001211053225,      0.3259715987,                 0,        203.149502
          0,           0,         235,       -7.90035973,      -8.378811259,      -8.363267043,      -7.342290705,             0.448,    0.001604557986,      0.3259710442,                 0,                 0,                 0,     0.06211472927,   -0.001211086464,      0.3259727436,                 0,       203.1531718
          0,           0,         236,      -7.917801901,      -8.395097483,      -8.377227872,      -7.359813391,             0.448,    0.001604544854,      0.3259721738,                 0,                 0,                 0,     0.06211494002,   -0.001211109352,      0.3259738729,                 0,       203.1555384
          0,           0,         237,      -7.934801733,      -8.411650748,       -8.38999278,      -7.376879799,             0.448,    0.001604540994,      0.3259732844,                 0,                 0,                 0,     0.06211514417,   -0.001211122805,      0.3259749835,                 0,       203.1567194
          0,           0,         238,      -7.951308495,      -8.428823587,      -8.401995429,      -7.393448672,             0.448,    0.001604545336,      0.3259743743,                 0,                 0,                 0,     0.06211534313,   -0.001211127877,      0.3259760734,                 0,       203.1568488
          0,           0,         239,      -7.967303465,      -8.446775862,      -8.413608658,      -7.409515186,             0.448,    0.001604556695,      0.3259754432,                 0,                 0,                 0,     0.06211553865,   -0.001211125752,      0.3259771424,                 0,       203.1560769
          0,           0,         240,        -7.9827953,      -8.465437099,      -8.425111479,      -7.425102103,             0.448,    0.001604573791,      0.3259764917,                 0,                 0,                 0,     0.06211573251,   -0.001211117713,       0.325978191,                 0,       203.1545658
          0,           0,         241,      -7.997809857,      -8.484544857,      -8.436694246,      -7.440246959,             0.448,    0.001604595295,       0.325977521,                 0,                 0,                 0,     0.06211592639,   -0.001211105099,      0.3259792204,                 0,       203.1524846
          0,           0,         242,      -8.012390919,      -8.503722533,      -8.448457225,      -7.455002214,             0.448,    0.001604619875,      0.3259785326,                 0,                 0,                 0,     0.06211612169,   -0.001211089259,      0.3259802322,                 0,       203.1500031
          0,           0,         243,      -8.026588347,      -8.522555363,      -8.460428831,      -7.469420768,             0.448,    0.001604646235,      0.3259795285,                 0,                 0,                 0,     0.06211631945,   -0.001211071502,      0.3259812283,                 0,       203.1472866
          0,           0,         244,      -8.040450037,      -8.540672806,      -8.472585664,      -7.483548332,             0.448,    0.001604673168,      0.3259805107,                 0,                 0,                 0,     0.06211652037,   -0.001211053054,      0.3259822106,                 0,        203.144489
          0,           0,         245,      -8.054019048,      -8.557819856,      -8.484880133,       -7.49742121,             0.448,    0.001604699606,       0.325981481,                 0,                 0,                 0,     0.06211672472,   -0.001211034997,      0.3259831812,                 0,       203.1417467
          0,           0,         246,      -8.067332511,      -8.573892562,      -8.497271454,      -7.511065445,             0.448,    0.001604724659,      0.3259824412,                 0,                 0,                 0,     0.06211693237,   -0.001211018239,      0.3259841416,                 0,       203.1391737
          0,           0,         247,      -8.080420353,      -8.588938658,      -8.509745495,      -7.524496535,             0.448,     0.00160474763,      0.3259833928,                 0,                 0,                 0,     0.06211714282,   -0.001211003488,      0.3259850933,                 0,       203.1368588
          0,           0,         248,      -8.093303183,      -8.603126563,      -8.522313999,      -7.537719093,             0.448,    0.001604768031,      0.3259843365,                 0,                 0,                 0,     0.06211735525,    -0.00121099124,      0.3259860372,                 0,       203.1348645
          0,           0,         249,      -8.105991402,      -8.616695811,      -8.535002023,      -7.550727894,             0.448,    0.001604785577,      0.3259852729,                 0,                 0,                 0,     0.06211756857,   -0.001210981782,      0.3259869737,                 0,        203.133227
          0,           0,         250,      -8.118486509,      -8.629904398,      -8.547836481,      -7.563510656,             0.448,    0.001604800188,      0.3259862019,                 0,                 0,                 0,      0.0621177815,   -0.001210975196,      0.3259879028,                 0,       203.1319564
          0,           0,         251,      -8.130785052,      -8.642987571,      -8.560838616,       -7.57605312,             0.448,    0.001605204485,       0.325987121,                 0,                 0,                 0,     0.06211799264,    -0.00121097138,      0.3259888239,                 0,       203.0813669
          0,           0,         252,      -6.972655962,      -6.943420321,       -6.77539214,      -6.365956347,             0.448,    0.001605212251,      0.3259880113,                 0,                 0,                 0,     0.06211819418,   -0.001210971305,      0.3259897142,                 0,        203.080939
          0,           0,         253,      -7.265815471,      -7.209752243,       -7.05254013,      -6.656549917,             0.448,    0.001605220853,      0.3259893933,                 0,                 0,                 0,     0.06211851846,   -0.001210974643,      0.3259910962,                 0,       203.0807118
          0,           0,         254,      -7.502723152,      -7.378650643,      -7.474919782,      -6.911169158,             0.448,    0.001605248937,      0.3259922616,                 0,                 0,                 0,     0.06211923198,   -0.001210971338,      0.3259939647,                 0,       203.0789456
          0,           0,         255,      -7.687183401,      -7.518085432,      -7.711299806,      -7.082000132,             0.448,    0.001605292371,      0.3259961237,                 0,                 0,                 0,     0.06212013248,   -0.001210961269,       0.325997827,                 0,       203.0758568
          0,           0,         256,      -7.829755882,      -7.714204504,      -7.779358127,      -7.238022492,             0.448,    0.001605314751,      0.3259997071,                 0,                 0,                 0,     0.06212081107,   -0.001210969846,      0.3260014105,                 0,       203.0752579
          0,           0,         257,      -7.907644928,      -7.820498271,      -7.901250913,      -7.319412409,             0.448,    0.001605332265,      0.3260021912,                 0,                 0,                 0,     0.06212109309,   -0.001210973792,      0.3260038946,                 0,       203.0745898
          0,           0,         258,      -8.000433704,      -7.912968793,      -8.023243845,      -7.415445766,             0.448,     0.00160534172,      0.3260034633,                 0,                 0,                 0,     0.06212103945,   -0.001210975327,      0.3260051668,                 0,       203.0741862
          0,           0,         259,      -8.018899937,       -7.94403752,      -8.078456855,      -7.434258607,             0.448,    0.001605348855,      0.3260043876,                 0,                 0,                 0,     0.06212094332,   -0.001210976177,       0.326006091,                 0,       203.0738593
          0,           0,         260,      -8.051270044,      -8.008588176,      -8.119303802,      -7.468161477,             0.448,    0.001605369139,      0.3260056653,                 0,                 0,                 0,     0.06212098149,   -0.001210966931,      0.3260073689,                 0,       203.0720893
          0,           0,         261,      -8.109660405,      -8.134091143,      -8.204337534,      -7.535549435,             0.448,    0.001605387552,      0.3260071776,                 0,                 0,                 0,     0.06212109213,   -0.001210961583,      0.3260088813,                 0,       203.0707023
          0,           0,         262,       -8.14018461,        -8.2159892,      -8.304358173,      -7.572944856,             0.448,    0.001605399478,      0.3260086353,                 0,                 0,                 0,     0.06212120026,    -0.00121096225,       0.326010339,                 0,       203.0701017
          0,           0,         263,      -8.152093866,      -8.252798249,      -8.354316351,      -7.585472649,             0.448,    0.001605409493,       0.326009979,                 0,                 0,                 0,     0.06212130061,   -0.001210963844,      0.3260116828,                 0,       203.0696719
          0,           0,         264,      -8.174208104,      -8.320704078,      -8.385680552,      -7.609854432,             0.448,    0.001605417774,      0.3260112496,                 0,                 0,                 0,     0.06212140295,    -0.00121096654,      0.3260129534,                 0,       203.0694159
          0,           0,         265,       -8.19656226,      -8.402847531,      -8.452304928,       -7.63596035,             0.448,     0.00160542211,      0.3260124494,                 0,                 0,                 0,      0.0621215042,   -0.001210972568,      0.3260141532,                 0,       203.0696147
          0,           0,         266,      -8.209293003,      -8.465163066,      -8.532640124,      -7.650565025,             0.448,    0.001605422472,      0.3260135719,                 0,                 0,                 0,     0.06212160459,   -0.001210981903,      0.3260152757,                 0,       203.0702682
          0,           0,         267,      -8.218243584,      -8.513991962,      -8.573079052,        -7.6601804,             0.448,    0.001605420413,      0.3260146444,                 0,                 0,                 0,     0.06212171334,   -0.001210993227,      0.3260163481,                 0,       203.0711966
          0,           0,         268,      -8.226759268,      -8.557244051,      -8.585581295,      -7.669353786,             0.448,    0.001605416404,      0.3260156971,                 0,                 0,                 0,     0.06212183574,    -0.00121100633,      0.3260174008,                 0,       203.0723595
          0,           0,         269,      -8.234599277,      -8.595944478,       -8.60325097,      -7.677914283,             0.448,    0.001605409641,      0.3260167291,                 0,                 0,                 0,     0.06212196671,   -0.001211022008,      0.3260184326,                 0,       203.0738577
          0,           0,         270,      -8.241886981,      -8.632480668,      -8.628286361,      -7.685867513,             0.448,     0.00160539971,      0.3260177246,                 0,                 0,                 0,     0.06212209897,   -0.001211040539,       0.326019428,                 0,       203.0757341
          0,           0,         271,      -8.248910603,      -8.667313647,      -8.651760076,      -7.693467589,             0.448,    0.001605386964,      0.3260186817,                 0,                 0,                 0,     0.06212223043,   -0.001211061553,       0.326020385,                 0,       203.0779426
          0,           0,         272,      -8.255624579,      -8.697828358,       -8.67057837,      -7.700621619,             0.448,    0.001605371854,      0.3260196091,                 0,                 0,                 0,     0.06212236207,   -0.001211084674,      0.3260213122,                 0,       203.0804317
          0,           0,         273,      -8.262033522,      -8.723377452,      -8.686672572,      -7.707335337,             0.448,    0.001605354768,      0.3260205103,                 0,                 0,                 0,     0.06212249332,   -0.001211109544,      0.3260222132,                 0,       203.0831545
          0,           0,         274,       -8.26833736,      -8.745744797,      -8.701285512,      -7.713883432,             0.448,    0.001605336258,      0.3260213817,                 0,                 0,                 0,     0.06212262187,   -0.001211135581,      0.3260230844,                 0,       203.0860389
          0,           0,         275,      -8.274744385,       -8.76588222,      -8.714211107,      -7.720527375,             0.448,    0.001605316972,      0.3260222208,                 0,                 0,                 0,     0.06212274583,   -0.001211162115,      0.3260239234,                 0,       203.0890014
          0,           0,         276,       -8.28136711,      -8.783585911,      -8.725296819,      -7.727375941,             0.448,    0.001605297409,      0.3260230293,                 0,                 0,                 0,     0.06212286439,   -0.001211188662,      0.3260247316,                 0,         203.09198
          0,           0,         277,      -8.288235076,      -8.798783291,      -8.735053417,       -7.73443911,             0.448,    0.001605277881,      0.3260238089,                 0,                 0,                 0,     0.06212297709,   -0.001211214924,      0.3260255111,                 0,       203.0949363
          0,           0,         278,      -8.295336943,      -8.811967301,      -8.744351656,      -7.741700235,             0.448,    0.001605258654,      0.3260245596,                 0,                 0,                 0,     0.06212308317,   -0.001211240635,      0.3260262616,                 0,       203.0978365
          0,           0,         279,      -8.302660242,      -8.824048772,      -8.753792046,      -7.749158034,             0.448,    0.001605240015,      0.3260252796,                 0,                 0,                 0,     0.06212318179,   -0.001211265494,      0.3260269814,                 0,       203.1006433
          0,           0,         280,       -8.31019663,      -8.835990637,      -8.763440236,        -7.7568196,             0.448,    0.001605222238,      0.3260259678,                 0,                 0,                 0,     0.06212327247,   -0.001211289215,      0.3260276694,                 0,       203.1033212
          0,           0,         281,      -8.317926333,      -8.848342763,      -8.773111994,      -7.764670884,             0.448,    0.001605205538,       0.326026624,                 0,                 0,                 0,     0.06212335516,   -0.001211311583,      0.3260283254,                 0,        203.105843
          0,           0,         282,      -8.325816223,      -8.861100246,      -8.782686749,      -7.772672711,             0.448,    0.001605190067,      0.3260272488,                 0,                 0,                 0,     0.06212343012,   -0.001211332451,      0.3260289501,                 0,       203.1081898
          0,           0,         283,      -8.333835099,      -8.873966569,      -8.792139906,      -7.780785192,             0.448,    0.001605175915,      0.3260278426,                 0,                 0,                 0,     0.06212349774,   -0.001211351732,      0.3260295437,                 0,       203.1103504
          0,           0,         284,      -8.341963864,      -8.886687141,      -8.801468575,      -7.788985236,             0.448,    0.001605163116,      0.3260284058,                 0,                 0,                 0,     0.06212355845,   -0.001211369396,      0.3260301068,                 0,       203.1123208
          0,           0,         285,      -8.350194577,      -8.899204259,      -8.810681053,      -7.797266177,             0.448,    0.001605151656,      0.3260289388,                 0,                 0,                 0,     0.06212361274,    -0.00121138546,      0.3260306397,                 0,        203.114103
          0,           0,         286,      -8.358526498,      -8.911617737,       -8.81982217,      -7.805631466,             0.448,    0.001605141481,      0.3260294421,                 0,                 0,                 0,     0.06212366117,   -0.001211399983,      0.3260311429,                 0,       203.1157042
          0,           0,         287,      -8.366963547,       -8.92405709,      -8.828969049,      -7.814089979,             0.448,    0.001605132508,      0.3260299165,                 0,                 0,                 0,     0.06212370437,   -0.001211413053,      0.3260316171,                 0,       203.1171351
          0,           0,         288,      -8.375512401,      -8.936584116,      -8.838199763,      -7.822652576,             0.448,    0.001605124627,      0.3260303628,                 0,                 0,                 0,     0.06212374303,    -0.00121142479,      0.3260320634,                 0,       203.1184105
          0,           0,         289,      -8.384180528,      -8.949176058,      -8.847569359,      -7.831329304,             0.448,    0.001605117704,      0.3260307823,                 0,                 0,                 0,     0.06212377782,   -0.001211435336,      0.3260324828,                 0,       203.1195478
          0,           0,         290,      -8.392974638,      -8.961764405,      -8.857106369,      -7.840127877,             0.448,    0.001605111589,      0.3260311762,                 0,                 0,                 0,     0.06212380941,   -0.001211444853,      0.3260328766,                 0,       203.1205671
          0,           0,         291,      -8.401900463,      -8.974285166,      -8.866820256,      -7.849054069,             0.448,    0.001605106121,      0.3260315459,                 0,                 0,                 0,     0.06212383838,   -0.001211453515,      0.3260332463,                 0,       203.1214894
          0,           0,         292,      -8.410962552,      -8.986713506,      -8.876710679,      -7.858112184,             0.448,    0.001605101138,      0.3260318928,                 0,                 0,                 0,     0.06212386527,   -0.001211461495,      0.3260335931,                 0,       203.1223361
          0,           0,         293,      -8.420164819,      -8.999078695,      -8.886773133,      -7.867306097,             0.448,    0.001605096485,      0.3260322182,                 0,                 0,                 0,     0.06212389048,   -0.001211468959,      0.3260339185,                 0,       203.1231277
          0,           0,         294,      -8.429511144,       -9.01145966,      -8.897003968,       -7.87663999,             0.448,    0.001605092022,      0.3260325235,                 0,                 0,                 0,     0.06212391435,   -0.001211476059,      0.3260342237,                 0,       203.1238827
          0,           0,         295,      -8.439005915,      -9.023964604,      -8.907404635,      -7.886118776,             0.448,    0.001605087631,      0.3260328099,                 0,                 0,                 0,     0.06212393713,   -0.001211482924,      0.3260345101,                 0,       203.1246168
          0,           0,         296,      -8.448654289,      -9.036703892,      -8.917983592,       -7.89574819,             0.448,    0.001605083222,      0.3260330788,                 0,                 0,                 0,     0.06212395896,   -0.001211489656,      0.3260347789,                 0,       203.1253423
          0,           0,         297,       -8.45846216,      -9.049769614,      -8.928755373,      -7.905534632,             0.448,    0.001605078729,      0.3260333311,                 0,                 0,                 0,     0.06212397992,   -0.001211496328,      0.3260350312,                 0,        203.126068
          0,           0,         298,      -8.468435931,      -9.063228472,      -8.939738162,      -7.915484924,             0.448,    0.001605074118,       0.326033568,                 0,                 0,                 0,     0.06212400001,   -0.001211502986,       0.326035268,                 0,       203.1267992
          0,           0,         299,      -8.478582231,      -9.077124738,      -8.950951687,      -7.925606054,             0.448,    0.001605069375,      0.3260337903,                 0,                 0,                 0,     0.06212401919,   -0.001211509648,      0.3260354903,                 0,       203.1275379
          0,           0,         300,      -8.488907607,      -9.091485011,      -8.962416029,      -7.935904856,             0.448,    0.001605064514,      0.3260339989,                 0,                 0,                 0,     0.06212403737,   -0.001211516312,      0.3260356988,                 0,       203.1282831
          0,           0,         301,      -8.499418229,      -9.106319509,      -8.974151064,      -7.946387647,             0.448,     0.00160409223,      0.3260341992,                 0,                 0,                 0,     0.06212405445,   -0.001211522952,      0.3260358943,                 0,       203.2515294
          0,           0,         302,      -6.581565033,       -6.55271005,      -6.383723445,      -5.974885623,             0.448,     0.00160408728,        0.32603433,                 0,                 0,                 0,     0.06212405838,   -0.001211529032,       0.326036025,                 0,       203.2522382
          0,           0,         303,      -6.879007903,       -6.81681076,      -6.661320486,      -6.268443851,             0.448,    0.001604076412,      0.3260332471,                 0,                 0,                 0,     0.06212375908,   -0.001211530548,      0.3260349421,                 0,       203.2529402
          0,           0,         304,      -7.121740736,      -6.987332244,      -7.085677286,       -6.52811776,             0.448,    0.001604013652,      0.3260284384,                 0,                 0,                 0,     0.06212248145,   -0.001211551779,       0.326030133,                 0,       203.2578949
          0,           0,         305,      -7.320880577,      -7.127294092,      -7.321072113,      -6.710298538,             0.448,    0.001603911022,      0.3260210823,                 0,                 0,                 0,     0.06212071754,    -0.00121159088,      0.3260227763,                 0,       203.2663146
          0,           0,         306,      -7.483513845,      -7.325368693,      -7.386544974,      -6.884466193,             0.448,    0.001603859354,      0.3260144442,                 0,                 0,                 0,      0.0621195011,    -0.00121158522,       0.326016138,                 0,       203.2687238
          0,           0,         307,      -7.580402102,      -7.432835577,      -7.512319031,      -6.982365355,             0.448,    0.001603820823,      0.3260106398,                 0,                 0,                 0,     0.06211926116,   -0.001211590896,      0.3260123334,                 0,       203.2712352
          0,           0,         308,      -7.715974344,      -7.526356426,      -7.645011652,      -7.114846113,             0.448,    0.001603796561,      0.3260096723,                 0,                 0,                 0,      0.0621197944,   -0.001211606802,      0.3260113657,                 0,        203.273707
          0,           0,         309,      -7.745249824,      -7.556309557,      -7.710332323,       -7.14241255,             0.448,    0.001603778355,      0.3260095634,                 0,                 0,                 0,     0.06212042704,   -0.001211624067,      0.3260112567,                 0,       203.2759466
          0,           0,         310,      -7.798236021,      -7.619934202,      -7.753807933,       -7.19369829,             0.448,    0.001603731085,      0.3260086081,                 0,                 0,                 0,     0.06212073519,   -0.001211663086,       0.326010301,                 0,       203.2813426
          0,           0,         311,      -7.918426935,      -7.749394944,      -7.844215063,      -7.319746272,             0.448,    0.001603688353,      0.3260069918,                 0,                 0,                 0,     0.06212083266,   -0.001211691859,      0.3260086845,                 0,       203.2857514
          0,           0,         312,      -7.996579919,      -7.838172407,      -7.962858958,      -7.406961003,             0.448,    0.001603663158,      0.3260053988,                 0,                 0,                 0,     0.06212090886,   -0.001211703295,      0.3260070913,                 0,       203.2879518
          0,           0,         313,      -8.021410906,      -7.876553046,      -8.026423643,      -7.430472344,             0.448,    0.001603643331,      0.3260039979,                 0,                 0,                 0,     0.06212098592,   -0.001211711024,      0.3260056902,                 0,       203.2895916
          0,           0,         314,      -8.078751445,      -7.947561599,      -8.060500266,      -7.488242754,             0.448,    0.001603627651,      0.3260027189,                 0,                 0,                 0,     0.06212104372,   -0.001211715658,      0.3260044111,                 0,       203.2907818
          0,           0,         315,      -8.155756317,      -8.044372863,      -8.145596929,      -7.572857345,             0.448,    0.001603622021,      0.3260015555,                 0,                 0,                 0,     0.06212109038,   -0.001211711241,      0.3260032477,                 0,         203.29077
          0,           0,         316,      -8.201154116,      -8.127272811,       -8.27647967,      -7.625432387,             0.448,    0.001603626986,      0.3260005197,                 0,                 0,                 0,     0.06212112637,   -0.001211697332,      0.3260022121,                 0,       203.2894947
          0,           0,         317,      -8.226711974,      -8.193155709,      -8.361727888,      -7.652872313,             0.448,    0.001603638635,      0.3259995531,                 0,                 0,                 0,     0.06212113082,   -0.001211677335,      0.3260012456,                 0,       203.2874152
          0,           0,         318,      -8.250457431,       -8.25112143,      -8.384361037,      -7.677323577,             0.448,    0.001603654639,      0.3259985789,                 0,                 0,                 0,     0.06212108887,    -0.00121165292,      0.3260002716,                 0,       203.2847791
          0,           0,         319,      -8.269323631,      -8.304986876,      -8.415897299,      -7.698079486,             0.448,    0.001603676016,      0.3259975931,                 0,                 0,                 0,     0.06212101044,    -0.00121162303,       0.325999286,                 0,       203.2814546
          0,           0,         320,      -8.283340791,      -8.359820771,      -8.470143872,      -7.715030877,             0.448,    0.001603703637,      0.3259966338,                 0,                 0,                 0,     0.06212091439,   -0.001211587126,       0.325998327,                 0,       203.2773552
          0,           0,         321,      -8.295482346,      -8.418667412,      -8.526598032,      -7.730371066,             0.448,    0.001603736512,      0.3259957091,                 0,                 0,                 0,     0.06212080737,   -0.001211546267,      0.3259974026,                 0,       203.2726116
          0,           0,         322,      -8.305283111,       -8.47700626,      -8.571905103,      -7.742875549,             0.448,    0.001603773271,      0.3259947992,                 0,                 0,                 0,     0.06212068726,   -0.001211501651,       0.325996493,                 0,       203.2673852
          0,           0,         323,      -8.311770254,      -8.529226722,      -8.609038665,      -7.751205221,             0.448,     0.00160381284,      0.3259938956,                 0,                 0,                 0,     0.06212055533,    -0.00121145428,      0.3259955898,                 0,       203.2618068
          0,           0,         324,      -8.315946513,      -8.574867045,      -8.641664932,      -7.756671488,             0.448,    0.001603853875,      0.3259930076,                 0,                 0,                 0,     0.06212041736,   -0.001211405578,      0.3259947022,                 0,       203.2560526
          0,           0,         325,      -8.319348286,      -8.614808398,      -8.668602193,      -7.761189425,             0.448,    0.001603894818,      0.3259921423,                 0,                 0,                 0,     0.06212027813,   -0.001211357164,      0.3259938373,                 0,       203.2503245
          0,           0,         326,      -8.322840157,      -8.648880915,      -8.688545978,      -7.765673506,             0.448,    0.001603934522,      0.3259912966,                 0,                 0,                 0,     0.06212013951,   -0.001211310158,      0.3259929919,                 0,       203.2447659
          0,           0,         327,      -8.326683586,      -8.677378812,      -8.702586037,      -7.770324127,             0.448,    0.001603972379,      0.3259904656,                 0,                 0,                 0,     0.06212000258,   -0.001211265126,      0.3259921613,                 0,       203.2394509
          0,           0,         328,      -8.330837142,      -8.701275687,       -8.71381138,      -7.775112772,             0.448,     0.00160400797,      0.3259896503,                 0,                 0,                 0,     0.06211986923,   -0.001211222496,      0.3259913464,                 0,        203.234433
          0,           0,         329,      -8.335221355,       -8.72200655,      -8.725073996,      -7.780039939,             0.448,    0.001604040842,      0.3259888557,                 0,                 0,                 0,     0.06211974165,   -0.001211182763,       0.325990552,                 0,       203.2297726
          0,           0,         330,      -8.339818791,      -8.741423106,      -8.737207185,      -7.785173392,             0.448,    0.001604070579,      0.3259880855,                 0,                 0,                 0,     0.06211962135,   -0.001211146376,      0.3259897821,                 0,        203.225525
          0,           0,         331,      -8.344590488,      -8.760922814,      -8.749572996,      -7.790503882,             0.448,     0.00160409689,      0.3259873409,                 0,                 0,                 0,     0.06211950877,   -0.001211113635,      0.3259890377,                 0,       203.2217273
          0,           0,         332,      -8.349433133,      -8.780821512,       -8.76138846,      -7.795896892,             0.448,     0.00160411963,      0.3259866216,                 0,                 0,                 0,     0.06211940376,   -0.001211084685,      0.3259883187,                 0,       203.2183981
          0,           0,         333,      -8.354238767,      -8.800740798,      -8.772200078,      -7.801199637,             0.448,    0.001604138777,      0.3259859277,                 0,                 0,                 0,     0.06211930589,   -0.001211059546,       0.325987625,                 0,       203.2155399
          0,           0,         334,      -8.358945888,      -8.820281391,      -8.781791742,      -7.806326765,             0.448,    0.001604154426,      0.3259852594,                 0,                 0,                 0,     0.06211921475,   -0.001211038127,      0.3259869568,                 0,       203.2131409
          0,           0,         335,      -8.363539658,       -8.83937469,      -8.790159425,      -7.811260487,             0.448,    0.001604166765,      0.3259846173,                 0,                 0,                 0,     0.06211912986,   -0.001211020243,      0.3259863149,                 0,       203.2111775
          0,           0,         336,      -8.368036255,      -8.858270946,      -8.797541773,      -7.816024973,             0.448,    0.001604176054,       0.325984002,                 0,                 0,                 0,     0.06211905062,   -0.001211005641,      0.3259856997,                 0,       203.2096173
          0,           0,         337,      -8.372473164,      -8.877312186,      -8.804328664,      -7.820670885,             0.448,    0.001604182595,      0.3259834131,                 0,                 0,                 0,     0.06211897629,   -0.001210994015,      0.3259851109,                 0,       203.2084217
          0,           0,         338,      -8.376901825,      -8.896691745,      -8.810902711,      -7.825263885,             0.448,    0.001604186733,      0.3259828502,                 0,                 0,                 0,     0.06211890601,   -0.001210985016,      0.3259845481,                 0,       203.2075465
          0,           0,         339,      -8.381378871,      -8.916344448,      -8.817545123,      -7.829872311,             0.448,    0.001604188849,      0.3259823122,                 0,                 0,                 0,     0.06211883889,   -0.001210978253,      0.3259840101,                 0,       203.2069431
          0,           0,         340,       -8.38595889,      -8.935975353,      -8.824425256,      -7.834558517,             0.448,    0.001604189347,      0.3259817978,                 0,                 0,                 0,     0.06211877409,   -0.001210973314,      0.3259834957,                 0,       203.2065595
          0,           0,         341,      -8.390690678,      -8.955164824,      -8.831623785,      -7.839375724,             0.448,    0.001604188636,      0.3259813057,                 0,                 0,                 0,     0.06211871087,   -0.001210969774,      0.3259830036,                 0,       203.2063426
          0,           0,         342,      -8.395615576,      -8.973495506,      -8.839156956,       -7.84436768,             0.448,    0.001604187121,      0.3259808342,                 0,                 0,                 0,     0.06211864864,   -0.001210967218,      0.3259825322,                 0,       203.2062407
          0,           0,         343,      -8.400767017,      -8.990663691,      -8.846998627,       -7.84956931,             0.448,    0.001604185178,      0.3259803821,                 0,                 0,                 0,     0.06211858696,   -0.001210965256,      0.3259820801,                 0,       203.2062049
          0,           0,         344,      -8.406171623,      -9.006545761,      -8.855104333,      -7.855008254,             0.448,    0.001604183146,      0.3259799479,                 0,                 0,                 0,     0.06211852553,   -0.001210963539,      0.3259816458,                 0,       203.2061918
          0,           0,         345,      -8.411850977,      -9.021202575,      -8.863434852,      -7.860706581,             0.448,    0.001604181304,      0.3259795302,                 0,                 0,                 0,     0.06211846422,   -0.001210961774,      0.3259812281,                 0,       203.2061647
          0,           0,         346,      -8.417822658,      -9.034830446,      -8.871971034,      -7.866681725,             0.448,    0.001604179871,      0.3259791278,                 0,                 0,                 0,     0.06211840302,   -0.001210959732,      0.3259808258,                 0,       203.2060953
          0,           0,         347,      -8.424100196,       -9.04769268,      -8.880715942,      -7.872946574,             0.448,       0.001604179,      0.3259787397,                 0,                 0,                 0,     0.06211834207,   -0.001210957251,      0.3259804376,                 0,       203.2059638
          0,           0,         348,      -8.430692752,      -9.060064217,      -8.889688465,      -7.879509482,             0.448,    0.001604178776,      0.3259783648,                 0,                 0,                 0,     0.06211828158,   -0.001210954238,      0.3259800628,                 0,       203.2057584
          0,           0,         349,      -8.437605234,      -9.072198439,      -8.898915323,      -7.886374736,             0.448,    0.001604179229,      0.3259780026,                 0,                 0,                 0,     0.06211822185,   -0.001210950657,      0.3259797005,                 0,       203.2054753
          0,           0,         350,      -8.444838984,      -9.084307883,      -8.908425064,      -7.893543511,             0.448,    0.001604180333,      0.3259776524,                 0,                 0,                 0,     0.06211816322,   -0.001210946528,      0.3259793504,                 0,       203.2051171
          0,           0,         351,      -8.452392888,      -9.096550934,      -8.918244332,      -7.901015098,             0.448,    0.001604817742,      0.3259773107,                 0,                 0,                 0,     0.06211810607,   -0.001210941916,      0.3259790118,                 0,       203.1241942
          0,           0,         352,      -6.763688733,      -6.735053609,      -6.565944377,      -6.157051847,             0.448,    0.001604820125,      0.3259770263,                 0,                 0,                 0,     0.06211806055,   -0.001210937077,      0.3259787275,                 0,       203.1237154
          0,           0,         353,      -7.061191116,      -6.998832131,      -6.843574134,      -6.450610207,             0.448,    0.001604826626,      0.3259775397,                 0,                 0,                 0,     0.06211821461,    -0.00121093501,      0.3259792409,                 0,       203.1232125
          0,           0,         354,      -7.303421659,      -7.169529378,      -7.268011514,      -6.709835438,             0.448,     0.00160486745,      0.3259805072,                 0,                 0,                 0,     0.06211901341,    -0.00121091982,      0.3259822086,                 0,       203.1198946
          0,           0,         355,      -7.501866847,      -7.309487633,      -7.502873785,      -6.891564516,             0.448,    0.001604934598,      0.3259851595,                 0,                 0,                 0,     0.06212013457,    -0.00121089286,      0.3259868614,                 0,       203.1142951
          0,           0,         356,      -7.662834051,      -7.507674821,      -7.567907364,      -7.064343142,             0.448,    0.001604968241,       0.325989338,                 0,                 0,                 0,     0.06212089578,   -0.001210895311,        0.32599104,                 0,       203.1126409
          0,           0,         357,      -7.758318627,      -7.615128669,      -7.693783909,      -7.161081493,             0.448,    0.001604993118,      0.3259916449,                 0,                 0,                 0,     0.06212101575,   -0.001210890361,       0.325993347,                 0,         203.11093
          0,           0,         358,        -7.8912881,      -7.708652913,      -7.827060523,       -7.29153705,             0.448,    0.001605008797,      0.3259920986,                 0,                 0,                 0,       0.062120632,   -0.001210878601,      0.3259938008,                 0,       203.1092286
          0,           0,         359,      -7.920539019,      -7.738444747,      -7.893209688,       -7.31912447,             0.448,    0.001605020529,      0.3259919901,                 0,                 0,                 0,     0.06212018424,   -0.001210865932,      0.3259936924,                 0,       203.1076763
          0,           0,         360,      -7.972382044,      -7.801795346,      -7.936704029,      -7.369499188,             0.448,    0.001605050963,       0.325992431,                 0,                 0,                 0,     0.06211994846,   -0.001210839308,      0.3259941335,                 0,       203.1040998
          0,           0,         361,      -8.088299932,       -7.93104944,      -8.026632464,      -7.491821744,             0.448,    0.001605078496,      0.3259933124,                 0,                 0,                 0,     0.06211985323,   -0.001210819389,      0.3259950151,                 0,       203.1011649
          0,           0,         362,       -8.16352756,      -8.019963369,      -8.145578371,      -7.576143854,             0.448,     0.00160509441,      0.3259941902,                 0,                 0,                 0,     0.06211977481,   -0.001210811058,      0.3259958931,                 0,       203.0996982
          0,           0,         363,      -8.188526993,      -8.058200662,      -8.209472123,      -7.599815805,             0.448,    0.001605106791,      0.3259949495,                 0,                 0,                 0,     0.06211969734,   -0.001210805237,      0.3259966525,                 0,       203.0986046
          0,           0,         364,      -8.243011129,      -8.128660794,      -8.242832656,      -7.654866884,             0.448,    0.001605116598,      0.3259956313,                 0,                 0,                 0,     0.06211963338,   -0.001210801319,      0.3259973343,                 0,       203.0977885
          0,           0,         365,      -8.315805235,      -8.225804677,      -8.327317033,      -7.735178006,             0.448,    0.001605119905,      0.3259962401,                 0,                 0,                 0,     0.06211957747,   -0.001210803271,      0.3259979431,                 0,       203.0977494
          0,           0,         366,      -8.361164287,      -8.310561741,      -8.458934923,      -7.787488037,             0.448,    0.001605116315,      0.3259967702,                 0,                 0,                 0,     0.06211952896,   -0.001210811439,      0.3259984732,                 0,       203.0985338
          0,           0,         367,      -8.388754866,      -8.377917705,      -8.546242046,      -7.816908254,             0.448,    0.001605108345,      0.3259972579,                 0,                 0,                 0,     0.06211950116,   -0.001210823622,      0.3259989608,                 0,       203.0998462
          0,           0,         368,      -8.414537908,      -8.436106229,      -8.570179452,      -7.843102905,             0.448,      0.0016050976,      0.3259977526,                 0,                 0,                 0,     0.06211950396,    -0.00121083864,      0.3259994554,                 0,        203.101514
          0,           0,         369,      -8.436594931,      -8.490476373,      -8.602900649,      -7.866507635,             0.448,    0.001605083556,      0.3259982605,                 0,                 0,                 0,     0.06211953202,    -0.00121085707,      0.3259999632,                 0,       203.1036074
          0,           0,         370,      -8.454851321,      -8.546870591,       -8.65943294,      -7.887155647,             0.448,    0.001605065597,      0.3259987582,                 0,                 0,                 0,     0.06211957342,   -0.001210879327,      0.3260004606,                 0,         203.10619
          0,           0,         371,      -8.471553792,      -8.608050298,      -8.719475336,      -7.906614881,             0.448,    0.001605044294,      0.3259992386,                 0,                 0,                 0,     0.06211962335,   -0.001210904779,      0.3260009409,                 0,       203.1091851
          0,           0,         372,      -8.486081998,      -8.669449953,      -8.768625505,      -7.923505919,             0.448,    0.001605020547,      0.3259997141,                 0,                 0,                 0,     0.06211968306,   -0.001210932632,      0.3260014161,                 0,       203.1124865
          0,           0,         373,      -8.497352264,      -8.725080437,      -8.809302139,      -7.936343763,             0.448,    0.001604995052,      0.3260001908,                 0,                 0,                 0,     0.06211975202,   -0.001210962244,      0.3260018926,                 0,       203.1160098
          0,           0,         374,       -8.50617713,      -8.773948169,      -8.845461404,      -7.946204555,             0.448,     0.00160496865,      0.3260006632,                 0,                 0,                 0,     0.06211982656,   -0.001210992725,      0.3260023648,                 0,       203.1196455
          0,           0,         375,      -8.514024255,      -8.816840694,      -8.875895306,       -7.95493878,             0.448,    0.001604942353,      0.3260011264,                 0,                 0,                 0,     0.06211990346,   -0.001211023022,      0.3260028277,                 0,       203.1232622
          0,           0,         376,       -8.52175296,       -8.85360557,      -8.899004106,      -7.963473221,             0.448,    0.001604916936,       0.326001582,                 0,                 0,                 0,     0.06211998139,   -0.001211052373,      0.3260032831,                 0,       203.1267629
          0,           0,         377,      -8.529631646,      -8.884532471,      -8.915692388,      -7.972012594,             0.448,    0.001604892811,      0.3260020333,                 0,                 0,                 0,     0.06212005961,   -0.001211080396,      0.3260037341,                 0,       203.1300976
          0,           0,         378,      -8.537630723,      -8.910573314,      -8.929129823,      -7.980532777,             0.448,    0.001604870242,      0.3260024798,                 0,                 0,                 0,     0.06212013688,    -0.00121110682,      0.3260041804,                 0,       203.1332323
          0,           0,         379,      -8.545672311,      -8.933048367,      -8.942478876,      -7.989034407,             0.448,    0.001604849514,      0.3260029182,                 0,                 0,                 0,     0.06212021168,   -0.001211131335,      0.3260046187,                 0,       203.1361291
          0,           0,         380,      -8.553740132,       -8.95373732,      -8.956801467,      -7.997589709,             0.448,    0.001604830896,       0.326003346,                 0,                 0,                 0,     0.06212028292,   -0.001211153647,      0.3260050462,                 0,       203.1387523
          0,           0,         381,      -8.561798926,      -8.974111027,      -8.971426881,      -8.006196775,             0.448,    0.001604814572,      0.3260037619,                 0,                 0,                 0,     0.06212035018,   -0.001211173563,       0.326005462,                 0,       203.1410778
          0,           0,         382,      -8.569737942,      -8.994625407,       -8.98540345,       -8.01471168,             0.448,    0.001604800633,      0.3260041661,                 0,                 0,                 0,     0.06212041349,   -0.001211190993,      0.3260058661,                 0,       203.1430941
          0,           0,         383,      -8.577428855,      -9.015027792,      -8.998136004,      -8.022952903,             0.448,    0.001604789089,      0.3260045585,                 0,                 0,                 0,     0.06212047301,   -0.001211205927,      0.3260062584,                 0,          203.1448
          0,           0,         384,      -8.584787043,      -9.035001373,      -9.009331263,      -8.030801746,             0.448,    0.001604779873,      0.3260049386,                 0,                 0,                 0,     0.06212052894,   -0.001211218426,      0.3260066384,                 0,       203.1462035
          0,           0,         385,      -8.591779036,      -9.054518698,      -9.018957928,      -8.038213081,             0.448,    0.001604772858,      0.3260053058,                 0,                 0,                 0,      0.0621205815,   -0.001211228612,      0.3260070055,                 0,       203.1473204
          0,           0,         386,      -8.598409884,      -9.073861021,      -9.027276055,      -8.045193588,             0.448,    0.001604767871,      0.3260056597,                 0,                 0,                 0,       0.062120631,   -0.001211236655,      0.3260073593,                 0,       203.1481721
          0,           0,         387,      -8.604715814,      -9.093419908,      -9.034737795,      -8.051789026,             0.448,    0.001604764711,      0.3260060001,                 0,                 0,                 0,     0.06212067784,   -0.001211242755,      0.3260076997,                 0,       203.1487842
          0,           0,         388,      -8.610757766,       -9.11345402,      -9.041803251,      -8.058073684,             0.448,    0.001604763149,      0.3260063272,                 0,                 0,                 0,     0.06212072252,   -0.001211247143,      0.3260080267,                 0,       203.1491859
          0,           0,         389,      -8.616610806,      -9.133954434,      -9.048824062,      -8.064135305,             0.448,    0.001604762933,      0.3260066414,                 0,                 0,                 0,     0.06212076556,   -0.001211250073,       0.326008341,                 0,        203.149409
          0,           0,         390,      -8.622353643,      -9.154647534,      -9.056024699,      -8.070061905,             0.448,    0.001604763797,      0.3260069435,                 0,                 0,                 0,     0.06212080745,   -0.001211251818,       0.326008643,                 0,       203.1494878
          0,           0,         391,      -8.628061768,      -9.175085585,       -9.06352439,      -8.075934561,             0.448,    0.001604765469,      0.3260072341,                 0,                 0,                 0,     0.06212084863,   -0.001211252656,      0.3260089336,                 0,       203.1494573
          0,           0,         392,      -8.633803069,      -9.194772646,      -9.071361393,      -8.081823939,             0.448,    0.001604767681,       0.326007514,                 0,                 0,                 0,     0.06212088945,   -0.001211252862,      0.3260092135,                 0,       203.1493517
          0,           0,         393,      -8.639635211,      -9.213289217,      -9.079516158,      -8.087788709,             0.448,     0.00160477018,       0.326007784,                 0,                 0,                 0,     0.06212093019,   -0.001211252695,      0.3260094836,                 0,       203.1492035
          0,           0,         394,       -8.64560559,      -9.230384977,      -9.087939119,      -8.093876078,             0.448,     0.00160477274,      0.3260080449,                 0,                 0,                 0,       0.062120971,   -0.001211252389,      0.3260097445,                 0,       203.1490421
          0,           0,         395,      -8.651753038,      -9.246014472,      -9.096580505,      -8.100123628,             0.448,    0.001604775166,      0.3260082974,                 0,                 0,                 0,     0.06212101197,   -0.001211252144,       0.326009997,                 0,       203.1488923
          0,           0,         396,      -8.658109149,        -9.2603115,      -9.105411209,      -8.106560785,             0.448,    0.001604777308,      0.3260085422,                 0,                 0,                 0,     0.06212105307,   -0.001211252116,      0.3260102418,                 0,       203.1487737
          0,           0,         397,      -8.664698458,      -9.273527312,      -9.114428071,      -8.113209403,             0.448,    0.001604779058,      0.3260087799,                 0,                 0,                 0,     0.06212109422,    -0.00121125242,      0.3260104795,                 0,       203.1487003
          0,           0,         398,      -8.671538316,      -9.285965782,      -9.123647478,      -8.120084208,             0.448,    0.001604780349,      0.3260090109,                 0,                 0,                 0,     0.06212113525,   -0.001211253125,      0.3260107105,                 0,       203.1486809
          0,           0,         399,      -8.678639379,      -9.297933459,      -9.133095892,      -8.127193822,             0.448,    0.001604781155,      0.3260092356,                 0,                 0,                 0,     0.06212117597,    -0.00121125426,      0.3260109352,                 0,       203.1487188
          0,           0,         400,      -8.686006903,      -9.309704129,      -9.142802353,      -8.134542441,             0.448,    0.001604781487,      0.3260094543,                 0,                 0,                 0,     0.06212121612,   -0.001211255817,      0.3260111539,                 0,       203.1488131
          0,           0,         401,       -8.69364259,      -9.321494484,       -9.15279378,      -8.142131864,             0.448,    0.001604512411,      0.3260096684,                 0,                 0,                 0,     0.06212125547,   -0.001211257759,      0.3260113667,                 0,       203.1830144
          0,           0,         402,      -7.137176487,      -7.108739782,      -6.939535596,      -6.530579023,             0.448,    0.001604511754,      0.3260098542,                 0,                 0,                 0,     0.06212128886,   -0.001211260021,      0.3260115525,                 0,       203.1832135
          0,           0,         403,      -7.434647985,      -7.372263419,      -7.217186621,      -6.824078188,             0.448,    0.001604509265,      0.3260097027,                 0,                 0,                 0,     0.06212123781,     -0.0012112612,      0.3260114009,                 0,       203.1834342
          0,           0,         404,      -7.676283168,      -7.543089432,      -7.641659778,      -7.082774858,             0.448,    0.001604492163,      0.3260085113,                 0,                 0,                 0,     0.06212091348,   -0.001211268012,      0.3260102094,                 0,       203.1848573
          0,           0,         405,      -7.873769671,      -7.683033307,      -7.876049248,      -7.263846147,             0.448,    0.001604463862,      0.3260066036,                 0,                 0,                 0,     0.06212045186,   -0.001211279835,      0.3260083016,                 0,       203.1872523
          0,           0,         406,      -8.032753152,      -7.881287786,      -7.940723237,      -7.434942936,             0.448,    0.001604449719,      0.3260048969,                 0,                 0,                 0,     0.06212014256,   -0.001211279238,      0.3260065948,                 0,       203.1879797
          0,           0,         407,        -8.1264883,      -7.988699097,       -8.06661344,      -7.530215702,             0.448,    0.001604439304,      0.3260039848,                 0,                 0,                 0,      0.0621201043,   -0.001211281775,      0.3260056826,                 0,       203.1887302
          0,           0,         408,      -8.255946305,      -8.082191269,       -8.20020157,      -7.657868669,             0.448,    0.001604432723,       0.326003853,                 0,                 0,                 0,     0.06212027768,   -0.001211287216,      0.3260055508,                 0,       203.1894814
          0,           0,         409,      -8.284856855,      -8.111861795,      -8.266900016,      -7.685236317,             0.448,    0.001604427787,       0.326003958,                 0,                 0,                 0,      0.0621204776,    -0.00121129306,      0.3260056558,                 0,        203.190172
          0,           0,         410,      -8.335058517,      -8.174983435,      -8.310371168,      -7.734301823,             0.448,    0.001604415064,      0.3260038328,                 0,                 0,                 0,      0.0621205882,   -0.001211304701,      0.3260055304,                 0,       203.1917053
          0,           0,         411,      -8.445047409,      -8.303956765,      -8.399755662,      -7.851377505,             0.448,    0.001604403546,      0.3260035193,                 0,                 0,                 0,     0.06212063876,   -0.001211313511,      0.3260052169,                 0,       203.1929686
          0,           0,         412,      -8.515681823,      -8.392812303,      -8.518531112,      -7.931143689,             0.448,    0.001604396966,      0.3260032033,                 0,                 0,                 0,      0.0621206812,   -0.001211317362,      0.3260049008,                 0,        203.193605
          0,           0,         413,      -8.540109573,      -8.430881676,       -8.58237309,      -7.954388376,             0.448,     0.00160439188,      0.3260029348,                 0,                 0,                 0,     0.06212072271,   -0.001211320128,      0.3260046323,                 0,       203.1940817
          0,           0,         414,      -8.590447239,      -8.500820245,      -8.615055038,      -8.005606657,             0.448,    0.001604387836,       0.326002698,                 0,                 0,                 0,     0.06212075818,   -0.001211322127,      0.3260043955,                 0,       203.1944463
          0,           0,         415,      -8.656448577,      -8.597938814,      -8.698548875,      -8.079004763,             0.448,    0.001604386516,      0.3260024912,                 0,                 0,                 0,     0.06212078996,   -0.001211321661,      0.3260041887,                 0,       203.1944846
          0,           0,         416,      -8.698947679,      -8.683824836,       -8.82918206,      -8.128026274,             0.448,    0.001604388095,      0.3260023161,                 0,                 0,                 0,      0.0621208185,   -0.001211318569,      0.3260040136,                 0,       203.1941754
          0,           0,         417,      -8.726237107,       -8.75203622,      -8.916387421,      -8.157106429,             0.448,    0.001604391518,       0.326002158,                 0,                 0,                 0,     0.06212083826,   -0.001211313781,      0.3260038555,                 0,       203.1936434
          0,           0,         418,      -8.751707233,      -8.809958137,      -8.941055697,      -8.182922954,             0.448,    0.001604396089,      0.3260019964,                 0,                 0,                 0,     0.06212084511,   -0.001211307814,      0.3260036939,                 0,       203.1929637
          0,           0,         419,      -8.774504202,      -8.864266196,       -8.97428461,      -8.206730388,             0.448,    0.001604401985,      0.3260018276,                 0,                 0,                 0,     0.06212084094,   -0.001211300461,      0.3260035252,                 0,       203.1921118
          0,           0,         420,      -8.794679901,      -8.921510841,      -9.031273243,      -8.228796707,             0.448,    0.001604409471,      0.3260016609,                 0,                 0,                 0,     0.06212083057,   -0.001211291535,      0.3260033586,                 0,       203.1910599
          0,           0,         421,      -8.813766174,       -8.98401686,      -9.092296436,      -8.250115004,             0.448,    0.001604418337,      0.3260014997,                 0,                 0,                 0,     0.06212081617,   -0.001211281278,      0.3260031975,                 0,       203.1898366
          0,           0,         422,      -8.831105777,      -9.047119236,      -9.142846689,      -8.269359138,             0.448,    0.001604428206,      0.3260013392,                 0,                 0,                 0,     0.06212079728,   -0.001211270022,      0.3260030371,                 0,       203.1884867
          0,           0,         423,      -8.845735096,      -9.104736725,      -9.184962553,      -8.285199254,             0.448,    0.001604438789,      0.3260011765,                 0,                 0,                 0,     0.06212077404,   -0.001211258034,      0.3260028745,                 0,        203.187045
          0,           0,         424,      -8.858276645,      -9.155515807,       -9.22271161,      -8.298471127,             0.448,    0.001604449748,      0.3260010137,                 0,                 0,                 0,      0.0621207479,    -0.00121124567,      0.3260027118,                 0,       203.1855557
          0,           0,         425,      -8.869970832,      -9.200126701,      -9.255016522,      -8.310759364,             0.448,    0.001604460663,      0.3260008529,                 0,                 0,                 0,     0.06212072025,   -0.001211233367,      0.3260025511,                 0,       203.1840733
          0,           0,         426,      -8.881560929,       -9.23846806,      -9.280199896,      -8.322884409,             0.448,    0.001604471198,      0.3260006937,                 0,                 0,                 0,      0.0621206917,   -0.001211221457,      0.3260023919,                 0,         203.18264
          0,           0,         427,      -8.893274125,      -9.270865214,      -9.299012993,       -8.33502183,             0.448,    0.001604481171,      0.3260005345,                 0,                 0,                 0,     0.06212066257,   -0.001211210109,      0.3260022329,                 0,       203.1812778
          0,           0,         428,       -8.90507966,      -9.298259977,      -9.314503527,       -8.34714459,             0.448,    0.001604490473,      0.3260003756,                 0,                 0,                 0,     0.06212063337,   -0.001211199435,       0.326002074,                 0,       203.1800008
          0,           0,         429,      -8.916900087,      -9.321846166,      -9.329865948,      -8.359246909,             0.448,    0.001604498986,      0.3260002182,                 0,                 0,                 0,     0.06212060476,   -0.001211189563,      0.3260019167,                 0,       203.1788247
          0,           0,         430,      -8.928711236,      -9.343252982,      -9.346270843,      -8.371388932,             0.448,    0.001604506597,      0.3260000636,                 0,                 0,                 0,     0.06212057724,   -0.001211180617,      0.3260017622,                 0,       203.1777646
          0,           0,         431,      -8.940471732,      -9.363920245,      -9.363060376,      -8.383565361,             0.448,    0.001604513226,      0.3259999122,                 0,                 0,                 0,     0.06212055105,   -0.001211172681,      0.3260016109,                 0,       203.1768308
          0,           0,         432,      -8.952062022,      -9.384390355,      -9.379192052,      -8.395629446,             0.448,    0.001604518836,      0.3259997642,                 0,                 0,                 0,     0.06212052619,   -0.001211165793,      0.3260014629,                 0,       203.1760282
          0,           0,         433,      -8.963333229,      -9.404544767,      -9.393972115,      -8.407381495,             0.448,    0.001604523422,      0.3259996196,                 0,                 0,                 0,     0.06212050264,   -0.001211159958,      0.3260013184,                 0,       203.1753573
          0,           0,         434,      -8.974169363,      -9.424183871,      -9.407044107,      -8.418668722,             0.448,    0.001604527011,      0.3259994786,                 0,                 0,                 0,     0.06212048033,   -0.001211155152,      0.3260011774,                 0,        203.174815
          0,           0,         435,      -8.984500367,      -9.443344919,      -9.418338859,      -8.429404109,             0.448,    0.001604529657,      0.3259993416,                 0,                 0,                 0,     0.06212045921,   -0.001211151323,      0.3260010405,                 0,       203.1743946
          0,           0,         436,      -8.994294976,      -9.462336577,      -9.428101854,      -8.439552291,             0.448,    0.001604531432,      0.3259992089,                 0,                 0,                 0,     0.06212043917,   -0.001211148401,      0.3260009077,                 0,       203.1740871
          0,           0,         437,      -9.003559051,      -9.481579587,      -9.436800095,      -8.449123924,             0.448,    0.001604532422,      0.3259990805,                 0,                 0,                 0,     0.06212042008,   -0.001211146302,      0.3260007794,                 0,       203.1738817
          0,           0,         438,      -9.012333603,      -9.501382923,      -9.444930236,      -8.458170629,             0.448,    0.001604532725,      0.3259989565,                 0,                 0,                 0,     0.06212040175,   -0.001211144929,      0.3260006554,                 0,       203.1737661
          0,           0,         439,      -9.020685539,      -9.521801012,      -9.452887457,      -8.466771224,             0.448,    0.001604532446,      0.3259988368,                 0,                 0,                 0,     0.06212038398,   -0.001211144173,      0.3260005357,                 0,       203.1737268
          0,           0,         440,      -9.028695869,      -9.542616626,       -9.46093756,      -8.475016318,             0.448,    0.001604531699,      0.3259987212,                 0,                 0,                 0,     0.06212036658,   -0.001211143921,        0.32600042,                 0,       203.1737493
          0,           0,         441,      -9.036450411,       -9.56341226,      -9.469234389,      -8.482997659,             0.448,      0.0016045306,      0.3259986093,                 0,                 0,                 0,     0.06212034937,   -0.001211144054,      0.3260003082,                 0,       203.1738187
          0,           0,         442,      -9.044032568,      -9.583682039,      -9.477841047,      -8.490801175,             0.448,    0.001604529264,       0.325998501,                 0,                 0,                 0,     0.06212033221,   -0.001211144455,      0.3260001998,                 0,       203.1739204
          0,           0,         443,       -9.05151769,      -9.602952676,      -9.486750964,      -8.498502105,             0.448,    0.001604527799,      0.3259983959,                 0,                 0,                 0,     0.06212031501,   -0.001211145012,      0.3260000948,                 0,       203.1740404
          0,           0,         444,      -9.058970711,      -9.620885636,      -9.495916445,      -8.506163206,             0.448,    0.001604526304,      0.3259982939,                 0,                 0,                 0,     0.06212029769,   -0.001211145626,      0.3259999927,                 0,       203.1741661
          0,           0,         445,       -9.06644662,      -9.637336259,      -9.505282386,      -8.513835517,             0.448,    0.001604524865,      0.3259981945,                 0,                 0,                 0,     0.06212028022,   -0.001211146207,      0.3259998934,                 0,       203.1742864
          0,           0,         446,      -9.073991283,      -9.652355139,      -9.514812456,      -8.521559585,             0.448,    0.001604523549,      0.3259980977,                 0,                 0,                 0,     0.06212026263,   -0.001211146686,      0.3259997965,                 0,       203.1743927
          0,           0,         447,      -9.081641311,      -9.666143747,      -9.524498053,       -8.52936606,             0.448,    0.001604522407,      0.3259980031,                 0,                 0,                 0,     0.06212024494,   -0.001211147012,      0.3259997019,                 0,       203.1744784
          0,           0,         448,      -9.089423744,      -9.678992205,      -9.534352745,      -8.537276245,             0.448,    0.001604521469,      0.3259979107,                 0,                 0,                 0,     0.06212022723,   -0.001211147151,      0.3259996095,                 0,       203.1745395
          0,           0,         449,      -9.097356614,      -9.691220983,      -9.544401873,      -8.545303444,             0.448,    0.001604520751,      0.3259978202,                 0,                 0,                 0,     0.06212020958,   -0.001211147088,       0.325999519,                 0,       203.1745741
          0,           0,         450,      -9.105450716,      -9.703132953,       -9.55467391,      -8.553455295,             0.448,    0.001604520251,      0.3259977317,                 0,                 0,                 0,     0.06212019211,   -0.001211146823,      0.3259994305,                 0,       203.1745822
          0,           0,         451,      -9.113712133,      -9.714979377,      -9.565194875,      -8.561736615,             0.448,    0.001604584485,      0.3259976448,                 0,                 0,                 0,     0.06212017492,   -0.001211146371,      0.3259993439,                 0,       203.1663947
          0,           0,         452,      -7.756774545,      -7.728840576,      -7.559435378,      -7.150279656,             0.448,    0.001604584458,      0.3259975667,                 0,                 0,                 0,     0.06212015969,   -0.001211145723,      0.3259992658,                 0,       203.1663494
          0,           0,         453,      -8.053946016,       -7.99180745,      -7.837118704,      -7.443472475,             0.448,     0.00160458492,      0.3259975695,                 0,                 0,                 0,     0.06212016472,   -0.001211145286,      0.3259992686,                 0,       203.1662927
          0,           0,         454,      -8.293722044,      -8.162887191,      -8.261585876,      -7.700524126,             0.448,    0.001604588939,      0.3259978226,                 0,                 0,                 0,     0.06212023558,   -0.001211143453,      0.3259995217,                 0,       203.1659415
          0,           0,         455,      -8.487970679,      -8.302768215,      -8.494788911,      -7.879305331,             0.448,     0.00160459568,      0.3259982494,                 0,                 0,                 0,     0.06212033985,   -0.001211140399,      0.3259999485,                 0,        203.165354
          0,           0,         456,      -8.640907451,      -8.501103404,      -8.558655719,       -8.04518419,             0.448,    0.001604599033,      0.3259986276,                 0,                 0,                 0,     0.06212040754,   -0.001211140313,      0.3260003268,                 0,       203.1651652
          0,           0,         457,      -8.729328741,      -8.608334447,      -8.684377333,      -8.135931505,             0.448,    0.001604601487,      0.3259988141,                 0,                 0,                 0,     0.06212041036,    -0.00121113947,      0.3260005134,                 0,       203.1649707
          0,           0,         458,      -8.848074134,      -8.701653531,      -8.818203724,      -8.254782886,             0.448,    0.001604603039,      0.3259988151,                 0,                 0,                 0,     0.06212036314,   -0.001211137927,      0.3260005144,                 0,       203.1647749
          0,           0,         459,      -8.875530976,      -8.731082305,      -8.885755498,      -8.281109707,             0.448,    0.001604604211,      0.3259987601,                 0,                 0,                 0,     0.06212030988,   -0.001211136279,      0.3260004593,                 0,       203.1645921
          0,           0,         460,      -8.920796452,      -8.793676616,      -8.929055625,       -8.32612595,             0.448,    0.001604607192,      0.3259987593,                 0,                 0,                 0,     0.06212027792,   -0.001211133291,      0.3260004586,                 0,       203.1642142
          0,           0,         461,      -9.014200939,      -8.921719188,      -9.016799845,      -8.427947852,             0.448,    0.001604609889,      0.3259988046,                 0,                 0,                 0,     0.06212026057,   -0.001211130986,      0.3260005039,                 0,        203.163901
          0,           0,         462,      -9.072307465,      -9.010000291,      -9.133974177,      -8.494828029,             0.448,    0.001604611397,      0.3259988527,                 0,                 0,                 0,      0.0621202457,   -0.001211129893,       0.326000552,                 0,         203.16374
          0,           0,         463,      -9.094419408,       -9.04757035,      -9.196773581,      -8.516212376,             0.448,    0.001604612548,      0.3259988908,                 0,                 0,                 0,      0.0621202313,   -0.001211129071,      0.3260005901,                 0,        203.163618
          0,           0,         464,      -9.134558134,       -9.11619175,      -9.227709774,      -8.557754357,             0.448,     0.00160461347,      0.3259989218,                 0,                 0,                 0,     0.06212021851,   -0.001211128417,      0.3260006211,                 0,       203.1635206
          0,           0,         465,      -9.184475417,      -9.212570572,      -9.307612021,      -8.614162731,             0.448,    0.001604613746,      0.3259989462,                 0,                 0,                 0,     0.06212020679,   -0.001211128352,      0.3260006455,                 0,       203.1635009
          0,           0,         466,      -9.218567485,      -9.299785502,      -9.431873402,      -8.653423846,             0.448,    0.001604613327,      0.3259989637,                 0,                 0,                 0,     0.06212019594,   -0.001211128922,       0.326000663,                 0,       203.1635648
          0,           0,         467,      -9.242608196,      -9.368685968,      -9.514508337,      -8.679044358,             0.448,    0.001604612476,      0.3259989777,                 0,                 0,                 0,     0.06212018722,   -0.001211129894,       0.326000677,                 0,       203.1636814
          0,           0,         468,      -9.265023824,      -9.424994643,      -9.539821172,      -8.701805521,             0.448,    0.001604611359,      0.3259989928,                 0,                 0,                 0,     0.06212018162,   -0.001211131142,      0.3260006921,                 0,       203.1638322
          0,           0,         469,      -9.286347119,      -9.478000402,      -9.572689147,       -8.72370275,             0.448,    0.001604609949,      0.3259990103,                 0,                 0,                 0,     0.06212017877,   -0.001211132702,      0.3260007096,                 0,       203.1640215
          0,           0,         470,      -9.306844178,      -9.535574012,      -9.626825981,      -8.745275144,             0.448,     0.00160460819,      0.3259990283,                 0,                 0,                 0,     0.06212017766,   -0.001211134616,      0.3260007276,                 0,       203.1642555
          0,           0,         471,      -9.327000683,      -9.598923539,      -9.684469927,      -8.766715854,             0.448,    0.001604606123,      0.3259990459,                 0,                 0,                 0,     0.06212017772,   -0.001211136835,      0.3260007451,                 0,       203.1645282
          0,           0,         472,      -9.346285668,      -9.663028641,      -9.732709427,      -8.787056223,             0.448,    0.001604603834,      0.3259990639,                 0,                 0,                 0,     0.06212017901,    -0.00121113928,      0.3260007631,                 0,       203.1648292
          0,           0,         473,      -9.364189132,      -9.721984012,      -9.773239211,       -8.80554513,             0.448,    0.001604601391,      0.3259990832,                 0,                 0,                 0,     0.06212018154,   -0.001211141889,      0.3260007824,                 0,       203.1651505
          0,           0,         474,      -9.381092611,       -9.77399451,      -9.809920878,      -8.822687555,             0.448,    0.001604598869,      0.3259991033,                 0,                 0,                 0,     0.06212018501,   -0.001211144586,      0.3260008025,                 0,       203.1654824
          0,           0,         475,      -9.397742896,      -9.819455822,      -9.842225293,      -8.839452945,             0.448,    0.001604596361,      0.3259991239,                 0,                 0,                 0,     0.06212018909,   -0.001211147271,       0.326000823,                 0,       203.1658128
          0,           0,         476,      -9.414600722,      -9.858494172,      -9.868884111,      -8.856371022,             0.448,    0.001604593948,      0.3259991448,                 0,                 0,                 0,      0.0621201936,   -0.001211149865,       0.326000844,                 0,       203.1661314
          0,           0,         477,      -9.431803021,      -9.891703619,      -9.890496707,      -8.873558835,             0.448,    0.001604591677,      0.3259991666,                 0,                 0,                 0,     0.06212019847,   -0.001211152323,      0.3260008657,                 0,       203.1664325
          0,           0,         478,      -9.449329459,      -9.920080974,       -9.90945538,      -8.891002762,             0.448,    0.001604589572,      0.3259991891,                 0,                 0,                 0,      0.0621202036,   -0.001211154622,      0.3260008882,                 0,        203.166713
          0,           0,         479,      -9.467131404,      -9.944529131,      -9.928376997,      -8.908702594,             0.448,     0.00160458766,      0.3259992121,                 0,                 0,                 0,     0.06212020881,   -0.001211156733,      0.3260009112,                 0,       203.1669694
          0,           0,         480,      -9.485192656,      -9.966181647,      -9.948339978,      -8.926700494,             0.448,    0.001604585965,      0.3259992353,                 0,                 0,                 0,     0.06212021397,   -0.001211158629,      0.3260009344,                 0,       203.1671985
          0,           0,         481,      -9.503484082,      -9.986154311,      -9.968844103,      -8.944997174,             0.448,    0.001604584507,      0.3259992586,                 0,                 0,                 0,     0.06212021901,   -0.001211160287,      0.3260009576,                 0,       203.1673976
          0,           0,         482,      -9.521913743,      -10.00501175,      -9.988933072,      -8.963489343,             0.448,    0.001604583296,      0.3259992818,                 0,                 0,                 0,     0.06212022391,     -0.0012111617,      0.3260009809,                 0,       203.1675655
          0,           0,         483,      -9.540350559,      -10.02290999,      -10.00789421,      -8.982015847,             0.448,    0.001604582331,      0.3259993051,                 0,                 0,                 0,     0.06212022866,   -0.001211162865,      0.3260010041,                 0,       203.1677021
          0,           0,         484,       -9.55866605,      -10.03997867,       -10.0253215,      -9.000423902,             0.448,     0.00160458161,      0.3259993283,                 0,                 0,                 0,     0.06212023325,   -0.001211163787,      0.3260010273,                 0,       203.1678079
          0,           0,         485,       -9.57674556,      -10.05647308,       -10.0410716,      -9.018585754,             0.448,     0.00160458112,      0.3259993513,                 0,                 0,                 0,     0.06212023769,   -0.001211164476,      0.3260010503,                 0,       203.1678843
          0,           0,         486,      -9.594486978,      -10.07277563,      -10.05528094,      -9.036394245,             0.448,    0.001604580845,       0.325999374,                 0,                 0,                 0,     0.06212024199,   -0.001211164947,       0.326001073,                 0,       203.1679333
          0,           0,         487,      -9.611808182,      -10.08931888,      -10.06830642,      -9.053769351,             0.448,    0.001604580765,      0.3259993963,                 0,                 0,                 0,     0.06212024615,   -0.001211165219,      0.3260010954,                 0,       203.1679572
          0,           0,         488,      -9.628656811,      -10.10645211,      -10.08057209,      -9.070667836,             0.448,     0.00160458086,      0.3259994183,                 0,                 0,                 0,     0.06212025022,   -0.001211165315,      0.3260011173,                 0,        203.167959
          0,           0,         489,      -9.645011942,      -10.12433366,      -10.09244719,        -9.0870824,             0.448,    0.001604581103,      0.3259994399,                 0,                 0,                 0,     0.06212025422,   -0.001211165258,      0.3260011389,                 0,       203.1679417
          0,           0,         490,      -9.660879295,      -10.14289994,      -10.10420922,      -9.103033114,             0.448,    0.001604581467,      0.3259994611,                 0,                 0,                 0,     0.06212025819,   -0.001211165076,      0.3260011601,                 0,       203.1679087
          0,           0,         491,      -9.676285263,       -10.1619018,       -10.1160474,      -9.118558518,             0.448,    0.001604581926,      0.3259994819,                 0,                 0,                 0,     0.06212026217,   -0.001211164797,      0.3260011809,                 0,       203.1678636
          0,           0,         492,      -9.691270241,      -10.18097304,      -10.12806916,      -9.133707377,             0.448,    0.001604582451,      0.3259995024,                 0,                 0,                 0,     0.06212026619,    -0.00121116445,      0.3260012014,                 0,       203.1678099
          0,           0,         493,      -9.705880632,      -10.19971252,      -10.14030747,      -9.148529842,             0.448,    0.001604583015,      0.3259995226,                 0,                 0,                 0,     0.06212027026,    -0.00121116406,      0.3260012216,                 0,       203.1677511
          0,           0,         494,      -9.720162426,      -10.21776092,      -10.15273962,       -9.16307054,             0.448,    0.001604583592,      0.3259995426,                 0,                 0,                 0,     0.06212027441,   -0.001211163655,      0.3260012416,                 0,       203.1676904
          0,           0,         495,        -9.7341578,      -10.23486865,      -10.16531892,      -9.177365103,             0.448,    0.001604584161,      0.3259995623,                 0,                 0,                 0,     0.06212027863,   -0.001211163257,      0.3260012613,                 0,       203.1676308
          0,           0,         496,       -9.74790341,      -10.25093259,      -10.17800673,      -9.191438997,             0.448,    0.001604584701,      0.3259995819,                 0,                 0,                 0,     0.06212028293,   -0.001211162886,      0.3260012809,                 0,       203.1675745
          0,           0,         497,      -9.761428146,      -10.26599896,      -10.19078924,      -9.205306626,             0.448,    0.001604585199,      0.3259996013,                 0,                 0,                 0,     0.06212028729,   -0.001211162555,      0.3260013003,                 0,       203.1675236
          0,           0,         498,      -9.774751053,      -10.28023234,      -10.20367609,      -9.218970999,             0.448,    0.001604585644,      0.3259996206,                 0,                 0,                 0,      0.0621202917,   -0.001211162278,      0.3260013196,                 0,       203.1674793
          0,           0,         499,      -9.787880595,       -10.2938684,      -10.21669032,      -9.232424723,             0.448,    0.001604586028,      0.3259996397,                 0,                 0,                 0,     0.06212029613,   -0.001211162059,      0.3260013388,                 0,       203.1674426
          0,           0,         500,      -9.800816276,      -10.30716335,      -10.22985736,      -9.245653102,             0.448,    0.001604586351,      0.3259996587,                 0,                 0,                 0,     0.06212030056,     -0.0012111619,      0.3260013578,                 0,       203.1674136
          0,           0,         501,      -9.813552295,      -10.32035216,      -10.24319767,      -9.258639019,             0.448,    0.001604586614,      0.3259996776,                 0,                 0,                 0,     0.06212030495,   -0.001211161801,      0.3260013767,                 0,       203.1673921
          0,           0,         502,      -9.826082157,      -10.33362499,       -10.2567216,      -9.271368509,             0.448,    0.001604586821,      0.3259996964,                 0,                 0,                 0,     0.06212030929,   -0.001211161755,      0.3260013954,                 0,       203.1673775
          0,           0,         503,      -9.838403427,      -10.34711951,      -10.27042814,      -9.283836217,             0.448,     0.00160458698,       0.325999715,                 0,                 0,                 0,     0.06212031353,   -0.001211161756,       0.326001414,                 0,       203.1673689
          0,           0,         504,      -9.850521508,      -10.36092698,      -10.28430726,      -9.296049486,             0.448,      0.0016045871,      0.3259997333,                 0,                 0,                 0,     0.06212031766,   -0.001211161796,      0.3260014324,                 0,       203.1673652
          0,           0,         505,      -9.862451718,      -10.37510447,      -10.29834325,      -9.308030167,             0.448,    0.001604587189,      0.3259997514,                 0,                 0,                 0,     0.06212032166,   -0.001211161863,      0.3260014505,                 0,       203.1673653
          0,           0,         506,      -9.874219256,      -10.38968681,      -10.31251899,      -9.319813692,             0.448,    0.001604587256,      0.3259997693,                 0,                 0,                 0,      0.0621203255,    -0.00121116195,      0.3260014684,                 0,       203.1673679
          0,           0,         507,      -9.885857157,      -10.40469489,      -10.32681783,      -9.331445544,             0.448,     0.00160458731,      0.3259997869,                 0,                 0,                 0,     0.06212032918,   -0.001211162048,       0.326001486,                 0,       203.1673719
          0,           0,         508,      -9.897402556,      -10.42013951,      -10.34122338,      -9.342975674,             0.448,    0.001604587359,      0.3259998042,                 0,                 0,                 0,     0.06212033269,   -0.001211162148,      0.3260015032,                 0,       203.1673766
          0,           0,         509,      -9.908892422,      -10.43601839,       -10.3557195,      -9.354452433,             0.448,    0.001604587407,      0.3259998211,                 0,                 0,                 0,     0.06212033603,   -0.001211162246,      0.3260015201,                 0,        203.167381
          0,           0,         510,      -9.920359207,      -10.45231501,      -10.37028912,      -9.365916772,             0.448,    0.001604587459,      0.3259998376,                 0,                 0,                 0,      0.0621203392,   -0.001211162337,      0.3260015366,                 0,       203.1673848
          0,           0,         511,      -9.931827548,      -10.46899215,      -10.38491297,      -9.377397923,             0.448,    0.001604587517,      0.3259998537,                 0,                 0,                 0,      0.0621203422,   -0.001211162419,      0.3260015528,                 0,       203.1673875
          0,           0,         512,      -9.943312221,      -10.48599021,      -10.39956777,      -9.388911155,             0.448,    0.001604587582,      0.3259998694,                 0,                 0,                 0,     0.06212034504,   -0.001211162489,      0.3260015685,                 0,        203.167389
          0,           0,         513,      -9.954817899,      -10.50322531,      -10.41422432,      -9.400457827,             0.448,    0.001604587653,      0.3259998847,                 0,                 0,                 0,     0.06212034773,    -0.00121116255,      0.3260015838,                 0,       203.1673895
          0,           0,         514,      -9.966340562,      -10.52059137,      -10.42884633,      -9.412027785,             0.448,    0.001604587729,      0.3259998995,                 0,                 0,                 0,     0.06212035029,   -0.001211162602,      0.3260015986,                 0,       203.1673891
          0,           0,         515,      -9.977870161,      -10.53796611,      -10.44339095,      -9.423603388,             0.448,    0.001604587807,      0.3259999139,                 0,                 0,                 0,     0.06212035271,   -0.001211162648,      0.3260016129,                 0,       203.1673882
          0,           0,         516,       -9.98939418,      -10.55521924,      -10.45781144,      -9.435164488,             0.448,    0.001604587884,      0.3259999278,                 0,                 0,                 0,     0.06212035501,   -0.001211162691,      0.3260016269,                 0,       203.1673872
          0,           0,         517,      -10.00090132,      -10.57222288,      -10.47206152,      -9.446693485,             0.448,    0.001604587956,      0.3259999412,                 0,                 0,                 0,      0.0621203572,   -0.001211162735,      0.3260016403,                 0,       203.1673864
          0,           0,         518,      -10.01238489,      -10.58886072,      -10.48609893,      -9.458179749,             0.448,     0.00160458802,      0.3259999542,                 0,                 0,                 0,     0.06212035928,   -0.001211162783,      0.3260016533,                 0,       203.1673863
          0,           0,         519,      -10.02384529,      -10.60503259,      -10.49988994,      -9.469622569,             0.448,    0.001604588073,      0.3259999668,                 0,                 0,                 0,     0.06212036127,   -0.001211162838,      0.3260016658,                 0,       203.1673874
          0,           0,         520,       -10.0352911,      -10.62066094,      -10.51341002,      -9.481032374,             0.448,    0.001604588113,      0.3259999788,                 0,                 0,                 0,     0.06212036315,   -0.001211162903,      0.3260016779,                 0,         203.16739
          0,           0,         521,      -10.04673895,      -10.63568832,      -10.52664592,      -9.492430077,             0.448,    0.001604588136,      0.3259999905,                 0,                 0,                 0,     0.06212036494,    -0.00121116298,      0.3260016895,                 0,       203.1673943
          0,           0,         522,      -10.05821186,      -10.65007604,      -10.53959378,      -9.503844544,             0.448,    0.001604588142,      0.3260000016,                 0,                 0,                 0,     0.06212036664,   -0.001211163071,      0.3260017007,                 0,       203.1674005
          0,           0,         523,      -10.06973674,      -10.66380433,      -10.55225945,       -9.51530899,             0.448,    0.001604588129,      0.3260000124,                 0,                 0,                 0,     0.06212036824,   -0.001211163176,      0.3260017114,                 0,       203.1674088
          0,           0,         524,      -10.08134112,       -10.6768685,      -10.56465717,      -9.526856739,             0.448,    0.001604588099,      0.3260000227,                 0,                 0,                 0,     0.06212036975,   -0.001211163296,      0.3260017217,                 0,       203.1674191
          0,           0,         525,      -10.09305012,      -10.68927941,      -10.57680777,      -9.538517142,             0.448,     0.00160458805,      0.3260000326,                 0,                 0,                 0,     0.06212037116,    -0.00121116343,      0.3260017316,                 0,       203.1674314
          0,           0,         526,      -10.10488365,       -10.7010583,      -10.58873781,      -9.550312414,             0.448,    0.001604587985,       0.326000042,                 0,                 0,                 0,     0.06212037247,   -0.001211163576,       0.326001741,                 0,       203.1674455
          0,           0,         527,      -10.11685448,      -10.71223949,      -10.60047744,      -9.562255509,             0.448,    0.001604587905,       0.326000051,                 0,                 0,                 0,     0.06212037368,   -0.001211163734,        0.32600175,                 0,       203.1674612
          0,           0,         528,      -10.12896754,      -10.72286775,      -10.61206003,      -9.574349585,             0.448,    0.001604587812,      0.3260000596,                 0,                 0,                 0,     0.06212037479,   -0.001211163901,      0.3260017586,                 0,       203.1674784
          0,           0,         529,      -10.14121995,      -10.73299928,       -10.6235197,      -9.586588638,             0.448,    0.001604587708,      0.3260000677,                 0,                 0,                 0,      0.0621203758,   -0.001211164076,      0.3260017667,                 0,       203.1674966
          0,           0,         530,      -10.15360231,      -10.74270107,      -10.63489097,       -9.59895945,             0.448,    0.001604587594,      0.3260000754,                 0,                 0,                 0,     0.06212037671,   -0.001211164256,      0.3260017745,                 0,       203.1675158
          0,           0,         531,      -10.16610043,      -10.75204866,      -10.64620786,      -9.611444031,             0.448,    0.001604587474,      0.3260000827,                 0,                 0,                 0,     0.06212037752,   -0.001211164439,      0.3260017818,                 0,       203.1675356
          0,           0,         532,      -10.17869747,      -10.76112938,      -10.65750239,      -9.624022432,             0.448,    0.001604587349,      0.3260000896,                 0,                 0,                 0,     0.06212037825,   -0.001211164623,      0.3260017886,                 0,       203.1675557
          0,           0,         533,      -10.19137615,      -10.77003423,      -10.66880411,      -9.636675451,             0.448,    0.001604587221,      0.3260000961,                 0,                 0,                 0,     0.06212037888,   -0.001211164807,      0.3260017951,                 0,       203.1675759
          0,           0,         534,      -10.20412068,      -10.77885734,      -10.68013884,       -9.64938674,             0.448,    0.001604587092,      0.3260001022,                 0,                 0,                 0,     0.06212037943,   -0.001211164989,      0.3260018012,                 0,        203.167596
          0,           0,         535,      -10.21691809,      -10.78769418,      -10.69152846,      -9.662144222,             0.448,    0.001604586964,      0.3260001079,                 0,                 0,                 0,      0.0621203799,   -0.001211165167,      0.3260018069,                 0,       203.1676159
          0,           0,         536,      -10.22975908,      -10.79663455,      -10.70299077,      -9.674940695,             0.448,    0.001604586836,      0.3260001132,                 0,                 0,                 0,      0.0621203803,    -0.00121116534,      0.3260018122,                 0,       203.1676353
          0,           0,         537,      -10.24263806,      -10.80576562,      -10.71453967,      -9.687773511,             0.448,    0.001604586711,      0.3260001182,                 0,                 0,                 0,     0.06212038064,   -0.001211165508,      0.3260018172,                 0,       203.1676543
          0,           0,         538,      -10.25555293,      -10.81516241,      -10.72618628,      -9.700643936,             0.448,    0.001604586589,      0.3260001228,                 0,                 0,                 0,     0.06212038092,   -0.001211165671,      0.3260018219,                 0,       203.1676727
          0,           0,         539,      -10.26850415,      -10.82489488,      -10.73793923,      -9.713555675,             0.448,     0.00160458647,      0.3260001271,                 0,                 0,                 0,     0.06212038115,   -0.001211165827,      0.3260018262,                 0,       203.1676904
          0,           0,         540,      -10.28149387,      -10.83502225,      -10.74980637,      -9.726513731,             0.448,    0.001604586355,      0.3260001311,                 0,                 0,                 0,     0.06212038133,   -0.001211165976,      0.3260018302,                 0,       203.1677075
          0,           0,         541,      -10.29452495,      -10.84559442,      -10.76179519,      -9.739523054,             0.448,    0.001604586243,      0.3260001348,                 0,                 0,                 0,     0.06212038148,    -0.00121116612,      0.3260018339,                 0,       203.1677239
          0,           0,         542,      -10.30760012,      -10.85665375,      -10.77391386,      -9.752587574,             0.448,    0.001604586136,      0.3260001382,                 0,                 0,                 0,     0.06212038159,   -0.001211166257,      0.3260018373,                 0,       203.1677396
          0,           0,         543,      -10.32072147,      -10.86823399,      -10.78617143,      -9.765709689,             0.448,    0.001604586032,      0.3260001414,                 0,                 0,                 0,     0.06212038167,   -0.001211166388,      0.3260018404,                 0,       203.1677548
          0,           0,         544,      -10.33389029,      -10.88035978,       -10.7985781,      -9.778890186,             0.448,    0.001604585931,      0.3260001443,                 0,                 0,                 0,     0.06212038173,   -0.001211166514,      0.3260018433,                 0,       203.1677693
          0,           0,         545,      -10.34710694,      -10.89305095,       -10.8111453,      -9.792128321,             0.448,    0.001604585834,       0.326000147,                 0,                 0,                 0,     0.06212038177,   -0.001211166634,       0.326001846,                 0,       203.1677833
          0,           0,         546,      -10.36037119,      -10.90632093,      -10.82388537,      -9.805422389,             0.448,    0.001604585739,      0.3260001494,                 0,                 0,                 0,      0.0621203818,    -0.00121116675,      0.3260018484,                 0,       203.1677968
          0,           0,         547,       -10.3736827,      -10.92017436,      -10.83681149,      -9.818770426,             0.448,    0.001604585648,      0.3260001516,                 0,                 0,                 0,     0.06212038181,    -0.00121116686,      0.3260018507,                 0,       203.1678097
          0,           0,         548,      -10.38704119,      -10.93461383,      -10.84993724,      -9.832170534,             0.448,     0.00160458556,      0.3260001537,                 0,                 0,                 0,     0.06212038181,   -0.001211166966,      0.3260018527,                 0,       203.1678222
          0,           0,         549,      -10.40044708,      -10.94963463,      -10.86327621,      -9.845621715,             0.448,    0.001604585474,      0.3260001555,                 0,                 0,                 0,      0.0621203818,   -0.001211167068,      0.3260018546,                 0,       203.1678342
          0,           0,         550,      -10.41390153,      -10.96522904,      -10.87684213,      -9.859123949,             0.448,    0.001604585391,      0.3260001572,                 0,                 0,                 0,     0.06212038177,   -0.001211167166,      0.3260018563,                 0,       203.1678458
          0,           0,         551,      -10.42740676,      -10.98138216,      -10.89064845,       -9.87267852,             0.448,    0.001604585311,      0.3260001588,                 0,                 0,                 0,     0.06212038174,   -0.001211167259,      0.3260018578,                 0,       203.1678569
          0,           0,         552,      -10.44096582,      -10.99807716,      -10.90470816,      -9.886287709,             0.448,    0.001604585233,      0.3260001601,                 0,                 0,                 0,      0.0621203817,   -0.001211167348,      0.3260018592,                 0,       203.1678675
          0,           0,         553,      -10.45458272,      -11.01529301,      -10.91903362,      -9.899954875,             0.448,    0.001604585159,      0.3260001614,                 0,                 0,                 0,     0.06212038165,   -0.001211167433,      0.3260018604,                 0,       203.1678777
          0,           0,         554,      -10.46826212,      -11.03300415,      -10.93363644,      -9.913683997,             0.448,    0.001604585088,      0.3260001625,                 0,                 0,                 0,      0.0621203816,   -0.001211167514,      0.3260018615,                 0,       203.1678874
          0,           0,         555,      -10.48200916,      -11.05118234,      -10.94852694,      -9.927479437,             0.448,    0.001604585019,      0.3260001634,                 0,                 0,                 0,     0.06212038153,   -0.001211167591,      0.3260018625,                 0,       203.1678967
          0,           0,         556,      -10.49582938,      -11.06979582,      -10.96371397,      -9.941345807,             0.448,    0.001604584954,      0.3260001643,                 0,                 0,                 0,     0.06212038146,   -0.001211167663,      0.3260018633,                 0,       203.1679054
          0,           0,         557,      -10.50972851,      -11.08881109,      -10.97920472,      -9.955287672,             0.448,    0.001604584893,      0.3260001651,                 0,                 0,                 0,     0.06212038138,   -0.001211167731,      0.3260018641,                 0,       203.1679137
          0,           0,         558,      -10.52371265,      -11.10818996,      -10.99500402,      -9.969309829,             0.448,    0.001604584835,      0.3260001657,                 0,                 0,                 0,     0.06212038129,   -0.001211167795,      0.3260018647,                 0,       203.1679214
          0,           0,         559,      -10.53778814,      -11.12789515,      -11.01111428,      -9.983417134,             0.448,    0.001604584781,      0.3260001662,                 0,                 0,                 0,     0.06212038119,   -0.001211167854,      0.3260018653,                 0,       203.1679287
          0,           0,         560,      -10.55196197,      -11.14788692,      -11.02753516,      -9.997615019,             0.448,     0.00160458473,      0.3260001667,                 0,                 0,                 0,     0.06212038109,   -0.001211167909,      0.3260018657,                 0,       203.1679354
          0,           0,         561,      -10.56624169,      -11.16812696,      -11.04426368,      -10.01190956,             0.448,    0.001604584683,      0.3260001671,                 0,                 0,                 0,     0.06212038098,   -0.001211167959,      0.3260018661,                 0,       203.1679416
          0,           0,         562,      -10.58063586,      -11.18857443,      -11.06129393,      -10.02630787,             0.448,    0.001604584639,      0.3260001674,                 0,                 0,                 0,     0.06212038086,   -0.001211168005,      0.3260018664,                 0,       203.1679473
          0,           0,         563,      -10.59515406,      -11.20919199,      -11.07861794,      -10.04081833,             0.448,    0.001604584599,      0.3260001676,                 0,                 0,                 0,     0.06212038075,   -0.001211168047,      0.3260018666,                 0,       203.1679525
          0,           0,         564,      -10.60980703,      -11.22994083,      -11.09622535,      -10.05545067,             0.448,    0.001604584562,      0.3260001678,                 0,                 0,                 0,     0.06212038063,   -0.001211168085,      0.3260018668,                 0,       203.1679573
          0,           0,         565,       -10.6246067,       -11.2507846,      -11.11410469,      -10.07021605,             0.448,    0.001604584529,      0.3260001679,                 0,                 0,                 0,      0.0621203805,    -0.00121116812,      0.3260018669,                 0,       203.1679616
          0,           0,         566,      -10.63956621,      -11.27168998,      -11.13224371,      -10.08512718,             0.448,    0.001604584498,      0.3260001679,                 0,                 0,                 0,     0.06212038038,   -0.001211168151,      0.3260018669,                 0,       203.1679655
          0,           0,         567,       -10.6546996,        -11.292622,      -11.15063001,       -10.1001979,             0.448,    0.001604584471,      0.3260001679,                 0,                 0,                 0,     0.06212038026,   -0.001211168178,      0.3260018669,                 0,       203.1679689
          0,           0,         568,      -10.67002181,      -11.31354727,       -11.1692518,      -10.11544314,             0.448,    0.001604584446,      0.3260001679,                 0,                 0,                 0,     0.06212038013,   -0.001211168203,      0.3260018669,                 0,       203.1679721
          0,           0,         569,      -10.68554828,      -11.33443574,      -11.18809865,      -10.13087862,             0.448,    0.001604584423,      0.3260001678,                 0,                 0,                 0,     0.06212038001,   -0.001211168224,      0.3260018668,                 0,       203.1679749
          0,           0,         570,       -10.7012948,      -11.35525272,      -11.20716168,      -10.14652045,             0.448,    0.001604584403,      0.3260001677,                 0,                 0,                 0,     0.06212037989,   -0.001211168244,      0.3260018667,                 0,       203.1679774
          0,           0,         571,      -10.71727718,      -11.37596738,      -11.22643361,      -10.16238494,             0.448,    0.001604584385,      0.3260001676,                 0,                 0,                 0,     0.06212037977,   -0.001211168261,      0.3260018666,                 0,       203.1679796
          0,           0,         572,      -10.73351099,      -11.39654548,      -11.24590912,      -10.17848818,             0.448,    0.001604584369,      0.3260001674,                 0,                 0,                 0,     0.06212037966,   -0.001211168276,      0.3260018664,                 0,       203.1679816
          0,           0,         573,      -10.75001133,       -11.4169525,      -11.26558445,      -10.19484589,             0.448,    0.001604584354,      0.3260001672,                 0,                 0,                 0,     0.06212037955,   -0.001211168289,      0.3260018662,                 0,       203.1679833
          0,           0,         574,      -10.76679264,      -11.43715182,      -11.28545686,      -10.21147309,             0.448,     0.00160458434,       0.326000167,                 0,                 0,                 0,     0.06212037944,   -0.001211168301,       0.326001866,                 0,       203.1679849
          0,           0,         575,      -10.78386853,      -11.45710481,      -11.30552436,      -10.22838397,             0.448,    0.001604584328,      0.3260001668,                 0,                 0,                 0,     0.06212037933,   -0.001211168311,      0.3260018658,                 0,       203.1679863
          0,           0,         576,      -10.80125154,      -11.47677209,      -11.32578494,      -10.24559163,             0.448,    0.001604584317,      0.3260001665,                 0,                 0,                 0,     0.06212037923,    -0.00121116832,      0.3260018655,                 0,       203.1679876
          0,           0,         577,      -10.81895313,      -11.49611333,      -11.34623593,        -10.263108,             0.448,    0.001604584306,      0.3260001663,                 0,                 0,                 0,     0.06212037913,   -0.001211168328,      0.3260018653,                 0,       203.1679887
          0,           0,         578,      -10.83698348,      -11.51508181,      -11.36687384,      -10.28094373,             0.448,    0.001604584297,       0.326000166,                 0,                 0,                 0,     0.06212037903,   -0.001211168336,       0.326001865,                 0,       203.1679898
          0,           0,         579,      -10.85535152,      -11.53363497,      -11.38769312,      -10.29910817,             0.448,    0.001604584287,      0.3260001657,                 0,                 0,                 0,     0.06212037894,   -0.001211168342,      0.3260018647,                 0,       203.1679908
          0,           0,         580,      -10.87406474,      -11.55172684,      -11.40868615,      -10.31760909,             0.448,    0.001604584279,      0.3260001654,                 0,                 0,                 0,     0.06212037885,   -0.001211168348,      0.3260018644,                 0,       203.1679917
          0,           0,         581,      -10.89312929,      -11.56931479,      -11.42984287,      -10.33645299,             0.448,    0.001604584271,      0.3260001651,                 0,                 0,                 0,     0.06212037875,   -0.001211168353,      0.3260018641,                 0,       203.1679925
          0,           0,         582,      -10.91254995,      -11.58635487,       -11.4511507,      -10.35564482,             0.448,    0.001604584263,      0.3260001648,                 0,                 0,                 0,     0.06212037866,   -0.001211168358,      0.3260018638,                 0,       203.1679932
          0,           0,         583,      -10.93233005,      -11.60280835,      -11.47259373,      -10.37518812,             0.448,    0.001604584256,      0.3260001645,                 0,                 0,                 0,     0.06212037857,   -0.001211168363,      0.3260018635,                 0,        203.167994
          0,           0,         584,      -10.95247157,      -11.61863706,      -11.49415367,        -10.395085,             0.448,    0.001604584249,      0.3260001641,                 0,                 0,                 0,     0.06212037848,   -0.001211168367,      0.3260018632,                 0,       203.1679946
          0,           0,         585,      -10.97297505,      -11.63381172,      -11.51580861,      -10.41533601,             0.448,    0.001604584243,      0.3260001638,                 0,                 0,                 0,     0.06212037838,   -0.001211168371,      0.3260018628,                 0,       203.1679953
          0,           0,         586,      -10.99383963,       -11.6483082,       -11.5375345,      -10.43594034,             0.448,    0.001604584236,      0.3260001635,                 0,                 0,                 0,     0.06212037829,   -0.001211168374,      0.3260018625,                 0,       203.1679959
          0,           0,         587,      -11.01506291,      -11.66210978,      -11.55930421,      -10.45689566,             0.448,     0.00160458423,      0.3260001631,                 0,                 0,                 0,     0.06212037819,   -0.001211168377,      0.3260018621,                 0,       203.1679964
          0,           0,         588,      -11.03664093,      -11.67521349,      -11.58108808,      -10.47819798,             0.448,    0.001604584224,      0.3260001627,                 0,                 0,                 0,      0.0621203781,    -0.00121116838,      0.3260018618,                 0,        203.167997
          0,           0,         589,       -11.0585681,      -11.68762576,      -11.60285405,      -10.49984189,             0.448,    0.001604584218,      0.3260001624,                 0,                 0,                 0,       0.062120378,   -0.001211168383,      0.3260018614,                 0,       203.1679975
          0,           0,         590,      -11.08083703,      -11.69936367,      -11.62456811,      -10.52182014,             0.448,    0.001604584212,       0.326000162,                 0,                 0,                 0,      0.0621203779,   -0.001211168385,       0.326001861,                 0,        203.167998
          0,           0,         591,        -11.103438,      -11.71046487,      -11.64619333,      -10.54412347,             0.448,    0.001604584207,      0.3260001616,                 0,                 0,                 0,     0.06212037779,   -0.001211168388,      0.3260018606,                 0,       203.1679984
          0,           0,         592,      -11.12635931,      -11.72097058,      -11.66769369,      -10.56674089,             0.448,    0.001604584201,      0.3260001612,                 0,                 0,                 0,     0.06212037769,    -0.00121116839,      0.3260018602,                 0,       203.1679989
          0,           0,         593,      -11.14958606,      -11.73094339,      -11.68902882,       -10.5896584,             0.448,    0.001604584196,      0.3260001608,                 0,                 0,                 0,     0.06212037758,   -0.001211168392,      0.3260018598,                 0,       203.1679993
          0,           0,         594,       -11.1731004,      -11.74044858,      -11.71015783,      -10.61285961,             0.448,     0.00160458419,      0.3260001604,                 0,                 0,                 0,     0.06212037747,   -0.001211168394,      0.3260018594,                 0,       203.1679998
          0,           0,         595,      -11.19688075,      -11.74956349,         -11.73104,      -10.63632473,             0.448,    0.001604584185,        0.32600016,                 0,                 0,                 0,     0.06212037736,   -0.001211168396,       0.326001859,                 0,       203.1680002
          0,           0,         596,      -11.22090134,      -11.75837058,      -11.75163304,      -10.66003037,             0.448,    0.001604584179,      0.3260001596,                 0,                 0,                 0,     0.06212037725,   -0.001211168397,      0.3260018586,                 0,       203.1680007
          0,           0,         597,      -11.24513098,      -11.76696024,      -11.77189415,       -10.6839485,             0.448,    0.001604584174,      0.3260001591,                 0,                 0,                 0,     0.06212037713,   -0.001211168399,      0.3260018581,                 0,       203.1680011
          0,           0,         598,      -11.26953328,      -11.77541905,      -11.79177808,      -10.70804634,             0.448,    0.001604584168,      0.3260001587,                 0,                 0,                 0,     0.06212037702,   -0.001211168401,      0.3260018577,                 0,       203.1680015
          0,           0,         599,      -11.29406533,      -11.78383965,      -11.81124445,      -10.73228549,             0.448,    0.001604584162,      0.3260001582,                 0,                 0,                 0,      0.0621203769,   -0.001211168403,      0.3260018572,                 0,        203.168002
          0,           0,         600,        -11.318677,      -11.79231249,      -11.83025131,      -10.75662096,             0.448,    0.001604584156,      0.3260001578,                 0,                 0,                 0,     0.06212037678,   -0.001211168405,      0.3260018568,                 0,       203.1680024
          0,           0,         601,      -11.34331037,      -11.80092753,       -11.8487576,      -10.78100097,             0.448,    0.001604584151,      0.3260001573,                 0,                 0,                 0,     0.06212037666,   -0.001211168407,      0.3260018563,                 0,       203.1680029
          0,           0,         602,      -11.36789862,      -11.80977359,       -11.8667267,      -10.80536555,             0.448,    0.001604584145,      0.3260001568,                 0,                 0,                 0,     0.06212037654,   -0.001211168408,      0.3260018558,                 0,       203.1680033
          0,           0,         603,      -11.39236694,      -11.81892165,       -11.8841293,      -10.82964734,             0.448,    0.001604584139,      0.3260001563,                 0,                 0,                 0,     0.06212037642,    -0.00121116841,      0.3260018554,                 0,       203.1680038
          0,           0,         604,      -11.41663091,      -11.82845244,      -11.90094102,      -10.85376986,             0.448,    0.001604584132,      0.3260001559,                 0,                 0,                 0,      0.0621203763,   -0.001211168412,      0.3260018549,                 0,       203.1680043
          0,           0,         605,      -11.44059773,      -11.83843192,      -11.91713611,      -10.87764853,             0.448,    0.001604584126,      0.3260001554,                 0,                 0,                 0,     0.06212037619,   -0.001211168414,      0.3260018544,                 0,       203.1680047
          0,           0,         606,      -11.46416717,      -11.84891056,      -11.93270093,      -10.90119096,             0.448,     0.00160458412,      0.3260001549,                 0,                 0,                 0,     0.06212037607,   -0.001211168416,      0.3260018539,                 0,       203.1680052
          0,           0,         607,      -11.48723263,      -11.85994013,      -11.94762453,      -10.92429782,             0.448,    0.001604584114,      0.3260001544,                 0,                 0,                 0,     0.06212037595,   -0.001211168418,      0.3260018534,                 0,       203.1680057
          0,           0,         608,      -11.50968389,      -11.87155455,      -11.96189985,      -10.94686439,             0.448,    0.001604584108,      0.3260001539,                 0,                 0,                 0,     0.06212037584,    -0.00121116842,      0.3260018529,                 0,       203.1680061
          0,           0,         609,      -11.53140944,       -11.8837811,      -11.97553094,      -10.96878315,             0.448,    0.001604584102,      0.3260001534,                 0,                 0,                 0,     0.06212037572,   -0.001211168421,      0.3260018524,                 0,       203.1680066
          0,           0,         610,      -11.55230131,      -11.89663981,      -11.98851344,      -10.98994777,             0.448,    0.001604584096,      0.3260001529,                 0,                 0,                 0,     0.06212037561,   -0.001211168423,      0.3260018519,                 0,        203.168007
          0,           0,         611,      -11.57225752,      -11.91014087,      -12.00086288,      -11.01025444,             0.448,    0.001604584091,      0.3260001524,                 0,                 0,                 0,      0.0621203755,   -0.001211168424,      0.3260018514,                 0,       203.1680074
          0,           0,         612,      -11.59118852,      -11.92428839,      -12.01259851,      -11.02960875,             0.448,    0.001604584085,      0.3260001519,                 0,                 0,                 0,     0.06212037539,   -0.001211168426,       0.326001851,                 0,       203.1680078
          0,           0,         613,      -11.60902191,      -11.93907466,      -12.02373845,      -11.04793009,             0.448,     0.00160458408,      0.3260001515,                 0,                 0,                 0,     0.06212037528,   -0.001211168427,      0.3260018505,                 0,       203.1680082
          0,           0,         614,      -11.62570519,      -11.95449583,      -12.03431886,       -11.0651542,             0.448,    0.001604584075,       0.326000151,                 0,                 0,                 0,     0.06212037518,   -0.001211168427,        0.32600185,                 0,       203.1680085
          0,           0,         615,      -11.64121039,      -11.97052454,      -12.04437234,      -11.08123884,             0.448,     0.00160458407,      0.3260001505,                 0,                 0,                 0,     0.06212037508,   -0.001211168428,      0.3260018495,                 0,       203.1680088
          0,           0,         616,      -11.65553532,      -11.98714386,      -12.05394678,      -11.09616623,             0.448,    0.001604584066,        0.32600015,                 0,                 0,                 0,     0.06212037498,   -0.001211168429,       0.326001849,                 0,       203.1680091
          0,           0,         617,       -11.6687014,      -12.00433832,      -12.06307786,      -11.10994143,             0.448,    0.001604584062,      0.3260001496,                 0,                 0,                 0,     0.06212037488,   -0.001211168429,      0.3260018486,                 0,       203.1680093
          0,           0,         618,      -11.68075967,      -12.02205356,      -12.07181297,      -11.12259801,             0.448,    0.001604584058,      0.3260001491,                 0,                 0,                 0,     0.06212037478,   -0.001211168429,      0.3260018481,                 0,       203.1680095
          0,           0,         619,      -11.69177499,       -12.0402637,       -12.0801926,      -11.13418774,             0.448,    0.001604584054,      0.3260001486,                 0,                 0,                 0,     0.06212037469,   -0.001211168428,      0.3260018477,                 0,       203.1680097
          0,           0,         620,      -11.70183259,      -12.05892443,      -12.08827309,      -11.14478412,             0.448,    0.001604584051,      0.3260001482,                 0,                 0,                 0,      0.0621203746,   -0.001211168427,      0.3260018472,                 0,       203.1680098
          0,           0,         621,      -11.71102571,      -12.07800797,      -12.09608008,      -11.15447122,             0.448,    0.001604584048,      0.3260001478,                 0,                 0,                 0,     0.06212037451,   -0.001211168427,      0.3260018468,                 0,       203.1680099
          0,           0,         622,      -11.71946048,      -12.09742103,      -12.10366317,      -11.16334923,             0.448,    0.001604584046,      0.3260001473,                 0,                 0,                 0,     0.06212037443,   -0.001211168425,      0.3260018463,                 0,       203.1680099
          0,           0,         623,      -11.72723563,      -12.11714578,      -12.11105278,      -11.17151532,             0.448,    0.001604584043,      0.3260001469,                 0,                 0,                 0,     0.06212037435,   -0.001211168424,      0.3260018459,                 0,         203.16801
          0,           0,         624,       -11.7344561,      -12.13708187,      -12.11829041,      -11.17907433,             0.448,    0.001604584041,      0.3260001465,                 0,                 0,                 0,     0.06212037427,   -0.001211168422,      0.3260018455,                 0,         203.16801
          0,           0,         625,      -11.74121507,      -12.15717817,      -12.12540836,      -11.18612215,             0.448,     0.00160458404,      0.3260001461,                 0,                 0,                 0,     0.06212037419,    -0.00121116842,      0.3260018451,                 0,       203.1680099
          0,           0,         626,      -11.74760253,      -12.17733185,       -12.1324394,      -11.19275238,             0.448,    0.001604584038,      0.3260001457,                 0,                 0,                 0,     0.06212037412,   -0.001211168418,      0.3260018447,                 0,       203.1680098
          0,           0,         627,       -11.7536955,      -12.19747767,      -12.13941575,      -11.19904887,             0.448,    0.001604584037,      0.3260001453,                 0,                 0,                 0,     0.06212037405,   -0.001211168416,      0.3260018443,                 0,       203.1680097
          0,           0,         628,       -11.7595627,      -12.21752399,      -12.14635536,      -11.20508511,             0.448,    0.001604584037,      0.3260001449,                 0,                 0,                 0,     0.06212037398,   -0.001211168414,       0.326001844,                 0,       203.1680096
          0,           0,         629,      -11.76526657,      -12.23734715,      -12.15329403,      -11.21092928,             0.448,    0.001604584036,      0.3260001446,                 0,                 0,                 0,     0.06212037392,   -0.001211168411,      0.3260018436,                 0,       203.1680094
          0,           0,         630,      -11.77085302,      -12.25688914,       -12.1602556,      -11.21663458,             0.448,    0.001604584036,      0.3260001442,                 0,                 0,                 0,     0.06212037386,   -0.001211168408,      0.3260018432,                 0,       203.1680092
          0,           0,         631,      -11.77636461,      -12.27599789,      -12.16725286,      -11.22224799,             0.448,    0.001604584036,      0.3260001439,                 0,                 0,                 0,      0.0621203738,   -0.001211168405,      0.3260018429,                 0,        203.168009
          0,           0,         632,      -11.78183301,      -12.29464128,        -12.174309,      -11.22780728,             0.448,    0.001604584036,      0.3260001435,                 0,                 0,                 0,     0.06212037374,   -0.001211168402,      0.3260018426,                 0,       203.1680088
          0,           0,         633,      -11.78728411,      -12.31267291,      -12.18143954,      -11.23334071,             0.448,    0.001604584036,      0.3260001432,                 0,                 0,                 0,     0.06212037369,   -0.001211168399,      0.3260018422,                 0,       203.1680086
          0,           0,         634,      -11.79273987,      -12.33004038,      -12.18866406,      -11.23887539,             0.448,    0.001604584037,      0.3260001429,                 0,                 0,                 0,     0.06212037364,   -0.001211168396,      0.3260018419,                 0,       203.1680083
          0,           0,         635,      -11.79821313,      -12.34666715,      -12.19599239,       -11.2444248,             0.448,    0.001604584038,      0.3260001426,                 0,                 0,                 0,     0.06212037359,   -0.001211168393,      0.3260018416,                 0,        203.168008
          0,           0,         636,      -11.80371664,       -12.3625233,      -12.20343623,      -11.25000603,             0.448,    0.001604584038,      0.3260001423,                 0,                 0,                 0,     0.06212037355,   -0.001211168389,      0.3260018413,                 0,       203.1680077
          0,           0,         637,      -11.80925807,      -12.37755255,      -12.21100651,      -11.25562647,             0.448,    0.001604584039,      0.3260001421,                 0,                 0,                 0,      0.0621203735,   -0.001211168386,      0.3260018411,                 0,       203.1680074
          0,           0,         638,      -11.81484554,      -12.39178823,      -12.21870745,      -11.26129482,             0.448,    0.001604584041,      0.3260001418,                 0,                 0,                 0,     0.06212037346,   -0.001211168382,      0.3260018408,                 0,       203.1680071
          0,           0,         639,      -11.82048714,      -12.40516468,      -12.22656386,      -11.26701963,             0.448,    0.001604584042,      0.3260001415,                 0,                 0,                 0,     0.06212037342,   -0.001211168379,      0.3260018405,                 0,       203.1680068
          0,           0,         640,      -11.82618335,      -12.41780845,      -12.23456413,       -11.2728009,             0.448,    0.001604584043,      0.3260001413,                 0,                 0,                 0,     0.06212037339,   -0.001211168375,      0.3260018403,                 0,       203.1680065
          0,           0,         641,      -11.83194311,      -12.42969887,      -12.24272298,      -11.27864703,             0.448,    0.001604584045,       0.326000141,                 0,                 0,                 0,     0.06212037335,   -0.001211168372,      0.3260018401,                 0,       203.1680061
          0,           0,         642,      -11.83777121,      -12.44095972,      -12.25105108,      -11.28456183,             0.448,    0.001604584046,      0.3260001408,                 0,                 0,                 0,     0.06212037332,   -0.001211168368,      0.3260018398,                 0,       203.1680058
          0,           0,         643,      -11.84367295,       -12.4516652,       -12.2595433,      -11.29054905,             0.448,    0.001604584048,      0.3260001406,                 0,                 0,                 0,     0.06212037329,   -0.001211168365,      0.3260018396,                 0,       203.1680054
          0,           0,         644,      -11.84965974,      -12.46181381,      -12.26821898,      -11.29661947,             0.448,     0.00160458405,      0.3260001404,                 0,                 0,                 0,     0.06212037326,   -0.001211168361,      0.3260018394,                 0,       203.1680051
          0,           0,         645,      -11.85573595,      -12.47165133,      -12.27706124,      -11.30277767,             0.448,    0.001604584052,      0.3260001402,                 0,                 0,                 0,     0.06212037323,   -0.001211168358,      0.3260018392,                 0,       203.1680047
          0,           0,         646,      -11.86191247,      -12.48112717,      -12.28608401,      -11.30903123,             0.448,    0.001604584053,        0.32600014,                 0,                 0,                 0,      0.0621203732,   -0.001211168354,       0.326001839,                 0,       203.1680044
          0,           0,         647,      -11.86820074,      -12.49035767,      -12.29528794,      -11.31539127,             0.448,    0.001604584055,      0.3260001398,                 0,                 0,                 0,     0.06212037318,   -0.001211168351,      0.3260018388,                 0,        203.168004
          0,           0,         648,      -11.87461086,      -12.49944666,      -12.30467413,      -11.32186724,             0.448,    0.001604584057,      0.3260001396,                 0,                 0,                 0,     0.06212037316,   -0.001211168347,      0.3260018387,                 0,       203.1680037
          0,           0,         649,      -11.88115526,      -12.50846704,      -12.31423696,      -11.32847022,             0.448,    0.001604584059,      0.3260001395,                 0,                 0,                 0,     0.06212037313,   -0.001211168344,      0.3260018385,                 0,       203.1680034
          0,           0,         650,      -11.88784707,      -12.51744776,      -12.32399509,      -11.33521406,             0.448,    0.001604584061,      0.3260001393,                 0,                 0,                 0,     0.06212037311,   -0.001211168341,      0.3260018383,                 0,        203.168003
          0,           0,         651,      -11.89469653,       -12.5265341,      -12.33392017,      -11.34210749,             0.448,    0.001604584063,      0.3260001392,                 0,                 0,                 0,     0.06212037309,   -0.001211168338,      0.3260018382,                 0,       203.1680027
          0,           0,         652,      -11.90172169,      -12.53561888,      -12.34402929,      -11.34916835,             0.448,    0.001604584065,       0.326000139,                 0,                 0,                 0,     0.06212037308,   -0.001211168335,       0.326001838,                 0,       203.1680024
          0,           0,         653,      -11.90893062,      -12.54492939,      -12.35431736,      -11.35640484,             0.448,    0.001604584066,      0.3260001389,                 0,                 0,                 0,     0.06212037306,   -0.001211168332,      0.3260018379,                 0,        203.168002
          0,           0,         654,      -11.91634026,      -12.55431206,      -12.36477765,      -11.36383357,             0.448,    0.001604584068,      0.3260001387,                 0,                 0,                 0,     0.06212037304,   -0.001211168329,      0.3260018378,                 0,       203.1680017
          0,           0,         655,       -11.9239611,      -12.56392292,       -12.3754203,       -11.3714648,             0.448,     0.00160458407,      0.3260001386,                 0,                 0,                 0,     0.06212037303,   -0.001211168326,      0.3260018376,                 0,       203.1680014
          0,           0,         656,      -11.93180476,      -12.57376336,      -12.38623117,      -11.37931054,             0.448,    0.001604584072,      0.3260001385,                 0,                 0,                 0,     0.06212037301,   -0.001211168323,      0.3260018375,                 0,       203.1680011
          0,           0,         657,      -11.93988651,      -12.58376036,      -12.39721481,      -11.38738607,             0.448,    0.001604584073,      0.3260001384,                 0,                 0,                 0,       0.062120373,    -0.00121116832,      0.3260018374,                 0,       203.1680009
          0,           0,         658,      -11.94821263,      -12.59404527,      -12.40837357,      -11.39569805,             0.448,    0.001604584075,      0.3260001383,                 0,                 0,                 0,     0.06212037299,   -0.001211168318,      0.3260018373,                 0,       203.1680006
          0,           0,         659,      -11.95679772,      -12.60448796,      -12.41969897,      -11.40426145,             0.448,    0.001604584077,      0.3260001382,                 0,                 0,                 0,     0.06212037298,   -0.001211168315,      0.3260018372,                 0,       203.1680003
          0,           0,         660,      -11.96564742,      -12.61522935,      -12.43120268,      -11.41308149,             0.448,    0.001604584078,      0.3260001381,                 0,                 0,                 0,     0.06212037297,   -0.001211168313,      0.3260018371,                 0,       203.1680001
          0,           0,         661,      -11.97477302,      -12.62615853,      -12.44287532,      -11.42216955,             0.448,     0.00160458408,       0.326000138,                 0,                 0,                 0,     0.06212037296,   -0.001211168311,       0.326001837,                 0,       203.1679998
          0,           0,         662,      -11.98418162,      -12.63731257,      -12.45472101,      -11.43153347,             0.448,    0.001604584081,      0.3260001379,                 0,                 0,                 0,     0.06212037295,   -0.001211168308,      0.3260018369,                 0,       203.1679996
          0,           0,         663,      -11.99387854,      -12.64875174,      -12.46674264,      -11.44117899,             0.448,    0.001604584083,      0.3260001378,                 0,                 0,                 0,     0.06212037294,   -0.001211168306,      0.3260018368,                 0,       203.1679993
          0,           0,         664,      -12.00387411,      -12.66032289,      -12.47894386,      -11.45111546,             0.448,    0.001604584084,      0.3260001378,                 0,                 0,                 0,     0.06212037293,   -0.001211168304,      0.3260018368,                 0,       203.1679991
          0,           0,         665,      -12.01416953,      -12.67218453,      -12.49133123,      -11.46134528,             0.448,    0.001604584085,      0.3260001377,                 0,                 0,                 0,     0.06212037292,   -0.001211168302,      0.3260018367,                 0,       203.1679989
          0,           0,         666,      -12.02476987,       -12.6842503,      -12.50390395,      -11.47187279,             0.448,    0.001604584087,      0.3260001376,                 0,                 0,                 0,     0.06212037292,   -0.001211168301,      0.3260018366,                 0,       203.1679987
          0,           0,         667,      -12.03568132,      -12.69647427,       -12.5166703,      -11.48270399,             0.448,    0.001604584088,      0.3260001375,                 0,                 0,                 0,     0.06212037291,   -0.001211168299,      0.3260018366,                 0,       203.1679985
          0,           0,         668,       -12.0469041,      -12.70891546,      -12.52963358,      -11.49384042,             0.448,    0.001604584089,      0.3260001375,                 0,                 0,                 0,      0.0621203729,   -0.001211168297,      0.3260018365,                 0,       203.1679983
          0,           0,         669,      -12.05844331,      -12.72145751,       -12.5427967,      -11.50528583,             0.448,     0.00160458409,      0.3260001374,                 0,                 0,                 0,      0.0621203729,   -0.001211168295,      0.3260018364,                 0,       203.1679981
          0,           0,         670,      -12.07029825,       -12.7342732,      -12.55617288,       -11.5170402,             0.448,    0.001604584091,      0.3260001374,                 0,                 0,                 0,     0.06212037289,   -0.001211168294,      0.3260018364,                 0,        203.167998
          0,           0,         671,      -12.08247185,      -12.74720039,      -12.56975633,       -11.5291059,             0.448,    0.001604584092,      0.3260001373,                 0,                 0,                 0,     0.06212037289,   -0.001211168292,      0.3260018363,                 0,       203.1679978
          0,           0,         672,      -12.09496415,      -12.76023676,      -12.58357393,      -11.54148331,             0.448,    0.001604584093,      0.3260001373,                 0,                 0,                 0,     0.06212037288,   -0.001211168291,      0.3260018363,                 0,       203.1679977
          0,           0,         673,      -12.10777499,      -12.77342772,      -12.59761354,      -11.55417272,             0.448,    0.001604584094,      0.3260001372,                 0,                 0,                 0,     0.06212037288,    -0.00121116829,      0.3260018362,                 0,       203.1679975
          0,           0,         674,      -12.12090454,      -12.78671212,      -12.61188828,      -11.56717443,             0.448,    0.001604584095,      0.3260001372,                 0,                 0,                 0,     0.06212037287,   -0.001211168288,      0.3260018362,                 0,       203.1679974
          0,           0,         675,      -12.13435097,      -12.80014334,       -12.6264061,      -11.58048593,             0.448,    0.001604584096,      0.3260001371,                 0,                 0,                 0,     0.06212037287,   -0.001211168287,      0.3260018361,                 0,       203.1679972
          0,           0,         676,      -12.14811686,      -12.81355673,      -12.64117626,       -11.5941095,             0.448,    0.001604584097,      0.3260001371,                 0,                 0,                 0,     0.06212037287,   -0.001211168286,      0.3260018361,                 0,       203.1679971
          0,           0,         677,      -12.16219695,      -12.82702412,      -12.65619596,      -11.60804153,             0.448,    0.001604584097,      0.3260001371,                 0,                 0,                 0,     0.06212037286,   -0.001211168285,      0.3260018361,                 0,        203.167997
          0,           0,         678,      -12.17658936,      -12.84057587,      -12.67148325,      -11.62227955,             0.448,    0.001604584098,       0.326000137,                 0,                 0,                 0,     0.06212037286,   -0.001211168284,       0.326001836,                 0,       203.1679969
          0,           0,         679,      -12.19129567,      -12.85405544,      -12.68703091,      -11.63682542,             0.448,    0.001604584099,       0.326000137,                 0,                 0,                 0,     0.06212037286,   -0.001211168283,       0.326001836,                 0,       203.1679968
          0,           0,         680,      -12.20631011,      -12.86757443,      -12.70284935,      -11.65167324,             0.448,    0.001604584099,       0.326000137,                 0,                 0,                 0,     0.06212037286,   -0.001211168282,       0.326001836,                 0,       203.1679967
          0,           0,         681,      -12.22163108,      -12.88108459,      -12.71894383,      -11.66682232,             0.448,      0.0016045841,      0.3260001369,                 0,                 0,                 0,     0.06212037286,   -0.001211168281,       0.326001836,                 0,       203.1679966
          0,           0,         682,      -12.23725555,      -12.89448624,      -12.73532413,      -11.68226981,             0.448,    0.001604584101,      0.3260001369,                 0,                 0,                 0,     0.06212037285,    -0.00121116828,      0.3260018359,                 0,       203.1679965
          0,           0,         683,      -12.25318083,      -12.90778509,      -12.75198563,      -11.69801294,             0.448,    0.001604584101,      0.3260001369,                 0,                 0,                 0,     0.06212037285,   -0.001211168279,      0.3260018359,                 0,       203.1679964
          0,           0,         684,      -12.26940215,      -12.92103267,      -12.76893434,      -11.71404805,             0.448,    0.001604584102,      0.3260001369,                 0,                 0,                 0,     0.06212037285,   -0.001211168279,      0.3260018359,                 0,       203.1679963
          0,           0,         685,      -12.28591642,      -12.93418554,      -12.78617912,      -11.73037261,             0.448,    0.001604584102,      0.3260001368,                 0,                 0,                 0,     0.06212037285,   -0.001211168278,      0.3260018359,                 0,       203.1679962
          0,           0,         686,      -12.30272002,      -12.94716809,      -12.80371717,      -11.74698272,             0.448,    0.001604584103,      0.3260001368,                 0,                 0,                 0,     0.06212037285,   -0.001211168277,      0.3260018358,                 0,       203.1679961
          0,           0,         687,      -12.31980734,      -12.96002538,      -12.82154477,      -11.76387402,             0.448,    0.001604584104,      0.3260001368,                 0,                 0,                 0,     0.06212037285,   -0.001211168277,      0.3260018358,                 0,        203.167996
          0,           0,         688,      -12.33717333,      -12.97273913,       -12.8396737,      -11.78104121,             0.448,    0.001604584104,      0.3260001368,                 0,                 0,                 0,     0.06212037285,   -0.001211168276,      0.3260018358,                 0,        203.167996
          0,           0,         689,      -12.35481485,      -12.98531457,      -12.85810014,      -11.79848241,             0.448,    0.001604584105,      0.3260001368,                 0,                 0,                 0,     0.06212037285,   -0.001211168275,      0.3260018358,                 0,       203.1679959
          0,           0,         690,      -12.37272475,      -12.99777864,      -12.87683251,      -11.81619112,             0.448,    0.001604584105,      0.3260001368,                 0,                 0,                 0,     0.06212037285,   -0.001211168275,      0.3260018358,                 0,       203.1679958
          0,           0,         691,       -12.3908977,      -13.01015082,      -12.89585822,      -11.83416297,             0.448,    0.001604584106,      0.3260001368,                 0,                 0,                 0,     0.06212037285,   -0.001211168274,      0.3260018358,                 0,       203.1679958
          0,           0,         692,      -12.40932529,      -13.02242116,      -12.91518857,      -11.85238951,             0.448,    0.001604584106,      0.3260001367,                 0,                 0,                 0,     0.06212037285,   -0.001211168274,      0.3260018358,                 0,       203.1679957
          0,           0,         693,      -12.42800385,      -13.03455295,      -12.93481412,      -11.87086773,             0.448,    0.001604584106,      0.3260001367,                 0,                 0,                 0,     0.06212037285,   -0.001211168273,      0.3260018358,                 0,       203.1679956
          0,           0,         694,      -12.44692325,      -13.04672059,      -12.95473409,      -11.88958838,             0.448,    0.001604584107,      0.3260001367,                 0,                 0,                 0,     0.06212037286,   -0.001211168273,      0.3260018357,                 0,       203.1679956
          0,           0,         695,      -12.46608082,      -13.05871427,      -12.97494735,      -11.90854799,             0.448,    0.001604584107,      0.3260001367,                 0,                 0,                 0,     0.06212037286,   -0.001211168272,      0.3260018357,                 0,       203.1679955
          0,           0,         696,      -12.48546292,      -13.07077987,       -12.9954602,      -11.92773567,             0.448,    0.001604584108,      0.3260001367,                 0,                 0,                 0,     0.06212037286,   -0.001211168272,      0.3260018357,                 0,       203.1679955
          0,           0,         697,      -12.50506474,      -13.08287455,      -13.01624984,      -11.94714664,             0.448,    0.001604584108,      0.3260001367,                 0,                 0,                 0,     0.06212037286,   -0.001211168271,      0.3260018357,                 0,       203.1679954
          0,           0,         698,       -12.5248761,      -13.09498063,      -13.03732696,      -11.96677103,             0.448,    0.001604584109,      0.3260001367,                 0,                 0,                 0,     0.06212037286,   -0.001211168271,      0.3260018357,                 0,       203.1679953
          0,           0,         699,      -12.54488874,      -13.10718461,      -13.05867608,       -11.9866013,             0.448,    0.001604584109,      0.3260001367,                 0,                 0,                 0,     0.06212037286,    -0.00121116827,      0.3260018357,                 0,       203.1679953
          0,           0,         700,      -12.56509379,      -13.11943006,      -13.08029305,      -12.00662614,             0.448,    0.001604584109,      0.3260001367,                 0,                 0,                 0,     0.06212037286,    -0.00121116827,      0.3260018357,                 0,       203.1679952
          0,           0,         701,      -12.58548111,      -13.13186645,      -13.10216516,      -12.02684012,             0.448,     0.00160458411,      0.3260001367,                 0,                 0,                 0,     0.06212037287,   -0.001211168269,      0.3260018357,                 0,       203.1679952
          0,           0,         702,      -12.60604128,      -13.14443087,      -13.12428653,      -12.04723249,             0.448,     0.00160458411,      0.3260001367,                 0,                 0,                 0,     0.06212037287,   -0.001211168269,      0.3260018357,                 0,       203.1679951
          0,           0,         703,      -12.62676399,      -13.15715144,      -13.14664381,      -12.06779092,             0.448,    0.001604584111,      0.3260001367,                 0,                 0,                 0,     0.06212037287,   -0.001211168269,      0.3260018357,                 0,       203.1679951
          0,           0,         704,      -12.64764195,      -13.17008577,      -13.16920295,      -12.08851033,             0.448,    0.001604584111,      0.3260001367,                 0,                 0,                 0,     0.06212037287,   -0.001211168268,      0.3260018357,                 0,        203.167995
          0,           0,         705,      -12.66866334,       -13.1831429,      -13.19196551,      -12.10937788,             0.448,    0.001604584111,      0.3260001367,                 0,                 0,                 0,     0.06212037288,   -0.001211168268,      0.3260018357,                 0,        203.167995
          0,           0,         706,      -12.68982039,        -13.196428,      -13.21488739,       -12.1303869,             0.448,    0.001604584112,      0.3260001367,                 0,                 0,                 0,     0.06212037288,   -0.001211168268,      0.3260018357,                 0,       203.1679949
          0,           0,         707,      -12.71110595,      -13.20995343,      -13.23795911,      -12.15152851,             0.448,    0.001604584112,      0.3260001367,                 0,                 0,                 0,     0.06212037288,   -0.001211168267,      0.3260018357,                 0,       203.1679949
          0,           0,         708,         -12.73251,      -13.22370475,      -13.26114834,      -12.17279668,             0.448,    0.001604584113,      0.3260001367,                 0,                 0,                 0,     0.06212037288,   -0.001211168267,      0.3260018358,                 0,       203.1679949
          0,           0,         709,       -12.7540247,      -13.23768759,      -13.28441277,      -12.19417863,             0.448,    0.001604584113,      0.3260001367,                 0,                 0,                 0,     0.06212037289,   -0.001211168267,      0.3260018358,                 0,       203.1679948
          0,           0,         710,      -12.77564269,      -13.25195105,      -13.30772362,      -12.21566841,             0.448,    0.001604584113,      0.3260001367,                 0,                 0,                 0,     0.06212037289,   -0.001211168266,      0.3260018358,                 0,       203.1679948
          0,           0,         711,      -12.79735863,      -13.26649072,      -13.33101046,      -12.23726065,             0.448,    0.001604584114,      0.3260001368,                 0,                 0,                 0,     0.06212037289,   -0.001211168266,      0.3260018358,                 0,       203.1679947
          0,           0,         712,      -12.81916443,      -13.28145339,      -13.35425855,      -12.25894771,             0.448,    0.001604584114,      0.3260001368,                 0,                 0,                 0,      0.0621203729,   -0.001211168266,      0.3260018358,                 0,       203.1679947
          0,           0,         713,      -12.84104884,      -13.29676838,      -13.37743269,      -12.28071825,             0.448,    0.001604584114,      0.3260001368,                 0,                 0,                 0,      0.0621203729,   -0.001211168265,      0.3260018358,                 0,       203.1679947
          0,           0,         714,      -12.86300664,      -13.31248493,      -13.40047041,      -12.30256615,             0.448,    0.001604584115,      0.3260001368,                 0,                 0,                 0,      0.0621203729,   -0.001211168265,      0.3260018358,                 0,       203.1679946
          0,           0,         715,      -12.88503304,      -13.32866153,       -13.4232931,      -12.32448455,             0.448,    0.001604584115,      0.3260001368,                 0,                 0,                 0,      0.0621203729,   -0.001211168265,      0.3260018358,                 0,       203.1679946
          0,           0,         716,      -12.90711403,      -13.34538204,      -13.44589548,      -12.34646301,             0.448,    0.001604584115,      0.3260001368,                 0,                 0,                 0,     0.06212037291,   -0.001211168265,      0.3260018358,                 0,       203.1679945
          0,           0,         717,      -12.92924127,      -13.36255911,      -13.46825527,      -12.36849288,             0.448,    0.001604584116,      0.3260001368,                 0,                 0,                 0,     0.06212037291,   -0.001211168264,      0.3260018358,                 0,       203.1679945
          0,           0,         718,      -12.95139525,       -13.3802797,      -13.49028096,      -12.39055241,             0.448,    0.001604584116,      0.3260001368,                 0,                 0,                 0,     0.06212037291,   -0.001211168264,      0.3260018358,                 0,       203.1679945
          0,           0,         719,      -12.97357377,      -13.39857156,      -13.51193092,      -12.41264063,             0.448,    0.001604584116,      0.3260001368,                 0,                 0,                 0,     0.06212037292,   -0.001211168264,      0.3260018358,                 0,       203.1679945
          0,           0,         720,      -12.99574734,      -13.41753976,      -13.53314229,      -12.43473134,             0.448,    0.001604584116,      0.3260001368,                 0,                 0,                 0,     0.06212037292,   -0.001211168264,      0.3260018358,                 0,       203.1679944
          0,           0,         721,      -13.01789994,      -13.43684787,      -13.55389785,      -12.45680225,             0.448,    0.001604584117,      0.3260001368,                 0,                 0,                 0,     0.06212037292,   -0.001211168264,      0.3260018359,                 0,       203.1679944
