"Time_Iter","Outer_Iter","Inner_Iter",    "rms[Rho]"    ,    "rms[RhoU]"   ,    "rms[RhoV]"   ,    "rms[RhoW]"   ,    "rms[RhoE]"   ,     "rms[nu]"    
          0,           0,           0,      -3.453506871,      -10.38573149,               -32,      -10.38265804,       2.016101436,       -6.19630692
          0,           0,           1,      -4.205422983,        -1.4359391,               -32,       -1.22231163,       1.278560939,      -6.613413681
          0,           0,           2,      -4.086133227,      -1.568994265,               -32,      -1.748668714,       1.389988227,      -7.223054238
          0,           0,           3,       -4.19409363,      -1.673683567,               -32,      -1.965276095,       1.281465206,      -7.869362676
          0,           0,           4,      -4.342491342,      -1.764208723,               -32,      -1.940212136,       1.132690829,      -8.107475066
          0,           0,           5,      -4.463938394,      -1.845422637,               -32,      -1.974714731,       1.009368736,      -8.257655903
          0,           0,           6,      -4.544988221,      -1.915965332,               -32,      -2.004688282,      0.9258110021,      -8.338397701
          0,           0,           7,      -4.595053859,      -1.971170333,               -32,      -2.011798414,      0.8739438505,      -8.394645567
          0,           0,           8,      -4.624025125,        -2.0068032,               -32,      -2.006886176,      0.8442123472,      -8.437731227
          0,           0,           9,      -4.639316579,      -2.022991806,               -32,      -2.000778255,      0.8289480904,      -8.471462418
          0,           0,          10,      -4.646846728,      -2.024140513,               -32,      -1.996852003,      0.8219870068,      -8.497512346
          0,           0,          11,      -4.650011607,      -2.015883094,               -32,      -1.995087563,      0.8197832549,      -8.517045779
          0,           0,          12,      -4.649573998,       -2.00329402,               -32,      -1.995383367,      0.8214686545,      -8.530838397
          0,           0,          13,      -4.644952767,      -1.990220705,               -32,      -1.998141541,      0.8275296051,      -8.539619722
          0,           0,          14,      -4.635668391,      -1.979226372,               -32,      -2.003727492,      0.8382028657,      -8.544367004
          0,           0,          15,      -4.622351547,      -1.971666041,               -32,        -2.0119573,      0.8526310922,      -8.546351563
          0,           0,          16,      -4.606506035,      -1.967831761,               -32,      -2.021852658,       0.869116814,      -8.546725157
          0,           0,          17,      -4.589819135,      -1.967152248,               -32,       -2.03179048,      0.8859582644,      -8.546113282
          0,           0,          18,      -4.573510837,      -1.968561763,               -32,      -2.039997387,      0.9020710975,      -8.544581851
          0,           0,          19,      -4.557945561,      -1.970895587,               -32,      -2.045163678,      0.9171891082,      -8.541751328
          0,           0,          20,      -4.542883144,      -1.973276032,               -32,      -2.046712458,      0.9316224222,      -8.537002073
          0,           0,          21,      -4.527897649,       -1.97527737,               -32,      -2.044768803,      0.9458732862,       -8.52994142
          0,           0,          22,      -4.512596677,      -1.976843881,               -32,      -2.039985553,      0.9603903321,      -8.520648019
          0,           0,          23,      -4.496883338,      -1.978193159,               -32,      -2.033279179,      0.9753388782,       -8.50973247
          0,           0,          24,      -4.481174957,      -1.979734932,               -32,      -2.025700358,       0.990402446,      -8.498383524
          0,           0,          25,      -4.466302763,      -1.981884904,               -32,      -2.018307218,       1.004831508,      -8.488066127
          0,           0,          26,      -4.453210776,      -1.984639138,               -32,      -2.011758657,       1.017710671,      -8.479858641
          0,           0,          27,      -4.442539767,      -1.987007801,               -32,      -2.005752465,       1.028350094,      -8.473824206
          0,           0,          28,      -4.434244025,      -1.986828521,               -32,      -1.998766811,       1.036649686,      -8.468890986
          0,           0,          29,      -4.427587797,       -1.98162233,               -32,      -1.988632899,        1.04315968,      -8.463425788
          0,           0,          30,      -4.421603194,      -1.970375524,               -32,      -1.974020553,       1.048731812,      -8.456431339
          0,           0,          31,      -4.415773381,      -1.954734443,               -32,      -1.955797708,       1.053930577,      -8.448603599
          0,           0,          32,      -4.410452185,      -1.938202161,               -32,      -1.936845274,       1.058615375,      -8.441997191
          0,           0,          33,      -4.406608389,       -1.92407836,               -32,      -1.920421147,       1.062072476,      -8.438475323
          0,           0,          34,      -4.405088815,       -1.91399303,               -32,      -1.908611135,       1.063596913,      -8.438244785
          0,           0,          35,      -4.405967159,       -1.90774591,               -32,      -1.901833247,       1.063071844,      -8.439891801
          0,           0,          36,      -4.408338978,      -1.904026665,               -32,      -1.899167033,       1.061208997,      -8.441243102
          0,           0,          37,      -4.410709866,       -1.90137295,               -32,      -1.899016987,       1.059245497,      -8.440438466
          0,           0,          38,      -4.411653676,      -1.898803957,               -32,      -1.899947017,       1.058453244,       -8.43692971
          0,           0,          39,      -4.410465611,      -1.896182303,               -32,      -1.900821377,       1.059489192,      -8.430629578
          0,           0,          40,      -4.406802911,      -1.893662708,               -32,      -1.901443316,       1.062682277,      -8.422674272
          0,           0,          41,      -4.401173419,      -1.891674715,               -32,      -1.901581334,       1.067740265,      -8.413806096
          0,           0,          42,      -4.394313304,      -1.890378708,               -32,      -1.901622582,       1.074079998,      -8.404702703
          0,           0,          43,      -4.386822633,      -1.889720153,               -32,      -1.901716171,       1.081199653,      -8.395688586
          0,           0,          44,      -4.379123869,      -1.889477105,               -32,      -1.901967287,        1.08866661,      -8.386938274
          0,           0,          45,      -4.371522307,      -1.889392923,               -32,      -1.902242088,       1.096170534,       -8.37852303
          0,           0,          46,      -4.364218302,      -1.889274732,               -32,      -1.902296734,       1.103473678,      -8.370520352
          0,           0,          47,      -4.357375388,       -1.88905831,               -32,      -1.901802052,        1.11038105,      -8.362995859
          0,           0,          48,       -4.35113477,      -1.888822307,               -32,      -1.900490127,       1.116723655,      -8.356017957
          0,           0,          49,      -4.345605855,       -1.88873117,               -32,      -1.898248374,       1.122366091,      -8.349643158
          0,           0,          50,      -4.340857159,      -1.888931485,               -32,      -1.895172016,       1.127210442,      -8.343888989
          0,           0,          51,      -4.336925996,      -1.889441931,               -32,      -1.891535355,       1.131198382,      -8.338752513
          0,           0,          52,      -4.333835366,      -1.890086152,               -32,      -1.887712472,       1.134305959,      -8.334216759
          0,           0,          53,      -4.331605002,      -1.890496321,               -32,      -1.884080732,       1.136529884,      -8.330306045
          0,           0,          54,      -4.330253125,      -1.890189083,               -32,      -1.880935562,        1.13787592,      -8.326958282
          0,           0,          55,       -4.32978108,      -1.888696896,               -32,      -1.878440736,       1.138364763,      -8.324016092
          0,           0,          56,      -4.330154441,       -1.88571541,               -32,      -1.876618359,       1.138048106,      -8.321375773
          0,           0,          57,      -4.331287037,      -1.881201952,               -32,      -1.875370066,       1.137029064,      -8.318934481
          0,           0,          58,      -4.333009701,      -1.875386029,               -32,      -1.874512514,       1.135484097,      -8.316576726
          0,           0,          59,      -4.335095979,      -1.868683591,               -32,      -1.873806692,        1.13363046,      -8.314173643
          0,           0,          60,      -4.337301723,      -1.861560776,               -32,      -1.873047429,       1.131690811,      -8.311614856
          0,           0,          61,      -4.339378405,      -1.854484643,               -32,      -1.872045455,       1.129886848,      -8.308810264
          0,           0,          62,      -4.341070754,      -1.847791783,               -32,      -1.870759414,       1.128438891,      -8.305687358
          0,           0,          63,      -4.342169713,      -1.841729872,               -32,      -1.869096322,       1.127555454,      -8.302148682
          0,           0,          64,      -4.342504965,      -1.836413578,               -32,      -1.867065039,       1.127406114,      -8.298141355
          0,           0,          65,      -4.341899948,      -1.831859208,               -32,      -1.864633115,       1.128173007,      -8.293582783
          0,           0,          66,      -4.340206484,      -1.827985658,               -32,      -1.861817961,        1.12999832,      -8.288461274
          0,           0,          67,      -4.337347166,      -1.824680463,               -32,      -1.858608935,       1.132969793,      -8.282776203
          0,           0,          68,      -4.333319827,      -1.821821689,               -32,      -1.855080013,       1.137071865,      -8.276644135
          0,           0,          69,      -4.328256208,       -1.81933522,               -32,       -1.85131683,       1.142186932,      -8.270193312
          0,           0,          70,      -4.322391345,      -1.817212737,               -32,      -1.847465319,       1.148086406,       -8.26357703
          0,           0,          71,      -4.316032755,      -1.815518696,               -32,      -1.843671278,       1.154468706,      -8.256966642
          0,           0,          72,      -4.309543198,      -1.814379256,               -32,      -1.840079613,       1.160983079,       -8.25053477
          0,           0,          73,      -4.303304868,      -1.813965797,               -32,      -1.836820358,       1.167262881,      -8.244430371
          0,           0,          74,      -4.297669401,      -1.814461837,               -32,      -1.834021712,       1.172957398,      -8.238766473
          0,           0,          75,      -4.292951485,      -1.816043888,               -32,       -1.83179719,       1.177756791,      -8.233630462
          0,           0,          76,      -4.289415233,      -1.818859319,               -32,      -1.830252759,       1.181402554,      -8.229091348
          0,           0,          77,      -4.287236359,      -1.822985417,               -32,      -1.829483669,       1.183710339,      -8.225152891
          0,           0,          78,       -4.28651149,      -1.828401168,               -32,      -1.829553538,       1.184581838,      -8.221770763
          0,           0,          79,      -4.287253346,      -1.834953971,               -32,      -1.830480653,       1.184005048,      -8.218834719
          0,           0,          80,      -4.289330558,      -1.842281447,               -32,      -1.832223775,       1.182094005,      -8.216253291
          0,           0,          81,      -4.292505884,      -1.849831337,               -32,      -1.834629237,       1.179087856,      -8.213931691
          0,           0,          82,      -4.296442207,      -1.856869158,               -32,      -1.837421595,        1.17532206,      -8.211679342
          0,           0,          83,      -4.300666331,      -1.862520369,               -32,      -1.840201526,       1.171227998,      -8.209309576
          0,           0,          84,      -4.304746372,      -1.865928582,               -32,       -1.84248378,       1.167286625,      -8.206658557
          0,           0,          85,      -4.308069883,      -1.866345965,               -32,      -1.843844572,       1.164070095,      -8.203502456
          0,           0,          86,      -4.310259607,      -1.863768134,               -32,      -1.843543235,       1.161882203,      -8.199943701
          0,           0,          87,      -4.311233406,      -1.858378548,               -32,      -1.841430137,       1.160920159,      -8.195960479
          0,           0,          88,      -4.310869684,      -1.850816139,               -32,      -1.837422594,       1.161241911,       -8.19149134
          0,           0,          89,       -4.30926354,      -1.842260448,               -32,      -1.831668666,       1.162667219,      -8.186732997
          0,           0,          90,      -4.307094079,      -1.833803018,               -32,      -1.824852037,       1.164675374,      -8.181859929
          0,           0,          91,      -4.304827347,      -1.826505101,               -32,      -1.817700963,       1.166868813,      -8.177053267
          0,           0,          92,      -4.302741982,      -1.821243938,               -32,      -1.811164554,       1.168702412,      -8.172407929
          0,           0,          93,      -4.301604041,      -1.818795768,               -32,      -1.805958663,       1.169622883,      -8.168282041
          0,           0,          94,      -4.301701108,      -1.819447171,               -32,      -1.802893923,       1.169364218,      -8.164478504
          0,           0,          95,      -4.303225769,      -1.823714802,               -32,      -1.802409843,       1.167639944,      -8.161265689
          0,           0,          96,      -4.306600802,      -1.831524995,               -32,      -1.804965383,       1.164163613,      -8.158579969
          0,           0,          97,      -4.311742843,      -1.842752181,               -32,      -1.810717055,       1.159021132,      -8.156318819
          0,           0,          98,      -4.318397814,      -1.857155004,               -32,      -1.819666774,       1.152314314,       -8.15441835
          0,           0,          99,      -4.326574255,      -1.874197149,               -32,      -1.831510547,       1.144220334,      -8.152852403
          0,           0,         100,      -4.335556595,      -1.892814324,               -32,      -1.845704304,       1.135327535,      -8.151249007
          0,           0,         101,      -4.345037131,      -1.912466847,               -32,      -1.861354058,       1.125984021,      -8.149547419
          0,           0,         102,      -4.354588781,      -1.931302866,               -32,      -1.877291258,       1.116704759,      -8.147569283
          0,           0,         103,      -4.363450603,       -1.94805687,               -32,       -1.89198883,       1.108100543,      -8.145217896
          0,           0,         104,      -4.371219711,      -1.960966272,               -32,      -1.904002062,       1.100512806,      -8.142437091
          0,           0,         105,      -4.377627456,      -1.968769204,               -32,      -1.912046883,       1.094381355,      -8.139129263
          0,           0,         106,      -4.382182933,       -1.97073716,               -32,      -1.915552619,       1.089892115,      -8.135392965
          0,           0,         107,      -4.385169384,      -1.967323181,               -32,      -1.914501966,       1.086868205,       -8.13123771
          0,           0,         108,       -4.38718245,      -1.959617537,               -32,      -1.909787176,       1.084782544,      -8.126812633
          0,           0,         109,      -4.388816807,      -1.949096954,               -32,      -1.902669393,       1.083105334,      -8.122261398
          0,           0,         110,      -4.390427723,      -1.937385211,               -32,      -1.894583234,       1.081212173,      -8.117633848
          0,           0,         111,      -4.392791674,      -1.925779522,               -32,      -1.886893113,       1.078563968,      -8.113253349
          0,           0,         112,      -4.396638091,      -1.915595946,               -32,      -1.880500766,       1.074632193,      -8.109077398
          0,           0,         113,       -4.40208049,      -1.907571478,               -32,      -1.876371134,       1.069043612,       -8.10514368
          0,           0,         114,      -4.409268795,       -1.90229443,               -32,      -1.874973567,       1.061648334,      -8.101337639
          0,           0,         115,      -4.418385385,      -1.900161064,               -32,      -1.876747251,       1.052488385,      -8.097793078
          0,           0,         116,      -4.429185099,      -1.901631204,               -32,      -1.881838564,       1.041645975,      -8.094304529
          0,           0,         117,      -4.441188641,      -1.906708753,               -32,      -1.890256596,       1.029559125,      -8.091004535
          0,           0,         118,      -4.454165051,      -1.915949379,               -32,      -1.901904271,       1.016663078,      -8.087780781
          0,           0,         119,      -4.467735269,      -1.929363094,               -32,      -1.916484482,       1.003300494,      -8.084494399
          0,           0,         120,      -4.480908792,      -1.946952756,               -32,        -1.9335038,      0.9902625059,      -8.081043846
          0,           0,         121,      -4.493043895,      -1.968688987,               -32,      -1.952290493,      0.9783658269,      -8.077541635
          0,           0,         122,      -4.503657186,      -1.994415458,               -32,      -1.971916775,      0.9681107091,      -8.073856594
          0,           0,         123,      -4.511857487,      -2.023105283,               -32,      -1.991238163,      0.9600941016,      -8.070115508
          0,           0,         124,      -4.517562292,        -2.0539089,               -32,       -2.00891087,      0.9546258262,      -8.066325469
          0,           0,         125,       -4.52100399,      -2.084580297,               -32,      -2.023677812,      0.9513701233,      -8.062434049
          0,           0,         126,      -4.522268655,      -2.111943515,               -32,      -2.034518016,      0.9500748789,      -8.058543924
          0,           0,         127,      -4.522174028,      -2.132671076,               -32,      -2.040833136,      0.9501526895,      -8.054737742
          0,           0,         128,      -4.521586403,      -2.143625154,               -32,      -2.042701253,      0.9506918611,      -8.051010455
          0,           0,         129,      -4.521158333,      -2.143485757,               -32,      -2.040826268,      0.9509652511,      -8.047462259
          0,           0,         130,      -4.521766444,      -2.133618173,               -32,      -2.036065643,      0.9502599978,      -8.044101846
          0,           0,         131,      -4.524107824,      -2.116997994,               -32,      -2.029627988,      0.9479194273,      -8.040948568
          0,           0,         132,      -4.528368792,      -2.097134116,               -32,      -2.022572627,      0.9436038756,      -8.037989125
          0,           0,         133,       -4.53480471,      -2.076903463,               -32,      -2.015867893,      0.9371278251,      -8.035196893
          0,           0,         134,      -4.543656064,      -2.058460277,               -32,       -2.01012162,      0.9284732643,      -8.032536012
          0,           0,         135,      -4.554424668,      -2.043122461,               -32,      -2.006011657,      0.9177785997,      -8.030011945
          0,           0,         136,      -4.566859608,      -2.031591694,               -32,      -2.003912964,      0.9053727272,      -8.027545537
          0,           0,         137,      -4.580716844,      -2.024426906,               -32,      -2.004190636,      0.8917889964,      -8.025131308
          0,           0,         138,      -4.594802204,       -2.02172817,               -32,      -2.007116926,      0.8777172267,      -8.022674531
          0,           0,         139,      -4.608638543,      -2.023826008,               -32,      -2.012727583,      0.8638443406,      -8.020182692
          0,           0,         140,      -4.621671964,      -2.030672815,               -32,      -2.021109777,      0.8509545364,      -8.017630675
          0,           0,         141,      -4.632567227,      -2.042344746,               -32,      -2.032144553,      0.8399345286,      -8.014998015
          0,           0,         142,        -4.6413074,      -2.058877291,               -32,      -2.045598732,      0.8310782946,      -8.012315857
          0,           0,         143,      -4.647407575,      -2.079815209,               -32,      -2.061120382,      0.8249472793,      -8.009516251
          0,           0,         144,      -4.650413877,      -2.105081059,               -32,      -2.078137955,      0.8216973006,      -8.006618839
          0,           0,         145,      -4.651221753,      -2.133890223,               -32,      -2.095885555,      0.8207101934,      -8.003668355
          0,           0,         146,      -4.650036213,      -2.164674249,               -32,      -2.113452181,      0.8217475979,      -8.000599025
          0,           0,         147,      -4.647287286,      -2.195699716,               -32,       -2.12975487,      0.8242430487,      -7.997442599
          0,           0,         148,      -4.644113592,      -2.223797983,               -32,      -2.143684046,      0.8272570263,      -7.994202841
          0,           0,         149,      -4.640924784,       -2.24512895,               -32,      -2.154328851,       0.830313188,      -7.990822246
          0,           0,         150,      -4.638240378,      -2.256623255,               -32,      -2.160948694,      0.8328184152,      -7.987372852
          0,           0,         151,       -4.63688253,      -2.256494661,               -32,      -2.163382383,      0.8341019028,      -7.983872011
          0,           0,         152,      -4.637018126,      -2.245685598,               -32,      -2.161986699,      0.8339098168,      -7.980246137
          0,           0,         153,      -4.638931819,      -2.227223409,               -32,       -2.15722749,      0.8319154757,      -7.976532117
          0,           0,         154,      -4.642994891,      -2.204701979,               -32,      -2.150216083,      0.8278864801,       -7.97277145
          0,           0,         155,      -4.649101319,      -2.181213746,               -32,      -2.141873875,      0.8218672676,      -7.968923452
          0,           0,         156,      -4.657058819,       -2.15901715,               -32,      -2.133090847,      0.8138926333,      -7.965029715
          0,           0,         157,      -4.666850455,      -2.139487652,               -32,       -2.12479322,      0.8041849466,      -7.961076777
          0,           0,         158,       -4.67794067,      -2.123373073,               -32,      -2.117603824,      0.7931955952,      -7.957034094
          0,           0,         159,      -4.689633108,      -2.111193534,               -32,      -2.111980094,      0.7814342779,       -7.95291377
          0,           0,         160,      -4.701491386,       -2.10308357,               -32,       -2.10836826,      0.7695135666,      -7.948687808
          0,           0,         161,      -4.712879008,      -2.099199188,               -32,      -2.107019261,      0.7581087521,      -7.944372275
          0,           0,         162,      -4.722779857,      -2.099507275,               -32,      -2.108154995,      0.7479799552,      -7.939978548
          0,           0,         163,       -4.73065546,      -2.104026725,               -32,      -2.111856816,      0.7397981148,      -7.935516665
          0,           0,         164,      -4.736543524,      -2.112835482,               -32,      -2.118158785,      0.7337563948,      -7.931007218
          0,           0,         165,       -4.73992336,      -2.125680429,               -32,      -2.126996215,      0.7300672503,      -7.926455864
          0,           0,         166,      -4.740976202,      -2.142551608,               -32,      -2.138169113,      0.7287270654,       -7.92189129
          0,           0,         167,      -4.740533672,      -2.163307537,               -32,       -2.15141946,      0.7290832131,      -7.917316691
          0,           0,         168,      -4.738800021,      -2.187382882,               -32,       -2.16626217,       0.730676908,      -7.912731377
          0,           0,         169,      -4.736438766,      -2.214233899,               -32,      -2.182077381,      0.7330149515,      -7.908164602
          0,           0,         170,      -4.734212145,      -2.242841174,               -32,      -2.198098702,       0.735352309,      -7.903608748
          0,           0,         171,      -4.732298976,       -2.27137345,               -32,      -2.213314441,      0.7373165481,      -7.899098715
          0,           0,         172,      -4.731213937,      -2.297803691,               -32,      -2.226692672,      0.7385902388,      -7.894635151
          0,           0,         173,      -4.731242693,      -2.319397596,               -32,      -2.237251648,      0.7387581436,      -7.890218202
          0,           0,         174,      -4.732345358,      -2.333473871,               -32,      -2.244220287,      0.7377575511,      -7.885860704
          0,           0,         175,      -4.734815924,      -2.338611682,               -32,      -2.247178669,      0.7355155025,      -7.881553438
          0,           0,         176,      -4.738564132,      -2.334755612,               -32,      -2.246322632,       0.731915224,      -7.877290959
          0,           0,         177,      -4.743444563,       -2.32354059,               -32,      -2.242229486,      0.7270697323,      -7.873072459
          0,           0,         178,      -4.749636282,      -2.307503067,               -32,      -2.235720977,      0.7210304902,      -7.868889754
          0,           0,         179,      -4.756840009,      -2.289234485,               -32,      -2.227959585,      0.7138654419,      -7.864730771
          0,           0,         180,      -4.764827551,      -2.270834958,               -32,      -2.219871418,      0.7057953466,      -7.860605205
          0,           0,         181,      -4.773692761,      -2.253829072,               -32,      -2.212367054,      0.6969834129,      -7.856500366
          0,           0,         182,      -4.782948166,      -2.239197843,               -32,      -2.206158428,      0.6876623536,      -7.852415111
          0,           0,         183,      -4.792335241,      -2.227541134,               -32,      -2.201745188,      0.6781345047,      -7.848357125
          0,           0,         184,      -4.801800765,       -2.21922765,               -32,       -2.19963197,      0.6685966508,      -7.844326338
          0,           0,         185,      -4.810862671,       -2.21439294,               -32,      -2.199972461,      0.6594958902,      -7.840314919
          0,           0,         186,      -4.819075981,      -2.213216654,               -32,        -2.2030441,      0.6511685216,      -7.836324787
          0,           0,         187,       -4.82648694,      -2.215698251,               -32,       -2.20888736,      0.6436980519,        -7.8323652
          0,           0,         188,      -4.832875729,      -2.221823954,               -32,      -2.217415851,       0.637482718,       -7.82844001
          0,           0,         189,      -4.837669738,      -2.231593899,               -32,      -2.228542403,      0.6327050971,      -7.824541066
          0,           0,         190,      -4.841281315,        -2.2448232,               -32,      -2.241967382,      0.6291942973,      -7.820675476
          0,           0,         191,      -4.843633423,      -2.261146643,               -32,      -2.257202562,      0.6270990428,      -7.816805322
          0,           0,         192,      -4.844493757,      -2.280177942,               -32,      -2.273705572,      0.6263428265,      -7.812957788
          0,           0,         193,      -4.844583564,      -2.300997187,               -32,       -2.29071485,      0.6264065561,      -7.809136726
          0,           0,         194,      -4.844007059,      -2.322356586,               -32,       -2.30718217,      0.6271794756,      -7.805308067
          0,           0,         195,      -4.842821152,      -2.342679069,               -32,      -2.322160322,      0.6283517226,      -7.801483634
          0,           0,         196,      -4.841907976,      -2.359830586,               -32,       -2.33462125,      0.6293059296,      -7.797648053
          0,           0,         197,      -4.841214788,      -2.371874784,               -32,      -2.343582878,      0.6299076925,      -7.793774978
          0,           0,         198,      -4.841212603,      -2.377122203,               -32,      -2.348725091,      0.6297410528,      -7.789891082
          0,           0,         199,        -4.8425003,      -2.375093711,               -32,       -2.34994812,      0.6283805904,      -7.785983105
          0,           0,         200,      -4.844903445,      -2.366559396,               -32,      -2.347561376,      0.6257326959,      -7.782021835
          0,           0,         201,       -4.84894836,      -2.352886878,               -32,       -2.34242767,      0.6214307089,      -7.778049304
          0,           0,         202,      -4.854839616,      -2.336315106,               -32,      -2.335445795,      0.6154630077,      -7.774029011
          0,           0,         203,      -4.862202176,      -2.318594163,               -32,      -2.327535663,      0.6078868361,      -7.769975021
          0,           0,         204,      -4.871267421,       -2.30130753,               -32,      -2.319611729,      0.5985964622,      -7.765881414
          0,           0,         205,      -4.882072046,      -2.285617845,               -32,      -2.312397657,      0.5878631808,      -7.761749689
          0,           0,         206,      -4.893661189,      -2.272305803,               -32,      -2.306469841,       0.576047385,      -7.757576947
          0,           0,         207,      -4.905947335,      -2.261775883,               -32,      -2.302281724,      0.5635265102,      -7.753360831
          0,           0,         208,       -4.91881284,      -2.254385667,               -32,      -2.300181648,      0.5508338069,      -7.749129416
          0,           0,         209,      -4.931031413,      -2.250416179,               -32,      -2.300306064,      0.5384943223,      -7.744842701
          0,           0,         210,      -4.941978684,      -2.249768991,               -32,      -2.302806173,      0.5272886987,      -7.740523389
          0,           0,         211,      -4.951507022,      -2.252645398,               -32,      -2.307762647,      0.5178798218,      -7.736175863
          0,           0,         212,       -4.95899614,      -2.258985688,               -32,      -2.315085022,      0.5104267703,      -7.731799476
          0,           0,         213,      -4.963778735,      -2.268605129,               -32,      -2.324565092,      0.5054182936,      -7.727409722
          0,           0,         214,      -4.966304019,      -2.281460942,               -32,      -2.335949706,      0.5028992899,      -7.723004442
          0,           0,         215,      -4.966964487,        -2.2971517,               -32,      -2.348928356,      0.5022966902,      -7.718590292
          0,           0,         216,      -4.965681993,      -2.315065017,               -32,      -2.362871954,      0.5033556448,      -7.714173781
          0,           0,         217,       -4.96349043,      -2.334699776,               -32,      -2.377117298,      0.5056095259,      -7.709777402
          0,           0,         218,      -4.961011909,      -2.354889711,               -32,      -2.390988722,      0.5081139917,      -7.705377696
          0,           0,         219,      -4.958429735,      -2.374247048,               -32,      -2.403549819,      0.5104895478,      -7.701001861
          0,           0,         220,      -4.956620695,      -2.391446884,               -32,      -2.413952606,      0.5123496795,      -7.696630532
          0,           0,         221,      -4.955858146,      -2.404762249,               -32,       -2.42165453,      0.5130751017,       -7.69227612
          0,           0,         222,      -4.956243677,      -2.412951258,               -32,      -2.426207005,      0.5125097325,      -7.687954917
          0,           0,         223,      -4.958281082,      -2.415529398,               -32,      -2.427430748,       0.510503198,      -7.683645447
          0,           0,         224,       -4.96189677,      -2.412579336,               -32,       -2.42579819,      0.5068260804,      -7.679364644
          0,           0,         225,      -4.967026128,      -2.405084793,               -32,      -2.421836508,      0.5015683731,      -7.675105289
          0,           0,         226,      -4.973844329,      -2.394504577,               -32,      -2.416131401,      0.4948029784,       -7.67086777
          0,           0,         227,      -4.981947974,      -2.382255894,               -32,      -2.409702427,      0.4866130183,      -7.666648877
          0,           0,         228,      -4.991141726,      -2.369661384,               -32,      -2.403287731,      0.4773083366,        -7.6624588
          0,           0,         229,      -5.001320531,      -2.357853539,               -32,      -2.397364596,      0.4672456516,      -7.658297552
          0,           0,         230,      -5.011535375,      -2.347624017,               -32,      -2.392624405,       0.456761323,      -7.654137399
          0,           0,         231,      -5.021842803,      -2.339380397,               -32,      -2.389589799,      0.4462520424,       -7.64998263
          0,           0,         232,        -5.0317616,      -2.333485596,               -32,      -2.388395761,      0.4364795476,      -7.645869637
          0,           0,         233,      -5.040181255,      -2.330293859,               -32,      -2.389225265,      0.4277523076,      -7.641775552
          0,           0,         234,      -5.047525174,      -2.329691904,               -32,      -2.392372513,       0.420194864,      -7.637696387
          0,           0,         235,      -5.053371642,      -2.331569836,               -32,      -2.397849536,      0.4144354094,       -7.63366975
          0,           0,         236,      -5.057014188,      -2.336043448,               -32,      -2.405412981,      0.4106426731,      -7.629670423
          0,           0,         237,      -5.059315335,      -2.342669082,               -32,      -2.415136442,      0.4083501471,      -7.625714742
          0,           0,         238,      -5.060076472,      -2.351061847,               -32,      -2.426676552,      0.4077054366,      -7.621810117
          0,           0,         239,      -5.059382149,      -2.360938691,               -32,      -2.439489552,      0.4084203745,      -7.617950608
          0,           0,         240,      -5.058094053,      -2.371465707,               -32,      -2.453266742,      0.4098742924,      -7.614119483
          0,           0,         241,       -5.05605345,      -2.381963498,               -32,      -2.467151945,      0.4120004782,      -7.610332891
          0,           0,         242,      -5.053779706,      -2.391652753,               -32,      -2.480329767,      0.4143196796,      -7.606575929
          0,           0,         243,      -5.051853116,      -2.399473612,               -32,      -2.492192588,      0.4164194466,      -7.602851355
          0,           0,         244,      -5.049953684,      -2.404894373,               -32,      -2.501527044,      0.4182872273,      -7.599159853
          0,           0,         245,      -5.048825279,      -2.407179217,               -32,      -2.508001227,      0.4193929498,      -7.595459947
          0,           0,         246,      -5.048610094,      -2.406120031,               -32,      -2.511337705,      0.4196778207,      -7.591782815
          0,           0,         247,      -5.048975172,      -2.402079486,               -32,       -2.51097102,      0.4191574457,      -7.588115977
          0,           0,         248,      -5.050810373,       -2.39529089,               -32,      -2.507980234,      0.4173573194,      -7.584452059
          0,           0,         249,      -5.053447327,      -2.386746579,               -32,      -2.502475838,      0.4144847584,      -7.580797778
          0,           0,         250,      -5.057216478,      -2.376956925,               -32,      -2.495458174,      0.4103896963,      -7.577134001
          0,           0,         251,      -5.062788441,      -2.366835344,               -32,      -2.487818422,      0.4050159474,      -7.573464446
          0,           0,         252,       -5.06897348,       -2.35712376,               -32,      -2.479927806,      0.3985587801,      -7.569778468
          0,           0,         253,      -5.076596917,        -2.3482369,               -32,      -2.472889249,      0.3908524768,      -7.566082747
          0,           0,         254,      -5.085324716,      -2.340609361,               -32,       -2.46696428,      0.3823011898,      -7.562376304
          0,           0,         255,      -5.094326767,      -2.334497784,               -32,      -2.462745757,      0.3730100193,      -7.558636368
          0,           0,         256,      -5.104181597,      -2.330337402,               -32,       -2.46022218,      0.3631752354,      -7.554873283
          0,           0,         257,      -5.113927717,      -2.327867698,               -32,      -2.459952399,      0.3534418346,      -7.551090448
          0,           0,         258,      -5.123217429,      -2.327266954,               -32,      -2.461915718,      0.3439364146,       -7.54727841
          0,           0,         259,      -5.131927802,      -2.328711452,               -32,      -2.465809912,      0.3351979587,      -7.543450812
          0,           0,         260,      -5.139668394,      -2.331845693,               -32,      -2.471999246,      0.3273582187,      -7.539581268
          0,           0,         261,      -5.145708904,      -2.336544119,               -32,       -2.48001255,      0.3210262034,      -7.535686052
          0,           0,         262,      -5.150250266,      -2.342786169,               -32,      -2.489467213,      0.3165154376,      -7.531775044
          0,           0,         263,      -5.153245949,      -2.350077461,               -32,      -2.500282476,      0.3134499203,      -7.527836207
          0,           0,         264,      -5.154330453,       -2.35804434,               -32,      -2.511674701,      0.3121005185,      -7.523880551
          0,           0,         265,      -5.154164587,      -2.366453166,               -32,      -2.522886083,      0.3123832361,      -7.519902331
          0,           0,         266,       -5.15279383,      -2.374581415,               -32,      -2.533622483,      0.3136330718,      -7.515896206
          0,           0,         267,      -5.150424932,      -2.381995506,               -32,      -2.542853196,      0.3157066631,      -7.511876256
          0,           0,         268,       -5.14798978,      -2.388280582,               -32,      -2.550074533,      0.3181604769,       -7.50783982
          0,           0,         269,      -5.145636259,      -2.392919973,               -32,      -2.555036959,       0.320318242,      -7.503787749
          0,           0,         270,      -5.143663781,      -2.395794937,               -32,      -2.557213152,      0.3219647754,       -7.49972703
          0,           0,         271,      -5.142828769,      -2.396682852,               -32,      -2.557062339,      0.3227139032,      -7.495656938
          0,           0,         272,      -5.143206692,       -2.39574816,               -32,      -2.554812668,      0.3221091111,      -7.491564628
          0,           0,         273,      -5.144966819,      -2.393373545,               -32,      -2.550747058,      0.3200424233,       -7.48747777
          0,           0,         274,      -5.148491559,      -2.389694453,               -32,      -2.545901804,      0.3163774938,      -7.483391981
          0,           0,         275,      -5.153654123,       -2.38528601,               -32,      -2.540646107,      0.3109632871,      -7.479293379
          0,           0,         276,      -5.160510995,      -2.380612206,               -32,       -2.53556122,      0.3038682261,      -7.475194912
          0,           0,         277,      -5.168876375,      -2.375984071,               -32,      -2.531246577,      0.2952501404,      -7.471101212
          0,           0,         278,       -5.17845319,      -2.371754228,               -32,      -2.528054571,      0.2853244637,      -7.467012553
          0,           0,         279,       -5.18933405,      -2.368203488,               -32,      -2.526402477,      0.2743722457,      -7.462933196
          0,           0,         280,      -5.200396576,      -2.365614309,               -32,       -2.52628586,      0.2628671049,      -7.458870449
          0,           0,         281,      -5.211449124,      -2.363968263,               -32,      -2.528018316,       0.251382162,      -7.454826363
          0,           0,         282,      -5.222506132,      -2.363379242,               -32,      -2.531594596,       0.240454995,      -7.450795369
          0,           0,         283,      -5.231777358,       -2.36388432,               -32,      -2.536985229,      0.2307833087,      -7.446792739
          0,           0,         284,      -5.239597628,      -2.365328213,               -32,      -2.544045409,        0.22275352,      -7.442834579
          0,           0,         285,      -5.245725197,       -2.36761745,               -32,      -2.552392653,      0.2169124179,      -7.438902797
          0,           0,         286,      -5.248941648,      -2.370525477,               -32,      -2.562095268,      0.2135850442,      -7.435031375
          0,           0,         287,      -5.250188613,      -2.373809652,               -32,      -2.572492729,      0.2124529781,      -7.431193286
          0,           0,         288,      -5.249580791,      -2.377219095,               -32,      -2.582924145,      0.2134444217,      -7.427388348
          0,           0,         289,      -5.246919732,      -2.380388077,               -32,      -2.593358903,      0.2161887472,      -7.423634165
          0,           0,         290,      -5.243489205,      -2.383057301,               -32,      -2.602874456,       0.219880126,      -7.419916115
          0,           0,         291,        -5.2395306,       -2.38499155,               -32,      -2.610854324,      0.2240755586,      -7.416231867
          0,           0,         292,      -5.235493489,      -2.385920526,               -32,      -2.617241021,      0.2282306955,      -7.412573888
          0,           0,         293,       -5.23240422,      -2.385782468,               -32,      -2.621434257,       0.231627556,      -7.408940682
          0,           0,         294,      -5.230012942,      -2.384552768,               -32,      -2.623546211,      0.2339663624,      -7.405339735
          0,           0,         295,      -5.229160039,      -2.382310301,               -32,      -2.623432442,      0.2349101171,      -7.401747381
          0,           0,         296,      -5.230303795,      -2.379234058,               -32,      -2.621448886,      0.2340771402,      -7.398162738
          0,           0,         297,      -5.232728069,        -2.3754545,               -32,      -2.618488713,      0.2314471052,      -7.394587763
          0,           0,         298,       -5.23746865,       -2.37136532,               -32,      -2.614221623,      0.2268236944,      -7.391007045
          0,           0,         299,      -5.243974003,      -2.367154507,               -32,       -2.60971786,      0.2201878911,      -7.387430768
          0,           0,         300,      -5.252269371,      -2.363081913,               -32,      -2.605102529,      0.2118264032,       -7.38384807
          0,           0,         301,      -5.262606943,      -2.359351161,               -32,      -2.601083182,       0.201635521,      -7.380257292
          0,           0,         302,        -5.2739254,      -2.356131972,               -32,      -2.598161823,       0.189908401,       -7.37664052
          0,           0,         303,      -5.286357597,      -2.353658283,               -32,      -2.596067937,      0.1771752038,      -7.373016122
          0,           0,         304,      -5.299611819,      -2.352004983,               -32,      -2.595085968,      0.1639368091,      -7.369382661
          0,           0,         305,      -5.312652579,      -2.351210663,               -32,      -2.595511416,      0.1506076309,      -7.365729487
          0,           0,         306,       -5.32478935,      -2.351205263,               -32,      -2.597942178,      0.1377813811,      -7.362076028
          0,           0,         307,       -5.33591556,       -2.35214684,               -32,      -2.601321157,      0.1263847646,      -7.358399386
          0,           0,         308,      -5.345020559,      -2.353921809,               -32,      -2.605716793,      0.1169435887,      -7.354710448
          0,           0,         309,      -5.351649876,      -2.356313831,               -32,        -2.6117933,      0.1098704515,        -7.3510187
          0,           0,         310,      -5.355995009,      -2.359294349,               -32,      -2.618621658,      0.1052513689,      -7.347315352
          0,           0,         311,      -5.357830657,      -2.362705201,               -32,      -2.625781238,      0.1031108208,      -7.343605035
          0,           0,         312,      -5.357672034,      -2.366308216,               -32,      -2.633358137,      0.1031987799,      -7.339895954
          0,           0,         313,      -5.356046861,      -2.369919118,               -32,      -2.640718659,      0.1047706407,      -7.336180649
          0,           0,         314,      -5.353349956,      -2.373331968,               -32,      -2.647562142,      0.1072363771,      -7.332471978
          0,           0,         315,      -5.350563987,      -2.376390275,               -32,      -2.653381985,      0.1100518238,      -7.328760999
          0,           0,         316,      -5.348162198,      -2.378921588,               -32,      -2.657886594,      0.1124285004,      -7.325046233
          0,           0,         317,      -5.346451265,      -2.380778499,               -32,      -2.661225557,      0.1138758325,       -7.32134906
          0,           0,         318,      -5.346128825,      -2.381960875,               -32,      -2.662892492,      0.1140850444,      -7.317655016
          0,           0,         319,      -5.347418982,       -2.38245301,               -32,      -2.663082936,      0.1125880595,      -7.313970817
          0,           0,         320,      -5.350385184,      -2.382270006,               -32,      -2.662254895,      0.1092339249,      -7.310301742
          0,           0,         321,      -5.355268987,      -2.381548969,               -32,      -2.660396122,      0.1039700935,      -7.306642228
          0,           0,         322,       -5.36200687,      -2.380415802,               -32,      -2.657932241,     0.09672630438,       -7.30299035
          0,           0,         323,       -5.37045439,      -2.379005489,               -32,      -2.655293638,       0.087662813,      -7.299364613
          0,           0,         324,      -5.380427984,      -2.377479283,               -32,      -2.652816512,     0.07697171831,      -7.295758161
          0,           0,         325,       -5.39155086,      -2.375989122,               -32,      -2.650806099,     0.06500358349,      -7.292179067
          0,           0,         326,      -5.403397311,      -2.374669134,               -32,      -2.649523406,     0.05225897495,      -7.288624495
          0,           0,         327,      -5.415356184,      -2.373616595,               -32,      -2.649262721,     0.03931573325,      -7.285095079
          0,           0,         328,      -5.426800547,      -2.372922503,               -32,      -2.650123888,     0.02687555584,      -7.281596299
          0,           0,         329,      -5.437080163,      -2.372636941,               -32,      -2.652219655,      0.0156736907,       -7.27813351
          0,           0,         330,      -5.445523587,      -2.372772115,               -32,       -2.65559509,    0.006433094474,      -7.274707171
          0,           0,         331,      -5.451726757,      -2.373320313,               -32,       -2.66017917,  -0.0003513053353,      -7.271334148
          0,           0,         332,       -5.45545665,      -2.374233923,               -32,       -2.66589021,   -0.004411597383,      -7.268014702
          0,           0,         333,      -5.456750829,      -2.375441535,               -32,      -2.672527122,   -0.005762556582,      -7.264756213
          0,           0,         334,      -5.455943668,      -2.376850467,               -32,      -2.679824787,   -0.004757847796,      -7.261558663
          0,           0,         335,      -5.453492751,      -2.378346977,               -32,      -2.687493598,   -0.001924102722,      -7.258422382
          0,           0,         336,      -5.449980465,      -2.379813931,               -32,      -2.695154701,    0.002100061307,      -7.255347423
          0,           0,         337,      -5.446006831,      -2.381134515,               -32,       -2.70242234,    0.006647549477,      -7.252324814
          0,           0,         338,      -5.442088542,      -2.382200029,               -32,       -2.70893999,     0.01113525691,      -7.249349293
          0,           0,         339,      -5.438691477,       -2.38292526,               -32,      -2.714365258,      0.0150621018,      -7.246428071
          0,           0,         340,      -5.436184964,      -2.383251819,               -32,      -2.718456548,     0.01802745038,      -7.243560449
          0,           0,         341,      -5.434831121,      -2.383153969,               -32,      -2.721079926,     0.01974922824,      -7.240740173
          0,           0,         342,      -5.434828243,      -2.382642304,               -32,      -2.722213327,      0.0200260362,      -7.237964677
          0,           0,         343,      -5.436288083,      -2.381759154,               -32,      -2.721970837,     0.01874067173,      -7.235230024
          0,           0,         344,      -5.439256244,      -2.380575555,               -32,      -2.720556176,     0.01585068744,      -7.232527773
          0,           0,         345,      -5.443726457,      -2.379181797,               -32,      -2.718262958,     0.01136651792,      -7.229859883
          0,           0,         346,      -5.449620464,      -2.377680771,               -32,      -2.715421091,    0.005368865424,      -7.227223835
          0,           0,         347,      -5.456810697,      -2.376177995,               -32,      -2.712380339,   -0.002011170596,       -7.22460697
          0,           0,         348,      -5.465104042,      -2.374774942,               -32,      -2.709481004,    -0.01057974219,      -7.222018893
          0,           0,         349,      -5.474245873,      -2.373565847,               -32,      -2.707011182,    -0.02007423123,       -7.21945425
          0,           0,         350,      -5.483928372,      -2.372631154,               -32,      -2.705212089,    -0.03017382439,      -7.216916372
          0,           0,         351,      -5.493797561,      -2.372036865,               -32,      -2.704251613,    -0.04049828039,      -7.214407705
          0,           0,         352,      -5.503475649,      -2.371830379,               -32,      -2.704237469,    -0.05063402988,      -7.211925571
          0,           0,         353,      -5.512586315,      -2.372037752,               -32,      -2.705224813,    -0.06017014386,      -7.209465432
          0,           0,         354,      -5.520797511,      -2.372664147,               -32,      -2.707210926,    -0.06873610155,      -7.207029489
          0,           0,         355,      -5.527843165,      -2.373693513,               -32,      -2.710138425,     -0.0760405184,       -7.20462156
          0,           0,         356,      -5.533574763,      -2.375090247,               -32,      -2.713892234,     -0.0819166818,      -7.202245109
          0,           0,         357,       -5.53795651,      -2.376800776,               -32,      -2.718305473,    -0.08632866316,      -7.199896777
          0,           0,         358,      -5.541074287,      -2.378756575,               -32,      -2.723164761,    -0.08937962835,      -7.197584257
          0,           0,         359,      -5.543120288,      -2.380877583,               -32,      -2.728222693,    -0.09129087925,       -7.19531078
          0,           0,         360,      -5.544355372,      -2.383076831,               -32,      -2.733215313,     -0.0923641484,      -7.193080003
          0,           0,         361,      -5.545090622,      -2.385265942,               -32,      -2.737879517,    -0.09295236752,      -7.190895217
          0,           0,         362,      -5.545652704,      -2.387360647,               -32,      -2.741978339,    -0.09342226883,      -7.188756203
          0,           0,         363,      -5.546359309,      -2.389286857,               -32,      -2.745321775,    -0.09412666813,      -7.186669671
          0,           0,         364,      -5.547504271,      -2.390985913,               -32,      -2.747784736,    -0.09538632742,      -7.184634426
          0,           0,         365,       -5.54933912,      -2.392418581,               -32,      -2.749320113,     -0.0974736477,      -7.182651181
          0,           0,         366,      -5.552063114,      -2.393567524,               -32,       -2.74996038,     -0.1006032897,      -7.180724167
          0,           0,         367,      -5.555815545,      -2.394437593,               -32,      -2.749811691,     -0.1049254996,      -7.178852132
          0,           0,         368,      -5.560666796,      -2.395054163,               -32,      -2.749040424,     -0.1105188693,      -7.177041089
          0,           0,         369,      -5.566612148,      -2.395459852,               -32,      -2.747854551,     -0.1173836769,      -7.175298131
          0,           0,         370,      -5.573565229,      -2.395710027,               -32,      -2.746484364,     -0.1254339599,      -7.173629199
          0,           0,         371,      -5.581351859,      -2.395867763,               -32,      -2.745164151,     -0.1344886855,      -7.172040013
          0,           0,         372,       -5.58970761,      -2.395998753,               -32,      -2.744116749,     -0.1442648336,      -7.170528303
          0,           0,         373,      -5.598281355,       -2.39616655,               -32,      -2.743541656,     -0.1543759462,      -7.169098344
          0,           0,         374,      -5.606649881,      -2.396428408,               -32,       -2.74360624,     -0.1643422354,      -7.167755176
          0,           0,         375,      -5.614348012,      -2.396831823,               -32,      -2.744439504,     -0.1736190757,      -7.166503658
          0,           0,         376,      -5.620915803,      -2.397411822,               -32,      -2.746127533,     -0.1816483055,      -7.165347378
          0,           0,         377,       -5.62595881,      -2.398189014,               -32,      -2.748710006,     -0.1879300917,      -7.164289796
          0,           0,         378,       -5.62920942,      -2.399168454,               -32,      -2.752177599,      -0.192102458,      -7.163333944
          0,           0,         379,      -5.630572453,      -2.400339406,               -32,      -2.756470433,     -0.1940064942,      -7.162479104
          0,           0,         380,      -5.630140192,      -2.401676119,               -32,      -2.761478232,     -0.1937150026,       -7.16172957
          0,           0,         381,      -5.628172176,      -2.403139641,               -32,      -2.767043022,     -0.1915144244,      -7.161097101
          0,           0,         382,      -5.625048054,      -2.404680631,               -32,      -2.772965199,     -0.1878481448,      -7.160576648
          0,           0,         383,      -5.621209545,      -2.406243042,               -32,       -2.77901365,     -0.1832421517,      -7.160169956
          0,           0,         384,      -5.617107041,      -2.407768426,               -32,      -2.784940118,     -0.1782350577,      -7.159879033
          0,           0,         385,      -5.613160111,      -2.409200607,               -32,      -2.790497279,     -0.1733262583,      -7.159697265
          0,           0,         386,      -5.609733937,      -2.410490298,               -32,       -2.79545904,     -0.1689457205,      -7.159623121
          0,           0,         387,      -5.607128966,      -2.411599215,               -32,      -2.799640701,     -0.1654418892,      -7.159648905
          0,           0,         388,      -5.605579377,      -2.412503227,               -32,      -2.802916077,     -0.1630815395,      -7.159771458
          0,           0,         389,      -5.605256147,      -2.413194203,               -32,      -2.805228894,     -0.1620557028,      -7.159989981
          0,           0,         390,      -5.606271606,      -2.413680366,               -32,      -2.806596686,     -0.1624873361,      -7.160296414
          0,           0,         391,      -5.608683444,      -2.413985222,               -32,      -2.807106826,     -0.1644380434,      -7.160685642
          0,           0,         392,      -5.612497072,      -2.414145271,               -32,      -2.806905808,     -0.1679124615,      -7.161150127
          0,           0,         393,       -5.61766596,      -2.414206862,               -32,      -2.806183833,     -0.1728598817,      -7.161684759
          0,           0,         394,      -5.624090267,      -2.414222598,               -32,      -2.805157101,      -0.179173387,       -7.16228499
          0,           0,         395,      -5.631614757,        -2.4142477,               -32,      -2.804049792,     -0.1866874159,      -7.162948956
          0,           0,         396,      -5.640027719,      -2.414336625,               -32,      -2.803077217,      -0.195175368,      -7.163665067
          0,           0,         397,       -5.64906312,      -2.414540129,               -32,      -2.802431283,     -0.2043497402,      -7.164430773
          0,           0,         398,      -5.658408393,      -2.414902746,               -32,      -2.802269339,     -0.2138681345,      -7.165244511
          0,           0,         399,      -5.667719814,       -2.41546063,               -32,      -2.802707103,     -0.2233486339,      -7.166102034
          0,           0,         400,      -5.676646346,      -2.416239713,               -32,      -2.803815318,     -0.2323966566,       -7.16699744
          0,           0,         401,       -5.68486085,      -2.417254324,               -32,      -2.805618814,     -0.2406421741,      -7.167925162
          0,           0,         402,      -5.692094744,      -2.418506427,               -32,      -2.808096756,     -0.2477820027,      -7.168884933
          0,           0,         403,      -5.698169503,        -2.4199856,               -32,      -2.811183896,     -0.2536184475,      -7.169872836
          0,           0,         404,      -5.703017514,      -2.421669765,               -32,      -2.814773595,      -0.258084807,      -7.170877897
          0,           0,         405,      -5.706687209,      -2.423526642,               -32,      -2.818723504,     -0.2612512484,      -7.171894993
          0,           0,         406,       -5.70933205,      -2.425515815,               -32,      -2.822864328,     -0.2633104229,      -7.172921762
          0,           0,         407,      -5.711187371,      -2.427591324,               -32,      -2.827011549,     -0.2645480014,       -7.17395556
          0,           0,         408,      -5.712541274,      -2.429704625,               -32,      -2.830979392,     -0.2653062704,      -7.174993496
          0,           0,         409,      -5.713705232,      -2.431807754,               -32,      -2.834595923,       -0.26594839,      -7.176030113
          0,           0,         410,      -5.714988098,      -2.433856498,               -32,       -2.83771772,     -0.2668281942,      -7.177061392
          0,           0,         411,      -5.716675073,      -2.435813326,               -32,      -2.840242382,     -0.2682673603,      -7.178080263
          0,           0,         412,      -5.719011646,      -2.437649807,               -32,      -2.842117191,     -0.2705395396,      -7.179088398
          0,           0,         413,      -5.722191694,       -2.43934829,               -32,      -2.843342795,     -0.2738598414,      -7.180076951
          0,           0,         414,      -5.726348605,       -2.44090268,               -32,      -2.843971538,     -0.2783776759,      -7.181047094
          0,           0,         415,      -5.731548276,      -2.442318266,               -32,      -2.844100991,     -0.2841710603,      -7.181997184
          0,           0,         416,      -5.737783098,      -2.443610652,               -32,      -2.843863942,     -0.2912409047,      -7.182920619
          0,           0,         417,      -5.744966531,      -2.444803969,               -32,      -2.843416439,     -0.2995044631,      -7.183816921
          0,           0,         418,       -5.75292874,      -2.445928558,               -32,      -2.842925435,     -0.3087881371,       -7.18468117
          0,           0,         419,      -5.761414877,       -2.44701837,               -32,      -2.842557257,     -0.3188212206,      -7.185514727
          0,           0,         420,      -5.770088945,      -2.448108291,               -32,      -2.842467627,     -0.3292339648,      -7.186317489
          0,           0,         421,       -5.77854719,      -2.449231567,               -32,      -2.842793526,      -0.339565211,      -7.187082562
          0,           0,         422,      -5.786344987,       -2.45041747,               -32,      -2.843646856,     -0.3492858508,      -7.187813128
          0,           0,         423,      -5.793038978,      -2.451689293,               -32,      -2.845109648,     -0.3578430143,      -7.188513875
          0,           0,         424,      -5.798241358,      -2.453062789,               -32,      -2.847230587,     -0.3647245105,      -7.189187724
          0,           0,         425,      -5.801676625,      -2.454545109,               -32,      -2.850022722,     -0.3695338801,      -7.189831054
          0,           0,         426,      -5.803226132,      -2.456134337,               -32,      -2.853462383,     -0.3720571896,      -7.190454005
          0,           0,         427,      -5.802946619,      -2.457819666,               -32,        -2.8574895,     -0.3723001031,      -7.191054945
          0,           0,         428,      -5.801056822,      -2.459582214,               -32,      -2.862009578,     -0.3704821706,      -7.191630099
          0,           0,         429,      -5.797897544,      -2.461396417,               -32,      -2.866897591,     -0.3669913562,      -7.192183827
          0,           0,         430,      -5.793878604,      -2.463231915,               -32,      -2.872004024,     -0.3623158383,      -7.192716372
          0,           0,         431,      -5.789427245,      -2.465055792,               -32,       -2.87716317,     -0.3569742408,      -7.193226827
          0,           0,         432,      -5.784947913,      -2.466835061,               -32,      -2.882203492,     -0.3514599729,      -7.193714518
          0,           0,         433,      -5.780796864,      -2.468539206,               -32,      -2.886959503,     -0.3462059437,      -7.194176486
          0,           0,         434,      -5.777270208,      -2.470142577,               -32,      -2.891284145,     -0.3415682376,      -7.194611091
          0,           0,         435,      -5.774601589,       -2.47162641,               -32,      -2.895060342,     -0.3378235395,       -7.19501473
          0,           0,         436,      -5.772965472,      -2.472980291,               -32,      -2.898210285,     -0.3351744665,      -7.195382279
          0,           0,         437,      -5.772482778,      -2.474202895,               -32,      -2.900701258,     -0.3337581021,      -7.195709454
          0,           0,         438,      -5.773226635,      -2.475301985,               -32,      -2.902547274,     -0.3336545808,      -7.195994382
          0,           0,         439,      -5.775226977,      -2.476293701,               -32,       -2.90380642,     -0.3348939569,      -7.196233153
          0,           0,         440,      -5.778473467,      -2.477201264,               -32,      -2.904574452,     -0.3374606948,      -7.196421221
          0,           0,         441,      -5.782916759,      -2.478053246,               -32,      -2.904975578,     -0.3412958623,       -7.19655402
          0,           0,         442,      -5.788468616,      -2.478881596,               -32,      -2.905151656,     -0.3462976951,      -7.196631559
          0,           0,         443,      -5.795001813,      -2.479719581,               -32,      -2.905250961,     -0.3523216732,      -7.196651328
          0,           0,         444,      -5.802351026,      -2.480599775,               -32,      -2.905417505,     -0.3591816133,      -7.196613863
          0,           0,         445,      -5.810316112,      -2.481552215,               -32,      -2.905781601,     -0.3666534653,      -7.196514533
          0,           0,         446,      -5.818669088,      -2.482602777,               -32,      -2.906452076,     -0.3744834571,        -7.1963549
          0,           0,         447,        -5.8271656,      -2.483771819,               -32,      -2.907510283,     -0.3824016743,      -7.196132369
          0,           0,         448,      -5.835560802,      -2.485073145,               -32,      -2.909005914,     -0.3901409878,      -7.195842578
          0,           0,         449,      -5.843628341,       -2.48651333,               -32,      -2.910954572,     -0.3974596665,      -7.195489083
          0,           0,         450,      -5.851179883,      -2.488091454,               -32,      -2.913337159,     -0.4041644033,      -7.195073586
          0,           0,         451,      -5.858081973,      -2.489799291,               -32,      -2.916101239,     -0.4101296046,       -7.19459073
          0,           0,         452,      -5.864267273,      -2.491621968,               -32,      -2.919164614,     -0.4153092256,      -7.194047899
          0,           0,         453,      -5.869738462,      -2.493539037,               -32,      -2.922421178,      -0.419739094,      -7.193444168
          0,           0,         454,      -5.874564707,      -2.495525913,               -32,       -2.92574888,     -0.4235299059,      -7.192770165
          0,           0,         455,      -5.878872006,      -2.497555558,               -32,      -2.929019306,     -0.4268529794,      -7.192034814
          0,           0,         456,      -5.882829303,      -2.499600302,               -32,      -2.932108123,     -0.4299217428,      -7.191237998
          0,           0,         457,      -5.886632312,      -2.501633688,               -32,      -2.934905432,     -0.4329718424,      -7.190380848
          0,           0,         458,       -5.89048665,      -2.503632195,               -32,      -2.937325005,     -0.4362420656,      -7.189463356
          0,           0,         459,      -5.894591416,      -2.505576732,               -32,      -2.939311424,     -0.4399573407,      -7.188489833
          0,           0,         460,      -5.899124013,      -2.507453788,               -32,      -2.940844382,     -0.4443142754,      -7.187459461
          0,           0,         461,      -5.904226584,      -2.509256135,               -32,      -2.941939727,     -0.4494690775,      -7.186375324
          0,           0,         462,      -5.909994152,      -2.510983061,               -32,      -2.942647311,     -0.4555273027,      -7.185239546
          0,           0,         463,      -5.916464361,      -2.512640104,               -32,      -2.943046088,     -0.4625347269,      -7.184053234
          0,           0,         464,      -5.923608752,      -2.514238354,               -32,      -2.943237224,     -0.4704687827,      -7.182818975
          0,           0,         465,      -5.931325834,      -2.515793375,               -32,      -2.943336098,     -0.4792304546,      -7.181538371
          0,           0,         466,      -5.939436931,       -2.51732386,               -32,      -2.943464038,     -0.4886373604,      -7.180211995
          0,           0,         467,      -5.947686693,      -2.518850119,               -32,      -2.943740472,     -0.4984199657,      -7.178842103
          0,           0,         468,      -5.955751133,      -2.520392503,               -32,      -2.944275916,     -0.5082242726,      -7.177436508
          0,           0,         469,      -5.963256347,      -2.521969852,               -32,      -2.945166051,     -0.5176254296,      -7.175998953
          0,           0,         470,      -5.969810133,      -2.523598074,               -32,      -2.946486926,     -0.5261565266,      -7.174535722
          0,           0,         471,      -5.975045634,      -2.525288924,               -32,      -2.948291302,     -0.5333542954,      -7.173053005
          0,           0,         472,      -5.978671248,      -2.527049086,               -32,      -2.950606116,     -0.5388177951,      -7.171551016
          0,           0,         473,      -5.980516186,      -2.528879624,               -32,        -2.9534311,     -0.5422689865,       -7.17003972
          0,           0,         474,      -5.980559304,      -2.530775855,               -32,      -2.956738647,      -0.543599118,       -7.16852504
          0,           0,         475,      -5.978932487,      -2.532727656,               -32,      -2.960474978,     -0.5428864286,      -7.167003883
          0,           0,         476,      -5.975898042,      -2.534720168,               -32,      -2.964562686,     -0.5403796783,      -7.165481826
          0,           0,         477,       -5.97180795,      -2.536734814,               -32,      -2.968904621,      -0.536453949,      -7.163957156
          0,           0,         478,      -5.967057021,      -2.538750572,               -32,      -2.973389127,     -0.5315533285,      -7.162434125
          0,           0,         479,       -5.96204084,      -2.540745418,               -32,      -2.977896474,     -0.5261358471,      -7.160912697
          0,           0,         480,      -5.957124815,      -2.542697856,               -32,      -2.982306257,     -0.5206309662,      -7.159396056
          0,           0,         481,       -5.95262575,      -2.544588435,               -32,       -2.98650529,     -0.5154131446,      -7.157883438
          0,           0,         482,      -5.948804074,      -2.546401147,               -32,      -2.990395354,     -0.5107898815,      -7.156374308
          0,           0,         483,      -5.945863468,      -2.548124564,               -32,      -2.993900045,     -0.5070001672,      -7.154862615
          0,           0,         484,      -5.943954677,      -2.549752639,               -32,      -2.996969981,     -0.5042189529,      -7.153347504
          0,           0,         485,       -5.94318094,      -2.551285093,               -32,      -2.999585798,     -0.5025640868,      -7.151826359
          0,           0,         486,      -5.943603317,      -2.552727362,               -32,      -3.001758646,     -0.5021032949,      -7.150300606
          0,           0,         487,      -5.945244935,      -2.554090154,               -32,      -3.003528188,     -0.5028598633,      -7.148770768
          0,           0,         488,      -5.948093779,       -2.55538864,               -32,      -3.004958413,     -0.5048165217,      -7.147233375
          0,           0,         489,      -5.952104077,      -2.556641397,               -32,      -3.006131775,      -0.507917669,      -7.145685914
          0,           0,         490,      -5.957196772,      -2.557869156,               -32,       -3.00714231,     -0.5120705641,      -7.144126447
          0,           0,         491,      -5.963259825,      -2.559093484,               -32,      -3.008088331,     -0.5171464688,      -7.142551136
          0,           0,         492,       -5.97014938,      -2.560335449,               -32,      -3.009065299,      -0.522982984,      -7.140961759
          0,           0,         493,      -5.977692892,      -2.561614363,               -32,      -3.010159262,     -0.5293888617,      -7.139359123
          0,           0,         494,      -5.985695265,      -2.562946667,               -32,       -3.01144119,     -0.5361523864,        -7.1377429
          0,           0,         495,      -5.993948605,         -2.564345,               -32,      -3.012962403,     -0.5430538389,      -7.136108677
          0,           0,         496,      -6.002245517,      -2.565817528,               -32,      -3.014751253,     -0.5498816141,      -7.134456882
          0,           0,         497,      -6.010394897,      -2.567367563,               -32,      -3.016811249,     -0.5564504076,       -7.13278596
          0,           0,         498,      -6.018238254,      -2.568993512,               -32,      -3.019120814,     -0.5626188945,      -7.131095126
          0,           0,         499,      -6.025664082,      -2.570689175,               -32,      -3.021634863,     -0.5683039287,      -7.129381554
          0,           0,         500,       -6.03261793,      -2.572444354,               -32,      -3.024288297,     -0.5734887594,      -7.127644549
          0,           0,         501,      -6.039106605,      -2.574245729,               -32,      -3.027001271,     -0.5782239741,      -7.125880254
          0,           0,         502,      -6.045196078,      -2.576077917,               -32,      -3.029685902,     -0.5826213668,      -7.124095611
          0,           0,         503,      -6.051003662,      -2.577924635,               -32,      -3.032253801,     -0.5868421543,      -7.122288264
          0,           0,         504,      -6.056685761,       -2.57976988,               -32,      -3.034623746,     -0.5910815994,      -7.120460799
          0,           0,         505,      -6.062422717,      -2.581599044,               -32,      -3.036728717,     -0.5955521192,      -7.118615341
          0,           0,         506,      -6.068402225,        -2.5833999,               -32,      -3.038521638,      -0.600466543,      -7.116750638
          0,           0,         507,      -6.074802549,      -2.585163392,               -32,      -3.039979275,     -0.6060225593,       -7.11486765
          0,           0,         508,      -6.081776309,      -2.586884177,               -32,      -3.041104002,     -0.6123887428,      -7.112965727
          0,           0,         509,      -6.089435232,      -2.588560888,               -32,      -3.041923342,     -0.6196919958,      -7.111044891
          0,           0,         510,      -6.097835866,      -2.590196103,               -32,       -3.04248749,     -0.6280058729,      -7.109104299
          0,           0,         511,      -6.106966148,      -2.591796034,               -32,      -3.042865195,     -0.6373391336,      -7.107145415
          0,           0,         512,      -6.116732955,      -2.593369959,               -32,      -3.043138506,     -0.6476240839,       -7.10516713
          0,           0,         513,      -6.126951495,      -2.594929456,               -32,      -3.043396956,     -0.6587049121,      -7.103170246
          0,           0,         514,      -6.137338691,      -2.596487487,               -32,      -3.043731653,     -0.6703274007,      -7.101155786
          0,           0,         515,      -6.147514369,      -2.598057395,               -32,      -3.044229708,     -0.6821331335,      -7.099123258
          0,           0,         516,      -6.157015525,      -2.599651897,               -32,      -3.044969266,     -0.6936633352,      -7.097073266
          0,           0,         517,      -6.165329019,      -2.601282112,               -32,      -3.046015313,     -0.7043789307,      -7.095007168
          0,           0,         518,      -6.171945102,      -2.602956713,               -32,      -3.047416374,     -0.7137026672,      -7.092924407
          0,           0,         519,      -6.176427311,      -2.604681261,               -32,      -3.049202165,     -0.7210843424,      -7.090823638
          0,           0,         520,      -6.178485016,      -2.606457767,               -32,      -3.051382268,     -0.7260809017,       -7.08869684
          0,           0,         521,      -6.178028342,      -2.608284526,               -32,      -3.053945889,     -0.7284326789,      -7.086552347
          0,           0,         522,      -6.175187232,      -2.610156204,               -32,      -3.056862667,     -0.7281122283,      -7.084403832
          0,           0,         523,      -6.170288338,       -2.61206415,               -32,      -3.060084471,      -0.725328745,       -7.08225234
          0,           0,         524,      -6.163798946,      -2.613996878,               -32,      -3.063548054,     -0.7204872459,      -7.080096805
          0,           0,         525,      -6.156257061,      -2.615940696,               -32,      -3.067178449,     -0.7141180457,      -7.077938774
          0,           0,         526,      -6.148206611,      -2.617880447,               -32,      -3.070893042,     -0.7067992345,      -7.075777348
          0,           0,         527,      -6.140149442,      -2.619800377,               -32,       -3.07460623,     -0.6990910755,      -7.073612742
          0,           0,         528,      -6.132517175,      -2.621685073,               -32,      -3.078234501,     -0.6914916813,      -7.071444205
          0,           0,         529,      -6.125660093,      -2.623520423,               -32,      -3.081701628,     -0.6844143593,      -7.069268947
          0,           0,         530,      -6.119847845,      -2.625294513,               -32,       -3.08494353,     -0.6781818273,      -7.067085374
          0,           0,         531,      -6.115276815,      -2.626998371,               -32,      -3.087912315,     -0.6730310332,      -7.064892343
          0,           0,         532,      -6.112080108,       -2.62862649,               -32,       -3.09057907,     -0.6691230756,      -7.062689453
          0,           0,         533,      -6.110337495,      -2.630177086,               -32,      -3.092935132,     -0.6665543065,       -7.06047274
          0,           0,         534,      -6.110083794,      -2.631652085,               -32,       -3.09499172,     -0.6653662751,      -7.058239734
          0,           0,         535,      -6.111315024,      -2.633056845,               -32,      -3.096778071,     -0.6655534283,      -7.055987309
          0,           0,         536,       -6.11399227,      -2.634399666,               -32,      -3.098338296,     -0.6670683846,      -7.053715633
          0,           0,         537,      -6.118043635,      -2.635691138,               -32,       -3.09972734,     -0.6698252195,       -7.05142248
          0,           0,         538,      -6.123364912,      -2.636943367,               -32,      -3.101006389,     -0.6737016042,       -7.04910358
          0,           0,         539,      -6.129819879,      -2.638169167,               -32,      -3.102238127,     -0.6785409309,      -7.046757954
          0,           0,         540,      -6.137241261,      -2.639381228,               -32,      -3.103482128,     -0.6841557008,      -7.044384888
          0,           0,         541,      -6.145433518,       -2.64059135,               -32,      -3.104790648,     -0.6903334168,      -7.041980233
          0,           0,         542,      -6.154178491,      -2.641809752,               -32,      -3.106205011,     -0.6968459388,      -7.039537576
          0,           0,         543,      -6.163244675,      -2.643044514,               -32,      -3.107752754,     -0.7034626462,      -7.037052276
          0,           0,         544,      -6.172400228,      -2.644301183,               -32,      -3.109445671,     -0.7099668356,      -7.034506763
          0,           0,         545,       -6.18142898,       -2.64558257,               -32,      -3.111278928,     -0.7161737052,      -7.031920988
          0,           0,         546,      -6.190147719,      -2.646888758,               -32,      -3.113231376,     -0.7219473841,      -7.029308825
          0,           0,         547,      -6.198422284,      -2.648217316,               -32,      -3.115267159,     -0.7272141358,       -7.02666924
          0,           0,         548,       -6.20617978,      -2.649563699,               -32,      -3.117338574,     -0.7319693264,      -7.024001743
          0,           0,         549,      -6.213414711,      -2.650921804,               -32,      -3.119390043,     -0.7362769221,      -7.021309637
          0,           0,         550,      -6.220187848,      -2.652284601,               -32,      -3.121362843,     -0.7402617512,       -7.01859254
          0,           0,         551,      -6.226617949,      -2.653644818,               -32,      -3.123200185,     -0.7440960419,      -7.015846269
          0,           0,         552,      -6.232867596,      -2.654995608,               -32,      -3.124852153,     -0.7479824587,      -7.013072275
          0,           0,         553,      -6.239125091,      -2.656331158,               -32,      -3.126280032,     -0.7521359178,      -7.010272819
          0,           0,         554,      -6.245584515,      -2.657647205,               -32,      -3.127459654,     -0.7567660104,      -7.007444596
          0,           0,         555,      -6.252425747,      -2.658941421,               -32,       -3.12838349,     -0.7620611415,      -7.004588409
          0,           0,         556,      -6.259795602,      -2.660213641,               -32,      -3.129061352,     -0.7681747532,         -7.001702
          0,           0,         557,      -6.267790646,      -2.661465925,               -32,      -3.129519727,      -0.775213416,      -6.998786984
          0,           0,         558,      -6.276441764,      -2.662702453,               -32,      -3.129799873,     -0.7832262463,      -6.995844884
          0,           0,         559,      -6.285700513,      -2.663929253,               -32,      -3.129954922,     -0.7921950892,      -6.992874612
          0,           0,         560,      -6.295427712,      -2.665153798,               -32,      -3.130046292,     -0.8020252473,      -6.989874997
          0,           0,         561,      -6.305385761,      -2.666384486,               -32,      -3.130139718,     -0.8125372649,      -6.986847219
          0,           0,         562,       -6.31523764,      -2.667630047,               -32,      -3.130301195,     -0.8234614193,      -6.983790889
          0,           0,         563,      -6.324557064,      -2.668898918,               -32,      -3.130593106,     -0.8344380093,      -6.980702011
          0,           0,         564,      -6.332854898,      -2.670198619,               -32,      -3.131070701,     -0.8450278535,      -6.977585627
          0,           0,         565,      -6.339625228,      -2.671535177,               -32,       -3.13177912,     -0.8547377662,      -6.974439283
          0,           0,         566,      -6.344409257,      -2.672912653,               -32,      -3.132751061,      -0.863063904,      -6.971268148
          0,           0,         567,      -6.346866869,      -2.674332792,               -32,      -3.134005222,     -0.8695508651,      -6.968070977
          0,           0,         568,      -6.346838085,      -2.675794855,               -32,      -3.135545594,     -0.8738570158,      -6.964846298
          0,           0,         569,      -6.344375214,      -2.677295615,               -32,      -3.137361645,     -0.8758100747,      -6.961597107
          0,           0,         570,      -6.339734822,      -2.678829515,               -32,      -3.139429367,     -0.8754362676,      -6.958319701
          0,           0,         571,      -6.333333123,      -2.680388948,               -32,      -3.141713039,     -0.8729537163,      -6.955016374
          0,           0,         572,      -6.325680731,      -2.681964612,               -32,      -3.144167567,     -0.8687330378,      -6.951691256
          0,           0,         573,      -6.317316139,      -2.683545928,               -32,      -3.146741214,      -0.863238535,      -6.948339427
          0,           0,         574,      -6.308752236,      -2.685121502,               -32,      -3.149378625,     -0.8569666781,      -6.944958656
          0,           0,         575,      -6.300441679,      -2.686679633,               -32,      -3.152023996,     -0.8503948436,      -6.941551947
          0,           0,         576,      -6.292760033,      -2.688208863,               -32,      -3.154624304,     -0.8439463814,      -6.938116757
          0,           0,         577,      -6.286002171,      -2.689698522,               -32,       -3.15713237,     -0.8379719943,      -6.934655983
          0,           0,         578,      -6.280386852,      -2.691139256,               -32,      -3.159509561,     -0.8327439384,       -6.93116377
          0,           0,         579,      -6.276065313,      -2.692523467,               -32,      -3.161727879,      -0.828458601,      -6.927640623
          0,           0,         580,      -6.273130997,      -2.693845644,               -32,      -3.163771245,     -0.8252435072,      -6.924091002
          0,           0,         581,        -6.2716287,      -2.695102552,               -32,      -3.165635856,     -0.8231659067,      -6.920510409
          0,           0,         582,      -6.271562271,      -2.696293267,               -32,      -3.167329618,     -0.8222411917,      -6.916906292
          0,           0,         583,      -6.272900582,      -2.697419068,               -32,      -3.168870721,     -0.8224403052,      -6.913273842
          0,           0,         584,      -6.275581877,      -2.698483191,               -32,      -3.170285526,     -0.8236959801,      -6.909609909
          0,           0,         585,      -6.279516869,      -2.699490488,               -32,      -3.171605973,     -0.8259081153,      -6.905921433
          0,           0,         586,      -6.284591173,      -2.700447005,               -32,      -3.172866718,     -0.8289489008,      -6.902200091
          0,           0,         587,      -6.290667746,       -2.70135952,               -32,      -3.174102231,     -0.8326684403,       -6.89845591
          0,           0,         588,      -6.297590091,      -2.702235073,               -32,      -3.175344028,     -0.8369015913,      -6.894686722
          0,           0,         589,      -6.305186914,      -2.703080522,               -32,      -3.176618214,     -0.8414765064,      -6.890887504
          0,           0,         590,      -6.313278696,      -2.703902138,               -32,      -3.177943458,     -0.8462249314,      -6.887068705
          0,           0,         591,      -6.321686301,      -2.704705287,               -32,      -3.179329525,     -0.8509937343,       -6.88322742
          0,           0,         592,      -6.330241216,      -2.705494202,               -32,      -3.180776448,     -0.8556565465,      -6.879360816
          0,           0,         593,      -6.338796473,      -2.706271873,               -32,      -3.182274434,     -0.8601239975,      -6.875470191
          0,           0,         594,        -6.3472369,      -2.707040052,               -32,      -3.183804513,     -0.8643509817,      -6.871559917
          0,           0,         595,      -6.355487212,      -2.707799366,               -32,      -3.185339945,     -0.8683398043,      -6.867634149
          0,           0,         596,      -6.363516663,      -2.708549539,               -32,      -3.186848298,     -0.8721387644,      -6.863690552
          0,           0,         597,      -6.371339479,      -2.709289671,               -32,      -3.188294032,     -0.8758365335,      -6.859728569
          0,           0,         598,      -6.379010925,      -2.710018568,               -32,      -3.189641407,     -0.8795532926,      -6.855751328
          0,           0,         599,      -6.386619408,      -2.710735087,               -32,      -3.190857434,     -0.8834298747,      -6.851758574
          0,           0,         600,      -6.394275438,      -2.711438457,               -32,      -3.191914631,     -0.8876161128,       -6.84774722
          0,           0,         601,      -6.402098418,      -2.712128566,               -32,      -3.192793338,     -0.8922593287,      -6.843721878
          0,           0,         602,      -6.410202218,      -2.712806184,               -32,      -3.193483406,      -0.897493542,      -6.839680686
          0,           0,         603,      -6.418680314,      -2.713473107,               -32,      -3.193985141,     -0.9034296321,      -6.835621413
          0,           0,         604,      -6.427591074,      -2.714132218,               -32,      -3.194309449,     -0.9101464187,      -6.831547517
          0,           0,         605,      -6.436943609,      -2.714787448,               -32,      -3.194477206,     -0.9176824758,      -6.827458913
          0,           0,         606,      -6.446684658,      -2.715443658,               -32,      -3.194517945,     -0.9260284812,      -6.823353184
          0,           0,         607,      -6.456687292,      -2.716106428,               -32,      -3.194467995,     -0.9351200676,      -6.819232374
          0,           0,         608,      -6.466742904,      -2.716781792,               -32,      -3.194368238,     -0.9448314956,       -6.81509763
          0,           0,         609,       -6.47655898,      -2.717475912,               -32,      -3.194261647,     -0.9549710457,      -6.810950542
          0,           0,         610,      -6.485766171,      -2.718194724,               -32,      -3.194190791,     -0.9652797662,      -6.806791334
          0,           0,         611,      -6.493938619,       -2.71894358,               -32,      -3.194195455,     -0.9754359761,      -6.802612294
          0,           0,         612,      -6.500630329,      -2.719726902,               -32,      -3.194310502,     -0.9850683336,      -6.798417024
          0,           0,         613,      -6.505426686,      -2.720547875,               -32,      -3.194564097,     -0.9937797838,      -6.794206795
          0,           0,         614,      -6.508004235,      -2.721408204,               -32,      -3.194976381,      -1.001182732,      -6.789990651
          0,           0,         615,       -6.50818562,      -2.722307967,               -32,      -3.195558682,      -1.006942242,      -6.785770666
          0,           0,         616,      -6.505974239,      -2.723245552,               -32,        -3.1963133,       -1.01081991,      -6.781541876
          0,           0,         617,      -6.501557587,      -2.724217715,               -32,      -3.197233869,      -1.012708326,      -6.777284942
          0,           0,         618,      -6.495278593,       -2.72521971,               -32,      -3.198306249,      -1.012646906,      -6.773018492
          0,           0,         619,      -6.487584861,      -2.726245492,               -32,      -3.199509846,      -1.010814748,        -6.7687433
          0,           0,         620,      -6.478971149,      -2.727287958,               -32,      -3.200819231,      -1.007503117,      -6.764460609
          0,           0,         621,      -6.469928583,       -2.72833921,               -32,      -3.202205924,      -1.003075575,       -6.76017052
          0,           0,         622,      -6.460908124,      -2.729390839,               -32,      -3.203640232,     -0.9979256042,      -6.755870432
          0,           0,         623,      -6.452299495,      -2.730434219,               -32,      -3.205093052,     -0.9924396541,      -6.751560507
          0,           0,         624,      -6.444422846,      -2.731460808,               -32,      -3.206537541,     -0.9869698472,      -6.747243371
          0,           0,         625,       -6.43752902,      -2.732462464,               -32,      -3.207950579,     -0.9818170738,      -6.742913309
          0,           0,         626,      -6.431804643,      -2.733431727,               -32,      -3.209313933,      -0.977222922,      -6.738573665
          0,           0,         627,      -6.427379229,      -2.734362087,               -32,      -3.210615033,     -0.9733680038,      -6.734229985
          0,           0,         628,      -6.424332554,      -2.735248187,               -32,      -3.211847328,     -0.9703742824,      -6.729876106
          0,           0,         629,      -6.422701321,      -2.736085973,               -32,      -3.213010178,     -0.9683095234,      -6.725505539
          0,           0,         630,      -6.422484745,      -2.736872757,               -32,      -3.214108322,     -0.9671926288,      -6.721132155
          0,           0,         631,      -6.423648971,      -2.737607215,               -32,      -3.215150963,     -0.9669991807,      -6.716755579
          0,           0,         632,      -6.426130501,      -2.738289307,               -32,      -3.216150574,     -0.9676669811,      -6.712371543
          0,           0,         633,      -6.429838927,      -2.738920138,               -32,      -3.217121519,     -0.9691016917,      -6.707980991
          0,           0,         634,      -6.434659374,      -2.739501776,               -32,      -3.218078595,     -0.9711828778,      -6.703588644
          0,           0,         635,      -6.440455131,      -2.740037033,               -32,      -3.219035611,     -0.9737708198,      -6.699191389
          0,           0,         636,      -6.447070974,      -2.740529243,               -32,      -3.220004084,     -0.9767143872,      -6.694794824
          0,           0,         637,       -6.45433764,      -2.740982033,               -32,      -3.220992145,     -0.9798600525,      -6.690394053
          0,           0,         638,      -6.462077777,      -2.741399128,               -32,      -3.222003699,     -0.9830617967,      -6.685992346
          0,           0,         639,       -6.47011345,      -2.741784174,               -32,      -3.223037917,     -0.9861912695,      -6.681588996
          0,           0,         640,      -6.478274946,      -2.742140609,               -32,       -3.22408906,      -0.989147234,      -6.677184713
          0,           0,         641,      -6.486410218,      -2.742471582,               -32,       -3.22514668,     -0.9918631602,      -6.672787194
          0,           0,         642,      -6.494393962,      -2.742779922,               -32,      -3.226196163,      -0.994311932,      -6.668392083
          0,           0,         643,      -6.502135139,      -2.743068148,               -32,      -3.227219613,      -0.996507002,      -6.664004647
          0,           0,         644,      -6.509581792,      -2.743338531,               -32,      -3.228196989,     -0.9984998734,      -6.659621244
          0,           0,         645,      -6.516722311,      -2.743593177,               -32,      -3.229107454,      -1.000374356,      -6.655237617
          0,           0,         646,       -6.52358278,       -2.74383414,               -32,      -3.229930808,       -1.00223846,       -6.65085723
          0,           0,         647,      -6.530220608,      -2.744063538,               -32,      -3.230648929,      -1.004214974,      -6.646484283
          0,           0,         648,      -6.536715082,      -2.744283667,               -32,      -3.231247096,      -1.006431712,      -6.642119864
          0,           0,         649,       -6.54315582,      -2.744497099,               -32,      -3.231715111,      -1.009012206,      -6.637754501
          0,           0,         650,      -6.549630133,      -2.744706758,               -32,      -3.232048124,      -1.012067298,      -6.633399047
          0,           0,         651,      -6.556210279,      -2.744915952,               -32,      -3.232247107,      -1.015687852,      -6.629050487
          0,           0,         652,       -6.56294137,       -2.74512838,               -32,      -3.232318938,      -1.019938561,      -6.624704764
          0,           0,         653,      -6.569830603,      -2.745348087,               -32,      -3.232276108,      -1.024852753,      -6.620358067
          0,           0,         654,       -6.57683841,       -2.74557938,               -32,      -3.232136061,      -1.030428084,      -6.616024544
          0,           0,         655,      -6.583872269,       -2.74582671,               -32,      -3.231920225,      -1.036623113,      -6.611701639
          0,           0,         656,      -6.590784183,      -2.746094513,               -32,       -3.23165282,      -1.043354938,      -6.607379937
          0,           0,         657,      -6.597373164,      -2.746387041,               -32,      -3.231359513,      -1.050498309,      -6.603042037
          0,           0,         658,      -6.603394223,      -2.746708168,               -32,      -3.231066021,      -1.057886934,      -6.598718281
          0,           0,         659,      -6.608575085,      -2.747061197,               -32,      -3.230796752,      -1.065317882,      -6.594409488
          0,           0,         660,      -6.612640801,      -2.747448678,               -32,      -3.230573563,      -1.072560027,      -6.590099623
          0,           0,         661,      -6.615344495,       -2.74787225,               -32,      -3.230414721,      -1.079367181,       -6.58579139
          0,           0,         662,      -6.616500026,       -2.74833252,               -32,      -3.230334118,      -1.085495775,      -6.581490805
          0,           0,         663,      -6.616010371,      -2.748828987,               -32,      -3.230340801,      -1.090725807,      -6.577196527
          0,           0,         664,      -6.613885183,      -2.749360027,               -32,       -3.23043883,      -1.094882386,      -6.572907138
          0,           0,         665,      -6.610243169,      -2.749922935,               -32,      -3.230627478,      -1.097854303,      -6.568625585
          0,           0,         666,      -6.605298852,      -2.750514016,               -32,      -3.230901734,      -1.099605972,      -6.564363714
          0,           0,         667,      -6.599337565,      -2.751128726,               -32,      -3.231253057,      -1.100180275,      -6.560113548
          0,           0,         668,      -6.592685003,      -2.751761834,               -32,      -3.231670303,      -1.099691869,      -6.555855101
          0,           0,         669,      -6.585677702,        -2.7524076,               -32,      -3.232140742,      -1.098312641,      -6.551600267
          0,           0,         670,      -6.578638917,      -2.753059954,               -32,      -3.232651074,      -1.096252455,      -6.547362177
          0,           0,         671,       -6.57186176,      -2.753712677,               -32,      -3.233188381,      -1.093738728,      -6.543124133
          0,           0,         672,      -6.565599389,      -2.754359574,               -32,      -3.233740964,      -1.090997701,      -6.538894319
          0,           0,         673,      -6.560060774,      -2.754994639,               -32,      -3.234299001,      -1.088239232,      -6.534664689
          0,           0,         674,      -6.555410282,      -2.755612214,               -32,      -3.234855029,      -1.085645742,      -6.530437986
          0,           0,         675,      -6.551769502,      -2.756207122,               -32,      -3.235404199,      -1.083365181,      -6.526215316
          0,           0,         676,      -6.549220104,      -2.756774796,               -32,      -3.235944327,      -1.081507389,      -6.522010555
          0,           0,         677,      -6.547807012,       -2.75731137,               -32,      -3.236475727,      -1.080143104,      -6.517820252
          0,           0,         678,      -6.547541454,      -2.757813743,               -32,      -3.237000858,      -1.079304964,        -6.5136394
          0,           0,         679,      -6.548403743,      -2.758279613,               -32,      -3.237523822,      -1.078989988,      -6.509455601
          0,           0,         680,      -6.550345791,      -2.758707476,               -32,      -3.238049744,      -1.079163227,       -6.50528429
          0,           0,         681,      -6.553293491,      -2.759096594,               -32,      -3.238584088,      -1.079762409,      -6.501128288
          0,           0,         682,      -6.557149161,       -2.75944694,               -32,      -3.239131967,      -1.080703519,      -6.496975482
          0,           0,         683,      -6.561794316,      -2.759759126,               -32,       -3.23969748,      -1.081887242,      -6.492833712
          0,           0,         684,      -6.567093025,      -2.760034307,               -32,      -3.240283131,      -1.083206166,      -6.488701798
          0,           0,         685,      -6.572896105,      -2.760274094,               -32,       -3.24088936,      -1.084552518,      -6.484582798
          0,           0,         686,      -6.579046289,      -2.760480459,               -32,      -3.241514225,       -1.08582601,      -6.480469418
          0,           0,         687,      -6.585384406,       -2.76065565,               -32,      -3.242153242,      -1.086941267,      -6.476365351
          0,           0,         688,      -6.591756347,      -2.760802118,               -32,      -3.242799404,      -1.087834182,      -6.472276964
          0,           0,         689,      -6.598020427,      -2.760922458,               -32,      -3.243443377,      -1.088466564,      -6.468207512
          0,           0,         690,      -6.604054484,      -2.761019366,               -32,      -3.244073866,      -1.088828606,      -6.464139154
          0,           0,         691,       -6.60976196,      -2.761095614,               -32,      -3.244678115,      -1.088938928,      -6.460076239
          0,           0,         692,      -6.615076191,      -2.761154043,               -32,      -3.245242543,      -1.088842301,      -6.456036975
          0,           0,         693,      -6.619962277,       -2.76119756,               -32,      -3.245753446,      -1.088605396,      -6.452022298
          0,           0,         694,      -6.624416195,      -2.761229154,               -32,      -3.246197751,      -1.088311144,      -6.448026613
          0,           0,         695,      -6.628461207,      -2.761251908,               -32,      -3.246563752,      -1.088052346,      -6.444036568
          0,           0,         696,      -6.632141941,      -2.761269018,               -32,      -3.246841793,      -1.087925157,      -6.440038765
          0,           0,         697,      -6.635516827,      -2.761283795,               -32,      -3.247024864,      -1.088022913,       -6.43605689
          0,           0,         698,      -6.638649701,      -2.761299673,               -32,       -3.24710904,      -1.088430659,      -6.432093141
          0,           0,         699,      -6.641601402,      -2.761320189,               -32,      -3.247093766,      -1.089220513,      -6.428143147
          0,           0,         700,      -6.644422085,      -2.761348957,               -32,      -3.246981938,       -1.09044796,      -6.424205094
          0,           0,         701,      -6.647144844,      -2.761389617,               -32,      -3.246779797,      -1.092149019,      -6.420274956
          0,           0,         702,      -6.649781079,      -2.761445775,               -32,       -3.24649662,      -1.094338264,      -6.416359624
          0,           0,         703,       -6.65231792,      -2.761520923,               -32,      -3.246144246,      -1.097007646,      -6.412451946
          0,           0,         704,      -6.654717973,      -2.761618345,               -32,      -3.245736465,      -1.100126174,       -6.40855539
          0,           0,         705,      -6.656921534,      -2.761741018,               -32,      -3.245288302,      -1.103640502,       -6.40466842
          0,           0,         706,       -6.65885134,      -2.761891509,               -32,      -3.244815264,      -1.107476573,      -6.400801623
          0,           0,         707,      -6.660419705,      -2.762071872,               -32,      -3.244332578,      -1.111542469,      -6.396932952
          0,           0,         708,      -6.661537636,      -2.762283554,               -32,      -3.243854488,      -1.115732594,      -6.393080231
          0,           0,         709,       -6.66212514,      -2.762527324,               -32,      -3.243393647,      -1.119933201,      -6.389241354
          0,           0,         710,      -6.662121584,      -2.762803209,               -32,      -3.242960647,      -1.124029101,      -6.385415903
          0,           0,         711,      -6.661494727,      -2.763110471,               -32,      -3.242563706,      -1.127911138,      -6.381601267
          0,           0,         712,      -6.660247086,      -2.763447609,               -32,      -3.242208534,      -1.131483763,      -6.377799143
          0,           0,         713,      -6.658418612,       -2.76381239,               -32,      -3.241898377,      -1.134671857,      -6.374009944
          0,           0,         714,      -6.656085315,      -2.764201913,               -32,      -3.241634218,      -1.137425927,      -6.370235288
          0,           0,         715,      -6.653354154,      -2.764612703,               -32,      -3.241415118,      -1.139724939,      -6.366480874
          0,           0,         716,      -6.650355175,      -2.765040815,               -32,      -3.241238643,       -1.14157638,      -6.362744029
          0,           0,         717,       -6.64723219,      -2.765481955,               -32,      -3.241101357,      -1.143013595,      -6.359006293
          0,           0,         718,      -6.644133287,      -2.765931608,               -32,       -3.24099931,      -1.144090818,      -6.355268509
          0,           0,         719,        -6.6412022,      -2.766385159,               -32,      -3.240928497,      -1.144876637,      -6.351538675
          0,           0,         720,      -6.638571157,      -2.766838008,               -32,      -3.240885257,      -1.145446723,      -6.347823446
          0,           0,         721,      -6.636355446,      -2.767285682,               -32,      -3.240866568,      -1.145876625,      -6.344129139
          0,           0,         722,      -6.634649605,      -2.767723926,               -32,       -3.24087025,      -1.146235284,      -6.340455684
          0,           0,         723,       -6.63352504,      -2.768148791,               -32,      -3.240895046,       -1.14657969,      -6.336801777
          0,           0,         724,      -6.633028766,      -2.768556699,               -32,      -3.240940601,      -1.146950968,      -6.333153674
          0,           0,         725,      -6.633183033,      -2.768944502,               -32,      -3.241007347,      -1.147371977,      -6.329507652
          0,           0,         726,      -6.633985645,      -2.769309519,               -32,      -3.241096297,      -1.147846458,      -6.325875463
          0,           0,         727,      -6.635410882,      -2.769649565,               -32,      -3.241208791,      -1.148359661,      -6.322262378
          0,           0,         728,      -6.637410984,      -2.769962962,               -32,      -3.241346194,      -1.148880368,      -6.318670669
          0,           0,         729,      -6.639918231,      -2.770248532,               -32,      -3.241509589,      -1.149364142,      -6.315091452
          0,           0,         730,      -6.642847673,      -2.770505588,               -32,      -3.241699476,      -1.149757625,      -6.311515715
          0,           0,         731,      -6.646100563,      -2.770733911,               -32,      -3.241915497,      -1.150003575,      -6.307958688
          0,           0,         732,      -6.649568518,      -2.770933713,               -32,      -3.242156212,      -1.150046294,      -6.304413326
          0,           0,         733,      -6.653138344,      -2.771105607,               -32,      -3.242418946,      -1.149837022,       -6.30089096
          0,           0,         734,      -6.656697382,      -2.771250567,               -32,      -3.242699696,      -1.149338798,      -6.297388166
          0,           0,         735,      -6.660139092,      -2.771369891,               -32,      -3.242993132,      -1.148530357,      -6.293887814
          0,           0,         736,      -6.663368496,      -2.771465162,               -32,      -3.243292672,      -1.147408687,      -6.290394886
          0,           0,         737,      -6.666307001,      -2.771538223,               -32,      -3.243590645,      -1.145990005,       -6.28691879
          0,           0,         738,      -6.668896138,      -2.771591138,               -32,      -3.243878519,      -1.144309133,      -6.283466806
          0,           0,         739,      -6.671099804,      -2.771626175,               -32,      -3.244147206,      -1.142417399,      -6.280029171
          0,           0,         740,      -6.672904738,      -2.771645781,               -32,      -3.244387405,      -1.140379379,      -6.276600119
          0,           0,         741,      -6.674319206,      -2.771652565,               -32,      -3.244589981,      -1.138268876,      -6.273182952
          0,           0,         742,      -6.675370048,      -2.771649279,               -32,      -3.244746353,      -1.136164549,      -6.269788645
          0,           0,         743,      -6.676098462,      -2.771638797,               -32,      -3.244848879,      -1.134145588,      -6.266406904
          0,           0,         744,      -6.676555009,      -2.771624098,               -32,      -3.244891193,      -1.132287737,      -6.263032923
          0,           0,         745,      -6.676794368,       -2.77160824,               -32,      -3.244868509,      -1.130659859,       -6.25967798
          0,           0,         746,      -6.676870336,      -2.771594327,               -32,       -3.24477783,       -1.12932117,      -6.256342353
          0,           0,         747,      -6.676831472,      -2.771585474,               -32,       -3.24461809,      -1.128319163,      -6.253018208
          0,           0,         748,      -6.676717672,      -2.771584765,               -32,      -3.244390189,      -1.127688209,      -6.249716355
          0,           0,         749,      -6.676557858,      -2.771595202,               -32,      -3.244096932,      -1.127448791,      -6.246419419
          0,           0,         750,      -6.676368846,       -2.77161965,               -32,      -3.243742878,      -1.127607321,      -6.243126594
          0,           0,         751,      -6.676155403,      -2.771660777,               -32,        -3.2433341,        -1.1281565,      -6.239846782
          0,           0,         752,       -6.67591142,      -2.771720991,               -32,      -3.242877873,      -1.129076187,      -6.236577696
          0,           0,         753,       -6.67562207,       -2.77180238,               -32,      -3.242382327,      -1.130334771,      -6.233319389
          0,           0,         754,       -6.67526679,      -2.771906651,               -32,      -3.241856061,      -1.131890997,      -6.230075128
          0,           0,         755,      -6.674822814,      -2.772035074,               -32,       -3.24130777,      -1.133696238,       -6.22684874
          0,           0,         756,       -6.67426897,      -2.772188438,               -32,      -3.240745889,      -1.135697124,      -6.223637334
          0,           0,         757,      -6.673589383,       -2.77236702,               -32,      -3.240178286,      -1.137838416,      -6.220446215
          0,           0,         758,      -6.672776694,      -2.772570561,               -32,      -3.239612021,      -1.140065964,       -6.21727226
          0,           0,         759,      -6.671834471,      -2.772798263,               -32,       -3.23905318,      -1.142329524,      -6.214116467
          0,           0,         760,       -6.67077852,      -2.773048803,               -32,      -3.238506781,      -1.144585204,      -6.210981332
          0,           0,         761,      -6.669636959,      -2.773320365,               -32,      -3.237976778,      -1.146797296,      -6.207851029
          0,           0,         762,      -6.668449051,      -2.773610684,               -32,      -3.237466117,      -1.148939309,      -6.204720938
          0,           0,         763,      -6.667262946,      -2.773917109,               -32,      -3.236976861,      -1.150994075,      -6.201604092
          0,           0,         764,      -6.666132612,      -2.774236672,               -32,      -3.236510352,      -1.152952934,      -6.198498039
          0,           0,         765,      -6.665114274,      -2.774566169,               -32,      -3.236067391,      -1.154814097,      -6.195408232
          0,           0,         766,      -6.664262702,      -2.774902239,               -32,      -3.235648419,      -1.156580368,      -6.192340114
          0,           0,         767,      -6.663627661,      -2.775241451,               -32,      -3.235253688,      -1.158256487,       -6.18929223
          0,           0,         768,      -6.663250736,       -2.77558038,               -32,      -3.234883395,      -1.159846387,      -6.186259333
          0,           0,         769,       -6.66316272,      -2.775915684,               -32,      -3.234537776,      -1.161350636,      -6.183234019
          0,           0,         770,      -6.663381625,      -2.776244172,               -32,      -3.234217159,      -1.162764312,      -6.180215734
          0,           0,         771,      -6.663911388,      -2.776562857,               -32,      -3.233921965,      -1.164075526,      -6.177207326
          0,           0,         772,      -6.664741263,      -2.776869014,               -32,      -3.233652673,      -1.165264719,       -6.17421483
          0,           0,         773,      -6.665845912,       -2.77716021,               -32,      -3.233409741,       -1.16630482,      -6.171240872
          0,           0,         774,      -6.667186183,      -2.777434341,               -32,      -3.233193505,      -1.167162283,      -6.168281458
          0,           0,         775,      -6.668710569,      -2.777689644,               -32,      -3.233004062,      -1.167798944,      -6.165342365
          0,           0,         776,      -6.670357317,      -2.777924712,               -32,      -3.232841144,      -1.168174569,      -6.162423109
          0,           0,         777,      -6.672057162,      -2.778138498,               -32,      -3.232703995,      -1.168249908,      -6.159514183
          0,           0,         778,      -6.673736582,      -2.778330307,               -32,      -3.232591268,      -1.167989988,      -6.156610516
          0,           0,         779,      -6.675321458,      -2.778499789,               -32,      -3.232500939,      -1.167367352,      -6.153720721
          0,           0,         780,       -6.67674093,      -2.778646927,               -32,       -3.23243026,      -1.166364937,      -6.150850192
          0,           0,         781,      -6.677931239,      -2.778772017,               -32,      -3.232375736,      -1.164978306,      -6.147995308
          0,           0,         782,      -6.678839237,      -2.778875652,               -32,      -3.232333152,      -1.163217008,      -6.145154834
          0,           0,         783,      -6.679425265,      -2.778958701,               -32,       -3.23229763,      -1.161104907,      -6.142331845
          0,           0,         784,      -6.679665191,      -2.779022286,               -32,      -3.232263737,      -1.158679532,      -6.139525207
          0,           0,         785,      -6.679551386,      -2.779067767,               -32,      -3.232225624,      -1.155990493,      -6.136722671
          0,           0,         786,      -6.679092567,      -2.779096714,               -32,      -3.232177194,      -1.153097169,      -6.133935327
          0,           0,         787,      -6.678312548,      -2.779110889,               -32,      -3.232112299,      -1.150065911,      -6.131166381
          0,           0,         788,      -6.677248062,      -2.779112223,               -32,      -3.232024948,      -1.146967015,      -6.128411723
          0,           0,         789,      -6.675945889,      -2.779102793,               -32,      -3.231909525,      -1.143871723,      -6.125670192
          0,           0,         790,      -6.674459587,      -2.779084791,               -32,       -3.23176099,      -1.140849443,      -6.122942835
          0,           0,         791,      -6.672846144,      -2.779060504,               -32,      -3.231575069,      -1.137965334,      -6.120224453
          0,           0,         792,      -6.671162775,      -2.779032278,               -32,      -3.231348415,       -1.13527834,      -6.117522931
          0,           0,         793,      -6.669464124,       -2.77900249,               -32,      -3.231078726,        -1.1328397,      -6.114839132
          0,           0,         794,      -6.667799968,      -2.778973507,               -32,      -3.230764821,       -1.13069193,      -6.112171178
          0,           0,         795,      -6.666213527,      -2.778947655,               -32,      -3.230406668,      -1.128868245,      -6.109514323
          0,           0,         796,      -6.664740387,      -2.778927171,               -32,      -3.230005358,      -1.127392353,      -6.106871501
          0,           0,         797,       -6.66340801,      -2.778914171,               -32,      -3.229563034,      -1.126278602,      -6.104242103
          0,           0,         798,      -6.662235789,      -2.778910597,               -32,      -3.229082775,      -1.125532394,        -6.1016272
          0,           0,         799,      -6.661235564,      -2.778918186,               -32,      -3.228568451,      -1.125150846,      -6.099023597
          0,           0,         800,      -6.660412522,      -2.778938421,               -32,      -3.228024546,      -1.125123639,       -6.09643517
          0,           0,         801,      -6.659766379,      -2.778972502,               -32,      -3.227455971,      -1.125434025,      -6.093861368
          0,           0,         802,      -6.659292755,      -2.779021311,               -32,      -3.226867879,      -1.126059941,      -6.091300972
          0,           0,         803,      -6.658984619,      -2.779085385,               -32,      -3.226265484,      -1.126975189,      -6.088753519
          0,           0,         804,      -6.658833712,      -2.779164902,               -32,      -3.225653901,      -1.128150628,      -6.086214949
          0,           0,         805,      -6.658831833,      -2.779259667,               -32,      -3.225038014,      -1.129555318,      -6.083683892
          0,           0,         806,      -6.658971883,      -2.779369113,               -32,      -3.224422371,      -1.131157553,      -6.081163961
          0,           0,         807,      -6.659248604,      -2.779492313,               -32,      -3.223811122,      -1.132925727,       -6.07865737
          0,           0,         808,      -6.659658932,      -2.779627994,               -32,      -3.223207976,      -1.134828974,      -6.076157216
          0,           0,         809,      -6.660201967,      -2.779774572,               -32,      -3.222616199,      -1.136837548,      -6.073671892
          0,           0,         810,      -6.660878538,      -2.779930183,               -32,      -3.222038632,      -1.138922926,      -6.071198798
          0,           0,         811,      -6.661690432,       -2.78009273,               -32,      -3.221477721,      -1.141057646,      -6.068740588
          0,           0,         812,       -6.66263935,      -2.780259932,               -32,      -3.220935564,      -1.143214914,      -6.066297286
          0,           0,         813,      -6.663725684,       -2.78042938,               -32,      -3.220413956,       -1.14536805,      -6.063866778
          0,           0,         814,      -6.664947241,      -2.780598588,               -32,      -3.219914431,      -1.147489862,      -6.061452188
          0,           0,         815,      -6.666298007,      -2.780765049,               -32,      -3.219438293,      -1.149552043,      -6.059053756
          0,           0,         816,      -6.667767083,      -2.780926287,               -32,      -3.218986639,      -1.151524703,      -6.056666616
          0,           0,         817,      -6.669337885,      -2.781079908,               -32,      -3.218560361,       -1.15337613,      -6.054295494
          0,           0,         818,      -6.670987681,      -2.781223644,               -32,      -3.218160137,      -1.155072856,      -6.051940309
          0,           0,         819,       -6.67268755,      -2.781355388,               -32,       -3.21778641,      -1.156580093,      -6.049599964
          0,           0,         820,      -6.674402788,      -2.781473229,               -32,      -3.217439358,       -1.15786255,      -6.047272896
          0,           0,         821,      -6.676093766,      -2.781575477,               -32,      -3.217118849,      -1.158885607,      -6.044962505
          0,           0,         822,      -6.677717251,      -2.781660679,               -32,      -3.216824408,      -1.159616786,      -6.042667677
          0,           0,         823,      -6.679228104,      -2.781727637,               -32,      -3.216555171,       -1.16002742,      -6.040387902
          0,           0,         824,      -6.680581305,      -2.781775408,               -32,      -3.216309859,       -1.16009438,      -6.038122845
          0,           0,         825,      -6.681734152,      -2.781803311,               -32,      -3.216086747,      -1.159801709,      -6.035863298
          0,           0,         826,      -6.682648523,      -2.781810924,               -32,      -3.215883661,      -1.159142005,       -6.03361416
          0,           0,         827,      -6.683293007,      -2.781798078,               -32,      -3.215697982,      -1.158117428,      -6.031376352
          0,           0,         828,       -6.68364475,      -2.781764847,               -32,      -3.215526667,      -1.156740203,      -6.029152146
          0,           0,         829,       -6.68369086,       -2.78171154,               -32,      -3.215366297,      -1.155032581,      -6.026937955
          0,           0,         830,       -6.68342925,      -2.781638689,               -32,      -3.215213135,      -1.153026256,      -6.024736201
          0,           0,         831,      -6.682868846,      -2.781547029,               -32,      -3.215063209,      -1.150761268,      -6.022551526
          0,           0,         832,       -6.68202915,      -2.781437489,               -32,      -3.214912399,       -1.14828451,      -6.020382484
          0,           0,         833,      -6.680939209,       -2.78131117,               -32,      -3.214756552,      -1.145647949,      -6.018228716
          0,           0,         834,        -6.6796361,      -2.781169327,               -32,      -3.214591594,      -1.142906707,       -6.01608553
          0,           0,         835,      -6.678163054,      -2.781013349,               -32,      -3.214413645,      -1.140117118,      -6.013956408
          0,           0,         836,      -6.676567394,       -2.78084474,               -32,      -3.214219139,        -1.1373349,      -6.011841021
          0,           0,         837,      -6.674898442,      -2.780665088,               -32,      -3.214004926,      -1.134613512,      -6.009739416
          0,           0,         838,      -6.673205528,      -2.780476046,               -32,      -3.213768372,      -1.132002763,      -6.007649965
          0,           0,         839,      -6.671536216,      -2.780279303,               -32,      -3.213507434,      -1.129547708,      -6.005573017
          0,           0,         840,      -6.669934826,      -2.780076552,               -32,      -3.213220715,      -1.127287833,      -6.003510038
          0,           0,         841,      -6.668441291,      -2.779869467,               -32,      -3.212907495,      -1.125256526,       -6.00145714
          0,           0,         842,      -6.667090354,      -2.779659667,               -32,      -3.212567741,      -1.123480796,      -5.999417801
          0,           0,         843,      -6.665911118,      -2.779448687,               -32,      -3.212202084,      -1.121981229,      -5.997393919
          0,           0,         844,      -6.664926882,      -2.779237947,               -32,      -3.211811782,      -1.120772121,      -5.995383989
          0,           0,         845,      -6.664155255,      -2.779028719,               -32,       -3.21139866,      -1.119861773,      -5.993385162
          0,           0,         846,      -6.663608477,      -2.778822104,               -32,      -3.210965027,      -1.119252899,      -5.991399565
          0,           0,         847,      -6.663293906,         -2.778619,               -32,      -3.210513594,      -1.118943115,      -5.989430418
          0,           0,         848,      -6.663214603,      -2.778420083,               -32,      -3.210047376,      -1.118925488,      -5.987476399
          0,           0,         849,      -6.663369977,      -2.778225786,               -32,      -3.209569594,      -1.119189087,        -5.9855366
          0,           0,         850,       -6.66375642,      -2.778036289,               -32,      -3.209083589,      -1.119719546,      -5.983606168
          0,           0,         851,      -6.664367901,      -2.777851506,               -32,      -3.208592731,      -1.120499572,      -5.981690536
          0,           0,         852,       -6.66519646,      -2.777671088,               -32,      -3.208100347,      -1.121509405,      -5.979790612
          0,           0,         853,      -6.666232576,      -2.777494425,               -32,      -3.207609659,      -1.122727198,      -5.977906389
          0,           0,         854,      -6.667465386,       -2.77732066,               -32,      -3.207123735,      -1.124129307,      -5.976039244
          0,           0,         855,      -6.668882734,      -2.777148704,               -32,      -3.206645451,      -1.125690483,      -5.974189015
          0,           0,         856,      -6.670471065,      -2.776977261,               -32,      -3.206177472,      -1.127383977,      -5.972351621
          0,           0,         857,      -6.672215178,      -2.776804857,               -32,      -3.205722229,      -1.129181573,      -5.970531773
          0,           0,         858,      -6.674097852,       -2.77662987,               -32,       -3.20528192,       -1.13105356,      -5.968727669
          0,           0,         859,      -6.676099425,       -2.77645057,               -32,      -3.204858501,      -1.132968703,      -5.966939613
          0,           0,         860,      -6.678197349,      -2.776265153,               -32,      -3.204453688,       -1.13489422,      -5.965168079
          0,           0,         861,      -6.680365802,      -2.776071781,               -32,      -3.204068954,      -1.136795846,      -5.963409356
          0,           0,         862,      -6.682575419,      -2.775868618,               -32,      -3.203705527,      -1.138638003,       -5.96166406
          0,           0,         863,      -6.684793204,      -2.775653867,               -32,      -3.203364383,      -1.140384123,      -5.959933872
          0,           0,         864,      -6.686982679,      -2.775425802,               -32,      -3.203046237,      -1.141997157,      -5.958217757
          0,           0,         865,      -6.689104331,      -2.775182801,               -32,      -3.202751533,      -1.143440282,      -5.956516746
          0,           0,         866,      -6.691116358,      -2.774923367,               -32,      -3.202480421,        -1.1446778,      -5.954831348
          0,           0,         867,      -6.692975737,      -2.774646156,               -32,      -3.202232752,      -1.145676201,      -5.953160936
          0,           0,         868,       -6.69463958,      -2.774349988,               -32,      -3.202008054,      -1.146405334,      -5.951507289
          0,           0,         869,      -6.696066729,      -2.774033867,               -32,      -3.201805527,      -1.146839637,      -5.949873646
          0,           0,         870,      -6.697219483,      -2.773696985,               -32,      -3.201624031,      -1.146959306,      -5.948257987
          0,           0,         871,      -6.698065381,      -2.773338733,               -32,      -3.201462086,      -1.146751342,      -5.946660109
          0,           0,         872,       -6.69857886,      -2.772958696,               -32,      -3.201317882,      -1.146210366,      -5.945081937
          0,           0,         873,      -6.698742696,      -2.772556658,               -32,      -3.201189296,      -1.145339129,      -5.943520064
          0,           0,         874,      -6.698549074,      -2.772132595,               -32,      -3.201073916,      -1.144148674,      -5.941972794
          0,           0,         875,      -6.698000136,      -2.771686665,               -32,      -3.200969089,      -1.142658069,      -5.940443656
          0,           0,         876,      -6.697108065,      -2.771219205,               -32,      -3.200871959,       -1.14089381,      -5.938934479
          0,           0,         877,      -6.695894672,      -2.770730714,               -32,      -3.200779538,      -1.138888906,      -5.937444127
          0,           0,         878,      -6.694390403,      -2.770221841,               -32,      -3.200688765,      -1.136681648,      -5.935971464
          0,           0,         879,      -6.692632992,       -2.76969337,               -32,      -3.200596582,      -1.134314254,      -5.934516687
          0,           0,         880,      -6.690665764,      -2.769146201,               -32,      -3.200500009,       -1.13183137,      -5.933078657
          0,           0,         881,      -6.688535823,      -2.768581331,               -32,      -3.200396225,      -1.129278613,      -5.931656885
          0,           0,         882,      -6.686292196,      -2.767999836,               -32,      -3.200282632,       -1.12670118,      -5.930254832
          0,           0,         883,      -6.683984026,      -2.767402849,               -32,      -3.200156931,      -1.124142575,      -5.928870588
          0,           0,         884,      -6.681658997,      -2.766791535,               -32,       -3.20001717,      -1.121643557,      -5.927505377
          0,           0,         885,      -6.679361954,      -2.766167074,               -32,      -3.199861799,      -1.119241265,      -5.926159532
          0,           0,         886,      -6.677133819,      -2.765530632,               -32,      -3.199689692,      -1.116968569,      -5.924835417
          0,           0,         887,      -6.675010833,      -2.764883344,               -32,      -3.199500172,      -1.114853636,      -5.923533087
          0,           0,         888,      -6.673023992,      -2.764226287,               -32,      -3.199293008,      -1.112919669,      -5.922253906
          0,           0,         889,      -6.671198826,       -2.76356046,               -32,      -3.199068406,       -1.11118483,      -5.920996723
          0,           0,         890,      -6.669555365,      -2.762886766,               -32,      -3.198826978,      -1.109662296,      -5.919760782
          0,           0,         891,      -6.668108238,       -2.76220599,               -32,      -3.198569715,      -1.108360421,      -5.918545783
          0,           0,         892,      -6.666866979,      -2.761518785,               -32,      -3.198297929,      -1.107282997,      -5.917354808
          0,           0,         893,      -6.665836409,      -2.760825656,               -32,       -3.19801321,      -1.106429578,      -5.916187026
          0,           0,         894,      -6.665017016,      -2.760126955,               -32,      -3.197717366,      -1.105795815,      -5.915045027
          0,           0,         895,      -6.664405433,      -2.759422866,               -32,      -3.197412366,      -1.105373825,       -5.91392521
          0,           0,         896,      -6.663994869,       -2.75871341,               -32,      -3.197100286,      -1.105152561,      -5.912829795
          0,           0,         897,      -6.663775477,      -2.757998438,               -32,      -3.196783254,      -1.105118144,      -5.911759672
          0,           0,         898,      -6.663734726,      -2.757277643,               -32,      -3.196463407,      -1.105254183,      -5.910716285
          0,           0,         899,      -6.663857676,      -2.756550564,               -32,      -3.196142846,      -1.105542058,      -5.909697952
          0,           0,         900,      -6.664127149,        -2.7558166,               -32,      -3.195823603,      -1.105961153,      -5.908705707
          0,           0,         901,      -6.664523917,      -2.755075024,               -32,      -3.195507609,      -1.106489091,      -5.907739202
          0,           0,         902,      -6.665026766,      -2.754325006,               -32,      -3.195196676,      -1.107101918,      -5.906797608
          0,           0,         903,      -6.665612543,      -2.753565629,               -32,      -3.194892471,      -1.107774278,      -5.905886473
          0,           0,         904,      -6.666256239,      -2.752795915,               -32,      -3.194596506,      -1.108479624,      -5.905005395
          0,           0,         905,      -6.666931045,      -2.752014846,               -32,      -3.194310124,      -1.109190443,      -5.904154322
          0,           0,         906,      -6.667608501,       -2.75122139,               -32,      -3.194034486,      -1.109878525,      -5.903334494
          0,           0,         907,      -6.668258738,      -2.750414524,               -32,      -3.193770563,      -1.110515309,       -5.90254342
          0,           0,         908,      -6.668850811,      -2.749593252,               -32,      -3.193519122,       -1.11107229,      -5.901781779
          0,           0,         909,      -6.669353191,      -2.748756634,               -32,      -3.193280722,      -1.111521523,      -5.901050394
          0,           0,         910,      -6.669734408,      -2.747903795,               -32,      -3.193055696,      -1.111836209,      -5.900349521
          0,           0,         911,      -6.669963789,       -2.74703395,               -32,      -3.192844146,      -1.111991327,      -5.899680045
          0,           0,         912,      -6.670012358,      -2.746146412,               -32,      -3.192645933,      -1.111964316,      -5.899044148
          0,           0,         913,      -6.669853785,      -2.745240605,               -32,      -3.192460672,      -1.111735783,       -5.89844226
          0,           0,         914,      -6.669465356,      -2.744316071,               -32,      -3.192287725,      -1.111290164,      -5.897874304
          0,           0,         915,       -6.66882891,       -2.74337248,               -32,      -3.192126202,      -1.110616315,      -5.897339204
          0,           0,         916,      -6.667931672,      -2.742409628,               -32,      -3.191974969,      -1.109707979,       -5.89683877
          0,           0,         917,      -6.666766903,      -2.741427439,               -32,      -3.191832656,      -1.108564123,      -5.896371414
          0,           0,         918,      -6.665334339,      -2.740425966,               -32,      -3.191697673,      -1.107189077,      -5.895940003
          0,           0,         919,      -6.663640346,      -2.739405383,               -32,      -3.191568235,      -1.105592457,      -5.895544693
          0,           0,         920,      -6.661697791,      -2.738365982,               -32,       -3.19144239,      -1.103788914,      -5.895184569
          0,           0,         921,      -6.659525646,      -2.737308168,               -32,      -3.191318057,      -1.101797676,      -5.894858117
          0,           0,         922,      -6.657148307,      -2.736232445,               -32,      -3.191193062,      -1.099641917,       -5.89456484
          0,           0,         923,      -6.654594741,      -2.735139408,               -32,      -3.191065184,      -1.097348023,      -5.894309773
          0,           0,         924,      -6.651897427,      -2.734029734,               -32,      -3.190932204,       -1.09494473,      -5.894089412
          0,           0,         925,      -6.649091267,      -2.732904168,               -32,      -3.190791948,      -1.092462264,      -5.893906373
          0,           0,         926,       -6.64621244,       -2.73176351,               -32,      -3.190642335,      -1.089931455,      -5.893762636
          0,           0,         927,      -6.643297316,      -2.730608603,               -32,      -3.190481422,      -1.087382905,      -5.893656669
          0,           0,         928,      -6.640381442,      -2.729440318,               -32,      -3.190307443,       -1.08484623,      -5.893589548
          0,           0,         929,      -6.637498654,      -2.728259541,               -32,      -3.190118839,      -1.082349388,      -5.893561227
          0,           0,         930,      -6.634680371,      -2.727067161,               -32,       -3.18991429,      -1.079918137,      -5.893572149
          0,           0,         931,      -6.631954981,      -2.725864052,               -32,      -3.189692731,      -1.077575585,      -5.893621549
          0,           0,         932,      -6.629347411,      -2.724651068,               -32,      -3.189453363,      -1.075341851,      -5.893711868
          0,           0,         933,      -6.626878902,      -2.723429022,               -32,      -3.189195657,      -1.073233894,      -5.893842585
          0,           0,         934,      -6.624566867,      -2.722198682,               -32,      -3.188919351,      -1.071265413,      -5.894013421
          0,           0,         935,      -6.622424877,      -2.720960756,               -32,      -3.188624437,      -1.069446822,      -5.894223485
          0,           0,         936,      -6.620462725,      -2.719715886,               -32,       -3.18831114,      -1.067785307,      -5.894472452
          0,           0,         937,      -6.618686574,      -2.718464641,               -32,      -3.187979896,      -1.066284932,      -5.894760846
          0,           0,         938,      -6.617099131,      -2.717207508,               -32,      -3.187631325,      -1.064946791,      -5.895087424
          0,           0,         939,      -6.615699938,      -2.715944893,               -32,      -3.187266197,      -1.063769219,      -5.895453667
          0,           0,         940,      -6.614485569,      -2.714677117,               -32,      -3.186885402,      -1.062747979,      -5.895856723
          0,           0,         941,      -6.613449918,      -2.713404415,               -32,      -3.186489923,      -1.061876498,      -5.896296138
          0,           0,         942,      -6.612584461,       -2.71212694,               -32,      -3.186080804,      -1.061146095,      -5.896771668
          0,           0,         943,      -6.611878472,      -2.710844766,               -32,      -3.185659122,      -1.060546206,       -5.89728104
          0,           0,         944,      -6.611319226,      -2.709557892,               -32,      -3.185225968,       -1.06006459,      -5.897826854
          0,           0,         945,      -6.610892221,      -2.708266257,               -32,      -3.184782416,      -1.059687542,      -5.898406612
          0,           0,         946,      -6.610581325,      -2.706969738,               -32,       -3.18432951,      -1.059400091,      -5.899018253
          0,           0,         947,       -6.61036897,      -2.705668169,               -32,      -3.183868245,      -1.059186199,      -5.899658829
          0,           0,         948,       -6.61023631,      -2.704361348,               -32,      -3.183399548,      -1.059028953,      -5.900327564
          0,           0,         949,      -6.610163412,      -2.703049052,               -32,      -3.182924271,       -1.05891078,      -5.901021147
          0,           0,         950,      -6.610129453,      -2.701731042,               -32,      -3.182443173,      -1.058813657,       -5.90173895
          0,           0,         951,      -6.610112971,      -2.700407082,               -32,      -3.181956914,      -1.058719364,      -5.902478942
          0,           0,         952,      -6.610092106,      -2.699076948,               -32,      -3.181466043,      -1.058609734,      -5.903238792
          0,           0,         953,      -6.610044933,      -2.697740438,               -32,      -3.180970985,      -1.058466943,      -5.904017803
          0,           0,         954,      -6.609949826,      -2.696397382,               -32,      -3.180472042,      -1.058273823,      -5.904816853
          0,           0,         955,      -6.609785827,      -2.695047653,               -32,      -3.179969375,      -1.058014176,      -5.905632396
          0,           0,         956,      -6.609533126,      -2.693691175,               -32,      -3.179463001,      -1.057673121,      -5.906460134
          0,           0,         957,      -6.609173517,      -2.692327926,               -32,      -3.178952794,      -1.057237421,      -5.907297343
          0,           0,         958,      -6.608690775,      -2.690957949,               -32,      -3.178438466,      -1.056695801,      -5.908135929
          0,           0,         959,      -6.608071272,      -2.689581353,               -32,      -3.177919581,       -1.05603928,      -5.908974764
          0,           0,         960,      -6.607304344,      -2.688198314,               -32,      -3.177395566,       -1.05526137,      -5.909810109
          0,           0,         961,       -6.60638238,      -2.686809081,               -32,      -3.176865674,      -1.054358298,      -5.910639426
          0,           0,         962,       -6.60530162,      -2.685413971,               -32,      -3.176329046,      -1.053329199,      -5.911457368
          0,           0,         963,       -6.60406191,      -2.684013371,               -32,      -3.175784718,      -1.052176032,      -5.912259242
          0,           0,         964,      -6.602666454,      -2.682607738,               -32,      -3.175231555,      -1.050903653,      -5.913039193
          0,           0,         965,      -6.601122986,      -2.681197583,               -32,       -3.17466844,      -1.049519701,      -5.913792929
          0,           0,         966,      -6.599441825,      -2.679783483,               -32,      -3.174094156,      -1.048034099,      -5.914514377
          0,           0,         967,      -6.597636005,      -2.678366077,               -32,      -3.173507333,      -1.046459275,      -5.915200653
          0,           0,         968,       -6.59572336,       -2.67694602,               -32,      -3.172906894,      -1.044809442,      -5.915845056
          0,           0,         969,      -6.593720955,      -2.675524039,               -32,      -3.172291562,       -1.04309973,      -5.916444012
          0,           0,         970,      -6.591647952,      -2.674100899,               -32,      -3.171659984,      -1.041347004,      -5.916989476
          0,           0,         971,      -6.589528049,      -2.672677337,               -32,      -3.171011459,      -1.039568211,      -5.917477375
          0,           0,         972,      -6.587378286,      -2.671254185,               -32,      -3.170344725,      -1.037779849,      -5.917903102
          0,           0,         973,      -6.585220771,      -2.669832249,               -32,      -3.169658921,      -1.035999585,      -5.918259329
          0,           0,         974,      -6.583079762,      -2.668412279,               -32,      -3.168954068,      -1.034242152,      -5.918542402
          0,           0,         975,      -6.580962843,      -2.666995196,               -32,      -3.168228489,      -1.032521616,      -5.918741122
          0,           0,         976,      -6.578895572,      -2.665581734,               -32,      -3.167482605,      -1.030854851,      -5.918857186
          0,           0,         977,      -6.576899455,      -2.664172607,               -32,      -3.166717668,      -1.029250493,      -5.918889114
          0,           0,         978,      -6.574963854,      -2.662768823,               -32,      -3.165930619,       -1.02771515,       -5.91882938
          0,           0,         979,      -6.573115493,      -2.661370911,               -32,      -3.165123606,      -1.026263871,      -5.918668868
          0,           0,         980,      -6.571373828,      -2.659979649,               -32,        -3.1643004,      -1.024905753,      -5.918402754
          0,           0,         981,      -6.569722636,      -2.658596112,               -32,      -3.163456182,      -1.023631172,      -5.918029107
          0,           0,         982,      -6.568162503,      -2.657220336,               -32,      -3.162592634,      -1.022433448,      -5.917539923
          0,           0,         983,      -6.566675422,      -2.655853763,               -32,       -3.16171766,      -1.021360593,      -5.916935343
          0,           0,         984,        -6.5653792,      -2.654497808,               -32,      -3.160836668,      -1.020413298,      -5.916206953
          0,           0,         985,      -6.564173691,      -2.653151233,               -32,      -3.159931171,      -1.019410508,      -5.915348765
          0,           0,         986,      -6.562724987,      -2.651816829,               -32,      -3.159008184,      -1.018529797,      -5.914365189
          0,           0,         987,      -6.561694788,      -2.650498127,               -32,       -3.15813841,      -1.018052308,      -5.913248951
          0,           0,         988,      -6.561060847,       -2.64918988,               -32,      -3.157246015,      -1.017127632,      -5.911999636
          0,           0,         989,      -6.559292002,      -2.647896881,               -32,       -3.15624091,       -1.01599726,      -5.910618179
          0,           0,         990,        -6.5582655,      -2.646620963,               -32,      -3.155412622,      -1.016148021,      -5.909099188
          0,           0,         991,      -6.558155836,      -2.645352899,               -32,      -3.154557663,      -1.015214048,      -5.907441455
          0,           0,         992,      -6.556314755,      -2.644103902,               -32,      -3.153458655,      -1.013719387,      -5.905645608
          0,           0,         993,      -6.555277184,      -2.642867432,               -32,      -3.152615818,      -1.014334596,      -5.903716391
          0,           0,         994,      -6.555571952,      -2.641635731,               -32,      -3.151782022,      -1.013599283,      -5.901652206
          0,           0,         995,       -6.55375538,      -2.640428031,               -32,      -3.150621059,      -1.011963335,      -5.899452122
          0,           0,         996,      -6.552771829,      -2.639229566,               -32,      -3.149777316,      -1.012847195,      -5.897121023
          0,           0,         997,      -6.553141349,      -2.638036181,               -32,      -3.148942567,      -1.012158832,      -5.894655727
          0,           0,         998,      -6.551330116,      -2.636868458,               -32,      -3.147774158,      -1.010513381,      -5.892073235
          0,           0,         999,      -6.550177017,      -2.635710631,               -32,      -3.146927804,      -1.011387194,      -5.889370079
          0,           0,        1000,      -6.550550154,      -2.634557733,               -32,       -3.14610048,      -1.010704324,      -5.886542882
          0,           0,        1001,      -6.548587512,      -2.633431923,               -32,        -3.1449402,      -1.008985971,      -5.883595772
          0,           0,        1002,      -6.547319146,       -2.63231632,               -32,      -3.144110249,      -1.009799785,      -5.880533321
          0,           0,        1003,      -6.547550481,      -2.631206124,               -32,      -3.143294769,      -1.008993032,      -5.877365349
          0,           0,        1004,      -6.545418226,      -2.630124729,               -32,      -3.142142801,      -1.007198306,       -5.87409503
          0,           0,        1005,       -6.54405749,      -2.629052682,               -32,      -3.141352164,      -1.007945829,       -5.87072373
          0,           0,        1006,      -6.544130905,      -2.627987598,               -32,      -3.140548624,      -1.006945068,      -5.867246861
          0,           0,        1007,      -6.541840106,      -2.626951909,               -32,      -3.139432041,      -1.005093119,      -5.863676641
          0,           0,        1008,       -6.54033836,      -2.625926455,               -32,        -3.1386701,       -1.00567023,      -5.860023918
          0,           0,        1009,      -6.540301547,      -2.624908609,               -32,      -3.137893487,      -1.004536746,      -5.856290214
          0,           0,        1010,      -6.537824361,      -2.623921966,               -32,      -3.136807205,      -1.002584011,      -5.852481822
          0,           0,        1011,      -6.536298165,      -2.622945221,               -32,       -3.13609562,      -1.003065105,      -5.848600888
          0,           0,        1012,      -6.536098181,      -2.621978489,               -32,      -3.135335353,      -1.001734889,      -5.844655753
          0,           0,        1013,      -6.533545756,       -2.62104438,               -32,      -3.134282772,     -0.9997865039,      -5.840650465
          0,           0,        1014,      -6.532017618,      -2.620120506,               -32,      -3.133616118,      -1.000193275,      -5.836587755
          0,           0,        1015,      -6.531791083,      -2.619208564,               -32,      -3.132878821,     -0.9987861325,       -5.83247078
          0,           0,        1016,      -6.529227231,      -2.618330801,               -32,      -3.131866017,      -0.996880031,       -5.82830359
          0,           0,        1017,      -6.527808783,      -2.617464117,               -32,      -3.131236336,     -0.9972797262,      -5.824093834
          0,           0,        1018,      -6.527643455,      -2.616611138,               -32,      -3.130526134,     -0.9959054739,      -5.819848099
          0,           0,        1019,      -6.525180765,      -2.615794156,               -32,      -3.129546802,     -0.9941074476,      -5.815570351
          0,           0,        1020,       -6.52400089,      -2.614987999,               -32,      -3.128971249,     -0.9946234705,      -5.811262924
          0,           0,        1021,      -6.523949146,      -2.614198526,               -32,      -3.128277104,       -0.99329843,      -5.806928761
          0,           0,        1022,      -6.521720941,      -2.613445859,               -32,      -3.127343374,     -0.9917438248,      -5.802573871
          0,           0,        1023,      -6.520812337,      -2.612704685,               -32,      -3.126811998,     -0.9923923745,      -5.798198461
          0,           0,        1024,      -6.520998865,      -2.611981755,               -32,       -3.12615316,     -0.9912517891,      -5.793805901
          0,           0,        1025,      -6.519015489,      -2.611297207,               -32,      -3.125262717,     -0.9899121765,      -5.789396273
          0,           0,        1026,      -6.518476989,      -2.610624062,               -32,      -3.124784163,     -0.9907834593,      -5.784975187
          0,           0,        1027,       -6.51889696,      -2.609971348,               -32,      -3.124161833,     -0.9898340435,      -5.780547308
          0,           0,        1028,      -6.517238727,      -2.609357599,               -32,      -3.123325427,     -0.9887605661,      -5.776117697
          0,           0,        1029,      -6.517043497,      -2.608755378,               -32,      -3.122906632,     -0.9898398524,      -5.771683297
          0,           0,        1030,      -6.517709613,      -2.608175769,               -32,      -3.122319956,     -0.9890881227,      -5.767242988
          0,           0,        1031,      -6.516385056,      -2.607634992,               -32,      -3.121553972,      -0.988312967,      -5.762803067
          0,           0,        1032,      -6.516506809,      -2.607106417,               -32,      -3.121190785,     -0.9895596236,      -5.758367887
          0,           0,        1033,      -6.517417304,      -2.606601416,               -32,      -3.120663204,     -0.9890451431,      -5.753937104
          0,           0,        1034,      -6.516353089,      -2.606136081,               -32,      -3.119958565,     -0.9884689776,      -5.749509102
          0,           0,        1035,      -6.516813846,      -2.605682155,               -32,      -3.119671367,      -0.989940788,      -5.745079309
          0,           0,        1036,      -6.517896909,      -2.605253747,               -32,       -3.11920146,     -0.9895817599,      -5.740653753
          0,           0,        1037,      -6.517131879,      -2.604864099,               -32,      -3.118583806,     -0.9892410836,       -5.73624032
          0,           0,        1038,      -6.517786513,      -2.604486753,               -32,      -3.118362384,     -0.9907992516,      -5.731835101
          0,           0,        1039,      -6.519050917,      -2.604135277,               -32,      -3.117964278,     -0.9906389235,       -5.72743917
          0,           0,        1040,      -6.518509721,      -2.603822127,               -32,      -3.117440958,     -0.9904615252,      -5.723052189
          0,           0,        1041,      -6.519342683,      -2.603521612,               -32,      -3.117294338,     -0.9920931446,       -5.71867435
          0,           0,        1042,      -6.520703694,      -2.603247351,               -32,      -3.116983052,     -0.9920800496,      -5.714308154
          0,           0,        1043,      -6.520327567,       -2.60301134,               -32,      -3.116545087,     -0.9919886837,      -5.709956711
          0,           0,        1044,      -6.521302532,      -2.602787334,               -32,      -3.116492745,     -0.9937058504,      -5.705610965
          0,           0,        1045,      -6.522706231,      -2.602590659,               -32,      -3.116264844,     -0.9937591436,      -5.701275659
          0,           0,        1046,      -6.522510186,      -2.602430643,               -32,       -3.11594196,     -0.9937879104,      -5.696950886
          0,           0,        1047,      -6.523467159,      -2.602284393,               -32,       -3.11595956,     -0.9954175558,      -5.692637962
          0,           0,        1048,      -6.524945202,      -2.602164059,               -32,      -3.115840608,     -0.9956355593,      -5.688336477
          0,           0,        1049,      -6.524821441,      -2.602080741,               -32,      -3.115618771,     -0.9956415709,      -5.684044557
          0,           0,        1050,      -6.525814111,      -2.602010735,               -32,      -3.115733258,     -0.9972754382,      -5.679765066
          0,           0,        1051,       -6.52724109,      -2.601967279,               -32,      -3.115714897,     -0.9975199896,       -5.67549867
          0,           0,        1052,       -6.52723066,      -2.601959796,               -32,      -3.115598575,     -0.9975543469,      -5.671243883
          0,           0,        1053,      -6.528169626,      -2.601966234,               -32,      -3.115807397,     -0.9991132321,      -5.666998439
          0,           0,        1054,      -6.529590292,      -2.601998689,               -32,      -3.115894492,     -0.9994270501,      -5.662766004
          0,           0,        1055,      -6.529672079,      -2.602066084,               -32,      -3.115900835,      -0.999478769,      -5.658546854
          0,           0,        1056,      -6.530514993,      -2.602149234,               -32,      -3.116180567,      -1.000887689,      -5.654342687
          0,           0,        1057,       -6.53195701,      -2.602256141,               -32,      -3.116396374,      -1.001361709,      -5.650155217
          0,           0,        1058,      -6.532083402,      -2.602398876,               -32,      -3.116496886,      -1.001318042,      -5.645977267
          0,           0,        1059,      -6.532938838,      -2.602556088,               -32,      -3.116888899,      -1.002740716,      -5.641807832
          0,           0,        1060,      -6.534285253,      -2.602738478,               -32,      -3.117194803,      -1.003176672,      -5.637648489
          0,           0,        1061,      -6.534591611,      -2.602953906,               -32,      -3.117420434,      -1.003252064,      -5.633502967
          0,           0,        1062,      -6.535327721,      -2.603186486,               -32,      -3.117883691,       -1.00447528,      -5.629370558
          0,           0,        1063,      -6.536740754,      -2.603441034,               -32,      -3.118316798,      -1.005118263,      -5.625252817
          0,           0,        1064,      -6.537102302,      -2.603729588,               -32,      -3.118643555,      -1.005123912,      -5.621143771
          0,           0,        1065,       -6.53786526,      -2.604035064,               -32,      -3.119188731,      -1.006322524,       -5.61704409
          0,           0,        1066,      -6.539253978,      -2.604361698,               -32,      -3.119736279,      -1.007054751,      -5.612957273
          0,           0,        1067,      -6.539773734,      -2.604721293,               -32,      -3.120162089,      -1.007103124,      -5.608885328
          0,           0,        1068,      -6.540540294,      -2.605097859,               -32,      -3.120807153,       -1.00825666,      -5.604824023
          0,           0,        1069,       -6.54188193,      -2.605496253,               -32,      -3.121428201,      -1.009005091,      -5.600775356
          0,           0,        1070,      -6.542611794,      -2.605923733,               -32,      -3.121991328,       -1.00926876,      -5.596738852
          0,           0,        1071,      -6.543316897,      -2.606371919,               -32,      -3.122680423,      -1.010193727,       -5.59271583
          0,           0,        1072,      -6.544742778,      -2.606836888,               -32,      -3.123441461,      -1.011236046,      -5.588709851
          0,           0,        1073,      -6.545471202,      -2.607334059,               -32,      -3.124062768,      -1.011359073,      -5.584720711
          0,           0,        1074,      -6.546353544,      -2.607847583,               -32,      -3.124867804,      -1.012482834,      -5.580745737
          0,           0,        1075,      -6.547638377,      -2.608381339,               -32,      -3.125687496,      -1.013373308,      -5.576778472
          0,           0,        1076,        -6.5486073,      -2.608940893,               -32,      -3.126445667,      -1.013836914,      -5.572823491
          0,           0,        1077,      -6.549361786,      -2.609521762,               -32,      -3.127292972,      -1.014658295,       -5.56888091
          0,           0,        1078,      -6.550704478,      -2.610118125,               -32,      -3.128210844,      -1.015800348,      -5.564955503
          0,           0,        1079,      -6.551697029,      -2.610740215,               -32,      -3.129070574,      -1.016271071,      -5.561046938
          0,           0,        1080,      -6.552531323,      -2.611382485,               -32,      -3.129986023,      -1.017115999,      -5.557152963
          0,           0,        1081,      -6.553760288,      -2.612039461,               -32,       -3.13100273,      -1.018251402,      -5.553277465
          0,           0,        1082,      -6.554738848,      -2.612721967,               -32,      -3.131914102,      -1.018732375,      -5.549417308
          0,           0,        1083,      -6.555669976,      -2.613420078,               -32,      -3.132956857,      -1.019729765,      -5.545571566
          0,           0,        1084,      -6.556712863,      -2.614137299,               -32,      -3.133991666,         -1.020608,      -5.541746155
          0,           0,        1085,       -6.55779056,      -2.614871263,               -32,      -3.135062892,      -1.021477249,      -5.537939847
          0,           0,        1086,      -6.558494498,      -2.615628549,               -32,       -3.13609387,      -1.022024433,      -5.534151678
          0,           0,        1087,      -6.559635873,      -2.616394543,               -32,      -3.137278973,      -1.023324191,      -5.530381998
          0,           0,        1088,      -6.560481683,      -2.617184216,               -32,      -3.138367256,      -1.023798521,      -5.526631032
          0,           0,        1089,      -6.561333315,      -2.617986949,               -32,      -3.139541747,      -1.024767013,      -5.522898748
          0,           0,        1090,      -6.562121188,      -2.618807078,               -32,       -3.14072649,      -1.025526152,      -5.519185759
          0,           0,        1091,      -6.563038475,      -2.619640782,               -32,      -3.141934097,      -1.026417842,      -5.515492267
          0,           0,        1092,      -6.563711876,      -2.620491684,               -32,      -3.143161312,      -1.027061613,      -5.511819971
          0,           0,        1093,      -6.564458645,      -2.621355458,               -32,      -3.144416706,      -1.027950512,      -5.508171146
          0,           0,        1094,       -6.56517848,      -2.622232764,               -32,      -3.145709511,      -1.028712749,      -5.504545921
          0,           0,        1095,      -6.565742372,      -2.623127205,               -32,      -3.146960087,      -1.029279869,      -5.500943133
          0,           0,        1096,      -6.566439684,      -2.624029006,               -32,      -3.148338511,       -1.03026929,      -5.497355753
          0,           0,        1097,      -6.566942095,      -2.624949204,               -32,       -3.14962819,      -1.030718905,      -5.493792571
          0,           0,        1098,       -6.56752142,      -2.625876536,               -32,        -3.1510291,      -1.031618177,      -5.490254634
          0,           0,        1099,      -6.567896171,      -2.626821366,               -32,      -3.152360959,      -1.032026043,      -5.486742096
          0,           0,        1100,      -6.568486244,      -2.627770785,               -32,      -3.153809437,      -1.032988878,      -5.483251358
          0,           0,        1101,      -6.568790807,      -2.628737703,               -32,      -3.155183747,      -1.033298569,      -5.479782576
          0,           0,        1102,      -6.569245049,      -2.629709514,               -32,      -3.156653561,      -1.034180869,      -5.476339708
          0,           0,        1103,      -6.569523776,      -2.630695896,               -32,      -3.158081707,      -1.034559163,      -5.472918237
          0,           0,        1104,      -6.569904723,      -2.631689368,               -32,      -3.159553848,      -1.035267307,      -5.469519374
          0,           0,        1105,        -6.5701865,      -2.632692688,               -32,      -3.161051644,      -1.035787495,       -5.46614787
          0,           0,        1106,      -6.570470881,      -2.633705648,               -32,      -3.162534865,      -1.036333876,      -5.462801016
          0,           0,        1107,      -6.570739645,      -2.634725598,               -32,      -3.164072522,      -1.036921489,      -5.459480256
          0,           0,        1108,      -6.570951648,       -2.63575723,               -32,      -3.165560978,      -1.037318334,      -5.456188194
          0,           0,        1109,      -6.571272427,      -2.636791426,               -32,      -3.167152073,      -1.038066981,      -5.452924459
          0,           0,        1110,      -6.571446444,      -2.637838972,               -32,       -3.16866021,      -1.038343739,        -5.4496881
          0,           0,        1111,      -6.571757976,      -2.638887708,               -32,      -3.170274226,      -1.039125809,      -5.446481312
          0,           0,        1112,      -6.571923264,       -2.63994975,               -32,      -3.171802519,      -1.039370036,       -5.44329833
          0,           0,        1113,       -6.57228348,      -2.641012151,               -32,      -3.173431007,        -1.0401741,      -5.440142186
          0,           0,        1114,      -6.572494998,      -2.642085511,               -32,      -3.175004715,      -1.040493436,      -5.437012726
          0,           0,        1115,      -6.572850693,       -2.64316103,               -32,      -3.176632956,      -1.041223078,      -5.433910162
          0,           0,        1116,       -6.57312071,      -2.644245086,               -32,      -3.178236847,      -1.041635585,      -5.430834657
          0,           0,        1117,      -6.573512033,       -2.64533323,               -32,       -3.17985619,      -1.042286441,      -5.427789492
          0,           0,        1118,      -6.573894531,      -2.646425361,               -32,      -3.181509442,      -1.042896882,      -5.424769535
          0,           0,        1119,      -6.574304676,      -2.647524452,               -32,      -3.183123707,      -1.043439559,      -5.421777079
          0,           0,        1120,      -6.574774969,      -2.648624839,               -32,      -3.184800937,      -1.044184708,      -5.418813569
          0,           0,        1121,      -6.575233287,      -2.649734034,               -32,      -3.186407599,      -1.044663985,      -5.415880861
          0,           0,        1122,       -6.57584066,      -2.650841309,               -32,      -3.188111558,      -1.045576733,      -5.412978653
          0,           0,        1123,      -6.576359974,       -2.65195788,               -32,      -3.189732143,      -1.046052734,      -5.410102077
          0,           0,        1124,      -6.577046268,      -2.653072455,               -32,      -3.191436277,      -1.047014829,      -5.407252874
          0,           0,        1125,      -6.577650701,      -2.654195564,               -32,      -3.193066613,      -1.047544008,      -5.404433745
          0,           0,        1126,      -6.578452242,      -2.655316749,               -32,      -3.194767055,      -1.048551411,      -5.401644662
          0,           0,        1127,       -6.57916869,      -2.656443615,               -32,      -3.196430722,      -1.049221757,      -5.398883695
          0,           0,        1128,      -6.580021063,      -2.657571262,               -32,      -3.198111838,      -1.050165882,      -5.396146288
          0,           0,        1129,      -6.580846032,      -2.658701682,               -32,      -3.199795137,      -1.050988729,       -5.39343962
          0,           0,        1130,      -6.581777734,      -2.659834975,               -32,      -3.201457413,      -1.051888182,      -5.390761053
          0,           0,        1131,      -6.582744087,      -2.660967014,               -32,      -3.203173254,      -1.052911235,      -5.388111296
          0,           0,        1132,       -6.58370689,      -2.662104595,               -32,      -3.204821119,       -1.05373015,      -5.385492457
          0,           0,        1133,      -6.584769136,      -2.663238926,               -32,      -3.206543546,      -1.054879612,      -5.382903103
          0,           0,        1134,      -6.585793262,      -2.664379674,               -32,      -3.208182797,      -1.055682535,      -5.380343806
          0,           0,        1135,      -6.586979189,      -2.665515205,               -32,      -3.209915031,      -1.056956249,      -5.377811597
          0,           0,        1136,      -6.588048652,      -2.666656858,               -32,      -3.211564357,      -1.057775521,      -5.375307564
          0,           0,        1137,      -6.589278514,      -2.667794543,               -32,      -3.213277603,      -1.059040104,      -5.372831194
          0,           0,        1138,      -6.590411899,      -2.668936334,               -32,      -3.214937626,       -1.05994463,      -5.370385149
          0,           0,        1139,      -6.591709386,      -2.670075356,               -32,      -3.216634352,      -1.061192136,      -5.367968398
          0,           0,        1140,      -6.592919413,      -2.671215117,               -32,      -3.218323808,      -1.062227785,      -5.365580901
          0,           0,        1141,      -6.594199209,      -2.672355585,               -32,      -3.219989729,      -1.063346175,      -5.363222933
          0,           0,        1142,      -6.595471312,      -2.673493674,               -32,      -3.221692466,      -1.064512154,      -5.360893078
          0,           0,        1143,      -6.596763299,      -2.674634554,               -32,      -3.223336138,      -1.065541814,      -5.358589343
          0,           0,        1144,       -6.59811998,      -2.675769601,               -32,      -3.225061629,      -1.066849572,      -5.356311411
          0,           0,        1145,      -6.599375005,      -2.676909537,               -32,      -3.226691941,      -1.067763813,      -5.354061771
          0,           0,        1146,       -6.60075731,      -2.678042878,               -32,      -3.228409244,      -1.069112399,      -5.351841177
          0,           0,        1147,      -6.602011321,      -2.679180887,               -32,      -3.230035078,      -1.069997566,      -5.349649146
          0,           0,        1148,      -6.603440659,      -2.680311889,               -32,      -3.231745806,      -1.071367775,      -5.347482028
          0,           0,        1149,      -6.604695951,      -2.681445792,               -32,      -3.233389678,      -1.072270582,      -5.345339491
          0,           0,        1150,      -6.606086331,      -2.682575564,               -32,      -3.235066664,      -1.073519314,      -5.343219143
          0,           0,        1151,       -6.60736582,      -2.683705274,               -32,      -3.236723289,      -1.074502005,       -5.34111955
          0,           0,        1152,      -6.608742664,      -2.684833348,               -32,      -3.238368921,      -1.075631293,      -5.339046464
          0,           0,        1153,      -6.610077362,      -2.685957114,               -32,      -3.240056421,      -1.076745927,      -5.337001366
          0,           0,        1154,      -6.611378889,      -2.687083025,               -32,      -3.241668644,      -1.077679424,      -5.334984027
          0,           0,        1155,      -6.612750106,      -2.688202044,               -32,      -3.243360376,      -1.078885495,      -5.332994777
          0,           0,        1156,       -6.61401743,      -2.689325122,               -32,      -3.244946249,      -1.079689586,      -5.331030733
          0,           0,        1157,      -6.615456328,      -2.690438707,               -32,      -3.246646154,      -1.080994125,      -5.329092398
          0,           0,        1158,      -6.616690995,      -2.691556815,               -32,      -3.248230284,      -1.081709608,      -5.327177149
          0,           0,        1159,      -6.618129924,      -2.692666655,               -32,      -3.249902452,      -1.082970462,      -5.325284052
          0,           0,        1160,      -6.619381462,       -2.69377939,               -32,      -3.251486725,      -1.083697315,      -5.323412951
          0,           0,        1161,       -6.62084273,      -2.694885484,               -32,      -3.253126442,      -1.084893816,      -5.321564486
          0,           0,        1162,      -6.622160126,      -2.695990415,               -32,      -3.254741302,      -1.085732595,       -5.31973909
          0,           0,        1163,      -6.623569286,       -2.69709331,               -32,      -3.256330545,      -1.086729796,      -5.317936253
          0,           0,        1164,       -6.62497007,      -2.698191208,               -32,      -3.257956969,      -1.087711901,      -5.316157219
          0,           0,        1165,       -6.62635907,      -2.699290647,               -32,      -3.259496812,      -1.088537709,       -5.31439763
          0,           0,        1166,      -6.627892725,      -2.700380165,               -32,      -3.261149225,      -1.089722298,      -5.312660709
          0,           0,        1167,      -6.629244493,      -2.701474501,               -32,      -3.262657302,      -1.090367797,      -5.310945799
          0,           0,        1168,      -6.630855823,      -2.702557667,               -32,      -3.264293572,      -1.091639619,      -5.309253048
          0,           0,        1169,      -6.632227587,      -2.703646154,               -32,      -3.265778609,      -1.092219979,       -5.30757978
          0,           0,        1170,      -6.633938542,      -2.704722805,               -32,      -3.267394896,      -1.093558506,      -5.305927225
          0,           0,        1171,      -6.635382516,      -2.705802476,               -32,       -3.26889632,      -1.094185147,      -5.304296226
          0,           0,        1172,      -6.637081972,      -2.706874547,               -32,      -3.270450572,      -1.095385255,      -5.302685911
          0,           0,        1173,      -6.638643015,      -2.707945341,               -32,      -3.271963995,      -1.096174129,      -5.301096498
          0,           0,        1174,      -6.640346898,      -2.709012637,               -32,      -3.273454866,      -1.097219462,      -5.299525701
          0,           0,        1175,      -6.642090473,      -2.710072251,               -32,      -3.275009501,       -1.09827448,      -5.297972618
          0,           0,        1176,      -6.643720657,      -2.711134573,               -32,       -3.27643081,      -1.099046745,       -5.29643904
          0,           0,        1177,      -6.645602233,      -2.712184908,               -32,      -3.277986921,      -1.100324228,      -5.294922718
          0,           0,        1178,      -6.647217325,      -2.713240941,               -32,      -3.279357808,      -1.100935179,      -5.293421778
          0,           0,        1179,      -6.649262038,      -2.714281216,               -32,      -3.280919437,      -1.102425227,      -5.291938301
          0,           0,        1180,      -6.650883699,      -2.715328275,               -32,      -3.282275357,      -1.102937157,      -5.290469374
          0,           0,        1181,      -6.652934609,      -2.716361739,               -32,      -3.283777043,      -1.104395593,      -5.289019401
          0,           0,        1182,      -6.654645127,      -2.717398451,               -32,      -3.285137506,      -1.105014024,      -5.287586292
          0,           0,        1183,      -6.656702587,      -2.718424762,               -32,      -3.286577673,      -1.106375571,      -5.286168416
          0,           0,        1184,      -6.658577206,      -2.719448079,               -32,      -3.287983924,      -1.107230239,      -5.284767275
          0,           0,        1185,      -6.660473444,      -2.720469117,               -32,      -3.289320548,      -1.108243782,      -5.283382328
          0,           0,        1186,       -6.66250491,      -2.721480019,               -32,      -3.290749586,      -1.109411062,      -5.282014002
          0,           0,        1187,      -6.664299798,      -2.722494007,               -32,      -3.292009816,      -1.110155897,      -5.280659412
          0,           0,        1188,        -6.6665222,      -2.723491071,               -32,      -3.293474792,      -1.111646681,      -5.279319103
          0,           0,        1189,      -6.668180572,      -2.724496369,               -32,      -3.294677614,       -1.11209711,      -5.277993975
          0,           0,        1190,      -6.670419777,      -2.725483341,               -32,      -3.296103108,      -1.113693864,      -5.276683912
          0,           0,        1191,      -6.672074415,      -2.726477274,               -32,      -3.297292329,       -1.11411613,      -5.275388327
          0,           0,        1192,      -6.674314092,      -2.727453847,               -32,      -3.298673024,      -1.115708194,      -5.274109803
          0,           0,        1193,      -6.676052743,       -2.72843288,               -32,      -3.299899239,      -1.116253964,      -5.272845768
          0,           0,        1194,      -6.678044083,      -2.729402704,               -32,      -3.301159883,        -1.1174835,      -5.271595994
          0,           0,        1195,       -6.67993228,      -2.730366373,               -32,      -3.302425704,      -1.118359249,      -5.270360406
          0,           0,        1196,      -6.681718717,      -2.731327902,               -32,      -3.303588196,      -1.119232488,      -5.269138438
          0,           0,        1197,      -6.683817899,      -2.732274082,               -32,      -3.304918429,      -1.120502641,      -5.267931184
          0,           0,        1198,      -6.685304618,      -2.733226878,               -32,      -3.305981644,      -1.120898584,      -5.266737494
          0,           0,        1199,      -6.687464799,      -2.734158961,               -32,      -3.307304623,      -1.122417276,      -5.265559187
          0,           0,        1200,      -6.688823001,      -2.735099716,               -32,      -3.308324733,      -1.122607579,       -5.26439433
          0,           0,        1201,      -6.691018509,      -2.736017493,               -32,      -3.309630414,      -1.124250006,      -5.263244927
          0,           0,        1202,      -6.692361681,      -2.736942216,               -32,      -3.310668093,      -1.124411951,      -5.262108799
          0,           0,        1203,      -6.694285625,      -2.737850433,               -32,      -3.311856804,      -1.125751358,      -5.260987471
          0,           0,        1204,      -6.695768975,       -2.73875725,               -32,      -3.312939083,      -1.126196038,      -5.259879032
          0,           0,        1205,      -6.697424246,      -2.739655165,               -32,      -3.314015208,      -1.127145993,       -5.25878311
          0,           0,        1206,       -6.69916842,      -2.740540938,               -32,      -3.315184947,      -1.128029079,      -5.257703456
          0,           0,        1207,      -6.700395113,      -2.741429271,               -32,      -3.316125424,      -1.128367483,      -5.256637598
          0,           0,        1208,      -6.702300701,      -2.742296634,               -32,      -3.317320625,      -1.129629132,      -5.255587009
          0,           0,        1209,      -6.703282775,      -2.743172054,               -32,      -3.318182183,      -1.129593827,      -5.254549182
          0,           0,        1210,      -6.705334216,      -2.744020606,               -32,      -3.319393322,       -1.13113523,      -5.253527414
          0,           0,        1211,       -6.70620668,      -2.744878835,               -32,      -3.320244304,       -1.13091379,       -5.25252141
          0,           0,        1212,      -6.708044568,       -2.74571406,               -32,       -3.32135174,      -1.132263334,      -5.251533062
          0,           0,        1213,      -6.709055113,      -2.746551998,               -32,      -3.322241029,      -1.132250291,      -5.250561126
          0,           0,        1214,      -6.710630592,      -2.747373916,               -32,      -3.323231072,      -1.133240503,      -5.249606843
          0,           0,        1215,      -6.711974535,      -2.748187337,               -32,      -3.324222225,      -1.133685248,      -5.248669173
          0,           0,        1216,      -6.713024988,      -2.748998151,               -32,      -3.325042526,      -1.133972641,      -5.247746496
          0,           0,        1217,       -6.71467117,      -2.749788818,               -32,      -3.326086462,      -1.134913613,      -5.246840103
          0,           0,        1218,      -6.715379495,      -2.750585244,               -32,      -3.326793729,      -1.134700127,      -5.245947872
          0,           0,        1219,      -6.717327851,      -2.751352438,               -32,      -3.327885172,       -1.13607016,      -5.245071429
          0,           0,        1220,      -6.717812601,      -2.752130515,               -32,       -3.32854656,      -1.135519447,      -5.244211432
          0,           0,        1221,      -6.719645662,       -2.75288045,               -32,      -3.329547457,       -1.13682136,      -5.243369944
          0,           0,        1222,      -6.720258021,      -2.753635874,               -32,      -3.330236909,      -1.136414588,      -5.242546215
          0,           0,        1223,      -6.721866005,      -2.754369136,               -32,      -3.331120817,      -1.137410871,      -5.241743104
          0,           0,        1224,      -6.722862195,      -2.755097046,               -32,      -3.331917465,      -1.137459668,      -5.240960681
          0,           0,        1225,      -6.723835537,      -2.755817723,               -32,      -3.332596437,      -1.137677585,        -5.2401993
          0,           0,        1226,      -6.725276239,         -2.756519,               -32,      -3.333467554,      -1.138330212,      -5.239457977
          0,           0,        1227,      -6.725798493,      -2.757223648,               -32,      -3.334004981,      -1.137954536,      -5.238736745
          0,           0,        1228,      -6.727680052,       -2.75789759,               -32,      -3.334945877,      -1.139144281,      -5.238038444
          0,           0,        1229,      -6.727824031,      -2.758583048,               -32,      -3.335401761,      -1.138302977,      -5.237361052
          0,           0,        1230,       -6.72967051,      -2.759236672,               -32,       -3.33625749,      -1.139517253,      -5.236706559
          0,           0,        1231,      -6.729916011,      -2.759897404,               -32,      -3.336735202,      -1.138790923,      -5.236074554
          0,           0,        1232,      -6.731537537,      -2.760531933,               -32,      -3.337468125,       -1.13971632,      -5.235467196
          0,           0,        1233,      -6.732192779,      -2.761162943,               -32,      -3.338055908,      -1.139454283,      -5.234886495
          0,           0,        1234,      -6.733025734,      -2.761784219,               -32,      -3.338547313,      -1.139516165,      -5.234332483
          0,           0,        1235,      -6.734255613,      -2.762385781,               -32,      -3.339225754,      -1.139955846,      -5.233807176
          0,           0,        1236,      -6.734498398,      -2.762990064,               -32,       -3.33955167,      -1.139349104,      -5.233309461
          0,           0,        1237,      -6.736269839,      -2.763562018,               -32,      -3.340308742,       -1.14038704,      -5.232842877
          0,           0,        1238,      -6.735984185,      -2.764146605,               -32,      -3.340530935,      -1.139248982,      -5.232404703
          0,           0,        1239,      -6.737745339,      -2.764696998,               -32,      -3.341192506,      -1.140328964,      -5.231998203
          0,           0,        1240,      -6.737565322,      -2.765255337,               -32,      -3.341441275,      -1.139341824,      -5.231623654
          0,           0,        1241,      -6.739025796,      -2.765786281,               -32,      -3.341956882,      -1.140070885,      -5.231283007
          0,           0,        1242,      -6.739331657,      -2.766313391,               -32,      -3.342327506,      -1.139621435,      -5.230977647
          0,           0,        1243,      -6.739812505,      -2.766831715,               -32,      -3.342566116,      -1.139381307,      -5.230707852
          0,           0,        1244,      -6.740833461,        -2.7673281,               -32,      -3.343036177,      -1.139719609,      -5.230475248
          0,           0,        1245,      -6.740588004,      -2.767829557,               -32,         -3.343093,      -1.138764814,      -5.230277806
          0,           0,        1246,      -6.742228308,      -2.768296106,               -32,      -3.343634016,      -1.139714123,      -5.230120783
          0,           0,        1247,      -6.741413281,      -2.768777297,               -32,      -3.343595828,      -1.138282187,      -5.230003681
          0,           0,        1248,      -6.742977124,      -2.769223625,               -32,      -3.344006051,      -1.139169861,      -5.229931531
          0,           0,        1249,      -6.742393538,      -2.769677452,               -32,      -3.344018901,      -1.138031206,      -5.229903121
          0,           0,        1250,      -6.743484988,      -2.770106551,               -32,         -3.344238,        -1.1384067,      -5.229919546
          0,           0,        1251,      -6.743592723,      -2.770528183,               -32,      -3.344398753,      -1.137970602,      -5.229983522
          0,           0,        1252,      -6.743507501,      -2.770946485,               -32,      -3.344315499,      -1.137272247,      -5.230095491
          0,           0,        1253,      -6.744479704,       -2.77133806,               -32,      -3.344570265,      -1.137672742,      -5.230258411
          0,           0,        1254,      -6.743616175,      -2.771740122,               -32,      -3.344313356,       -1.13630304,      -5.230471373
          0,           0,        1255,      -6.745218763,      -2.772104272,               -32,      -3.344604353,      -1.137228885,      -5.230738402
          0,           0,        1256,      -6.743958677,      -2.772484802,               -32,      -3.344307311,      -1.135614179,      -5.231060213
          0,           0,        1257,      -6.745248512,      -2.772833308,               -32,      -3.344398733,      -1.136205838,      -5.231439606
          0,           0,        1258,      -6.744534704,       -2.77318549,               -32,      -3.344202285,      -1.135161852,      -5.231877449
          0,           0,        1259,      -6.745058045,      -2.773521418,               -32,      -3.344044747,      -1.134994955,      -5.232374236
          0,           0,        1260,       -6.74533478,      -2.773841647,               -32,      -3.344023077,      -1.134857341,      -5.232932552
          0,           0,        1261,      -6.744538343,      -2.774168927,               -32,      -3.343572791,      -1.133599764,       -5.23355309
          0,           0,        1262,      -6.745725893,      -2.774462914,               -32,      -3.343606752,      -1.134220864,      -5.234240826
          0,           0,        1263,      -6.744289457,      -2.774773835,               -32,      -3.343045217,       -1.13253188,      -5.234993302
          0,           0,        1264,      -6.745881128,      -2.775046935,               -32,      -3.343033286,       -1.13337704,      -5.235814128
          0,           0,        1265,      -6.744474126,      -2.775334203,               -32,      -3.342536284,       -1.13188731,      -5.236706455
          0,           0,        1266,       -6.74524716,      -2.775599973,               -32,      -3.342227367,      -1.131945119,      -5.237671973
          0,           0,        1267,      -6.744815596,      -2.775859038,               -32,      -3.341887061,      -1.131378762,      -5.238712844
          0,           0,        1268,      -6.744452543,      -2.776117949,               -32,      -3.341300363,      -1.130477866,      -5.239828977
          0,           0,        1269,      -6.745191909,      -2.776348904,               -32,      -3.341124036,      -1.130890604,      -5.241024483
          0,           0,        1270,      -6.743540964,      -2.776599688,               -32,      -3.340334853,      -1.129144301,      -5.242300907
          0,           0,        1271,      -6.744902113,      -2.776814086,               -32,      -3.340107233,      -1.129925047,      -5.243660476
          0,           0,        1272,      -6.743003656,      -2.777046454,               -32,      -3.339343356,      -1.128293657,      -5.245104776
          0,           0,        1273,      -6.744113314,      -2.777252154,               -32,      -3.338931158,      -1.128684526,      -5.246635787
          0,           0,        1274,      -6.742799184,      -2.777459336,               -32,      -3.338351986,      -1.127835901,      -5.248256612
          0,           0,        1275,      -6.742404922,      -2.777667534,               -32,      -3.337578153,      -1.127002929,      -5.249965575
          0,           0,        1276,      -6.742398028,      -2.777851731,               -32,      -3.337154856,      -1.127251524,      -5.251766415
          0,           0,        1277,      -6.740615854,      -2.778055701,               -32,        -3.3361854,      -1.125625806,      -5.253661144
          0,           0,        1278,      -6.741639206,      -2.778223718,               -32,      -3.335816026,      -1.126492235,       -5.25565151
          0,           0,        1279,      -6.738931263,      -2.778415636,               -32,      -3.334853478,      -1.124742249,      -5.257738673
          0,           0,        1280,       -6.73982057,      -2.778585285,               -32,      -3.334231326,      -1.125071898,      -5.259926162
          0,           0,        1281,      -6.737709297,      -2.778757071,               -32,      -3.333455446,      -1.124234381,      -5.262216539
          0,           0,        1282,      -6.737421922,      -2.778932138,               -32,      -3.332534846,      -1.123505502,      -5.264611315
          0,           0,        1283,      -6.736842883,      -2.779084691,               -32,      -3.331974882,      -1.123806135,      -5.267112916
          0,           0,        1284,      -6.734721336,      -2.779264488,               -32,      -3.330821468,      -1.122048027,      -5.269722751
          0,           0,        1285,      -6.735797904,      -2.779412151,               -32,      -3.330246584,      -1.122871873,      -5.272443749
          0,           0,        1286,      -6.732978161,      -2.779583008,               -32,      -3.329155398,      -1.121259625,      -5.275276617
          0,           0,        1287,      -6.734277468,      -2.779736905,               -32,      -3.328374773,      -1.121548863,      -5.278222454
          0,           0,        1288,      -6.732378538,      -2.779892426,               -32,      -3.327524797,      -1.120924653,       -5.28128274
          0,           0,        1289,      -6.732072919,      -2.780063373,               -32,       -3.32637132,      -1.119797101,      -5.284459125
          0,           0,        1290,      -6.732504217,      -2.780209239,               -32,      -3.325690502,      -1.120373582,      -5.287755212
          0,           0,        1291,      -6.730458042,      -2.780385257,               -32,      -3.324421671,      -1.118593697,      -5.291170241
          0,           0,        1292,      -6.732272642,      -2.780532895,               -32,       -3.32371889,      -1.119458117,      -5.294708501
          0,           0,        1293,      -6.729742454,      -2.780703044,               -32,      -3.322605732,      -1.118094169,       -5.29836888
          0,           0,        1294,      -6.730806056,      -2.780871805,               -32,      -3.321550743,      -1.117792456,       -5.30215357
          0,           0,        1295,      -6.730115844,      -2.781032673,               -32,       -3.32068837,       -1.11776402,      -5.306065335
          0,           0,        1296,      -6.729149963,      -2.781218769,               -32,      -3.319381365,      -1.116293405,      -5.310106473
          0,           0,        1297,       -6.73046563,      -2.781377719,               -32,      -3.318660436,       -1.11721548,      -5.314276557
          0,           0,        1298,      -6.727848423,      -2.781570654,               -32,      -3.317366907,        -1.1154673,      -5.318577265
          0,           0,        1299,      -6.729555153,      -2.781748954,               -32,      -3.316421597,      -1.115862802,      -5.323010383
          0,           0,        1300,      -6.727826126,      -2.781937746,               -32,      -3.315376526,      -1.115197091,       -5.32757758
          0,           0,        1301,      -6.727884287,      -2.782141089,               -32,      -3.314128611,        -1.1142875,      -5.332280044
          0,           0,        1302,      -6.728285702,       -2.78232724,               -32,      -3.313329189,      -1.114923139,      -5.337117991
          0,           0,        1303,      -6.726049223,      -2.782550031,               -32,       -3.31195065,       -1.11312137,      -5.342092725
          0,           0,        1304,      -6.727866122,      -2.782751904,               -32,      -3.311080532,      -1.113933938,       -5.34720444
          0,           0,        1305,      -6.725509215,      -2.782978464,               -32,      -3.309894899,      -1.112774455,      -5.352453413
          0,           0,        1306,      -6.726383557,      -2.783208308,               -32,      -3.308752935,      -1.112477251,      -5.357840565
          0,           0,        1307,      -6.725864205,      -2.783434296,               -32,      -3.307860507,      -1.112689681,      -5.363365205
          0,           0,        1308,      -6.724257954,      -2.783693904,               -32,      -3.306478482,      -1.111068212,      -5.369030298
          0,           0,        1309,      -6.725855342,       -2.78393268,               -32,      -3.305646004,      -1.112032761,      -5.374834914
          0,           0,        1310,      -6.723296569,      -2.784204838,               -32,      -3.304377918,       -1.11057691,      -5.380777781
          0,           0,        1311,      -6.724726068,      -2.784471469,               -32,       -3.30335022,      -1.110814043,      -5.386857559
          0,           0,        1312,      -6.723487069,      -2.784746963,               -32,      -3.302382232,      -1.110620571,      -5.393071296
          0,           0,        1313,      -6.722563698,      -2.785050564,               -32,      -3.301053324,      -1.109309827,      -5.399419078
          0,           0,        1314,      -6.723810132,      -2.785337436,               -32,      -3.300238171,       -1.11025926,       -5.40589939
          0,           0,        1315,      -6.721356275,      -2.785661827,               -32,      -3.298944125,      -1.108688613,      -5.412511913
          0,           0,        1316,      -6.723118548,      -2.785975266,               -32,      -3.298020584,      -1.109334421,      -5.419256115
          0,           0,        1317,      -6.721424827,      -2.786307707,               -32,      -3.297009543,      -1.108831997,       -5.42612866
          0,           0,        1318,      -6.721125432,       -2.78666246,               -32,      -3.295766089,       -1.10787882,      -5.433131132
          0,           0,        1319,      -6.722032988,      -2.787006208,               -32,      -3.294966157,      -1.108745963,      -5.440256694
          0,           0,        1320,      -6.719855023,      -2.787388632,               -32,       -3.29369241,      -1.107196925,      -5.447504103
          0,           0,        1321,      -6.721806009,      -2.787757592,               -32,      -3.292860166,      -1.108134972,      -5.454870141
          0,           0,        1322,      -6.719895769,      -2.788152723,               -32,       -3.29184161,       -1.10744153,       -5.46235112
          0,           0,        1323,      -6.720118595,      -2.788565263,               -32,      -3.290697917,       -1.10683642,      -5.469944556
          0,           0,        1324,      -6.720781934,      -2.788972403,               -32,      -3.289923132,      -1.107624684,      -5.477641221
          0,           0,        1325,      -6.718941837,      -2.789417804,               -32,       -3.28870322,      -1.106183621,      -5.485437947
          0,           0,        1326,      -6.721015214,      -2.789849135,               -32,      -3.287953492,      -1.107331402,      -5.493325908
          0,           0,        1327,       -6.71906865,      -2.790311207,               -32,      -3.286959845,      -1.106556622,      -5.501297396
          0,           0,        1328,      -6.719706565,      -2.790787086,               -32,      -3.285919366,      -1.106259872,      -5.509349383
          0,           0,        1329,      -6.720255191,      -2.791262061,               -32,      -3.285185206,      -1.107012653,      -5.517466211
          0,           0,        1330,      -6.718745811,      -2.791774308,               -32,       -3.28404093,      -1.105723887,      -5.525645996
          0,           0,        1331,      -6.720934033,      -2.792272772,               -32,      -3.283369826,      -1.107034959,      -5.533871734
          0,           0,        1332,      -6.719076223,      -2.792804505,               -32,      -3.282428179,      -1.106271236,      -5.542134633
          0,           0,        1333,      -6.720034211,      -2.793347717,               -32,      -3.281488826,      -1.106231244,      -5.550427434
          0,           0,        1334,      -6.720603174,      -2.793892962,               -32,      -3.280811667,      -1.107009127,      -5.558727508
          0,           0,        1335,      -6.719381238,      -2.794474476,               -32,      -3.279755774,      -1.105887023,      -5.567028251
          0,           0,        1336,      -6.721713353,       -2.79504261,               -32,      -3.279162583,      -1.107341183,      -5.575312889
          0,           0,        1337,      -6.720029217,      -2.795644953,               -32,      -3.278294276,      -1.106662577,      -5.583567768
          0,           0,        1338,      -6.721225778,      -2.796257517,               -32,      -3.277451277,      -1.106824019,      -5.591779742
          0,           0,        1339,      -6.721942725,      -2.796873344,               -32,      -3.276845655,      -1.107689856,      -5.599923775
          0,           0,        1340,      -6.720949709,      -2.797524659,               -32,      -3.275884751,      -1.106729253,      -5.607993442
          0,           0,        1341,      -6.723468054,      -2.798162642,               -32,      -3.275369649,      -1.108317871,      -5.615961479
          0,           0,        1342,      -6.722018541,      -2.798834467,               -32,      -3.274590634,      -1.107781766,      -5.623812538
          0,           0,        1343,      -6.723377521,       -2.79951613,               -32,      -3.273837646,      -1.108086193,       -5.63153332
          0,           0,        1344,      -6.724356407,      -2.800200563,               -32,       -3.27331477,      -1.109095763,      -5.639093433
          0,           0,        1345,      -6.723529273,      -2.800919955,               -32,      -3.272451598,      -1.108279963,      -5.646485773
          0,           0,        1346,      -6.726268213,      -2.801625543,               -32,      -3.272013435,      -1.109991961,      -5.653682699
          0,           0,        1347,      -6.725102428,       -2.80236341,               -32,       -3.27133478,      -1.109642552,      -5.660660772
          0,           0,        1348,      -6.726541346,      -2.803111493,               -32,      -3.270664051,      -1.110026883,      -5.667414473
          0,           0,        1349,        -6.7278783,      -2.803860208,               -32,      -3.270230743,      -1.111223534,      -5.673910812
          0,           0,        1350,      -6.727154404,      -2.804643512,               -32,      -3.269465525,      -1.110531462,      -5.680151371
          0,           0,        1351,      -6.730121503,      -2.805412126,               -32,      -3.269099912,      -1.112342667,      -5.686116371
          0,           0,        1352,      -6.729285486,      -2.806210232,               -32,      -3.268528039,      -1.112215367,      -5.691795561
          0,           0,        1353,      -6.730703879,      -2.807019701,               -32,      -3.267930165,      -1.112611176,      -5.697189707
          0,           0,        1354,      -6.732471465,      -2.807826173,               -32,      -3.267587884,      -1.114022128,      -5.702264256
          0,           0,        1355,      -6.731792733,       -2.80866684,               -32,      -3.266919001,      -1.113435106,      -5.707030444
          0,           0,        1356,      -6.734950447,      -2.809491868,               -32,      -3.266616834,      -1.115300059,       -5.71146402
          0,           0,        1357,       -6.73449255,      -2.810342265,               -32,      -3.266153479,      -1.115425016,      -5.715567389
          0,           0,        1358,      -6.735764366,      -2.811206005,               -32,      -3.265617392,      -1.115760074,      -5.719350271
          0,           0,        1359,      -6.738001843,      -2.812061899,               -32,      -3.265361352,      -1.117391958,       -5.72278799
          0,           0,        1360,        -6.7373222,      -2.812951283,               -32,      -3.264785755,      -1.116900384,      -5.725915998
          0,           0,        1361,      -6.740571151,      -2.813824588,               -32,      -3.264532409,      -1.118746565,      -5.728727555
          0,           0,        1362,       -6.74054526,      -2.814717632,               -32,      -3.264174477,      -1.119150781,      -5.731223831
          0,           0,        1363,      -6.741520727,      -2.815626872,               -32,      -3.263688156,      -1.119355242,      -5.733431741
          0,           0,        1364,       -6.74421946,      -2.816522673,               -32,      -3.263506643,      -1.121188122,      -5.735351229
          0,           0,        1365,      -6.743518834,      -2.817450517,               -32,      -3.263020164,      -1.120798487,      -5.737004746
          0,           0,        1366,      -6.746685924,      -2.818363087,               -32,      -3.262795615,      -1.122524641,       -5.73839491
          0,           0,        1367,      -6.747152194,      -2.819288115,               -32,       -3.26253502,      -1.123232335,      -5.739530552
          0,           0,        1368,      -6.747674977,      -2.820232926,               -32,      -3.262087063,      -1.123250912,      -5.740452702
          0,           0,        1369,      -6.750757616,      -2.821158725,               -32,      -3.261961017,      -1.125230175,      -5.741155767
          0,           0,        1370,      -6.750061909,      -2.822113808,               -32,      -3.261558454,      -1.124971183,      -5.741674789
          0,           0,        1371,      -6.752899818,      -2.823056441,               -32,      -3.261338697,      -1.126452604,      -5.742031675
          0,           0,        1372,      -6.753918871,      -2.824002584,               -32,      -3.261162206,      -1.127482065,      -5.742222006
          0,           0,        1373,      -6.753862098,       -2.82497237,               -32,      -3.260743952,      -1.127291025,      -5.742284098
          0,           0,        1374,       -6.75715832,      -2.825918731,               -32,      -3.260647103,       -1.12931831,      -5.742227102
          0,           0,        1375,      -6.756558739,      -2.826889641,               -32,       -3.26032189,      -1.129242948,      -5.742072481
          0,           0,        1376,      -6.758768006,      -2.827853489,               -32,      -3.260082115,      -1.130347999,      -5.741833282
          0,           0,        1377,      -6.760382216,      -2.828810544,               -32,      -3.259971113,      -1.131702067,      -5.741503815
          0,           0,        1378,      -6.759701538,      -2.829794501,               -32,      -3.259578586,      -1.131326909,      -5.741125292
          0,           0,        1379,      -6.762930493,      -2.830753229,               -32,       -3.25947871,      -1.133254708,      -5.740689922
          0,           0,        1380,      -6.762589123,      -2.831729221,               -32,      -3.259222073,      -1.133434894,      -5.740224945
          0,           0,        1381,      -6.763875217,      -2.832706033,               -32,      -3.258941781,      -1.134056571,      -5.739751644
          0,           0,        1382,      -6.766068912,      -2.833665329,               -32,      -3.258871784,      -1.135703875,      -5.739254241
          0,           0,        1383,      -6.764859075,      -2.834652924,               -32,       -3.25850635,      -1.135230808,      -5.738751849
          0,           0,        1384,      -6.767636813,      -2.835617581,               -32,      -3.258368357,      -1.136869575,      -5.738256529
          0,           0,        1385,      -6.767762595,      -2.836589455,               -32,      -3.258168122,      -1.137381135,      -5.737763139
          0,           0,        1386,      -6.767930204,      -2.837571481,               -32,       -3.25783726,      -1.137480512,       -5.73729544
          0,           0,        1387,      -6.770566644,      -2.838526681,               -32,      -3.257777089,      -1.139327056,      -5.736854023
          0,           0,        1388,      -6.769094572,      -2.839508297,               -32,      -3.257443801,      -1.138899938,      -5.736456745
          0,           0,        1389,      -6.770988488,      -2.840474279,               -32,      -3.257235397,      -1.140048876,      -5.736114121
          0,           0,        1390,      -6.771773543,      -2.841435191,               -32,      -3.257074688,      -1.140945613,      -5.735812292
          0,           0,        1391,      -6.770838845,      -2.842414944,               -32,       -3.25669836,      -1.140592999,      -5.735569477
          0,           0,        1392,      -6.773595257,      -2.843362704,               -32,      -3.256609916,      -1.142454365,      -5.735362974
          0,           0,        1393,      -6.772277841,      -2.844330552,               -32,      -3.256313483,      -1.142252334,      -5.735200926
          0,           0,        1394,      -6.772922992,      -2.845294587,               -32,      -3.256013742,      -1.142761767,      -5.735094642
          0,           0,        1395,      -6.774437123,      -2.846240771,               -32,      -3.255869243,      -1.144035461,      -5.735021078
          0,           0,        1396,      -6.772709364,      -2.847211087,               -32,      -3.255467536,       -1.14342585,      -5.735007874
          0,           0,        1397,      -6.775065369,       -2.84815131,               -32,      -3.255308602,      -1.145026568,       -5.73504329
          0,           0,        1398,       -6.77437283,      -2.849100503,               -32,      -3.255048511,      -1.145224322,      -5.735116476
          0,           0,        1399,       -6.77363577,      -2.850059707,               -32,        -3.2546574,      -1.145077841,       -5.73524024
          0,           0,        1400,      -6.775694757,      -2.850991135,               -32,      -3.254496932,      -1.146604969,       -5.73541265
          0,           0,        1401,      -6.773760731,      -2.851946055,               -32,      -3.254097368,      -1.146026998,       -5.73564494
          0,           0,        1402,      -6.775109822,       -2.85288131,               -32,      -3.253830611,      -1.147063472,      -5.735932174
          0,           0,        1403,      -6.775404889,      -2.853810796,               -32,      -3.253597312,      -1.147778584,      -5.736244365
          0,           0,        1404,      -6.773527431,      -2.854761971,               -32,      -3.253140029,      -1.147149587,      -5.736596985
          0,           0,        1405,      -6.775611395,      -2.855682741,               -32,      -3.252922358,      -1.148655891,      -5.736980147
          0,           0,        1406,      -6.774175906,        -2.8566193,               -32,      -3.252546792,      -1.148412498,      -5.737391718
          0,           0,        1407,      -6.774083085,      -2.857553113,               -32,      -3.252155791,      -1.148693489,      -5.737841544
          0,           0,        1408,      -6.775419032,      -2.858466327,               -32,      -3.251927358,       -1.14991349,      -5.738298555
          0,           0,        1409,      -6.773033641,      -2.859406556,               -32,      -3.251446316,      -1.149140998,      -5.738792237
          0,           0,        1410,      -6.774392248,      -2.860324284,               -32,      -3.251129338,      -1.150250964,      -5.739320748
          0,           0,        1411,      -6.774014839,      -2.861244305,               -32,      -3.250783065,      -1.150562503,      -5.739869056
          0,           0,        1412,      -6.772514056,      -2.862179034,               -32,      -3.250287256,      -1.150158441,      -5.740438449
          0,           0,        1413,      -6.774454506,      -2.863084354,               -32,      -3.250026226,      -1.151657753,       -5.74100764
          0,           0,        1414,      -6.772409513,      -2.864013182,               -32,      -3.249561895,      -1.151138435,      -5.741579163
          0,           0,        1415,      -6.772401705,      -2.864936831,               -32,      -3.249121562,      -1.151545089,      -5.742149145
          0,           0,        1416,      -6.773241115,       -2.86584759,               -32,      -3.248790175,      -1.152463673,      -5.742726152
          0,           0,        1417,      -6.770950136,      -2.866783954,               -32,      -3.248242166,      -1.151730107,      -5.743315265
          0,           0,        1418,      -6.772599697,      -2.867694268,               -32,      -3.247900156,      -1.153067604,      -5.743908122
          0,           0,        1419,       -6.77164694,      -2.868616203,               -32,      -3.247473161,      -1.153125008,      -5.744508139
          0,           0,        1420,      -6.770156919,      -2.869552975,               -32,      -3.246925032,      -1.152806663,      -5.745134748
          0,           0,        1421,      -6.771774691,      -2.870467029,               -32,      -3.246574356,      -1.154127278,      -5.745806425
          0,           0,        1422,      -6.769686599,      -2.871406604,               -32,      -3.246034084,      -1.153560538,      -5.746488372
          0,           0,        1423,      -6.770103204,       -2.87233673,               -32,      -3.245573523,      -1.154267396,      -5.747172423
          0,           0,        1424,       -6.77057283,      -2.873262183,               -32,       -3.24517902,      -1.155045429,      -5.747827946
          0,           0,        1425,      -6.768198122,      -2.874216166,               -32,      -3.244580486,      -1.154343627,      -5.748472157
          0,           0,        1426,      -6.769593977,      -2.875150361,               -32,      -3.244163075,      -1.155589045,        -5.7490675
          0,           0,        1427,      -6.768608804,      -2.876099563,               -32,      -3.243666187,      -1.155608225,      -5.749639139
          0,           0,        1428,      -6.767441443,      -2.877061666,               -32,      -3.243093176,      -1.155521883,      -5.750187697
          0,           0,        1429,      -6.768968157,      -2.878006427,               -32,      -3.242701658,      -1.156866404,       -5.75069332
          0,           0,        1430,      -6.766768891,      -2.878981434,               -32,      -3.242121263,      -1.156317159,      -5.751161142
          0,           0,        1431,       -6.76691385,      -2.879953547,               -32,      -3.241602633,      -1.156967279,      -5.751577017
          0,           0,        1432,      -6.767364342,      -2.880925429,               -32,      -3.241148513,      -1.157739841,      -5.751958966
          0,           0,        1433,      -6.765205418,      -2.881926154,               -32,      -3.240524623,      -1.157188695,        -5.7523069
          0,           0,        1434,      -6.766692365,      -2.882910205,               -32,      -3.240087014,      -1.158577659,      -5.752596173
          0,           0,        1435,      -6.765653333,      -2.883914554,               -32,       -3.23956631,      -1.158647297,      -5.752849298
          0,           0,        1436,      -6.764242997,      -2.884938132,               -32,      -3.238960686,      -1.158535597,      -5.753065711
          0,           0,        1437,      -6.765623542,      -2.885951064,               -32,      -3.238518693,      -1.159853201,      -5.753226797
          0,           0,        1438,      -6.763683858,      -2.886994818,               -32,      -3.237924104,      -1.159454137,      -5.753351171
          0,           0,        1439,      -6.763915449,      -2.888038622,               -32,      -3.237400807,      -1.160246463,      -5.753442342
          0,           0,        1440,      -6.764418065,      -2.889087046,               -32,      -3.236941733,      -1.161135219,      -5.753483925
          0,           0,        1441,      -6.762179439,      -2.890169025,               -32,      -3.236319096,      -1.160637302,      -5.753492572
          0,           0,        1442,      -6.763248777,      -2.891244264,               -32,      -3.235842409,      -1.161894928,      -5.753467178
          0,           0,        1443,      -6.762570132,      -2.892339941,               -32,       -3.23532328,      -1.162165767,      -5.753399325
          0,           0,        1444,      -6.761210207,      -2.893458076,               -32,      -3.234730559,      -1.162147014,      -5.753309641
          0,           0,        1445,      -6.762669794,      -2.894570177,               -32,       -3.23430173,      -1.163614185,      -5.753195851
          0,           0,        1446,      -6.760889758,      -2.895715656,               -32,      -3.233741202,      -1.163380975,      -5.753056259
          0,           0,        1447,      -6.760530549,      -2.896872581,               -32,       -3.23320458,      -1.163955995,      -5.752891462
          0,           0,        1448,      -6.761289974,      -2.898036113,               -32,      -3.232757322,      -1.165026546,      -5.752697509
          0,           0,        1449,      -6.759267376,      -2.899234652,               -32,      -3.232174728,      -1.164669218,      -5.752487685
          0,           0,        1450,      -6.760268285,      -2.900432206,               -32,      -3.231726865,      -1.165996628,      -5.752262447
          0,           0,        1451,      -6.759941762,      -2.901651492,               -32,      -3.231265285,      -1.166532028,      -5.752018274
          0,           0,        1452,      -6.758195769,      -2.902901653,               -32,       -3.23070713,      -1.166388424,      -5.751772135
          0,           0,        1453,      -6.759461846,      -2.904153051,               -32,      -3.230294058,      -1.167840087,      -5.751513086
          0,           0,        1454,      -6.758227673,      -2.905436307,               -32,      -3.229801772,      -1.167895645,      -5.751241609
          0,           0,        1455,      -6.757672584,      -2.906737571,               -32,      -3.229315536,      -1.168428285,       -5.75096437
          0,           0,        1456,      -6.758797479,      -2.908047202,               -32,      -3.228940929,      -1.169789137,      -5.750678171
          0,           0,        1457,      -6.756921005,      -2.909394494,               -32,      -3.228447577,      -1.169571928,      -5.750389072
          0,           0,        1458,      -6.757223012,      -2.910753234,               -32,      -3.228028947,      -1.170608635,      -5.750096889
          0,           0,        1459,      -6.757562964,       -2.91213184,               -32,      -3.227650964,       -1.17152075,      -5.749805314
          0,           0,        1460,      -6.755886475,      -2.913544985,               -32,      -3.227182159,      -1.171427074,      -5.749522099
          0,           0,        1461,      -6.757226139,      -2.914963897,               -32,       -3.22685114,      -1.173019936,      -5.749239629
          0,           0,        1462,      -6.756647938,       -2.91641319,               -32,      -3.226484223,      -1.173480162,      -5.748956179
          0,           0,        1463,      -6.755469485,      -2.917891663,               -32,      -3.226072935,      -1.173727753,      -5.748679805
          0,           0,        1464,      -6.756825985,      -2.919381432,               -32,      -3.225782768,      -1.175289323,      -5.748403624
          0,           0,        1465,      -6.755659139,      -2.920907129,               -32,      -3.225421338,      -1.175435175,      -5.748135441
          0,           0,        1466,       -6.75573972,      -2.922451359,               -32,      -3.225101479,      -1.176403414,      -5.747873249
          0,           0,        1467,      -6.756901171,      -2.924013582,               -32,      -3.224863348,      -1.177835125,      -5.747606142
          0,           0,        1468,      -6.755412982,      -2.925613582,               -32,      -3.224537645,      -1.177879025,      -5.747346257
          0,           0,        1469,       -6.75623095,       -2.92722933,               -32,      -3.224294501,      -1.179268981,       -5.74709464
          0,           0,        1470,      -6.756788309,      -2.928871183,               -32,      -3.224080447,      -1.180345468,      -5.746850987
          0,           0,        1471,      -6.755735012,      -2.930546562,               -32,       -3.22381051,      -1.180654978,      -5.746621824
          0,           0,        1472,      -6.757544068,      -2.932234377,               -32,      -3.223662954,      -1.182561977,      -5.746396181
          0,           0,        1473,      -6.757468564,      -2.933954277,               -32,      -3.223491381,      -1.183336556,         -5.746171
          0,           0,        1474,       -6.75698131,      -2.935703326,               -32,      -3.223299147,      -1.184029657,      -5.745951153
          0,           0,        1475,      -6.758877151,      -2.937469545,               -32,      -3.223211009,      -1.185938279,      -5.745738823
          0,           0,        1476,      -6.758476568,      -2.939270869,               -32,      -3.223076761,      -1.186545583,      -5.745532168
          0,           0,        1477,      -6.759282845,      -2.941092709,               -32,      -3.222986171,      -1.187979784,       -5.74533628
          0,           0,        1478,       -6.76123941,      -2.942935039,               -32,      -3.222973013,       -1.18989274,       -5.74513909
          0,           0,        1479,      -6.760699338,      -2.944812623,               -32,      -3.222901601,      -1.190505306,       -5.74494864
          0,           0,        1480,      -6.762258286,      -2.946708909,               -32,      -3.222899613,      -1.192367875,      -5.744760407
          0,           0,        1481,      -6.763881698,      -2.948630678,               -32,       -3.22293779,      -1.194074145,      -5.744574975
          0,           0,        1482,      -6.763840442,      -2.950584011,               -32,      -3.222938601,      -1.194999015,      -5.744394181
          0,           0,        1483,      -6.766571336,      -2.952551474,               -32,      -3.223043275,       -1.19747511,      -5.744217567
          0,           0,        1484,      -6.767856188,      -2.954546867,               -32,      -3.223150314,      -1.199036426,      -5.744040313
          0,           0,        1485,      -6.768352893,      -2.956570195,               -32,      -3.223239743,      -1.200337797,      -5.743865741
          0,           0,        1486,       -6.77138561,      -2.958609958,               -32,      -3.223421898,      -1.202936241,      -5.743695755
          0,           0,        1487,      -6.772493865,      -2.960679515,               -32,      -3.223586798,      -1.204415891,      -5.743526737
          0,           0,        1488,      -6.774235209,      -2.962769093,               -32,      -3.223778331,      -1.206431278,      -5.743362081
          0,           0,        1489,      -6.777720492,      -2.964874274,               -32,      -3.224053269,      -1.209233736,      -5.743200099
          0,           0,        1490,      -6.778718366,      -2.967008608,               -32,      -3.224294814,      -1.210740601,      -5.743037456
          0,           0,        1491,      -6.781217374,      -2.969160162,               -32,      -3.224580504,      -1.213193992,      -5.742876027
          0,           0,        1492,      -6.784592868,      -2.971329895,               -32,      -3.224922903,      -1.215903305,      -5.742717735
          0,           0,        1493,      -6.785933975,      -2.973526292,               -32,      -3.225237601,      -1.217636229,      -5.742564399
          0,           0,        1494,      -6.789771848,      -2.975732457,               -32,       -3.22563011,      -1.220783297,      -5.742415342
          0,           0,        1495,      -6.793049036,      -2.977956458,               -32,      -3.226053392,        -1.2234507,      -5.742268092
          0,           0,        1496,      -6.794698082,      -2.980203894,               -32,      -3.226453644,      -1.225438148,      -5.742123576
          0,           0,        1497,      -6.798977712,      -2.982460654,               -32,      -3.226928266,      -1.228778555,      -5.741981621
          0,           0,        1498,      -6.802043289,      -2.984736603,               -32,       -3.22741314,      -1.231329885,      -5.741841734
          0,           0,        1499,      -6.804599377,      -2.987028857,               -32,      -3.227899371,      -1.233833207,      -5.741706521
          0,           0,        1500,      -6.809683436,       -2.98932524,               -32,      -3.228467285,      -1.237522816,      -5.741581752
          0,           0,        1501,      -6.812475327,      -2.991639813,               -32,      -3.229025225,      -1.239993452,      -5.741462611
          0,           0,        1502,      -6.815523823,      -2.993966775,               -32,       -3.22959421,      -1.242794722,      -5.741351462
          0,           0,        1503,      -6.820546674,      -2.996298592,               -32,      -3.230226922,      -1.246387161,        -5.7412471
          0,           0,        1504,      -6.823244399,      -2.998647787,               -32,      -3.230842333,       -1.24882682,      -5.741151099
          0,           0,        1505,      -6.827443986,      -3.000999657,               -32,      -3.231496987,      -1.252195321,      -5.741063217
          0,           0,        1506,      -6.832527132,      -3.003353334,               -32,      -3.232203067,      -1.255757547,       -5.74098405
          0,           0,        1507,      -6.834984404,      -3.005722199,               -32,      -3.232883721,      -1.258152361,      -5.740919189
          0,           0,        1508,      -6.839442418,      -3.008091078,               -32,      -3.233604956,      -1.261613234,      -5.740867645
          0,           0,        1509,      -6.844046504,      -3.010462917,               -32,      -3.234357842,      -1.264882172,      -5.740826483
          0,           0,        1510,      -6.846637708,      -3.012845409,               -32,      -3.235091208,       -1.26736416,      -5.740801277
          0,           0,        1511,      -6.851969882,        -3.0152186,               -32,      -3.235883801,      -1.271158139,      -5.740794034
          0,           0,        1512,      -6.856015533,      -3.017593463,               -32,      -3.236689525,      -1.274140095,      -5.740804559
          0,           0,        1513,      -6.858392431,      -3.019975688,               -32,      -3.237475838,      -1.276566721,      -5.740837209
          0,           0,        1514,      -6.863448638,      -3.022348006,               -32,      -3.238311951,      -1.280135694,      -5.740889601
          0,           0,        1515,      -6.866761305,      -3.024723021,               -32,       -3.23914668,      -1.282732694,      -5.740963303
          0,           0,        1516,       -6.86951358,      -3.027096921,               -32,      -3.239977527,       -1.28532619,      -5.741062895
          0,           0,        1517,      -6.874768818,      -3.029454405,               -32,      -3.240862413,      -1.288857205,      -5.741183606
          0,           0,        1518,      -6.877172565,      -3.031814207,               -32,      -3.241730564,      -1.291053785,      -5.741329988
          0,           0,        1519,      -6.879613263,      -3.034169813,               -32,      -3.242596198,      -1.293490158,      -5.741503894
          0,           0,        1520,      -6.884046454,      -3.036510392,               -32,      -3.243500591,      -1.296541877,      -5.741706992
          0,           0,        1521,      -6.885697483,      -3.038852933,               -32,      -3.244381507,      -1.298374521,      -5.741941213
          0,           0,        1522,      -6.888644699,      -3.041180859,               -32,      -3.245278964,      -1.300969901,      -5.742208042
          0,           0,        1523,      -6.892563757,      -3.043491062,               -32,      -3.246208007,      -1.303679093,      -5.742507949
          0,           0,        1524,      -6.893271337,      -3.045802745,               -32,      -3.247104956,      -1.305121542,      -5.742843282
          0,           0,        1525,      -6.895697448,       -3.04809869,               -32,       -3.24801601,      -1.307413723,       -5.74321479
          0,           0,        1526,      -6.898514375,      -3.050379774,               -32,      -3.248943417,      -1.309554925,      -5.743626363
          0,           0,        1527,        -6.8987569,      -3.052659362,               -32,      -3.249840397,       -1.31077736,       -5.74407688
          0,           0,        1528,      -6.901633557,       -3.05491387,               -32,      -3.250767926,       -1.31314527,      -5.744567384
          0,           0,        1529,      -6.903535371,      -3.057154057,               -32,      -3.251699663,      -1.314829227,      -5.745096977
          0,           0,        1530,      -6.903058549,      -3.059391902,               -32,      -3.252598298,      -1.315756079,       -5.74566604
          0,           0,        1531,      -6.905220023,      -3.061606351,               -32,        -3.2535202,      -1.317722636,      -5.746275202
          0,           0,        1532,      -6.906105195,      -3.063809898,               -32,      -3.254434725,      -1.318921228,      -5.746927049
          0,           0,        1533,      -6.905690622,      -3.066005222,               -32,      -3.255325851,      -1.319852227,       -5.74762292
          0,           0,        1534,      -6.908093418,      -3.068171202,               -32,       -3.25625002,       -1.32178824,      -5.748361704
          0,           0,        1535,      -6.908067343,      -3.070328492,               -32,      -3.257155415,      -1.322597417,      -5.749140444
          0,           0,        1536,      -6.907242886,      -3.072476995,               -32,       -3.25803788,      -1.323349489,      -5.749958969
          0,           0,        1537,      -6.908864098,      -3.074600288,               -32,      -3.258943027,      -1.324882896,      -5.750816087
          0,           0,        1538,      -6.908181743,      -3.076717534,               -32,      -3.259823176,      -1.325406141,      -5.751712335
          0,           0,        1539,      -6.907948478,      -3.078818083,               -32,      -3.260696362,      -1.326370148,      -5.752645701
          0,           0,        1540,      -6.909544043,      -3.080891518,               -32,      -3.261594162,      -1.327792234,      -5.753619078
          0,           0,        1541,       -6.90821752,      -3.082961059,               -32,      -3.262459759,      -1.328092108,      -5.754629986
          0,           0,        1542,      -6.907783519,      -3.085014573,               -32,      -3.263318905,      -1.328956473,      -5.755673701
          0,           0,        1543,      -6.908668825,      -3.087046448,               -32,      -3.264191812,      -1.330056263,      -5.756749014
          0,           0,        1544,      -6.907176319,      -3.089074704,               -32,       -3.26503287,      -1.330318402,       -5.75785687
          0,           0,        1545,      -6.907619223,      -3.091078733,               -32,       -3.26588598,        -1.3314934,      -5.758995683
          0,           0,        1546,      -6.908248828,      -3.093062361,               -32,      -3.266748497,      -1.332451944,      -5.760161994
          0,           0,        1547,      -6.906458409,      -3.095043283,               -32,      -3.267577313,      -1.332666669,      -5.761356312
          0,           0,        1548,      -6.906738227,      -3.097002528,               -32,      -3.268416357,      -1.333762278,      -5.762577292
          0,           0,        1549,      -6.906818929,      -3.098946841,               -32,      -3.269255689,      -1.334520778,      -5.763820728
          0,           0,        1550,       -6.90538889,      -3.100885052,               -32,      -3.270069441,      -1.334937359,      -5.765084529
          0,           0,        1551,       -6.90647638,      -3.102795199,               -32,      -3.270909019,      -1.336298581,       -5.76636982
          0,           0,        1552,      -6.906186805,      -3.104692966,               -32,      -3.271741828,      -1.336945561,       -5.76767288
          0,           0,        1553,      -6.904762973,      -3.106584246,               -32,      -3.272551627,      -1.337442554,      -5.768992283
          0,           0,        1554,      -6.905601313,      -3.108451902,               -32,      -3.273381941,      -1.338707258,      -5.770326713
          0,           0,        1555,      -6.905004931,      -3.110311096,               -32,      -3.274200127,       -1.33930069,       -5.77167591
          0,           0,        1556,      -6.904409321,       -3.11215678,               -32,       -3.27501091,      -1.340174409,      -5.773036259
          0,           0,        1557,      -6.905695324,      -3.113975759,               -32,      -3.275849882,      -1.341565853,      -5.774407072
          0,           0,        1558,      -6.904795395,      -3.115788076,               -32,      -3.276671408,      -1.342135637,      -5.775785784
          0,           0,        1559,      -6.904374196,      -3.117586537,               -32,      -3.277489372,      -1.343136708,      -5.777171781
          0,           0,        1560,      -6.905321034,      -3.119363823,               -32,       -3.27832748,      -1.344427048,      -5.778562265
          0,           0,        1561,      -6.904480035,      -3.121135049,               -32,      -3.279148766,      -1.345118105,      -5.779958566
          0,           0,        1562,      -6.905116458,      -3.122883977,               -32,      -3.279985481,      -1.346541156,      -5.781359177
          0,           0,        1563,      -6.906093396,      -3.124611668,               -32,      -3.280841198,      -1.347837514,      -5.782763017
          0,           0,        1564,      -6.905190906,      -3.126333108,               -32,       -3.28167946,      -1.348623587,       -5.78416647
          0,           0,        1565,      -6.905968485,       -3.12803375,               -32,      -3.282534046,      -1.350136118,      -5.785569557
          0,           0,        1566,      -6.906636368,      -3.129718365,               -32,      -3.283399463,      -1.351381858,      -5.786972691
          0,           0,        1567,      -6.906277572,      -3.131392867,               -32,       -3.28425572,      -1.352475473,      -5.788376153
          0,           0,        1568,      -6.907945827,      -3.133039982,               -32,      -3.285143186,      -1.354298285,      -5.789778205
          0,           0,        1569,      -6.908422993,      -3.134672147,               -32,      -3.286035811,      -1.355530744,      -5.791177222
          0,           0,        1570,      -6.908282651,      -3.136292721,               -32,      -3.286922583,      -1.356808728,      -5.792574871
          0,           0,        1571,      -6.909904042,      -3.137889824,               -32,        -3.2878361,      -1.358639968,      -5.793966599
          0,           0,        1572,      -6.910284262,      -3.139475128,               -32,      -3.288749828,      -1.359933885,        -5.7953545
          0,           0,        1573,      -6.911110265,      -3.141041581,               -32,      -3.289672476,      -1.361636543,      -5.796736484
          0,           0,        1574,      -6.913142091,      -3.142581603,               -32,      -3.290626814,      -1.363583388,        -5.7981118
          0,           0,        1575,      -6.913397283,      -3.144110056,               -32,      -3.291577062,      -1.364933216,      -5.799484517
          0,           0,        1576,      -6.914534048,      -3.145619269,               -32,      -3.292539219,      -1.366806784,      -5.800851082
          0,           0,        1577,      -6.916342997,      -3.147107255,               -32,      -3.293524633,      -1.368707445,      -5.802211179
          0,           0,        1578,      -6.916886755,      -3.148583024,               -32,      -3.294507292,      -1.370265603,      -5.803566809
          0,           0,        1579,      -6.919030788,      -3.150032221,               -32,      -3.295517059,      -1.372499874,      -5.804919666
          0,           0,        1580,      -6.920781865,      -3.151460057,               -32,      -3.296546081,      -1.374373324,       -5.80626746
          0,           0,        1581,      -6.921426385,      -3.152874574,               -32,      -3.297572231,      -1.376060423,      -5.807610145
          0,           0,        1582,      -6.923670376,      -3.154264968,               -32,      -3.298623634,      -1.378332071,      -5.808946017
          0,           0,        1583,      -6.925189655,      -3.155638621,               -32,      -3.299686009,      -1.380172837,      -5.810276099
          0,           0,        1584,      -6.926549477,      -3.156994164,               -32,      -3.300754295,       -1.38217698,      -5.811603268
          0,           0,        1585,      -6.929343796,      -3.158321278,               -32,       -3.30185548,      -1.384565961,      -5.812926267
          0,           0,        1586,      -6.930615741,      -3.159632263,               -32,      -3.302961136,      -1.386349234,      -5.814245813
          0,           0,        1587,      -6.932195759,      -3.160924339,               -32,      -3.304074726,      -1.388460414,      -5.815562993
          0,           0,        1588,      -6.934735018,      -3.162192902,               -32,      -3.305213616,      -1.390725826,      -5.816874294
          0,           0,        1589,      -6.935999233,        -3.1634471,               -32,      -3.306353484,      -1.392554455,      -5.818182244
          0,           0,        1590,      -6.938436369,      -3.164675933,               -32,      -3.307513846,      -1.394928923,      -5.819486091
          0,           0,        1591,      -6.940886586,      -3.165880594,               -32,      -3.308696928,       -1.39706447,      -5.820787047
          0,           0,        1592,       -6.94200375,      -3.167070638,               -32,      -3.309877823,      -1.398868684,      -5.822085481
          0,           0,        1593,      -6.944456819,      -3.168237076,               -32,      -3.311078466,      -1.401191421,      -5.823380881
          0,           0,        1594,      -6.946456499,      -3.169384831,               -32,      -3.312292251,       -1.40313929,      -5.824675524
          0,           0,        1595,      -6.947964879,      -3.170515344,               -32,      -3.313508239,      -1.405083855,      -5.825972057
          0,           0,        1596,      -6.950880329,      -3.171617905,               -32,      -3.314752032,       -1.40742087,      -5.827268967
          0,           0,        1597,      -6.952432253,      -3.172702921,               -32,      -3.316001622,      -1.409153375,        -5.8285653
          0,           0,        1598,      -6.953941475,      -3.173770157,               -32,      -3.317254137,      -1.411070982,      -5.829861979
          0,           0,        1599,      -6.956461345,      -3.174814198,               -32,      -3.318528082,      -1.413168929,      -5.831160674
          0,           0,        1600,      -6.957723526,      -3.175843913,               -32,      -3.319802112,      -1.414787041,      -5.832462773
          0,           0,        1601,      -6.959871138,      -3.176850526,               -32,      -3.321089392,      -1.416836073,      -5.833766377
          0,           0,        1602,      -6.962192054,      -3.177833408,               -32,      -3.322396515,      -1.418696538,      -5.835073662
          0,           0,        1603,      -6.963089283,      -3.178802475,               -32,      -3.323699143,      -1.420162429,      -5.836384592
          0,           0,        1604,      -6.965124783,      -3.179749956,               -32,      -3.325015083,      -1.422078655,      -5.837699089
          0,           0,        1605,      -6.966831318,      -3.180679604,               -32,      -3.326341647,      -1.423656026,       -5.83901633
          0,           0,        1606,      -6.967909366,      -3.181594112,               -32,      -3.327666199,      -1.425156026,      -5.840338067
          0,           0,        1607,      -6.970314961,      -3.182483117,               -32,      -3.329012188,       -1.42702312,      -5.841663963
          0,           0,        1608,      -6.971470174,      -3.183355878,               -32,      -3.330361709,      -1.428318471,      -5.842995633
          0,           0,        1609,      -6.972437131,      -3.184213223,               -32,      -3.331709656,      -1.429742063,      -5.844337625
          0,           0,        1610,      -6.974396124,      -3.185049629,               -32,       -3.33307423,      -1.431350288,      -5.845684816
          0,           0,        1611,      -6.975166275,      -3.185873566,               -32,      -3.334436524,      -1.432499121,      -5.847039233
          0,           0,        1612,      -6.976689613,      -3.186677544,               -32,      -3.335806761,      -1.434024987,       -5.84840327
          0,           0,        1613,      -6.978444302,      -3.187460301,               -32,      -3.337192956,      -1.435397332,      -5.849774038
          0,           0,        1614,      -6.978824256,      -3.188231435,               -32,      -3.338572325,      -1.436397782,      -5.851151895
          0,           0,        1615,      -6.980243542,      -3.188983904,               -32,       -3.33996077,      -1.437819807,      -5.852535778
          0,           0,        1616,      -6.981404284,      -3.189720947,               -32,      -3.341357196,      -1.438946995,      -5.853928509
          0,           0,        1617,      -6.981961759,      -3.190445499,               -32,      -3.342749206,       -1.44000648,       -5.85533111
          0,           0,        1618,      -6.983772317,      -3.191147865,               -32,      -3.344158649,      -1.441414447,      -5.856741508
          0,           0,        1619,       -6.98444368,      -3.191836521,               -32,      -3.345569669,       -1.44231234,      -5.858160195
          0,           0,        1620,      -6.984945072,      -3.192512373,               -32,      -3.346977253,      -1.443352727,      -5.859593174
          0,           0,        1621,      -6.986391413,      -3.193170229,               -32,      -3.348398917,      -1.444578021,      -5.861032715
          0,           0,        1622,      -6.986758502,      -3.193817994,               -32,      -3.349817208,      -1.445402162,      -5.862482014
          0,           0,        1623,       -6.98785972,      -3.194448785,               -32,      -3.351241651,      -1.446595108,      -5.863940763
          0,           0,        1624,      -6.989179523,       -3.19506148,               -32,      -3.352679922,      -1.447652181,      -5.865410124
          0,           0,        1625,      -6.989259928,      -3.195664834,               -32,      -3.354110855,      -1.448404608,      -5.866887576
          0,           0,        1626,      -6.990347914,      -3.196252229,               -32,      -3.355550013,      -1.449571355,      -5.868372342
          0,           0,        1627,      -6.991187274,      -3.196826885,               -32,      -3.356996128,      -1.450472046,      -5.869866391
          0,           0,        1628,      -6.991539675,       -3.19739123,               -32,      -3.358437982,      -1.451353468,      -5.871370304
          0,           0,        1629,      -6.993065195,      -3.197936487,               -32,      -3.359896266,      -1.452556446,      -5.872887288
          0,           0,        1630,      -6.993518827,      -3.198470643,               -32,      -3.361355396,      -1.453301753,      -5.874414796
          0,           0,        1631,      -6.993914963,       -3.19899398,               -32,      -3.362811928,       -1.45423373,      -5.875955915
          0,           0,        1632,      -6.995168847,      -3.199502074,               -32,       -3.36428224,      -1.455327434,      -5.877507088
          0,           0,        1633,      -6.995436874,      -3.200002174,               -32,      -3.365749372,       -1.45607613,      -5.879068458
          0,           0,        1634,      -6.996486117,      -3.200487512,               -32,      -3.367223662,      -1.457200069,      -5.880639604
          0,           0,        1635,      -6.997656572,      -3.200957789,               -32,       -3.36871087,      -1.458168798,      -5.882220594
          0,           0,        1636,      -6.997743263,      -3.201420548,               -32,      -3.370191461,       -1.45890779,      -5.883814052
          0,           0,        1637,      -6.998842276,      -3.201869459,               -32,      -3.371681639,      -1.460052364,      -5.885419919
          0,           0,        1638,       -6.99962366,      -3.202308187,               -32,      -3.373178364,      -1.460926472,      -5.887037136
          0,           0,        1639,      -7.000076721,      -3.202738102,               -32,      -3.374672387,       -1.46184107,      -5.888666649
          0,           0,        1640,        -7.0016051,      -3.203151624,               -32,      -3.376183237,      -1.463029474,      -5.890306396
          0,           0,        1641,      -7.002062171,      -3.203556515,               -32,      -3.377694216,      -1.463789458,      -5.891959552
          0,           0,        1642,      -7.002628713,      -3.203951961,               -32,      -3.379204696,      -1.464790051,       -5.89362601
          0,           0,        1643,      -7.003921227,       -3.20433473,               -32,      -3.380729165,      -1.465899979,      -5.895306234
          0,           0,        1644,      -7.004292304,      -3.204711319,               -32,      -3.382250601,      -1.466711351,      -5.896997912
          0,           0,        1645,      -7.005531628,       -3.20507481,               -32,      -3.383781244,      -1.467906408,      -5.898700217
          0,           0,        1646,       -7.00671749,      -3.205426242,               -32,       -3.38532344,      -1.468893596,      -5.900412408
          0,           0,        1647,      -7.006982645,      -3.205771654,               -32,      -3.386859711,      -1.469728415,      -5.902136878
          0,           0,        1648,      -7.008280373,      -3.206105029,               -32,      -3.388407389,      -1.470951057,       -5.90387159
          0,           0,        1649,      -7.009128604,      -3.206430748,               -32,      -3.389960369,      -1.471874336,      -5.905618662
          0,           0,        1650,      -7.009839246,      -3.206748741,               -32,      -3.391512349,      -1.472905043,      -5.907376105
          0,           0,        1651,      -7.011499322,      -3.207052912,               -32,      -3.393081235,      -1.474141295,      -5.909146611
          0,           0,        1652,      -7.012046774,      -3.207350834,               -32,      -3.394648526,      -1.474967225,       -5.91093096
          0,           0,        1653,      -7.012905822,      -3.207640367,               -32,      -3.396217525,      -1.476091215,      -5.912727307
          0,           0,        1654,      -7.014315031,      -3.207919778,               -32,      -3.397799854,      -1.477248833,      -5.914535738
          0,           0,        1655,      -7.014861929,      -3.208194599,               -32,      -3.399378538,      -1.478154434,      -5.916358396
          0,           0,        1656,      -7.016377654,      -3.208457758,               -32,      -3.400968358,      -1.479447218,      -5.918192698
          0,           0,        1657,        -7.0176111,      -3.208711839,               -32,      -3.402567025,      -1.480460682,      -5.920038582
          0,           0,        1658,      -7.018106517,      -3.208961104,               -32,      -3.404160031,      -1.481405014,      -5.921899219
          0,           0,        1659,      -7.019643393,      -3.209200034,               -32,       -3.40576577,       -1.48270507,      -5.923773563
          0,           0,        1660,      -7.020566609,      -3.209433713,               -32,      -3.407374314,      -1.483667695,      -5.925660053
          0,           0,        1661,      -7.021570018,      -3.209660434,               -32,      -3.408983398,      -1.484808922,      -5.927558929
          0,           0,        1662,       -7.02335539,      -3.209875855,               -32,      -3.410608406,      -1.486068413,      -5.929471452
          0,           0,        1663,      -7.023983473,      -3.210087131,               -32,      -3.412229175,      -1.486938465,      -5.931400451
          0,           0,        1664,      -7.025138585,      -3.210290816,               -32,      -3.413853761,      -1.488159688,      -5.933344832
          0,           0,        1665,      -7.026625042,      -3.210486847,               -32,      -3.415489788,      -1.489322249,      -5.935302906
          0,           0,        1666,       -7.02733026,      -3.210679486,               -32,      -3.417121127,      -1.490287133,      -5.937275022
          0,           0,        1667,      -7.029087211,      -3.210861759,               -32,      -3.418765124,      -1.491629318,      -5.939260328
          0,           0,        1668,      -7.030306035,       -3.21103771,               -32,      -3.420414036,      -1.492615883,      -5.941262819
          0,           0,        1669,      -7.030999721,      -3.211209617,               -32,      -3.422057576,       -1.49362234,      -5.943280474
          0,           0,        1670,      -7.032705312,      -3.211372792,               -32,      -3.423714493,      -1.494933341,       -5.94531489
          0,           0,        1671,      -7.033633627,      -3.211532757,               -32,       -3.42537089,      -1.495873225,      -5.947365233
          0,           0,        1672,      -7.034877399,        -3.2116862,               -32,      -3.427029551,      -1.497061715,      -5.949430476
          0,           0,        1673,      -7.036685597,      -3.211830763,               -32,       -3.42870202,      -1.498265399,      -5.951511654
          0,           0,        1674,      -7.037324382,      -3.211972778,               -32,      -3.430367371,       -1.49911373,      -5.953611842
          0,           0,        1675,      -7.038696469,      -3.212107779,               -32,      -3.432038746,      -1.500354739,      -5.955731223
          0,           0,        1676,      -7.040145938,      -3.212237403,               -32,      -3.433718594,      -1.501437047,         -5.957866
          0,           0,        1677,      -7.040940507,      -3.212364328,               -32,      -3.435392959,      -1.502388969,      -5.960016097
          0,           0,        1678,       -7.04282542,      -3.212482134,               -32,       -3.43708107,      -1.503689575,      -5.962183848
          0,           0,        1679,      -7.043918307,      -3.212596026,               -32,      -3.438769338,      -1.504567061,      -5.964366157
          0,           0,        1680,      -7.044736462,      -3.212706214,               -32,      -3.440453097,      -1.505559015,      -5.966564106
          0,           0,        1681,      -7.046480069,      -3.212809263,               -32,      -3.442150101,      -1.506784995,      -5.968777882
          0,           0,        1682,      -7.047316629,      -3.212910707,               -32,      -3.443842946,      -1.507623436,      -5.971011627
          0,           0,        1683,       -7.04871178,      -3.213005864,               -32,      -3.445540247,      -1.508775982,      -5.973262199
          0,           0,        1684,      -7.050402367,      -3.213094527,               -32,      -3.447248008,      -1.509831138,       -5.97552977
          0,           0,        1685,      -7.050976001,      -3.213181733,               -32,      -3.448946091,      -1.510588017,      -5.977813057
          0,           0,        1686,      -7.052462002,      -3.213262471,               -32,      -3.450652527,      -1.511763937,      -5.980113321
          0,           0,        1687,      -7.053749001,      -3.213339989,               -32,      -3.452363393,      -1.512683589,      -5.982432417
          0,           0,        1688,      -7.054573931,       -3.21341509,               -32,      -3.454068714,      -1.513559027,      -5.984768263
          0,           0,        1689,       -7.05646169,      -3.213482495,               -32,      -3.455788134,      -1.514733192,      -5.987119443
          0,           0,        1690,      -7.057333216,      -3.213548096,               -32,      -3.457502305,      -1.515438702,      -5.989485978
          0,           0,        1691,      -7.058225828,      -3.213610081,               -32,      -3.459213711,      -1.516360769,      -5.991867612
          0,           0,        1692,      -7.059885377,      -3.213666718,               -32,      -3.460937065,      -1.517427206,      -5.994262962
          0,           0,        1693,       -7.06057399,      -3.213722983,               -32,      -3.462652599,      -1.518119434,      -5.996672934
          0,           0,        1694,       -7.06206297,      -3.213773235,               -32,      -3.464375253,      -1.519184656,       -5.99910049
          0,           0,        1695,      -7.063523414,      -3.213819495,               -32,      -3.466103378,      -1.520034671,      -6.001544049
          0,           0,        1696,      -7.064016496,      -3.213864965,               -32,      -3.467820006,      -1.520677219,      -6.004004213
          0,           0,        1697,      -7.065554595,      -3.213904736,               -32,       -3.46954717,       -1.52174483,      -6.006480278
          0,           0,        1698,      -7.066603552,      -3.213943416,               -32,      -3.471273407,      -1.522468219,      -6.008972987
          0,           0,        1699,      -7.067473228,      -3.213979664,               -32,      -3.472995204,       -1.52325976,      -6.011483572
          0,           0,        1700,      -7.069280601,      -3.214010038,               -32,      -3.474730041,      -1.524270266,      -6.014008934
          0,           0,        1701,      -7.069905779,      -3.214040435,               -32,      -3.476453691,      -1.524801211,      -6.016548443
          0,           0,        1702,      -7.070901317,      -3.214067193,               -32,      -3.478177525,      -1.525658959,      -6.019101925
          0,           0,        1703,      -7.072403943,      -3.214090746,               -32,        -3.4799101,      -1.526544084,      -6.021666687
          0,           0,        1704,      -7.072977499,      -3.214114741,               -32,      -3.481631648,      -1.527112732,      -6.024248035
          0,           0,        1705,      -7.074569074,      -3.214133229,               -32,      -3.483363279,      -1.528097051,      -6.026842943
          0,           0,        1706,      -7.075741525,      -3.214150354,               -32,      -3.485093166,      -1.528742493,      -6.029450732
          0,           0,        1707,      -7.076237337,       -3.21416687,               -32,      -3.486811307,      -1.529317816,      -6.032074575
          0,           0,        1708,       -7.07781973,      -3.214178862,               -32,      -3.488541421,       -1.53028539,      -6.034708068
          0,           0,        1709,      -7.078623033,      -3.214191745,               -32,      -3.490263826,      -1.530838233,      -6.037353668
          0,           0,        1710,      -7.079644292,      -3.214201871,               -32,      -3.491984886,      -1.531602488,      -6.040013296
          0,           0,        1711,      -7.081316903,       -3.21420846,               -32,      -3.493715281,      -1.532453195,      -6.042684678
          0,           0,        1712,      -7.081755239,      -3.214216358,               -32,      -3.495428804,       -1.53286855,      -6.045370308
          0,           0,        1713,      -7.082952779,       -3.21422057,               -32,      -3.497147062,      -1.533717434,      -6.048070423
          0,           0,        1714,       -7.08424799,      -3.214224052,               -32,      -3.498867828,      -1.534433529,      -6.050780669
          0,           0,        1715,      -7.084836321,       -3.21422806,               -32,       -3.50057627,      -1.534959043,       -6.05350001
          0,           0,        1716,      -7.086558246,      -3.214227513,               -32,      -3.502297201,      -1.535893594,      -6.056232582
          0,           0,        1717,      -7.087416273,       -3.21422809,               -32,      -3.504006702,      -1.536369072,      -6.058975761
          0,           0,        1718,       -7.08808628,      -3.214227556,               -32,      -3.505707503,      -1.536969749,      -6.061729437
          0,           0,        1719,      -7.089686395,      -3.214224284,               -32,      -3.507419294,      -1.537849353,      -6.064490321
          0,           0,        1720,      -7.090294302,      -3.214223275,               -32,      -3.509116131,      -1.538291779,      -6.067259308
          0,           0,        1721,      -7.091616849,      -3.214218953,               -32,      -3.510817574,      -1.539104773,      -6.070038313
          0,           0,        1722,      -7.093053782,      -3.214213939,               -32,       -3.51251994,      -1.539790786,      -6.072823407
          0,           0,        1723,      -7.093450088,       -3.21421046,               -32,      -3.514202459,      -1.540183429,       -6.07561661
          0,           0,        1724,      -7.094929696,      -3.214203555,               -32,      -3.515895168,      -1.541066076,        -6.0784172
          0,           0,        1725,      -7.095939968,      -3.214198433,               -32,      -3.517580178,      -1.541618428,      -6.081225658
          0,           0,        1726,       -7.09675854,      -3.214192841,               -32,      -3.519256383,      -1.542203802,      -6.084043189
          0,           0,        1727,      -7.098532967,      -3.214184551,               -32,      -3.520943763,      -1.543071076,      -6.086866024
          0,           0,        1728,      -7.099085906,      -3.214179058,               -32,      -3.522609231,      -1.543422039,       -6.08969418
          0,           0,        1729,       -7.10013694,      -3.214171388,               -32,      -3.524274108,      -1.544134347,      -6.092528947
          0,           0,        1730,      -7.101601655,      -3.214163593,               -32,      -3.525943055,      -1.544880158,       -6.09537034
          0,           0,        1731,      -7.102165255,      -3.214158025,               -32,      -3.527593097,      -1.545295043,      -6.098217707
          0,           0,        1732,      -7.103854497,      -3.214149081,               -32,      -3.529254855,      -1.546176769,      -6.101070529
          0,           0,        1733,      -7.104880323,      -3.214142379,               -32,      -3.530902971,       -1.54665999,      -6.103927409
          0,           0,        1734,      -7.105496594,      -3.214135951,               -32,      -3.532535564,      -1.547139394,      -6.106791505
          0,           0,        1735,      -7.107164319,      -3.214127511,               -32,      -3.534180119,      -1.548007309,      -6.109658733
          0,           0,        1736,      -7.107849154,      -3.214122494,               -32,      -3.535804844,      -1.548404848,        -6.1125305
          0,           0,        1737,      -7.109148149,      -3.214115314,               -32,      -3.537431476,      -1.549133839,      -6.115408292
          0,           0,        1738,      -7.110680766,      -3.214108557,               -32,      -3.539058154,      -1.549821361,      -6.118290191
          0,           0,        1739,      -7.111104931,      -3.214104414,               -32,      -3.540657939,      -1.550134709,      -6.121177848
          0,           0,        1740,       -7.11263597,      -3.214097599,               -32,      -3.542267972,      -1.550968531,      -6.124066941
          0,           0,        1741,      -7.113698502,      -3.214093639,               -32,      -3.543866456,       -1.55148595,      -6.126957313
          0,           0,        1742,       -7.11456547,      -3.214089939,               -32,      -3.545452449,      -1.551998666,      -6.129851776
          0,           0,        1743,      -7.116389347,      -3.214084714,               -32,      -3.547049567,      -1.552831362,      -6.132748053
          0,           0,        1744,      -7.116942857,       -3.21408335,               -32,      -3.548617202,      -1.553115198,      -6.135644104
          0,           0,        1745,      -7.118112536,      -3.214080223,               -32,       -3.55018397,      -1.553779649,      -6.138542115
          0,           0,        1746,      -7.119579258,      -3.214078246,               -32,      -3.551751694,      -1.554461741,      -6.141442562
          0,           0,        1747,      -7.120193705,       -3.21407893,               -32,      -3.553295355,      -1.554809266,      -6.144345279
          0,           0,        1748,      -7.122001532,      -3.214077099,               -32,      -3.554852469,      -1.555650904,      -6.147249966
          0,           0,        1749,      -7.122920892,      -3.214078973,               -32,      -3.556387054,      -1.556032012,      -6.150155149
          0,           0,        1750,      -7.123697167,      -3.214081048,               -32,      -3.557905139,      -1.556476892,      -6.153060629
          0,           0,        1751,      -7.125409738,      -3.214082432,               -32,      -3.559434137,      -1.557270063,       -6.15596468
          0,           0,        1752,      -7.126036324,      -3.214087918,               -32,      -3.560935188,       -1.55756426,      -6.158872962
          0,           0,        1753,      -7.127584471,      -3.214091316,               -32,       -3.56244225,      -1.558283886,      -6.161781716
          0,           0,        1754,      -7.128942472,      -3.214097146,               -32,      -3.563939887,      -1.558824396,      -6.164687397
          0,           0,        1755,      -7.129451688,      -3.214105356,               -32,       -3.56540693,      -1.559086592,      -6.167595662
          0,           0,        1756,      -7.131180715,      -3.214111734,               -32,      -3.566887329,      -1.559883513,      -6.170503988
          0,           0,        1757,      -7.132037923,       -3.21412239,               -32,       -3.56834442,      -1.560232433,      -6.173412611
          0,           0,        1758,      -7.133222997,      -3.214132524,               -32,      -3.569793871,      -1.560760815,      -6.176320189
          0,           0,        1759,      -7.134942229,      -3.214143357,               -32,      -3.571247539,      -1.561446388,      -6.179226391
          0,           0,        1760,      -7.135385992,      -3.214158259,               -32,      -3.572662526,      -1.561614147,      -6.182132814
          0,           0,        1761,      -7.136932299,      -3.214171265,               -32,      -3.574084628,      -1.562309045,      -6.185036433
          0,           0,        1762,      -7.138124327,      -3.214187679,               -32,      -3.575494038,      -1.562775307,      -6.187934406
          0,           0,        1763,      -7.138980303,       -3.21420561,               -32,      -3.576881293,      -1.563116382,       -6.19083032
          0,           0,        1764,      -7.140894991,      -3.214222741,               -32,      -3.578281732,      -1.563878088,      -6.193723003
          0,           0,        1765,       -7.14146846,       -3.21424477,               -32,      -3.579643256,      -1.564049063,      -6.196614553
          0,           0,        1766,      -7.142716361,       -3.21426582,               -32,      -3.580999167,      -1.564575438,      -6.199502226
          0,           0,        1767,      -7.144232262,      -3.214288853,               -32,      -3.582354736,      -1.565166208,      -6.202384507
          0,           0,        1768,      -7.144882374,      -3.214315256,               -32,       -3.58367728,      -1.565375859,      -6.205264735
          0,           0,        1769,      -7.146805814,      -3.214340074,               -32,      -3.585014476,      -1.566125085,      -6.208139768
          0,           0,        1770,      -7.147645592,      -3.214369712,               -32,      -3.586319757,      -1.566375915,      -6.211008438
          0,           0,        1771,      -7.148570241,      -3.214399893,               -32,      -3.587604005,      -1.566717702,      -6.213872663
          0,           0,        1772,      -7.150318655,      -3.214430593,               -32,       -3.58889783,      -1.567396671,      -6.216730247
          0,           0,        1773,      -7.150916836,      -3.214465917,               -32,      -3.590153887,      -1.567551715,      -6.219582638
          0,           0,        1774,      -7.152690553,       -3.21449973,               -32,      -3.591418604,      -1.568210749,      -6.222430492
          0,           0,        1775,      -7.153857777,      -3.214537559,               -32,      -3.592663282,      -1.568583148,      -6.225271848
          0,           0,        1776,      -7.154505597,      -3.214577627,               -32,      -3.593872526,      -1.568765902,       -6.22810604
          0,           0,        1777,      -7.156355888,      -3.214617107,               -32,      -3.595096022,      -1.569473473,      -6.230931273
          0,           0,        1778,      -7.157040499,      -3.214661711,               -32,      -3.596283562,      -1.569646217,      -6.233748815
          0,           0,        1779,      -7.158559386,      -3.214705612,               -32,      -3.597468427,      -1.570166065,       -6.23656224
          0,           0,        1780,      -7.160046512,        -3.2147523,               -32,      -3.598646838,      -1.570666254,      -6.239366062
          0,           0,        1781,       -7.16050686,      -3.214802749,               -32,       -3.59977916,      -1.570740438,      -6.242162623
          0,           0,        1782,      -7.162323084,      -3.214852062,               -32,      -3.600924162,      -1.571412979,      -6.244950503
          0,           0,        1783,       -7.16319129,      -3.214906297,               -32,      -3.602040479,      -1.571656315,      -6.247728641
          0,           0,        1784,      -7.164409059,        -3.2149611,               -32,      -3.603140422,      -1.572021048,      -6.250501298
          0,           0,        1785,      -7.166156423,      -3.215017358,               -32,      -3.604246117,      -1.572626506,      -6.253263343
          0,           0,        1786,      -7.166534885,      -3.215078496,               -32,      -3.605300346,      -1.572651236,      -6.256018676
          0,           0,        1787,       -7.16819858,      -3.215138542,               -32,      -3.606360006,      -1.573234912,      -6.258762915
          0,           0,        1788,      -7.169298909,      -3.215202775,               -32,      -3.607401725,      -1.573576815,      -6.261495876
          0,           0,        1789,      -7.170220815,      -3.215269008,               -32,      -3.608413882,      -1.573798305,      -6.264219655
          0,           0,        1790,      -7.172134802,      -3.215335531,               -32,      -3.609440251,      -1.574467159,      -6.266932009
          0,           0,        1791,      -7.172532962,      -3.215407541,               -32,      -3.610415508,      -1.574497938,      -6.269634044
          0,           0,        1792,      -7.173955134,      -3.215479015,               -32,      -3.611384831,      -1.574955816,      -6.272326034
          0,           0,        1793,      -7.175290921,       -3.21555362,               -32,      -3.612348149,      -1.575400011,      -6.275005408
          0,           0,        1794,       -7.17596045,      -3.215631567,               -32,      -3.613271445,      -1.575508427,      -6.277674715
          0,           0,        1795,      -7.177929992,      -3.215708989,               -32,      -3.614212346,      -1.576188848,      -6.280331238
          0,           0,        1796,      -7.178432792,       -3.21579198,               -32,      -3.615107823,      -1.576269923,        -6.2829741
          0,           0,        1797,      -7.179557953,      -3.215875357,               -32,      -3.615983851,      -1.576583523,         -6.285609
          0,           0,        1798,      -7.181094905,      -3.215960705,               -32,      -3.616864842,      -1.577113121,      -6.288229346
          0,           0,        1799,       -7.18157931,      -3.216050466,               -32,      -3.617699492,       -1.57714739,      -6.290840428
          0,           0,        1800,      -7.183489555,      -3.216139335,               -32,      -3.618549791,      -1.577785816,      -6.293441861
          0,           0,        1801,      -7.184158736,      -3.216233379,               -32,      -3.619364667,      -1.577946448,      -6.296032103
          0,           0,        1802,      -7.184964273,      -3.216328942,               -32,      -3.620146388,      -1.578114003,       -6.29860962
          0,           0,        1803,      -7.186638619,      -3.216425394,               -32,      -3.620941307,      -1.578696282,      -6.301172317
          0,           0,        1804,      -7.187015914,      -3.216526954,               -32,      -3.621688362,      -1.578696425,      -6.303726704
          0,           0,        1805,       -7.18875913,      -3.216627717,               -32,      -3.622444315,      -1.579244169,      -6.306268657
          0,           0,        1806,      -7.189630233,      -3.216732889,               -32,       -3.62317773,      -1.579497478,      -6.308797742
          0,           0,        1807,      -7.190123451,      -3.216840771,               -32,      -3.623865811,      -1.579530745,      -6.311316633
          0,           0,        1808,      -7.191849913,      -3.216948681,               -32,      -3.624571366,      -1.580122354,      -6.313821386
          0,           0,        1809,      -7.192198062,      -3.217061977,               -32,      -3.625232333,      -1.580123986,      -6.316314107
          0,           0,        1810,      -7.193682485,      -3.217174993,               -32,      -3.625891823,      -1.580542199,      -6.318796697
          0,           0,        1811,        -7.1947634,      -3.217291403,               -32,      -3.626542843,      -1.580885442,      -6.321263713
          0,           0,        1812,      -7.194977547,      -3.217411641,               -32,      -3.627139275,      -1.580806184,      -6.323717728
          0,           0,        1813,      -7.196657585,      -3.217531369,               -32,      -3.627752873,      -1.581358606,      -6.326159574
          0,           0,        1814,      -7.197045891,      -3.217656348,               -32,      -3.628329416,      -1.581389322,      -6.328587623
          0,           0,        1815,      -7.198203075,      -3.217781901,               -32,      -3.628892022,      -1.581652408,      -6.331001791
          0,           0,        1816,      -7.199473554,      -3.217909726,               -32,      -3.629459624,      -1.582068218,      -6.333400358
          0,           0,        1817,      -7.199463151,      -3.218042311,               -32,      -3.629967336,      -1.581904817,       -6.33578548
          0,           0,        1818,      -7.200993948,      -3.218174229,               -32,      -3.630487304,      -1.582369982,      -6.338157475
          0,           0,        1819,      -7.201476356,      -3.218310901,               -32,      -3.630981024,      -1.582447283,      -6.340514865
          0,           0,        1820,      -7.202266957,      -3.218449222,               -32,      -3.631447965,      -1.582544765,      -6.342861173
          0,           0,        1821,      -7.203679356,      -3.218588733,               -32,      -3.631931057,      -1.583003306,      -6.345192519
          0,           0,        1822,      -7.203514714,      -3.218733661,               -32,      -3.632353551,      -1.582787661,      -6.347508461
          0,           0,        1823,      -7.204798805,      -3.218878163,               -32,      -3.632779322,      -1.583123409,      -6.349809043
          0,           0,        1824,      -7.205408815,       -3.21902664,               -32,      -3.633191604,      -1.583253833,      -6.352092309
          0,           0,        1825,      -7.205826273,       -3.21917793,               -32,      -3.633565554,      -1.583190679,      -6.354363289
          0,           0,        1826,      -7.207308212,      -3.219329505,               -32,      -3.633963063,      -1.583652761,      -6.356617738
          0,           0,        1827,      -7.207068995,      -3.219486818,               -32,      -3.634304086,      -1.583417398,      -6.358856787
          0,           0,        1828,      -7.208024088,      -3.219644317,               -32,      -3.634636344,      -1.583592225,      -6.361081531
          0,           0,        1829,      -7.208770957,      -3.219804835,               -32,      -3.634968269,      -1.583771278,      -6.363289385
          0,           0,        1830,      -7.208842346,      -3.219969286,               -32,      -3.635253091,      -1.583566621,      -6.365483379
          0,           0,        1831,      -7.210301959,      -3.220133411,               -32,      -3.635564131,      -1.583987716,      -6.367662184
          0,           0,        1832,       -7.21006964,      -3.220303224,               -32,      -3.635827398,      -1.583762977,      -6.369825352
          0,           0,        1833,      -7.210637746,      -3.220474147,               -32,      -3.636068158,      -1.583759509,      -6.371974066
          0,           0,        1834,      -7.211504121,      -3.220647075,               -32,      -3.636320482,      -1.583972163,      -6.374103333
          0,           0,        1835,      -7.211287366,      -3.220824883,               -32,      -3.636520891,        -1.5836565,      -6.376216845
          0,           0,        1836,      -7.212621476,      -3.221002134,               -32,         -3.636745,      -1.583991457,      -6.378312671
          0,           0,        1837,      -7.212470906,      -3.221184653,               -32,      -3.636933963,      -1.583802706,      -6.380390233
          0,           0,        1838,      -7.212625673,      -3.221369421,               -32,      -3.637086557,      -1.583619417,      -6.382451863
          0,           0,        1839,      -7.213567218,      -3.221555253,               -32,      -3.637259765,      -1.583841242,      -6.384500627
          0,           0,        1840,      -7.213144342,      -3.221746623,               -32,       -3.63738095,      -1.583452348,      -6.386533532
          0,           0,        1841,      -7.214249287,      -3.221937635,               -32,      -3.637518382,      -1.583660463,      -6.388548481
          0,           0,        1842,       -7.21423983,      -3.222133161,               -32,      -3.637636039,      -1.583525383,      -6.390542114
          0,           0,        1843,      -7.213990834,      -3.222332169,               -32,      -3.637704988,      -1.583176382,      -6.392521425
          0,           0,        1844,      -7.214938708,      -3.222531499,               -32,      -3.637799433,      -1.583375508,      -6.394484863
          0,           0,        1845,       -7.21440549,      -3.222736654,               -32,      -3.637846665,       -1.58295356,      -6.396429559
          0,           0,        1846,       -7.21518958,      -3.222942074,               -32,      -3.637898674,      -1.583003426,      -6.398357858
          0,           0,        1847,      -7.215356566,         -3.223151,               -32,      -3.637947424,      -1.582929577,      -6.400263942
          0,           0,        1848,      -7.214749585,      -3.223364596,               -32,      -3.637938201,      -1.582442562,      -6.402150482
          0,           0,        1849,      -7.215616318,      -3.223578086,               -32,      -3.637954315,       -1.58258261,      -6.404019984
          0,           0,        1850,      -7.215069627,      -3.223797271,               -32,      -3.637932578,      -1.582165148,       -6.40586863
          0,           0,        1851,      -7.215465488,      -3.224017713,               -32,      -3.637901636,       -1.58203859,      -6.407698297
          0,           0,        1852,      -7.215813115,      -3.224240515,               -32,      -3.637883189,      -1.582021555,      -6.409507402
          0,           0,        1853,      -7.214925887,      -3.224468988,               -32,      -3.637801875,      -1.581434304,       -6.41129841
          0,           0,        1854,      -7.215614641,      -3.224697322,               -32,       -3.63774044,      -1.581478243,      -6.413066657
          0,           0,        1855,       -7.21513922,      -3.224930817,               -32,      -3.637654119,      -1.581095598,      -6.414811189
          0,           0,        1856,      -7.215114035,      -3.225166812,               -32,      -3.637544011,      -1.580790084,      -6.416535622
          0,           0,        1857,       -7.21561116,      -3.225404041,               -32,      -3.637459375,       -1.58081268,      -6.418234812
          0,           0,        1858,      -7.214545046,      -3.225647618,               -32,      -3.637312258,      -1.580168691,      -6.419912117
          0,           0,        1859,      -7.214961488,      -3.225891465,               -32,      -3.637174702,      -1.580083315,      -6.421565218
          0,           0,        1860,      -7.214618139,      -3.226139591,               -32,       -3.63702735,      -1.579755014,      -6.423191862
          0,           0,        1861,      -7.214180031,      -3.226391563,               -32,       -3.63684311,      -1.579284237,      -6.424798806
          0,           0,        1862,      -7.214760272,      -3.226643826,               -32,      -3.636692694,      -1.579317233,      -6.426379033
          0,           0,        1863,      -7.213628896,      -3.226902686,               -32,      -3.636485855,       -1.57866114,      -6.427934049
          0,           0,        1864,      -7.213694404,      -3.227162657,               -32,       -3.63627454,      -1.578421715,      -6.429469471
          0,           0,        1865,      -7.213510864,      -3.227425795,               -32,      -3.636068752,      -1.578154093,      -6.430974639
          0,           0,        1866,      -7.212710101,      -3.227694041,               -32,      -3.635816431,      -1.577546681,      -6.432455651
          0,           0,        1867,      -7.213277318,      -3.227961992,               -32,      -3.635600292,      -1.577551414,      -6.433908244
          0,           0,        1868,      -7.212193409,      -3.228236295,               -32,      -3.635339224,      -1.576924587,      -6.435333287
          0,           0,        1869,      -7.211857965,      -3.228512909,               -32,      -3.635057677,      -1.576519079,      -6.436732604
          0,           0,        1870,      -7.211823423,      -3.228791511,               -32,      -3.634795083,      -1.576304195,      -6.438099939
          0,           0,        1871,      -7.210747779,      -3.229076213,               -32,      -3.634481383,      -1.575600736,      -6.439440846
          0,           0,        1872,      -7.211187369,      -3.229360531,               -32,      -3.634199611,      -1.575533771,      -6.440752678
          0,           0,        1873,      -7.210249058,      -3.229650456,               -32,      -3.633888915,      -1.574970306,      -6.442033551
          0,           0,        1874,      -7.209501976,      -3.229944123,               -32,      -3.633541948,      -1.574402561,       -6.44328583
          0,           0,        1875,      -7.209566167,      -3.230238724,               -32,      -3.633223351,       -1.57421862,      -6.444505008
          0,           0,        1876,      -7.208330452,      -3.230539984,               -32,      -3.632855151,      -1.573467249,      -6.445694458
          0,           0,        1877,      -7.208525948,      -3.230841348,               -32,      -3.632508401,      -1.573286846,      -6.446853095
          0,           0,        1878,      -7.207803637,      -3.231147142,               -32,      -3.632151563,      -1.572809938,      -6.447976194
          0,           0,        1879,      -7.206680167,      -3.231458153,               -32,      -3.631745246,      -1.572101136,      -6.449069405
          0,           0,        1880,       -7.20675806,      -3.231769377,               -32,      -3.631370927,      -1.571914671,      -6.450128707
          0,           0,        1881,      -7.205488747,      -3.232087267,               -32,      -3.630954783,      -1.571165566,      -6.451154893
          0,           0,        1882,      -7.205342051,      -3.232406324,               -32,       -3.63054486,      -1.570839289,      -6.452150024
          0,           0,        1883,      -7.204866879,      -3.232728351,               -32,      -3.630144149,      -1.570457995,      -6.453107798
          0,           0,        1884,      -7.203448928,      -3.233056886,               -32,      -3.629685591,      -1.569645925,      -6.454032128
          0,           0,        1885,      -7.203431755,      -3.233385438,               -32,      -3.629255805,      -1.569416074,      -6.454925624
          0,           0,        1886,      -7.202248498,      -3.233720072,               -32,      -3.628797484,      -1.568715326,      -6.455784452
          0,           0,        1887,      -7.201700692,      -3.234057391,               -32,      -3.628327895,      -1.568227548,      -6.456612025
          0,           0,        1888,      -7.201455933,      -3.234396172,               -32,       -3.62788439,       -1.56793416,      -6.457402105
          0,           0,        1889,      -7.199865549,      -3.234742334,               -32,      -3.627381343,      -1.567070054,      -6.458161315
          0,           0,        1890,       -7.19963812,      -3.235088969,               -32,      -3.626896971,      -1.566755007,      -6.458890127
          0,           0,        1891,      -7.198634572,      -3.235440573,               -32,      -3.626401098,      -1.566138411,      -6.459582929
          0,           0,        1892,      -7.197683094,      -3.235796606,               -32,      -3.625877393,      -1.565496068,      -6.460245126
          0,           0,        1893,      -7.197600748,      -3.236152845,               -32,      -3.625391208,      -1.565264854,      -6.460869047
          0,           0,        1894,      -7.195985979,       -3.23651671,               -32,      -3.624851509,      -1.564407903,      -6.461457459
          0,           0,        1895,      -7.195448928,      -3.236882181,               -32,      -3.624314798,      -1.563973133,      -6.462011064
          0,           0,        1896,      -7.194675454,      -3.237251157,               -32,      -3.623784665,      -1.563460451,      -6.462526684
          0,           0,        1897,      -7.193382945,      -3.237626215,               -32,      -3.623214429,      -1.562695371,      -6.463010171
          0,           0,        1898,      -7.193348598,      -3.238000788,               -32,      -3.622685183,       -1.56248394,      -6.463456869
          0,           0,        1899,      -7.191862545,      -3.238382474,               -32,      -3.622116125,       -1.56169389,      -6.463867947
          0,           0,        1900,      -7.190956698,      -3.238767463,               -32,      -3.621531383,      -1.561121185,      -6.464246445
          0,           0,        1901,      -7.190407427,      -3.239154435,               -32,      -3.620968953,      -1.560711499,      -6.464587746
          0,           0,        1902,      -7.188897979,      -3.239548684,               -32,      -3.620361344,      -1.559878047,      -6.464898118
          0,           0,        1903,      -7.188767196,      -3.239942601,               -32,      -3.619788944,      -1.559632935,      -6.465173501
          0,           0,        1904,      -7.187542169,      -3.240342353,               -32,      -3.619196642,      -1.558961303,      -6.465415062
          0,           0,        1905,      -7.186270403,      -3.240747391,               -32,      -3.618570683,      -1.558256757,      -6.465626761
          0,           0,        1906,      -7.185877869,      -3.241153211,               -32,      -3.617976855,      -1.557926067,      -6.465805594
          0,           0,        1907,      -7.184318244,      -3.241566729,               -32,      -3.617341689,      -1.557093596,      -6.465953507
          0,           0,        1908,      -7.183945987,      -3.241981029,               -32,      -3.616727409,      -1.556761097,      -6.466075013
          0,           0,        1909,      -7.183065865,      -3.242399304,               -32,      -3.616116274,      -1.556241676,      -6.466164335
          0,           0,        1910,      -7.181506196,      -3.242824719,               -32,      -3.615458377,      -1.555440126,      -6.466227376
          0,           0,        1911,      -7.181148085,      -3.243250427,               -32,        -3.6148336,      -1.555143043,      -6.466260201
          0,           0,        1912,      -7.179714972,      -3.243683302,               -32,      -3.614180141,      -1.554383778,      -6.466264836
          0,           0,        1913,      -7.178995436,      -3.244118915,               -32,      -3.613527802,      -1.553925305,      -6.466244165
          0,           0,        1914,      -7.178470277,      -3.244556446,               -32,      -3.612900237,      -1.553564823,      -6.466193151
          0,           0,        1915,      -7.176773623,      -3.245002351,               -32,      -3.612221451,      -1.552728344,      -6.466117261
          0,           0,        1916,      -7.176296205,      -3.245449081,               -32,       -3.61156674,      -1.552406124,      -6.466015679
          0,           0,        1917,      -7.175134937,      -3.245901542,               -32,      -3.610902498,      -1.551780248,      -6.465888722
          0,           0,        1918,      -7.174042917,      -3.246359124,               -32,      -3.610219369,      -1.551188669,      -6.465740901
          0,           0,        1919,      -7.173792231,      -3.246816938,               -32,      -3.609575829,      -1.550959572,       -6.46556682
          0,           0,        1920,      -7.172160134,      -3.247283303,               -32,      -3.608887638,       -1.55016874,      -6.465371733
          0,           0,        1921,      -7.171419896,       -3.24775211,               -32,      -3.608205928,      -1.549764926,      -6.465155409
          0,           0,        1922,       -7.17060322,      -3.248224655,               -32,      -3.607535794,       -1.54930539,      -6.464919039
          0,           0,        1923,      -7.169221592,      -3.248704463,               -32,      -3.606832667,      -1.548615932,      -6.464670232
          0,           0,        1924,        -7.1690771,      -3.249183822,               -32,      -3.606172358,      -1.548455515,      -6.464399008
          0,           0,        1925,      -7.167718888,       -3.24967062,               -32,       -3.60548495,      -1.547793824,      -6.464112745
          0,           0,        1926,      -7.166636713,      -3.250162271,               -32,      -3.604782456,      -1.547275769,      -6.463815274
          0,           0,        1927,      -7.166133649,      -3.250655731,               -32,      -3.604108463,      -1.546975825,       -6.46349995
          0,           0,        1928,      -7.164648928,      -3.251157615,               -32,      -3.603398437,      -1.546264575,      -6.463174659
          0,           0,        1929,      -7.164390538,      -3.251659846,               -32,        -3.6027209,      -1.546086805,      -6.462836301
          0,           0,        1930,      -7.163465297,      -3.252167252,               -32,      -3.602041484,      -1.545620082,      -6.462482446
          0,           0,        1931,      -7.162076911,      -3.252682019,               -32,      -3.601328423,      -1.544999747,      -6.462117346
          0,           0,        1932,      -7.161744478,      -3.253197513,               -32,      -3.600650392,      -1.544807717,       -6.46173899
          0,           0,        1933,      -7.160399002,      -3.253721087,               -32,      -3.599946405,      -1.544173862,       -6.46135437
          0,           0,        1934,      -7.159830176,      -3.254247279,               -32,      -3.599253905,      -1.543898102,      -6.460969855
          0,           0,        1935,      -7.159385121,      -3.254775841,               -32,      -3.598585588,      -1.543651768,      -6.460572597
          0,           0,        1936,      -7.157861771,      -3.255313422,               -32,      -3.597875442,      -1.542994755,      -6.460168621
          0,           0,        1937,      -7.157476723,      -3.255852161,               -32,      -3.597192745,      -1.542823382,      -6.459758937
          0,           0,        1938,      -7.156484133,       -3.25639712,               -32,      -3.596504644,       -1.54235779,      -6.459344284
          0,           0,        1939,      -7.155529488,      -3.256947734,               -32,      -3.595804503,      -1.541948802,      -6.458927937
          0,           0,        1940,      -7.155453584,      -3.257498439,               -32,      -3.595146191,      -1.541888061,      -6.458505668
          0,           0,        1941,      -7.154068769,      -3.258058102,               -32,      -3.594453155,      -1.541301489,      -6.458080481
          0,           0,        1942,      -7.153411295,      -3.258621028,               -32,        -3.5937675,       -1.54105866,      -6.457654024
          0,           0,        1943,      -7.152862607,      -3.259187472,               -32,      -3.593099931,      -1.540807813,      -6.457224498
          0,           0,        1944,      -7.151638736,      -3.259762068,               -32,       -3.59240508,      -1.540306813,      -6.456796743
          0,           0,        1945,      -7.151664692,      -3.260336193,               -32,      -3.591753016,       -1.54033192,      -6.456368059
          0,           0,        1946,      -7.150701215,      -3.260917175,               -32,      -3.591088283,      -1.539930352,      -6.455938626
          0,           0,        1947,      -7.149675491,      -3.261504498,               -32,      -3.590406597,      -1.539567729,      -6.455511712
          0,           0,        1948,      -7.149473399,      -3.262093074,               -32,      -3.589758769,      -1.539505218,      -6.455084218
          0,           0,        1949,       -7.14827007,      -3.262690403,               -32,      -3.589084968,      -1.539025895,      -6.454660711
          0,           0,        1950,      -7.148067444,      -3.263289079,               -32,      -3.588436449,      -1.539002467,      -6.454239704
          0,           0,        1951,      -7.147686996,      -3.263891081,               -32,      -3.587804921,       -1.53886013,      -6.453819089
          0,           0,        1952,      -7.146419083,      -3.264501945,               -32,      -3.587140277,      -1.538416134,      -6.453403747
          0,           0,        1953,      -7.146284818,      -3.265113636,               -32,      -3.586508233,        -1.5384383,      -6.452991978
          0,           0,        1954,      -7.145430558,       -3.26573225,               -32,      -3.585868495,      -1.538117644,      -6.452584616
          0,           0,        1955,      -7.144792315,      -3.266355753,               -32,      -3.585226974,      -1.537949735,      -6.452183667
          0,           0,        1956,      -7.144915575,      -3.266979249,               -32,      -3.584626066,      -1.538052495,       -6.45178545
          0,           0,        1957,      -7.143743495,      -3.267611874,               -32,       -3.58399457,      -1.537653268,      -6.451392859
          0,           0,        1958,      -7.143341831,      -3.268247406,               -32,      -3.583376019,      -1.537620772,      -6.451007014
          0,           0,        1959,      -7.143009056,      -3.268886471,               -32,      -3.582775509,      -1.537544289,      -6.450623407
          0,           0,        1960,      -7.142029437,      -3.269533582,               -32,      -3.582153443,      -1.537252567,      -6.450246353
          0,           0,        1961,      -7.142303982,      -3.270179653,               -32,      -3.581575257,      -1.537474548,      -6.449874233
          0,           0,        1962,      -7.141619918,      -3.270832137,               -32,      -3.580989425,      -1.537277223,      -6.449506298
          0,           0,        1963,      -7.140788436,      -3.271491132,               -32,      -3.580389407,      -1.537105208,      -6.449145333
          0,           0,        1964,      -7.140848415,      -3.272150837,               -32,      -3.579824368,      -1.537243918,      -6.448788742
          0,           0,        1965,      -7.139916553,      -3.272819006,               -32,      -3.579239292,      -1.536974464,      -6.448438549
          0,           0,        1966,      -7.139878772,      -3.273488549,               -32,      -3.578677181,      -1.537126305,      -6.448094885
          0,           0,        1967,      -7.139879753,       -3.27415993,               -32,      -3.578139787,      -1.537226951,      -6.447754689
          0,           0,        1968,      -7.138816387,      -3.274840344,               -32,      -3.577572587,      -1.536969597,      -6.447420468
          0,           0,        1969,      -7.138859577,      -3.275521479,               -32,      -3.577034786,      -1.537172021,      -6.447090486
          0,           0,        1970,       -7.13839673,      -3.276208142,               -32,      -3.576499343,      -1.537102456,      -6.446764591
          0,           0,        1971,      -7.137827439,      -3.276900569,               -32,      -3.575956824,      -1.537070039,       -6.44644407
          0,           0,        1972,      -7.138308259,      -3.277591319,               -32,      -3.575459604,      -1.537417196,      -6.446129046
          0,           0,        1973,      -7.137508341,      -3.278290008,               -32,      -3.574942437,      -1.537256919,      -6.445815403
          0,           0,        1974,      -7.137117538,      -3.278992747,               -32,      -3.574428226,      -1.537341579,      -6.445507292
          0,           0,        1975,       -7.13722738,      -3.279696828,               -32,      -3.573942438,       -1.53754382,      -6.445200705
          0,           0,        1976,      -7.136410404,      -3.280409253,               -32,      -3.573435787,      -1.537410685,      -6.444897265
          0,           0,        1977,      -7.136795821,      -3.281120605,               -32,      -3.572965463,      -1.537791517,      -6.444595659
          0,           0,        1978,      -7.136703018,      -3.281835124,               -32,      -3.572506923,      -1.537914534,      -6.444293472
          0,           0,        1979,      -7.135862915,      -3.282557635,               -32,      -3.572025342,       -1.53783721,        -6.4439925
          0,           0,        1980,      -7.136173656,      -3.283279718,               -32,      -3.571578384,      -1.538194839,      -6.443698597
          0,           0,        1981,      -7.135691426,      -3.284008201,               -32,      -3.571125521,      -1.538187355,      -6.443406637
          0,           0,        1982,      -7.135484193,      -3.284740298,               -32,      -3.570677031,       -1.53837949,      -6.443113638
          0,           0,        1983,      -7.136074924,      -3.285470434,               -32,      -3.570270261,        -1.5388161,      -6.442818719
          0,           0,        1984,      -7.135302201,      -3.286208837,               -32,      -3.569840051,       -1.53874822,      -6.442523154
          0,           0,        1985,      -7.135221988,      -3.286949601,               -32,      -3.569421816,      -1.539023448,      -6.442225665
          0,           0,        1986,      -7.135390461,      -3.287691905,               -32,      -3.569026758,      -1.539300193,      -6.441922702
          0,           0,        1987,      -7.134734561,      -3.288441901,               -32,      -3.568613232,      -1.539312829,      -6.441617674
          0,           0,        1988,      -7.135384897,      -3.289189254,               -32,      -3.568240752,       -1.53985259,      -6.441308568
          0,           0,        1989,      -7.135311317,       -3.28994001,               -32,      -3.567874512,      -1.540044545,      -6.440992483
          0,           0,        1990,      -7.134652735,       -3.29069793,               -32,      -3.567489641,       -1.54011632,      -6.440676917
          0,           0,        1991,      -7.135140599,      -3.291454602,               -32,      -3.567140055,      -1.540594807,      -6.440352861
          0,           0,        1992,      -7.134733852,      -3.292217623,               -32,      -3.566782429,       -1.54068332,      -6.440024261
          0,           0,        1993,      -7.134743333,      -3.292983024,               -32,      -3.566433441,      -1.541029825,      -6.439690777
          0,           0,        1994,       -7.13546583,      -3.293745689,               -32,      -3.566124676,      -1.541568056,      -6.439349554
          0,           0,        1995,      -7.134784557,      -3.294516384,               -32,      -3.565792751,        -1.5416048,      -6.439000221
          0,           0,        1996,      -7.134866235,      -3.295288679,               -32,      -3.565474409,      -1.542005994,      -6.438642477
          0,           0,        1997,      -7.135161523,      -3.296061905,               -32,      -3.565178467,      -1.542386146,      -6.438274027
          0,           0,        1998,      -7.134622834,       -3.29684243,               -32,      -3.564865065,      -1.542512058,      -6.437895305
          0,           0,        1999,      -7.135428474,      -3.297619323,               -32,      -3.564592679,      -1.543168989,      -6.437505312
          0,           0,        2000,      -7.135496873,      -3.298398754,               -32,       -3.56432782,       -1.54347031,      -6.437103019
          0,           0,        2001,      -7.134921989,       -3.29918524,               -32,      -3.564044237,      -1.543638663,      -6.436689995
          0,           0,        2002,       -7.13554061,      -3.299969751,               -32,      -3.563795166,      -1.544224844,      -6.436263996
          0,           0,        2003,      -7.135282939,       -3.30075987,               -32,      -3.563540255,      -1.544426617,      -6.435824796
          0,           0,        2004,      -7.135347098,      -3.301552342,               -32,       -3.56329138,      -1.544855909,      -6.435371994
          0,           0,        2005,      -7.136253316,      -3.302340689,               -32,      -3.563084583,      -1.545518323,      -6.434907818
          0,           0,        2006,      -7.135707541,      -3.303136461,               -32,      -3.562857159,       -1.54565932,      -6.434427005
          0,           0,        2007,      -7.135806971,      -3.303934112,               -32,      -3.562638994,      -1.546128318,      -6.433931176
          0,           0,        2008,      -7.136297931,      -3.304731367,               -32,      -3.562446443,      -1.546638393,      -6.433418305
          0,           0,        2009,      -7.135832942,      -3.305535907,               -32,      -3.562236141,      -1.546843943,      -6.432889755
          0,           0,        2010,      -7.136682962,      -3.306336615,               -32,      -3.562062796,       -1.54757927,      -6.432344405
          0,           0,        2011,      -7.137010559,      -3.307137951,               -32,      -3.561903954,      -1.548025895,      -6.431780177
          0,           0,        2012,      -7.136445009,      -3.307946891,               -32,      -3.561723383,      -1.548247548,      -6.431198547
          0,           0,        2013,      -7.137127879,      -3.308753557,               -32,      -3.561574517,      -1.548921557,      -6.430598092
          0,           0,        2014,       -7.13709925,      -3.309564379,               -32,      -3.561426025,      -1.549256115,      -6.429979975
          0,           0,        2015,       -7.13708244,      -3.310378733,               -32,      -3.561276081,      -1.549707164,      -6.429344153
          0,           0,        2016,      -7.138179676,      -3.311187443,               -32,      -3.561171027,      -1.550501165,      -6.428687802
          0,           0,        2017,      -7.137848333,      -3.312002304,               -32,      -3.561051395,      -1.550759881,       -6.42801166
          0,           0,        2018,      -7.137836283,       -3.31282046,               -32,      -3.560932126,      -1.551242745,      -6.427316073
          0,           0,        2019,       -7.13854545,      -3.313636627,               -32,      -3.560843153,      -1.551894225,      -6.426604016
          0,           0,        2020,      -7.138178042,      -3.314459945,               -32,      -3.560737745,      -1.552172815,      -6.425870994
          0,           0,        2021,      -7.138929416,      -3.315280514,               -32,       -3.56066026,      -1.552933808,      -6.425117449
          0,           0,        2022,      -7.139599654,      -3.316099038,               -32,      -3.560607947,      -1.553554201,      -6.424341931
          0,           0,        2023,      -7.139052383,      -3.316925747,               -32,      -3.560531729,      -1.553816841,      -6.423545892
          0,           0,        2024,      -7.139682428,       -3.31775092,               -32,      -3.560480374,      -1.554537634,      -6.422728903
          0,           0,        2025,      -7.139956652,      -3.318578106,               -32,      -3.560438937,      -1.555028913,      -6.421889898
          0,           0,        2026,       -7.13980722,      -3.319410674,               -32,      -3.560387519,      -1.555469712,      -6.421032555
          0,           0,        2027,      -7.141007038,      -3.320236875,               -32,      -3.560380533,      -1.556368877,      -6.420153952
          0,           0,        2028,      -7.141000108,      -3.321066944,               -32,      -3.560369679,      -1.556776702,      -6.419253475
          0,           0,        2029,      -7.140812623,      -3.321902491,               -32,      -3.560348661,      -1.557239127,      -6.418332795
          0,           0,        2030,      -7.141675791,      -3.322735012,               -32,        -3.5603602,      -1.558014238,      -6.417391295
          0,           0,        2031,      -7.141500585,       -3.32357375,               -32,      -3.560360939,      -1.558392239,      -6.416430785
          0,           0,        2032,      -7.142026303,      -3.324412189,               -32,      -3.560376575,      -1.559125864,      -6.415450633
          0,           0,        2033,      -7.143031596,       -3.32524594,               -32,      -3.560427612,      -1.559923278,      -6.414449459
          0,           0,        2034,      -7.142606683,      -3.326087605,               -32,      -3.560457201,       -1.56025343,      -6.413427221
          0,           0,        2035,       -7.14306076,      -3.326929742,               -32,      -3.560500708,      -1.560971654,      -6.412391421
          0,           0,        2036,      -7.143647445,      -3.327771597,               -32,      -3.560563994,      -1.561628925,      -6.411334496
          0,           0,        2037,      -7.143437323,      -3.328620272,               -32,      -3.560612573,      -1.562074762,      -6.410259154
          0,           0,        2038,      -7.144579359,       -3.32946342,               -32,      -3.560699077,      -1.563022704,       -6.40916883
          0,           0,        2039,       -7.14496664,      -3.330307426,               -32,      -3.560795233,      -1.563607305,      -6.408059367
          0,           0,        2040,      -7.144658617,      -3.331158852,               -32,      -3.560873657,      -1.564057495,      -6.406933241
          0,           0,        2041,      -7.145541999,      -3.332007488,               -32,      -3.560981674,      -1.564910609,      -6.405789044
          0,           0,        2042,      -7.145647678,      -3.332860532,               -32,       -3.56108822,      -1.565423472,      -6.404632696
          0,           0,        2043,      -7.145933344,      -3.333716199,               -32,      -3.561197155,       -1.56611371,      -6.403459358
          0,           0,        2044,      -7.147152281,      -3.334565636,               -32,      -3.561346548,      -1.567053262,      -6.402269271
          0,           0,        2045,      -7.146977019,      -3.335421498,               -32,      -3.561482285,      -1.567495795,      -6.401063368
          0,           0,        2046,      -7.147222019,       -3.33628042,               -32,       -3.56162045,      -1.568189907,      -6.399842752
          0,           0,        2047,      -7.148035762,      -3.337137506,               -32,      -3.561784499,      -1.568991407,      -6.398609286
          0,           0,        2048,      -7.147905087,      -3.338001641,               -32,      -3.561935117,      -1.569492102,         -6.397363
          0,           0,        2049,      -7.148873547,      -3.338862371,               -32,      -3.562113163,      -1.570441492,      -6.396103997
          0,           0,        2050,      -7.149614766,      -3.339721227,               -32,      -3.562312462,      -1.571199623,       -6.39483259
          0,           0,        2051,      -7.149328255,      -3.340588265,               -32,      -3.562492431,      -1.571684662,      -6.393548784
          0,           0,        2052,      -7.150125393,      -3.341453866,               -32,       -3.56269506,      -1.572573755,      -6.392253016
          0,           0,        2053,       -7.15051265,      -3.342321946,               -32,      -3.562905272,      -1.573233719,      -6.390945422
          0,           0,        2054,      -7.150676029,       -3.34319473,               -32,      -3.563110602,       -1.57391739,      -6.389629929
          0,           0,        2055,      -7.151950002,      -3.344061247,               -32,      -3.563355011,      -1.574945588,       -6.38830408
          0,           0,        2056,      -7.152073269,      -3.344932123,               -32,      -3.563595428,      -1.575528501,       -6.38696798
          0,           0,        2057,      -7.152203475,      -3.345808008,               -32,      -3.563830823,      -1.576225641,      -6.385623766
          0,           0,        2058,      -7.153120759,      -3.346681654,               -32,      -3.564092971,        -1.5771316,      -6.384272962
          0,           0,        2059,      -7.153166657,      -3.347561585,               -32,      -3.564346637,      -1.577733375,      -6.382914608
          0,           0,        2060,       -7.15398552,      -3.348440223,               -32,      -3.564618634,      -1.578685274,      -6.381549991
          0,           0,        2061,      -7.154948013,      -3.349315437,               -32,      -3.564917761,      -1.579580925,      -6.380184212
          0,           0,        2062,      -7.154808561,      -3.350198382,               -32,      -3.565200807,      -1.580154122,      -6.378812546
          0,           0,        2063,      -7.155525971,      -3.351081323,               -32,      -3.565499977,      -1.581075014,      -6.377436084
          0,           0,        2064,      -7.156112063,      -3.351965515,               -32,      -3.565811896,      -1.581865099,      -6.376054352
          0,           0,        2065,      -7.156312243,      -3.352855021,               -32,      -3.566117773,      -1.582605298,      -6.374670797
          0,           0,        2066,      -7.157558865,       -3.35373903,               -32,      -3.566458176,      -1.583689066,      -6.373282043
          0,           0,        2067,      -7.157922475,      -3.354625804,               -32,      -3.566801481,      -1.584408347,      -6.371890294
          0,           0,        2068,      -7.158092872,      -3.355518136,               -32,       -3.56713815,      -1.585166687,      -6.370496023
          0,           0,        2069,      -7.159039269,      -3.356408528,               -32,      -3.567499268,      -1.586149279,       -6.36909813
          0,           0,        2070,      -7.159273711,      -3.357304214,               -32,      -3.567856589,      -1.586874223,        -6.3676979
          0,           0,        2071,      -7.160075272,      -3.358199501,               -32,      -3.568228271,      -1.587873524,      -6.366296023
          0,           0,        2072,      -7.161118894,      -3.359091102,               -32,      -3.568627067,      -1.588862989,      -6.364892423
          0,           0,        2073,      -7.161178931,      -3.359989403,               -32,      -3.569014491,      -1.589560851,      -6.363488035
          0,           0,        2074,      -7.161917289,      -3.360888193,               -32,      -3.569415229,      -1.590545845,      -6.362083262
          0,           0,        2075,      -7.162604921,      -3.361787895,               -32,      -3.569829332,      -1.591440815,      -6.360678413
          0,           0,        2076,      -7.162966724,      -3.362692176,               -32,      -3.570240318,      -1.592296521,      -6.359274357
          0,           0,        2077,      -7.164198359,      -3.363591553,               -32,      -3.570681784,      -1.593434473,      -6.357871076
          0,           0,        2078,      -7.164697463,      -3.364493107,               -32,      -3.571128138,      -1.594270508,      -6.356468857
          0,           0,        2079,      -7.165048572,      -3.365399301,               -32,      -3.571571022,      -1.595150465,      -6.355067897
          0,           0,        2080,      -7.166013731,      -3.366303905,               -32,      -3.572035356,      -1.596203585,      -6.353670514
          0,           0,        2081,      -7.166415989,      -3.367212921,               -32,      -3.572498566,      -1.597062699,      -6.352275205
          0,           0,        2082,      -7.167345903,      -3.368120817,               -32,      -3.572977385,      -1.598163036,      -6.350881869
          0,           0,        2083,      -7.168373359,      -3.369025689,               -32,      -3.573479131,       -1.59921607,      -6.349496255
          0,           0,        2084,      -7.168652349,      -3.369935964,               -32,      -3.573973849,      -1.600065613,      -6.348114568
          0,           0,        2085,      -7.169520029,      -3.370846014,               -32,      -3.574482865,      -1.601152789,       -6.34673714
          0,           0,        2086,      -7.170249386,      -3.371757202,               -32,      -3.575002606,      -1.602141002,      -6.345365316
          0,           0,        2087,      -7.170871114,      -3.372670991,               -32,      -3.575524797,      -1.603160096,      -6.343997871
          0,           0,        2088,      -7.172112353,      -3.373580082,               -32,      -3.576074263,      -1.604357489,      -6.342639943
          0,           0,        2089,      -7.172681236,      -3.374491454,               -32,      -3.576626886,      -1.605304932,      -6.341289345
          0,           0,        2090,      -7.173318579,      -3.375405258,               -32,      -3.577182408,      -1.606352544,      -6.339944445
          0,           0,        2091,      -7.174302195,       -3.37631775,               -32,      -3.577755843,      -1.607478149,      -6.338604948
          0,           0,        2092,      -7.174898786,      -3.377233358,               -32,      -3.578330326,      -1.608495902,      -6.337271683
          0,           0,        2093,      -7.176036771,      -3.378145976,               -32,      -3.578924353,      -1.609724334,      -6.335944556
          0,           0,        2094,      -7.176993674,      -3.379056839,               -32,      -3.579534245,      -1.610832031,      -6.334623801
          0,           0,        2095,      -7.177550219,      -3.379971061,               -32,      -3.580142323,      -1.611867352,      -6.333309783
          0,           0,        2096,      -7.178581894,      -3.380883755,               -32,      -3.580766611,      -1.613069325,      -6.332002608
          0,           0,        2097,      -7.179363397,       -3.38179768,               -32,      -3.581397988,      -1.614167949,      -6.330702477
          0,           0,        2098,      -7.180327036,      -3.382710978,               -32,      -3.582039633,      -1.615379785,      -6.329410317
          0,           0,        2099,      -7.181539626,      -3.383620096,               -32,      -3.582703453,      -1.616627761,       -6.32812608
          0,           0,        2100,       -7.18222469,      -3.384531138,               -32,      -3.583368897,      -1.617718293,      -6.326849327
          0,           0,        2101,      -7.183189726,      -3.385441618,               -32,      -3.584044647,      -1.618946365,      -6.325584529
          0,           0,        2102,      -7.184183563,      -3.386351137,               -32,      -3.584733318,      -1.620153598,      -6.324328323
          0,           0,        2103,       -7.18508189,      -3.387261033,               -32,      -3.585427999,       -1.62137009,      -6.323080287
          0,           0,        2104,      -7.186374422,      -3.388166317,               -32,      -3.586143972,      -1.622704356,      -6.321840627
          0,           0,        2105,      -7.187293264,      -3.389070952,               -32,      -3.586868406,      -1.623896734,      -6.320608907
          0,           0,        2106,      -7.188213857,      -3.389975651,               -32,      -3.587598669,      -1.625143951,      -6.319389497
          0,           0,        2107,      -7.189348328,      -3.390878013,               -32,       -3.58834397,      -1.626445766,      -6.318179978
          0,           0,        2108,      -7.190307582,      -3.391780221,               -32,      -3.589095854,      -1.627707366,      -6.316979492
          0,           0,        2109,      -7.191588345,      -3.392678358,               -32,       -3.58986495,      -1.629088789,      -6.315787914
          0,           0,        2110,      -7.192730536,      -3.393573479,               -32,      -3.590648095,      -1.630392729,       -6.31460552
          0,           0,        2111,      -7.193689931,      -3.394468278,               -32,      -3.591436084,      -1.631679585,      -6.313431821
          0,           0,        2112,      -7.194895663,      -3.395360133,               -32,      -3.592238221,      -1.633052073,      -6.312269932
          0,           0,        2113,      -7.195979696,      -3.396250521,               -32,      -3.593049416,      -1.634385133,      -6.311117948
          0,           0,        2114,      -7.197247412,      -3.397137297,               -32,      -3.593874187,      -1.635802956,      -6.309975833
          0,           0,        2115,      -7.198551114,      -3.398019457,               -32,      -3.594715636,      -1.637204685,      -6.308843275
          0,           0,        2116,      -7.199618417,      -3.398900098,               -32,      -3.595563486,      -1.638553851,      -6.307720417
          0,           0,        2117,      -7.200869311,      -3.399777442,               -32,      -3.596423664,      -1.639982392,      -6.306607592
          0,           0,        2118,      -7.202085903,      -3.400651909,               -32,      -3.597295058,      -1.641394199,      -6.305506116
          0,           0,        2119,      -7.203379357,      -3.401522681,               -32,      -3.598178129,      -1.642854545,      -6.304416199
          0,           0,        2120,      -7.204788278,      -3.402387901,               -32,      -3.599078155,      -1.644335094,      -6.303336236
          0,           0,        2121,      -7.205992872,      -3.403250085,               -32,      -3.599986937,      -1.645758897,      -6.302267411
          0,           0,        2122,      -7.207297077,      -3.404108484,               -32,      -3.600906703,      -1.647240014,      -6.301211115
          0,           0,        2123,      -7.208630576,      -3.404962779,               -32,       -3.60183882,      -1.648726583,      -6.300164929
          0,           0,        2124,      -7.209987409,      -3.405812798,               -32,      -3.602782139,      -1.650238528,       -6.29912834
          0,           0,        2125,      -7.211471505,      -3.406656656,               -32,      -3.603741597,      -1.651783661,      -6.298104378
          0,           0,        2126,      -7.212812379,      -3.407496013,               -32,      -3.604711792,      -1.653283627,      -6.297090598
          0,           0,        2127,      -7.214189332,      -3.408330848,               -32,      -3.605692465,       -1.65481911,      -6.296087583
          0,           0,        2128,      -7.215623545,      -3.409160543,               -32,      -3.606685812,      -1.656373054,      -6.295094741
          0,           0,        2129,      -7.217065775,      -3.409985097,               -32,      -3.607690574,      -1.657941806,        -6.2941127
          0,           0,        2130,      -7.218616611,      -3.410802951,               -32,      -3.608710468,       -1.65954326,      -6.293142008
          0,           0,        2131,      -7.220079901,      -3.411615037,               -32,      -3.609742333,       -1.66111442,      -6.292181751
          0,           0,        2132,      -7.221545186,      -3.412421684,               -32,      -3.610784773,       -1.66270596,      -6.291232082
          0,           0,        2133,      -7.223070715,      -3.413222272,               -32,      -3.611839815,      -1.664320277,      -6.290293012
          0,           0,        2134,      -7.224606481,      -3.414016758,               -32,      -3.612906643,      -1.665946161,      -6.289364914
          0,           0,        2135,       -7.22622584,       -3.41480396,               -32,      -3.613987778,      -1.667599082,      -6.288448548
          0,           0,        2136,      -7.227796591,      -3.415584339,               -32,      -3.615081463,      -1.669233886,      -6.287542923
          0,           0,        2137,      -7.229357448,      -3.416358298,               -32,      -3.616186072,       -1.67088064,      -6.286649269
          0,           0,        2138,        -7.2309703,      -3.417125339,               -32,      -3.617303106,      -1.672549249,       -6.28576889
          0,           0,        2139,      -7.232599695,      -3.417885334,               -32,      -3.618432209,      -1.674228948,      -6.284901556
          0,           0,        2140,      -7.234291269,      -3.418637417,               -32,      -3.619575026,      -1.675929276,      -6.284044836
          0,           0,        2141,      -7.235957771,      -3.419381788,               -32,      -3.620730544,      -1.677619629,      -6.283199778
          0,           0,        2142,       -7.23761447,      -3.420118793,               -32,      -3.621897337,      -1.679317956,      -6.282368471
          0,           0,        2143,      -7.239312662,      -3.420848071,               -32,      -3.623076389,       -1.68103501,      -6.281548423
          0,           0,        2144,       -7.24103213,      -3.421569435,               -32,      -3.624267651,       -1.68276296,      -6.280740532
          0,           0,        2145,      -7.242797856,      -3.422282251,               -32,      -3.625472187,      -1.684505974,      -6.279945561
          0,           0,        2146,      -7.244551646,      -3.422986601,               -32,      -3.626689341,      -1.686243806,      -6.279161373
          0,           0,        2147,      -7.246300252,      -3.423682733,               -32,       -3.62791801,      -1.687987867,      -6.278388498
          0,           0,        2148,      -7.248081452,      -3.424370395,               -32,      -3.629158793,      -1.689747044,      -6.277628538
          0,           0,        2149,      -7.249885923,      -3.425049378,               -32,      -3.630411798,      -1.691516309,      -6.276884067
          0,           0,        2150,      -7.251725211,      -3.425719222,               -32,      -3.631677713,      -1.693296139,      -6.276150788
          0,           0,        2151,      -7.253559727,      -3.426379959,               -32,      -3.632956041,       -1.69507331,      -6.275428822
          0,           0,        2152,      -7.255394215,      -3.427031754,               -32,      -3.634245988,      -1.696855746,      -6.274718211
          0,           0,        2153,      -7.257254809,       -3.42767443,               -32,        -3.6355479,      -1.698649892,      -6.274018903
          0,           0,        2154,      -7.259138467,      -3.428307783,               -32,      -3.636861945,      -1.700452617,      -6.273330948
          0,           0,        2155,      -7.261048587,      -3.428931486,               -32,      -3.638188556,      -1.702262264,      -6.272654534
          0,           0,        2156,      -7.262957959,      -3.429545561,               -32,      -3.639527314,      -1.704070355,      -6.271989466
          0,           0,        2157,      -7.264871415,      -3.430150109,               -32,      -3.640877667,      -1.705882806,      -6.271337172
          0,           0,        2158,      -7.266806465,      -3.430745005,               -32,      -3.642239813,       -1.70770391,      -6.270698962
          0,           0,        2159,      -7.268762989,      -3.431330072,               -32,       -3.64361392,      -1.709531572,      -6.270079343
          0,           0,        2160,      -7.270739701,      -3.431905086,               -32,      -3.645000239,      -1.711363129,      -6.269472189
          0,           0,        2161,      -7.272718062,      -3.432470074,               -32,      -3.646398404,      -1.713193356,       -6.26887676
          0,           0,        2162,      -7.274703238,      -3.433025099,               -32,      -3.647808036,      -1.715026823,       -6.26829319
          0,           0,        2163,      -7.276706793,      -3.433570074,               -32,      -3.649229247,      -1.716866182,      -6.267721485
          0,           0,        2164,       -7.27872949,      -3.434104859,               -32,      -3.650662179,      -1.718709788,      -6.267161762
          0,           0,        2165,      -7.280767577,      -3.434629313,               -32,      -3.652106951,      -1.720554709,      -6.266614198
          0,           0,        2166,      -7.282808825,      -3.435143473,               -32,       -3.65356324,      -1.722397966,      -6.266078695
          0,           0,        2167,      -7.284858398,      -3.435647385,               -32,      -3.655030784,      -1.724243088,      -6.265555077
          0,           0,        2168,      -7.286923884,      -3.436140993,               -32,      -3.656509648,       -1.72609155,      -6.265046096
          0,           0,        2169,      -7.289005857,      -3.436624197,               -32,      -3.657999935,      -1.727941838,      -6.264548971
          0,           0,        2170,      -7.291099548,      -3.437096925,               -32,      -3.659501667,      -1.729791202,      -6.264064235
          0,           0,        2171,      -7.293197359,      -3.437559226,               -32,      -3.661014561,       -1.73163819,      -6.263591976
          0,           0,        2172,       -7.29530408,      -3.438011143,               -32,      -3.662538434,      -1.733485459,      -6.263131955
          0,           0,        2173,       -7.29742464,      -3.438452646,               -32,      -3.664073322,      -1.735333658,      -6.262686978
          0,           0,        2174,      -7.299558976,      -3.438883678,               -32,      -3.665619285,      -1.737181282,      -6.262256695
          0,           0,        2175,      -7.301702245,       -3.43930422,               -32,      -3.667176275,      -1.739026011,      -6.261839143
          0,           0,        2176,      -7.303850196,      -3.439714337,               -32,      -3.668744048,      -1.740867385,      -6.261434388
          0,           0,        2177,      -7.306006999,      -3.440114074,               -32,      -3.670322472,      -1.742707319,       -6.26104229
          0,           0,        2178,      -7.308175758,      -3.440503428,               -32,      -3.671911561,      -1.744545882,      -6.260666317
          0,           0,        2179,      -7.310355694,      -3.440882381,               -32,      -3.673511335,      -1.746381575,      -6.260303859
          0,           0,        2180,      -7.312542486,      -3.441250958,               -32,      -3.675121697,      -1.748212611,      -6.259954445
          0,           0,        2181,      -7.314734216,      -3.441609237,               -32,      -3.676742439,      -1.750039129,      -6.259619639
          0,           0,        2182,      -7.316934311,       -3.44195727,               -32,       -3.67837346,      -1.751862408,      -6.259298814
          0,           0,        2183,      -7.319144572,       -3.44229508,               -32,      -3.680014758,      -1.753682115,      -6.258991066
          0,           0,        2184,      -7.321363635,      -3.442622686,               -32,      -3.681666311,      -1.755496811,      -6.258696403
          0,           0,        2185,      -7.323588024,      -3.442940147,               -32,      -3.683327993,      -1.757305251,      -6.258415028
          0,           0,        2186,      -7.325817355,      -3.443247549,               -32,      -3.684999626,      -1.759107876,       -6.25814762
          0,           0,        2187,       -7.32805429,      -3.443544958,               -32,       -3.68668113,      -1.760905432,      -6.257893413
          0,           0,        2188,      -7.330299659,      -3.443832418,               -32,      -3.688372483,      -1.762697316,      -6.257652611
          0,           0,        2189,      -7.332551734,       -3.44410998,               -32,      -3.690073627,      -1.764482218,      -6.257425202
          0,           0,        2190,      -7.334808013,      -3.444377729,               -32,       -3.69178442,       -1.76625938,      -6.257212285
          0,           0,        2191,      -7.337069023,       -3.44463576,               -32,      -3.693504709,      -1.768029331,      -6.257012688
          0,           0,        2192,      -7.339336695,      -3.444884151,               -32,      -3.695234424,      -1.769792384,      -6.256826683
          0,           0,        2193,      -7.341611116,      -3.445122966,               -32,      -3.696973521,      -1.771547765,      -6.256654291
          0,           0,        2194,      -7.343890446,      -3.445352282,               -32,      -3.698721913,      -1.773294355,      -6.256495589
          0,           0,        2195,      -7.346173133,      -3.445572203,               -32,      -3.700479449,      -1.775031793,       -6.25635212
          0,           0,        2196,      -7.348460147,       -3.44578283,               -32,      -3.702245997,      -1.776760551,      -6.256224482
          0,           0,        2197,      -7.350752745,      -3.445984253,               -32,      -3.704021487,      -1.778480593,      -6.256110648
          0,           0,        2198,      -7.353050457,      -3.446176554,               -32,      -3.705805853,      -1.780191061,      -6.256010715
          0,           0,        2199,      -7.355351559,      -3.446359832,               -32,      -3.707598982,      -1.781891075,      -6.255924741
          0,           0,        2200,      -7.357655318,        -3.4465342,               -32,      -3.709400721,      -1.783580551,      -6.255855616
          0,           0,        2201,      -7.359962813,      -3.446699768,               -32,      -3.711210952,      -1.785259815,      -6.255801883
          0,           0,        2202,      -7.362274695,      -3.446856634,               -32,      -3.713029597,      -1.786928561,      -6.255762168
          0,           0,        2203,      -7.364590104,      -3.447004897,               -32,      -3.714856567,      -1.788585926,      -6.255736541
          0,           0,        2204,      -7.366907606,       -3.44714467,               -32,      -3.716691729,       -1.79023128,      -6.255725523
          0,           0,        2205,        -7.3692271,      -3.447276074,               -32,      -3.718534931,      -1.791864704,      -6.255729203
          0,           0,        2206,      -7.371549541,      -3.447399225,               -32,      -3.720386058,      -1.793486327,       -6.25574699
          0,           0,        2207,      -7.373875044,      -3.447514228,               -32,      -3.722245023,      -1.795095649,      -6.255778956
          0,           0,        2208,      -7.376202524,      -3.447621195,               -32,      -3.724111711,      -1.796691867,       -6.25582502
          0,           0,        2209,      -7.378530949,       -3.44772025,               -32,       -3.72598597,      -1.798274589,      -6.255885903
          0,           0,        2210,       -7.38086063,      -3.447811518,               -32,      -3.727867651,      -1.799843953,       -6.25596243
          0,           0,        2211,      -7.383192247,      -3.447895119,               -32,      -3.729756638,       -1.80139988,      -6.256056679
          0,           0,        2212,      -7.385525459,      -3.447971166,               -32,      -3.731652825,      -1.802941745,       -6.25616604
          0,           0,        2213,       -7.38785912,      -3.448039781,               -32,      -3.733556072,      -1.804468862,      -6.256289752
          0,           0,        2214,      -7.390192634,      -3.448101094,               -32,      -3.735466213,      -1.805981042,      -6.256427971
          0,           0,        2215,      -7.392526509,      -3.448155234,               -32,      -3.737383098,      -1.807478388,       -6.25658061
          0,           0,        2216,      -7.394861053,      -3.448202321,               -32,      -3.739306604,      -1.808960624,      -6.256747683
          0,           0,        2217,      -7.397195569,      -3.448242477,               -32,        -3.7412366,      -1.810427074,       -6.25693118
          0,           0,        2218,      -7.399528999,      -3.448275832,               -32,      -3.743172922,      -1.811877211,      -6.257130459
          0,           0,        2219,      -7.401861151,      -3.448302518,               -32,      -3.745115391,      -1.813310989,      -6.257344558
          0,           0,        2220,      -7.404192521,      -3.448322666,               -32,      -3.747063855,      -1.814728412,      -6.257573417
          0,           0,        2221,      -7.406523016,      -3.448336399,               -32,      -3.749018174,      -1.816129044,      -6.257816762
          0,           0,        2222,      -7.408851688,      -3.448343844,               -32,      -3.750978191,      -1.817512225,      -6.258074528
          0,           0,        2223,      -7.411177697,      -3.448345137,               -32,      -3.752943717,      -1.818877609,      -6.258347337
          0,           0,        2224,      -7.413501158,      -3.448340412,               -32,      -3.754914564,      -1.820225227,      -6.258635513
          0,           0,        2225,      -7.415822387,      -3.448329798,               -32,       -3.75689057,      -1.821554947,      -6.258938928
          0,           0,        2226,      -7.418140889,      -3.448313424,               -32,      -3.758871575,       -1.82286622,      -6.259257441
          0,           0,        2227,      -7.420455605,      -3.448291422,               -32,       -3.76085739,      -1.824158474,      -6.259590443
          0,           0,        2228,      -7.422765997,      -3.448263929,               -32,      -3.762847805,      -1.825431541,      -6.259938024
          0,           0,        2229,      -7.425072338,      -3.448231081,               -32,      -3.764842623,      -1.826685459,      -6.260299883
          0,           0,        2230,      -7.427374634,      -3.448193007,               -32,      -3.766841667,      -1.827919948,      -6.260676388
          0,           0,        2231,      -7.429672039,      -3.448149839,               -32,      -3.768844749,      -1.829134414,      -6.261069511
          0,           0,        2232,      -7.431963534,      -3.448101712,               -32,       -3.77085165,      -1.830328433,      -6.261477921
          0,           0,        2233,      -7.434248908,      -3.448048766,               -32,      -3.772862141,      -1.831501988,      -6.261900994
          0,           0,        2234,      -7.436528417,      -3.447991136,               -32,      -3.774876014,      -1.832655061,      -6.262338343
          0,           0,        2235,      -7.438801677,      -3.447928952,               -32,      -3.776893073,      -1.833787241,      -6.262790097
          0,           0,        2236,      -7.441067588,      -3.447862349,               -32,      -3.778913097,      -1.834897967,      -6.263259787
          0,           0,        2237,      -7.443325324,      -3.447791465,               -32,      -3.780935838,      -1.835987005,      -6.263747378
          0,           0,        2238,       -7.44557495,       -3.44771644,               -32,       -3.78296105,       -1.83705444,      -6.264251603
          0,           0,        2239,      -7.447816531,      -3.447637407,               -32,      -3.784988515,       -1.83810015,      -6.264772573
          0,           0,        2240,      -7.450049266,      -3.447554498,               -32,      -3.787018009,       -1.83912364,      -6.265309207
          0,           0,        2241,      -7.452271948,      -3.447467852,               -32,      -3.789049277,      -1.840124461,       -6.26586489
          0,           0,        2242,      -7.454484077,      -3.447377608,               -32,      -3.791082044,      -1.841102587,      -6.266435106
          0,           0,        2243,      -7.456685869,      -3.447283903,               -32,      -3.793116055,      -1.842058139,      -6.267022885
          0,           0,        2244,      -7.458877033,      -3.447186871,               -32,      -3.795151072,      -1.842990866,      -6.267624781
          0,           0,        2245,      -7.461056397,      -3.447086646,               -32,      -3.797186843,      -1.843900256,       -6.26824093
          0,           0,        2246,      -7.463222845,      -3.446983367,               -32,      -3.799223074,      -1.844786054,       -6.26887111
          0,           0,        2247,      -7.465376275,      -3.446877175,               -32,      -3.801259474,      -1.845648426,      -6.269519613
          0,           0,        2248,      -7.467516853,      -3.446768204,               -32,      -3.803295777,      -1.846487446,      -6.270185951
          0,           0,        2249,      -7.469643825,      -3.446656587,               -32,      -3.805331725,      -1.847302746,       -6.27086771
          0,           0,        2250,      -7.471755765,       -3.44654246,               -32,      -3.807367027,      -1.848093884,      -6.271566757
          0,           0,        2251,       -7.47385189,      -3.446425963,               -32,       -3.80940136,      -1.848860863,      -6.272280097
          0,           0,        2252,      -7.475932448,      -3.446307235,               -32,       -3.81143442,       -1.84960398,      -6.273007266
          0,           0,        2253,      -7.477997321,      -3.446186408,               -32,      -3.813465932,      -1.850323192,       -6.27374826
          0,           0,        2254,      -7.480045249,      -3.446063613,               -32,      -3.815495612,      -1.851018052,      -6.274503066
          0,           0,        2255,      -7.482074784,       -3.44593899,               -32,      -3.817523127,      -1.851688298,      -6.275271607
          0,           0,        2256,       -7.48408569,      -3.445812677,               -32,      -3.819548133,      -1.852334216,      -6.276053864
          0,           0,        2257,      -7.486078381,      -3.445684809,               -32,      -3.821570322,      -1.852956131,      -6.276853173
          0,           0,        2258,      -7.488052223,      -3.445555514,               -32,      -3.823589408,      -1.853553832,      -6.277667179
          0,           0,        2259,      -7.490005511,      -3.445424927,               -32,      -3.825605069,      -1.854126877,      -6.278495088
          0,           0,        2260,      -7.491937122,      -3.445293184,               -32,      -3.827616937,      -1.854675296,      -6.279339506
          0,           0,        2261,      -7.493847477,      -3.445160423,               -32,      -3.829624655,      -1.855199624,      -6.280197374
          0,           0,        2262,      -7.495736828,      -3.445026773,               -32,      -3.831627921,       -1.85570008,       -6.28106987
          0,           0,        2263,      -7.497603837,       -3.44489236,               -32,      -3.833626429,      -1.856176276,      -6.281957621
          0,           0,        2264,      -7.499446584,      -3.444757319,               -32,      -3.835619814,      -1.856627902,       -6.28285873
          0,           0,        2265,      -7.501264713,      -3.444621787,               -32,      -3.837607676,      -1.857055377,      -6.283773327
          0,           0,        2266,       -7.50305918,      -3.444485894,               -32,      -3.839589668,      -1.857459365,       -6.28470132
          0,           0,        2267,      -7.504829639,      -3.444349762,               -32,      -3.841565492,      -1.857839838,      -6.285642661
          0,           0,        2268,      -7.506573985,       -3.44421352,               -32,      -3.843534812,      -1.858196287,      -6.286597235
          0,           0,        2269,      -7.508290554,      -3.444077301,               -32,       -3.84549721,      -1.858528711,      -6.287567275
          0,           0,        2270,      -7.509980169,      -3.443941238,               -32,      -3.847452277,      -1.858837951,      -6.288554572
          0,           0,        2271,      -7.511643857,      -3.443805453,               -32,      -3.849399693,      -1.859124583,      -6.289555567
          0,           0,        2272,      -7.513280231,      -3.443670064,               -32,      -3.851339159,      -1.859388233,       -6.29057136
          0,           0,        2273,      -7.514886562,        -3.4435352,               -32,      -3.853270285,      -1.859628409,      -6.291604762
          0,           0,        2274,      -7.516462261,      -3.443400992,               -32,      -3.855192607,      -1.859845636,      -6.292651132
          0,           0,        2275,      -7.518009416,      -3.443267567,               -32,      -3.857105741,      -1.860041077,      -6.293710659
          0,           0,        2276,       -7.51952832,      -3.443135037,               -32,      -3.859009406,      -1.860214929,       -6.29478277
          0,           0,        2277,      -7.521016201,      -3.443003518,               -32,      -3.860903279,      -1.860366459,      -6.295869064
          0,           0,        2278,       -7.52247027,      -3.442873139,               -32,      -3.862786894,       -1.86049545,      -6.296968189
          0,           0,        2279,      -7.523892119,      -3.442744029,               -32,      -3.864659766,      -1.860603171,       -6.29807986
          0,           0,        2280,      -7.525284444,      -3.442616302,               -32,      -3.866521582,      -1.860690763,      -6.299203972
          0,           0,        2281,      -7.526645838,      -3.442490063,               -32,      -3.868372094,      -1.860757772,      -6.300340387
          0,           0,        2282,      -7.527971974,      -3.442365427,               -32,      -3.870210916,      -1.860803222,      -6.301489142
          0,           0,        2283,      -7.529261483,      -3.442242528,               -32,      -3.872037484,      -1.860827623,      -6.302650052
          0,           0,        2284,      -7.530518938,      -3.442121483,               -32,      -3.873851365,       -1.86083301,      -6.303823009
          0,           0,        2285,      -7.531745987,      -3.442002392,               -32,       -3.87565235,      -1.860819916,      -6.305011323
          0,           0,        2286,      -7.532938647,      -3.441885354,               -32,      -3.877440198,      -1.860787081,      -6.306212376
          0,           0,        2287,      -7.534091362,      -3.441770492,               -32,      -3.879214384,      -1.860733612,        -6.3074252
          0,           0,        2288,      -7.535207098,       -3.44165794,               -32,      -3.880974273,       -1.86066143,       -6.30864965
          0,           0,        2289,      -7.536292469,      -3.441547796,               -32,      -3.882719597,      -1.860572826,      -6.309889088
          0,           0,        2290,      -7.537345944,      -3.441440143,               -32,      -3.884450256,      -1.860467057,      -6.311139677
          0,           0,        2291,      -7.538359923,      -3.441335084,               -32,      -3.886165944,      -1.860342058,      -6.312401444
          0,           0,        2292,      -7.539330008,      -3.441232759,               -32,       -3.88786588,      -1.860197855,       -6.31367427
          0,           0,        2293,      -7.540267066,      -3.441133284,               -32,      -3.889549523,      -1.860038408,      -6.314958308
          0,           0,        2294,      -7.541175436,      -3.441036734,               -32,      -3.891216865,      -1.859864869,      -6.316253339
          0,           0,        2295,      -7.542049101,      -3.440943181,               -32,      -3.892867897,      -1.859674872,      -6.317559209
          0,           0,        2296,      -7.542874875,      -3.440852747,               -32,       -3.89450204,      -1.859465632,      -6.318876472
          0,           0,        2297,      -7.543657982,      -3.440765587,               -32,      -3.896118213,      -1.859240158,      -6.320206498
          0,           0,        2298,      -7.544415873,      -3.440681777,               -32,      -3.897716322,      -1.859003714,      -6.321546841
          0,           0,        2299,      -7.545145138,       -3.44060137,               -32,      -3.899296598,       -1.85875453,      -6.322897308
          0,           0,        2300,      -7.545832987,      -3.440524432,               -32,        -3.9008591,      -1.858488502,      -6.324257708
          0,           0,        2301,       -7.54646145,      -3.440451146,               -32,      -3.902402423,      -1.858203025,      -6.325627815
          0,           0,        2302,      -7.547062123,      -3.440381639,               -32,      -3.903925677,      -1.857907648,      -6.327008203
          0,           0,        2303,      -7.547642061,      -3.440315938,               -32,      -3.905429449,      -1.857604375,      -6.328401923
          0,           0,        2304,      -7.548194454,      -3.440254065,               -32,      -3.906914266,      -1.857288902,        -6.3298049
          0,           0,        2305,      -7.548682885,       -3.44019613,               -32,      -3.908379786,      -1.856953063,      -6.331217409
          0,           0,        2306,      -7.549113358,      -3.440142405,               -32,      -3.909823112,      -1.856601011,      -6.332639263
          0,           0,        2307,      -7.549543303,      -3.440092884,               -32,      -3.911245128,      -1.856248483,      -6.334072772
          0,           0,        2308,       -7.54994745,      -3.440047596,               -32,      -3.912646371,      -1.855887411,       -6.33551741
          0,           0,        2309,      -7.550325532,      -3.440006466,               -32,      -3.914028757,      -1.855514044,      -6.336972641
          0,           0,        2310,      -7.550581124,      -3.439969866,               -32,      -3.915388569,      -1.855109962,      -6.338435891
          0,           0,        2311,      -7.550845815,      -3.439937956,               -32,      -3.916723606,      -1.854707897,      -6.339909294
          0,           0,        2312,      -7.551095708,      -3.439910629,               -32,      -3.918036952,      -1.854305881,      -6.341390391
          0,           0,        2313,      -7.551352938,      -3.439887856,               -32,      -3.919329074,       -1.85389878,      -6.342878899
          0,           0,        2314,      -7.551503909,      -3.439869537,               -32,      -3.920603759,      -1.853464142,      -6.344374386
          0,           0,        2315,      -7.551512272,      -3.439856625,               -32,      -3.921847407,      -1.852995582,      -6.345876814
          0,           0,        2316,      -7.551660336,      -3.439848482,               -32,      -3.923069709,        -1.8525655,      -6.347385996
          0,           0,        2317,      -7.551676257,      -3.439845586,               -32,      -3.924265576,      -1.852107195,      -6.348902068
          0,           0,        2318,       -7.55186721,      -3.439846886,               -32,      -3.925449402,      -1.851675472,      -6.350424574
          0,           0,        2319,        -7.5515367,      -3.439853806,               -32,      -3.926606238,      -1.851131911,      -6.351952786
          0,           0,        2320,      -7.551509158,      -3.439866484,               -32,      -3.927727557,       -1.85064889,      -6.353488113
          0,           0,        2321,      -7.551320638,      -3.439884089,               -32,      -3.928834345,      -1.850159175,      -6.355029343
          0,           0,        2322,      -7.551284292,      -3.439907477,               -32,      -3.929906036,      -1.849671546,      -6.356584169
          0,           0,        2323,      -7.551120964,      -3.439933985,               -32,       -3.93099316,      -1.849173207,       -6.35814466
          0,           0,        2324,      -7.550171826,      -3.439969496,               -32,      -3.932003553,      -1.848477812,      -6.359710663
          0,           0,        2325,      -7.550385916,      -3.440008022,               -32,      -3.933023933,      -1.848070818,       -6.36128077
          0,           0,        2326,      -7.549304917,       -3.44005498,               -32,      -3.933986167,      -1.847389832,      -6.362856483
          0,           0,        2327,      -7.549890477,      -3.440103818,               -32,      -3.934967306,      -1.847027558,       -6.36443617
          0,           0,        2328,      -7.548163386,       -3.44015982,               -32,      -3.935924938,       -1.84621762,      -6.366019081
          0,           0,        2329,      -7.547816633,      -3.440224665,               -32,      -3.936790455,      -1.845623309,      -6.367606568
          0,           0,        2330,      -7.547342021,      -3.440291217,               -32,       -3.93771241,      -1.845148488,      -6.369195955
          0,           0,        2331,      -7.546377753,      -3.440369643,               -32,      -3.938508058,      -1.844431773,      -6.370791039
          0,           0,        2332,      -7.546918762,      -3.440444278,               -32,      -3.939430874,      -1.844148752,      -6.372387753
          0,           0,        2333,      -7.544113336,      -3.440535286,               -32,      -3.940187339,      -1.843063994,      -6.373993401
          0,           0,        2334,      -7.545080919,      -3.440627112,               -32,      -3.940972757,       -1.84281675,      -6.375602536
          0,           0,        2335,      -7.543272824,      -3.440727691,               -32,      -3.941727367,      -1.842076847,      -6.377217186
          0,           0,        2336,      -7.543822748,       -3.44083451,               -32,      -3.942421679,      -1.841666775,      -6.378835771
          0,           0,        2337,      -7.542889276,      -3.440941309,               -32,      -3.943221271,      -1.841144932,      -6.380456455
          0,           0,        2338,        -7.5409286,      -3.441066379,               -32,      -3.943797842,      -1.840185901,      -6.382081092
          0,           0,        2339,      -7.541992875,      -3.441187125,               -32,       -3.94451213,      -1.840088139,      -6.383705598
          0,           0,        2340,      -7.539719642,      -3.441324003,               -32,      -3.945072125,      -1.839189994,      -6.385336864
          0,           0,        2341,      -7.541253334,      -3.441458018,               -32,      -3.945719565,      -1.839088618,      -6.386972296
          0,           0,        2342,      -7.538672459,      -3.441602182,               -32,      -3.946330908,      -1.838204001,      -6.388609453
          0,           0,        2343,      -7.538322641,      -3.441758242,               -32,      -3.946795802,       -1.83760921,      -6.390253914
          0,           0,        2344,       -7.53826969,      -3.441912612,               -32,      -3.947393916,      -1.837363348,      -6.391898427
          0,           0,        2345,      -7.536735744,      -3.442084134,               -32,      -3.947793738,      -1.836556997,       -6.39354803
          0,           0,        2346,      -7.537968713,      -3.442248129,               -32,      -3.948387738,      -1.836532937,      -6.395195707
          0,           0,        2347,      -7.534639669,       -3.44243142,               -32,      -3.948791789,       -1.83541831,      -6.396846929
          0,           0,        2348,      -7.535581622,      -3.442617111,               -32,      -3.949199898,      -1.835205578,      -6.398498549
          0,           0,        2349,       -7.53404953,      -3.442809442,               -32,       -3.94963245,      -1.834646016,      -6.400148221
          0,           0,        2350,      -7.533929162,      -3.443012849,               -32,      -3.949937686,      -1.834134854,      -6.401799038
          0,           0,        2351,      -7.533764041,      -3.443211995,               -32,      -3.950426993,      -1.833901135,      -6.403446112
          0,           0,        2352,      -7.530929636,      -3.443433569,               -32,      -3.950648951,      -1.832819653,       -6.40509299
          0,           0,        2353,      -7.532218739,      -3.443650633,               -32,      -3.951012481,      -1.832830974,      -6.406736874
          0,           0,        2354,       -7.52973505,      -3.443883391,               -32,      -3.951255175,      -1.831998874,      -6.408379205
          0,           0,        2355,      -7.530839589,      -3.444117369,               -32,      -3.951524188,      -1.831841782,      -6.410020308
          0,           0,        2356,      -7.528911624,      -3.444356778,               -32,      -3.951850414,       -1.83122639,      -6.411658547
          0,           0,        2357,      -7.527440147,      -3.444614409,               -32,      -3.951948519,      -1.830427472,      -6.413300326
          0,           0,        2358,      -7.528038277,      -3.444867096,               -32,      -3.952235191,      -1.830412206,      -6.414938861
          0,           0,        2359,      -7.525669727,      -3.445140047,               -32,       -3.95230567,      -1.829521278,      -6.416576493
          0,           0,        2360,      -7.527122745,      -3.445406142,               -32,       -3.95255553,      -1.829602426,      -6.418210378
          0,           0,        2361,      -7.523930613,       -3.44568885,               -32,      -3.952686669,      -1.828641308,      -6.419839872
          0,           0,        2362,      -7.523953172,      -3.445980548,               -32,      -3.952726091,         -1.828254,      -6.421466862
          0,           0,        2363,      -7.523231193,      -3.446273548,               -32,      -3.952886306,       -1.82799613,       -6.42308809
          0,           0,        2364,       -7.52193457,      -3.446584235,               -32,      -3.952842601,      -1.827304267,      -6.424709244
          0,           0,        2365,      -7.522671416,      -3.446886616,               -32,      -3.953041122,      -1.827374372,      -6.426333438
          0,           0,        2366,      -7.519257329,      -3.447212913,               -32,      -3.952985531,      -1.826277863,      -6.427955219
          0,           0,        2367,      -7.520234938,       -3.44753853,               -32,      -3.953006264,      -1.826264661,      -6.429572127
          0,           0,        2368,      -7.518243657,      -3.447875198,               -32,      -3.953003943,      -1.825688966,      -6.431191683
          0,           0,        2369,      -7.518333893,      -3.448220916,               -32,       -3.95291816,      -1.825364881,      -6.432810089
          0,           0,        2370,      -7.517639103,      -3.448564632,               -32,      -3.953009131,      -1.825171813,      -6.434420859
          0,           0,        2371,      -7.515038159,      -3.448932603,               -32,      -3.952813503,      -1.824210529,      -6.436028219
          0,           0,        2372,      -7.516083046,      -3.449294594,               -32,      -3.952810825,      -1.824381433,      -6.437634196
          0,           0,        2373,      -7.513510243,      -3.449675979,               -32,      -3.952643105,      -1.823593136,      -6.439235385
          0,           0,        2374,      -7.514587953,      -3.450055914,               -32,      -3.952563881,      -1.823645001,      -6.440831227
          0,           0,        2375,      -7.512413039,      -3.450444916,               -32,      -3.952502532,      -1.823076005,      -6.442419477
          0,           0,        2376,      -7.511173054,      -3.450851838,               -32,      -3.952234802,      -1.822461155,      -6.444002517
          0,           0,        2377,      -7.511478015,      -3.451254324,               -32,      -3.952169919,       -1.82256555,        -6.4455764
          0,           0,        2378,      -7.509268427,      -3.451678977,               -32,      -3.951873879,      -1.821793573,      -6.447148795
          0,           0,        2379,      -7.510509587,      -3.452095163,               -32,      -3.951802475,      -1.822063157,      -6.448712623
          0,           0,        2380,      -7.507428636,      -3.452531187,               -32,      -3.951576114,      -1.821194924,      -6.450267678
          0,           0,        2381,      -7.507476834,      -3.452975157,               -32,      -3.951297079,      -1.821006737,      -6.451817547
          0,           0,        2382,      -7.506643726,      -3.453422066,               -32,      -3.951127339,      -1.820857083,      -6.453359996
          0,           0,        2383,      -7.505481813,      -3.453887041,               -32,      -3.950768491,      -1.820332509,      -6.454895681
          0,           0,        2384,       -7.50605029,      -3.454343579,               -32,      -3.950665726,      -1.820563964,      -6.456421954
          0,           0,        2385,      -7.502935464,      -3.454826053,               -32,      -3.950297028,      -1.819608896,      -6.457938786
          0,           0,        2386,      -7.503745605,      -3.455307193,               -32,      -3.950035001,      -1.819777715,      -6.459446075
          0,           0,        2387,      -7.501905575,      -3.455800971,               -32,      -3.949737373,      -1.819331542,       -6.46094772
          0,           0,        2388,      -7.501921463,      -3.456303708,               -32,      -3.949380974,      -1.819184808,      -6.462448675
          0,           0,        2389,      -7.501328408,      -3.456804936,               -32,      -3.949197633,      -1.819157622,      -6.463936422
          0,           0,        2390,      -7.498935575,      -3.457331653,               -32,      -3.948737321,      -1.818358151,      -6.465414789
          0,           0,        2391,      -7.499808954,      -3.457852356,               -32,      -3.948480257,      -1.818695376,      -6.466880726
          0,           0,        2392,      -7.497525363,      -3.458393406,               -32,      -3.948062197,      -1.818067791,      -6.468335812
          0,           0,        2393,      -7.498359585,      -3.458933329,               -32,      -3.947744128,      -1.818285988,      -6.469779578
          0,           0,        2394,      -7.496614322,      -3.459482291,               -32,      -3.947448686,      -1.817920284,      -6.471208992
          0,           0,        2395,      -7.495296663,      -3.460050684,               -32,      -3.946957202,       -1.81745082,      -6.472627564
          0,           0,        2396,      -7.495656109,      -3.460614447,               -32,      -3.946670475,      -1.817740347,      -6.474032954
          0,           0,        2397,      -7.493615059,      -3.461201224,               -32,       -3.94616924,      -1.817135215,      -6.475431265
          0,           0,        2398,      -7.494680236,      -3.461780102,               -32,      -3.945885065,      -1.817575307,      -6.476815641
          0,           0,        2399,      -7.492192989,      -3.462377956,               -32,      -3.945473852,       -1.81694515,      -6.478185438
          0,           0,        2400,      -7.491888433,      -3.462986303,               -32,      -3.944999211,      -1.816866442,      -6.479541922
          0,           0,        2401,      -7.491458689,      -3.463596158,               -32,      -3.944651354,      -1.816959532,      -6.480887044
          0,           0,        2402,       -7.49013643,      -3.464226099,               -32,      -3.944120193,      -1.816565763,      -6.482228463
          0,           0,        2403,      -7.490884632,      -3.464847077,               -32,      -3.943838743,      -1.817024143,      -6.483553662
          0,           0,        2404,      -7.488226662,      -3.465493244,               -32,      -3.943333011,      -1.816297777,        -6.4848641
          0,           0,        2405,      -7.488616041,      -3.466141349,               -32,      -3.942896538,      -1.816558499,      -6.486159322
          0,           0,        2406,      -7.487448304,      -3.466799047,               -32,      -3.942473473,      -1.816418191,      -6.487437862
          0,           0,        2407,      -7.486973653,      -3.467469934,               -32,      -3.941960465,      -1.816339899,      -6.488702758
          0,           0,        2408,      -7.487077269,       -3.46813608,               -32,      -3.941648149,      -1.816648686,      -6.489949388
          0,           0,        2409,      -7.484733157,      -3.468828855,               -32,      -3.941085145,      -1.816005244,      -6.491180366
          0,           0,        2410,      -7.485417115,      -3.469518033,               -32,      -3.940681382,      -1.816476655,       -6.49239883
          0,           0,        2411,      -7.483794798,      -3.470223911,               -32,      -3.940189157,      -1.816169057,      -6.493604643
          0,           0,        2412,      -7.484022201,      -3.470934831,               -32,      -3.939721429,      -1.816410819,      -6.494798371
          0,           0,        2413,      -7.483419239,        -3.4716482,               -32,      -3.939358687,      -1.816496497,      -6.495975273
          0,           0,        2414,      -7.481645647,      -3.472385643,               -32,      -3.938778621,      -1.816062125,      -6.497139331
          0,           0,        2415,      -7.482289715,      -3.473117893,               -32,      -3.938389121,      -1.816601153,       -6.49828376
          0,           0,        2416,      -7.480559678,       -3.47387115,               -32,      -3.937849267,      -1.816243911,      -6.499410548
          0,           0,        2417,      -7.481225945,      -3.474622598,               -32,      -3.937430541,      -1.816735013,      -6.500519085
          0,           0,        2418,      -7.480049944,      -3.475384022,               -32,      -3.937015202,      -1.816615826,      -6.501607745
          0,           0,        2419,      -7.478883981,      -3.476164674,               -32,      -3.936449615,      -1.816442881,       -6.50268433
          0,           0,        2420,       -7.47929371,      -3.476941715,               -32,      -3.936058111,      -1.816945949,      -6.503740537
          0,           0,        2421,      -7.477719748,      -3.477740984,               -32,      -3.935498445,      -1.816648597,      -6.504777754
          0,           0,        2422,      -7.478572516,      -3.478534254,               -32,        -3.9351182,      -1.817287551,      -6.505793781
          0,           0,        2423,      -7.477038855,      -3.479343579,               -32,      -3.934660923,      -1.817034461,      -6.506787241
          0,           0,        2424,      -7.476387224,      -3.480166737,               -32,      -3.934127706,      -1.817114448,      -6.507760105
          0,           0,        2425,      -7.476506513,      -3.480989561,               -32,      -3.933726813,      -1.817535432,      -6.508709483
          0,           0,        2426,      -7.475216358,      -3.481833522,               -32,      -3.933172216,      -1.817366111,      -6.509638642
          0,           0,        2427,      -7.476082246,      -3.482669942,               -32,      -3.932817312,      -1.818064462,      -6.510545105
          0,           0,        2428,      -7.474394061,       -3.48352642,               -32,      -3.932335117,      -1.817759194,      -6.511428779
          0,           0,        2429,      -7.474117719,      -3.484392056,               -32,      -3.931839906,      -1.818048047,      -6.512293968
          0,           0,        2430,      -7.473987789,      -3.485260934,               -32,      -3.931430932,      -1.818389648,      -6.513139449
          0,           0,        2431,      -7.472996254,      -3.486148693,               -32,      -3.930898233,      -1.818371884,      -6.513965033
          0,           0,        2432,      -7.473794669,      -3.487029174,               -32,      -3.930559854,      -1.819077845,      -6.514773361
          0,           0,        2433,      -7.472096771,      -3.487931818,               -32,      -3.930070723,       -1.81878635,       -6.51555948
          0,           0,        2434,      -7.472063217,      -3.488840281,               -32,      -3.929611894,      -1.819229448,      -6.516331006
          0,           0,        2435,      -7.471772431,      -3.489754924,               -32,      -3.929201968,      -1.819522935,      -6.517086226
          0,           0,        2436,      -7.471030836,      -3.490686059,               -32,      -3.928699595,      -1.819647916,      -6.517821486
          0,           0,        2437,        -7.4717541,      -3.491610964,               -32,      -3.928374867,      -1.820346738,       -6.51853344
          0,           0,        2438,      -7.470128368,      -3.492558764,               -32,      -3.927894494,      -1.820109896,      -6.519223558
          0,           0,        2439,      -7.470234223,      -3.493510431,               -32,      -3.927468193,      -1.820658685,      -6.519892154
          0,           0,        2440,      -7.469877831,      -3.494470183,               -32,      -3.927067049,      -1.820943719,       -6.52053765
          0,           0,        2441,      -7.469314208,      -3.495444562,               -32,      -3.926597584,       -1.82118533,      -6.521165798
          0,           0,        2442,      -7.469995983,      -3.496413772,               -32,       -3.92628815,       -1.82188671,      -6.521770286
          0,           0,        2443,      -7.468478799,      -3.497405771,               -32,      -3.925828827,      -1.821723182,      -6.522354293
          0,           0,        2444,      -7.468649819,      -3.498400841,               -32,      -3.925431778,      -1.822340818,      -6.522918941
          0,           0,        2445,       -7.46830903,      -3.499404835,               -32,      -3.925049253,      -1.822653189,      -6.523464061
          0,           0,        2446,      -7.467851116,      -3.500422396,               -32,      -3.924612536,      -1.822979983,      -6.523989691
          0,           0,        2447,       -7.46853679,      -3.501435469,               -32,       -3.92432219,      -1.823703669,      -6.524492734
          0,           0,        2448,      -7.467141918,      -3.502470742,               -32,      -3.923893132,      -1.823618541,      -6.524976366
          0,           0,        2449,       -7.46732325,      -3.503509179,               -32,       -3.92352336,      -1.824278198,       -6.52544577
          0,           0,        2450,      -7.467059553,      -3.504556451,               -32,      -3.923167932,      -1.824645854,      -6.525896369
          0,           0,        2451,      -7.466646041,      -3.505617021,               -32,      -3.922763362,      -1.825028655,      -6.526328726
          0,           0,        2452,      -7.467372185,      -3.506673342,               -32,      -3.922496003,      -1.825793702,      -6.526748304
          0,           0,        2453,      -7.466109517,      -3.507750927,               -32,      -3.922104251,      -1.825787543,      -6.527145785
          0,           0,        2454,      -7.466256606,      -3.508832459,               -32,      -3.921760957,      -1.826468355,      -6.527521915
          0,           0,        2455,      -7.466112681,      -3.509921998,               -32,      -3.921439096,      -1.826911395,      -6.527876886
          0,           0,        2456,       -7.46569927,      -3.511025163,               -32,       -3.92106695,      -1.827327421,       -6.52821352
          0,           0,        2457,      -7.466482195,      -3.512124043,               -32,      -3.920825361,      -1.828145674,      -6.528532351
          0,           0,        2458,      -7.465369184,      -3.513242874,               -32,      -3.920476524,      -1.828220907,      -6.528835916
          0,           0,        2459,      -7.465444361,      -3.514366985,               -32,      -3.920159933,      -1.828905099,      -6.529122949
          0,           0,        2460,      -7.465444611,      -3.515497764,               -32,      -3.919875897,      -1.829436181,      -6.529389044
          0,           0,        2461,      -7.465008698,      -3.516642786,               -32,       -3.91953787,      -1.829871477,      -6.529636314
          0,           0,        2462,      -7.465840501,        -3.5177835,               -32,      -3.919323332,      -1.830744627,        -6.5298626
          0,           0,        2463,      -7.464904486,      -3.518942385,               -32,      -3.919021779,      -1.830908331,      -6.530069247
          0,           0,        2464,      -7.464879919,      -3.520108286,               -32,      -3.918733168,       -1.83158132,      -6.530257459
          0,           0,        2465,      -7.465029305,      -3.521279277,               -32,      -3.918489028,       -1.83220552,      -6.530427845
          0,           0,        2466,      -7.464572444,       -3.52246507,               -32,      -3.918188128,      -1.832656444,      -6.530588029
          0,           0,        2467,      -7.465424144,      -3.523646834,               -32,      -3.918000727,      -1.833576383,      -6.530729072
          0,           0,        2468,       -7.46469627,      -3.524844499,               -32,       -3.91774932,       -1.83383945,      -6.530851806
          0,           0,        2469,      -7.464560204,      -3.526051095,               -32,      -3.917491096,      -1.834492242,      -6.530955878
          0,           0,        2470,      -7.464843695,      -3.527261266,               -32,       -3.91728705,      -1.835206649,      -6.531044204
          0,           0,        2471,      -7.464389214,      -3.528486423,               -32,      -3.917026977,      -1.835679437,      -6.531117822
          0,           0,        2472,      -7.465220232,      -3.529708321,               -32,        -3.9168664,      -1.836631402,      -6.531175567
          0,           0,        2473,      -7.464724227,      -3.530943455,               -32,      -3.916666177,      -1.837004673,       -6.53121681
          0,           0,        2474,       -7.46448591,      -3.532189317,               -32,       -3.91644178,      -1.837636245,      -6.531248173
          0,           0,        2475,      -7.464871416,      -3.533437573,               -32,      -3.916276811,      -1.838430173,      -6.531263457
          0,           0,        2476,      -7.464455709,      -3.534700437,               -32,      -3.916061062,      -1.838937681,      -6.531264036
          0,           0,        2477,      -7.465226736,      -3.535961292,               -32,      -3.915927521,      -1.839904948,       -6.53124949
          0,           0,        2478,      -7.464968069,      -3.537232558,               -32,      -3.915777684,       -1.84039416,      -6.531219299
          0,           0,        2479,      -7.464657239,      -3.538515921,               -32,      -3.915591135,      -1.841011812,      -6.531174312
          0,           0,        2480,      -7.465103047,      -3.539801004,               -32,      -3.915463852,      -1.841868615,       -6.53111369
          0,           0,        2481,      -7.464763088,      -3.541099733,               -32,      -3.915294923,      -1.842425197,      -6.531039197
          0,           0,        2482,      -7.465447435,      -3.542398002,               -32,      -3.915189706,      -1.843393837,      -6.530950157
          0,           0,        2483,      -7.465408442,      -3.543703995,               -32,      -3.915088023,       -1.84399624,      -6.530848437
          0,           0,        2484,      -7.465068661,      -3.545022801,               -32,      -3.914943173,      -1.844613655,      -6.530742897
          0,           0,        2485,      -7.465533491,      -3.546343189,               -32,      -3.914852529,      -1.845514411,      -6.530627789
          0,           0,        2486,       -7.46529598,      -3.547675815,               -32,      -3.914731496,       -1.84613132,       -6.53049975
          0,           0,        2487,       -7.46588554,      -3.549009551,               -32,      -3.914656951,      -1.847093552,      -6.530359644
          0,           0,        2488,       -7.46602881,      -3.550348734,               -32,      -3.914600435,      -1.847797986,       -6.53020739
          0,           0,        2489,      -7.465707342,      -3.551700709,               -32,      -3.914500242,      -1.848431959,      -6.530043398
          0,           0,        2490,      -7.466159387,       -3.55305455,               -32,      -3.914445908,       -1.84935979,      -6.529867117
          0,           0,        2491,      -7.466035789,      -3.554418996,               -32,      -3.914372505,      -1.850042819,      -6.529679193
          0,           0,        2492,      -7.466540285,      -3.555785868,               -32,      -3.914331514,      -1.850997872,      -6.529479775
          0,           0,        2493,      -7.466818183,      -3.557156475,               -32,      -3.914317129,      -1.851787754,      -6.529268538
          0,           0,        2494,      -7.466556542,      -3.558539188,               -32,      -3.914263248,       -1.85245463,      -6.529047379
          0,           0,        2495,      -7.466978348,      -3.559924275,               -32,      -3.914245593,      -1.853397688,      -6.528820295
          0,           0,        2496,      -7.466966279,      -3.561318313,               -32,      -3.914218643,       -1.85414706,      -6.528584321
          0,           0,        2497,      -7.467407399,      -3.562715667,               -32,      -3.914213995,       -1.85509953,      -6.528343999
          0,           0,        2498,      -7.467772706,      -3.564115625,               -32,      -3.914239208,      -1.855956739,      -6.528095718
          0,           0,        2499,      -7.467600588,      -3.565526495,               -32,      -3.914232015,      -1.856669533,      -6.527839113
          0,           0,        2500,      -7.467988791,      -3.566940258,               -32,       -3.91425186,      -1.857621696,      -6.527572714
          0,           0,        2501,      -7.468076987,      -3.568361443,               -32,       -3.91426981,      -1.858433356,      -6.527297417
          0,           0,        2502,      -7.468480586,      -3.569786347,               -32,      -3.914303719,      -1.859390229,      -6.527013607
          0,           0,        2503,      -7.468894331,      -3.571213209,               -32,      -3.914366755,       -1.86029823,      -6.526720769
          0,           0,        2504,      -7.468827788,      -3.572649473,               -32,       -3.91440566,      -1.861065016,      -6.526420049
          0,           0,        2505,      -7.469189334,         -3.574089,               -32,      -3.914463941,      -1.862024811,      -6.526111373
          0,           0,        2506,      -7.469363114,      -3.575534596,               -32,      -3.914525279,       -1.86289221,      -6.525795627
          0,           0,        2507,      -7.469752666,      -3.576983877,               -32,      -3.914599159,      -1.863860151,      -6.525473128
          0,           0,        2508,      -7.470187771,      -3.578434795,               -32,      -3.914698993,      -1.864805813,      -6.525143654
          0,           0,        2509,      -7.470230646,      -3.579893465,               -32,      -3.914782822,      -1.865629543,       -6.52480859
          0,           0,        2510,      -7.470578025,      -3.581355522,               -32,      -3.914880313,      -1.866598465,       -6.52446998
          0,           0,        2511,      -7.470823259,      -3.582822466,               -32,       -3.91498377,      -1.867514219,      -6.524129232
          0,           0,        2512,      -7.471216219,       -3.58429272,               -32,      -3.915098229,      -1.868498047,      -6.523784544
          0,           0,        2513,      -7.471657742,      -3.585764448,               -32,      -3.915234413,      -1.869472306,      -6.523438809
          0,           0,        2514,      -7.471804763,      -3.587242272,               -32,      -3.915361725,      -1.870351702,      -6.523090966
          0,           0,        2515,      -7.472152168,      -3.588723327,               -32,      -3.915498875,      -1.871332829,      -6.522738944
          0,           0,        2516,      -7.472457245,       -3.59020821,               -32,      -3.915643449,      -1.872289918,      -6.522383051
          0,           0,        2517,      -7.472864434,      -3.591695806,               -32,      -3.915798416,      -1.873292369,      -6.522023825
          0,           0,        2518,      -7.473307769,      -3.593184718,               -32,      -3.915970864,      -1.874290041,      -6.521661496
          0,           0,        2519,      -7.473548002,      -3.594678153,               -32,      -3.916140158,      -1.875220935,      -6.521296482
          0,           0,        2520,      -7.473908982,      -3.596174395,               -32,      -3.916317045,      -1.876218014,      -6.520928907
          0,           0,        2521,      -7.474265193,      -3.597673474,               -32,      -3.916501912,      -1.877210445,      -6.520559296
          0,           0,        2522,      -7.474692343,      -3.599174542,               -32,      -3.916696831,      -1.878232777,      -6.520188025
          0,           0,        2523,      -7.475140392,      -3.600676668,               -32,      -3.916905621,      -1.879251848,      -6.519816308
          0,           0,        2524,      -7.475460478,      -3.602181869,               -32,      -3.917115451,      -1.880228642,      -6.519444195
          0,           0,        2525,      -7.475846672,      -3.603689217,               -32,      -3.917331804,      -1.881245522,      -6.519071192
          0,           0,        2526,      -7.476247897,      -3.605198442,               -32,      -3.917556201,      -1.882268717,      -6.518697727
          0,           0,        2527,      -7.476698131,       -3.60670887,               -32,      -3.917790234,      -1.883311662,      -6.518324745
          0,           0,        2528,      -7.477158097,      -3.608219932,               -32,      -3.918035451,      -1.884352346,      -6.517955647
          0,           0,        2529,      -7.477545103,      -3.609732762,               -32,       -3.91828449,      -1.885369423,      -6.517588871
          0,           0,        2530,      -7.477965443,      -3.611246892,               -32,      -3.918539753,      -1.886409622,       -6.51722293
          0,           0,        2531,      -7.478407822,      -3.612761941,               -32,      -3.918802893,      -1.887460664,      -6.516858445
          0,           0,        2532,       -7.47888379,      -3.614277366,               -32,      -3.919075113,      -1.888525188,      -6.516495568
          0,           0,        2533,      -7.479364141,      -3.615792822,               -32,      -3.919356732,      -1.889588913,      -6.516133607
          0,           0,        2534,      -7.479807624,      -3.617308854,               -32,      -3.919643831,      -1.890641669,      -6.515772809
          0,           0,        2535,      -7.480267835,      -3.618825214,               -32,      -3.919937254,      -1.891707924,      -6.515415065
          0,           0,        2536,      -7.480749473,      -3.620341518,               -32,      -3.920238316,      -1.892785495,      -6.515059378
          0,           0,        2537,      -7.481254265,      -3.621857331,               -32,       -3.92054785,      -1.893872927,      -6.514705836
          0,           0,        2538,      -7.481762434,      -3.623372412,               -32,      -3.920865708,      -1.894961348,      -6.514355186
          0,           0,        2539,      -7.482255195,      -3.624886951,               -32,      -3.921189918,      -1.896046488,      -6.514007265
          0,           0,        2540,      -7.482757874,      -3.626400773,               -32,      -3.921520682,      -1.897140358,      -6.513662395
          0,           0,        2541,      -7.483278259,      -3.627913537,               -32,      -3.921858855,      -1.898244148,      -6.513320926
          0,           0,        2542,       -7.48381512,       -3.62942489,               -32,      -3.922204961,      -1.899355765,      -6.512984309
          0,           0,        2543,      -7.484356363,      -3.630934626,               -32,      -3.922558775,      -1.900469985,      -6.512653458
          0,           0,        2544,      -7.484893955,      -3.632442736,               -32,      -3.922919344,      -1.901585169,      -6.512330022
          0,           0,        2545,      -7.485439358,      -3.633949049,               -32,      -3.923286662,      -1.902706935,       -6.51201076
          0,           0,        2546,      -7.485998574,      -3.635453275,               -32,      -3.923661208,      -1.903836848,      -6.511697088
          0,           0,        2547,      -7.486570208,      -3.636955116,               -32,      -3.924043274,      -1.904973368,      -6.511389716
          0,           0,        2548,      -7.487147567,      -3.638454369,               -32,      -3.924432694,      -1.906113609,      -6.511091129
          0,           0,        2549,      -7.487727314,      -3.639950919,               -32,      -3.924829017,      -1.907256942,      -6.510799857
          0,           0,        2550,      -7.488314502,      -3.641444581,               -32,      -3.925232196,      -1.908405896,      -6.510514342
          0,           0,        2551,      -7.488912672,      -3.642935097,               -32,      -3.925642464,      -1.909561546,      -6.510234861
          0,           0,        2552,       -7.48952095,       -3.64442221,               -32,      -3.926059967,      -1.910723015,      -6.509961584
          0,           0,        2553,      -7.490135967,      -3.645905709,               -32,      -3.926484606,       -1.91188881,      -6.509694976
          0,           0,        2554,      -7.490756348,      -3.647385425,               -32,      -3.926916171,      -1.913058662,      -6.509436527
          0,           0,        2555,      -7.491384271,      -3.648861159,               -32,      -3.927354622,      -1.914233662,      -6.509184842
          0,           0,        2556,      -7.492021527,      -3.650332675,               -32,      -3.927800056,      -1.915414385,      -6.508940203
          0,           0,        2557,      -7.492667699,      -3.651799736,               -32,      -3.928252534,      -1.916600399,      -6.508702875
          0,           0,        2558,      -7.493321243,      -3.653262128,               -32,      -3.928712006,      -1.917790983,      -6.508473422
          0,           0,        2559,      -7.493981603,      -3.654719654,               -32,      -3.929178373,         -1.918986,      -6.508252627
          0,           0,        2560,      -7.494649699,      -3.656172109,               -32,      -3.929651606,      -1.920185892,      -6.508040182
          0,           0,        2561,      -7.495326357,      -3.657619267,               -32,      -3.930131739,       -1.92139092,      -6.507837921
          0,           0,        2562,      -7.496011421,      -3.659060904,               -32,      -3.930618793,      -1.922600886,      -6.507644356
          0,           0,        2563,      -7.496704249,      -3.660496805,               -32,       -3.93111274,      -1.923815457,      -6.507461576
          0,           0,        2564,      -7.497404633,      -3.661926765,               -32,      -3.931613534,      -1.925034552,      -6.507291176
          0,           0,        2565,      -7.498112957,      -3.663350573,               -32,      -3.932121155,      -1.926258327,      -6.507130355
          0,           0,        2566,      -7.498829582,      -3.664768013,               -32,       -3.93263561,      -1.927486879,       -6.50697961
          0,           0,        2567,      -7.499554467,      -3.666178869,               -32,      -3.933156902,      -1.928720109,      -6.506843535
          0,           0,        2568,      -7.500287374,      -3.667582929,               -32,      -3.933685016,       -1.92995786,      -6.506719736
          0,           0,        2569,      -7.501028235,      -3.668979987,               -32,      -3.934219927,      -1.931200072,      -6.506606105
          0,           0,        2570,      -7.501777208,      -3.670369836,               -32,      -3.934761623,      -1.932446779,      -6.506504428
          0,           0,        2571,      -7.502534447,      -3.671752265,               -32,        -3.9353101,      -1.933697993,      -6.506414461
          0,           0,        2572,       -7.50329995,      -3.673127067,               -32,      -3.935865355,      -1.934953648,      -6.506335333
          0,           0,        2573,      -7.504073636,      -3.674494038,               -32,      -3.936427378,      -1.936213655,      -6.506267757
          0,           0,        2574,      -7.504855488,      -3.675852975,               -32,      -3.936996155,      -1.937477956,      -6.506212317
          0,           0,        2575,      -7.505645568,      -3.677203679,               -32,      -3.937571677,      -1.938746527,      -6.506170439
          0,           0,        2576,      -7.506443935,      -3.678545949,               -32,      -3.938153939,      -1.940019338,      -6.506140152
          0,           0,        2577,      -7.507250595,      -3.679879587,               -32,      -3.938742934,      -1.941296327,      -6.506123172
          0,           0,        2578,      -7.508065524,      -3.681204399,               -32,      -3.939338654,      -1.942577423,      -6.506119442
          0,           0,        2579,      -7.508888715,      -3.682520192,               -32,      -3.939941092,      -1.943862565,      -6.506129962
          0,           0,        2580,      -7.509720194,      -3.683826777,               -32,      -3.940550241,      -1.945151702,       -6.50615335
          0,           0,        2581,      -7.510559985,      -3.685123966,               -32,      -3.941166093,      -1.946444782,      -6.506189602
          0,           0,        2582,      -7.511408091,      -3.686411574,               -32,      -3.941788644,      -1.947741742,      -6.506238511
          0,           0,        2583,       -7.51226451,      -3.687689419,               -32,      -3.942417887,      -1.949042514,      -6.506303246
          0,           0,        2584,      -7.513129246,      -3.688957323,               -32,      -3.943053816,      -1.950347034,      -6.506381069
          0,           0,        2585,      -7.514002311,      -3.690215109,               -32,      -3.943696425,      -1.951655242,      -6.506472365
          0,           0,        2586,      -7.514883721,      -3.691462607,               -32,      -3.944345708,      -1.952967077,      -6.506577848
          0,           0,        2587,      -7.515773488,      -3.692699646,               -32,      -3.945001661,      -1.954282476,      -6.506697335
          0,           0,        2588,      -7.516671619,      -3.693926061,               -32,      -3.945664278,      -1.955601373,      -6.506831229
          0,           0,        2589,      -7.517578129,      -3.695141691,               -32,      -3.946333553,      -1.956923706,      -6.506979182
          0,           0,        2590,      -7.518493032,      -3.696346378,               -32,      -3.947009482,      -1.958249413,      -6.507141273
          0,           0,        2591,      -7.519416349,      -3.697539969,               -32,      -3.947692059,      -1.959578431,      -6.507320028
          0,           0,        2592,      -7.520348098,      -3.698722312,               -32,       -3.94838128,      -1.960910699,      -6.507514417
          0,           0,        2593,      -7.521288294,      -3.699893263,               -32,      -3.949077139,      -1.962246152,      -6.507723253
          0,           0,        2594,      -7.522236957,      -3.701052681,               -32,      -3.949779632,      -1.963584729,      -6.507946673
          0,           0,        2595,      -7.523194107,      -3.702200428,               -32,      -3.950488754,      -1.964926366,      -6.508184807
          0,           0,        2596,      -7.524159764,      -3.703336372,               -32,      -3.951204501,      -1.966270998,      -6.508437783
          0,           0,        2597,      -7.525133945,      -3.704460385,               -32,      -3.951926867,      -1.967618561,      -6.508705805
          0,           0,        2598,      -7.526116667,      -3.705572345,               -32,      -3.952655848,      -1.968968986,      -6.508989829
          0,           0,        2599,      -7.527107945,      -3.706672134,               -32,      -3.953391439,      -1.970322207,      -6.509291483
          0,           0,        2600,      -7.528107794,      -3.707759638,               -32,      -3.954133635,      -1.971678153,      -6.509610004
          0,           0,        2601,      -7.529116225,      -3.708834749,               -32,      -3.954882432,      -1.973036751,      -6.509945266
          0,           0,        2602,      -7.530133247,      -3.709897364,               -32,      -3.955637825,      -1.974397928,      -6.510298705
          0,           0,        2603,      -7.531158865,      -3.710947386,               -32,      -3.956399808,      -1.975761606,      -6.510670325
          0,           0,        2604,      -7.532193083,      -3.711984723,               -32,      -3.957168376,      -1.977127707,        -6.5110612
          0,           0,        2605,      -7.533235899,      -3.713009287,               -32,      -3.957943524,      -1.978496149,      -6.511468305
          0,           0,        2606,      -7.534287311,      -3.714020998,               -32,      -3.958725247,      -1.979866848,      -6.511891586
          0,           0,        2607,      -7.535347311,      -3.715019779,               -32,      -3.959513539,      -1.981239717,      -6.512331156
          0,           0,        2608,       -7.53641589,       -3.71600556,               -32,      -3.960308394,      -1.982614667,      -6.512787095
          0,           0,        2609,      -7.537493035,      -3.716978277,               -32,      -3.961109806,      -1.983991608,      -6.513261516
          0,           0,        2610,       -7.53857873,      -3.717937872,               -32,      -3.961917768,      -1.985370447,      -6.513752755
          0,           0,        2611,      -7.539672957,      -3.718884291,               -32,      -3.962732274,      -1.986751089,      -6.514260686
          0,           0,        2612,      -7.540775695,      -3.719817488,               -32,      -3.963553317,      -1.988133437,       -6.51478553
          0,           0,        2613,      -7.541886921,      -3.720737421,               -32,       -3.96438089,      -1.989517395,       -6.51532991
          0,           0,        2614,      -7.543006613,      -3.721644055,               -32,      -3.965214985,      -1.990902862,      -6.515891839
          0,           0,        2615,      -7.544134743,      -3.722537363,               -32,      -3.966055594,      -1.992289739,      -6.516471101
          0,           0,        2616,      -7.545271286,      -3.723417319,               -32,      -3.966902708,      -1.993677927,      -6.517067674
          0,           0,        2617,      -7.546416213,      -3.724283908,               -32,       -3.96775632,      -1.995067322,      -6.517681621
          0,           0,        2618,      -7.547569498,      -3.725137119,               -32,       -3.96861642,      -1.996457826,      -6.518313245
          0,           0,        2619,      -7.548731112,      -3.725976946,               -32,      -3.969482998,      -1.997849335,      -6.518962571
          0,           0,        2620,      -7.549901027,      -3.726803391,               -32,      -3.970356045,      -1.999241749,      -6.519629497
          0,           0,        2621,      -7.551079214,      -3.727616461,               -32,       -3.97123555,      -2.000634965,      -6.520314201
          0,           0,        2622,      -7.552265647,       -3.72841617,               -32,      -3.972121502,      -2.002028884,      -6.521016714
          0,           0,        2623,      -7.553460296,      -3.729202536,               -32,      -3.973013892,      -2.003423402,       -6.52173706
          0,           0,        2624,      -7.554663135,      -3.729975586,               -32,      -3.973912706,       -2.00481842,      -6.522475317
          0,           0,        2625,      -7.555874135,       -3.73073535,               -32,      -3.974817933,      -2.006213836,      -6.523231571
          0,           0,        2626,       -7.55709327,      -3.731481865,               -32,      -3.975729561,      -2.007609548,      -6.524005895
          0,           0,        2627,      -7.558320511,      -3.732215175,               -32,      -3.976647576,      -2.009005456,      -6.524798357
          0,           0,        2628,       -7.55955583,      -3.732935329,               -32,      -3.977571966,      -2.010401457,       -6.52560902
          0,           0,        2629,      -7.560799197,      -3.733642382,               -32,      -3.978502716,       -2.01179745,      -6.526439631
          0,           0,        2630,      -7.562050584,      -3.734336394,               -32,      -3.979439813,      -2.013193332,      -6.527290047
          0,           0,        2631,      -7.563309957,      -3.735017431,               -32,      -3.980383242,      -2.014588998,      -6.528158851
          0,           0,        2632,      -7.564577285,      -3.735685566,               -32,      -3.981332987,      -2.015984346,      -6.529046172
          0,           0,        2633,      -7.565852532,      -3.736340875,               -32,      -3.982289033,      -2.017379268,      -6.529952313
          0,           0,        2634,      -7.567135663,      -3.736983442,               -32,      -3.983251363,      -2.018773659,      -6.530877241
          0,           0,        2635,      -7.568426637,      -3.737613356,               -32,      -3.984219962,       -2.02016741,      -6.531821845
          0,           0,        2636,      -7.569725412,      -3.738230709,               -32,      -3.985194811,      -2.021560412,      -6.532788655
          0,           0,        2637,      -7.571031946,      -3.738835601,               -32,      -3.986175894,      -2.022952554,      -6.533774184
          0,           0,        2638,      -7.572346189,      -3.739428136,               -32,      -3.987163192,      -2.024343722,      -6.534778449
          0,           0,        2639,      -7.573668093,      -3.740008423,               -32,      -3.988156686,      -2.025733804,      -6.535801482
          0,           0,        2640,      -7.574997603,      -3.740576575,               -32,      -3.989156356,      -2.027122683,      -6.536843307
          0,           0,        2641,      -7.576334664,      -3.741132712,               -32,      -3.990162184,      -2.028510242,      -6.537904061
          0,           0,        2642,      -7.577679215,      -3.741676958,               -32,      -3.991174148,      -2.029896363,      -6.538983811
          0,           0,        2643,      -7.579031194,       -3.74220944,               -32,      -3.992192228,      -2.031280926,      -6.540082582
          0,           0,        2644,      -7.580390538,      -3.742730292,               -32,      -3.993216401,      -2.032663811,      -6.541200315
          0,           0,        2645,      -7.581757179,      -3.743239651,               -32,      -3.994246646,      -2.034044897,      -6.542337054
          0,           0,        2646,      -7.583131046,      -3.743737657,               -32,      -3.995282939,       -2.03542406,      -6.543494061
          0,           0,        2647,      -7.584512067,      -3.744224457,               -32,      -3.996325257,      -2.036801179,      -6.544670471
          0,           0,        2648,      -7.585900169,      -3.744700201,               -32,      -3.997373576,       -2.03817613,      -6.545865805
          0,           0,        2649,      -7.587295276,      -3.745165041,               -32,      -3.998427871,       -2.03954879,      -6.547080066
          0,           0,        2650,       -7.58869731,      -3.745619135,               -32,      -3.999488115,      -2.040919036,      -6.548316213
          0,           0,        2651,      -7.590106194,      -3.746062643,               -32,      -4.000554284,      -2.042286745,      -6.549575223
          0,           0,        2652,      -7.591521846,      -3.746495732,               -32,      -4.001626349,      -2.043651796,      -6.550856761
          0,           0,        2653,      -7.592944186,      -3.746918567,               -32,      -4.002704284,      -2.045014065,      -6.552157545
          0,           0,        2654,      -7.594373133,       -3.74733132,               -32,      -4.003788059,      -2.046373433,      -6.553477545
          0,           0,        2655,      -7.595808604,      -3.747734166,               -32,      -4.004877646,      -2.047729778,      -6.554817473
          0,           0,        2656,      -7.597250516,      -3.748127281,               -32,      -4.005973014,      -2.049082981,      -6.556176389
          0,           0,        2657,      -7.598698785,      -3.748510845,               -32,      -4.007074134,      -2.050432924,      -6.557554326
          0,           0,        2658,      -7.600153327,       -3.74888504,               -32,      -4.008180972,       -2.05177949,      -6.558951263
          0,           0,        2659,      -7.601614059,      -3.749250052,               -32,      -4.009293498,      -2.053122562,      -6.560367179
          0,           0,        2660,      -7.603080895,      -3.749606069,               -32,      -4.010411678,      -2.054462024,      -6.561802131
          0,           0,        2661,       -7.60455375,      -3.749953279,               -32,      -4.011535478,      -2.055797765,      -6.563256366
          0,           0,        2662,      -7.606032539,      -3.750291875,               -32,      -4.012664863,      -2.057129669,      -6.564729764
          0,           0,        2663,      -7.607517177,      -3.750622051,               -32,      -4.013799798,      -2.058457626,      -6.566222057
          0,           0,        2664,      -7.609007575,      -3.750944002,               -32,      -4.014940247,      -2.059781526,      -6.567733441
          0,           0,        2665,      -7.610503649,      -3.751257925,               -32,      -4.016086172,       -2.06110126,      -6.569263727
          0,           0,        2666,      -7.612005311,       -3.75156402,               -32,      -4.017237535,      -2.062416718,      -6.570812856
          0,           0,        2667,      -7.613512474,      -3.751862486,               -32,      -4.018394298,      -2.063727795,      -6.572381469
          0,           0,        2668,      -7.615025048,      -3.752153525,               -32,      -4.019556419,      -2.065034384,      -6.573972842
          0,           0,        2669,      -7.616542947,       -3.75243734,               -32,      -4.020723858,      -2.066336383,      -6.575586014
          0,           0,        2670,       -7.61806608,      -3.752714134,               -32,      -4.021896574,      -2.067633686,      -6.577218466
          0,           0,        2671,      -7.619594358,      -3.752984113,               -32,      -4.023074524,      -2.068926194,       -6.57887004
          0,           0,        2672,      -7.621127692,      -3.753247481,               -32,      -4.024257663,      -2.070213805,      -6.580541172
          0,           0,        2673,       -7.62266599,      -3.753504444,               -32,      -4.025445947,      -2.071496421,      -6.582231129
          0,           0,        2674,      -7.624209163,      -3.753755209,               -32,      -4.026639331,      -2.072773944,      -6.583939789
          0,           0,        2675,      -7.625757118,      -3.753999983,               -32,      -4.027837767,      -2.074046279,      -6.585667594
          0,           0,        2676,      -7.627309765,      -3.754238972,               -32,      -4.029041208,      -2.075313331,      -6.587414048
          0,           0,        2677,      -7.628867011,      -3.754472384,               -32,      -4.030249605,      -2.076575008,      -6.589179435
          0,           0,        2678,      -7.630428763,      -3.754700427,               -32,      -4.031462907,      -2.077831219,      -6.590963704
          0,           0,        2679,       -7.63199493,      -3.754923307,               -32,      -4.032681064,      -2.079081875,      -6.592767582
          0,           0,        2680,      -7.633565418,      -3.755141231,               -32,      -4.033904023,      -2.080326889,      -6.594591473
          0,           0,        2681,      -7.635140135,      -3.755354406,               -32,      -4.035131731,      -2.081566176,      -6.596437095
          0,           0,        2682,      -7.636718988,      -3.755563038,               -32,      -4.036364132,      -2.082799654,      -6.598302582
          0,           0,        2683,      -7.638301881,      -3.755767334,               -32,      -4.037601172,      -2.084027239,      -6.600189603
          0,           0,        2684,      -7.639888721,      -3.755967497,               -32,      -4.038842792,      -2.085248855,      -6.602096603
          0,           0,        2685,      -7.641479414,      -3.756163733,               -32,      -4.040088934,      -2.086464424,      -6.604025786
          0,           0,        2686,      -7.643073865,      -3.756356246,               -32,      -4.041339539,      -2.087673871,      -6.605978081
          0,           0,        2687,      -7.644671978,      -3.756545237,               -32,      -4.042594545,      -2.088877124,       -6.60794954
          0,           0,        2688,      -7.646273659,      -3.756730909,               -32,       -4.04385389,      -2.090074112,      -6.609939588
          0,           0,        2689,      -7.647878809,      -3.756913462,               -32,       -4.04511751,      -2.091264768,      -6.611949347
          0,           0,        2690,      -7.649487333,      -3.757093097,               -32,      -4.046385338,      -2.092449025,      -6.613982269
          0,           0,        2691,      -7.651099133,      -3.757270011,               -32,      -4.047657309,       -2.09362682,      -6.616036411
          0,           0,        2692,       -7.65271411,      -3.757444402,               -32,      -4.048933354,      -2.094798091,       -6.61811057
          0,           0,        2693,      -7.654332164,      -3.757616465,               -32,      -4.050213403,      -2.095962778,      -6.620205211
          0,           0,        2694,      -7.655953194,      -3.757786394,               -32,      -4.051497383,      -2.097120824,      -6.622321058
          0,           0,        2695,      -7.657577101,      -3.757954384,               -32,      -4.052785223,      -2.098272174,      -6.624455928
          0,           0,        2696,      -7.659203779,      -3.758120623,               -32,      -4.054076846,      -2.099416775,      -6.626609519
          0,           0,        2697,      -7.660833126,      -3.758285304,               -32,      -4.055372177,      -2.100554576,      -6.628781723
          0,           0,        2698,      -7.662465036,      -3.758448612,               -32,      -4.056671137,      -2.101685528,      -6.630977274
          0,           0,        2699,      -7.664099404,      -3.758610735,               -32,      -4.057973646,      -2.102809583,      -6.633191316
          0,           0,        2700,      -7.665736122,      -3.758771857,               -32,      -4.059279622,      -2.103926699,      -6.635423653
          0,           0,        2701,      -7.667375081,       -3.75893216,               -32,       -4.06058898,      -2.105036831,      -6.637676251
          0,           0,        2702,      -7.669016171,      -3.759091825,               -32,      -4.061901636,       -2.10613994,      -6.639950185
          0,           0,        2703,      -7.670659282,      -3.759251032,               -32,      -4.063217502,      -2.107235987,      -6.642244562
          0,           0,        2704,        -7.6723043,      -3.759409956,               -32,      -4.064536489,      -2.108324936,      -6.644561679
          0,           0,        2705,      -7.673951112,      -3.759568772,               -32,      -4.065858503,      -2.109406753,      -6.646901999
          0,           0,        2706,      -7.675599603,      -3.759727654,               -32,      -4.067183454,      -2.110481405,      -6.649261102
          0,           0,        2707,      -7.677249657,      -3.759886771,               -32,      -4.068511243,      -2.111548862,      -6.651642918
          0,           0,        2708,      -7.678901158,      -3.760046292,               -32,      -4.069841775,      -2.112609097,      -6.654048526
          0,           0,        2709,      -7.680553987,      -3.760206383,               -32,      -4.071174949,      -2.113662085,      -6.656473121
          0,           0,        2710,      -7.682208023,      -3.760367209,               -32,      -4.072510664,        -2.1147078,      -6.658922432
          0,           0,        2711,      -7.683863149,      -3.760528931,               -32,      -4.073848815,      -2.115746223,      -6.661397157
          0,           0,        2712,      -7.685519241,      -3.760691709,               -32,      -4.075189297,      -2.116777333,      -6.663891732
          0,           0,        2713,      -7.687176177,      -3.760855701,               -32,      -4.076532001,      -2.117801115,      -6.666404687
          0,           0,        2714,      -7.688833835,       -3.76102106,               -32,      -4.077876816,      -2.118817552,      -6.668937626
          0,           0,        2715,      -7.690492086,      -3.761187941,               -32,       -4.07922363,      -2.119826631,      -6.671491671
          0,           0,        2716,      -7.692150807,      -3.761356494,               -32,      -4.080572328,      -2.120828342,      -6.674064057
          0,           0,        2717,      -7.693809869,      -3.761526866,               -32,      -4.081922793,      -2.121822675,      -6.676654972
          0,           0,        2718,      -7.695469142,      -3.761699203,               -32,      -4.083274904,      -2.122809623,      -6.679264551
          0,           0,        2719,      -7.697128495,       -3.76187365,               -32,      -4.084628542,       -2.12378918,      -6.681896968
          0,           0,        2720,      -7.698787798,      -3.762050346,               -32,       -4.08598358,      -2.124761344,      -6.684548215
          0,           0,        2721,      -7.700446916,      -3.762229431,               -32,      -4.087339893,      -2.125726113,      -6.687223617
          0,           0,        2722,      -7.702105715,      -3.762411041,               -32,      -4.088697352,      -2.126683488,      -6.689917271
          0,           0,        2723,      -7.703764057,       -3.76259531,               -32,      -4.090055826,      -2.127633471,      -6.692629086
          0,           0,        2724,      -7.705421802,      -3.762782368,               -32,      -4.091415181,      -2.128576067,        -6.6953591
          0,           0,        2725,       -7.70707881,      -3.762972346,               -32,      -4.092775283,       -2.12951128,      -6.698107194
          0,           0,        2726,      -7.708734937,      -3.763165369,               -32,      -4.094135992,      -2.130439119,      -6.700873851
          0,           0,        2727,      -7.710390037,      -3.763361563,               -32,      -4.095497168,      -2.131359592,      -6.703658073
          0,           0,        2728,      -7.712043965,      -3.763561048,               -32,      -4.096858669,       -2.13227271,      -6.706459808
          0,           0,        2729,      -7.713696569,      -3.763763944,               -32,       -4.09822035,      -2.133178487,       -6.70927922
          0,           0,        2730,      -7.715347697,      -3.763970369,               -32,      -4.099582063,      -2.134076935,      -6.712117491
          0,           0,        2731,      -7.716997195,      -3.764180438,               -32,       -4.10094366,      -2.134968071,      -6.714972958
          0,           0,        2732,      -7.718644907,      -3.764394261,               -32,      -4.102304987,      -2.135851911,      -6.717845787
          0,           0,        2733,      -7.720290673,       -3.76461195,               -32,      -4.103665892,      -2.136728475,      -6.720736389
          0,           0,        2734,      -7.721934334,      -3.764833611,               -32,      -4.105026217,      -2.137597783,      -6.723649157
          0,           0,        2735,      -7.723575725,       -3.76505935,               -32,      -4.106385805,      -2.138459859,      -6.726584131
          0,           0,        2736,       -7.72521468,      -3.765289271,               -32,      -4.107744494,      -2.139314724,      -6.729536628
          0,           0,        2737,      -7.726851032,      -3.765523472,               -32,      -4.109102123,      -2.140162404,      -6.732506066
          0,           0,        2738,      -7.728484612,      -3.765762053,               -32,      -4.110458526,      -2.141002928,      -6.735494285
