"Time_Iter","Outer_Iter","Inner_Iter",    "rms[Rho]"    ,    "rms[RhoU]"   ,    "rms[RhoV]"   ,    "rms[RhoE]"   ,    "RefForce"    ,       "CD"       ,       "CL"       ,       "CSF"      ,       "CMx"      ,       "CMy"      ,       "CMz"      ,       "CFx"      ,       "CFy"      ,       "CFz"      ,      "CEff"      
          0,           0,           0,       -6.19620129,      -6.194192652,      -6.803476186,      -5.599821276,             0.448,    0.001526131611,     0.08099407294,                 0,                 0,                 0,    -0.03321949479,   -0.000241107957,     0.08100809093,                 0,       53.07148635
          0,           0,           1,      -6.479237508,      -6.378189312,      -6.345101556,      -5.881907088,             0.448,    0.001270349074,     0.08091883643,                 0,                 0,                 0,    -0.03324070491,  -0.0004951883486,     0.08092729246,                 0,       63.69811109
          0,           0,           2,      -6.394617059,      -6.361219214,      -6.410193655,      -5.804492003,             0.448,    0.001225285628,     0.08101777013,                 0,                 0,                 0,    -0.03325881068,  -0.0005423992978,     0.08102521956,                 0,       66.12153792
          0,           0,           3,      -6.360639078,      -6.384652618,      -6.370248579,      -5.771862344,             0.448,    0.001226856275,     0.08091492642,                 0,                 0,                 0,    -0.03330097405,  -0.0005385855009,     0.08092243459,                 0,       65.95306073
          0,           0,           4,      -6.313331551,      -6.327715603,      -6.335659079,      -5.727571303,             0.448,    0.001198402535,     0.08076564505,                 0,                 0,                 0,    -0.03333842038,  -0.0005637759144,     0.08077256803,                 0,       67.39442109
          0,           0,           5,      -6.294383785,      -6.292068091,      -6.347552776,      -5.711827015,             0.448,    0.001177306861,     0.08069494553,                 0,                 0,                 0,    -0.03335998268,  -0.0005833242661,     0.08070142513,                 0,        68.5419819
          0,           0,           6,      -6.290612719,      -6.350408064,      -6.373357612,      -5.713128022,             0.448,    0.001166004343,     0.08062368568,                 0,                 0,                 0,    -0.03338920017,   -0.000593069569,     0.08062993568,                 0,        69.1452705
          0,           0,           7,      -6.281878779,      -6.332646649,      -6.365607312,      -5.705708091,             0.448,    0.001157337647,     0.08053280548,                 0,                 0,                 0,    -0.03341577616,  -0.0005997516606,     0.08053888804,                 0,       69.58453797
          0,           0,           8,       -6.27244518,      -6.310107367,       -6.37776365,      -5.697846102,             0.448,    0.001147822951,     0.08044818037,                 0,                 0,                 0,    -0.03343356265,  -0.0006074180059,     0.08045407551,                 0,       70.08762136
          0,           0,           9,      -6.279867134,      -6.355575341,      -6.402252386,        -5.7092388,             0.448,    0.001137591253,     0.08038142651,                 0,                 0,                 0,    -0.03344392121,  -0.0006161910415,     0.08038711433,                 0,        70.6593219
          0,           0,          10,      -6.283775194,      -6.403992715,      -6.434764585,      -5.715969599,             0.448,      0.0011284335,     0.08032577775,                 0,                 0,                 0,    -0.03345013937,  -0.0006241326432,     0.08033127904,                 0,       71.18343946
          0,           0,          11,      -6.289673256,      -6.428356198,      -6.451919364,      -5.724157735,             0.448,    0.001120285318,     0.08027402088,                 0,                 0,                 0,    -0.03345460382,  -0.0006311498162,     0.08027935673,                 0,       71.65497895
          0,           0,          12,      -6.294541355,      -6.443397535,      -6.465755915,      -5.730809268,             0.448,    0.001112359908,      0.0802248111,                 0,                 0,                 0,    -0.03345790658,  -0.0006379998342,     0.08022998577,                 0,       72.12127163
          0,           0,          13,      -6.301132763,      -6.463706177,      -6.481934605,      -5.737707593,             0.448,    0.001104624524,       0.080179912,                 0,                 0,                 0,    -0.03345960017,  -0.0006447539094,     0.08018492861,                 0,       72.58567077
          0,           0,          14,      -6.311421275,      -6.490010488,       -6.49638652,      -5.746898206,             0.448,    0.001097457961,     0.08014036274,                 0,                 0,                 0,    -0.03345957431,  -0.0006510560041,     0.08014523242,                 0,       73.02362878
          0,           0,          15,      -6.320763187,      -6.513729901,       -6.51189895,       -5.75491635,             0.448,    0.001091064304,     0.08010525399,                 0,                 0,                 0,    -0.03345856015,  -0.0006566822464,     0.08010999255,                 0,       73.41937016
          0,           0,          16,      -6.328352742,      -6.528314194,      -6.530685139,      -5.762345285,             0.448,    0.001085382186,     0.08007328665,                 0,                 0,                 0,    -0.03345727559,  -0.0006616656478,     0.08007790886,                 0,       73.77427754
          0,           0,          17,      -6.336607551,      -6.533134117,      -6.551683186,       -5.77170048,             0.448,    0.001080269488,     0.08004393734,                 0,                 0,                 0,    -0.03345588049,  -0.0006661368776,     0.08004845501,                 0,       74.09626785
          0,           0,          18,      -6.347247612,      -6.531901007,      -6.574479547,      -5.783847152,             0.448,     0.00107566247,     0.08001711358,                 0,                 0,                 0,    -0.03345429778,  -0.0006701576422,     0.08002153712,                 0,       74.38868216
          0,           0,          19,      -6.360696009,      -6.530040447,      -6.600316258,      -5.798500273,             0.448,    0.001071604547,     0.07999262444,                 0,                 0,                 0,    -0.03345254807,  -0.0006736803716,     0.07999696529,                 0,       74.64752241
          0,           0,          20,      -6.376441519,      -6.532125864,      -6.630258403,      -5.815013766,             0.448,    0.001068189919,     0.07997013561,                 0,                 0,                 0,    -0.03345075303,  -0.0006766035962,     0.07997440732,                 0,       74.86509114
          0,           0,          21,      -6.393545786,      -6.540254209,      -6.663674723,       -5.83266552,             0.448,    0.001065507253,     0.07994927041,                 0,                 0,                 0,    -0.03344904078,  -0.0006788304515,     0.07995348857,                 0,       75.03399924
          0,           0,          22,      -6.411104689,      -6.553943903,      -6.697965114,      -5.850729987,             0.448,    0.001063624102,     0.07992968093,                 0,                 0,                 0,    -0.03344751211,  -0.0006802858123,     0.07993386267,                 0,        75.1484296
          0,           0,          23,      -6.428498973,      -6.571241477,      -6.729710831,      -5.868556318,             0.448,    0.001062589153,     0.07991112454,                 0,                 0,                 0,    -0.03344624897,   -0.000680915709,     0.07991528811,                 0,       75.20415985
          0,           0,          24,      -6.445449893,      -6.590175196,      -6.756527421,       -5.88571914,             0.448,    0.001062425098,     0.07989342693,                 0,                 0,                 0,    -0.03344533303,  -0.0006806936537,     0.07989759114,                 0,        75.1991148
          0,           0,          25,        -6.4619629,      -6.609746846,      -6.778151602,      -5.902148142,             0.448,    0.001063115698,     0.07987641411,                 0,                 0,                 0,    -0.03344484436,  -0.0006796320858,     0.07988059744,                 0,       75.13426269
          0,           0,          26,        -6.4781831,      -6.630181143,       -6.79622359,      -5.918074028,             0.448,    0.001064602976,     0.07985990741,                 0,                 0,                 0,    -0.03344483984,  -0.0006777850697,      0.0798641271,                 0,       75.01379313
          0,           0,          27,       -6.49426218,      -6.652573226,      -6.813400798,       -5.93384816,             0.448,    0.001066789145,     0.07984373828,                 0,                 0,                 0,    -0.03344534144,  -0.0006752466935,     0.07984800952,                 0,        74.8449107
          0,           0,          28,      -6.510347488,      -6.678246799,       -6.83244722,      -5.949833302,             0.448,    0.001069542509,     0.07982776118,                 0,                 0,                 0,     -0.0334463388,  -0.0006721454462,     0.07983209628,                 0,       74.63729635
          0,           0,          29,      -6.526577859,      -6.708173803,      -6.855399992,      -5.966309082,             0.448,    0.001072708925,     0.07981185418,                 0,                 0,                 0,    -0.03344779679,  -0.0006686327735,     0.07981626214,                 0,       74.40215354
          0,           0,          30,      -6.543093969,      -6.742634096,      -6.882916985,      -5.983435488,             0.448,     0.00107612399,     0.07979591605,                 0,                 0,                 0,    -0.03344966252,  -0.0006648708328,      0.0798004023,                 0,       74.15122864
          0,           0,          31,      -6.559979636,      -6.781036309,      -6.914050557,      -6.001189924,             0.448,    0.001079626136,     0.07977986467,                 0,                 0,                 0,    -0.03345187369,  -0.0006610193615,     0.07978443114,                 0,        73.8958256
          0,           0,          32,      -6.577246674,       -6.82184501,      -6.946547371,      -6.019403028,             0.448,    0.001083073946,     0.07976366575,                 0,                 0,                 0,    -0.03345435147,  -0.0006572189944,     0.07976831129,                 0,       73.64563245
          0,           0,          33,      -6.594804688,      -6.862748623,      -6.977600891,      -6.037798597,             0.448,    0.001086343255,     0.07974727568,                 0,                 0,                 0,     -0.0334570278,  -0.0006535929159,     0.07975199644,                 0,       73.40891132
          0,           0,          34,      -6.612484695,      -6.901286635,       -7.00497781,      -6.056085272,             0.448,     0.00108933043,     0.07973068292,                 0,                 0,                 0,    -0.03345982949,  -0.0006502444832,     0.07973547279,                 0,       73.19237649
          0,           0,          35,      -6.630108486,      -6.935818899,      -7.028017387,      -6.074063707,             0.448,    0.001091950991,     0.07971392356,                 0,                 0,                 0,    -0.03346267461,  -0.0006472589414,     0.07971877459,                 0,       73.00137477
          0,           0,          36,      -6.647548787,      -6.966259793,      -7.047784569,      -6.091677131,             0.448,    0.001094137463,     0.07969706355,                 0,                 0,                 0,    -0.03346548537,  -0.0006447051908,     0.07970196629,                 0,       72.84008292
          0,           0,          37,      -6.664764947,      -6.993974674,      -7.066285781,      -6.109003624,             0.448,    0.001095845034,     0.07968020439,                 0,                 0,                 0,      -0.033468185,  -0.0006426302458,      0.0796851484,                 0,       72.71119722
          0,           0,          38,      -6.681828212,      -7.020985743,      -7.085366632,      -6.126228076,             0.448,    0.001097050147,     0.07966345524,                 0,                 0,                 0,    -0.03347071068,  -0.0006410600382,     0.07966842951,                 0,       72.61605627
          0,           0,          39,      -6.698817526,      -7.049116121,      -7.106118209,      -6.143495989,             0.448,    0.001097755677,     0.07964695101,                 0,                 0,                 0,    -0.03347300669,  -0.0006399946387,     0.07965194461,                 0,       72.55435127
          0,           0,          40,      -6.715823855,      -7.079518281,      -7.128728845,      -6.160910837,             0.448,    0.001097989186,       0.079630838,                 0,                 0,                 0,    -0.03347502664,  -0.0006394096817,     0.07963584053,                 0,       72.52424614
          0,           0,          41,      -6.732969719,      -7.112598535,      -7.152585173,      -6.178571338,             0.448,    0.001097797039,     0.07961523859,                 0,                 0,                 0,    -0.03347674284,  -0.0006392614842,     0.07962024064,                 0,       72.52273033
          0,           0,          42,       -6.75033798,       -7.14812488,      -7.176633548,       -6.19650849,             0.448,    0.001097242869,     0.07960027604,                 0,                 0,                 0,    -0.03347813358,  -0.0006394891154,     0.07960526956,                 0,       72.54572189
          0,           0,          43,      -6.767946882,      -7.185390166,      -7.199765241,      -6.214680376,             0.448,     0.00109640081,     0.07958605576,                 0,                 0,                 0,    -0.03347918899,    -0.00064002076,     0.07959103429,                 0,       72.58846856
          0,           0,          44,      -6.785738853,      -7.223335919,      -7.221283184,      -6.232974437,             0.448,    0.001095349628,     0.07957265607,                 0,                 0,                 0,    -0.03347991342,  -0.0006407793792,     0.07957761486,                 0,        72.6458968
          0,           0,          45,      -6.803592851,      -7.260684354,      -7.241085859,      -6.251226752,             0.448,    0.001094168355,     0.07956013608,                 0,                 0,                 0,    -0.03348031954,  -0.0006416872497,     0.07956507207,                 0,       72.71288348
          0,           0,          46,      -6.821318424,      -7.296076037,        -7.2595642,      -6.269217991,             0.448,    0.001092931549,     0.07954852902,                 0,                 0,                 0,    -0.03348042988,   -0.000642670554,      0.0795534408,                 0,       72.78454819
          0,           0,          47,      -6.838697499,      -7.328309083,      -7.277315555,      -6.286720637,             0.448,    0.001091705767,     0.07953783993,                 0,                 0,                 0,    -0.03348027572,  -0.0006436628631,     0.07954272751,                 0,       72.85648049
          0,           0,          48,      -6.855576049,      -7.356684875,      -7.294926387,      -6.303591329,             0.448,    0.001090549899,      0.0795280694,                 0,                 0,                 0,    -0.03347988869,  -0.0006446053131,     0.07953293409,                 0,       72.92474142
          0,           0,          49,      -6.871818719,      -7.381187893,      -7.312768897,      -6.319718626,             0.448,    0.001089510886,     0.07951918934,                 0,                 0,                 0,    -0.03347931049,  -0.0006454503616,     0.07952403348,                 0,       72.98613567
          0,           0,          50,      -6.887374272,      -7.402514716,      -7.330908083,      -6.335098399,             0.448,    0.001088624708,     0.07951116968,                 0,                 0,                 0,     -0.0334785814,  -0.0006461613808,      0.0795159964,                 0,       73.03818212
          0,           0,          51,      -6.902313278,      -7.421770071,      -7.349180524,      -6.349854753,             0.448,    0.001087914717,     0.07950396539,                 0,                 0,                 0,    -0.03347774398,  -0.0006467140417,     0.07950877833,                 0,       73.07922591
          0,           0,          52,       -6.91683485,      -7.440109421,      -7.367377984,      -6.364229854,             0.448,    0.001087391377,      0.0794975118,                 0,                 0,                 0,    -0.03347684376,  -0.0006470964731,     0.07950231486,                 0,       73.10846258
          0,           0,          53,      -6.931235273,      -7.458521986,      -7.385306494,      -6.378551335,             0.448,    0.001087055435,      0.0794917471,                 0,                 0,                 0,    -0.03347591923,  -0.0006473065789,     0.07949654421,                 0,       73.12575287
          0,           0,          54,      -6.945749631,      -7.477645255,       -7.40289936,      -6.393068144,             0.448,    0.001086896665,     0.07948659607,                 0,                 0,                 0,    -0.03347500965,  -0.0006473529415,     0.07949139093,                 0,       73.13169558
          0,           0,          55,      -6.960613649,      -7.497801088,      -7.420106442,      -6.408027917,             0.448,    0.001086896205,     0.07948197688,                 0,                 0,                 0,    -0.03347415209,  -0.0006472526346,     0.07948677284,                 0,       73.12747666
          0,           0,          56,      -6.976048759,      -7.518986622,      -7.436948235,      -6.423648175,             0.448,    0.001087029133,     0.07947780687,                 0,                 0,                 0,    -0.03347337836,  -0.0006470287697,     0.07948260672,                 0,       73.11469806
          0,           0,          57,      -6.992215753,       -7.54101752,      -7.453638451,      -6.440072133,             0.448,    0.001087268064,      0.0794740113,                 0,                 0,                 0,    -0.03347271063,  -0.0006467070965,     0.07947881727,                 0,       73.09513997
          0,           0,          58,      -7.009195271,      -7.563657413,      -7.470484169,      -6.457353538,             0.448,    0.001087584228,     0.07947051793,                 0,                 0,                 0,    -0.03347216508,  -0.0006463148004,     0.07947533163,                 0,       73.07067896
          0,           0,          59,      -7.026973531,      -7.586682042,      -7.487749862,      -6.475453071,             0.448,    0.001087949598,     0.07946726129,                 0,                 0,                 0,    -0.03347175144,  -0.0006458784735,     0.07947208373,                 0,       73.04314596
          0,           0,          60,      -7.045456028,      -7.609901089,      -7.505598886,      -6.494254524,             0.448,    0.001088338008,     0.07946417965,                 0,                 0,                 0,     -0.0334714753,  -0.0006454229302,     0.07946901129,                 0,       73.01424654
          0,           0,          61,      -7.064489576,      -7.633199239,      -7.524135106,      -6.513584405,             0.448,    0.001088725931,     0.07946121665,                 0,                 0,                 0,    -0.03347133838,  -0.0006449704624,     0.07946605746,                 0,       72.98550939
          0,           0,          62,      -7.083854397,      -7.656572442,       -7.54345071,      -6.533200878,             0.448,      0.0010890925,     0.07945831623,                 0,                 0,                 0,    -0.03347134117,  -0.0006445407082,     0.07946316573,                 0,       72.95828062
          0,           0,          63,      -7.103316753,      -7.680094359,      -7.563697861,      -6.552855553,             0.448,    0.001089422392,     0.07945544673,                 0,                 0,                 0,    -0.03347147413,  -0.0006441482972,     0.07946030411,                 0,       72.93355391
          0,           0,          64,      -7.122631107,      -7.703815214,      -7.585041082,      -6.572295184,             0.448,       0.001089705,     0.07945258561,                 0,                 0,                 0,    -0.03347172421,   -0.000643803341,     0.07945744984,                 0,       72.91201344
          0,           0,          65,      -7.141586164,      -7.727800911,      -7.607423335,      -6.591302588,             0.448,    0.001089932899,     0.07944971467,                 0,                 0,                 0,    -0.03347207776,  -0.0006435128667,     0.07945458455,                 0,       72.89413387
          0,           0,          66,      -7.160002693,      -7.751987539,      -7.630543151,      -6.609697852,             0.448,    0.001090101429,     0.07944681435,                 0,                 0,                 0,    -0.03347252242,  -0.0006432811065,      0.0794516886,                 0,        72.8802038
          0,           0,          67,      -7.177771599,      -7.776063855,      -7.653908088,      -6.627384664,             0.448,    0.001090210759,     0.07944388445,                 0,                 0,                 0,    -0.03347303988,  -0.0006431078877,     0.07944876178,                 0,       72.87020771
          0,           0,          68,      -7.194827117,      -7.799618298,      -7.676992607,      -6.644306755,             0.448,    0.001090263768,     0.07944092955,                 0,                 0,                 0,    -0.03347361158,  -0.0006429904305,     0.07944580874,                 0,       72.86395447
          0,           0,          69,      -7.211199059,      -7.822299161,      -7.699350556,      -6.660507544,             0.448,    0.001090264586,     0.07943795029,                 0,                 0,                 0,    -0.03347422251,    -0.00064292462,     0.07944283021,                 0,       72.86116717
          0,           0,          70,       -7.22697974,      -7.843862495,       -7.72069728,      -6.676089932,             0.448,    0.001090219244,     0.07943495014,                 0,                 0,                 0,    -0.03347485835,  -0.0006429045034,     0.07943982979,                 0,       72.86144558
          0,           0,          71,      -7.242293556,      -7.864196455,      -7.740689465,       -6.69119638,             0.448,    0.001090135525,     0.07943193829,                 0,                 0,                 0,     -0.0334755042,  -0.0006429224996,     0.07943681682,                 0,       72.86427831
          0,           0,          72,      -7.257294624,      -7.883290816,      -7.759046955,         -6.705996,             0.448,    0.001090022992,      0.0794289368,                 0,                 0,                 0,    -0.03347614238,  -0.0006429695288,     0.07943381359,                 0,       72.86904716
          0,           0,          73,      -7.272174492,      -7.901266734,      -7.775522988,      -6.720686039,             0.448,    0.001089890162,     0.07942595951,                 0,                 0,                 0,    -0.03347676112,   -0.000643037378,     0.07943083411,                 0,       72.87519632
          0,           0,          74,      -7.287081135,      -7.918291434,      -7.790009943,      -6.735416956,             0.448,    0.001089745307,     0.07942301926,                 0,                 0,                 0,    -0.03347735077,  -0.0006431180574,      0.0794278914,                 0,        72.8821852
          0,           0,          75,      -7.302126739,      -7.934583007,      -7.802624526,      -6.750301493,             0.448,      0.0010895967,     0.07942013324,                 0,                 0,                 0,    -0.03347790176,   -0.000643203671,     0.07942500283,                 0,       72.88947669
          0,           0,          76,      -7.317390245,      -7.950417098,      -7.813770913,      -6.765413274,             0.448,    0.001089451377,      0.0794173153,                 0,                 0,                 0,    -0.03347840783,  -0.0006432874856,     0.07942218239,                 0,       72.89661288
          0,           0,          77,      -7.332967254,      -7.966138936,      -7.823949143,      -6.780846861,             0.448,    0.001089316023,      0.0794145865,                 0,                 0,                 0,    -0.03347886183,  -0.0006433632791,     0.07941945128,                 0,       72.90316567
          0,           0,          78,      -7.348893727,      -7.982052671,       -7.83377974,      -6.796630656,             0.448,    0.001089195339,     0.07941196103,                 0,                 0,                 0,     -0.0334792605,    -0.00064342666,     0.07941682381,                 0,       72.90883294
          0,           0,          79,      -7.365160742,      -7.998255485,      -7.843852387,      -6.812750529,             0.448,    0.001089092662,     0.07940945045,                 0,                 0,                 0,     -0.0334796024,  -0.0006434745448,     0.07941431158,                 0,       72.91340142
          0,           0,          80,      -7.381728032,      -8.014792517,      -7.854707349,      -6.829162456,             0.448,    0.001089010103,     0.07940706426,                 0,                 0,                 0,    -0.03347988745,  -0.0006435050295,     0.07941192416,                 0,        72.9167379
          0,           0,          81,      -7.398538596,      -8.031686032,      -7.866800748,      -6.845807767,             0.448,    0.001088948285,     0.07940480796,                 0,                 0,                 0,    -0.03348011774,  -0.0006435176126,     0.07940966705,                 0,       72.91880532
          0,           0,          82,      -7.415516555,      -8.048904041,      -7.880466751,      -6.862612344,             0.448,    0.001088906771,     0.07940268478,                 0,                 0,                 0,    -0.03348029633,  -0.0006435127988,     0.07940754347,                 0,       72.91963542
          0,           0,          83,      -7.432576804,      -8.066359669,       -7.89592088,      -6.879497863,             0.448,    0.001088884459,     0.07940069476,                 0,                 0,                 0,    -0.03348042752,  -0.0006434916942,     0.07940555344,                 0,       72.91930207
          0,           0,          84,      -7.449638837,      -8.083928411,       -7.91321849,      -6.896395271,             0.448,    0.001088879401,     0.07939883596,                 0,                 0,                 0,    -0.03348051626,  -0.0006434562013,     0.07940369496,                 0,       72.91793371
          0,           0,          85,      -7.466627942,      -8.101490812,       -7.93228199,      -6.913241187,             0.448,    0.001088889209,      0.0793971049,                 0,                 0,                 0,    -0.03348056776,  -0.0006434086321,     0.07940196453,                 0,       72.91568712
          0,           0,          86,      -7.483482444,      -8.118945882,      -7.952987901,      -6.929983635,             0.448,    0.001088910956,     0.07939549434,                 0,                 0,                 0,    -0.03348058822,  -0.0006433517562,     0.07940035483,                 0,       72.91275184
          0,           0,          87,      -7.500161971,      -8.136222007,      -7.975118926,      -6.946591224,             0.448,     0.00108894228,     0.07939400011,                 0,                 0,                 0,    -0.03348058234,  -0.0006432878432,     0.07939886164,                 0,       72.90928228
          0,           0,          88,      -7.516626965,      -8.153298868,      -7.998384529,      -6.963032196,             0.448,    0.001088980796,     0.07939261691,                 0,                 0,                 0,    -0.03348055467,  -0.0006432191627,      0.0793974796,                 0,       72.90543343
          0,           0,          89,      -7.532847489,      -8.170112195,      -8.022448284,      -6.979283142,             0.448,    0.001089024046,     0.07939133734,                 0,                 0,                 0,    -0.03348051015,  -0.0006431480089,     0.07939620129,                 0,       72.90136303
          0,           0,          90,      -7.548810161,      -8.186642336,      -8.046945232,      -6.995332067,             0.448,    0.001089069977,     0.07939015446,                 0,                 0,                 0,     -0.0334804529,  -0.0006430762842,     0.07939501969,                 0,        72.8972023
          0,           0,          91,      -7.564518005,      -8.202886772,      -8.071487176,      -7.011180016,             0.448,    0.001089116763,     0.07938906082,                 0,                 0,                 0,    -0.03348038682,   -0.000643005652,     0.07939392733,                 0,       72.89306666
          0,           0,          92,       -7.57997407,      -8.218815821,      -8.095657193,        -7.0268259,             0.448,    0.001089162824,     0.07938804884,                 0,                 0,                 0,    -0.03348031544,  -0.0006429375257,      0.0793929166,                 0,       72.88905486
          0,           0,          93,      -7.595183536,      -8.234389829,      -8.119024942,      -7.042269783,             0.448,     0.00108920697,     0.07938711132,                 0,                 0,                 0,     -0.0334802417,   -0.000642872938,     0.07939198026,                 0,       72.88523988
          0,           0,          94,      -7.610159143,      -8.249579233,       -8.14121079,      -7.057518009,             0.448,    0.001089248273,     0.07938624061,                 0,                 0,                 0,    -0.03348016828,  -0.0006428126505,     0.07939111066,                 0,        72.8816768
          0,           0,          95,      -7.624918559,      -8.264379931,      -8.161980282,      -7.072579234,             0.448,    0.001089286184,     0.07938543049,                 0,                 0,                 0,    -0.03348009698,  -0.0006427570762,     0.07939030156,                 0,       72.87839657
          0,           0,          96,      -7.639483069,      -8.278838148,      -8.181226763,      -7.087467972,             0.448,    0.001089320565,     0.07938467728,                 0,                 0,                 0,    -0.03348002835,  -0.0006427062724,     0.07938954928,                 0,       72.87540495
          0,           0,          97,      -7.653863736,      -8.292998034,      -8.198988846,      -7.102189323,             0.448,    0.001089351334,     0.07938397535,                 0,                 0,                 0,    -0.03347996359,  -0.0006426601982,     0.07938884818,                 0,       72.87270221
          0,           0,          98,      -7.668077106,      -8.306948206,      -8.215448968,       -7.11675259,             0.448,    0.001089378799,     0.07938332172,                 0,                 0,                 0,    -0.03347990251,  -0.0006426184802,     0.07938819532,                 0,       72.87026493
          0,           0,          99,      -7.682146847,      -8.320812083,      -8.230817036,      -7.131174675,             0.448,    0.001089403176,      0.0793827129,                 0,                 0,                 0,    -0.03347984518,  -0.0006425808278,     0.07938758717,                 0,        72.8680755
          0,           0,         100,      -7.696082248,      -8.334717308,       -8.24531356,      -7.145456903,             0.448,     0.00108942474,     0.07938214572,                 0,                 0,                 0,    -0.03347979154,  -0.0006425468962,     0.07938702059,                 0,       72.86611254
          0,           0,         101,      -7.709889162,      -8.348785149,      -8.259147077,      -7.159597451,             0.448,    0.001089443885,     0.07938161811,                 0,                 0,                 0,    -0.03347974099,  -0.0006425162463,     0.07938649353,                 0,       72.86434778
          0,           0,         102,      -7.723574544,      -8.363127471,      -8.272499758,      -7.173595436,             0.448,     0.00108946101,     0.07938112847,                 0,                 0,                 0,    -0.03347969284,  -0.0006424884438,     0.07938600438,                 0,         72.862753
          0,           0,         103,      -7.737145228,      -8.377842338,      -8.285526129,      -7.187449197,             0.448,    0.001089476483,     0.07938067546,                 0,                 0,                 0,    -0.03347964636,   -0.000642463092,     0.07938555182,                 0,       72.86130237
          0,           0,         104,      -7.750606529,      -8.393006604,      -8.298349353,      -7.201155525,             0.448,    0.001089490633,     0.07938025809,                 0,                 0,                 0,    -0.03347960079,   -0.000642439841,     0.07938513486,                 0,       72.85997302
          0,           0,         105,      -7.763962391,      -8.408666396,      -8.311052321,      -7.214710791,             0.448,    0.001089503732,     0.07937987559,                 0,                 0,                 0,    -0.03347955539,     -0.0006424184,     0.07938475273,                 0,       72.85874589
          0,           0,         106,      -7.777217434,      -8.424833125,      -8.323675866,      -7.228113575,             0.448,    0.001089515937,     0.07937952685,                 0,                 0,                 0,    -0.03347950966,  -0.0006423985907,     0.07938440434,                 0,       72.85760966
          0,           0,         107,      -7.790378516,      -8.441479217,      -8.336234597,      -7.241366384,             0.448,    0.001089527414,     0.07937921139,                 0,                 0,                 0,      -0.033479463,   -0.000642380235,     0.07938408921,                 0,       72.85655266
          0,           0,         108,      -7.803452175,      -8.458558506,      -8.348724731,      -7.254473007,             0.448,    0.001089538331,     0.07937892913,                 0,                 0,                 0,    -0.03347941472,  -0.0006423631628,     0.07938380725,                 0,       72.85556357
          0,           0,         109,      -7.816448925,      -8.475994877,      -8.361143623,      -7.267443865,             0.448,    0.001089548764,     0.07937867965,                 0,                 0,                 0,    -0.03347936441,  -0.0006423472895,     0.07938355806,                 0,       72.85463693
          0,           0,         110,      -7.829382504,      -8.493686512,      -8.373500097,      -7.280295558,             0.448,    0.001089558741,     0.07937846243,                 0,                 0,                 0,    -0.03347931181,  -0.0006423325765,     0.07938334111,                 0,       72.85377046
          0,           0,         111,      -7.842268339,      -8.511526335,      -8.385813681,      -7.293048966,             0.448,    0.001089568257,     0.07937827684,                 0,                 0,                 0,    -0.03347925675,  -0.0006423190145,     0.07938315577,                 0,       72.85296386
          0,           0,         112,      -7.855121876,      -8.529413779,      -8.398113245,      -7.305726802,             0.448,    0.001089577284,     0.07937812214,                 0,                 0,                 0,    -0.03347919922,  -0.0006423066145,      0.0793830013,                 0,       72.85221828
          0,           0,         113,      -7.867957342,      -8.547259221,      -8.410433863,      -7.318351917,             0.448,    0.001089585784,     0.07937799748,                 0,                 0,                 0,    -0.03347913927,  -0.0006422953968,     0.07938287686,                 0,       72.85153552
          0,           0,         114,      -7.880786966,       -8.56498586,      -8.422809538,      -7.330946236,             0.448,    0.001089593715,     0.07937790189,                 0,                 0,                 0,    -0.03347907706,  -0.0006422853823,     0.07938278146,                 0,       72.85091752
          0,           0,         115,       -7.89362036,      -8.582532159,      -8.435265822,      -7.343529533,             0.448,    0.001089601039,     0.07937783423,                 0,                 0,                 0,    -0.03347901277,  -0.0006422765843,     0.07938271398,                 0,       72.85036575
          0,           0,         116,      -7.906462566,      -8.599853207,      -8.447814374,       -7.35611664,             0.448,    0.001089607753,     0.07937779349,                 0,                 0,                 0,     -0.0334789466,  -0.0006422689837,      0.0793826734,                 0,        72.8498795
          0,           0,         117,      -7.919319258,      -8.616917499,      -8.460450464,      -7.368722982,             0.448,    0.001089613805,     0.07937777817,                 0,                 0,                 0,    -0.03347887895,  -0.0006422625988,      0.0793826582,                 0,       72.84946081
          0,           0,         118,      -7.932192417,      -8.633708618,      -8.473176612,      -7.381358523,             0.448,    0.001089619171,     0.07937778675,                 0,                 0,                 0,    -0.03347881018,  -0.0006422574209,     0.07938266691,                 0,       72.84910989
          0,           0,         119,      -7.945082558,      -8.650230022,      -8.485988806,      -7.394030572,             0.448,    0.001089623876,     0.07937781789,                 0,                 0,                 0,    -0.03347874059,  -0.0006422533965,     0.07938269814,                 0,       72.84882393
          0,           0,         120,      -7.957988272,      -8.666500661,      -8.498870416,      -7.406743406,             0.448,    0.001089627952,     0.07937787013,                 0,                 0,                 0,    -0.03347867046,  -0.0006422504608,     0.07938275046,                 0,       72.84859934
          0,           0,         121,       -7.97090732,      -8.682548417,      -8.511792309,      -7.419499172,             0.448,    0.001089631442,       0.079377942,                 0,                 0,                 0,    -0.03347860011,  -0.0006422485395,     0.07938282238,                 0,       72.84843198
          0,           0,         122,      -7.983837741,      -8.698405983,      -8.524717761,      -7.432298885,             0.448,    0.001089634402,     0.07937803202,                 0,                 0,                 0,     -0.0334785298,   -0.000642247544,     0.07938291244,                 0,        72.8483167
          0,           0,         123,      -7.996778335,      -8.714109686,      -8.537607949,      -7.445143085,             0.448,      0.0010896369,     0.07937813878,                 0,                 0,                 0,    -0.03347845976,  -0.0006422473753,     0.07938301923,                 0,       72.84824765
          0,           0,         124,      -8.009729025,       -8.72969928,      -8.550426273,       -7.45803243,             0.448,    0.001089639011,     0.07937826091,                 0,                 0,                 0,    -0.03347839019,  -0.0006422479298,     0.07938314138,                 0,       72.84821865
          0,           0,         125,      -8.022691083,      -8.745217029,      -8.563141579,      -7.470968076,             0.448,    0.001089640809,      0.0793783971,                 0,                 0,                 0,    -0.03347832124,  -0.0006422491031,     0.07938327758,                 0,       72.84822343
          0,           0,         126,      -8.035667083,      -8.760705882,      -8.575730339,      -7.483951765,             0.448,     0.00108964237,     0.07937854611,                 0,                 0,                 0,    -0.03347825304,  -0.0006422507934,     0.07938342659,                 0,       72.84825584
          0,           0,         127,      -8.048660606,      -8.776207493,      -8.588177576,      -7.496985701,             0.448,    0.001089643762,     0.07937870677,                 0,                 0,                 0,    -0.03347818568,  -0.0006422529063,     0.07938358725,                 0,        72.8483102
          0,           0,         128,      -8.061675934,      -8.791760138,      -8.600476762,      -7.510072406,             0.448,    0.001089645049,       0.079378878,                 0,                 0,                 0,    -0.03347811923,  -0.0006422553546,     0.07938375846,                 0,       72.84838128
          0,           0,         129,       -8.07471739,      -8.807395457,       -8.61263005,      -7.523214099,             0.448,    0.001089646293,     0.07937905886,                 0,                 0,                 0,     -0.0334780537,  -0.0006422580565,     0.07938393931,                 0,        72.8484641
          0,           0,         130,      -8.087789015,      -8.823137198,      -8.624645165,      -7.536412462,             0.448,    0.001089647539,     0.07937924846,                 0,                 0,                 0,    -0.03347798909,  -0.0006422609466,     0.07938412889,                 0,       72.84855478
          0,           0,         131,      -8.100893786,      -8.838997839,      -8.636534869,      -7.549667968,             0.448,    0.001089648821,     0.07937944597,                 0,                 0,                 0,     -0.0334779254,  -0.0006422639736,     0.07938432637,                 0,       72.84865034
          0,           0,         132,      -8.114033471,        -8.8549761,      -8.648317471,      -7.562979745,             0.448,    0.001089650153,     0.07937965055,                 0,                 0,                 0,    -0.03347786264,  -0.0006422671048,     0.07938453093,                 0,       72.84874904
          0,           0,         133,      -8.127208263,      -8.871058323,      -8.660017716,      -7.576345166,             0.448,    0.001089651547,      0.0793798615,                 0,                 0,                 0,    -0.03347780079,   -0.000642270313,     0.07938474187,                 0,       72.84884944
          0,           0,         134,      -8.140416121,      -8.887218997,      -8.671663444,      -7.589759116,             0.448,    0.001089653005,     0.07938007819,                 0,                 0,                 0,    -0.03347773983,  -0.0006422735824,     0.07938495854,                 0,       72.84895081
          0,           0,         135,      -8.153652164,      -8.903422746,      -8.683280797,      -7.603213556,             0.448,    0.001089654518,     0.07938029999,                 0,                 0,                 0,    -0.03347767975,  -0.0006422769087,     0.07938518032,                 0,       72.84905325
          0,           0,         136,      -8.166908524,      -8.919623822,      -8.694893609,      -7.616697385,             0.448,    0.001089656071,     0.07938052632,                 0,                 0,                 0,    -0.03347762054,  -0.0006422802935,     0.07938540662,                 0,       72.84915713
          0,           0,         137,      -8.180174634,      -8.935770536,      -8.706524617,      -7.630196651,             0.448,    0.001089657644,      0.0793807566,                 0,                 0,                 0,    -0.03347756221,  -0.0006422837438,     0.07938563688,                 0,       72.84926326
          0,           0,         138,      -8.193436989,        -8.9518097,      -8.718196114,      -7.643694323,             0.448,    0.001089659215,     0.07938099026,                 0,                 0,                 0,    -0.03347750478,  -0.0006422872709,     0.07938587052,                 0,        72.8493727
          0,           0,         139,      -8.206679144,      -8.967690065,      -8.729928242,      -7.657170396,             0.448,    0.001089660758,     0.07938122674,                 0,                 0,                 0,    -0.03347744829,  -0.0006422908867,     0.07938610699,                 0,       72.84948653
          0,           0,         140,       -8.21988202,      -8.983365659,      -8.741736617,      -7.670602257,             0.448,    0.001089662252,     0.07938146548,                 0,                 0,                 0,    -0.03347739279,  -0.0006422946015,      0.0793863457,                 0,       72.84960578
          0,           0,         141,      -8.233024397,      -8.998798517,      -8.753631211,      -7.683965216,             0.448,    0.001089663675,     0.07938170589,                 0,                 0,                 0,    -0.03347733834,  -0.0006422984235,     0.07938658608,                 0,       72.84973128
          0,           0,         142,      -8.246083538,      -9.013960814,      -8.765616446,      -7.697233193,             0.448,    0.001089665009,     0.07938194738,                 0,                 0,                 0,    -0.03347728502,  -0.0006423023572,     0.07938682754,                 0,       72.84986367
          0,           0,         143,      -8.259035935,      -9.028836703,      -8.777691424,      -7.710379537,             0.448,    0.001089666242,     0.07938218935,                 0,                 0,                 0,     -0.0334772329,  -0.0006423064033,     0.07938706948,                 0,       72.85000331
          0,           0,         144,      -8.271858173,      -9.043423134,      -8.789849777,      -7.723377959,             0.448,    0.001089667365,     0.07938243122,                 0,                 0,                 0,    -0.03347718209,  -0.0006423105576,     0.07938731132,                 0,       72.85015024
          0,           0,         145,      -8.284527896,      -9.057729246,       -8.80207945,       -7.73620355,             0.448,    0.001089668372,     0.07938267239,                 0,                 0,                 0,    -0.03347713266,  -0.0006423148112,     0.07938755245,                 0,       72.85030419
          0,           0,         146,      -8.297024792,      -9.071774717,      -8.814362814,      -7.748833827,             0.448,    0.001089669266,     0.07938291228,                 0,                 0,                 0,    -0.03347708471,  -0.0006423191513,     0.07938779231,                 0,       72.85046462
          0,           0,         147,      -8.309331552,      -9.085587769,      -8.826677217,      -7.761249748,             0.448,    0.001089670049,     0.07938315036,                 0,                 0,                 0,    -0.03347703833,  -0.0006423235613,     0.07938803035,                 0,        72.8506307
          0,           0,         148,      -8.321434752,      -9.099202958,      -8.838995909,      -7.773436645,             0.448,    0.001089670731,     0.07938338608,                 0,                 0,                 0,     -0.0334769936,  -0.0006423280221,     0.07938826603,                 0,       72.85080146
          0,           0,         149,      -8.333325594,      -9.112659239,      -8.851289269,      -7.785385002,             0.448,    0.001089671321,     0.07938361896,                 0,                 0,                 0,    -0.03347695059,  -0.0006423325126,     0.07938849887,                 0,       72.85097573
          0,           0,         150,      -8.345000461,      -9.125997949,      -8.863526349,      -7.797091032,             0.448,    0.001089671831,     0.07938384853,                 0,                 0,                 0,    -0.03347690938,  -0.0006423370105,     0.07938872839,                 0,        72.8511523
          0,           0,         151,      -8.356461215,      -9.139261058,      -8.875676645,      -7.808556984,             0.448,    0.001089672274,     0.07938407434,                 0,                 0,                 0,    -0.03347687003,  -0.0006423414934,     0.07938895416,                 0,       72.85132989
          0,           0,         152,      -8.367715244,      -9.152489494,      -8.887711961,      -7.819791164,             0.448,    0.001089672664,     0.07938429599,                 0,                 0,                 0,    -0.03347683259,   -0.000642345939,     0.07938917577,                 0,       72.85150724
          0,           0,         153,      -8.378775234,      -9.165721742,      -8.899608162,      -7.830807662,             0.448,    0.001089673013,     0.07938451311,                 0,                 0,                 0,    -0.03347679711,  -0.0006423503261,     0.07938939283,                 0,       72.85168314
          0,           0,         154,      -8.389658693,      -9.178992532,      -8.911346659,      -7.841625823,             0.448,    0.001089673334,     0.07938472533,                 0,                 0,                 0,    -0.03347676362,  -0.0006423546353,     0.07938960501,                 0,       72.85185648
          0,           0,         155,       -8.40038728,      -9.192331779,       -8.92291546,      -7.852269493,             0.448,    0.001089673636,     0.07938493234,                 0,                 0,                 0,    -0.03347673216,  -0.0006423588492,     0.07938981198,                 0,       72.85202625
          0,           0,         156,      -8.410985988,      -9.205763599,      -8.934309789,      -7.862766118,             0.448,    0.001089673928,     0.07938513384,                 0,                 0,                 0,    -0.03347670274,  -0.0006423629528,     0.07939001344,                 0,       72.85219163
          0,           0,         157,      -8.421482238,      -9.219305388,      -8.945532181,       -7.87314576,             0.448,    0.001089674217,     0.07938532958,                 0,                 0,                 0,    -0.03347667537,  -0.0006423669337,     0.07939020914,                 0,       72.85235193
          0,           0,         158,       -8.43190495,      -9.232967104,      -8.956592155,      -7.883440079,             0.448,    0.001089674508,     0.07938551933,                 0,                 0,                 0,    -0.03347665004,  -0.0006423707826,     0.07939039885,                 0,       72.85250664
          0,           0,         159,      -8.442283641,      -9.246750474,       -8.96750549,      -7.893681359,             0.448,    0.001089674802,     0.07938570287,                 0,                 0,                 0,    -0.03347662675,  -0.0006423744929,     0.07939058235,                 0,       72.85265544
          0,           0,         160,      -8.452647588,      -9.260648418,      -8.978293242,      -7.903901599,             0.448,    0.001089675099,     0.07938588004,                 0,                 0,                 0,    -0.03347660547,  -0.0006423780606,     0.07939075949,                 0,       72.85279815
          0,           0,         161,      -8.463025086,      -9.274644591,      -8.988980566,       -7.91413172,             0.448,    0.001089675398,     0.07938605071,                 0,                 0,                 0,    -0.03347658616,  -0.0006423814844,     0.07939093012,                 0,       72.85293476
          0,           0,         162,      -8.473442825,      -9.288712978,      -8.999595496,      -7.924400888,             0.448,    0.001089675696,     0.07938621475,                 0,                 0,                 0,    -0.03347656878,  -0.0006423847652,     0.07939109413,                 0,       72.85306539
          0,           0,         163,      -8.483925386,      -9.302818004,      -9.010167733,      -7.934735982,             0.448,    0.001089675988,      0.0793863721,                 0,                 0,                 0,    -0.03347655329,  -0.0006423879058,     0.07939125145,                 0,       72.85319027
          0,           0,         164,      -8.494494864,      -9.316914913,      -9.020727531,      -7.945161187,             0.448,    0.001089676269,     0.07938652269,                 0,                 0,                 0,    -0.03347653962,  -0.0006423909105,     0.07939140201,                 0,       72.85330971
          0,           0,         165,      -8.505170599,      -9.330950718,      -9.031304714,       -7.95569771,             0.448,    0.001089676532,     0.07938666651,                 0,                 0,                 0,     -0.0334765277,  -0.0006423937848,      0.0793915458,                 0,        72.8534241
          0,           0,         166,      -8.515969026,      -9.344865793,      -9.041927874,       -7.96636362,             0.448,    0.001089676772,     0.07938680357,                 0,                 0,                 0,    -0.03347651746,   -0.000642396535,     0.07939168284,                 0,       72.85353385
          0,           0,         167,      -8.526903608,      -9.358595971,      -9.052623718,      -7.977173777,             0.448,    0.001089676982,      0.0793869339,                 0,                 0,                 0,    -0.03347650881,  -0.0006423991677,     0.07939181314,                 0,       72.85363938
          0,           0,         168,      -8.537984857,      -9.372075356,      -9.063416616,      -7.988139858,             0.448,    0.001089677158,     0.07938705757,                 0,                 0,                 0,    -0.03347650168,  -0.0006424016896,     0.07939193678,                 0,       72.85374111
          0,           0,         169,      -8.549220423,      -9.385239484,      -9.074328282,      -7.999270449,             0.448,    0.001089677295,     0.07938717465,                 0,                 0,                 0,    -0.03347649597,  -0.0006424041072,     0.07939205384,                 0,       72.85383942
          0,           0,         170,      -8.560615238,      -9.398028913,      -9.085377604,      -8.010571198,             0.448,    0.001089677388,     0.07938728526,                 0,                 0,                 0,    -0.03347649158,  -0.0006424064266,     0.07939216442,                 0,       72.85393467
          0,           0,         171,       -8.57217171,      -9.410392879,      -9.096580587,      -8.022045017,             0.448,    0.001089677436,     0.07938738953,                 0,                 0,                 0,    -0.03347648844,   -0.000642408653,     0.07939226866,                 0,       72.85402714
          0,           0,         172,      -8.583889947,      -9.422292708,      -9.107950375,      -8.033692319,             0.448,    0.001089677438,     0.07938748759,                 0,                 0,                 0,    -0.03347648642,  -0.0006424107911,     0.07939236671,                 0,       72.85411705
          0,           0,         173,      -8.595768014,      -9.433704832,      -9.119497342,      -8.045511282,             0.448,    0.001089677392,     0.07938757963,                 0,                 0,                 0,    -0.03347648545,  -0.0006424128446,     0.07939245873,                 0,       72.85420457
          0,           0,         174,      -8.607802201,      -9.444622821,      -9.131229222,      -8.057498137,             0.448,      0.0010896773,     0.07938766582,                 0,                 0,                 0,    -0.03347648543,  -0.0006424148164,     0.07939254489,                 0,       72.85428979
          0,           0,         175,      -8.619987308,        -9.4550587,      -9.143151266,      -8.069647456,             0.448,    0.001089677165,     0.07938774635,                 0,                 0,                 0,    -0.03347648626,  -0.0006424167086,      0.0793926254,                 0,       72.85437276
          0,           0,         176,      -8.632316921,      -9.465042888,      -9.155266395,      -8.081952447,             0.448,    0.001089676989,     0.07938782143,                 0,                 0,                 0,    -0.03347648784,  -0.0006424185226,     0.07939270046,                 0,       72.85445343
          0,           0,         177,      -8.644783695,      -9.474623122,      -9.167575369,      -8.094405249,             0.448,    0.001089676776,     0.07938789127,                 0,                 0,                 0,    -0.03347649009,   -0.000642420259,     0.07939277028,                 0,       72.85453176
          0,           0,         178,      -8.657379614,      -9.483862485,      -9.180076928,      -8.106997202,             0.448,    0.001089676531,      0.0793879561,                 0,                 0,                 0,    -0.03347649293,   -0.000642421918,     0.07939283508,                 0,       72.85460762
          0,           0,         179,      -8.670096243,      -9.492836571,       -9.19276793,      -8.119719118,             0.448,    0.001089676259,     0.07938801613,                 0,                 0,                 0,    -0.03347649626,  -0.0006424234993,     0.07939289509,                 0,       72.85468089
          0,           0,         180,      -8.682924942,      -9.501630344,      -9.205643453,       -8.13256151,             0.448,    0.001089675966,     0.07938807159,                 0,                 0,                 0,    -0.03347650002,  -0.0006424250024,     0.07939295054,                 0,       72.85475139
          0,           0,         181,      -8.695857065,      -9.510334671,      -9.218696898,      -8.145514802,             0.448,    0.001089675657,     0.07938812273,                 0,                 0,                 0,    -0.03347650413,  -0.0006424264269,     0.07939300165,                 0,       72.85481898
          0,           0,         182,      -8.708884118,      -9.519043067,      -9.231920054,       -8.15856951,             0.448,    0.001089675338,     0.07938816976,                 0,                 0,                 0,    -0.03347650852,   -0.000642427772,     0.07939304867,                 0,       72.85488348
          0,           0,         183,      -8.721997882,      -9.527848709,      -9.245303152,      -8.171716379,             0.448,    0.001089675014,     0.07938821292,                 0,                 0,                 0,    -0.03347651312,  -0.0006424290373,     0.07939309181,                 0,       72.85494475
          0,           0,         184,      -8.735190502,      -9.536841875,      -9.258834914,      -8.184946492,             0.448,     0.00108967469,     0.07938825244,                 0,                 0,                 0,    -0.03347651788,  -0.0006424302228,     0.07939313131,                 0,       72.85500264
          0,           0,         185,      -8.748454529,      -9.546107844,      -9.272502581,      -8.198251331,             0.448,    0.001089674372,     0.07938828853,                 0,                 0,                 0,    -0.03347652275,  -0.0006424313285,     0.07939316739,                 0,       72.85505705
          0,           0,         186,      -8.761782942,      -9.555725315,      -9.286291944,      -8.211622815,             0.448,    0.001089674063,     0.07938832143,                 0,                 0,                 0,    -0.03347652767,  -0.0006424323549,     0.07939320028,                 0,       72.85510789
          0,           0,         187,      -8.775169117,      -9.565765306,       -9.30018739,      -8.225053294,             0.448,    0.001089673767,     0.07938835135,                 0,                 0,                 0,     -0.0334765326,  -0.0006424333031,     0.07939323018,                 0,       72.85515511
          0,           0,         188,      -8.788606787,        -9.5762903,      -9.314171942,      -8.238535515,             0.448,    0.001089673488,     0.07938837849,                 0,                 0,                 0,     -0.0334765375,  -0.0006424341744,     0.07939325731,                 0,       72.85519869
          0,           0,         189,      -8.802089962,      -9.587353822,      -9.328227336,      -8.252062571,             0.448,    0.001089673228,     0.07938840306,                 0,                 0,                 0,    -0.03347654234,  -0.0006424349707,     0.07939328187,                 0,       72.85523865
          0,           0,         190,      -8.815612841,      -9.599000174,      -9.342334119,       -8.26562782,             0.448,    0.001089672989,     0.07938842526,                 0,                 0,                 0,    -0.03347654708,  -0.0006424356942,     0.07939330406,                 0,       72.85527502
          0,           0,         191,      -8.829169718,       -9.61126422,      -9.356471795,      -8.279224805,             0.448,    0.001089672772,     0.07938844528,                 0,                 0,                 0,     -0.0334765517,  -0.0006424363475,     0.07939332406,                 0,       72.85530787
          0,           0,         192,      -8.842754881,       -9.62417134,      -9.370619008,      -8.292847162,             0.448,    0.001089672579,     0.07938846329,                 0,                 0,                 0,    -0.03347655618,  -0.0006424369336,     0.07939334207,                 0,       72.85533732
          0,           0,         193,      -8.856362516,      -9.637737428,      -9.384753801,      -8.306488534,             0.448,     0.00108967241,     0.07938847948,                 0,                 0,                 0,    -0.03347656049,  -0.0006424374556,     0.07939335825,                 0,       72.85536347
          0,           0,         194,      -8.869986631,      -9.651968689,      -9.398853924,      -8.320142496,             0.448,    0.001089672265,     0.07938849401,                 0,                 0,                 0,    -0.03347656462,   -0.000642437917,     0.07939337277,                 0,       72.85538646
          0,           0,         195,       -8.88362099,      -9.666861613,      -9.412897224,      -8.333802493,             0.448,    0.001089672145,     0.07938850703,                 0,                 0,                 0,    -0.03347656855,  -0.0006424383214,     0.07939338579,                 0,       72.85540646
          0,           0,         196,      -8.897259079,      -9.682402683,      -9.426862092,        -8.3474618,             0.448,    0.001089672049,      0.0793885187,                 0,                 0,                 0,    -0.03347657228,  -0.0006424386724,     0.07939339745,                 0,       72.85542361
          0,           0,         197,      -8.910894094,      -9.698568142,      -9.440727968,      -8.361113506,             0.448,    0.001089671975,     0.07938852915,                 0,                 0,                 0,     -0.0334765758,  -0.0006424389736,      0.0793934079,                 0,       72.85543811
          0,           0,         198,      -8.924518965,      -9.715323762,      -9.454475881,      -8.374750531,             0.448,    0.001089671924,     0.07938853852,                 0,                 0,                 0,    -0.03347657909,   -0.000642439229,     0.07939341726,                 0,       72.85545011
          0,           0,         199,      -8.938126405,      -9.732624443,      -9.468089005,      -8.388365662,             0.448,    0.001089671895,     0.07938854692,                 0,                 0,                 0,    -0.03347658217,   -0.000642439442,     0.07939342567,                 0,       72.85545981
          0,           0,         200,      -8.951709005,      -9.750414055,       -9.48155321,      -8.401951638,             0.448,    0.001089671885,     0.07938855448,                 0,                 0,                 0,    -0.03347658502,  -0.0006424396164,     0.07939343322,                 0,       72.85546738
          0,           0,         201,      -8.965259348,      -9.768625216,      -9.494857557,      -8.415501253,             0.448,    0.001089671895,      0.0793885613,                 0,                 0,                 0,    -0.03347658764,  -0.0006424397556,     0.07939344004,                 0,         72.855473
          0,           0,         202,      -8.978770168,      -9.787179549,      -9.507994744,      -8.429007497,             0.448,    0.001089671922,     0.07938856747,                 0,                 0,                 0,    -0.03347659005,  -0.0006424398631,     0.07939344621,                 0,       72.85547685
          0,           0,         203,      -8.992234523,      -9.805988032,      -9.520961443,      -8.442463721,             0.448,    0.001089671965,     0.07938857309,                 0,                 0,                 0,    -0.03347659223,  -0.0006424399422,     0.07939345183,                 0,        72.8554791
          0,           0,         204,      -9.005645997,      -9.824952064,      -9.533758536,      -8.455863824,             0.448,    0.001089672024,     0.07938857824,                 0,                 0,                 0,     -0.0334765942,   -0.000642439996,     0.07939345698,                 0,       72.85547991
          0,           0,         205,      -9.018998905,      -9.843965062,      -9.546391204,      -8.469202448,             0.448,    0.001089672096,       0.079388583,                 0,                 0,                 0,    -0.03347659596,  -0.0006424400275,     0.07939346173,                 0,       72.85547944
          0,           0,         206,      -9.032288512,      -9.862914865,      -9.558868895,      -8.482475185,             0.448,    0.001089672181,     0.07938858742,                 0,                 0,                 0,    -0.03347659752,  -0.0006424400396,     0.07939346616,                 0,       72.85547786
          0,           0,         207,      -9.045511233,      -9.881686838,      -9.571205126,      -8.495678768,             0.448,    0.001089672276,     0.07938859158,                 0,                 0,                 0,    -0.03347659888,   -0.000642440035,     0.07939347032,                 0,        72.8554753
          0,           0,         208,      -9.058664819,      -9.900167891,      -9.583417169,       -8.50881125,             0.448,    0.001089672381,     0.07938859553,                 0,                 0,                 0,    -0.03347660005,  -0.0006424400163,     0.07939347427,                 0,       72.85547192
          0,           0,         209,      -9.071748511,      -9.918251069,      -9.595525606,      -8.521872153,             0.448,    0.001089672494,     0.07938859931,                 0,                 0,                 0,    -0.03347660105,  -0.0006424399859,     0.07939347805,                 0,       72.85546784
          0,           0,         210,      -9.084763164,      -9.935840439,      -9.607553781,      -8.534862582,             0.448,    0.001089672613,     0.07938860297,                 0,                 0,                 0,    -0.03347660187,  -0.0006424399461,     0.07939348171,                 0,       72.85546319
          0,           0,         211,      -9.097711311,      -9.952856102,      -9.619527187,      -8.547785296,             0.448,    0.001089672738,     0.07938860654,                 0,                 0,                 0,    -0.03347660254,   -0.000642439899,     0.07939348528,                 0,       72.85545811
          0,           0,         212,       -9.11059719,      -9.969238514,      -9.631472788,      -8.560644719,             0.448,    0.001089672867,     0.07938861004,                 0,                 0,                 0,    -0.03347660307,  -0.0006424398465,     0.07939348879,                 0,        72.8554527
          0,           0,         213,      -9.123426702,      -9.984951859,      -9.643418321,      -8.573446921,             0.448,    0.001089672999,     0.07938861352,                 0,                 0,                 0,    -0.03347660346,  -0.0006424397906,     0.07939349227,                 0,       72.85544708
          0,           0,         214,      -9.136207332,      -9.999985954,      -9.655391595,      -8.586199522,             0.448,    0.001089673132,     0.07938861698,                 0,                 0,                 0,    -0.03347660373,  -0.0006424397329,     0.07939349573,                 0,       72.85544135
          0,           0,         215,      -9.148947997,      -10.01435646,        -9.6674198,      -8.598911557,             0.448,    0.001089673265,     0.07938862043,                 0,                 0,                 0,    -0.03347660388,   -0.000642439675,     0.07939349919,                 0,       72.85543561
          0,           0,         216,      -9.161658858,      -10.02810337,      -9.679528851,      -8.611593295,             0.448,    0.001089673398,     0.07938862389,                 0,                 0,                 0,    -0.03347660394,  -0.0006424396184,     0.07939350265,                 0,       72.85542995
          0,           0,         217,      -9.174351093,      -10.04128789,       -9.69174279,      -8.624256011,             0.448,    0.001089673528,     0.07938862737,                 0,                 0,                 0,    -0.03347660391,  -0.0006424395643,     0.07939350613,                 0,       72.85542445
          0,           0,         218,      -9.187036624,      -10.05398806,      -9.704083239,      -8.636911731,             0.448,    0.001089673654,     0.07938863086,                 0,                 0,                 0,    -0.03347660381,   -0.000642439514,     0.07939350962,                 0,        72.8554192
          0,           0,         219,      -9.199727833,      -10.06629386,      -9.716568921,      -8.649572945,             0.448,    0.001089673776,     0.07938863437,                 0,                 0,                 0,    -0.03347660365,  -0.0006424394685,     0.07939351313,                 0,       72.85541426
          0,           0,         220,      -9.212437255,      -10.07830188,      -9.729215275,      -8.662252318,             0.448,    0.001089673893,     0.07938863789,                 0,                 0,                 0,    -0.03347660343,  -0.0006424394288,     0.07939351665,                 0,        72.8554097
          0,           0,         221,      -9.225177268,      -10.09011039,      -9.742034126,      -8.674962377,             0.448,    0.001089674003,     0.07938864141,                 0,                 0,                 0,    -0.03347660317,  -0.0006424393956,     0.07939352017,                 0,       72.85540557
          0,           0,         222,      -9.237959794,      -10.10181485,      -9.755033455,      -8.687715215,             0.448,    0.001089674105,     0.07938864493,                 0,                 0,                 0,    -0.03347660289,  -0.0006424393695,     0.07939352369,                 0,       72.85540193
          0,           0,         223,      -9.250795997,      -10.11350421,      -9.768217232,        -8.7005222,             0.448,      0.0010896742,     0.07938864843,                 0,                 0,                 0,    -0.03347660258,  -0.0006424393512,      0.0793935272,                 0,       72.85539881
          0,           0,         224,      -9.263696018,      -10.12525823,      -9.781585342,      -8.713393706,             0.448,    0.001089674286,      0.0793886519,                 0,                 0,                 0,    -0.03347660226,  -0.0006424393411,     0.07939353067,                 0,       72.85539625
          0,           0,         225,       -9.27666872,      -10.13714522,      -9.795133564,      -8.726338855,             0.448,    0.001089674363,     0.07938865534,                 0,                 0,                 0,    -0.03347660194,  -0.0006424393394,     0.07939353411,                 0,       72.85539428
          0,           0,         226,      -9.289721474,      -10.14922093,      -9.808853649,      -8.739365307,             0.448,     0.00108967443,     0.07938865873,                 0,                 0,                 0,    -0.03347660162,  -0.0006424393464,      0.0793935375,                 0,       72.85539291
          0,           0,         227,      -9.302859974,      -10.16152782,      -9.822733437,      -8.752479064,             0.448,    0.001089674486,     0.07938866204,                 0,                 0,                 0,    -0.03347660131,  -0.0006424393621,     0.07939354082,                 0,       72.85539217
          0,           0,         228,      -9.316088088,      -10.17409488,      -9.836757073,      -8.765684325,             0.448,    0.001089674533,     0.07938866528,                 0,                 0,                 0,    -0.03347660103,  -0.0006424393866,     0.07939354405,                 0,       72.85539205
          0,           0,         229,      -9.329407754,        -10.186938,      -9.850905269,      -8.778983367,             0.448,    0.001089674568,     0.07938866843,                 0,                 0,                 0,    -0.03347660076,  -0.0006424394196,      0.0793935472,                 0,       72.85539256
          0,           0,         230,      -9.342818906,      -10.20006049,      -9.865155657,      -8.792376473,             0.448,    0.001089674593,     0.07938867147,                 0,                 0,                 0,    -0.03347660052,  -0.0006424394611,     0.07939355024,                 0,       72.85539369
          0,           0,         231,      -9.356319461,      -10.21345386,      -9.879483209,      -8.805861902,             0.448,    0.001089674607,     0.07938867439,                 0,                 0,                 0,    -0.03347660031,  -0.0006424395106,     0.07939355316,                 0,       72.85539542
          0,           0,         232,      -9.369905326,      -10.22709906,      -9.893860738,      -8.819435892,             0.448,    0.001089674611,     0.07938867718,                 0,                 0,                 0,    -0.03347660013,  -0.0006424395679,     0.07939355595,                 0,       72.85539774
          0,           0,         233,      -9.383570469,      -10.24096765,      -9.908259461,      -8.833092725,             0.448,    0.001089674604,     0.07938867983,                 0,                 0,                 0,    -0.03347659998,  -0.0006424396326,      0.0793935586,                 0,       72.85540063
          0,           0,         234,      -9.397307025,      -10.25502336,      -9.922649644,      -8.846824817,             0.448,    0.001089674587,     0.07938868233,                 0,                 0,                 0,    -0.03347659987,   -0.000642439704,      0.0793935611,                 0,       72.85540405
          0,           0,         235,      -9.411105444,      -10.26922382,      -9.937001307,      -8.860622858,             0.448,     0.00108967456,     0.07938868468,                 0,                 0,                 0,     -0.0334765998,  -0.0006424397819,     0.07939356345,                 0,       72.85540799
          0,           0,         236,      -9.424954686,       -10.2835224,      -9.951284946,         -8.874476,             0.448,    0.001089674525,     0.07938868686,                 0,                 0,                 0,    -0.03347659976,  -0.0006424398655,     0.07939356563,                 0,        72.8554124
          0,           0,         237,      -9.438842457,       -10.2978703,      -9.965472315,      -8.888372082,             0.448,     0.00108967448,     0.07938868888,                 0,                 0,                 0,    -0.03347659976,  -0.0006424399542,     0.07939356765,                 0,       72.85541724
          0,           0,         238,      -9.452755473,       -10.3122188,      -9.979537174,      -8.902297886,             0.448,    0.001089674427,     0.07938869073,                 0,                 0,                 0,    -0.03347659978,  -0.0006424400476,     0.07939356949,                 0,       72.85542249
          0,           0,         239,      -9.466679764,      -10.32652138,      -9.993456001,      -8.916239438,             0.448,    0.001089674366,      0.0793886924,                 0,                 0,                 0,    -0.03347659984,   -0.000642440145,     0.07939357117,                 0,       72.85542809
          0,           0,         240,      -9.480601003,      -10.34073606,      -10.00720867,      -8.930182322,             0.448,    0.001089674298,     0.07938869391,                 0,                 0,                 0,    -0.03347659993,  -0.0006424402458,     0.07939357267,                 0,       72.85543402
          0,           0,         241,      -9.494504842,      -10.35482715,      -10.02077898,       -8.94411202,             0.448,    0.001089674223,     0.07938869524,                 0,                 0,                 0,    -0.03347660004,  -0.0006424403493,       0.079393574,                 0,       72.85544022
          0,           0,         242,      -9.508377264,      -10.36876723,      -10.03415513,      -8.958014262,             0.448,    0.001089674143,      0.0793886964,                 0,                 0,                 0,    -0.03347660018,  -0.0006424404551,     0.07939357516,                 0,       72.85544667
          0,           0,         243,      -9.522204929,      -10.38253832,         -10.04733,      -8.971875368,             0.448,    0.001089674057,      0.0793886974,                 0,                 0,                 0,    -0.03347660034,  -0.0006424405625,     0.07939357615,                 0,       72.85545331
          0,           0,         244,      -9.535975504,      -10.39613262,      -10.06030126,      -8.985682585,             0.448,    0.001089673967,     0.07938869824,                 0,                 0,                 0,    -0.03347660052,  -0.0006424406709,     0.07939357699,                 0,       72.85546011
          0,           0,         245,      -9.549677964,      -10.40955295,       -10.0730714,      -8.999424391,             0.448,    0.001089673873,     0.07938869892,                 0,                 0,                 0,    -0.03347660071,  -0.0006424407799,     0.07939357767,                 0,       72.85546703
          0,           0,         246,      -9.563302861,      -10.42281217,      -10.08564751,      -9.013090774,             0.448,    0.001089673775,     0.07938869945,                 0,                 0,                 0,    -0.03347660091,  -0.0006424408889,      0.0793935782,                 0,       72.85547403
          0,           0,         247,      -9.576842541,      -10.43593245,      -10.09804099,      -9.026673462,             0.448,    0.001089673675,     0.07938869984,                 0,                 0,                 0,    -0.03347660112,  -0.0006424409975,     0.07939357859,                 0,       72.85548108
          0,           0,         248,      -9.590291308,       -10.4489438,      -10.11026707,      -9.040166095,             0.448,    0.001089673573,     0.07938870009,                 0,                 0,                 0,    -0.03347660134,  -0.0006424411051,     0.07939357884,                 0,       72.85548814
          0,           0,         249,      -9.603645525,      -10.46188238,      -10.12234423,      -9.053564349,             0.448,     0.00108967347,     0.07938870022,                 0,                 0,                 0,    -0.03347660156,  -0.0006424412114,     0.07939357896,                 0,       72.85549518
          0,           0,         250,      -9.616903653,      -10.47478844,      -10.13429365,      -9.066865983,             0.448,    0.001089673365,     0.07938870022,                 0,                 0,                 0,    -0.03347660179,  -0.0006424413158,     0.07939357896,                 0,       72.85550216
          0,           0,         251,      -9.630066222,      -10.48770427,      -10.14613847,       -9.08007084,             0.448,    0.001089673261,     0.07938870012,                 0,                 0,                 0,    -0.03347660201,  -0.0006424414181,     0.07939357885,                 0,       72.85550906
          0,           0,         252,      -9.643135741,      -10.50067215,      -10.15790312,      -9.093180759,             0.448,    0.001089673156,     0.07938869991,                 0,                 0,                 0,    -0.03347660223,  -0.0006424415179,     0.07939357864,                 0,       72.85551585
          0,           0,         253,      -9.656116546,      -10.51373218,      -10.16961271,      -9.106199455,             0.448,    0.001089673053,      0.0793886996,                 0,                 0,                 0,    -0.03347660244,  -0.0006424416148,     0.07939357833,                 0,       72.85552249
          0,           0,         254,      -9.669014612,      -10.52692044,      -10.18129231,      -9.119132335,             0.448,     0.00108967295,      0.0793886992,                 0,                 0,                 0,    -0.03347660265,  -0.0006424417085,     0.07939357793,                 0,       72.85552898
          0,           0,         255,        -9.6818373,      -10.54026761,      -10.19296648,      -9.131986264,             0.448,     0.00108967285,     0.07938869873,                 0,                 0,                 0,    -0.03347660285,  -0.0006424417988,     0.07939357746,                 0,       72.85553527
          0,           0,         256,      -9.694593098,      -10.55379709,      -10.20465871,      -9.144769309,             0.448,    0.001089672751,     0.07938869818,                 0,                 0,                 0,    -0.03347660305,  -0.0006424418854,     0.07939357691,                 0,       72.85554135
          0,           0,         257,      -9.707291329,      -10.56752431,      -10.21639104,      -9.157490464,             0.448,    0.001089672655,     0.07938869757,                 0,                 0,                 0,    -0.03347660323,   -0.000642441968,      0.0793935763,                 0,       72.85554721
          0,           0,         258,      -9.719941858,       -10.5814555,      -10.22818372,      -9.170159349,             0.448,    0.001089672562,      0.0793886969,                 0,                 0,                 0,    -0.03347660341,  -0.0006424420465,     0.07939357563,                 0,       72.85555282
          0,           0,         259,      -9.732554797,      -10.59558725,      -10.24005498,      -9.182785923,             0.448,    0.001089672472,     0.07938869618,                 0,                 0,                 0,    -0.03347660357,  -0.0006424421207,      0.0793935749,                 0,       72.85555817
          0,           0,         260,      -9.745140236,      -10.60990614,      -10.25202082,      -9.195380209,             0.448,    0.001089672386,     0.07938869542,                 0,                 0,                 0,    -0.03347660372,  -0.0006424421904,     0.07939357414,                 0,       72.85556325
          0,           0,         261,       -9.75770798,      -10.62438836,      -10.26409497,      -9.207952025,             0.448,    0.001089672303,     0.07938869462,                 0,                 0,                 0,    -0.03347660387,  -0.0006424422556,     0.07939357334,                 0,       72.85556804
          0,           0,         262,      -9.770267323,      -10.63900043,      -10.27628882,      -9.220510751,             0.448,    0.001089672224,     0.07938869379,                 0,                 0,                 0,      -0.033476604,  -0.0006424423162,      0.0793935725,                 0,       72.85557254
          0,           0,         263,      -9.782826862,      -10.65369961,      -10.28861149,      -9.233065133,             0.448,     0.00108967215,     0.07938869293,                 0,                 0,                 0,    -0.03347660413,  -0.0006424423721,     0.07939357164,                 0,       72.85557675
          0,           0,         264,      -9.795394342,      -10.66843461,      -10.30106985,      -9.245623124,             0.448,    0.001089672079,     0.07938869204,                 0,                 0,                 0,    -0.03347660424,  -0.0006424424233,     0.07939357075,                 0,       72.85558065
          0,           0,         265,      -9.807976539,       -10.6831476,      -10.31366871,      -9.258191744,             0.448,    0.001089672013,     0.07938869114,                 0,                 0,                 0,    -0.03347660435,  -0.0006424424698,     0.07939356985,                 0,       72.85558425
          0,           0,         266,      -9.820579199,      -10.69777548,      -10.32641094,       -9.27077702,             0.448,    0.001089671951,     0.07938869022,                 0,                 0,                 0,    -0.03347660445,  -0.0006424425116,     0.07939356893,                 0,       72.85558754
          0,           0,         267,      -9.833206987,      -10.71225275,       -10.3392976,       -9.28338392,             0.448,    0.001089671894,      0.0793886893,                 0,                 0,                 0,    -0.03347660455,  -0.0006424425488,     0.07939356801,                 0,       72.85559053
          0,           0,         268,      -9.845863503,      -10.72651376,      -10.35232821,       -9.29601636,             0.448,    0.001089671841,     0.07938868836,                 0,                 0,                 0,    -0.03347660464,  -0.0006424425815,     0.07939356707,                 0,       72.85559322
          0,           0,         269,      -9.858551312,      -10.74049599,      -10.36550086,      -9.308677227,             0.448,    0.001089671792,     0.07938868742,                 0,                 0,                 0,    -0.03347660473,  -0.0006424426098,     0.07939356613,                 0,       72.85559562
          0,           0,         270,      -9.871272014,      -10.75414299,      -10.37881245,       -9.32136844,             0.448,    0.001089671747,     0.07938868647,                 0,                 0,                 0,    -0.03347660482,  -0.0006424426337,     0.07939356518,                 0,       72.85559774
          0,           0,         271,      -9.884026323,      -10.76740758,      -10.39225882,      -9.334091029,             0.448,    0.001089671707,     0.07938868552,                 0,                 0,                 0,     -0.0334766049,  -0.0006424426535,     0.07939356423,                 0,       72.85559958
          0,           0,         272,      -9.896814183,      -10.78025449,      -10.40583491,      -9.346845238,             0.448,     0.00108967167,     0.07938868457,                 0,                 0,                 0,    -0.03347660498,  -0.0006424426693,     0.07939356328,                 0,       72.85560115
          0,           0,         273,      -9.909634888,       -10.7926626,      -10.41953492,      -9.359630653,             0.448,    0.001089671637,     0.07938868362,                 0,                 0,                 0,    -0.03347660507,  -0.0006424426812,     0.07939356233,                 0,       72.85560246
          0,           0,         274,      -9.922487207,      -10.80462669,      -10.43335238,      -9.372446319,             0.448,    0.001089671608,     0.07938868267,                 0,                 0,                 0,    -0.03347660515,  -0.0006424426895,     0.07939356137,                 0,       72.85560353
          0,           0,         275,      -9.935369513,      -10.81615744,      -10.44728021,      -9.385290879,             0.448,    0.001089671583,     0.07938868172,                 0,                 0,                 0,    -0.03347660524,  -0.0006424426943,     0.07939356042,                 0,       72.85560436
          0,           0,         276,      -9.948279919,      -10.82728202,      -10.46131081,      -9.398162695,             0.448,    0.001089671561,     0.07938868077,                 0,                 0,                 0,    -0.03347660534,  -0.0006424426957,     0.07939355947,                 0,       72.85560497
          0,           0,         277,      -9.961216389,      -10.83804189,      -10.47543602,      -9.411059979,             0.448,    0.001089671541,     0.07938867981,                 0,                 0,                 0,    -0.03347660543,  -0.0006424426941,     0.07939355852,                 0,       72.85560538
          0,           0,         278,      -9.974176855,      -10.84849176,      -10.48964716,      -9.423980907,             0.448,    0.001089671525,     0.07938867886,                 0,                 0,                 0,    -0.03347660554,  -0.0006424426896,     0.07939355756,                 0,        72.8556056
          0,           0,         279,      -9.987159311,      -10.85869617,      -10.50393497,      -9.436923719,             0.448,    0.001089671511,      0.0793886779,                 0,                 0,                 0,    -0.03347660565,  -0.0006424426824,     0.07939355661,                 0,       72.85560563
          0,           0,         280,      -10.00016187,      -10.86872761,      -10.51828955,       -9.44988677,             0.448,      0.0010896715,     0.07938867695,                 0,                 0,                 0,    -0.03347660577,  -0.0006424426728,     0.07939355565,                 0,       72.85560551
          0,           0,         281,      -10.01318283,      -10.87866271,      -10.53270031,      -9.462868625,             0.448,    0.001089671491,     0.07938867598,                 0,                 0,                 0,    -0.03347660589,  -0.0006424426608,     0.07939355469,                 0,       72.85560522
          0,           0,         282,      -10.02622071,      -10.88858001,       -10.5471559,      -9.475868072,             0.448,    0.001089671484,     0.07938867502,                 0,                 0,                 0,    -0.03347660603,  -0.0006424426467,     0.07939355372,                 0,       72.85560481
          0,           0,         283,      -10.03927424,      -10.89855691,      -10.56164416,      -9.488884136,             0.448,    0.001089671479,     0.07938867405,                 0,                 0,                 0,    -0.03347660617,  -0.0006424426307,     0.07939355275,                 0,       72.85560426
          0,           0,         284,      -10.05234237,      -10.90866776,      -10.57615201,      -9.501916075,             0.448,    0.001089671475,     0.07938867307,                 0,                 0,                 0,    -0.03347660632,   -0.000642442613,     0.07939355177,                 0,       72.85560361
          0,           0,         285,      -10.06542419,      -10.91898218,      -10.59066545,      -9.514963333,             0.448,    0.001089671473,     0.07938867209,                 0,                 0,                 0,    -0.03347660648,  -0.0006424425937,     0.07939355079,                 0,       72.85560285
          0,           0,         286,      -10.07851894,      -10.92956294,      -10.60516955,      -9.528025504,             0.448,    0.001089671472,     0.07938867109,                 0,                 0,                 0,    -0.03347660665,   -0.000642442573,      0.0793935498,                 0,         72.855602
          0,           0,         287,      -10.09162588,      -10.94046561,      -10.61964845,      -9.541102237,             0.448,    0.001089671472,     0.07938867009,                 0,                 0,                 0,    -0.03347660683,  -0.0006424425511,      0.0793935488,                 0,       72.85560108
          0,           0,         288,      -10.10474423,      -10.95173766,      -10.63408538,      -9.554193176,             0.448,    0.001089671473,     0.07938866908,                 0,                 0,                 0,    -0.03347660702,  -0.0006424425281,     0.07939354779,                 0,       72.85560008
          0,           0,         289,      -10.11787309,      -10.96341775,      -10.64846286,       -9.56729786,             0.448,    0.001089671475,     0.07938866807,                 0,                 0,                 0,    -0.03347660721,  -0.0006424425041,     0.07939354677,                 0,       72.85559903
          0,           0,         290,      -10.13101132,       -10.9755354,      -10.66276279,      -9.580415609,             0.448,    0.001089671477,     0.07938866704,                 0,                 0,                 0,    -0.03347660742,  -0.0006424424793,     0.07939354574,                 0,       72.85559793
          0,           0,         291,      -10.14415749,      -10.98811146,      -10.67696668,      -9.593545441,             0.448,     0.00108967148,       0.079388666,                 0,                 0,                 0,    -0.03347660762,  -0.0006424424538,     0.07939354471,                 0,       72.85559678
          0,           0,         292,      -10.15730974,      -11.00115743,      -10.69105595,       -9.60668597,             0.448,    0.001089671484,     0.07938866495,                 0,                 0,                 0,    -0.03347660784,  -0.0006424424277,     0.07939354366,                 0,       72.85559561
          0,           0,         293,      -10.17046574,      -11.01467548,      -10.70501226,      -9.619835321,             0.448,    0.001089671487,      0.0793886639,                 0,                 0,                 0,    -0.03347660806,  -0.0006424424011,      0.0793935426,                 0,        72.8555944
          0,           0,         294,       -10.1836226,      -11.02865897,      -10.71881782,      -9.632991054,             0.448,    0.001089671491,     0.07938866283,                 0,                 0,                 0,    -0.03347660829,  -0.0006424423741,     0.07939354154,                 0,       72.85559317
          0,           0,         295,      -10.19677684,       -11.0430923,      -10.73245592,      -9.646150097,             0.448,    0.001089671495,     0.07938866176,                 0,                 0,                 0,    -0.03347660852,  -0.0006424423469,     0.07939354046,                 0,       72.85559193
          0,           0,         296,      -10.20992439,      -11.05795088,      -10.74591128,      -9.659308737,             0.448,    0.001089671499,     0.07938866068,                 0,                 0,                 0,    -0.03347660876,  -0.0006424423194,     0.07939353938,                 0,       72.85559068
          0,           0,         297,      -10.22306053,      -11.07320142,      -10.75917051,      -9.672462576,             0.448,    0.001089671503,     0.07938865959,                 0,                 0,                 0,    -0.03347660899,  -0.0006424422918,      0.0793935383,                 0,       72.85558942
          0,           0,         298,      -10.23617996,      -11.08880251,      -10.77222262,      -9.685606537,             0.448,    0.001089671506,      0.0793886585,                 0,                 0,                 0,    -0.03347660923,  -0.0006424422641,      0.0793935372,                 0,       72.85558816
          0,           0,         299,      -10.24927686,      -11.10470458,       -10.7850593,      -9.698734952,             0.448,     0.00108967151,      0.0793886574,                 0,                 0,                 0,    -0.03347660947,  -0.0006424422364,     0.07939353611,                 0,        72.8555869
          0,           0,         300,      -10.26234491,      -11.12085082,      -10.79767527,      -9.711841558,             0.448,    0.001089671514,      0.0793886563,                 0,                 0,                 0,    -0.03347660971,  -0.0006424422087,     0.07939353501,                 0,       72.85558564
          0,           0,         301,      -10.27537746,      -11.13717811,      -10.81006883,      -9.724919649,             0.448,    0.001089671518,      0.0793886552,                 0,                 0,                 0,    -0.03347660995,  -0.0006424421811,     0.07939353391,                 0,       72.85558439
          0,           0,         302,      -10.28836762,      -11.15361723,      -10.82224154,      -9.737962148,             0.448,    0.001089671521,     0.07938865411,                 0,                 0,                 0,    -0.03347661018,  -0.0006424421537,     0.07939353282,                 0,       72.85558315
          0,           0,         303,      -10.30130839,      -11.17009578,      -10.83419888,      -9.750961758,             0.448,    0.001089671524,     0.07938865301,                 0,                 0,                 0,    -0.03347661041,  -0.0006424421265,     0.07939353172,                 0,       72.85558192
          0,           0,         304,       -10.3141929,      -11.18653739,      -10.84594986,      -9.763911147,             0.448,    0.001089671528,     0.07938865192,                 0,                 0,                 0,    -0.03347661064,  -0.0006424420995,     0.07939353063,                 0,       72.85558071
          0,           0,         305,      -10.32701447,      -11.20286657,      -10.85750697,      -9.776803062,             0.448,    0.001089671531,     0.07938865084,                 0,                 0,                 0,    -0.03347661087,  -0.0006424420727,     0.07939352955,                 0,       72.85557951
          0,           0,         306,      -10.33976685,      -11.21900935,      -10.86888605,      -9.789630552,             0.448,    0.001089671534,     0.07938864976,                 0,                 0,                 0,    -0.03347661108,  -0.0006424420463,     0.07939352847,                 0,       72.85557832
          0,           0,         307,      -10.35244444,      -11.23489407,      -10.88010592,      -9.802387156,             0.448,    0.001089671537,      0.0793886487,                 0,                 0,                 0,     -0.0334766113,  -0.0006424420202,     0.07939352741,                 0,       72.85557715
          0,           0,         308,      -10.36504237,      -11.25045665,      -10.89118803,      -9.815067047,             0.448,    0.001089671539,     0.07938864765,                 0,                 0,                 0,     -0.0334766115,  -0.0006424419944,     0.07939352636,                 0,       72.85557599
          0,           0,         309,      -10.37755671,      -11.26564182,      -10.90215588,      -9.827665235,             0.448,    0.001089671542,     0.07938864661,                 0,                 0,                 0,     -0.0334766117,   -0.000642441969,     0.07939352532,                 0,       72.85557486
          0,           0,         310,       -10.3899846,      -11.28040335,      -10.91303467,       -9.84017771,             0.448,    0.001089671545,     0.07938864559,                 0,                 0,                 0,    -0.03347661189,  -0.0006424419441,     0.07939352431,                 0,       72.85557374
          0,           0,         311,      -10.40232433,       -11.2947089,      -10.92385062,      -9.852601562,             0.448,    0.001089671548,     0.07938864459,                 0,                 0,                 0,    -0.03347661207,  -0.0006424419195,     0.07939352331,                 0,       72.85557264
          0,           0,         312,      -10.41457551,      -11.30853619,      -10.93463047,      -9.864935145,             0.448,     0.00108967155,     0.07938864362,                 0,                 0,                 0,    -0.03347661224,  -0.0006424418954,     0.07939352233,                 0,       72.85557156
          0,           0,         313,      -10.42673899,      -11.32187951,      -10.94540103,      -9.877178058,             0.448,    0.001089671553,     0.07938864266,                 0,                 0,                 0,     -0.0334766124,  -0.0006424418718,     0.07939352137,                 0,       72.85557049
          0,           0,         314,      -10.43881698,      -11.33474363,       -10.9561885,      -9.889331283,             0.448,    0.001089671556,     0.07938864173,                 0,                 0,                 0,    -0.03347661255,  -0.0006424418487,     0.07939352044,                 0,       72.85556945
          0,           0,         315,      -10.45081298,      -11.34714749,      -10.96701805,      -9.901397118,             0.448,    0.001089671559,     0.07938864082,                 0,                 0,                 0,    -0.03347661269,   -0.000642441826,     0.07939351954,                 0,       72.85556843
          0,           0,         316,      -10.46273176,      -11.35911635,       -10.9779136,      -9.913379224,             0.448,    0.001089671562,     0.07938863995,                 0,                 0,                 0,    -0.03347661282,  -0.0006424418039,     0.07939351866,                 0,       72.85556742
          0,           0,         317,       -10.4745792,      -11.37068903,      -10.98889713,      -9.925282469,             0.448,    0.001089671565,      0.0793886391,                 0,                 0,                 0,    -0.03347661293,  -0.0006424417823,     0.07939351781,                 0,       72.85556644
          0,           0,         318,      -10.48636229,      -11.38190625,      -10.99998859,      -9.937112943,             0.448,    0.001089671568,     0.07938863828,                 0,                 0,                 0,    -0.03347661304,  -0.0006424417613,       0.079393517,                 0,       72.85556547
          0,           0,         319,      -10.49808888,       -11.3928166,      -11.01120559,      -9.948877737,             0.448,    0.001089671572,      0.0793886375,                 0,                 0,                 0,    -0.03347661314,  -0.0006424417408,     0.07939351622,                 0,       72.85556453
          0,           0,         320,      -10.50976762,      -11.40346681,      -11.02256334,      -9.960584931,             0.448,    0.001089671575,     0.07938863675,                 0,                 0,                 0,    -0.03347661322,  -0.0006424417209,     0.07939351547,                 0,        72.8555636
          0,           0,         321,      -10.52140777,      -11.41390656,      -11.03407437,      -9.972243345,             0.448,    0.001089671579,     0.07938863604,                 0,                 0,                 0,     -0.0334766133,  -0.0006424417016,     0.07939351475,                 0,        72.8555627
          0,           0,         322,      -10.53301901,       -11.4241797,      -11.04574875,      -9.983862419,             0.448,    0.001089671583,     0.07938863535,                 0,                 0,                 0,    -0.03347661336,  -0.0006424416829,     0.07939351407,                 0,       72.85556181
          0,           0,         323,      -10.54461131,      -11.43433237,      -11.05759372,      -9.995452048,             0.448,    0.001089671587,     0.07938863471,                 0,                 0,                 0,    -0.03347661342,  -0.0006424416647,     0.07939351343,                 0,       72.85556095
          0,           0,         324,      -10.55619475,      -11.44440332,      -11.06961412,      -10.00702242,             0.448,    0.001089671591,      0.0793886341,                 0,                 0,                 0,    -0.03347661346,  -0.0006424416472,     0.07939351282,                 0,       72.85556011
          0,           0,         325,      -10.56777937,      -11.45442659,      -11.08181239,      -10.01858386,             0.448,    0.001089671595,     0.07938863353,                 0,                 0,                 0,     -0.0334766135,  -0.0006424416303,     0.07939351225,                 0,       72.85555929
          0,           0,         326,      -10.57937502,       -11.4644308,      -11.09418825,      -10.03014668,             0.448,      0.0010896716,     0.07938863299,                 0,                 0,                 0,    -0.03347661352,  -0.0006424416141,     0.07939351171,                 0,       72.85555849
          0,           0,         327,      -10.59099122,      -11.47444144,      -11.10673933,      -10.04172097,             0.448,    0.001089671605,      0.0793886325,                 0,                 0,                 0,    -0.03347661353,  -0.0006424415985,     0.07939351121,                 0,       72.85555772
          0,           0,         328,      -10.60263704,      -11.48447866,      -11.11946108,      -10.05331655,             0.448,     0.00108967161,     0.07938863203,                 0,                 0,                 0,    -0.03347661354,  -0.0006424415835,     0.07939351075,                 0,       72.85555696
          0,           0,         329,      -10.61432105,      -11.49455953,      -11.13234688,      -10.06494284,             0.448,    0.001089671615,     0.07938863161,                 0,                 0,                 0,    -0.03347661354,  -0.0006424415691,     0.07939351033,                 0,       72.85555623
          0,           0,         330,      -10.62605115,      -11.50469432,      -11.14538837,      -10.07660869,             0.448,     0.00108967162,     0.07938863122,                 0,                 0,                 0,    -0.03347661353,  -0.0006424415555,     0.07939350994,                 0,       72.85555553
          0,           0,         331,      -10.63783456,      -11.51489435,      -11.15857549,      -10.08832234,             0.448,    0.001089671625,     0.07938863087,                 0,                 0,                 0,    -0.03347661351,  -0.0006424415424,     0.07939350958,                 0,       72.85555485
          0,           0,         332,      -10.64967777,      -11.52516528,      -11.17189678,      -10.10009138,             0.448,    0.001089671631,     0.07938863055,                 0,                 0,                 0,    -0.03347661349,  -0.0006424415301,     0.07939350927,                 0,       72.85555419
          0,           0,         333,      -10.66158646,      -11.53551496,      -11.18533952,      -10.11192259,             0.448,    0.001089671636,     0.07938863027,                 0,                 0,                 0,    -0.03347661346,  -0.0006424415183,     0.07939350898,                 0,       72.85555357
          0,           0,         334,      -10.67356554,      -11.54594663,      -11.19889001,      -10.12382208,             0.448,    0.001089671642,     0.07938863001,                 0,                 0,                 0,    -0.03347661342,  -0.0006424415073,     0.07939350873,                 0,       72.85555296
          0,           0,         335,      -10.68561911,      -11.55646529,      -11.21253367,      -10.13579508,             0.448,    0.001089671647,      0.0793886298,                 0,                 0,                 0,    -0.03347661338,  -0.0006424414969,     0.07939350851,                 0,       72.85555239
          0,           0,         336,      -10.69775038,      -11.56707788,      -11.22625538,      -10.14784598,             0.448,    0.001089671653,     0.07938862961,                 0,                 0,                 0,    -0.03347661333,  -0.0006424414872,     0.07939350833,                 0,       72.85555184
          0,           0,         337,      -10.70996189,      -11.57778927,      -11.24003968,      -10.15997842,             0.448,    0.001089671659,     0.07938862945,                 0,                 0,                 0,    -0.03347661328,  -0.0006424414781,     0.07939350817,                 0,       72.85555131
          0,           0,         338,       -10.7222553,        -11.588606,      -11.25387101,      -10.17219513,             0.448,    0.001089671664,     0.07938862932,                 0,                 0,                 0,    -0.03347661323,  -0.0006424414697,     0.07939350804,                 0,       72.85555082
          0,           0,         339,      -10.73463156,      -11.59953715,      -11.26773371,      -10.18449816,             0.448,     0.00108967167,     0.07938862922,                 0,                 0,                 0,    -0.03347661317,  -0.0006424414619,     0.07939350794,                 0,       72.85555036
          0,           0,         340,      -10.74709083,      -11.61059349,      -11.28161252,      -10.19688859,             0.448,    0.001089671675,     0.07938862915,                 0,                 0,                 0,    -0.03347661311,  -0.0006424414548,     0.07939350787,                 0,       72.85554992
          0,           0,         341,       -10.7596326,      -11.62178618,      -11.29549235,      -10.20936685,             0.448,    0.001089671681,      0.0793886291,                 0,                 0,                 0,    -0.03347661305,  -0.0006424414483,     0.07939350782,                 0,       72.85554951
          0,           0,         342,      -10.77225566,      -11.63312894,      -11.30935883,      -10.22193253,             0.448,    0.001089671686,     0.07938862907,                 0,                 0,                 0,    -0.03347661299,  -0.0006424414424,     0.07939350779,                 0,       72.85554913
          0,           0,         343,      -10.78495812,      -11.64463767,      -11.32319803,       -10.2345845,             0.448,    0.001089671691,     0.07938862907,                 0,                 0,                 0,    -0.03347661292,  -0.0006424414372,     0.07939350779,                 0,       72.85554878
          0,           0,         344,      -10.79773748,      -11.65632405,      -11.33699698,      -10.24732087,             0.448,    0.001089671696,     0.07938862908,                 0,                 0,                 0,    -0.03347661286,  -0.0006424414325,      0.0793935078,                 0,       72.85554847
          0,           0,         345,      -10.81059056,      -11.66820774,      -11.35074324,        -10.260139,             0.448,    0.001089671701,     0.07938862912,                 0,                 0,                 0,    -0.03347661279,  -0.0006424414285,     0.07939350784,                 0,       72.85554817
          0,           0,         346,      -10.82351363,      -11.68030257,      -11.36442537,      -10.27303562,             0.448,    0.001089671706,     0.07938862917,                 0,                 0,                 0,    -0.03347661273,   -0.000642441425,     0.07939350789,                 0,       72.85554791
          0,           0,         347,      -10.83650229,      -11.69262326,      -11.37803279,      -10.28600664,             0.448,     0.00108967171,     0.07938862924,                 0,                 0,                 0,    -0.03347661266,  -0.0006424414221,     0.07939350796,                 0,       72.85554768
          0,           0,         348,       -10.8495516,      -11.70518643,      -11.39155563,      -10.29904734,             0.448,    0.001089671714,     0.07938862932,                 0,                 0,                 0,    -0.03347661259,  -0.0006424414197,     0.07939350804,                 0,       72.85554748
          0,           0,         349,      -10.86265603,      -11.71800471,      -11.40498532,      -10.31215231,             0.448,    0.001089671718,     0.07938862942,                 0,                 0,                 0,    -0.03347661253,  -0.0006424414179,     0.07939350814,                 0,        72.8555473
          0,           0,         350,      -10.87580947,      -11.73108993,       -11.4183138,      -10.32531539,             0.448,    0.001089671722,     0.07938862953,                 0,                 0,                 0,    -0.03347661247,  -0.0006424414165,     0.07939350825,                 0,       72.85554715
          0,           0,         351,       -10.8890053,        -11.744449,      -11.43153394,      -10.33852989,             0.448,    0.001089671725,     0.07938862965,                 0,                 0,                 0,    -0.03347661241,  -0.0006424414157,     0.07939350837,                 0,       72.85554703
          0,           0,         352,      -10.90223627,      -11.75809148,      -11.44463961,      -10.35178833,             0.448,    0.001089671729,     0.07938862977,                 0,                 0,                 0,    -0.03347661235,  -0.0006424414153,     0.07939350849,                 0,       72.85554694
          0,           0,         353,      -10.91549467,      -11.77201513,      -11.45762567,      -10.36508262,             0.448,    0.001089671732,     0.07938862991,                 0,                 0,                 0,    -0.03347661229,  -0.0006424414153,     0.07939350863,                 0,       72.85554687
          0,           0,         354,      -10.92877229,      -11.78622224,      -11.47048743,      -10.37840417,             0.448,    0.001089671734,     0.07938863005,                 0,                 0,                 0,    -0.03347661223,  -0.0006424414158,     0.07939350877,                 0,       72.85554682
          0,           0,         355,      -10.94206046,      -11.80070501,      -11.48322126,      -10.39174374,             0.448,    0.001089671737,      0.0793886302,                 0,                 0,                 0,    -0.03347661218,  -0.0006424414167,     0.07939350892,                 0,        72.8555468
          0,           0,         356,      -10.95535007,      -11.81545347,      -11.49582434,      -10.40509162,             0.448,    0.001089671739,     0.07938863035,                 0,                 0,                 0,    -0.03347661213,  -0.0006424414179,     0.07939350907,                 0,        72.8555468
          0,           0,         357,      -10.96863175,      -11.83045173,      -11.50829493,      -10.41843772,             0.448,     0.00108967174,      0.0793886305,                 0,                 0,                 0,    -0.03347661208,  -0.0006424414194,     0.07939350922,                 0,       72.85554682
          0,           0,         358,       -10.9818958,      -11.84567839,       -11.5206321,      -10.43177154,             0.448,    0.001089671742,     0.07938863066,                 0,                 0,                 0,    -0.03347661203,  -0.0006424414213,     0.07939350938,                 0,       72.85554686
          0,           0,         359,      -10.99513236,      -11.86110905,      -11.53283594,      -10.44508236,             0.448,    0.001089671743,     0.07938863081,                 0,                 0,                 0,    -0.03347661199,  -0.0006424414235,     0.07939350953,                 0,       72.85554692
          0,           0,         360,      -11.00833159,      -11.87671193,      -11.54490727,      -10.45835947,             0.448,    0.001089671744,     0.07938863097,                 0,                 0,                 0,    -0.03347661195,  -0.0006424414259,     0.07939350969,                 0,         72.855547
          0,           0,         361,      -11.02148372,      -11.89244927,      -11.55684864,      -10.47159211,             0.448,    0.001089671745,     0.07938863112,                 0,                 0,                 0,    -0.03347661191,  -0.0006424414286,     0.07939350984,                 0,        72.8555471
          0,           0,         362,      -11.03457911,      -11.90828145,       -11.5686633,      -10.48476969,             0.448,    0.001089671745,     0.07938863128,                 0,                 0,                 0,    -0.03347661187,  -0.0006424414314,        0.07939351,                 0,        72.8555472
          0,           0,         363,      -11.04760863,      -11.92416159,      -11.58035589,      -10.49788204,             0.448,    0.001089671746,     0.07938863143,                 0,                 0,                 0,    -0.03347661184,  -0.0006424414345,     0.07939351015,                 0,       72.85554733
          0,           0,         364,      -11.06056371,      -11.94004126,       -11.5919325,      -10.51091961,             0.448,    0.001089671746,     0.07938863158,                 0,                 0,                 0,    -0.03347661181,  -0.0006424414377,      0.0793935103,                 0,       72.85554746
          0,           0,         365,      -11.07343641,      -11.95586791,      -11.60340077,      -10.52387343,             0.448,    0.001089671745,     0.07938863172,                 0,                 0,                 0,    -0.03347661178,  -0.0006424414411,     0.07939351044,                 0,       72.85554761
          0,           0,         366,      -11.08621969,      -11.97158816,      -11.61476919,      -10.53673557,             0.448,    0.001089671745,     0.07938863187,                 0,                 0,                 0,    -0.03347661176,  -0.0006424414446,     0.07939351058,                 0,       72.85554777
          0,           0,         367,      -11.09890769,      -11.98715004,      -11.62604799,      -10.54949915,             0.448,    0.001089671744,       0.079388632,                 0,                 0,                 0,    -0.03347661173,  -0.0006424414481,     0.07939351072,                 0,       72.85554793
          0,           0,         368,      -11.11149567,      -12.00249911,      -11.63724906,      -10.56215859,             0.448,    0.001089671744,     0.07938863214,                 0,                 0,                 0,    -0.03347661171,  -0.0006424414518,     0.07939351085,                 0,        72.8555481
          0,           0,         369,      -11.12398017,      -12.01759147,      -11.64838505,       -10.5747096,             0.448,    0.001089671743,     0.07938863226,                 0,                 0,                 0,    -0.03347661169,  -0.0006424414555,     0.07939351098,                 0,       72.85554828
          0,           0,         370,      -11.13635937,      -12.03237582,      -11.65947018,       -10.5871496,             0.448,    0.001089671742,     0.07938863239,                 0,                 0,                 0,    -0.03347661167,  -0.0006424414593,     0.07939351111,                 0,       72.85554846
          0,           0,         371,      -11.14863277,       -12.0468243,      -11.67051912,      -10.59947741,             0.448,    0.001089671741,      0.0793886325,                 0,                 0,                 0,    -0.03347661166,   -0.000642441463,     0.07939351122,                 0,       72.85554865
          0,           0,         372,      -11.16080173,      -12.06089568,      -11.68154781,      -10.61169378,             0.448,    0.001089671739,     0.07938863262,                 0,                 0,                 0,    -0.03347661164,  -0.0006424414668,     0.07939351134,                 0,       72.85554884
          0,           0,         373,      -11.17286899,      -12.07457814,      -11.69257281,      -10.62380109,             0.448,    0.001089671738,     0.07938863272,                 0,                 0,                 0,    -0.03347661163,  -0.0006424414705,     0.07939351144,                 0,       72.85554904
          0,           0,         374,      -11.18483902,      -12.08785856,      -11.70361082,      -10.63580328,             0.448,    0.001089671736,     0.07938863283,                 0,                 0,                 0,    -0.03347661162,  -0.0006424414742,     0.07939351155,                 0,       72.85554923
          0,           0,         375,      -11.19671794,      -12.10073972,      -11.71467894,      -10.64770632,             0.448,    0.001089671735,     0.07938863292,                 0,                 0,                 0,    -0.03347661161,  -0.0006424414779,     0.07939351164,                 0,       72.85554942
          0,           0,         376,      -11.20851339,      -12.11322428,      -11.72579437,       -10.6595176,             0.448,    0.001089671733,     0.07938863301,                 0,                 0,                 0,     -0.0334766116,  -0.0006424414815,     0.07939351173,                 0,       72.85554961
          0,           0,         377,      -11.22023427,      -12.12533703,      -11.73697411,      -10.67124603,             0.448,    0.001089671731,      0.0793886331,                 0,                 0,                 0,     -0.0334766116,  -0.0006424414851,     0.07939351182,                 0,       72.85554981
          0,           0,         378,      -11.23189088,       -12.1371081,      -11.74823433,      -10.68290195,             0.448,     0.00108967173,     0.07938863318,                 0,                 0,                 0,    -0.03347661159,  -0.0006424414885,      0.0793935119,                 0,       72.85554999
          0,           0,         379,      -11.24349467,      -12.14856212,        -11.759591,      -10.69449696,             0.448,    0.001089671728,     0.07938863325,                 0,                 0,                 0,    -0.03347661159,  -0.0006424414919,     0.07939351197,                 0,       72.85555018
          0,           0,         380,      -11.25505782,      -12.15975246,      -11.77105893,      -10.70604357,             0.448,    0.001089671726,     0.07938863332,                 0,                 0,                 0,    -0.03347661158,  -0.0006424414952,     0.07939351204,                 0,       72.85555036
          0,           0,         381,       -11.2665933,      -12.17071769,      -11.78265157,        -10.717555,             0.448,    0.001089671724,     0.07938863339,                 0,                 0,                 0,    -0.03347661158,  -0.0006424414984,     0.07939351211,                 0,       72.85555054
          0,           0,         382,      -11.27811461,      -12.18150989,      -11.79438121,      -10.72904529,             0.448,    0.001089671723,     0.07938863345,                 0,                 0,                 0,    -0.03347661158,  -0.0006424415014,     0.07939351217,                 0,       72.85555071
          0,           0,         383,      -11.28963542,      -12.19217374,      -11.80625864,      -10.74052852,             0.448,    0.001089671721,      0.0793886335,                 0,                 0,                 0,    -0.03347661158,  -0.0006424415043,     0.07939351222,                 0,       72.85555088
          0,           0,         384,      -11.30116934,      -12.20276002,      -11.81829286,      -10.75201891,             0.448,    0.001089671719,     0.07938863356,                 0,                 0,                 0,    -0.03347661158,  -0.0006424415071,     0.07939351227,                 0,       72.85555103
          0,           0,         385,      -11.31272987,      -12.21332208,      -11.83049036,      -10.76353059,             0.448,    0.001089671718,      0.0793886336,                 0,                 0,                 0,    -0.03347661158,  -0.0006424415098,     0.07939351232,                 0,       72.85555119
          0,           0,         386,      -11.32433011,      -12.22389559,      -11.84285619,      -10.77507713,             0.448,    0.001089671716,     0.07938863365,                 0,                 0,                 0,    -0.03347661158,  -0.0006424415123,     0.07939351236,                 0,       72.85555133
          0,           0,         387,      -11.33598246,      -12.23452565,      -11.85539297,      -10.78667172,             0.448,    0.001089671715,     0.07938863368,                 0,                 0,                 0,    -0.03347661158,  -0.0006424415147,      0.0793935124,                 0,       72.85555147
          0,           0,         388,      -11.34769848,      -12.24524436,      -11.86810072,      -10.79832658,             0.448,    0.001089671713,     0.07938863372,                 0,                 0,                 0,    -0.03347661158,   -0.000642441517,     0.07939351244,                 0,        72.8555516
          0,           0,         389,       -11.3594888,       -12.2560871,      -11.88097792,        -10.810053,             0.448,    0.001089671712,     0.07938863375,                 0,                 0,                 0,    -0.03347661158,  -0.0006424415191,     0.07939351247,                 0,       72.85555173
          0,           0,         390,      -11.37136302,      -12.26707069,      -11.89402017,      -10.82186117,             0.448,     0.00108967171,     0.07938863378,                 0,                 0,                 0,    -0.03347661158,  -0.0006424415211,      0.0793935125,                 0,       72.85555184
          0,           0,         391,       -11.3833295,      -12.27822159,      -11.90722114,      -10.83376024,             0.448,    0.001089671709,     0.07938863381,                 0,                 0,                 0,    -0.03347661158,  -0.0006424415229,     0.07939351253,                 0,       72.85555195
          0,           0,         392,      -11.39539513,      -12.28955509,      -11.92057188,      -10.84575775,             0.448,    0.001089671708,     0.07938863383,                 0,                 0,                 0,    -0.03347661159,  -0.0006424415245,     0.07939351255,                 0,       72.85555205
          0,           0,         393,      -11.40756555,      -12.30107893,       -11.9340618,      -10.85785994,             0.448,    0.001089671707,     0.07938863385,                 0,                 0,                 0,    -0.03347661159,  -0.0006424415261,     0.07939351257,                 0,       72.85555214
          0,           0,         394,      -11.41984509,      -12.31279316,      -11.94767822,      -10.87007179,             0.448,    0.001089671706,     0.07938863387,                 0,                 0,                 0,    -0.03347661159,  -0.0006424415275,     0.07939351259,                 0,       72.85555222
          0,           0,         395,       -11.4322363,      -12.32470269,      -11.96140625,      -10.88239654,             0.448,    0.001089671705,     0.07938863388,                 0,                 0,                 0,    -0.03347661159,  -0.0006424415287,      0.0793935126,                 0,        72.8555523
          0,           0,         396,      -11.44474045,       -12.3368033,      -11.97523005,      -10.89483607,             0.448,    0.001089671704,      0.0793886339,                 0,                 0,                 0,     -0.0334766116,  -0.0006424415298,     0.07939351262,                 0,       72.85555237
          0,           0,         397,      -11.45735753,      -12.34908668,      -11.98913158,      -10.90739088,             0.448,    0.001089671703,     0.07938863391,                 0,                 0,                 0,     -0.0334766116,  -0.0006424415308,     0.07939351263,                 0,       72.85555243
          0,           0,         398,      -11.47008561,      -12.36154286,      -12.00309196,      -10.92005975,             0.448,    0.001089671703,     0.07938863392,                 0,                 0,                 0,     -0.0334766116,  -0.0006424415317,     0.07939351264,                 0,       72.85555248
          0,           0,         399,      -11.48292162,      -12.37416087,      -12.01709143,      -10.93284007,             0.448,    0.001089671702,     0.07938863393,                 0,                 0,                 0,    -0.03347661161,  -0.0006424415324,     0.07939351264,                 0,       72.85555252
          0,           0,         400,      -11.49586123,      -12.38692386,      -12.03110917,      -10.94572811,             0.448,    0.001089671702,     0.07938863393,                 0,                 0,                 0,    -0.03347661161,   -0.000642441533,     0.07939351265,                 0,       72.85555256
          0,           0,         401,       -11.5088986,      -12.39981601,      -12.04512437,      -10.95871849,             0.448,    0.001089671701,     0.07938863394,                 0,                 0,                 0,    -0.03347661161,  -0.0006424415335,     0.07939351266,                 0,       72.85555259
          0,           0,         402,      -11.52202672,      -12.41282814,      -12.05911631,      -10.97180472,             0.448,    0.001089671701,     0.07938863394,                 0,                 0,                 0,    -0.03347661161,  -0.0006424415339,     0.07939351266,                 0,       72.85555262
          0,           0,         403,      -11.53523751,      -12.42593615,      -12.07306409,      -10.98497919,             0.448,    0.001089671701,     0.07938863394,                 0,                 0,                 0,    -0.03347661162,  -0.0006424415342,     0.07939351266,                 0,       72.85555264
          0,           0,         404,      -11.54852197,      -12.43913222,      -12.08694778,      -10.99823324,             0.448,    0.001089671701,     0.07938863395,                 0,                 0,                 0,    -0.03347661162,  -0.0006424415344,     0.07939351266,                 0,       72.85555265
          0,           0,         405,      -11.56187005,      -12.45239573,       -12.1007487,      -11.01155732,             0.448,      0.0010896717,     0.07938863395,                 0,                 0,                 0,    -0.03347661162,  -0.0006424415346,     0.07939351266,                 0,       72.85555266
          0,           0,         406,       -11.5752711,      -12.46572001,      -12.11444937,      -11.02494093,             0.448,      0.0010896717,     0.07938863395,                 0,                 0,                 0,    -0.03347661163,  -0.0006424415346,     0.07939351266,                 0,       72.85555266
          0,           0,         407,      -11.58871381,       -12.4790871,      -12.12803408,      -11.03837319,             0.448,      0.0010896717,     0.07938863395,                 0,                 0,                 0,    -0.03347661163,  -0.0006424415345,     0.07939351266,                 0,       72.85555266
          0,           0,         408,      -11.60218644,      -12.49248749,      -12.14148899,       -11.0518425,             0.448,      0.0010896717,     0.07938863394,                 0,                 0,                 0,    -0.03347661163,  -0.0006424415344,     0.07939351266,                 0,       72.85555265
          0,           0,         409,      -11.61567685,      -12.50591681,       -12.1548025,      -11.06533691,             0.448,    0.001089671701,     0.07938863394,                 0,                 0,                 0,    -0.03347661163,  -0.0006424415343,     0.07939351266,                 0,       72.85555264
          0,           0,         410,      -11.62917314,       -12.5193645,      -12.16796522,      -11.07884444,             0.448,    0.001089671701,     0.07938863394,                 0,                 0,                 0,    -0.03347661164,   -0.000642441534,     0.07939351266,                 0,       72.85555263
          0,           0,         411,      -11.64266324,      -12.53283775,      -12.18097101,      -11.09235323,             0.448,    0.001089671701,     0.07938863394,                 0,                 0,                 0,    -0.03347661164,  -0.0006424415338,     0.07939351265,                 0,       72.85555261
          0,           0,         412,      -11.65613517,      -12.54632341,      -12.19381565,       -11.1058511,             0.448,    0.001089671701,     0.07938863393,                 0,                 0,                 0,    -0.03347661164,  -0.0006424415334,     0.07939351265,                 0,       72.85555259
          0,           0,         413,      -11.66957769,      -12.55982503,      -12.20649783,      -11.11932658,             0.448,    0.001089671701,     0.07938863393,                 0,                 0,                 0,    -0.03347661165,  -0.0006424415331,     0.07939351264,                 0,       72.85555257
          0,           0,         414,      -11.68297985,      -12.57333968,      -12.21901839,      -11.13276855,             0.448,    0.001089671702,     0.07938863392,                 0,                 0,                 0,    -0.03347661165,  -0.0006424415326,     0.07939351264,                 0,       72.85555254
          0,           0,         415,      -11.69633164,      -12.58686907,      -12.23138121,      -11.14616662,             0.448,    0.001089671702,     0.07938863392,                 0,                 0,                 0,    -0.03347661165,  -0.0006424415322,     0.07939351263,                 0,       72.85555252
          0,           0,         416,      -11.70962368,      -12.60041965,       -12.2435924,      -11.15951085,             0.448,    0.001089671702,     0.07938863391,                 0,                 0,                 0,    -0.03347661166,  -0.0006424415317,     0.07939351263,                 0,       72.85555249
          0,           0,         417,      -11.72284773,      -12.61399419,      -12.25565932,      -11.17279248,             0.448,    0.001089671703,     0.07938863391,                 0,                 0,                 0,    -0.03347661166,  -0.0006424415313,     0.07939351262,                 0,       72.85555246
          0,           0,         418,      -11.73599666,      -12.62758742,       -12.2675919,      -11.18600381,             0.448,    0.001089671703,      0.0793886339,                 0,                 0,                 0,    -0.03347661166,  -0.0006424415307,     0.07939351262,                 0,       72.85555243
          0,           0,         419,      -11.74906428,      -12.64120318,       -12.2794021,      -11.19913801,             0.448,    0.001089671704,     0.07938863389,                 0,                 0,                 0,    -0.03347661167,  -0.0006424415302,     0.07939351261,                 0,        72.8555524
          0,           0,         420,      -11.76204589,      -12.65484158,      -12.29110209,       -11.2121893,             0.448,    0.001089671704,     0.07938863389,                 0,                 0,                 0,    -0.03347661167,  -0.0006424415297,      0.0793935126,                 0,       72.85555236
          0,           0,         421,      -11.77493781,       -12.6684987,      -12.30270628,      -11.22515336,             0.448,    0.001089671704,     0.07938863388,                 0,                 0,                 0,    -0.03347661167,  -0.0006424415292,      0.0793935126,                 0,       72.85555233
          0,           0,         422,      -11.78773779,      -12.68217194,       -12.3142287,      -11.23802702,             0.448,    0.001089671705,     0.07938863387,                 0,                 0,                 0,    -0.03347661168,  -0.0006424415286,     0.07939351259,                 0,        72.8555523
          0,           0,         423,      -11.80044458,      -12.69585739,      -12.32568515,      -11.25080802,             0.448,    0.001089671705,     0.07938863387,                 0,                 0,                 0,    -0.03347661168,  -0.0006424415281,     0.07939351258,                 0,       72.85555227
          0,           0,         424,      -11.81305846,      -12.70954307,      -12.33709051,       -11.2634958,             0.448,    0.001089671706,     0.07938863386,                 0,                 0,                 0,    -0.03347661168,  -0.0006424415275,     0.07939351258,                 0,       72.85555223
          0,           0,         425,      -11.82558088,      -12.72321543,      -12.34846112,      -11.27609068,             0.448,    0.001089671706,     0.07938863385,                 0,                 0,                 0,    -0.03347661168,   -0.000642441527,     0.07939351257,                 0,        72.8555522
          0,           0,         426,      -11.83801396,      -12.73687286,      -12.35981216,      -11.28859387,             0.448,    0.001089671706,     0.07938863384,                 0,                 0,                 0,    -0.03347661169,  -0.0006424415264,     0.07939351256,                 0,       72.85555217
          0,           0,         427,      -11.85036135,       -12.7504932,       -12.3711587,      -11.30100818,             0.448,    0.001089671707,     0.07938863384,                 0,                 0,                 0,    -0.03347661169,  -0.0006424415259,     0.07939351256,                 0,       72.85555214
          0,           0,         428,      -11.86262733,      -12.76405774,      -12.38251557,      -11.31333691,             0.448,    0.001089671707,     0.07938863383,                 0,                 0,                 0,    -0.03347661169,  -0.0006424415254,     0.07939351255,                 0,       72.85555211
          0,           0,         429,      -11.87481671,      -12.77755616,      -12.39389717,      -11.32558416,             0.448,    0.001089671707,     0.07938863382,                 0,                 0,                 0,     -0.0334766117,  -0.0006424415249,     0.07939351254,                 0,       72.85555208
          0,           0,         430,      -11.88693586,      -12.79096665,      -12.40531649,      -11.33775524,             0.448,    0.001089671708,     0.07938863382,                 0,                 0,                 0,     -0.0334766117,  -0.0006424415244,     0.07939351253,                 0,       72.85555205
          0,           0,         431,      -11.89899095,      -12.80426394,      -12.41678747,      -11.34985593,             0.448,    0.001089671708,     0.07938863381,                 0,                 0,                 0,     -0.0334766117,  -0.0006424415239,     0.07939351253,                 0,       72.85555202
          0,           0,         432,       -11.9109889,      -12.81744248,      -12.42832099,      -11.36189241,             0.448,    0.001089671708,      0.0793886338,                 0,                 0,                 0,     -0.0334766117,  -0.0006424415235,     0.07939351252,                 0,       72.85555199
          0,           0,         433,        -11.922937,      -12.83047549,      -12.43992875,      -11.37387168,             0.448,    0.001089671709,     0.07938863379,                 0,                 0,                 0,    -0.03347661171,   -0.000642441523,     0.07939351251,                 0,       72.85555197
          0,           0,         434,      -11.93484324,      -12.84334385,      -12.45162073,      -11.38580096,             0.448,    0.001089671709,     0.07938863379,                 0,                 0,                 0,    -0.03347661171,  -0.0006424415226,     0.07939351251,                 0,       72.85555194
          0,           0,         435,      -11.94671518,       -12.8560459,      -12.46340668,      -11.39768773,             0.448,    0.001089671709,     0.07938863378,                 0,                 0,                 0,    -0.03347661171,  -0.0006424415222,      0.0793935125,                 0,       72.85555192
          0,           0,         436,      -11.95856052,      -12.86855863,      -12.47529528,      -11.40953962,             0.448,    0.001089671709,     0.07938863377,                 0,                 0,                 0,    -0.03347661171,  -0.0006424415218,     0.07939351249,                 0,       72.85555189
          0,           0,         437,      -11.97038759,      -12.88088173,       -12.4872929,       -11.4213648,             0.448,     0.00108967171,     0.07938863377,                 0,                 0,                 0,    -0.03347661172,  -0.0006424415214,     0.07939351248,                 0,       72.85555187
          0,           0,         438,       -11.9822043,      -12.89300419,      -12.49940778,      -11.43317108,             0.448,     0.00108967171,     0.07938863376,                 0,                 0,                 0,    -0.03347661172,   -0.000642441521,     0.07939351248,                 0,       72.85555185
          0,           0,         439,      -11.99401804,      -12.90493344,      -12.51164418,      -11.44496624,             0.448,     0.00108967171,     0.07938863375,                 0,                 0,                 0,    -0.03347661172,  -0.0006424415207,     0.07939351247,                 0,       72.85555183
          0,           0,         440,      -12.00583683,      -12.91666268,      -12.52400618,      -11.45675837,             0.448,     0.00108967171,     0.07938863375,                 0,                 0,                 0,    -0.03347661172,  -0.0006424415204,     0.07939351247,                 0,       72.85555181
          0,           0,         441,      -12.01766727,      -12.92822079,      -12.53649605,      -11.46855466,             0.448,     0.00108967171,     0.07938863374,                 0,                 0,                 0,    -0.03347661172,  -0.0006424415201,     0.07939351246,                 0,        72.8555518
          0,           0,         442,      -12.02951676,      -12.93959688,      -12.54911653,       -11.4803626,             0.448,    0.001089671711,     0.07938863374,                 0,                 0,                 0,    -0.03347661172,  -0.0006424415198,     0.07939351246,                 0,       72.85555178
          0,           0,         443,      -12.04139192,       -12.9508258,      -12.56186755,      -11.49218964,             0.448,    0.001089671711,     0.07938863373,                 0,                 0,                 0,    -0.03347661172,  -0.0006424415195,     0.07939351245,                 0,       72.85555177
          0,           0,         444,      -12.05329859,       -12.9619182,      -12.57474783,       -11.5040421,             0.448,    0.001089671711,     0.07938863373,                 0,                 0,                 0,    -0.03347661173,  -0.0006424415193,     0.07939351245,                 0,       72.85555175
          0,           0,         445,      -12.06524234,      -12.97290705,      -12.58775423,      -11.51592597,             0.448,    0.001089671711,     0.07938863372,                 0,                 0,                 0,    -0.03347661173,  -0.0006424415191,     0.07939351244,                 0,       72.85555174
          0,           0,         446,      -12.07722882,       -12.9838068,      -12.60088244,      -11.52784792,             0.448,    0.001089671711,     0.07938863372,                 0,                 0,                 0,    -0.03347661173,  -0.0006424415188,     0.07939351244,                 0,       72.85555173
          0,           0,         447,      -12.08926193,       -12.9946503,      -12.61412725,      -11.53981245,             0.448,    0.001089671711,     0.07938863371,                 0,                 0,                 0,    -0.03347661173,  -0.0006424415187,     0.07939351243,                 0,       72.85555172
          0,           0,         448,      -12.10134649,      -13.00545363,      -12.62748093,      -11.55182524,             0.448,    0.001089671711,     0.07938863371,                 0,                 0,                 0,    -0.03347661173,  -0.0006424415185,     0.07939351243,                 0,       72.85555171
          0,           0,         449,      -12.11348522,      -13.01626653,      -12.64093562,      -11.56388975,             0.448,    0.001089671711,     0.07938863371,                 0,                 0,                 0,    -0.03347661173,  -0.0006424415183,     0.07939351243,                 0,        72.8555517
          0,           0,         450,      -12.12568131,      -13.02709851,       -12.6544801,      -11.57601011,             0.448,    0.001089671711,      0.0793886337,                 0,                 0,                 0,    -0.03347661173,  -0.0006424415182,     0.07939351242,                 0,       72.85555169
          0,           0,         451,      -12.13793725,      -13.03799197,       -12.6681037,      -11.58818975,             0.448,    0.001089671712,      0.0793886337,                 0,                 0,                 0,    -0.03347661173,  -0.0006424415181,     0.07939351242,                 0,       72.85555169
          0,           0,         452,      -12.15025491,      -13.04894811,      -12.68179308,      -11.60043124,             0.448,    0.001089671712,      0.0793886337,                 0,                 0,                 0,    -0.03347661173,   -0.000642441518,     0.07939351242,                 0,       72.85555168
          0,           0,         453,      -12.16263461,      -13.06001448,      -12.69553399,      -11.61273602,             0.448,    0.001089671712,      0.0793886337,                 0,                 0,                 0,    -0.03347661173,  -0.0006424415179,     0.07939351242,                 0,       72.85555168
          0,           0,         454,      -12.17507688,      -13.07120566,      -12.70931169,      -11.62510575,             0.448,    0.001089671712,      0.0793886337,                 0,                 0,                 0,    -0.03347661173,  -0.0006424415178,     0.07939351242,                 0,       72.85555167
          0,           0,         455,      -12.18758188,      -13.08253112,       -12.7231103,      -11.63754074,             0.448,    0.001089671712,      0.0793886337,                 0,                 0,                 0,    -0.03347661173,  -0.0006424415178,     0.07939351241,                 0,       72.85555167
          0,           0,         456,      -12.20014852,      -13.09400879,      -12.73691083,      -11.65004146,             0.448,    0.001089671712,      0.0793886337,                 0,                 0,                 0,    -0.03347661173,  -0.0006424415177,     0.07939351241,                 0,       72.85555167
          0,           0,         457,      -12.21277459,       -13.1056614,      -12.75069771,      -11.66260654,             0.448,    0.001089671712,      0.0793886337,                 0,                 0,                 0,    -0.03347661173,  -0.0006424415177,     0.07939351241,                 0,       72.85555167
          0,           0,         458,      -12.22545774,      -13.11749999,       -12.7644528,        -11.675234,             0.448,    0.001089671712,      0.0793886337,                 0,                 0,                 0,    -0.03347661172,  -0.0006424415177,     0.07939351241,                 0,       72.85555166
          0,           0,         459,      -12.23819561,      -13.12951737,      -12.77815841,      -11.68792258,             0.448,    0.001089671712,      0.0793886337,                 0,                 0,                 0,    -0.03347661172,  -0.0006424415177,     0.07939351241,                 0,       72.85555166
          0,           0,         460,      -12.25098355,      -13.14172697,      -12.79179596,      -11.70066861,             0.448,    0.001089671712,      0.0793886337,                 0,                 0,                 0,    -0.03347661172,  -0.0006424415177,     0.07939351241,                 0,       72.85555166
          0,           0,         461,      -12.26381765,      -13.15413578,      -12.80534884,      -11.71346825,             0.448,    0.001089671712,      0.0793886337,                 0,                 0,                 0,    -0.03347661172,  -0.0006424415177,     0.07939351242,                 0,       72.85555167
          0,           0,         462,      -12.27669321,      -13.16675037,       -12.8188008,      -11.72631815,             0.448,    0.001089671712,      0.0793886337,                 0,                 0,                 0,    -0.03347661172,  -0.0006424415177,     0.07939351242,                 0,       72.85555167
          0,           0,         463,      -12.28960365,      -13.17953168,      -12.83213701,      -11.73921126,             0.448,    0.001089671712,      0.0793886337,                 0,                 0,                 0,    -0.03347661172,  -0.0006424415178,     0.07939351242,                 0,       72.85555167
          0,           0,         464,      -12.30254343,      -13.19250227,      -12.84534367,      -11.75214337,             0.448,    0.001089671712,      0.0793886337,                 0,                 0,                 0,    -0.03347661172,  -0.0006424415178,     0.07939351242,                 0,       72.85555167
          0,           0,         465,       -12.3155052,      -13.20564219,      -12.85840933,      -11.76510729,             0.448,    0.001089671712,     0.07938863371,                 0,                 0,                 0,    -0.03347661172,  -0.0006424415179,     0.07939351242,                 0,       72.85555167
          0,           0,         466,      -12.32848217,      -13.21894856,      -12.87132237,      -11.77809593,             0.448,    0.001089671712,     0.07938863371,                 0,                 0,                 0,    -0.03347661172,   -0.000642441518,     0.07939351243,                 0,       72.85555168
          0,           0,         467,      -12.34146653,      -13.23240469,      -12.88407685,      -11.79110209,             0.448,    0.001089671712,     0.07938863371,                 0,                 0,                 0,    -0.03347661171,   -0.000642441518,     0.07939351243,                 0,       72.85555168
          0,           0,         468,      -12.35445042,      -13.24598241,      -12.89666477,      -11.80411713,             0.448,    0.001089671712,     0.07938863371,                 0,                 0,                 0,    -0.03347661171,  -0.0006424415181,     0.07939351243,                 0,       72.85555168
          0,           0,         469,      -12.36742554,      -13.25967991,       -12.9090864,      -11.81713335,             0.448,    0.001089671712,     0.07938863372,                 0,                 0,                 0,    -0.03347661171,  -0.0006424415182,     0.07939351243,                 0,       72.85555169
          0,           0,         470,      -12.38038368,      -13.27348326,      -12.92134016,      -11.83014173,             0.448,    0.001089671712,     0.07938863372,                 0,                 0,                 0,    -0.03347661171,  -0.0006424415183,     0.07939351244,                 0,       72.85555169
          0,           0,         471,      -12.39331674,      -13.28733112,      -12.93342629,      -11.84313402,             0.448,    0.001089671712,     0.07938863372,                 0,                 0,                 0,    -0.03347661171,  -0.0006424415184,     0.07939351244,                 0,       72.85555169
          0,           0,         472,       -12.4062153,      -13.30123752,      -12.94535144,      -11.85609962,             0.448,    0.001089671712,     0.07938863373,                 0,                 0,                 0,    -0.03347661171,  -0.0006424415185,     0.07939351245,                 0,        72.8555517
          0,           0,         473,      -12.41907296,      -13.31519388,      -12.95711739,      -11.86903113,             0.448,    0.001089671712,     0.07938863373,                 0,                 0,                 0,    -0.03347661171,  -0.0006424415186,     0.07939351245,                 0,        72.8555517
          0,           0,         474,      -12.43188124,      -13.32913158,      -12.96873939,      -11.88191988,             0.448,    0.001089671712,     0.07938863373,                 0,                 0,                 0,     -0.0334766117,  -0.0006424415187,     0.07939351245,                 0,       72.85555171
          0,           0,         475,      -12.44463328,      -13.34306071,      -12.98022633,      -11.89475796,             0.448,    0.001089671712,     0.07938863374,                 0,                 0,                 0,     -0.0334766117,  -0.0006424415188,     0.07939351246,                 0,       72.85555171
          0,           0,         476,       -12.4573227,      -13.35693474,      -12.99158853,      -11.90753715,             0.448,    0.001089671712,     0.07938863374,                 0,                 0,                 0,     -0.0334766117,  -0.0006424415189,     0.07939351246,                 0,       72.85555172
          0,           0,         477,      -12.46994197,      -13.37081819,      -13.00283924,      -11.92024906,             0.448,    0.001089671712,     0.07938863375,                 0,                 0,                 0,     -0.0334766117,   -0.000642441519,     0.07939351246,                 0,       72.85555173
          0,           0,         478,      -12.48248842,       -13.3845878,      -13.01399725,      -11.93288963,             0.448,    0.001089671712,     0.07938863375,                 0,                 0,                 0,     -0.0334766117,  -0.0006424415191,     0.07939351247,                 0,       72.85555173
          0,           0,         479,      -12.49495796,      -13.39822177,      -13.02507286,      -11.94545349,             0.448,    0.001089671712,     0.07938863375,                 0,                 0,                 0,     -0.0334766117,  -0.0006424415192,     0.07939351247,                 0,       72.85555174
          0,           0,         480,      -12.50734527,      -13.41178384,       -13.0360868,      -11.95793366,             0.448,    0.001089671711,     0.07938863376,                 0,                 0,                 0,     -0.0334766117,  -0.0006424415194,     0.07939351248,                 0,       72.85555174
          0,           0,         481,      -12.51965004,      -13.42518702,      -13.04705549,      -11.97032812,             0.448,    0.001089671711,     0.07938863376,                 0,                 0,                 0,     -0.0334766117,  -0.0006424415195,     0.07939351248,                 0,       72.85555175
          0,           0,         482,      -12.53187198,      -13.43846839,      -13.05799547,      -11.98263578,             0.448,    0.001089671711,     0.07938863377,                 0,                 0,                 0,     -0.0334766117,  -0.0006424415196,     0.07939351248,                 0,       72.85555175
          0,           0,         483,       -12.5440097,      -13.45160386,      -13.06892197,      -11.99485384,             0.448,    0.001089671711,     0.07938863377,                 0,                 0,                 0,    -0.03347661169,  -0.0006424415197,     0.07939351249,                 0,       72.85555176
          0,           0,         484,      -12.55606616,      -13.46459198,      -13.07984787,      -12.00698389,             0.448,    0.001089671711,     0.07938863377,                 0,                 0,                 0,    -0.03347661169,  -0.0006424415198,     0.07939351249,                 0,       72.85555177
          0,           0,         485,      -12.56804366,      -13.47738257,      -13.09080331,      -12.01902707,             0.448,    0.001089671711,     0.07938863378,                 0,                 0,                 0,    -0.03347661169,  -0.0006424415199,      0.0793935125,                 0,       72.85555177
          0,           0,         486,      -12.57994624,      -13.49002253,      -13.10178887,      -12.03098625,             0.448,    0.001089671711,     0.07938863378,                 0,                 0,                 0,    -0.03347661169,  -0.0006424415201,      0.0793935125,                 0,       72.85555178
          0,           0,         487,      -12.59177781,      -13.50251534,      -13.11282473,      -12.04286472,             0.448,    0.001089671711,     0.07938863378,                 0,                 0,                 0,    -0.03347661169,  -0.0006424415202,      0.0793935125,                 0,       72.85555178
          0,           0,         488,       -12.6035464,      -13.51473571,      -13.12392237,      -12.05467027,             0.448,    0.001089671711,     0.07938863379,                 0,                 0,                 0,    -0.03347661169,  -0.0006424415203,     0.07939351251,                 0,       72.85555179
          0,           0,         489,      -12.61525627,      -13.52687945,      -13.13509723,      -12.06640497,             0.448,    0.001089671711,     0.07938863379,                 0,                 0,                 0,    -0.03347661169,  -0.0006424415204,     0.07939351251,                 0,       72.85555179
          0,           0,         490,      -12.62691569,      -13.53881232,      -13.14635353,      -12.07807959,             0.448,    0.001089671711,     0.07938863379,                 0,                 0,                 0,    -0.03347661169,  -0.0006424415205,     0.07939351251,                 0,        72.8555518
          0,           0,         491,      -12.63853399,      -13.55057721,      -13.15771301,      -12.08970046,             0.448,    0.001089671711,      0.0793886338,                 0,                 0,                 0,    -0.03347661169,  -0.0006424415206,     0.07939351251,                 0,        72.8555518
          0,           0,         492,      -12.65011904,      -13.56221896,      -13.16917551,      -12.10127707,             0.448,    0.001089671711,      0.0793886338,                 0,                 0,                 0,    -0.03347661169,  -0.0006424415207,     0.07939351252,                 0,       72.85555181
          0,           0,         493,      -12.66168072,      -13.57365681,      -13.18075317,      -12.11281843,             0.448,    0.001089671711,      0.0793886338,                 0,                 0,                 0,    -0.03347661169,  -0.0006424415208,     0.07939351252,                 0,       72.85555181
          0,           0,         494,       -12.6732271,      -13.58509331,      -13.19244458,       -12.1243352,             0.448,    0.001089671711,      0.0793886338,                 0,                 0,                 0,    -0.03347661169,  -0.0006424415209,     0.07939351252,                 0,       72.85555182
          0,           0,         495,      -12.68477004,      -13.59624416,      -13.20427187,      -12.13583796,             0.448,    0.001089671711,     0.07938863381,                 0,                 0,                 0,    -0.03347661169,   -0.000642441521,     0.07939351253,                 0,       72.85555183
          0,           0,         496,      -12.69631782,      -13.60732521,      -13.21622368,      -12.14733679,             0.448,    0.001089671711,     0.07938863381,                 0,                 0,                 0,    -0.03347661169,  -0.0006424415211,     0.07939351253,                 0,       72.85555183
          0,           0,         497,      -12.70788089,      -13.61833639,      -13.22831265,      -12.15884154,             0.448,    0.001089671711,     0.07938863381,                 0,                 0,                 0,    -0.03347661169,  -0.0006424415212,     0.07939351253,                 0,       72.85555183
          0,           0,         498,      -12.71946807,      -13.62925213,      -13.24053099,      -12.17036348,             0.448,    0.001089671711,     0.07938863381,                 0,                 0,                 0,    -0.03347661169,  -0.0006424415212,     0.07939351253,                 0,       72.85555184
          0,           0,         499,       -12.7310877,      -13.64011251,      -13.25289093,      -12.18191102,             0.448,    0.001089671711,     0.07938863381,                 0,                 0,                 0,    -0.03347661169,  -0.0006424415213,     0.07939351253,                 0,       72.85555184
          0,           0,         500,      -12.74275054,      -13.65082604,      -13.26537958,      -12.19349548,             0.448,    0.001089671711,     0.07938863382,                 0,                 0,                 0,    -0.03347661169,  -0.0006424415214,     0.07939351253,                 0,       72.85555185
          0,           0,         501,      -12.75446251,      -13.66156468,      -13.27799966,      -12.20512561,             0.448,    0.001089671711,     0.07938863382,                 0,                 0,                 0,    -0.03347661169,  -0.0006424415215,     0.07939351254,                 0,       72.85555185
          0,           0,         502,      -12.76623242,       -13.6722756,      -13.29075045,      -12.21680991,             0.448,    0.001089671711,     0.07938863382,                 0,                 0,                 0,    -0.03347661169,  -0.0006424415215,     0.07939351254,                 0,       72.85555186
          0,           0,         503,      -12.77806609,       -13.6830415,      -13.30362427,      -12.22855651,             0.448,    0.001089671711,     0.07938863382,                 0,                 0,                 0,    -0.03347661169,  -0.0006424415216,     0.07939351254,                 0,       72.85555186
          0,           0,         504,      -12.78997106,      -13.69370576,      -13.31661317,      -12.24037261,             0.448,    0.001089671711,     0.07938863382,                 0,                 0,                 0,    -0.03347661169,  -0.0006424415217,     0.07939351254,                 0,       72.85555186
          0,           0,         505,      -12.80194828,      -13.70443432,      -13.32971732,      -12.25226204,             0.448,     0.00108967171,     0.07938863382,                 0,                 0,                 0,    -0.03347661169,  -0.0006424415217,     0.07939351254,                 0,       72.85555187
          0,           0,         506,      -12.81400898,      -13.71526177,      -13.34292229,      -12.26423549,             0.448,     0.00108967171,     0.07938863382,                 0,                 0,                 0,    -0.03347661169,  -0.0006424415218,     0.07939351254,                 0,       72.85555187
          0,           0,         507,      -12.82615249,      -13.72610739,      -13.35621899,      -12.27629281,             0.448,     0.00108967171,     0.07938863382,                 0,                 0,                 0,    -0.03347661169,  -0.0006424415218,     0.07939351254,                 0,       72.85555187
          0,           0,         508,      -12.83838111,      -13.73696129,       -13.3695976,       -12.2884402,             0.448,     0.00108967171,     0.07938863382,                 0,                 0,                 0,    -0.03347661169,  -0.0006424415218,     0.07939351254,                 0,       72.85555187
          0,           0,         509,      -12.85069748,      -13.74792717,      -13.38304665,      -12.30067991,             0.448,     0.00108967171,     0.07938863382,                 0,                 0,                 0,    -0.03347661169,  -0.0006424415219,     0.07939351254,                 0,       72.85555188
          0,           0,         510,       -12.8631014,      -13.75913018,       -13.3965566,      -12.31301102,             0.448,     0.00108967171,     0.07938863382,                 0,                 0,                 0,    -0.03347661169,  -0.0006424415219,     0.07939351254,                 0,       72.85555188
          0,           0,         511,       -12.8755944,      -13.77038785,      -13.41011541,       -12.3254378,             0.448,     0.00108967171,     0.07938863382,                 0,                 0,                 0,    -0.03347661169,  -0.0006424415219,     0.07939351254,                 0,       72.85555188
          0,           0,         512,      -12.88817457,      -13.78166624,      -13.42370065,      -12.33795718,             0.448,     0.00108967171,     0.07938863382,                 0,                 0,                 0,    -0.03347661169,   -0.000642441522,     0.07939351254,                 0,       72.85555188
          0,           0,         513,      -12.90084114,      -13.79314478,       -13.4373068,      -12.35057059,             0.448,     0.00108967171,     0.07938863382,                 0,                 0,                 0,    -0.03347661169,   -0.000642441522,     0.07939351254,                 0,       72.85555188
          0,           0,         514,      -12.91358766,      -13.80468505,      -13.45091216,      -12.36327134,             0.448,     0.00108967171,     0.07938863382,                 0,                 0,                 0,    -0.03347661169,   -0.000642441522,     0.07939351254,                 0,       72.85555189
          0,           0,         515,      -12.92641624,      -13.81654166,      -13.46452421,      -12.37606424,             0.448,     0.00108967171,     0.07938863382,                 0,                 0,                 0,    -0.03347661169,   -0.000642441522,     0.07939351254,                 0,       72.85555189
          0,           0,         516,      -12.93931803,      -13.82854185,      -13.47810354,      -12.38893638,             0.448,     0.00108967171,     0.07938863382,                 0,                 0,                 0,    -0.03347661169,   -0.000642441522,     0.07939351254,                 0,       72.85555189
          0,           0,         517,      -12.95228811,      -13.84062799,      -13.49163831,      -12.40188526,             0.448,     0.00108967171,     0.07938863382,                 0,                 0,                 0,    -0.03347661169,   -0.000642441522,     0.07939351254,                 0,       72.85555189
          0,           0,         518,      -12.96532401,      -13.85288411,      -13.50511818,      -12.41491002,             0.448,     0.00108967171,     0.07938863382,                 0,                 0,                 0,    -0.03347661169,   -0.000642441522,     0.07939351254,                 0,       72.85555189
          0,           0,         519,      -12.97841146,      -13.86548628,      -13.51852507,      -12.42799595,             0.448,     0.00108967171,     0.07938863382,                 0,                 0,                 0,    -0.03347661169,   -0.000642441522,     0.07939351254,                 0,       72.85555189
          0,           0,         520,       -12.9915501,      -13.87810416,      -13.53185799,      -12.44114195,             0.448,     0.00108967171,     0.07938863382,                 0,                 0,                 0,    -0.03347661169,   -0.000642441522,     0.07939351253,                 0,       72.85555189
          0,           0,         521,      -13.00472882,      -13.89107604,      -13.54508641,      -12.45433625,             0.448,     0.00108967171,     0.07938863382,                 0,                 0,                 0,    -0.03347661169,   -0.000642441522,     0.07939351253,                 0,       72.85555189
