NDIME= 2
NELEM= 10216
5	417	69	311	0
5	302	55	56	1
5	405	159	384	2
5	594	427	450	3
5	315	71	72	4
5	319	4	262	5
5	270	39	40	6
5	327	65	66	7
5	451	259	325	8
5	441	40	41	9
5	358	147	148	10
5	287	12	13	11
5	252	144	145	12
5	254	56	57	13
5	348	96	269	14
5	262	4	5	15
5	647	465	525	16
5	453	308	449	17
5	309	282	15	18
5	560	265	470	19
5	369	185	186	20
5	420	271	27	21
5	432	137	376	22
5	643	471	270	23
5	429	121	354	24
5	282	14	15	25
5	568	446	456	26
5	292	257	31	27
5	617	385	457	28
5	831	694	478	29
5	274	24	25	30
5	470	346	454	31
5	311	69	70	32
5	291	20	278	33
5	286	24	274	34
5	257	30	31	35
5	255	0	1	36
5	996	809	797	37
5	342	79	312	38
5	280	18	19	39
5	543	319	518	40
5	316	42	294	41
5	507	356	439	42
5	543	293	319	43
5	546	298	299	44
5	324	288	9	45
5	749	548	648	46
5	270	251	39	47
5	542	459	257	48
5	258	36	37	49
5	322	18	280	50
5	315	72	290	51
5	555	313	342	52
5	288	8	9	53
5	645	348	465	54
5	323	14	282	55
5	308	62	63	56
5	300	75	76	57
5	335	84	303	58
5	421	60	305	59
5	334	38	251	60
5	749	549	548	61
5	285	53	54	62
5	302	56	254	63
5	751	644	725	64
5	250	82	83	65
5	294	42	43	66
5	301	87	88	67
5	279	80	81	68
5	305	60	61	69
5	531	475	278	70
5	554	448	540	71
5	271	26	27	72
5	284	89	90	73
5	416	111	112	74
5	329	260	33	75
5	475	291	278	76
5	340	0	255	77
5	277	106	107	78
5	420	28	272	79
5	295	52	53	80
5	316	41	42	81
5	333	294	43	82
5	825	476	650	83
5	331	300	76	84
5	762	555	664	85
5	295	53	285	86
5	290	72	73	87
5	337	90	91	88
5	312	79	80	89
5	511	320	336	90
5	1041	890	895	91
5	555	342	464	92
5	946	762	848	93
5	564	314	556	94
5	345	52	295	95
5	335	250	83	96
5	449	63	64	97
5	338	254	57	98
5	842	642	557	99
5	338	57	58	100
5	517	256	293	101
5	259	101	102	102
5	512	281	350	103
5	348	95	96	104
5	441	270	40	105
5	361	177	178	106
5	266	99	100	107
5	510	451	325	108
5	580	353	413	109
5	372	115	116	110
5	367	117	118	111
5	357	151	349	112
5	412	375	127	113
5	639	273	436	114
5	381	157	158	115
5	492	368	430	116
5	377	147	358	117
5	400	173	390	118
5	437	365	182	119
5	406	161	253	120
5	403	253	162	121
5	395	181	365	122
5	397	175	393	123
5	408	157	381	124
5	619	408	381	125
5	401	386	166	126
5	399	388	170	127
5	834	690	450	128
5	585	377	358	129
5	387	163	164	130
5	404	165	386	131
5	353	112	113	132
5	424	321	109	133
5	363	252	145	134
5	363	145	146	135
5	481	429	354	136
5	607	393	484	137
5	1544	685	720	138
5	653	485	490	139
5	275	132	133	140
5	409	382	129	141
5	373	135	136	142
5	614	482	253	143
5	355	143	144	144
5	409	130	383	145
5	380	354	122	146
5	486	435	273	147
5	436	273	140	148
5	411	126	375	149
5	360	186	187	150
5	593	394	488	151
5	850	681	706	152
5	393	175	176	153
5	806	611	604	154
5	398	177	361	155
5	784	587	502	156
5	403	162	163	157
5	402	169	388	158
5	253	161	162	159
5	396	188	359	160
5	388	169	170	161
5	1083	868	726	162
5	390	173	174	163
5	484	393	398	164
5	356	195	196	165
5	380	122	123	166
5	432	373	136	167
5	375	126	127	168
5	412	128	382	169
5	357	150	151	170
5	355	144	252	171
5	364	141	142	172
5	624	483	375	173
5	435	139	273	174
5	482	479	406	175
5	424	110	351	176
5	623	412	382	177
5	595	501	352	178
5	325	259	102	179
5	328	46	296	180
5	269	96	97	181
5	1361	1264	1068	182
5	530	286	462	183
5	550	306	421	184
5	251	38	39	185
5	423	103	104	186
5	350	99	266	187
5	693	451	510	188
5	483	411	375	189
5	352	114	115	190
5	633	478	424	191
5	444	150	357	192
5	427	117	367	193
5	588	395	365	194
5	385	154	261	195
5	655	491	587	196
5	369	186	360	197
5	581	431	485	198
5	386	165	166	199
5	5232	5214	5229	200
5	508	503	443	201
5	5232	5226	5214	202
5	1099	878	1090	203
5	5231	207	5222	204
5	5231	206	207	205
5	5230	5210	5219	206
5	5230	5213	5210	207
5	5229	5199	5213	208
5	5229	5214	5199	209
5	5228	204	205	210
5	5228	5217	204	211
5	5225	5219	5200	212
5	5225	249	5219	213
5	5232	5229	202	214
5	5232	202	203	215
5	5227	247	248	216
5	5227	5196	5212	217
5	5224	5195	5209	218
5	5224	5202	5195	219
5	5223	225	226	220
5	5223	5220	225	221
5	5224	5228	205	222
5	5231	205	206	223
5	5221	5173	5203	224
5	5221	5201	5173	225
5	5220	5211	225	226
5	5220	5181	5211	227
5	5230	200	201	228
5	5230	5229	5213	229
5	5219	5210	5191	230
5	5225	5218	248	231
5	5231	5202	5224	232
5	5231	5222	5202	233
5	5216	227	228	234
5	5216	5208	227	235
5	5215	207	208	236
5	5222	5206	5189	237
5	5232	203	5226	238
5	5230	201	5229	239
5	5214	5205	5174	240
5	5229	201	202	241
5	5212	246	247	242
5	5221	246	5212	243
5	5211	5180	224	244
5	5211	5181	5180	245
5	5210	5152	5191	246
5	5210	5190	5152	247
5	5231	5224	205	248
5	5228	5224	5209	249
5	5223	5208	5185	250
5	5223	226	227	251
5	5207	5180	5166	252
5	5207	223	5180	253
5	5222	5189	5202	254
5	5222	5215	5206	255
5	5226	5205	5214	256
5	5217	5188	5205	257
5	5197	229	230	258
5	5197	5179	229	259
5	5203	5163	5193	260
5	5203	5173	5163	261
5	5215	208	209	262
5	5222	207	5215	263
5	5221	5212	5201	264
5	5221	245	246	265
5	5230	5219	200	266
5	5219	249	200	267
5	5205	5154	5174	268
5	5226	5217	5205	269
5	5198	221	222	270
5	5198	5186	221	271
5	5197	5121	5179	272
5	5197	5088	5121	273
5	5212	5196	5170	274
5	5201	5170	5145	275
5	5195	5140	5169	276
5	5195	5157	5140	277
5	5192	241	5168	278
5	5192	240	241	279
5	5193	5160	243	280
5	5193	5163	5160	281
5	5223	5185	5220	282
5	5211	224	225	283
5	5213	5199	5190	284
5	5225	248	249	285
5	5184	5150	218	286
5	5184	5127	5150	287
5	5183	212	5155	288
5	5183	211	212	289
5	5228	5209	5217	290
5	5209	5169	5188	291
5	5187	241	242	292
5	5187	5160	5139	293
5	5186	220	221	294
5	5186	5151	220	295
5	5220	5185	5161	296
5	5220	5161	5181	297
5	5184	219	5151	298
5	5184	5151	5127	299
5	5183	5155	5125	300
5	5149	210	211	301
5	5190	5113	5152	302
5	5182	5112	5162	303
5	5223	227	5208	304
5	5181	5167	5147	305
5	5180	223	224	306
5	5207	5166	5194	307
5	5216	5179	5177	308
5	5179	5158	5177	309
5	5178	5156	5135	310
5	5178	215	5156	311
5	5177	5158	5130	312
5	5179	228	229	313
5	5191	5129	5143	314
5	5227	5212	247	315
5	5204	5142	5175	316
5	5204	214	5178	317
5	5174	5118	5146	318
5	5174	5154	5118	319
5	5171	5144	238	320
5	5171	5116	5144	321
5	5171	5148	5116	322
5	5172	216	217	323
5	5171	238	239	324
5	5172	217	5150	325
5	5176	5133	5153	326
5	5218	5176	5196	327
5	5202	5189	5157	328
5	5226	204	5217	329
5	5194	5166	5131	330
5	5192	5138	5148	331
5	5167	5134	5122	332
5	5167	5161	5134	333
5	5166	5096	5131	334
5	5166	5147	5096	335
5	5165	5091	5123	336
5	5165	5130	5091	337
5	5198	5194	5164	338
5	5207	222	223	339
5	5201	5145	5173	340
5	5203	5193	244	341
5	5162	5108	5128	342
5	5162	5112	5108	343
5	5181	5147	5180	344
5	5208	5165	5185	345
5	5208	5177	5165	346
5	5216	5177	5208	347
5	5159	5087	5111	348
5	5159	5115	5087	349
5	5158	5105	5130	350
5	5192	5168	5138	351
5	5189	5114	5157	352
5	5206	5128	5189	353
5	5192	5148	240	354
5	5148	239	240	355
5	5155	5090	5125	356
5	5155	5132	5090	357
5	5154	5101	5118	358
5	5154	5119	5101	359
5	5153	5082	5124	360
5	5153	5133	5082	361
5	5191	5152	5129	362
5	5227	248	5218	363
5	5164	5107	5137	364
5	5151	219	220	365
5	5184	218	219	366
5	5150	217	218	367
5	5217	5209	5188	368
5	5182	5162	209	369
5	5178	214	215	370
5	5148	5138	5086	371
5	5207	5194	222	372
5	5147	5122	5096	373
5	5199	5174	5146	374
5	5219	5191	5200	375
5	5145	5098	5126	376
5	5145	5124	5098	377
5	5144	237	238	378
5	5144	5115	237	379
5	5152	5076	5129	380
5	5200	5191	5143	381
5	5175	5155	212	382
5	5183	5149	211	383
5	5141	5094	5061	384
5	5141	5121	5094	385
5	5215	5162	5206	386
5	5214	5174	5199	387
5	5139	5102	5100	388
5	5139	5120	5102	389
5	5187	242	243	390
5	5194	5131	5164	391
5	5198	5164	5186	392
5	5186	5164	5137	393
5	5197	5136	5088	394
5	5197	230	5136	395
5	5135	5047	5093	396
5	5135	5092	5047	397
5	5167	5122	5147	398
5	438	198	199	399
5	5161	5106	5134	400
5	1036	844	843	401
5	307	86	87	402
5	661	506	199	403
5	5189	5128	5114	404
5	508	443	356	405
5	5112	5074	5108	406
5	685	657	503	407
5	5156	5092	5135	408
5	508	356	507	409
5	5204	5178	5142	410
5	659	438	506	411
5	5161	5123	5106	412
5	439	356	196	413
5	5187	5139	5168	414
5	443	195	356	415
5	5177	5130	5165	416
5	485	431	433	417
5	5185	5123	5161	418
5	660	517	543	419
5	5129	5071	5081	420
5	385	153	154	421
5	5129	5076	5071	422
5	661	199	515	423
5	5190	5146	5113	424
5	5188	5169	5119	425
5	5186	5137	5151	426
5	354	121	122	427
5	5182	210	5149	428
5	416	351	111	429
5	5170	5124	5145	430
5	1230	1086	1051	431
5	5203	244	245	432
5	410	132	275	433
5	5183	5125	5149	434
5	415	108	321	435
5	5182	5149	5112	436
5	347	101	259	437
5	5124	5045	5098	438
5	318	89	284	439
5	5124	5082	5045	440
5	425	106	277	441
5	5187	5168	241	442
5	578	347	452	443
5	5180	5147	5166	444
5	325	102	103	445
5	5134	5097	5109	446
5	473	464	312	447
5	5134	5109	5122	448
5	769	737	516	449
5	5179	5121	5158	450
5	5158	5121	5141	451
5	5160	5120	5139	452
5	347	100	101	453
5	5168	5100	5138	454
5	445	95	348	455
5	5140	5103	5056	456
5	671	579	645	457
5	5205	5188	5154	458
5	303	84	85	459
5	5146	5118	5089	460
5	445	336	94	461
5	5146	5089	5113	462
5	721	509	477	463
5	5117	5077	5046	464
5	320	92	93	465
5	5117	234	5077	466
5	335	83	84	467
5	5116	5086	5064	468
5	447	82	250	469
5	5138	5100	5070	470
5	764	754	540	471
5	5159	236	237	472
5	339	71	315	473
5	5159	237	5115	474
5	306	58	59	475
5	5169	5140	5085	476
5	5140	5056	5085	477
5	5113	5052	5076	478
5	292	31	32	479
5	5113	5089	5052	480
5	419	12	287	481
5	5159	5111	236	482
5	288	268	8	483
5	5111	235	236	484
5	293	2	3	485
5	5128	5084	5114	486
5	293	256	2	487
5	5111	5087	5057	488
5	1394	1257	1239	489
5	5110	5048	5092	490
5	340	199	0	491
5	5110	5079	5048	492
5	1218	517	853	493
5	5109	5049	5038	494
5	729	460	521	495
5	5109	5097	5049	496
5	746	543	518	497
5	5149	5099	5112	498
5	5209	5195	5169	499
5	5107	5020	5063	500
5	5107	5068	5020	501
5	312	80	279	502
5	762	562	555	503
5	460	263	267	504
5	670	470	454	505
5	273	139	140	506
5	641	588	365	507
5	384	159	160	508
5	261	154	155	509
5	304	55	302	510
5	573	332	466	511
5	742	537	741	512
5	1505	888	1371	513
5	256	255	1	514
5	256	1	2	515
5	330	30	257	516
5	472	345	295	517
5	346	36	258	518
5	260	32	33	519
5	511	456	320	520
5	452	259	451	521
5	329	34	265	522
5	292	32	260	523
5	813	617	667	524
5	349	151	152	525
5	521	460	267	526
5	726	515	340	527
5	263	262	5	528
5	263	5	6	529
5	264	261	155	530
5	264	155	156	531
5	329	33	34	532
5	265	34	35	533
5	510	325	423	534
5	514	284	467	535
5	267	263	6	536
5	267	6	7	537
5	268	267	7	538
5	268	7	8	539
5	452	347	259	540
5	509	418	425	541
5	476	330	459	542
5	422	296	47	543
5	326	26	271	544
5	317	22	276	545
5	420	27	28	546
5	272	28	29	547
5	480	400	390	548
5	374	275	133	549
5	570	474	254	550
5	276	22	23	551
5	590	519	252	552
5	374	133	134	553
5	575	343	308	554
5	278	20	21	555
5	415	107	108	556
5	625	321	478	557
5	565	557	294	558
5	557	316	294	559
5	466	332	417	560
5	563	540	300	561
5	642	441	316	562
5	471	251	270	563
5	281	269	97	564
5	281	97	98	565
5	309	16	283	566
5	470	265	346	567
5	309	15	16	568
5	283	16	17	569
5	307	87	301	570
5	675	568	456	571
5	333	43	44	572
5	314	44	45	573
5	286	276	23	574
5	286	23	24	575
5	528	462	274	576
5	533	455	280	577
5	324	10	289	578
5	535	323	282	579
5	324	9	10	580
5	289	10	11	581
5	498	466	417	582
5	310	290	73	583
5	291	280	19	584
5	291	19	20	585
5	938	928	741	586
5	537	468	287	587
5	534	283	322	588
5	521	267	268	589
5	514	318	284	590
5	297	50	51	591
5	422	47	48	592
5	296	46	47	593
5	644	307	536	594
5	573	341	332	595
5	298	48	49	596
5	299	50	297	597
5	505	315	290	598
5	422	48	298	599
5	299	298	49	600
5	299	49	50	601
5	310	73	74	602
5	448	75	300	603
5	913	671	859	604
5	1110	871	1094	605
5	304	54	55	606
5	304	285	54	607
5	442	86	307	608
5	442	85	86	609
5	576	343	575	610
5	665	534	652	611
5	343	62	308	612
5	344	64	65	613
5	556	314	328	614
5	338	58	306	615
5	442	303	85	616
5	467	284	337	617
5	343	61	62	618
5	343	305	61	619
5	497	334	251	620
5	497	251	471	621
5	701	547	662	622
5	532	447	516	623
5	332	67	68	624
5	449	64	344	625
5	313	77	78	626
5	331	76	77	627
5	469	290	310	628
5	331	77	313	629
5	455	322	280	630
5	333	44	314	631
5	339	70	71	632
5	339	311	70	633
5	524	263	460	634
5	441	41	316	635
5	317	278	21	636
5	317	21	22	637
5	318	301	88	638
5	318	88	89	639
5	319	293	3	640
5	319	3	4	641
5	337	284	90	642
5	446	92	320	643
5	415	277	107	644
5	321	108	109	645
5	322	283	17	646
5	322	17	18	647
5	323	287	13	648
5	323	13	14	649
5	552	283	534	650
5	538	289	419	651
5	423	104	418	652
5	694	625	478	653
5	326	274	25	654
5	326	25	26	655
5	341	67	332	656
5	344	65	327	657
5	328	314	45	658
5	328	45	46	659
5	734	677	462	660
5	459	330	257	661
5	330	272	29	662
5	330	29	30	663
5	562	313	555	664
5	498	417	311	665
5	341	66	67	666
5	341	327	66	667
5	468	419	287	668
5	1362	1084	1218	669
5	334	258	37	670
5	334	37	38	671
5	897	675	861	672
5	540	448	300	673
5	336	320	93	674
5	336	93	94	675
5	547	318	514	676
5	768	567	566	677
5	756	520	651	678
5	461	421	305	679
5	652	534	455	680
5	746	660	543	681
5	753	741	535	682
5	1043	889	916	683
5	550	421	461	684
5	643	270	441	685
5	342	313	78	686
5	342	78	79	687
5	575	308	453	688
5	474	302	254	689
5	556	328	520	690
5	449	308	63	691
5	345	297	51	692
5	345	51	52	693
5	346	265	35	694
5	346	35	36	695
5	692	465	647	696
5	347	266	100	697
5	445	94	95	698
5	725	536	701	699
5	407	153	385	700
5	618	407	617	701
5	350	281	98	702
5	350	98	99	703
5	424	109	110	704
5	351	110	111	705
5	413	114	352	706
5	416	112	353	707
5	478	321	424	708
5	496	371	429	709
5	426	367	118	710
5	372	352	115	711
5	378	143	355	712
5	436	140	141	713
5	807	611	806	714
5	359	188	189	715
5	495	383	410	716
5	591	364	378	717
5	783	584	782	718
5	493	410	275	719
5	489	398	361	720
5	394	185	369	721
5	992	880	704	722
5	365	181	182	723
5	605	391	400	724
5	392	178	179	725
5	362	358	148	726
5	362	148	149	727
5	834	450	635	728
5	799	708	504	729
5	603	387	404	730
5	436	141	364	731
5	366	179	180	732
5	392	361	178	733
5	608	480	390	734
5	392	179	366	735
5	426	119	371	736
5	626	353	580	737
5	368	359	189	738
5	368	189	190	739
5	370	183	184	740
5	437	182	183	741
5	839	640	593	742
5	437	183	370	743
5	426	118	119	744
5	371	119	120	745
5	501	413	352	746
5	627	351	416	747
5	428	135	373	748
5	599	380	414	749
5	718	598	689	750
5	824	626	823	751
5	379	124	125	752
5	414	124	379	753
5	432	136	137	754
5	376	137	138	755
5	377	363	146	756
5	377	146	147	757
5	378	364	142	758
5	378	142	143	759
5	600	481	354	760
5	686	583	487	761
5	816	620	619	762
5	689	598	483	763
5	408	156	157	764
5	408	264	156	765
5	412	127	128	766
5	382	128	129	767
5	409	129	130	768
5	383	130	131	769
5	405	158	159	770
5	405	381	158	771
5	407	152	153	772
5	407	349	152	773
5	604	389	402	774
5	640	370	593	775
5	609	391	605	776
5	403	163	387	777
5	389	167	168	778
5	401	166	167	779
5	604	402	601	780
5	401	167	389	781
5	391	171	172	782
5	399	170	171	783
5	479	384	406	784
5	399	171	391	785
5	606	504	392	786
5	593	370	394	787
5	397	174	175	788
5	397	390	174	789
5	394	370	184	790
5	394	184	185	791
5	395	366	180	792
5	395	180	181	793
5	396	360	187	794
5	396	187	188	795
5	620	523	264	796
5	615	384	479	797
5	398	393	176	798
5	398	176	177	799
5	482	406	253	800
5	614	253	403	801
5	400	391	172	802
5	400	172	173	803
5	605	400	480	804
5	489	484	398	805
5	402	389	168	806
5	402	168	169	807
5	974	788	732	808
5	622	382	409	809
5	404	387	164	810
5	404	164	165	811
5	494	376	435	812
5	621	409	383	813
5	406	384	160	814
5	406	160	161	815
5	638	436	364	816
5	583	362	444	817
5	487	444	357	818
5	583	444	487	819
5	636	376	494	820
5	617	407	385	821
5	410	383	131	822
5	410	131	132	823
5	411	379	125	824
5	411	125	126	825
5	529	428	373	826
5	634	426	371	827
5	413	353	113	828
5	413	113	114	829
5	414	380	123	830
5	414	123	124	831
5	580	413	501	832
5	509	425	477	833
5	496	429	481	834
5	527	378	355	835
5	417	332	68	836
5	417	68	69	837
5	423	325	103	838
5	418	104	105	839
5	419	289	11	840
5	419	11	12	841
5	534	322	455	842
5	533	280	291	843
5	421	306	59	844
5	421	59	60	845
5	574	327	341	846
5	646	449	344	847
5	632	418	509	848
5	861	675	669	849
5	624	375	412	850
5	500	414	379	851
5	425	418	105	852
5	425	105	106	853
5	595	372	594	854
5	690	594	450	855
5	427	372	116	856
5	427	116	117	857
5	428	374	134	858
5	428	134	135	859
5	429	371	120	860
5	429	120	121	861
5	430	368	190	862
5	430	190	191	863
5	431	430	191	864
5	431	191	192	865
5	494	435	486	866
5	639	486	273	867
5	433	431	192	868
5	433	192	193	869
5	434	433	193	870
5	434	193	194	871
5	435	376	138	872
5	435	138	139	873
5	601	402	388	874
5	602	404	386	875
5	867	506	661	876
5	812	616	615	877
5	439	196	197	878
5	440	198	438	879
5	592	395	588	880
5	586	368	492	881
5	440	439	197	882
5	440	197	198	883
5	539	521	268	884
5	541	292	260	885
5	473	312	279	886
5	532	473	279	887
5	443	434	194	888
5	443	194	195	889
5	444	362	149	890
5	444	149	150	891
5	951	767	751	892
5	1051	856	915	893
5	446	337	91	894
5	446	91	92	895
5	447	279	81	896
5	447	81	82	897
5	448	310	74	898
5	448	74	75	899
5	526	295	285	900
5	569	306	550	901
5	450	427	367	902
5	635	450	367	903
5	884	790	690	904
5	791	781	501	905
5	978	793	977	906
5	902	702	717	907
5	646	453	449	908
5	577	344	327	909
5	454	346	258	910
5	497	458	334	911
5	628	272	476	912
5	629	463	271	913
5	456	446	320	914
5	951	751	856	915
5	457	385	261	916
5	523	457	261	917
5	458	454	258	918
5	458	258	334	919
5	476	272	330	920
5	462	286	274	921
5	825	628	476	922
5	736	475	531	923
5	548	302	474	924
5	544	345	472	925
5	528	326	463	926
5	679	524	666	927
5	528	274	326	928
5	463	326	271	929
5	464	342	312	930
5	775	498	572	931
5	465	348	269	932
5	698	512	513	933
5	754	554	540	934
5	737	532	516	935
5	567	250	335	936
5	532	279	447	937
5	539	268	288	938
5	538	419	468	939
5	572	498	311	940
5	505	290	469	941
5	561	541	260	942
5	542	257	292	943
5	843	643	642	944
5	631	520	296	945
5	544	297	345	946
5	520	328	296	947
5	701	536	547	948
5	536	307	301	949
5	548	304	302	950
5	526	472	295	951
5	531	317	522	952
5	533	291	475	953
5	628	420	272	954
5	629	271	420	955
5	477	425	277	956
5	499	477	277	957
5	499	277	415	958
5	698	513	578	959
5	615	405	384	960
5	523	261	264	961
5	610	601	388	962
5	862	707	655	963
5	635	426	634	964
5	634	371	496	965
5	705	479	482	966
5	792	597	687	967
5	598	411	483	968
5	600	354	380	969
5	607	397	393	970
5	608	390	397	971
5	808	797	602	972
5	488	394	369	973
5	596	493	275	974
5	596	275	374	975
5	590	252	363	976
5	519	355	252	977
5	988	802	801	978
5	587	360	396	979
5	798	592	789	980
5	800	607	484	981
5	490	485	433	982
5	490	433	434	983
5	491	488	369	984
5	491	369	360	985
5	502	396	359	986
5	587	491	360	987
5	730	457	523	988
5	495	410	493	989
5	711	529	637	990
5	597	428	529	991
5	835	636	710	992
5	621	383	495	993
5	822	689	483	994
5	635	367	426	995
5	771	570	569	996
5	770	569	550	997
5	571	315	505	998
5	776	466	716	999
5	717	625	694	1000
5	901	852	695	1001
5	821	623	820	1002
5	599	414	500	1003
5	627	416	626	1004
5	626	416	353	1005
5	706	581	654	1006
5	587	396	502	1007
5	503	490	434	1008
5	503	434	443	1009
5	504	489	361	1010
5	504	361	392	1011
5	571	339	315	1012
5	572	311	339	1013
5	506	438	199	1014
5	943	917	743	1015
5	685	503	508	1016
5	910	681	850	1017
5	654	485	653	1018
5	987	801	800	1019
5	663	578	452	1020
5	852	663	695	1021
5	1199	1020	1198	1022
5	724	647	525	1023
5	698	578	663	1024
5	722	632	656	1025
5	859	692	847	1026
5	525	281	512	1027
5	513	512	350	1028
5	513	350	266	1029
5	566	335	303	1030
5	516	447	250	1031
5	1219	658	1080	1032
5	515	199	340	1033
5	1038	845	780	1034
5	551	303	442	1035
5	668	256	517	1036
5	868	661	515	1037
5	543	517	293	1038
5	518	319	262	1039
5	584	362	583	1040
5	527	355	519	1041
5	545	297	544	1042
5	631	296	422	1043
5	740	652	455	1044
5	752	552	665	1045
5	531	278	317	1046
5	522	317	276	1047
5	616	405	615	1048
5	782	584	583	1049
5	524	518	262	1050
5	524	262	263	1051
5	525	465	269	1052
5	525	269	281	1053
5	549	304	548	1054
5	757	556	756	1055
5	839	593	683	1056
5	591	378	527	1057
5	665	552	534	1058
5	742	696	468	1059
5	637	432	636	1060
5	637	373	432	1061
5	530	522	276	1062
5	530	276	286	1063
5	874	700	731	1064
5	747	544	700	1065
5	673	662	514	1066
5	773	505	699	1067
5	829	631	630	1068
5	765	565	564	1069
5	553	535	282	1070
5	537	287	323	1071
5	553	309	552	1072
5	537	323	535	1073
5	567	335	566	1074
5	566	303	551	1075
5	760	560	672	1076
5	744	542	541	1077
5	559	539	288	1078
5	558	289	538	1079
5	559	324	558	1080
5	759	559	758	1081
5	554	310	448	1082
5	554	469	310	1083
5	561	329	560	1084
5	542	292	541	1085
5	674	522	530	1086
5	1017	828	748	1087
5	889	758	728	1088
5	1528	1266	1364	1089
5	545	299	297	1090
5	630	422	298	1091
5	748	546	545	1092
5	546	299	545	1093
5	844	714	471	1094
5	630	298	546	1095
5	547	536	301	1096
5	547	301	318	1097
5	549	285	304	1098
5	549	526	285	1099
5	700	544	472	1100
5	715	678	458	1101
5	569	338	306	1102
5	570	254	338	1103
5	751	551	644	1104
5	567	516	250	1105
5	553	282	309	1106
5	552	309	283	1107
5	745	459	542	1108
5	672	560	470	1109
5	780	577	574	1110
5	776	573	466	1111
5	562	331	313	1112
5	563	300	331	1113
5	763	562	762	1114
5	738	473	532	1115
5	565	333	564	1116
5	642	316	557	1117
5	559	288	324	1118
5	558	324	289	1119
5	679	518	524	1120
5	753	553	752	1121
5	561	260	329	1122
5	560	329	265	1123
5	746	518	679	1124
5	734	528	733	1125
5	953	769	768	1126
5	563	331	562	1127
5	846	453	646	1128
5	699	505	469	1129
5	565	294	333	1130
5	564	333	314	1131
5	777	574	573	1132
5	845	646	577	1133
5	1086	856	1051	1134
5	723	511	579	1135
5	723	579	671	1136
5	669	456	511	1137
5	568	467	337	1138
5	568	337	446	1139
5	761	744	541	1140
5	570	338	569	1141
5	750	549	749	1142
5	1667	1374	1548	1143
5	1136	946	1047	1144
5	572	339	571	1145
5	676	550	461	1146
5	846	649	453	1147
5	773	571	505	1148
5	574	341	573	1149
5	1142	954	953	1150
5	577	327	574	1151
5	576	305	343	1152
5	576	461	305	1153
5	1037	714	844	1154
5	829	651	631	1155
5	1039	846	845	1156
5	646	344	577	1157
5	578	513	266	1158
5	578	266	347	1159
5	579	511	336	1160
5	579	336	445	1161
5	790	594	690	1162
5	633	351	627	1163
5	581	492	430	1164
5	581	430	431	1165
5	582	487	357	1166
5	582	357	349	1167
5	584	358	362	1168
5	589	363	377	1169
5	712	495	493	1170
5	585	358	584	1171
5	688	494	486	1172
5	589	377	585	1173
5	586	502	359	1174
5	586	359	368	1175
5	1092	867	661	1176
5	802	703	480	1177
5	592	366	395	1178
5	606	392	366	1179
5	1030	905	688	1180
5	590	363	589	1181
5	840	641	640	1182
5	1154	968	910	1183
5	803	605	703	1184
5	638	364	591	1185
5	789	592	588	1186
5	606	366	592	1187
5	640	437	370	1188
5	641	365	437	1189
5	595	352	372	1190
5	594	372	427	1191
5	794	500	718	1192
5	796	481	600	1193
5	787	519	590	1194
5	838	688	486	1195
5	597	596	374	1196
5	597	374	428	1197
5	598	500	379	1198
5	598	379	411	1199
5	793	596	792	1200
5	600	380	599	1201
5	821	624	623	1202
5	793	712	493	1203
5	612	602	386	1204
5	613	403	387	1205
5	611	389	604	1206
5	603	404	602	1207
5	683	593	488	1208
5	613	387	603	1209
5	611	401	389	1210
5	612	386	401	1211
5	609	399	391	1212
5	610	388	399	1213
5	681	586	492	1214
5	707	491	655	1215
5	803	609	605	1216
5	608	397	607	1217
5	840	640	839	1218
5	983	798	789	1219
5	708	489	504	1220
5	610	399	609	1221
5	812	615	684	1222
5	684	615	479	1223
5	810	614	613	1224
5	612	401	611	1225
5	1032	840	839	1226
5	801	608	607	1227
5	709	489	708	1228
5	614	403	613	1229
5	788	527	732	1230
5	682	487	582	1231
5	616	381	405	1232
5	620	264	408	1233
5	1026	834	1025	1234
5	619	381	616	1235
5	618	349	407	1236
5	618	582	349	1237
5	686	487	682	1238
5	782	583	686	1239
5	732	527	519	1240
5	620	408	619	1241
5	787	732	519	1242
5	785	589	585	1243
5	687	597	529	1244
5	622	409	621	1245
5	820	623	622	1246
5	623	382	622	1247
5	1001	813	877	1248
5	624	412	623	1249
5	713	496	481	1250
5	702	477	499	1251
5	625	499	415	1252
5	625	415	321	1253
5	781	580	501	1254
5	633	424	351	1255
5	911	702	902	1256
5	721	477	702	1257
5	826	628	825	1258
5	629	420	628	1259
5	827	733	463	1260
5	883	666	729	1261
5	651	520	631	1262
5	631	422	630	1263
5	715	497	714	1264
5	740	455	533	1265
5	632	510	423	1266
5	632	423	418	1267
5	791	595	790	1268
5	831	478	633	1269
5	718	500	598	1270
5	796	713	481	1271
5	831	633	830	1272
5	1007	819	818	1273
5	637	529	373	1274
5	636	432	376	1275
5	813	618	617	1276
5	836	638	591	1277
5	797	603	602	1278
5	639	436	638	1279
5	811	705	482	1280
5	705	684	479	1281
5	903	684	705	1282
5	641	437	640	1283
5	654	581	485	1284
5	817	730	523	1285
5	649	575	453	1286
5	643	441	642	1287
5	778	575	649	1288
5	770	550	676	1289
5	644	551	442	1290
5	644	442	307	1291
5	645	579	445	1292
5	645	445	348	1293
5	950	766	765	1294
5	937	752	855	1295
5	695	452	451	1296
5	1220	1045	1048	1297
5	648	548	474	1298
5	772	648	474	1299
5	778	576	575	1300
5	772	474	570	1301
5	650	476	459	1302
5	745	650	459	1303
5	756	556	520	1304
5	844	471	643	1305
5	735	522	674	1306
5	759	743	539	1307
5	1219	507	658	1308
5	863	685	849	1309
5	1069	983	1031	1310
5	1318	1171	1317	1311
5	719	586	681	1312
5	784	655	587	1313
5	656	632	509	1314
5	721	656	509	1315
5	657	653	490	1316
5	657	490	503	1317
5	658	507	439	1318
5	658	439	440	1319
5	691	438	659	1320
5	691	440	438	1321
5	1063	942	889	1322
5	909	891	678	1323
5	668	255	256	1324
5	868	515	726	1325
5	662	547	514	1326
5	1115	1079	873	1327
5	695	451	693	1328
5	1022	694	831	1329
5	664	555	464	1330
5	738	532	737	1331
5	696	538	468	1332
5	666	524	460	1333
5	728	538	696	1334
5	758	558	728	1335
5	667	617	457	1336
5	730	667	457	1337
5	853	517	660	1338
5	727	255	668	1339
5	673	514	467	1340
5	675	456	669	1341
5	1018	829	828	1342
5	672	470	670	1343
5	723	669	511	1344
5	1012	781	976	1345
5	1086	951	856	1346
5	1040	875	649	1347
5	680	568	675	1348
5	680	467	568	1349
5	735	531	522	1350
5	739	533	475	1351
5	680	673	467	1352
5	915	856	725	1353
5	779	576	778	1354
5	779	676	461	1355
5	677	674	530	1356
5	677	530	462	1357
5	678	670	454	1358
5	678	454	458	1359
5	896	666	883	1360
5	1134	943	1133	1361
5	856	751	725	1362
5	915	701	871	1363
5	719	502	586	1364
5	784	502	719	1365
5	814	618	813	1366
5	814	582	618	1367
5	841	588	641	1368
5	703	605	480	1369
5	993	807	806	1370
5	704	604	601	1371
5	867	659	506	1372
5	720	685	508	1373
5	1028	837	836	1374
5	838	486	639	1375
5	710	494	688	1376
5	711	687	529	1377
5	710	636	494	1378
5	999	903	705	1379
5	818	495	712	1380
5	819	622	621	1381
5	832	496	713	1382
5	1202	1024	1023	1383
5	720	508	507	1384
5	691	658	440	1385
5	692	671	645	1386
5	692	645	465	1387
5	695	663	452	1388
5	1267	1109	914	1389
5	823	580	781	1390
5	830	633	627	1391
5	1107	902	1054	1392
5	901	695	693	1393
5	728	558	538	1394
5	729	666	460	1395
5	697	664	464	1396
5	697	464	473	1397
5	724	512	698	1398
5	724	525	512	1399
5	755	554	754	1400
5	716	466	498	1401
5	747	545	544	1402
5	828	630	546	1403
5	725	644	536	1404
5	738	697	473	1405
5	1198	1020	1013	1406
5	864	693	722	1407
5	805	704	601	1408
5	806	604	704	1409
5	804	609	803	1410
5	1366	1224	1264	1411
5	809	603	797	1412
5	995	808	994	1413
5	706	681	492	1414
5	706	492	581	1415
5	707	683	488	1416
5	707	488	491	1417
5	709	484	489	1418
5	802	480	608	1419
5	995	797	808	1420
5	800	484	709	1421
5	991	805	804	1422
5	993	806	880	1423
5	865	812	684	1424
5	1002	812	865	1425
5	818	621	495	1426
5	820	622	819	1427
5	832	634	496	1428
5	833	635	634	1429
5	715	458	497	1430
5	714	497	471	1431
5	925	739	736	1432
5	921	735	674	1433
5	774	571	773	1434
5	775	716	498	1435
5	717	702	499	1436
5	717	499	625	1437
5	794	599	500	1438
5	795	600	599	1439
5	910	719	681	1440
5	1032	839	879	1441
5	1070	1032	879	1442
5	1068	857	863	1443
5	1021	831	830	1444
5	1026	884	690	1445
5	722	693	510	1446
5	722	510	632	1447
5	1253	1102	1225	1448
5	1258	1059	1082	1449
5	1221	1059	852	1450
5	1057	698	663	1451
5	954	737	769	1452
5	1060	913	859	1453
5	1222	1093	868	1454
5	1061	888	932	1455
5	727	726	340	1456
5	727	340	255	1457
5	893	670	891	1458
5	930	745	744	1459
5	922	735	921	1460
5	1289	1124	1064	1461
5	815	616	812	1462
5	1062	900	905	1463
5	731	700	472	1464
5	731	472	526	1465
5	788	591	527	1466
5	837	639	638	1467
5	734	462	528	1468
5	733	528	463	1469
5	941	757	756	1470
5	1015	826	1014	1471
5	855	752	665	1472
5	736	531	735	1473
5	938	753	937	1474
5	739	475	736	1475
5	767	551	751	1476
5	875	778	649	1477
5	958	872	648	1478
5	960	774	959	1479
5	929	742	928	1480
5	740	533	739	1481
5	1407	1228	1294	1482
5	1810	1652	1504	1483
5	742	468	537	1484
5	741	537	535	1485
5	855	665	854	1486
5	1014	826	825	1487
5	743	729	521	1488
5	743	521	539	1489
5	761	561	760	1490
5	745	542	744	1491
5	1019	651	829	1492
5	935	750	749	1493
5	1139	941	1076	1494
5	1120	854	927	1495
5	931	650	745	1496
5	748	545	747	1497
5	1014	825	869	1498
5	828	546	748	1499
5	750	526	549	1500
5	750	731	526	1501
5	920	885	677	1502
5	927	652	740	1503
5	767	566	551	1504
5	769	516	567	1505
5	753	535	553	1506
5	752	553	552	1507
5	929	916	696	1508
5	1213	1035	1212	1509
5	755	469	554	1510
5	755	699	469	1511
5	948	754	764	1512
5	939	755	754	1513
5	757	564	556	1514
5	766	557	565	1515
5	941	756	851	1516
5	765	564	757	1517
5	759	539	559	1518
5	758	559	558	1519
5	1120	1085	854	1520
5	922	736	735	1521
5	761	541	561	1522
5	760	561	560	1523
5	956	771	770	1524
5	935	749	872	1525
5	763	563	562	1526
5	764	540	563	1527
5	959	774	773	1528
5	764	563	763	1529
5	963	777	776	1530
5	961	775	960	1531
5	891	670	678	1532
5	766	565	765	1533
5	1035	843	842	1534
5	842	557	766	1535
5	915	725	701	1536
5	768	566	767	1537
5	948	939	754	1538
5	769	567	768	1539
5	947	763	946	1540
5	1040	649	846	1541
5	872	749	648	1542
5	771	569	770	1543
5	956	770	955	1544
5	772	570	771	1545
5	965	778	875	1546
5	957	772	771	1547
5	774	572	571	1548
5	775	572	774	1549
5	952	767	951	1550
5	859	671	692	1551
5	871	701	662	1552
5	923	738	737	1553
5	873	664	697	1554
5	777	573	776	1555
5	873	848	664	1556
5	780	574	777	1557
5	779	461	576	1558
5	933	747	700	1559
5	1127	935	1067	1560
5	934	748	747	1561
5	946	763	762	1562
5	845	577	780	1563
5	823	626	580	1564
5	824	627	626	1565
5	783	585	584	1566
5	786	590	589	1567
5	1029	838	837	1568
5	785	585	783	1569
5	986	709	904	1570
5	985	904	708	1571
5	967	782	858	1572
5	786	589	785	1573
5	970	783	967	1574
5	787	590	786	1575
5	900	835	710	1576
5	973	732	787	1577
5	1011	689	822	1578
5	836	591	788	1579
5	798	606	592	1580
5	799	504	606	1581
5	791	501	595	1582
5	790	595	594	1583
5	1008	820	819	1584
5	1020	830	824	1585
5	793	493	596	1586
5	792	596	597	1587
5	1027	836	788	1588
5	906	835	900	1589
5	981	795	980	1590
5	795	599	794	1591
5	1020	824	1013	1592
5	796	600	795	1593
5	975	791	790	1594
5	976	791	975	1595
5	809	613	603	1596
5	811	482	614	1597
5	1081	850	876	1598
5	799	606	798	1599
5	969	862	655	1600
5	1257	1081	1239	1601
5	898	803	703	1602
5	801	607	800	1603
5	904	709	708	1604
5	802	608	801	1605
5	878	707	862	1606
5	998	811	810	1607
5	804	610	609	1608
5	805	601	610	1609
5	880	806	704	1610
5	805	610	804	1611
5	989	898	703	1612
5	1078	857	1068	1613
5	807	612	611	1614
5	808	602	612	1615
5	1209	1029	1208	1616
5	808	612	807	1617
5	1182	1002	1073	1618
5	877	813	667	1619
5	1253	1056	1102	1620
5	810	613	809	1621
5	1004	817	816	1622
5	811	614	810	1623
5	903	865	684	1624
5	1159	972	971	1625
5	815	619	616	1626
5	817	523	620	1627
5	814	682	582	1628
5	971	786	785	1629
5	882	792	687	1630
5	1102	1056	901	1631
5	879	683	878	1632
5	816	619	815	1633
5	1002	815	812	1634
5	817	620	816	1635
5	907	882	687	1636
5	1006	818	712	1637
5	977	793	792	1638
5	819	621	818	1639
5	1025	834	833	1640
5	822	624	821	1641
5	1025	833	1024	1642
5	822	483	624	1643
5	1012	823	781	1644
5	975	790	884	1645
5	979	718	881	1646
5	981	796	795	1647
5	1013	823	1012	1648
5	979	794	718	1649
5	976	781	791	1650
5	830	627	824	1651
5	826	629	628	1652
5	827	463	629	1653
5	1019	829	1018	1654
5	827	629	826	1655
5	869	825	650	1656
5	894	760	672	1657
5	949	757	941	1658
5	829	630	828	1659
5	1037	908	714	1660
5	1145	955	1144	1661
5	1056	852	901	1662
5	911	721	702	1663
5	901	693	864	1664
5	902	717	860	1665
5	982	796	981	1666
5	833	634	832	1667
5	977	792	882	1668
5	834	635	833	1669
5	967	783	782	1670
5	1104	907	906	1671
5	835	711	637	1672
5	835	637	636	1673
5	978	712	793	1674
5	837	638	836	1675
5	1030	688	838	1676
5	838	639	837	1677
5	1003	815	1002	1678
5	878	683	707	1679
5	1367	1092	1265	1680
5	841	641	840	1681
5	984	798	983	1682
5	841	789	588	1683
5	1226	1090	1156	1684
5	876	706	654	1685
5	921	674	885	1686
5	843	642	842	1687
5	931	869	650	1688
5	844	643	843	1689
5	894	672	893	1690
5	909	715	908	1691
5	870	773	699	1692
5	846	646	845	1693
5	961	716	775	1694
5	959	773	870	1695
5	847	692	647	1696
5	914	647	724	1697
5	848	762	664	1698
5	1138	1131	939	1699
5	1044	691	659	1700
5	1686	1371	1519	1701
5	1154	910	1049	1702
5	857	653	657	1703
5	851	756	651	1704
5	1148	872	958	1705
5	1082	724	1058	1706
5	914	847	647	1707
5	1506	863	1042	1708
5	1083	726	727	1709
5	854	665	652	1710
5	927	854	652	1711
5	1101	891	909	1712
5	1260	1100	1228	1713
5	954	923	737	1714
5	1308	1152	1307	1715
5	876	850	706	1716
5	887	653	857	1717
5	858	782	686	1718
5	899	858	686	1719
5	1231	1045	1220	1720
5	1507	1408	1431	1721
5	860	717	694	1722
5	1336	1191	1335	1723
5	1369	1220	1271	1724
5	1598	1554	1440	1725
5	968	719	910	1726
5	1156	862	969	1727
5	863	857	657	1728
5	863	657	685	1729
5	1162	975	884	1730
5	1167	980	1166	1731
5	1005	918	730	1732
5	1278	1105	1104	1733
5	866	864	722	1734
5	866	722	656	1735
5	1406	1093	1222	1736
5	1264	1224	1078	1737
5	1527	1061	932	1738
5	1371	888	1227	1739
5	1016	919	733	1740
5	885	674	677	1741
5	940	755	939	1742
5	962	716	961	1743
5	1140	952	951	1744
5	1094	890	1041	1745
5	1217	875	1040	1746
5	955	770	676	1747
5	924	738	923	1748
5	924	697	738	1749
5	936	750	935	1750
5	933	700	874	1751
5	1150	960	1149	1752
5	958	648	772	1753
5	1171	985	1170	1754
5	1155	968	1154	1755
5	1077	905	1030	1756
5	899	686	682	1757
5	879	839	683	1758
5	1033	840	1032	1759
5	1078	887	857	1760
5	1171	904	985	1761
5	990	803	898	1762
5	996	797	995	1763
5	881	718	689	1764
5	1011	881	689	1765
5	1006	712	978	1766
5	1010	822	821	1767
5	1135	945	944	1768
5	917	883	729	1769
5	980	794	979	1770
5	1024	833	832	1771
5	920	734	919	1772
5	925	736	922	1773
5	1508	720	886	1774
5	886	720	507	1775
5	887	876	654	1776
5	887	654	653	1777
5	932	679	896	1778
5	932	746	679	1779
5	917	729	743	1780
5	942	758	889	1781
5	890	871	662	1782
5	890	662	673	1783
5	893	672	670	1784
5	945	930	744	1785
5	892	861	669	1786
5	892	669	723	1787
5	1113	921	885	1788
5	944	760	894	1789
5	1046	944	894	1790
5	1195	1111	919	1791
5	895	890	673	1792
5	895	673	680	1793
5	932	888	746	1794
5	896	679	666	1795
5	897	895	680	1796
5	897	680	675	1797
5	990	804	803	1798
5	992	704	805	1799
5	1071	1000	1001	1800
5	1206	1027	974	1801
5	906	711	835	1802
5	907	687	711	1803
5	1108	1055	912	1804
5	1221	852	1056	1805
5	912	656	721	1806
5	912	721	911	1807
5	994	807	993	1808
5	1180	996	1179	1809
5	986	800	709	1810
5	989	703	802	1811
5	905	900	710	1812
5	905	710	688	1813
5	1190	881	1011	1814
5	907	711	906	1815
5	1187	1009	1008	1816
5	1165	978	977	1817
5	909	678	715	1818
5	908	715	714	1819
5	1123	1066	931	1820
5	1119	927	926	1821
5	968	784	719	1822
5	969	655	784	1823
5	1335	1163	1313	1824
5	912	866	656	1825
5	1229	1087	1109	1826
5	1205	884	1026	1827
5	913	892	723	1828
5	913	723	671	1829
5	1091	864	866	1830
5	1060	1050	913	1831
5	1269	1140	1086	1832
5	1151	961	1150	1833
5	916	889	728	1834
5	916	728	696	1835
5	943	759	942	1836
5	1228	1100	1134	1837
5	918	877	667	1838
5	918	667	730	1839
5	920	677	734	1840
5	919	734	733	1841
5	1144	964	1095	1842
5	1217	1096	875	1843
5	1146	957	956	1844
5	926	740	739	1845
5	1238	1076	1197	1846
5	1195	919	1016	1847
5	924	873	697	1848
5	1321	1177	1176	1849
5	1153	966	963	1850
5	1290	1128	1247	1851
5	1283	1112	1111	1852
5	926	739	925	1853
5	1121	929	928	1854
5	927	740	926	1855
5	1129	937	1065	1856
5	1085	855	854	1857
5	929	696	742	1858
5	928	742	741	1859
5	1063	889	1043	1860
5	1133	942	1063	1861
5	945	761	944	1862
5	931	745	930	1863
5	1123	930	945	1864
5	1065	937	855	1865
5	1286	1117	1284	1866
5	1604	1461	1460	1867
5	1283	1113	1112	1868
5	934	747	933	1869
5	1194	1016	1015	1870
5	1017	748	934	1871
5	936	731	750	1872
5	936	874	731	1873
5	1125	933	874	1874
5	1139	949	941	1875
5	938	741	753	1876
5	937	753	752	1877
5	1130	1121	928	1878
5	1227	888	1061	1879
5	940	699	755	1880
5	940	870	699	1881
5	1131	940	939	1882
5	1052	959	870	1883
5	949	765	757	1884
5	1034	842	766	1885
5	943	743	759	1886
5	942	759	758	1887
5	1368	1227	1061	1888
5	1124	932	896	1889
5	945	744	761	1890
5	944	761	760	1891
5	1117	925	922	1892
5	1123	945	1135	1893
5	947	764	763	1894
5	948	764	947	1895
5	1297	1136	1244	1896
5	1106	908	1037	1897
5	1095	964	965	1898
5	1304	1144	1240	1899
5	1149	960	959	1900
5	950	765	949	1901
5	1320	1176	1175	1902
5	1034	766	950	1903
5	952	768	767	1904
5	953	768	952	1905
5	1089	892	1050	1906
5	1282	1094	1236	1907
5	1430	1280	1373	1908
5	954	769	953	1909
5	1137	947	1136	1910
5	1151	962	961	1911
5	1146	956	1145	1912
5	1212	950	1139	1913
5	1152	962	1151	1914
5	957	771	956	1915
5	1197	1017	1196	1916
5	958	772	957	1917
5	1340	1126	1290	1918
5	1196	1017	934	1919
5	960	775	774	1920
5	962	776	716	1921
5	1110	1051	915	1922
5	963	776	962	1923
5	1094	871	890	1924
5	966	780	777	1925
5	1140	951	1086	1926
5	1425	1282	1370	1927
5	1079	1047	848	1928
5	966	777	963	1929
5	964	955	676	1930
5	964	676	779	1931
5	965	964	779	1932
5	965	779	778	1933
5	1298	1293	1131	1934
5	1038	780	966	1935
5	970	785	783	1936
5	972	787	786	1937
5	1169	983	1069	1938
5	969	784	968	1939
5	1173	987	986	1940
5	1090	878	862	1941
5	1182	1003	1002	1942
5	971	785	970	1943
5	1183	918	1005	1944
5	972	786	971	1945
5	1259	1087	1229	1946
5	973	787	972	1947
5	1179	995	994	1948
5	974	732	973	1949
5	1074	880	1178	1950
5	1027	788	974	1951
5	1185	1007	1006	1952
5	1013	824	823	1953
5	1347	1201	1346	1954
5	1343	1199	1198	1955
5	1172	986	904	1956
5	1007	818	1006	1957
5	1160	973	972	1958
5	1008	819	1007	1959
5	980	795	794	1960
5	982	713	796	1961
5	1168	981	1167	1962
5	1023	832	713	1963
5	1191	1012	976	1964
5	1205	1162	884	1965
5	1332	1188	1331	1966
5	1023	713	982	1967
5	984	799	798	1968
5	985	708	799	1969
5	1310	1226	1156	1970
5	985	799	984	1971
5	1318	1173	1172	1972
5	1176	989	1175	1973
5	1169	984	983	1974
5	987	800	986	1975
5	1178	991	1177	1976
5	988	801	987	1977
5	1177	991	990	1978
5	989	802	988	1979
5	1174	988	987	1980
5	1310	1156	1155	1981
5	1181	1073	903	1982
5	991	804	990	1983
5	1175	989	988	1984
5	992	805	991	1985
5	1170	984	1169	1986
5	1157	970	967	1987
5	994	808	807	1988
5	999	705	811	1989
5	1172	904	1171	1990
5	997	810	809	1991
5	1161	974	973	1992
5	1207	1028	1027	1993
5	1075	967	858	1994
5	997	809	996	1995
5	1101	1046	893	1996
5	998	810	997	1997
5	1584	1430	1509	1998
5	999	811	998	1999
5	1073	865	903	2000
5	1183	1098	918	2001
5	1000	899	682	2002
5	1000	682	814	2003
5	1001	1000	814	2004
5	1001	814	813	2005
5	1003	816	815	2006
5	1005	730	817	2007
5	1181	903	999	2008
5	1004	816	1003	2009
5	1178	880	992	2010
5	1005	817	1004	2011
5	1073	1002	865	2012
5	1183	1004	1182	2013
5	1189	1011	1010	2014
5	1009	821	820	2015
5	1104	906	1103	2016
5	1334	1250	1053	2017
5	1166	980	979	2018
5	1009	820	1008	2019
5	1203	1025	1024	2020
5	1010	821	1009	2021
5	1191	976	1163	2022
5	1011	822	1010	2023
5	1166	979	1053	2024
5	1168	982	981	2025
5	1192	1013	1012	2026
5	1021	830	1020	2027
5	1201	982	1168	2028
5	1022	831	1021	2029
5	1015	827	826	2030
5	1016	733	827	2031
5	1046	894	893	2032
5	1016	827	1015	2033
5	1212	1034	950	2034
5	1128	936	1127	2035
5	1135	944	1046	2036
5	1018	828	1017	2037
5	1106	1101	909	2038
5	1019	851	651	2039
5	1076	941	851	2040
5	1212	1035	1034	2041
5	1415	1056	1253	2042
5	1163	975	1162	2043
5	1349	1203	1348	2044
5	1022	860	694	2045
5	1091	866	1055	2046
5	1055	866	912	2047
5	1192	1012	1191	2048
5	1024	832	1023	2049
5	1164	977	882	2050
5	1026	690	834	2051
5	1184	1006	978	2052
5	1103	900	1062	2053
5	1179	996	995	2054
5	1105	882	907	2055
5	1072	899	1000	2056
5	1028	836	1027	2057
5	1180	998	997	2058
5	1029	837	1028	2059
5	1105	907	1104	2060
5	1030	838	1029	2061
5	1103	906	900	2062
5	1188	1010	1009	2063
5	1031	983	789	2064
5	1031	789	841	2065
5	1033	841	840	2066
5	1033	1031	841	2067
5	1355	1211	1210	2068
5	1517	1470	1397	2069
5	1076	851	1019	2070
5	1035	842	1034	2071
5	1118	926	925	2072
5	1036	843	1035	2073
5	1066	869	931	2074
5	1037	844	1036	2075
5	1085	1065	855	2076
5	1122	929	1121	2077
5	1136	947	946	2078
5	1039	845	1038	2079
5	1214	1038	966	2080
5	1040	846	1039	2081
5	1149	959	1052	2082
5	1216	1040	1039	2083
5	1050	892	913	2084
5	1422	1270	1246	2085
5	1042	863	849	2086
5	1044	659	867	2087
5	1436	1289	1260	2088
5	1122	916	929	2089
5	1256	691	1044	2090
5	1080	658	691	2091
5	1045	1041	895	2092
5	1045	895	897	2093
5	1101	893	891	2094
5	1106	1037	1213	2095
5	1047	946	848	2096
5	1273	1051	1110	2097
5	1048	1045	897	2098
5	1048	897	861	2099
5	1049	910	850	2100
5	1326	1073	1181	2101
5	1089	861	892	2102
5	1089	1048	861	2103
5	1143	923	954	2104
5	1079	848	873	2105
5	1132	940	1131	2106
5	1290	1126	1125	2107
5	1053	979	881	2108
5	1190	1053	881	2109
5	1054	902	860	2110
5	1200	1088	1022	2111
5	1108	911	1107	2112
5	1270	1050	1246	2113
5	1102	864	1091	2114
5	1102	901	864	2115
5	1058	698	1057	2116
5	1058	724	698	2117
5	1082	914	724	2118
5	1258	1057	1059	2119
5	1059	1057	663	2120
5	1059	663	852	2121
5	1246	1050	1060	2122
5	1345	1200	1344	2123
5	1356	1243	1212	2124
5	1124	896	1064	2125
5	1405	1310	1376	2126
5	1077	1062	905	2127
5	1064	896	883	2128
5	1294	1133	1223	2129
5	1443	1295	1377	2130
5	1134	917	943	2131
5	1193	1015	1014	2132
5	1338	1195	1194	2133
5	1111	920	919	2134
5	1066	1014	869	2135
5	1067	935	872	2136
5	1148	1067	872	2137
5	1097	887	1078	2138
5	1081	1049	850	2139
5	1210	1032	1070	2140
5	1211	1031	1033	2141
5	1210	1033	1032	2142
5	1211	1069	1031	2143
5	1249	1079	1248	2144
5	1157	967	1075	2145
5	1312	1160	1311	2146
5	1072	1000	1071	2147
5	1071	1001	877	2148
5	1182	1004	1003	2149
5	1181	998	1180	2150
5	1074	994	993	2151
5	1072	1075	858	2152
5	1378	1232	1353	2153
5	1139	950	949	2154
5	1127	936	935	2155
5	1158	970	1157	2156
5	1208	1029	1028	2157
5	1323	1074	1322	2158
5	1239	1097	1224	2159
5	1141	952	1140	2160
5	1231	1041	1045	2161
5	1550	1367	1265	2162
5	1754	1607	1753	2163
5	1126	933	1125	2164
5	1197	1018	1017	2165
5	1267	914	1082	2166
5	1281	1235	1055	2167
5	1289	1064	1260	2168
5	1233	867	1092	2169
5	1268	727	1084	2170
5	1084	727	668	2171
5	1112	920	1111	2172
5	1563	1452	1533	2173
5	1411	1259	1375	2174
5	1115	873	924	2175
5	1087	1060	859	2176
5	1087	859	847	2177
5	1088	1054	860	2178
5	1088	860	1022	2179
5	1449	1304	1448	2180
5	1303	1116	1143	2181
5	1099	879	878	2182
5	1099	1070	879	2183
5	1277	1103	1062	2184
5	1072	858	899	2185
5	1233	1044	867	2186
5	1222	868	1083	2187
5	1093	1092	661	2188
5	1093	661	868	2189
5	1110	915	871	2190
5	1270	1089	1050	2191
5	1144	955	964	2192
5	1145	956	955	2193
5	1096	1095	965	2194
5	1096	965	875	2195
5	1097	1081	876	2196
5	1097	876	887	2197
5	1098	1071	877	2198
5	1098	877	918	2199
5	1354	1070	1275	2200
5	1318	1172	1171	2201
5	1100	1064	883	2202
5	1100	883	917	2203
5	1262	1075	1072	2204
5	1382	1351	1350	2205
5	1179	994	1074	2206
5	1074	993	880	2207
5	1352	1207	1206	2208
5	1164	882	1105	2209
5	1322	1178	1316	2210
5	1165	977	1164	2211
5	1276	1071	1272	2212
5	1184	978	1165	2213
5	1106	909	908	2214
5	1357	1213	1243	2215
5	1108	912	911	2216
5	1107	911	902	2217
5	1721	1375	1577	2218
5	1383	1234	1254	2219
5	1109	1087	847	2220
5	1109	847	914	2221
5	1384	1220	1369	2222
5	1269	1086	1230	2223
5	1112	885	920	2224
5	1114	922	921	2225
5	1284	1117	1114	2226
5	1113	885	1112	2227
5	1338	1194	1193	2228
5	1114	921	1113	2229
5	1339	1283	1111	2230
5	1117	922	1114	2231
5	1385	1247	1306	2232
5	1141	953	952	2233
5	1116	1115	924	2234
5	1116	924	923	2235
5	1242	1065	1085	2236
5	1118	925	1117	2237
5	1389	1223	1237	2238
5	1119	926	1118	2239
5	1292	1130	1291	2240
5	1120	927	1119	2241
5	1439	1416	1288	2242
5	1255	1043	1122	2243
5	1130	938	1129	2244
5	1122	1043	916	2245
5	1433	1380	1286	2246
5	1589	1438	1510	2247
5	1123	931	930	2248
5	1193	1014	1066	2249
5	1286	1118	1117	2250
5	1287	1119	1286	2251
5	1126	934	933	2252
5	1197	1076	1019	2253
5	1295	1123	1135	2254
5	1196	934	1126	2255
5	1128	874	936	2256
5	1128	1125	874	2257
5	1452	1357	1387	2258
5	1450	1293	1446	2259
5	1130	928	938	2260
5	1129	938	937	2261
5	1337	1066	1296	2262
5	1435	1386	1241	2263
5	1132	870	940	2264
5	1132	1052	870	2265
5	1360	1216	1359	2266
5	1240	1144	1095	2267
5	1134	1100	917	2268
5	1133	943	942	2269
5	1511	1222	1420	2270
5	1953	1664	1706	2271
5	1285	1248	1115	2272
5	1245	1052	1293	2273
5	1137	948	947	2274
5	1138	939	948	2275
5	1293	1132	1131	2276
5	1138	948	1137	2277
5	1307	1152	1151	2278
5	1298	1131	1138	2279
5	1299	1076	1238	2280
5	1213	1037	1036	2281
5	1143	954	1142	2282
5	1142	953	1141	2283
5	1300	1141	1140	2284
5	1143	1116	923	2285
5	1557	1381	1552	2286
5	1297	1138	1137	2287
5	1365	1302	1301	2288
5	1586	1525	1380	2289
5	1240	1095	1096	2290
5	1147	958	957	2291
5	1308	1214	1153	2292
5	1245	1150	1149	2293
5	1304	1145	1144	2294
5	1147	957	1146	2295
5	1359	1214	1308	2296
5	1148	958	1147	2297
5	1360	1240	1096	2298
5	1411	1246	1259	2299
5	1150	961	960	2300
5	1152	963	962	2301
5	1305	1146	1304	2302
5	1153	963	1152	2303
5	1305	1148	1147	2304
5	1214	966	1153	2305
5	1359	1216	1215	2306
5	1215	1039	1038	2307
5	1306	1067	1148	2308
5	1307	1151	1150	2309
5	1155	969	968	2310
5	1156	1090	862	2311
5	1515	1080	1256	2312
5	1156	969	1155	2313
5	1899	1755	1754	2314
5	1274	1090	1226	2315
5	1158	971	970	2316
5	1209	1030	1029	2317
5	1232	1062	1077	2318
5	1159	971	1158	2319
5	1259	1060	1087	2320
5	1160	972	1159	2321
5	1329	1272	1098	2322
5	1161	973	1160	2323
5	1348	1203	1202	2324
5	1206	974	1161	2325
5	1163	976	975	2326
5	1199	1021	1020	2327
5	1333	1190	1189	2328
5	1200	1021	1199	2329
5	1277	1104	1103	2330
5	1185	1006	1184	2331
5	1346	1168	1315	2332
5	1186	1008	1007	2333
5	1167	981	980	2334
5	1201	1023	982	2335
5	1315	1168	1167	2336
5	1202	1023	1201	2337
5	1336	1192	1191	2338
5	1203	1024	1202	2339
5	1170	985	984	2340
5	1274	1099	1090	2341
5	1746	1600	1570	2342
5	1173	986	1172	2343
5	1462	1459	1321	2344
5	1174	987	1173	2345
5	1641	1426	1583	2346
5	1175	988	1174	2347
5	1239	1081	1097	2348
5	1176	990	898	2349
5	1355	1210	1354	2350
5	1176	898	989	2351
5	1252	1069	1211	2352
5	1317	1169	1252	2353
5	1317	1171	1170	2354
5	1177	990	1176	2355
5	1252	1169	1069	2356
5	1178	992	991	2357
5	1464	1322	1463	2358
5	1180	997	996	2359
5	1311	1159	1158	2360
5	1181	999	998	2361
5	1272	1071	1098	2362
5	1329	1098	1183	2363
5	1325	1181	1180	2364
5	1316	1178	1177	2365
5	1317	1170	1169	2366
5	1183	1005	1004	2367
5	1276	1072	1071	2368
5	1328	1183	1182	2369
5	1343	1198	1342	2370
5	1259	1246	1060	2371
5	1351	1313	1162	2372
5	1186	1007	1185	2373
5	1331	1186	1330	2374
5	1187	1008	1186	2375
5	1330	1185	1184	2376
5	1188	1009	1187	2377
5	1277	1062	1232	2378
5	1189	1010	1188	2379
5	1620	1456	1475	2380
5	1190	1011	1189	2381
5	1342	1192	1336	2382
5	1330	1186	1185	2383
5	1351	1162	1205	2384
5	1374	1253	1225	2385
5	1280	1107	1234	2386
5	1198	1013	1192	2387
5	1284	1114	1113	2388
5	1194	1015	1193	2389
5	1291	1129	1241	2390
5	1195	1016	1194	2391
5	1241	1129	1065	2392
5	1287	1120	1119	2393
5	1284	1113	1283	2394
5	1197	1019	1018	2395
5	1295	1135	1261	2396
5	1358	1106	1357	2397
5	1234	1107	1054	2398
5	1200	1022	1021	2399
5	1345	1254	1088	2400
5	1344	1199	1343	2401
5	1342	1198	1192	2402
5	1313	1163	1162	2403
5	1335	1191	1163	2404
5	1204	1026	1025	2405
5	1349	1204	1203	2406
5	1350	1205	1204	2407
5	1492	1312	1311	2408
5	1204	1025	1203	2409
5	1263	1157	1075	2410
5	1205	1026	1204	2411
5	1278	1164	1105	2412
5	1346	1201	1168	2413
5	1323	1179	1074	2414
5	1207	1027	1206	2415
5	1314	1184	1165	2416
5	1208	1028	1207	2417
5	1263	1158	1157	2418
5	1209	1077	1030	2419
5	1353	1209	1208	2420
5	1232	1077	1209	2421
5	1319	1175	1174	2422
5	1211	1033	1210	2423
5	1321	1316	1177	2424
5	1324	1179	1323	2425
5	1478	1296	1443	2426
5	1213	1036	1035	2427
5	1370	1282	1236	2428
5	1243	1213	1212	2429
5	1654	1531	1581	2430
5	1215	1038	1214	2431
5	1285	1115	1116	2432
5	1216	1039	1215	2433
5	1384	1231	1220	2434
5	1217	1040	1216	2435
5	1306	1247	1067	2436
5	1247	1127	1067	2437
5	1218	1084	668	2438
5	1218	668	517	2439
5	1521	1233	1367	2440
5	1219	886	507	2441
5	1271	1048	1089	2442
5	1271	1089	1270	2443
5	1403	1082	1059	2444
5	1403	1267	1082	2445
5	1264	1078	1068	2446
5	1260	1064	1100	2447
5	1223	1133	1063	2448
5	1514	1404	1416	2449
5	1224	1097	1078	2450
5	1562	1428	1538	2451
5	1225	1102	1091	2452
5	1235	1225	1091	2453
5	1495	1275	1426	2454
5	1309	1155	1154	2455
5	1420	1083	1268	2456
5	1519	1227	1518	2457
5	1436	1260	1417	2458
5	1439	1292	1438	2459
5	1423	1369	1271	2460
5	1423	1270	1422	2461
5	1236	1041	1231	2462
5	1558	1391	1557	2463
5	1236	1094	1041	2464
5	1273	1230	1051	2465
5	1319	1173	1318	2466
5	1278	1104	1277	2467
5	1684	1662	1401	2468
5	1265	1092	1093	2469
5	1235	1091	1055	2470
5	1476	1313	1382	2471
5	1281	1108	1280	2472
5	1628	1482	1627	2473
5	1365	1303	1302	2474
5	1647	1499	1646	2475
5	1237	1223	1063	2476
5	1237	1063	1043	2477
5	1340	1196	1126	2478
5	1290	1125	1128	2479
5	1251	1154	1049	2480
5	1309	1154	1251	2481
5	1399	1279	1358	2482
5	1247	1128	1127	2483
5	1292	1288	1121	2484
5	1255	1237	1043	2485
5	1242	1120	1287	2486
5	1242	1241	1065	2487
5	1356	1139	1299	2488
5	1261	1135	1046	2489
5	1244	1136	1047	2490
5	1248	1079	1115	2491
5	1293	1052	1132	2492
5	1307	1150	1245	2493
5	1375	1259	1229	2494
5	1391	1230	1381	2495
5	1304	1146	1145	2496
5	1305	1147	1146	2497
5	1249	1047	1079	2498
5	1249	1244	1047	2499
5	1447	1301	1300	2500
5	1568	1412	1564	2501
5	1315	1167	1250	2502
5	1250	1167	1166	2503
5	1559	1402	1080	2504
5	1426	1274	1396	2505
5	1275	1099	1274	2506
5	1319	1174	1173	2507
5	1419	1109	1267	2508
5	1419	1229	1109	2509
5	1254	1234	1054	2510
5	1254	1054	1088	2511
5	1573	1407	1565	2512
5	1438	1291	1386	2513
5	1379	1042	1266	2514
5	1256	1080	691	2515
5	1257	1251	1049	2516
5	1257	1049	1081	2517
5	1258	1082	1058	2518
5	1258	1058	1057	2519
5	1347	1202	1201	2520
5	1330	1184	1314	2521
5	1518	1227	1368	2522
5	1390	1294	1223	2523
5	1622	1443	1526	2524
5	1358	1101	1106	2525
5	1496	1457	1252	2526
5	1263	1075	1262	2527
5	1312	1206	1161	2528
5	1311	1158	1263	2529
5	1527	1368	1061	2530
5	1687	1512	1513	2531
5	1367	1233	1092	2532
5	1266	1042	849	2533
5	1460	1319	1318	2534
5	1664	1518	1368	2535
5	1415	1221	1056	2536
5	1548	1374	1408	2537
5	1530	1268	1084	2538
5	1268	1083	727	2539
5	1391	1269	1230	2540
5	1300	1140	1269	2541
5	1663	1415	1571	2542
5	1271	1220	1048	2543
5	1447	1300	1392	2544
5	1392	1300	1269	2545
5	1276	1262	1072	2546
5	1640	1494	1493	2547
5	1413	1249	1412	2548
5	1381	1230	1273	2549
5	1275	1070	1099	2550
5	1354	1210	1070	2551
5	1460	1318	1458	2552
5	1355	1252	1211	2553
5	1469	1429	1328	2554
5	1464	1323	1322	2555
5	1428	1232	1378	2556
5	1332	1189	1188	2557
5	1250	1166	1053	2558
5	1455	1311	1263	2559
5	1279	1261	1046	2560
5	1279	1046	1101	2561
5	1281	1055	1108	2562
5	1280	1108	1107	2563
5	1431	1281	1430	2564
5	1572	1419	1267	2565
5	1282	1273	1110	2566
5	1282	1110	1094	2567
5	1296	1123	1295	2568
5	1296	1066	1123	2569
5	1301	1141	1300	2570
5	1242	1085	1120	2571
5	1647	1500	1499	2572
5	1286	1119	1118	2573
5	1444	1297	1244	2574
5	1387	1357	1243	2575
5	1443	1296	1295	2576
5	1380	1287	1286	2577
5	1288	1255	1122	2578
5	1288	1122	1121	2579
5	1723	1688	1417	2580
5	1512	1289	1436	2581
5	1437	1247	1385	2582
5	1341	1197	1196	2583
5	1292	1121	1130	2584
5	1291	1130	1129	2585
5	1390	1223	1389	2586
5	1386	1291	1241	2587
5	1297	1137	1136	2588
5	1625	1437	1534	2589
5	1294	1228	1134	2590
5	1294	1134	1133	2591
5	1437	1290	1247	2592
5	1337	1193	1066	2593
5	1441	1338	1337	2594
5	1338	1193	1337	2595
5	1400	1248	1285	2596
5	1298	1138	1297	2597
5	1450	1245	1293	2598
5	1412	1248	1400	2599
5	1356	1212	1139	2600
5	1299	1139	1076	2601
5	1301	1142	1141	2602
5	1302	1143	1142	2603
5	1392	1269	1391	2604
5	1302	1142	1301	2605
5	1303	1285	1116	2606
5	1303	1143	1302	2607
5	1359	1215	1214	2608
5	1245	1149	1052	2609
5	1502	1448	1240	2610
5	1388	1299	1238	2611
5	1480	1290	1437	2612
5	1306	1148	1305	2613
5	1421	1303	1365	2614
5	1448	1304	1240	2615
5	1444	1244	1413	2616
5	1360	1096	1217	2617
5	1479	1432	1283	2618
5	1308	1153	1152	2619
5	1458	1318	1317	2620
5	1310	1155	1309	2621
5	1311	1160	1159	2622
5	1353	1208	1352	2623
5	1602	1455	1454	2624
5	1493	1352	1312	2625
5	1352	1206	1312	2626
5	1312	1161	1160	2627
5	1314	1164	1278	2628
5	1331	1188	1187	2629
5	1314	1165	1164	2630
5	1331	1187	1186	2631
5	1485	1345	1344	2632
5	1348	1202	1347	2633
5	1322	1074	1178	2634
5	1324	1180	1179	2635
5	1395	1224	1366	2636
5	1396	1274	1226	2637
5	2029	1881	2028	2638
5	1321	1176	1320	2639
5	1466	1325	1324	2640
5	1320	1175	1319	2641
5	1463	1322	1316	2642
5	1426	1275	1274	2643
5	1495	1355	1354	2644
5	1463	1316	1459	2645
5	1454	1263	1262	2646
5	1325	1180	1324	2647
5	1454	1262	1424	2648
5	1326	1181	1325	2649
5	1427	1272	1398	2650
5	1327	1182	1073	2651
5	1398	1272	1329	2652
5	1468	1327	1326	2653
5	1467	1326	1325	2654
5	1327	1073	1326	2655
5	1459	1316	1321	2656
5	1328	1182	1327	2657
5	1603	1457	1536	2658
5	1329	1183	1328	2659
5	1489	1347	1488	2660
5	1618	1471	1615	2661
5	1488	1347	1346	2662
5	1333	1189	1332	2663
5	1468	1326	1467	2664
5	1334	1053	1190	2665
5	1458	1317	1457	2666
5	1467	1325	1466	2667
5	1397	1278	1277	2668
5	1334	1190	1333	2669
5	1627	1477	1621	2670
5	1476	1335	1313	2671
5	1617	1475	1474	2672
5	1490	1349	1348	2673
5	1487	1315	1456	2674
5	1345	1088	1200	2675
5	1407	1294	1390	2676
5	1434	1287	1380	2677
5	1339	1195	1338	2678
5	1339	1111	1195	2679
5	1442	1338	1441	2680
5	1478	1441	1337	2681
5	1341	1238	1197	2682
5	1341	1196	1340	2683
5	1418	1261	1279	2684
5	1791	1645	1790	2685
5	1488	1346	1487	2686
5	1344	1200	1199	2687
5	1456	1315	1250	2688
5	1541	1383	1522	2689
5	1487	1346	1315	2690
5	1483	1343	1342	2691
5	1383	1373	1234	2692
5	1572	1267	1403	2693
5	1473	1332	1331	2694
5	1470	1278	1397	2695
5	1475	1456	1250	2696
5	1350	1204	1349	2697
5	1489	1348	1347	2698
5	1351	1205	1350	2699
5	1657	1549	1640	2700
5	1491	1382	1350	2701
5	1382	1313	1351	2702
5	1482	1336	1477	2703
5	1470	1314	1278	2704
5	1352	1208	1207	2705
5	1472	1330	1471	2706
5	1353	1232	1209	2707
5	1474	1333	1332	2708
5	1474	1334	1333	2709
5	1414	1251	1257	2710
5	1560	1516	1376	2711
5	1414	1257	1394	2712
5	1756	1609	1755	2713
5	1498	1387	1243	2714
5	1575	1377	1418	2715
5	1358	1279	1101	2716
5	1357	1106	1213	2717
5	1440	1385	1306	2718
5	1440	1306	1305	2719
5	1449	1440	1305	2720
5	1360	1217	1216	2721
5	1449	1305	1304	2722
5	1412	1249	1248	2723
5	1393	1256	1044	2724
5	1393	1044	1233	2725
5	1652	853	1504	2726
5	1420	1222	1083	2727
5	1363	1362	1218	2728
5	1363	1218	853	2729
5	1364	1266	849	2730
5	1544	849	685	2731
5	1413	1244	1249	2732
5	1446	1298	1445	2733
5	1545	1264	1361	2734
5	1406	1265	1093	2735
5	1658	1591	1592	2736
5	1544	720	1508	2737
5	1512	1372	1289	2738
5	1417	1260	1228	2739
5	1423	1271	1270	2740
5	1422	1246	1411	2741
5	1409	1231	1384	2742
5	1409	1236	1231	2743
5	1504	853	660	2744
5	1505	746	888	2745
5	1578	1084	1362	2746
5	1372	1124	1289	2747
5	1373	1280	1234	2748
5	1484	1344	1343	2749
5	1581	1423	1580	2750
5	1431	1408	1235	2751
5	1630	1485	1484	2752
5	1630	1484	1629	2753
5	1376	1310	1309	2754
5	1453	1309	1251	2755
5	1377	1295	1261	2756
5	1418	1377	1261	2757
5	1636	1491	1490	2758
5	1494	1352	1493	2759
5	1511	1406	1222	2760
5	1555	1404	1514	2761
5	1433	1284	1432	2762
5	1710	1555	1709	2763
5	1552	1425	1520	2764
5	1872	1727	1845	2765
5	1627	1482	1477	2766
5	1483	1342	1482	2767
5	1477	1335	1476	2768
5	1482	1342	1336	2769
5	1409	1370	1236	2770
5	1552	1381	1425	2771
5	1540	1410	1481	2772
5	1645	1387	1498	2773
5	1435	1242	1434	2774
5	1573	1417	1407	2775
5	1497	1299	1388	2776
5	1788	1543	1703	2777
5	1497	1356	1299	2778
5	1498	1243	1356	2779
5	1587	1434	1525	2780
5	1722	1573	1565	2781
5	1586	1433	1585	2782
5	1417	1228	1407	2783
5	1595	1392	1558	2784
5	1447	1365	1301	2785
5	1843	1670	1842	2786
5	1568	1413	1412	2787
5	1503	1401	1402	2788
5	1852	1707	1528	2789
5	1561	1405	1516	2790
5	1453	1251	1414	2791
5	1395	1394	1239	2792
5	1395	1239	1224	2793
5	1876	1731	1676	2794
5	1457	1317	1252	2795
5	1635	1490	1489	2796
5	1634	1488	1633	2797
5	1424	1262	1276	2798
5	1494	1353	1352	2799
5	1624	1432	1479	2800
5	1418	1279	1399	2801
5	1564	1400	1421	2802
5	1446	1293	1298	2803
5	1844	1689	1559	2804
5	1401	886	1219	2805
5	1402	1401	1219	2806
5	1402	1219	1080	2807
5	1403	1059	1221	2808
5	1801	1667	1548	2809
5	1404	1389	1237	2810
5	1404	1237	1255	2811
5	1405	1396	1226	2812
5	1405	1226	1310	2813
5	1706	1368	1527	2814
5	1665	1363	1652	2815
5	1525	1434	1380	2816
5	1590	1514	1416	2817
5	1408	1374	1225	2818
5	1408	1225	1235	2819
5	1593	1445	1444	2820
5	1596	1365	1447	2821
5	1410	1388	1238	2822
5	1410	1238	1341	2823
5	1571	1415	1253	2824
5	1553	1520	1370	2825
5	1595	1447	1392	2826
5	1569	1444	1413	2827
5	1792	1646	1599	2828
5	1534	1437	1385	2829
5	1608	1463	1607	2830
5	1453	1376	1309	2831
5	1571	1253	1374	2832
5	1576	1221	1415	2833
5	1416	1404	1255	2834
5	1416	1255	1288	2835
5	1556	1389	1555	2836
5	1521	1393	1233	2837
5	1586	1380	1433	2838
5	1767	1591	1658	2839
5	1802	1663	1571	2840
5	1702	1509	1541	2841
5	1668	1578	1362	2842
5	1669	1528	1364	2843
5	1421	1400	1285	2844
5	1421	1285	1303	2845
5	1531	1384	1369	2846
5	1581	1369	1423	2847
5	1579	1422	1411	2848
5	1670	1566	1531	2849
5	1582	1427	1532	2850
5	1538	1428	1378	2851
5	1425	1381	1273	2852
5	1425	1273	1282	2853
5	1536	1457	1496	2854
5	1642	1536	1496	2855
5	1427	1424	1276	2856
5	1427	1276	1272	2857
5	1428	1397	1277	2858
5	1428	1277	1232	2859
5	1429	1398	1329	2860
5	1429	1329	1328	2861
5	1431	1235	1281	2862
5	1430	1281	1280	2863
5	1580	1422	1579	2864
5	1548	1408	1507	2865
5	1433	1286	1284	2866
5	1432	1284	1283	2867
5	1768	1623	1767	2868
5	1770	1625	1672	2869
5	1435	1241	1242	2870
5	1434	1242	1287	2871
5	1555	1389	1404	2872
5	1565	1407	1390	2873
5	1542	1394	1395	2874
5	1565	1390	1556	2875
5	1480	1340	1290	2876
5	1481	1341	1340	2877
5	1439	1288	1292	2878
5	1438	1292	1291	2879
5	1803	1709	1739	2880
5	1738	1589	1673	2881
5	1445	1297	1444	2882
5	1500	1359	1308	2883
5	1442	1339	1338	2884
5	1479	1283	1339	2885
5	1591	1442	1441	2886
5	1479	1339	1442	2887
5	1478	1337	1296	2888
5	1598	1449	1597	2889
5	1445	1298	1297	2890
5	1501	1360	1359	2891
5	1646	1451	1599	2892
5	1499	1307	1451	2893
5	1599	1451	1450	2894
5	1500	1308	1499	2895
5	1580	1423	1422	2896
5	1577	1229	1419	2897
5	1451	1245	1450	2898
5	1499	1308	1307	2899
5	1794	1647	1793	2900
5	1804	1716	1791	2901
5	1451	1307	1245	2902
5	1501	1359	1500	2903
5	1599	1450	1523	2904
5	1543	1410	1540	2905
5	1452	1399	1358	2906
5	1452	1358	1357	2907
5	1676	1516	1656	2908
5	1608	1464	1463	2909
5	1562	1517	1397	2910
5	1455	1263	1454	2911
5	1607	1463	1459	2912
5	1492	1311	1455	2913
5	1471	1314	1470	2914
5	1471	1330	1314	2915
5	1495	1354	1275	2916
5	1496	1252	1355	2917
5	1561	1396	1405	2918
5	1604	1460	1537	2919
5	1461	1319	1460	2920
5	1465	1324	1323	2921
5	1461	1320	1319	2922
5	1462	1321	1320	2923
5	1609	1465	1464	2924
5	1462	1320	1461	2925
5	1607	1459	1606	2926
5	1676	1561	1516	2927
5	1611	1467	1466	2928
5	1613	1469	1468	2929
5	1612	1467	1611	2930
5	1465	1323	1464	2931
5	1610	1466	1465	2932
5	1466	1324	1465	2933
5	1606	1462	1605	2934
5	1469	1327	1468	2935
5	1605	1461	1604	2936
5	1469	1328	1327	2937
5	1537	1460	1458	2938
5	1750	1537	1699	2939
5	1640	1493	1639	2940
5	1757	1611	1610	2941
5	1473	1331	1472	2942
5	1472	1331	1330	2943
5	1615	1470	1517	2944
5	1617	1474	1616	2945
5	1636	1490	1635	2946
5	1474	1332	1473	2947
5	1762	1617	1616	2948
5	1582	1424	1427	2949
5	1475	1334	1474	2950
5	1475	1250	1334	2951
5	1606	1459	1462	2952
5	1605	1462	1461	2953
5	1477	1336	1335	2954
5	1486	1345	1485	2955
5	1751	1605	1604	2956
5	1621	1476	1539	2957
5	2080	1934	2079	2958
5	1585	1433	1432	2959
5	1588	1386	1435	2960
5	1650	1448	1502	2961
5	1481	1410	1341	2962
5	1481	1340	1480	2963
5	1543	1388	1410	2964
5	1648	1501	1500	2965
5	1484	1343	1483	2966
5	1485	1344	1484	2967
5	1629	1483	1628	2968
5	1631	1486	1485	2969
5	1628	1483	1482	2970
5	1486	1254	1345	2971
5	1774	1629	1628	2972
5	1486	1383	1254	2973
5	1780	1636	1635	2974
5	1634	1489	1488	2975
5	1562	1397	1428	2976
5	1490	1348	1489	2977
5	1633	1488	1487	2978
5	1491	1350	1349	2979
5	1633	1487	1632	2980
5	1615	1471	1470	2981
5	1752	1606	1605	2982
5	1491	1349	1490	2983
5	1773	1627	1772	2984
5	1621	1477	1476	2985
5	1760	1614	1613	2986
5	1493	1312	1492	2987
5	1601	1424	1582	2988
5	1494	1378	1353	2989
5	1860	1714	1700	2990
5	1616	1474	1473	2991
5	1570	1414	1394	2992
5	1496	1355	1495	2993
5	1807	1570	1653	2994
5	1786	1583	1731	2995
5	1533	1452	1387	2996
5	1498	1356	1497	2997
5	1645	1533	1387	2998
5	1643	1388	1543	2999
5	1649	1502	1501	3000
5	1502	1240	1360	3001
5	1648	1500	1647	3002
5	1569	1413	1568	3003
5	1558	1392	1391	3004
5	1502	1360	1501	3005
5	1524	1421	1365	3006
5	1564	1421	1524	3007
5	1814	1551	1696	3008
5	1515	1256	1393	3009
5	1519	1371	1227	3010
5	1849	1706	1687	3011
5	1505	1504	660	3012
5	1505	660	746	3013
5	1506	1068	863	3014
5	1506	1042	1379	3015
5	1584	1507	1431	3016
5	1541	1509	1373	3017
5	1809	1508	1662	3018
5	1546	1366	1545	3019
5	1584	1431	1430	3020
5	1509	1430	1373	3021
5	1510	1438	1386	3022
5	1588	1510	1386	3023
5	1685	1379	1529	3024
5	1556	1390	1389	3025
5	1810	1504	1505	3026
5	1687	1372	1512	3027
5	1513	1512	1436	3028
5	2136	1943	1816	3029
5	1590	1439	1589	3030
5	1735	1587	1525	3031
5	1559	1080	1515	3032
5	1689	1402	1559	3033
5	1516	1405	1376	3034
5	1867	1688	1723	3035
5	1997	1852	1669	3036
5	1506	1361	1068	3037
5	1695	1521	1367	3038
5	1691	1515	1393	3039
5	1956	1695	1853	3040
5	1951	1693	1848	3041
5	1520	1425	1370	3042
5	1812	1713	1743	3043
5	1948	1817	1818	3044
5	1578	1530	1084	3045
5	1541	1373	1383	3046
5	1522	1383	1486	3047
5	1523	1450	1446	3048
5	1594	1523	1446	3049
5	1593	1444	1569	3050
5	1564	1412	1400	3051
5	1587	1435	1434	3052
5	1588	1435	1587	3053
5	1526	1443	1377	3054
5	1575	1526	1377	3055
5	1527	932	1124	3056
5	1547	1362	1363	3057
5	1529	1266	1528	3058
5	1529	1379	1266	3059
5	1941	1692	1940	3060
5	1690	1361	1506	3061
5	1698	1420	1530	3062
5	1530	1420	1268	3063
5	1553	1370	1409	3064
5	1566	1384	1531	3065
5	1532	1427	1398	3066
5	1614	1535	1429	3067
5	1563	1399	1452	3068
5	1574	1418	1399	3069
5	1626	1540	1481	3070
5	1643	1497	1388	3071
5	1535	1532	1398	3072
5	1535	1398	1429	3073
5	1583	1396	1561	3074
5	1642	1496	1495	3075
5	1751	1604	1750	3076
5	1901	1756	1900	3077
5	1700	1538	1549	3078
5	1639	1493	1492	3079
5	1539	1476	1382	3080
5	1637	1382	1491	3081
5	1626	1480	1625	3082
5	1644	1498	1497	3083
5	1774	1628	1773	3084
5	1909	1765	1908	3085
5	1560	1376	1453	3086
5	1570	1394	1542	3087
5	1703	1543	1540	3088
5	1788	1643	1543	3089
5	1809	1364	1544	3090
5	1544	1364	849	3091
5	1858	1710	1709	3092
5	1545	1366	1264	3093
5	1817	1704	1705	3094
5	1818	1366	1546	3095
5	1527	1124	1372	3096
5	1819	1521	1695	3097
5	1567	1411	1375	3098
5	1579	1411	1567	3099
5	1549	1538	1378	3100
5	1549	1378	1494	3101
5	1853	1550	1697	3102
5	1691	1393	1521	3103
5	1551	1550	1265	3104
5	1551	1265	1406	3105
5	1557	1391	1381	3106
5	1596	1447	1595	3107
5	1741	1594	1593	3108
5	1659	1552	1520	3109
5	1554	1534	1385	3110
5	1554	1385	1440	3111
5	1735	1525	1680	3112
5	1910	1820	1734	3113
5	1944	1910	1912	3114
5	1799	1573	1722	3115
5	2023	1875	1874	3116
5	1850	1694	1708	3117
5	1712	1557	1711	3118
5	1711	1557	1552	3119
5	1660	1559	1515	3120
5	1691	1660	1515	3121
5	1600	1414	1570	3122
5	1656	1516	1560	3123
5	1583	1426	1396	3124
5	1641	1495	1426	3125
5	1824	1766	1782	3126
5	1900	1755	1899	3127
5	1770	1626	1625	3128
5	1574	1399	1563	3129
5	1822	1567	1721	3130
5	1729	1580	1579	3131
5	1680	1525	1586	3132
5	1736	1588	1587	3133
5	1566	1553	1409	3134
5	1566	1409	1384	3135
5	1720	1569	1568	3136
5	1718	1564	1524	3137
5	1719	1564	1718	3138
5	1594	1446	1445	3139
5	1742	1523	1594	3140
5	1712	1558	1557	3141
5	1600	1453	1414	3142
5	1600	1560	1453	3143
5	1577	1375	1229	3144
5	1701	1522	1681	3145
5	1822	1728	1567	3146
5	1576	1419	1572	3147
5	1688	1436	1417	3148
5	1826	1436	1688	3149
5	1797	1744	1597	3150
5	1575	1418	1574	3151
5	1675	1672	1534	3152
5	1882	1737	1736	3153
5	1576	1572	1403	3154
5	1576	1403	1221	3155
5	1727	1419	1576	3156
5	1667	1571	1374	3157
5	1945	1668	1547	3158
5	1668	1362	1547	3159
5	1775	1630	1629	3160
5	1720	1568	1719	3161
5	1887	1712	1711	3162
5	1581	1531	1369	3163
5	1713	1524	1596	3164
5	1670	1531	1654	3165
5	1601	1454	1424	3166
5	1638	1492	1455	3167
5	1807	1746	1570	3168
5	2072	1927	1876	3169
5	1727	1576	1663	3170
5	1729	1579	1728	3171
5	1623	1442	1591	3172
5	1624	1585	1432	3173
5	1820	1680	1734	3174
5	1930	1790	1789	3175
5	1829	1674	1742	3176
5	1716	1563	1533	3177
5	1830	1722	1565	3178
5	1717	1556	1710	3179
5	1590	1416	1439	3180
5	1589	1439	1438	3181
5	1709	1555	1514	3182
5	1880	1735	1680	3183
5	1623	1479	1442	3184
5	1624	1479	1623	3185
5	1592	1591	1441	3186
5	1592	1441	1478	3187
5	1932	1792	1839	3188
5	1594	1445	1593	3189
5	1793	1646	1792	3190
5	1745	1675	1554	3191
5	2012	1863	1958	3192
5	1596	1524	1365	3193
5	1741	1593	1740	3194
5	2078	1933	1932	3195
5	1598	1440	1449	3196
5	1597	1449	1448	3197
5	1890	1675	1745	3198
5	1724	1563	1716	3199
5	1646	1499	1451	3200
5	1649	1501	1648	3201
5	1876	1676	1800	3202
5	1891	1833	1747	3203
5	1748	1582	1678	3204
5	1602	1454	1601	3205
5	1784	1639	1638	3206
5	1638	1455	1602	3207
5	1603	1537	1458	3208
5	1603	1458	1457	3209
5	1677	1536	1661	3210
5	1612	1468	1467	3211
5	1759	1613	1612	3212
5	1753	1606	1752	3213
5	1758	1612	1611	3214
5	1609	1464	1608	3215
5	1677	1603	1536	3216
5	1610	1465	1609	3217
5	1755	1608	1754	3218
5	1613	1468	1612	3219
5	1785	1639	1784	3220
5	1749	1602	1601	3221
5	1761	1683	1535	3222
5	1611	1466	1610	3223
5	1759	1612	1758	3224
5	1614	1469	1613	3225
5	1755	1609	1608	3226
5	1614	1429	1469	3227
5	1699	1537	1603	3228
5	1841	1657	1785	3229
5	1904	1760	1759	3230
5	1678	1582	1532	3231
5	1619	1616	1473	3232
5	1620	1475	1617	3233
5	1619	1472	1618	3234
5	1632	1456	1620	3235
5	1781	1637	1636	3236
5	1632	1487	1456	3237
5	1619	1473	1472	3238
5	1618	1472	1471	3239
5	1753	1607	1606	3240
5	1715	1517	1562	3241
5	1777	1620	1765	3242
5	1682	1615	1679	3243
5	1775	1629	1774	3244
5	1631	1522	1486	3245
5	1622	1592	1478	3246
5	1622	1478	1443	3247
5	1767	1623	1591	3248
5	1769	1585	1624	3249
5	1768	1624	1623	3250
5	1989	1723	1799	3251
5	1626	1481	1480	3252
5	1625	1480	1437	3253
5	1937	1889	1744	3254
5	1725	1574	1724	3255
5	1702	1541	1701	3256
5	1629	1484	1483	3257
5	1681	1522	1631	3258
5	1921	1781	1780	3259
5	1776	1631	1630	3260
5	1778	1632	1777	3261
5	1772	1621	1766	3262
5	1631	1485	1630	3263
5	1879	1651	1733	3264
5	1732	1509	1702	3265
5	1773	1628	1627	3266
5	1635	1489	1634	3267
5	1682	1618	1615	3268
5	1765	1620	1617	3269
5	2099	1995	1957	3270
5	1637	1491	1636	3271
5	1772	1627	1621	3272
5	1637	1539	1382	3273
5	1779	1635	1634	3274
5	1781	1636	1780	3275
5	1765	1617	1762	3276
5	1777	1632	1620	3277
5	1908	1765	1762	3278
5	1639	1492	1638	3279
5	1679	1615	1517	3280
5	1640	1549	1494	3281
5	1763	1618	1682	3282
5	1700	1549	1657	3283
5	1661	1536	1642	3284
5	1642	1495	1641	3285
5	1699	1603	1677	3286
5	1787	1661	1642	3287
5	1934	1794	1933	3288
5	1644	1497	1643	3289
5	1724	1574	1563	3290
5	1645	1498	1644	3291
5	1832	1771	1770	3292
5	1726	1575	1725	3293
5	1792	1599	1674	3294
5	1796	1649	1795	3295
5	1797	1650	1796	3296
5	1650	1502	1649	3297
5	1931	1791	1790	3298
5	1650	1597	1448	3299
5	1675	1534	1554	3300
5	1711	1552	1659	3301
5	1719	1568	1564	3302
5	1796	1650	1649	3303
5	1651	1548	1507	3304
5	1733	1651	1507	3305
5	1665	1547	1363	3306
5	1652	1363	853	3307
5	1653	1570	1542	3308
5	2093	1857	1983	3309
5	1730	1581	1580	3310
5	1728	1579	1567	3311
5	1655	1546	1545	3312
5	1655	1545	1361	3313
5	1747	1600	1746	3314
5	1747	1560	1600	3315
5	1860	1700	1806	3316
5	1785	1640	1639	3317
5	1726	1671	1526	3318
5	1725	1575	1574	3319
5	1855	1701	1681	3320
5	1694	1520	1553	3321
5	1684	1401	1503	3322
5	2127	1997	1977	3323
5	1731	1561	1676	3324
5	1787	1642	1641	3325
5	1662	1508	886	3326
5	1662	886	1401	3327
5	1802	1571	1667	3328
5	1663	1576	1415	3329
5	1811	1696	1511	3330
5	1707	1529	1528	3331
5	1810	1505	1371	3332
5	1810	1371	1686	3333
5	1666	1658	1592	3334
5	1666	1592	1622	3335
5	1845	1727	1663	3336
5	1721	1567	1375	3337
5	1808	1519	1692	3338
5	1693	1530	1578	3339
5	1690	1655	1361	3340
5	1950	1687	1513	3341
5	1694	1659	1520	3342
5	1708	1566	1670	3343
5	1671	1666	1622	3344
5	1671	1622	1526	3345
5	1672	1625	1534	3346
5	1836	1788	1703	3347
5	1673	1589	1510	3348
5	1737	1673	1510	3349
5	1674	1599	1523	3350
5	1742	1674	1523	3351
5	1745	1598	1744	3352
5	1795	1649	1648	3353
5	1731	1583	1561	3354
5	1786	1641	1583	3355
5	1897	1752	1896	3356
5	1899	1754	1898	3357
5	1748	1601	1582	3358
5	1783	1638	1602	3359
5	1714	1538	1700	3360
5	1715	1679	1517	3361
5	1737	1588	1736	3362
5	1736	1587	1735	3363
5	1701	1541	1522	3364
5	1733	1584	1732	3365
5	1903	1759	1758	3366
5	1897	1753	1752	3367
5	1683	1678	1532	3368
5	1683	1532	1535	3369
5	2152	1977	1809	3370
5	1809	1544	1508	3371
5	1692	1519	1518	3372
5	1951	1854	1693	3373
5	1798	1692	1518	3374
5	1945	1848	1668	3375
5	1706	1664	1368	3376
5	2157	1867	1989	3377
5	1717	1565	1556	3378
5	1710	1556	1555	3379
5	2003	1844	1660	3380
5	1689	1503	1402	3381
5	1690	1506	1379	3382
5	1690	1379	1685	3383
5	1698	1511	1420	3384
5	1695	1367	1550	3385
5	1808	1686	1519	3386
5	1954	1685	1813	3387
5	1696	1551	1406	3388
5	1696	1406	1511	3389
5	1955	1842	1873	3390
5	2026	1651	1879	3391
5	1819	1691	1521	3392
5	1851	1691	1819	3393
5	1811	1511	1698	3394
5	1852	1528	1669	3395
5	2004	1697	1814	3396
5	1697	1550	1551	3397
5	1698	1530	1693	3398
5	1814	1697	1551	3399
5	1750	1604	1537	3400
5	1752	1605	1751	3401
5	1714	1562	1538	3402
5	1715	1562	1714	3403
5	1733	1507	1584	3404
5	1732	1584	1509	3405
5	1856	1701	1855	3406
5	1917	1774	1916	3407
5	1771	1626	1770	3408
5	1871	1671	1726	3409
5	1857	1653	1542	3410
5	1704	1542	1395	3411
5	1705	1704	1395	3412
5	1705	1395	1366	3413
5	1706	1527	1372	3414
5	1706	1372	1687	3415
5	1798	1518	1664	3416
5	1813	1685	1529	3417
5	1708	1694	1553	3418
5	1708	1553	1566	3419
5	1739	1590	1738	3420
5	1739	1514	1590	3421
5	1866	1717	1710	3422
5	2087	1799	1991	3423
5	1743	1595	1712	3424
5	1718	1524	1713	3425
5	1932	1793	1792	3426
5	1712	1595	1558	3427
5	1743	1596	1595	3428
5	1865	1719	1864	3429
5	2056	1909	1908	3430
5	1908	1762	1838	3431
5	1861	1714	1860	3432
5	2053	1906	1905	3433
5	1789	1643	1788	3434
5	1790	1645	1644	3435
5	1799	1723	1573	3436
5	1723	1417	1573	3437
5	2034	1865	2013	3438
5	1740	1593	1569	3439
5	1913	1703	1771	3440
5	1740	1569	1720	3441
5	2196	2050	2195	3442
5	1885	1720	1865	3443
5	1801	1548	1651	3444
5	2007	1855	2006	3445
5	2015	1858	2014	3446
5	1813	1529	1707	3447
5	2088	1513	2016	3448
5	1867	1826	1688	3449
5	1868	1724	1716	3450
5	1726	1526	1575	3451
5	2032	1884	1835	3452
5	2030	1882	2029	3453
5	1870	1726	1725	3454
5	1871	1828	1671	3455
5	1998	1802	1972	3456
5	1727	1577	1419	3457
5	1873	1842	1654	3458
5	1730	1580	1729	3459
5	1823	1659	1694	3460
5	1730	1654	1581	3461
5	2002	1843	2001	3462
5	2160	2001	2089	3463
5	1902	1757	1901	3464
5	1846	1677	1661	3465
5	1877	1732	1702	3466
5	2025	1878	1877	3467
5	1855	1681	1837	3468
5	1845	1663	1802	3469
5	1734	1680	1586	3470
5	1734	1586	1585	3471
5	2028	1880	1964	3472
5	1737	1510	1588	3473
5	1884	1739	1738	3474
5	1883	1835	1673	3475
5	1880	1680	1820	3476
5	1821	1767	1658	3477
5	1739	1709	1514	3478
5	1738	1590	1589	3479
5	1858	1709	1803	3480
5	1830	1565	1717	3481
5	1831	1711	1659	3482
5	1831	1659	1823	3483
5	1874	1729	1728	3484
5	1742	1594	1741	3485
5	1839	1674	1829	3486
5	1743	1713	1596	3487
5	1935	1795	1934	3488
5	1863	1713	1812	3489
5	1745	1554	1598	3490
5	1744	1598	1597	3491
5	1839	1792	1674	3492
5	1933	1793	1932	3493
5	1747	1656	1560	3494
5	1896	1751	1895	3495
5	2016	1513	1826	3496
5	1928	1827	1787	3497
5	1896	1752	1751	3498
5	1749	1601	1748	3499
5	2071	1926	1925	3500
5	1783	1602	1749	3501
5	1895	1750	1894	3502
5	1898	1754	1753	3503
5	1894	1699	1815	3504
5	1754	1608	1607	3505
5	1895	1751	1750	3506
5	1756	1610	1609	3507
5	2240	1866	2100	3508
5	1846	1661	1827	3509
5	1927	1731	1876	3510
5	1757	1610	1756	3511
5	1928	1787	1786	3512
5	1760	1613	1759	3513
5	1892	1748	1678	3514
5	1924	1783	1749	3515
5	1834	1678	1683	3516
5	1758	1611	1757	3517
5	1905	1761	1760	3518
5	1761	1614	1760	3519
5	1902	1758	1757	3520
5	1761	1535	1614	3521
5	1898	1753	1897	3522
5	1894	1750	1699	3523
5	2090	2040	1962	3524
5	1841	1806	1657	3525
5	1764	1619	1763	3526
5	1764	1616	1619	3527
5	1764	1762	1616	3528
5	1763	1619	1618	3529
5	1906	1834	1683	3530
5	2009	1860	1963	3531
5	1838	1762	1764	3532
5	1779	1634	1633	3533
5	1766	1621	1539	3534
5	1782	1637	1781	3535
5	1964	1880	1820	3536
5	1769	1624	1768	3537
5	2170	2020	2169	3538
5	1769	1734	1585	3539
5	1805	1658	1666	3540
5	1821	1658	1805	3541
5	1771	1540	1626	3542
5	1771	1703	1540	3543
5	1966	1840	1890	3544
5	1937	1797	1936	3545
5	1918	1775	1917	3546
5	1914	1766	1824	3547
5	1856	1702	1701	3548
5	1776	1630	1775	3549
5	2063	1918	2062	3550
5	2059	1915	1914	3551
5	2197	2052	2051	3552
5	1776	1681	1631	3553
5	2064	1968	1919	3554
5	1919	1777	1909	3555
5	1778	1633	1632	3556
5	1779	1633	1778	3557
5	1922	1778	1919	3558
5	1837	1681	1776	3559
5	1782	1766	1539	3560
5	1780	1635	1779	3561
5	1918	1837	1776	3562
5	1782	1539	1637	3563
5	1907	1763	1825	3564
5	2059	1914	1967	3565
5	1878	1732	1877	3566
5	1914	1772	1766	3567
5	1926	1785	1784	3568
5	1784	1638	1783	3569
5	1825	1763	1682	3570
5	1785	1657	1640	3571
5	1862	1847	1679	3572
5	1920	1780	1779	3573
5	2072	1876	1946	3574
5	1787	1641	1786	3575
5	2093	2008	1857	3576
5	2133	1983	1817	3577
5	1789	1644	1643	3578
5	1791	1533	1645	3579
5	1869	1724	1868	3580
5	1790	1644	1789	3581
5	1911	1767	1821	3582
5	1791	1716	1533	3583
5	1884	1738	1835	3584
5	1868	1716	1804	3585
5	1793	1647	1646	3586
5	1794	1648	1647	3587
5	1929	1788	1836	3588
5	1832	1672	1840	3589
5	1864	1718	1863	3590
5	1795	1648	1794	3591
5	2082	1937	1936	3592
5	1797	1597	1650	3593
5	2081	1936	1935	3594
5	1865	1720	1719	3595
5	1863	1718	1713	3596
5	1840	1672	1675	3597
5	1954	1690	1685	3598
5	1816	1655	1690	3599
5	1866	1710	1858	3600
5	1835	1738	1673	3601
5	1800	1676	1656	3602
5	2193	2047	2192	3603
5	1873	1654	1730	3604
5	2174	2027	2025	3605
5	1972	1802	1667	3606
5	2095	1969	2036	3607
5	1884	1803	1739	3608
5	2033	2014	1803	3609
5	2228	2101	2110	3610
5	1929	1789	1788	3611
5	1985	1821	1960	3612
5	2096	1944	1959	3613
5	1806	1700	1657	3614
5	1988	1957	1825	3615
5	1891	1747	1746	3616
5	2074	1827	1928	3617
5	1854	1698	1693	3618
5	1854	1811	1698	3619
5	1977	1669	1809	3620
5	1809	1669	1364	3621
5	1978	1810	1686	3622
5	2147	1810	1978	3623
5	1942	1811	1854	3624
5	1979	1696	1811	3625
5	1888	1743	1712	3626
5	1842	1670	1654	3627
5	2128	1814	1979	3628
5	1853	1695	1550	3629
5	2416	2244	2415	3630
5	1982	1547	1665	3631
5	1815	1699	1677	3632
5	1827	1661	1787	3633
5	1952	1686	1808	3634
5	1984	1503	1939	3635
5	2084	1717	1866	3636
5	1857	1542	1704	3637
5	1818	1817	1705	3638
5	1818	1705	1366	3639
5	1939	1689	1844	3640
5	1844	1559	1660	3641
5	2316	2175	2121	3642
5	1911	1768	1767	3643
5	1910	1734	1769	3644
5	2169	2019	2168	3645
5	1879	1733	1878	3646
5	1998	1845	1802	3647
5	1888	1712	1887	3648
5	1887	1711	1831	3649
5	1923	1782	1781	3650
5	1923	1781	1921	3651
5	1995	1907	1957	3652
5	2345	2207	2206	3653
5	1989	1867	1723	3654
5	1826	1513	1436	3655
5	1846	1815	1677	3656
5	1990	1815	1846	3657
5	1828	1805	1666	3658
5	1828	1666	1671	3659
5	1886	1741	1740	3660
5	1885	1740	1720	3661
5	2084	1830	1717	3662
5	1991	1722	1830	3663
5	2301	2155	2173	3664
5	2026	1801	1651	3665
5	2168	2018	2091	3666
5	1931	1790	1930	3667
5	1833	1800	1656	3668
5	1833	1656	1747	3669
5	2050	1902	2049	3670
5	1892	1678	1834	3671
5	1881	1735	1880	3672
5	1881	1736	1735	3673
5	1832	1770	1672	3674
5	1974	1965	1804	3675
5	1915	1772	1914	3676
5	1916	1774	1773	3677
5	2068	1921	2065	3678
5	1909	1777	1765	3679
5	1936	1797	1796	3680
5	2078	1932	1938	3681
5	1890	1745	1889	3682
5	1935	1796	1795	3683
5	1893	1748	1892	3684
5	1925	1784	1783	3685
5	1843	1708	1670	3686
5	1850	1823	1694	3687
5	2037	1887	1831	3688
5	1850	1708	1843	3689
5	2131	1854	1951	3690
5	1939	1503	1689	3691
5	1987	1874	1728	3692
5	1872	1577	1727	3693
5	2044	1897	1896	3694
5	2047	1900	1899	3695
5	1847	1825	1682	3696
5	1847	1682	1679	3697
5	1848	1693	1578	3698
5	1848	1578	1668	3699
5	2041	1815	1990	3700
5	2295	2148	1980	3701
5	2182	2035	2181	3702
5	2001	1842	1955	3703
5	2305	2127	2152	3704
5	1851	1660	1691	3705
5	1979	1811	1942	3706
5	1979	1814	1696	3707
5	2104	1956	1853	3708
5	2105	1851	2005	3709
5	1941	1808	1692	3710
5	1943	1655	1816	3711
5	1972	1667	1801	3712
5	1877	1702	1856	3713
5	2371	2265	2425	3714
5	2025	1877	1961	3715
5	2151	1746	1807	3716
5	2106	1971	1891	3717
5	1940	1692	1798	3718
5	2270	1989	2087	3719
5	1859	1829	1742	3720
5	1859	1742	1741	3721
5	1861	1715	1714	3722
5	1862	1679	1715	3723
5	2069	1893	2040	3724
5	1862	1715	1861	3725
5	2165	2163	2011	3726
5	2349	2123	2236	3727
5	1864	1719	1718	3728
5	1886	1740	1885	3729
5	2287	2160	2286	3730
5	1969	1829	1859	3731
5	2114	2078	1938	3732
5	1886	1859	1741	3733
5	2031	1835	1883	3734
5	2015	1866	1858	3735
5	2135	1953	2086	3736
5	1950	1849	1687	3737
5	1869	1725	1724	3738
5	1870	1725	1869	3739
5	2225	2080	2224	3740
5	2020	1871	1870	3741
5	2175	2028	2121	3742
5	1871	1726	1870	3743
5	1975	1960	1805	3744
5	2058	1993	1913	3745
5	2022	1872	1999	3746
5	1872	1721	1577	3747
5	1875	1729	1874	3748
5	2116	2012	1958	3749
5	1875	1730	1729	3750
5	1875	1873	1730	3751
5	1992	1831	1823	3752
5	2001	1843	1842	3753
5	1927	1786	1731	3754
5	1928	1786	1927	3755
5	1878	1733	1732	3756
5	1999	1872	1845	3757
5	2006	1855	1837	3758
5	2234	1987	2145	3759
5	2055	1838	1995	3760
5	1987	1728	1822	3761
5	1883	1737	1882	3762
5	1882	1736	1881	3763
5	1974	1804	1931	3764
5	1883	1673	1737	3765
5	2299	2154	2153	3766
5	2360	2223	2282	3767
5	1975	1805	1828	3768
5	1986	1910	1944	3769
5	2141	1986	2098	3770
5	2029	1882	1881	3771
5	2108	1958	1973	3772
5	2012	1864	1863	3773
5	2204	2058	2203	3774
5	2222	2077	2076	3775
5	1995	1838	1907	3776
5	1888	1812	1743	3777
5	2160	2002	2001	3778
5	2116	1958	2108	3779
5	1890	1840	1675	3780
5	1889	1745	1744	3781
5	2076	1929	2075	3782
5	1993	1836	1913	3783
5	2179	2033	2113	3784
5	2245	2151	2008	3785
5	1893	1749	1748	3786
5	1926	1784	1925	3787
5	1988	1825	1847	3788
5	1924	1749	1893	3789
5	2043	1895	2042	3790
5	2042	1894	2041	3791
5	2049	1901	2048	3792
5	1900	1756	1755	3793
5	2047	1899	2046	3794
5	2073	1927	2072	3795
5	2119	1990	2000	3796
5	1901	1757	1756	3797
5	2073	1928	1927	3798
5	1905	1760	1904	3799
5	2041	1894	1815	3800
5	2043	1896	1895	3801
5	2042	1895	1894	3802
5	1903	1758	1902	3803
5	2052	1905	1904	3804
5	1904	1759	1903	3805
5	2048	1900	2047	3806
5	2045	1897	2044	3807
5	2045	1898	1897	3808
5	1906	1761	1905	3809
5	2215	2124	2071	3810
5	1906	1683	1761	3811
5	2192	2047	2046	3812
5	2009	1861	1860	3813
5	2194	2049	2048	3814
5	2040	1892	1962	3815
5	1907	1838	1764	3816
5	1907	1764	1763	3817
5	1921	1780	1920	3818
5	1919	1778	1777	3819
5	2011	1847	1862	3820
5	2342	2201	2260	3821
5	1912	1768	1911	3822
5	2280	2015	2178	3823
5	1912	1769	1768	3824
5	1912	1910	1769	3825
5	1913	1836	1703	3826
5	1913	1771	1832	3827
5	2018	1869	1868	3828
5	1965	1868	1804	3829
5	1915	1773	1772	3830
5	1917	1775	1774	3831
5	2122	2059	1967	3832
5	1916	1773	1915	3833
5	2208	2063	2062	3834
5	1918	1776	1775	3835
5	2007	1961	1856	3836
5	2007	1856	1855	3837
5	2064	1919	1909	3838
5	2062	1917	2061	3839
5	2050	1903	1902	3840
5	1963	1860	1806	3841
5	1968	1922	1919	3842
5	2063	2006	1837	3843
5	2211	2107	2065	3844
5	1923	1824	1782	3845
5	1922	1920	1779	3846
5	1922	1779	1778	3847
5	2066	1922	1968	3848
5	2207	2061	2206	3849
5	2040	1893	1892	3850
5	1925	1783	1924	3851
5	2213	2069	2040	3852
5	1926	1841	1785	3853
5	2051	1904	1903	3854
5	2044	1896	2043	3855
5	2046	1899	1898	3856
5	2049	1902	1901	3857
5	2117	1946	1970	3858
5	2028	1881	1880	3859
5	2079	1933	2078	3860
5	1930	1789	1929	3861
5	2058	1832	2057	3862
5	1931	1804	1791	3863
5	2057	1840	1966	3864
5	2283	2115	2142	3865
5	1933	1794	1793	3866
5	1934	1795	1794	3867
5	2238	2114	2125	3868
5	1936	1796	1935	3869
5	2077	1930	2076	3870
5	2081	1935	2080	3871
5	2035	1885	2034	3872
5	1937	1744	1797	3873
5	2111	2057	1966	3874
5	2037	1831	1992	3875
5	2036	1859	1886	3876
5	1969	1947	1829	3877
5	1938	1932	1839	3878
5	2126	1969	2095	3879
5	2146	1852	1997	3880
5	2152	1662	1684	3881
5	1943	1546	1655	3882
5	2239	2085	2129	3883
5	2245	2008	2093	3884
5	2128	2004	1814	3885
5	1956	1819	1695	3886
5	2104	2005	1956	3887
5	2129	1546	1943	3888
5	1991	1799	1722	3889
5	1985	1959	1911	3890
5	2224	2079	2223	3891
5	2131	1942	1854	3892
5	2132	1848	1945	3893
5	1946	1876	1800	3894
5	1983	1857	1704	3895
5	1947	1938	1839	3896
5	1947	1839	1829	3897
5	2241	2093	1983	3898
5	1983	1704	1817	3899
5	1949	1948	1818	3900
5	1949	1818	1546	3901
5	2086	1849	1950	3902
5	1953	1706	1849	3903
5	2293	2097	1940	3904
5	2134	1808	1941	3905
5	2149	1978	1952	3906
5	1978	1686	1952	3907
5	2135	1940	1798	3908
5	1953	1798	1664	3909
5	2550	2304	2380	3910
5	1954	1816	1690	3911
5	2024	1875	2023	3912
5	2024	1873	1875	3913
5	2103	1844	2003	3914
5	2097	1941	1940	3915
5	1957	1907	1825	3916
5	2243	2138	2163	3917
5	1958	1863	1812	3918
5	2038	1888	1887	3919
5	1959	1944	1912	3920
5	1959	1912	1911	3921
5	1985	1911	1821	3922
5	1960	1821	1805	3923
5	1961	1877	1856	3924
5	2144	2026	1879	3925
5	1962	1892	1834	3926
5	2054	1962	1834	3927
5	2199	2053	2198	3928
5	2070	1925	1924	3929
5	2177	2030	2176	3930
5	2112	2032	2031	3931
5	2021	1975	1828	3932
5	2018	1868	1965	3933
5	2220	1993	2204	3934
5	2083	1937	2082	3935
5	1967	1914	1824	3936
5	2208	2062	2207	3937
5	2065	1921	1920	3938
5	2067	1824	1923	3939
5	2013	1864	2012	3940
5	2035	1886	1885	3941
5	1970	1946	1800	3942
5	1970	1800	1833	3943
5	1971	1970	1833	3944
5	1971	1833	1891	3945
5	2144	1879	2027	3946
5	2145	1987	1822	3947
5	1973	1958	1812	3948
5	1973	1812	1888	3949
5	2075	1836	1993	3950
5	2076	1930	1929	3951
5	2019	1869	2018	3952
5	2019	1870	1869	3953
5	1976	1963	1806	3954
5	1976	1806	1841	3955
5	1997	1669	1977	3956
5	2244	2127	2229	3957
5	1982	1945	1547	3958
5	2150	1945	1982	3959
5	2005	1851	1819	3960
5	2004	1853	1697	3961
5	2148	2136	1954	3962
5	1980	1813	1707	3963
5	1981	1980	1707	3964
5	1981	1707	1852	3965
5	2296	2289	2149	3966
5	2134	1952	1808	3967
5	2379	2167	2233	3968
5	2008	1653	1857	3969
5	2152	1684	1984	3970
5	1984	1684	1503	3971
5	2220	2075	1993	3972
5	2221	2076	2075	3973
5	1986	1964	1820	3974
5	1986	1820	1910	3975
5	2185	2108	1973	3976
5	2375	2370	2262	3977
5	2010	1861	2009	3978
5	2010	1862	1861	3979
5	2217	2072	1946	3980
5	2157	2017	1867	3981
5	2074	1928	2073	3982
5	2217	1946	2117	3983
5	2113	2032	2112	3984
5	2008	1807	1653	3985
5	2038	1973	1888	3986
5	2038	1887	2037	3987
5	2075	1929	1836	3988
5	2077	1931	1930	3989
5	1994	1976	1841	3990
5	1994	1841	1926	3991
5	2055	1908	1838	3992
5	2064	1909	2056	3993
5	1996	1992	1823	3994
5	1996	1823	1850	3995
5	2103	1939	1844	3996
5	2003	1660	1851	3997
5	2022	1822	1721	3998
5	1999	1845	1998	3999
5	2172	1999	2159	4000
5	2022	1721	1872	4001
5	2000	1990	1846	4002
5	2000	1846	1827	4003
5	2002	1850	1843	4004
5	2002	1996	1850	4005
5	2320	2166	2310	4006
5	2161	2102	1996	4007
5	2128	1979	1942	4008
5	2005	1819	1956	4009
5	2369	1941	2097	4010
5	2147	1652	1810	4011
5	2105	2003	1851	4012
5	2684	2517	2518	4013
5	2060	1915	2059	4014
5	2061	1917	1916	4015
5	2212	2068	2107	4016
5	2422	2260	2276	4017
5	2249	2087	1991	4018
5	2084	1991	1830	4019
5	2202	2055	2201	4020
5	2011	1862	2010	4021
5	2213	2040	2090	4022
5	2011	1988	1847	4023
5	2092	2009	1963	4024
5	2371	2308	2250	4025
5	2013	1865	1864	4026
5	2034	1885	1865	4027
5	2185	1973	2038	4028
5	2036	1886	2035	4029
5	2100	1866	2015	4030
5	2014	1858	1803	4031
5	2033	1884	2032	4032
5	2240	2084	1866	4033
5	2136	1816	1954	4034
5	2135	1798	1953	4035
5	2017	2016	1826	4036
5	2017	1826	1867	4037
5	2021	1871	2020	4038
5	2020	1870	2019	4039
5	2154	1959	1985	4040
5	2021	1828	1871	4041
5	2098	1944	2096	4042
5	2121	2028	1964	4043
5	2450	2311	2372	4044
5	2203	2057	2111	4045
5	2109	1801	2026	4046
5	2109	1972	1801	4047
5	2027	1878	2025	4048
5	2024	1955	1873	4049
5	2102	1992	1996	4050
5	2324	2184	2183	4051
5	2314	2246	2172	4052
5	2253	1972	2109	4053
5	2159	1999	1998	4054
5	2027	1879	1878	4055
5	2166	2012	2116	4056
5	2183	2037	1992	4057
5	2031	1883	2030	4058
5	2030	1883	1882	4059
5	2153	1960	2130	4060
5	2171	1975	2021	4061
5	2168	2019	2018	4062
5	2032	1835	2031	4063
5	2098	1986	1944	4064
5	2255	2113	2254	4065
5	2033	1803	1884	4066
5	2268	2141	2098	4067
5	2176	2029	2175	4068
5	2176	2030	2029	4069
5	2373	2256	2283	4070
5	2363	2226	2362	4071
5	2273	2228	2110	4072
5	2036	1969	1859	4073
5	2362	2225	2361	4074
5	2223	2078	2114	4075
5	2156	2023	1874	4076
5	2205	2060	2059	4077
5	2374	2263	2350	4078
5	2856	2731	2765	4079
5	2039	1966	1890	4080
5	2039	1890	1889	4081
5	2069	1924	1893	4082
5	2071	1925	2070	4083
5	2188	2042	2187	4084
5	2189	2043	2188	4085
5	2186	1990	2119	4086
5	2046	1898	2045	4087
5	2190	2045	2044	4088
5	2336	2195	2194	4089
5	2218	2072	2217	4090
5	2048	1901	1900	4091
5	2186	2041	1990	4092
5	2195	2049	2194	4093
5	2187	2041	2186	4094
5	2053	1905	2052	4095
5	2187	2042	2041	4096
5	2188	2043	2042	4097
5	2190	2044	2189	4098
5	2051	1903	2050	4099
5	2199	2054	2053	4100
5	2052	1904	2051	4101
5	2198	2052	2197	4102
5	2192	2046	2191	4103
5	2189	2044	2043	4104
5	2054	1906	2053	4105
5	2196	2051	2050	4106
5	2054	1834	1906	4107
5	2140	2092	1963	4108
5	2352	2213	2351	4109
5	2164	2009	2092	4110
5	2164	2010	2009	4111
5	2210	2064	2056	4112
5	2056	1908	2055	4113
5	2236	2123	2200	4114
5	2165	2010	2164	4115
5	2058	1913	1832	4116
5	2057	1832	1840	4117
5	2115	1966	2039	4118
5	2223	2079	2078	4119
5	2060	1916	1915	4120
5	2063	1837	1918	4121
5	2062	1918	1917	4122
5	2061	1916	2060	4123
5	2303	2094	2262	4124
5	2346	2207	2345	4125
5	2285	2143	2261	4126
5	2139	1961	2007	4127
5	2139	2094	1961	4128
5	2205	2059	2122	4129
5	2201	1995	2099	4130
5	2206	2060	2205	4131
5	2285	2122	2143	4132
5	2067	1967	1824	4133
5	2066	2065	1920	4134
5	2066	1920	1922	4135
5	2107	2068	2065	4136
5	2201	2055	1995	4137
5	2068	2067	1923	4138
5	2068	1923	1921	4139
5	2090	2054	2199	4140
5	2070	1924	2069	4141
5	2419	2144	2315	4142
5	2071	1994	1926	4143
5	2448	2308	2371	4144
5	2475	2336	2474	4145
5	2191	2045	2190	4146
5	2074	2000	1827	4147
5	2219	2073	2218	4148
5	2266	1971	2106	4149
5	2331	2189	2330	4150
5	2194	2048	2193	4151
5	2299	2153	2298	4152
5	2627	2494	2502	4153
5	2171	2130	1975	4154
5	2077	1974	1931	4155
5	2377	2274	2300	4156
5	2298	2153	2130	4157
5	2079	1934	1933	4158
5	2080	1935	1934	4159
5	2180	2034	2013	4160
5	2083	1889	1937	4161
5	2183	1992	2102	4162
5	2166	2013	2012	4163
5	2115	2111	1966	4164
5	2082	1936	2081	4165
5	2227	2142	2083	4166
5	2083	2039	1889	4167
5	2343	2203	2111	4168
5	2226	2081	2225	4169
5	2085	1948	1949	4170
5	2086	1953	1849	4171
5	2270	2157	1989	4172
5	2087	1989	1799	4173
5	2167	2088	2016	4174
5	2369	2134	1941	4175
5	2151	1807	2008	4176
5	2133	1817	1948	4177
5	2386	2135	2086	4178
5	2088	1950	1513	4179
5	2089	2001	1955	4180
5	2155	2089	1955	4181
5	2330	2188	2329	4182
5	2337	2196	2195	4183
5	2091	2018	1965	4184
5	2237	2130	2171	4185
5	2140	1976	2120	4186
5	2215	2071	2070	4187
5	2271	2086	1950	4188
5	2429	2271	2304	4189
5	2094	2025	1961	4190
5	2478	2272	2339	4191
5	2182	2036	2035	4192
5	2181	2035	2034	4193
5	2154	2096	1959	4194
5	2130	1960	1975	4195
5	2167	2016	2017	4196
5	2148	1813	1980	4197
5	2275	2141	2268	4198
5	2496	2361	2360	4199
5	2696	2564	2520	4200
5	2341	2200	2210	4201
5	2178	2015	2014	4202
5	2555	2432	2280	4203
5	2101	2091	1965	4204
5	2101	1965	1974	4205
5	2161	2002	2160	4206
5	2324	2183	2251	4207
5	2388	2148	2295	4208
5	2278	2003	2105	4209
5	2384	2105	2277	4210
5	2104	1853	2004	4211
5	2152	1809	1662	4212
5	2158	1939	2103	4213
5	2113	2033	2032	4214
5	2279	2119	2216	4215
5	2211	2066	2123	4216
5	2202	2056	2055	4217
5	2184	2037	2183	4218
5	2306	2102	2161	4219
5	2314	2159	2253	4220
5	2145	1822	2022	4221
5	2110	2101	1974	4222
5	2110	1974	2077	4223
5	2203	2058	2057	4224
5	2204	1993	2058	4225
5	2280	2100	2015	4226
5	2318	2254	2112	4227
5	2255	2179	2113	4228
5	2266	2118	1971	4229
5	2226	2082	2081	4230
5	2282	2114	2238	4231
5	2273	2110	2222	4232
5	2256	2111	2115	4233
5	2180	2013	2166	4234
5	2181	2034	2180	4235
5	2317	2175	2316	4236
5	2457	2319	2385	4237
5	2118	2117	1970	4238
5	2118	1970	1971	4239
5	2219	2074	2073	4240
5	2334	2193	2192	4241
5	2140	1963	1976	4242
5	2120	1976	1994	4243
5	2175	2029	2028	4244
5	2177	2031	2030	4245
5	2462	2324	2398	4246
5	2345	2205	2230	4247
5	2211	2065	2066	4248
5	2123	2066	1968	4249
5	2124	2120	1994	4250
5	2124	1994	2071	4251
5	2125	2114	1938	4252
5	2125	1938	1947	4253
5	2126	2125	1947	4254
5	2126	1947	1969	4255
5	2303	2174	2094	4256
5	2383	2277	2104	4257
5	2296	2149	2290	4258
5	2277	2005	2104	4259
5	2129	2085	1949	4260
5	2129	1949	1546	4261
5	2153	1985	1960	4262
5	2154	1985	2153	4263
5	2289	2147	2149	4264
5	2290	2149	1952	4265
5	2291	2131	1951	4266
5	2132	1951	1848	4267
5	2292	2133	1948	4268
5	2249	1991	2084	4269
5	2150	2132	1945	4270
5	2149	2147	1978	4271
5	2386	2086	2378	4272
5	2417	2383	2247	4273
5	2518	2388	2295	4274
5	2504	2408	2409	4275
5	2148	1954	1813	4276
5	2137	1980	1981	4277
5	2138	2099	1957	4278
5	2138	1957	1988	4279
5	2209	2006	2063	4280
5	2207	2062	2061	4281
5	2338	2197	2196	4282
5	2340	2199	2272	4283
5	2141	2121	1964	4284
5	2141	1964	1986	4285
5	2142	2115	2039	4286
5	2142	2039	2083	4287
5	2143	2122	1967	4288
5	2143	1967	2067	4289
5	2174	2025	2094	4290
5	2155	1955	2024	4291
5	2156	1874	1987	4292
5	2172	2022	1999	4293
5	2416	2137	1981	4294
5	2146	1981	1852	4295
5	2147	1982	1665	4296
5	2147	1665	1652	4297
5	2295	1980	2137	4298
5	2652	2544	2387	4299
5	2417	2248	2391	4300
5	2247	2104	2004	4301
5	2391	2248	2128	4302
5	2291	1951	2132	4303
5	2297	1891	2151	4304
5	2151	1891	1746	4305
5	2158	1984	1939	4306
5	2152	2127	1977	4307
5	2267	2101	2228	4308
5	2317	2176	2175	4309
5	2298	2130	2237	4310
5	2311	2169	2168	4311
5	2368	2258	2156	4312
5	2262	2094	2139	4313
5	2345	2206	2205	4314
5	2234	2156	1987	4315
5	2242	1943	2136	4316
5	2271	1950	2088	4317
5	2305	1984	2158	4318
5	2305	2152	1984	4319
5	2172	2145	2022	4320
5	2723	2453	2540	4321
5	2161	1996	2002	4322
5	2320	2180	2166	4323
5	2277	2105	2005	4324
5	2288	2128	1942	4325
5	2162	2139	2007	4326
5	2162	2007	2006	4327
5	2163	2138	1988	4328
5	2163	1988	2011	4329
5	2165	2011	2010	4330
5	2422	2276	2394	4331
5	2335	2193	2334	4332
5	2307	2163	2165	4333
5	2310	2116	2309	4334
5	2449	2322	2320	4335
5	2438	2241	2133	4336
5	2292	1948	2085	4337
5	2169	2020	2019	4338
5	2170	2021	2020	4339
5	2644	2585	2511	4340
5	2316	2121	2275	4341
5	2358	2221	2220	4342
5	2171	2021	2170	4343
5	2358	2220	2357	4344
5	2360	2224	2223	4345
5	2314	2172	2159	4346
5	2252	2026	2144	4347
5	2173	2155	2024	4348
5	2173	2024	2023	4349
5	2258	2023	2156	4350
5	2433	2261	2423	4351
5	2411	2228	2273	4352
5	2443	2298	2396	4353
5	2318	2112	2177	4354
5	2275	2121	2141	4355
5	2319	2176	2317	4356
5	2177	2112	2031	4357
5	2284	2179	2255	4358
5	2505	2266	2397	4359
5	2179	2178	2014	4360
5	2179	2014	2033	4361
5	2326	2108	2185	4362
5	2364	2283	2142	4363
5	2418	2398	2251	4364
5	2182	2095	2036	4365
5	2322	2180	2320	4366
5	2325	2184	2324	4367
5	2184	2038	2037	4368
5	2185	2038	2184	4369
5	2462	2325	2324	4370
5	2309	2116	2108	4371
5	2326	2309	2108	4372
5	2446	2286	2435	4373
5	2330	2189	2188	4374
5	2329	2187	2328	4375
5	2475	2337	2336	4376
5	2193	2048	2047	4377
5	2430	2275	2268	4378
5	2441	2397	2106	4379
5	2327	2186	2119	4380
5	2191	2046	2045	4381
5	2336	2194	2335	4382
5	2334	2192	2333	4383
5	2328	2187	2186	4384
5	2329	2188	2187	4385
5	2331	2190	2189	4386
5	2197	2051	2196	4387
5	2351	2090	2340	4388
5	2195	2050	2049	4389
5	2272	2199	2198	4390
5	2339	2198	2197	4391
5	2339	2197	2338	4392
5	2198	2053	2052	4393
5	2337	2195	2336	4394
5	2332	2191	2190	4395
5	2352	2214	2213	4396
5	2090	1962	2054	4397
5	2404	2259	2376	4398
5	2214	2070	2069	4399
5	2484	2403	2341	4400
5	2250	2164	2092	4401
5	2200	2123	1968	4402
5	2200	1968	2064	4403
5	2260	2201	2099	4404
5	2210	2056	2202	4405
5	2341	2236	2200	4406
5	2210	2200	2064	4407
5	2498	2363	2362	4408
5	2221	2075	2220	4409
5	2480	2344	2343	4410
5	2222	2110	2077	4411
5	2206	2061	2060	4412
5	2209	2063	2208	4413
5	2424	2173	2258	4414
5	2287	2161	2160	4415
5	2615	2481	2506	4416
5	2209	2162	2006	4417
5	2231	2139	2162	4418
5	2485	2350	2349	4419
5	2483	2348	2342	4420
5	2350	2211	2349	4421
5	2448	2307	2308	4422
5	2276	2138	2243	4423
5	2342	2202	2201	4424
5	2556	2402	2482	4425
5	2212	2143	2067	4426
5	2212	2067	2068	4427
5	2259	2120	2124	4428
5	2214	2069	2213	4429
5	2352	2264	2215	4430
5	2215	2070	2214	4431
5	2508	2376	2488	4432
5	2332	2190	2331	4433
5	2216	2119	2000	4434
5	2216	2000	2074	4435
5	2218	2073	2072	4436
5	2327	2119	2279	4437
5	2766	2644	2694	4438
5	2355	2216	2219	4439
5	2328	2186	2327	4440
5	2219	2216	2074	4441
5	2497	2362	2361	4442
5	2421	2255	2254	4443
5	2311	2168	2235	4444
5	2222	2076	2221	4445
5	2235	2168	2091	4446
5	2412	2235	2267	4447
5	2224	2080	2079	4448
5	2225	2081	2080	4449
5	2357	2204	2344	4450
5	2227	2083	2082	4451
5	2633	2500	2499	4452
5	2322	2181	2180	4453
5	2460	2323	2322	4454
5	2227	2082	2226	4455
5	2458	2310	2309	4456
5	2282	2223	2114	4457
5	2359	2222	2221	4458
5	2555	2178	2284	4459
5	2244	1997	2127	4460
5	2244	2146	1997	4461
5	2230	2205	2122	4462
5	2285	2230	2122	4463
5	2347	2209	2208	4464
5	2401	2375	2231	4465
5	2232	2231	2162	4466
5	2232	2162	2209	4467
5	2233	2167	2017	4468
5	2233	2017	2157	4469
5	2252	2109	2026	4470
5	2258	2173	2023	4471
5	2585	2450	2511	4472
5	2451	2312	2450	4473
5	2261	2143	2212	4474
5	2400	2345	2230	4475
5	2312	2169	2311	4476
5	2312	2170	2169	4477
5	2321	2269	2095	4478
5	2461	2321	2323	4479
5	2293	1940	2135	4480
5	2241	1983	2133	4481
5	2249	2084	2240	4482
5	2567	2428	2270	4483
5	2678	2389	2503	4484
5	2297	2106	1891	4485
5	2242	2239	2129	4486
5	2242	2129	1943	4487
5	2485	2349	2382	4488
5	2265	2092	2140	4489
5	2431	2229	2158	4490
5	2416	2146	2244	4491
5	2365	2292	2085	4492
5	2544	2097	2387	4493
5	2246	2234	2145	4494
5	2246	2145	2172	4495
5	2288	1942	2131	4496
5	2416	1981	2146	4497
5	2248	2247	2004	4498
5	2248	2004	2128	4499
5	2378	2086	2271	4500
5	2353	2117	2281	4501
5	2307	2243	2163	4502
5	2308	2164	2250	4503
5	2251	2183	2102	4504
5	2598	2462	2512	4505
5	2419	2252	2144	4506
5	2262	2139	2231	4507
5	2355	2279	2216	4508
5	2420	2279	2355	4509
5	2354	2217	2353	4510
5	2254	2113	2112	4511
5	2675	2510	2405	4512
5	2284	2178	2179	4513
5	2359	2273	2222	4514
5	2343	2111	2256	4515
5	2257	2238	2125	4516
5	2257	2125	2126	4517
5	2315	2144	2027	4518
5	2315	2027	2174	4519
5	2294	2120	2259	4520
5	2265	2250	2092	4521
5	2487	2352	2351	4522
5	2488	2264	2352	4523
5	2423	2261	2263	4524
5	2350	2107	2211	4525
5	2573	2433	2572	4526
5	2286	2160	2089	4527
5	2263	2261	2212	4528
5	2263	2212	2107	4529
5	2264	2259	2124	4530
5	2264	2124	2215	4531
5	2514	2394	2414	4532
5	2381	2342	2260	4533
5	2486	2351	2340	4534
5	2281	2117	2118	4535
5	2267	2235	2091	4536
5	2267	2091	2101	4537
5	2555	2284	2510	4538
5	2427	2268	2274	4539
5	2269	2257	2126	4540
5	2269	2126	2095	4541
5	2501	2438	2292	4542
5	2516	2233	2428	4543
5	2432	2366	2100	4544
5	2429	2378	2271	4545
5	2340	2090	2199	4546
5	2351	2213	2090	4547
5	2344	2203	2343	4548
5	2399	2343	2256	4549
5	2274	2268	2098	4550
5	2274	2098	2096	4551
5	2455	2275	2430	4552
5	2444	2300	2299	4553
5	2276	2260	2099	4554
5	2276	2099	2138	4555
5	2384	2278	2105	4556
5	2278	2103	2003	4557
5	2431	2158	2103	4558
5	2431	2103	2278	4559
5	2253	2159	1998	4560
5	2253	1998	1972	4561
5	2505	2118	2266	4562
5	2366	2240	2100	4563
5	2353	2217	2117	4564
5	2354	2218	2217	4565
5	2363	2227	2226	4566
5	2283	2256	2115	4567
5	2361	2224	2360	4568
5	2763	2632	2762	4569
5	2441	2106	2297	4570
5	2397	2266	2106	4571
5	2481	2345	2400	4572
5	2401	2231	2232	4573
5	2526	2445	2301	4574
5	2434	2230	2285	4575
5	2306	2251	2102	4576
5	2306	2161	2287	4577
5	2503	2389	2439	4578
5	2290	1952	2134	4579
5	2289	2150	1982	4580
5	2289	1982	2147	4581
5	2383	2104	2247	4582
5	2390	2131	2291	4583
5	2390	2288	2131	4584
5	2518	2295	2440	4585
5	2428	2233	2157	4586
5	2791	2567	2651	4587
5	2380	2304	2167	4588
5	2388	2136	2148	4589
5	2294	2265	2140	4590
5	2294	2140	2120	4591
5	2519	2293	2386	4592
5	2365	2085	2239	4593
5	2436	2132	2150	4594
5	2296	2150	2289	4595
5	2297	2151	2245	4596
5	2432	2100	2280	4597
5	2300	2096	2154	4598
5	2300	2154	2299	4599
5	2395	2267	2228	4600
5	2300	2274	2096	4601
5	2412	2267	2395	4602
5	2638	2504	2509	4603
5	2375	2262	2231	4604
5	2302	2155	2301	4605
5	2302	2286	2089	4606
5	2302	2089	2155	4607
5	2368	2156	2234	4608
5	2452	2253	2109	4609
5	2304	2271	2088	4610
5	2304	2088	2167	4611
5	2305	2158	2229	4612
5	2305	2229	2127	4613
5	2435	2286	2302	4614
5	2619	2485	2618	4615
5	2483	2342	2381	4616
5	2572	2433	2423	4617
5	2308	2307	2165	4618
5	2308	2165	2164	4619
5	2310	2166	2116	4620
5	2321	2095	2182	4621
5	2459	2310	2458	4622
5	2632	2499	2498	4623
5	2313	2171	2170	4624
5	2313	2170	2312	4625
5	2570	2430	2427	4626
5	2313	2237	2171	4627
5	2427	2274	2377	4628
5	2444	2377	2300	4629
5	2452	2393	2314	4630
5	2452	2109	2252	4631
5	2588	2315	2453	4632
5	2767	2642	2588	4633
5	2489	2353	2281	4634
5	2454	2254	2318	4635
5	2451	2407	2313	4636
5	2780	2644	2766	4637
5	2491	2355	2356	4638
5	2405	2284	2255	4639
5	2319	2318	2177	4640
5	2319	2177	2176	4641
5	2464	2309	2326	4642
5	2630	2497	2496	4643
5	2323	2181	2322	4644
5	2406	2360	2282	4645
5	2323	2182	2181	4646
5	2323	2321	2182	4647
5	2460	2322	2449	4648
5	2499	2363	2498	4649
5	2325	2185	2184	4650
5	2326	2185	2325	4651
5	2463	2325	2462	4652
5	2761	2630	2760	4653
5	2599	2463	2598	4654
5	2689	2522	2543	4655
5	2466	2327	2465	4656
5	2465	2279	2420	4657
5	2490	2353	2489	4658
5	2333	2191	2332	4659
5	2465	2327	2279	4660
5	2479	2340	2272	4661
5	2467	2328	2466	4662
5	2466	2328	2327	4663
5	2487	2351	2486	4664
5	2333	2192	2191	4665
5	2477	2339	2338	4666
5	2467	2329	2328	4667
5	2471	2332	2470	4668
5	2335	2194	2193	4669
5	2468	2330	2329	4670
5	2473	2334	2472	4671
5	2469	2330	2468	4672
5	2338	2196	2337	4673
5	2469	2331	2330	4674
5	2470	2332	2331	4675
5	2472	2333	2471	4676
5	2339	2272	2198	4677
5	2471	2333	2332	4678
5	2478	2339	2477	4679
5	2472	2334	2333	4680
5	2473	2335	2334	4681
5	2479	2272	2478	4682
5	2352	2215	2214	4683
5	2348	2202	2342	4684
5	2484	2348	2483	4685
5	2348	2210	2202	4686
5	2348	2341	2210	4687
5	2344	2204	2203	4688
5	2357	2220	2204	4689
5	2412	2372	2235	4690
5	2359	2221	2358	4691
5	2346	2208	2207	4692
5	2347	2232	2209	4693
5	2370	2303	2262	4694
5	2347	2208	2346	4695
5	2418	2251	2306	4696
5	2711	2572	2528	4697
5	2425	2265	2294	4698
5	2620	2479	2614	4699
5	2350	2263	2107	4700
5	2349	2211	2123	4701
5	2528	2423	2374	4702
5	2423	2263	2374	4703
5	2474	2336	2335	4704
5	2371	2250	2265	4705
5	2376	2259	2264	4706
5	2477	2338	2476	4707
5	2430	2268	2427	4708
5	2356	2218	2354	4709
5	2586	2524	2407	4710
5	2566	2457	2529	4711
5	2470	2331	2469	4712
5	2468	2329	2467	4713
5	2356	2355	2219	4714
5	2356	2219	2218	4715
5	2821	2722	2780	4716
5	2761	2631	2630	4717
5	2726	2589	2724	4718
5	2463	2326	2325	4719
5	2496	2360	2406	4720
5	2632	2498	2631	4721
5	2361	2225	2224	4722
5	2362	2226	2225	4723
5	2630	2496	2629	4724
5	2364	2142	2227	4725
5	3011	2931	2887	4726
5	2912	2884	2769	4727
5	2494	2357	2492	4728
5	2364	2227	2363	4729
5	2411	2395	2228	4730
5	2399	2256	2373	4731
5	2674	2505	2397	4732
5	2428	2157	2270	4733
5	2367	2240	2366	4734
5	2367	2249	2240	4735
5	2537	2241	2438	4736
5	2695	2537	2637	4737
5	2523	2258	2368	4738
5	2523	2424	2258	4739
5	2437	2296	2290	4740
5	2369	2290	2134	4741
5	2733	2598	2647	4742
5	2540	2303	2370	4743
5	2448	2414	2307	4744
5	2546	2381	2521	4745
5	2372	2311	2235	4746
5	2524	2396	2407	4747
5	2500	2373	2283	4748
5	2499	2364	2363	4749
5	2485	2374	2350	4750
5	2572	2423	2528	4751
5	2482	2346	2481	4752
5	2520	2375	2401	4753
5	2404	2294	2259	4754
5	2425	2294	2404	4755
5	2570	2427	2522	4756
5	2396	2298	2237	4757
5	2552	2369	2544	4758
5	2801	2501	2648	4759
5	2438	2133	2292	4760
5	2380	2167	2379	4761
5	2516	2379	2233	4762
5	2391	2128	2288	4763
5	2382	2349	2236	4764
5	2698	2616	2690	4765
5	2563	2394	2514	4766
5	2565	2371	2425	4767
5	2417	2247	2248	4768
5	2548	2415	2229	4769
5	2549	2277	2383	4770
5	2415	2244	2229	4771
5	2385	2319	2317	4772
5	2455	2316	2275	4773
5	2387	2097	2293	4774
5	2386	2293	2135	4775
5	2569	2545	2378	4776
5	2389	2239	2242	4777
5	2648	2365	2551	4778
5	2555	2280	2178	4779
5	2548	2229	2431	4780
5	2439	2136	2388	4781
5	2552	2437	2369	4782
5	2576	2296	2437	4783
5	2553	2288	2390	4784
5	2437	2290	2369	4785
5	2392	2368	2234	4786
5	2392	2234	2246	4787
5	2393	2392	2246	4788
5	2393	2246	2314	4789
5	2422	2381	2260	4790
5	2394	2276	2243	4791
5	2840	2707	2692	4792
5	2760	2629	2759	4793
5	2443	2299	2298	4794
5	2444	2299	2443	4795
5	2534	2367	2366	4796
5	2426	2356	2354	4797
5	2398	2324	2251	4798
5	2573	2507	2434	4799
5	2493	2411	2273	4800
5	2480	2343	2399	4801
5	2526	2301	2424	4802
5	2424	2301	2173	4803
5	2513	2435	2445	4804
5	2482	2347	2346	4805
5	2402	2401	2232	4806
5	2402	2232	2347	4807
5	2403	2382	2236	4808
5	2403	2236	2341	4809
5	2673	2528	2619	4810
5	2584	2371	2565	4811
5	2557	2420	2491	4812
5	2716	2534	2535	4813
5	2498	2362	2497	4814
5	2497	2361	2496	4815
5	2407	2396	2237	4816
5	2407	2237	2313	4817
5	2408	2406	2282	4818
5	2408	2282	2238	4819
5	2409	2408	2238	4820
5	2409	2238	2257	4821
5	2410	2409	2257	4822
5	2410	2257	2269	4823
5	2492	2344	2480	4824
5	2494	2358	2357	4825
5	2530	2502	2492	4826
5	2530	2480	2399	4827
5	2413	2410	2269	4828
5	2413	2269	2321	4829
5	2414	2394	2243	4830
5	2414	2243	2307	4831
5	2544	2369	2097	4832
5	2440	2295	2137	4833
5	2685	2440	2653	4834
5	2653	2440	2560	4835
5	2667	2515	2505	4836
5	2660	2571	2384	4837
5	2447	2418	2306	4838
5	2447	2287	2446	4839
5	2689	2682	2522	4840
5	2452	2314	2253	4841
5	2491	2420	2355	4842
5	2491	2356	2426	4843
5	2590	2456	2455	4844
5	2421	2405	2255	4845
5	2690	2616	2617	4846
5	2892	2781	2782	4847
5	2433	2285	2261	4848
5	2434	2285	2433	4849
5	2453	2174	2303	4850
5	2618	2485	2382	4851
5	2521	2381	2422	4852
5	2975	2841	2893	4853
5	2693	2566	2529	4854
5	2625	2558	2421	4855
5	2456	2385	2317	4856
5	2668	2645	2554	4857
5	2567	2270	2087	4858
5	2658	2367	2534	4859
5	2661	2429	2550	4860
5	2519	2387	2293	4861
5	2591	2385	2456	4862
5	2626	2491	2426	4863
5	2660	2548	2571	4864
5	2701	2561	2415	4865
5	2510	2284	2405	4866
5	2771	2550	2659	4867
5	2720	2520	2583	4868
5	2434	2400	2230	4869
5	2730	2525	2596	4870
5	2712	2572	2711	4871
5	2698	2547	2616	4872
5	2446	2287	2286	4873
5	2575	2291	2436	4874
5	2436	2150	2296	4875
5	2839	2666	2553	4876
5	2436	2291	2132	4877
5	2501	2292	2365	4878
5	3006	2834	2756	4879
5	2439	2389	2242	4880
5	2439	2242	2136	4881
5	2654	2552	2544	4882
5	2773	2552	2654	4883
5	3145	3066	3083	4884
5	2623	2426	2490	4885
5	2442	2441	2297	4886
5	2442	2297	2245	4887
5	2628	2493	2495	4888
5	2724	2570	2682	4889
5	2532	2395	2411	4890
5	2603	2467	2602	4891
5	2445	2435	2302	4892
5	2445	2302	2301	4893
5	2447	2306	2287	4894
5	2525	2410	2413	4895
5	2546	2483	2381	4896
5	2596	2461	2595	4897
5	2614	2479	2478	4898
5	2610	2474	2609	4899
5	2461	2413	2321	4900
5	2461	2323	2460	4901
5	2451	2313	2312	4902
5	2450	2312	2311	4903
5	2722	2585	2644	4904
5	2586	2451	2585	4905
5	2587	2252	2419	4906
5	2587	2452	2252	4907
5	2588	2419	2315	4908
5	2453	2315	2174	4909
5	2490	2354	2353	4910
5	2454	2421	2254	4911
5	2456	2316	2455	4912
5	2456	2317	2316	4913
5	2579	2396	2524	4914
5	2762	2632	2631	4915
5	2457	2454	2318	4916
5	2457	2318	2319	4917
5	2459	2320	2310	4918
5	2459	2449	2320	4919
5	2574	2446	2435	4920
5	2649	2502	2530	4921
5	2596	2525	2413	4922
5	2598	2463	2462	4923
5	2595	2461	2460	4924
5	2525	2509	2410	4925
5	2845	2822	2665	4926
5	2464	2326	2463	4927
5	2592	2459	2458	4928
5	2464	2458	2309	4929
5	2594	2460	2449	4930
5	2729	2594	2593	4931
5	2611	2476	2475	4932
5	2602	2466	2601	4933
5	2604	2468	2603	4934
5	2600	2465	2420	4935
5	2612	2477	2476	4936
5	2558	2405	2421	4937
5	2601	2466	2465	4938
5	2474	2335	2473	4939
5	2608	2472	2607	4940
5	2605	2469	2604	4941
5	2602	2467	2466	4942
5	2612	2476	2611	4943
5	2603	2468	2467	4944
5	2476	2338	2337	4945
5	2609	2473	2608	4946
5	2614	2478	2613	4947
5	2604	2469	2468	4948
5	2605	2470	2469	4949
5	2607	2471	2606	4950
5	2476	2337	2475	4951
5	2606	2470	2605	4952
5	2606	2471	2470	4953
5	2613	2477	2612	4954
5	2488	2352	2487	4955
5	2607	2472	2471	4956
5	2608	2473	2472	4957
5	2621	2486	2620	4958
5	2486	2340	2479	4959
5	2609	2474	2473	4960
5	2610	2475	2474	4961
5	2492	2357	2344	4962
5	2493	2273	2359	4963
5	2482	2402	2347	4964
5	2481	2346	2345	4965
5	2583	2520	2401	4966
5	2581	2418	2447	4967
5	2484	2341	2348	4968
5	2943	2831	2798	4969
5	2541	2404	2376	4970
5	2584	2448	2371	4971
5	2618	2382	2547	4972
5	2749	2547	2698	4973
5	2622	2488	2487	4974
5	2841	2706	2775	4975
5	2721	2584	2565	4976
5	2488	2376	2264	4977
5	2617	2483	2546	4978
5	2541	2376	2508	4979
5	2490	2426	2354	4980
5	2600	2420	2557	4981
5	2674	2667	2505	4982
5	2705	2555	2704	4983
5	2704	2555	2510	4984
5	2601	2465	2600	4985
5	3015	2905	2913	4986
5	2628	2495	2627	4987
5	2495	2358	2494	4988
5	2542	2372	2412	4989
5	2495	2359	2358	4990
5	2495	2493	2359	4991
5	2591	2529	2385	4992
5	2543	2522	2377	4993
5	2533	2408	2504	4994
5	2633	2531	2373	4995
5	2533	2406	2408	4996
5	2500	2283	2364	4997
5	2530	2399	2531	4998
5	2530	2492	2480	4999
5	2633	2373	2500	5000
5	2500	2364	2499	5001
5	2827	2650	2664	5002
5	2631	2498	2497	5003
5	2705	2432	2555	5004
5	2567	2087	2249	5005
5	2502	2494	2492	5006
5	2629	2406	2533	5007
5	2678	2551	2389	5008
5	2551	2239	2389	5009
5	2593	2449	2459	5010
5	2596	2413	2461	5011
5	2515	2281	2505	5012
5	2505	2281	2118	5013
5	2506	2481	2400	5014
5	2573	2434	2433	5015
5	2507	2506	2400	5016
5	2507	2400	2434	5017
5	2679	2508	2622	5018
5	2620	2486	2479	5019
5	2509	2504	2409	5020
5	2509	2409	2410	5021
5	2537	2093	2241	5022
5	2515	2489	2281	5023
5	2511	2450	2372	5024
5	2542	2511	2372	5025
5	2512	2462	2398	5026
5	2854	2765	2729	5027
5	2583	2401	2402	5028
5	2574	2435	2513	5029
5	2878	2751	2877	5030
5	2541	2425	2404	5031
5	2697	2559	2640	5032
5	2589	2430	2570	5033
5	2550	2429	2304	5034
5	2811	2685	2653	5035
5	2517	2503	2439	5036
5	2517	2439	2388	5037
5	2634	2503	2517	5038
5	2518	2517	2388	5039
5	2770	2700	2569	5040
5	2569	2378	2429	5041
5	2540	2453	2303	5042
5	2564	2375	2520	5043
5	2750	2673	2619	5044
5	2691	2546	2656	5045
5	2522	2427	2377	5046
5	2783	2717	2643	5047
5	2642	2419	2588	5048
5	2639	2424	2523	5049
5	2543	2377	2444	5050
5	2795	2689	2669	5051
5	2593	2459	2592	5052
5	3090	2957	3016	5053
5	2635	2445	2526	5054
5	2639	2526	2424	5055
5	2527	2514	2414	5056
5	2527	2414	2448	5057
5	2781	2690	2691	5058
5	2836	2698	2690	5059
5	2529	2457	2385	5060
5	2682	2570	2522	5061
5	2692	2626	2623	5062
5	2758	2668	2628	5063
5	2755	2623	2624	5064
5	2531	2399	2373	5065
5	2559	2395	2532	5066
5	2776	2768	2640	5067
5	2629	2496	2406	5068
5	2631	2497	2630	5069
5	2536	2442	2245	5070
5	2637	2537	2438	5071
5	2535	2534	2366	5072
5	2535	2366	2432	5073
5	2577	2397	2441	5074
5	2967	2578	2636	5075
5	2537	2536	2245	5076
5	2537	2245	2093	5077
5	2538	2523	2368	5078
5	2538	2368	2392	5079
5	2539	2512	2398	5080
5	2539	2398	2418	5081
5	2663	2512	2539	5082
5	2639	2538	2655	5083
5	2565	2425	2541	5084
5	2583	2402	2556	5085
5	2669	2543	2580	5086
5	2883	2840	2692	5087
5	2580	2443	2579	5088
5	2580	2543	2444	5089
5	2660	2384	2549	5090
5	2553	2391	2288	5091
5	2545	2519	2386	5092
5	2545	2386	2378	5093
5	2547	2382	2403	5094
5	2619	2374	2485	5095
5	2749	2618	2547	5096
5	2688	2521	2563	5097
5	2549	2384	2277	5098
5	2571	2278	2384	5099
5	2701	2415	2548	5100
5	2654	2544	2652	5101
5	2785	2577	2715	5102
5	2551	2365	2239	5103
5	2666	2417	2391	5104
5	2666	2391	2553	5105
5	2702	2653	2560	5106
5	2648	2501	2365	5107
5	3059	2837	2938	5108
5	2576	2436	2296	5109
5	2554	2532	2411	5110
5	2554	2411	2493	5111
5	2774	2705	2704	5112
5	2815	2651	2568	5113
5	2681	2527	2584	5114
5	2584	2527	2448	5115
5	2626	2426	2623	5116
5	2727	2725	2591	5117
5	3136	3031	2946	5118
5	2625	2421	2454	5119
5	2559	2542	2412	5120
5	2559	2412	2395	5121
5	2560	2440	2137	5122
5	2560	2137	2416	5123
5	2561	2560	2416	5124
5	2561	2416	2415	5125
5	2562	2538	2392	5126
5	2562	2392	2393	5127
5	2563	2521	2422	5128
5	2563	2422	2394	5129
5	2767	2588	2723	5130
5	2564	2370	2375	5131
5	2900	2788	2789	5132
5	2871	2745	2870	5133
5	2625	2454	2566	5134
5	2566	2454	2457	5135
5	2801	2637	2501	5136
5	2791	2428	2567	5137
5	2568	2567	2249	5138
5	2568	2249	2367	5139
5	2686	2652	2387	5140
5	2686	2387	2519	5141
5	2589	2455	2430	5142
5	2590	2455	2589	5143
5	2571	2548	2431	5144
5	2571	2431	2278	5145
5	2827	2796	2650	5146
5	2713	2507	2573	5147
5	2671	2664	2615	5148
5	2796	2720	2650	5149
5	2581	2539	2418	5150
5	2582	2446	2574	5151
5	2714	2390	2575	5152
5	2575	2390	2291	5153
5	2714	2575	2576	5154
5	2576	2575	2436	5155
5	2825	2678	2503	5156
5	2803	2695	2637	5157
5	2578	2577	2441	5158
5	2578	2441	2442	5159
5	2580	2444	2443	5160
5	2579	2443	2396	5161
5	2708	2489	2515	5162
5	2689	2543	2669	5163
5	2719	2574	2677	5164
5	2728	2593	2592	5165
5	2582	2581	2447	5166
5	2582	2447	2446	5167
5	2720	2583	2650	5168
5	2720	2696	2520	5169
5	2798	2657	2672	5170
5	2706	2541	2508	5171
5	2586	2407	2451	5172
5	2585	2451	2450	5173
5	2676	2627	2502	5174
5	2800	2759	2646	5175
5	2587	2562	2393	5176
5	2587	2393	2452	5177
5	2723	2588	2453	5178
5	2655	2538	2562	5179
5	2717	2579	2643	5180
5	2852	2726	2793	5181
5	2725	2693	2529	5182
5	2591	2456	2590	5183
5	3178	3143	3015	5184
5	2963	2795	2919	5185
5	2595	2460	2594	5186
5	2594	2449	2593	5187
5	2848	2696	2720	5188
5	2728	2592	2662	5189
5	2778	2733	2647	5190
5	2763	2633	2632	5191
5	2733	2599	2598	5192
5	2731	2595	2594	5193
5	2729	2593	2728	5194
5	2764	2633	2763	5195
5	2597	2592	2458	5196
5	2597	2458	2464	5197
5	2599	2464	2463	5198
5	2599	2597	2464	5199
5	2662	2592	2597	5200
5	2731	2594	2729	5201
5	2724	2589	2570	5202
5	2797	2755	2624	5203
5	2708	2624	2489	5204
5	2737	2601	2736	5205
5	2736	2601	2600	5206
5	2737	2602	2601	5207
5	2735	2600	2557	5208
5	2707	2557	2626	5209
5	2741	2605	2740	5210
5	2613	2478	2477	5211
5	2752	2621	2620	5212
5	2738	2603	2602	5213
5	2743	2607	2742	5214
5	2622	2487	2621	5215
5	2739	2604	2603	5216
5	2753	2622	2621	5217
5	2744	2608	2743	5218
5	2740	2605	2604	5219
5	2745	2610	2609	5220
5	2611	2475	2610	5221
5	2741	2606	2605	5222
5	2746	2611	2610	5223
5	2742	2607	2606	5224
5	2748	2612	2747	5225
5	2743	2608	2607	5226
5	2748	2614	2613	5227
5	2745	2609	2744	5228
5	2621	2487	2486	5229
5	2751	2614	2748	5230
5	2744	2609	2608	5231
5	2615	2556	2482	5232
5	2615	2482	2481	5233
5	2616	2547	2403	5234
5	2616	2403	2484	5235
5	2617	2616	2484	5236
5	2617	2484	2483	5237
5	3020	2893	2898	5238
5	2619	2528	2374	5239
5	2688	2563	2657	5240
5	2721	2681	2584	5241
5	2746	2610	2745	5242
5	2622	2508	2488	5243
5	2747	2612	2611	5244
5	2751	2620	2614	5245
5	2681	2672	2527	5246
5	2706	2508	2679	5247
5	2738	2602	2737	5248
5	2626	2557	2491	5249
5	2624	2623	2490	5250
5	2624	2490	2489	5251
5	2735	2557	2707	5252
5	2707	2626	2692	5253
5	3163	3041	3154	5254
5	3204	3061	3137	5255
5	2628	2554	2493	5256
5	2627	2495	2494	5257
5	2882	2754	2881	5258
5	2901	2769	2792	5259
5	2646	2504	2638	5260
5	2764	2757	2531	5261
5	2951	2799	2804	5262
5	2650	2583	2556	5263
5	2832	2639	2655	5264
5	2633	2499	2632	5265
5	2646	2533	2504	5266
5	2885	2760	2759	5267
5	2759	2533	2646	5268
5	2764	2531	2633	5269
5	2940	2801	2648	5270
5	2637	2438	2501	5271
5	2924	2767	2723	5272
5	2635	2513	2445	5273
5	2636	2578	2442	5274
5	2636	2442	2536	5275
5	2906	2830	2779	5276
5	2651	2567	2568	5277
5	2854	2729	2728	5278
5	2730	2641	2525	5279
5	2709	2370	2564	5280
5	2642	2587	2419	5281
5	2640	2559	2532	5282
5	2784	2697	2768	5283
5	2641	2638	2509	5284
5	2641	2509	2525	5285
5	2639	2523	2538	5286
5	2642	2655	2562	5287
5	2643	2579	2524	5288
5	2670	2643	2524	5289
5	2670	2524	2586	5290
5	3107	2983	3105	5291
5	2645	2640	2532	5292
5	2645	2532	2554	5293
5	2807	2638	2799	5294
5	2759	2629	2533	5295
5	2647	2598	2512	5296
5	2663	2647	2512	5297
5	2659	2550	2380	5298
5	2946	2785	2715	5299
5	2668	2554	2628	5300
5	2676	2502	2649	5301
5	2853	2728	2662	5302
5	2677	2574	2513	5303
5	2695	2536	2537	5304
5	2659	2380	2379	5305
5	2703	2576	2437	5306
5	2810	2654	2652	5307
5	3027	2779	2935	5308
5	2915	2654	2810	5309
5	2702	2560	2561	5310
5	2969	2846	2896	5311
5	2642	2562	2587	5312
5	2847	2719	2677	5313
5	2656	2546	2521	5314
5	2876	2673	2750	5315
5	2688	2656	2521	5316
5	2657	2563	2514	5317
5	2815	2568	2658	5318
5	2658	2568	2367	5319
5	2904	2678	2825	5320
5	2661	2569	2429	5321
5	2938	2837	2702	5322
5	2699	2383	2417	5323
5	2947	2774	2894	5324
5	2818	2551	2678	5325
5	2734	2599	2733	5326
5	2857	2734	2733	5327
5	2671	2506	2665	5328
5	2711	2528	2673	5329
5	2664	2650	2556	5330
5	2664	2556	2615	5331
5	2671	2615	2506	5332
5	2665	2506	2507	5333
5	2817	2549	2699	5334
5	2699	2549	2383	5335
5	2675	2405	2558	5336
5	2756	2558	2625	5337
5	2758	2627	2676	5338
5	2784	2766	2694	5339
5	3133	2952	3050	5340
5	2912	2769	2901	5341
5	2780	2722	2644	5342
5	3061	2930	3026	5343
5	2809	2718	2719	5344
5	2680	2663	2539	5345
5	2672	2657	2514	5346
5	2672	2514	2527	5347
5	2713	2573	2712	5348
5	2712	2573	2572	5349
5	2674	2397	2577	5350
5	2715	2577	2578	5351
5	2756	2625	2754	5352
5	2739	2603	2738	5353
5	2758	2628	2627	5354
5	2889	2763	2762	5355
5	2680	2539	2581	5356
5	2777	2663	2680	5357
5	3027	2906	2779	5358
5	2779	2687	2700	5359
5	2753	2679	2622	5360
5	2752	2620	2751	5361
5	2790	2663	2777	5362
5	2978	2895	2854	5363
5	2710	2541	2706	5364
5	3004	2898	2880	5365
5	2851	2693	2725	5366
5	2986	2852	2793	5367
5	2683	2659	2379	5368
5	2683	2379	2516	5369
5	2938	2702	2838	5370
5	2684	2634	2517	5371
5	2685	2684	2518	5372
5	2685	2518	2440	5373
5	3138	3040	3023	5374
5	2770	2569	2661	5375
5	2687	2686	2519	5376
5	2687	2519	2545	5377
5	2788	2672	2681	5378
5	2921	2836	2916	5379
5	2966	2802	2635	5380
5	2833	2639	2832	5381
5	2750	2618	2749	5382
5	2750	2619	2618	5383
5	2691	2690	2617	5384
5	2691	2617	2546	5385
5	2753	2621	2752	5386
5	2736	2600	2735	5387
5	2754	2566	2693	5388
5	2834	2558	2756	5389
5	2694	2644	2511	5390
5	2694	2511	2542	5391
5	2786	2708	2515	5392
5	2835	2636	2536	5393
5	2802	2513	2635	5394
5	2709	2540	2370	5395
5	2697	2694	2542	5396
5	2697	2542	2559	5397
5	2843	2711	2842	5398
5	2874	2698	2836	5399
5	2812	2417	2666	5400
5	2838	2702	2561	5401
5	2700	2687	2545	5402
5	2700	2545	2569	5403
5	2830	2686	2687	5404
5	2907	2810	2830	5405
5	2838	2561	2701	5406
5	2703	2437	2552	5407
5	3023	2969	2896	5408
5	2714	2553	2390	5409
5	3186	2940	3058	5410
5	2772	2704	2510	5411
5	2923	2658	2534	5412
5	2705	2535	2432	5413
5	2710	2565	2541	5414
5	2721	2565	2710	5415
5	3008	2981	2840	5416
5	2726	2590	2589	5417
5	2862	2736	2861	5418
5	2754	2625	2566	5419
5	2787	2655	2642	5420
5	2850	2723	2540	5421
5	2831	2657	2798	5422
5	2814	2656	2688	5423
5	2849	2789	2721	5424
5	2713	2665	2507	5425
5	2843	2712	2711	5426
5	2922	2790	2920	5427
5	2999	2876	2875	5428
5	2925	2765	2895	5429
5	2839	2553	2714	5430
5	2846	2576	2703	5431
5	2774	2535	2705	5432
5	2772	2510	2675	5433
5	2816	2771	2659	5434
5	3014	2786	2897	5435
5	2717	2669	2580	5436
5	2717	2580	2579	5437
5	2718	2680	2581	5438
5	2718	2581	2582	5439
5	2719	2718	2582	5440
5	2719	2582	2574	5441
5	2874	2749	2698	5442
5	2857	2733	2778	5443
5	3127	3003	3002	5444
5	2877	2751	2748	5445
5	2722	2670	2586	5446
5	2722	2586	2585	5447
5	2924	2787	2767	5448
5	2802	2677	2513	5449
5	2725	2529	2591	5450
5	2828	2794	2682	5451
5	2727	2590	2726	5452
5	2863	2737	2862	5453
5	2727	2591	2590	5454
5	2879	2752	2878	5455
5	2881	2754	2693	5456
5	2740	2604	2739	5457
5	3052	2895	3041	5458
5	2799	2638	2641	5459
5	3140	3050	3055	5460
5	2889	2762	2887	5461
5	2732	2595	2731	5462
5	2732	2596	2595	5463
5	2732	2730	2596	5464
5	2942	2913	2780	5465
5	2888	2792	2757	5466
5	3010	2886	2885	5467
5	2734	2597	2599	5468
5	2734	2662	2597	5469
5	2826	2680	2718	5470
5	2822	2671	2665	5471
5	2913	2821	2780	5472
5	3117	2992	3116	5473
5	2828	2689	2795	5474
5	2852	2727	2726	5475
5	2882	2756	2754	5476
5	2742	2606	2741	5477
5	2928	2883	2755	5478
5	2861	2736	2735	5479
5	2871	2746	2745	5480
5	2863	2738	2737	5481
5	2862	2737	2736	5482
5	2865	2739	2864	5483
5	2864	2739	2738	5484
5	2748	2613	2612	5485
5	2873	2748	2747	5486
5	2868	2742	2867	5487
5	2865	2740	2739	5488
5	2869	2743	2868	5489
5	2866	2741	2740	5490
5	2872	2746	2871	5491
5	2880	2775	2679	5492
5	2747	2611	2746	5493
5	2867	2742	2741	5494
5	2868	2743	2742	5495
5	2877	2748	2873	5496
5	2869	2744	2743	5497
5	2880	2679	2753	5498
5	2870	2745	2744	5499
5	2836	2690	2781	5500
5	2842	2711	2673	5501
5	2970	2843	2842	5502
5	3002	2877	3001	5503
5	2878	2752	2751	5504
5	2872	2747	2746	5505
5	2879	2753	2752	5506
5	3545	3387	3529	5507
5	2798	2672	2788	5508
5	2849	2710	2841	5509
5	2864	2738	2863	5510
5	2797	2624	2708	5511
5	2861	2735	2859	5512
5	2755	2692	2623	5513
5	2774	2716	2535	5514
5	2929	2675	2834	5515
5	2757	2649	2530	5516
5	2757	2530	2531	5517
5	2930	2768	2776	5518
5	3011	2887	2886	5519
5	2760	2630	2629	5520
5	2762	2631	2761	5521
5	2886	2760	2885	5522
5	2885	2759	2800	5523
5	2886	2761	2760	5524
5	2942	2780	2766	5525
5	2884	2676	2769	5526
5	2887	2762	2761	5527
5	2769	2676	2649	5528
5	2911	2805	2823	5529
5	2888	2757	2764	5530
5	2887	2761	2886	5531
5	2765	2731	2729	5532
5	2854	2728	2853	5533
5	3026	2939	3021	5534
5	2952	2807	2891	5535
5	3070	2961	2847	5536
5	2787	2642	2767	5537
5	2784	2694	2697	5538
5	2768	2697	2640	5539
5	2776	2640	2645	5540
5	3079	2933	3074	5541
5	2818	2648	2551	5542
5	3076	2770	2936	5543
5	3156	3060	2953	5544
5	2771	2661	2550	5545
5	2937	2708	2786	5546
5	2786	2515	2667	5547
5	3028	2936	2771	5548
5	2773	2703	2552	5549
5	2785	2674	2577	5550
5	2785	2667	2674	5551
5	2775	2706	2679	5552
5	2880	2753	2879	5553
5	3029	3012	3013	5554
5	3169	3082	3143	5555
5	2845	2665	2713	5556
5	2824	2671	2822	5557
5	2844	2712	2843	5558
5	2960	2920	2777	5559
5	3037	3024	2918	5560
5	2935	2779	2700	5561
5	3207	3074	3204	5562
5	3233	3067	3201	5563
5	2814	2782	2656	5564
5	2998	2874	2921	5565
5	2782	2781	2691	5566
5	2782	2691	2656	5567
5	3047	3008	2883	5568
5	3170	3081	3169	5569
5	2945	2768	2930	5570
5	2913	2905	2821	5571
5	3031	2785	2946	5572
5	2894	2774	2704	5573
5	3032	2834	3006	5574
5	2897	2786	2667	5575
5	2966	2635	2833	5576
5	2850	2540	2709	5577
5	2973	2845	2844	5578
5	2971	2957	2822	5579
5	2789	2788	2681	5580
5	2789	2681	2721	5581
5	2790	2778	2647	5582
5	2790	2647	2663	5583
5	2808	2428	2791	5584
5	2808	2516	2428	5585
5	2792	2769	2649	5586
5	2792	2649	2757	5587
5	2793	2726	2724	5588
5	2820	2717	2783	5589
5	2794	2793	2724	5590
5	2794	2724	2682	5591
5	2828	2682	2689	5592
5	3372	3258	3270	5593
5	2845	2713	2844	5594
5	2847	2809	2719	5595
5	2834	2675	2558	5596
5	2894	2704	2772	5597
5	3127	3002	3126	5598
5	2950	2788	2900	5599
5	3009	2885	2800	5600
5	3009	2800	2952	5601
5	3158	3021	3053	5602
5	2932	2901	2792	5603
5	2835	2536	2695	5604
5	3160	2637	2801	5605
5	2813	2564	2696	5606
5	2848	2720	2796	5607
5	2816	2659	2683	5608
5	2808	2683	2516	5609
5	2804	2799	2641	5610
5	2804	2641	2730	5611
5	2805	2776	2645	5612
5	2805	2645	2668	5613
5	2806	2783	2643	5614
5	2806	2643	2670	5615
5	2807	2800	2646	5616
5	2807	2646	2638	5617
5	2936	2661	2771	5618
5	3174	2929	3032	5619
5	2813	2709	2564	5620
5	2824	2664	2671	5621
5	2829	2684	2811	5622
5	2811	2684	2685	5623
5	2830	2687	2779	5624
5	2825	2503	2634	5625
5	2817	2660	2549	5626
5	2812	2699	2417	5627
5	2832	2655	2787	5628
5	2954	2709	2813	5629
5	2916	2836	2781	5630
5	2999	2875	2998	5631
5	2918	2695	2803	5632
5	2904	2818	2678	5633
5	2909	2791	2651	5634
5	2918	2835	2695	5635
5	3097	2968	2908	5636
5	2819	2660	2817	5637
5	2907	2830	2906	5638
5	3065	2801	2940	5639
5	2819	2701	2548	5640
5	2819	2548	2660	5641
5	2820	2795	2669	5642
5	2820	2669	2717	5643
5	2821	2806	2670	5644
5	2821	2670	2722	5645
5	2827	2664	2824	5646
5	2826	2718	2809	5647
5	2823	2805	2668	5648
5	2823	2668	2758	5649
5	2974	2827	2958	5650
5	2920	2790	2777	5651
5	2959	2829	2811	5652
5	2935	2700	2770	5653
5	3092	3016	2971	5654
5	2826	2777	2680	5655
5	2914	2857	2778	5656
5	2962	2696	2848	5657
5	2919	2820	2899	5658
5	2982	2851	2860	5659
5	3058	2940	2818	5660
5	2829	2634	2684	5661
5	2830	2810	2652	5662
5	2830	2652	2686	5663
5	2831	2814	2688	5664
5	2831	2688	2657	5665
5	2833	2526	2639	5666
5	2833	2635	2526	5667
5	2903	2677	2802	5668
5	3166	3086	2961	5669
5	2859	2707	2840	5670
5	2859	2735	2707	5671
5	2967	2835	2918	5672
5	2967	2636	2835	5673
5	2876	2842	2673	5674
5	2844	2713	2712	5675
5	2837	2811	2653	5676
5	2837	2653	2702	5677
5	3063	2773	2915	5678
5	2968	2819	2908	5679
5	2896	2846	2703	5680
5	2896	2703	2773	5681
5	2866	2740	2865	5682
5	2867	2741	2866	5683
5	2849	2721	2710	5684
5	2841	2710	2706	5685
5	2875	2749	2874	5686
5	2916	2781	2892	5687
5	3101	3051	2972	5688
5	2895	2765	2854	5689
5	2921	2874	2836	5690
5	2957	2824	2822	5691
5	2978	2854	2853	5692
5	3038	2979	2914	5693
5	2846	2839	2714	5694
5	2846	2714	2576	5695
5	2958	2824	2957	5696
5	2961	2960	2826	5697
5	2977	2787	2924	5698
5	3147	2954	3093	5699
5	3148	3080	3141	5700
5	3191	3064	3167	5701
5	3045	2850	2954	5702
5	2924	2723	2850	5703
5	2881	2693	2851	5704
5	3046	2923	2716	5705
5	2860	2727	2852	5706
5	2860	2725	2727	5707
5	2858	2734	2857	5708
5	3068	2998	2921	5709
5	2951	2891	2799	5710
5	2926	2804	2855	5711
5	2855	2804	2730	5712
5	2855	2730	2732	5713
5	2856	2855	2732	5714
5	2856	2732	2731	5715
5	2858	2662	2734	5716
5	2858	2853	2662	5717
5	2958	2827	2824	5718
5	2922	2778	2790	5719
5	2981	2859	2840	5720
5	3047	2883	2928	5721
5	2989	2864	2988	5722
5	2860	2851	2725	5723
5	3005	2881	2851	5724
5	2986	2793	2927	5725
5	2984	2860	2852	5726
5	2919	2795	2820	5727
5	3019	2919	3018	5728
5	2939	2805	2911	5729
5	2983	2861	2859	5730
5	2870	2744	2869	5731
5	2985	2862	2861	5732
5	2992	2867	2991	5733
5	2987	2863	2862	5734
5	2988	2864	2863	5735
5	2996	2872	2871	5736
5	2989	2865	2864	5737
5	2993	2868	2992	5738
5	2990	2866	2865	5739
5	2994	2869	2993	5740
5	2991	2867	2866	5741
5	3004	2879	3003	5742
5	2873	2747	2872	5743
5	2992	2868	2867	5744
5	3003	2879	2878	5745
5	2995	2870	2994	5746
5	2993	2869	2868	5747
5	2994	2870	2869	5748
5	3257	3172	3242	5749
5	2875	2750	2749	5750
5	2876	2750	2875	5751
5	2973	2971	2845	5752
5	2955	2831	2943	5753
5	3256	3154	3226	5754
5	3001	2873	2997	5755
5	2995	2871	2870	5756
5	2997	2873	2872	5757
5	3373	3260	3297	5758
5	3002	2878	2877	5759
5	3004	2880	2879	5760
5	3001	2877	2873	5761
5	3043	2893	3020	5762
5	3244	3242	3124	5763
5	2996	2871	2995	5764
5	3174	3072	2929	5765
5	2883	2692	2755	5766
5	2983	2859	2981	5767
5	2928	2755	2797	5768
5	2990	2865	2989	5769
5	2884	2823	2758	5770
5	2884	2758	2676	5771
5	2931	2889	2887	5772
5	3135	3034	3011	5773
5	3122	2998	3068	5774
5	3041	2895	2978	5775
5	3000	2970	2842	5776
5	2952	2800	2807	5777
5	2890	2763	2889	5778
5	2890	2888	2764	5779
5	2890	2764	2763	5780
5	3026	2930	2939	5781
5	3152	3056	3073	5782
5	3307	3193	3258	5783
5	2891	2807	2799	5784
5	3135	3010	3134	5785
5	2948	2892	2782	5786
5	2948	2782	2814	5787
5	2893	2841	2775	5788
5	3003	2878	3002	5789
5	2923	2534	2716	5790
5	2897	2667	2785	5791
5	2902	2855	2856	5792
5	2926	2855	2902	5793
5	2956	2699	2812	5794
5	3063	2896	2773	5795
5	2988	2863	2987	5796
5	3183	3162	2947	5797
5	2898	2893	2775	5798
5	2898	2775	2880	5799
5	2899	2820	2783	5800
5	2905	2806	2821	5801
5	2976	2849	2975	5802
5	2976	2900	2789	5803
5	3258	3193	3205	5804
5	3013	2889	2931	5805
5	3154	3041	3062	5806
5	3057	2925	3052	5807
5	2960	2777	2826	5808
5	2903	2847	2677	5809
5	3182	2906	3027	5810
5	3156	2953	3035	5811
5	2944	2806	2905	5812
5	2944	2783	2806	5813
5	3098	2968	3097	5814
5	2908	2819	2817	5815
5	2941	2811	2837	5816
5	3017	2810	2907	5817
5	2968	2701	2819	5818
5	2968	2838	2701	5819
5	3028	2771	2816	5820
5	3076	2935	2770	5821
5	2910	2909	2651	5822
5	2910	2651	2815	5823
5	2934	2884	2912	5824
5	2934	2823	2884	5825
5	2934	2911	2823	5826
5	3061	2945	2930	5827
5	3030	2913	2942	5828
5	3292	3132	3168	5829
5	3100	2922	3099	5830
5	2979	2857	2914	5831
5	3063	3023	2896	5832
5	2915	2773	2654	5833
5	3103	2975	3043	5834
5	3080	2950	3025	5835
5	2917	2812	2666	5836
5	2917	2666	2839	5837
5	3037	2918	2803	5838
5	3162	3046	2947	5839
5	2927	2793	2794	5840
5	3019	2963	2919	5841
5	3092	2971	2973	5842
5	2922	2914	2778	5843
5	3243	3122	3157	5844
5	3064	2916	2892	5845
5	2998	2875	2874	5846
5	2972	2843	2970	5847
5	2923	2910	2815	5848
5	2923	2815	2658	5849
5	3099	2920	3091	5850
5	2965	2833	2832	5851
5	2925	2902	2856	5852
5	2925	2856	2765	5853
5	3052	2925	2895	5854
5	2951	2804	2926	5855
5	3151	2937	3014	5856
5	3178	3030	3144	5857
5	3006	2756	2882	5858
5	3014	2937	2786	5859
5	3072	2894	2772	5860
5	2929	2772	2675	5861
5	2933	2766	2784	5862
5	2942	2766	2933	5863
5	2932	2792	2888	5864
5	3053	2911	2934	5865
5	3075	3053	2934	5866
5	3073	3012	3029	5867
5	3467	3356	3466	5868
5	3056	2901	2932	5869
5	3390	3258	3372	5870
5	3053	3021	2911	5871
5	3159	2935	3076	5872
5	2936	2770	2661	5873
5	2940	2648	2818	5874
5	2964	2634	2829	5875
5	3077	2797	2937	5876
5	2937	2797	2708	5877
5	3017	2915	2810	5878
5	3181	3017	2907	5879
5	2939	2930	2776	5880
5	2939	2776	2805	5881
5	3160	2801	3065	5882
5	3058	2818	2904	5883
5	3181	2907	3078	5884
5	2959	2811	2941	5885
5	3135	3011	3010	5886
5	3030	3015	2913	5887
5	3064	2892	3044	5888
5	3260	3141	3149	5889
5	3115	2990	3114	5890
5	2944	2899	2783	5891
5	2945	2933	2784	5892
5	2945	2784	2768	5893
5	3083	2923	3046	5894
5	2947	2716	2774	5895
5	3196	3136	2946	5896
5	3096	2946	2715	5897
5	3172	3051	3101	5898
5	3323	3191	3167	5899
5	2949	2927	2794	5900
5	2949	2794	2828	5901
5	2950	2943	2798	5902
5	2950	2798	2788	5903
5	3374	3261	3315	5904
5	3057	2902	2925	5905
5	3011	2886	3010	5906
5	3010	2885	3009	5907
5	2953	2816	2683	5908
5	2953	2683	2808	5909
5	3093	2813	2962	5910
5	2954	2850	2709	5911
5	2955	2948	2814	5912
5	2955	2814	2831	5913
5	2956	2908	2817	5914
5	2956	2817	2699	5915
5	2973	2844	2972	5916
5	3055	2891	2951	5917
5	2961	2809	2847	5918
5	3102	2958	3090	5919
5	3078	2907	2906	5920
5	3089	2964	2829	5921
5	3087	2962	2848	5922
5	3070	2847	2903	5923
5	2961	2826	2809	5924
5	3286	3173	3263	5925
5	3244	3124	3123	5926
5	2962	2813	2696	5927
5	2963	2949	2828	5928
5	2963	2828	2795	5929
5	3281	3037	3142	5930
5	2964	2825	2634	5931
5	3039	2903	2802	5932
5	3166	2961	3070	5933
5	2966	2833	2965	5934
5	3039	2802	2966	5935
5	3096	2715	2967	5936
5	2967	2715	2578	5937
5	3022	2908	2956	5938
5	3098	2938	2838	5939
5	2969	2917	2839	5940
5	2969	2839	2846	5941
5	2971	2822	2845	5942
5	3090	2958	2957	5943
5	2972	2844	2843	5944
5	3016	2957	2971	5945
5	3091	2960	3086	5946
5	2980	2978	2853	5947
5	2974	2796	2827	5948
5	2974	2848	2796	5949
5	3062	3041	2978	5950
5	3095	3039	2966	5951
5	2976	2789	2849	5952
5	2975	2849	2841	5953
5	3044	2892	2948	5954
5	3103	3033	2976	5955
5	2977	2965	2832	5956
5	2977	2832	2787	5957
5	2980	2858	2979	5958
5	3086	2960	2961	5959
5	2980	2853	2858	5960
5	2979	2858	2857	5961
5	3100	2914	2922	5962
5	3248	3179	3128	5963
5	2985	2861	2983	5964
5	2987	2862	2985	5965
5	3005	2851	2982	5966
5	3007	2881	3005	5967
5	3168	3008	3047	5968
5	2991	2866	2990	5969
5	3129	3005	2982	5970
5	2984	2982	2860	5971
5	3106	2982	2984	5972
5	2997	2872	2996	5973
5	3110	2986	2927	5974
5	2986	2984	2852	5975
5	3018	2919	2899	5976
5	3082	2905	3015	5977
5	3229	3108	3110	5978
5	3331	3204	3259	5979
5	3067	2949	2963	5980
5	3251	3129	3249	5981
5	3109	2987	2985	5982
5	3111	2988	2987	5983
5	3118	2993	3117	5984
5	3113	2989	2988	5985
5	3119	2994	3118	5986
5	3126	3002	3001	5987
5	3114	2990	2989	5988
5	3120	2995	3119	5989
5	3115	2991	2990	5990
5	3128	3004	3003	5991
5	3116	2992	2991	5992
5	3128	3003	3127	5993
5	3117	2993	2992	5994
5	3121	2996	3120	5995
5	3118	2994	2993	5996
5	3128	3048	3004	5997
5	3000	2842	2876	5998
5	3000	2876	2999	5999
5	3241	3121	3120	6000
5	3428	3373	3297	6001
5	3122	2999	2998	6002
5	3062	2978	2980	6003
5	3119	2995	2994	6004
5	3246	3125	3245	6005
5	3121	2997	2996	6006
5	3245	3121	3241	6007
5	3263	3173	3179	6008
5	3120	2996	2995	6009
5	3321	3225	3276	6010
5	3161	3044	3084	6011
5	3132	3105	2981	6012
5	3444	3442	3324	6013
5	3008	2840	2883	6014
5	3175	3006	3130	6015
5	3264	3014	2897	6016
5	3007	2882	2881	6017
5	3109	2985	3107	6018
5	3105	2983	2981	6019
5	3177	3052	3163	6020
5	3254	3133	3253	6021
5	3253	3133	3050	6022
5	3163	3052	3041	6023
5	3054	2931	3034	6024
5	3054	3013	2931	6025
5	3012	2932	2888	6026
5	3012	2888	2890	6027
5	3013	3012	2890	6028
5	3013	2890	2889	6029
5	3130	3006	2882	6030
5	3032	2929	2834	6031
5	3185	3029	3054	6032
5	3180	3137	3026	6033
5	3104	3062	2980	6034
5	3050	2952	2891	6035
5	3036	2956	2812	6036
5	3059	2941	2837	6037
5	3112	2949	3067	6038
5	3112	2927	2949	6039
5	3108	2984	2986	6040
5	3067	2963	3019	6041
5	3247	3127	3126	6042
5	3125	3001	2997	6043
5	3021	2939	2911	6044
5	3075	2912	2901	6045
5	3098	2838	2968	6046
5	3097	2908	3022	6047
5	3036	2812	2917	6048
5	3036	3022	2956	6049
5	3096	2967	3024	6050
5	3024	2967	2918	6051
5	3025	2950	2900	6052
5	3043	2975	2893	6053
5	3200	3018	3170	6054
5	3350	3347	3231	6055
5	3265	3197	3017	6056
5	3266	3078	3182	6057
5	3094	2904	2825	6058
5	3089	2829	2959	6059
5	3034	2931	3011	6060
5	3134	3010	3009	6061
5	3074	2945	3061	6062
5	3074	2933	2945	6063
5	3271	3060	3156	6064
5	3031	2897	2785	6065
5	3376	3309	3162	6066
5	3072	2772	2929	6067
5	3033	3025	2900	6068
5	3033	2900	2976	6069
5	3054	3029	3013	6070
5	3436	3312	3435	6071
5	3186	3065	2940	6072
5	3060	2816	2953	6073
5	3220	3098	3219	6074
5	3040	2969	3023	6075
5	3142	3037	2803	6076
5	3046	2716	2947	6077
5	3051	2973	2972	6078
5	3194	3055	3085	6079
5	3188	2962	3087	6080
5	3045	2924	2850	6081
5	3040	3036	2917	6082
5	3040	2917	2969	6083
5	3092	2973	3051	6084
5	3104	2979	3038	6085
5	3095	2965	3042	6086
5	3042	2965	2977	6087
5	3103	2976	2975	6088
5	3202	3157	3068	6089
5	3084	2955	3049	6090
5	3084	2948	2955	6091
5	3319	3192	3268	6092
5	3482	3372	3417	6093
5	3035	2791	2909	6094
5	3035	2808	2791	6095
5	3130	2882	3007	6096
5	3116	2991	3115	6097
5	3048	3020	2898	6098
5	3048	2898	3004	6099
5	3084	3044	2948	6100
5	3049	2955	2943	6101
5	3133	3009	2952	6102
5	3134	3009	3133	6103
5	3148	3049	3080	6104
5	3124	2970	3000	6105
5	3085	2951	2926	6106
5	3055	3050	2891	6107
5	3075	2934	2912	6108
5	3205	3056	3152	6109
5	3270	3205	3152	6110
5	3255	3176	3135	6111
5	3071	2902	3057	6112
5	3071	2926	2902	6113
5	3395	3316	3289	6114
5	3075	2901	3056	6115
5	3253	3050	3140	6116
5	3085	2926	3071	6117
5	3060	3028	2816	6118
5	3035	2953	2808	6119
5	3219	3097	3218	6120
5	3094	2825	2964	6121
5	3066	2909	2910	6122
5	3376	3162	3183	6123
5	3079	2942	2933	6124
5	3079	3030	2942	6125
5	3101	2972	2970	6126
5	3203	3057	3177	6127
5	3220	3059	2938	6128
5	3218	3097	3022	6129
5	3069	2916	3064	6130
5	3104	2980	2979	6131
5	3159	3027	2935	6132
5	3160	2803	2637	6133
5	3303	3065	3186	6134
5	3199	2909	3066	6135
5	3170	3018	3081	6136
5	3207	3079	3074	6137
5	3214	3051	3172	6138
5	3444	3322	3396	6139
5	3069	3068	2921	6140
5	3069	2921	2916	6141
5	3087	2848	2974	6142
5	3102	2974	2958	6143
5	3410	3268	3273	6144
5	3085	3055	2951	6145
5	3196	2946	3096	6146
5	3275	3028	3060	6147
5	3073	3056	2932	6148
5	3073	2932	3012	6149
5	3316	3144	3289	6150
5	3501	3379	3498	6151
5	3180	3026	3021	6152
5	3556	3446	3436	6153
5	3275	3139	3028	6154
5	3165	3058	2904	6155
5	3206	3047	2928	6156
5	3077	2928	2797	6157
5	3088	2959	2941	6158
5	3195	2941	3059	6159
5	3345	3228	3288	6160
5	3180	3021	3158	6161
5	3080	3049	2943	6162
5	3080	2943	2950	6163
5	3081	3018	2899	6164
5	3081	2899	2944	6165
5	3082	3081	2944	6166
5	3082	2944	2905	6167
5	3083	3066	2910	6168
5	3083	2910	2923	6169
5	3580	3374	3471	6170
5	3364	3246	3363	6171
5	3045	3042	2977	6172
5	3045	2977	2924	6173
5	3091	2920	2960	6174
5	3213	3090	3016	6175
5	3209	3038	3100	6176
5	3093	2954	2813	6177
5	3182	3078	2906	6178
5	3210	3089	2959	6179
5	3210	2959	3088	6180
5	3382	3088	3195	6181
5	3320	3215	3147	6182
5	3344	3224	3213	6183
5	3279	3086	3166	6184
5	3212	3091	3086	6185
5	3311	3167	3161	6186
5	3099	2922	2920	6187
5	3095	2966	2965	6188
5	3211	3087	2974	6189
5	3155	2964	3089	6190
5	3299	3037	3281	6191
5	3282	3221	3212	6192
5	3209	3164	3038	6193
5	3264	3031	3136	6194
5	3151	3077	2937	6195
5	3198	3138	3023	6196
5	3187	3022	3036	6197
5	3198	3023	3063	6198
5	3219	3098	3097	6199
5	3322	3203	3261	6200
5	3100	3038	2914	6201
5	3221	3099	3091	6202
5	3261	3203	3177	6203
5	3123	2999	3122	6204
5	3123	3000	2999	6205
5	3448	3334	3332	6206
5	3146	2903	3039	6207
5	3189	3033	3103	6208
5	3276	3225	3150	6209
5	3202	3068	3069	6210
5	3324	3194	3190	6211
5	3107	2985	2983	6212
5	3114	2989	3113	6213
5	3129	2982	3106	6214
5	3131	3005	3129	6215
5	3111	2987	3109	6216
5	3113	2988	3111	6217
5	3227	3106	3108	6218
5	3108	3106	2984	6219
5	3201	3019	3200	6220
5	3125	2997	3121	6221
5	3238	3117	3237	6222
5	3110	3108	2986	6223
5	3368	3249	3366	6224
5	3317	3180	3158	6225
5	3231	3110	3112	6226
5	3112	3110	2927	6227
5	3201	3067	3019	6228
5	3200	3019	3018	6229
5	3169	3081	3082	6230
5	3406	3346	3347	6231
5	3230	3109	3228	6232
5	3232	3113	3111	6233
5	3237	3116	3236	6234
5	3126	3001	3125	6235
5	3234	3114	3113	6236
5	3239	3118	3238	6237
5	3235	3115	3114	6238
5	3241	3120	3240	6239
5	3236	3116	3115	6240
5	3237	3117	3116	6241
5	3248	3127	3247	6242
5	3238	3118	3117	6243
5	3545	3521	3428	6244
5	3239	3119	3118	6245
5	3244	3123	3243	6246
5	3124	3000	3123	6247
5	3396	3261	3374	6248
5	3124	3101	2970	6249
5	3208	3049	3148	6250
5	3167	3044	3161	6251
5	3246	3126	3125	6252
5	3240	3120	3119	6253
5	3245	3125	3121	6254
5	3399	3311	3262	6255
5	3248	3128	3127	6256
5	3428	3321	3387	6257
5	3150	3043	3020	6258
5	3443	3311	3399	6259
5	3249	3129	3106	6260
5	3283	3151	3014	6261
5	3132	2981	3008	6262
5	3264	2897	3031	6263
5	3661	3548	3506	6264
5	3131	3007	3005	6265
5	3252	3171	3105	6266
5	3295	3130	3250	6267
5	3535	3413	3494	6268
5	3255	3135	3134	6269
5	3416	3293	3378	6270
5	3324	3190	3322	6271
5	3177	3057	3052	6272
5	3194	3085	3190	6273
5	3509	3309	3376	6274
5	3206	2928	3077	6275
5	3137	3061	3026	6276
5	3289	3144	3207	6277
5	3187	3036	3040	6278
5	3187	3040	3138	6279
5	3139	3076	2936	6280
5	3139	2936	3028	6281
5	3194	3140	3055	6282
5	3190	3085	3071	6283
5	3141	3080	3025	6284
5	3262	3161	3208	6285
5	3303	3281	3142	6286
5	3155	3094	2964	6287
5	3143	3082	3015	6288
5	3440	3317	3307	6289
5	3178	3015	3030	6290
5	3144	3030	3079	6291
5	3217	3046	3162	6292
5	3398	3159	3277	6293
5	3226	3104	3164	6294
5	3146	3070	2903	6295
5	3146	3039	3095	6296
5	3147	3045	2954	6297
5	3323	3167	3311	6298
5	3392	3300	3381	6299
5	3149	3141	3025	6300
5	3149	3025	3033	6301
5	3189	3149	3033	6302
5	3225	3043	3150	6303
5	3301	3206	3077	6304
5	3250	3130	3007	6305
5	3556	3436	3551	6306
5	3176	3034	3135	6307
5	3153	3152	3073	6308
5	3153	3073	3029	6309
5	3226	3062	3104	6310
5	3164	3104	3038	6311
5	3302	3094	3155	6312
5	3303	3142	3065	6313
5	3304	3199	3066	6314
5	3305	3156	3199	6315
5	3157	3122	3068	6316
5	3381	3300	3260	6317
5	3874	3769	3765	6318
5	3352	3233	3201	6319
5	3165	2904	3094	6320
5	3393	3266	3182	6321
5	3160	3065	3142	6322
5	3160	3142	2803	6323
5	3167	3064	3044	6324
5	3191	3069	3064	6325
5	3764	3430	3536	6326
5	3217	3083	3046	6327
5	3310	3163	3154	6328
5	3285	3214	3172	6329
5	3215	3042	3147	6330
5	3147	3042	3045	6331
5	3274	3058	3165	6332
5	3333	3155	3089	6333
5	3278	3087	3211	6334
5	3211	2974	3102	6335
5	3362	3245	3241	6336
5	3300	3141	3260	6337
5	3171	3107	3105	6338
5	3168	3132	3008	6339
5	3312	3143	3298	6340
5	3233	3112	3067	6341
5	3397	3259	3296	6342
5	3328	3200	3170	6343
5	3232	3111	3230	6344
5	3230	3111	3109	6345
5	3223	3213	3016	6346
5	3222	3100	3099	6347
5	3173	3150	3020	6348
5	3173	3020	3048	6349
5	3326	3136	3196	6350
5	3183	2947	2894	6351
5	3314	3174	3032	6352
5	3175	3032	3006	6353
5	3185	3153	3029	6354
5	3192	3034	3176	6355
5	3291	3226	3164	6356
5	3520	3396	3484	6357
5	3446	3313	3436	6358
5	3485	3380	3440	6359
5	3179	3173	3048	6360
5	3179	3048	3128	6361
5	3270	3258	3205	6362
5	3370	3253	3294	6363
5	3195	3088	2941	6364
5	3197	2915	3017	6365
5	3418	3275	3060	6366
5	3308	3027	3159	6367
5	3301	3077	3151	6368
5	3283	3014	3264	6369
5	3184	3183	2894	6370
5	3184	2894	3072	6371
5	3440	3307	3390	6372
5	3269	3152	3153	6373
5	3418	3060	3271	6374
5	3337	3145	3217	6375
5	3218	3022	3187	6376
5	3220	2938	3098	6377
5	3320	3093	3188	6378
5	3188	3093	2962	6379
5	3381	3260	3373	6380
5	3311	3161	3262	6381
5	3310	3154	3256	6382
5	3294	3140	3287	6383
5	3474	3364	3363	6384
5	3202	3069	3191	6385
5	3192	3185	3054	6386
5	3192	3054	3034	6387
5	3193	3158	3053	6388
5	3193	3053	3075	6389
5	3315	3177	3163	6390
5	3287	3140	3194	6391
5	3651	3393	3534	6392
5	3400	3078	3266	6393
5	3337	3217	3309	6394
5	3309	3217	3162	6395
5	3198	3063	3197	6396
5	3197	3063	2915	6397
5	3318	3210	3088	6398
5	3265	3017	3181	6399
5	3199	3156	3035	6400
5	3199	3035	2909	6401
5	3313	3170	3169	6402
5	3240	3119	3239	6403
5	3234	3113	3232	6404
5	3228	3109	3107	6405
5	3401	3257	3360	6406
5	3360	3242	3244	6407
5	3203	3190	3071	6408
5	3203	3071	3057	6409
5	3207	3144	3079	6410
5	3204	3074	3061	6411
5	3205	3193	3075	6412
5	3205	3075	3056	6413
5	3250	3007	3131	6414
5	3402	3330	3206	6415
5	3298	3143	3178	6416
5	3317	3158	3307	6417
5	3208	3161	3084	6418
5	3208	3084	3049	6419
5	3486	3411	3447	6420
5	3278	3188	3087	6421
5	3302	3165	3094	6422
5	3487	3266	3393	6423
5	3224	3102	3090	6424
5	3331	3289	3207	6425
5	3221	3091	3212	6426
5	3223	3092	3214	6427
5	3224	3090	3213	6428
5	3335	3102	3224	6429
5	3371	3254	3370	6430
5	3214	3092	3051	6431
5	3215	3146	3095	6432
5	3215	3095	3042	6433
5	3216	3196	3096	6434
5	3216	3096	3024	6435
5	3299	3024	3037	6436
5	3217	3145	3083	6437
5	3340	3059	3220	6438
5	3338	3198	3327	6439
5	3327	3198	3197	6440
5	3338	3138	3198	6441
5	3218	3187	3138	6442
5	3339	3220	3219	6443
5	3222	3099	3221	6444
5	3222	3209	3100	6445
5	3223	3016	3092	6446
5	3280	3243	3157	6447
5	3291	3256	3226	6448
5	3405	3282	3212	6449
5	3342	3221	3282	6450
5	3361	3243	3280	6451
5	3225	3189	3103	6452
5	3225	3103	3043	6453
5	3284	3164	3209	6454
5	3226	3154	3062	6455
5	3228	3107	3171	6456
5	3249	3106	3227	6457
5	3247	3126	3246	6458
5	3351	3232	3348	6459
5	3488	3389	3367	6460
5	3229	3227	3108	6461
5	3236	3115	3235	6462
5	3235	3114	3234	6463
5	3313	3169	3312	6464
5	3231	3229	3110	6465
5	3349	3200	3328	6466
5	3349	3201	3200	6467
5	3353	3234	3351	6468
5	3233	3231	3112	6469
5	3346	3227	3229	6470
5	3478	3366	3476	6471
5	3328	3170	3313	6472
5	3312	3169	3143	6473
5	3348	3232	3230	6474
5	3359	3241	3240	6475
5	3351	3234	3232	6476
5	3357	3238	3356	6477
5	3353	3235	3234	6478
5	3362	3241	3359	6479
5	3354	3236	3235	6480
5	3355	3237	3236	6481
5	3365	3247	3364	6482
5	3356	3238	3237	6483
5	3363	3245	3362	6484
5	3357	3239	3238	6485
5	3242	3172	3101	6486
5	3242	3101	3124	6487
5	3336	3223	3214	6488
5	3243	3123	3122	6489
5	3343	3223	3336	6490
5	3428	3297	3321	6491
5	3358	3240	3239	6492
5	3359	3240	3358	6493
5	3365	3290	3248	6494
5	3363	3246	3245	6495
5	3762	3632	3716	6496
5	3529	3420	3489	6497
5	3491	3385	3407	6498
5	3530	3381	3526	6499
5	3492	3479	3369	6500
5	3292	3252	3132	6501
5	3252	3105	3132	6502
5	3295	3175	3130	6503
5	3593	3388	3496	6504
5	3251	3131	3129	6505
5	3288	3228	3171	6506
5	3369	3288	3171	6507
5	3254	3134	3133	6508
5	3255	3134	3254	6509
5	3371	3255	3254	6510
5	3378	3319	3377	6511
5	3322	3190	3203	6512
5	3416	3269	3293	6513
5	3526	3373	3521	6514
5	3447	3323	3443	6515
5	3403	3279	3166	6516
5	3335	3211	3102	6517
5	3417	3270	3269	6518
5	3270	3152	3269	6519
5	3259	3204	3137	6520
5	3551	3436	3435	6521
5	3297	3260	3149	6522
5	3297	3149	3189	6523
5	3360	3257	3242	6524
5	3495	3386	3481	6525
5	3420	3286	3385	6526
5	3584	3474	3583	6527
5	3364	3247	3246	6528
5	3365	3248	3247	6529
5	3314	3032	3175	6530
5	3511	3409	3330	6531
5	3327	3197	3265	6532
5	3338	3219	3218	6533
5	3419	3139	3275	6534
5	3415	3318	3382	6535
5	3267	3184	3072	6536
5	3267	3072	3174	6537
5	3268	3192	3176	6538
5	3371	3273	3255	6539
5	3800	3705	3768	6540
5	3417	3269	3416	6541
5	3650	3501	3629	6542
5	3553	3440	3390	6543
5	3499	3391	3303	6544
5	3277	3076	3139	6545
5	3272	3262	3208	6546
5	3272	3208	3148	6547
5	3273	3268	3176	6548
5	3273	3176	3255	6549
5	3375	3136	3326	6550
5	3274	3186	3058	6551
5	3419	3275	3418	6552
5	3277	3159	3076	6553
5	3521	3373	3428	6554
5	3387	3321	3276	6555
5	3595	3505	3549	6556
5	3308	3182	3027	6557
5	3343	3213	3223	6558
5	3279	3212	3086	6559
5	3332	3146	3215	6560
5	3334	3070	3146	6561
5	3652	3539	3579	6562
5	3413	3272	3392	6563
5	3547	3274	3430	6564
5	3299	3216	3024	6565
5	3558	3448	3383	6566
5	3341	3209	3222	6567
5	3444	3324	3322	6568
5	3367	3250	3131	6569
5	3285	3172	3257	6570
5	3291	3164	3284	6571
5	3336	3214	3285	6572
5	3344	3213	3343	6573
5	3286	3276	3150	6574
5	3286	3150	3173	6575
5	3294	3253	3140	6576
5	3370	3254	3253	6577
5	3345	3230	3228	6578
5	3355	3236	3354	6579
5	3553	3390	3497	6580
5	3446	3328	3313	6581
5	3290	3263	3179	6582
5	3290	3179	3248	6583
5	3425	3257	3401	6584
5	3502	3425	3401	6585
5	3366	3249	3227	6586
5	3503	3292	3409	6587
5	3293	3269	3153	6588
5	3293	3153	3185	6589
5	3456	3344	3343	6590
5	3412	3256	3291	6591
5	3375	3264	3136	6592
5	3519	3437	3314	6593
5	3296	3259	3137	6594
5	3296	3137	3180	6595
5	3438	3256	3412	6596
5	3589	3481	3480	6597
5	3669	3497	3596	6598
5	3397	3296	3380	6599
5	3304	3066	3145	6600
5	3325	3196	3216	6601
5	3300	3272	3148	6602
5	3300	3148	3141	6603
5	3330	3047	3206	6604
5	3330	3168	3047	6605
5	3431	3304	3394	6606
5	3536	3302	3404	6607
5	3735	3656	3542	6608
5	3487	3415	3266	6609
5	3305	3271	3156	6610
5	3305	3199	3304	6611
5	3500	3281	3391	6612
5	3431	3305	3304	6613
5	3306	3280	3157	6614
5	3306	3157	3202	6615
5	3317	3296	3180	6616
5	3307	3158	3193	6617
5	3441	3210	3318	6618
5	3382	3195	3340	6619
5	3483	3325	3433	6620
5	3506	3431	3394	6621
5	3315	3261	3177	6622
5	3315	3163	3310	6623
5	3329	3202	3191	6624
5	3329	3191	3323	6625
5	3628	3533	3594	6626
5	3423	3331	3379	6627
5	3435	3298	3429	6628
5	3429	3316	3395	6629
5	3414	3184	3267	6630
5	3437	3174	3314	6631
5	3481	3370	3480	6632
5	3538	3386	3495	6633
5	3316	3298	3178	6634
5	3316	3178	3144	6635
5	3497	3372	3482	6636
5	3378	3293	3319	6637
5	3441	3333	3210	6638
5	3333	3089	3210	6639
5	3319	3293	3185	6640
5	3319	3185	3192	6641
5	3320	3147	3093	6642
5	3331	3207	3204	6643
5	3321	3297	3189	6644
5	3321	3189	3225	6645
5	3324	3287	3194	6646
5	3447	3411	3329	6647
5	3507	3454	3450	6648
5	3329	3306	3202	6649
5	3396	3322	3261	6650
5	3527	3447	3443	6651
5	3326	3196	3325	6652
5	3388	3301	3151	6653
5	3801	3711	3601	6654
5	3388	3151	3283	6655
5	3340	3195	3059	6656
5	3338	3218	3138	6657
5	3435	3312	3298	6658
5	3358	3239	3357	6659
5	3392	3272	3300	6660
5	3599	3563	3507	6661
5	3737	3633	3493	6662
5	3367	3131	3251	6663
5	3515	3279	3403	6664
5	3332	3215	3320	6665
5	3334	3146	3332	6666
5	3334	3166	3070	6667
5	3404	3155	3333	6668
5	3393	3182	3308	6669
5	3403	3166	3334	6670
5	3448	3403	3334	6671
5	3448	3332	3383	6672
5	3449	3211	3335	6673
5	3471	3315	3310	6674
5	3616	3405	3515	6675
5	3524	3506	3394	6676
5	3391	3281	3303	6677
5	3340	3220	3339	6678
5	3339	3219	3338	6679
5	3452	3327	3265	6680
5	3400	3265	3181	6681
5	3400	3181	3078	6682
5	3382	3318	3088	6683
5	3453	3424	3284	6684
5	3341	3284	3209	6685
5	3342	3341	3222	6686
5	3342	3222	3221	6687
5	3450	3336	3285	6688
5	3425	3285	3257	6689
5	3454	3343	3336	6690
5	3597	3513	3560	6691
5	3348	3230	3345	6692
5	3356	3237	3355	6693
5	3476	3366	3346	6694
5	3366	3227	3346	6695
5	3347	3346	3229	6696
5	3347	3229	3231	6697
5	3736	3592	3626	6698
5	3354	3235	3353	6699
5	3352	3201	3349	6700
5	3350	3231	3233	6701
5	3474	3363	3473	6702
5	3461	3458	3350	6703
5	3458	3347	3350	6704
5	3459	3351	3348	6705
5	3458	3406	3347	6706
5	3352	3350	3233	6707
5	3565	3384	3457	6708
5	3460	3352	3349	6709
5	3463	3328	3446	6710
5	3429	3298	3316	6711
5	3436	3313	3312	6712
5	3462	3351	3459	6713
5	3462	3353	3351	6714
5	3464	3354	3353	6715
5	3582	3473	3472	6716
5	3465	3355	3354	6717
5	3473	3362	3472	6718
5	3466	3356	3355	6719
5	3475	3364	3474	6720
5	3467	3357	3356	6721
5	3411	3306	3329	6722
5	3510	3401	3470	6723
5	3361	3360	3244	6724
5	3361	3244	3243	6725
5	3472	3359	3469	6726
5	3468	3358	3357	6727
5	3469	3359	3358	6728
5	3475	3408	3365	6729
5	3473	3363	3362	6730
5	3983	3911	3982	6731
5	3699	3606	3641	6732
5	3472	3362	3359	6733
5	3479	3457	3288	6734
5	3426	3252	3292	6735
5	3369	3171	3252	6736
5	3711	3492	3601	6737
5	3704	3488	3608	6738
5	3368	3251	3249	6739
5	3476	3346	3406	6740
5	3384	3348	3345	6741
5	3481	3386	3371	6742
5	3480	3370	3294	6743
5	3696	3544	3657	6744
5	3410	3273	3386	6745
5	3417	3372	3270	6746
5	3481	3371	3370	6747
5	3491	3407	3490	6748
5	3602	3490	3517	6749
5	3438	3310	3256	6750
5	3741	3522	3616	6751
5	3552	3414	3267	6752
5	3434	3337	3309	6753
5	3524	3394	3337	6754
5	3493	3376	3414	6755
5	3377	3319	3268	6756
5	3386	3273	3371	6757
5	3518	3442	3444	6758
5	3544	3442	3518	6759
5	3379	3331	3259	6760
5	3629	3498	3628	6761
5	3397	3379	3259	6762
5	3380	3296	3317	6763
5	3951	3855	3927	6764
5	3603	3521	3545	6765
5	3452	3339	3338	6766
5	3452	3265	3400	6767
5	3902	3706	3813	6768
5	3383	3188	3278	6769
5	3466	3355	3465	6770
5	3468	3357	3467	6771
5	3385	3286	3263	6772
5	3475	3365	3364	6773
5	3410	3377	3268	6774
5	3703	3594	3610	6775
5	3494	3413	3392	6776
5	3742	3659	3707	6777
5	3402	3301	3388	6778
5	3402	3206	3301	6779
5	3389	3295	3250	6780
5	3389	3250	3367	6781
5	3440	3380	3317	6782
5	3390	3307	3258	6783
5	3433	3216	3299	6784
5	3433	3325	3216	6785
5	3648	3530	3526	6786
5	3526	3381	3373	6787
5	3404	3302	3155	6788
5	3531	3404	3333	6789
5	3394	3304	3145	6790
5	3394	3145	3337	6791
5	3550	3429	3546	6792
5	3533	3380	3485	6793
5	3427	3294	3287	6794
5	3480	3294	3427	6795
5	3498	3379	3397	6796
5	3546	3395	3532	6797
5	3534	3393	3308	6798
5	3398	3308	3159	6799
5	3743	3728	3604	6800
5	3627	3490	3602	6801
5	3452	3340	3339	6802
5	3452	3338	3327	6803
5	3421	3306	3411	6804
5	3607	3518	3520	6805
5	3409	3292	3168	6806
5	3409	3168	3330	6807
5	3451	3342	3282	6808
5	3405	3212	3279	6809
5	3432	3305	3431	6810
5	3764	3547	3430	6811
5	3422	3335	3224	6812
5	3422	3224	3344	6813
5	3569	3459	3516	6814
5	3457	3345	3288	6815
5	3407	3385	3263	6816
5	3407	3263	3290	6817
5	3408	3407	3290	6818
5	3408	3290	3365	6819
5	3704	3600	3488	6820
5	3426	3369	3252	6821
5	4003	3938	3984	6822
5	3609	3528	3538	6823
5	3439	3361	3280	6824
5	3504	3439	3421	6825
5	3421	3280	3306	6826
5	3470	3360	3361	6827
5	3413	3399	3262	6828
5	3413	3262	3272	6829
5	3414	3376	3183	6830
5	3414	3183	3184	6831
5	3415	3382	3400	6832
5	3415	3400	3266	6833
5	3540	3416	3378	6834
5	3610	3594	3485	6835
5	3667	3551	3550	6836
5	3692	3623	3584	6837
5	3542	3277	3419	6838
5	3419	3277	3139	6839
5	3430	3165	3302	6840
5	3505	3419	3418	6841
5	3420	3387	3276	6842
5	3420	3276	3286	6843
5	3705	3605	3655	6844
5	3688	3543	3604	6845
5	3455	3341	3342	6846
5	3512	3403	3448	6847
5	3423	3395	3289	6848
5	3423	3289	3331	6849
5	3424	3412	3291	6850
5	3424	3291	3284	6851
5	3450	3285	3425	6852
5	3522	3451	3282	6853
5	3477	3367	3251	6854
5	3477	3251	3368	6855
5	3543	3411	3486	6856
5	3804	3721	3790	6857
5	3936	3817	3812	6858
5	3794	3692	3691	6859
5	3532	3423	3501	6860
5	3463	3349	3328	6861
5	3499	3303	3186	6862
5	3430	3274	3165	6863
5	3432	3271	3305	6864
5	3432	3418	3271	6865
5	3500	3299	3281	6866
5	3547	3499	3186	6867
5	3524	3337	3434	6868
5	3555	3375	3326	6869
5	3600	3523	3389	6870
5	3375	3283	3264	6871
5	3754	3628	3753	6872
5	3501	3423	3379	6873
5	3551	3435	3550	6874
5	3532	3395	3423	6875
5	3631	3402	3593	6876
5	3437	3267	3174	6877
5	3439	3280	3421	6878
5	3471	3310	3438	6879
5	3470	3361	3439	6880
5	3470	3401	3360	6881
5	3541	3417	3416	6882
5	3645	3528	3609	6883
5	3554	3318	3415	6884
5	3591	3531	3441	6885
5	3442	3427	3287	6886
5	3442	3287	3324	6887
5	3447	3329	3323	6888
5	3443	3323	3311	6889
5	3519	3314	3175	6890
5	3511	3330	3402	6891
5	3708	3615	3555	6892
5	3445	3326	3325	6893
5	3572	3446	3556	6894
5	3469	3358	3468	6895
5	3383	3332	3320	6896
5	3383	3320	3188	6897
5	3449	3278	3211	6898
5	3598	3561	3456	6899
5	3558	3278	3449	6900
5	3558	3383	3278	6901
5	3559	3450	3425	6902
5	3515	3403	3512	6903
5	3455	3342	3451	6904
5	3453	3284	3341	6905
5	3452	3400	3382	6906
5	3452	3382	3340	6907
5	3454	3336	3450	6908
5	3559	3425	3502	6909
5	3456	3343	3454	6910
5	3741	3616	3701	6911
5	3709	3561	3598	6912
5	3455	3453	3341	6913
5	3736	3707	3592	6914
5	3580	3471	3539	6915
5	3573	3464	3571	6916
5	3457	3384	3345	6917
5	3459	3348	3384	6918
5	3516	3459	3384	6919
5	3464	3353	3462	6920
5	3465	3354	3464	6921
5	3461	3352	3460	6922
5	3461	3350	3352	6923
5	3805	3755	3635	6924
5	3537	3476	3406	6925
5	3618	3537	3566	6926
5	3583	3473	3582	6927
5	3666	3516	3619	6928
5	3463	3460	3349	6929
5	3569	3462	3459	6930
5	3567	3461	3460	6931
5	3806	3608	3745	6932
5	3546	3429	3395	6933
5	3550	3435	3429	6934
5	3904	3711	3801	6935
5	3571	3464	3462	6936
5	3573	3465	3464	6937
5	3584	3517	3475	6938
5	3574	3466	3465	6939
5	3692	3583	3691	6940
5	3575	3467	3466	6941
5	3604	3543	3486	6942
5	3530	3392	3381	6943
5	3589	3480	3588	6944
5	3471	3374	3315	6945
5	3690	3582	3581	6946
5	3576	3468	3467	6947
5	3582	3472	3581	6948
5	3577	3469	3468	6949
5	3583	3474	3473	6950
5	3626	3489	3491	6951
5	3581	3472	3469	6952
5	3584	3475	3474	6953
5	3585	3368	3478	6954
5	3488	3367	3477	6955
5	3479	3288	3369	6956
5	3503	3426	3292	6957
5	3600	3389	3488	6958
5	3478	3368	3366	6959
5	3492	3369	3426	6960
5	3570	3460	3463	6961
5	3513	3412	3424	6962
5	3541	3416	3540	6963
5	3525	3378	3377	6964
5	3654	3540	3525	6965
5	3541	3482	3417	6966
5	3540	3378	3525	6967
5	3624	3445	3483	6968
5	3483	3445	3325	6969
5	3484	3396	3374	6970
5	3580	3484	3374	6971
5	3753	3594	3703	6972
5	3768	3655	3654	6973
5	3766	3687	3652	6974
5	3527	3486	3447	6975
5	3542	3398	3277	6976
5	3554	3441	3318	6977
5	3519	3175	3295	6978
5	3555	3326	3445	6979
5	3489	3420	3385	6980
5	3788	3686	3653	6981
5	3491	3489	3385	6982
5	3490	3407	3408	6983
5	3626	3592	3489	6984
5	3934	3836	3897	6985
5	3608	3477	3585	6986
5	3586	3476	3537	6987
5	3509	3434	3309	6988
5	3509	3376	3493	6989
5	3508	3443	3399	6990
5	3527	3443	3508	6991
5	3589	3495	3481	6992
5	3588	3427	3544	6993
5	3496	3388	3283	6994
5	3496	3283	3375	6995
5	3553	3485	3440	6996
5	3497	3390	3372	6997
5	3747	3610	3669	6998
5	3660	3532	3650	6999
5	3548	3432	3431	7000
5	3549	3432	3548	7001
5	3514	3299	3500	7002
5	3514	3433	3299	7003
5	3610	3485	3553	7004
5	3747	3703	3610	7005
5	3578	3439	3504	7006
5	3612	3507	3559	7007
5	4010	3835	3944	7008
5	3585	3477	3368	7009
5	3578	3470	3439	7010
5	3510	3502	3401	7011
5	3531	3333	3441	7012
5	3534	3308	3398	7013
5	3549	3505	3418	7014
5	3548	3431	3506	7015
5	3563	3456	3454	7016
5	3579	3412	3513	7017
5	3648	3526	3646	7018
5	3898	3808	3868	7019
5	3633	3509	3493	7020
5	3643	3524	3434	7021
5	3539	3471	3438	7022
5	3564	3455	3451	7023
5	3608	3488	3477	7024
5	3805	3635	3733	7025
5	3616	3522	3405	7026
5	3515	3405	3279	7027
5	3716	3606	3699	7028
5	3653	3578	3504	7029
5	3644	3506	3524	7030
5	3590	3483	3433	7031
5	3563	3454	3507	7032
5	3522	3282	3405	7033
5	3574	3465	3573	7034
5	3572	3463	3446	7035
5	3517	3490	3408	7036
5	3517	3408	3475	7037
5	3544	3427	3442	7038
5	3588	3480	3427	7039
5	3640	3437	3519	7040
5	3552	3267	3437	7041
5	3520	3518	3444	7042
5	3520	3444	3396	7043
5	3530	3494	3392	7044
5	3808	3715	3762	7045
5	3557	3335	3422	7046
5	3642	3422	3561	7047
5	3523	3519	3295	7048
5	3523	3295	3389	7049
5	3644	3524	3643	7050
5	3590	3433	3514	7051
5	3799	3696	3717	7052
5	3654	3525	3645	7053
5	4029	3898	4020	7054
5	3817	3752	3718	7055
5	3657	3518	3607	7056
5	3767	3645	3761	7057
5	3528	3525	3377	7058
5	3528	3377	3410	7059
5	3545	3428	3387	7060
5	3529	3387	3420	7061
5	3659	3529	3592	7062
5	3606	3535	3494	7063
5	3649	3404	3531	7064
5	3536	3430	3302	7065
5	3655	3541	3540	7066
5	3628	3498	3533	7067
5	3533	3498	3397	7068
5	3533	3397	3380	7069
5	3554	3415	3487	7070
5	3670	3554	3487	7071
5	3535	3508	3399	7072
5	3535	3399	3413	7073
5	3649	3536	3404	7074
5	3547	3186	3274	7075
5	3621	3479	3492	7076
5	3587	3565	3457	7077
5	3538	3528	3410	7078
5	3538	3410	3386	7079
5	3696	3588	3544	7080
5	3638	3513	3597	7081
5	3719	3605	3705	7082
5	3645	3525	3528	7083
5	3869	3754	3864	7084
5	3655	3605	3541	7085
5	3651	3487	3393	7086
5	3656	3398	3542	7087
5	3543	3504	3421	7088
5	3543	3421	3411	7089
5	4118	4026	4045	7090
5	3854	3743	3847	7091
5	3646	3521	3603	7092
5	3715	3625	3647	7093
5	3665	3550	3546	7094
5	3629	3501	3498	7095
5	3723	3651	3656	7096
5	3549	3418	3432	7097
5	3671	3445	3624	7098
5	3724	3639	3662	7099
5	3749	3624	3483	7100
5	3842	3771	3664	7101
5	3667	3550	3665	7102
5	3694	3537	3618	7103
5	3665	3546	3660	7104
5	3650	3532	3501	7105
5	3613	3493	3414	7106
5	3593	3402	3388	7107
5	3655	3540	3654	7108
5	3769	3660	3650	7109
5	3649	3531	3591	7110
5	3591	3441	3554	7111
5	3634	3434	3509	7112
5	3708	3555	3671	7113
5	3780	3727	3622	7114
5	3905	3731	3826	7115
5	3672	3449	3557	7116
5	3557	3449	3335	7117
5	3672	3558	3449	7118
5	3558	3512	3448	7119
5	3673	3597	3560	7120
5	3559	3507	3450	7121
5	3560	3513	3424	7122
5	3560	3424	3453	7123
5	3561	3422	3344	7124
5	3561	3344	3456	7125
5	3562	3560	3453	7126
5	3562	3453	3455	7127
5	3598	3456	3563	7128
5	3675	3562	3564	7129
5	3702	3653	3688	7130
5	3564	3562	3455	7131
5	3568	3461	3567	7132
5	3565	3516	3384	7133
5	3566	3537	3406	7134
5	3566	3406	3458	7135
5	3568	3458	3461	7136
5	3568	3566	3458	7137
5	3581	3469	3577	7138
5	4076	3991	3925	7139
5	3571	3462	3569	7140
5	3577	3468	3576	7141
5	3679	3571	3622	7142
5	3570	3567	3460	7143
5	3576	3467	3575	7144
5	3575	3466	3574	7145
5	3677	3620	3567	7146
5	3572	3570	3463	7147
5	3620	3568	3567	7148
5	3676	3568	3620	7149
5	3826	3731	3692	7150
5	3676	3618	3566	7151
5	3681	3573	3679	7152
5	3689	3577	3685	7153
5	3679	3573	3571	7154
5	3681	3574	3573	7155
5	3691	3582	3690	7156
5	3683	3575	3574	7157
5	3612	3599	3507	7158
5	3578	3510	3470	7159
5	3579	3539	3438	7160
5	3579	3438	3412	7161
5	4110	4019	4075	7162
5	3730	3609	3614	7163
5	3812	3718	3732	7164
5	3684	3576	3575	7165
5	3690	3581	3689	7166
5	3685	3577	3576	7167
5	3846	3732	3731	7168
5	3691	3583	3582	7169
5	4063	3981	3987	7170
5	3732	3623	3731	7171
5	3587	3457	3479	7172
5	3750	3668	3523	7173
5	3711	3621	3492	7174
5	3586	3478	3476	7175
5	3700	3587	3621	7176
5	3695	3619	3565	7177
5	4034	3924	4003	7178
5	3658	3614	3495	7179
5	3625	3604	3486	7180
5	3732	3602	3623	7181
5	3726	3595	3663	7182
5	3671	3555	3445	7183
5	3735	3542	3419	7184
5	3735	3419	3505	7185
5	3592	3529	3489	7186
5	3936	3812	3935	7187
5	3850	3633	3737	7188
5	3901	3805	3733	7189
5	3594	3533	3485	7190
5	3765	3629	3754	7191
5	3663	3548	3661	7192
5	3661	3506	3644	7193
5	3596	3497	3482	7194
5	3820	3719	3705	7195
5	3790	3687	3766	7196
5	3638	3579	3513	7197
5	3740	3675	3564	7198
5	3675	3673	3562	7199
5	4064	3999	4030	7200
5	3740	3564	3674	7201
5	3750	3523	3600	7202
5	3613	3414	3552	7203
5	3601	3492	3426	7204
5	3601	3426	3503	7205
5	3689	3581	3577	7206
5	3692	3584	3583	7207
5	3836	3742	3802	7208
5	3710	3646	3603	7209
5	3763	3646	3710	7210
5	3817	3718	3812	7211
5	3605	3596	3482	7212
5	3605	3482	3541	7213
5	3625	3486	3527	7214
5	3632	3535	3606	7215
5	3687	3539	3652	7216
5	3762	3647	3632	7217
5	3745	3585	3693	7218
5	3621	3587	3479	7219
5	3790	3721	3617	7220
5	3657	3544	3518	7221
5	3875	3769	3874	7222
5	3747	3669	3713	7223
5	3611	3607	3520	7224
5	3611	3520	3484	7225
5	3788	3653	3702	7226
5	3673	3560	3562	7227
5	3615	3375	3555	7228
5	3749	3483	3590	7229
5	3614	3609	3538	7230
5	3614	3538	3495	7231
5	3816	3671	3751	7232
5	3615	3496	3375	7233
5	3672	3512	3558	7234
5	3741	3674	3522	7235
5	3617	3611	3484	7236
5	3617	3484	3580	7237
5	3622	3571	3569	7238
5	3619	3516	3565	7239
5	3660	3546	3532	7240
5	3676	3566	3568	7241
5	3682	3551	3667	7242
5	3680	3572	3556	7243
5	3693	3585	3478	7244
5	3693	3478	3586	7245
5	3683	3574	3681	7246
5	3677	3567	3570	7247
5	3623	3602	3517	7248
5	3623	3517	3584	7249
5	3815	3600	3704	7250
5	3816	3708	3671	7251
5	3647	3508	3632	7252
5	3647	3527	3508	7253
5	3752	3627	3718	7254
5	3931	3802	3834	7255
5	3627	3626	3491	7256
5	3627	3491	3490	7257
5	3785	3682	3667	7258
5	4065	3833	3912	7259
5	3713	3669	3596	7260
5	3753	3628	3594	7261
5	3630	3612	3559	7262
5	3630	3559	3502	7263
5	3904	3837	3711	7264
5	3631	3511	3402	7265
5	3647	3625	3527	7266
5	3632	3508	3535	7267
5	3634	3509	3633	7268
5	3663	3549	3548	7269
5	3848	3822	3774	7270
5	3643	3434	3634	7271
5	3635	3503	3409	7272
5	3635	3409	3511	7273
5	3636	3616	3515	7274
5	3636	3515	3512	7275
5	3637	3630	3502	7276
5	3637	3502	3510	7277
5	3652	3579	3638	7278
5	3687	3580	3539	7279
5	3639	3590	3514	7280
5	3639	3514	3500	7281
5	3757	3640	3668	7282
5	3640	3552	3437	7283
5	3641	3606	3494	7284
5	3641	3494	3530	7285
5	3642	3636	3557	7286
5	3642	3557	3422	7287
5	3758	3643	3634	7288
5	3770	3724	3725	7289
5	3821	3749	3759	7290
5	3835	3593	3814	7291
5	3838	3719	3820	7292
5	3768	3654	3767	7293
5	3648	3641	3530	7294
5	3646	3526	3521	7295
5	3819	3746	3798	7296
5	3734	3720	3607	7297
5	3722	3699	3641	7298
5	3761	3609	3730	7299
5	3841	3664	3499	7300
5	3774	3649	3591	7301
5	3773	3665	3772	7302
5	3772	3660	3769	7303
5	3670	3487	3651	7304
5	3670	3591	3554	7305
5	3686	3510	3578	7306
5	3738	3630	3637	7307
5	3686	3578	3653	7308
5	3686	3637	3510	7309
5	3761	3645	3609	7310
5	4065	3903	3833	7311
5	3829	3730	3746	7312
5	3820	3705	3800	7313
5	3656	3651	3534	7314
5	3656	3534	3398	7315
5	3658	3495	3589	7316
5	3734	3611	3721	7317
5	3697	3588	3696	7318
5	3697	3589	3588	7319
5	3659	3603	3545	7320
5	3659	3545	3529	7321
5	3863	3753	3703	7322
5	3754	3629	3628	7323
5	3759	3639	3724	7324
5	3968	3883	3917	7325
5	3662	3639	3500	7326
5	3662	3500	3391	7327
5	3723	3670	3651	7328
5	3663	3595	3549	7329
5	3664	3662	3391	7330
5	3664	3391	3499	7331
5	4150	4066	4134	7332
5	3682	3556	3551	7333
5	3666	3622	3569	7334
5	3666	3569	3516	7335
5	3765	3650	3629	7336
5	3772	3665	3660	7337
5	3668	3640	3519	7338
5	3668	3519	3523	7339
5	3669	3610	3553	7340
5	3669	3553	3497	7341
5	3906	3841	3764	7342
5	3774	3591	3670	7343
5	3835	3733	3631	7344
5	3737	3493	3613	7345
5	3672	3557	3636	7346
5	3672	3636	3512	7347
5	3776	3597	3673	7348
5	3775	3599	3612	7349
5	3674	3564	3451	7350
5	3674	3451	3522	7351
5	3813	3675	3740	7352
5	3852	3741	3701	7353
5	3729	3618	3676	7354
5	3778	3666	3619	7355
5	3783	3680	3682	7356
5	3779	3712	3677	7357
5	3678	3677	3570	7358
5	3678	3570	3572	7359
5	3685	3576	3684	7360
5	3684	3575	3683	7361
5	3779	3677	3678	7362
5	3680	3678	3572	7363
5	3712	3620	3677	7364
5	3773	3667	3665	7365
5	3785	3667	3773	7366
5	3682	3680	3556	7367
5	3782	3679	3727	7368
5	3794	3691	3793	7369
5	3826	3692	3794	7370
5	3769	3650	3765	7371
5	3926	3831	3907	7372
5	3784	3683	3681	7373
5	3706	3673	3675	7374
5	3714	3637	3686	7375
5	3748	3630	3738	7376
5	3687	3617	3580	7377
5	3688	3653	3504	7378
5	3688	3504	3543	7379
5	3792	3689	3791	7380
5	3786	3684	3683	7381
5	3793	3691	3690	7382
5	3787	3685	3684	7383
5	3846	3812	3732	7384
5	3793	3690	3792	7385
5	3791	3689	3685	7386
5	3792	3690	3689	7387
5	3695	3565	3587	7388
5	3992	3827	3929	7389
5	3827	3693	3795	7390
5	3694	3586	3537	7391
5	3700	3695	3587	7392
5	3777	3620	3712	7393
5	3697	3658	3589	7394
5	3932	3828	3839	7395
5	3873	3800	3768	7396
5	3890	3728	3854	7397
5	3735	3505	3698	7398
5	3698	3505	3595	7399
5	4254	4211	4214	7400
5	3722	3641	3648	7401
5	3825	3782	3727	7402
5	3796	3618	3729	7403
5	3701	3616	3636	7404
5	3701	3636	3642	7405
5	3909	3800	3873	7406
5	3829	3746	3819	7407
5	3833	3703	3747	7408
5	3767	3654	3645	7409
5	3745	3608	3585	7410
5	3994	3801	3933	7411
5	3768	3705	3655	7412
5	3872	3761	3867	7413
5	3748	3612	3630	7414
5	3789	3638	3744	7415
5	3707	3659	3592	7416
5	3840	3763	3807	7417
5	3814	3496	3615	7418
5	4077	3988	3910	7419
5	3709	3701	3642	7420
5	3709	3642	3561	7421
5	3943	3849	3913	7422
5	3807	3763	3710	7423
5	3801	3601	3755	7424
5	3910	3815	3704	7425
5	3797	3619	3695	7426
5	3727	3679	3622	7427
5	3873	3768	3767	7428
5	3912	3833	3857	7429
5	3738	3637	3714	7430
5	3775	3612	3748	7431
5	3743	3625	3715	7432
5	3728	3688	3604	7433
5	3762	3715	3647	7434
5	3716	3632	3606	7435
5	3717	3696	3657	7436
5	3721	3611	3617	7437
5	3718	3627	3602	7438
5	3993	3948	3945	7439
5	3719	3713	3596	7440
5	3719	3596	3605	7441
5	3720	3717	3657	7442
5	3720	3657	3607	7443
5	3734	3607	3611	7444
5	3847	3743	3715	7445
5	3834	3802	3707	7446
5	4162	4138	4087	7447
5	3764	3536	3649	7448
5	3774	3670	3723	7449
5	3771	3662	3664	7450
5	3725	3663	3661	7451
5	3841	3547	3764	7452
5	3726	3663	3725	7453
5	3771	3724	3662	7454
5	3841	3499	3547	7455
5	3786	3683	3784	7456
5	3784	3681	3782	7457
5	3790	3617	3687	7458
5	3728	3702	3688	7459
5	3843	3695	3700	7460
5	3881	3777	3712	7461
5	3854	3728	3743	7462
5	3867	3730	3829	7463
5	3732	3718	3602	7464
5	3731	3623	3692	7465
5	4134	4066	4107	7466
5	3834	3707	3736	7467
5	3733	3635	3511	7468
5	3733	3511	3631	7469
5	3743	3604	3625	7470
5	3923	3871	3890	7471
5	3971	3886	3876	7472
5	3848	3656	3735	7473
5	3849	3752	3817	7474
5	3936	3913	3817	7475
5	3756	3634	3633	7476
5	3850	3756	3633	7477
5	3744	3638	3597	7478
5	3859	3775	3748	7479
5	3739	3598	3563	7480
5	3739	3563	3599	7481
5	3824	3823	3740	7482
5	3852	3740	3674	7483
5	3852	3701	3709	7484
5	3824	3598	3739	7485
5	3742	3710	3603	7486
5	3742	3603	3659	7487
5	3982	3934	3981	7488
5	3889	3766	3870	7489
5	3856	3789	3744	7490
5	3832	3798	3799	7491
5	3827	3745	3693	7492
5	3796	3694	3618	7493
5	3746	3730	3614	7494
5	3746	3614	3658	7495
5	3950	3838	3924	7496
5	3966	3881	3926	7497
5	3945	3847	3808	7498
5	3858	3748	3738	7499
5	3770	3661	3644	7500
5	3760	3643	3758	7501
5	3757	3552	3640	7502
5	3988	3815	3910	7503
5	3751	3671	3624	7504
5	3821	3818	3862	7505
5	3752	3736	3626	7506
5	3752	3626	3627	7507
5	4245	4197	4147	7508
5	3857	3747	3713	7509
5	4073	4038	3954	7510
5	3857	3713	3838	7511
5	3755	3601	3503	7512
5	3755	3503	3635	7513
5	3760	3644	3643	7514
5	3758	3634	3756	7515
5	3865	3613	3757	7516
5	3757	3613	3552	7517
5	3962	3875	3874	7518
5	3818	3760	3758	7519
5	3759	3749	3590	7520
5	3759	3590	3639	7521
5	3770	3644	3760	7522
5	3770	3725	3661	7523
5	3960	3867	3956	7524
5	3945	3808	3898	7525
5	3868	3716	3809	7526
5	3974	3804	3889	7527
5	3763	3722	3648	7528
5	3763	3648	3646	7529
5	4047	3968	4018	7530
5	3810	3595	3726	7531
5	3864	3753	3863	7532
5	3864	3754	3753	7533
5	3922	3775	3859	7534
5	3989	3803	3902	7535
5	3872	3767	3761	7536
5	3938	3800	3909	7537
5	3960	3872	3867	7538
5	3990	3920	3958	7539
5	3883	3782	3825	7540
5	3874	3765	3869	7541
5	3821	3760	3818	7542
5	3770	3759	3724	7543
5	3771	3726	3725	7544
5	3771	3725	3724	7545
5	4016	3962	4001	7546
5	3869	3765	3754	7547
5	3886	3773	3876	7548
5	3782	3681	3679	7549
5	3848	3774	3723	7550
5	3822	3649	3774	7551
5	3776	3673	3706	7552
5	3813	3706	3675	7553
5	3871	3788	3702	7554
5	3776	3744	3597	7555
5	3777	3729	3676	7556
5	3777	3676	3620	7557
5	3925	3896	3797	7558
5	3780	3666	3778	7559
5	3831	3712	3779	7560
5	3780	3622	3666	7561
5	3970	3885	3968	7562
5	3844	3729	3777	7563
5	3781	3779	3678	7564
5	3781	3678	3680	7565
5	3791	3685	3787	7566
5	3787	3684	3786	7567
5	3905	3846	3731	7568
5	3783	3781	3680	7569
5	3879	3779	3781	7570
5	3876	3773	3772	7571
5	3886	3785	3773	7572
5	3785	3783	3682	7573
5	4045	3894	3978	7574
5	3875	3772	3769	7575
5	3879	3831	3779	7576
5	3876	3772	3875	7577
5	3952	3859	3858	7578
5	3788	3714	3686	7579
5	3789	3766	3652	7580
5	3789	3652	3638	7581
5	3828	3717	3720	7582
5	3853	3734	3721	7583
5	3887	3786	3885	7584
5	3885	3786	3784	7585
5	3928	3905	3826	7586
5	3887	3787	3786	7587
5	3891	3791	3787	7588
5	3892	3791	3891	7589
5	3928	3826	3794	7590
5	4189	4079	4135	7591
5	3795	3693	3586	7592
5	3795	3586	3694	7593
5	3797	3778	3619	7594
5	3979	3895	3844	7595
5	4124	4039	4051	7596
5	3895	3729	3844	7597
5	3798	3746	3658	7598
5	3798	3658	3697	7599
5	3799	3798	3697	7600
5	3799	3697	3696	7601
5	3873	3767	3872	7602
5	3867	3761	3730	7603
5	4070	3908	4012	7604
5	3815	3750	3600	7605
5	3802	3742	3707	7606
5	4086	3981	4063	7607
5	3877	3744	3776	7608
5	3803	3776	3706	7609
5	4050	3972	3997	7610
5	3868	3762	3716	7611
5	3806	3704	3608	7612
5	4071	3904	3994	7613
5	3843	3797	3695	7614
5	3910	3704	3806	7615
5	4028	3931	3943	7616
5	3921	3830	3900	7617
5	3847	3715	3808	7618
5	3855	3738	3714	7619
5	3868	3808	3762	7620
5	3809	3716	3699	7621
5	3822	3764	3649	7622
5	3810	3698	3595	7623
5	3811	3795	3694	7624
5	3811	3694	3796	7625
5	4135	4079	4118	7626
5	3935	3812	3846	7627
5	3851	3599	3775	7628
5	3922	3851	3775	7629
5	3814	3615	3708	7630
5	3894	3793	3893	7631
5	3901	3733	3835	7632
5	3835	3631	3593	7633
5	3861	3757	3668	7634
5	3865	3757	3861	7635
5	4000	3913	3999	7636
5	3931	3897	3802	7637
5	4033	4008	3952	7638
5	3866	3862	3818	7639
5	3942	3845	3918	7640
5	3853	3721	3804	7641
5	4072	3984	4005	7642
5	4259	4217	4198	7643
5	3862	3624	3749	7644
5	3821	3862	3749	7645
5	3860	3668	3750	7646
5	3814	3593	3496	7647
5	3823	3813	3740	7648
5	3824	3739	3823	7649
5	3852	3674	3741	7650
5	3824	3740	3852	7651
5	3883	3784	3782	7652
5	3885	3784	3883	7653
5	3893	3792	3892	7654
5	3892	3792	3791	7655
5	3994	3904	3801	7656
5	4077	3995	4067	7657
5	3832	3819	3798	7658
5	3845	3717	3828	7659
5	3956	3829	3940	7660
5	3937	3819	3832	7661
5	3830	3809	3699	7662
5	3830	3699	3722	7663
5	3908	3843	3700	7664
5	3996	3929	3811	7665
5	4052	3997	3923	7666
5	4029	3993	3945	7667
5	3838	3713	3719	7668
5	3950	3857	3838	7669
5	3999	3913	3936	7670
5	4000	3943	3913	7671
5	3944	3814	3899	7672
5	3861	3668	3860	7673
5	3836	3807	3710	7674
5	3836	3710	3742	7675
5	3837	3700	3621	7676
5	3837	3621	3711	7677
5	3857	3833	3747	7678
5	4038	3990	3958	7679
5	3839	3828	3720	7680
5	3839	3720	3734	7681
5	3840	3830	3722	7682
5	3840	3722	3763	7683
5	3842	3726	3771	7684
5	3842	3664	3841	7685
5	4001	3962	3920	7686
5	3842	3810	3726	7687
5	3895	3796	3729	7688
5	3878	3727	3780	7689
5	3878	3825	3727	7690
5	3881	3712	3831	7691
5	3845	3832	3799	7692
5	3845	3799	3717	7693
5	3893	3793	3792	7694
5	3894	3794	3793	7695
5	3918	3845	3828	7696
5	3858	3738	3855	7697
5	3848	3723	3656	7698
5	3848	3735	3698	7699
5	3849	3834	3736	7700
5	3849	3736	3752	7701
5	3953	3866	3946	7702
5	3866	3751	3862	7703
5	3851	3823	3739	7704
5	3851	3739	3599	7705
5	3824	3852	3709	7706
5	3824	3709	3598	7707
5	3932	3918	3828	7708
5	3853	3839	3734	7709
5	3921	3809	3830	7710
5	4139	4088	4110	7711
5	3870	3766	3789	7712
5	3859	3748	3858	7713
5	3870	3789	3856	7714
5	3889	3790	3766	7715
5	4004	3954	3863	7716
5	3958	3920	3869	7717
5	3951	3858	3855	7718
5	3963	3877	3914	7719
5	3877	3776	3803	7720
5	3902	3803	3706	7721
5	3899	3708	3816	7722
5	3865	3737	3613	7723
5	3944	3835	3814	7724
5	3946	3866	3756	7725
5	4035	4033	3951	7726
5	3862	3751	3624	7727
5	4286	4209	4136	7728
5	4100	4006	4034	7729
5	4073	3954	4004	7730
5	4126	4047	4084	7731
5	4002	3850	3955	7732
5	3955	3865	3861	7733
5	3866	3818	3758	7734
5	3866	3758	3756	7735
5	3961	3909	3873	7736
5	4169	4099	4098	7737
5	3923	3890	3916	7738
5	3916	3890	3854	7739
5	4001	3920	3990	7740
5	4023	3966	3926	7741
5	3888	3714	3788	7742
5	3927	3855	3888	7743
5	3888	3788	3871	7744
5	3888	3855	3714	7745
5	3940	3829	3819	7746
5	3961	3873	3872	7747
5	4190	4142	4161	7748
5	4006	3912	3950	7749
5	3821	3759	3770	7750
5	3821	3770	3760	7751
5	4007	3964	3967	7752
5	3971	3876	3915	7753
5	3906	3848	3698	7754
5	3906	3698	3810	7755
5	4241	4189	4135	7756
5	3877	3856	3744	7757
5	3896	3778	3797	7758
5	3884	3783	3785	7759
5	3964	3879	3882	7760
5	3907	3831	3879	7761
5	3880	3878	3780	7762
5	3880	3780	3778	7763
5	3926	3881	3831	7764
5	3881	3844	3777	7765
5	3882	3879	3781	7766
5	3882	3781	3783	7767
5	3928	3794	3894	7768
5	3891	3787	3887	7769
5	3965	3917	3825	7770
5	3884	3882	3783	7771
5	3917	3883	3825	7772
5	3966	3844	3881	7773
5	3962	3874	3920	7774
5	3886	3884	3785	7775
5	3958	3864	3954	7776
5	3978	3893	3977	7777
5	4008	3963	3914	7778
5	3914	3877	3803	7779
5	3948	3854	3847	7780
5	3889	3804	3790	7781
5	3890	3871	3702	7782
5	3890	3702	3728	7783
5	4057	3978	3977	7784
5	4432	4401	4332	7785
5	3970	3887	3885	7786
5	3975	3887	3970	7787
5	3975	3891	3887	7788
5	3976	3891	3975	7789
5	3976	3892	3891	7790
5	3977	3893	3892	7791
5	3896	3880	3778	7792
5	3996	3811	3941	7793
5	3925	3797	3843	7794
5	4044	3907	4009	7795
5	3897	3836	3802	7796
5	4141	4062	4094	7797
5	3983	3900	3911	7798
5	3900	3830	3840	7799
5	4011	3861	3860	7800
5	3899	3814	3708	7801
5	3957	3898	3868	7802
5	3957	3809	3921	7803
5	4102	4011	4010	7804
5	3988	3919	3815	7805
5	4099	4003	4098	7806
5	4400	4393	4341	7807
5	3903	3863	3703	7808
5	3903	3703	3833	7809
5	3908	3700	3837	7810
5	4139	4110	4137	7811
5	4060	4030	3935	7812
5	3978	3894	3893	7813
5	4013	3816	3953	7814
5	3946	3756	3850	7815
5	3969	3884	3886	7816
5	4004	3863	3903	7817
5	4092	3939	3992	7818
5	4070	4069	4014	7819
5	3961	3872	3960	7820
5	3956	3867	3829	7821
5	4077	3910	3995	7822
5	3919	3750	3815	7823
5	3911	3900	3840	7824
5	3911	3840	3807	7825
5	3924	3838	3820	7826
5	4040	3956	4036	7827
5	3913	3849	3817	7828
5	4028	3987	3931	7829
5	3972	3888	3871	7830
5	3972	3871	3923	7831
5	3915	3876	3875	7832
5	4170	4096	4167	7833
5	3940	3819	3937	7834
5	4296	4245	4147	7835
5	4104	4045	3978	7836
5	3968	3885	3883	7837
5	3957	3868	3809	7838
5	4029	3945	3898	7839
5	4010	3901	3835	7840
5	3919	3860	3750	7841
5	3962	3915	3875	7842
5	3920	3874	3869	7843
5	3982	3911	3934	7844
5	4019	3900	3983	7845
5	3989	3914	3803	7846
5	3922	3823	3851	7847
5	3973	3856	3963	7848
5	4025	3948	3993	7849
5	3950	3912	3857	7850
5	4240	4159	4201	7851
5	3979	3844	3966	7852
5	4094	4017	3998	7853
5	3930	3878	3880	7854
5	4044	3926	3907	7855
5	4051	3959	4042	7856
5	4049	3963	4008	7857
5	4289	4144	4242	7858
5	4045	4026	3928	7859
5	3929	3827	3795	7860
5	3929	3795	3811	7861
5	4009	3964	4007	7862
5	3965	3878	3930	7863
5	4095	3999	4064	7864
5	4150	4063	4066	7865
5	3974	3889	3959	7866
5	4025	3916	3948	7867
5	3933	3801	3755	7868
5	3933	3755	3805	7869
5	3934	3911	3807	7870
5	3934	3807	3836	7871
5	3902	3813	3823	7872
5	3902	3823	3922	7873
5	4258	4173	4192	7874
5	4028	3943	4000	7875
5	3998	3918	3932	7876
5	4031	3937	3942	7877
5	3938	3924	3820	7878
5	3938	3820	3800	7879
5	3939	3806	3745	7880
5	3939	3745	3827	7881
5	4017	3918	3998	7882
5	4017	3942	3918	7883
5	3941	3811	3796	7884
5	3941	3796	3895	7885
5	3942	3937	3832	7886
5	3942	3832	3845	7887
5	3943	3931	3834	7888
5	3943	3834	3849	7889
5	3906	3810	3842	7890
5	3906	3842	3841	7891
5	4122	4035	4050	7892
5	3948	3847	3945	7893
5	3955	3737	3865	7894
5	4097	4013	4002	7895
5	3947	3932	3839	7896
5	3947	3839	3853	7897
5	3959	3889	3870	7898
5	3948	3916	3854	7899
5	3949	3947	3853	7900
5	3949	3853	3804	7901
5	4003	3924	3938	7902
5	4333	4291	4251	7903
5	3963	3856	3877	7904
5	3952	3858	3951	7905
5	4039	3949	3974	7906
5	3989	3952	3914	7907
5	3953	3816	3751	7908
5	3953	3751	3866	7909
5	3958	3869	3864	7910
5	3954	3864	3863	7911
5	4033	3952	3951	7912
5	3955	3850	3737	7913
5	4036	3940	4032	7914
5	4032	3940	3937	7915
5	4037	3921	4019	7916
5	3997	3972	3923	7917
5	4056	3976	4055	7918
5	4054	3971	3915	7919
5	3974	3949	3804	7920
5	4153	4073	4004	7921
5	4098	3984	4072	7922
5	4040	3960	3956	7923
5	4041	3961	3960	7924
5	4041	3960	4040	7925
5	3906	3764	3822	7926
5	3906	3822	3848	7927
5	3973	3959	3870	7928
5	4050	4035	3927	7929
5	3965	3825	3878	7930
5	3964	3907	3879	7931
5	4082	3979	4058	7932
5	4009	3907	3964	7933
5	3980	3880	3896	7934
5	4092	3994	3995	7935
5	3967	3964	3882	7936
5	3967	3882	3884	7937
5	4045	3928	3894	7938
5	3977	3892	3976	7939
5	4046	3967	3969	7940
5	3969	3967	3884	7941
5	4172	4105	4155	7942
5	4016	3915	3962	7943
5	4127	4048	4054	7944
5	3971	3969	3886	7945
5	3973	3870	3856	7946
5	3972	3927	3888	7947
5	4085	3993	4078	7948
5	4008	3914	3952	7949
5	4050	3927	3972	7950
5	4041	4005	3961	7951
5	4048	3969	3971	7952
5	4288	4252	4189	7953
5	4038	3958	3954	7954
5	4129	4054	4016	7955
5	4053	3975	3970	7956
5	4055	3975	4053	7957
5	4055	3976	3975	7958
5	4189	4160	4079	7959
5	3980	3930	3880	7960
5	3991	3896	3925	7961
5	3991	3980	3896	7962
5	4058	3966	4023	7963
5	3981	3934	3897	7964
5	4307	4204	4246	7965
5	4094	4062	4017	7966
5	4087	4075	3983	7967
5	4216	4150	4194	7968
5	4107	4000	4095	7969
5	3984	3938	3909	7970
5	4036	3956	3940	7971
5	3985	3935	3846	7972
5	3985	3846	3905	7973
5	3986	3933	3805	7974
5	4101	3988	4015	7975
5	3987	3981	3897	7976
5	3987	3897	3931	7977
5	4101	4011	3988	7978
5	4015	3805	3901	7979
5	4229	4174	4166	7980
5	4089	4027	4083	7981
5	4096	4001	3990	7982
5	4090	3990	4038	7983
5	4105	4091	4009	7984
5	4076	4014	4069	7985
5	4075	4019	3983	7986
5	3992	3939	3827	7987
5	4039	4024	3949	7988
5	4114	4025	4085	7989
5	4175	4112	4111	7990
5	4067	3933	3986	7991
5	3995	3910	3806	7992
5	3995	3806	3939	7993
5	4092	4071	3994	7994
5	4058	3979	3966	7995
5	4032	3937	4031	7996
5	4031	3942	4017	7997
5	4264	4230	4243	7998
5	4426	4330	4397	7999
5	4118	4045	4104	8000
5	4060	3935	3985	8001
5	4173	4134	4107	8002
5	4503	4402	4401	8003
5	4096	3990	4090	8004
5	4220	4155	4202	8005
5	4102	4013	4097	8006
5	4011	3919	3988	8007
5	4168	4098	4072	8008
5	4244	4218	4231	8009
5	4100	4034	4099	8010
5	4253	4167	4224	8011
5	4005	3984	3909	8012
5	4005	3909	3961	8013
5	4098	4003	3984	8014
5	4099	4034	4003	8015
5	3989	3902	3922	8016
5	4087	3982	4086	8017
5	4042	3959	3973	8018
5	4287	4251	4197	8019
5	4018	3968	3917	8020
5	4057	3977	4056	8021
5	4101	4010	4011	8022
5	4011	3860	3919	8023
5	4097	3861	4011	8024
5	4013	3899	3816	8025
5	4012	3908	3837	8026
5	4012	3837	3904	8027
5	4013	3944	3899	8028
5	4035	3951	3927	8029
5	4014	3925	3843	8030
5	4014	3843	3908	8031
5	4077	4015	3988	8032
5	4015	3986	3805	8033
5	4253	4227	4167	8034
5	4104	3978	4057	8035
5	4019	3921	3900	8036
5	4108	4029	4020	8037
5	4047	3970	3968	8038
5	4054	3915	4016	8039
5	4020	3898	3957	8040
5	4078	3993	4029	8041
5	3989	3922	3859	8042
5	3989	3859	3952	8043
5	4021	3998	3932	8044
5	4021	3932	3947	8045
5	4022	3941	3895	8046
5	4022	3895	3979	8047
5	4140	4119	4120	8048
5	4059	3930	3980	8049
5	4024	4021	3947	8050
5	4024	3947	3949	8051
5	4149	4114	4085	8052
5	4052	3916	4025	8053
5	4026	3985	3905	8054
5	4026	3905	3928	8055
5	4027	4018	3917	8056
5	4027	3917	3965	8057
5	4199	4137	4138	8058
5	4152	4063	4150	8059
5	4391	4294	4291	8060
5	4151	4081	4116	8061
5	4030	3999	3936	8062
5	4030	3936	3935	8063
5	4062	4031	4017	8064
5	4173	4107	4095	8065
5	4125	4113	3997	8066
5	4116	4081	4041	8067
5	4002	3946	3850	8068
5	4102	4097	4011	8069
5	4034	4006	3950	8070
5	4034	3950	3924	8071
5	4002	4013	3953	8072
5	4002	3953	3946	8073
5	4115	4036	4112	8074
5	4112	4032	4111	8075
5	4037	4020	3957	8076
5	4037	3957	3921	8077
5	4153	4004	4065	8078
5	4287	4197	4245	8079
5	4124	4051	4123	8080
5	4109	4021	4093	8081
5	4166	4108	4088	8082
5	4154	4081	4151	8083
5	4116	4041	4040	8084
5	4116	4040	4115	8085
5	4051	3974	3959	8086
5	4051	4039	3974	8087
5	4043	4027	3965	8088
5	4043	3965	3930	8089
5	4132	4023	4117	8090
5	4044	4023	3926	8091
5	4158	4030	4060	8092
5	4056	3977	3976	8093
5	4148	4126	4084	8094
5	4046	4007	3967	8095
5	4118	4079	4026	8096
5	4053	3970	4047	8097
5	4103	4001	4096	8098
5	4048	4046	3969	8099
5	4049	4042	3973	8100
5	4049	3973	3963	8101
5	4080	4008	4033	8102
5	4121	4049	4080	8103
5	4080	4033	4035	8104
5	4052	3923	3916	8105
5	4085	4025	3993	8106
5	4123	4051	4042	8107
5	4156	4057	4131	8108
5	4103	4016	4001	8109
5	4126	4053	4047	8110
5	4054	4048	3971	8111
5	4091	4044	4009	8112
5	4129	4016	4103	8113
5	4201	4068	4146	8114
5	4163	4090	4038	8115
5	4212	4202	4140	8116
5	4209	4131	4136	8117
5	4059	4043	3930	8118
5	4132	4058	4023	8119
5	4074	3980	3991	8120
5	4117	4023	4044	8121
5	4185	4104	4156	8122
5	4298	4241	4256	8123
5	4071	4012	3904	8124
5	4061	3992	3929	8125
5	4545	4493	4475	8126
5	4111	4032	4031	8127
5	4290	4260	4278	8128
5	4107	4028	4000	8129
5	4367	4300	4271	8130
5	4198	4153	4159	8131
5	4240	4198	4159	8132
5	4065	4004	3903	8133
5	4066	4063	3987	8134
5	4066	3987	4028	8135
5	4067	3995	3994	8136
5	4067	3994	3933	8137
5	4068	4065	3912	8138
5	4068	3912	4006	8139
5	4069	3996	3941	8140
5	4074	4059	3980	8141
5	4092	3995	3939	8142
5	4070	4012	4061	8143
5	4070	4014	3908	8144
5	4061	3929	3996	8145
5	4111	4031	4062	8146
5	4115	4040	4036	8147
5	4163	4038	4073	8148
5	4239	4187	4238	8149
5	4074	3991	4082	8150
5	4362	4313	4312	8151
5	4071	3992	4061	8152
5	4071	4061	4012	8153
5	4082	4022	3979	8154
5	4076	4082	3991	8155
5	4077	4067	3986	8156
5	4077	3986	4015	8157
5	4069	3941	4022	8158
5	4076	3925	4014	8159
5	4160	3985	4079	8160
5	4079	3985	4026	8161
5	4080	4049	4008	8162
5	4397	4330	4331	8163
5	4081	4072	4005	8164
5	4081	4005	4041	8165
5	4076	4069	4022	8166
5	4076	4022	4082	8167
5	4083	4027	4043	8168
5	4133	4059	4132	8169
5	4131	4056	4130	8170
5	4084	4047	4018	8171
5	4093	4021	4024	8172
5	4165	4094	4109	8173
5	4087	3983	3982	8174
5	4086	3982	3981	8175
5	4335	4290	4324	8176
5	4143	4062	4141	8177
5	4108	4020	4088	8178
5	4088	4020	4037	8179
5	4089	4084	4018	8180
5	4089	4018	4027	8181
5	4184	4140	4120	8182
5	4168	4072	4154	8183
5	4105	4009	4007	8184
5	4117	4044	4091	8185
5	4177	4115	4112	8186
5	4092	3992	4071	8187
5	4070	4061	3996	8188
5	4070	3996	4069	8189
5	4247	4199	4210	8190
5	4162	4087	4086	8191
5	4107	4066	4028	8192
5	4095	4000	3999	8193
5	4205	4188	4170	8194
5	4184	4120	4127	8195
5	4097	4002	3955	8196
5	4097	3955	3861	8197
5	4177	4112	4175	8198
5	4154	4072	4081	8199
5	4200	4147	4099	8200
5	4296	4147	4200	8201
5	4113	4050	3997	8202
5	4122	4050	4113	8203
5	4101	4015	3901	8204
5	4101	3901	4010	8205
5	4102	4010	3944	8206
5	4102	3944	4013	8207
5	4156	4104	4057	8208
5	4128	4055	4053	8209
5	4130	4055	4128	8210
5	4130	4056	4055	8211
5	4172	4091	4105	8212
5	4145	4084	4089	8213
5	4106	4093	4024	8214
5	4106	4024	4039	8215
5	4258	4203	4173	8216
5	4303	4281	4265	8217
5	4215	4181	4149	8218
5	4108	4078	4029	8219
5	4109	4094	3998	8220
5	4109	3998	4021	8221
5	4110	4088	4037	8222
5	4110	4037	4019	8223
5	4112	4036	4032	8224
5	4200	4099	4169	8225
5	4230	4142	4190	8226
5	4180	4106	4124	8227
5	4121	4042	4049	8228
5	4182	4124	4123	8229
5	4125	4052	4114	8230
5	4114	4052	4025	8231
5	4248	4200	4169	8232
5	4143	4111	4062	8233
5	4248	4169	4226	8234
5	4533	4508	4525	8235
5	4179	4091	4172	8236
5	4133	4132	4117	8237
5	4131	4057	4056	8238
5	4158	4064	4030	8239
5	4119	4105	4007	8240
5	4119	4007	4046	8241
5	4120	4119	4046	8242
5	4120	4046	4048	8243
5	4123	4042	4121	8244
5	4142	4109	4093	8245
5	4122	4121	4080	8246
5	4122	4080	4035	8247
5	4176	4122	4113	8248
5	4124	4106	4039	8249
5	4125	3997	4052	8250
5	4181	4114	4149	8251
5	4180	4161	4106	8252
5	4176	4121	4122	8253
5	4256	4241	4135	8254
5	4128	4053	4126	8255
5	4227	4170	4167	8256
5	4127	4120	4048	8257
5	4332	4258	4289	8258
5	4333	4251	4287	8259
5	4155	4105	4119	8260
5	4129	4127	4054	8261
5	4224	4167	4090	8262
5	4221	4188	4205	8263
5	4074	4082	4058	8264
5	4132	4074	4058	8265
5	4133	4043	4059	8266
5	4132	4059	4074	8267
5	4179	4172	4171	8268
5	4133	4083	4043	8269
5	4288	4189	4241	8270
5	4379	4346	4288	8271
5	4209	4193	4156	8272
5	4155	4119	4140	8273
5	4136	4131	4130	8274
5	4187	4128	4157	8275
5	4137	4110	4075	8276
5	4450	4403	4393	8277
5	4138	4137	4075	8278
5	4138	4075	4087	8279
5	4178	4116	4115	8280
5	4235	4183	4181	8281
5	4212	4140	4184	8282
5	4157	4128	4126	8283
5	4175	4111	4143	8284
5	4232	4175	4191	8285
5	4165	4109	4142	8286
5	4165	4141	4094	8287
5	4207	4164	4206	8288
5	4233	4231	4178	8289
5	4144	4095	4064	8290
5	4399	4332	4289	8291
5	4148	4084	4145	8292
5	4251	4146	4197	8293
5	4146	4068	4006	8294
5	4146	4006	4100	8295
5	4147	4100	4099	8296
5	4169	4098	4168	8297
5	4157	4126	4148	8298
5	4187	4130	4128	8299
5	4266	4207	4206	8300
5	4161	4093	4106	8301
5	4152	4086	4063	8302
5	4162	4086	4152	8303
5	4178	4115	4177	8304
5	4348	4296	4248	8305
5	4278	4222	4216	8306
5	4338	4324	4261	8307
5	4201	4159	4068	8308
5	4170	4103	4096	8309
5	4291	4240	4201	8310
5	4225	4154	4218	8311
5	4228	4145	4171	8312
5	4171	4089	4083	8313
5	4185	4118	4104	8314
5	4185	4135	4118	8315
5	4188	4103	4170	8316
5	4237	4212	4184	8317
5	4208	4148	4196	8318
5	4252	4160	4189	8319
5	4159	4153	4065	8320
5	4159	4065	4068	8321
5	4252	4060	4160	8322
5	4160	4060	3985	8323
5	4174	4078	4108	8324
5	4161	4142	4093	8325
5	4402	4343	4401	8326
5	4222	4152	4216	8327
5	4217	4073	4153	8328
5	4294	4240	4291	8329
5	4164	4149	4085	8330
5	4164	4085	4078	8331
5	4214	4137	4199	8332
5	4166	4088	4139	8333
5	4174	4108	4166	8334
5	4174	4164	4078	8335
5	4167	4096	4090	8336
5	4346	4252	4288	8337
5	4339	4302	4325	8338
5	4233	4177	4232	8339
5	4283	4232	4250	8340
5	4226	4169	4168	8341
5	4238	4187	4157	8342
5	4208	4157	4148	8343
5	4391	4291	4376	8344
5	4171	4145	4089	8345
5	4179	4171	4083	8346
5	4188	4129	4103	8347
5	4418	4392	4354	8348
5	4444	4384	4344	8349
5	4235	4181	4215	8350
5	4207	4149	4164	8351
5	4378	4295	4345	8352
5	4178	4151	4116	8353
5	4182	4180	4124	8354
5	4181	4125	4114	8355
5	4279	4218	4244	8356
5	4340	4297	4316	8357
5	4206	4164	4174	8358
5	4281	4229	4265	8359
5	4188	4186	4129	8360
5	4179	4117	4091	8361
5	4182	4123	4176	8362
5	4176	4123	4121	8363
5	4183	4125	4181	8364
5	4183	4113	4125	8365
5	4183	4176	4113	8366
5	4215	4149	4207	8367
5	4234	4180	4182	8368
5	4236	4234	4182	8369
5	4202	4155	4140	8370
5	4196	4148	4145	8371
5	4307	4242	4204	8372
5	4256	4185	4193	8373
5	4186	4184	4127	8374
5	4186	4127	4129	8375
5	4237	4186	4221	8376
5	4187	4136	4130	8377
5	4179	4083	4133	8378
5	4179	4133	4117	8379
5	4372	4256	4300	8380
5	4242	4144	4204	8381
5	4222	4162	4152	8382
5	4350	4314	4323	8383
5	4191	4175	4143	8384
5	4213	4143	4141	8385
5	4192	4173	4095	8386
5	4192	4095	4144	8387
5	4193	4185	4156	8388
5	4379	4377	4346	8389
5	4194	4150	4134	8390
5	4399	4336	4383	8391
5	4195	4190	4161	8392
5	4195	4161	4180	8393
5	4407	4349	4305	8394
5	4209	4156	4131	8395
5	4197	4146	4100	8396
5	4197	4100	4147	8397
5	4217	4163	4073	8398
5	4217	4153	4198	8399
5	4282	4244	4231	8400
5	4437	4394	4405	8401
5	4225	4168	4154	8402
5	4226	4168	4225	8403
5	4375	4287	4330	8404
5	4291	4201	4251	8405
5	4228	4196	4145	8406
5	4219	4171	4172	8407
5	4262	4134	4203	8408
5	4203	4134	4173	8409
5	4204	4144	4064	8410
5	4204	4064	4158	8411
5	4380	4319	4349	8412
5	4263	4217	4259	8413
5	4283	4282	4233	8414
5	4265	4229	4211	8415
5	4255	4213	4223	8416
5	4371	4326	4309	8417
5	4270	4205	4249	8418
5	4299	4284	4268	8419
5	4321	4270	4319	8420
5	4410	4298	4372	8421
5	4210	4199	4138	8422
5	4210	4138	4162	8423
5	4229	4166	4211	8424
5	4211	4166	4139	8425
5	4284	4237	4268	8426
5	4269	4238	4208	8427
5	4243	4230	4190	8428
5	4213	4191	4143	8429
5	4214	4211	4139	8430
5	4214	4139	4137	8431
5	4278	4216	4261	8432
5	4276	4195	4234	8433
5	4222	4210	4162	8434
5	4216	4152	4150	8435
5	4227	4205	4170	8436
5	4224	4090	4163	8437
5	4218	4154	4151	8438
5	4232	4177	4175	8439
5	4277	4196	4228	8440
5	4228	4171	4219	8441
5	4220	4219	4172	8442
5	4220	4172	4155	8443
5	4237	4184	4186	8444
5	4221	4186	4188	8445
5	4309	4250	4293	8446
5	4274	4191	4213	8447
5	4223	4213	4141	8448
5	4223	4141	4165	8449
5	4457	4434	4386	8450
5	4395	4390	4368	8451
5	4548	4457	4530	8452
5	4301	4244	4282	8453
5	4279	4225	4218	8454
5	4280	4225	4279	8455
5	4268	4237	4221	8456
5	4249	4205	4227	8457
5	4420	4331	4381	8458
5	4555	4515	4513	8459
5	4275	4215	4207	8460
5	4229	4206	4174	8461
5	4230	4223	4165	8462
5	4230	4165	4142	8463
5	4231	4218	4151	8464
5	4231	4151	4178	8465
5	4233	4178	4177	8466
5	4325	4244	4301	8467
5	4322	4274	4255	8468
5	4282	4231	4233	8469
5	4267	4190	4195	8470
5	4234	4195	4180	8471
5	4236	4182	4176	8472
5	4236	4176	4183	8473
5	4236	4183	4235	8474
5	4236	4235	4234	8475
5	4238	4157	4208	8476
5	4304	4269	4272	8477
5	4312	4263	4259	8478
5	4328	4286	4239	8479
5	4286	4136	4239	8480
5	4239	4136	4187	8481
5	4251	4201	4146	8482
5	4436	4413	4389	8483
5	4256	4135	4185	8484
5	4496	4459	4442	8485
5	4382	4354	4361	8486
5	4441	4377	4428	8487
5	4257	4199	4247	8488
5	4326	4282	4283	8489
5	4359	4325	4301	8490
5	4250	4232	4191	8491
5	4296	4200	4248	8492
5	4280	4226	4225	8493
5	4383	4336	4337	8494
5	4246	4204	4158	8495
5	4324	4278	4261	8496
5	4343	4203	4258	8497
5	4375	4333	4287	8498
5	4338	4261	4311	8499
5	4308	4284	4299	8500
5	4300	4256	4193	8501
5	4369	4322	4315	8502
5	4306	4260	4290	8503
5	4348	4248	4295	8504
5	4330	4287	4245	8505
5	4310	4060	4252	8506
5	4310	4158	4060	8507
5	4320	4269	4304	8508
5	4407	4305	4363	8509
5	4275	4207	4266	8510
5	4265	4211	4254	8511
5	4274	4213	4255	8512
5	4274	4250	4191	8513
5	4271	4193	4209	8514
5	4300	4193	4271	8515
5	4257	4254	4214	8516
5	4257	4214	4199	8517
5	4324	4290	4278	8518
5	4422	4374	4402	8519
5	4263	4163	4217	8520
5	4263	4224	4163	8521
5	4260	4247	4210	8522
5	4260	4210	4222	8523
5	4278	4260	4222	8524
5	4261	4216	4194	8525
5	4364	4314	4350	8526
5	4262	4194	4134	8527
5	4423	4362	4384	8528
5	4313	4263	4312	8529
5	4264	4255	4223	8530
5	4264	4223	4230	8531
5	4322	4293	4274	8532
5	4345	4280	4302	8533
5	4316	4266	4281	8534
5	4327	4275	4297	8535
5	4297	4275	4266	8536
5	4267	4243	4190	8537
5	4285	4238	4269	8538
5	4273	4202	4212	8539
5	4376	4291	4333	8540
5	4321	4268	4270	8541
5	4270	4268	4221	8542
5	4270	4221	4205	8543
5	4411	4300	4367	8544
5	4328	4239	4285	8545
5	4272	4269	4208	8546
5	4272	4208	4196	8547
5	4277	4228	4219	8548
5	4277	4220	4202	8549
5	4403	4351	4355	8550
5	4293	4250	4274	8551
5	4276	4234	4235	8552
5	4283	4233	4232	8553
5	4276	4235	4215	8554
5	4276	4215	4275	8555
5	4277	4272	4196	8556
5	4277	4219	4220	8557
5	4386	4339	4359	8558
5	4292	4257	4247	8559
5	4434	4387	4339	8560
5	4387	4345	4302	8561
5	4277	4202	4273	8562
5	4388	4360	4308	8563
5	4281	4266	4206	8564
5	4281	4206	4229	8565
5	4315	4255	4264	8566
5	4424	4412	4421	8567
5	4327	4276	4275	8568
5	4276	4267	4195	8569
5	4284	4273	4212	8570
5	4284	4212	4237	8571
5	4286	4271	4209	8572
5	4285	4239	4238	8573
5	4372	4298	4256	8574
5	4438	4334	4380	8575
5	4444	4344	4391	8576
5	4423	4406	4362	8577
5	4346	4310	4252	8578
5	4392	4337	4307	8579
5	4289	4258	4192	8580
5	4289	4192	4144	8581
5	4341	4290	4335	8582
5	4347	4203	4343	8583
5	4345	4295	4280	8584
5	4381	4331	4296	8585
5	4425	4374	4422	8586
5	4605	4581	4601	8587
5	4370	4293	4322	8588
5	4326	4283	4309	8589
5	4294	4259	4198	8590
5	4294	4198	4240	8591
5	4295	4248	4226	8592
5	4295	4226	4280	8593
5	4391	4344	4294	8594
5	4473	4426	4397	8595
5	4316	4281	4303	8596
5	4323	4257	4292	8597
5	4435	4410	4372	8598
5	4501	4443	4456	8599
5	4308	4273	4284	8600
5	4353	4320	4304	8601
5	4319	4270	4249	8602
5	4329	4271	4286	8603
5	4309	4283	4250	8604
5	4427	4386	4394	8605
5	4302	4280	4279	8606
5	4554	4513	4511	8607
5	4529	4522	4524	8608
5	4327	4267	4276	8609
5	4320	4285	4269	8610
5	4379	4288	4342	8611
5	4305	4249	4227	8612
5	4305	4227	4253	8613
5	4306	4292	4247	8614
5	4306	4247	4260	8615
5	4440	4342	4410	8616
5	4432	4332	4399	8617
5	4360	4304	4272	8618
5	4360	4273	4308	8619
5	4326	4301	4282	8620
5	4359	4301	4356	8621
5	4361	4310	4346	8622
5	4310	4246	4158	8623
5	4311	4261	4194	8624
5	4311	4194	4262	8625
5	4313	4253	4224	8626
5	4313	4224	4263	8627
5	4349	4319	4249	8628
5	4363	4313	4362	8629
5	4314	4303	4265	8630
5	4314	4265	4254	8631
5	4624	4582	4570	8632
5	4322	4255	4315	8633
5	4352	4315	4317	8634
5	4316	4297	4266	8635
5	4317	4315	4264	8636
5	4317	4264	4243	8637
5	4318	4317	4243	8638
5	4318	4243	4267	8639
5	4404	4320	4353	8640
5	4334	4321	4319	8641
5	4390	4353	4357	8642
5	4404	4353	4390	8643
5	4357	4308	4299	8644
5	4321	4299	4268	8645
5	4364	4303	4314	8646
5	4370	4358	4293	8647
5	4323	4314	4254	8648
5	4323	4254	4257	8649
5	4429	4335	4398	8650
5	4393	4355	4341	8651
5	4325	4302	4279	8652
5	4325	4279	4244	8653
5	4341	4306	4290	8654
5	4355	4306	4341	8655
5	4327	4297	4318	8656
5	4327	4318	4267	8657
5	4390	4357	4368	8658
5	4329	4286	4328	8659
5	4349	4249	4305	8660
5	4380	4334	4319	8661
5	4430	4348	4378	8662
5	4535	4501	4456	8663
5	4331	4330	4245	8664
5	4331	4245	4296	8665
5	4343	4258	4332	8666
5	4402	4347	4343	8667
5	4443	4391	4376	8668
5	4381	4296	4348	8669
5	4366	4285	4320	8670
5	4368	4321	4334	8671
5	4425	4338	4374	8672
5	4464	4392	4418	8673
5	4399	4289	4336	8674
5	4336	4289	4242	8675
5	4337	4336	4242	8676
5	4337	4242	4307	8677
5	4347	4262	4203	8678
5	4598	4560	4559	8679
5	4371	4309	4358	8680
5	4400	4341	4335	8681
5	4365	4316	4303	8682
5	4340	4318	4297	8683
5	4476	4433	4400	8684
5	4522	4461	4486	8685
5	4342	4288	4241	8686
5	4342	4241	4298	8687
5	4347	4311	4262	8688
5	4572	4536	4500	8689
5	4344	4312	4259	8690
5	4344	4259	4294	8691
5	4626	4537	4576	8692
5	4378	4348	4295	8693
5	4354	4307	4246	8694
5	4646	4566	4621	8695
5	4433	4393	4400	8696
5	4471	4401	4432	8697
5	4434	4339	4386	8698
5	4511	4460	4497	8699
5	4406	4363	4362	8700
5	4448	4390	4395	8701
5	4358	4309	4293	8702
5	4356	4301	4326	8703
5	4351	4350	4323	8704
5	4351	4323	4292	8705
5	4539	4495	4472	8706
5	4369	4315	4352	8707
5	4404	4396	4366	8708
5	4366	4328	4285	8709
5	4382	4361	4377	8710
5	4418	4354	4382	8711
5	4355	4351	4292	8712
5	4355	4292	4306	8713
5	4359	4339	4325	8714
5	4387	4302	4339	8715
5	4388	4304	4360	8716
5	4388	4308	4357	8717
5	4371	4356	4326	8718
5	4465	4430	4460	8719
5	4340	4352	4317	8720
5	4340	4317	4318	8721
5	4360	4272	4277	8722
5	4360	4277	4273	8723
5	4361	4354	4246	8724
5	4361	4246	4310	8725
5	4363	4305	4253	8726
5	4363	4253	4313	8727
5	4438	4395	4334	8728
5	4407	4363	4406	8729
5	4365	4340	4316	8730
5	4365	4303	4364	8731
5	4389	4369	4352	8732
5	4409	4340	4365	8733
5	4367	4271	4329	8734
5	4373	4328	4366	8735
5	4464	4442	4392	8736
5	4439	4411	4367	8737
5	4368	4357	4299	8738
5	4368	4299	4321	8739
5	4408	4365	4364	8740
5	4370	4322	4369	8741
5	4424	4408	4412	8742
5	4414	4351	4403	8743
5	4569	4563	4523	8744
5	4445	4421	4414	8745
5	4462	4411	4439	8746
5	4446	4373	4396	8747
5	4462	4435	4372	8748
5	4373	4329	4328	8749
5	4374	4338	4311	8750
5	4374	4311	4347	8751
5	4426	4375	4330	8752
5	4444	4391	4443	8753
5	4535	4431	4463	8754
5	4513	4467	4465	8755
5	4567	4493	4545	8756
5	4377	4361	4346	8757
5	4613	4577	4547	8758
5	4556	4498	4550	8759
5	4428	4377	4379	8760
5	4479	4428	4440	8761
5	4469	4439	4416	8762
5	4525	4489	4488	8763
5	4467	4420	4465	8764
5	4463	4431	4375	8765
5	4410	4342	4298	8766
5	4440	4428	4379	8767
5	4392	4307	4354	8768
5	4657	4603	4655	8769
5	4384	4362	4312	8770
5	4384	4312	4344	8771
5	4415	4358	4385	8772
5	4385	4358	4370	8773
5	4483	4450	4433	8774
5	4405	4394	4356	8775
5	4420	4397	4331	8776
5	4473	4397	4467	8777
5	4388	4357	4353	8778
5	4388	4353	4304	8779
5	4413	4369	4389	8780
5	4413	4370	4369	8781
5	4396	4373	4366	8782
5	4395	4368	4334	8783
5	4451	4407	4406	8784
5	4508	4484	4438	8785
5	4442	4337	4392	8786
5	4441	4382	4377	8787
5	4403	4355	4393	8788
5	4445	4414	4403	8789
5	4394	4386	4359	8790
5	4394	4359	4356	8791
5	4526	4484	4508	8792
5	4404	4366	4320	8793
5	4515	4467	4513	8794
5	4574	4547	4501	8795
5	4465	4420	4430	8796
5	4588	4494	4548	8797
5	4398	4335	4324	8798
5	4398	4324	4338	8799
5	4401	4343	4332	8800
5	4402	4374	4347	8801
5	4603	4539	4571	8802
5	4425	4398	4338	8803
5	4666	4610	4598	8804
5	4506	4475	4441	8805
5	4540	4509	4458	8806
5	4429	4400	4335	8807
5	4450	4393	4433	8808
5	4405	4356	4371	8809
5	4485	4448	4484	8810
5	4449	4396	4404	8811
5	4627	4568	4529	8812
5	4490	4470	4453	8813
5	4463	4375	4426	8814
5	4557	4480	4519	8815
5	4481	4444	4443	8816
5	4452	4407	4451	8817
5	4409	4352	4340	8818
5	4409	4365	4408	8819
5	4409	4408	4389	8820
5	4409	4389	4352	8821
5	4416	4367	4329	8822
5	4411	4372	4300	8823
5	4462	4372	4411	8824
5	4416	4329	4373	8825
5	4412	4408	4364	8826
5	4412	4364	4350	8827
5	4421	4412	4414	8828
5	4413	4385	4370	8829
5	4414	4412	4350	8830
5	4414	4350	4351	8831
5	4415	4405	4371	8832
5	4415	4371	4358	8833
5	4498	4439	4469	8834
5	4440	4379	4342	8835
5	4417	4378	4345	8836
5	4417	4345	4387	8837
5	4442	4383	4337	8838
5	4566	4538	4543	8839
5	4447	4415	4419	8840
5	4419	4415	4385	8841
5	4537	4502	4473	8842
5	4515	4473	4467	8843
5	4585	4529	4565	8844
5	4424	4389	4408	8845
5	4504	4472	4422	8846
5	4503	4401	4471	8847
5	4542	4525	4488	8848
5	4501	4481	4443	8849
5	4453	4419	4385	8850
5	4436	4389	4424	8851
5	4476	4400	4429	8852
5	4450	4445	4403	8853
5	4467	4397	4420	8854
5	4502	4426	4473	8855
5	4583	4530	4582	8856
5	4492	4474	4437	8857
5	4531	4496	4464	8858
5	4597	4559	4558	8859
5	4539	4472	4504	8860
5	4571	4539	4504	8861
5	4430	4420	4381	8862
5	4430	4381	4348	8863
5	4431	4376	4333	8864
5	4431	4333	4375	8865
5	4528	4504	4503	8866
5	4699	4697	4658	8867
5	4604	4539	4603	8868
5	4505	4491	4487	8869
5	4570	4544	4492	8870
5	4457	4386	4427	8871
5	4478	4440	4410	8872
5	4478	4410	4435	8873
5	4477	4424	4421	8874
5	4453	4413	4436	8875
5	4474	4394	4437	8876
5	4474	4427	4394	8877
5	4446	4416	4373	8878
5	4439	4367	4416	8879
5	4448	4404	4390	8880
5	4571	4504	4528	8881
5	4479	4440	4478	8882
5	4506	4441	4480	8883
5	4517	4478	4435	8884
5	4480	4428	4479	8885
5	4475	4382	4441	8886
5	4496	4442	4464	8887
5	4466	4406	4423	8888
5	4537	4473	4515	8889
5	4466	4451	4406	8890
5	4482	4444	4481	8891
5	4492	4437	4461	8892
5	4453	4385	4413	8893
5	4542	4488	4512	8894
5	4589	4514	4549	8895
5	4447	4437	4405	8896
5	4447	4405	4415	8897
5	4508	4438	4489	8898
5	4449	4404	4448	8899
5	4556	4516	4498	8900
5	4469	4416	4446	8901
5	4540	4458	4495	8902
5	4477	4436	4424	8903
5	4452	4380	4349	8904
5	4452	4349	4407	8905
5	4484	4448	4395	8906
5	4489	4438	4380	8907
5	4470	4419	4453	8908
5	4491	4421	4445	8909
5	4454	4432	4399	8910
5	4454	4399	4383	8911
5	4455	4417	4387	8912
5	4455	4387	4434	8913
5	4456	4443	4376	8914
5	4456	4376	4431	8915
5	4582	4530	4544	8916
5	4583	4548	4530	8917
5	4458	4429	4398	8918
5	4458	4398	4425	8919
5	4459	4454	4383	8920
5	4459	4383	4442	8921
5	4460	4430	4378	8922
5	4460	4378	4417	8923
5	4461	4437	4447	8924
5	4487	4445	4450	8925
5	4510	4468	4507	8926
5	4484	4395	4438	8927
5	4649	4622	4579	8928
5	4535	4456	4431	8929
5	4519	4480	4479	8930
5	4475	4418	4382	8931
5	4584	4532	4502	8932
5	4541	4497	4455	8933
5	4600	4542	4512	8934
5	4580	4578	4564	8935
5	4511	4465	4460	8936
5	4513	4465	4511	8937
5	4468	4446	4396	8938
5	4468	4396	4449	8939
5	4525	4508	4489	8940
5	4488	4452	4451	8941
5	4486	4419	4470	8942
5	4486	4447	4419	8943
5	4528	4503	4471	8944
5	4504	4422	4503	8945
5	4472	4458	4425	8946
5	4472	4425	4422	8947
5	4553	4511	4497	8948
5	4502	4463	4426	8949
5	4544	4474	4492	8950
5	4509	4476	4429	8951
5	4480	4441	4428	8952
5	4545	4475	4506	8953
5	4546	4492	4461	8954
5	4487	4450	4483	8955
5	4490	4436	4477	8956
5	4490	4453	4436	8957
5	4507	4468	4485	8958
5	4498	4462	4439	8959
5	4510	4469	4446	8960
5	4519	4479	4518	8961
5	4516	4435	4462	8962
5	4518	4479	4478	8963
5	4482	4423	4384	8964
5	4482	4384	4444	8965
5	4674	4659	4616	8966
5	4521	4482	4520	8967
5	4569	4523	4536	8968
5	4551	4500	4476	8969
5	4485	4449	4448	8970
5	4485	4468	4449	8971
5	4517	4435	4516	8972
5	4677	4673	4636	8973
5	4546	4461	4522	8974
5	4486	4461	4447	8975
5	4527	4490	4477	8976
5	4523	4487	4483	8977
5	4489	4452	4488	8978
5	4489	4380	4452	8979
5	4611	4561	4577	8980
5	4526	4485	4484	8981
5	4527	4477	4491	8982
5	4491	4445	4487	8983
5	4527	4470	4490	8984
5	4491	4477	4421	8985
5	4652	4609	4588	8986
5	4582	4544	4570	8987
5	4493	4464	4418	8988
5	4493	4418	4475	8989
5	4494	4455	4434	8990
5	4494	4434	4457	8991
5	4509	4429	4458	8992
5	4495	4458	4472	8993
5	4531	4464	4493	8994
5	4558	4517	4516	8995
5	4497	4460	4417	8996
5	4497	4417	4455	8997
5	4518	4478	4517	8998
5	4516	4462	4498	8999
5	4499	4471	4432	9000
5	4499	4432	4454	9001
5	4500	4483	4433	9002
5	4500	4433	4476	9003
5	4520	4482	4481	9004
5	4547	4520	4481	9005
5	4535	4463	4532	9006
5	4532	4463	4502	9007
5	4607	4495	4604	9008
5	4503	4422	4402	9009
5	4549	4459	4496	9010
5	4655	4605	4639	9011
5	4565	4505	4563	9012
5	4527	4491	4505	9013
5	4606	4531	4567	9014
5	4590	4557	4519	9015
5	4510	4446	4468	9016
5	4550	4498	4469	9017
5	4534	4508	4533	9018
5	4561	4521	4520	9019
5	4536	4483	4500	9020
5	4607	4586	4540	9021
5	4558	4516	4556	9022
5	4564	4526	4534	9023
5	4609	4608	4587	9024
5	4541	4455	4494	9025
5	4512	4488	4451	9026
5	4512	4451	4466	9027
5	4592	4555	4554	9028
5	4619	4588	4548	9029
5	4514	4499	4454	9030
5	4514	4454	4459	9031
5	4555	4513	4554	9032
5	4576	4515	4555	9033
5	4674	4616	4644	9034
5	4560	4519	4518	9035
5	4578	4552	4564	9036
5	4559	4517	4558	9037
5	4632	4595	4620	9038
5	4620	4595	4557	9039
5	4634	4597	4596	9040
5	4559	4518	4517	9041
5	4521	4466	4423	9042
5	4521	4423	4482	9043
5	4909	4870	4819	9044
5	4562	4521	4561	9045
5	4563	4505	4523	9046
5	4694	4660	4614	9047
5	4570	4492	4546	9048
5	4523	4505	4487	9049
5	4524	4522	4486	9050
5	4524	4486	4470	9051
5	4598	4559	4597	9052
5	4648	4577	4613	9053
5	4534	4526	4508	9054
5	4526	4507	4485	9055
5	4568	4546	4522	9056
5	4527	4524	4470	9057
5	4617	4536	4572	9058
5	4754	4739	4744	9059
5	4565	4529	4524	9060
5	4536	4523	4483	9061
5	4777	4719	4774	9062
5	4530	4457	4427	9063
5	4567	4531	4493	9064
5	4589	4543	4514	9065
5	4648	4611	4577	9066
5	4626	4584	4537	9067
5	4613	4547	4574	9068
5	4576	4537	4515	9069
5	4560	4518	4559	9070
5	4550	4469	4510	9071
5	4579	4533	4525	9072
5	4547	4481	4501	9073
5	4658	4607	4604	9074
5	4664	4624	4641	9075
5	4584	4502	4537	9076
5	4711	4675	4685	9077
5	4538	4528	4471	9078
5	4538	4471	4499	9079
5	4647	4614	4586	9080
5	4586	4509	4540	9081
5	4586	4551	4509	9082
5	4551	4476	4509	9083
5	4554	4511	4553	9084
5	4609	4587	4541	9085
5	4611	4599	4561	9086
5	4649	4579	4637	9087
5	4543	4538	4499	9088
5	4543	4499	4514	9089
5	4544	4530	4427	9090
5	4544	4427	4474	9091
5	4712	4646	4693	9092
5	4606	4575	4531	9093
5	4607	4540	4495	9094
5	4615	4563	4569	9095
5	4574	4501	4535	9096
5	4880	4848	4845	9097
5	4588	4541	4494	9098
5	4548	4494	4457	9099
5	4621	4566	4543	9100
5	4549	4514	4459	9101
5	4596	4556	4594	9102
5	4590	4519	4560	9103
5	4572	4500	4551	9104
5	4678	4650	4615	9105
5	4552	4550	4510	9106
5	4552	4510	4507	9107
5	4777	4753	4719	9108
5	4592	4554	4591	9109
5	4619	4548	4583	9110
5	4591	4554	4553	9111
5	4651	4576	4618	9112
5	4745	4726	4741	9113
5	4593	4552	4578	9114
5	4632	4545	4595	9115
5	4620	4557	4590	9116
5	4557	4506	4480	9117
5	4579	4525	4542	9118
5	4595	4506	4557	9119
5	4593	4550	4552	9120
5	4594	4556	4550	9121
5	4666	4598	4635	9122
5	4596	4558	4556	9123
5	4562	4512	4466	9124
5	4562	4466	4521	9125
5	4902	4828	4866	9126
5	4677	4636	4640	9127
5	4568	4522	4529	9128
5	4585	4565	4563	9129
5	4564	4552	4507	9130
5	4564	4507	4526	9131
5	4565	4524	4527	9132
5	4565	4527	4505	9133
5	4621	4543	4589	9134
5	4716	4686	4667	9135
5	4681	4645	4610	9136
5	4712	4676	4646	9137
5	4609	4541	4588	9138
5	4625	4582	4624	9139
5	4779	4720	4746	9140
5	4641	4624	4602	9141
5	4624	4570	4602	9142
5	4617	4569	4536	9143
5	4581	4538	4566	9144
5	4604	4495	4539	9145
5	4650	4627	4585	9146
5	4655	4603	4605	9147
5	4574	4535	4573	9148
5	4573	4535	4532	9149
5	4599	4562	4561	9150
5	4763	4734	4689	9151
5	4575	4549	4496	9152
5	4575	4496	4531	9153
5	4638	4612	4584	9154
5	4665	4591	4608	9155
5	4577	4561	4520	9156
5	4577	4520	4547	9157
5	4580	4564	4534	9158
5	4622	4533	4579	9159
5	4630	4578	4623	9160
5	4580	4534	4533	9161
5	4690	4611	4648	9162
5	4622	4580	4533	9163
5	4581	4571	4528	9164
5	4581	4528	4538	9165
5	4732	4663	4703	9166
5	4678	4615	4643	9167
5	4703	4625	4664	9168
5	4701	4641	4661	9169
5	4638	4584	4626	9170
5	4747	4679	4713	9171
5	4615	4585	4563	9172
5	4627	4529	4585	9173
5	4667	4567	4632	9174
5	4693	4646	4621	9175
5	4587	4553	4497	9176
5	4587	4497	4541	9177
5	4713	4679	4654	9178
5	4653	4608	4609	9179
5	4715	4693	4642	9180
5	4776	4742	4709	9181
5	4736	4645	4681	9182
5	4707	4666	4635	9183
5	4704	4653	4696	9184
5	4766	4695	4727	9185
5	4848	4810	4845	9186
5	4713	4654	4675	9187
5	4597	4558	4596	9188
5	4594	4550	4593	9189
5	4662	4580	4622	9190
5	4623	4578	4580	9191
5	4667	4606	4567	9192
5	4595	4545	4506	9193
5	4630	4593	4578	9194
5	4631	4593	4630	9195
5	4709	4672	4671	9196
5	4635	4598	4597	9197
5	4631	4594	4593	9198
5	4633	4596	4594	9199
5	4600	4562	4599	9200
5	4600	4512	4562	9201
5	4633	4594	4631	9202
5	4637	4579	4542	9203
5	4601	4581	4566	9204
5	4676	4601	4646	9205
5	4602	4570	4546	9206
5	4602	4546	4568	9207
5	4698	4655	4682	9208
5	4768	4678	4725	9209
5	4657	4604	4603	9210
5	4650	4585	4615	9211
5	4605	4603	4571	9212
5	4605	4571	4581	9213
5	4628	4549	4575	9214
5	4716	4667	4680	9215
5	4647	4586	4607	9216
5	4646	4601	4566	9217
5	4608	4591	4553	9218
5	4608	4553	4587	9219
5	4717	4650	4678	9220
5	4625	4583	4582	9221
5	4610	4590	4560	9222
5	4610	4560	4598	9223
5	4735	4690	4695	9224
5	4636	4600	4599	9225
5	4612	4573	4532	9226
5	4612	4532	4584	9227
5	4640	4636	4599	9228
5	4719	4644	4683	9229
5	4614	4572	4551	9230
5	4614	4551	4586	9231
5	4660	4617	4572	9232
5	4661	4568	4627	9233
5	4616	4613	4574	9234
5	4616	4574	4573	9235
5	4725	4678	4643	9236
5	4643	4569	4617	9237
5	4618	4576	4555	9238
5	4618	4555	4592	9239
5	4652	4588	4619	9240
5	4683	4644	4612	9241
5	4671	4634	4633	9242
5	4749	4681	4729	9243
5	4676	4639	4601	9244
5	4628	4589	4549	9245
5	4932	4873	4888	9246
5	4742	4672	4709	9247
5	4640	4599	4611	9248
5	4687	4662	4622	9249
5	4775	4724	4740	9250
5	4797	4758	4732	9251
5	4720	4703	4664	9252
5	4643	4615	4569	9253
5	4689	4626	4651	9254
5	4763	4689	4651	9255
5	4663	4583	4625	9256
5	4661	4641	4602	9257
5	4714	4656	4686	9258
5	4680	4632	4620	9259
5	4629	4592	4591	9260
5	4665	4629	4591	9261
5	4803	4728	4761	9262
5	4634	4596	4633	9263
5	4669	4633	4631	9264
5	4635	4597	4634	9265
5	4681	4610	4666	9266
5	4632	4567	4545	9267
5	4672	4634	4671	9268
5	4687	4622	4649	9269
5	4668	4631	4630	9270
5	4730	4670	4692	9271
5	4709	4671	4708	9272
5	4672	4635	4634	9273
5	4637	4600	4636	9274
5	4637	4542	4600	9275
5	4662	4623	4580	9276
5	4680	4667	4632	9277
5	4651	4626	4576	9278
5	4755	4675	4711	9279
5	4639	4605	4601	9280
5	4849	4781	4823	9281
5	4752	4718	4735	9282
5	4814	4777	4774	9283
5	4764	4748	4737	9284
5	4660	4572	4614	9285
5	4642	4621	4589	9286
5	4642	4589	4628	9287
5	4739	4698	4710	9288
5	4684	4617	4660	9289
5	4644	4616	4573	9290
5	4644	4573	4612	9291
5	4645	4620	4590	9292
5	4645	4590	4610	9293
5	4693	4621	4642	9294
5	4849	4829	4781	9295
5	4699	4657	4698	9296
5	4684	4643	4617	9297
5	4722	4662	4687	9298
5	4690	4640	4611	9299
5	4708	4669	4705	9300
5	4723	4649	4673	9301
5	4724	4688	4701	9302
5	4661	4602	4568	9303
5	4794	4713	4755	9304
5	4683	4612	4638	9305
5	4665	4608	4653	9306
5	4653	4609	4652	9307
5	4704	4665	4653	9308
5	4704	4685	4665	9309
5	4654	4618	4592	9310
5	4654	4592	4629	9311
5	4698	4657	4655	9312
5	4658	4604	4657	9313
5	4656	4628	4575	9314
5	4656	4575	4606	9315
5	4748	4721	4737	9316
5	4658	4647	4607	9317
5	4799	4784	4748	9318
5	4829	4756	4781	9319
5	4659	4648	4613	9320
5	4659	4613	4616	9321
5	4757	4684	4721	9322
5	4821	4790	4750	9323
5	4700	4627	4650	9324
5	4700	4661	4627	9325
5	4669	4631	4668	9326
5	4671	4633	4669	9327
5	4702	4619	4663	9328
5	4663	4619	4583	9329
5	4801	4741	4773	9330
5	4664	4625	4624	9331
5	4778	4651	4679	9332
5	4877	4779	4817	9333
5	4729	4666	4707	9334
5	4759	4715	4691	9335
5	4715	4642	4691	9336
5	4714	4691	4656	9337
5	4735	4718	4690	9338
5	4820	4783	4776	9339
5	4761	4718	4752	9340
5	4707	4635	4672	9341
5	4670	4668	4630	9342
5	4670	4630	4623	9343
5	4762	4729	4707	9344
5	4692	4623	4662	9345
5	4731	4708	4705	9346
5	4762	4707	4742	9347
5	4673	4649	4637	9348
5	4673	4637	4636	9349
5	4774	4683	4734	9350
5	4878	4803	4841	9351
5	4675	4654	4629	9352
5	4703	4663	4625	9353
5	4838	4805	4816	9354
5	4836	4795	4744	9355
5	4921	4858	4881	9356
5	4803	4761	4780	9357
5	4732	4702	4663	9358
5	4771	4726	4745	9359
5	4679	4651	4618	9360
5	4679	4618	4654	9361
5	5001	4966	4941	9362
5	4680	4620	4645	9363
5	4765	4686	4716	9364
5	4708	4671	4669	9365
5	4682	4655	4639	9366
5	4733	4682	4639	9367
5	4842	4747	4819	9368
5	4719	4674	4644	9369
5	5058	5001	5021	9370
5	4694	4614	4647	9371
5	4685	4675	4629	9372
5	4685	4629	4665	9373
5	4686	4656	4606	9374
5	4686	4606	4667	9375
5	4692	4670	4623	9376
5	4705	4669	4668	9377
5	4688	4664	4641	9378
5	4757	4721	4748	9379
5	4734	4638	4689	9380
5	4689	4638	4626	9381
5	4766	4735	4695	9382
5	4807	4788	4769	9383
5	4691	4642	4628	9384
5	4691	4628	4656	9385
5	4765	4714	4686	9386
5	4772	4716	4680	9387
5	4733	4639	4676	9388
5	4836	4744	4785	9389
5	4751	4732	4703	9390
5	5133	5060	5082	9391
5	4695	4690	4648	9392
5	4695	4648	4659	9393
5	4696	4653	4652	9394
5	4779	4751	4720	9395
5	4697	4694	4647	9396
5	4697	4647	4658	9397
5	4699	4658	4657	9398
5	4965	4937	4909	9399
5	4790	4733	4750	9400
5	4764	4738	4754	9401
5	4701	4661	4700	9402
5	4701	4688	4641	9403
5	4916	4911	4913	9404
5	4905	4817	4857	9405
5	4702	4696	4652	9406
5	4702	4652	4619	9407
5	4720	4664	4688	9408
5	4809	4746	4724	9409
5	5095	232	5043	9410
5	4981	4951	4975	9411
5	4761	4677	4718	9412
5	4731	4705	4706	9413
5	4706	4705	4668	9414
5	4706	4668	4670	9415
5	4742	4707	4672	9416
5	4729	4681	4666	9417
5	4851	4835	4834	9418
5	4854	4783	4820	9419
5	4807	4767	4788	9420
5	4789	4769	4788	9421
5	4710	4698	4682	9422
5	4770	4682	4733	9423
5	4822	4794	4755	9424
5	5012	4946	4988	9425
5	4885	4816	4865	9426
5	4947	4888	4934	9427
5	4855	4822	4787	9428
5	4794	4747	4713	9429
5	4772	4680	4736	9430
5	4886	4849	4823	9431
5	4756	4712	4693	9432
5	4770	4710	4682	9433
5	4826	4796	4765	9434
5	4749	4736	4681	9435
5	4740	4724	4701	9436
5	4717	4700	4650	9437
5	4718	4677	4640	9438
5	4718	4640	4690	9439
5	4856	4841	4780	9440
5	4864	4791	4824	9441
5	4901	4813	4837	9442
5	4751	4703	4720	9443
5	4721	4684	4660	9444
5	4721	4660	4694	9445
5	4730	4706	4670	9446
5	4722	4692	4662	9447
5	4723	4722	4687	9448
5	4723	4687	4649	9449
5	4740	4700	4717	9450
5	4725	4643	4684	9451
5	4740	4701	4700	9452
5	4818	4784	4799	9453
5	4726	4711	4685	9454
5	4726	4685	4704	9455
5	4727	4695	4659	9456
5	4727	4659	4674	9457
5	4728	4723	4673	9458
5	4728	4673	4677	9459
5	4783	4742	4776	9460
5	4736	4680	4645	9461
5	4743	4708	4731	9462
5	4731	4706	4730	9463
5	4858	4793	4835	9464
5	4793	4776	4743	9465
5	4758	4702	4732	9466
5	4850	4846	4812	9467
5	4756	4693	4715	9468
5	4785	4710	4770	9469
5	4774	4719	4683	9470
5	4734	4683	4638	9471
5	4791	4735	4766	9472
5	4883	4864	4824	9473
5	4806	4716	4772	9474
5	4879	4806	4843	9475
5	4737	4721	4694	9476
5	4737	4694	4697	9477
5	4738	4737	4697	9478
5	4738	4697	4699	9479
5	4739	4738	4699	9480
5	4739	4699	4698	9481
5	4799	4748	4764	9482
5	4757	4725	4684	9483
5	4741	4726	4704	9484
5	4741	4704	4696	9485
5	4793	4743	4760	9486
5	4767	4723	4728	9487
5	4776	4709	4743	9488
5	4743	4709	4708	9489
5	4744	4739	4710	9490
5	4785	4744	4710	9491
5	4773	4741	4696	9492
5	4859	4785	4815	9493
5	4746	4720	4688	9494
5	4746	4688	4724	9495
5	4833	4763	4778	9496
5	4755	4713	4675	9497
5	4754	4738	4739	9498
5	4805	4754	4795	9499
5	4811	4736	4749	9500
5	4806	4765	4716	9501
5	4750	4733	4676	9502
5	4750	4676	4712	9503
5	4758	4696	4702	9504
5	4801	4745	4741	9505
5	4778	4679	4747	9506
5	4875	4842	4870	9507
5	4753	4727	4674	9508
5	4753	4674	4719	9509
5	4764	4737	4738	9510
5	4890	4853	4818	9511
5	4771	4711	4726	9512
5	4982	4959	4919	9513
5	5128	5067	5084	9514
5	4759	4691	4714	9515
5	4800	4775	4786	9516
5	4768	4717	4678	9517
5	4773	4696	4758	9518
5	4845	4810	4745	9519
5	4914	4897	4849	9520
5	4821	4750	4782	9521
5	4760	4743	4731	9522
5	4789	4730	4769	9523
5	4803	4767	4728	9524
5	4761	4728	4677	9525
5	4820	4776	4793	9526
5	4918	4889	4896	9527
5	4804	4774	4734	9528
5	4798	4727	4753	9529
5	4923	4867	4908	9530
5	4784	4757	4748	9531
5	4904	4827	4863	9532
5	4915	4852	4882	9533
5	4804	4734	4763	9534
5	4828	4753	4777	9535
5	4791	4752	4735	9536
5	4807	4723	4767	9537
5	4808	4725	4757	9538
5	4892	4857	4825	9539
5	4769	4730	4692	9540
5	4769	4692	4722	9541
5	4790	4770	4733	9542
5	4903	4879	4843	9543
5	4855	4787	4830	9544
5	5078	5043	232	9545
5	4826	4765	4806	9546
5	4831	4762	4783	9547
5	4797	4732	4751	9548
5	4812	4758	4797	9549
5	4978	4939	4902	9550
5	4814	4774	4804	9551
5	4825	4809	4775	9552
5	4809	4724	4775	9553
5	4783	4762	4742	9554
5	4835	4793	4760	9555
5	4798	4766	4727	9556
5	4864	4832	4791	9557
5	4833	4804	4763	9558
5	4778	4763	4651	9559
5	4850	4812	4813	9560
5	4837	4751	4779	9561
5	4780	4761	4752	9562
5	5000	4958	4940	9563
5	4781	4756	4715	9564
5	4781	4715	4759	9565
5	4782	4750	4712	9566
5	4782	4712	4756	9567
5	4941	4904	4863	9568
5	4992	4922	4963	9569
5	4786	4717	4768	9570
5	4808	4768	4725	9571
5	4829	4782	4756	9572
5	4872	4825	4775	9573
5	4786	4775	4740	9574
5	4786	4740	4717	9575
5	4787	4755	4711	9576
5	4787	4711	4771	9577
5	4802	4760	4731	9578
5	4789	4731	4730	9579
5	4802	4731	4789	9580
5	4834	4760	4802	9581
5	5028	4950	4993	9582
5	4873	4790	4821	9583
5	4891	4841	4856	9584
5	4866	4777	4814	9585
5	4792	4749	4729	9586
5	4792	4729	4762	9587
5	4835	4760	4834	9588
5	4827	4811	4749	9589
5	4847	4794	4822	9590
5	4948	4898	4937	9591
5	4795	4754	4744	9592
5	4865	4795	4836	9593
5	4796	4759	4714	9594
5	4796	4714	4765	9595
5	4890	4818	4867	9596
5	5062	5013	5008	9597
5	4982	4919	4956	9598
5	4828	4798	4753	9599
5	4865	4816	4795	9600
5	4867	4818	4838	9601
5	4800	4786	4768	9602
5	4808	4800	4768	9603
5	4906	4865	4836	9604
5	4845	4745	4801	9605
5	4839	4789	4788	9606
5	4966	4904	4941	9607
5	4922	4854	4893	9608
5	4840	4767	4803	9609
5	4871	4804	4833	9610
5	4871	4814	4804	9611
5	4805	4799	4764	9612
5	4805	4764	4754	9613
5	4811	4772	4736	9614
5	4914	4849	4886	9615
5	4807	4769	4722	9616
5	4807	4722	4723	9617
5	4808	4757	4784	9618
5	4844	4808	4784	9619
5	4924	4882	4879	9620
5	4837	4797	4751	9621
5	4810	4771	4745	9622
5	4905	4877	4817	9623
5	4831	4792	4762	9624
5	4895	4831	4854	9625
5	4846	4773	4812	9626
5	4812	4773	4758	9627
5	4813	4812	4797	9628
5	4837	4813	4797	9629
5	4998	4925	4972	9630
5	4894	4856	4832	9631
5	4815	4785	4770	9632
5	4815	4770	4790	9633
5	4816	4805	4795	9634
5	5069	4984	5011	9635
5	4817	4779	4746	9636
5	4817	4746	4809	9637
5	4913	4853	4890	9638
5	4933	4880	4899	9639
5	4819	4747	4794	9640
5	4822	4755	4787	9641
5	4854	4831	4783	9642
5	4843	4772	4811	9643
5	4873	4815	4790	9644
5	4906	4836	4859	9645
5	4847	4819	4794	9646
5	4972	4925	4898	9647
5	4823	4781	4759	9648
5	4823	4759	4796	9649
5	4824	4791	4766	9650
5	4824	4766	4798	9651
5	4916	4913	4890	9652
5	4857	4817	4809	9653
5	4958	4903	4940	9654
5	4827	4749	4792	9655
5	4903	4843	4874	9656
5	4904	4874	4827	9657
5	5076	5025	5071	9658
5	4972	4898	4948	9659
5	4879	4826	4806	9660
5	5047	5004	5017	9661
5	4830	4787	4771	9662
5	4830	4771	4810	9663
5	4895	4863	4831	9664
5	4858	4820	4793	9665
5	4832	4780	4752	9666
5	4832	4752	4791	9667
5	4866	4828	4777	9668
5	4925	4871	4875	9669
5	4876	4788	4840	9670
5	4840	4788	4767	9671
5	4856	4780	4832	9672
5	4928	4841	4891	9673
5	4859	4836	4785	9674
5	4897	4829	4849	9675
5	4951	4933	4938	9676
5	4877	4837	4779	9677
5	4838	4818	4799	9678
5	4838	4799	4805	9679
5	4839	4834	4802	9680
5	4839	4802	4789	9681
5	5143	5129	5081	9682
5	4921	4893	4858	9683
5	5044	4992	5024	9684
5	4841	4803	4780	9685
5	4842	4833	4778	9686
5	4842	4778	4747	9687
5	4886	4823	4852	9688
5	4843	4806	4772	9689
5	4997	4914	4954	9690
5	4844	4800	4808	9691
5	5144	5104	5115	9692
5	4861	4810	4848	9693
5	4899	4801	4846	9694
5	4846	4801	4773	9695
5	5077	5057	5014	9696
5	4925	4875	4898	9697
5	5037	4957	4994	9698
5	4942	4907	4848	9699
5	4941	4863	4895	9700
5	5004	4932	4947	9701
5	4901	4837	4877	9702
5	4857	4809	4825	9703
5	4939	4860	4902	9704
5	5060	5015	4996	9705
5	4852	4823	4796	9706
5	4852	4796	4826	9707
5	4853	4844	4784	9708
5	4853	4784	4818	9709
5	4958	4924	4903	9710
5	4924	4879	4903	9711
5	4861	4830	4810	9712
5	5078	232	233	9713
5	4960	4920	4889	9714
5	5015	4983	4960	9715
5	4976	4905	4929	9716
5	4929	4857	4892	9717
5	4960	4889	4918	9718
5	4889	4851	4869	9719
5	5006	4935	4976	9720
5	5047	5018	5004	9721
5	4860	4824	4798	9722
5	4860	4798	4828	9723
5	5117	233	234	9724
5	4961	4880	4933	9725
5	4862	4821	4782	9726
5	4862	4782	4829	9727
5	4863	4827	4792	9728
5	4863	4792	4831	9729
5	5005	4948	4937	9730
5	4883	4824	4860	9731
5	4932	4900	4873	9732
5	4923	4890	4867	9733
5	4910	4866	4814	9734
5	4996	4918	4974	9735
5	4885	4868	4816	9736
5	4908	4867	4868	9737
5	4868	4867	4838	9738
5	4868	4838	4816	9739
5	4869	4851	4834	9740
5	4869	4834	4839	9741
5	4870	4842	4819	9742
5	4909	4819	4847	9743
5	4937	4898	4870	9744
5	4910	4814	4871	9745
5	4872	4775	4800	9746
5	5017	4947	4984	9747
5	4897	4862	4829	9748
5	4954	4914	4886	9749
5	4874	4843	4811	9750
5	4874	4811	4827	9751
5	4875	4871	4833	9752
5	4875	4833	4842	9753
5	4876	4869	4839	9754
5	4876	4839	4788	9755
5	4987	4971	4977	9756
5	4929	4905	4857	9757
5	4928	4912	4878	9758
5	4878	4840	4803	9759
5	4872	4800	4844	9760
5	4913	4844	4853	9761
5	4988	4946	4957	9762
5	4899	4846	4850	9763
5	4881	4858	4835	9764
5	4881	4835	4851	9765
5	4882	4852	4826	9766
5	4882	4826	4879	9767
5	5042	4972	5009	9768
5	4894	4832	4864	9769
5	4884	4847	4822	9770
5	4884	4822	4855	9771
5	5093	5047	5017	9772
5	5079	5050	5016	9773
5	4915	4886	4852	9774
5	4934	4888	4862	9775
5	4887	4855	4830	9776
5	4887	4830	4861	9777
5	4888	4873	4821	9778
5	4888	4821	4862	9779
5	4928	4878	4841	9780
5	5163	5120	5160	9781
5	5080	5063	5028	9782
5	4975	4901	4935	9783
5	4912	4840	4878	9784
5	5106	5066	5073	9785
5	5038	4971	4987	9786
5	5080	5028	5050	9787
5	4893	4854	4820	9788
5	4893	4820	4858	9789
5	4936	4864	4883	9790
5	4936	4894	4864	9791
5	5044	5021	4992	9792
5	4922	4895	4854	9793
5	4896	4889	4869	9794
5	4896	4869	4876	9795
5	5090	5011	5053	9796
5	4964	4934	4897	9797
5	4898	4875	4870	9798
5	4965	4909	4917	9799
5	4899	4880	4845	9800
5	4899	4845	4801	9801
5	4900	4859	4815	9802
5	4900	4815	4873	9803
5	4938	4850	4901	9804
5	4901	4850	4813	9805
5	4944	4866	4910	9806
5	4902	4860	4828	9807
5	4940	4903	4874	9808
5	5031	4966	5001	9809
5	4940	4874	4904	9810
5	4967	4895	4922	9811
5	5022	4968	4995	9812
5	4916	4892	4911	9813
5	5156	215	216	9814
5	5050	5028	4993	9815
5	4907	4861	4848	9816
5	4942	4848	4880	9817
5	4943	4908	4868	9818
5	4943	4868	4885	9819
5	4937	4870	4909	9820
5	5046	4980	5012	9821
5	5200	5143	5176	9822
5	4944	4910	4925	9823
5	4911	4892	4825	9824
5	4911	4825	4872	9825
5	4912	4896	4876	9826
5	4912	4876	4840	9827
5	4913	4911	4872	9828
5	4913	4872	4844	9829
5	5035	4997	4954	9830
5	4934	4862	4897	9831
5	5007	4924	4958	9832
5	4964	4897	4914	9833
5	4994	4942	4961	9834
5	4990	4929	4973	9835
5	4917	4909	4847	9836
5	4917	4847	4884	9837
5	4939	4883	4860	9838
5	4952	4891	4927	9839
5	4919	4884	4855	9840
5	4919	4855	4887	9841
5	4920	4881	4851	9842
5	4920	4851	4889	9843
5	5143	5081	5133	9844
5	5082	5060	5026	9845
5	4966	4940	4904	9846
5	5052	5024	4991	9847
5	4995	4968	4923	9848
5	4995	4923	4971	9849
5	4967	4941	4895	9850
5	5103	5010	5056	9851
5	5054	5039	5042	9852
5	4925	4910	4871	9853
5	4926	4885	4865	9854
5	4926	4865	4906	9855
5	4927	4891	4856	9856
5	4927	4856	4894	9857
5	4928	4896	4912	9858
5	5070	5054	5009	9859
5	4973	4892	4916	9860
5	4935	4877	4905	9861
5	4930	4906	4859	9862
5	4930	4859	4900	9863
5	4931	4887	4861	9864
5	4931	4861	4907	9865
5	5170	5153	5124	9866
5	4928	4918	4896	9867
5	4961	4942	4880	9868
5	4935	4901	4877	9869
5	4997	4964	4914	9870
5	4947	4932	4888	9871
5	4976	4935	4905	9872
5	4973	4929	4892	9873
5	4974	4891	4952	9874
5	5026	4974	4952	9875
5	5013	4965	5008	9876
5	5039	4985	4978	9877
5	4938	4933	4899	9878
5	4938	4899	4850	9879
5	5102	5054	5100	9880
5	5034	4970	4985	9881
5	5101	5021	5044	9882
5	5114	5084	5059	9883
5	5001	4941	4967	9884
5	4996	4960	4918	9885
5	5012	4980	4946	9886
5	5032	4961	5003	9887
5	5002	4943	4950	9888
5	5022	4916	4968	9889
5	4978	4902	4944	9890
5	4944	4902	4866	9891
5	4945	4915	4882	9892
5	4945	4882	4924	9893
5	4946	4931	4907	9894
5	5003	4933	4951	9895
5	5028	5002	4950	9896
5	5004	4962	4932	9897
5	5005	4937	4965	9898
5	5111	5077	235	9899
5	4949	4927	4894	9900
5	4949	4894	4936	9901
5	4950	4943	4885	9902
5	4950	4885	4926	9903
5	5091	5033	5066	9904
5	5006	4981	4975	9905
5	5026	4996	4974	9906
5	5055	5034	4985	9907
5	4953	4921	4881	9908
5	4953	4881	4920	9909
5	4979	4915	4945	9910
5	4979	4955	4915	9911
5	4955	4954	4886	9912
5	4955	4886	4915	9913
5	4956	4919	4887	9914
5	4956	4887	4931	9915
5	4957	4946	4907	9916
5	4957	4907	4942	9917
5	5085	5031	5058	9918
5	5067	4979	5030	9919
5	4959	4917	4884	9920
5	4959	4884	4919	9921
5	5060	4996	5026	9922
5	5031	5000	4966	9923
5	5141	5061	5105	9924
5	5003	4961	4933	9925
5	4962	4930	4900	9926
5	4962	4900	4932	9927
5	4963	4922	4893	9928
5	4963	4893	4921	9929
5	5175	212	213	9930
5	5132	5069	5090	9931
5	5171	239	5148	9932
5	5040	4948	5005	9933
5	5000	4940	4966	9934
5	5059	5030	5007	9935
5	5024	4963	4991	9936
5	4992	4967	4922	9937
5	4968	4916	4890	9938
5	4968	4890	4923	9939
5	4969	4926	4906	9940
5	4969	4906	4930	9941
5	4970	4936	4883	9942
5	4970	4883	4939	9943
5	4971	4923	4908	9944
5	5097	5019	5049	9945
5	4998	4944	4925	9946
5	5144	5116	5104	9947
5	5006	4975	4935	9948
5	5049	5019	5022	9949
5	4974	4918	4928	9950
5	4974	4928	4891	9951
5	4975	4951	4938	9952
5	4975	4938	4901	9953
5	5187	243	5160	9954
5	5033	4981	5006	9955
5	4977	4971	4908	9956
5	4977	4908	4943	9957
5	5086	5070	5040	9958
5	5034	4999	4970	9959
5	5035	4954	5027	9960
5	5059	5007	5010	9961
5	4980	4956	4931	9962
5	4980	4931	4946	9963
5	4990	4976	4929	9964
5	5065	4981	5033	9965
5	5111	5057	5077	9966
5	5057	5036	4982	9967
5	4983	4953	4920	9968
5	4983	4920	4960	9969
5	4984	4947	4934	9970
5	4984	4934	4964	9971
5	4985	4970	4939	9972
5	4985	4939	4978	9973
5	4986	4952	4927	9974
5	4986	4927	4949	9975
5	5002	4977	4943	9976
5	5050	4993	5016	9977
5	5105	5029	5065	9978
5	5037	4988	4957	9979
5	4989	4969	4930	9980
5	4989	4930	4962	9981
5	5065	5029	4981	9982
5	5066	5033	5041	9983
5	4991	4963	4921	9984
5	4991	4921	4953	9985
5	5025	4953	4983	9986
5	5071	4983	5015	9987
5	4993	4950	4926	9988
5	4993	4926	4969	9989
5	5204	213	214	9990
5	4994	4957	4942	9991
5	5038	4995	4971	9992
5	5070	5009	5040	9993
5	5015	4960	4996	9994
5	5026	4952	4986	9995
5	5017	5004	4947	9996
5	5172	5156	216	9997
5	5039	4978	4998	9998
5	4998	4978	4944	9999
5	4999	4949	4936	10000
5	4999	4936	4970	10001
5	5108	5074	5027	10002
5	5007	4945	4924	10003
5	5024	4992	4963	10004
5	5225	5200	5218	10005
5	5068	4987	5020	10006
5	5150	5079	5110	10007
5	5032	4994	4961	10008
5	5094	4994	5032	10009
5	5069	5017	4984	10010
5	5090	5069	5011	10011
5	5013	5005	4965	10012
5	5040	5009	4948	10013
5	5041	4976	4990	10014
5	5091	5065	5033	10015
5	5112	5099	5074	10016
5	5056	5000	5031	10017
5	5008	4965	4917	10018
5	5008	4917	4959	10019
5	5055	4985	5039	10020
5	5009	4972	4948	10021
5	5010	5007	4958	10022
5	5010	4958	5000	10023
5	5011	4984	4964	10024
5	5011	4964	4997	10025
5	5014	4982	4956	10026
5	5014	4956	4980	10027
5	5221	5203	245	10028
5	5116	5064	5104	10029
5	5117	5078	233	10030
5	5077	5014	5046	10031
5	5118	5044	5089	10032
5	5025	4991	4953	10033
5	5016	4993	4969	10034
5	5016	4969	4989	10035
5	5142	5135	5093	10036
5	5175	5142	5132	10037
5	5018	4989	4962	10038
5	5018	4962	5004	10039
5	5019	4990	4973	10040
5	5073	4990	5019	10041
5	5020	4987	4977	10042
5	5020	4977	5002	10043
5	5021	5001	4967	10044
5	5021	4967	4992	10045
5	5022	5019	4973	10046
5	5022	4973	4916	10047
5	5023	4986	4949	10048
5	5023	4949	4999	10049
5	5188	5119	5154	10050
5	5056	5010	5000	10051
5	5071	5025	4983	10052
5	5052	4991	5025	10053
5	5120	5083	5102	10054
5	5082	5026	5045	10055
5	5027	4954	4955	10056
5	5027	4955	4979	10057
5	5079	5016	5048	10058
5	5216	228	5179	10059
5	5029	5003	4951	10060
5	5029	4951	4981	10061
5	5030	4979	4945	10062
5	5030	4945	5007	10063
5	5081	5015	5060	10064
5	5058	5031	5001	10065
5	5121	5088	5094	10066
5	5095	5043	5072	10067
5	5198	222	5194	10068
5	5123	5091	5066	10069
5	5126	5051	5083	10070
5	5173	5145	5163	10071
5	5125	5053	5099	10072
5	5125	5090	5053	10073
5	5036	5008	4959	10074
5	5036	4959	4982	10075
5	5136	231	5095	10076
5	5204	5175	213	10077
5	5075	5038	4987	10078
5	5049	4995	5038	10079
5	5126	5098	5051	10080
5	5055	5039	5054	10081
5	5102	5055	5054	10082
5	5100	5054	5070	10083
5	5041	5033	5006	10084
5	5041	5006	4976	10085
5	5042	5039	4998	10086
5	5042	4998	4972	10087
5	5043	5012	4988	10088
5	5095	231	232	10089
5	5119	5085	5058	10090
5	5169	5085	5119	10091
5	5045	5026	4986	10092
5	5045	4986	5023	10093
5	5057	4982	5014	10094
5	5046	5014	4980	10095
5	5172	5150	5110	10096
5	5127	5050	5079	10097
5	5048	5016	4989	10098
5	5048	4989	5018	10099
5	5182	209	210	10100
5	5181	5161	5167	10101
5	5127	5080	5050	10102
5	5172	5110	5156	10103
5	5051	5023	4999	10104
5	5051	4999	5034	10105
5	5076	5052	5025	10106
5	5118	5101	5044	10107
5	5053	5011	4997	10108
5	5053	4997	5035	10109
5	5054	5042	5009	10110
5	5086	5040	5064	10111
5	5163	5126	5120	10112
5	5193	243	244	10113
5	5067	5027	4979	10114
5	5103	5059	5010	10115
5	5133	5081	5060	10116
5	5062	5008	5036	10117
5	5085	5056	5031	10118
5	5199	5146	5190	10119
5	5101	5058	5021	10120
5	5149	5125	5099	10121
5	5212	5170	5201	10122
5	5218	5200	5176	10123
5	5061	5032	5003	10124
5	5061	5003	5029	10125
5	5115	5062	5087	10126
5	5115	5104	5062	10127
5	5063	5020	5002	10128
5	5063	5002	5028	10129
5	5064	5040	5005	10130
5	5064	5005	5013	10131
5	5094	5032	5061	10132
5	5130	5065	5091	10133
5	5164	5131	5107	10134
5	5049	5022	4995	10135
5	5108	5027	5067	10136
5	5215	209	5162	10137
5	5137	5063	5080	10138
5	5131	5068	5107	10139
5	5132	5093	5069	10140
5	5175	5132	5155	10141
5	5075	4987	5068	10142
5	5106	5073	5097	10143
5	5196	5176	5153	10144
5	5081	5071	5015	10145
5	5072	5043	4988	10146
5	5072	4988	5037	10147
5	5073	5066	5041	10148
5	5073	5041	4990	10149
5	5074	5035	5027	10150
5	5206	5162	5128	10151
5	5097	5073	5019	10152
5	5122	5075	5096	10153
5	5089	5044	5024	10154
5	5089	5024	5052	10155
5	5117	5046	5078	10156
5	5077	234	235	10157
5	5078	5046	5012	10158
5	5078	5012	5043	10159
5	5150	5127	5079	10160
5	5151	5137	5080	10161
5	5151	5080	5127	10162
5	5131	5096	5068	10163
5	5176	5143	5133	10164
5	5152	5113	5076	10165
5	5168	5139	5100	10166
5	5227	5218	5196	10167
5	5083	5051	5034	10168
5	5083	5034	5055	10169
5	5084	5067	5030	10170
5	5084	5030	5059	10171
5	5157	5114	5103	10172
5	5114	5059	5103	10173
5	5138	5070	5086	10174
5	5102	5083	5055	10175
5	5087	5062	5036	10176
5	5087	5036	5057	10177
5	5088	5072	5037	10178
5	5136	5095	5072	10179
5	5213	5190	5210	10180
5	5196	5153	5170	10181
5	5202	5157	5195	10182
5	5093	5017	5069	10183
5	5185	5165	5123	10184
5	5130	5105	5065	10185
5	5092	5048	5018	10186
5	5092	5018	5047	10187
5	5156	5110	5092	10188
5	5142	5093	5132	10189
5	5094	5088	5037	10190
5	5094	5037	4994	10191
5	5136	5072	5088	10192
5	5136	230	231	10193
5	5096	5075	5068	10194
5	5137	5107	5063	10195
5	5109	5038	5075	10196
5	5123	5066	5106	10197
5	5098	5045	5023	10198
5	5098	5023	5051	10199
5	5099	5053	5035	10200
5	5099	5035	5074	10201
5	5148	5086	5116	10202
5	5178	5135	5142	10203
5	5226	203	204	10204
5	5119	5058	5101	10205
5	5163	5145	5126	10206
5	5126	5083	5120	10207
5	5157	5103	5140	10208
5	5128	5108	5067	10209
5	5104	5064	5013	10210
5	5104	5013	5062	10211
5	5158	5141	5105	10212
5	5105	5061	5029	10213
5	5134	5106	5097	10214
5	5122	5109	5075	10215
NPOIN= 5233
9.997500181200000e-01	-3.632750932557664e-05	0
9.990000128750000e-01	-1.451618405506983e-04	1
9.977599978450000e-01	-3.241034021564088e-04	2
9.960200190539999e-01	-5.715594432915621e-04	3
9.937800168990000e-01	-8.807997955218780e-04	4
9.910500049590000e-01	-1.239151179920762e-03	5
9.878399968150000e-01	-1.630570691051538e-03	6
9.841300249100000e-01	-2.042413500973549e-03	7
9.799500107769999e-01	-2.461669303168391e-03	8
9.752799868580000e-01	-2.891422718041864e-03	9
9.701499938960000e-01	-3.342889759532148e-03	10
9.645400047300000e-01	-3.841933975446818e-03	11
9.584699869160000e-01	-4.413506401050767e-03	12
9.519400000570000e-01	-5.078188913008628e-03	13
9.449599981310000e-01	-5.843355162307634e-03	14
9.375399947170000e-01	-6.703089315555831e-03	15
9.296900033950000e-01	-7.642131461778856e-03	16
9.214000105860000e-01	-8.644464127403037e-03	17
9.126999974250000e-01	-9.691420478177835e-03	18
9.035800099370001e-01	-1.077424431616375e-02	19
8.940600156780000e-01	-1.188600318822981e-02	20
8.841500282290000e-01	-1.302497405178683e-02	21
8.738499879840000e-01	-1.419258662481458e-02	22
8.631799817090000e-01	-1.538832669262175e-02	23
8.521599769590000e-01	-1.661110922559651e-02	24
8.407700061800000e-01	-1.786328525122395e-02	25
8.290500044819999e-01	-1.913970468701792e-02	26
8.170099854470000e-01	-2.043794134787140e-02	27
8.046399950980000e-01	-2.175736220455812e-02	28
7.919700145720000e-01	-2.309293427041568e-02	29
7.790099978450000e-01	-2.444180135379937e-02	30
7.657799720760000e-01	-2.580013228774482e-02	31
7.522799968720000e-01	-2.716621491335668e-02	32
7.385200262070000e-01	-2.853733414068349e-02	33
7.245299816130000e-01	-2.990884515296795e-02	34
7.103199958800001e-01	-3.127812303824791e-02	35
6.958900094030001e-01	-3.264349009392684e-02	36
6.812700033190000e-01	-3.400042034424978e-02	37
6.664699912070000e-01	-3.534631821662861e-02	38
6.514999866490000e-01	-3.667857841900279e-02	39
6.363800168040000e-01	-3.799372632430127e-02	40
6.211299896240000e-01	-3.928837382380625e-02	41
6.057599782940000e-01	-4.056001717754696e-02	42
5.902799963950000e-01	-4.180615401414904e-02	43
5.747100114820000e-01	-4.302350687348269e-02	44
5.590599775310000e-01	-4.420962681654067e-02	45
5.433599948880000e-01	-4.536059455208366e-02	46
5.276100039480000e-01	-4.647476679708552e-02	47
5.118399858470000e-01	-4.754835943921355e-02	48
4.960500001910000e-01	-4.857968041371024e-02	49
4.802699983120000e-01	-4.956505433526885e-02	50
4.645099937920000e-01	-5.050214030568005e-02	51
4.487800002100000e-01	-5.138853618723849e-02	52
4.331099987030000e-01	-5.222073986729056e-02	53
4.174999892710000e-01	-5.299687974730272e-02	54
4.019699990750000e-01	-5.371397440008520e-02	55
3.865399956700000e-01	-5.436910168252872e-02	56
3.712300062180000e-01	-5.495940304810827e-02	57
3.560400009160000e-01	-5.548274850615558e-02	58
3.409900069240000e-01	-5.593619038505705e-02	59
3.261100053790000e-01	-5.631664014019815e-02	60
3.113999962810000e-01	-5.662186616914405e-02	61
2.968699932100000e-01	-5.684924380485135e-02	62
2.825500071050000e-01	-5.699593124210945e-02	63
2.684499919410000e-01	-5.705952209864843e-02	64
2.545700073240000e-01	-5.703753900583937e-02	65
2.409400045870000e-01	-5.692756458014200e-02	66
2.275699973110000e-01	-5.672734322773188e-02	67
2.144699990750000e-01	-5.643464217477982e-02	68
2.016600072380000e-01	-5.604760313014793e-02	69
1.891400069000000e-01	-5.556389378417861e-02	70
1.769299954180000e-01	-5.498194027554206e-02	71
1.650400012730000e-01	-5.430000217072399e-02	72
1.534900069240000e-01	-5.351717466504206e-02	73
1.422899961470000e-01	-5.263228574124101e-02	74
1.314399987460000e-01	-5.164337533899478e-02	75
1.209499984980000e-01	-5.054925080558488e-02	76
1.108499988910000e-01	-4.935140462174045e-02	77
1.011300012470000e-01	-4.804710614007732e-02	78
9.181000292300000e-02	-4.663738501197107e-02	79
8.290000259900000e-02	-4.512248752650461e-02	80
7.440000027400000e-02	-4.350102846180223e-02	81
6.633000075800000e-02	-4.177564290688700e-02	82
5.869000032500000e-02	-3.994538204232261e-02	83
5.149000138000000e-02	-3.801161382411441e-02	84
4.473999887700000e-02	-3.597636217458817e-02	85
3.844000026600000e-02	-3.383892163209789e-02	86
3.260000050100000e-02	-3.160195681487016e-02	87
2.723000012300000e-02	-2.926930545288193e-02	88
2.232000045500000e-02	-2.683589565382764e-02	89
1.789999939500000e-02	-2.431718965307175e-02	90
1.394999958600000e-02	-2.170272818447304e-02	91
1.049000024800000e-02	-1.900633147401887e-02	92
7.519999985000000e-03	-1.623161906971898e-02	93
5.040000193000000e-03	-1.338259512455653e-02	94
3.049999941000000e-03	-1.046317302936611e-02	95
1.560000004000000e-03	-7.498650439931065e-03	96
5.600000150000000e-04	-4.480045071129707e-03	97
5.999999800000000e-05	-1.444769385605620e-03	98
0.000000000000000e+00	0.000000000000000e+00	99
5.999999800000000e-05	1.462441394095593e-03	100
5.600000150000000e-04	4.529786264954652e-03	101
1.560000004000000e-03	7.546672398213733e-03	102
3.049999941000000e-03	1.046721991704350e-02	103
5.040000193000000e-03	1.329744896977923e-02	104
7.519999985000000e-03	1.601232607245321e-02	105
1.049000024800000e-02	1.860938629269421e-02	106
1.394999958600000e-02	2.108703780999774e-02	107
1.789999939500000e-02	2.344479817441128e-02	108
2.232000045500000e-02	2.567386465186337e-02	109
2.723000012300000e-02	2.778752820573182e-02	110
3.260000050100000e-02	2.977674173891281e-02	111
3.844000026600000e-02	3.165063992568434e-02	112
4.473999887700000e-02	3.341092413055034e-02	113
5.149000138000000e-02	3.506055912861322e-02	114
5.869000032500000e-02	3.660538686867524e-02	115
6.633000075800000e-02	3.804913036745253e-02	116
7.440000027400000e-02	3.939612231152170e-02	117
8.290000259900000e-02	4.065251548102307e-02	118
9.181000292300000e-02	4.182165931102542e-02	119
1.011300012470000e-01	4.290995562932715e-02	120
1.108499988910000e-01	4.392244680381646e-02	121
1.209499984980000e-01	4.486341461130749e-02	122
1.314399987460000e-01	4.573992269478125e-02	123
1.422899961470000e-01	4.655546900007691e-02	124
1.534900069240000e-01	4.731538395761108e-02	125
1.650400012730000e-01	4.802540473637174e-02	126
1.769299954180000e-01	4.869031736172032e-02	127
1.891400069000000e-01	4.931420878314607e-02	128
2.016600072380000e-01	4.990151405065524e-02	129
2.144699990750000e-01	5.045592145618966e-02	130
2.275699973110000e-01	5.098164080269395e-02	131
2.409400045870000e-01	5.148162402842606e-02	132
2.545700073240000e-01	5.195880435105180e-02	133
2.684499919410000e-01	5.241561210759182e-02	134
2.825500071050000e-01	5.285333749152155e-02	135
2.968699932100000e-01	5.327367893184839e-02	136
3.113999962810000e-01	5.367738434078386e-02	137
3.261100053790000e-01	5.406404362285943e-02	138
3.409900069240000e-01	5.443317160935829e-02	139
3.560400009160000e-01	5.478381174549711e-02	140
3.712300062180000e-01	5.511360243074051e-02	141
3.865399956700000e-01	5.541977971612559e-02	142
4.019699990750000e-01	5.569927647660347e-02	143
4.174999892710000e-01	5.594792709642928e-02	144
4.331099987030000e-01	5.616095094139684e-02	145
4.487800002100000e-01	5.633299774086355e-02	146
4.645099937920000e-01	5.645834023401287e-02	147
4.802699983120000e-01	5.653045946641037e-02	148
4.960500001910000e-01	5.654259890367871e-02	149
5.118399858470000e-01	5.648759152098529e-02	150
5.276100039480000e-01	5.635816178027957e-02	151
5.433599948880000e-01	5.614676669142551e-02	152
5.590599775310000e-01	5.584625038291416e-02	153
5.747100114820000e-01	5.544918287265214e-02	154
5.902799963950000e-01	5.494921075756112e-02	155
6.057599782940000e-01	5.434013323829105e-02	156
6.211299896240000e-01	5.361691737302977e-02	157
6.363800168040000e-01	5.277511644354860e-02	158
6.514999866490000e-01	5.181134722537383e-02	159
6.664699912070000e-01	5.072423435499200e-02	160
6.812700033190000e-01	4.951420708886223e-02	161
6.958900094030001e-01	4.818271584941403e-02	162
7.103199958800001e-01	4.673295460317395e-02	163
7.245299816130000e-01	4.517224012322552e-02	164
7.385200262070000e-01	4.350678895802684e-02	165
7.522799968720000e-01	4.174565244339316e-02	166
7.657799720760000e-01	3.990243920957229e-02	167
7.790099978450000e-01	3.799002315063377e-02	168
7.919700145720000e-01	3.602103959095233e-02	169
8.046399950980000e-01	3.401208946828688e-02	170
8.170099854470000e-01	3.197899066477881e-02	171
8.290500044819999e-01	2.994126709154817e-02	172
8.407700061800000e-01	2.791168686513752e-02	173
8.521599769590000e-01	2.590594311162965e-02	174
8.631799817090000e-01	2.394459982629561e-02	175
8.738499879840000e-01	2.203692190645208e-02	176
8.841500282290000e-01	2.019830814260618e-02	177
8.940600156780000e-01	1.844264856783978e-02	178
9.035800099370001e-01	1.677763088537000e-02	179
9.126999974250000e-01	1.520855806219558e-02	180
9.214000105860000e-01	1.373646536360789e-02	181
9.296900033950000e-01	1.235031739101148e-02	182
9.375399947170000e-01	1.103948216905307e-02	183
9.449599981310000e-01	9.783572376582497e-03	184
9.519400000570000e-01	8.568026965628896e-03	185
9.584699869160000e-01	7.387036985019614e-03	186
9.645400047300000e-01	6.247637760296045e-03	187
9.701499938960000e-01	5.167166611176940e-03	188
9.752799868580000e-01	4.173269795846853e-03	189
9.799500107769999e-01	3.284040132853404e-03	190
9.841300249100000e-01	2.518183604605092e-03	191
9.878399968150000e-01	1.873291558695638e-03	192
9.910500049590000e-01	1.345969339508276e-03	193
9.937800168990000e-01	9.194588414560088e-04	194
9.960200190539999e-01	5.822609761717895e-04	195
9.977599978450000e-01	3.260855098088964e-04	196
9.990000128750000e-01	1.453425704054534e-04	197
9.997500181200000e-01	3.633037174312673e-05	198
1.000000000000000e+00	0.000000000000000e+00	199
1.984229087829600e+01	2.506659984589000e+00	200
1.937166023254400e+01	4.973800182343000e+00	201
1.859552955627400e+01	7.362490177155000e+00	202
1.752613067627000e+01	9.635069847106999e+00	203
1.618033981323200e+01	1.175570964813200e+01	204
1.457936954498300e+01	1.369093990325900e+01	205
1.274847984314000e+01	1.541026973724400e+01	206
1.071654033660900e+01	1.688656044006300e+01	207
8.515589714050000e+00	1.809654045105000e+01	208
6.180339813232000e+00	1.902112960815400e+01	209
3.747629880905000e+00	1.964575004577600e+01	210
1.255810022354000e+00	1.996052932739300e+01	211
-1.255810022354000e+00	1.996052932739300e+01	212
-3.747629880905000e+00	1.964574050903300e+01	213
-6.180339813232000e+00	1.902112960815400e+01	214
-8.515589714050000e+00	1.809654045105000e+01	215
-1.071654033660900e+01	1.688656044006300e+01	216
-1.274847984314000e+01	1.541026020050000e+01	217
-1.457936954498300e+01	1.369093990325900e+01	218
-1.618033981323200e+01	1.175570011138900e+01	219
-1.752613067627000e+01	9.635069847106999e+00	220
-1.859552955627400e+01	7.362490177155000e+00	221
-1.937166023254400e+01	4.973800182343000e+00	222
-1.984229087829600e+01	2.506659984589000e+00	223
-2.000000000000000e+01	0.000000000000000e+00	224
-1.984229087829600e+01	-2.506669998169000e+00	225
-1.937166023254400e+01	-4.973800182343000e+00	226
-1.859552955627400e+01	-7.362490177155000e+00	227
-1.752613067627000e+01	-9.635080337524000e+00	228
-1.618033981323200e+01	-1.175570964813200e+01	229
-1.457936954498300e+01	-1.369093990325900e+01	230
-1.274847984314000e+01	-1.541026973724400e+01	231
-1.071652984619100e+01	-1.688656044006300e+01	232
-8.515580177306999e+00	-1.809654045105000e+01	233
-6.180339813232000e+00	-1.902112960815400e+01	234
-3.747620105743000e+00	-1.964575004577600e+01	235
-1.255810022354000e+00	-1.996052932739300e+01	236
1.255810022354000e+00	-1.996052932739300e+01	237
3.747629880905000e+00	-1.964574050903300e+01	238
6.180339813232000e+00	-1.902112960815400e+01	239
8.515589714050000e+00	-1.809654045105000e+01	240
1.071654033660900e+01	-1.688656044006300e+01	241
1.274847984314000e+01	-1.541026020050000e+01	242
1.457936954498300e+01	-1.369093990325900e+01	243
1.618033981323200e+01	-1.175570011138900e+01	244
1.752614021301300e+01	-9.635069847106999e+00	245
1.859552955627400e+01	-7.362490177155000e+00	246
1.937166023254400e+01	-4.973790168762000e+00	247
1.984229087829600e+01	-2.506659984589000e+00	248
2.000000000000000e+01	0.000000000000000e+00	249
6.072284095293421e-02	-4.781059993893803e-02	250
6.602024989747266e-01	-4.973284649586015e-02	251
4.254723779940957e-01	7.042211774609755e-02	252
6.898856330958956e-01	6.193593099042805e-02	253
3.794188313200265e-01	-6.874156307683625e-02	254
9.994548683443415e-01	-7.199525600826939e-04	255
9.985348734692349e-01	-1.307599507855244e-03	256
7.736216336591230e-01	-3.725834702825695e-02	257
6.898205009062445e-01	-4.672517076679557e-02	258
-1.587378729037386e-03	6.925768037690893e-03	259
7.466368557643701e-01	-4.046534990454381e-02	260
5.832655584739216e-01	6.925269938953073e-02	261
9.927417912718319e-01	-3.513161297329242e-03	262
9.898249460319438e-01	-4.327853993083967e-03	263
5.988595956854439e-01	6.859129101981284e-02	264
7.186719399127284e-01	-4.362484352670207e-02	265
-1.688146128553672e-03	8.188664655874238e-04	266
9.864120571009475e-01	-5.179179799605459e-03	267
9.825135579037418e-01	-6.048322980769719e-03	268
-1.609743665070419e-03	-6.902091751437857e-03	269
6.451456510998118e-01	-5.119497244677147e-02	270
8.241997992985005e-01	-3.084543779336619e-02	271
7.995033547623952e-01	-3.405093638008299e-02	272
3.484606729580537e-01	6.857199372927970e-02	273
8.475814055497475e-01	-2.768852020002901e-02	274
2.474128003475446e-01	6.445223774033833e-02	275
8.695862750957679e-01	-2.458763502554212e-02	276
9.887425477868651e-03	2.290247363013148e-02	277
8.901075750508939e-01	-2.156281127154117e-02	278
7.704658283203231e-02	-5.207302950901747e-02	279
9.090717247849938e-01	-1.862747516415506e-02	280
-2.072630907690405e-03	-3.381401489138655e-03	281
9.420085659073999e-01	-1.318759586130078e-02	282
9.263969861040615e-01	-1.581048911102602e-02	283
1.777353666283533e-02	-2.953491862313404e-02	284
4.260192080591796e-01	-6.694768060556439e-02	285
8.587650986519186e-01	-2.612735399612682e-02	286
9.558690214142873e-01	-1.084880939759087e-02	287
9.781243932563466e-01	-6.949260768731588e-03	288
9.679290273548838e-01	-8.797706317440096e-03	289
1.584501970508998e-01	-6.453247596392944e-02	290
8.997913535591193e-01	-2.008319621563197e-02	291
7.602619549261525e-01	-3.886511838912236e-02	292
9.971045379718393e-01	-2.032358620075868e-03	293
5.991656836362563e-01	-5.537575968904688e-02	294
4.417137721713353e-01	-6.620108780955404e-02	295
5.365180397814469e-01	-6.035783745916430e-02	296
4.732667717924901e-01	-6.450248899065036e-02	297
5.049048507756759e-01	-6.254779613599215e-02	298
4.890745532151998e-01	-6.355531698563999e-02	299
1.250797906214424e-01	-6.071900351034543e-02	300
2.771183864426375e-02	-3.528135520948113e-02	301
3.948595932420763e-01	-6.822126364643835e-02	302
4.615406225146800e-02	-4.312168884129474e-02	303
4.103944014238706e-01	-6.762317172646075e-02	304
3.190173202501029e-01	-6.999827834186681e-02	305
3.489145574596732e-01	-6.954409654167235e-02	306
3.339770062306219e-02	-3.798692895613696e-02	307
2.898079021348936e-01	-7.009563047003001e-02	308
9.344206295231844e-01	-1.446716682003227e-02	309
1.469733847724677e-01	-6.337193586877322e-02	310
1.948778468838947e-01	-6.732901333813351e-02	311
8.584272759500561e-02	-5.403452267550261e-02	312
1.046768169286476e-01	-5.761590292766687e-02	313
5.679827184739882e-01	-5.796615517531190e-02	314
1.702698148334882e-01	-6.558036849696249e-02	315
6.146189261329569e-01	-5.401630410050438e-02	316
8.800407859682431e-01	-2.306613898119602e-02	317
2.251447003343710e-02	-3.246239628112313e-02	318
9.951731803078606e-01	-2.756956143075066e-03	319
6.504958397337373e-03	-2.027118539035468e-02	320
1.792923435664363e-02	2.851045548014672e-02	321
9.179427926466214e-01	-1.720035642773501e-02	322
9.491638911000301e-01	-1.198028615782544e-02	323
9.732620042970226e-01	-7.855274229074463e-03	324
-2.971068670780039e-04	1.031493349295906e-02	325
8.360575284860302e-01	-2.925983754049133e-02	326
2.476053840546429e-01	-6.953447408074599e-02	327
5.522801525965185e-01	-5.919027744807764e-02	328
7.327671229867972e-01	-4.205038563536135e-02	329
7.867023515382202e-01	-3.565408055649525e-02	330
1.146841312667807e-01	-5.923279833199901e-02	331
2.206917675512124e-01	-6.863988559756865e-02	332
5.836211330293301e-01	-5.669319736418536e-02	333
6.750910629523860e-01	-4.824221845667988e-02	334
5.320544496126130e-02	-4.552962216530267e-02	335
3.727426985219516e-03	-1.702407108474301e-02	336
1.353404219819816e-02	-2.654488487490466e-02	337
3.641059576784533e-01	-6.918509647933965e-02	338
1.824252145662845e-01	-6.651151374017331e-02	339
9.999293091929331e-01	-3.814781077053364e-04	340
2.340088919960479e-01	-6.913854307251049e-02	341
9.505767014924298e-02	-5.588359247640075e-02	342
3.043155856762501e-01	-7.009718197579644e-02	343
2.614467710774838e-01	-6.981414380961579e-02	344
4.574673899130733e-01	-6.538729176218128e-02	345
7.043400635771572e-01	-4.518673100713870e-02	346
-2.066064171645265e-03	3.406424999979664e-03	347
-3.367114921692243e-04	-1.032505954664119e-02	348
5.360428052799532e-01	7.054091407078128e-02	349
-1.688845256833787e-03	-8.031983075779540e-04	350
2.790332943333866e-02	3.364875096831541e-02	351
5.344096667450179e-02	4.246625669601656e-02	352
3.976636270678433e-02	3.828288849683709e-02	353
1.148758385718517e-01	5.384118832698947e-02	354
4.098581189414189e-01	7.014383644751426e-02	355
9.971315430321941e-01	2.067082654491414e-03	356
5.202182506454620e-01	7.076505269215927e-02	357
4.727167786718697e-01	7.091524511038680e-02	358
9.734992836218138e-01	9.376142797673346e-03	359
9.624436835759539e-01	1.232760842895200e-02	360
8.905738007862005e-01	2.841527390764269e-02	361
4.885336942873966e-01	7.094430680123259e-02	362
4.411610272385644e-01	7.064726485759429e-02	363
3.789166201299254e-01	6.943866493083782e-02	364
9.268036347704621e-01	2.062845425119935e-02	365
9.095081139125736e-01	2.436916574743899e-02	366
7.728332502812932e-02	4.790978895901518e-02	367
9.783183718298978e-01	8.027422532347280e-03	368
9.562089607751486e-01	1.389492821247812e-02	369
9.423865003180355e-01	1.715946766919141e-02	370
9.527920973055518e-02	5.105480023024029e-02	371
6.096131757698568e-02	4.437371657060744e-02	372
2.894889476368104e-01	6.640452485141393e-02	373
2.612105430672100e-01	6.513002229744765e-02	374
1.703265146620613e-01	5.948460844912219e-02	375
3.186246336935937e-01	6.755330013832876e-02	376
4.569134630846442e-01	7.081560974906739e-02	377
3.943383265882998e-01	6.981412064048870e-02	378
1.470940202668279e-01	5.741532013181179e-02	379
1.252509572855724e-01	5.509709669511310e-02	380
6.297474054614419e-01	6.689683609696032e-02	381
1.948587920568541e-01	6.131851786686546e-02	382
2.205880720108946e-01	6.296214028903328e-02	383
6.601359404536058e-01	6.468438120529996e-02	384
5.675821776552450e-01	6.979558458284880e-02	385
7.469409590749807e-01	5.494268625074815e-02	386
7.188637772763361e-01	5.866996854667451e-02	387
7.999601237853364e-01	4.642041131418606e-02	388
7.740159343130359e-01	5.081763619706091e-02	389
8.480809784762345e-01	3.725299075604224e-02	390
8.246903268506032e-01	4.184882984317879e-02	391
9.002430616414895e-01	2.635449365271146e-02	392
8.700757645803094e-01	3.273725929867118e-02	393
9.495251973086071e-01	1.550569933901063e-02	394
9.183639556956030e-01	2.246112047241633e-02	395
9.682066406500526e-01	1.081561140166886e-02	396
8.592616192357420e-01	3.497511930696606e-02	397
8.805199940813812e-01	3.054698989336054e-02	398
8.124854267106284e-01	4.414878278374033e-02	399
8.365552336075580e-01	3.954682574245268e-02	400
7.606144767478303e-01	5.292280583803172e-02	401
7.871314114792585e-01	4.864687538437494e-02	402
7.044695702557939e-01	6.036707431680954e-02	403
7.330172303329074e-01	5.685936269517742e-02	404
6.450144409469064e-01	6.585878273701835e-02	405
6.750901440933038e-01	6.337659947406872e-02	406
5.518394709279186e-01	7.022482261396960e-02	407
6.143672029368075e-01	6.780658948721331e-02	408
2.075840406975229e-01	6.216191448128234e-02	409
2.338610447986077e-01	6.372487072108365e-02	410
1.585405108560449e-01	5.847988769935689e-02	411
1.824451950147983e-01	6.042881909173188e-02	412
4.638251536424175e-02	4.043017811288527e-02	413
1.360010447160847e-01	5.629236574249015e-02	414
1.367055969513310e-02	2.578041662779038e-02	415
3.360346769321074e-02	3.601611901505977e-02	416
2.076446276910540e-01	-6.803810815141212e-02	417
3.803975041222500e-03	1.682997244898818e-02	418
9.621313145931017e-01	-9.791113242437192e-03	419
8.120082521072716e-01	-3.244680567967186e-02	420
3.338772938628842e-01	-6.981192180636508e-02	421
5.207221059378662e-01	-6.148005637810563e-02	422
1.507193356303935e-03	1.362817625992179e-02	423
2.268885659572225e-02	3.114607646089103e-02	424
6.601153533866995e-03	1.992513774777303e-02	425
8.607365466699887e-02	4.952836730787208e-02	426
6.890819212812600e-02	4.619239388893649e-02	427
2.752433906714871e-01	6.578139868841069e-02	428
1.048852638572666e-01	5.249018229583943e-02	429
9.826640358700478e-01	6.762552913771730e-03	430
9.865241678426837e-01	5.621085450254825e-03	431
3.039582124973356e-01	6.699882077076258e-02	432
9.899049249601231e-01	4.582439028142335e-03	433
9.927978233103815e-01	3.651001316552549e-03	434
3.334526332421713e-01	6.807626235006346e-02	435
3.636261695356274e-01	6.902596941705454e-02	436
9.348131198523753e-01	1.886290203937541e-02	437
9.999360168223467e-01	3.798253424254615e-04	438
9.985525472874118e-01	1.322321762672996e-03	439
9.994660625024884e-01	7.237699906391018e-04	440
6.299407780822049e-01	-5.262204057222374e-02	441
3.954793364544616e-02	-4.060840178733412e-02	442
9.952122161704207e-01	2.827873318619062e-03	443
5.043791336766570e-01	7.089808369844788e-02	444
1.449496620278423e-03	-1.371045468084184e-02	445
9.771283243150184e-03	-2.343897560830178e-02	446
6.866896695927684e-02	-4.999734652179124e-02	447
1.358535248583917e-01	-6.210410506278410e-02	448
2.755218957427595e-01	-7.000127888628389e-02	449
7.112974316534475e-02	5.551095155729596e-02	450
-3.868420247242087e-03	9.729121183800982e-03	451
-4.809565300123100e-03	5.566671840119937e-03	452
2.825224855041722e-01	-8.460348101312663e-02	453
6.986408310905270e-01	-6.079876836179363e-02	454
9.149093648523514e-01	-2.702975159927418e-02	455
5.178970538593200e-03	-2.486863663671316e-02	456
5.763417746038960e-01	8.528544490697870e-02	457
6.839940350344159e-01	-6.251695435763616e-02	458
7.817767226043977e-01	-4.983357288619326e-02	459
9.890130900833991e-01	-8.159102698395948e-03	460
3.266092539842659e-01	-8.506243819898472e-02	461
8.547352762656136e-01	-3.835096278815010e-02	462
8.317232512029292e-01	-4.218730079875796e-02	463
8.845624813888846e-02	-6.419820525148001e-02	464
-3.934951731187281e-03	-9.738084913645178e-03	465
2.134795928654312e-01	-8.162353938088827e-02	466
1.275941615204128e-02	-3.204785307780784e-02	467
9.601633283059414e-01	-1.679133030013365e-02	468
1.514215408832000e-01	-7.556995736741372e-02	469
7.130863463631417e-01	-5.903803009475732e-02	470
6.541635103936448e-01	-6.584091087063186e-02	471
4.504250279611908e-01	-8.186622840545918e-02	472
7.934378152449630e-02	-6.184588227620672e-02	473
3.876621172963223e-01	-8.422604126739187e-02	474
8.964142734745690e-01	-3.074488839413869e-02	475
7.947128278524356e-01	-4.794350473360837e-02	476
5.390611145039035e-03	2.440718035765348e-02	477
1.761885615427710e-02	3.432000493433249e-02	478
6.690960509971038e-01	7.895559787589318e-02	479
8.444247550127064e-01	5.005792193835210e-02	480
1.083177279553232e-01	6.343584708117193e-02	481
6.840651304844212e-01	7.739560019572642e-02	482
1.633386223423994e-01	7.115072897132566e-02	483
8.773419835918025e-01	4.227498354994726e-02	484
9.892277551912598e-01	8.554864736588993e-03	485
3.407435266715502e-01	8.378205752172818e-02	486
5.128631746914237e-01	8.685200851678271e-02	487
9.544293908042595e-01	2.146437021832750e-02	488
8.875566222708463e-01	3.974000746528927e-02	489
9.922632707982411e-01	7.029675682376494e-03	490
9.608169697689214e-01	1.941364020041566e-02	491
9.816845338498300e-01	1.183229168624870e-02	492
2.399860480487346e-01	7.811089581362424e-02	493
3.257712801454296e-01	8.311099608129721e-02	494
2.265100750338213e-01	7.709209844240870e-02	495
9.841976461346710e-02	6.161155812024384e-02	496
6.691602658272113e-01	-6.420056890868507e-02	497
2.004556073456532e-01	-8.066448270761994e-02	498
8.971155217838920e-03	2.781631144143745e-02	499
1.402823038030874e-01	6.827979946472773e-02	500
4.763339357197058e-02	4.849387339517019e-02	501
9.721930371716259e-01	1.547682077680407e-02	502
9.948256780644352e-01	5.679707505817384e-03	503
8.973736955578128e-01	3.725420746702255e-02	504
1.631898899555576e-01	-7.704097835410532e-02	505
1.000206250169044e+00	2.294060699385851e-04	506
9.985355542152022e-01	3.011933170966537e-03	507
9.969240646672373e-01	4.351811321491021e-03	508
2.322820215488192e-03	2.087422830154058e-02	509
-2.311268103206101e-03	1.352410879719399e-02	510
2.149819484130203e-03	-2.116918450585532e-02	511
-4.109883915661455e-03	-1.750949540390238e-03	512
-3.229428715340298e-03	9.886753371831172e-06	513
1.729261249674673e-02	-3.547910733455991e-02	514
1.000201782188138e+00	-2.357660070436153e-04	515
6.239410404803186e-02	-5.676887993274714e-02	516
9.984800929223978e-01	-2.979181321892464e-03	517
9.947094793382963e-01	-5.541000951541672e-03	518
4.177887839731902e-01	8.626080575387202e-02	519
5.456016433448432e-01	-7.584869481060504e-02	520
9.854031034960702e-01	-9.503037273030463e-03	521
8.763359092990998e-01	-3.453160251963068e-02	522
5.920718820564803e-01	8.457394375526006e-02	523
9.921053118550121e-01	-6.789165483119348e-03	524
-4.839888087111310e-03	-5.546779946797269e-03	525
4.346282223326501e-01	-8.258783618864812e-02	526
4.021554629593604e-01	8.588969465637372e-02	527
8.433954340676502e-01	-4.027511084730410e-02	528
2.819081342426459e-01	8.080689341204000e-02	529
8.657178676148595e-01	-3.643217898232476e-02	530
8.865715198156530e-01	-3.263121461754952e-02	531
7.065447547006184e-02	-5.936890131722269e-02	532
9.058671326317665e-01	-2.887965462067283e-02	533
9.235370128598606e-01	-2.520957216266645e-02	534
9.468309396323698e-01	-1.999587083109919e-02	535
2.782878747390691e-02	-4.213562170906140e-02	536
9.537208442975563e-01	-1.836696503643773e-02	537
9.661552783431203e-01	-1.526833552068627e-02	538
9.813272330294672e-01	-1.092569125385310e-02	539
1.289453097417611e-01	-7.227428182836705e-02	540
7.550615344310018e-01	-5.359004140609619e-02	541
7.685602466482656e-01	-5.171569482342209e-02	542
9.968413319599053e-01	-4.278632109958041e-03	543
4.662795633677379e-01	-8.105822730467285e-02	544
4.821486235226312e-01	-8.016307208081727e-02	545
4.980278670519969e-01	-7.919519344612820e-02	546
2.230686769725512e-02	-3.887407736125390e-02	547
4.032347313159939e-01	-8.377690528047456e-02	548
4.188937659114439e-01	-8.322941858338252e-02	549
3.416428571019710e-01	-8.500905767234657e-02	550
4.026834380054777e-02	-4.833208998532255e-02	551
9.317399519651360e-01	-2.342220902080073e-02	552
9.395016155970480e-01	-2.167843053165152e-02	553
1.400113475143628e-01	-7.398267289746245e-02	554
9.798775919429717e-02	-6.642918790588520e-02	555
5.613926387460375e-01	-7.461424936050183e-02	556
6.082846035427628e-01	-7.046815374612285e-02	557
9.716769569256395e-01	-1.378788121382358e-02	558
9.767296118610878e-01	-1.234959054538448e-02	559
7.273136699084539e-01	-5.724478065584665e-02	560
7.413015962673367e-01	-5.543361367929395e-02	561
1.079147632337408e-01	-6.852697842998970e-02	562
1.182509981893132e-01	-7.047155982216448e-02	563
5.771106237762393e-01	-7.329557651660940e-02	564
5.927449164545329e-01	-7.191132387450230e-02	565
4.717135842892518e-02	-5.128676936022361e-02	566
5.457129454867452e-02	-5.410391916929067e-02	567
8.720924801694546e-03	-2.847822620764848e-02	568
3.568564211961077e-01	-8.485446656441482e-02	569
3.722003899762780e-01	-8.458658088627753e-02	570
1.753052707935220e-01	-7.838007928720857e-02	571
1.877294755341694e-01	-7.958644249525329e-02	572
2.267689255697401e-01	-8.246567189160153e-02	573
2.403365263944096e-01	-8.318973442559652e-02	574
2.970190882833145e-01	-8.487263039369158e-02	575
3.117351373908708e-01	-8.502503175292707e-02	576
2.541833083248859e-01	-8.377894130378019e-02	577
-4.104633335249925e-03	1.773646245818801e-03	578
-3.811901899549628e-04	-1.741162144452318e-02	579
4.071226368175565e-02	4.589286080615613e-02	580
9.856838519116217e-01	1.011878482824866e-02	581
5.287765422607605e-01	8.662548835039748e-02	582
4.969397857292532e-01	8.697454361788615e-02	583
4.810367132791588e-01	8.699833731353016e-02	584
4.651547628996909e-01	8.693891021982372e-02	585
9.771673477947267e-01	1.361973833100815e-02	586
9.667445673178755e-01	1.741480185388610e-02	587
9.244029272984833e-01	3.014577435318147e-02	588
4.492972206802674e-01	8.678875620745093e-02	589
4.335071205194083e-01	8.655834474306982e-02	590
3.866174615678529e-01	8.544779105734465e-02	591
9.158082779900869e-01	3.245507575206294e-02	592
9.475857218581399e-01	2.355838329416819e-02	593
6.287006239366963e-02	5.326049847938143e-02	594
5.504342628799588e-02	5.095134579430542e-02	595
2.537414642093062e-01	7.906269315433324e-02	596
2.677136396737844e-01	7.994615802476415e-02	597
1.516349167744607e-01	6.974862533867458e-02	598
1.292669350746214e-01	6.673562056744281e-02	599
1.186164449541285e-01	6.513807234034107e-02	600
7.956270408948867e-01	6.038670601295920e-02	601
7.418756425586985e-01	6.978687776919616e-02	602
7.277726021701989e-01	7.187627694222848e-02	603
7.826270804683463e-01	6.285447112984598e-02	604
8.327421223884713e-01	5.266275016555682e-02	605
9.067976730506230e-01	3.482761475962556e-02	606
8.667387054068170e-01	4.483858214067789e-02	607
8.557646026444451e-01	4.744022988240426e-02	608
8.207107074966992e-01	5.527060636662317e-02	609
8.083292125024529e-01	5.785593047053700e-02	610
7.693320696293691e-01	6.525444856770002e-02	611
7.557407879585261e-01	6.757623565575335e-02	612
7.134215541047541e-01	7.385281427494773e-02	613
6.988458726624620e-01	7.569698310183925e-02	614
6.539653985602929e-01	8.036911991448227e-02	615
6.386700866277654e-01	8.163112846397944e-02	616
5.605368143820676e-01	8.586450550333746e-02	617
5.446686874766224e-01	8.629890266882360e-02	618
6.232541875022396e-01	8.274787510324337e-02	619
6.077171178646082e-01	8.372918528806712e-02	620
2.133105853226321e-01	7.602200957276607e-02	621
2.003735578063389e-01	7.489974109949747e-02	622
1.877297625487100e-01	7.372124287459668e-02	623
1.753826294781612e-01	7.247413152193269e-02	624
1.304921840586503e-02	3.115129721216088e-02	625
3.423375431311942e-02	4.316963548672282e-02	626
2.822264868018554e-02	4.037190577037948e-02	627
8.073659260905116e-01	-4.603820279415154e-02	628
8.197130479672269e-01	-4.411320051323387e-02	629
5.139139651851968e-01	-7.814718241084477e-02	630
5.297752585370784e-01	-7.702652921308883e-02	631
-2.454409561697319e-04	1.724740368663966e-02	632
2.266948534606083e-02	3.742439643817078e-02	633
8.890979148081404e-02	5.968078286386605e-02	634
7.981164911683952e-02	5.764993651717202e-02	635
3.109650085953078e-01	8.240114305110285e-02	636
2.963240863003713e-01	8.163157430036784e-02	637
3.711974679466974e-01	8.495173614584930e-02	638
3.559018089495705e-01	8.440191375792737e-02	639
9.402963729584968e-01	2.569610454459905e-02	640
9.325714459746062e-01	2.789322621567806e-02	641
6.237063762293434e-01	-6.897178993058624e-02	642
6.389986088256684e-01	-6.743091389708021e-02	643
3.381340013072045e-02	-4.526365493168807e-02	644
-2.411369497611016e-03	-1.359338531234714e-02	645
2.682432386081753e-01	-8.423484711910495e-02	646
-7.706042283769348e-03	-8.371069212919947e-03	647
3.959443027494846e-01	-1.016069901730489e-01	648
2.894134030813413e-01	-1.010594164491486e-01	649
7.903642416062615e-01	-6.360530446806732e-02	650
5.390318652275613e-01	-9.436207373199931e-02	651
9.212422642508346e-01	-3.594350425221875e-02	652
9.923157567890499e-01	1.100253319297502e-02	653
9.890920055465964e-01	1.318382620271503e-02	654
9.658923241867708e-01	2.500775639638835e-02	655
-2.318375119060107e-03	2.135247844676818e-02	656
9.949316984748500e-01	9.033188065420333e-03	657
9.994940799178670e-01	1.756740839153798e-03	658
1.000203123888249e+00	5.394146783809698e-04	659
9.987600829864601e-01	-5.014302968798548e-03	660
1.000461893804059e+00	-6.167603280211817e-06	661
1.630027873535422e-02	-4.220042444955498e-02	662
-7.234551238069093e-03	3.118001371931081e-03	663
9.062280894766887e-02	-7.575071705895850e-02	664
9.296297396299045e-01	-3.366223524846628e-02	665
9.920142714870952e-01	-1.067736042992279e-02	666
5.695163173968816e-01	1.032417358911429e-01	667
9.994611293238304e-01	-1.748630044380354e-03	668
2.018763401839630e-04	-2.582504891418410e-02	669
7.078488530612624e-01	-7.633380229328374e-02	670
-4.788986700461247e-03	-1.730696741920457e-02	671
7.222197568808284e-01	-7.431057684878652e-02	672
1.157337654650953e-02	-3.821981138489144e-02	673
8.731480132431850e-01	-4.755181959984935e-02	674
3.497330969550582e-03	-3.001275662025049e-02	675
3.341507661303658e-01	-1.020127863125472e-01	676
8.623690311476654e-01	-4.987583832267030e-02	677
6.932556603004079e-01	-7.830004829587256e-02	678
9.947034216790821e-01	-8.834471490588629e-03	679
7.213837575550809e-03	-3.417447986589598e-02	680
9.812888467155144e-01	1.770069058108782e-02	681
5.215478119392299e-01	1.045847146224264e-01	682
9.532665586465014e-01	3.015629136321003e-02	683
6.633217336081797e-01	9.646141868681904e-02	684
9.971680291872117e-01	7.081541030557087e-03	685
5.055246973263077e-01	1.047957787580496e-01	686
2.740233562177997e-01	9.658532162727877e-02	687
3.328151956465888e-01	1.005428015061060e-01	688
1.558163375167548e-01	8.371334626631134e-02	689
6.429073516012519e-02	6.337784735576493e-02	690
1.000052898284374e+00	1.033902307827638e-03	691
-6.513749270860373e-03	-1.299702595292929e-02	692
-6.385221537180532e-03	1.295084071442510e-02	693
1.202873307609231e-02	3.720914801138062e-02	694
-7.630688970369215e-03	8.377990343560517e-03	695
9.649583530437681e-01	-2.278224455385413e-02	696
8.118096392981931e-02	-7.294737428020691e-02	697
-5.411295254687122e-03	1.233666716597739e-05	698
1.555409539207343e-01	-8.939254147304214e-02	699
4.592695355137701e-01	-9.939761919725269e-02	700
2.162058459222337e-02	-4.615642851896265e-02	701
3.839462067689974e-03	2.944972384019764e-02	702
8.412881772445757e-01	6.447170345393569e-02	703
7.917371139453572e-01	7.609603455605082e-02	704
6.784906570340187e-01	9.477293872953432e-02	705
9.854749943931594e-01	1.535396009872738e-02	706
9.598121474708134e-01	2.755888900390160e-02	707
8.951094707087373e-01	4.959593140931022e-02	708
8.851232901283523e-01	5.254346731307513e-02	709
3.178502555753629e-01	9.966198451110592e-02	710
2.884025358066392e-01	9.767711828338217e-02	711
2.321837688902450e-01	9.301853605448092e-02	712
1.011151773956435e-01	7.362909759141396e-02	713
6.635176694748719e-01	-8.206705684188538e-02	714
6.784781988998321e-01	-8.021016375239434e-02	715
2.057951524577920e-01	-9.575070765166747e-02	716
7.614076106838003e-03	3.340421155142458e-02	717
1.441868552016574e-01	8.185743156896085e-02	718
9.766247200658803e-01	2.007269434927835e-02	719
9.988722047031708e-01	5.062244338823857e-03	720
4.880484239738415e-04	2.544015517603025e-02	721
-4.610580786755111e-03	1.717980209068557e-02	722
-2.549675092934761e-03	-2.159239362277738e-02	723
-7.251384968256287e-03	-3.089393961984715e-03	724
2.748610192026184e-02	-4.985308697576866e-02	725
1.000192335921722e+00	-5.460739054848351e-04	726
1.000032220231473e+00	-1.037273565365250e-03	727
9.706737692244337e-01	-2.070911261725594e-02	728
9.886965956218927e-01	-1.267367895476532e-02	729
5.854033832811575e-01	1.024856022590673e-01	730
4.433417416723092e-01	-1.001063052582484e-01	731
4.100037273660759e-01	1.038276248935128e-01	732
8.397011425314360e-01	-5.451895955302440e-02	733
8.512156320096064e-01	-5.220782071736721e-02	734
8.835715517284635e-01	-4.522160470430729e-02	735
8.935903134749672e-01	-4.288598989183003e-02	736
6.358104488639681e-02	-6.693322096715110e-02	737
7.216357297813800e-02	-7.000869408228687e-02	738
9.032087793237663e-01	-4.056315454773863e-02	739
9.124382018373070e-01	-3.824585795431980e-02	740
9.521538099464509e-01	-2.702397591069565e-02	741
9.587839730438283e-01	-2.488481513090518e-02	742
9.849798688919156e-01	-1.460973788373284e-02	743
7.639147561365116e-01	-6.799647393786348e-02	744
7.772812311793076e-01	-6.580897437504171e-02	745
9.970032516549060e-01	-6.973666875152587e-03	746
4.752343233702966e-01	-9.858057487121479e-02	747
4.911929238306563e-01	-9.766566651400041e-02	748
4.116757440340184e-01	-1.012215100675327e-01	749
4.274816810656483e-01	-1.007160843664756e-01	750
3.371798360473124e-02	-5.351366531783627e-02	751
9.375806400499639e-01	-3.140576454582803e-02	752
9.450794037634777e-01	-2.919506269300686e-02	753
1.324486229356163e-01	-8.536414319736026e-02	754
1.438191613868056e-01	-8.744220780301246e-02	755
5.549068560678975e-01	-9.314591634381571e-02	756
5.707567141255324e-01	-9.179841529009740e-02	757
9.759038359858262e-01	-1.867328179234788e-02	758
9.806807598550865e-01	-1.665545860207471e-02	759
7.363468983819031e-01	-7.225183842278932e-02	760
7.502523746057884e-01	-7.015160056666964e-02	761
1.004862643674594e-01	-7.841495876637899e-02	762
1.107822814769972e-01	-8.092508022496785e-02	763
1.214646992421727e-01	-8.316688566531387e-02	764
5.865052449984832e-01	-9.035741791342251e-02	765
6.021571333224184e-01	-8.883390753592026e-02	766
4.045831551602312e-02	-5.710343308423372e-02	767
4.772354344051851e-02	-6.057713038796621e-02	768
5.549203703519766e-02	-6.377708189183300e-02	769
3.493935238883439e-01	-1.020966488554269e-01	770
3.648064532474647e-01	-1.020510628418232e-01	771
3.803210864439905e-01	-1.018806773956994e-01	772
1.676355668508444e-01	-9.120749278057989e-02	773
1.800571317465094e-01	-9.286950741939744e-02	774
1.927808332713599e-01	-9.438066908733771e-02	775
2.190870468094806e-01	-9.698986610708152e-02	776
2.326538730563541e-01	-9.809563962246957e-02	777
3.041583385470272e-01	-1.015101447388042e-01	778
3.190893346845305e-01	-1.018214248133860e-01	779
2.465203938945986e-01	-9.905984249255301e-02	780
4.113222056320572e-02	5.457593113036804e-02	781
4.895076795248945e-01	1.048905099843463e-01	782
4.735248136589321e-01	1.048799905115475e-01	783
9.715043056593425e-01	2.250485095415379e-02	784
4.575481849599617e-01	1.047656209329463e-01	785
4.416220341102268e-01	1.045433387616200e-01	786
4.257781764734506e-01	1.042304946034756e-01	787
3.943187429476060e-01	1.033279702204630e-01	788
9.226213175908176e-01	4.098966207112417e-02	789
5.619731071379208e-02	6.055784676624943e-02	790
4.842018906726504e-02	5.770460367221505e-02	791
2.598815535726220e-01	9.545253130917850e-02	792
2.459075752023657e-01	9.430878988767580e-02	793
1.328979229902979e-01	7.992057861020256e-02	794
1.219833656188427e-01	7.790562536988546e-02	795
1.113625156007693e-01	7.588548226262459e-02	796
7.371533788366575e-01	8.647998964725478e-02	797
9.138703824873171e-01	4.381722115663693e-02	798
9.046879045029795e-01	4.668941857262338e-02	799
8.747233733109580e-01	5.551055377466080e-02	800
8.639595394612797e-01	5.848837483612193e-02	801
8.528118945701596e-01	6.148801862077155e-02	802
8.294378826921759e-01	6.742964995582992e-02	803
8.172148005448910e-01	7.037722080936924e-02	804
8.046304961860244e-01	7.327390502526081e-02	805
7.785442533573553e-01	7.883914460589073e-02	806
7.650451045421889e-01	8.150188296475923e-02	807
7.512295284203159e-01	8.405991221661338e-02	808
7.228420323864497e-01	8.876925052715097e-02	809
7.082743480736149e-01	9.092755067148646e-02	810
6.934765815741192e-01	9.292933500425696e-02	811
6.479805194597811e-01	9.798152864046453e-02	812
5.535400274707551e-01	1.038404768903796e-01	813
5.375506669407321e-01	1.042534899912605e-01	814
6.325039846536664e-01	9.933516144941869e-02	815
6.169136244786987e-01	1.005343152448272e-01	816
6.012056779537783e-01	1.015843897869376e-01	817
2.187577644702500e-01	9.165583507537355e-02	818
2.056028597057712e-01	9.022654841981623e-02	819
1.927188257624272e-01	8.873070614429115e-02	820
1.801169088185605e-01	8.715437305556117e-02	821
1.678079040924689e-01	8.548380973794846e-02	822
3.435927599457363e-02	5.132081808590808e-02	823
2.808878895431350e-02	4.798018057922236e-02	824
8.031721808119792e-01	-6.137509046227390e-02	825
8.156934395164782e-01	-5.910602401480777e-02	826
8.278754573445921e-01	-5.681150888401583e-02	827
5.071660981379092e-01	-9.665528408041940e-02	828
5.231228431301467e-01	-9.554878417058993e-02	829
2.218207584278621e-02	4.459354864014844e-02	830
1.680983514281180e-02	4.092888442452736e-02	831
9.128775506910294e-02	7.124441867675428e-02	832
8.187098043513810e-02	6.874214761596872e-02	833
7.286845941033340e-02	6.612193376068747e-02	834
3.030279044402822e-01	9.871071354623843e-02	835
3.787540280325818e-01	1.027481336597056e-01	836
3.633071082501546e-01	1.021000881004483e-01	837
3.479713550711284e-01	1.013641711326568e-01	838
9.462677862140005e-01	3.279063181666049e-02	839
9.388380057733097e-01	3.546983620618634e-02	840
9.309506158826527e-01	3.820777989788801e-02	841
6.176963960703279e-01	-8.723759073905903e-02	842
6.331019852117916e-01	-8.557808702846735e-02	843
6.483817436776310e-01	-8.385713032229855e-02	844
2.606327520821556e-01	-9.981050263528490e-02	845
2.749070616097579e-01	-1.004875222024292e-01	846
-1.083900264562183e-02	-1.165092104956091e-02	847
9.220585243511011e-02	-8.883455343387760e-02	848
9.995440819283199e-01	7.367281037760294e-03	849
9.859614472626145e-01	2.129935806680277e-02	850
5.485050592124384e-01	-1.137216197013583e-01	851
-1.102121110558805e-02	5.428082434391972e-03	852
9.994666910331699e-01	-3.879022465870997e-03	853
9.282521228597840e-01	-4.528890147686294e-02	854
9.363993205178258e-01	-4.245965906632859e-02	855
2.644898612907072e-02	-5.852276930118716e-02	856
9.956690097895510e-01	1.278442510743261e-02	857
4.981666107504549e-01	1.247897234053043e-01	858
-9.473814029840500e-03	-1.668189142368799e-02	859
5.784929472869310e-03	3.974039311198771e-02	860
-2.204968617916309e-03	-3.106883809462168e-02	861
9.658181902399061e-01	3.362937061718353e-02	862
9.978645830119964e-01	1.016554401646727e-02	863
-9.268135266874566e-03	1.659791652808176e-02	864
6.577996829056020e-01	1.161099065369825e-01	865
-7.323852787870263e-03	2.130998548653702e-02	866
1.000500543477234e+00	3.497282209551991e-04	867
1.000493072685985e+00	-3.628507751788067e-04	868
7.995456761554240e-01	-7.864656775804435e-02	869
1.592369188562953e-01	-1.050166309936570e-01	870
1.468824140538334e-02	-4.976750653623022e-02	871
4.042740013793630e-01	-1.210961475599264e-01	872
8.241326720617022e-02	-8.551087785735280e-02	873
4.521884907851849e-01	-1.197099014836753e-01	874
2.961629715582560e-01	-1.195752234963647e-01	875
9.896883624205789e-01	1.840078624200236e-02	876
5.627615564996246e-01	1.233414031874323e-01	877
9.595878023995844e-01	3.681149446801902e-02	878
9.528872272830592e-01	4.002729574781947e-02	879
7.884196269272455e-01	9.378167220571565e-02	880
1.475962792508824e-01	9.718782022000184e-02	881
2.657249418572946e-01	1.138439628997221e-01	882
9.924828935888984e-01	-1.513304934211790e-02	883
5.666585438559224e-02	7.142794430674107e-02	884
8.706424771039541e-01	-6.228045519772082e-02	885
9.995526241657819e-01	3.900927016064698e-03	886
9.929624672094829e-01	1.551534112734008e-02	887
9.993592009916390e-01	-7.314306314933537e-03	888
9.758069937166221e-01	-2.592139977845486e-02	889
9.715470502515386e-03	-4.510431608199329e-02	890
7.030138335425209e-01	-9.572306572261777e-02	891
-5.182294477369377e-03	-2.629041309882176e-02	892
7.175674829762079e-01	-9.345297981657991e-02	893
7.318601392642473e-01	-9.113107325948933e-02	894
5.222282255706446e-03	-4.060462357847738e-02	895
9.953013785251655e-01	-1.254941737797537e-02	896
1.208569706597817e-03	-3.573169033727390e-02	897
8.388130695362027e-01	8.067088282950434e-02	898
5.143405391742133e-01	1.246079085368802e-01	899
3.095511203863279e-01	1.178436456776038e-01	900
-1.070096708051481e-02	1.163824486231274e-02	901
1.693696080084511e-03	3.508667618987769e-02	902
6.732040201887592e-01	1.143259577093422e-01	903
8.935973855386879e-01	6.351311731561518e-02	904
3.245657752386671e-01	1.189919014470778e-01	905
2.946895141773734e-01	1.165898912512765e-01	906
2.800748486877331e-01	1.152465180160919e-01	907
6.733284799638918e-01	-1.000210160163435e-01	908
6.882626096692654e-01	-9.790272266497244e-02	909
9.816263361444794e-01	2.435335285783191e-02	910
-1.791565609656406e-03	3.060511501186641e-02	911
-4.840761575362138e-03	2.598356288453274e-02	912
-7.595727112894782e-03	-2.149069899131411e-02	913
-1.107071009296856e-02	-5.397715568540381e-03	914
2.040839817171359e-02	-5.438840455799123e-02	915
9.704001645584047e-01	-2.863517800338720e-02	916
9.890792230376878e-01	-1.782037494937918e-02	917
5.788562204659863e-01	1.225470999511862e-01	918
8.483293261166944e-01	-6.786349648637957e-02	919
8.596865153955811e-01	-6.507815721292272e-02	920
8.812432600731699e-01	-5.947685804145237e-02	921
8.914700177931162e-01	-5.664215558853444e-02	922
6.413893166096182e-02	-7.841537699208828e-02	923
7.305736465462034e-02	-8.203971914039460e-02	924
9.012694575805476e-01	-5.380566590006355e-02	925
9.106791798925858e-01	-5.096862169215260e-02	926
9.196802326649045e-01	-4.812368157399251e-02	927
9.581481623182988e-01	-3.411867594960619e-02	928
9.645055350952126e-01	-3.136964648994015e-02	929
7.733298549597736e-01	-8.378279318662284e-02	930
7.865746692620373e-01	-8.122723495747904e-02	931
9.975934021740138e-01	-1.003533022825739e-02	932
4.682747180546842e-01	-1.190001410358282e-01	933
4.843648490895414e-01	-1.181614266494452e-01	934
4.201980984574090e-01	-1.207653199178606e-01	935
4.361665778487080e-01	-1.202957732648143e-01	936
9.440843866320190e-01	-3.965543839765424e-02	937
9.513291351765760e-01	-3.688277551967251e-02	938
1.354641006142581e-01	-1.001547788769740e-01	939
1.471601697333162e-01	-1.026560538938520e-01	940
5.645318647980678e-01	-1.124058063986014e-01	941
9.807337692043931e-01	-2.322640759779447e-02	942
9.852163319664071e-01	-2.047512038760870e-02	943
7.459239771366653e-01	-8.875269532500112e-02	944
7.597726813312849e-01	-8.629994388971120e-02	945
1.024567844011740e-01	-9.199640351394345e-02	946
1.132515133923921e-01	-9.492842144812390e-02	947
1.241442858414833e-01	-9.751679045279801e-02	948
5.804505228131092e-01	-1.109263083514415e-01	949
5.962535574943625e-01	-1.093255484210143e-01	950
3.294533741356380e-02	-6.280986498565024e-02	951
4.001947412780342e-02	-6.702591721259042e-02	952
4.777439023327518e-02	-7.109275429875624e-02	953
5.573088282056932e-02	-7.468707673368351e-02	954
3.416242766098476e-01	-1.210611700119199e-01	955
3.571195424114844e-01	-1.212833876765454e-01	956
3.727459988485780e-01	-1.213492807317187e-01	957
3.884509117650371e-01	-1.212840720602639e-01	958
1.716814142602138e-01	-1.072140139720108e-01	959
1.844384655688388e-01	-1.092363538016988e-01	960
1.974828490966861e-01	-1.110876859989721e-01	961
2.107994292705040e-01	-1.127862254591516e-01	962
2.243976286970880e-01	-1.143377950162615e-01	963
3.263318272044749e-01	-1.207027505775089e-01	964
3.111805318939605e-01	-1.202170197917785e-01	965
2.382976787757170e-01	-1.157313637016223e-01	966
4.820588139264761e-01	1.248399867509598e-01	967
9.768436494092093e-01	2.739073658438651e-02	968
9.715778035979206e-01	3.048423309047146e-02	969
4.659460673814232e-01	1.247805681496598e-01	970
4.498487236046974e-01	1.245849665271009e-01	971
4.338349971479043e-01	1.242645389469745e-01	972
4.178974615230301e-01	1.238355114863267e-01	973
4.020277167339695e-01	1.232849611670001e-01	974
4.870191499479416e-02	6.815718231427446e-02	975
4.092481315070851e-02	6.443308173871697e-02	976
2.516161952024152e-01	1.124685271927777e-01	977
2.375539349888557e-01	1.109292476890149e-01	978
1.360171124616230e-01	9.480770535349763e-02	979
1.247986538992269e-01	9.233531055386321e-02	980
1.139896466759407e-01	8.994837832817722e-02	981
1.032678708025978e-01	8.725716214669385e-02	982
9.216284561360261e-01	5.325776965876120e-02	983
9.127001132244703e-01	5.665846921420603e-02	984
9.033498761551000e-01	6.007571861660294e-02	985
8.834041199398289e-01	6.696843837955942e-02	986
8.728250283695853e-01	7.040465131753242e-02	987
8.618825443844085e-01	7.384336424058645e-02	988
8.505325676707681e-01	7.729041766322022e-02	989
8.267726565601653e-01	8.403662156617643e-02	990
8.143203549027725e-01	8.736163306000787e-02	991
8.015124665991432e-01	9.059728890285540e-02	992
7.749918825463600e-01	9.681127808196180e-02	993
7.612461298894605e-01	9.980281028549629e-02	994
7.471653812034992e-01	1.025861756308674e-01	995
7.328615834406785e-01	1.052779039561954e-01	996
7.183025949907288e-01	1.077552820825524e-01	997
7.034685431182935e-01	1.101495336607943e-01	998
6.884363906799781e-01	1.122853270150445e-01	999
5.304496430594123e-01	1.243207107465382e-01	1000
5.465776203861324e-01	1.238929569737852e-01	1001
6.422111643698424e-01	1.177750457613636e-01	1002
6.265500654254890e-01	1.191878900042858e-01	1003
6.107282412723479e-01	1.204979411729278e-01	1004
5.948556904364285e-01	1.215749056847184e-01	1005
2.238512865764073e-01	1.092486761347136e-01	1006
2.104466046489866e-01	1.074804997230939e-01	1007
1.973147264120050e-01	1.056343899663215e-01	1008
1.844424895917118e-01	1.036997032395449e-01	1009
1.718425917740669e-01	1.016499084903759e-01	1010
1.595414021226663e-01	9.947679559406751e-02	1011
3.381136896050418e-02	6.054478612298543e-02	1012
2.726555239872630e-02	5.656932950421070e-02	1013
8.122526387529274e-01	-7.600393560395197e-02	1014
8.246380343739110e-01	-7.331099035648267e-02	1015
8.366445531614148e-01	-7.059640027657534e-02	1016
5.004527717135023e-01	-1.172044176185820e-01	1017
5.165391488125763e-01	-1.161317588588794e-01	1018
5.325744771049955e-01	-1.149430872336229e-01	1019
2.117523196680840e-02	5.273000714784223e-02	1020
1.539048083450275e-02	4.840569568820335e-02	1021
1.034635891078999e-02	4.400526889231497e-02	1022
9.306980549200428e-02	8.435849397769936e-02	1023
8.331436528694702e-02	8.131757913383073e-02	1024
7.398254659120819e-02	7.814609450810370e-02	1025
6.507563208333672e-02	7.483570222154828e-02	1026
3.862791942724508e-01	1.226218776036098e-01	1027
3.706618584530065e-01	1.218734688199135e-01	1028
3.551298658348530e-01	1.210254914329536e-01	1029
3.397405540667288e-01	1.200572737569941e-01	1030
9.301162058772270e-01	4.989227863683163e-02	1031
9.457526012429792e-01	4.326675523834729e-02	1032
9.381699982901168e-01	4.655566032981857e-02	1033
6.119394507252298e-01	-1.076362248075182e-01	1034
6.274910035315746e-01	-1.058520460043944e-01	1035
6.429070686858249e-01	-1.039987177251733e-01	1036
6.581984036923743e-01	-1.020519856766370e-01	1037
2.525577387248602e-01	-1.169094074400450e-01	1038
2.668503424688792e-01	-1.178648795075461e-01	1039
2.813789322344821e-01	-1.187820912608140e-01	1040
2.539512385005552e-03	-4.768000628986446e-02	1041
9.998965671231619e-01	9.489059919053066e-03	1042
9.765932840311959e-01	-3.407028973568926e-02	1043
1.000471420651934e+00	7.878314363040351e-04	1044
-1.701260942125098e-03	-4.213727664395250e-02	1045
7.350572565786746e-01	-1.109651892778644e-01	1046
9.306879075279380e-02	-1.036014229037361e-01	1047
-5.282473434324894e-03	-3.684938043096947e-02	1048
9.872611627234262e-01	2.789672614896592e-02	1049
-1.084152942113850e-02	-2.610805459480149e-02	1050
1.848530735341642e-02	-6.348446733489750e-02	1051
1.623932709191808e-01	-1.226297910226711e-01	1052
1.384780254382202e-01	1.115506557770087e-01	1053
-1.062649759203594e-03	4.142618635149210e-02	1054
-1.046453514690571e-02	2.588246222800769e-02	1055
-1.489026480040915e-02	8.688898674223870e-03	1056
-7.608173630221979e-03	7.961714064708634e-04	1057
-7.611624044451458e-03	-7.660164304781497e-04	1058
-1.096768735685168e-02	1.209860546651101e-03	1059
-1.283436702929330e-02	-2.075490096957830e-02	1060
9.996392650133723e-01	-9.425782874580128e-03	1061
3.158105476809290e-01	1.392428934203051e-01	1062
9.816468283685218e-01	-3.059492268329235e-02	1063
9.965039684315780e-01	-1.665051674248914e-02	1064
9.440266336214477e-01	-5.143742677294568e-02	1065
8.030746747874892e-01	-9.653361015079226e-02	1066
4.126675807527044e-01	-1.429236350091788e-01	1067
9.990866103368619e-01	1.344860015488727e-02	1068
9.302641023281131e-01	6.301757249350735e-02	1069
9.534918556010594e-01	5.110713491410749e-02	1070
5.479509707593954e-01	1.460409483981711e-01	1071
5.153410206336613e-01	1.467302247432429e-01	1072
6.604744261719223e-01	1.370852729512224e-01	1073
7.789036187885701e-01	1.152257058686417e-01	1074
4.908448133063030e-01	1.469913237937032e-01	1075
5.502968804289582e-01	-1.359796807861802e-01	1076
3.310816220666249e-01	1.406438746769034e-01	1077
9.970328534458753e-01	1.689371490907982e-02	1078
8.287249992148203e-02	-9.967197426120962e-02	1079
1.000352575932697e+00	1.842171683660743e-03	1080
9.910802003210233e-01	2.414649501528975e-02	1081
-1.097486211170182e-02	-1.169606819410586e-03	1082
1.000454540322296e+00	-8.001687125553576e-04	1083
1.000312291156581e+00	-1.849632212739177e-03	1084
9.361442953604181e-01	-5.491543635305203e-02	1085
2.456926613997983e-02	-6.820160406124087e-02	1086
-1.432394782891853e-02	-1.529404635153493e-02	1087
3.271914271410074e-03	4.674513894252980e-02	1088
-8.286082524621272e-03	-3.150622554521654e-02	1089
9.666963489860674e-01	4.328831249560150e-02	1090
-1.253987683351004e-02	2.063790066967757e-02	1091
1.000773377436473e+00	1.397228019208211e-04	1092
1.000770076446376e+00	-1.592369547628657e-04	1093
7.086988407720950e-03	-5.275822168607931e-02	1094
3.180200414823069e-01	-1.412300213823914e-01	1095
3.027246683653666e-01	-1.403741840332579e-01	1096
9.943315873117051e-01	2.044824448147972e-02	1097
5.725420512397080e-01	1.449193310849770e-01	1098
9.603236144211802e-01	4.719338268714427e-02	1099
9.936522320145577e-01	-2.004711726089365e-02	1100
7.060469378647557e-01	-1.161846033310650e-01	1101
-1.411085853767705e-02	1.526066045062644e-02	1102
3.007175898853657e-01	1.377789848111930e-01	1103
2.857979171869635e-01	1.361309171951485e-01	1104
2.712022015307380e-01	1.344621520211244e-01	1105
6.761610979621862e-01	-1.210318830686674e-01	1106
-4.731446122339363e-03	3.632529176164201e-02	1107
-7.822732546622442e-03	3.114312950857379e-02	1108
-1.499801061072369e-02	-8.659791478130214e-03	1109
1.240357383270621e-02	-5.827750229382468e-02	1110
8.578259163565589e-01	-8.220134049998627e-02	1111
8.690047776232908e-01	-7.887544849786825e-02	1112
8.797783012012920e-01	-7.552875227793800e-02	1113
8.902197199041109e-01	-7.214716532685612e-02	1114
7.316316079453959e-02	-9.558221417017335e-02	1115
6.390165291896006e-02	-9.132447391700371e-02	1116
9.002355958883880e-01	-6.872201668738220e-02	1117
9.098285352934260e-01	-6.530619486891133e-02	1118
9.190319484153066e-01	-6.184984612084777e-02	1119
9.278013689541492e-01	-5.838597766579585e-02	1120
9.649718437707064e-01	-4.104180474416792e-02	1121
9.710295766478260e-01	-3.755734920159064e-02	1122
7.767611965341072e-01	-1.025133995141222e-01	1123
9.986928281633271e-01	-1.331933447148110e-02	1124
4.612007861290439e-01	-1.416292819533294e-01	1125
4.774739789359385e-01	-1.409015870742135e-01	1126
4.288117965821469e-01	-1.426412470172318e-01	1127
4.449745141967754e-01	-1.421956854164123e-01	1128
9.514438330681937e-01	-4.798779078246565e-02	1129
9.584341023808254e-01	-4.452296333847372e-02	1130
1.378433370912606e-01	-1.168233127175479e-01	1131
1.499055853465731e-01	-1.198106544298532e-01	1132
9.862404016557895e-01	-2.704340933453970e-02	1133
9.902340209072218e-01	-2.354265853723563e-02	1134
7.562340489337299e-01	-1.068560055682578e-01	1135
1.038959950775169e-01	-1.073412603651047e-01	1136
1.151023961631598e-01	-1.105764986457784e-01	1137
1.261678391560639e-01	-1.136866140460122e-01	1138
5.825676734483590e-01	-1.330364297650750e-01	1139
3.135756848863512e-02	-7.323530294343258e-02	1140
3.891433832640319e-02	-7.822440311038062e-02	1141
4.711843198460405e-02	-8.277427829000056e-02	1142
5.515049509267193e-02	-8.693416264303025e-02	1143
3.334286850099628e-01	-1.419015345863880e-01	1144
3.490116963783208e-01	-1.424427251041911e-01	1145
3.647981967956501e-01	-1.427954245256487e-01	1146
3.806466001204215e-01	-1.429931668956805e-01	1147
3.965889994078539e-01	-1.430354149855960e-01	1148
1.752048755734180e-01	-1.252568224703460e-01	1149
1.883386150167828e-01	-1.276793134867750e-01	1150
2.017081592592365e-01	-1.299193452849940e-01	1151
2.153754115078580e-01	-1.319833555165454e-01	1152
2.293340951655015e-01	-1.338861559815561e-01	1153
9.828491441515487e-01	3.174601887445179e-02	1154
9.779726970128936e-01	3.555298952953595e-02	1155
9.725838251258329e-01	3.940686871762389e-02	1156
4.745617349496232e-01	1.470558678121520e-01	1157
4.582084312208731e-01	1.469174921848395e-01	1158
4.420002644293111e-01	1.466063631094026e-01	1159
4.258211785544810e-01	1.461409387959356e-01	1160
4.097677714860934e-01	1.455519522438686e-01	1161
4.827122681338982e-02	7.979522872572632e-02	1162
4.005042972794822e-02	7.558180061502547e-02	1163
2.569512795563946e-01	1.327138398061787e-01	1164
2.426360572901988e-01	1.310331369267904e-01	1165
1.269360370273855e-01	1.085796018912058e-01	1166
1.159963548441434e-01	1.056527744024556e-01	1167
1.048718137551254e-01	1.026550215420396e-01	1168
9.216172756464472e-01	6.704222241694355e-02	1169
9.124883430681705e-01	7.107905891691813e-02	1170
9.029776347677883e-01	7.510812440289240e-02	1171
8.929905225055363e-01	7.913826592185019e-02	1172
8.825915463062842e-01	8.315653468812347e-02	1173
8.718116129281146e-01	8.710296902090275e-02	1174
8.606575395125877e-01	9.103758811668311e-02	1175
8.430896894661200e-01	9.690134417097791e-02	1176
8.248263229702502e-01	1.026014598185913e-01	1177
8.056399056290918e-01	1.081539489336778e-01	1178
7.508264009544293e-01	1.217601789892747e-01	1179
7.216654241008197e-01	1.276123271415993e-01	1180
6.914747069666495e-01	1.327458135275802e-01	1181
6.288544659876512e-01	1.405870655248637e-01	1182
5.967744070188984e-01	1.432729052213623e-01	1183
2.285091630771778e-01	1.289794143942063e-01	1184
2.147996748909136e-01	1.268708638543725e-01	1185
2.013970601540896e-01	1.245979200181471e-01	1186
1.882468509893550e-01	1.222997823783571e-01	1187
1.753364834472877e-01	1.198232526123673e-01	1188
1.626891028662702e-01	1.172224211729982e-01	1189
1.503791792818970e-01	1.144502758504519e-01	1190
3.245043585606584e-02	7.092367125815006e-02	1191
2.560313156033277e-02	6.619668604941137e-02	1192
8.221422775818698e-01	-9.187259863294114e-02	1193
8.343836432133094e-01	-8.869310533705854e-02	1194
8.462475106529259e-01	-8.548183328847120e-02	1195
4.937367844903366e-01	-1.400331906614249e-01	1196
5.180993717591059e-01	-1.384298276569186e-01	1197
1.945926536131199e-02	6.175583673322495e-02	1198
1.330505980283792e-02	5.684364377294215e-02	1199
7.900766683122970e-03	5.159576324391208e-02	1200
9.412097905950118e-02	9.917145939199661e-02	1201
8.397340239516674e-02	9.551056453594339e-02	1202
7.429682046245341e-02	9.170232660532418e-02	1203
6.505581822837139e-02	8.773994226169597e-02	1204
5.631022503894029e-02	8.365630584951485e-02	1205
3.937465275347761e-01	1.447899795167534e-01	1206
3.779550637569121e-01	1.439501745113189e-01	1207
3.622028811123935e-01	1.429861759119134e-01	1208
3.465358213421781e-01	1.418818037168947e-01	1209
9.462264495001288e-01	5.503278419234569e-02	1210
9.384848250291800e-01	5.901122231639890e-02	1211
6.143282350121698e-01	-1.294692786408333e-01	1212
6.455213596201705e-01	-1.254656052356203e-01	1213
2.437296144159502e-01	-1.355741089028079e-01	1214
2.582933767775083e-01	-1.369015634549145e-01	1215
2.727743762052135e-01	-1.381625518555536e-01	1216
2.876021930236794e-01	-1.393508992596240e-01	1217
9.997978096165659e-01	-2.541930542269963e-03	1218
9.998516052417209e-01	2.548402931285984e-03	1219
-8.996270852387795e-03	-4.315650257427892e-02	1220
-1.470229668039867e-02	3.824951864477566e-03	1221
1.000803812079566e+00	-5.613012784056710e-04	1222
9.881894384925204e-01	-3.421852507023013e-02	1223
9.989869341238640e-01	2.123113268016985e-02	1224
-1.805978503941533e-02	1.926555967459569e-02	1225
9.746963557896388e-01	4.922954104350325e-02	1226
1.000818478329375e+00	-8.194101806623156e-03	1227
9.955865695888483e-01	-2.530613746214557e-02	1228
-1.919824590557431e-02	-1.242491121412260e-02	1229
1.549833826594093e-02	-7.342344508834685e-02	1230
-5.351731694658274e-03	-4.923252550235081e-02	1231
3.296599875098464e-01	1.634274996043381e-01	1232
1.000816060388458e+00	5.410016288027094e-04	1233
-8.300874992760781e-03	4.258910406160039e-02	1234
-1.641416994750350e-02	2.511750285137482e-02	1235
-1.037193211607555e-03	-5.535076701893553e-02	1236
9.835627577824082e-01	-3.868694666020117e-02	1237
5.360731903884254e-01	-1.620874748346499e-01	1238
9.964779385120487e-01	2.568523275765409e-02	1239
3.168241117884830e-01	-1.636641314565069e-01	1240
9.527046375144786e-01	-6.036966320225860e-02	1241
9.410771543163129e-01	-6.671101048616741e-02	1242
6.330046151794965e-01	-1.516547906891560e-01	1243
9.314213924497637e-02	-1.202407513560325e-01	1244
1.714077364434751e-01	-1.439974629989094e-01	1245
-1.680772190803786e-02	-2.525982483411789e-02	1246
4.293161349274121e-01	-1.662298783018052e-01	1247
7.227659944815781e-02	-1.107489872873709e-01	1248
8.237906590015831e-02	-1.155701591969132e-01	1249
1.225842117222942e-01	1.250375801555971e-01	1250
9.895013286096983e-01	3.504813916692982e-02	1251
9.357664921673599e-01	7.522272634209265e-02	1252
-1.901549033344808e-02	1.244777278671863e-02	1253
-4.551407095784722e-03	4.847396712799094e-02	1254
9.784245875985366e-01	-4.306334407035847e-02	1255
1.000437412445154e+00	1.207247083117037e-03	1256
9.933411504581975e-01	3.036925692237741e-02	1257
-9.796736406318372e-03	1.825965670283938e-05	1258
-1.835756984404367e-02	-1.931572604059980e-02	1259
9.982865641488621e-01	-2.100912962573790e-02	1260
7.498248271727295e-01	-1.306822182121613e-01	1261
5.044258444748431e-01	1.717181744555137e-01	1262
4.752285592242271e-01	1.707915946375451e-01	1263
1.000916896941771e+00	1.690397386423846e-02	1264
1.001098646894216e+00	-1.361102380537562e-05	1265
1.001040944887032e+00	8.211950439295486e-03	1266
-1.473649201843949e-02	-3.772471726807614e-03	1267
1.000411336262305e+00	-1.218215776247753e-03	1268
2.168794800219400e-02	-7.893969393558881e-02	1269
-1.470617412840623e-02	-3.120810047543609e-02	1270
-1.210413119462036e-02	-3.711982547029881e-02	1271
5.622662016570171e-01	1.700279632461749e-01	1272
9.381267483776353e-03	-6.778607737152886e-02	1273
9.687087472787697e-01	5.395916312758981e-02	1274
9.622290767090118e-01	5.868849148795664e-02	1275
5.333642870495411e-01	1.710261208388343e-01	1276
2.988776881806897e-01	1.600961268945859e-01	1277
2.690626051685684e-01	1.559849621524644e-01	1278
7.245375485880855e-01	-1.360193993902979e-01	1279
-1.151216893669216e-02	3.671872725026559e-02	1280
-1.421398001967559e-02	3.094786989387838e-02	1281
3.621652744508956e-03	-6.126929345423551e-02	1282
8.737526954414844e-01	-9.494575519118549e-02	1283
8.950638000770457e-01	-8.713759497273439e-02	1284
6.266991465180495e-02	-1.057550528455174e-01	1285
9.147376255004694e-01	-7.909534708270755e-02	1286
9.284859275923626e-01	-7.300804235656060e-02	1287
9.727425975610295e-01	-4.743686442433015e-02	1288
1.000387990079405e+00	-1.679968189053384e-02	1289
4.621235187609017e-01	-1.653452323685943e-01	1290
9.598518814393646e-01	-5.610024100244220e-02	1291
9.665445326814194e-01	-5.178334668049174e-02	1292
1.456302935048406e-01	-1.373440140982451e-01	1293
9.922419807285408e-01	-2.978846005717246e-02	1294
7.709095309322610e-01	-1.258034929820915e-01	1295
7.944654077273752e-01	-1.198401727092805e-01	1296
1.103398619794927e-01	-1.263382859113838e-01	1297
1.273116077314659e-01	-1.318401805634284e-01	1298
5.686840072514299e-01	-1.593493783953238e-01	1299
2.888234131015900e-02	-8.490925240403528e-02	1300
3.712100272633237e-02	-9.079653465417926e-02	1301
4.534317155026169e-02	-9.568519466040820e-02	1302
5.357542420414233e-02	-1.006072915668559e-01	1303
3.483230612532791e-01	-1.653601745599038e-01	1304
3.804244962044179e-01	-1.662143616503442e-01	1305
4.047420591281744e-01	-1.665081132781362e-01	1306
1.984362240829894e-01	-1.496343456820953e-01	1307
2.266359936493848e-01	-1.545729669778882e-01	1308
9.850920472163915e-01	3.980510828067278e-02	1309
9.801666262909083e-01	4.450225388689338e-02	1310
4.421822116447193e-01	1.702427997322690e-01	1311
4.094946241185041e-01	1.690626720294565e-01	1312
3.849159455990273e-02	8.811035486065030e-02	1313
2.401094248364843e-01	1.522304666741747e-01	1314
1.059130366052564e-01	1.200013127083298e-01	1315
8.204139286940735e-01	1.243184913543012e-01	1316
9.179953857467057e-01	8.458578899720109e-02	1317
8.984337539695685e-01	9.387341165061486e-02	1318
8.771130578261217e-01	1.029294942965592e-01	1319
8.572712736884084e-01	1.114045554658547e-01	1320
8.393084980924601e-01	1.179321911059934e-01	1321
7.972658572124395e-01	1.314207142450748e-01	1322
7.696088241686342e-01	1.391059707302451e-01	1323
7.406834503604339e-01	1.461065372059060e-01	1324
7.106834036660753e-01	1.523346217947465e-01	1325
6.797206695806891e-01	1.577253430635789e-01	1326
6.480009130197437e-01	1.622137005832259e-01	1327
6.157342076862559e-01	1.657872231096582e-01	1328
5.871746621985660e-01	1.683606284624855e-01	1329
2.117211435937436e-01	1.471344124961492e-01	1330
1.847879862232758e-01	1.417117721134376e-01	1331
1.651509549709025e-01	1.371828144975209e-01	1332
1.523799269204890e-01	1.338705657975369e-01	1333
1.400444036767280e-01	1.303650542373772e-01	1334
3.020364674687494e-02	8.257318025254583e-02	1335
2.294027193565893e-02	7.691258884231454e-02	1336
8.173088888654285e-01	-1.136404279941611e-01	1337
8.389219748227200e-01	-1.063101944562081e-01	1338
8.567947036418773e-01	-1.007885707471179e-01	1339
4.868439339272538e-01	-1.642319194905454e-01	1340
5.075291562239599e-01	-1.641596667462411e-01	1341
1.667902289213522e-02	7.166087755042261e-02	1342
1.048512339722826e-02	6.629671202067332e-02	1343
4.623848678229924e-03	6.006437741334190e-02	1344
-1.318505031510564e-04	5.437376272258702e-02	1345
9.438674380836738e-02	1.158703160708219e-01	1346
8.367279700025107e-02	1.114637374157386e-01	1347
7.360436899143379e-02	1.069070256944291e-01	1348
6.402329679163925e-02	1.021851779308288e-01	1349
5.495315961776684e-02	9.731996655857980e-02	1350
4.671703488768789e-02	9.268856137877010e-02	1351
3.772844648937073e-01	1.671556154106717e-01	1352
3.533271851774809e-01	1.656315722643148e-01	1353
9.552838647175448e-01	6.339736387643649e-02	1354
9.478821499776090e-01	6.809690756165800e-02	1355
6.011889938375180e-01	-1.558196649155804e-01	1356
6.642390457390287e-01	-1.469629742751087e-01	1357
6.948115551623621e-01	-1.417367140656081e-01	1358
2.562230885187600e-01	-1.581392828589482e-01	1359
2.859283675806175e-01	-1.612362063395558e-01	1360
1.001792074085322e+00	1.422538857899399e-02	1361
1.000432368569261e+00	-2.476849534589894e-03	1362
1.000187159471208e+00	-3.347929023619000e-03	1363
1.000896083099829e+00	6.716249492061596e-03	1364
3.821093317827391e-02	-1.072967239159366e-01	1365
1.002276644793512e+00	2.012107123044284e-02	1366
1.001103657244746e+00	3.366844446329609e-04	1367
1.001281004171897e+00	-9.815909328730688e-03	1368
-1.667292159576222e-02	-4.323034584726547e-02	1369
-5.670028889319202e-03	-6.366866774878226e-02	1370
1.000721320120022e+00	-6.706482097482059e-03	1371
1.001358287388451e+00	-1.417784258599896e-02	1372
-1.594728922654281e-02	4.280724131963203e-02	1373
-2.373888194405956e-02	1.650956631688494e-02	1374
-2.400235129828971e-02	-1.648765347284793e-02	1375
9.884895866202947e-01	4.844162053099565e-02	1376
7.658083469675673e-01	-1.519882834567866e-01	1377
3.398592670460132e-01	1.909825907184680e-01	1378
1.001559753256436e+00	9.831180465368716e-03	1379
9.280240016526468e-01	-9.055472772647181e-02	1380
5.285655274495676e-03	-7.819027804365170e-02	1381
3.979261553880115e-02	1.044485370696509e-01	1382
-1.277126221658308e-02	4.938928451997934e-02	1383
-1.361494926319044e-02	-4.997808526062138e-02	1384
4.172528851027654e-01	-1.936663572146970e-01	1385
9.625735992506073e-01	-6.871200815764825e-02	1386
6.525873709202866e-01	-1.759760240744558e-01	1387
5.546715582538527e-01	-1.884194611940589e-01	1388
9.911734415744028e-01	-4.187370809607099e-02	1389
9.950820567202410e-01	-3.640151482967532e-02	1390
1.122791835480604e-02	-8.424485361981415e-02	1391
1.769346387619012e-02	-9.081795396317820e-02	1392
1.000825192596750e+00	9.849943891460885e-04	1393
9.994721274065091e-01	3.114679998371164e-02	1394
1.001835829651411e+00	2.581732947105518e-02	1395
9.780810915116127e-01	5.987084685143051e-02	1396
2.811912298015850e-01	1.832212041197089e-01	1397
5.774844352237358e-01	1.964502062754145e-01	1398
7.144874996893966e-01	-1.641907136693635e-01	1399
6.020489110019261e-02	-1.217807881963174e-01	1400
1.000263648906967e+00	3.349843974222413e-03	1401
1.000488121644314e+00	2.468955054858092e-03	1402
-1.373613751680729e-02	4.656755325333758e-04	1403
9.866248413944944e-01	-4.741265895361702e-02	1404
9.835728809295853e-01	5.414337220485593e-02	1405
1.001095625851927e+00	-3.638764229721219e-04	1406
9.983657475034752e-01	-3.083228410753660e-02	1407
-2.268454649873173e-02	2.363962646836933e-02	1408
-9.931444706926905e-03	-5.694266742645467e-02	1409
5.237815712234318e-01	-1.908825943721403e-01	1410
-2.307477426394358e-02	-2.369793162666163e-02	1411
7.018309766728374e-02	-1.276463667801875e-01	1412
8.081085819058681e-02	-1.333542027064618e-01	1413
9.964415836009338e-01	3.691799839244001e-02	1414
-1.972944991029625e-02	6.388813047593781e-03	1415
9.814597816635959e-01	-5.280713780923936e-02	1416
1.000953592906576e+00	-2.565380966701581e-02	1417
7.422986583159047e-01	-1.578739555047517e-01	1418
-1.982423864258238e-02	-6.322029669054575e-03	1419
1.000802914384606e+00	-1.005037652511891e-03	1420
5.078195197465220e-02	-1.157399425735771e-01	1421
-2.149079801137124e-02	-3.022750982993344e-02	1422
-1.935799299824013e-02	-3.674027896408060e-02	1423
5.207504459882585e-01	1.989735402018324e-01	1424
-7.196400675619448e-04	-7.074703164476286e-02	1425
9.720410769698272e-01	6.556607126797305e-02	1426
5.499067225175464e-01	1.979434503396811e-01	1427
3.123104899856112e-01	1.877385550678788e-01	1428
6.048280381317165e-01	1.939646838895403e-01	1429
-1.874420557127386e-02	3.646085926408957e-02	1430
-2.098956033250518e-02	3.007017913139804e-02	1431
8.907493651122438e-01	-1.085154423688697e-01	1432
9.113606695787916e-01	-9.902942771227813e-02	1433
9.413379999708927e-01	-8.298002921925016e-02	1434
9.533407142787760e-01	-7.531004911400406e-02	1435
1.001618036256277e+00	-2.003430045254517e-02	1436
4.463873833524640e-01	-1.933013112881742e-01	1437
9.694323153958371e-01	-6.353706771973867e-02	1438
9.757196647462508e-01	-5.819887768782936e-02	1439
3.921712634905464e-01	-1.933792753872901e-01	1440
8.349907138927768e-01	-1.305138045686693e-01	1441
8.539166239622870e-01	-1.233233763374578e-01	1442
7.884178133086268e-01	-1.457031494990441e-01	1443
9.546209187808465e-02	-1.400270935544939e-01	1444
1.128100674723162e-01	-1.466595161828693e-01	1445
1.305379595498763e-01	-1.532413318961223e-01	1446
2.551814007325667e-02	-9.798980069731959e-02	1447
3.309891608518287e-01	-1.905408377784487e-01	1448
3.635188104109702e-01	-1.924082805790942e-01	1449
1.529762396562196e-01	-1.606242484447359e-01	1450
1.800960395862537e-01	-1.681835981543629e-01	1451
6.839306780949032e-01	-1.704009455989904e-01	1452
9.927828947568115e-01	4.262646202011069e-02	1453
4.901586660257125e-01	1.988766335521061e-01	1454
4.595919347414045e-01	1.981027100016436e-01	1455
1.085398956481440e-01	1.402397156252455e-01	1456
9.337826033996853e-01	9.376931132628449e-02	1457
9.151269652335288e-01	1.047260285722027e-01	1458
8.364606102268040e-01	1.415341644083908e-01	1459
8.945495406431118e-01	1.154614153673515e-01	1460
8.745758061980315e-01	1.252880081686931e-01	1461
8.550325037985258e-01	1.341570739605073e-01	1462
8.151650023215748e-01	1.492387320464926e-01	1463
7.895244646247987e-01	1.576152473227841e-01	1464
7.608665499879769e-01	1.659563081151285e-01	1465
7.309986445209766e-01	1.734710396338551e-01	1466
7.000637303681906e-01	1.800910401869271e-01	1467
6.682205895654953e-01	1.857496655884104e-01	1468
6.357051817928407e-01	1.903937447485629e-01	1469
2.518423521468541e-01	1.786260176115658e-01	1470
2.220008889975608e-01	1.731987543919996e-01	1471
1.938417961666087e-01	1.667616538024585e-01	1472
1.699726954221705e-01	1.605747791262545e-01	1473
1.473178991934840e-01	1.525154136557688e-01	1474
1.254741999154691e-01	1.462555737781553e-01	1475
2.706567441791197e-02	9.566378744793945e-02	1476
1.915974944694201e-02	8.879947826080462e-02	1477
8.117659125794799e-01	-1.386667753022963e-01	1478
8.716458279757583e-01	-1.165427508476356e-01	1479
4.756885371670780e-01	-1.924240155631378e-01	1480
4.972751591275014e-01	-1.919682858781982e-01	1481
1.261170395984352e-02	8.248559121622931e-02	1482
6.590472348246279e-03	7.667330168339571e-02	1483
4.744899635015728e-04	6.951473413292747e-02	1484
-4.590126276874209e-03	6.267717513877234e-02	1485
-8.965731826885556e-03	5.615997224194690e-02	1486
9.386489007921721e-02	1.346531409455997e-01	1487
8.229058917230687e-02	1.293427843614097e-01	1488
7.168461835135163e-02	1.238781516036034e-01	1489
6.172881891748761e-02	1.182616241137063e-01	1490
5.231017381966409e-02	1.124607924052918e-01	1491
4.261559981324964e-01	1.970862881816561e-01	1492
3.929935487017744e-01	1.952438414715307e-01	1493
3.644651907911235e-01	1.932149123483919e-01	1494
9.618372927160510e-01	7.384596864818962e-02	1495
9.487501622818283e-01	8.397134003399130e-02	1496
5.878954337668955e-01	-1.851313063707965e-01	1497
6.206175331403637e-01	-1.809000066069021e-01	1498
2.082420658407290e-01	-1.746986299355242e-01	1499
2.382529219596408e-01	-1.801188144216466e-01	1500
2.682648905271401e-01	-1.841643082368034e-01	1501
2.991651594952352e-01	-1.877625315268001e-01	1502
1.000912702314922e+00	3.046370477668758e-03	1503
1.000177944051579e+00	-5.109164484270539e-03	1504
9.994417333551453e-01	-5.670488885612814e-03	1505
1.000695656029290e+00	1.162798421393836e-02	1506
-2.800276828323907e-02	2.838309582289666e-02	1507
1.000302084083341e+00	5.122087404209898e-03	1508
-2.411742661380892e-02	4.247964384591280e-02	1509
9.736210190867780e-01	-7.616416701570949e-02	1510
1.001157172711859e+00	-7.714938475779799e-04	1511
1.002929699922892e+00	-1.624593883503945e-02	1512
1.004496459090932e+00	-1.709297130482444e-02	1513
9.908700636813611e-01	-5.659674648526190e-02	1514
1.000821621918882e+00	1.428182646681844e-03	1515
9.930667093786114e-01	5.748717445804182e-02	1516
2.628201434139767e-01	2.083613568234249e-01	1517
1.002203549494849e+00	-8.675487760566923e-03	1518
1.001806239618867e+00	-7.382337855564021e-03	1519
-1.139030826897109e-02	-7.279988429182099e-02	1520
1.001174704879146e+00	7.429791474765187e-04	1521
-1.827964431453270e-02	5.674635012051627e-02	1522
1.344514657853647e-01	-1.779316736361995e-01	1523
3.564389861374728e-02	-1.241807283296641e-01	1524
9.429199506191113e-01	-1.012373079430434e-01	1525
7.841984997555331e-01	-1.745495351275124e-01	1526
1.000361047569747e+00	-1.156958416193369e-02	1527
1.002008615297564e+00	7.365030585534775e-03	1528
1.002449587177752e+00	8.654343952273951e-03	1529
1.000789104006717e+00	-1.447250853898001e-03	1530
-2.222748477387495e-02	-4.974192438787209e-02	1531
5.664512588348768e-01	2.277778465005723e-01	1532
6.734169500932363e-01	-2.025019777218308e-01	1533
4.321057031992880e-01	-2.240174322169756e-01	1534
5.949106949081556e-01	2.254524083827346e-01	1535
9.498527808273890e-01	1.025444378420439e-01	1536
9.134738172579248e-01	1.275388381440102e-01	1537
3.235407578804164e-01	2.184330783122782e-01	1538
2.486099637348010e-02	1.117030118539145e-01	1539
5.117567446862289e-01	-2.223861532949271e-01	1540
-2.136705887038137e-02	4.931885366121803e-02	1541
1.003937460662133e+00	2.996267976053797e-02	1542
5.416360021720734e-01	-2.205320042573030e-01	1543
9.995764565438564e-01	5.706438828759115e-03	1544
1.003446137542242e+00	1.625552115898036e-02	1545
1.005051105995096e+00	1.705354573707754e-02	1546
1.000840304741507e+00	-3.061633260227252e-03	1547
-2.908657994520917e-02	2.085690296233162e-02	1548
3.503642173553529e-01	2.217246105537111e-01	1549
1.001469669109419e+00	1.560166180210983e-04	1550
1.001465542619221e+00	-1.921025256510522e-04	1551
-6.179655913462081e-03	-8.112256339770646e-02	1552
-1.565479256348655e-02	-6.517300550022989e-02	1553
4.042574418462995e-01	-2.237769995875140e-01	1554
9.953257217642667e-01	-4.987810123607613e-02	1555
9.988531131343095e-01	-4.319415813866011e-02	1556
-2.206928170136418e-04	-8.936772105678283e-02	1557
5.585372861666159e-03	-9.605270537147721e-02	1558
1.000871653948765e+00	2.058792466354633e-03	1559
9.972315588665984e-01	5.050392423805389e-02	1560
9.883211200313334e-01	6.434858079152785e-02	1561
2.934877878447694e-01	2.137930590978303e-01	1562
7.049419811534985e-01	-1.958060453295126e-01	1563
5.150000204981822e-02	-1.357199133478778e-01	1564
1.002145081664892e+00	-3.678332181370824e-02	1565
-1.927352321368139e-02	-5.733396664623130e-02	1566
-2.943891763695347e-02	-2.082692194641950e-02	1567
6.699435889298187e-02	-1.458341374603454e-01	1568
7.991235320120964e-02	-1.540130197810754e-01	1569
1.003478911734422e+00	3.699456906405983e-02	1570
-2.454613374380791e-02	1.021639415415882e-02	1571
-1.798116617649160e-02	-1.870620766489083e-03	1572
1.002883943960292e+00	-2.984266472478039e-02	1573
7.346006387734816e-01	-1.886478732009985e-01	1574
7.606765734749112e-01	-1.816267436767773e-01	1575
-1.979832482291091e-02	2.884135327988529e-05	1576
-2.470492726943708e-02	-1.014404394291464e-02	1577
1.000823905964628e+00	-2.077283529872937e-03	1578
-2.849198071095218e-02	-2.843851887548904e-02	1579
-2.703116874337257e-02	-3.560586719505991e-02	1580
-2.485742062909128e-02	-4.276332073769788e-02	1581
5.376303626988307e-01	2.291238717286549e-01	1582
9.828976806029840e-01	7.121663769222918e-02	1583
-2.641637298814619e-02	3.544793312143155e-02	1584
9.092491251603432e-01	-1.216650754295519e-01	1585
9.278848780643785e-01	-1.109396596092504e-01	1586
9.555499672203711e-01	-9.195810069471982e-02	1587
9.660332677291404e-01	-8.327295644415943e-02	1588
9.801388190271559e-01	-6.972207014670344e-02	1589
9.858416632928250e-01	-6.317033187252673e-02	1590
8.527152543074908e-01	-1.488477579312545e-01	1591
8.314527327643070e-01	-1.578207478646486e-01	1592
9.656713381456250e-02	-1.621855420617534e-01	1593
1.140499387240175e-01	-1.695472295183423e-01	1594
1.258459664392811e-02	-1.039936951317710e-01	1595
2.314439845161336e-02	-1.140990175287060e-01	1596
3.453720713023806e-01	-2.207440080325812e-01	1597
3.766797209795004e-01	-2.227444072491310e-01	1598
1.598079553838901e-01	-1.870023932855741e-01	1599
1.000467700856847e+00	4.359970111796558e-02	1600
5.066491355382967e-01	2.297073359699057e-01	1601
4.754266665592521e-01	2.292353638114400e-01	1602
9.331396413728161e-01	1.147927200766546e-01	1603
8.934700347515697e-01	1.393160274615250e-01	1604
8.736968958717622e-01	1.500853426134161e-01	1605
8.541030427979844e-01	1.596209807207696e-01	1606
8.338705431453652e-01	1.683190749961095e-01	1607
8.100730617939103e-01	1.775333024238499e-01	1608
7.825626340076084e-01	1.870700429981583e-01	1609
7.527926427712742e-01	1.961264513901191e-01	1610
7.218382603189043e-01	2.042144808097238e-01	1611
6.898373660950710e-01	2.112547472564131e-01	1612
6.569964110592023e-01	2.171887831565902e-01	1613
6.247011519687216e-01	2.219343399032199e-01	1614
2.324890669016571e-01	2.025119935850887e-01	1615
1.508588445894086e-01	1.785821083213044e-01	1616
1.299878573857919e-01	1.705369651023684e-01	1617
2.023840001765008e-01	1.951946765445144e-01	1618
1.757773229292469e-01	1.875337298794784e-01	1619
1.097123120751385e-01	1.628917967798924e-01	1620
1.424176050711577e-02	1.020014391828445e-01	1621
8.074503881566235e-01	-1.668267139436721e-01	1622
8.707233066864385e-01	-1.408320580195652e-01	1623
8.893502677355437e-01	-1.320425686239988e-01	1624
4.618688712336518e-01	-2.235911489854368e-01	1625
4.870907513675680e-01	-2.230755436457901e-01	1626
7.159909058220308e-03	9.432697476761173e-02	1627
1.277557194446735e-03	8.785244977890451e-02	1628
-4.792563865746328e-03	7.988288421431602e-02	1629
-1.013320074595310e-02	7.181385870717703e-02	1630
-1.452434919681286e-02	6.439418566062380e-02	1631
9.371527764266351e-02	1.562120272004348e-01	1632
7.997027134319949e-02	1.490426136026270e-01	1633
6.866798070685098e-02	1.422052605889949e-01	1634
5.818096667284194e-02	1.356808894481260e-01	1635
4.821391357556920e-02	1.291597139011551e-01	1636
3.737495678831919e-02	1.213087978649145e-01	1637
4.433551978730519e-01	2.282454408519515e-01	1638
4.092335731013751e-01	2.265641041411003e-01	1639
3.777093238233477e-01	2.242759888878229e-01	1640
9.748823195709929e-01	7.982768903791766e-02	1641
9.639371613100047e-01	9.048312638195756e-02	1642
5.742857571564334e-01	-2.176342838431896e-01	1643
6.081464026957452e-01	-2.135014194901748e-01	1644
6.411647583580136e-01	-2.084021740431760e-01	1645
1.881777753343954e-01	-1.956044607764174e-01	1646
2.182494946298225e-01	-2.030153380590307e-01	1647
2.493199412528290e-01	-2.089036860835933e-01	1648
2.802223312487499e-01	-2.135486577885025e-01	1649
3.123473957323581e-01	-2.176527083666158e-01	1650
-3.518764095462429e-02	2.548024710329226e-02	1651
1.000339984035447e+00	-4.310294070003364e-03	1652
1.007585624764853e+00	3.374219899633502e-02	1653
-3.139069242348381e-02	-4.915003718690823e-02	1654
1.004061896899311e+00	1.406250677815881e-02	1655
1.002600469846223e+00	5.852599286584738e-02	1656
3.619913004092258e-01	2.561762074505427e-01	1657
8.523396084219239e-01	-1.778122400963883e-01	1658
-1.834904175869335e-02	-8.279095324714977e-02	1659
1.001290027985136e+00	1.709027873515875e-03	1660
9.673899558306934e-01	1.091908587119558e-01	1661
1.000442971634732e+00	4.313634197728852e-03	1662
-2.442450592857276e-02	3.995967185902932e-03	1663
1.002760635484114e+00	-1.006784871350633e-02	1664
1.000849028112564e+00	-3.970124242096872e-03	1665
8.291806055902563e-01	-1.884477715045356e-01	1666
-2.993414681999699e-02	1.404099084238954e-02	1667
1.000988393721144e+00	-2.630597924909905e-03	1668
1.001941499798334e+00	6.200906666350220e-03	1669
-2.893618726268695e-02	-5.663779513903337e-02	1670
8.049305413293307e-01	-1.982977498668272e-01	1671
4.473614742359080e-01	-2.579244346702701e-01	1672
9.858766273170576e-01	-8.200353541819420e-02	1673
1.382200921173976e-01	-2.061094918525117e-01	1674
4.177577155369333e-01	-2.577580526349172e-01	1675
9.989373127742526e-01	6.672857716571473e-02	1676
9.521307623536832e-01	1.237404521041295e-01	1677
5.548175397735008e-01	2.625967178553600e-01	1678
2.424075102500986e-01	2.353759488664151e-01	1679
9.456409917896528e-01	-1.219525801084860e-01	1680
-2.501589397919776e-02	6.460189494450602e-02	1681
2.108781304641056e-01	2.273347374080300e-01	1682
5.845614862210351e-01	2.606026032947882e-01	1683
1.000945611637473e+00	3.958680564011731e-03	1684
1.003055651591727e+00	1.003806618132381e-02	1685
1.001774986019940e+00	-6.224474052185815e-03	1686
1.003621088449291e+00	-1.409250972999868e-02	1687
1.003984359764542e+00	-2.316158950946041e-02	1688
1.001050490083694e+00	2.609960327541956e-03	1689
1.002676668060472e+00	1.188358243476426e-02	1690
1.001221241155752e+00	1.197404088701484e-03	1691
1.003081540448356e+00	-7.697831776780420e-03	1692
1.001249159794460e+00	-1.738478393944338e-03	1693
-2.262887892398166e-02	-7.395713934340947e-02	1694
1.001486125754374e+00	5.313689013325751e-04	1695
1.001473075145058e+00	-5.675893781423044e-04	1696
1.001878565632852e+00	-2.310381942208550e-05	1697
1.001192921583097e+00	-1.226336123720084e-03	1698
9.340713436625994e-01	1.384787422029635e-01	1699
3.338899332401051e-01	2.526328368861540e-01	1700
-2.794225784477999e-02	5.623853058266056e-02	1701
-3.052412654778006e-02	4.888225050189356e-02	1702
5.287592137198852e-01	-2.559226083686535e-01	1703
1.005953553781065e+00	2.632885468952051e-02	1704
1.004770190742942e+00	2.318854523727266e-02	1705
1.002321270391718e+00	-1.188661114093833e-02	1706
1.003300624662797e+00	7.643991807451858e-03	1707
-2.615858097880712e-02	-6.516255254860413e-02	1708
1.000408499049630e+00	-5.805966917629097e-02	1709
1.003645569381505e+00	-4.997498344938196e-02	1710
-1.309229185570881e-02	-9.219886040201242e-02	1711
-4.251617497347987e-03	-1.050258895595865e-01	1712
1.889474273899750e-02	-1.317200184731784e-01	1713
3.045252434912476e-01	2.478690798903569e-01	1714
2.734733067257941e-01	2.418668236150737e-01	1715
6.959237824458748e-01	-2.312410436173023e-01	1716
1.004895687139381e+00	-4.223592451244632e-02	1717
3.300874647204389e-02	-1.439085075857264e-01	1718
4.856688371469982e-02	-1.565445471042478e-01	1719
6.229071632526124e-02	-1.670246116158303e-01	1720
-3.016831308475185e-02	-1.395332779528675e-02	1721
1.006378316806504e+00	-3.372698856339905e-02	1722
1.005041138194993e+00	-2.631943477577505e-02	1723
7.272003313916318e-01	-2.233059418195741e-01	1724
7.556470254570593e-01	-2.151317525405217e-01	1725
7.810534235318153e-01	-2.069328564229323e-01	1726
-2.495784113794526e-02	-4.687702794520594e-03	1727
-3.563469879354561e-02	-2.543118749720480e-02	1728
-3.483200712629225e-02	-3.342134107747177e-02	1729
-3.338830114983895e-02	-4.139645241988239e-02	1730
9.945080016098294e-01	7.494638835812915e-02	1731
-3.265611290033155e-02	4.125102481024072e-02	1732
-3.424067550692922e-02	3.338398588997968e-02	1733
9.288515263505660e-01	-1.342089686319581e-01	1734
9.594217646256596e-01	-1.104383589784618e-01	1735
9.707161524409337e-01	-9.956383289118749e-02	1736
9.794516332600480e-01	-8.996262788159085e-02	1737
9.916769293838905e-01	-7.397318302456794e-02	1738
9.964219195588233e-01	-6.602283303031169e-02	1739
7.836220032961415e-02	-1.774505720141961e-01	1740
9.610562282529322e-02	-1.868293340126624e-01	1741
1.148580850592937e-01	-1.956165472375191e-01	1742
7.406587867986079e-03	-1.196199864486335e-01	1743
3.587096747160242e-01	-2.546110487961648e-01	1744
3.890541069449479e-01	-2.567097286871321e-01	1745
1.006450477020835e+00	4.236745200732624e-02	1746
1.005513883165250e+00	5.023729116739765e-02	1747
5.241003480351397e-01	2.636910023941377e-01	1748
4.918796382193211e-01	2.637662196329243e-01	1749
9.144064707226819e-01	1.527244652564954e-01	1750
8.946718043890717e-01	1.657137101935051e-01	1751
8.746684794772187e-01	1.775949536618950e-01	1752
8.542116232532186e-01	1.882990080974882e-01	1753
8.317881278692003e-01	1.986854707612712e-01	1754
8.057105970400251e-01	2.094722100196293e-01	1755
7.765257891303401e-01	2.201629084540679e-01	1756
7.454898741533798e-01	2.300218106133710e-01	1757
7.132576780119719e-01	2.387383407877836e-01	1758
6.800215885014991e-01	2.462337903043339e-01	1759
6.466612180683200e-01	2.524035591812998e-01	1760
6.148133155943135e-01	2.571921197249768e-01	1761
1.313214396341498e-01	1.978439429645097e-01	1762
1.815236436131301e-01	2.182157496088596e-01	1763
1.544216272172095e-01	2.079661837478411e-01	1764
1.112574774219760e-01	1.886932460437145e-01	1765
9.209354221915053e-03	1.176475665516413e-01	1766
8.719480637406922e-01	-1.679396742721777e-01	1767
8.902247029053270e-01	-1.581142374760201e-01	1768
9.096324852478198e-01	-1.467298776815065e-01	1769
4.750904415408271e-01	-2.576572166902877e-01	1770
5.003244797085004e-01	-2.571785170884254e-01	1771
3.315874282692725e-04	1.073768450886809e-01	1772
-5.407851369482440e-03	9.953183880625525e-02	1773
-1.150209680781931e-02	9.098565289150584e-02	1774
-1.691031019563536e-02	8.183186558139798e-02	1775
-2.133553928653229e-02	7.320864443371881e-02	1776
9.260058384993743e-02	1.805135023342092e-01	1777
7.656160911652556e-02	1.716586670307667e-01	1778
5.876497493376073e-02	1.583070874389962e-01	1779
4.333134474579935e-02	1.470308584650416e-01	1780
3.227317955290640e-02	1.392059762330189e-01	1781
2.077127877901929e-02	1.293135047861770e-01	1782
4.597466554615866e-01	2.629434055545842e-01	1783
4.260693711535314e-01	2.614070484349046e-01	1784
3.923204190074949e-01	2.590583398784072e-01	1785
9.881895514849129e-01	8.439198863227537e-02	1786
9.794191472638918e-01	9.574321541059627e-02	1787
5.609400369192752e-01	-2.534846990344797e-01	1788
5.953141161809349e-01	-2.497604528950415e-01	1789
6.297806912475440e-01	-2.446045242627104e-01	1790
6.632494249054574e-01	-2.384058280778540e-01	1791
1.657966348740524e-01	-2.168233565191488e-01	1792
1.960464137989213e-01	-2.266371556922941e-01	1793
2.278968657585922e-01	-2.349089431256531e-01	1794
2.599135386771597e-01	-2.412314319004848e-01	1795
2.920146826231589e-01	-2.466571348477821e-01	1796
3.255949567726759e-01	-2.512601410186394e-01	1797
1.003615231983159e+00	-8.953118942164174e-03	1798
1.008060131990541e+00	-3.057373642173485e-02	1799
1.009494399860131e+00	6.659646340775367e-02	1800
-3.599436435451259e-02	1.800008124425967e-02	1801
-3.028209277266578e-02	7.011160677840399e-03	1802
1.007027205968706e+00	-6.634031887420311e-02	1803
6.874133250112729e-01	-2.709092980887079e-01	1804
8.532294827887278e-01	-2.104407585028163e-01	1805
3.443745172200591e-01	2.908581829942529e-01	1806
1.008369752943640e+00	3.898120189596213e-02	1807
1.002797212651491e+00	-6.776157829344097e-03	1808
1.000926493946009e+00	5.460964122674436e-03	1809
1.000788538355083e+00	-5.461987889470662e-03	1810
1.001560301253721e+00	-9.895084751669202e-04	1811
7.538504009934957e-04	-1.370729310948351e-01	1812
1.003877549775840e+00	8.889777408709979e-03	1813
1.001885308886791e+00	-3.714922443047351e-04	1814
9.561249035328947e-01	1.475852164406048e-01	1815
1.004769153525462e+00	1.208347612991525e-02	1816
1.008153937923602e+00	2.370661212758432e-02	1817
1.005494162027548e+00	2.004609002575676e-02	1818
1.001583588007271e+00	9.514183982810754e-04	1819
9.498450495724706e-01	-1.453477810477653e-01	1820
8.749167599168745e-01	-1.983642397606316e-01	1821
-3.630690219416624e-02	-1.788638960617241e-02	1822
-3.097220045164787e-02	-8.332051334082363e-02	1823
2.716489962241907e-03	1.351320779362877e-01	1824
1.871258644787241e-01	2.529923265257000e-01	1825
1.004825657010249e+00	-2.007491831604877e-02	1826
9.854635823323795e-01	1.135478543647408e-01	1827
8.288554803739226e-01	-2.225909363940624e-01	1828
1.151101798639331e-01	-2.252858176329720e-01	1829
1.006950093901051e+00	-3.894811921933387e-02	1830
-2.680258531338203e-02	-9.352647385737684e-02	1831
4.748726006990263e-01	-2.951564045740551e-01	1832
1.010181825359778e+00	5.657439580986924e-02	1833
5.734087157802060e-01	2.997050838413426e-01	1834
9.987497797868971e-01	-8.517282654702529e-02	1835
5.476478488651447e-01	-2.930492725758614e-01	1836
-3.312229227685010e-02	7.295748233156374e-02	1837
1.315350239690157e-01	2.287738301256216e-01	1838
1.411920866845323e-01	-2.380341993104191e-01	1839
4.321859330992298e-01	-2.957483951106791e-01	1840
3.748319772008516e-01	2.947475719006865e-01	1841
-3.913654518927016e-02	-5.576689749420385e-02	1842
-3.697353510308224e-02	-6.387459696243343e-02	1843
1.001418079842000e+00	2.218985896238869e-03	1844
-2.864154560254716e-02	-1.133073340793296e-04	1845
9.724605892870705e-01	1.301912425619428e-01	1846
2.189464241625630e-01	2.634713419057472e-01	1847
1.001364154826391e+00	-2.250048306221625e-03	1848
1.004394397433035e+00	-1.215222860251800e-02	1849
-3.440942120252734e-02	-7.346516078378812e-02	1850
1.001703507325360e+00	1.393569502788840e-03	1851
1.002986122943612e+00	6.725938758796444e-03	1852
1.001893822031042e+00	3.250772880769085e-04	1853
1.001669135790388e+00	-1.433835606537797e-03	1854
-3.585049229528584e-02	6.352447386687869e-02	1855
-3.814814881591175e-02	5.553800871208973e-02	1856
1.009145186743315e+00	3.050070477789566e-02	1857
1.008088240953159e+00	-5.643772025217442e-02	1858
9.421337768685542e-02	-2.144072837757717e-01	1859
3.144029289271946e-01	2.858267182214737e-01	1860
2.832116958953879e-01	2.793749681891874e-01	1861
2.516117278382223e-01	2.721097539932241e-01	1862
1.353988063547901e-02	-1.517141102323087e-01	1863
2.802638183126035e-02	-1.654072718469515e-01	1864
4.216936982007686e-02	-1.786464748911139e-01	1865
1.012630803486760e+00	-4.746042967061326e-02	1866
1.007334276012232e+00	-2.379895521828130e-02	1867
7.203457754073597e-01	-2.622220534167967e-01	1868
7.510267194084050e-01	-2.529064417572792e-01	1869
7.787173512543302e-01	-2.433715099878304e-01	1870
8.040914690916836e-01	-2.334872011989169e-01	1871
-3.060169125936653e-02	-7.314792336597336e-03	1872
-4.088935259765458e-02	-4.740386827481063e-02	1873
-4.278624717728920e-02	-3.014523846288297e-02	1874
-4.212689640479666e-02	-3.881005535350698e-02	1875
1.006043642758275e+00	7.594972380818885e-02	1876
-4.004242715466770e-02	4.729039006935917e-02	1877
-4.142904486538375e-02	3.880212862188821e-02	1878
-4.224278310235418e-02	3.022733976311089e-02	1879
9.649254269191700e-01	-1.310180248204164e-01	1880
9.771025669314427e-01	-1.174819826960675e-01	1881
9.865442457367586e-01	-1.051728637977460e-01	1882
9.934412005089230e-01	-9.466388045058953e-02	1883
1.003232650253211e+00	-7.546457897593536e-02	1884
5.751488121492410e-02	-1.913656555089336e-01	1885
7.543683061099878e-02	-2.036875800540371e-01	1886
-2.007771165270928e-02	-1.062329406462802e-01	1887
-1.082895188770493e-02	-1.218704948766699e-01	1888
3.711057668912258e-01	-2.925245518903980e-01	1889
4.018536826976013e-01	-2.947072584443279e-01	1890
1.014357107589462e+00	4.734122221697538e-02	1891
5.420835421278296e-01	3.013026841517280e-01	1892
5.094471143765663e-01	3.019764518036620e-01	1893
9.375675569352407e-01	1.645796305770191e-01	1894
9.181119453872197e-01	1.803815443054096e-01	1895
8.981826592364830e-01	1.948918052847196e-01	1896
8.774484465096490e-01	2.082451793858675e-01	1897
8.554261770901944e-01	2.206495504332385e-01	1898
8.306596648885927e-01	2.329778114122718e-01	1899
8.024460349839133e-01	2.454115877430553e-01	1900
7.715666213117605e-01	2.573212933972460e-01	1901
7.390293725002037e-01	2.680913650529111e-01	1902
7.052964594904922e-01	2.775034287805730e-01	1903
6.709707519661604e-01	2.854384578250611e-01	1904
6.373634067086295e-01	2.918009459822783e-01	1905
6.050557784802393e-01	2.965917244588659e-01	1906
1.575111271074749e-01	2.411256461459084e-01	1907
1.100666035559219e-01	2.174857552908679e-01	1908
9.130395221807443e-02	2.080814293749030e-01	1909
9.320163708462065e-01	-1.601096339245945e-01	1910
8.938463160926896e-01	-1.868386604601474e-01	1911
9.127361646811092e-01	-1.743089739567782e-01	1912
5.161161414550174e-01	-2.949667700520370e-01	1913
-7.263599945722806e-03	1.225134036952767e-01	1914
-1.417297327417412e-02	1.117050358019040e-01	1915
-1.954364152779344e-02	1.028777277999126e-01	1916
-2.518413515198734e-02	9.262851585607941e-02	1917
-2.952048057604927e-02	8.262961083449635e-02	1918
7.254437209810437e-02	1.973332514748292e-01	1919
3.847065447444013e-02	1.692600824104991e-01	1920
2.618029742725977e-02	1.589425199783781e-01	1921
5.387469147682234e-02	1.829765763928100e-01	1922
1.412566444319140e-02	1.481132300839321e-01	1923
4.762385910258276e-01	3.015264473108780e-01	1924
4.426340323433711e-01	3.001553141080271e-01	1925
4.079868261483209e-01	2.978743671831407e-01	1926
1.001535248918852e+00	8.661671562283467e-02	1927
9.949734961649764e-01	9.889774183539483e-02	1928
5.821800235081375e-01	-2.899429475560398e-01	1929
6.181019575117099e-01	-2.849661249825510e-01	1930
6.532822451024850e-01	-2.785328711797851e-01	1931
1.710917176905515e-01	-2.505191274830564e-01	1932
2.034893845522560e-01	-2.616448513824852e-01	1933
2.370267111092346e-01	-2.707532740583208e-01	1934
2.699034490174300e-01	-2.776490541400314e-01	1935
3.036885600075286e-01	-2.839013253648969e-01	1936
3.382257874239747e-01	-2.889586621080505e-01	1937
1.431565209887122e-01	-2.741018075054020e-01	1938
1.001637597105996e+00	2.792299191115499e-03	1939
1.004464629894665e+00	-7.851154576687766e-03	1940
1.003988654712875e+00	-6.913926358934924e-03	1941
1.002066786373086e+00	-1.100838093431672e-03	1942
1.006117182800499e+00	1.368509229497768e-02	1943
9.380445152731792e-01	-1.885198083804663e-01	1944
1.001568170283222e+00	-2.826710521328627e-03	1945
1.015699638217877e+00	7.424556753123465e-02	1946
1.143354584986573e-01	-2.588813409776263e-01	1947
1.009002180546228e+00	2.028890361368101e-02	1948
1.007602553253866e+00	1.820950210300446e-02	1949
1.005679247039764e+00	-1.378661711743768e-02	1950
1.001769180437610e+00	-1.933846661241926e-03	1951
1.002737194353762e+00	-5.664806187582474e-03	1952
1.004293986290075e+00	-1.035757375289664e-02	1953
1.004606261234628e+00	1.028061944219112e-02	1954
-4.969432412599748e-02	-5.354641978575359e-02	1955
1.001957922337086e+00	6.433276209286307e-04	1956
1.599694439264218e-01	2.785549954935284e-01	1957
-7.387839196208089e-03	-1.566932879046668e-01	1958
9.190438344707130e-01	-2.043753446763140e-01	1959
8.796581919049770e-01	-2.325093603835377e-01	1960
-4.873955279714130e-02	5.348552980773199e-02	1961
5.611362184522543e-01	3.430751506381978e-01	1962
3.237314934182785e-01	3.281770597516785e-01	1963
9.723206363912275e-01	-1.539064901203764e-01	1964
7.141424125836986e-01	-3.058492336574865e-01	1965
4.153569347796548e-01	-3.371888443439517e-01	1966
-1.633511014386480e-02	1.395312890892036e-01	1967
4.744711574143014e-02	2.102382762969405e-01	1968
9.089913975864798e-02	-2.454198079029349e-01	1969
1.016895552685677e+00	6.207765401128903e-02	1970
1.017986719008406e+00	5.459150741330392e-02	1971
-3.640421455319795e-02	1.066792873393925e-02	1972
-1.936031500841291e-02	-1.400333015114795e-01	1973
6.792995760591138e-01	-3.152808792464311e-01	1974
8.561093724213988e-01	-2.468853318699013e-01	1975
3.555328072039646e-01	3.336172298558959e-01	1976
1.001931938136070e+00	5.147108220064220e-03	1977
1.001796414647391e+00	-5.177241567219863e-03	1978
1.001941507606652e+00	-6.910551709438527e-04	1979
1.004694978004136e+00	7.755868106830635e-03	1980
1.004187358566888e+00	6.828679320820322e-03	1981
1.001469599716100e+00	-3.509946872719668e-03	1982
1.009533352791906e+00	2.710844682448429e-02	1983
1.001556772664280e+00	3.480565134080508e-03	1984
9.001430406356106e-01	-2.185683898049737e-01	1985
9.562913845231600e-01	-1.712994972398083e-01	1986
-4.325468708358127e-02	-2.187801774788904e-02	1987
1.922973696018572e-01	2.922249679571625e-01	1988
1.008578156660269e+00	-2.722396869798542e-02	1989
9.795029834299400e-01	1.535311554418612e-01	1990
1.010863094994014e+00	-3.495222770724688e-02	1991
-4.077069315393950e-02	-9.313890346730715e-02	1992
5.343666286974034e-01	-3.368073492499235e-01	1993
3.888171215734316e-01	3.378581239758367e-01	1994
1.309216992102940e-01	2.637920549246450e-01	1995
-4.415587141344109e-02	-8.226862903866217e-02	1996
1.002891925681868e+00	5.610599728119304e-03	1997
-3.462755523979896e-02	2.192168063035793e-03	1998
-3.474031363098843e-02	-2.286904276678361e-03	1999
9.932982448631177e-01	1.333351728925078e-01	2000
-4.825925223839702e-02	-6.246583864925407e-02	2001
-4.649005913965423e-02	-7.144873510250414e-02	2002
1.001816316683191e+00	1.891936682021910e-03	2003
1.002346603574798e+00	-2.898074686768085e-05	2004
1.002093519890050e+00	1.050235333902890e-03	2005
-4.524572137165336e-02	7.117266728334690e-02	2006
-4.715944076571787e-02	6.230082386454295e-02	2007
1.012123445516405e+00	3.480458035294075e-02	2008
2.917713691669794e-01	3.212323761824425e-01	2009
2.596084777539888e-01	3.131304321638810e-01	2010
2.263326282580555e-01	3.039514650153671e-01	2011
6.052754714815555e-03	-1.736741222418726e-01	2012
1.955629540265537e-02	-1.881603240658274e-01	2013
1.014609969976361e+00	-6.216184471351884e-02	2014
1.015987763592517e+00	-5.477628868526031e-02	2015
1.006993192289292e+00	-1.832693179670471e-02	2016
1.008310624346522e+00	-2.044007838383670e-02	2017
7.470798696867560e-01	-2.953871911263136e-01	2018
7.772679827107400e-01	-2.843682451271418e-01	2019
8.047668574511155e-01	-2.729151633360529e-01	2020
8.307326000782211e-01	-2.606021142012919e-01	2021
-3.664360169266219e-02	-1.072729351707434e-02	2022
-5.100373791310361e-02	-3.507906847455636e-02	2023
-5.061038734472276e-02	-4.435872550905429e-02	2024
-4.980906464315727e-02	4.439611714363260e-02	2025
-4.286112935030048e-02	2.203023930825479e-02	2026
-5.036198935102176e-02	3.520463005485725e-02	2027
9.853350976411369e-01	-1.371318187964320e-01	2028
9.952706425344743e-01	-1.216385248974516e-01	2029
1.002375314152388e+00	-1.080426404830103e-01	2030
1.007476295457413e+00	-9.627827360231567e-02	2031
1.009568914647094e+00	-8.427799668148889e-02	2032
1.012967040514726e+00	-7.415719623537316e-02	2033
3.422079862126990e-02	-2.033320115122622e-01	2034
5.147412341066719e-02	-2.186942464769191e-01	2035
7.076114847147894e-02	-2.329246690600981e-01	2036
-3.631431807877849e-02	-1.064883741922590e-01	2037
-2.871007808174145e-02	-1.216144653647215e-01	2038
3.833005561912381e-01	-3.349329989909282e-01	2039
5.279259204115767e-01	3.442851158210679e-01	2040
9.626880141927981e-01	1.738003562747053e-01	2041
9.441541046609477e-01	1.929871104503063e-01	2042
9.246685379678572e-01	2.106995368506565e-01	2043
9.040905955218645e-01	2.271602677450220e-01	2044
8.820952143452290e-01	2.424929009209812e-01	2045
8.580656704073794e-01	2.570778130897325e-01	2046
8.309180045248078e-01	2.715671648228429e-01	2047
8.005600737245701e-01	2.857769603025199e-01	2048
7.678080989269219e-01	2.990304520084567e-01	2049
7.334747799597051e-01	3.108331447911317e-01	2050
6.981656558465901e-01	3.209803469642197e-01	2051
6.629216851410834e-01	3.293301600250078e-01	2052
6.285250684242149e-01	3.358810874696767e-01	2053
5.945551757401717e-01	3.405753056512583e-01	2054
1.068348473947062e-01	2.496014414027382e-01	2055
8.750994108999388e-02	2.385871139116891e-01	2056
4.538400893585761e-01	-3.378653067292733e-01	2057
4.955432160958426e-01	-3.378095460301896e-01	2058
-2.454350765166885e-02	1.256615928691012e-01	2059
-2.969508675210323e-02	1.148611144261570e-01	2060
-3.503773305209962e-02	1.044574017027887e-01	2061
-3.917245161681379e-02	9.253615878792085e-02	2062
-4.273254659682692e-02	8.183938063947908e-02	2063
6.800997110381049e-02	2.264581535356471e-01	2064
1.788440898196334e-02	1.808283984821321e-01	2065
3.041405142969340e-02	1.934357496879701e-01	2066
-6.093721379982237e-03	1.539321747870163e-01	2067
5.950419093765702e-03	1.688118180364661e-01	2068
4.936543396632510e-01	3.443442937833264e-01	2069
4.591340290435693e-01	3.432481853647834e-01	2070
4.239826284737206e-01	3.410917781382696e-01	2071
1.012472276232741e+00	8.500743263912933e-02	2072
1.010067805496986e+00	9.918925738459400e-02	2073
1.003285307631037e+00	1.148835761786575e-01	2074
5.686404036681612e-01	-3.342312493286916e-01	2075
6.058911542241595e-01	-3.298558270573996e-01	2076
6.431817540812386e-01	-3.233504879057418e-01	2077
1.756278228284089e-01	-2.885251001552903e-01	2078
2.103072414638346e-01	-3.010335690319614e-01	2079
2.453377489433835e-01	-3.108659488593306e-01	2080
2.794048049231694e-01	-3.186428997429617e-01	2081
3.148614008935911e-01	-3.256987722838881e-01	2082
3.499875957146059e-01	-3.311720959863223e-01	2083
1.012238234186183e+00	-4.019055914863958e-02	2084
1.010401494262565e+00	1.783474918114075e-02	2085
1.006165599949926e+00	-1.153356099557645e-02	2086
1.012351994423896e+00	-3.005464483578940e-02	2087
1.006719335380961e+00	-1.574485841049266e-02	2088
-5.996287592577540e-02	-5.969856602307432e-02	2089
5.651437434698493e-01	3.902822610966638e-01	2090
7.439863172926218e-01	-3.430722858558864e-01	2091
2.993669746059419e-01	3.679332378900502e-01	2092
1.013423199778974e+00	2.981476984281783e-02	2093
-5.957629653175087e-02	5.001385001556941e-02	2094
6.404690051672338e-02	-2.654751624562247e-01	2095
9.475161351061684e-01	-2.192281950394287e-01	2096
1.005272482383107e+00	-6.851305749986337e-03	2097
9.657010802130763e-01	-1.995809833254503e-01	2098
1.293357846963457e-01	3.033542053497760e-01	2099
1.019808463970498e+00	-4.862122492919190e-02	2100
7.085486825320247e-01	-3.547138911158326e-01	2101
-5.550899100061261e-02	-9.163779964923134e-02	2102
1.001962651785268e+00	2.476254823800911e-03	2103
1.002441085003393e+00	5.409703354400453e-04	2104
1.002244697419168e+00	1.565300174154450e-03	2105
1.021571842290771e+00	4.824681783835935e-02	2106
-4.840056615538640e-03	1.910374746401324e-01	2107
-2.988477655475227e-02	-1.598715233680002e-01	2108
-4.313545684970430e-02	1.420294005720651e-02	2109
6.712896181733083e-01	-3.649019608738654e-01	2110
4.334933712028731e-01	-3.844959044624413e-01	2111
1.018974968252083e+00	-9.212960622732504e-02	2112
1.020035381904500e+00	-8.216152220847189e-02	2113
1.439656835097856e-01	-3.147689383665367e-01	2114
3.958058802973278e-01	-3.823402260450448e-01	2115
-1.746581595287940e-02	-1.780846726337436e-01	2116
1.024315747481819e+00	6.897105557527335e-02	2117
1.024472136880928e+00	5.938100144602770e-02	2118
1.003299499318319e+00	1.551932030102382e-01	2119
3.675959052804298e-01	3.814280369104912e-01	2120
9.956675207305862e-01	-1.586052251923923e-01	2121
-3.615425383857617e-02	1.415775682167582e-01	2122
2.042704676695826e-02	2.203005821382560e-01	2123
4.035112689450308e-01	3.859371069073097e-01	2124
1.121894898299990e-01	-2.967916085660321e-01	2125
8.593901457953690e-02	-2.803168831666756e-01	2126
1.002779021152424e+00	4.618483634779022e-03	2127
1.002426635651095e+00	-6.010079671418549e-04	2128
1.007232636182746e+00	1.562011699059051e-02	2129
8.866775876523925e-01	-2.706039727502559e-01	2130
1.002204597321557e+00	-1.618811529069085e-03	2131
1.001900074631273e+00	-2.520116466779679e-03	2132
1.011611689768785e+00	2.346228733508493e-02	2133
1.003763578781888e+00	-6.166132895427390e-03	2134
1.005139819692461e+00	-9.134777648159970e-03	2135
1.006526272887775e+00	1.140317273991526e-02	2136
1.005474448529502e+00	6.727196335174912e-03	2137
1.616084278343374e-01	3.207316829025043e-01	2138
-5.891225317714433e-02	5.971178487439419e-02	2139
3.331020160295721e-01	3.754982738870056e-01	2140
9.820992353640791e-01	-1.790236743942296e-01	2141
3.612211249782309e-01	-3.783914107918184e-01	2142
-2.764739069289216e-02	1.580312727390082e-01	2143
-5.074525971642598e-02	2.608373317605010e-02	2144
-4.340056575122762e-02	-1.408881058264369e-02	2145
1.003938280440310e+00	6.084415021529825e-03	2146
1.001569368372757e+00	-4.293606142755805e-03	2147
1.005414670466074e+00	9.024544198906286e-03	2148
1.002653912663951e+00	-4.674918444152880e-03	2149
1.002144826040759e+00	-3.258346459010409e-03	2150
1.013698136226303e+00	4.002537595558876e-02	2151
1.001678332440237e+00	4.265175031885240e-03	2152
9.090336768114088e-01	-2.537437017827949e-01	2153
9.287599354925277e-01	-2.370581810069349e-01	2154
-6.047157597582133e-02	-4.991348252472724e-02	2155
-5.122248787999500e-02	-2.588170402404818e-02	2156
1.010790330861577e+00	-2.368167874003681e-02	2157
1.002227888817593e+00	3.210316302823919e-03	2158
-3.995529226213969e-02	7.114200136514334e-05	2159
-5.880149502767191e-02	-6.912118185608693e-02	2160
-5.762730272236739e-02	-7.939401952304220e-02	2161
-5.760551454804594e-02	6.904368856029244e-02	2162
1.967447339076479e-01	3.363011003127541e-01	2163
2.660727050898353e-01	3.588686534984516e-01	2164
2.325026858267827e-01	3.490856502664089e-01	2165
-4.743588245364605e-03	-1.968497725899524e-01	2166
1.009794229211751e+00	-1.805067021941302e-02	2167
7.768842912803177e-01	-3.304395997787279e-01	2168
8.069639074109555e-01	-3.171280761282527e-01	2169
8.348398658583757e-01	-3.029595920477620e-01	2170
8.615244320912494e-01	-2.873772883509570e-01	2171
-4.156958613094174e-02	-5.152793036899393e-03	2172
-6.047508688931397e-02	-4.007111151448452e-02	2173
-5.973960247679285e-02	4.025187956717279e-02	2174
1.005954741961961e+00	-1.394357064318568e-01	2175
1.012985352186588e+00	-1.222517948597528e-01	2176
1.015906810305281e+00	-1.069286969058330e-01	2177
1.022293205721500e+00	-5.977474387813124e-02	2178
1.021792005761654e+00	-6.926724637533474e-02	2179
8.511374485212587e-03	-2.130476422549739e-01	2180
2.461975804404206e-02	-2.309381367000066e-01	2181
4.347972818202801e-02	-2.490602299186501e-01	2182
-5.230901237507220e-02	-1.042320625786381e-01	2183
-4.719291153016648e-02	-1.211993959400009e-01	2184
-3.966753080580199e-02	-1.384575883949265e-01	2185
9.892022486943208e-01	1.789625703365774e-01	2186
9.724877928711823e-01	2.021007995862397e-01	2187
9.540761646157934e-01	2.237392962856535e-01	2188
9.341990616691255e-01	2.439210791727120e-01	2189
9.125441130870628e-01	2.628828863715308e-01	2190
8.888582037082963e-01	2.807647900879694e-01	2191
8.625481524908730e-01	2.979753410546160e-01	2192
8.329450078796252e-01	3.148813913121836e-01	2193
8.002740162630549e-01	3.310630371240251e-01	2194
7.653476280952219e-01	3.458362039930256e-01	2195
7.289802857048482e-01	3.587774759149163e-01	2196
6.920988082534101e-01	3.696725316252684e-01	2197
6.556078647222899e-01	3.784644601891183e-01	2198
6.193588868479011e-01	3.852189832930702e-01	2199
3.974581024012994e-02	2.407717671608836e-01	2200
1.018417776640658e-01	2.857680184091996e-01	2201
8.095940453363322e-02	2.722990661280518e-01	2202
4.745050788305735e-01	-3.852539183878004e-01	2203
5.159993650269455e-01	-3.849945425460121e-01	2204
-4.228239089980623e-02	1.272990264028012e-01	2205
-4.659872586324137e-02	1.167153482411603e-01	2206
-5.082568770338466e-02	1.030401490916249e-01	2207
-5.396398954337064e-02	9.131092427700153e-02	2208
-5.627299789798932e-02	7.921459558779251e-02	2209
6.123129977742500e-02	2.586995866629044e-01	2210
6.362985041067442e-03	2.044660403383832e-01	2211
-1.670276685564905e-02	1.744335534670092e-01	2212
5.122781630101485e-01	3.917129731632982e-01	2213
4.763172205303489e-01	3.911226657250046e-01	2214
4.400643908249822e-01	3.891629344270179e-01	2215
1.013658855099332e+00	1.325832842445792e-01	2216
1.022931237824396e+00	8.232146262256700e-02	2217
1.021854091240029e+00	9.390576912430169e-02	2218
1.017988584957563e+00	1.120012005369541e-01	2219
5.549373198044131e-01	-3.831289235130614e-01	2220
5.927020678136177e-01	-3.795728310641650e-01	2221
6.325411650385145e-01	-3.733413972233594e-01	2222
1.792445990077723e-01	-3.313051028282779e-01	2223
2.162936984756038e-01	-3.452140005608135e-01	2224
2.525561337555311e-01	-3.558054401090118e-01	2225
2.882728071789483e-01	-3.646840103448254e-01	2226
3.252007756833908e-01	-3.725138395833749e-01	2227
7.033349706410925e-01	-4.094316377669838e-01	2228
1.003192314166288e+00	3.645130816873257e-03	2229
-5.656446657508092e-02	1.415776963271074e-01	2230
-7.073524971633131e-02	6.597496504159715e-02	2231
-6.995625634843292e-02	7.567673300361301e-02	2232
1.011368097304831e+00	-2.067791380819594e-02	2233
-5.100650278591021e-02	-1.734983600136978e-02	2234
7.777517915919305e-01	-3.821583237066188e-01	2235
8.501770929217691e-03	2.506794383151258e-01	2236
8.965800570557660e-01	-3.128308707696545e-01	2237
1.084177252985673e-01	-3.394795661978455e-01	2238
1.010096712289031e+00	1.488965795312534e-02	2239
1.017434076667387e+00	-4.305237182152600e-02	2240
1.013536708513436e+00	2.698740582398728e-02	2241
1.008139972445309e+00	1.287341434207743e-02	2242
1.621898911199075e-01	3.681419349581275e-01	2243
1.003764462023583e+00	5.001279381168229e-03	2244
1.017080838631021e+00	3.474021850204070e-02	2245
-4.959398286667058e-02	-8.133875704607134e-03	2246
1.002911586026332e+00	1.704257840563219e-04	2247
1.002906223751970e+00	-2.429297231760346e-04	2248
1.015817219986666e+00	-3.506498491973935e-02	2249
2.709989450051876e-01	4.099603812489995e-01	2250
-6.846409077197106e-02	-1.014908188747648e-01	2251
-5.067903205104674e-02	1.757528587896353e-02	2252
-4.110523273446937e-02	6.757904443843830e-03	2253
1.029771822179767e+00	-8.825648232124651e-02	2254
1.029939542717417e+00	-7.695349727354274e-02	2255
4.113756755782614e-01	-4.352751731523631e-01	2256
7.905277585391771e-02	-3.195632685135797e-01	2257
-6.027561941344472e-02	-2.988462893229133e-02	2258
3.804616729372549e-01	4.348192653750613e-01	2259
9.530220632763464e-02	3.266350973215078e-01	2260
-4.111124594658572e-02	1.784925105051158e-01	2261
-7.090407048484575e-02	5.551696213619743e-02	2262
-3.032490592845637e-02	1.963784721023343e-01	2263
4.187002509088736e-01	4.394123594012603e-01	2264
3.064145888972139e-01	4.200857828254634e-01	2265
1.025507813731693e+00	5.469496599872257e-02	2266
7.417853021883938e-01	-3.965436001317205e-01	2267
9.948474184387752e-01	-2.060501489024205e-01	2268
5.496978420837164e-02	-3.016933450105873e-01	2269
1.012574312351794e+00	-2.724909184229142e-02	2270
1.007720955227576e+00	-1.304714563702234e-02	2271
6.482216390835589e-01	4.333926565768260e-01	2272
6.629080549454901e-01	-4.203756604662232e-01	2273
9.786587205259500e-01	-2.298646920566354e-01	2274
1.008299026335008e+00	-1.817526352668268e-01	2275
1.265332091355089e-01	3.479453145522032e-01	2276
1.002688417779135e+00	1.124350885063740e-03	2277
1.002400392185570e+00	2.107806418568477e-03	2278
1.023390115964446e+00	1.508079642773670e-01	2279
1.023502224034652e+00	-5.515404033869280e-02	2280
1.032369376734043e+00	6.432655563752969e-02	2281
1.434320131338601e-01	-3.605373550149333e-01	2282
3.724190027683541e-01	-4.310110961942807e-01	2283
1.030021782403640e+00	-6.494985494252810e-02	2284
-4.980533261048295e-02	1.587504824724381e-01	2285
-7.186602114421803e-02	-6.586864064289892e-02	2286
-7.122738463863533e-02	-7.564143433224377e-02	2287
1.002658638884190e+00	-1.190078661744956e-03	2288
1.002046824838666e+00	-4.025782695368336e-03	2289
1.003623160817834e+00	-5.083507230624821e-03	2290
1.002345842672653e+00	-2.163996378848493e-03	2291
1.012076882388703e+00	2.042074564310485e-02	2292
1.005911824343848e+00	-8.018018656269093e-03	2293
3.429317697469439e-01	4.284353592136572e-01	2294
1.006153313019970e+00	7.878906554207211e-03	2295
1.003093051175611e+00	-3.717250702121671e-03	2296
1.018992460036604e+00	4.272733974211132e-02	2297
9.207865420591108e-01	-2.926851558696086e-01	2298
9.418811177261907e-01	-2.726531393037669e-01	2299
9.608533159359727e-01	-2.521002791073347e-01	2300
-7.138618955476853e-02	-4.492946564242929e-02	2301
-7.187768589828081e-02	-5.533534685398821e-02	2302
-7.057090175537184e-02	4.517914063778540e-02	2303
1.009598582108213e+00	-1.511446947512363e-02	2304
1.002150663020756e+00	3.983154418923238e-03	2305
-7.051790057248580e-02	-8.779940788419463e-02	2306
2.000066663161558e-01	3.855852710392958e-01	2307
2.368837586301627e-01	3.992038703024017e-01	2308
-4.255458565853522e-02	-1.814914673057652e-01	2309
-3.111118807240338e-02	-2.006512376395865e-01	2310
8.108176570482011e-01	-3.667064188048361e-01	2311
8.412314363098873e-01	-3.502209986248078e-01	2312
8.697716266345622e-01	-3.322913703551631e-01	2313
-4.713670760507959e-02	-5.495087861581551e-04	2314
-5.971506313429318e-02	3.014342867186765e-02	2315
1.015901617071275e+00	-1.571440420510897e-01	2316
1.023589810075465e+00	-1.366458117646701e-01	2317
1.028820804069179e+00	-1.019111176869836e-01	2318
1.027656048689781e+00	-1.171519358193086e-01	2319
-1.876693602523692e-02	-2.214464929683479e-01	2320
3.302034146071682e-02	-2.826146587061271e-01	2321
-4.783706827459713e-03	-2.407365488770003e-01	2322
1.299970719228142e-02	-2.613577194191232e-01	2323
-6.549134793590730e-02	-1.172515242640125e-01	2324
-6.035523432397405e-02	-1.369577853114952e-01	2325
-5.290938553024192e-02	-1.571242628874247e-01	2326
1.015837530889180e+00	1.788566520060282e-01	2327
1.002175065628357e+00	2.061046648409458e-01	2328
9.858925531975791e-01	2.323158982060613e-01	2329
9.675071155641400e-01	2.569664450775981e-01	2330
9.468714144904472e-01	2.803060298955659e-01	2331
9.238227568774202e-01	3.024323221401276e-01	2332
8.981167933337905e-01	3.234650753771586e-01	2333
8.693192620831643e-01	3.437662378155595e-01	2334
8.370621713504730e-01	3.634199116427140e-01	2335
8.017632410731252e-01	3.818376397547367e-01	2336
7.643187840056412e-01	3.983268335330007e-01	2337
7.257321536142685e-01	4.124876381443373e-01	2338
6.869736536226345e-01	4.241535294744087e-01	2339
5.988650107107474e-01	4.405102590441243e-01	2340
2.966911934449489e-02	2.744124289285423e-01	2341
7.160063096899374e-02	3.097016899049740e-01	2342
4.527316007387249e-01	-4.374076209872282e-01	2343
4.953319243911139e-01	-4.380936322132978e-01	2344
-6.433716019322830e-02	1.145047458581648e-01	2345
-6.694164641970674e-02	1.008742342688702e-01	2346
-6.907004953839152e-02	8.773345727539174e-02	2347
5.130283997478041e-02	2.939905847995813e-01	2348
-7.682499144297687e-03	2.308157432566106e-01	2349
-1.918081959271293e-02	2.140941542969826e-01	2350
5.421220617415927e-01	4.440664207238473e-01	2351
4.758317127727147e-01	4.431796138496347e-01	2352
1.032671245369321e+00	7.661519267325761e-02	2353
1.032752353065607e+00	8.909117877883832e-02	2354
1.029678779581795e+00	1.252134204946650e-01	2355
1.031559404264649e+00	1.054757644476871e-01	2356
5.378079098667424e-01	-4.371739095935281e-01	2357
5.786439633661977e-01	-4.343937534130051e-01	2358
6.206554106522140e-01	-4.289710552753240e-01	2359
1.817718312014083e-01	-3.793552647100690e-01	2360
2.210099654970479e-01	-3.946764809912164e-01	2361
2.585517611162453e-01	-4.061638896196743e-01	2362
2.962198179311860e-01	-4.162842145358338e-01	2363
3.347868774811216e-01	-4.248831198431353e-01	2364
1.013076243309349e+00	1.689507013059676e-02	2365
1.023877057283710e+00	-4.361368104953704e-02	2366
1.021534011954559e+00	-3.807650747211606e-02	2367
-5.965144101664317e-02	-2.044318455697099e-02	2368
1.004685352844278e+00	-5.496649443560202e-03	2369
-8.303242992230811e-02	4.980943832210455e-02	2370
2.569302644704452e-01	4.610137145471552e-01	2371
8.165171938530005e-01	-4.222826197589862e-01	2372
3.853349506280589e-01	-4.900789905394628e-01	2373
-4.752791849272465e-02	2.193086141957675e-01	2374
-8.396383563139830e-02	6.080994717132059e-02	2375
3.940473216426471e-01	4.932042999219528e-01	2376
9.956256977378388e-01	-2.617702295039762e-01	2377
1.008175685937424e+00	-1.102646000616854e-02	2378
1.012871825236549e+00	-1.799543995267243e-02	2379
1.012116168104117e+00	-1.642075320811447e-02	2380
5.970996249892035e-02	3.515403707745116e-01	2381
-2.390533725684123e-02	2.603203095764937e-01	2382
1.003044900471351e+00	7.023054586673158e-04	2383
1.002872813767770e+00	1.713545234998486e-03	2384
1.040196098985386e+00	-1.299772658363699e-01	2385
1.006709549658681e+00	-9.393671381437187e-03	2386
1.006708151611881e+00	-6.822774923123968e-03	2387
1.006998899993562e+00	9.235297967728616e-03	2388
1.010594311622127e+00	1.244788869793332e-02	2389
1.002827242920324e+00	-1.783010365037060e-03	2390
1.003025546663977e+00	-7.779029713100252e-04	2391
-5.890512000216318e-02	-1.139629172547101e-02	2392
-5.542884939797963e-02	-2.017067840342878e-03	2393
1.222234074452682e-01	3.980883971755514e-01	2394
7.403290620548358e-01	-4.565029752776905e-01	2395
9.358955642824036e-01	-3.355809970210134e-01	2396
1.029022304939726e+00	4.810621325470919e-02	2397
-8.364105370214406e-02	-1.123384705237637e-01	2398
4.287367835517424e-01	-4.943909555543746e-01	2399
-7.919672297247429e-02	1.330780875223073e-01	2400
-8.423643343791851e-02	7.179649413720930e-02	2401
-8.423744701554861e-02	8.261640379601962e-02	2402
-5.865606911139052e-03	2.846361784661063e-01	2403
3.534962744978304e-01	4.868594786123543e-01	2404
1.038970641184622e+00	-7.102770516215370e-02	2405
1.413637118568164e-01	-4.119565330222004e-01	2406
9.098484436062613e-01	-3.594541094178906e-01	2407
1.027686273252342e-01	-3.874669582365665e-01	2408
6.996960581204725e-02	-3.636796495649346e-01	2409
4.320102808973247e-02	-3.419850055166850e-01	2410
6.980413411470946e-01	-4.707172014635754e-01	2411
7.799533058470542e-01	-4.401873244169675e-01	2412
1.963234727802057e-02	-3.195535547075743e-01	2413
1.613452434785010e-01	4.212542655923297e-01	2414
1.004268938672600e+00	3.990687379336908e-03	2415
1.004843074892596e+00	5.384943800174910e-03	2416
1.003495272583720e+00	-4.402204660525663e-05	2417
-8.529386891202211e-02	-9.687659434063908e-02	2418
-5.925427004760394e-02	2.075216887541445e-02	2419
1.041960814168719e+00	1.418335433200341e-01	2420
1.040089769773292e+00	-8.277342962708130e-02	2421
8.706582209119286e-02	3.727885780065551e-01	2422
-5.733866651408104e-02	2.001573472784442e-01	2423
-7.055408616901242e-02	-3.369910353557897e-02	2424
3.134586120810258e-01	4.782044341604110e-01	2425
1.043841712021794e+00	9.815162815850212e-02	2426
1.011186578873483e+00	-2.346369344179541e-01	2427
1.014399514136913e+00	-2.336906186319392e-02	2428
1.010179985716387e+00	-1.270335279588130e-02	2429
1.025680216548135e+00	-2.073088923654327e-01	2430
1.002785141070378e+00	2.777843589044037e-03	2431
1.027259535457047e+00	-4.874489829702209e-02	2432
-6.626762749874512e-02	1.775219992668563e-01	2433
-7.299701182074450e-02	1.577051125659285e-01	2434
-8.499775682991126e-02	-6.053012725735860e-02	2435
1.002711459452872e+00	-2.842082024610328e-03	2436
1.004155264049374e+00	-4.091387304865994e-03	2437
1.015214731402358e+00	2.301921190046159e-02	2438
1.008525750572318e+00	1.082854919597520e-02	2439
1.006913901889747e+00	6.654831568525530e-03	2440
1.025450899715033e+00	4.306307642350066e-02	2441
1.022899921483334e+00	3.757407372643785e-02	2442
9.585663528052156e-01	-3.114479322098680e-01	2443
9.781551720004360e-01	-2.871875144211837e-01	2444
-8.390708657698349e-02	-4.947508219830806e-02	2445
-8.542356417769870e-02	-7.157753948713504e-02	2446
-8.556828855414378e-02	-8.245703940497366e-02	2447
2.015933642875790e-01	4.404606951303133e-01	2448
-3.573866418153439e-02	-2.480593054435507e-01	2449
8.500487979204771e-01	-4.029965033269016e-01	2450
8.810626432433651e-01	-3.821170817972444e-01	2451
-4.968084871052089e-02	8.068258365734453e-03	2452
-6.991691850418340e-02	3.402002538394945e-02	2453
1.040773515542018e+00	-9.590878858739439e-02	2454
1.030748293925861e+00	-1.752943867317454e-01	2455
1.035583809248250e+00	-1.528624679370278e-01	2456
1.041244911593081e+00	-1.105633446950899e-01	2457
-5.868653683606978e-02	-2.037848622277745e-01	2458
-4.831986160462948e-02	-2.245585397559852e-01	2459
-2.053594480803047e-02	-2.717937586566496e-01	2460
-1.872250015775590e-03	-2.948755354462885e-01	2461
-8.094263417661386e-02	-1.315695844749638e-01	2462
-7.551334236841131e-02	-1.537530738384410e-01	2463
-6.856708896661300e-02	-1.778214235300695e-01	2464
1.037882667045647e+00	1.697342013922442e-01	2465
1.028452107468286e+00	2.022936596095407e-01	2466
1.018744103294734e+00	2.346257992451755e-01	2467
1.003103597132628e+00	2.643772326008971e-01	2468
9.845667075792585e-01	2.928332398639319e-01	2469
9.630040560020474e-01	3.201021459705781e-01	2470
9.382811048002255e-01	3.461438726687017e-01	2471
9.103326579145069e-01	3.709964099159814e-01	2472
8.787885478432487e-01	3.949346414460879e-01	2473
8.435336715659454e-01	4.177604507407666e-01	2474
8.052006905368124e-01	4.387380467235802e-01	2475
7.648880044552614e-01	4.571475911417281e-01	2476
7.236781542135092e-01	4.726219202639369e-01	2477
6.818390148616936e-01	4.841368314046753e-01	2478
6.333583666456361e-01	4.951821709278942e-01	2479
4.727801215303534e-01	-4.964877044773651e-01	2480
-8.228702399129824e-02	1.106547528438557e-01	2481
-8.381386384132020e-02	9.666097133604862e-02	2482
3.819966604251420e-02	3.318382470683028e-01	2483
1.618529895711422e-02	3.109126227112917e-01	2484
-3.705810623096553e-02	2.385067447563939e-01	2485
5.758917818144617e-01	5.012456766106030e-01	2486
5.102324357735085e-01	5.026309704809406e-01	2487
4.452822047840138e-01	4.997248776221761e-01	2488
1.041495415014307e+00	7.026813453912661e-02	2489
1.042994176531673e+00	8.280366227841558e-02	2490
1.044162861708447e+00	1.166429477054944e-01	2491
5.175902806576830e-01	-4.967230589054894e-01	2492
6.533051488732002e-01	-4.823442781341525e-01	2493
5.620280969682042e-01	-4.948826937282274e-01	2494
6.070462313288851e-01	-4.905853512128254e-01	2495
1.827863457864638e-01	-4.331806999067448e-01	2496
2.241130984121843e-01	-4.499501719154900e-01	2497
2.631459697751549e-01	-4.625641145319659e-01	2498
3.031951093962618e-01	-4.740330335026016e-01	2499
3.442682650870252e-01	-4.830263897104745e-01	2500
1.015446499342867e+00	1.941544340749853e-02	2501
5.421909469118781e-01	-5.610238403419386e-01	2502
1.010722594049271e+00	1.015173419164079e-02	2503
5.840575659954261e-02	-4.132468571276519e-01	2504
1.033431257272640e+00	5.472802511479406e-02	2505
-9.982292287634026e-02	1.242568646863108e-01	2506
-9.737698370418703e-02	1.504341881819464e-01	2507
4.130831500882214e-01	5.608664533093046e-01	2508
2.843459484091065e-02	-3.868397261235449e-01	2509
1.039308776360741e+00	-6.096226280063134e-02	2510
8.614602647650687e-01	-4.618834562075022e-01	2511
-1.012700951104327e-01	-1.244121259054664e-01	2512
-9.821244448841056e-02	-5.355728842873018e-02	2513
1.160044196991481e-01	4.543191997080487e-01	2514
1.041560834273205e+00	6.009473904761316e-02	2515
1.014674071933021e+00	-2.076335800485621e-02	2516
1.008937828750410e+00	8.905578968325235e-03	2517
1.007758115055952e+00	7.902186512638042e-03	2518
1.007508981359589e+00	-8.090623309982359e-03	2519
-9.884136915540109e-02	6.578963434069210e-02	2520
4.528221123843984e-02	3.986432516696826e-01	2521
1.031824729184689e+00	-2.645866001331965e-01	2522
-6.937283312620400e-02	-2.333418844267178e-02	2523
9.548812358897892e-01	-3.825924167450305e-01	2524
2.881301333190143e-03	-3.601392379850577e-01	2525
-8.219784770920499e-02	-3.711825765886369e-02	2526
1.585029565353700e-01	4.805610638888288e-01	2527
-7.715247237904461e-02	2.221613311813622e-01	2528
1.055376384636259e+00	-1.211074569343616e-01	2529
4.709086131532983e-01	-5.611450204727305e-01	2530
4.002818908711503e-01	-5.558744228109057e-01	2531
7.392055911218580e-01	-5.237856452521198e-01	2532
9.499615149807748e-02	-4.413408627005571e-01	2533
1.027782837878411e+00	-3.870832882917368e-02	2534
1.030693214293624e+00	-4.282238750689345e-02	2535
1.022019428353090e+00	3.193988210478660e-02	2536
1.017689183183374e+00	2.641654374841632e-02	2537
-6.879977621710059e-02	-1.512200290619354e-02	2538
-1.019605436950765e-01	-1.063276331011430e-01	2539
-8.151736605173467e-02	3.751023921296966e-02	2540
3.437355664346533e-01	5.454602268822872e-01	2541
8.241954034816285e-01	-4.845810283678255e-01	2542
1.016642801486341e+00	-2.950259798717668e-01	2543
1.005991025271931e+00	-5.685037250668340e-03	2544
1.008651107578029e+00	-9.126450964247244e-03	2545
1.995276892216925e-02	3.735007307468368e-01	2546
-4.289763742604363e-02	2.930932037324938e-01	2547
1.003810016836547e+00	2.981072141113543e-03	2548
1.003337432953361e+00	1.268633359736721e-03	2549
1.012062158973927e+00	-1.443095162887363e-02	2550
1.012542661183400e+00	1.412075868329802e-02	2551
1.005328830285998e+00	-4.451458493345429e-03	2552
1.003302639610602e+00	-1.351225655158865e-03	2553
6.917828062897469e-01	-5.393943686748862e-01	2554
1.031427197361614e+00	-5.547170650719811e-02	2555
-1.006036831511533e-01	8.995734615913509e-02	2556
1.058518700336027e+00	1.305956038422432e-01	2557
1.049627387458979e+00	-7.595784059321284e-02	2558
7.834146306625720e-01	-5.053140603182734e-01	2559
1.006158718702270e+00	5.535307718700262e-03	2560
1.005456698280563e+00	4.317884517801739e-03	2561
-6.506006307909827e-02	-3.721471536647643e-03	2562
7.681054599893390e-02	4.248176433101334e-01	2563
-9.729552937881882e-02	5.399680150628918e-02	2564
2.692095780468825e-01	5.273687654618497e-01	2565
1.053904764584032e+00	-1.028565639319871e-01	2566
1.016741144131994e+00	-2.683172429371296e-02	2567
1.020863471324592e+00	-3.245183807534516e-02	2568
1.010387040452045e+00	-1.042318315764217e-02	2569
1.041064116047566e+00	-2.330112250705413e-01	2570
1.003036654452628e+00	2.389016560401374e-03	2571
-8.562336337680705e-02	1.979948452211436e-01	2572
-9.156995298320229e-02	1.748337828603514e-01	2573
-9.991837262457010e-02	-6.539753944553479e-02	2574
1.002972602549612e+00	-2.461173013952395e-03	2575
1.003727063057671e+00	-3.072403778039982e-03	2576
1.032236650587136e+00	4.203006067050478e-02	2577
1.029174697158470e+00	3.799353476699205e-02	2578
9.791425459820119e-01	-3.536198980872853e-01	2579
9.995228994244392e-01	-3.245872022628762e-01	2580
-1.019722615205488e-01	-8.984419628072798e-02	2581
-1.009206591246380e-01	-7.671432226661824e-02	2582
-9.970052347887541e-02	7.706048437348151e-02	2583
2.101287281853259e-01	5.053502285565673e-01	2584
8.956278592069706e-01	-4.374310990366795e-01	2585
9.268546577852941e-01	-4.108434608235218e-01	2586
-5.896579374176233e-02	8.993935479000618e-03	2587
-6.890382818383213e-02	2.371168952439370e-02	2588
1.049762377739324e+00	-1.948449077672667e-01	2589
1.051919088158009e+00	-1.681814398809242e-01	2590
1.054352133250418e+00	-1.447759004662928e-01	2591
-7.865077177158226e-02	-2.264043603499131e-01	2592
-6.893923970287895e-02	-2.503447149580406e-01	2593
-5.557536517535776e-02	-2.770915557925511e-01	2594
-3.936098844826690e-02	-3.056046585423968e-01	2595
-2.008827224432272e-02	-3.319109317354104e-01	2596
-8.756247281527613e-02	-1.995739370356164e-01	2597
-9.903982317241099e-02	-1.475020893433301e-01	2598
-9.398754431535115e-02	-1.718317799215444e-01	2599
1.058001204196822e+00	1.584135850351389e-01	2600
1.053583165097706e+00	1.919303970826568e-01	2601
1.047443467214522e+00	2.255262343308176e-01	2602
1.041175609830878e+00	2.653836175946868e-01	2603
1.024162100453718e+00	2.982838640149785e-01	2604
1.005516114308127e+00	3.314330178512169e-01	2605
9.829301530698519e-01	3.635660006342208e-01	2606
9.564163234042935e-01	3.943384223568074e-01	2607
9.259736775831020e-01	4.238048602308045e-01	2608
8.913168038222399e-01	4.520523474598818e-01	2609
8.526176092872676e-01	4.785685751726838e-01	2610
8.107955685283963e-01	5.024785986262265e-01	2611
7.670605542383684e-01	5.230796549715658e-01	2612
7.201379969514008e-01	5.382038366833398e-01	2613
6.732844217652223e-01	5.530983667782963e-01	2614
-1.005444342963341e-01	1.053793150528530e-01	2615
-2.364788412742701e-02	3.218585356076347e-01	2616
-5.429784152439633e-04	3.504847892239200e-01	2617
-5.770560258618172e-02	2.656828602268461e-01	2618
-6.866119215376126e-02	2.430980165635430e-01	2619
6.130321310699247e-01	5.636662417392975e-01	2620
5.462707272258294e-01	5.676970256856090e-01	2621
4.767315658625230e-01	5.667371414066434e-01	2622
1.054957753184610e+00	8.985133233235738e-02	2623
1.052340735375044e+00	7.534101458680995e-02	2624
1.051823588173181e+00	-8.877286895551403e-02	2625
1.057340559117445e+00	1.071691739996729e-01	2626
5.905764367781435e-01	-5.585677037806011e-01	2627
6.415018597768217e-01	-5.513928620494002e-01	2628
1.373569114243530e-01	-4.695778970176508e-01	2629
1.818616805157605e-01	-4.933403869926830e-01	2630
2.252178296923846e-01	-5.116521198154800e-01	2631
2.662526231459724e-01	-5.257548509740468e-01	2632
3.321168419731627e-01	-5.426262725307380e-01	2633
1.010828688525024e+00	8.098216655321799e-03	2634
-9.590223126839495e-02	-4.143193100511751e-02	2635
1.027346247412618e+00	3.400256806338801e-02	2636
1.018950576208286e+00	2.203716601871828e-02	2637
1.037740946269093e-02	-4.368258238962102e-01	2638
-8.001958863578211e-02	-2.213952038993747e-02	2639
7.878063032139473e-01	-5.785010264344552e-01	2640
-1.735280439171476e-02	-4.044940925439133e-01	2641
-6.868536729335453e-02	9.213405823707013e-03	2642
1.004001269932026e+00	-3.992337934325835e-01	2643
9.136211652470911e-01	-4.989151884022194e-01	2644
7.375650078143006e-01	-5.993904170373315e-01	2645
4.406769519293147e-02	-4.689167342634412e-01	2646
-1.217301499520323e-01	-1.378084380049309e-01	2647
1.015797018848369e+00	1.563960951732216e-02	2648
5.062669511843837e-01	-6.343045284868283e-01	2649
-1.174491567916725e-01	8.214330495024039e-02	2650
1.022156182573718e+00	-2.719957370776705e-02	2651
1.007401211987594e+00	-5.592050646610849e-03	2652
1.007569704064727e+00	5.399378288458681e-03	2653
1.006632435300370e+00	-4.546503603130401e-03	2654
-7.600131912025754e-02	-6.380517512707819e-03	2655
-9.960460947410947e-04	4.201730798514645e-01	2656
6.409328684306424e-02	4.833146156495280e-01	2657
1.026103832920207e+00	-3.468125027556419e-02	2658
1.014605631775745e+00	-1.535750178852177e-02	2659
1.003571229136685e+00	1.928224258439423e-03	2660
1.012461600833927e+00	-1.185500538240846e-02	2661
-1.109624214269024e-01	-2.219086959448715e-01	2662
-1.214326382904091e-01	-1.159505993931614e-01	2663
-1.192126481503774e-01	9.755415639243523e-02	2664
-1.210093663733606e-01	1.391761347981116e-01	2665
1.003729856677964e+00	-7.914940033102121e-04	2666
1.041707049137207e+00	5.096352102080521e-02	2667
6.833067251933369e-01	-6.163150123833426e-01	2668
1.042083170586417e+00	-3.296137804362864e-01	2669
9.782051122305727e-01	-4.339394398036085e-01	2670
-1.200336563983743e-01	1.153749225957055e-01	2671
1.072957126415284e-01	5.171456880444731e-01	2672
-1.012683645833378e-01	2.439771891581470e-01	2673
1.036721776712712e+00	4.790200848429692e-02	2674
1.048262220287681e+00	-6.559458953158873e-02	2675
5.697803987298546e-01	-6.307697520780799e-01	2676
-1.144353743028297e-01	-5.717014273940791e-02	2677
1.012852063430904e+00	1.152145936417086e-02	2678
4.398863038998934e-01	6.361198984006914e-01	2679
-1.206340788676023e-01	-9.795111851405916e-02	2680
1.583301849033822e-01	5.491313475713411e-01	2681
1.063765906995822e+00	-2.569150720660277e-01	2682
1.016214028153971e+00	-1.779419066722869e-02	2683
1.009355424538687e+00	7.218827661403459e-03	2684
1.008493260668597e+00	6.496614581878209e-03	2685
1.008286643536917e+00	-6.713479061274352e-03	2686
1.009122464613088e+00	-7.459933666014728e-03	2687
2.829287961230844e-02	4.516048840062348e-01	2688
1.053119497236588e+00	-2.942966385988896e-01	2689
-4.497049709677206e-02	3.626627314708002e-01	2690
-2.353081875513719e-02	3.916792257496607e-01	2691
1.069154857853760e+00	9.672085595814851e-02	2692
1.069078836653149e+00	-1.108644600184796e-01	2693
8.758578478496979e-01	-5.277716006354291e-01	2694
1.023118194359590e+00	2.660915141853051e-02	2695
-1.134880365270398e-01	5.772322494018278e-02	2696
8.338673190969345e-01	-5.544782522033134e-01	2697
-6.545998499539082e-02	3.289285038686240e-01	2698
1.003749940668783e+00	6.970718795595891e-04	2699
1.010561949401593e+00	-8.381956472069433e-03	2700
1.004958713750503e+00	3.199790017030613e-03	2701
1.006766440632062e+00	4.374606378601756e-03	2702
1.004865652668669e+00	-3.322601665224784e-03	2703
1.039771701006913e+00	-5.194408642100826e-02	2704
1.034965071176792e+00	-4.879997198821921e-02	2705
3.648039127707111e-01	6.223977509734935e-01	2706
1.073084622277516e+00	1.181153816968105e-01	2707
1.050767846601927e+00	6.468151128677976e-02	2708
-9.516395611278755e-02	4.191584842774954e-02	2709
2.919102488852499e-01	6.028402823582448e-01	2710
-1.089213406685802e-01	2.195076713610705e-01	2711
-1.138697688050906e-01	1.927079707420664e-01	2712
-1.176787733094414e-01	1.678875097850931e-01	2713
1.003518141855974e+00	-2.015840046285552e-03	2714
1.035396265472405e+00	3.644528010101207e-02	2715
1.034051380544216e+00	-3.737652093645496e-02	2716
1.025115801727618e+00	-3.643592637966589e-01	2717
-1.186912252132892e-01	-8.177838501328547e-02	2718
-1.167933545666805e-01	-6.951456906667755e-02	2719
-1.156940966781532e-01	7.002998428538758e-02	2720
2.179570960268630e-01	5.779622860536039e-01	2721
9.479583430085395e-01	-4.674706293760876e-01	2722
-7.974286326472542e-02	2.626991503628534e-02	2723
1.069820751429472e+00	-2.195980112353698e-01	2724
1.071431724563676e+00	-1.337077500887597e-01	2725
1.072241100854343e+00	-1.833443680670881e-01	2726
1.072113735739642e+00	-1.585058488073550e-01	2727
-1.024725122431985e-01	-2.496956877461311e-01	2728
-9.305969854164567e-02	-2.787228794453789e-01	2729
-4.206929838747800e-02	-3.727123077611040e-01	2730
-7.933577721195340e-02	-3.090455416031062e-01	2731
-6.211930201164414e-02	-3.420113888968505e-01	2732
-1.194892639306799e-01	-1.641847523402825e-01	2733
-1.159907908975152e-01	-1.912365757905412e-01	2734
1.076099215777254e+00	1.448189694321453e-01	2735
1.076453571902060e+00	1.778716230575604e-01	2736
1.074433674009915e+00	2.130349200108387e-01	2737
1.071876831428161e+00	2.495791264691961e-01	2738
1.061382447814327e+00	2.966640118911891e-01	2739
1.050015483410383e+00	3.344836580319552e-01	2740
1.030662156493523e+00	3.728772207724739e-01	2741
1.007079117281424e+00	4.108571060081971e-01	2742
9.787273953482823e-01	4.473707966127770e-01	2743
9.454706431795364e-01	4.824046256201436e-01	2744
9.072444676706590e-01	5.157639904900135e-01	2745
8.646042287404676e-01	5.465746540734197e-01	2746
8.187412692487557e-01	5.738647742601708e-01	2747
7.426035653848396e-01	6.049762974459094e-01	2748
-8.170509278812568e-02	2.962495696472034e-01	2749
-9.318856390706422e-02	2.687913150178496e-01	2750
6.571660545996753e-01	6.301172349615137e-01	2751
5.856610598860692e-01	6.388267585103430e-01	2752
5.122430335431785e-01	6.404490694240033e-01	2753
1.065517318586680e+00	-9.397897395181783e-02	2754
1.064888701667353e+00	8.057546048202702e-02	2755
1.061881224801508e+00	-8.048054045902625e-02	2756
4.296753636900336e-01	-6.305151116452286e-01	2757
6.260771087390911e-01	-6.279702463689473e-01	2758
8.482897224501672e-02	-5.014867613988276e-01	2759
1.309371087713462e-01	-5.339769189294715e-01	2760
1.785033054283735e-01	-5.604320816647966e-01	2761
2.246790645995331e-01	-5.785658813434049e-01	2762
2.818052249057409e-01	-5.994003962470335e-01	2763
3.522740739300736e-01	-6.181700138577718e-01	2764
-1.201428968156578e-01	-3.088768998722150e-01	2765
9.356596505909823e-01	-5.671886614081242e-01	2766
-7.719197599819388e-02	1.318556263840522e-02	2767
8.453065282394654e-01	-6.330576538564379e-01	2768
5.421500545292582e-01	-7.140328923096526e-01	2769
1.012463717920052e+00	-9.527792606223683e-03	2770
1.014591267032006e+00	-1.350216017244044e-02	2771
1.047800600756067e+00	-5.624203939516375e-02	2772
1.006027379424906e+00	-3.492300980090270e-03	2773
1.038000673936833e+00	-4.271384220013895e-02	2774
3.896423536700322e-01	7.076304697881490e-01	2775
7.923500756245020e-01	-6.609325737397705e-01	2776
-1.416452792984301e-01	-1.058789055831069e-01	2777
-1.446512378530044e-01	-1.527973175446827e-01	2778
1.010732386083914e+00	-6.533701858461182e-03	2779
9.733753178514415e-01	-5.299448085835481e-01	2780
-7.233832600522516e-02	4.053350832729669e-01	2781
-5.131178796450537e-02	4.369913035645950e-01	2782
1.055847447500472e+00	-4.069458629180868e-01	2783
8.930836836082173e-01	-6.015883364981959e-01	2784
1.039539334386597e+00	4.167971893155727e-02	2785
1.049965067636883e+00	5.512855068120835e-02	2786
-8.148083136786793e-02	5.786859408296336e-03	2787
9.869419568355281e-02	5.889794985730230e-01	2788
1.585563260524377e-01	6.269843609261648e-01	2789
-1.439482157283063e-01	-1.263686685509990e-01	2790
1.019710435664850e+00	-2.322730876542328e-02	2791
4.634854921900910e-01	-7.132700515069343e-01	2792
1.095562331117361e+00	-2.032300191011853e-01	2793
1.094641253940146e+00	-2.428929222147180e-01	2794
1.082160766041790e+00	-3.229101094121625e-01	2795
-1.342264575871778e-01	7.339326800949565e-02	2796
1.062207876911018e+00	6.821359468745132e-02	2797
4.831895780932352e-02	5.488489015983807e-01	2798
-4.246718876651927e-02	-4.535176927791524e-01	2799
2.681793447082243e-02	-5.314193445832598e-01	2800
1.018849619545741e+00	1.798782313335867e-02	2801
-1.114244055689121e-01	-4.466826098852433e-02	2802
1.023858614453540e+00	2.173953995758530e-02	2803
-6.790898514719799e-02	-4.177657516866146e-01	2804
7.340430476119730e-01	-6.844417303619675e-01	2805
1.033569620036942e+00	-4.483405170953420e-01	2806
-1.130311849852050e-02	-4.926043740791075e-01	2807
1.018260656051652e+00	-2.073253330836883e-02	2808
-1.354937975602477e-01	-7.279995172864175e-02	2809
1.008003726496824e+00	-4.344258475202444e-03	2810
1.009078399381317e+00	5.067461046675049e-03	2811
1.004255994117114e+00	-5.436286870978085e-05	2812
-1.106439257793584e-01	4.525897123958435e-02	2813
-2.517783630349711e-02	4.723942045712183e-01	2814
1.025937086019674e+00	-3.090610732972776e-02	2815
1.017758926244961e+00	-1.502935586090517e-02	2816
1.004096223899871e+00	1.374503975608088e-03	2817
1.015044615513550e+00	1.310456411736159e-02	2818
1.004480587686295e+00	2.291570143971632e-03	2819
1.069510214652756e+00	-3.646585656290676e-01	2820
1.006303778778662e+00	-4.899100642608120e-01	2821
-1.429862097728665e-01	1.261498313906165e-01	2822
6.707253519912912e-01	-7.022524506977402e-01	2823
-1.402444833635723e-01	1.053258891607174e-01	2824
1.012773352884842e+00	9.186600605456346e-03	2825
-1.389384034016401e-01	-8.741234560979161e-02	2826
-1.376327822867783e-01	8.747673487498520e-02	2827
1.089462912069632e+00	-2.845591775490672e-01	2828
1.010938205939358e+00	6.240216001039540e-03	2829
1.008915845375507e+00	-5.307444461285831e-03	2830
8.116483085284953e-03	5.109781836714394e-01	2831
-8.852420944718147e-02	-1.153101118428678e-02	2832
-9.304443025247959e-02	-2.737728285454424e-02	2833
1.059268794304408e+00	-6.883267296071598e-02	2834
1.027042702343478e+00	3.021337287222701e-02	2835
-9.194405236728373e-02	3.680893789914742e-01	2836
1.008134139528166e+00	4.130576845148825e-03	2837
1.006127965476975e+00	3.336185311903931e-03	2838
1.004057132040557e+00	-1.477447082315098e-03	2839
1.085757254608787e+00	1.047188990346619e-01	2840
3.099254346723706e-01	6.870627692580580e-01	2841
-1.351160078191888e-01	2.409493597263015e-01	2842
-1.402413981746406e-01	2.112697514255323e-01	2843
-1.423648336111588e-01	1.841748690655491e-01	2844
-1.436547460919059e-01	1.560792834516551e-01	2845
1.004415008603951e+00	-2.403297240759350e-03	2846
-1.326996585139430e-01	-5.998530730584852e-02	2847
-1.317394361355261e-01	6.065935725955385e-02	2848
2.326445423497786e-01	6.607529575521955e-01	2849
-9.283841053208269e-02	2.982424809600891e-02	2850
1.086521674849620e+00	-1.206661348428285e-01	2851
1.093486280201472e+00	-1.708945482250311e-01	2852
-1.369861638453853e-01	-2.447497179178768e-01	2853
-1.308148160294013e-01	-2.746021986955692e-01	2854
-8.891632795967200e-02	-3.809545248898175e-01	2855
-1.072364982249113e-01	-3.441657993421788e-01	2856
-1.440730661360907e-01	-1.808469936155871e-01	2857
-1.423304660607960e-01	-2.109913790555501e-01	2858
1.091913804531094e+00	1.294879138988963e-01	2859
1.090677195555815e+00	-1.456473732077889e-01	2860
1.096656851971278e+00	1.610903265110167e-01	2861
1.099309970377131e+00	1.967609700337826e-01	2862
1.100457755204068e+00	2.330682157542848e-01	2863
1.097729957317262e+00	2.798940024048672e-01	2864
1.090193795991872e+00	3.257230340328441e-01	2865
1.076526044283202e+00	3.717323073547389e-01	2866
1.060707115235930e+00	4.175349950028839e-01	2867
1.035933661640987e+00	4.620999282216885e-01	2868
1.005637160461734e+00	5.056382006526162e-01	2869
9.692309364188337e-01	5.474053156312264e-01	2870
9.269148134795332e-01	5.867987196429582e-01	2871
8.796461479748771e-01	6.226045722831293e-01	2872
8.107791531858474e-01	6.601043451191470e-01	2873
-1.094772687936633e-01	3.303596303164211e-01	2874
-1.210216646872940e-01	2.964541636703112e-01	2875
-1.297296566981173e-01	2.668551872692138e-01	2876
7.240930431259277e-01	6.940035864801308e-01	2877
6.327307391706075e-01	7.154917097176199e-01	2878
5.523035035208088e-01	7.212245298819695e-01	2879
4.727856575015174e-01	7.193653913059206e-01	2880
1.081317649523970e+00	-9.951132818232140e-02	2881
1.075961608610490e+00	-8.396110764350551e-02	2882
1.079544353951582e+00	8.533603555451408e-02	2883
6.018265531780872e-01	-7.112097369232111e-01	2884
7.123610990666478e-02	-5.687900608181330e-01	2885
1.215346388660182e-01	-6.057582320438414e-01	2886
1.752017874212629e-01	-6.352445061196773e-01	2887
3.779562581570039e-01	-7.024363325540087e-01	2888
2.275350948765275e-01	-6.579218435963973e-01	2889
2.968295033635124e-01	-6.823622133586483e-01	2890
-7.202409356047673e-02	-5.084683524225269e-01	2891
-1.052355810937047e-01	4.500838006142076e-01	2892
3.295489303315001e-01	7.814187201140332e-01	2893
1.047531850309435e+00	-4.716274752484820e-02	2894
-1.626855680690457e-01	-3.029735417766357e-01	2895
1.005500278066590e+00	-2.486682537688420e-03	2896
1.049364373801519e+00	4.595653935425936e-02	2897
4.202079889102309e-01	8.020790801261464e-01	2898
1.116915525799262e+00	-4.036185586936528e-01	2899
8.972618826771071e-02	6.707907528424469e-01	2900
5.015074314604790e-01	-8.041902764903194e-01	2901
-1.399358503412151e-01	-3.829611129195907e-01	2902
-1.289208869338219e-01	-4.697752459726281e-02	2903
1.015146191463479e+00	1.036114079075735e-02	2904
1.068581042384582e+00	-5.012557698002796e-01	2905
1.010676945795179e+00	-4.658092515751061e-03	2906
1.009439166302718e+00	-3.898882624641187e-03	2907
1.005012301199853e+00	1.529639466026328e-03	2908
1.024301103672751e+00	-2.314894388711705e-02	2909
1.027167943954380e+00	-2.588653082790419e-02	2910
7.264715642946488e-01	-7.801187190411604e-01	2911
5.758666678690488e-01	-8.000576718973721e-01	2912
1.039371843923888e+00	-5.509239323161151e-01	2913
-1.716585911839661e-01	-1.671302215384881e-01	2914
1.007219203657068e+00	-3.391094951445119e-03	2915
-1.248527874889024e-01	4.092525830330096e-01	2916
1.004556832580101e+00	-8.325344071974749e-04	2917
1.027870501234689e+00	2.497163136528000e-02	2918
1.114418491093407e+00	-3.556311294693265e-01	2919
-1.658692630047037e-01	-1.133447580244614e-01	2920
-1.415092792028267e-01	3.681372452644616e-01	2921
-1.700430095109482e-01	-1.386597524269503e-01	2922
1.031137613788018e+00	-3.256606764769934e-02	2923
-8.998683835487215e-02	1.609172829220833e-02	2924
-1.530522540140209e-01	-3.405463156571630e-01	2925
-1.213422345902677e-01	-4.234060026431118e-01	2926
1.122921314861326e+00	-2.238362383079273e-01	2927
1.075340640113350e+00	7.163929258109411e-02	2928
1.057326411530328e+00	-6.045933128070911e-02	2929
8.578574042553421e-01	-7.217032924011485e-01	2930
1.692328861079966e-01	-7.194881795072053e-01	2931
4.090060384321921e-01	-7.961282046660382e-01	2932
9.616936384597218e-01	-6.433056307527476e-01	2933
6.477808010257574e-01	-7.972548541282597e-01	2934
1.012449703497914e+00	-7.493129470381110e-03	2935
1.014788819520249e+00	-1.077419885014958e-02	2936
1.059659987818029e+00	5.915038095996646e-02	2937
1.007318781709296e+00	3.199528165892722e-03	2938
7.956862524773141e-01	-7.540377958856049e-01	2939
1.018545840559457e+00	1.405759758617814e-02	2940
1.009557580062353e+00	3.640672977595023e-03	2941
1.003745726514495e+00	-5.987099297976374e-01	2942
-1.589256007397509e-02	5.773476674414180e-01	2943
1.088150234774511e+00	-4.512022858625314e-01	2944
9.131436136249722e-01	-6.844785851318911e-01	2945
1.042449200080243e+00	3.510924609849227e-02	2946
1.041147430181555e+00	-3.627909612947001e-02	2947
-8.310488730810060e-02	4.880421669304265e-01	2948
1.123950675773564e+00	-2.678243072092191e-01	2949
3.087344375479762e-02	6.234268236612199e-01	2950
-9.930816733030015e-02	-4.665176017659498e-01	2951
-3.676800525130607e-02	-5.550389719807917e-01	2952
1.019749774401866e+00	-1.767755651907184e-02	2953
-1.076809201015456e-01	3.308627517632767e-02	2954
-5.322431506509322e-02	5.306545741215717e-01	2955
1.004578398940917e+00	7.154351125162952e-04	2956
-1.646724619591860e-01	1.125102614447979e-01	2957
-1.602561271507842e-01	9.308437573408700e-02	2958
1.010821194198180e+00	4.362831350006432e-03	2959
-1.615884592661117e-01	-9.336389698860353e-02	2960
-1.548342912948387e-01	-6.876962428112718e-02	2961
-1.281144243702921e-01	4.767305375176307e-02	2962
1.121421109098645e+00	-3.106588803477477e-01	2963
1.012690303924468e+00	7.147320602378830e-03	2964
-1.036459148620611e-01	-1.569815506448153e-02	2965
-1.073097594469457e-01	-3.021889062746389e-02	2966
1.032309170566038e+00	3.170874289755851e-02	2967
1.005570085572392e+00	2.344276083450414e-03	2968
1.004967144664272e+00	-1.657764749085003e-03	2969
-1.705574804858805e-01	2.316070835720833e-01	2970
-1.693390800015208e-01	1.402743804910331e-01	2971
-1.714542256933511e-01	1.999197218646381e-01	2972
-1.706807961578215e-01	1.711765151591359e-01	2973
-1.536387820966292e-01	6.936872251889249e-02	2974
2.456800181123786e-01	7.530754868523993e-01	2975
1.636958003297796e-01	7.165074453995677e-01	2976
-9.567600265805390e-02	1.523787331320742e-03	2977
-1.687114497082437e-01	-2.665809076140094e-01	2978
-1.731158504004522e-01	-1.973661876313463e-01	2979
-1.717385322153950e-01	-2.326401266431673e-01	2980
1.105391307587367e+00	1.129594172636048e-01	2981
1.107035191535431e+00	-1.301579064590088e-01	2982
1.113982931469367e+00	1.422895525420007e-01	2983
1.113126982994291e+00	-1.560037522401099e-01	2984
1.121357809454405e+00	1.771199711880367e-01	2985
1.118751149318970e+00	-1.856191698616332e-01	2986
1.126810718921161e+00	2.139483473323926e-01	2987
1.130371961393052e+00	2.581190284960651e-01	2988
1.129335445192843e+00	3.084313141374114e-01	2989
1.122406642353260e+00	3.600977110532775e-01	2990
1.111783390440665e+00	4.091994809447739e-01	2991
1.092403829011469e+00	4.639882148230957e-01	2992
1.070236856962328e+00	5.177887341799274e-01	2993
1.037600018393017e+00	5.695907360174957e-01	2994
9.976505978903977e-01	6.194904402226621e-01	2995
9.506084612795267e-01	6.660533024502084e-01	2996
8.855423070410844e-01	7.133844742496983e-01	2997
-1.539273589113220e-01	3.265250722273094e-01	2998
-1.622562494790852e-01	2.923917636767699e-01	2999
-1.668629683204655e-01	2.609534975165611e-01	3000
8.004218355486972e-01	7.577568252882322e-01	3001
7.005504119055991e-01	7.924184803103508e-01	3002
6.003630653269211e-01	8.091298758326203e-01	3003
5.118478236510803e-01	8.110262348119058e-01	3004
1.099589646843639e+00	-1.062928151535146e-01	3005
1.071723383005710e+00	-7.144454113683296e-02	3006
1.092065767547886e+00	-8.715814559340669e-02	3007
1.096589850314807e+00	9.054454220182830e-02	3008
5.224169696106304e-03	-6.013262320719586e-01	3009
5.398660310172965e-02	-6.440628186968427e-01	3010
1.114715755796140e-01	-6.865288727475586e-01	3011
3.161564910793110e-01	-7.758476251397921e-01	3012
2.340807464018266e-01	-7.481132892057417e-01	3013
1.058188154122875e+00	4.943291048936804e-02	3014
1.106204579101288e+00	-5.570403628314660e-01	3015
-1.929470033707941e-01	1.218208853480437e-01	3016
1.008556432948521e+00	-3.091138896548664e-03	3017
1.160383640200662e+00	-3.776027638653534e-01	3018
1.158117085216575e+00	-3.395578887446008e-01	3019
3.545140178364292e-01	8.870712600105566e-01	3020
7.955359280624217e-01	-8.594707031257839e-01	3021
1.005519334138140e+00	7.369070348954689e-04	3022
1.005982824057233e+00	-1.590500840859464e-03	3023
1.034202802534357e+00	2.563206733627608e-02	3024
1.181866101434815e-02	7.084265377734187e-01	3025
8.702691356270899e-01	-8.221613002830177e-01	3026
1.012416589607757e+00	-5.516060529889183e-03	3027
1.017181789536154e+00	-1.231714499521277e-02	3028
2.446729954563435e-01	-8.503139297167437e-01	3029
1.077925424038801e+00	-6.171255935630124e-01	3030
1.047326718674569e+00	4.123158650100385e-02	3031
1.068402174460666e+00	-6.231289935297879e-02	3032
8.350530183971738e-02	7.652906863942956e-01	3033
9.780771428335307e-02	-7.765518002195212e-01	3034
1.022032311397195e+00	-2.011250439970773e-02	3035
1.005123830633070e+00	-6.644357074674544e-05	3036
1.028455207832491e+00	2.012888776902985e-02	3037
-2.031516559606011e-01	-1.805017650183048e-01	3038
-1.233017722230605e-01	-3.139661880082142e-02	3039
1.005496096982219e+00	-8.804280422457139e-04	3040
-2.050680401628645e-01	-2.909789340082874e-01	3041
-1.088530799156014e-01	-2.770385956060387e-03	3042
2.587416587322126e-01	8.564554555133927e-01	3043
-1.438452166821866e-01	4.981777107662211e-01	3044
-1.040606977915508e-01	1.659864420240496e-02	3045
1.037486298233885e+00	-3.202299074350972e-02	3046
1.090955639945546e+00	7.463393825854396e-02	3047
4.576247322823034e-01	9.064002387776398e-01	3048
-8.648642397505120e-02	5.959859694297612e-01	3049
-1.061535379387853e-01	-5.703493724940292e-01	3050
-2.022518719055732e-01	1.845334678417963e-01	3051
-1.994798080644404e-01	-3.320906602002173e-01	3052
7.082655424651462e-01	-8.875645848278688e-01	3053
1.649532213456792e-01	-8.156698238821696e-01	3054
-1.353237582720860e-01	-5.192987123315017e-01	3055
4.460769123351775e-01	-8.998056432480747e-01	3056
-1.915090747276385e-01	-3.752918346229801e-01	3057
1.017597865967894e+00	1.183040534482670e-02	3058
1.008648462390995e+00	2.858941832182092e-03	3059
1.021221757292023e+00	-1.450219866979817e-02	3060
9.355794529010019e-01	-7.779666316749954e-01	3061
-2.066500533761760e-01	-2.525640070147765e-01	3062
1.006588995395472e+00	-2.467869067697952e-03	3063
-1.637759854117373e-01	4.531620393661164e-01	3064
1.021815777351150e+00	1.578919286932901e-02	3065
1.028669878617457e+00	-2.145670372279061e-02	3066
1.158640761963467e+00	-2.915115374120274e-01	3067
-1.917081157674252e-01	3.604325376608227e-01	3068
-1.789857266028081e-01	4.072560800063048e-01	3069
-1.484983231235302e-01	-4.822862188026338e-02	3070
-1.766682981152744e-01	-4.239330071491433e-01	3071
1.056179961931547e+00	-5.083860181912336e-02	3072
3.413101036463158e-01	-8.807911482026327e-01	3073
9.918314418889734e-01	-7.284543096574837e-01	3074
5.797006587006752e-01	-9.014787592865149e-01	3075
1.014483294752374e+00	-8.495330669966810e-03	3076
1.070968349094810e+00	6.087153568863363e-02	3077
1.010830720980181e+00	-3.021325766997772e-03	3078
1.039240368201420e+00	-6.746401058306071e-01	3079
-4.314079630616671e-02	6.524593185866598e-01	3080
1.146148201656251e+00	-4.537804334499491e-01	3081
1.129897175475626e+00	-4.966270583057991e-01	3082
1.033409981753666e+00	-2.670846320130001e-02	3083
-1.195869170054121e-01	5.456757454700738e-01	3084
-1.597281584619253e-01	-4.697661347474929e-01	3085
-1.797316780121270e-01	-7.494983851847911e-02	3086
-1.477311447649741e-01	4.902969435952333e-02	3087
1.010922649114232e+00	2.719265501438000e-03	3088
1.012591077988081e+00	5.167796454832732e-03	3089
-1.861040241471042e-01	9.724953843072193e-02	3090
-1.874113276851612e-01	-9.810602065499664e-02	3091
-1.985338734309002e-01	1.542468198943220e-01	3092
-1.243851129341092e-01	3.530473645003980e-02	3093
1.014761117033195e+00	8.086427820742861e-03	3094
-1.198652961139259e-01	-1.928203916855802e-02	3095
1.038634052186498e+00	3.095746344666362e-02	3096
1.006026928298637e+00	1.433291822166567e-03	3097
1.006659730619871e+00	2.293774850372662e-03	3098
-1.937863595922436e-01	-1.215228251671032e-01	3099
-1.990217562361977e-01	-1.510622822498736e-01	3100
-2.049550015476551e-01	2.165724843866365e-01	3101
-1.785011238327744e-01	7.499478876141075e-02	3102
1.690898156338399e-01	8.172821213387832e-01	3103
-2.069876831847749e-01	-2.160406979051334e-01	3104
1.128375493649844e+00	1.221022534407200e-01	3105
1.130523436481200e+00	-1.383409582558822e-01	3106
1.140107963289493e+00	1.548820409492343e-01	3107
1.139577600208838e+00	-1.664273069962343e-01	3108
1.150306355381571e+00	1.915491629738393e-01	3109
1.148130803851368e+00	-2.018799143083217e-01	3110
1.159295124697372e+00	2.333876499604737e-01	3111
1.155260116073986e+00	-2.452329029984743e-01	3112
1.165278901856786e+00	2.838034737585356e-01	3113
1.166274863595429e+00	3.394467091467812e-01	3114
1.161931792546729e+00	3.940607154870159e-01	3115
1.150220219861725e+00	4.532752337313324e-01	3116
1.133871613182363e+00	5.120707073291535e-01	3117
1.106676704588458e+00	5.764317447034371e-01	3118
1.074961261372719e+00	6.397499684279345e-01	3119
1.031138021256625e+00	6.994566788733368e-01	3120
9.701306563738559e-01	7.598582159740551e-01	3121
-1.989460124194119e-01	3.193422729195078e-01	3122
-2.034387491726010e-01	2.822842260314695e-01	3123
-2.049070620977275e-01	2.506917186710297e-01	3124
8.872624497587225e-01	8.181238832460656e-01	3125
7.841206330373941e-01	8.679116800530532e-01	3126
6.684751514877260e-01	9.005478074413203e-01	3127
5.595430092310086e-01	9.112907998942474e-01	3128
1.120921909955105e+00	-1.128066271691693e-01	3129
1.086262182239726e+00	-7.306357966681584e-02	3130
1.110674079357536e+00	-9.095031059455654e-02	3131
1.116564976405245e+00	9.560395086354803e-02	3132
-6.707566472838195e-02	-6.240718512649932e-01	3133
-2.062068732485452e-02	-6.792066177604690e-01	3134
3.482960133361204e-02	-7.292418483783020e-01	3135
1.050320735135805e+00	3.383002734161938e-02	3136
9.593990504513307e-01	-8.840819215859401e-01	3137
1.006504518091470e+00	-7.107136849503382e-04	3138
1.017122744870723e+00	-9.406321886093361e-03	3139
-1.786021220720525e-01	-5.774093239659798e-01	3140
-7.348265189599341e-02	7.379669191368007e-01	3141
1.024884640259160e+00	1.731835503142518e-02	3142
1.175661120097206e+00	-5.496796332746785e-01	3143
1.120146552039373e+00	-6.876009688276637e-01	3144
1.034547052998428e+00	-2.093456446636962e-02	3145
-1.394006677274013e-01	-2.599767714089495e-02	3146
-1.197869829794678e-01	1.483099105413454e-02	3147
-1.242772546660678e-01	6.703723669074768e-01	3148
-6.732603894028682e-03	8.066099456950736e-01	3149
2.755363914421395e-01	9.727500866303269e-01	3150
1.068435470992363e+00	5.287970477023286e-02	3151
3.736034636110477e-01	-9.979661497470410e-01	3152
2.607771151665181e-01	-9.658677280877974e-01	3153
-2.469159298831551e-01	-2.731605713030167e-01	3154
1.014552787497864e+00	5.933947044457462e-03	3155
1.023468435797045e+00	-1.702479892064934e-02	3156
-2.418032255712079e-01	3.480331033308994e-01	3157
7.856326692719396e-01	-9.793599610599842e-01	3158
1.014348525438196e+00	-6.342411028056845e-03	3159
1.022359049703083e+00	1.962180062677025e-02	3160
-1.891350922729324e-01	5.514638796514986e-01	3161
1.044021280981326e+00	-3.012337102374746e-02	3162
-2.461580282359044e-01	-3.171785365919156e-01	3163
-2.395970996574952e-01	-1.942553713020356e-01	3164
1.017435795012400e+00	8.913592004199618e-03	3165
-1.720128187533921e-01	-5.139675516590708e-02	3166
-2.090895484647092e-01	5.002402635897502e-01	3167
1.108984748572421e+00	7.770341816862639e-02	3168
1.191491843131648e+00	-4.956230386751164e-01	3169
1.203487467620610e+00	-4.253245078353842e-01	3170
1.155352950207220e+00	1.308587258761969e-01	3171
-2.385204447229983e-01	1.974511055679921e-01	3172
3.870328948619778e-01	1.004875921377662e+00	3173
1.066279815515424e+00	-5.451300134150043e-02	3174
1.080892819767928e+00	-6.295779844358722e-02	3175
1.183759749395581e-02	-8.245802114857785e-01	3176
-2.429745143733727e-01	-3.621101943824949e-01	3177
1.153730724901414e+00	-6.164160371795357e-01	3178
5.043919704379306e-01	1.021030661770016e+00	3179
8.803453047742058e-01	-9.365805692042439e-01	3180
1.009908473312004e+00	-2.499598326370681e-03	3181
1.012362893616915e+00	-3.989717985939906e-03	3182
1.050593054783051e+00	-3.807655171508992e-02	3183
1.055058599293056e+00	-4.153893856088543e-02	3184
1.639869817471195e-01	-9.256096278761639e-01	3185
1.021135412418641e+00	1.204204994831250e-02	3186
1.006105936170551e+00	-8.043924786776248e-05	3187
-1.430992356777078e-01	3.625066265427248e-02	3188
7.788679957182704e-02	8.727594063829619e-01	3189
-2.215844324673353e-01	-4.661935678159029e-01	3190
-2.240401468299184e-01	4.477157936160602e-01	3191
8.288619196941306e-02	-8.783828534430179e-01	3192
6.558186587393939e-01	-1.006896484020742e+00	3193
-2.033447087465134e-01	-5.215757765296469e-01	3194
1.009983152185349e+00	2.225620902130515e-03	3195
1.045095142550355e+00	2.883792350789017e-02	3196
1.007824250329070e+00	-2.302337859852275e-03	3197
1.007118770158960e+00	-1.454525698666491e-03	3198
1.026253701742689e+00	-1.933112658616930e-02	3199
1.204213912707326e+00	-3.561069113780475e-01	3200
1.199221802832889e+00	-3.161485348136757e-01	3201
-2.343299196721679e-01	3.971329057826815e-01	3202
-2.356263490215002e-01	-4.149239682155995e-01	3203
1.025815015154099e+00	-8.242287313694182e-01	3204
5.108473004469506e-01	-1.012807161186438e+00	3205
1.083899202537284e+00	6.189364165822724e-02	3206
1.080097954746542e+00	-7.587959376158960e-01	3207
-1.612112066701662e-01	6.094038606698234e-01	3208
-2.325975076235473e-01	-1.611206341153362e-01	3209
1.012487340378651e+00	3.641242959965676e-03	3210
-1.709045398026109e-01	5.204791696896752e-02	3211
-2.075230560821267e-01	-7.839327168089756e-02	3212
-2.158242684248778e-01	1.020186774184139e-01	3213
-2.323793116297225e-01	1.652706541629303e-01	3214
-1.285693189994998e-01	-1.307736094090973e-03	3215
1.040656764561730e+00	2.476390883235106e-02	3216
1.039846796884082e+00	-2.600816423995422e-02	3217
1.006522926348704e+00	5.380516515647094e-04	3218
1.007159555746190e+00	1.264042592368396e-03	3219
1.007891236418110e+00	2.091464837110436e-03	3220
-2.168876907387317e-01	-1.024584508826945e-01	3221
-2.251768896483866e-01	-1.309628858261866e-01	3222
-2.247677633159490e-01	1.328003987513668e-01	3223
-2.061948321880518e-01	7.775755748581839e-02	3224
1.741763430081551e-01	9.304045553966508e-01	3225
-2.444924610692558e-01	-2.343625209009811e-01	3226
1.157765190135972e+00	-1.451661940756880e-01	3227
1.170287730243788e+00	1.661402884147611e-01	3228
1.170249259104276e+00	-1.779129155009553e-01	3229
1.184421352736919e+00	2.059495866991926e-01	3230
1.182728122954501e+00	-2.186085899672500e-01	3231
1.196949454964041e+00	2.542825884157842e-01	3232
1.192706531402009e+00	-2.659173553277812e-01	3233
1.206250907880599e+00	3.106600621489021e-01	3234
1.209667207331925e+00	3.701088992382542e-01	3235
1.206725017463005e+00	4.333620234459185e-01	3236
1.197483036208699e+00	4.976942386816324e-01	3237
1.178819004134733e+00	5.685192194508264e-01	3238
1.153733726312830e+00	6.389964356280896e-01	3239
1.114866843064764e+00	7.143001877379948e-01	3240
1.064573940980386e+00	7.931905223708833e-01	3241
-2.426442901591400e-01	2.335351700168533e-01	3242
-2.444133804519597e-01	3.059626655892628e-01	3243
-2.449049179667762e-01	2.682813381603358e-01	3244
9.863735298081222e-01	8.693853851845702e-01	3245
8.829830658044673e-01	9.383123315151563e-01	3246
7.578086725809851e-01	9.911539882607707e-01	3247
6.263078797316304e-01	1.018199196046230e+00	3248
1.145178919080278e+00	-1.183441612862717e-01	3249
1.103364660507838e+00	-7.452137512931080e-02	3250
1.132286790245318e+00	-9.422991382993214e-02	3251
1.139880651725065e+00	1.010401509771552e-01	3252
-1.461698990554753e-01	-6.399378624797701e-01	3253
-1.035473223637920e-01	-7.013221870586895e-01	3254
-5.010956588769043e-02	-7.668644897837192e-01	3255
-2.879977456754204e-01	-2.508328712840294e-01	3256
-2.792771947160054e-01	2.109148880938033e-01	3257
5.879705242473355e-01	-1.134980103060356e+00	3258
1.063037338191167e+00	-9.328055386853599e-01	3259
-1.050602450623700e-01	8.362385971617946e-01	3260
-2.930755979407142e-01	-3.956361055794006e-01	3261
-2.403604181684263e-01	6.120751576867846e-01	3262
4.299481922180696e-01	1.135460010245980e+00	3263
1.056738895166275e+00	4.007605679157467e-02	3264
1.009101159737120e+00	-1.852248647432280e-03	3265
1.012471955074749e+00	-2.124367553110788e-03	3266
1.064377027586369e+00	-4.458547387088235e-02	3267
-1.427440495646737e-02	-9.320803518374308e-01	3268
2.841890825734218e-01	-1.096017174768618e+00	3269
4.284190833624660e-01	-1.127925703107256e+00	3270
1.024869212978074e+00	-1.352173608750370e-02	3271
-2.090077757048056e-01	6.803695576470008e-01	3272
-8.435935934592363e-02	-8.650152532549584e-01	3273
1.020175958973154e+00	1.022904669429053e-02	3274
1.019809683990157e+00	-1.080584640285026e-02	3275
1.815457126020562e-01	1.057750148625400e+00	3276
1.016588590291173e+00	-7.281869499444900e-03	3277
-1.639794097616859e-01	3.575187683357590e-02	3278
-1.974671763143367e-01	-5.391602196128826e-02	3279
-2.918551891694425e-01	3.299589465455677e-01	3280
1.029089778258311e+00	1.564259397816361e-02	3281
-2.386915109769134e-01	-7.991964406805513e-02	3282
1.066224797009378e+00	4.235536753967249e-02	3283
-2.711274806489637e-01	-1.700258818405623e-01	3284
-2.710351937029425e-01	1.744034047619098e-01	3285
2.993301368923232e-01	1.103498237034185e+00	3286
-2.536837887611738e-01	-5.768558447298393e-01	3287
1.186320870889626e+00	1.384492981229531e-01	3288
1.173062297546645e+00	-7.646224176846668e-01	3289
5.693661899908202e-01	1.144923049850362e+00	3290
-2.805025184113027e-01	-2.093210780771579e-01	3291
1.130200822841756e+00	8.044726985163742e-02	3292
1.679705755792003e-01	-1.051145729604621e+00	3293
-2.289805881229122e-01	-6.427392022356970e-01	3294
1.094887253477903e+00	-6.203632114322286e-02	3295
9.826505596927941e-01	-1.005488035726185e+00	3296
-2.554433987148396e-02	9.190853361172181e-01	3297
1.230918570574666e+00	-6.050910584516417e-01	3298
1.035625038885702e+00	1.982099127361751e-02	3299
-1.665396939817319e-01	7.555474842680642e-01	3300
1.079926422910509e+00	5.365009102943097e-02	3301
1.016827264198330e+00	6.802674698568883e-03	3302
1.024777656364388e+00	1.341249918466436e-02	3303
1.030200368560603e+00	-1.729128707234676e-02	3304
1.027244921121388e+00	-1.530885956246344e-02	3305
-2.904326187587817e-01	3.805118053336402e-01	3306
7.463118861999095e-01	-1.115525775342138e+00	3307
1.014222179584126e+00	-4.687637270011613e-03	3308
1.046185106701764e+00	-2.377364556203128e-02	3309
-2.926533500379723e-01	-2.956481749810206e-01	3310
-2.611634869548669e-01	5.501480715733348e-01	3311
1.244930237705185e+00	-5.408154593048918e-01	3312
1.254247402471090e+00	-4.703656204484344e-01	3313
1.077658856241740e+00	-5.561324231587707e-02	3314
-2.942270928774260e-01	-3.428448976443170e-01	3315
1.205960263884469e+00	-6.848813457304999e-01	3316
8.823337806985874e-01	-1.068069052798002e+00	3317
1.012535610355322e+00	1.771558811031993e-03	3318
6.890007932889350e-02	-9.946959833520702e-01	3319
-1.364929510492521e-01	1.682217792651969e-02	3320
7.165247553940371e-02	9.941428874434811e-01	3321
-2.852023275769405e-01	-4.556840608250599e-01	3322
-2.763491513884224e-01	4.910746009514687e-01	3323
-2.731837125238316e-01	-5.134859401668037e-01	3324
1.046947243919551e+00	2.235602996031392e-02	3325
1.052370167825506e+00	2.643923353753386e-02	3326
1.008345566747766e+00	-1.151856815601608e-03	3327
1.254870111968625e+00	-3.915225333450577e-01	3328
-2.851130695465049e-01	4.338254481829834e-01	3329
1.100552746141199e+00	6.206509199137652e-02	3330
1.122655179337184e+00	-8.497218628112096e-01	3331
-1.496684113495373e-01	-6.669746334264193e-03	3332
1.014371079098675e+00	4.281169837902424e-03	3333
-1.675106925510648e-01	-2.309137957906915e-02	3334
-1.960028715789860e-01	5.394989479151234e-02	3335
-2.610039822482776e-01	1.412241306777443e-01	3336
1.040835109863249e+00	-1.969319752236904e-02	3337
1.007505957890003e+00	-2.321634430657830e-05	3338
1.008377589682078e+00	9.248233347762296e-04	3339
1.009155089674609e+00	1.602551153697709e-03	3340
-2.609001129234694e-01	-1.379294921635815e-01	3341
-2.504902219057420e-01	-1.079238132761830e-01	3342
-2.498840746929286e-01	1.085872789664377e-01	3343
-2.374327117393476e-01	7.919485464859921e-02	3344
1.205416486511738e+00	1.759362550541747e-01	3345
1.189134894779813e+00	-1.520877663652990e-01	3346
1.206196909405998e+00	-1.893101873298607e-01	3347
1.223933508407873e+00	2.213073969731134e-01	3348
1.246781932102910e+00	-3.306730298828524e-01	3349
1.222497914842211e+00	-2.350950547407115e-01	3350
1.241054289136917e+00	2.757222247310414e-01	3351
1.236429370471889e+00	-2.859652095722942e-01	3352
1.253479926231266e+00	3.375066461831170e-01	3353
1.260094623305362e+00	4.038379283487007e-01	3354
1.259836237008321e+00	4.734667534811040e-01	3355
1.250727091048627e+00	5.491685840370200e-01	3356
1.233882313982338e+00	6.273121292070117e-01	3357
1.204219146091186e+00	7.121328218932126e-01	3358
1.163087296103122e+00	7.996916077829654e-01	3359
-2.859351822407348e-01	2.480464312747706e-01	3360
-2.908303400552459e-01	2.876213543474812e-01	3361
1.097064576424376e+00	9.035750844076210e-01	3362
9.979133437653384e-01	9.968818173873262e-01	3363
8.684267969509598e-01	1.075515826534857e+00	3364
7.184600861752996e-01	1.127197218892482e+00	3365
1.172882094777926e+00	-1.218182013206942e-01	3366
1.122920606263998e+00	-7.601978413975563e-02	3367
1.156849753053225e+00	-9.669822983062068e-02	3368
1.167076900562085e+00	1.057691585071580e-01	3369
-1.921650185574544e-01	-7.168017671351532e-01	3370
-1.450613563455780e-01	-7.891189236564000e-01	3371
5.015908740491143e-01	-1.269733960799286e+00	3372
-1.395041147166830e-01	9.497024519645416e-01	3373
-3.495678887008925e-01	-3.701274674135796e-01	3374
1.059791592742410e+00	3.218288241138487e-02	3375
1.051329909368488e+00	-2.904789502121981e-02	3376
-4.188108216567784e-02	-1.054535132926706e+00	3377
5.791837931094436e-02	-1.128185283636250e+00	3378
1.176165037240997e+00	-9.515501159892522e-01	3379
1.000349044359189e+00	-1.146269584591464e+00	3380
-2.128134968319698e-01	8.551322018671578e-01	3381
1.010392746670103e+00	8.192042183099263e-04	3382
-1.564491235769780e-01	1.808827320250912e-02	3383
1.245943281541326e+00	1.856775401182789e-01	3384
3.335858330809116e-01	1.250390559332353e+00	3385
-1.922663925077487e-01	-8.885103319698588e-01	3386
6.639114221246997e-02	1.131613488258709e+00	3387
1.077090374455213e+00	4.559784278947498e-02	3388
1.112649221744763e+00	-6.020417822681462e-02	3389
6.837712617273231e-01	-1.263882244320596e+00	3390
1.028620824867431e+00	1.125377959662645e-02	3391
-2.639308450330087e-01	7.613552593992000e-01	3392
1.014067252507876e+00	-2.894534483691950e-03	3393
1.036018531729387e+00	-1.557740056705884e-02	3394
1.269187544649552e+00	-7.579682433897122e-01	3395
-3.491573565257906e-01	-4.331601335153401e-01	3396
1.102004858540714e+00	-1.057254529674245e+00	3397
1.016358228647219e+00	-5.356790649339633e-03	3398
-3.216208337359814e-01	6.050713330401086e-01	3399
1.010361955385173e+00	-1.107826434720818e-03	3400
-3.256413137324560e-01	2.216303818779312e-01	3401
1.092653528723007e+00	5.260556333978670e-02	3402
-1.872660046608681e-01	-2.668774848539368e-02	3403
1.016531100386413e+00	4.882581025945627e-03	3404
-2.257288374672358e-01	-5.365341775233229e-02	3405
1.225601674579056e+00	-1.580570402015500e-01	3406
4.912655928306611e-01	1.278579288933859e+00	3407
6.614516939917291e-01	1.274667013082528e+00	3408
1.119693022960364e+00	6.296272478827161e-02	3409
-1.234429150985976e-01	-9.753544474129630e-01	3410
-3.465049049738529e-01	4.130095265769833e-01	3411
-3.272128080718176e-01	-2.220292731556894e-01	3412
-2.974536535805370e-01	6.798558512438801e-01	3413
1.062369407489664e+00	-3.506087844090448e-02	3414
1.012503671387330e+00	-1.766900904060145e-04	3415
1.791423914514609e-01	-1.193756507565980e+00	3416
3.268204021826390e-01	-1.242898500719995e+00	3417
1.023792066668611e+00	-9.473566381386531e-03	3418
1.019464960653279e+00	-7.765740808476519e-03	3419
1.944090439022301e-01	1.201587188554821e+00	3420
-3.459306973289407e-01	3.567206892406576e-01	3421
-2.243565692000022e-01	5.305948135988878e-02	3422
1.228555778781390e+00	-8.553551449562176e-01	3423
-3.146510851391655e-01	-1.801279070265976e-01	3424
-3.148071824228165e-01	1.835394679583964e-01	3425
1.154622660651282e+00	8.276134851062009e-02	3426
-3.136175407233263e-01	-6.364927707299031e-01	3427
-4.577224919600101e-02	1.046928249078491e+00	3428
1.293257413841677e+00	-6.686905872054757e-01	3429
1.019722983187784e+00	7.193008500470025e-03	3430
1.030952440808011e+00	-1.298978297910685e-02	3431
1.028249272187055e+00	-1.151017595639473e-02	3432
1.041820063674100e+00	1.838725778647421e-02	3433
1.047067542563424e+00	-1.709761145593055e-02	3434
1.308144408498715e+00	-5.884969447322741e-01	3435
1.314352237329810e+00	-5.143729563056585e-01	3436
1.075098940464619e+00	-4.767462251127098e-02	3437
-3.376655670940978e-01	-2.680209717383546e-01	3438
-3.420104787633916e-01	3.074666244533687e-01	3439
8.589194318271551e-01	-1.220804590726629e+00	3440
1.014156439868287e+00	2.491743065262311e-03	3441
-3.332543683953557e-01	-5.662419632601250e-01	3442
-3.354271677325121e-01	5.378279427358110e-01	3443
-3.437688760232949e-01	-4.976509717982318e-01	3444
1.053608494108119e+00	1.913635043735004e-02	3445
1.312344411154883e+00	-4.316537486295451e-01	3446
-3.440286521788827e-01	4.721860275780846e-01	3447
-1.717444997817229e-01	-2.684619929690253e-04	3448
-1.878718435588856e-01	3.504344636115850e-02	3449
-3.019161788503251e-01	1.467753141578712e-01	3450
-2.740821534743114e-01	-8.127819028272489e-02	3451
1.009402309228775e+00	-7.673715390575948e-05	3452
-3.013381812668905e-01	-1.424747304224060e-01	3453
-2.881464901953404e-01	1.135418137363389e-01	3454
-2.881068035585282e-01	-1.114572647581135e-01	3455
-2.731713338120539e-01	8.116226038226584e-02	3456
1.221914851526310e+00	1.437808880954282e-01	3457
1.247483485872712e+00	-2.005827905670013e-01	3458
1.270067089015292e+00	2.364565995809584e-01	3459
1.286110394921802e+00	-2.981982453661551e-01	3460
1.268607464069805e+00	-2.500043337062638e-01	3461
1.291611608556236e+00	2.974351106518724e-01	3462
1.301534838609095e+00	-3.546038234895615e-01	3463
1.308521997337996e+00	3.652100100028349e-01	3464
1.318824865503190e+00	4.385314477656854e-01	3465
1.320497181262333e+00	5.187758530809574e-01	3466
1.313885270051244e+00	6.032173972343176e-01	3467
1.295163156185514e+00	6.958062954817041e-01	3468
1.264416567120846e+00	7.931953940662387e-01	3469
-3.352693449059055e-01	2.619333153677881e-01	3470
-3.447727660056434e-01	-3.172269930235536e-01	3471
1.213740166268002e+00	9.038644365873109e-01	3472
1.128802575537093e+00	1.035289573687322e+00	3473
1.000580596483886e+00	1.145183380951399e+00	3474
8.390598117958417e-01	1.230331377829134e+00	3475
1.204480749484332e+00	-1.244838882538451e-01	3476
1.145215133651760e+00	-7.650355469764444e-02	3477
1.184597483325008e+00	-9.678683368671037e-02	3478
1.198229017508161e+00	1.093222704778614e-01	3479
-2.862196839887607e-01	-7.168912120185543e-01	3480
-2.447966487571576e-01	-8.020625164743079e-01	3481
3.907432778912890e-01	-1.406026421002492e+00	3482
1.047773727332512e+00	1.546143387130102e-02	3483
-4.116980612783268e-01	-4.017008417772134e-01	3484
9.975132050834296e-01	-1.313229885441273e+00	3485
-4.114647933304995e-01	4.453726333497097e-01	3486
1.014147862268647e+00	-1.035503416302376e-03	3487
1.132908184892089e+00	-5.922496847505046e-02	3488
2.164149151539598e-01	1.364116455555791e+00	3489
5.808492178666675e-01	1.431450874251301e+00	3490
3.865746383642119e-01	1.414034784186298e+00	3491
1.182701190977950e+00	8.378241355164606e-02	3492
1.060533914382777e+00	-2.536978479711268e-02	3493
-3.642920963660772e-01	7.552464043851033e-01	3494
-3.062700885822608e-01	-8.981145458207110e-01	3495
1.072388144934044e+00	3.364645274619790e-02	3496
5.972287519168945e-01	-1.421401466993942e+00	3497
1.234395088180661e+00	-1.071837081338350e+00	3498
1.025024190570244e+00	9.358460654080084e-03	3499
1.032866973905309e+00	1.303233878584057e-02	3500
1.295769469105440e+00	-9.547479975998547e-01	3501
-3.637927921011808e-01	1.900377402238615e-01	3502
1.141785181823763e+00	6.312755991624587e-02	3503
-4.006274502433530e-01	3.275062840204813e-01	3504
1.022688553541611e+00	-5.949940534326407e-03	3505
1.035485764236599e+00	-1.039368967710700e-02	3506
-3.309971187608834e-01	1.150517007871740e-01	3507
-4.042786200450396e-01	5.871027076526202e-01	3508
1.053245612218409e+00	-2.151531782082196e-02	3509
-3.780446795564457e-01	2.302930743786794e-01	3510
1.106742501714602e+00	4.883037835761807e-02	3511
-1.985710736129904e-01	-2.104065945825328e-03	3512
-3.640549277883678e-01	-1.878626111961105e-01	3513
1.037592545898480e+00	1.427979368209714e-02	3514
-2.141643166282990e-01	-2.978651230367099e-02	3515
1.292994324689270e+00	1.942124324277001e-01	3516
7.886160847582990e-01	1.401986920400271e+00	3517
-4.117557593045974e-01	-5.428135581165500e-01	3518
1.086955209143196e+00	-4.824389773079042e-02	3519
-4.143863761246426e-01	-4.707284350324758e-01	3520
-1.767970606635715e-01	1.080257198656376e+00	3521
-2.582295382994584e-01	-5.134048477662298e-02	3522
1.102426294720948e+00	-4.783389784358261e-02	3523
1.041818919105537e+00	-1.355248420431444e-02	3524
-6.907807922844099e-02	-1.195087551913983e+00	3525
-2.625224869600625e-01	9.699270640215929e-01	3526
-4.103602457935037e-01	5.143026346709384e-01	3527
-1.660259030830746e-01	-1.100209663080837e+00	3528
6.493293671586089e-02	1.287943912596347e+00	3529
-3.253130331345476e-01	8.560343064485316e-01	3530
1.016255575078566e+00	3.148932974746296e-03	3531
1.338881967794930e+00	-8.445783843548781e-01	3532
1.139079409343738e+00	-1.202777467772010e+00	3533
1.016141551698660e+00	-3.617530597417532e-03	3534
-3.894642802839793e-01	6.684446441727212e-01	3535
1.019012992312516e+00	5.485342782962905e-03	3536
1.240782028211778e+00	-1.252477258201377e-01	3537
-2.456712283722242e-01	-1.000967785250499e+00	3538
-3.936809419616309e-01	-2.847452513327811e-01	3539
5.276578095937075e-02	-1.281611763836645e+00	3540
2.065121986797181e-01	-1.356451247760320e+00	3541
1.018815201106493e+00	-6.038411028030051e-03	3542
-4.072502320463607e-01	3.841908529930391e-01	3543
-4.003611951390946e-01	-6.224843052171548e-01	3544
-6.670405099539110e-02	1.192398274688828e+00	3545
1.366894688120869e+00	-7.367488761579450e-01	3546
1.022757679964773e+00	8.298025898828953e-03	3547
1.031485515091930e+00	-8.818290781760475e-03	3548
1.027451546296024e+00	-7.379483794796745e-03	3549
1.379994605943227e+00	-6.435814220682393e-01	3550
1.384726209248941e+00	-5.578213487103560e-01	3551
1.072368371402317e+00	-3.743636027069863e-02	3552
8.077565791013572e-01	-1.392043850804723e+00	3553
1.014175394366596e+00	6.300238800892997e-04	3554
1.060351075335412e+00	2.370734364625137e-02	3555
1.379355371177321e+00	-4.716660085616415e-01	3556
-2.148288953035027e-01	3.445490358276339e-02	3557
-1.793407564817381e-01	2.045337919152633e-02	3558
-3.481103466051890e-01	1.510371209947668e-01	3559
-3.472805257963311e-01	-1.471420594772696e-01	3560
-2.573568785761854e-01	5.079872236822784e-02	3561
-3.301998573201878e-01	-1.115968896547043e-01	3562
-3.133313328074568e-01	8.200266729274816e-02	3563
-3.136107049984025e-01	-8.103732095402008e-02	3564
1.262706626721935e+00	1.480431419676441e-01	3565
1.267475873948332e+00	-1.635909303143612e-01	3566
1.320005401131895e+00	-2.588145183777137e-01	3567
1.295051490677230e+00	-2.096857661490755e-01	3568
1.322968800900028e+00	2.517992169450794e-01	3569
1.343341981863629e+00	-3.130909860252659e-01	3570
1.350270352739768e+00	3.184934797755066e-01	3571
1.364256193590678e+00	-3.853514591457639e-01	3572
1.372185068126172e+00	3.933163391244986e-01	3573
1.386064675491365e+00	4.769050782504071e-01	3574
1.391459564615965e+00	5.663964239236928e-01	3575
1.385276386442869e+00	6.653649987285827e-01	3576
1.367117100255875e+00	7.715069831587783e-01	3577
-3.906003541252583e-01	2.768970222430928e-01	3578
-3.803034527023333e-01	-2.338475911227444e-01	3579
-4.046295059915304e-01	-3.381561279175168e-01	3580
1.331410367469364e+00	8.900727243575117e-01	3581
1.265759187713450e+00	1.029627595360140e+00	3582
1.146330723284228e+00	1.184218766593936e+00	3583
9.888955294436944e-01	1.316643756657871e+00	3584
1.169961932179240e+00	-7.561057002582976e-02	3585
1.215965861837223e+00	-9.539904670572026e-02	3586
1.233684370808457e+00	1.101734409197841e-01	3587
-3.822300295451440e-01	-7.043295396128136e-01	3588
-3.498733962726033e-01	-8.000402021622459e-01	3589
1.042864755393793e+00	1.229709064520182e-02	3590
1.016128675017647e+00	1.582586175139694e-03	3591
7.098550962995170e-02	1.466121081256170e+00	3592
1.086843134321326e+00	3.739463013910546e-02	3593
1.162492154668805e+00	-1.379480928636695e+00	3594
1.025992542838307e+00	-3.619073540520023e-03	3595
4.809085921485016e-01	-1.583754227858128e+00	3596
-3.987466148578214e-01	-1.494779821051579e-01	3597
-2.946811216621958e-01	4.609445759603854e-02	3598
-3.579560464615644e-01	7.916629026373816e-02	3599
1.120347744833049e+00	-4.465908615210021e-02	3600
1.166898556430182e+00	6.218743342469685e-02	3601
7.098097311319909e-01	1.587264338256709e+00	3602
-2.166374527077418e-01	1.230243065813782e+00	3603
-4.777566877698348e-01	4.100381690691938e-01	3604
2.554361276677254e-01	-1.540043152729148e+00	3605
-4.668468952770103e-01	7.380925278798049e-01	3606
-4.896294603475018e-01	-5.092202463044044e-01	3607
1.155536954009607e+00	-5.682257935968659e-02	3608
-3.055793140898123e-01	-1.130076640102596e+00	3609
9.661677594037287e-01	-1.506716775778590e+00	3610
-4.832845972233527e-01	-4.331348165221614e-01	3611
-3.790615522846443e-01	1.140544489570504e-01	3612
1.069576376670417e+00	-2.817066929293411e-02	3613
-3.759487764316161e-01	-1.007973861858004e+00	3614
1.068261884615191e+00	2.852053764853897e-02	3615
-2.443284853634290e-01	-2.974840446531117e-02	3616
-4.726122707893985e-01	-3.624250776935479e-01	3617
1.282365033420539e+00	-1.249628706207216e-01	3618
1.309661762210281e+00	1.500251154546388e-01	3619
1.347825057982626e+00	-2.140015743886103e-01	3620
1.214180315399854e+00	8.303225580364486e-02	3621
1.384046773223459e+00	2.654259668627101e-01	3622
9.549911550797561e-01	1.512205121956641e+00	3623
1.054096218109572e+00	1.187477163932568e-02	3624
-4.852282127863598e-01	4.810295908672076e-01	3625
2.557828305055628e-01	1.547485806168500e+00	3626
4.692645578736834e-01	1.592903602619006e+00	3627
1.294017905587063e+00	-1.216015524374594e+00	3628
1.372077353589474e+00	-1.069845970121407e+00	3629
-3.995464494542433e-01	1.528292795508161e-01	3630
1.096435766405605e+00	3.869647711320495e-02	3631
-4.824251242803220e-01	6.434565907257116e-01	3632
1.060309151305276e+00	-1.703548242427939e-02	3633
1.053922904772341e+00	-1.407120377470256e-02	3634
1.127439716134045e+00	4.625840237979010e-02	3635
-2.280451700885084e-01	3.286978382329726e-03	3636
-4.187474158855459e-01	1.930912201543986e-01	3637
-4.199348197239483e-01	-1.936833011955338e-01	3638
1.036364010782593e+00	9.319347425189939e-03	3639
1.083756481952695e+00	-3.987878409284835e-02	3640
-4.401759307296418e-01	8.427944650277200e-01	3641
-2.450300669099405e-01	3.050455233912121e-02	3642
1.047640807246963e+00	-1.061896799123722e-02	3643
1.040832006926392e+00	-7.639290557267692e-03	3644
-2.121938501363781e-01	-1.243792723187300e+00	3645
-3.156567916710711e-01	1.100215184288178e+00	3646
-4.871613332618296e-01	5.574244621794132e-01	3647
-3.923274298230942e-01	9.676332442578175e-01	3648
1.018637214085068e+00	3.661388698791279e-03	3649
1.419962071431657e+00	-9.402023439483296e-01	3650
1.016067533803523e+00	-2.049519873791216e-03	3651
-4.398978609185044e-01	-2.450906366542679e-01	3652
-4.534196474286284e-01	2.906465718731822e-01	3653
-9.314480272339870e-02	-1.357308525499554e+00	3654
6.097874391064880e-02	-1.459100820559009e+00	3655
1.018502103036643e+00	-4.205726565620221e-03	3656
-4.879359455214008e-01	-5.939919180397043e-01	3657
-4.249839617189469e-01	-8.917316764015386e-01	3658
-8.612531149505262e-02	1.358659000034915e+00	3659
1.450237999167105e+00	-8.162967426270012e-01	3660
1.035048221788751e+00	-5.663941668770401e-03	3661
1.032273346947494e+00	8.475299540702086e-03	3662
1.030723939279441e+00	-4.602157245196873e-03	3663
1.028454291220221e+00	7.202522160871197e-03	3664
1.463872517742951e+00	-7.031739681547294e-01	3665
1.347019852136592e+00	2.024213301687134e-01	3666
1.465025919111068e+00	-6.055122900425081e-01	3667
1.094408946832552e+00	-3.605654888367146e-02	3668
7.259054107945143e-01	-1.577404682611699e+00	3669
1.016114033732024e+00	-2.338766153265504e-04	3670
1.061022371809427e+00	1.543629449741085e-02	3671
-2.033958828805482e-01	1.600579533531259e-02	3672
-3.777811677669537e-01	-1.103487641813985e-01	3673
-2.946926617129313e-01	-4.815173605282342e-02	3674
-3.573347516672510e-01	-7.684891970434703e-02	3675
1.315449370656884e+00	-1.664122274812539e-01	3676
1.378890666288432e+00	-2.658915000633292e-01	3677
1.409464992248705e+00	-3.333715866232435e-01	3678
1.417834057488784e+00	3.389911044135418e-01	3679
1.437148617628961e+00	-4.173558310995581e-01	3680
1.445063646423721e+00	4.238079242720421e-01	3681
1.456879028411936e+00	-5.103362574203214e-01	3682
1.464131032400105e+00	5.167150431390658e-01	3683
1.472136993658676e+00	6.206814303007038e-01	3684
1.468591440037657e+00	7.337413079929450e-01	3685
-4.368536727988037e-01	2.393144328866777e-01	3686
-4.575104199057958e-01	-2.991854215239993e-01	3687
-4.681194422354463e-01	3.482687797488170e-01	3688
1.449057727638739e+00	8.602304970360043e-01	3689
1.402903110460386e+00	1.008124667242100e+00	3690
1.308282949748224e+00	1.184864540682288e+00	3691
1.179404244341763e+00	1.381364263674645e+00	3692
1.197946811736792e+00	-7.209077076892972e-02	3693
1.251514849303603e+00	-9.127080558293627e-02	3694
1.274028314520084e+00	1.091248445823119e-01	3695
-4.791016528493078e-01	-6.824902691899343e-01	3696
-4.589523313240288e-01	-7.831618816672544e-01	3697
1.022648520898855e+00	-2.387769875482709e-03	3698
-5.561112632932735e-01	8.167479254735028e-01	3699
1.250079480398805e+00	7.912327798201238e-02	3700
-2.591847893735817e-01	1.895580845020100e-03	3701
-5.247709274148515e-01	3.030371329228263e-01	3702
1.159482207407962e+00	-1.590775059741840e+00	3703
1.140705908400202e+00	-4.105357845654455e-02	3704
8.962915861711951e-02	-1.663273522084983e+00	3705
-4.061884237228017e-01	-6.976537330589977e-02	3706
-1.006253466251267e-01	1.549406738588921e+00	3707
1.068584468626418e+00	1.966244091800261e-02	3708
-2.774194869431489e-01	2.452838706007708e-02	3709
-3.761867548458012e-01	1.249541434078559e+00	3710
1.195300432518951e+00	5.940683295352441e-02	3711
1.407377340528759e+00	-2.138506311686054e-01	3712
6.079836315421526e-01	-1.771169564954659e+00	3713
-4.806515644673848e-01	1.953495456368209e-01	3714
-5.691264958286898e-01	5.171326110729265e-01	3715
-5.705377558983729e-01	7.066526137358627e-01	3716
-5.762553632816010e-01	-6.471472533396390e-01	3717
5.947515063951944e-01	1.780894808240965e+00	3718
3.324907762295237e-01	-1.743919588278377e+00	3719
-5.742553109739591e-01	-5.529641194782253e-01	3720
-5.496533940785419e-01	-3.866247498722567e-01	3721
-5.245926514296020e-01	9.470097866774149e-01	3722
1.018285164056110e+00	-1.195479747797494e-03	3723
1.035173842893407e+00	4.711307563808491e-03	3724
1.033864303745609e+00	-1.191798055212707e-03	3725
1.029078220628432e+00	-6.925306273798133e-04	3726
1.453645469077833e+00	2.776658860144001e-01	3727
-5.432147533371996e-01	3.681098046845559e-01	3728
1.329700897218852e+00	-1.213548685241904e-01	3729
-4.545499964875959e-01	-1.134154157818591e+00	3730
1.156455542902886e+00	1.598201721785919e+00	3731
8.885490477526169e-01	1.730249107111461e+00	3732
1.110746165366520e+00	3.441354085526051e-02	3733
-5.652866540297486e-01	-4.642673437740401e-01	3734
1.021191645063891e+00	-4.689256604474846e-03	3735
9.229335073772663e-02	1.669760010710873e+00	3736
1.068392156397295e+00	-2.096661034742187e-02	3737
-4.567029354772679e-01	1.501137283504219e-01	3738
-3.350947989911831e-01	4.438652291657418e-02	3739
-3.353670881336545e-01	-4.246938940354594e-02	3740
-2.769579226639644e-01	-2.382375113100911e-02	3741
-2.575242985556531e-01	1.403026516296777e+00	3742
-5.580214199180277e-01	4.374488749032978e-01	3743
-4.566023511962085e-01	-1.486363112719057e-01	3744
1.180362335524437e+00	-5.269887017869968e-02	3745
-5.110211485314574e-01	-9.960751161201549e-01	3746
8.989683389166967e-01	-1.723454309873127e+00	3747
-4.325197270129919e-01	1.104074798694339e-01	3748
1.048184812312903e+00	8.751494840530614e-03	3749
1.109096346097852e+00	-3.471079717896881e-02	3750
1.060764233919921e+00	7.392211356655463e-03	3751
3.245046826565644e-01	1.752057329997853e+00	3752
1.345739915072558e+00	-1.392928996879137e+00	3753
1.454523779611507e+00	-1.208312890496908e+00	3754
1.150614307618626e+00	4.376210990438639e-02	3755
1.060118570987024e+00	-9.140159020364772e-03	3756
1.080166819265080e+00	-2.945482573167195e-02	3757
1.053827559497044e+00	-6.844904158215120e-03	3758
1.041651398706648e+00	6.341284141488972e-03	3759
1.046444368625802e+00	-4.131801895473099e-03	3760
-3.700954893536343e-01	-1.277736243620503e+00	3761
-5.747857348463876e-01	6.054476088931239e-01	3762
-4.666741916254568e-01	1.099473121892854e+00	3763
1.021343126772486e+00	4.058181033366085e-03	3764
1.513579590127990e+00	-1.048849819775217e+00	3765
-5.072097677334930e-01	-2.527878452542377e-01	3766
-2.584365218265681e-01	-1.410935395956245e+00	3767
-1.077355067070114e-01	-1.546263156354775e+00	3768
1.545660300091826e+00	-9.056121558999215e-01	3769
1.039467064609800e+00	-2.223953549106986e-03	3770
1.031568600426102e+00	4.204634402394972e-03	3771
1.559867222347847e+00	-7.724451802238945e-01	3772
1.558280969473935e+00	-6.557251865136753e-01	3773
1.018316348056108e+00	6.579529319300065e-04	3774
-4.075428402297510e-01	7.276743788345617e-02	3775
-4.309655237224091e-01	-1.067625928497335e-01	3776
1.368753072845418e+00	-1.651998693273155e-01	3777
1.363563553589749e+00	1.508382160190980e-01	3778
1.446949918262951e+00	-2.759896496957301e-01	3779
1.409128151614172e+00	2.079906800364586e-01	3780
1.486418710880802e+00	-3.548496492965706e-01	3781
1.495165379051389e+00	3.605913395205617e-01	3782
1.521055407857345e+00	-4.484183452741251e-01	3783
1.529225690326489e+00	4.545643294793068e-01	3784
1.545128826890547e+00	-5.509775307854253e-01	3785
1.553095940971500e+00	5.617512347041100e-01	3786
1.565986115972368e+00	6.797491894840836e-01	3787
-5.032612480897796e-01	2.460978398577241e-01	3788
-4.829534354292527e-01	-1.984861615638403e-01	3789
-5.301797156921362e-01	-3.149329994472587e-01	3790
1.564350533648471e+00	8.127458340287674e-01	3791
1.538821857825120e+00	9.687421494759564e-01	3792
1.472598253714496e+00	1.158306903961866e+00	3793
1.368889888113679e+00	1.364023994450744e+00	3794
1.229345122582913e+00	-6.651347922875554e-02	3795
1.292034590718333e+00	-8.536195646609815e-02	3796
1.319985091876776e+00	1.048168321745953e-01	3797
-5.466668585134801e-01	-8.698002197771671e-01	3798
-5.684671555426989e-01	-7.523483562034490e-01	3799
-1.053024026117119e-01	-1.766409627362313e+00	3800
1.176216850781910e+00	3.960118749822718e-02	3801
-2.966387470617020e-01	1.602857026262229e+00	3802
-4.607310517419935e-01	-5.977251712033368e-02	3803
-6.121389237555037e-01	-3.308358561001450e-01	3804
1.132355196751317e+00	2.841722691571708e-02	3805
1.163253311054410e+00	-3.568700909380682e-02	3806
-5.445752121335682e-01	1.249095946117248e+00	3807
-6.651106873657205e-01	5.553277945716034e-01	3808
-6.722231867718809e-01	7.760649989702239e-01	3809
1.025343915502238e+00	2.624921469374916e-05	3810
1.265115624467164e+00	-5.773685889741516e-02	3811
7.783367124778142e-01	1.964288611096787e+00	3812
-3.812315185990139e-01	-3.708292517044185e-02	3813
1.079728772717033e+00	2.516882324128912e-02	3814
1.126108042119626e+00	-2.824862052950897e-02	3815
1.068666918019899e+00	1.087183931998547e-02	3816
4.379654301337746e-01	1.975104566825961e+00	3817
1.052250426364190e+00	1.993648853944958e-04	3818
-6.483578684340688e-01	-9.662955487867783e-01	3819
1.472580536676073e-01	-1.894573187948949e+00	3820
1.045579581007317e+00	2.121834544324772e-03	3821
1.020356331658961e+00	1.344414159318913e-03	3822
-3.749442599973775e-01	9.166385392129002e-04	3823
-3.129710924547898e-01	1.359449052395746e-02	3824
1.533955766218048e+00	2.889418160292294e-01	3825
1.288440967399526e+00	1.535220056613732e+00	3826
1.208067538486609e+00	-4.549612242478854e-02	3827
-6.716635325208515e-01	-5.976691873966514e-01	3828
-6.085945819006254e-01	-1.116169776071805e+00	3829
-6.569823767701646e-01	9.102679992438624e-01	3830
1.475920350744795e+00	-2.141543569717600e-01	3831
-6.693104309038375e-01	-8.314394831454882e-01	3832
1.120111226557026e+00	-1.836744397776913e+00	3833
-1.033130844251215e-01	1.769402972696944e+00	3834
1.100012501897628e+00	2.476922945868908e-02	3835
-4.414891221700157e-01	1.423110087982360e+00	3836
1.226842681435955e+00	5.441893152891245e-02	3837
4.492801537073214e-01	-1.966057273853656e+00	3838
-6.583255931173356e-01	-4.993183646120181e-01	3839
-6.190864727739733e-01	1.070402377745289e+00	3840
1.024877511170358e+00	5.241065746188919e-03	3841
1.027552522458340e+00	3.152352052985530e-03	3842
1.290558668417676e+00	7.268098548218931e-02	3843
1.382447071381449e+00	-1.139607984873244e-01	3844
-6.771584234705947e-01	-7.071521795426988e-01	3845
1.112297354533919e+00	1.844774716228823e+00	3846
-6.486012735095937e-01	4.654044064437440e-01	3847
1.020527377825535e+00	-1.127655695070868e-03	3848
1.415709824988399e-01	1.901065895224444e+00	3849
1.067897312849758e+00	-1.235462034171851e-02	3850
-3.793604532713493e-01	3.568440212943116e-02	3851
-3.034842427207037e-01	-1.139903609211047e-02	3852
-6.375307290565542e-01	-4.089975314611819e-01	3853
-6.286794512592709e-01	3.860434611568126e-01	3854
-5.208008058420828e-01	1.449620966068844e-01	3855
-5.218396599713869e-01	-1.457361725859152e-01	3856
7.874371273864395e-01	-1.956487332317314e+00	3857
-4.914575143186217e-01	1.015324634253845e-01	3858
-4.626552057122408e-01	6.307481936210467e-02	3859
1.100674400776137e+00	-2.320219089672988e-02	3860
1.091917368699253e+00	-2.286452321303774e-02	3861
1.053891285614538e+00	4.453064695284928e-03	3862
1.380015184309181e+00	-1.612415639630337e+00	3863
1.535132966685556e+00	-1.380700213298854e+00	3864
1.077917872325189e+00	-2.308531451195747e-02	3865
1.059361246696351e+00	-1.509576234996196e-03	3866
-5.406108983015196e-01	-1.280971291250848e+00	3867
-6.740369577449091e-01	6.603445882162648e-01	3868
1.618060382278274e+00	-1.178643876164384e+00	3869
-5.531753233821646e-01	-1.993846600141195e-01	3870
-5.780529137350772e-01	2.502534148751516e-01	3871
-4.371116396850683e-01	-1.446837756083559e+00	3872
-2.993186625615157e-01	-1.607513769994758e+00	3873
1.656123522781016e+00	-1.005927549938431e+00	3874
1.669338137365392e+00	-8.517886872244796e-01	3875
1.665519195228595e+00	-7.129351654312723e-01	3876
-4.902404186422178e-01	-9.897505718001307e-02	3877
1.479719411835688e+00	2.116069084370630e-01	3878
1.526076428332060e+00	-2.859978465257079e-01	3879
1.425242525909688e+00	1.480769948930361e-01	3880
1.428061177103545e+00	-1.580555700867728e-01	3881
1.575026164813244e+00	-3.755482534841045e-01	3882
1.584092167140977e+00	3.811370617563727e-01	3883
1.616458905745508e+00	-4.804071834824898e-01	3884
1.625259511107334e+00	4.890389057473374e-01	3885
1.646971601947101e+00	-5.916629625881319e-01	3886
1.656275884612832e+00	6.097505705802060e-01	3887
-5.498443292771603e-01	1.947806883079354e-01	3888
-5.835601613395739e-01	-2.595704757028383e-01	3889
-6.049174090548473e-01	3.153655880883636e-01	3890
1.674269804490268e+00	7.471021693344785e-01	3891
1.671092597977327e+00	9.097442683039952e-01	3892
1.634267151841689e+00	1.107739735144850e+00	3893
1.557572600972231e+00	1.329251879351854e+00	3894
1.337777287458578e+00	-7.547599949747527e-02	3895
1.372594859939060e+00	9.835500419240298e-02	3896
-5.089324805326830e-01	1.626109414250008e+00	3897
-7.743216902532148e-01	5.989291312995789e-01	3898
1.077378896895533e+00	1.538761180862511e-02	3899
-7.707897774911955e-01	1.021912153932895e+00	3900
1.114085716785724e+00	1.988607565179616e-02	3901
-4.268042079120706e-01	-1.780639920057463e-02	3902
1.253401321833874e+00	-1.775822898626978e+00	3903
1.204616162543902e+00	3.306854332820647e-02	3904
1.301610756467360e+00	1.732266200148247e+00	3905
1.023294518290335e+00	7.418146655617352e-04	3906
1.555304654279650e+00	-2.124865631638558e-01	3907
1.262470855137464e+00	4.562638908068770e-02	3908
-3.276432575018664e-01	-1.839489954470761e+00	3909
1.146114406513055e+00	-2.182156772968233e-02	3910
-7.241675300526167e-01	1.219336059823840e+00	3911
1.031426317407963e+00	-2.113259660677240e+00	3912
2.349841961281356e-01	2.159299491459670e+00	3913
-5.203240005462044e-01	-4.537107633669671e-02	3914
1.787901023222156e+00	-7.793487472802463e-01	3915
-6.952677041382314e-01	3.242196029410186e-01	3916
1.626062139625233e+00	2.981870699481735e-01	3917
-7.830442916166408e-01	-6.466203326604237e-01	3918
1.115551198071912e+00	-2.117366057350980e-02	3919
1.781572126809251e+00	-1.124507191193011e+00	3920
-7.881602354926563e-01	8.572891437788738e-01	3921
-4.287822994899885e-01	2.263154428961208e-02	3922
-6.621001581108970e-01	2.535393050817875e-01	3923
2.455356921504794e-01	-2.151795960755941e+00	3924
1.337007473654666e+00	6.224342936201445e-02	3925
1.495768717290959e+00	-1.490701598611787e-01	3926
-5.922334526902264e-01	1.365098708598102e-01	3927
1.487862362100356e+00	1.516057466816532e+00	3928
1.239074219547921e+00	-3.575717616320011e-02	3929
1.495399366448677e+00	1.426817767696516e-01	3930
-3.281348312008237e-01	1.835447917252479e+00	3931
-7.637945686218597e-01	-5.347626203053769e-01	3932
1.156363392296071e+00	2.296074729804206e-02	3933
-6.339975519292317e-01	1.419920147808355e+00	3934
1.023557513045970e+00	2.121181716079752e+00	3935
6.161400668654984e-01	2.204028000677218e+00	3936
-7.860073841116040e-01	-9.182696720817685e-01	3937
-7.597577330058120e-02	-2.020848819626128e+00	3938
1.187692768325380e+00	-2.836019349494253e-02	3939
-7.644959621164098e-01	-1.076954096814078e+00	3940
1.305325352305291e+00	-4.633173117339223e-02	3941
-7.916091617717391e-01	-7.764126406678786e-01	3942
-8.167058460334714e-02	2.023559427992287e+00	3943
1.089587486787211e+00	1.436969285539508e-02	3944
-7.518997276933230e-01	4.928815653785252e-01	3945
1.067113548961450e+00	-4.069211422361970e-03	3946
-7.375395180142041e-01	-4.331919170351179e-01	3947
-7.266212270895754e-01	4.035621454065714e-01	3948
-7.050405331868569e-01	-3.435378050106176e-01	3949
6.246982834646893e-01	-2.195552471217835e+00	3950
-5.570252566172531e-01	8.865319681047093e-02	3951
-5.222742754629873e-01	4.820757891551381e-02	3952
1.067675702722864e+00	1.881203802219639e-03	3953
1.607459698084481e+00	-1.597465252248123e+00	3954
1.076861827102759e+00	-1.613567741691970e-02	3955
-7.172053831736581e-01	-1.257007871008023e+00	3956
-7.869631184557674e-01	7.200221220793567e-01	3957
1.726964037013198e+00	-1.341827060222664e+00	3958
-6.322193016275103e-01	-1.969315800509261e-01	3959
-6.347896756971008e-01	-1.454521536185778e+00	3960
-5.063971648289659e-01	-1.645245084653166e+00	3961
1.795977307601558e+00	-9.406164207076804e-01	3962
-5.567208767133982e-01	-8.780501171082486e-02	3963
1.617291130082483e+00	-2.946153973828143e-01	3964
1.560853627840390e+00	2.120038725740289e-01	3965
1.440498609846504e+00	-9.987148884950892e-02	3966
1.675999682014405e+00	-3.965643708201447e-01	3967
1.685681035358719e+00	4.037939572099517e-01	3968
1.725903712534067e+00	-5.104903500766758e-01	3969
1.736254385834784e+00	5.244417371868069e-01	3970
1.764071452474953e+00	-6.360966984234241e-01	3971
-6.272745406839013e-01	1.901612088321515e-01	3972
-5.944316287910720e-01	-1.390048095998419e-01	3973
-6.695777843050480e-01	-2.661188303124684e-01	3974
1.775470940519884e+00	6.635335336319611e-01	3975
1.796460995178080e+00	8.303452243992759e-01	3976
1.789856882464619e+00	1.033657840288142e+00	3977
1.744457070820313e+00	1.269187513714850e+00	3978
1.388846916709680e+00	-6.167860326627406e-02	3979
1.432437194508911e+00	8.736962568996558e-02	3980
-7.312610920429927e-01	1.620202134628539e+00	3981
-8.344770110613313e-01	1.389668312445193e+00	3982
-8.976703362529963e-01	1.156234712965669e+00	3983
-3.333883869502979e-01	-2.112272417142833e+00	3984
1.295892921957396e+00	2.008313757883184e+00	3985
1.140569803507467e+00	9.475547441222495e-03	3986
-5.736964983534923e-01	1.865133340962687e+00	3987
1.129052395770632e+00	-1.253036032710564e-02	3988
-4.816924882804037e-01	-2.097686596877462e-03	3989
1.918744331779481e+00	-1.274875729390167e+00	3990
1.389558946806447e+00	4.873918386563751e-02	3991
1.214716968198419e+00	-1.742867963037763e-02	3992
-8.357156478867022e-01	4.208384419232630e-01	3993
1.182253865975519e+00	1.544966427091710e-02	3994
1.168174397816767e+00	-1.347102810398425e-02	3995
1.274185292208975e+00	-2.208642741280812e-02	3996
-7.141588100243178e-01	1.835078471724052e-01	3997
-8.843074981119672e-01	-5.712815367109435e-01	3998
3.960984366303347e-01	2.436100656196114e+00	3999
-1.848422597935372e-02	2.314193192204217e+00	4000
1.941082180614863e+00	-1.044836610053191e+00	4001
1.075842373850334e+00	-5.397050303253354e-03	4002
-6.797383139955078e-03	-2.310484886231616e+00	4003
1.490596201490032e+00	-1.808779677465932e+00	4004
-5.694429155985959e-01	-1.882228946582234e+00	4005
8.792108228714307e-01	-2.408829841587456e+00	4006
1.721652475548843e+00	-3.027169077798174e-01	4007
-5.862729759134854e-01	-2.528263418328312e-02	4008
1.646851819592328e+00	-2.081930576863168e-01	4009
1.102977426119109e+00	1.101846066318189e-02	4010
1.106466239161901e+00	-9.692846292833167e-03	4011
1.235753890798955e+00	2.385110983502819e-02	4012
1.079744201804387e+00	5.254448392470691e-03	4013
1.302636605437232e+00	3.370078673466106e-02	4014
1.129405286152734e+00	1.078354350661342e-02	4015
1.929394364565860e+00	-8.534102899024467e-01	4016
-9.098891292388254e-01	-7.030873447401472e-01	4017
1.731422034556578e+00	3.079381531219270e-01	4018
-9.198902768329108e-01	9.544959252547331e-01	4019
-8.978833355278001e-01	6.472196065581990e-01	4020
-8.504016765919455e-01	-4.578686709201975e-01	4021
1.350188516813092e+00	-3.026686869426756e-02	4022
1.506145233794643e+00	-8.213010708425898e-02	4023
-8.105859913916922e-01	-3.556673886044692e-01	4024
-7.973052692994173e-01	3.296611246536389e-01	4025
1.541400256144111e+00	1.749677346879152e+00	4026
1.653862821824877e+00	2.089748527810565e-01	4027
-3.406645259117401e-01	2.107853739891353e+00	4028
-8.695823122786109e-01	5.233487303847467e-01	4029
8.720614560839370e-01	2.416786732260398e+00	4030
-9.220489944284480e-01	-8.522610158195179e-01	4031
-9.197773175584125e-01	-1.016860966987631e+00	4032
-5.876923097468505e-01	2.691570033623536e-02	4033
4.054563850708438e-01	-2.428581915608084e+00	4034
-6.292715463267975e-01	7.216720365505919e-02	4035
-8.953883501510528e-01	-1.207213196740611e+00	4036
-9.163946139538712e-01	7.875603840767146e-01	4037
1.836814260615604e+00	-1.549387138080050e+00	4038
-7.665174760467472e-01	-2.682251586203277e-01	4039
-8.379526451777660e-01	-1.422978417445993e+00	4040
-7.326487839549506e-01	-1.658545665727461e+00	4041
-6.754191764015709e-01	-1.271538109379542e-01	4042
1.575467771400506e+00	1.322271915784294e-01	4043
1.573582329024140e+00	-1.360291124551726e-01	4044
1.694725732610514e+00	1.472860118366587e+00	4045
1.791411695209935e+00	-4.142110276333390e-01	4046
1.802663365404010e+00	4.252629491693459e-01	4047
1.851407231519869e+00	-5.412501300688595e-01	4048
-6.300914371008067e-01	-7.294715425207358e-02	4049
-6.716024649766681e-01	1.227536365215853e-01	4050
-7.216330478993175e-01	-1.930139384138221e-01	4051
-7.563980767102608e-01	2.522725525539162e-01	4052
1.864412907700037e+00	5.629423183887313e-01	4053
1.897858949949895e+00	-6.877353942736208e-01	4054
1.911197493448158e+00	7.307248937579213e-01	4055
1.935773037201632e+00	9.361080417478503e-01	4056
1.925370462836407e+00	1.181295770306262e+00	4057
1.444550073852008e+00	-4.074431003537082e-02	4058
1.500598181165096e+00	7.288659337097851e-02	4059
1.220636169390888e+00	2.341766525631437e+00	4060
1.244771248501275e+00	-3.497029891406370e-03	4061
-1.053537395604803e+00	-7.661292725662543e-01	4062
-8.320172833590899e-01	1.858373836481569e+00	4063
6.460362263518006e-01	2.713131344297967e+00	4064
1.343377972210103e+00	-2.003575319516372e+00	4065
-6.260758274854159e-01	2.148919649396254e+00	4066
1.160063850436670e+00	2.615471825629148e-03	4067
1.192044211380757e+00	-2.384140788846351e+00	4068
1.313297088511561e+00	-5.290441686584015e-03	4069
1.270557228137183e+00	1.017460477726038e-02	4070
1.210367103781176e+00	5.323115034854399e-03	4071
-6.203602113169949e-01	-2.170212044929369e+00	4072
1.747155572400645e+00	-1.788232899929811e+00	4073
1.449481337891342e+00	2.962885411120051e-02	4074
-1.068634790053518e+00	1.073032918624933e+00	4075
1.348453874341762e+00	1.688726408282881e-02	4076
1.145506227830131e+00	-2.810284265408573e-03	4077
-9.597901743867984e-01	4.366094907201303e-01	4078
1.579997240871179e+00	2.031325935325695e+00	4079
-6.593409866414004e-01	-4.690346901220787e-04	4080
-8.316446194091235e-01	-1.901743414543752e+00	4081
1.399056229974125e+00	-9.514214068621423e-03	4082
1.667044145676081e+00	1.166638095727985e-01	4083
1.852288297038014e+00	3.144016007819523e-01	4084
-9.122665833844216e-01	3.347887655278422e-01	4085
-9.603320470177821e-01	1.584543586189592e+00	4086
-1.036335875113386e+00	1.319149212062286e+00	4087
-1.039390786216517e+00	6.999215410529133e-01	4088
1.760594893830820e+00	2.047804034030874e-01	4089
2.063683251587639e+00	-1.467984365877827e+00	4090
1.663157119372412e+00	-1.187263832728940e-01	4091
1.191855059314749e+00	-2.940292360217689e-03	4092
-9.296321285862797e-01	-3.678209271893237e-01	4093
-1.021850167843435e+00	-6.126432116797120e-01	4094
1.106768312382121e-01	2.641749338267544e+00	4095
2.104317287082820e+00	-1.177131665435567e+00	4096
1.085898783769035e+00	-9.826348342920080e-03	4097
-3.048000401316293e-01	-2.432862499787964e+00	4098
1.226041791970063e-01	-2.636654131060007e+00	4099
6.541232511396261e-01	-2.705436905267405e+00	4100
1.116715731403307e+00	5.193106667086587e-03	4101
1.092598995048321e+00	2.074689056523178e-03	4102
2.092303647879359e+00	-9.398493604743786e-01	4103
1.902695502324180e+00	1.398446078396066e+00	4104
1.752064001590050e+00	-2.021340531575931e-01	4105
-8.761923598917529e-01	-2.674528031527937e-01	4106
-3.201529531569379e-01	2.430940456238746e+00	4107
-1.002614003305668e+00	5.580611241144195e-01	4108
-9.788056319477828e-01	-4.809340190206163e-01	4109
-1.064246853001517e+00	8.679842414319560e-01	4110
-1.072013395224633e+00	-9.363192098831136e-01	4111
-1.071818346792827e+00	-1.132743988118020e+00	4112
-7.606596091357066e-01	1.054456896025060e-01	4113
-8.619873492703607e-01	2.458197206912350e-01	4114
-1.042373449935884e+00	-1.361524256877964e+00	4115
-9.726568903353304e-01	-1.624144940134876e+00	4116
1.580722832871388e+00	-5.837491876539269e-02	4117
1.793436341904857e+00	1.707624005637064e+00	4118
1.840740443304857e+00	-3.061159313829723e-01	4119
1.923387426219391e+00	-4.298812428462339e-01	4120
-7.112214292372695e-01	-5.086758885235989e-02	4121
-7.088185108362802e-01	4.839630599015432e-02	4122
-7.667394677130405e-01	-1.119086402696066e-01	4123
-8.215027555253434e-01	-1.840937715799105e-01	4124
-8.112070547719517e-01	1.710708202399135e-01	4125
1.937508984904857e+00	4.470339149278732e-01	4126
1.994873902180021e+00	-5.766464624399281e-01	4127
2.011337551622165e+00	6.119540442164136e-01	4128
2.052377074002916e+00	-7.444549873072803e-01	4129
2.068008972703141e+00	8.156443552235125e-01	4130
2.095302456952012e+00	1.065151567532808e+00	4131
1.506983148411417e+00	-1.481303363906538e-02	4132
1.577784945868259e+00	5.191326475091090e-02	4133
-6.567785710917835e-01	2.489331828340601e+00	4134
1.879859627972250e+00	1.996124655687292e+00	4135
2.248971108922095e+00	9.216121478537528e-01	4136
-1.232677922674172e+00	9.669477138345770e-01	4137
-1.233240749348052e+00	1.219843449756974e+00	4138
-1.201403463008026e+00	7.617916008219472e-01	4139
1.976630502437051e+00	-3.051832304678433e-01	4140
-1.177487376725105e+00	-6.602036584620352e-01	4141
-1.064466813742460e+00	-3.761299588982289e-01	4142
-1.218330293708854e+00	-8.340205408468363e-01	4143
3.370973597716885e-01	2.987745150285482e+00	4144
1.882721061408579e+00	1.952892716681462e-01	4145
1.031839077742871e+00	-2.711898806499719e+00	4146
3.481730580208532e-01	-2.981467843841801e+00	4147
1.991267895233462e+00	3.183486823588823e-01	4148
-9.809215091426472e-01	2.371366848675301e-01	4149
-9.282099391296449e-01	2.144959037177138e+00	4150
-1.106325709250282e+00	-1.866311477027691e+00	4151
-1.097332880379027e+00	1.815828707329741e+00	4152
1.616901009430105e+00	-2.031572975547742e+00	4153
-9.230589079908693e-01	-2.190715752155165e+00	4154
1.872087735402238e+00	-1.899830528416157e-01	4155
2.104489099946231e+00	1.290522789549142e+00	4156
2.092874338593171e+00	4.760425487405704e-01	4157
1.052773521015715e+00	2.702871999659052e+00	4158
1.496967660351446e+00	-2.286197956938536e+00	4159
1.417836471851428e+00	2.259456106678680e+00	4160
-1.000494974895559e+00	-2.653559842466756e-01	4161
-1.192212241308651e+00	1.507441320181887e+00	4162
2.007537952187447e+00	-1.726018991557832e+00	4163
-1.042034521653340e+00	3.360915552811020e-01	4164
-1.125226992493480e+00	-5.056489934897757e-01	4165
-1.154604944750798e+00	5.942836411223124e-01	4166
2.282621976708588e+00	-1.350614985014708e+00	4167
-6.372978572636493e-01	-2.511089974101261e+00	4168
-2.184242063381208e-01	-2.801318296371239e+00	4169
2.278626918258183e+00	-1.049666815759695e+00	4170
1.772422228976773e+00	9.808677813726885e-02	4171
1.766525742869611e+00	-9.796473660658897e-02	4172
-2.343452725223905e-01	2.801567479235439e+00	4173
-1.101077148351605e+00	4.549618011975091e-01	4174
-1.243417855238196e+00	-1.034382809710701e+00	4175
-7.989835407194028e-01	-6.745569518594243e-03	4176
-1.243952371225451e+00	-1.270858139180630e+00	4177
-1.208126215891050e+00	-1.545779015101451e+00	4178
1.657853224105811e+00	-1.507028923879645e-03	4179
-9.337738351111645e-01	-1.697335660246653e-01	4180
-9.193110241378372e-01	1.520651736935806e-01	4181
-8.679481712540985e-01	-9.165869901343304e-02	4182
-8.587230821265183e-01	8.194871467104915e-02	4183
2.074347960577146e+00	-4.474322461783682e-01	4184
2.042773059126423e+00	1.621119266197668e+00	4185
2.160246492327495e+00	-6.140191217053836e-01	4186
2.182267220300079e+00	6.736758315285841e-01	4187
2.230696392575941e+00	-8.100861785235146e-01	4188
1.732180953343303e+00	2.277392641272427e+00	4189
-1.140139039751288e+00	-2.582522843348504e-01	4190
-1.407050209404118e+00	-9.118340407902262e-01	4191
7.176000391110156e-02	3.009016699441580e+00	4192
2.282066247647495e+00	1.494140139883186e+00	4193
-1.014645493134561e+00	2.492306427621229e+00	4194
-1.060980582300381e+00	-1.517473628491839e-01	4195
2.022906074099502e+00	1.805877197877317e-01	4196
7.794875152392223e-01	-3.060140468183064e+00	4197
1.788639094599200e+00	-2.268790305597755e+00	4198
-1.421263696198379e+00	1.092946293633499e+00	4199
8.903926973167672e-02	-3.004260928140400e+00	4200
1.398589126086192e+00	-2.635614366356397e+00	4201
2.007954208808050e+00	-1.720559563842758e-01	4202
-6.300976485744657e-01	2.895108183042073e+00	4203
7.845945116457701e-01	3.063494750977890e+00	4204
2.436566886464001e+00	-8.937616334296321e-01	4205
-1.189583145797773e+00	3.367551958092641e-01	4206
-1.114703158763512e+00	2.226891547764248e-01	4207
2.151951126018341e+00	3.259671002184512e-01	4208
2.293028406103452e+00	1.149169538039034e+00	4209
-1.419262097306671e+00	1.393111129726431e+00	4210
-1.328631836293892e+00	6.358690105017073e-01	4211
2.132245392494835e+00	-3.032675884646379e-01	4212
-1.355500784438346e+00	-7.097717989719348e-01	4213
-1.386960527959644e+00	8.384087875443493e-01	4214
-1.040049236458962e+00	1.292702735544592e-01	4215
-1.247221508332827e+00	2.100920542254161e+00	4216
1.910614207447035e+00	-2.001901132754777e+00	4217
-1.242856688506900e+00	-2.157099194465854e+00	4218
1.863052262664384e+00	-1.879799809542581e-03	4219
1.884607716319234e+00	-6.971740595498199e-02	4220
2.351168539854924e+00	-6.563836487384132e-01	4221
-1.365264286491161e+00	1.729503996542713e+00	4222
-1.292098883661164e+00	-5.350186783020460e-01	4223
2.264987452654264e+00	-1.623171790300860e+00	4224
-9.942988618290544e-01	-2.541595947381784e+00	4225
-6.055183976900977e-01	-2.912348690598690e+00	4226
2.487357907369815e+00	-1.197659065785420e+00	4227
1.892670784586677e+00	7.207965299727397e-02	4228
-1.261248183685571e+00	4.732497241153281e-01	4229
-1.217810507386513e+00	-3.828878995897202e-01	4230
-1.391098153345965e+00	-1.779992480601385e+00	4231
-1.438751976809059e+00	-1.151868938906436e+00	4232
-1.439137613409092e+00	-1.435781925372469e+00	4233
-9.807513296555574e-01	-6.303612640162902e-02	4234
-9.671127246279245e-01	4.932779194360946e-02	4235
-9.082452199330538e-01	-2.360113357438321e-03	4236
2.247949642773473e+00	-4.636427455936037e-01	4237
2.274180875403764e+00	5.126272164544051e-01	4238
2.381033959850540e+00	7.526928390381066e-01	4239
1.659952561616706e+00	-2.553467177736566e+00	4240
2.040450909267193e+00	2.259151016512090e+00	4241
5.016539350714232e-01	3.375058929156625e+00	4242
-1.298199267634499e+00	-2.459608755022060e-01	4243
-1.571059459056873e+00	-2.068120540041268e+00	4244
5.003202591176431e-01	-3.369517401163484e+00	4245
1.191346729494086e+00	3.084953570230751e+00	4246
-1.635784107863255e+00	1.244411712221297e+00	4247
-2.847465951743773e-01	-3.181402523256713e+00	4248
2.671583281121294e+00	-1.010897289486427e+00	4249
-1.623030433408944e+00	-1.005120386891658e+00	4250
1.229990218672324e+00	-3.036384441260719e+00	4251
1.558852336084490e+00	2.540572392898762e+00	4252
2.511945062828298e+00	-1.478262012055920e+00	4253
-1.528495640425802e+00	6.878730388698048e-01	4254
-1.481217463237068e+00	-5.649784823021049e-01	4255
2.225323187748115e+00	1.832622280930458e+00	4256
-1.598421603057399e+00	9.394066717621813e-01	4257
-3.122695390465791e-01	3.178911066105451e+00	4258
2.092411378365289e+00	-2.246845741864180e+00	4259
-1.628144798224912e+00	1.599140630187568e+00	4260
-1.384609834117127e+00	2.447327469019147e+00	4261
-8.330061139480287e-01	2.796037875351092e+00	4262
2.207919343659142e+00	-1.921483147515615e+00	4263
-1.392994144175559e+00	-3.912328994657430e-01	4264
-1.444459777050351e+00	4.924723859377108e-01	4265
-1.266392231328824e+00	2.045287053492323e-01	4266
-1.203197292516460e+00	-1.283819847833119e-01	4267
2.448213112921259e+00	-4.806733926372099e-01	4268
2.339555883621050e+00	3.360044061551620e-01	4269
2.571123171547075e+00	-7.115524843282161e-01	4270
2.504699284151314e+00	1.328054722633212e+00	4271
2.185354704751270e+00	1.659153547351968e-01	4272
2.164590704158242e+00	-1.484616813938074e-01	4273
-1.559280625608638e+00	-7.650903271094213e-01	4274
-1.175093960784851e+00	9.766043179783358e-02	4275
-1.098038616593525e+00	-9.617299651122079e-03	4276
2.024472005771236e+00	1.844631761581944e-03	4277
-1.558316548011296e+00	1.995307228250073e+00	4278
-1.370798699592737e+00	-2.512133785006561e+00	4279
-1.026469577115495e+00	-2.964341225004187e+00	4280
-1.356510350279105e+00	3.360095742894703e-01	4281
-1.657005311081664e+00	-1.641369022780068e+00	4282
-1.661332823762490e+00	-1.293226503912238e+00	4283
2.310834657408294e+00	-2.966582664205881e-01	4284
2.486296203901817e+00	5.615979006370319e-01	4285
2.461473617369024e+00	9.759151280495153e-01	4286
9.700008094227656e-01	-3.438322551185395e+00	4287
1.894382027795108e+00	2.560025839885936e+00	4288
2.556710916631927e-02	3.422596839694769e+00	4289
-1.862936388344980e+00	1.844691355403909e+00	4290
1.622342127283099e+00	-2.889680455161929e+00	4291
-1.838058402187607e+00	1.064735628921065e+00	4292
-1.792960517928310e+00	-8.312150280642792e-01	4293
1.975292191510348e+00	-2.537630226575754e+00	4294
-7.230999741304984e-01	-3.304080366685897e+00	4295
5.550176256393419e-02	-3.417759317041786e+00	4296
-1.327918260012983e+00	5.931160931885069e-02	4297
2.383973738433171e+00	2.154098024921460e+00	4298
2.516573061430157e+00	-2.866254228543441e-01	4299
2.514492313831260e+00	1.652304667430001e+00	4300
-1.891185610459548e+00	-1.910285067155302e+00	4301
-1.472566095154243e+00	-2.946627535115890e+00	4302
-1.546591302656672e+00	3.319332344244878e-01	4303
2.374779829236666e+00	1.485423566332021e-01	4304
2.740570725788947e+00	-1.292160302111296e+00	4305
-1.878846967392726e+00	1.427009278340235e+00	4306
9.440329980998474e-01	3.454575318549229e+00	4307
2.344474436085285e+00	-1.176244152952706e-01	4308
-1.870203813799754e+00	-1.118567699614553e+00	4309
1.415182251779517e+00	2.787826627117397e+00	4310
-1.218997605719405e+00	2.797455557633271e+00	4311
2.412691511715545e+00	-2.177775404806282e+00	4312
2.500204640985510e+00	-1.792564448170255e+00	4313
-1.655194118131363e+00	5.174599879600184e-01	4314
-1.591497123616827e+00	-3.994073047930707e-01	4315
-1.437395362946738e+00	1.837394927447257e-01	4316
-1.478645373483783e+00	-2.314787403936855e-01	4317
-1.363194834092510e+00	-9.599927956878998e-02	4318
2.827706429776498e+00	-7.921652943674031e-01	4319
2.559961937557153e+00	3.527361638975457e-01	4320
2.679256118282147e+00	-5.060432045587648e-01	4321
-1.697298670154143e+00	-5.956731435849428e-01	4322
-1.758551261191490e+00	7.592729375387880e-01	4323
-1.757455514984301e+00	2.331133267273927e+00	4324
-1.756656526779774e+00	-2.418741700049918e+00	4325
-1.913501388908067e+00	-1.470178039222046e+00	4326
-1.242911516824339e+00	-3.266502158192901e-02	4327
2.603201836700510e+00	7.736338030325747e-01	4328
2.703448396507329e+00	1.124492919595566e+00	4329
6.775156946172136e-01	-3.799396787246049e+00	4330
3.202980953421972e-01	-3.787276468188001e+00	4331
-3.665517463346045e-01	3.609837241013684e+00	4332
1.476622734846644e+00	-3.362475732977067e+00	4333
2.950643609467871e+00	-5.469588524361720e-01	4334
-2.120364110737930e+00	2.155040042391709e+00	4335
3.031625216249754e-01	3.792955852259150e+00	4336
6.517753686168141e-01	3.808739499857194e+00	4337
-1.637520026108662e+00	2.735515667473099e+00	4338
-1.931623167763352e+00	-2.853098610000603e+00	4339
-1.522626090889244e+00	-2.055189527938591e-02	4340
-2.153869115626821e+00	1.646512956279876e+00	4341
2.268553949236457e+00	2.515948973310937e+00	4342
-7.069671136026696e-01	3.300900150182529e+00	4343
2.315812815869273e+00	-2.505761517295670e+00	4344
-1.209156319041840e+00	-3.355011125358701e+00	4345
1.708064514537449e+00	2.858631781543363e+00	4346
-1.024574495664480e+00	3.141676821414271e+00	4347
-3.668832315239580e-01	-3.611251763736775e+00	4348
2.943348279239658e+00	-1.066450922126027e+00	4349
-1.899164562111535e+00	5.559998536761797e-01	4350
-2.020693973977777e+00	8.539671622514271e-01	4351
-1.683026313697252e+00	-2.156998847932750e-01	4352
2.598020156956408e+00	1.317407104194623e-01	4353
1.387602460869112e+00	3.482962072362010e+00	4354
-2.111906899574991e+00	1.217206921931609e+00	4355
-2.204375215423543e+00	-1.705257063046311e+00	4356
2.551344709868943e+00	-7.936440959681136e-02	4357
-2.061250880826329e+00	-9.128693749938156e-01	4358
-2.138507395292113e+00	-2.247499263602469e+00	4359
2.248669836909260e+00	9.880230720484360e-03	4360
1.572699799992912e+00	3.138595443795564e+00	4361
2.739176521395559e+00	-2.049717056368806e+00	4362
2.778438245254672e+00	-1.614586881355570e+00	4363
-1.764894524668838e+00	3.284971396618255e-01	4364
-1.631144563435691e+00	1.550648566897858e-01	4365
2.711960956295507e+00	5.466196984350636e-01	4366
2.768047381785792e+00	1.439205234822789e+00	4367
2.754632028267789e+00	-2.803128054313225e-01	4368
-1.817419136964292e+00	-4.039777117007997e-01	4369
-1.945194361936567e+00	-6.319024808549135e-01	4370
-2.152779946102182e+00	-1.261961692386799e+00	4371
2.721934749307706e+00	1.973538510590874e+00	4372
2.870722523338476e+00	8.865420180781105e-01	4373
-1.458814929888622e+00	3.134970304007679e+00	4374
1.217111394151490e+00	-3.843159682368083e+00	4375
1.891233298882814e+00	-3.232394024729793e+00	4376
1.955664540280624e+00	3.150416238070568e+00	4377
-8.663773506241483e-01	-3.745930221031579e+00	4378
2.098650824546827e+00	2.870607129759032e+00	4379
3.111244095503959e+00	-8.051807956854096e-01	4380
-1.419425094511531e-01	-3.839596324872022e+00	4381
1.816494528040833e+00	3.490838504675830e+00	4382
4.574451388645164e-01	4.242856954722804e+00	4383
2.679834420779358e+00	-2.418540148223385e+00	4384
-2.230428891248549e+00	-6.782550982558088e-01	4385
-2.389672330855346e+00	-2.671247096860220e+00	4386
-1.725419167603805e+00	-3.322252424845150e+00	4387
2.421185584359541e+00	4.003166235438029e-02	4388
-1.915038880348645e+00	-1.919234177749836e-01	4389
2.776323364843706e+00	-2.708112083539230e-02	4390
2.104301762458305e+00	-2.896211080054489e+00	4391
1.130962023741841e+00	3.890222348822046e+00	4392
-2.424042780894177e+00	1.403244154446795e+00	4393
-2.506282477185517e+00	-2.016788018317118e+00	4394
3.034517074332472e+00	-2.800201583975193e-01	4395
2.996995946807083e+00	6.201563056405104e-01	4396
4.839351399534996e-01	-4.235568164288196e+00	4397
-2.060445279303098e+00	2.591882618444494e+00	4398
5.493723992654878e-03	3.883865200153448e+00	4399
-2.461721948468779e+00	1.922002553286839e+00	4400
-8.070691086471540e-01	3.752899435889364e+00	4401
-1.039387513905836e+00	3.567635959334397e+00	4402
-2.321649135010642e+00	9.712945358524269e-01	4403
2.782182633321440e+00	3.007009020194275e-01	4404
-2.476143229479827e+00	-1.448720010819810e+00	4405
3.058276329709364e+00	-1.859407647731859e+00	4406
3.033361593092260e+00	-1.388555271732716e+00	4407
-1.853170954434011e+00	1.219045953913552e-01	4408
-1.731087464172787e+00	-2.832879384482782e-02	4409
2.660994492274064e+00	2.382424067437469e+00	4410
2.814256096364740e+00	1.753008310891407e+00	4411
-2.018140137351389e+00	3.321837166556221e-01	4412
-2.076091563999210e+00	-4.084573327429676e-01	4413
-2.179557508878919e+00	6.152088389661441e-01	4414
-2.369755857639623e+00	-1.018253163079688e+00	4415
2.987093830284302e+00	1.189231067012141e+00	4416
-1.425767507940224e+00	-3.795137934736814e+00	4417
1.603684726955583e+00	3.903471231229330e+00	4418
-2.559710752223390e+00	-7.415941813964991e-01	4419
5.932910644449896e-02	-4.210309557898073e+00	4420
-2.313081655196415e+00	3.512722710893827e-01	4421
-1.545690426431798e+00	3.638572282088783e+00	4422
3.051353774065633e+00	-2.260388858033517e+00	4423
-2.110782841318704e+00	8.935037823860696e-02	4424
-1.936623860069291e+00	3.056434754907483e+00	4425
9.969468717613730e-01	-4.202744607168015e+00	4426
-2.830928417074763e+00	-2.412074067897770e+00	4427
2.354993558309761e+00	3.177510641633992e+00	4428
-2.470004942769381e+00	2.376942461119562e+00	4429
-5.597312836259152e-01	-4.026613449201087e+00	4430
1.754743122716417e+00	-3.735658314591779e+00	4431
-4.451840452168659e-01	4.093124935340176e+00	4432
-2.778010500781630e+00	1.638089266526876e+00	4433
-2.257584798670195e+00	-3.195937550786924e+00	4434
3.011886896439580e+00	2.225259528531450e+00	4435
-2.180156206529165e+00	-1.625879795047818e-01	4436
-2.838610236100700e+00	-1.714076493884067e+00	4437
3.238054285495512e+00	-5.142964031382117e-01	4438
3.076910072041839e+00	1.525682686803727e+00	4439
2.532622704211799e+00	2.804656642550786e+00	4440
2.251086528131668e+00	3.469208424430855e+00	4441
8.933148666084263e-01	4.253698785778971e+00	4442
2.313737849308020e+00	-3.265061252071232e+00	4443
2.546101408189350e+00	-2.829397025867147e+00	4444
-2.502934095957801e+00	6.923511274039127e-01	4445
3.164930305554752e+00	9.034297530966181e-01	4446
-2.722828649831793e+00	-1.159115888780053e+00	4447
3.030504832420003e+00	7.152537947964105e-02	4448
3.079915909361029e+00	3.320621895018371e-01	4449
-2.666690875942196e+00	1.117418135309337e+00	4450
3.356056683923933e+00	-1.607723782725646e+00	4451
3.255516562567662e+00	-1.117097615131403e+00	4452
-2.373824025409093e+00	-4.169023897845389e-01	4453
-4.286029649871327e-02	4.418655770123247e+00	4454
-2.023117911241542e+00	-3.743003994549587e+00	4455
2.072351434385675e+00	-3.648140136805475e+00	4456
-2.781262372967289e+00	-2.971330365376122e+00	4457
-2.412485607369208e+00	2.877045358110127e+00	4458
6.628900031673191e-01	4.743973411942928e+00	4459
-1.063264469957841e+00	-4.223242459934224e+00	4460
-3.128489480135663e+00	-1.363799483249402e+00	4461
3.144845192806232e+00	1.870855384846784e+00	4462
1.539547881528964e+00	-4.248012815364437e+00	4463
1.380758647773192e+00	4.345158892989899e+00	4464
-3.863443510046350e-01	-4.577390399312900e+00	4465
3.412149399256809e+00	-2.028216357876318e+00	4466
2.424622768392396e-01	-4.713410733245888e+00	4467
3.294136578219097e+00	5.877298648951745e-01	4468
3.312245563434069e+00	1.239206637320255e+00	4469
-2.718287214533003e+00	-4.349850289034354e-01	4470
-9.387391846850150e-01	4.255071779888779e+00	4471
-2.101895624527618e+00	3.589461836780701e+00	4472
7.720790846017332e-01	-4.712170434987138e+00	4473
-2.925873830221368e+00	-2.143545684526988e+00	4474
2.072718386696988e+00	3.897951851353872e+00	4475
-2.852086225974766e+00	2.097517330043660e+00	4476
-2.398646426398575e+00	4.699956025911389e-02	4477
2.958442578305573e+00	2.660113036970906e+00	4478
2.794001269164514e+00	3.157479268584292e+00	4479
2.691688957559224e+00	3.461309316683495e+00	4480
2.777489663960658e+00	-3.232950674702063e+00	4481
2.981222360960988e+00	-2.701104677322669e+00	4482
-3.061541984074778e+00	1.305010837423178e+00	4483
3.305996818876610e+00	-1.639729719198343e-01	4484
3.301437202739138e+00	1.557520270549572e-01	4485
-2.940435112278080e+00	-8.332149119100825e-01	4486
-2.875582969576833e+00	7.926322830165244e-01	4487
3.619005733798654e+00	-1.298311782948406e+00	4488
3.434624283845836e+00	-8.055673639096927e-01	4489
-2.485282865744419e+00	-1.308487938736597e-01	4490
-2.652452654520045e+00	3.855107670621080e-01	4491
-3.276044882444041e+00	-1.818089109998434e+00	4492
1.878356175864799e+00	4.350978947011345e+00	4493
-2.635192870307108e+00	-3.579740592734390e+00	4494
-2.669624813447286e+00	3.412754371891024e+00	4495
1.043026214762282e+00	4.797785551557553e+00	4496
-1.689384659154640e+00	-4.283476715536830e+00	4497
3.429871256441540e+00	1.608913102107176e+00	4498
-5.459719329584124e-01	4.637515300644504e+00	4499
-3.200595285898410e+00	1.761552842891656e+00	4500
2.563439576090914e+00	-3.676704593570787e+00	4501
1.289524630074709e+00	-4.694932779785197e+00	4502
-1.231125759065105e+00	4.039601793705735e+00	4503
-1.864634619413830e+00	4.078557390377325e+00	4504
-3.045343296629091e+00	4.346037785411584e-01	4505
2.525722497557179e+00	3.879957782476902e+00	4506
3.580239190644556e+00	3.774713388961765e-01	4507
3.561445544163054e+00	-4.446235887198507e-01	4508
-2.872552644238339e+00	2.617602819244915e+00	4509
3.500305505263079e+00	9.037649295345196e-01	4510
-9.633115780514655e-01	-4.856500435115295e+00	4511
3.744922188335000e+00	-1.724139607087152e+00	4512
-1.858259426374704e-01	-5.172381866640553e+00	4513
8.786682448931860e-02	5.061841898839869e+00	4514
5.086808068130760e-01	-5.260481694112880e+00	4515
3.403964716699597e+00	2.170397958254001e+00	4516
3.352555273691115e+00	2.487336684091087e+00	4517
3.259828091737848e+00	3.035192935443598e+00	4518
3.155549986532138e+00	3.447970039119110e+00	4519
3.262870155927970e+00	-3.114175500597057e+00	4520
3.410608567963077e+00	-2.497370611323231e+00	4521
-3.379761670604522e+00	-9.758739491009873e-01	4522
-3.304979835675540e+00	9.264695385046162e-01	4523
-3.118904235422706e+00	-4.723164572621090e-01	4524
3.833657896776427e+00	-9.371498717854927e-01	4525
3.583602939338216e+00	8.864088671055948e-04	4526
-2.838750479668370e+00	-1.011188887760325e-01	4527
-1.378870760081868e+00	4.545906386070034e+00	4528
-3.584294056473283e+00	-5.503091200170553e-01	4529
-3.248935580035471e+00	-2.730907424945229e+00	4530
1.633199759496377e+00	4.877058749245531e+00	4531
1.858601338394962e+00	-4.720626743119846e+00	4532
3.986936816289773e+00	-5.309343303775943e-01	4533
3.886451544904084e+00	-2.363035929972868e-01	4534
2.292219596519387e+00	-4.116705217647330e+00	4535
-3.510401455934136e+00	1.372200016165714e+00	4536
1.099514504218493e+00	-5.244103355196684e+00	4537
-1.103300823426001e+00	4.816433379473386e+00	4538
-2.479573088451588e+00	4.008635132547371e+00	4539
-2.858899826171416e+00	3.131161396113794e+00	4540
-2.373056787081816e+00	-4.212402670883405e+00	4541
4.033421054945783e+00	-1.353141441297909e+00	4542
-5.401957211865371e-01	5.313396318648373e+00	4543
-3.390509768082800e+00	-2.292293891793272e+00	4544
2.369336882612804e+00	4.341608052963440e+00	4545
-3.588515689871876e+00	-1.426323395876432e+00	4546
3.099752210318491e+00	-3.627341822264442e+00	4547
-3.181235936544638e+00	-3.389049713165079e+00	4548
7.745304694691538e-01	5.322419336396218e+00	4549
3.683416679096169e+00	1.276315695757577e+00	4550
-3.299128728755275e+00	2.284531396990904e+00	4551
3.854271102257409e+00	6.894603948117032e-01	4552
-1.665434214789637e+00	-4.999948091626495e+00	4553
-7.944870782543707e-01	-5.556289406342265e+00	4554
8.545438933142778e-02	-5.816965945534825e+00	4555
3.781502256730312e+00	1.906354559927097e+00	4556
2.988988870292526e+00	3.880507822889987e+00	4557
3.768088096414779e+00	2.391931428715104e+00	4558
3.721563208129686e+00	2.831116971903836e+00	4559
3.652489787807182e+00	3.353569263344616e+00	4560
3.754274797083450e+00	-2.905910370997734e+00	4561
3.820554607771561e+00	-2.211420072583551e+00	4562
-3.501022130112218e+00	5.082476393738677e-01	4563
3.896864425694377e+00	1.929404397304443e-01	4564
-3.254205624240891e+00	-1.792125472053867e-02	4565
-1.211489864597153e+00	5.505731174129903e+00	4566
2.186067933042354e+00	4.854196301576961e+00	4567
-3.858205033099725e+00	-9.833837382715750e-01	4568
-3.772727072163069e+00	9.331160626237202e-01	4569
-3.770478621106084e+00	-1.923250262526912e+00	4570
-2.110984490792543e+00	4.632000213942388e+00	4571
-3.684118344169793e+00	1.887807907037305e+00	4572
2.501621243931549e+00	-4.725356186664887e+00	4573
2.857281170759413e+00	-4.140249696827463e+00	4574
1.343288971583060e+00	5.363899694969315e+00	4575
8.087324694196480e-01	-5.891991492367772e+00	4576
3.660043838634575e+00	-3.476087287123645e+00	4577
4.227575674285213e+00	4.725345308132143e-01	4578
4.262003322326948e+00	-9.220213127923138e-01	4579
4.259266240674232e+00	-1.482459477629976e-01	4580
-1.631445351024873e+00	5.078418095230624e+00	4581
-3.775817067706851e+00	-2.658691457157923e+00	4582
-3.719876308688352e+00	-3.111833956286830e+00	4583
1.633497705150101e+00	-5.208220183497314e+00	4584
-3.739082336998432e+00	1.160008641958081e-03	4585
-3.346903430471151e+00	2.848261403843647e+00	4586
-2.087659257336379e+00	-4.788068765975463e+00	4587
-3.037480661757401e+00	-4.038525105948182e+00	4588
1.073283083775860e-01	5.748423878476658e+00	4589
3.513616231150732e+00	3.862928127380929e+00	4590
-1.566711979626111e+00	-5.805759100234498e+00	4591
-5.413754405652458e-01	-6.318464189015352e+00	4592
4.110580681331749e+00	1.083736770878758e+00	4593
4.104690720501093e+00	1.533070441744314e+00	4594
2.838991225605784e+00	4.324670070757438e+00	4595
4.192206273724222e+00	2.160567470160986e+00	4596
4.191602485919648e+00	2.658579093153754e+00	4597
4.163721866044069e+00	3.155008001426445e+00	4598
4.232634920985571e+00	-2.601181190482096e+00	4599
4.191388617586314e+00	-1.843361871644068e+00	4600
-1.868844646359343e+00	5.731178040508066e+00	4601
-4.110151927891256e+00	-1.478391309699281e+00	4602
-2.778792624135741e+00	4.605793491261022e+00	4603
-3.066970983347746e+00	3.867414448481994e+00	4604
-2.280133549618740e+00	5.294004198409458e+00	4605
1.961427634891884e+00	5.429973075963308e+00	4606
-3.352232771946019e+00	3.419896842983322e+00	4607
-2.148685150348476e+00	-5.436255215419349e+00	4608
-2.797262084595226e+00	-4.715386842505768e+00	4609
4.090571754690585e+00	3.741961314088659e+00	4610
4.224070939461622e+00	-3.217466061633439e+00	4611
2.220604429162553e+00	-5.247597212289054e+00	4612
3.475688389246936e+00	-4.070943443324376e+00	4613
-3.814216846132470e+00	2.469610418106338e+00	4614
-3.994657761160658e+00	4.632054093919640e-01	4615
3.150399925932603e+00	-4.719484080911016e+00	4616
-4.021729890967365e+00	1.432713267460198e+00	4617
2.914939490996860e-01	-6.569981687325294e+00	4618
-3.675324784288257e+00	-3.784739411520936e+00	4619
3.340378209671233e+00	4.334105959443466e+00	4620
-6.364439044169450e-01	6.037492678216316e+00	4621
4.433738238418769e+00	-5.330123806468731e-01	4622
4.637965641734120e+00	1.835407199067300e-01	4623
-4.278053602320611e+00	-2.287164278366848e+00	4624
-4.285553292992800e+00	-2.951573496246011e+00	4625
1.408301377142381e+00	-5.842841551742329e+00	4626
-4.077373245659407e+00	-4.629551664897665e-01	4627
8.982629415939954e-01	6.019269093234557e+00	4628
-1.370873020692005e+00	-6.696519979053087e+00	4629
4.557960659413141e+00	8.537697368305244e-01	4630
4.513849881237240e+00	1.314204426942833e+00	4631
2.707910898747370e+00	4.827812413002085e+00	4632
4.579521879843257e+00	1.786551832467175e+00	4633
4.667922281760796e+00	2.410008358416641e+00	4634
4.687333732526549e+00	2.935161875826483e+00	4635
4.675180987990086e+00	-2.196996344024404e+00	4636
4.507239610293178e+00	-1.398884052981463e+00	4637
1.886378305240244e+00	-5.843470997601425e+00	4638
-2.568149309092617e+00	5.976507702617126e+00	4639
4.768692348561820e+00	-2.844289199518665e+00	4640
-4.707738077165658e+00	-1.775973518316829e+00	4641
1.319734830939530e-01	6.526748511735648e+00	4642
-4.303833760456665e+00	9.344419437753434e-01	4643
2.858953782310287e+00	-5.292284951633094e+00	4644
3.933481888874339e+00	4.320262823180616e+00	4645
-1.350943416451366e+00	6.256292776642915e+00	4646
-3.888353693494486e+00	3.093873326403933e+00	4647
4.121895568306323e+00	-3.880679654777895e+00	4648
4.746177226923388e+00	-9.301705043080468e-01	4649
-4.260806752796640e+00	2.476577985572923e-02	4650
1.139162111145309e+00	-6.607146434092281e+00	4651
-3.530069195700545e+00	-4.520470730294047e+00	4652
-2.956174704018011e+00	-5.510746398227681e+00	4653
-4.916120575989772e-01	-7.176329356579393e+00	4654
-3.047086724653684e+00	5.324424363783483e+00	4655
1.583792735911667e+00	6.032108451124607e+00	4656
-3.472312932599317e+00	4.450628468688487e+00	4657
-3.682124326622687e+00	3.944618286648079e+00	4658
3.832722931840552e+00	-4.656067228859947e+00	4659
-4.236595365907517e+00	2.009825952762019e+00	4660
-4.401885560354011e+00	-9.599677371930753e-01	4661
4.716736071616753e+00	-1.722249133460704e-01	4662
-4.159203259595627e+00	-3.584196592682777e+00	4663
-4.855313105892323e+00	-2.612795611975683e+00	4664
-2.196036892134967e+00	-6.301514817952167e+00	4665
4.653680812536865e+00	3.532756839219234e+00	4666
2.553196663444967e+00	5.394338313598579e+00	4667
4.981819033381901e+00	1.127500167219079e+00	4668
5.006536003302707e+00	1.486557065240577e+00	4669
5.036246685530490e+00	5.721621851180994e-01	4670
5.118444223479892e+00	2.028052954400157e+00	4671
5.218477082328713e+00	2.652444501432732e+00	4672
5.059831768549622e+00	-1.699186844028602e+00	4673
3.556838604779534e+00	-5.300177095705922e+00	4674
-1.317385151561060e+00	-7.644958926874410e+00	4675
-2.048778732444902e+00	6.508998555731470e+00	4676
5.265984621600236e+00	-2.355823768066505e+00	4677
-4.541308425188611e+00	4.633743753376725e-01	4678
5.317406286113210e-01	-7.423812752106506e+00	4679
3.369272757745231e+00	5.127641198899362e+00	4680
4.580213774372539e+00	4.188671637533908e+00	4681
-3.391921743979476e+00	6.079044576354675e+00	4682
2.555200982534272e+00	-5.884223296865466e+00	4683
-4.602064951639936e+00	1.486515516505368e+00	4684
-2.119470465349526e+00	-7.201546908047956e+00	4685
2.313884021411815e+00	6.070179278721030e+00	4686
4.915284461034891e+00	-6.188404385324682e-01	4687
-5.372317282970124e+00	-2.090065433678216e+00	4688
1.646845786768828e+00	-6.534295805631695e+00	4689
4.769363085171518e+00	-3.561255655842845e+00	4690
1.070294596896226e+00	6.802896471330159e+00	4691
5.113369687218692e+00	1.029864270272320e-01	4692
-7.119692010018902e-01	6.861370902169343e+00	4693
-4.402849506999609e+00	2.658403921315962e+00	4694
4.551393362771742e+00	-4.482508104219592e+00	4695
-3.836483497634716e+00	-5.359644823294230e+00	4696
-4.361701124700076e+00	3.658619880686690e+00	4697
-3.865800819531354e+00	5.181941988828704e+00	4698
-4.162511983868280e+00	4.439990895907250e+00	4699
-4.634101911024764e+00	-4.163994504840428e-01	4700
-5.062704681818254e+00	-1.177399247933552e+00	4701
-4.153993859300416e+00	-4.255594139325670e+00	4702
-4.853564827749461e+00	-3.349079392140257e+00	4703
-3.109184499590804e+00	-6.418911383975383e+00	4704
5.500613915217902e+00	1.272527967982371e+00	4705
5.504611284458553e+00	8.993774768654036e-01	4706
5.235565300011120e+00	3.285202317422083e+00	4707
5.581783161769625e+00	1.650025221177172e+00	4708
5.732048271089018e+00	2.249917199074594e+00	4709
-4.308193147765422e+00	5.988728422239102e+00	4710
-2.143378255822170e+00	-8.192727352870159e+00	4711
-1.497942509420005e+00	7.101577874697515e+00	4712
-3.324917659088597e-01	-8.133373319054391e+00	4713
1.920749747752039e+00	6.789674947825355e+00	4714
1.888041767884174e-01	7.407194279124127e+00	4715
3.117493228699934e+00	5.922365428278106e+00	4716
-4.824100841749659e+00	-2.670561790093186e-02	4717
5.388700369972850e+00	-3.106415284303733e+00	4718
3.254335428277266e+00	-5.932253781842874e+00	4719
-5.539878919314060e+00	-2.894879658103132e+00	4720
-4.865107340067351e+00	2.128408444748014e+00	4721
5.179712964983896e+00	-4.166879488699190e-01	4722
5.247448062995626e+00	-1.000071588686025e+00	4723
-5.807437452327108e+00	-1.433440263988052e+00	4724
-4.899425501514548e+00	9.459927349279943e-01	4725
-3.135687127530304e+00	-7.470096685414370e+00	4726
4.325806644148670e+00	-5.224874211226681e+00	4727
5.688760833171414e+00	-1.862362450606001e+00	4728
5.212190651723081e+00	3.955911781288319e+00	4729
5.563545377870239e+00	3.685344277196049e-01	4730
6.045114769848403e+00	1.092378200385239e+00	4731
-4.761141881481694e+00	-4.004143152541642e+00	4732
-2.870689834004761e+00	6.783816031145481e+00	4733
2.179049660752023e+00	-6.559756717357740e+00	4734
5.286782778954660e+00	-4.169983006921918e+00	4735
4.382152579004279e+00	4.875745004240080e+00	4736
-5.000274813169904e+00	3.183529203760451e+00	4737
-4.915303891241117e+00	4.215433367278430e+00	4738
-4.681669456011564e+00	5.077459039853409e+00	4739
-5.335860829275708e+00	-5.221220272370632e-01	4740
-4.118617923328538e+00	-6.332969573116180e+00	4741
5.847401354854493e+00	2.943024908471929e+00	4742
6.243474686356953e+00	1.803174555445671e+00	4743
-5.250969527670113e+00	5.842394391732590e+00	4744
-4.305509618359579e+00	-7.488390391865166e+00	4745
-6.139002332110500e+00	-2.244104205792743e+00	4746
6.618775331259563e-01	-8.464130158788233e+00	4747
-5.568141977571229e+00	2.574148477023741e+00	4748
5.127940733379662e+00	4.710406777008368e+00	4749
-2.282325133046287e+00	7.381570486752661e+00	4750
-5.537362358081656e+00	-3.738219499313149e+00	4751
6.008153813026583e+00	-3.702207960558021e+00	4752
4.029407976471492e+00	-5.946179022146556e+00	4753
-5.537115145251302e+00	4.846187969321225e+00	4754
-1.226179019735256e+00	-8.697529353361418e+00	4755
-7.768630270379160e-01	7.796601799070170e+00	4756
-5.256754382313879e+00	1.538514704674237e+00	4757
-4.724626960634472e+00	-4.774676743406332e+00	4758
1.299341734770857e+00	7.686422534498157e+00	4759
6.763416057747775e+00	1.275248551973354e+00	4760
5.930237833546760e+00	-2.565072224459368e+00	4761
5.872122198145257e+00	3.666685643298168e+00	4762
1.876560240388367e+00	-7.318288039880803e+00	4763
-5.663360812382407e+00	3.757133270176523e+00	4764
2.809391339120155e+00	6.749847188419297e+00	4765
5.150050525457072e+00	-5.011545635858541e+00	4766
5.966469454339741e+00	-1.176115809493665e+00	4767
-5.152259747231858e+00	4.344658377905073e-01	4768
5.622314849353634e+00	-1.483992481883033e-01	4769
-3.861011747197668e+00	6.885015060385153e+00	4770
-3.199334151038433e+00	-8.600866862574232e+00	4771
3.969412505084454e+00	5.697468051650799e+00	4772
-4.728676021207579e+00	-5.628636014017141e+00	4773
2.930240366052140e+00	-6.604072485783377e+00	4774
-6.143416521141944e+00	-6.817190161277678e-01	4775
6.422597132568042e+00	2.502319511699018e+00	4776
3.703264082283215e+00	-6.649093638844983e+00	4777
1.457341824811788e+00	-7.836754116042873e+00	4778
-6.328203670733699e+00	-3.192969725523261e+00	4779
6.668837862235322e+00	-3.085435316707425e+00	4780
2.820631193710099e-01	8.402707798984327e+00	4781
-1.668434395346520e+00	8.058041426265742e+00	4782
6.559084743318896e+00	3.278676305414140e+00	4783
-6.045740912246573e+00	1.865499061400044e+00	4784
-4.889421439640825e+00	6.801237520539314e+00	4785
-5.451441827266253e+00	-1.260188047045464e-01	4786
-2.235749031468758e+00	-9.324524023274853e+00	4787
6.349054419299413e+00	-4.757591819490218e-01	4788
6.147973163337062e+00	1.743292773711356e-01	4789
-3.235546547977121e+00	7.695527215824100e+00	4790
5.995571660819307e+00	-4.628326199698620e+00	4791
5.850789483239673e+00	4.435964306017581e+00	4792
6.997236553161305e+00	2.002517951945496e+00	4793
-2.006366921822997e-01	-9.219162213224887e+00	4794
-6.229374604075204e+00	5.583692929862226e+00	4795
2.344172631302094e+00	7.640157941100711e+00	4796
-5.433522755093533e+00	-4.496439433279393e+00	4797
4.900802823260626e+00	-5.858427115071828e+00	4798
-6.350336917651061e+00	3.106038314938405e+00	4799
-5.861731370882588e+00	1.624039308625871e-02	4800
-5.087485727905195e+00	-6.654516413367090e+00	4801
6.559404706835260e+00	5.692358371992957e-01	4802
6.402098337947972e+00	-1.878410767158462e+00	4803
2.638041895856936e+00	-7.301417826689518e+00	4804
-6.402472906802532e+00	4.394164218886107e+00	4805
3.702880307365265e+00	6.564796188030027e+00	4806
5.670941121095731e+00	-7.283473277242580e-01	4807
-5.568529129512515e+00	9.420457321382898e-01	4808
-6.622735728198803e+00	-1.456415714105633e+00	4809
-4.475386965778650e+00	-8.764167970202255e+00	4810
4.867026603762449e+00	5.554428996700324e+00	4811
-5.519496126786523e+00	-5.197957252545588e+00	4812
-6.299421072524379e+00	-4.746358652484718e+00	4813
3.406324741782287e+00	-7.358220849591310e+00	4814
-4.367949662347120e+00	7.814518366090069e+00	4815
-7.225935172957693e+00	5.120790951197852e+00	4816
-7.013817788461234e+00	-2.408909459992984e+00	4817
-6.938858147094510e+00	2.303386600068636e+00	4818
8.924216557156081e-01	-9.598183488955723e+00	4819
7.207456475906072e+00	2.786012415641891e+00	4820
-2.561876522042768e+00	8.369649726256126e+00	4821
-1.180767332637931e+00	-9.889580369283381e+00	4822
1.592124499406706e+00	8.682728668245066e+00	4823
5.845575910617745e+00	-5.600454645626040e+00	4824
-7.008214754080438e+00	-6.820760890259273e-01	4825
3.372854131403669e+00	7.524412223438325e+00	4826
5.745247556052693e+00	5.322957477901355e+00	4827
4.572572751638379e+00	-6.670499806592998e+00	4828
-8.362708176281259e-01	8.858758149705656e+00	4829
-3.531113071383303e+00	-9.791995026236769e+00	4830
6.597585664643343e+00	4.099376599726686e+00	4831
6.816811465328123e+00	-4.062714683559222e+00	4832
2.277028080283560e+00	-8.172107610530418e+00	4833
7.326157396598862e+00	7.308302498453498e-01	4834
7.578819684190603e+00	1.414569234236887e+00	4835
-5.957530210347938e+00	6.629186679648056e+00	4836
-6.322230581782788e+00	-4.169737182078967e+00	4837
-7.220683318453112e+00	3.715400912980617e+00	4838
6.855477556022175e+00	3.791876000610905e-02	4839
6.722587154966432e+00	-1.157976435699901e+00	4840
7.245134151155267e+00	-2.324862242367406e+00	4841
1.641724145610553e+00	-8.888797039364707e+00	4842
4.559775022206956e+00	6.375460232130995e+00	4843
-6.345123307024872e+00	6.786246854008392e-01	4844
-5.408277527953863e+00	-7.865801711857201e+00	4845
-5.534924293875575e+00	-6.167833392886231e+00	4846
-4.106251853241654e-02	-1.044489077559235e+01	4847
-5.713874844400205e+00	-9.117269633928331e+00	4848
4.138898327641994e-01	9.528493528789511e+00	4849
-6.389511956814635e+00	-5.704870982882560e+00	4850
8.191086299249775e+00	8.002407622491892e-01	4851
2.844411667383830e+00	8.598708928602047e+00	4852
-6.822550212342568e+00	1.411014208612409e+00	4853
7.368028434111014e+00	3.659059285246916e+00	4854
-2.366853241567838e+00	-1.061364125445276e+01	4855
7.563813616068023e+00	-3.317421898802079e+00	4856
-7.545921918451702e+00	-1.524674020056264e+00	4857
7.853535292069934e+00	2.226062142691294e+00	4858
-5.544986701996724e+00	7.725814939946069e+00	4859
5.565130527964113e+00	-6.569203544544671e+00	4860
-4.855025329422683e+00	-1.006126839651206e+01	4861
-1.862228362713059e+00	9.145200637430213e+00	4862
6.578129702761515e+00	4.988801637955070e+00	4863
6.815184528827182e+00	-5.135997659636747e+00	4864
-7.095341786943268e+00	6.300364898081675e+00	4865
4.233097680101462e+00	-7.427767057044489e+00	4866
-7.940914353863989e+00	2.836975121356509e+00	4867
-8.189374844649199e+00	4.413892065876319e+00	4868
7.694761888343150e+00	-2.570566530872341e-02	4869
1.998475143133847e+00	-1.001635983313368e+01	4870
2.957597576970707e+00	-8.212777379253925e+00	4871
-6.620155442984491e+00	-1.495785935913125e-02	4872
-3.645636191801734e+00	8.731241611341979e+00	4873
5.500262042893178e+00	6.243561047942993e+00	4874
2.695205967192520e+00	-9.183042188655282e+00	4875
7.103132747542347e+00	-5.918879118648019e-01	4876
-7.230094980449512e+00	-3.517871018894211e+00	4877
7.201168088241511e+00	-1.801053943874807e+00	4878
4.332604211892075e+00	7.310531037515095e+00	4879
-6.649481792067307e+00	-8.225615649677160e+00	4880
8.493739231788355e+00	1.626339611281437e+00	4881
4.011205019717515e+00	8.405908879025937e+00	4882
6.649617194732436e+00	-6.259160966642171e+00	4883
-1.139547786508191e+00	-1.124167180982274e+01	4884
-8.261358857994423e+00	5.715964336939516e+00	4885
1.949743290486947e+00	9.805655618795882e+00	4886
-3.799146300600356e+00	-1.116606230676773e+01	4887
-2.877640851108579e+00	9.490908217169505e+00	4888
8.657935641125075e+00	-4.190535542916800e-02	4889
-7.769114372891887e+00	1.779166764653623e+00	4890
8.200447572688127e+00	-2.565270540248624e+00	4891
-7.982318580644416e+00	-6.531238166751225e-01	4892
8.099355532607939e+00	3.105795691850444e+00	4893
7.751230290894179e+00	-4.451936637180294e+00	4894
7.424207336873956e+00	4.592144973881005e+00	4895
7.928935224772943e+00	-8.626980058570806e-01	4896
-8.886108564807653e-01	1.006551987071007e+01	4897
3.200871309947967e+00	-1.031403245298131e+01	4898
-6.423571422859247e+00	-6.788269501124120e+00	4899
-4.935615744170442e+00	8.873896691180732e+00	4900
-7.270585488315199e+00	-5.138598175812542e+00	4901
5.199651440026565e+00	-7.475847032498892e+00	4902
5.229441545319212e+00	7.116531583054092e+00	4903
6.475785001848705e+00	5.985200220209141e+00	4904
-8.005167006367190e+00	-2.604650858159406e+00	4905
-6.777228691620346e+00	7.511567503265174e+00	4906
-6.215525516469259e+00	-1.043695714774846e+01	4907
-9.060957379979531e+00	3.467922469497160e+00	4908
1.118380541271158e+00	-1.086794505429135e+01	4909
3.875160625547938e+00	-8.266704315492158e+00	4910
-7.486225103903813e+00	4.254328227575951e-02	4911
7.512538233979656e+00	-1.277252330166354e+00	4912
-7.197632334651494e+00	6.190601586181828e-01	4913
5.869345296864366e-01	1.080294391530383e+01	4914
3.424738535208684e+00	9.678851565890106e+00	4915
-8.273863437032574e+00	4.573591002903752e-01	4916
1.280031394667708e-01	-1.182748308914850e+01	4917
8.946497780609837e+00	-1.031869366857178e+00	4918
-2.474589803467873e+00	-1.207710761802865e+01	4919
9.197310155498784e+00	8.609611097785967e-01	4920
8.811615725128954e+00	2.502123754348009e+00	4921
8.289817774821467e+00	4.088342661852556e+00	4922
-8.884260934542285e+00	2.222339943884206e+00	4923
5.046658999754742e+00	8.142680702515046e+00	4924
3.647795731726960e+00	-9.272259348909126e+00	4925
-8.098918025232921e+00	7.098883037564031e+00	4926
8.568942422145014e+00	-3.629168072193090e+00	4927
8.167668355983846e+00	-1.796012888894998e+00	4928
-8.595001640214594e+00	-1.599303634844359e+00	4929
-6.293102837121995e+00	8.775041654576432e+00	4930
-5.230876314674030e+00	-1.152191601792792e+01	4931
-4.105454854761885e+00	9.907665532344156e+00	4932
-7.634426899042627e+00	-7.334339954091630e+00	4933
-2.075508997527138e+00	1.038353421807755e+01	4934
-8.275538128580259e+00	-3.988317202148400e+00	4935
7.762339462245760e+00	-5.697504241408604e+00	4936
2.355446237140407e+00	-1.131773753986711e+01	4937
-7.396500876427256e+00	-6.240391938315129e+00	4938
6.330513973836985e+00	-7.366909218732096e+00	4939
6.242611039142646e+00	6.987237839839461e+00	4940
7.416868886242232e+00	5.601323714397776e+00	4941
-7.086783813723899e+00	-9.444314289652599e+00	4942
-9.375586512545183e+00	4.841829321661557e+00	4943
4.809920882062733e+00	-8.328218718080420e+00	4944
4.747018788544309e+00	9.397478876520639e+00	4945
-6.776663597233830e+00	-1.193621941536211e+01	4946
-3.231014640353447e+00	1.076469726593088e+01	4947
3.743363762620741e+00	-1.162905093736017e+01	4948
8.813300790004435e+00	-4.901035961946039e+00	4949
-9.452854217554293e+00	6.376592485313684e+00	4950
-8.631277848985579e+00	-6.544610313129083e+00	4951
9.289314251126285e+00	-2.783638229678425e+00	4952
9.548712505205387e+00	1.815778118593997e+00	4953
1.969952993460745e+00	1.126244567751381e+01	4954
2.784438016661069e+00	1.088810790264992e+01	4955
-4.049643059961876e+00	-1.272940458541831e+01	4956
-7.685293608443480e+00	-1.084892417755357e+01	4957
5.995382793949523e+00	7.925954068548966e+00	4958
-1.077465447197863e+00	-1.276819478837759e+01	4959
9.729061474927418e+00	-1.744028555195415e-01	4960
-7.998093652328363e+00	-8.549412893590365e+00	4961
-5.577161718097686e+00	1.007872255012851e+01	4962
9.103753861545236e+00	3.474532103773081e+00	4963
-9.302303415352564e-01	1.143638631025493e+01	4964
1.410344825838439e+00	-1.228862724154496e+01	4965
7.322667793509108e+00	6.709949111617381e+00	4966
8.369890863877307e+00	5.142625919778546e+00	4967
-8.672617300056176e+00	1.130732000800115e+00	4968
-7.722174571971808e+00	8.507625809133147e+00	4969
7.577347019231584e+00	-6.996767827566173e+00	4970
-1.004146787237862e+01	2.692994616577004e+00	4971
4.486258133327484e+00	-1.024931115585915e+01	4972
-9.060086672294286e+00	-4.722954647844218e-01	4973
9.147022356478027e+00	-2.107220676427693e+00	4974
-8.467272091004574e+00	-5.408593730352498e+00	4975
-9.137197766758883e+00	-2.852256117207173e+00	4976
-1.033935418192136e+01	3.897591012444901e+00	4977
5.904848121858522e+00	-8.391828908550522e+00	4978
4.246162912558809e+00	1.076523776328449e+01	4979
-5.660634909282049e+00	-1.317101211967621e+01	4980
-9.722615525276883e+00	-5.807198419964470e+00	4981
-2.560003773370866e+00	-1.373283216852376e+01	4982
1.035326169607457e+01	8.996014663633727e-01	4983
-2.307514042574351e+00	1.179511627934550e+01	4984
7.204611839223504e+00	-8.271578845150206e+00	4985
9.718896375840885e+00	-3.970307261154617e+00	4986
-1.137919035083515e+01	3.000804066883331e+00	4987
-8.420030692057864e+00	-1.238692277252742e+01	4988
-7.147494459020518e+00	9.966716762853734e+00	4989
-9.797347612312235e+00	-1.618777291483017e+00	4990
9.903372524097577e+00	2.799869646679987e+00	4991
9.337716158112221e+00	4.571335839457209e+00	4992
-9.255562239924634e+00	7.994219892112285e+00	4993
-8.489357864148248e+00	-9.961699384809798e+00	4994
-9.827481134811455e+00	1.470842466083821e+00	4995
1.004968114103634e+01	-1.331549659263111e+00	4996
5.985381478171122e-01	1.226801451323031e+01	4997
5.294207924730306e+00	-9.462727119420640e+00	4998
8.847043603050523e+00	-6.329562597735609e+00	4999
7.094334512588603e+00	7.802081074836735e+00	5000
8.380213389945622e+00	6.278813661526859e+00	5001
-1.069329707507224e+01	5.400066715523445e+00	5002
-8.953916682141022e+00	-7.744684479460095e+00	5003
-4.622290218446206e+00	1.124387809593213e+01	5004
2.803378689437499e+00	-1.276387911171565e+01	5005
-9.509623672977018e+00	-4.311339132782676e+00	5006
5.762141815184662e+00	9.094986540910812e+00	5007
3.443545388504120e-01	-1.338361743093694e+01	5008
5.270452383530397e+00	-1.156177203829747e+01	5009
6.834692867182415e+00	8.863020289375839e+00	5010
-1.046795875793353e+00	1.298039975956389e+01	5011
-7.290205259338113e+00	-1.368064307469063e+01	5012
1.781699595642770e+00	-1.387977324965367e+01	5013
-4.309354514909043e+00	-1.450017224013128e+01	5014
1.095671109108735e+01	-3.230099888959442e-01	5015
-8.808132509527596e+00	9.635166138069497e+00	5016
-3.625794152405317e+00	1.221305417874029e+01	5017
-6.303714326756602e+00	1.144883980997314e+01	5018
-1.033755962663447e+01	-4.608890129248532e-01	5019
-1.174988520535512e+01	4.392087747475027e+00	5020
9.449725063654494e+00	5.755722527911336e+00	5021
-9.540700560073111e+00	3.143709844499441e-01	5022
1.002831321187266e+01	-5.405201617564622e+00	5023
1.024546249154273e+01	3.882298858249439e+00	5024
1.075849551574061e+01	2.009378582651109e+00	5025
1.053335193366791e+01	-3.003876568913865e+00	5026
3.622605959864151e+00	1.211880403339893e+01	5027
-1.079691541704845e+01	7.144453390371559e+00	5028
-9.954380777928622e+00	-7.019771551453374e+00	5029
5.621736065174693e+00	1.044870746531709e+01	5030
8.293351435967001e+00	7.510647801355789e+00	5031
-9.347831827041796e+00	-9.183147851172443e+00	5032
-1.084388214634903e+01	-4.884497998550059e+00	5033
8.641064450853047e+00	-7.832620647775090e+00	5034
2.084642277184694e+00	1.285668374288980e+01	5035
-9.767454155941792e-01	-1.448606718877987e+01	5036
-9.211063993301796e+00	-1.142439445057324e+01	5037
-1.103242510071678e+01	1.774918532336192e+00	5038
6.642438533775485e+00	-9.508020020095698e+00	5039
4.472737302143050e+00	-1.305869318517812e+01	5040
-1.044028041855285e+01	-3.031469627936701e+00	5041
5.756364115798219e+00	-1.074479781238666e+01	5042
-9.169190373564026e+00	-1.418222409595432e+01	5043
1.053156922854863e+01	5.107407692628393e+00	5044
1.103626898896263e+01	-4.339422815891827e+00	5045
-6.068828920557663e+00	-1.504020231145422e+01	5046
-5.204008505870660e+00	1.276208817326773e+01	5047
-8.122477088708608e+00	1.132142616189954e+01	5048
-1.073019117444517e+01	5.894652646363400e-01	5049
-1.057312973643100e+01	9.012328080601741e+00	5050
1.009046343320111e+01	-7.044319508650152e+00	5051
1.114813856916614e+01	3.124028399616857e+00	5052
5.800731697386494e-01	1.392915405642505e+01	5053
7.284652584400124e+00	-1.090336998569296e+01	5054
8.181849634247282e+00	-9.334315749322736e+00	5055
8.054981498438933e+00	8.723409455585369e+00	5056
-2.620537043409321e+00	-1.560799626872443e+01	5057
9.481311322574687e+00	7.031563806316287e+00	5058
6.557140765750142e+00	1.018094693093088e+01	5059
1.137552805067289e+01	-1.718727534997101e+00	5060
-1.026378309957883e+01	-8.500201111165085e+00	5061
6.263907920057834e-01	-1.513351521805230e+01	5062
-1.217679078428187e+01	6.050151728081405e+00	5063
3.397328176698630e+00	-1.438640708949636e+01	5064
-1.113747728252310e+01	-6.267331816286177e+00	5065
-1.191028050834594e+01	-3.681817400116150e+00	5066
5.197842683345425e+00	1.195498273937763e+01	5067
-1.289988041683045e+01	3.340081190845192e+00	5068
-2.595739686209080e+00	1.338733162377497e+01	5069
6.189016977594329e+00	-1.301240678451918e+01	5070
1.167679476619381e+01	9.313963237622876e-01	5071
-1.013214337657250e+01	-1.298833051964868e+01	5072
-1.115807243980636e+01	-1.682857348763155e+00	5073
3.486417212990630e+00	1.380812590917104e+01	5074
-1.246918332556647e+01	2.029962084640199e+00	5075
1.214230180586456e+01	2.218613447282034e+00	5076
-4.551661887691005e+00	-1.650699165019975e+01	5077
-7.893064010715090e+00	-1.563961803416228e+01	5078
-1.004811259556388e+01	1.091708295027203e+01	5079
-1.231838304734050e+01	8.024102005513607e+00	5080
1.237278780285126e+01	-4.885534798690717e-01	5081
1.197174545127523e+01	-3.133481073454999e+00	5082
9.852190060242174e+00	-8.794807698646341e+00	5083
6.461805559574778e+00	1.161951797206788e+01	5084
9.394389667370490e+00	8.408349578104501e+00	5085
5.282852930245014e+00	-1.469019615058077e+01	5086
-8.204744455531254e-01	-1.642693766472941e+01	5087
-1.114646211143760e+01	-1.133701810671394e+01	5088
1.154381226156241e+01	4.331563748956205e+00	5089
-1.220851979961881e+00	1.472159834535692e+01	5090
-1.239197149480259e+01	-5.246442985915545e+00	5091
-7.126779629998134e+00	1.300742550414781e+01	5092
-4.080832508679451e+00	1.385088328416679e+01	5093
-1.071320535854213e+01	-1.005935742853927e+01	5094
-1.114213722039685e+01	-1.478915234951877e+01	5095
-1.409414333160469e+01	2.221033880686406e+00	5096
-1.171740827033820e+01	-3.727408657983127e-01	5097
1.141748929953515e+01	-5.966514794497874e+00	5098
2.072089923566828e+00	1.462760078190213e+01	5099
8.106430879970514e+00	-1.266913814980302e+01	5100
1.068195119024489e+01	6.437315715601896e+00	5101
8.981882824844474e+00	-1.083176343322381e+01	5102
7.776200535062634e+00	9.930103611222320e+00	5103
2.259411926725563e+00	-1.566537367950476e+01	5104
-1.141573737891026e+01	-7.657674796091147e+00	5105
-1.280034426516111e+01	-2.205836462077012e+00	5106
-1.336169408470927e+01	4.903435853121136e+00	5107
4.559802579940328e+00	1.348908823815282e+01	5108
-1.203891839518122e+01	7.469320234314002e-01	5109
-9.231709061066841e+00	1.286357317427982e+01	5110
-2.641036894942742e+00	-1.772950617285741e+01	5111
4.047386260456958e+00	1.543034585479616e+01	5112
1.256539043980716e+01	3.482307172364584e+00	5113
7.445629184597128e+00	1.141713610371293e+01	5114
9.941643428182406e-01	-1.709740734519738e+01	5115
4.095613150027010e+00	-1.621478817523157e+01	5116
-6.509218940282587e+00	-1.715255688889657e+01	5117
1.189162974026628e+01	5.700590160247704e+00	5118
1.073518213793361e+01	7.875025241665573e+00	5119
1.083137819401696e+01	-1.041632930074682e+01	5120
-1.254915891654261e+01	-1.014873469846558e+01	5121
-1.352384461314422e+01	8.049623827902891e-01	5122
-1.358247109081685e+01	-3.863510848800049e+00	5123
1.256149539330986e+01	-4.701385478037948e+00	5124
4.858450956984832e-01	1.579559545604794e+01	5125
1.151063133797977e+01	-7.854370074330434e+00	5126
-1.207189264685619e+01	1.017061569647440e+01	5127
6.252192889093233e+00	1.327151433085396e+01	5128
1.319128078002912e+01	9.669377185634480e-01	5129
-1.273032624488222e+01	-6.794857233707654e+00	5130
-1.460063748155685e+01	3.800939051798336e+00	5131
-2.946407265428217e+00	1.517982084423948e+01	5132
1.289089518225875e+01	-1.921969516281818e+00	5133
-1.318864051767053e+01	-1.896934124233435e-01	5134
-5.863536485201119e+00	1.448428234233800e+01	5135
-1.226742756007684e+01	-1.304166663803205e+01	5136
-1.386646690916923e+01	6.771767257331481e+00	5137
7.333902314664146e+00	-1.457243401168760e+01	5138
1.003149614998624e+01	-1.245851145801620e+01	5139
9.140978819677365e+00	9.765924253411466e+00	5140
-1.187886871585187e+01	-9.088633069405576e+00	5141
-4.605286377139511e+00	1.569857367526274e+01	5142
1.399086899912618e+01	-5.894041244660196e-01	5143
2.837004984064718e+00	-1.767087852007777e+01	5144
1.301962626848997e+01	-6.578844111434819e+00	5145
1.302005701510322e+01	4.830104135811651e+00	5146
-1.528441051856689e+01	9.181831945497734e-01	5147
6.275531832553124e+00	-1.651546224787826e+01	5148
2.356465505549159e+00	1.663296134365420e+01	5149
-1.146045236561592e+01	1.237624008368700e+01	5150
-1.405032233860175e+01	9.017093262086231e+00	5151
1.372185176020532e+01	2.454380190120604e+00	5152
1.357629847552916e+01	-3.397134530679549e+00	5153
1.208660206145097e+01	7.197662699058480e+00	5154
-1.467742713896555e+00	1.667862509422179e+01	5155
-8.059491057548383e+00	1.478006796988407e+01	5156
8.837150539043083e+00	1.114381586149179e+01	5157
-1.337221628804260e+01	-8.460637476199164e+00	5158
-5.880471945451974e-01	-1.861575382430495e+01	5159
1.207035609603010e+01	-1.207844591848505e+01	5160
-1.452815152951414e+01	-1.929561822849351e+00	5161
6.365820156363041e+00	1.559350560268881e+01	5162
1.274018587805981e+01	-9.549976290833344e+00	5163
-1.516732466216211e+01	5.500227988762517e+00	5164
-1.414598881603649e+01	-5.632541826572449e+00	5165
-1.594510244099865e+01	2.498091108640453e+00	5166
-1.480331003097254e+01	-1.805002445566232e-01	5167
9.308520327464901e+00	-1.429585121154431e+01	5168
1.064638538129442e+01	9.422349266833709e+00	5169
1.429468191360473e+01	-5.131441832620827e+00	5170
4.983824673772747e+00	-1.816469013691965e+01	5171
-1.049190761385349e+01	1.461955359006203e+01	5172
1.458425794338740e+01	-8.223321859455311e+00	5173
1.343887808958350e+01	6.359775804792179e+00	5174
-3.371311562144745e+00	1.719194598183692e+01	5175
1.459887435668250e+01	-2.118076506899478e+00	5176
-1.457856575917569e+01	-7.270128662070449e+00	5177
-6.610848595203612e+00	1.643661573601128e+01	5178
-1.461005396600087e+01	-1.010957917911884e+01	5179
-1.727326159927093e+01	1.013815970753041e+00	5180
-1.648016319883189e+01	-8.207452721056704e-01	5181
4.678856223162315e+00	1.746665421496594e+01	5182
4.675984198386547e-01	1.792237191871345e+01	5183
-1.377982908909899e+01	1.148430686702604e+01	5184
-1.549713681353005e+01	-3.931783742393683e+00	5185
-1.578127473303459e+01	7.586537931335162e+00	5186
1.140602778325989e+01	-1.408640811879989e+01	5187
1.216279240699492e+01	8.822406191477311e+00	5188
8.443504976709375e+00	1.282722643095374e+01	5189
1.417612501879520e+01	3.884144618412773e+00	5190
1.491558634040805e+01	1.043934296206293e+00	5191
8.541074294915845e+00	-1.639279000942167e+01	5192
1.421785936045611e+01	-1.129297413508231e+01	5193
-1.653651794239947e+01	4.256419726097074e+00	5194
1.036937614541794e+01	1.094775484057703e+01	5195
1.539321074290669e+01	-3.702894541151542e+00	5196
-1.376816929950055e+01	-1.219102975199095e+01	5197
-1.721675562189442e+01	6.142730293300498e+00	5198
1.469436907801291e+01	5.384630987931060e+00	5199
1.583002799231603e+01	-6.629708899920017e-01	5200
1.492140429109069e+01	-6.966606099337509e+00	5201
1.003551454576174e+01	1.252440538562530e+01	5202
1.566593582170781e+01	-9.550462922099218e+00	5203
-5.208068404705712e+00	1.777791332010050e+01	5204
1.368663895117467e+01	8.048001589540837e+00	5205
7.685397561937810e+00	1.472511693972867e+01	5206
-1.803299674290211e+01	2.897961510962864e+00	5207
-1.615611552775042e+01	-5.945103555396108e+00	5208
1.206902102509252e+01	1.056819694636158e+01	5209
1.551627936481115e+01	2.739507233127630e+00	5210
-1.865172674714116e+01	-6.717110549405045e-01	5211
1.626326048917679e+01	-5.480752686520887e+00	5212
1.599945346582562e+01	4.344787416932074e+00	5213
1.519763413977592e+01	7.093321258551067e+00	5214
8.076000901672769e+00	1.675827512730265e+01	5215
-1.659965658021290e+01	-8.075967492496792e+00	5216
1.378510214060998e+01	9.888701532533103e+00	5217
1.652714658637969e+01	-2.319162407185270e+00	5218
1.687597350705206e+01	1.163394286626540e+00	5219
-1.769835566915719e+01	-2.664408908188128e+00	5220
1.668946518968109e+01	-7.563261319653684e+00	5221
9.654906541254936e+00	1.443745448998144e+01	5222
-1.761761704173207e+01	-4.352220068269171e+00	5223
1.176117946122565e+01	1.228779509100312e+01	5224
1.791794355501626e+01	-7.212393838104652e-01	5225
1.550790782913539e+01	9.001646545038126e+00	5226
1.743856397437189e+01	-3.976636941758509e+00	5227
1.368547648828537e+01	1.186464980374929e+01	5228
1.658770109770927e+01	6.006592090380883e+00	5229
1.755069235395182e+01	3.086373502309137e+00	5230
1.141883220498718e+01	1.405450261150021e+01	5231
1.719387521981996e+01	7.912307830196434e+00	5232
NMARK= 2
MARKER_TAG= airfoil
MARKER_ELEMS= 200
3	199	0
3	0	1
3	1	2
3	2	3
3	3	4
3	4	5
3	5	6
3	6	7
3	7	8
3	8	9
3	9	10
3	10	11
3	11	12
3	12	13
3	13	14
3	14	15
3	15	16
3	16	17
3	17	18
3	18	19
3	19	20
3	20	21
3	21	22
3	22	23
3	23	24
3	24	25
3	25	26
3	26	27
3	27	28
3	28	29
3	29	30
3	30	31
3	31	32
3	32	33
3	33	34
3	34	35
3	35	36
3	36	37
3	37	38
3	38	39
3	39	40
3	40	41
3	41	42
3	42	43
3	43	44
3	44	45
3	45	46
3	46	47
3	47	48
3	48	49
3	49	50
3	50	51
3	51	52
3	52	53
3	53	54
3	54	55
3	55	56
3	56	57
3	57	58
3	58	59
3	59	60
3	60	61
3	61	62
3	62	63
3	63	64
3	64	65
3	65	66
3	66	67
3	67	68
3	68	69
3	69	70
3	70	71
3	71	72
3	72	73
3	73	74
3	74	75
3	75	76
3	76	77
3	77	78
3	78	79
3	79	80
3	80	81
3	81	82
3	82	83
3	83	84
3	84	85
3	85	86
3	86	87
3	87	88
3	88	89
3	89	90
3	90	91
3	91	92
3	92	93
3	93	94
3	94	95
3	95	96
3	96	97
3	97	98
3	98	99
3	99	100
3	100	101
3	101	102
3	102	103
3	103	104
3	104	105
3	105	106
3	106	107
3	107	108
3	108	109
3	109	110
3	110	111
3	111	112
3	112	113
3	113	114
3	114	115
3	115	116
3	116	117
3	117	118
3	118	119
3	119	120
3	120	121
3	121	122
3	122	123
3	123	124
3	124	125
3	125	126
3	126	127
3	127	128
3	128	129
3	129	130
3	130	131
3	131	132
3	132	133
3	133	134
3	134	135
3	135	136
3	136	137
3	137	138
3	138	139
3	139	140
3	140	141
3	141	142
3	142	143
3	143	144
3	144	145
3	145	146
3	146	147
3	147	148
3	148	149
3	149	150
3	150	151
3	151	152
3	152	153
3	153	154
3	154	155
3	155	156
3	156	157
3	157	158
3	158	159
3	159	160
3	160	161
3	161	162
3	162	163
3	163	164
3	164	165
3	165	166
3	166	167
3	167	168
3	168	169
3	169	170
3	170	171
3	171	172
3	172	173
3	173	174
3	174	175
3	175	176
3	176	177
3	177	178
3	178	179
3	179	180
3	180	181
3	181	182
3	182	183
3	183	184
3	184	185
3	185	186
3	186	187
3	187	188
3	188	189
3	189	190
3	190	191
3	191	192
3	192	193
3	193	194
3	194	195
3	195	196
3	196	197
3	197	198
3	198	199
MARKER_TAG= farfield
MARKER_ELEMS= 50
3	200	201
3	201	202
3	202	203
3	203	204
3	204	205
3	205	206
3	206	207
3	207	208
3	208	209
3	209	210
3	210	211
3	211	212
3	212	213
3	213	214
3	214	215
3	215	216
3	216	217
3	217	218
3	218	219
3	219	220
3	220	221
3	221	222
3	222	223
3	223	224
3	224	225
3	225	226
3	226	227
3	227	228
3	228	229
3	229	230
3	230	231
3	231	232
3	232	233
3	233	234
3	234	235
3	235	236
3	236	237
3	237	238
3	238	239
3	239	240
3	240	241
3	241	242
3	242	243
3	243	244
3	244	245
3	245	246
3	246	247
3	247	248
3	248	249
3	249	200
