
-------------------------------------------------------------------------
|    ___ _   _ ___                                                      |
|   / __| | | |_  )   Release 8.3.0 "Harrier"                           |
|   \__ \ |_| |/ /                                                      |
|   |___/\___//___|   Suite (Computational Fluid Dynamics Code)         |
|                                                                       |
-------------------------------------------------------------------------
| SU2 Project Website: https://su2code.github.io                        |
|                                                                       |
| The SU2 Project is maintained by the SU2 Foundation                   |
| (http://su2foundation.org)                                            |
-------------------------------------------------------------------------
| Copyright 2012-2025, SU2 Contributors                                 |
|                                                                       |
| SU2 is free software; you can redistribute it and/or                  |
| modify it under the terms of the GNU Lesser General Public            |
| License as published by the Free Software Foundation; either          |
| version 2.1 of the License, or (at your option) any later version.    |
|                                                                       |
| SU2 is distributed in the hope that it will be useful,                |
| but WITHOUT ANY WARRANTY; without even the implied warranty of        |
| MERCHANTABILITY or FITNESS FOR A PARTICULAR PURPOSE. See the GNU      |
| Lesser General Public License for more details.                       |
|                                                                       |
| You should have received a copy of the GNU Lesser General Public      |
| License along with SU2. If not, see <http://www.gnu.org/licenses/>.   |
-------------------------------------------------------------------------

Parsing config file for zone 0

----------------- Physical Case Definition ( Zone 0 ) -------------------
Compressible Euler equations.
Mach number: 0.8.
Angle of attack (AoA): 1.25 deg, and angle of sideslip (AoS): 0 deg.
Fixed CL mode, target value: 0.326.
Reading and writing binary SU2 native restart files.
Read flow solution from: solution_flow.
Non-Dimensional simulation (P=1.0, Rho=1.0, T=1.0 at the farfield).
The reference area is 1 m^2.
The semi-span will be computed using the max y(3D) value.
The reference length is 1 m.
Reference origin for moment evaluation is (0.25, 0, 0).
Surface(s) where the force coefficients are evaluated: airfoil.

Surface(s) plotted in the output file: airfoil.
Surface(s) affected by the design variables: airfoil.
Input mesh file name: mesh_NACA0012_inv_deform.su2

--------------- Space Numerical Integration ( Zone 0 ) ------------------
Jameson-Schmidt-Turkel scheme (2nd order in space) for the flow inviscid terms.
JST viscous coefficients (2nd & 4th): 0.5, 0.02.
The method includes a grid stretching correction (p = 0.3).
Gradient for viscous and source terms: Green-Gauss.

--------------- Time Numerical Integration  ( Zone 0 ) ------------------
Local time stepping (steady state simulation).
Euler implicit method for the flow equations.
FGMRES is used for solving the linear system.
Using a LU-SGS preconditioning.
Convergence criteria of the linear solver: 0.0001.
Max number of linear iterations: 2.
V Multigrid Cycle, with 2 multigrid levels.
Damping factor for the residual restriction: 1.
Damping factor for the correction prolongation: 1.
No CFL adaptation.
+-------------------------------------------+
|  MG Level| Presmooth|PostSmooth|CorrectSmo|
+-------------------------------------------+
|         0|         1|         0|         0|
|         1|         2|         0|         0|
|         2|         3|         0|         0|
+-------------------------------------------+
Courant-Friedrichs-Lewy number:       10

------------------ Convergence Criteria  ( Zone 0 ) ---------------------
Maximum number of solver subiterations: 1250.
Begin convergence monitoring at iteration 10.
Residual minimum value: 1e-13.
Cauchy series min. value: 1e-06.
Number of Cauchy elements: 100.
Begin windowed time average at iteration 0.

-------------------- Output Information ( Zone 0 ) ----------------------
File writing frequency: 
+------------------------------------+
|                     File| Frequency|
+------------------------------------+
|                  RESTART|       250|
|                 PARAVIEW|       250|
|         SURFACE_PARAVIEW|       250|
|              SURFACE_CSV|       250|
+------------------------------------+
Writing the convergence history file every 1 inner iterations.
Writing the screen convergence history every 1 inner iterations.
The tabular file format is CSV (.csv).
Convergence history file name: history_direct.
Forces breakdown file name: forces_breakdown.dat.
Surface file name: surface_flow.
Volume file name: flow.
Restart file name: restart_flow.

------------- Config File Boundary Information ( Zone 0 ) ---------------
+-----------------------------------------------------------------------+
|                        Marker Type|                        Marker Name|
+-----------------------------------------------------------------------+
|                         Euler wall|                            airfoil|
+-----------------------------------------------------------------------+
|                          Far-field|                           farfield|
+-----------------------------------------------------------------------+

-------------------- Output Preprocessing ( Zone 0 ) --------------------

WARNING: SURFACE_PRESSURE_DROP can only be computed for at least 2 surfaces (outlet, inlet, ...)

Screen output fields: INNER_ITER, RMS_DENSITY, RMS_ENERGY, LIFT, DRAG
History output group(s): ITER, RMS_RES, AERO_COEFF
Convergence field(s): RMS_DENSITY
Warning: No (valid) fields chosen for time convergence monitoring. Time convergence monitoring inactive.
Volume output fields: COORDINATES, SOLUTION, PRIMITIVE

------------------- Geometry Preprocessing ( Zone 0 ) -------------------
Two dimensional problem.
5233 grid points.
10216 volume elements.
2 surface markers.
200 boundary elements in index 0 (Marker = airfoil).
50 boundary elements in index 1 (Marker = farfield).
10216 triangles.
Setting point connectivity.
Renumbering points (Reverse Cuthill McKee Ordering).
Recomputing point connectivity.
Setting element connectivity.
Checking the numerical grid orientation.
All volume elements are correctly oriented.
All surface elements are correctly oriented.
Identifying edges and vertices.
Setting the control volume structure.
Area of the computational grid: 1253.25.
Searching for the closest normal neighbors to the surfaces.
Storing a mapping from global to local point index.
Compute the surface curvature.
Max K: 7835.1. Mean K: 34.6475. Standard deviation K: 494.41.
Checking for periodicity.
Computing mesh quality statistics for the dual control volumes.
+--------------------------------------------------------------+
|           Mesh Quality Metric|        Minimum|        Maximum|
+--------------------------------------------------------------+
|    Orthogonality Angle (deg.)|         62.924|        89.6215|
|     CV Face Area Aspect Ratio|        1.00007|        7.19263|
|           CV Sub-Volume Ratio|         1.0021|        6.47415|
+--------------------------------------------------------------+
Setting the multigrid structure.
+-------------------------------------------+
|  MG Level|       CVs|Aggl. Rate|       CFL|
+-------------------------------------------+
|         0|      5233|    1/1.00|        10|
|         1|      1690|     1/3.1|   8.52431|
|         2|       649|     1/2.6|   7.92373|
+-------------------------------------------+
Finding max control volume width.
Wetted area = 2.04553 m.
Area projection in the x-plane = 0.117689 m, y-plane = 0.999845 m.
Max. coordinate in the x-direction = 1 m, y-direction = 0.0599475 m.
Min. coordinate in the x-direction = 0 m, y-direction = -0.0577799 m.
Computing wall distances.

-------------------- Solver Preprocessing ( Zone 0 ) --------------------
WARNING: AoA in the solution file (0.405695 deg.) +
         AoA offset in mesh file (0 deg.) = 0.405695 deg.
WARNING: SU2 will use the dCD/dCL provided in the direct solution file: -0.0488869.
WARNING: SU2 will use the dCMz/dCL provided in the direct solution file: -0.0266476.
Inviscid flow: Computing density based on free-stream
temperature and pressure using the ideal gas law.
Force coefficients computed using free-stream values.

-- Models:
+------------------------------------------------------------------------------+
|          Viscosity Model|        Conductivity Model|              Fluid Model|
+------------------------------------------------------------------------------+
|                        -|                         -|             STANDARD_AIR|
+------------------------------------------------------------------------------+
-- Fluid properties:
+------------------------------------------------------------------------------+
|                  Name|    Dim. value|    Ref. value|      Unit|Non-dim. value|
+------------------------------------------------------------------------------+
|          Gas Constant|       287.058|       287.058|  N.m/kg.K|             1|
|      Spec. Heat Ratio|             -|             -|         -|           1.4|
+------------------------------------------------------------------------------+
-- Initial and free-stream conditions:
+------------------------------------------------------------------------------+
|                  Name|    Dim. value|    Ref. value|      Unit|Non-dim. value|
+------------------------------------------------------------------------------+
|       Static Pressure|        101325|        101325|        Pa|             1|
|               Density|       1.22498|       1.22498|    kg/m^3|             1|
|           Temperature|        288.15|        288.15|         K|             1|
|          Total Energy|        243846|       82715.8|   m^2/s^2|         2.948|
|            Velocity-X|       272.231|       287.603|       m/s|      0.946549|
|            Velocity-Y|       1.92762|       287.603|       m/s|    0.00670235|
|    Velocity Magnitude|       272.238|       287.603|       m/s|      0.946573|
+------------------------------------------------------------------------------+
|           Mach Number|             -|             -|         -|           0.8|
+------------------------------------------------------------------------------+
Initialize Jacobian structure (Euler). MG level: 0.
Initialize Jacobian structure (Euler). MG level: 1.
Initialize Jacobian structure (Euler). MG level: 2.

------------------- Numerics Preprocessing ( Zone 0 ) -------------------

----------------- Integration Preprocessing ( Zone 0 ) ------------------

------------------- Iteration Preprocessing ( Zone 0 ) ------------------
Euler/Navier-Stokes/RANS fluid iteration.

------------------------------ Begin Solver -----------------------------

Simulation Run using the Single-zone Driver
WARNING: SU2 was not compiled for an AVX-capable architecture. Performance could be better,
         see https://su2code.github.io/docs_v7/Build-SU2-Linux-MacOS/#compiler-optimizations
WARNING: SU2 was not compiled for an AVX-capable architecture. Performance could be better,
         see https://su2code.github.io/docs_v7/Build-SU2-Linux-MacOS/#compiler-optimizations
WARNING: SU2 was not compiled for an AVX-capable architecture. Performance could be better,
         see https://su2code.github.io/docs_v7/Build-SU2-Linux-MacOS/#compiler-optimizations
+----------------------------------------------------------------+
|  Inner_Iter|    rms[Rho]|   rms[RhoE]|          CL|          CD|
+----------------------------------------------------------------+
|           0|   -5.214578|   -4.618196|    0.326054|    0.013907|
|           1|   -5.438569|   -4.840402|    0.328403|    0.011167|
|           2|   -5.358775|   -4.771634|    0.330465|    0.010496|
|           3|   -5.333258|   -4.744822|    0.330019|    0.010507|
|           4|   -5.265054|   -4.679027|    0.330777|    0.010222|
|           5|   -5.225843|   -4.645704|    0.332324|    0.010025|
|           6|   -5.219969|   -4.646056|    0.333440|    0.009936|
|           7|   -5.196207|   -4.622076|    0.334462|    0.009872|
|           8|   -5.174742|   -4.602184|    0.335575|    0.009802|
|           9|   -5.174042|   -4.605656|    0.336675|    0.009730|
|          10|   -5.176295|   -4.610748|    0.337738|    0.009674|
|          11|   -5.178616|   -4.614377|    0.338769|    0.009626|
|          12|   -5.179281|   -4.615249|    0.339776|    0.009575|
|          13|   -5.181472|   -4.617056|    0.340755|    0.009517|
|          14|   -5.186581|   -4.622086|    0.341692|    0.009456|
|          15|   -5.192303|   -4.628342|    0.342572|    0.009393|
|          16|   -5.197866|   -4.634858|    0.343389|    0.009327|
|          17|   -5.202945|   -4.641045|    0.344151|    0.009257|
|          18|   -5.206812|   -4.646057|    0.344864|    0.009182|
|          19|   -5.209001|   -4.649471|    0.345530|    0.009102|
|          20|   -5.208953|   -4.650823|    0.346149|    0.009019|
|          21|   -5.205934|   -4.649396|    0.346722|    0.008935|
|          22|   -5.199480|   -4.644556|    0.347255|    0.008852|
|          23|   -5.189663|   -4.636062|    0.347753|    0.008770|
|          24|   -5.177226|   -4.624444|    0.348223|    0.008691|
|          25|   -5.163083|   -4.610651|    0.348667|    0.008617|
|          26|   -5.148139|   -4.595798|    0.349094|    0.008547|
|          27|   -5.133244|   -4.580926|    0.349506|    0.008482|
|          28|   -5.119078|   -4.566798|    0.349901|    0.008421|
|          29|   -5.106202|   -4.554017|    0.350283|    0.008365|
|          30|   -5.094810|   -4.542776|    0.350657|    0.008313|
|          31|   -5.085186|   -4.533291|    0.351030|    0.008265|
|          32|   -5.078126|   -4.526416|    0.351409|    0.008219|
|          33|   -5.072956|   -4.521376|    0.351798|    0.008175|
|          34|   -5.069540|   -4.517981|    0.352198|    0.008131|
|          35|   -5.067705|   -4.516079|    0.352616|    0.008088|
|          36|   -5.067127|   -4.515348|    0.353051|    0.008045|
|          37|   -5.067412|   -4.515420|    0.353501|    0.008001|
|          38|   -5.068296|   -4.516071|    0.353973|    0.007957|
|          39|   -5.069734|   -4.517207|    0.354466|    0.007911|
|          40|   -5.071477|   -4.518552|    0.354981|    0.007865|
|          41|   -5.073427|   -4.520051|    0.355509|    0.007817|
|          42|   -5.075413|   -4.521536|    0.356039|    0.007767|
|          43|   -5.077819|   -4.523358|    0.356571|    0.007715|
|          44|   -5.080856|   -4.525757|    0.357108|    0.007663|
|          45|   -5.084535|   -4.528878|    0.357653|    0.007609|
|          46|   -5.089060|   -4.532987|    0.358204|    0.007556|
|          47|   -5.094599|   -4.538273|    0.358760|    0.007503|
|          48|   -5.101304|   -4.544956|    0.359311|    0.007451|
|          49|   -5.108927|   -4.552788|    0.359855|    0.007400|
|          50|   -5.116836|   -4.561098|    0.360392|    0.007350|
|          51|   -5.124373|   -4.569230|    0.360933|    0.006219|
+-----------------------------------------------------------------------+
|Fixed CL Mode                           |Value                         |
+-----------------------------------------------------------------------+
|Current CL                              |0.360933                      |
|Target CL                               |0.326                         |
|Previous AOA                            |0.405695                      |
|Changed AoA by                          |-0.171958                     |
+-----------------------------------------------------------------------+
+----------------------------------------------------------------+
|  Inner_Iter|    rms[Rho]|   rms[RhoE]|          CL|          CD|
+----------------------------------------------------------------+
|          52|   -3.576403|   -2.969765|    0.361374|    0.006173|
|          53|   -3.873766|   -3.263284|    0.360619|    0.006130|
|          54|   -4.115442|   -3.522028|    0.356142|    0.006057|
|          55|   -4.311607|   -3.701892|    0.349117|    0.005961|
|          56|   -4.469442|   -3.871791|    0.342803|    0.005920|
|          57|   -4.563001|   -3.966940|    0.339345|    0.005875|
|          58|   -4.690610|   -4.093244|    0.338725|    0.005824|
|          59|   -4.718633|   -4.119883|    0.339007|    0.005772|
|          60|   -4.767616|   -4.167714|    0.338492|    0.005693|
|          61|   -4.875282|   -4.282306|    0.337303|    0.005624|
|          62|   -4.944093|   -4.359986|    0.336095|    0.005575|
|          63|   -4.968632|   -4.383349|    0.335065|    0.005535|
|          64|   -5.018619|   -4.433914|    0.334164|    0.005504|
|          65|   -5.084449|   -4.506392|    0.333381|    0.005486|
|          66|   -5.128745|   -4.556491|    0.332721|    0.005482|
|          67|   -5.159485|   -4.588711|    0.332134|    0.005488|
|          68|   -5.188848|   -4.618436|    0.331543|    0.005501|
|          69|   -5.214856|   -4.645697|    0.330936|    0.005524|
|          70|   -5.237038|   -4.670105|    0.330349|    0.005557|
|          71|   -5.257313|   -4.692984|    0.329795|    0.005600|
|          72|   -5.274676|   -4.712648|    0.329258|    0.005651|
|          73|   -5.287773|   -4.727392|    0.328726|    0.005710|
|          74|   -5.297045|   -4.737908|    0.328208|    0.005776|
|          75|   -5.303503|   -4.745503|    0.327714|    0.005846|
|          76|   -5.307839|   -4.750828|    0.327240|    0.005921|
|          77|   -5.310648|   -4.754429|    0.326779|    0.005998|
|          78|   -5.311277|   -4.755576|    0.326329|    0.006077|
|          79|   -5.309838|   -4.754433|    0.325889|    0.006158|
|          80|   -5.306542|   -4.751315|    0.325464|    0.006239|
|          81|   -5.301717|   -4.746603|    0.325053|    0.006321|
|          82|   -5.295712|   -4.740648|    0.324656|    0.006403|
|          83|   -5.288847|   -4.733739|    0.324268|    0.006484|
|          84|   -5.281468|   -4.726220|    0.323889|    0.006565|
|          85|   -5.273830|   -4.718372|    0.323518|    0.006644|
|          86|   -5.266191|   -4.710480|    0.323154|    0.006722|
|          87|   -5.258777|   -4.702836|    0.322797|    0.006800|
|          88|   -5.251649|   -4.695538|    0.322447|    0.006876|
|          89|   -5.244873|   -4.688612|    0.322104|    0.006952|
|          90|   -5.238577|   -4.682176|    0.321763|    0.007027|
|          91|   -5.232556|   -4.676043|    0.321421|    0.007100|
|          92|   -5.226934|   -4.670373|    0.321072|    0.007173|
|          93|   -5.222034|   -4.665487|    0.320721|    0.007246|
|          94|   -5.217691|   -4.661099|    0.320363|    0.007318|
|          95|   -5.213541|   -4.656917|    0.319993|    0.007388|
|          96|   -5.209506|   -4.652999|    0.319633|    0.007461|
|          97|   -5.205764|   -4.649534|    0.319267|    0.007534|
|          98|   -5.201888|   -4.646020|    0.318888|    0.007606|
|          99|   -5.197515|   -4.641998|    0.318500|    0.007679|
|         100|   -5.192466|   -4.637220|    0.318096|    0.007751|
|         101|   -5.187212|   -4.632218|    0.317668|    0.008039|
+-----------------------------------------------------------------------+
|Fixed CL Mode                           |Value                         |
+-----------------------------------------------------------------------+
|Current CL                              |0.317668                      |
|Target CL                               |0.326                         |
|Previous AOA                            |0.233737                      |
|Changed AoA by                          |0.0395216                     |
+-----------------------------------------------------------------------+
+----------------------------------------------------------------+
|  Inner_Iter|    rms[Rho]|   rms[RhoE]|          CL|          CD|
+----------------------------------------------------------------+
|         102|   -4.212509|   -3.606452|    0.317261|    0.008104|
|         103|   -4.503689|   -3.895060|    0.317114|    0.008168|
|         104|   -4.726665|   -4.137302|    0.317818|    0.008238|
|         105|   -4.886355|   -4.289180|    0.319121|    0.008311|
|         106|   -4.990783|   -4.410152|    0.320239|    0.008370|
|         107|   -5.040890|   -4.466225|    0.320665|    0.008428|
|         108|   -5.094034|   -4.525478|    0.320424|    0.008487|
|         109|   -5.104590|   -4.537286|    0.319993|    0.008546|
|         110|   -5.120407|   -4.555305|    0.319733|    0.008610|
|         111|   -5.145451|   -4.586589|    0.319620|    0.008671|
|         112|   -5.156623|   -4.601747|    0.319518|    0.008727|
|         113|   -5.159938|   -4.605948|    0.319369|    0.008779|
|         114|   -5.165657|   -4.612998|    0.319182|    0.008827|
|         115|   -5.171291|   -4.620438|    0.318962|    0.008869|
|         116|   -5.174292|   -4.624581|    0.318707|    0.008907|
|         117|   -5.175873|   -4.626786|    0.318430|    0.008940|
|         118|   -5.176952|   -4.628339|    0.318147|    0.008970|
|         119|   -5.177929|   -4.629745|    0.317864|    0.008996|
|         120|   -5.179619|   -4.631866|    0.317575|    0.009018|
|         121|   -5.181765|   -4.634437|    0.317277|    0.009036|
|         122|   -5.183998|   -4.637059|    0.316975|    0.009051|
|         123|   -5.186338|   -4.639744|    0.316673|    0.009064|
|         124|   -5.188961|   -4.642648|    0.316370|    0.009073|
|         125|   -5.191854|   -4.645739|    0.316069|    0.009081|
|         126|   -5.194899|   -4.648862|    0.315772|    0.009086|
|         127|   -5.198185|   -4.652122|    0.315480|    0.009091|
|         128|   -5.201964|   -4.655788|    0.315195|    0.009094|
|         129|   -5.205714|   -4.659270|    0.314921|    0.009097|
|         130|   -5.209514|   -4.662714|    0.314657|    0.009099|
|         131|   -5.213450|   -4.666234|    0.314405|    0.009101|
|         132|   -5.217719|   -4.670067|    0.314166|    0.009102|
|         133|   -5.222430|   -4.674331|    0.313938|    0.009103|
|         134|   -5.227666|   -4.679117|    0.313723|    0.009105|
|         135|   -5.233969|   -4.685014|    0.313521|    0.009106|
|         136|   -5.241637|   -4.692311|    0.313330|    0.009108|
|         137|   -5.250459|   -4.700778|    0.313151|    0.009110|
|         138|   -5.260354|   -4.710341|    0.312981|    0.009112|
|         139|   -5.271346|   -4.721071|    0.312822|    0.009115|
|         140|   -5.282788|   -4.732247|    0.312675|    0.009117|
|         141|   -5.294769|   -4.744004|    0.312537|    0.009120|
|         142|   -5.307190|   -4.756210|    0.312409|    0.009122|
|         143|   -5.319906|   -4.768710|    0.312292|    0.009125|
|         144|   -5.332612|   -4.781162|    0.312183|    0.009127|
|         145|   -5.345205|   -4.793469|    0.312080|    0.009129|
|         146|   -5.357713|   -4.805658|    0.311985|    0.009131|
|         147|   -5.370366|   -4.817984|    0.311895|    0.009133|
|         148|   -5.383262|   -4.830509|    0.311811|    0.009134|
|         149|   -5.396173|   -4.843041|    0.311732|    0.009136|
|         150|   -5.409053|   -4.855555|    0.311657|    0.009136|
|         151|   -5.422140|   -4.868286|    0.311574|    0.009527|
+-----------------------------------------------------------------------+
|Fixed CL Mode                           |Value                         |
+-----------------------------------------------------------------------+
|Current CL                              |0.311574                      |
|Target CL                               |0.326                         |
|Previous AOA                            |0.273258                      |
|Changed AoA by                          |0.0717138                     |
+-----------------------------------------------------------------------+
+----------------------------------------------------------------+
|  Inner_Iter|    rms[Rho]|   rms[RhoE]|          CL|          CD|
+----------------------------------------------------------------+
|         152|   -3.956191|   -3.349552|    0.311524|    0.009527|
|         153|   -4.253131|   -3.642739|    0.311984|    0.009526|
|         154|   -4.494482|   -3.901190|    0.313998|    0.009538|
|         155|   -4.690547|   -4.081052|    0.317068|    0.009560|
|         156|   -4.848758|   -4.251332|    0.319838|    0.009556|
|         157|   -4.942097|   -4.346107|    0.321419|    0.009551|
|         158|   -5.070290|   -4.472578|    0.321799|    0.009548|
|         159|   -5.101051|   -4.501551|    0.321806|    0.009547|
|         160|   -5.153162|   -4.552125|    0.322154|    0.009559|
|         161|   -5.265055|   -4.670496|    0.322779|    0.009569|
|         162|   -5.337218|   -4.751482|    0.323402|    0.009571|
|         163|   -5.362300|   -4.775679|    0.323942|    0.009569|
|         164|   -5.412917|   -4.827723|    0.324421|    0.009561|
|         165|   -5.473917|   -4.896982|    0.324841|    0.009547|
|         166|   -5.502445|   -4.932793|    0.325202|    0.009526|
|         167|   -5.510178|   -4.943728|    0.325531|    0.009502|
|         168|   -5.510748|   -4.947111|    0.325860|    0.009475|
|         169|   -5.503523|   -4.943250|    0.326190|    0.009443|
|         170|   -5.490618|   -4.933610|    0.326507|    0.009408|
|         171|   -5.474832|   -4.920537|    0.326807|    0.009368|
|         172|   -5.456963|   -4.904570|    0.327098|    0.009326|
|         173|   -5.437775|   -4.886476|    0.327386|    0.009282|
|         174|   -5.418454|   -4.867710|    0.327667|    0.009236|
|         175|   -5.399911|   -4.849410|    0.327941|    0.009189|
|         176|   -5.382584|   -4.832103|    0.328208|    0.009142|
|         177|   -5.366644|   -4.816002|    0.328473|    0.009095|
|         178|   -5.352154|   -4.801217|    0.328735|    0.009049|
|         179|   -5.339135|   -4.787825|    0.328995|    0.009003|
|         180|   -5.327598|   -4.775882|    0.329253|    0.008958|
|         181|   -5.317525|   -4.765404|    0.329508|    0.008915|
|         182|   -5.308914|   -4.756410|    0.329761|    0.008873|
|         183|   -5.301761|   -4.748893|    0.330014|    0.008833|
|         184|   -5.296125|   -4.742927|    0.330268|    0.008795|
|         185|   -5.292005|   -4.738526|    0.330522|    0.008759|
|         186|   -5.289323|   -4.735613|    0.330774|    0.008725|
|         187|   -5.287674|   -4.733783|    0.331026|    0.008692|
|         188|   -5.287247|   -4.733235|    0.331283|    0.008662|
|         189|   -5.288250|   -4.734222|    0.331539|    0.008633|
|         190|   -5.290146|   -4.736170|    0.331799|    0.008605|
|         191|   -5.292804|   -4.738930|    0.332060|    0.008579|
|         192|   -5.296058|   -4.742358|    0.332320|    0.008554|
|         193|   -5.299930|   -4.746503|    0.332580|    0.008531|
|         194|   -5.303764|   -4.750637|    0.332843|    0.008509|
|         195|   -5.307294|   -4.754476|    0.333110|    0.008488|
|         196|   -5.310347|   -4.757777|    0.333380|    0.008467|
|         197|   -5.313090|   -4.760733|    0.333654|    0.008447|
|         198|   -5.315346|   -4.763146|    0.333931|    0.008428|
|         199|   -5.317159|   -4.765022|    0.334212|    0.008409|
|         200|   -5.318688|   -4.766524|    0.334493|    0.008390|
|         201|   -5.319979|   -4.767749|    0.334782|    0.008124|
+-----------------------------------------------------------------------+
|Fixed CL Mode                           |Value                         |
+-----------------------------------------------------------------------+
|Current CL                              |0.334782                      |
|Target CL                               |0.326                         |
|Previous AOA                            |0.344972                      |
|Changed AoA by                          |-0.0424667                    |
+-----------------------------------------------------------------------+
+----------------------------------------------------------------+
|  Inner_Iter|    rms[Rho]|   rms[RhoE]|          CL|          CD|
+----------------------------------------------------------------+
|         202|   -4.182712|   -3.576337|    0.335046|    0.008106|
|         203|   -4.477607|   -3.867903|    0.335016|    0.008089|
|         204|   -4.711642|   -4.120016|    0.334068|    0.008064|
|         205|   -4.892708|   -4.288689|    0.332482|    0.008034|
|         206|   -5.026538|   -4.437290|    0.331077|    0.008018|
|         207|   -5.100023|   -4.514830|    0.330384|    0.008002|
|         208|   -5.190359|   -4.608875|    0.330379|    0.007985|
|         209|   -5.214239|   -4.632310|    0.330595|    0.007968|
|         210|   -5.249522|   -4.668245|    0.330620|    0.007944|
|         211|   -5.312982|   -4.739693|    0.330474|    0.007921|
|         212|   -5.353451|   -4.786468|    0.330312|    0.007903|
|         213|   -5.375693|   -4.808360|    0.330185|    0.007887|
|         214|   -5.407929|   -4.841427|    0.330087|    0.007873|
|         215|   -5.445709|   -4.882618|    0.330013|    0.007863|
|         216|   -5.477190|   -4.916453|    0.329965|    0.007856|
|         217|   -5.505010|   -4.944882|    0.329931|    0.007852|
|         218|   -5.532798|   -4.972727|    0.329894|    0.007849|
|         219|   -5.560556|   -5.000616|    0.329847|    0.007848|
|         220|   -5.588525|   -5.028904|    0.329798|    0.007850|
|         221|   -5.617132|   -5.057936|    0.329749|    0.007853|
|         222|   -5.646060|   -5.087233|    0.329699|    0.007859|
|         223|   -5.674914|   -5.116240|    0.329645|    0.007867|
|         224|   -5.703762|   -5.145076|    0.329586|    0.007875|
|         225|   -5.732780|   -5.174071|    0.329525|    0.007885|
|         226|   -5.762106|   -5.203382|    0.329463|    0.007896|
|         227|   -5.791554|   -5.232762|    0.329399|    0.007906|
|         228|   -5.820969|   -5.262041|    0.329331|    0.007918|
|         229|   -5.850399|   -5.291290|    0.329260|    0.007929|
|         230|   -5.879665|   -5.320377|    0.329189|    0.007940|
|         231|   -5.908547|   -5.349127|    0.329117|    0.007952|
|         232|   -5.936694|   -5.377180|    0.329045|    0.007962|
|         233|   -5.963698|   -5.404099|    0.328973|    0.007973|
|         234|   -5.989336|   -5.429660|    0.328901|    0.007983|
|         235|   -6.013238|   -5.453484|    0.328830|    0.007993|
|         236|   -6.035069|   -5.475251|    0.328760|    0.008002|
|         237|   -6.054528|   -5.494688|    0.328690|    0.008011|
|         238|   -6.071388|   -5.511610|    0.328622|    0.008019|
|         239|   -6.085512|   -5.525918|    0.328556|    0.008027|
|         240|   -6.096851|   -5.537587|    0.328490|    0.008035|
|         241|   -6.105427|   -5.546648|    0.328426|    0.008042|
|         242|   -6.111333|   -5.553179|    0.328364|    0.008049|
|         243|   -6.114717|   -5.557301|    0.328303|    0.008056|
|         244|   -6.115779|   -5.559169|    0.328243|    0.008064|
|         245|   -6.114769|   -5.558986|    0.328184|    0.008071|
|         246|   -6.111956|   -5.556976|    0.328127|    0.008078|
|         247|   -6.107621|   -5.553386|    0.328071|    0.008085|
|         248|   -6.102055|   -5.548484|    0.328016|    0.008093|
|         249|   -6.095547|   -5.542552|    0.327962|    0.008100|
|         250|   -6.088363|   -5.535855|    0.327910|    0.008108|
+-----------------------------------------------------------------------+
|        File Writing Summary       |              Filename             |
+-----------------------------------------------------------------------+
|SU2 binary restart                 |restart_flow.dat                   |
Writing Flow Meta-Data file: flow.meta
|Paraview                           |flow.vtu                           |
Writing Flow Meta-Data file: flow.meta
|Paraview surface                   |surface_flow.vtu                   |
Writing Flow Meta-Data file: flow.meta
|CSV file                           |surface_flow.csv                   |
Writing Flow Meta-Data file: flow.meta
+-----------------------------------------------------------------------+
+----------------------------------------------------------------+
|  Inner_Iter|    rms[Rho]|   rms[RhoE]|          CL|          CD|
+----------------------------------------------------------------+
|         251|   -6.080739|   -5.528638|    0.327860|    0.008061|
+-----------------------------------------------------------------------+
|Fixed CL Mode                           |Value                         |
+-----------------------------------------------------------------------+
|Current CL                              |0.32786                       |
|Target CL                               |0.326                         |
|Previous AOA                            |0.302506                      |
|Changed AoA by                          |-0.00954774                   |
+-----------------------------------------------------------------------+
+----------------------------------------------------------------+
|  Inner_Iter|    rms[Rho]|   rms[RhoE]|          CL|          CD|
+----------------------------------------------------------------+
|         252|   -4.831574|   -4.224936|    0.327809|    0.008069|
|         253|   -5.126264|   -4.516602|    0.327691|    0.008077|
|         254|   -5.363543|   -4.771668|    0.327369|    0.008084|
|         255|   -5.548907|   -4.943476|    0.326908|    0.008089|
|         256|   -5.688514|   -5.097530|    0.326487|    0.008097|
|         257|   -5.759347|   -5.173105|    0.326223|    0.008106|
|         258|   -5.840051|   -5.259254|    0.326125|    0.008115|
|         259|   -5.847707|   -5.268866|    0.326075|    0.008123|
|         260|   -5.864596|   -5.289128|    0.325979|    0.008130|
|         261|   -5.898287|   -5.332699|    0.325849|    0.008136|
|         262|   -5.906808|   -5.347840|    0.325720|    0.008144|
|         263|   -5.901262|   -5.343636|    0.325604|    0.008152|
|         264|   -5.900481|   -5.345159|    0.325498|    0.008161|
|         265|   -5.898428|   -5.345936|    0.325400|    0.008170|
|         266|   -5.891027|   -5.339933|    0.325310|    0.008180|
|         267|   -5.882021|   -5.331523|    0.325224|    0.008190|
|         268|   -5.873259|   -5.323221|    0.325139|    0.008200|
|         269|   -5.864882|   -5.315235|    0.325054|    0.008211|
|         270|   -5.856862|   -5.307521|    0.324971|    0.008222|
|         271|   -5.849212|   -5.300097|    0.324890|    0.008234|
|         272|   -5.841947|   -5.292971|    0.324811|    0.008246|
|         273|   -5.835144|   -5.286226|    0.324732|    0.008257|
|         274|   -5.828864|   -5.279953|    0.324654|    0.008269|
|         275|   -5.823148|   -5.274205|    0.324576|    0.008282|
|         276|   -5.818093|   -5.269096|    0.324500|    0.008293|
|         277|   -5.813639|   -5.264587|    0.324425|    0.008305|
|         278|   -5.809803|   -5.260679|    0.324349|    0.008317|
|         279|   -5.806459|   -5.257244|    0.324274|    0.008328|
|         280|   -5.803591|   -5.254303|    0.324200|    0.008340|
|         281|   -5.801211|   -5.251841|    0.324126|    0.008350|
|         282|   -5.799322|   -5.249857|    0.324052|    0.008361|
|         283|   -5.797942|   -5.248375|    0.323980|    0.008371|
|         284|   -5.797175|   -5.247506|    0.323907|    0.008380|
|         285|   -5.796852|   -5.247066|    0.323836|    0.008390|
|         286|   -5.796958|   -5.247071|    0.323766|    0.008399|
|         287|   -5.797491|   -5.247505|    0.323696|    0.008407|
|         288|   -5.798446|   -5.248353|    0.323627|    0.008416|
|         289|   -5.799823|   -5.249621|    0.323559|    0.008424|
|         290|   -5.801606|   -5.251298|    0.323491|    0.008431|
|         291|   -5.803782|   -5.253371|    0.323424|    0.008439|
|         292|   -5.806294|   -5.255776|    0.323358|    0.008446|
|         293|   -5.809383|   -5.258768|    0.323293|    0.008452|
|         294|   -5.813240|   -5.262538|    0.323228|    0.008459|
|         295|   -5.817390|   -5.266571|    0.323163|    0.008465|
|         296|   -5.821777|   -5.270846|    0.323099|    0.008472|
|         297|   -5.826374|   -5.275334|    0.323036|    0.008478|
|         298|   -5.831085|   -5.279911|    0.322973|    0.008483|
|         299|   -5.835850|   -5.284501|    0.322910|    0.008489|
|         300|   -5.840819|   -5.289319|    0.322849|    0.008494|
|         301|   -5.845970|   -5.294351|    0.322786|    0.008589|
+-----------------------------------------------------------------------+
|Fixed CL Mode                           |Value                         |
+-----------------------------------------------------------------------+
|Current CL                              |0.322786                      |
|Target CL                               |0.326                         |
|Previous AOA                            |0.292958                      |
|Changed AoA by                          |0.0157545                     |
+-----------------------------------------------------------------------+
+----------------------------------------------------------------+
|  Inner_Iter|    rms[Rho]|   rms[RhoE]|          CL|          CD|
+----------------------------------------------------------------+
|         302|   -4.613842|   -4.007345|    0.322730|    0.008594|
|         303|   -4.909696|   -4.299679|    0.322785|    0.008599|
|         304|   -5.147176|   -4.554791|    0.323182|    0.008606|
|         305|   -5.335162|   -4.728696|    0.323814|    0.008616|
|         306|   -5.479767|   -4.887110|    0.324380|    0.008620|
|         307|   -5.561627|   -4.972195|    0.324682|    0.008623|
|         308|   -5.666480|   -5.079297|    0.324724|    0.008628|
|         309|   -5.692604|   -5.104583|    0.324683|    0.008632|
|         310|   -5.733622|   -5.145752|    0.324713|    0.008639|
|         311|   -5.811900|   -5.232489|    0.324805|    0.008645|
|         312|   -5.860742|   -5.288832|    0.324900|    0.008650|
|         313|   -5.884053|   -5.311533|    0.324978|    0.008653|
|         314|   -5.922015|   -5.350451|    0.325044|    0.008655|
|         315|   -5.967967|   -5.400844|    0.325098|    0.008656|
|         316|   -6.003427|   -5.439309|    0.325140|    0.008656|
|         317|   -6.033084|   -5.469485|    0.325176|    0.008654|
|         318|   -6.062845|   -5.499155|    0.325210|    0.008652|
|         319|   -6.092245|   -5.528783|    0.325246|    0.008648|
|         320|   -6.121202|   -5.558393|    0.325281|    0.008644|
|         321|   -6.150230|   -5.588332|    0.325313|    0.008639|
|         322|   -6.178530|   -5.617540|    0.325343|    0.008633|
|         323|   -6.204816|   -5.644564|    0.325374|    0.008626|
|         324|   -6.228473|   -5.668907|    0.325403|    0.008618|
|         325|   -6.249260|   -5.690512|    0.325432|    0.008611|
|         326|   -6.266762|   -5.708963|    0.325460|    0.008603|
|         327|   -6.280435|   -5.723601|    0.325488|    0.008595|
|         328|   -6.289858|   -5.733928|    0.325516|    0.008587|
|         329|   -6.294907|   -5.739807|    0.325544|    0.008579|
|         330|   -6.295840|   -5.741503|    0.325571|    0.008571|
|         331|   -6.293192|   -5.739537|    0.325598|    0.008564|
|         332|   -6.287629|   -5.734542|    0.325625|    0.008556|
|         333|   -6.279883|   -5.727225|    0.325652|    0.008549|
|         334|   -6.270684|   -5.718323|    0.325679|    0.008542|
|         335|   -6.260684|   -5.708515|    0.325706|    0.008536|
|         336|   -6.250427|   -5.698379|    0.325734|    0.008530|
|         337|   -6.240323|   -5.688351|    0.325761|    0.008524|
|         338|   -6.230665|   -5.678747|    0.325789|    0.008518|
|         339|   -6.221647|   -5.669775|    0.325817|    0.008513|
|         340|   -6.213389|   -5.661562|    0.325846|    0.008508|
|         341|   -6.205949|   -5.654170|    0.325875|    0.008504|
|         342|   -6.199347|   -5.647618|    0.325905|    0.008499|
|         343|   -6.193574|   -5.641894|    0.325935|    0.008495|
|         344|   -6.188605|   -5.636970|    0.325965|    0.008491|
|         345|   -6.184404|   -5.632807|    0.325996|    0.008487|
|         346|   -6.180933|   -5.629363|    0.326028|    0.008484|
|         347|   -6.178150|   -5.626593|    0.326060|    0.008480|
|         348|   -6.176018|   -5.624457|    0.326093|    0.008477|
|         349|   -6.174499|   -5.622919|    0.326125|    0.008474|
|         350|   -6.173560|   -5.621945|    0.326158|    0.008470|
|         351|   -6.173174|   -5.621508|    0.326192|    0.008463|
+-----------------------------------------------------------------------+
|Fixed CL Mode                           |Value                         |
+-----------------------------------------------------------------------+
|Current CL                              |0.326192                      |
|Target CL                               |0.326                         |
|Previous AOA                            |0.308712                      |
|Changed AoA by                          |-0.000792101                  |
+-----------------------------------------------------------------------+
+----------------------------------------------------------------+
|  Inner_Iter|    rms[Rho]|   rms[RhoE]|          CL|          CD|
+----------------------------------------------------------------+
|         352|   -5.855336|   -5.260561|    0.326224|    0.008460|
|         353|   -6.042605|   -5.461338|    0.326251|    0.008457|
|         354|   -6.122992|   -5.560629|    0.326261|    0.008454|
|         355|   -6.154215|   -5.594940|    0.326258|    0.008450|
|         356|   -6.168054|   -5.612920|    0.326258|    0.008448|
|         357|   -6.175267|   -5.621129|    0.326271|    0.008445|
|         358|   -6.182816|   -5.629330|    0.326297|    0.008442|
|         359|   -6.187998|   -5.634536|    0.326326|    0.008440|
|         360|   -6.193778|   -5.640333|    0.326351|    0.008437|
|         361|   -6.200351|   -5.647165|    0.326373|    0.008434|
|         362|   -6.206495|   -5.653420|    0.326393|    0.008432|
|         363|   -6.212655|   -5.659499|    0.326414|    0.008430|
|         364|   -6.219406|   -5.666174|    0.326435|    0.008427|
|         365|   -6.226354|   -5.673066|    0.326455|    0.008425|
|         366|   -6.233585|   -5.680259|    0.326476|    0.008423|
|         367|   -6.241171|   -5.687781|    0.326496|    0.008421|
|         368|   -6.249117|   -5.695651|    0.326515|    0.008420|
|         369|   -6.257397|   -5.703850|    0.326534|    0.008418|
|         370|   -6.266012|   -5.712383|    0.326552|    0.008416|
|         371|   -6.274969|   -5.721258|    0.326570|    0.008414|
|         372|   -6.284255|   -5.730467|    0.326588|    0.008413|
|         373|   -6.293845|   -5.739983|    0.326604|    0.008411|
|         374|   -6.303714|   -5.749780|    0.326621|    0.008410|
|         375|   -6.313840|   -5.759837|    0.326637|    0.008408|
|         376|   -6.324206|   -5.770138|    0.326653|    0.008407|
|         377|   -6.334793|   -5.780664|    0.326668|    0.008406|
|         378|   -6.345694|   -5.791543|    0.326682|    0.008404|
|         379|   -6.356785|   -5.802628|    0.326696|    0.008403|
|         380|   -6.368185|   -5.813978|    0.326710|    0.008402|
|         381|   -6.379905|   -5.825645|    0.326724|    0.008400|
|         382|   -6.391866|   -5.837579|    0.326737|    0.008399|
|         383|   -6.403974|   -5.849671|    0.326750|    0.008398|
|         384|   -6.416151|   -5.861831|    0.326763|    0.008397|
|         385|   -6.428349|   -5.874014|    0.326776|    0.008396|
|         386|   -6.440551|   -5.886202|    0.326788|    0.008394|
|         387|   -6.452750|   -5.898389|    0.326801|    0.008393|
|         388|   -6.464956|   -5.910585|    0.326813|    0.008392|
|         389|   -6.477151|   -5.922772|    0.326825|    0.008391|
|         390|   -6.489329|   -5.934946|    0.326836|    0.008390|
|         391|   -6.501479|   -5.947096|    0.326848|    0.008389|
|         392|   -6.513592|   -5.959213|    0.326859|    0.008388|
|         393|   -6.525661|   -5.971292|    0.326870|    0.008387|
|         394|   -6.537671|   -5.983316|    0.326881|    0.008386|
|         395|   -6.549613|   -5.995274|    0.326892|    0.008385|
|         396|   -6.561477|   -6.007157|    0.326903|    0.008384|
|         397|   -6.573256|   -6.018956|    0.326914|    0.008383|
|         398|   -6.584943|   -6.030666|    0.326925|    0.008382|
|         399|   -6.596531|   -6.042279|    0.326935|    0.008381|
|         400|   -6.608016|   -6.053790|    0.326946|    0.008380|
|         401|   -6.619543|   -6.065373|    0.326957|    0.008353|
+-----------------------------------------------------------------------+
|Fixed CL Mode                           |Value                         |
+-----------------------------------------------------------------------+
|Current CL                              |0.326957                      |
|Target CL                               |0.326                         |
|Previous AOA                            |0.30792                       |
|Changed AoA by                          |-0.00472846                   |
+-----------------------------------------------------------------------+
+----------------------------------------------------------------+
|  Inner_Iter|    rms[Rho]|   rms[RhoE]|          CL|          CD|
+----------------------------------------------------------------+
|         402|   -5.137068|   -4.530434|    0.326966|    0.008352|
|         403|   -5.434185|   -4.823761|    0.326942|    0.008351|
|         404|   -5.675545|   -5.082231|    0.326815|    0.008350|
|         405|   -5.871519|   -5.261994|    0.326618|    0.008347|
|         406|   -6.029327|   -5.431929|    0.326442|    0.008347|
|         407|   -6.122662|   -5.526840|    0.326344|    0.008346|
|         408|   -6.250698|   -5.653439|    0.326325|    0.008346|
|         409|   -6.280947|   -5.681979|    0.326331|    0.008345|
|         410|   -6.332228|   -5.731747|    0.326314|    0.008344|
|         411|   -6.443289|   -5.849328|    0.326280|    0.008342|
|         412|   -6.515887|   -5.930668|    0.326245|    0.008342|
|         413|   -6.543057|   -5.956520|    0.326216|    0.008341|
|         414|   -6.597415|   -6.011228|    0.326190|    0.008341|
|         415|   -6.668378|   -6.088862|    0.326168|    0.008341|
|         416|   -6.713371|   -6.139847|    0.326150|    0.008342|
|         417|   -6.740801|   -6.168941|    0.326133|    0.008343|
|         418|   -6.764470|   -6.193609|    0.326117|    0.008344|
|         419|   -6.781349|   -6.212826|    0.326100|    0.008346|
|         420|   -6.790942|   -6.225847|    0.326084|    0.008348|
|         421|   -6.795362|   -6.233961|    0.326069|    0.008350|
|         422|   -6.794270|   -6.236077|    0.326054|    0.008352|
|         423|   -6.787442|   -6.231618|    0.326040|    0.008354|
|         424|   -6.776423|   -6.222344|    0.326026|    0.008357|
|         425|   -6.762899|   -6.210210|    0.326012|    0.008360|
|         426|   -6.748138|   -6.196499|    0.325998|    0.008363|
|         427|   -6.732881|   -6.181915|    0.325985|    0.008365|
|         428|   -6.717597|   -6.167002|    0.325972|    0.008368|
|         429|   -6.702629|   -6.152205|    0.325958|    0.008371|
|         430|   -6.688262|   -6.137897|    0.325945|    0.008374|
|         431|   -6.674689|   -6.124318|    0.325932|    0.008376|
|         432|   -6.662016|   -6.111592|    0.325920|    0.008379|
|         433|   -6.650307|   -6.099789|    0.325907|    0.008381|
|         434|   -6.639602|   -6.088963|    0.325894|    0.008384|
|         435|   -6.629922|   -6.079151|    0.325882|    0.008386|
|         436|   -6.621267|   -6.070366|    0.325869|    0.008388|
|         437|   -6.613620|   -6.062601|    0.325857|    0.008390|
|         438|   -6.606955|   -6.055835|    0.325844|    0.008392|
|         439|   -6.601227|   -6.050028|    0.325832|    0.008394|
|         440|   -6.596385|   -6.045127|    0.325820|    0.008396|
|         441|   -6.592370|   -6.041074|    0.325807|    0.008398|
|         442|   -6.589122|   -6.037804|    0.325795|    0.008399|
|         443|   -6.586527|   -6.035196|    0.325782|    0.008401|
|         444|   -6.584595|   -6.033263|    0.325769|    0.008402|
|         445|   -6.583275|   -6.031947|    0.325757|    0.008404|
|         446|   -6.582500|   -6.031178|    0.325744|    0.008405|
|         447|   -6.581973|   -6.030603|    0.325731|    0.008407|
|         448|   -6.581936|   -6.030515|    0.325718|    0.008408|
|         449|   -6.582285|   -6.030855|    0.325706|    0.008409|
|         450|   -6.583017|   -6.031581|    0.325693|    0.008410|
|         451|   -6.584130|   -6.032674|    0.325681|    0.008420|
+-----------------------------------------------------------------------+
|Fixed CL Mode                           |Value                         |
+-----------------------------------------------------------------------+
|Current CL                              |0.325681                      |
|Target CL                               |0.326                         |
|Previous AOA                            |0.303192                      |
|Changed AoA by                          |0.00153385                    |
+-----------------------------------------------------------------------+
+----------------------------------------------------------------+
|  Inner_Iter|    rms[Rho]|   rms[RhoE]|          CL|          CD|
+----------------------------------------------------------------+
|         452|   -5.623500|   -5.017475|    0.325669|    0.008422|
|         453|   -5.914453|   -5.305988|    0.325668|    0.008423|
|         454|   -6.138240|   -5.549109|    0.325700|    0.008424|
|         455|   -6.300640|   -5.703475|    0.325756|    0.008426|
|         456|   -6.409801|   -5.828898|    0.325805|    0.008427|
|         457|   -6.464809|   -5.889164|    0.325828|    0.008428|
|         458|   -6.525973|   -5.955626|    0.325826|    0.008429|
|         459|   -6.542416|   -5.972378|    0.325816|    0.008430|
|         460|   -6.564956|   -5.996145|    0.325813|    0.008432|
|         461|   -6.600757|   -6.037867|    0.325816|    0.008433|
|         462|   -6.622651|   -6.063564|    0.325820|    0.008434|
|         463|   -6.635791|   -6.076746|    0.325823|    0.008435|
|         464|   -6.653403|   -6.094939|    0.325824|    0.008436|
|         465|   -6.673194|   -6.116336|    0.325825|    0.008436|
|         466|   -6.690699|   -6.134839|    0.325824|    0.008437|
|         467|   -6.707161|   -6.151575|    0.325823|    0.008437|
|         468|   -6.723899|   -6.168357|    0.325822|    0.008438|
|         469|   -6.741112|   -6.185595|    0.325821|    0.008438|
|         470|   -6.758979|   -6.203509|    0.325820|    0.008438|
|         471|   -6.777624|   -6.222212|    0.325819|    0.008438|
|         472|   -6.796974|   -6.241580|    0.325818|    0.008438|
|         473|   -6.816923|   -6.261479|    0.325817|    0.008438|
|         474|   -6.837480|   -6.281937|    0.325816|    0.008438|
|         475|   -6.858717|   -6.303056|    0.325815|    0.008437|
|         476|   -6.880678|   -6.324884|    0.325814|    0.008437|
|         477|   -6.903369|   -6.347418|    0.325813|    0.008437|
|         478|   -6.926776|   -6.370640|    0.325812|    0.008437|
|         479|   -6.950877|   -6.394535|    0.325811|    0.008436|
|         480|   -6.975652|   -6.419095|    0.325810|    0.008436|
|         481|   -7.001084|   -6.444304|    0.325809|    0.008436|
|         482|   -7.027144|   -6.470128|    0.325808|    0.008435|
|         483|   -7.053802|   -6.496528|    0.325807|    0.008435|
|         484|   -7.081036|   -6.523476|    0.325807|    0.008435|
|         485|   -7.108841|   -6.550964|    0.325806|    0.008434|
|         486|   -7.137219|   -6.578995|    0.325805|    0.008434|
|         487|   -7.166180|   -6.607584|    0.325805|    0.008434|
|         488|   -7.195744|   -6.636756|    0.325804|    0.008434|
|         489|   -7.225951|   -6.666560|    0.325804|    0.008433|
|         490|   -7.256908|   -6.697110|    0.325803|    0.008433|
|         491|   -7.288570|   -6.728368|    0.325803|    0.008433|
|         492|   -7.320783|   -6.760231|    0.325803|    0.008433|
|         493|   -7.353523|   -6.792652|    0.325803|    0.008433|
|         494|   -7.386896|   -6.825733|    0.325802|    0.008432|
|         495|   -7.420980|   -6.859575|    0.325802|    0.008432|
|         496|   -7.455757|   -6.894181|    0.325802|    0.008432|
|         497|   -7.491126|   -6.929462|    0.325802|    0.008432|
|         498|   -7.526920|   -6.965262|    0.325802|    0.008432|
|         499|   -7.562897|   -7.001357|    0.325803|    0.008432|
|         500|   -7.598730|   -7.037435|    0.325803|    0.008432|
+-----------------------------------------------------------------------+
|        File Writing Summary       |              Filename             |
+-----------------------------------------------------------------------+
|SU2 binary restart                 |restart_flow.dat                   |
Writing Flow Meta-Data file: flow.meta
|Paraview                           |flow.vtu                           |
Writing Flow Meta-Data file: flow.meta
|Paraview surface                   |surface_flow.vtu                   |
Writing Flow Meta-Data file: flow.meta
|CSV file                           |surface_flow.csv                   |
Writing Flow Meta-Data file: flow.meta
+-----------------------------------------------------------------------+
+----------------------------------------------------------------+
|  Inner_Iter|    rms[Rho]|   rms[RhoE]|          CL|          CD|
+----------------------------------------------------------------+
|         501|   -7.633985|   -7.073086|    0.325803|    0.008437|
+-----------------------------------------------------------------------+
|Fixed CL Mode                           |Value                         |
+-----------------------------------------------------------------------+
|Current CL                              |0.325803                      |
|Target CL                               |0.326                         |
|Previous AOA                            |0.304726                      |
|Changed AoA by                          |0.000985533                   |
+-----------------------------------------------------------------------+
+----------------------------------------------------------------+
|  Inner_Iter|    rms[Rho]|   rms[RhoE]|          CL|          CD|
+----------------------------------------------------------------+
|         502|   -5.818346|   -5.211644|    0.325804|    0.008437|
|         503|   -6.115688|   -5.505178|    0.325811|    0.008437|
|         504|   -6.358476|   -5.764893|    0.325840|    0.008437|
|         505|   -6.557349|   -5.946793|    0.325884|    0.008437|
|         506|   -6.720126|   -6.121011|    0.325923|    0.008437|
|         507|   -6.816389|   -6.218314|    0.325946|    0.008437|
|         508|   -6.949688|   -6.349089|    0.325952|    0.008437|
|         509|   -6.976746|   -6.375113|    0.325953|    0.008437|
|         510|   -7.025428|   -6.423069|    0.325959|    0.008437|
|         511|   -7.133664|   -6.539200|    0.325969|    0.008437|
|         512|   -7.194459|   -6.611008|    0.325979|    0.008437|
|         513|   -7.205126|   -6.622901|    0.325987|    0.008437|
|         514|   -7.236616|   -6.658623|    0.325995|    0.008437|
|         515|   -7.269740|   -6.701653|    0.326002|    0.008436|
|         516|   -7.273978|   -6.712533|    0.326007|    0.008436|
|         517|   -7.264992|   -6.706122|    0.326013|    0.008436|
|         518|   -7.253621|   -6.696761|    0.326018|    0.008435|
|         519|   -7.240072|   -6.685191|    0.326024|    0.008435|
|         520|   -7.225443|   -6.672245|    0.326029|    0.008434|
|         521|   -7.210781|   -6.658897|    0.326034|    0.008433|
|         522|   -7.196137|   -6.645139|    0.326039|    0.008433|
|         523|   -7.181660|   -6.631155|    0.326043|    0.008432|
|         524|   -7.167864|   -6.617636|    0.326048|    0.008431|
|         525|   -7.155030|   -6.604961|    0.326052|    0.008431|
|         526|   -7.143279|   -6.593251|    0.326057|    0.008430|
|         527|   -7.132611|   -6.582537|    0.326061|    0.008429|
|         528|   -7.122981|   -6.572803|    0.326065|    0.008429|
|         529|   -7.114335|   -6.564012|    0.326069|    0.008428|
|         530|   -7.106623|   -6.556136|    0.326074|    0.008427|
|         531|   -7.099803|   -6.549147|    0.326078|    0.008426|
|         532|   -7.093837|   -6.543011|    0.326082|    0.008426|
|         533|   -7.088693|   -6.537696|    0.326086|    0.008425|
|         534|   -7.084345|   -6.533180|    0.326090|    0.008424|
|         535|   -7.080768|   -6.529442|    0.326093|    0.008424|
|         536|   -7.077937|   -6.526458|    0.326097|    0.008423|
|         537|   -7.075821|   -6.524203|    0.326101|    0.008423|
|         538|   -7.074390|   -6.522645|    0.326105|    0.008422|
|         539|   -7.073608|   -6.521753|    0.326109|    0.008422|
|         540|   -7.073441|   -6.521490|    0.326113|    0.008421|
|         541|   -7.073851|   -6.521817|    0.326116|    0.008421|
|         542|   -7.074800|   -6.522696|    0.326120|    0.008420|
|         543|   -7.076251|   -6.524087|    0.326124|    0.008420|
|         544|   -7.078167|   -6.525953|    0.326128|    0.008420|
|         545|   -7.080514|   -6.528258|    0.326131|    0.008419|
|         546|   -7.083259|   -6.530966|    0.326135|    0.008419|
|         547|   -7.086370|   -6.534044|    0.326139|    0.008418|
|         548|   -7.089819|   -6.537463|    0.326143|    0.008418|
|         549|   -7.093579|   -6.541195|    0.326146|    0.008418|
|         550|   -7.097625|   -6.545213|    0.326150|    0.008417|
|         551|   -7.101935|   -6.549496|    0.326154|    0.008413|
+-----------------------------------------------------------------------+
|Fixed CL Mode                           |Value                         |
+-----------------------------------------------------------------------+
|Current CL                              |0.326154                      |
|Target CL                               |0.326                         |
|Previous AOA                            |0.305711                      |
|Changed AoA by                          |-0.000750164                  |
+-----------------------------------------------------------------------+
+----------------------------------------------------------------+
|  Inner_Iter|    rms[Rho]|   rms[RhoE]|          CL|          CD|
+----------------------------------------------------------------+
|         552|   -5.935806|   -5.329377|    0.326157|    0.008412|
|         553|   -6.231020|   -5.621203|    0.326155|    0.008412|
|         554|   -6.466506|   -5.874570|    0.326137|    0.008412|
|         555|   -6.650528|   -6.045490|    0.326108|    0.008411|
|         556|   -6.789041|   -6.198400|    0.326082|    0.008411|
|         557|   -6.866067|   -6.279212|    0.326068|    0.008411|
|         558|   -6.962062|   -6.378500|    0.326067|    0.008410|
|         559|   -6.986461|   -6.402379|    0.326070|    0.008410|
|         560|   -7.023478|   -6.439977|    0.326069|    0.008410|
|         561|   -7.091194|   -6.516060|    0.326065|    0.008409|
|         562|   -7.133025|   -6.564690|    0.326062|    0.008409|
|         563|   -7.153933|   -6.585248|    0.326058|    0.008409|
|         564|   -7.186033|   -6.618348|    0.326056|    0.008408|
|         565|   -7.224014|   -6.660077|    0.326054|    0.008408|
|         566|   -7.254442|   -6.692976|    0.326053|    0.008408|
|         567|   -7.280886|   -6.719952|    0.326051|    0.008408|
|         568|   -7.307535|   -6.746611|    0.326050|    0.008408|
|         569|   -7.334440|   -6.773667|    0.326049|    0.008408|
|         570|   -7.361837|   -6.801446|    0.326048|    0.008408|
|         571|   -7.390194|   -6.830302|    0.326047|    0.008409|
|         572|   -7.419175|   -6.859709|    0.326046|    0.008409|
|         573|   -7.448199|   -6.888964|    0.326045|    0.008409|
|         574|   -7.477105|   -6.917982|    0.326044|    0.008409|
|         575|   -7.505948|   -6.946955|    0.326043|    0.008410|
|         576|   -7.534595|   -6.975771|    0.326042|    0.008410|
|         577|   -7.562665|   -7.004001|    0.326042|    0.008410|
|         578|   -7.589607|   -7.031083|    0.326041|    0.008411|
|         579|   -7.614788|   -7.056420|    0.326040|    0.008411|
|         580|   -7.637579|   -7.079440|    0.326039|    0.008411|
|         581|   -7.657392|   -7.099584|    0.326038|    0.008412|
|         582|   -7.673719|   -7.116324|    0.326037|    0.008412|
|         583|   -7.686096|   -7.129141|    0.326036|    0.008412|
|         584|   -7.694577|   -7.138060|    0.326035|    0.008412|
|         585|   -7.699494|   -7.143390|    0.326034|    0.008413|
|         586|   -7.701304|   -7.145599|    0.326033|    0.008413|
|         587|   -7.700580|   -7.145277|    0.326032|    0.008413|
|         588|   -7.697930|   -7.143036|    0.326031|    0.008413|
|         589|   -7.693919|   -7.139443|    0.326030|    0.008414|
|         590|   -7.689032|   -7.134980|    0.326029|    0.008414|
|         591|   -7.683656|   -7.130033|    0.326028|    0.008414|
|         592|   -7.678076|   -7.124881|    0.326027|    0.008414|
|         593|   -7.672496|   -7.119719|    0.326026|    0.008414|
|         594|   -7.667053|   -7.114676|    0.326025|    0.008414|
|         595|   -7.661837|   -7.109832|    0.326023|    0.008415|
|         596|   -7.656904|   -7.105234|    0.326022|    0.008415|
|         597|   -7.652292|   -7.100912|    0.326021|    0.008415|
|         598|   -7.648028|   -7.096888|    0.326020|    0.008415|
|         599|   -7.644129|   -7.093182|    0.326019|    0.008415|
|         600|   -7.640613|   -7.089810|    0.326018|    0.008415|
|         601|   -7.637495|   -7.086794|    0.326016|    0.008415|
+-----------------------------------------------------------------------+
|Fixed CL Mode                           |Value                         |
+-----------------------------------------------------------------------+
|Current CL                              |0.326016                      |
|Target CL                               |0.326                         |
|Previous AOA                            |0.304961                      |
|Changed AoA by                          |-8.7792e-05                   |
+-----------------------------------------------------------------------+
+----------------------------------------------------------------+
|  Inner_Iter|    rms[Rho]|   rms[RhoE]|          CL|          CD|
+----------------------------------------------------------------+
|         602|   -6.862597|   -6.257139|    0.326015|    0.008415|
|         603|   -7.140930|   -6.536253|    0.326013|    0.008415|
|         604|   -7.341886|   -6.758898|    0.326010|    0.008415|
|         605|   -7.468173|   -6.883701|    0.326005|    0.008415|
|         606|   -7.539445|   -6.970306|    0.326000|    0.008415|
|         607|   -7.565416|   -7.001110|    0.325997|    0.008416|
|         608|   -7.588599|   -7.028790|    0.325995|    0.008416|
|         609|   -7.589006|   -7.030175|    0.325994|    0.008416|
|         610|   -7.592146|   -7.034611|    0.325993|    0.008416|
|         611|   -7.599364|   -7.044777|    0.325991|    0.008416|
|         612|   -7.600920|   -7.048007|    0.325989|    0.008416|
|         613|   -7.599855|   -7.047241|    0.325987|    0.008416|
|         614|   -7.600186|   -7.048002|    0.325986|    0.008416|
|         615|   -7.600519|   -7.048885|    0.325984|    0.008416|
|         616|   -7.599870|   -7.048485|    0.325983|    0.008417|
|         617|   -7.598993|   -7.047666|    0.325981|    0.008417|
|         618|   -7.598392|   -7.047077|    0.325980|    0.008417|
|         619|   -7.598127|   -7.046811|    0.325979|    0.008417|
|         620|   -7.598158|   -7.046837|    0.325977|    0.008417|
|         621|   -7.598449|   -7.047112|    0.325976|    0.008417|
|         622|   -7.598988|   -7.047618|    0.325975|    0.008417|
|         623|   -7.599800|   -7.048375|    0.325974|    0.008417|
|         624|   -7.600920|   -7.049429|    0.325973|    0.008418|
|         625|   -7.602369|   -7.050807|    0.325972|    0.008418|
|         626|   -7.604149|   -7.052512|    0.325971|    0.008418|
|         627|   -7.606255|   -7.054540|    0.325970|    0.008418|
|         628|   -7.608686|   -7.056887|    0.325969|    0.008418|
|         629|   -7.611440|   -7.059553|    0.325968|    0.008418|
|         630|   -7.614517|   -7.062539|    0.325967|    0.008418|
|         631|   -7.617914|   -7.065845|    0.325966|    0.008419|
|         632|   -7.621625|   -7.069466|    0.325965|    0.008419|
|         633|   -7.625646|   -7.073398|    0.325964|    0.008419|
|         634|   -7.629970|   -7.077634|    0.325963|    0.008419|
|         635|   -7.634588|   -7.082168|    0.325962|    0.008419|
|         636|   -7.639492|   -7.086990|    0.325961|    0.008419|
|         637|   -7.644673|   -7.092093|    0.325960|    0.008419|
|         638|   -7.650122|   -7.097468|    0.325959|    0.008419|
|         639|   -7.655828|   -7.103104|    0.325958|    0.008419|
|         640|   -7.661780|   -7.108989|    0.325957|    0.008420|
|         641|   -7.667966|   -7.115112|    0.325956|    0.008420|
|         642|   -7.674373|   -7.121462|    0.325956|    0.008420|
|         643|   -7.680990|   -7.128024|    0.325955|    0.008420|
|         644|   -7.687804|   -7.134787|    0.325954|    0.008420|
|         645|   -7.694801|   -7.141738|    0.325953|    0.008420|
|         646|   -7.701970|   -7.148863|    0.325952|    0.008420|
|         647|   -7.709296|   -7.156149|    0.325951|    0.008420|
|         648|   -7.716769|   -7.163584|    0.325951|    0.008420|
|         649|   -7.724374|   -7.171155|    0.325950|    0.008420|
|         650|   -7.732099|   -7.178848|    0.325949|    0.008420|
|         651|   -7.739932|   -7.186652|    0.325948|    0.008422|
+-----------------------------------------------------------------------+
|Fixed CL Mode                           |Value                         |
+-----------------------------------------------------------------------+
|Current CL                              |0.325948                      |
|Target CL                               |0.326                         |
|Previous AOA                            |0.304873                      |
|Changed AoA by                          |0.0002556                     |
+-----------------------------------------------------------------------+
+----------------------------------------------------------------+
|  Inner_Iter|    rms[Rho]|   rms[RhoE]|          CL|          CD|
+----------------------------------------------------------------+
|         652|   -6.403983|   -5.797411|    0.325947|    0.008422|
|         653|   -6.700573|   -6.090316|    0.325948|    0.008422|
|         654|   -6.940222|   -6.347298|    0.325955|    0.008422|
|         655|   -7.132676|   -6.524480|    0.325965|    0.008422|
|         656|   -7.284552|   -6.689260|    0.325975|    0.008422|
|         657|   -7.372783|   -6.779846|    0.325980|    0.008422|
|         658|   -7.490157|   -6.897632|    0.325981|    0.008422|
|         659|   -7.518864|   -6.925010|    0.325980|    0.008422|
|         660|   -7.565619|   -6.971072|    0.325981|    0.008423|
|         661|   -7.660860|   -7.074117|    0.325982|    0.008423|
|         662|   -7.721954|   -7.143542|    0.325984|    0.008423|
|         663|   -7.748187|   -7.168739|    0.325986|    0.008423|
|         664|   -7.794951|   -7.216212|    0.325987|    0.008423|
|         665|   -7.854020|   -7.280869|    0.325988|    0.008423|
|         666|   -7.896693|   -7.327811|    0.325989|    0.008423|
|         667|   -7.929270|   -7.361187|    0.325989|    0.008423|
|         668|   -7.961078|   -7.393003|    0.325990|    0.008423|
|         669|   -7.990498|   -7.423147|    0.325991|    0.008423|
|         670|   -8.016828|   -7.451065|    0.325991|    0.008423|
|         671|   -8.040853|   -7.477195|    0.325992|    0.008422|
|         672|   -8.061225|   -7.499704|    0.325993|    0.008422|
|         673|   -8.076090|   -7.516410|    0.325993|    0.008422|
|         674|   -8.085198|   -7.527167|    0.325994|    0.008422|
|         675|   -8.089216|   -7.532812|    0.325995|    0.008422|
|         676|   -8.088780|   -7.533887|    0.325995|    0.008422|
|         677|   -8.084490|   -7.530827|    0.325996|    0.008422|
|         678|   -8.077017|   -7.524256|    0.325996|    0.008422|
|         679|   -8.067125|   -7.514992|    0.325997|    0.008421|
|         680|   -8.055611|   -7.503914|    0.325997|    0.008421|
|         681|   -8.043182|   -7.491780|    0.325998|    0.008421|
|         682|   -8.030389|   -7.479161|    0.325999|    0.008421|
|         683|   -8.017662|   -7.466503|    0.325999|    0.008421|
|         684|   -8.005341|   -7.454171|    0.326000|    0.008421|
|         685|   -7.993678|   -7.442448|    0.326000|    0.008421|
|         686|   -7.982845|   -7.431533|    0.326001|    0.008421|
|         687|   -7.972949|   -7.421551|    0.326001|    0.008420|
|         688|   -7.964040|   -7.412568|    0.326002|    0.008420|
|         689|   -7.956132|   -7.404603|    0.326003|    0.008420|
|         690|   -7.949204|   -7.397638|    0.326003|    0.008420|
|         691|   -7.943217|   -7.391635|    0.326004|    0.008420|
|         692|   -7.938118|   -7.386537|    0.326004|    0.008420|
|         693|   -7.933849|   -7.382281|    0.326005|    0.008420|
|         694|   -7.930347|   -7.378801|    0.326005|    0.008420|
|         695|   -7.927552|   -7.376031|    0.326006|    0.008420|
|         696|   -7.925405|   -7.373909|    0.326007|    0.008420|
|         697|   -7.923854|   -7.372379|    0.326007|    0.008420|
|         698|   -7.922850|   -7.371390|    0.326008|    0.008420|
|         699|   -7.922353|   -7.370897|    0.326008|    0.008420|
|         700|   -7.922324|   -7.370865|    0.326009|    0.008420|
|         701|   -7.922734|   -7.371262|    0.326009|    0.008419|
+-----------------------------------------------------------------------+
|Fixed CL Mode                           |Value                         |
+-----------------------------------------------------------------------+
|Current CL                              |0.326009                      |
|Target CL                               |0.326                         |
|Previous AOA                            |0.305129                      |
|Changed AoA by                          |-4.44672e-05                  |
+-----------------------------------------------------------------------+
+----------------------------------------------------------------+
|  Inner_Iter|    rms[Rho]|   rms[RhoE]|          CL|          CD|
+----------------------------------------------------------------+
|         702|   -7.157274|   -6.552161|    0.326010|    0.008419|
|         703|   -7.438219|   -6.832833|    0.326010|    0.008419|
|         704|   -7.638425|   -7.054655|    0.326010|    0.008419|
|         705|   -7.765604|   -7.180184|    0.326008|    0.008419|
|         706|   -7.838739|   -7.268528|    0.326007|    0.008419|
|         707|   -7.872338|   -7.306811|    0.326007|    0.008419|
|         708|   -7.906595|   -7.345266|    0.326007|    0.008419|
|         709|   -7.917503|   -7.356583|    0.326007|    0.008419|
|         710|   -7.931111|   -7.370996|    0.326008|    0.008419|
|         711|   -7.950311|   -7.393258|    0.326008|    0.008419|
|         712|   -7.963093|   -7.407853|    0.326008|    0.008419|
|         713|   -7.972442|   -7.417263|    0.326008|    0.008419|
|         714|   -7.983864|   -7.428907|    0.326008|    0.008419|
|         715|   -7.996400|   -7.442064|    0.326008|    0.008419|
|         716|   -8.008354|   -7.454399|    0.326008|    0.008418|
|         717|   -8.020159|   -7.466306|    0.326009|    0.008418|
|         718|   -8.032280|   -7.478429|    0.326009|    0.008418|
|         719|   -8.044789|   -7.490910|    0.326009|    0.008418|
|         720|   -8.057751|   -7.503837|    0.326009|    0.008418|
|         721|   -8.071217|   -7.517267|    0.326009|    0.008418|
|         722|   -8.085156|   -7.531160|    0.326009|    0.008418|
|         723|   -8.099516|   -7.545454|    0.326010|    0.008418|
|         724|   -8.114276|   -7.560133|    0.326010|    0.008418|
|         725|   -8.129441|   -7.575212|    0.326010|    0.008418|
|         726|   -8.145009|   -7.590691|    0.326010|    0.008418|
|         727|   -8.160970|   -7.606556|    0.326010|    0.008418|
|         728|   -8.177305|   -7.622790|    0.326010|    0.008418|
|         729|   -8.193991|   -7.639373|    0.326011|    0.008418|
|         730|   -8.211007|   -7.656287|    0.326011|    0.008418|
|         731|   -8.228332|   -7.673511|    0.326011|    0.008418|
|         732|   -8.245943|   -7.691022|    0.326011|    0.008418|
|         733|   -8.263821|   -7.708796|    0.326011|    0.008418|
|         734|   -8.281948|   -7.726816|    0.326011|    0.008418|
|         735|   -8.300312|   -7.745069|    0.326011|    0.008418|
|         736|   -8.318903|   -7.763546|    0.326012|    0.008418|
|         737|   -8.337712|   -7.782240|    0.326012|    0.008418|
|         738|   -8.356734|   -7.801146|    0.326012|    0.008418|
|         739|   -8.375962|   -7.820261|    0.326012|    0.008418|
|         740|   -8.395390|   -7.839580|    0.326012|    0.008418|
|         741|   -8.415012|   -7.859098|    0.326012|    0.008418|
|         742|   -8.434820|   -7.878810|    0.326012|    0.008418|
|         743|   -8.454804|   -7.898704|    0.326012|    0.008418|
|         744|   -8.474951|   -7.918768|    0.326012|    0.008418|
|         745|   -8.495243|   -7.938986|    0.326013|    0.008418|
|         746|   -8.515664|   -7.959338|    0.326013|    0.008418|
|         747|   -8.536190|   -7.979800|    0.326013|    0.008418|
|         748|   -8.556799|   -8.000350|    0.326013|    0.008418|
|         749|   -8.577467|   -8.020962|    0.326013|    0.008418|
|         750|   -8.598166|   -8.041607|    0.326013|    0.008418|
+-----------------------------------------------------------------------+
|        File Writing Summary       |              Filename             |
+-----------------------------------------------------------------------+
|SU2 binary restart                 |restart_flow.dat                   |
Writing Flow Meta-Data file: flow.meta
|Paraview                           |flow.vtu                           |
Writing Flow Meta-Data file: flow.meta
|Paraview surface                   |surface_flow.vtu                   |
Writing Flow Meta-Data file: flow.meta
|CSV file                           |surface_flow.csv                   |
Writing Flow Meta-Data file: flow.meta
+-----------------------------------------------------------------------+
+----------------------------------------------------------------+
|  Inner_Iter|    rms[Rho]|   rms[RhoE]|          CL|          CD|
+----------------------------------------------------------------+
|         751|   -8.618871|   -8.062261|    0.326013|    0.008418|
+-----------------------------------------------------------------------+
|Fixed CL Mode                           |Value                         |
+-----------------------------------------------------------------------+
|Current CL                              |0.326013                      |
|Target CL                               |0.326                         |
|Previous AOA                            |0.305084                      |
|Changed AoA by                          |-6.49375e-05                  |
+-----------------------------------------------------------------------+
+----------------------------------------------------------------+
|  Inner_Iter|    rms[Rho]|   rms[RhoE]|          CL|          CD|
+----------------------------------------------------------------+
|         752|   -6.999419|   -6.392750|    0.326013|    0.008418|
|         753|   -7.296750|   -6.686251|    0.326013|    0.008418|
|         754|   -7.538993|   -6.945482|    0.326011|    0.008418|
|         755|   -7.736845|   -7.126621|    0.326008|    0.008418|
|         756|   -7.897931|   -7.299362|    0.326006|    0.008418|
|         757|   -7.993904|   -7.396431|    0.326004|    0.008418|
|         758|   -8.127549|   -7.527476|    0.326004|    0.008418|
|         759|   -8.158005|   -7.556128|    0.326004|    0.008418|
|         760|   -8.211071|   -7.607348|    0.326004|    0.008418|
|         761|   -8.329778|   -7.731766|    0.326003|    0.008418|
|         762|   -8.406586|   -7.817604|    0.326003|    0.008418|
|         763|   -8.430872|   -7.841001|    0.326002|    0.008418|
|         764|   -8.484547|   -7.895719|    0.326002|    0.008418|
|         765|   -8.552602|   -7.972179|    0.326001|    0.008418|
|         766|   -8.585696|   -8.013172|    0.326001|    0.008418|
|         767|   -8.596568|   -8.027236|    0.326001|    0.008418|
|         768|   -8.601523|   -8.034831|    0.326001|    0.008418|
|         769|   -8.598926|   -8.035780|    0.326000|    0.008418|
|         770|   -8.590292|   -8.030892|    0.326000|    0.008418|
|         771|   -8.578524|   -8.022406|    0.326000|    0.008418|
|         772|   -8.564109|   -8.010424|    0.326000|    0.008418|
|         773|   -8.547522|   -7.995389|    0.325999|    0.008418|
|         774|   -8.530042|   -7.978897|    0.325999|    0.008418|
|         775|   -8.512737|   -7.962259|    0.325999|    0.008418|
|         776|   -8.496124|   -7.946063|    0.325999|    0.008418|
|         777|   -8.480417|   -7.930551|    0.325998|    0.008418|
|         778|   -8.465703|   -7.915865|    0.325998|    0.008418|
|         779|   -8.452039|   -7.902123|    0.325998|    0.008418|
|         780|   -8.439470|   -7.889424|    0.325998|    0.008418|
|         781|   -8.428008|   -7.877806|    0.325998|    0.008418|
|         782|   -8.417634|   -7.867262|    0.325997|    0.008418|
|         783|   -8.408321|   -7.857769|    0.325997|    0.008418|
|         784|   -8.400043|   -7.849306|    0.325997|    0.008418|
|         785|   -8.392772|   -7.841853|    0.325997|    0.008418|
|         786|   -8.386476|   -7.835386|    0.325996|    0.008419|
|         787|   -8.381117|   -7.829870|    0.325996|    0.008419|
|         788|   -8.376653|   -7.825268|    0.325996|    0.008419|
|         789|   -8.373039|   -7.821536|    0.325996|    0.008419|
|         790|   -8.370224|   -7.818621|    0.325996|    0.008419|
|         791|   -8.368157|   -7.816472|    0.325995|    0.008419|
|         792|   -8.366785|   -7.815034|    0.325995|    0.008419|
|         793|   -8.366056|   -7.814252|    0.325995|    0.008419|
|         794|   -8.365922|   -7.814075|    0.325995|    0.008419|
|         795|   -8.366333|   -7.814452|    0.325995|    0.008419|
|         796|   -8.367247|   -7.815336|    0.325994|    0.008419|
|         797|   -8.368622|   -7.816684|    0.325994|    0.008419|
|         798|   -8.370420|   -7.818457|    0.325994|    0.008419|
|         799|   -8.372608|   -7.820619|    0.325994|    0.008419|
|         800|   -8.375156|   -7.823139|    0.325994|    0.008419|
|         801|   -8.378036|   -7.825990|    0.325993|    0.008419|
+-----------------------------------------------------------------------+
|Fixed CL Mode                           |Value                         |
+-----------------------------------------------------------------------+
|Current CL                              |0.325993                      |
|Target CL                               |0.326                         |
|Previous AOA                            |0.305019                      |
|Changed AoA by                          |3.15933e-05                   |
+-----------------------------------------------------------------------+
+----------------------------------------------------------------+
|  Inner_Iter|    rms[Rho]|   rms[RhoE]|          CL|          CD|
+----------------------------------------------------------------+
|         802|   -7.310754|   -6.704473|    0.325993|    0.008419|
|         803|   -7.604447|   -6.995114|    0.325993|    0.008419|
|         804|   -7.835612|   -7.244711|    0.325994|    0.008419|
|         805|   -8.011315|   -7.409343|    0.325995|    0.008419|
|         806|   -8.137798|   -7.551216|    0.325996|    0.008419|
|         807|   -8.205401|   -7.623445|    0.325997|    0.008419|
|         808|   -8.285462|   -7.708123|    0.325997|    0.008419|
|         809|   -8.306391|   -7.728986|    0.325997|    0.008419|
|         810|   -8.336611|   -7.760262|    0.325997|    0.008419|
|         811|   -8.388176|   -7.819351|    0.325997|    0.008419|
|         812|   -8.419715|   -7.856272|    0.325997|    0.008419|
|         813|   -8.436962|   -7.873423|    0.325997|    0.008419|
|         814|   -8.461507|   -7.898808|    0.325997|    0.008419|
|         815|   -8.489674|   -7.929587|    0.325997|    0.008419|
|         816|   -8.513386|   -7.954959|    0.325997|    0.008419|
|         817|   -8.534880|   -7.976871|    0.325997|    0.008419|
|         818|   -8.556597|   -7.998647|    0.325997|    0.008419|
|         819|   -8.578760|   -8.020900|    0.325997|    0.008419|
|         820|   -8.601633|   -8.043956|    0.325997|    0.008419|
|         821|   -8.625470|   -8.068012|    0.325997|    0.008419|
|         822|   -8.650120|   -8.092816|    0.325997|    0.008419|
|         823|   -8.675365|   -8.118085|    0.325997|    0.008419|
|         824|   -8.701218|   -8.143874|    0.325997|    0.008419|
|         825|   -8.727819|   -8.170387|    0.325997|    0.008419|
|         826|   -8.755242|   -8.197705|    0.325997|    0.008419|
|         827|   -8.783464|   -8.225777|    0.325997|    0.008419|
|         828|   -8.812398|   -8.254508|    0.325997|    0.008419|
|         829|   -8.841925|   -8.283793|    0.325997|    0.008419|
|         830|   -8.871908|   -8.313522|    0.325997|    0.008419|
|         831|   -8.902172|   -8.343536|    0.325997|    0.008419|
|         832|   -8.932484|   -8.373600|    0.325997|    0.008419|
|         833|   -8.962558|   -8.403415|    0.325997|    0.008419|
|         834|   -8.992089|   -8.432674|    0.325997|    0.008419|
|         835|   -9.020771|   -8.461077|    0.325997|    0.008419|
|         836|   -9.048295|   -8.488336|    0.325997|    0.008419|
|         837|   -9.074355|   -8.514180|    0.325997|    0.008419|
|         838|   -9.098669|   -8.538364|    0.325997|    0.008419|
|         839|   -9.120989|   -8.560682|    0.325998|    0.008419|
|         840|   -9.141105|   -8.580963|    0.325998|    0.008419|
|         841|   -9.158854|   -8.599069|    0.325998|    0.008419|
|         842|   -9.174125|   -8.614898|    0.325998|    0.008419|
|         843|   -9.186859|   -8.628382|    0.325998|    0.008419|
|         844|   -9.197057|   -8.639490|    0.325998|    0.008419|
|         845|   -9.204785|   -8.648238|    0.325998|    0.008419|
|         846|   -9.210170|   -8.654696|    0.325998|    0.008419|
|         847|   -9.213401|   -8.658992|    0.325998|    0.008419|
|         848|   -9.214718|   -8.661310|    0.325998|    0.008419|
|         849|   -9.214400|   -8.661889|    0.325998|    0.008419|
|         850|   -9.212745|   -8.661004|    0.325998|    0.008419|
|         851|   -9.210059|   -8.658950|    0.325998|    0.008419|
+-----------------------------------------------------------------------+
|Fixed CL Mode                           |Value                         |
+-----------------------------------------------------------------------+
|Current CL                              |0.325998                      |
|Target CL                               |0.326                         |
|Previous AOA                            |0.305051                      |
|Changed AoA by                          |1.09627e-05                   |
+-----------------------------------------------------------------------+
+----------------------------------------------------------------+
|  Inner_Iter|    rms[Rho]|   rms[RhoE]|          CL|          CD|
+----------------------------------------------------------------+
|         852|   -7.771907|   -7.165229|    0.325998|    0.008419|
|         853|   -8.068173|   -7.457996|    0.325998|    0.008419|
|         854|   -8.308846|   -7.715928|    0.325998|    0.008419|
|         855|   -8.502735|   -7.894224|    0.325999|    0.008419|
|         856|   -8.656450|   -8.060774|    0.325999|    0.008419|
|         857|   -8.741402|   -8.148627|    0.326000|    0.008419|
|         858|   -8.848869|   -8.258278|    0.326000|    0.008419|
|         859|   -8.865148|   -8.275563|    0.326000|    0.008419|
|         860|   -8.895740|   -8.308536|    0.326000|    0.008419|
|         861|   -8.957748|   -8.381810|    0.326000|    0.008419|
|         862|   -8.982712|   -8.416107|    0.326000|    0.008419|
|         863|   -8.981701|   -8.416627|    0.326000|    0.008419|
|         864|   -8.989490|   -8.427834|    0.326000|    0.008419|
|         865|   -8.995848|   -8.439198|    0.326000|    0.008419|
|         866|   -8.991245|   -8.437154|    0.326000|    0.008419|
|         867|   -8.982507|   -8.429377|    0.326001|    0.008419|
|         868|   -8.973517|   -8.421121|    0.326001|    0.008419|
|         869|   -8.964532|   -8.412770|    0.326001|    0.008419|
|         870|   -8.955744|   -8.404489|    0.326001|    0.008419|
|         871|   -8.947296|   -8.396436|    0.326001|    0.008419|
|         872|   -8.939153|   -8.388546|    0.326001|    0.008419|
|         873|   -8.931380|   -8.380887|    0.326001|    0.008419|
|         874|   -8.924146|   -8.373679|    0.326001|    0.008419|
|         875|   -8.917562|   -8.367077|    0.326001|    0.008419|
|         876|   -8.911656|   -8.361121|    0.326001|    0.008419|
|         877|   -8.906417|   -8.355800|    0.326001|    0.008419|
|         878|   -8.901830|   -8.351103|    0.326001|    0.008419|
|         879|   -8.897883|   -8.347029|    0.326001|    0.008419|
|         880|   -8.894571|   -8.343582|    0.326001|    0.008419|
|         881|   -8.891881|   -8.340755|    0.326002|    0.008419|
|         882|   -8.889797|   -8.338534|    0.326002|    0.008419|
|         883|   -8.888300|   -8.336902|    0.326002|    0.008419|
|         884|   -8.887374|   -8.335844|    0.326002|    0.008419|
|         885|   -8.886999|   -8.335343|    0.326002|    0.008419|
|         886|   -8.887159|   -8.335382|    0.326002|    0.008419|
|         887|   -8.887834|   -8.335945|    0.326002|    0.008419|
|         888|   -8.889005|   -8.337012|    0.326002|    0.008419|
|         889|   -8.890651|   -8.338562|    0.326002|    0.008419|
|         890|   -8.892748|   -8.340573|    0.326002|    0.008419|
|         891|   -8.895272|   -8.343021|    0.326002|    0.008419|
|         892|   -8.898200|   -8.345880|    0.326002|    0.008419|
|         893|   -8.901506|   -8.349125|    0.326002|    0.008419|
|         894|   -8.905167|   -8.352731|    0.326002|    0.008419|
|         895|   -8.909158|   -8.356673|    0.326002|    0.008419|
|         896|   -8.913457|   -8.360929|    0.326002|    0.008419|
|         897|   -8.918041|   -8.365473|    0.326002|    0.008419|
|         898|   -8.922889|   -8.370284|    0.326002|    0.008419|
|         899|   -8.927980|   -8.375340|    0.326003|    0.008419|
|         900|   -8.933295|   -8.380623|    0.326003|    0.008419|
|         901|   -8.938816|   -8.386113|    0.326003|    0.008419|
+-----------------------------------------------------------------------+
|Fixed CL Mode                           |Value                         |
+-----------------------------------------------------------------------+
|Current CL                              |0.326003                      |
|Target CL                               |0.326                         |
|Previous AOA                            |0.305062                      |
|Changed AoA by                          |-1.30147e-05                  |
+-----------------------------------------------------------------------+
+----------------------------------------------------------------+
|  Inner_Iter|    rms[Rho]|   rms[RhoE]|          CL|          CD|
+----------------------------------------------------------------+
|         902|   -7.696841|   -7.090335|    0.326003|    0.008419|
|         903|   -7.992811|   -7.382753|    0.326003|    0.008419|
|         904|   -8.230538|   -7.638068|    0.326002|    0.008419|
|         905|   -8.419041|   -7.812332|    0.326002|    0.008419|
|         906|   -8.564492|   -7.971458|    0.326001|    0.008419|
|         907|   -8.647239|   -8.057320|    0.326001|    0.008419|
|         908|   -8.753792|   -8.165902|    0.326001|    0.008419|
|         909|   -8.780375|   -8.191590|    0.326001|    0.008419|
|         910|   -8.822120|   -8.233384|    0.326001|    0.008419|
|         911|   -8.902471|   -8.322152|    0.326001|    0.008419|
|         912|   -8.952852|   -8.380198|    0.326001|    0.008419|
|         913|   -8.976379|   -8.403094|    0.326001|    0.008419|
|         914|   -9.014933|   -8.442623|    0.326001|    0.008419|
|         915|   -9.061869|   -8.494193|    0.326001|    0.008419|
|         916|   -9.097946|   -8.533480|    0.326001|    0.008419|
|         917|   -9.127955|   -8.564101|    0.326001|    0.008419|
|         918|   -9.158059|   -8.594147|    0.326001|    0.008419|
|         919|   -9.187844|   -8.624186|    0.326001|    0.008419|
|         920|   -9.217302|   -8.654331|    0.326001|    0.008419|
|         921|   -9.247060|   -8.685033|    0.326001|    0.008419|
|         922|   -9.276399|   -8.715285|    0.326001|    0.008419|
|         923|   -9.304070|   -8.743652|    0.326001|    0.008419|
|         924|   -9.329507|   -8.769693|    0.326001|    0.008419|
|         925|   -9.352531|   -8.793431|    0.326001|    0.008419|
|         926|   -9.372742|   -8.814475|    0.326000|    0.008419|
|         927|   -9.389545|   -8.832125|    0.326000|    0.008419|
|         928|   -9.402385|   -8.845761|    0.326000|    0.008419|
|         929|   -9.410945|   -8.855070|    0.326000|    0.008419|
|         930|   -9.415272|   -8.860118|    0.326000|    0.008419|
|         931|   -9.415719|   -8.861246|    0.326000|    0.008419|
|         932|   -9.412830|   -8.858954|    0.326000|    0.008419|
|         933|   -9.407283|   -8.853880|    0.326000|    0.008419|
|         934|   -9.399815|   -8.846756|    0.326000|    0.008419|
|         935|   -9.391130|   -8.838312|    0.326000|    0.008419|
|         936|   -9.381833|   -8.829186|    0.326000|    0.008419|
|         937|   -9.372402|   -8.819887|    0.326000|    0.008419|
|         938|   -9.363192|   -8.810791|    0.326000|    0.008419|
|         939|   -9.354445|   -8.802157|    0.326000|    0.008419|
|         940|   -9.346312|   -8.794144|    0.326000|    0.008419|
|         941|   -9.338877|   -8.786836|    0.326000|    0.008419|
|         942|   -9.332171|   -8.780267|    0.326000|    0.008419|
|         943|   -9.326195|   -8.774430|    0.326000|    0.008419|
|         944|   -9.320927|   -8.769299|    0.326000|    0.008419|
|         945|   -9.316333|   -8.764835|    0.326000|    0.008419|
|         946|   -9.312375|   -8.760994|    0.326000|    0.008419|
|         947|   -9.309012|   -8.757732|    0.326000|    0.008419|
|         948|   -9.306209|   -8.755009|    0.326000|    0.008419|
|         949|   -9.303931|   -8.752791|    0.326000|    0.008419|
|         950|   -9.302151|   -8.751048|    0.326000|    0.008419|
|         951|   -9.300844|   -8.749760|    0.326000|    0.008419|
|         952|   -9.299992|   -8.748909|    0.326000|    0.008419|
|         953|   -9.299579|   -8.748483|    0.326000|    0.008419|
|         954|   -9.299592|   -8.748470|    0.326000|    0.008419|
|         955|   -9.300020|   -8.748862|    0.326000|    0.008419|
|         956|   -9.300853|   -8.749651|    0.326000|    0.008419|
|         957|   -9.302081|   -8.750828|    0.326000|    0.008419|
|         958|   -9.303692|   -8.752385|    0.326000|    0.008419|
|         959|   -9.305677|   -8.754310|    0.326000|    0.008419|
|         960|   -9.308025|   -8.756595|    0.326000|    0.008419|
|         961|   -9.310724|   -8.759229|    0.326000|    0.008419|
|         962|   -9.313763|   -8.762200|    0.326000|    0.008419|
|         963|   -9.317133|   -8.765499|    0.326000|    0.008419|
|         964|   -9.320823|   -8.769117|    0.326000|    0.008419|
|         965|   -9.324824|   -8.773043|    0.326000|    0.008419|
|         966|   -9.329128|   -8.777271|    0.326000|    0.008419|
|         967|   -9.333726|   -8.781794|    0.326000|    0.008419|
|         968|   -9.338612|   -8.786604|    0.326000|    0.008419|
|         969|   -9.343780|   -8.791695|    0.326000|    0.008419|
|         970|   -9.349222|   -8.797062|    0.325999|    0.008419|
|         971|   -9.354933|   -8.802699|    0.325999|    0.008419|
|         972|   -9.360907|   -8.808599|    0.325999|    0.008419|
|         973|   -9.367136|   -8.814756|    0.325999|    0.008419|
|         974|   -9.373615|   -8.821163|    0.325999|    0.008419|
|         975|   -9.380336|   -8.827813|    0.325999|    0.008419|
|         976|   -9.387292|   -8.834700|    0.325999|    0.008419|
|         977|   -9.394476|   -8.841814|    0.325999|    0.008419|
|         978|   -9.401881|   -8.849150|    0.325999|    0.008419|
|         979|   -9.409497|   -8.856698|    0.325999|    0.008419|
|         980|   -9.417318|   -8.864451|    0.325999|    0.008419|
|         981|   -9.425336|   -8.872402|    0.325999|    0.008419|
|         982|   -9.433543|   -8.880543|    0.325999|    0.008419|
|         983|   -9.441931|   -8.888865|    0.325999|    0.008419|
|         984|   -9.450491|   -8.897362|    0.325999|    0.008419|
|         985|   -9.459216|   -8.906025|    0.325999|    0.008419|
|         986|   -9.468097|   -8.914845|    0.325999|    0.008419|
|         987|   -9.477126|   -8.923816|    0.325999|    0.008419|
|         988|   -9.486294|   -8.932927|    0.325999|    0.008419|
|         989|   -9.495593|   -8.942172|    0.325999|    0.008419|
|         990|   -9.505013|   -8.951540|    0.325999|    0.008419|
|         991|   -9.514545|   -8.961022|    0.325999|    0.008419|
|         992|   -9.524181|   -8.970611|    0.325999|    0.008419|
|         993|   -9.533910|   -8.980295|    0.325999|    0.008419|
|         994|   -9.543724|   -8.990067|    0.325999|    0.008419|
|         995|   -9.553613|   -8.999916|    0.325999|    0.008419|
|         996|   -9.563567|   -9.009833|    0.325999|    0.008419|
|         997|   -9.573578|   -9.019808|    0.325999|    0.008419|
|         998|   -9.583635|   -9.029833|    0.325999|    0.008419|
|         999|   -9.593728|   -9.039898|    0.325999|    0.008419|
|        1000|   -9.603849|   -9.049992|    0.325999|    0.008419|
+-----------------------------------------------------------------------+
|      Convergence Field     |     Value    |   Criterion  |  Converged |
+-----------------------------------------------------------------------+
|                    rms[Rho]|      -9.60385|         < -13|          No|
+-----------------------------------------------------------------------+
+-----------------------------------------------------------------------+
|        File Writing Summary       |              Filename             |
+-----------------------------------------------------------------------+
|SU2 binary restart                 |restart_flow.dat                   |
Writing Flow Meta-Data file: flow.meta
|Paraview                           |flow.vtu                           |
Writing Flow Meta-Data file: flow.meta
|Paraview surface                   |surface_flow.vtu                   |
Writing Flow Meta-Data file: flow.meta
|CSV file                           |surface_flow.csv                   |
Writing Flow Meta-Data file: flow.meta
+-----------------------------------------------------------------------+
+----------------------------------------------------------------+
|  Inner_Iter|    rms[Rho]|   rms[RhoE]|          CL|          CD|
+----------------------------------------------------------------+
|        1001|   -9.613987|   -9.060105|    0.325999|    0.008425|
+-----------------------------------------------------------------------+
|Fixed CL Mode                           |Value                         |
+-----------------------------------------------------------------------+
|Current CL                              |0.325999                      |
|Target CL                               |0.326                         |
|Previous AOA                            |0.305049                      |
|Changed AoA by (Finite Difference step) |0.001                         |
+-----------------------------------------------------------------------+
+----------------------------------------------------------------+
|  Inner_Iter|    rms[Rho]|   rms[RhoE]|          CL|          CD|
+----------------------------------------------------------------+
|        1002|   -5.812065|   -5.205350|    0.325999|    0.008425|
|        1003|   -6.109536|   -5.498999|    0.326007|    0.008425|
|        1004|   -6.352531|   -5.758900|    0.326035|    0.008425|
|        1005|   -6.551764|   -5.941029|    0.326079|    0.008425|
|        1006|   -6.715183|   -6.115784|    0.326119|    0.008425|
|        1007|   -6.812566|   -6.214036|    0.326142|    0.008425|
|        1008|   -6.948652|   -6.347037|    0.326148|    0.008425|
|        1009|   -6.977149|   -6.374105|    0.326149|    0.008425|
|        1010|   -7.028444|   -6.423972|    0.326154|    0.008425|
|        1011|   -7.145017|   -6.546984|    0.326164|    0.008425|
|        1012|   -7.215642|   -6.627798|    0.326173|    0.008425|
|        1013|   -7.232239|   -6.644714|    0.326182|    0.008425|
|        1014|   -7.274960|   -6.690285|    0.326189|    0.008425|
|        1015|   -7.324874|   -6.749995|    0.326196|    0.008425|
|        1016|   -7.340720|   -6.773586|    0.326202|    0.008425|
|        1017|   -7.338768|   -6.774764|    0.326207|    0.008424|
|        1018|   -7.332901|   -6.771421|    0.326213|    0.008424|
|        1019|   -7.322577|   -6.763880|    0.326218|    0.008423|
|        1020|   -7.309348|   -6.753221|    0.326224|    0.008423|
|        1021|   -7.295117|   -6.741096|    0.326229|    0.008422|
|        1022|   -7.280055|   -6.727537|    0.326234|    0.008422|
|        1023|   -7.264357|   -6.712764|    0.326239|    0.008421|
|        1024|   -7.248713|   -6.697690|    0.326243|    0.008420|
|        1025|   -7.233689|   -6.683037|    0.326248|    0.008420|
|        1026|   -7.219522|   -6.669093|    0.326253|    0.008419|
|        1027|   -7.206278|   -6.655942|    0.326257|    0.008418|
|        1028|   -7.193960|   -6.643617|    0.326262|    0.008418|
|        1029|   -7.182571|   -6.632156|    0.326266|    0.008417|
|        1030|   -7.172113|   -6.621593|    0.326271|    0.008416|
|        1031|   -7.162578|   -6.611938|    0.326275|    0.008416|
|        1032|   -7.153941|   -6.603172|    0.326279|    0.008415|
|        1033|   -7.146175|   -6.595271|    0.326284|    0.008414|
|        1034|   -7.139257|   -6.588214|    0.326288|    0.008414|
|        1035|   -7.133162|   -6.581983|    0.326292|    0.008413|
|        1036|   -7.127897|   -6.576594|    0.326296|    0.008413|
|        1037|   -7.123404|   -6.571986|    0.326300|    0.008412|
|        1038|   -7.119634|   -6.568117|    0.326304|    0.008412|
|        1039|   -7.116553|   -6.564951|    0.326308|    0.008411|
|        1040|   -7.114127|   -6.562452|    0.326312|    0.008411|
|        1041|   -7.112313|   -6.560578|    0.326316|    0.008410|
|        1042|   -7.111074|   -6.559290|    0.326320|    0.008410|
|        1043|   -7.110367|   -6.558545|    0.326324|    0.008409|
|        1044|   -7.110152|   -6.558301|    0.326328|    0.008409|
|        1045|   -7.110392|   -6.558518|    0.326332|    0.008408|
|        1046|   -7.111052|   -6.559158|    0.326336|    0.008408|
|        1047|   -7.112099|   -6.560187|    0.326340|    0.008408|
|        1048|   -7.113504|   -6.561575|    0.326344|    0.008407|
|        1049|   -7.115241|   -6.563295|    0.326348|    0.008407|
|        1050|   -7.117287|   -6.565321|    0.326352|    0.008407|
|        1051|   -7.119621|   -6.567635|    0.326356|    0.008406|
|        1052|   -7.122224|   -6.570217|    0.326360|    0.008406|
|        1053|   -7.125081|   -6.573051|    0.326364|    0.008406|
|        1054|   -7.128178|   -6.576124|    0.326368|    0.008405|
|        1055|   -7.131501|   -6.579422|    0.326371|    0.008405|
|        1056|   -7.135040|   -6.582935|    0.326375|    0.008405|
|        1057|   -7.138784|   -6.586653|    0.326379|    0.008404|
|        1058|   -7.142725|   -6.590566|    0.326382|    0.008404|
|        1059|   -7.146853|   -6.594667|    0.326386|    0.008404|
|        1060|   -7.151160|   -6.598946|    0.326389|    0.008403|
|        1061|   -7.155640|   -6.603397|    0.326393|    0.008403|
|        1062|   -7.160285|   -6.608013|    0.326396|    0.008403|
|        1063|   -7.165090|   -6.612789|    0.326399|    0.008402|
|        1064|   -7.170049|   -6.617718|    0.326402|    0.008402|
|        1065|   -7.175158|   -6.622795|    0.326406|    0.008402|
|        1066|   -7.180411|   -6.628018|    0.326409|    0.008402|
|        1067|   -7.185805|   -6.633381|    0.326412|    0.008401|
|        1068|   -7.191337|   -6.638881|    0.326415|    0.008401|
|        1069|   -7.197003|   -6.644515|    0.326417|    0.008401|
|        1070|   -7.202801|   -6.650281|    0.326420|    0.008400|
|        1071|   -7.208726|   -6.656174|    0.326423|    0.008400|
|        1072|   -7.214777|   -6.662193|    0.326426|    0.008400|
|        1073|   -7.220949|   -6.668334|    0.326428|    0.008400|
|        1074|   -7.227240|   -6.674593|    0.326431|    0.008399|
|        1075|   -7.233646|   -6.680968|    0.326434|    0.008399|
|        1076|   -7.240164|   -6.687454|    0.326436|    0.008399|
|        1077|   -7.246789|   -6.694048|    0.326439|    0.008399|
|        1078|   -7.253518|   -6.700745|    0.326441|    0.008399|
|        1079|   -7.260346|   -6.707543|    0.326444|    0.008398|
|        1080|   -7.267269|   -6.714435|    0.326446|    0.008398|
|        1081|   -7.274283|   -6.721419|    0.326448|    0.008398|
|        1082|   -7.281383|   -6.728490|    0.326451|    0.008398|
|        1083|   -7.288565|   -6.735642|    0.326453|    0.008397|
|        1084|   -7.295823|   -6.742873|    0.326455|    0.008397|
|        1085|   -7.303154|   -6.750176|    0.326458|    0.008397|
|        1086|   -7.310552|   -6.757548|    0.326460|    0.008397|
|        1087|   -7.318012|   -6.764983|    0.326462|    0.008397|
|        1088|   -7.325530|   -6.772477|    0.326464|    0.008397|
|        1089|   -7.333099|   -6.780024|    0.326466|    0.008396|
|        1090|   -7.340716|   -6.787620|    0.326468|    0.008396|
|        1091|   -7.348375|   -6.795259|    0.326470|    0.008396|
|        1092|   -7.356072|   -6.802937|    0.326472|    0.008396|
|        1093|   -7.363800|   -6.810648|    0.326474|    0.008396|
|        1094|   -7.371556|   -6.818388|    0.326476|    0.008395|
|        1095|   -7.379333|   -6.826151|    0.326478|    0.008395|
|        1096|   -7.387128|   -6.833933|    0.326480|    0.008395|
|        1097|   -7.394935|   -6.841729|    0.326482|    0.008395|
|        1098|   -7.402750|   -6.849534|    0.326484|    0.008395|
|        1099|   -7.410568|   -6.857343|    0.326486|    0.008395|
|        1100|   -7.418385|   -6.865152|    0.326488|    0.008395|
|        1101|   -7.426195|   -6.872956|    0.326490|    0.008394|
|        1102|   -7.433994|   -6.880751|    0.326491|    0.008394|
|        1103|   -7.441778|   -6.888532|    0.326493|    0.008394|
|        1104|   -7.449543|   -6.896296|    0.326495|    0.008394|
|        1105|   -7.457285|   -6.904037|    0.326497|    0.008394|
|        1106|   -7.464999|   -6.911752|    0.326498|    0.008394|
|        1107|   -7.472682|   -6.919437|    0.326500|    0.008394|
|        1108|   -7.480331|   -6.927088|    0.326502|    0.008393|
|        1109|   -7.487942|   -6.934703|    0.326503|    0.008393|
|        1110|   -7.495511|   -6.942278|    0.326505|    0.008393|
|        1111|   -7.503036|   -6.949809|    0.326507|    0.008393|
|        1112|   -7.510515|   -6.957294|    0.326508|    0.008393|
|        1113|   -7.517944|   -6.964732|    0.326510|    0.008393|
|        1114|   -7.525322|   -6.972118|    0.326511|    0.008393|
|        1115|   -7.532647|   -6.979452|    0.326513|    0.008393|
|        1116|   -7.539916|   -6.986731|    0.326514|    0.008392|
|        1117|   -7.547129|   -6.993955|    0.326516|    0.008392|
|        1118|   -7.554285|   -7.001121|    0.326517|    0.008392|
|        1119|   -7.561382|   -7.008230|    0.326519|    0.008392|
|        1120|   -7.568420|   -7.015280|    0.326520|    0.008392|
|        1121|   -7.575398|   -7.022270|    0.326522|    0.008392|
|        1122|   -7.582316|   -7.029201|    0.326523|    0.008392|
|        1123|   -7.589175|   -7.036073|    0.326524|    0.008392|
|        1124|   -7.595974|   -7.042884|    0.326526|    0.008392|
|        1125|   -7.602888|   -7.049846|    0.326527|    0.008391|
|        1126|   -7.609928|   -7.056970|    0.326528|    0.008391|
|        1127|   -7.616873|   -7.063967|    0.326530|    0.008391|
|        1128|   -7.623777|   -7.070888|    0.326531|    0.008391|
|        1129|   -7.630617|   -7.077744|    0.326532|    0.008391|
|        1130|   -7.637372|   -7.084520|    0.326534|    0.008391|
|        1131|   -7.644048|   -7.091213|    0.326535|    0.008391|
|        1132|   -7.650653|   -7.097834|    0.326536|    0.008391|
|        1133|   -7.657192|   -7.104389|    0.326537|    0.008391|
|        1134|   -7.663668|   -7.110880|    0.326538|    0.008391|
|        1135|   -7.670075|   -7.117304|    0.326540|    0.008390|
|        1136|   -7.676410|   -7.123658|    0.326541|    0.008390|
|        1137|   -7.682672|   -7.129939|    0.326542|    0.008390|
|        1138|   -7.688858|   -7.136147|    0.326543|    0.008390|
|        1139|   -7.694969|   -7.142281|    0.326544|    0.008390|
|        1140|   -7.701008|   -7.148343|    0.326545|    0.008390|
|        1141|   -7.706976|   -7.154335|    0.326546|    0.008390|
|        1142|   -7.712878|   -7.160261|    0.326547|    0.008390|
|        1143|   -7.718718|   -7.166124|    0.326548|    0.008390|
|        1144|   -7.724499|   -7.171928|    0.326549|    0.008390|
|        1145|   -7.730226|   -7.177677|    0.326550|    0.008390|
|        1146|   -7.735903|   -7.183376|    0.326551|    0.008390|
|        1147|   -7.741533|   -7.189028|    0.326552|    0.008389|
|        1148|   -7.747122|   -7.194637|    0.326553|    0.008389|
|        1149|   -7.752674|   -7.200208|    0.326554|    0.008389|
|        1150|   -7.758193|   -7.205745|    0.326555|    0.008389|
|        1151|   -7.763683|   -7.211252|    0.326556|    0.008389|
|        1152|   -7.769149|   -7.216733|    0.326557|    0.008389|
|        1153|   -7.774594|   -7.222192|    0.326558|    0.008389|
|        1154|   -7.780023|   -7.227634|    0.326559|    0.008389|
|        1155|   -7.785439|   -7.233062|    0.326560|    0.008389|
|        1156|   -7.790847|   -7.238480|    0.326561|    0.008389|
|        1157|   -7.796250|   -7.243892|    0.326562|    0.008389|
|        1158|   -7.801652|   -7.249302|    0.326562|    0.008389|
|        1159|   -7.807056|   -7.254712|    0.326563|    0.008389|
|        1160|   -7.812468|   -7.260130|    0.326564|    0.008389|
|        1161|   -7.817888|   -7.265554|    0.326565|    0.008388|
|        1162|   -7.823315|   -7.270985|    0.326566|    0.008388|
|        1163|   -7.828753|   -7.276425|    0.326567|    0.008388|
|        1164|   -7.834203|   -7.281877|    0.326567|    0.008388|
|        1165|   -7.839668|   -7.287342|    0.326568|    0.008388|
|        1166|   -7.845148|   -7.292822|    0.326569|    0.008388|
|        1167|   -7.850645|   -7.298319|    0.326570|    0.008388|
|        1168|   -7.856161|   -7.303833|    0.326570|    0.008388|
|        1169|   -7.861696|   -7.309366|    0.326571|    0.008388|
|        1170|   -7.867250|   -7.314918|    0.326572|    0.008388|
|        1171|   -7.872824|   -7.320490|    0.326572|    0.008388|
|        1172|   -7.878417|   -7.326081|    0.326573|    0.008388|
|        1173|   -7.884030|   -7.331691|    0.326574|    0.008388|
|        1174|   -7.889663|   -7.337320|    0.326575|    0.008388|
|        1175|   -7.895314|   -7.342969|    0.326575|    0.008388|
|        1176|   -7.900985|   -7.348636|    0.326576|    0.008388|
|        1177|   -7.906674|   -7.354322|    0.326577|    0.008388|
|        1178|   -7.912380|   -7.360024|    0.326577|    0.008387|
|        1179|   -7.918102|   -7.365744|    0.326578|    0.008387|
|        1180|   -7.923841|   -7.371479|    0.326579|    0.008387|
|        1181|   -7.929594|   -7.377230|    0.326579|    0.008387|
|        1182|   -7.935362|   -7.382994|    0.326580|    0.008387|
|        1183|   -7.941143|   -7.388773|    0.326580|    0.008387|
|        1184|   -7.946936|   -7.394563|    0.326581|    0.008387|
|        1185|   -7.952741|   -7.400365|    0.326582|    0.008387|
|        1186|   -7.958557|   -7.406178|    0.326582|    0.008387|
|        1187|   -7.964382|   -7.412001|    0.326583|    0.008387|
|        1188|   -7.970216|   -7.417833|    0.326583|    0.008387|
|        1189|   -7.976058|   -7.423672|    0.326584|    0.008387|
|        1190|   -7.981907|   -7.429520|    0.326584|    0.008387|
|        1191|   -7.987763|   -7.435374|    0.326585|    0.008387|
|        1192|   -7.993624|   -7.441233|    0.326586|    0.008387|
|        1193|   -7.999491|   -7.447098|    0.326586|    0.008387|
|        1194|   -8.005362|   -7.452968|    0.326587|    0.008387|
|        1195|   -8.011237|   -7.458842|    0.326587|    0.008387|
|        1196|   -8.017116|   -7.464719|    0.326588|    0.008387|
|        1197|   -8.022997|   -7.470599|    0.326588|    0.008387|
|        1198|   -8.028886|   -7.476487|    0.326589|    0.008387|
|        1199|   -8.034789|   -7.482389|    0.326589|    0.008387|
|        1200|   -8.040691|   -7.488289|    0.326590|    0.008386|
|        1201|   -8.046591|   -7.494188|    0.326590|    0.008386|
|        1202|   -8.052490|   -7.500085|    0.326591|    0.008386|
|        1203|   -8.058387|   -7.505980|    0.326591|    0.008386|
|        1204|   -8.064282|   -7.511875|    0.326591|    0.008386|
|        1205|   -8.070177|   -7.517768|    0.326592|    0.008386|
|        1206|   -8.076071|   -7.523661|    0.326592|    0.008386|
|        1207|   -8.081965|   -7.529554|    0.326593|    0.008386|
|        1208|   -8.087858|   -7.535446|    0.326593|    0.008386|
|        1209|   -8.093750|   -7.541337|    0.326594|    0.008386|
|        1210|   -8.099641|   -7.547228|    0.326594|    0.008386|
|        1211|   -8.105531|   -7.553117|    0.326595|    0.008386|
|        1212|   -8.111419|   -7.559005|    0.326595|    0.008386|
|        1213|   -8.117306|   -7.564891|    0.326595|    0.008386|
|        1214|   -8.123191|   -7.570776|    0.326596|    0.008386|
|        1215|   -8.129073|   -7.576658|    0.326596|    0.008386|
|        1216|   -8.134953|   -7.582538|    0.326597|    0.008386|
|        1217|   -8.140831|   -7.588416|    0.326597|    0.008386|
|        1218|   -8.146705|   -7.594291|    0.326597|    0.008386|
|        1219|   -8.152577|   -7.600162|    0.326598|    0.008386|
|        1220|   -8.158445|   -7.606031|    0.326598|    0.008386|
|        1221|   -8.164310|   -7.611896|    0.326598|    0.008386|
|        1222|   -8.170171|   -7.617758|    0.326599|    0.008386|
|        1223|   -8.176028|   -7.623616|    0.326599|    0.008386|
|        1224|   -8.181882|   -7.629470|    0.326600|    0.008386|
|        1225|   -8.187731|   -7.635320|    0.326600|    0.008386|
|        1226|   -8.193576|   -7.641166|    0.326600|    0.008386|
|        1227|   -8.199416|   -7.647007|    0.326601|    0.008386|
|        1228|   -8.205252|   -7.652844|    0.326601|    0.008386|
|        1229|   -8.211084|   -7.658676|    0.326601|    0.008386|
|        1230|   -8.216910|   -7.664504|    0.326602|    0.008386|
|        1231|   -8.222732|   -7.670326|    0.326602|    0.008385|
|        1232|   -8.228549|   -7.676144|    0.326602|    0.008385|
|        1233|   -8.234360|   -7.681957|    0.326603|    0.008385|
|        1234|   -8.240167|   -7.687765|    0.326603|    0.008385|
|        1235|   -8.245969|   -7.693569|    0.326603|    0.008385|
|        1236|   -8.251767|   -7.699367|    0.326603|    0.008385|
|        1237|   -8.257559|   -7.705161|    0.326604|    0.008385|
|        1238|   -8.263347|   -7.710949|    0.326604|    0.008385|
|        1239|   -8.269130|   -7.716734|    0.326604|    0.008385|
|        1240|   -8.274908|   -7.722513|    0.326605|    0.008385|
|        1241|   -8.280682|   -7.728288|    0.326605|    0.008385|
|        1242|   -8.286451|   -7.734059|    0.326605|    0.008385|
|        1243|   -8.292217|   -7.739825|    0.326605|    0.008385|
|        1244|   -8.297978|   -7.745588|    0.326606|    0.008385|
|        1245|   -8.303736|   -7.751347|    0.326606|    0.008385|
|        1246|   -8.309490|   -7.757101|    0.326606|    0.008385|
|        1247|   -8.315240|   -7.762853|    0.326606|    0.008385|
|        1248|   -8.320987|   -7.768601|    0.326607|    0.008385|
|        1249|   -8.326731|   -7.774346|    0.326607|    0.008379|
+-----------------------------------------------------------------------+
|Fixed CL Mode (Finite Difference)       |Value                         |
+-----------------------------------------------------------------------+
|Delta CL / Delta AoA                    |0.607644                      |
|Delta CD / Delta CL                     |-0.0556089                    |
|Delta CMz / Delta CL                    |-0.00968934                   |
+-----------------------------------------------------------------------+
Writing Flow Meta-Data file: flow.meta

----------------------------- Solver Exit -------------------------------

Maximum number of iterations reached (ITER = 1250) before convergence.
+-----------------------------------------------------------------------+
|      Convergence Field     |     Value    |   Criterion  |  Converged |
+-----------------------------------------------------------------------+
|                    rms[Rho]|      -8.32673|         < -13|          No|
+-----------------------------------------------------------------------+
-------------------------------------------------------------------------

--------------------------- Finalizing Solver ---------------------------
Deleted CNumerics container.
Deleted CIntegration container.
Deleted CSolver container.
Deleted CIteration container.
Deleted CInterface container.
Deleted CGeometry container.
Deleted CFreeFormDefBox class.
Deleted CSurfaceMovement class.
Deleted CVolumetricMovement class.
Deleted CConfig container.
Deleted nInst container.
Deleted COutput class.
-------------------------------------------------------------------------

------------------------- Exit Success (SU2_CFD) ------------------------

