NDIME= 2
NELEM= 10216
5	417	69	311	0
5	302	55	56	1
5	405	159	384	2
5	594	427	450	3
5	315	71	72	4
5	319	4	262	5
5	270	39	40	6
5	327	65	66	7
5	451	259	325	8
5	441	40	41	9
5	358	147	148	10
5	287	12	13	11
5	252	144	145	12
5	254	56	57	13
5	348	96	269	14
5	262	4	5	15
5	647	465	525	16
5	453	308	449	17
5	309	282	15	18
5	560	265	470	19
5	369	185	186	20
5	420	271	27	21
5	432	137	376	22
5	643	471	270	23
5	429	121	354	24
5	282	14	15	25
5	568	446	456	26
5	292	257	31	27
5	617	385	457	28
5	831	694	478	29
5	274	24	25	30
5	470	346	454	31
5	311	69	70	32
5	291	20	278	33
5	286	24	274	34
5	257	30	31	35
5	255	0	1	36
5	996	809	797	37
5	342	79	312	38
5	280	18	19	39
5	543	319	518	40
5	316	42	294	41
5	507	356	439	42
5	543	293	319	43
5	546	298	299	44
5	324	288	9	45
5	749	548	648	46
5	270	251	39	47
5	542	459	257	48
5	258	36	37	49
5	322	18	280	50
5	315	72	290	51
5	555	313	342	52
5	288	8	9	53
5	645	348	465	54
5	323	14	282	55
5	308	62	63	56
5	300	75	76	57
5	335	84	303	58
5	421	60	305	59
5	334	38	251	60
5	749	549	548	61
5	285	53	54	62
5	302	56	254	63
5	751	644	725	64
5	250	82	83	65
5	294	42	43	66
5	301	87	88	67
5	279	80	81	68
5	305	60	61	69
5	531	475	278	70
5	554	448	540	71
5	271	26	27	72
5	284	89	90	73
5	416	111	112	74
5	329	260	33	75
5	475	291	278	76
5	340	0	255	77
5	277	106	107	78
5	420	28	272	79
5	295	52	53	80
5	316	41	42	81
5	333	294	43	82
5	825	476	650	83
5	331	300	76	84
5	762	555	664	85
5	295	53	285	86
5	290	72	73	87
5	337	90	91	88
5	312	79	80	89
5	511	320	336	90
5	1041	890	895	91
5	555	342	464	92
5	946	762	848	93
5	564	314	556	94
5	345	52	295	95
5	335	250	83	96
5	449	63	64	97
5	338	254	57	98
5	842	642	557	99
5	338	57	58	100
5	517	256	293	101
5	259	101	102	102
5	512	281	350	103
5	348	95	96	104
5	441	270	40	105
5	361	177	178	106
5	266	99	100	107
5	510	451	325	108
5	580	353	413	109
5	372	115	116	110
5	367	117	118	111
5	357	151	349	112
5	412	375	127	113
5	639	273	436	114
5	381	157	158	115
5	492	368	430	116
5	377	147	358	117
5	400	173	390	118
5	437	365	182	119
5	406	161	253	120
5	403	253	162	121
5	395	181	365	122
5	397	175	393	123
5	408	157	381	124
5	619	408	381	125
5	401	386	166	126
5	399	388	170	127
5	834	690	450	128
5	585	377	358	129
5	387	163	164	130
5	404	165	386	131
5	353	112	113	132
5	424	321	109	133
5	363	252	145	134
5	363	145	146	135
5	481	429	354	136
5	607	393	484	137
5	1544	685	720	138
5	653	485	490	139
5	275	132	133	140
5	409	382	129	141
5	373	135	136	142
5	614	482	253	143
5	355	143	144	144
5	409	130	383	145
5	380	354	122	146
5	486	435	273	147
5	436	273	140	148
5	411	126	375	149
5	360	186	187	150
5	593	394	488	151
5	850	681	706	152
5	393	175	176	153
5	806	611	604	154
5	398	177	361	155
5	784	587	502	156
5	403	162	163	157
5	402	169	388	158
5	253	161	162	159
5	396	188	359	160
5	388	169	170	161
5	1083	868	726	162
5	390	173	174	163
5	484	393	398	164
5	356	195	196	165
5	380	122	123	166
5	432	373	136	167
5	375	126	127	168
5	412	128	382	169
5	357	150	151	170
5	355	144	252	171
5	364	141	142	172
5	624	483	375	173
5	435	139	273	174
5	482	479	406	175
5	424	110	351	176
5	623	412	382	177
5	595	501	352	178
5	325	259	102	179
5	328	46	296	180
5	269	96	97	181
5	1361	1264	1068	182
5	530	286	462	183
5	550	306	421	184
5	251	38	39	185
5	423	103	104	186
5	350	99	266	187
5	693	451	510	188
5	483	411	375	189
5	352	114	115	190
5	633	478	424	191
5	444	150	357	192
5	427	117	367	193
5	588	395	365	194
5	385	154	261	195
5	655	491	587	196
5	369	186	360	197
5	581	431	485	198
5	386	165	166	199
5	5232	5214	5229	200
5	508	503	443	201
5	5232	5226	5214	202
5	1099	878	1090	203
5	5231	207	5222	204
5	5231	206	207	205
5	5230	5210	5219	206
5	5230	5213	5210	207
5	5229	5199	5213	208
5	5229	5214	5199	209
5	5228	204	205	210
5	5228	5217	204	211
5	5225	5219	5200	212
5	5225	249	5219	213
5	5232	5229	202	214
5	5232	202	203	215
5	5227	247	248	216
5	5227	5196	5212	217
5	5224	5195	5209	218
5	5224	5202	5195	219
5	5223	225	226	220
5	5223	5220	225	221
5	5224	5228	205	222
5	5231	205	206	223
5	5221	5173	5203	224
5	5221	5201	5173	225
5	5220	5211	225	226
5	5220	5181	5211	227
5	5230	200	201	228
5	5230	5229	5213	229
5	5219	5210	5191	230
5	5225	5218	248	231
5	5231	5202	5224	232
5	5231	5222	5202	233
5	5216	227	228	234
5	5216	5208	227	235
5	5215	207	208	236
5	5222	5206	5189	237
5	5232	203	5226	238
5	5230	201	5229	239
5	5214	5205	5174	240
5	5229	201	202	241
5	5212	246	247	242
5	5221	246	5212	243
5	5211	5180	224	244
5	5211	5181	5180	245
5	5210	5152	5191	246
5	5210	5190	5152	247
5	5231	5224	205	248
5	5228	5224	5209	249
5	5223	5208	5185	250
5	5223	226	227	251
5	5207	5180	5166	252
5	5207	223	5180	253
5	5222	5189	5202	254
5	5222	5215	5206	255
5	5226	5205	5214	256
5	5217	5188	5205	257
5	5197	229	230	258
5	5197	5179	229	259
5	5203	5163	5193	260
5	5203	5173	5163	261
5	5215	208	209	262
5	5222	207	5215	263
5	5221	5212	5201	264
5	5221	245	246	265
5	5230	5219	200	266
5	5219	249	200	267
5	5205	5154	5174	268
5	5226	5217	5205	269
5	5198	221	222	270
5	5198	5186	221	271
5	5197	5121	5179	272
5	5197	5088	5121	273
5	5212	5196	5170	274
5	5201	5170	5145	275
5	5195	5140	5169	276
5	5195	5157	5140	277
5	5192	241	5168	278
5	5192	240	241	279
5	5193	5160	243	280
5	5193	5163	5160	281
5	5223	5185	5220	282
5	5211	224	225	283
5	5213	5199	5190	284
5	5225	248	249	285
5	5184	5150	218	286
5	5184	5127	5150	287
5	5183	212	5155	288
5	5183	211	212	289
5	5228	5209	5217	290
5	5209	5169	5188	291
5	5187	241	242	292
5	5187	5160	5139	293
5	5186	220	221	294
5	5186	5151	220	295
5	5220	5185	5161	296
5	5220	5161	5181	297
5	5184	219	5151	298
5	5184	5151	5127	299
5	5183	5155	5125	300
5	5149	210	211	301
5	5190	5113	5152	302
5	5182	5112	5162	303
5	5223	227	5208	304
5	5181	5167	5147	305
5	5180	223	224	306
5	5207	5166	5194	307
5	5216	5179	5177	308
5	5179	5158	5177	309
5	5178	5156	5135	310
5	5178	215	5156	311
5	5177	5158	5130	312
5	5179	228	229	313
5	5191	5129	5143	314
5	5227	5212	247	315
5	5204	5142	5175	316
5	5204	214	5178	317
5	5174	5118	5146	318
5	5174	5154	5118	319
5	5171	5144	238	320
5	5171	5116	5144	321
5	5171	5148	5116	322
5	5172	216	217	323
5	5171	238	239	324
5	5172	217	5150	325
5	5176	5133	5153	326
5	5218	5176	5196	327
5	5202	5189	5157	328
5	5226	204	5217	329
5	5194	5166	5131	330
5	5192	5138	5148	331
5	5167	5134	5122	332
5	5167	5161	5134	333
5	5166	5096	5131	334
5	5166	5147	5096	335
5	5165	5091	5123	336
5	5165	5130	5091	337
5	5198	5194	5164	338
5	5207	222	223	339
5	5201	5145	5173	340
5	5203	5193	244	341
5	5162	5108	5128	342
5	5162	5112	5108	343
5	5181	5147	5180	344
5	5208	5165	5185	345
5	5208	5177	5165	346
5	5216	5177	5208	347
5	5159	5087	5111	348
5	5159	5115	5087	349
5	5158	5105	5130	350
5	5192	5168	5138	351
5	5189	5114	5157	352
5	5206	5128	5189	353
5	5192	5148	240	354
5	5148	239	240	355
5	5155	5090	5125	356
5	5155	5132	5090	357
5	5154	5101	5118	358
5	5154	5119	5101	359
5	5153	5082	5124	360
5	5153	5133	5082	361
5	5191	5152	5129	362
5	5227	248	5218	363
5	5164	5107	5137	364
5	5151	219	220	365
5	5184	218	219	366
5	5150	217	218	367
5	5217	5209	5188	368
5	5182	5162	209	369
5	5178	214	215	370
5	5148	5138	5086	371
5	5207	5194	222	372
5	5147	5122	5096	373
5	5199	5174	5146	374
5	5219	5191	5200	375
5	5145	5098	5126	376
5	5145	5124	5098	377
5	5144	237	238	378
5	5144	5115	237	379
5	5152	5076	5129	380
5	5200	5191	5143	381
5	5175	5155	212	382
5	5183	5149	211	383
5	5141	5094	5061	384
5	5141	5121	5094	385
5	5215	5162	5206	386
5	5214	5174	5199	387
5	5139	5102	5100	388
5	5139	5120	5102	389
5	5187	242	243	390
5	5194	5131	5164	391
5	5198	5164	5186	392
5	5186	5164	5137	393
5	5197	5136	5088	394
5	5197	230	5136	395
5	5135	5047	5093	396
5	5135	5092	5047	397
5	5167	5122	5147	398
5	438	198	199	399
5	5161	5106	5134	400
5	1036	844	843	401
5	307	86	87	402
5	661	506	199	403
5	5189	5128	5114	404
5	508	443	356	405
5	5112	5074	5108	406
5	685	657	503	407
5	5156	5092	5135	408
5	508	356	507	409
5	5204	5178	5142	410
5	659	438	506	411
5	5161	5123	5106	412
5	439	356	196	413
5	5187	5139	5168	414
5	443	195	356	415
5	5177	5130	5165	416
5	485	431	433	417
5	5185	5123	5161	418
5	660	517	543	419
5	5129	5071	5081	420
5	385	153	154	421
5	5129	5076	5071	422
5	661	199	515	423
5	5190	5146	5113	424
5	5188	5169	5119	425
5	5186	5137	5151	426
5	354	121	122	427
5	5182	210	5149	428
5	416	351	111	429
5	5170	5124	5145	430
5	1230	1086	1051	431
5	5203	244	245	432
5	410	132	275	433
5	5183	5125	5149	434
5	415	108	321	435
5	5182	5149	5112	436
5	347	101	259	437
5	5124	5045	5098	438
5	318	89	284	439
5	5124	5082	5045	440
5	425	106	277	441
5	5187	5168	241	442
5	578	347	452	443
5	5180	5147	5166	444
5	325	102	103	445
5	5134	5097	5109	446
5	473	464	312	447
5	5134	5109	5122	448
5	769	737	516	449
5	5179	5121	5158	450
5	5158	5121	5141	451
5	5160	5120	5139	452
5	347	100	101	453
5	5168	5100	5138	454
5	445	95	348	455
5	5140	5103	5056	456
5	671	579	645	457
5	5205	5188	5154	458
5	303	84	85	459
5	5146	5118	5089	460
5	445	336	94	461
5	5146	5089	5113	462
5	721	509	477	463
5	5117	5077	5046	464
5	320	92	93	465
5	5117	234	5077	466
5	335	83	84	467
5	5116	5086	5064	468
5	447	82	250	469
5	5138	5100	5070	470
5	764	754	540	471
5	5159	236	237	472
5	339	71	315	473
5	5159	237	5115	474
5	306	58	59	475
5	5169	5140	5085	476
5	5140	5056	5085	477
5	5113	5052	5076	478
5	292	31	32	479
5	5113	5089	5052	480
5	419	12	287	481
5	5159	5111	236	482
5	288	268	8	483
5	5111	235	236	484
5	293	2	3	485
5	5128	5084	5114	486
5	293	256	2	487
5	5111	5087	5057	488
5	1394	1257	1239	489
5	5110	5048	5092	490
5	340	199	0	491
5	5110	5079	5048	492
5	1218	517	853	493
5	5109	5049	5038	494
5	729	460	521	495
5	5109	5097	5049	496
5	746	543	518	497
5	5149	5099	5112	498
5	5209	5195	5169	499
5	5107	5020	5063	500
5	5107	5068	5020	501
5	312	80	279	502
5	762	562	555	503
5	460	263	267	504
5	670	470	454	505
5	273	139	140	506
5	641	588	365	507
5	384	159	160	508
5	261	154	155	509
5	304	55	302	510
5	573	332	466	511
5	742	537	741	512
5	1505	888	1371	513
5	256	255	1	514
5	256	1	2	515
5	330	30	257	516
5	472	345	295	517
5	346	36	258	518
5	260	32	33	519
5	511	456	320	520
5	452	259	451	521
5	329	34	265	522
5	292	32	260	523
5	813	617	667	524
5	349	151	152	525
5	521	460	267	526
5	726	515	340	527
5	263	262	5	528
5	263	5	6	529
5	264	261	155	530
5	264	155	156	531
5	329	33	34	532
5	265	34	35	533
5	510	325	423	534
5	514	284	467	535
5	267	263	6	536
5	267	6	7	537
5	268	267	7	538
5	268	7	8	539
5	452	347	259	540
5	509	418	425	541
5	476	330	459	542
5	422	296	47	543
5	326	26	271	544
5	317	22	276	545
5	420	27	28	546
5	272	28	29	547
5	480	400	390	548
5	374	275	133	549
5	570	474	254	550
5	276	22	23	551
5	590	519	252	552
5	374	133	134	553
5	575	343	308	554
5	278	20	21	555
5	415	107	108	556
5	625	321	478	557
5	565	557	294	558
5	557	316	294	559
5	466	332	417	560
5	563	540	300	561
5	642	441	316	562
5	471	251	270	563
5	281	269	97	564
5	281	97	98	565
5	309	16	283	566
5	470	265	346	567
5	309	15	16	568
5	283	16	17	569
5	307	87	301	570
5	675	568	456	571
5	333	43	44	572
5	314	44	45	573
5	286	276	23	574
5	286	23	24	575
5	528	462	274	576
5	533	455	280	577
5	324	10	289	578
5	535	323	282	579
5	324	9	10	580
5	289	10	11	581
5	498	466	417	582
5	310	290	73	583
5	291	280	19	584
5	291	19	20	585
5	938	928	741	586
5	537	468	287	587
5	534	283	322	588
5	521	267	268	589
5	514	318	284	590
5	297	50	51	591
5	422	47	48	592
5	296	46	47	593
5	644	307	536	594
5	573	341	332	595
5	298	48	49	596
5	299	50	297	597
5	505	315	290	598
5	422	48	298	599
5	299	298	49	600
5	299	49	50	601
5	310	73	74	602
5	448	75	300	603
5	913	671	859	604
5	1110	871	1094	605
5	304	54	55	606
5	304	285	54	607
5	442	86	307	608
5	442	85	86	609
5	576	343	575	610
5	665	534	652	611
5	343	62	308	612
5	344	64	65	613
5	556	314	328	614
5	338	58	306	615
5	442	303	85	616
5	467	284	337	617
5	343	61	62	618
5	343	305	61	619
5	497	334	251	620
5	497	251	471	621
5	701	547	662	622
5	532	447	516	623
5	332	67	68	624
5	449	64	344	625
5	313	77	78	626
5	331	76	77	627
5	469	290	310	628
5	331	77	313	629
5	455	322	280	630
5	333	44	314	631
5	339	70	71	632
5	339	311	70	633
5	524	263	460	634
5	441	41	316	635
5	317	278	21	636
5	317	21	22	637
5	318	301	88	638
5	318	88	89	639
5	319	293	3	640
5	319	3	4	641
5	337	284	90	642
5	446	92	320	643
5	415	277	107	644
5	321	108	109	645
5	322	283	17	646
5	322	17	18	647
5	323	287	13	648
5	323	13	14	649
5	552	283	534	650
5	538	289	419	651
5	423	104	418	652
5	694	625	478	653
5	326	274	25	654
5	326	25	26	655
5	341	67	332	656
5	344	65	327	657
5	328	314	45	658
5	328	45	46	659
5	734	677	462	660
5	459	330	257	661
5	330	272	29	662
5	330	29	30	663
5	562	313	555	664
5	498	417	311	665
5	341	66	67	666
5	341	327	66	667
5	468	419	287	668
5	1362	1084	1218	669
5	334	258	37	670
5	334	37	38	671
5	897	675	861	672
5	540	448	300	673
5	336	320	93	674
5	336	93	94	675
5	547	318	514	676
5	768	567	566	677
5	756	520	651	678
5	461	421	305	679
5	652	534	455	680
5	746	660	543	681
5	753	741	535	682
5	1043	889	916	683
5	550	421	461	684
5	643	270	441	685
5	342	313	78	686
5	342	78	79	687
5	575	308	453	688
5	474	302	254	689
5	556	328	520	690
5	449	308	63	691
5	345	297	51	692
5	345	51	52	693
5	346	265	35	694
5	346	35	36	695
5	692	465	647	696
5	347	266	100	697
5	445	94	95	698
5	725	536	701	699
5	407	153	385	700
5	618	407	617	701
5	350	281	98	702
5	350	98	99	703
5	424	109	110	704
5	351	110	111	705
5	413	114	352	706
5	416	112	353	707
5	478	321	424	708
5	496	371	429	709
5	426	367	118	710
5	372	352	115	711
5	378	143	355	712
5	436	140	141	713
5	807	611	806	714
5	359	188	189	715
5	495	383	410	716
5	591	364	378	717
5	783	584	782	718
5	493	410	275	719
5	489	398	361	720
5	394	185	369	721
5	992	880	704	722
5	365	181	182	723
5	605	391	400	724
5	392	178	179	725
5	362	358	148	726
5	362	148	149	727
5	834	450	635	728
5	799	708	504	729
5	603	387	404	730
5	436	141	364	731
5	366	179	180	732
5	392	361	178	733
5	608	480	390	734
5	392	179	366	735
5	426	119	371	736
5	626	353	580	737
5	368	359	189	738
5	368	189	190	739
5	370	183	184	740
5	437	182	183	741
5	839	640	593	742
5	437	183	370	743
5	426	118	119	744
5	371	119	120	745
5	501	413	352	746
5	627	351	416	747
5	428	135	373	748
5	599	380	414	749
5	718	598	689	750
5	824	626	823	751
5	379	124	125	752
5	414	124	379	753
5	432	136	137	754
5	376	137	138	755
5	377	363	146	756
5	377	146	147	757
5	378	364	142	758
5	378	142	143	759
5	600	481	354	760
5	686	583	487	761
5	816	620	619	762
5	689	598	483	763
5	408	156	157	764
5	408	264	156	765
5	412	127	128	766
5	382	128	129	767
5	409	129	130	768
5	383	130	131	769
5	405	158	159	770
5	405	381	158	771
5	407	152	153	772
5	407	349	152	773
5	604	389	402	774
5	640	370	593	775
5	609	391	605	776
5	403	163	387	777
5	389	167	168	778
5	401	166	167	779
5	604	402	601	780
5	401	167	389	781
5	391	171	172	782
5	399	170	171	783
5	479	384	406	784
5	399	171	391	785
5	606	504	392	786
5	593	370	394	787
5	397	174	175	788
5	397	390	174	789
5	394	370	184	790
5	394	184	185	791
5	395	366	180	792
5	395	180	181	793
5	396	360	187	794
5	396	187	188	795
5	620	523	264	796
5	615	384	479	797
5	398	393	176	798
5	398	176	177	799
5	482	406	253	800
5	614	253	403	801
5	400	391	172	802
5	400	172	173	803
5	605	400	480	804
5	489	484	398	805
5	402	389	168	806
5	402	168	169	807
5	974	788	732	808
5	622	382	409	809
5	404	387	164	810
5	404	164	165	811
5	494	376	435	812
5	621	409	383	813
5	406	384	160	814
5	406	160	161	815
5	638	436	364	816
5	583	362	444	817
5	487	444	357	818
5	583	444	487	819
5	636	376	494	820
5	617	407	385	821
5	410	383	131	822
5	410	131	132	823
5	411	379	125	824
5	411	125	126	825
5	529	428	373	826
5	634	426	371	827
5	413	353	113	828
5	413	113	114	829
5	414	380	123	830
5	414	123	124	831
5	580	413	501	832
5	509	425	477	833
5	496	429	481	834
5	527	378	355	835
5	417	332	68	836
5	417	68	69	837
5	423	325	103	838
5	418	104	105	839
5	419	289	11	840
5	419	11	12	841
5	534	322	455	842
5	533	280	291	843
5	421	306	59	844
5	421	59	60	845
5	574	327	341	846
5	646	449	344	847
5	632	418	509	848
5	861	675	669	849
5	624	375	412	850
5	500	414	379	851
5	425	418	105	852
5	425	105	106	853
5	595	372	594	854
5	690	594	450	855
5	427	372	116	856
5	427	116	117	857
5	428	374	134	858
5	428	134	135	859
5	429	371	120	860
5	429	120	121	861
5	430	368	190	862
5	430	190	191	863
5	431	430	191	864
5	431	191	192	865
5	494	435	486	866
5	639	486	273	867
5	433	431	192	868
5	433	192	193	869
5	434	433	193	870
5	434	193	194	871
5	435	376	138	872
5	435	138	139	873
5	601	402	388	874
5	602	404	386	875
5	867	506	661	876
5	812	616	615	877
5	439	196	197	878
5	440	198	438	879
5	592	395	588	880
5	586	368	492	881
5	440	439	197	882
5	440	197	198	883
5	539	521	268	884
5	541	292	260	885
5	473	312	279	886
5	532	473	279	887
5	443	434	194	888
5	443	194	195	889
5	444	362	149	890
5	444	149	150	891
5	951	767	751	892
5	1051	856	915	893
5	446	337	91	894
5	446	91	92	895
5	447	279	81	896
5	447	81	82	897
5	448	310	74	898
5	448	74	75	899
5	526	295	285	900
5	569	306	550	901
5	450	427	367	902
5	635	450	367	903
5	884	790	690	904
5	791	781	501	905
5	978	793	977	906
5	902	702	717	907
5	646	453	449	908
5	577	344	327	909
5	454	346	258	910
5	497	458	334	911
5	628	272	476	912
5	629	463	271	913
5	456	446	320	914
5	951	751	856	915
5	457	385	261	916
5	523	457	261	917
5	458	454	258	918
5	458	258	334	919
5	476	272	330	920
5	462	286	274	921
5	825	628	476	922
5	736	475	531	923
5	548	302	474	924
5	544	345	472	925
5	528	326	463	926
5	679	524	666	927
5	528	274	326	928
5	463	326	271	929
5	464	342	312	930
5	775	498	572	931
5	465	348	269	932
5	698	512	513	933
5	754	554	540	934
5	737	532	516	935
5	567	250	335	936
5	532	279	447	937
5	539	268	288	938
5	538	419	468	939
5	572	498	311	940
5	505	290	469	941
5	561	541	260	942
5	542	257	292	943
5	843	643	642	944
5	631	520	296	945
5	544	297	345	946
5	520	328	296	947
5	701	536	547	948
5	536	307	301	949
5	548	304	302	950
5	526	472	295	951
5	531	317	522	952
5	533	291	475	953
5	628	420	272	954
5	629	271	420	955
5	477	425	277	956
5	499	477	277	957
5	499	277	415	958
5	698	513	578	959
5	615	405	384	960
5	523	261	264	961
5	610	601	388	962
5	862	707	655	963
5	635	426	634	964
5	634	371	496	965
5	705	479	482	966
5	792	597	687	967
5	598	411	483	968
5	600	354	380	969
5	607	397	393	970
5	608	390	397	971
5	808	797	602	972
5	488	394	369	973
5	596	493	275	974
5	596	275	374	975
5	590	252	363	976
5	519	355	252	977
5	988	802	801	978
5	587	360	396	979
5	798	592	789	980
5	800	607	484	981
5	490	485	433	982
5	490	433	434	983
5	491	488	369	984
5	491	369	360	985
5	502	396	359	986
5	587	491	360	987
5	730	457	523	988
5	495	410	493	989
5	711	529	637	990
5	597	428	529	991
5	835	636	710	992
5	621	383	495	993
5	822	689	483	994
5	635	367	426	995
5	771	570	569	996
5	770	569	550	997
5	571	315	505	998
5	776	466	716	999
5	717	625	694	1000
5	901	852	695	1001
5	821	623	820	1002
5	599	414	500	1003
5	627	416	626	1004
5	626	416	353	1005
5	706	581	654	1006
5	587	396	502	1007
5	503	490	434	1008
5	503	434	443	1009
5	504	489	361	1010
5	504	361	392	1011
5	571	339	315	1012
5	572	311	339	1013
5	506	438	199	1014
5	943	917	743	1015
5	685	503	508	1016
5	910	681	850	1017
5	654	485	653	1018
5	987	801	800	1019
5	663	578	452	1020
5	852	663	695	1021
5	1199	1020	1198	1022
5	724	647	525	1023
5	698	578	663	1024
5	722	632	656	1025
5	859	692	847	1026
5	525	281	512	1027
5	513	512	350	1028
5	513	350	266	1029
5	566	335	303	1030
5	516	447	250	1031
5	1219	658	1080	1032
5	515	199	340	1033
5	1038	845	780	1034
5	551	303	442	1035
5	668	256	517	1036
5	868	661	515	1037
5	543	517	293	1038
5	518	319	262	1039
5	584	362	583	1040
5	527	355	519	1041
5	545	297	544	1042
5	631	296	422	1043
5	740	652	455	1044
5	752	552	665	1045
5	531	278	317	1046
5	522	317	276	1047
5	616	405	615	1048
5	782	584	583	1049
5	524	518	262	1050
5	524	262	263	1051
5	525	465	269	1052
5	525	269	281	1053
5	549	304	548	1054
5	757	556	756	1055
5	839	593	683	1056
5	591	378	527	1057
5	665	552	534	1058
5	742	696	468	1059
5	637	432	636	1060
5	637	373	432	1061
5	530	522	276	1062
5	530	276	286	1063
5	874	700	731	1064
5	747	544	700	1065
5	673	662	514	1066
5	773	505	699	1067
5	829	631	630	1068
5	765	565	564	1069
5	553	535	282	1070
5	537	287	323	1071
5	553	309	552	1072
5	537	323	535	1073
5	567	335	566	1074
5	566	303	551	1075
5	760	560	672	1076
5	744	542	541	1077
5	559	539	288	1078
5	558	289	538	1079
5	559	324	558	1080
5	759	559	758	1081
5	554	310	448	1082
5	554	469	310	1083
5	561	329	560	1084
5	542	292	541	1085
5	674	522	530	1086
5	1017	828	748	1087
5	889	758	728	1088
5	1528	1266	1364	1089
5	545	299	297	1090
5	630	422	298	1091
5	748	546	545	1092
5	546	299	545	1093
5	844	714	471	1094
5	630	298	546	1095
5	547	536	301	1096
5	547	301	318	1097
5	549	285	304	1098
5	549	526	285	1099
5	700	544	472	1100
5	715	678	458	1101
5	569	338	306	1102
5	570	254	338	1103
5	751	551	644	1104
5	567	516	250	1105
5	553	282	309	1106
5	552	309	283	1107
5	745	459	542	1108
5	672	560	470	1109
5	780	577	574	1110
5	776	573	466	1111
5	562	331	313	1112
5	563	300	331	1113
5	763	562	762	1114
5	738	473	532	1115
5	565	333	564	1116
5	642	316	557	1117
5	559	288	324	1118
5	558	324	289	1119
5	679	518	524	1120
5	753	553	752	1121
5	561	260	329	1122
5	560	329	265	1123
5	746	518	679	1124
5	734	528	733	1125
5	953	769	768	1126
5	563	331	562	1127
5	846	453	646	1128
5	699	505	469	1129
5	565	294	333	1130
5	564	333	314	1131
5	777	574	573	1132
5	845	646	577	1133
5	1086	856	1051	1134
5	723	511	579	1135
5	723	579	671	1136
5	669	456	511	1137
5	568	467	337	1138
5	568	337	446	1139
5	761	744	541	1140
5	570	338	569	1141
5	750	549	749	1142
5	1667	1374	1548	1143
5	1136	946	1047	1144
5	572	339	571	1145
5	676	550	461	1146
5	846	649	453	1147
5	773	571	505	1148
5	574	341	573	1149
5	1142	954	953	1150
5	577	327	574	1151
5	576	305	343	1152
5	576	461	305	1153
5	1037	714	844	1154
5	829	651	631	1155
5	1039	846	845	1156
5	646	344	577	1157
5	578	513	266	1158
5	578	266	347	1159
5	579	511	336	1160
5	579	336	445	1161
5	790	594	690	1162
5	633	351	627	1163
5	581	492	430	1164
5	581	430	431	1165
5	582	487	357	1166
5	582	357	349	1167
5	584	358	362	1168
5	589	363	377	1169
5	712	495	493	1170
5	585	358	584	1171
5	688	494	486	1172
5	589	377	585	1173
5	586	502	359	1174
5	586	359	368	1175
5	1092	867	661	1176
5	802	703	480	1177
5	592	366	395	1178
5	606	392	366	1179
5	1030	905	688	1180
5	590	363	589	1181
5	840	641	640	1182
5	1154	968	910	1183
5	803	605	703	1184
5	638	364	591	1185
5	789	592	588	1186
5	606	366	592	1187
5	640	437	370	1188
5	641	365	437	1189
5	595	352	372	1190
5	594	372	427	1191
5	794	500	718	1192
5	796	481	600	1193
5	787	519	590	1194
5	838	688	486	1195
5	597	596	374	1196
5	597	374	428	1197
5	598	500	379	1198
5	598	379	411	1199
5	793	596	792	1200
5	600	380	599	1201
5	821	624	623	1202
5	793	712	493	1203
5	612	602	386	1204
5	613	403	387	1205
5	611	389	604	1206
5	603	404	602	1207
5	683	593	488	1208
5	613	387	603	1209
5	611	401	389	1210
5	612	386	401	1211
5	609	399	391	1212
5	610	388	399	1213
5	681	586	492	1214
5	707	491	655	1215
5	803	609	605	1216
5	608	397	607	1217
5	840	640	839	1218
5	983	798	789	1219
5	708	489	504	1220
5	610	399	609	1221
5	812	615	684	1222
5	684	615	479	1223
5	810	614	613	1224
5	612	401	611	1225
5	1032	840	839	1226
5	801	608	607	1227
5	709	489	708	1228
5	614	403	613	1229
5	788	527	732	1230
5	682	487	582	1231
5	616	381	405	1232
5	620	264	408	1233
5	1026	834	1025	1234
5	619	381	616	1235
5	618	349	407	1236
5	618	582	349	1237
5	686	487	682	1238
5	782	583	686	1239
5	732	527	519	1240
5	620	408	619	1241
5	787	732	519	1242
5	785	589	585	1243
5	687	597	529	1244
5	622	409	621	1245
5	820	623	622	1246
5	623	382	622	1247
5	1001	813	877	1248
5	624	412	623	1249
5	713	496	481	1250
5	702	477	499	1251
5	625	499	415	1252
5	625	415	321	1253
5	781	580	501	1254
5	633	424	351	1255
5	911	702	902	1256
5	721	477	702	1257
5	826	628	825	1258
5	629	420	628	1259
5	827	733	463	1260
5	883	666	729	1261
5	651	520	631	1262
5	631	422	630	1263
5	715	497	714	1264
5	740	455	533	1265
5	632	510	423	1266
5	632	423	418	1267
5	791	595	790	1268
5	831	478	633	1269
5	718	500	598	1270
5	796	713	481	1271
5	831	633	830	1272
5	1007	819	818	1273
5	637	529	373	1274
5	636	432	376	1275
5	813	618	617	1276
5	836	638	591	1277
5	797	603	602	1278
5	639	436	638	1279
5	811	705	482	1280
5	705	684	479	1281
5	903	684	705	1282
5	641	437	640	1283
5	654	581	485	1284
5	817	730	523	1285
5	649	575	453	1286
5	643	441	642	1287
5	778	575	649	1288
5	770	550	676	1289
5	644	551	442	1290
5	644	442	307	1291
5	645	579	445	1292
5	645	445	348	1293
5	950	766	765	1294
5	937	752	855	1295
5	695	452	451	1296
5	1220	1045	1048	1297
5	648	548	474	1298
5	772	648	474	1299
5	778	576	575	1300
5	772	474	570	1301
5	650	476	459	1302
5	745	650	459	1303
5	756	556	520	1304
5	844	471	643	1305
5	735	522	674	1306
5	759	743	539	1307
5	1219	507	658	1308
5	863	685	849	1309
5	1069	983	1031	1310
5	1318	1171	1317	1311
5	719	586	681	1312
5	784	655	587	1313
5	656	632	509	1314
5	721	656	509	1315
5	657	653	490	1316
5	657	490	503	1317
5	658	507	439	1318
5	658	439	440	1319
5	691	438	659	1320
5	691	440	438	1321
5	1063	942	889	1322
5	909	891	678	1323
5	668	255	256	1324
5	868	515	726	1325
5	662	547	514	1326
5	1115	1079	873	1327
5	695	451	693	1328
5	1022	694	831	1329
5	664	555	464	1330
5	738	532	737	1331
5	696	538	468	1332
5	666	524	460	1333
5	728	538	696	1334
5	758	558	728	1335
5	667	617	457	1336
5	730	667	457	1337
5	853	517	660	1338
5	727	255	668	1339
5	673	514	467	1340
5	675	456	669	1341
5	1018	829	828	1342
5	672	470	670	1343
5	723	669	511	1344
5	1012	781	976	1345
5	1086	951	856	1346
5	1040	875	649	1347
5	680	568	675	1348
5	680	467	568	1349
5	735	531	522	1350
5	739	533	475	1351
5	680	673	467	1352
5	915	856	725	1353
5	779	576	778	1354
5	779	676	461	1355
5	677	674	530	1356
5	677	530	462	1357
5	678	670	454	1358
5	678	454	458	1359
5	896	666	883	1360
5	1134	943	1133	1361
5	856	751	725	1362
5	915	701	871	1363
5	719	502	586	1364
5	784	502	719	1365
5	814	618	813	1366
5	814	582	618	1367
5	841	588	641	1368
5	703	605	480	1369
5	993	807	806	1370
5	704	604	601	1371
5	867	659	506	1372
5	720	685	508	1373
5	1028	837	836	1374
5	838	486	639	1375
5	710	494	688	1376
5	711	687	529	1377
5	710	636	494	1378
5	999	903	705	1379
5	818	495	712	1380
5	819	622	621	1381
5	832	496	713	1382
5	1202	1024	1023	1383
5	720	508	507	1384
5	691	658	440	1385
5	692	671	645	1386
5	692	645	465	1387
5	695	663	452	1388
5	1267	1109	914	1389
5	823	580	781	1390
5	830	633	627	1391
5	1107	902	1054	1392
5	901	695	693	1393
5	728	558	538	1394
5	729	666	460	1395
5	697	664	464	1396
5	697	464	473	1397
5	724	512	698	1398
5	724	525	512	1399
5	755	554	754	1400
5	716	466	498	1401
5	747	545	544	1402
5	828	630	546	1403
5	725	644	536	1404
5	738	697	473	1405
5	1198	1020	1013	1406
5	864	693	722	1407
5	805	704	601	1408
5	806	604	704	1409
5	804	609	803	1410
5	1366	1224	1264	1411
5	809	603	797	1412
5	995	808	994	1413
5	706	681	492	1414
5	706	492	581	1415
5	707	683	488	1416
5	707	488	491	1417
5	709	484	489	1418
5	802	480	608	1419
5	995	797	808	1420
5	800	484	709	1421
5	991	805	804	1422
5	993	806	880	1423
5	865	812	684	1424
5	1002	812	865	1425
5	818	621	495	1426
5	820	622	819	1427
5	832	634	496	1428
5	833	635	634	1429
5	715	458	497	1430
5	714	497	471	1431
5	925	739	736	1432
5	921	735	674	1433
5	774	571	773	1434
5	775	716	498	1435
5	717	702	499	1436
5	717	499	625	1437
5	794	599	500	1438
5	795	600	599	1439
5	910	719	681	1440
5	1032	839	879	1441
5	1070	1032	879	1442
5	1068	857	863	1443
5	1021	831	830	1444
5	1026	884	690	1445
5	722	693	510	1446
5	722	510	632	1447
5	1253	1102	1225	1448
5	1258	1059	1082	1449
5	1221	1059	852	1450
5	1057	698	663	1451
5	954	737	769	1452
5	1060	913	859	1453
5	1222	1093	868	1454
5	1061	888	932	1455
5	727	726	340	1456
5	727	340	255	1457
5	893	670	891	1458
5	930	745	744	1459
5	922	735	921	1460
5	1289	1124	1064	1461
5	815	616	812	1462
5	1062	900	905	1463
5	731	700	472	1464
5	731	472	526	1465
5	788	591	527	1466
5	837	639	638	1467
5	734	462	528	1468
5	733	528	463	1469
5	941	757	756	1470
5	1015	826	1014	1471
5	855	752	665	1472
5	736	531	735	1473
5	938	753	937	1474
5	739	475	736	1475
5	767	551	751	1476
5	875	778	649	1477
5	958	872	648	1478
5	960	774	959	1479
5	929	742	928	1480
5	740	533	739	1481
5	1407	1228	1294	1482
5	1810	1652	1504	1483
5	742	468	537	1484
5	741	537	535	1485
5	855	665	854	1486
5	1014	826	825	1487
5	743	729	521	1488
5	743	521	539	1489
5	761	561	760	1490
5	745	542	744	1491
5	1019	651	829	1492
5	935	750	749	1493
5	1139	941	1076	1494
5	1120	854	927	1495
5	931	650	745	1496
5	748	545	747	1497
5	1014	825	869	1498
5	828	546	748	1499
5	750	526	549	1500
5	750	731	526	1501
5	920	885	677	1502
5	927	652	740	1503
5	767	566	551	1504
5	769	516	567	1505
5	753	535	553	1506
5	752	553	552	1507
5	929	916	696	1508
5	1213	1035	1212	1509
5	755	469	554	1510
5	755	699	469	1511
5	948	754	764	1512
5	939	755	754	1513
5	757	564	556	1514
5	766	557	565	1515
5	941	756	851	1516
5	765	564	757	1517
5	759	539	559	1518
5	758	559	558	1519
5	1120	1085	854	1520
5	922	736	735	1521
5	761	541	561	1522
5	760	561	560	1523
5	956	771	770	1524
5	935	749	872	1525
5	763	563	562	1526
5	764	540	563	1527
5	959	774	773	1528
5	764	563	763	1529
5	963	777	776	1530
5	961	775	960	1531
5	891	670	678	1532
5	766	565	765	1533
5	1035	843	842	1534
5	842	557	766	1535
5	915	725	701	1536
5	768	566	767	1537
5	948	939	754	1538
5	769	567	768	1539
5	947	763	946	1540
5	1040	649	846	1541
5	872	749	648	1542
5	771	569	770	1543
5	956	770	955	1544
5	772	570	771	1545
5	965	778	875	1546
5	957	772	771	1547
5	774	572	571	1548
5	775	572	774	1549
5	952	767	951	1550
5	859	671	692	1551
5	871	701	662	1552
5	923	738	737	1553
5	873	664	697	1554
5	777	573	776	1555
5	873	848	664	1556
5	780	574	777	1557
5	779	461	576	1558
5	933	747	700	1559
5	1127	935	1067	1560
5	934	748	747	1561
5	946	763	762	1562
5	845	577	780	1563
5	823	626	580	1564
5	824	627	626	1565
5	783	585	584	1566
5	786	590	589	1567
5	1029	838	837	1568
5	785	585	783	1569
5	986	709	904	1570
5	985	904	708	1571
5	967	782	858	1572
5	786	589	785	1573
5	970	783	967	1574
5	787	590	786	1575
5	900	835	710	1576
5	973	732	787	1577
5	1011	689	822	1578
5	836	591	788	1579
5	798	606	592	1580
5	799	504	606	1581
5	791	501	595	1582
5	790	595	594	1583
5	1008	820	819	1584
5	1020	830	824	1585
5	793	493	596	1586
5	792	596	597	1587
5	1027	836	788	1588
5	906	835	900	1589
5	981	795	980	1590
5	795	599	794	1591
5	1020	824	1013	1592
5	796	600	795	1593
5	975	791	790	1594
5	976	791	975	1595
5	809	613	603	1596
5	811	482	614	1597
5	1081	850	876	1598
5	799	606	798	1599
5	969	862	655	1600
5	1257	1081	1239	1601
5	898	803	703	1602
5	801	607	800	1603
5	904	709	708	1604
5	802	608	801	1605
5	878	707	862	1606
5	998	811	810	1607
5	804	610	609	1608
5	805	601	610	1609
5	880	806	704	1610
5	805	610	804	1611
5	989	898	703	1612
5	1078	857	1068	1613
5	807	612	611	1614
5	808	602	612	1615
5	1209	1029	1208	1616
5	808	612	807	1617
5	1182	1002	1073	1618
5	877	813	667	1619
5	1253	1056	1102	1620
5	810	613	809	1621
5	1004	817	816	1622
5	811	614	810	1623
5	903	865	684	1624
5	1159	972	971	1625
5	815	619	616	1626
5	817	523	620	1627
5	814	682	582	1628
5	971	786	785	1629
5	882	792	687	1630
5	1102	1056	901	1631
5	879	683	878	1632
5	816	619	815	1633
5	1002	815	812	1634
5	817	620	816	1635
5	907	882	687	1636
5	1006	818	712	1637
5	977	793	792	1638
5	819	621	818	1639
5	1025	834	833	1640
5	822	624	821	1641
5	1025	833	1024	1642
5	822	483	624	1643
5	1012	823	781	1644
5	975	790	884	1645
5	979	718	881	1646
5	981	796	795	1647
5	1013	823	1012	1648
5	979	794	718	1649
5	976	781	791	1650
5	830	627	824	1651
5	826	629	628	1652
5	827	463	629	1653
5	1019	829	1018	1654
5	827	629	826	1655
5	869	825	650	1656
5	894	760	672	1657
5	949	757	941	1658
5	829	630	828	1659
5	1037	908	714	1660
5	1145	955	1144	1661
5	1056	852	901	1662
5	911	721	702	1663
5	901	693	864	1664
5	902	717	860	1665
5	982	796	981	1666
5	833	634	832	1667
5	977	792	882	1668
5	834	635	833	1669
5	967	783	782	1670
5	1104	907	906	1671
5	835	711	637	1672
5	835	637	636	1673
5	978	712	793	1674
5	837	638	836	1675
5	1030	688	838	1676
5	838	639	837	1677
5	1003	815	1002	1678
5	878	683	707	1679
5	1367	1092	1265	1680
5	841	641	840	1681
5	984	798	983	1682
5	841	789	588	1683
5	1226	1090	1156	1684
5	876	706	654	1685
5	921	674	885	1686
5	843	642	842	1687
5	931	869	650	1688
5	844	643	843	1689
5	894	672	893	1690
5	909	715	908	1691
5	870	773	699	1692
5	846	646	845	1693
5	961	716	775	1694
5	959	773	870	1695
5	847	692	647	1696
5	914	647	724	1697
5	848	762	664	1698
5	1138	1131	939	1699
5	1044	691	659	1700
5	1686	1371	1519	1701
5	1154	910	1049	1702
5	857	653	657	1703
5	851	756	651	1704
5	1148	872	958	1705
5	1082	724	1058	1706
5	914	847	647	1707
5	1506	863	1042	1708
5	1083	726	727	1709
5	854	665	652	1710
5	927	854	652	1711
5	1101	891	909	1712
5	1260	1100	1228	1713
5	954	923	737	1714
5	1308	1152	1307	1715
5	876	850	706	1716
5	887	653	857	1717
5	858	782	686	1718
5	899	858	686	1719
5	1231	1045	1220	1720
5	1507	1408	1431	1721
5	860	717	694	1722
5	1336	1191	1335	1723
5	1369	1220	1271	1724
5	1598	1554	1440	1725
5	968	719	910	1726
5	1156	862	969	1727
5	863	857	657	1728
5	863	657	685	1729
5	1162	975	884	1730
5	1167	980	1166	1731
5	1005	918	730	1732
5	1278	1105	1104	1733
5	866	864	722	1734
5	866	722	656	1735
5	1406	1093	1222	1736
5	1264	1224	1078	1737
5	1527	1061	932	1738
5	1371	888	1227	1739
5	1016	919	733	1740
5	885	674	677	1741
5	940	755	939	1742
5	962	716	961	1743
5	1140	952	951	1744
5	1094	890	1041	1745
5	1217	875	1040	1746
5	955	770	676	1747
5	924	738	923	1748
5	924	697	738	1749
5	936	750	935	1750
5	933	700	874	1751
5	1150	960	1149	1752
5	958	648	772	1753
5	1171	985	1170	1754
5	1155	968	1154	1755
5	1077	905	1030	1756
5	899	686	682	1757
5	879	839	683	1758
5	1033	840	1032	1759
5	1078	887	857	1760
5	1171	904	985	1761
5	990	803	898	1762
5	996	797	995	1763
5	881	718	689	1764
5	1011	881	689	1765
5	1006	712	978	1766
5	1010	822	821	1767
5	1135	945	944	1768
5	917	883	729	1769
5	980	794	979	1770
5	1024	833	832	1771
5	920	734	919	1772
5	925	736	922	1773
5	1508	720	886	1774
5	886	720	507	1775
5	887	876	654	1776
5	887	654	653	1777
5	932	679	896	1778
5	932	746	679	1779
5	917	729	743	1780
5	942	758	889	1781
5	890	871	662	1782
5	890	662	673	1783
5	893	672	670	1784
5	945	930	744	1785
5	892	861	669	1786
5	892	669	723	1787
5	1113	921	885	1788
5	944	760	894	1789
5	1046	944	894	1790
5	1195	1111	919	1791
5	895	890	673	1792
5	895	673	680	1793
5	932	888	746	1794
5	896	679	666	1795
5	897	895	680	1796
5	897	680	675	1797
5	990	804	803	1798
5	992	704	805	1799
5	1071	1000	1001	1800
5	1206	1027	974	1801
5	906	711	835	1802
5	907	687	711	1803
5	1108	1055	912	1804
5	1221	852	1056	1805
5	912	656	721	1806
5	912	721	911	1807
5	994	807	993	1808
5	1180	996	1179	1809
5	986	800	709	1810
5	989	703	802	1811
5	905	900	710	1812
5	905	710	688	1813
5	1190	881	1011	1814
5	907	711	906	1815
5	1187	1009	1008	1816
5	1165	978	977	1817
5	909	678	715	1818
5	908	715	714	1819
5	1123	1066	931	1820
5	1119	927	926	1821
5	968	784	719	1822
5	969	655	784	1823
5	1335	1163	1313	1824
5	912	866	656	1825
5	1229	1087	1109	1826
5	1205	884	1026	1827
5	913	892	723	1828
5	913	723	671	1829
5	1091	864	866	1830
5	1060	1050	913	1831
5	1269	1140	1086	1832
5	1151	961	1150	1833
5	916	889	728	1834
5	916	728	696	1835
5	943	759	942	1836
5	1228	1100	1134	1837
5	918	877	667	1838
5	918	667	730	1839
5	920	677	734	1840
5	919	734	733	1841
5	1144	964	1095	1842
5	1217	1096	875	1843
5	1146	957	956	1844
5	926	740	739	1845
5	1238	1076	1197	1846
5	1195	919	1016	1847
5	924	873	697	1848
5	1321	1177	1176	1849
5	1153	966	963	1850
5	1290	1128	1247	1851
5	1283	1112	1111	1852
5	926	739	925	1853
5	1121	929	928	1854
5	927	740	926	1855
5	1129	937	1065	1856
5	1085	855	854	1857
5	929	696	742	1858
5	928	742	741	1859
5	1063	889	1043	1860
5	1133	942	1063	1861
5	945	761	944	1862
5	931	745	930	1863
5	1123	930	945	1864
5	1065	937	855	1865
5	1286	1117	1284	1866
5	1604	1461	1460	1867
5	1283	1113	1112	1868
5	934	747	933	1869
5	1194	1016	1015	1870
5	1017	748	934	1871
5	936	731	750	1872
5	936	874	731	1873
5	1125	933	874	1874
5	1139	949	941	1875
5	938	741	753	1876
5	937	753	752	1877
5	1130	1121	928	1878
5	1227	888	1061	1879
5	940	699	755	1880
5	940	870	699	1881
5	1131	940	939	1882
5	1052	959	870	1883
5	949	765	757	1884
5	1034	842	766	1885
5	943	743	759	1886
5	942	759	758	1887
5	1368	1227	1061	1888
5	1124	932	896	1889
5	945	744	761	1890
5	944	761	760	1891
5	1117	925	922	1892
5	1123	945	1135	1893
5	947	764	763	1894
5	948	764	947	1895
5	1297	1136	1244	1896
5	1106	908	1037	1897
5	1095	964	965	1898
5	1304	1144	1240	1899
5	1149	960	959	1900
5	950	765	949	1901
5	1320	1176	1175	1902
5	1034	766	950	1903
5	952	768	767	1904
5	953	768	952	1905
5	1089	892	1050	1906
5	1282	1094	1236	1907
5	1430	1280	1373	1908
5	954	769	953	1909
5	1137	947	1136	1910
5	1151	962	961	1911
5	1146	956	1145	1912
5	1212	950	1139	1913
5	1152	962	1151	1914
5	957	771	956	1915
5	1197	1017	1196	1916
5	958	772	957	1917
5	1340	1126	1290	1918
5	1196	1017	934	1919
5	960	775	774	1920
5	962	776	716	1921
5	1110	1051	915	1922
5	963	776	962	1923
5	1094	871	890	1924
5	966	780	777	1925
5	1140	951	1086	1926
5	1425	1282	1370	1927
5	1079	1047	848	1928
5	966	777	963	1929
5	964	955	676	1930
5	964	676	779	1931
5	965	964	779	1932
5	965	779	778	1933
5	1298	1293	1131	1934
5	1038	780	966	1935
5	970	785	783	1936
5	972	787	786	1937
5	1169	983	1069	1938
5	969	784	968	1939
5	1173	987	986	1940
5	1090	878	862	1941
5	1182	1003	1002	1942
5	971	785	970	1943
5	1183	918	1005	1944
5	972	786	971	1945
5	1259	1087	1229	1946
5	973	787	972	1947
5	1179	995	994	1948
5	974	732	973	1949
5	1074	880	1178	1950
5	1027	788	974	1951
5	1185	1007	1006	1952
5	1013	824	823	1953
5	1347	1201	1346	1954
5	1343	1199	1198	1955
5	1172	986	904	1956
5	1007	818	1006	1957
5	1160	973	972	1958
5	1008	819	1007	1959
5	980	795	794	1960
5	982	713	796	1961
5	1168	981	1167	1962
5	1023	832	713	1963
5	1191	1012	976	1964
5	1205	1162	884	1965
5	1332	1188	1331	1966
5	1023	713	982	1967
5	984	799	798	1968
5	985	708	799	1969
5	1310	1226	1156	1970
5	985	799	984	1971
5	1318	1173	1172	1972
5	1176	989	1175	1973
5	1169	984	983	1974
5	987	800	986	1975
5	1178	991	1177	1976
5	988	801	987	1977
5	1177	991	990	1978
5	989	802	988	1979
5	1174	988	987	1980
5	1310	1156	1155	1981
5	1181	1073	903	1982
5	991	804	990	1983
5	1175	989	988	1984
5	992	805	991	1985
5	1170	984	1169	1986
5	1157	970	967	1987
5	994	808	807	1988
5	999	705	811	1989
5	1172	904	1171	1990
5	997	810	809	1991
5	1161	974	973	1992
5	1207	1028	1027	1993
5	1075	967	858	1994
5	997	809	996	1995
5	1101	1046	893	1996
5	998	810	997	1997
5	1584	1430	1509	1998
5	999	811	998	1999
5	1073	865	903	2000
5	1183	1098	918	2001
5	1000	899	682	2002
5	1000	682	814	2003
5	1001	1000	814	2004
5	1001	814	813	2005
5	1003	816	815	2006
5	1005	730	817	2007
5	1181	903	999	2008
5	1004	816	1003	2009
5	1178	880	992	2010
5	1005	817	1004	2011
5	1073	1002	865	2012
5	1183	1004	1182	2013
5	1189	1011	1010	2014
5	1009	821	820	2015
5	1104	906	1103	2016
5	1334	1250	1053	2017
5	1166	980	979	2018
5	1009	820	1008	2019
5	1203	1025	1024	2020
5	1010	821	1009	2021
5	1191	976	1163	2022
5	1011	822	1010	2023
5	1166	979	1053	2024
5	1168	982	981	2025
5	1192	1013	1012	2026
5	1021	830	1020	2027
5	1201	982	1168	2028
5	1022	831	1021	2029
5	1015	827	826	2030
5	1016	733	827	2031
5	1046	894	893	2032
5	1016	827	1015	2033
5	1212	1034	950	2034
5	1128	936	1127	2035
5	1135	944	1046	2036
5	1018	828	1017	2037
5	1106	1101	909	2038
5	1019	851	651	2039
5	1076	941	851	2040
5	1212	1035	1034	2041
5	1415	1056	1253	2042
5	1163	975	1162	2043
5	1349	1203	1348	2044
5	1022	860	694	2045
5	1091	866	1055	2046
5	1055	866	912	2047
5	1192	1012	1191	2048
5	1024	832	1023	2049
5	1164	977	882	2050
5	1026	690	834	2051
5	1184	1006	978	2052
5	1103	900	1062	2053
5	1179	996	995	2054
5	1105	882	907	2055
5	1072	899	1000	2056
5	1028	836	1027	2057
5	1180	998	997	2058
5	1029	837	1028	2059
5	1105	907	1104	2060
5	1030	838	1029	2061
5	1103	906	900	2062
5	1188	1010	1009	2063
5	1031	983	789	2064
5	1031	789	841	2065
5	1033	841	840	2066
5	1033	1031	841	2067
5	1355	1211	1210	2068
5	1517	1470	1397	2069
5	1076	851	1019	2070
5	1035	842	1034	2071
5	1118	926	925	2072
5	1036	843	1035	2073
5	1066	869	931	2074
5	1037	844	1036	2075
5	1085	1065	855	2076
5	1122	929	1121	2077
5	1136	947	946	2078
5	1039	845	1038	2079
5	1214	1038	966	2080
5	1040	846	1039	2081
5	1149	959	1052	2082
5	1216	1040	1039	2083
5	1050	892	913	2084
5	1422	1270	1246	2085
5	1042	863	849	2086
5	1044	659	867	2087
5	1436	1289	1260	2088
5	1122	916	929	2089
5	1256	691	1044	2090
5	1080	658	691	2091
5	1045	1041	895	2092
5	1045	895	897	2093
5	1101	893	891	2094
5	1106	1037	1213	2095
5	1047	946	848	2096
5	1273	1051	1110	2097
5	1048	1045	897	2098
5	1048	897	861	2099
5	1049	910	850	2100
5	1326	1073	1181	2101
5	1089	861	892	2102
5	1089	1048	861	2103
5	1143	923	954	2104
5	1079	848	873	2105
5	1132	940	1131	2106
5	1290	1126	1125	2107
5	1053	979	881	2108
5	1190	1053	881	2109
5	1054	902	860	2110
5	1200	1088	1022	2111
5	1108	911	1107	2112
5	1270	1050	1246	2113
5	1102	864	1091	2114
5	1102	901	864	2115
5	1058	698	1057	2116
5	1058	724	698	2117
5	1082	914	724	2118
5	1258	1057	1059	2119
5	1059	1057	663	2120
5	1059	663	852	2121
5	1246	1050	1060	2122
5	1345	1200	1344	2123
5	1356	1243	1212	2124
5	1124	896	1064	2125
5	1405	1310	1376	2126
5	1077	1062	905	2127
5	1064	896	883	2128
5	1294	1133	1223	2129
5	1443	1295	1377	2130
5	1134	917	943	2131
5	1193	1015	1014	2132
5	1338	1195	1194	2133
5	1111	920	919	2134
5	1066	1014	869	2135
5	1067	935	872	2136
5	1148	1067	872	2137
5	1097	887	1078	2138
5	1081	1049	850	2139
5	1210	1032	1070	2140
5	1211	1031	1033	2141
5	1210	1033	1032	2142
5	1211	1069	1031	2143
5	1249	1079	1248	2144
5	1157	967	1075	2145
5	1312	1160	1311	2146
5	1072	1000	1071	2147
5	1071	1001	877	2148
5	1182	1004	1003	2149
5	1181	998	1180	2150
5	1074	994	993	2151
5	1072	1075	858	2152
5	1378	1232	1353	2153
5	1139	950	949	2154
5	1127	936	935	2155
5	1158	970	1157	2156
5	1208	1029	1028	2157
5	1323	1074	1322	2158
5	1239	1097	1224	2159
5	1141	952	1140	2160
5	1231	1041	1045	2161
5	1550	1367	1265	2162
5	1754	1607	1753	2163
5	1126	933	1125	2164
5	1197	1018	1017	2165
5	1267	914	1082	2166
5	1281	1235	1055	2167
5	1289	1064	1260	2168
5	1233	867	1092	2169
5	1268	727	1084	2170
5	1084	727	668	2171
5	1112	920	1111	2172
5	1563	1452	1533	2173
5	1411	1259	1375	2174
5	1115	873	924	2175
5	1087	1060	859	2176
5	1087	859	847	2177
5	1088	1054	860	2178
5	1088	860	1022	2179
5	1449	1304	1448	2180
5	1303	1116	1143	2181
5	1099	879	878	2182
5	1099	1070	879	2183
5	1277	1103	1062	2184
5	1072	858	899	2185
5	1233	1044	867	2186
5	1222	868	1083	2187
5	1093	1092	661	2188
5	1093	661	868	2189
5	1110	915	871	2190
5	1270	1089	1050	2191
5	1144	955	964	2192
5	1145	956	955	2193
5	1096	1095	965	2194
5	1096	965	875	2195
5	1097	1081	876	2196
5	1097	876	887	2197
5	1098	1071	877	2198
5	1098	877	918	2199
5	1354	1070	1275	2200
5	1318	1172	1171	2201
5	1100	1064	883	2202
5	1100	883	917	2203
5	1262	1075	1072	2204
5	1382	1351	1350	2205
5	1179	994	1074	2206
5	1074	993	880	2207
5	1352	1207	1206	2208
5	1164	882	1105	2209
5	1322	1178	1316	2210
5	1165	977	1164	2211
5	1276	1071	1272	2212
5	1184	978	1165	2213
5	1106	909	908	2214
5	1357	1213	1243	2215
5	1108	912	911	2216
5	1107	911	902	2217
5	1721	1375	1577	2218
5	1383	1234	1254	2219
5	1109	1087	847	2220
5	1109	847	914	2221
5	1384	1220	1369	2222
5	1269	1086	1230	2223
5	1112	885	920	2224
5	1114	922	921	2225
5	1284	1117	1114	2226
5	1113	885	1112	2227
5	1338	1194	1193	2228
5	1114	921	1113	2229
5	1339	1283	1111	2230
5	1117	922	1114	2231
5	1385	1247	1306	2232
5	1141	953	952	2233
5	1116	1115	924	2234
5	1116	924	923	2235
5	1242	1065	1085	2236
5	1118	925	1117	2237
5	1389	1223	1237	2238
5	1119	926	1118	2239
5	1292	1130	1291	2240
5	1120	927	1119	2241
5	1439	1416	1288	2242
5	1255	1043	1122	2243
5	1130	938	1129	2244
5	1122	1043	916	2245
5	1433	1380	1286	2246
5	1589	1438	1510	2247
5	1123	931	930	2248
5	1193	1014	1066	2249
5	1286	1118	1117	2250
5	1287	1119	1286	2251
5	1126	934	933	2252
5	1197	1076	1019	2253
5	1295	1123	1135	2254
5	1196	934	1126	2255
5	1128	874	936	2256
5	1128	1125	874	2257
5	1452	1357	1387	2258
5	1450	1293	1446	2259
5	1130	928	938	2260
5	1129	938	937	2261
5	1337	1066	1296	2262
5	1435	1386	1241	2263
5	1132	870	940	2264
5	1132	1052	870	2265
5	1360	1216	1359	2266
5	1240	1144	1095	2267
5	1134	1100	917	2268
5	1133	943	942	2269
5	1511	1222	1420	2270
5	1953	1664	1706	2271
5	1285	1248	1115	2272
5	1245	1052	1293	2273
5	1137	948	947	2274
5	1138	939	948	2275
5	1293	1132	1131	2276
5	1138	948	1137	2277
5	1307	1152	1151	2278
5	1298	1131	1138	2279
5	1299	1076	1238	2280
5	1213	1037	1036	2281
5	1143	954	1142	2282
5	1142	953	1141	2283
5	1300	1141	1140	2284
5	1143	1116	923	2285
5	1557	1381	1552	2286
5	1297	1138	1137	2287
5	1365	1302	1301	2288
5	1586	1525	1380	2289
5	1240	1095	1096	2290
5	1147	958	957	2291
5	1308	1214	1153	2292
5	1245	1150	1149	2293
5	1304	1145	1144	2294
5	1147	957	1146	2295
5	1359	1214	1308	2296
5	1148	958	1147	2297
5	1360	1240	1096	2298
5	1411	1246	1259	2299
5	1150	961	960	2300
5	1152	963	962	2301
5	1305	1146	1304	2302
5	1153	963	1152	2303
5	1305	1148	1147	2304
5	1214	966	1153	2305
5	1359	1216	1215	2306
5	1215	1039	1038	2307
5	1306	1067	1148	2308
5	1307	1151	1150	2309
5	1155	969	968	2310
5	1156	1090	862	2311
5	1515	1080	1256	2312
5	1156	969	1155	2313
5	1899	1755	1754	2314
5	1274	1090	1226	2315
5	1158	971	970	2316
5	1209	1030	1029	2317
5	1232	1062	1077	2318
5	1159	971	1158	2319
5	1259	1060	1087	2320
5	1160	972	1159	2321
5	1329	1272	1098	2322
5	1161	973	1160	2323
5	1348	1203	1202	2324
5	1206	974	1161	2325
5	1163	976	975	2326
5	1199	1021	1020	2327
5	1333	1190	1189	2328
5	1200	1021	1199	2329
5	1277	1104	1103	2330
5	1185	1006	1184	2331
5	1346	1168	1315	2332
5	1186	1008	1007	2333
5	1167	981	980	2334
5	1201	1023	982	2335
5	1315	1168	1167	2336
5	1202	1023	1201	2337
5	1336	1192	1191	2338
5	1203	1024	1202	2339
5	1170	985	984	2340
5	1274	1099	1090	2341
5	1746	1600	1570	2342
5	1173	986	1172	2343
5	1462	1459	1321	2344
5	1174	987	1173	2345
5	1641	1426	1583	2346
5	1175	988	1174	2347
5	1239	1081	1097	2348
5	1176	990	898	2349
5	1355	1210	1354	2350
5	1176	898	989	2351
5	1252	1069	1211	2352
5	1317	1169	1252	2353
5	1317	1171	1170	2354
5	1177	990	1176	2355
5	1252	1169	1069	2356
5	1178	992	991	2357
5	1464	1322	1463	2358
5	1180	997	996	2359
5	1311	1159	1158	2360
5	1181	999	998	2361
5	1272	1071	1098	2362
5	1329	1098	1183	2363
5	1325	1181	1180	2364
5	1316	1178	1177	2365
5	1317	1170	1169	2366
5	1183	1005	1004	2367
5	1276	1072	1071	2368
5	1328	1183	1182	2369
5	1343	1198	1342	2370
5	1259	1246	1060	2371
5	1351	1313	1162	2372
5	1186	1007	1185	2373
5	1331	1186	1330	2374
5	1187	1008	1186	2375
5	1330	1185	1184	2376
5	1188	1009	1187	2377
5	1277	1062	1232	2378
5	1189	1010	1188	2379
5	1620	1456	1475	2380
5	1190	1011	1189	2381
5	1342	1192	1336	2382
5	1330	1186	1185	2383
5	1351	1162	1205	2384
5	1374	1253	1225	2385
5	1280	1107	1234	2386
5	1198	1013	1192	2387
5	1284	1114	1113	2388
5	1194	1015	1193	2389
5	1291	1129	1241	2390
5	1195	1016	1194	2391
5	1241	1129	1065	2392
5	1287	1120	1119	2393
5	1284	1113	1283	2394
5	1197	1019	1018	2395
5	1295	1135	1261	2396
5	1358	1106	1357	2397
5	1234	1107	1054	2398
5	1200	1022	1021	2399
5	1345	1254	1088	2400
5	1344	1199	1343	2401
5	1342	1198	1192	2402
5	1313	1163	1162	2403
5	1335	1191	1163	2404
5	1204	1026	1025	2405
5	1349	1204	1203	2406
5	1350	1205	1204	2407
5	1492	1312	1311	2408
5	1204	1025	1203	2409
5	1263	1157	1075	2410
5	1205	1026	1204	2411
5	1278	1164	1105	2412
5	1346	1201	1168	2413
5	1323	1179	1074	2414
5	1207	1027	1206	2415
5	1314	1184	1165	2416
5	1208	1028	1207	2417
5	1263	1158	1157	2418
5	1209	1077	1030	2419
5	1353	1209	1208	2420
5	1232	1077	1209	2421
5	1319	1175	1174	2422
5	1211	1033	1210	2423
5	1321	1316	1177	2424
5	1324	1179	1323	2425
5	1478	1296	1443	2426
5	1213	1036	1035	2427
5	1370	1282	1236	2428
5	1243	1213	1212	2429
5	1654	1531	1581	2430
5	1215	1038	1214	2431
5	1285	1115	1116	2432
5	1216	1039	1215	2433
5	1384	1231	1220	2434
5	1217	1040	1216	2435
5	1306	1247	1067	2436
5	1247	1127	1067	2437
5	1218	1084	668	2438
5	1218	668	517	2439
5	1521	1233	1367	2440
5	1219	886	507	2441
5	1271	1048	1089	2442
5	1271	1089	1270	2443
5	1403	1082	1059	2444
5	1403	1267	1082	2445
5	1264	1078	1068	2446
5	1260	1064	1100	2447
5	1223	1133	1063	2448
5	1514	1404	1416	2449
5	1224	1097	1078	2450
5	1562	1428	1538	2451
5	1225	1102	1091	2452
5	1235	1225	1091	2453
5	1495	1275	1426	2454
5	1309	1155	1154	2455
5	1420	1083	1268	2456
5	1519	1227	1518	2457
5	1436	1260	1417	2458
5	1439	1292	1438	2459
5	1423	1369	1271	2460
5	1423	1270	1422	2461
5	1236	1041	1231	2462
5	1558	1391	1557	2463
5	1236	1094	1041	2464
5	1273	1230	1051	2465
5	1319	1173	1318	2466
5	1278	1104	1277	2467
5	1684	1662	1401	2468
5	1265	1092	1093	2469
5	1235	1091	1055	2470
5	1476	1313	1382	2471
5	1281	1108	1280	2472
5	1628	1482	1627	2473
5	1365	1303	1302	2474
5	1647	1499	1646	2475
5	1237	1223	1063	2476
5	1237	1063	1043	2477
5	1340	1196	1126	2478
5	1290	1125	1128	2479
5	1251	1154	1049	2480
5	1309	1154	1251	2481
5	1399	1279	1358	2482
5	1247	1128	1127	2483
5	1292	1288	1121	2484
5	1255	1237	1043	2485
5	1242	1120	1287	2486
5	1242	1241	1065	2487
5	1356	1139	1299	2488
5	1261	1135	1046	2489
5	1244	1136	1047	2490
5	1248	1079	1115	2491
5	1293	1052	1132	2492
5	1307	1150	1245	2493
5	1375	1259	1229	2494
5	1391	1230	1381	2495
5	1304	1146	1145	2496
5	1305	1147	1146	2497
5	1249	1047	1079	2498
5	1249	1244	1047	2499
5	1447	1301	1300	2500
5	1568	1412	1564	2501
5	1315	1167	1250	2502
5	1250	1167	1166	2503
5	1559	1402	1080	2504
5	1426	1274	1396	2505
5	1275	1099	1274	2506
5	1319	1174	1173	2507
5	1419	1109	1267	2508
5	1419	1229	1109	2509
5	1254	1234	1054	2510
5	1254	1054	1088	2511
5	1573	1407	1565	2512
5	1438	1291	1386	2513
5	1379	1042	1266	2514
5	1256	1080	691	2515
5	1257	1251	1049	2516
5	1257	1049	1081	2517
5	1258	1082	1058	2518
5	1258	1058	1057	2519
5	1347	1202	1201	2520
5	1330	1184	1314	2521
5	1518	1227	1368	2522
5	1390	1294	1223	2523
5	1622	1443	1526	2524
5	1358	1101	1106	2525
5	1496	1457	1252	2526
5	1263	1075	1262	2527
5	1312	1206	1161	2528
5	1311	1158	1263	2529
5	1527	1368	1061	2530
5	1687	1512	1513	2531
5	1367	1233	1092	2532
5	1266	1042	849	2533
5	1460	1319	1318	2534
5	1664	1518	1368	2535
5	1415	1221	1056	2536
5	1548	1374	1408	2537
5	1530	1268	1084	2538
5	1268	1083	727	2539
5	1391	1269	1230	2540
5	1300	1140	1269	2541
5	1663	1415	1571	2542
5	1271	1220	1048	2543
5	1447	1300	1392	2544
5	1392	1300	1269	2545
5	1276	1262	1072	2546
5	1640	1494	1493	2547
5	1413	1249	1412	2548
5	1381	1230	1273	2549
5	1275	1070	1099	2550
5	1354	1210	1070	2551
5	1460	1318	1458	2552
5	1355	1252	1211	2553
5	1469	1429	1328	2554
5	1464	1323	1322	2555
5	1428	1232	1378	2556
5	1332	1189	1188	2557
5	1250	1166	1053	2558
5	1455	1311	1263	2559
5	1279	1261	1046	2560
5	1279	1046	1101	2561
5	1281	1055	1108	2562
5	1280	1108	1107	2563
5	1431	1281	1430	2564
5	1572	1419	1267	2565
5	1282	1273	1110	2566
5	1282	1110	1094	2567
5	1296	1123	1295	2568
5	1296	1066	1123	2569
5	1301	1141	1300	2570
5	1242	1085	1120	2571
5	1647	1500	1499	2572
5	1286	1119	1118	2573
5	1444	1297	1244	2574
5	1387	1357	1243	2575
5	1443	1296	1295	2576
5	1380	1287	1286	2577
5	1288	1255	1122	2578
5	1288	1122	1121	2579
5	1723	1688	1417	2580
5	1512	1289	1436	2581
5	1437	1247	1385	2582
5	1341	1197	1196	2583
5	1292	1121	1130	2584
5	1291	1130	1129	2585
5	1390	1223	1389	2586
5	1386	1291	1241	2587
5	1297	1137	1136	2588
5	1625	1437	1534	2589
5	1294	1228	1134	2590
5	1294	1134	1133	2591
5	1437	1290	1247	2592
5	1337	1193	1066	2593
5	1441	1338	1337	2594
5	1338	1193	1337	2595
5	1400	1248	1285	2596
5	1298	1138	1297	2597
5	1450	1245	1293	2598
5	1412	1248	1400	2599
5	1356	1212	1139	2600
5	1299	1139	1076	2601
5	1301	1142	1141	2602
5	1302	1143	1142	2603
5	1392	1269	1391	2604
5	1302	1142	1301	2605
5	1303	1285	1116	2606
5	1303	1143	1302	2607
5	1359	1215	1214	2608
5	1245	1149	1052	2609
5	1502	1448	1240	2610
5	1388	1299	1238	2611
5	1480	1290	1437	2612
5	1306	1148	1305	2613
5	1421	1303	1365	2614
5	1448	1304	1240	2615
5	1444	1244	1413	2616
5	1360	1096	1217	2617
5	1479	1432	1283	2618
5	1308	1153	1152	2619
5	1458	1318	1317	2620
5	1310	1155	1309	2621
5	1311	1160	1159	2622
5	1353	1208	1352	2623
5	1602	1455	1454	2624
5	1493	1352	1312	2625
5	1352	1206	1312	2626
5	1312	1161	1160	2627
5	1314	1164	1278	2628
5	1331	1188	1187	2629
5	1314	1165	1164	2630
5	1331	1187	1186	2631
5	1485	1345	1344	2632
5	1348	1202	1347	2633
5	1322	1074	1178	2634
5	1324	1180	1179	2635
5	1395	1224	1366	2636
5	1396	1274	1226	2637
5	2029	1881	2028	2638
5	1321	1176	1320	2639
5	1466	1325	1324	2640
5	1320	1175	1319	2641
5	1463	1322	1316	2642
5	1426	1275	1274	2643
5	1495	1355	1354	2644
5	1463	1316	1459	2645
5	1454	1263	1262	2646
5	1325	1180	1324	2647
5	1454	1262	1424	2648
5	1326	1181	1325	2649
5	1427	1272	1398	2650
5	1327	1182	1073	2651
5	1398	1272	1329	2652
5	1468	1327	1326	2653
5	1467	1326	1325	2654
5	1327	1073	1326	2655
5	1459	1316	1321	2656
5	1328	1182	1327	2657
5	1603	1457	1536	2658
5	1329	1183	1328	2659
5	1489	1347	1488	2660
5	1618	1471	1615	2661
5	1488	1347	1346	2662
5	1333	1189	1332	2663
5	1468	1326	1467	2664
5	1334	1053	1190	2665
5	1458	1317	1457	2666
5	1467	1325	1466	2667
5	1397	1278	1277	2668
5	1334	1190	1333	2669
5	1627	1477	1621	2670
5	1476	1335	1313	2671
5	1617	1475	1474	2672
5	1490	1349	1348	2673
5	1487	1315	1456	2674
5	1345	1088	1200	2675
5	1407	1294	1390	2676
5	1434	1287	1380	2677
5	1339	1195	1338	2678
5	1339	1111	1195	2679
5	1442	1338	1441	2680
5	1478	1441	1337	2681
5	1341	1238	1197	2682
5	1341	1196	1340	2683
5	1418	1261	1279	2684
5	1791	1645	1790	2685
5	1488	1346	1487	2686
5	1344	1200	1199	2687
5	1456	1315	1250	2688
5	1541	1383	1522	2689
5	1487	1346	1315	2690
5	1483	1343	1342	2691
5	1383	1373	1234	2692
5	1572	1267	1403	2693
5	1473	1332	1331	2694
5	1470	1278	1397	2695
5	1475	1456	1250	2696
5	1350	1204	1349	2697
5	1489	1348	1347	2698
5	1351	1205	1350	2699
5	1657	1549	1640	2700
5	1491	1382	1350	2701
5	1382	1313	1351	2702
5	1482	1336	1477	2703
5	1470	1314	1278	2704
5	1352	1208	1207	2705
5	1472	1330	1471	2706
5	1353	1232	1209	2707
5	1474	1333	1332	2708
5	1474	1334	1333	2709
5	1414	1251	1257	2710
5	1560	1516	1376	2711
5	1414	1257	1394	2712
5	1756	1609	1755	2713
5	1498	1387	1243	2714
5	1575	1377	1418	2715
5	1358	1279	1101	2716
5	1357	1106	1213	2717
5	1440	1385	1306	2718
5	1440	1306	1305	2719
5	1449	1440	1305	2720
5	1360	1217	1216	2721
5	1449	1305	1304	2722
5	1412	1249	1248	2723
5	1393	1256	1044	2724
5	1393	1044	1233	2725
5	1652	853	1504	2726
5	1420	1222	1083	2727
5	1363	1362	1218	2728
5	1363	1218	853	2729
5	1364	1266	849	2730
5	1544	849	685	2731
5	1413	1244	1249	2732
5	1446	1298	1445	2733
5	1545	1264	1361	2734
5	1406	1265	1093	2735
5	1658	1591	1592	2736
5	1544	720	1508	2737
5	1512	1372	1289	2738
5	1417	1260	1228	2739
5	1423	1271	1270	2740
5	1422	1246	1411	2741
5	1409	1231	1384	2742
5	1409	1236	1231	2743
5	1504	853	660	2744
5	1505	746	888	2745
5	1578	1084	1362	2746
5	1372	1124	1289	2747
5	1373	1280	1234	2748
5	1484	1344	1343	2749
5	1581	1423	1580	2750
5	1431	1408	1235	2751
5	1630	1485	1484	2752
5	1630	1484	1629	2753
5	1376	1310	1309	2754
5	1453	1309	1251	2755
5	1377	1295	1261	2756
5	1418	1377	1261	2757
5	1636	1491	1490	2758
5	1494	1352	1493	2759
5	1511	1406	1222	2760
5	1555	1404	1514	2761
5	1433	1284	1432	2762
5	1710	1555	1709	2763
5	1552	1425	1520	2764
5	1872	1727	1845	2765
5	1627	1482	1477	2766
5	1483	1342	1482	2767
5	1477	1335	1476	2768
5	1482	1342	1336	2769
5	1409	1370	1236	2770
5	1552	1381	1425	2771
5	1540	1410	1481	2772
5	1645	1387	1498	2773
5	1435	1242	1434	2774
5	1573	1417	1407	2775
5	1497	1299	1388	2776
5	1788	1543	1703	2777
5	1497	1356	1299	2778
5	1498	1243	1356	2779
5	1587	1434	1525	2780
5	1722	1573	1565	2781
5	1586	1433	1585	2782
5	1417	1228	1407	2783
5	1595	1392	1558	2784
5	1447	1365	1301	2785
5	1843	1670	1842	2786
5	1568	1413	1412	2787
5	1503	1401	1402	2788
5	1852	1707	1528	2789
5	1561	1405	1516	2790
5	1453	1251	1414	2791
5	1395	1394	1239	2792
5	1395	1239	1224	2793
5	1876	1731	1676	2794
5	1457	1317	1252	2795
5	1635	1490	1489	2796
5	1634	1488	1633	2797
5	1424	1262	1276	2798
5	1494	1353	1352	2799
5	1624	1432	1479	2800
5	1418	1279	1399	2801
5	1564	1400	1421	2802
5	1446	1293	1298	2803
5	1844	1689	1559	2804
5	1401	886	1219	2805
5	1402	1401	1219	2806
5	1402	1219	1080	2807
5	1403	1059	1221	2808
5	1801	1667	1548	2809
5	1404	1389	1237	2810
5	1404	1237	1255	2811
5	1405	1396	1226	2812
5	1405	1226	1310	2813
5	1706	1368	1527	2814
5	1665	1363	1652	2815
5	1525	1434	1380	2816
5	1590	1514	1416	2817
5	1408	1374	1225	2818
5	1408	1225	1235	2819
5	1593	1445	1444	2820
5	1596	1365	1447	2821
5	1410	1388	1238	2822
5	1410	1238	1341	2823
5	1571	1415	1253	2824
5	1553	1520	1370	2825
5	1595	1447	1392	2826
5	1569	1444	1413	2827
5	1792	1646	1599	2828
5	1534	1437	1385	2829
5	1608	1463	1607	2830
5	1453	1376	1309	2831
5	1571	1253	1374	2832
5	1576	1221	1415	2833
5	1416	1404	1255	2834
5	1416	1255	1288	2835
5	1556	1389	1555	2836
5	1521	1393	1233	2837
5	1586	1380	1433	2838
5	1767	1591	1658	2839
5	1802	1663	1571	2840
5	1702	1509	1541	2841
5	1668	1578	1362	2842
5	1669	1528	1364	2843
5	1421	1400	1285	2844
5	1421	1285	1303	2845
5	1531	1384	1369	2846
5	1581	1369	1423	2847
5	1579	1422	1411	2848
5	1670	1566	1531	2849
5	1582	1427	1532	2850
5	1538	1428	1378	2851
5	1425	1381	1273	2852
5	1425	1273	1282	2853
5	1536	1457	1496	2854
5	1642	1536	1496	2855
5	1427	1424	1276	2856
5	1427	1276	1272	2857
5	1428	1397	1277	2858
5	1428	1277	1232	2859
5	1429	1398	1329	2860
5	1429	1329	1328	2861
5	1431	1235	1281	2862
5	1430	1281	1280	2863
5	1580	1422	1579	2864
5	1548	1408	1507	2865
5	1433	1286	1284	2866
5	1432	1284	1283	2867
5	1768	1623	1767	2868
5	1770	1625	1672	2869
5	1435	1241	1242	2870
5	1434	1242	1287	2871
5	1555	1389	1404	2872
5	1565	1407	1390	2873
5	1542	1394	1395	2874
5	1565	1390	1556	2875
5	1480	1340	1290	2876
5	1481	1341	1340	2877
5	1439	1288	1292	2878
5	1438	1292	1291	2879
5	1803	1709	1739	2880
5	1738	1589	1673	2881
5	1445	1297	1444	2882
5	1500	1359	1308	2883
5	1442	1339	1338	2884
5	1479	1283	1339	2885
5	1591	1442	1441	2886
5	1479	1339	1442	2887
5	1478	1337	1296	2888
5	1598	1449	1597	2889
5	1445	1298	1297	2890
5	1501	1360	1359	2891
5	1646	1451	1599	2892
5	1499	1307	1451	2893
5	1599	1451	1450	2894
5	1500	1308	1499	2895
5	1580	1423	1422	2896
5	1577	1229	1419	2897
5	1451	1245	1450	2898
5	1499	1308	1307	2899
5	1794	1647	1793	2900
5	1804	1716	1791	2901
5	1451	1307	1245	2902
5	1501	1359	1500	2903
5	1599	1450	1523	2904
5	1543	1410	1540	2905
5	1452	1399	1358	2906
5	1452	1358	1357	2907
5	1676	1516	1656	2908
5	1608	1464	1463	2909
5	1562	1517	1397	2910
5	1455	1263	1454	2911
5	1607	1463	1459	2912
5	1492	1311	1455	2913
5	1471	1314	1470	2914
5	1471	1330	1314	2915
5	1495	1354	1275	2916
5	1496	1252	1355	2917
5	1561	1396	1405	2918
5	1604	1460	1537	2919
5	1461	1319	1460	2920
5	1465	1324	1323	2921
5	1461	1320	1319	2922
5	1462	1321	1320	2923
5	1609	1465	1464	2924
5	1462	1320	1461	2925
5	1607	1459	1606	2926
5	1676	1561	1516	2927
5	1611	1467	1466	2928
5	1613	1469	1468	2929
5	1612	1467	1611	2930
5	1465	1323	1464	2931
5	1610	1466	1465	2932
5	1466	1324	1465	2933
5	1606	1462	1605	2934
5	1469	1327	1468	2935
5	1605	1461	1604	2936
5	1469	1328	1327	2937
5	1537	1460	1458	2938
5	1750	1537	1699	2939
5	1640	1493	1639	2940
5	1757	1611	1610	2941
5	1473	1331	1472	2942
5	1472	1331	1330	2943
5	1615	1470	1517	2944
5	1617	1474	1616	2945
5	1636	1490	1635	2946
5	1474	1332	1473	2947
5	1762	1617	1616	2948
5	1582	1424	1427	2949
5	1475	1334	1474	2950
5	1475	1250	1334	2951
5	1606	1459	1462	2952
5	1605	1462	1461	2953
5	1477	1336	1335	2954
5	1486	1345	1485	2955
5	1751	1605	1604	2956
5	1621	1476	1539	2957
5	2080	1934	2079	2958
5	1585	1433	1432	2959
5	1588	1386	1435	2960
5	1650	1448	1502	2961
5	1481	1410	1341	2962
5	1481	1340	1480	2963
5	1543	1388	1410	2964
5	1648	1501	1500	2965
5	1484	1343	1483	2966
5	1485	1344	1484	2967
5	1629	1483	1628	2968
5	1631	1486	1485	2969
5	1628	1483	1482	2970
5	1486	1254	1345	2971
5	1774	1629	1628	2972
5	1486	1383	1254	2973
5	1780	1636	1635	2974
5	1634	1489	1488	2975
5	1562	1397	1428	2976
5	1490	1348	1489	2977
5	1633	1488	1487	2978
5	1491	1350	1349	2979
5	1633	1487	1632	2980
5	1615	1471	1470	2981
5	1752	1606	1605	2982
5	1491	1349	1490	2983
5	1773	1627	1772	2984
5	1621	1477	1476	2985
5	1760	1614	1613	2986
5	1493	1312	1492	2987
5	1601	1424	1582	2988
5	1494	1378	1353	2989
5	1860	1714	1700	2990
5	1616	1474	1473	2991
5	1570	1414	1394	2992
5	1496	1355	1495	2993
5	1807	1570	1653	2994
5	1786	1583	1731	2995
5	1533	1452	1387	2996
5	1498	1356	1497	2997
5	1645	1533	1387	2998
5	1643	1388	1543	2999
5	1649	1502	1501	3000
5	1502	1240	1360	3001
5	1648	1500	1647	3002
5	1569	1413	1568	3003
5	1558	1392	1391	3004
5	1502	1360	1501	3005
5	1524	1421	1365	3006
5	1564	1421	1524	3007
5	1814	1551	1696	3008
5	1515	1256	1393	3009
5	1519	1371	1227	3010
5	1849	1706	1687	3011
5	1505	1504	660	3012
5	1505	660	746	3013
5	1506	1068	863	3014
5	1506	1042	1379	3015
5	1584	1507	1431	3016
5	1541	1509	1373	3017
5	1809	1508	1662	3018
5	1546	1366	1545	3019
5	1584	1431	1430	3020
5	1509	1430	1373	3021
5	1510	1438	1386	3022
5	1588	1510	1386	3023
5	1685	1379	1529	3024
5	1556	1390	1389	3025
5	1810	1504	1505	3026
5	1687	1372	1512	3027
5	1513	1512	1436	3028
5	2136	1943	1816	3029
5	1590	1439	1589	3030
5	1735	1587	1525	3031
5	1559	1080	1515	3032
5	1689	1402	1559	3033
5	1516	1405	1376	3034
5	1867	1688	1723	3035
5	1997	1852	1669	3036
5	1506	1361	1068	3037
5	1695	1521	1367	3038
5	1691	1515	1393	3039
5	1956	1695	1853	3040
5	1951	1693	1848	3041
5	1520	1425	1370	3042
5	1812	1713	1743	3043
5	1948	1817	1818	3044
5	1578	1530	1084	3045
5	1541	1373	1383	3046
5	1522	1383	1486	3047
5	1523	1450	1446	3048
5	1594	1523	1446	3049
5	1593	1444	1569	3050
5	1564	1412	1400	3051
5	1587	1435	1434	3052
5	1588	1435	1587	3053
5	1526	1443	1377	3054
5	1575	1526	1377	3055
5	1527	932	1124	3056
5	1547	1362	1363	3057
5	1529	1266	1528	3058
5	1529	1379	1266	3059
5	1941	1692	1940	3060
5	1690	1361	1506	3061
5	1698	1420	1530	3062
5	1530	1420	1268	3063
5	1553	1370	1409	3064
5	1566	1384	1531	3065
5	1532	1427	1398	3066
5	1614	1535	1429	3067
5	1563	1399	1452	3068
5	1574	1418	1399	3069
5	1626	1540	1481	3070
5	1643	1497	1388	3071
5	1535	1532	1398	3072
5	1535	1398	1429	3073
5	1583	1396	1561	3074
5	1642	1496	1495	3075
5	1751	1604	1750	3076
5	1901	1756	1900	3077
5	1700	1538	1549	3078
5	1639	1493	1492	3079
5	1539	1476	1382	3080
5	1637	1382	1491	3081
5	1626	1480	1625	3082
5	1644	1498	1497	3083
5	1774	1628	1773	3084
5	1909	1765	1908	3085
5	1560	1376	1453	3086
5	1570	1394	1542	3087
5	1703	1543	1540	3088
5	1788	1643	1543	3089
5	1809	1364	1544	3090
5	1544	1364	849	3091
5	1858	1710	1709	3092
5	1545	1366	1264	3093
5	1817	1704	1705	3094
5	1818	1366	1546	3095
5	1527	1124	1372	3096
5	1819	1521	1695	3097
5	1567	1411	1375	3098
5	1579	1411	1567	3099
5	1549	1538	1378	3100
5	1549	1378	1494	3101
5	1853	1550	1697	3102
5	1691	1393	1521	3103
5	1551	1550	1265	3104
5	1551	1265	1406	3105
5	1557	1391	1381	3106
5	1596	1447	1595	3107
5	1741	1594	1593	3108
5	1659	1552	1520	3109
5	1554	1534	1385	3110
5	1554	1385	1440	3111
5	1735	1525	1680	3112
5	1910	1820	1734	3113
5	1944	1910	1912	3114
5	1799	1573	1722	3115
5	2023	1875	1874	3116
5	1850	1694	1708	3117
5	1712	1557	1711	3118
5	1711	1557	1552	3119
5	1660	1559	1515	3120
5	1691	1660	1515	3121
5	1600	1414	1570	3122
5	1656	1516	1560	3123
5	1583	1426	1396	3124
5	1641	1495	1426	3125
5	1824	1766	1782	3126
5	1900	1755	1899	3127
5	1770	1626	1625	3128
5	1574	1399	1563	3129
5	1822	1567	1721	3130
5	1729	1580	1579	3131
5	1680	1525	1586	3132
5	1736	1588	1587	3133
5	1566	1553	1409	3134
5	1566	1409	1384	3135
5	1720	1569	1568	3136
5	1718	1564	1524	3137
5	1719	1564	1718	3138
5	1594	1446	1445	3139
5	1742	1523	1594	3140
5	1712	1558	1557	3141
5	1600	1453	1414	3142
5	1600	1560	1453	3143
5	1577	1375	1229	3144
5	1701	1522	1681	3145
5	1822	1728	1567	3146
5	1576	1419	1572	3147
5	1688	1436	1417	3148
5	1826	1436	1688	3149
5	1797	1744	1597	3150
5	1575	1418	1574	3151
5	1675	1672	1534	3152
5	1882	1737	1736	3153
5	1576	1572	1403	3154
5	1576	1403	1221	3155
5	1727	1419	1576	3156
5	1667	1571	1374	3157
5	1945	1668	1547	3158
5	1668	1362	1547	3159
5	1775	1630	1629	3160
5	1720	1568	1719	3161
5	1887	1712	1711	3162
5	1581	1531	1369	3163
5	1713	1524	1596	3164
5	1670	1531	1654	3165
5	1601	1454	1424	3166
5	1638	1492	1455	3167
5	1807	1746	1570	3168
5	2072	1927	1876	3169
5	1727	1576	1663	3170
5	1729	1579	1728	3171
5	1623	1442	1591	3172
5	1624	1585	1432	3173
5	1820	1680	1734	3174
5	1930	1790	1789	3175
5	1829	1674	1742	3176
5	1716	1563	1533	3177
5	1830	1722	1565	3178
5	1717	1556	1710	3179
5	1590	1416	1439	3180
5	1589	1439	1438	3181
5	1709	1555	1514	3182
5	1880	1735	1680	3183
5	1623	1479	1442	3184
5	1624	1479	1623	3185
5	1592	1591	1441	3186
5	1592	1441	1478	3187
5	1932	1792	1839	3188
5	1594	1445	1593	3189
5	1793	1646	1792	3190
5	1745	1675	1554	3191
5	2012	1863	1958	3192
5	1596	1524	1365	3193
5	1741	1593	1740	3194
5	2078	1933	1932	3195
5	1598	1440	1449	3196
5	1597	1449	1448	3197
5	1890	1675	1745	3198
5	1724	1563	1716	3199
5	1646	1499	1451	3200
5	1649	1501	1648	3201
5	1876	1676	1800	3202
5	1891	1833	1747	3203
5	1748	1582	1678	3204
5	1602	1454	1601	3205
5	1784	1639	1638	3206
5	1638	1455	1602	3207
5	1603	1537	1458	3208
5	1603	1458	1457	3209
5	1677	1536	1661	3210
5	1612	1468	1467	3211
5	1759	1613	1612	3212
5	1753	1606	1752	3213
5	1758	1612	1611	3214
5	1609	1464	1608	3215
5	1677	1603	1536	3216
5	1610	1465	1609	3217
5	1755	1608	1754	3218
5	1613	1468	1612	3219
5	1785	1639	1784	3220
5	1749	1602	1601	3221
5	1761	1683	1535	3222
5	1611	1466	1610	3223
5	1759	1612	1758	3224
5	1614	1469	1613	3225
5	1755	1609	1608	3226
5	1614	1429	1469	3227
5	1699	1537	1603	3228
5	1841	1657	1785	3229
5	1904	1760	1759	3230
5	1678	1582	1532	3231
5	1619	1616	1473	3232
5	1620	1475	1617	3233
5	1619	1472	1618	3234
5	1632	1456	1620	3235
5	1781	1637	1636	3236
5	1632	1487	1456	3237
5	1619	1473	1472	3238
5	1618	1472	1471	3239
5	1753	1607	1606	3240
5	1715	1517	1562	3241
5	1777	1620	1765	3242
5	1682	1615	1679	3243
5	1775	1629	1774	3244
5	1631	1522	1486	3245
5	1622	1592	1478	3246
5	1622	1478	1443	3247
5	1767	1623	1591	3248
5	1769	1585	1624	3249
5	1768	1624	1623	3250
5	1989	1723	1799	3251
5	1626	1481	1480	3252
5	1625	1480	1437	3253
5	1937	1889	1744	3254
5	1725	1574	1724	3255
5	1702	1541	1701	3256
5	1629	1484	1483	3257
5	1681	1522	1631	3258
5	1921	1781	1780	3259
5	1776	1631	1630	3260
5	1778	1632	1777	3261
5	1772	1621	1766	3262
5	1631	1485	1630	3263
5	1879	1651	1733	3264
5	1732	1509	1702	3265
5	1773	1628	1627	3266
5	1635	1489	1634	3267
5	1682	1618	1615	3268
5	1765	1620	1617	3269
5	2099	1995	1957	3270
5	1637	1491	1636	3271
5	1772	1627	1621	3272
5	1637	1539	1382	3273
5	1779	1635	1634	3274
5	1781	1636	1780	3275
5	1765	1617	1762	3276
5	1777	1632	1620	3277
5	1908	1765	1762	3278
5	1639	1492	1638	3279
5	1679	1615	1517	3280
5	1640	1549	1494	3281
5	1763	1618	1682	3282
5	1700	1549	1657	3283
5	1661	1536	1642	3284
5	1642	1495	1641	3285
5	1699	1603	1677	3286
5	1787	1661	1642	3287
5	1934	1794	1933	3288
5	1644	1497	1643	3289
5	1724	1574	1563	3290
5	1645	1498	1644	3291
5	1832	1771	1770	3292
5	1726	1575	1725	3293
5	1792	1599	1674	3294
5	1796	1649	1795	3295
5	1797	1650	1796	3296
5	1650	1502	1649	3297
5	1931	1791	1790	3298
5	1650	1597	1448	3299
5	1675	1534	1554	3300
5	1711	1552	1659	3301
5	1719	1568	1564	3302
5	1796	1650	1649	3303
5	1651	1548	1507	3304
5	1733	1651	1507	3305
5	1665	1547	1363	3306
5	1652	1363	853	3307
5	1653	1570	1542	3308
5	2093	1857	1983	3309
5	1730	1581	1580	3310
5	1728	1579	1567	3311
5	1655	1546	1545	3312
5	1655	1545	1361	3313
5	1747	1600	1746	3314
5	1747	1560	1600	3315
5	1860	1700	1806	3316
5	1785	1640	1639	3317
5	1726	1671	1526	3318
5	1725	1575	1574	3319
5	1855	1701	1681	3320
5	1694	1520	1553	3321
5	1684	1401	1503	3322
5	2127	1997	1977	3323
5	1731	1561	1676	3324
5	1787	1642	1641	3325
5	1662	1508	886	3326
5	1662	886	1401	3327
5	1802	1571	1667	3328
5	1663	1576	1415	3329
5	1811	1696	1511	3330
5	1707	1529	1528	3331
5	1810	1505	1371	3332
5	1810	1371	1686	3333
5	1666	1658	1592	3334
5	1666	1592	1622	3335
5	1845	1727	1663	3336
5	1721	1567	1375	3337
5	1808	1519	1692	3338
5	1693	1530	1578	3339
5	1690	1655	1361	3340
5	1950	1687	1513	3341
5	1694	1659	1520	3342
5	1708	1566	1670	3343
5	1671	1666	1622	3344
5	1671	1622	1526	3345
5	1672	1625	1534	3346
5	1836	1788	1703	3347
5	1673	1589	1510	3348
5	1737	1673	1510	3349
5	1674	1599	1523	3350
5	1742	1674	1523	3351
5	1745	1598	1744	3352
5	1795	1649	1648	3353
5	1731	1583	1561	3354
5	1786	1641	1583	3355
5	1897	1752	1896	3356
5	1899	1754	1898	3357
5	1748	1601	1582	3358
5	1783	1638	1602	3359
5	1714	1538	1700	3360
5	1715	1679	1517	3361
5	1737	1588	1736	3362
5	1736	1587	1735	3363
5	1701	1541	1522	3364
5	1733	1584	1732	3365
5	1903	1759	1758	3366
5	1897	1753	1752	3367
5	1683	1678	1532	3368
5	1683	1532	1535	3369
5	2152	1977	1809	3370
5	1809	1544	1508	3371
5	1692	1519	1518	3372
5	1951	1854	1693	3373
5	1798	1692	1518	3374
5	1945	1848	1668	3375
5	1706	1664	1368	3376
5	2157	1867	1989	3377
5	1717	1565	1556	3378
5	1710	1556	1555	3379
5	2003	1844	1660	3380
5	1689	1503	1402	3381
5	1690	1506	1379	3382
5	1690	1379	1685	3383
5	1698	1511	1420	3384
5	1695	1367	1550	3385
5	1808	1686	1519	3386
5	1954	1685	1813	3387
5	1696	1551	1406	3388
5	1696	1406	1511	3389
5	1955	1842	1873	3390
5	2026	1651	1879	3391
5	1819	1691	1521	3392
5	1851	1691	1819	3393
5	1811	1511	1698	3394
5	1852	1528	1669	3395
5	2004	1697	1814	3396
5	1697	1550	1551	3397
5	1698	1530	1693	3398
5	1814	1697	1551	3399
5	1750	1604	1537	3400
5	1752	1605	1751	3401
5	1714	1562	1538	3402
5	1715	1562	1714	3403
5	1733	1507	1584	3404
5	1732	1584	1509	3405
5	1856	1701	1855	3406
5	1917	1774	1916	3407
5	1771	1626	1770	3408
5	1871	1671	1726	3409
5	1857	1653	1542	3410
5	1704	1542	1395	3411
5	1705	1704	1395	3412
5	1705	1395	1366	3413
5	1706	1527	1372	3414
5	1706	1372	1687	3415
5	1798	1518	1664	3416
5	1813	1685	1529	3417
5	1708	1694	1553	3418
5	1708	1553	1566	3419
5	1739	1590	1738	3420
5	1739	1514	1590	3421
5	1866	1717	1710	3422
5	2087	1799	1991	3423
5	1743	1595	1712	3424
5	1718	1524	1713	3425
5	1932	1793	1792	3426
5	1712	1595	1558	3427
5	1743	1596	1595	3428
5	1865	1719	1864	3429
5	2056	1909	1908	3430
5	1908	1762	1838	3431
5	1861	1714	1860	3432
5	2053	1906	1905	3433
5	1789	1643	1788	3434
5	1790	1645	1644	3435
5	1799	1723	1573	3436
5	1723	1417	1573	3437
5	2034	1865	2013	3438
5	1740	1593	1569	3439
5	1913	1703	1771	3440
5	1740	1569	1720	3441
5	2196	2050	2195	3442
5	1885	1720	1865	3443
5	1801	1548	1651	3444
5	2007	1855	2006	3445
5	2015	1858	2014	3446
5	1813	1529	1707	3447
5	2088	1513	2016	3448
5	1867	1826	1688	3449
5	1868	1724	1716	3450
5	1726	1526	1575	3451
5	2032	1884	1835	3452
5	2030	1882	2029	3453
5	1870	1726	1725	3454
5	1871	1828	1671	3455
5	1998	1802	1972	3456
5	1727	1577	1419	3457
5	1873	1842	1654	3458
5	1730	1580	1729	3459
5	1823	1659	1694	3460
5	1730	1654	1581	3461
5	2002	1843	2001	3462
5	2160	2001	2089	3463
5	1902	1757	1901	3464
5	1846	1677	1661	3465
5	1877	1732	1702	3466
5	2025	1878	1877	3467
5	1855	1681	1837	3468
5	1845	1663	1802	3469
5	1734	1680	1586	3470
5	1734	1586	1585	3471
5	2028	1880	1964	3472
5	1737	1510	1588	3473
5	1884	1739	1738	3474
5	1883	1835	1673	3475
5	1880	1680	1820	3476
5	1821	1767	1658	3477
5	1739	1709	1514	3478
5	1738	1590	1589	3479
5	1858	1709	1803	3480
5	1830	1565	1717	3481
5	1831	1711	1659	3482
5	1831	1659	1823	3483
5	1874	1729	1728	3484
5	1742	1594	1741	3485
5	1839	1674	1829	3486
5	1743	1713	1596	3487
5	1935	1795	1934	3488
5	1863	1713	1812	3489
5	1745	1554	1598	3490
5	1744	1598	1597	3491
5	1839	1792	1674	3492
5	1933	1793	1932	3493
5	1747	1656	1560	3494
5	1896	1751	1895	3495
5	2016	1513	1826	3496
5	1928	1827	1787	3497
5	1896	1752	1751	3498
5	1749	1601	1748	3499
5	2071	1926	1925	3500
5	1783	1602	1749	3501
5	1895	1750	1894	3502
5	1898	1754	1753	3503
5	1894	1699	1815	3504
5	1754	1608	1607	3505
5	1895	1751	1750	3506
5	1756	1610	1609	3507
5	2240	1866	2100	3508
5	1846	1661	1827	3509
5	1927	1731	1876	3510
5	1757	1610	1756	3511
5	1928	1787	1786	3512
5	1760	1613	1759	3513
5	1892	1748	1678	3514
5	1924	1783	1749	3515
5	1834	1678	1683	3516
5	1758	1611	1757	3517
5	1905	1761	1760	3518
5	1761	1614	1760	3519
5	1902	1758	1757	3520
5	1761	1535	1614	3521
5	1898	1753	1897	3522
5	1894	1750	1699	3523
5	2090	2040	1962	3524
5	1841	1806	1657	3525
5	1764	1619	1763	3526
5	1764	1616	1619	3527
5	1764	1762	1616	3528
5	1763	1619	1618	3529
5	1906	1834	1683	3530
5	2009	1860	1963	3531
5	1838	1762	1764	3532
5	1779	1634	1633	3533
5	1766	1621	1539	3534
5	1782	1637	1781	3535
5	1964	1880	1820	3536
5	1769	1624	1768	3537
5	2170	2020	2169	3538
5	1769	1734	1585	3539
5	1805	1658	1666	3540
5	1821	1658	1805	3541
5	1771	1540	1626	3542
5	1771	1703	1540	3543
5	1966	1840	1890	3544
5	1937	1797	1936	3545
5	1918	1775	1917	3546
5	1914	1766	1824	3547
5	1856	1702	1701	3548
5	1776	1630	1775	3549
5	2063	1918	2062	3550
5	2059	1915	1914	3551
5	2197	2052	2051	3552
5	1776	1681	1631	3553
5	2064	1968	1919	3554
5	1919	1777	1909	3555
5	1778	1633	1632	3556
5	1779	1633	1778	3557
5	1922	1778	1919	3558
5	1837	1681	1776	3559
5	1782	1766	1539	3560
5	1780	1635	1779	3561
5	1918	1837	1776	3562
5	1782	1539	1637	3563
5	1907	1763	1825	3564
5	2059	1914	1967	3565
5	1878	1732	1877	3566
5	1914	1772	1766	3567
5	1926	1785	1784	3568
5	1784	1638	1783	3569
5	1825	1763	1682	3570
5	1785	1657	1640	3571
5	1862	1847	1679	3572
5	1920	1780	1779	3573
5	2072	1876	1946	3574
5	1787	1641	1786	3575
5	2093	2008	1857	3576
5	2133	1983	1817	3577
5	1789	1644	1643	3578
5	1791	1533	1645	3579
5	1869	1724	1868	3580
5	1790	1644	1789	3581
5	1911	1767	1821	3582
5	1791	1716	1533	3583
5	1884	1738	1835	3584
5	1868	1716	1804	3585
5	1793	1647	1646	3586
5	1794	1648	1647	3587
5	1929	1788	1836	3588
5	1832	1672	1840	3589
5	1864	1718	1863	3590
5	1795	1648	1794	3591
5	2082	1937	1936	3592
5	1797	1597	1650	3593
5	2081	1936	1935	3594
5	1865	1720	1719	3595
5	1863	1718	1713	3596
5	1840	1672	1675	3597
5	1954	1690	1685	3598
5	1816	1655	1690	3599
5	1866	1710	1858	3600
5	1835	1738	1673	3601
5	1800	1676	1656	3602
5	2193	2047	2192	3603
5	1873	1654	1730	3604
5	2174	2027	2025	3605
5	1972	1802	1667	3606
5	2095	1969	2036	3607
5	1884	1803	1739	3608
5	2033	2014	1803	3609
5	2228	2101	2110	3610
5	1929	1789	1788	3611
5	1985	1821	1960	3612
5	2096	1944	1959	3613
5	1806	1700	1657	3614
5	1988	1957	1825	3615
5	1891	1747	1746	3616
5	2074	1827	1928	3617
5	1854	1698	1693	3618
5	1854	1811	1698	3619
5	1977	1669	1809	3620
5	1809	1669	1364	3621
5	1978	1810	1686	3622
5	2147	1810	1978	3623
5	1942	1811	1854	3624
5	1979	1696	1811	3625
5	1888	1743	1712	3626
5	1842	1670	1654	3627
5	2128	1814	1979	3628
5	1853	1695	1550	3629
5	2416	2244	2415	3630
5	1982	1547	1665	3631
5	1815	1699	1677	3632
5	1827	1661	1787	3633
5	1952	1686	1808	3634
5	1984	1503	1939	3635
5	2084	1717	1866	3636
5	1857	1542	1704	3637
5	1818	1817	1705	3638
5	1818	1705	1366	3639
5	1939	1689	1844	3640
5	1844	1559	1660	3641
5	2316	2175	2121	3642
5	1911	1768	1767	3643
5	1910	1734	1769	3644
5	2169	2019	2168	3645
5	1879	1733	1878	3646
5	1998	1845	1802	3647
5	1888	1712	1887	3648
5	1887	1711	1831	3649
5	1923	1782	1781	3650
5	1923	1781	1921	3651
5	1995	1907	1957	3652
5	2345	2207	2206	3653
5	1989	1867	1723	3654
5	1826	1513	1436	3655
5	1846	1815	1677	3656
5	1990	1815	1846	3657
5	1828	1805	1666	3658
5	1828	1666	1671	3659
5	1886	1741	1740	3660
5	1885	1740	1720	3661
5	2084	1830	1717	3662
5	1991	1722	1830	3663
5	2301	2155	2173	3664
5	2026	1801	1651	3665
5	2168	2018	2091	3666
5	1931	1790	1930	3667
5	1833	1800	1656	3668
5	1833	1656	1747	3669
5	2050	1902	2049	3670
5	1892	1678	1834	3671
5	1881	1735	1880	3672
5	1881	1736	1735	3673
5	1832	1770	1672	3674
5	1974	1965	1804	3675
5	1915	1772	1914	3676
5	1916	1774	1773	3677
5	2068	1921	2065	3678
5	1909	1777	1765	3679
5	1936	1797	1796	3680
5	2078	1932	1938	3681
5	1890	1745	1889	3682
5	1935	1796	1795	3683
5	1893	1748	1892	3684
5	1925	1784	1783	3685
5	1843	1708	1670	3686
5	1850	1823	1694	3687
5	2037	1887	1831	3688
5	1850	1708	1843	3689
5	2131	1854	1951	3690
5	1939	1503	1689	3691
5	1987	1874	1728	3692
5	1872	1577	1727	3693
5	2044	1897	1896	3694
5	2047	1900	1899	3695
5	1847	1825	1682	3696
5	1847	1682	1679	3697
5	1848	1693	1578	3698
5	1848	1578	1668	3699
5	2041	1815	1990	3700
5	2295	2148	1980	3701
5	2182	2035	2181	3702
5	2001	1842	1955	3703
5	2305	2127	2152	3704
5	1851	1660	1691	3705
5	1979	1811	1942	3706
5	1979	1814	1696	3707
5	2104	1956	1853	3708
5	2105	1851	2005	3709
5	1941	1808	1692	3710
5	1943	1655	1816	3711
5	1972	1667	1801	3712
5	1877	1702	1856	3713
5	2371	2265	2425	3714
5	2025	1877	1961	3715
5	2151	1746	1807	3716
5	2106	1971	1891	3717
5	1940	1692	1798	3718
5	2270	1989	2087	3719
5	1859	1829	1742	3720
5	1859	1742	1741	3721
5	1861	1715	1714	3722
5	1862	1679	1715	3723
5	2069	1893	2040	3724
5	1862	1715	1861	3725
5	2165	2163	2011	3726
5	2349	2123	2236	3727
5	1864	1719	1718	3728
5	1886	1740	1885	3729
5	2287	2160	2286	3730
5	1969	1829	1859	3731
5	2114	2078	1938	3732
5	1886	1859	1741	3733
5	2031	1835	1883	3734
5	2015	1866	1858	3735
5	2135	1953	2086	3736
5	1950	1849	1687	3737
5	1869	1725	1724	3738
5	1870	1725	1869	3739
5	2225	2080	2224	3740
5	2020	1871	1870	3741
5	2175	2028	2121	3742
5	1871	1726	1870	3743
5	1975	1960	1805	3744
5	2058	1993	1913	3745
5	2022	1872	1999	3746
5	1872	1721	1577	3747
5	1875	1729	1874	3748
5	2116	2012	1958	3749
5	1875	1730	1729	3750
5	1875	1873	1730	3751
5	1992	1831	1823	3752
5	2001	1843	1842	3753
5	1927	1786	1731	3754
5	1928	1786	1927	3755
5	1878	1733	1732	3756
5	1999	1872	1845	3757
5	2006	1855	1837	3758
5	2234	1987	2145	3759
5	2055	1838	1995	3760
5	1987	1728	1822	3761
5	1883	1737	1882	3762
5	1882	1736	1881	3763
5	1974	1804	1931	3764
5	1883	1673	1737	3765
5	2299	2154	2153	3766
5	2360	2223	2282	3767
5	1975	1805	1828	3768
5	1986	1910	1944	3769
5	2141	1986	2098	3770
5	2029	1882	1881	3771
5	2108	1958	1973	3772
5	2012	1864	1863	3773
5	2204	2058	2203	3774
5	2222	2077	2076	3775
5	1995	1838	1907	3776
5	1888	1812	1743	3777
5	2160	2002	2001	3778
5	2116	1958	2108	3779
5	1890	1840	1675	3780
5	1889	1745	1744	3781
5	2076	1929	2075	3782
5	1993	1836	1913	3783
5	2179	2033	2113	3784
5	2245	2151	2008	3785
5	1893	1749	1748	3786
5	1926	1784	1925	3787
5	1988	1825	1847	3788
5	1924	1749	1893	3789
5	2043	1895	2042	3790
5	2042	1894	2041	3791
5	2049	1901	2048	3792
5	1900	1756	1755	3793
5	2047	1899	2046	3794
5	2073	1927	2072	3795
5	2119	1990	2000	3796
5	1901	1757	1756	3797
5	2073	1928	1927	3798
5	1905	1760	1904	3799
5	2041	1894	1815	3800
5	2043	1896	1895	3801
5	2042	1895	1894	3802
5	1903	1758	1902	3803
5	2052	1905	1904	3804
5	1904	1759	1903	3805
5	2048	1900	2047	3806
5	2045	1897	2044	3807
5	2045	1898	1897	3808
5	1906	1761	1905	3809
5	2215	2124	2071	3810
5	1906	1683	1761	3811
5	2192	2047	2046	3812
5	2009	1861	1860	3813
5	2194	2049	2048	3814
5	2040	1892	1962	3815
5	1907	1838	1764	3816
5	1907	1764	1763	3817
5	1921	1780	1920	3818
5	1919	1778	1777	3819
5	2011	1847	1862	3820
5	2342	2201	2260	3821
5	1912	1768	1911	3822
5	2280	2015	2178	3823
5	1912	1769	1768	3824
5	1912	1910	1769	3825
5	1913	1836	1703	3826
5	1913	1771	1832	3827
5	2018	1869	1868	3828
5	1965	1868	1804	3829
5	1915	1773	1772	3830
5	1917	1775	1774	3831
5	2122	2059	1967	3832
5	1916	1773	1915	3833
5	2208	2063	2062	3834
5	1918	1776	1775	3835
5	2007	1961	1856	3836
5	2007	1856	1855	3837
5	2064	1919	1909	3838
5	2062	1917	2061	3839
5	2050	1903	1902	3840
5	1963	1860	1806	3841
5	1968	1922	1919	3842
5	2063	2006	1837	3843
5	2211	2107	2065	3844
5	1923	1824	1782	3845
5	1922	1920	1779	3846
5	1922	1779	1778	3847
5	2066	1922	1968	3848
5	2207	2061	2206	3849
5	2040	1893	1892	3850
5	1925	1783	1924	3851
5	2213	2069	2040	3852
5	1926	1841	1785	3853
5	2051	1904	1903	3854
5	2044	1896	2043	3855
5	2046	1899	1898	3856
5	2049	1902	1901	3857
5	2117	1946	1970	3858
5	2028	1881	1880	3859
5	2079	1933	2078	3860
5	1930	1789	1929	3861
5	2058	1832	2057	3862
5	1931	1804	1791	3863
5	2057	1840	1966	3864
5	2283	2115	2142	3865
5	1933	1794	1793	3866
5	1934	1795	1794	3867
5	2238	2114	2125	3868
5	1936	1796	1935	3869
5	2077	1930	2076	3870
5	2081	1935	2080	3871
5	2035	1885	2034	3872
5	1937	1744	1797	3873
5	2111	2057	1966	3874
5	2037	1831	1992	3875
5	2036	1859	1886	3876
5	1969	1947	1829	3877
5	1938	1932	1839	3878
5	2126	1969	2095	3879
5	2146	1852	1997	3880
5	2152	1662	1684	3881
5	1943	1546	1655	3882
5	2239	2085	2129	3883
5	2245	2008	2093	3884
5	2128	2004	1814	3885
5	1956	1819	1695	3886
5	2104	2005	1956	3887
5	2129	1546	1943	3888
5	1991	1799	1722	3889
5	1985	1959	1911	3890
5	2224	2079	2223	3891
5	2131	1942	1854	3892
5	2132	1848	1945	3893
5	1946	1876	1800	3894
5	1983	1857	1704	3895
5	1947	1938	1839	3896
5	1947	1839	1829	3897
5	2241	2093	1983	3898
5	1983	1704	1817	3899
5	1949	1948	1818	3900
5	1949	1818	1546	3901
5	2086	1849	1950	3902
5	1953	1706	1849	3903
5	2293	2097	1940	3904
5	2134	1808	1941	3905
5	2149	1978	1952	3906
5	1978	1686	1952	3907
5	2135	1940	1798	3908
5	1953	1798	1664	3909
5	2550	2304	2380	3910
5	1954	1816	1690	3911
5	2024	1875	2023	3912
5	2024	1873	1875	3913
5	2103	1844	2003	3914
5	2097	1941	1940	3915
5	1957	1907	1825	3916
5	2243	2138	2163	3917
5	1958	1863	1812	3918
5	2038	1888	1887	3919
5	1959	1944	1912	3920
5	1959	1912	1911	3921
5	1985	1911	1821	3922
5	1960	1821	1805	3923
5	1961	1877	1856	3924
5	2144	2026	1879	3925
5	1962	1892	1834	3926
5	2054	1962	1834	3927
5	2199	2053	2198	3928
5	2070	1925	1924	3929
5	2177	2030	2176	3930
5	2112	2032	2031	3931
5	2021	1975	1828	3932
5	2018	1868	1965	3933
5	2220	1993	2204	3934
5	2083	1937	2082	3935
5	1967	1914	1824	3936
5	2208	2062	2207	3937
5	2065	1921	1920	3938
5	2067	1824	1923	3939
5	2013	1864	2012	3940
5	2035	1886	1885	3941
5	1970	1946	1800	3942
5	1970	1800	1833	3943
5	1971	1970	1833	3944
5	1971	1833	1891	3945
5	2144	1879	2027	3946
5	2145	1987	1822	3947
5	1973	1958	1812	3948
5	1973	1812	1888	3949
5	2075	1836	1993	3950
5	2076	1930	1929	3951
5	2019	1869	2018	3952
5	2019	1870	1869	3953
5	1976	1963	1806	3954
5	1976	1806	1841	3955
5	1997	1669	1977	3956
5	2244	2127	2229	3957
5	1982	1945	1547	3958
5	2150	1945	1982	3959
5	2005	1851	1819	3960
5	2004	1853	1697	3961
5	2148	2136	1954	3962
5	1980	1813	1707	3963
5	1981	1980	1707	3964
5	1981	1707	1852	3965
5	2296	2289	2149	3966
5	2134	1952	1808	3967
5	2379	2167	2233	3968
5	2008	1653	1857	3969
5	2152	1684	1984	3970
5	1984	1684	1503	3971
5	2220	2075	1993	3972
5	2221	2076	2075	3973
5	1986	1964	1820	3974
5	1986	1820	1910	3975
5	2185	2108	1973	3976
5	2375	2370	2262	3977
5	2010	1861	2009	3978
5	2010	1862	1861	3979
5	2217	2072	1946	3980
5	2157	2017	1867	3981
5	2074	1928	2073	3982
5	2217	1946	2117	3983
5	2113	2032	2112	3984
5	2008	1807	1653	3985
5	2038	1973	1888	3986
5	2038	1887	2037	3987
5	2075	1929	1836	3988
5	2077	1931	1930	3989
5	1994	1976	1841	3990
5	1994	1841	1926	3991
5	2055	1908	1838	3992
5	2064	1909	2056	3993
5	1996	1992	1823	3994
5	1996	1823	1850	3995
5	2103	1939	1844	3996
5	2003	1660	1851	3997
5	2022	1822	1721	3998
5	1999	1845	1998	3999
5	2172	1999	2159	4000
5	2022	1721	1872	4001
5	2000	1990	1846	4002
5	2000	1846	1827	4003
5	2002	1850	1843	4004
5	2002	1996	1850	4005
5	2320	2166	2310	4006
5	2161	2102	1996	4007
5	2128	1979	1942	4008
5	2005	1819	1956	4009
5	2369	1941	2097	4010
5	2147	1652	1810	4011
5	2105	2003	1851	4012
5	2684	2517	2518	4013
5	2060	1915	2059	4014
5	2061	1917	1916	4015
5	2212	2068	2107	4016
5	2422	2260	2276	4017
5	2249	2087	1991	4018
5	2084	1991	1830	4019
5	2202	2055	2201	4020
5	2011	1862	2010	4021
5	2213	2040	2090	4022
5	2011	1988	1847	4023
5	2092	2009	1963	4024
5	2371	2308	2250	4025
5	2013	1865	1864	4026
5	2034	1885	1865	4027
5	2185	1973	2038	4028
5	2036	1886	2035	4029
5	2100	1866	2015	4030
5	2014	1858	1803	4031
5	2033	1884	2032	4032
5	2240	2084	1866	4033
5	2136	1816	1954	4034
5	2135	1798	1953	4035
5	2017	2016	1826	4036
5	2017	1826	1867	4037
5	2021	1871	2020	4038
5	2020	1870	2019	4039
5	2154	1959	1985	4040
5	2021	1828	1871	4041
5	2098	1944	2096	4042
5	2121	2028	1964	4043
5	2450	2311	2372	4044
5	2203	2057	2111	4045
5	2109	1801	2026	4046
5	2109	1972	1801	4047
5	2027	1878	2025	4048
5	2024	1955	1873	4049
5	2102	1992	1996	4050
5	2324	2184	2183	4051
5	2314	2246	2172	4052
5	2253	1972	2109	4053
5	2159	1999	1998	4054
5	2027	1879	1878	4055
5	2166	2012	2116	4056
5	2183	2037	1992	4057
5	2031	1883	2030	4058
5	2030	1883	1882	4059
5	2153	1960	2130	4060
5	2171	1975	2021	4061
5	2168	2019	2018	4062
5	2032	1835	2031	4063
5	2098	1986	1944	4064
5	2255	2113	2254	4065
5	2033	1803	1884	4066
5	2268	2141	2098	4067
5	2176	2029	2175	4068
5	2176	2030	2029	4069
5	2373	2256	2283	4070
5	2363	2226	2362	4071
5	2273	2228	2110	4072
5	2036	1969	1859	4073
5	2362	2225	2361	4074
5	2223	2078	2114	4075
5	2156	2023	1874	4076
5	2205	2060	2059	4077
5	2374	2263	2350	4078
5	2856	2731	2765	4079
5	2039	1966	1890	4080
5	2039	1890	1889	4081
5	2069	1924	1893	4082
5	2071	1925	2070	4083
5	2188	2042	2187	4084
5	2189	2043	2188	4085
5	2186	1990	2119	4086
5	2046	1898	2045	4087
5	2190	2045	2044	4088
5	2336	2195	2194	4089
5	2218	2072	2217	4090
5	2048	1901	1900	4091
5	2186	2041	1990	4092
5	2195	2049	2194	4093
5	2187	2041	2186	4094
5	2053	1905	2052	4095
5	2187	2042	2041	4096
5	2188	2043	2042	4097
5	2190	2044	2189	4098
5	2051	1903	2050	4099
5	2199	2054	2053	4100
5	2052	1904	2051	4101
5	2198	2052	2197	4102
5	2192	2046	2191	4103
5	2189	2044	2043	4104
5	2054	1906	2053	4105
5	2196	2051	2050	4106
5	2054	1834	1906	4107
5	2140	2092	1963	4108
5	2352	2213	2351	4109
5	2164	2009	2092	4110
5	2164	2010	2009	4111
5	2210	2064	2056	4112
5	2056	1908	2055	4113
5	2236	2123	2200	4114
5	2165	2010	2164	4115
5	2058	1913	1832	4116
5	2057	1832	1840	4117
5	2115	1966	2039	4118
5	2223	2079	2078	4119
5	2060	1916	1915	4120
5	2063	1837	1918	4121
5	2062	1918	1917	4122
5	2061	1916	2060	4123
5	2303	2094	2262	4124
5	2346	2207	2345	4125
5	2285	2143	2261	4126
5	2139	1961	2007	4127
5	2139	2094	1961	4128
5	2205	2059	2122	4129
5	2201	1995	2099	4130
5	2206	2060	2205	4131
5	2285	2122	2143	4132
5	2067	1967	1824	4133
5	2066	2065	1920	4134
5	2066	1920	1922	4135
5	2107	2068	2065	4136
5	2201	2055	1995	4137
5	2068	2067	1923	4138
5	2068	1923	1921	4139
5	2090	2054	2199	4140
5	2070	1924	2069	4141
5	2419	2144	2315	4142
5	2071	1994	1926	4143
5	2448	2308	2371	4144
5	2475	2336	2474	4145
5	2191	2045	2190	4146
5	2074	2000	1827	4147
5	2219	2073	2218	4148
5	2266	1971	2106	4149
5	2331	2189	2330	4150
5	2194	2048	2193	4151
5	2299	2153	2298	4152
5	2627	2494	2502	4153
5	2171	2130	1975	4154
5	2077	1974	1931	4155
5	2377	2274	2300	4156
5	2298	2153	2130	4157
5	2079	1934	1933	4158
5	2080	1935	1934	4159
5	2180	2034	2013	4160
5	2083	1889	1937	4161
5	2183	1992	2102	4162
5	2166	2013	2012	4163
5	2115	2111	1966	4164
5	2082	1936	2081	4165
5	2227	2142	2083	4166
5	2083	2039	1889	4167
5	2343	2203	2111	4168
5	2226	2081	2225	4169
5	2085	1948	1949	4170
5	2086	1953	1849	4171
5	2270	2157	1989	4172
5	2087	1989	1799	4173
5	2167	2088	2016	4174
5	2369	2134	1941	4175
5	2151	1807	2008	4176
5	2133	1817	1948	4177
5	2386	2135	2086	4178
5	2088	1950	1513	4179
5	2089	2001	1955	4180
5	2155	2089	1955	4181
5	2330	2188	2329	4182
5	2337	2196	2195	4183
5	2091	2018	1965	4184
5	2237	2130	2171	4185
5	2140	1976	2120	4186
5	2215	2071	2070	4187
5	2271	2086	1950	4188
5	2429	2271	2304	4189
5	2094	2025	1961	4190
5	2478	2272	2339	4191
5	2182	2036	2035	4192
5	2181	2035	2034	4193
5	2154	2096	1959	4194
5	2130	1960	1975	4195
5	2167	2016	2017	4196
5	2148	1813	1980	4197
5	2275	2141	2268	4198
5	2496	2361	2360	4199
5	2696	2564	2520	4200
5	2341	2200	2210	4201
5	2178	2015	2014	4202
5	2555	2432	2280	4203
5	2101	2091	1965	4204
5	2101	1965	1974	4205
5	2161	2002	2160	4206
5	2324	2183	2251	4207
5	2388	2148	2295	4208
5	2278	2003	2105	4209
5	2384	2105	2277	4210
5	2104	1853	2004	4211
5	2152	1809	1662	4212
5	2158	1939	2103	4213
5	2113	2033	2032	4214
5	2279	2119	2216	4215
5	2211	2066	2123	4216
5	2202	2056	2055	4217
5	2184	2037	2183	4218
5	2306	2102	2161	4219
5	2314	2159	2253	4220
5	2145	1822	2022	4221
5	2110	2101	1974	4222
5	2110	1974	2077	4223
5	2203	2058	2057	4224
5	2204	1993	2058	4225
5	2280	2100	2015	4226
5	2318	2254	2112	4227
5	2255	2179	2113	4228
5	2266	2118	1971	4229
5	2226	2082	2081	4230
5	2282	2114	2238	4231
5	2273	2110	2222	4232
5	2256	2111	2115	4233
5	2180	2013	2166	4234
5	2181	2034	2180	4235
5	2317	2175	2316	4236
5	2457	2319	2385	4237
5	2118	2117	1970	4238
5	2118	1970	1971	4239
5	2219	2074	2073	4240
5	2334	2193	2192	4241
5	2140	1963	1976	4242
5	2120	1976	1994	4243
5	2175	2029	2028	4244
5	2177	2031	2030	4245
5	2462	2324	2398	4246
5	2345	2205	2230	4247
5	2211	2065	2066	4248
5	2123	2066	1968	4249
5	2124	2120	1994	4250
5	2124	1994	2071	4251
5	2125	2114	1938	4252
5	2125	1938	1947	4253
5	2126	2125	1947	4254
5	2126	1947	1969	4255
5	2303	2174	2094	4256
5	2383	2277	2104	4257
5	2296	2149	2290	4258
5	2277	2005	2104	4259
5	2129	2085	1949	4260
5	2129	1949	1546	4261
5	2153	1985	1960	4262
5	2154	1985	2153	4263
5	2289	2147	2149	4264
5	2290	2149	1952	4265
5	2291	2131	1951	4266
5	2132	1951	1848	4267
5	2292	2133	1948	4268
5	2249	1991	2084	4269
5	2150	2132	1945	4270
5	2149	2147	1978	4271
5	2386	2086	2378	4272
5	2417	2383	2247	4273
5	2518	2388	2295	4274
5	2504	2408	2409	4275
5	2148	1954	1813	4276
5	2137	1980	1981	4277
5	2138	2099	1957	4278
5	2138	1957	1988	4279
5	2209	2006	2063	4280
5	2207	2062	2061	4281
5	2338	2197	2196	4282
5	2340	2199	2272	4283
5	2141	2121	1964	4284
5	2141	1964	1986	4285
5	2142	2115	2039	4286
5	2142	2039	2083	4287
5	2143	2122	1967	4288
5	2143	1967	2067	4289
5	2174	2025	2094	4290
5	2155	1955	2024	4291
5	2156	1874	1987	4292
5	2172	2022	1999	4293
5	2416	2137	1981	4294
5	2146	1981	1852	4295
5	2147	1982	1665	4296
5	2147	1665	1652	4297
5	2295	1980	2137	4298
5	2652	2544	2387	4299
5	2417	2248	2391	4300
5	2247	2104	2004	4301
5	2391	2248	2128	4302
5	2291	1951	2132	4303
5	2297	1891	2151	4304
5	2151	1891	1746	4305
5	2158	1984	1939	4306
5	2152	2127	1977	4307
5	2267	2101	2228	4308
5	2317	2176	2175	4309
5	2298	2130	2237	4310
5	2311	2169	2168	4311
5	2368	2258	2156	4312
5	2262	2094	2139	4313
5	2345	2206	2205	4314
5	2234	2156	1987	4315
5	2242	1943	2136	4316
5	2271	1950	2088	4317
5	2305	1984	2158	4318
5	2305	2152	1984	4319
5	2172	2145	2022	4320
5	2723	2453	2540	4321
5	2161	1996	2002	4322
5	2320	2180	2166	4323
5	2277	2105	2005	4324
5	2288	2128	1942	4325
5	2162	2139	2007	4326
5	2162	2007	2006	4327
5	2163	2138	1988	4328
5	2163	1988	2011	4329
5	2165	2011	2010	4330
5	2422	2276	2394	4331
5	2335	2193	2334	4332
5	2307	2163	2165	4333
5	2310	2116	2309	4334
5	2449	2322	2320	4335
5	2438	2241	2133	4336
5	2292	1948	2085	4337
5	2169	2020	2019	4338
5	2170	2021	2020	4339
5	2644	2585	2511	4340
5	2316	2121	2275	4341
5	2358	2221	2220	4342
5	2171	2021	2170	4343
5	2358	2220	2357	4344
5	2360	2224	2223	4345
5	2314	2172	2159	4346
5	2252	2026	2144	4347
5	2173	2155	2024	4348
5	2173	2024	2023	4349
5	2258	2023	2156	4350
5	2433	2261	2423	4351
5	2411	2228	2273	4352
5	2443	2298	2396	4353
5	2318	2112	2177	4354
5	2275	2121	2141	4355
5	2319	2176	2317	4356
5	2177	2112	2031	4357
5	2284	2179	2255	4358
5	2505	2266	2397	4359
5	2179	2178	2014	4360
5	2179	2014	2033	4361
5	2326	2108	2185	4362
5	2364	2283	2142	4363
5	2418	2398	2251	4364
5	2182	2095	2036	4365
5	2322	2180	2320	4366
5	2325	2184	2324	4367
5	2184	2038	2037	4368
5	2185	2038	2184	4369
5	2462	2325	2324	4370
5	2309	2116	2108	4371
5	2326	2309	2108	4372
5	2446	2286	2435	4373
5	2330	2189	2188	4374
5	2329	2187	2328	4375
5	2475	2337	2336	4376
5	2193	2048	2047	4377
5	2430	2275	2268	4378
5	2441	2397	2106	4379
5	2327	2186	2119	4380
5	2191	2046	2045	4381
5	2336	2194	2335	4382
5	2334	2192	2333	4383
5	2328	2187	2186	4384
5	2329	2188	2187	4385
5	2331	2190	2189	4386
5	2197	2051	2196	4387
5	2351	2090	2340	4388
5	2195	2050	2049	4389
5	2272	2199	2198	4390
5	2339	2198	2197	4391
5	2339	2197	2338	4392
5	2198	2053	2052	4393
5	2337	2195	2336	4394
5	2332	2191	2190	4395
5	2352	2214	2213	4396
5	2090	1962	2054	4397
5	2404	2259	2376	4398
5	2214	2070	2069	4399
5	2484	2403	2341	4400
5	2250	2164	2092	4401
5	2200	2123	1968	4402
5	2200	1968	2064	4403
5	2260	2201	2099	4404
5	2210	2056	2202	4405
5	2341	2236	2200	4406
5	2210	2200	2064	4407
5	2498	2363	2362	4408
5	2221	2075	2220	4409
5	2480	2344	2343	4410
5	2222	2110	2077	4411
5	2206	2061	2060	4412
5	2209	2063	2208	4413
5	2424	2173	2258	4414
5	2287	2161	2160	4415
5	2615	2481	2506	4416
5	2209	2162	2006	4417
5	2231	2139	2162	4418
5	2485	2350	2349	4419
5	2483	2348	2342	4420
5	2350	2211	2349	4421
5	2448	2307	2308	4422
5	2276	2138	2243	4423
5	2342	2202	2201	4424
5	2556	2402	2482	4425
5	2212	2143	2067	4426
5	2212	2067	2068	4427
5	2259	2120	2124	4428
5	2214	2069	2213	4429
5	2352	2264	2215	4430
5	2215	2070	2214	4431
5	2508	2376	2488	4432
5	2332	2190	2331	4433
5	2216	2119	2000	4434
5	2216	2000	2074	4435
5	2218	2073	2072	4436
5	2327	2119	2279	4437
5	2766	2644	2694	4438
5	2355	2216	2219	4439
5	2328	2186	2327	4440
5	2219	2216	2074	4441
5	2497	2362	2361	4442
5	2421	2255	2254	4443
5	2311	2168	2235	4444
5	2222	2076	2221	4445
5	2235	2168	2091	4446
5	2412	2235	2267	4447
5	2224	2080	2079	4448
5	2225	2081	2080	4449
5	2357	2204	2344	4450
5	2227	2083	2082	4451
5	2633	2500	2499	4452
5	2322	2181	2180	4453
5	2460	2323	2322	4454
5	2227	2082	2226	4455
5	2458	2310	2309	4456
5	2282	2223	2114	4457
5	2359	2222	2221	4458
5	2555	2178	2284	4459
5	2244	1997	2127	4460
5	2244	2146	1997	4461
5	2230	2205	2122	4462
5	2285	2230	2122	4463
5	2347	2209	2208	4464
5	2401	2375	2231	4465
5	2232	2231	2162	4466
5	2232	2162	2209	4467
5	2233	2167	2017	4468
5	2233	2017	2157	4469
5	2252	2109	2026	4470
5	2258	2173	2023	4471
5	2585	2450	2511	4472
5	2451	2312	2450	4473
5	2261	2143	2212	4474
5	2400	2345	2230	4475
5	2312	2169	2311	4476
5	2312	2170	2169	4477
5	2321	2269	2095	4478
5	2461	2321	2323	4479
5	2293	1940	2135	4480
5	2241	1983	2133	4481
5	2249	2084	2240	4482
5	2567	2428	2270	4483
5	2678	2389	2503	4484
5	2297	2106	1891	4485
5	2242	2239	2129	4486
5	2242	2129	1943	4487
5	2485	2349	2382	4488
5	2265	2092	2140	4489
5	2431	2229	2158	4490
5	2416	2146	2244	4491
5	2365	2292	2085	4492
5	2544	2097	2387	4493
5	2246	2234	2145	4494
5	2246	2145	2172	4495
5	2288	1942	2131	4496
5	2416	1981	2146	4497
5	2248	2247	2004	4498
5	2248	2004	2128	4499
5	2378	2086	2271	4500
5	2353	2117	2281	4501
5	2307	2243	2163	4502
5	2308	2164	2250	4503
5	2251	2183	2102	4504
5	2598	2462	2512	4505
5	2419	2252	2144	4506
5	2262	2139	2231	4507
5	2355	2279	2216	4508
5	2420	2279	2355	4509
5	2354	2217	2353	4510
5	2254	2113	2112	4511
5	2675	2510	2405	4512
5	2284	2178	2179	4513
5	2359	2273	2222	4514
5	2343	2111	2256	4515
5	2257	2238	2125	4516
5	2257	2125	2126	4517
5	2315	2144	2027	4518
5	2315	2027	2174	4519
5	2294	2120	2259	4520
5	2265	2250	2092	4521
5	2487	2352	2351	4522
5	2488	2264	2352	4523
5	2423	2261	2263	4524
5	2350	2107	2211	4525
5	2573	2433	2572	4526
5	2286	2160	2089	4527
5	2263	2261	2212	4528
5	2263	2212	2107	4529
5	2264	2259	2124	4530
5	2264	2124	2215	4531
5	2514	2394	2414	4532
5	2381	2342	2260	4533
5	2486	2351	2340	4534
5	2281	2117	2118	4535
5	2267	2235	2091	4536
5	2267	2091	2101	4537
5	2555	2284	2510	4538
5	2427	2268	2274	4539
5	2269	2257	2126	4540
5	2269	2126	2095	4541
5	2501	2438	2292	4542
5	2516	2233	2428	4543
5	2432	2366	2100	4544
5	2429	2378	2271	4545
5	2340	2090	2199	4546
5	2351	2213	2090	4547
5	2344	2203	2343	4548
5	2399	2343	2256	4549
5	2274	2268	2098	4550
5	2274	2098	2096	4551
5	2455	2275	2430	4552
5	2444	2300	2299	4553
5	2276	2260	2099	4554
5	2276	2099	2138	4555
5	2384	2278	2105	4556
5	2278	2103	2003	4557
5	2431	2158	2103	4558
5	2431	2103	2278	4559
5	2253	2159	1998	4560
5	2253	1998	1972	4561
5	2505	2118	2266	4562
5	2366	2240	2100	4563
5	2353	2217	2117	4564
5	2354	2218	2217	4565
5	2363	2227	2226	4566
5	2283	2256	2115	4567
5	2361	2224	2360	4568
5	2763	2632	2762	4569
5	2441	2106	2297	4570
5	2397	2266	2106	4571
5	2481	2345	2400	4572
5	2401	2231	2232	4573
5	2526	2445	2301	4574
5	2434	2230	2285	4575
5	2306	2251	2102	4576
5	2306	2161	2287	4577
5	2503	2389	2439	4578
5	2290	1952	2134	4579
5	2289	2150	1982	4580
5	2289	1982	2147	4581
5	2383	2104	2247	4582
5	2390	2131	2291	4583
5	2390	2288	2131	4584
5	2518	2295	2440	4585
5	2428	2233	2157	4586
5	2791	2567	2651	4587
5	2380	2304	2167	4588
5	2388	2136	2148	4589
5	2294	2265	2140	4590
5	2294	2140	2120	4591
5	2519	2293	2386	4592
5	2365	2085	2239	4593
5	2436	2132	2150	4594
5	2296	2150	2289	4595
5	2297	2151	2245	4596
5	2432	2100	2280	4597
5	2300	2096	2154	4598
5	2300	2154	2299	4599
5	2395	2267	2228	4600
5	2300	2274	2096	4601
5	2412	2267	2395	4602
5	2638	2504	2509	4603
5	2375	2262	2231	4604
5	2302	2155	2301	4605
5	2302	2286	2089	4606
5	2302	2089	2155	4607
5	2368	2156	2234	4608
5	2452	2253	2109	4609
5	2304	2271	2088	4610
5	2304	2088	2167	4611
5	2305	2158	2229	4612
5	2305	2229	2127	4613
5	2435	2286	2302	4614
5	2619	2485	2618	4615
5	2483	2342	2381	4616
5	2572	2433	2423	4617
5	2308	2307	2165	4618
5	2308	2165	2164	4619
5	2310	2166	2116	4620
5	2321	2095	2182	4621
5	2459	2310	2458	4622
5	2632	2499	2498	4623
5	2313	2171	2170	4624
5	2313	2170	2312	4625
5	2570	2430	2427	4626
5	2313	2237	2171	4627
5	2427	2274	2377	4628
5	2444	2377	2300	4629
5	2452	2393	2314	4630
5	2452	2109	2252	4631
5	2588	2315	2453	4632
5	2767	2642	2588	4633
5	2489	2353	2281	4634
5	2454	2254	2318	4635
5	2451	2407	2313	4636
5	2780	2644	2766	4637
5	2491	2355	2356	4638
5	2405	2284	2255	4639
5	2319	2318	2177	4640
5	2319	2177	2176	4641
5	2464	2309	2326	4642
5	2630	2497	2496	4643
5	2323	2181	2322	4644
5	2406	2360	2282	4645
5	2323	2182	2181	4646
5	2323	2321	2182	4647
5	2460	2322	2449	4648
5	2499	2363	2498	4649
5	2325	2185	2184	4650
5	2326	2185	2325	4651
5	2463	2325	2462	4652
5	2761	2630	2760	4653
5	2599	2463	2598	4654
5	2689	2522	2543	4655
5	2466	2327	2465	4656
5	2465	2279	2420	4657
5	2490	2353	2489	4658
5	2333	2191	2332	4659
5	2465	2327	2279	4660
5	2479	2340	2272	4661
5	2467	2328	2466	4662
5	2466	2328	2327	4663
5	2487	2351	2486	4664
5	2333	2192	2191	4665
5	2477	2339	2338	4666
5	2467	2329	2328	4667
5	2471	2332	2470	4668
5	2335	2194	2193	4669
5	2468	2330	2329	4670
5	2473	2334	2472	4671
5	2469	2330	2468	4672
5	2338	2196	2337	4673
5	2469	2331	2330	4674
5	2470	2332	2331	4675
5	2472	2333	2471	4676
5	2339	2272	2198	4677
5	2471	2333	2332	4678
5	2478	2339	2477	4679
5	2472	2334	2333	4680
5	2473	2335	2334	4681
5	2479	2272	2478	4682
5	2352	2215	2214	4683
5	2348	2202	2342	4684
5	2484	2348	2483	4685
5	2348	2210	2202	4686
5	2348	2341	2210	4687
5	2344	2204	2203	4688
5	2357	2220	2204	4689
5	2412	2372	2235	4690
5	2359	2221	2358	4691
5	2346	2208	2207	4692
5	2347	2232	2209	4693
5	2370	2303	2262	4694
5	2347	2208	2346	4695
5	2418	2251	2306	4696
5	2711	2572	2528	4697
5	2425	2265	2294	4698
5	2620	2479	2614	4699
5	2350	2263	2107	4700
5	2349	2211	2123	4701
5	2528	2423	2374	4702
5	2423	2263	2374	4703
5	2474	2336	2335	4704
5	2371	2250	2265	4705
5	2376	2259	2264	4706
5	2477	2338	2476	4707
5	2430	2268	2427	4708
5	2356	2218	2354	4709
5	2586	2524	2407	4710
5	2566	2457	2529	4711
5	2470	2331	2469	4712
5	2468	2329	2467	4713
5	2356	2355	2219	4714
5	2356	2219	2218	4715
5	2821	2722	2780	4716
5	2761	2631	2630	4717
5	2726	2589	2724	4718
5	2463	2326	2325	4719
5	2496	2360	2406	4720
5	2632	2498	2631	4721
5	2361	2225	2224	4722
5	2362	2226	2225	4723
5	2630	2496	2629	4724
5	2364	2142	2227	4725
5	3011	2931	2887	4726
5	2912	2884	2769	4727
5	2494	2357	2492	4728
5	2364	2227	2363	4729
5	2411	2395	2228	4730
5	2399	2256	2373	4731
5	2674	2505	2397	4732
5	2428	2157	2270	4733
5	2367	2240	2366	4734
5	2367	2249	2240	4735
5	2537	2241	2438	4736
5	2695	2537	2637	4737
5	2523	2258	2368	4738
5	2523	2424	2258	4739
5	2437	2296	2290	4740
5	2369	2290	2134	4741
5	2733	2598	2647	4742
5	2540	2303	2370	4743
5	2448	2414	2307	4744
5	2546	2381	2521	4745
5	2372	2311	2235	4746
5	2524	2396	2407	4747
5	2500	2373	2283	4748
5	2499	2364	2363	4749
5	2485	2374	2350	4750
5	2572	2423	2528	4751
5	2482	2346	2481	4752
5	2520	2375	2401	4753
5	2404	2294	2259	4754
5	2425	2294	2404	4755
5	2570	2427	2522	4756
5	2396	2298	2237	4757
5	2552	2369	2544	4758
5	2801	2501	2648	4759
5	2438	2133	2292	4760
5	2380	2167	2379	4761
5	2516	2379	2233	4762
5	2391	2128	2288	4763
5	2382	2349	2236	4764
5	2698	2616	2690	4765
5	2563	2394	2514	4766
5	2565	2371	2425	4767
5	2417	2247	2248	4768
5	2548	2415	2229	4769
5	2549	2277	2383	4770
5	2415	2244	2229	4771
5	2385	2319	2317	4772
5	2455	2316	2275	4773
5	2387	2097	2293	4774
5	2386	2293	2135	4775
5	2569	2545	2378	4776
5	2389	2239	2242	4777
5	2648	2365	2551	4778
5	2555	2280	2178	4779
5	2548	2229	2431	4780
5	2439	2136	2388	4781
5	2552	2437	2369	4782
5	2576	2296	2437	4783
5	2553	2288	2390	4784
5	2437	2290	2369	4785
5	2392	2368	2234	4786
5	2392	2234	2246	4787
5	2393	2392	2246	4788
5	2393	2246	2314	4789
5	2422	2381	2260	4790
5	2394	2276	2243	4791
5	2840	2707	2692	4792
5	2760	2629	2759	4793
5	2443	2299	2298	4794
5	2444	2299	2443	4795
5	2534	2367	2366	4796
5	2426	2356	2354	4797
5	2398	2324	2251	4798
5	2573	2507	2434	4799
5	2493	2411	2273	4800
5	2480	2343	2399	4801
5	2526	2301	2424	4802
5	2424	2301	2173	4803
5	2513	2435	2445	4804
5	2482	2347	2346	4805
5	2402	2401	2232	4806
5	2402	2232	2347	4807
5	2403	2382	2236	4808
5	2403	2236	2341	4809
5	2673	2528	2619	4810
5	2584	2371	2565	4811
5	2557	2420	2491	4812
5	2716	2534	2535	4813
5	2498	2362	2497	4814
5	2497	2361	2496	4815
5	2407	2396	2237	4816
5	2407	2237	2313	4817
5	2408	2406	2282	4818
5	2408	2282	2238	4819
5	2409	2408	2238	4820
5	2409	2238	2257	4821
5	2410	2409	2257	4822
5	2410	2257	2269	4823
5	2492	2344	2480	4824
5	2494	2358	2357	4825
5	2530	2502	2492	4826
5	2530	2480	2399	4827
5	2413	2410	2269	4828
5	2413	2269	2321	4829
5	2414	2394	2243	4830
5	2414	2243	2307	4831
5	2544	2369	2097	4832
5	2440	2295	2137	4833
5	2685	2440	2653	4834
5	2653	2440	2560	4835
5	2667	2515	2505	4836
5	2660	2571	2384	4837
5	2447	2418	2306	4838
5	2447	2287	2446	4839
5	2689	2682	2522	4840
5	2452	2314	2253	4841
5	2491	2420	2355	4842
5	2491	2356	2426	4843
5	2590	2456	2455	4844
5	2421	2405	2255	4845
5	2690	2616	2617	4846
5	2892	2781	2782	4847
5	2433	2285	2261	4848
5	2434	2285	2433	4849
5	2453	2174	2303	4850
5	2618	2485	2382	4851
5	2521	2381	2422	4852
5	2975	2841	2893	4853
5	2693	2566	2529	4854
5	2625	2558	2421	4855
5	2456	2385	2317	4856
5	2668	2645	2554	4857
5	2567	2270	2087	4858
5	2658	2367	2534	4859
5	2661	2429	2550	4860
5	2519	2387	2293	4861
5	2591	2385	2456	4862
5	2626	2491	2426	4863
5	2660	2548	2571	4864
5	2701	2561	2415	4865
5	2510	2284	2405	4866
5	2771	2550	2659	4867
5	2720	2520	2583	4868
5	2434	2400	2230	4869
5	2730	2525	2596	4870
5	2712	2572	2711	4871
5	2698	2547	2616	4872
5	2446	2287	2286	4873
5	2575	2291	2436	4874
5	2436	2150	2296	4875
5	2839	2666	2553	4876
5	2436	2291	2132	4877
5	2501	2292	2365	4878
5	3006	2834	2756	4879
5	2439	2389	2242	4880
5	2439	2242	2136	4881
5	2654	2552	2544	4882
5	2773	2552	2654	4883
5	3145	3066	3083	4884
5	2623	2426	2490	4885
5	2442	2441	2297	4886
5	2442	2297	2245	4887
5	2628	2493	2495	4888
5	2724	2570	2682	4889
5	2532	2395	2411	4890
5	2603	2467	2602	4891
5	2445	2435	2302	4892
5	2445	2302	2301	4893
5	2447	2306	2287	4894
5	2525	2410	2413	4895
5	2546	2483	2381	4896
5	2596	2461	2595	4897
5	2614	2479	2478	4898
5	2610	2474	2609	4899
5	2461	2413	2321	4900
5	2461	2323	2460	4901
5	2451	2313	2312	4902
5	2450	2312	2311	4903
5	2722	2585	2644	4904
5	2586	2451	2585	4905
5	2587	2252	2419	4906
5	2587	2452	2252	4907
5	2588	2419	2315	4908
5	2453	2315	2174	4909
5	2490	2354	2353	4910
5	2454	2421	2254	4911
5	2456	2316	2455	4912
5	2456	2317	2316	4913
5	2579	2396	2524	4914
5	2762	2632	2631	4915
5	2457	2454	2318	4916
5	2457	2318	2319	4917
5	2459	2320	2310	4918
5	2459	2449	2320	4919
5	2574	2446	2435	4920
5	2649	2502	2530	4921
5	2596	2525	2413	4922
5	2598	2463	2462	4923
5	2595	2461	2460	4924
5	2525	2509	2410	4925
5	2845	2822	2665	4926
5	2464	2326	2463	4927
5	2592	2459	2458	4928
5	2464	2458	2309	4929
5	2594	2460	2449	4930
5	2729	2594	2593	4931
5	2611	2476	2475	4932
5	2602	2466	2601	4933
5	2604	2468	2603	4934
5	2600	2465	2420	4935
5	2612	2477	2476	4936
5	2558	2405	2421	4937
5	2601	2466	2465	4938
5	2474	2335	2473	4939
5	2608	2472	2607	4940
5	2605	2469	2604	4941
5	2602	2467	2466	4942
5	2612	2476	2611	4943
5	2603	2468	2467	4944
5	2476	2338	2337	4945
5	2609	2473	2608	4946
5	2614	2478	2613	4947
5	2604	2469	2468	4948
5	2605	2470	2469	4949
5	2607	2471	2606	4950
5	2476	2337	2475	4951
5	2606	2470	2605	4952
5	2606	2471	2470	4953
5	2613	2477	2612	4954
5	2488	2352	2487	4955
5	2607	2472	2471	4956
5	2608	2473	2472	4957
5	2621	2486	2620	4958
5	2486	2340	2479	4959
5	2609	2474	2473	4960
5	2610	2475	2474	4961
5	2492	2357	2344	4962
5	2493	2273	2359	4963
5	2482	2402	2347	4964
5	2481	2346	2345	4965
5	2583	2520	2401	4966
5	2581	2418	2447	4967
5	2484	2341	2348	4968
5	2943	2831	2798	4969
5	2541	2404	2376	4970
5	2584	2448	2371	4971
5	2618	2382	2547	4972
5	2749	2547	2698	4973
5	2622	2488	2487	4974
5	2841	2706	2775	4975
5	2721	2584	2565	4976
5	2488	2376	2264	4977
5	2617	2483	2546	4978
5	2541	2376	2508	4979
5	2490	2426	2354	4980
5	2600	2420	2557	4981
5	2674	2667	2505	4982
5	2705	2555	2704	4983
5	2704	2555	2510	4984
5	2601	2465	2600	4985
5	3015	2905	2913	4986
5	2628	2495	2627	4987
5	2495	2358	2494	4988
5	2542	2372	2412	4989
5	2495	2359	2358	4990
5	2495	2493	2359	4991
5	2591	2529	2385	4992
5	2543	2522	2377	4993
5	2533	2408	2504	4994
5	2633	2531	2373	4995
5	2533	2406	2408	4996
5	2500	2283	2364	4997
5	2530	2399	2531	4998
5	2530	2492	2480	4999
5	2633	2373	2500	5000
5	2500	2364	2499	5001
5	2827	2650	2664	5002
5	2631	2498	2497	5003
5	2705	2432	2555	5004
5	2567	2087	2249	5005
5	2502	2494	2492	5006
5	2629	2406	2533	5007
5	2678	2551	2389	5008
5	2551	2239	2389	5009
5	2593	2449	2459	5010
5	2596	2413	2461	5011
5	2515	2281	2505	5012
5	2505	2281	2118	5013
5	2506	2481	2400	5014
5	2573	2434	2433	5015
5	2507	2506	2400	5016
5	2507	2400	2434	5017
5	2679	2508	2622	5018
5	2620	2486	2479	5019
5	2509	2504	2409	5020
5	2509	2409	2410	5021
5	2537	2093	2241	5022
5	2515	2489	2281	5023
5	2511	2450	2372	5024
5	2542	2511	2372	5025
5	2512	2462	2398	5026
5	2854	2765	2729	5027
5	2583	2401	2402	5028
5	2574	2435	2513	5029
5	2878	2751	2877	5030
5	2541	2425	2404	5031
5	2697	2559	2640	5032
5	2589	2430	2570	5033
5	2550	2429	2304	5034
5	2811	2685	2653	5035
5	2517	2503	2439	5036
5	2517	2439	2388	5037
5	2634	2503	2517	5038
5	2518	2517	2388	5039
5	2770	2700	2569	5040
5	2569	2378	2429	5041
5	2540	2453	2303	5042
5	2564	2375	2520	5043
5	2750	2673	2619	5044
5	2691	2546	2656	5045
5	2522	2427	2377	5046
5	2783	2717	2643	5047
5	2642	2419	2588	5048
5	2639	2424	2523	5049
5	2543	2377	2444	5050
5	2795	2689	2669	5051
5	2593	2459	2592	5052
5	3090	2957	3016	5053
5	2635	2445	2526	5054
5	2639	2526	2424	5055
5	2527	2514	2414	5056
5	2527	2414	2448	5057
5	2781	2690	2691	5058
5	2836	2698	2690	5059
5	2529	2457	2385	5060
5	2682	2570	2522	5061
5	2692	2626	2623	5062
5	2758	2668	2628	5063
5	2755	2623	2624	5064
5	2531	2399	2373	5065
5	2559	2395	2532	5066
5	2776	2768	2640	5067
5	2629	2496	2406	5068
5	2631	2497	2630	5069
5	2536	2442	2245	5070
5	2637	2537	2438	5071
5	2535	2534	2366	5072
5	2535	2366	2432	5073
5	2577	2397	2441	5074
5	2967	2578	2636	5075
5	2537	2536	2245	5076
5	2537	2245	2093	5077
5	2538	2523	2368	5078
5	2538	2368	2392	5079
5	2539	2512	2398	5080
5	2539	2398	2418	5081
5	2663	2512	2539	5082
5	2639	2538	2655	5083
5	2565	2425	2541	5084
5	2583	2402	2556	5085
5	2669	2543	2580	5086
5	2883	2840	2692	5087
5	2580	2443	2579	5088
5	2580	2543	2444	5089
5	2660	2384	2549	5090
5	2553	2391	2288	5091
5	2545	2519	2386	5092
5	2545	2386	2378	5093
5	2547	2382	2403	5094
5	2619	2374	2485	5095
5	2749	2618	2547	5096
5	2688	2521	2563	5097
5	2549	2384	2277	5098
5	2571	2278	2384	5099
5	2701	2415	2548	5100
5	2654	2544	2652	5101
5	2785	2577	2715	5102
5	2551	2365	2239	5103
5	2666	2417	2391	5104
5	2666	2391	2553	5105
5	2702	2653	2560	5106
5	2648	2501	2365	5107
5	3059	2837	2938	5108
5	2576	2436	2296	5109
5	2554	2532	2411	5110
5	2554	2411	2493	5111
5	2774	2705	2704	5112
5	2815	2651	2568	5113
5	2681	2527	2584	5114
5	2584	2527	2448	5115
5	2626	2426	2623	5116
5	2727	2725	2591	5117
5	3136	3031	2946	5118
5	2625	2421	2454	5119
5	2559	2542	2412	5120
5	2559	2412	2395	5121
5	2560	2440	2137	5122
5	2560	2137	2416	5123
5	2561	2560	2416	5124
5	2561	2416	2415	5125
5	2562	2538	2392	5126
5	2562	2392	2393	5127
5	2563	2521	2422	5128
5	2563	2422	2394	5129
5	2767	2588	2723	5130
5	2564	2370	2375	5131
5	2900	2788	2789	5132
5	2871	2745	2870	5133
5	2625	2454	2566	5134
5	2566	2454	2457	5135
5	2801	2637	2501	5136
5	2791	2428	2567	5137
5	2568	2567	2249	5138
5	2568	2249	2367	5139
5	2686	2652	2387	5140
5	2686	2387	2519	5141
5	2589	2455	2430	5142
5	2590	2455	2589	5143
5	2571	2548	2431	5144
5	2571	2431	2278	5145
5	2827	2796	2650	5146
5	2713	2507	2573	5147
5	2671	2664	2615	5148
5	2796	2720	2650	5149
5	2581	2539	2418	5150
5	2582	2446	2574	5151
5	2714	2390	2575	5152
5	2575	2390	2291	5153
5	2714	2575	2576	5154
5	2576	2575	2436	5155
5	2825	2678	2503	5156
5	2803	2695	2637	5157
5	2578	2577	2441	5158
5	2578	2441	2442	5159
5	2580	2444	2443	5160
5	2579	2443	2396	5161
5	2708	2489	2515	5162
5	2689	2543	2669	5163
5	2719	2574	2677	5164
5	2728	2593	2592	5165
5	2582	2581	2447	5166
5	2582	2447	2446	5167
5	2720	2583	2650	5168
5	2720	2696	2520	5169
5	2798	2657	2672	5170
5	2706	2541	2508	5171
5	2586	2407	2451	5172
5	2585	2451	2450	5173
5	2676	2627	2502	5174
5	2800	2759	2646	5175
5	2587	2562	2393	5176
5	2587	2393	2452	5177
5	2723	2588	2453	5178
5	2655	2538	2562	5179
5	2717	2579	2643	5180
5	2852	2726	2793	5181
5	2725	2693	2529	5182
5	2591	2456	2590	5183
5	3178	3143	3015	5184
5	2963	2795	2919	5185
5	2595	2460	2594	5186
5	2594	2449	2593	5187
5	2848	2696	2720	5188
5	2728	2592	2662	5189
5	2778	2733	2647	5190
5	2763	2633	2632	5191
5	2733	2599	2598	5192
5	2731	2595	2594	5193
5	2729	2593	2728	5194
5	2764	2633	2763	5195
5	2597	2592	2458	5196
5	2597	2458	2464	5197
5	2599	2464	2463	5198
5	2599	2597	2464	5199
5	2662	2592	2597	5200
5	2731	2594	2729	5201
5	2724	2589	2570	5202
5	2797	2755	2624	5203
5	2708	2624	2489	5204
5	2737	2601	2736	5205
5	2736	2601	2600	5206
5	2737	2602	2601	5207
5	2735	2600	2557	5208
5	2707	2557	2626	5209
5	2741	2605	2740	5210
5	2613	2478	2477	5211
5	2752	2621	2620	5212
5	2738	2603	2602	5213
5	2743	2607	2742	5214
5	2622	2487	2621	5215
5	2739	2604	2603	5216
5	2753	2622	2621	5217
5	2744	2608	2743	5218
5	2740	2605	2604	5219
5	2745	2610	2609	5220
5	2611	2475	2610	5221
5	2741	2606	2605	5222
5	2746	2611	2610	5223
5	2742	2607	2606	5224
5	2748	2612	2747	5225
5	2743	2608	2607	5226
5	2748	2614	2613	5227
5	2745	2609	2744	5228
5	2621	2487	2486	5229
5	2751	2614	2748	5230
5	2744	2609	2608	5231
5	2615	2556	2482	5232
5	2615	2482	2481	5233
5	2616	2547	2403	5234
5	2616	2403	2484	5235
5	2617	2616	2484	5236
5	2617	2484	2483	5237
5	3020	2893	2898	5238
5	2619	2528	2374	5239
5	2688	2563	2657	5240
5	2721	2681	2584	5241
5	2746	2610	2745	5242
5	2622	2508	2488	5243
5	2747	2612	2611	5244
5	2751	2620	2614	5245
5	2681	2672	2527	5246
5	2706	2508	2679	5247
5	2738	2602	2737	5248
5	2626	2557	2491	5249
5	2624	2623	2490	5250
5	2624	2490	2489	5251
5	2735	2557	2707	5252
5	2707	2626	2692	5253
5	3163	3041	3154	5254
5	3204	3061	3137	5255
5	2628	2554	2493	5256
5	2627	2495	2494	5257
5	2882	2754	2881	5258
5	2901	2769	2792	5259
5	2646	2504	2638	5260
5	2764	2757	2531	5261
5	2951	2799	2804	5262
5	2650	2583	2556	5263
5	2832	2639	2655	5264
5	2633	2499	2632	5265
5	2646	2533	2504	5266
5	2885	2760	2759	5267
5	2759	2533	2646	5268
5	2764	2531	2633	5269
5	2940	2801	2648	5270
5	2637	2438	2501	5271
5	2924	2767	2723	5272
5	2635	2513	2445	5273
5	2636	2578	2442	5274
5	2636	2442	2536	5275
5	2906	2830	2779	5276
5	2651	2567	2568	5277
5	2854	2729	2728	5278
5	2730	2641	2525	5279
5	2709	2370	2564	5280
5	2642	2587	2419	5281
5	2640	2559	2532	5282
5	2784	2697	2768	5283
5	2641	2638	2509	5284
5	2641	2509	2525	5285
5	2639	2523	2538	5286
5	2642	2655	2562	5287
5	2643	2579	2524	5288
5	2670	2643	2524	5289
5	2670	2524	2586	5290
5	3107	2983	3105	5291
5	2645	2640	2532	5292
5	2645	2532	2554	5293
5	2807	2638	2799	5294
5	2759	2629	2533	5295
5	2647	2598	2512	5296
5	2663	2647	2512	5297
5	2659	2550	2380	5298
5	2946	2785	2715	5299
5	2668	2554	2628	5300
5	2676	2502	2649	5301
5	2853	2728	2662	5302
5	2677	2574	2513	5303
5	2695	2536	2537	5304
5	2659	2380	2379	5305
5	2703	2576	2437	5306
5	2810	2654	2652	5307
5	3027	2779	2935	5308
5	2915	2654	2810	5309
5	2702	2560	2561	5310
5	2969	2846	2896	5311
5	2642	2562	2587	5312
5	2847	2719	2677	5313
5	2656	2546	2521	5314
5	2876	2673	2750	5315
5	2688	2656	2521	5316
5	2657	2563	2514	5317
5	2815	2568	2658	5318
5	2658	2568	2367	5319
5	2904	2678	2825	5320
5	2661	2569	2429	5321
5	2938	2837	2702	5322
5	2699	2383	2417	5323
5	2947	2774	2894	5324
5	2818	2551	2678	5325
5	2734	2599	2733	5326
5	2857	2734	2733	5327
5	2671	2506	2665	5328
5	2711	2528	2673	5329
5	2664	2650	2556	5330
5	2664	2556	2615	5331
5	2671	2615	2506	5332
5	2665	2506	2507	5333
5	2817	2549	2699	5334
5	2699	2549	2383	5335
5	2675	2405	2558	5336
5	2756	2558	2625	5337
5	2758	2627	2676	5338
5	2784	2766	2694	5339
5	3133	2952	3050	5340
5	2912	2769	2901	5341
5	2780	2722	2644	5342
5	3061	2930	3026	5343
5	2809	2718	2719	5344
5	2680	2663	2539	5345
5	2672	2657	2514	5346
5	2672	2514	2527	5347
5	2713	2573	2712	5348
5	2712	2573	2572	5349
5	2674	2397	2577	5350
5	2715	2577	2578	5351
5	2756	2625	2754	5352
5	2739	2603	2738	5353
5	2758	2628	2627	5354
5	2889	2763	2762	5355
5	2680	2539	2581	5356
5	2777	2663	2680	5357
5	3027	2906	2779	5358
5	2779	2687	2700	5359
5	2753	2679	2622	5360
5	2752	2620	2751	5361
5	2790	2663	2777	5362
5	2978	2895	2854	5363
5	2710	2541	2706	5364
5	3004	2898	2880	5365
5	2851	2693	2725	5366
5	2986	2852	2793	5367
5	2683	2659	2379	5368
5	2683	2379	2516	5369
5	2938	2702	2838	5370
5	2684	2634	2517	5371
5	2685	2684	2518	5372
5	2685	2518	2440	5373
5	3138	3040	3023	5374
5	2770	2569	2661	5375
5	2687	2686	2519	5376
5	2687	2519	2545	5377
5	2788	2672	2681	5378
5	2921	2836	2916	5379
5	2966	2802	2635	5380
5	2833	2639	2832	5381
5	2750	2618	2749	5382
5	2750	2619	2618	5383
5	2691	2690	2617	5384
5	2691	2617	2546	5385
5	2753	2621	2752	5386
5	2736	2600	2735	5387
5	2754	2566	2693	5388
5	2834	2558	2756	5389
5	2694	2644	2511	5390
5	2694	2511	2542	5391
5	2786	2708	2515	5392
5	2835	2636	2536	5393
5	2802	2513	2635	5394
5	2709	2540	2370	5395
5	2697	2694	2542	5396
5	2697	2542	2559	5397
5	2843	2711	2842	5398
5	2874	2698	2836	5399
5	2812	2417	2666	5400
5	2838	2702	2561	5401
5	2700	2687	2545	5402
5	2700	2545	2569	5403
5	2830	2686	2687	5404
5	2907	2810	2830	5405
5	2838	2561	2701	5406
5	2703	2437	2552	5407
5	3023	2969	2896	5408
5	2714	2553	2390	5409
5	3186	2940	3058	5410
5	2772	2704	2510	5411
5	2923	2658	2534	5412
5	2705	2535	2432	5413
5	2710	2565	2541	5414
5	2721	2565	2710	5415
5	3008	2981	2840	5416
5	2726	2590	2589	5417
5	2862	2736	2861	5418
5	2754	2625	2566	5419
5	2787	2655	2642	5420
5	2850	2723	2540	5421
5	2831	2657	2798	5422
5	2814	2656	2688	5423
5	2849	2789	2721	5424
5	2713	2665	2507	5425
5	2843	2712	2711	5426
5	2922	2790	2920	5427
5	2999	2876	2875	5428
5	2925	2765	2895	5429
5	2839	2553	2714	5430
5	2846	2576	2703	5431
5	2774	2535	2705	5432
5	2772	2510	2675	5433
5	2816	2771	2659	5434
5	3014	2786	2897	5435
5	2717	2669	2580	5436
5	2717	2580	2579	5437
5	2718	2680	2581	5438
5	2718	2581	2582	5439
5	2719	2718	2582	5440
5	2719	2582	2574	5441
5	2874	2749	2698	5442
5	2857	2733	2778	5443
5	3127	3003	3002	5444
5	2877	2751	2748	5445
5	2722	2670	2586	5446
5	2722	2586	2585	5447
5	2924	2787	2767	5448
5	2802	2677	2513	5449
5	2725	2529	2591	5450
5	2828	2794	2682	5451
5	2727	2590	2726	5452
5	2863	2737	2862	5453
5	2727	2591	2590	5454
5	2879	2752	2878	5455
5	2881	2754	2693	5456
5	2740	2604	2739	5457
5	3052	2895	3041	5458
5	2799	2638	2641	5459
5	3140	3050	3055	5460
5	2889	2762	2887	5461
5	2732	2595	2731	5462
5	2732	2596	2595	5463
5	2732	2730	2596	5464
5	2942	2913	2780	5465
5	2888	2792	2757	5466
5	3010	2886	2885	5467
5	2734	2597	2599	5468
5	2734	2662	2597	5469
5	2826	2680	2718	5470
5	2822	2671	2665	5471
5	2913	2821	2780	5472
5	3117	2992	3116	5473
5	2828	2689	2795	5474
5	2852	2727	2726	5475
5	2882	2756	2754	5476
5	2742	2606	2741	5477
5	2928	2883	2755	5478
5	2861	2736	2735	5479
5	2871	2746	2745	5480
5	2863	2738	2737	5481
5	2862	2737	2736	5482
5	2865	2739	2864	5483
5	2864	2739	2738	5484
5	2748	2613	2612	5485
5	2873	2748	2747	5486
5	2868	2742	2867	5487
5	2865	2740	2739	5488
5	2869	2743	2868	5489
5	2866	2741	2740	5490
5	2872	2746	2871	5491
5	2880	2775	2679	5492
5	2747	2611	2746	5493
5	2867	2742	2741	5494
5	2868	2743	2742	5495
5	2877	2748	2873	5496
5	2869	2744	2743	5497
5	2880	2679	2753	5498
5	2870	2745	2744	5499
5	2836	2690	2781	5500
5	2842	2711	2673	5501
5	2970	2843	2842	5502
5	3002	2877	3001	5503
5	2878	2752	2751	5504
5	2872	2747	2746	5505
5	2879	2753	2752	5506
5	3545	3387	3529	5507
5	2798	2672	2788	5508
5	2849	2710	2841	5509
5	2864	2738	2863	5510
5	2797	2624	2708	5511
5	2861	2735	2859	5512
5	2755	2692	2623	5513
5	2774	2716	2535	5514
5	2929	2675	2834	5515
5	2757	2649	2530	5516
5	2757	2530	2531	5517
5	2930	2768	2776	5518
5	3011	2887	2886	5519
5	2760	2630	2629	5520
5	2762	2631	2761	5521
5	2886	2760	2885	5522
5	2885	2759	2800	5523
5	2886	2761	2760	5524
5	2942	2780	2766	5525
5	2884	2676	2769	5526
5	2887	2762	2761	5527
5	2769	2676	2649	5528
5	2911	2805	2823	5529
5	2888	2757	2764	5530
5	2887	2761	2886	5531
5	2765	2731	2729	5532
5	2854	2728	2853	5533
5	3026	2939	3021	5534
5	2952	2807	2891	5535
5	3070	2961	2847	5536
5	2787	2642	2767	5537
5	2784	2694	2697	5538
5	2768	2697	2640	5539
5	2776	2640	2645	5540
5	3079	2933	3074	5541
5	2818	2648	2551	5542
5	3076	2770	2936	5543
5	3156	3060	2953	5544
5	2771	2661	2550	5545
5	2937	2708	2786	5546
5	2786	2515	2667	5547
5	3028	2936	2771	5548
5	2773	2703	2552	5549
5	2785	2674	2577	5550
5	2785	2667	2674	5551
5	2775	2706	2679	5552
5	2880	2753	2879	5553
5	3029	3012	3013	5554
5	3169	3082	3143	5555
5	2845	2665	2713	5556
5	2824	2671	2822	5557
5	2844	2712	2843	5558
5	2960	2920	2777	5559
5	3037	3024	2918	5560
5	2935	2779	2700	5561
5	3207	3074	3204	5562
5	3233	3067	3201	5563
5	2814	2782	2656	5564
5	2998	2874	2921	5565
5	2782	2781	2691	5566
5	2782	2691	2656	5567
5	3047	3008	2883	5568
5	3170	3081	3169	5569
5	2945	2768	2930	5570
5	2913	2905	2821	5571
5	3031	2785	2946	5572
5	2894	2774	2704	5573
5	3032	2834	3006	5574
5	2897	2786	2667	5575
5	2966	2635	2833	5576
5	2850	2540	2709	5577
5	2973	2845	2844	5578
5	2971	2957	2822	5579
5	2789	2788	2681	5580
5	2789	2681	2721	5581
5	2790	2778	2647	5582
5	2790	2647	2663	5583
5	2808	2428	2791	5584
5	2808	2516	2428	5585
5	2792	2769	2649	5586
5	2792	2649	2757	5587
5	2793	2726	2724	5588
5	2820	2717	2783	5589
5	2794	2793	2724	5590
5	2794	2724	2682	5591
5	2828	2682	2689	5592
5	3372	3258	3270	5593
5	2845	2713	2844	5594
5	2847	2809	2719	5595
5	2834	2675	2558	5596
5	2894	2704	2772	5597
5	3127	3002	3126	5598
5	2950	2788	2900	5599
5	3009	2885	2800	5600
5	3009	2800	2952	5601
5	3158	3021	3053	5602
5	2932	2901	2792	5603
5	2835	2536	2695	5604
5	3160	2637	2801	5605
5	2813	2564	2696	5606
5	2848	2720	2796	5607
5	2816	2659	2683	5608
5	2808	2683	2516	5609
5	2804	2799	2641	5610
5	2804	2641	2730	5611
5	2805	2776	2645	5612
5	2805	2645	2668	5613
5	2806	2783	2643	5614
5	2806	2643	2670	5615
5	2807	2800	2646	5616
5	2807	2646	2638	5617
5	2936	2661	2771	5618
5	3174	2929	3032	5619
5	2813	2709	2564	5620
5	2824	2664	2671	5621
5	2829	2684	2811	5622
5	2811	2684	2685	5623
5	2830	2687	2779	5624
5	2825	2503	2634	5625
5	2817	2660	2549	5626
5	2812	2699	2417	5627
5	2832	2655	2787	5628
5	2954	2709	2813	5629
5	2916	2836	2781	5630
5	2999	2875	2998	5631
5	2918	2695	2803	5632
5	2904	2818	2678	5633
5	2909	2791	2651	5634
5	2918	2835	2695	5635
5	3097	2968	2908	5636
5	2819	2660	2817	5637
5	2907	2830	2906	5638
5	3065	2801	2940	5639
5	2819	2701	2548	5640
5	2819	2548	2660	5641
5	2820	2795	2669	5642
5	2820	2669	2717	5643
5	2821	2806	2670	5644
5	2821	2670	2722	5645
5	2827	2664	2824	5646
5	2826	2718	2809	5647
5	2823	2805	2668	5648
5	2823	2668	2758	5649
5	2974	2827	2958	5650
5	2920	2790	2777	5651
5	2959	2829	2811	5652
5	2935	2700	2770	5653
5	3092	3016	2971	5654
5	2826	2777	2680	5655
5	2914	2857	2778	5656
5	2962	2696	2848	5657
5	2919	2820	2899	5658
5	2982	2851	2860	5659
5	3058	2940	2818	5660
5	2829	2634	2684	5661
5	2830	2810	2652	5662
5	2830	2652	2686	5663
5	2831	2814	2688	5664
5	2831	2688	2657	5665
5	2833	2526	2639	5666
5	2833	2635	2526	5667
5	2903	2677	2802	5668
5	3166	3086	2961	5669
5	2859	2707	2840	5670
5	2859	2735	2707	5671
5	2967	2835	2918	5672
5	2967	2636	2835	5673
5	2876	2842	2673	5674
5	2844	2713	2712	5675
5	2837	2811	2653	5676
5	2837	2653	2702	5677
5	3063	2773	2915	5678
5	2968	2819	2908	5679
5	2896	2846	2703	5680
5	2896	2703	2773	5681
5	2866	2740	2865	5682
5	2867	2741	2866	5683
5	2849	2721	2710	5684
5	2841	2710	2706	5685
5	2875	2749	2874	5686
5	2916	2781	2892	5687
5	3101	3051	2972	5688
5	2895	2765	2854	5689
5	2921	2874	2836	5690
5	2957	2824	2822	5691
5	2978	2854	2853	5692
5	3038	2979	2914	5693
5	2846	2839	2714	5694
5	2846	2714	2576	5695
5	2958	2824	2957	5696
5	2961	2960	2826	5697
5	2977	2787	2924	5698
5	3147	2954	3093	5699
5	3148	3080	3141	5700
5	3191	3064	3167	5701
5	3045	2850	2954	5702
5	2924	2723	2850	5703
5	2881	2693	2851	5704
5	3046	2923	2716	5705
5	2860	2727	2852	5706
5	2860	2725	2727	5707
5	2858	2734	2857	5708
5	3068	2998	2921	5709
5	2951	2891	2799	5710
5	2926	2804	2855	5711
5	2855	2804	2730	5712
5	2855	2730	2732	5713
5	2856	2855	2732	5714
5	2856	2732	2731	5715
5	2858	2662	2734	5716
5	2858	2853	2662	5717
5	2958	2827	2824	5718
5	2922	2778	2790	5719
5	2981	2859	2840	5720
5	3047	2883	2928	5721
5	2989	2864	2988	5722
5	2860	2851	2725	5723
5	3005	2881	2851	5724
5	2986	2793	2927	5725
5	2984	2860	2852	5726
5	2919	2795	2820	5727
5	3019	2919	3018	5728
5	2939	2805	2911	5729
5	2983	2861	2859	5730
5	2870	2744	2869	5731
5	2985	2862	2861	5732
5	2992	2867	2991	5733
5	2987	2863	2862	5734
5	2988	2864	2863	5735
5	2996	2872	2871	5736
5	2989	2865	2864	5737
5	2993	2868	2992	5738
5	2990	2866	2865	5739
5	2994	2869	2993	5740
5	2991	2867	2866	5741
5	3004	2879	3003	5742
5	2873	2747	2872	5743
5	2992	2868	2867	5744
5	3003	2879	2878	5745
5	2995	2870	2994	5746
5	2993	2869	2868	5747
5	2994	2870	2869	5748
5	3257	3172	3242	5749
5	2875	2750	2749	5750
5	2876	2750	2875	5751
5	2973	2971	2845	5752
5	2955	2831	2943	5753
5	3256	3154	3226	5754
5	3001	2873	2997	5755
5	2995	2871	2870	5756
5	2997	2873	2872	5757
5	3373	3260	3297	5758
5	3002	2878	2877	5759
5	3004	2880	2879	5760
5	3001	2877	2873	5761
5	3043	2893	3020	5762
5	3244	3242	3124	5763
5	2996	2871	2995	5764
5	3174	3072	2929	5765
5	2883	2692	2755	5766
5	2983	2859	2981	5767
5	2928	2755	2797	5768
5	2990	2865	2989	5769
5	2884	2823	2758	5770
5	2884	2758	2676	5771
5	2931	2889	2887	5772
5	3135	3034	3011	5773
5	3122	2998	3068	5774
5	3041	2895	2978	5775
5	3000	2970	2842	5776
5	2952	2800	2807	5777
5	2890	2763	2889	5778
5	2890	2888	2764	5779
5	2890	2764	2763	5780
5	3026	2930	2939	5781
5	3152	3056	3073	5782
5	3307	3193	3258	5783
5	2891	2807	2799	5784
5	3135	3010	3134	5785
5	2948	2892	2782	5786
5	2948	2782	2814	5787
5	2893	2841	2775	5788
5	3003	2878	3002	5789
5	2923	2534	2716	5790
5	2897	2667	2785	5791
5	2902	2855	2856	5792
5	2926	2855	2902	5793
5	2956	2699	2812	5794
5	3063	2896	2773	5795
5	2988	2863	2987	5796
5	3183	3162	2947	5797
5	2898	2893	2775	5798
5	2898	2775	2880	5799
5	2899	2820	2783	5800
5	2905	2806	2821	5801
5	2976	2849	2975	5802
5	2976	2900	2789	5803
5	3258	3193	3205	5804
5	3013	2889	2931	5805
5	3154	3041	3062	5806
5	3057	2925	3052	5807
5	2960	2777	2826	5808
5	2903	2847	2677	5809
5	3182	2906	3027	5810
5	3156	2953	3035	5811
5	2944	2806	2905	5812
5	2944	2783	2806	5813
5	3098	2968	3097	5814
5	2908	2819	2817	5815
5	2941	2811	2837	5816
5	3017	2810	2907	5817
5	2968	2701	2819	5818
5	2968	2838	2701	5819
5	3028	2771	2816	5820
5	3076	2935	2770	5821
5	2910	2909	2651	5822
5	2910	2651	2815	5823
5	2934	2884	2912	5824
5	2934	2823	2884	5825
5	2934	2911	2823	5826
5	3061	2945	2930	5827
5	3030	2913	2942	5828
5	3292	3132	3168	5829
5	3100	2922	3099	5830
5	2979	2857	2914	5831
5	3063	3023	2896	5832
5	2915	2773	2654	5833
5	3103	2975	3043	5834
5	3080	2950	3025	5835
5	2917	2812	2666	5836
5	2917	2666	2839	5837
5	3037	2918	2803	5838
5	3162	3046	2947	5839
5	2927	2793	2794	5840
5	3019	2963	2919	5841
5	3092	2971	2973	5842
5	2922	2914	2778	5843
5	3243	3122	3157	5844
5	3064	2916	2892	5845
5	2998	2875	2874	5846
5	2972	2843	2970	5847
5	2923	2910	2815	5848
5	2923	2815	2658	5849
5	3099	2920	3091	5850
5	2965	2833	2832	5851
5	2925	2902	2856	5852
5	2925	2856	2765	5853
5	3052	2925	2895	5854
5	2951	2804	2926	5855
5	3151	2937	3014	5856
5	3178	3030	3144	5857
5	3006	2756	2882	5858
5	3014	2937	2786	5859
5	3072	2894	2772	5860
5	2929	2772	2675	5861
5	2933	2766	2784	5862
5	2942	2766	2933	5863
5	2932	2792	2888	5864
5	3053	2911	2934	5865
5	3075	3053	2934	5866
5	3073	3012	3029	5867
5	3467	3356	3466	5868
5	3056	2901	2932	5869
5	3390	3258	3372	5870
5	3053	3021	2911	5871
5	3159	2935	3076	5872
5	2936	2770	2661	5873
5	2940	2648	2818	5874
5	2964	2634	2829	5875
5	3077	2797	2937	5876
5	2937	2797	2708	5877
5	3017	2915	2810	5878
5	3181	3017	2907	5879
5	2939	2930	2776	5880
5	2939	2776	2805	5881
5	3160	2801	3065	5882
5	3058	2818	2904	5883
5	3181	2907	3078	5884
5	2959	2811	2941	5885
5	3135	3011	3010	5886
5	3030	3015	2913	5887
5	3064	2892	3044	5888
5	3260	3141	3149	5889
5	3115	2990	3114	5890
5	2944	2899	2783	5891
5	2945	2933	2784	5892
5	2945	2784	2768	5893
5	3083	2923	3046	5894
5	2947	2716	2774	5895
5	3196	3136	2946	5896
5	3096	2946	2715	5897
5	3172	3051	3101	5898
5	3323	3191	3167	5899
5	2949	2927	2794	5900
5	2949	2794	2828	5901
5	2950	2943	2798	5902
5	2950	2798	2788	5903
5	3374	3261	3315	5904
5	3057	2902	2925	5905
5	3011	2886	3010	5906
5	3010	2885	3009	5907
5	2953	2816	2683	5908
5	2953	2683	2808	5909
5	3093	2813	2962	5910
5	2954	2850	2709	5911
5	2955	2948	2814	5912
5	2955	2814	2831	5913
5	2956	2908	2817	5914
5	2956	2817	2699	5915
5	2973	2844	2972	5916
5	3055	2891	2951	5917
5	2961	2809	2847	5918
5	3102	2958	3090	5919
5	3078	2907	2906	5920
5	3089	2964	2829	5921
5	3087	2962	2848	5922
5	3070	2847	2903	5923
5	2961	2826	2809	5924
5	3286	3173	3263	5925
5	3244	3124	3123	5926
5	2962	2813	2696	5927
5	2963	2949	2828	5928
5	2963	2828	2795	5929
5	3281	3037	3142	5930
5	2964	2825	2634	5931
5	3039	2903	2802	5932
5	3166	2961	3070	5933
5	2966	2833	2965	5934
5	3039	2802	2966	5935
5	3096	2715	2967	5936
5	2967	2715	2578	5937
5	3022	2908	2956	5938
5	3098	2938	2838	5939
5	2969	2917	2839	5940
5	2969	2839	2846	5941
5	2971	2822	2845	5942
5	3090	2958	2957	5943
5	2972	2844	2843	5944
5	3016	2957	2971	5945
5	3091	2960	3086	5946
5	2980	2978	2853	5947
5	2974	2796	2827	5948
5	2974	2848	2796	5949
5	3062	3041	2978	5950
5	3095	3039	2966	5951
5	2976	2789	2849	5952
5	2975	2849	2841	5953
5	3044	2892	2948	5954
5	3103	3033	2976	5955
5	2977	2965	2832	5956
5	2977	2832	2787	5957
5	2980	2858	2979	5958
5	3086	2960	2961	5959
5	2980	2853	2858	5960
5	2979	2858	2857	5961
5	3100	2914	2922	5962
5	3248	3179	3128	5963
5	2985	2861	2983	5964
5	2987	2862	2985	5965
5	3005	2851	2982	5966
5	3007	2881	3005	5967
5	3168	3008	3047	5968
5	2991	2866	2990	5969
5	3129	3005	2982	5970
5	2984	2982	2860	5971
5	3106	2982	2984	5972
5	2997	2872	2996	5973
5	3110	2986	2927	5974
5	2986	2984	2852	5975
5	3018	2919	2899	5976
5	3082	2905	3015	5977
5	3229	3108	3110	5978
5	3331	3204	3259	5979
5	3067	2949	2963	5980
5	3251	3129	3249	5981
5	3109	2987	2985	5982
5	3111	2988	2987	5983
5	3118	2993	3117	5984
5	3113	2989	2988	5985
5	3119	2994	3118	5986
5	3126	3002	3001	5987
5	3114	2990	2989	5988
5	3120	2995	3119	5989
5	3115	2991	2990	5990
5	3128	3004	3003	5991
5	3116	2992	2991	5992
5	3128	3003	3127	5993
5	3117	2993	2992	5994
5	3121	2996	3120	5995
5	3118	2994	2993	5996
5	3128	3048	3004	5997
5	3000	2842	2876	5998
5	3000	2876	2999	5999
5	3241	3121	3120	6000
5	3428	3373	3297	6001
5	3122	2999	2998	6002
5	3062	2978	2980	6003
5	3119	2995	2994	6004
5	3246	3125	3245	6005
5	3121	2997	2996	6006
5	3245	3121	3241	6007
5	3263	3173	3179	6008
5	3120	2996	2995	6009
5	3321	3225	3276	6010
5	3161	3044	3084	6011
5	3132	3105	2981	6012
5	3444	3442	3324	6013
5	3008	2840	2883	6014
5	3175	3006	3130	6015
5	3264	3014	2897	6016
5	3007	2882	2881	6017
5	3109	2985	3107	6018
5	3105	2983	2981	6019
5	3177	3052	3163	6020
5	3254	3133	3253	6021
5	3253	3133	3050	6022
5	3163	3052	3041	6023
5	3054	2931	3034	6024
5	3054	3013	2931	6025
5	3012	2932	2888	6026
5	3012	2888	2890	6027
5	3013	3012	2890	6028
5	3013	2890	2889	6029
5	3130	3006	2882	6030
5	3032	2929	2834	6031
5	3185	3029	3054	6032
5	3180	3137	3026	6033
5	3104	3062	2980	6034
5	3050	2952	2891	6035
5	3036	2956	2812	6036
5	3059	2941	2837	6037
5	3112	2949	3067	6038
5	3112	2927	2949	6039
5	3108	2984	2986	6040
5	3067	2963	3019	6041
5	3247	3127	3126	6042
5	3125	3001	2997	6043
5	3021	2939	2911	6044
5	3075	2912	2901	6045
5	3098	2838	2968	6046
5	3097	2908	3022	6047
5	3036	2812	2917	6048
5	3036	3022	2956	6049
5	3096	2967	3024	6050
5	3024	2967	2918	6051
5	3025	2950	2900	6052
5	3043	2975	2893	6053
5	3200	3018	3170	6054
5	3350	3347	3231	6055
5	3265	3197	3017	6056
5	3266	3078	3182	6057
5	3094	2904	2825	6058
5	3089	2829	2959	6059
5	3034	2931	3011	6060
5	3134	3010	3009	6061
5	3074	2945	3061	6062
5	3074	2933	2945	6063
5	3271	3060	3156	6064
5	3031	2897	2785	6065
5	3376	3309	3162	6066
5	3072	2772	2929	6067
5	3033	3025	2900	6068
5	3033	2900	2976	6069
5	3054	3029	3013	6070
5	3436	3312	3435	6071
5	3186	3065	2940	6072
5	3060	2816	2953	6073
5	3220	3098	3219	6074
5	3040	2969	3023	6075
5	3142	3037	2803	6076
5	3046	2716	2947	6077
5	3051	2973	2972	6078
5	3194	3055	3085	6079
5	3188	2962	3087	6080
5	3045	2924	2850	6081
5	3040	3036	2917	6082
5	3040	2917	2969	6083
5	3092	2973	3051	6084
5	3104	2979	3038	6085
5	3095	2965	3042	6086
5	3042	2965	2977	6087
5	3103	2976	2975	6088
5	3202	3157	3068	6089
5	3084	2955	3049	6090
5	3084	2948	2955	6091
5	3319	3192	3268	6092
5	3482	3372	3417	6093
5	3035	2791	2909	6094
5	3035	2808	2791	6095
5	3130	2882	3007	6096
5	3116	2991	3115	6097
5	3048	3020	2898	6098
5	3048	2898	3004	6099
5	3084	3044	2948	6100
5	3049	2955	2943	6101
5	3133	3009	2952	6102
5	3134	3009	3133	6103
5	3148	3049	3080	6104
5	3124	2970	3000	6105
5	3085	2951	2926	6106
5	3055	3050	2891	6107
5	3075	2934	2912	6108
5	3205	3056	3152	6109
5	3270	3205	3152	6110
5	3255	3176	3135	6111
5	3071	2902	3057	6112
5	3071	2926	2902	6113
5	3395	3316	3289	6114
5	3075	2901	3056	6115
5	3253	3050	3140	6116
5	3085	2926	3071	6117
5	3060	3028	2816	6118
5	3035	2953	2808	6119
5	3219	3097	3218	6120
5	3094	2825	2964	6121
5	3066	2909	2910	6122
5	3376	3162	3183	6123
5	3079	2942	2933	6124
5	3079	3030	2942	6125
5	3101	2972	2970	6126
5	3203	3057	3177	6127
5	3220	3059	2938	6128
5	3218	3097	3022	6129
5	3069	2916	3064	6130
5	3104	2980	2979	6131
5	3159	3027	2935	6132
5	3160	2803	2637	6133
5	3303	3065	3186	6134
5	3199	2909	3066	6135
5	3170	3018	3081	6136
5	3207	3079	3074	6137
5	3214	3051	3172	6138
5	3444	3322	3396	6139
5	3069	3068	2921	6140
5	3069	2921	2916	6141
5	3087	2848	2974	6142
5	3102	2974	2958	6143
5	3410	3268	3273	6144
5	3085	3055	2951	6145
5	3196	2946	3096	6146
5	3275	3028	3060	6147
5	3073	3056	2932	6148
5	3073	2932	3012	6149
5	3316	3144	3289	6150
5	3501	3379	3498	6151
5	3180	3026	3021	6152
5	3556	3446	3436	6153
5	3275	3139	3028	6154
5	3165	3058	2904	6155
5	3206	3047	2928	6156
5	3077	2928	2797	6157
5	3088	2959	2941	6158
5	3195	2941	3059	6159
5	3345	3228	3288	6160
5	3180	3021	3158	6161
5	3080	3049	2943	6162
5	3080	2943	2950	6163
5	3081	3018	2899	6164
5	3081	2899	2944	6165
5	3082	3081	2944	6166
5	3082	2944	2905	6167
5	3083	3066	2910	6168
5	3083	2910	2923	6169
5	3580	3374	3471	6170
5	3364	3246	3363	6171
5	3045	3042	2977	6172
5	3045	2977	2924	6173
5	3091	2920	2960	6174
5	3213	3090	3016	6175
5	3209	3038	3100	6176
5	3093	2954	2813	6177
5	3182	3078	2906	6178
5	3210	3089	2959	6179
5	3210	2959	3088	6180
5	3382	3088	3195	6181
5	3320	3215	3147	6182
5	3344	3224	3213	6183
5	3279	3086	3166	6184
5	3212	3091	3086	6185
5	3311	3167	3161	6186
5	3099	2922	2920	6187
5	3095	2966	2965	6188
5	3211	3087	2974	6189
5	3155	2964	3089	6190
5	3299	3037	3281	6191
5	3282	3221	3212	6192
5	3209	3164	3038	6193
5	3264	3031	3136	6194
5	3151	3077	2937	6195
5	3198	3138	3023	6196
5	3187	3022	3036	6197
5	3198	3023	3063	6198
5	3219	3098	3097	6199
5	3322	3203	3261	6200
5	3100	3038	2914	6201
5	3221	3099	3091	6202
5	3261	3203	3177	6203
5	3123	2999	3122	6204
5	3123	3000	2999	6205
5	3448	3334	3332	6206
5	3146	2903	3039	6207
5	3189	3033	3103	6208
5	3276	3225	3150	6209
5	3202	3068	3069	6210
5	3324	3194	3190	6211
5	3107	2985	2983	6212
5	3114	2989	3113	6213
5	3129	2982	3106	6214
5	3131	3005	3129	6215
5	3111	2987	3109	6216
5	3113	2988	3111	6217
5	3227	3106	3108	6218
5	3108	3106	2984	6219
5	3201	3019	3200	6220
5	3125	2997	3121	6221
5	3238	3117	3237	6222
5	3110	3108	2986	6223
5	3368	3249	3366	6224
5	3317	3180	3158	6225
5	3231	3110	3112	6226
5	3112	3110	2927	6227
5	3201	3067	3019	6228
5	3200	3019	3018	6229
5	3169	3081	3082	6230
5	3406	3346	3347	6231
5	3230	3109	3228	6232
5	3232	3113	3111	6233
5	3237	3116	3236	6234
5	3126	3001	3125	6235
5	3234	3114	3113	6236
5	3239	3118	3238	6237
5	3235	3115	3114	6238
5	3241	3120	3240	6239
5	3236	3116	3115	6240
5	3237	3117	3116	6241
5	3248	3127	3247	6242
5	3238	3118	3117	6243
5	3545	3521	3428	6244
5	3239	3119	3118	6245
5	3244	3123	3243	6246
5	3124	3000	3123	6247
5	3396	3261	3374	6248
5	3124	3101	2970	6249
5	3208	3049	3148	6250
5	3167	3044	3161	6251
5	3246	3126	3125	6252
5	3240	3120	3119	6253
5	3245	3125	3121	6254
5	3399	3311	3262	6255
5	3248	3128	3127	6256
5	3428	3321	3387	6257
5	3150	3043	3020	6258
5	3443	3311	3399	6259
5	3249	3129	3106	6260
5	3283	3151	3014	6261
5	3132	2981	3008	6262
5	3264	2897	3031	6263
5	3661	3548	3506	6264
5	3131	3007	3005	6265
5	3252	3171	3105	6266
5	3295	3130	3250	6267
5	3535	3413	3494	6268
5	3255	3135	3134	6269
5	3416	3293	3378	6270
5	3324	3190	3322	6271
5	3177	3057	3052	6272
5	3194	3085	3190	6273
5	3509	3309	3376	6274
5	3206	2928	3077	6275
5	3137	3061	3026	6276
5	3289	3144	3207	6277
5	3187	3036	3040	6278
5	3187	3040	3138	6279
5	3139	3076	2936	6280
5	3139	2936	3028	6281
5	3194	3140	3055	6282
5	3190	3085	3071	6283
5	3141	3080	3025	6284
5	3262	3161	3208	6285
5	3303	3281	3142	6286
5	3155	3094	2964	6287
5	3143	3082	3015	6288
5	3440	3317	3307	6289
5	3178	3015	3030	6290
5	3144	3030	3079	6291
5	3217	3046	3162	6292
5	3398	3159	3277	6293
5	3226	3104	3164	6294
5	3146	3070	2903	6295
5	3146	3039	3095	6296
5	3147	3045	2954	6297
5	3323	3167	3311	6298
5	3392	3300	3381	6299
5	3149	3141	3025	6300
5	3149	3025	3033	6301
5	3189	3149	3033	6302
5	3225	3043	3150	6303
5	3301	3206	3077	6304
5	3250	3130	3007	6305
5	3556	3436	3551	6306
5	3176	3034	3135	6307
5	3153	3152	3073	6308
5	3153	3073	3029	6309
5	3226	3062	3104	6310
5	3164	3104	3038	6311
5	3302	3094	3155	6312
5	3303	3142	3065	6313
5	3304	3199	3066	6314
5	3305	3156	3199	6315
5	3157	3122	3068	6316
5	3381	3300	3260	6317
5	3874	3769	3765	6318
5	3352	3233	3201	6319
5	3165	2904	3094	6320
5	3393	3266	3182	6321
5	3160	3065	3142	6322
5	3160	3142	2803	6323
5	3167	3064	3044	6324
5	3191	3069	3064	6325
5	3764	3430	3536	6326
5	3217	3083	3046	6327
5	3310	3163	3154	6328
5	3285	3214	3172	6329
5	3215	3042	3147	6330
5	3147	3042	3045	6331
5	3274	3058	3165	6332
5	3333	3155	3089	6333
5	3278	3087	3211	6334
5	3211	2974	3102	6335
5	3362	3245	3241	6336
5	3300	3141	3260	6337
5	3171	3107	3105	6338
5	3168	3132	3008	6339
5	3312	3143	3298	6340
5	3233	3112	3067	6341
5	3397	3259	3296	6342
5	3328	3200	3170	6343
5	3232	3111	3230	6344
5	3230	3111	3109	6345
5	3223	3213	3016	6346
5	3222	3100	3099	6347
5	3173	3150	3020	6348
5	3173	3020	3048	6349
5	3326	3136	3196	6350
5	3183	2947	2894	6351
5	3314	3174	3032	6352
5	3175	3032	3006	6353
5	3185	3153	3029	6354
5	3192	3034	3176	6355
5	3291	3226	3164	6356
5	3520	3396	3484	6357
5	3446	3313	3436	6358
5	3485	3380	3440	6359
5	3179	3173	3048	6360
5	3179	3048	3128	6361
5	3270	3258	3205	6362
5	3370	3253	3294	6363
5	3195	3088	2941	6364
5	3197	2915	3017	6365
5	3418	3275	3060	6366
5	3308	3027	3159	6367
5	3301	3077	3151	6368
5	3283	3014	3264	6369
5	3184	3183	2894	6370
5	3184	2894	3072	6371
5	3440	3307	3390	6372
5	3269	3152	3153	6373
5	3418	3060	3271	6374
5	3337	3145	3217	6375
5	3218	3022	3187	6376
5	3220	2938	3098	6377
5	3320	3093	3188	6378
5	3188	3093	2962	6379
5	3381	3260	3373	6380
5	3311	3161	3262	6381
5	3310	3154	3256	6382
5	3294	3140	3287	6383
5	3474	3364	3363	6384
5	3202	3069	3191	6385
5	3192	3185	3054	6386
5	3192	3054	3034	6387
5	3193	3158	3053	6388
5	3193	3053	3075	6389
5	3315	3177	3163	6390
5	3287	3140	3194	6391
5	3651	3393	3534	6392
5	3400	3078	3266	6393
5	3337	3217	3309	6394
5	3309	3217	3162	6395
5	3198	3063	3197	6396
5	3197	3063	2915	6397
5	3318	3210	3088	6398
5	3265	3017	3181	6399
5	3199	3156	3035	6400
5	3199	3035	2909	6401
5	3313	3170	3169	6402
5	3240	3119	3239	6403
5	3234	3113	3232	6404
5	3228	3109	3107	6405
5	3401	3257	3360	6406
5	3360	3242	3244	6407
5	3203	3190	3071	6408
5	3203	3071	3057	6409
5	3207	3144	3079	6410
5	3204	3074	3061	6411
5	3205	3193	3075	6412
5	3205	3075	3056	6413
5	3250	3007	3131	6414
5	3402	3330	3206	6415
5	3298	3143	3178	6416
5	3317	3158	3307	6417
5	3208	3161	3084	6418
5	3208	3084	3049	6419
5	3486	3411	3447	6420
5	3278	3188	3087	6421
5	3302	3165	3094	6422
5	3487	3266	3393	6423
5	3224	3102	3090	6424
5	3331	3289	3207	6425
5	3221	3091	3212	6426
5	3223	3092	3214	6427
5	3224	3090	3213	6428
5	3335	3102	3224	6429
5	3371	3254	3370	6430
5	3214	3092	3051	6431
5	3215	3146	3095	6432
5	3215	3095	3042	6433
5	3216	3196	3096	6434
5	3216	3096	3024	6435
5	3299	3024	3037	6436
5	3217	3145	3083	6437
5	3340	3059	3220	6438
5	3338	3198	3327	6439
5	3327	3198	3197	6440
5	3338	3138	3198	6441
5	3218	3187	3138	6442
5	3339	3220	3219	6443
5	3222	3099	3221	6444
5	3222	3209	3100	6445
5	3223	3016	3092	6446
5	3280	3243	3157	6447
5	3291	3256	3226	6448
5	3405	3282	3212	6449
5	3342	3221	3282	6450
5	3361	3243	3280	6451
5	3225	3189	3103	6452
5	3225	3103	3043	6453
5	3284	3164	3209	6454
5	3226	3154	3062	6455
5	3228	3107	3171	6456
5	3249	3106	3227	6457
5	3247	3126	3246	6458
5	3351	3232	3348	6459
5	3488	3389	3367	6460
5	3229	3227	3108	6461
5	3236	3115	3235	6462
5	3235	3114	3234	6463
5	3313	3169	3312	6464
5	3231	3229	3110	6465
5	3349	3200	3328	6466
5	3349	3201	3200	6467
5	3353	3234	3351	6468
5	3233	3231	3112	6469
5	3346	3227	3229	6470
5	3478	3366	3476	6471
5	3328	3170	3313	6472
5	3312	3169	3143	6473
5	3348	3232	3230	6474
5	3359	3241	3240	6475
5	3351	3234	3232	6476
5	3357	3238	3356	6477
5	3353	3235	3234	6478
5	3362	3241	3359	6479
5	3354	3236	3235	6480
5	3355	3237	3236	6481
5	3365	3247	3364	6482
5	3356	3238	3237	6483
5	3363	3245	3362	6484
5	3357	3239	3238	6485
5	3242	3172	3101	6486
5	3242	3101	3124	6487
5	3336	3223	3214	6488
5	3243	3123	3122	6489
5	3343	3223	3336	6490
5	3428	3297	3321	6491
5	3358	3240	3239	6492
5	3359	3240	3358	6493
5	3365	3290	3248	6494
5	3363	3246	3245	6495
5	3762	3632	3716	6496
5	3529	3420	3489	6497
5	3491	3385	3407	6498
5	3530	3381	3526	6499
5	3492	3479	3369	6500
5	3292	3252	3132	6501
5	3252	3105	3132	6502
5	3295	3175	3130	6503
5	3593	3388	3496	6504
5	3251	3131	3129	6505
5	3288	3228	3171	6506
5	3369	3288	3171	6507
5	3254	3134	3133	6508
5	3255	3134	3254	6509
5	3371	3255	3254	6510
5	3378	3319	3377	6511
5	3322	3190	3203	6512
5	3416	3269	3293	6513
5	3526	3373	3521	6514
5	3447	3323	3443	6515
5	3403	3279	3166	6516
5	3335	3211	3102	6517
5	3417	3270	3269	6518
5	3270	3152	3269	6519
5	3259	3204	3137	6520
5	3551	3436	3435	6521
5	3297	3260	3149	6522
5	3297	3149	3189	6523
5	3360	3257	3242	6524
5	3495	3386	3481	6525
5	3420	3286	3385	6526
5	3584	3474	3583	6527
5	3364	3247	3246	6528
5	3365	3248	3247	6529
5	3314	3032	3175	6530
5	3511	3409	3330	6531
5	3327	3197	3265	6532
5	3338	3219	3218	6533
5	3419	3139	3275	6534
5	3415	3318	3382	6535
5	3267	3184	3072	6536
5	3267	3072	3174	6537
5	3268	3192	3176	6538
5	3371	3273	3255	6539
5	3800	3705	3768	6540
5	3417	3269	3416	6541
5	3650	3501	3629	6542
5	3553	3440	3390	6543
5	3499	3391	3303	6544
5	3277	3076	3139	6545
5	3272	3262	3208	6546
5	3272	3208	3148	6547
5	3273	3268	3176	6548
5	3273	3176	3255	6549
5	3375	3136	3326	6550
5	3274	3186	3058	6551
5	3419	3275	3418	6552
5	3277	3159	3076	6553
5	3521	3373	3428	6554
5	3387	3321	3276	6555
5	3595	3505	3549	6556
5	3308	3182	3027	6557
5	3343	3213	3223	6558
5	3279	3212	3086	6559
5	3332	3146	3215	6560
5	3334	3070	3146	6561
5	3652	3539	3579	6562
5	3413	3272	3392	6563
5	3547	3274	3430	6564
5	3299	3216	3024	6565
5	3558	3448	3383	6566
5	3341	3209	3222	6567
5	3444	3324	3322	6568
5	3367	3250	3131	6569
5	3285	3172	3257	6570
5	3291	3164	3284	6571
5	3336	3214	3285	6572
5	3344	3213	3343	6573
5	3286	3276	3150	6574
5	3286	3150	3173	6575
5	3294	3253	3140	6576
5	3370	3254	3253	6577
5	3345	3230	3228	6578
5	3355	3236	3354	6579
5	3553	3390	3497	6580
5	3446	3328	3313	6581
5	3290	3263	3179	6582
5	3290	3179	3248	6583
5	3425	3257	3401	6584
5	3502	3425	3401	6585
5	3366	3249	3227	6586
5	3503	3292	3409	6587
5	3293	3269	3153	6588
5	3293	3153	3185	6589
5	3456	3344	3343	6590
5	3412	3256	3291	6591
5	3375	3264	3136	6592
5	3519	3437	3314	6593
5	3296	3259	3137	6594
5	3296	3137	3180	6595
5	3438	3256	3412	6596
5	3589	3481	3480	6597
5	3669	3497	3596	6598
5	3397	3296	3380	6599
5	3304	3066	3145	6600
5	3325	3196	3216	6601
5	3300	3272	3148	6602
5	3300	3148	3141	6603
5	3330	3047	3206	6604
5	3330	3168	3047	6605
5	3431	3304	3394	6606
5	3536	3302	3404	6607
5	3735	3656	3542	6608
5	3487	3415	3266	6609
5	3305	3271	3156	6610
5	3305	3199	3304	6611
5	3500	3281	3391	6612
5	3431	3305	3304	6613
5	3306	3280	3157	6614
5	3306	3157	3202	6615
5	3317	3296	3180	6616
5	3307	3158	3193	6617
5	3441	3210	3318	6618
5	3382	3195	3340	6619
5	3483	3325	3433	6620
5	3506	3431	3394	6621
5	3315	3261	3177	6622
5	3315	3163	3310	6623
5	3329	3202	3191	6624
5	3329	3191	3323	6625
5	3628	3533	3594	6626
5	3423	3331	3379	6627
5	3435	3298	3429	6628
5	3429	3316	3395	6629
5	3414	3184	3267	6630
5	3437	3174	3314	6631
5	3481	3370	3480	6632
5	3538	3386	3495	6633
5	3316	3298	3178	6634
5	3316	3178	3144	6635
5	3497	3372	3482	6636
5	3378	3293	3319	6637
5	3441	3333	3210	6638
5	3333	3089	3210	6639
5	3319	3293	3185	6640
5	3319	3185	3192	6641
5	3320	3147	3093	6642
5	3331	3207	3204	6643
5	3321	3297	3189	6644
5	3321	3189	3225	6645
5	3324	3287	3194	6646
5	3447	3411	3329	6647
5	3507	3454	3450	6648
5	3329	3306	3202	6649
5	3396	3322	3261	6650
5	3527	3447	3443	6651
5	3326	3196	3325	6652
5	3388	3301	3151	6653
5	3801	3711	3601	6654
5	3388	3151	3283	6655
5	3340	3195	3059	6656
5	3338	3218	3138	6657
5	3435	3312	3298	6658
5	3358	3239	3357	6659
5	3392	3272	3300	6660
5	3599	3563	3507	6661
5	3737	3633	3493	6662
5	3367	3131	3251	6663
5	3515	3279	3403	6664
5	3332	3215	3320	6665
5	3334	3146	3332	6666
5	3334	3166	3070	6667
5	3404	3155	3333	6668
5	3393	3182	3308	6669
5	3403	3166	3334	6670
5	3448	3403	3334	6671
5	3448	3332	3383	6672
5	3449	3211	3335	6673
5	3471	3315	3310	6674
5	3616	3405	3515	6675
5	3524	3506	3394	6676
5	3391	3281	3303	6677
5	3340	3220	3339	6678
5	3339	3219	3338	6679
5	3452	3327	3265	6680
5	3400	3265	3181	6681
5	3400	3181	3078	6682
5	3382	3318	3088	6683
5	3453	3424	3284	6684
5	3341	3284	3209	6685
5	3342	3341	3222	6686
5	3342	3222	3221	6687
5	3450	3336	3285	6688
5	3425	3285	3257	6689
5	3454	3343	3336	6690
5	3597	3513	3560	6691
5	3348	3230	3345	6692
5	3356	3237	3355	6693
5	3476	3366	3346	6694
5	3366	3227	3346	6695
5	3347	3346	3229	6696
5	3347	3229	3231	6697
5	3736	3592	3626	6698
5	3354	3235	3353	6699
5	3352	3201	3349	6700
5	3350	3231	3233	6701
5	3474	3363	3473	6702
5	3461	3458	3350	6703
5	3458	3347	3350	6704
5	3459	3351	3348	6705
5	3458	3406	3347	6706
5	3352	3350	3233	6707
5	3565	3384	3457	6708
5	3460	3352	3349	6709
5	3463	3328	3446	6710
5	3429	3298	3316	6711
5	3436	3313	3312	6712
5	3462	3351	3459	6713
5	3462	3353	3351	6714
5	3464	3354	3353	6715
5	3582	3473	3472	6716
5	3465	3355	3354	6717
5	3473	3362	3472	6718
5	3466	3356	3355	6719
5	3475	3364	3474	6720
5	3467	3357	3356	6721
5	3411	3306	3329	6722
5	3510	3401	3470	6723
5	3361	3360	3244	6724
5	3361	3244	3243	6725
5	3472	3359	3469	6726
5	3468	3358	3357	6727
5	3469	3359	3358	6728
5	3475	3408	3365	6729
5	3473	3363	3362	6730
5	3983	3911	3982	6731
5	3699	3606	3641	6732
5	3472	3362	3359	6733
5	3479	3457	3288	6734
5	3426	3252	3292	6735
5	3369	3171	3252	6736
5	3711	3492	3601	6737
5	3704	3488	3608	6738
5	3368	3251	3249	6739
5	3476	3346	3406	6740
5	3384	3348	3345	6741
5	3481	3386	3371	6742
5	3480	3370	3294	6743
5	3696	3544	3657	6744
5	3410	3273	3386	6745
5	3417	3372	3270	6746
5	3481	3371	3370	6747
5	3491	3407	3490	6748
5	3602	3490	3517	6749
5	3438	3310	3256	6750
5	3741	3522	3616	6751
5	3552	3414	3267	6752
5	3434	3337	3309	6753
5	3524	3394	3337	6754
5	3493	3376	3414	6755
5	3377	3319	3268	6756
5	3386	3273	3371	6757
5	3518	3442	3444	6758
5	3544	3442	3518	6759
5	3379	3331	3259	6760
5	3629	3498	3628	6761
5	3397	3379	3259	6762
5	3380	3296	3317	6763
5	3951	3855	3927	6764
5	3603	3521	3545	6765
5	3452	3339	3338	6766
5	3452	3265	3400	6767
5	3902	3706	3813	6768
5	3383	3188	3278	6769
5	3466	3355	3465	6770
5	3468	3357	3467	6771
5	3385	3286	3263	6772
5	3475	3365	3364	6773
5	3410	3377	3268	6774
5	3703	3594	3610	6775
5	3494	3413	3392	6776
5	3742	3659	3707	6777
5	3402	3301	3388	6778
5	3402	3206	3301	6779
5	3389	3295	3250	6780
5	3389	3250	3367	6781
5	3440	3380	3317	6782
5	3390	3307	3258	6783
5	3433	3216	3299	6784
5	3433	3325	3216	6785
5	3648	3530	3526	6786
5	3526	3381	3373	6787
5	3404	3302	3155	6788
5	3531	3404	3333	6789
5	3394	3304	3145	6790
5	3394	3145	3337	6791
5	3550	3429	3546	6792
5	3533	3380	3485	6793
5	3427	3294	3287	6794
5	3480	3294	3427	6795
5	3498	3379	3397	6796
5	3546	3395	3532	6797
5	3534	3393	3308	6798
5	3398	3308	3159	6799
5	3743	3728	3604	6800
5	3627	3490	3602	6801
5	3452	3340	3339	6802
5	3452	3338	3327	6803
5	3421	3306	3411	6804
5	3607	3518	3520	6805
5	3409	3292	3168	6806
5	3409	3168	3330	6807
5	3451	3342	3282	6808
5	3405	3212	3279	6809
5	3432	3305	3431	6810
5	3764	3547	3430	6811
5	3422	3335	3224	6812
5	3422	3224	3344	6813
5	3569	3459	3516	6814
5	3457	3345	3288	6815
5	3407	3385	3263	6816
5	3407	3263	3290	6817
5	3408	3407	3290	6818
5	3408	3290	3365	6819
5	3704	3600	3488	6820
5	3426	3369	3252	6821
5	4003	3938	3984	6822
5	3609	3528	3538	6823
5	3439	3361	3280	6824
5	3504	3439	3421	6825
5	3421	3280	3306	6826
5	3470	3360	3361	6827
5	3413	3399	3262	6828
5	3413	3262	3272	6829
5	3414	3376	3183	6830
5	3414	3183	3184	6831
5	3415	3382	3400	6832
5	3415	3400	3266	6833
5	3540	3416	3378	6834
5	3610	3594	3485	6835
5	3667	3551	3550	6836
5	3692	3623	3584	6837
5	3542	3277	3419	6838
5	3419	3277	3139	6839
5	3430	3165	3302	6840
5	3505	3419	3418	6841
5	3420	3387	3276	6842
5	3420	3276	3286	6843
5	3705	3605	3655	6844
5	3688	3543	3604	6845
5	3455	3341	3342	6846
5	3512	3403	3448	6847
5	3423	3395	3289	6848
5	3423	3289	3331	6849
5	3424	3412	3291	6850
5	3424	3291	3284	6851
5	3450	3285	3425	6852
5	3522	3451	3282	6853
5	3477	3367	3251	6854
5	3477	3251	3368	6855
5	3543	3411	3486	6856
5	3804	3721	3790	6857
5	3936	3817	3812	6858
5	3794	3692	3691	6859
5	3532	3423	3501	6860
5	3463	3349	3328	6861
5	3499	3303	3186	6862
5	3430	3274	3165	6863
5	3432	3271	3305	6864
5	3432	3418	3271	6865
5	3500	3299	3281	6866
5	3547	3499	3186	6867
5	3524	3337	3434	6868
5	3555	3375	3326	6869
5	3600	3523	3389	6870
5	3375	3283	3264	6871
5	3754	3628	3753	6872
5	3501	3423	3379	6873
5	3551	3435	3550	6874
5	3532	3395	3423	6875
5	3631	3402	3593	6876
5	3437	3267	3174	6877
5	3439	3280	3421	6878
5	3471	3310	3438	6879
5	3470	3361	3439	6880
5	3470	3401	3360	6881
5	3541	3417	3416	6882
5	3645	3528	3609	6883
5	3554	3318	3415	6884
5	3591	3531	3441	6885
5	3442	3427	3287	6886
5	3442	3287	3324	6887
5	3447	3329	3323	6888
5	3443	3323	3311	6889
5	3519	3314	3175	6890
5	3511	3330	3402	6891
5	3708	3615	3555	6892
5	3445	3326	3325	6893
5	3572	3446	3556	6894
5	3469	3358	3468	6895
5	3383	3332	3320	6896
5	3383	3320	3188	6897
5	3449	3278	3211	6898
5	3598	3561	3456	6899
5	3558	3278	3449	6900
5	3558	3383	3278	6901
5	3559	3450	3425	6902
5	3515	3403	3512	6903
5	3455	3342	3451	6904
5	3453	3284	3341	6905
5	3452	3400	3382	6906
5	3452	3382	3340	6907
5	3454	3336	3450	6908
5	3559	3425	3502	6909
5	3456	3343	3454	6910
5	3741	3616	3701	6911
5	3709	3561	3598	6912
5	3455	3453	3341	6913
5	3736	3707	3592	6914
5	3580	3471	3539	6915
5	3573	3464	3571	6916
5	3457	3384	3345	6917
5	3459	3348	3384	6918
5	3516	3459	3384	6919
5	3464	3353	3462	6920
5	3465	3354	3464	6921
5	3461	3352	3460	6922
5	3461	3350	3352	6923
5	3805	3755	3635	6924
5	3537	3476	3406	6925
5	3618	3537	3566	6926
5	3583	3473	3582	6927
5	3666	3516	3619	6928
5	3463	3460	3349	6929
5	3569	3462	3459	6930
5	3567	3461	3460	6931
5	3806	3608	3745	6932
5	3546	3429	3395	6933
5	3550	3435	3429	6934
5	3904	3711	3801	6935
5	3571	3464	3462	6936
5	3573	3465	3464	6937
5	3584	3517	3475	6938
5	3574	3466	3465	6939
5	3692	3583	3691	6940
5	3575	3467	3466	6941
5	3604	3543	3486	6942
5	3530	3392	3381	6943
5	3589	3480	3588	6944
5	3471	3374	3315	6945
5	3690	3582	3581	6946
5	3576	3468	3467	6947
5	3582	3472	3581	6948
5	3577	3469	3468	6949
5	3583	3474	3473	6950
5	3626	3489	3491	6951
5	3581	3472	3469	6952
5	3584	3475	3474	6953
5	3585	3368	3478	6954
5	3488	3367	3477	6955
5	3479	3288	3369	6956
5	3503	3426	3292	6957
5	3600	3389	3488	6958
5	3478	3368	3366	6959
5	3492	3369	3426	6960
5	3570	3460	3463	6961
5	3513	3412	3424	6962
5	3541	3416	3540	6963
5	3525	3378	3377	6964
5	3654	3540	3525	6965
5	3541	3482	3417	6966
5	3540	3378	3525	6967
5	3624	3445	3483	6968
5	3483	3445	3325	6969
5	3484	3396	3374	6970
5	3580	3484	3374	6971
5	3753	3594	3703	6972
5	3768	3655	3654	6973
5	3766	3687	3652	6974
5	3527	3486	3447	6975
5	3542	3398	3277	6976
5	3554	3441	3318	6977
5	3519	3175	3295	6978
5	3555	3326	3445	6979
5	3489	3420	3385	6980
5	3788	3686	3653	6981
5	3491	3489	3385	6982
5	3490	3407	3408	6983
5	3626	3592	3489	6984
5	3934	3836	3897	6985
5	3608	3477	3585	6986
5	3586	3476	3537	6987
5	3509	3434	3309	6988
5	3509	3376	3493	6989
5	3508	3443	3399	6990
5	3527	3443	3508	6991
5	3589	3495	3481	6992
5	3588	3427	3544	6993
5	3496	3388	3283	6994
5	3496	3283	3375	6995
5	3553	3485	3440	6996
5	3497	3390	3372	6997
5	3747	3610	3669	6998
5	3660	3532	3650	6999
5	3548	3432	3431	7000
5	3549	3432	3548	7001
5	3514	3299	3500	7002
5	3514	3433	3299	7003
5	3610	3485	3553	7004
5	3747	3703	3610	7005
5	3578	3439	3504	7006
5	3612	3507	3559	7007
5	4010	3835	3944	7008
5	3585	3477	3368	7009
5	3578	3470	3439	7010
5	3510	3502	3401	7011
5	3531	3333	3441	7012
5	3534	3308	3398	7013
5	3549	3505	3418	7014
5	3548	3431	3506	7015
5	3563	3456	3454	7016
5	3579	3412	3513	7017
5	3648	3526	3646	7018
5	3898	3808	3868	7019
5	3633	3509	3493	7020
5	3643	3524	3434	7021
5	3539	3471	3438	7022
5	3564	3455	3451	7023
5	3608	3488	3477	7024
5	3805	3635	3733	7025
5	3616	3522	3405	7026
5	3515	3405	3279	7027
5	3716	3606	3699	7028
5	3653	3578	3504	7029
5	3644	3506	3524	7030
5	3590	3483	3433	7031
5	3563	3454	3507	7032
5	3522	3282	3405	7033
5	3574	3465	3573	7034
5	3572	3463	3446	7035
5	3517	3490	3408	7036
5	3517	3408	3475	7037
5	3544	3427	3442	7038
5	3588	3480	3427	7039
5	3640	3437	3519	7040
5	3552	3267	3437	7041
5	3520	3518	3444	7042
5	3520	3444	3396	7043
5	3530	3494	3392	7044
5	3808	3715	3762	7045
5	3557	3335	3422	7046
5	3642	3422	3561	7047
5	3523	3519	3295	7048
5	3523	3295	3389	7049
5	3644	3524	3643	7050
5	3590	3433	3514	7051
5	3799	3696	3717	7052
5	3654	3525	3645	7053
5	4029	3898	4020	7054
5	3817	3752	3718	7055
5	3657	3518	3607	7056
5	3767	3645	3761	7057
5	3528	3525	3377	7058
5	3528	3377	3410	7059
5	3545	3428	3387	7060
5	3529	3387	3420	7061
5	3659	3529	3592	7062
5	3606	3535	3494	7063
5	3649	3404	3531	7064
5	3536	3430	3302	7065
5	3655	3541	3540	7066
5	3628	3498	3533	7067
5	3533	3498	3397	7068
5	3533	3397	3380	7069
5	3554	3415	3487	7070
5	3670	3554	3487	7071
5	3535	3508	3399	7072
5	3535	3399	3413	7073
5	3649	3536	3404	7074
5	3547	3186	3274	7075
5	3621	3479	3492	7076
5	3587	3565	3457	7077
5	3538	3528	3410	7078
5	3538	3410	3386	7079
5	3696	3588	3544	7080
5	3638	3513	3597	7081
5	3719	3605	3705	7082
5	3645	3525	3528	7083
5	3869	3754	3864	7084
5	3655	3605	3541	7085
5	3651	3487	3393	7086
5	3656	3398	3542	7087
5	3543	3504	3421	7088
5	3543	3421	3411	7089
5	4118	4026	4045	7090
5	3854	3743	3847	7091
5	3646	3521	3603	7092
5	3715	3625	3647	7093
5	3665	3550	3546	7094
5	3629	3501	3498	7095
5	3723	3651	3656	7096
5	3549	3418	3432	7097
5	3671	3445	3624	7098
5	3724	3639	3662	7099
5	3749	3624	3483	7100
5	3842	3771	3664	7101
5	3667	3550	3665	7102
5	3694	3537	3618	7103
5	3665	3546	3660	7104
5	3650	3532	3501	7105
5	3613	3493	3414	7106
5	3593	3402	3388	7107
5	3655	3540	3654	7108
5	3769	3660	3650	7109
5	3649	3531	3591	7110
5	3591	3441	3554	7111
5	3634	3434	3509	7112
5	3708	3555	3671	7113
5	3780	3727	3622	7114
5	3905	3731	3826	7115
5	3672	3449	3557	7116
5	3557	3449	3335	7117
5	3672	3558	3449	7118
5	3558	3512	3448	7119
5	3673	3597	3560	7120
5	3559	3507	3450	7121
5	3560	3513	3424	7122
5	3560	3424	3453	7123
5	3561	3422	3344	7124
5	3561	3344	3456	7125
5	3562	3560	3453	7126
5	3562	3453	3455	7127
5	3598	3456	3563	7128
5	3675	3562	3564	7129
5	3702	3653	3688	7130
5	3564	3562	3455	7131
5	3568	3461	3567	7132
5	3565	3516	3384	7133
5	3566	3537	3406	7134
5	3566	3406	3458	7135
5	3568	3458	3461	7136
5	3568	3566	3458	7137
5	3581	3469	3577	7138
5	4076	3991	3925	7139
5	3571	3462	3569	7140
5	3577	3468	3576	7141
5	3679	3571	3622	7142
5	3570	3567	3460	7143
5	3576	3467	3575	7144
5	3575	3466	3574	7145
5	3677	3620	3567	7146
5	3572	3570	3463	7147
5	3620	3568	3567	7148
5	3676	3568	3620	7149
5	3826	3731	3692	7150
5	3676	3618	3566	7151
5	3681	3573	3679	7152
5	3689	3577	3685	7153
5	3679	3573	3571	7154
5	3681	3574	3573	7155
5	3691	3582	3690	7156
5	3683	3575	3574	7157
5	3612	3599	3507	7158
5	3578	3510	3470	7159
5	3579	3539	3438	7160
5	3579	3438	3412	7161
5	4110	4019	4075	7162
5	3730	3609	3614	7163
5	3812	3718	3732	7164
5	3684	3576	3575	7165
5	3690	3581	3689	7166
5	3685	3577	3576	7167
5	3846	3732	3731	7168
5	3691	3583	3582	7169
5	4063	3981	3987	7170
5	3732	3623	3731	7171
5	3587	3457	3479	7172
5	3750	3668	3523	7173
5	3711	3621	3492	7174
5	3586	3478	3476	7175
5	3700	3587	3621	7176
5	3695	3619	3565	7177
5	4034	3924	4003	7178
5	3658	3614	3495	7179
5	3625	3604	3486	7180
5	3732	3602	3623	7181
5	3726	3595	3663	7182
5	3671	3555	3445	7183
5	3735	3542	3419	7184
5	3735	3419	3505	7185
5	3592	3529	3489	7186
5	3936	3812	3935	7187
5	3850	3633	3737	7188
5	3901	3805	3733	7189
5	3594	3533	3485	7190
5	3765	3629	3754	7191
5	3663	3548	3661	7192
5	3661	3506	3644	7193
5	3596	3497	3482	7194
5	3820	3719	3705	7195
5	3790	3687	3766	7196
5	3638	3579	3513	7197
5	3740	3675	3564	7198
5	3675	3673	3562	7199
5	4064	3999	4030	7200
5	3740	3564	3674	7201
5	3750	3523	3600	7202
5	3613	3414	3552	7203
5	3601	3492	3426	7204
5	3601	3426	3503	7205
5	3689	3581	3577	7206
5	3692	3584	3583	7207
5	3836	3742	3802	7208
5	3710	3646	3603	7209
5	3763	3646	3710	7210
5	3817	3718	3812	7211
5	3605	3596	3482	7212
5	3605	3482	3541	7213
5	3625	3486	3527	7214
5	3632	3535	3606	7215
5	3687	3539	3652	7216
5	3762	3647	3632	7217
5	3745	3585	3693	7218
5	3621	3587	3479	7219
5	3790	3721	3617	7220
5	3657	3544	3518	7221
5	3875	3769	3874	7222
5	3747	3669	3713	7223
5	3611	3607	3520	7224
5	3611	3520	3484	7225
5	3788	3653	3702	7226
5	3673	3560	3562	7227
5	3615	3375	3555	7228
5	3749	3483	3590	7229
5	3614	3609	3538	7230
5	3614	3538	3495	7231
5	3816	3671	3751	7232
5	3615	3496	3375	7233
5	3672	3512	3558	7234
5	3741	3674	3522	7235
5	3617	3611	3484	7236
5	3617	3484	3580	7237
5	3622	3571	3569	7238
5	3619	3516	3565	7239
5	3660	3546	3532	7240
5	3676	3566	3568	7241
5	3682	3551	3667	7242
5	3680	3572	3556	7243
5	3693	3585	3478	7244
5	3693	3478	3586	7245
5	3683	3574	3681	7246
5	3677	3567	3570	7247
5	3623	3602	3517	7248
5	3623	3517	3584	7249
5	3815	3600	3704	7250
5	3816	3708	3671	7251
5	3647	3508	3632	7252
5	3647	3527	3508	7253
5	3752	3627	3718	7254
5	3931	3802	3834	7255
5	3627	3626	3491	7256
5	3627	3491	3490	7257
5	3785	3682	3667	7258
5	4065	3833	3912	7259
5	3713	3669	3596	7260
5	3753	3628	3594	7261
5	3630	3612	3559	7262
5	3630	3559	3502	7263
5	3904	3837	3711	7264
5	3631	3511	3402	7265
5	3647	3625	3527	7266
5	3632	3508	3535	7267
5	3634	3509	3633	7268
5	3663	3549	3548	7269
5	3848	3822	3774	7270
5	3643	3434	3634	7271
5	3635	3503	3409	7272
5	3635	3409	3511	7273
5	3636	3616	3515	7274
5	3636	3515	3512	7275
5	3637	3630	3502	7276
5	3637	3502	3510	7277
5	3652	3579	3638	7278
5	3687	3580	3539	7279
5	3639	3590	3514	7280
5	3639	3514	3500	7281
5	3757	3640	3668	7282
5	3640	3552	3437	7283
5	3641	3606	3494	7284
5	3641	3494	3530	7285
5	3642	3636	3557	7286
5	3642	3557	3422	7287
5	3758	3643	3634	7288
5	3770	3724	3725	7289
5	3821	3749	3759	7290
5	3835	3593	3814	7291
5	3838	3719	3820	7292
5	3768	3654	3767	7293
5	3648	3641	3530	7294
5	3646	3526	3521	7295
5	3819	3746	3798	7296
5	3734	3720	3607	7297
5	3722	3699	3641	7298
5	3761	3609	3730	7299
5	3841	3664	3499	7300
5	3774	3649	3591	7301
5	3773	3665	3772	7302
5	3772	3660	3769	7303
5	3670	3487	3651	7304
5	3670	3591	3554	7305
5	3686	3510	3578	7306
5	3738	3630	3637	7307
5	3686	3578	3653	7308
5	3686	3637	3510	7309
5	3761	3645	3609	7310
5	4065	3903	3833	7311
5	3829	3730	3746	7312
5	3820	3705	3800	7313
5	3656	3651	3534	7314
5	3656	3534	3398	7315
5	3658	3495	3589	7316
5	3734	3611	3721	7317
5	3697	3588	3696	7318
5	3697	3589	3588	7319
5	3659	3603	3545	7320
5	3659	3545	3529	7321
5	3863	3753	3703	7322
5	3754	3629	3628	7323
5	3759	3639	3724	7324
5	3968	3883	3917	7325
5	3662	3639	3500	7326
5	3662	3500	3391	7327
5	3723	3670	3651	7328
5	3663	3595	3549	7329
5	3664	3662	3391	7330
5	3664	3391	3499	7331
5	4150	4066	4134	7332
5	3682	3556	3551	7333
5	3666	3622	3569	7334
5	3666	3569	3516	7335
5	3765	3650	3629	7336
5	3772	3665	3660	7337
5	3668	3640	3519	7338
5	3668	3519	3523	7339
5	3669	3610	3553	7340
5	3669	3553	3497	7341
5	3906	3841	3764	7342
5	3774	3591	3670	7343
5	3835	3733	3631	7344
5	3737	3493	3613	7345
5	3672	3557	3636	7346
5	3672	3636	3512	7347
5	3776	3597	3673	7348
5	3775	3599	3612	7349
5	3674	3564	3451	7350
5	3674	3451	3522	7351
5	3813	3675	3740	7352
5	3852	3741	3701	7353
5	3729	3618	3676	7354
5	3778	3666	3619	7355
5	3783	3680	3682	7356
5	3779	3712	3677	7357
5	3678	3677	3570	7358
5	3678	3570	3572	7359
5	3685	3576	3684	7360
5	3684	3575	3683	7361
5	3779	3677	3678	7362
5	3680	3678	3572	7363
5	3712	3620	3677	7364
5	3773	3667	3665	7365
5	3785	3667	3773	7366
5	3682	3680	3556	7367
5	3782	3679	3727	7368
5	3794	3691	3793	7369
5	3826	3692	3794	7370
5	3769	3650	3765	7371
5	3926	3831	3907	7372
5	3784	3683	3681	7373
5	3706	3673	3675	7374
5	3714	3637	3686	7375
5	3748	3630	3738	7376
5	3687	3617	3580	7377
5	3688	3653	3504	7378
5	3688	3504	3543	7379
5	3792	3689	3791	7380
5	3786	3684	3683	7381
5	3793	3691	3690	7382
5	3787	3685	3684	7383
5	3846	3812	3732	7384
5	3793	3690	3792	7385
5	3791	3689	3685	7386
5	3792	3690	3689	7387
5	3695	3565	3587	7388
5	3992	3827	3929	7389
5	3827	3693	3795	7390
5	3694	3586	3537	7391
5	3700	3695	3587	7392
5	3777	3620	3712	7393
5	3697	3658	3589	7394
5	3932	3828	3839	7395
5	3873	3800	3768	7396
5	3890	3728	3854	7397
5	3735	3505	3698	7398
5	3698	3505	3595	7399
5	4254	4211	4214	7400
5	3722	3641	3648	7401
5	3825	3782	3727	7402
5	3796	3618	3729	7403
5	3701	3616	3636	7404
5	3701	3636	3642	7405
5	3909	3800	3873	7406
5	3829	3746	3819	7407
5	3833	3703	3747	7408
5	3767	3654	3645	7409
5	3745	3608	3585	7410
5	3994	3801	3933	7411
5	3768	3705	3655	7412
5	3872	3761	3867	7413
5	3748	3612	3630	7414
5	3789	3638	3744	7415
5	3707	3659	3592	7416
5	3840	3763	3807	7417
5	3814	3496	3615	7418
5	4077	3988	3910	7419
5	3709	3701	3642	7420
5	3709	3642	3561	7421
5	3943	3849	3913	7422
5	3807	3763	3710	7423
5	3801	3601	3755	7424
5	3910	3815	3704	7425
5	3797	3619	3695	7426
5	3727	3679	3622	7427
5	3873	3768	3767	7428
5	3912	3833	3857	7429
5	3738	3637	3714	7430
5	3775	3612	3748	7431
5	3743	3625	3715	7432
5	3728	3688	3604	7433
5	3762	3715	3647	7434
5	3716	3632	3606	7435
5	3717	3696	3657	7436
5	3721	3611	3617	7437
5	3718	3627	3602	7438
5	3993	3948	3945	7439
5	3719	3713	3596	7440
5	3719	3596	3605	7441
5	3720	3717	3657	7442
5	3720	3657	3607	7443
5	3734	3607	3611	7444
5	3847	3743	3715	7445
5	3834	3802	3707	7446
5	4162	4138	4087	7447
5	3764	3536	3649	7448
5	3774	3670	3723	7449
5	3771	3662	3664	7450
5	3725	3663	3661	7451
5	3841	3547	3764	7452
5	3726	3663	3725	7453
5	3771	3724	3662	7454
5	3841	3499	3547	7455
5	3786	3683	3784	7456
5	3784	3681	3782	7457
5	3790	3617	3687	7458
5	3728	3702	3688	7459
5	3843	3695	3700	7460
5	3881	3777	3712	7461
5	3854	3728	3743	7462
5	3867	3730	3829	7463
5	3732	3718	3602	7464
5	3731	3623	3692	7465
5	4134	4066	4107	7466
5	3834	3707	3736	7467
5	3733	3635	3511	7468
5	3733	3511	3631	7469
5	3743	3604	3625	7470
5	3923	3871	3890	7471
5	3971	3886	3876	7472
5	3848	3656	3735	7473
5	3849	3752	3817	7474
5	3936	3913	3817	7475
5	3756	3634	3633	7476
5	3850	3756	3633	7477
5	3744	3638	3597	7478
5	3859	3775	3748	7479
5	3739	3598	3563	7480
5	3739	3563	3599	7481
5	3824	3823	3740	7482
5	3852	3740	3674	7483
5	3852	3701	3709	7484
5	3824	3598	3739	7485
5	3742	3710	3603	7486
5	3742	3603	3659	7487
5	3982	3934	3981	7488
5	3889	3766	3870	7489
5	3856	3789	3744	7490
5	3832	3798	3799	7491
5	3827	3745	3693	7492
5	3796	3694	3618	7493
5	3746	3730	3614	7494
5	3746	3614	3658	7495
5	3950	3838	3924	7496
5	3966	3881	3926	7497
5	3945	3847	3808	7498
5	3858	3748	3738	7499
5	3770	3661	3644	7500
5	3760	3643	3758	7501
5	3757	3552	3640	7502
5	3988	3815	3910	7503
5	3751	3671	3624	7504
5	3821	3818	3862	7505
5	3752	3736	3626	7506
5	3752	3626	3627	7507
5	4245	4197	4147	7508
5	3857	3747	3713	7509
5	4073	4038	3954	7510
5	3857	3713	3838	7511
5	3755	3601	3503	7512
5	3755	3503	3635	7513
5	3760	3644	3643	7514
5	3758	3634	3756	7515
5	3865	3613	3757	7516
5	3757	3613	3552	7517
5	3962	3875	3874	7518
5	3818	3760	3758	7519
5	3759	3749	3590	7520
5	3759	3590	3639	7521
5	3770	3644	3760	7522
5	3770	3725	3661	7523
5	3960	3867	3956	7524
5	3945	3808	3898	7525
5	3868	3716	3809	7526
5	3974	3804	3889	7527
5	3763	3722	3648	7528
5	3763	3648	3646	7529
5	4047	3968	4018	7530
5	3810	3595	3726	7531
5	3864	3753	3863	7532
5	3864	3754	3753	7533
5	3922	3775	3859	7534
5	3989	3803	3902	7535
5	3872	3767	3761	7536
5	3938	3800	3909	7537
5	3960	3872	3867	7538
5	3990	3920	3958	7539
5	3883	3782	3825	7540
5	3874	3765	3869	7541
5	3821	3760	3818	7542
5	3770	3759	3724	7543
5	3771	3726	3725	7544
5	3771	3725	3724	7545
5	4016	3962	4001	7546
5	3869	3765	3754	7547
5	3886	3773	3876	7548
5	3782	3681	3679	7549
5	3848	3774	3723	7550
5	3822	3649	3774	7551
5	3776	3673	3706	7552
5	3813	3706	3675	7553
5	3871	3788	3702	7554
5	3776	3744	3597	7555
5	3777	3729	3676	7556
5	3777	3676	3620	7557
5	3925	3896	3797	7558
5	3780	3666	3778	7559
5	3831	3712	3779	7560
5	3780	3622	3666	7561
5	3970	3885	3968	7562
5	3844	3729	3777	7563
5	3781	3779	3678	7564
5	3781	3678	3680	7565
5	3791	3685	3787	7566
5	3787	3684	3786	7567
5	3905	3846	3731	7568
5	3783	3781	3680	7569
5	3879	3779	3781	7570
5	3876	3773	3772	7571
5	3886	3785	3773	7572
5	3785	3783	3682	7573
5	4045	3894	3978	7574
5	3875	3772	3769	7575
5	3879	3831	3779	7576
5	3876	3772	3875	7577
5	3952	3859	3858	7578
5	3788	3714	3686	7579
5	3789	3766	3652	7580
5	3789	3652	3638	7581
5	3828	3717	3720	7582
5	3853	3734	3721	7583
5	3887	3786	3885	7584
5	3885	3786	3784	7585
5	3928	3905	3826	7586
5	3887	3787	3786	7587
5	3891	3791	3787	7588
5	3892	3791	3891	7589
5	3928	3826	3794	7590
5	4189	4079	4135	7591
5	3795	3693	3586	7592
5	3795	3586	3694	7593
5	3797	3778	3619	7594
5	3979	3895	3844	7595
5	4124	4039	4051	7596
5	3895	3729	3844	7597
5	3798	3746	3658	7598
5	3798	3658	3697	7599
5	3799	3798	3697	7600
5	3799	3697	3696	7601
5	3873	3767	3872	7602
5	3867	3761	3730	7603
5	4070	3908	4012	7604
5	3815	3750	3600	7605
5	3802	3742	3707	7606
5	4086	3981	4063	7607
5	3877	3744	3776	7608
5	3803	3776	3706	7609
5	4050	3972	3997	7610
5	3868	3762	3716	7611
5	3806	3704	3608	7612
5	4071	3904	3994	7613
5	3843	3797	3695	7614
5	3910	3704	3806	7615
5	4028	3931	3943	7616
5	3921	3830	3900	7617
5	3847	3715	3808	7618
5	3855	3738	3714	7619
5	3868	3808	3762	7620
5	3809	3716	3699	7621
5	3822	3764	3649	7622
5	3810	3698	3595	7623
5	3811	3795	3694	7624
5	3811	3694	3796	7625
5	4135	4079	4118	7626
5	3935	3812	3846	7627
5	3851	3599	3775	7628
5	3922	3851	3775	7629
5	3814	3615	3708	7630
5	3894	3793	3893	7631
5	3901	3733	3835	7632
5	3835	3631	3593	7633
5	3861	3757	3668	7634
5	3865	3757	3861	7635
5	4000	3913	3999	7636
5	3931	3897	3802	7637
5	4033	4008	3952	7638
5	3866	3862	3818	7639
5	3942	3845	3918	7640
5	3853	3721	3804	7641
5	4072	3984	4005	7642
5	4259	4217	4198	7643
5	3862	3624	3749	7644
5	3821	3862	3749	7645
5	3860	3668	3750	7646
5	3814	3593	3496	7647
5	3823	3813	3740	7648
5	3824	3739	3823	7649
5	3852	3674	3741	7650
5	3824	3740	3852	7651
5	3883	3784	3782	7652
5	3885	3784	3883	7653
5	3893	3792	3892	7654
5	3892	3792	3791	7655
5	3994	3904	3801	7656
5	4077	3995	4067	7657
5	3832	3819	3798	7658
5	3845	3717	3828	7659
5	3956	3829	3940	7660
5	3937	3819	3832	7661
5	3830	3809	3699	7662
5	3830	3699	3722	7663
5	3908	3843	3700	7664
5	3996	3929	3811	7665
5	4052	3997	3923	7666
5	4029	3993	3945	7667
5	3838	3713	3719	7668
5	3950	3857	3838	7669
5	3999	3913	3936	7670
5	4000	3943	3913	7671
5	3944	3814	3899	7672
5	3861	3668	3860	7673
5	3836	3807	3710	7674
5	3836	3710	3742	7675
5	3837	3700	3621	7676
5	3837	3621	3711	7677
5	3857	3833	3747	7678
5	4038	3990	3958	7679
5	3839	3828	3720	7680
5	3839	3720	3734	7681
5	3840	3830	3722	7682
5	3840	3722	3763	7683
5	3842	3726	3771	7684
5	3842	3664	3841	7685
5	4001	3962	3920	7686
5	3842	3810	3726	7687
5	3895	3796	3729	7688
5	3878	3727	3780	7689
5	3878	3825	3727	7690
5	3881	3712	3831	7691
5	3845	3832	3799	7692
5	3845	3799	3717	7693
5	3893	3793	3792	7694
5	3894	3794	3793	7695
5	3918	3845	3828	7696
5	3858	3738	3855	7697
5	3848	3723	3656	7698
5	3848	3735	3698	7699
5	3849	3834	3736	7700
5	3849	3736	3752	7701
5	3953	3866	3946	7702
5	3866	3751	3862	7703
5	3851	3823	3739	7704
5	3851	3739	3599	7705
5	3824	3852	3709	7706
5	3824	3709	3598	7707
5	3932	3918	3828	7708
5	3853	3839	3734	7709
5	3921	3809	3830	7710
5	4139	4088	4110	7711
5	3870	3766	3789	7712
5	3859	3748	3858	7713
5	3870	3789	3856	7714
5	3889	3790	3766	7715
5	4004	3954	3863	7716
5	3958	3920	3869	7717
5	3951	3858	3855	7718
5	3963	3877	3914	7719
5	3877	3776	3803	7720
5	3902	3803	3706	7721
5	3899	3708	3816	7722
5	3865	3737	3613	7723
5	3944	3835	3814	7724
5	3946	3866	3756	7725
5	4035	4033	3951	7726
5	3862	3751	3624	7727
5	4286	4209	4136	7728
5	4100	4006	4034	7729
5	4073	3954	4004	7730
5	4126	4047	4084	7731
5	4002	3850	3955	7732
5	3955	3865	3861	7733
5	3866	3818	3758	7734
5	3866	3758	3756	7735
5	3961	3909	3873	7736
5	4169	4099	4098	7737
5	3923	3890	3916	7738
5	3916	3890	3854	7739
5	4001	3920	3990	7740
5	4023	3966	3926	7741
5	3888	3714	3788	7742
5	3927	3855	3888	7743
5	3888	3788	3871	7744
5	3888	3855	3714	7745
5	3940	3829	3819	7746
5	3961	3873	3872	7747
5	4190	4142	4161	7748
5	4006	3912	3950	7749
5	3821	3759	3770	7750
5	3821	3770	3760	7751
5	4007	3964	3967	7752
5	3971	3876	3915	7753
5	3906	3848	3698	7754
5	3906	3698	3810	7755
5	4241	4189	4135	7756
5	3877	3856	3744	7757
5	3896	3778	3797	7758
5	3884	3783	3785	7759
5	3964	3879	3882	7760
5	3907	3831	3879	7761
5	3880	3878	3780	7762
5	3880	3780	3778	7763
5	3926	3881	3831	7764
5	3881	3844	3777	7765
5	3882	3879	3781	7766
5	3882	3781	3783	7767
5	3928	3794	3894	7768
5	3891	3787	3887	7769
5	3965	3917	3825	7770
5	3884	3882	3783	7771
5	3917	3883	3825	7772
5	3966	3844	3881	7773
5	3962	3874	3920	7774
5	3886	3884	3785	7775
5	3958	3864	3954	7776
5	3978	3893	3977	7777
5	4008	3963	3914	7778
5	3914	3877	3803	7779
5	3948	3854	3847	7780
5	3889	3804	3790	7781
5	3890	3871	3702	7782
5	3890	3702	3728	7783
5	4057	3978	3977	7784
5	4432	4401	4332	7785
5	3970	3887	3885	7786
5	3975	3887	3970	7787
5	3975	3891	3887	7788
5	3976	3891	3975	7789
5	3976	3892	3891	7790
5	3977	3893	3892	7791
5	3896	3880	3778	7792
5	3996	3811	3941	7793
5	3925	3797	3843	7794
5	4044	3907	4009	7795
5	3897	3836	3802	7796
5	4141	4062	4094	7797
5	3983	3900	3911	7798
5	3900	3830	3840	7799
5	4011	3861	3860	7800
5	3899	3814	3708	7801
5	3957	3898	3868	7802
5	3957	3809	3921	7803
5	4102	4011	4010	7804
5	3988	3919	3815	7805
5	4099	4003	4098	7806
5	4400	4393	4341	7807
5	3903	3863	3703	7808
5	3903	3703	3833	7809
5	3908	3700	3837	7810
5	4139	4110	4137	7811
5	4060	4030	3935	7812
5	3978	3894	3893	7813
5	4013	3816	3953	7814
5	3946	3756	3850	7815
5	3969	3884	3886	7816
5	4004	3863	3903	7817
5	4092	3939	3992	7818
5	4070	4069	4014	7819
5	3961	3872	3960	7820
5	3956	3867	3829	7821
5	4077	3910	3995	7822
5	3919	3750	3815	7823
5	3911	3900	3840	7824
5	3911	3840	3807	7825
5	3924	3838	3820	7826
5	4040	3956	4036	7827
5	3913	3849	3817	7828
5	4028	3987	3931	7829
5	3972	3888	3871	7830
5	3972	3871	3923	7831
5	3915	3876	3875	7832
5	4170	4096	4167	7833
5	3940	3819	3937	7834
5	4296	4245	4147	7835
5	4104	4045	3978	7836
5	3968	3885	3883	7837
5	3957	3868	3809	7838
5	4029	3945	3898	7839
5	4010	3901	3835	7840
5	3919	3860	3750	7841
5	3962	3915	3875	7842
5	3920	3874	3869	7843
5	3982	3911	3934	7844
5	4019	3900	3983	7845
5	3989	3914	3803	7846
5	3922	3823	3851	7847
5	3973	3856	3963	7848
5	4025	3948	3993	7849
5	3950	3912	3857	7850
5	4240	4159	4201	7851
5	3979	3844	3966	7852
5	4094	4017	3998	7853
5	3930	3878	3880	7854
5	4044	3926	3907	7855
5	4051	3959	4042	7856
5	4049	3963	4008	7857
5	4289	4144	4242	7858
5	4045	4026	3928	7859
5	3929	3827	3795	7860
5	3929	3795	3811	7861
5	4009	3964	4007	7862
5	3965	3878	3930	7863
5	4095	3999	4064	7864
5	4150	4063	4066	7865
5	3974	3889	3959	7866
5	4025	3916	3948	7867
5	3933	3801	3755	7868
5	3933	3755	3805	7869
5	3934	3911	3807	7870
5	3934	3807	3836	7871
5	3902	3813	3823	7872
5	3902	3823	3922	7873
5	4258	4173	4192	7874
5	4028	3943	4000	7875
5	3998	3918	3932	7876
5	4031	3937	3942	7877
5	3938	3924	3820	7878
5	3938	3820	3800	7879
5	3939	3806	3745	7880
5	3939	3745	3827	7881
5	4017	3918	3998	7882
5	4017	3942	3918	7883
5	3941	3811	3796	7884
5	3941	3796	3895	7885
5	3942	3937	3832	7886
5	3942	3832	3845	7887
5	3943	3931	3834	7888
5	3943	3834	3849	7889
5	3906	3810	3842	7890
5	3906	3842	3841	7891
5	4122	4035	4050	7892
5	3948	3847	3945	7893
5	3955	3737	3865	7894
5	4097	4013	4002	7895
5	3947	3932	3839	7896
5	3947	3839	3853	7897
5	3959	3889	3870	7898
5	3948	3916	3854	7899
5	3949	3947	3853	7900
5	3949	3853	3804	7901
5	4003	3924	3938	7902
5	4333	4291	4251	7903
5	3963	3856	3877	7904
5	3952	3858	3951	7905
5	4039	3949	3974	7906
5	3989	3952	3914	7907
5	3953	3816	3751	7908
5	3953	3751	3866	7909
5	3958	3869	3864	7910
5	3954	3864	3863	7911
5	4033	3952	3951	7912
5	3955	3850	3737	7913
5	4036	3940	4032	7914
5	4032	3940	3937	7915
5	4037	3921	4019	7916
5	3997	3972	3923	7917
5	4056	3976	4055	7918
5	4054	3971	3915	7919
5	3974	3949	3804	7920
5	4153	4073	4004	7921
5	4098	3984	4072	7922
5	4040	3960	3956	7923
5	4041	3961	3960	7924
5	4041	3960	4040	7925
5	3906	3764	3822	7926
5	3906	3822	3848	7927
5	3973	3959	3870	7928
5	4050	4035	3927	7929
5	3965	3825	3878	7930
5	3964	3907	3879	7931
5	4082	3979	4058	7932
5	4009	3907	3964	7933
5	3980	3880	3896	7934
5	4092	3994	3995	7935
5	3967	3964	3882	7936
5	3967	3882	3884	7937
5	4045	3928	3894	7938
5	3977	3892	3976	7939
5	4046	3967	3969	7940
5	3969	3967	3884	7941
5	4172	4105	4155	7942
5	4016	3915	3962	7943
5	4127	4048	4054	7944
5	3971	3969	3886	7945
5	3973	3870	3856	7946
5	3972	3927	3888	7947
5	4085	3993	4078	7948
5	4008	3914	3952	7949
5	4050	3927	3972	7950
5	4041	4005	3961	7951
5	4048	3969	3971	7952
5	4288	4252	4189	7953
5	4038	3958	3954	7954
5	4129	4054	4016	7955
5	4053	3975	3970	7956
5	4055	3975	4053	7957
5	4055	3976	3975	7958
5	4189	4160	4079	7959
5	3980	3930	3880	7960
5	3991	3896	3925	7961
5	3991	3980	3896	7962
5	4058	3966	4023	7963
5	3981	3934	3897	7964
5	4307	4204	4246	7965
5	4094	4062	4017	7966
5	4087	4075	3983	7967
5	4216	4150	4194	7968
5	4107	4000	4095	7969
5	3984	3938	3909	7970
5	4036	3956	3940	7971
5	3985	3935	3846	7972
5	3985	3846	3905	7973
5	3986	3933	3805	7974
5	4101	3988	4015	7975
5	3987	3981	3897	7976
5	3987	3897	3931	7977
5	4101	4011	3988	7978
5	4015	3805	3901	7979
5	4229	4174	4166	7980
5	4089	4027	4083	7981
5	4096	4001	3990	7982
5	4090	3990	4038	7983
5	4105	4091	4009	7984
5	4076	4014	4069	7985
5	4075	4019	3983	7986
5	3992	3939	3827	7987
5	4039	4024	3949	7988
5	4114	4025	4085	7989
5	4175	4112	4111	7990
5	4067	3933	3986	7991
5	3995	3910	3806	7992
5	3995	3806	3939	7993
5	4092	4071	3994	7994
5	4058	3979	3966	7995
5	4032	3937	4031	7996
5	4031	3942	4017	7997
5	4264	4230	4243	7998
5	4426	4330	4397	7999
5	4118	4045	4104	8000
5	4060	3935	3985	8001
5	4173	4134	4107	8002
5	4503	4402	4401	8003
5	4096	3990	4090	8004
5	4220	4155	4202	8005
5	4102	4013	4097	8006
5	4011	3919	3988	8007
5	4168	4098	4072	8008
5	4244	4218	4231	8009
5	4100	4034	4099	8010
5	4253	4167	4224	8011
5	4005	3984	3909	8012
5	4005	3909	3961	8013
5	4098	4003	3984	8014
5	4099	4034	4003	8015
5	3989	3902	3922	8016
5	4087	3982	4086	8017
5	4042	3959	3973	8018
5	4287	4251	4197	8019
5	4018	3968	3917	8020
5	4057	3977	4056	8021
5	4101	4010	4011	8022
5	4011	3860	3919	8023
5	4097	3861	4011	8024
5	4013	3899	3816	8025
5	4012	3908	3837	8026
5	4012	3837	3904	8027
5	4013	3944	3899	8028
5	4035	3951	3927	8029
5	4014	3925	3843	8030
5	4014	3843	3908	8031
5	4077	4015	3988	8032
5	4015	3986	3805	8033
5	4253	4227	4167	8034
5	4104	3978	4057	8035
5	4019	3921	3900	8036
5	4108	4029	4020	8037
5	4047	3970	3968	8038
5	4054	3915	4016	8039
5	4020	3898	3957	8040
5	4078	3993	4029	8041
5	3989	3922	3859	8042
5	3989	3859	3952	8043
5	4021	3998	3932	8044
5	4021	3932	3947	8045
5	4022	3941	3895	8046
5	4022	3895	3979	8047
5	4140	4119	4120	8048
5	4059	3930	3980	8049
5	4024	4021	3947	8050
5	4024	3947	3949	8051
5	4149	4114	4085	8052
5	4052	3916	4025	8053
5	4026	3985	3905	8054
5	4026	3905	3928	8055
5	4027	4018	3917	8056
5	4027	3917	3965	8057
5	4199	4137	4138	8058
5	4152	4063	4150	8059
5	4391	4294	4291	8060
5	4151	4081	4116	8061
5	4030	3999	3936	8062
5	4030	3936	3935	8063
5	4062	4031	4017	8064
5	4173	4107	4095	8065
5	4125	4113	3997	8066
5	4116	4081	4041	8067
5	4002	3946	3850	8068
5	4102	4097	4011	8069
5	4034	4006	3950	8070
5	4034	3950	3924	8071
5	4002	4013	3953	8072
5	4002	3953	3946	8073
5	4115	4036	4112	8074
5	4112	4032	4111	8075
5	4037	4020	3957	8076
5	4037	3957	3921	8077
5	4153	4004	4065	8078
5	4287	4197	4245	8079
5	4124	4051	4123	8080
5	4109	4021	4093	8081
5	4166	4108	4088	8082
5	4154	4081	4151	8083
5	4116	4041	4040	8084
5	4116	4040	4115	8085
5	4051	3974	3959	8086
5	4051	4039	3974	8087
5	4043	4027	3965	8088
5	4043	3965	3930	8089
5	4132	4023	4117	8090
5	4044	4023	3926	8091
5	4158	4030	4060	8092
5	4056	3977	3976	8093
5	4148	4126	4084	8094
5	4046	4007	3967	8095
5	4118	4079	4026	8096
5	4053	3970	4047	8097
5	4103	4001	4096	8098
5	4048	4046	3969	8099
5	4049	4042	3973	8100
5	4049	3973	3963	8101
5	4080	4008	4033	8102
5	4121	4049	4080	8103
5	4080	4033	4035	8104
5	4052	3923	3916	8105
5	4085	4025	3993	8106
5	4123	4051	4042	8107
5	4156	4057	4131	8108
5	4103	4016	4001	8109
5	4126	4053	4047	8110
5	4054	4048	3971	8111
5	4091	4044	4009	8112
5	4129	4016	4103	8113
5	4201	4068	4146	8114
5	4163	4090	4038	8115
5	4212	4202	4140	8116
5	4209	4131	4136	8117
5	4059	4043	3930	8118
5	4132	4058	4023	8119
5	4074	3980	3991	8120
5	4117	4023	4044	8121
5	4185	4104	4156	8122
5	4298	4241	4256	8123
5	4071	4012	3904	8124
5	4061	3992	3929	8125
5	4545	4493	4475	8126
5	4111	4032	4031	8127
5	4290	4260	4278	8128
5	4107	4028	4000	8129
5	4367	4300	4271	8130
5	4198	4153	4159	8131
5	4240	4198	4159	8132
5	4065	4004	3903	8133
5	4066	4063	3987	8134
5	4066	3987	4028	8135
5	4067	3995	3994	8136
5	4067	3994	3933	8137
5	4068	4065	3912	8138
5	4068	3912	4006	8139
5	4069	3996	3941	8140
5	4074	4059	3980	8141
5	4092	3995	3939	8142
5	4070	4012	4061	8143
5	4070	4014	3908	8144
5	4061	3929	3996	8145
5	4111	4031	4062	8146
5	4115	4040	4036	8147
5	4163	4038	4073	8148
5	4239	4187	4238	8149
5	4074	3991	4082	8150
5	4362	4313	4312	8151
5	4071	3992	4061	8152
5	4071	4061	4012	8153
5	4082	4022	3979	8154
5	4076	4082	3991	8155
5	4077	4067	3986	8156
5	4077	3986	4015	8157
5	4069	3941	4022	8158
5	4076	3925	4014	8159
5	4160	3985	4079	8160
5	4079	3985	4026	8161
5	4080	4049	4008	8162
5	4397	4330	4331	8163
5	4081	4072	4005	8164
5	4081	4005	4041	8165
5	4076	4069	4022	8166
5	4076	4022	4082	8167
5	4083	4027	4043	8168
5	4133	4059	4132	8169
5	4131	4056	4130	8170
5	4084	4047	4018	8171
5	4093	4021	4024	8172
5	4165	4094	4109	8173
5	4087	3983	3982	8174
5	4086	3982	3981	8175
5	4335	4290	4324	8176
5	4143	4062	4141	8177
5	4108	4020	4088	8178
5	4088	4020	4037	8179
5	4089	4084	4018	8180
5	4089	4018	4027	8181
5	4184	4140	4120	8182
5	4168	4072	4154	8183
5	4105	4009	4007	8184
5	4117	4044	4091	8185
5	4177	4115	4112	8186
5	4092	3992	4071	8187
5	4070	4061	3996	8188
5	4070	3996	4069	8189
5	4247	4199	4210	8190
5	4162	4087	4086	8191
5	4107	4066	4028	8192
5	4095	4000	3999	8193
5	4205	4188	4170	8194
5	4184	4120	4127	8195
5	4097	4002	3955	8196
5	4097	3955	3861	8197
5	4177	4112	4175	8198
5	4154	4072	4081	8199
5	4200	4147	4099	8200
5	4296	4147	4200	8201
5	4113	4050	3997	8202
5	4122	4050	4113	8203
5	4101	4015	3901	8204
5	4101	3901	4010	8205
5	4102	4010	3944	8206
5	4102	3944	4013	8207
5	4156	4104	4057	8208
5	4128	4055	4053	8209
5	4130	4055	4128	8210
5	4130	4056	4055	8211
5	4172	4091	4105	8212
5	4145	4084	4089	8213
5	4106	4093	4024	8214
5	4106	4024	4039	8215
5	4258	4203	4173	8216
5	4303	4281	4265	8217
5	4215	4181	4149	8218
5	4108	4078	4029	8219
5	4109	4094	3998	8220
5	4109	3998	4021	8221
5	4110	4088	4037	8222
5	4110	4037	4019	8223
5	4112	4036	4032	8224
5	4200	4099	4169	8225
5	4230	4142	4190	8226
5	4180	4106	4124	8227
5	4121	4042	4049	8228
5	4182	4124	4123	8229
5	4125	4052	4114	8230
5	4114	4052	4025	8231
5	4248	4200	4169	8232
5	4143	4111	4062	8233
5	4248	4169	4226	8234
5	4533	4508	4525	8235
5	4179	4091	4172	8236
5	4133	4132	4117	8237
5	4131	4057	4056	8238
5	4158	4064	4030	8239
5	4119	4105	4007	8240
5	4119	4007	4046	8241
5	4120	4119	4046	8242
5	4120	4046	4048	8243
5	4123	4042	4121	8244
5	4142	4109	4093	8245
5	4122	4121	4080	8246
5	4122	4080	4035	8247
5	4176	4122	4113	8248
5	4124	4106	4039	8249
5	4125	3997	4052	8250
5	4181	4114	4149	8251
5	4180	4161	4106	8252
5	4176	4121	4122	8253
5	4256	4241	4135	8254
5	4128	4053	4126	8255
5	4227	4170	4167	8256
5	4127	4120	4048	8257
5	4332	4258	4289	8258
5	4333	4251	4287	8259
5	4155	4105	4119	8260
5	4129	4127	4054	8261
5	4224	4167	4090	8262
5	4221	4188	4205	8263
5	4074	4082	4058	8264
5	4132	4074	4058	8265
5	4133	4043	4059	8266
5	4132	4059	4074	8267
5	4179	4172	4171	8268
5	4133	4083	4043	8269
5	4288	4189	4241	8270
5	4379	4346	4288	8271
5	4209	4193	4156	8272
5	4155	4119	4140	8273
5	4136	4131	4130	8274
5	4187	4128	4157	8275
5	4137	4110	4075	8276
5	4450	4403	4393	8277
5	4138	4137	4075	8278
5	4138	4075	4087	8279
5	4178	4116	4115	8280
5	4235	4183	4181	8281
5	4212	4140	4184	8282
5	4157	4128	4126	8283
5	4175	4111	4143	8284
5	4232	4175	4191	8285
5	4165	4109	4142	8286
5	4165	4141	4094	8287
5	4207	4164	4206	8288
5	4233	4231	4178	8289
5	4144	4095	4064	8290
5	4399	4332	4289	8291
5	4148	4084	4145	8292
5	4251	4146	4197	8293
5	4146	4068	4006	8294
5	4146	4006	4100	8295
5	4147	4100	4099	8296
5	4169	4098	4168	8297
5	4157	4126	4148	8298
5	4187	4130	4128	8299
5	4266	4207	4206	8300
5	4161	4093	4106	8301
5	4152	4086	4063	8302
5	4162	4086	4152	8303
5	4178	4115	4177	8304
5	4348	4296	4248	8305
5	4278	4222	4216	8306
5	4338	4324	4261	8307
5	4201	4159	4068	8308
5	4170	4103	4096	8309
5	4291	4240	4201	8310
5	4225	4154	4218	8311
5	4228	4145	4171	8312
5	4171	4089	4083	8313
5	4185	4118	4104	8314
5	4185	4135	4118	8315
5	4188	4103	4170	8316
5	4237	4212	4184	8317
5	4208	4148	4196	8318
5	4252	4160	4189	8319
5	4159	4153	4065	8320
5	4159	4065	4068	8321
5	4252	4060	4160	8322
5	4160	4060	3985	8323
5	4174	4078	4108	8324
5	4161	4142	4093	8325
5	4402	4343	4401	8326
5	4222	4152	4216	8327
5	4217	4073	4153	8328
5	4294	4240	4291	8329
5	4164	4149	4085	8330
5	4164	4085	4078	8331
5	4214	4137	4199	8332
5	4166	4088	4139	8333
5	4174	4108	4166	8334
5	4174	4164	4078	8335
5	4167	4096	4090	8336
5	4346	4252	4288	8337
5	4339	4302	4325	8338
5	4233	4177	4232	8339
5	4283	4232	4250	8340
5	4226	4169	4168	8341
5	4238	4187	4157	8342
5	4208	4157	4148	8343
5	4391	4291	4376	8344
5	4171	4145	4089	8345
5	4179	4171	4083	8346
5	4188	4129	4103	8347
5	4418	4392	4354	8348
5	4444	4384	4344	8349
5	4235	4181	4215	8350
5	4207	4149	4164	8351
5	4378	4295	4345	8352
5	4178	4151	4116	8353
5	4182	4180	4124	8354
5	4181	4125	4114	8355
5	4279	4218	4244	8356
5	4340	4297	4316	8357
5	4206	4164	4174	8358
5	4281	4229	4265	8359
5	4188	4186	4129	8360
5	4179	4117	4091	8361
5	4182	4123	4176	8362
5	4176	4123	4121	8363
5	4183	4125	4181	8364
5	4183	4113	4125	8365
5	4183	4176	4113	8366
5	4215	4149	4207	8367
5	4234	4180	4182	8368
5	4236	4234	4182	8369
5	4202	4155	4140	8370
5	4196	4148	4145	8371
5	4307	4242	4204	8372
5	4256	4185	4193	8373
5	4186	4184	4127	8374
5	4186	4127	4129	8375
5	4237	4186	4221	8376
5	4187	4136	4130	8377
5	4179	4083	4133	8378
5	4179	4133	4117	8379
5	4372	4256	4300	8380
5	4242	4144	4204	8381
5	4222	4162	4152	8382
5	4350	4314	4323	8383
5	4191	4175	4143	8384
5	4213	4143	4141	8385
5	4192	4173	4095	8386
5	4192	4095	4144	8387
5	4193	4185	4156	8388
5	4379	4377	4346	8389
5	4194	4150	4134	8390
5	4399	4336	4383	8391
5	4195	4190	4161	8392
5	4195	4161	4180	8393
5	4407	4349	4305	8394
5	4209	4156	4131	8395
5	4197	4146	4100	8396
5	4197	4100	4147	8397
5	4217	4163	4073	8398
5	4217	4153	4198	8399
5	4282	4244	4231	8400
5	4437	4394	4405	8401
5	4225	4168	4154	8402
5	4226	4168	4225	8403
5	4375	4287	4330	8404
5	4291	4201	4251	8405
5	4228	4196	4145	8406
5	4219	4171	4172	8407
5	4262	4134	4203	8408
5	4203	4134	4173	8409
5	4204	4144	4064	8410
5	4204	4064	4158	8411
5	4380	4319	4349	8412
5	4263	4217	4259	8413
5	4283	4282	4233	8414
5	4265	4229	4211	8415
5	4255	4213	4223	8416
5	4371	4326	4309	8417
5	4270	4205	4249	8418
5	4299	4284	4268	8419
5	4321	4270	4319	8420
5	4410	4298	4372	8421
5	4210	4199	4138	8422
5	4210	4138	4162	8423
5	4229	4166	4211	8424
5	4211	4166	4139	8425
5	4284	4237	4268	8426
5	4269	4238	4208	8427
5	4243	4230	4190	8428
5	4213	4191	4143	8429
5	4214	4211	4139	8430
5	4214	4139	4137	8431
5	4278	4216	4261	8432
5	4276	4195	4234	8433
5	4222	4210	4162	8434
5	4216	4152	4150	8435
5	4227	4205	4170	8436
5	4224	4090	4163	8437
5	4218	4154	4151	8438
5	4232	4177	4175	8439
5	4277	4196	4228	8440
5	4228	4171	4219	8441
5	4220	4219	4172	8442
5	4220	4172	4155	8443
5	4237	4184	4186	8444
5	4221	4186	4188	8445
5	4309	4250	4293	8446
5	4274	4191	4213	8447
5	4223	4213	4141	8448
5	4223	4141	4165	8449
5	4457	4434	4386	8450
5	4395	4390	4368	8451
5	4548	4457	4530	8452
5	4301	4244	4282	8453
5	4279	4225	4218	8454
5	4280	4225	4279	8455
5	4268	4237	4221	8456
5	4249	4205	4227	8457
5	4420	4331	4381	8458
5	4555	4515	4513	8459
5	4275	4215	4207	8460
5	4229	4206	4174	8461
5	4230	4223	4165	8462
5	4230	4165	4142	8463
5	4231	4218	4151	8464
5	4231	4151	4178	8465
5	4233	4178	4177	8466
5	4325	4244	4301	8467
5	4322	4274	4255	8468
5	4282	4231	4233	8469
5	4267	4190	4195	8470
5	4234	4195	4180	8471
5	4236	4182	4176	8472
5	4236	4176	4183	8473
5	4236	4183	4235	8474
5	4236	4235	4234	8475
5	4238	4157	4208	8476
5	4304	4269	4272	8477
5	4312	4263	4259	8478
5	4328	4286	4239	8479
5	4286	4136	4239	8480
5	4239	4136	4187	8481
5	4251	4201	4146	8482
5	4436	4413	4389	8483
5	4256	4135	4185	8484
5	4496	4459	4442	8485
5	4382	4354	4361	8486
5	4441	4377	4428	8487
5	4257	4199	4247	8488
5	4326	4282	4283	8489
5	4359	4325	4301	8490
5	4250	4232	4191	8491
5	4296	4200	4248	8492
5	4280	4226	4225	8493
5	4383	4336	4337	8494
5	4246	4204	4158	8495
5	4324	4278	4261	8496
5	4343	4203	4258	8497
5	4375	4333	4287	8498
5	4338	4261	4311	8499
5	4308	4284	4299	8500
5	4300	4256	4193	8501
5	4369	4322	4315	8502
5	4306	4260	4290	8503
5	4348	4248	4295	8504
5	4330	4287	4245	8505
5	4310	4060	4252	8506
5	4310	4158	4060	8507
5	4320	4269	4304	8508
5	4407	4305	4363	8509
5	4275	4207	4266	8510
5	4265	4211	4254	8511
5	4274	4213	4255	8512
5	4274	4250	4191	8513
5	4271	4193	4209	8514
5	4300	4193	4271	8515
5	4257	4254	4214	8516
5	4257	4214	4199	8517
5	4324	4290	4278	8518
5	4422	4374	4402	8519
5	4263	4163	4217	8520
5	4263	4224	4163	8521
5	4260	4247	4210	8522
5	4260	4210	4222	8523
5	4278	4260	4222	8524
5	4261	4216	4194	8525
5	4364	4314	4350	8526
5	4262	4194	4134	8527
5	4423	4362	4384	8528
5	4313	4263	4312	8529
5	4264	4255	4223	8530
5	4264	4223	4230	8531
5	4322	4293	4274	8532
5	4345	4280	4302	8533
5	4316	4266	4281	8534
5	4327	4275	4297	8535
5	4297	4275	4266	8536
5	4267	4243	4190	8537
5	4285	4238	4269	8538
5	4273	4202	4212	8539
5	4376	4291	4333	8540
5	4321	4268	4270	8541
5	4270	4268	4221	8542
5	4270	4221	4205	8543
5	4411	4300	4367	8544
5	4328	4239	4285	8545
5	4272	4269	4208	8546
5	4272	4208	4196	8547
5	4277	4228	4219	8548
5	4277	4220	4202	8549
5	4403	4351	4355	8550
5	4293	4250	4274	8551
5	4276	4234	4235	8552
5	4283	4233	4232	8553
5	4276	4235	4215	8554
5	4276	4215	4275	8555
5	4277	4272	4196	8556
5	4277	4219	4220	8557
5	4386	4339	4359	8558
5	4292	4257	4247	8559
5	4434	4387	4339	8560
5	4387	4345	4302	8561
5	4277	4202	4273	8562
5	4388	4360	4308	8563
5	4281	4266	4206	8564
5	4281	4206	4229	8565
5	4315	4255	4264	8566
5	4424	4412	4421	8567
5	4327	4276	4275	8568
5	4276	4267	4195	8569
5	4284	4273	4212	8570
5	4284	4212	4237	8571
5	4286	4271	4209	8572
5	4285	4239	4238	8573
5	4372	4298	4256	8574
5	4438	4334	4380	8575
5	4444	4344	4391	8576
5	4423	4406	4362	8577
5	4346	4310	4252	8578
5	4392	4337	4307	8579
5	4289	4258	4192	8580
5	4289	4192	4144	8581
5	4341	4290	4335	8582
5	4347	4203	4343	8583
5	4345	4295	4280	8584
5	4381	4331	4296	8585
5	4425	4374	4422	8586
5	4605	4581	4601	8587
5	4370	4293	4322	8588
5	4326	4283	4309	8589
5	4294	4259	4198	8590
5	4294	4198	4240	8591
5	4295	4248	4226	8592
5	4295	4226	4280	8593
5	4391	4344	4294	8594
5	4473	4426	4397	8595
5	4316	4281	4303	8596
5	4323	4257	4292	8597
5	4435	4410	4372	8598
5	4501	4443	4456	8599
5	4308	4273	4284	8600
5	4353	4320	4304	8601
5	4319	4270	4249	8602
5	4329	4271	4286	8603
5	4309	4283	4250	8604
5	4427	4386	4394	8605
5	4302	4280	4279	8606
5	4554	4513	4511	8607
5	4529	4522	4524	8608
5	4327	4267	4276	8609
5	4320	4285	4269	8610
5	4379	4288	4342	8611
5	4305	4249	4227	8612
5	4305	4227	4253	8613
5	4306	4292	4247	8614
5	4306	4247	4260	8615
5	4440	4342	4410	8616
5	4432	4332	4399	8617
5	4360	4304	4272	8618
5	4360	4273	4308	8619
5	4326	4301	4282	8620
5	4359	4301	4356	8621
5	4361	4310	4346	8622
5	4310	4246	4158	8623
5	4311	4261	4194	8624
5	4311	4194	4262	8625
5	4313	4253	4224	8626
5	4313	4224	4263	8627
5	4349	4319	4249	8628
5	4363	4313	4362	8629
5	4314	4303	4265	8630
5	4314	4265	4254	8631
5	4624	4582	4570	8632
5	4322	4255	4315	8633
5	4352	4315	4317	8634
5	4316	4297	4266	8635
5	4317	4315	4264	8636
5	4317	4264	4243	8637
5	4318	4317	4243	8638
5	4318	4243	4267	8639
5	4404	4320	4353	8640
5	4334	4321	4319	8641
5	4390	4353	4357	8642
5	4404	4353	4390	8643
5	4357	4308	4299	8644
5	4321	4299	4268	8645
5	4364	4303	4314	8646
5	4370	4358	4293	8647
5	4323	4314	4254	8648
5	4323	4254	4257	8649
5	4429	4335	4398	8650
5	4393	4355	4341	8651
5	4325	4302	4279	8652
5	4325	4279	4244	8653
5	4341	4306	4290	8654
5	4355	4306	4341	8655
5	4327	4297	4318	8656
5	4327	4318	4267	8657
5	4390	4357	4368	8658
5	4329	4286	4328	8659
5	4349	4249	4305	8660
5	4380	4334	4319	8661
5	4430	4348	4378	8662
5	4535	4501	4456	8663
5	4331	4330	4245	8664
5	4331	4245	4296	8665
5	4343	4258	4332	8666
5	4402	4347	4343	8667
5	4443	4391	4376	8668
5	4381	4296	4348	8669
5	4366	4285	4320	8670
5	4368	4321	4334	8671
5	4425	4338	4374	8672
5	4464	4392	4418	8673
5	4399	4289	4336	8674
5	4336	4289	4242	8675
5	4337	4336	4242	8676
5	4337	4242	4307	8677
5	4347	4262	4203	8678
5	4598	4560	4559	8679
5	4371	4309	4358	8680
5	4400	4341	4335	8681
5	4365	4316	4303	8682
5	4340	4318	4297	8683
5	4476	4433	4400	8684
5	4522	4461	4486	8685
5	4342	4288	4241	8686
5	4342	4241	4298	8687
5	4347	4311	4262	8688
5	4572	4536	4500	8689
5	4344	4312	4259	8690
5	4344	4259	4294	8691
5	4626	4537	4576	8692
5	4378	4348	4295	8693
5	4354	4307	4246	8694
5	4646	4566	4621	8695
5	4433	4393	4400	8696
5	4471	4401	4432	8697
5	4434	4339	4386	8698
5	4511	4460	4497	8699
5	4406	4363	4362	8700
5	4448	4390	4395	8701
5	4358	4309	4293	8702
5	4356	4301	4326	8703
5	4351	4350	4323	8704
5	4351	4323	4292	8705
5	4539	4495	4472	8706
5	4369	4315	4352	8707
5	4404	4396	4366	8708
5	4366	4328	4285	8709
5	4382	4361	4377	8710
5	4418	4354	4382	8711
5	4355	4351	4292	8712
5	4355	4292	4306	8713
5	4359	4339	4325	8714
5	4387	4302	4339	8715
5	4388	4304	4360	8716
5	4388	4308	4357	8717
5	4371	4356	4326	8718
5	4465	4430	4460	8719
5	4340	4352	4317	8720
5	4340	4317	4318	8721
5	4360	4272	4277	8722
5	4360	4277	4273	8723
5	4361	4354	4246	8724
5	4361	4246	4310	8725
5	4363	4305	4253	8726
5	4363	4253	4313	8727
5	4438	4395	4334	8728
5	4407	4363	4406	8729
5	4365	4340	4316	8730
5	4365	4303	4364	8731
5	4389	4369	4352	8732
5	4409	4340	4365	8733
5	4367	4271	4329	8734
5	4373	4328	4366	8735
5	4464	4442	4392	8736
5	4439	4411	4367	8737
5	4368	4357	4299	8738
5	4368	4299	4321	8739
5	4408	4365	4364	8740
5	4370	4322	4369	8741
5	4424	4408	4412	8742
5	4414	4351	4403	8743
5	4569	4563	4523	8744
5	4445	4421	4414	8745
5	4462	4411	4439	8746
5	4446	4373	4396	8747
5	4462	4435	4372	8748
5	4373	4329	4328	8749
5	4374	4338	4311	8750
5	4374	4311	4347	8751
5	4426	4375	4330	8752
5	4444	4391	4443	8753
5	4535	4431	4463	8754
5	4513	4467	4465	8755
5	4567	4493	4545	8756
5	4377	4361	4346	8757
5	4613	4577	4547	8758
5	4556	4498	4550	8759
5	4428	4377	4379	8760
5	4479	4428	4440	8761
5	4469	4439	4416	8762
5	4525	4489	4488	8763
5	4467	4420	4465	8764
5	4463	4431	4375	8765
5	4410	4342	4298	8766
5	4440	4428	4379	8767
5	4392	4307	4354	8768
5	4657	4603	4655	8769
5	4384	4362	4312	8770
5	4384	4312	4344	8771
5	4415	4358	4385	8772
5	4385	4358	4370	8773
5	4483	4450	4433	8774
5	4405	4394	4356	8775
5	4420	4397	4331	8776
5	4473	4397	4467	8777
5	4388	4357	4353	8778
5	4388	4353	4304	8779
5	4413	4369	4389	8780
5	4413	4370	4369	8781
5	4396	4373	4366	8782
5	4395	4368	4334	8783
5	4451	4407	4406	8784
5	4508	4484	4438	8785
5	4442	4337	4392	8786
5	4441	4382	4377	8787
5	4403	4355	4393	8788
5	4445	4414	4403	8789
5	4394	4386	4359	8790
5	4394	4359	4356	8791
5	4526	4484	4508	8792
5	4404	4366	4320	8793
5	4515	4467	4513	8794
5	4574	4547	4501	8795
5	4465	4420	4430	8796
5	4588	4494	4548	8797
5	4398	4335	4324	8798
5	4398	4324	4338	8799
5	4401	4343	4332	8800
5	4402	4374	4347	8801
5	4603	4539	4571	8802
5	4425	4398	4338	8803
5	4666	4610	4598	8804
5	4506	4475	4441	8805
5	4540	4509	4458	8806
5	4429	4400	4335	8807
5	4450	4393	4433	8808
5	4405	4356	4371	8809
5	4485	4448	4484	8810
5	4449	4396	4404	8811
5	4627	4568	4529	8812
5	4490	4470	4453	8813
5	4463	4375	4426	8814
5	4557	4480	4519	8815
5	4481	4444	4443	8816
5	4452	4407	4451	8817
5	4409	4352	4340	8818
5	4409	4365	4408	8819
5	4409	4408	4389	8820
5	4409	4389	4352	8821
5	4416	4367	4329	8822
5	4411	4372	4300	8823
5	4462	4372	4411	8824
5	4416	4329	4373	8825
5	4412	4408	4364	8826
5	4412	4364	4350	8827
5	4421	4412	4414	8828
5	4413	4385	4370	8829
5	4414	4412	4350	8830
5	4414	4350	4351	8831
5	4415	4405	4371	8832
5	4415	4371	4358	8833
5	4498	4439	4469	8834
5	4440	4379	4342	8835
5	4417	4378	4345	8836
5	4417	4345	4387	8837
5	4442	4383	4337	8838
5	4566	4538	4543	8839
5	4447	4415	4419	8840
5	4419	4415	4385	8841
5	4537	4502	4473	8842
5	4515	4473	4467	8843
5	4585	4529	4565	8844
5	4424	4389	4408	8845
5	4504	4472	4422	8846
5	4503	4401	4471	8847
5	4542	4525	4488	8848
5	4501	4481	4443	8849
5	4453	4419	4385	8850
5	4436	4389	4424	8851
5	4476	4400	4429	8852
5	4450	4445	4403	8853
5	4467	4397	4420	8854
5	4502	4426	4473	8855
5	4583	4530	4582	8856
5	4492	4474	4437	8857
5	4531	4496	4464	8858
5	4597	4559	4558	8859
5	4539	4472	4504	8860
5	4571	4539	4504	8861
5	4430	4420	4381	8862
5	4430	4381	4348	8863
5	4431	4376	4333	8864
5	4431	4333	4375	8865
5	4528	4504	4503	8866
5	4699	4697	4658	8867
5	4604	4539	4603	8868
5	4505	4491	4487	8869
5	4570	4544	4492	8870
5	4457	4386	4427	8871
5	4478	4440	4410	8872
5	4478	4410	4435	8873
5	4477	4424	4421	8874
5	4453	4413	4436	8875
5	4474	4394	4437	8876
5	4474	4427	4394	8877
5	4446	4416	4373	8878
5	4439	4367	4416	8879
5	4448	4404	4390	8880
5	4571	4504	4528	8881
5	4479	4440	4478	8882
5	4506	4441	4480	8883
5	4517	4478	4435	8884
5	4480	4428	4479	8885
5	4475	4382	4441	8886
5	4496	4442	4464	8887
5	4466	4406	4423	8888
5	4537	4473	4515	8889
5	4466	4451	4406	8890
5	4482	4444	4481	8891
5	4492	4437	4461	8892
5	4453	4385	4413	8893
5	4542	4488	4512	8894
5	4589	4514	4549	8895
5	4447	4437	4405	8896
5	4447	4405	4415	8897
5	4508	4438	4489	8898
5	4449	4404	4448	8899
5	4556	4516	4498	8900
5	4469	4416	4446	8901
5	4540	4458	4495	8902
5	4477	4436	4424	8903
5	4452	4380	4349	8904
5	4452	4349	4407	8905
5	4484	4448	4395	8906
5	4489	4438	4380	8907
5	4470	4419	4453	8908
5	4491	4421	4445	8909
5	4454	4432	4399	8910
5	4454	4399	4383	8911
5	4455	4417	4387	8912
5	4455	4387	4434	8913
5	4456	4443	4376	8914
5	4456	4376	4431	8915
5	4582	4530	4544	8916
5	4583	4548	4530	8917
5	4458	4429	4398	8918
5	4458	4398	4425	8919
5	4459	4454	4383	8920
5	4459	4383	4442	8921
5	4460	4430	4378	8922
5	4460	4378	4417	8923
5	4461	4437	4447	8924
5	4487	4445	4450	8925
5	4510	4468	4507	8926
5	4484	4395	4438	8927
5	4649	4622	4579	8928
5	4535	4456	4431	8929
5	4519	4480	4479	8930
5	4475	4418	4382	8931
5	4584	4532	4502	8932
5	4541	4497	4455	8933
5	4600	4542	4512	8934
5	4580	4578	4564	8935
5	4511	4465	4460	8936
5	4513	4465	4511	8937
5	4468	4446	4396	8938
5	4468	4396	4449	8939
5	4525	4508	4489	8940
5	4488	4452	4451	8941
5	4486	4419	4470	8942
5	4486	4447	4419	8943
5	4528	4503	4471	8944
5	4504	4422	4503	8945
5	4472	4458	4425	8946
5	4472	4425	4422	8947
5	4553	4511	4497	8948
5	4502	4463	4426	8949
5	4544	4474	4492	8950
5	4509	4476	4429	8951
5	4480	4441	4428	8952
5	4545	4475	4506	8953
5	4546	4492	4461	8954
5	4487	4450	4483	8955
5	4490	4436	4477	8956
5	4490	4453	4436	8957
5	4507	4468	4485	8958
5	4498	4462	4439	8959
5	4510	4469	4446	8960
5	4519	4479	4518	8961
5	4516	4435	4462	8962
5	4518	4479	4478	8963
5	4482	4423	4384	8964
5	4482	4384	4444	8965
5	4674	4659	4616	8966
5	4521	4482	4520	8967
5	4569	4523	4536	8968
5	4551	4500	4476	8969
5	4485	4449	4448	8970
5	4485	4468	4449	8971
5	4517	4435	4516	8972
5	4677	4673	4636	8973
5	4546	4461	4522	8974
5	4486	4461	4447	8975
5	4527	4490	4477	8976
5	4523	4487	4483	8977
5	4489	4452	4488	8978
5	4489	4380	4452	8979
5	4611	4561	4577	8980
5	4526	4485	4484	8981
5	4527	4477	4491	8982
5	4491	4445	4487	8983
5	4527	4470	4490	8984
5	4491	4477	4421	8985
5	4652	4609	4588	8986
5	4582	4544	4570	8987
5	4493	4464	4418	8988
5	4493	4418	4475	8989
5	4494	4455	4434	8990
5	4494	4434	4457	8991
5	4509	4429	4458	8992
5	4495	4458	4472	8993
5	4531	4464	4493	8994
5	4558	4517	4516	8995
5	4497	4460	4417	8996
5	4497	4417	4455	8997
5	4518	4478	4517	8998
5	4516	4462	4498	8999
5	4499	4471	4432	9000
5	4499	4432	4454	9001
5	4500	4483	4433	9002
5	4500	4433	4476	9003
5	4520	4482	4481	9004
5	4547	4520	4481	9005
5	4535	4463	4532	9006
5	4532	4463	4502	9007
5	4607	4495	4604	9008
5	4503	4422	4402	9009
5	4549	4459	4496	9010
5	4655	4605	4639	9011
5	4565	4505	4563	9012
5	4527	4491	4505	9013
5	4606	4531	4567	9014
5	4590	4557	4519	9015
5	4510	4446	4468	9016
5	4550	4498	4469	9017
5	4534	4508	4533	9018
5	4561	4521	4520	9019
5	4536	4483	4500	9020
5	4607	4586	4540	9021
5	4558	4516	4556	9022
5	4564	4526	4534	9023
5	4609	4608	4587	9024
5	4541	4455	4494	9025
5	4512	4488	4451	9026
5	4512	4451	4466	9027
5	4592	4555	4554	9028
5	4619	4588	4548	9029
5	4514	4499	4454	9030
5	4514	4454	4459	9031
5	4555	4513	4554	9032
5	4576	4515	4555	9033
5	4674	4616	4644	9034
5	4560	4519	4518	9035
5	4578	4552	4564	9036
5	4559	4517	4558	9037
5	4632	4595	4620	9038
5	4620	4595	4557	9039
5	4634	4597	4596	9040
5	4559	4518	4517	9041
5	4521	4466	4423	9042
5	4521	4423	4482	9043
5	4909	4870	4819	9044
5	4562	4521	4561	9045
5	4563	4505	4523	9046
5	4694	4660	4614	9047
5	4570	4492	4546	9048
5	4523	4505	4487	9049
5	4524	4522	4486	9050
5	4524	4486	4470	9051
5	4598	4559	4597	9052
5	4648	4577	4613	9053
5	4534	4526	4508	9054
5	4526	4507	4485	9055
5	4568	4546	4522	9056
5	4527	4524	4470	9057
5	4617	4536	4572	9058
5	4754	4739	4744	9059
5	4565	4529	4524	9060
5	4536	4523	4483	9061
5	4777	4719	4774	9062
5	4530	4457	4427	9063
5	4567	4531	4493	9064
5	4589	4543	4514	9065
5	4648	4611	4577	9066
5	4626	4584	4537	9067
5	4613	4547	4574	9068
5	4576	4537	4515	9069
5	4560	4518	4559	9070
5	4550	4469	4510	9071
5	4579	4533	4525	9072
5	4547	4481	4501	9073
5	4658	4607	4604	9074
5	4664	4624	4641	9075
5	4584	4502	4537	9076
5	4711	4675	4685	9077
5	4538	4528	4471	9078
5	4538	4471	4499	9079
5	4647	4614	4586	9080
5	4586	4509	4540	9081
5	4586	4551	4509	9082
5	4551	4476	4509	9083
5	4554	4511	4553	9084
5	4609	4587	4541	9085
5	4611	4599	4561	9086
5	4649	4579	4637	9087
5	4543	4538	4499	9088
5	4543	4499	4514	9089
5	4544	4530	4427	9090
5	4544	4427	4474	9091
5	4712	4646	4693	9092
5	4606	4575	4531	9093
5	4607	4540	4495	9094
5	4615	4563	4569	9095
5	4574	4501	4535	9096
5	4880	4848	4845	9097
5	4588	4541	4494	9098
5	4548	4494	4457	9099
5	4621	4566	4543	9100
5	4549	4514	4459	9101
5	4596	4556	4594	9102
5	4590	4519	4560	9103
5	4572	4500	4551	9104
5	4678	4650	4615	9105
5	4552	4550	4510	9106
5	4552	4510	4507	9107
5	4777	4753	4719	9108
5	4592	4554	4591	9109
5	4619	4548	4583	9110
5	4591	4554	4553	9111
5	4651	4576	4618	9112
5	4745	4726	4741	9113
5	4593	4552	4578	9114
5	4632	4545	4595	9115
5	4620	4557	4590	9116
5	4557	4506	4480	9117
5	4579	4525	4542	9118
5	4595	4506	4557	9119
5	4593	4550	4552	9120
5	4594	4556	4550	9121
5	4666	4598	4635	9122
5	4596	4558	4556	9123
5	4562	4512	4466	9124
5	4562	4466	4521	9125
5	4902	4828	4866	9126
5	4677	4636	4640	9127
5	4568	4522	4529	9128
5	4585	4565	4563	9129
5	4564	4552	4507	9130
5	4564	4507	4526	9131
5	4565	4524	4527	9132
5	4565	4527	4505	9133
5	4621	4543	4589	9134
5	4716	4686	4667	9135
5	4681	4645	4610	9136
5	4712	4676	4646	9137
5	4609	4541	4588	9138
5	4625	4582	4624	9139
5	4779	4720	4746	9140
5	4641	4624	4602	9141
5	4624	4570	4602	9142
5	4617	4569	4536	9143
5	4581	4538	4566	9144
5	4604	4495	4539	9145
5	4650	4627	4585	9146
5	4655	4603	4605	9147
5	4574	4535	4573	9148
5	4573	4535	4532	9149
5	4599	4562	4561	9150
5	4763	4734	4689	9151
5	4575	4549	4496	9152
5	4575	4496	4531	9153
5	4638	4612	4584	9154
5	4665	4591	4608	9155
5	4577	4561	4520	9156
5	4577	4520	4547	9157
5	4580	4564	4534	9158
5	4622	4533	4579	9159
5	4630	4578	4623	9160
5	4580	4534	4533	9161
5	4690	4611	4648	9162
5	4622	4580	4533	9163
5	4581	4571	4528	9164
5	4581	4528	4538	9165
5	4732	4663	4703	9166
5	4678	4615	4643	9167
5	4703	4625	4664	9168
5	4701	4641	4661	9169
5	4638	4584	4626	9170
5	4747	4679	4713	9171
5	4615	4585	4563	9172
5	4627	4529	4585	9173
5	4667	4567	4632	9174
5	4693	4646	4621	9175
5	4587	4553	4497	9176
5	4587	4497	4541	9177
5	4713	4679	4654	9178
5	4653	4608	4609	9179
5	4715	4693	4642	9180
5	4776	4742	4709	9181
5	4736	4645	4681	9182
5	4707	4666	4635	9183
5	4704	4653	4696	9184
5	4766	4695	4727	9185
5	4848	4810	4845	9186
5	4713	4654	4675	9187
5	4597	4558	4596	9188
5	4594	4550	4593	9189
5	4662	4580	4622	9190
5	4623	4578	4580	9191
5	4667	4606	4567	9192
5	4595	4545	4506	9193
5	4630	4593	4578	9194
5	4631	4593	4630	9195
5	4709	4672	4671	9196
5	4635	4598	4597	9197
5	4631	4594	4593	9198
5	4633	4596	4594	9199
5	4600	4562	4599	9200
5	4600	4512	4562	9201
5	4633	4594	4631	9202
5	4637	4579	4542	9203
5	4601	4581	4566	9204
5	4676	4601	4646	9205
5	4602	4570	4546	9206
5	4602	4546	4568	9207
5	4698	4655	4682	9208
5	4768	4678	4725	9209
5	4657	4604	4603	9210
5	4650	4585	4615	9211
5	4605	4603	4571	9212
5	4605	4571	4581	9213
5	4628	4549	4575	9214
5	4716	4667	4680	9215
5	4647	4586	4607	9216
5	4646	4601	4566	9217
5	4608	4591	4553	9218
5	4608	4553	4587	9219
5	4717	4650	4678	9220
5	4625	4583	4582	9221
5	4610	4590	4560	9222
5	4610	4560	4598	9223
5	4735	4690	4695	9224
5	4636	4600	4599	9225
5	4612	4573	4532	9226
5	4612	4532	4584	9227
5	4640	4636	4599	9228
5	4719	4644	4683	9229
5	4614	4572	4551	9230
5	4614	4551	4586	9231
5	4660	4617	4572	9232
5	4661	4568	4627	9233
5	4616	4613	4574	9234
5	4616	4574	4573	9235
5	4725	4678	4643	9236
5	4643	4569	4617	9237
5	4618	4576	4555	9238
5	4618	4555	4592	9239
5	4652	4588	4619	9240
5	4683	4644	4612	9241
5	4671	4634	4633	9242
5	4749	4681	4729	9243
5	4676	4639	4601	9244
5	4628	4589	4549	9245
5	4932	4873	4888	9246
5	4742	4672	4709	9247
5	4640	4599	4611	9248
5	4687	4662	4622	9249
5	4775	4724	4740	9250
5	4797	4758	4732	9251
5	4720	4703	4664	9252
5	4643	4615	4569	9253
5	4689	4626	4651	9254
5	4763	4689	4651	9255
5	4663	4583	4625	9256
5	4661	4641	4602	9257
5	4714	4656	4686	9258
5	4680	4632	4620	9259
5	4629	4592	4591	9260
5	4665	4629	4591	9261
5	4803	4728	4761	9262
5	4634	4596	4633	9263
5	4669	4633	4631	9264
5	4635	4597	4634	9265
5	4681	4610	4666	9266
5	4632	4567	4545	9267
5	4672	4634	4671	9268
5	4687	4622	4649	9269
5	4668	4631	4630	9270
5	4730	4670	4692	9271
5	4709	4671	4708	9272
5	4672	4635	4634	9273
5	4637	4600	4636	9274
5	4637	4542	4600	9275
5	4662	4623	4580	9276
5	4680	4667	4632	9277
5	4651	4626	4576	9278
5	4755	4675	4711	9279
5	4639	4605	4601	9280
5	4849	4781	4823	9281
5	4752	4718	4735	9282
5	4814	4777	4774	9283
5	4764	4748	4737	9284
5	4660	4572	4614	9285
5	4642	4621	4589	9286
5	4642	4589	4628	9287
5	4739	4698	4710	9288
5	4684	4617	4660	9289
5	4644	4616	4573	9290
5	4644	4573	4612	9291
5	4645	4620	4590	9292
5	4645	4590	4610	9293
5	4693	4621	4642	9294
5	4849	4829	4781	9295
5	4699	4657	4698	9296
5	4684	4643	4617	9297
5	4722	4662	4687	9298
5	4690	4640	4611	9299
5	4708	4669	4705	9300
5	4723	4649	4673	9301
5	4724	4688	4701	9302
5	4661	4602	4568	9303
5	4794	4713	4755	9304
5	4683	4612	4638	9305
5	4665	4608	4653	9306
5	4653	4609	4652	9307
5	4704	4665	4653	9308
5	4704	4685	4665	9309
5	4654	4618	4592	9310
5	4654	4592	4629	9311
5	4698	4657	4655	9312
5	4658	4604	4657	9313
5	4656	4628	4575	9314
5	4656	4575	4606	9315
5	4748	4721	4737	9316
5	4658	4647	4607	9317
5	4799	4784	4748	9318
5	4829	4756	4781	9319
5	4659	4648	4613	9320
5	4659	4613	4616	9321
5	4757	4684	4721	9322
5	4821	4790	4750	9323
5	4700	4627	4650	9324
5	4700	4661	4627	9325
5	4669	4631	4668	9326
5	4671	4633	4669	9327
5	4702	4619	4663	9328
5	4663	4619	4583	9329
5	4801	4741	4773	9330
5	4664	4625	4624	9331
5	4778	4651	4679	9332
5	4877	4779	4817	9333
5	4729	4666	4707	9334
5	4759	4715	4691	9335
5	4715	4642	4691	9336
5	4714	4691	4656	9337
5	4735	4718	4690	9338
5	4820	4783	4776	9339
5	4761	4718	4752	9340
5	4707	4635	4672	9341
5	4670	4668	4630	9342
5	4670	4630	4623	9343
5	4762	4729	4707	9344
5	4692	4623	4662	9345
5	4731	4708	4705	9346
5	4762	4707	4742	9347
5	4673	4649	4637	9348
5	4673	4637	4636	9349
5	4774	4683	4734	9350
5	4878	4803	4841	9351
5	4675	4654	4629	9352
5	4703	4663	4625	9353
5	4838	4805	4816	9354
5	4836	4795	4744	9355
5	4921	4858	4881	9356
5	4803	4761	4780	9357
5	4732	4702	4663	9358
5	4771	4726	4745	9359
5	4679	4651	4618	9360
5	4679	4618	4654	9361
5	5001	4966	4941	9362
5	4680	4620	4645	9363
5	4765	4686	4716	9364
5	4708	4671	4669	9365
5	4682	4655	4639	9366
5	4733	4682	4639	9367
5	4842	4747	4819	9368
5	4719	4674	4644	9369
5	5058	5001	5021	9370
5	4694	4614	4647	9371
5	4685	4675	4629	9372
5	4685	4629	4665	9373
5	4686	4656	4606	9374
5	4686	4606	4667	9375
5	4692	4670	4623	9376
5	4705	4669	4668	9377
5	4688	4664	4641	9378
5	4757	4721	4748	9379
5	4734	4638	4689	9380
5	4689	4638	4626	9381
5	4766	4735	4695	9382
5	4807	4788	4769	9383
5	4691	4642	4628	9384
5	4691	4628	4656	9385
5	4765	4714	4686	9386
5	4772	4716	4680	9387
5	4733	4639	4676	9388
5	4836	4744	4785	9389
5	4751	4732	4703	9390
5	5133	5060	5082	9391
5	4695	4690	4648	9392
5	4695	4648	4659	9393
5	4696	4653	4652	9394
5	4779	4751	4720	9395
5	4697	4694	4647	9396
5	4697	4647	4658	9397
5	4699	4658	4657	9398
5	4965	4937	4909	9399
5	4790	4733	4750	9400
5	4764	4738	4754	9401
5	4701	4661	4700	9402
5	4701	4688	4641	9403
5	4916	4911	4913	9404
5	4905	4817	4857	9405
5	4702	4696	4652	9406
5	4702	4652	4619	9407
5	4720	4664	4688	9408
5	4809	4746	4724	9409
5	5095	232	5043	9410
5	4981	4951	4975	9411
5	4761	4677	4718	9412
5	4731	4705	4706	9413
5	4706	4705	4668	9414
5	4706	4668	4670	9415
5	4742	4707	4672	9416
5	4729	4681	4666	9417
5	4851	4835	4834	9418
5	4854	4783	4820	9419
5	4807	4767	4788	9420
5	4789	4769	4788	9421
5	4710	4698	4682	9422
5	4770	4682	4733	9423
5	4822	4794	4755	9424
5	5012	4946	4988	9425
5	4885	4816	4865	9426
5	4947	4888	4934	9427
5	4855	4822	4787	9428
5	4794	4747	4713	9429
5	4772	4680	4736	9430
5	4886	4849	4823	9431
5	4756	4712	4693	9432
5	4770	4710	4682	9433
5	4826	4796	4765	9434
5	4749	4736	4681	9435
5	4740	4724	4701	9436
5	4717	4700	4650	9437
5	4718	4677	4640	9438
5	4718	4640	4690	9439
5	4856	4841	4780	9440
5	4864	4791	4824	9441
5	4901	4813	4837	9442
5	4751	4703	4720	9443
5	4721	4684	4660	9444
5	4721	4660	4694	9445
5	4730	4706	4670	9446
5	4722	4692	4662	9447
5	4723	4722	4687	9448
5	4723	4687	4649	9449
5	4740	4700	4717	9450
5	4725	4643	4684	9451
5	4740	4701	4700	9452
5	4818	4784	4799	9453
5	4726	4711	4685	9454
5	4726	4685	4704	9455
5	4727	4695	4659	9456
5	4727	4659	4674	9457
5	4728	4723	4673	9458
5	4728	4673	4677	9459
5	4783	4742	4776	9460
5	4736	4680	4645	9461
5	4743	4708	4731	9462
5	4731	4706	4730	9463
5	4858	4793	4835	9464
5	4793	4776	4743	9465
5	4758	4702	4732	9466
5	4850	4846	4812	9467
5	4756	4693	4715	9468
5	4785	4710	4770	9469
5	4774	4719	4683	9470
5	4734	4683	4638	9471
5	4791	4735	4766	9472
5	4883	4864	4824	9473
5	4806	4716	4772	9474
5	4879	4806	4843	9475
5	4737	4721	4694	9476
5	4737	4694	4697	9477
5	4738	4737	4697	9478
5	4738	4697	4699	9479
5	4739	4738	4699	9480
5	4739	4699	4698	9481
5	4799	4748	4764	9482
5	4757	4725	4684	9483
5	4741	4726	4704	9484
5	4741	4704	4696	9485
5	4793	4743	4760	9486
5	4767	4723	4728	9487
5	4776	4709	4743	9488
5	4743	4709	4708	9489
5	4744	4739	4710	9490
5	4785	4744	4710	9491
5	4773	4741	4696	9492
5	4859	4785	4815	9493
5	4746	4720	4688	9494
5	4746	4688	4724	9495
5	4833	4763	4778	9496
5	4755	4713	4675	9497
5	4754	4738	4739	9498
5	4805	4754	4795	9499
5	4811	4736	4749	9500
5	4806	4765	4716	9501
5	4750	4733	4676	9502
5	4750	4676	4712	9503
5	4758	4696	4702	9504
5	4801	4745	4741	9505
5	4778	4679	4747	9506
5	4875	4842	4870	9507
5	4753	4727	4674	9508
5	4753	4674	4719	9509
5	4764	4737	4738	9510
5	4890	4853	4818	9511
5	4771	4711	4726	9512
5	4982	4959	4919	9513
5	5128	5067	5084	9514
5	4759	4691	4714	9515
5	4800	4775	4786	9516
5	4768	4717	4678	9517
5	4773	4696	4758	9518
5	4845	4810	4745	9519
5	4914	4897	4849	9520
5	4821	4750	4782	9521
5	4760	4743	4731	9522
5	4789	4730	4769	9523
5	4803	4767	4728	9524
5	4761	4728	4677	9525
5	4820	4776	4793	9526
5	4918	4889	4896	9527
5	4804	4774	4734	9528
5	4798	4727	4753	9529
5	4923	4867	4908	9530
5	4784	4757	4748	9531
5	4904	4827	4863	9532
5	4915	4852	4882	9533
5	4804	4734	4763	9534
5	4828	4753	4777	9535
5	4791	4752	4735	9536
5	4807	4723	4767	9537
5	4808	4725	4757	9538
5	4892	4857	4825	9539
5	4769	4730	4692	9540
5	4769	4692	4722	9541
5	4790	4770	4733	9542
5	4903	4879	4843	9543
5	4855	4787	4830	9544
5	5078	5043	232	9545
5	4826	4765	4806	9546
5	4831	4762	4783	9547
5	4797	4732	4751	9548
5	4812	4758	4797	9549
5	4978	4939	4902	9550
5	4814	4774	4804	9551
5	4825	4809	4775	9552
5	4809	4724	4775	9553
5	4783	4762	4742	9554
5	4835	4793	4760	9555
5	4798	4766	4727	9556
5	4864	4832	4791	9557
5	4833	4804	4763	9558
5	4778	4763	4651	9559
5	4850	4812	4813	9560
5	4837	4751	4779	9561
5	4780	4761	4752	9562
5	5000	4958	4940	9563
5	4781	4756	4715	9564
5	4781	4715	4759	9565
5	4782	4750	4712	9566
5	4782	4712	4756	9567
5	4941	4904	4863	9568
5	4992	4922	4963	9569
5	4786	4717	4768	9570
5	4808	4768	4725	9571
5	4829	4782	4756	9572
5	4872	4825	4775	9573
5	4786	4775	4740	9574
5	4786	4740	4717	9575
5	4787	4755	4711	9576
5	4787	4711	4771	9577
5	4802	4760	4731	9578
5	4789	4731	4730	9579
5	4802	4731	4789	9580
5	4834	4760	4802	9581
5	5028	4950	4993	9582
5	4873	4790	4821	9583
5	4891	4841	4856	9584
5	4866	4777	4814	9585
5	4792	4749	4729	9586
5	4792	4729	4762	9587
5	4835	4760	4834	9588
5	4827	4811	4749	9589
5	4847	4794	4822	9590
5	4948	4898	4937	9591
5	4795	4754	4744	9592
5	4865	4795	4836	9593
5	4796	4759	4714	9594
5	4796	4714	4765	9595
5	4890	4818	4867	9596
5	5062	5013	5008	9597
5	4982	4919	4956	9598
5	4828	4798	4753	9599
5	4865	4816	4795	9600
5	4867	4818	4838	9601
5	4800	4786	4768	9602
5	4808	4800	4768	9603
5	4906	4865	4836	9604
5	4845	4745	4801	9605
5	4839	4789	4788	9606
5	4966	4904	4941	9607
5	4922	4854	4893	9608
5	4840	4767	4803	9609
5	4871	4804	4833	9610
5	4871	4814	4804	9611
5	4805	4799	4764	9612
5	4805	4764	4754	9613
5	4811	4772	4736	9614
5	4914	4849	4886	9615
5	4807	4769	4722	9616
5	4807	4722	4723	9617
5	4808	4757	4784	9618
5	4844	4808	4784	9619
5	4924	4882	4879	9620
5	4837	4797	4751	9621
5	4810	4771	4745	9622
5	4905	4877	4817	9623
5	4831	4792	4762	9624
5	4895	4831	4854	9625
5	4846	4773	4812	9626
5	4812	4773	4758	9627
5	4813	4812	4797	9628
5	4837	4813	4797	9629
5	4998	4925	4972	9630
5	4894	4856	4832	9631
5	4815	4785	4770	9632
5	4815	4770	4790	9633
5	4816	4805	4795	9634
5	5069	4984	5011	9635
5	4817	4779	4746	9636
5	4817	4746	4809	9637
5	4913	4853	4890	9638
5	4933	4880	4899	9639
5	4819	4747	4794	9640
5	4822	4755	4787	9641
5	4854	4831	4783	9642
5	4843	4772	4811	9643
5	4873	4815	4790	9644
5	4906	4836	4859	9645
5	4847	4819	4794	9646
5	4972	4925	4898	9647
5	4823	4781	4759	9648
5	4823	4759	4796	9649
5	4824	4791	4766	9650
5	4824	4766	4798	9651
5	4916	4913	4890	9652
5	4857	4817	4809	9653
5	4958	4903	4940	9654
5	4827	4749	4792	9655
5	4903	4843	4874	9656
5	4904	4874	4827	9657
5	5076	5025	5071	9658
5	4972	4898	4948	9659
5	4879	4826	4806	9660
5	5047	5004	5017	9661
5	4830	4787	4771	9662
5	4830	4771	4810	9663
5	4895	4863	4831	9664
5	4858	4820	4793	9665
5	4832	4780	4752	9666
5	4832	4752	4791	9667
5	4866	4828	4777	9668
5	4925	4871	4875	9669
5	4876	4788	4840	9670
5	4840	4788	4767	9671
5	4856	4780	4832	9672
5	4928	4841	4891	9673
5	4859	4836	4785	9674
5	4897	4829	4849	9675
5	4951	4933	4938	9676
5	4877	4837	4779	9677
5	4838	4818	4799	9678
5	4838	4799	4805	9679
5	4839	4834	4802	9680
5	4839	4802	4789	9681
5	5143	5129	5081	9682
5	4921	4893	4858	9683
5	5044	4992	5024	9684
5	4841	4803	4780	9685
5	4842	4833	4778	9686
5	4842	4778	4747	9687
5	4886	4823	4852	9688
5	4843	4806	4772	9689
5	4997	4914	4954	9690
5	4844	4800	4808	9691
5	5144	5104	5115	9692
5	4861	4810	4848	9693
5	4899	4801	4846	9694
5	4846	4801	4773	9695
5	5077	5057	5014	9696
5	4925	4875	4898	9697
5	5037	4957	4994	9698
5	4942	4907	4848	9699
5	4941	4863	4895	9700
5	5004	4932	4947	9701
5	4901	4837	4877	9702
5	4857	4809	4825	9703
5	4939	4860	4902	9704
5	5060	5015	4996	9705
5	4852	4823	4796	9706
5	4852	4796	4826	9707
5	4853	4844	4784	9708
5	4853	4784	4818	9709
5	4958	4924	4903	9710
5	4924	4879	4903	9711
5	4861	4830	4810	9712
5	5078	232	233	9713
5	4960	4920	4889	9714
5	5015	4983	4960	9715
5	4976	4905	4929	9716
5	4929	4857	4892	9717
5	4960	4889	4918	9718
5	4889	4851	4869	9719
5	5006	4935	4976	9720
5	5047	5018	5004	9721
5	4860	4824	4798	9722
5	4860	4798	4828	9723
5	5117	233	234	9724
5	4961	4880	4933	9725
5	4862	4821	4782	9726
5	4862	4782	4829	9727
5	4863	4827	4792	9728
5	4863	4792	4831	9729
5	5005	4948	4937	9730
5	4883	4824	4860	9731
5	4932	4900	4873	9732
5	4923	4890	4867	9733
5	4910	4866	4814	9734
5	4996	4918	4974	9735
5	4885	4868	4816	9736
5	4908	4867	4868	9737
5	4868	4867	4838	9738
5	4868	4838	4816	9739
5	4869	4851	4834	9740
5	4869	4834	4839	9741
5	4870	4842	4819	9742
5	4909	4819	4847	9743
5	4937	4898	4870	9744
5	4910	4814	4871	9745
5	4872	4775	4800	9746
5	5017	4947	4984	9747
5	4897	4862	4829	9748
5	4954	4914	4886	9749
5	4874	4843	4811	9750
5	4874	4811	4827	9751
5	4875	4871	4833	9752
5	4875	4833	4842	9753
5	4876	4869	4839	9754
5	4876	4839	4788	9755
5	4987	4971	4977	9756
5	4929	4905	4857	9757
5	4928	4912	4878	9758
5	4878	4840	4803	9759
5	4872	4800	4844	9760
5	4913	4844	4853	9761
5	4988	4946	4957	9762
5	4899	4846	4850	9763
5	4881	4858	4835	9764
5	4881	4835	4851	9765
5	4882	4852	4826	9766
5	4882	4826	4879	9767
5	5042	4972	5009	9768
5	4894	4832	4864	9769
5	4884	4847	4822	9770
5	4884	4822	4855	9771
5	5093	5047	5017	9772
5	5079	5050	5016	9773
5	4915	4886	4852	9774
5	4934	4888	4862	9775
5	4887	4855	4830	9776
5	4887	4830	4861	9777
5	4888	4873	4821	9778
5	4888	4821	4862	9779
5	4928	4878	4841	9780
5	5163	5120	5160	9781
5	5080	5063	5028	9782
5	4975	4901	4935	9783
5	4912	4840	4878	9784
5	5106	5066	5073	9785
5	5038	4971	4987	9786
5	5080	5028	5050	9787
5	4893	4854	4820	9788
5	4893	4820	4858	9789
5	4936	4864	4883	9790
5	4936	4894	4864	9791
5	5044	5021	4992	9792
5	4922	4895	4854	9793
5	4896	4889	4869	9794
5	4896	4869	4876	9795
5	5090	5011	5053	9796
5	4964	4934	4897	9797
5	4898	4875	4870	9798
5	4965	4909	4917	9799
5	4899	4880	4845	9800
5	4899	4845	4801	9801
5	4900	4859	4815	9802
5	4900	4815	4873	9803
5	4938	4850	4901	9804
5	4901	4850	4813	9805
5	4944	4866	4910	9806
5	4902	4860	4828	9807
5	4940	4903	4874	9808
5	5031	4966	5001	9809
5	4940	4874	4904	9810
5	4967	4895	4922	9811
5	5022	4968	4995	9812
5	4916	4892	4911	9813
5	5156	215	216	9814
5	5050	5028	4993	9815
5	4907	4861	4848	9816
5	4942	4848	4880	9817
5	4943	4908	4868	9818
5	4943	4868	4885	9819
5	4937	4870	4909	9820
5	5046	4980	5012	9821
5	5200	5143	5176	9822
5	4944	4910	4925	9823
5	4911	4892	4825	9824
5	4911	4825	4872	9825
5	4912	4896	4876	9826
5	4912	4876	4840	9827
5	4913	4911	4872	9828
5	4913	4872	4844	9829
5	5035	4997	4954	9830
5	4934	4862	4897	9831
5	5007	4924	4958	9832
5	4964	4897	4914	9833
5	4994	4942	4961	9834
5	4990	4929	4973	9835
5	4917	4909	4847	9836
5	4917	4847	4884	9837
5	4939	4883	4860	9838
5	4952	4891	4927	9839
5	4919	4884	4855	9840
5	4919	4855	4887	9841
5	4920	4881	4851	9842
5	4920	4851	4889	9843
5	5143	5081	5133	9844
5	5082	5060	5026	9845
5	4966	4940	4904	9846
5	5052	5024	4991	9847
5	4995	4968	4923	9848
5	4995	4923	4971	9849
5	4967	4941	4895	9850
5	5103	5010	5056	9851
5	5054	5039	5042	9852
5	4925	4910	4871	9853
5	4926	4885	4865	9854
5	4926	4865	4906	9855
5	4927	4891	4856	9856
5	4927	4856	4894	9857
5	4928	4896	4912	9858
5	5070	5054	5009	9859
5	4973	4892	4916	9860
5	4935	4877	4905	9861
5	4930	4906	4859	9862
5	4930	4859	4900	9863
5	4931	4887	4861	9864
5	4931	4861	4907	9865
5	5170	5153	5124	9866
5	4928	4918	4896	9867
5	4961	4942	4880	9868
5	4935	4901	4877	9869
5	4997	4964	4914	9870
5	4947	4932	4888	9871
5	4976	4935	4905	9872
5	4973	4929	4892	9873
5	4974	4891	4952	9874
5	5026	4974	4952	9875
5	5013	4965	5008	9876
5	5039	4985	4978	9877
5	4938	4933	4899	9878
5	4938	4899	4850	9879
5	5102	5054	5100	9880
5	5034	4970	4985	9881
5	5101	5021	5044	9882
5	5114	5084	5059	9883
5	5001	4941	4967	9884
5	4996	4960	4918	9885
5	5012	4980	4946	9886
5	5032	4961	5003	9887
5	5002	4943	4950	9888
5	5022	4916	4968	9889
5	4978	4902	4944	9890
5	4944	4902	4866	9891
5	4945	4915	4882	9892
5	4945	4882	4924	9893
5	4946	4931	4907	9894
5	5003	4933	4951	9895
5	5028	5002	4950	9896
5	5004	4962	4932	9897
5	5005	4937	4965	9898
5	5111	5077	235	9899
5	4949	4927	4894	9900
5	4949	4894	4936	9901
5	4950	4943	4885	9902
5	4950	4885	4926	9903
5	5091	5033	5066	9904
5	5006	4981	4975	9905
5	5026	4996	4974	9906
5	5055	5034	4985	9907
5	4953	4921	4881	9908
5	4953	4881	4920	9909
5	4979	4915	4945	9910
5	4979	4955	4915	9911
5	4955	4954	4886	9912
5	4955	4886	4915	9913
5	4956	4919	4887	9914
5	4956	4887	4931	9915
5	4957	4946	4907	9916
5	4957	4907	4942	9917
5	5085	5031	5058	9918
5	5067	4979	5030	9919
5	4959	4917	4884	9920
5	4959	4884	4919	9921
5	5060	4996	5026	9922
5	5031	5000	4966	9923
5	5141	5061	5105	9924
5	5003	4961	4933	9925
5	4962	4930	4900	9926
5	4962	4900	4932	9927
5	4963	4922	4893	9928
5	4963	4893	4921	9929
5	5175	212	213	9930
5	5132	5069	5090	9931
5	5171	239	5148	9932
5	5040	4948	5005	9933
5	5000	4940	4966	9934
5	5059	5030	5007	9935
5	5024	4963	4991	9936
5	4992	4967	4922	9937
5	4968	4916	4890	9938
5	4968	4890	4923	9939
5	4969	4926	4906	9940
5	4969	4906	4930	9941
5	4970	4936	4883	9942
5	4970	4883	4939	9943
5	4971	4923	4908	9944
5	5097	5019	5049	9945
5	4998	4944	4925	9946
5	5144	5116	5104	9947
5	5006	4975	4935	9948
5	5049	5019	5022	9949
5	4974	4918	4928	9950
5	4974	4928	4891	9951
5	4975	4951	4938	9952
5	4975	4938	4901	9953
5	5187	243	5160	9954
5	5033	4981	5006	9955
5	4977	4971	4908	9956
5	4977	4908	4943	9957
5	5086	5070	5040	9958
5	5034	4999	4970	9959
5	5035	4954	5027	9960
5	5059	5007	5010	9961
5	4980	4956	4931	9962
5	4980	4931	4946	9963
5	4990	4976	4929	9964
5	5065	4981	5033	9965
5	5111	5057	5077	9966
5	5057	5036	4982	9967
5	4983	4953	4920	9968
5	4983	4920	4960	9969
5	4984	4947	4934	9970
5	4984	4934	4964	9971
5	4985	4970	4939	9972
5	4985	4939	4978	9973
5	4986	4952	4927	9974
5	4986	4927	4949	9975
5	5002	4977	4943	9976
5	5050	4993	5016	9977
5	5105	5029	5065	9978
5	5037	4988	4957	9979
5	4989	4969	4930	9980
5	4989	4930	4962	9981
5	5065	5029	4981	9982
5	5066	5033	5041	9983
5	4991	4963	4921	9984
5	4991	4921	4953	9985
5	5025	4953	4983	9986
5	5071	4983	5015	9987
5	4993	4950	4926	9988
5	4993	4926	4969	9989
5	5204	213	214	9990
5	4994	4957	4942	9991
5	5038	4995	4971	9992
5	5070	5009	5040	9993
5	5015	4960	4996	9994
5	5026	4952	4986	9995
5	5017	5004	4947	9996
5	5172	5156	216	9997
5	5039	4978	4998	9998
5	4998	4978	4944	9999
5	4999	4949	4936	10000
5	4999	4936	4970	10001
5	5108	5074	5027	10002
5	5007	4945	4924	10003
5	5024	4992	4963	10004
5	5225	5200	5218	10005
5	5068	4987	5020	10006
5	5150	5079	5110	10007
5	5032	4994	4961	10008
5	5094	4994	5032	10009
5	5069	5017	4984	10010
5	5090	5069	5011	10011
5	5013	5005	4965	10012
5	5040	5009	4948	10013
5	5041	4976	4990	10014
5	5091	5065	5033	10015
5	5112	5099	5074	10016
5	5056	5000	5031	10017
5	5008	4965	4917	10018
5	5008	4917	4959	10019
5	5055	4985	5039	10020
5	5009	4972	4948	10021
5	5010	5007	4958	10022
5	5010	4958	5000	10023
5	5011	4984	4964	10024
5	5011	4964	4997	10025
5	5014	4982	4956	10026
5	5014	4956	4980	10027
5	5221	5203	245	10028
5	5116	5064	5104	10029
5	5117	5078	233	10030
5	5077	5014	5046	10031
5	5118	5044	5089	10032
5	5025	4991	4953	10033
5	5016	4993	4969	10034
5	5016	4969	4989	10035
5	5142	5135	5093	10036
5	5175	5142	5132	10037
5	5018	4989	4962	10038
5	5018	4962	5004	10039
5	5019	4990	4973	10040
5	5073	4990	5019	10041
5	5020	4987	4977	10042
5	5020	4977	5002	10043
5	5021	5001	4967	10044
5	5021	4967	4992	10045
5	5022	5019	4973	10046
5	5022	4973	4916	10047
5	5023	4986	4949	10048
5	5023	4949	4999	10049
5	5188	5119	5154	10050
5	5056	5010	5000	10051
5	5071	5025	4983	10052
5	5052	4991	5025	10053
5	5120	5083	5102	10054
5	5082	5026	5045	10055
5	5027	4954	4955	10056
5	5027	4955	4979	10057
5	5079	5016	5048	10058
5	5216	228	5179	10059
5	5029	5003	4951	10060
5	5029	4951	4981	10061
5	5030	4979	4945	10062
5	5030	4945	5007	10063
5	5081	5015	5060	10064
5	5058	5031	5001	10065
5	5121	5088	5094	10066
5	5095	5043	5072	10067
5	5198	222	5194	10068
5	5123	5091	5066	10069
5	5126	5051	5083	10070
5	5173	5145	5163	10071
5	5125	5053	5099	10072
5	5125	5090	5053	10073
5	5036	5008	4959	10074
5	5036	4959	4982	10075
5	5136	231	5095	10076
5	5204	5175	213	10077
5	5075	5038	4987	10078
5	5049	4995	5038	10079
5	5126	5098	5051	10080
5	5055	5039	5054	10081
5	5102	5055	5054	10082
5	5100	5054	5070	10083
5	5041	5033	5006	10084
5	5041	5006	4976	10085
5	5042	5039	4998	10086
5	5042	4998	4972	10087
5	5043	5012	4988	10088
5	5095	231	232	10089
5	5119	5085	5058	10090
5	5169	5085	5119	10091
5	5045	5026	4986	10092
5	5045	4986	5023	10093
5	5057	4982	5014	10094
5	5046	5014	4980	10095
5	5172	5150	5110	10096
5	5127	5050	5079	10097
5	5048	5016	4989	10098
5	5048	4989	5018	10099
5	5182	209	210	10100
5	5181	5161	5167	10101
5	5127	5080	5050	10102
5	5172	5110	5156	10103
5	5051	5023	4999	10104
5	5051	4999	5034	10105
5	5076	5052	5025	10106
5	5118	5101	5044	10107
5	5053	5011	4997	10108
5	5053	4997	5035	10109
5	5054	5042	5009	10110
5	5086	5040	5064	10111
5	5163	5126	5120	10112
5	5193	243	244	10113
5	5067	5027	4979	10114
5	5103	5059	5010	10115
5	5133	5081	5060	10116
5	5062	5008	5036	10117
5	5085	5056	5031	10118
5	5199	5146	5190	10119
5	5101	5058	5021	10120
5	5149	5125	5099	10121
5	5212	5170	5201	10122
5	5218	5200	5176	10123
5	5061	5032	5003	10124
5	5061	5003	5029	10125
5	5115	5062	5087	10126
5	5115	5104	5062	10127
5	5063	5020	5002	10128
5	5063	5002	5028	10129
5	5064	5040	5005	10130
5	5064	5005	5013	10131
5	5094	5032	5061	10132
5	5130	5065	5091	10133
5	5164	5131	5107	10134
5	5049	5022	4995	10135
5	5108	5027	5067	10136
5	5215	209	5162	10137
5	5137	5063	5080	10138
5	5131	5068	5107	10139
5	5132	5093	5069	10140
5	5175	5132	5155	10141
5	5075	4987	5068	10142
5	5106	5073	5097	10143
5	5196	5176	5153	10144
5	5081	5071	5015	10145
5	5072	5043	4988	10146
5	5072	4988	5037	10147
5	5073	5066	5041	10148
5	5073	5041	4990	10149
5	5074	5035	5027	10150
5	5206	5162	5128	10151
5	5097	5073	5019	10152
5	5122	5075	5096	10153
5	5089	5044	5024	10154
5	5089	5024	5052	10155
5	5117	5046	5078	10156
5	5077	234	235	10157
5	5078	5046	5012	10158
5	5078	5012	5043	10159
5	5150	5127	5079	10160
5	5151	5137	5080	10161
5	5151	5080	5127	10162
5	5131	5096	5068	10163
5	5176	5143	5133	10164
5	5152	5113	5076	10165
5	5168	5139	5100	10166
5	5227	5218	5196	10167
5	5083	5051	5034	10168
5	5083	5034	5055	10169
5	5084	5067	5030	10170
5	5084	5030	5059	10171
5	5157	5114	5103	10172
5	5114	5059	5103	10173
5	5138	5070	5086	10174
5	5102	5083	5055	10175
5	5087	5062	5036	10176
5	5087	5036	5057	10177
5	5088	5072	5037	10178
5	5136	5095	5072	10179
5	5213	5190	5210	10180
5	5196	5153	5170	10181
5	5202	5157	5195	10182
5	5093	5017	5069	10183
5	5185	5165	5123	10184
5	5130	5105	5065	10185
5	5092	5048	5018	10186
5	5092	5018	5047	10187
5	5156	5110	5092	10188
5	5142	5093	5132	10189
5	5094	5088	5037	10190
5	5094	5037	4994	10191
5	5136	5072	5088	10192
5	5136	230	231	10193
5	5096	5075	5068	10194
5	5137	5107	5063	10195
5	5109	5038	5075	10196
5	5123	5066	5106	10197
5	5098	5045	5023	10198
5	5098	5023	5051	10199
5	5099	5053	5035	10200
5	5099	5035	5074	10201
5	5148	5086	5116	10202
5	5178	5135	5142	10203
5	5226	203	204	10204
5	5119	5058	5101	10205
5	5163	5145	5126	10206
5	5126	5083	5120	10207
5	5157	5103	5140	10208
5	5128	5108	5067	10209
5	5104	5064	5013	10210
5	5104	5013	5062	10211
5	5158	5141	5105	10212
5	5105	5061	5029	10213
5	5134	5106	5097	10214
5	5122	5109	5075	10215
NPOIN= 5233
9.997500181200000e-01	-3.632690632785081e-05	0
9.990000128750000e-01	-1.451237726171092e-04	1
9.977599978450000e-01	-3.236859953012396e-04	2
9.960200190539999e-01	-5.693066428987305e-04	3
9.937800168990000e-01	-8.726660157089483e-04	4
9.910500049590000e-01	-1.216694695325772e-03	5
9.878399968150000e-01	-1.579601399624654e-03	6
9.841300249100000e-01	-1.942669333776378e-03	7
9.799500107769999e-01	-2.289662005617491e-03	8
9.752799868580000e-01	-2.624202963482727e-03	9
9.701499938960000e-01	-2.964393233801282e-03	10
9.645400047300000e-01	-3.346182371209917e-03	11
9.584699869160000e-01	-3.806621155382352e-03	12
9.519400000570000e-01	-4.375505784331777e-03	13
9.449599981310000e-01	-5.064601383123124e-03	14
9.375399947170000e-01	-5.866951974371057e-03	15
9.296900033950000e-01	-6.762442558282624e-03	16
9.214000105860000e-01	-7.728839026900860e-03	17
9.126999974250000e-01	-8.742365076334194e-03	18
9.035800099370001e-01	-9.791095349583053e-03	19
8.940600156780000e-01	-1.086726979719231e-02	20
8.841500282290000e-01	-1.196992004367658e-02	21
8.738499879840000e-01	-1.310198734506410e-02	22
8.631799817090000e-01	-1.426463794543967e-02	23
8.521599769590000e-01	-1.545813587334839e-02	24
8.407700061800000e-01	-1.668562553973527e-02	25
8.290500044819999e-01	-1.794247137331604e-02	26
8.170099854470000e-01	-1.922636246410412e-02	27
8.046399950980000e-01	-2.053657613868857e-02	28
7.919700145720000e-01	-2.186792021027601e-02	29
7.790099978450000e-01	-2.321729518117226e-02	30
7.657799720760000e-01	-2.458058813331197e-02	31
7.522799968720000e-01	-2.595578279625752e-02	32
7.385200262070000e-01	-2.733983407421161e-02	33
7.245299816130000e-01	-2.872771506612365e-02	34
7.103199958800001e-01	-3.011641101456134e-02	35
6.958900094030001e-01	-3.150386123273091e-02	36
6.812700033190000e-01	-3.288511283512045e-02	37
6.664699912070000e-01	-3.425718822642013e-02	38
6.514999866490000e-01	-3.561713502930065e-02	39
6.363800168040000e-01	-3.696116251970825e-02	40
6.211299896240000e-01	-3.828563007382522e-02	41
6.057599782940000e-01	-3.958787832699245e-02	42
5.902799963950000e-01	-4.086533847533108e-02	43
5.747100114820000e-01	-4.211474269494416e-02	44
5.590599775310000e-01	-4.333377288624636e-02	45
5.433599948880000e-01	-4.451869956899562e-02	46
5.276100039480000e-01	-4.566823325887243e-02	47
5.118399858470000e-01	-4.677897111057322e-02	48
4.960500001910000e-01	-4.784975668731199e-02	49
4.802699983120000e-01	-4.887745095648916e-02	50
4.645099937920000e-01	-4.986035645432279e-02	51
4.487800002100000e-01	-5.079676129594287e-02	52
4.331099987030000e-01	-5.168381102727698e-02	53
4.174999892710000e-01	-5.252038578978129e-02	54
4.019699990750000e-01	-5.330417264876798e-02	55
3.865399956700000e-01	-5.403287206336974e-02	56
3.712300062180000e-01	-5.470417796501079e-02	57
3.560400009160000e-01	-5.531654338397083e-02	58
3.409900069240000e-01	-5.586740326300843e-02	59
3.261100053790000e-01	-5.635384666772623e-02	60
3.113999962810000e-01	-5.677388664934175e-02	61
2.968699932100000e-01	-5.712494422793885e-02	62
2.825500071050000e-01	-5.740388175960105e-02	63
2.684499919410000e-01	-5.760798547558287e-02	64
2.545700073240000e-01	-5.773441156705951e-02	65
2.409400045870000e-01	-5.777987873423904e-02	66
2.275699973110000e-01	-5.774128218110627e-02	67
2.144699990750000e-01	-5.761536256387768e-02	68
2.016600072380000e-01	-5.739892313501670e-02	69
1.891400069000000e-01	-5.708838236875541e-02	70
1.769299954180000e-01	-5.668048050715143e-02	71
1.650400012730000e-01	-5.617176573201169e-02	72
1.534900069240000e-01	-5.555932901603201e-02	73
1.422899961470000e-01	-5.484000977297596e-02	74
1.314399987460000e-01	-5.400989459618317e-02	75
1.209499984980000e-01	-5.306558832759690e-02	76
1.108499988910000e-01	-5.200602905813308e-02	77
1.011300012470000e-01	-5.082643880224049e-02	78
9.181000292300000e-02	-4.952536040242760e-02	79
8.290000259900000e-02	-4.810070040503932e-02	80
7.440000027400000e-02	-4.654884629543122e-02	81
6.633000075800000e-02	-4.487009448170879e-02	82
5.869000032500000e-02	-4.306140803498057e-02	83
5.149000138000000e-02	-4.112212681342550e-02	84
4.473999887700000e-02	-3.905246284713824e-02	85
3.844000026600000e-02	-3.685006320865059e-02	86
3.260000050100000e-02	-3.451627457592602e-02	87
2.723000012300000e-02	-3.205407680471037e-02	88
2.232000045500000e-02	-2.945739306220135e-02	89
1.789999939500000e-02	-2.674258577131463e-02	90
1.394999958600000e-02	-2.389886348886883e-02	91
1.049000024800000e-02	-2.094249365038314e-02	92
7.519999985000000e-03	-1.787987578619644e-02	93
5.040000193000000e-03	-1.471930754006605e-02	94
3.049999941000000e-03	-1.147117457814766e-02	95
1.560000004000000e-03	-8.173249763117570e-03	96
5.600000150000000e-04	-4.831959107985124e-03	97
5.999999800000000e-05	-1.523325102711059e-03	98
0.000000000000000e+00	0.000000000000000e+00	99
5.999999800000000e-05	1.561657074376719e-03	100
5.600000150000000e-04	4.967638857004344e-03	101
1.560000004000000e-03	8.376496462900881e-03	102
3.049999941000000e-03	1.169474819686639e-02	103
5.040000193000000e-03	1.491005783766459e-02	104
7.519999985000000e-03	1.798314007908281e-02	105
1.049000024800000e-02	2.090472943692490e-02	106
1.394999958600000e-02	2.366918492154437e-02	107
1.789999939500000e-02	2.627386616340466e-02	108
2.232000045500000e-02	2.870837665203561e-02	109
2.723000012300000e-02	3.098747003106867e-02	110
3.260000050100000e-02	3.310237312763024e-02	111
3.844000026600000e-02	3.506448340355028e-02	112
4.473999887700000e-02	3.687764511199569e-02	113
5.149000138000000e-02	3.854743315169687e-02	114
5.869000032500000e-02	4.008258555467774e-02	115
6.633000075800000e-02	4.148986915782759e-02	116
7.440000027400000e-02	4.277682496526240e-02	117
8.290000259900000e-02	4.395279985039925e-02	118
9.181000292300000e-02	4.502454749869750e-02	119
1.011300012470000e-01	4.600166762665640e-02	120
1.108499988910000e-01	4.689245195770286e-02	121
1.209499984980000e-01	4.770448896573624e-02	122
1.314399987460000e-01	4.844766313173365e-02	123
1.422899961470000e-01	4.912867453517452e-02	124
1.534900069240000e-01	4.975564184662344e-02	125
1.650400012730000e-01	5.033680970821469e-02	126
1.769299954180000e-01	5.087942088389311e-02	127
1.891400069000000e-01	5.138991768605302e-02	128
2.016600072380000e-01	5.187476908594130e-02	129
2.144699990750000e-01	5.233954720206358e-02	130
2.275699973110000e-01	5.278997271873537e-02	131
2.409400045870000e-01	5.323040979503759e-02	132
2.545700073240000e-01	5.366489709231510e-02	133
2.684499919410000e-01	5.409673702669247e-02	134
2.825500071050000e-01	5.452785248913694e-02	135
2.968699932100000e-01	5.496027783760431e-02	136
3.113999962810000e-01	5.539488482084056e-02	137
3.261100053790000e-01	5.583107040531340e-02	138
3.409900069240000e-01	5.626792840596601e-02	139
3.560400009160000e-01	5.670391306398550e-02	140
3.712300062180000e-01	5.713566876238600e-02	141
3.865399956700000e-01	5.755921286697273e-02	142
4.019699990750000e-01	5.797018617297920e-02	143
4.174999892710000e-01	5.836275590561221e-02	144
4.331099987030000e-01	5.873023925515408e-02	145
4.487800002100000e-01	5.906516558038664e-02	146
4.645099937920000e-01	5.935970886165928e-02	147
4.802699983120000e-01	5.960476036805125e-02	148
4.960500001910000e-01	5.979103280601571e-02	149
5.118399858470000e-01	5.990870143740652e-02	150
5.276100039480000e-01	5.994751786729610e-02	151
5.433599948880000e-01	5.989722465866546e-02	152
5.590599775310000e-01	5.974761722578556e-02	153
5.747100114820000e-01	5.948853467024751e-02	154
5.902799963950000e-01	5.911068920680854e-02	155
6.057599782940000e-01	5.860526373412083e-02	156
6.211299896240000e-01	5.796473283819124e-02	157
6.363800168040000e-01	5.718247888124929e-02	158
6.514999866490000e-01	5.625324675170572e-02	159
6.664699912070000e-01	5.517415550291404e-02	160
6.812700033190000e-01	5.394462986281642e-02	161
6.958900094030001e-01	5.256564265848464e-02	162
7.103199958800001e-01	5.104045555069818e-02	163
7.245299816130000e-01	4.937720115445042e-02	164
7.385200262070000e-01	4.758336981924990e-02	165
7.522799968720000e-01	4.566993582884349e-02	166
7.657799720760000e-01	4.365328262563933e-02	167
7.790099978450000e-01	4.154940413740872e-02	168
7.919700145720000e-01	3.937431172144854e-02	169
8.046399950980000e-01	3.714859808147754e-02	170
8.170099854470000e-01	3.489211494179000e-02	171
8.290500044819999e-01	3.262885411281313e-02	172
8.407700061800000e-01	3.037525241264619e-02	173
8.521599769590000e-01	2.815090441225478e-02	174
8.631799817090000e-01	2.598068785431716e-02	175
8.738499879840000e-01	2.387684978574574e-02	176
8.841500282290000e-01	2.185827391274128e-02	177
8.940600156780000e-01	1.994180950921133e-02	178
9.035800099370001e-01	1.813678995657347e-02	179
9.126999974250000e-01	1.644865051075372e-02	180
9.214000105860000e-01	1.487615821929705e-02	181
9.296900033950000e-01	1.340265700367894e-02	182
9.375399947170000e-01	1.200965347998006e-02	183
9.449599981310000e-01	1.066731807371094e-02	184
9.519400000570000e-01	9.353301090636788e-03	185
9.584699869160000e-01	8.058384575180468e-03	186
9.645400047300000e-01	6.792465926376598e-03	187
9.701499938960000e-01	5.581412820696995e-03	188
9.752799868580000e-01	4.464973393159680e-03	189
9.799500107769999e-01	3.471503388591523e-03	190
9.841300249100000e-01	2.626780070780243e-03	191
9.878399968150000e-01	1.928748426742247e-03	192
9.910500049590000e-01	1.370392789471077e-03	193
9.937800168990000e-01	9.283026083311183e-04	194
9.960200190539999e-01	5.847099639328242e-04	195
9.977599978450000e-01	3.265392102209186e-04	196
9.990000128750000e-01	1.453839450102753e-04	197
9.997500181200000e-01	3.633102708854416e-05	198
1.000000000000000e+00	0.000000000000000e+00	199
1.984229087829600e+01	2.506659984589000e+00	200
1.937166023254400e+01	4.973800182343000e+00	201
1.859552955627400e+01	7.362490177155000e+00	202
1.752613067627000e+01	9.635069847106999e+00	203
1.618033981323200e+01	1.175570964813200e+01	204
1.457936954498300e+01	1.369093990325900e+01	205
1.274847984314000e+01	1.541026973724400e+01	206
1.071654033660900e+01	1.688656044006300e+01	207
8.515589714050000e+00	1.809654045105000e+01	208
6.180339813232000e+00	1.902112960815400e+01	209
3.747629880905000e+00	1.964575004577600e+01	210
1.255810022354000e+00	1.996052932739300e+01	211
-1.255810022354000e+00	1.996052932739300e+01	212
-3.747629880905000e+00	1.964574050903300e+01	213
-6.180339813232000e+00	1.902112960815400e+01	214
-8.515589714050000e+00	1.809654045105000e+01	215
-1.071654033660900e+01	1.688656044006300e+01	216
-1.274847984314000e+01	1.541026020050000e+01	217
-1.457936954498300e+01	1.369093990325900e+01	218
-1.618033981323200e+01	1.175570011138900e+01	219
-1.752613067627000e+01	9.635069847106999e+00	220
-1.859552955627400e+01	7.362490177155000e+00	221
-1.937166023254400e+01	4.973800182343000e+00	222
-1.984229087829600e+01	2.506659984589000e+00	223
-2.000000000000000e+01	0.000000000000000e+00	224
-1.984229087829600e+01	-2.506669998169000e+00	225
-1.937166023254400e+01	-4.973800182343000e+00	226
-1.859552955627400e+01	-7.362490177155000e+00	227
-1.752613067627000e+01	-9.635080337524000e+00	228
-1.618033981323200e+01	-1.175570964813200e+01	229
-1.457936954498300e+01	-1.369093990325900e+01	230
-1.274847984314000e+01	-1.541026973724400e+01	231
-1.071652984619100e+01	-1.688656044006300e+01	232
-8.515580177306999e+00	-1.809654045105000e+01	233
-6.180339813232000e+00	-1.902112960815400e+01	234
-3.747620105743000e+00	-1.964575004577600e+01	235
-1.255810022354000e+00	-1.996052932739300e+01	236
1.255810022354000e+00	-1.996052932739300e+01	237
3.747629880905000e+00	-1.964574050903300e+01	238
6.180339813232000e+00	-1.902112960815400e+01	239
8.515589714050000e+00	-1.809654045105000e+01	240
1.071654033660900e+01	-1.688656044006300e+01	241
1.274847984314000e+01	-1.541026020050000e+01	242
1.457936954498300e+01	-1.369093990325900e+01	243
1.618033981323200e+01	-1.175570011138900e+01	244
1.752614021301300e+01	-9.635069847106999e+00	245
1.859552955627400e+01	-7.362490177155000e+00	246
1.937166023254400e+01	-4.973790168762000e+00	247
1.984229087829600e+01	-2.506659984589000e+00	248
2.000000000000000e+01	0.000000000000000e+00	249
6.065505572857944e-02	-5.089912509343779e-02	250
6.602190918907999e-01	-4.865977726550852e-02	251
4.254185793732483e-01	7.295568800355001e-02	252
6.899486037340108e-01	6.626361411653874e-02	253
3.795002786498517e-01	-6.848641600197766e-02	254
9.994526964929794e-01	-7.201927391543789e-04	255
9.985311400587745e-01	-1.306175811546683e-03	256
7.736082518838275e-01	-3.604757924920824e-02	257
6.898301214083592e-01	-4.560134401664147e-02	258
-1.830504095545654e-03	7.580067971411024e-03	259
7.466314754951350e-01	-3.927001427021502e-02	260
5.832367301189808e-01	7.330790698831297e-02	261
9.927300725105667e-01	-3.487455174276735e-03	262
9.898084663819612e-01	-4.278270697682403e-03	263
5.988410143728008e-01	7.275195179900840e-02	264
7.186741828028995e-01	-4.245934836482407e-02	265
-1.828719453123394e-03	8.955431554053238e-04	266
9.863893028165006e-01	-5.091165892508484e-03	267
9.824834023495694e-01	-5.904511254395396e-03	268
-1.838459136102971e-03	-7.436677439219628e-03	269
6.451655780643776e-01	-5.014985549454997e-02	270
8.241699079827289e-01	-2.965748879483125e-02	271
7.994815844815417e-01	-3.284199073180995e-02	272
3.484375445197068e-01	7.052326432571678e-02	273
8.475440999227368e-01	-2.654103167821283e-02	274
2.474476992120007e-01	6.627206845535086e-02	275
8.695421842049955e-01	-2.349830097326514e-02	276
9.649443708741493e-03	2.527350432257106e-02	277
8.900574419623094e-01	-2.054419064435569e-02	278
7.701625176273726e-02	-5.508598844518599e-02	279
9.090163461227116e-01	-1.768515695347888e-02	280
-2.268929546856219e-03	-3.622065090314701e-03	281
9.419457093402532e-01	-1.243332326909516e-02	282
9.263370652670995e-01	-1.495044945060864e-02	283
1.758170074380997e-02	-3.200692029207543e-02	284
4.260875580845493e-01	-6.647253778035771e-02	285
8.587243233698075e-01	-2.500695447362311e-02	286
9.558074390733321e-01	-1.024755656527804e-02	287
9.780860510097223e-01	-6.731258509785149e-03	288
9.678759579699161e-01	-8.391489391926117e-03	289
1.585364632115904e-01	-6.654148611316174e-02	290
8.997385027678538e-01	-1.910234003754951e-02	291
7.602526336203143e-01	-3.766008080586164e-02	292
9.970987503727973e-01	-2.027343234218381e-03	293
5.991953142963310e-01	-5.442204107247765e-02	294
4.417781574521251e-01	-6.566505318279130e-02	295
5.365611069646248e-01	-5.954291691593648e-02	296
4.733237612370733e-01	-6.385942086976809e-02	297
5.049548767293646e-01	-6.181317135327351e-02	298
4.891280515998315e-01	-6.286484509125653e-02	299
1.251308634588713e-01	-6.319778444618221e-02	300
2.755032314167598e-02	-3.808245648433899e-02	301
3.949364848904000e-01	-6.788593109971536e-02	302
4.604754099070658e-02	-4.618323721463707e-02	303
4.104669320736244e-01	-6.721472783106637e-02	304
3.191172225469682e-01	-7.014354325887306e-02	305
3.490054550398505e-01	-6.947252928748064e-02	306
3.325400324251489e-02	-4.090552169548674e-02	307
2.899155378784267e-01	-7.049221643393475e-02	308
9.343589173690693e-01	-1.365538087239117e-02	309
1.470492751304713e-01	-6.554497848059142e-02	310
1.949853481326030e-01	-6.882550411065126e-02	311
8.583043947547743e-02	-5.697591828678447e-02	312
1.046983359998195e-01	-6.035675750444646e-02	313
5.680189462196691e-01	-5.707900928081621e-02	314
1.703648620733817e-01	-6.742056849964535e-02	315
6.146453261427574e-01	-5.303098242428570e-02	316
8.799935507345761e-01	-2.201106245911929e-02	317
2.233698155450175e-02	-3.511492602757678e-02	318
9.951648873394788e-01	-2.744812685805534e-03	319
6.282535813696867e-03	-2.202776429998183e-02	320
1.771621285770424e-02	3.137014529553549e-02	321
9.178850560630929e-01	-1.629775325985565e-02	322
9.491008837849948e-01	-1.129588798050726e-02	323
9.732158063917595e-01	-7.547855662559758e-03	324
-5.481640491869144e-04	1.133896900245055e-02	325
8.360238527998592e-01	-2.808974186528682e-02	326
2.477196548764687e-01	-7.036767208865130e-02	327
5.523197813691126e-01	-5.833840403080669e-02	328
7.327655872746005e-01	-4.086834428490039e-02	329
7.866847987438638e-01	-3.444191565464222e-02	330
1.147210662255803e-01	-6.184921131442959e-02	331
2.208053665171153e-01	-6.979669691787668e-02	332
5.836540280571312e-01	-5.577215903614206e-02	333
6.751042295360460e-01	-4.714282787857939e-02	334
5.311819465471736e-02	-4.861843360412501e-02	335
3.499485423777370e-03	-1.849210445046381e-02	336
1.332947572573540e-02	-2.880682568193536e-02	337
3.641920917110231e-01	-6.901768220845091e-02	338
1.825272983858028e-01	-6.818006842017169e-02	339
9.999282870618528e-01	-3.823858394822139e-04	340
2.341234842080457e-01	-7.013103174827945e-02	341
9.506272535928700e-02	-5.873354659758257e-02	342
3.044196350769462e-01	-7.036387598748997e-02	343
2.615595540592148e-01	-7.049440694276143e-02	344
4.575280079677297e-01	-6.479550893159429e-02	345
7.043460422812413e-01	-4.404077897525864e-02	346
-2.264407532665806e-03	3.709985684579841e-03	347
-5.681144217470240e-04	-1.117182983456742e-02	348
5.359911080257519e-01	7.419087909083874e-02	349
-1.830903797488358e-03	-8.473728239625784e-04	350
2.772365814584622e-02	3.684869240053858e-02	351
5.333956035037384e-02	4.592549563842967e-02	352
3.962532162403125e-02	4.167815693767468e-02	353
1.148890673084701e-01	5.680251257843620e-02	354
4.098088262144227e-01	7.253591127766786e-02	355
9.971366204653465e-01	2.076680554426319e-03	356
5.201618935586042e-01	7.425919858938212e-02	357
4.726559512182183e-01	7.391904150248353e-02	358
9.735522983817467e-01	9.723829429436982e-03	359
9.625142390881237e-01	1.290381406983936e-02	360
8.906926525156370e-01	3.000783749927693e-02	361
4.884729125413480e-01	7.411247190477080e-02	362
4.411037683971279e-01	7.333132118529749e-02	363
3.788790390924595e-01	7.158224640238865e-02	364
9.268996639442497e-01	2.171681143668479e-02	365
9.096148288163181e-01	2.567890101665494e-02	366
7.723768276001383e-02	5.126342729366923e-02	367
9.783613700810644e-01	8.274877360898080e-03	368
9.562861508367592e-01	1.458498105759185e-02	369
9.424735891032378e-01	1.805567225172872e-02	370
9.526578980145080e-02	5.423806752921463e-02	371
6.087945847200527e-02	4.782160174530201e-02	372
2.894996286266333e-01	6.817255637095253e-02	373
2.612378559342222e-01	6.691477124400796e-02	374
1.703769387567410e-01	6.182267896502393e-02	375
3.186178184401325e-01	6.937751613461494e-02	376
4.568538370372797e-01	7.365714014303336e-02	377
3.942944744130953e-01	7.207567300183058e-02	378
1.471348823743555e-01	6.000050652577965e-02	379
1.252750090019716e-01	5.793581684279533e-02	380
6.297530428041614e-01	7.120934384455697e-02	381
1.949110583287308e-01	6.343557501002756e-02	382
2.206347713480443e-01	6.490173769270888e-02	383
6.601696022461543e-01	6.905621511248736e-02	384
5.675443555946406e-01	7.372876597041099e-02	385
7.470556278986877e-01	5.886940386391093e-02	386
7.189546236893974e-01	6.284718139891969e-02	387
8.001019434094817e-01	4.961653010064097e-02	388
7.741480729973892e-01	5.440926989091555e-02	389
8.482204266419737e-01	3.959477417027384e-02	390
8.248341034968003e-01	4.461803222721923e-02	391
9.003557767123163e-01	2.779703393278369e-02	392
8.702062465224931e-01	3.467872565406077e-02	393
9.496077619218778e-01	1.630244224343653e-02	394
9.184650554954752e-01	2.365388709398926e-02	395
9.682690306633333e-01	1.127539778245073e-02	396
8.593970314092810e-01	3.711163862735054e-02	397
8.806448779726401e-01	3.230628753337226e-02	398
8.126291449972961e-01	4.713341004689019e-02	399
8.366975122651943e-01	4.210062176264688e-02	400
7.607388298950033e-01	5.669119525914604e-02	401
7.872693649803633e-01	5.204661185902534e-02	402
7.045467777998234e-01	6.463267745373294e-02	403
7.331205964521255e-01	6.092311549302512e-02	404
6.450337622011720e-01	7.021338095991435e-02	405
6.751384146736369e-01	6.773968279262507e-02	406
5.517939791793585e-01	7.402208391083295e-02	407
6.143601821864642e-01	7.205386190944207e-02	408
2.076343816131728e-01	6.418377443744187e-02	409
2.339025713322076e-01	6.559669644893075e-02	410
1.585871137375859e-01	6.093945430140928e-02	411
1.824974428884324e-01	6.265185349488950e-02	412
4.626134224025266e-02	4.387277544391928e-02	413
1.360343328567064e-01	5.900471616860643e-02	414
1.344347584613391e-02	2.841447798126763e-02	415
3.344307367540424e-02	3.933112643356623e-02	416
2.077559138012928e-01	-6.936336014135816e-02	417
3.552400052715837e-03	1.857617382685560e-02	418
9.620729816465886e-01	-9.284461602345528e-03	419
8.119823354210814e-01	-3.124590147712886e-02	420
3.339728057909288e-01	-6.984453681085905e-02	421
5.207686516589873e-01	-6.070409184540076e-02	422
1.254026195457133e-03	1.502187895420361e-02	423
2.249168980604771e-02	3.419488838350229e-02	424
6.354817245401309e-03	2.199938338302540e-02	425
8.604473260883587e-02	5.280484968826833e-02	426
6.884482282329471e-02	4.960421286769104e-02	427
2.752625623852936e-01	6.754874857519563e-02	428
1.048859486244737e-01	5.556733365689521e-02	429
9.826970061670036e-01	6.927352821720482e-03	430
9.865483254386085e-01	5.723889572323805e-03	431
3.039601104585949e-01	6.878584908681014e-02	432
9.899217298081930e-01	4.642503867091197e-03	433
9.928092174362383e-01	3.684371004424591e-03	434
3.334375135632827e-01	6.995536379821243e-02	435
3.635954907048931e-01	7.106580099313868e-02	436
9.349045456151301e-01	1.985442181788757e-02	437
9.999376595883189e-01	3.801158684139113e-04	438
9.985558475470230e-01	1.327040633108099e-03	439
9.994683310448023e-01	7.256231141970198e-04	440
6.299639610019105e-01	-5.160624373160805e-02	441
3.942242991087521e-02	-4.361357472455315e-02	442
9.952198376436324e-01	2.845882219108127e-03	443
5.043197737845012e-01	7.423070499341877e-02	444
1.218661958612012e-03	-1.487310395555053e-02	445
9.556780430685035e-03	-2.546107372699541e-02	446
6.862006297466504e-02	-5.306004375797325e-02	447
1.359176351286070e-01	-6.443429712582453e-02	448
2.756324375323375e-01	-7.053578493433404e-02	449
7.100319112784484e-02	5.890945357049612e-02	450
-4.349698354074331e-03	1.057296106707881e-02	451
-5.259659439311710e-03	6.039306027287395e-03	452
2.827486893717993e-01	-8.512987444480639e-02	453
6.986560732498988e-01	-5.966735880632530e-02	454
9.147906406379557e-01	-2.614014937689413e-02	455
4.744708268110549e-03	-2.672426924097930e-02	456
5.762795467508730e-01	8.924165044836575e-02	457
6.840170294766837e-01	-6.140791695149296e-02	458
7.817428275018623e-01	-4.863367669151689e-02	459
9.889704213090427e-01	-8.085135498373263e-03	460
3.268132460760574e-01	-8.520471067393222e-02	461
8.546524684934468e-01	-3.723647079552332e-02	462
8.316553017027815e-01	-4.102592018647184e-02	463
8.843794067655213e-02	-6.711752231310320e-02	464
-4.387085022333389e-03	-1.043637570621080e-02	465
2.137095179513275e-01	-8.293288284739810e-02	466
1.236055019953979e-02	-3.437223398549712e-02	467
9.600456567888324e-01	-1.628579649962167e-02	468
1.515816652761670e-01	-7.772335020889203e-02	469
7.130936492699838e-01	-5.788695014979769e-02	470
6.542013819054407e-01	-6.478336561408654e-02	471
4.505579029140191e-01	-8.133118257044449e-02	472
7.928931647927032e-02	-6.483796140756533e-02	473
3.878288104468870e-01	-8.397278322245848e-02	474
8.963054658450996e-01	-2.976937422251229e-02	475
7.946700717811411e-01	-4.674600054303674e-02	476
4.912302200371346e-03	2.657382834776461e-02	477
1.720384517525314e-02	3.721060345301606e-02	478
6.691843773959102e-01	8.325276082856604e-02	479
8.447158217818886e-01	5.248283677497480e-02	480
1.083173669172181e-01	6.651743604034592e-02	481
6.841832548041052e-01	8.166816448075684e-02	482
1.634292488940124e-01	7.364659572342090e-02	483
8.776078612741063e-01	4.412305287879802e-02	484
9.892742069361403e-01	8.649893778650513e-03	485
3.407068118326518e-01	8.577704811046243e-02	486
5.127507280459407e-01	9.026091409054571e-02	487
9.545917021911050e-01	2.217039446782149e-02	488
8.878113694623574e-01	4.141727916482518e-02	489
9.922968905820190e-01	7.089188966412298e-03	490
9.609657168404154e-01	2.001272614808345e-02	491
9.817637186533298e-01	1.204361435849394e-02	492
2.400624123299642e-01	8.005616359745231e-02	493
3.257505295922397e-01	8.504671752129386e-02	494
2.265977649494900e-01	7.909871343445751e-02	495
9.839138456788382e-02	6.479365005421799e-02	496
6.691908059499814e-01	-6.311626463237138e-02	497
2.006783613525135e-01	-8.214397916934325e-02	498
8.508882539935822e-03	3.025620951879631e-02	499
1.403468815522790e-01	7.101530079690174e-02	500
4.739401776236953e-02	5.192337838249252e-02	501
9.723091185952715e-01	1.586542370601387e-02	502
9.948500183841232e-01	5.715861883247994e-03	503
8.976166596536029e-01	3.877426375622373e-02	504
1.633709066710531e-01	-7.903102643282889e-02	505
1.000207819781691e+00	2.285115309034758e-04	506
9.985470673649190e-01	3.023102475607392e-03	507
9.969412068744262e-01	4.372726855076676e-03	508
1.835095916030724e-03	2.273917351971136e-02	509
-2.800534078879961e-03	1.471908388180667e-02	510
1.705214392807880e-03	-2.275644791705986e-02	511
-4.451923720340919e-03	-1.856548868755678e-03	512
-3.495605303915608e-03	3.312212332605327e-05	513
1.691854331814313e-02	-3.799764754071851e-02	514
1.000201566856339e+00	-2.373708787785508e-04	515
6.226478973482887e-02	-5.984163257895191e-02	516
9.984693181863528e-01	-2.976530412129543e-03	517
9.946861659517001e-01	-5.518331699939449e-03	518
4.176884471995451e-01	8.877150192707968e-02	519
5.456899284165487e-01	-7.502385275020425e-02	520
9.853478316830575e-01	-9.384884613173435e-03	521
8.762392998132787e-01	-3.348017091974895e-02	522
5.920289697993624e-01	8.863646555414505e-02	523
9.920736805656112e-01	-6.746266957136297e-03	524
-5.276039831217304e-03	-5.924835541112883e-03	525
4.347689935660977e-01	-8.211456244274655e-02	526
4.020648982618953e-01	8.827198544140742e-02	527
8.433199082863631e-01	-3.913502255905888e-02	528
2.819386108477367e-01	8.266782198868433e-02	529
8.656280455597649e-01	-3.534735360355079e-02	530
8.864685515129038e-01	-3.161638816770233e-02	531
7.056288715394235e-02	-6.241275035917224e-02	532
9.057530149192486e-01	-2.794585609642451e-02	533
9.234144373191877e-01	-2.436746204335376e-02	534
9.467046542782973e-01	-1.933152534345627e-02	535
2.751456695007668e-02	-4.495717166991246e-02	536
9.535974213030184e-01	-1.777821659205207e-02	537
9.660463385895637e-01	-1.485060625722105e-02	538
9.812576694261060e-01	-1.074939251821499e-02	539
1.290549890092862e-01	-7.473143402417450e-02	540
7.550446439343554e-01	-5.239875619130303e-02	541
7.685349976193451e-01	-5.051802078601247e-02	542
9.968248585200101e-01	-4.268640889800513e-03	543
4.664048489151481e-01	-8.046611247280064e-02	544
4.822665736140476e-01	-7.951799359796195e-02	545
4.981385692902134e-01	-7.850069948305725e-02	546
2.196033495378045e-02	-4.155895293895218e-02	547
4.033924384182629e-01	-8.344392272614720e-02	548
4.190428294480121e-01	-8.282330391542841e-02	549
3.418378830577770e-01	-8.504024607245081e-02	550
4.002446806789268e-02	-5.133882634731069e-02	551
9.316145519170633e-01	-2.263231845259991e-02	552
9.393748773015766e-01	-2.094721764125590e-02	553
1.401475909426743e-01	-7.629227157313416e-02	554
9.800438269517274e-02	-6.925654027109991e-02	555
5.614734645928660e-01	-7.375102376333256e-02	556
6.083437327502336e-01	-6.950088177410373e-02	557
9.715795338862065e-01	-1.345757339463381e-02	558
9.766455884395302e-01	-1.210115881785773e-02	559
7.273129507925825e-01	-5.607703767100543e-02	560
7.412928476714477e-01	-5.425241936492327e-02	561
1.079646905281919e-01	-7.124530136836739e-02	562
1.183319919176468e-01	-7.306538135691587e-02	563
5.771840792389560e-01	-7.239599415481320e-02	564
5.928111498182068e-01	-7.097712388220673e-02	565
4.696492075906405e-02	-5.434279534782625e-02	566
5.440369103135084e-02	-5.718113344724685e-02	567
8.302451341873938e-03	-3.058027963806031e-02	568
3.570420062466689e-01	-8.478277323779972e-02	569
3.723764090502257e-01	-8.442021009161665e-02	570
1.755037125370112e-01	-8.020172452749312e-02	571
1.879418137860418e-01	-8.123725978953582e-02	572
2.270030887784590e-01	-8.360795010186910e-02	573
2.405721117772093e-01	-8.416899352674305e-02	574
2.972391181521010e-01	-8.526284999359673e-02	575
3.119475897985612e-01	-8.528696724201724e-02	576
2.544175676767257e-01	-8.460025838897230e-02	577
-4.445386832959340e-03	1.937032800649597e-03	578
-8.319853579246923e-04	-1.871255609209420e-02	579
4.043465002574174e-02	4.927882306475842e-02	580
9.857454322253578e-01	1.026394379402763e-02	581
5.286719224037437e-01	9.018459901260120e-02	582
4.968229688454965e-01	9.022909163331444e-02	583
4.809185185452914e-01	9.009752730337971e-02	584
4.650376885376735e-01	8.988393576138004e-02	585
9.772651696744055e-01	1.391355077114233e-02	586
9.668778842477487e-01	1.790669767331200e-02	587
9.246104088496876e-01	3.127442283728240e-02	588
4.491835475526369e-01	8.958274447587071e-02	589
4.333990471416643e-01	8.920692088340373e-02	590
3.865384506439841e-01	8.771291335581755e-02	591
9.160273153511780e-01	3.370195861042001e-02	592
9.477600196190261e-01	2.436934487509809e-02	593
6.270730096597928e-02	5.669332313132407e-02	594
5.484300795015955e-02	5.439517064970191e-02	595
2.538037770414994e-01	8.096257464347376e-02	596
2.677605305447691e-01	8.181776016979436e-02	597
1.517143942649225e-01	7.236362013479597e-02	598
1.293130445269792e-01	6.959085659247785e-02	599
1.186408976933158e-01	6.810934175780628e-02	600
7.959159620975678e-01	6.363039963999979e-02	601
7.421021817203873e-01	7.370991551690598e-02	602
7.279749713748280e-01	7.592266878762767e-02	603
7.829063467506833e-01	6.628987545230461e-02	604
8.330372224364959e-01	5.529296485579780e-02	605
9.070286639089377e-01	3.620433956405542e-02	606
8.670145224917721e-01	4.686961847665803e-02	607
8.560490334968970e-01	4.966434413870800e-02	608
8.210072045046676e-01	5.810790281306114e-02	609
8.086238268654907e-01	6.089899510396150e-02	610
7.695976131666521e-01	6.886910984975646e-02	611
7.559886481622486e-01	7.135448121885261e-02	612
7.135973961990614e-01	7.799943123546364e-02	613
6.989934038058387e-01	7.991928371553572e-02	614
6.540242716944008e-01	8.466547799294591e-02	615
6.387004125635375e-01	8.590204978600371e-02	616
5.604577054632457e-01	8.969988212278783e-02	617
5.445753234645866e-01	9.000101069418533e-02	618
6.232577378398698e-01	8.697014120765344e-02	619
6.076961399890474e-01	8.788124447297339e-02	620
2.134063788348832e-01	7.810459669856648e-02	621
2.004739659285900e-01	7.707143838497538e-02	622
1.878308673548296e-01	7.599297096388408e-02	623
1.754804414860637e-01	7.485466904074883e-02	624
1.260771351160512e-02	3.383375436726790e-02	625
3.391887818845989e-02	4.648119712414206e-02	626
2.787157419889839e-02	4.357701492250307e-02	627
8.073143694099255e-01	-4.484792776240445e-02	628
8.196530481699679e-01	-4.293501813292627e-02	629
5.140172781060183e-01	-7.740640343528309e-02	630
5.298710600253530e-01	-7.624238634924313e-02	631
-7.369455241866416e-04	1.878644716780088e-02	632
2.228397208372520e-02	4.048956549439694e-02	633
8.885079944432572e-02	6.295115138342257e-02	634
7.971982594266940e-02	6.099334159924264e-02	635
3.109610181662393e-01	8.429439082644202e-02	636
2.963374639589599e-01	8.349971701099533e-02	637
3.711313736742679e-01	8.711252928593773e-02	638
3.558498489682639e-01	8.647233752274833e-02	639
9.404817402354566e-01	2.661054978508645e-02	640
9.327677733342020e-01	2.891226259725408e-02	641
6.237584649356335e-01	-6.797292219752975e-02	642
6.390436472899799e-01	-6.640193210955446e-02	643
3.353360579673516e-02	-4.819226997231159e-02	644
-2.864331584522635e-03	-1.459508717626031e-02	645
2.684741819089831e-01	-8.490506847453230e-02	646
-8.368283451780282e-03	-8.903386514665372e-03	647
3.962000517603497e-01	-1.013570054501290e-01	648
2.897605460558103e-01	-1.015823217893354e-01	649
7.903018823785545e-01	-6.241798322275652e-02	650
5.391792687788378e-01	-9.356764777319390e-02	651
9.210542446503770e-01	-3.511872771492045e-02	652
9.923816327815258e-01	1.108481141599147e-02	653
9.891792503660934e-01	1.330845881650330e-02	654
9.661053979875166e-01	2.552203290653371e-02	655
-3.038562398471760e-03	2.301889320856439e-02	656
9.949812381659078e-01	9.086348429970064e-03	657
9.995012651141012e-01	1.761163248929921e-03	658
1.000206095427900e+00	5.389793190048838e-04	659
9.987392169773802e-01	-5.011290369610876e-03	660
1.000463080923738e+00	-8.606360776146776e-06	661
1.575069627472915e-02	-4.476660530327664e-02	662
-7.816020132647880e-03	3.376471224132132e-03	663
9.060438755137894e-02	-7.866584100722904e-02	664
9.294381675673744e-01	-3.289297192679970e-02	665
9.919558111951507e-01	-1.062186645857072e-02	666
5.694168948800723e-01	1.071088138631441e-01	667
9.994551385696411e-01	-1.749515183794512e-03	668
-4.511702304605413e-04	-2.752018500897749e-02	669
7.078647701827251e-01	-7.519550162003408e-02	670
-5.457629706484756e-03	-1.844799424945931e-02	671
7.222227458299875e-01	-7.315549921489155e-02	672
1.099058464494002e-02	-4.060616740085152e-02	673
8.730006480822805e-01	-4.650666774997531e-02	674
2.862017009064553e-03	-3.196081443202051e-02	675
3.344630259785680e-01	-1.021547265107531e-01	676
8.622323340251220e-01	-4.879794734759330e-02	677
6.932842911022998e-01	-7.718182067682434e-02	678
9.946592314303183e-01	-8.803540410426204e-03	679
6.598582686827370e-03	-3.635205329313584e-02	680
9.814250380405466e-01	1.794721976933835e-02	681
5.213890372381791e-01	1.080635229094055e-01	682
9.535240720737845e-01	3.087652771477933e-02	683
6.634414590140750e-01	1.006991309288939e-01	684
9.972035711006529e-01	7.113529779655945e-03	685
5.053573159588524e-01	1.081295659051973e-01	686
2.740816898996032e-01	9.854949219788239e-02	687
3.327736379022086e-01	1.025931887337787e-01	688
1.559320605688132e-01	8.637612216031200e-02	689
6.404687234173158e-02	6.681259953652059e-02	690
1.000057861732502e+00	1.034967368377444e-03	691
-7.183128757194379e-03	-1.384540492640435e-02	692
-7.097251735402110e-03	1.396292036617183e-02	693
1.138469271138928e-02	3.993959829986128e-02	694
-8.321801012475823e-03	9.031167854252732e-03	695
9.647916323533438e-01	-2.236491638450417e-02	696
8.110806958021020e-02	-7.593554357239367e-02	697
-5.846768534721140e-03	4.403865616689302e-05	698
1.557946611861989e-01	-9.154261911242646e-02	699
4.594751056477659e-01	-9.886337741384188e-02	700
2.111268015008343e-02	-4.887838129660686e-02	701
3.142576506372789e-03	3.170091542353884e-02	702
8.417428614968611e-01	6.696615270456818e-02	703
7.921794266548553e-01	7.937868016454047e-02	704
6.786558263940660e-01	9.899579909696786e-02	705
9.855850571750908e-01	1.553198348451482e-02	706
9.600482694711117e-01	2.817489761534966e-02	707
8.954996482632427e-01	5.118465359254329e-02	708
8.855302273054975e-01	5.429471286805563e-02	709
3.178325852852396e-01	1.016653235780449e-01	710
2.884359563820432e-01	9.963671195947466e-02	711
2.323063198331079e-01	9.510057941449894e-02	712
1.010693319983634e-01	7.683077014052841e-02	713
6.635707301397255e-01	-8.099707907347019e-02	714
6.785192223991486e-01	-7.911480461441417e-02	715
2.061416286037084e-01	-9.722383423545929e-02	716
6.936555834505555e-03	3.590770152984004e-02	717
1.442805757756468e-01	8.463506274850623e-02	718
9.767872232211388e-01	2.039966383078283e-02	719
9.988966862030968e-01	5.079639996428209e-03	720
-2.249347368069879e-04	2.740976550062652e-02	721
-5.330099004053107e-03	1.852430982005667e-02	722
-3.213372356008489e-03	-2.301776312529710e-02	723
-7.829949284511285e-03	-3.268992662102720e-03	724
2.702776734781548e-02	-5.270192269066135e-02	725
1.000190998306031e+00	-5.482306056131647e-04	726
1.000028926729386e+00	-1.039552480176044e-03	727
9.705220128591349e-01	-2.037036683250537e-02	728
9.886203796331511e-01	-1.258194212429433e-02	729
5.853311335962605e-01	1.064584621208743e-01	730
4.435591366316001e-01	-9.963504872881902e-02	731
4.098646284274999e-01	1.063278673063317e-01	732
8.395866179296912e-01	-5.338752239236980e-02	733
8.510898499019112e-01	-5.110117414801840e-02	734
8.834138516806197e-01	-4.421323236239919e-02	735
8.934231410696437e-01	-4.191818133790315e-02	736
6.339610877737552e-02	-7.000522167210597e-02	737
7.203505215767428e-02	-7.304974170123649e-02	738
9.030332311880458e-01	-3.963947953033332e-02	739
9.122555832110740e-01	-3.736982265091310e-02	740
9.519673338560226e-01	-2.645200261189514e-02	741
9.586056039293027e-01	-2.438879668625855e-02	742
9.848851424181483e-01	-1.447219707925581e-02	743
7.638796423661435e-01	-6.681106348374276e-02	744
7.772328966567780e-01	-6.462023821858046e-02	745
9.969715980241580e-01	-6.960070171290291e-03	746
4.754285709565598e-01	-9.798759846986489e-02	747
4.913761018591964e-01	-9.701744555932329e-02	748
4.119182456715016e-01	-1.008918495232278e-01	749
4.277113855230533e-01	-1.003128215193583e-01	750
3.330850177877139e-02	-5.646114170316408e-02	751
9.373878862176661e-01	-3.069686652480433e-02	752
9.448882809141707e-01	-2.855181434134376e-02	753
1.326252556095198e-01	-8.781775966205414e-02	754
1.440364152835388e-01	-8.974868726477438e-02	755
5.550420657308823e-01	-9.230930920998509e-02	756
5.708796824549253e-01	-9.092224979453163e-02	757
9.757696556053592e-01	-1.840914506169062e-02	758
9.805658446760772e-01	-1.645936459855296e-02	759
7.363370907880676e-01	-7.108346881167035e-02	760
7.502300362499058e-01	-6.897300302237265e-02	761
1.005209069397916e-01	-8.123828743607890e-02	762
1.108678071346373e-01	-8.363884758978304e-02	763
1.215973037870059e-01	-8.575599177260633e-02	764
5.866162821063502e-01	-8.944413230886263e-02	765
6.022564636488701e-01	-8.788555817227917e-02	766
4.010198584723709e-02	-6.012248710925557e-02	767
4.742398627985741e-02	-6.363981489178511e-02	768
5.525121695030211e-02	-6.685613877639354e-02	769
3.496918778785837e-01	-1.021285002153732e-01	770
3.650903037830212e-01	-1.019810074411490e-01	771
3.805906051289175e-01	-1.017169520299973e-01	772
1.679208459036343e-01	-9.319323559756970e-02	773
1.803683748996915e-01	-9.468597106954099e-02	774
1.931123671460647e-01	-9.602555155849857e-02	775
2.194435917946843e-01	-9.829289575287628e-02	776
2.330159236464120e-01	-9.923164212030804e-02	777
3.044954916880765e-01	-1.018976664965879e-01	778
3.194145965748407e-01	-1.020817457177196e-01	779
2.468835200526754e-01	-1.000326957270655e-01	780
4.072039632575838e-02	5.796475525521632e-02	781
4.893365066352471e-01	1.080777953631390e-01	782
4.733539615742016e-01	1.079218351898171e-01	783
9.716926354890328e-01	2.292171575781761e-02	784
4.573804615695704e-01	1.076640612115760e-01	785
4.414605615315637e-01	1.073023100619363e-01	786
4.256262338500694e-01	1.068561512660449e-01	787
3.941954738371813e-01	1.057128035384366e-01	788
9.229564143227379e-01	4.215802977845332e-02	789
5.589985440746354e-02	6.400144960489502e-02	790
4.806493941751364e-02	6.113461179003838e-02	791
2.599632814834690e-01	9.743875035652652e-02	792
2.460113958776851e-01	9.633474421779402e-02	793
1.329641615342887e-01	8.281209303866496e-02	794
1.220169417400313e-01	8.090664710583802e-02	795
1.113587415773549e-01	7.899162042734612e-02	796
7.374890205060279e-01	9.039882674038326e-02	797
9.142243563086225e-01	4.511483559097029e-02	798
9.050603498002515e-01	4.812705435365587e-02	799
8.751455008383762e-01	5.743528692421552e-02	800
8.643950861639302e-01	6.059559143695416e-02	801
8.532588224956378e-01	6.378593242731256e-02	802
8.298964910248083e-01	7.012302415171624e-02	803
8.176734629863921e-01	7.327044838970426e-02	804
8.050838043574099e-01	7.636458455145376e-02	805
7.789689812247451e-01	8.230386090438328e-02	806
7.654457409727496e-01	8.513530380072554e-02	807
7.516001953673578e-01	8.784578930985101e-02	808
7.231389477377639e-01	9.279951714040476e-02	809
7.085291875965959e-01	9.504634790979510e-02	810
6.936871609206191e-01	9.711260381958894e-02	811
6.480555731245891e-01	1.022095399722890e-01	812
5.534168540814289e-01	1.075884414162508e-01	813
5.374069550799805e-01	1.078714957192504e-01	814
6.325365648719165e-01	1.035301289205301e-01	815
6.169068861259074e-01	1.046742022646958e-01	816
6.011638279932133e-01	1.056493451636342e-01	817
2.188941348443854e-01	9.380897355600422e-02	818
2.057475312009853e-01	9.246424302487630e-02	819
1.928656631568372e-01	9.106428254216155e-02	820
1.802594808775553e-01	8.959250955861206e-02	821
1.679399684118392e-01	8.803253690607173e-02	822
3.389380259223444e-02	5.463896686272458e-02	823
2.757358830523421e-02	5.119829803193258e-02	824
8.030955848907934e-01	-6.019446124206339e-02	825
8.156032139543996e-01	-5.793716822291205e-02	826
8.277726052102813e-01	-5.565929886044209e-02	827
5.073378452376113e-01	-9.595509265945028e-02	828
5.232825779387817e-01	-9.479972500849343e-02	829
2.161545312144745e-02	4.768032243356045e-02	830
1.619987509607615e-02	4.385172281920571e-02	831
9.119625160485503e-02	7.452873893968083e-02	832
8.173101492934171e-02	7.209442457421891e-02	833
7.267755602666015e-02	6.952522811807139e-02	834
3.030355810085161e-01	1.006834768082362e-01	835
3.786488032327029e-01	1.050294161587632e-01	836
3.632215875646282e-01	1.042905804792017e-01	837
3.479071682566287e-01	1.034772789020639e-01	838
9.465453391416334e-01	3.361691302682834e-02	839
9.391349286967219e-01	3.640457806936060e-02	840
9.312667051068688e-01	3.925583818473442e-02	841
6.177842175135038e-01	-8.625607382810996e-02	842
6.331783463502780e-01	-8.456522857764677e-02	843
6.484465797915052e-01	-8.281473190818961e-02	844
2.609927162610356e-01	-1.006258527980272e-01	845
2.752618354780717e-01	-1.011531629986015e-01	846
-1.171877473430093e-02	-1.233300601364764e-02	847
9.219275162543898e-02	-9.176715518410496e-02	848
9.995855651813459e-01	7.388577630842211e-03	849
9.861290729598381e-01	2.150005612875251e-02	850
5.487057271438077e-01	-1.129157442309032e-01	851
-1.186850025371315e-02	5.827788837390111e-03	852
9.994511893092957e-01	-3.879897596416811e-03	853
9.279913314337683e-01	-4.453968344628435e-02	854
9.361374400709349e-01	-4.177290797004248e-02	855
2.584986551563137e-02	-6.140728635180240e-02	856
9.957505762401409e-01	1.284965963211486e-02	857
4.979442423360427e-01	1.280571968672935e-01	858
-1.035730143613146e-02	-1.766682840118144e-02	859
4.901247740687406e-03	4.230723336081121e-02	860
-3.060933331064043e-03	-3.286460099037797e-02	861
9.661205357684626e-01	3.415732215649309e-02	862
9.979247201525991e-01	1.020619433178768e-02	863
-1.020629035219454e-02	1.775806382042614e-02	864
6.579423952013795e-01	1.202962095851135e-01	865
-8.268951848777528e-03	2.278522702592565e-02	866
1.000503329721565e+00	3.476877361829707e-04	867
1.000492865131791e+00	-3.659931861975227e-04	868
7.994449415672894e-01	-7.747408241520638e-02	869
1.595958693577119e-01	-1.071805900685329e-01	870
1.396833290867152e-02	-5.238545669858422e-02	871
4.046224063162610e-01	-1.208504543687856e-01	872
8.232682426251453e-02	-8.851553820375055e-02	873
4.524864590989036e-01	-1.192404605421896e-01	874
2.966363286745757e-01	-1.200973533996414e-01	875
9.898247055885074e-01	1.854569471786950e-02	876
5.626217266872726e-01	1.271326831309008e-01	877
9.599217634236265e-01	3.743851367857860e-02	878
9.532516544434263e-01	4.075814866783895e-02	879
7.890268644161487e-01	9.710387939821290e-02	880
1.477176112555978e-01	1.000265717897244e-01	881
2.658180031501620e-01	1.159196691985436e-01	882
9.923925184468371e-01	-1.507116387704261e-02	883
5.626963196152404e-02	7.488991669214874e-02	884
8.704439095683497e-01	-6.124323851283401e-02	885
9.995717985098507e-01	3.911343226524297e-03	886
9.930692507294063e-01	1.561471689383817e-02	887
9.993255544177447e-01	-7.312844458292675e-03	888
9.756199466012986e-01	-2.565468584830712e-02	889
8.951576014521862e-03	-4.755023418726399e-02	890
7.030424203080538e-01	-9.459676101483661e-02	891
-6.055117701931050e-03	-2.782848663387971e-02	892
7.175787334830365e-01	-9.230674816460338e-02	893
7.318512235876240e-01	-8.997422708556338e-02	894
4.418054860279917e-03	-4.285814903507443e-02	895
9.952321457222675e-01	-1.251543402674661e-02	896
3.747356099937261e-04	-3.776238807581551e-02	897
8.394425653335139e-01	8.322105365932839e-02	898
5.141292558987185e-01	1.280145825895083e-01	899
3.095438507137540e-01	1.199231029589645e-01	900
-1.162236474036316e-02	1.246043828542717e-02	901
7.818337402699747e-04	3.741028218948533e-02	902
6.734059492868628e-01	1.185156470406500e-01	903
8.941513510057393e-01	6.515977523408646e-02	904
3.245262175381234e-01	1.211073308376112e-01	905
2.947165159199346e-01	1.186502796385648e-01	906
2.801357127588789e-01	1.173057437317016e-01	907
6.733927504223665e-01	-9.893939074132414e-02	908
6.883104963565541e-01	-9.679498633597730e-02	909
9.818283253896504e-01	2.462310320632047e-02	910
-2.722561892668388e-03	3.266968457586161e-02	911
-5.784150198025988e-03	2.776174968814486e-02	912
-8.476993267614188e-03	-2.275745256478752e-02	913
-1.190303201771115e-02	-5.696086530136028e-03	914
1.974705699681213e-02	-5.715560023950823e-02	915
9.701919318618129e-01	-2.829973806223313e-02	916
9.889650100240028e-01	-1.772067394233253e-02	917
5.787499244168082e-01	1.264418405728857e-01	918
8.481599331467121e-01	-6.676614909881413e-02	919
8.595025092514157e-01	-6.400910335539226e-02	920
8.810300405269998e-01	-5.847623604215570e-02	921
8.912428712606411e-01	-5.568297032683761e-02	922
6.390365827849076e-02	-8.150473882728586e-02	923
7.289696165639338e-02	-8.509708747688242e-02	924
9.010301531971540e-01	-5.289273632121606e-02	925
9.104299339153695e-01	-5.010639677425745e-02	926
9.194237140260190e-01	-4.731589096721205e-02	927
9.579070745500544e-01	-3.363876033795204e-02	928
9.642791119714763e-01	-3.096229875592777e-02	929
7.732697735691594e-01	-8.260569312123477e-02	930
7.864964439454610e-01	-8.004599525731469e-02	931
9.975428124052904e-01	-1.002090259506195e-02	932
4.685571408077387e-01	-1.184668174201114e-01	933
4.846330500358331e-01	-1.175673413303359e-01	934
4.205293760287771e-01	-1.204396321627842e-01	935
4.364810455098935e-01	-1.198953501947023e-01	936
9.438254212521165e-01	-3.903469621806933e-02	937
9.510771868973693e-01	-3.633124109225320e-02	938
1.357175786674428e-01	-1.026255145485412e-01	939
1.474689696819251e-01	-1.049789475830842e-01	940
5.647147181008854e-01	-1.115537391937912e-01	941
9.805700743054369e-01	-2.302319636458982e-02	942
9.850778044647720e-01	-2.032904276754260e-02	943
7.458983212059601e-01	-8.758538736255375e-02	944
7.597303347590805e-01	-8.512579133320640e-02	945
1.025164485715579e-01	-9.483755766031558e-02	946
1.133810499675483e-01	-9.765714443952284e-02	947
1.243370625471697e-01	-1.001232334625615e-01	948
5.806155780017758e-01	-1.100367112308639e-01	949
5.964019036413736e-01	-1.083959533065294e-01	950
3.241053872841773e-02	-6.578822476471573e-02	951
3.955619553481757e-02	-7.007168785844688e-02	952
4.738963701267897e-02	-7.417715582155837e-02	953
5.542125293763867e-02	-7.778522405081288e-02	954
3.420485598143165e-01	-1.212037488137076e-01	955
3.575243406672881e-01	-1.213165683211190e-01	956
3.731309904661722e-01	-1.212817282931179e-01	957
3.888169680265695e-01	-1.211243151261168e-01	958
1.720828157479219e-01	-1.092103191670362e-01	959
1.848736673928880e-01	-1.110603196659340e-01	960
1.979440541002158e-01	-1.127375710025838e-01	961
2.112792820190718e-01	-1.142625844830595e-01	962
2.248896732670414e-01	-1.156425186167693e-01	963
3.267741995036461e-01	-1.209630543166900e-01	964
3.116395314627327e-01	-1.206038022398231e-01	965
2.387954838392867e-01	-1.168674268258518e-01	966
4.818394933239131e-01	1.279706276700535e-01	967
9.770795484395395e-01	2.773849866061725e-02	968
9.718473363419862e-01	3.091851089010967e-02	969
4.657283673618067e-01	1.277774683306368e-01	970
4.496358096688000e-01	1.274495700021050e-01	971
4.336315161809334e-01	1.270007562788704e-01	972
4.177083412472227e-01	1.264497810513945e-01	973
4.018577196159407e-01	1.257857762024662e-01	974
4.823346607819150e-02	7.160351979650163e-02	975
4.037992423458384e-02	6.783993718278263e-02	976
2.517390137117987e-01	1.145783890732897e-01	977
2.377048735193287e-01	1.130910793292430e-01	978
1.361023292764266e-01	9.775569106792957e-02	979
1.248402516811154e-01	9.538875534113501e-02	980
1.139810116542614e-01	9.309987893170721e-02	981
1.032016548950794e-01	9.050145418092170e-02	982
9.221081143846909e-01	5.446087288183835e-02	983
9.132063302029686e-01	5.800009832434130e-02	984
9.038808418157939e-01	6.156525952811847e-02	985
8.839788626764770e-01	6.878176588638066e-02	986
8.734181007527584e-01	7.239228302964040e-02	987
8.624920787316087e-01	7.601193771803066e-02	988
8.511575804424615e-01	7.964911747716491e-02	989
8.274074578311553e-01	8.678190252815847e-02	990
8.149527739080018e-01	9.030082922616850e-02	991
8.021339565834951e-01	9.372595257053637e-02	992
7.755659490238349e-01	1.003020003076241e-01	993
7.617860458741991e-01	1.034618721805468e-01	994
7.476574340612445e-01	1.063804582467641e-01	995
7.333046828646675e-01	1.092037110662609e-01	996
7.186892191160530e-01	1.117734194228675e-01	997
7.037956980365361e-01	1.142551469120847e-01	998
6.887028437533199e-01	1.164360975403030e-01	999
5.302449699377697e-01	1.278683915713782e-01	1000
5.464094290178353e-01	1.275670993095506e-01	1001
6.422895563529408e-01	1.219513843608823e-01	1002
6.265767646098936e-01	1.233151052518738e-01	1003
6.106977330147545e-01	1.245699308295665e-01	1004
5.947884221920492e-01	1.255589308930948e-01	1005
2.240236041085091e-01	1.114782202998978e-01	1006
2.106329257389562e-01	1.097919352022653e-01	1007
1.975060890886653e-01	1.080401063612028e-01	1008
1.846291050200978e-01	1.062089927840093e-01	1009
1.720151248404143e-01	1.042677211691788e-01	1010
1.596914902144966e-01	1.022053078318532e-01	1011
3.319623880290531e-02	6.388225615845398e-02	1012
2.658690600851161e-02	5.980933697745446e-02	1013
8.121323541014672e-01	-7.484160773767537e-02	1014
8.244991065984939e-01	-7.216750289587891e-02	1015
8.364899514220309e-01	-6.947446225246676e-02	1016
5.007061912727379e-01	-1.165506217851502e-01	1017
5.167761241209505e-01	-1.154241801312706e-01	1018
5.327932288904169e-01	-1.141807259131266e-01	1019
2.043426642309621e-02	5.584671806476757e-02	1020
1.459028779828376e-02	5.136475011399348e-02	1021
9.502520104742111e-03	4.678046861477349e-02	1022
9.294215013516856e-02	8.767964442004800e-02	1023
8.312273922183733e-02	8.470040814346902e-02	1024
7.372462721775064e-02	8.157454928119497e-02	1025
6.474904042357464e-02	7.829167521872568e-02	1026
3.861318999796106e-01	1.250206888057239e-01	1027
3.705393781508858e-01	1.241829712892776e-01	1028
3.550332429018562e-01	1.232573567136363e-01	1029
3.396715346995714e-01	1.222243512320659e-01	1030
9.305680522739100e-01	5.096611643965122e-02	1031
9.461465864884816e-01	4.410573546153134e-02	1032
9.385932053089445e-01	4.750836542233680e-02	1033
6.120706316917455e-01	-1.066738134664183e-01	1034
6.276063341942854e-01	-1.048543885720762e-01	1035
6.430052125841461e-01	-1.029723622875829e-01	1036
6.582807439397406e-01	-1.009946293333361e-01	1037
2.530548387470579e-01	-1.178800520428439e-01	1038
2.673425849715038e-01	-1.186792993250710e-01	1039
2.818635275182720e-01	-1.194469681896582e-01	1040
1.550247206431427e-03	-5.000742288095181e-02	1041
9.999548557475765e-01	9.514919628653645e-03	1042
9.763517586014885e-01	-3.381249183190747e-02	1043
1.000476192787898e+00	7.866517418463395e-04	1044
-2.730337488219736e-03	-4.424932542811753e-02	1045
7.350348185221662e-01	-1.098178104707462e-01	1046
9.306531671969989e-02	-1.065784906056379e-01	1047
-6.340454629402191e-03	-3.873599766654548e-02	1048
9.874934276381065e-01	2.810927464952702e-02	1049
-1.192964868524407e-02	-2.749019716593963e-02	1050
1.767610052012319e-02	-6.630635887663805e-02	1051
1.628794443149941e-01	-1.248237777320541e-01	1052
1.385855520741994e-01	1.145728044834862e-01	1053
-2.185471247991741e-03	4.381944929147927e-02	1054
-1.162861284130272e-02	2.747409001327541e-02	1055
-1.598402342481768e-02	9.259071763715742e-03	1056
-8.202544394908758e-03	8.877321855247326e-04	1057
-8.206514182880908e-03	-7.824857609328717e-04	1058
-1.178088117834840e-02	1.327879685845648e-03	1059
-1.392673180851379e-02	-2.186435567498036e-02	1060
9.995927434950749e-01	-9.424392510417075e-03	1061
3.157758855202852e-01	1.414233738871188e-01	1062
9.814326357385436e-01	-3.039654464857875e-02	1063
9.964068148331426e-01	-1.661932723216445e-02	1064
9.436943733624736e-01	-5.083992969955391e-02	1065
8.029336664731257e-01	-9.537711914838087e-02	1066
4.131125029427355e-01	-1.426831860044733e-01	1067
9.991755511702928e-01	1.349261143914636e-02	1068
9.308678395894080e-01	6.410921393877465e-02	1069
9.539755781158387e-01	5.184118305430074e-02	1070
5.477750868184621e-01	1.497184674556653e-01	1071
5.151007935035344e-01	1.501316393200696e-01	1072
6.606802572768082e-01	1.412144816255779e-01	1073
7.796454512494628e-01	1.186429544301652e-01	1074
4.905920403874275e-01	1.501926136249230e-01	1075
5.505626567959884e-01	-1.351926921339410e-01	1076
3.310110769509546e-01	1.428773673644502e-01	1077
9.971521811728389e-01	1.696503210493214e-02	1078
8.277522584921601e-02	-1.027175156121023e-01	1079
1.000362385880902e+00	1.843638098813701e-03	1080
9.912719457587115e-01	2.430168621984997e-02	1081
-1.178887819251240e-02	-1.202795102384811e-03	1082
1.000452545341061e+00	-8.038218142754802e-04	1083
1.000305916555797e+00	-1.853824197023199e-03	1084
9.358098358465748e-01	-5.425151466225258e-02	1085
2.383052193856012e-02	-7.113471373831826e-02	1086
-1.541483632515996e-02	-1.611355062008203e-02	1087
2.186093832414485e-03	4.937213813557143e-02	1088
-9.361830472958587e-03	-3.315032054421537e-02	1089
9.670976077298027e-01	4.382043604231237e-02	1090
-1.369815777524785e-02	2.192857760245606e-02	1091
1.000775807574440e+00	1.360831954805003e-04	1092
1.000771181300540e+00	-1.633391992166865e-04	1093
6.143152829008924e-03	-5.526632591856477e-02	1094
3.186035101540133e-01	-1.416187886422568e-01	1095
3.033317836846539e-01	-1.408925305414637e-01	1096
9.944850484971901e-01	2.055654440723742e-02	1097
5.724291644261406e-01	1.487347183192802e-01	1098
9.607664330283259e-01	4.782337072090421e-02	1099
9.935274519648015e-01	-1.998690769210977e-02	1100
7.060774891094566e-01	-1.150666417491766e-01	1101
-1.525448441802112e-02	1.623227381288492e-02	1102
3.007268594591763e-01	1.399433607600827e-01	1103
2.858510653259250e-01	1.382782371845119e-01	1104
2.712964566142008e-01	1.366302677307223e-01	1105
6.762402619143664e-01	-1.199581439742994e-01	1106
-5.878944771176460e-03	3.847220701925257e-02	1107
-8.982089132007239e-03	3.302374335168872e-02	1108
-1.606321472943077e-02	-9.111812443192920e-03	1109
1.151860744766992e-02	-6.095580774151050e-02	1110
8.575951633576414e-01	-8.114263906659369e-02	1111
8.687565847890150e-01	-7.784918355179148e-02	1112
8.795107251040327e-01	-7.453333337045744e-02	1113
8.899327789339916e-01	-7.119721546975329e-02	1114
7.297421693893300e-02	-9.867785195229462e-02	1115
6.362086784594799e-02	-9.445208000557724e-02	1116
8.999303842006920e-01	-6.781570728234765e-02	1117
9.095097396104118e-01	-6.445800391017198e-02	1118
9.187032810148991e-01	-6.105795563857717e-02	1119
9.274672479097097e-01	-5.765520833345213e-02	1120
9.646835949192851e-01	-4.065304903748829e-02	1121
9.707631547022681e-01	-3.723553647579225e-02	1122
7.766805016443978e-01	-1.013547820607650e-01	1123
9.986209398890833e-01	-1.330853457243624e-02	1124
4.615810391982426e-01	-1.411637641868085e-01	1125
4.778371619825583e-01	-1.403711290687811e-01	1126
4.292361674416139e-01	-1.423211410207233e-01	1127
4.453775612938639e-01	-1.417938474217133e-01	1128
9.511222137820595e-01	-4.746116367841165e-02	1129
9.581273931422951e-01	-4.406567557967708e-02	1130
1.381862475039413e-01	-1.193353013663546e-01	1131
1.503169796729635e-01	-1.221729095902210e-01	1132
9.860558866241943e-01	-2.689948474503044e-02	1133
9.900794848502786e-01	-2.344485134373385e-02	1134
7.561810553832412e-01	-1.057022828359032e-01	1135
1.039927804530841e-01	-1.102254952020707e-01	1136
1.152838198018279e-01	-1.133437840325985e-01	1137
1.264337494941321e-01	-1.163353280488109e-01	1138
5.827842361591968e-01	-1.321605592200506e-01	1139
3.070022002391656e-02	-7.626080619844609e-02	1140
3.835134626287082e-02	-8.131533121641275e-02	1141
4.665636659757792e-02	-8.589956620942910e-02	1142
5.477697712114492e-02	-9.007216174116665e-02	1143
3.339937184130697e-01	-1.421577692517280e-01	1144
3.495491196996500e-01	-1.425874382623417e-01	1145
3.653121170094163e-01	-1.428254479348570e-01	1146
3.811323212839093e-01	-1.429310786129646e-01	1147
3.970539241202737e-01	-1.428807243906215e-01	1148
1.757329983889975e-01	-1.272786376295126e-01	1149
1.889162031418064e-01	-1.295198451702408e-01	1150
2.023073117701810e-01	-1.315854368518711e-01	1151
2.160039690705568e-01	-1.334678766091377e-01	1152
2.299678636447061e-01	-1.352005058589815e-01	1153
9.831240860753114e-01	3.202680491940233e-02	1154
9.782897615995568e-01	3.590973302795068e-02	1155
9.729431447055976e-01	3.984772368408007e-02	1156
4.743068853612185e-01	1.501464096090791e-01	1157
4.579431344903931e-01	1.498833108258978e-01	1158
4.417484594398585e-01	1.494516501008112e-01	1159
4.255757960265120e-01	1.488624187937582e-01	1160
4.095502834788217e-01	1.481661224065915e-01	1161
4.769206532991813e-02	8.327763429399609e-02	1162
3.937476846038761e-02	7.902516056209515e-02	1163
2.570860880045414e-01	1.349006651640898e-01	1164
2.428052849938585e-01	1.332781288949214e-01	1165
1.269855356244507e-01	1.117077683332231e-01	1166
1.159883578910505e-01	1.088745671458617e-01	1167
1.047834912425410e-01	1.059677590181221e-01	1168
9.222615660150215e-01	6.827193398978139e-02	1169
9.131627069699283e-01	7.245522717312748e-02	1170
9.036863637059315e-01	7.663920695186395e-02	1171
8.937224106775818e-01	8.083126892585929e-02	1172
8.833510630043152e-01	8.502007673232650e-02	1173
8.725858925432114e-01	8.913724362069000e-02	1174
8.614535249168943e-01	9.324517817551554e-02	1175
8.438964007771983e-01	9.939594725078950e-02	1176
8.256332275169438e-01	1.053724110498164e-01	1177
8.064459757419116e-01	1.112042645402557e-01	1178
7.514654454241789e-01	1.254820482916089e-01	1179
7.221737966753259e-01	1.315607616249789e-01	1180
6.918344408195691e-01	1.368321029514585e-01	1181
6.289144535283406e-01	1.446649104394015e-01	1182
5.967117569759908e-01	1.472081730499495e-01	1183
2.287155431529008e-01	1.312800795714635e-01	1184
2.150233352620922e-01	1.292620044140925e-01	1185
2.016395006366957e-01	1.270754259591423e-01	1186
1.884796293704798e-01	1.248933080825509e-01	1187
1.755554870351182e-01	1.225247584475828e-01	1188
1.628733483203021e-01	1.200371852722220e-01	1189
1.505247328018145e-01	1.173698541489713e-01	1190
3.168421601758976e-02	7.429679169407782e-02	1191
2.475890271738496e-02	6.947145481922688e-02	1192
8.219614160004823e-01	-9.073711915458160e-02	1193
8.341862460220509e-01	-8.758312223343516e-02	1194
8.460337530099137e-01	-8.439528361451548e-02	1195
4.940883584583376e-01	-1.394431338828886e-01	1196
5.184187516813342e-01	-1.377480082165115e-01	1197
1.854748314078300e-02	6.491194429804339e-02	1198
1.231891140007089e-02	5.984695895462103e-02	1199
6.857702323113635e-03	5.441747136062138e-02	1200
9.395198352668746e-02	1.025561829513866e-01	1201
8.372420117377646e-02	9.894867062304054e-02	1202
7.396691765582253e-02	9.517833919674096e-02	1203
6.464372257632417e-02	9.123822620967133e-02	1204
5.581360320517369e-02	8.715765401866998e-02	1205
3.935503986468408e-01	1.472960172185039e-01	1206
3.777960873031869e-01	1.463759803366520e-01	1207
3.620712042821165e-01	1.453352156366314e-01	1208
3.464333821788180e-01	1.441663149743272e-01	1209
9.467508226064567e-01	5.587709573122487e-02	1210
9.390510452678079e-01	5.997460658098739e-02	1211
6.144984772646895e-01	-1.285172261750984e-01	1212
6.456465942910468e-01	-1.244477603831413e-01	1213
2.443748008304331e-01	-1.367096389887138e-01	1214
2.589285894729348e-01	-1.378754520987516e-01	1215
2.734088121569687e-01	-1.389755242615882e-01	1216
2.882203488368355e-01	-1.400192769948162e-01	1217
9.997884199716293e-01	-2.544259127178049e-03	1218
9.998638351651405e-01	2.553756146858092e-03	1219
-1.025186363120203e-02	-4.513082693076651e-02	1220
-1.574599732823666e-02	4.099049835362871e-03	1221
1.000803250451328e+00	-5.661595071044193e-04	1222
9.879584983720100e-01	-3.408714512076538e-02	1223
9.991470083251984e-01	2.130225089286982e-02	1224
-1.942550592095715e-02	2.036787935987008e-02	1225
9.751527449795909e-01	4.966488907261695e-02	1226
1.000779348148035e+00	-8.200409281187263e-03	1227
9.954267073229591e-01	-2.525572238221458e-02	1228
-2.048275164391890e-02	-1.302841907659445e-02	1229
1.453768957572448e-02	-7.631011458537716e-02	1230
-6.574365706490436e-03	-5.142690294741565e-02	1231
3.295654117456651e-01	1.657769136310177e-01	1232
1.000820420922452e+00	5.378197159917305e-04	1233
-9.659961279671683e-03	4.481355100523095e-02	1234
-1.779325572724504e-02	2.652299353420219e-02	1235
-2.212656791375279e-03	-5.775040561771948e-02	1236
9.832975663824715e-01	-3.850435767392892e-02	1237
5.364442417729253e-01	-1.614038621189561e-01	1238
9.966817920796818e-01	2.579355717724416e-02	1239
3.175327029634735e-01	-1.641378122783147e-01	1240
9.523057329106792e-01	-5.987923382246727e-02	1241
9.406685109712810e-01	-6.610984442696954e-02	1242
6.331809571996583e-01	-1.507009773420709e-01	1243
9.314058847382922e-02	-1.233021215904490e-01	1244
1.720207252905512e-01	-1.461592489445364e-01	1245
-1.811028084488206e-02	-2.648286709482725e-02	1246
4.298478700531719e-01	-1.659651357714396e-01	1247
7.205742103060495e-02	-1.139062956974953e-01	1248
8.226635872942503e-02	-1.186858220333180e-01	1249
1.225973364741422e-01	1.283137207397358e-01	1250
9.898031406478368e-01	3.526117455253960e-02	1251
9.365065557802665e-01	7.624925325117096e-02	1252
-2.034119581710198e-02	1.318180539081428e-02	1253
-5.883398838046901e-03	5.093656456752475e-02	1254
9.781278558989760e-01	-4.282500909718079e-02	1255
1.000444152137746e+00	1.207010389099271e-03	1256
9.935931170753398e-01	3.052473457282948e-02	1257
-1.053394899666859e-02	5.903507544491086e-05	1258
-1.966035749339269e-02	-2.026003067235706e-02	1259
9.981607221209993e-01	-2.098675581817469e-02	1260
7.497597400361760e-01	-1.295624860050660e-01	1261
5.042157024229446e-01	1.750666068361012e-01	1262
4.749612488131088e-01	1.739382546175651e-01	1263
1.001038198536741e+00	1.694619906418501e-02	1264
1.001100977113069e+00	-1.902630401486042e-05	1265
1.001092319742862e+00	8.226697472564565e-03	1266
-1.576667433054341e-02	-3.947367080328786e-03	1267
1.000407614197950e+00	-1.222214347159830e-03	1268
2.080789999090125e-02	-8.193811462749545e-02	1269
-1.600022501569150e-02	-3.269694095086283e-02	1270
-1.338236385082741e-02	-3.885778906022215e-02	1271
5.621913568097030e-01	1.737480150498844e-01	1272
8.336130560607072e-03	-7.053668689578561e-02	1273
9.692175763759565e-01	5.448346898402810e-02	1274
9.627919788862441e-01	5.930947263410890e-02	1275
5.332228618700228e-01	1.745700097605550e-01	1276
2.988841004502324e-01	1.623789336778952e-01	1277
2.691665054654856e-01	1.582779959886086e-01	1278
7.245217628281850e-01	-1.349169494472340e-01	1279
-1.288661617027045e-02	3.868621991150929e-02	1280
-1.559546282237635e-02	3.264354827170833e-02	1281
2.498670317279905e-03	-6.384718921878470e-02	1282
8.734517628030187e-01	-9.395584770145136e-02	1283
8.947089904096465e-01	-8.622824289614252e-02	1284
6.234557060438089e-02	-1.089408209534615e-01	1285
9.143381068217397e-01	-7.829836519025989e-02	1286
9.280786444672812e-01	-7.230854614848684e-02	1287
9.724168150129232e-01	-4.713864859190449e-02	1288
1.000293531417485e+00	-1.679732456859821e-02	1289
4.625869049625143e-01	-1.649245894420091e-01	1290
9.594759204059000e-01	-5.567493078186711e-02	1291
9.661924595022505e-01	-5.142244674808109e-02	1292
1.460949661338578e-01	-1.398627516927380e-01	1293
9.920462652171074e-01	-2.970181709058371e-02	1294
7.708103490473052e-01	-1.246824813188105e-01	1295
7.943126728671871e-01	-1.187244529537807e-01	1296
1.105169533772788e-01	-1.292295645330614e-01	1297
1.276272199953714e-01	-1.345604198153575e-01	1298
5.689875510036120e-01	-1.585609126530947e-01	1299
2.810449314692691e-02	-8.800331119366728e-02	1300
3.647026619488106e-02	-9.395826239755202e-02	1301
4.480643489887488e-02	-9.887333981434626e-02	1302
5.314664347490422e-02	-1.038087551969763e-01	1303
3.489772194105416e-01	-1.655781360648219e-01	1304
3.810097894183364e-01	-1.662151776347675e-01	1305
4.053002404239937e-01	-1.663770968224798e-01	1306
1.991419657835224e-01	-1.514297572608047e-01	1307
2.273902578356596e-01	-1.560057006455858e-01	1308
9.854454519206802e-01	4.008470449757828e-02	1309
9.805712225325151e-01	4.485583625332155e-02	1310
4.419071718832132e-01	1.731475119867726e-01	1311
4.092578675552372e-01	1.717461806223437e-01	1312
3.769235473473793e-02	9.161577909994963e-02	1313
2.402981960426985e-01	1.546130910034659e-01	1314
1.057954720656387e-01	1.234269139722507e-01	1315
8.213734791598359e-01	1.271226001661996e-01	1316
9.188211121718001e-01	8.590673253340321e-02	1317
8.993274227089230e-01	9.551570918817306e-02	1318
8.780487202363424e-01	1.049165463841407e-01	1319
8.582211895224883e-01	1.136943720035864e-01	1320
8.402666604733756e-01	1.204785054059310e-01	1321
7.981876617008395e-01	1.345260596211821e-01	1322
7.704398914992401e-01	1.425365505790971e-01	1323
7.413918628781802e-01	1.497986660214604e-01	1324
7.112456288833588e-01	1.562116435711623e-01	1325
6.801231117576658e-01	1.617029316269311e-01	1326
6.482422658661273e-01	1.662038988624672e-01	1327
6.158252539437267e-01	1.697028144072986e-01	1328
5.871619306986013e-01	1.721786487297645e-01	1329
2.119732803838900e-01	1.496760299184246e-01	1330
1.850566529657929e-01	1.444796120709745e-01	1331
1.653752802478517e-01	1.401253302213707e-01	1332
1.525371676832704e-01	1.369024891967359e-01	1333
1.401455371016283e-01	1.334759275675318e-01	1334
2.928338072534196e-02	8.600292822709917e-02	1335
2.192465410133604e-02	8.023789653437163e-02	1336
8.171037073402794e-01	-1.125363560739238e-01	1337
8.386733066466955e-01	-1.052320593492419e-01	1338
8.565184307093449e-01	-9.975359716270177e-02	1339
4.872782220770508e-01	-1.637193679174977e-01	1340
5.079512986772451e-01	-1.635758685878683e-01	1341
1.558953962530618e-02	7.486531956591919e-02	1342
9.316275113765503e-03	6.935512541051550e-02	1343
3.381627935299631e-03	6.293900271028730e-02	1344
-1.421511859851927e-03	5.705763631112026e-02	1345
9.416665537954205e-02	1.193517939152784e-01	1346
8.335526120086582e-02	1.149858534151885e-01	1347
7.319241892690215e-02	1.104546496831126e-01	1348
6.351857231993617e-02	1.057452143303688e-01	1349
5.435774564142449e-02	1.008824633828113e-01	1350
4.602386040380459e-02	9.622842814546978e-02	1351
3.771248309633433e-01	1.696606546612572e-01	1352
3.532043939755408e-01	1.680589695163744e-01	1353
9.558971056090615e-01	6.412250458227142e-02	1354
9.485487775051887e-01	6.893080625530452e-02	1355
6.014274682577357e-01	-1.549412891680143e-01	1356
6.643535239705289e-01	-1.459462861901275e-01	1357
6.948624492591001e-01	-1.406699218996914e-01	1358
2.569846547260289e-01	-1.592177898055143e-01	1359
2.866749093224720e-01	-1.620007779880368e-01	1360
1.001892172038001e+00	1.425273987549419e-02	1361
1.000423339179473e+00	-2.481890732710696e-03	1362
1.000174087943356e+00	-3.352091564543136e-03	1363
1.000936572425341e+00	6.727556879977985e-03	1364
3.753324820641177e-02	-1.105543277219617e-01	1365
1.002428901491700e+00	2.016232064493062e-02	1366
1.001107629105066e+00	3.317977028395102e-04	1367
1.001232007959114e+00	-9.824287769077672e-03	1368
-1.815357737601497e-02	-4.505750729774716e-02	1369
-7.037030175283812e-03	-6.614221948741157e-02	1370
1.000690812993194e+00	-6.712827103710585e-03	1371
1.001281508809243e+00	-1.418408193530107e-02	1372
-1.753655103733845e-02	4.485451415106641e-02	1373
-2.529681025652541e-02	1.738373874567248e-02	1374
-2.550772369619696e-02	-1.722572184635422e-02	1375
9.889250997460105e-01	4.870777291340325e-02	1376
7.656941254026429e-01	-1.509082082574909e-01	1377
3.397717714245947e-01	1.935658345976359e-01	1378
1.001624294917842e+00	9.847086204332028e-03	1379
9.275481860968562e-01	-8.989009265165257e-02	1380
4.077043526411429e-03	-8.102441680920230e-02	1381
3.891894158199232e-02	1.080445874640434e-01	1382
-1.434474504904937e-02	5.168397748257040e-02	1383
-1.507099012635202e-02	-5.203514796055943e-02	1384
4.179032865421528e-01	-1.935779087866198e-01	1385
9.621294698117708e-01	-6.832958983279698e-02	1386
6.527545238064761e-01	-1.750266894665349e-01	1387
5.550823323044219e-01	-1.877376318786380e-01	1388
9.908967900400548e-01	-4.176466008009488e-02	1389
9.948456693843000e-01	-3.633363127526127e-02	1390
1.010627892321306e-02	-8.720964683574461e-02	1391
1.666636258277981e-02	-9.390108873093056e-02	1392
1.000831712572215e+00	9.825360440076617e-04	1393
9.997279269263555e-01	3.124594188425944e-02	1394
1.002040142599135e+00	2.588014353643266e-02	1395
9.786384276861634e-01	6.028660097480706e-02	1396
2.812472715133537e-01	1.857515016965923e-01	1397
5.775389567952012e-01	2.001859258490784e-01	1398
7.144933938483714e-01	-1.631413854206040e-01	1399
5.982912098652213e-02	-1.250384068473213e-01	1400
1.000281453395169e+00	3.355314500537580e-03	1401
1.000501556988874e+00	2.471188635439191e-03	1402
-1.471233163748485e-02	5.368246022809926e-04	1403
9.863092539118272e-01	-4.725594614038416e-02	1404
9.840688155778227e-01	5.448099427315180e-02	1405
1.001096364154098e+00	-3.698023339016740e-04	1406
9.981716015960035e-01	-3.079999148964017e-02	1407
-2.427460760640262e-02	2.485564806735888e-02	1408
-1.134947175002122e-02	-5.921907553431029e-02	1409
5.242624569710217e-01	-1.903100170071776e-01	1410
-2.459214740037063e-02	-2.475519591772653e-02	1411
6.992734690913932e-02	-1.308865940195907e-01	1412
8.066559471077039e-02	-1.365597068602934e-01	1413
9.967567139761702e-01	3.706461701472885e-02	1414
-2.103568499391155e-02	6.787401597230968e-03	1415
9.811083460016219e-01	-5.259835152674234e-02	1416
1.000798761294670e+00	-2.564746751752360e-02	1417
7.422342114596228e-01	-1.568002221430509e-01	1418
-2.111140681059551e-02	-6.609682642292235e-03	1419
1.000800473678610e+00	-1.010481992528753e-03	1420
5.029542424004901e-02	-1.190033412433676e-01	1421
-2.300533302248901e-02	-3.155665135753760e-02	1422
-2.086034619979557e-02	-3.832639559492715e-02	1423
5.206542832177661e-01	2.024586055369181e-01	1424
-2.020688677739382e-03	-7.340643050540432e-02	1425
9.726606879655020e-01	6.606496162158604e-02	1426
5.498858111513951e-01	2.015734967478813e-01	1427
3.122732716100504e-01	1.902793130466602e-01	1428
6.049748582233412e-01	1.977706472286491e-01	1429
-2.034533421713794e-02	3.824757072390851e-02	1430
-2.259103151933375e-02	3.157908348883237e-02	1431
8.903562638831005e-01	-1.076433166284668e-01	1432
9.109100528225643e-01	-9.826108500998448e-02	1433
9.408621234412555e-01	-8.241400584747612e-02	1434
9.528741609072217e-01	-7.484686175325830e-02	1435
1.001501815755083e+00	-2.003804748095782e-02	1436
4.469832941149846e-01	-1.930585814687425e-01	1437
9.690165219945052e-01	-6.321432895579031e-02	1438
9.753347377689141e-01	-5.793431817324279e-02	1439
3.928438404714321e-01	-1.934345582577544e-01	1440
8.347041057954024e-01	-1.294827124965354e-01	1441
8.535947691153970e-01	-1.223303085421350e-01	1442
7.882530090989086e-01	-1.446291055091073e-01	1443
9.547065630210040e-02	-1.431338349936684e-01	1444
1.129949549449384e-01	-1.496132198002245e-01	1445
1.308824267922218e-01	-1.560370840322202e-01	1446
2.461293809133015e-02	-1.011785175166865e-01	1447
3.317621374992453e-01	-1.910467013005124e-01	1448
3.642309753998528e-01	-1.926572390201401e-01	1449
1.534849177722832e-01	-1.631616721237887e-01	1450
1.807548882427933e-01	-1.703593965423410e-01	1451
6.840180499815899e-01	-1.693938321559329e-01	1452
9.931571003343507e-01	4.282833467676974e-02	1453
4.900001829736809e-01	2.021883618703391e-01	1454
4.594026447202211e-01	2.012363250678318e-01	1455
1.083753758170788e-01	1.437640946550875e-01	1456
9.346799047130324e-01	9.486914850139976e-02	1457
9.161091843155406e-01	1.061345486572069e-01	1458
8.375693819747445e-01	1.441056145303994e-01	1459
8.955910792148828e-01	1.172041595008254e-01	1460
8.756549953089753e-01	1.273378620115689e-01	1461
8.561330872442496e-01	1.364869171596569e-01	1462
8.162564151043911e-01	1.520756786076277e-01	1463
7.905507631404513e-01	1.607519453624390e-01	1464
7.617822632370873e-01	1.693793023589504e-01	1465
7.317758269722168e-01	1.771176838403236e-01	1466
7.006825047942120e-01	1.838886124956949e-01	1467
6.686711785446475e-01	1.896197138313675e-01	1468
6.359891282931832e-01	1.942567799043750e-01	1469
2.519685059719863e-01	1.812127929842444e-01	1470
2.221901203961426e-01	1.759182712406340e-01	1471
1.940541675414600e-01	1.696676360864226e-01	1472
1.701547039626531e-01	1.636421621576779e-01	1473
1.474333797353716e-01	1.557312889340842e-01	1474
1.254431151196861e-01	1.496616941359496e-01	1475
2.597715632654980e-02	9.917729353085510e-02	1476
1.796096028364865e-02	9.219309841549832e-02	1477
8.115412847486115e-01	-1.376068672795890e-01	1478
8.712951186408061e-01	-1.155986598592562e-01	1479
4.762267471647580e-01	-1.920383991585209e-01	1480
4.977970520473734e-01	-1.914951141052861e-01	1481
1.133063074968701e-02	8.574877687057152e-02	1482
5.232973845719964e-03	7.979516331135147e-02	1483
-9.664209754914697e-04	7.245201939981670e-02	1484
-6.089369179508807e-03	6.541760120075023e-02	1485
-1.050888135119888e-02	5.868985873797927e-02	1486
9.357462306393043e-02	1.382593170456197e-01	1487
8.188730242159868e-02	1.329780548797996e-01	1488
7.117298670152060e-02	1.275239818944484e-01	1489
6.111303024094799e-02	1.219015424602400e-01	1490
5.159634220961242e-02	1.160768521985489e-01	1491
4.259731134096353e-01	2.000146079806282e-01	1492
3.928590173857985e-01	1.979946820856360e-01	1493
3.643639025809735e-01	1.958554550069798e-01	1494
9.625509931275155e-01	7.449914307712052e-02	1495
9.495617058050203e-01	8.483247226981629e-02	1496
5.882229344503290e-01	-1.843435648517593e-01	1497
6.208638015696933e-01	-1.800233344610146e-01	1498
2.089998377689438e-01	-1.765119969358733e-01	1499
2.390606024372322e-01	-1.815609399049616e-01	1500
2.690878576602258e-01	-1.852692496738787e-01	1501
2.999759595008754e-01	-1.885560888160139e-01	1502
1.000930352475241e+00	3.047797972123469e-03	1503
1.000156150979635e+00	-5.113160883436571e-03	1504
9.994172110560448e-01	-5.670576250243572e-03	1505
1.000772120145993e+00	1.165503894089437e-02	1506
-2.981789146881611e-02	2.970128427343083e-02	1507
1.000330593877052e+00	5.132132692836890e-03	1508
-2.594038907743531e-02	4.435044047226565e-02	1509
9.731447017070820e-01	-7.588745349654909e-02	1510
1.001156177074110e+00	-7.782649257692764e-04	1511
1.002839584914278e+00	-1.626135410561893e-02	1512
1.004400961554675e+00	-1.711835294462089e-02	1513
9.905062181482762e-01	-5.647442428583323e-02	1514
1.000830358067194e+00	1.426591936797274e-03	1515
9.935852229003193e-01	5.772904195079973e-02	1516
2.628902591304771e-01	2.111807476905109e-01	1517
1.002161452179261e+00	-8.689769303817705e-03	1518
1.001771773110105e+00	-7.394591503946652e-03	1519
-1.295456867657751e-02	-7.535506558888966e-02	1520
1.001180773616209e+00	7.384256145068563e-04	1521
-2.007297236975696e-02	5.910732754487859e-02	1522
1.348153563294741e-01	-1.807929472858485e-01	1523
3.487249544425409e-02	-1.275221804588737e-01	1524
9.423812005781147e-01	-1.007106355794758e-01	1525
7.840224440066292e-01	-1.735219803442616e-01	1526
1.000301081848576e+00	-1.157125936583924e-02	1527
1.002056458316366e+00	7.371254403014144e-03	1528
1.002507646532371e+00	8.661148503255927e-03	1529
1.000784750938568e+00	-1.453124038122653e-03	1530
-2.391588877773761e-02	-5.165113152988163e-02	1531
5.665835225739919e-01	2.314555118311000e-01	1532
6.735586399348245e-01	-2.015656029985271e-01	1533
4.328371238626961e-01	-2.239666735844988e-01	1534
5.951383149767634e-01	2.291910220509717e-01	1535
9.508147681161385e-01	1.034445763099515e-01	1536
9.146143415699157e-01	1.290316818681011e-01	1537
3.234994013643058e-01	2.212240517437386e-01	1538
2.364128988841046e-02	1.152990703865884e-01	1539
5.123531873674086e-01	-2.219416531476145e-01	1540
-2.317655577050196e-02	5.143612486688363e-02	1541
1.004183090360630e+00	3.001893762877699e-02	1542
5.421629225838923e-01	-2.199712056441989e-01	1543
9.996065470709496e-01	5.722051452487944e-03	1544
1.003566498810469e+00	1.627657864339499e-02	1545
1.005181571674953e+00	1.706457457817113e-02	1546
1.000828695260532e+00	-3.068779133856026e-03	1547
-3.087576421066027e-02	2.185384616394193e-02	1548
3.503084572301824e-01	2.245479668443553e-01	1549
1.001473444620914e+00	1.490715522701267e-04	1550
1.001467653367897e+00	-1.995470967618179e-04	1551
-7.664010870878028e-03	-8.387460398810871e-02	1552
-1.727516311517815e-02	-6.752978639985395e-02	1553
4.050271782194172e-01	-2.238933299932055e-01	1554
9.950052375124664e-01	-4.980010059292887e-02	1555
9.985779350695250e-01	-4.315346155337510e-02	1556
-1.603675412296271e-03	-9.229943049129430e-02	1557
4.293322999020599e-03	-9.910946347629428e-02	1558
1.000883829166434e+00	2.058218960547851e-03	1559
9.976794562774882e-01	5.068344068314273e-02	1560
9.889091019241900e-01	6.465817806289144e-02	1561
2.934989380561735e-01	2.165770250435322e-01	1562
7.049858936604171e-01	-1.948192438022513e-01	1563
5.099113489439722e-02	-1.390696457764909e-01	1564
1.001916340218171e+00	-3.677610833433188e-02	1565
-2.093541914617889e-02	-5.947173846553323e-02	1566
-3.116479257674100e-02	-2.168749596250982e-02	1567
6.667892788637558e-02	-1.491462529284099e-01	1568
7.973553322017574e-02	-1.572920326861392e-01	1569
1.003790991633285e+00	3.707591141649924e-02	1570
-2.608518121418472e-02	1.077734760163805e-02	1571
-1.917497810643896e-02	-1.927790997770902e-03	1572
1.002701322153866e+00	-2.984758145350441e-02	1573
7.345539677674696e-01	-1.876295087738681e-01	1574
7.605592580816037e-01	-1.805959954825671e-01	1575
-2.108499566792314e-02	7.407259835285947e-05	1576
-2.621047184817887e-02	-1.058550864451156e-02	1577
1.000816826853492e+00	-2.083859864104141e-03	1578
-3.022452786288181e-02	-2.960115110305013e-02	1579
-2.876135513104855e-02	-3.703346132226763e-02	1580
-2.657016313889285e-02	-4.444246852347781e-02	1581
5.376791564717216e-01	2.327117309108750e-01	1582
9.835553015501891e-01	7.160062753689801e-02	1583
-2.824406018731980e-02	3.704902735111488e-02	1584
9.087617831395051e-01	-1.209284883317050e-01	1585
9.273560209631228e-01	-1.103108754194375e-01	1586
9.550203120460183e-01	-9.153043986936171e-02	1587
9.655255220698076e-01	-8.293371738618237e-02	1588
9.796968950207545e-01	-6.950084554533635e-02	1589
9.854374730659454e-01	-6.300050482856549e-02	1590
8.523508459722897e-01	-1.479044999182384e-01	1591
8.311422972002240e-01	-1.568373702629834e-01	1592
9.657257210999746e-02	-1.653583065051946e-01	1593
1.142324045292779e-01	-1.725923513280744e-01	1594
1.141025765054851e-02	-1.071785641465594e-01	1595
2.215699068657926e-02	-1.173779776488038e-01	1596
3.462081380971717e-01	-2.212870577528179e-01	1597
3.774746471099188e-01	-2.230441899662198e-01	1598
1.603568894748669e-01	-1.895690082755609e-01	1599
1.000845637258429e+00	4.372707073649467e-02	1600
5.066230133303065e-01	2.331666159418988e-01	1601
4.753479758592200e-01	2.325526155833462e-01	1602
9.341985828189940e-01	1.159642009281948e-01	1603
8.946675578690203e-01	1.411187975639321e-01	1604
8.749312658222437e-01	1.521726984646514e-01	1605
8.553566696035332e-01	1.619666009953985e-01	1606
8.351225426146098e-01	1.709090876937976e-01	1607
8.112863762316799e-01	1.803966281720732e-01	1608
7.836892002313647e-01	1.902190259365379e-01	1609
7.537932796232306e-01	1.995293301572464e-01	1610
7.226881404942050e-01	2.078110236275859e-01	1611
6.905198106091200e-01	2.149774302619161e-01	1612
6.575048126553524e-01	2.209668385803617e-01	1613
6.250508665614939e-01	2.257084045066427e-01	1614
2.326036192926478e-01	2.054326473733174e-01	1615
1.508828502924766e-01	1.819843453197808e-01	1616
1.298932515319867e-01	1.740645421336293e-01	1617
2.025214823976213e-01	1.982746557750929e-01	1618
1.758828747645002e-01	1.907721835763244e-01	1619
1.094750563629606e-01	1.665489956119726e-01	1620
1.284805601241955e-02	1.054762674175501e-01	1621
8.072122452479260e-01	-1.658141183313712e-01	1622
8.703265169622633e-01	-1.399364777588609e-01	1623
8.889149415247810e-01	-1.312123223014973e-01	1624
4.625381371908125e-01	-2.233735017263799e-01	1625
4.877228178836361e-01	-2.227343710870521e-01	1626
5.671049455637240e-03	9.765909143670250e-02	1627
-2.833371152931653e-04	9.104280618923337e-02	1628
-6.436998858147418e-03	8.289026613537494e-02	1629
-1.184708224925468e-02	7.461663297466743e-02	1630
-1.628548950454314e-02	6.698773798769199e-02	1631
9.334259442988835e-02	1.599397208693470e-01	1632
7.947468803358383e-02	1.528119423719060e-01	1633
6.804583556536062e-02	1.459749210093120e-01	1634
5.744050554715962e-02	1.394374747356661e-01	1635
4.734828246818323e-02	1.328769737261102e-01	1636
3.636060016421707e-02	1.249747057559800e-01	1637
4.432547412374338e-01	2.314108103683242e-01	1638
4.091474441466815e-01	2.295669702926058e-01	1639
3.776462055530420e-01	2.271620010571375e-01	1640
9.756271426024465e-01	8.032851969461455e-02	1641
9.647878457985966e-01	9.115520933630637e-02	1642
5.747226855655022e-01	-2.169579751583420e-01	1643
6.084828122390061e-01	-2.127190765455439e-01	1644
6.414033418817516e-01	-2.075337181227062e-01	1645
1.888822488105814e-01	-1.978143724857490e-01	1646
2.190566602919495e-01	-2.048533041344020e-01	1647
2.501829985206817e-01	-2.103770453361673e-01	1648
2.811069611256132e-01	-2.146953255375766e-01	1649
3.132227380765659e-01	-2.184870892756093e-01	1650
-3.720905238709667e-02	2.658592321066810e-02	1651
1.000322224369358e+00	-4.315245448382089e-03	1652
1.007869878073949e+00	3.377823545826647e-02	1653
-3.331928334532363e-02	-5.091557288781256e-02	1654
1.004165534450190e+00	1.407284418992920e-02	1655
1.003121150928324e+00	5.867588041708278e-02	1656
3.619821260230860e-01	2.592547489884177e-01	1657
8.519448286272372e-01	-1.769213777580318e-01	1658
-2.012073615340666e-02	-8.543538668896143e-02	1659
1.001301278151526e+00	1.705663064341121e-03	1660
9.683901924929268e-01	1.098845373441813e-01	1661
1.000466898858960e+00	4.320610375722592e-03	1662
-2.592355841581980e-02	4.248052924186651e-03	1663
1.002710086588476e+00	-1.008513836516178e-02	1664
1.000833010079030e+00	-3.977553740114075e-03	1665
8.288571457392756e-01	-1.875149618832613e-01	1666
-3.170442575441493e-02	1.473302784919645e-02	1667
1.000978871482941e+00	-2.638258947010470e-03	1668
1.001981278532708e+00	6.204442129540364e-03	1669
-3.084069372444831e-02	-5.862362852079774e-02	1670
8.046836447992283e-01	-1.973368301360545e-01	1671
4.481823794633868e-01	-2.579008017163523e-01	1672
9.853812772483908e-01	-8.183160688076251e-02	1673
1.386028684048946e-01	-2.090380119356814e-01	1674
4.186257619275464e-01	-2.579322347468900e-01	1675
9.995374602207363e-01	6.693581371973908e-02	1676
9.532525256309871e-01	1.246851017739146e-01	1677
5.550397183208898e-01	2.662574854971549e-01	1678
2.424521849433460e-01	2.385250676763064e-01	1679
9.450500735466176e-01	-1.214663703385882e-01	1680
-2.703794485956195e-02	6.702525612837289e-02	1681
2.109300780889115e-01	2.306166392864349e-01	1682
5.848844616816645e-01	2.643102680136559e-01	1683
1.000968701692330e+00	3.962071690743275e-03	1684
1.003125270862781e+00	1.004445425078838e-02	1685
1.001747096058234e+00	-6.236715692303598e-03	1686
1.003545096409740e+00	-1.411351114101243e-02	1687
1.003848303756646e+00	-2.317941410368289e-02	1688
1.001066056043333e+00	2.609670051997215e-03	1689
1.002759574314372e+00	1.189763881190184e-02	1690
1.001229675371729e+00	1.193423188364514e-03	1691
1.003045307896947e+00	-7.717423957148604e-03	1692
1.001243909979420e+00	-1.746732064049784e-03	1693
-2.446084563667052e-02	-7.639457901296892e-02	1694
1.001491756844204e+00	5.249349710669875e-04	1695
1.001473439614196e+00	-5.755895673699378e-04	1696
1.001882149024883e+00	-3.233660494370568e-05	1697
1.001189934842085e+00	-1.233814357978539e-03	1698
9.352958923699476e-01	1.397176339788314e-01	1699
3.338744659988653e-01	2.556818720970197e-01	1700
-2.998057506764009e-02	5.841826929509645e-02	1701
-3.257474420535131e-02	5.082785590493962e-02	1702
5.294083387652799e-01	-2.555006807155252e-01	1703
1.006167464587727e+00	2.635830333372330e-02	1704
1.004953953733123e+00	2.321944530845606e-02	1705
1.002259342223045e+00	-1.190047734965385e-02	1706
1.003353553964860e+00	7.642665460943540e-03	1707
-2.803525568381897e-02	-6.737857938410824e-02	1708
1.000047223564894e+00	-5.801824199786113e-02	1709
1.003333851750547e+00	-4.996569135973195e-02	1710
-1.478302992160410e-02	-9.504944275321706e-02	1711
-5.769820640916466e-03	-1.081203711225140e-01	1712
1.780806977788170e-02	-1.350916693648911e-01	1713
3.045206227458657e-01	2.509140112965603e-01	1714
2.734965436430941e-01	2.449402352700559e-01	1715
6.960238328494102e-01	-2.303282673561967e-01	1716
1.004631640052584e+00	-4.224639229474009e-02	1717
3.216449286933924e-02	-1.473307671287656e-01	1718
4.796865172212785e-02	-1.599705472910010e-01	1719
6.187633514111401e-02	-1.704472570338262e-01	1720
-3.189483787017305e-02	-1.452434369097089e-02	1721
1.006172693791545e+00	-3.375451797593185e-02	1722
1.004883981472975e+00	-2.634289180080373e-02	1723
7.271902064520213e-01	-2.223528068474173e-01	1724
7.555436628786283e-01	-2.141591653437832e-01	1725
7.808750824468101e-01	-2.059589240420303e-01	1726
-2.646109869949985e-02	-4.870685875510056e-03	1727
-3.758214476177345e-02	-2.640405729236434e-02	1728
-3.678472030144841e-02	-3.467855323998404e-02	1729
-3.533391371113825e-02	-4.291938888441291e-02	1730
9.951865450280629e-01	7.521782271095595e-02	1731
-3.471012282196450e-02	4.293873860496455e-02	1732
-3.628586699707854e-02	3.478986588604752e-02	1733
9.282834238053513e-01	-1.336152724799536e-01	1734
9.588343530972924e-01	-1.100527872427561e-01	1735
9.701499359181786e-01	-9.926893379295242e-02	1736
9.789184457098093e-01	-8.973929204682343e-02	1737
9.912234562937805e-01	-7.385065627989015e-02	1738
9.960131725525412e-01	-6.594269169326611e-02	1739
7.814538221261011e-02	-1.808185416061398e-01	1740
9.608954349506488e-02	-1.900989900945934e-01	1741
1.150308577215808e-01	-1.987615915008981e-01	1742
6.119608293909308e-03	-1.228863634394832e-01	1743
3.596253086497972e-01	-2.552090523030623e-01	1744
3.899473999597082e-01	-2.570787466922709e-01	1745
1.006815985459854e+00	4.243404668147525e-02	1746
1.005956140812919e+00	5.033715548972850e-02	1747
5.242345790873716e-01	2.672754974341504e-01	1748
4.919405839439925e-01	2.672467622373145e-01	1749
9.157110592819740e-01	1.542724071087213e-01	1750
8.960319361704967e-01	1.675490471478732e-01	1751
8.760628196550333e-01	1.796984673756352e-01	1752
8.556184459675226e-01	1.906525096136809e-01	1753
8.331789650367588e-01	2.012929457028959e-01	1754
8.070430168593991e-01	2.123546102195591e-01	1755
7.777546835397395e-01	2.233143915776724e-01	1756
7.465813127019005e-01	2.334027673032495e-01	1757
7.141893176953921e-01	2.422924675180944e-01	1758
6.807797321747661e-01	2.498997929753622e-01	1759
6.472489521851356e-01	2.561224661581371e-01	1760
6.152552310767009e-01	2.609204860949695e-01	1761
1.311284148812913e-01	2.015508793649975e-01	1762
1.815399491623974e-01	2.216493376897986e-01	1763
1.543507924286978e-01	2.115565585524373e-01	1764
1.109222649627191e-01	1.924841273525891e-01	1765
7.644074400854141e-03	1.212163420835356e-01	1766
8.715083936721659e-01	-1.670977092056630e-01	1767
8.897489229478629e-01	-1.573322016413877e-01	1768
9.091101440370719e-01	-1.460314719140310e-01	1769
4.758522496453589e-01	-2.574781510201598e-01	1770
5.010437369380876e-01	-2.568705425403598e-01	1771
-1.376009440562740e-03	1.107895534562412e-01	1772
-7.183463272291813e-03	1.027947375898635e-01	1773
-1.336183649206516e-02	9.406692711769397e-02	1774
-1.884551945452952e-02	8.470414139823401e-02	1775
-2.332285226285783e-02	7.586530118547552e-02	1776
9.211513440078259e-02	1.843736041109272e-01	1777
7.593138271586186e-02	1.755423890293870e-01	1778
5.794728345423644e-02	1.622117389379945e-01	1779
4.230044144429501e-02	1.508896698339665e-01	1780
3.109038082854355e-02	1.429889276473686e-01	1781
1.940724419445724e-02	1.330060487456161e-01	1782
4.597591358036951e-01	2.663138628088363e-01	1783
4.260620035359218e-01	2.646571680082915e-01	1784
3.923139679772955e-01	2.622005989938084e-01	1785
9.889582067867663e-01	8.475553029703624e-02	1786
9.802957840730205e-01	9.624191706904976e-02	1787
5.614976496396394e-01	-2.529389738821548e-01	1788
5.957608865072997e-01	-2.490942326215425e-01	1789
6.301103891368679e-01	-2.438344133232504e-01	1790
6.634643129438820e-01	-2.375541625222046e-01	1791
1.663824246042068e-01	-2.194403037835875e-01	1792
1.967947116233444e-01	-2.288915370387375e-01	1793
2.287543902836208e-01	-2.367863359894216e-01	1794
2.608338070648940e-01	-2.427552019673171e-01	1795
2.929631751554224e-01	-2.478580491459549e-01	1796
3.265366789506417e-01	-2.521429359654029e-01	1797
1.003571565197116e+00	-8.975774619210493e-03	1798
1.007876027122605e+00	-3.061547158952074e-02	1799
1.010087036959992e+00	6.670488191883440e-02	1800
-3.799703531649123e-02	1.880364026641683e-02	1801
-3.202637972754115e-02	7.381016889733078e-03	1802
1.006628375476894e+00	-6.634382140992057e-02	1803
6.875887286444057e-01	-2.700846746915861e-01	1804
8.528184502532026e-01	-2.096043636333979e-01	1805
3.444050113538770e-01	2.941759404112129e-01	1806
1.008704838688698e+00	3.902421483939451e-02	1807
1.002766298902407e+00	-6.794105756055932e-03	1808
1.000958757275090e+00	5.468410229423589e-03	1809
1.000764821085578e+00	-5.469041588799294e-03	1810
1.001558816456577e+00	-9.984542963146551e-04	1811
-6.683834832917515e-04	-1.404367411473616e-01	1812
1.003940697877807e+00	8.887740294484052e-03	1813
1.001887198419513e+00	-3.812435320825693e-04	1814
9.574138556320635e-01	1.485738099697015e-01	1815
1.004858443628882e+00	1.208353927916644e-02	1816
1.008348094152996e+00	2.371165712006098e-02	1817
1.005651200120452e+00	2.006210543383487e-02	1818
1.001591508082192e+00	9.451978606868733e-04	1819
9.492133311388933e-01	-1.449015370352128e-01	1820
8.744436047798303e-01	-1.975792107785251e-01	1821
-3.825539629398404e-02	-1.857175676325252e-02	1822
-3.302591335284666e-02	-8.583850053428228e-02	1823
9.778164358534812e-04	1.388079358454434e-01	1824
1.870459005177085e-01	2.566424176027638e-01	1825
1.004710487036066e+00	-2.010079989624073e-02	1826
9.864817234582736e-01	1.140455697586834e-01	1827
8.285271677253953e-01	-2.217129553377425e-01	1828
1.152726577344111e-01	-2.285380573032567e-01	1829
1.006710031640093e+00	-3.897513679709321e-02	1830
-2.879560252463426e-02	-9.626026235983164e-02	1831
4.757498430950040e-01	-2.950979121860075e-01	1832
1.010682183668475e+00	5.665092443870163e-02	1833
5.738363888244009e-01	3.034254895869238e-01	1834
9.982506594288412e-01	-8.510224421671830e-02	1835
5.483271513986588e-01	-2.926569314248982e-01	1836
-3.538368172523426e-02	7.544132673134064e-02	1837
1.312234064588451e-01	2.326857610667776e-01	1838
1.415931211915146e-01	-2.410442210121730e-01	1839
4.331701898612914e-01	-2.959940244970485e-01	1840
3.748866157681368e-01	2.980898701130328e-01	1841
-4.128899009893087e-02	-5.761019665376617e-02	1842
-3.910480905618418e-02	-6.593218297051093e-02	1843
1.001432346828386e+00	2.215972380874145e-03	1844
-3.029822653530709e-02	-6.881828557213693e-05	1845
9.736194429858378e-01	1.309080869264235e-01	1846
2.189161740384372e-01	2.669821171871998e-01	1847
1.001356621578480e+00	-2.259251829645244e-03	1848
1.004331023608670e+00	-1.217893981258166e-02	1849
-3.651113159733056e-02	-7.575768367451620e-02	1850
1.001713957539202e+00	1.387513573980135e-03	1851
1.003032050341669e+00	6.724371787450529e-03	1852
1.001899153233053e+00	3.162818381756259e-04	1853
1.001665691438943e+00	-1.443792808790117e-03	1854
-3.812888574255262e-02	6.576036984731828e-02	1855
-4.043492548666119e-02	5.754744591490221e-02	1856
1.009401671767282e+00	3.051494976045591e-02	1857
1.007745188991600e+00	-5.645683631392515e-02	1858
9.416276506555599e-02	-2.177967421553122e-01	1859
3.144130616947798e-01	2.891438178819384e-01	1860
2.832116821979023e-01	2.827177101013474e-01	1861
2.516005659759052e-01	2.755116953925552e-01	1862
1.235453197536575e-02	-1.551830040725361e-01	1863
2.709071225219339e-02	-1.689267429525847e-01	1864
4.145570284281226e-02	-1.821962377803303e-01	1865
1.012346210108021e+00	-4.752289636504611e-02	1866
1.007195086837246e+00	-2.383958371063986e-02	1867
7.203920025045504e-01	-2.613456382181398e-01	1868
7.509571168023380e-01	-2.520015673730859e-01	1869
7.785521044810401e-01	-2.424590325330534e-01	1870
8.038446992116466e-01	-2.325839753167075e-01	1871
-3.233249405298162e-02	-7.595262128333113e-03	1872
-4.305751272570964e-02	-4.901186808752537e-02	1873
-4.495973718918365e-02	-3.121657117295983e-02	1874
-4.430266593311418e-02	-4.015988257197625e-02	1875
1.006721827456980e+00	7.611435459452780e-02	1876
-4.233017912586952e-02	4.905132018964695e-02	1877
-4.370753190616111e-02	4.029115191645752e-02	1878
-4.450021825047262e-02	3.142438740148997e-02	1879
9.642884251290085e-01	-1.306770002085230e-01	1880
9.764834139250335e-01	-1.172349744695945e-01	1881
9.859585465617798e-01	-1.050026555539295e-01	1882
9.928968884289200e-01	-9.454913511389595e-02	1883
1.002784011467709e+00	-7.543292446815276e-02	1884
5.701709659285305e-02	-1.949088831280398e-01	1885
7.517168765707835e-02	-2.071689106102288e-01	1886
-2.194200833141283e-02	-1.092036484246762e-01	1887
-1.249361758583928e-02	-1.250663225188589e-01	1888
3.721173995436337e-01	-2.932010716475212e-01	1889
4.028544584381253e-01	-2.951582239319780e-01	1890
1.014769951796368e+00	4.735720115679928e-02	1891
5.424045896222958e-01	3.049903241989091e-01	1892
5.096757054263121e-01	3.056049128299454e-01	1893
9.389625107415593e-01	1.658648703111519e-01	1894
9.195860762916794e-01	1.819570376907060e-01	1895
8.997107857450791e-01	1.967404730129830e-01	1896
8.790063564824970e-01	2.103542216541169e-01	1897
8.569874572477386e-01	2.230115442897369e-01	1898
8.321899169527702e-01	2.356035438078618e-01	1899
8.039015769326338e-01	2.483105259640997e-01	1900
7.729063075539608e-01	2.604760237115328e-01	1901
7.402232344293740e-01	2.714604392343449e-01	1902
7.063244899177517e-01	2.810354073695566e-01	1903
6.718256847628663e-01	2.890796103350071e-01	1904
6.380568781691700e-01	2.955036393380867e-01	1905
6.056076999804519e-01	3.003191464518372e-01	1906
1.573346599153077e-01	2.449218764979847e-01	1907
1.096043720726146e-01	2.214600986437220e-01	1908
9.068725026131448e-02	2.120917739089801e-01	1909
9.314156918787222e-01	-1.595547336020345e-01	1910
8.933321447711481e-01	-1.861115385765781e-01	1911
9.121806378751259e-01	-1.736566213723555e-01	1912
5.168700989302831e-01	-2.946998572656147e-01	1913
-9.176543674125402e-03	1.260245659564723e-01	1914
-1.618808101636877e-02	1.150393453700448e-01	1915
-2.162643277107251e-02	1.060399435332365e-01	1916
-2.735233535142256e-02	9.557557594512749e-02	1917
-3.174356723855528e-02	8.535106061989063e-02	1918
7.175226596042816e-02	2.013713114672029e-01	1919
3.726093553185177e-02	1.732587796487422e-01	1920
2.481306709659851e-02	1.628597924772155e-01	1921
5.286259927492194e-02	1.870223373815329e-01	1922
1.258055638999841e-02	1.519263869623465e-01	1923
4.763944228841043e-01	3.050808592550699e-01	1924
4.427394016180370e-01	3.036312877948222e-01	1925
4.080627355733004e-01	3.012719791876698e-01	1926
1.002310353777820e+00	8.685233879110235e-02	1927
9.958608995673878e-01	9.923853671670504e-02	1928
5.827515418118355e-01	-2.894176916225945e-01	1929
6.185428422430269e-01	-2.843168764002055e-01	1930
6.535898094809823e-01	-2.777835234060230e-01	1931
1.717124306933795e-01	-2.532025674275131e-01	1932
2.042823972960625e-01	-2.639562267872609e-01	1933
2.379366026556854e-01	-2.726876168502141e-01	1934
2.708845761872220e-01	-2.792431626868713e-01	1935
3.047048840040832e-01	-2.851667702688505e-01	1936
3.392456836978004e-01	-2.899066575391058e-01	1937
1.435757760374460e-01	-2.772098049161126e-01	1938
1.001655523911604e+00	2.789330472134224e-03	1939
1.004427785655318e+00	-7.878890784888527e-03	1940
1.003957203949406e+00	-6.938751483967985e-03	1941
1.002065375227108e+00	-1.112388947020933e-03	1942
1.006222001413621e+00	1.367959093430184e-02	1943
9.374153813440745e-01	-1.880105323385236e-01	1944
1.001557989862517e+00	-2.837256716102157e-03	1945
1.016362441969157e+00	7.432006482903983e-02	1946
1.144883565808485e-01	-2.622538653952611e-01	1947
1.009167365621838e+00	2.027847392327045e-02	1948
1.007747828316492e+00	1.820460215841566e-02	1949
1.005605690207896e+00	-1.382103211041646e-02	1950
1.001763454043158e+00	-1.944756773542328e-03	1951
1.002712548747514e+00	-5.682340796530726e-03	1952
1.004241805107979e+00	-1.038418310877087e-02	1953
1.004681278031886e+00	1.027707995740622e-02	1954
-5.209402712334062e-02	-5.522961890796173e-02	1955
1.001964978178549e+00	6.347087536927270e-04	1956
1.596815740296118e-01	2.825798586707379e-01	1957
-8.943185193161424e-03	-1.601679190742671e-01	1958
9.184566642825516e-01	-2.037773819725665e-01	1959
8.791650485508814e-01	-2.317832870758086e-01	1960
-5.127088570913609e-02	5.530692972891683e-02	1961
5.616720708312710e-01	3.468570821894539e-01	1962
3.237811875527578e-01	3.317773641730574e-01	1963
9.716430191491164e-01	-1.536110274059249e-01	1964
7.142652537788911e-01	-3.050633426244943e-01	1965
4.164640567598404e-01	-3.377336571174869e-01	1966
-1.845107287589141e-02	1.431516864764805e-01	1967
4.625078393278858e-02	2.144467330463254e-01	1968
9.080774014490783e-02	-2.489473989523068e-01	1969
1.017446088984135e+00	6.210840686106658e-02	1970
1.018468467042034e+00	5.459680661246008e-02	1971
-3.838312664100596e-02	1.116485475459436e-02	1972
-2.116910547014523e-02	-1.433490143402420e-01	1973
6.795700554931191e-01	-3.145617255491841e-01	1974
8.556943432637182e-01	-2.461067178350199e-01	1975
3.556290967289674e-01	3.372109817229293e-01	1976
1.001964811299383e+00	5.147974908549010e-03	1977
1.001774255807328e+00	-5.189611637400600e-03	1978
1.001941926000833e+00	-7.015021257486470e-04	1979
1.004751908938476e+00	7.745801359407693e-03	1980
1.004236777831911e+00	6.819725325601685e-03	1981
1.001456012724331e+00	-3.520317512539884e-03	1982
1.009759888477305e+00	2.711091047187067e-02	1983
1.001578502126968e+00	3.479542412420877e-03	1984
8.995967225943967e-01	-2.179013828730178e-01	1985
9.556272477437479e-01	-1.708954370280805e-01	1986
-4.542739041708728e-02	-2.266369046230526e-02	1987
1.921244688898466e-01	2.961155836589801e-01	1988
1.008416555252064e+00	-2.727132652525003e-02	1989
9.808278374263821e-01	1.542699700644386e-01	1990
1.010651754189362e+00	-3.501045819469723e-02	1991
-4.305482886387699e-02	-9.573505107655168e-02	1992
5.351671723323016e-01	-3.365986995054895e-01	1993
3.889593439180621e-01	3.414651509921156e-01	1994
1.304801576373379e-01	2.679290127694025e-01	1995
-4.649237531035198e-02	-8.463674177932377e-02	1996
1.002930183118971e+00	5.606885158144163e-03	1997
-3.651311439356865e-02	2.330054160688773e-03	1998
-3.662340634657203e-02	-2.333391976735566e-03	1999
9.944672038140537e-01	1.338327182718455e-01	2000
-5.064566749423648e-02	-6.437663176119707e-02	2001
-4.885945329861513e-02	-7.357441857063238e-02	2002
1.001829662904808e+00	1.886209596310728e-03	2003
1.002350894505137e+00	-4.058369486941885e-05	2004
1.002102927103730e+00	1.041578032835890e-03	2005
-4.777725775249579e-02	7.346035405853925e-02	2006
-4.969357153591548e-02	6.436176091647820e-02	2007
1.012423174159614e+00	3.480514266639945e-02	2008
2.917762776467456e-01	3.248596389039363e-01	2009
2.595657172902656e-01	3.168082306992223e-01	2010
2.262349430888523e-01	3.077179212759451e-01	2011
4.757046740206342e-03	-1.772571179899369e-01	2012
1.849041858200294e-02	-1.918119520419186e-01	2013
1.014240328369140e+00	-6.222513271981939e-02	2014
1.015663565900208e+00	-5.485480868070242e-02	2015
1.006890423648788e+00	-1.836815203420718e-02	2016
1.008194451790423e+00	-2.048946094635492e-02	2017
7.470651445433008e-01	-2.945610205770337e-01	2018
7.771349358073616e-01	-2.835258999572070e-01	2019
8.045342328439018e-01	-2.720765391191695e-01	2020
8.304086775378199e-01	-2.597846066205741e-01	2021
-3.859341800897229e-02	-1.112775391418028e-02	2022
-5.340764036070134e-02	-3.624176613942726e-02	2023
-5.301609921722625e-02	-4.579195012429606e-02	2024
-5.232806395957005e-02	4.595564213801490e-02	2025
-4.509837910670774e-02	2.292887490689494e-02	2026
-5.285907996659660e-02	3.648257739701415e-02	2027
9.846701269068484e-01	-1.369348219276380e-01	2028
9.946379300451876e-01	-1.215220636619096e-01	2029
1.001786324744927e+00	-1.079859840596403e-01	2030
1.006935639754290e+00	-9.626366391274396e-02	2031
1.009082610150149e+00	-8.428605195084593e-02	2032
1.012532847344296e+00	-7.419544508109990e-02	2033
3.338903878454237e-02	-2.070230028882085e-01	2034
5.089629467992651e-02	-2.223731218788366e-01	2035
7.043821213593081e-02	-2.365429234704498e-01	2036
-3.851357901763503e-02	-1.093303446920390e-01	2037
-3.074146067576007e-02	-1.247013883353860e-01	2038
3.844158986498195e-01	-3.357061885642125e-01	2039
5.283426625482089e-01	3.480485151466514e-01	2040
9.641499216916901e-01	1.748192844493207e-01	2041
9.457243093019433e-01	1.942933682122165e-01	2042
9.263181499915364e-01	2.122827827370710e-01	2043
9.057925804099052e-01	2.290113764329512e-01	2044
8.838219043806583e-01	2.446057927449446e-01	2045
8.597862854356313e-01	2.594530042507232e-01	2046
8.325944509987879e-01	2.742151103752457e-01	2047
8.021496275664211e-01	2.886974090575560e-01	2048
7.692733123335165e-01	3.022000424108083e-01	2049
7.347886377070466e-01	3.142119420565414e-01	2050
6.993124170165745e-01	3.245221406667326e-01	2051
6.639010894296532e-01	3.329891319285687e-01	2052
6.293467207157143e-01	3.396182257170732e-01	2053
5.952228044421457e-01	3.443564898036361e-01	2054
1.062243671793297e-01	2.537935143499145e-01	2055
8.673879169590190e-02	2.427886057776149e-01	2056
4.548719453064030e-01	-3.381393599901855e-01	2057
4.964549440032540e-01	-3.378101439155952e-01	2058
-2.680276512680437e-02	1.290852209728547e-01	2059
-3.202517717139969e-02	1.180992868084363e-01	2060
-3.744857371704875e-02	1.074893942863927e-01	2061
-4.164277145933613e-02	9.532418807479540e-02	2062
-4.524533390868260e-02	8.438409672537955e-02	2063
6.705369799056052e-02	2.306656512034136e-01	2064
1.630614629024807e-02	1.848847654834321e-01	2065
2.899449164755104e-02	1.975881965503512e-01	2066
-8.031499103254267e-03	1.577261942485842e-01	2067
4.208643013404735e-03	1.727550510403956e-01	2068
4.939807940000691e-01	3.480684882612626e-01	2069
4.593844964538687e-01	3.469303786966266e-01	2070
4.241730205040299e-01	3.447318401867497e-01	2071
1.013229464001725e+00	8.513840449534718e-02	2072
1.010947361217278e+00	9.938626223200774e-02	2073
1.004299194383454e+00	1.152012103880722e-01	2074
5.693457559151628e-01	-3.338765224289670e-01	2075
6.064618210839784e-01	-3.293549477882561e-01	2076
6.436024143474285e-01	-3.227257681406785e-01	2077
1.762846084151216e-01	-2.912900968335241e-01	2078
2.111480625315874e-01	-3.034175667195370e-01	2079
2.463050368332967e-01	-3.128790146157317e-01	2080
2.804533332402239e-01	-3.203238570509003e-01	2081
3.159556085831375e-01	-3.270451346700915e-01	2082
3.510996843171999e-01	-3.322088751029115e-01	2083
1.011994867783573e+00	-4.025567018611187e-02	2084
1.010548842916865e+00	1.780818975548834e-02	2085
1.006106545552964e+00	-1.157151137411261e-02	2086
1.012173073138658e+00	-3.012694884414905e-02	2087
1.006633290754087e+00	-1.578528688928454e-02	2088
-6.260464078443410e-02	-6.144645685661115e-02	2089
5.658573362801708e-01	3.941714901641500e-01	2090
7.440477131860552e-01	-3.423378001318196e-01	2091
2.994036629329639e-01	3.718584320964892e-01	2092
1.013679192013295e+00	2.979168554272967e-02	2093
-6.234606612417993e-02	5.162869453640070e-02	2094
6.365733271126039e-02	-2.692531154570649e-01	2095
9.468613223760153e-01	-2.187729377296254e-01	2096
1.005241891870707e+00	-6.883618292724103e-03	2097
9.650107511697275e-01	-1.992241685024363e-01	2098
1.287591162839076e-01	3.077386583188568e-01	2099
1.019523088814813e+00	-4.873107322487467e-02	2100
7.087684287745103e-01	-3.540350700828219e-01	2101
-5.808823375396694e-02	-9.408170018236829e-02	2102
1.001979521602333e+00	2.470878431473133e-03	2103
1.002448461319660e+00	5.297013575376260e-04	2104
1.002257148601499e+00	1.556727243586188e-03	2105
1.021998491331380e+00	4.820676450882366e-02	2106
-6.807419844776427e-03	1.951186085916882e-01	2107
-3.183959823028562e-02	-1.633163423756968e-01	2108
-4.535131333488066e-02	1.480436098729827e-02	2109
6.716755959096161e-01	-3.643094262635438e-01	2110
4.346716130622988e-01	-3.850956110341610e-01	2111
1.018459942928618e+00	-9.219583786147714e-02	2112
1.019569162590049e+00	-8.224064914084414e-02	2113
1.444051443768569e-01	-3.179920630412267e-01	2114
3.970277902545283e-01	-3.832186906243415e-01	2115
-1.915735037970191e-02	-1.816853878627664e-01	2116
1.024929991961676e+00	6.895792589031928e-02	2117
1.025000475087366e+00	5.934175176579141e-02	2118
1.004625616141900e+00	1.556881470581312e-01	2119
3.677829031051007e-01	3.853006770529653e-01	2120
9.949633551718493e-01	-1.584613702462593e-01	2121
-3.864203692277197e-02	1.451018300308079e-01	2122
1.878867735267423e-02	2.246218568489662e-01	2123
4.037726968998379e-01	3.898021884189101e-01	2124
1.123338572758282e-01	-3.003011003894143e-01	2125
8.580395821028977e-02	-2.840012499017581e-01	2126
1.002810606603246e+00	4.613100342731725e-03	2127
1.002428159366131e+00	-6.137746629339735e-04	2128
1.007355610913003e+00	1.561129433537846e-02	2129
8.861782635518469e-01	-2.699393947233235e-01	2130
1.002200807629854e+00	-1.631590509557968e-03	2131
1.001891596997029e+00	-2.532116639323905e-03	2132
1.011808848890266e+00	2.343946966853305e-02	2133
1.003736396242977e+00	-6.189510560885723e-03	2134
1.005095398474214e+00	-9.166663856564644e-03	2135
1.006614104829448e+00	1.138929179990933e-02	2136
1.005526068251939e+00	6.709913589368670e-03	2137
1.612122124825872e-01	3.250119411387173e-01	2138
-6.169935796232902e-02	6.158029005562869e-02	2139
3.332148020339925e-01	3.793897791278494e-01	2140
9.813888947772412e-01	-1.787746661644317e-01	2141
3.624366299528545e-01	-3.795359908978347e-01	2142
-2.998357691659800e-02	1.617645154253065e-01	2143
-5.322049718731946e-02	2.706141257004816e-02	2144
-4.557130558635233e-02	-1.459283689126225e-02	2145
1.003982173901657e+00	6.075397165752865e-03	2146
1.001551833263978e+00	-4.304686397990823e-03	2147
1.005482172595678e+00	9.012620536325705e-03	2148
1.002634665974419e+00	-4.691795659939006e-03	2149
1.002132801248612e+00	-3.272020331191490e-03	2150
1.014045964050200e+00	4.002569622312443e-02	2151
1.001704990106061e+00	4.265332445669119e-03	2152
9.084658003881642e-01	-2.531400627782300e-01	2153
9.281449266661390e-01	-2.365219657092319e-01	2154
-6.311633718247990e-02	-5.141863453021833e-02	2155
-5.362532220949028e-02	-2.675416536400032e-02	2156
1.010653617582551e+00	-2.374625648830656e-02	2157
1.002249551730050e+00	3.204993648739783e-03	2158
-4.202637856015023e-02	1.156156998691847e-04	2159
-6.143121325948629e-02	-7.108970082168681e-02	2160
-6.024533172684730e-02	-8.158632779525474e-02	2161
-6.039841985309102e-02	7.114449602082042e-02	2162
1.964934421546835e-01	3.404599066505072e-01	2163
2.660273402361633e-01	3.628435042199288e-01	2164
2.323639431840325e-01	3.531354057714144e-01	2165
-6.184390265048305e-03	-2.005731571822344e-01	2166
1.009694547482839e+00	-1.811038750661045e-02	2167
7.768043012428375e-01	-3.296773979841527e-01	2168
8.067630808422106e-01	-3.163617672081180e-01	2169
8.345328586473507e-01	-3.022089565722128e-01	2170
8.611165167851510e-01	-2.866613104569208e-01	2171
-4.368701298190653e-02	-5.311030207259833e-03	2172
-6.311634727555825e-02	-4.131542937463448e-02	2173
-6.248337242864915e-02	4.159623553174011e-02	2174
1.005283025986189e+00	-1.393754690827816e-01	2175
1.012356721346400e+00	-1.222522875877180e-01	2176
1.015330085904643e+00	-1.069604856832650e-01	2177
1.021943503843871e+00	-5.989325138971963e-02	2178
1.021391182207351e+00	-6.937299722096053e-02	2179
7.296731876690093e-03	-2.168532913259706e-01	2180
2.367121476740939e-02	-2.347843988585132e-01	2181
4.281613234547250e-02	-2.528947256855312e-01	2182
-5.482862431629090e-02	-1.069144176786257e-01	2183
-4.958370952892313e-02	-1.241622564878584e-01	2184
-4.187694010923288e-02	-1.416665527348901e-01	2185
9.906987126973842e-01	1.797132845255124e-01	2186
9.741275306125738e-01	2.031289900644826e-01	2187
9.558274853930587e-01	2.250456381629562e-01	2188
9.360314327009387e-01	2.455001465056851e-01	2189
9.144278199623115e-01	2.647328593146245e-01	2190
8.907622620323051e-01	2.828853299445637e-01	2191
8.644381838145795e-01	3.003713510879501e-01	2192
8.347811213946932e-01	3.175602799437575e-01	2193
8.020150591096601e-01	3.340182946133651e-01	2194
7.669591210572615e-01	3.490423874163274e-01	2195
7.304386342016063e-01	3.621973572917879e-01	2196
6.933941917404999e-01	3.732650070907194e-01	2197
6.567433318578112e-01	3.821919860661554e-01	2198
6.203397075491462e-01	3.890537585940930e-01	2199
3.836361728362833e-02	2.451568327138786e-01	2200
1.010675855752634e-01	2.902054201069481e-01	2201
8.000961797196933e-02	2.767284991355966e-01	2202
4.755867383924374e-01	-3.855642103249216e-01	2203
5.169604227924256e-01	-3.850431041920898e-01	2204
-4.487743831466084e-02	1.306277195435020e-01	2205
-4.926601659294984e-02	1.198354287500618e-01	2206
-5.356669148291870e-02	1.058952917657685e-01	2207
-5.674204393005619e-02	9.391855363129653e-02	2208
-5.907200388815791e-02	8.155207294516685e-02	2209
6.009451247883810e-02	2.631065252471742e-01	2210
4.539650905083860e-03	2.086764011325691e-01	2211
-1.885277023573677e-02	1.783520483529102e-01	2212
5.128029485906195e-01	3.955834010600283e-01	2213
4.767442917611101e-01	3.949958194469755e-01	2214
4.404008913312921e-01	3.930279851095368e-01	2215
1.014810390388091e+00	1.328780826513632e-01	2216
1.023665289525161e+00	8.235745570021159e-02	2217
1.022687303850618e+00	9.398160827841745e-02	2218
1.018976046698879e+00	1.121737026044103e-01	2219
5.557814824319053e-01	-3.829732486447792e-01	2220
5.934199584526406e-01	-3.792529222187930e-01	2221
6.330957360001563e-01	-3.728683150612064e-01	2222
1.799412752919786e-01	-3.341689401622248e-01	2223
2.171883128900156e-01	-3.476907901795605e-01	2224
2.535887300546963e-01	-3.579239438254474e-01	2225
2.894001327875282e-01	-3.664705602613204e-01	2226
3.263873987854338e-01	-3.739637579902370e-01	2227
7.036717317192475e-01	-4.088796000543622e-01	2228
1.003218742995431e+00	3.635293215332868e-03	2229
-5.939510874924885e-02	1.449544420108977e-01	2230
-7.379208263318217e-02	6.787855916103916e-02	2231
-7.302809477596625e-02	7.780128610389499e-02	2232
1.011251743217986e+00	-2.074745235750158e-02	2233
-5.340100027043741e-02	-1.794080194940050e-02	2234
7.777457956799200e-01	-3.814881454576681e-01	2235
6.636362967741993e-03	2.551837083534699e-01	2236
8.960871351240874e-01	-3.122317556570894e-01	2237
1.085554272493933e-01	-3.431449494179789e-01	2238
1.010218931183449e+00	1.485875951047391e-02	2239
1.017179999502709e+00	-4.314974841367350e-02	2240
1.013767924845403e+00	2.695780120432493e-02	2241
1.008242432204738e+00	1.285162134378340e-02	2242
1.616978137131737e-01	3.727103652242078e-01	2243
1.003800821455881e+00	4.990902378318170e-03	2244
1.017385313983401e+00	3.470216565260396e-02	2245
-5.195621923518651e-02	-8.398894733333384e-03	2246
1.002917804166220e+00	1.561575409373710e-04	2247
1.002910268972430e+00	-2.577367184000014e-04	2248
1.015609646589215e+00	-3.515660408093812e-02	2249
2.709776645295260e-01	4.142512789268347e-01	2250
-7.128999994454248e-02	-1.040117436317307e-01	2251
-5.312794687925448e-02	1.826239250813935e-02	2252
-4.323193504602283e-02	7.072115788943963e-03	2253
1.029284798953648e+00	-8.839466529508744e-02	2254
1.029509116631439e+00	-7.710365204275794e-02	2255
4.126955720450217e-01	-4.362258288814625e-01	2256
7.887280581385360e-02	-3.234243973114707e-01	2257
-6.291410788180928e-02	-3.083380702921227e-02	2258
3.807731426959791e-01	4.389730733480628e-01	2259
9.435717183309036e-02	3.313427292794956e-01	2260
-4.368223627344377e-02	1.823432362569228e-01	2261
-7.393698962266661e-02	5.717051012038944e-02	2262
-3.272207717197895e-02	2.004263493596084e-01	2263
4.191286743355931e-01	4.435265858877661e-01	2264
3.065100538172560e-01	4.243149983696129e-01	2265
1.025995691331808e+00	5.463905594205447e-02	2266
7.419434195218252e-01	-3.959162223215703e-01	2267
9.941129437938331e-01	-2.058491231431949e-01	2268
5.450544819741521e-02	-3.056542952788838e-01	2269
1.012414668492059e+00	-2.732387371296482e-02	2270
1.007652819920504e+00	-1.309475015343786e-02	2271
6.495385942062638e-01	4.372354540501578e-01	2272
6.634301851107977e-01	-4.199349167361617e-01	2273
9.779470999398688e-01	-2.295629746579160e-01	2274
1.007559513076410e+00	-1.816566416780743e-01	2275
1.258230570428343e-01	3.526054121202611e-01	2276
1.002699339878540e+00	1.112688720706788e-03	2277
1.002416134025175e+00	2.099388499585632e-03	2278
1.024684680233780e+00	1.510978041408512e-01	2279
1.023181472468368e+00	-5.528230324211756e-02	2280
1.032945185428083e+00	6.423874880833823e-02	2281
1.438954642694194e-01	-3.638953445238730e-01	2282
3.737515880708657e-01	-4.322713082162526e-01	2283
1.029652431850563e+00	-6.511304214615674e-02	2284
-5.253092756922559e-02	1.623647845083889e-01	2285
-7.476129426393641e-02	-6.767237276364461e-02	2286
-7.411745067019349e-02	-7.765519139691289e-02	2287
1.002657490817685e+00	-1.204728809679696e-03	2288
1.002030811178592e+00	-4.039268651540886e-03	2289
1.003602057418306e+00	-5.105829873891716e-03	2290
1.002339476004122e+00	-2.177976355797487e-03	2291
1.012248722255052e+00	2.038733752210132e-02	2292
1.005874500169558e+00	-8.054415376958439e-03	2293
3.431320428194663e-01	4.326255991995726e-01	2294
1.006214305708852e+00	7.859671445197242e-03	2295
1.003079160288950e+00	-3.736141695415822e-03	2296
1.019368460412508e+00	4.269488684985179e-02	2297
9.202095567133453e-01	-2.921476243618570e-01	2298
9.412455961014130e-01	-2.721839570567537e-01	2299
9.601757906455011e-01	-2.517078877847786e-01	2300
-7.427250209334195e-02	-4.624210618464651e-02	2301
-7.477189972078797e-02	-5.689938611660957e-02	2302
-7.357158480600991e-02	4.657214132984552e-02	2303
1.009518154398309e+00	-1.517363721902555e-02	2304
1.002176789454262e+00	3.979920267928798e-03	2305
-7.339274596370055e-02	-9.005926151782773e-02	2306
1.997035358432175e-01	3.900465494625707e-01	2307
2.367421772712769e-01	4.035622099239487e-01	2308
-4.465970162067047e-02	-1.850758720942250e-01	2309
-3.297707018233229e-02	-2.043957480855561e-01	2310
8.106680732708973e-01	-3.660214374127899e-01	2311
8.409567823715837e-01	-3.495443939516403e-01	2312
8.693828058713734e-01	-3.316439723717213e-01	2313
-4.943962282743021e-02	-5.377055907081948e-04	2314
-6.243100126546194e-02	3.118514967291366e-02	2315
1.015193172896991e+00	-1.571221026826713e-01	2316
1.022927023352828e+00	-1.366915152309834e-01	2317
1.028274073619153e+00	-1.020303175403782e-01	2318
1.027050646580564e+00	-1.172467214633035e-01	2319
-2.038258597350318e-02	-2.253293348715991e-01	2320
3.226187819187271e-02	-2.866275600829414e-01	2321
-6.151119133501752e-03	-2.447129242215072e-01	2322
1.193300301442703e-02	-2.653755623619251e-01	2323
-6.823801881908693e-02	-1.200411312837782e-01	2324
-6.294626384586878e-02	-1.400430927546845e-01	2325
-5.530139895452577e-02	-1.604660000124919e-01	2326
1.017330426401184e+00	1.793458456784312e-01	2327
1.003846935650664e+00	2.068481380157281e-01	2328
9.877161351386946e-01	2.333335406607769e-01	2329
9.694469228593667e-01	2.582589345283938e-01	2330
9.488955868762908e-01	2.818755030906475e-01	2331
9.258991211743951e-01	3.042824215428042e-01	2332
9.002111991427343e-01	3.256002569262205e-01	2333
8.713947069086687e-01	3.461934752792051e-01	2334
8.390777921601946e-01	3.661439629033215e-01	2335
8.036791720293373e-01	3.848488054493344e-01	2336
7.661030238883867e-01	4.015994337657814e-01	2337
7.273648185588980e-01	4.159864037790725e-01	2338
6.884480964300552e-01	4.278405822567120e-01	2339
5.999558602370078e-01	4.444815747168704e-01	2340
2.808581060684232e-02	2.789974753718042e-01	2341
7.045075058991510e-02	3.143912735328294e-01	2342
4.539810865200388e-01	-4.380470171073710e-01	2343
4.964715691637336e-01	-4.384398892436811e-01	2344
-6.737822267602180e-02	1.174455131475311e-01	2345
-7.000510134414728e-02	1.035385693963546e-01	2346
-7.215109957793285e-02	9.011990048195399e-02	2347
4.996020493344111e-02	2.986304590499353e-01	2348
-9.769238348579231e-03	2.351947300788871e-01	2349
-2.141588565154653e-02	2.183206416857488e-01	2350
5.429552378191841e-01	4.481186993473655e-01	2351
4.764085722880697e-01	4.472562017423307e-01	2352
1.033354778154836e+00	7.655730752150222e-02	2353
1.033545087619169e+00	8.906503969630823e-02	2354
1.030773146835739e+00	1.253379352921736e-01	2355
1.032490108240872e+00	1.055111221523252e-01	2356
5.388171218974168e-01	-4.372657288854386e-01	2357
5.795182020096667e-01	-4.342832043451288e-01	2358
6.213648138602924e-01	-4.286815397354479e-01	2359
1.825145404426285e-01	-3.823395866301175e-01	2360
2.219672278975839e-01	-3.972764262355040e-01	2361
2.596627985959606e-01	-4.084186343828665e-01	2362
2.974450703190196e-01	-4.182012170047753e-01	2363
3.360850921822316e-01	-4.264569902685172e-01	2364
1.013220171421491e+00	1.684689099051842e-02	2365
1.023625412527601e+00	-4.375331659750575e-02	2366
1.021314908886993e+00	-3.820446303915737e-02	2367
-6.227695285995077e-02	-2.110402096392680e-02	2368
1.004662403435471e+00	-5.525150348189097e-03	2369
-8.630119201749632e-02	5.123083820592438e-02	2370
2.568749148603879e-01	4.656754595394508e-01	2371
8.164382855681400e-01	-4.216898852792896e-01	2372
3.868069083760887e-01	-4.914266335274174e-01	2373
-5.021335045867800e-02	2.234929259397566e-01	2374
-8.727344659863620e-02	6.248550874012310e-02	2375
3.945170774423439e-01	4.976456957212569e-01	2376
9.948962568002210e-01	-2.615326311399715e-01	2377
1.008120660923387e+00	-1.107701023693301e-02	2378
1.012773961143529e+00	-1.807552794073260e-02	2379
1.012028403062647e+00	-1.649590670021816e-02	2380
5.834835154629770e-02	3.565186577855096e-01	2381
-2.626044810833003e-02	2.648811650765216e-01	2382
1.003054171438152e+00	6.880817314710518e-04	2383
1.002887308990365e+00	1.701871250244672e-03	2384
1.039560527173795e+00	-1.301282799995461e-01	2385
1.006664130877087e+00	-9.435147808775732e-03	2386
1.006678477145640e+00	-6.863627611208736e-03	2387
1.007071287106441e+00	9.213379313241947e-03	2388
1.010698210213406e+00	1.240832116300607e-02	2389
1.002823255741873e+00	-1.799131481528252e-03	2390
1.003026967845802e+00	-7.939964314968847e-04	2391
-6.152023947819045e-02	-1.176563529928424e-02	2392
-5.796913169463297e-02	-2.066742335409208e-03	2393
1.213866083390754e-01	4.030599430780494e-01	2394
7.406033833473397e-01	-4.560012412819902e-01	2395
9.353218584894510e-01	-3.351129905378001e-01	2396
1.029453882848336e+00	4.800764393159132e-02	2397
-8.672291132276815e-02	-1.149422126511503e-01	2398
4.301661227756180e-01	-4.953805906590417e-01	2399
-8.248118601458634e-02	1.361465195496975e-01	2400
-8.757628164691988e-02	7.371460831429043e-02	2401
-8.760465728455760e-02	8.476040798893940e-02	2402
-7.967227201148369e-03	2.893425235109993e-01	2403
3.538058543262400e-01	4.913611955458624e-01	2404
1.038580270685299e+00	-7.124136545018570e-02	2405
1.418558872715001e-01	-4.154736055663291e-01	2406
9.093739920820227e-01	-3.589258250835315e-01	2407
1.029020353978382e-01	-3.913101521309433e-01	2408
6.974446563704111e-02	-3.677390024854449e-01	2409
4.265381677906370e-02	-3.461531384920055e-01	2410
6.985144138752889e-01	-4.703157029032934e-01	2411
7.800413172730669e-01	-4.396234984248321e-01	2412
1.876587068192434e-02	-3.237681906006987e-01	2413
1.607763321364614e-01	4.261561627609169e-01	2414
1.004299884164790e+00	3.975301332727769e-03	2415
1.004884302562042e+00	5.368793610576658e-03	2416
1.003501236975548e+00	-6.170145302649732e-05	2417
-8.843167465763033e-02	-9.920888759032401e-02	2418
-6.193689339949462e-02	2.150363534042564e-02	2419
1.043186303053599e+00	1.419299834417838e-01	2420
1.039640233729727e+00	-8.298168304550758e-02	2421
8.594858957213609e-02	3.777942108409062e-01	2422
-6.017224235014399e-02	2.041314105845201e-01	2423
-7.343559035584900e-02	-3.471514828655452e-02	2424
3.136106292945557e-01	4.827567189882042e-01	2425
1.044711401377322e+00	9.806794357039066e-02	2426
1.010435195693367e+00	-2.344963624395662e-01	2427
1.014266937664569e+00	-2.345829126040678e-02	2428
1.010115315895260e+00	-1.276642492066367e-02	2429
1.024922570674538e+00	-2.072737639370781e-01	2430
1.002805493988122e+00	2.768605131969323e-03	2431
1.026979506726492e+00	-4.890316848190855e-02	2432
-6.926683902222275e-02	1.812329639473019e-01	2433
-7.611068588045332e-02	1.611518197560198e-01	2434
-8.815359129958315e-02	-6.214020172064857e-02	2435
1.002701917694342e+00	-2.858451769069262e-03	2436
1.004139994974945e+00	-4.116292754439348e-03	2437
1.015413420171327e+00	2.296793774709251e-02	2438
1.008613230144484e+00	1.079974417460638e-02	2439
1.006967978313359e+00	6.628261480525328e-03	2440
1.025835249376630e+00	4.298145151369724e-02	2441
1.023233458496563e+00	3.750011977940552e-02	2442
9.579198199717922e-01	-3.110496393868771e-01	2443
9.774596982833456e-01	-2.868651377093900e-01	2444
-8.704746925900371e-02	-5.083837767051493e-02	2445
-8.858421046202514e-02	-7.342127822903557e-02	2446
-8.873117922066671e-02	-8.451678095072268e-02	2447
2.012745449471575e-01	4.452861401731324e-01	2448
-3.754663060820893e-02	-2.521170715107121e-01	2449
8.498235340414918e-01	-4.024023772030952e-01	2450
8.807064012483872e-01	-3.815451921980974e-01	2451
-5.207790152318448e-02	8.407327232745117e-03	2452
-7.288039303708500e-02	3.510707419593959e-02	2453
1.040263506895306e+00	-9.610746248498320e-02	2454
1.030009117702371e+00	-1.753340314495030e-01	2455
1.034890014785246e+00	-1.529548612087477e-01	2456
1.040673949212868e+00	-1.107478590603205e-01	2457
-6.097869510781730e-02	-2.075177610198465e-01	2458
-5.039242146912566e-02	-2.284637938409061e-01	2459
-2.205758528991016e-02	-2.759563419194708e-01	2460
-3.076573537584110e-03	-2.990883393633432e-01	2461
-8.391851959745787e-02	-1.344762307526046e-01	2462
-7.830673199296799e-02	-1.569675636662983e-01	2463
-7.114153472896641e-02	-1.813093916456865e-01	2464
1.039317714268401e+00	1.699895115511348e-01	2465
1.030110739351005e+00	2.027824596200353e-01	2466
1.020601963487035e+00	2.353463443767491e-01	2467
1.005117119283505e+00	2.653714733445475e-01	2468
9.867029279984998e-01	2.941040006223060e-01	2469
9.652313558664698e-01	3.216599856032725e-01	2470
9.405644484860749e-01	3.479982541050834e-01	2471
9.126352327380182e-01	3.731550222933518e-01	2472
8.810710105983485e-01	3.974064591787283e-01	2473
8.457542329869879e-01	4.205490570591164e-01	2474
8.073202915964541e-01	4.418326211156406e-01	2475
7.668761215896845e-01	4.605230139842577e-01	2476
7.255143818676890e-01	4.762436213861477e-01	2477
6.835097948625007e-01	4.879667159014231e-01	2478
6.348214494490180e-01	4.992070686966227e-01	2479
4.741019560047862e-01	-4.971578594352849e-01	2480
-8.566277336619496e-02	1.133533588040725e-01	2481
-8.719255858903111e-02	9.908936011731678e-02	2482
3.663084976822766e-02	3.367395032307868e-01	2483
1.437502628320016e-02	3.157277182482135e-01	2484
-3.959650859539000e-02	2.428859797222932e-01	2485
5.770871863856345e-01	5.054302506607725e-01	2486
5.111385850929249e-01	5.069302358444486e-01	2487
4.459395310352681e-01	5.041075583051828e-01	2488
1.042125381400451e+00	7.012721928020618e-02	2489
1.043733454383018e+00	8.268246305223330e-02	2490
1.045187087579011e+00	1.166185617599130e-01	2491
5.187875150922295e-01	-4.970858432296899e-01	2492
6.539834347046477e-01	-4.820861868392429e-01	2493
5.630688197283975e-01	-4.950145390181054e-01	2494
6.079223593601676e-01	-4.905118028187613e-01	2495
1.835821945723243e-01	-4.363188434791654e-01	2496
2.251448989470438e-01	-4.527158670139362e-01	2497
2.643577020056952e-01	-4.649969737140831e-01	2498
3.045594751478237e-01	-4.761058993030970e-01	2499
3.456988045284576e-01	-4.847334337551150e-01	2500
1.015615110729694e+00	1.935520144926009e-02	2501
5.433536488636644e-01	-5.614190375167023e-01	2502
1.010809171984879e+00	1.010677628692645e-02	2503
5.813575223863710e-02	-4.175279900758662e-01	2504
1.033923534967335e+00	5.460933190968838e-02	2505
-1.034897160186686e-01	1.270312548541869e-01	2506
-1.009275746025997e-01	1.536154447528969e-01	2507
4.137426307205274e-01	5.656294574809533e-01	2508
2.779671996064660e-02	-3.912408109804614e-01	2509
1.038972416058648e+00	-6.118670774802816e-02	2510
8.613013212628410e-01	-4.613820064743250e-01	2511
-1.046142728512536e-01	-1.271104726695708e-01	2512
-1.016249747543053e-01	-5.495368860339732e-02	2513
1.150472754746466e-01	4.596457098149461e-01	2514
1.042103942770652e+00	5.992994631608306e-02	2515
1.014559046401016e+00	-2.085458279142985e-02	2516
1.009011743667103e+00	8.870119933362338e-03	2517
1.007822560344834e+00	7.872581354768272e-03	2518
1.007472011401197e+00	-8.136703005963640e-03	2519
-1.024412163671745e-01	6.747073990952504e-02	2520
4.369835973884254e-02	4.039370824093624e-01	2521
1.031057788293938e+00	-2.645111851170373e-01	2522
-7.223843491778539e-02	-2.405293006900988e-02	2523
9.543229407535320e-01	-3.821986047797838e-01	2524
1.891398089430289e-03	-3.645812466328451e-01	2525
-8.531905499150737e-02	-3.818319531289210e-02	2526
1.578662636379217e-01	4.858504716906366e-01	2527
-8.028957367289978e-02	2.262592382433398e-01	2528
1.054782096323400e+00	-1.213580554387887e-01	2529
4.723436150607224e-01	-5.620065905583789e-01	2530
4.018326041684686e-01	-5.573221372474505e-01	2531
7.396145174190201e-01	-5.234326557342458e-01	2532
9.512705631925424e-02	-4.453874202706620e-01	2533
1.027564389538008e+00	-3.887587855347331e-02	2534
1.030451565452812e+00	-4.300619160383708e-02	2535
1.022303378160943e+00	3.186040821753511e-02	2536
1.017920185977365e+00	2.635341802620254e-02	2537
-7.166099758259054e-02	-1.560053810249187e-02	2538
-1.053656788902998e-01	-1.087340196262387e-01	2539
-8.473852614987402e-02	3.862294890683585e-02	2540
3.440866952854819e-01	5.503195917131863e-01	2541
8.242056711079976e-01	-4.840938367012961e-01	2542
1.015898112635713e+00	-2.948606736705525e-01	2543
1.005967747288008e+00	-5.721204439290799e-03	2544
1.008608317009226e+00	-9.179804850128218e-03	2545
1.811282521354488e-02	3.786992254817148e-01	2546
-4.553062640105549e-02	2.978517221370590e-01	2547
1.003833735432964e+00	2.966439969733020e-03	2548
1.003350323474130e+00	1.253701226496774e-03	2549
1.011987313590698e+00	-1.450581359953846e-02	2550
1.012663183321566e+00	1.407086954620523e-02	2551
1.005312329184876e+00	-4.483207999585604e-03	2552
1.003301410770736e+00	-1.369419752586174e-03	2553
6.924109164147380e-01	-5.391744309726814e-01	2554
1.031111370209182e+00	-5.565235193827849e-02	2555
-1.042784167316737e-01	9.211872649465407e-02	2556
1.059655480798031e+00	1.305201250616644e-01	2557
1.049223009461862e+00	-7.623138858776192e-02	2558
7.836152917958022e-01	-5.048741888057194e-01	2559
1.006203684689231e+00	5.511388139786778e-03	2560
1.005492210050646e+00	4.296027276200887e-03	2561
-6.784769247969179e-02	-3.833583837164283e-03	2562
7.552069892012242e-02	4.301544812070748e-01	2563
-1.008475705484478e-01	5.542493139924325e-02	2564
2.692195487382549e-01	5.324221430522859e-01	2565
1.053377751934480e+00	-1.031246974719720e-01	2566
1.016587262448055e+00	-2.693549865369952e-02	2567
1.020679213818048e+00	-3.257830255815544e-02	2568
1.010337085079593e+00	-1.048749300756961e-02	2569
1.040293491204826e+00	-2.330094854778449e-01	2570
1.003055289675386e+00	2.377630611919841e-03	2571
-8.891724073255833e-02	2.018169160194170e-01	2572
-9.497930493787442e-02	1.783659203896081e-01	2573
-1.033496197895151e-01	-6.704270735944226e-02	2574
1.002965243226920e+00	-2.478630755600302e-03	2575
1.003717080236217e+00	-3.094343562039345e-03	2576
1.032618631501151e+00	4.189483518192013e-02	2577
1.029519094057362e+00	3.787327510524113e-02	2578
9.784957198059195e-01	-3.532956478902107e-01	2579
9.988159727534767e-01	-3.243391192877387e-01	2580
-1.054159002107600e-01	-9.195789719682262e-02	2581
-1.043622998250723e-01	-7.858304788706862e-02	2582
-1.033390302433088e-01	7.897137692334992e-02	2583
2.098161709203979e-01	5.105421191981152e-01	2584
8.953186389074633e-01	-4.369430434962362e-01	2585
9.264110725098984e-01	-4.103927960714248e-01	2586
-6.161774369215212e-02	9.339712667377639e-03	2587
-7.182055846612376e-02	2.450515515030325e-02	2588
1.049001625365056e+00	-1.949535365824552e-01	2589
1.051200681857723e+00	-1.683411705993273e-01	2590
1.053690174728477e+00	-1.449822468319616e-01	2591
-8.117170773343513e-02	-2.302928377491802e-01	2592
-7.123897737401087e-02	-2.544263052128806e-01	2593
-5.758367133200264e-02	-2.813388737521237e-01	2594
-4.104559343037505e-02	-3.099722547555233e-01	2595
-2.144333635282962e-02	-3.363423601867814e-01	2596
-9.034211340249755e-02	-2.032150008284034e-01	2597
-1.022491797085634e-01	-1.505344796623678e-01	2598
-9.700693460792185e-02	-1.751758441980487e-01	2599
1.059354960577612e+00	1.584596787845367e-01	2600
1.055176552996679e+00	1.921663477042179e-01	2601
1.049257938770744e+00	2.259630769016422e-01	2602
1.043219892013284e+00	2.660611195587421e-01	2603
1.026366194621490e+00	2.992415415405545e-01	2604
1.007858506006301e+00	3.326767204581608e-01	2605
9.853744418442403e-01	3.651124358380653e-01	2606
9.589245736988925e-01	3.962018186044315e-01	2607
9.285064881414186e-01	4.259968713535719e-01	2608
8.938325122845916e-01	4.545844713280724e-01	2609
8.550736895615086e-01	4.814443676570331e-01	2610
8.131539609799272e-01	5.056882946391900e-01	2611
7.692898505154713e-01	5.266058357990946e-01	2612
7.221814216726498e-01	5.420065634089307e-01	2613
6.751455247500338e-01	5.571501011824216e-01	2614
-1.042315680583926e-01	1.078312638265479e-01	2615
-2.600625712053545e-02	3.267918701494250e-01	2616
-2.603203224723206e-03	3.555574388867340e-01	2617
-6.056151290235519e-02	2.702281371490434e-01	2618
-7.167567266520185e-02	2.474230490048791e-01	2619
6.146093640191144e-01	5.679547550876191e-01	2620
5.475308698691869e-01	5.721818691831800e-01	2621
4.776749969369181e-01	5.713817646883260e-01	2622
1.055758930401356e+00	8.966302015417701e-02	2623
1.053017954890396e+00	7.513377325512689e-02	2624
1.051358248225856e+00	-8.904525142211620e-02	2625
1.058287087009277e+00	1.070152827715679e-01	2626
5.916125299316364e-01	-5.587504508153148e-01	2627
6.423494016887686e-01	-5.513564894561721e-01	2628
1.378803614755982e-01	-4.732887192779480e-01	2629
1.827147500982009e-01	-4.966809690164696e-01	2630
2.263311361110760e-01	-5.146509092258482e-01	2631
2.675852396948295e-01	-5.284623068466510e-01	2632
3.336540364361611e-01	-5.446739246648227e-01	2633
1.010900366632370e+00	8.048804360511587e-03	2634
-9.928673615677221e-02	-4.255478460684069e-02	2635
1.027654627086429e+00	3.388801848377262e-02	2636
1.019145837601581e+00	2.195664420866104e-02	2637
9.643721665374895e-03	-4.414864568707867e-01	2638
-8.313055771990180e-02	-2.280190926273823e-02	2639
7.881374840960198e-01	-5.782074290658544e-01	2640
-1.847900635647638e-02	-4.091895961907276e-01	2641
-7.157420394353342e-02	9.541763048022482e-03	2642
1.003367195940450e+00	-3.989867010434159e-01	2643
9.133738689462692e-01	-4.985216645033568e-01	2644
7.381281065698356e-01	-5.992166515915687e-01	2645
4.375302883759068e-02	-4.734451213146856e-01	2646
-1.253403120422072e-01	-1.406114727493307e-01	2647
1.015935082250261e+00	1.556960335222495e-02	2648
5.076158719258910e-01	-6.351939252494396e-01	2649
-1.214025181542361e-01	8.403615885900251e-02	2650
1.022005843155092e+00	-2.733765196277736e-02	2651
1.007379435564265e+00	-5.636557250035154e-03	2652
1.007616501096691e+00	5.366349770487056e-03	2653
1.006616362546019e+00	-4.585895198210494e-03	2654
-7.904474530028463e-02	-6.573080612709525e-03	2655
-3.115019637988092e-03	4.256921757214811e-01	2656
6.263019738420240e-02	4.890219588740404e-01	2657
1.025909415191438e+00	-3.484005162970705e-02	2658
1.014526076281963e+00	-1.544883028792889e-02	2659
1.003588267688935e+00	1.913085622728158e-03	2660
1.012403665997982e+00	-1.193246599160846e-02	2661
-1.139910145272630e-01	-2.257044699422912e-01	2662
-1.251225110660746e-01	-1.184247572254537e-01	2663
-1.232041044223073e-01	9.972876488131172e-02	2664
-1.249799484702354e-01	1.420332543189926e-01	2665
1.003732142413349e+00	-8.113592406814789e-04	2666
1.042173897952259e+00	5.077711277524417e-02	2667
6.841102882583792e-01	-6.163191014836528e-01	2668
1.041327275349322e+00	-3.295225313885842e-01	2669
9.776744315155944e-01	-4.336268204708444e-01	2670
-1.240366410483622e-01	1.178569848250504e-01	2671
1.062188466680369e-01	5.228744329802889e-01	2672
-1.047587910799831e-01	2.481912180633368e-01	2673
1.037157927325041e+00	4.774642043804932e-02	2674
1.047911626021405e+00	-6.586904115562368e-02	2675
5.709650450494881e-01	-6.312693555971005e-01	2676
-1.181354477318099e-01	-5.859147802124987e-02	2677
1.012952931694896e+00	1.146454773534962e-02	2678
4.408124429132729e-01	6.411987693079866e-01	2679
-1.243625954228813e-01	-1.001285996755016e-01	2680
1.576503827153549e-01	5.548242509627160e-01	2681
1.062982775653295e+00	-2.569826860889264e-01	2682
1.016119640373800e+00	-1.789574562662061e-02	2683
1.009418138892666e+00	7.177451486946635e-03	2684
1.008549346391120e+00	6.459635028611532e-03	2685
1.008258631610012e+00	-6.763799378873400e-03	2686
1.009090353416862e+00	-7.515667219521818e-03	2687
2.648238527314590e-02	4.572447832785869e-01	2688
1.052343974760790e+00	-2.942760826009660e-01	2689
-4.760553827533018e-02	3.678467970687402e-01	2690
-2.589874919723476e-02	3.970391842762034e-01	2691
1.070016628178610e+00	9.645486452973079e-02	2692
1.068537507629014e+00	-1.112059696357631e-01	2693
8.757803746139343e-01	-5.273761267252667e-01	2694
1.023357926316315e+00	2.650920833593063e-02	2695
-1.173366987765824e-01	5.914132803983807e-02	2696
8.339839617206963e-01	-5.541136541524970e-01	2697
-6.839016938288986e-02	3.339028173319708e-01	2698
1.003760381835598e+00	6.790114081213832e-04	2699
1.010525087493393e+00	-8.446910451728580e-03	2700
1.004986128746956e+00	3.178913756869131e-03	2701
1.006804891594711e+00	4.344845136368116e-03	2702
1.004855233640997e+00	-3.351037088193756e-03	2703
1.039484708664297e+00	-5.217732367059916e-02	2704
1.034692341376848e+00	-4.900610820543674e-02	2705
3.653446376515375e-01	6.276460914267412e-01	2706
1.074122090829883e+00	1.178926597560977e-01	2707
1.051354676998560e+00	6.446218243653819e-02	2708
-9.866006667391866e-02	4.306793495629412e-02	2709
2.920613343822729e-01	6.082502256913458e-01	2710
-1.125434017573876e-01	2.234421661564774e-01	2711
-1.176078797325969e-01	1.963246448737367e-01	2712
-1.215118581998575e-01	1.711736295965491e-01	2713
1.003513628003716e+00	-2.035833290894468e-03	2714
1.035734835773445e+00	3.627712346407103e-02	2715
1.033846177712307e+00	-3.758368140129063e-02	2716
1.024405524689135e+00	-3.641881708979763e-01	2717
-1.224286025193508e-01	-8.367048787336807e-02	2718
-1.205148906957692e-01	-7.117982147827261e-02	2719
-1.195982169828133e-01	7.169390159429960e-02	2720
2.176833973050584e-01	5.835560594830475e-01	2721
9.475580805991620e-01	-4.671065293343351e-01	2722
-8.290985638661985e-02	2.708519528684231e-02	2723
1.069050190035617e+00	-2.197595864158719e-01	2724
1.070817348770793e+00	-1.340234032209266e-01	2725
1.071503212416318e+00	-1.835845546272607e-01	2726
1.071432730750110e+00	-1.587831796737115e-01	2727
-1.052591324311916e-01	-2.537459201843205e-01	2728
-9.559844374646807e-02	-2.829950975467334e-01	2729
-4.358883665805534e-02	-3.773866352395622e-01	2730
-8.156513445871462e-02	-3.134999204575846e-01	2731
-6.398955269163779e-02	-3.466035601891304e-01	2732
-1.229376022911799e-01	-1.673470144925170e-01	2733
-1.192569482209716e-01	-1.947198989976449e-01	2734
1.077349624796714e+00	1.446785990337132e-01	2735
1.077950742281380e+00	1.778745339920206e-01	2736
1.076174761700440e+00	2.132116970462125e-01	2737
1.073850570595833e+00	2.499404980448938e-01	2738
1.063616119385173e+00	2.973335645685340e-01	2739
1.052425330403347e+00	3.353935977010633e-01	2740
1.033221941449633e+00	3.740887928335482e-01	2741
1.009756447089563e+00	4.123932823630057e-01	2742
9.814810693704797e-01	4.492482352500274e-01	2743
9.482583932809417e-01	4.846406928504344e-01	2744
9.100224369662732e-01	5.183723234371536e-01	2745
8.673305605285343e-01	5.495570075083656e-01	2746
8.213838555728900e-01	5.772079558473056e-01	2747
7.449677306342085e-01	6.088666263111062e-01	2748
-8.489371627278554e-02	3.009768377227768e-01	2749
-9.655438936238384e-02	2.732646451784517e-01	2750
6.591452789824801e-01	6.344730989216064e-01	2751
5.873034243581281e-01	6.434690606982644e-01	2752
5.135266806737311e-01	6.453304778920486e-01	2753
1.065043137964195e+00	-9.432382747324643e-02	2754
1.065614450061168e+00	8.029552099991535e-02	2755
1.061468134214401e+00	-8.082049751494935e-02	2756
4.312076798773938e-01	-6.320026643563739e-01	2757
6.271079162841394e-01	-6.282117735615599e-01	2758
8.495731571948459e-02	-5.057677836257921e-01	2759
1.314895854168285e-01	-5.379250557177839e-01	2760
1.794079369861754e-01	-5.640303814268172e-01	2761
2.258597039239669e-01	-5.818499537972802e-01	2762
2.832192738288153e-01	-6.022289808188759e-01	2763
3.538340098397746e-01	-6.203468015223773e-01	2764
-1.229254125176668e-01	-3.133526651137035e-01	2765
9.354855087309568e-01	-5.669029321090582e-01	2766
-8.028435043639659e-02	1.361020599465388e-02	2767
8.455454665047594e-01	-6.328369188532361e-01	2768
5.435052300877297e-01	-7.149706679336706e-01	2769
1.012420881531861e+00	-9.604949752323452e-03	2770
1.014523830046800e+00	-1.359317540875288e-02	2771
1.047500694593568e+00	-5.651970268329586e-02	2772
1.006017002737688e+00	-3.527497075738724e-03	2773
1.037765556107717e+00	-4.294218112668663e-02	2774
3.904343623411470e-01	7.132430789929187e-01	2775
7.928301439860213e-01	-6.608137416344535e-01	2776
-1.456654681266140e-01	-1.081122736405426e-01	2777
-1.485224659844482e-01	-1.557202425886204e-01	2778
1.010707393740704e+00	-6.598921491527885e-03	2779
9.730308898751684e-01	-5.296786839003026e-01	2780
-7.530420669409857e-02	4.107959040578553e-01	2781
-5.402208150483662e-02	4.426622286550542e-01	2782
1.055153240395413e+00	-4.068500356779584e-01	2783
8.931032647053547e-01	-6.013152236205178e-01	2784
1.039925700344960e+00	4.149148595608743e-02	2785
1.050472425390384e+00	5.489506615163253e-02	2786
-8.465988022320124e-02	5.991818753243409e-03	2787
9.751699018454126e-02	5.951375840402597e-01	2788
1.578664042093496e-01	6.331087087011887e-01	2789
-1.479338255891177e-01	-1.289162315651406e-01	2790
1.019583297858734e+00	-2.335130495900321e-02	2791
4.650110020985568e-01	-7.147795804058790e-01	2792
1.094815730252992e+00	-2.035451383979676e-01	2793
1.093862898343398e+00	-2.431225483565656e-01	2794
1.081373871170439e+00	-3.229743209806584e-01	2795
-1.384420879173037e-01	7.502242809857791e-02	2796
1.062829907583788e+00	6.792386153098486e-02	2797
4.667875883561567e-02	5.549692135194056e-01	2798
-4.375592310095733e-02	-4.584997916004558e-01	2799
2.645717892019694e-02	-5.362212859940534e-01	2800
1.019011539740196e+00	1.790088377912559e-02	2801
-1.150929796716882e-01	-4.582383939946208e-02	2802
1.024058114932075e+00	2.162378259024993e-02	2803
-6.960286132527285e-02	-4.227064191813671e-01	2804
7.347821907992538e-01	-6.844864810642448e-01	2805
1.032960983870929e+00	-4.481809169991202e-01	2806
-1.214013325560565e-02	-4.975497991372812e-01	2807
1.018148601352358e+00	-2.084716463004702e-02	2808
-1.395137449858448e-01	-7.447358875366587e-02	2809
1.007990001745055e+00	-4.391688603545188e-03	2810
1.009125664638142e+00	5.024244970687648e-03	2811
1.004263066071237e+00	-7.622115594143274e-05	2812
-1.144274205578008e-01	4.641490243968970e-02	2813
-2.758557255322554e-02	4.782588040660259e-01	2814
1.025765991962266e+00	-3.106517802454917e-02	2815
1.017683646201135e+00	-1.514064187808574e-02	2816
1.004111076933965e+00	1.355550105417947e-03	2817
1.015161468974489e+00	1.303535723633092e-02	2818
1.004501530878525e+00	2.271924774243976e-03	2819
1.068748672904865e+00	-3.646347940116877e-01	2820
1.005811914354743e+00	-4.896887050247919e-01	2821
-1.473208875492657e-01	1.286647700041083e-01	2822
6.717288466888480e-01	-7.025356531955029e-01	2823
-1.445573780872871e-01	1.075088344647763e-01	2824
1.012856464932071e+00	9.126151432614641e-03	2825
-1.429776067372723e-01	-8.934458503617698e-02	2826
-1.419123352477688e-01	8.935833307685410e-02	2827
1.088676354032728e+00	-2.846978757521549e-01	2828
1.010996963242242e+00	6.187048001782285e-03	2829
1.008896952713283e+00	-5.360985774813391e-03	2830
6.072601901043024e-03	5.169983870890779e-01	2831
-9.182497833954957e-02	-1.186918046696458e-02	2832
-9.639929485308940e-02	-2.814959848276001e-02	2833
1.058913573871170e+00	-6.916946420711280e-02	2834
1.027319340439180e+00	3.009328827945397e-02	2835
-9.519226950873863e-02	3.732983838817369e-01	2836
1.008173483653523e+00	4.091889361817771e-03	2837
1.006158500371390e+00	3.308577866545345e-03	2838
1.004056108928848e+00	-1.499848036352882e-03	2839
1.086688504954767e+00	1.043724049124655e-01	2840
3.102469490272054e-01	6.928685630740241e-01	2841
-1.390874487803466e-01	2.449954200907005e-01	2842
-1.443383783513600e-01	2.149691708522319e-01	2843
-1.465367190953002e-01	1.875327940278955e-01	2844
-1.479092620409729e-01	1.590478961495555e-01	2845
1.004409305918277e+00	-2.428522486040231e-03	2846
-1.367017844205136e-01	-6.142301802117568e-02	2847
-1.359019686330259e-01	6.204834580141172e-02	2848
2.324765229710775e-01	6.667345445251585e-01	2849
-9.627990579022939e-02	3.068168738289722e-02	2850
1.085969178381750e+00	-1.210818700402662e-01	2851
1.092792834908648e+00	-1.712584384123642e-01	2852
-1.402781362159045e-01	-2.487084949050935e-01	2853
-1.338969913211331e-01	-2.788279099088856e-01	2854
-9.099340540546394e-02	-3.857922619484323e-01	2855
-1.096993328604278e-01	-3.488497712590742e-01	2856
-1.477998413452864e-01	-1.841287403584083e-01	2857
-1.458779216713966e-01	-2.146145217656031e-01	2858
1.093045364780092e+00	1.291867246947662e-01	2859
1.090050858411205e+00	-1.460391305294932e-01	2860
1.098032612993692e+00	1.608860457972062e-01	2861
1.100944876484236e+00	1.966947140959149e-01	2862
1.102339490924949e+00	2.331509906794867e-01	2863
1.099891987014226e+00	2.802215759288196e-01	2864
1.092604286303013e+00	3.263147752365746e-01	2865
1.079143157848895e+00	3.726148168802346e-01	2866
1.063500565012838e+00	4.187138732647849e-01	2867
1.038860194209197e+00	4.636254228421352e-01	2868
1.008657413780798e+00	5.075359937568681e-01	2869
9.722982246821517e-01	5.496968556552312e-01	2870
9.299815697299665e-01	5.894992546562974e-01	2871
8.826672684867617e-01	6.257125337302404e-01	2872
8.136103207565051e-01	6.637522199545782e-01	2873
-1.130111574483917e-01	3.352873878083071e-01	2874
-1.247528732996721e-01	3.010845114581459e-01	2875
-1.336094340860215e-01	2.711872624296602e-01	2876
7.265812386930028e-01	6.982513913443633e-01	2877
6.347979069144474e-01	7.202493490703339e-01	2878
5.539708859034351e-01	7.263164534285559e-01	2879
4.740389684634910e-01	7.247343161027656e-01	2880
1.080839491066131e+00	-9.993414541447385e-02	2881
1.075548252856091e+00	-8.437498295793718e-02	2882
1.080315455618965e+00	8.497402464743661e-02	2883
6.030704616474967e-01	-7.118322867431407e-01	2884
7.135070997758063e-02	-5.733494142465092e-01	2885
1.221041969701213e-01	-6.099938357845629e-01	2886
1.761489044272704e-01	-6.391214174936132e-01	2887
3.795484042153821e-01	-7.046814262461680e-01	2888
2.287645771422625e-01	-6.614630693198718e-01	2889
2.983090383974198e-01	-6.853319221508604e-01	2890
-7.348776281247608e-02	-5.137630407376567e-01	2891
-1.085767794314935e-01	4.558367541452570e-01	2892
3.300888728491417e-01	7.876328203635574e-01	2893
1.047284364367101e+00	-4.744402513573374e-02	2894
-1.660591772723992e-01	-3.073914592770708e-01	2895
1.005495201830604e+00	-2.518086593801931e-03	2896
1.049794161201359e+00	4.570890880827070e-02	2897
4.213137961410985e-01	8.080355325408318e-01	2898
1.116161626497317e+00	-4.037334453308435e-01	2899
8.847633423490905e-02	6.774079865910857e-01	2900
5.030993941346308e-01	-8.057079794385706e-01	2901
-1.426496368762183e-01	-3.878905897999305e-01	2902
-1.328902285930234e-01	-4.815446047891310e-02	2903
1.015242160651458e+00	1.028659059174767e-02	2904
1.068006286244538e+00	-5.011934377838416e-01	2905
1.010663749949292e+00	-4.721990550041806e-03	2906
1.009429503039604e+00	-3.954702136495044e-03	2907
1.005029702113735e+00	1.505735772455987e-03	2908
1.024178310226335e+00	-2.330173176670205e-02	2909
1.027029277859019e+00	-2.605658192521227e-02	2910
7.274079814701856e-01	-7.804289266586203e-01	2911
5.773133216709682e-01	-8.010893367753594e-01	2912
1.038928155206078e+00	-5.508059832142493e-01	2913
-1.758317351240308e-01	-1.701532430998595e-01	2914
1.007210517510100e+00	-3.433196124807821e-03	2915
-1.284759281635940e-01	4.147132968675791e-01	2916
1.004559994404979e+00	-8.569979012994753e-04	2917
1.028103683912287e+00	2.483418123021635e-02	2918
1.113631636075901e+00	-3.557862760429725e-01	2919
-1.702007682592143e-01	-1.156144503066663e-01	2920
-1.454037442492319e-01	3.732808584901814e-01	2921
-1.743281295317055e-01	-1.412961563858590e-01	2922
1.030959843424808e+00	-3.275674720563723e-02	2923
-9.336024114518104e-02	1.657263186363925e-02	2924
-1.561298768401397e-01	-3.452370553265829e-01	2925
-1.236653771129019e-01	-4.285116119278208e-01	2926
1.122173070665862e+00	-2.242300572913098e-01	2927
1.075998485842319e+00	7.127241617302849e-02	2928
1.057015361330332e+00	-6.078894980509789e-02	2929
8.582338372835391e-01	-7.216541990467986e-01	2930
1.702051725256185e-01	-7.236844979159128e-01	2931
4.106569743644812e-01	-7.984250725444395e-01	2932
9.616049636211569e-01	-6.431441150035325e-01	2933
6.490512604472358e-01	-7.978983766960960e-01	2934
1.012419990062063e+00	-7.569500367806374e-03	2935
1.014739471853245e+00	-1.086631784869754e-02	2936
1.060207578584056e+00	5.886110891452481e-02	2937
1.007350608199986e+00	3.164444911002767e-03	2938
7.963324607778524e-01	-7.541305704762362e-01	2939
1.018675665491789e+00	1.396572459060471e-02	2940
1.009596102596473e+00	3.592296959725007e-03	2941
1.003465994242069e+00	-5.985550812287377e-01	2942
-1.817910620667900e-02	5.837849528837167e-01	2943
1.087489944120798e+00	-4.511967463135386e-01	2944
9.132739318787957e-01	-6.843488736086287e-01	2945
1.042783757548717e+00	3.488958085401413e-02	2946
1.040955644853690e+00	-3.653135149341931e-02	2947
-8.617217763923939e-02	4.940493719369536e-01	2948
1.123174990538436e+00	-2.681335299078698e-01	2949
2.906827443398883e-02	6.299932778845573e-01	2950
-1.012106626761932e-01	-4.717520220109995e-01	2951
-3.771546811904086e-02	-5.602940640098598e-01	2952
1.019658855200841e+00	-1.780151109121467e-02	2953
-1.114015667750056e-01	3.397353967284398e-02	2954
-5.593257307090244e-02	5.368936496265556e-01	2955
1.004590323032051e+00	6.928020620694542e-04	2956
-1.693266608846379e-01	1.146768647122833e-01	2957
-1.648475107059469e-01	9.494759945730061e-02	2958
1.010866689987890e+00	4.307540301209840e-03	2959
-1.659132626349675e-01	-9.532759609276502e-02	2960
-1.591512897176308e-01	-7.032146614490169e-02	2961
-1.321986765293794e-01	4.880280030878101e-02	2962
1.120630233758084e+00	-3.108902299707894e-01	2963
1.012758466194153e+00	7.084123978567791e-03	2964
-1.072272080949550e-01	-1.613896641262284e-02	2965
-1.109320339280366e-01	-3.103226797940526e-02	2966
1.032605536924891e+00	3.155382846349861e-02	2967
1.005593390282763e+00	2.318386762313781e-03	2968
1.004966194974637e+00	-1.685398958702703e-03	2969
-1.750326945620006e-01	2.353963256255582e-01	2970
-1.739977840614161e-01	1.428593983401249e-01	2971
-1.760068362213293e-01	2.033290626512906e-01	2972
-1.752757243564977e-01	1.742085846530728e-01	2973
-1.581514652442521e-01	7.082546814142691e-02	2974
2.456556297297623e-01	7.594773662421603e-01	2975
1.630638040742743e-01	7.230618349351241e-01	2976
-9.913779471977754e-02	1.573115516321119e-03	2977
-1.723363604149180e-01	-2.706927731693349e-01	2978
-1.771611871903593e-01	-2.007622362835196e-01	2979
-1.755693253817078e-01	-2.364178126077980e-01	2980
1.106394375941977e+00	1.125241450570809e-01	2981
1.106480205631260e+00	-1.306562627991664e-01	2982
1.115218227830479e+00	1.419075889290705e-01	2983
1.112496975340419e+00	-1.564855974862775e-01	2984
1.122856248548786e+00	1.768339678553240e-01	2985
1.118054687403996e+00	-1.860740343072839e-01	2986
1.128571779735581e+00	2.137800707709006e-01	2987
1.132418502911404e+00	2.581279246019593e-01	2988
1.131679502615898e+00	3.086850767367890e-01	2989
1.125014548755715e+00	3.606303618358095e-01	2990
1.114611606333118e+00	4.100067863357417e-01	2991
1.095434193965422e+00	4.651510813382744e-01	2992
1.073431926903807e+00	5.193067512920437e-01	2993
1.040906571094710e+00	5.715149769193728e-01	2994
1.001020165375615e+00	6.218509439193199e-01	2995
9.539862417809827e-01	6.688660542886676e-01	2996
8.888138606942508e-01	7.167624481548213e-01	2997
-1.580595810443345e-01	3.313180895067840e-01	2998
-1.665433973092672e-01	2.968514978272193e-01	2999
-1.712492214663088e-01	2.650812727168119e-01	3000
8.034281545727133e-01	7.618023905485337e-01	3001
7.031398588275043e-01	7.971430192133162e-01	3002
6.024645552282132e-01	8.143970627971010e-01	3003
5.134810784151622e-01	8.166614356280282e-01	3004
1.099111678776224e+00	-1.067968085678131e-01	3005
1.071368506114579e+00	-7.184910891934754e-02	3006
1.091659775052321e+00	-8.765181290471141e-02	3007
1.097410272641054e+00	9.009584531267389e-02	3008
4.801453373420262e-03	-6.064429020278704e-01	3009
5.407358791493710e-02	-6.489447155037820e-01	3010
1.120544371699248e-01	-6.910656925344245e-01	3011
3.177082313205452e-01	-7.789430002944239e-01	3012
2.353753747044651e-01	-7.518776478207305e-01	3013
1.058655977224746e+00	4.913445616533325e-02	3014
1.105674491803821e+00	-5.570741289268454e-01	3015
-1.979532814584931e-01	1.239942496406548e-01	3016
1.008550878540284e+00	-3.140994011262450e-03	3017
1.159579691514941e+00	-3.778937558781840e-01	3018
1.157335812836986e+00	-3.398895797259041e-01	3019
3.553351047335651e-01	8.936892029323051e-01	3020
7.963536484877398e-01	-8.598299669443189e-01	3021
1.005532910770817e+00	7.089404880345808e-04	3022
1.005983438463446e+00	-1.623862790528652e-03	3023
1.034450021113972e+00	2.545389880078315e-02	3024
9.869915858140838e-03	7.154721727732712e-01	3025
8.707962326336853e-01	-8.223239696155702e-01	3026
1.012399614978515e+00	-5.591236138102315e-03	3027
1.017123896068658e+00	-1.242469128303743e-02	3028
2.460481927035529e-01	-8.542875530043027e-01	3029
1.077539731211323e+00	-6.171192978010434e-01	3030
1.047717462142686e+00	4.098994829515393e-02	3031
1.068093508764152e+00	-6.270465671278495e-02	3032
8.224371901741030e-02	7.723796133133433e-01	3033
9.838934922327290e-02	-7.814413841093545e-01	3034
1.021927303333418e+00	-2.025118349877375e-02	3035
1.005132125869915e+00	-9.318859401133990e-05	3036
1.028648726308821e+00	1.997826588951862e-02	3037
-2.076729941845194e-01	-1.836094538807820e-01	3038
-1.272172035806779e-01	-3.221442485645911e-02	3039
1.005500227765509e+00	-9.102483717396819e-04	3040
-2.090399612488844e-01	-2.952558307192777e-01	3041
-1.125684985775244e-01	-2.862445827657600e-03	3042
2.588973864817453e-01	8.633074579951577e-01	3043
-1.476006121993723e-01	5.042372767334047e-01	3044
-1.077093336902066e-01	1.705693572077010e-02	3045
1.037318746497916e+00	-3.225346872838952e-02	3046
1.091648140451514e+00	7.418079401003798e-02	3047
4.591043672527672e-01	9.126809829432044e-01	3048
-8.951832396696627e-02	6.026333168904595e-01	3049
-1.077944280519065e-01	-5.759820134472868e-01	3050
-2.072380489252690e-01	1.875925218980963e-01	3051
-2.031797690180758e-01	-3.367079073785013e-01	3052
7.093906999342874e-01	-8.882263635291399e-01	3053
1.659626554617056e-01	-8.201818638037820e-01	3054
-1.374521778476303e-01	-5.248499142573183e-01	3055
4.478480710571565e-01	-9.022162224090902e-01	3056
-1.949045782431763e-01	-3.802156419496759e-01	3057
1.017709112341971e+00	1.174154141892408e-02	3058
1.008680356011300e+00	2.815128681138201e-03	3059
1.021152759402024e+00	-1.463498047631345e-02	3060
9.358339275050448e-01	-7.780092075060626e-01	3061
-2.108340756489024e-01	-2.564765673601914e-01	3062
1.006585152574989e+00	-2.505537505416932e-03	3063
-1.678161622379123e-01	4.588913065822399e-01	3064
1.021964710280980e+00	1.567784996987979e-02	3065
1.028561304739543e+00	-2.163751896711318e-02	3066
1.157871411258771e+00	-2.919173649453579e-01	3067
-1.962566361759211e-01	3.654061250732297e-01	3068
-1.832807756333038e-01	4.126252223978396e-01	3069
-1.527686989384019e-01	-4.939897995497715e-02	3070
-1.796465403013507e-01	-4.291235495236828e-01	3071
1.055921617579187e+00	-5.116784469139598e-02	3072
3.429549804715428e-01	-8.840142113768786e-01	3073
9.918407734005527e-01	-7.284381441958007e-01	3074
5.813029730199955e-01	-9.028204221682269e-01	3075
1.014448710485886e+00	-8.584925459317263e-03	3076
1.071537405357993e+00	6.051202347551996e-02	3077
1.010827926310059e+00	-3.084974677632854e-03	3078
1.039035127674065e+00	-6.746127099502425e-01	3079
-4.566815251540046e-02	6.593469940145722e-01	3080
1.145463939021572e+00	-4.539314404770933e-01	3081
1.129250758325792e+00	-4.967296408726798e-01	3082
1.033272620322059e+00	-2.691614575239460e-02	3083
-1.230253831592777e-01	5.520458342920114e-01	3084
-1.623251148167853e-01	-4.751679254892968e-01	3085
-1.843513233591545e-01	-7.653143235369993e-02	3086
-1.521379069167758e-01	5.009404576982909e-02	3087
1.010957274103208e+00	2.660918824563807e-03	3088
1.012645082699117e+00	5.102339107023623e-03	3089
-1.910448549585253e-01	9.905128664786805e-02	3090
-1.920650701281230e-01	-1.000668405288197e-01	3091
-2.035318051464453e-01	1.568960128911194e-01	3092
-1.283893233186461e-01	3.618390804511105e-02	3093
1.014839518012620e+00	8.010920362810833e-03	3094
-1.237432361571119e-01	-1.982011969903768e-02	3095
1.038930795890296e+00	3.075807551975758e-02	3096
1.006045475280840e+00	1.403334188402806e-03	3097
1.006684659322775e+00	2.261308913730230e-03	3098
-1.984486103192916e-01	-1.238326400596371e-01	3099
-2.036199792368400e-01	-1.537882328486756e-01	3100
-2.099121950973599e-01	2.200313207210712e-01	3101
-1.833443556588357e-01	7.643157456035944e-02	3102
1.685623716790403e-01	8.242932415419658e-01	3103
-2.113670884464280e-01	-2.195625690073530e-01	3104
1.129457780698881e+00	1.215739147185098e-01	3105
1.129975259291490e+00	-1.389329983364345e-01	3106
1.141445816856085e+00	1.544059190651409e-01	3107
1.138954687860034e+00	-1.670099083529031e-01	3108
1.151916489298912e+00	1.911556267962030e-01	3109
1.147440515227840e+00	-2.024279065769539e-01	3110
1.161193221161622e+00	2.331155806154629e-01	3111
1.154521923486229e+00	-2.457157549793246e-01	3112
1.167496639928710e+00	2.837253354220219e-01	3113
1.168808040387664e+00	3.396204265536064e-01	3114
1.164739666151275e+00	3.944980470192536e-01	3115
1.153280561277961e+00	4.540381169162203e-01	3116
1.137151349992391e+00	5.131742024576819e-01	3117
1.110145089521101e+00	5.779613179468681e-01	3118
1.078574728844313e+00	6.417127938432972e-01	3119
1.034831106589398e+00	7.019012357883866e-01	3120
9.738073973106639e-01	7.628977395703775e-01	3121
-2.036595721390734e-01	3.239335554230288e-01	3122
-2.082699538104656e-01	2.864943250287235e-01	3123
-2.097968916788769e-01	2.545523703533603e-01	3124
8.907684354070412e-01	8.218864336593006e-01	3125
7.872722900337172e-01	8.724716031906742e-01	3126
6.711073887078537e-01	9.058636594876640e-01	3127
5.616106692580770e-01	9.171629525719625e-01	3128
1.120453520251377e+00	-1.133995560082702e-01	3129
1.085917061941289e+00	-7.354345360854946e-02	3130
1.110281690800686e+00	-9.152925553994108e-02	3131
1.117434256424747e+00	9.506083859350306e-02	3132
-6.814866849941900e-02	-6.296714221785331e-01	3133
-2.111705516390401e-02	-6.846756755042154e-01	3134
3.488915844937129e-02	-7.344641184022715e-01	3135
1.050652888040583e+00	3.355563579664177e-02	3136
9.597950635145532e-01	-8.843381029345965e-01	3137
1.006510932313218e+00	-7.462026451289075e-04	3138
1.017084255237995e+00	-9.513071871675872e-03	3139
-1.810006345836630e-01	-5.833078406619012e-01	3140
-7.623837070270746e-02	7.453390692756148e-01	3141
1.025050399383512e+00	1.718781491074825e-02	3142
1.175058640126215e+00	-5.498936232473790e-01	3143
1.119830575710449e+00	-6.877146995480644e-01	3144
1.034448640939463e+00	-2.115112665407114e-02	3145
-1.436036567997453e-01	-2.667539044768814e-02	3146
-1.237062544038875e-01	1.520447231822485e-02	3147
-1.276366982021345e-01	6.774631905850602e-01	3148
-8.774594592887118e-03	8.141587411623356e-01	3149
2.759252167257188e-01	9.800648505777165e-01	3150
1.068941079672702e+00	5.252371948813177e-02	3151
3.753527629773346e-01	-1.001343691635649e+00	3152
2.622462268376877e-01	-9.700478041045112e-01	3153
-2.514892051541764e-01	-2.772104669733454e-01	3154
1.014615303049806e+00	5.856742188301030e-03	3155
1.023384941749843e+00	-1.717219463121101e-02	3156
-2.469817861618806e-01	3.527549720157784e-01	3157
7.866500730924062e-01	-9.801034233054075e-01	3158
1.014327971092295e+00	-6.430210415862259e-03	3159
1.022539491640426e+00	1.951332103893911e-02	3160
-1.933432578580714e-01	5.578484502520544e-01	3161
1.043872882782199e+00	-3.039554369864551e-02	3162
-2.504942881061772e-01	-3.216321903317302e-01	3163
-2.444924907412832e-01	-1.974467463290949e-01	3164
1.017524587540588e+00	8.821305936938974e-03	3165
-1.765895992198686e-01	-5.255541900566861e-02	3166
-2.135871597381463e-01	5.062482425868047e-01	3167
1.109713464821319e+00	7.716002742672687e-02	3168
1.190839355813961e+00	-4.958829238577408e-01	3169
1.202751205002810e+00	-4.257034127964063e-01	3170
1.156513484071288e+00	1.302261978951569e-01	3171
-2.439293804176043e-01	2.005193947767471e-01	3172
3.882030146772733e-01	1.011884676484116e+00	3173
1.066013229799188e+00	-5.489589088254856e-02	3174
1.080592931055627e+00	-6.341720278004523e-02	3175
1.185866815031501e-02	-8.301857773470720e-01	3176
-2.470543998059987e-01	-3.669316487761572e-01	3177
1.153244848737592e+00	-6.165697547819258e-01	3178
5.063056891968375e-01	1.027609370628822e+00	3179
8.810413070970347e-01	-9.370188425678689e-01	3180
1.009907986278493e+00	-2.557164509707002e-03	3181
1.012355639985148e+00	-4.063521011437854e-03	3182
1.050404286052239e+00	-3.838069001920577e-02	3183
1.054853650169379e+00	-4.186807505227101e-02	3184
1.650514319057764e-01	-9.304275314437261e-01	3185
1.021253593921662e+00	1.192908880865326e-02	3186
1.006115572101574e+00	-1.128496594169594e-04	3187
-1.474059828854553e-01	3.707776279306825e-02	3188
7.666438737278665e-02	8.803456724662935e-01	3189
-2.249060330499992e-01	-4.716614848066648e-01	3190
-2.288002427967773e-01	4.533122606593752e-01	3191
8.346614968721912e-02	-8.836507488409321e-01	3192
6.572551432889159e-01	-1.008287794111893e+00	3193
-2.062253427607628e-01	-5.272916782408684e-01	3194
1.010013061703807e+00	2.172565684462762e-03	3195
1.045381046812503e+00	2.859108156953128e-02	3196
1.007822723422555e+00	-2.347140045802555e-03	3197
1.007121516060019e+00	-1.494372839161807e-03	3198
1.026157406123573e+00	-1.949641010331292e-02	3199
1.203422773634027e+00	-3.565837329206897e-01	3200
1.198471731785560e+00	-3.166646211485653e-01	3201
-2.393110830318053e-01	4.023009482162193e-01	3202
-2.393465516432615e-01	-4.200975884188238e-01	3203
1.025935730953790e+00	-8.243872514268413e-01	3204
5.125922466581295e-01	-1.015162511584957e+00	3205
1.084485551578977e+00	6.145615444514436e-02	3206
1.079982927260840e+00	-7.589142129704166e-01	3207
-1.650359246167835e-01	6.161606075613897e-01	3208
-2.375625761692815e-01	-1.638997031874568e-01	3209
1.012530722265766e+00	3.574287394196640e-03	3210
-1.756446738307255e-01	5.306942579661640e-02	3211
-2.124863633595269e-01	-7.997091599852382e-02	3212
-2.211337648556805e-01	1.037680012068947e-01	3213
-2.377706205353422e-01	1.679261040035131e-01	3214
-1.326235430164618e-01	-1.357501293632608e-03	3215
1.040904550202950e+00	2.454160135524971e-02	3216
1.039721230987640e+00	-2.625501934250298e-02	3217
1.006536827516302e+00	5.039421148602090e-04	3218
1.007178896679626e+00	1.227086787568030e-03	3219
1.007916965947480e+00	2.051223522087490e-03	3220
-2.218974395509366e-01	-1.044138875144871e-01	3221
-2.301776732392968e-01	-1.333327651566248e-01	3222
-2.301314709592731e-01	1.350044072500583e-01	3223
-2.113956121274431e-01	7.913063657227401e-02	3224
1.737876965428166e-01	9.379072153042911e-01	3225
-2.492289039324068e-01	-2.380114158688227e-01	3226
1.157236821008800e+00	-1.458646525107193e-01	3227
1.171719791389561e+00	1.655510956468541e-01	3228
1.169643588513385e+00	-1.786006816075812e-01	3229
1.186141883262284e+00	2.054345224081142e-01	3230
1.182057242534998e+00	-2.192578350261608e-01	3231
1.198995537839694e+00	2.539024456209695e-01	3232
1.191986485467963e+00	-2.665021203088545e-01	3233
1.208644228942171e+00	3.104828097649676e-01	3234
1.212389788499685e+00	3.701757082755673e-01	3235
1.209752151934219e+00	4.337202116455284e-01	3236
1.200783302124720e+00	4.983746515870921e-01	3237
1.182369477054861e+00	5.696016602572839e-01	3238
1.157494991098782e+00	6.405025576963943e-01	3239
1.118792563024727e+00	7.163220536457309e-01	3240
1.068599226352541e+00	7.958057718475945e-01	3241
-2.480290968783850e-01	2.370393497478926e-01	3242
-2.497015449756591e-01	3.102662386871005e-01	3243
-2.502615719625508e-01	2.721823603616316e-01	3244
9.903392557524031e-01	8.727675195724836e-01	3245
8.866942006805086e-01	9.425837015988106e-01	3246
7.610414415556823e-01	9.963578898995531e-01	3247
6.289040321938694e-01	1.024204795198608e+00	3248
1.144729908175728e+00	-1.190347642010509e-01	3249
1.103038897527861e+00	-7.508318377818622e-02	3250
1.131918410369932e+00	-9.490257391370953e-02	3251
1.140803038268192e+00	1.003968588764504e-01	3252
-1.480043804542966e-01	-6.459353077357364e-01	3253
-1.047750013549364e-01	-7.073063987235803e-01	3254
-5.068698315696461e-02	-7.727102468967481e-01	3255
-2.931525011288599e-01	-2.545834514248017e-01	3256
-2.851272232466169e-01	2.139903800941877e-01	3257
5.896562592327614e-01	-1.137300729605748e+00	3258
1.063291868340892e+00	-9.331712807982027e-01	3259
-1.080009987185912e-01	8.441240027120035e-01	3260
-2.975533505101369e-01	-4.006746448503145e-01	3261
-2.450342660324737e-01	6.188119014527504e-01	3262
4.315381002488288e-01	1.142834668401729e+00	3263
1.057129111342120e+00	3.977013016696539e-02	3264
1.009103803461344e+00	-1.904320994614004e-03	3265
1.012476925566333e+00	-2.197332629435713e-03	3266
1.064165731439610e+00	-4.496448032567577e-02	3267
-1.429895236820434e-02	-9.381049078072269e-01	3268
2.857584697714616e-01	-1.100408012826978e+00	3269
4.302061140446918e-01	-1.131322196163258e+00	3270
1.024810464511128e+00	-1.367714303932096e-02	3271
-2.132408949952000e-01	6.875402610016701e-01	3272
-8.503178323607340e-02	-8.712763370828688e-01	3273
1.020279165194998e+00	1.012019581148999e-02	3274
1.019763986809080e+00	-1.092999702676828e-02	3275
1.813408681248790e-01	1.065767083560906e+00	3276
1.016563845255179e+00	-7.384384114304391e-03	3277
-1.685972448662401e-01	3.648525465066836e-02	3278
-2.023683064757808e-01	-5.506976494296307e-02	3279
-2.976436015045104e-01	3.343409215915760e-01	3280
1.029247676789363e+00	1.548119102078938e-02	3281
-2.440260593204115e-01	-8.146882994366683e-02	3282
1.066643968738531e+00	4.199353722128773e-02	3283
-2.764969180462964e-01	-1.728415739944900e-01	3284
-2.768582399858008e-01	1.770278839424309e-01	3285
3.000191277528937e-01	1.111273543313126e+00	3286
-2.568830385964536e-01	-5.829080433325200e-01	3287
1.187554064784833e+00	1.376987216907281e-01	3288
1.172816862909954e+00	-7.648846432274008e-01	3289
5.718055069646140e-01	1.151712987923210e+00	3290
-2.857826597120335e-01	-2.126103161768097e-01	3291
1.130964485503265e+00	7.980583213158365e-02	3292
1.691065974304561e-01	-1.056259140467120e+00	3293
-2.316688712716556e-01	-6.490128078346503e-01	3294
1.094613198978689e+00	-6.256586297234221e-02	3295
9.832150893908441e-01	-1.006017155882644e+00	3296
-2.762867941517892e-02	9.271660157742372e-01	3297
1.230362615435490e+00	-6.054337880795577e-01	3298
1.035825478265450e+00	1.962445426398982e-02	3299
-1.702169615571533e-01	7.631187023502393e-01	3300
1.080448001149336e+00	5.322432603524549e-02	3301
1.016899563654133e+00	6.711553012463964e-03	3302
1.024912339726413e+00	1.327706008292308e-02	3303
1.030120942883190e+00	-1.748159992691990e-02	3304
1.027176350401642e+00	-1.548005137361698e-02	3305
-2.960922559567781e-01	3.853799299394178e-01	3306
7.476428914769361e-01	-1.116937178270060e+00	3307
1.014212297887055e+00	-4.773600094942479e-03	3308
1.046081420608198e+00	-2.405956382502643e-02	3309
-2.976326535774420e-01	-2.998444079284526e-01	3310
-2.661592492055395e-01	5.564409198621959e-01	3311
1.244316123348949e+00	-5.412051253744733e-01	3312
1.253572885613275e+00	-4.708405902389684e-01	3313
1.077398113123897e+00	-5.605893662063781e-02	3314
-2.989883653285720e-01	-3.474680567789228e-01	3315
1.205546168603833e+00	-6.851684409025075e-01	3316
8.832402557186485e-01	-1.068889126952145e+00	3317
1.012566490324101e+00	1.701988485387272e-03	3318
6.948972686181615e-02	-1.000349501502612e+00	3319
-1.406904629022029e-01	1.721564243268687e-02	3320
7.050464769234330e-02	1.002261659822781e+00	3321
-2.892790260931582e-01	-4.611214417155326e-01	3322
-2.816175182691396e-01	4.969035449219974e-01	3323
-2.768688038827286e-01	-5.192552705536960e-01	3324
1.047182805553626e+00	2.208866928560654e-02	3325
1.052644016912461e+00	2.614135018175944e-02	3326
1.008351653684075e+00	-1.198676742550370e-03	3327
1.254126823916770e+00	-3.921211334217653e-01	3328
-2.905974501649907e-01	4.391746935938768e-01	3329
1.101153354387843e+00	6.153447286500902e-02	3330
1.122646616534514e+00	-8.500012097102837e-01	3331
-1.540330736083511e-01	-6.856159815791770e-03	3332
1.014421763087316e+00	4.202894472453222e-03	3333
-1.720908938261133e-01	-2.363076878008606e-02	3334
-2.010760618677645e-01	5.491565747900828e-02	3335
-2.667645515377804e-01	1.434116367262792e-01	3336
1.040752611406109e+00	-1.994745044416552e-02	3337
1.007517869065950e+00	-6.387018105589536e-05	3338
1.008396713908327e+00	8.800313056675164e-04	3339
1.009179687360536e+00	1.553833684635959e-03	3340
-2.662835014156360e-01	-1.403250732218207e-01	3341
-2.558667539068172e-01	-1.098972407364801e-01	3342
-2.555700066524063e-01	1.103138135446032e-01	3343
-2.430064776106501e-01	8.048255223138617e-02	3344
1.206933757553528e+00	1.752162548400431e-01	3345
1.188637883519710e+00	-1.528993243630641e-01	3346
1.205623198513204e+00	-1.901109940434616e-01	3347
1.225773204262789e+00	2.206659065136525e-01	3348
1.246042981501670e+00	-3.313373585002506e-01	3349
1.221858146756735e+00	-2.358541807502844e-01	3350
1.243252940240846e+00	2.752226711250186e-01	3351
1.235741461184125e+00	-2.866678351421229e-01	3352
1.256050100205820e+00	3.372119347767831e-01	3353
1.263018502522401e+00	4.037957949200941e-01	3354
1.263088876090381e+00	4.737207769432475e-01	3355
1.254286913352461e+00	5.497888363034109e-01	3356
1.237717509065121e+00	6.283406410825150e-01	3357
1.208292604392995e+00	7.136615840899982e-01	3358
1.167345849224672e+00	8.017855100393356e-01	3359
-2.917987979502309e-01	2.515547442199740e-01	3360
-2.966815756604839e-01	2.915625426133261e-01	3361
1.101417893188467e+00	9.064676060708627e-01	3362
1.002143307377314e+00	1.000731772397651e+00	3363
8.722805219115612e-01	1.080437021849035e+00	3364
7.216799438441649e-01	1.133165548247585e+00	3365
1.172467423173246e+00	-1.226185075506778e-01	3366
1.122622325636877e+00	-7.667034981989554e-02	3367
1.156515309868731e+00	-9.747215809523867e-02	3368
1.168050474626833e+00	1.050156174959617e-01	3369
-1.942106549592669e-01	-7.231927985353951e-01	3370
-1.464495441320696e-01	-7.955162553059706e-01	3371
5.033934197088737e-01	-1.273107355159941e+00	3372
-1.425991453797797e-01	9.581345573469823e-01	3373
-3.547893916003816e-01	-3.749253598794561e-01	3374
1.060119520492085e+00	3.184569377274717e-02	3375
1.051198012180691e+00	-2.936406292084092e-02	3376
-4.194739924062508e-02	-1.060999111976590e+00	3377
5.853576945760910e-02	-1.134220503256562e+00	3378
1.176260263358408e+00	-9.520319149473977e-01	3379
1.001124935584645e+00	-1.147165053077590e+00	3380
-2.167794797529665e-01	8.632200020555153e-01	3381
1.010414053337531e+00	7.617561490601047e-04	3382
-1.609330013594317e-01	1.847553134216750e-02	3383
1.247549537827658e+00	1.848193376379736e-01	3384
3.346510387583638e-01	1.258608554165168e+00	3385
-1.938194114258850e-01	-8.953522767097101e-01	3386
6.535868773436376e-02	1.140293606890864e+00	3387
1.077548971504913e+00	4.517619809057540e-02	3388
1.112415724601076e+00	-6.082242679752946e-02	3389
6.853981777290010e-01	-1.266175487233365e+00	3390
1.028743932631984e+00	1.109027403744772e-02	3391
-2.685888554348457e-01	7.689744374379631e-01	3392
1.014068997315109e+00	-2.978226002272134e-03	3393
1.035957587598666e+00	-1.580303913839246e-02	3394
1.268845240753994e+00	-7.584121097600236e-01	3395
-3.540390492503616e-01	-4.384355738179980e-01	3396
1.102425881446403e+00	-1.057885377924030e+00	3397
1.016346037130734e+00	-5.456771552125192e-03	3398
-3.271579097227429e-01	6.116614428830391e-01	3399
1.010370718697438e+00	-1.166966240515563e-03	3400
-3.319771520801496e-01	2.246680132664287e-01	3401
1.093178197990179e+00	5.210539652130390e-02	3402
-1.921162168130564e-01	-2.730452568932360e-02	3403
1.016589204146791e+00	4.790892005568647e-03	3404
-2.309828236748357e-01	-5.476007141130319e-02	3405
1.225152597189360e+00	-1.589902597001497e-01	3406
4.933726375667364e-01	1.286242003960813e+00	3407
6.645245571171917e-01	1.281505059526934e+00	3408
1.120317431745721e+00	6.233944070753336e-02	3409
-1.242232482688540e-01	-9.820678834391690e-01	3410
-3.526967255017413e-01	4.180111945444516e-01	3411
-3.329317959084276e-01	-2.253882166553344e-01	3412
-3.026003164430510e-01	6.869692175275409e-01	3413
1.062214578848126e+00	-3.543347000862377e-02	3414
1.012521531426859e+00	-2.480760842367042e-04	3415
1.803645389514816e-01	-1.199153499681726e+00	3416
3.284749269606708e-01	-1.247396596309556e+00	3417
1.023759585388008e+00	-9.622113723263799e-03	3418
1.019439522077708e+00	-7.887109963873125e-03	3419
1.944474950612473e-01	1.210126106134175e+00	3420
-3.522427916719825e-01	3.611901705016951e-01	3421
-2.297821979647602e-01	5.392153928025081e-02	3422
1.228420562198650e+00	-8.557920718638795e-01	3423
-3.204358408814187e-01	-1.829949688534322e-01	3424
-3.210839116024604e-01	1.861240791974541e-01	3425
1.155420442848047e+00	8.201507088303911e-02	3426
-3.171998740292383e-01	-6.429039084944840e-01	3427
-4.786328459954574e-02	1.055574671776104e+00	3428
1.292775063680785e+00	-6.691787267960849e-01	3429
1.019802448080192e+00	7.082812855728741e-03	3430
1.030903081983038e+00	-1.318426209917741e-02	3431
1.028207519064530e+00	-1.168658352572887e-02	3432
1.042017355843535e+00	1.814845476600933e-02	3433
1.047010022851663e+00	-1.738919233426024e-02	3434
1.307577198383592e+00	-5.890353813697131e-01	3435
1.313739140516798e+00	-5.149750115400181e-01	3436
1.074882153676657e+00	-4.810990009099080e-02	3437
-3.432670135858226e-01	-2.718727028502224e-01	3438
-3.483767432133826e-01	3.114434321383546e-01	3439
8.601342721637565e-01	-1.222227654159231e+00	3440
1.014194467199949e+00	2.412656667275004e-03	3441
-3.373342298988697e-01	-5.723306772431758e-01	3442
-3.412345330440723e-01	5.438979016592201e-01	3443
-3.482747532150690e-01	-5.033574081861200e-01	3444
1.053825885100824e+00	1.882262291890276e-02	3445
1.311673673414598e+00	-4.323634052320791e-01	3446
-3.500678062904286e-01	4.777121869201089e-01	3447
-1.764281152491601e-01	-3.147488607491287e-04	3448
-1.928232510311376e-01	3.568286957478198e-02	3449
-3.081105320204279e-01	1.488970875932990e-01	3450
-2.798042823388032e-01	-8.280724632568576e-02	3451
1.009416508112372e+00	-1.289490352309768e-04	3452
-3.071444495573706e-01	-1.448656692861596e-01	3453
-2.942316732496636e-01	1.152196252574309e-01	3454
-2.938786586388665e-01	-1.134281002129116e-01	3455
-2.791310594819941e-01	8.237732823481214e-02	3456
1.223208283701513e+00	1.428956034551735e-01	3457
1.246955857045274e+00	-2.015025079490772e-01	3458
1.272028957279431e+00	2.356778860262476e-01	3459
1.285456679984973e+00	-2.990500519631101e-01	3460
1.268015289830973e+00	-2.508881698338646e-01	3461
1.293967409985830e+00	2.968052401318864e-01	3462
1.300841354641741e+00	-3.554121207009980e-01	3463
1.311272688973715e+00	3.647849535405630e-01	3464
1.321955835260156e+00	4.383643632149695e-01	3465
1.323992032731139e+00	5.189359212295994e-01	3466
1.317715833637659e+00	6.037555477000819e-01	3467
1.299302411497964e+00	6.968141113582379e-01	3468
1.268820090169481e+00	7.947456142751611e-01	3469
-3.416458890113410e-01	2.654238041914592e-01	3470
-3.502062328744009e-01	-3.215590429114315e-01	3471
1.218342859638509e+00	9.061274481743627e-01	3472
1.133465773450703e+00	1.038576022812094e+00	3473
1.005019431217046e+00	1.149638998069800e+00	3474
8.429577215560090e-01	1.236047055056365e+00	3475
1.204113784857017e+00	-1.254014616786656e-01	3476
1.144955814050460e+00	-7.725080934494426e-02	3477
1.184313450306825e+00	-9.767186256275028e-02	3478
1.199250106172348e+00	1.084476835933104e-01	3479
-2.892040356178894e-01	-7.235614730813842e-01	3480
-2.470762934186326e-01	-8.088779714381623e-01	3481
3.924742293946888e-01	-1.410557923830845e+00	3482
1.047955657444024e+00	1.518095337913972e-02	3483
-4.173802568480687e-01	-4.066937627886679e-01	3484
9.985809527013431e-01	-1.314671059551311e+00	3485
-4.182488344879005e-01	4.504868419890658e-01	3486
1.014162056555019e+00	-1.118159662212475e-03	3487
1.132716831983954e+00	-5.993530722247651e-02	3488
2.167689186823000e-01	1.373167254027566e+00	3489
5.835936250592547e-01	1.439246757830673e+00	3490
3.881249434171853e-01	1.422625942235500e+00	3491
1.183528426427860e+00	8.292206859666386e-02	3492
1.060439432040769e+00	-2.573864034019216e-02	3493
-3.699566927319545e-01	7.627556810820877e-01	3494
-3.088148002800946e-01	-9.053931371142091e-01	3495
1.072739957582532e+00	3.323275052608780e-02	3496
5.990334286829524e-01	-1.424736408549191e+00	3497
1.234632497316331e+00	-1.072574810903223e+00	3498
1.025127803992929e+00	9.216015911900657e-03	3499
1.033009261995707e+00	1.284360147922077e-02	3500
1.295744087766815e+00	-9.553931550106064e-01	3501
-3.705557668443447e-01	1.925427818576715e-01	3502
1.142428726520407e+00	6.240519647577365e-02	3503
-4.075471464629903e-01	3.315024641704286e-01	3504
1.022678823223583e+00	-6.090976243561891e-03	3505
1.035459416150277e+00	-1.061566294815465e-02	3506
-3.375122692949976e-01	1.166254244697322e-01	3507
-4.106852292155834e-01	5.934082027067312e-01	3508
1.053166258420449e+00	-2.184337053629764e-02	3509
-3.849026573075508e-01	2.332579285167347e-01	3510
1.107248091805480e+00	4.824751886709500e-02	3511
-2.036086495244656e-01	-2.197028952648102e-03	3512
-3.702999044428445e-01	-1.907528030893423e-01	3513
1.037751726777832e+00	1.406260033670285e-02	3514
-2.193358898754035e-01	-3.046765772960685e-02	3515
1.294688814974445e+00	1.932051650106236e-01	3516
7.924108586131451e-01	1.408626548502206e+00	3517
-4.167362725568109e-01	-5.487991051007121e-01	3518
1.086746575013489e+00	-4.874596848178676e-02	3519
-4.197409632174421e-01	-4.762392090171244e-01	3520
-1.800117531595829e-01	1.089273159510888e+00	3521
-2.638698969588931e-01	-5.237582966059318e-02	3522
1.102246935285456e+00	-4.841308011116471e-02	3523
1.041779019283648e+00	-1.381227532185779e-02	3524
-6.917089625783250e-02	-1.201997419691668e+00	3525
-2.667329262482405e-01	9.785638450907174e-01	3526
-4.169798559474698e-01	5.200144851168662e-01	3527
-1.669135889992444e-01	-1.107399285991800e+00	3528
6.407141846320430e-02	1.297200705106834e+00	3529
-3.303799105540244e-01	8.641393972987776e-01	3530
1.016301101715550e+00	3.056947207180514e-03	3531
1.338652091277753e+00	-8.452077455767527e-01	3532
1.139704746363734e+00	-1.203758118757421e+00	3533
1.016140706924902e+00	-3.714974870480796e-03	3534
-3.955514252566864e-01	6.753587053014473e-01	3535
1.019079023924705e+00	5.377851202009260e-03	3536
1.240481742011727e+00	-1.262913271942058e-01	3537
-2.473973934614136e-01	-1.008285558209127e+00	3538
-3.997650931790517e-01	-2.886907524271509e-01	3539
5.343360350406963e-02	-1.288013644698537e+00	3540
2.078345364610249e-01	-1.362051921132692e+00	3541
1.018800827578105e+00	-6.154529287330801e-03	3542
-4.141198431821345e-01	3.887403799501981e-01	3543
-4.048605013215890e-01	-6.289094337140101e-01	3544
-6.876531616835789e-02	1.201642126746646e+00	3545
1.366494724758372e+00	-7.374056524339453e-01	3546
1.022850282518464e+00	8.169248438281861e-03	3547
1.031465582353558e+00	-9.014599691246343e-03	3548
1.027437427807777e+00	-7.550086716782117e-03	3549
1.379501755221933e+00	-6.442826383159876e-01	3550
1.384180543985951e+00	-5.585778366005765e-01	3551
1.072210101529739e+00	-3.786389198400094e-02	3552
8.092903897693219e-01	-1.394292748375703e+00	3553
1.014200788260038e+00	5.488005572099283e-04	3554
1.060611896259817e+00	2.335653303362950e-02	3555
1.378768878512153e+00	-4.725053909303932e-01	3556
-2.201249253639719e-01	3.502195613585188e-02	3557
-1.841498484669974e-01	2.084102681969286e-02	3558
-3.547623964538522e-01	1.530697792666997e-01	3559
-3.535277211434123e-01	-1.495317345191490e-01	3560
-2.631559908396768e-01	5.153221584133658e-02	3561
-3.364037921375091e-01	-1.135222454464724e-01	3562
-3.196889106432335e-01	8.312965915797027e-02	3563
-3.197386935529298e-01	-8.253860753938044e-02	3564
1.264059279303367e+00	1.470146210995188e-01	3565
1.267090586086766e+00	-1.646505903805389e-01	3566
1.319470160818484e+00	-2.598466522798954e-01	3567
1.294589273341033e+00	-2.107365000971441e-01	3568
1.325060260962423e+00	2.508770960952554e-01	3569
1.342746692618662e+00	-3.140995090561641e-01	3570
1.352782208940156e+00	3.177175505110117e-01	3571
1.363640311491480e+00	-3.862924047140753e-01	3572
1.375120191821317e+00	3.927481163707595e-01	3573
1.389416939806216e+00	4.766175633673037e-01	3574
1.395205304425739e+00	5.664469291998778e-01	3575
1.389396409741350e+00	6.658437013912871e-01	3576
1.371576413572699e+00	7.724939624839485e-01	3577
-3.975093787514937e-01	2.803701890146248e-01	3578
-3.864983362510718e-01	-2.372617044928836e-01	3579
-4.105695670456387e-01	-3.426122160515457e-01	3580
1.336160575255922e+00	8.917086531696785e-01	3581
1.270705692248011e+00	1.032179188691831e+00	3582
1.151260805903831e+00	1.188051929159278e+00	3583
9.934574547384983e-01	1.321877190937151e+00	3584
1.169753083008835e+00	-7.646021250990885e-02	3585
1.215747528499181e+00	-9.640224040277745e-02	3586
1.234740254396500e+00	1.091642280215216e-01	3587
-3.862118915425810e-01	-7.111274867649642e-01	3588
-3.531557003608534e-01	-8.071312206215933e-01	3589
1.043016561967156e+00	1.204441362824032e-02	3590
1.016163109744733e+00	1.489650963451026e-03	3591
7.036670304436952e-02	1.475951242110865e+00	3592
1.087244826179366e+00	3.690869211371587e-02	3593
1.163385152815880e+00	-1.380969034342087e+00	3594
1.026002897491891e+00	-3.779507549402789e-03	3595
4.827025686204525e-01	-1.588269423097008e+00	3596
-4.054676671463510e-01	-1.518415207291835e-01	3597
-3.008787559784479e-01	4.666939336722099e-02	3598
-3.647364896727631e-01	8.015038044519819e-02	3599
1.120216340339701e+00	-4.532539968047621e-02	3600
1.167556907749534e+00	6.135868008166612e-02	3601
7.133111167301460e-01	1.594939671856187e+00	3602
-2.199317656321363e-01	1.239878324588740e+00	3603
-4.852444706892885e-01	4.146296513894503e-01	3604
2.568695688950724e-01	-1.545762291878886e+00	3605
-4.735179217179166e-01	7.453435447628207e-01	3606
-4.955175933481787e-01	-5.149647852080905e-01	3607
1.155400598566161e+00	-5.763004606004643e-02	3608
-3.074884970422248e-01	-1.137896973027096e+00	3609
9.675485270498182e-01	-1.508915898321183e+00	3610
-4.894877840267852e-01	-4.383152018415897e-01	3611
-3.860304623296346e-01	1.154877791557806e-01	3612
1.069474035257578e+00	-2.858812650265938e-02	3613
-3.787693208642333e-01	-1.015743894422559e+00	3614
1.068570410432090e+00	2.812638428436793e-02	3615
-2.498433078991286e-01	-3.042662007379767e-02	3616
-4.790706935553266e-01	-3.670200069392206e-01	3617
1.282148970103830e+00	-1.261370133812660e-01	3618
1.311068262017239e+00	1.488430167068688e-01	3619
1.347443424662343e+00	-2.152000681607768e-01	3620
1.215030794061595e+00	8.204955420315890e-02	3621
1.386264881774810e+00	2.643464869506397e-01	3622
9.595185703310811e-01	1.518332691883620e+00	3623
1.054257739822339e+00	1.155159775996289e-02	3624
-4.926353218627970e-01	4.862587761596781e-01	3625
2.565617963084537e-01	1.556991724995698e+00	3626
4.714400860019163e-01	1.601720852105010e+00	3627
1.294450632199143e+00	-1.217084870342622e+00	3628
1.372190466056429e+00	-1.070745170449424e+00	3629
-4.066813941958590e-01	1.547386257947974e-01	3630
1.096854799659674e+00	3.815853652066711e-02	3631
-4.894523733274739e-01	6.500150832273530e-01	3632
1.060268327719045e+00	-1.740448875081733e-02	3633
1.053894917367124e+00	-1.440284378581659e-02	3634
1.127943458185916e+00	4.557693723586331e-02	3635
-2.334611833882384e-01	3.258445592703946e-03	3636
-4.260320954824935e-01	1.954670525726415e-01	3637
-4.266787538765129e-01	-1.965751967312056e-01	3638
1.036483530472432e+00	9.103269395120576e-03	3639
1.083596062402081e+00	-4.036547093651380e-02	3640
-4.463642362302925e-01	8.507351229348071e-01	3641
-2.506625286600690e-01	3.093652639149340e-02	3642
1.047628575111702e+00	-1.091277502357994e-02	3643
1.040831736408136e+00	-7.892342218041942e-03	3644
-2.131932934404100e-01	-1.251479464222013e+00	3645
-3.200696481484657e-01	1.109431906030305e+00	3646
-4.944246553127433e-01	5.633030632997836e-01	3647
-3.977578003262598e-01	9.762677352938092e-01	3648
1.018689700749771e+00	3.554217367213957e-03	3649
1.419858115127004e+00	-9.410472821827869e-01	3650
1.016077097600994e+00	-2.145363127933708e-03	3651
-4.465986405206768e-01	-2.485520145332895e-01	3652
-4.608983967355541e-01	2.940744381113992e-01	3653
-9.324229754891027e-02	-1.364655391313212e+00	3654
6.172975666943960e-02	-1.465805160737370e+00	3655
1.018499645485399e+00	-4.318650053675406e-03	3656
-4.934012122882238e-01	-6.002771959092617e-01	3657
-4.286232123048461e-01	-8.992786273317741e-01	3658
-8.810657128906445e-02	1.368520412765027e+00	3659
1.449958062014883e+00	-8.171482305640079e-01	3660
1.035054260539833e+00	-5.881459308470649e-03	3661
1.032380547221494e+00	8.284824724539841e-03	3662
1.030732706677337e+00	-4.792201665979213e-03	3663
1.028546707407474e+00	7.035432290296810e-03	3664
1.463473174173156e+00	-7.040596551501647e-01	3665
1.348810807223275e+00	2.012608347113171e-01	3666
1.464571030673067e+00	-6.064411658521187e-01	3667
1.094285670362852e+00	-3.660102061717198e-02	3668
7.276666025078758e-01	-1.580665254712733e+00	3669
1.016136009687428e+00	-3.284295286883177e-04	3670
1.061219137566664e+00	1.507337757097553e-02	3671
-2.085259299870361e-01	1.625181753500968e-02	3672
-3.844402196898784e-01	-1.122136497119062e-01	3673
-3.007407784736967e-01	-4.912902043757285e-02	3674
-3.638920224131401e-01	-7.826509992415048e-02	3675
1.315149898009494e+00	-1.676077597070637e-01	3676
1.378435978670786e+00	-2.670872942437357e-01	3677
1.408958957149918e+00	-3.345300507466352e-01	3678
1.420503616899717e+00	3.380576481095214e-01	3679
1.436634857906744e+00	-4.184371961919580e-01	3680
1.448195944264753e+00	4.230988916927644e-01	3681
1.456388278432175e+00	-5.113308309622490e-01	3682
1.467710489675375e+00	5.162947249663472e-01	3683
1.476151864753759e+00	6.206394039659735e-01	3684
1.473014748097202e+00	7.341602989191398e-01	3685
-4.442529925551221e-01	2.422018080064645e-01	3686
-4.641350865282406e-01	-3.031985815657037e-01	3687
-4.756316069752169e-01	3.522709114348789e-01	3688
1.453855561073669e+00	8.612391335904632e-01	3689
1.408010600095434e+00	1.009953849374840e+00	3690
1.313524493512314e+00	1.187896658070871e+00	3691
1.184488827677255e+00	1.385811023784091e+00	3692
1.197807514122974e+00	-7.305159239782924e-02	3693
1.251383889253638e+00	-9.239994188534431e-02	3694
1.275114526436496e+00	1.079733604551966e-01	3695
-4.840904263633350e-01	-6.892651658195212e-01	3696
-4.633248039564358e-01	-7.903666507135881e-01	3697
1.022663345145259e+00	-2.526288690960999e-03	3698
-5.634017508286389e-01	8.243534473193398e-01	3699
1.250940237762112e+00	7.800719505746177e-02	3700
-2.649368812761882e-01	1.791907200309592e-03	3701
-5.328549049140344e-01	3.063915701187137e-01	3702
1.160655442866106e+00	-1.592983493794530e+00	3703
1.140632291168875e+00	-4.181031864444854e-02	3704
9.049565630205109e-02	-1.670191678707418e+00	3705
-4.132109410259306e-01	-7.106025475569099e-02	3706
-1.024578805256596e-01	1.559887255839716e+00	3707
1.068822254677114e+00	1.925693227001636e-02	3708
-2.834103841868248e-01	2.479548489720283e-02	3709
-3.808037014164604e-01	1.259366356379584e+00	3710
1.195967136207820e+00	5.846406428753514e-02	3711
1.407102321099855e+00	-2.152134044679048e-01	3712
6.098035425547326e-01	-1.775603200416879e+00	3713
-4.884794193491933e-01	1.975817321795365e-01	3714
-5.772061762294436e-01	5.224565747145361e-01	3715
-5.782069922006289e-01	7.134804599775647e-01	3716
-5.822764585848108e-01	-6.537364335147366e-01	3717
5.977061124275488e-01	1.789689339031009e+00	3718
3.340352397472612e-01	-1.749680267251242e+00	3719
-5.806909536541409e-01	-5.589582630682788e-01	3720
-5.566726785771207e-01	-3.913519419583966e-01	3721
-5.312735144887777e-01	9.554265007822825e-01	3722
1.018303273383280e+00	-1.304933691372755e-03	3723
1.035256993985751e+00	4.497476083824297e-03	3724
1.033900788924060e+00	-1.399999797532202e-03	3725
1.029112847114577e+00	-8.707639979004801e-04	3726
1.455992632870370e+00	2.764209061125834e-01	3727
-5.513504156898983e-01	3.720980384291218e-01	3728
1.329593540295041e+00	-1.226666976076171e-01	3729
-4.576532053810225e-01	-1.142440313563519e+00	3730
1.161626761044864e+00	1.603498725309914e+00	3731
8.928835784977579e-01	1.737438769910359e+00	3732
1.111143325039573e+00	3.379607256250512e-02	3733
-5.720730263206079e-01	-4.696263061524026e-01	3734
1.021188972883398e+00	-4.819736209956805e-03	3735
9.202678394790213e-02	1.680118446290779e+00	3736
1.068333985936958e+00	-2.137914435428228e-02	3737
-4.643509634594737e-01	1.518405857049666e-01	3738
-3.416673789217358e-01	4.488953978924037e-02	3739
-3.418195324757014e-01	-4.339843415790073e-02	3740
-2.828562128479010e-01	-2.439273982416342e-02	3741
-2.608470934741395e-01	1.413303782111954e+00	3742
-5.661649561323018e-01	4.420741419174266e-01	3743
-4.638367160230695e-01	-1.509401069308804e-01	3744
1.180293994899914e+00	-5.360798907972809e-02	3745
-5.150421210928438e-01	-1.004107805741213e+00	3746
9.005956027457066e-01	-1.726581896027070e+00	3747
-4.399635484026483e-01	1.116696737758902e-01	3748
1.048316130473588e+00	8.462554485350363e-03	3749
1.109006347750190e+00	-3.532766009891509e-02	3750
1.060898986975128e+00	7.025254111921655e-03	3751
3.258610759011344e-01	1.761887454336264e+00	3752
1.346446249817969e+00	-1.394455095633063e+00	3753
1.454831100215177e+00	-1.209529573547056e+00	3754
1.151122061195468e+00	4.297957941150176e-02	3755
1.060131553341788e+00	-9.507993530659823e-03	3756
1.080066358404781e+00	-2.992954510347439e-02	3757
1.053849970172672e+00	-7.174505074129996e-03	3758
1.041756653188415e+00	6.090698697648156e-03	3759
1.046476965170876e+00	-4.416793279401104e-03	3760
-3.721779688466490e-01	-1.286073288277402e+00	3761
-5.827267149781710e-01	6.114982637426836e-01	3762
-4.724268154346788e-01	1.108675096272058e+00	3763
1.021401937993069e+00	3.933430112805181e-03	3764
1.513627211082238e+00	-1.049950844564142e+00	3765
-5.144734081502869e-01	-2.562573738103978e-01	3766
-2.595243118731862e-01	-1.419120087249975e+00	3767
-1.077967747600188e-01	-1.554000085056264e+00	3768
1.545526566320346e+00	-9.066857585351243e-01	3769
1.039503037737144e+00	-2.466307248876044e-03	3770
1.031643211965354e+00	4.014148813238426e-03	3771
1.559599432933697e+00	-7.735367859289570e-01	3772
1.557940158026949e+00	-6.568495547230191e-01	3773
1.018347124451221e+00	5.500453243677790e-04	3774
-4.147653384022807e-01	7.356061197985861e-02	3775
-4.381078313381374e-01	-1.085461810482041e-01	3776
1.368558848340147e+00	-1.665419399022509e-01	3777
1.365030734428157e+00	1.494988645493644e-01	3778
1.446604381075338e+00	-2.773457377897001e-01	3779
1.411012369053080e+00	2.066659383877338e-01	3780
1.486033595447958e+00	-3.561605674474723e-01	3781
1.498005452349568e+00	3.595021887840136e-01	3782
1.520665702224119e+00	-4.496571625883112e-01	3783
1.532558744820585e+00	4.537050153395583e-01	3784
1.544756654294929e+00	-5.521466190616361e-01	3785
1.556920156800135e+00	5.612121042527698e-01	3786
1.570281373804150e+00	6.796132659032343e-01	3787
-5.112351495748833e-01	2.488722172536528e-01	3788
-4.902250932071058e-01	-2.013693535835142e-01	3789
-5.373692916021731e-01	-3.190164934329942e-01	3790
1.569095791333504e+00	8.131346341934363e-01	3791
1.543978064465181e+00	9.698654674217095e-01	3792
1.478042580628219e+00	1.160525660415548e+00	3793
1.374373703667259e+00	1.367591042204221e+00	3794
1.229292589284755e+00	-6.759094584906912e-02	3795
1.292010549323858e+00	-8.662146520748783e-02	3796
1.321092260658383e+00	1.035145235946505e-01	3797
-5.514680937030769e-01	-8.774364267076643e-01	3798
-5.739529495434619e-01	-7.594926380412242e-01	3799
-1.052769847650425e-01	-1.774454139173837e+00	3800
1.176722745284680e+00	3.871273350579817e-02	3801
-2.999192991968331e-01	1.613782594784430e+00	3802
-4.682354325124992e-01	-6.093453626429896e-02	3803
-6.199243285474039e-01	-3.349869193405320e-01	3804
1.132725980227928e+00	2.769909880039079e-02	3805
1.163251830859646e+00	-3.653877884005063e-02	3806
-5.505840405266897e-01	1.258899568498699e+00	3807
-6.739083897365432e-01	5.607310756134017e-01	3808
-6.805827280629990e-01	7.831617134881569e-01	3809
1.025379144074047e+00	-1.278085814503495e-04	3810
1.265174603493185e+00	-5.893781464318937e-02	3811
7.822008364744728e-01	1.972681823787209e+00	3812
-3.880860319861814e-01	-3.790158647239309e-02	3813
1.080021287480543e+00	2.470177718224637e-02	3814
1.126086233056824e+00	-2.894861719344458e-02	3815
1.068837390380156e+00	1.045884836192039e-02	3816
4.400792507271026e-01	1.985026713482832e+00	3817
1.052322660336040e+00	-1.189549682536961e-04	3818
-6.536402361695791e-01	-9.743870444216826e-01	3819
1.482613610976742e-01	-1.901604671811821e+00	3820
1.045657596227982e+00	1.845254638659590e-03	3821
1.020394436974816e+00	1.223798026558112e-03	3822
-3.817793695389824e-01	6.935409105117557e-04	3823
-3.193583073878890e-01	1.361976230898923e-02	3824
1.536439782716735e+00	2.875299652523930e-01	3825
1.293927741154471e+00	1.539820878297068e+00	3826
1.208088633645378e+00	-4.651337486212666e-02	3827
-6.787160610378008e-01	-6.039060376178108e-01	3828
-6.130081777394696e-01	-1.124712271742548e+00	3829
-6.648815927975817e-01	9.182675712912155e-01	3830
1.475780071332998e+00	-2.156802987299364e-01	3831
-6.753082499097945e-01	-8.389746149331606e-01	3832
1.121464052471957e+00	-1.839677356214236e+00	3833
-1.048900735384423e-01	1.780467634662881e+00	3834
1.100327638453557e+00	2.420367176063053e-02	3835
-4.462679495074096e-01	1.433575893534839e+00	3836
1.227510305413647e+00	5.335596156936737e-02	3837
4.509095696726396e-01	-1.971772498367586e+00	3838
-6.657186781952944e-01	-5.048647586505897e-01	3839
-6.262201534038613e-01	1.079339960079374e+00	3840
1.024950434647213e+00	5.095005283920813e-03	3841
1.027613503164436e+00	2.987002874875197e-03	3842
1.291424737022662e+00	7.142611757465817e-02	3843
1.382470533707049e+00	-1.154160052387726e-01	3844
-6.837649516858242e-01	-7.140573425182151e-01	3845
1.117423051882375e+00	1.851149251772691e+00	3846
-6.574362252099456e-01	4.700470795327072e-01	3847
1.020548568065641e+00	-1.251547577912078e-03	3848
1.418180703085014e-01	1.911835686990091e+00	3849
1.067895840290888e+00	-1.276720002280972e-02	3850
-3.863065749576025e-01	3.596776048107021e-02	3851
-3.097041675579346e-01	-1.177829009560764e-02	3852
-6.451755038380232e-01	-4.138349054712253e-01	3853
-6.374866391333460e-01	3.899775366255142e-01	3854
-5.289822456154462e-01	1.464777439987057e-01	3855
-5.296158923632658e-01	-1.479629080278707e-01	3856
7.892031143563827e-01	-1.960751678213339e+00	3857
-4.993985259274675e-01	1.025617397753723e-01	3858
-4.703453905659677e-01	6.365346991754889e-02	3859
1.100641048118683e+00	-2.378112636560549e-02	3860
1.091872150774646e+00	-2.339762353631490e-02	3861
1.053995707574661e+00	4.126880904879576e-03	3862
1.381082303467241e+00	-1.614609582498880e+00	3863
1.535719688736643e+00	-1.382330674216027e+00	3864
1.077854484216452e+00	-2.354919241536253e-02	3865
1.059427751610793e+00	-1.871428317874495e-03	3866
-5.439782639121477e-01	-1.289790035732465e+00	3867
-6.826749767436842e-01	6.665825022602340e-01	3868
1.618312541460966e+00	-1.180052008928257e+00	3869
-5.610198262431580e-01	-2.022197452756797e-01	3870
-5.866337674487034e-01	2.528788260840879e-01	3871
-4.393416287239276e-01	-1.455693442396603e+00	3872
-3.004415674114188e-01	-1.616161254508130e+00	3873
1.656164734992409e+00	-1.007258813657082e+00	3874
1.669237951673329e+00	-8.531086164532999e-01	3875
1.665330580848330e+00	-7.142743664607313e-01	3876
-4.979006644774565e-01	-1.006382230961623e-01	3877
1.481702415409017e+00	2.101131669746438e-01	3878
1.525875292503351e+00	-2.875137515190194e-01	3879
1.426766713183152e+00	1.465718911197482e-01	3880
1.428001356639509e+00	-1.595576679755059e-01	3881
1.574793435524056e+00	-3.770195869959163e-01	3882
1.587104610109481e+00	3.798868319412547e-01	3883
1.616220390386520e+00	-4.818187617024541e-01	3884
1.628810284419441e+00	4.880419761506144e-01	3885
1.646744406868423e+00	-5.930309453487751e-01	3886
1.660352971109968e+00	6.090902885334134e-01	3887
-5.582404071680359e-01	1.968340876901362e-01	3888
-5.914209590794196e-01	-2.630364473897677e-01	3889
-6.136330122837721e-01	3.186352802156623e-01	3890
1.678863208910448e+00	7.468935577599874e-01	3891
1.676187071666654e+00	9.101821741116389e-01	3892
1.639791209067184e+00	1.109145726254936e+00	3893
1.563344107332602e+00	1.331923089060729e+00	3894
1.337886681222085e+00	-7.687094126930982e-02	3895
1.373726581638040e+00	9.689852595640651e-02	3896
-5.137978261043536e-01	1.637228846282463e+00	3897
-7.838603316228616e-01	6.044192791756955e-01	3898
1.077593669863147e+00	1.492743746075297e-02	3899
-7.792685769015055e-01	1.030350487445105e+00	3900
1.114377483572887e+00	1.924552569853806e-02	3901
-4.341133674750167e-01	-1.835433117120238e-02	3902
1.254719665665259e+00	-1.778483457070757e+00	3903
1.205111536211174e+00	3.206879283860006e-02	3904
1.307304394289226e+00	1.737562715559055e+00	3905
1.023331978167196e+00	6.018791469637715e-04	3906
1.555336481659739e+00	-2.141721340943104e-01	3907
1.263125129707704e+00	4.443517763864748e-02	3908
-3.287333825280225e-01	-1.848524084892666e+00	3909
1.146168176387176e+00	-2.260869776367751e-02	3910
-7.316914453991503e-01	1.228838147210387e+00	3911
1.033045358343830e+00	-2.117288050332635e+00	3912
2.359410686297455e-01	2.170268502889028e+00	3913
-5.283465771639888e-01	-4.637206333552812e-02	3914
1.787906029707242e+00	-7.809202260896058e-01	3915
-7.046554270999248e-01	3.273550086431244e-01	3916
1.628688701213309e+00	2.966094881199836e-01	3917
-7.907564860136371e-01	-6.531034781346651e-01	3918
1.115556289796780e+00	-2.182099154830011e-02	3919
1.781838565188168e+00	-1.126136328006858e+00	3920
-7.972199613317209e-01	8.646820674373678e-01	3921
-4.361645064012252e-01	2.265696034360369e-02	3922
-6.713095474152423e-01	2.560022548509974e-01	3923
2.466714460022734e-01	-2.158828498364221e+00	3924
1.337869186653916e+00	6.084270379982936e-02	3925
1.495871998964966e+00	-1.507313193956251e-01	3926
-6.009686136710660e-01	1.377788526891839e-01	3927
1.493803994046196e+00	1.519755884986236e+00	3928
1.239204345601389e+00	-3.688638900649766e-02	3929
1.496990377592989e+00	1.410076918292882e-01	3930
-3.312645831583492e-01	1.846995341862748e+00	3931
-7.718480213056335e-01	-5.404858628924930e-01	3932
1.156723575620257e+00	2.213999777493541e-02	3933
-6.402792557747993e-01	1.430334283167318e+00	3934
1.028352702921195e+00	2.128762725575418e+00	3935
6.191967148102286e-01	2.213671948543950e+00	3936
-7.925781053454225e-01	-9.262084563450760e-01	3937
-7.581743792015702e-02	-2.029087570463104e+00	3938
1.187777357868675e+00	-2.930932372506894e-02	3939
-7.702834660432746e-01	-1.085521918908527e+00	3940
1.305516919407818e+00	-4.765808452902279e-02	3941
-7.988143909983092e-01	-7.836513521072155e-01	3942
-8.282597133433768e-02	2.035107397763003e+00	3943
1.089808250094656e+00	1.384560685331886e-02	3944
-7.614739374397085e-01	4.975052253181030e-01	3945
1.067170255041664e+00	-4.477489673621654e-03	3946
-7.458417270067481e-01	-4.381384781366936e-01	3947
-7.361412947445105e-01	4.074137545019579e-01	3948
-7.134822891919753e-01	-3.477236634197895e-01	3949
6.263527710024670e-01	-2.201098066666002e+00	3950
-5.654770020256543e-01	8.940343392113462e-02	3951
-5.304255361511837e-01	4.852031971663740e-02	3952
1.067774763758028e+00	1.470767103247347e-03	3953
1.608424894366473e+00	-1.599664186895093e+00	3954
1.076841603374739e+00	-1.659639118853797e-02	3955
-7.219990907381928e-01	-1.266077301955249e+00	3956
-7.963360855124947e-01	7.264429257083369e-01	3957
1.727505508537729e+00	-1.343612146689235e+00	3958
-6.406781513660303e-01	-1.996874339999596e-01	3959
-6.384031548371506e-01	-1.463879486077271e+00	3960
-5.087565619465882e-01	-1.654605958696137e+00	3961
1.796079926114628e+00	-9.421944107162155e-01	3962
-5.649239193970108e-01	-8.931424476714525e-02	3963
1.617272918765237e+00	-2.962907254170744e-01	3964
1.562938886617245e+00	2.103397818344502e-01	3965
1.440684666368978e+00	-1.014783917067729e-01	3966
1.675953222562414e+00	-3.982042679425538e-01	3967
1.688882456314977e+00	4.023953458920022e-01	3968
1.725847945313166e+00	-5.120974649223750e-01	3969
1.740027641580591e+00	5.233048844094852e-01	3970
1.764027786486222e+00	-6.376821965924945e-01	3971
-6.362670253691478e-01	1.919900991411169e-01	3972
-6.027856197064451e-01	-1.411187781030107e-01	3973
-6.780605166022791e-01	-2.695800897786252e-01	3974
1.779816797733803e+00	6.627675679257922e-01	3975
1.801385309058986e+00	8.301312706500372e-01	3976
1.795328497576685e+00	1.034277613654581e+00	3977
1.750355222621744e+00	1.270955835248868e+00	3978
1.389113440817605e+00	-6.321064857884116e-02	3979
1.433588047935165e+00	8.575251860615923e-02	3980
-7.377605992913457e-01	1.631250245571686e+00	3981
-8.423096660335140e-01	1.399777654507584e+00	3982
-9.066636534462924e-01	1.165165309586035e+00	3983
-3.343686969698156e-01	-2.121575374191935e+00	3984
1.301493868175104e+00	2.014557689411486e+00	3985
1.140816150503545e+00	8.714259192524425e-03	3986
-5.785307906949249e-01	1.876889561730613e+00	3987
1.129135436987255e+00	-1.323951217577520e-02	3988
-4.894901833846617e-01	-2.471505411343006e-03	3989
1.919318379451755e+00	-1.276854406866690e+00	3990
1.390420293001617e+00	4.718976047528967e-02	3991
1.214912506187031e+00	-1.848105779803207e-02	3992
-8.459710742266700e-01	4.245917059257046e-01	3993
1.182597975211914e+00	1.452623697387679e-02	3994
1.168317292171482e+00	-1.435002307156392e-02	3995
1.274452905973470e+00	-2.333383243573085e-02	3996
-7.237645893585507e-01	1.850983174429501e-01	3997
-8.930771948486852e-01	-5.771683408279735e-01	3998
3.979824338534622e-01	2.446927064814697e+00	3999
-1.900510718516871e-02	2.326029562135755e+00	4000
1.941437851967971e+00	-1.046703676581963e+00	4001
1.075897186511729e+00	-5.855539593066094e-03	4002
-6.484717460076147e-03	-2.318778639685990e+00	4003
1.491850735731391e+00	-1.811409508869396e+00	4004
-5.718583857270390e-01	-1.892040789355247e+00	4005
8.807755970235451e-01	-2.414076330865175e+00	4006
1.721859316826000e+00	-3.045516502356397e-01	4007
-5.947771954419360e-01	-2.600521136844189e-02	4008
1.647098845571095e+00	-2.100280549723801e-01	4009
1.103195522825569e+00	1.042672714612205e-02	4010
1.106532666319234e+00	-1.029795328913317e-02	4011
1.236229899126590e+00	2.273802725916817e-02	4012
1.079885208917837e+00	4.775896957764302e-03	4013
1.303272590451102e+00	3.237956428982552e-02	4014
1.129653349884637e+00	1.007351194441740e-02	4015
1.929634362901853e+00	-8.552378338467438e-01	4016
-9.182780794349625e-01	-7.098287587712832e-01	4017
1.734208760569829e+00	3.062108143346265e-01	4018
-9.296322783179183e-01	9.622273087206913e-01	4019
-9.081888461139532e-01	6.527986675348216e-01	4020
-8.594007699649546e-01	-4.629164098871995e-01	4021
1.350540179574125e+00	-3.172218450657331e-02	4022
1.506524306550958e+00	-8.388714108078414e-02	4023
-8.197221068967254e-01	-3.598743725695083e-01	4024
-8.073991152090664e-01	3.326158484796912e-01	4025
1.547569687600274e+00	1.754100108550677e+00	4026
1.656060894505281e+00	2.071470447202582e-01	4027
-3.434732757211539e-01	2.119938026275755e+00	4028
-8.799251350578619e-01	5.279505478478977e-01	4029
8.761628659056537e-01	2.425692533513021e+00	4030
-9.298979393536676e-01	-8.598396072568527e-01	4031
-9.269562349094953e-01	-1.025218764518303e+00	4032
-5.963057556857613e-01	2.684945877091497e-02	4033
4.066879276454835e-01	-2.435469052667196e+00	4034
-6.382516900269142e-01	7.260536145533622e-02	4035
-9.016745343765997e-01	-1.216274050730417e+00	4036
-9.265313336516546e-01	7.941701110214590e-01	4037
1.837748162898671e+00	-1.551659799663866e+00	4038
-7.756753292942207e-01	-2.716393554625864e-01	4039
-8.431060161577064e-01	-1.432584593602941e+00	4040
-7.364509340326847e-01	-1.668425950916161e+00	4041
-6.843950756088185e-01	-1.291162599741393e-01	4042
1.577128221968234e+00	1.303868872107745e-01	4043
1.573886315971158e+00	-1.378413826575778e-01	4044
1.700939366856888e+00	1.475597547039284e+00	4045
1.791590140939634e+00	-4.160379222082875e-01	4046
1.806055190074490e+00	4.237148161559324e-01	4047
1.851574707325895e+00	-5.430698877174687e-01	4048
-6.388637454716968e-01	-7.427335581826154e-02	4049
-6.809169155407805e-01	1.237281727997610e-01	4050
-7.307320871563925e-01	-1.956853513952153e-01	4051
-7.662659533805743e-01	2.545207892919593e-01	4052
1.868422209983271e+00	5.616770230820137e-01	4053
1.898042522789175e+00	-6.895517809105105e-01	4054
1.915848837637738e+00	7.299100786243298e-01	4055
1.941065409175183e+00	9.359911255251211e-01	4056
1.931235396867660e+00	1.182189157374017e+00	4057
1.445005663932957e+00	-4.241497143066945e-02	4058
1.501783784932071e+00	7.109990243893639e-02	4059
1.226015435147379e+00	2.349105251812336e+00	4060
1.245098455941681e+00	-4.648751985024840e-03	4061
-1.062630118942837e+00	-7.731354813716438e-01	4062
-8.386111697619117e-01	1.870051825657370e+00	4063
6.490153206380034e-01	2.723396876470408e+00	4064
1.344796694475731e+00	-2.006698919598320e+00	4065
-6.306987632700540e-01	2.161235382129947e+00	4066
1.160291018141070e+00	1.771302671320335e-03	4067
1.193675349597993e+00	-2.388684083497866e+00	4068
1.313723260129132e+00	-6.649987574083636e-03	4069
1.270997578332152e+00	8.939141010389187e-03	4070
1.210684739588703e+00	4.290284152690865e-03	4071
-6.227631466659960e-01	-2.180371321203910e+00	4072
1.748367647860570e+00	-1.790865116060201e+00	4073
1.450328361762475e+00	2.793061711066558e-02	4074
-1.079008086679113e+00	1.081160163852307e+00	4075
1.349057197077635e+00	1.542923697052022e-02	4076
1.145686447473810e+00	-3.593871504209168e-03	4077
-9.708177181747214e-01	4.402271850265248e-01	4078
1.586155452436659e+00	2.036686982093346e+00	4079
-6.684591525151254e-01	-9.369312726654979e-04	4080
-8.355833693676676e-01	-1.912094209357342e+00	4081
1.399594164504480e+00	-1.109196226257583e-02	4082
1.668797289980806e+00	1.146633914836517e-01	4083
1.855231496328420e+00	3.125246097212396e-01	4084
-9.230881447800261e-01	3.375506782750807e-01	4085
-9.684713594850857e-01	1.595255385133751e+00	4086
-1.045750440085412e+00	1.328633015776960e+00	4087
-1.050498600945847e+00	7.055784368571695e-01	4088
1.762925703661459e+00	2.028158363499150e-01	4089
2.064663858395197e+00	-1.470380230226796e+00	4090
1.663701396663971e+00	-1.206640721973871e-01	4091
1.192103699113297e+00	-3.904653978305569e-03	4092
-9.394930737802089e-01	-3.720434225685309e-01	4093
-1.031361201635394e+00	-6.186972072113198e-01	4094
1.109869923836797e-01	2.653530861454684e+00	4095
2.105003141063450e+00	-1.179321249502768e+00	4096
1.085933434646485e+00	-1.033941543929361e-02	4097
-3.056335026422636e-01	-2.442270714683279e+00	4098
1.230093540999656e-01	-2.644837948683644e+00	4099
6.554024645452895e-01	-2.712033021173120e+00	4100
1.116911730142923e+00	4.536918472829929e-03	4101
1.092735379177490e+00	1.528834885735303e-03	4102
2.092830357344563e+00	-9.419552570208254e-01	4103
1.909001878689086e+00	1.400212163702355e+00	4104
1.752582357380111e+00	-2.041069523184444e-01	4105
-8.860663391707224e-01	-2.707935645464280e-01	4106
-3.224279222828377e-01	2.443370894525016e+00	4107
-1.013741613268078e+00	5.626493239991867e-01	4108
-9.885603735278126e-01	-4.860555998438207e-01	4109
-1.075144146299436e+00	8.748150147580817e-01	4110
-1.080556507851747e+00	-9.442389571918419e-01	4111
-1.079607132680780e+00	-1.141534162998362e+00	4112
-7.705625615880811e-01	1.061215558097936e-01	4113
-8.725396508856567e-01	2.477965969470254e-01	4114
-1.049139674938214e+00	-1.371087777509578e+00	4115
-9.781361998838658e-01	-1.634273270374004e+00	4116
1.581329657651305e+00	-6.027041630560019e-02	4117
1.799945685422963e+00	1.711010261919576e+00	4118
1.841218981992852e+00	-3.081255379100947e-01	4119
1.923834052775855e+00	-4.319084951308320e-01	4120
-7.206309339640538e-01	-5.197459261441124e-02	4121
-7.183627745221084e-01	4.847070918250655e-02	4122
-7.763583184944498e-01	-1.137128512806314e-01	4123
-8.312778703079348e-01	-1.866351955574237e-01	4124
-8.214397486686139e-01	1.723636878255906e-01	4125
1.941103140234343e+00	4.453447952917035e-01	4126
1.995309654498415e+00	-5.786882659556527e-01	4127
2.015622255765000e+00	6.106075886956098e-01	4128
2.052833840784883e+00	-7.465205274267782e-01	4129
2.073007251011552e+00	8.148590821210774e-01	4130
2.100990145792773e+00	1.065227921599245e+00	4131
1.507668172014419e+00	-1.662392862721926e-02	4132
1.579003851175734e+00	4.997807481315907e-02	4133
-6.609943069595930e-01	2.502001043779001e+00	4134
1.886516989568600e+00	2.000442631570359e+00	4135
2.254356933707292e+00	9.209487220400943e-01	4136
-1.244298240292808e+00	9.740550436276204e-01	4137
-1.244146002138017e+00	1.228442125163645e+00	4138
-1.213321413670844e+00	7.675443467106244e-01	4139
1.977422795387022e+00	-3.073735282112977e-01	4140
-1.187752419560405e+00	-6.664351420691248e-01	4141
-1.075108083776647e+00	-3.803287885504179e-01	4142
-1.228181244575818e+00	-8.412784896393500e-01	4143
3.384379218698597e-01	2.999351413025493e+00	4144
1.885161126607090e+00	1.931841028389709e-01	4145
1.033474050204461e+00	-2.717537181497621e+00	4146
3.487759633094127e-01	-2.989562182428789e+00	4147
1.994382826709587e+00	3.163259944584976e-01	4148
-9.921787817214964e-01	2.388232512128494e-01	4149
-9.346832118659281e-01	2.157213665694127e+00	4150
-1.111971727354106e+00	-1.876923127429960e+00	4151
-1.105685340062867e+00	1.827148613775795e+00	4152
1.618336955069002e+00	-2.034717248534508e+00	4153
-9.270244729250148e-01	-2.201458054754907e+00	4154
1.872935006835029e+00	-1.921234264532197e-01	4155
2.110715419839633e+00	1.291358139487049e+00	4156
2.096711570206994e+00	4.742521349409614e-01	4157
1.057352546301932e+00	2.711737147034341e+00	4158
1.498515758388803e+00	-2.290054629133035e+00	4159
1.423655304952417e+00	2.266025174512391e+00	4160
-1.011115081430910e+00	-2.686160861267120e-01	4161
-1.202010950803641e+00	1.517494646649651e+00	4162
2.008766336896050e+00	-1.728694617624531e+00	4163
-1.053614114594241e+00	3.386161333334879e-01	4164
-1.135769781703805e+00	-5.108372443709854e-01	4165
-1.166551288992506e+00	5.988340605005300e-01	4166
2.283729978950585e+00	-1.353164420597047e+00	4167
-6.395360899907662e-01	-2.521419254759928e+00	4168
-2.190777367962341e-01	-2.810571478717360e+00	4169
2.279511309222792e+00	-1.052069341575237e+00	4170
1.774301372661243e+00	9.599860227219706e-02	4171
1.767405279939559e+00	-9.997795856065780e-02	4172
-2.357598538248786e-01	2.814061010463531e+00	4173
-1.112894835916126e+00	4.584468430505039e-01	4174
-1.252666769332623e+00	-1.042650136150982e+00	4175
-8.089873631874254e-01	-7.380448341870694e-03	4176
-1.252331323428946e+00	-1.280089233067944e+00	4177
-1.215338945371524e+00	-1.555842605354074e+00	4178
1.658905945764837e+00	-3.568208854875992e-03	4179
-9.442726699239669e-01	-1.721008819303846e-01	4180
-9.301927799532401e-01	1.529944360074215e-01	4181
-8.782031731063179e-01	-9.322943718719738e-02	4182
-8.691656543037950e-01	8.223996367364468e-02	4183
2.075109861334703e+00	-4.496637252646125e-01	4184
2.049432390682637e+00	1.623405809934438e+00	4185
2.161000110779286e+00	-6.162960759743666e-01	4186
2.186870101955147e+00	6.723070986472469e-01	4187
2.231479268180011e+00	-8.124151684590104e-01	4188
1.738603944527089e+00	2.283057258900342e+00	4189
-1.151545036376122e+00	-2.613899290030220e-01	4190
-1.417679188090107e+00	-9.193390968261921e-01	4191
7.203987558098475e-02	3.021185644764576e+00	4192
2.288656487138005e+00	1.495416538778393e+00	4193
-1.020711457092030e+00	2.504968650549926e+00	4194
-1.072235858237190e+00	-1.539396187484515e-01	4195
2.025501996860536e+00	1.783249053771628e-01	4196
7.808031838048376e-01	-3.067172156527944e+00	4197
1.790312314234262e+00	-2.272457130271948e+00	4198
-1.433512254621909e+00	1.100421813060709e+00	4199
8.916280388403364e-02	-3.012912696967828e+00	4200
1.400318756114629e+00	-2.640412944775995e+00	4201
2.009137306446607e+00	-1.743447670278446e-01	4202
-6.336942856410747e-01	2.908160784024596e+00	4203
7.879924778482394e-01	3.073870926724898e+00	4204
2.437740876903583e+00	-8.963601926996697e-01	4205
-1.201937884887051e+00	3.390326980434910e-01	4206
-1.126686348253275e+00	2.240376078324514e-01	4207
2.155278651797805e+00	3.238404129931700e-01	4208
2.299032530363229e+00	1.149144775050136e+00	4209
-1.430642038749062e+00	1.402213118042300e+00	4210
-1.341410919109017e+00	6.403869794862990e-01	4211
2.133405865287403e+00	-3.056306159795870e-01	4212
-1.366569496395069e+00	-7.161552788534534e-01	4213
-1.399665037422191e+00	8.443062428432588e-01	4214
-1.051605009515763e+00	1.298356061136864e-01	4215
-1.255611406020795e+00	2.112805151661636e+00	4216
1.912105261564740e+00	-2.005011508371773e+00	4217
-1.248588355481027e+00	-2.168120148709365e+00	4218
1.864599828719578e+00	-4.020907543273160e-03	4219
1.885916725510015e+00	-7.194887661791347e-02	4220
2.352293112535649e+00	-6.589026259590527e-01	4221
-1.375366447682356e+00	1.740131384269151e+00	4222
-1.303439193145002e+00	-5.402840073557751e-01	4223
2.266298799333390e+00	-1.625935539217667e+00	4224
-9.981462817549195e-01	-2.552580224217883e+00	4225
-6.074888396812417e-01	-2.922592108601406e+00	4226
2.488682994607739e+00	-1.200371886065024e+00	4227
1.894539739773253e+00	6.987411945938402e-02	4228
-1.273877870753019e+00	4.765841870304083e-01	4229
-1.229268942439612e+00	-3.870464570019892e-01	4230
-1.398643986925202e+00	-1.790518420882487e+00	4231
-1.448688538336420e+00	-1.160490380853804e+00	4232
-1.448077899554583e+00	-1.445450697029445e+00	4233
-9.917686355841657e-01	-6.433580713313648e-02	4234
-9.782166616321656e-01	4.914409984162396e-02	4235
-9.188788736518274e-01	-2.996996402296065e-03	4236
2.249080354348457e+00	-4.660877715877019e-01	4237
2.278300920000727e+00	5.107769624938648e-01	4238
2.386009088319836e+00	7.513816418171458e-01	4239
1.661769203921286e+00	-2.557824184236972e+00	4240
2.047323142814623e+00	2.263979192843460e+00	4241
5.038857115819986e-01	3.386640426584052e+00	4242
-1.310437754217449e+00	-2.489533334090729e-01	4243
-1.578705561769193e+00	-2.079076923179371e+00	4244
5.011124880214032e-01	-3.377710573422652e+00	4245
1.196233490657769e+00	3.094089600364172e+00	4246
-1.648594534121711e+00	1.252298255828153e+00	4247
-2.855964379884514e-01	-3.191124209434021e+00	4248
2.673220839606079e+00	-1.013758722752059e+00	4249
-1.634422501214094e+00	-1.012874366239257e+00	4250
1.231745300808280e+00	-3.042376486022341e+00	4251
1.564907631731284e+00	2.547402942847341e+00	4252
2.513419986632815e+00	-1.481146851431884e+00	4253
-1.542093739722503e+00	6.923967243419261e-01	4254
-1.493381484423216e+00	-5.702996555288210e-01	4255
2.232267609858353e+00	1.835259087312194e+00	4256
-1.611833748210418e+00	9.455439411931694e-01	4257
-3.137695887073493e-01	3.191949993320458e+00	4258
2.094217527094007e+00	-2.250451202089695e+00	4259
-1.639911877632919e+00	1.608766188921396e+00	4260
-1.392666727722212e+00	2.459746897606511e+00	4261
-8.375414872043361e-01	2.809109511601159e+00	4262
2.209477901448190e+00	-1.924580256522181e+00	4263
-1.405278271655547e+00	-3.953628572422394e-01	4264
-1.457916812090369e+00	4.956436264227109e-01	4265
-1.279119015088613e+00	2.055170206040745e-01	4266
-1.215203273786055e+00	-1.303184304382661e-01	4267
2.449761613382682e+00	-4.833323216819723e-01	4268
2.343118139238920e+00	3.337947773728533e-01	4269
2.572671878581553e+00	-7.143058701886009e-01	4270
2.511098846030304e+00	1.328412503640864e+00	4271
2.188146574199018e+00	1.635890239551288e-01	4272
2.166217014616948e+00	-1.508590461857442e-01	4273
-1.571175274660309e+00	-7.716111590303134e-01	4274
-1.187294930144246e+00	9.777420663832345e-02	4275
-1.109734364894347e+00	-1.045205848698424e-02	4276
2.026286025602375e+00	-5.567244685608921e-04	4277
-1.568584107959905e+00	2.006493447030472e+00	4278
-1.376463349907830e+00	-2.523451882332239e+00	4279
-1.030024842464520e+00	-2.975340795618988e+00	4280
-1.369653525116755e+00	3.380329473303120e-01	4281
-1.666396512321402e+00	-1.651461088894099e+00	4282
-1.671922049718509e+00	-1.302200586846694e+00	4283
2.312424818118833e+00	-2.992097586091308e-01	4284
2.490766344323470e+00	5.597459995717917e-01	4285
2.467133585738127e+00	9.751118057049236e-01	4286
9.714716396278330e-01	-3.445669287315396e+00	4287
1.901072221977617e+00	2.566082730732061e+00	4288
2.579016160267381e-02	3.435384144314216e+00	4289
-1.874970479324221e+00	1.854841872189363e+00	4290
1.624324446113740e+00	-2.894766851101367e+00	4291
-1.852097274370681e+00	1.071186113765077e+00	4292
-1.805667288392851e+00	-8.378683010332997e-01	4293
1.977236952738088e+00	-2.541753756899983e+00	4294
-7.252841576761625e-01	-3.314769155321053e+00	4295
5.547286897485638e-02	-3.427004622039008e+00	4296
-1.340860121856455e+00	5.892269121986896e-02	4297
2.391126230138726e+00	2.157643390905152e+00	4298
2.518624317241692e+00	-2.893612786420279e-01	4299
2.521351588182711e+00	1.653688603414103e+00	4300
-1.900806984353210e+00	-1.920768884177086e+00	4301
-1.477957265074952e+00	-2.958054662215113e+00	4302
-1.560527188938700e+00	3.336737813993376e-01	4303
2.377709667505199e+00	1.461275584539153e-01	4304
2.742304508676178e+00	-1.295175751671879e+00	4305
-1.892126218662495e+00	1.435346179083340e+00	4306
9.479795950402415e-01	3.465183772339584e+00	4307
2.346619331868006e+00	-1.202071201690605e-01	4308
-1.882318821029271e+00	-1.126568101237859e+00	4309
1.420768596727127e+00	2.795591497162718e+00	4310
-1.225435203890492e+00	2.810658606092665e+00	4311
2.414640205020193e+00	-2.181364478708145e+00	4312
2.501881736202618e+00	-1.795704104983092e+00	4313
-1.669471293027161e+00	5.204930561659413e-01	4314
-1.604605555673557e+00	-4.034913983585762e-01	4315
-1.450875847376907e+00	1.844040672011705e-01	4316
-1.491724055078484e+00	-2.343545050261671e-01	4317
-1.376094332803184e+00	-9.772364683309682e-02	4318
2.829749559276393e+00	-7.951322461071847e-01	4319
2.563848524201466e+00	3.504606672633122e-01	4320
2.681263546721024e+00	-5.088945866375874e-01	4321
-1.710309767219744e+00	-6.010177412111947e-01	4322
-1.772907750906883e+00	7.638936431267382e-01	4323
-1.767561698558957e+00	2.342875493713054e+00	4324
-1.764281240673919e+00	-2.430017463193137e+00	4325
-1.924651798413475e+00	-1.479499327512668e+00	4326
-1.255274675661938e+00	-3.380458468743822e-02	4327
2.608404751481714e+00	7.721470733693792e-01	4328
2.709547780656544e+00	1.124003355155312e+00	4329
6.785335533685455e-01	-3.807880890200390e+00	4330
3.207608376950542e-01	-3.796338100310177e+00	4331
-3.678601735383251e-01	3.623480292153194e+00	4332
1.478564299363440e+00	-3.368762986305564e+00	4333
2.953176021927469e+00	-5.499603856721608e-01	4334
-2.132389673268786e+00	2.165719067854451e+00	4335
3.047443387635454e-01	3.805577277191858e+00	4336
6.546325122825950e-01	3.820666421157069e+00	4337
-1.646098034245058e+00	2.748416912345217e+00	4338
-1.939025374574330e+00	-2.864551290741565e+00	4339
-1.536258492450375e+00	-2.168985957867875e-02	4340
-2.167492429734869e+00	1.655318714040809e+00	4341
2.275775502372537e+00	2.520952664537842e+00	4342
-7.102325105750573e-01	3.314523923165431e+00	4343
2.317909600101395e+00	-2.509815021952783e+00	4344
-1.213029833317235e+00	-3.366452281263746e+00	4345
1.714321501570986e+00	2.865936917382847e+00	4346
-1.029413499220166e+00	3.155398971850043e+00	4347
-3.679140558489155e-01	-3.621413541302000e+00	4348
2.945444426360095e+00	-1.069576256753966e+00	4349
-1.914219153056849e+00	5.589770419174596e-01	4350
-2.035725317254364e+00	8.587900993880903e-01	4351
-1.696872944049964e+00	-2.183931029317122e-01	4352
2.601251246498780e+00	1.291398094809834e-01	4353
1.393006213465900e+00	3.492404964756773e+00	4354
-2.126481441386820e+00	1.224018292908268e+00	4355
-2.215913522426173e+00	-1.714852554410707e+00	4356
2.553971098007231e+00	-8.210803817873770e-02	4357
-2.074723597829359e+00	-9.196529461463815e-01	4358
-2.148181777582504e+00	-2.258280680410222e+00	4359
2.251018728451738e+00	7.487494314883169e-03	4360
1.578660005697784e+00	3.146818346776331e+00	4361
2.741311027211820e+00	-2.053316407634722e+00	4362
2.780317531740958e+00	-1.617809297208463e+00	4363
-1.779624791822168e+00	3.299595895611091e-01	4364
-1.645318873210764e+00	1.553176947549694e-01	4365
2.716609376227711e+00	5.445657398350230e-01	4366
2.774761939098195e+00	1.439613520342157e+00	4367
2.757165919121139e+00	-2.831890050312195e-01	4368
-1.831373237201803e+00	-4.079771853967263e-01	4369
-1.959040052989088e+00	-6.372564935599920e-01	4370
-2.165524001288722e+00	-1.270199968996998e+00	4371
2.729193163485108e+00	1.975656999452797e+00	4372
2.876395164699233e+00	8.852854370097755e-01	4373
-1.465686082436223e+00	3.148784043126482e+00	4374
1.218777924074252e+00	-3.850764300818000e+00	4375
1.893386468147024e+00	-3.237997133345301e+00	4376
1.962410088417574e+00	3.157785765314272e+00	4377
-8.687528494897395e-01	-3.757065747924043e+00	4378
2.105605451993466e+00	2.877030270048354e+00	4379
3.113801580805976e+00	-8.083593395334537e-01	4380
-1.423781861286282e-01	-3.849644446071482e+00	4381
1.822977330831742e+00	3.499262393362800e+00	4382
4.599807144538269e-01	4.255847810314269e+00	4383
2.682126157839104e+00	-2.422554542145384e+00	4384
-2.245060149702791e+00	-6.836182493821614e-01	4385
-2.399216216650301e+00	-2.682262141186817e+00	4386
-1.731270567869860e+00	-3.334074325595275e+00	4387
2.423907992306732e+00	3.746937881335824e-02	4388
-1.929758443678321e+00	-1.944674090139429e-01	4389
2.779447576842096e+00	-2.989305289735181e-02	4390
2.106470116556778e+00	-2.901041460858633e+00	4391
1.135487266888272e+00	3.901103096031929e+00	4392
-2.439021750564319e+00	1.410453258444677e+00	4393
-2.517896039608826e+00	-2.026604746289205e+00	4394
3.037602161103413e+00	-2.829580989920993e-01	4395
3.002127986178090e+00	6.182509671440570e-01	4396
4.847311144181852e-01	-4.244860519858176e+00	4397
-2.071189384739869e+00	2.603959270540928e+00	4398
6.090282295394711e-03	3.897262300935083e+00	4399
-2.475446913097575e+00	1.931302405001417e+00	4400
-8.101781687151046e-01	3.767172768774785e+00	4401
-1.043466151766830e+00	3.581843296293854e+00	4402
-2.337263057465013e+00	9.763858856135162e-01	4403
2.786215625728802e+00	2.982096815390704e-01	4404
-2.489328437068152e+00	-1.457170795618115e+00	4405
3.060668638815594e+00	-1.863032124474290e+00	4406
3.035547459856128e+00	-1.391869132235080e+00	4407
-1.868149265356064e+00	1.217466986430442e-01	4408
-1.745436372720676e+00	-2.957560338051418e-02	4409
2.668546675561352e+00	2.386074378362084e+00	4410
2.821413931732843e+00	1.754368818777541e+00	4411
-2.033627316180715e+00	3.334341087222565e-01	4412
-2.090874908920735e+00	-4.123417187310658e-01	4413
-2.195317966819198e+00	6.182637102690289e-01	4414
-2.383891866119354e+00	-1.025171427914240e+00	4415
2.993512930967597e+00	1.188691234768740e+00	4416
-1.429983537629266e+00	-3.807009267129130e+00	4417
1.609580920739681e+00	3.913226881752421e+00	4418
-2.575021598151566e+00	-7.469918004729404e-01	4419
5.946656119823214e-02	-4.220265265671125e+00	4420
-2.329300672134120e+00	3.524457510306619e-01	4421
-1.551817041075500e+00	3.652860298289057e+00	4422
3.053890854898683e+00	-2.264375839374952e+00	4423
-2.126357638708796e+00	8.882905616966878e-02	4424
-1.945809788003996e+00	3.069778689711521e+00	4425
9.983911594707959e-01	-4.211155758121414e+00	4426
-2.842677686346232e+00	-2.422234730458280e+00	4427
2.362352236557216e+00	3.184109894143866e+00	4428
-2.482713526253881e+00	2.387808943486783e+00	4429
-5.610479376501095e-01	-4.037558139044843e+00	4430
1.756914839244321e+00	-3.742244017783212e+00	4431
-4.464007338560678e-01	4.107421265479863e+00	4432
-2.793175572506777e+00	1.645741701731831e+00	4433
-2.265604320667120e+00	-3.207678352653399e+00	4434
3.019610895091855e+00	2.227788706958805e+00	4435
-2.195618371632616e+00	-1.648360145956051e-01	4436
-2.851845342049306e+00	-1.722719613174124e+00	4437
3.241158583418370e+00	-5.174359719773961e-01	4438
3.083980629782499e+00	1.526042985445836e+00	4439
2.540193617539104e+00	2.809901767376758e+00	4440
2.258399106763451e+00	3.476606606353278e+00	4441
8.971946114721615e-01	4.265723739066522e+00	4442
2.316197738660963e+00	-3.270479489356397e+00	4443
2.548513356149086e+00	-2.834010875331142e+00	4444
-2.519307038996208e+00	6.955923317885543e-01	4445
3.170892539837729e+00	9.020477960836477e-01	4446
-2.737445358939704e+00	-1.166183637163262e+00	4447
3.034362750110265e+00	6.882644233644558e-02	4448
3.084408698539358e+00	3.296613835796320e-01	4449
-2.682746910553022e+00	1.122827601750732e+00	4450
3.358801858349148e+00	-1.611366355825270e+00	4451
3.258121929828335e+00	-1.120472562232959e+00	4452
-2.389393787472204e+00	-4.206701431761082e-01	4453
-4.222313920510932e-02	4.432820584811625e+00	4454
-2.029455271912140e+00	-3.755154523678375e+00	4455
2.074748184862342e+00	-3.654335876182301e+00	4456
-2.791494168475698e+00	-2.982507731772230e+00	4457
-2.423899993579793e+00	2.889317505133559e+00	4458
6.663690957666254e-01	4.756998672901573e+00	4459
-1.065953888911664e+00	-4.235018784165841e+00	4460
-3.143250575263212e+00	-1.371039203270468e+00	4461
3.152416515079297e+00	1.872146673374171e+00	4462
1.541540579125246e+00	-4.255787866081530e+00	4463
1.386081508164263e+00	4.356233219184895e+00	4464
-3.871046445913876e-01	-4.588279768151895e+00	4465
3.415006770018903e+00	-2.032181599527938e+00	4466
2.429560780385870e-01	-4.723408288114774e+00	4467
3.299510811197186e+00	5.856461516493165e-01	4468
3.319004511291149e+00	1.238575800126621e+00	4469
-2.734526709114727e+00	-4.387113205339300e-01	4470
-9.418260563939002e-01	4.269916066210161e+00	4471
-2.110391267830773e+00	3.603320344182952e+00	4472
7.732571543898759e-01	-4.721405932822861e+00	4473
-2.938261082077443e+00	-2.153172427130198e+00	4474
2.079662845175240e+00	3.906625009207019e+00	4475
-2.866518889172847e+00	2.106872960943349e+00	4476
-2.414971750376809e+00	4.593055348194226e-02	4477
2.966429462042737e+00	2.664012764555624e+00	4478
2.801920596946510e+00	3.163152685779686e+00	4479
2.699643399871468e+00	3.467808921144167e+00	4480
2.780237544533132e+00	-3.238186597205605e+00	4481
2.983888053314254e+00	-2.705578912563011e+00	4482
-3.077841421793459e+00	1.310790839072114e+00	4483
3.309805460411984e+00	-1.669256871437691e-01	4484
3.305835052727415e+00	1.530671142247289e-01	4485
-2.956245312427264e+00	-8.386774488533222e-01	4486
-2.892393355878078e+00	7.961064120428584e-01	4487
3.622212356810586e+00	-1.301931736925289e+00	4488
3.437755684899810e+00	-8.089278136614768e-01	4489
-2.501582182737987e+00	-1.328522768910493e-01	4490
-2.669327279968061e+00	3.868915747696545e-01	4491
-3.290051328420373e+00	-1.826633070979071e+00	4492
1.884892257153292e+00	4.360921305798309e+00	4493
-2.643812719671133e+00	-3.591664382054581e+00	4494
-2.680733365439290e+00	3.425644943120536e+00	4495
1.047445210277518e+00	4.810237433106569e+00	4496
-1.694071984543553e+00	-4.295759664406464e+00	4497
3.437330977550949e+00	1.609169494565893e+00	4498
-5.472292632291521e-01	4.652487522568957e+00	4499
-3.216475003663569e+00	1.769118901980227e+00	4500
2.566165106452202e+00	-3.682640325885415e+00	4501
1.291243128345095e+00	-4.703480945517936e+00	4502
-1.235317426293039e+00	4.054361522228028e+00	4503
-1.871364378436790e+00	4.093292812135415e+00	4504
-3.062525163756660e+00	4.361029371670072e-01	4505
2.533462293384099e+00	3.887656327146752e+00	4506
3.585416579447879e+00	3.750438331510925e-01	4507
3.565235626243735e+00	-4.478320247615753e-01	4508
-2.885846835222134e+00	2.628594327449550e+00	4509
3.506575888684579e+00	9.022440346369411e-01	4510
-9.654753586376686e-01	-4.868265240694045e+00	4511
3.748200257661469e+00	-1.728066107371196e+00	4512
-1.860785208011281e-01	-5.183214863094209e+00	4513
8.925165665526556e-02	5.076172247003575e+00	4514
5.095585296937051e-01	-5.270423814253588e+00	4515
3.411988005818194e+00	2.172343546578755e+00	4516
3.360754932303020e+00	2.490069505264163e+00	4517
3.268201834331936e+00	3.039635075056715e+00	4518
3.164048376004535e+00	3.453573119677586e+00	4519
3.265925255809181e+00	-3.119236486389273e+00	4520
3.413575374740561e+00	-2.501748857357425e+00	4521
-3.395783586873910e+00	-9.814446583764489e-01	4522
-3.322052009187882e+00	9.302159173087112e-01	4523
-3.135621467950344e+00	-4.760195540626128e-01	4524
3.837435023088166e+00	-9.406654794639405e-01	4525
3.588124067375317e+00	-1.985007458150802e-03	4526
-2.855644457503707e+00	-1.031396183976994e-01	4527
-1.382974454552437e+00	4.561103838816575e+00	4528
-3.601210898756640e+00	-5.539830373535746e-01	4529
-3.260965882333458e+00	-2.741350486616655e+00	4530
1.639144232929355e+00	4.888332560978346e+00	4531
1.860780237241112e+00	-4.728619197902453e+00	4532
3.991377092932484e+00	-5.342512044865543e-01	4533
3.891034856279191e+00	-2.393492796623909e-01	4534
2.294816943064131e+00	-4.123381105263383e+00	4535
-3.527376588482787e+00	1.377734027871139e+00	4536
1.101059784081565e+00	-5.253303248786662e+00	4537
-1.106518214915273e+00	4.831832225945867e+00	4538
-2.488669003088661e+00	4.022865584773845e+00	4539
-2.870943313432620e+00	3.143433747188328e+00	4540
-2.379870271243678e+00	-4.224783877624053e+00	4541
4.037235765064364e+00	-1.356972300973699e+00	4542
-5.410332308507444e-01	5.328608286517200e+00	4543
-3.403706334000363e+00	-2.301933693222419e+00	4544
2.376840850432057e+00	4.350507649545763e+00	4545
-3.604027135962614e+00	-1.433372984124233e+00	4546
3.102816853873783e+00	-3.633048893997832e+00	4547
-3.191730385475871e+00	-3.400479473461510e+00	4548
7.784168402389353e-01	5.335847199871855e+00	4549
3.690499861734473e+00	1.275564190944207e+00	4550
-3.314218565536565e+00	2.293908081245747e+00	4551
3.860338610190206e+00	6.875305984291626e-01	4552
-1.669694007243564e+00	-5.012329228898168e+00	4553
-7.960200521125352e-01	-5.567955807156617e+00	4554
8.569057358399644e-02	-5.827652468962730e+00	4555
3.789438192655633e+00	1.907237118850188e+00	4556
2.997402296576040e+00	3.887335894504258e+00	4557
3.776493517095995e+00	2.394010368913661e+00	4558
3.730189582980397e+00	2.834246519336351e+00	4559
3.661389879316541e+00	3.358064369747891e+00	4560
3.757685409047054e+00	-2.910807552868490e+00	4561
3.823903879448341e+00	-2.215715840287734e+00	4562
-3.518465502610774e+00	5.098929088684218e-01	4563
3.902091102125786e+00	1.902580279743959e-01	4564
-3.271480661544594e+00	-1.918318482062744e-02	4565
-1.214494211536889e+00	5.521377001880022e+00	4566
2.193210497327420e+00	4.864332847924036e+00	4567
-3.874936243240682e+00	-9.885866490871490e-01	4568
-3.790374594615371e+00	9.364557692704734e-01	4569
-3.785289726385808e+00	-1.931719351380811e+00	4570
-2.117609212792048e+00	4.647098454974281e+00	4571
-3.700684439026055e+00	1.895225394396823e+00	4572
2.504291223802579e+00	-4.732738671457283e+00	4573
2.860249324898730e+00	-4.146675617133254e+00	4574
1.348586258459409e+00	5.376343120227029e+00	4575
8.099751989866804e-01	-5.901879764676176e+00	4576
3.663474215009932e+00	-3.481566474935958e+00	4577
4.233634329309616e+00	4.702774796941177e-01	4578
4.266469688753505e+00	-9.256438636639641e-01	4579
4.264424502901973e+00	-1.512187797405401e-01	4580
-1.635915120614212e+00	5.093941770675025e+00	4581
-3.788886915527346e+00	-2.668742946958602e+00	4582
-3.732143105376870e+00	-3.122504379789528e+00	4583
1.635505651306130e+00	-5.216854223302914e+00	4584
-3.756553434020400e+00	2.518599665689079e-04	4585
-3.360885337594051e+00	2.859333840040948e+00	4586
-2.092951253695911e+00	-4.800598099058218e+00	4587
-3.046511287075924e+00	-4.050678811374340e+00	4588
1.089047045294042e-01	5.763172296186327e+00	4589
3.522621359114234e+00	3.868736607464235e+00	4590
-1.570133099410634e+00	-5.818083961565848e+00	4591
-5.422640799703567e-01	-6.329859881399603e+00	4592
4.117516481303308e+00	1.082607978363306e+00	4593
4.112200637108979e+00	1.532809516075504e+00	4594
2.847281768589491e+00	4.332651680213048e+00	4595
4.200576198471498e+00	2.161727141967210e+00	4596
4.200388640939772e+00	2.660788587691782e+00	4597
4.172811306693609e+00	3.158261225699126e+00	4598
4.236473555413239e+00	-2.605907127197061e+00	4599
4.195227060051444e+00	-1.847551048383011e+00	4600
-1.873455198274697e+00	5.746979749197174e+00	4601
-4.126470431467219e+00	-1.485184354055912e+00	4602
-2.787630049068016e+00	4.620550623888481e+00	4603
-3.078206316876763e+00	3.880857478376788e+00	4604
-2.286202403465840e+00	5.309513016519569e+00	4605
1.968064907836351e+00	5.441328443184629e+00	4606
-3.365021211714844e+00	3.432380848019805e+00	4607
-2.153477900156552e+00	-5.449009432074179e+00	4608
-2.804598109281347e+00	-4.728092664693117e+00	4609
4.099912098021825e+00	3.746503387336585e+00	4610
4.227918620658043e+00	-3.222716982902224e+00	4611
2.223071660355930e+00	-5.255744696205463e+00	4612
3.479052668322714e+00	-4.077099193414059e+00	4613
-3.830014037457717e+00	2.478949806568024e+00	4614
-4.012521967081334e+00	4.643377174923857e-01	4615
3.153526808977205e+00	-4.726486062548884e+00	4616
-4.039348880294889e+00	1.437903282745486e+00	4617
2.919778822590230e-01	-6.580661644275100e+00	4618
-3.686347967463908e+00	-3.796215769788231e+00	4619
3.349439254336949e+00	4.341128781964628e+00	4620
-6.373199795726584e-01	6.053036249623020e+00	4621
4.438777905048119e+00	-5.363349416433238e-01	4622
4.643953616283312e+00	1.809930704531311e-01	4623
-4.292705089945634e+00	-2.296000185446804e+00	4624
-4.298964359944747e+00	-2.961710296145729e+00	4625
1.410113698429676e+00	-5.852078046047746e+00	4626
-4.094909763064146e+00	-4.657972622052121e-01	4627
9.024116893456670e-01	6.032958081213458e+00	4628
-1.373396244166121e+00	-6.708455291159058e+00	4629
4.564890081385511e+00	8.522070754035891e-01	4630
4.521303877794540e+00	1.313398259083522e+00	4631
2.716023475018994e+00	4.837034313037479e+00	4632
4.587545232178354e+00	1.786566862716974e+00	4633
4.676686629342834e+00	2.411278133318854e+00	4634
4.696503978884514e+00	2.937384060041927e+00	4635
4.679539941318027e+00	-2.201515768086495e+00	4636
4.511698578699279e+00	-1.402893703375513e+00	4637
1.888550407659932e+00	-5.852356347854478e+00	4638
-2.574185857223577e+00	5.992270167108917e+00	4639
4.773033330371186e+00	-2.849291395919353e+00	4640
-4.723986734509412e+00	-1.783016405258613e+00	4641
1.336573198500597e-01	6.541739426038482e+00	4642
-4.322023112525915e+00	9.372940762932522e-01	4643
2.861863116065264e+00	-5.300008124311693e+00	4644
3.942995304576551e+00	4.326038058817424e+00	4645
-1.353802888215391e+00	6.272153052321994e+00	4646
-3.903089509782804e+00	3.105038179280092e+00	4647
4.125686822209333e+00	-3.886545470628875e+00	4648
4.751328948698205e+00	-9.338815800740876e-01	4649
-4.278784935143817e+00	2.403079071006949e-02	4650
1.140774598109420e+00	-6.616947362612543e+00	4651
-3.539665226677806e+00	-4.532774671102543e+00	4652
-2.962847650186727e+00	-5.523516084938674e+00	4653
-4.924492825024706e-01	-7.187677250955650e+00	4654
-3.055261653743936e+00	5.339567434096610e+00	4655
1.589554042613754e+00	6.044689291486629e+00	4656
-3.483464991143964e+00	4.464553238884879e+00	4657
-3.694461623966544e+00	3.957783373825676e+00	4658
3.836288429351344e+00	-4.662749632052173e+00	4659
-4.253860359930960e+00	2.017005792963773e+00	4660
-4.419383925864314e+00	-9.645735573063544e-01	4661
4.722467118890558e+00	-1.752043969130868e-01	4662
-4.171350092025738e+00	-3.595232181617436e+00	4663
-4.870080105777284e+00	-2.621795033668427e+00	4664
-2.200225165884140e+00	-6.314059342842079e+00	4665
4.663145300347519e+00	3.536116072887457e+00	4666
2.560892474698046e+00	5.404652174764622e+00	4667
4.989366065895275e+00	1.126298147765034e+00	4668
5.014431057736169e+00	1.485827717307329e+00	4669
5.043129497302364e+00	5.701286248611651e-01	4670
5.126962398446145e+00	2.028213232551974e+00	4671
5.227602821649842e+00	2.653692013397728e+00	4672
5.064811340577262e+00	-1.703442598089269e+00	4673
3.560187617388393e+00	-5.307538758480579e+00	4674
-1.319460105955860e+00	-7.656690820044931e+00	4675
-2.053115573455909e+00	6.524959009749157e+00	4676
5.270910967095266e+00	-2.360520339611112e+00	4677
-4.559722321238669e+00	4.642481074887129e-01	4678
5.323895906157875e-01	-7.434340273462291e+00	4679
3.378063431735578e+00	5.135977457096254e+00	4680
4.589860516720888e+00	4.193221072578599e+00	4681
-3.399753821890558e+00	6.094390622520482e+00	4682
2.557865294182456e+00	-5.892602815326452e+00	4683
-4.620317875918217e+00	1.491275487403659e+00	4684
-2.122862834102603e+00	-7.213748244443115e+00	4685
2.320975067058819e+00	6.081529305258472e+00	4686
4.920854385068875e+00	-6.222681106138188e-01	4687
-5.388515331339916e+00	-2.097300232603688e+00	4688
1.648822076693214e+00	-6.543681503142552e+00	4689
4.773633559307403e+00	-3.566817727386411e+00	4690
1.074694424970603e+00	6.816674873654166e+00	4691
5.119807644728933e+00	1.002918945911566e-01	4692
-7.128158917612761e-01	6.877076196250834e+00	4693
-4.419407089499710e+00	2.667631340559509e+00	4694
4.555413549677827e+00	-4.488856221644128e+00	4695
-3.845425299069779e+00	-5.371922170066451e+00	4696
-4.375854979279121e+00	3.670441348377844e+00	4697
-3.876331223289252e+00	5.196227604480212e+00	4698
-4.174885690416399e+00	4.453341968296376e+00	4699
-4.652309223659659e+00	-4.186241626479514e-01	4700
-5.080276774497398e+00	-1.182162139715018e+00	4701
-4.165286282702760e+00	-4.267282348272343e+00	4702
-4.867057781753470e+00	-3.359320759221534e+00	4703
-3.115169550061177e+00	-6.431495019853985e+00	4704
5.508608979952720e+00	1.271330664329146e+00	4705
5.512262691714278e+00	8.977064994109429e-01	4706
5.245067450210267e+00	3.287522036256810e+00	4707
5.590159576256809e+00	1.649297259181398e+00	4708
5.740977121739805e+00	2.250125788329194e+00	4709
-4.318096771889004e+00	6.003183519014847e+00	4710
-2.146322100554830e+00	-8.204543336188143e+00	4711
-1.500668814735810e+00	7.117518287456852e+00	4712
-3.330657963487055e-01	-8.144424649795292e+00	4713
1.926953510078502e+00	6.802096203802752e+00	4714
1.905941566120030e-01	7.422198047907131e+00	4715
3.125624963819806e+00	5.932059407617194e+00	4716
-4.842596280398759e+00	-2.763395959418251e-02	4717
5.393528666901231e+00	-3.111638052232689e+00	4718
3.257430638014723e+00	-5.940237101302295e+00	4719
-5.554939284210008e+00	-2.903763851210341e+00	4720
-4.883085582519091e+00	2.135249995553568e+00	4721
5.185716301545773e+00	-4.199654929507035e-01	4722
5.253148422738938e+00	-1.003886644350275e+00	4723
-5.824889611626483e+00	-1.438428851977475e+00	4724
-4.918187956745950e+00	9.484356126335012e-01	4725
-3.140661672779717e+00	-7.482251986097359e+00	4726
4.329615030054181e+00	-5.231876088586919e+00	4727
5.694280590124650e+00	-1.866721208026526e+00	4728
5.221921549389774e+00	3.959321824122152e+00	4729
5.570674029850361e+00	3.660932011662718e-01	4730
6.053289624909737e+00	1.090778439229035e+00	4731
-4.773522074274061e+00	-4.015147138635855e+00	4732
-2.876537228031537e+00	6.799647352960100e+00	4733
2.181374119114591e+00	-6.568800864786640e+00	4734
5.291300398702293e+00	-4.175957900216438e+00	4735
4.391665444010234e+00	4.881527642788678e+00	4736
-5.016300118792214e+00	3.193361192650573e+00	4737
-4.929146013381443e+00	4.227579391203706e+00	4738
-4.693746801445466e+00	5.090914366762848e+00	4739
-5.354319645076285e+00	-5.242781095203053e-01	4740
-4.126874870465501e+00	-6.345049719068194e+00	4741
5.856813148941422e+00	2.944296454357104e+00	4742
6.252222515278203e+00	1.802546632334212e+00	4743
-5.262495349453550e+00	5.855825218588611e+00	4744
-4.312586825607542e+00	-7.500015169817769e+00	4745
-6.155585216958881e+00	-2.250979944208727e+00	4746
6.625483079368427e-01	-8.474451536935790e+00	4747
-5.585699408202250e+00	2.581491909873272e+00	4748
5.137714216637747e+00	4.715001617797496e+00	4749
-2.286455742460847e+00	7.397502785891089e+00	4750
-5.550926385997799e+00	-3.748429810556599e+00	4751
6.013235639857162e+00	-3.707751433173220e+00	4752
4.032938795152602e+00	-5.953802479865166e+00	4753
-5.550564266850391e+00	4.858407541812031e+00	4754
-1.227821503920928e+00	-8.708871688104713e+00	4755
-7.776451864907230e-01	7.812235623216865e+00	4756
-5.275619352890612e+00	1.542818639798263e+00	4757
-4.735975355561402e+00	-4.786023417691901e+00	4758
1.303948050106206e+00	7.699990145881213e+00	4759
6.771890738920496e+00	1.273833494150761e+00	4760
5.935675545659302e+00	-2.569921128862933e+00	4761
5.881841646339502e+00	3.669045720650884e+00	4762
1.878632315651790e+00	-7.327718545445983e+00	4763
-5.678827839568747e+00	3.767380605018857e+00	4764
2.816901535629802e+00	6.760667494027862e+00	4765
5.154353367495378e+00	-5.018145089857285e+00	4766
5.972709988653351e+00	-1.179996787710910e+00	4767
-5.171215982223837e+00	4.349650995614270e-01	4768
5.629004018876086e+00	-1.514156890722941e-01	4769
-3.868786083263002e+00	6.900271295875426e+00	4770
-3.203542901318522e+00	-8.612433688483410e+00	4771
3.978286149426310e+00	5.705243294028086e+00	4772
-4.738702948072016e+00	-5.640250120964508e+00	4773
2.933041628827866e+00	-6.612614831013084e+00	4774
-6.161857503860241e+00	-6.842217905641939e-01	4775
6.431818325238790e+00	2.502611048722652e+00	4776
3.706492851100051e+00	-6.657254174992915e+00	4777
1.458987005974371e+00	-7.846489062826169e+00	4778
-6.343390937139587e+00	-3.201658034044148e+00	4779
6.674552796427952e+00	-3.090474719565657e+00	4780
2.839665428012240e-01	8.417402036540322e+00	4781
-1.671035124417515e+00	8.073812381532719e+00	4782
6.568679985142376e+00	3.279992061256085e+00	4783
-6.064222923285721e+00	1.870108200807772e+00	4784
-4.899081260556267e+00	6.815563928393661e+00	4785
-5.470158129754831e+00	-1.272308107445017e-01	4786
-2.238410533079616e+00	-9.335815788682902e+00	4787
6.356010966983366e+00	-4.790137550975068e-01	4788
6.155275971328703e+00	1.716890191012036e-01	4789
-3.241163216678400e+00	7.711167033474867e+00	4790
6.000417165133085e+00	-4.634463984099570e+00	4791
5.860641154691120e+00	4.439407897768888e+00	4792
7.006227556003637e+00	2.001964511597379e+00	4793
-2.009718555779316e-01	-9.229843938388690e+00	4794
-6.242232535312146e+00	5.595784315126581e+00	4795
2.350708138637013e+00	7.652057215628968e+00	4796
-5.445825180533205e+00	-4.507260460874582e+00	4797
4.904805186532734e+00	-5.865650434873806e+00	4798
-6.367248569662335e+00	3.113771550710735e+00	4799
-5.880667972021452e+00	1.517588420158136e-02	4800
-5.096761604535213e+00	-6.666087381184386e+00	4801
6.567250850884231e+00	5.669932911455521e-01	4802
6.408237302278145e+00	-1.882713542991235e+00	4803
2.640580065318589e+00	-7.310395345317132e+00	4804
-6.417316100628934e+00	4.404553278434108e+00	4805
3.711302970761502e+00	6.573818139162285e+00	4806
5.677191442153999e+00	-7.319120736422094e-01	4807
-5.587811348068015e+00	9.441243495490468e-01	4808
-6.640475526268739e+00	-1.460851222447767e+00	4809
-4.481284589947750e+00	-8.775044081977837e+00	4810
4.876461209112271e+00	5.560514264640891e+00	4811
-5.531000097445997e+00	-5.209078966069174e+00	4812
-6.312045230070090e+00	-4.756851653033914e+00	4813
3.409294971067972e+00	-7.366813654823936e+00	4814
-4.375434992319927e+00	7.829461357908292e+00	4815
-7.239984921866445e+00	5.131040084880777e+00	4816
-7.030516269992115e+00	-2.415300190767432e+00	4817
-6.956726306242036e+00	2.308108033560073e+00	4818
8.931922931451526e-01	-9.608177592760148e+00	4819
7.216834336238450e+00	2.786368400824470e+00	4820
-2.565797532035522e+00	8.385268463116525e+00	4821
-1.182078981424910e+00	-9.900355480793106e+00	4822
1.596864445787046e+00	8.695693323319086e+00	4823
5.850095833580802e+00	-5.607200075201883e+00	4824
-7.026563706891485e+00	-6.843603110950952e-01	4825
3.380661468501659e+00	7.534491652338545e+00	4826
5.754978375483215e+00	5.327655110558875e+00	4827
4.576231268484070e+00	-6.678281415584078e+00	4828
-8.369646908703731e-01	8.873988567480682e+00	4829
-3.535177058036713e+00	-9.802792940916349e+00	4830
6.607388695964494e+00	4.101761030230279e+00	4831
6.822256988949282e+00	-4.068319904186028e+00	4832
2.279198961398285e+00	-8.181461438121216e+00	4833
7.334434982775956e+00	7.287802074508745e-01	4834
7.587534480735519e+00	1.413230218049437e+00	4835
-5.968726110754011e+00	6.642345129786757e+00	4836
-6.335593251472562e+00	-4.179996916580937e+00	4837
-7.236785107479219e+00	3.723344905041586e+00	4838
6.863100437962109e+00	3.513672083970966e-02	4839
6.729322708729763e+00	-1.161713190394676e+00	4840
7.251605326111055e+00	-2.329294872683342e+00	4841
1.643248526808953e+00	-8.898510774127409e+00	4842
4.568763012143072e+00	6.382898664668672e+00	4843
-6.363869497640871e+00	6.792641813385383e-01	4844
-5.415938927117101e+00	-7.876735002579670e+00	4845
-5.544986594743400e+00	-6.179134386907343e+00	4846
-4.119205535171978e-02	-1.045496837553844e+01	4847
-5.720523144838522e+00	-9.127371829218227e+00	4848
4.159171315293557e-01	9.542451569529458e+00	4849
-6.400764990825224e+00	-5.715593875598357e+00	4850
8.199586593506639e+00	7.982948714455692e-01	4851
2.851099883450708e+00	8.609774761477771e+00	4852
-6.840972638159543e+00	1.413604204701900e+00	4853
7.377666084442001e+00	3.660412161010716e+00	4854
-2.369228181083729e+00	-1.062410836156308e+01	4855
7.569916043656701e+00	-3.322407621293022e+00	4856
-7.563596851826617e+00	-1.528654010618590e+00	4857
7.862647123360227e+00	2.225593667162261e+00	4858
-5.554239427253955e+00	7.739727243338956e+00	4859
5.569256726851860e+00	-6.576524753401612e+00	4860
-4.860316797807059e+00	-1.007133355981883e+01	4861
-1.864682128940135e+00	9.160463080991981e+00	4862
6.587938460612825e+00	4.992279509220653e+00	4863
6.820269695634495e+00	-5.142180672926434e+00	4864
-7.107858988428132e+00	6.311958149283005e+00	4865
4.236451749440094e+00	-7.435985817961990e+00	4866
-7.957908731200544e+00	2.841957624431088e+00	4867
-8.204411550240655e+00	4.421758292097660e+00	4868
7.702661151483553e+00	-2.851388860375719e-02	4869
1.999979913275520e+00	-1.002574778026676e+01	4870
2.960120422181741e+00	-8.221834777694024e+00	4871
-6.638809560692129e+00	-1.589421686090793e-02	4872
-3.650917996944995e+00	8.746397783124280e+00	4873
5.509624505640791e+00	6.249606634379682e+00	4874
2.697374048507956e+00	-9.192242221594110e+00	4875
7.110420845893132e+00	-5.952020727238848e-01	4876
-7.245322459467876e+00	-3.526122950356366e+00	4877
7.207814142394088e+00	-1.805183833721592e+00	4878
4.341176950874344e+00	7.318908085241386e+00	4879
-6.657533758781988e+00	-8.235441177805967e+00	4880
8.502609410395182e+00	1.625200763477738e+00	4881
4.019096282977968e+00	8.415117174708664e+00	4882
6.654259022139654e+00	-6.265909822224835e+00	4883
-1.140574053518772e+00	-1.125158048747559e+01	4884
-8.275018405872308e+00	5.725448939248904e+00	4885
1.954456827340004e+00	9.817511355866007e+00	4886
-3.802804373531627e+00	-1.117584082758919e+01	4887
-2.881285336539989e+00	9.505869096587574e+00	4888
8.666021978499909e+00	-4.457812750162057e-02	4889
-7.786957346085012e+00	1.782253034049737e+00	4890
8.207146566401077e+00	-2.569700222647817e+00	4891
-8.000434569341216e+00	-6.550594423895389e-01	4892
8.108734604931543e+00	3.106212375232626e+00	4893
7.756923974680790e+00	-4.457466158768661e+00	4894
7.433931151937860e+00	4.594540454600597e+00	4895
7.936384537922295e+00	-8.662225114939995e-01	4896
-8.891710342190799e-01	1.007992304968026e+01	4897
3.202954868551566e+00	-1.032282759876010e+01	4898
-6.433648792959336e+00	-6.798933608982137e+00	4899
-4.942617768660605e+00	8.888213814132262e+00	4900
-7.282643173472797e+00	-5.148686707970030e+00	4901
5.203393391145189e+00	-7.483646227177077e+00	4902
5.238402462500240e+00	7.123575052756817e+00	4903
6.485364953186424e+00	5.989881538648046e+00	4904
-8.021621114709003e+00	-2.610479597081064e+00	4905
-6.787914501943691e+00	7.524145469492784e+00	4906
-6.221420328047544e+00	-1.044609904019948e+01	4907
-9.076673708596942e+00	3.472973055359707e+00	4908
1.119115279504212e+00	-1.087736129132615e+01	4909
3.878166480566280e+00	-8.275284591789315e+00	4910
-7.504686052275631e+00	4.187382640900603e-02	4911
7.519594561550534e+00	-1.281036402310650e+00	4912
-7.216296002185969e+00	6.193526093268350e-01	4913
5.891565383102141e-01	1.081563372040951e+01	4914
3.431227677920285e+00	9.688817683476652e+00	4915
-8.291765802214154e+00	4.574370101698975e-01	4916
1.280102699838691e-01	-1.183667060544123e+01	4917
8.954072112402702e+00	-1.035274280573744e+00	4918
-2.476605937943042e+00	-1.208643746895311e+01	4919
9.205847196110396e+00	8.591523851430176e-01	4920
8.820719476044870e+00	2.501789728136388e+00	4921
8.299321948214454e+00	4.089715461978273e+00	4922
-8.901099247147366e+00	2.225534553055689e+00	4923
5.055153301756926e+00	8.150357571017000e+00	4924
3.650364290415447e+00	-9.281052955924771e+00	4925
-8.110803548244725e+00	7.109668443873979e+00	4926
8.575227782212885e+00	-3.634037175571682e+00	4927
8.174713819866680e+00	-1.800103708057478e+00	4928
-8.612213935595900e+00	-1.602805371160825e+00	4929
-6.301722590570377e+00	8.788183499471176e+00	4930
-5.235435217030639e+00	-1.153085663754294e+01	4931
-4.110258642039510e+00	9.921967690201749e+00	4932
-7.643967690800517e+00	-7.343756753044779e+00	4933
-2.077750056097132e+00	1.039787189612652e+01	4934
-8.289715162236483e+00	-3.995909140185511e+00	4935
7.767540065550260e+00	-5.703569338732227e+00	4936
2.356775937581018e+00	-1.132646764769921e+01	4937
-7.407233354263562e+00	-6.250310116887605e+00	4938
6.334671031834233e+00	-7.374159582192307e+00	4939
6.251782301890994e+00	6.993064089768941e+00	4940
7.426476810369812e+00	5.604770291657131e+00	4941
-7.093869539252076e+00	-9.453422456746344e+00	4942
-9.390046518856808e+00	4.848684134489045e+00	4943
4.813363547079971e+00	-8.336377733410107e+00	4944
4.754706384386755e+00	9.405673853238032e+00	4945
-6.781640820510517e+00	-1.194403334303145e+01	4946
-3.234273730360613e+00	1.077857663807859e+01	4947
3.745168141570057e+00	-1.163707082227666e+01	4948
8.819064346623778e+00	-4.906348401943617e+00	4949
-9.465692953353299e+00	6.385003523327349e+00	4950
-8.641557282622909e+00	-6.553351473628447e+00	4951
9.296101460229488e+00	-2.787914103199652e+00	4952
9.557509093822029e+00	1.814822205231332e+00	4953
1.974281934390267e+00	1.127342237173165e+01	4954
2.789380447529099e+00	1.089850653366943e+01	4955
-4.052714302531751e+00	-1.273781833634042e+01	4956
-7.691338611419443e+00	-1.085692045978016e+01	4957
6.004149318217945e+00	7.932523053753417e+00	4958
-1.078219876832103e+00	-1.277689479765668e+01	4959
9.737082759093887e+00	-1.769939694388432e-01	4960
-8.006258468590412e+00	-8.558258436735162e+00	4961
-5.583462422427259e+00	1.009200553123046e+01	4962
9.112960134469661e+00	3.475021594624520e+00	4963
-9.305753863211061e-01	1.144945795381848e+01	4964
1.411026301527346e+00	-1.229710671169049e+01	4965
7.331943629261684e+00	6.714481719357649e+00	4966
8.379347845042659e+00	5.144984986401722e+00	4967
-8.690180032206332e+00	1.132014650102581e+00	4968
-7.732061625342025e+00	8.519241111163874e+00	4969
7.581984031357020e+00	-7.003328410278598e+00	4970
-1.005710365647856e+01	2.696299864811369e+00	4971
4.488868532387570e+00	-1.025743025882049e+01	4972
-9.077344477548410e+00	-4.734478632804781e-01	4973
9.154059801239343e+00	-2.111340870820154e+00	4974
-8.478852933574654e+00	-5.417319031808630e+00	4975
-9.152759856970167e+00	-2.857521369452928e+00	4976
-1.035408084983245e+01	3.902159831878294e+00	4977
5.908562483402341e+00	-8.399449803488645e+00	4978
4.252570866472469e+00	1.077400559232187e+01	4979
-5.664313223569118e+00	-1.317835452072002e+01	4980
-9.733347117072626e+00	-5.814961451841310e+00	4981
-2.561580549106928e+00	-1.374063117491031e+01	4982
1.036158948804580e+01	8.979753512410934e-01	4983
-2.309442994790504e+00	1.180802866858123e+01	4984
7.208671337156149e+00	-8.278538585234442e+00	4985
9.725132571573122e+00	-3.974916523147324e+00	4986
-1.139354001144259e+01	3.003754410935518e+00	4987
-8.424841584080884e+00	-1.239339955878365e+01	4988
-7.155192159616469e+00	9.978639018792192e+00	4989
-9.813587352209096e+00	-1.621530305709888e+00	4990
9.912242290346196e+00	2.799680902696696e+00	4991
9.346879335273643e+00	4.572701686766799e+00	4992
-9.266422878954437e+00	8.003807840474913e+00	4993
-8.496261246283396e+00	-9.969799486567430e+00	4994
-9.843867924993081e+00	1.472540339488389e+00	4995
1.005717824648546e+01	-1.334828630206623e+00	4996
6.006163331921952e-01	1.227935854553832e+01	4997
5.297317828740439e+00	-9.470547595602334e+00	4998
8.852189153840529e+00	-6.335310956381978e+00	4999
7.103157506514331e+00	7.807550955922183e+00	5000
8.389425600282911e+00	6.282131292187897e+00	5001
-1.070663563871467e+01	5.405919847274902e+00	5002
-8.962899895749279e+00	-7.753068542576024e+00	5003
-4.626441021449851e+00	1.125686150901550e+01	5004
2.804488972263161e+00	-1.277157160189933e+01	5005
-9.522725751146139e+00	-4.318263729023603e+00	5006
5.770258267536863e+00	9.102087575179249e+00	5007
3.444608377001626e-01	-1.339153350909624e+01	5008
5.272860675732992e+00	-1.156919658100922e+01	5009
6.843026184303255e+00	8.869069416428067e+00	5010
-1.046994865118973e+00	1.299178774113640e+01	5011
-7.293872101286703e+00	-1.368674296974298e+01	5012
1.782285678316022e+00	-1.388689088165258e+01	5013
-4.311702858152123e+00	-1.450674609980301e+01	5014
1.096439359232406e+01	-3.254074924641508e-01	5015
-8.816837310452389e+00	9.645346497773408e+00	5016
-3.628529566473135e+00	1.222533600230455e+01	5017
-6.309059264676855e+00	1.146057228612367e+01	5018
-1.035379781628918e+01	-4.615102320414601e-01	5019
-1.176311023901686e+01	4.396040781060831e+00	5020
9.458685114840810e+00	5.757973841329071e+00	5021
-9.557605159522659e+00	3.143856420780995e-01	5022
1.003392015383975e+01	-5.410094918821470e+00	5023
1.025425186293416e+01	3.882847555724395e+00	5024
1.076694181370165e+01	2.008621489438700e+00	5025
1.053987446013367e+01	-3.007911193380795e+00	5026
3.627815983176849e+00	1.212776619421350e+01	5027
-1.080842309818354e+01	7.151556323113658e+00	5028
-9.963864278368485e+00	-7.027529619036455e+00	5029
5.629077180850315e+00	1.045588119981244e+01	5030
8.302121855384279e+00	7.514892376175125e+00	5031
-9.355331974192628e+00	-9.190873008073771e+00	5032
-1.085516547806307e+01	-4.890889858993835e+00	5033
8.645525317173412e+00	-7.838748484106826e+00	5034
2.088113620636631e+00	1.286635961919598e+01	5035
-9.772269963633579e-01	-1.449312315935185e+01	5036
-9.216298660476564e+00	-1.143122001281433e+01	5037
-1.104759583452543e+01	1.776742024710231e+00	5038
6.645895353287602e+00	-9.515238970660231e+00	5039
4.474237700029330e+00	-1.306547242904979e+01	5040
-1.045466761471329e+01	-3.036086945307408e+00	5041
5.759041064351995e+00	-1.075217972675801e+01	5042
-9.172558576861015e+00	-1.418663580979190e+01	5043
1.054012255871343e+01	5.108714746703692e+00	5044
1.104219252358970e+01	-4.343560789595002e+00	5045
-6.071369015591119e+00	-1.504550182426180e+01	5046
-5.207305766552042e+00	1.277317566500660e+01	5047
-8.128895854452670e+00	1.133156187654186e+01	5048
-1.074593974592078e+01	5.900235291715212e-01	5049
-1.058245423005212e+01	9.020310135618413e+00	5050
1.009532838405801e+01	-7.049492806314920e+00	5051
1.115648737886991e+01	3.123981262074147e+00	5052
5.818465851790956e-01	1.393875312045648e+01	5053
7.287646182902067e+00	-1.090992774109189e+01	5054
8.185603075172518e+00	-9.340699132910700e+00	5055
8.063220779642410e+00	8.728395032686432e+00	5056
-2.621597485552853e+00	-1.561373600457125e+01	5057
9.489878005595784e+00	7.034634317945997e+00	5058
6.564681164592188e+00	1.018745214269746e+01	5059
1.138241188443939e+01	-1.721731566095260e+00	5060
-1.027165878079304e+01	-8.507558461418903e+00	5061
6.265579551324539e-01	-1.513969167107993e+01	5062
-1.218839682167649e+01	6.054867996109139e+00	5063
3.398177802477738e+00	-1.439253024638316e+01	5064
-1.114716004510652e+01	-6.274112807642057e+00	5065
-1.192214363032762e+01	-3.686333188548379e+00	5066
5.204040376882586e+00	1.196244074595785e+01	5067
-1.291235467166563e+01	3.342521268527371e+00	5068
-2.597319263177940e+00	1.339832279740374e+01	5069
6.190699835372246e+00	-1.301829940699964e+01	5070
1.168459862726669e+01	9.299907638973717e-01	5071
-1.013584134318061e+01	-1.299328116254489e+01	5072
-1.117310566971332e+01	-1.684990034286373e+00	5073
3.490544419321924e+00	1.381604083896343e+01	5074
-1.248263657656496e+01	2.031693670962559e+00	5075
1.215006413482192e+01	2.218064160891049e+00	5076
-4.553170722781443e+00	-1.651121397946147e+01	5077
-7.895055899522788e+00	-1.564354154513346e+01	5078
-1.005514325007281e+01	1.092526989622275e+01	5079
-1.232792532010396e+01	8.029629132778117e+00	5080
1.237973486707745e+01	-4.907023199341879e-01	5081
1.197783143562075e+01	-3.136824600868833e+00	5082
9.856226647477794e+00	-8.800194561795097e+00	5083
6.468581178655096e+00	1.162587366175808e+01	5084
9.402376354403048e+00	8.412157692708714e+00	5085
5.283906546627931e+00	-1.469522265604601e+01	5086
-8.207052285882404e-01	-1.643176154822660e+01	5087
-1.115153378644729e+01	-1.134249495674501e+01	5088
1.155187813327480e+01	4.332137212271309e+00	5089
-1.220999153637070e+00	1.473083012922266e+01	5090
-1.240184165064855e+01	-5.251867559863260e+00	5091
-7.130886320194967e+00	1.301696570906549e+01	5092
-4.082937222264007e+00	1.386096704015693e+01	5093
-1.071968365316090e+01	-1.006568987313107e+01	5094
-1.114383347490639e+01	-1.479111895550293e+01	5095
-1.410533793036485e+01	2.222433682082908e+00	5096
-1.173222516993851e+01	-3.727483588767468e-01	5097
1.142265293046177e+01	-5.970723895375571e+00	5098
2.074842355421128e+00	1.463581208077482e+01	5099
8.108465618796364e+00	-1.267398637759204e+01	5100
1.069011848013046e+01	6.439363158916717e+00	5101
8.984793352791225e+00	-1.083716708278580e+01	5102
7.783877801307454e+00	9.935505747961940e+00	5103
2.259874392399625e+00	-1.567060488437674e+01	5104
-1.142395132906773e+01	-7.664308228631519e+00	5105
-1.281266124226178e+01	-2.208044306229117e+00	5106
-1.337272932929484e+01	4.906465583823377e+00	5107
4.564498198282355e+00	1.349682375747690e+01	5108
-1.205313901601919e+01	7.476857333142171e-01	5109
-9.236407995991001e+00	1.287118917218432e+01	5110
-2.641442861756732e+00	-1.773247513695352e+01	5111
4.050504177936404e+00	1.543674180286627e+01	5112
1.257287289653643e+01	3.482383632534102e+00	5113
7.452590154366344e+00	1.142289166712773e+01	5114
9.943015806988542e-01	-1.710135336880491e+01	5115
4.096165767110408e+00	-1.621876137181896e+01	5116
-6.510237973015797e+00	-1.715500442689000e+01	5117
1.189923297474618e+01	5.701763749153582e+00	5118
1.074277192338253e+01	7.877711206302200e+00	5119
1.083419382562041e+01	-1.042060393568043e+01	5120
-1.255474639873614e+01	-1.015384704397347e+01	5121
-1.353604494126499e+01	8.056587522523648e-01	5122
-1.359248625259749e+01	-3.867186102834952e+00	5123
1.256677778393956e+01	-4.704754320298487e+00	5124
4.871193363914781e-01	1.580305871199405e+01	5125
1.151493107351314e+01	-7.858647095074710e+00	5126
-1.207898797796834e+01	1.017651052095374e+01	5127
6.257819744415698e+00	1.327772172151203e+01	5128
1.319818914450508e+01	9.657679489947678e-01	5129
-1.273852105508154e+01	-6.800409071221901e+00	5130
-1.461047426842507e+01	3.802868953654574e+00	5131
-2.947663489699383e+00	1.518827852559785e+01	5132
1.289702208148330e+01	-1.924570119522136e+00	5133
-1.320126085429271e+01	-1.890239171245193e-01	5134
-5.865775478393648e+00	1.449275287744400e+01	5135
-1.226996132036425e+01	-1.304449395077007e+01	5136
-1.387558099191888e+01	6.775063496618132e+00	5137
7.335129073486482e+00	-1.457640864902076e+01	5138
1.003339320356137e+01	-1.246233280382249e+01	5139
9.148327180836576e+00	9.770241216384882e+00	5140
-1.188547003535260e+01	-9.094522179620869e+00	5141
-4.606701843619384e+00	1.570566112173518e+01	5142
1.399679462081065e+01	-5.912326295828163e-01	5143
2.837421357728845e+00	-1.767364985939241e+01	5144
1.302394621983945e+01	-6.581969414832558e+00	5145
1.302702426128432e+01	4.830654585948745e+00	5146
-1.529396247380391e+01	9.187740713346052e-01	5147
6.276039058011936e+00	-1.651812036799571e+01	5148
2.358263845803936e+00	1.663880183620217e+01	5149
-1.146521886896946e+01	1.238178462452941e+01	5150
-1.405718974010636e+01	9.020797043088541e+00	5151
1.372854349602175e+01	2.454031619234394e+00	5152
1.358155770511518e+01	-3.399809255563683e+00	5153
1.209359502646195e+01	7.199388320711712e+00	5154
-1.467898925489010e+00	1.668524438485550e+01	5155
-8.062122124254621e+00	1.478669277277849e+01	5156
8.843825900530932e+00	1.114827147797380e+01	5157
-1.337841656569739e+01	-8.465592232459251e+00	5158
-5.882611092228380e-01	-1.861744107908734e+01	5159
1.207201194431258e+01	-1.208115121985291e+01	5160
-1.453833643708156e+01	-1.930491318273773e+00	5161
6.369316643692355e+00	1.559732865493903e+01	5162
1.274295992087002e+01	-9.552942531957628e+00	5163
-1.517537175654509e+01	5.502209241459415e+00	5164
-1.415375539110327e+01	-5.636799658102557e+00	5165
-1.595317001681187e+01	2.499084006412780e+00	5166
-1.481344787308797e+01	-1.798621418601572e-01	5167
9.309755010105528e+00	-1.429897864330548e+01	5168
1.065321180548917e+01	9.425540765572283e+00	5169
1.429883023741335e+01	-5.133917288562472e+00	5170
4.984076981271312e+00	-1.816587872962199e+01	5171
-1.049423030916223e+01	1.462347621255132e+01	5172
1.458684317000063e+01	-8.224991665911745e+00	5173
1.344510336675125e+01	6.360727349127560e+00	5174
-3.372467393064925e+00	1.719703766294593e+01	5175
1.460391999650547e+01	-2.120174998663047e+00	5176
-1.458480163194609e+01	-7.274118209440235e+00	5177
-6.611717624287752e+00	1.644148603457938e+01	5178
-1.461343853471907e+01	-1.011272191879415e+01	5179
-1.727903717636327e+01	1.014317633529641e+00	5180
-1.648724074980420e+01	-8.203011387950337e-01	5181
4.680508784025894e+00	1.746967335634329e+01	5182
4.684281838230352e-01	1.792639351153853e+01	5183
-1.378355190650903e+01	1.148737269647102e+01	5184
-1.550412075655201e+01	-3.934354430444706e+00	5185
-1.578693632160452e+01	7.588070378698387e+00	5186
1.140694987866695e+01	-1.408830202779161e+01	5187
1.216898172380603e+01	8.824550238756510e+00	5188
8.449130654744685e+00	1.283130133450550e+01	5189
1.418233822711911e+01	3.884315741517624e+00	5190
1.492124084694483e+01	1.043020703046240e+00	5191
8.541463505138038e+00	-1.639436489282631e+01	5192
1.421903841457517e+01	-1.129421039728457e+01	5193
-1.654294594835026e+01	4.257626727643455e+00	5194
1.037540545097247e+01	1.095116260342504e+01	5195
1.539719792055294e+01	-3.704865223769644e+00	5196
-1.376993625440958e+01	-1.219327207477312e+01	5197
-1.722047676596356e+01	6.143782723450794e+00	5198
1.469979042255632e+01	5.385119149521302e+00	5199
1.583456865055166e+01	-6.643850234598124e-01	5200
1.492420463108620e+01	-6.968608321983017e+00	5201
1.004060998774643e+01	1.252756790594231e+01	5202
1.566726082788105e+01	-9.551284307005352e+00	5203
-5.208840180738004e+00	1.778074438997384e+01	5204
1.369196942420988e+01	8.049255098378651e+00	5205
7.689134416338368e+00	1.472885186925205e+01	5206
-1.803679031032283e+01	2.898244516935423e+00	5207
-1.616103407747195e+01	-5.947652404791591e+00	5208
1.207420626143013e+01	1.057057569332139e+01	5209
1.552148758091017e+01	2.739329614220082e+00	5210
-1.865410189934368e+01	-6.714216524348139e-01	5211
1.626598539756274e+01	-5.482400209907587e+00	5212
1.600395622259786e+01	4.345018642049245e+00	5213
1.520191137789476e+01	7.093957255602789e+00	5214
8.077479483008426e+00	1.675974508656391e+01	5215
-1.660211888187989e+01	-8.077325242336499e+00	5216
1.378941836347616e+01	9.890160670674998e+00	5217
1.653078002444879e+01	-2.320706655486476e+00	5218
1.688001189239411e+01	1.162742738670868e+00	5219
-1.770177847567468e+01	-2.664890985183277e+00	5220
1.669092837046215e+01	-7.564306036567336e+00	5221
9.658551591994435e+00	1.443999825050331e+01	5222
-1.762098388060415e+01	-4.352943175599348e+00	5223
1.176543200993091e+01	1.229005465599864e+01	5224
1.792052740686098e+01	-7.219248492959638e-01	5225
1.551086208059722e+01	9.002076532773390e+00	5226
1.744076931953528e+01	-3.977898004112964e+00	5227
1.368819634518379e+01	1.186600576822762e+01	5228
1.659109904329036e+01	6.007183608610090e+00	5229
1.755395081064824e+01	3.086172286836414e+00	5230
1.142158178161476e+01	1.405626779709177e+01	5231
1.719518643652481e+01	7.912467218093084e+00	5232
NMARK= 2
MARKER_TAG= airfoil
MARKER_ELEMS= 200
3	199	0
3	0	1
3	1	2
3	2	3
3	3	4
3	4	5
3	5	6
3	6	7
3	7	8
3	8	9
3	9	10
3	10	11
3	11	12
3	12	13
3	13	14
3	14	15
3	15	16
3	16	17
3	17	18
3	18	19
3	19	20
3	20	21
3	21	22
3	22	23
3	23	24
3	24	25
3	25	26
3	26	27
3	27	28
3	28	29
3	29	30
3	30	31
3	31	32
3	32	33
3	33	34
3	34	35
3	35	36
3	36	37
3	37	38
3	38	39
3	39	40
3	40	41
3	41	42
3	42	43
3	43	44
3	44	45
3	45	46
3	46	47
3	47	48
3	48	49
3	49	50
3	50	51
3	51	52
3	52	53
3	53	54
3	54	55
3	55	56
3	56	57
3	57	58
3	58	59
3	59	60
3	60	61
3	61	62
3	62	63
3	63	64
3	64	65
3	65	66
3	66	67
3	67	68
3	68	69
3	69	70
3	70	71
3	71	72
3	72	73
3	73	74
3	74	75
3	75	76
3	76	77
3	77	78
3	78	79
3	79	80
3	80	81
3	81	82
3	82	83
3	83	84
3	84	85
3	85	86
3	86	87
3	87	88
3	88	89
3	89	90
3	90	91
3	91	92
3	92	93
3	93	94
3	94	95
3	95	96
3	96	97
3	97	98
3	98	99
3	99	100
3	100	101
3	101	102
3	102	103
3	103	104
3	104	105
3	105	106
3	106	107
3	107	108
3	108	109
3	109	110
3	110	111
3	111	112
3	112	113
3	113	114
3	114	115
3	115	116
3	116	117
3	117	118
3	118	119
3	119	120
3	120	121
3	121	122
3	122	123
3	123	124
3	124	125
3	125	126
3	126	127
3	127	128
3	128	129
3	129	130
3	130	131
3	131	132
3	132	133
3	133	134
3	134	135
3	135	136
3	136	137
3	137	138
3	138	139
3	139	140
3	140	141
3	141	142
3	142	143
3	143	144
3	144	145
3	145	146
3	146	147
3	147	148
3	148	149
3	149	150
3	150	151
3	151	152
3	152	153
3	153	154
3	154	155
3	155	156
3	156	157
3	157	158
3	158	159
3	159	160
3	160	161
3	161	162
3	162	163
3	163	164
3	164	165
3	165	166
3	166	167
3	167	168
3	168	169
3	169	170
3	170	171
3	171	172
3	172	173
3	173	174
3	174	175
3	175	176
3	176	177
3	177	178
3	178	179
3	179	180
3	180	181
3	181	182
3	182	183
3	183	184
3	184	185
3	185	186
3	186	187
3	187	188
3	188	189
3	189	190
3	190	191
3	191	192
3	192	193
3	193	194
3	194	195
3	195	196
3	196	197
3	197	198
3	198	199
MARKER_TAG= farfield
MARKER_ELEMS= 50
3	200	201
3	201	202
3	202	203
3	203	204
3	204	205
3	205	206
3	206	207
3	207	208
3	208	209
3	209	210
3	210	211
3	211	212
3	212	213
3	213	214
3	214	215
3	215	216
3	216	217
3	217	218
3	218	219
3	219	220
3	220	221
3	221	222
3	222	223
3	223	224
3	224	225
3	225	226
3	226	227
3	227	228
3	228	229
3	229	230
3	230	231
3	231	232
3	232	233
3	233	234
3	234	235
3	235	236
3	236	237
3	237	238
3	238	239
3	239	240
3	240	241
3	241	242
3	242	243
3	243	244
3	244	245
3	245	246
3	246	247
3	247	248
3	248	249
3	249	200
