"Time_Iter","Outer_Iter","Inner_Iter",    "rms[Rho]"    ,    "rms[RhoU]"   ,    "rms[RhoV]"   ,    "rms[RhoE]"   ,    "RefForce"    ,       "CD"       ,       "CL"       ,       "CSF"      ,       "CMx"      ,       "CMy"      ,       "CMz"      ,       "CFx"      ,       "CFy"      ,       "CFz"      ,      "CEff"      
          0,           0,           0,      -5.076358059,      -4.972327905,      -5.886287371,        -4.4799765,             0.448,    0.007112288447,      0.3257778278,                 0,                 0,                 0,     0.04199117451,    0.001739565927,      0.3258508119,                 0,       45.80492344
          0,           0,           1,      -5.373188791,      -5.219387984,      -5.219475835,      -4.772050077,             0.448,    0.007384977248,      0.3271168417,                 0,                 0,                 0,     0.04271750468,    0.001990138635,      0.3271941401,                 0,       44.29490175
          0,           0,           2,      -5.304054795,      -5.272013264,      -5.381986472,       -4.72079367,             0.448,    0.007457220609,       0.328047456,                 0,                 0,                 0,     0.04349214663,     0.00204702726,      0.3281258192,                 0,       43.99057949
          0,           0,           3,      -5.296206698,       -5.33932452,       -5.33384435,      -4.713563109,             0.448,      0.0072921346,      0.3288621228,                 0,                 0,                 0,      0.0434238301,    0.001868530641,      0.3289376531,                 0,       45.09819701
          0,           0,           4,      -5.260120685,      -5.313152257,      -5.318712567,      -4.683245378,             0.448,    0.007292594585,      0.3303777418,                 0,                 0,                 0,     0.04398496555,    0.001843999499,      0.3304530736,                 0,       45.30318228
          0,           0,           5,       -5.26378377,      -5.346116633,      -5.375064099,      -4.694829198,             0.448,    0.007239190908,      0.3309606109,                 0,                 0,                 0,     0.04419670622,    0.001780992145,      0.3310349829,                 0,       45.71790068
          0,           0,           6,      -5.252653514,      -5.398220775,      -5.424584966,      -4.685908717,             0.448,    0.007238854995,      0.3318481246,                 0,                 0,                 0,     0.04443579848,     0.00176602205,      0.3319223704,                 0,       45.84262633
          0,           0,           7,      -5.238824296,      -5.359093941,      -5.412505716,      -4.673991054,             0.448,    0.007257033091,      0.3330618364,                 0,                 0,                 0,     0.04472238753,    0.001764184763,      0.3331362169,                 0,       45.89504171
          0,           0,           8,      -5.236028287,      -5.326081142,      -5.428948055,      -4.674913249,             0.448,    0.007254046155,      0.3341343985,                 0,                 0,                 0,     0.04485395629,     0.00174351274,       0.334208584,                 0,        46.0617966
          0,           0,           9,      -5.244877343,      -5.344426054,      -5.475499961,      -4.686413069,             0.448,    0.007252277825,      0.3350659152,                 0,                 0,                 0,     0.04489751884,    0.001726384856,      0.3351399449,                 0,       46.20147261
          0,           0,          10,      -5.248960348,      -5.352919644,      -5.509205083,      -4.690118757,             0.448,    0.007259582642,      0.3359168029,                 0,                 0,                 0,     0.04490995024,    0.001719658381,      0.3359908374,                 0,       46.27219214
          0,           0,          11,      -5.253977557,       -5.35035599,      -5.520103298,      -4.695106029,             0.448,    0.007277179155,      0.3367193438,                 0,                 0,                 0,     0.04490745831,    0.001724019392,      0.3367935593,                 0,       46.27058599
          0,           0,          12,      -5.266114737,       -5.35450049,      -5.535321037,      -4.708567799,             0.448,    0.007302162286,      0.3374697784,                 0,                 0,                 0,     0.04489007824,    0.001736625199,      0.3375443038,                 0,       46.21504771
          0,           0,          13,      -5.280689288,      -5.358881685,      -5.566536643,      -4.723694806,             0.448,    0.007330050254,      0.3381526597,                 0,                 0,                 0,     0.04485485421,    0.001753249335,      0.3382275522,                 0,       46.13237946
          0,           0,          14,      -5.295965286,      -5.363062285,        -5.5979144,      -4.738015399,             0.448,    0.007358928926,      0.3387658368,                 0,                 0,                 0,     0.04480554744,    0.001772013395,       0.338841122,                 0,       46.03466621
          0,           0,          15,      -5.312661584,      -5.373540532,       -5.61720783,      -4.752974199,             0.448,    0.007388687652,      0.3393179085,                 0,                 0,                 0,     0.04475022701,    0.001792664957,      0.3393936094,                 0,        45.9239752
          0,           0,          16,      -5.331337866,      -5.392834659,      -5.630041769,      -4.770073205,             0.448,    0.007419937431,      0.3398246031,                 0,                 0,                 0,      0.0446987992,    0.001815555593,      0.3399007503,                 0,       45.79885022
          0,           0,          17,      -5.351543145,      -5.418762315,      -5.646981076,      -4.789428848,             0.448,    0.007452519423,      0.3402941796,                 0,                 0,                 0,     0.04465643861,      0.0018403903,      0.3403708003,                 0,       45.66162935
          0,           0,          18,      -5.372415485,      -5.447490238,      -5.671943986,      -4.810265412,             0.448,    0.007485620043,      0.3407276476,                 0,                 0,                 0,     0.04462403743,    0.001866338961,      0.3408047551,                 0,        45.5176252
          0,           0,          19,      -5.393370691,      -5.475999333,      -5.702874914,      -4.831711287,             0.448,    0.007518287813,      0.3411238796,                 0,                 0,                 0,     0.04460121357,    0.001892468813,      0.3412014719,                 0,       45.37254865
          0,           0,          20,       -5.41416051,      -5.503025432,      -5.735696906,       -4.85309848,             0.448,    0.007549913677,      0.3414860028,                 0,                 0,                 0,     0.04458907228,    0.001918119322,      0.3415640674,                 0,       45.23045129
          0,           0,          21,      -5.434762724,      -5.528963974,      -5.766648989,      -4.874118115,             0.448,    0.007580004951,      0.3418198727,                 0,                 0,                 0,     0.04458905329,     0.00194270132,       0.341898388,                 0,       45.09494056
          0,           0,          22,      -5.455290329,      -5.555448551,      -5.793557365,      -4.894867739,             0.448,    0.007608050463,       0.342131015,                 0,                 0,                 0,     0.04460157194,    0.001965612588,      0.3422099505,                 0,        44.9696038
          0,           0,          23,      -5.475731576,      -5.584492572,      -5.817050398,      -4.915520805,             0.448,    0.007633586357,      0.3424237564,                 0,                 0,                 0,     0.04462597635,    0.001986317994,      0.3425030731,                 0,       44.85752048
          0,           0,          24,      -5.495674337,      -5.617405603,      -5.840048154,      -4.935859154,             0.448,    0.007656248816,      0.3427015289,                 0,                 0,                 0,     0.04466104728,    0.002004397177,      0.3427811816,                 0,       44.76102294
          0,           0,          25,      -5.514515448,      -5.654064029,      -5.865324774,      -4.955343626,             0.448,    0.007675771045,      0.3429669985,                 0,                 0,                 0,      0.0447053169,    0.002019539418,       0.343046937,                 0,       44.68176507
          0,           0,          26,       -5.53161618,      -5.692939275,      -5.893371622,      -4.973232857,             0.448,    0.007692006903,      0.3432222933,                 0,                 0,                 0,     0.04475728256,    0.002031563509,      0.3433024648,                 0,       44.62064292
          0,           0,          27,      -5.546396623,      -5.731784582,      -5.922317642,      -4.988751755,             0.448,    0.007704934147,      0.3434691309,                 0,                 0,                 0,     0.04481540316,    0.002040418888,       0.343549482,                 0,       44.57781524
          0,           0,          28,       -5.55857679,      -5.768617091,      -5.949343992,      -5.001481368,             0.448,    0.007714634031,      0.3437086599,                 0,                 0,                 0,     0.04487798384,    0.002046167854,      0.3437891384,                 0,       44.55281463
          0,           0,          29,      -5.568179933,      -5.802516506,      -5.972681191,      -5.011432182,             0.448,     0.00772129185,       0.343941442,                 0,                 0,                 0,     0.04494321951,    0.002048986422,      0.3440219986,                 0,       44.54454626
          0,           0,          30,        -5.5755079,      -5.833817179,      -5.992615761,      -5.018992002,             0.448,    0.007725189479,      0.3441675931,                 0,                 0,                 0,     0.04500932664,    0.002049154511,      0.3442481833,                 0,       44.55134649
          0,           0,          31,       -5.58096933,      -5.863647583,      -6.010799766,      -5.024675929,             0.448,    0.007726764079,       0.344388206,                 0,                 0,                 0,     0.04507506497,    0.002047091208,      0.3444687921,                 0,       44.57081936
          0,           0,          32,      -5.585042466,       -5.89329929,      -6.028833863,      -5.029024605,             0.448,    0.007726341013,      0.3446018449,                 0,                 0,                 0,     0.04513856365,    0.002043145505,       0.344682395,                 0,       44.60091061
          0,           0,          33,      -5.588221892,      -5.923515155,      -6.047522598,      -5.032560577,             0.448,    0.007724451582,      0.3448076767,                 0,                 0,                 0,     0.04519875014,    0.002037862366,      0.3448881677,                 0,       44.63846696
          0,           0,          34,      -5.590521973,      -5.954681184,      -6.066789021,       -5.03533932,             0.448,    0.007721683237,      0.3450065506,                 0,                 0,                 0,     0.04525519144,    0.002031815163,      0.3450869689,                 0,       44.68022581
          0,           0,          35,      -5.592744577,      -5.986576978,      -6.086735712,      -5.038078872,             0.448,    0.007718318864,       0.345197076,                 0,                 0,                 0,     0.04530661716,    0.002025309671,      0.3452774129,                 0,        44.7243865
          0,           0,          36,      -5.595252186,      -6.018988223,      -6.106747564,       -5.04103612,             0.448,    0.007714636078,      0.3453775176,                 0,                 0,                 0,     0.04535203168,    0.002018652081,      0.3454577693,                 0,       44.76912639
          0,           0,          37,      -5.598321176,      -6.051280695,      -6.125837888,      -5.044490202,             0.448,    0.007711101532,      0.3455479725,                 0,                 0,                 0,     0.04539152689,    0.002012307383,      0.3456281426,                 0,       44.81175239
          0,           0,          38,      -5.602260014,      -6.082610902,      -6.143531287,      -5.048721087,             0.448,    0.007708099831,      0.3457086589,                 0,                 0,                 0,     0.04542529093,    0.002006656529,      0.3457887578,                 0,       44.85004949
          0,           0,          39,      -5.607234384,      -6.111792452,      -6.159928756,      -5.053857848,             0.448,    0.007705878155,      0.3458591675,                 0,                 0,                 0,     0.04545336718,    0.002001953417,      0.3459392092,                 0,       44.88251183
          0,           0,          40,      -5.613480762,      -6.138005276,        -6.1756696,      -5.060149115,             0.448,    0.007704607583,       0.345998773,                 0,                 0,                 0,     0.04547585218,    0.001998381062,      0.3460787748,                 0,       44.90803318
          0,           0,          41,       -5.62115475,      -6.160811089,      -6.191573507,       -5.06776603,             0.448,    0.007704429965,      0.3461270185,                 0,                 0,                 0,     0.04549312333,    0.001996088824,      0.3462069999,                 0,       44.92571418
          0,           0,          42,      -5.630552725,      -6.180053551,      -6.208339113,      -5.077063263,             0.448,    0.007705441756,       0.346243783,                 0,                 0,                 0,      0.0455057996,    0.001995175146,      0.3463237653,                 0,       44.93496856
          0,           0,          43,      -5.641737219,      -6.196241058,      -6.226297845,      -5.088076678,             0.448,    0.007707769095,      0.3463475507,                 0,                 0,                 0,     0.04551466415,    0.001995791142,      0.3464275572,                 0,       44.93486331
          0,           0,          44,      -5.654973117,      -6.208494573,      -6.246901742,      -5.101072104,             0.448,    0.007711410354,      0.3464423706,                 0,                 0,                 0,     0.04552122769,    0.001997868419,      0.3465224242,                 0,       44.92594152
          0,           0,          45,      -5.670961974,      -6.219503618,       -6.26688669,      -5.116603209,             0.448,    0.007715897989,      0.3465272885,                 0,                 0,                 0,      0.0455251439,    0.002000955231,      0.3466074046,                 0,       44.91081777
          0,           0,          46,       -5.68995786,      -6.231945853,      -6.284671974,       -5.13485529,             0.448,    0.007720786754,       0.346600529,                 0,                 0,                 0,     0.04552605084,    0.002004635668,      0.3466807158,                 0,        44.8918666
          0,           0,          47,      -5.711020399,      -6.244332817,      -6.302281897,      -5.155189692,             0.448,    0.007725913509,      0.3466632337,                 0,                 0,                 0,     0.04552481087,    0.002008727787,      0.3467434965,                 0,       44.87019345
          0,           0,          48,      -5.733856475,      -6.256316791,      -6.320652465,      -5.177497499,             0.448,    0.007731195277,      0.3467177226,                 0,                 0,                 0,     0.04552262835,    0.002013110369,      0.3467980651,                 0,       44.84658713
          0,           0,          49,      -5.758509606,      -6.268600826,      -6.340712433,      -5.201782316,             0.448,    0.007736444379,      0.3467650681,                 0,                 0,                 0,     0.04552009043,    0.002017578077,      0.3468454907,                 0,       44.82227896
          0,           0,          50,       -5.78489648,      -6.281255641,      -6.363101721,      -5.227866316,             0.448,    0.007741475039,      0.3468059359,                 0,                 0,                 0,     0.04551754286,    0.002021934182,      0.3468864359,                 0,       44.79843107
          0,           0,          51,      -5.812723299,      -6.294136108,      -6.388287211,      -5.255393977,             0.448,    0.007116386747,       0.346854907,                 0,                 0,                 0,     0.04551536582,    0.002026018905,      0.3469219865,                 0,       48.74031152
          0,           0,          52,      -3.794864793,      -3.765875797,       -3.59703381,      -3.188168624,             0.448,    0.007120331502,      0.3468547627,                 0,                 0,                 0,     0.04550671098,    0.002029965353,      0.3469219001,                 0,        48.7132885
          0,           0,          53,      -4.092210987,      -4.030735294,      -3.874302921,      -3.481663266,             0.448,    0.007113976404,       0.346119069,                 0,                 0,                 0,     0.04531429615,    0.002034406196,      0.3461861923,                 0,       48.65339007
          0,           0,          54,      -4.335184516,      -4.200917391,      -4.298881309,      -3.741564814,             0.448,    0.007058186145,      0.3431293427,                 0,                 0,                 0,      0.0445252895,    0.002022491918,      0.3431959693,                 0,       48.61437991
          0,           0,          55,      -4.534351656,      -4.340679089,      -4.534345082,      -3.923709147,             0.448,    0.006963030715,      0.3386150544,                 0,                 0,                 0,      0.0434379238,    0.001993587483,      0.3386807707,                 0,       48.63041228
          0,           0,          56,      -4.697668368,      -4.539059032,      -4.600445822,      -4.098429232,             0.448,    0.006893978253,      0.3345602363,                 0,                 0,                 0,     0.04267760326,    0.001984041136,      0.3346253759,                 0,       48.52934314
          0,           0,          57,       -4.79398171,      -4.644943141,      -4.725645142,      -4.195781295,             0.448,    0.006839102691,      0.3322236644,                 0,                 0,                 0,      0.0424991575,    0.001963457346,      0.3322882504,                 0,       48.57708377
          0,           0,          58,      -4.929967646,      -4.737998689,      -4.858372326,      -4.328515984,             0.448,    0.006801625188,      0.3316031624,                 0,                 0,                 0,     0.04278469485,    0.001935088861,      0.3316672652,                 0,       48.75351893
          0,           0,          59,      -4.960020283,       -4.76978162,      -4.923885857,      -4.357063326,             0.448,     0.00677051638,      0.3315179063,                 0,                 0,                 0,     0.04313445827,    0.001905234413,      0.3315815619,                 0,       48.96493674
          0,           0,          60,      -5.011783185,      -4.833364171,      -4.966717541,      -4.407525587,             0.448,    0.006718178828,       0.330948877,                 0,                 0,                 0,     0.04329422525,     0.00186125219,      0.3310118259,                 0,       49.26169509
          0,           0,          61,      -5.125899445,      -4.961888948,      -5.055672306,      -4.528632423,             0.448,    0.006665210426,      0.3300074149,                 0,                 0,                 0,     0.04333156332,    0.001822104107,      0.3300696879,                 0,       49.51192742
          0,           0,          62,      -5.193900932,      -5.051034418,       -5.17309474,      -4.607495779,             0.448,    0.006621111055,      0.3290920815,                 0,                 0,                 0,     0.04335323882,    0.001791440696,      0.3291538059,                 0,       49.70345291
          0,           0,          63,      -5.207050008,      -5.089441257,      -5.237159107,      -4.621828522,             0.448,    0.006579057273,      0.3283051096,                 0,                 0,                 0,     0.04337262416,    0.001760939133,      0.3283663017,                 0,       49.90154304
          0,           0,          64,       -5.24118449,      -5.158231958,      -5.270643313,       -4.66017191,             0.448,    0.006537782021,      0.3276059746,                 0,                 0,                 0,     0.04337957746,    0.001729927136,      0.3276666363,                 0,       50.10965088
          0,           0,          65,      -5.278142177,      -5.249408198,      -5.351691041,      -4.707899438,             0.448,    0.006500981273,      0.3269878584,                 0,                 0,                 0,     0.04337942019,    0.001702200324,      0.3270480466,                 0,        50.2982311
          0,           0,          66,      -5.284061902,      -5.324633277,       -5.47247727,      -4.721910934,             0.448,    0.006470388001,      0.3264589087,                 0,                 0,                 0,     0.04337536605,     0.00167937193,      0.3265187049,                 0,       50.45430175
          0,           0,          67,       -5.27565319,      -5.382008677,      -5.545424743,      -4.716984673,             0.448,    0.006444851295,      0.3259857892,                 0,                 0,                 0,     0.04335786211,    0.001660780328,      0.3260452617,                 0,       50.58080851
          0,           0,          68,      -5.265888081,      -5.430577355,      -5.563368821,      -4.709617103,             0.448,    0.006423381395,      0.3255302117,                 0,                 0,                 0,     0.04332109164,    0.001645997691,      0.3255894182,                 0,         50.678948
          0,           0,          69,      -5.254610196,       -5.47535762,      -5.592119427,      -4.700648165,             0.448,    0.006406122658,       0.325087164,                 0,                 0,                 0,      0.0432692273,    0.001635241905,       0.325146165,                 0,       50.74632213
          0,           0,          70,      -5.242964384,      -5.520326677,      -5.639910743,      -4.691168151,             0.448,     0.00639331701,      0.3246705249,                 0,                 0,                 0,     0.04320999568,    0.001628551221,      0.3247293828,                 0,       50.78279779
          0,           0,          71,      -5.233070298,      -5.565998311,      -5.686710731,        -4.6829288,             0.448,    0.006384562615,      0.3242843225,                 0,                 0,                 0,     0.04314700251,    0.001625464738,      0.3243430936,                 0,        50.7919402
          0,           0,          72,      -5.225545953,      -5.607983778,      -5.722333171,      -4.676287106,             0.448,    0.006379424677,      0.3239202373,                 0,                 0,                 0,     0.04308041351,    0.001625669786,      0.3239789722,                 0,       50.77577583
          0,           0,          73,      -5.220508348,       -5.64319932,      -5.751755522,      -4.671395807,             0.448,    0.006377495007,      0.3235713973,                 0,                 0,                 0,     0.04301072514,    0.001628859054,      0.3236301414,                 0,       50.73644071
          0,           0,          74,      -5.218348351,      -5.673125797,      -5.778884313,       -4.66896398,             0.448,    0.006378267179,        0.32324029,                 0,                 0,                 0,     0.04294091453,    0.001634489671,       0.323299081,                 0,        50.6783866
          0,           0,          75,      -5.220214002,      -5.699582069,      -5.802657255,      -4.670472834,             0.448,    0.006381211941,        0.32293274,                 0,                 0,                 0,      0.0428748898,    0.001641946974,      0.3229916073,                 0,       50.60680368
          0,           0,          76,      -5.225474936,      -5.722874583,      -5.821134086,      -4.675269067,             0.448,    0.006385375908,      0.3226461362,                 0,                 0,                 0,     0.04281322337,    0.001650315996,      0.3227050955,                 0,       50.52891808
          0,           0,          77,      -5.233730651,      -5.742830311,        -5.8337806,      -4.682965137,             0.448,    0.006389871436,        0.32237451,                 0,                 0,                 0,      0.0427550471,    0.001658796766,      0.3224335646,                 0,       50.45086013
          0,           0,          78,      -5.245011468,      -5.760194271,      -5.843326446,      -4.693610198,             0.448,    0.006394226097,       0.322115676,                 0,                 0,                 0,     0.04270063988,     0.00166694898,      0.3221748223,                 0,       50.37602222
          0,           0,          79,       -5.25942791,      -5.777074336,      -5.852684557,        -4.7073408,             0.448,    0.006397722893,      0.3218633891,                 0,                 0,                 0,     0.04264872109,     0.00167414735,      0.3219226139,                 0,        50.3090544
          0,           0,          80,      -5.276511854,      -5.795421354,      -5.864196805,      -4.723529797,             0.448,     0.00640050146,      0.3216214257,                 0,                 0,                 0,     0.04260163875,    0.001680476085,      0.3216807173,                 0,       50.24941057
          0,           0,          81,      -5.297007222,      -5.816598694,      -5.878659427,      -4.743127144,             0.448,    0.006402965923,      0.3213967017,                 0,                 0,                 0,     0.04256243751,    0.001686237787,      0.3214560537,                 0,       50.19497302
          0,           0,          82,      -5.320584375,      -5.840095846,      -5.897542001,      -4.765827309,             0.448,    0.006404703935,      0.3211864007,                 0,                 0,                 0,     0.04252991798,     0.00169106148,      0.3212458008,                 0,       50.14851645
          0,           0,          83,      -5.348157224,      -5.863827016,      -5.922742006,      -4.792616605,             0.448,    0.006405578798,      0.3209962226,                 0,                 0,                 0,     0.04250466763,    0.001694726842,       0.321055656,                 0,       50.11197781
          0,           0,          84,      -5.377335334,      -5.888740113,      -5.949584218,      -4.820949884,             0.448,    0.006405228203,      0.3208235276,                 0,                 0,                 0,     0.04248518456,    0.001696910337,      0.3208829745,                 0,       50.08775916
          0,           0,          85,      -5.408008654,      -5.914403414,      -5.975995406,      -4.850906569,             0.448,    0.006403896979,      0.3206696393,                 0,                 0,                 0,     0.04247190049,    0.001697837347,      0.3207290832,                 0,       50.07414086
          0,           0,          86,      -5.439725632,      -5.940667129,      -6.002378285,      -4.881925369,             0.448,    0.006400967257,      0.3205280619,                 0,                 0,                 0,     0.04246138999,    0.001696985389,       0.320587478,                 0,       50.07494164
          0,           0,          87,      -5.472467422,      -5.967171936,      -6.028634752,      -4.913911296,             0.448,    0.006396491922,      0.3203971308,                 0,                 0,                 0,     0.04245267656,    0.001694431763,      0.3204564954,                 0,       50.08950761
          0,           0,          88,      -5.506016531,        -5.9934167,      -6.055020968,      -4.946599539,             0.448,    0.006391094657,      0.3202789013,                 0,                 0,                 0,     0.04244671766,    0.001690769929,      0.3203381994,                 0,       50.11330898
          0,           0,          89,      -5.540172159,      -6.018750683,       -6.08155163,      -4.979827458,             0.448,    0.006385023225,       0.320172439,                 0,                 0,                 0,     0.04244273918,    0.001686261333,      0.3202316595,                 0,        50.1442873
          0,           0,          90,      -5.575048904,      -6.042737244,      -6.108307019,      -5.013791659,             0.448,    0.006378391124,      0.3200756925,                 0,                 0,                 0,      0.0424394211,    0.001681049563,      0.3201348261,                 0,       50.18125829
          0,           0,          91,      -5.610670964,      -6.065548494,      -6.135929418,       -5.04853553,             0.448,    0.006371390598,       0.319987307,                 0,                 0,                 0,     0.04243595237,    0.001675346722,      0.3200463474,                 0,       50.22252239
          0,           0,          92,      -5.647051745,       -6.08756431,      -6.165414373,       -5.08408287,             0.448,     0.00636425817,      0.3199062273,                 0,                 0,                 0,     0.04243188075,    0.001669404791,      0.3199651717,                 0,       50.26606695
          0,           0,          93,      -5.684158211,      -6.109293834,      -6.197415618,      -5.120412904,             0.448,    0.006357261159,       0.319831627,                 0,                 0,                 0,     0.04242704578,    0.001663503186,      0.3198904768,                 0,       50.30965678
          0,           0,          94,      -5.721906007,      -6.131289234,      -6.231920072,      -5.157460253,             0.448,    0.006350660727,      0.3197628269,                 0,                 0,                 0,     0.04242143393,    0.001657913008,      0.3198215873,                 0,       50.35111158
          0,           0,          95,      -5.760169653,      -6.153972284,      -6.268373601,      -5.195125724,             0.448,    0.006344682979,      0.3196990624,                 0,                 0,                 0,     0.04241506752,    0.001652871557,      0.3197577419,                 0,       50.38850065
          0,           0,          96,      -5.798801349,      -6.177612159,      -6.305967914,      -5.233289131,             0.448,    0.006339494986,      0.3196397499,                 0,                 0,                 0,     0.04240802914,    0.001648554449,      0.3196983597,                 0,       50.42038058
          0,           0,          97,      -5.837821986,      -6.202386906,      -6.344049048,      -5.272009877,             0.448,    0.006335312858,      0.3195857887,                 0,                 0,                 0,     0.04240096253,    0.001645164575,      0.3196443429,                 0,       50.44514704
          0,           0,          98,      -5.876911778,      -6.228765785,      -6.382094928,      -5.310956404,             0.448,    0.006332075843,      0.3195353224,                 0,                 0,                 0,     0.04239347943,     0.00164266843,      0.3195938346,                 0,       50.46296512
          0,           0,          99,      -5.915790739,      -6.256840411,      -6.419508971,      -5.349870748,             0.448,     0.00632980956,      0.3194879207,                 0,                 0,                 0,     0.04238581137,    0.001641097944,      0.3195464047,                 0,       50.47354389
          0,           0,         100,       -5.95414147,       -6.28626462,      -6.455961906,      -5.388464825,             0.448,    0.006328450805,      0.3194433017,                 0,                 0,                 0,     0.04237811879,    0.001640394055,      0.3195017705,                 0,       50.47733031
          0,           0,         101,      -5.991566862,      -6.316627657,      -6.491360869,      -5.426347669,             0.448,    0.006510638204,      0.3193974542,                 0,                 0,                 0,     0.04237051077,    0.001640446517,      0.3194595922,                 0,       49.05777961
          0,           0,         102,      -4.296292059,      -4.267454275,      -4.098534447,      -3.689625882,             0.448,     0.00651079747,      0.3193682833,                 0,                 0,                 0,     0.04236563133,    0.001641050495,      0.3194304271,                 0,       49.05209918
          0,           0,         103,      -4.593559327,      -4.531984612,      -4.375761869,      -3.983004376,             0.448,     0.00651462866,      0.3195723153,                 0,                 0,                 0,     0.04241953946,    0.001641770629,      0.3196344939,                 0,       49.05457118
          0,           0,         104,      -4.836028744,      -4.702226718,      -4.800421458,      -4.242433649,             0.448,    0.006534443063,      0.3204914016,                 0,                 0,                 0,     0.04266315913,    0.001647570624,      0.3205537754,                 0,        49.0464755
          0,           0,         105,      -5.035165837,      -4.842237744,      -5.035361654,       -4.42463564,             0.448,    0.006566584798,      0.3218966748,                 0,                 0,                 0,     0.04300220877,    0.001658284262,      0.3219593753,                 0,       49.02040934
          0,           0,         106,       -5.19786035,      -5.040934048,      -5.101458766,      -4.598891309,             0.448,    0.006590021255,      0.3231589056,                 0,                 0,                 0,     0.04323820606,    0.001662474413,      0.3232218168,                 0,       49.03761204
          0,           0,         107,       -5.29351713,      -5.146486141,      -5.226894162,      -4.695708018,             0.448,    0.006608181356,      0.3238778271,                 0,                 0,                 0,     0.04329022962,    0.001669671949,      0.3239409315,                 0,       49.01164324
          0,           0,         108,      -5.428855779,       -5.23887718,      -5.360080025,      -4.827899629,             0.448,     0.00662010138,      0.3240568018,                 0,                 0,                 0,     0.04319617123,    0.001678861994,      0.3241200672,                 0,       48.95042889
          0,           0,         109,      -5.459717915,      -5.270320573,      -5.425956884,      -4.857020431,             0.448,    0.006629376967,      0.3240694963,                 0,                 0,                 0,     0.04308232062,    0.001687942967,      0.3241329017,                 0,       48.88385408
          0,           0,         110,      -5.512458523,      -5.333845378,      -5.468773379,      -4.908209194,             0.448,    0.006645110672,      0.3242370653,                 0,                 0,                 0,     0.04302894912,    0.001701120138,       0.324300691,                 0,        48.7933281
          0,           0,         111,      -5.629336711,      -5.462326039,      -5.557750948,      -5.031439824,             0.448,    0.006660955879,      0.3245245686,                 0,                 0,                 0,     0.04301505794,    0.001712580317,      0.3245884024,                 0,       48.72042008
          0,           0,         112,      -5.703676653,       -5.55151915,      -5.675456825,      -5.115502446,             0.448,    0.006673863536,      0.3248064465,                 0,                 0,                 0,     0.04300678592,     0.00172118905,      0.3248704444,                 0,       48.66842793
          0,           0,         113,      -5.723460367,       -5.58981931,        -5.7398035,      -5.135169803,             0.448,    0.006685978322,      0.3250505047,                 0,                 0,                 0,     0.04299985655,    0.001729581592,      0.3251146589,                 0,       48.61674523
          0,           0,         114,      -5.767645796,      -5.658718394,      -5.773809866,      -5.181947529,             0.448,    0.006697886025,      0.3252714366,                 0,                 0,                 0,     0.04299820706,    0.001738119652,      0.3253357467,                 0,       48.56329823
          0,           0,         115,      -5.819541006,      -5.750918407,      -5.856278858,      -5.243674934,             0.448,    0.006708311713,      0.3254692948,                 0,                 0,                 0,     0.04299937292,    0.001745527643,      0.3255337409,                 0,       48.51731833
          0,           0,         116,      -5.837347509,      -5.827761945,      -5.980071318,      -5.269804001,             0.448,    0.006716834406,       0.325641126,                 0,                 0,                 0,     0.04300242404,    0.001751429661,       0.325705682,                 0,       48.48133902
          0,           0,         117,      -5.836446911,      -5.886051044,      -6.055861561,      -5.272417914,             0.448,    0.006723982744,      0.3257962752,                 0,                 0,                 0,     0.04301039141,    0.001756211811,      0.3258609222,                 0,       48.45287199
          0,           0,         118,      -5.831775122,      -5.934555799,      -6.072543699,      -5.270041021,             0.448,    0.006730311766,      0.3259483148,                 0,                 0,                 0,      0.0430257664,    0.001760222148,      0.3260130406,                 0,       48.42989836
          0,           0,         119,      -5.823849773,      -5.978951625,      -6.096461006,      -5.264497464,             0.448,    0.006735749848,      0.3260997096,                 0,                 0,                 0,     0.04304711663,    0.001763351479,      0.3261645007,                 0,       48.41327498
          0,           0,         120,      -5.814326667,      -6.023798655,      -6.138070437,      -5.257241308,             0.448,    0.006740045614,      0.3262447367,                 0,                 0,                 0,     0.04307120445,    0.001765435708,      0.3263095765,                 0,       48.40393603
          0,           0,         121,      -5.805158587,      -6.069421005,      -6.178849301,      -5.249896236,             0.448,    0.006743177196,      0.3263802596,                 0,                 0,                 0,     0.04309611937,    0.001766500785,      0.3264451314,                 0,       48.40155466
          0,           0,         122,      -5.796668922,      -6.111113445,      -6.208776703,      -5.242572261,             0.448,    0.006745287702,      0.3265086731,                 0,                 0,                 0,     0.04312174424,    0.001766653294,      0.3265735621,                 0,         48.405448
          0,           0,         123,      -5.789159464,      -6.145278456,      -6.231626183,      -5.235568435,             0.448,    0.006746541739,      0.3266321546,                 0,                 0,                 0,     0.04314803419,    0.001766024624,      0.3266970484,                 0,        48.4147534
          0,           0,         124,      -5.783415956,      -6.172845063,      -6.251396793,      -5.229927584,             0.448,    0.006747120587,      0.3267497349,                 0,                 0,                 0,     0.04317414962,    0.001764810811,      0.3268146239,                 0,       48.42802656
          0,           0,         125,      -5.780113019,      -6.195805573,      -6.268634894,      -5.226562243,             0.448,    0.006747255329,      0.3268599881,                 0,                 0,                 0,     0.04319917745,    0.001763264652,      0.3269248663,                 0,        48.4433999
          0,           0,         126,      -5.779536186,       -6.21498738,      -6.283615041,      -5.225813123,             0.448,    0.006747158506,      0.3269632529,                 0,                 0,                 0,     0.04322269313,    0.001761593498,      0.3270281175,                 0,       48.45939999
          0,           0,         127,      -5.781755114,      -6.231033154,      -6.297572581,       -5.22774895,             0.448,      0.0067469546,      0.3270606852,                 0,                 0,                 0,      0.0432445427,    0.001759904192,      0.3271255354,                 0,       48.47530546
          0,           0,         128,      -5.786683686,      -6.245203679,       -6.31188165,      -5.232281363,             0.448,    0.006746707186,      0.3271526246,                 0,                 0,                 0,     0.04326446333,    0.001758255127,      0.3272174604,                 0,       48.49071045
          0,           0,         129,      -5.794248759,      -6.258969579,      -6.327851226,      -5.239360648,             0.448,    0.006746498909,      0.3272386741,                 0,                 0,                 0,     0.04328216524,     0.00175673499,      0.3273034967,                 0,       48.50496213
          0,           0,         130,      -5.804478839,      -6.273652349,      -6.346013231,      -5.249069534,             0.448,    0.006746413353,      0.3273183156,                 0,                 0,                 0,     0.04329740888,    0.001755435254,      0.3273831276,                 0,       48.51738227
          0,           0,         131,      -5.817343326,      -6.289861065,       -6.36606734,      -5.261400394,             0.448,    0.006746501767,      0.3273913429,                 0,                 0,                 0,     0.04331005727,    0.001754410307,      0.3274561478,                 0,       48.52757091
          0,           0,         132,      -5.832773114,      -6.307532783,      -6.387544858,      -5.276284118,             0.448,    0.006746777671,      0.3274576298,                 0,                 0,                 0,     0.04332003944,    0.001753675588,      0.3275224312,                 0,       48.53541139
          0,           0,         133,      -5.850696512,      -6.326330596,      -6.410148493,      -5.293642863,             0.448,    0.006747263172,      0.3275174771,                 0,                 0,                 0,     0.04332750075,     0.00175324862,      0.3275822789,                 0,       48.54078887
          0,           0,         134,      -5.871060507,       -6.34577515,      -6.433658882,      -5.313420497,             0.448,    0.006747983576,      0.3275713649,                 0,                 0,                 0,     0.04333270953,    0.001753147383,      0.3276361715,                 0,        48.5435925
          0,           0,         135,      -5.893782208,      -6.365651314,      -6.457959041,      -5.335535141,             0.448,    0.006748921181,      0.3276193346,                 0,                 0,                 0,     0.04333580566,    0.001753353548,      0.3276841499,                 0,       48.54395626
          0,           0,         136,      -5.918768949,      -6.385919917,      -6.483015131,      -5.359898553,             0.448,    0.006750080302,      0.3276616827,                 0,                 0,                 0,     0.04333710003,    0.001753866908,      0.3277265108,                 0,       48.54189403
          0,           0,         137,       -5.94595542,      -6.406321242,      -6.508725551,      -5.386460622,             0.448,    0.006751445583,      0.3276987894,                 0,                 0,                 0,     0.04333692949,    0.001754666313,       0.327763634,                 0,       48.53757397
          0,           0,         138,      -5.975299364,       -6.42706656,      -6.535528486,       -5.41516607,             0.448,    0.006752935847,      0.3277304592,                 0,                 0,                 0,     0.04333539815,    0.001755673577,      0.3277953228,                 0,       48.53155229
          0,           0,         139,      -6.006674587,      -6.448123026,      -6.563743883,      -5.445886413,             0.448,    0.006754509293,      0.3277569987,                 0,                 0,                 0,     0.04333280713,    0.001756842225,      0.3278218832,                 0,       48.52417615
          0,           0,         140,      -6.039880406,       -6.46942199,      -6.593514513,      -5.478440281,             0.448,    0.006756114723,      0.3277788477,                 0,                 0,                 0,     0.04332945114,    0.001758114366,      0.3278437542,                 0,       48.51587949
          0,           0,         141,      -6.074720339,      -6.490950796,      -6.624749767,      -5.512650434,             0.448,    0.006757692979,      0.3277964328,                 0,                 0,                 0,     0.04332557117,    0.001759424342,      0.3278613613,                 0,       48.50715086
          0,           0,         142,      -6.111012757,      -6.512742702,      -6.657313186,      -5.548349717,             0.448,    0.006759192754,      0.3278102285,                 0,                 0,                 0,      0.0433213946,    0.001760713618,      0.3278751782,                 0,        48.4984288
          0,           0,         143,      -6.148573076,      -6.534870081,      -6.691047457,      -5.585364275,             0.448,    0.006760569058,      0.3278207166,                 0,                 0,                 0,     0.04331711719,    0.001761929863,      0.3278856861,                 0,       48.49010695
          0,           0,         144,      -6.187197788,       -6.55740836,      -6.725762057,      -5.623500232,             0.448,    0.006761780679,      0.3278283245,                 0,                 0,                 0,     0.04331288716,    0.001763025356,      0.3278933115,                 0,       48.48254329
          0,           0,         145,      -6.226815013,      -6.580430558,      -6.761461619,      -5.662726012,             0.448,    0.006762796462,      0.3278334385,                 0,                 0,                 0,     0.04330882486,    0.001763963054,      0.3278984405,                 0,       48.47601733
          0,           0,         146,      -6.267010906,      -6.604088558,      -6.797930953,       -5.70261523,             0.448,    0.006763595159,      0.3278364748,                 0,                 0,                 0,     0.04330502869,    0.001764715368,      0.3279014886,                 0,       48.47074183
          0,           0,         147,       -6.30754024,      -6.628560018,      -6.834879558,      -5.742925495,             0.448,    0.006764156067,       0.327837793,                 0,                 0,                 0,     0.04330154335,    0.001765256114,      0.3279028152,                 0,       48.46691735
          0,           0,         148,      -6.348168556,      -6.653888247,      -6.871883155,      -5.783455309,             0.448,    0.006764464294,      0.3278376867,                 0,                 0,                 0,     0.04329837421,    0.001765565926,      0.3279027135,                 0,        48.4646932
          0,           0,         149,      -6.388680982,      -6.680117819,      -6.908481647,      -5.824020729,             0.448,     0.00676452037,      0.3278364246,                 0,                 0,                 0,     0.04329552075,    0.001765641237,      0.3279014525,                 0,       48.46410487
          0,           0,         150,      -6.428899558,      -6.707413818,       -6.94421263,       -5.86445637,             0.448,    0.006764341956,      0.3278342834,                 0,                 0,                 0,     0.04329299292,    0.001765495487,      0.3278993089,                 0,       48.46506661
          0,           0,         151,      -6.468565632,      -6.735946629,       -6.97905038,      -5.904506661,             0.448,     0.00671148104,      0.3278325926,                 0,                 0,                 0,     0.04329078666,    0.001765153382,       0.327896534,                 0,       48.84653486
          0,           0,         152,      -4.849519966,      -4.820613913,      -4.651767999,      -4.242847322,             0.448,    0.006710891019,      0.3278263835,                 0,                 0,                 0,     0.04328815532,    0.001764657096,      0.3278903167,                 0,       48.84990422
          0,           0,         153,      -5.146527202,      -5.085232057,      -4.928945054,      -4.536030594,             0.448,    0.006709278488,      0.3277551486,                 0,                 0,                 0,     0.04326944848,    0.001764119372,      0.3278190656,                 0,       48.85102761
          0,           0,         154,      -5.388806992,      -5.255248164,      -5.353437092,      -4.795268685,             0.448,    0.006703230542,       0.327484677,                 0,                 0,                 0,     0.04319815736,    0.001762152352,      0.3275485335,                 0,       48.85475368
          0,           0,         155,      -5.587705765,      -5.395320649,      -5.588784975,      -4.977317327,             0.448,    0.006693767615,      0.3270793237,                 0,                 0,                 0,     0.04310061822,    0.001758805514,      0.3271430836,                 0,       48.86326244
          0,           0,         156,      -5.750340837,      -5.593928712,      -5.655156926,      -5.151531273,             0.448,    0.006686709877,      0.3267141823,                 0,                 0,                 0,       0.043032048,    0.001757256971,      0.3267778772,                 0,       48.86022996
          0,           0,         157,      -5.845448683,      -5.699040198,      -5.780329368,      -5.247873216,             0.448,    0.006681064914,      0.3265004647,                 0,                 0,                 0,     0.04301500891,    0.001754836717,      0.3265640988,                 0,       48.86952438
          0,           0,         158,      -5.978938085,       -5.79082116,      -5.912809275,      -5.378506102,             0.448,    0.006677150265,      0.3264387146,                 0,                 0,                 0,     0.04303917922,    0.001751854052,      0.3265022967,                 0,       48.88892741
          0,           0,         159,      -6.008653006,       -5.82235532,      -5.977864844,      -5.406716938,             0.448,    0.006673976532,      0.3264238764,                 0,                 0,                 0,      0.0430690016,    0.001748904524,      0.3264874123,                 0,       48.90995269
          0,           0,         160,      -6.059494303,      -5.885966789,      -6.020407361,      -5.456411264,             0.448,    0.006669026948,      0.3263658912,                 0,                 0,                 0,     0.04308195112,    0.001744830247,       0.326429359,                 0,       48.93755772
          0,           0,         161,      -6.170160381,      -6.013781503,      -6.109040404,       -5.57433848,             0.448,    0.006664120281,       0.326275224,                 0,                 0,                 0,      0.0430841279,    0.001741291912,      0.3263386281,                 0,       48.95998425
          0,           0,         162,      -6.236272037,      -6.102205742,      -6.225375264,      -5.650949273,             0.448,    0.006660084678,      0.3261871643,                 0,                 0,                 0,     0.04308496763,    0.001738585205,      0.3262505176,                 0,       48.97642899
          0,           0,         163,      -6.250325751,       -6.14080088,      -6.288882619,      -5.665986556,             0.448,    0.006656310366,       0.326110606,                 0,                 0,                 0,     0.04308559844,    0.001735966253,       0.326173911,                 0,       48.99269836
          0,           0,         164,      -6.284224621,      -6.209741415,      -6.323020399,      -5.703925323,             0.448,    0.006652691311,      0.3260419556,                 0,                 0,                 0,     0.04308517607,    0.001733383244,      0.3261052139,                 0,       49.00903114
          0,           0,         165,      -6.320003901,      -6.299993038,      -6.404175506,      -5.749867403,             0.448,    0.006649537113,      0.3259806637,                 0,                 0,                 0,     0.04308420858,    0.001731154034,      0.3260438813,                 0,       49.02306102
          0,           0,         166,      -6.325780878,      -6.373092505,      -6.523090354,      -5.763070069,             0.448,    0.006646971388,      0.3259275339,                 0,                 0,                 0,     0.04308297014,    0.001729390097,      0.3259907188,                 0,        49.0339908
          0,           0,         167,      -6.317632517,      -6.427653247,      -6.593474837,      -5.758047438,             0.448,    0.006644840908,      0.3258798987,                 0,                 0,                 0,     0.04308059494,    0.001727978467,      0.3259430569,                 0,       49.04254341
          0,           0,         168,      -6.307727952,      -6.473120034,      -6.609102607,      -5.750278967,             0.448,    0.006642975751,      0.3258337241,                 0,                 0,                 0,     0.04307631152,    0.001726810095,      0.3258968595,                 0,       49.04936227
          0,           0,         169,      -6.296935644,      -6.515013164,      -6.632800252,      -5.741453888,             0.448,    0.006641403871,      0.3257883787,                 0,                 0,                 0,     0.04307055072,    0.001725922459,      0.3258514955,                 0,       49.05414352
          0,           0,         170,      -6.286538254,      -6.557261578,      -6.673676933,      -5.732722865,             0.448,    0.006640194807,      0.3257455724,                 0,                 0,                 0,     0.04306423136,    0.001725359292,      0.3258086758,                 0,       49.05662889
          0,           0,         171,      -6.277721513,      -6.599441623,      -6.713813499,      -5.725157007,             0.448,    0.006639327127,      0.3257059169,                 0,                 0,                 0,     0.04305777164,     0.00172508994,      0.3257690118,                 0,       49.05706718
          0,           0,         172,      -6.270673055,      -6.636977073,       -6.74360665,      -5.718814171,             0.448,    0.006638741246,      0.3256685272,                 0,                 0,                 0,     0.04305111667,    0.001725068173,      0.3257316175,                 0,       49.05576451
          0,           0,         173,      -6.265522999,      -6.667080469,      -6.766357262,      -5.713832406,             0.448,    0.006638394401,      0.3256327604,                 0,                 0,                 0,      0.0430442763,    0.001725260932,      0.3256958495,                 0,       49.05293972
          0,           0,         174,      -6.262699325,      -6.691349655,      -6.785605724,      -5.710849888,             0.448,    0.006638238391,      0.3255988848,                 0,                 0,                 0,     0.04303748527,    0.001725615975,      0.3256619755,                 0,       49.04898946
          0,           0,         175,      -6.262587724,      -6.712035462,       -6.80181459,      -5.710436641,             0.448,    0.006638209388,      0.3255672436,                 0,                 0,                 0,     0.04303098968,    0.001726064304,      0.3256303374,                 0,       49.04443722
          0,           0,         176,      -6.265348794,      -6.729900073,      -6.815135342,      -5.712790435,             0.448,    0.006638250977,      0.3255377074,                 0,                 0,                 0,     0.04302490486,     0.00172655146,      0.3256008052,                 0,       49.03968056
          0,           0,         177,      -6.270927908,      -6.745357827,      -6.826721189,      -5.717854564,             0.448,    0.006638329772,      0.3255099529,                 0,                 0,                 0,     0.04301927227,    0.001727048939,      0.3255730551,                 0,       49.03491754
          0,           0,         178,      -6.279228739,      -6.759296823,      -6.838302245,      -5.725567134,             0.448,    0.006638422188,      0.3254838373,                 0,                 0,                 0,     0.04301413512,    0.001727535316,      0.3255469438,                 0,       49.03030089
          0,           0,         179,      -6.290184382,      -6.773205303,       -6.85147364,      -5.735876531,             0.448,    0.006638502001,      0.3254594632,                 0,                 0,                 0,     0.04300956217,     0.00172798282,      0.3255225737,                 0,       49.02603978
          0,           0,         180,      -6.303735692,      -6.788356112,      -6.866915855,      -5.748748892,             0.448,    0.006638547173,      0.3254369948,                 0,                 0,                 0,     0.04300563208,    0.001728366937,      0.3255001085,                 0,       49.02232164
          0,           0,         181,      -6.319807229,      -6.805259432,       -6.88453692,      -5.764131058,             0.448,     0.00663854218,      0.3254164765,                 0,                 0,                 0,     0.04300238593,    0.001728671474,      0.3254795925,                 0,       49.01926775
          0,           0,         182,      -6.338306328,      -6.823683847,      -6.904052939,      -5.781935538,             0.448,    0.006638477781,      0.3253978603,                 0,                 0,                 0,     0.04299982553,    0.001728887921,      0.3254609774,                 0,       49.01693898
          0,           0,         183,      -6.359121833,      -6.843080716,      -6.925327307,      -5.802054462,             0.448,    0.006638349574,      0.3253810634,                 0,                 0,                 0,     0.04299792451,    0.001729013121,      0.3254441805,                 0,       49.01535536
          0,           0,         184,      -6.382183237,      -6.863003856,       -6.94806845,        -5.8244155,             0.448,     0.00663815932,      0.3253660547,                 0,                 0,                 0,     0.04299665775,    0.001729049304,      0.3254291706,                 0,        49.0144992
          0,           0,         185,       -6.40740925,      -6.883217411,      -6.972140451,      -5.848936385,             0.448,    0.006637910857,      0.3253528315,                 0,                 0,                 0,     0.04299599268,    0.001729000349,      0.3254159452,                 0,       49.01434179
          0,           0,         186,      -6.434719443,      -6.903663305,      -6.997516404,       -5.87553834,             0.448,    0.006637608992,      0.3253413754,                 0,                 0,                 0,     0.04299587707,    0.001728871342,      0.3254044858,                 0,       49.01484492
          0,           0,         187,      -6.464025988,      -6.924348008,      -7.024236355,      -5.904139451,             0.448,    0.006637261879,      0.3253316481,                 0,                 0,                 0,     0.04299624696,    0.001728671012,      0.3253947544,                 0,       49.01594271
          0,           0,         188,      -6.495232722,      -6.945248017,      -7.052357141,      -5.934652054,             0.448,    0.006636880821,      0.3253235857,                 0,                 0,                 0,     0.04299702898,    0.001728411623,      0.3253866871,                 0,       49.01754219
          0,           0,         189,      -6.528233907,      -6.966308452,      -7.081910598,      -5.966979173,             0.448,    0.006636478957,      0.3253170879,                 0,                 0,                 0,      0.0429981418,    0.001728107828,       0.325380184,                 0,       49.01953128
          0,           0,         190,      -6.562911363,      -6.987496755,      -7.112876293,      -6.001010592,             0.448,    0.006636070429,      0.3253120321,                 0,                 0,                 0,     0.04299950506,    0.001727775617,      0.3253751226,                 0,       49.02178715
          0,           0,         191,      -6.599134657,      -7.008830136,      -7.145188935,      -6.036622803,             0.448,    0.006635669941,      0.3253082809,                 0,                 0,                 0,     0.04300104519,    0.001727431763,      0.3253713658,                 0,        49.0241805
          0,           0,         192,      -6.636752438,        -7.0303624,      -7.178743863,      -6.073671091,             0.448,     0.00663529223,      0.3253056988,                 0,                 0,                 0,     0.04300269829,    0.001727093048,      0.3253687783,                 0,       49.02658203
          0,           0,         193,      -6.675537689,      -7.052152577,      -7.213474508,      -6.111936197,             0.448,    0.006634951574,      0.3253041486,                 0,                 0,                 0,     0.04300441092,    0.001726775816,      0.3253672232,                 0,       49.02886554
          0,           0,         194,      -6.715291971,      -7.074262651,      -7.249184115,      -6.151234995,             0.448,    0.006634661904,      0.3253035237,                 0,                 0,                 0,     0.04300614919,    0.001726495605,       0.325366594,                 0,       49.03091196
          0,           0,         195,       -6.75585435,       -7.09675511,      -7.285477437,       -6.19142604,             0.448,    0.006634435274,      0.3253037366,                 0,                 0,                 0,     0.04300789112,     0.00172626579,      0.3253668035,                 0,       49.03261893
          0,           0,         196,      -6.796940299,       -7.11978594,      -7.322084506,      -6.232237558,             0.448,    0.006634277396,      0.3253046629,                 0,                 0,                 0,     0.04300960363,    0.001726093956,      0.3253677273,                 0,        49.0339254
          0,           0,         197,      -6.838278396,      -7.143420109,      -7.358455552,      -6.273417166,             0.448,    0.006634191188,      0.3253061724,                 0,                 0,                 0,     0.04301125814,    0.001725984986,      0.3253692353,                 0,       49.03479011
          0,           0,         198,      -6.879574306,      -7.167711427,      -7.394163442,      -6.314695307,             0.448,    0.006634178976,       0.325308167,                 0,                 0,                 0,     0.04301284119,    0.001725942686,      0.3253712295,                 0,       49.03518102
          0,           0,         199,      -6.920610405,      -7.192781054,      -7.428994722,      -6.355877268,             0.448,     0.00663423914,      0.3253105566,                 0,                 0,                 0,     0.04301434268,    0.001725966794,      0.3253736197,                 0,       49.03509653
          0,           0,         200,      -6.961198149,      -7.218766413,      -7.462858852,      -6.396790211,             0.448,     0.00663436741,      0.3253132666,                 0,                 0,                 0,     0.04301576062,    0.001726054168,      0.3253763313,                 0,       49.03455695
          0,           0,         201,      -7.001140939,      -7.245759079,      -7.495747752,      -6.437247749,             0.448,    0.006654053238,      0.3253158374,                 0,                 0,                 0,     0.04301710051,    0.001726199388,      0.3253793028,                 0,       48.88987595
          0,           0,         202,      -5.276255039,      -5.247259065,       -5.07844807,        -4.6695638,             0.448,    0.006654303898,       0.325320083,                 0,                 0,                 0,     0.04301861649,    0.001726385716,      0.3253835517,                 0,       48.88867235
          0,           0,         203,      -5.573302609,      -5.512029634,      -5.355619748,      -4.962802291,             0.448,    0.006654925285,      0.3253486933,                 0,                 0,                 0,     0.04302617481,    0.001726573713,      0.3254121682,                 0,       48.88840661
          0,           0,         204,      -5.815854609,      -5.682009163,      -5.780090642,      -5.222297611,             0.448,    0.006657198628,      0.3254518937,                 0,                 0,                 0,      0.0430534226,    0.001727283767,      0.3255153912,                 0,       48.88721396
          0,           0,         205,      -6.014927429,      -5.822000617,      -6.015612309,       -5.40443387,             0.448,    0.006660747364,      0.3256055486,                 0,                 0,                 0,     0.04309047872,    0.001728504907,      0.3256690822,                 0,       48.88423637
          0,           0,         206,        -6.1780063,      -6.020535102,      -6.082168118,      -5.579020974,             0.448,    0.006663388946,      0.3257441791,                 0,                 0,                 0,     0.04311667707,    0.001729046549,      0.3258077368,                 0,       48.88566189
          0,           0,         207,      -6.273459637,      -6.125896879,      -6.207301608,      -5.675669416,             0.448,    0.006665502216,      0.3258262251,                 0,                 0,                 0,     0.04312356826,    0.001729916945,      0.3258898054,                 0,       48.88247194
          0,           0,         208,      -6.407261601,      -6.217930277,      -6.339489499,      -5.806575371,             0.448,     0.00666696254,      0.3258512505,                 0,                 0,                 0,      0.0431149662,    0.001730998076,        0.32591485,                 0,       48.87551843
          0,           0,         209,      -6.436199784,      -6.249456262,      -6.404163974,      -5.834171188,             0.448,    0.006668149715,      0.3258587022,                 0,                 0,                 0,     0.04310421895,    0.001732072255,      0.3259223189,                 0,        48.8679343
          0,           0,         210,      -6.486148966,      -6.313012412,      -6.446677968,      -5.883187661,             0.448,    0.006670013689,       0.325882351,                 0,                 0,                 0,     0.04309978187,    0.001733577841,      0.3259459932,                 0,       48.85782341
          0,           0,         211,      -6.594980976,      -6.440709513,        -6.5354185,      -5.999665679,             0.448,    0.006671871839,      0.3259181457,                 0,                 0,                 0,     0.04309933604,    0.001734893647,      0.3259818119,                 0,       48.84958128
          0,           0,         212,      -6.658230663,        -6.5288615,      -6.651451286,      -6.073726445,             0.448,    0.006673414481,      0.3259528462,                 0,                 0,                 0,     0.04309935375,    0.001735910553,      0.3260165318,                 0,       48.84348891
          0,           0,         213,      -6.670121641,      -6.567287436,      -6.714471652,      -6.086826337,             0.448,     0.00667486657,      0.3259831475,                 0,                 0,                 0,     0.04309942382,    0.001736903546,      0.3260468517,                 0,       48.83740283
          0,           0,         214,      -6.701300177,      -6.636019524,      -6.748392045,      -6.122244546,             0.448,    0.006676266671,      0.3260104223,                 0,                 0,                 0,     0.04309986792,    0.001737890393,      0.3260741446,                 0,       48.83124633
          0,           0,         215,      -6.733762491,      -6.725653781,      -6.828899063,      -6.164648398,             0.448,    0.006677498595,      0.3260348768,                 0,                 0,                 0,     0.04310049926,    0.001738751801,      0.3260986148,                 0,       48.82589971
          0,           0,         216,      -6.737797553,      -6.798029016,      -6.945846189,      -6.175645338,             0.448,    0.006678514284,      0.3260561998,                 0,                 0,                 0,     0.04310121757,    0.001739444423,      0.3261199508,                 0,       48.82166691
          0,           0,         217,      -6.729106738,      -6.852208758,      -7.013937042,      -6.169796581,             0.448,     0.00667937055,      0.3260753994,                 0,                 0,                 0,     0.04310235336,    0.001740009802,      0.3261391612,                 0,       48.81828265
          0,           0,         218,      -6.718968884,      -6.897389709,      -7.028463445,      -6.161597619,             0.448,    0.006680129242,      0.3260939967,                 0,                 0,                 0,     0.04310420032,     0.00174048674,      0.3261577679,                 0,       48.81552212
          0,           0,         219,      -6.708111636,      -6.938612992,      -7.050806611,      -6.152521571,             0.448,    0.006680777322,      0.3261122309,                 0,                 0,                 0,     0.04310659649,    0.001740858579,      0.3261760098,                 0,       48.81351603
          0,           0,         220,      -6.697713319,      -6.979652881,      -7.089449469,      -6.143618176,             0.448,    0.006681287178,      0.3261294608,                 0,                 0,                 0,     0.04310919737,    0.001741107421,      0.3261932454,                 0,       48.81236985
          0,           0,         221,      -6.688896501,      -7.020233074,      -7.127011613,      -6.135910249,             0.448,    0.006681668726,      0.3261454909,                 0,                 0,                 0,     0.04311186117,    0.001741246139,      0.3262092795,                 0,        48.8119816
          0,           0,         222,      -6.681823084,      -7.056071498,      -7.154471661,      -6.129457937,             0.448,    0.006681943229,      0.3261606715,                 0,                 0,                 0,     0.04311461184,    0.001741290694,      0.3262244624,                 0,       48.81224822
          0,           0,         223,      -6.676634248,      -7.084635628,      -7.175121776,      -6.124411759,             0.448,    0.006682123718,       0.326175213,                 0,                 0,                 0,     0.04311743324,    0.001741250922,      0.3262390051,                 0,       48.81310595
          0,           0,         224,      -6.673743539,      -7.107545317,      -7.192544721,      -6.121373246,             0.448,    0.006682228418,      0.3261890188,                 0,                 0,                 0,     0.04312023785,    0.001741146513,      0.3262528108,                 0,       48.81440718
          0,           0,         225,      -6.673475963,      -7.126954261,      -7.207351941,      -6.120832333,             0.448,    0.006682281284,      0.3262019469,                 0,                 0,                 0,     0.04312292982,     0.00174100357,      0.3262657382,                 0,       48.81595566
          0,           0,         226,      -6.675933861,      -7.143574981,        -7.2199511,      -6.122927365,             0.448,    0.006682304366,      0.3262140455,                 0,                 0,                 0,     0.04312546583,    0.001740843409,      0.3262778359,                 0,       48.81759759
          0,           0,         227,      -6.681078626,      -7.157815698,      -7.231420332,      -6.127609472,             0.448,     0.00668231173,      0.3262254543,                 0,                 0,                 0,      0.0431278339,     0.00174067798,      0.3262892434,                 0,        48.8192511
          0,           0,         228,      -6.688835128,      -7.170673659,      -7.243273976,      -6.134815865,             0.448,    0.006682311496,      0.3262362258,                 0,                 0,                 0,     0.04313001027,    0.001740514606,      0.3263000136,                 0,       48.82086475
          0,           0,         229,      -6.699144107,      -7.183512682,      -7.256843369,      -6.144519127,             0.448,    0.006682311025,      0.3262463067,                 0,                 0,                 0,     0.04313195563,    0.001740361454,      0.3263100934,                 0,       48.82237679
          0,           0,         230,      -6.711963608,      -7.197494701,      -7.272638685,      -6.156708051,             0.448,    0.006682318222,      0.3262556306,                 0,                 0,                 0,     0.04313363679,    0.001740227434,      0.3263194164,                 0,       48.82371952
          0,           0,         231,      -6.727241367,       -7.21313646,      -7.290487697,      -6.171347565,             0.448,    0.006682339898,      0.3262641807,                 0,                 0,                 0,     0.04313504029,    0.001740119612,      0.3263279658,                 0,       48.82484065
          0,           0,         232,      -6.744901651,      -7.230287403,      -7.310085376,      -6.188364834,             0.448,    0.006682380792,      0.3262719802,                 0,                 0,                 0,     0.04313616938,    0.001740042372,      0.3263357651,                 0,       48.82570904
          0,           0,         233,      -6.764858381,      -7.248493088,      -7.331242173,      -6.207670587,             0.448,    0.006682443582,      0.3262790594,                 0,                 0,                 0,     0.04313703544,    0.001739997938,      0.3263428443,                 0,       48.82630962
          0,           0,         234,      -6.787029688,      -7.267363077,       -7.35383922,      -6.229181514,             0.448,    0.006682529168,      0.3262854344,                 0,                 0,                 0,     0.04313765179,     0.00173998696,      0.3263492199,                 0,       48.82663827
          0,           0,         235,      -6.811338099,      -7.286705025,      -7.377780204,      -6.252822342,             0.448,    0.006682636867,      0.3262911085,                 0,                 0,                 0,     0.04313803298,     0.00174000871,       0.326354895,                 0,       48.82670044
          0,           0,         236,        -6.8377017,      -7.306464423,      -7.403017461,      -6.278515434,             0.448,    0.006682764591,      0.3262960853,                 0,                 0,                 0,     0.04313819739,    0.001740061043,      0.3263598732,                 0,       48.82651197
          0,           0,         237,      -6.866032078,       -7.32660889,      -7.429569542,      -6.306177815,             0.448,    0.006682909138,      0.3263003791,                 0,                 0,                 0,     0.04313816877,    0.001740140541,      0.3263641687,                 0,       48.82609839
          0,           0,         238,       -6.89623386,      -7.347067939,      -7.457480334,      -6.335720267,             0.448,    0.006683066491,      0.3263040147,                 0,                 0,                 0,     0.04313797525,    0.001740242813,      0.3263678062,                 0,       48.82549278
          0,           0,         239,      -6.928205897,      -7.367755221,      -7.486772013,      -6.367047926,             0.448,    0.006683231806,      0.3263070297,                 0,                 0,                 0,     0.04313764785,    0.001740362446,      0.3263708233,                 0,       48.82473617
          0,           0,         240,      -6.961839139,      -7.388621306,      -7.517420959,      -6.400056744,             0.448,    0.006683399728,      0.3263094721,                 0,                 0,                 0,     0.04313721821,    0.001740493357,       0.326373268,                 0,       48.82387488
          0,           0,         241,      -6.997008484,      -7.409681737,      -7.549326079,      -6.434621751,             0.448,    0.006683564417,       0.326311392,                 0,                 0,                 0,     0.04313671461,    0.001740628949,      0.3263751902,                 0,       48.82295907
          0,           0,         242,      -7.033586963,      -7.430975504,       -7.58252464,      -6.470625893,             0.448,    0.006683720609,      0.3263128448,                 0,                 0,                 0,     0.04313616361,    0.001740763119,      0.3263766452,                 0,       48.82203549
          0,           0,         243,      -7.071427753,       -7.45258049,      -7.616875995,      -6.507932852,             0.448,    0.006683863132,       0.326313883,                 0,                 0,                 0,     0.04313558667,    0.001740889901,      0.3263776855,                 0,       48.82114978
          0,           0,         244,      -7.110355861,      -7.474576948,      -7.652157658,      -6.546379744,             0.448,    0.006683987049,      0.3263145549,                 0,                 0,                 0,     0.04313499991,    0.001741003628,      0.3263783592,                 0,       48.82034518
          0,           0,         245,      -7.150174577,      -7.497048813,      -7.688088282,      -6.585782512,             0.448,    0.006684088432,      0.3263149088,                 0,                 0,                 0,     0.04313441711,     0.00174109964,      0.3263787146,                 0,       48.81965762
          0,           0,         246,      -7.190674687,       -7.52009758,      -7.724361813,      -6.625946099,             0.448,    0.006684164521,      0.3263149891,                 0,                 0,                 0,      0.0431338493,    0.001741174503,       0.326378796,                 0,       48.81911391
          0,           0,         247,      -7.231635796,      -7.543837476,      -7.760698276,       -6.66666631,             0.448,    0.006684213486,       0.326314837,                 0,                 0,                 0,     0.04313330456,    0.001741225766,      0.3263786446,                 0,       48.81873353
          0,           0,         248,      -7.272838359,      -7.568382045,      -7.796860597,      -6.707742249,             0.448,    0.006684234572,      0.3263144889,                 0,                 0,                 0,      0.0431327881,    0.001741252121,       0.326378297,                 0,       48.81852745
          0,           0,         249,      -7.314066595,      -7.593836521,      -7.832668406,      -6.748977413,             0.448,    0.006684228071,      0.3263139786,                 0,                 0,                 0,     0.04313230287,     0.00174125335,      0.3263777866,                 0,       48.81849859
          0,           0,         250,      -7.355112345,      -7.620292668,      -7.867972044,      -6.790181441,             0.448,    0.006684195357,      0.3263133365,                 0,                 0,                 0,     0.04313184977,    0.001741230366,      0.3263771441,                 0,       48.81864145
          0,           0,         251,      -7.395776422,      -7.647817655,      -7.902667907,      -6.831169083,             0.448,    0.006675216237,      0.3263127715,                 0,                 0,                 0,     0.04313142761,    0.001741185194,      0.3263763957,                 0,       48.88422486
          0,           0,         252,      -5.617037138,      -5.588050242,      -5.419221571,      -5.010345683,             0.448,    0.006675135372,      0.3263114485,                 0,                 0,                 0,      0.0431309195,    0.001741124339,      0.3263750716,                 0,       48.88461886
          0,           0,         253,      -5.914166993,      -5.852811598,      -5.696413336,      -5.303647469,             0.448,    0.006674888017,      0.3262990125,                 0,                 0,                 0,     0.04312765175,    0.001741065023,      0.3263626332,                 0,        48.8845673
          0,           0,         254,      -6.156828249,      -6.022852917,      -6.120916435,      -5.563246375,             0.448,    0.006673888504,      0.3262525429,                 0,                 0,                 0,     0.04311539519,    0.001740768162,      0.3263161538,                 0,       48.88492558
          0,           0,         255,      -6.356005763,        -6.1628159,      -6.356389062,       -5.74544602,             0.448,    0.006672306931,      0.3261830472,                 0,                 0,                 0,     0.04309865838,    0.001740237421,      0.3262466422,                 0,        48.8860975
          0,           0,         256,      -6.519248174,      -6.361354252,      -6.422847632,      -5.920162017,             0.448,    0.006671138655,      0.3261204264,                 0,                 0,                 0,     0.04308687635,    0.001740015993,      0.3261840109,                 0,       48.88527181
          0,           0,         257,       -6.61504091,      -6.466862852,      -6.548028693,      -6.017095748,             0.448,    0.006670211176,      0.3260836643,                 0,                 0,                 0,     0.04308390548,    0.001739644397,       0.326147239,                 0,       48.88655783
          0,           0,         258,      -6.749756068,       -6.55915009,      -6.680432704,      -6.148750817,             0.448,    0.006669579294,      0.3260728897,                 0,                 0,                 0,     0.04308799245,    0.001739175481,       0.326136456,                 0,       48.88957389
          0,           0,         259,      -6.779146107,      -6.590742485,      -6.745395111,      -6.176709061,             0.448,    0.006669070107,      0.3260701466,                 0,                 0,                 0,     0.04309306047,    0.001738707824,      0.3261337055,                 0,       48.89289531
          0,           0,         260,      -6.829884742,      -6.654342179,      -6.788035158,      -6.226350708,             0.448,    0.006668250625,      0.3260600412,                 0,                 0,                 0,     0.04309525712,    0.001738041209,       0.326123589,                 0,       48.89738848
          0,           0,         261,      -6.941104808,      -6.782361177,      -6.876936834,      -6.344900136,             0.448,    0.006667431163,       0.326044383,                 0,                 0,                 0,     0.04309562796,    0.001737458566,      0.3261079201,                 0,       48.90104975
          0,           0,         262,      -7.006816271,      -6.870928339,       -6.99351226,      -6.421335057,             0.448,    0.006666753158,      0.3260291972,                 0,                 0,                 0,      0.0430957805,    0.001737010221,      0.3260927258,                 0,       48.90374512
          0,           0,         263,      -7.019763546,        -6.9094594,       -7.05692947,      -6.435372493,             0.448,    0.006666113783,      0.3260159963,                 0,                 0,                 0,     0.04309590455,    0.001736570492,      0.3260795168,                 0,       48.90645539
          0,           0,         264,      -7.052968224,      -6.978418478,      -7.090895864,      -6.472700557,             0.448,    0.006665495578,      0.3260041649,                 0,                 0,                 0,     0.04309585316,    0.001736131229,      0.3260676773,                 0,       48.90921628
          0,           0,         265,      -7.088227341,      -7.068778708,      -7.172017761,      -6.518157043,             0.448,    0.006664951833,      0.3259936091,                 0,                 0,                 0,     0.04309570977,     0.00173574713,      0.3260571145,                 0,       48.91162266
          0,           0,         266,      -7.093674363,      -7.142135589,      -7.290957569,      -6.530955788,             0.448,    0.006664504543,      0.3259844619,                 0,                 0,                 0,     0.04309551816,    0.001735438181,      0.3260479616,                 0,       48.91353285
          0,           0,         267,      -7.085478345,      -7.197232426,      -7.361154738,      -6.525788552,             0.448,    0.006664128397,       0.325976262,                 0,                 0,                 0,     0.04309512724,    0.001735186046,      0.3260397569,                 0,       48.91506324
          0,           0,         268,       -7.07566967,      -7.243286414,      -7.376339489,      -6.518045187,             0.448,    0.006663795428,      0.3259683138,                 0,                 0,                 0,     0.04309440203,    0.001734973278,      0.3260318046,                 0,       48.91631462
          0,           0,         269,      -7.065003029,      -7.285430511,       -7.39953537,      -6.509290278,             0.448,    0.006663511592,      0.3259605025,                 0,                 0,                 0,      0.0430934145,    0.001734807566,        0.32602399,                 0,       48.91722601
          0,           0,         270,      -7.054735265,      -7.327520898,      -7.439810933,      -6.500632517,             0.448,    0.006663289715,      0.3259531177,                 0,                 0,                 0,     0.04309232112,    0.001734697359,      0.3260166026,                 0,       48.91774659
          0,           0,         271,      -7.046081171,       -7.36928961,      -7.479198176,      -6.493169639,             0.448,    0.006663126769,      0.3259462613,                 0,                 0,                 0,     0.04309119226,    0.001734638089,      0.3260097445,                 0,       48.91791386
          0,           0,         272,       -7.03919927,      -7.406289869,      -7.508114676,      -6.486947263,             0.448,    0.006663013486,      0.3259397803,                 0,                 0,                 0,     0.04309001906,      0.0017346228,      0.3260032626,                 0,       48.91777287
          0,           0,         273,       -7.03420478,      -7.435896115,      -7.529936027,      -6.482099409,             0.448,    0.006662942852,      0.3259335634,                 0,                 0,                 0,     0.04308880341,    0.001734646163,      0.3259970453,                 0,       48.91735838
          0,           0,         274,      -7.031514732,      -7.459811786,      -7.548343397,      -6.479250055,             0.448,    0.006662906753,      0.3259276546,                 0,                 0,                 0,     0.04308758607,    0.001734699399,      0.3259911366,                 0,       48.91673659
          0,           0,         275,      -7.031476462,      -7.480244322,      -7.563981423,      -6.478924654,             0.448,    0.006662893759,      0.3259221142,                 0,                 0,                 0,     0.04308640904,    0.001734770167,      0.3259855967,                 0,       48.91600046
          0,           0,         276,       -7.03422471,      -7.497840676,      -7.577184383,      -6.481296261,             0.448,    0.006662893951,      0.3259169223,                 0,                 0,                 0,     0.04308529346,    0.001734848852,      0.3259804054,                 0,       48.91521983
          0,           0,         277,      -7.039728101,      -7.512924937,      -7.589010699,       -6.48631919,             0.448,    0.006662901057,      0.3259120173,                 0,                 0,                 0,     0.04308424653,    0.001734930111,      0.3259755011,                 0,       48.91443149
          0,           0,         278,      -7.047901193,      -7.526493281,      -7.601052574,      -6.493917624,             0.448,    0.006662911064,      0.3259073741,                 0,                 0,                 0,     0.04308327906,    0.001735010314,      0.3259708585,                 0,       48.91366115
          0,           0,         279,      -7.058677637,      -7.539983094,      -7.614755676,      -6.504058616,             0.448,    0.006662920443,      0.3259030174,                 0,                 0,                 0,     0.04308240947,    0.001735085558,      0.3259665025,                 0,       48.91293843
          0,           0,         280,      -7.072011359,      -7.554638899,      -7.630710857,      -6.516730377,             0.448,    0.006662925604,      0.3258989796,                 0,                 0,                 0,      0.0430816542,    0.001735151763,      0.3259624652,                 0,       48.91229453
          0,           0,         281,      -7.087846875,      -7.571018859,      -7.648771935,      -6.531896797,             0.448,    0.006662923457,      0.3258952703,                 0,                 0,                 0,     0.04308102056,    0.001735205693,      0.3259587564,                 0,       48.91175359
          0,           0,         282,      -7.106066718,      -7.588965723,      -7.668641857,      -6.549441304,             0.448,    0.006662911867,      0.3258918806,                 0,                 0,                 0,      0.0430805081,    0.001735245351,      0.3259553668,                 0,       48.91132993
          0,           0,         283,      -7.126559487,      -7.607998799,      -7.690158498,      -6.569250623,             0.448,    0.006662889915,      0.3258888018,                 0,                 0,                 0,     0.04308011402,    0.001735269948,       0.325952288,                 0,       48.91102899
          0,           0,         284,      -7.149302888,      -7.627699524,      -7.713217429,      -6.591308551,             0.448,      0.0066628573,      0.3258860312,                 0,                 0,                 0,     0.04307983397,    0.001735279223,      0.3259495172,                 0,       48.91085258
          0,           0,         285,      -7.174203096,       -7.64782217,      -7.737713695,       -6.61552068,             0.448,    0.006662813761,      0.3258835639,                 0,                 0,                 0,     0.04307965979,     0.00173527299,      0.3259470496,                 0,       48.91080189
          0,           0,         286,      -7.201165348,      -7.668265297,      -7.763578059,      -6.641792555,             0.448,    0.006662760172,      0.3258813986,                 0,                 0,                 0,     0.04307958334,    0.001735252143,      0.3259448837,                 0,        48.9108703
          0,           0,         287,      -7.230091665,      -7.688978264,       -7.79079149,      -6.670029664,             0.448,     0.00666269798,      0.3258795311,                 0,                 0,                 0,     0.04307959426,    0.001735218191,      0.3259430155,                 0,       48.91104656
          0,           0,         288,      -7.260887115,      -7.709892858,      -7.819361682,      -6.700144108,             0.448,    0.006662628933,      0.3258779504,                 0,                 0,                 0,      0.0430796794,    0.001735173051,      0.3259414339,                 0,       48.91131618
          0,           0,         289,      -7.293455881,       -7.73092945,      -7.849287129,      -6.732048108,             0.448,    0.006662555253,      0.3258766399,                 0,                 0,                 0,     0.04307982451,     0.00173511919,      0.3259401225,                 0,        48.9116604
          0,           0,         290,      -7.327694069,      -7.752039985,      -7.880543006,      -6.765644801,             0.448,    0.006662479523,      0.3258755794,                 0,                 0,                 0,     0.04308001548,    0.001735059502,      0.3259390609,                 0,       48.91205718
          0,           0,         291,      -7.363484588,      -7.773237957,      -7.913086039,      -6.800823162,             0.448,    0.006662404427,      0.3258747462,                 0,                 0,                 0,     0.04308023912,    0.001734997011,      0.3259382267,                 0,       48.91248344
          0,           0,         292,      -7.400693862,      -7.794587791,      -7.946843815,      -6.837455816,             0.448,    0.006662332593,      0.3258741171,                 0,                 0,                 0,     0.04308048378,    0.001734934696,      0.3259375966,                 0,       48.91291639
          0,           0,         293,      -7.439165783,      -7.816176011,      -7.981699405,      -6.875394097,             0.448,    0.006662266504,      0.3258736687,                 0,                 0,                 0,     0.04308073968,    0.001734875394,      0.3259371472,                 0,       48.91333429
          0,           0,         294,      -7.478718822,      -7.838097651,      -8.017463017,      -6.914466541,             0.448,    0.006662208392,      0.3258733786,                 0,                 0,                 0,     0.04308099891,    0.001734821675,      0.3259368563,                 0,        48.9137174
          0,           0,         295,      -7.519146951,      -7.860458055,      -8.053871707,      -6.954480482,             0.448,    0.006662160135,      0.3258732258,                 0,                 0,                 0,     0.04308125524,    0.001734775732,      0.3259367028,                 0,       48.91404879
          0,           0,         296,      -7.560225026,      -7.883371756,      -8.090620967,      -6.995227274,             0.448,    0.006662123179,       0.325873191,                 0,                 0,                 0,     0.04308150393,    0.001734739307,      0.3259366674,                 0,       48.91431488
          0,           0,         297,      -7.601716098,      -7.906954997,       -8.12740757,      -7.036488868,             0.448,    0.006662098491,      0.3258732561,                 0,                 0,                 0,     0.04308174154,    0.001734713638,      0.3259367321,                 0,       48.91450592
          0,           0,         298,      -7.643379673,      -7.931319292,      -8.163963903,      -7.078045178,             0.448,     0.00666208652,       0.325873405,                 0,                 0,                 0,     0.04308196584,    0.001734699416,      0.3259368809,                 0,       48.91461618
          0,           0,         299,      -7.684978559,      -7.956568853,      -8.200075775,      -7.119679803,             0.448,    0.006662087212,      0.3258736231,                 0,                 0,                 0,     0.04308217556,    0.001734696812,      0.3259370989,                 0,       48.91464382
          0,           0,         300,      -7.726286887,      -7.982796128,       -8.23558886,      -7.161186018,             0.448,    0.006662099979,       0.325873897,                 0,                 0,                 0,     0.04308237039,    0.001734705436,       0.325937373,                 0,        48.9145912
          0,           0,         301,      -7.767093273,       -8.01007221,      -8.270402451,      -7.202366642,             0.448,    0.006665709817,      0.3258741419,                 0,                 0,                 0,     0.04308255089,    0.001734724357,      0.3259376916,                 0,       48.88813808
          0,           0,         302,      -6.012316829,       -5.98333695,      -5.814508058,      -5.405627367,             0.448,    0.006665744531,      0.3258746915,                 0,                 0,                 0,     0.04308276379,    0.001734750753,      0.3259382416,                 0,       48.88796592
          0,           0,         303,      -6.309429143,      -6.248079376,      -6.091694327,      -5.698912359,             0.448,    0.006665847278,      0.3258797141,                 0,                 0,                 0,     0.04308408614,      0.0017347775,      0.3259432652,                 0,       48.88796585
          0,           0,         304,      -6.552038815,      -6.418108038,       -6.51619649,      -5.958461024,             0.448,    0.006666253555,      0.3258984345,                 0,                 0,                 0,     0.04308902518,    0.001734900505,      0.3259619896,                 0,       48.88779459
          0,           0,         305,      -6.751207948,      -6.558092637,      -6.751659502,      -6.140665185,             0.448,    0.006666894476,      0.3259264225,                 0,                 0,                 0,     0.04309576655,    0.001735117917,      0.3259899841,                 0,       48.88729282
          0,           0,         306,      -6.914404345,       -6.75664178,      -6.818121637,      -6.315347347,             0.448,     0.00666736925,      0.3259516446,                 0,                 0,                 0,     0.04310051348,    0.001735211045,      0.3260152105,                 0,       48.88759455
          0,           0,         307,      -7.010091265,      -6.862073654,      -6.943301999,      -6.412187268,             0.448,    0.006667747063,        0.32596646,                 0,                 0,                 0,     0.04310171382,    0.001735364668,        0.32603003,                 0,        48.8870464
          0,           0,         308,      -7.144623893,      -6.954253899,      -7.075697405,      -6.543685959,             0.448,    0.006668005725,      0.3259708157,                 0,                 0,                 0,     0.04310007344,    0.001735557403,       0.326034389,                 0,       48.88580321
          0,           0,         309,       -7.17402935,      -6.985827858,       -7.14064213,      -6.571655194,             0.448,    0.006668214684,      0.3259719408,                 0,                 0,                 0,     0.04309803891,    0.001735749317,      0.3260355171,                 0,       48.88444002
          0,           0,         310,       -7.22475436,      -7.049425611,      -7.183258494,      -6.621282832,             0.448,    0.006668548176,       0.325976031,                 0,                 0,                 0,     0.04309716094,    0.001736020888,       0.326039612,                 0,       48.88260869
          0,           0,         311,      -7.335838869,      -7.177382651,       -7.27211079,      -6.739695079,             0.448,    0.006668881311,      0.3259823584,                 0,                 0,                 0,     0.04309701891,    0.001736258257,      0.3260459437,                 0,       48.88111562
          0,           0,         312,      -7.401549664,       -7.26588149,      -7.388588878,       -6.81609386,             0.448,    0.006669157017,      0.3259884963,                 0,                 0,                 0,      0.0430969652,     0.00173644107,       0.326052085,                 0,       48.88001519
          0,           0,         313,      -7.414658334,      -7.304399406,      -7.451968498,      -6.830268382,             0.448,     0.00666941665,      0.3259938353,                 0,                 0,                 0,     0.04309692326,    0.001736619898,      0.3260574273,                 0,       48.87891287
          0,           0,         314,      -7.447998916,        -7.3733155,      -7.485963509,      -6.867704489,             0.448,    0.006669667215,      0.3259986237,                 0,                 0,                 0,     0.04309695219,    0.001736797991,      0.3260622189,                 0,       48.87779452
          0,           0,         315,      -7.483372769,      -7.463555918,      -7.567030059,      -6.913242613,             0.448,     0.00666988726,      0.3260028989,                 0,                 0,                 0,     0.04309701804,    0.001736953329,       0.326066497,                 0,       48.87682298
          0,           0,         316,      -7.488902867,      -7.536736217,      -7.685729521,      -6.926110769,             0.448,    0.006670067984,      0.3260066064,                 0,                 0,                 0,     0.04309710279,     0.00173707794,      0.3260702069,                 0,       48.87605452
          0,           0,         317,      -7.480729026,      -7.591624876,        -7.7556648,       -6.92096828,             0.448,    0.006670219674,      0.3260099316,                 0,                 0,                 0,     0.04309726705,    0.001737179305,      0.3260735339,                 0,       48.87544152
          0,           0,         318,      -7.470881205,      -7.637472492,      -7.770763651,      -6.913191873,             0.448,    0.006670353687,      0.3260131539,                 0,                 0,                 0,     0.04309756491,    0.001737264553,      0.3260767579,                 0,       48.87494264
          0,           0,         319,      -7.460121111,      -7.679453891,      -7.793818229,      -6.904350545,             0.448,    0.006670467704,      0.3260163189,                 0,                 0,                 0,     0.04309796713,    0.001737330673,      0.3260799242,                 0,       48.87458171
          0,           0,         320,        -7.4497094,      -7.721420793,      -7.833806893,       -6.89555939,             0.448,    0.006670556627,      0.3260193097,                 0,                 0,                 0,     0.04309841056,    0.001737374337,       0.326082916,                 0,       48.87437854
          0,           0,         321,      -7.440865523,      -7.763080064,      -7.872854926,      -6.887920908,             0.448,    0.006670621738,      0.3260220849,                 0,                 0,                 0,     0.04309886677,    0.001737397454,       0.326085692,                 0,       48.87431752
          0,           0,         322,      -7.433757135,      -7.799978172,      -7.901503278,      -6.881487064,             0.448,    0.006670666823,      0.3260247059,                 0,                 0,                 0,     0.04309933924,     0.00173740288,      0.3260883133,                 0,       48.87438011
          0,           0,         323,      -7.428510737,      -7.829481953,      -7.923136484,      -6.876401295,             0.448,    0.006670694752,      0.3260272172,                 0,                 0,                 0,     0.04309982719,    0.001737392811,      0.3260908247,                 0,       48.87455195
          0,           0,         324,      -7.425552757,      -7.853271409,      -7.941395466,      -6.873296582,             0.448,    0.006670708837,      0.3260296013,                 0,                 0,                 0,     0.04310031438,    0.001737370826,      0.3260932088,                 0,       48.87480615
          0,           0,         325,      -7.425258462,      -7.873540126,      -7.956869024,      -6.872724826,             0.448,     0.00667071358,       0.326031833,                 0,                 0,                 0,     0.04310078355,    0.001737341804,      0.3260954403,                 0,       48.87510595
          0,           0,         326,      -7.427757762,      -7.890956862,      -7.969969838,      -6.874853013,             0.448,    0.006670713113,      0.3260339211,                 0,                 0,                 0,     0.04310122678,    0.001737309745,      0.3260975282,                 0,        48.8754224
          0,           0,         327,      -7.433014946,      -7.905882588,      -7.981807422,      -6.879632872,             0.448,    0.006670709991,      0.3260358907,                 0,                 0,                 0,     0.04310164143,    0.001737276825,      0.3260994975,                 0,       48.87574054
          0,           0,         328,      -7.440948581,      -7.919318479,      -7.993947455,      -6.886995466,             0.448,    0.006670705696,      0.3260377512,                 0,                 0,                 0,     0.04310202285,    0.001737244384,      0.3261013577,                 0,        48.8760509
          0,           0,         329,      -7.451493007,      -7.932672472,      -8.007786335,      -6.896909688,             0.448,    0.006670701604,      0.3260394925,                 0,                 0,                 0,     0.04310236375,    0.001737213946,      0.3261030988,                 0,       48.87634193
          0,           0,         330,      -7.464602127,      -7.947155881,      -8.023874704,      -6.909362936,             0.448,    0.006670699179,      0.3260411024,                 0,                 0,                 0,     0.04310265785,    0.001737187166,      0.3261047084,                 0,       48.87660103
          0,           0,         331,       -7.48022079,       -7.96331195,      -8.042047629,      -6.924318481,             0.448,    0.006670699665,      0.3260425772,                 0,                 0,                 0,     0.04310290243,    0.001737165339,       0.326106183,                 0,       48.87681856
          0,           0,         332,       -7.49827036,      -7.980988574,      -8.061996724,      -6.941700478,             0.448,    0.006670703912,      0.3260439208,                 0,                 0,                 0,     0.04310309789,    0.001737149258,      0.3261075266,                 0,       48.87698886
          0,           0,         333,      -7.518662522,      -7.999715755,      -8.083531051,      -6.961417086,             0.448,    0.006670712415,      0.3260451387,                 0,                 0,                 0,     0.04310324618,    0.001737139334,      0.3261087445,                 0,       48.87710913
          0,           0,         334,      -7.541314267,       -8.01908819,      -8.106530143,      -6.983383733,             0.448,    0.006670725359,      0.3260462334,                 0,                 0,                 0,     0.04310334959,    0.001737135716,      0.3261098392,                 0,       48.87717839
          0,           0,         335,      -7.566146917,      -8.038904094,      -8.130895569,      -7.007523945,             0.448,    0.006670742626,      0.3260472053,                 0,                 0,                 0,     0.04310341072,    0.001737138275,      0.3261108113,                 0,       48.87719758
          0,           0,         336,      -7.593078116,      -8.059105177,       -8.15657796,      -7.033759921,             0.448,     0.00667076384,      0.3260480549,                 0,                 0,                 0,     0.04310343285,    0.001737146633,      0.3261116611,                 0,        48.8771695
          0,           0,         337,      -7.622018418,      -8.079658133,      -8.183595029,       -7.06200802,             0.448,    0.006670788428,      0.3260487841,                 0,                 0,                 0,     0.04310342025,    0.001737160187,      0.3261123906,                 0,       48.87709865
          0,           0,         338,      -7.652872096,      -8.100490491,      -8.211993767,      -7.092179023,             0.448,     0.00667081565,      0.3260493972,                 0,                 0,                 0,     0.04310337813,    0.001737178129,      0.3261130041,                 0,       48.87699111
          0,           0,         339,      -7.685537024,      -8.121512662,      -8.241799677,      -7.124177441,             0.448,    0.006670844608,      0.3260499012,                 0,                 0,                 0,     0.04310331223,    0.001737199459,      0.3261135085,                 0,       48.87685449
          0,           0,         340,      -7.719902255,      -8.142671893,      -8.272998318,      -7.157898665,             0.448,    0.006670874295,      0.3260503046,                 0,                 0,                 0,     0.04310322831,     0.00173722304,      0.3261139122,                 0,       48.87669744
          0,           0,         341,      -7.755844671,      -8.163974913,      -8.305540508,      -7.193225623,             0.448,    0.006670903649,      0.3260506166,                 0,                 0,                 0,      0.0431031317,     0.00173724767,      0.3261142246,                 0,       48.87652914
          0,           0,         342,      -7.793225232,      -8.185472162,      -8.339341221,      -7.230025626,             0.448,    0.006670931621,      0.3260508469,                 0,                 0,                 0,     0.04310302705,    0.001737272155,      0.3261144553,                 0,       48.87635871
          0,           0,         343,      -7.831884741,      -8.207235625,      -8.374263161,      -7.268147209,             0.448,    0.006670957223,      0.3260510048,                 0,                 0,                 0,     0.04310291823,    0.001737295364,      0.3261146136,                 0,       48.87619481
          0,           0,         344,       -7.87164079,      -8.229351624,      -8.410099082,      -7.307418289,             0.448,    0.006670979572,      0.3260510994,                 0,                 0,                 0,      0.0431028084,    0.001737316279,      0.3261147086,                 0,       48.87604525
          0,           0,         345,      -7.912287851,      -8.251922324,      -8.446577158,      -7.347647008,             0.448,    0.006670997933,      0.3260511392,                 0,                 0,                 0,     0.04310270001,    0.001737334037,      0.3261147486,                 0,       48.87591668
          0,           0,         346,      -7.953600994,      -8.275063095,      -8.483390107,      -7.388625462,             0.448,    0.006671011743,      0.3260511319,                 0,                 0,                 0,     0.04310259496,    0.001737347956,      0.3261147415,                 0,       48.87581441
          0,           0,         347,      -7.995342238,      -8.298893601,      -8.520233582,      -7.430135531,             0.448,    0.006671020624,      0.3260510847,                 0,                 0,                 0,     0.04310249463,    0.001737357549,      0.3261146945,                 0,       48.87574227
          0,           0,         348,       -8.03726885,      -8.323528819,      -8.556837001,      -7.471956074,             0.448,    0.006671024402,      0.3260510043,                 0,                 0,                 0,     0.04310239994,    0.001737362544,      0.3261146141,                 0,       48.87570254
          0,           0,         349,      -8.079141398,      -8.349074719,      -8.592980586,      -7.513869507,             0.448,    0.006671023113,      0.3260508966,                 0,                 0,                 0,     0.04310231139,    0.001737362884,      0.3261145064,                 0,       48.87569584
          0,           0,         350,      -8.120729753,      -8.375623698,      -8.628500591,      -7.555665752,             0.448,    0.006671017005,       0.326050767,                 0,                 0,                 0,     0.04310222911,    0.001737358738,      0.3261143767,                 0,       48.87572116
          0,           0,         351,      -8.161815513,      -8.403244859,      -8.663285406,      -7.597141553,             0.448,    0.006669562045,      0.3260506498,                 0,                 0,                 0,     0.04310215289,    0.001737350488,      0.3261142298,                 0,       48.88636578
          0,           0,         352,      -6.407463196,      -6.378476514,      -6.209652646,      -5.800772614,             0.448,    0.006669547236,      0.3260504107,                 0,                 0,                 0,     0.04310206397,    0.001737339296,      0.3261139905,                 0,       48.88643849
          0,           0,         353,      -6.704566021,      -6.643231659,      -6.486837179,      -6.094052124,             0.448,     0.00666950512,      0.3260483716,                 0,                 0,                 0,     0.04310152865,    0.001737328025,      0.3261119511,                 0,       48.88644146
          0,           0,         354,      -6.947178208,      -6.813252445,      -6.911333498,       -6.35360349,             0.448,    0.006669340913,      0.3260408194,                 0,                 0,                 0,     0.04309953771,    0.001737278062,      0.3261043973,                 0,       48.88651273
          0,           0,         355,      -7.146338087,      -6.953232572,      -7.146809264,      -6.535797925,             0.448,    0.006669082318,      0.3260295375,                 0,                 0,                 0,      0.0430968214,    0.001737190133,      0.3260931127,                 0,       48.88671664
          0,           0,         356,       -7.30953425,      -7.151781794,      -7.213280913,      -6.710479198,             0.448,    0.006668890665,      0.3260193696,                 0,                 0,                 0,     0.04309490817,    0.001737152289,      0.3260829431,                 0,       48.88659689
          0,           0,         357,      -7.405203951,      -7.257222264,      -7.338450832,      -6.807308738,             0.448,    0.006668738048,      0.3260133912,                 0,                 0,                 0,     0.04309442279,    0.001737090112,       0.326076963,                 0,        48.8868192
          0,           0,         358,      -7.539649356,      -7.349400777,      -7.470821932,      -6.938742249,             0.448,    0.006668633453,      0.3260116252,                 0,                 0,                 0,     0.04309508149,     0.00173701224,      0.3260751957,                 0,       48.88732114
          0,           0,         359,      -7.568952975,      -7.380974711,      -7.535735539,      -6.966631421,             0.448,    0.006668548917,      0.3260111606,                 0,                 0,                 0,     0.04309589899,    0.001736934741,      0.3260747298,                 0,        48.8878712
          0,           0,         360,      -7.619512222,      -7.444574748,      -7.578339213,       -7.01612816,             0.448,    0.006668414306,      0.3260095027,                 0,                 0,                 0,     0.04309625094,     0.00173682522,      0.3260730701,                 0,       48.88860946
          0,           0,         361,      -7.730151673,      -7.572527719,      -7.667174625,      -7.134167688,             0.448,    0.006668279921,      0.3260069455,                 0,                 0,                 0,     0.04309630694,    0.001736729528,      0.3260705112,                 0,       48.88921122
          0,           0,         362,      -7.795323128,      -7.661032599,       -7.78359205,      -7.210077644,             0.448,    0.006668168706,       0.326004466,                 0,                 0,                 0,     0.04309632766,    0.001736655828,      0.3260680302,                 0,       48.88965477
          0,           0,         363,      -7.808108163,      -7.699577415,      -7.846926649,      -7.223977278,             0.448,     0.00666806401,      0.3260023092,                 0,                 0,                 0,     0.04309634385,    0.001736583765,      0.3260658721,                 0,       48.89009894
          0,           0,         364,      -7.840908393,      -7.768495415,      -7.880909762,      -7.260920018,             0.448,    0.006667962997,       0.326000375,                 0,                 0,                 0,     0.04309633172,    0.001736512018,      0.3260639366,                 0,        48.8905495
          0,           0,         365,      -7.875564526,      -7.858630597,       -7.96189441,      -7.305702699,             0.448,    0.006667874289,      0.3259986481,                 0,                 0,                 0,     0.04309630491,    0.001736449439,      0.3260622085,                 0,       48.89094095
          0,           0,         366,      -7.880717308,      -7.931611155,      -8.080338846,       -7.31810796,             0.448,    0.006667801426,      0.3259971505,                 0,                 0,                 0,     0.04309627067,    0.001736399235,        0.32606071,                 0,        48.8912506
          0,           0,         367,      -7.872435759,      -7.986312008,      -8.149994688,      -7.312810791,             0.448,    0.006667740266,      0.3259958076,                 0,                 0,                 0,     0.04309620461,    0.001736358392,      0.3260593664,                 0,       48.89149767
          0,           0,         368,      -7.862578319,      -8.032014784,       -8.16500754,      -7.304993017,             0.448,    0.006667686233,      0.3259945069,                 0,                 0,                 0,     0.04309608493,    0.001736324039,       0.326058065,                 0,       48.89169879
          0,           0,         369,      -7.851891267,      -8.073865745,      -8.187981148,      -7.296193805,             0.448,    0.006667640262,      0.3259932299,                 0,                 0,                 0,      0.0430959234,    0.001736297387,      0.3260567874,                 0,       48.89184436
          0,           0,         370,      -7.841606037,       -8.11567266,       -8.22782411,      -7.287500374,             0.448,    0.006667604404,      0.3259920236,                 0,                 0,                 0,      0.0430957454,    0.001736279778,      0.3260555808,                 0,       48.89192638
          0,           0,         371,      -7.832912607,      -8.157113652,      -8.266726746,      -7.279988331,             0.448,    0.006667578146,      0.3259909048,                 0,                 0,                 0,     0.04309556236,    0.001736270446,      0.3260544616,                 0,       48.89195111
          0,           0,         372,      -7.825970477,      -8.193755524,      -8.295284267,       -7.27370389,             0.448,    0.006667559962,      0.3259898485,                 0,                 0,                 0,     0.04309537286,    0.001736268239,      0.3260534052,                 0,       48.89192604
          0,           0,         373,      -7.820901327,      -8.223021724,      -8.316865535,      -7.268785809,             0.448,    0.006667548694,       0.325988837,                 0,                 0,                 0,     0.04309517721,    0.001736272272,      0.3260523936,                 0,       48.89185695
          0,           0,         374,      -7.818123395,      -8.246632039,      -8.335091827,      -7.265856093,             0.448,    0.006667543012,      0.3259878771,                 0,                 0,                 0,     0.04309498192,    0.001736281109,      0.3260514338,                 0,       48.89175466
          0,           0,         375,      -7.818005113,        -8.2667889,      -8.350553661,      -7.265457233,             0.448,    0.006667541104,       0.325986979,                 0,                 0,                 0,     0.04309479393,    0.001736292783,      0.3260505358,                 0,       48.89163396
          0,           0,         376,      -7.820673147,      -8.284154273,      -8.363666145,      -7.267752063,             0.448,    0.006667541306,      0.3259861392,                 0,                 0,                 0,     0.04309461642,    0.001736305688,       0.326049696,                 0,       48.89150651
          0,           0,         377,      -7.826090877,      -8.299074965,      -8.375534833,      -7.272691133,             0.448,    0.006667542591,      0.3259853474,                 0,                 0,                 0,     0.04309445043,    0.001736318949,      0.3260489043,                 0,       48.89137834
          0,           0,         378,      -7.834176864,      -8.312536337,      -8.387716349,      -7.280205182,             0.448,    0.006667544362,      0.3259845999,                 0,                 0,                 0,     0.04309429783,    0.001736332026,      0.3260481569,                 0,       48.89125323
          0,           0,         379,      -7.844865637,      -8.325933555,      -8.401597892,       -7.29026298,             0.448,    0.006667546068,      0.3259839005,                 0,                 0,                 0,     0.04309416154,    0.001736344309,      0.3260474577,                 0,       48.89113584
          0,           0,         380,      -7.858111298,      -8.340469155,      -8.417726759,      -7.302851939,             0.448,    0.006667547116,      0.3259832544,                 0,                 0,                 0,     0.04309404409,    0.001736355129,      0.3260468117,                 0,       48.89103125
          0,           0,         381,      -7.873859044,      -8.356681377,       -8.43593993,      -7.317935645,             0.448,    0.006667547006,      0.3259826629,                 0,                 0,                 0,     0.04309394658,    0.001736363966,      0.3260462203,                 0,       48.89094335
          0,           0,         382,      -7.892030798,      -8.374416157,      -8.455931986,      -7.335438881,             0.448,    0.006667545395,      0.3259821244,                 0,                 0,                 0,     0.04309386882,    0.001736370499,      0.3260456818,                 0,       48.89087439
          0,           0,         383,      -7.912538927,      -8.393202768,      -8.477514011,      -7.355270554,             0.448,    0.006667542081,      0.3259816367,                 0,                 0,                 0,     0.04309381005,    0.001736374563,      0.3260451941,                 0,       48.89082554
          0,           0,         384,      -7.935301171,      -8.412635229,      -8.500566837,      -7.377346872,             0.448,    0.006667536992,      0.3259811987,                 0,                 0,                 0,     0.04309376933,    0.001736376098,      0.3260447561,                 0,       48.89079717
          0,           0,         385,      -7.960239595,      -8.432511111,      -8.524992196,      -7.401592124,             0.448,    0.006667530173,      0.3259808102,                 0,                 0,                 0,     0.04309374562,    0.001736375156,      0.3260443675,                 0,       48.89078891
          0,           0,         386,      -7.987272654,      -8.452771594,      -8.550740047,      -7.427929342,             0.448,    0.006667521772,       0.325980471,                 0,                 0,                 0,     0.04309373759,    0.001736371886,      0.3260440282,                 0,       48.89079964
          0,           0,         387,      -8.016311769,      -8.473383095,      -8.577826778,      -7.456275776,             0.448,    0.006667512018,      0.3259801804,                 0,                 0,                 0,     0.04309374353,    0.001736366529,      0.3260437375,                 0,       48.89082757
          0,           0,         388,      -8.047262063,      -8.494273169,      -8.606297631,      -7.486543072,             0.448,    0.006667501206,      0.3259799365,                 0,                 0,                 0,     0.04309376135,    0.001736359408,      0.3260434934,                 0,       48.89087027
          0,           0,         389,      -8.080022245,      -8.515352461,       -8.63617612,      -7.518636599,             0.448,    0.006667489695,      0.3259797365,                 0,                 0,                 0,     0.04309378873,    0.001736350922,      0.3260432933,                 0,       48.89092469
          0,           0,         390,      -8.114482116,      -8.536568584,      -8.667445567,       -7.55245252,             0.448,     0.00666747789,      0.3259795771,                 0,                 0,                 0,     0.04309382336,     0.00173634153,      0.3260431338,                 0,       48.89098734
          0,           0,         391,      -8.150519318,      -8.557928381,      -8.700055276,      -7.587874586,             0.448,    0.006667466216,      0.3259794545,                 0,                 0,                 0,     0.04309386308,    0.001736331711,       0.326043011,                 0,       48.89105455
          0,           0,         392,      -8.187995353,      -8.579482597,      -8.733918786,      -7.624770718,             0.448,    0.006667455092,      0.3259793648,                 0,                 0,                 0,     0.04309390605,    0.001736321946,      0.3260429211,                 0,       48.89112267
          0,           0,         393,      -8.226751646,      -8.601303781,       -8.76889684,      -7.662990181,             0.448,    0.006667444915,      0.3259793042,                 0,                 0,                 0,     0.04309395068,    0.001736312687,      0.3260428603,                 0,        48.8911882
          0,           0,         394,      -8.266606106,      -8.623478502,      -8.804781005,      -7.702361315,             0.448,     0.00666743604,      0.3259792691,                 0,                 0,                 0,     0.04309399572,    0.001736304344,      0.3260428251,                 0,       48.89124801
          0,           0,         395,      -8.307352798,      -8.646108901,      -8.841297922,      -7.742692011,             0.448,    0.006667428765,      0.3259792561,                 0,                 0,                 0,     0.04309404017,    0.001736297266,       0.326042812,                 0,       48.89129942
          0,           0,         396,      -8.348765679,       -8.66931019,      -8.878138309,      -7.783773499,             0.448,    0.006667423317,       0.325979262,                 0,                 0,                 0,     0.04309408325,    0.001736291729,      0.3260428178,                 0,       48.89134025
          0,           0,         397,      -8.390605239,      -8.693201282,      -8.914995702,      -7.825386299,             0.448,    0.006667419848,      0.3259792839,                 0,                 0,                 0,     0.04309412442,    0.001736287929,      0.3260428397,                 0,       48.89136898
          0,           0,         398,      -8.432626512,      -8.717896418,      -8.951597442,      -7.867307175,             0.448,     0.00666741843,      0.3259793192,                 0,                 0,                 0,     0.04309416329,    0.001736285978,       0.326042875,                 0,       48.89138466
          0,           0,         399,      -8.474586985,       -8.74350115,      -8.987721839,      -7.909315651,             0.448,     0.00666741905,      0.3259793654,                 0,                 0,                 0,     0.04309419965,    0.001736285899,      0.3260429212,                 0,       48.89138705
          0,           0,         400,      -8.516252709,      -8.770107586,      -9.023203964,      -7.951198005,             0.448,    0.006667421607,      0.3259794204,                 0,                 0,                 0,     0.04309423345,    0.001736287624,      0.3260429762,                 0,       48.89137654
          0,           0,         401,        -8.5574009,      -8.797784414,      -9.057931959,      -7.992746652,             0.448,    0.006668011349,      0.3259794702,                 0,                 0,                 0,     0.04309426477,       0.001736291,       0.326043038,                 0,       48.88705989
          0,           0,         402,      -6.799608445,      -6.770618538,      -6.601796376,       -6.19291724,             0.448,    0.006668017404,      0.3259795693,                 0,                 0,                 0,     0.04309430119,    0.001736295556,      0.3260431372,                 0,       48.88703036
          0,           0,         403,        -7.0967111,      -7.035380168,      -6.878980516,      -6.486197637,             0.448,    0.006668034517,      0.3259803979,                 0,                 0,                 0,     0.04309451855,    0.001736300132,       0.326043966,                 0,       48.88702916
          0,           0,         404,      -7.339329591,      -7.205398992,      -7.303476076,      -6.745755122,             0.448,    0.006668101111,      0.3259834613,                 0,                 0,                 0,     0.04309532594,    0.001736320381,        0.32604703,                 0,       48.88700034
          0,           0,         405,       -7.53849049,      -7.345375755,      -7.538956635,      -6.927948698,             0.448,    0.006668205963,      0.3259880364,                 0,                 0,                 0,     0.04309642733,    0.001736356013,      0.3260516062,                 0,       48.88691775
          0,           0,         406,      -7.701693275,      -7.543923745,       -7.60543212,      -7.102635209,             0.448,    0.006668283668,      0.3259921599,                 0,                 0,                 0,     0.04309720314,    0.001736371336,      0.3260557304,                 0,       48.88696644
          0,           0,         407,      -7.797366325,      -7.649374763,      -7.730599594,      -7.199468943,             0.448,    0.006668345546,       0.325994585,                 0,                 0,                 0,     0.04309740009,    0.001736396523,      0.3260581562,                 0,       48.88687648
          0,           0,         408,      -7.931802497,       -7.74156366,      -7.862963201,      -7.330897413,             0.448,    0.006668387948,      0.3259953023,                 0,                 0,                 0,     0.04309713318,     0.00173642807,      0.3260588741,                 0,       48.88667319
          0,           0,         409,      -7.961072961,      -7.773138291,      -7.927868036,      -7.358760945,             0.448,    0.006668422217,       0.325995492,                 0,                 0,                 0,     0.04309680186,    0.001736459466,      0.3260590642,                 0,        48.8864504
          0,           0,         410,      -8.011582532,      -7.836737211,      -7.970470447,      -7.408218672,             0.448,    0.006668476791,      0.3259961653,                 0,                 0,                 0,     0.04309665926,     0.00173650385,      0.3260597382,                 0,       48.88615129
          0,           0,         411,      -8.122104039,      -7.964692583,      -8.059305492,      -7.526161035,             0.448,    0.006668531278,       0.325997203,                 0,                 0,                 0,     0.04309663658,    0.001736542633,      0.3260607767,                 0,       48.88590746
          0,           0,         412,      -8.187130965,       -8.05320378,      -8.175710068,       -7.60194098,             0.448,    0.006668576378,       0.325998209,                 0,                 0,                 0,     0.04309662819,     0.00173657251,      0.3260617833,                 0,       48.88572771
          0,           0,         413,      -8.199832041,      -8.091755187,      -8.239030539,       -7.61576746,             0.448,    0.006668618839,      0.3259990841,                 0,                 0,                 0,     0.04309662161,    0.001736601728,      0.3260626589,                 0,       48.88554767
          0,           0,         414,      -8.232505953,      -8.160671952,       -8.27300708,      -7.652591455,             0.448,    0.006668659807,      0.3259998689,                 0,                 0,                 0,      0.0430966265,    0.001736630821,      0.3260634442,                 0,       48.88536502
          0,           0,         415,      -8.267007277,      -8.250777202,      -8.353967547,      -7.697203221,             0.448,     0.00666869579,      0.3260005695,                 0,                 0,                 0,     0.04309663733,    0.001736656202,      0.3260641453,                 0,       48.88520631
          0,           0,         416,       -8.27209897,      -8.323705243,      -8.472341366,      -7.709520383,             0.448,    0.006668725351,      0.3260011771,                 0,                 0,                 0,     0.04309665116,    0.001736676569,      0.3260647533,                 0,       48.88508072
          0,           0,         417,       -8.26382358,      -8.378363206,      -8.541919127,      -7.704213914,             0.448,    0.006668750169,      0.3260017219,                 0,                 0,                 0,     0.04309667788,    0.001736693143,      0.3260652984,                 0,       48.88498049
          0,           0,         418,      -8.253993268,      -8.424037971,      -8.556904233,      -7.696413189,             0.448,    0.006668772097,      0.3260022495,                 0,                 0,                 0,     0.04309672635,    0.001736707088,      0.3260658263,                 0,       48.88489886
          0,           0,         419,       -8.24334671,      -8.465860977,      -8.579849255,      -7.687645808,             0.448,    0.006668790756,      0.3260027674,                 0,                 0,                 0,     0.04309679178,     0.00173671791,      0.3260663444,                 0,       48.88483975
          0,           0,         420,      -8.233107022,      -8.507623968,      -8.619644051,      -7.678990455,             0.448,    0.006668805312,      0.3260032567,                 0,                 0,                 0,     0.04309686389,    0.001736725064,      0.3260668338,                 0,       48.88480641
          0,           0,         421,      -8.224457747,      -8.548998117,      -8.658496693,      -7.671516702,             0.448,    0.006668815974,      0.3260037104,                 0,                 0,                 0,     0.04309693806,    0.001736728862,      0.3260672877,                 0,       48.88479629
          0,           0,         422,      -8.217557175,      -8.585559504,      -8.687018587,      -7.665270038,             0.448,     0.00666882336,      0.3260041387,                 0,                 0,                 0,     0.04309701484,    0.001736729768,       0.326067716,                 0,       48.88480638
          0,           0,         423,      -8.212526661,      -8.614750405,      -8.708576905,      -7.660388887,             0.448,    0.006668827938,      0.3260045489,                 0,                 0,                 0,     0.04309709413,    0.001736728141,      0.3260681262,                 0,       48.88483432
          0,           0,         424,      -8.209783535,      -8.638302202,      -8.726790413,      -7.657493684,             0.448,    0.006668830247,       0.326004938,                 0,                 0,                 0,     0.04309717328,    0.001736724563,      0.3260685154,                 0,       48.88487575
          0,           0,         425,       -8.20969563,      -8.658418337,       -8.74225163,      -7.657125669,             0.448,    0.006668831023,      0.3260053022,                 0,                 0,                 0,     0.04309724948,    0.001736719831,      0.3260688795,                 0,       48.88492466
          0,           0,         426,      -8.212389722,       -8.67575768,      -8.755375297,      -7.659447472,             0.448,     0.00666883094,      0.3260056427,                 0,                 0,                 0,     0.04309732143,    0.001736714597,      0.3260692199,                 0,       48.88497633
          0,           0,         427,      -8.217829715,      -8.690663291,      -8.767263126,      -7.664410028,             0.448,    0.006668830415,      0.3260059637,                 0,                 0,                 0,     0.04309738872,    0.001736709216,      0.3260695409,                 0,       48.88502832
          0,           0,         428,      -8.225934823,      -8.704117374,      -8.779467237,      -7.671944611,             0.448,     0.00666882969,      0.3260062668,                 0,                 0,                 0,     0.04309745059,    0.001736703907,      0.3260698439,                 0,       48.88507908
          0,           0,         429,      -8.236640275,      -8.717513052,      -8.793371728,       -7.68202059,             0.448,     0.00666882899,      0.3260065503,                 0,                 0,                 0,     0.04309750585,    0.001736698919,      0.3260701274,                 0,       48.88512672
          0,           0,         430,      -8.249900786,      -8.732051599,      -8.809522706,      -7.694625924,             0.448,    0.006668828556,      0.3260068122,                 0,                 0,                 0,     0.04309755347,    0.001736694522,      0.3260703893,                 0,       48.88516918
          0,           0,         431,      -8.265662036,      -8.748270753,      -8.827757026,      -7.709724639,             0.448,    0.006668828589,       0.326007052,                 0,                 0,                 0,     0.04309759301,    0.001736690928,      0.3260706291,                 0,        48.8852049
          0,           0,         432,      -8.283846349,      -8.766016604,       -8.84776925,      -7.727241894,             0.448,    0.006668829232,      0.3260072704,                 0,                 0,                 0,     0.04309762454,    0.001736688267,      0.3260708474,                 0,       48.88523293
          0,           0,         433,      -8.304366432,      -8.784818857,      -8.869370273,      -7.747086909,             0.448,    0.006668830564,      0.3260074681,                 0,                 0,                 0,     0.04309764838,    0.001736686608,      0.3260710451,                 0,       48.88525282
          0,           0,         434,      -8.327140303,      -8.804271815,      -8.892440653,      -7.769176156,             0.448,    0.006668832616,      0.3260076457,                 0,                 0,                 0,      0.0430976649,    0.001736685974,      0.3260712227,                 0,        48.8852644
          0,           0,         435,      -8.352090236,      -8.824172882,      -8.916881932,      -7.793434119,             0.448,    0.006668835371,      0.3260078032,                 0,                 0,                 0,     0.04309767453,    0.001736686346,      0.3260713803,                 0,       48.88526783
          0,           0,         436,      -8.379134829,      -8.844462731,      -8.942643968,      -7.819783965,             0.448,    0.006668838768,      0.3260079407,                 0,                 0,                 0,     0.04309767779,    0.001736687662,      0.3260715178,                 0,       48.88526355
          0,           0,         437,      -8.408185605,      -8.865107089,      -8.969743093,      -7.848143037,             0.448,    0.006668842715,      0.3260080586,                 0,                 0,                 0,      0.0430976754,    0.001736689826,      0.3260716357,                 0,       48.88525229
          0,           0,         438,      -8.439147757,      -8.886032717,       -8.99822455,      -7.878423054,             0.448,    0.006668847092,      0.3260081575,                 0,                 0,                 0,     0.04309766819,    0.001736692707,      0.3260717347,                 0,       48.88523503
          0,           0,         439,       -8.47192004,      -8.907149461,      -9.028111957,      -7.910529441,             0.448,    0.006668851755,      0.3260082386,                 0,                 0,                 0,      0.0430976571,    0.001736696142,      0.3260718159,                 0,       48.88521301
          0,           0,         440,      -8.506392354,      -8.928404103,       -9.05938914,      -7.944358476,             0.448,    0.006668856538,      0.3260083032,                 0,                 0,                 0,     0.04309764307,    0.001736699947,      0.3260718806,                 0,       48.88518764
          0,           0,         441,      -8.542442348,      -8.949802911,      -9.092005473,      -7.979793921,             0.448,    0.006668861271,       0.326008353,                 0,                 0,                 0,     0.04309762698,    0.001736703926,      0.3260719304,                 0,       48.88516041
          0,           0,         442,      -8.579931592,      -8.971396032,      -9.125874704,      -8.016703794,             0.448,    0.006668865782,      0.3260083894,                 0,                 0,                 0,     0.04309760958,    0.001736707885,      0.3260719669,                 0,       48.88513281
          0,           0,         443,       -8.61870135,      -8.993255397,      -9.160857928,      -8.054937211,             0.448,    0.006668869909,      0.3260084141,                 0,                 0,                 0,     0.04309759151,     0.00173671164,      0.3260719916,                 0,       48.88510625
          0,           0,         444,      -8.658569333,      -9.015467179,       -9.19674676,      -8.094322329,             0.448,     0.00666887351,      0.3260084284,                 0,                 0,                 0,     0.04309757328,    0.001736715024,      0.3260720059,                 0,         48.885082
          0,           0,         445,      -8.699329504,      -9.038133322,       -9.23326793,      -8.134666946,             0.448,    0.006668876464,      0.3260084337,                 0,                 0,                 0,     0.04309755529,    0.001736717897,      0.3260720113,                 0,       48.88506115
          0,           0,         446,       -8.74075567,      -9.061368734,      -9.270112789,      -8.175762131,             0.448,    0.006668878678,      0.3260084314,                 0,                 0,                 0,     0.04309753786,    0.001736720145,      0.3260720091,                 0,       48.88504457
          0,           0,         447,      -8.782608029,      -9.085292106,      -9.306975849,       -8.21738811,             0.448,    0.006668880089,      0.3260084226,                 0,                 0,                 0,     0.04309752121,    0.001736721689,      0.3260720003,                 0,       48.88503291
          0,           0,         448,      -8.824641227,      -9.110017637,      -9.343585055,      -8.259321259,             0.448,     0.00666888067,      0.3260084084,                 0,                 0,                 0,     0.04309750549,    0.001736722485,      0.3260719861,                 0,       48.88502652
          0,           0,         449,      -8.866612352,      -9.135650872,      -9.379718726,      -8.301340686,             0.448,    0.006668880426,      0.3260083898,                 0,                 0,                 0,      0.0430974908,    0.001736722522,      0.3260719675,                 0,       48.88502552
          0,           0,         450,      -8.908287068,      -9.162283903,      -9.415211688,      -8.343232256,             0.448,    0.006668879396,      0.3260083677,                 0,                 0,                 0,     0.04309747714,    0.001736721828,      0.3260719454,                 0,       48.88502975
          0,           0,         451,      -8.949442233,      -9.189985416,      -9.449951883,      -8.384788021,             0.448,    0.006668639599,      0.3260083476,                 0,                 0,                 0,      0.0430974645,    0.001736720464,      0.3260719204,                 0,        48.8867846
          0,           0,         452,      -7.190441526,      -7.161451451,       -6.99262919,      -6.583750256,             0.448,    0.006668637151,      0.3260083076,                 0,                 0,                 0,     0.04309744978,    0.001736718622,      0.3260718803,                 0,       48.88679654
          0,           0,         453,      -7.487545373,      -7.426213631,       -7.26981369,      -6.877031693,             0.448,    0.006668630208,      0.3260079709,                 0,                 0,                 0,     0.04309736149,    0.001736716773,      0.3260715436,                 0,       48.88679695
          0,           0,         454,      -7.730166215,      -7.596233519,      -7.694309703,      -7.136591505,             0.448,    0.006668603147,      0.3260067256,                 0,                 0,                 0,     0.04309703329,    0.001736708552,       0.326070298,                 0,       48.88680859
          0,           0,         455,      -7.929328143,       -7.73620899,      -7.929789244,      -7.318785289,             0.448,    0.006668560531,      0.3260048656,                 0,                 0,                 0,     0.04309658555,    0.001736694074,      0.3260684376,                 0,       48.88684208
          0,           0,         456,      -8.092533255,      -7.934757405,      -7.996262857,      -7.493473592,             0.448,    0.006668528952,      0.3260031892,                 0,                 0,                 0,      0.0430962702,    0.001736687855,      0.3260667609,                 0,       48.88682221
          0,           0,         457,      -8.188211463,      -8.040212861,      -8.121430766,      -7.590312034,             0.448,    0.006668503807,      0.3260022035,                 0,                 0,                 0,      0.0430961902,    0.001736677624,      0.3260657749,                 0,       48.88685871
          0,           0,         458,      -8.322659752,      -8.132407071,      -8.253798034,      -7.721751054,             0.448,    0.006668486581,      0.3260019121,                 0,                 0,                 0,     0.04309629881,    0.001736664807,      0.3260654833,                 0,       48.88694131
          0,           0,         459,      -8.351933813,      -8.163982293,        -8.3187078,      -7.749617468,             0.448,    0.006668472661,      0.3260018353,                 0,                 0,                 0,      0.0430964336,     0.00173665205,      0.3260654063,                 0,       48.88703184
          0,           0,         460,      -8.402449675,      -8.227581469,       -8.36131243,      -7.799079932,             0.448,    0.006668450484,      0.3260015618,                 0,                 0,                 0,     0.04309649167,    0.001736634012,      0.3260651325,                 0,       48.88715341
          0,           0,         461,      -8.512994504,      -8.355542635,      -8.450149639,      -7.917042777,             0.448,    0.006668428342,      0.3260011402,                 0,                 0,                 0,     0.04309650097,     0.00173661825,      0.3260647106,                 0,       48.88725251
          0,           0,         462,      -8.578045897,      -8.444062841,      -8.566562322,      -7.992847031,             0.448,    0.006668410016,      0.3260007314,                 0,                 0,                 0,     0.04309650445,    0.001736606109,      0.3260643016,                 0,       48.88732556
          0,           0,         463,      -8.590757529,      -8.482617575,      -8.629889003,      -8.006682994,             0.448,    0.006668392762,      0.3260003759,                 0,                 0,                 0,      0.0430965072,    0.001736594235,      0.3260639459,                 0,       48.88739874
          0,           0,         464,      -8.623452136,      -8.551538102,      -8.663865743,      -8.043526071,             0.448,    0.006668376114,      0.3260000571,                 0,                 0,                 0,     0.04309650528,    0.001736582411,      0.3260636269,                 0,       48.88747298
          0,           0,         465,      -8.657984561,      -8.641652114,      -8.744835289,      -8.088170806,             0.448,    0.006668361492,      0.3259997725,                 0,                 0,                 0,     0.04309650095,    0.001736572095,      0.3260633421,                 0,        48.8875375
          0,           0,         466,      -8.663096229,      -8.714590838,      -8.863240297,      -8.100511351,             0.448,    0.006668349481,      0.3259995258,                 0,                 0,                 0,     0.04309649539,    0.001736563818,      0.3260630952,                 0,       48.88758855
          0,           0,         467,      -8.654833145,      -8.769260064,      -8.932852746,      -8.095218797,             0.448,    0.006668339398,      0.3259993045,                 0,                 0,                 0,     0.04309648458,    0.001736557082,      0.3260628738,                 0,        48.8876293
          0,           0,         468,      -8.645014569,       -8.81494814,       -8.94785118,      -8.087431085,             0.448,    0.006668330489,      0.3259990902,                 0,                 0,                 0,     0.04309646493,    0.001736551416,      0.3260626594,                 0,       48.88766248
          0,           0,         469,      -8.634378613,      -8.856786459,      -8.970813804,      -8.078675886,             0.448,    0.006668322909,      0.3259988799,                 0,                 0,                 0,     0.04309643837,    0.001736547019,      0.3260624489,                 0,        48.8876865
          0,           0,         470,      -8.624148758,      -8.898566301,      -9.010640315,      -8.070031848,             0.448,    0.006668316997,      0.3259986812,                 0,                 0,                 0,     0.04309640909,    0.001736544113,      0.3260622502,                 0,       48.88770005
          0,           0,         471,      -8.615509524,      -8.939958412,      -9.049529032,      -8.062569202,             0.448,    0.006668312668,      0.3259984969,                 0,                 0,                 0,     0.04309637898,    0.001736542572,      0.3260620659,                 0,       48.88770415
          0,           0,         472,      -8.608619229,      -8.976537638,      -9.078080014,      -8.056333396,             0.448,    0.006668309671,       0.325998323,                 0,                 0,                 0,     0.04309634779,    0.001736542206,      0.3260618919,                 0,       48.88770004
          0,           0,         473,      -8.603599075,      -9.005745665,      -9.099660121,      -8.051462773,             0.448,    0.006668307816,      0.3259981564,                 0,                 0,                 0,     0.04309631558,    0.001736542871,      0.3260617253,                 0,       48.88768866
          0,           0,         474,      -8.600866562,      -9.029315206,      -9.117890889,      -8.048578134,             0.448,    0.006668306883,      0.3259979983,                 0,                 0,                 0,     0.04309628342,    0.001736544329,      0.3260615672,                 0,       48.88767179
          0,           0,         475,      -8.600789727,      -9.049450462,      -9.133365062,      -8.048221073,             0.448,    0.006668306573,      0.3259978504,                 0,                 0,                 0,     0.04309625246,    0.001736546256,      0.3260614194,                 0,       48.88765189
          0,           0,         476,      -8.603495366,      -9.066809146,      -9.146497372,      -8.050554246,             0.448,    0.006668306613,      0.3259977121,                 0,                 0,                 0,     0.04309622322,    0.001736548388,      0.3260612811,                 0,       48.88763086
          0,           0,         477,      -8.608947282,      -9.081732864,       -9.15839032,      -8.055528447,             0.448,    0.006668306832,      0.3259975817,                 0,                 0,                 0,     0.04309619588,    0.001736550579,      0.3260611507,                 0,        48.8876097
          0,           0,         478,      -8.617064577,      -9.095203515,      -9.170597574,      -8.063074836,             0.448,    0.006668307131,      0.3259974586,                 0,                 0,                 0,     0.04309617073,     0.00173655274,      0.3260610276,                 0,       48.88758904
          0,           0,         479,      -8.627782395,       -9.10861491,      -9.184505082,       -8.07316274,             0.448,    0.006668307421,      0.3259973435,                 0,                 0,                 0,     0.04309614828,    0.001736554772,      0.3260609125,                 0,       48.88756965
          0,           0,         480,      -8.641055405,       -9.12316923,      -9.200660112,      -8.085780112,             0.448,    0.006668307602,      0.3259972371,                 0,                 0,                 0,     0.04309612892,    0.001736556562,      0.3260608061,                 0,       48.88755236
          0,           0,         481,      -8.656829244,      -9.139404603,      -9.218899765,       -8.10089096,             0.448,    0.006668307592,      0.3259971396,                 0,                 0,                 0,     0.04309611285,    0.001736558026,      0.3260607087,                 0,       48.88753782
          0,           0,         482,      -8.675026167,      -9.157166851,      -9.238918392,      -8.118420376,             0.448,    0.006668307335,      0.3259970509,                 0,                 0,                 0,     0.04309610003,    0.001736559111,        0.32606062,                 0,       48.88752641
          0,           0,         483,       -8.69555882,       -9.17598504,      -9.260526638,       -8.13827751,             0.448,    0.006668306797,      0.3259969706,                 0,                 0,                 0,     0.04309609034,    0.001736559787,      0.3260605397,                 0,       48.88751831
          0,           0,         484,      -8.718345177,      -9.195452855,      -9.283604834,      -8.160378786,             0.448,    0.006668305965,      0.3259968985,                 0,                 0,                 0,     0.04309608363,    0.001736560047,      0.3260604675,                 0,       48.88751359
          0,           0,         485,      -8.743307489,      -9.215367293,      -9.308054332,      -8.184648667,             0.448,    0.006668304848,      0.3259968345,                 0,                 0,                 0,     0.04309607972,    0.001736559898,      0.3260604035,                 0,       48.88751219
          0,           0,         486,      -8.770364348,      -9.235668796,      -9.333824852,      -8.211010314,             0.448,    0.006668303468,      0.3259967786,                 0,                 0,                 0,     0.04309607839,    0.001736559364,      0.3260603476,                 0,       48.88751392
          0,           0,         487,      -8.799427275,      -9.256322975,      -9.360932679,      -8.239381078,             0.448,    0.006668301865,      0.3259967307,                 0,                 0,                 0,     0.04309607936,    0.001736558485,      0.3260602998,                 0,       48.88751849
          0,           0,         488,      -8.830401475,       -9.27725652,      -9.389423069,      -8.269672698,             0.448,    0.006668300087,      0.3259966906,                 0,                 0,                 0,      0.0430960823,    0.001736557314,      0.3260602596,                 0,       48.88752551
          0,           0,         489,      -8.863185719,      -9.298379264,      -9.419319635,      -8.301790626,             0.448,    0.006668298192,      0.3259966576,                 0,                 0,                 0,     0.04309608681,    0.001736555918,      0.3260602266,                 0,       48.88753446
          0,           0,         490,      -8.897669922,      -9.319638028,      -9.450606202,      -8.335631168,             0.448,    0.006668296247,      0.3259966314,                 0,                 0,                 0,     0.04309609251,    0.001736554371,      0.3260602003,                 0,       48.88754478
          0,           0,         491,      -8.933731743,       -9.34103925,      -9.483232103,      -8.371078103,             0.448,    0.006668294323,      0.3259966112,                 0,                 0,                 0,     0.04309609905,    0.001736552752,      0.3260601801,                 0,       48.88755585
          0,           0,         492,      -8.971232735,      -9.362633272,      -9.517111034,      -8.407999442,             0.448,    0.006668292489,      0.3259965964,                 0,                 0,                 0,     0.04309610613,    0.001736551142,      0.3260601653,                 0,       48.88756708
          0,           0,         493,      -9.010014112,      -9.384492234,      -9.552103951,       -8.44624426,             0.448,    0.006668290811,      0.3259965864,                 0,                 0,                 0,     0.04309611348,    0.001736549615,      0.3260601552,                 0,       48.88757789
          0,           0,         494,      -9.049893484,      -9.406702487,      -9.588002231,      -8.485640617,             0.448,    0.006668289346,      0.3259965806,                 0,                 0,                 0,     0.04309612089,    0.001736548239,      0.3260601494,                 0,       48.88758775
          0,           0,         495,      -9.090664653,      -9.429366156,      -9.624532254,      -8.525996159,             0.448,    0.006668288145,      0.3259965784,                 0,                 0,                 0,      0.0430961282,     0.00173654707,      0.3260601472,                 0,       48.88759624
          0,           0,         496,      -9.132101209,      -9.452598296,       -9.66138497,      -8.567101753,             0.448,    0.006668287245,      0.3259965794,                 0,                 0,                 0,     0.04309613529,    0.001736546155,      0.3260601482,                 0,       48.88760298
          0,           0,         497,        -9.1739631,      -9.476517841,       -9.69825451,      -8.608737387,             0.448,     0.00666828667,       0.325996583,                 0,                 0,                 0,     0.04309614206,    0.001736545527,      0.3260601518,                 0,       48.88760773
          0,           0,         498,      -9.216004702,      -9.501239168,      -9.734868601,      -8.650679192,             0.448,    0.006668286433,      0.3259965887,                 0,                 0,                 0,     0.04309614845,    0.001736545203,      0.3260601575,                 0,       48.88761033
          0,           0,         499,       -9.25798285,      -9.526868074,      -9.771005515,      -8.692706039,             0.448,    0.006668286532,      0.3259965963,                 0,                 0,                 0,     0.04309615442,    0.001736545187,      0.3260601651,                 0,       48.88761074
          0,           0,         500,      -9.299663002,      -9.553496901,      -9.806500287,      -8.734603611,             0.448,    0.006668286951,      0.3259966053,                 0,                 0,                 0,     0.04309615997,    0.001736545469,      0.3260601741,                 0,       48.88760903
          0,           0,         501,       -9.34082187,      -9.581194536,      -9.841241205,      -8.776163827,             0.448,    0.006668384231,      0.3259966135,                 0,                 0,                 0,     0.04309616511,    0.001736546023,      0.3260601843,                 0,       48.88689706
          0,           0,         502,      -7.582248853,       -7.55325884,      -7.384436622,      -6.975557608,             0.448,    0.006668385226,      0.3259966298,                 0,                 0,                 0,     0.04309617109,    0.001736546771,      0.3260602006,                 0,       48.88689221
          0,           0,         503,      -7.879352464,      -7.818020882,      -7.661620981,      -7.268838838,             0.448,    0.006668388045,      0.3259967664,                 0,                 0,                 0,     0.04309620691,    0.001736547524,      0.3260603372,                 0,       48.88689203
          0,           0,         504,      -8.121972181,      -7.988040333,      -8.086116954,      -7.528397537,             0.448,    0.006668399026,      0.3259972716,                 0,                 0,                 0,     0.04309634006,    0.001736550861,      0.3260608425,                 0,       48.88688729
          0,           0,         505,      -8.321134179,      -8.128016366,      -8.321596688,      -7.710591661,             0.448,    0.006668416318,      0.3259980262,                 0,                 0,                 0,     0.04309652171,    0.001736556736,      0.3260615973,                 0,       48.88687369
          0,           0,         506,      -8.484338327,      -8.326564822,       -8.38807043,      -7.885279196,             0.448,    0.006668429132,      0.3259987063,                 0,                 0,                 0,     0.04309664965,    0.001736559262,      0.3260622775,                 0,       48.88688173
          0,           0,         507,      -8.580014509,      -8.432018976,      -8.513238219,      -7.982115861,             0.448,    0.006668439335,      0.3259991062,                 0,                 0,                 0,     0.04309668211,    0.001736563414,      0.3260626776,                 0,       48.88686691
          0,           0,         508,         -8.714459,      -8.524211542,      -8.645605056,      -8.113551684,             0.448,    0.006668446326,      0.3259992245,                 0,                 0,                 0,     0.04309663805,    0.001736568616,      0.3260627959,                 0,       48.88683338
          0,           0,         509,      -8.743732447,      -8.555786387,      -8.710514123,      -8.141417616,             0.448,    0.006668451975,      0.3259992556,                 0,                 0,                 0,     0.04309658337,    0.001736573793,      0.3260628271,                 0,       48.88679664
          0,           0,         510,      -8.794246465,      -8.619385296,      -8.753118254,      -8.190878539,             0.448,    0.006668460974,      0.3259993666,                 0,                 0,                 0,     0.04309655981,    0.001736581113,      0.3260629382,                 0,       48.88674731
          0,           0,         511,      -8.904785059,      -8.747345068,      -8.841954393,      -8.308835659,             0.448,    0.006668469959,      0.3259995377,                 0,                 0,                 0,     0.04309655605,    0.001736587509,      0.3260631094,                 0,        48.8867071
          0,           0,         512,      -8.969832095,      -8.835864184,       -8.95836457,      -8.384635247,             0.448,    0.006668477395,      0.3259997035,                 0,                 0,                 0,     0.04309655463,    0.001736592435,      0.3260632753,                 0,       48.88667745
          0,           0,         513,      -8.982544235,      -8.874419262,      -9.021689995,      -8.398471646,             0.448,    0.006668484396,      0.3259998478,                 0,                 0,                 0,     0.04309655352,    0.001736597253,      0.3260634197,                 0,       48.88664776
          0,           0,         514,      -9.015237341,      -8.943339366,      -9.055667232,      -8.435313036,             0.448,     0.00666849115,      0.3259999771,                 0,                 0,                 0,      0.0430965543,    0.001736602051,      0.3260635491,                 0,       48.88661764
          0,           0,         515,      -9.049766499,      -9.033450331,      -9.136635126,      -8.479953469,             0.448,    0.006668497083,      0.3260000926,                 0,                 0,                 0,     0.04309655606,    0.001736606236,      0.3260636647,                 0,       48.88659147
          0,           0,         516,      -9.054876964,      -9.106383804,      -9.255033283,      -8.492291766,             0.448,    0.006668501955,      0.3260001927,                 0,                 0,                 0,     0.04309655832,    0.001736609594,      0.3260637648,                 0,       48.88657076
          0,           0,         517,      -9.046613714,      -9.161047337,      -9.324638086,       -8.48699864,             0.448,    0.006668506046,      0.3260002825,                 0,                 0,                 0,     0.04309656271,    0.001736612326,      0.3260638547,                 0,       48.88655423
          0,           0,         518,      -9.036794699,      -9.206730411,      -9.339634024,      -8.479210302,             0.448,     0.00666850966,      0.3260003694,                 0,                 0,                 0,     0.04309657068,    0.001736614624,      0.3260639417,                 0,       48.88654078
          0,           0,         519,      -9.026158019,      -9.248564819,       -9.36259325,      -8.470454219,             0.448,    0.006668512735,      0.3260004548,                 0,                 0,                 0,     0.04309658145,    0.001736616408,       0.326064027,                 0,       48.88653103
          0,           0,         520,      -9.015926989,      -9.290341103,      -9.402413147,      -8.461808929,             0.448,    0.006668515133,      0.3260005354,                 0,                 0,                 0,     0.04309659333,    0.001736617586,      0.3260641077,                 0,       48.88652554
          0,           0,         521,       -9.00728598,      -9.331729033,      -9.441294546,      -8.454344529,             0.448,    0.006668516888,      0.3260006101,                 0,                 0,                 0,     0.04309660555,    0.001736618211,      0.3260641825,                 0,       48.88652388
          0,           0,         522,      -9.000393419,      -9.368303429,      -9.469840303,      -8.448106535,             0.448,    0.006668518104,      0.3260006807,                 0,                 0,                 0,      0.0430966182,    0.001736618358,       0.326064253,                 0,       48.88652556
          0,           0,         523,      -8.995370697,        -9.3975066,       -9.49141717,      -8.443233453,             0.448,    0.006668518856,      0.3260007483,                 0,                 0,                 0,     0.04309663126,    0.001736618088,      0.3260643206,                 0,       48.88653018
          0,           0,         524,      -8.992635443,       -9.42107147,      -9.509645662,      -8.440346192,             0.448,    0.006668519234,      0.3260008124,                 0,                 0,                 0,     0.04309664431,    0.001736617496,      0.3260643847,                 0,       48.88653702
          0,           0,         525,      -8.992555782,       -9.44120232,      -9.525118302,      -8.439986421,             0.448,    0.006668519359,      0.3260008724,                 0,                 0,                 0,     0.04309665686,    0.001736616714,      0.3260644447,                 0,        48.8865451
          0,           0,         526,      -8.995258593,      -9.458557199,      -9.538249967,      -8.442316882,             0.448,    0.006668519343,      0.3260009285,                 0,                 0,                 0,     0.04309666872,    0.001736615849,      0.3260645008,                 0,       48.88655363
          0,           0,         527,      -9.000707763,      -9.473477871,      -9.550143235,      -8.447288458,             0.448,    0.006668519254,      0.3260009814,                 0,                 0,                 0,     0.04309667981,     0.00173661496,      0.3260645537,                 0,       48.88656222
          0,           0,         528,      -9.008822467,      -9.486946077,      -9.562351494,      -8.454832382,             0.448,    0.006668519132,      0.3260010313,                 0,                 0,                 0,     0.04309669001,    0.001736614083,      0.3260646036,                 0,        48.8865706
          0,           0,         529,      -9.019537918,      -9.500355196,      -9.576260242,      -8.464918038,             0.448,    0.006668519014,       0.326001078,                 0,                 0,                 0,     0.04309669911,    0.001736613259,      0.3260646504,                 0,       48.88657847
          0,           0,         530,      -9.032808841,      -9.514907178,      -9.592416458,      -8.477533428,             0.448,    0.006668518941,      0.3260011212,                 0,                 0,                 0,     0.04309670696,    0.001736612532,      0.3260646935,                 0,       48.88658548
          0,           0,         531,      -9.048580925,      -9.531140095,      -9.610657125,      -8.492642608,             0.448,    0.006668518944,      0.3260011607,                 0,                 0,                 0,     0.04309671348,    0.001736611938,       0.326064733,                 0,       48.88659138
          0,           0,         532,      -9.066776491,      -9.548899938,      -9.630676615,      -8.510170738,             0.448,    0.006668519049,      0.3260011967,                 0,                 0,                 0,     0.04309671867,    0.001736611498,       0.326064769,                 0,       48.88659601
          0,           0,         533,      -9.087308241,       -9.56771597,      -9.652285586,      -8.530027027,             0.448,    0.006668519267,      0.3260012293,                 0,                 0,                 0,      0.0430967226,    0.001736611224,      0.3260648016,                 0,       48.88659929
          0,           0,         534,      -9.110094197,      -9.587182117,      -9.675364436,      -8.552127954,             0.448,    0.006668519604,      0.3260012585,                 0,                 0,                 0,     0.04309672532,    0.001736611119,      0.3260648308,                 0,       48.88660121
          0,           0,         535,      -9.135056655,      -9.607095479,      -9.699814554,      -8.576398021,             0.448,    0.006668520057,      0.3260012845,                 0,                 0,                 0,      0.0430967269,    0.001736611179,      0.3260648568,                 0,       48.88660177
          0,           0,         536,      -9.162114244,      -9.627396629,      -9.725585727,      -8.602760431,             0.448,    0.006668520616,      0.3260013071,                 0,                 0,                 0,     0.04309672743,    0.001736611396,      0.3260648794,                 0,       48.88660107
          0,           0,         537,      -9.191178516,      -9.648051228,      -9.752694259,      -8.631132564,             0.448,    0.006668521267,      0.3260013265,                 0,                 0,                 0,     0.04309672703,    0.001736611752,      0.3260648988,                 0,       48.88659922
          0,           0,         538,      -9.222154698,      -9.668985975,      -9.781185478,      -8.661426177,             0.448,    0.006668521988,      0.3260013428,                 0,                 0,                 0,     0.04309672584,    0.001736612227,      0.3260649151,                 0,       48.88659637
          0,           0,         539,       -9.25494157,      -9.690110752,      -9.811083026,      -8.693546729,             0.448,    0.006668522756,      0.3260013562,                 0,                 0,                 0,     0.04309672401,    0.001736612793,      0.3260649285,                 0,       48.88659274
          0,           0,         540,      -9.289429053,      -9.711372235,      -9.842370742,      -8.727390526,             0.448,    0.006668523545,      0.3260013668,                 0,                 0,                 0,     0.04309672169,    0.001736613421,      0.3260649391,                 0,       48.88658856
          0,           0,         541,      -9.325494785,      -9.732776847,      -9.874997961,       -8.76284133,             0.448,    0.006668524325,       0.326001375,                 0,                 0,                 0,     0.04309671903,    0.001736614077,      0.3260649473,                 0,       48.88658407
          0,           0,         542,      -9.363000296,      -9.754374809,      -9.908878401,      -8.799767125,             0.448,    0.006668525068,       0.326001381,                 0,                 0,                 0,     0.04309671616,     0.00173661473,      0.3260649533,                 0,       48.88657951
          0,           0,         543,      -9.401786762,      -9.776238121,      -9.943873014,       -8.83801695,             0.448,    0.006668525749,       0.326001385,                 0,                 0,                 0,     0.04309671318,    0.001736615349,      0.3260649574,                 0,       48.88657513
          0,           0,         544,      -9.441671743,      -9.798453035,      -9.979773171,      -8.877418826,             0.448,    0.006668526342,      0.3260013874,                 0,                 0,                 0,     0.04309671017,    0.001736615907,      0.3260649597,                 0,       48.88657113
          0,           0,         545,      -9.482448976,      -9.821121611,      -10.01630519,      -8.917780343,             0.448,    0.006668526829,      0.3260013882,                 0,                 0,                 0,      0.0430967072,    0.001736616381,      0.3260649606,                 0,       48.88656769
          0,           0,         546,      -9.523891969,      -9.844358851,      -10.05316002,      -8.958892301,             0.448,    0.006668527194,      0.3260013878,                 0,                 0,                 0,     0.04309670432,    0.001736616752,      0.3260649602,                 0,       48.88656496
          0,           0,         547,      -9.565760571,      -9.868283507,      -10.09003171,      -9.000534615,             0.448,    0.006668527427,      0.3260013864,                 0,                 0,                 0,     0.04309670157,    0.001736617006,      0.3260649588,                 0,       48.88656303
          0,           0,         548,      -9.607809039,       -9.89300999,      -10.12664784,      -9.042483311,             0.448,    0.006668527522,       0.326001384,                 0,                 0,                 0,     0.04309669898,    0.001736617137,      0.3260649564,                 0,       48.88656198
          0,           0,         549,      -9.649794072,      -9.918643998,      -10.16278654,       -9.08451716,             0.448,    0.006668527482,      0.3260013809,                 0,                 0,                 0,     0.04309669656,    0.001736617143,      0.3260649533,                 0,       48.88656181
          0,           0,         550,      -9.691480969,      -9.945277779,      -10.19828265,      -9.126421693,             0.448,    0.006668527312,      0.3260013773,                 0,                 0,                 0,      0.0430966943,    0.001736617029,      0.3260649497,                 0,       48.88656251
          0,           0,         551,      -9.732646235,      -9.972980141,      -10.23302436,      -9.167988662,             0.448,    0.006668487842,       0.326001374,                 0,                 0,                 0,     0.04309669222,    0.001736616804,      0.3260649455,                 0,       48.88685136
          0,           0,         552,      -7.974026305,      -7.945036164,      -7.776214032,      -7.367335038,             0.448,    0.006668487438,      0.3260013673,                 0,                 0,                 0,     0.04309668979,      0.0017366165,      0.3260649389,                 0,       48.88685333
          0,           0,         553,      -8.271129817,      -8.209798446,      -8.053398377,       -7.66061623,             0.448,    0.006668486294,      0.3260013119,                 0,                 0,                 0,     0.04309667526,    0.001736616195,      0.3260648835,                 0,       48.88685341
          0,           0,         554,      -8.513749674,      -8.379817809,      -8.477894259,      -7.920175071,             0.448,    0.006668481839,      0.3260011069,                 0,                 0,                 0,     0.04309662123,     0.00173661484,      0.3260646785,                 0,       48.88685533
          0,           0,         555,      -8.712911595,      -8.519793721,      -8.713374202,      -8.102369075,             0.448,    0.006668474823,      0.3260008008,                 0,                 0,                 0,     0.04309654753,    0.001736612456,      0.3260643722,                 0,       48.88686085
          0,           0,         556,      -8.876115843,      -8.718342146,      -8.779848088,      -8.277056673,             0.448,    0.006668469624,      0.3260005248,                 0,                 0,                 0,     0.04309649563,    0.001736611432,      0.3260640962,                 0,       48.88685759
          0,           0,         557,      -8.971791933,       -8.82379657,      -8.905015748,      -8.373893337,             0.448,    0.006668465484,      0.3260003626,                 0,                 0,                 0,     0.04309648246,    0.001736609747,      0.3260639339,                 0,        48.8868636
          0,           0,         558,      -9.106235319,      -8.915989246,      -9.037382202,      -8.505328382,             0.448,    0.006668462648,      0.3260003146,                 0,                 0,                 0,     0.04309650033,    0.001736607636,      0.3260638859,                 0,        48.8868772
          0,           0,         559,      -9.135506997,      -8.947564018,      -9.102290765,      -8.533192908,             0.448,    0.006668460356,      0.3260003019,                 0,                 0,                 0,     0.04309652252,    0.001736605536,      0.3260638732,                 0,       48.88689211
          0,           0,         560,      -9.186018217,      -9.011162856,      -9.144894699,      -8.582651602,             0.448,    0.006668456705,      0.3260002569,                 0,                 0,                 0,     0.04309653207,    0.001736602566,      0.3260638282,                 0,       48.88691212
          0,           0,         561,      -9.296549677,      -9.139122508,      -9.233730623,      -8.700602764,             0.448,    0.006668453059,      0.3260001875,                 0,                 0,                 0,      0.0430965336,    0.001736599971,      0.3260637587,                 0,       48.88692844
          0,           0,         562,      -9.361587884,      -9.227641621,      -9.350139971,      -8.776394353,             0.448,    0.006668450042,      0.3260001202,                 0,                 0,                 0,     0.04309653417,    0.001736597972,      0.3260636914,                 0,       48.88694047
          0,           0,         563,       -9.37429451,      -9.266197025,      -9.413464731,      -8.790226031,             0.448,    0.006668447202,      0.3260000617,                 0,                 0,                 0,     0.04309653462,    0.001736596018,      0.3260636328,                 0,       48.88695251
          0,           0,         564,      -9.406978673,      -9.335117095,      -9.447441744,      -8.827059223,             0.448,    0.006668444461,      0.3260000092,                 0,                 0,                 0,      0.0430965343,    0.001736594071,      0.3260635803,                 0,       48.88696473
          0,           0,         565,      -9.441496194,      -9.425226556,      -9.528408422,      -8.871687413,             0.448,    0.006668442054,      0.3259999624,                 0,                 0,                 0,     0.04309653359,    0.001736592373,      0.3260635334,                 0,       48.88697535
          0,           0,         566,      -9.446600578,      -9.498157358,      -9.646803046,      -8.884018306,             0.448,    0.006668440077,      0.3259999217,                 0,                 0,                 0,     0.04309653267,    0.001736591011,      0.3260634928,                 0,       48.88698376
          0,           0,         567,      -9.438335609,      -9.552818578,      -9.716404076,      -8.878722754,             0.448,    0.006668438418,      0.3259998853,                 0,                 0,                 0,     0.04309653089,    0.001736589902,      0.3260634563,                 0,       48.88699046
          0,           0,         568,      -9.428516431,      -9.598499929,      -9.731398944,      -8.870933776,             0.448,    0.006668436951,        0.32599985,                 0,                 0,                 0,     0.04309652766,     0.00173658897,       0.326063421,                 0,       48.88699592
          0,           0,         569,      -9.417880898,      -9.640332714,      -9.754357166,      -8.862178375,             0.448,    0.006668435704,      0.3259998154,                 0,                 0,                 0,     0.04309652328,    0.001736588246,      0.3260633864,                 0,       48.88699987
          0,           0,         570,       -9.40765189,      -9.682106798,      -9.794175263,      -8.853534665,             0.448,    0.006668434731,      0.3259997827,                 0,                 0,                 0,     0.04309651847,    0.001736587768,      0.3260633537,                 0,        48.8870021
          0,           0,         571,      -9.399013328,      -9.723491803,      -9.833054794,      -8.846072342,             0.448,    0.006668434019,      0.3259997524,                 0,                 0,                 0,     0.04309651351,    0.001736587515,      0.3260633233,                 0,       48.88700277
          0,           0,         572,      -9.392123497,       -9.76006292,      -9.861599292,      -8.839836824,             0.448,    0.006668433525,      0.3259997237,                 0,                 0,                 0,     0.04309650838,    0.001736587455,      0.3260632947,                 0,        48.8870021
          0,           0,         573,      -9.387103685,      -9.789263127,      -9.883175375,      -8.834966513,             0.448,     0.00666843322,      0.3259996963,                 0,                 0,                 0,     0.04309650308,    0.001736587564,      0.3260632673,                 0,       48.88700022
          0,           0,         574,      -9.384371371,      -9.812825853,      -9.901403282,       -8.83208212,             0.448,    0.006668433067,      0.3259996703,                 0,                 0,                 0,     0.04309649778,    0.001736587804,      0.3260632412,                 0,       48.88699744
          0,           0,         575,      -9.384294561,      -9.832955539,      -9.916875506,      -8.831725154,             0.448,    0.006668433016,      0.3259996459,                 0,                 0,                 0,     0.04309649269,    0.001736588122,      0.3260632169,                 0,       48.88699417
          0,           0,         576,      -9.387000072,      -9.850309961,      -9.930007005,      -8.834058279,             0.448,    0.006668433022,      0.3259996232,                 0,                 0,                 0,     0.04309648788,    0.001736588473,      0.3260631941,                 0,       48.88699071
          0,           0,         577,      -9.392451769,      -9.865230927,      -9.941900278,      -8.839032358,             0.448,    0.006668433058,      0.3259996017,                 0,                 0,                 0,     0.04309648338,    0.001736588833,      0.3260631727,                 0,       48.88698722
          0,           0,         578,      -9.400568821,      -9.878699724,      -9.954108603,      -8.846578613,             0.448,    0.006668433108,      0.3259995815,                 0,                 0,                 0,     0.04309647924,    0.001736589189,      0.3260631524,                 0,       48.88698382
          0,           0,         579,      -9.411286431,      -9.892109663,      -9.968017407,      -8.856666413,             0.448,    0.006668433156,      0.3259995625,                 0,                 0,                 0,     0.04309647555,    0.001736589523,      0.3260631335,                 0,       48.88698063
          0,           0,         580,      -9.424559317,       -9.90666255,      -9.984173634,      -8.869283746,             0.448,    0.006668433185,       0.325999545,                 0,                 0,                 0,     0.04309647236,    0.001736589818,       0.326063116,                 0,       48.88697779
          0,           0,         581,      -9.440333173,       -9.92289631,      -10.00241428,      -8.884394679,             0.448,    0.006668433184,       0.325999529,                 0,                 0,                 0,     0.04309646972,    0.001736590059,      0.3260630999,                 0,       48.88697539
          0,           0,         582,      -9.458530314,      -9.940656935,      -10.02243376,      -8.901924363,             0.448,    0.006668433142,      0.3259995144,                 0,                 0,                 0,     0.04309646761,    0.001736590238,      0.3260630853,                 0,       48.88697351
          0,           0,         583,      -9.479063446,      -9.959473611,      -10.04404279,      -8.921782013,             0.448,    0.006668433053,      0.3259995012,                 0,                 0,                 0,     0.04309646602,    0.001736590349,      0.3260630721,                 0,       48.88697218
          0,           0,         584,      -9.501850603,      -9.978940251,      -10.06712175,      -8.943884121,             0.448,    0.006668432916,      0.3259994893,                 0,                 0,                 0,     0.04309646492,    0.001736590392,      0.3260630603,                 0,        48.8869714
          0,           0,         585,      -9.526814088,      -9.998853984,      -10.09157206,      -8.968155198,             0.448,    0.006668432732,      0.3259994788,                 0,                 0,                 0,     0.04309646427,    0.001736590367,      0.3260630497,                 0,       48.88697117
          0,           0,         586,      -9.553872538,      -10.01915532,       -10.1173435,      -8.994518451,             0.448,    0.006668432506,      0.3259994696,                 0,                 0,                 0,     0.04309646406,    0.001736590279,      0.3260630405,                 0,       48.88697146
          0,           0,         587,      -9.582937514,      -10.03981009,      -10.14445242,      -9.022891276,             0.448,    0.006668432242,      0.3259994617,                 0,                 0,                 0,     0.04309646422,    0.001736590135,      0.3260630327,                 0,       48.88697221
          0,           0,         588,      -9.613914265,      -10.06074488,      -10.17294404,       -9.05318545,             0.448,    0.006668431949,      0.3259994551,                 0,                 0,                 0,      0.0430964647,    0.001736589942,      0.3260630261,                 0,       48.88697337
          0,           0,         589,      -9.646701578,      -10.08186955,        -10.202842,      -9.085306437,             0.448,    0.006668431638,      0.3259994497,                 0,                 0,                 0,     0.04309646545,    0.001736589712,      0.3260630206,                 0,       48.88697484
          0,           0,         590,      -9.681189398,      -10.10313092,      -10.23413014,      -9.119150567,             0.448,    0.006668431318,      0.3259994454,                 0,                 0,                 0,     0.04309646639,    0.001736589458,      0.3260630163,                 0,       48.88697654
          0,           0,         591,      -9.717255386,      -10.12453541,      -10.26675774,      -9.154601624,             0.448,    0.006668431001,       0.325999442,                 0,                 0,                 0,     0.04309646747,    0.001736589192,       0.326063013,                 0,       48.88697836
          0,           0,         592,      -9.754761089,       -10.1461332,      -10.30063848,      -9.191527606,             0.448,      0.0066684307,      0.3259994396,                 0,                 0,                 0,     0.04309646863,    0.001736588927,      0.3260630106,                 0,        48.8869802
          0,           0,         593,      -9.793547721,      -10.16799635,      -10.33563333,      -9.229777596,             0.448,    0.006668430423,       0.325999438,                 0,                 0,                 0,     0.04309646984,    0.001736588676,      0.3260630089,                 0,       48.88698198
          0,           0,         594,      -9.833432848,      -10.19021122,      -10.37153368,      -9.269179614,             0.448,    0.006668430183,       0.325999437,                 0,                 0,                 0,     0.04309647106,    0.001736588449,       0.326063008,                 0,       48.88698361
          0,           0,         595,      -9.874210249,      -10.21287973,      -10.40806578,      -9.309541294,             0.448,    0.006668429985,      0.3259994367,                 0,                 0,                 0,     0.04309647227,    0.001736588257,      0.3260630076,                 0,         48.886985
          0,           0,         596,       -9.91565345,      -10.23611694,      -10.44492064,      -9.350653449,             0.448,    0.006668429837,      0.3259994368,                 0,                 0,                 0,     0.04309647344,    0.001736588106,      0.3260630078,                 0,       48.88698611
          0,           0,         597,      -9.957522318,       -10.2600416,      -10.48179229,      -9.392296019,             0.448,    0.006668429743,      0.3259994374,                 0,                 0,                 0,     0.04309647455,    0.001736588003,      0.3260630084,                 0,       48.88698689
          0,           0,         598,      -9.999571136,      -10.28476814,      -10.51840838,      -9.434245043,             0.448,    0.006668429704,      0.3259994384,                 0,                 0,                 0,      0.0430964756,     0.00173658795,      0.3260630093,                 0,       48.88698732
          0,           0,         599,       -10.0415566,      -10.31040223,      -10.55454708,      -9.476279301,             0.448,     0.00666842972,      0.3259994396,                 0,                 0,                 0,     0.04309647659,    0.001736587947,      0.3260630106,                 0,       48.88698739
          0,           0,         600,      -10.08324402,      -10.33703618,      -10.59004318,      -9.518184342,             0.448,    0.006668429789,      0.3259994411,                 0,                 0,                 0,      0.0430964775,    0.001736587994,       0.326063012,                 0,        48.8869871
          0,           0,         601,       -10.1244099,      -10.36473866,      -10.62478496,      -9.559751886,             0.448,    0.006668445806,      0.3259994425,                 0,                 0,                 0,     0.04309647835,    0.001736588085,      0.3260630137,                 0,       48.88686989
          0,           0,         602,      -8.365720678,      -8.336730512,      -8.167908382,      -7.759029405,             0.448,     0.00666844597,      0.3259994451,                 0,                 0,                 0,     0.04309647933,    0.001736588209,      0.3260630164,                 0,       48.88686909
          0,           0,         603,      -8.662824221,      -8.601492839,      -8.445092725,      -8.052310628,             0.448,    0.006668446434,      0.3259994676,                 0,                 0,                 0,     0.04309648523,    0.001736588333,      0.3260630389,                 0,       48.88686906
          0,           0,         604,      -8.905444202,      -8.771512211,      -8.869588599,      -8.311869591,             0.448,    0.006668448242,      0.3259995508,                 0,                 0,                 0,     0.04309650715,    0.001736588882,      0.3260631221,                 0,       48.88686828
          0,           0,         605,       -9.10460621,      -8.911488089,      -9.105068584,       -8.49406363,             0.448,    0.006668451089,      0.3259996751,                 0,                 0,                 0,     0.04309653706,    0.001736589849,      0.3260632464,                 0,       48.88686604
          0,           0,         606,      -9.267810612,      -9.110036462,       -9.17154249,      -8.668751347,             0.448,    0.006668453198,       0.325999787,                 0,                 0,                 0,     0.04309655812,    0.001736590265,      0.3260633584,                 0,       48.88686736
          0,           0,         607,      -9.363486945,      -9.215491076,      -9.296710128,      -8.765588226,             0.448,    0.006668454878,      0.3259998529,                 0,                 0,                 0,     0.04309656347,    0.001736590949,      0.3260634242,                 0,       48.88686492
          0,           0,         608,      -9.497930757,      -9.307683991,      -9.429076596,      -8.897023628,             0.448,    0.006668456029,      0.3259998723,                 0,                 0,                 0,     0.04309655621,    0.001736591805,      0.3260634437,                 0,        48.8868594
          0,           0,         609,      -9.527202327,      -9.339258817,      -9.493985174,      -8.924888096,             0.448,    0.006668456959,      0.3259998775,                 0,                 0,                 0,     0.04309654721,    0.001736592658,      0.3260634489,                 0,       48.88685335
          0,           0,         610,      -9.577713487,      -9.402857636,       -9.53658917,      -8.974346742,             0.448,    0.006668458441,      0.3259998957,                 0,                 0,                 0,     0.04309654333,    0.001736593863,      0.3260634671,                 0,       48.88684523
          0,           0,         611,      -9.688245199,      -9.530817418,      -9.625425196,      -9.092298182,             0.448,     0.00666845992,      0.3259999239,                 0,                 0,                 0,     0.04309654271,    0.001736594916,      0.3260634953,                 0,       48.88683861
          0,           0,         612,      -9.753283452,      -9.619336712,      -9.741834653,       -9.16808987,             0.448,    0.006668461144,      0.3259999512,                 0,                 0,                 0,     0.04309654248,    0.001736595727,      0.3260635226,                 0,       48.88683373
          0,           0,         613,      -9.765990026,      -9.657892156,      -9.805159404,      -9.181921475,             0.448,    0.006668462297,       0.325999975,                 0,                 0,                 0,      0.0430965423,     0.00173659652,      0.3260635464,                 0,       48.88682884
          0,           0,         614,      -9.798674361,      -9.726812216,      -9.839136356,      -9.218754775,             0.448,    0.006668463409,      0.3259999963,                 0,                 0,                 0,     0.04309654243,     0.00173659731,      0.3260635677,                 0,       48.88682388
          0,           0,         615,      -9.833192394,      -9.816921727,      -9.920103028,      -9.263383447,             0.448,    0.006668464386,      0.3260000153,                 0,                 0,                 0,     0.04309654272,    0.001736597999,      0.3260635867,                 0,       48.88681957
          0,           0,         616,      -9.838297313,      -9.889852572,      -10.03849775,      -9.275714813,             0.448,    0.006668465188,      0.3260000318,                 0,                 0,                 0,     0.04309654309,    0.001736598552,      0.3260636032,                 0,       48.88681617
          0,           0,         617,      -9.830032845,      -9.944513876,      -10.10809884,      -9.270419689,             0.448,    0.006668465862,      0.3260000465,                 0,                 0,                 0,     0.04309654381,    0.001736599001,       0.326063618,                 0,       48.88681344
          0,           0,         618,      -9.820214182,      -9.990195348,      -10.12309365,      -9.262631188,             0.448,    0.006668466457,      0.3260000609,                 0,                 0,                 0,     0.04309654512,     0.00173659938,      0.3260636324,                 0,       48.88681123
          0,           0,         619,      -9.809579046,      -10.03202816,      -10.14605181,      -9.253876156,             0.448,    0.006668466963,      0.3260000749,                 0,                 0,                 0,      0.0430965469,    0.001736599674,      0.3260636464,                 0,       48.88680963
          0,           0,         620,      -9.799350351,      -10.07380235,       -10.1858698,      -9.245232751,             0.448,    0.006668467358,      0.3260000882,                 0,                 0,                 0,     0.04309654885,    0.001736599868,      0.3260636597,                 0,       48.88680872
          0,           0,         621,      -9.790712015,      -10.11518714,      -10.22474936,      -9.237770643,             0.448,    0.006668467647,      0.3260001005,                 0,                 0,                 0,     0.04309655087,     0.00173659997,       0.326063672,                 0,       48.88680845
          0,           0,         622,       -9.78382232,       -10.1517578,      -10.25329391,       -9.23153526,             0.448,    0.006668467847,      0.3260001121,                 0,                 0,                 0,     0.04309655295,    0.001736599995,      0.3260636836,                 0,       48.88680872
          0,           0,         623,      -9.778802554,      -10.18095775,      -10.27486998,      -9.226664999,             0.448,    0.006668467971,      0.3260001232,                 0,                 0,                 0,      0.0430965551,     0.00173659995,      0.3260636948,                 0,       48.88680948
          0,           0,         624,      -9.776070241,      -10.20452022,      -10.29309798,      -9.223780615,             0.448,    0.006668468033,      0.3260001338,                 0,                 0,                 0,     0.04309655725,    0.001736599853,      0.3260637053,                 0,       48.88681061
          0,           0,         625,      -9.775993385,      -10.22464974,      -10.30857046,      -9.223423614,             0.448,    0.006668468054,      0.3260001437,                 0,                 0,                 0,     0.04309655931,    0.001736599724,      0.3260637152,                 0,       48.88681194
          0,           0,         626,      -9.778698825,      -10.24200404,      -10.32170227,      -9.225756691,             0.448,    0.006668468051,      0.3260001529,                 0,                 0,                 0,     0.04309656127,    0.001736599582,      0.3260637244,                 0,       48.88681334
          0,           0,         627,      -9.784150428,      -10.25692478,      -10.33359587,      -9.230730693,             0.448,    0.006668468036,      0.3260001616,                 0,                 0,                 0,     0.04309656309,    0.001736599435,      0.3260637331,                 0,       48.88681476
          0,           0,         628,      -9.792267385,      -10.27039337,      -10.34580457,      -9.238276876,             0.448,    0.006668468016,      0.3260001698,                 0,                 0,                 0,     0.04309656477,    0.001736599291,      0.3260637413,                 0,       48.88681614
          0,           0,         629,      -9.802984884,      -10.28380337,      -10.35971377,      -9.248364588,             0.448,    0.006668467997,      0.3260001775,                 0,                 0,                 0,     0.04309656627,    0.001736599155,       0.326063749,                 0,       48.88681743
          0,           0,         630,      -9.816257684,      -10.29835625,      -10.37587035,       -9.26098186,             0.448,    0.006668467985,      0.3260001846,                 0,                 0,                 0,     0.04309656756,    0.001736599036,      0.3260637561,                 0,       48.88681859
          0,           0,         631,      -9.832031469,         -10.31459,      -10.39411135,      -9.276092741,             0.448,    0.006668467985,      0.3260001911,                 0,                 0,                 0,     0.04309656863,    0.001736598938,      0.3260637626,                 0,       48.88681956
          0,           0,         632,      -9.850228563,      -10.33235072,      -10.41413123,      -9.293622403,             0.448,    0.006668468003,      0.3260001971,                 0,                 0,                 0,     0.04309656949,    0.001736598865,      0.3260637686,                 0,       48.88682032
          0,           0,         633,      -9.870761679,      -10.35116772,      -10.43574058,       -9.31348006,             0.448,    0.006668468039,      0.3260002024,                 0,                 0,                 0,     0.04309657014,     0.00173659882,      0.3260637739,                 0,       48.88682086
          0,           0,         634,       -9.89354885,      -10.37063471,      -10.45881988,      -9.335582201,             0.448,    0.006668468094,      0.3260002072,                 0,                 0,                 0,     0.04309657058,    0.001736598803,      0.3260637787,                 0,       48.88682118
          0,           0,         635,      -9.918512373,      -10.39054892,      -10.48327052,      -9.359853333,             0.448,    0.006668468169,      0.3260002115,                 0,                 0,                 0,     0.04309657084,    0.001736598813,       0.326063783,                 0,       48.88682127
          0,           0,         636,      -9.945570893,      -10.41085081,      -10.50904219,      -9.386216677,             0.448,    0.006668468261,      0.3260002152,                 0,                 0,                 0,     0.04309657093,    0.001736598848,      0.3260637868,                 0,       48.88682116
          0,           0,         637,      -9.974635978,      -10.43150615,      -10.53615129,       -9.41458962,             0.448,    0.006668468368,      0.3260002184,                 0,                 0,                 0,     0.04309657087,    0.001736598907,      0.3260637899,                 0,       48.88682085
          0,           0,         638,      -10.00561287,      -10.45244147,      -10.56464316,      -9.444883939,             0.448,    0.006668468486,      0.3260002211,                 0,                 0,                 0,     0.04309657067,    0.001736598985,      0.3260637926,                 0,       48.88682038
          0,           0,         639,      -10.03840035,      -10.47356688,      -10.59454129,      -9.477005091,             0.448,    0.006668468613,      0.3260002233,                 0,                 0,                 0,     0.04309657037,    0.001736599078,      0.3260637948,                 0,       48.88681978
          0,           0,         640,      -10.07288837,      -10.49482888,      -10.62582956,      -9.510849424,             0.448,    0.006668468743,      0.3260002251,                 0,                 0,                 0,     0.04309656999,    0.001736599182,      0.3260637966,                 0,        48.8868191
          0,           0,         641,      -10.10895457,      -10.51623407,      -10.65845728,      -9.546300698,             0.448,    0.006668468871,      0.3260002264,                 0,                 0,                 0,     0.04309656955,     0.00173659929,      0.3260637979,                 0,       48.88681836
          0,           0,         642,      -10.14646051,      -10.53783254,      -10.69233826,      -9.583226917,             0.448,    0.006668468994,      0.3260002274,                 0,                 0,                 0,     0.04309656908,    0.001736599397,      0.3260637989,                 0,       48.88681761
          0,           0,         643,      -10.18524739,      -10.55969634,      -10.72733325,      -9.621477155,             0.448,    0.006668469106,      0.3260002281,                 0,                 0,                 0,     0.04309656859,    0.001736599499,      0.3260637996,                 0,       48.88681688
          0,           0,         644,      -10.22513281,      -10.58191151,      -10.76323374,      -9.660879451,             0.448,    0.006668469203,      0.3260002285,                 0,                 0,                 0,     0.04309656809,    0.001736599591,         0.3260638,                 0,       48.88681623
          0,           0,         645,      -10.26591049,      -10.60458058,      -10.79976628,      -9.701241414,             0.448,    0.006668469284,      0.3260002286,                 0,                 0,                 0,      0.0430965676,    0.001736599669,      0.3260638001,                 0,       48.88681566
          0,           0,         646,        -10.307354,      -10.62781834,      -10.83662145,      -9.742353856,             0.448,    0.006668469344,      0.3260002285,                 0,                 0,                 0,     0.04309656713,     0.00173659973,      0.3260638001,                 0,       48.88681521
          0,           0,         647,      -10.34922319,      -10.65174337,      -10.87349346,      -9.783996738,             0.448,    0.006668469382,      0.3260002283,                 0,                 0,                 0,     0.04309656667,    0.001736599772,      0.3260637998,                 0,       48.88681489
          0,           0,         648,      -10.39127232,      -10.67647024,      -10.91011011,      -9.825946066,             0.448,    0.006668469398,      0.3260002279,                 0,                 0,                 0,     0.04309656625,    0.001736599794,      0.3260637994,                 0,       48.88681472
          0,           0,         649,      -10.43325811,      -10.70210455,      -10.94624929,      -9.867980635,             0.448,    0.006668469391,      0.3260002274,                 0,                 0,                 0,     0.04309656585,    0.001736599795,      0.3260637989,                 0,       48.88681469
          0,           0,         650,      -10.47494585,      -10.72873871,      -10.98174591,      -9.909885971,             0.448,    0.006668469363,      0.3260002268,                 0,                 0,                 0,     0.04309656548,    0.001736599776,      0.3260637983,                 0,       48.88681481
          0,           0,         651,      -10.51611203,      -10.75644127,      -11.01648833,      -9.951453795,             0.448,    0.006668469316,      0.3260002261,                 0,                 0,                 0,     0.04309656513,    0.001736599739,      0.3260637976,                 0,       48.88681505
          0,           0,         652,      -10.55654274,      -10.78524488,      -11.05040508,      -9.992476266,             0.448,    0.006668469252,      0.3260002254,                 0,                 0,                 0,     0.04309656482,    0.001736599686,      0.3260637969,                 0,       48.88681541
          0,           0,         653,      -10.59602843,      -10.81513476,       -11.0834479,      -10.03273659,             0.448,    0.006668469175,      0.3260002246,                 0,                 0,                 0,     0.04309656452,    0.001736599621,      0.3260637961,                 0,       48.88681586
          0,           0,         654,      -10.63435787,      -10.84604988,      -11.11557413,      -10.07199983,             0.448,    0.006668469088,      0.3260002238,                 0,                 0,                 0,     0.04309656424,    0.001736599547,      0.3260637953,                 0,       48.88681637
          0,           0,         655,      -10.67131403,      -10.87789053,      -11.14673845,      -10.11000851,             0.448,    0.006668468996,       0.326000223,                 0,                 0,                 0,     0.04309656398,    0.001736599467,      0.3260637945,                 0,       48.88681692
          0,           0,         656,      -10.70667511,      -10.91053277,      -11.17688933,      -10.14648625,             0.448,    0.006668468902,      0.3260002221,                 0,                 0,                 0,     0.04309656373,    0.001736599385,      0.3260637937,                 0,       48.88681749
          0,           0,         657,      -10.74022175,      -10.94384201,      -11.20596758,      -10.18115163,             0.448,    0.006668468808,      0.3260002213,                 0,                 0,                 0,     0.04309656348,    0.001736599304,      0.3260637928,                 0,       48.88681805
          0,           0,         658,      -10.77175141,      -10.97768073,      -11.23390975,      -10.21374204,             0.448,    0.006668468718,      0.3260002204,                 0,                 0,                 0,     0.04309656325,    0.001736599227,       0.326063792,                 0,       48.88681858
          0,           0,         659,       -10.8010966,      -11.01191169,      -11.26065172,      -10.24404318,             0.448,    0.006668468634,      0.3260002196,                 0,                 0,                 0,     0.04309656301,    0.001736599155,      0.3260637911,                 0,       48.88681907
          0,           0,         660,      -10.82814355,       -11.0463979,      -11.28614421,       -10.2719176,             0.448,    0.006668468557,      0.3260002188,                 0,                 0,                 0,     0.04309656279,    0.001736599092,      0.3260637903,                 0,       48.88681951
          0,           0,         661,      -10.85284477,       -11.0810045,      -11.31036688,       -10.2973226,             0.448,    0.006668468489,      0.3260002179,                 0,                 0,                 0,     0.04309656257,    0.001736599036,      0.3260637894,                 0,       48.88681988
          0,           0,         662,      -10.87522174,      -11.11560081,      -11.33334463,      -10.32031143,             0.448,    0.006668468431,      0.3260002171,                 0,                 0,                 0,     0.04309656236,    0.001736598991,      0.3260637886,                 0,       48.88682018
          0,           0,         663,      -10.89535469,      -11.15006069,      -11.35515115,      -10.34101475,             0.448,    0.006668468383,      0.3260002163,                 0,                 0,                 0,     0.04309656215,    0.001736598955,      0.3260637878,                 0,       48.88682042
          0,           0,         664,      -10.91336443,      -11.18425981,      -11.37590079,      -10.35960884,             0.448,    0.006668468345,      0.3260002155,                 0,                 0,                 0,     0.04309656197,    0.001736598928,       0.326063787,                 0,       48.88682058
          0,           0,         665,      -10.92939179,       -11.2180676,      -11.39572864,      -10.37628076,             0.448,    0.006668468315,      0.3260002148,                 0,                 0,                 0,      0.0430965618,     0.00173659891,      0.3260637863,                 0,       48.88682068
          0,           0,         666,      -10.94358233,      -11.25133449,      -11.41476881,      -10.39120072,             0.448,    0.006668468294,       0.326000214,                 0,                 0,                 0,     0.04309656165,      0.0017365989,      0.3260637856,                 0,       48.88682073
          0,           0,         667,       -10.9560803,      -11.28388239,      -11.43313952,      -10.40450962,             0.448,    0.006668468281,      0.3260002134,                 0,                 0,                 0,     0.04309656152,    0.001736598897,      0.3260637849,                 0,       48.88682073
          0,           0,         668,      -10.96703249,      -11.31549624,      -11.45093027,       -10.4163228,             0.448,    0.006668468273,      0.3260002128,                 0,                 0,                 0,     0.04309656141,    0.001736598898,      0.3260637843,                 0,       48.88682069
          0,           0,         669,      -10.97659943,      -11.34592732,      -11.46819769,      -10.42674732,             0.448,    0.006668468269,      0.3260002122,                 0,                 0,                 0,     0.04309656134,    0.001736598903,      0.3260637837,                 0,       48.88682063
          0,           0,         670,      -10.98496767,      -11.37490408,      -11.48496802,      -10.43590616,             0.448,    0.006668468269,      0.3260002117,                 0,                 0,                 0,     0.04309656129,    0.001736598911,      0.3260637832,                 0,       48.88682056
          0,           0,         671,      -10.99235967,      -11.40214725,      -11.50124082,      -10.44396077,             0.448,    0.006668468271,      0.3260002112,                 0,                 0,                 0,     0.04309656126,    0.001736598919,      0.3260637828,                 0,       48.88682048
          0,           0,         672,      -10.99903585,      -11.42740592,      -11.51700345,       -10.4511248,             0.448,    0.006668468274,      0.3260002109,                 0,                 0,                 0,     0.04309656127,    0.001736598928,      0.3260637824,                 0,        48.8868204
          0,           0,         673,      -11.00529032,      -11.45048191,      -11.53223872,      -10.45766686,             0.448,    0.006668468277,      0.3260002106,                 0,                 0,                 0,     0.04309656129,    0.001736598936,      0.3260637821,                 0,       48.88682033
          0,           0,         674,      -11.01143939,      -11.47127317,       -11.5469445,      -10.46390046,             0.448,     0.00666846828,      0.3260002103,                 0,                 0,                 0,     0.04309656134,    0.001736598942,      0.3260637818,                 0,       48.88682028
          0,           0,         675,      -11.01780657,      -11.48979077,      -11.56114161,      -10.47016571,             0.448,    0.006668468283,      0.3260002101,                 0,                 0,                 0,     0.04309656142,    0.001736598947,      0.3260637817,                 0,       48.88682023
          0,           0,         676,      -11.02470646,      -11.50616808,       -11.5748805,       -10.4768069,             0.448,    0.006668468284,        0.32600021,                 0,                 0,                 0,     0.04309656151,    0.001736598951,      0.3260637815,                 0,        48.8868202
          0,           0,         677,       -11.0324303,      -11.52064372,      -11.58823725,      -10.48415181,             0.448,    0.006668468285,        0.32600021,                 0,                 0,                 0,     0.04309656162,    0.001736598952,      0.3260637815,                 0,       48.88682019
          0,           0,         678,      -11.04123429,      -11.53353457,      -11.60130217,      -10.49249424,             0.448,    0.006668468286,        0.32600021,                 0,                 0,                 0,     0.04309656174,    0.001736598953,      0.3260637815,                 0,       48.88682019
          0,           0,         679,      -11.05133142,      -11.54520238,       -11.6141718,       -10.5020817,             0.448,    0.006668468286,      0.3260002101,                 0,                 0,                 0,     0.04309656188,    0.001736598951,      0.3260637816,                 0,        48.8868202
          0,           0,         680,      -11.06288748,      -11.55601787,      -11.62693716,      -10.51310909,             0.448,    0.006668468286,      0.3260002102,                 0,                 0,                 0,     0.04309656203,    0.001736598949,      0.3260637817,                 0,       48.88682022
          0,           0,         681,      -11.07601918,      -11.56634284,       -11.6396797,      -10.52571596,             0.448,    0.006668468286,      0.3260002104,                 0,                 0,                 0,     0.04309656218,    0.001736598947,      0.3260637819,                 0,       48.88682024
          0,           0,         682,      -11.09079438,      -11.57651402,      -11.65246871,      -10.53998669,             0.448,    0.006668468287,      0.3260002106,                 0,                 0,                 0,     0.04309656234,    0.001736598944,      0.3260637821,                 0,       48.88682027
          0,           0,         683,      -11.10723238,      -11.58683841,      -11.66536341,      -10.55595183,             0.448,    0.006668468289,      0.3260002109,                 0,                 0,                 0,      0.0430965625,    0.001736598942,      0.3260637824,                 0,        48.8868203
          0,           0,         684,      -11.12530438,      -11.59758761,      -11.67841178,      -10.57358921,             0.448,    0.006668468292,      0.3260002112,                 0,                 0,                 0,     0.04309656267,    0.001736598941,      0.3260637827,                 0,       48.88682032
          0,           0,         685,      -11.14493251,       -11.6090055,      -11.69165858,      -10.59282469,             0.448,    0.006668468298,      0.3260002116,                 0,                 0,                 0,     0.04309656283,    0.001736598941,      0.3260637831,                 0,       48.88682034
          0,           0,         686,      -11.16598913,      -11.62130525,      -11.70514605,       -10.6135325,             0.448,    0.006668468305,       0.326000212,                 0,                 0,                 0,     0.04309656299,    0.001736598942,      0.3260637835,                 0,       48.88682034
          0,           0,         687,      -11.18829436,      -11.63466739,      -11.71891752,      -10.63553442,             0.448,    0.006668468314,      0.3260002124,                 0,                 0,                 0,     0.04309656315,    0.001736598945,      0.3260637839,                 0,       48.88682033
          0,           0,         688,       -11.2116146,       -11.6492397,      -11.73300574,      -10.65860026,             0.448,    0.006668468326,      0.3260002128,                 0,                 0,                 0,     0.04309656331,    0.001736598951,      0.3260637843,                 0,       48.88682031
          0,           0,         689,      -11.23565933,      -11.66514189,      -11.74741149,      -10.68244547,             0.448,     0.00666846834,      0.3260002133,                 0,                 0,                 0,     0.04309656345,    0.001736598958,      0.3260637848,                 0,       48.88682028
          0,           0,         690,      -11.26007915,      -11.68244805,      -11.76209258,      -10.70672986,             0.448,    0.006668468356,      0.3260002137,                 0,                 0,                 0,      0.0430965636,    0.001736598967,      0.3260637852,                 0,       48.88682023
          0,           0,         691,      -11.28446651,      -11.70118397,      -11.77696481,      -10.73105746,             0.448,    0.006668468374,      0.3260002142,                 0,                 0,                 0,     0.04309656373,    0.001736598977,      0.3260637857,                 0,       48.88682017
          0,           0,         692,      -11.30836322,      -11.72132123,      -11.79190264,       -10.7549823,             0.448,    0.006668468393,      0.3260002147,                 0,                 0,                 0,     0.04309656386,     0.00173659899,      0.3260637862,                 0,        48.8868201
          0,           0,         693,      -11.33127734,      -11.74277394,      -11.80675517,      -10.77802338,             0.448,    0.006668468414,      0.3260002152,                 0,                 0,                 0,     0.04309656399,    0.001736599003,      0.3260637867,                 0,       48.88682002
          0,           0,         694,      -11.35271135,      -11.76541224,      -11.82135735,      -10.79968942,             0.448,    0.006668468436,      0.3260002156,                 0,                 0,                 0,     0.04309656411,    0.001736599018,      0.3260637872,                 0,       48.88681993
          0,           0,         695,       -11.3722008,      -11.78905137,      -11.83554406,       -10.8195133,             0.448,    0.006668468459,      0.3260002161,                 0,                 0,                 0,     0.04309656423,    0.001736599033,      0.3260637876,                 0,       48.88681984
          0,           0,         696,       -11.3893596,      -11.81345211,      -11.84917091,      -10.83709342,             0.448,    0.006668468481,      0.3260002166,                 0,                 0,                 0,     0.04309656435,    0.001736599048,      0.3260637881,                 0,       48.88681974
          0,           0,         697,      -11.40392157,      -11.83830215,      -11.86212184,      -10.85213429,             0.448,    0.006668468504,      0.3260002171,                 0,                 0,                 0,     0.04309656446,    0.001736599064,      0.3260637886,                 0,       48.88681965
          0,           0,         698,      -11.41577336,      -11.86320703,      -11.87432173,      -10.86448046,             0.448,    0.006668468527,      0.3260002176,                 0,                 0,                 0,     0.04309656457,    0.001736599079,      0.3260637891,                 0,       48.88681955
          0,           0,         699,      -11.42496485,      -11.88769537,      -11.88573734,      -10.87413458,             0.448,    0.006668468549,       0.326000218,                 0,                 0,                 0,     0.04309656468,    0.001736599094,      0.3260637895,                 0,       48.88681946
          0,           0,         700,      -11.43169538,      -11.91125468,      -11.89636667,      -10.88125132,             0.448,     0.00666846857,      0.3260002185,                 0,                 0,                 0,     0.04309656479,    0.001736599108,        0.32606379,                 0,       48.88681938
          0,           0,         701,      -11.43628477,      -11.93336655,       -11.9062447,      -10.88611816,             0.448,     0.00666846859,      0.3260002189,                 0,                 0,                 0,      0.0430965649,    0.001736599122,      0.3260637905,                 0,        48.8868193
          0,           0,         702,       -11.4391269,      -11.95357011,      -11.91543496,      -10.88911236,             0.448,    0.006668468609,      0.3260002194,                 0,                 0,                 0,       0.043096565,    0.001736599134,      0.3260637909,                 0,       48.88681922
          0,           0,         703,      -11.44064822,      -11.97150396,      -11.92403796,      -10.89065909,             0.448,    0.006668468627,      0.3260002198,                 0,                 0,                 0,     0.04309656511,    0.001736599146,      0.3260637913,                 0,       48.88681916
          0,           0,         704,      -11.44126926,      -11.98697169,      -11.93216147,      -10.89119038,             0.448,    0.006668468644,      0.3260002203,                 0,                 0,                 0,     0.04309656521,    0.001736599156,      0.3260637918,                 0,        48.8868191
          0,           0,         705,      -11.44137954,      -11.99994055,      -11.93993711,       -10.8911152,             0.448,     0.00666846866,      0.3260002207,                 0,                 0,                 0,      0.0430965653,    0.001736599165,      0.3260637922,                 0,       48.88681904
          0,           0,         706,      -11.44132077,      -12.01054893,      -11.94749349,      -10.89079749,             0.448,    0.006668468675,      0.3260002211,                 0,                 0,                 0,      0.0430965654,    0.001736599174,      0.3260637926,                 0,         48.886819
          0,           0,         707,      -11.44138294,      -12.01905537,      -11.95494985,      -10.89054884,             0.448,    0.006668468688,      0.3260002215,                 0,                 0,                 0,     0.04309656549,    0.001736599181,       0.326063793,                 0,       48.88681896
          0,           0,         708,      -11.44180268,      -12.02581041,       -11.9624231,      -10.89062581,             0.448,    0.006668468701,      0.3260002219,                 0,                 0,                 0,     0.04309656558,    0.001736599188,      0.3260637934,                 0,       48.88681892
          0,           0,         709,      -11.44276694,      -12.03119469,      -11.97001089,      -10.89123136,             0.448,    0.006668468713,      0.3260002223,                 0,                 0,                 0,     0.04309656566,    0.001736599194,      0.3260637938,                 0,       48.88681889
          0,           0,         710,      -11.44442022,      -12.03560806,      -11.97780224,      -10.89252229,             0.448,    0.006668468724,      0.3260002226,                 0,                 0,                 0,     0.04309656574,      0.0017365992,      0.3260637941,                 0,       48.88681887
          0,           0,         711,      -11.44687045,      -12.03938665,      -11.98587139,      -10.89461579,             0.448,    0.006668468735,       0.326000223,                 0,                 0,                 0,     0.04309656582,    0.001736599205,      0.3260637945,                 0,       48.88681884
          0,           0,         712,      -11.45019493,      -12.04283393,      -11.99428948,      -10.89759494,             0.448,    0.006668468745,      0.3260002233,                 0,                 0,                 0,     0.04309656589,     0.00173659921,      0.3260637948,                 0,       48.88681882
          0,           0,         713,      -11.45444659,      -12.04619247,       -12.0031195,      -10.90151606,             0.448,    0.006668468754,      0.3260002236,                 0,                 0,                 0,     0.04309656595,    0.001736599215,      0.3260637952,                 0,        48.8868188
          0,           0,         714,      -11.45965924,      -12.04966165,      -12.01242139,       -10.9064143,             0.448,    0.006668468763,       0.326000224,                 0,                 0,                 0,     0.04309656601,    0.001736599219,      0.3260637955,                 0,       48.88681878
          0,           0,         715,      -11.46585181,       -12.0533755,      -12.02224468,      -10.91230866,             0.448,    0.006668468772,      0.3260002242,                 0,                 0,                 0,     0.04309656607,    0.001736599224,      0.3260637958,                 0,       48.88681875
          0,           0,         716,      -11.47303208,      -12.05743727,      -12.03263602,      -10.91920566,             0.448,    0.006668468781,      0.3260002245,                 0,                 0,                 0,     0.04309656612,    0.001736599228,       0.326063796,                 0,       48.88681873
          0,           0,         717,      -11.48119951,      -12.06192959,       -12.0436411,      -10.92710299,             0.448,    0.006668468789,      0.3260002248,                 0,                 0,                 0,     0.04309656616,    0.001736599232,      0.3260637963,                 0,       48.88681871
          0,           0,         718,      -11.49034777,      -12.06689472,      -12.05528765,      -10.93599216,             0.448,    0.006668468796,       0.326000225,                 0,                 0,                 0,      0.0430965662,    0.001736599236,      0.3260637965,                 0,       48.88681869
          0,           0,         719,      -11.50046586,      -12.07239538,      -12.06760629,      -10.94586052,             0.448,    0.006668468804,      0.3260002252,                 0,                 0,                 0,     0.04309656623,     0.00173659924,      0.3260637968,                 0,       48.88681867
          0,           0,         720,      -11.51154116,       -12.0784576,      -12.08061063,      -10.95669291,             0.448,    0.006668468811,      0.3260002254,                 0,                 0,                 0,     0.04309656626,    0.001736599244,       0.326063797,                 0,       48.88681865
          0,           0,         721,      -11.52355901,      -12.08511893,      -12.09431076,      -10.96847323,             0.448,    0.006668468818,      0.3260002256,                 0,                 0,                 0,     0.04309656629,    0.001736599248,      0.3260637972,                 0,       48.88681863
          0,           0,         722,      -11.53650329,      -12.09240945,      -12.10870804,      -10.98118428,             0.448,    0.006668468824,      0.3260002258,                 0,                 0,                 0,     0.04309656631,    0.001736599252,      0.3260637973,                 0,       48.88681861
          0,           0,         723,      -11.55035826,       -12.1003759,      -12.12379213,      -10.99480866,             0.448,     0.00666846883,       0.326000226,                 0,                 0,                 0,     0.04309656633,    0.001736599255,      0.3260637975,                 0,        48.8868186
          0,           0,         724,      -11.56510867,      -12.10905162,      -12.13955185,      -11.00933065,             0.448,    0.006668468835,      0.3260002261,                 0,                 0,                 0,     0.04309656635,    0.001736599258,      0.3260637977,                 0,       48.88681858
          0,           0,         725,      -11.58073933,      -12.11846667,      -12.15596476,      -11.02473427,             0.448,     0.00666846884,      0.3260002263,                 0,                 0,                 0,     0.04309656636,    0.001736599261,      0.3260637978,                 0,       48.88681856
          0,           0,         726,      -11.59723682,      -12.12866123,      -12.17301088,      -11.04100582,             0.448,    0.006668468844,      0.3260002264,                 0,                 0,                 0,     0.04309656638,    0.001736599263,      0.3260637979,                 0,       48.88681855
          0,           0,         727,      -11.61458879,      -12.13966443,      -12.19066967,      -11.05813251,             0.448,    0.006668468848,      0.3260002265,                 0,                 0,                 0,     0.04309656639,    0.001736599266,       0.326063798,                 0,       48.88681854
          0,           0,         728,       -11.6327835,      -12.15151462,      -12.20891758,      -11.07610255,             0.448,    0.006668468852,      0.3260002266,                 0,                 0,                 0,     0.04309656639,    0.001736599268,      0.3260637981,                 0,       48.88681853
          0,           0,         729,      -11.65181171,      -12.16424476,      -12.22773707,      -11.09490667,             0.448,    0.006668468855,      0.3260002267,                 0,                 0,                 0,      0.0430965664,    0.001736599269,      0.3260637982,                 0,       48.88681852
          0,           0,         730,       -11.6716658,      -12.17787939,      -12.24711165,      -11.11453716,             0.448,    0.006668468857,      0.3260002268,                 0,                 0,                 0,      0.0430965664,     0.00173659927,      0.3260637983,                 0,       48.88681851
          0,           0,         731,      -11.69233944,       -12.1924238,      -12.26703381,      -11.13498739,             0.448,    0.006668468859,      0.3260002268,                 0,                 0,                 0,     0.04309656641,    0.001736599271,      0.3260637984,                 0,       48.88681851
          0,           0,         732,      -11.71382784,      -12.20789786,       -12.2874994,      -11.15625308,             0.448,    0.006668468861,      0.3260002269,                 0,                 0,                 0,     0.04309656641,    0.001736599272,      0.3260637984,                 0,        48.8868185
          0,           0,         733,      -11.73612721,      -12.22433741,      -12.30850867,      -11.17832998,             0.448,    0.006668468862,       0.326000227,                 0,                 0,                 0,     0.04309656641,    0.001736599272,      0.3260637985,                 0,        48.8868185
          0,           0,         734,      -11.75923476,      -12.24173973,      -12.33006421,      -11.20121631,             0.448,    0.006668468863,       0.326000227,                 0,                 0,                 0,     0.04309656641,    0.001736599273,      0.3260637985,                 0,        48.8868185
          0,           0,         735,      -11.78314708,      -12.26010787,      -12.35217705,       -11.2249086,             0.448,    0.006668468863,       0.326000227,                 0,                 0,                 0,     0.04309656641,    0.001736599273,      0.3260637986,                 0,       48.88681851
          0,           0,         736,      -11.80786022,      -12.27944207,      -12.37485152,      -11.24940265,             0.448,    0.006668468864,      0.3260002271,                 0,                 0,                 0,     0.04309656641,    0.001736599272,      0.3260637986,                 0,       48.88681851
          0,           0,         737,      -11.83336893,      -12.29976239,      -12.39810033,      -11.27469525,             0.448,    0.006668468864,      0.3260002271,                 0,                 0,                 0,      0.0430965664,    0.001736599272,      0.3260637986,                 0,       48.88681851
          0,           0,         738,      -11.85966467,      -12.32104631,      -12.42192967,      -11.30077827,             0.448,    0.006668468863,      0.3260002271,                 0,                 0,                 0,      0.0430965664,    0.001736599271,      0.3260637986,                 0,       48.88681852
          0,           0,         739,      -11.88673532,      -12.34328917,       -12.4463451,      -11.32764105,             0.448,    0.006668468863,      0.3260002271,                 0,                 0,                 0,      0.0430965664,    0.001736599271,      0.3260637987,                 0,       48.88681852
          0,           0,         740,      -11.91456274,       -12.3665057,      -12.47134341,      -11.35526779,             0.448,    0.006668468863,      0.3260002271,                 0,                 0,                 0,     0.04309656639,     0.00173659927,      0.3260637987,                 0,       48.88681853
          0,           0,         741,      -11.94312282,      -12.39066977,      -12.49692593,      -11.38363672,             0.448,    0.006668468862,      0.3260002272,                 0,                 0,                 0,     0.04309656639,     0.00173659927,      0.3260637987,                 0,       48.88681853
          0,           0,         742,      -11.97238355,      -12.41577801,      -12.52307782,      -11.41271944,             0.448,    0.006668468861,      0.3260002272,                 0,                 0,                 0,     0.04309656639,    0.001736599269,      0.3260637987,                 0,       48.88681854
          0,           0,         743,      -12.00229978,      -12.44180797,      -12.54977813,      -11.44247602,             0.448,    0.006668468861,      0.3260002272,                 0,                 0,                 0,     0.04309656638,    0.001736599268,      0.3260637987,                 0,       48.88681854
          0,           0,         744,      -12.03281822,      -12.46875804,      -12.57700393,      -11.47285751,             0.448,     0.00666846886,      0.3260002272,                 0,                 0,                 0,     0.04309656638,    0.001736599267,      0.3260637987,                 0,       48.88681855
          0,           0,         745,       -12.0638689,      -12.49661606,      -12.60471107,      -11.50380129,             0.448,    0.006668468859,      0.3260002272,                 0,                 0,                 0,     0.04309656637,    0.001736599267,      0.3260637987,                 0,       48.88681855
          0,           0,         746,      -12.09536663,      -12.52535084,      -12.63286611,      -11.53523062,             0.448,    0.006668468859,      0.3260002272,                 0,                 0,                 0,     0.04309656636,    0.001736599266,      0.3260637987,                 0,       48.88681856
          0,           0,         747,      -12.12720836,      -12.55496745,      -12.66140359,      -11.56705027,             0.448,    0.006668468858,      0.3260002271,                 0,                 0,                 0,     0.04309656636,    0.001736599265,      0.3260637987,                 0,       48.88681856
          0,           0,         748,      -12.15926975,      -12.58544344,      -12.69026202,      -11.59914844,             0.448,    0.006668468857,      0.3260002271,                 0,                 0,                 0,     0.04309656635,    0.001736599265,      0.3260637987,                 0,       48.88681857
          0,           0,         749,      -12.19140498,      -12.61677581,      -12.71935811,      -11.63138991,             0.448,    0.006668468856,      0.3260002271,                 0,                 0,                 0,     0.04309656635,    0.001736599264,      0.3260637986,                 0,       48.88681857
          0,           0,         750,      -12.22344466,      -12.64891229,      -12.74860541,      -11.66361678,             0.448,    0.006668468856,      0.3260002271,                 0,                 0,                 0,     0.04309656634,    0.001736599264,      0.3260637986,                 0,       48.88681857
          0,           0,         751,      -12.25519721,      -12.68188126,      -12.77790883,      -11.69564884,             0.448,    0.006668468855,      0.3260002271,                 0,                 0,                 0,     0.04309656634,    0.001736599263,      0.3260637986,                 0,       48.88681858
          0,           0,         752,      -12.28645025,      -12.71561068,      -12.80714489,      -11.72728498,             0.448,    0.006668468854,      0.3260002271,                 0,                 0,                 0,     0.04309656633,    0.001736599263,      0.3260637986,                 0,       48.88681858
          0,           0,         753,      -12.31697926,      -12.75004628,      -12.83620441,      -11.75830523,             0.448,    0.006668468854,      0.3260002271,                 0,                 0,                 0,     0.04309656633,    0.001736599262,      0.3260637986,                 0,       48.88681858
          0,           0,         754,      -12.34654762,      -12.78513963,      -12.86494572,       -11.7884767,             0.448,    0.006668468853,      0.3260002271,                 0,                 0,                 0,     0.04309656632,    0.001736599262,      0.3260637986,                 0,       48.88681859
          0,           0,         755,      -12.37493374,      -12.82079399,      -12.89325095,      -11.81757375,             0.448,    0.006668468852,       0.326000227,                 0,                 0,                 0,     0.04309656632,    0.001736599261,      0.3260637986,                 0,       48.88681859
          0,           0,         756,      -12.40193086,      -12.85691589,      -12.92096806,      -11.84537765,             0.448,    0.006668468852,       0.326000227,                 0,                 0,                 0,     0.04309656631,    0.001736599261,      0.3260637986,                 0,       48.88681859
          0,           0,         757,      -12.42737628,      -12.89329029,      -12.94796208,      -11.87170452,             0.448,    0.006668468851,       0.326000227,                 0,                 0,                 0,     0.04309656631,    0.001736599261,      0.3260637985,                 0,       48.88681859
          0,           0,         758,      -12.45115995,      -12.92968768,      -12.97411038,      -11.89641833,             0.448,    0.006668468851,       0.326000227,                 0,                 0,                 0,     0.04309656631,     0.00173659926,      0.3260637985,                 0,        48.8868186
          0,           0,         759,      -12.47324111,      -12.96587541,      -12.99929401,      -11.91944334,             0.448,     0.00666846885,       0.326000227,                 0,                 0,                 0,     0.04309656631,     0.00173659926,      0.3260637985,                 0,        48.8868186
          0,           0,         760,      -12.49365072,      -13.00146344,      -13.02344521,      -11.94077429,             0.448,     0.00666846885,       0.326000227,                 0,                 0,                 0,      0.0430965663,     0.00173659926,      0.3260637985,                 0,        48.8868186
          0,           0,         761,      -12.51249264,      -13.03617402,      -13.04647147,      -11.96048008,             0.448,    0.006668468849,       0.326000227,                 0,                 0,                 0,      0.0430965663,    0.001736599259,      0.3260637985,                 0,        48.8868186
          0,           0,         762,      -12.52993637,      -13.06947236,      -13.06838189,      -11.97869782,             0.448,    0.006668468849,       0.326000227,                 0,                 0,                 0,      0.0430965663,    0.001736599259,      0.3260637985,                 0,        48.8868186
          0,           0,         763,      -12.54619556,      -13.10094895,      -13.08917504,      -11.99561695,             0.448,    0.006668468848,       0.326000227,                 0,                 0,                 0,      0.0430965663,    0.001736599259,      0.3260637985,                 0,        48.8868186
          0,           0,         764,      -12.56151248,      -13.13022746,      -13.10886872,      -12.01146581,             0.448,    0.006668468848,       0.326000227,                 0,                 0,                 0,      0.0430965663,    0.001736599258,      0.3260637985,                 0,       48.88681861
          0,           0,         765,      -12.57614794,      -13.15696909,      -13.12751948,      -12.02650052,             0.448,    0.006668468848,      0.3260002269,                 0,                 0,                 0,      0.0430965663,    0.001736599258,      0.3260637985,                 0,       48.88681861
          0,           0,         766,      -12.59035516,      -13.18090716,      -13.14521691,      -12.04097873,             0.448,    0.006668468847,      0.3260002269,                 0,                 0,                 0,      0.0430965663,    0.001736599258,      0.3260637985,                 0,       48.88681861
          0,           0,         767,       -12.6043711,       -13.2020404,      -13.16206935,      -12.05514441,             0.448,    0.006668468847,      0.3260002269,                 0,                 0,                 0,      0.0430965663,    0.001736599258,      0.3260637985,                 0,       48.88681861
          0,           0,         768,      -12.61841293,      -13.22044839,      -13.17816772,      -12.06923191,             0.448,    0.006668468847,      0.3260002269,                 0,                 0,                 0,     0.04309656631,    0.001736599258,      0.3260637985,                 0,       48.88681861
          0,           0,         769,       -12.6326687,      -13.23644539,      -13.19364456,      -12.08344217,             0.448,    0.006668468847,      0.3260002269,                 0,                 0,                 0,     0.04309656631,    0.001736599258,      0.3260637984,                 0,       48.88681861
          0,           0,         770,      -12.64729428,      -13.25038147,      -13.20864929,      -12.09794863,             0.448,    0.006668468847,      0.3260002269,                 0,                 0,                 0,     0.04309656631,    0.001736599258,      0.3260637984,                 0,       48.88681861
          0,           0,         771,      -12.66241947,      -13.26261542,      -13.22329942,      -12.11289329,             0.448,    0.006668468847,      0.3260002269,                 0,                 0,                 0,     0.04309656631,    0.001736599257,      0.3260637984,                 0,       48.88681861
          0,           0,         772,      -12.67814551,      -13.27355499,      -13.23771747,       -12.1283914,             0.448,    0.006668468847,      0.3260002269,                 0,                 0,                 0,     0.04309656631,    0.001736599257,      0.3260637985,                 0,       48.88681861
          0,           0,         773,      -12.69453998,      -13.28386069,      -13.25203436,      -12.14452193,             0.448,    0.006668468847,      0.3260002269,                 0,                 0,                 0,     0.04309656631,    0.001736599258,      0.3260637985,                 0,       48.88681861
          0,           0,         774,      -12.71166374,      -13.29373221,      -13.26630753,      -12.16135511,             0.448,    0.006668468847,      0.3260002269,                 0,                 0,                 0,     0.04309656632,    0.001736599258,      0.3260637985,                 0,       48.88681861
          0,           0,         775,      -12.72953821,      -13.30357532,      -13.28063024,      -12.17892015,             0.448,    0.006668468847,      0.3260002269,                 0,                 0,                 0,     0.04309656632,    0.001736599258,      0.3260637985,                 0,       48.88681861
          0,           0,         776,      -12.74817414,      -13.31357513,       -13.2950594,      -12.19723611,             0.448,    0.006668468847,      0.3260002269,                 0,                 0,                 0,     0.04309656632,    0.001736599258,      0.3260637985,                 0,       48.88681861
          0,           0,         777,      -12.76755797,      -13.32400611,      -13.30961996,      -12.21629451,             0.448,    0.006668468847,       0.326000227,                 0,                 0,                 0,     0.04309656632,    0.001736599258,      0.3260637985,                 0,       48.88681861
          0,           0,         778,      -12.78765566,      -13.33494262,      -13.32432475,      -12.23606818,             0.448,    0.006668468848,       0.326000227,                 0,                 0,                 0,     0.04309656633,    0.001736599258,      0.3260637985,                 0,       48.88681861
          0,           0,         779,      -12.80840897,      -13.34675472,      -13.33921905,      -12.25650818,             0.448,    0.006668468848,       0.326000227,                 0,                 0,                 0,     0.04309656633,    0.001736599258,      0.3260637985,                 0,       48.88681861
          0,           0,         780,       -12.8297342,      -13.35921448,       -13.3542052,      -12.27753021,             0.448,    0.006668468848,       0.326000227,                 0,                 0,                 0,     0.04309656633,    0.001736599259,      0.3260637985,                 0,       48.88681861
          0,           0,         781,      -12.85152399,      -13.37252933,      -13.36937448,      -12.29904051,             0.448,    0.006668468849,       0.326000227,                 0,                 0,                 0,     0.04309656634,    0.001736599259,      0.3260637985,                 0,        48.8868186
          0,           0,         782,      -12.87362864,      -13.38679235,      -13.38460727,      -12.32089313,             0.448,    0.006668468849,       0.326000227,                 0,                 0,                 0,     0.04309656634,    0.001736599259,      0.3260637985,                 0,        48.8868186
          0,           0,         783,      -12.89586629,      -13.40191027,      -13.39983613,      -12.34291843,             0.448,     0.00666846885,       0.326000227,                 0,                 0,                 0,     0.04309656634,    0.001736599259,      0.3260637985,                 0,        48.8868186
          0,           0,         784,      -12.91802377,      -13.41799707,      -13.41503937,      -12.36490738,             0.448,     0.00666846885,       0.326000227,                 0,                 0,                 0,     0.04309656635,     0.00173659926,      0.3260637985,                 0,        48.8868186
          0,           0,         785,      -12.93983595,       -13.4349101,      -13.43019432,      -12.38660897,             0.448,     0.00666846885,       0.326000227,                 0,                 0,                 0,     0.04309656635,     0.00173659926,      0.3260637985,                 0,        48.8868186
          0,           0,         786,      -12.96101435,      -13.45257103,      -13.44515479,      -12.40773038,             0.448,    0.006668468851,       0.326000227,                 0,                 0,                 0,     0.04309656635,     0.00173659926,      0.3260637985,                 0,        48.8868186
          0,           0,         787,      -12.98123525,      -13.47069784,      -13.45987223,      -12.42796163,             0.448,    0.006668468851,       0.326000227,                 0,                 0,                 0,     0.04309656635,    0.001736599261,      0.3260637986,                 0,       48.88681859
          0,           0,         788,      -13.00016962,      -13.48962967,      -13.47414139,      -12.44697868,             0.448,    0.006668468852,       0.326000227,                 0,                 0,                 0,     0.04309656636,    0.001736599261,      0.3260637986,                 0,       48.88681859
