"Time_Iter","Outer_Iter","Inner_Iter",     "rms[P]"     ,     "rms[U]"     ,     "rms[V]"     
          0,           0,           0,       -2.32286008,      -2.863111099,      -2.854385839
          0,           0,           1,      -2.473021549,       -2.44408896,       -3.00810977
          0,           0,           2,      -2.475481047,       -2.45471105,      -3.006680062
          0,           0,           3,      -2.475328207,      -2.456819828,      -2.994199818
          0,           0,           4,      -2.475142178,      -2.457149519,      -2.989528497
          0,           0,           5,      -2.474966139,      -2.457351983,      -2.987830652
          0,           0,           6,       -2.47488597,      -2.457435717,      -2.987028256
          0,           0,           7,      -2.474852354,      -2.457467186,      -2.986597059
          0,           0,           8,      -2.474830596,      -2.457489143,      -2.986405254
          0,           0,           9,      -2.474830223,      -2.457490981,      -2.986216863
          0,           0,          10,      -2.474804134,      -2.457507518,      -2.986275825
          0,           0,          11,      -2.474804157,       -2.45750073,      -2.986142992
          0,           0,          12,      -2.474812022,      -2.457506518,      -2.986083832
          0,           0,          13,      -2.474811898,      -2.457506354,      -2.986094984
          0,           0,          14,      -2.474814392,      -2.457504741,      -2.986079555
          0,           0,          15,      -2.474808624,      -2.457508698,       -2.98612767
          0,           0,          16,      -2.474813883,      -2.457503563,      -2.986066263
          0,           0,          17,       -2.47480533,      -2.457509253,      -2.986123247
          0,           0,          18,      -2.474805088,      -2.457505592,      -2.986091343
          0,           0,          19,      -2.474810258,       -2.45750641,      -2.986061636
          0,           0,          20,      -2.474810245,      -2.457507677,      -2.986084302
          0,           0,          21,      -2.474808977,      -2.457505937,      -2.986082395
          0,           0,          22,      -2.474808239,       -2.45750714,      -2.986088256
          0,           0,          23,      -2.474805217,      -2.457508033,      -2.986099233
          0,           0,          24,       -2.47481223,      -2.457504341,      -2.986043256
          0,           0,          25,       -2.47482189,      -2.457501991,      -2.985992212
          0,           0,          26,      -2.474815591,      -2.457507406,      -2.986087983
          0,           0,          27,      -2.474805085,      -2.457506336,      -2.986117414
          0,           0,          28,      -2.474801856,      -2.457507323,      -2.986095058
          0,           0,          29,      -2.474801677,      -2.457507723,      -2.986070376
          0,           0,          30,      -2.474800224,      -2.457508944,      -2.986072716
          0,           0,          31,      -2.474811015,      -2.457504692,      -2.986000616
          0,           0,          32,      -2.474793556,      -2.457513692,      -2.986110823
          0,           0,          33,      -2.474796759,       -2.45750439,      -2.986016198
          0,           0,          34,      -2.474804067,      -2.457510203,      -2.986000468
          0,           0,          35,      -2.474802332,      -2.457509469,      -2.986025636
          0,           0,          36,      -2.474813096,      -2.457502754,      -2.985938015
          0,           0,          37,      -2.474801506,      -2.457512842,      -2.986055019
          0,           0,          38,      -2.474791992,        -2.4575085,      -2.986044743
          0,           0,          39,      -2.474796143,      -2.457508926,      -2.985985464
          0,           0,          40,      -2.474804412,      -2.457506878,      -2.985934256
          0,           0,          41,      -2.474793069,      -2.457514134,      -2.986035667
          0,           0,          42,      -2.474793676,      -2.457507632,      -2.985976555
          0,           0,          43,      -2.474792824,      -2.457512784,      -2.985989199
          0,           0,          44,      -2.474804496,      -2.457504603,      -2.985884037
          0,           0,          45,      -2.474794595,      -2.457515058,      -2.985998885
          0,           0,          46,      -2.474790134,      -2.457508369,      -2.985964632
          0,           0,          47,      -2.474790952,       -2.45751152,      -2.985947713
          0,           0,          48,      -2.474787337,      -2.457513486,      -2.985969134
          0,           0,          49,      -2.474796103,       -2.45750864,      -2.985894514
          0,           0,          50,      -2.474795101,      -2.457513641,      -2.985938416
          0,           0,          51,      -2.474795063,      -2.457509279,      -2.985922174
          0,           0,          52,      -2.474791607,      -2.457512593,       -2.98595165
          0,           0,          53,      -2.474792685,      -2.457509966,       -2.98592365
          0,           0,          54,      -2.474785862,      -2.457514339,      -2.985968355
          0,           0,          55,       -2.47479046,      -2.457508817,      -2.985900899
          0,           0,          56,      -2.474791595,      -2.457513396,      -2.985922783
          0,           0,          57,      -2.474783861,      -2.457513521,      -2.985957757
          0,           0,          58,      -2.474785647,      -2.457512047,      -2.985920247
          0,           0,          59,      -2.474777068,      -2.457515965,      -2.985951945
          0,           0,          60,      -2.474791381,      -2.457507622,      -2.985822969
          0,           0,          61,      -2.474774343,      -2.457519672,      -2.985944484
          0,           0,          62,      -2.474788295,      -2.457502927,      -2.985733419
          0,           0,          63,      -2.474774125,      -2.457521197,      -2.985869985
          0,           0,          64,      -2.474772744,      -2.457510504,      -2.985783682
          0,           0,          65,      -2.474772447,      -2.457518426,      -2.985793986
          0,           0,          66,      -2.474766855,      -2.457517319,      -2.985799725
          0,           0,          67,      -2.474778434,      -2.457512261,      -2.985692981
          0,           0,          68,      -2.474765329,      -2.457521589,      -2.985799909
          0,           0,          69,      -2.474777957,      -2.457506312,      -2.985591439
          0,           0,          70,       -2.47476347,      -2.457523777,      -2.985739375
          0,           0,          71,      -2.474761168,      -2.457514105,       -2.98565775
          0,           0,          72,       -2.47475934,      -2.457521559,       -2.98566446
          0,           0,          73,      -2.474760203,      -2.457518062,      -2.985629095
          0,           0,          74,      -2.474767404,      -2.457517258,      -2.985581194
          0,           0,          75,      -2.474762514,      -2.457521308,      -2.985647621
          0,           0,          76,      -2.474753129,       -2.45752038,      -2.985663523
          0,           0,          77,       -2.47476393,       -2.45751572,      -2.985546436
          0,           0,          78,      -2.474762534,      -2.457522344,      -2.985603494
          0,           0,          79,      -2.474747654,      -2.457522159,      -2.985649112
          0,           0,          80,      -2.474748529,      -2.457521308,      -2.985594345
          0,           0,          81,      -2.474752445,      -2.457522733,      -2.985566071
          0,           0,          82,      -2.474757128,      -2.457521071,      -2.985544336
          0,           0,          83,      -2.474750957,      -2.457524003,      -2.985596171
          0,           0,          84,      -2.474756306,      -2.457518624,      -2.985525838
          0,           0,          85,      -2.474754291,      -2.457523415,      -2.985566782
          0,           0,          86,      -2.474749287,      -2.457522382,      -2.985580988
          0,           0,          87,      -2.474757619,      -2.457518794,      -2.985500415
          0,           0,          88,      -2.474753585,        -2.4575242,      -2.985561078
          0,           0,          89,      -2.474744037,      -2.457522962,      -2.985578019
          0,           0,          90,      -2.474747114,       -2.45752256,      -2.985532088
          0,           0,          91,      -2.474752032,      -2.457522811,      -2.985507086
          0,           0,          92,      -2.474752467,      -2.457522922,      -2.985521959
          0,           0,          93,      -2.474746475,      -2.457524384,      -2.985555771
          0,           0,          94,      -2.474747093,      -2.457522942,      -2.985529764
          0,           0,          95,      -2.474746141,      -2.457524276,      -2.985529585
          0,           0,          96,       -2.47474921,      -2.457523132,      -2.985512745
          0,           0,          97,       -2.47474873,      -2.457524053,      -2.985522831
          0,           0,          98,       -2.47474569,      -2.457523654,       -2.98553087
          0,           0,          99,      -2.474753125,      -2.457520794,      -2.985471829
          0,           0,         100,      -2.474747038,      -2.457525886,      -2.985539385
          0,           0,         101,      -2.474744282,      -2.457522674,      -2.985519358
          0,           0,         102,      -2.474748979,      -2.457523354,      -2.985486907
          0,           0,         103,      -2.474747319,      -2.457525162,      -2.985514656
          0,           0,         104,      -2.474742818,      -2.457524476,      -2.985519463
          0,           0,         105,      -2.474753541,      -2.457518624,      -2.985401647
          0,           0,         106,      -2.474741128,      -2.457528443,      -2.985521484
          0,           0,         107,      -2.474741164,      -2.457521702,      -2.985454739
          0,           0,         108,       -2.47473272,      -2.457528616,      -2.985484959
          0,           0,         109,      -2.474732111,      -2.457526236,      -2.985448077
          0,           0,         110,      -2.474739021,      -2.457526179,      -2.985401597
          0,           0,         111,      -2.474731408,      -2.457529281,      -2.985453895
          0,           0,         112,      -2.474745106,      -2.457518066,      -2.985272315
          0,           0,         113,      -2.474729939,      -2.457532087,      -2.985412765
          0,           0,         114,      -2.474721364,      -2.457526324,       -2.98536244
          0,           0,         115,      -2.474722217,      -2.457530833,      -2.985327833
          0,           0,         116,      -2.474726065,      -2.457529498,      -2.985295833
          0,           0,         117,      -2.474721694,      -2.457532126,      -2.985329112
          0,           0,         118,      -2.474727109,      -2.457528001,       -2.98527176
          0,           0,         119,      -2.474729564,      -2.457529878,      -2.985277618
          0,           0,         120,      -2.474720678,      -2.457531523,      -2.985327639
          0,           0,         121,      -2.474714753,      -2.457527282,      -2.985306086
          0,           0,         122,      -2.474725582,       -2.45752891,      -2.985235074
          0,           0,         123,      -2.474717467,      -2.457530886,      -2.985283376
          0,           0,         124,      -2.474722779,      -2.457527967,      -2.985218875
          0,           0,         125,      -2.474723992,      -2.457531992,      -2.985234645
          0,           0,         126,      -2.474712234,      -2.457527086,      -2.985256784
          0,           0,         127,      -2.474712443,      -2.457527224,      -2.985228217
          0,           0,         128,      -2.474715284,      -2.457529973,      -2.985216142
          0,           0,         129,      -2.474714218,      -2.457529006,      -2.985219132
          0,           0,         130,      -2.474720181,      -2.457530854,       -2.98518876
          0,           0,         131,      -2.474708033,      -2.457525808,      -2.985215733
          0,           0,         132,      -2.474708433,      -2.457524593,       -2.98519371
          0,           0,         133,      -2.474707181,       -2.45752466,      -2.985186371
          0,           0,         134,      -2.474716679,      -2.457530671,      -2.985135439
          0,           0,         135,      -2.474717403,      -2.457533251,      -2.985149847
          0,           0,         136,       -2.47470901,      -2.457526444,      -2.985163887
          0,           0,         137,      -2.474710755,      -2.457528135,      -2.985142313
          0,           0,         138,      -2.474708348,      -2.457526524,      -2.985147128
          0,           0,         139,      -2.474715406,      -2.457530853,      -2.985102847
          0,           0,         140,      -2.474704947,      -2.457524952,      -2.985130307
          0,           0,         141,      -2.474709682,      -2.457528803,      -2.985086695
          0,           0,         142,      -2.474701031,      -2.457522972,      -2.985094634
          0,           0,         143,      -2.474703296,      -2.457524084,      -2.985070758
          0,           0,         144,      -2.474700805,      -2.457523487,      -2.985068318
          0,           0,         145,      -2.474700033,      -2.457522286,      -2.985065161
          0,           0,         146,      -2.474701446,      -2.457522706,      -2.985063976
          0,           0,         147,      -2.474703402,      -2.457524175,      -2.985061823
          0,           0,         148,      -2.474704415,      -2.457525268,      -2.985059284
          0,           0,         149,      -2.474703586,      -2.457524637,      -2.985062351
          0,           0,         150,       -2.47470711,      -2.457527606,       -2.98504899
          0,           0,         151,      -2.474705894,      -2.457526188,      -2.985058424
          0,           0,         152,      -2.474702289,       -2.45752315,      -2.985064545
          0,           0,         153,      -2.474702803,      -2.457524247,      -2.985054352
          0,           0,         154,      -2.474700194,      -2.457522246,      -2.985058713
          0,           0,         155,      -2.474698587,      -2.457520691,      -2.985057925
          0,           0,         156,      -2.474699231,      -2.457521243,      -2.985053969
          0,           0,         157,      -2.474698997,      -2.457520979,      -2.985054466
          0,           0,         158,      -2.474693776,       -2.45751865,      -2.985049168
          0,           0,         159,      -2.474695029,      -2.457519281,      -2.985040796
          0,           0,         160,      -2.474695461,      -2.457519148,      -2.985043668
          0,           0,         161,       -2.47469635,       -2.45751973,      -2.985042825
          0,           0,         162,      -2.474699911,      -2.457521483,      -2.985042782
          0,           0,         163,      -2.474698355,       -2.45752139,      -2.985044645
          0,           0,         164,      -2.474701763,      -2.457523677,      -2.985036358
          0,           0,         165,        -2.4747036,       -2.45752498,      -2.985037935
          0,           0,         166,      -2.474699814,      -2.457522114,       -2.98504559
          0,           0,         167,      -2.474701329,      -2.457522759,      -2.985038862
          0,           0,         168,       -2.47469709,      -2.457519825,      -2.985044485
          0,           0,         169,      -2.474702086,      -2.457524129,       -2.98502015
          0,           0,         170,       -2.47469799,      -2.457521366,      -2.985029464
          0,           0,         171,      -2.474696903,       -2.45752004,      -2.985025233
          0,           0,         172,      -2.474694173,       -2.45751914,      -2.985020259
          0,           0,         173,      -2.474698823,      -2.457522107,      -2.985008196
          0,           0,         174,      -2.474696993,      -2.457520032,      -2.985019683
          0,           0,         175,      -2.474701797,      -2.457524377,      -2.984996322
          0,           0,         176,      -2.474705194,      -2.457527795,      -2.984983183
          0,           0,         177,      -2.474694941,      -2.457519825,      -2.985000962
          0,           0,         178,       -2.47469301,      -2.457518525,      -2.984985104
          0,           0,         179,      -2.474693773,      -2.457518903,       -2.98498033
          0,           0,         180,      -2.474695109,      -2.457519632,      -2.984977994
          0,           0,         181,      -2.474691114,      -2.457516902,       -2.98498117
          0,           0,         182,      -2.474696467,      -2.457520903,      -2.984961226
          0,           0,         183,       -2.47469231,      -2.457518019,      -2.984970486
          0,           0,         184,      -2.474696152,      -2.457520257,      -2.984954862
          0,           0,         185,      -2.474696235,       -2.45752043,      -2.984957634
          0,           0,         186,      -2.474688484,      -2.457515855,      -2.984956733
          0,           0,         187,      -2.474690025,      -2.457517035,      -2.984941787
          0,           0,         188,      -2.474689614,      -2.457516733,      -2.984942915
          0,           0,         189,      -2.474696035,      -2.457522176,      -2.984918332
          0,           0,         190,      -2.474696279,      -2.457521225,      -2.984929013
          0,           0,         191,      -2.474692894,      -2.457518805,      -2.984933309
          0,           0,         192,      -2.474692589,      -2.457518086,      -2.984932151
          0,           0,         193,      -2.474688368,      -2.457515829,      -2.984930909
          0,           0,         194,      -2.474692822,      -2.457519441,      -2.984912265
          0,           0,         195,      -2.474687319,      -2.457516444,      -2.984916209
          0,           0,         196,      -2.474688424,      -2.457516589,      -2.984907443
          0,           0,         197,      -2.474693876,      -2.457519892,      -2.984898593
          0,           0,         198,      -2.474691642,       -2.45751893,      -2.984903339
          0,           0,         199,      -2.474688763,       -2.45751691,      -2.984903456
          0,           0,         200,      -2.474689958,      -2.457517242,       -2.98490004
          0,           0,         201,      -2.474691864,      -2.457519176,      -2.984893595
          0,           0,         202,      -2.474684475,       -2.45751446,       -2.98489769
          0,           0,         203,      -2.474684586,      -2.457513545,       -2.98488957
          0,           0,         204,       -2.47468998,      -2.457517388,      -2.984876665
          0,           0,         205,      -2.474684889,       -2.45751457,      -2.984881371
          0,           0,         206,      -2.474688026,      -2.457515739,      -2.984871679
          0,           0,         207,      -2.474686264,      -2.457514958,       -2.98487461
          0,           0,         208,      -2.474685274,      -2.457514879,      -2.984867818
          0,           0,         209,      -2.474686539,      -2.457515152,      -2.984868523
          0,           0,         210,      -2.474686038,      -2.457515591,      -2.984866137
          0,           0,         211,      -2.474686473,       -2.45751546,      -2.984867023
          0,           0,         212,      -2.474685933,      -2.457515241,       -2.98486749
          0,           0,         213,      -2.474689228,      -2.457517428,      -2.984860868
          0,           0,         214,      -2.474686169,      -2.457514936,      -2.984869779
          0,           0,         215,      -2.474689408,      -2.457517526,       -2.98485486
          0,           0,         216,      -2.474684221,      -2.457514675,      -2.984858863
          0,           0,         217,      -2.474686521,      -2.457515479,      -2.984849329
          0,           0,         218,      -2.474682466,      -2.457513839,      -2.984848377
          0,           0,         219,      -2.474686776,      -2.457516505,      -2.984833133
          0,           0,         220,      -2.474686463,      -2.457515731,      -2.984839935
          0,           0,         221,      -2.474679116,      -2.457511943,       -2.98483463
          0,           0,         222,      -2.474686119,      -2.457515635,      -2.984812325
          0,           0,         223,      -2.474681945,       -2.45751348,      -2.984816621
          0,           0,         224,      -2.474681505,      -2.457512816,      -2.984809727
          0,           0,         225,      -2.474681869,      -2.457513362,      -2.984806832
          0,           0,         226,      -2.474680601,      -2.457512843,      -2.984805447
          0,           0,         227,      -2.474679921,      -2.457512112,      -2.984805987
          0,           0,         228,      -2.474682434,      -2.457513497,      -2.984802391
          0,           0,         229,      -2.474676273,      -2.457510285,      -2.984800951
          0,           0,         230,      -2.474678886,      -2.457511063,      -2.984793253
          0,           0,         231,        -2.4746797,      -2.457511702,      -2.984793686
          0,           0,         232,       -2.47468058,      -2.457512193,      -2.984792495
          0,           0,         233,      -2.474681429,      -2.457512889,      -2.984792111
          0,           0,         234,      -2.474680913,       -2.45751313,       -2.98479056
          0,           0,         235,      -2.474680684,      -2.457512485,        -2.9847929
          0,           0,         236,      -2.474677088,      -2.457510981,      -2.984789629
          0,           0,         237,      -2.474682056,      -2.457513494,      -2.984780165
          0,           0,         238,      -2.474681427,      -2.457512338,      -2.984789315
          0,           0,         239,      -2.474681226,      -2.457512268,       -2.98478621
          0,           0,         240,      -2.474679095,      -2.457512287,      -2.984780873
          0,           0,         241,      -2.474677717,      -2.457510919,      -2.984781452
          0,           0,         242,       -2.47468186,      -2.457513299,      -2.984773141
          0,           0,         243,      -2.474682468,      -2.457513985,       -2.98477401
          0,           0,         244,      -2.474682413,      -2.457513717,      -2.984774765
          0,           0,         245,      -2.474676381,      -2.457511667,       -2.98476809
          0,           0,         246,      -2.474674524,       -2.45750958,      -2.984764453
          0,           0,         247,      -2.474676455,      -2.457510415,      -2.984761321
          0,           0,         248,      -2.474679624,      -2.457511691,      -2.984761915
          0,           0,         249,      -2.474676121,      -2.457510282,      -2.984762429
          0,           0,         250,      -2.474679132,      -2.457511911,       -2.98475425
          0,           0,         251,      -2.474677502,      -2.457509779,      -2.984764129
          0,           0,         252,      -2.474677702,       -2.45751051,      -2.984756659
          0,           0,         253,      -2.474680126,      -2.457512772,      -2.984748948
          0,           0,         254,      -2.474678051,      -2.457511247,      -2.984754423
          0,           0,         255,      -2.474674737,      -2.457509113,      -2.984753161
          0,           0,         256,      -2.474675185,      -2.457509745,       -2.98474627
          0,           0,         257,       -2.47467986,      -2.457512828,      -2.984736879
          0,           0,         258,      -2.474674703,      -2.457510389,      -2.984738762
          0,           0,         259,      -2.474679686,      -2.457512873,      -2.984723313
          0,           0,         260,      -2.474671023,      -2.457507721,      -2.984723429
          0,           0,         261,      -2.474672023,      -2.457507324,      -2.984711472
          0,           0,         262,      -2.474672312,      -2.457508036,      -2.984706638
          0,           0,         263,      -2.474670897,      -2.457507457,      -2.984703574
          0,           0,         264,      -2.474677298,      -2.457511882,      -2.984684113
          0,           0,         265,      -2.474672666,      -2.457508743,      -2.984692209
          0,           0,         266,      -2.474671925,      -2.457507823,      -2.984686554
          0,           0,         267,      -2.474674389,      -2.457509325,      -2.984681783
          0,           0,         268,      -2.474671182,      -2.457507298,      -2.984685292
          0,           0,         269,      -2.474669137,      -2.457506068,      -2.984680496
          0,           0,         270,      -2.474672918,        -2.4575081,      -2.984674956
          0,           0,         271,      -2.474670569,       -2.45750644,      -2.984680024
          0,           0,         272,      -2.474670682,      -2.457505978,      -2.984678432
          0,           0,         273,      -2.474670938,      -2.457507042,      -2.984673145
          0,           0,         274,      -2.474671673,      -2.457507851,      -2.984670555
          0,           0,         275,      -2.474668386,       -2.45750642,      -2.984668705
          0,           0,         276,      -2.474671645,      -2.457507992,      -2.984663287
          0,           0,         277,      -2.474669235,      -2.457506627,      -2.984666328
          0,           0,         278,      -2.474670956,      -2.457507462,      -2.984661603
          0,           0,         279,      -2.474671417,      -2.457508261,      -2.984659958
          0,           0,         280,      -2.474672362,      -2.457508227,      -2.984662297
          0,           0,         281,      -2.474669573,      -2.457506626,      -2.984664059
          0,           0,         282,      -2.474675205,      -2.457510202,      -2.984643803
          0,           0,         283,      -2.474676105,      -2.457512103,      -2.984631923
          0,           0,         284,      -2.474666458,      -2.457505399,      -2.984637384
          0,           0,         285,      -2.474667132,      -2.457504909,      -2.984626675
          0,           0,         286,      -2.474671505,       -2.45750842,      -2.984610099
          0,           0,         287,      -2.474665022,      -2.457504649,       -2.98461179
          0,           0,         288,      -2.474668599,      -2.457506319,      -2.984596818
          0,           0,         289,      -2.474671868,       -2.45750847,      -2.984586713
          0,           0,         290,      -2.474661912,      -2.457503158,      -2.984583064
          0,           0,         291,      -2.474664399,      -2.457503198,      -2.984572979
          0,           0,         292,      -2.474659429,      -2.457501991,      -2.984560346
          0,           0,         293,      -2.474660882,      -2.457502273,       -2.98455447
          0,           0,         294,      -2.474659945,      -2.457501807,      -2.984553474
          0,           0,         295,      -2.474663333,      -2.457503307,      -2.984551022
          0,           0,         296,      -2.474661424,      -2.457501602,      -2.984557103
          0,           0,         297,      -2.474659024,      -2.457500726,      -2.984550732
          0,           0,         298,       -2.47466001,      -2.457501374,      -2.984547143
          0,           0,         299,      -2.474663587,      -2.457503474,      -2.984543381
          0,           0,         300,        -2.4746606,      -2.457502012,      -2.984544941
          0,           0,         301,      -2.474660784,      -2.457502177,      -2.984540568
          0,           0,         302,      -2.474659072,      -2.457501582,      -2.984537816
          0,           0,         303,      -2.474659591,      -2.457501177,      -2.984539154
          0,           0,         304,       -2.47465996,      -2.457501566,       -2.98453852
          0,           0,         305,       -2.47465982,      -2.457501643,      -2.984537726
          0,           0,         306,      -2.474662915,      -2.457503607,      -2.984533461
          0,           0,         307,      -2.474658153,      -2.457501205,      -2.984532449
          0,           0,         308,      -2.474658755,      -2.457501041,      -2.984528579
          0,           0,         309,      -2.474658724,      -2.457501756,       -2.98452355
          0,           0,         310,      -2.474656686,      -2.457500596,      -2.984522116
          0,           0,         311,      -2.474658877,      -2.457501196,      -2.984522864
          0,           0,         312,      -2.474658736,      -2.457501232,      -2.984523503
          0,           0,         313,      -2.474658209,        -2.4575006,      -2.984525359
          0,           0,         314,      -2.474658542,      -2.457500829,      -2.984524046
          0,           0,         315,      -2.474660273,      -2.457502127,      -2.984521795
          0,           0,         316,      -2.474661407,      -2.457502616,      -2.984523264
          0,           0,         317,      -2.474658368,      -2.457500781,      -2.984525067
          0,           0,         318,      -2.474662392,      -2.457503096,      -2.984514494
          0,           0,         319,      -2.474659342,      -2.457501064,      -2.984518979
          0,           0,         320,      -2.474660536,      -2.457501351,      -2.984514733
          0,           0,         321,      -2.474658327,      -2.457500854,      -2.984511187
          0,           0,         322,      -2.474659797,      -2.457501609,      -2.984507528
          0,           0,         323,       -2.47465879,      -2.457501134,      -2.984508214
          0,           0,         324,      -2.474656865,       -2.45750038,      -2.984504452
          0,           0,         325,      -2.474659532,      -2.457500779,       -2.98450699
          0,           0,         326,      -2.474661362,      -2.457502771,      -2.984499794
          0,           0,         327,      -2.474657027,      -2.457500727,      -2.984498501
          0,           0,         328,      -2.474657075,      -2.457500602,      -2.984494045
          0,           0,         329,      -2.474662216,      -2.457503532,      -2.984480493
          0,           0,         330,      -2.474656021,      -2.457500609,      -2.984478323
          0,           0,         331,       -2.47465263,      -2.457498679,        -2.9844672
          0,           0,         332,      -2.474656133,      -2.457499309,      -2.984468215
          0,           0,         333,      -2.474653366,      -2.457498734,      -2.984462158
          0,           0,         334,      -2.474652354,       -2.45749841,      -2.984456566
          0,           0,         335,      -2.474654873,      -2.457498895,      -2.984459955
          0,           0,         336,      -2.474654642,      -2.457498717,      -2.984461673
          0,           0,         337,      -2.474654944,      -2.457498551,      -2.984463609
          0,           0,         338,       -2.47465397,      -2.457498598,      -2.984460273
          0,           0,         339,      -2.474650784,      -2.457497934,      -2.984450016
          0,           0,         340,       -2.47465444,      -2.457498265,      -2.984456279
          0,           0,         341,      -2.474652446,      -2.457497785,      -2.984453404
          0,           0,         342,      -2.474652639,      -2.457497928,      -2.984451187
          0,           0,         343,      -2.474653134,      -2.457498027,      -2.984452034
          0,           0,         344,      -2.474652595,      -2.457497873,      -2.984451468
          0,           0,         345,      -2.474656281,      -2.457499878,      -2.984447372
          0,           0,         346,       -2.47465075,      -2.457497401,      -2.984441982
          0,           0,         347,      -2.474657117,      -2.457501359,      -2.984413514
          0,           0,         348,      -2.474650634,      -2.457498012,      -2.984407317
          0,           0,         349,      -2.474651311,      -2.457497241,      -2.984401882
          0,           0,         350,      -2.474649787,      -2.457496477,      -2.984398911
          0,           0,         351,      -2.474648797,      -2.457496161,       -2.98439426
          0,           0,         352,       -2.47464919,      -2.457496424,      -2.984392147
          0,           0,         353,      -2.474651764,      -2.457497363,      -2.984393178
          0,           0,         354,      -2.474648794,      -2.457496229,      -2.984390773
          0,           0,         355,      -2.474652001,      -2.457496882,       -2.98439159
          0,           0,         356,      -2.474653797,      -2.457498116,       -2.98438695
          0,           0,         357,       -2.47465113,      -2.457496206,      -2.984391591
          0,           0,         358,      -2.474648339,      -2.457495741,      -2.984382114
          0,           0,         359,      -2.474649826,      -2.457496009,      -2.984382745
          0,           0,         360,      -2.474648279,      -2.457495022,      -2.984383529
          0,           0,         361,      -2.474646387,      -2.457495502,       -2.98437155
          0,           0,         362,      -2.474645982,      -2.457495229,      -2.984369515
          0,           0,         363,      -2.474649439,      -2.457495386,      -2.984378338
          0,           0,         364,      -2.474646409,      -2.457495749,      -2.984366417
          0,           0,         365,      -2.474645715,      -2.457495597,      -2.984362042
          0,           0,         366,       -2.47464989,       -2.45749617,      -2.984369066
          0,           0,         367,      -2.474648345,      -2.457496047,      -2.984366928
          0,           0,         368,      -2.474647162,      -2.457494991,      -2.984367669
          0,           0,         369,      -2.474646637,       -2.45749534,       -2.98436216
          0,           0,         370,      -2.474651755,      -2.457497393,       -2.98435586
          0,           0,         371,      -2.474644722,      -2.457495565,      -2.984339729
          0,           0,         372,      -2.474647079,      -2.457494261,       -2.98434641
          0,           0,         373,      -2.474646036,      -2.457494601,      -2.984339394
          0,           0,         374,       -2.47464511,      -2.457494072,      -2.984337871
          0,           0,         375,      -2.474642247,      -2.457494615,      -2.984320326
          0,           0,         376,      -2.474645855,      -2.457495234,      -2.984326612
          0,           0,         377,      -2.474643813,      -2.457493891,      -2.984328137
          0,           0,         378,      -2.474643357,      -2.457494071,      -2.984322982
          0,           0,         379,       -2.47464206,      -2.457494677,      -2.984312714
          0,           0,         380,      -2.474644258,      -2.457494422,      -2.984322006
          0,           0,         381,      -2.474646457,      -2.457494072,      -2.984332205
          0,           0,         382,       -2.47464426,      -2.457493868,      -2.984327199
          0,           0,         383,      -2.474641816,       -2.45749398,      -2.984314289
          0,           0,         384,      -2.474645785,      -2.457494403,      -2.984322835
          0,           0,         385,      -2.474642481,      -2.457494008,      -2.984312896
          0,           0,         386,       -2.47464385,      -2.457494118,      -2.984314859
          0,           0,         387,      -2.474644556,      -2.457493913,      -2.984318612
          0,           0,         388,      -2.474644421,      -2.457493718,       -2.98431981
          0,           0,         389,      -2.474643781,      -2.457493543,       -2.98431829
          0,           0,         390,      -2.474642811,      -2.457493061,      -2.984316809
          0,           0,         391,      -2.474644045,      -2.457493515,      -2.984317239
          0,           0,         392,      -2.474643444,      -2.457493405,      -2.984316247
          0,           0,         393,      -2.474641822,      -2.457493784,      -2.984306609
          0,           0,         394,      -2.474642977,      -2.457492358,      -2.984318506
          0,           0,         395,      -2.474641382,      -2.457493121,      -2.984306691
          0,           0,         396,      -2.474642629,      -2.457493393,      -2.984309651
          0,           0,         397,      -2.474645407,      -2.457493856,      -2.984316326
          0,           0,         398,      -2.474644594,      -2.457493944,      -2.984314843
          0,           0,         399,      -2.474645526,      -2.457494611,      -2.984313366
          0,           0,         400,      -2.474643304,      -2.457493323,      -2.984313546
          0,           0,         401,      -2.474646729,       -2.45749395,      -2.984314939
          0,           0,         402,      -2.474641361,      -2.457493075,      -2.984299273
          0,           0,         403,      -2.474639972,       -2.45749309,      -2.984286939
          0,           0,         404,      -2.474640792,      -2.457493219,      -2.984286502
          0,           0,         405,      -2.474641966,      -2.457493134,      -2.984291278
          0,           0,         406,      -2.474641508,      -2.457492927,      -2.984291608
          0,           0,         407,      -2.474643458,      -2.457493536,      -2.984294057
          0,           0,         408,      -2.474640866,      -2.457492645,      -2.984290166
          0,           0,         409,      -2.474641092,      -2.457491984,      -2.984292576
          0,           0,         410,      -2.474641535,      -2.457492778,      -2.984288365
          0,           0,         411,      -2.474643726,      -2.457493551,      -2.984290478
          0,           0,         412,      -2.474643629,      -2.457493101,      -2.984294524
          0,           0,         413,      -2.474643253,      -2.457491761,      -2.984301597
          0,           0,         414,      -2.474640469,      -2.457492402,      -2.984286151
          0,           0,         415,      -2.474641866,      -2.457492238,      -2.984290489
          0,           0,         416,       -2.47464041,      -2.457491912,      -2.984286444
          0,           0,         417,      -2.474640505,      -2.457492807,      -2.984280093
          0,           0,         418,      -2.474640881,      -2.457493249,      -2.984278911
          0,           0,         419,      -2.474646308,      -2.457494232,      -2.984283312
          0,           0,         420,      -2.474644573,      -2.457492924,      -2.984287508
          0,           0,         421,      -2.474640383,      -2.457492087,      -2.984275382
          0,           0,         422,        -2.4746414,      -2.457491965,      -2.984275739
          0,           0,         423,      -2.474642138,      -2.457491839,      -2.984278353
          0,           0,         424,      -2.474640472,      -2.457491974,      -2.984271543
          0,           0,         425,       -2.47464046,      -2.457491708,      -2.984272051
          0,           0,         426,      -2.474640409,      -2.457492438,      -2.984266487
          0,           0,         427,      -2.474639918,      -2.457491754,      -2.984268949
          0,           0,         428,      -2.474639926,      -2.457491682,      -2.984268418
          0,           0,         429,      -2.474641232,      -2.457492146,      -2.984270024
          0,           0,         430,      -2.474639658,      -2.457491997,      -2.984265489
          0,           0,         431,      -2.474639799,      -2.457491463,      -2.984268438
          0,           0,         432,      -2.474638047,      -2.457492136,      -2.984255676
          0,           0,         433,      -2.474638682,      -2.457492374,      -2.984256184
          0,           0,         434,      -2.474641357,       -2.45749265,      -2.984264163
          0,           0,         435,      -2.474638883,      -2.457492894,      -2.984253818
          0,           0,         436,       -2.47463907,      -2.457491812,      -2.984260154
          0,           0,         437,      -2.474641444,      -2.457491969,      -2.984266204
          0,           0,         438,      -2.474639659,      -2.457492278,      -2.984258671
          0,           0,         439,      -2.474639377,       -2.45749243,       -2.98425557
          0,           0,         440,      -2.474641966,      -2.457492205,      -2.984265152
          0,           0,         441,      -2.474639465,      -2.457491779,      -2.984259031
          0,           0,         442,      -2.474639428,      -2.457491696,      -2.984257955
          0,           0,         443,      -2.474641389,      -2.457492054,      -2.984261411
          0,           0,         444,      -2.474638931,      -2.457491199,      -2.984257529
          0,           0,         445,      -2.474637966,      -2.457491602,      -2.984248737
          0,           0,         446,      -2.474640877,      -2.457492118,      -2.984254399
          0,           0,         447,       -2.47463966,      -2.457490985,      -2.984258067
          0,           0,         448,      -2.474638648,      -2.457491368,      -2.984250742
          0,           0,         449,        -2.4746407,      -2.457491594,      -2.984255724
          0,           0,         450,      -2.474639545,      -2.457491443,      -2.984253072
          0,           0,         451,      -2.474641174,       -2.45749161,      -2.984256466
          0,           0,         452,      -2.474640005,      -2.457490187,      -2.984262252
          0,           0,         453,      -2.474638492,      -2.457491501,      -2.984246839
          0,           0,         454,      -2.474641164,      -2.457491674,       -2.98425401
          0,           0,         455,      -2.474639455,      -2.457491408,      -2.984250189
          0,           0,         456,      -2.474639547,      -2.457491316,      -2.984249919
          0,           0,         457,      -2.474637549,      -2.457491382,      -2.984240742
          0,           0,         458,      -2.474641752,      -2.457491714,      -2.984249385
          0,           0,         459,      -2.474636426,       -2.45749187,      -2.984225779
          0,           0,         460,       -2.47463678,      -2.457491553,      -2.984225309
          0,           0,         461,      -2.474636863,      -2.457491849,      -2.984221503
          0,           0,         462,      -2.474637482,      -2.457491554,      -2.984226101
          0,           0,         463,      -2.474638733,      -2.457490704,      -2.984236376
          0,           0,         464,      -2.474635237,      -2.457492291,      -2.984211084
          0,           0,         465,       -2.47464016,      -2.457492833,      -2.984224028
          0,           0,         466,      -2.474639151,      -2.457491583,      -2.984229691
          0,           0,         467,      -2.474637352,      -2.457490915,      -2.984226496
          0,           0,         468,      -2.474637176,      -2.457490658,      -2.984225962
          0,           0,         469,       -2.47463751,      -2.457490945,       -2.98422452
          0,           0,         470,       -2.47463711,      -2.457491069,      -2.984221915
          0,           0,         471,      -2.474637068,      -2.457491159,      -2.984220988
          0,           0,         472,      -2.474635867,       -2.45749077,      -2.984217739
          0,           0,         473,      -2.474637814,      -2.457490625,      -2.984225165
          0,           0,         474,      -2.474635103,      -2.457491346,      -2.984208681
          0,           0,         475,      -2.474638025,      -2.457491221,      -2.984220439
          0,           0,         476,      -2.474636592,      -2.457490194,      -2.984221369
          0,           0,         477,      -2.474636961,      -2.457490115,      -2.984222813
          0,           0,         478,      -2.474638423,      -2.457490284,      -2.984227112
          0,           0,         479,      -2.474638543,      -2.457490108,      -2.984229525
          0,           0,         480,      -2.474636776,      -2.457490625,      -2.984219492
          0,           0,         481,      -2.474634852,      -2.457491994,      -2.984200733
          0,           0,         482,      -2.474636115,      -2.457491063,      -2.984211361
          0,           0,         483,      -2.474637708,       -2.45749104,      -2.984217225
          0,           0,         484,      -2.474636757,      -2.457490076,       -2.98422079
          0,           0,         485,      -2.474636328,      -2.457489963,      -2.984219112
          0,           0,         486,      -2.474637743,      -2.457490932,      -2.984217575
          0,           0,         487,       -2.47463595,      -2.457491517,      -2.984206883
          0,           0,         488,      -2.474639107,      -2.457491177,       -2.98421938
          0,           0,         489,      -2.474637121,      -2.457491074,      -2.984213191
          0,           0,         490,      -2.474638389,      -2.457490053,      -2.984224219
          0,           0,         491,      -2.474636324,      -2.457490284,      -2.984214332
          0,           0,         492,      -2.474636521,      -2.457491123,      -2.984208859
          0,           0,         493,      -2.474637154,      -2.457490958,      -2.984212131
          0,           0,         494,      -2.474636038,      -2.457490311,      -2.984211476
          0,           0,         495,      -2.474636651,      -2.457490881,      -2.984209721
          0,           0,         496,       -2.47463723,      -2.457490753,      -2.984213177
          0,           0,         497,       -2.47463514,      -2.457490851,      -2.984203469
          0,           0,         498,      -2.474635005,      -2.457490948,      -2.984200903
          0,           0,         499,      -2.474636651,      -2.457490027,      -2.984212904
          0,           0,         500,      -2.474637341,      -2.457490209,      -2.984214736
          0,           0,         501,      -2.474636733,      -2.457490848,      -2.984209205
          0,           0,         502,       -2.47463521,      -2.457491098,       -2.98420073
          0,           0,         503,      -2.474636036,      -2.457490558,      -2.984206741
          0,           0,         504,      -2.474637723,      -2.457490373,      -2.984213811
          0,           0,         505,      -2.474639503,       -2.45749141,      -2.984212594
          0,           0,         506,      -2.474637391,      -2.457490447,      -2.984211915
          0,           0,         507,      -2.474634538,       -2.45749141,      -2.984191419
          0,           0,         508,      -2.474636897,      -2.457491309,      -2.984199736
          0,           0,         509,      -2.474635368,      -2.457490158,      -2.984200544
          0,           0,         510,      -2.474635743,      -2.457489731,      -2.984203861
          0,           0,         511,      -2.474635953,      -2.457490129,      -2.984201756
          0,           0,         512,      -2.474638653,       -2.45749083,      -2.984205649
          0,           0,         513,      -2.474634852,      -2.457490484,      -2.984192517
          0,           0,         514,      -2.474635843,      -2.457489749,      -2.984198534
          0,           0,         515,       -2.47463395,      -2.457490712,      -2.984182923
          0,           0,         516,      -2.474634699,      -2.457490403,      -2.984187536
          0,           0,         517,      -2.474636064,      -2.457490267,      -2.984193137
          0,           0,         518,      -2.474634676,      -2.457490368,      -2.984187405
          0,           0,         519,      -2.474635776,      -2.457490108,      -2.984193296
          0,           0,         520,      -2.474633907,      -2.457490487,      -2.984182524
          0,           0,         521,      -2.474634123,       -2.45749094,      -2.984179947
          0,           0,         522,      -2.474634681,      -2.457490996,      -2.984181592
          0,           0,         523,       -2.47463447,      -2.457489512,      -2.984190498
          0,           0,         524,      -2.474634581,      -2.457490114,      -2.984186501
          0,           0,         525,      -2.474634107,      -2.457491379,      -2.984176645
          0,           0,         526,      -2.474636222,      -2.457490414,       -2.98419217
          0,           0,         527,      -2.474636355,      -2.457489771,      -2.984197661
          0,           0,         528,      -2.474635229,      -2.457490392,      -2.984189927
          0,           0,         529,      -2.474633693,      -2.457490743,      -2.984180156
          0,           0,         530,      -2.474635713,      -2.457489871,      -2.984192806
          0,           0,         531,      -2.474634835,      -2.457489596,      -2.984191133
          0,           0,         532,      -2.474635435,      -2.457489995,      -2.984191132
          0,           0,         533,      -2.474637488,      -2.457490804,      -2.984192559
          0,           0,         534,      -2.474637092,      -2.457490206,      -2.984195975
          0,           0,         535,      -2.474636866,      -2.457489552,      -2.984199673
          0,           0,         536,      -2.474634692,      -2.457489043,      -2.984193774
          0,           0,         537,      -2.474633861,      -2.457490563,      -2.984178734
          0,           0,         538,      -2.474636441,      -2.457490648,      -2.984187566
          0,           0,         539,      -2.474637114,      -2.457489839,       -2.98419602
          0,           0,         540,      -2.474633333,      -2.457490918,      -2.984173105
          0,           0,         541,      -2.474634765,      -2.457490473,      -2.984180751
          0,           0,         542,      -2.474634752,      -2.457489461,      -2.984186323
          0,           0,         543,      -2.474635616,      -2.457489965,      -2.984186477
          0,           0,         544,      -2.474635817,      -2.457489793,      -2.984189214
          0,           0,         545,      -2.474635428,       -2.45748935,      -2.984190783
          0,           0,         546,      -2.474633506,       -2.45749015,      -2.984176699
          0,           0,         547,       -2.47463467,       -2.45748992,      -2.984182502
          0,           0,         548,      -2.474634187,      -2.457489601,      -2.984182027
          0,           0,         549,      -2.474633892,      -2.457490494,      -2.984174884
          0,           0,         550,      -2.474634631,      -2.457490195,      -2.984180218
          0,           0,         551,      -2.474634861,      -2.457490579,      -2.984178598
          0,           0,         552,      -2.474636352,      -2.457490167,      -2.984187814
          0,           0,         553,       -2.47463467,       -2.45748974,      -2.984184477
          0,           0,         554,      -2.474634772,      -2.457490502,      -2.984179303
          0,           0,         555,      -2.474634701,      -2.457489713,      -2.984183759
          0,           0,         556,      -2.474634258,      -2.457489816,      -2.984180644
          0,           0,         557,      -2.474634573,      -2.457489669,      -2.984182873
          0,           0,         558,      -2.474633811,      -2.457490131,      -2.984176344
          0,           0,         559,      -2.474634162,      -2.457489384,      -2.984182389
          0,           0,         560,      -2.474635606,      -2.457489443,      -2.984187291
          0,           0,         561,      -2.474634008,      -2.457489364,      -2.984181632
          0,           0,         562,      -2.474634813,      -2.457489522,      -2.984183452
          0,           0,         563,      -2.474633875,      -2.457489742,      -2.984177594
          0,           0,         564,      -2.474633793,       -2.45748914,      -2.984180765
          0,           0,         565,      -2.474633084,      -2.457489708,      -2.984173034
          0,           0,         566,      -2.474635148,        -2.4574899,       -2.98418051
          0,           0,         567,      -2.474634087,      -2.457489807,      -2.984177295
          0,           0,         568,       -2.47463301,      -2.457490763,      -2.984166004
          0,           0,         569,       -2.47463387,      -2.457490664,      -2.984170265
          0,           0,         570,       -2.47463467,      -2.457489759,      -2.984179507
          0,           0,         571,      -2.474638643,      -2.457490158,      -2.984186977
          0,           0,         572,      -2.474632054,      -2.457490647,      -2.984154726
          0,           0,         573,      -2.474634582,      -2.457490143,      -2.984164383
          0,           0,         574,       -2.47463343,      -2.457489269,      -2.984163231
          0,           0,         575,      -2.474633001,      -2.457489847,      -2.984157014
          0,           0,         576,      -2.474633967,      -2.457489626,      -2.984161854
          0,           0,         577,      -2.474633351,      -2.457489694,       -2.98415903
          0,           0,         578,      -2.474632387,      -2.457490131,      -2.984151501
          0,           0,         579,      -2.474632366,      -2.457489948,      -2.984151933
          0,           0,         580,      -2.474633922,      -2.457488857,      -2.984165166
          0,           0,         581,      -2.474633097,      -2.457488785,      -2.984162763
          0,           0,         582,        -2.4746337,      -2.457489193,      -2.984162529
          0,           0,         583,      -2.474633133,      -2.457489507,      -2.984158444
          0,           0,         584,      -2.474633863,      -2.457489655,      -2.984160261
          0,           0,         585,      -2.474633564,      -2.457489821,      -2.984158301
          0,           0,         586,      -2.474633491,      -2.457489405,      -2.984160728
          0,           0,         587,      -2.474631139,       -2.45749027,      -2.984143398
          0,           0,         588,      -2.474632557,      -2.457490337,      -2.984148718
          0,           0,         589,      -2.474634344,      -2.457489404,      -2.984161872
          0,           0,         590,       -2.47463353,      -2.457489639,      -2.984158292
          0,           0,         591,      -2.474635987,      -2.457489909,      -2.984164974
          0,           0,         592,      -2.474633424,      -2.457489389,      -2.984158741
          0,           0,         593,      -2.474631961,      -2.457489698,      -2.984148585
          0,           0,         594,      -2.474631837,      -2.457490091,       -2.98414365
          0,           0,         595,      -2.474633641,       -2.45748918,      -2.984156725
          0,           0,         596,      -2.474632141,      -2.457489804,      -2.984146661
          0,           0,         597,       -2.47463383,       -2.45748982,      -2.984153704
          0,           0,         598,      -2.474632175,      -2.457489301,      -2.984150066
          0,           0,         599,      -2.474631993,      -2.457489471,       -2.98414704
          0,           0,         600,      -2.474633277,      -2.457489382,      -2.984152603
          0,           0,         601,      -2.474633667,      -2.457488568,      -2.984160133
          0,           0,         602,      -2.474633447,       -2.45748921,       -2.98415545
          0,           0,         603,      -2.474632854,      -2.457489232,      -2.984152931
          0,           0,         604,      -2.474634179,      -2.457489831,      -2.984153407
          0,           0,         605,        -2.4746336,      -2.457488993,      -2.984156924
          0,           0,         606,      -2.474631909,      -2.457489018,       -2.98414896
          0,           0,         607,      -2.474632724,      -2.457489447,      -2.984148561
          0,           0,         608,      -2.474634038,      -2.457488943,        -2.9841569
          0,           0,         609,      -2.474633155,      -2.457489034,      -2.984153459
          0,           0,         610,      -2.474633291,      -2.457489574,      -2.984150345
          0,           0,         611,      -2.474631906,       -2.45748937,      -2.984145208
          0,           0,         612,      -2.474631084,      -2.457489785,      -2.984137473
          0,           0,         613,      -2.474630823,       -2.45749014,      -2.984132798
          0,           0,         614,      -2.474631364,       -2.45748917,      -2.984141351
          0,           0,         615,      -2.474631468,      -2.457488997,      -2.984142569
          0,           0,         616,      -2.474632059,      -2.457489147,      -2.984144621
          0,           0,         617,      -2.474632231,       -2.45748904,       -2.98414663
          0,           0,         618,      -2.474632307,      -2.457488768,      -2.984149075
          0,           0,         619,      -2.474633375,      -2.457488772,      -2.984153516
          0,           0,         620,      -2.474631861,      -2.457489116,       -2.98414515
          0,           0,         621,      -2.474630875,      -2.457490698,      -2.984129587
          0,           0,         622,      -2.474632339,      -2.457489478,       -2.98414434
          0,           0,         623,      -2.474631429,       -2.45748899,      -2.984143055
          0,           0,         624,      -2.474630745,      -2.457489606,      -2.984135632
          0,           0,         625,       -2.47463244,      -2.457489661,      -2.984142734
          0,           0,         626,       -2.47463318,      -2.457489292,      -2.984148831
          0,           0,         627,      -2.474631563,      -2.457489148,      -2.984143314
          0,           0,         628,      -2.474634123,      -2.457488958,      -2.984153888
          0,           0,         629,      -2.474632564,      -2.457488825,      -2.984148871
          0,           0,         630,      -2.474630615,      -2.457489916,        -2.9841319
          0,           0,         631,      -2.474630069,      -2.457490635,      -2.984123069
          0,           0,         632,       -2.47463182,      -2.457489819,       -2.98413626
          0,           0,         633,      -2.474632152,      -2.457489156,      -2.984142483
          0,           0,         634,      -2.474633026,      -2.457489395,      -2.984145561
          0,           0,         635,      -2.474631792,      -2.457489977,      -2.984136962
          0,           0,         636,      -2.474630637,      -2.457490469,      -2.984127725
          0,           0,         637,      -2.474630423,      -2.457490953,      -2.984122458
          0,           0,         638,      -2.474631553,      -2.457490158,      -2.984132843
          0,           0,         639,      -2.474633579,      -2.457488425,      -2.984153022
          0,           0,         640,      -2.474632583,      -2.457488648,      -2.984149035
          0,           0,         641,      -2.474632066,      -2.457489509,      -2.984141587
          0,           0,         642,      -2.474631142,      -2.457490597,      -2.984129795
          0,           0,         643,      -2.474632461,      -2.457490055,      -2.984139249
          0,           0,         644,      -2.474633755,      -2.457489312,      -2.984149561
          0,           0,         645,      -2.474632338,      -2.457489767,      -2.984141681
          0,           0,         646,      -2.474632915,      -2.457489094,      -2.984148566
          0,           0,         647,      -2.474633261,      -2.457488718,      -2.984152117
          0,           0,         648,      -2.474632374,      -2.457489222,      -2.984145458
          0,           0,         649,      -2.474634331,      -2.457489263,      -2.984152284
          0,           0,         650,       -2.47463193,       -2.45748872,        -2.9841458
          0,           0,         651,      -2.474631806,      -2.457489327,      -2.984139618
          0,           0,         652,      -2.474634213,      -2.457488559,      -2.984153414
          0,           0,         653,      -2.474632201,      -2.457488463,      -2.984146472
          0,           0,         654,      -2.474630641,      -2.457490106,      -2.984127995
          0,           0,         655,      -2.474634099,      -2.457490019,      -2.984141543
          0,           0,         656,      -2.474632342,      -2.457488862,      -2.984142397
          0,           0,         657,      -2.474632433,      -2.457488718,      -2.984143409
          0,           0,         658,      -2.474633006,      -2.457488746,      -2.984145065
          0,           0,         659,      -2.474632074,      -2.457488801,      -2.984141108
          0,           0,         660,      -2.474631589,       -2.45748884,      -2.984138181
          0,           0,         661,      -2.474631789,      -2.457489095,      -2.984136632
          0,           0,         662,      -2.474632497,      -2.457489027,      -2.984140125
          0,           0,         663,      -2.474631539,      -2.457489107,      -2.984135714
          0,           0,         664,       -2.47463196,      -2.457488688,       -2.98414014
          0,           0,         665,      -2.474634113,       -2.45748915,      -2.984144103
          0,           0,         666,      -2.474631438,      -2.457488712,      -2.984136085
          0,           0,         667,       -2.47463159,       -2.45748905,      -2.984132609
          0,           0,         668,      -2.474630924,      -2.457489484,      -2.984125854
          0,           0,         669,      -2.474631324,      -2.457489774,      -2.984125243
          0,           0,         670,      -2.474632457,      -2.457489301,       -2.98413319
          0,           0,         671,      -2.474630928,      -2.457489116,      -2.984127905
          0,           0,         672,       -2.47463129,       -2.45748931,      -2.984127892
          0,           0,         673,      -2.474631229,      -2.457489242,      -2.984127659
          0,           0,         674,      -2.474630431,      -2.457489931,      -2.984119347
          0,           0,         675,       -2.47463304,      -2.457489191,      -2.984135183
          0,           0,         676,      -2.474631024,      -2.457489839,      -2.984122676
          0,           0,         677,      -2.474632167,      -2.457489601,       -2.98412957
          0,           0,         678,      -2.474630268,      -2.457489791,       -2.98411894
          0,           0,         679,      -2.474630677,      -2.457489196,      -2.984124274
          0,           0,         680,      -2.474631767,      -2.457488781,      -2.984130938
          0,           0,         681,      -2.474631002,      -2.457489222,      -2.984125242
          0,           0,         682,      -2.474630972,      -2.457489966,      -2.984120262
          0,           0,         683,      -2.474633133,      -2.457489383,      -2.984132932
          0,           0,         684,      -2.474631819,      -2.457489338,      -2.984128588
          0,           0,         685,      -2.474633729,      -2.457489537,      -2.984134334
          0,           0,         686,      -2.474630034,      -2.457489546,      -2.984117323
          0,           0,         687,      -2.474631183,      -2.457489409,      -2.984121691
          0,           0,         688,      -2.474630282,      -2.457488826,      -2.984119988
          0,           0,         689,      -2.474633238,      -2.457488807,       -2.98413064
          0,           0,         690,      -2.474631802,      -2.457488488,      -2.984127573
          0,           0,         691,      -2.474632387,       -2.45748837,      -2.984130289
          0,           0,         692,      -2.474631336,      -2.457488678,      -2.984123859
          0,           0,         693,      -2.474629413,      -2.457489286,      -2.984110117
          0,           0,         694,      -2.474629684,      -2.457490031,      -2.984105136
          0,           0,         695,      -2.474629224,      -2.457489565,      -2.984105324
          0,           0,         696,      -2.474628813,      -2.457491136,      -2.984092338
          0,           0,         697,      -2.474632815,      -2.457489797,      -2.984120585
          0,           0,         698,      -2.474634004,      -2.457489061,      -2.984130979
          0,           0,         699,      -2.474633862,      -2.457488601,      -2.984136296
          0,           0,         700,      -2.474631693,      -2.457489344,      -2.984123313
          0,           0,         701,      -2.474632296,      -2.457488924,      -2.984127801
          0,           0,         702,      -2.474632269,      -2.457488957,      -2.984127021
          0,           0,         703,      -2.474631038,      -2.457488995,      -2.984121529
          0,           0,         704,      -2.474630867,      -2.457489004,      -2.984120055
          0,           0,         705,      -2.474631212,      -2.457489069,      -2.984120557
          0,           0,         706,      -2.474631506,      -2.457488401,      -2.984126378
          0,           0,         707,      -2.474632777,      -2.457488836,       -2.98412794
          0,           0,         708,      -2.474630522,      -2.457488933,      -2.984118013
          0,           0,         709,      -2.474632238,      -2.457488507,      -2.984126707
          0,           0,         710,      -2.474630319,      -2.457489544,      -2.984111137
          0,           0,         711,      -2.474631803,      -2.457489311,      -2.984119049
          0,           0,         712,      -2.474630688,      -2.457488832,      -2.984117048
          0,           0,         713,      -2.474629958,      -2.457489478,      -2.984109149
          0,           0,         714,      -2.474629825,      -2.457489734,      -2.984106123
          0,           0,         715,      -2.474630108,      -2.457488982,      -2.984112116
          0,           0,         716,      -2.474629982,      -2.457488401,      -2.984114928
          0,           0,         717,      -2.474629526,       -2.45748896,      -2.984108799
          0,           0,         718,       -2.47462927,      -2.457490183,      -2.984099559
          0,           0,         719,      -2.474628825,      -2.457489821,      -2.984099689
          0,           0,         720,      -2.474631525,      -2.457488882,      -2.984117798
          0,           0,         721,       -2.47463174,      -2.457488176,      -2.984124449
          0,           0,         722,      -2.474633744,      -2.457489409,      -2.984122539
          0,           0,         723,       -2.47462859,      -2.457491083,      -2.984087272
          0,           0,         724,      -2.474628835,      -2.457490022,      -2.984093249
          0,           0,         725,      -2.474631751,      -2.457488697,      -2.984111115
          0,           0,         726,      -2.474628608,      -2.457490321,      -2.984086534
          0,           0,         727,      -2.474630409,       -2.45748984,      -2.984098715
          0,           0,         728,      -2.474629795,      -2.457489254,      -2.984099087
          0,           0,         729,      -2.474628958,      -2.457489882,      -2.984091104
          0,           0,         730,      -2.474629422,      -2.457489868,      -2.984093177
          0,           0,         731,      -2.474630601,      -2.457489148,      -2.984103303
          0,           0,         732,      -2.474631907,       -2.45748885,      -2.984110857
          0,           0,         733,      -2.474630958,      -2.457488776,      -2.984108796
          0,           0,         734,      -2.474629127,      -2.457489156,      -2.984097353
          0,           0,         735,      -2.474629075,      -2.457489438,      -2.984094005
          0,           0,         736,      -2.474628681,      -2.457489407,      -2.984091238
          0,           0,         737,      -2.474629138,      -2.457489005,      -2.984095811
          0,           0,         738,      -2.474630257,      -2.457489043,      -2.984100394
          0,           0,         739,      -2.474631835,      -2.457488437,      -2.984111741
          0,           0,         740,      -2.474629422,      -2.457488708,       -2.98410023
          0,           0,         741,      -2.474628773,      -2.457489805,      -2.984089065
          0,           0,         742,      -2.474629976,      -2.457488926,       -2.98409982
          0,           0,         743,      -2.474629713,      -2.457488747,       -2.98409967
          0,           0,         744,      -2.474630976,      -2.457488181,      -2.984109436
          0,           0,         745,      -2.474628955,      -2.457488824,      -2.984096464
          0,           0,         746,      -2.474628454,      -2.457490286,      -2.984083826
          0,           0,         747,      -2.474629145,       -2.45748936,      -2.984093114
          0,           0,         748,      -2.474628405,      -2.457489745,      -2.984086246
          0,           0,         749,      -2.474627878,      -2.457491133,      -2.984074779
          0,           0,         750,      -2.474630759,      -2.457489625,      -2.984099578
          0,           0,         751,      -2.474629468,      -2.457488939,      -2.984098953
          0,           0,         752,      -2.474630442,      -2.457488802,      -2.984105153
          0,           0,         753,      -2.474631601,      -2.457488598,      -2.984111196
          0,           0,         754,      -2.474629876,       -2.45748849,      -2.984105207
          0,           0,         755,      -2.474630157,      -2.457488929,      -2.984102797
          0,           0,         756,      -2.474629667,       -2.45748958,       -2.98409571
          0,           0,         757,      -2.474629981,        -2.4574894,      -2.984098508
          0,           0,         758,      -2.474629506,      -2.457489289,       -2.98409665
          0,           0,         759,      -2.474629094,      -2.457489278,       -2.98409467
          0,           0,         760,      -2.474630712,      -2.457489156,      -2.984102131
          0,           0,         761,      -2.474631092,      -2.457488436,      -2.984109176
          0,           0,         762,      -2.474628995,      -2.457489598,      -2.984092379
          0,           0,         763,      -2.474630079,      -2.457489392,      -2.984098674
          0,           0,         764,       -2.47462872,      -2.457489504,      -2.984090594
          0,           0,         765,      -2.474631182,      -2.457489818,      -2.984098817
          0,           0,         766,       -2.47462987,      -2.457489012,      -2.984098713
          0,           0,         767,      -2.474629524,      -2.457488989,      -2.984097109
          0,           0,         768,      -2.474628693,      -2.457489805,      -2.984087051
          0,           0,         769,      -2.474630248,      -2.457489191,       -2.98409829
          0,           0,         770,      -2.474629901,        -2.4574891,      -2.984097421
          0,           0,         771,       -2.47463124,      -2.457488922,       -2.98410455
          0,           0,         772,      -2.474630502,      -2.457488312,      -2.984106256
          0,           0,         773,       -2.47463253,      -2.457489701,      -2.984102058
          0,           0,         774,      -2.474630737,      -2.457488645,      -2.984101835
          0,           0,         775,      -2.474628948,       -2.45748918,      -2.984088846
          0,           0,         776,      -2.474629136,       -2.45748843,      -2.984093225
          0,           0,         777,      -2.474629591,      -2.457488283,      -2.984094949
          0,           0,         778,      -2.474628586,      -2.457489032,      -2.984085422
          0,           0,         779,      -2.474627719,      -2.457489565,      -2.984077148
          0,           0,         780,      -2.474628082,        -2.4574896,      -2.984078092
          0,           0,         781,      -2.474628968,      -2.457488675,      -2.984088354
          0,           0,         782,      -2.474627769,      -2.457489344,       -2.98407827
          0,           0,         783,      -2.474630648,      -2.457488689,      -2.984096239
          0,           0,         784,      -2.474628825,      -2.457488593,      -2.984089136
          0,           0,         785,      -2.474628575,      -2.457489244,      -2.984083812
          0,           0,         786,      -2.474628656,      -2.457489205,      -2.984083874
          0,           0,         787,      -2.474629982,      -2.457488761,      -2.984092772
          0,           0,         788,      -2.474628025,      -2.457489119,      -2.984081299
          0,           0,         789,      -2.474630088,      -2.457489007,      -2.984091414
          0,           0,         790,      -2.474628738,      -2.457489308,       -2.98408312
          0,           0,         791,      -2.474628262,      -2.457489016,      -2.984082692
          0,           0,         792,      -2.474629091,      -2.457488563,       -2.98408858
          0,           0,         793,      -2.474627981,      -2.457489802,      -2.984074913
          0,           0,         794,      -2.474628947,      -2.457489571,      -2.984081877
          0,           0,         795,      -2.474630579,      -2.457488847,      -2.984093545
          0,           0,         796,      -2.474628157,      -2.457490412,      -2.984072756
          0,           0,         797,      -2.474629739,      -2.457489666,      -2.984085938
          0,           0,         798,      -2.474630866,      -2.457488314,      -2.984099184
          0,           0,         799,      -2.474629486,      -2.457488377,      -2.984094231
          0,           0,         800,      -2.474628376,       -2.45749016,      -2.984076895
          0,           0,         801,      -2.474628224,      -2.457490192,      -2.984075635
          0,           0,         802,      -2.474628837,       -2.45748927,      -2.984084003
          0,           0,         803,      -2.474630623,      -2.457488597,      -2.984096083
          0,           0,         804,      -2.474628981,      -2.457489255,      -2.984085481
          0,           0,         805,      -2.474630719,      -2.457489297,      -2.984092622
          0,           0,         806,      -2.474629228,      -2.457489278,      -2.984086064
          0,           0,         807,      -2.474628285,      -2.457488976,      -2.984083062
          0,           0,         808,      -2.474630527,       -2.45748906,      -2.984090597
          0,           0,         809,      -2.474628531,      -2.457490125,      -2.984074576
          0,           0,         810,      -2.474629274,      -2.457490039,      -2.984078818
          0,           0,         811,      -2.474628888,      -2.457489171,      -2.984082099
          0,           0,         812,       -2.47462872,      -2.457488963,      -2.984082711
          0,           0,         813,      -2.474629774,      -2.457489137,      -2.984085854
          0,           0,         814,       -2.47462851,      -2.457489051,      -2.984080806
          0,           0,         815,      -2.474627331,       -2.45749076,      -2.984062874
          0,           0,         816,      -2.474628653,      -2.457489552,      -2.984077899
          0,           0,         817,      -2.474628447,      -2.457489341,       -2.98407771
          0,           0,         818,      -2.474629172,      -2.457489826,      -2.984078533
          0,           0,         819,      -2.474627671,      -2.457490418,      -2.984067499
          0,           0,         820,      -2.474630196,      -2.457489677,      -2.984084461
          0,           0,         821,      -2.474628154,      -2.457489912,      -2.984073279
          0,           0,         822,      -2.474630268,      -2.457489629,      -2.984085266
          0,           0,         823,      -2.474629597,      -2.457488197,      -2.984092008
          0,           0,         824,      -2.474629301,       -2.45748816,      -2.984091174
          0,           0,         825,      -2.474629102,      -2.457488994,      -2.984084417
          0,           0,         826,      -2.474628381,      -2.457488691,      -2.984082883
          0,           0,         827,      -2.474628575,      -2.457489463,      -2.984077776
          0,           0,         828,      -2.474628184,      -2.457490282,      -2.984070353
          0,           0,         829,      -2.474627604,      -2.457490475,      -2.984066143
          0,           0,         830,      -2.474627813,      -2.457489695,      -2.984071974
          0,           0,         831,      -2.474630407,      -2.457488341,      -2.984092062
          0,           0,         832,      -2.474628149,      -2.457488887,      -2.984079085
          0,           0,         833,      -2.474628867,      -2.457488656,      -2.984084274
          0,           0,         834,       -2.47462944,      -2.457489028,       -2.98408334
          0,           0,         835,      -2.474630331,      -2.457489072,      -2.984087449
          0,           0,         836,      -2.474628668,      -2.457489586,      -2.984076928
          0,           0,         837,      -2.474629273,      -2.457489171,      -2.984082178
          0,           0,         838,      -2.474629161,       -2.45748921,      -2.984080937
          0,           0,         839,      -2.474628804,      -2.457488887,      -2.984081707
          0,           0,         840,      -2.474630815,      -2.457488536,      -2.984091336
          0,           0,         841,      -2.474628179,      -2.457489234,      -2.984075322
          0,           0,         842,      -2.474627979,      -2.457488997,      -2.984075191
          0,           0,         843,      -2.474629444,      -2.457488742,      -2.984082057
          0,           0,         844,      -2.474627836,      -2.457490524,      -2.984062893
          0,           0,         845,      -2.474628331,      -2.457490187,      -2.984068265
          0,           0,         846,      -2.474628127,      -2.457489492,      -2.984071026
          0,           0,         847,      -2.474629654,      -2.457488969,      -2.984081559
          0,           0,         848,      -2.474628141,      -2.457490246,      -2.984066648
          0,           0,         849,      -2.474628544,      -2.457490092,       -2.98407018
          0,           0,         850,      -2.474629736,      -2.457489141,      -2.984081464
          0,           0,         851,      -2.474627776,      -2.457489857,       -2.98406784
          0,           0,         852,      -2.474628067,      -2.457490183,      -2.984067161
          0,           0,         853,      -2.474628887,      -2.457489617,      -2.984074197
          0,           0,         854,      -2.474629751,      -2.457489172,      -2.984081394
          0,           0,         855,      -2.474630024,      -2.457488692,      -2.984086754
          0,           0,         856,      -2.474628841,      -2.457489585,      -2.984075896
          0,           0,         857,      -2.474627976,      -2.457489824,      -2.984069679
          0,           0,         858,       -2.47462872,      -2.457489919,      -2.984071561
          0,           0,         859,      -2.474629167,      -2.457489223,      -2.984078377
          0,           0,         860,      -2.474630355,        -2.4574889,      -2.984085768
          0,           0,         861,      -2.474628063,      -2.457489561,      -2.984071536
          0,           0,         862,      -2.474626886,       -2.45749135,      -2.984052769
          0,           0,         863,      -2.474628623,      -2.457489989,      -2.984070609
          0,           0,         864,      -2.474627452,      -2.457490017,      -2.984063919
          0,           0,         865,      -2.474627772,      -2.457490309,      -2.984064275
          0,           0,         866,      -2.474629836,      -2.457489304,      -2.984080267
          0,           0,         867,      -2.474630025,      -2.457488785,      -2.984085809
          0,           0,         868,      -2.474627579,      -2.457490386,       -2.98406432
          0,           0,         869,      -2.474628521,      -2.457490334,      -2.984069348
          0,           0,         870,      -2.474629833,      -2.457489586,      -2.984079414
          0,           0,         871,      -2.474628908,      -2.457489744,      -2.984075008
          0,           0,         872,       -2.47462863,      -2.457489676,      -2.984074386
          0,           0,         873,      -2.474628863,      -2.457490033,      -2.984072422
          0,           0,         874,      -2.474629543,       -2.45748991,      -2.984076393
          0,           0,         875,       -2.47463056,      -2.457489069,      -2.984086666
          0,           0,         876,      -2.474631101,      -2.457489247,      -2.984088383
          0,           0,         877,      -2.474627654,      -2.457490613,      -2.984063456
          0,           0,         878,       -2.47462908,      -2.457489732,      -2.984075379
          0,           0,         879,      -2.474627775,      -2.457490295,      -2.984063948
          0,           0,         880,      -2.474627377,      -2.457490581,       -2.98406011
          0,           0,         881,      -2.474629218,      -2.457489895,      -2.984072986
          0,           0,         882,      -2.474628068,      -2.457489984,      -2.984067278
          0,           0,         883,      -2.474627757,      -2.457490474,      -2.984062747
          0,           0,         884,      -2.474627619,      -2.457490704,      -2.984059992
          0,           0,         885,      -2.474628224,      -2.457489816,      -2.984068868
          0,           0,         886,      -2.474628208,      -2.457489938,      -2.984067792
          0,           0,         887,      -2.474629366,      -2.457489447,      -2.984077191
          0,           0,         888,      -2.474628253,      -2.457490016,      -2.984068478
          0,           0,         889,      -2.474629866,      -2.457489535,      -2.984079618
          0,           0,         890,      -2.474629458,      -2.457488933,      -2.984082145
          0,           0,         891,      -2.474630729,      -2.457489037,      -2.984086652
          0,           0,         892,      -2.474628537,      -2.457489859,      -2.984071905
          0,           0,         893,      -2.474628221,      -2.457490053,      -2.984068278
          0,           0,         894,      -2.474629336,      -2.457489679,      -2.984074756
          0,           0,         895,      -2.474628892,      -2.457489748,      -2.984072542
          0,           0,         896,      -2.474628506,      -2.457490043,      -2.984068852
          0,           0,         897,      -2.474629705,      -2.457488933,      -2.984081528
          0,           0,         898,      -2.474629394,       -2.45748933,      -2.984077563
          0,           0,         899,      -2.474627324,      -2.457490752,      -2.984058391
          0,           0,         900,      -2.474628015,      -2.457490458,      -2.984063462
          0,           0,         901,       -2.47462803,      -2.457490155,      -2.984064441
          0,           0,         902,       -2.47462881,      -2.457489709,      -2.984071645
          0,           0,         903,      -2.474628823,      -2.457489757,       -2.98407162
          0,           0,         904,       -2.47462821,      -2.457489813,       -2.98406869
          0,           0,         905,       -2.47462887,      -2.457489027,      -2.984076813
          0,           0,         906,      -2.474628588,      -2.457489238,      -2.984073962
          0,           0,         907,      -2.474629948,      -2.457489089,      -2.984081166
          0,           0,         908,      -2.474628924,      -2.457489604,      -2.984073645
          0,           0,         909,      -2.474628039,       -2.45749022,      -2.984065301
          0,           0,         910,      -2.474628728,      -2.457490169,      -2.984068191
          0,           0,         911,      -2.474628805,      -2.457489907,      -2.984070136
          0,           0,         912,      -2.474629678,      -2.457489542,      -2.984076971
          0,           0,         913,      -2.474629912,      -2.457489509,      -2.984078637
          0,           0,         914,      -2.474628541,       -2.45748993,      -2.984069897
          0,           0,         915,      -2.474627342,      -2.457490949,      -2.984056451
          0,           0,         916,      -2.474629327,      -2.457489895,       -2.98407271
          0,           0,         917,       -2.47462832,      -2.457489633,       -2.98406958
          0,           0,         918,      -2.474626879,      -2.457491182,      -2.984052095
          0,           0,         919,       -2.47462789,      -2.457491304,      -2.984056626
          0,           0,         920,      -2.474628237,      -2.457490691,      -2.984062203
          0,           0,         921,      -2.474630935,      -2.457489461,      -2.984083112
          0,           0,         922,      -2.474628093,      -2.457490472,      -2.984064605
          0,           0,         923,      -2.474627408,      -2.457491782,      -2.984052401
          0,           0,         924,      -2.474628002,      -2.457490667,      -2.984062034
          0,           0,         925,      -2.474628879,      -2.457489776,      -2.984071501
          0,           0,         926,      -2.474630455,      -2.457490111,      -2.984075995
          0,           0,         927,      -2.474628902,      -2.457489827,      -2.984072104
          0,           0,         928,      -2.474628231,      -2.457490215,      -2.984065855
          0,           0,         929,      -2.474629613,       -2.45748978,      -2.984074288
          0,           0,         930,      -2.474628391,      -2.457490429,      -2.984064342
          0,           0,         931,      -2.474628278,      -2.457490493,      -2.984063547
          0,           0,         932,      -2.474629108,      -2.457489847,      -2.984071123
          0,           0,         933,      -2.474628159,      -2.457490315,      -2.984063577
          0,           0,         934,      -2.474629542,      -2.457489998,      -2.984072314
          0,           0,         935,      -2.474628664,      -2.457490115,      -2.984067569
          0,           0,         936,      -2.474628457,      -2.457489895,      -2.984068297
          0,           0,         937,      -2.474628645,       -2.45748987,      -2.984068747
          0,           0,         938,      -2.474627431,       -2.45749104,      -2.984054834
          0,           0,         939,       -2.47463133,      -2.457490337,      -2.984075886
          0,           0,         940,      -2.474630404,      -2.457489264,      -2.984080596
          0,           0,         941,      -2.474628298,      -2.457489988,      -2.984066972
          0,           0,         942,      -2.474627689,       -2.45749081,      -2.984057336
          0,           0,         943,      -2.474627936,      -2.457490922,      -2.984056854
          0,           0,         944,       -2.47462985,      -2.457489993,      -2.984071589
          0,           0,         945,      -2.474628872,      -2.457490192,      -2.984066703
          0,           0,         946,      -2.474627937,      -2.457490765,      -2.984058708
          0,           0,         947,        -2.4746279,      -2.457490968,      -2.984056468
          0,           0,         948,      -2.474628462,       -2.45749043,      -2.984062594
          0,           0,         949,      -2.474628865,      -2.457489963,      -2.984067785
          0,           0,         950,      -2.474629359,      -2.457489258,      -2.984075064
          0,           0,         951,       -2.47463015,      -2.457489418,      -2.984077663
          0,           0,         952,      -2.474628349,       -2.45749027,      -2.984064274
          0,           0,         953,      -2.474626638,      -2.457491516,      -2.984046308
          0,           0,         954,      -2.474628644,      -2.457490023,      -2.984066115
          0,           0,         955,       -2.47462975,      -2.457489138,      -2.984076126
          0,           0,         956,      -2.474629016,      -2.457489597,      -2.984071406
          0,           0,         957,      -2.474627717,      -2.457490368,      -2.984060147
          0,           0,         958,      -2.474628201,      -2.457490108,      -2.984063661
          0,           0,         959,      -2.474628294,      -2.457489711,      -2.984066217
          0,           0,         960,      -2.474628311,      -2.457489701,      -2.984066411
          0,           0,         961,      -2.474627718,      -2.457490666,      -2.984057223
          0,           0,         962,      -2.474629674,      -2.457490114,      -2.984070124
          0,           0,         963,      -2.474628713,      -2.457489475,      -2.984070616
          0,           0,         964,      -2.474628896,       -2.45749012,      -2.984067379
          0,           0,         965,      -2.474628241,      -2.457490754,      -2.984059937
          0,           0,         966,      -2.474629627,      -2.457490117,      -2.984070302
          0,           0,         967,      -2.474628981,      -2.457489465,      -2.984072159
          0,           0,         968,      -2.474627107,      -2.457490808,       -2.98405391
          0,           0,         969,      -2.474628729,      -2.457491471,      -2.984057114
          0,           0,         970,      -2.474628789,       -2.45749086,      -2.984061428
          0,           0,         971,      -2.474627801,      -2.457491884,      -2.984050066
          0,           0,         972,      -2.474629823,      -2.457490591,      -2.984069081
          0,           0,         973,      -2.474629085,      -2.457490431,       -2.98406712
          0,           0,         974,      -2.474629506,      -2.457490469,      -2.984069629
          0,           0,         975,      -2.474629633,      -2.457489612,      -2.984075929
          0,           0,         976,      -2.474629135,      -2.457489832,      -2.984072487
          0,           0,         977,      -2.474630788,      -2.457490252,      -2.984075727
          0,           0,         978,      -2.474629718,      -2.457489592,      -2.984076385
          0,           0,         979,      -2.474629871,      -2.457489572,      -2.984076773
          0,           0,         980,      -2.474628332,      -2.457489987,      -2.984066729
          0,           0,         981,      -2.474629838,      -2.457489722,      -2.984074461
          0,           0,         982,      -2.474628327,      -2.457490374,      -2.984062928
          0,           0,         983,      -2.474631285,       -2.45749083,      -2.984070421
          0,           0,         984,      -2.474630129,      -2.457490513,      -2.984067954
          0,           0,         985,      -2.474627028,      -2.457491221,      -2.984047585
          0,           0,         986,      -2.474630176,      -2.457490773,      -2.984063008
          0,           0,         987,      -2.474627824,      -2.457490157,      -2.984055525
          0,           0,         988,      -2.474627967,       -2.45749027,      -2.984055032
          0,           0,         989,       -2.47462886,      -2.457489992,      -2.984059892
          0,           0,         990,      -2.474628235,      -2.457490303,      -2.984055204
          0,           0,         991,      -2.474627511,      -2.457490407,      -2.984050962
          0,           0,         992,       -2.47462831,      -2.457490364,      -2.984054534
          0,           0,         993,      -2.474628888,      -2.457489773,       -2.98406098
          0,           0,         994,      -2.474629776,      -2.457489788,      -2.984065106
          0,           0,         995,      -2.474629062,      -2.457489741,         -2.984063
          0,           0,         996,      -2.474628259,      -2.457489597,      -2.984060363
          0,           0,         997,      -2.474627277,      -2.457489905,      -2.984052652
          0,           0,         998,      -2.474627895,      -2.457489508,      -2.984057685
          0,           0,         999,      -2.474626549,      -2.457491027,      -2.984040298
          0,           0,        1000,      -2.474628795,      -2.457490438,      -2.984056078
          0,           0,        1001,      -2.474629572,      -2.457489794,      -2.984063789
          0,           0,        1002,      -2.474629341,      -2.457489724,      -2.984065025
          0,           0,        1003,      -2.474627945,      -2.457490028,      -2.984056867
          0,           0,        1004,      -2.474627738,      -2.457490752,      -2.984050274
          0,           0,        1005,      -2.474627408,      -2.457490426,      -2.984050125
          0,           0,        1006,      -2.474629393,       -2.45748998,      -2.984061476
          0,           0,        1007,      -2.474627666,      -2.457490229,       -2.98405218
          0,           0,        1008,      -2.474627059,       -2.45749084,       -2.98404501
          0,           0,        1009,      -2.474627552,      -2.457491019,      -2.984045439
          0,           0,        1010,      -2.474628779,      -2.457490153,      -2.984057318
          0,           0,        1011,      -2.474627705,       -2.45749009,      -2.984053144
          0,           0,        1012,      -2.474627437,      -2.457490781,       -2.98404722
          0,           0,        1013,      -2.474628544,      -2.457490404,      -2.984054781
          0,           0,        1014,      -2.474627057,      -2.457491201,      -2.984042127
          0,           0,        1015,      -2.474628804,      -2.457490561,      -2.984055182
          0,           0,        1016,      -2.474628919,      -2.457490089,      -2.984058926
          0,           0,        1017,      -2.474628383,       -2.45748999,      -2.984058119
          0,           0,        1018,      -2.474627198,      -2.457490427,      -2.984049034
          0,           0,        1019,      -2.474632322,      -2.457491149,      -2.984054778
          0,           0,        1020,      -2.474626866,      -2.457489945,      -2.984036057
          0,           0,        1021,      -2.474625835,      -2.457489937,      -2.984026691
          0,           0,        1022,      -2.474626876,      -2.457489649,      -2.984029965
          0,           0,        1023,      -2.474624787,      -2.457491196,      -2.984007984
          0,           0,        1024,      -2.474626993,      -2.457490506,       -2.98402472
          0,           0,        1025,      -2.474626263,      -2.457489011,      -2.984030899
          0,           0,        1026,      -2.474625511,      -2.457490245,      -2.984019101
          0,           0,        1027,      -2.474625453,      -2.457491322,      -2.984011671
          0,           0,        1028,      -2.474625359,      -2.457491167,      -2.984012115
          0,           0,        1029,      -2.474626616,      -2.457489988,      -2.984026588
          0,           0,        1030,      -2.474626448,      -2.457489413,      -2.984029993
          0,           0,        1031,      -2.474626759,      -2.457488999,      -2.984035167
          0,           0,        1032,       -2.47462729,      -2.457489541,      -2.984033658
          0,           0,        1033,      -2.474625444,      -2.457490602,      -2.984017648
          0,           0,        1034,      -2.474628078,      -2.457490111,      -2.984033122
          0,           0,        1035,      -2.474626783,      -2.457489053,      -2.984034476
          0,           0,        1036,      -2.474626054,      -2.457489591,      -2.984027586
          0,           0,        1037,       -2.47462583,       -2.45749012,       -2.98402222
          0,           0,        1038,      -2.474626243,      -2.457489788,      -2.984026288
          0,           0,        1039,      -2.474626561,      -2.457489607,      -2.984028713
          0,           0,        1040,      -2.474626188,      -2.457489333,      -2.984029128
          0,           0,        1041,       -2.47462509,      -2.457490252,      -2.984017005
          0,           0,        1042,      -2.474627119,      -2.457489869,      -2.984029762
          0,           0,        1043,      -2.474626253,      -2.457489632,      -2.984027189
          0,           0,        1044,      -2.474627181,      -2.457489668,       -2.98403196
          0,           0,        1045,      -2.474629979,      -2.457489307,      -2.984043708
          0,           0,        1046,      -2.474625218,      -2.457490619,      -2.984012978
          0,           0,        1047,      -2.474625518,      -2.457490284,      -2.984015689
          0,           0,        1048,      -2.474625884,      -2.457490045,      -2.984016459
          0,           0,        1049,      -2.474625685,      -2.457489691,       -2.98401783
          0,           0,        1050,      -2.474624577,      -2.457491303,      -2.984000812
          0,           0,        1051,      -2.474624762,      -2.457490458,       -2.98400791
          0,           0,        1052,      -2.474626059,      -2.457489086,      -2.984022734
          0,           0,        1053,      -2.474625611,      -2.457489316,       -2.98401939
          0,           0,        1054,      -2.474625514,      -2.457489698,      -2.984017007
          0,           0,        1055,      -2.474626501,      -2.457489492,      -2.984023157
          0,           0,        1056,      -2.474624921,      -2.457490772,      -2.984006616
          0,           0,        1057,      -2.474625779,      -2.457490046,      -2.984016871
          0,           0,        1058,      -2.474625681,      -2.457489421,      -2.984019885
          0,           0,        1059,      -2.474626266,       -2.45748944,      -2.984023131
          0,           0,        1060,      -2.474624882,      -2.457490473,      -2.984009202
          0,           0,        1061,      -2.474626827,      -2.457489451,      -2.984026524
          0,           0,        1062,      -2.474625256,      -2.457489463,      -2.984018508
          0,           0,        1063,      -2.474625577,       -2.45748961,      -2.984019623
          0,           0,        1064,      -2.474626782,      -2.457489442,      -2.984025717
          0,           0,        1065,      -2.474626032,       -2.45748922,      -2.984024137
          0,           0,        1066,      -2.474626063,      -2.457489263,      -2.984024259
          0,           0,        1067,      -2.474626839,      -2.457488995,      -2.984029304
          0,           0,        1068,      -2.474625539,      -2.457489642,      -2.984018878
          0,           0,        1069,      -2.474624821,       -2.45749207,      -2.983998686
          0,           0,        1070,      -2.474625908,      -2.457490452,      -2.984016491
          0,           0,        1071,      -2.474625977,      -2.457489823,      -2.984020388
          0,           0,        1072,      -2.474624793,      -2.457491632,      -2.984002624
          0,           0,        1073,      -2.474627132,      -2.457490363,      -2.984024909
          0,           0,        1074,      -2.474626572,      -2.457489487,      -2.984028408
          0,           0,        1075,      -2.474628371,       -2.45748955,      -2.984036559
          0,           0,        1076,      -2.474626604,      -2.457489501,      -2.984029595
          0,           0,        1077,      -2.474628267,      -2.457489503,      -2.984036332
          0,           0,        1078,      -2.474626168,      -2.457489451,      -2.984026753
          0,           0,        1079,      -2.474625279,      -2.457490602,       -2.98401366
          0,           0,        1080,      -2.474625471,      -2.457490782,      -2.984012534
          0,           0,        1081,      -2.474624777,      -2.457490742,      -2.984008343
          0,           0,        1082,      -2.474625273,      -2.457490637,      -2.984011468
          0,           0,        1083,      -2.474626797,      -2.457489774,      -2.984024836
          0,           0,        1084,      -2.474625704,        -2.4574902,      -2.984017328
          0,           0,        1085,      -2.474627892,      -2.457490143,      -2.984027882
          0,           0,        1086,      -2.474626328,      -2.457489985,      -2.984022038
          0,           0,        1087,      -2.474625902,       -2.45748995,      -2.984020176
          0,           0,        1088,      -2.474625055,      -2.457490834,      -2.984008743
          0,           0,        1089,      -2.474626223,      -2.457490355,      -2.984018011
          0,           0,        1090,      -2.474626205,      -2.457490426,       -2.98401708
          0,           0,        1091,      -2.474626366,       -2.45749018,      -2.984020464
          0,           0,        1092,      -2.474625859,       -2.45749032,      -2.984016996
          0,           0,        1093,      -2.474626396,      -2.457490374,      -2.984019282
          0,           0,        1094,      -2.474626717,      -2.457490094,      -2.984022858
          0,           0,        1095,      -2.474624825,      -2.457490989,      -2.984007042
          0,           0,        1096,      -2.474625295,      -2.457491259,      -2.984007574
          0,           0,        1097,      -2.474626459,      -2.457489946,        -2.9840218
          0,           0,        1098,      -2.474625801,       -2.45749039,      -2.984015843
          0,           0,        1099,      -2.474625198,       -2.45749113,      -2.984008214
          0,           0,        1100,        -2.4746265,      -2.457490468,      -2.984019223
          0,           0,        1101,      -2.474625858,      -2.457490304,      -2.984017076
          0,           0,        1102,      -2.474625519,       -2.45749097,      -2.984011183
          0,           0,        1103,      -2.474625225,      -2.457491306,      -2.984007297
          0,           0,        1104,      -2.474626833,      -2.457490134,      -2.984023356
          0,           0,        1105,      -2.474625582,      -2.457491044,      -2.984011099
          0,           0,        1106,      -2.474625613,      -2.457491247,      -2.984010869
          0,           0,        1107,      -2.474625724,      -2.457491438,      -2.984009447
          0,           0,        1108,      -2.474626375,      -2.457490075,      -2.984022602
          0,           0,        1109,      -2.474626248,      -2.457489821,      -2.984023596
          0,           0,        1110,      -2.474625225,      -2.457492007,      -2.984003995
          0,           0,        1111,      -2.474624567,      -2.457493187,      -2.983993037
          0,           0,        1112,      -2.474625332,        -2.4574916,      -2.984008172
          0,           0,        1113,      -2.474628326,       -2.45749019,      -2.984030651
          0,           0,        1114,      -2.474625633,      -2.457491279,      -2.984011785
          0,           0,        1115,      -2.474626798,      -2.457490762,      -2.984022451
          0,           0,        1116,      -2.474626218,      -2.457490841,      -2.984018165
          0,           0,        1117,      -2.474627016,      -2.457490107,      -2.984027633
          0,           0,        1118,      -2.474626478,      -2.457490371,      -2.984023221
          0,           0,        1119,      -2.474625777,      -2.457491239,      -2.984013964
          0,           0,        1120,      -2.474626012,      -2.457491013,      -2.984016544
          0,           0,        1121,       -2.47462696,      -2.457490158,      -2.984026711
          0,           0,        1122,      -2.474627622,       -2.45748987,      -2.984032165
          0,           0,        1123,      -2.474627949,       -2.45748957,      -2.984036457
          0,           0,        1124,      -2.474626409,      -2.457491122,      -2.984019157
          0,           0,        1125,      -2.474626424,      -2.457490901,      -2.984020738
          0,           0,        1126,      -2.474625053,      -2.457492198,      -2.984003738
          0,           0,        1127,      -2.474626037,      -2.457491246,      -2.984016034
          0,           0,        1128,      -2.474625284,      -2.457492571,      -2.984002199
          0,           0,        1129,      -2.474627779,       -2.45749082,      -2.984029026
          0,           0,        1130,      -2.474626454,      -2.457490472,      -2.984025518
          0,           0,        1131,      -2.474625871,      -2.457491595,        -2.9840159
          0,           0,        1132,      -2.474626942,      -2.457490836,      -2.984026631
          0,           0,        1133,      -2.474626396,      -2.457491418,      -2.984019717
          0,           0,        1134,      -2.474627213,      -2.457491309,      -2.984025281
          0,           0,        1135,      -2.474627225,      -2.457490962,      -2.984027809
          0,           0,        1136,      -2.474627231,      -2.457490782,      -2.984029608
          0,           0,        1137,        -2.4746269,      -2.457490816,      -2.984027823
          0,           0,        1138,      -2.474626543,       -2.45749127,      -2.984022816
          0,           0,        1139,      -2.474626437,      -2.457491296,      -2.984021815
          0,           0,        1140,      -2.474625896,      -2.457491882,      -2.984014603
          0,           0,        1141,      -2.474626083,      -2.457492374,      -2.984012312
          0,           0,        1142,      -2.474627003,      -2.457490977,      -2.984026876
          0,           0,        1143,      -2.474625851,      -2.457491888,      -2.984014677
          0,           0,        1144,      -2.474627797,      -2.457491019,      -2.984031496
          0,           0,        1145,      -2.474626699,      -2.457491484,      -2.984023157
          0,           0,        1146,      -2.474627287,         -2.457491,      -2.984030102
          0,           0,        1147,      -2.474627431,       -2.45749118,      -2.984029187
          0,           0,        1148,      -2.474627595,      -2.457490866,      -2.984032649
          0,           0,        1149,      -2.474626385,      -2.457492113,      -2.984018201
          0,           0,        1150,      -2.474627222,      -2.457492238,      -2.984021871
          0,           0,        1151,      -2.474625978,      -2.457492989,      -2.984009783
          0,           0,        1152,      -2.474628412,      -2.457491749,      -2.984031214
          0,           0,        1153,      -2.474628466,      -2.457490709,      -2.984039062
          0,           0,        1154,      -2.474628646,      -2.457490507,      -2.984042882
          0,           0,        1155,      -2.474628818,      -2.457490816,      -2.984041882
          0,           0,        1156,      -2.474628673,      -2.457490714,      -2.984042267
          0,           0,        1157,      -2.474627434,      -2.457491973,      -2.984027785
          0,           0,        1158,       -2.47462692,      -2.457491758,      -2.984026216
          0,           0,        1159,      -2.474627233,      -2.457491323,      -2.984029445
          0,           0,        1160,      -2.474626718,      -2.457491655,      -2.984024411
          0,           0,        1161,      -2.474626306,      -2.457492771,      -2.984014589
          0,           0,        1162,      -2.474626289,      -2.457492295,      -2.984017823
          0,           0,        1163,      -2.474628446,      -2.457491723,      -2.984031645
          0,           0,        1164,      -2.474626657,      -2.457492008,      -2.984021656
          0,           0,        1165,      -2.474627482,      -2.457491161,      -2.984031823
          0,           0,        1166,      -2.474626967,      -2.457491847,      -2.984023775
          0,           0,        1167,      -2.474628078,      -2.457491856,      -2.984029695
          0,           0,        1168,      -2.474627752,      -2.457491222,        -2.9840327
          0,           0,        1169,      -2.474628943,      -2.457490849,      -2.984040754
          0,           0,        1170,      -2.474626385,      -2.457492936,      -2.984014642
          0,           0,        1171,       -2.47462782,      -2.457491536,      -2.984032305
          0,           0,        1172,      -2.474626202,      -2.457491478,      -2.984023154
          0,           0,        1173,      -2.474625997,      -2.457492644,      -2.984014342
          0,           0,        1174,      -2.474626303,      -2.457493685,      -2.984008812
          0,           0,        1175,      -2.474626934,      -2.457492822,      -2.984018748
          0,           0,        1176,      -2.474630015,       -2.45749144,      -2.984042037
          0,           0,        1177,      -2.474626616,      -2.457492576,      -2.984019719
          0,           0,        1178,      -2.474628231,      -2.457491783,      -2.984033767
          0,           0,        1179,      -2.474627025,      -2.457491954,      -2.984025739
          0,           0,        1180,      -2.474627075,      -2.457492148,      -2.984025066
          0,           0,        1181,      -2.474627663,      -2.457491947,      -2.984028755
          0,           0,        1182,      -2.474628868,      -2.457491535,      -2.984037188
          0,           0,        1183,      -2.474628233,      -2.457491707,      -2.984033901
          0,           0,        1184,      -2.474626936,      -2.457492466,      -2.984022622
          0,           0,        1185,      -2.474626682,      -2.457492256,      -2.984021932
          0,           0,        1186,      -2.474627102,      -2.457491983,      -2.984024857
          0,           0,        1187,      -2.474629933,      -2.457491634,      -2.984038282
          0,           0,        1188,      -2.474627895,      -2.457491056,      -2.984034407
          0,           0,        1189,      -2.474629215,      -2.457491618,      -2.984035214
          0,           0,        1190,      -2.474626641,      -2.457492024,      -2.984019848
          0,           0,        1191,      -2.474627968,      -2.457491987,      -2.984025052
          0,           0,        1192,      -2.474625887,      -2.457492685,      -2.984008722
          0,           0,        1193,       -2.47462643,       -2.45749275,      -2.984011086
          0,           0,        1194,       -2.47462711,       -2.45749126,      -2.984023975
          0,           0,        1195,      -2.474627241,      -2.457491363,      -2.984024149
          0,           0,        1196,      -2.474628669,      -2.457490771,      -2.984035037
          0,           0,        1197,      -2.474627567,      -2.457490416,      -2.984033366
          0,           0,        1198,      -2.474626639,      -2.457491873,      -2.984019012
          0,           0,        1199,      -2.474628454,      -2.457491179,      -2.984032033
          0,           0,        1200,      -2.474625773,      -2.457493026,      -2.984006273
          0,           0,        1201,      -2.474625726,      -2.457494086,      -2.983999647
          0,           0,        1202,      -2.474627171,      -2.457492733,      -2.984015934
          0,           0,        1203,      -2.474628428,      -2.457491245,       -2.98403224
          0,           0,        1204,      -2.474627312,      -2.457491514,      -2.984026682
          0,           0,        1205,      -2.474628003,      -2.457491977,      -2.984027034
          0,           0,        1206,      -2.474628394,       -2.45749195,      -2.984028988
          0,           0,        1207,       -2.47462707,      -2.457492027,      -2.984022395
          0,           0,        1208,       -2.47462756,      -2.457492384,      -2.984021813
          0,           0,        1209,      -2.474627939,      -2.457492047,      -2.984025657
          0,           0,        1210,      -2.474627812,       -2.45749138,      -2.984029937
          0,           0,        1211,      -2.474626004,      -2.457492724,      -2.984011589
          0,           0,        1212,      -2.474625566,      -2.457494163,      -2.983999357
          0,           0,        1213,       -2.47462674,      -2.457493299,      -2.984011626
          0,           0,        1214,      -2.474626931,      -2.457493028,      -2.984014117
          0,           0,        1215,      -2.474627442,       -2.45749242,      -2.984021829
          0,           0,        1216,      -2.474628073,      -2.457492387,      -2.984025294
          0,           0,        1217,      -2.474626673,      -2.457492998,      -2.984014817
          0,           0,        1218,      -2.474627049,      -2.457492517,      -2.984019943
          0,           0,        1219,      -2.474627073,      -2.457491889,      -2.984023525
          0,           0,        1220,      -2.474626643,      -2.457492239,      -2.984018827
          0,           0,        1221,      -2.474628756,      -2.457492213,      -2.984028411
          0,           0,        1222,      -2.474625758,      -2.457493574,      -2.984004334
          0,           0,        1223,      -2.474626707,      -2.457493482,      -2.984010494
          0,           0,        1224,      -2.474627667,      -2.457491462,      -2.984028067
          0,           0,        1225,       -2.47462902,      -2.457491708,      -2.984032293
          0,           0,        1226,      -2.474626548,      -2.457491682,       -2.98402138
