"Time_Iter","Outer_Iter","Inner_Iter",    "rms[Rho]"    ,    "rms[RhoU]"   ,    "rms[RhoV]"   ,    "rms[RhoE]"   ,    "RefForce"    ,       "CD"       ,       "CL"       ,       "CSF"      ,       "CMx"      ,       "CMy"      ,       "CMz"      ,       "CFx"      ,       "CFy"      ,       "CFz"      ,      "CEff"      
          0,           0,           0,      -5.277972331,       -5.18469098,      -6.153941824,       -4.68159155,             0.448,    0.004259559468,      0.3256666599,                 0,                 0,                 0,     0.04725588606,  -0.0003034592784,      0.3256943738,                 0,        76.4554791
          0,           0,           1,      -5.581556944,      -5.425993926,      -5.426174946,      -4.980269805,             0.448,    0.004080978828,      0.3267460303,                 0,                 0,                 0,     0.04757642179,  -0.0004971444076,      0.3267711364,                 0,       80.06560292
          0,           0,           2,      -5.509535835,      -5.499802343,      -5.591240925,      -4.926523764,             0.448,    0.004089700665,      0.3276847323,                 0,                 0,                 0,      0.0482174916,  -0.0005015746718,      0.3277098684,                 0,       80.12438052
          0,           0,           3,      -5.503276801,      -5.578444454,      -5.527937522,      -4.920495656,             0.448,    0.004012695399,      0.3280080765,                 0,                 0,                 0,     0.04823676672,  -0.0005831024435,       0.328032102,                 0,       81.74258046
          0,           0,           4,      -5.462375375,      -5.549141983,      -5.514172453,      -4.885256922,             0.448,    0.004002693391,      0.3288535661,                 0,                 0,                 0,     0.04864443906,   -0.000604948806,      0.3288773685,                 0,       82.15807056
          0,           0,           5,       -5.46134704,      -5.616229117,      -5.571223794,      -4.892680786,             0.448,    0.003966080519,      0.3293132986,                 0,                 0,                 0,     0.04887458421,   -0.000647998953,       0.329336543,                 0,       83.03242887
          0,           0,           6,      -5.443243346,      -5.655722056,      -5.612490214,      -4.875825005,             0.448,    0.003955859045,      0.3299024965,                 0,                 0,                 0,     0.04907613773,   -0.000666474106,      0.3299255398,                 0,       83.39591799
          0,           0,           7,      -5.425596491,      -5.637757344,      -5.601510951,      -4.859844395,             0.448,     0.00396058998,      0.3306606696,                 0,                 0,                 0,     0.04930436938,  -0.0006723656651,      0.3306837048,                 0,       83.48773068
          0,           0,           8,      -5.419851855,      -5.641883246,      -5.618020961,      -4.858707919,             0.448,    0.003954455088,      0.3313354773,                 0,                 0,                 0,     0.04943610508,  -0.0006879540328,      0.3313583603,                 0,       83.78789742
          0,           0,           9,      -5.418368053,      -5.682427227,      -5.668411744,      -4.860613432,             0.448,     0.00394759127,      0.3319375444,                 0,                 0,                 0,     0.04950621902,  -0.0007032521578,      0.3319602721,                 0,        84.0860975
          0,           0,          10,      -5.412535532,      -5.705441654,      -5.703540963,      -4.855451162,             0.448,    0.003946936512,      0.3325053541,                 0,                 0,                 0,     0.04955391205,  -0.0007118618847,       0.332528017,                 0,       84.24390743
          0,           0,          11,      -5.407779704,       -5.70848802,       -5.71291885,      -4.851252111,             0.448,    0.003953582049,      0.3330481967,                 0,                 0,                 0,     0.04958719133,  -0.0007128222432,      0.3330708994,                 0,       84.23960668
          0,           0,          12,      -5.408206323,      -5.712335675,      -5.726358638,      -4.852946914,             0.448,    0.003964666395,      0.3335596002,                 0,                 0,                 0,     0.04960406066,  -0.0007089037642,       0.333582408,                 0,       84.13308132
          0,           0,          13,      -5.410922913,      -5.713756583,      -5.755462311,      -4.856536824,             0.448,    0.003976729554,      0.3340283502,                 0,                 0,                 0,     0.04960267311,  -0.0007034089923,       0.334051281,                 0,       83.99574215
          0,           0,          14,      -5.414396443,      -5.713731968,      -5.786360195,       -4.86011991,             0.448,    0.003988680832,      0.3344530955,                 0,                 0,                 0,     0.04958657296,  -0.0006974095835,      0.3344761521,                 0,       83.85055351
          0,           0,          15,      -5.419148779,      -5.719461776,      -5.806564973,      -4.864613101,             0.448,    0.004000988051,      0.3348416998,                 0,                 0,                 0,     0.04956255996,  -0.0006905479308,      0.3348648907,                 0,       83.68975251
          0,           0,          16,      -5.425627216,      -5.733160177,      -5.820093734,      -4.870864631,             0.448,    0.004014024873,      0.3352032179,                 0,                 0,                 0,     0.04953673939,  -0.0006825772686,      0.3352265559,                 0,       83.50800717
          0,           0,          17,      -5.433692335,      -5.752409859,      -5.836692448,      -4.878955757,             0.448,    0.004027590769,      0.3355411623,                 0,                 0,                 0,     0.04951232072,  -0.0006737473167,      0.3355646572,                 0,       83.31063943
          0,           0,          18,      -5.442803438,      -5.773751708,      -5.860436867,      -4.888379266,             0.448,    0.004041180008,      0.3358550722,                 0,                 0,                 0,     0.04949033274,   -0.000664557299,      0.3358787266,                 0,       83.10816927
          0,           0,          19,      -5.452496635,      -5.794709548,      -5.889577202,      -4.898560608,             0.448,    0.004054385173,      0.3361468275,                 0,                 0,                 0,     0.04947186135,  -0.0006554409311,      0.3361706383,                 0,       82.90944572
          0,           0,          20,      -5.463118183,      -5.813926729,      -5.920329788,      -4.909674285,             0.448,    0.004067015591,      0.3364181834,                 0,                 0,                 0,      0.0494580576,  -0.0006466134588,      0.3364421445,                 0,       82.71868546
          0,           0,          21,      -5.474876086,      -5.831416241,      -5.948581847,      -4.921715949,             0.448,     0.00407894176,      0.3366701402,                 0,                 0,                 0,     0.04944983642,   -0.000638218383,      0.3366942437,                 0,       82.53859947
          0,           0,          22,      -5.487245407,      -5.848247503,      -5.971595158,       -4.93411452,             0.448,    0.004090310859,      0.3369073917,                 0,                 0,                 0,     0.04944899267,  -0.0006301743016,      0.3369316312,                 0,       82.36718512
          0,           0,          23,      -5.500534358,      -5.866475686,      -5.989093831,      -4.947323054,             0.448,    0.004100950622,      0.3371341636,                 0,                 0,                 0,     0.04945597787,  -0.0006227126643,      0.3371585299,                 0,       82.20878393
          0,           0,          24,      -5.515222405,      -5.888001443,      -6.004217371,      -4.961913159,             0.448,    0.004110521582,      0.3373525185,                 0,                 0,                 0,     0.04947009416,  -0.0006162018031,      0.3373769975,                 0,       82.07048954
          0,           0,          25,      -5.531118543,      -5.913442745,      -6.020878866,       -4.97773867,             0.448,    0.004119031121,      0.3375657547,                 0,                 0,                 0,     0.04949143569,  -0.0006106805457,       0.337590332,                 0,         81.952708
          0,           0,          26,      -5.547879176,      -5.942306153,       -6.04090788,      -4.994457006,             0.448,    0.004126397999,      0.3377740676,                 0,                 0,                 0,     0.04951903041,  -0.0006062328613,      0.3377987276,                 0,       81.85688043
          0,           0,          27,      -5.565394392,      -5.973135721,      -6.063896295,      -5.011962904,             0.448,    0.004132598114,       0.337977823,                 0,                 0,                 0,     0.04955189374,  -0.0006028879749,      0.3380025499,                 0,       81.78337542
          0,           0,          28,      -5.583364864,      -6.004329127,       -6.08813947,      -5.029913675,             0.448,    0.004137600334,      0.3381775039,                 0,                 0,                 0,     0.04958900678,   -0.000600683782,      0.3382022813,                 0,       81.73276214
          0,           0,          29,      -5.601535715,      -6.034617885,       -6.11182395,      -5.048013408,             0.448,     0.00414139191,      0.3383730664,                 0,                 0,                 0,     0.04962923146,  -0.0005996324152,      0.3383978777,                 0,       81.70515464
          0,           0,          30,      -5.619687988,      -6.063543515,      -6.133791286,      -5.066041051,             0.448,    0.004144055162,      0.3385645746,                 0,                 0,                 0,     0.04967161271,  -0.0005996524605,      0.3385894045,                 0,       81.69885809
          0,           0,          31,      -5.637758995,      -6.091390225,      -6.154008438,       -5.08396371,             0.448,    0.004145725209,      0.3387523923,                 0,                 0,                 0,     0.04971535371,  -0.0006006139103,      0.3387772271,                 0,       81.71125081
          0,           0,          32,      -5.655691485,      -6.118654792,      -6.173191196,      -5.101754852,             0.448,    0.004146493742,       0.338936008,                 0,                 0,                 0,     0.04975940038,  -0.0006024179147,      0.3389608355,                 0,       81.74038818
          0,           0,          33,      -5.673231462,      -6.145984611,      -6.192231977,      -5.119187624,             0.448,    0.004146581992,      0.3391148873,                 0,                 0,                 0,      0.0498030582,  -0.0006048357774,      0.3391396985,                 0,       81.78178749
          0,           0,          34,      -5.690122225,      -6.173936892,      -6.211681141,      -5.136022544,             0.448,    0.004146287998,      0.3392904952,                 0,                 0,                 0,     0.04984628589,  -0.0006075900148,       0.339315285,                 0,       81.82993929
          0,           0,          35,      -5.706961374,      -6.202646813,      -6.232162764,      -5.152866904,             0.448,     0.00414557543,      0.3394609159,                 0,                 0,                 0,     0.04988771581,  -0.0006106901139,      0.3394856791,                 0,       81.88511383
          0,           0,          36,      -5.723744831,      -6.232398833,      -6.253657539,      -5.169673731,             0.448,    0.004144536841,      0.3396249181,                 0,                 0,                 0,     0.04992653474,  -0.0006140262769,      0.3396496506,                 0,        81.9452043
          0,           0,          37,      -5.740417655,      -6.263225717,      -6.275390502,      -5.186412655,             0.448,    0.004143431923,      0.3397824767,                 0,                 0,                 0,     0.04996266128,  -0.0006173384872,      0.3398071783,                 0,       82.00508251
          0,           0,          38,      -5.756928977,      -6.294816594,      -6.296481948,      -5.203017766,             0.448,    0.004142444212,      0.3399333978,                 0,                 0,                 0,     0.04999593293,    -0.00062044051,      0.3399580707,                 0,       82.06106838
          0,           0,          39,      -5.773195165,      -6.326578863,      -6.316345341,      -5.219378388,             0.448,    0.004141698895,      0.3400772522,                 0,                 0,                 0,      0.0500261581,  -0.0006232011592,      0.3401019005,                 0,       82.11056883
          0,           0,          40,      -5.789107611,      -6.357717435,      -6.334763671,      -5.235369301,             0.448,    0.004141308041,      0.3402137877,                 0,                 0,                 0,     0.05005331851,  -0.0006255048414,      0.3402384172,                 0,       82.15128754
          0,           0,          41,      -5.804583479,      -6.387325833,      -6.351893619,      -5.250904786,             0.448,    0.004141365437,      0.3403428542,                 0,                 0,                 0,     0.05007752174,  -0.0006272556772,      0.3403674718,                 0,       82.18131419
          0,           0,          42,      -5.819484141,      -6.414382958,      -6.367864946,      -5.265850685,             0.448,    0.004141936984,      0.3404643484,                 0,                 0,                 0,     0.05009893484,  -0.0006283863239,      0.3404889621,                 0,       82.19930667
          0,           0,          43,      -5.833801988,       -6.43834781,      -6.382838745,      -5.280189323,             0.448,    0.004143054239,      0.3405783595,                 0,                 0,                 0,     0.05011780263,  -0.0006288664781,      0.3406029777,                 0,       82.20465865
          0,           0,          44,       -5.84756845,       -6.45896997,      -6.397149553,      -5.293952096,             0.448,    0.004144706057,       0.340684984,                 0,                 0,                 0,     0.05013437774,  -0.0006287086349,      0.3407096148,                 0,       82.19762253
          0,           0,          45,      -5.860798028,      -6.476083459,      -6.411039843,      -5.307168429,             0.448,    0.004146860821,      0.3407840451,                 0,                 0,                 0,     0.05014889019,  -0.0006279419323,      0.3408086964,                 0,       82.17879978
          0,           0,          46,      -5.873498103,       -6.48949737,       -6.42448815,      -5.319876592,             0.448,    0.004149494014,      0.3408752002,                 0,                 0,                 0,     0.05016161372,  -0.0006265860835,      0.3408998794,                 0,       82.14861838
          0,           0,          47,      -5.886033413,      -6.499193298,      -6.436473804,      -5.332455126,             0.448,    0.004152559576,      0.3409606927,                 0,                 0,                 0,     0.05017333526,  -0.0006247185754,      0.3409854065,                 0,       82.10856136
          0,           0,          48,      -5.899116111,      -6.507481798,      -6.446882711,      -5.345546473,             0.448,    0.004155868815,      0.3410403224,                 0,                 0,                 0,     0.05018401615,  -0.0006225252758,      0.3410650748,                 0,       82.06234066
          0,           0,          49,      -5.912739072,      -6.514722114,      -6.456918644,      -5.359137703,             0.448,    0.004159277991,      0.3411139764,                 0,                 0,                 0,     0.05019368502,  -0.0006201483286,      0.3411387692,                 0,       82.01278614
          0,           0,          50,      -5.926462363,       -6.52058537,      -6.467368552,      -5.372891428,             0.448,    0.004162748178,      0.3411825599,                 0,                 0,                 0,      0.0502027514,  -0.0006176393392,      0.3412073946,                 0,       81.96089344
          0,           0,          51,      -5.940433762,      -6.525571899,      -6.477530818,      -5.387037458,             0.448,    0.003714029185,      0.3412518347,                 0,                 0,                 0,     0.05021132919,  -0.0006151252539,      0.3412714906,                 0,       91.88183984
          0,           0,          52,      -3.931696004,      -3.902767585,       -3.73385843,      -3.325007427,             0.448,    0.003716975717,      0.3412869488,                 0,                 0,                 0,      0.0502138046,  -0.0006126243889,      0.3413066392,                 0,       91.81844994
          0,           0,          53,      -4.229095258,       -4.16735883,      -4.011238181,       -3.61853863,             0.448,    0.003713941742,      0.3407821136,                 0,                 0,                 0,     0.05008116608,  -0.0006092541725,      0.3408018062,                 0,       91.75752805
          0,           0,          54,       -4.47201765,      -4.337698811,      -4.435740189,      -3.878400027,             0.448,    0.003678759603,      0.3386212149,                 0,                 0,                 0,     0.04951194194,  -0.0006170220001,      0.3386406351,                 0,       92.04766049
          0,           0,          55,      -4.671206486,      -4.477571438,      -4.671187593,      -4.060589255,             0.448,    0.003618623161,       0.335336222,                 0,                 0,                 0,     0.04872550502,   -0.000635482735,      0.3353551436,                 0,       92.66956162
          0,           0,          56,      -4.834242648,      -4.675857265,      -4.737092229,      -4.235087792,             0.448,    0.003579034038,      0.3323828035,                 0,                 0,                 0,     0.04818010035,  -0.0006376039006,      0.3324014606,                 0,       92.86941671
          0,           0,          57,      -4.930924334,      -4.782434382,      -4.862532896,      -4.332788874,             0.448,    0.003549050627,      0.3306902362,                 0,                 0,                 0,     0.04806294625,  -0.0006461143051,      0.3307086491,                 0,       93.17709746
          0,           0,          58,      -5.067124976,      -4.875864506,       -4.99528183,      -4.465705924,             0.448,    0.003530281674,      0.3302567088,                 0,                 0,                 0,     0.04828546082,  -0.0006593823569,      0.3302749185,                 0,       93.54967657
          0,           0,          59,      -5.097468126,      -4.907039146,      -5.060817797,      -4.494318411,             0.448,    0.003515656925,      0.3302095537,                 0,                 0,                 0,     0.04855243185,  -0.0006734077564,      0.3302275817,                 0,       93.92542013
          0,           0,          60,      -5.151174347,      -4.970794126,      -5.104161954,      -4.546268726,             0.448,    0.003486074773,      0.3297968631,                 0,                 0,                 0,     0.04867798352,  -0.0006977524557,       0.329814549,                 0,       94.60407036
          0,           0,          61,      -5.271663516,       -5.10021414,      -5.194091089,      -4.672581343,             0.448,    0.003456595092,      0.3291028742,                 0,                 0,                 0,     0.04871268513,  -0.0007184263604,       0.329120242,                 0,       95.21013176
          0,           0,          62,      -5.349455399,      -5.189745835,      -5.312433397,      -4.759718268,             0.448,    0.003433834805,      0.3284253793,                 0,                 0,                 0,     0.04873671501,  -0.0007325906426,       0.328442513,                 0,       95.64390774
          0,           0,          63,      -5.371761004,      -5.228248682,      -5.376488061,      -4.781378668,             0.448,    0.003412600735,      0.3278390282,                 0,                 0,                 0,     0.04875948188,  -0.0007463850089,      0.3278559396,                 0,       96.06720903
          0,           0,          64,      -5.422842645,       -5.29839042,      -5.410401514,      -4.834189678,             0.448,    0.003392109232,      0.3273136452,                 0,                 0,                 0,     0.04877296217,  -0.0007602102636,       0.327330339,                 0,       96.49266071
          0,           0,          65,      -5.486264874,      -5.392831141,      -5.493802563,      -4.907050699,             0.448,    0.003375012741,       0.326845199,                 0,                 0,                 0,     0.04878087461,  -0.0007713630342,      0.3268617136,                 0,       96.84265633
          0,           0,          66,      -5.513319844,      -5.472208189,      -5.620079411,       -4.94287383,             0.448,    0.003362151977,      0.3264393157,                 0,                 0,                 0,     0.04878467723,  -0.0007790740427,      0.3264556998,                 0,       97.09237354
          0,           0,          67,      -5.518782943,      -5.533880131,      -5.698752534,      -4.952296063,             0.448,    0.003352235478,      0.3260725892,                 0,                 0,                 0,     0.04877660353,  -0.0007843377373,       0.326088877,                 0,       97.27019219
          0,           0,          68,      -5.519478729,       -5.58680068,      -5.717026724,      -4.956100683,             0.448,    0.003344112983,      0.3257112724,                 0,                 0,                 0,     0.04875030386,  -0.0007878761939,      0.3257274862,                 0,        97.3984055
          0,           0,          69,      -5.514937728,      -5.635704391,      -5.743533526,      -4.955148391,             0.448,    0.003338303706,      0.3253514794,                 0,                 0,                 0,     0.04871004342,  -0.0007891209503,      0.3253676485,                 0,        97.4601199
          0,           0,          70,       -5.50669974,      -5.685464588,      -5.790097988,      -4.950476156,             0.448,    0.003335348947,        0.32500821,                 0,                 0,                 0,     0.04866367719,  -0.0007877210211,      0.3250243692,                 0,       97.44354042
          0,           0,          71,      -5.497530835,      -5.737568323,       -5.83684792,      -4.944397967,             0.448,    0.003335060738,      0.3246832592,                 0,                 0,                 0,     0.04861406647,  -0.0007838871348,       0.324699441,                 0,       97.35452657
          0,           0,          72,      -5.488577021,      -5.787445641,       -5.87347813,      -4.937738638,             0.448,    0.003337240654,      0.3243717391,                 0,                 0,                 0,     0.04856193565,  -0.0007777556919,      0.3243879736,                 0,       97.19758709
          0,           0,          73,      -5.478961278,      -5.830936451,      -5.904538551,      -4.929515824,             0.448,    0.003341355007,      0.3240716378,                 0,                 0,                 0,     0.04850782561,  -0.0007698348181,      0.3240879486,                 0,        96.9880893
          0,           0,          74,       -5.46934693,      -5.868009959,      -5.930454759,      -4.920910392,             0.448,    0.003346695377,      0.3237838663,                 0,                 0,                 0,     0.04845299947,  -0.0007608444325,      0.3238002681,                 0,       96.74733725
          0,           0,          75,      -5.461003104,      -5.900489808,      -5.950464412,      -4.913303919,             0.448,    0.003352619239,       0.323510955,                 0,                 0,                 0,     0.04839935594,  -0.0007514591057,      0.3235274538,                 0,       96.49498852
          0,           0,          76,      -5.454990651,      -5.928772548,      -5.965758119,      -4.907696033,             0.448,    0.003358714562,      0.3232526322,                 0,                 0,                 0,     0.04834824566,  -0.0007420873903,      0.3232692291,                 0,       96.24296026
          0,           0,          77,      -5.451519244,      -5.953006922,      -5.978453431,      -4.904311659,             0.448,    0.003364692944,       0.323006661,                 0,                 0,                 0,     0.04830019729,  -0.0007329892917,      0.3230233536,                 0,       95.99885234
          0,           0,          78,      -5.450502444,      -5.974135311,      -5.990684066,      -4.903170852,             0.448,    0.003370366684,      0.3227726125,                 0,                 0,                 0,     0.04825589834,  -0.0007243470507,      0.3227893959,                 0,       95.76780298
          0,           0,          79,      -5.451901764,      -5.993780797,      -6.003945559,      -4.904345606,             0.448,    0.003375574525,      0.3225521677,                 0,                 0,                 0,     0.04821631152,  -0.0007163432372,      0.3225690349,                 0,       95.55474642
          0,           0,          80,      -5.455772452,      -6.013713984,      -6.018508361,      -4.907962427,             0.448,    0.003380032443,      0.3223448394,                 0,                 0,                 0,     0.04818145974,  -0.0007092556714,      0.3223617798,                 0,       95.36738029
          0,           0,          81,      -5.462857981,        -6.0349467,      -6.034186066,      -4.914789521,             0.448,    0.003383631109,      0.3221507182,                 0,                 0,                 0,     0.04815158888,  -0.0007031948239,      0.3221677198,                 0,       95.20858149
          0,           0,          82,      -5.472341233,      -6.057942941,      -6.050083234,      -4.923883541,             0.448,    0.003386311049,      0.3219708774,                 0,                 0,                 0,     0.04812698295,  -0.0006982337791,      0.3219879275,                 0,       95.08012487
          0,           0,          83,      -5.483991561,      -6.081495395,      -6.064675162,      -4.935122788,             0.448,     0.00338782268,      0.3218037744,                 0,                 0,                 0,     0.04810674846,  -0.0006946025304,      0.3218208571,                 0,       94.98837594
          0,           0,          84,      -5.497598809,      -6.104302148,      -6.077952592,      -4.948302364,             0.448,    0.003388199163,      0.3216492314,                 0,                 0,                 0,     0.04809070321,  -0.0006922656658,      0.3216663313,                 0,       94.93220909
          0,           0,          85,       -5.51296437,      -6.125639486,      -6.090562849,      -4.963200592,             0.448,    0.003387594053,      0.3215079237,                 0,                 0,                 0,     0.04807889534,  -0.0006910782074,      0.3215250273,                 0,        94.9074531
          0,           0,          86,      -5.529964727,      -6.145272545,      -6.103181682,      -4.979691709,             0.448,    0.003386074873,      0.3213799453,                 0,                 0,                 0,     0.04807090534,  -0.0006909738309,        0.32139704,                 0,       94.91223832
          0,           0,          87,      -5.548532667,      -6.163194748,      -6.116459164,      -4.997712123,             0.448,    0.003383711166,      0.3212649557,                 0,                 0,                 0,     0.04806616048,   -0.000691878679,      0.3212820296,                 0,       94.94455642
          0,           0,          88,       -5.56878885,      -6.179711984,      -6.130696089,      -5.017401789,             0.448,    0.003380695661,      0.3211617048,                 0,                 0,                 0,     0.04806410793,  -0.0006935841796,      0.3211787487,                 0,        94.9987035
          0,           0,          89,      -5.590927536,      -6.195459814,      -6.147475673,      -5.038976067,             0.448,     0.00337738616,      0.3210716146,                 0,                 0,                 0,     0.04806505778,  -0.0006957506004,      0.3210886238,                 0,       95.06511821
          0,           0,          90,      -5.614846558,      -6.210056408,      -6.167126509,      -5.062335551,             0.448,    0.003373759929,      0.3209906271,                 0,                 0,                 0,     0.04806725749,  -0.0006983491951,      0.3210075969,                 0,       95.14329229
          0,           0,          91,       -5.64102512,       -6.22310888,      -6.191348292,      -5.088005259,             0.448,    0.003369995476,      0.3209222393,                 0,                 0,                 0,     0.04807115114,  -0.0007012458311,      0.3209391668,                 0,       95.22927896
          0,           0,          92,      -5.667902801,      -6.235920789,      -6.215655192,      -5.114334924,             0.448,    0.003366184565,      0.3208645588,                 0,                 0,                 0,     0.04807595751,  -0.0007043247461,      0.3208814427,                 0,       95.31995428
          0,           0,          93,      -5.695954304,      -6.248195022,      -6.238932009,      -5.141949341,             0.448,    0.003362551494,      0.3208170995,                 0,                 0,                 0,     0.04808154314,  -0.0007073554926,      0.3208339411,                 0,        95.4088287
          0,           0,          94,      -5.725037467,      -6.260738185,      -6.263544945,      -5.170572707,             0.448,    0.003359152004,      0.3207782944,                 0,                 0,                 0,     0.04808721302,  -0.0007102624579,      0.3207950959,                 0,       95.49383119
          0,           0,          95,      -5.755037841,      -6.274698064,      -6.289013749,      -5.200018816,             0.448,    0.003355960647,      0.3207454392,                 0,                 0,                 0,      0.0480920103,  -0.0007130367827,      0.3207622029,                 0,       95.57485113
          0,           0,          96,      -5.785830337,      -6.290196941,      -6.314146682,      -5.230191966,             0.448,    0.003353198798,      0.3207183429,                 0,                 0,                 0,     0.04809621941,  -0.0007154546863,      0.3207350737,                 0,       95.64549023
          0,           0,          97,       -5.81728111,      -6.306921455,      -6.338291701,      -5.261010094,             0.448,    0.003350959768,       0.320696114,                 0,                 0,                 0,     0.04809977619,  -0.0007174115576,      0.3207128182,                 0,       95.70276463
          0,           0,          98,      -5.849355876,      -6.324593713,      -6.361772753,      -5.292471069,             0.448,    0.003349262363,      0.3206776382,                 0,                 0,                 0,      0.0481024872,  -0.0007188744571,      0.3206943224,                 0,        95.7457504
          0,           0,          99,      -5.882050534,      -6.343252222,      -6.385635816,      -5.324570084,             0.448,     0.00334813712,      0.3206622576,                 0,                 0,                 0,      0.0481043963,  -0.0007198045033,      0.3206789288,                 0,       95.77333489
          0,           0,         100,      -5.915343327,       -6.36313597,      -6.410979441,      -5.357275326,             0.448,    0.003347590046,       0.320649462,                 0,                 0,                 0,     0.04810563912,   -0.000720189218,      0.3206661273,                 0,       95.78516414
          0,           0,         101,      -5.949210042,      -6.384520431,      -6.438428574,      -5.390564413,             0.448,    0.003497305779,      0.3206372878,                 0,                 0,                 0,     0.04810640473,  -0.0007200524716,       0.320655552,                 0,       91.68122781
          0,           0,         102,      -4.384538686,      -4.355736546,      -4.186813883,      -3.777880799,             0.448,    0.003497824328,      0.3206366242,                 0,                 0,                 0,     0.04810873038,  -0.0007195252389,      0.3206548952,                 0,       91.66744642
          0,           0,         103,      -4.681577732,      -4.620140689,       -4.46410524,       -4.07109142,             0.448,    0.003500925555,      0.3208273279,                 0,                 0,                 0,     0.04815870495,  -0.0007189324349,      0.3208456232,                 0,       91.64071694
          0,           0,         104,      -4.923671447,      -4.790356662,      -4.888548692,      -4.330170704,             0.448,    0.003515674853,      0.3216037943,                 0,                 0,                 0,     0.04836275107,  -0.0007143965827,      0.3216222165,                 0,       91.47711543
          0,           0,         105,      -5.122247867,        -4.9304698,      -5.123785819,      -4.511985318,             0.448,    0.003539194347,      0.3227782544,                 0,                 0,                 0,     0.04864342618,  -0.0007063257465,      0.3227968843,                 0,       91.20105389
          0,           0,         106,      -5.284204962,      -5.128965223,      -5.189936605,      -4.685576613,             0.448,    0.003555255073,       0.323836992,                 0,                 0,                 0,     0.04883894614,  -0.0007041910396,      0.3238557416,                 0,       91.08685181
          0,           0,         107,      -5.379509044,      -5.234844784,        -5.3153727,       -4.78206418,             0.448,    0.003567541509,      0.3244516622,                 0,                 0,                 0,     0.04888319319,  -0.0006999898742,      0.3244705202,                 0,       90.94544839
          0,           0,         108,      -5.512824461,      -5.327063304,       -5.44781591,      -4.912479514,             0.448,    0.003575427713,      0.3246217032,                 0,                 0,                 0,     0.04880742011,  -0.0006943407493,      0.3246406502,                 0,       90.79241121
          0,           0,         109,      -5.543066372,      -5.357935414,      -5.512814671,      -4.940963524,             0.448,    0.003581579536,      0.3246575592,                 0,                 0,                 0,     0.04871653042,  -0.0006886610406,       0.324676584,                 0,       90.64647481
          0,           0,         110,      -5.595715372,      -5.421673579,      -5.555848693,      -4.992072346,             0.448,    0.003592817253,      0.3248247879,                 0,                 0,                 0,     0.04867629301,  -0.0006796237058,      0.3248439461,                 0,       90.40949346
          0,           0,         111,       -5.71162143,      -5.550492852,      -5.645441481,      -5.114299847,             0.448,    0.003603840126,      0.3250919849,                 0,                 0,                 0,     0.04866846293,  -0.0006721159893,      0.3251112649,                 0,       90.20710507
          0,           0,         112,      -5.786105347,      -5.639419999,      -5.762792775,      -5.198082018,             0.448,     0.00361233625,      0.3253538041,                 0,                 0,                 0,     0.04866467168,  -0.0006670640738,      0.3253731732,                 0,       90.06741941
          0,           0,         113,      -5.808809524,      -5.677970217,       -5.82640175,      -5.220250075,             0.448,    0.003620075185,      0.3255842167,                 0,                 0,                 0,     0.04866163787,  -0.0006623562195,      0.3256036677,                 0,       89.93852339
          0,           0,         114,      -5.858356713,      -5.748176462,      -5.860901251,      -5.271776148,             0.448,     0.00362731479,      0.3257940424,                 0,                 0,                 0,     0.04866212983,  -0.0006578768907,      0.3258135705,                 0,       89.81686489
          0,           0,         115,      -5.918617416,      -5.842288595,      -5.944261637,      -5.341229223,             0.448,    0.003633159642,      0.3259845263,                 0,                 0,                 0,     0.04866475159,  -0.0006545378091,      0.3260041147,                 0,       89.72480112
          0,           0,         116,       -5.94536415,      -5.921082893,       -6.06858442,      -5.376083245,             0.448,    0.003637357894,      0.3261533435,                 0,                 0,                 0,     0.04866894807,  -0.0006525602212,      0.3261729725,                 0,       89.66765245
          0,           0,         117,      -5.952587609,      -5.981916252,      -6.144965633,        -5.3868208,             0.448,    0.003640450958,      0.3263088458,                 0,                 0,                 0,     0.04867749365,  -0.0006515126081,      0.3263285021,                 0,       89.63418257
          0,           0,         118,      -5.955383083,      -6.033749346,      -6.162906563,      -5.392230682,             0.448,    0.003642918843,       0.326462851,                 0,                 0,                 0,     0.04869258054,  -0.0006510704292,      0.3264825264,                 0,       89.61573537
          0,           0,         119,      -5.953289144,      -6.081649825,      -6.188217745,      -5.393097575,             0.448,    0.003644651509,      0.3266164511,                 0,                 0,                 0,     0.04871265459,  -0.0006513580776,       0.326636136,                 0,       89.61527605
          0,           0,         120,      -5.947674636,      -6.130551139,      -6.231084737,      -5.390485399,             0.448,    0.003645482904,      0.3267640929,                 0,                 0,                 0,     0.04873483734,  -0.0006524685556,       0.326783776,                 0,       89.63533817
          0,           0,         121,      -5.940752405,      -6.181755441,       -6.27260735,      -5.386237404,             0.448,    0.003645525259,      0.3269041199,                 0,                 0,                 0,     0.04875793097,  -0.0006542678548,      0.3269237914,                 0,       89.67270742
          0,           0,         122,      -5.932910125,      -6.230621753,      -6.302594949,      -5.380377129,             0.448,    0.003644960486,      0.3270391885,                 0,                 0,                 0,     0.04878207049,  -0.0006566090149,      0.3270588409,                 0,       89.72365811
          0,           0,         123,       -5.92440962,      -6.272667027,      -6.324631057,      -5.373055687,             0.448,    0.003643917473,       0.327170818,                 0,                 0,                 0,     0.04880709466,   -0.000659383143,      0.3271904453,                 0,       89.78546315
          0,           0,         124,      -5.916190631,      -6.307954204,      -6.342340041,      -5.365501132,             0.448,    0.003642669063,       0.327299579,                 0,                 0,                 0,     0.04883282712,  -0.0006623249234,      0.3273191788,                 0,       89.85158227
          0,           0,         125,      -5.909175799,      -6.338004949,      -6.356094008,      -5.358947201,             0.448,     0.00364137839,      0.3274240211,                 0,                 0,                 0,     0.04885836791,  -0.0006652521602,      0.3274435931,                 0,       89.91760427
          0,           0,         126,      -5.903444908,      -6.363509183,      -6.365087024,         -5.353554,             0.448,     0.00364014928,       0.327543117,                 0,                 0,                 0,     0.04888294643,  -0.0006680475263,      0.3275626625,                 0,       89.98068261
          0,           0,         127,      -5.899239219,      -6.384676642,      -6.371152762,      -5.349503208,             0.448,    0.003639094504,      0.3276578755,                 0,                 0,                 0,     0.04890648566,  -0.0006706115266,      0.3276773972,                 0,       90.03829802
          0,           0,         128,      -5.896680856,      -6.402323607,      -6.377018596,      -5.346906589,             0.448,    0.003638202765,      0.3277679916,                 0,                 0,                 0,     0.04892851061,   -0.000672951448,      0.3277874921,                 0,       90.09063343
          0,           0,         129,      -5.895834468,      -6.417729992,      -6.384509673,      -5.345894029,             0.448,    0.003637498683,      0.3278726152,                 0,                 0,                 0,     0.04894860208,  -0.0006750314889,      0.3278920973,                 0,       90.13683406
          0,           0,         130,      -5.896800414,      -6.432323889,      -6.393891329,       -5.34664916,             0.448,     0.00363704688,      0.3279711244,                 0,                 0,                 0,     0.04896654956,  -0.0006767788573,      0.3279905922,                 0,       90.17511604
          0,           0,         131,      -5.899659161,      -6.447058553,      -6.404738966,      -5.349291976,             0.448,    0.003636887466,      0.3280632782,                 0,                 0,                 0,     0.04898225536,   -0.000678150274,      0.3280827359,                 0,       90.20440729
          0,           0,         132,      -5.904389419,       -6.46200253,      -6.416734842,      -5.353796186,             0.448,    0.003637030354,      0.3281490871,                 0,                 0,                 0,     0.04899570886,  -0.0006791359653,      0.3281685392,                 0,       90.22445653
          0,           0,         133,      -5.910921005,      -6.476739027,      -6.429796893,      -5.360074507,             0.448,    0.003637475045,      0.3282286437,                 0,                 0,                 0,     0.04900698525,  -0.0006797376506,      0.3282480948,                 0,       90.23529775
          0,           0,         134,      -5.919175016,      -6.490847392,      -6.443877808,        -5.3680371,             0.448,    0.003638212435,      0.3283020092,                 0,                 0,                 0,     0.04901620358,  -0.0006799652348,      0.3283214636,                 0,       90.23717418
          0,           0,         135,      -5.929085996,      -6.504142556,      -6.458890427,      -5.377617143,             0.448,    0.003639216697,      0.3283689871,                 0,                 0,                 0,     0.04902343949,    -0.00067984196,      0.3283884489,                 0,       90.23067721
          0,           0,         136,      -5.940509455,      -6.516528526,      -6.475595799,      -5.388740012,             0.448,    0.003640503185,      0.3284297511,                 0,                 0,                 0,     0.04902897327,  -0.0006793547577,      0.3284492246,                 0,       90.21548242
          0,           0,         137,      -5.953462364,      -6.528082137,      -6.492722886,      -5.401390367,             0.448,    0.003642058659,      0.3284849994,                 0,                 0,                 0,     0.04903315923,    -0.00067852605,      0.3285044886,                 0,       90.19212214
          0,           0,         138,      -5.967988223,      -6.539028752,        -6.5107463,      -5.415552922,             0.448,    0.003643706022,      0.3285340622,                 0,                 0,                 0,      0.0490357276,  -0.0006775241079,      0.3285535688,                 0,       90.16481027
          0,           0,         139,       -5.98400535,      -6.549354945,        -6.5301385,      -5.431152221,             0.448,    0.003645387478,      0.3285770668,                 0,                 0,                 0,     0.04903686264,  -0.0006764083996,      0.3285965919,                 0,       90.13501824
          0,           0,         140,      -6.001509071,      -6.559220884,      -6.550750026,      -5.448209894,             0.448,    0.003647104961,      0.3286146076,                 0,                 0,                 0,      0.0490369561,  -0.0006751848053,      0.3286341519,                 0,       90.10286546
          0,           0,         141,      -6.020490407,      -6.568892723,      -6.572445211,      -5.466720808,             0.448,    0.003648797227,      0.3286469607,                 0,                 0,                 0,     0.04903615313,  -0.0006739181965,      0.3286665245,                 0,       90.06994366
          0,           0,         142,      -6.040907513,      -6.578511586,      -6.595222073,      -5.486644829,             0.448,    0.003650391377,       0.328674344,                 0,                 0,                 0,     0.04903454584,  -0.0006726843337,      0.3286939264,                 0,       90.03811102
          0,           0,         143,       -6.06270678,      -6.588159433,        -6.6190276,      -5.507935217,             0.448,    0.003651836864,      0.3286970833,                 0,                 0,                 0,     0.04903227451,  -0.0006715380408,      0.3287166827,                 0,       90.00869851
          0,           0,         144,       -6.08583917,      -6.597966521,      -6.643738224,      -5.530548474,             0.448,    0.003653094211,       0.328715523,                 0,                 0,                 0,     0.04902946871,  -0.0006705233235,      0.3287351374,                 0,       89.98276639
          0,           0,         145,      -6.110267423,      -6.608102504,      -6.669246992,      -5.554451873,             0.448,    0.003654129535,      0.3287300065,                 0,                 0,                 0,     0.04902623119,  -0.0006696785778,      0.3287496333,                 0,       89.96123519
          0,           0,         146,      -6.135959096,      -6.618800718,      -6.695472349,      -5.579617449,             0.448,    0.003654918313,        0.32874086,                 0,                 0,                 0,     0.04902264125,  -0.0006690326142,      0.3287604962,                 0,       89.94478997
          0,           0,         147,      -6.162881121,      -6.630350822,      -6.722348424,      -5.606016712,             0.448,    0.003655447282,      0.3287483965,                 0,                 0,                 0,     0.04901876335,  -0.0006686028114,       0.328768039,                 0,       89.93383603
          0,           0,         148,       -6.19099603,      -6.643034471,      -6.749847284,      -5.633617523,             0.448,    0.003655723124,      0.3287527668,                 0,                 0,                 0,     0.04901464154,  -0.0006683844719,      0.3287724126,                 0,       89.92824555
          0,           0,         149,      -6.219922849,       -6.65664879,      -6.778102845,      -5.662039379,             0.448,    0.003655807042,      0.3287539688,                 0,                 0,                 0,     0.04901037673,  -0.0006683163701,      0.3287736155,                 0,       89.92651007
          0,           0,         150,      -6.249402887,      -6.672664751,      -6.802380064,      -5.691137864,             0.448,    0.003655686113,      0.3287529293,                 0,                 0,                 0,     0.04900606737,  -0.0006684236176,      0.3287725746,                 0,       89.92920047
          0,           0,         151,      -6.279745493,      -6.689632306,      -6.826080209,      -5.721184649,             0.448,    0.003576346746,      0.3287507667,                 0,                 0,                 0,     0.04900160936,  -0.0006687446294,      0.3287695388,                 0,       91.92362766
          0,           0,         152,       -4.67317694,      -4.644325347,      -4.475422251,      -4.066509962,             0.448,    0.003575704609,      0.3287411081,                 0,                 0,                 0,      0.0489957634,  -0.0006692620026,      0.3287598728,                 0,       91.93743445
          0,           0,         153,      -4.970182171,      -4.908750025,      -4.752712755,      -4.359695809,             0.448,      0.0035738116,      0.3286321008,                 0,                 0,                 0,     0.04896523981,  -0.0006697473633,      0.3286508501,                 0,       91.95563101
          0,           0,         154,      -5.212409007,      -5.078875544,      -5.177068724,      -4.618888347,             0.448,    0.003566006563,      0.3282214424,                 0,                 0,                 0,     0.04885542443,  -0.0006722493743,      0.3282401251,                 0,       92.04173817
          0,           0,         155,       -5.41109339,       -5.21901823,      -5.412672294,      -4.800803162,             0.448,    0.003553723737,       0.327606069,                 0,                 0,                 0,     0.04870630626,  -0.0006765855442,      0.3276246445,                 0,       92.18670141
          0,           0,         156,      -5.573401686,      -5.417346633,      -5.479107363,      -4.974709486,             0.448,    0.003545226502,      0.3270495121,                 0,                 0,                 0,     0.04860085843,  -0.0006778958698,      0.3270680242,                 0,       92.25066774
          0,           0,         157,      -5.668928589,      -5.523030322,      -5.604493562,      -5.071355469,             0.448,    0.003538573462,      0.3267196778,                 0,                 0,                 0,     0.04857308098,  -0.0006802895718,      0.3267381315,                 0,       92.33090152
          0,           0,         158,      -5.802390789,      -5.615081854,      -5.736412617,      -5.201830805,             0.448,    0.003534129772,      0.3266187414,                 0,                 0,                 0,     0.04860732341,  -0.0006834296121,      0.3266371462,                 0,       92.41843467
          0,           0,         159,      -5.832325533,      -5.646006476,      -5.800716416,      -5.230045615,             0.448,    0.003530537029,      0.3265866412,                 0,                 0,                 0,     0.04864956554,  -0.0006866075801,      0.3266050022,                 0,       92.50338928
          0,           0,         160,      -5.885033807,      -5.709782582,      -5.843599674,      -5.281210783,             0.448,    0.003524312653,      0.3264863331,                 0,                 0,                 0,     0.04866588471,  -0.0006915362713,      0.3265046221,                 0,       92.63830008
          0,           0,         161,      -6.001042296,      -5.837978845,      -5.933246557,      -5.403463788,             0.448,    0.003518252576,      0.3263351874,                 0,                 0,                 0,     0.04866606661,  -0.0006956442664,      0.3263534107,                 0,       92.75490613
          0,           0,         162,      -6.074588712,      -5.925510114,      -6.050033806,      -5.486211035,             0.448,    0.003513519721,      0.3261880028,                 0,                 0,                 0,     0.04866475864,  -0.0006984762958,      0.3262061773,                 0,       92.83795986
          0,           0,         163,      -6.095864037,      -5.963414189,      -6.113047819,      -5.507049688,             0.448,    0.003509162562,      0.3260576633,                 0,                 0,                 0,      0.0486634145,  -0.0007011501633,      0.3260757925,                 0,        92.9160897
          0,           0,         164,      -6.143685089,      -6.033348369,      -6.147572225,       -5.55718239,             0.448,     0.00350505397,      0.3259383099,                 0,                 0,                 0,     0.04866057156,   -0.000703717333,      0.3259563959,                 0,       92.99095324
          0,           0,         165,      -6.200335025,      -6.126925201,      -6.230466872,      -5.623452731,             0.448,     0.00350165529,       0.325829373,                 0,                 0,                 0,     0.04865695839,  -0.0007057091492,      0.3258474242,                 0,       93.05009945
          0,           0,         166,      -6.222140992,      -6.205065479,      -6.352728241,      -5.653660012,             0.448,    0.003499095624,      0.3257321928,                 0,                 0,                 0,     0.04865284303,  -0.0007070138223,      0.3257502191,                 0,       93.09039472
          0,           0,         167,      -6.224169831,       -6.26532633,       -6.42659847,      -5.659544717,             0.448,    0.003497102756,      0.3256424283,                 0,                 0,                 0,     0.04864677159,  -0.0007078474949,      0.3256604363,                 0,        93.1177752
          0,           0,         168,      -6.221405681,      -6.316428057,      -6.443664628,      -5.659783446,             0.448,    0.003495446882,      0.3255540151,                 0,                 0,                 0,     0.04863761045,  -0.0007083616506,      0.3255720092,                 0,       93.13659345
          0,           0,         169,      -6.213891488,      -6.363197482,      -6.468247221,      -5.655496384,             0.448,    0.003494197443,      0.3254665142,                 0,                 0,                 0,     0.04862616437,  -0.0007084811826,      0.3254844994,                 0,       93.14485501
          0,           0,         170,      -6.203456834,      -6.410817173,      -6.509951891,      -5.648154218,             0.448,    0.003493442833,      0.3253828288,                 0,                 0,                 0,     0.04861389216,  -0.0007081551941,      0.3254008113,                 0,       93.14102003
          0,           0,         171,      -6.192385186,       -6.46084644,      -6.550470801,      -5.639716402,             0.448,    0.003493126692,      0.3253037522,                 0,                 0,                 0,     0.04860136295,  -0.0007074502788,      0.3253217371,                 0,       93.12681183
          0,           0,         172,      -6.181141494,      -6.508547579,      -6.580133454,      -5.630364098,             0.448,    0.003493158718,      0.3252278504,                 0,                 0,                 0,     0.04858846372,  -0.0007064382204,       0.325245842,                 0,       93.10422934
          0,           0,         173,      -6.170049635,      -6.549309383,      -6.602333967,        -5.6203748,             0.448,    0.003493474484,      0.3251543322,                 0,                 0,                 0,     0.04857525283,  -0.0007051732218,      0.3251723341,                 0,       93.07476945
          0,           0,         174,      -6.159937538,      -6.583204679,      -6.620330432,      -5.610859463,             0.448,    0.003493993841,      0.3250837844,                 0,                 0,                 0,     0.04856212461,  -0.0007037430038,      0.3251017989,                 0,       93.04074342
          0,           0,         175,      -6.151537919,      -6.611699643,      -6.634133256,      -5.602814818,             0.448,    0.003494624912,      0.3250169399,                 0,                 0,                 0,     0.04854950718,  -0.0007022488964,      0.3250349681,                 0,         93.004814
          0,           0,         176,      -6.145425291,      -6.635416553,       -6.64373432,      -5.596915907,             0.448,    0.003495300938,      0.3249534977,                 0,                 0,                 0,     0.04853758222,  -0.0007007537675,      0.3249715399,                 0,       92.96867522
          0,           0,         177,      -6.141693732,      -6.655016454,      -6.651475158,      -5.593257957,             0.448,    0.003496009146,      0.3248934338,                 0,                 0,                 0,     0.04852657548,    -0.00069927008,      0.3249114901,                 0,       92.93266128
          0,           0,         178,      -6.139982852,         -6.671721,      -6.659085515,      -5.591500629,             0.448,    0.003496660543,      0.3248358257,                 0,                 0,                 0,     0.04851628317,  -0.0006978749082,      0.3248538952,                 0,       92.89887357
          0,           0,         179,      -6.140893113,      -6.687059463,       -6.66920465,      -5.592309535,             0.448,    0.003497228979,      0.3247813317,                 0,                 0,                 0,     0.04850694625,  -0.0006966028995,      0.3247994132,                 0,       92.86819184
          0,           0,         180,      -6.143641873,      -6.703008028,      -6.681280132,      -5.594853802,             0.448,    0.003497694533,      0.3247307117,                 0,                 0,                 0,     0.04849880747,  -0.0006954837848,      0.3247488034,                 0,       92.84135841
          0,           0,         181,      -6.148002704,      -6.719699502,      -6.692688504,      -5.599067916,             0.448,    0.003497984122,      0.3246835117,                 0,                 0,                 0,     0.04849167389,  -0.0006945847772,       0.324701611,                 0,       92.82017879
          0,           0,         182,      -6.154144535,      -6.736856178,      -6.703543086,      -5.605066987,             0.448,     0.00349808075,      0.3246394605,                 0,                 0,                 0,     0.04848545749,  -0.0006939193741,      0.3246575648,                 0,       92.80502187
          0,           0,         183,      -6.162090989,      -6.754040389,      -6.714838292,      -5.612784666,             0.448,    0.003498000658,      0.3245985939,                 0,                 0,                 0,     0.04848017534,  -0.0006934717937,      0.3246167005,                 0,       92.79546392
          0,           0,         184,      -6.171736461,      -6.770772543,      -6.726804128,      -5.622113717,             0.448,    0.003497751248,      0.3245609042,                 0,                 0,                 0,     0.04847579354,  -0.0006932345384,      0.3245790108,                 0,       92.79130538
          0,           0,         185,      -6.182990718,      -6.786737132,        -6.7391333,      -5.632987211,             0.448,    0.003497345734,      0.3245263488,                 0,                 0,                 0,     0.04847226111,  -0.0006931938432,       0.324544453,                 0,       92.79218399
          0,           0,         186,      -6.195803354,      -6.801733834,      -6.751693886,      -5.645373416,             0.448,    0.003496808777,      0.3244949184,                 0,                 0,                 0,     0.04846953519,  -0.0006933249297,      0.3245130183,                 0,        92.7974445
          0,           0,         187,      -6.210178237,      -6.815668648,      -6.764729277,      -5.659294755,             0.448,    0.003496164639,      0.3244665742,                 0,                 0,                 0,      0.0484675488,  -0.0006936030366,      0.3244846681,                 0,       92.80643439
          0,           0,         188,      -6.226096481,      -6.828599303,      -6.778698669,      -5.674737612,             0.448,    0.003495435047,      0.3244412199,                 0,                 0,                 0,     0.04846621044,   -0.000694005195,      0.3244593065,                 0,       92.81855204
          0,           0,         189,      -6.243537406,      -6.840669351,      -6.794021943,      -5.691679182,             0.448,    0.003494644207,      0.3244187198,                 0,                 0,                 0,     0.04846542467,  -0.0006945054503,      0.3244367981,                 0,       92.83311848
          0,           0,         190,      -6.262466345,      -6.852047208,      -6.810932559,      -5.710084084,             0.448,    0.003493819999,      0.3243989171,                 0,                 0,                 0,     0.04846510196,  -0.0006950739004,      0.3244169864,                 0,       92.84935034
          0,           0,         191,      -6.282839486,      -6.862923088,      -6.829467044,      -5.729910972,             0.448,    0.003492991953,      0.3243816459,                 0,                 0,                 0,     0.04846516086,  -0.0006956788734,       0.324399706,                 0,        92.8664166
          0,           0,         192,      -6.304612624,      -6.873506623,        -6.8495421,      -5.751119448,             0.448,    0.003492187432,      0.3243667212,                 0,                 0,                 0,     0.04846552257,  -0.0006962906212,      0.3243847721,                 0,       92.88353718
          0,           0,         193,      -6.327924004,      -6.884096507,      -6.870466667,      -5.773843341,             0.448,    0.003491437404,      0.3243537747,                 0,                 0,                 0,     0.04846609326,  -0.0006968734225,       0.324371817,                 0,       92.89978227
          0,           0,         194,      -6.352762126,      -6.894972434,      -6.892814376,      -5.798039632,             0.448,    0.003490816889,      0.3243432545,                 0,                 0,                 0,     0.04846706603,  -0.0006973580509,      0.3243612897,                 0,       92.91328215
          0,           0,         195,      -6.378760278,      -6.906299062,      -6.916841518,      -5.823377002,             0.448,     0.00349027799,      0.3243345825,                 0,                 0,                 0,     0.04846816381,   -0.000697784932,      0.3243526114,                 0,       92.92514331
          0,           0,         196,      -6.405919719,      -6.918255483,      -6.941706068,      -5.849902407,             0.448,    0.003489812288,      0.3243274243,                 0,                 0,                 0,     0.04846927527,  -0.0006981581692,      0.3243454478,                 0,       92.93549264
          0,           0,         197,      -6.434203028,      -6.930985026,      -6.967441237,      -5.877557944,             0.448,    0.003489463922,      0.3243218161,                 0,                 0,                 0,     0.04847049895,  -0.0006984340944,      0.3243398355,                 0,       92.94316357
          0,           0,         198,      -6.463572059,      -6.944566298,      -6.994166474,      -5.906304469,             0.448,    0.003489241996,      0.3243176304,                 0,                 0,                 0,     0.04847182418,  -0.0006986019562,      0.3243356473,                 0,       92.94787542
          0,           0,         199,      -6.494015669,      -6.959218762,      -7.021851724,      -5.936141515,             0.448,    0.003489136159,      0.3243146659,                 0,                 0,                 0,     0.04847319651,  -0.0006986695074,      0.3243326818,                 0,        92.9498452
          0,           0,         200,       -6.52553813,      -6.975259312,      -7.050498394,      -5.967077069,             0.448,    0.003489141004,      0.3243127837,                 0,                 0,                 0,      0.0484746058,  -0.0006986403606,      0.3243307998,                 0,        92.9491767
          0,           0,         201,      -6.558128863,      -6.992904976,       -7.08020289,      -5.999102908,             0.448,    0.003537001111,      0.3243113688,                 0,                 0,                 0,     0.04847606256,   -0.000698519473,      0.3243299036,                 0,       91.69105654
          0,           0,         202,      -4.885827743,      -4.856946781,      -4.688042412,      -4.279152618,             0.448,    0.003537217733,      0.3243139743,                 0,                 0,                 0,     0.04847820758,  -0.0006983368947,      0.3243325117,                 0,       91.68617789
          0,           0,         203,       -5.18295359,      -5.121429912,      -4.965347138,      -4.572442813,             0.448,    0.003538176677,      0.3243771466,                 0,                 0,                 0,     0.04849542085,  -0.0006982030069,      0.3243956912,                 0,       91.67918288
          0,           0,         204,      -5.425411426,      -5.291629313,      -5.389764052,       -4.83185666,             0.448,    0.003542749296,      0.3246250761,                 0,                 0,                 0,     0.04856120616,  -0.0006968685169,      0.3246436592,                 0,       91.63083498
          0,           0,         205,      -5.624334193,      -5.431703863,      -5.625254036,      -5.013906742,             0.448,    0.003550052104,      0.3249983874,                 0,                 0,                 0,      0.0486510494,  -0.0006944414462,       0.325017034,                 0,       91.54749786
          0,           0,         206,      -5.786993148,      -5.630076327,      -5.691566373,      -5.188103597,             0.448,    0.003554999763,      0.3253353799,                 0,                 0,                 0,     0.04871402802,  -0.0006938950323,      0.3253540624,                 0,       91.51488089
          0,           0,         207,      -5.882975824,       -5.73609068,      -5.816980028,      -5.285168328,             0.448,    0.003558770584,      0.3255328064,                 0,                 0,                 0,     0.04872927924,  -0.0006927027477,      0.3255515214,                 0,        91.4733891
          0,           0,         208,      -6.017539258,      -5.828594738,      -5.949211333,      -5.416614686,             0.448,    0.003561163222,      0.3255899677,                 0,                 0,                 0,     0.04870653777,  -0.0006910567901,       0.325608709,                 0,       91.42798221
          0,           0,         209,      -6.047539669,      -5.859587089,      -6.013950128,      -5.444905899,             0.448,     0.00356303153,      0.3256047734,                 0,                 0,                 0,     0.04867888356,  -0.0006893819906,      0.3256235378,                 0,       91.38419648
          0,           0,         210,      -6.100363354,      -5.923353046,      -6.056980871,      -5.496166191,             0.448,    0.003566528785,      0.3256610827,                 0,                 0,                 0,     0.04866709193,  -0.0006866203839,      0.3256798881,                 0,       91.31037554
          0,           0,         211,      -6.217525467,      -6.052042467,      -6.146725169,      -5.619542277,             0.448,    0.003569975308,      0.3257487407,                 0,                 0,                 0,     0.04866534756,  -0.0006843188897,      0.3257675836,                 0,       91.24677695
          0,           0,         212,      -6.292180234,      -6.140478495,      -6.264030216,      -5.703571519,             0.448,    0.003572648744,      0.3258344057,                 0,                 0,                 0,     0.04866470925,  -0.0006827643916,      0.3258532762,                 0,       91.20247444
          0,           0,         213,       -6.31365077,      -6.178738751,      -6.327445754,      -5.724616847,             0.448,    0.003575115129,      0.3259099509,                 0,                 0,                 0,     0.04866419627,  -0.0006812847703,      0.3259288472,                 0,       91.16068691
          0,           0,         214,      -6.362353197,      -6.248884462,      -6.361918184,      -5.775515818,             0.448,    0.003577455218,      0.3259788542,                 0,                 0,                 0,     0.04866470831,  -0.0006798446956,      0.3259977751,                 0,       91.12031717
          0,           0,         215,      -6.421176635,      -6.342872163,      -6.445204067,      -5.843891755,             0.448,    0.003579382631,      0.3260414909,                 0,                 0,                 0,     0.04866581416,  -0.0006787354284,      0.3260604317,                 0,       91.08875038
          0,           0,         216,      -6.445347528,      -6.421489233,      -6.569066727,      -5.876424014,             0.448,    0.003580813788,      0.3260971064,                 0,                 0,                 0,      0.0486673552,  -0.0006780306819,      0.3261160611,                 0,       91.06787611
          0,           0,         217,      -6.449755764,      -6.482327366,      -6.644691081,      -5.884514022,             0.448,    0.003581915332,      0.3261483682,                 0,                 0,                 0,     0.04867023026,  -0.0006775986646,      0.3261673329,                 0,       91.05418133
          0,           0,         218,      -6.449728636,      -6.534258122,      -6.662165974,      -5.887298689,             0.448,    0.003582830478,      0.3261990198,                 0,                 0,                 0,     0.04867514689,  -0.0006773450619,      0.3262179921,                 0,        91.0450611
          0,           0,         219,       -6.44497703,      -6.582070874,      -6.687147445,      -5.885668088,             0.448,    0.003583516583,      0.3262493985,                 0,                 0,                 0,     0.04868162384,  -0.0006773169177,      0.3262683755,                 0,       91.04168796
          0,           0,         220,      -6.437080071,      -6.630713572,      -6.729709877,         -5.880837,             0.448,    0.003583916473,      0.3262977629,                 0,                 0,                 0,     0.04868876499,  -0.0006775486575,       0.326316741,                 0,       91.04502446
          0,           0,         221,      -6.428294113,      -6.681605107,      -6.771058091,      -5.874705919,             0.448,    0.003584061959,      0.3263436136,                 0,                 0,                 0,     0.04869620597,   -0.000678001953,      0.3263625897,                 0,       91.05412164
          0,           0,         222,      -6.419020627,      -6.730084402,       -6.80100817,      -5.867359128,             0.448,      0.0035840067,      0.3263878083,                 0,                 0,                 0,     0.04870399886,  -0.0006786343516,      0.3264067799,                 0,       91.06785664
          0,           0,         223,      -6.409529066,      -6.771698509,      -6.823020881,      -5.858993942,             0.448,    0.003583788431,      0.3264308433,                 0,                 0,                 0,     0.04871209903,  -0.0006794146001,      0.3264498084,                 0,       91.08541131
          0,           0,         224,      -6.400680233,      -6.806640842,      -6.840645914,      -5.850759239,             0.448,    0.003583454055,      0.3264723725,                 0,                 0,                 0,       0.048720256,  -0.0006802912815,      0.3264913296,                 0,       91.10549973
          0,           0,         225,      -6.393272638,      -6.836355168,      -6.854084051,      -5.843729259,             0.448,    0.003583065632,      0.3265120163,                 0,                 0,                 0,      0.0487282262,  -0.0006811973854,       0.326530965,                 0,       91.12644028
          0,           0,         226,      -6.387683568,      -6.861200143,      -6.863579219,      -5.838354662,             0.448,    0.003582675941,       0.326549872,                 0,                 0,                 0,     0.04873589721,  -0.0006820814048,      0.3265688124,                 0,        91.1469185
          0,           0,         227,      -6.383995727,        -6.8815701,      -6.870506941,      -5.834717824,             0.448,    0.003582314756,      0.3265862126,                 0,                 0,                 0,     0.04874321737,  -0.0006829171349,      0.3266051452,                 0,       91.16625278
          0,           0,         228,      -6.382190655,      -6.898656686,       -6.87691188,      -5.832827637,             0.448,    0.003581998695,      0.3266210749,                 0,                 0,                 0,     0.04875010417,  -0.0006836884392,      0.3266400004,                 0,       91.18402955
          0,           0,         229,      -6.382243341,      -6.914105472,      -6.884458562,       -5.83270754,             0.448,    0.003581743806,      0.3266542341,                 0,                 0,                 0,     0.04875644123,  -0.0006843763367,      0.3266731534,                 0,       91.19977636
          0,           0,         230,      -6.384063457,      -6.929384053,      -6.894204864,      -5.834364435,             0.448,    0.003581575089,      0.3266854079,                 0,                 0,                 0,     0.04876214237,  -0.0006849521418,      0.3267043224,                 0,       91.21277645
          0,           0,         231,       -6.38766948,      -6.945150546,        -6.9050262,      -5.837824663,             0.448,    0.003581535645,      0.3267149235,                 0,                 0,                 0,     0.04876731759,  -0.0006853770304,       0.326733835,                 0,       91.22202204
          0,           0,         232,      -6.393111795,       -6.96145204,      -6.916831322,      -5.843069462,             0.448,    0.003581580962,      0.3267424861,                 0,                 0,                 0,      0.0487717874,  -0.0006856916598,      0.3267613958,                 0,       91.22856346
          0,           0,         233,      -6.400286725,      -6.977570288,      -6.929909409,      -5.849988654,             0.448,    0.003581702603,      0.3267680476,                 0,                 0,                 0,     0.04877553584,    -0.00068590384,      0.3267869567,                 0,       91.23260188
          0,           0,         234,      -6.409152886,      -6.993005455,      -6.943990092,      -5.858559553,             0.448,    0.003581920982,      0.3267917354,                 0,                 0,                 0,     0.04877866506,   -0.000685994821,      0.3268106454,                 0,       91.23365285
          0,           0,         235,      -6.419686795,      -7.007647837,      -6.958864884,      -5.868757978,             0.448,    0.003582228995,      0.3268135228,                 0,                 0,                 0,     0.04878119332,  -0.0006859713586,      0.3268324349,                 0,       91.23189033
          0,           0,         236,      -6.431845324,      -7.021586995,      -6.974574208,      -5.880542617,             0.448,    0.003582608597,      0.3268333388,                 0,                 0,                 0,     0.04878312306,  -0.0006858505688,      0.3268522542,                 0,       91.22775486
          0,           0,         237,      -6.445595429,      -7.034819357,      -6.991248291,      -5.893890247,             0.448,    0.003583045834,      0.3268511729,                 0,                 0,                 0,     0.04878449532,  -0.0006856462651,      0.3268700924,                 0,       91.22159972
          0,           0,         238,      -6.460889774,      -7.047225874,      -7.008955288,      -5.908758079,             0.448,    0.003583528499,      0.3268670772,                 0,                 0,                 0,     0.04878537533,  -0.0006853713385,      0.3268860017,                 0,       91.21375128
          0,           0,         239,      -6.477675309,      -7.058690373,      -7.027737737,      -5.925093398,             0.448,    0.003584041444,      0.3268811223,                 0,                 0,                 0,     0.04878582809,  -0.0006850418526,      0.3269000523,                 0,       91.20461561
          0,           0,         240,      -6.495928915,       -7.06920677,      -7.047611113,      -5.942876581,             0.448,    0.003584567173,      0.3268933894,                 0,                 0,                 0,       0.048785916,  -0.0006846763662,      0.3269123252,                 0,       91.19466133
          0,           0,         241,      -6.515622918,       -7.07893776,       -7.06856098,      -5.962082656,             0.448,     0.00358508815,       0.326903977,                 0,                 0,                 0,      0.0487857019,  -0.0006842936982,      0.3269229187,                 0,       91.18436236
          0,           0,         242,      -6.536722231,      -7.088179163,      -7.090551741,      -5.982678604,             0.448,    0.003585587555,      0.3269130001,                 0,                 0,                 0,     0.04878524652,  -0.0006839121698,      0.3269319476,                 0,       91.17417858
          0,           0,         243,      -6.559184524,      -7.097282674,      -7.113539695,      -6.004625138,             0.448,    0.003586049847,      0.3269205762,                 0,                 0,                 0,     0.04878460334,  -0.0006835488551,      0.3269395291,                 0,       91.16453763
          0,           0,         244,       -6.58296415,      -7.106594329,      -7.137469167,       -6.02788048,             0.448,    0.003586461154,      0.3269268252,                 0,                 0,                 0,     0.04878381796,  -0.0006832191885,      0.3269457829,                 0,       91.15582495
          0,           0,         245,      -6.608015483,      -7.116435428,      -7.162276999,      -6.052403104,             0.448,    0.003586810135,      0.3269318689,                 0,                 0,                 0,     0.04878292875,  -0.0006829361048,      0.3269508307,                 0,       91.14836209
          0,           0,         246,      -6.634293452,      -7.127104261,      -7.187903221,      -6.078152607,             0.448,    0.003587088617,      0.3269358234,                 0,                 0,                 0,     0.04878196528,   -0.000682709289,      0.3269547885,                 0,       91.14238826
          0,           0,         247,      -6.661754369,      -7.138872333,      -7.214301397,      -6.105090479,             0.448,      0.0035872913,      0.3269387977,                 0,                 0,                 0,     0.04878094929,  -0.0006825454643,      0.3269577652,                 0,        91.1380678
          0,           0,         248,      -6.690355642,      -7.151966113,      -7.241457623,      -6.133179032,             0.448,    0.003587415817,      0.3269408914,                 0,                 0,                 0,     0.04877989564,  -0.0006824482991,      0.3269598604,                 0,       91.13548806
          0,           0,         249,       -6.72005677,      -7.166561519,      -7.269378936,      -6.162382488,             0.448,    0.003587462673,      0.3269421951,                 0,                 0,                 0,     0.04877881383,   -0.000682418473,      0.3269611646,                 0,       91.13466116
          0,           0,         250,      -6.750817738,       -7.18279051,        -7.2980853,      -6.192665182,             0.448,    0.003587435009,      0.3269427913,                 0,                 0,                 0,     0.04877770891,  -0.0006824539195,      0.3269617603,                 0,        91.1355301
          0,           0,         251,      -6.782597785,      -7.200742653,      -7.327601518,      -6.223989699,             0.448,    0.003560439539,       0.326943047,                 0,                 0,                 0,     0.04877658177,  -0.0006825499629,      0.3269617208,                 0,        91.8265971
          0,           0,         252,      -5.138571589,      -5.109705464,      -4.940799836,      -4.531900524,             0.448,    0.003560273425,       0.326940962,                 0,                 0,                 0,     0.04877507301,   -0.000682689005,      0.3269596338,                 0,       91.83029586
          0,           0,         253,      -5.435652527,      -5.374153954,      -5.218099447,      -4.825150109,             0.448,     0.00355969045,      0.3269049998,                 0,                 0,                 0,     0.04876516425,  -0.0006828052559,      0.3269236671,                 0,       91.83523242
          0,           0,         254,      -5.678009869,      -5.544326285,      -5.642489969,      -5.084467482,             0.448,    0.003557085825,      0.3267657974,                 0,                 0,                 0,     0.04872812909,  -0.0006836032534,      0.3267844426,                 0,       91.86334362
          0,           0,         255,       -5.87685769,      -5.684441835,      -5.878041694,       -5.26648572,             0.448,    0.003552953593,      0.3265565482,                 0,                 0,                 0,     0.04867766626,  -0.0006850197425,      0.3265751574,                 0,       91.91129005
          0,           0,         256,      -6.039398719,        -5.8828027,      -5.944388578,      -5.440590033,             0.448,    0.003550127766,      0.3263675576,                 0,                 0,                 0,     0.04864220694,  -0.0006853928296,       0.326386146,                 0,       91.93121463
          0,           0,         257,       -6.13519128,      -5.988661202,       -6.06978072,      -5.537476998,             0.448,    0.003547948614,      0.3262564577,                 0,                 0,                 0,     0.04863340752,   -0.000686130071,      0.3262750271,                 0,       91.95636497
          0,           0,         258,      -6.269357221,      -6.080979359,      -6.201906788,      -5.668570842,             0.448,    0.003546533393,      0.3262237625,                 0,                 0,                 0,     0.04864585511,  -0.0006871208938,      0.3262423164,                 0,       91.98384068
          0,           0,         259,      -6.299395847,      -6.111974647,      -6.266520328,      -5.696885665,             0.448,    0.003545412552,      0.3262147375,                 0,                 0,                 0,     0.04866106077,  -0.0006881245234,      0.3262332776,                 0,       92.01037473
          0,           0,         260,      -6.352247768,      -6.175766238,      -6.309511314,      -5.748160004,             0.448,    0.003543389164,      0.3261825085,                 0,                 0,                 0,     0.04866741387,  -0.0006897295102,       0.326201025,                 0,       92.05382006
          0,           0,         261,      -6.469143487,      -6.304299156,      -6.399206544,      -5.871235145,             0.448,     0.00354140691,       0.326132808,                 0,                 0,                 0,     0.04866818337,  -0.0006910666427,       0.326151303,                 0,       92.09131184
          0,           0,         262,      -6.543598487,      -6.392442362,      -6.516321453,      -5.954962908,             0.448,    0.003539866551,      0.3260843042,                 0,                 0,                 0,     0.04866836941,  -0.0006919774451,      0.3261027833,                 0,       92.11768284
          0,           0,         263,      -6.565115875,      -6.430612106,      -6.579641396,      -5.976036256,             0.448,    0.003538449045,      0.3260415227,                 0,                 0,                 0,     0.04866851206,  -0.0006928396621,       0.326059987,                 0,       92.14249479
          0,           0,         264,       -6.61364919,      -6.500721808,       -6.61421468,      -6.026794819,             0.448,    0.003537109172,      0.3260024974,                 0,                 0,                 0,     0.04866810603,  -0.0006936729961,      0.3260209475,                 0,       92.16636566
          0,           0,         265,      -6.671803002,       -6.59455688,      -6.697518655,      -6.094542766,             0.448,    0.003536006888,      0.3259670237,                 0,                 0,                 0,     0.04866739483,  -0.0006943148515,      0.3259854626,                 0,       92.18506469
          0,           0,         266,      -6.694983182,      -6.672879437,      -6.821139138,      -6.126147467,             0.448,    0.003535188115,      0.3259355342,                 0,                 0,                 0,     0.04866646811,  -0.0006947249204,      0.3259539651,                 0,       92.19750789
          0,           0,         267,      -6.698265749,      -6.733332182,      -6.896469352,      -6.133232916,             0.448,    0.003534559343,      0.3259065357,                 0,                 0,                 0,     0.04866482425,   -0.000694977331,      0.3259249609,                 0,       92.20570489
          0,           0,         268,      -6.696977161,      -6.784837398,      -6.913994781,      -6.134902361,             0.448,    0.003534040808,      0.3258779397,                 0,                 0,                 0,     0.04866207008,  -0.0006951247356,      0.3258963605,                 0,       92.21114224
          0,           0,         269,      -6.690983482,      -6.832261535,      -6.939156566,      -6.132155015,             0.448,    0.003533655938,      0.3258495688,                 0,                 0,                 0,     0.04865847639,  -0.0006951414097,      0.3258679871,                 0,       92.21315673
          0,           0,         270,      -6.681977305,      -6.880627566,      -6.981941114,       -6.12630375,             0.448,    0.003533435834,      0.3258224015,                 0,                 0,                 0,     0.04865454353,  -0.0006950089488,      0.3258408192,                 0,        92.2112122
          0,           0,         271,      -6.672235735,      -6.931340899,      -7.023627128,       -6.11927345,             0.448,    0.003533361894,      0.3257967119,                 0,                 0,                 0,     0.04865047173,  -0.0006947495124,      0.3258151308,                 0,       92.20587125
          0,           0,         272,      -6.662195943,      -6.979670882,       -7.05408236,      -6.111197363,             0.448,    0.003533403434,      0.3257720148,                 0,                 0,                 0,     0.04864622777,  -0.0006943874863,      0.3257904363,                 0,       92.19779766
          0,           0,         273,      -6.652158061,      -7.021145235,      -7.076709842,      -6.102317536,             0.448,    0.003533538719,       0.325748033,                 0,                 0,                 0,     0.04864183439,  -0.0006939410031,      0.3257664582,                 0,       92.18748083
          0,           0,         274,      -6.642969919,       -7.05599958,      -7.094951826,      -6.093771409,             0.448,    0.003533740769,      0.3257249607,                 0,                 0,                 0,     0.04863742984,  -0.0006934395657,      0.3257433906,                 0,       92.17568068
          0,           0,         275,      -6.635398934,      -7.085744489,      -7.108918902,      -6.086598873,             0.448,    0.003533974213,      0.3257030047,                 0,                 0,                 0,     0.04863314642,  -0.0006929212213,      0.3257214394,                 0,       92.16337898
          0,           0,         276,      -6.629797774,      -7.110791107,      -7.118816241,      -6.081227039,             0.448,    0.003534209274,      0.3256821036,                 0,                 0,                 0,     0.04862904276,  -0.0006924149491,      0.3257005431,                 0,       92.15133522
          0,           0,         277,      -6.626232398,      -7.131544101,      -7.126038816,      -6.077724795,             0.448,    0.003534429112,      0.3256621015,                 0,                 0,                 0,     0.04862514427,  -0.0006919355656,      0.3256805456,                 0,       92.13994429
          0,           0,         278,      -6.624665833,       -7.14915068,      -7.132656187,      -6.076083302,             0.448,    0.003534624162,      0.3256429737,                 0,                 0,                 0,     0.04862149345,  -0.0006914923139,      0.3256614219,                 0,       92.12944821
          0,           0,         279,      -6.625061108,      -7.165229496,      -7.140352086,       -6.07631371,             0.448,    0.003534785227,      0.3256248247,                 0,                 0,                 0,     0.04861814845,  -0.0006910957456,      0.3256432765,                 0,       92.12011587
          0,           0,         280,      -6.627398258,      -7.181296499,      -7.149661677,      -6.078437993,             0.448,     0.00353490313,      0.3256077593,                 0,                 0,                 0,     0.04861515517,  -0.0006907563975,      0.3256262141,                 0,       92.11221561
          0,           0,         281,      -6.631642773,      -7.198103686,      -7.160320573,       -6.08244156,             0.448,     0.00353497095,      0.3255918134,                 0,                 0,                 0,     0.04861253304,  -0.0006904816567,      0.3256102705,                 0,       92.10593752
          0,           0,         282,      -6.637734261,      -7.215450471,      -7.171985625,      -6.088263262,             0.448,    0.003534984843,      0.3255769716,                 0,                 0,                 0,     0.04861027982,  -0.0006902751639,      0.3255954301,                 0,       92.10137696
          0,           0,         283,      -6.645606686,      -7.232641304,       -7.18448941,      -6.095829542,             0.448,    0.003534943865,      0.3255632097,                 0,                 0,                 0,     0.04860838316,   -0.000690137553,      0.3255816688,                 0,       92.09855153
          0,           0,         284,       -6.65520217,      -7.249050031,      -7.197757238,      -6.105078506,             0.448,    0.003534849736,      0.3255505149,                 0,                 0,                 0,     0.04860682752,  -0.0006900669356,      0.3255689739,                 0,       92.09741269
          0,           0,         285,      -6.666447307,      -7.264396529,      -7.211751895,      -6.115934672,             0.448,    0.003534706809,      0.3255388881,                 0,                 0,                 0,     0.04860559661,  -0.0006900589715,      0.3255573462,                 0,       92.09784735
          0,           0,         286,      -6.679324042,       -7.27869323,      -7.226537714,       -6.12838879,             0.448,     0.00353452151,      0.3255283359,                 0,                 0,                 0,     0.04860467206,  -0.0006901073206,      0.3255467925,                 0,       92.09969016
          0,           0,         287,       -6.69379493,      -7.292062567,      -7.242264565,      -6.142411108,             0.448,    0.003534300999,      0.3255188499,                 0,                 0,                 0,     0.04860402814,   -0.000690204714,      0.3255373044,                 0,       92.10275242
          0,           0,         288,      -6.709817889,       -7.30458542,      -7.259078145,      -6.157963202,             0.448,     0.00353405292,      0.3255104023,                 0,                 0,                 0,     0.04860363209,  -0.0006903431493,      0.3255288543,                 0,        92.1068274
          0,           0,         289,      -6.727355581,      -7.316297056,      -7.277066446,      -6.175010691,             0.448,    0.003533785684,      0.3255029505,                 0,                 0,                 0,       0.048603448,  -0.0006905136621,      0.3255213996,                 0,       92.11168408
          0,           0,         290,      -6.746372185,      -7.327258442,      -7.296259061,      -6.193520526,             0.448,    0.003533508276,      0.3254964414,                 0,                 0,                 0,     0.04860343951,   -0.000690706579,      0.3255148875,                 0,       92.11707345
          0,           0,         291,      -6.766831026,      -7.337607028,      -7.316649868,      -6.213458043,             0.448,    0.003533229964,      0.3254908153,                 0,                 0,                 0,     0.04860357208,  -0.0006909118585,      0.3255092583,                 0,       92.12273716
          0,           0,         292,      -6.788693941,      -7.347566222,      -7.338214603,      -6.234786948,             0.448,    0.003532959968,       0.325486009,                 0,                 0,                 0,     0.04860381473,  -0.0006911194614,      0.3255044489,                 0,       92.12841696
          0,           0,         293,      -6.811920954,      -7.357420561,      -7.360912329,      -6.257469632,             0.448,     0.00353270709,      0.3254819588,                 0,                 0,                 0,     0.04860414132,  -0.0006913197596,      0.3255003957,                 0,       92.13386521
          0,           0,         294,      -6.836470935,      -7.367487439,      -7.384685565,      -6.281468157,             0.448,    0.003532479364,      0.3254786009,                 0,                 0,                 0,     0.04860453026,  -0.0006915038905,      0.3254970351,                 0,       92.13885414
          0,           0,         295,      -6.862302571,      -7.378091134,      -7.409468752,      -6.306745349,             0.448,    0.003532283573,      0.3254758724,                 0,                 0,                 0,     0.04860496449,  -0.0006916642579,      0.3254943043,                 0,       92.14318887
          0,           0,         296,      -6.889374779,      -7.389536654,      -7.435203895,      -6.333265032,             0.448,    0.003532124949,      0.3254737133,                 0,                 0,                 0,     0.04860543109,  -0.0006917948508,      0.3254921434,                 0,       92.14671566
          0,           0,         297,      -6.917647486,      -7.402085077,      -7.461851111,      -6.360992218,             0.448,    0.003532007076,      0.3254720662,                 0,                 0,                 0,     0.04860592079,  -0.0006918913392,      0.3254904948,                 0,       92.14932451
          0,           0,         298,      -6.947081037,      -7.415939215,      -7.489388643,      -6.389892002,             0.448,    0.003531931746,      0.3254708792,                 0,                 0,                 0,     0.04860642806,  -0.0006919512586,      0.3254893069,                 0,        92.1509538
          0,           0,         299,      -6.977635931,      -7.431247345,      -7.517805896,      -6.419929238,             0.448,    0.003531899056,      0.3254701058,                 0,                 0,                 0,     0.04860695018,  -0.0006919739101,      0.3254885332,                 0,       92.15158775
          0,           0,         300,      -7.009271135,      -7.448115357,      -7.547098713,       -6.45106671,             0.448,    0.003531907474,      0.3254697046,                 0,                 0,                 0,      0.0486074867,  -0.0006919602876,      0.3254881322,                 0,       92.15125455
          0,           0,         301,      -7.041942836,      -7.466615749,      -7.577264529,      -6.483263687,             0.448,    0.003547015758,      0.3254694751,                 0,                 0,                 0,     0.04860803884,  -0.0006919129088,      0.3254880671,                 0,       91.75867752
          0,           0,         302,      -5.388474058,      -5.359600226,      -5.190696763,      -4.781801117,             0.448,    0.003547100836,      0.3254705404,                 0,                 0,                 0,     0.04860880875,  -0.0006918417121,      0.3254891334,                 0,       91.75677701
          0,           0,         303,      -5.685571279,      -5.624066673,      -5.467997293,      -5.075066456,             0.448,    0.003547421575,      0.3254906535,                 0,                 0,                 0,     0.04861431207,  -0.0006917829354,      0.3255092489,                 0,       91.75415063
          0,           0,         304,      -5.927969669,      -5.794250182,      -5.892398714,      -5.334423659,             0.448,    0.003548880108,      0.3255688393,                 0,                 0,                 0,      0.0486350803,  -0.0006913427486,      0.3255874471,                 0,       91.73847225
          0,           0,         305,      -6.126857422,      -5.934350046,      -6.127923752,      -5.516462108,             0.448,    0.003551198113,      0.3256864329,                 0,                 0,                 0,      0.0486634092,  -0.0006905563755,      0.3257050609,                 0,       91.71170476
          0,           0,         306,      -6.289453273,      -6.132719722,      -6.194262009,      -5.690610634,             0.448,    0.003552778643,      0.3257926236,                 0,                 0,                 0,     0.04868329848,  -0.0006903589145,      0.3258112632,                 0,       91.70079433
          0,           0,         307,      -6.385320334,      -6.238641491,      -6.319661901,      -5.787568849,             0.448,    0.003553992158,      0.3258549808,                 0,                 0,                 0,     0.04868819091,  -0.0006899575874,      0.3258736309,                 0,       91.68702865
          0,           0,         308,      -6.519639113,      -6.331032805,      -6.451826868,      -5.918801488,             0.448,    0.003554773179,      0.3258732365,                 0,                 0,                 0,     0.04868113484,  -0.0006894143786,      0.3258918953,                 0,       91.67201959
          0,           0,         309,      -6.549645319,      -6.362030534,      -6.516489864,        -5.9470959,             0.448,    0.003555388121,      0.3258781788,                 0,                 0,                 0,       0.048672531,  -0.0006888638523,      0.3258968451,                 0,       91.65755402
          0,           0,         310,        -6.6024379,       -6.42582182,      -6.559502806,       -5.99832782,             0.448,    0.003556512426,      0.3258961709,                 0,                 0,                 0,     0.04866891025,  -0.0006879739557,      0.3259148503,                 0,       91.63363762
          0,           0,         311,      -6.719311372,      -6.554440052,      -6.649215197,      -6.121417897,             0.448,    0.003557616351,      0.3259239976,                 0,                 0,                 0,     0.04866843657,   -0.000687232515,      0.3259426891,                 0,       91.61302552
          0,           0,         312,      -6.793693206,      -6.642722974,      -6.766373811,      -6.205126489,             0.448,    0.003558473687,      0.3259511666,                 0,                 0,                 0,     0.04866829796,   -0.000686729077,      0.3259698669,                 0,        91.5985884
          0,           0,         313,      -6.815121951,      -6.680936374,      -6.829708582,      -6.226126764,             0.448,    0.003559262896,      0.3259751269,                 0,                 0,                 0,      0.0486681876,  -0.0006862519735,      0.3259938355,                 0,       91.58500972
          0,           0,         314,      -6.863610892,      -6.751068694,      -6.864253519,       -6.27684159,             0.448,    0.003560009309,      0.3259969789,                 0,                 0,                 0,     0.04866838848,  -0.0006857902046,      0.3260156953,                 0,       91.57194563
          0,           0,         315,      -6.921875237,      -6.844953869,       -6.94755208,      -6.344677551,             0.448,    0.003560623101,      0.3260168383,                 0,                 0,                 0,     0.04866876404,  -0.0006854350967,      0.3260355611,                 0,       91.56173768
          0,           0,         316,      -6.945417076,      -6.923346673,      -7.071227854,      -6.376595425,             0.448,    0.003561078336,      0.3260344628,                 0,                 0,                 0,     0.04866926352,  -0.0006852094259,        0.32605319,                 0,       91.55498196
          0,           0,         317,      -6.949226728,      -6.983884736,      -7.146628521,      -6.384147549,             0.448,    0.003561427643,      0.3260506912,                 0,                 0,                 0,     0.04867016927,  -0.0006850714924,      0.3260694216,                 0,       91.55055889
          0,           0,         318,      -6.948568503,      -7.035492808,      -7.164134257,      -6.386384184,             0.448,    0.003561716084,      0.3260666999,                 0,                 0,                 0,      0.0486717033,  -0.0006849915588,      0.3260854326,                 0,       91.54763944
          0,           0,         319,       -6.94322771,      -7.083019974,      -7.189214031,       -6.38424071,             0.448,    0.003561930473,      0.3260825899,                 0,                 0,                 0,     0.04867371353,  -0.0006849841257,      0.3261013241,                 0,       91.54659036
          0,           0,         320,       -6.93482192,      -7.131443321,      -7.231873763,      -6.378963874,             0.448,    0.003562053164,      0.3260978114,                 0,                 0,                 0,     0.04867591847,  -0.0006850596773,      0.3261165459,                 0,       91.54771039
          0,           0,         321,      -6.925597579,        -7.1821432,      -7.273394022,      -6.372445453,             0.448,    0.003562094472,      0.3261122092,                 0,                 0,                 0,     0.04867820506,  -0.0006852058764,       0.326130943,                 0,       91.55069068
          0,           0,         322,      -6.915969598,       -7.23040564,      -7.303651142,      -6.364787808,             0.448,    0.003562071504,      0.3261260551,                 0,                 0,                 0,     0.04868059148,    -0.00068540916,      0.3261447875,                 0,       91.55516805
          0,           0,         323,      -6.906223374,      -7.271785487,      -7.326064454,      -6.356209544,             0.448,    0.003561996357,      0.3261395054,                 0,                 0,                 0,     0.04868306475,  -0.0006856594658,      0.3261582357,                 0,       91.56087564
          0,           0,         324,      -6.897212443,      -7.306533238,      -7.344102427,      -6.347851531,             0.448,     0.00356188407,      0.3261524511,                 0,                 0,                 0,     0.04868554701,  -0.0006859403353,      0.3261711787,                 0,       91.56739654
          0,           0,         325,      -6.889720127,      -7.336159233,      -7.357906353,      -6.340770356,             0.448,    0.003561754364,      0.3261647754,                 0,                 0,                 0,     0.04868796346,  -0.0006862305322,      0.3261835004,                 0,       91.57419129
          0,           0,         326,       -6.88411253,       -7.36107112,      -7.367703162,      -6.335405853,             0.448,    0.003561623887,      0.3261765126,                 0,                 0,                 0,     0.04869028059,  -0.0006865138528,      0.3261952349,                 0,       91.58084149
          0,           0,         327,      -6.880465652,      -7.381676235,        -7.3748885,      -6.331835634,             0.448,    0.003561502109,      0.3261877493,                 0,                 0,                 0,     0.04869248347,  -0.0006867819573,       0.326206469,                 0,       91.58712794
          0,           0,         328,      -6.878751761,      -7.399123385,      -7.381518874,        -6.3300595,             0.448,    0.003561394353,      0.3261984992,                 0,                 0,                 0,     0.04869454778,  -0.0006870297007,      0.3262172166,                 0,        91.5929175
          0,           0,         329,      -6.878943225,        -7.4150247,      -7.389266877,      -6.330097917,             0.448,    0.003561305713,      0.3262087032,                 0,                 0,                 0,     0.04869644034,  -0.0006872512215,      0.3262274186,                 0,       91.59806248
          0,           0,         330,       -6.88102955,      -7.430886685,      -7.398664303,      -6.331982422,             0.448,    0.003561241359,      0.3262183014,                 0,                 0,                 0,      0.0486981348,  -0.0006874405684,      0.3262370151,                 0,        91.6024129
          0,           0,         331,      -6.884984956,      -7.447459863,       -7.40944549,      -6.335707218,             0.448,    0.003561205188,      0.3262272724,                 0,                 0,                 0,     0.04869961982,  -0.0006875935663,      0.3262459849,                 0,       91.60586238
          0,           0,         332,      -6.890756782,      -7.464552554,      -7.421262961,      -6.341218711,             0.448,    0.003561199268,      0.3262356243,                 0,                 0,                 0,     0.04870089645,   -0.000687708255,       0.326254336,                 0,       91.60835994
          0,           0,         333,      -6.898286452,      -7.481482821,      -7.433943375,      -6.348450565,             0.448,    0.003561224043,        0.32624337,                 0,                 0,                 0,     0.04870197149,  -0.0006877843539,      0.3262620814,                 0,       91.60989761
          0,           0,         334,      -6.907525746,      -7.497639193,      -7.447414931,      -6.357350878,             0.448,     0.00356127854,      0.3262505135,                 0,                 0,                 0,     0.04870285317,  -0.0006878228931,       0.326269225,                 0,       91.61050164
          0,           0,         335,      -6.918434869,      -7.512742933,      -7.461659289,      -6.367881433,             0.448,    0.003561360478,      0.3262570531,                 0,                 0,                 0,     0.04870355081,  -0.0006878261274,      0.3262757651,                 0,       91.61023016
          0,           0,         336,      -6.930976281,      -7.526806448,      -7.476729584,      -6.380008912,             0.448,      0.0035614666,      0.3262629878,                 0,                 0,                 0,     0.04870407594,  -0.0006877973029,      0.3262817006,                 0,        91.6091668
          0,           0,         337,      -6.945113274,      -7.539951795,       -7.49274018,      -6.393701806,             0.448,    0.003561592966,      0.3262683232,                 0,                 0,                 0,      0.0487044433,  -0.0006877404321,      0.3262870373,                 0,       91.60741454
          0,           0,         338,      -6.960811593,      -7.552272683,      -7.509816302,      -6.408931226,             0.448,    0.003561735099,      0.3262730729,                 0,                 0,                 0,      0.0487046705,  -0.0006876601663,      0.3262917884,                 0,       91.60509242
          0,           0,         339,      -6.978061017,      -7.563819671,      -7.528067125,       -6.42569442,             0.448,    0.003561888104,      0.3262772582,                 0,                 0,                 0,     0.04870477713,  -0.0006875616798,      0.3262959753,                 0,       91.60233243
          0,           0,         340,      -6.996815165,      -7.574654496,      -7.547524255,      -6.443945416,             0.448,    0.003562047002,       0.326280912,                 0,                 0,                 0,     0.04870478468,  -0.0006874503791,      0.3262996309,                 0,       91.59927194
          0,           0,         341,      -7.017023947,      -7.584918243,      -7.568167266,      -6.463632987,             0.448,    0.003562206486,      0.3262840697,                 0,                 0,                 0,     0.04870471293,   -0.000687332031,      0.3263027904,                 0,       91.59605736
          0,           0,         342,      -7.038653653,      -7.594833409,      -7.589954615,      -6.484726451,             0.448,    0.003562361121,      0.3262867655,                 0,                 0,                 0,      0.0487045785,  -0.0006872125181,       0.326305488,                 0,       91.59283814
          0,           0,         343,      -7.061666503,      -7.604677491,      -7.612840146,      -6.507191878,             0.448,    0.003562505738,      0.3262890352,                 0,                 0,                 0,     0.04870439585,  -0.0006870974712,      0.3263077594,                 0,       91.58975709
          0,           0,         344,      -7.086021397,      -7.614763122,      -7.636770852,      -6.530991871,             0.448,    0.003562635682,      0.3262909149,                 0,                 0,                 0,     0.04870417716,  -0.0006869920184,      0.3263096407,                 0,       91.58694406
          0,           0,         345,       -7.11167618,      -7.625414642,      -7.661688053,      -6.556088666,             0.448,    0.003562747067,        0.32629244,                 0,                 0,                 0,     0.04870393204,  -0.0006869005043,       0.326311167,                 0,       91.58450878
          0,           0,         346,      -7.138589121,      -7.636932327,      -7.687537108,      -6.582445436,             0.448,    0.003562836928,      0.3262936442,                 0,                 0,                 0,     0.04870366787,  -0.0006868263334,      0.3263123723,                 0,       91.58253684
          0,           0,         347,      -7.166719696,      -7.649567448,      -7.714278426,      -6.610026628,             0.448,    0.003562903329,      0.3262945598,                 0,                 0,                 0,     0.04870338992,  -0.0006867718611,      0.3263132887,                 0,         91.581087
          0,           0,         348,      -7.196027768,      -7.663515559,      -7.741890843,      -6.638796993,             0.448,    0.003562945384,      0.3262952159,                 0,                 0,                 0,     0.04870310159,  -0.0006867383542,      0.3263139453,                 0,       91.58019018
          0,           0,         349,      -7.226472598,      -7.678922742,      -7.770366314,      -6.668720464,             0.448,    0.003562963179,      0.3262956389,                 0,                 0,                 0,     0.04870280461,  -0.0006867260693,      0.3263143685,                 0,        91.5798515
          0,           0,         350,      -7.258012167,       -7.69589513,      -7.799703318,       -6.69975906,             0.448,    0.003562957693,      0.3262958523,                 0,                 0,                 0,     0.04870249943,  -0.0006867343349,      0.3263145818,                 0,       91.58005242
          0,           0,         351,      -7.290602149,      -7.714504744,      -7.829903686,      -6.731871558,             0.448,    0.003554506398,      0.3262959689,                 0,                 0,                 0,     0.04870218551,  -0.0006867616462,      0.3263146062,                 0,       91.79782856
          0,           0,         352,      -5.641914835,      -5.613043141,      -5.444139827,      -5.035242407,             0.448,    0.003554457709,       0.326295361,                 0,                 0,                 0,     0.04870175007,  -0.0006868024295,      0.3263139977,                 0,       91.79891497
          0,           0,         353,      -5.939005769,       -5.87750564,      -5.721441168,      -5.328502327,             0.448,    0.003554277749,      0.3262841275,                 0,                 0,                 0,     0.04869867476,  -0.0006868363697,      0.3263027628,                 0,       91.80040238
          0,           0,         354,      -6.181390237,      -6.047688511,       -6.14583738,      -5.587846392,             0.448,    0.003553463325,      0.3262404992,                 0,                 0,                 0,     0.04868708394,  -0.0006870836741,      0.3262591276,                 0,       91.80916456
          0,           0,         355,      -6.380261585,      -6.187792332,      -6.381370338,      -5.769874185,             0.448,    0.003552169313,      0.3261748875,                 0,                 0,                 0,     0.04867127465,  -0.0006875248025,      0.3261935046,                 0,       91.82413867
          0,           0,         356,       -6.54283515,      -6.386159937,      -6.447705177,      -5.944002361,             0.448,    0.003551285965,      0.3261156368,                 0,                 0,                 0,      0.0486601723,  -0.0006876379757,      0.3261342474,                 0,       91.83029471
          0,           0,         357,      -6.638681571,      -6.492064215,      -6.573103403,       -6.04094156,             0.448,    0.003550606247,      0.3260808366,                 0,                 0,                 0,     0.04865743458,   -0.000687865328,      0.3260994413,                 0,       91.83807326
          0,           0,         358,      -6.772958155,      -6.584434953,      -6.705264115,      -6.172137616,             0.448,    0.003550166947,      0.3260706398,                 0,                 0,                 0,     0.04866136193,  -0.0006881720602,      0.3260892397,                 0,       91.84656517
          0,           0,         359,      -6.802977307,      -6.615430131,      -6.769919369,      -6.200441188,             0.448,    0.003549820212,      0.3260678715,                 0,                 0,                 0,     0.04866615271,  -0.0006884827859,      0.3260864672,                 0,       91.85475661
          0,           0,         360,      -6.855781572,      -6.679222794,      -6.812923853,      -6.251679658,             0.448,     0.00354918982,      0.3260578234,                 0,                 0,                 0,      0.0486681636,  -0.0006889825261,      0.3260764117,                 0,       91.86824036
          0,           0,         361,      -6.972643697,      -6.807827565,      -6.902627312,      -6.374750276,             0.448,    0.003548571547,      0.3260422898,                 0,                 0,                 0,     0.04866841948,  -0.0006893988506,      0.3260608713,                 0,       91.87986924
          0,           0,         362,      -7.047018159,      -6.896086217,      -7.019776782,      -6.458444476,             0.448,    0.003548091307,      0.3260271254,                 0,                 0,                 0,     0.04866848918,  -0.0006896819546,       0.326045702,                 0,       91.88803139
          0,           0,         363,      -7.068437826,      -6.934293725,      -7.083109834,      -6.479442426,             0.448,    0.003547649293,      0.3260137527,                 0,                 0,                 0,     0.04866854349,  -0.0006899501221,      0.3260323247,                 0,       91.89571059
          0,           0,         364,      -7.116855469,      -7.004421909,      -7.117658383,      -6.530101955,             0.448,    0.003547231309,      0.3260015568,                 0,                 0,                 0,      0.0486684245,  -0.0006902095579,      0.3260201244,                 0,       91.90310089
          0,           0,         365,      -7.174931872,      -7.098290967,       -7.20095924,       -6.59777479,             0.448,    0.003546887469,      0.3259904728,                 0,                 0,                 0,     0.04866820856,  -0.0006904093055,      0.3260090368,                 0,       91.90888508
          0,           0,         366,      -7.198211097,       -7.17665271,      -7.324639252,       -6.62945316,             0.448,    0.003546632216,      0.3259806358,                 0,                 0,                 0,     0.04866792413,  -0.0006905366836,      0.3259991974,                 0,       91.91272622
          0,           0,         367,       -7.20173751,       -7.23714669,      -7.400055952,      -6.636746775,             0.448,    0.003546436218,      0.3259715785,                 0,                 0,                 0,       0.048667414,  -0.0006906149436,      0.3259901382,                 0,       91.91525195
          0,           0,         368,      -7.200781849,      -7.288700929,      -7.417604096,      -6.638708827,             0.448,    0.003546274392,      0.3259626452,                 0,                 0,                 0,     0.04866655466,  -0.0006906606471,      0.3259812036,                 0,       91.91692722
          0,           0,         369,      -7.195168292,      -7.336178396,      -7.442769724,       -6.63630464,             0.448,    0.003546154114,      0.3259537795,                 0,                 0,                 0,     0.04866543089,  -0.0006906656849,      0.3259723371,                 0,       91.91754476
          0,           0,         370,      -7.186541756,      -7.384575133,      -7.485573488,      -6.630806714,             0.448,    0.003546085224,      0.3259452882,                 0,                 0,                 0,     0.04866419969,  -0.0006906242044,      0.3259638456,                 0,       91.91693588
          0,           0,         371,      -7.177154466,      -7.435280658,      -7.527286721,      -6.624116239,             0.448,    0.003546061961,      0.3259372577,                 0,                 0,                 0,     0.04866292404,  -0.0006905430914,      0.3259558155,                 0,       91.91527427
          0,           0,         372,      -7.167427126,      -7.483576596,      -7.557757387,      -6.616346973,             0.448,    0.003546074742,      0.3259295361,                 0,                 0,                 0,     0.04866159371,  -0.0006904299521,      0.3259480948,                 0,       91.91276549
          0,           0,         373,      -7.157646246,      -7.525009296,      -7.580391609,      -6.607722919,             0.448,    0.003546116771,      0.3259220368,                 0,                 0,                 0,     0.04866021596,  -0.0006902904563,      0.3259405967,                 0,       91.90956134
          0,           0,         374,      -7.148657298,      -7.559825549,      -7.598646396,      -6.599377131,             0.448,    0.003546179631,      0.3259148208,                 0,                 0,                 0,     0.04865883415,  -0.0006901338111,       0.325933382,                 0,       91.90589723
          0,           0,         375,      -7.141233251,      -7.589536177,      -7.612637929,      -6.592354819,             0.448,    0.003546252305,      0.3259079526,                 0,                 0,                 0,     0.04865748981,  -0.0006899718758,      0.3259265153,                 0,       91.90207705
          0,           0,         376,      -7.135732466,      -7.614548195,      -7.622573143,      -6.587088078,             0.448,    0.003546325464,      0.3259014134,                 0,                 0,                 0,     0.04865620157,  -0.0006898137316,      0.3259199777,                 0,       91.89833723
          0,           0,         377,      -7.132225682,      -7.635267373,      -7.629846153,      -6.583649629,             0.448,    0.003546393832,      0.3258951546,                 0,                 0,                 0,     0.04865497751,  -0.0006896640213,      0.3259137203,                 0,       91.89480075
          0,           0,         378,       -7.13068043,      -7.652843968,      -7.636526266,      -6.582034638,             0.448,    0.003546454417,      0.3258891685,                 0,                 0,                 0,     0.04865383111,  -0.0006895256389,      0.3259077355,                 0,       91.89154299
          0,           0,         379,      -7.131064403,      -7.668895913,      -7.644300903,      -6.582258843,             0.448,    0.003546504369,      0.3258834878,                 0,                 0,                 0,     0.04865278066,  -0.0006894018579,      0.3259020559,                 0,       91.88864695
          0,           0,         380,      -7.133362261,       -7.68493544,      -7.653708353,      -6.584348889,             0.448,    0.003546540787,      0.3258781454,                 0,                 0,                 0,     0.04865184068,  -0.0006892960045,      0.3258967144,                 0,       91.88619698
          0,           0,         381,      -7.137540567,      -7.701710637,       -7.66447268,      -6.588290743,             0.448,      0.0035465615,       0.325873151,                 0,                 0,                 0,     0.04865101706,  -0.0006892103805,      0.3258917207,                 0,       91.88425212
          0,           0,         382,      -7.143516881,      -7.719029252,      -7.676219463,      -6.593997417,             0.448,    0.003546565465,      0.3258684998,                 0,                 0,                 0,     0.04865030931,   -0.000689145962,      0.3258870699,                 0,       91.88283791
          0,           0,         383,      -7.151251921,       -7.73619998,      -7.688776132,      -6.601426204,             0.448,    0.003546552629,      0.3258641867,                 0,                 0,                 0,     0.04864971438,   -0.000689102739,      0.3258827571,                 0,       91.88195434
          0,           0,         384,      -7.160700005,      -7.752606719,      -7.702100142,      -6.610530761,             0.448,    0.003546523579,      0.3258602102,                 0,                 0,                 0,     0.04864922777,  -0.0006890801024,      0.3258787805,                 0,       91.88158571
          0,           0,         385,      -7.171815718,      -7.767961334,       -7.71620011,      -6.621265921,             0.448,    0.003546479481,      0.3258565709,                 0,                 0,                 0,     0.04864884385,  -0.0006890768959,      0.3258751409,                 0,       91.88170203
          0,           0,         386,      -7.184559535,      -7.782256218,      -7.731141241,      -6.633594858,             0.448,     0.00354642202,      0.3258532689,                 0,                 0,                 0,     0.04864855585,   -0.000689091435,      0.3258718385,                 0,       91.88225966
          0,           0,         387,      -7.198894217,      -7.795590906,      -7.747036039,      -6.647485111,             0.448,    0.003546353244,      0.3258503006,                 0,                 0,                 0,     0.04864835525,  -0.0006891216254,      0.3258688696,                 0,       91.88320458
          0,           0,         388,      -7.214783997,      -7.808044068,      -7.763999013,      -6.662906036,             0.448,    0.003546275511,      0.3258476573,                 0,                 0,                 0,     0.04864823189,  -0.0006891649962,      0.3258662255,                 0,       91.88447325
          0,           0,         389,       -7.23219357,      -7.819671921,      -7.782107167,        -6.6798268,             0.448,    0.003546191485,      0.3258453256,                 0,                 0,                 0,     0.04864817459,  -0.0006892187088,      0.3258638928,                 0,        91.8859929
          0,           0,         390,      -7.251086832,       -7.83056601,      -7.801395949,      -6.698214565,             0.448,    0.003546104075,       0.325843289,                 0,                 0,                 0,     0.04864817213,  -0.0006892796411,      0.3258618553,                 0,       91.88768353
          0,           0,         391,      -7.271426773,      -7.840887482,      -7.821869471,      -6.718034466,             0.448,    0.003546016315,      0.3258415292,                 0,                 0,                 0,     0.04864821395,  -0.0006893445218,      0.3258600945,                 0,       91.88946139
          0,           0,         392,      -7.293175424,      -7.850862681,      -7.843508009,      -6.739250361,             0.448,     0.00354593122,      0.3258400268,                 0,                 0,                 0,     0.04864829053,   -0.000689410082,      0.3258585911,                 0,       91.89124284
          0,           0,         393,      -7.316293583,      -7.860763652,      -7.866270377,      -6.761825358,             0.448,    0.003545851635,      0.3258387616,                 0,                 0,                 0,     0.04864839366,  -0.0006894732153,       0.325857325,                 0,       91.89294846
          0,           0,         394,       -7.34074098,      -7.870890531,      -7.890097885,       -6.78572236,             0.448,      0.0035457801,      0.3258377134,                 0,                 0,                 0,     0.04864851652,   -0.000689531122,       0.325856276,                 0,       91.89450679
          0,           0,         395,      -7.366476882,      -7.881552791,      -7.914924593,      -6.810904672,             0.448,    0.003545718725,      0.3258368625,                 0,                 0,                 0,     0.04864865366,  -0.0006895814318,      0.3258554244,                 0,       91.89585745
          0,           0,         396,      -7.393460765,      -7.893044803,      -7.940691071,      -6.837336459,             0.448,    0.003545669115,        0.32583619,                 0,                 0,                 0,     0.04864880098,  -0.0006896222961,      0.3258547512,                 0,       91.89695355
          0,           0,         397,      -7.421652473,      -7.905623479,      -7.967354452,      -6.864982562,             0.448,    0.003545632336,      0.3258356779,                 0,                 0,                 0,     0.04864895555,   -0.000689652417,      0.3258542387,                 0,       91.89776239
          0,           0,         398,      -7.451012177,      -7.919497246,      -7.994891467,      -6.893808121,             0.448,    0.003545608914,      0.3258353101,                 0,                 0,                 0,     0.04864911553,   -0.000689671056,      0.3258538707,                 0,       91.89826571
          0,           0,         399,      -7.481499937,      -7.934826547,      -8.023295219,      -6.923777866,             0.448,    0.003545598844,      0.3258350719,                 0,                 0,                 0,     0.04864928006,  -0.0006896780294,      0.3258536323,                 0,       91.89845954
          0,           0,         400,       -7.51307472,      -7.951728383,      -8.052568291,       -6.95485484,             0.448,    0.003545601624,      0.3258349503,                 0,                 0,                 0,     0.04864944898,  -0.0006896736687,      0.3258535108,                 0,       91.89835318
          0,           0,         401,      -7.545692922,      -7.970278286,      -8.082715342,      -6.986998553,             0.448,    0.003550309409,      0.3258348827,                 0,                 0,                 0,      0.0486496227,  -0.0006896587706,      0.3258534945,                 0,       91.77647501
          0,           0,         402,      -5.895375811,      -5.866503472,      -5.697599975,      -5.288703224,             0.448,    0.003550336149,       0.325835219,                 0,                 0,                 0,     0.04864986417,  -0.0006896364083,      0.3258538311,                 0,       91.77587849
          0,           0,         403,      -6.192468843,      -6.130967956,      -5.974900659,      -5.581964945,             0.448,    0.003550436215,      0.3258414835,                 0,                 0,                 0,     0.04865157858,  -0.0006896178632,      0.3258600964,                 0,       91.77505631
          0,           0,         404,      -6.434858431,      -6.301150119,      -6.399299424,      -5.841313826,             0.448,    0.003550890368,      0.3258658217,                 0,                 0,                 0,      0.0486580438,  -0.0006894804292,      0.3258844384,                 0,       91.77017253
          0,           0,         405,      -6.633735129,      -6.441251735,      -6.634828275,      -6.023345066,             0.448,    0.003551612058,      0.3259024247,                 0,                 0,                 0,     0.04866686225,  -0.0006892350678,      0.3259210477,                 0,       91.76183079
          0,           0,         406,      -6.796314831,      -6.639620805,      -6.701165179,      -6.197479236,             0.448,    0.003552104411,      0.3259354789,                 0,                 0,                 0,     0.04867305433,  -0.0006891728486,      0.3259541055,                 0,       91.75841733
          0,           0,         407,      -6.892167585,      -6.745533567,      -6.826564209,      -6.294424505,             0.448,    0.003552482826,      0.3259548918,                 0,                 0,                 0,     0.04867457933,  -0.0006890470601,      0.3259735217,                 0,        91.7541077
          0,           0,         408,      -7.026454851,      -6.837913361,      -6.958726092,      -6.425630185,             0.448,    0.003552726873,      0.3259605788,                 0,                 0,                 0,     0.04867238578,  -0.0006888770305,      0.3259792113,                 0,       91.74940557
          0,           0,         409,      -7.056466404,      -6.868909231,      -7.023382387,      -6.453928541,             0.448,    0.003552919268,      0.3259621222,                 0,                 0,                 0,     0.04866971065,  -0.0006887047343,      0.3259807571,                 0,       91.74487163
          0,           0,         410,       -7.10926039,       -6.93270185,      -7.066390235,      -6.505160676,             0.448,    0.003553270048,      0.3259677275,                 0,                 0,                 0,     0.04866858652,  -0.0006884269194,      0.3259863666,                 0,       91.73739207
          0,           0,         411,      -7.226107854,      -7.061312362,      -7.156098768,      -6.628223643,             0.448,    0.003553614269,      0.3259763936,                 0,                 0,                 0,     0.04866844169,  -0.0006881954883,      0.3259950364,                 0,        91.7309446
          0,           0,         412,      -7.300465776,      -7.149579641,       -7.27325023,      -6.711905226,             0.448,    0.003553881594,      0.3259848543,                 0,                 0,                 0,     0.04866840088,  -0.0006880382744,      0.3260034999,                 0,       91.72642525
          0,           0,         413,      -7.321885531,      -7.187788992,      -7.336580728,      -6.732900307,             0.448,    0.003554127627,      0.3259923159,                 0,                 0,                 0,     0.04866836869,  -0.0006878893495,       0.326010964,                 0,       91.72217492
          0,           0,         414,      -7.370328832,      -7.257921843,      -7.371128248,      -6.783578486,             0.448,    0.003554360263,      0.3259991212,                 0,                 0,                 0,     0.04866843326,  -0.0006877452815,      0.3260177717,                 0,       91.71808625
          0,           0,         415,        -7.4284849,      -7.351804627,      -7.454426885,      -6.851316803,             0.448,    0.003554551548,      0.3260053064,                 0,                 0,                 0,     0.04866855204,  -0.0006876344925,      0.3260239589,                 0,        91.7148906
          0,           0,         416,      -7.451893612,      -7.430187986,      -7.578095139,       -6.88310912,             0.448,    0.003554693424,      0.3260107958,                 0,                 0,                 0,     0.04866870916,  -0.0006875640554,      0.3260294497,                 0,       91.71277432
          0,           0,         417,      -7.455565796,      -7.490708531,      -7.653489171,      -6.890533227,             0.448,    0.003554802269,      0.3260158505,                 0,                 0,                 0,     0.04866899241,    -0.00068752099,      0.3260345054,                 0,       91.71138809
          0,           0,         418,      -7.454762359,       -7.54229548,      -7.671004611,      -6.892633412,             0.448,    0.003554892104,      0.3260208363,                 0,                 0,                 0,      0.0486694708,  -0.0006874960359,      0.3260394919,                 0,       91.71047298
          0,           0,         419,      -7.449289033,      -7.589807265,      -7.696107408,      -6.890360632,             0.448,    0.003554958823,      0.3260257846,                 0,                 0,                 0,     0.04867009702,  -0.0006874937079,      0.3260444406,                 0,        91.7101437
          0,           0,         420,      -7.440775977,      -7.638228605,       -7.73880257,      -6.884973779,             0.448,    0.003554996937,      0.3260305243,                 0,                 0,                 0,      0.0486707835,  -0.0006875172706,      0.3260491805,                 0,       91.71049375
          0,           0,         421,      -7.431470306,       -7.68893934,       -7.78037127,      -6.878367359,             0.448,    0.003555009661,      0.3260350074,                 0,                 0,                 0,      0.0486714951,  -0.0006875628795,      0.3260536633,                 0,       91.71142655
          0,           0,         422,      -7.421789412,      -7.737218506,      -7.810686421,      -6.870649096,             0.448,    0.003555002336,      0.3260393183,                 0,                 0,                 0,     0.04867223748,  -0.0006876262961,      0.3260579738,                 0,       91.71282815
          0,           0,         423,      -7.412019807,      -7.778615115,      -7.833163362,      -6.862040836,             0.448,    0.003554978746,      0.3260435056,                 0,                 0,                 0,     0.04867300658,  -0.0006877043679,      0.3260621604,                 0,        91.7146146
          0,           0,         424,      -7.403011497,      -7.813379653,      -7.851264218,      -6.853679895,             0.448,    0.003554943581,      0.3260475352,                 0,                 0,                 0,      0.0486737782,  -0.0006877919619,      0.3260661893,                 0,       91.71665535
          0,           0,         425,      -7.395542986,      -7.843025919,      -7.865120892,      -6.846617397,             0.448,    0.003554902987,      0.3260513709,                 0,                 0,                 0,     0.04867452908,  -0.0006878824623,      0.3260700241,                 0,       91.71878168
          0,           0,         426,      -7.389976739,      -7.867964241,      -7.874953538,      -6.841289521,             0.448,    0.003554862154,      0.3260550233,                 0,                 0,                 0,     0.04867524884,  -0.0006879708148,      0.3260736757,                 0,       91.72086262
          0,           0,         427,      -7.386386192,      -7.888602391,      -7.882157473,      -6.837771494,             0.448,    0.003554824021,      0.3260585195,                 0,                 0,                 0,     0.04867593293,  -0.0006880544357,      0.3260771711,                 0,       91.72283002
          0,           0,         428,      -7.384741185,      -7.906088133,      -7.888793042,      -6.836060662,             0.448,    0.003554790248,      0.3260618638,                 0,                 0,                 0,     0.04867657383,  -0.0006881317211,      0.3260805147,                 0,       91.72464225
          0,           0,         429,      -7.385011954,      -7.922033413,      -7.896536912,      -6.836175256,             0.448,    0.003554762427,      0.3260650379,                 0,                 0,                 0,     0.04867716125,  -0.0006882008402,      0.3260836881,                 0,       91.72625304
          0,           0,         430,      -7.387185893,      -7.937945806,      -7.905922051,      -6.838144652,             0.448,    0.003554742172,       0.326068023,                 0,                 0,                 0,     0.04867768701,  -0.0006882599352,      0.3260866727,                 0,       91.72761546
          0,           0,         431,      -7.391235229,      -7.954575709,      -7.916682371,      -6.841961032,             0.448,    0.003554730689,      0.3260708128,                 0,                 0,                 0,     0.04867814766,  -0.0006883077171,      0.3260894621,                 0,       91.72869658
          0,           0,         432,      -7.397105546,      -7.971729782,      -7.928470153,       -6.84756906,             0.448,    0.003554728623,      0.3260734097,                 0,                 0,                 0,     0.04867854352,  -0.0006883435738,      0.3260920588,                 0,       91.72948045
          0,           0,         433,      -7.404736671,      -7.988723068,      -7.941112901,      -6.854900837,             0.448,    0.003554736121,      0.3260758177,                 0,                 0,                 0,     0.04867887669,  -0.0006883674072,      0.3260944666,                 0,       91.72996434
          0,           0,         434,      -7.414078895,      -8.004940815,      -7.954540509,       -6.86390297,             0.448,    0.003554752878,       0.326078038,                 0,                 0,                 0,     0.04867914976,  -0.0006883795421,       0.326096687,                 0,       91.73015654
          0,           0,         435,      -7.425091072,      -8.020101712,      -7.968737047,      -6.874535852,             0.448,    0.003554778185,      0.3260800703,                 0,                 0,                 0,     0.04867936567,  -0.0006883806815,      0.3260987195,                 0,       91.73007523
          0,           0,         436,      -7.437734473,      -8.034216459,      -7.983758336,      -6.886764934,             0.448,    0.003554811026,      0.3260819143,                 0,                 0,                 0,       0.048679528,   -0.000688371837,      0.3261005638,                 0,       91.72974652
          0,           0,         437,      -7.451971316,      -8.047406127,      -7.999720868,        -6.9005576,             0.448,    0.003554850179,       0.326083572,                 0,                 0,                 0,     0.04867964136,  -0.0006883542562,      0.3261022218,                 0,       91.72920252
          0,           0,         438,      -7.467765521,      -8.059762824,      -8.016746557,      -6.915882993,             0.448,    0.003554894251,       0.326085048,                 0,                 0,                 0,     0.04867971131,  -0.0006883293932,      0.3261036982,                 0,        91.7284805
          0,           0,         439,      -7.485082236,      -8.071339216,      -8.034917075,      -6.932710681,             0.448,    0.003554941701,      0.3260863496,                 0,                 0,                 0,     0.04867974399,  -0.0006882988831,      0.3261050003,                 0,       91.72762228
          0,           0,         440,      -7.503886471,      -8.082211892,      -8.054267024,      -6.951008846,             0.448,    0.003554990883,       0.326087486,                 0,                 0,                 0,     0.04867974568,  -0.0006882644919,      0.3261061373,                 0,       91.72667293
          0,           0,         441,      -7.524142267,      -8.092526645,      -8.074797923,      -6.970743706,             0.448,     0.00355504011,      0.3260884676,                 0,                 0,                 0,     0.04867972235,  -0.0006882280419,      0.3261071194,                 0,       91.72567891
          0,           0,         442,      -7.545812432,      -8.102499279,       -8.09648874,      -6.991879942,             0.448,     0.00355508772,      0.3260893053,                 0,                 0,                 0,     0.04867967938,  -0.0006881913358,      0.3261079577,                 0,       91.72468614
          0,           0,         443,      -7.568858407,      -8.112396712,      -8.119297784,      -7.014381289,             0.448,    0.003555132156,      0.3260900104,                 0,                 0,                 0,      0.0486796214,  -0.0006881560771,      0.3261086633,                 0,       91.72373798
          0,           0,         444,       -7.59324031,      -8.122518161,      -8.143165874,      -7.038211026,             0.448,    0.003555172043,      0.3260905939,                 0,                 0,                 0,     0.04867955222,  -0.0006881237864,      0.3261092473,                 0,       91.72287303
          0,           0,         445,      -7.618917455,      -8.133176033,      -8.168026072,      -7.063332655,             0.448,    0.003555206225,       0.326091067,                 0,                 0,                 0,     0.04867947493,  -0.0006880957635,      0.3261097208,                 0,       91.72212423
          0,           0,         446,      -7.645849114,      -8.144669942,      -8.193819306,      -7.089710352,             0.448,    0.003555233816,      0.3260914403,                 0,                 0,                 0,     0.04867939189,  -0.0006880730315,      0.3261100944,                 0,       91.72151739
          0,           0,         447,       -7.67399555,      -8.157260537,       -8.22050791,      -7.117309532,             0.448,    0.003555254233,      0.3260917235,                 0,                 0,                 0,     0.04867930468,  -0.0006880563008,      0.3261103778,                 0,        91.7210703
          0,           0,         448,      -7.703335407,      -8.171153929,      -8.248094031,      -7.146115674,             0.448,    0.003555267194,      0.3260919254,                 0,                 0,                 0,     0.04867921431,  -0.0006880459686,      0.3261105799,                 0,       91.72079273
          0,           0,         449,      -7.733823126,      -8.186495323,      -8.276575234,        -7.1760861,             0.448,    0.003555272751,      0.3260920547,                 0,                 0,                 0,     0.04867912147,   -0.000688042095,      0.3261107093,                 0,       91.72068575
          0,           0,         450,      -7.765402775,      -8.203396495,      -8.305937973,      -7.207166329,             0.448,    0.003555271209,      0.3260921191,                 0,                 0,                 0,     0.04867902634,  -0.0006880444745,      0.3261107736,                 0,       91.72074364
          0,           0,         451,       -7.79803293,      -8.221935203,      -8.336166846,       -7.23931901,             0.448,    0.003552641648,      0.3260921534,                 0,                 0,                 0,     0.04867892861,  -0.0006880526849,      0.3261107792,                 0,       91.78864228
          0,           0,         452,      -6.148640696,       -6.11976837,      -5.950865208,      -5.541968146,             0.448,    0.003552626805,      0.3260919621,                 0,                 0,                 0,     0.04867879306,  -0.0006880650397,      0.3261105878,                 0,       91.78897195
          0,           0,         453,      -6.445731674,      -6.384231889,      -6.228166038,      -5.835228162,             0.448,    0.003552571059,      0.3260884623,                 0,                 0,                 0,     0.04867783545,  -0.0006880752699,      0.3261070875,                 0,       91.78942711
          0,           0,         454,      -6.688118899,      -6.554413714,      -6.652562603,      -6.094574682,             0.448,    0.003552317693,      0.3260748754,                 0,                 0,                 0,     0.04867422629,  -0.0006881519344,      0.3260934985,                 0,        91.7921491
          0,           0,         455,      -6.886992467,      -6.694516514,       -6.88809522,      -6.276603899,             0.448,    0.003551914941,      0.3260544434,                 0,                 0,                 0,     0.04866930361,  -0.0006882889616,       0.326073063,                 0,       91.79680504
          0,           0,         456,      -7.049568754,      -6.892882966,      -6.954431187,       -6.45073447,             0.448,    0.003551640045,      0.3260359919,                 0,                 0,                 0,     0.04866584654,  -0.0006883238977,      0.3260546095,                 0,       91.79871489
          0,           0,         457,      -7.145417816,      -6.998789686,       -7.07982778,      -6.547676066,             0.448,    0.003551428573,      0.3260251535,                 0,                 0,                 0,       0.048664994,  -0.0006883944123,      0.3260437692,                 0,       91.80112925
          0,           0,         458,      -7.279699224,      -7.091164602,       -7.21198789,      -6.678876775,             0.448,    0.003551291991,       0.326021976,                 0,                 0,                 0,     0.04866621684,  -0.0006884896637,      0.3260405902,                 0,       91.80376516
          0,           0,         459,      -7.309709941,        -7.1221609,      -7.276639822,      -6.707173665,             0.448,    0.003551184218,      0.3260211114,                 0,                 0,                 0,     0.04866770853,  -0.0006885861857,      0.3260397243,                 0,       91.80630782
          0,           0,         460,      -7.362500569,      -7.185953297,      -7.319640003,      -6.758401078,             0.448,    0.003550988072,      0.3260179799,                 0,                 0,                 0,     0.04866833458,  -0.0006887415938,      0.3260365906,                 0,       91.81049705
          0,           0,         461,      -7.479338709,      -7.314558984,      -7.409340437,      -6.881452551,             0.448,    0.003550795641,      0.3260131404,                 0,                 0,                 0,     0.04866841412,  -0.0006888710775,       0.326031749,                 0,       91.81410968
          0,           0,         462,      -7.553685634,      -7.402817763,      -7.526486129,      -6.965122842,             0.448,    0.003550646154,      0.3260084159,                 0,                 0,                 0,     0.04866843569,  -0.0006889591164,      0.3260270229,                 0,       91.81664458
          0,           0,         463,      -7.575093285,      -7.441024502,      -7.589819055,      -6.986110451,             0.448,    0.003550508555,      0.3260042494,                 0,                 0,                 0,     0.04866845248,  -0.0006890425231,       0.326022855,                 0,        91.8190294
          0,           0,         464,      -7.623501814,      -7.511156434,      -7.624370201,      -7.036761541,             0.448,    0.003550378429,      0.3260004494,                 0,                 0,                 0,     0.04866841531,  -0.0006891232248,      0.3260190536,                 0,       91.82132439
          0,           0,         465,      -7.681579409,      -7.605032794,      -7.707666886,      -7.104431261,             0.448,     0.00355027137,      0.3259969957,                 0,                 0,                 0,     0.04866834794,  -0.0006891853632,      0.3260155988,                 0,       91.82312046
          0,           0,         466,      -7.704890893,      -7.683399834,      -7.831326171,      -7.136134313,             0.448,    0.003550191877,      0.3259939305,                 0,                 0,                 0,     0.04866825921,  -0.0006892249912,      0.3260125328,                 0,       91.82431311
          0,           0,         467,      -7.708468466,      -7.743894359,       -7.90671626,      -7.143472726,             0.448,    0.003550130812,      0.3259911081,                 0,                 0,                 0,     0.04866810015,  -0.0006892493494,      0.3260097098,                 0,       91.82509755
          0,           0,         468,      -7.707571211,      -7.795447185,      -7.924250274,      -7.145487622,             0.448,    0.003550080364,      0.3259883244,                 0,                 0,                 0,     0.04866783227,  -0.0006892635938,      0.3260069257,                 0,       91.82561827
          0,           0,         469,      -7.702016982,       -7.84292356,      -7.949392362,      -7.143138684,             0.448,    0.003550042837,      0.3259855617,                 0,                 0,                 0,     0.04866748198,  -0.0006892651937,      0.3260041628,                 0,       91.82581076
          0,           0,         470,      -7.693443957,      -7.891317749,      -7.992149764,      -7.137692559,             0.448,    0.003550021297,      0.3259829156,                 0,                 0,                 0,     0.04866709817,  -0.0006892523219,      0.3260015166,                 0,       91.82562252
          0,           0,         471,      -7.684098135,      -7.942014836,      -8.033797855,      -7.131043651,             0.448,    0.003550013955,      0.3259804125,                 0,                 0,                 0,     0.04866670039,  -0.0006892271147,      0.3259990137,                 0,       91.82510735
          0,           0,         472,      -7.674388546,      -7.990293991,      -8.064186626,      -7.123291203,             0.448,    0.003550017846,      0.3259780049,                 0,                 0,                 0,     0.04866628546,  -0.0006891919168,      0.3259966063,                 0,       91.82432853
          0,           0,         473,      -7.664585996,      -8.031707105,      -8.086712053,      -7.114640679,             0.448,    0.003550030929,      0.3259756663,                 0,                 0,                 0,     0.04866585589,  -0.0006891484234,      0.3259942681,                 0,       91.82333134
          0,           0,         474,      -7.655565588,      -8.066496561,      -8.104830725,      -7.106259453,             0.448,    0.003550050608,      0.3259734159,                 0,                 0,                 0,     0.04866542525,  -0.0006890994834,      0.3259920181,                 0,       91.82218845
          0,           0,         475,      -7.648095842,      -8.096182407,      -8.118687427,      -7.099190414,             0.448,    0.003550073427,       0.325971274,                 0,                 0,                 0,     0.04866500643,  -0.0006890488133,      0.3259898767,                 0,       91.82099489
          0,           0,         476,      -7.642537327,      -8.121174603,      -8.128511853,      -7.093866204,             0.448,    0.003550096465,      0.3259692347,                 0,                 0,                 0,     0.04866460516,  -0.0006889992595,      0.3259878379,                 0,       91.81982461
          0,           0,         477,      -7.638964701,       -8.14186856,      -8.135706187,      -7.090362408,             0.448,    0.003550118044,      0.3259672827,                 0,                 0,                 0,     0.04866422392,  -0.0006889522991,      0.3259858863,                 0,       91.81871665
          0,           0,         478,       -7.63734858,      -8.159402401,       -8.14233474,      -7.088677192,             0.448,    0.003550137198,      0.3259654157,                 0,                 0,                 0,     0.04866386683,  -0.0006889088682,      0.3259840197,                 0,       91.81769535
          0,           0,         479,      -7.637658707,      -8.175389956,      -8.150072209,      -7.088828427,             0.448,    0.003550153005,      0.3259636437,                 0,                 0,                 0,      0.0486635396,  -0.0006888700208,      0.3259822481,                 0,       91.81678741
          0,           0,         480,      -7.639880961,      -8.191347334,      -8.159445678,      -7.090844054,             0.448,    0.003550164543,      0.3259619773,                 0,                 0,                 0,     0.04866324673,  -0.0006888368145,       0.325980582,                 0,       91.81601962
          0,           0,         481,      -7.643985644,      -8.208031863,       -8.17018639,      -7.094714291,             0.448,    0.003550171131,      0.3259604201,                 0,                 0,                 0,     0.04866299016,  -0.0006888099765,       0.325979025,                 0,       91.81541059
          0,           0,         482,      -7.649916477,      -8.225251442,      -8.181949579,      -7.100381811,             0.448,    0.003550172419,      0.3259589705,                 0,                 0,                 0,     0.04866276967,  -0.0006887898397,      0.3259775755,                 0,       91.81496899
          0,           0,         483,      -7.657611421,      -8.242316408,      -8.194566792,      -7.107776761,             0.448,    0.003550168335,      0.3259576264,                 0,                 0,                 0,      0.0486625841,  -0.0006887764451,      0.3259762315,                 0,         91.814696
          0,           0,         484,      -7.667018997,      -8.258603317,      -8.207968516,      -7.116843921,             0.448,     0.00355015906,      0.3259563871,                 0,                 0,                 0,     0.04866243199,  -0.0006887696031,      0.3259749921,                 0,       91.81458678
          0,           0,         485,      -7.678096672,      -8.273822379,       -8.22213604,      -7.127542231,             0.448,    0.003550144996,      0.3259552526,                 0,                 0,                 0,     0.04866231173,  -0.0006887689139,      0.3259738576,                 0,       91.81463095
          0,           0,         486,      -7.690804785,      -8.287979969,      -8.237122895,      -7.139836149,             0.448,    0.003550126717,      0.3259542233,                 0,                 0,                 0,     0.04866222132,  -0.0006887738065,      0.3259728281,                 0,       91.81481375
          0,           0,         487,       -7.70510495,      -8.301197668,      -8.253046585,      -7.153692409,             0.448,    0.003550104908,       0.325953298,                 0,                 0,                 0,     0.04866215817,  -0.0006887835803,      0.3259719026,                 0,       91.81511713
          0,           0,         488,        -7.7209606,      -8.313571078,       -8.27003228,      -7.169079647,             0.448,    0.003550080347,       0.325952474,                 0,                 0,                 0,     0.04866211921,  -0.0006887974242,      0.3259710784,                 0,       91.81552023
          0,           0,         489,      -7.738336363,      -8.325156911,      -8.288164593,      -7.185966899,             0.448,    0.003550053892,      0.3259517473,                 0,                 0,                 0,     0.04866210098,  -0.0006888144274,      0.3259703514,                 0,       91.81599975
          0,           0,         490,      -7.757196715,      -8.336034443,      -8.307479393,      -7.204321804,             0.448,     0.00355002646,      0.3259511127,                 0,                 0,                 0,     0.04866210001,  -0.0006888336065,      0.3259697165,                 0,       91.81653051
          0,           0,         491,      -7.777505222,      -8.346350593,      -8.327978164,      -7.224110089,             0.448,     0.00354999899,      0.3259505646,                 0,                 0,                 0,     0.04866211295,  -0.0006888539458,      0.3259691681,                 0,       91.81708657
          0,           0,         492,      -7.799224326,      -8.356321543,      -8.349639551,      -7.245296047,             0.448,    0.003549972409,      0.3259500968,                 0,                 0,                 0,     0.04866213683,  -0.0006888744412,      0.3259686999,                 0,       91.81764229
          0,           0,         493,      -7.822315177,      -8.366214365,      -8.372422014,      -7.267843099,             0.448,    0.003549947586,       0.325949703,                 0,                 0,                 0,     0.04866216906,  -0.0006888941416,      0.3259683059,                 0,        91.8181734
          0,           0,         494,      -7.846737696,      -8.376328701,      -8.396266341,      -7.291714339,             0.448,    0.003549925296,      0.3259493769,                 0,                 0,                 0,      0.0486622075,  -0.0006889121898,      0.3259679795,                 0,       91.81865808
          0,           0,         495,      -7.872451137,       -8.38697726,      -8.421105943,      -7.316873175,             0.448,    0.003549906186,      0.3259491124,                 0,                 0,                 0,     0.04866225044,  -0.0006889278588,      0.3259677148,                 0,       91.81907785
          0,           0,         496,       -7.89941483,      -8.398459921,      -8.446882071,      -7.343283787,             0.448,    0.003549890749,      0.3259489036,                 0,                 0,                 0,     0.04866229658,  -0.0006889405779,      0.3259675058,                 0,       91.81941828
          0,           0,         497,      -7.927588591,      -8.411037774,      -8.473554537,      -7.370911092,             0.448,    0.003549879316,      0.3259487448,                 0,                 0,                 0,       0.048662345,  -0.0006889499459,      0.3259673469,                 0,       91.81966929
          0,           0,         498,        -7.9569326,         -8.424919,      -8.501102937,      -7.399720254,             0.448,    0.003549872048,       0.325948631,                 0,                 0,                 0,     0.04866239514,  -0.0006889557341,       0.325967233,                 0,       91.81982524
          0,           0,         499,      -7.987406837,       -8.44025957,      -8.529521211,      -7.429675846,             0.448,    0.003549868945,      0.3259485578,                 0,                 0,                 0,     0.04866244673,  -0.0006889578833,      0.3259671597,                 0,       91.81988484
          0,           0,         500,      -8.018970103,      -8.457170801,      -8.558810733,      -7.460740649,             0.448,    0.003549869854,      0.3259485209,                 0,                 0,                 0,     0.04866249972,  -0.0006889564956,      0.3259671229,                 0,       91.81985096
          0,           0,         501,      -8.051578567,      -8.475724626,      -8.588973973,      -7.492873884,             0.448,     0.00355133877,      0.3259485009,                 0,                 0,                 0,     0.04866255424,  -0.0006889518179,      0.3259671189,                 0,       91.78186649
          0,           0,         502,      -6.401359497,      -6.372486917,      -6.203583668,      -5.794686875,             0.448,    0.003551347159,      0.3259486069,                 0,                 0,                 0,      0.0486626299,   -0.000688944809,       0.325967225,                 0,       91.78167955
          0,           0,         503,      -6.698452014,       -6.63695146,      -6.480884465,      -6.087948235,             0.448,    0.003551378412,      0.3259505619,                 0,                 0,                 0,       0.048663165,  -0.0006889389902,      0.3259691803,                 0,       91.78142235
          0,           0,         504,      -6.940841234,      -6.807133472,      -6.905282428,      -6.347296735,             0.448,    0.003551520092,      0.3259581541,                 0,                 0,                 0,     0.04866518187,  -0.0006888960825,      0.3259767736,                 0,       91.77989866
          0,           0,         505,      -7.139717829,      -6.947235901,      -7.140813514,      -6.529328009,             0.448,    0.003551745215,      0.3259695716,                 0,                 0,                 0,     0.04866793271,  -0.0006888194984,      0.3259881931,                 0,        91.7772959
          0,           0,         506,      -7.302298097,      -7.145604543,      -7.207151159,      -6.703462545,             0.448,    0.003551898824,      0.3259798822,                 0,                 0,                 0,     0.04866986442,  -0.0006888000251,      0.3259985048,                 0,       91.77622967
          0,           0,         507,      -7.398149389,      -7.251514297,      -7.332549682,      -6.800406259,             0.448,    0.003552016919,      0.3259859382,                 0,                 0,                 0,      0.0486703405,  -0.0006887607171,      0.3260045619,                 0,       91.77488329
          0,           0,         508,        -7.5324335,      -7.343890307,       -7.46470889,      -6.931608918,             0.448,    0.003552093121,      0.3259877131,                 0,                 0,                 0,     0.04866965677,  -0.0006887076096,      0.3260063376,                 0,       91.77341415
          0,           0,         509,      -7.562444493,      -7.374886573,       -7.52936235,      -6.959906866,             0.448,    0.003552153214,      0.3259881956,                 0,                 0,                 0,     0.04866882284,  -0.0006886537983,      0.3260068208,                 0,       91.77199742
          0,           0,         510,       -7.61523856,      -7.438680565,      -7.572370249,      -7.011139041,             0.448,    0.003552262698,       0.325989945,                 0,                 0,                 0,     0.04866847265,  -0.0006885670801,      0.3260085715,                 0,        91.7696614
          0,           0,         511,      -7.732082364,      -7.567289901,      -7.662078708,      -7.134198153,             0.448,     0.00355237012,      0.3259926491,                 0,                 0,                 0,     0.04866842786,  -0.0006884948422,      0.3260112767,                 0,       91.76764754
          0,           0,         512,      -7.806432009,      -7.655553038,      -7.779226793,      -7.217871618,             0.448,    0.003552453545,      0.3259952889,                 0,                 0,                 0,     0.04866841547,  -0.0006884457627,      0.3260139174,                 0,       91.76623556
          0,           0,         513,      -7.827841976,       -7.69376106,      -7.842555598,      -7.238858914,             0.448,    0.003552530324,       0.325997617,                 0,                 0,                 0,     0.04866840574,  -0.0006883992757,      0.3260162464,                 0,       91.76490763
          0,           0,         514,      -7.876263877,      -7.763893175,       -7.87710466,      -7.289519583,             0.448,    0.003552602921,      0.3259997404,                 0,                 0,                 0,     0.04866842618,  -0.0006883543069,      0.3260183705,                 0,       91.76363014
          0,           0,         515,      -7.934373108,      -7.857771103,      -7.960401008,      -7.357215246,             0.448,    0.003552662618,      0.3260016704,                 0,                 0,                 0,     0.04866846349,  -0.0006883197196,      0.3260203011,                 0,       91.76263142
          0,           0,         516,      -7.957725159,      -7.936145989,      -8.084057657,      -7.388952834,             0.448,    0.003552706903,      0.3260033834,                 0,                 0,                 0,     0.04866851274,  -0.0006882977208,      0.3260220145,                 0,       91.76196975
          0,           0,         517,        -7.9613432,      -7.996658881,      -8.159439263,      -7.396325413,             0.448,    0.003552740883,      0.3260049607,                 0,                 0,                 0,     0.04866860129,  -0.0006882842622,      0.3260235921,                 0,       91.76153608
          0,           0,         518,      -7.960484956,       -8.04823947,      -8.176956143,      -7.398373422,             0.448,    0.003552768927,      0.3260065164,                 0,                 0,                 0,     0.04866875068,   -0.000688276458,      0.3260251481,                 0,       91.76124965
          0,           0,         519,      -7.954961904,      -8.095745115,      -8.202064503,      -7.396051467,             0.448,    0.003552789754,      0.3260080605,                 0,                 0,                 0,     0.04866894615,   -0.000688275718,      0.3260266923,                 0,       91.76114633
          0,           0,         520,      -7.946408485,      -8.144161074,      -8.244764058,       -7.39062259,             0.448,    0.003552801653,      0.3260095395,                 0,                 0,                 0,     0.04866916039,   -0.000688283059,      0.3260281714,                 0,        91.7612553
          0,           0,         521,      -7.937072097,      -8.194867827,       -8.28633725,       -7.38398256,             0.448,    0.003552805628,      0.3260109384,                 0,                 0,                 0,     0.04866938243,  -0.0006882972815,      0.3260295702,                 0,       91.76154638
          0,           0,         522,      -7.927370855,      -8.243144282,      -8.316660194,       -7.37624102,             0.448,    0.003552803344,      0.3260122835,                 0,                 0,                 0,     0.04866961405,   -0.000688317063,      0.3260309152,                 0,       91.76198398
          0,           0,         523,      -7.917591361,      -8.284539968,      -8.339149264,      -7.367620668,             0.448,    0.003552795983,      0.3260135901,                 0,                 0,                 0,     0.04866985398,   -0.000688341419,      0.3260322215,                 0,       91.76254185
          0,           0,         524,      -7.908582034,      -8.319306185,      -8.357264437,      -7.359257114,             0.448,    0.003552785008,      0.3260148474,                 0,                 0,                 0,     0.04867009467,  -0.0006883687487,      0.3260334786,                 0,       91.76317922
          0,           0,         525,      -7.901119409,      -8.348956854,      -8.371134068,      -7.352199159,             0.448,    0.003552772336,      0.3260160442,                 0,                 0,                 0,     0.04867032888,  -0.0006883969873,      0.3260346751,                 0,       91.76384337
          0,           0,         526,      -7.895564589,      -8.373901898,      -8.380975715,      -7.346881524,             0.448,    0.003552759589,      0.3260171838,                 0,                 0,                 0,     0.04867055336,  -0.0006884245574,      0.3260358144,                 0,       91.76449338
          0,           0,         527,      -7.891990133,      -8.394548722,       -8.38818425,      -7.343378593,             0.448,    0.003552747682,      0.3260182746,                 0,                 0,                 0,     0.04867076671,  -0.0006884506528,       0.326036905,                 0,       91.76510796
          0,           0,         528,      -7.890365174,       -8.41204512,      -8.394820895,      -7.341687002,             0.448,    0.003552737134,       0.326019318,                 0,                 0,                 0,     0.04867096656,  -0.0006884747727,      0.3260379482,                 0,        91.7656741
          0,           0,         529,      -7.890659276,      -8.428003385,      -8.402563034,      -7.341824268,             0.448,    0.003552728442,      0.3260203083,                 0,                 0,                 0,     0.04867114973,  -0.0006884963454,      0.3260389382,                 0,       91.76617734
          0,           0,         530,      -7.892859195,        -8.4439313,      -8.411943726,      -7.343819092,             0.448,     0.00355272211,      0.3260212395,                 0,                 0,                 0,     0.04867131366,  -0.0006885147908,      0.3260398694,                 0,       91.76660302
          0,           0,         531,      -7.896936431,      -8.460578968,      -8.422696773,      -7.347662891,             0.448,    0.003552718517,      0.3260221098,                 0,                 0,                 0,     0.04867145727,  -0.0006885297048,      0.3260407395,                 0,        91.7669408
          0,           0,         532,      -7.902836032,      -8.477752183,       -8.43447459,      -7.353299809,             0.448,    0.003552717862,      0.3260229199,                 0,                 0,                 0,     0.04867158066,  -0.0006885408974,      0.3260415495,                 0,       91.76718574
          0,           0,         533,      -7.910497313,      -8.494764888,      -8.447105107,      -7.360661448,             0.448,     0.00355272019,       0.326023671,                 0,                 0,                 0,     0.04867168451,  -0.0006885483405,      0.3260423006,                 0,       91.76733703
          0,           0,         534,      -7.919870058,      -8.511001229,      -8.460518661,      -7.369693909,             0.448,    0.003552725405,      0.3260243636,                 0,                 0,                 0,     0.04867176963,  -0.0006885521348,      0.3260429932,                 0,       91.76739726
          0,           0,         535,      -7.930912684,      -8.526178937,      -8.474699789,       -7.38035714,             0.448,    0.003552733289,      0.3260249976,                 0,                 0,                 0,     0.04867183691,  -0.0006885524983,      0.3260436272,                 0,       91.76737206
          0,           0,         536,      -7.943586063,      -8.540308174,      -8.489704852,      -7.392616192,             0.448,    0.003552743524,      0.3260255727,                 0,                 0,                 0,      0.0486718875,  -0.0006885497463,      0.3260442025,                 0,        91.7672696
          0,           0,         537,      -7.957852066,      -8.553509653,      -8.505650976,      -7.406438092,             0.448,    0.003552755728,      0.3260260898,                 0,                 0,                 0,     0.04867192282,  -0.0006885442688,      0.3260447196,                 0,       91.76709989
          0,           0,         538,      -7.973674329,      -8.565875234,      -8.522660587,      -7.421791691,             0.448,    0.003552769468,      0.3260265502,                 0,                 0,                 0,     0.04867194462,  -0.0006885365191,      0.3260451802,                 0,       91.76687458
          0,           0,         539,      -7.991017756,      -8.577457641,      -8.540815735,      -7.438646306,             0.448,    0.003552784263,      0.3260269562,                 0,                 0,                 0,      0.0486719548,  -0.0006885270069,      0.3260455863,                 0,       91.76660672
          0,           0,         540,      -8.009847157,      -8.588333533,      -8.560151313,      -7.456969907,             0.448,    0.003552799599,      0.3260273107,                 0,                 0,                 0,     0.04867195532,  -0.0006885162829,       0.326045941,                 0,       91.76631036
          0,           0,         541,       -8.03012642,      -8.598648903,      -8.580669068,      -7.476728548,             0.448,    0.003552814952,      0.3260276169,                 0,                 0,                 0,     0.04867194804,  -0.0006885049151,      0.3260462474,                 0,       91.76600001
          0,           0,         542,      -8.051818239,      -8.608620064,      -8.602348133,      -7.497886787,             0.448,    0.003552829802,      0.3260278782,                 0,                 0,                 0,     0.04867193464,  -0.0006884934648,      0.3260465089,                 0,       91.76568998
          0,           0,         543,      -8.074883934,      -8.618514495,      -8.625147053,      -7.520408226,             0.448,    0.003552843666,      0.3260280981,                 0,                 0,                 0,     0.04867191655,  -0.0006884824631,      0.3260467289,                 0,        91.7653938
          0,           0,         544,      -8.099283529,      -8.628632087,      -8.649006352,      -7.544256076,             0.448,     0.00355285611,      0.3260282802,                 0,                 0,                 0,     0.04867189499,  -0.0006884723881,      0.3260469111,                 0,       91.76512363
          0,           0,         545,      -8.124976339,      -8.639285603,      -8.673859207,      -7.569393811,             0.448,    0.003552866774,      0.3260284278,                 0,                 0,                 0,      0.0486718709,  -0.0006884636449,      0.3260470589,                 0,       91.76488973
          0,           0,         546,      -8.151921732,      -8.650774798,      -8.699646951,      -7.595785658,             0.448,    0.003552875385,      0.3260285443,                 0,                 0,                 0,     0.04867184502,  -0.0006884565513,      0.3260471755,                 0,       91.76470014
          0,           0,         547,      -8.180079548,       -8.66336048,       -8.72632982,      -7.623396564,             0.448,    0.003552881757,      0.3260286328,                 0,                 0,                 0,     0.04867181786,  -0.0006884513305,      0.3260472641,                 0,       91.76456046
          0,           0,         548,      -8.209409978,      -8.677250414,       -8.75388797,        -7.6521917,             0.448,    0.003552885803,      0.3260286962,                 0,                 0,                 0,     0.04867178974,  -0.0006884481094,      0.3260473275,                 0,        91.7644738
          0,           0,         549,      -8.239872991,      -8.692600095,       -8.78231579,      -7.682135635,             0.448,    0.003552887522,      0.3260287369,                 0,                 0,                 0,     0.04867176081,  -0.0006884469206,      0.3260473683,                 0,       91.76444087
          0,           0,         550,      -8.271427355,      -8.709520413,      -8.811614826,      -7.713191114,             0.448,    0.003552887001,      0.3260287573,                 0,                 0,                 0,     0.04867173111,  -0.0006884477071,      0.3260473886,                 0,       91.76446008
          0,           0,         551,      -8.304029267,      -8.728083066,      -8.841787532,      -7.745317389,             0.448,    0.003552066218,      0.3260287683,                 0,                 0,                 0,     0.04867170056,  -0.0006884503304,      0.3260473907,                 0,       91.78566734
          0,           0,         552,      -6.654242078,      -6.625369601,      -6.456466424,      -6.047569486,             0.448,    0.003552061519,      0.3260287088,                 0,                 0,                 0,     0.04867165819,  -0.0006884542558,      0.3260473311,                 0,       91.78577202
          0,           0,         553,      -6.951333945,      -6.889833907,      -6.733767299,      -6.340830316,             0.448,    0.003552044052,      0.3260276165,                 0,                 0,                 0,      0.0486713592,   -0.000688457515,      0.3260462387,                 0,       91.78591586
          0,           0,         554,      -7.193721891,      -7.060015764,      -7.158164751,        -6.6001776,             0.448,    0.003551964901,      0.3260233751,                 0,                 0,                 0,     0.04867023247,  -0.0006884814975,      0.3260419966,                 0,        91.7867671
          0,           0,         555,      -7.392597049,      -7.200118499,      -7.393696669,      -6.782207948,             0.448,    0.003551839137,      0.3260169969,                 0,                 0,                 0,     0.04866869572,  -0.0006885242986,      0.3260356173,                 0,       91.78822136
          0,           0,         556,      -7.555175481,      -7.398486921,      -7.460034295,      -6.956340746,             0.448,    0.003551753314,       0.326011237,                 0,                 0,                 0,     0.04866761655,  -0.0006885352023,      0.3260298568,                 0,       91.78881756
          0,           0,         557,      -7.651025154,      -7.504395283,      -7.585432699,       -7.05328295,             0.448,    0.003551687322,      0.3260078538,                 0,                 0,                 0,     0.04866735051,  -0.0006885571888,       0.326026473,                 0,        91.7895705
          0,           0,         558,      -7.785305362,       -7.59676922,      -7.717591255,      -7.184482194,             0.448,    0.003551644723,      0.3260068621,                 0,                 0,                 0,     0.04866773235,  -0.0006885868861,      0.3260254809,                 0,       91.79039221
          0,           0,         559,      -7.815316906,      -7.627764931,      -7.782243418,      -7.212780462,             0.448,    0.003551611122,      0.3260065924,                 0,                 0,                 0,      0.0486681981,  -0.0006886169764,      0.3260252107,                 0,       91.79118467
          0,           0,         560,      -7.868111529,      -7.691558899,      -7.825250303,      -7.264012896,             0.448,    0.003551549933,      0.3260056149,                 0,                 0,                 0,     0.04866839362,  -0.0006886654466,      0.3260242325,                 0,       91.79249088
          0,           0,         561,      -7.984952905,      -7.820166573,       -7.91495799,      -7.387069266,             0.448,    0.003551489905,      0.3260041041,                 0,                 0,                 0,     0.04866841854,  -0.0006887058221,      0.3260227211,                 0,       91.79361701
          0,           0,         562,      -8.059298359,       -7.90842712,       -8.03210514,      -7.470738482,             0.448,    0.003551443285,      0.3260026293,                 0,                 0,                 0,     0.04866842536,  -0.0006887332562,      0.3260212457,                 0,        91.7944067
          0,           0,         563,      -8.080702857,      -7.946634701,      -8.095433741,      -7.491721523,             0.448,    0.003551400381,      0.3260013285,                 0,                 0,                 0,      0.0486684307,  -0.0006887592392,      0.3260199445,                 0,       91.79514938
          0,           0,         564,      -8.129110681,      -8.016766294,      -8.129982443,      -7.542370481,             0.448,    0.003551359815,      0.3260001421,                 0,                 0,                 0,      0.0486684192,  -0.0006887843717,      0.3260187577,                 0,       91.79586386
          0,           0,         565,      -8.187190313,      -8.110641805,      -8.213276846,      -7.610039363,             0.448,    0.003551326457,      0.3259990638,                 0,                 0,                 0,     0.04866839827,  -0.0006888037025,       0.326017679,                 0,       91.79642246
          0,           0,         566,      -8.210506181,      -8.189012943,      -8.336929413,      -7.641742633,             0.448,    0.003551301711,      0.3259981067,                 0,                 0,                 0,     0.04866837068,  -0.0006888159988,      0.3260167217,                 0,       91.79679261
          0,           0,         567,      -8.214087989,      -8.249522269,      -8.412307972,      -7.649081168,             0.448,    0.003551282724,      0.3259972253,                 0,                 0,                 0,     0.04866832114,  -0.0006888235223,      0.3260158402,                 0,       91.79703524
          0,           0,         568,      -8.213192801,      -8.301099761,      -8.429825765,      -7.651094167,             0.448,    0.003551267054,       0.325996356,                 0,                 0,                 0,     0.04866823763,  -0.0006888278851,      0.3260149708,                 0,       91.79719551
          0,           0,         569,      -8.207636976,      -8.348603016,      -8.454936837,      -7.648739937,             0.448,    0.003551255418,      0.3259954933,                 0,                 0,                 0,     0.04866812839,     -0.0006888283,       0.326014108,                 0,       91.79725336
          0,           0,         570,      -8.199057681,      -8.397018184,      -8.497641421,      -7.643284235,             0.448,    0.003551248771,      0.3259946669,                 0,                 0,                 0,     0.04866800868,   -0.000688824199,      0.3260132816,                 0,       91.79719248
          0,           0,         571,      -8.189702209,      -8.447726301,      -8.539223112,      -7.636623321,             0.448,    0.003551246552,      0.3259938854,                 0,                 0,                 0,     0.04866788462,  -0.0006888162524,         0.3260125,                 0,       91.79702974
          0,           0,         572,      -8.179989096,      -8.496005718,      -8.569557527,      -7.628867993,             0.448,     0.00355124783,      0.3259931338,                 0,                 0,                 0,     0.04866775523,  -0.0006888051993,      0.3260117485,                 0,       91.79678506
          0,           0,         573,      -8.170204997,      -8.537405053,      -8.592059681,      -7.620241478,             0.448,    0.003551251946,      0.3259924038,                 0,                 0,                 0,      0.0486676212,    -0.00068879159,      0.3260110187,                 0,       91.79647311
          0,           0,         574,      -8.161197257,      -8.572175271,      -8.610187997,      -7.611878261,             0.448,    0.003551258081,      0.3259917013,                 0,                 0,                 0,     0.04866748676,  -0.0006887763194,      0.3260103164,                 0,       91.79611672
          0,           0,         575,      -8.153741098,      -8.601830746,      -8.624068893,      -7.604825653,             0.448,    0.003551265165,      0.3259910327,                 0,                 0,                 0,     0.04866735594,  -0.0006887605407,      0.3260096479,                 0,       91.79574535
          0,           0,         576,      -8.148196676,       -8.62678203,      -8.633918525,       -7.59951741,             0.448,    0.003551272291,      0.3259903961,                 0,                 0,                 0,     0.04866723057,  -0.0006887451353,      0.3260090114,                 0,       91.79538187
          0,           0,         577,      -8.144635908,      -8.647436754,      -8.641131687,      -7.596027308,             0.448,    0.003551278947,      0.3259897867,                 0,                 0,                 0,     0.04866711143,  -0.0006887305537,      0.3260084021,                 0,       91.79503821
          0,           0,         578,      -8.143027391,      -8.664942574,       -8.64777032,       -7.59435144,             0.448,    0.003551284845,      0.3259892038,                 0,                 0,                 0,     0.04866699982,  -0.0006887170757,      0.3260078194,                 0,       91.79472163
          0,           0,         579,      -8.143340137,      -8.680911621,      -8.655512357,      -7.594506735,             0.448,    0.003551289706,      0.3259886506,                 0,                 0,                 0,     0.04866689753,  -0.0006887050208,      0.3260072663,                 0,       91.79444022
          0,           0,         580,       -8.14556032,      -8.696851589,      -8.664890895,      -7.596521282,             0.448,    0.003551293248,      0.3259881304,                 0,                 0,                 0,       0.048666806,  -0.0006886947129,      0.3260067461,                 0,       91.79420217
          0,           0,         581,      -8.149659051,      -8.713512396,      -8.675639597,      -7.600386123,             0.448,    0.003551295261,      0.3259876442,                 0,                 0,                 0,     0.04866672581,  -0.0006886863776,      0.3260062601,                 0,       91.79401325
          0,           0,         582,      -8.155580972,      -8.730699369,      -8.687410959,      -7.606044992,             0.448,    0.003551295632,      0.3259871917,                 0,                 0,                 0,     0.04866665691,  -0.0006886801209,      0.3260058076,                 0,       91.79387622
          0,           0,         583,      -8.163265041,      -8.747725753,      -8.700033039,      -7.613429135,             0.448,    0.003551294337,      0.3259867721,                 0,                 0,                 0,     0.04866659893,  -0.0006886759588,       0.326005388,                 0,       91.79379155
          0,           0,         584,      -8.172660711,      -8.763974956,      -8.713436544,      -7.622484321,             0.448,    0.003551291429,      0.3259863852,                 0,                 0,                 0,     0.04866655141,  -0.0006886738355,      0.3260050011,                 0,       91.79375779
          0,           0,         585,      -8.183726079,      -8.779164215,       -8.72760653,      -7.633170175,             0.448,     0.00355128703,      0.3259860311,                 0,                 0,                 0,     0.04866651384,   -0.000688673629,       0.326004647,                 0,       91.79377179
          0,           0,         586,      -8.196421729,      -8.793303441,        -8.7425999,      -7.645451455,             0.448,    0.003551281316,      0.3259857099,                 0,                 0,                 0,      0.0486664856,  -0.0006886751632,      0.3260043257,                 0,       91.79382899
          0,           0,         587,      -8.210709288,      -8.806513163,      -8.758534233,      -7.659294933,             0.448,    0.003551274503,       0.325985421,                 0,                 0,                 0,     0.04866646588,  -0.0006886782201,      0.3260040368,                 0,       91.79392379
          0,           0,         588,      -8.226552176,      -8.818885081,      -8.775532296,      -7.674669241,             0.448,    0.003551266831,      0.3259851639,                 0,                 0,                 0,     0.04866645371,  -0.0006886825467,      0.3260037795,                 0,       91.79404967
          0,           0,         589,      -8.243915116,      -8.830471806,      -8.793676392,      -7.691543506,             0.448,    0.003551258569,      0.3259849371,                 0,                 0,                 0,     0.04866644803,  -0.0006886878582,      0.3260035527,                 0,       91.79419936
          0,           0,         590,      -8.262762768,      -8.841350029,      -8.813001613,      -7.709885542,             0.448,    0.003551250004,      0.3259847391,                 0,                 0,                 0,     0.04866644773,  -0.0006886938469,      0.3260033546,                 0,       91.79436499
          0,           0,         591,      -8.283058901,      -8.851665883,      -8.833509865,      -7.729661273,             0.448,     0.00355124143,       0.325984568,                 0,                 0,                 0,     0.04866645179,  -0.0006887001957,      0.3260031834,                 0,       91.79453845
          0,           0,         592,       -8.30476612,      -8.861635917,      -8.855180383,      -7.750835159,             0.448,    0.003551233136,      0.3259844221,                 0,                 0,                 0,     0.04866645928,  -0.0006887065909,      0.3260030374,                 0,       91.79471174
          0,           0,         593,      -8.327845684,      -8.871527924,      -8.877971772,      -7.773370736,             0.448,    0.003551225393,      0.3259842992,                 0,                 0,                 0,     0.04866646937,  -0.0006887127358,      0.3260029144,                 0,       91.79487731
          0,           0,         594,      -8.352257581,      -8.881642156,      -8.901824579,      -7.797231172,             0.448,    0.003551218442,      0.3259841975,                 0,                 0,                 0,     0.04866648141,  -0.0006887183633,      0.3260028126,                 0,       91.79502834
          0,           0,         595,      -8.377961119,      -8.892291711,      -8.926671969,       -7.82237993,             0.448,    0.003551212485,       0.325984115,                 0,                 0,                 0,     0.04866649486,  -0.0006887232472,      0.3260027301,                 0,        91.7951591
          0,           0,         596,      -8.404915681,      -8.903776621,      -8.952455245,      -7.848781247,             0.448,    0.003551207675,      0.3259840499,                 0,                 0,                 0,     0.04866650931,  -0.0006887272097,      0.3260026649,                 0,       91.79526509
          0,           0,         597,       -8.43308115,      -8.916357894,      -8.979134584,      -7.876400109,             0.448,    0.003551204115,      0.3259840005,                 0,                 0,                 0,     0.04866652447,  -0.0006887301262,      0.3260026154,                 0,       91.79534318
          0,           0,         598,      -8.462417778,      -8.930243425,      -9.006690052,      -7.905201746,             0.448,    0.003551201855,      0.3259839651,                 0,                 0,                 0,     0.04866654017,  -0.0006887319257,        0.32600258,                 0,       91.79539164
          0,           0,         599,      -8.492885611,      -8.945588755,      -9.035115918,      -7.935150799,             0.448,    0.003551200895,      0.3259839423,                 0,                 0,                 0,     0.04866655633,  -0.0006887325899,      0.3260025572,                 0,       91.79541005
          0,           0,         600,      -8.524443502,      -8.962504807,      -9.064413575,      -7.966210095,             0.448,    0.003551201185,      0.3259839309,                 0,                 0,                 0,     0.04866657292,  -0.0006887321507,      0.3260025458,                 0,       91.79539932
          0,           0,         601,      -8.557047737,      -8.981063252,      -9.094585314,      -7.998338967,             0.448,    0.003551659761,      0.3259839247,                 0,                 0,                 0,     0.04866658998,  -0.0006887306854,      0.3260025447,                 0,       91.78354534
          0,           0,         602,      -6.906998632,      -6.878126027,      -6.709222853,      -6.300326011,             0.448,    0.003551662386,       0.325983958,                 0,                 0,                 0,     0.04866661364,  -0.0006887284928,      0.3260025779,                 0,       91.78348686
          0,           0,         603,      -7.204090764,      -7.142590536,      -6.986523664,      -6.593587072,             0.448,    0.003551672146,      0.3259845683,                 0,                 0,                 0,     0.04866678071,  -0.0006887266729,      0.3260031884,                 0,        91.7834065
          0,           0,         604,      -7.446479473,      -7.312772412,      -7.410921353,      -6.852935079,             0.448,    0.003551716375,      0.3259869383,                 0,                 0,                 0,     0.04866741031,  -0.0006887132746,      0.3260055587,                 0,       91.78293083
          0,           0,         605,      -7.645355436,       -7.45287502,      -7.646452919,      -7.034965922,             0.448,     0.00355178665,      0.3259905024,                 0,                 0,                 0,     0.04866826901,  -0.0006886893629,      0.3260091234,                 0,       91.78211827
          0,           0,         606,      -7.807935116,      -7.651243559,      -7.712790721,      -7.209099879,             0.448,    0.003551834604,      0.3259937209,                 0,                 0,                 0,     0.04866887203,  -0.0006886832768,      0.3260123423,                 0,       91.78178527
          0,           0,         607,      -7.903785693,      -7.757152515,      -7.838189164,      -7.306042936,             0.448,    0.003551871474,      0.3259956114,                 0,                 0,                 0,     0.04866902067,   -0.000688670999,      0.3260142331,                 0,       91.78136477
          0,           0,         608,      -8.038067921,      -7.849527152,      -7.970347877,      -7.437243943,             0.448,    0.003551895269,      0.3259961655,                 0,                 0,                 0,     0.04866880729,  -0.0006886544133,      0.3260147874,                 0,        91.7809059
          0,           0,         609,      -8.068078692,      -7.880522995,       -8.03500029,      -7.465541606,             0.448,    0.003551914037,      0.3259963162,                 0,                 0,                 0,     0.04866854701,   -0.000688637608,      0.3260149384,                 0,       91.78046339
          0,           0,         610,      -8.120872561,      -7.944316907,      -8.078007456,      -7.516773507,             0.448,     0.00355194822,      0.3259968624,                 0,                 0,                 0,     0.04866843774,  -0.0006886105317,       0.326015485,                 0,       91.77973388
          0,           0,         611,      -8.237714257,      -8.072925109,      -8.167715468,      -7.639830503,             0.448,    0.003551981758,      0.3259977066,                 0,                 0,                 0,      0.0486684238,  -0.0006885879769,      0.3260163295,                 0,       91.77910496
          0,           0,         612,       -8.31206042,      -8.161186793,      -8.284862737,      -7.723500618,             0.448,    0.003552007804,      0.3259985307,                 0,                 0,                 0,     0.04866841997,  -0.0006885726523,      0.3260171539,                 0,       91.77866397
          0,           0,         613,        -8.3334663,      -8.199394654,      -8.348191032,      -7.744484624,             0.448,    0.003552031775,      0.3259992575,                 0,                 0,                 0,     0.04866841696,  -0.0006885581378,       0.326017881,                 0,       91.77824924
          0,           0,         614,      -8.381878947,       -8.26952616,       -8.38273962,      -7.795137474,             0.448,    0.003552054439,      0.3259999204,                 0,                 0,                 0,     0.04866842337,  -0.0006885440979,      0.3260185441,                 0,       91.77785026
          0,           0,         615,       -8.43996962,      -8.363401634,      -8.466034022,      -7.862816023,             0.448,    0.003552073076,       0.326000523,                 0,                 0,                 0,     0.04866843505,  -0.0006885332994,      0.3260191469,                 0,       91.77753835
          0,           0,         616,      -8.463300258,      -8.441773056,      -8.589685877,      -7.894532881,             0.448,    0.003552086902,      0.3260010578,                 0,                 0,                 0,     0.04866845045,  -0.0006885264311,      0.3260196818,                 0,       91.77733169
          0,           0,         617,      -8.466897866,      -8.502283024,      -8.665062681,       -7.90188602,             0.448,     0.00355209751,      0.3260015502,                 0,                 0,                 0,     0.04866847813,  -0.0006885222292,      0.3260201744,                 0,       91.77719624
          0,           0,         618,      -8.466019213,      -8.553861242,      -8.682578274,      -7.903914563,             0.448,    0.003552106265,       0.326002036,                 0,                 0,                 0,     0.04866852478,  -0.0006885197929,      0.3260206602,                 0,       91.77710677
          0,           0,         619,      -8.460478387,      -8.601364782,      -8.707685724,      -7.901575007,             0.448,    0.003552112767,       0.326002518,                 0,                 0,                 0,     0.04866858581,  -0.0006885195619,      0.3260211423,                 0,        91.7770745
          0,           0,         620,      -8.451911085,      -8.649779083,      -8.750384309,      -7.896131665,             0.448,    0.003552116481,      0.3260029798,                 0,                 0,                 0,      0.0486686527,  -0.0006885218538,       0.326021604,                 0,       91.77710852
          0,           0,         621,      -8.442564405,       -8.70048478,      -8.791958062,      -7.889480345,             0.448,    0.003552117722,      0.3260034165,                 0,                 0,                 0,     0.04866872202,   -0.000688526294,      0.3260220407,                 0,       91.77719942
          0,           0,         622,       -8.43285663,      -8.748760738,      -8.822283762,      -7.881731258,             0.448,    0.003552117008,      0.3260038365,                 0,                 0,                 0,     0.04866879433,  -0.0006885324697,      0.3260224607,                 0,       91.77733607
          0,           0,         623,      -8.423074379,      -8.790156329,      -8.844776913,      -7.873107363,             0.448,     0.00355211471,      0.3260042444,                 0,                 0,                 0,     0.04866886923,  -0.0006885400734,      0.3260228685,                 0,       91.77751029
          0,           0,         624,      -8.414065451,      -8.824922717,      -8.862896458,      -7.864743601,             0.448,    0.003552111284,      0.3260046369,                 0,                 0,                 0,     0.04866894436,  -0.0006885486053,      0.3260232609,                 0,       91.77770933
          0,           0,         625,      -8.406605644,      -8.854574011,      -8.876769973,      -7.857687925,             0.448,    0.003552107328,      0.3260050105,                 0,                 0,                 0,     0.04866901746,  -0.0006885574208,      0.3260236345,                 0,       91.77791673
          0,           0,         626,      -8.401055543,      -8.879520523,      -8.886614503,      -7.852374528,             0.448,    0.003552103348,      0.3260053663,                 0,                 0,                 0,     0.04866908753,  -0.0006885660278,      0.3260239902,                 0,       91.77811972
          0,           0,         627,      -8.397487388,      -8.900169868,      -8.893824863,      -7.848877489,             0.448,     0.00355209963,      0.3260057068,                 0,                 0,                 0,     0.04866915412,  -0.0006885741744,      0.3260243306,                 0,       91.77831164
          0,           0,         628,      -8.395870054,      -8.917669738,      -8.900462424,      -7.847193184,             0.448,    0.003552096337,      0.3260060325,                 0,                 0,                 0,      0.0486692165,  -0.0006885817044,      0.3260246563,                 0,       91.77848843
          0,           0,         629,       -8.39617282,      -8.933632214,      -8.908204604,      -7.847338819,             0.448,    0.003552093623,      0.3260063417,                 0,                 0,                 0,     0.04866927367,   -0.000688588439,      0.3260249653,                 0,       91.77864559
          0,           0,         630,      -8.398382121,      -8.949564859,      -8.917584357,      -7.849342754,             0.448,    0.003552091645,      0.3260066324,                 0,                 0,                 0,     0.04866932483,  -0.0006885941974,       0.326025256,                 0,       91.77877852
          0,           0,         631,      -8.402469304,      -8.966217612,      -8.928335395,      -7.853196269,             0.448,    0.003552090523,      0.3260069041,                 0,                 0,                 0,     0.04866936965,  -0.0006885988536,      0.3260255276,                 0,       91.77888401
          0,           0,         632,      -8.408379229,      -8.983396071,      -8.940110237,      -7.858843315,             0.448,    0.003552090317,      0.3260071569,                 0,                 0,                 0,     0.04866940816,  -0.0006886023483,      0.3260257805,                 0,       91.77896051
          0,           0,         633,      -8.416051048,       -9.00041392,      -8.952736844,      -7.866215333,             0.448,    0.003552091043,      0.3260073914,                 0,                 0,                 0,     0.04866944057,  -0.0006886046726,       0.326026015,                 0,       91.77900777
          0,           0,         634,        -8.4254344,      -9.016655044,      -8.966145745,      -7.875258278,             0.448,     0.00355209267,      0.3260076076,                 0,                 0,                 0,     0.04866946713,  -0.0006886058576,      0.3260262312,                 0,       91.77902659
          0,           0,         635,      -8.436487547,      -9.031837087,      -8.980321752,      -7.885931945,             0.448,     0.00355209513,      0.3260078055,                 0,                 0,                 0,     0.04866948813,  -0.0006886059717,      0.3260264291,                 0,       91.77901874
          0,           0,         636,       -8.44917122,      -9.045970117,      -8.995321473,      -7.898201244,             0.448,    0.003552098324,      0.3260079851,                 0,                 0,                 0,     0.04866950392,  -0.0006886051131,      0.3260266087,                 0,       91.77898675
          0,           0,         637,      -8.463447176,      -9.059174777,      -9.011262221,      -7.912033083,             0.448,    0.003552102133,      0.3260081465,                 0,                 0,                 0,     0.04866951494,  -0.0006886034038,      0.3260267701,                 0,       91.77893377
          0,           0,         638,       -8.47927895,      -9.071542851,      -9.028266557,       -7.92739621,             0.448,    0.003552106422,      0.3260082902,                 0,                 0,                 0,     0.04866952174,  -0.0006886009851,      0.3260269138,                 0,       91.77886343
          0,           0,         639,      -8.496631362,      -9.083127015,       -9.04641663,      -7.944259853,             0.448,     0.00355211104,      0.3260084169,                 0,                 0,                 0,     0.04866952492,  -0.0006885980162,      0.3260270406,                 0,       91.77877979
          0,           0,         640,       -8.51546915,      -9.094003903,      -9.065747407,       -7.96259191,             0.448,    0.003552115827,      0.3260085276,                 0,                 0,                 0,     0.04866952509,  -0.0006885946689,      0.3260271513,                 0,       91.77868726
          0,           0,         641,      -8.535756145,      -9.104319532,      -9.086260711,      -7.982358372,             0.448,    0.003552120619,      0.3260086232,                 0,                 0,                 0,     0.04866952282,  -0.0006885911206,       0.326027247,                 0,       91.77859036
          0,           0,         642,      -8.557454999,      -9.114290265,      -9.107935729,      -8.003523747,             0.448,    0.003552125254,      0.3260087047,                 0,                 0,                 0,     0.04866951863,  -0.0006885875465,      0.3260273286,                 0,       91.77849355
          0,           0,         643,      -8.580526998,      -9.124183679,      -9.130731037,      -8.026051607,             0.448,    0.003552129582,      0.3260087734,                 0,                 0,                 0,     0.04866951299,  -0.0006885841124,      0.3260273973,                 0,       91.77840107
          0,           0,         644,       -8.60493215,       -9.13429981,      -9.154587157,      -8.049905138,             0.448,    0.003552133466,      0.3260088302,                 0,                 0,                 0,     0.04866950626,  -0.0006885809675,      0.3260274542,                 0,        91.7783167
          0,           0,         645,      -8.630629766,      -9.144951553,      -9.179437252,      -8.075047809,             0.448,    0.003552136795,      0.3260088763,                 0,                 0,                 0,     0.04866949874,  -0.0006885782382,      0.3260275003,                 0,       91.77824366
          0,           0,         646,      -8.657579222,      -9.156438779,      -9.205222638,      -8.101443852,             0.448,    0.003552139483,      0.3260089127,                 0,                 0,                 0,     0.04866949067,  -0.0006885760239,      0.3260275367,                 0,       91.77818446
          0,           0,         647,      -8.685740378,      -9.169022407,      -9.231903541,       -8.12905823,             0.448,    0.003552141472,      0.3260089403,                 0,                 0,                 0,     0.04866948219,  -0.0006885743941,      0.3260275644,                 0,       91.77814084
          0,           0,         648,      -8.715073455,      -9.182910249,      -9.259460109,      -8.157856145,             0.448,    0.003552142735,      0.3260089601,                 0,                 0,                 0,     0.04866947341,  -0.0006885733886,      0.3260275842,                 0,       91.77811378
          0,           0,         649,      -8.745538459,      -9.198257799,       -9.28788671,      -8.187802197,             0.448,    0.003552143272,      0.3260089728,                 0,                 0,                 0,     0.04866946439,  -0.0006885730175,      0.3260275969,                 0,        91.7781035
          0,           0,         650,      -8.777094203,         -9.215176,      -9.317184845,      -8.218859176,             0.448,    0.003552143109,      0.3260089792,                 0,                 0,                 0,     0.04866945511,   -0.000688573263,      0.3260276033,                 0,       91.77810949
          0,           0,         651,      -8.809696927,      -9.233736537,      -9.347356909,      -8.250986372,             0.448,    0.003551886844,      0.3260089826,                 0,                 0,                 0,     0.04866944558,  -0.0006885740819,      0.3260276039,                 0,       91.78473215
          0,           0,         652,      -7.159754006,      -7.130881449,      -6.961978278,      -6.553081396,             0.448,    0.003551885377,       0.326008964,                 0,                 0,                 0,     0.04866943235,  -0.0006885753072,      0.3260275853,                 0,       91.78476483
          0,           0,         653,      -7.456846033,      -7.395345879,      -7.239279132,      -6.846342368,             0.448,    0.003551879923,       0.326008623,                 0,                 0,                 0,       0.048669339,  -0.0006885763245,      0.3260272442,                 0,       91.78480974
          0,           0,         654,      -7.699234438,      -7.565527763,      -7.663676698,      -7.105690087,             0.448,    0.003551855209,      0.3260072987,                 0,                 0,                 0,     0.04866898719,   -0.000688583812,      0.3260259197,                 0,       91.78507553
          0,           0,         655,      -7.898110044,      -7.705630421,      -7.899208461,      -7.287720699,             0.448,    0.003551815941,      0.3260053071,                 0,                 0,                 0,     0.04866850736,  -0.0006885971749,      0.3260239278,                 0,       91.78552959
          0,           0,         656,      -8.060689221,      -7.903998914,      -7.965546155,      -7.461854176,             0.448,    0.003551789144,      0.3260035087,                 0,                 0,                 0,      0.0486681704,  -0.0006886005777,      0.3260221292,                 0,       91.78571571
          0,           0,         657,      -8.156539483,      -8.009907636,      -8.090944585,      -7.558796931,             0.448,     0.00355176854,      0.3260024523,                 0,                 0,                 0,     0.04866808734,  -0.0006886074405,      0.3260210726,                 0,       91.78595074
          0,           0,         658,      -8.290821035,      -8.102282003,      -8.223103257,       -7.68999735,             0.448,    0.003551755242,      0.3260021427,                 0,                 0,                 0,     0.04866820657,  -0.0006886167107,      0.3260207628,                 0,       91.78620723
          0,           0,         659,      -8.320832216,      -8.133277794,      -8.287755584,      -7.718295339,             0.448,    0.003551744753,      0.3260020584,                 0,                 0,                 0,       0.048668352,  -0.0006886261037,      0.3260206785,                 0,       91.78645459
          0,           0,         660,      -8.373626544,      -8.197071756,       -8.33076263,      -7.769527564,             0.448,    0.003551725649,      0.3260017532,                 0,                 0,                 0,     0.04866841305,  -0.0006886412358,       0.326020373,                 0,       91.78686234
          0,           0,         661,      -8.490468503,      -8.325679806,      -8.420470513,       -7.89258462,             0.448,    0.003551706907,      0.3260012815,                 0,                 0,                 0,     0.04866842084,  -0.0006886538408,      0.3260199011,                 0,       91.78721387
          0,           0,         662,      -8.564814568,      -8.413941061,      -8.537617818,      -7.976254572,             0.448,    0.003551692352,       0.326000821,                 0,                 0,                 0,     0.04866842298,  -0.0006886624054,      0.3260194405,                 0,       91.78746037
          0,           0,         663,      -8.586219595,      -8.452148844,      -8.600946328,      -7.997237966,             0.448,    0.003551678957,      0.3260004149,                 0,                 0,                 0,     0.04866842465,  -0.0006886705171,      0.3260190342,                 0,        91.7876922
          0,           0,         664,      -8.634629667,      -8.522280452,      -8.635494952,       -8.04788875,             0.448,    0.003551666292,      0.3260000445,                 0,                 0,                 0,     0.04866842107,  -0.0006886783635,      0.3260186636,                 0,       91.78791522
          0,           0,         665,      -8.692714441,      -8.616156001,      -8.718789426,      -8.115562189,             0.448,    0.003551655877,      0.3259997078,                 0,                 0,                 0,     0.04866841454,  -0.0006886843985,      0.3260183268,                 0,       91.78808958
          0,           0,         666,      -8.716036882,      -8.694527259,      -8.842441963,       -8.14727153,             0.448,    0.003551648151,      0.3259994089,                 0,                 0,                 0,     0.04866840593,  -0.0006886882372,      0.3260180279,                 0,       91.78820511
          0,           0,         667,       -8.71962565,      -8.755036906,      -8.917820026,      -8.154616485,             0.448,    0.003551642222,      0.3259991338,                 0,                 0,                 0,     0.04866839046,  -0.0006886905859,      0.3260177527,                 0,       91.78828084
          0,           0,         668,      -8.718737799,      -8.806614831,      -8.935336871,      -8.156636383,             0.448,     0.00355163733,      0.3259988623,                 0,                 0,                 0,     0.04866836439,  -0.0006886919477,      0.3260174812,                 0,       91.78833086
          0,           0,         669,      -8.713188637,       -8.85411833,      -8.960446425,       -8.15428869,             0.448,    0.003551633697,       0.325998593,                 0,                 0,                 0,     0.04866833029,  -0.0006886920771,      0.3260172118,                 0,       91.78834891
          0,           0,         670,      -8.704614678,      -8.902533143,      -9.003148638,      -8.148838505,             0.448,    0.003551631621,      0.3259983349,                 0,                 0,                 0,     0.04866829291,  -0.0006886907965,      0.3260169538,                 0,        91.7883299
          0,           0,         671,      -8.695263148,      -8.953240126,      -9.044727201,      -8.142181899,             0.448,    0.003551630928,      0.3259980909,                 0,                 0,                 0,     0.04866825418,  -0.0006886883154,      0.3260167098,                 0,        91.7882791
          0,           0,         672,      -8.685552475,      -9.001517872,       -9.07505808,      -8.134429416,             0.448,    0.003551631327,      0.3259978562,                 0,                 0,                 0,     0.04866821378,  -0.0006886848643,      0.3260164752,                 0,       91.78820271
          0,           0,         673,      -8.675769293,      -9.042915384,      -9.097556505,      -8.125804165,             0.448,    0.003551632612,      0.3259976283,                 0,                 0,                 0,     0.04866817193,  -0.0006886806152,      0.3260162473,                 0,       91.78810533
          0,           0,         674,      -8.666761147,      -9.077683793,       -9.11568118,      -8.117440833,             0.448,    0.003551634528,       0.325997409,                 0,                 0,                 0,     0.04866812995,  -0.0006886758474,       0.326016028,                 0,       91.78799408
          0,           0,         675,      -8.659303516,      -9.107337415,      -9.129559052,      -8.110387017,             0.448,    0.003551636739,      0.3259972002,                 0,                 0,                 0,      0.0486680891,  -0.0006886709209,      0.3260158193,                 0,       91.78787815
          0,           0,         676,      -8.653756742,        -9.1322867,      -9.139406649,      -8.105076662,             0.448,    0.003551638963,      0.3259970014,                 0,                 0,                 0,     0.04866804995,  -0.0006886661111,      0.3260156205,                 0,       91.78776469
          0,           0,         677,       -8.65019288,      -9.152939193,      -9.146618759,      -8.101583671,             0.448,    0.003551641042,      0.3259968112,                 0,                 0,                 0,     0.04866801275,  -0.0006886615584,      0.3260154303,                 0,       91.78765741
          0,           0,         678,      -8.648580646,      -9.170442543,      -9.153257077,      -8.099904256,             0.448,    0.003551642883,      0.3259966292,                 0,                 0,                 0,      0.0486679779,  -0.0006886573504,      0.3260152483,                 0,       91.78755859
          0,           0,         679,      -8.648889172,      -9.186408868,      -9.160999329,      -8.100055472,             0.448,      0.0035516444,      0.3259964564,                 0,                 0,                 0,     0.04866794596,  -0.0006886535867,      0.3260150756,                 0,       91.78747074
          0,           0,         680,      -8.651104748,      -9.202345815,      -9.170378564,      -8.102065531,             0.448,    0.003551645505,       0.325996294,                 0,                 0,                 0,     0.04866791737,  -0.0006886503685,      0.3260149132,                 0,       91.78739643
          0,           0,         681,       -8.65519859,      -9.219003344,      -9.181128483,       -8.10592558,             0.448,    0.003551646133,      0.3259961422,                 0,                 0,                 0,     0.04866789233,  -0.0006886477661,      0.3260147614,                 0,       91.78733746
          0,           0,         682,      -8.661115437,      -9.236186899,      -9.192901583,       -8.11157945,             0.448,    0.003551646249,      0.3259960009,                 0,                 0,                 0,     0.04866787082,  -0.0006886458128,      0.3260146202,                 0,       91.78729469
          0,           0,         683,       -8.66879433,      -9.253209938,      -9.205525883,      -8.118958471,             0.448,    0.003551645844,      0.3259958699,                 0,                 0,                 0,     0.04866785271,  -0.0006886445136,      0.3260144892,                 0,       91.78726826
          0,           0,         684,      -8.678184805,      -9.269456081,       -9.21893201,      -8.128008494,             0.448,    0.003551644936,      0.3259957491,                 0,                 0,                 0,     0.04866783787,  -0.0006886438509,      0.3260143684,                 0,       91.78725773
          0,           0,         685,      -8.689245031,      -9.284642691,      -9.233104907,      -8.138689219,             0.448,    0.003551643562,      0.3259956385,                 0,                 0,                 0,     0.04866782614,  -0.0006886437867,      0.3260142578,                 0,       91.78726211
          0,           0,         686,      -8.701935658,      -9.298779698,      -9.248101336,      -8.150965471,             0.448,    0.003551641778,      0.3259955382,                 0,                 0,                 0,     0.04866781732,  -0.0006886442659,      0.3260141574,                 0,       91.78727997
          0,           0,         687,      -8.716218369,      -9.311987655,      -9.264038766,      -8.164804082,             0.448,     0.00355163965,       0.325995448,                 0,                 0,                 0,     0.04866781116,  -0.0006886452207,      0.3260140672,                 0,       91.78730957
          0,           0,         688,      -8.732056632,      -9.324358293,      -9.281039882,      -8.180173731,             0.448,    0.003551637254,      0.3259953677,                 0,                 0,                 0,     0.04866780736,  -0.0006886465718,      0.3260139869,                 0,       91.78734888
          0,           0,         689,      -8.749415212,      -9.335944228,      -9.299186908,      -8.197043591,             0.448,    0.003551634674,      0.3259952969,                 0,                 0,                 0,     0.04866780558,  -0.0006886482304,      0.3260139161,                 0,       91.78739561
          0,           0,         690,      -8.768258802,      -9.346822117,      -9.318514882,       -8.21538151,             0.448,       0.003551632,      0.3259952351,                 0,                 0,                 0,     0.04866780549,  -0.0006886501005,      0.3260138542,                 0,       91.78744732
          0,           0,         691,      -8.788551194,      -9.357138069,       -9.33902567,      -8.235153437,             0.448,    0.003551629322,      0.3259951817,                 0,                 0,                 0,     0.04866780676,   -0.000688652083,      0.3260138008,                 0,       91.78750148
          0,           0,         692,       -8.81025501,      -9.367108522,      -9.360698479,      -8.256323852,             0.448,    0.003551626732,      0.3259951361,                 0,                 0,                 0,      0.0486678091,    -0.00068865408,      0.3260137552,                 0,       91.78755558
          0,           0,         693,      -8.833331517,      -9.377001224,      -9.383491885,        -8.2788563,             0.448,    0.003551624314,      0.3259950977,                 0,                 0,                 0,     0.04866781225,  -0.0006886559988,      0.3260137168,                 0,       91.78760727
          0,           0,         694,      -8.857740708,       -9.38711632,      -9.407346409,      -8.302713954,             0.448,    0.003551622144,       0.325995066,                 0,                 0,                 0,     0.04866781601,   -0.000688657756,       0.326013685,                 0,       91.78765442
          0,           0,         695,      -8.883441888,      -9.397766844,      -9.432195205,      -8.327860279,             0.448,    0.003551620284,      0.3259950402,                 0,                 0,                 0,     0.04866782021,   -0.000688659281,      0.3260136592,                 0,       91.78769524
          0,           0,         696,      -8.910394437,      -9.409252794,      -9.457979573,      -8.354259504,             0.448,    0.003551618782,      0.3259950199,                 0,                 0,                 0,     0.04866782472,  -0.0006886605183,      0.3260136389,                 0,       91.78772833
          0,           0,         697,       -8.93855822,      -9.421835128,      -9.484659699,      -8.381876604,             0.448,     0.00355161767,      0.3259950044,                 0,                 0,                 0,     0.04866782946,   -0.000688661429,      0.3260136234,                 0,       91.78775271
          0,           0,         698,      -8.967893476,      -9.435721707,      -9.512215692,      -8.410676793,             0.448,    0.003551616965,      0.3259949934,                 0,                 0,                 0,     0.04866783436,  -0.0006886619908,      0.3260136124,                 0,       91.78776784
          0,           0,         699,      -8.998360228,      -9.451068083,      -9.540641865,      -8.440624692,             0.448,    0.003551616665,      0.3259949863,                 0,                 0,                 0,      0.0486678394,  -0.0006886621982,      0.3260136052,                 0,       91.78777358
          0,           0,         700,      -9.029917308,      -9.467985152,      -9.569939671,      -8.471683106,             0.448,    0.003551616756,      0.3259949827,                 0,                 0,                 0,     0.04866784459,  -0.0006886620611,      0.3260136017,                 0,       91.78777023
          0,           0,         701,      -9.062520978,      -9.486544596,      -9.600111445,      -8.503811348,             0.448,    0.003551759942,      0.3259949808,                 0,                 0,                 0,     0.04866784991,  -0.0006886616036,      0.3260136013,                 0,       91.78406934
          0,           0,         702,      -7.412522467,      -7.383649884,      -7.214746712,      -6.805849851,             0.448,    0.003551760762,      0.3259949912,                 0,                 0,                 0,      0.0486678573,  -0.0006886609189,      0.3260136117,                 0,       91.78405108
          0,           0,         703,      -7.709614544,      -7.648114355,      -7.492047539,      -7.099110865,             0.448,    0.003551763809,      0.3259951818,                 0,                 0,                 0,     0.04866790947,  -0.0006886603506,      0.3260138023,                 0,       91.78402599
          0,           0,         704,      -7.952003106,      -7.818296228,      -7.916445169,      -7.358458732,             0.448,    0.003551777619,      0.3259959217,                 0,                 0,                 0,     0.04866810605,  -0.0006886561671,      0.3260145424,                 0,       91.78387747
          0,           0,         705,      -8.150878905,      -7.958398864,      -8.151976832,      -7.540489472,             0.448,    0.003551799561,      0.3259970345,                 0,                 0,                 0,     0.04866837416,  -0.0006886487007,      0.3260156554,                 0,       91.78362376
          0,           0,         706,      -8.313458353,      -8.156767386,        -8.2183146,      -7.714623209,             0.448,    0.003551814534,      0.3259980395,                 0,                 0,                 0,     0.04866856244,     -0.0006886468,      0.3260166605,                 0,       91.78351977
          0,           0,         707,      -8.409308758,      -8.262676219,      -8.343713032,      -7.811566102,             0.448,    0.003551826046,      0.3259986297,                 0,                 0,                 0,     0.04866860886,  -0.0006886429659,      0.3260172508,                 0,       91.78338846
          0,           0,         708,      -8.543590613,      -8.355050709,        -8.4758717,      -7.942766783,             0.448,    0.003551833476,      0.3259988028,                 0,                 0,                 0,     0.04866854223,  -0.0006886377867,      0.3260174239,                 0,       91.78324517
          0,           0,         709,      -8.573601546,      -8.386046525,      -8.540524047,      -7.971064577,             0.448,    0.003551839337,      0.3259988498,                 0,                 0,                 0,     0.04866846097,  -0.0006886325389,      0.3260174711,                 0,       91.78310698
          0,           0,         710,      -8.626395588,      -8.449840466,      -8.583531152,      -8.022296599,             0.448,     0.00355185001,      0.3259990204,                 0,                 0,                 0,     0.04866842685,  -0.0006886240843,      0.3260176417,                 0,       91.78287918
          0,           0,         711,      -8.743237254,      -8.578448571,        -8.6732391,      -8.145353492,             0.448,    0.003551860482,      0.3259992839,                 0,                 0,                 0,      0.0486684225,  -0.0006886170415,      0.3260179054,                 0,       91.78268278
          0,           0,         712,       -8.81758322,      -8.666710014,      -8.790386334,      -8.229023383,             0.448,    0.003551868615,      0.3259995412,                 0,                 0,                 0,      0.0486684213,  -0.0006886122563,      0.3260181628,                 0,       91.78254507
          0,           0,         713,      -8.838988675,      -8.704917835,      -8.853714701,      -8.250007083,             0.448,      0.0035518761,      0.3259997682,                 0,                 0,                 0,     0.04866842037,  -0.0006886077241,      0.3260183898,                 0,       91.78241556
          0,           0,         714,      -8.887400059,      -8.775049368,      -8.888263321,      -8.300658911,             0.448,    0.003551883176,      0.3259999752,                 0,                 0,                 0,     0.04866842237,    -0.00068860334,      0.3260185969,                 0,       91.78229097
          0,           0,         715,       -8.94548789,      -8.868924817,      -8.971557726,      -8.368334962,             0.448,    0.003551888996,      0.3260001633,                 0,                 0,                 0,     0.04866842602,  -0.0006885999682,      0.3260187851,                 0,       91.78219356
          0,           0,         716,       -8.96881475,      -8.947296079,      -9.095209755,      -8.400048324,             0.448,    0.003551893313,      0.3260003303,                 0,                 0,                 0,     0.04866843083,  -0.0006885978235,      0.3260189521,                 0,       91.78212902
          0,           0,         717,       -8.97240837,      -9.007805805,      -9.170586952,      -8.407397755,             0.448,    0.003551896625,       0.326000484,                 0,                 0,                 0,     0.04866843947,  -0.0006885965113,      0.3260191059,                 0,       91.78208672
          0,           0,         718,      -8.971525582,      -9.059383781,      -9.188103013,        -8.4094224,             0.448,    0.003551899359,      0.3260006357,                 0,                 0,                 0,     0.04866845404,  -0.0006885957505,      0.3260192576,                 0,       91.78205878
          0,           0,         719,       -8.96598102,      -9.106887181,      -9.213211292,      -8.407079185,             0.448,    0.003551901389,      0.3260007862,                 0,                 0,                 0,     0.04866847309,  -0.0006885956783,      0.3260194081,                 0,        91.7820487
          0,           0,         720,      -8.957410741,      -9.155301581,      -9.255911328,      -8.401632773,             0.448,    0.003551902548,      0.3260009304,                 0,                 0,                 0,     0.04866849398,  -0.0006885963939,      0.3260195523,                 0,       91.78205932
          0,           0,         721,      -8.948061893,      -9.206007736,      -9.297487037,      -8.394979082,             0.448,    0.003551902936,      0.3260010668,                 0,                 0,                 0,     0.04866851562,  -0.0006885977803,      0.3260196886,                 0,        91.7820877
          0,           0,         722,      -8.938352811,      -9.254284365,      -9.327814908,      -8.387228464,             0.448,    0.003551902713,      0.3260011979,                 0,                 0,                 0,      0.0486685382,  -0.0006885997086,      0.3260198197,                 0,       91.78213038
          0,           0,         723,      -8.928570123,      -9.295680636,      -9.350310308,      -8.378603941,             0.448,    0.003551901995,      0.3260013252,                 0,                 0,                 0,     0.04866856158,  -0.0006886020828,      0.3260199471,                 0,       91.78218478
          0,           0,         724,      -8.919561515,      -9.330447715,      -9.368432054,      -8.370240344,             0.448,    0.003551900925,      0.3260014478,                 0,                 0,                 0,     0.04866858504,  -0.0006886047468,      0.3260200696,                 0,       91.78224694
          0,           0,         725,      -8.912102645,      -9.360099803,      -9.382307444,      -8.363185463,             0.448,     0.00355189969,      0.3260015645,                 0,                 0,                 0,     0.04866860786,  -0.0006886074994,      0.3260201862,                 0,        91.7823117
          0,           0,         726,      -8.906553992,      -9.385047361,      -9.392153298,      -8.357873387,             0.448,    0.003551898447,      0.3260016755,                 0,                 0,                 0,     0.04866862974,  -0.0006886101869,      0.3260202973,                 0,       91.78237509
          0,           0,         727,      -8.902987707,      -9.405698008,      -9.399364408,      -8.354378111,             0.448,    0.003551897286,      0.3260017819,                 0,                 0,                 0,     0.04866865053,  -0.0006886127306,      0.3260204036,                 0,       91.78243502
          0,           0,         728,      -8.901372597,      -9.423199342,      -9.406002284,      -8.352695937,             0.448,    0.003551896257,      0.3260018836,                 0,                 0,                 0,        0.04866867,  -0.0006886150818,      0.3260205053,                 0,       91.78249023
          0,           0,         729,      -8.901677874,      -9.439163449,      -9.413744475,      -8.352844003,             0.448,     0.00355189541,      0.3260019801,                 0,                 0,                 0,     0.04866868785,  -0.0006886171846,      0.3260206018,                 0,       91.78253931
          0,           0,         730,      -8.903889913,       -9.45509789,      -9.423123965,       -8.35485061,             0.448,    0.003551894792,      0.3260020708,                 0,                 0,                 0,     0.04866870383,  -0.0006886189827,      0.3260206925,                 0,       91.78258082
          0,           0,         731,      -8.907980008,       -9.47175266,      -9.433874466,      -8.358706981,             0.448,    0.003551894442,      0.3260021557,                 0,                 0,                 0,     0.04866871782,  -0.0006886204366,      0.3260207773,                 0,       91.78261376
          0,           0,         732,      -8.913892966,      -9.488933294,      -9.445648494,      -8.364357018,             0.448,    0.003551894377,      0.3260022346,                 0,                 0,                 0,     0.04866872984,  -0.0006886215279,      0.3260208563,                 0,       91.78263765
          0,           0,         733,      -8.921567891,       -9.50595336,      -9.458274045,       -8.37173211,             0.448,    0.003551894604,      0.3260023078,                 0,                 0,                 0,     0.04866873996,  -0.0006886222538,      0.3260209295,                 0,       91.78265242
          0,           0,         734,      -8.930954379,       -9.52219665,      -9.471681701,      -8.380778172,             0.448,    0.003551895111,      0.3260023753,                 0,                 0,                 0,     0.04866874825,   -0.000688622624,       0.326020997,                 0,        91.7826583
          0,           0,         735,      -8.942010651,      -9.537380694,      -9.485856343,      -8.391454957,             0.448,    0.003551895879,      0.3260024371,                 0,                 0,                 0,     0.04866875481,  -0.0006886226598,      0.3260210588,                 0,       91.78265585
          0,           0,         736,      -8.954697413,      -9.551515456,      -9.500854631,      -8.403727346,             0.448,    0.003551896876,      0.3260024932,                 0,                 0,                 0,     0.04866875974,  -0.0006886223919,      0.3260211148,                 0,       91.78264587
          0,           0,         737,      -8.968976386,      -9.564721617,      -9.516793941,      -8.417562212,             0.448,    0.003551898066,      0.3260025436,                 0,                 0,                 0,     0.04866876318,  -0.0006886218583,      0.3260211652,                 0,       91.78262933
          0,           0,         738,      -8.984811065,      -9.577090854,      -9.533796917,      -8.432928259,             0.448,    0.003551899404,      0.3260025884,                 0,                 0,                 0,      0.0486687653,  -0.0006886211032,      0.3260212101,                 0,       91.78260736
          0,           0,         739,      -9.002166245,      -9.588675826,      -9.551945727,      -8.449794689,             0.448,    0.003551900846,       0.326002628,                 0,                 0,                 0,     0.04866876629,  -0.0006886201763,      0.3260212497,                 0,       91.78258125
          0,           0,         740,      -9.021006645,      -9.599553239,      -9.571275351,      -8.468129382,             0.448,    0.003551902341,      0.3260026625,                 0,                 0,                 0,     0.04866876634,  -0.0006886191313,      0.3260212843,                 0,       91.78255236
          0,           0,         741,      -9.041296082,      -9.609869067,      -9.591787637,      -8.487898314,             0.448,    0.003551903837,      0.3260026924,                 0,                 0,                 0,     0.04866876564,  -0.0006886180235,      0.3260213141,                 0,        91.7825221
          0,           0,         742,      -9.062997196,      -9.619839814,      -9.613461763,      -8.509065982,             0.448,    0.003551905284,      0.3260027179,                 0,                 0,                 0,     0.04866876433,  -0.0006886169076,      0.3260213396,                 0,       91.78249187
          0,           0,         743,       -9.08607127,      -9.629733054,       -9.63625632,      -8.531595948,             0.448,    0.003551906635,      0.3260027393,                 0,                 0,                 0,     0.04866876257,  -0.0006886158354,      0.3260213611,                 0,       91.78246299
          0,           0,         744,      -9.110478306,      -9.639848878,      -9.660111821,      -8.555451394,             0.448,    0.003551907848,       0.326002757,                 0,                 0,                 0,     0.04866876047,  -0.0006886148535,      0.3260213788,                 0,       91.78243665
          0,           0,         745,      -9.136177607,      -9.650500266,      -9.684961414,      -8.580595783,             0.448,    0.003551908887,      0.3260027714,                 0,                 0,                 0,     0.04866875812,  -0.0006886140014,      0.3260213932,                 0,       91.78241385
          0,           0,         746,      -9.163128549,      -9.661987084,      -9.710746426,      -8.606993346,             0.448,    0.003551909726,      0.3260027828,                 0,                 0,                 0,      0.0486687556,  -0.0006886133101,      0.3260214046,                 0,       91.78239536
          0,           0,         747,      -9.191290994,      -9.674570281,      -9.737427073,      -8.634609048,             0.448,    0.003551910347,      0.3260027914,                 0,                 0,                 0,     0.04866875295,  -0.0006886128013,      0.3260214132,                 0,       91.78238174
          0,           0,         748,      -9.220625161,      -9.688457709,      -9.764983444,      -8.663408088,             0.448,    0.003551910742,      0.3260027976,                 0,                 0,                 0,     0.04866875021,  -0.0006886124874,      0.3260214194,                 0,       91.78237329
          0,           0,         749,      -9.251091075,      -9.703804851,      -9.793409843,      -8.693355088,             0.448,    0.003551910909,      0.3260028016,                 0,                 0,                 0,     0.04866874739,  -0.0006886123715,      0.3260214234,                 0,       91.78237008
          0,           0,         750,      -9.282647556,      -9.720722651,      -9.822707766,      -8.724412844,             0.448,    0.003551910858,      0.3260028035,                 0,                 0,                 0,      0.0486687445,  -0.0006886124482,      0.3260214254,                 0,       91.78237195
          0,           0,         751,      -9.315250862,       -9.73928281,      -9.852879628,      -8.756540662,             0.448,    0.003551830847,      0.3260028046,                 0,                 0,                 0,     0.04866874152,  -0.0006886127039,      0.3260214256,                 0,       91.78443982
          0,           0,         752,      -7.665283239,      -7.636410664,      -7.467507498,      -7.058610625,             0.448,    0.003551830389,      0.3260027988,                 0,                 0,                 0,     0.04866873739,  -0.0006886130865,      0.3260214198,                 0,       91.78445002
          0,           0,         753,      -7.962375279,      -7.900875123,      -7.744808338,       -7.35187161,             0.448,    0.003551828686,      0.3260026923,                 0,                 0,                 0,     0.04866870824,   -0.000688613404,      0.3260213133,                 0,       91.78446404
          0,           0,         754,      -8.204763755,      -8.071056988,      -8.169205925,      -7.611219394,             0.448,     0.00355182097,      0.3260022788,                 0,                 0,                 0,     0.04866859839,  -0.0006886157418,      0.3260208997,                 0,       91.78454703
          0,           0,         755,      -8.403639448,      -8.211159638,       -8.40473767,      -7.793250066,             0.448,    0.003551808709,       0.326001657,                 0,                 0,                 0,     0.04866844858,  -0.0006886199139,      0.3260202778,                 0,        91.7846888
          0,           0,         756,      -8.566218767,      -8.409528139,      -8.471075429,      -7.967383675,             0.448,    0.003551800342,      0.3260010955,                 0,                 0,                 0,     0.04866834337,  -0.0006886209762,      0.3260197162,                 0,       91.78474691
          0,           0,         757,      -8.662069086,      -8.515436902,      -8.596473849,      -8.064326485,             0.448,    0.003551793909,      0.3260007657,                 0,                 0,                 0,     0.04866831743,  -0.0006886231188,      0.3260193863,                 0,       91.78482029
          0,           0,         758,      -8.796350729,      -8.607811306,      -8.728632458,       -8.19552698,             0.448,    0.003551789757,       0.326000669,                 0,                 0,                 0,     0.04866835466,  -0.0006886260131,      0.3260192896,                 0,       91.78490036
          0,           0,         759,      -8.826361735,      -8.638807097,      -8.793284715,      -8.223824828,             0.448,    0.003551786482,      0.3260006427,                 0,                 0,                 0,     0.04866840007,  -0.0006886289456,      0.3260192632,                 0,       91.78497759
          0,           0,         760,      -8.879155857,      -8.702601042,      -8.836291778,      -8.275056902,             0.448,    0.003551780518,      0.3260005474,                 0,                 0,                 0,     0.04866841913,  -0.0006886336701,      0.3260191679,                 0,       91.78510489
          0,           0,         761,      -8.995997424,      -8.831209049,      -8.925999682,      -8.398113667,             0.448,    0.003551774666,      0.3260004001,                 0,                 0,                 0,     0.04866842156,  -0.0006886376056,      0.3260190205,                 0,       91.78521464
          0,           0,         762,      -9.070343064,      -8.919470268,      -9.043146872,      -8.481783239,             0.448,    0.003551770122,      0.3260002563,                 0,                 0,                 0,     0.04866842223,  -0.0006886402797,      0.3260188767,                 0,        91.7852916
          0,           0,         763,      -9.091747997,      -8.957678029,      -9.106475232,      -8.502766537,             0.448,    0.003551765939,      0.3260001295,                 0,                 0,                 0,     0.04866842275,  -0.0006886428123,      0.3260187499,                 0,       91.78536398
          0,           0,         764,      -9.140158178,      -9.027809584,      -9.141023877,      -8.553417396,             0.448,    0.003551761985,      0.3260000139,                 0,                 0,                 0,     0.04866842163,  -0.0006886452621,      0.3260186342,                 0,       91.78543361
          0,           0,         765,      -9.198243492,      -9.121684955,      -9.224318226,      -8.621091217,             0.448,    0.003551758733,      0.3259999087,                 0,                 0,                 0,      0.0486684196,  -0.0006886471463,       0.326018529,                 0,       91.78548804
          0,           0,         766,      -9.221567209,      -9.200056045,      -9.347970171,      -8.652801627,             0.448,    0.003551756321,      0.3259998154,                 0,                 0,                 0,     0.04866841691,  -0.0006886483448,      0.3260184357,                 0,       91.78552411
          0,           0,         767,      -9.225157668,      -9.260565582,      -9.423347394,      -8.660148096,             0.448,     0.00355175447,      0.3259997295,                 0,                 0,                 0,     0.04866841208,  -0.0006886490781,      0.3260183497,                 0,       91.78554775
          0,           0,         768,      -9.224271664,      -9.312143386,      -9.440863723,       -8.66216969,             0.448,    0.003551752942,      0.3259996448,                 0,                 0,                 0,     0.04866840394,  -0.0006886495033,       0.326018265,                 0,       91.78556337
          0,           0,         769,       -9.21872425,      -9.359646664,      -9.465972463,      -8.659823662,             0.448,    0.003551751808,      0.3259995607,                 0,                 0,                 0,     0.04866839329,  -0.0006886495437,      0.3260181809,                 0,         91.785569
          0,           0,         770,      -9.210151735,      -9.408061089,      -9.508673319,      -8.654374915,             0.448,     0.00355175116,      0.3259994801,                 0,                 0,                 0,     0.04866838162,  -0.0006886491438,      0.3260181003,                 0,       91.78556307
          0,           0,         771,      -9.200801269,      -9.458767495,      -9.550250168,      -8.647719431,             0.448,    0.003551750944,      0.3259994039,                 0,                 0,                 0,     0.04866836953,  -0.0006886483691,      0.3260180241,                 0,       91.78554721
          0,           0,         772,      -9.191091228,      -9.507044484,      -9.580579322,      -8.639967668,             0.448,    0.003551751068,      0.3259993306,                 0,                 0,                 0,     0.04866835691,  -0.0006886472916,      0.3260179508,                 0,       91.78552336
          0,           0,         773,      -9.181308237,      -9.548441153,      -9.603076101,      -8.631342685,             0.448,    0.003551751469,      0.3259992595,                 0,                 0,                 0,     0.04866834384,   -0.000688645965,      0.3260178797,                 0,       91.78549296
          0,           0,         774,      -9.172299882,      -9.583208663,      -9.621199212,      -8.622979215,             0.448,    0.003551752067,       0.325999191,                 0,                 0,                 0,     0.04866833074,  -0.0006886444764,      0.3260178112,                 0,       91.78545822
          0,           0,         775,       -9.16484171,      -9.612861336,      -9.635075795,      -8.615924926,             0.448,    0.003551752758,      0.3259991258,                 0,                 0,                 0,     0.04866831798,  -0.0006886429382,       0.326017746,                 0,       91.78542203
          0,           0,         776,      -9.159294114,      -9.637809591,      -9.644922479,      -8.610613809,             0.448,    0.003551753452,      0.3259990637,                 0,                 0,                 0,     0.04866830576,  -0.0006886414365,       0.326017684,                 0,       91.78538661
          0,           0,         777,      -9.155729187,      -9.658461025,      -9.652134076,      -8.607119808,             0.448,    0.003551754101,      0.3259990043,                 0,                 0,                 0,     0.04866829414,  -0.0006886400151,      0.3260176246,                 0,       91.78535311
          0,           0,         778,      -9.154115682,      -9.675963303,      -9.658772135,       -8.60543917,             0.448,    0.003551754676,      0.3259989475,                 0,                 0,                 0,     0.04866828326,  -0.0006886387013,      0.3260175678,                 0,       91.78532226
          0,           0,         779,       -9.15442277,      -9.691928469,      -9.666514308,      -8.605588989,             0.448,    0.003551755149,      0.3259988936,                 0,                 0,                 0,     0.04866827329,  -0.0006886375262,      0.3260175139,                 0,       91.78529484
          0,           0,         780,      -9.156636779,      -9.707864105,        -9.6758936,      -8.607597518,             0.448,    0.003551755494,      0.3259988428,                 0,                 0,                 0,     0.04866826436,  -0.0006886365214,      0.3260174631,                 0,       91.78527164
          0,           0,         781,      -9.160728955,      -9.724520185,      -9.686643718,      -8.611455931,             0.448,     0.00355175569,      0.3259987954,                 0,                 0,                 0,     0.04866825654,  -0.0006886357089,      0.3260174158,                 0,       91.78525323
          0,           0,         782,       -9.16664407,      -9.741702241,      -9.698417157,      -8.617108092,             0.448,    0.003551755726,      0.3259987513,                 0,                 0,                 0,     0.04866824983,  -0.0006886350991,      0.3260173716,                 0,       91.78523988
          0,           0,         783,      -9.174321192,      -9.758723787,      -9.711041941,      -8.624485359,             0.448,      0.0035517556,      0.3259987104,                 0,                 0,                 0,     0.04866824417,  -0.0006886346935,      0.3260173307,                 0,       91.78523163
          0,           0,         784,      -9.183709885,       -9.77496849,      -9.724448691,      -8.633533612,             0.448,    0.003551755316,      0.3259986727,                 0,                 0,                 0,     0.04866823954,  -0.0006886344866,       0.326017293,                 0,       91.78522834
          0,           0,         785,      -9.194768343,      -9.790153809,      -9.738622291,      -8.644212576,             0.448,    0.003551754887,      0.3259986382,                 0,                 0,                 0,     0.04866823588,  -0.0006886344666,      0.3260172585,                 0,       91.78522971
          0,           0,         786,      -9.207457237,      -9.804289685,       -9.75361949,      -8.656487097,             0.448,     0.00355175433,      0.3259986069,                 0,                 0,                 0,     0.04866823312,  -0.0006886346162,      0.3260172272,                 0,       91.78523528
          0,           0,         787,      -9.221738269,      -9.817496765,      -9.769557731,      -8.670324027,             0.448,    0.003551753666,      0.3259985787,                 0,                 0,                 0,      0.0486682312,  -0.0006886349144,       0.326017199,                 0,       91.78524453
          0,           0,         788,      -9.237574921,      -9.829866723,       -9.78655964,      -8.685692058,             0.448,    0.003551752918,      0.3259985536,                 0,                 0,                 0,     0.04866823001,  -0.0006886353362,      0.3260171739,                 0,        91.7852568
          0,           0,         789,      -9.254931974,      -9.841452195,      -9.804707428,      -8.702560382,             0.448,    0.003551752112,      0.3259985315,                 0,                 0,                 0,     0.04866822946,  -0.0006886358541,      0.3260171518,                 0,       91.78527139
          0,           0,         790,      -9.273774135,       -9.85232989,      -9.824036109,      -8.720896857,             0.448,    0.003551751277,      0.3259985122,                 0,                 0,                 0,     0.04866822943,   -0.000688636438,      0.3260171325,                 0,       91.78528753
          0,           0,         791,      -9.294065202,      -9.862645755,      -9.844547547,      -8.740667442,             0.448,    0.003551750441,      0.3259984955,                 0,                 0,                 0,     0.04866822983,   -0.000688637057,      0.3260171158,                 0,       91.78530444
          0,           0,         792,      -9.315767805,      -9.872616417,      -9.866220928,      -8.761836626,             0.448,    0.003551749632,      0.3259984813,                 0,                 0,                 0,     0.04866823056,  -0.0006886376805,      0.3260171016,                 0,       91.78532133
          0,           0,         793,      -9.338843221,      -9.882509369,      -9.889014823,       -8.78436796,             0.448,    0.003551748877,      0.3259984693,                 0,                 0,                 0,     0.04866823154,  -0.0006886382796,      0.3260170896,                 0,       91.78533747
          0,           0,         794,      -9.363251443,      -9.892624889,      -9.912869774,      -8.808224623,             0.448,      0.0035517482,      0.3259984594,                 0,                 0,                 0,     0.04866823271,  -0.0006886388283,      0.3260170797,                 0,       91.78535219
          0,           0,         795,      -9.388951781,      -9.903275875,      -9.937718914,      -8.833370081,             0.448,    0.003551747619,      0.3259984514,                 0,                 0,                 0,     0.04866823403,  -0.0006886393044,      0.3260170716,                 0,       91.78536493
          0,           0,         796,      -9.415903615,        -9.9147623,      -9.963503544,      -8.859768568,             0.448,     0.00355174715,       0.325998445,                 0,                 0,                 0,     0.04866823543,  -0.0006886396907,      0.3260170653,                 0,       91.78537526
          0,           0,         797,      -9.444066813,      -9.927345103,      -9.990183879,      -8.887385053,             0.448,    0.003551746803,      0.3259984402,                 0,                 0,                 0,     0.04866823691,   -0.000688639975,      0.3260170604,                 0,       91.78538288
          0,           0,         798,      -9.473401608,      -9.941232181,      -10.01774003,      -8.916184754,             0.448,    0.003551746583,      0.3259984368,                 0,                 0,                 0,     0.04866823845,  -0.0006886401504,       0.326017057,                 0,        91.7853876
          0,           0,         799,      -9.503868025,         -9.956579,      -10.04616632,      -8.946132287,             0.448,    0.003551746489,      0.3259984345,                 0,                 0,                 0,     0.04866824002,  -0.0006886402152,      0.3260170548,                 0,       91.78538939
          0,           0,         800,      -9.535424892,      -9.973496497,      -10.07546423,      -8.977190459,             0.448,    0.003551746518,      0.3259984334,                 0,                 0,                 0,     0.04866824164,  -0.0006886401724,      0.3260170537,                 0,       91.78538835
          0,           0,         801,      -9.568028472,      -9.992056334,      -10.10563611,      -9.009318579,             0.448,    0.003551791226,      0.3259984328,                 0,                 0,                 0,      0.0486682433,  -0.0006886400295,      0.3260170535,                 0,       91.78423282
          0,           0,         802,      -7.918038116,      -7.889165532,      -7.720262362,        -7.3113655,             0.448,    0.003551791482,      0.3259984361,                 0,                 0,                 0,     0.04866824561,  -0.0006886398157,      0.3260170568,                 0,       91.78422712
          0,           0,         803,      -8.215130177,      -8.153630006,      -7.997563195,      -7.604626503,             0.448,    0.003551792434,      0.3259984956,                 0,                 0,                 0,      0.0486682619,  -0.0006886396383,      0.3260171163,                 0,       91.78421928
          0,           0,         804,      -8.457518714,      -8.323811871,      -8.421960799,      -7.863974346,             0.448,    0.003551796745,      0.3259987266,                 0,                 0,                 0,     0.04866832328,   -0.000688638332,      0.3260173474,                 0,       91.78417291
          0,           0,         805,      -8.656394481,      -8.463914505,      -8.657492516,      -8.046005065,             0.448,    0.003551803597,      0.3259990741,                 0,                 0,                 0,     0.04866840699,  -0.0006886360007,      0.3260176949,                 0,       91.78409369
          0,           0,         806,      -8.818973913,      -8.662283017,      -8.723830291,      -8.220138776,             0.448,    0.003551808272,      0.3259993879,                 0,                 0,                 0,     0.04866846578,  -0.0006886354072,      0.3260180087,                 0,       91.78406122
          0,           0,         807,      -8.914824312,      -8.768191837,      -8.849228711,      -8.317081665,             0.448,    0.003551811866,      0.3259995722,                 0,                 0,                 0,     0.04866848027,    -0.00068863421,       0.326018193,                 0,       91.78402022
          0,           0,         808,      -9.049106112,        -8.8605663,      -8.981387337,      -8.448282294,             0.448,    0.003551814186,      0.3259996262,                 0,                 0,                 0,     0.04866845947,  -0.0006886325928,      0.3260182471,                 0,       91.78397548
          0,           0,         809,      -9.079117047,      -8.891562111,      -9.046039625,      -8.476580087,             0.448,    0.003551816016,      0.3259996409,                 0,                 0,                 0,      0.0486684341,  -0.0006886309542,      0.3260182618,                 0,       91.78393233
          0,           0,         810,      -9.131911083,      -8.955356041,      -9.089046703,      -8.527812103,             0.448,    0.003551819349,      0.3259996941,                 0,                 0,                 0,     0.04866842345,  -0.0006886283143,      0.3260183151,                 0,        91.7838612
          0,           0,         811,      -9.248752658,      -9.083964089,      -9.178754638,      -8.650868906,             0.448,    0.003551822619,      0.3259997764,                 0,                 0,                 0,     0.04866842209,  -0.0006886261152,      0.3260183974,                 0,       91.78379987
          0,           0,         812,      -9.323098348,       -9.17222543,      -9.295901822,      -8.734538551,             0.448,    0.003551825158,      0.3259998568,                 0,                 0,                 0,     0.04866842171,  -0.0006886246211,      0.3260184778,                 0,       91.78375687
          0,           0,         813,      -9.344503418,      -9.210433228,      -9.359230164,      -8.755521938,             0.448,    0.003551827495,      0.3259999276,                 0,                 0,                 0,     0.04866842142,  -0.0006886232059,      0.3260185487,                 0,       91.78371643
          0,           0,         814,      -9.392914064,      -9.280564774,      -9.393778799,      -8.806173168,             0.448,    0.003551829705,      0.3259999923,                 0,                 0,                 0,     0.04866842205,   -0.000688621837,      0.3260186133,                 0,       91.78367753
          0,           0,         815,      -9.451000434,      -9.374440153,      -9.477073157,      -8.873847907,             0.448,    0.003551831522,       0.326000051,                 0,                 0,                 0,     0.04866842319,  -0.0006886207842,      0.3260186721,                 0,       91.78364711
          0,           0,         816,      -9.474325601,      -9.452811282,      -9.600725015,      -8.905559655,             0.448,     0.00355183287,      0.3260001031,                 0,                 0,                 0,     0.04866842469,  -0.0006886201145,      0.3260187243,                 0,       91.78362696
          0,           0,         817,      -9.477917598,      -9.513320881,      -9.676102048,      -8.912907547,             0.448,    0.003551833904,      0.3260001511,                 0,                 0,                 0,     0.04866842739,  -0.0006886197048,      0.3260187723,                 0,       91.78361375
          0,           0,         818,      -9.477033209,      -9.564898728,      -9.693618166,      -8.914930666,             0.448,    0.003551834758,      0.3260001985,                 0,                 0,                 0,     0.04866843193,  -0.0006886194672,      0.3260188196,                 0,       91.78360502
          0,           0,         819,      -9.471487264,      -9.612402066,      -9.718726565,      -8.912586073,             0.448,    0.003551835391,      0.3260002455,                 0,                 0,                 0,     0.04866843789,  -0.0006886194447,      0.3260188666,                 0,       91.78360188
          0,           0,         820,      -9.462915922,      -9.660816403,      -9.761426832,      -8.907138533,             0.448,    0.003551835754,      0.3260002905,                 0,                 0,                 0,     0.04866844441,  -0.0006886196681,      0.3260189117,                 0,       91.78360519
          0,           0,         821,      -9.453566316,      -9.711522599,      -9.803002884,      -8.900483981,             0.448,    0.003551835875,      0.3260003331,                 0,                 0,                 0,     0.04866845116,   -0.000688620101,      0.3260189542,                 0,       91.78361406
          0,           0,         822,      -9.443856803,      -9.759799243,      -9.833331185,      -8.892732833,             0.448,    0.003551835805,       0.326000374,                 0,                 0,                 0,     0.04866845821,   -0.000688620703,      0.3260189952,                 0,       91.78362738
          0,           0,         823,      -9.434073991,      -9.801195614,      -9.855827061,      -8.884108106,             0.448,    0.003551835581,      0.3260004138,                 0,                 0,                 0,     0.04866846551,  -0.0006886214444,      0.3260190349,                 0,       91.78364437
          0,           0,         824,      -9.425065523,      -9.835962708,       -9.87394931,      -8.875744585,             0.448,    0.003551835247,      0.3260004521,                 0,                 0,                 0,     0.04866847284,  -0.0006886222762,      0.3260190732,                 0,       91.78366377
          0,           0,         825,      -9.417606988,      -9.865614984,      -9.887825165,      -8.868689988,             0.448,    0.003551834861,      0.3260004885,                 0,                 0,                 0,     0.04866847997,  -0.0006886231356,      0.3260191096,                 0,         91.783684
          0,           0,         826,      -9.412058836,       -9.89056275,      -9.897671341,      -8.863378366,             0.448,    0.003551834473,      0.3260005232,                 0,                 0,                 0,      0.0486684868,  -0.0006886239748,      0.3260191443,                 0,       91.78370379
          0,           0,         827,      -9.408493184,      -9.911213716,      -9.904882639,      -8.859883681,             0.448,     0.00355183411,      0.3260005564,                 0,                 0,                 0,     0.04866849329,   -0.000688624769,      0.3260191775,                 0,        91.7837225
          0,           0,         828,      -9.406878815,      -9.928715374,      -9.911520602,      -8.858202215,             0.448,    0.003551833789,      0.3260005881,                 0,                 0,                 0,     0.04866849937,  -0.0006886255032,      0.3260192092,                 0,       91.78373974
          0,           0,         829,      -9.407184922,      -9.944679848,      -9.919262768,      -8.858351085,             0.448,    0.003551833525,      0.3260006183,                 0,                 0,                 0,     0.04866850494,  -0.0006886261598,      0.3260192393,                 0,       91.78375507
          0,           0,         830,      -9.409397853,      -9.960614865,      -9.928642164,      -8.860358561,             0.448,    0.003551833332,      0.3260006466,                 0,                 0,                 0,     0.04866850993,  -0.0006886267212,      0.3260192677,                 0,       91.78376803
          0,           0,         831,      -9.413488892,      -9.977270179,       -9.93939248,      -8.864215858,             0.448,    0.003551833222,      0.3260006731,                 0,                 0,                 0,      0.0486685143,  -0.0006886271752,      0.3260192942,                 0,       91.78377832
          0,           0,         832,      -9.419402823,      -9.994451344,      -9.951166254,      -8.869866854,             0.448,    0.003551833202,      0.3260006977,                 0,                 0,                 0,     0.04866851805,  -0.0006886275159,      0.3260193188,                 0,       91.78378578
          0,           0,         833,      -9.427078737,      -10.01147202,      -9.963791454,      -8.877242923,             0.448,    0.003551833273,      0.3260007206,                 0,                 0,                 0,     0.04866852121,  -0.0006886277426,      0.3260193417,                 0,       91.78379039
          0,           0,         834,      -9.436466216,      -10.02771593,      -9.977198677,       -8.88628997,             0.448,    0.003551833431,      0.3260007417,                 0,                 0,                 0,      0.0486685238,  -0.0006886278582,      0.3260193627,                 0,       91.78379222
          0,           0,         835,      -9.447523467,       -10.0429005,      -9.991372861,      -8.896967732,             0.448,    0.003551833671,       0.326000761,                 0,                 0,                 0,     0.04866852585,  -0.0006886278693,       0.326019382,                 0,       91.78379146
          0,           0,         836,      -9.460211179,      -10.05703573,      -10.00637066,      -8.909241071,             0.448,    0.003551833982,      0.3260007785,                 0,                 0,                 0,     0.04866852739,  -0.0006886277857,      0.3260193995,                 0,       91.78378834
          0,           0,         837,      -9.474491061,      -10.07024235,      -10.02230949,      -8.923076847,             0.448,    0.003551834354,      0.3260007942,                 0,                 0,                 0,     0.04866852846,  -0.0006886276191,      0.3260194153,                 0,       91.78378318
          0,           0,         838,      -9.490326615,      -10.08261186,      -10.03931199,      -8.938443774,             0.448,    0.003551834772,      0.3260008082,                 0,                 0,                 0,     0.04866852912,  -0.0006886273833,      0.3260194293,                 0,       91.78377632
          0,           0,         839,      -9.507682625,      -10.09419704,      -10.05746033,      -8.955311043,             0.448,    0.003551835222,      0.3260008206,                 0,                 0,                 0,     0.04866852943,   -0.000688627094,      0.3260194417,                 0,       91.78376817
          0,           0,         840,      -9.526523805,      -10.10507458,      -10.07678955,      -8.973646529,             0.448,    0.003551835689,      0.3260008314,                 0,                 0,                 0,     0.04866852945,  -0.0006886267677,      0.3260194525,                 0,       91.78375914
          0,           0,         841,      -9.546813964,      -10.11539043,      -10.09730146,      -8.993416194,             0.448,    0.003551836156,      0.3260008407,                 0,                 0,                 0,     0.04866852923,  -0.0006886264218,      0.3260194618,                 0,        91.7837497
          0,           0,         842,      -9.568515735,      -10.12536115,      -10.11897525,      -9.014584528,             0.448,    0.003551836608,      0.3260008486,                 0,                 0,                 0,     0.04866852882,  -0.0006886260734,      0.3260194697,                 0,       91.78374026
          0,           0,         843,      -9.591590394,      -10.13525427,      -10.14176952,      -9.037115093,             0.448,    0.003551837029,      0.3260008553,                 0,                 0,                 0,     0.04866852827,  -0.0006886257386,      0.3260194764,                 0,       91.78373124
          0,           0,         844,      -9.615997939,      -10.14536997,      -10.16562476,      -9.060971063,             0.448,    0.003551837408,      0.3260008609,                 0,                 0,                 0,     0.04866852761,   -0.000688625432,       0.326019482,                 0,       91.78372302
          0,           0,         845,       -9.64169768,      -10.15602119,      -10.19047414,      -9.086115908,             0.448,    0.003551837733,      0.3260008654,                 0,                 0,                 0,     0.04866852688,   -0.000688625166,      0.3260194865,                 0,        91.7837159
          0,           0,         846,      -9.668648992,      -10.16750781,      -10.21625897,      -9.112513852,             0.448,    0.003551837995,      0.3260008689,                 0,                 0,                 0,     0.04866852609,  -0.0006886249501,        0.32601949,                 0,       91.78371012
          0,           0,         847,      -9.696811744,      -10.18009087,      -10.24293944,      -9.140129879,             0.448,    0.003551838189,      0.3260008716,                 0,                 0,                 0,     0.04866852527,  -0.0006886247912,      0.3260194927,                 0,       91.78370587
          0,           0,         848,      -9.726146166,       -10.1939782,      -10.27049568,       -9.16892919,             0.448,    0.003551838312,      0.3260008735,                 0,                 0,                 0,     0.04866852441,  -0.0006886246932,      0.3260194946,                 0,       91.78370323
          0,           0,         849,      -9.756612278,      -10.20932527,      -10.29892202,      -9.198876404,             0.448,    0.003551838364,      0.3260008748,                 0,                 0,                 0,     0.04866852353,   -0.000688624657,      0.3260194959,                 0,       91.78370223
          0,           0,         850,      -9.788168901,      -10.22624301,      -10.32821996,      -9.229934316,             0.448,    0.003551838348,      0.3260008754,                 0,                 0,                 0,     0.04866852263,   -0.000688624681,      0.3260194965,                 0,       91.78370281
          0,           0,         851,      -9.820772304,      -10.24480309,      -10.35839186,      -9.262062246,             0.448,    0.003551813365,      0.3260008757,                 0,                 0,                 0,      0.0486685217,  -0.0006886247608,      0.3260194966,                 0,        91.7843485
          0,           0,         852,      -8.170792174,      -8.141919595,      -7.973016426,      -7.564119559,             0.448,    0.003551813222,      0.3260008739,                 0,                 0,                 0,     0.04866852041,  -0.0006886248803,      0.3260194948,                 0,       91.78435168
          0,           0,         853,      -8.467884222,      -8.406384058,      -8.250317261,       -7.85738055,             0.448,    0.003551812691,      0.3260008407,                 0,                 0,                 0,     0.04866851131,  -0.0006886249794,      0.3260194615,                 0,       91.78435606
          0,           0,         854,      -8.710272736,      -8.576565922,      -8.674714863,       -8.11672837,             0.448,    0.003551810281,      0.3260007115,                 0,                 0,                 0,     0.04866847701,  -0.0006886257093,      0.3260193324,                 0,       91.78438197
          0,           0,         855,      -8.909148467,      -8.716668562,      -8.910246593,      -8.298759059,             0.448,    0.003551806453,      0.3260005174,                 0,                 0,                 0,     0.04866843023,  -0.0006886270121,      0.3260191382,                 0,       91.78442624
          0,           0,         856,      -9.071727843,      -8.915037072,      -8.976584359,      -8.472892732,             0.448,    0.003551803841,      0.3260003421,                 0,                 0,                 0,     0.04866839738,  -0.0006886273437,      0.3260189628,                 0,       91.78444438
          0,           0,         857,      -9.167578209,      -9.020945871,      -9.101982787,      -8.569835579,             0.448,    0.003551801832,      0.3260002391,                 0,                 0,                 0,     0.04866838928,  -0.0006886280127,      0.3260188598,                 0,       91.78446729
          0,           0,         858,      -9.301859947,      -9.113320315,      -9.234141401,       -8.70103616,             0.448,    0.003551800535,      0.3260002089,                 0,                 0,                 0,      0.0486684009,  -0.0006886289164,      0.3260188296,                 0,        91.7844923
          0,           0,         859,      -9.331870917,      -9.144316108,      -9.298793669,       -8.72933398,             0.448,    0.003551799513,      0.3260002007,                 0,                 0,                 0,     0.04866841508,  -0.0006886298321,      0.3260188214,                 0,       91.78451641
          0,           0,         860,      -9.384665025,      -9.208110054,      -9.341800745,      -8.780566056,             0.448,    0.003551797651,      0.3260001709,                 0,                 0,                 0,     0.04866842104,  -0.0006886313072,      0.3260187916,                 0,       91.78455616
          0,           0,         861,      -9.501506621,       -9.33671809,      -9.431508651,      -8.903622851,             0.448,    0.003551795823,      0.3260001249,                 0,                 0,                 0,     0.04866842179,   -0.000688632536,      0.3260187456,                 0,       91.78459043
          0,           0,         862,      -9.575852307,      -9.424979378,      -9.548655854,      -8.987292488,             0.448,    0.003551794404,        0.32600008,                 0,                 0,                 0,       0.048668422,   -0.000688633371,      0.3260187007,                 0,       91.78461445
          0,           0,         863,      -9.597257269,      -9.463187128,      -9.611984224,      -9.008275798,             0.448,    0.003551793099,      0.3260000404,                 0,                 0,                 0,     0.04866842217,  -0.0006886341617,      0.3260186611,                 0,       91.78463705
          0,           0,         864,      -9.645667684,      -9.533318696,      -9.646532852,      -9.058926843,             0.448,    0.003551791864,      0.3260000043,                 0,                 0,                 0,     0.04866842182,  -0.0006886349267,       0.326018625,                 0,       91.78465879
          0,           0,         865,      -9.703753529,      -9.627194053,      -9.729827179,      -9.126601124,             0.448,    0.003551790849,      0.3259999715,                 0,                 0,                 0,     0.04866842118,   -0.000688635515,      0.3260185921,                 0,       91.78467579
          0,           0,         866,      -9.727077938,      -9.705565214,      -9.853479146,       -9.15831217,             0.448,    0.003551790095,      0.3259999424,                 0,                 0,                 0,     0.04866842034,  -0.0006886358892,       0.326018563,                 0,       91.78468705
          0,           0,         867,      -9.730669083,      -9.766074757,      -9.928856339,       -9.16565928,             0.448,    0.003551789517,      0.3259999155,                 0,                 0,                 0,     0.04866841883,  -0.0006886361182,      0.3260185362,                 0,       91.78469443
          0,           0,         868,      -9.729783811,      -9.817652609,      -9.946372592,      -9.167681575,             0.448,     0.00355178904,      0.3259998891,                 0,                 0,                 0,     0.04866841629,  -0.0006886362509,      0.3260185097,                 0,       91.78469931
          0,           0,         869,      -9.724237051,      -9.865155869,      -9.971481189,      -9.165336186,             0.448,    0.003551788686,      0.3259998628,                 0,                 0,                 0,     0.04866841297,  -0.0006886362635,      0.3260184834,                 0,       91.78470107
          0,           0,         870,      -9.715665078,      -9.913570335,      -10.01418178,      -9.159887997,             0.448,    0.003551788484,      0.3259998377,                 0,                 0,                 0,     0.04866840932,  -0.0006886361387,      0.3260184583,                 0,       91.78469921
          0,           0,         871,      -9.706314989,      -9.964276614,      -10.05575831,      -9.153232932,             0.448,    0.003551788416,      0.3259998139,                 0,                 0,                 0,     0.04866840555,  -0.0006886358968,      0.3260184345,                 0,       91.78469426
          0,           0,         872,      -9.696605187,       -10.0125535,      -10.08608716,      -9.145481448,             0.448,    0.003551788455,       0.325999791,                 0,                 0,                 0,     0.04866840161,  -0.0006886355604,      0.3260184116,                 0,       91.78468682
          0,           0,         873,      -9.686822287,      -10.05395008,      -10.10858353,      -9.136856584,             0.448,     0.00355178858,      0.3259997688,                 0,                 0,                 0,     0.04866839753,  -0.0006886351461,      0.3260183894,                 0,       91.78467732
          0,           0,         874,      -9.677813887,      -10.08871742,      -10.12670628,      -9.128493096,             0.448,    0.003551788767,      0.3259997474,                 0,                 0,                 0,     0.04866839343,  -0.0006886346813,       0.326018368,                 0,       91.78466648
          0,           0,         875,      -9.670355563,      -10.11836985,      -10.14058258,       -9.12143868,             0.448,    0.003551788983,       0.325999727,                 0,                 0,                 0,     0.04866838945,   -0.000688634201,      0.3260183477,                 0,       91.78465518
          0,           0,         876,      -9.664807722,      -10.14331787,      -10.15042907,      -9.116127341,             0.448,      0.0035517892,      0.3259997077,                 0,                 0,                 0,     0.04866838564,  -0.0006886337321,      0.3260183283,                 0,       91.78464412
          0,           0,         877,      -9.661242475,      -10.16396916,      -10.15764052,      -9.112633043,             0.448,    0.003551789402,      0.3259996891,                 0,                 0,                 0,     0.04866838201,  -0.0006886332883,      0.3260183097,                 0,       91.78463366
          0,           0,         878,      -9.659628594,      -10.18147124,      -10.16427854,      -9.110952041,             0.448,    0.003551789582,      0.3259996714,                 0,                 0,                 0,     0.04866837861,  -0.0006886328781,       0.326018292,                 0,       91.78462403
          0,           0,         879,      -9.659935253,      -10.19743606,      -10.17202069,      -9.111101448,             0.448,    0.003551789729,      0.3259996545,                 0,                 0,                 0,      0.0486683755,  -0.0006886325112,      0.3260182752,                 0,       91.78461546
          0,           0,         880,      -9.662148791,      -10.21337135,      -10.18140004,      -9.113109517,             0.448,    0.003551789837,      0.3259996387,                 0,                 0,                 0,     0.04866837271,  -0.0006886321975,      0.3260182593,                 0,       91.78460822
          0,           0,         881,       -9.66624047,      -10.23002718,      -10.19215029,      -9.116967442,             0.448,    0.003551789898,      0.3259996239,                 0,                 0,                 0,     0.04866837027,  -0.0006886319438,      0.3260182445,                 0,       91.78460247
          0,           0,         882,      -9.672155066,       -10.2472089,      -10.20392388,      -9.122619092,             0.448,     0.00355178991,      0.3259996101,                 0,                 0,                 0,     0.04866836817,  -0.0006886317534,      0.3260182308,                 0,        91.7845983
          0,           0,         883,      -9.679831663,      -10.26422997,      -10.21654884,      -9.129995838,             0.448,     0.00355178987,      0.3259995973,                 0,                 0,                 0,     0.04866836641,  -0.0006886316267,       0.326018218,                 0,       91.78459573
          0,           0,         884,      -9.689219822,      -10.28047441,      -10.22995581,      -9.139043559,             0.448,    0.003551789782,      0.3259995856,                 0,                 0,                 0,     0.04866836496,  -0.0006886315621,      0.3260182062,                 0,        91.7845947
          0,           0,         885,      -9.700277754,      -10.29565947,      -10.24412966,         -9.149722,             0.448,    0.003551789648,      0.3259995748,                 0,                 0,                 0,     0.04866836381,  -0.0006886315559,      0.3260181954,                 0,       91.78459513
          0,           0,         886,      -9.712966131,      -10.30979509,      -10.25912714,      -9.161996004,             0.448,    0.003551789474,       0.325999565,                 0,                 0,                 0,     0.04866836296,  -0.0006886316026,      0.3260181857,                 0,       91.78459687
          0,           0,         887,       -9.72724666,      -10.32300185,      -10.27506563,      -9.175832428,             0.448,    0.003551789266,      0.3259995562,                 0,                 0,                 0,     0.04866836235,  -0.0006886316957,      0.3260181769,                 0,       91.78459976
          0,           0,         888,      -9.743082836,      -10.33537161,      -10.29206782,      -9.191199979,             0.448,    0.003551789033,      0.3259995484,                 0,                 0,                 0,     0.04866836198,  -0.0006886318274,       0.326018169,                 0,       91.78460359
          0,           0,         889,      -9.760439435,      -10.34695707,      -10.31021588,      -9.208067848,             0.448,    0.003551788781,      0.3259995415,                 0,                 0,                 0,     0.04866836181,  -0.0006886319891,      0.3260181621,                 0,       91.78460814
          0,           0,         890,      -9.779281167,      -10.35783472,      -10.32954479,      -9.226403886,             0.448,     0.00355178852,      0.3259995354,                 0,                 0,                 0,      0.0486683618,  -0.0006886321715,      0.3260181561,                 0,       91.78461318
          0,           0,         891,      -9.799571843,      -10.36815059,      -10.35005645,      -9.246174077,             0.448,    0.003551788259,      0.3259995302,                 0,                 0,                 0,     0.04866836193,  -0.0006886323647,      0.3260181509,                 0,       91.78461846
          0,           0,         892,       -9.82127409,      -10.37812118,      -10.37173002,      -9.267342895,             0.448,    0.003551788007,      0.3259995258,                 0,                 0,                 0,     0.04866836215,  -0.0006886325594,      0.3260181464,                 0,       91.78462374
          0,           0,         893,      -9.844349184,       -10.3880143,      -10.39452407,      -9.289873902,             0.448,    0.003551787771,      0.3259995221,                 0,                 0,                 0,     0.04866836246,  -0.0006886327465,      0.3260181427,                 0,       91.78462878
          0,           0,         894,      -9.868757112,      -10.39812991,      -10.41837918,      -9.313730265,             0.448,    0.003551787559,       0.325999519,                 0,                 0,                 0,     0.04866836283,  -0.0006886329178,      0.3260181396,                 0,       91.78463337
          0,           0,         895,      -9.894457201,      -10.40878099,      -10.44322843,      -9.338875468,             0.448,    0.003551787378,      0.3259995165,                 0,                 0,                 0,     0.04866836324,  -0.0006886330665,      0.3260181371,                 0,       91.78463735
          0,           0,         896,      -9.921408811,      -10.42026737,      -10.46901317,      -9.365273723,             0.448,    0.003551787232,      0.3259995145,                 0,                 0,                 0,     0.04866836368,  -0.0006886331871,      0.3260181351,                 0,       91.78464058
          0,           0,         897,      -9.949571825,      -10.43285035,      -10.49569356,      -9.392890019,             0.448,    0.003551787123,       0.325999513,                 0,                 0,                 0,     0.04866836414,  -0.0006886332759,      0.3260181336,                 0,       91.78464295
          0,           0,         898,      -9.978906469,      -10.44673748,      -10.52324976,      -9.421689556,             0.448,    0.003551787055,      0.3259995119,                 0,                 0,                 0,     0.04866836462,  -0.0006886333306,      0.3260181325,                 0,       91.78464443
          0,           0,         899,      -10.00937277,      -10.46208446,      -10.55167609,      -9.451636964,             0.448,    0.003551787025,      0.3259995112,                 0,                 0,                 0,     0.04866836511,  -0.0006886333508,      0.3260181318,                 0,       91.78464499
          0,           0,         900,      -10.04092954,      -10.47900206,      -10.58097401,       -9.48269504,             0.448,    0.003551787034,      0.3259995108,                 0,                 0,                 0,     0.04866836561,  -0.0006886333375,      0.3260181315,                 0,       91.78464466
          0,           0,         901,      -10.07353306,      -10.49756207,      -10.61114588,      -9.514823091,             0.448,    0.003551787078,      0.3259995108,                 0,                 0,                 0,     0.04866836613,  -0.0006886332929,      0.3260181314,                 0,       91.78464351
          0,           0,         902,      -10.10713536,      -10.51779743,      -10.64218932,      -9.547974914,             0.448,    0.003551787154,      0.3259995111,                 0,                 0,                 0,     0.04866836667,  -0.0006886332205,      0.3260181317,                 0,       91.78464163
          0,           0,         903,      -10.14168268,      -10.53970183,      -10.67409173,       -9.58209697,             0.448,    0.003551787256,      0.3259995116,                 0,                 0,                 0,     0.04866836723,  -0.0006886331249,      0.3260181322,                 0,       91.78463913
          0,           0,         904,      -10.17711408,      -10.56323227,      -10.70682615,      -9.617127112,             0.448,     0.00355178738,      0.3259995123,                 0,                 0,                 0,      0.0486683678,   -0.000688633011,      0.3260181329,                 0,       91.78463614
          0,           0,         905,      -10.21336096,      -10.58831682,      -10.74034853,      -9.652994727,             0.448,    0.003551787519,      0.3259995133,                 0,                 0,                 0,      0.0486683684,  -0.0006886328839,      0.3260181339,                 0,       91.78463281
          0,           0,         906,      -10.25034717,      -10.61486487,       -10.7745955,      -9.689621858,             0.448,    0.003551787669,      0.3259995144,                 0,                 0,                 0,     0.04866836903,   -0.000688632749,       0.326018135,                 0,       91.78462926
          0,           0,         907,      -10.28798959,      -10.64277747,      -10.80948264,      -9.726925212,             0.448,    0.003551787824,      0.3259995157,                 0,                 0,                 0,     0.04866836968,  -0.0006886326111,      0.3260181364,                 0,       91.78462562
          0,           0,         908,      -10.32619884,      -10.67195258,      -10.84490125,      -9.764818225,             0.448,     0.00355178798,      0.3259995173,                 0,                 0,                 0,     0.04866837036,   -0.000688632475,      0.3260181379,                 0,       91.78462202
          0,           0,         909,      -10.36487893,      -10.70229066,      -10.88071527,      -9.803212209,             0.448,    0.003551788132,      0.3259995189,                 0,                 0,                 0,     0.04866837106,  -0.0006886323448,      0.3260181396,                 0,       91.78461856
          0,           0,         910,       -10.4039253,      -10.73369134,      -10.91675718,      -9.842015263,             0.448,    0.003551788277,      0.3259995207,                 0,                 0,                 0,     0.04866837178,  -0.0006886322238,      0.3260181414,                 0,       91.78461534
          0,           0,         911,      -10.44321991,      -10.76605406,      -10.95282545,      -9.881128102,             0.448,    0.003551788411,      0.3259995227,                 0,                 0,                 0,      0.0486683725,  -0.0006886321151,      0.3260181433,                 0,       91.78461242
          0,           0,         912,      -10.48262197,       -10.7992745,      -10.98868446,      -9.920434755,             0.448,    0.003551788532,      0.3259995247,                 0,                 0,                 0,     0.04866837323,  -0.0006886320206,      0.3260181454,                 0,       91.78460987
          0,           0,         913,      -10.52195337,      -10.83324283,      -11.02406441,      -9.959787374,             0.448,    0.003551788639,      0.3259995269,                 0,                 0,                 0,     0.04866837395,  -0.0006886319415,      0.3260181475,                 0,       91.78460771
          0,           0,         914,       -10.5609785,      -10.86784256,      -11.05866808,      -9.998984594,             0.448,    0.003551788731,      0.3259995291,                 0,                 0,                 0,     0.04866837465,   -0.000688631878,      0.3260181497,                 0,       91.78460595
          0,           0,         915,      -10.59937938,      -10.90294501,      -11.09218072,       -10.0377436,             0.448,    0.003551788809,      0.3259995313,                 0,                 0,                 0,     0.04866837532,  -0.0006886318296,       0.326018152,                 0,       91.78460457
          0,           0,         916,      -10.63673144,      -10.93840871,      -11.12428417,      -10.07567137,             0.448,    0.003551788873,      0.3259995336,                 0,                 0,                 0,     0.04866837596,  -0.0006886317949,      0.3260181542,                 0,       91.78460355
          0,           0,         917,      -10.67248784,      -10.97407352,      -11.15466957,      -10.11224213,             0.448,    0.003551788925,      0.3259995358,                 0,                 0,                 0,     0.04866837655,   -0.000688631772,      0.3260181565,                 0,       91.78460284
          0,           0,         918,      -10.70598601,      -11.00975703,      -11.18304959,      -10.14679523,             0.448,    0.003551788967,       0.325999538,                 0,                 0,                 0,     0.04866837709,  -0.0006886317586,      0.3260181587,                 0,       91.78460237
          0,           0,         919,      -10.73649098,      -11.04524951,      -11.20917268,      -10.17856968,             0.448,    0.003551789001,      0.3259995402,                 0,                 0,                 0,     0.04866837757,  -0.0006886317524,      0.3260181608,                 0,        91.7846021
          0,           0,         920,      -10.76328351,      -11.08031105,      -11.23283854,      -10.20678747,             0.448,    0.003551789029,      0.3259995422,                 0,                 0,                 0,       0.048668378,  -0.0006886317511,      0.3260181629,                 0,       91.78460195
          0,           0,         921,      -10.78578544,      -11.11466593,      -11.25392167,      -10.23078207,             0.448,    0.003551789053,      0.3259995442,                 0,                 0,                 0,     0.04866837837,  -0.0006886317528,      0.3260181649,                 0,       91.78460189
          0,           0,         922,      -10.80368784,      -11.14800812,      -11.27239701,      -10.25014137,             0.448,    0.003551789074,      0.3259995461,                 0,                 0,                 0,     0.04866837868,  -0.0006886317558,      0.3260181667,                 0,       91.78460186
          0,           0,         923,      -10.81703641,      -11.18000784,      -11.28835889,      -10.26481578,             0.448,    0.003551789094,      0.3259995478,                 0,                 0,                 0,     0.04866837894,  -0.0006886317589,      0.3260181685,                 0,       91.78460185
          0,           0,         924,      -10.82623573,      -11.21032648,      -11.30201997,      -10.27514398,             0.448,    0.003551789113,      0.3259995494,                 0,                 0,                 0,     0.04866837914,  -0.0006886317612,      0.3260181701,                 0,       91.78460182
          0,           0,         925,      -10.83197076,      -11.23863648,      -11.31368597,      -10.28178427,             0.448,    0.003551789131,      0.3259995509,                 0,                 0,                 0,      0.0486683793,  -0.0006886317622,      0.3260181716,                 0,       91.78460176
          0,           0,         926,      -10.83507857,      -11.26464825,      -11.32371347,      -10.28558249,             0.448,     0.00355178915,      0.3259995523,                 0,                 0,                 0,     0.04866837941,  -0.0006886317617,       0.326018173,                 0,       91.78460167
          0,           0,         927,      -10.83641875,      -11.28813674,      -11.33246892,      -10.28742861,             0.448,    0.003551789168,      0.3259995536,                 0,                 0,                 0,     0.04866837949,  -0.0006886317597,      0.3260181742,                 0,       91.78460155
          0,           0,         928,      -10.83677689,      -11.30896609,      -11.34030141,      -10.28814552,             0.448,    0.003551789186,      0.3259995547,                 0,                 0,                 0,     0.04866837953,  -0.0006886317563,      0.3260181753,                 0,        91.7846014
          0,           0,         929,      -10.83681173,      -11.32712221,      -11.34753007,      -10.28842566,             0.448,    0.003551789203,      0.3259995557,                 0,                 0,                 0,     0.04866837955,   -0.000688631752,      0.3260181764,                 0,       91.78460124
          0,           0,         930,      -10.83704047,      -11.34271847,        -11.354441,      -10.28881124,             0.448,     0.00355178922,      0.3259995566,                 0,                 0,                 0,     0.04866837954,  -0.0006886317472,      0.3260181772,                 0,       91.78460106
          0,           0,         931,       -10.8378482,      -11.35598565,      -11.36128606,      -10.28970304,             0.448,    0.003551789235,      0.3259995574,                 0,                 0,                 0,     0.04866837951,  -0.0006886317422,       0.326018178,                 0,       91.78460089
          0,           0,         932,      -10.83950969,      -11.36725198,      -11.36828803,       -10.2913838,             0.448,    0.003551789248,      0.3259995581,                 0,                 0,                 0,     0.04866837947,  -0.0006886317376,      0.3260181787,                 0,       91.78460074
          0,           0,         933,      -10.84221442,      -11.37690498,      -11.37564064,      -10.29404617,             0.448,     0.00355178926,      0.3259995586,                 0,                 0,                 0,     0.04866837942,  -0.0006886317339,      0.3260181793,                 0,       91.78460061
          0,           0,         934,         -10.84609,      -11.38535189,      -11.38351192,      -10.29781819,             0.448,    0.003551789269,      0.3259995591,                 0,                 0,                 0,     0.04866837935,  -0.0006886317313,      0.3260181798,                 0,       91.78460052
          0,           0,         935,      -10.85122161,       -11.3929946,      -11.39204678,      -10.30278531,             0.448,    0.003551789275,      0.3259995595,                 0,                 0,                 0,     0.04866837928,  -0.0006886317303,      0.3260181802,                 0,       91.78460047
          0,           0,         936,      -10.85766654,      -11.40020462,       -11.4013663,      -10.30900567,             0.448,    0.003551789278,      0.3259995599,                 0,                 0,                 0,     0.04866837921,  -0.0006886317311,      0.3260181805,                 0,       91.78460047
          0,           0,         937,      -10.86546514,      -11.40731294,       -11.4115691,      -10.31652219,             0.448,    0.003551789279,      0.3259995601,                 0,                 0,                 0,     0.04866837913,  -0.0006886317337,      0.3260181808,                 0,       91.78460053
          0,           0,         938,      -10.87464768,      -11.41460754,      -11.42273223,      -10.32536941,             0.448,    0.003551789277,      0.3259995603,                 0,                 0,                 0,     0.04866837905,  -0.0006886317384,      0.3260181809,                 0,       91.78460064
          0,           0,         939,      -10.88523926,      -11.42233102,      -11.43491463,      -10.33557838,             0.448,    0.003551789272,      0.3259995604,                 0,                 0,                 0,     0.04866837896,   -0.000688631745,      0.3260181811,                 0,        91.7846008
          0,           0,         940,      -10.89726262,       -11.4306807,      -11.44815814,      -10.34717917,             0.448,    0.003551789264,      0.3259995605,                 0,                 0,                 0,     0.04866837887,  -0.0006886317536,      0.3260181811,                 0,       91.78460102
          0,           0,         941,       -10.9107394,      -11.43981349,      -11.46249128,      -10.36020119,             0.448,    0.003551789254,      0.3259995605,                 0,                 0,                 0,     0.04866837877,  -0.0006886317638,      0.3260181811,                 0,       91.78460128
          0,           0,         942,      -10.92569017,      -11.44984862,      -11.47793097,      -10.37467309,             0.448,    0.003551789241,      0.3259995604,                 0,                 0,                 0,     0.04866837868,  -0.0006886317756,      0.3260181811,                 0,       91.78460159
          0,           0,         943,       -10.9421336,      -11.46087241,      -11.49448222,      -10.39062059,             0.448,    0.003551789227,      0.3259995604,                 0,                 0,                 0,     0.04866837857,  -0.0006886317888,       0.326018181,                 0,       91.78460193
          0,           0,         944,      -10.96008558,      -11.47293484,      -11.51213837,      -10.40806563,             0.448,    0.003551789211,      0.3259995602,                 0,                 0,                 0,     0.04866837846,   -0.000688631803,      0.3260181809,                 0,       91.78460231
          0,           0,         945,      -10.97955808,      -11.48605983,      -11.53087994,      -10.42702468,             0.448,    0.003551789194,        0.32599956,                 0,                 0,                 0,     0.04866837835,   -0.000688631818,      0.3260181807,                 0,       91.78460271
          0,           0,         946,      -11.00055777,      -11.50024715,      -11.55067159,      -10.44750756,             0.448,    0.003551789175,      0.3259995598,                 0,                 0,                 0,     0.04866837822,  -0.0006886318336,      0.3260181804,                 0,       91.78460312
          0,           0,         947,      -11.02308464,      -11.51547116,      -11.57145436,      -10.46951589,             0.448,    0.003551789155,      0.3259995595,                 0,                 0,                 0,     0.04866837809,  -0.0006886318495,      0.3260181802,                 0,       91.78460355
          0,           0,         948,      -11.04713039,      -11.53169598,      -11.59314399,      -10.49304215,             0.448,    0.003551789135,      0.3259995592,                 0,                 0,                 0,     0.04866837795,  -0.0006886318654,      0.3260181798,                 0,       91.78460398
          0,           0,         949,      -11.07267481,      -11.54887935,      -11.61562593,      -10.51806636,             0.448,    0.003551789115,      0.3259995588,                 0,                 0,                 0,      0.0486683778,   -0.000688631881,      0.3260181795,                 0,        91.7846044
          0,           0,         950,      -11.09968059,       -11.5669775,      -11.63876643,      -10.54455135,             0.448,    0.003551789095,      0.3259995584,                 0,                 0,                 0,     0.04866837765,  -0.0006886318959,      0.3260181791,                 0,       91.78460481
          0,           0,         951,      -11.12808567,      -11.58595681,      -11.66242265,       -10.5724361,             0.448,    0.003551789075,       0.325999558,                 0,                 0,                 0,     0.04866837749,  -0.0006886319099,      0.3260181786,                 0,        91.7846052
          0,           0,         952,      -11.15779348,      -11.60578785,      -11.68645711,      -10.60162673,             0.448,    0.003551789056,      0.3259995575,                 0,                 0,                 0,     0.04866837732,  -0.0006886319228,      0.3260181781,                 0,       91.78460556
          0,           0,         953,      -11.18866235,      -11.62644491,      -11.71073087,      -10.63198871,             0.448,    0.003551789037,       0.325999557,                 0,                 0,                 0,     0.04866837715,  -0.0006886319345,      0.3260181776,                 0,       91.78460589
          0,           0,         954,      -11.22049255,      -11.64790676,      -11.73508654,      -10.66333518,             0.448,     0.00355178902,      0.3259995564,                 0,                 0,                 0,     0.04866837697,   -0.000688631945,      0.3260181771,                 0,       91.78460618
          0,           0,         955,      -11.25301062,      -11.67014262,      -11.75933568,      -10.69541354,             0.448,    0.003551789003,      0.3259995559,                 0,                 0,                 0,      0.0486683768,  -0.0006886319543,      0.3260181765,                 0,       91.78460646
          0,           0,         956,      -11.28585012,      -11.69311557,      -11.78323918,      -10.72788781,             0.448,    0.003551788988,      0.3259995553,                 0,                 0,                 0,     0.04866837663,  -0.0006886319625,       0.326018176,                 0,        91.7846067
          0,           0,         957,      -11.31853131,      -11.71677183,       -11.8065081,      -10.76031897,             0.448,    0.003551788972,      0.3259995547,                 0,                 0,                 0,     0.04866837645,  -0.0006886319699,      0.3260181754,                 0,       91.78460692
          0,           0,         958,      -11.35044641,      -11.74105368,      -11.82882282,      -10.79214909,             0.448,    0.003551788958,      0.3259995541,                 0,                 0,                 0,     0.04866837629,  -0.0006886319766,      0.3260181748,                 0,       91.78460713
          0,           0,         959,      -11.38086065,       -11.7658987,      -11.84984825,      -10.82269829,             0.448,    0.003551788944,      0.3259995535,                 0,                 0,                 0,     0.04866837612,  -0.0006886319828,      0.3260181742,                 0,       91.78460732
          0,           0,         960,      -11.40894152,      -11.79122448,      -11.86928254,      -10.85118346,             0.448,     0.00355178893,      0.3259995529,                 0,                 0,                 0,     0.04866837596,  -0.0006886319887,      0.3260181736,                 0,       91.78460751
          0,           0,         961,      -11.43383149,      -11.81693144,      -11.88687855,      -10.87677722,             0.448,    0.003551788917,      0.3259995523,                 0,                 0,                 0,     0.04866837581,  -0.0006886319942,       0.326018173,                 0,       91.78460768
          0,           0,         962,      -11.45476329,      -11.84287996,      -11.90246889,      -10.89870534,             0.448,    0.003551788904,      0.3259995517,                 0,                 0,                 0,     0.04866837567,  -0.0006886319997,      0.3260181724,                 0,       91.78460786
          0,           0,         963,      -11.47119668,      -11.86887417,      -11.91599038,      -10.91637275,             0.448,    0.003551788891,      0.3259995511,                 0,                 0,                 0,     0.04866837553,  -0.0006886320052,      0.3260181718,                 0,       91.78460803
          0,           0,         964,      -11.48292992,      -11.89466878,      -11.92747426,      -10.92947802,             0.448,    0.003551788878,      0.3259995506,                 0,                 0,                 0,      0.0486683754,  -0.0006886320106,      0.3260181712,                 0,        91.7846082
          0,           0,         965,      -11.49014526,      -11.91996864,      -11.93705233,      -10.93807901,             0.448,    0.003551788865,        0.32599955,                 0,                 0,                 0,     0.04866837527,  -0.0006886320161,      0.3260181706,                 0,       91.78460837
          0,           0,         966,      -11.49337013,      -11.94442022,       -11.9449289,      -10.94258411,             0.448,    0.003551788852,      0.3259995495,                 0,                 0,                 0,     0.04866837516,  -0.0006886320216,      0.3260181701,                 0,       91.78460855
          0,           0,         967,      -11.49335798,      -11.96769053,      -11.95135033,      -10.94365926,             0.448,     0.00355178884,      0.3259995489,                 0,                 0,                 0,     0.04866837505,  -0.0006886320271,      0.3260181696,                 0,       91.78460872
          0,           0,         968,      -11.49096081,      -11.98942691,      -11.95659606,      -10.94211103,             0.448,    0.003551788828,      0.3259995484,                 0,                 0,                 0,     0.04866837495,  -0.0006886320326,      0.3260181691,                 0,       91.78460889
          0,           0,         969,      -11.48700668,      -12.00933484,      -11.96093847,       -10.9387609,             0.448,    0.003551788816,      0.3259995479,                 0,                 0,                 0,     0.04866837486,  -0.0006886320379,      0.3260181686,                 0,       91.78460905
          0,           0,         970,      -11.48222912,      -12.02716826,      -11.96465763,      -10.93436332,             0.448,    0.003551788805,      0.3259995475,                 0,                 0,                 0,     0.04866837477,  -0.0006886320432,      0.3260181681,                 0,       91.78460921
          0,           0,         971,      -11.47722905,      -12.04281158,      -11.96799493,      -10.92955381,             0.448,    0.003551788794,       0.325999547,                 0,                 0,                 0,     0.04866837469,  -0.0006886320482,      0.3260181677,                 0,       91.78460937
          0,           0,         972,      -11.47247695,      -12.05620138,       -11.9711786,      -10.92484092,             0.448,    0.003551788784,      0.3259995466,                 0,                 0,                 0,     0.04866837462,  -0.0006886320529,      0.3260181672,                 0,       91.78460951
          0,           0,         973,       -11.4683213,      -12.06743757,      -11.97440638,      -10.92060819,             0.448,    0.003551788774,      0.3259995462,                 0,                 0,                 0,     0.04866837455,  -0.0006886320573,      0.3260181668,                 0,       91.78460965
          0,           0,         974,      -11.46501343,      -12.07668325,       -11.9778502,      -10.91713743,             0.448,    0.003551788765,      0.3259995458,                 0,                 0,                 0,     0.04866837448,  -0.0006886320613,      0.3260181665,                 0,       91.78460977
          0,           0,         975,      -11.46272601,      -12.08420071,      -11.98166211,      -10.91462567,             0.448,    0.003551788757,      0.3259995455,                 0,                 0,                 0,     0.04866837443,  -0.0006886320649,      0.3260181661,                 0,       91.78460988
          0,           0,         976,       -11.4615738,      -12.09029613,      -11.98596031,      -10.91320616,             0.448,     0.00355178875,      0.3259995451,                 0,                 0,                 0,     0.04866837437,   -0.000688632068,      0.3260181658,                 0,       91.78460998
          0,           0,         977,      -11.46162768,      -12.09529104,      -11.99085717,      -10.91296389,             0.448,    0.003551788743,      0.3259995448,                 0,                 0,                 0,     0.04866837433,  -0.0006886320707,      0.3260181654,                 0,       91.78461007
          0,           0,         978,      -11.46292735,      -12.09954621,       -11.9964438,      -10.91394911,             0.448,    0.003551788736,      0.3259995445,                 0,                 0,                 0,     0.04866837428,   -0.000688632073,      0.3260181651,                 0,       91.78461015
          0,           0,         979,        -11.465491,      -12.10334302,      -12.00279244,      -10.91618715,             0.448,    0.003551788731,      0.3259995442,                 0,                 0,                 0,     0.04866837424,  -0.0006886320748,      0.3260181649,                 0,       91.78461021
          0,           0,         980,      -11.46932088,      -12.10697556,      -12.00996333,      -10.91968535,             0.448,    0.003551788726,       0.325999544,                 0,                 0,                 0,     0.04866837421,  -0.0006886320762,      0.3260181646,                 0,       91.78461026
          0,           0,         981,      -11.47440955,      -12.11067569,       -12.0180085,      -10.92443996,             0.448,    0.003551788722,      0.3259995437,                 0,                 0,                 0,     0.04866837417,  -0.0006886320772,      0.3260181644,                 0,        91.7846103
          0,           0,         982,      -11.48074348,      -12.11463231,      -12.02695925,      -10.93043981,             0.448,    0.003551788718,      0.3259995435,                 0,                 0,                 0,     0.04866837415,  -0.0006886320778,      0.3260181641,                 0,       91.78461032
          0,           0,         983,      -11.48830324,      -12.11899943,      -12.03684637,      -10.93766665,             0.448,    0.003551788715,      0.3259995433,                 0,                 0,                 0,     0.04866837412,  -0.0006886320781,      0.3260181639,                 0,       91.78461034
          0,           0,         984,       -11.4970696,      -12.12390606,       -12.0476873,      -10.94610261,             0.448,    0.003551788713,      0.3259995431,                 0,                 0,                 0,      0.0486683741,  -0.0006886320781,      0.3260181637,                 0,       91.78461036
          0,           0,         985,      -11.50702055,      -12.12943609,      -12.05949177,      -10.95572557,             0.448,    0.003551788711,      0.3259995429,                 0,                 0,                 0,     0.04866837408,  -0.0006886320779,      0.3260181635,                 0,       91.78461036
          0,           0,         986,      -11.51813603,      -12.13565557,      -12.07226631,      -10.96651569,             0.448,    0.003551788709,      0.3259995427,                 0,                 0,                 0,     0.04866837407,  -0.0006886320775,      0.3260181634,                 0,       91.78461036
          0,           0,         987,      -11.53039604,      -12.14262079,      -12.08601386,      -10.97845285,             0.448,    0.003551788708,      0.3259995426,                 0,                 0,                 0,     0.04866837406,   -0.000688632077,      0.3260181632,                 0,       91.78461035
          0,           0,         988,      -11.54378183,      -12.15037452,       -12.1007249,      -10.99151787,             0.448,    0.003551788707,      0.3259995425,                 0,                 0,                 0,     0.04866837405,  -0.0006886320763,      0.3260181631,                 0,       91.78461034
          0,           0,         989,       -11.5582772,      -12.15890795,      -12.11639832,      -11.00569404,             0.448,    0.003551788706,      0.3259995424,                 0,                 0,                 0,     0.04866837405,  -0.0006886320756,       0.326018163,                 0,       91.78461033
          0,           0,         990,      -11.57386772,      -12.16826596,       -12.1330274,      -11.02096634,             0.448,    0.003551788706,      0.3259995423,                 0,                 0,                 0,     0.04866837404,  -0.0006886320748,      0.3260181629,                 0,       91.78461031
          0,           0,         991,      -11.59054137,        -12.178431,      -12.15059928,      -11.03732197,             0.448,    0.003551788705,      0.3259995422,                 0,                 0,                 0,     0.04866837404,   -0.000688632074,      0.3260181628,                 0,        91.7846103
          0,           0,         992,      -11.60828885,      -12.18941015,      -12.16911069,      -11.05475139,             0.448,    0.003551788705,      0.3259995421,                 0,                 0,                 0,     0.04866837404,  -0.0006886320732,      0.3260181627,                 0,       91.78461028
          0,           0,         993,      -11.62710285,       -12.2012214,      -12.18854823,      -11.07324619,             0.448,    0.003551788705,       0.325999542,                 0,                 0,                 0,     0.04866837405,  -0.0006886320723,      0.3260181627,                 0,       91.78461026
          0,           0,         994,      -11.64697925,      -12.21384495,      -12.20890804,      -11.09280145,             0.448,    0.003551788705,       0.325999542,                 0,                 0,                 0,     0.04866837405,  -0.0006886320715,      0.3260181626,                 0,       91.78461025
          0,           0,         995,      -11.66791686,      -12.22728548,      -12.23018385,      -11.11341565,             0.448,    0.003551788705,      0.3259995419,                 0,                 0,                 0,     0.04866837406,  -0.0006886320707,      0.3260181626,                 0,       91.78461023
          0,           0,         996,      -11.68991564,      -12.24153715,      -12.25236901,      -11.13508722,             0.448,    0.003551788706,      0.3259995419,                 0,                 0,                 0,     0.04866837407,  -0.0006886320699,      0.3260181625,                 0,       91.78461021
          0,           0,         997,       -11.7129801,      -12.25661186,      -12.27546281,      -11.15782048,             0.448,    0.003551788706,      0.3259995419,                 0,                 0,                 0,     0.04866837407,  -0.0006886320692,      0.3260181625,                 0,       91.78461019
          0,           0,         998,      -11.73711588,      -12.27249207,      -12.29946337,      -11.18161965,             0.448,    0.003551788707,      0.3259995418,                 0,                 0,                 0,     0.04866837408,  -0.0006886320684,      0.3260181625,                 0,       91.78461017
          0,           0,         999,      -11.76233188,       -12.2892067,      -12.32436865,       -11.2064935,             0.448,    0.003551788707,      0.3259995418,                 0,                 0,                 0,      0.0486683741,  -0.0006886320676,      0.3260181625,                 0,       91.78461015
          0,           0,        1000,       -11.7886383,      -12.30674892,      -12.35018169,      -11.23245094,             0.448,    0.003551788708,      0.3259995418,                 0,                 0,                 0,     0.04866837411,  -0.0006886320669,      0.3260181625,                 0,       91.78461013
