
-------------------------------------------------------------------------
|    ___ _   _ ___                                                      |
|   / __| | | |_  )   Release 8.3.0 "Harrier"                           |
|   \__ \ |_| |/ /                                                      |
|   |___/\___//___|   Suite (Computational Fluid Dynamics Code)         |
|                                                                       |
-------------------------------------------------------------------------
| SU2 Project Website: https://su2code.github.io                        |
|                                                                       |
| The SU2 Project is maintained by the SU2 Foundation                   |
| (http://su2foundation.org)                                            |
-------------------------------------------------------------------------
| Copyright 2012-2025, SU2 Contributors                                 |
|                                                                       |
| SU2 is free software; you can redistribute it and/or                  |
| modify it under the terms of the GNU Lesser General Public            |
| License as published by the Free Software Foundation; either          |
| version 2.1 of the License, or (at your option) any later version.    |
|                                                                       |
| SU2 is distributed in the hope that it will be useful,                |
| but WITHOUT ANY WARRANTY; without even the implied warranty of        |
| MERCHANTABILITY or FITNESS FOR A PARTICULAR PURPOSE. See the GNU      |
| Lesser General Public License for more details.                       |
|                                                                       |
| You should have received a copy of the GNU Lesser General Public      |
| License along with SU2. If not, see <http://www.gnu.org/licenses/>.   |
-------------------------------------------------------------------------

Parsing config file for zone 0

----------------- Physical Case Definition ( Zone 0 ) -------------------
Compressible Euler equations.
Mach number: 0.8.
Angle of attack (AoA): 1.25 deg, and angle of sideslip (AoS): 0 deg.
Fixed CL mode, target value: 0.326.
Reading and writing binary SU2 native restart files.
Read flow solution from: solution_flow.
Non-Dimensional simulation (P=1.0, Rho=1.0, T=1.0 at the farfield).
The reference area is 1 m^2.
The semi-span will be computed using the max y(3D) value.
The reference length is 1 m.
Reference origin for moment evaluation is (0.25, 0, 0).
Surface(s) where the force coefficients are evaluated: airfoil.

Surface(s) plotted in the output file: airfoil.
Surface(s) affected by the design variables: airfoil.
Input mesh file name: mesh_NACA0012_inv_deform.su2

--------------- Space Numerical Integration ( Zone 0 ) ------------------
Jameson-Schmidt-Turkel scheme (2nd order in space) for the flow inviscid terms.
JST viscous coefficients (2nd & 4th): 0.5, 0.02.
The method includes a grid stretching correction (p = 0.3).
Gradient for viscous and source terms: Green-Gauss.

--------------- Time Numerical Integration  ( Zone 0 ) ------------------
Local time stepping (steady state simulation).
Euler implicit method for the flow equations.
FGMRES is used for solving the linear system.
Using a LU-SGS preconditioning.
Convergence criteria of the linear solver: 0.0001.
Max number of linear iterations: 2.
V Multigrid Cycle, with 2 multigrid levels.
Damping factor for the residual restriction: 1.
Damping factor for the correction prolongation: 1.
No CFL adaptation.
+-------------------------------------------+
|  MG Level| Presmooth|PostSmooth|CorrectSmo|
+-------------------------------------------+
|         0|         1|         0|         0|
|         1|         2|         0|         0|
|         2|         3|         0|         0|
+-------------------------------------------+
Courant-Friedrichs-Lewy number:       10

------------------ Convergence Criteria  ( Zone 0 ) ---------------------
Maximum number of solver subiterations: 1250.
Begin convergence monitoring at iteration 10.
Residual minimum value: 1e-13.
Cauchy series min. value: 1e-06.
Number of Cauchy elements: 100.
Begin windowed time average at iteration 0.

-------------------- Output Information ( Zone 0 ) ----------------------
File writing frequency: 
+------------------------------------+
|                     File| Frequency|
+------------------------------------+
|                  RESTART|       250|
|                 PARAVIEW|       250|
|         SURFACE_PARAVIEW|       250|
|              SURFACE_CSV|       250|
+------------------------------------+
Writing the convergence history file every 1 inner iterations.
Writing the screen convergence history every 1 inner iterations.
The tabular file format is CSV (.csv).
Convergence history file name: history_direct.
Forces breakdown file name: forces_breakdown.dat.
Surface file name: surface_flow.
Volume file name: flow.
Restart file name: restart_flow.

------------- Config File Boundary Information ( Zone 0 ) ---------------
+-----------------------------------------------------------------------+
|                        Marker Type|                        Marker Name|
+-----------------------------------------------------------------------+
|                         Euler wall|                            airfoil|
+-----------------------------------------------------------------------+
|                          Far-field|                           farfield|
+-----------------------------------------------------------------------+

-------------------- Output Preprocessing ( Zone 0 ) --------------------

WARNING: SURFACE_PRESSURE_DROP can only be computed for at least 2 surfaces (outlet, inlet, ...)

Screen output fields: INNER_ITER, RMS_DENSITY, RMS_ENERGY, LIFT, DRAG
History output group(s): ITER, RMS_RES, AERO_COEFF
Convergence field(s): RMS_DENSITY
Warning: No (valid) fields chosen for time convergence monitoring. Time convergence monitoring inactive.
Volume output fields: COORDINATES, SOLUTION, PRIMITIVE

------------------- Geometry Preprocessing ( Zone 0 ) -------------------
Two dimensional problem.
5233 grid points.
10216 volume elements.
2 surface markers.
200 boundary elements in index 0 (Marker = airfoil).
50 boundary elements in index 1 (Marker = farfield).
10216 triangles.
Setting point connectivity.
Renumbering points (Reverse Cuthill McKee Ordering).
Recomputing point connectivity.
Setting element connectivity.
Checking the numerical grid orientation.
All volume elements are correctly oriented.
All surface elements are correctly oriented.
Identifying edges and vertices.
Setting the control volume structure.
Area of the computational grid: 1253.25.
Searching for the closest normal neighbors to the surfaces.
Storing a mapping from global to local point index.
Compute the surface curvature.
Max K: 7835.1. Mean K: 34.9487. Standard deviation K: 494.441.
Checking for periodicity.
Computing mesh quality statistics for the dual control volumes.
+--------------------------------------------------------------+
|           Mesh Quality Metric|        Minimum|        Maximum|
+--------------------------------------------------------------+
|    Orthogonality Angle (deg.)|         62.853|        89.7283|
|     CV Face Area Aspect Ratio|        1.00139|        7.17938|
|           CV Sub-Volume Ratio|        1.00248|        6.47788|
+--------------------------------------------------------------+
Setting the multigrid structure.
+-------------------------------------------+
|  MG Level|       CVs|Aggl. Rate|       CFL|
+-------------------------------------------+
|         0|      5233|    1/1.00|        10|
|         1|      1690|     1/3.1|   8.52431|
|         2|       649|     1/2.6|   7.92373|
+-------------------------------------------+
Finding max control volume width.
Wetted area = 2.03709 m.
Area projection in the x-plane = 0.111252 m, y-plane = 0.999845 m.
Max. coordinate in the x-direction = 1 m, y-direction = 0.0543533 m.
Min. coordinate in the x-direction = 0 m, y-direction = -0.0569208 m.
Computing wall distances.

-------------------- Solver Preprocessing ( Zone 0 ) --------------------
WARNING: AoA in the solution file (0.802742 deg.) +
         AoA offset in mesh file (0 deg.) = 0.802742 deg.
WARNING: SU2 will use the dCD/dCL provided in the direct solution file: 0.0422209.
WARNING: SU2 will use the dCMz/dCL provided in the direct solution file: 0.10891.
Inviscid flow: Computing density based on free-stream
temperature and pressure using the ideal gas law.
Force coefficients computed using free-stream values.

-- Models:
+------------------------------------------------------------------------------+
|          Viscosity Model|        Conductivity Model|              Fluid Model|
+------------------------------------------------------------------------------+
|                        -|                         -|             STANDARD_AIR|
+------------------------------------------------------------------------------+
-- Fluid properties:
+------------------------------------------------------------------------------+
|                  Name|    Dim. value|    Ref. value|      Unit|Non-dim. value|
+------------------------------------------------------------------------------+
|          Gas Constant|       287.058|       287.058|  N.m/kg.K|             1|
|      Spec. Heat Ratio|             -|             -|         -|           1.4|
+------------------------------------------------------------------------------+
-- Initial and free-stream conditions:
+------------------------------------------------------------------------------+
|                  Name|    Dim. value|    Ref. value|      Unit|Non-dim. value|
+------------------------------------------------------------------------------+
|       Static Pressure|        101325|        101325|        Pa|             1|
|               Density|       1.22498|       1.22498|    kg/m^3|             1|
|           Temperature|        288.15|        288.15|         K|             1|
|          Total Energy|        243846|       82715.8|   m^2/s^2|         2.948|
|            Velocity-X|       272.211|       287.603|       m/s|       0.94648|
|            Velocity-Y|       3.81406|       287.603|       m/s|     0.0132615|
|    Velocity Magnitude|       272.238|       287.603|       m/s|      0.946573|
+------------------------------------------------------------------------------+
|           Mach Number|             -|             -|         -|           0.8|
+------------------------------------------------------------------------------+
Initialize Jacobian structure (Euler). MG level: 0.
Initialize Jacobian structure (Euler). MG level: 1.
Initialize Jacobian structure (Euler). MG level: 2.

------------------- Numerics Preprocessing ( Zone 0 ) -------------------

----------------- Integration Preprocessing ( Zone 0 ) ------------------

------------------- Iteration Preprocessing ( Zone 0 ) ------------------
Euler/Navier-Stokes/RANS fluid iteration.

------------------------------ Begin Solver -----------------------------

Simulation Run using the Single-zone Driver
WARNING: SU2 was not compiled for an AVX-capable architecture. Performance could be better,
         see https://su2code.github.io/docs_v7/Build-SU2-Linux-MacOS/#compiler-optimizations
WARNING: SU2 was not compiled for an AVX-capable architecture. Performance could be better,
         see https://su2code.github.io/docs_v7/Build-SU2-Linux-MacOS/#compiler-optimizations
WARNING: SU2 was not compiled for an AVX-capable architecture. Performance could be better,
         see https://su2code.github.io/docs_v7/Build-SU2-Linux-MacOS/#compiler-optimizations
+----------------------------------------------------------------+
|  Inner_Iter|    rms[Rho]|   rms[RhoE]|          CL|          CD|
+----------------------------------------------------------------+
|           0|   -5.277972|   -4.681592|    0.325667|    0.004260|
|           1|   -5.581557|   -4.980270|    0.326746|    0.004081|
|           2|   -5.509536|   -4.926524|    0.327685|    0.004090|
|           3|   -5.503277|   -4.920496|    0.328008|    0.004013|
|           4|   -5.462375|   -4.885257|    0.328854|    0.004003|
|           5|   -5.461347|   -4.892681|    0.329313|    0.003966|
|           6|   -5.443243|   -4.875825|    0.329902|    0.003956|
|           7|   -5.425596|   -4.859844|    0.330661|    0.003961|
|           8|   -5.419852|   -4.858708|    0.331335|    0.003954|
|           9|   -5.418368|   -4.860613|    0.331938|    0.003948|
|          10|   -5.412536|   -4.855451|    0.332505|    0.003947|
|          11|   -5.407780|   -4.851252|    0.333048|    0.003954|
|          12|   -5.408206|   -4.852947|    0.333560|    0.003965|
|          13|   -5.410923|   -4.856537|    0.334028|    0.003977|
|          14|   -5.414396|   -4.860120|    0.334453|    0.003989|
|          15|   -5.419149|   -4.864613|    0.334842|    0.004001|
|          16|   -5.425627|   -4.870865|    0.335203|    0.004014|
|          17|   -5.433692|   -4.878956|    0.335541|    0.004028|
|          18|   -5.442803|   -4.888379|    0.335855|    0.004041|
|          19|   -5.452497|   -4.898561|    0.336147|    0.004054|
|          20|   -5.463118|   -4.909674|    0.336418|    0.004067|
|          21|   -5.474876|   -4.921716|    0.336670|    0.004079|
|          22|   -5.487245|   -4.934115|    0.336907|    0.004090|
|          23|   -5.500534|   -4.947323|    0.337134|    0.004101|
|          24|   -5.515222|   -4.961913|    0.337353|    0.004111|
|          25|   -5.531119|   -4.977739|    0.337566|    0.004119|
|          26|   -5.547879|   -4.994457|    0.337774|    0.004126|
|          27|   -5.565394|   -5.011963|    0.337978|    0.004133|
|          28|   -5.583365|   -5.029914|    0.338178|    0.004138|
|          29|   -5.601536|   -5.048013|    0.338373|    0.004141|
|          30|   -5.619688|   -5.066041|    0.338565|    0.004144|
|          31|   -5.637759|   -5.083964|    0.338752|    0.004146|
|          32|   -5.655691|   -5.101755|    0.338936|    0.004146|
|          33|   -5.673231|   -5.119188|    0.339115|    0.004147|
|          34|   -5.690122|   -5.136023|    0.339290|    0.004146|
|          35|   -5.706961|   -5.152867|    0.339461|    0.004146|
|          36|   -5.723745|   -5.169674|    0.339625|    0.004145|
|          37|   -5.740418|   -5.186413|    0.339782|    0.004143|
|          38|   -5.756929|   -5.203018|    0.339933|    0.004142|
|          39|   -5.773195|   -5.219378|    0.340077|    0.004142|
|          40|   -5.789108|   -5.235369|    0.340214|    0.004141|
|          41|   -5.804583|   -5.250905|    0.340343|    0.004141|
|          42|   -5.819484|   -5.265851|    0.340464|    0.004142|
|          43|   -5.833802|   -5.280189|    0.340578|    0.004143|
|          44|   -5.847568|   -5.293952|    0.340685|    0.004145|
|          45|   -5.860798|   -5.307168|    0.340784|    0.004147|
|          46|   -5.873498|   -5.319877|    0.340875|    0.004149|
|          47|   -5.886033|   -5.332455|    0.340961|    0.004153|
|          48|   -5.899116|   -5.345546|    0.341040|    0.004156|
|          49|   -5.912739|   -5.359138|    0.341114|    0.004159|
|          50|   -5.926462|   -5.372891|    0.341183|    0.004163|
|          51|   -5.940434|   -5.387037|    0.341252|    0.003714|
+-----------------------------------------------------------------------+
|Fixed CL Mode                           |Value                         |
+-----------------------------------------------------------------------+
|Current CL                              |0.341252                      |
|Target CL                               |0.326                         |
|Previous AOA                            |0.802742                      |
|Changed AoA by                          |-0.0759128                    |
+-----------------------------------------------------------------------+
+----------------------------------------------------------------+
|  Inner_Iter|    rms[Rho]|   rms[RhoE]|          CL|          CD|
+----------------------------------------------------------------+
|          52|   -3.931696|   -3.325007|    0.341287|    0.003717|
|          53|   -4.229095|   -3.618539|    0.340782|    0.003714|
|          54|   -4.472018|   -3.878400|    0.338621|    0.003679|
|          55|   -4.671206|   -4.060589|    0.335336|    0.003619|
|          56|   -4.834243|   -4.235088|    0.332383|    0.003579|
|          57|   -4.930924|   -4.332789|    0.330690|    0.003549|
|          58|   -5.067125|   -4.465706|    0.330257|    0.003530|
|          59|   -5.097468|   -4.494318|    0.330210|    0.003516|
|          60|   -5.151174|   -4.546269|    0.329797|    0.003486|
|          61|   -5.271664|   -4.672581|    0.329103|    0.003457|
|          62|   -5.349455|   -4.759718|    0.328425|    0.003434|
|          63|   -5.371761|   -4.781379|    0.327839|    0.003413|
|          64|   -5.422843|   -4.834190|    0.327314|    0.003392|
|          65|   -5.486265|   -4.907051|    0.326845|    0.003375|
|          66|   -5.513320|   -4.942874|    0.326439|    0.003362|
|          67|   -5.518783|   -4.952296|    0.326073|    0.003352|
|          68|   -5.519479|   -4.956101|    0.325711|    0.003344|
|          69|   -5.514938|   -4.955148|    0.325351|    0.003338|
|          70|   -5.506700|   -4.950476|    0.325008|    0.003335|
|          71|   -5.497531|   -4.944398|    0.324683|    0.003335|
|          72|   -5.488577|   -4.937739|    0.324372|    0.003337|
|          73|   -5.478961|   -4.929516|    0.324072|    0.003341|
|          74|   -5.469347|   -4.920910|    0.323784|    0.003347|
|          75|   -5.461003|   -4.913304|    0.323511|    0.003353|
|          76|   -5.454991|   -4.907696|    0.323253|    0.003359|
|          77|   -5.451519|   -4.904312|    0.323007|    0.003365|
|          78|   -5.450502|   -4.903171|    0.322773|    0.003370|
|          79|   -5.451902|   -4.904346|    0.322552|    0.003376|
|          80|   -5.455772|   -4.907962|    0.322345|    0.003380|
|          81|   -5.462858|   -4.914790|    0.322151|    0.003384|
|          82|   -5.472341|   -4.923884|    0.321971|    0.003386|
|          83|   -5.483992|   -4.935123|    0.321804|    0.003388|
|          84|   -5.497599|   -4.948302|    0.321649|    0.003388|
|          85|   -5.512964|   -4.963201|    0.321508|    0.003388|
|          86|   -5.529965|   -4.979692|    0.321380|    0.003386|
|          87|   -5.548533|   -4.997712|    0.321265|    0.003384|
|          88|   -5.568789|   -5.017402|    0.321162|    0.003381|
|          89|   -5.590928|   -5.038976|    0.321072|    0.003377|
|          90|   -5.614847|   -5.062336|    0.320991|    0.003374|
|          91|   -5.641025|   -5.088005|    0.320922|    0.003370|
|          92|   -5.667903|   -5.114335|    0.320865|    0.003366|
|          93|   -5.695954|   -5.141949|    0.320817|    0.003363|
|          94|   -5.725037|   -5.170573|    0.320778|    0.003359|
|          95|   -5.755038|   -5.200019|    0.320745|    0.003356|
|          96|   -5.785830|   -5.230192|    0.320718|    0.003353|
|          97|   -5.817281|   -5.261010|    0.320696|    0.003351|
|          98|   -5.849356|   -5.292471|    0.320678|    0.003349|
|          99|   -5.882051|   -5.324570|    0.320662|    0.003348|
|         100|   -5.915343|   -5.357275|    0.320649|    0.003348|
|         101|   -5.949210|   -5.390564|    0.320637|    0.003497|
+-----------------------------------------------------------------------+
|Fixed CL Mode                           |Value                         |
+-----------------------------------------------------------------------+
|Current CL                              |0.320637                      |
|Target CL                               |0.326                         |
|Previous AOA                            |0.726829                      |
|Changed AoA by                          |0.0267527                     |
+-----------------------------------------------------------------------+
+----------------------------------------------------------------+
|  Inner_Iter|    rms[Rho]|   rms[RhoE]|          CL|          CD|
+----------------------------------------------------------------+
|         102|   -4.384539|   -3.777881|    0.320637|    0.003498|
|         103|   -4.681578|   -4.071091|    0.320827|    0.003501|
|         104|   -4.923671|   -4.330171|    0.321604|    0.003516|
|         105|   -5.122248|   -4.511985|    0.322778|    0.003539|
|         106|   -5.284205|   -4.685577|    0.323837|    0.003555|
|         107|   -5.379509|   -4.782064|    0.324452|    0.003568|
|         108|   -5.512824|   -4.912480|    0.324622|    0.003575|
|         109|   -5.543066|   -4.940964|    0.324658|    0.003582|
|         110|   -5.595715|   -4.992072|    0.324825|    0.003593|
|         111|   -5.711621|   -5.114300|    0.325092|    0.003604|
|         112|   -5.786105|   -5.198082|    0.325354|    0.003612|
|         113|   -5.808810|   -5.220250|    0.325584|    0.003620|
|         114|   -5.858357|   -5.271776|    0.325794|    0.003627|
|         115|   -5.918617|   -5.341229|    0.325985|    0.003633|
|         116|   -5.945364|   -5.376083|    0.326153|    0.003637|
|         117|   -5.952588|   -5.386821|    0.326309|    0.003640|
|         118|   -5.955383|   -5.392231|    0.326463|    0.003643|
|         119|   -5.953289|   -5.393098|    0.326616|    0.003645|
|         120|   -5.947675|   -5.390485|    0.326764|    0.003645|
|         121|   -5.940752|   -5.386237|    0.326904|    0.003646|
|         122|   -5.932910|   -5.380377|    0.327039|    0.003645|
|         123|   -5.924410|   -5.373056|    0.327171|    0.003644|
|         124|   -5.916191|   -5.365501|    0.327300|    0.003643|
|         125|   -5.909176|   -5.358947|    0.327424|    0.003641|
|         126|   -5.903445|   -5.353554|    0.327543|    0.003640|
|         127|   -5.899239|   -5.349503|    0.327658|    0.003639|
|         128|   -5.896681|   -5.346907|    0.327768|    0.003638|
|         129|   -5.895834|   -5.345894|    0.327873|    0.003637|
|         130|   -5.896800|   -5.346649|    0.327971|    0.003637|
|         131|   -5.899659|   -5.349292|    0.328063|    0.003637|
|         132|   -5.904389|   -5.353796|    0.328149|    0.003637|
|         133|   -5.910921|   -5.360075|    0.328229|    0.003637|
|         134|   -5.919175|   -5.368037|    0.328302|    0.003638|
|         135|   -5.929086|   -5.377617|    0.328369|    0.003639|
|         136|   -5.940509|   -5.388740|    0.328430|    0.003641|
|         137|   -5.953462|   -5.401390|    0.328485|    0.003642|
|         138|   -5.967988|   -5.415553|    0.328534|    0.003644|
|         139|   -5.984005|   -5.431152|    0.328577|    0.003645|
|         140|   -6.001509|   -5.448210|    0.328615|    0.003647|
|         141|   -6.020490|   -5.466721|    0.328647|    0.003649|
|         142|   -6.040908|   -5.486645|    0.328674|    0.003650|
|         143|   -6.062707|   -5.507935|    0.328697|    0.003652|
|         144|   -6.085839|   -5.530548|    0.328716|    0.003653|
|         145|   -6.110267|   -5.554452|    0.328730|    0.003654|
|         146|   -6.135959|   -5.579617|    0.328741|    0.003655|
|         147|   -6.162881|   -5.606017|    0.328748|    0.003655|
|         148|   -6.190996|   -5.633618|    0.328753|    0.003656|
|         149|   -6.219923|   -5.662039|    0.328754|    0.003656|
|         150|   -6.249403|   -5.691138|    0.328753|    0.003656|
|         151|   -6.279745|   -5.721185|    0.328751|    0.003576|
+-----------------------------------------------------------------------+
|Fixed CL Mode                           |Value                         |
+-----------------------------------------------------------------------+
|Current CL                              |0.328751                      |
|Target CL                               |0.326                         |
|Previous AOA                            |0.753582                      |
|Changed AoA by                          |-0.0137646                    |
+-----------------------------------------------------------------------+
+----------------------------------------------------------------+
|  Inner_Iter|    rms[Rho]|   rms[RhoE]|          CL|          CD|
+----------------------------------------------------------------+
|         152|   -4.673177|   -4.066510|    0.328741|    0.003576|
|         153|   -4.970182|   -4.359696|    0.328632|    0.003574|
|         154|   -5.212409|   -4.618888|    0.328221|    0.003566|
|         155|   -5.411093|   -4.800803|    0.327606|    0.003554|
|         156|   -5.573402|   -4.974709|    0.327050|    0.003545|
|         157|   -5.668929|   -5.071355|    0.326720|    0.003539|
|         158|   -5.802391|   -5.201831|    0.326619|    0.003534|
|         159|   -5.832326|   -5.230046|    0.326587|    0.003531|
|         160|   -5.885034|   -5.281211|    0.326486|    0.003524|
|         161|   -6.001042|   -5.403464|    0.326335|    0.003518|
|         162|   -6.074589|   -5.486211|    0.326188|    0.003514|
|         163|   -6.095864|   -5.507050|    0.326058|    0.003509|
|         164|   -6.143685|   -5.557182|    0.325938|    0.003505|
|         165|   -6.200335|   -5.623453|    0.325829|    0.003502|
|         166|   -6.222141|   -5.653660|    0.325732|    0.003499|
|         167|   -6.224170|   -5.659545|    0.325642|    0.003497|
|         168|   -6.221406|   -5.659783|    0.325554|    0.003495|
|         169|   -6.213891|   -5.655496|    0.325467|    0.003494|
|         170|   -6.203457|   -5.648154|    0.325383|    0.003493|
|         171|   -6.192385|   -5.639716|    0.325304|    0.003493|
|         172|   -6.181141|   -5.630364|    0.325228|    0.003493|
|         173|   -6.170050|   -5.620375|    0.325154|    0.003493|
|         174|   -6.159938|   -5.610859|    0.325084|    0.003494|
|         175|   -6.151538|   -5.602815|    0.325017|    0.003495|
|         176|   -6.145425|   -5.596916|    0.324953|    0.003495|
|         177|   -6.141694|   -5.593258|    0.324893|    0.003496|
|         178|   -6.139983|   -5.591501|    0.324836|    0.003497|
|         179|   -6.140893|   -5.592310|    0.324781|    0.003497|
|         180|   -6.143642|   -5.594854|    0.324731|    0.003498|
|         181|   -6.148003|   -5.599068|    0.324684|    0.003498|
|         182|   -6.154145|   -5.605067|    0.324639|    0.003498|
|         183|   -6.162091|   -5.612785|    0.324599|    0.003498|
|         184|   -6.171736|   -5.622114|    0.324561|    0.003498|
|         185|   -6.182991|   -5.632987|    0.324526|    0.003497|
|         186|   -6.195803|   -5.645373|    0.324495|    0.003497|
|         187|   -6.210178|   -5.659295|    0.324467|    0.003496|
|         188|   -6.226096|   -5.674738|    0.324441|    0.003495|
|         189|   -6.243537|   -5.691679|    0.324419|    0.003495|
|         190|   -6.262466|   -5.710084|    0.324399|    0.003494|
|         191|   -6.282839|   -5.729911|    0.324382|    0.003493|
|         192|   -6.304613|   -5.751119|    0.324367|    0.003492|
|         193|   -6.327924|   -5.773843|    0.324354|    0.003491|
|         194|   -6.352762|   -5.798040|    0.324343|    0.003491|
|         195|   -6.378760|   -5.823377|    0.324335|    0.003490|
|         196|   -6.405920|   -5.849902|    0.324327|    0.003490|
|         197|   -6.434203|   -5.877558|    0.324322|    0.003489|
|         198|   -6.463572|   -5.906304|    0.324318|    0.003489|
|         199|   -6.494016|   -5.936142|    0.324315|    0.003489|
|         200|   -6.525538|   -5.967077|    0.324313|    0.003489|
|         201|   -6.558129|   -5.999103|    0.324311|    0.003537|
+-----------------------------------------------------------------------+
|Fixed CL Mode                           |Value                         |
+-----------------------------------------------------------------------+
|Current CL                              |0.324311                      |
|Target CL                               |0.326                         |
|Previous AOA                            |0.739817                      |
|Changed AoA by                          |0.00843608                    |
+-----------------------------------------------------------------------+
+----------------------------------------------------------------+
|  Inner_Iter|    rms[Rho]|   rms[RhoE]|          CL|          CD|
+----------------------------------------------------------------+
|         202|   -4.885828|   -4.279153|    0.324314|    0.003537|
|         203|   -5.182954|   -4.572443|    0.324377|    0.003538|
|         204|   -5.425411|   -4.831857|    0.324625|    0.003543|
|         205|   -5.624334|   -5.013907|    0.324998|    0.003550|
|         206|   -5.786993|   -5.188104|    0.325335|    0.003555|
|         207|   -5.882976|   -5.285168|    0.325533|    0.003559|
|         208|   -6.017539|   -5.416615|    0.325590|    0.003561|
|         209|   -6.047540|   -5.444906|    0.325605|    0.003563|
|         210|   -6.100363|   -5.496166|    0.325661|    0.003567|
|         211|   -6.217525|   -5.619542|    0.325749|    0.003570|
|         212|   -6.292180|   -5.703572|    0.325834|    0.003573|
|         213|   -6.313651|   -5.724617|    0.325910|    0.003575|
|         214|   -6.362353|   -5.775516|    0.325979|    0.003577|
|         215|   -6.421177|   -5.843892|    0.326041|    0.003579|
|         216|   -6.445348|   -5.876424|    0.326097|    0.003581|
|         217|   -6.449756|   -5.884514|    0.326148|    0.003582|
|         218|   -6.449729|   -5.887299|    0.326199|    0.003583|
|         219|   -6.444977|   -5.885668|    0.326249|    0.003584|
|         220|   -6.437080|   -5.880837|    0.326298|    0.003584|
|         221|   -6.428294|   -5.874706|    0.326344|    0.003584|
|         222|   -6.419021|   -5.867359|    0.326388|    0.003584|
|         223|   -6.409529|   -5.858994|    0.326431|    0.003584|
|         224|   -6.400680|   -5.850759|    0.326472|    0.003583|
|         225|   -6.393273|   -5.843729|    0.326512|    0.003583|
|         226|   -6.387684|   -5.838355|    0.326550|    0.003583|
|         227|   -6.383996|   -5.834718|    0.326586|    0.003582|
|         228|   -6.382191|   -5.832828|    0.326621|    0.003582|
|         229|   -6.382243|   -5.832708|    0.326654|    0.003582|
|         230|   -6.384063|   -5.834364|    0.326685|    0.003582|
|         231|   -6.387669|   -5.837825|    0.326715|    0.003582|
|         232|   -6.393112|   -5.843069|    0.326742|    0.003582|
|         233|   -6.400287|   -5.849989|    0.326768|    0.003582|
|         234|   -6.409153|   -5.858560|    0.326792|    0.003582|
|         235|   -6.419687|   -5.868758|    0.326814|    0.003582|
|         236|   -6.431845|   -5.880543|    0.326833|    0.003583|
|         237|   -6.445595|   -5.893890|    0.326851|    0.003583|
|         238|   -6.460890|   -5.908758|    0.326867|    0.003584|
|         239|   -6.477675|   -5.925093|    0.326881|    0.003584|
|         240|   -6.495929|   -5.942877|    0.326893|    0.003585|
|         241|   -6.515623|   -5.962083|    0.326904|    0.003585|
|         242|   -6.536722|   -5.982679|    0.326913|    0.003586|
|         243|   -6.559185|   -6.004625|    0.326921|    0.003586|
|         244|   -6.582964|   -6.027880|    0.326927|    0.003586|
|         245|   -6.608015|   -6.052403|    0.326932|    0.003587|
|         246|   -6.634293|   -6.078153|    0.326936|    0.003587|
|         247|   -6.661754|   -6.105090|    0.326939|    0.003587|
|         248|   -6.690356|   -6.133179|    0.326941|    0.003587|
|         249|   -6.720057|   -6.162382|    0.326942|    0.003587|
|         250|   -6.750818|   -6.192665|    0.326943|    0.003587|
+-----------------------------------------------------------------------+
|        File Writing Summary       |              Filename             |
+-----------------------------------------------------------------------+
|SU2 binary restart                 |restart_flow.dat                   |
Writing Flow Meta-Data file: flow.meta
|Paraview                           |flow.vtu                           |
Writing Flow Meta-Data file: flow.meta
|Paraview surface                   |surface_flow.vtu                   |
Writing Flow Meta-Data file: flow.meta
|CSV file                           |surface_flow.csv                   |
Writing Flow Meta-Data file: flow.meta
+-----------------------------------------------------------------------+
+----------------------------------------------------------------+
|  Inner_Iter|    rms[Rho]|   rms[RhoE]|          CL|          CD|
+----------------------------------------------------------------+
|         251|   -6.782598|   -6.223990|    0.326943|    0.003560|
+-----------------------------------------------------------------------+
|Fixed CL Mode                           |Value                         |
+-----------------------------------------------------------------------+
|Current CL                              |0.326943                      |
|Target CL                               |0.326                         |
|Previous AOA                            |0.748253                      |
|Changed AoA by                          |-0.00471396                   |
+-----------------------------------------------------------------------+
+----------------------------------------------------------------+
|  Inner_Iter|    rms[Rho]|   rms[RhoE]|          CL|          CD|
+----------------------------------------------------------------+
|         252|   -5.138572|   -4.531901|    0.326941|    0.003560|
|         253|   -5.435653|   -4.825150|    0.326905|    0.003560|
|         254|   -5.678010|   -5.084467|    0.326766|    0.003557|
|         255|   -5.876858|   -5.266486|    0.326557|    0.003553|
|         256|   -6.039399|   -5.440590|    0.326368|    0.003550|
|         257|   -6.135191|   -5.537477|    0.326256|    0.003548|
|         258|   -6.269357|   -5.668571|    0.326224|    0.003547|
|         259|   -6.299396|   -5.696886|    0.326215|    0.003545|
|         260|   -6.352248|   -5.748160|    0.326183|    0.003543|
|         261|   -6.469143|   -5.871235|    0.326133|    0.003541|
|         262|   -6.543598|   -5.954963|    0.326084|    0.003540|
|         263|   -6.565116|   -5.976036|    0.326042|    0.003538|
|         264|   -6.613649|   -6.026795|    0.326002|    0.003537|
|         265|   -6.671803|   -6.094543|    0.325967|    0.003536|
|         266|   -6.694983|   -6.126147|    0.325936|    0.003535|
|         267|   -6.698266|   -6.133233|    0.325907|    0.003535|
|         268|   -6.696977|   -6.134902|    0.325878|    0.003534|
|         269|   -6.690983|   -6.132155|    0.325850|    0.003534|
|         270|   -6.681977|   -6.126304|    0.325822|    0.003533|
|         271|   -6.672236|   -6.119273|    0.325797|    0.003533|
|         272|   -6.662196|   -6.111197|    0.325772|    0.003533|
|         273|   -6.652158|   -6.102318|    0.325748|    0.003534|
|         274|   -6.642970|   -6.093771|    0.325725|    0.003534|
|         275|   -6.635399|   -6.086599|    0.325703|    0.003534|
|         276|   -6.629798|   -6.081227|    0.325682|    0.003534|
|         277|   -6.626232|   -6.077725|    0.325662|    0.003534|
|         278|   -6.624666|   -6.076083|    0.325643|    0.003535|
|         279|   -6.625061|   -6.076314|    0.325625|    0.003535|
|         280|   -6.627398|   -6.078438|    0.325608|    0.003535|
|         281|   -6.631643|   -6.082442|    0.325592|    0.003535|
|         282|   -6.637734|   -6.088263|    0.325577|    0.003535|
|         283|   -6.645607|   -6.095830|    0.325563|    0.003535|
|         284|   -6.655202|   -6.105079|    0.325551|    0.003535|
|         285|   -6.666447|   -6.115935|    0.325539|    0.003535|
|         286|   -6.679324|   -6.128389|    0.325528|    0.003535|
|         287|   -6.693795|   -6.142411|    0.325519|    0.003534|
|         288|   -6.709818|   -6.157963|    0.325510|    0.003534|
|         289|   -6.727356|   -6.175011|    0.325503|    0.003534|
|         290|   -6.746372|   -6.193521|    0.325496|    0.003534|
|         291|   -6.766831|   -6.213458|    0.325491|    0.003533|
|         292|   -6.788694|   -6.234787|    0.325486|    0.003533|
|         293|   -6.811921|   -6.257470|    0.325482|    0.003533|
|         294|   -6.836471|   -6.281468|    0.325479|    0.003532|
|         295|   -6.862303|   -6.306745|    0.325476|    0.003532|
|         296|   -6.889375|   -6.333265|    0.325474|    0.003532|
|         297|   -6.917647|   -6.360992|    0.325472|    0.003532|
|         298|   -6.947081|   -6.389892|    0.325471|    0.003532|
|         299|   -6.977636|   -6.419929|    0.325470|    0.003532|
|         300|   -7.009271|   -6.451067|    0.325470|    0.003532|
|         301|   -7.041943|   -6.483264|    0.325469|    0.003547|
+-----------------------------------------------------------------------+
|Fixed CL Mode                           |Value                         |
+-----------------------------------------------------------------------+
|Current CL                              |0.325469                      |
|Target CL                               |0.326                         |
|Previous AOA                            |0.743539                      |
|Changed AoA by                          |0.00265148                    |
+-----------------------------------------------------------------------+
+----------------------------------------------------------------+
|  Inner_Iter|    rms[Rho]|   rms[RhoE]|          CL|          CD|
+----------------------------------------------------------------+
|         302|   -5.388474|   -4.781801|    0.325471|    0.003547|
|         303|   -5.685571|   -5.075066|    0.325491|    0.003547|
|         304|   -5.927970|   -5.334424|    0.325569|    0.003549|
|         305|   -6.126857|   -5.516462|    0.325686|    0.003551|
|         306|   -6.289453|   -5.690611|    0.325793|    0.003553|
|         307|   -6.385320|   -5.787569|    0.325855|    0.003554|
|         308|   -6.519639|   -5.918801|    0.325873|    0.003555|
|         309|   -6.549645|   -5.947096|    0.325878|    0.003555|
|         310|   -6.602438|   -5.998328|    0.325896|    0.003557|
|         311|   -6.719311|   -6.121418|    0.325924|    0.003558|
|         312|   -6.793693|   -6.205126|    0.325951|    0.003558|
|         313|   -6.815122|   -6.226127|    0.325975|    0.003559|
|         314|   -6.863611|   -6.276842|    0.325997|    0.003560|
|         315|   -6.921875|   -6.344678|    0.326017|    0.003561|
|         316|   -6.945417|   -6.376595|    0.326034|    0.003561|
|         317|   -6.949227|   -6.384148|    0.326051|    0.003561|
|         318|   -6.948569|   -6.386384|    0.326067|    0.003562|
|         319|   -6.943228|   -6.384241|    0.326083|    0.003562|
|         320|   -6.934822|   -6.378964|    0.326098|    0.003562|
|         321|   -6.925598|   -6.372445|    0.326112|    0.003562|
|         322|   -6.915970|   -6.364788|    0.326126|    0.003562|
|         323|   -6.906223|   -6.356210|    0.326140|    0.003562|
|         324|   -6.897212|   -6.347852|    0.326152|    0.003562|
|         325|   -6.889720|   -6.340770|    0.326165|    0.003562|
|         326|   -6.884113|   -6.335406|    0.326177|    0.003562|
|         327|   -6.880466|   -6.331836|    0.326188|    0.003562|
|         328|   -6.878752|   -6.330060|    0.326198|    0.003561|
|         329|   -6.878943|   -6.330098|    0.326209|    0.003561|
|         330|   -6.881030|   -6.331982|    0.326218|    0.003561|
|         331|   -6.884985|   -6.335707|    0.326227|    0.003561|
|         332|   -6.890757|   -6.341219|    0.326236|    0.003561|
|         333|   -6.898286|   -6.348451|    0.326243|    0.003561|
|         334|   -6.907526|   -6.357351|    0.326251|    0.003561|
|         335|   -6.918435|   -6.367881|    0.326257|    0.003561|
|         336|   -6.930976|   -6.380009|    0.326263|    0.003561|
|         337|   -6.945113|   -6.393702|    0.326268|    0.003562|
|         338|   -6.960812|   -6.408931|    0.326273|    0.003562|
|         339|   -6.978061|   -6.425694|    0.326277|    0.003562|
|         340|   -6.996815|   -6.443945|    0.326281|    0.003562|
|         341|   -7.017024|   -6.463633|    0.326284|    0.003562|
|         342|   -7.038654|   -6.484726|    0.326287|    0.003562|
|         343|   -7.061667|   -6.507192|    0.326289|    0.003563|
|         344|   -7.086021|   -6.530992|    0.326291|    0.003563|
|         345|   -7.111676|   -6.556089|    0.326292|    0.003563|
|         346|   -7.138589|   -6.582445|    0.326294|    0.003563|
|         347|   -7.166720|   -6.610027|    0.326295|    0.003563|
|         348|   -7.196028|   -6.638797|    0.326295|    0.003563|
|         349|   -7.226473|   -6.668720|    0.326296|    0.003563|
|         350|   -7.258012|   -6.699759|    0.326296|    0.003563|
|         351|   -7.290602|   -6.731872|    0.326296|    0.003555|
+-----------------------------------------------------------------------+
|Fixed CL Mode                           |Value                         |
+-----------------------------------------------------------------------+
|Current CL                              |0.326296                      |
|Target CL                               |0.326                         |
|Previous AOA                            |0.746191                      |
|Changed AoA by                          |-0.00147926                   |
+-----------------------------------------------------------------------+
+----------------------------------------------------------------+
|  Inner_Iter|    rms[Rho]|   rms[RhoE]|          CL|          CD|
+----------------------------------------------------------------+
|         352|   -5.641915|   -5.035242|    0.326295|    0.003554|
|         353|   -5.939006|   -5.328502|    0.326284|    0.003554|
|         354|   -6.181390|   -5.587846|    0.326240|    0.003553|
|         355|   -6.380262|   -5.769874|    0.326175|    0.003552|
|         356|   -6.542835|   -5.944002|    0.326116|    0.003551|
|         357|   -6.638682|   -6.040942|    0.326081|    0.003551|
|         358|   -6.772958|   -6.172138|    0.326071|    0.003550|
|         359|   -6.802977|   -6.200441|    0.326068|    0.003550|
|         360|   -6.855782|   -6.251680|    0.326058|    0.003549|
|         361|   -6.972644|   -6.374750|    0.326042|    0.003549|
|         362|   -7.047018|   -6.458444|    0.326027|    0.003548|
|         363|   -7.068438|   -6.479442|    0.326014|    0.003548|
|         364|   -7.116855|   -6.530102|    0.326002|    0.003547|
|         365|   -7.174932|   -6.597775|    0.325990|    0.003547|
|         366|   -7.198211|   -6.629453|    0.325981|    0.003547|
|         367|   -7.201738|   -6.636747|    0.325972|    0.003546|
|         368|   -7.200782|   -6.638709|    0.325963|    0.003546|
|         369|   -7.195168|   -6.636305|    0.325954|    0.003546|
|         370|   -7.186542|   -6.630807|    0.325945|    0.003546|
|         371|   -7.177154|   -6.624116|    0.325937|    0.003546|
|         372|   -7.167427|   -6.616347|    0.325930|    0.003546|
|         373|   -7.157646|   -6.607723|    0.325922|    0.003546|
|         374|   -7.148657|   -6.599377|    0.325915|    0.003546|
|         375|   -7.141233|   -6.592355|    0.325908|    0.003546|
|         376|   -7.135732|   -6.587088|    0.325901|    0.003546|
|         377|   -7.132226|   -6.583650|    0.325895|    0.003546|
|         378|   -7.130680|   -6.582035|    0.325889|    0.003546|
|         379|   -7.131064|   -6.582259|    0.325883|    0.003547|
|         380|   -7.133362|   -6.584349|    0.325878|    0.003547|
|         381|   -7.137541|   -6.588291|    0.325873|    0.003547|
|         382|   -7.143517|   -6.593997|    0.325868|    0.003547|
|         383|   -7.151252|   -6.601426|    0.325864|    0.003547|
|         384|   -7.160700|   -6.610531|    0.325860|    0.003547|
|         385|   -7.171816|   -6.621266|    0.325857|    0.003546|
|         386|   -7.184560|   -6.633595|    0.325853|    0.003546|
|         387|   -7.198894|   -6.647485|    0.325850|    0.003546|
|         388|   -7.214784|   -6.662906|    0.325848|    0.003546|
|         389|   -7.232194|   -6.679827|    0.325845|    0.003546|
|         390|   -7.251087|   -6.698215|    0.325843|    0.003546|
|         391|   -7.271427|   -6.718034|    0.325842|    0.003546|
|         392|   -7.293175|   -6.739250|    0.325840|    0.003546|
|         393|   -7.316294|   -6.761825|    0.325839|    0.003546|
|         394|   -7.340741|   -6.785722|    0.325838|    0.003546|
|         395|   -7.366477|   -6.810905|    0.325837|    0.003546|
|         396|   -7.393461|   -6.837336|    0.325836|    0.003546|
|         397|   -7.421652|   -6.864983|    0.325836|    0.003546|
|         398|   -7.451012|   -6.893808|    0.325835|    0.003546|
|         399|   -7.481500|   -6.923778|    0.325835|    0.003546|
|         400|   -7.513075|   -6.954855|    0.325835|    0.003546|
|         401|   -7.545693|   -6.986999|    0.325835|    0.003550|
+-----------------------------------------------------------------------+
|Fixed CL Mode                           |Value                         |
+-----------------------------------------------------------------------+
|Current CL                              |0.325835                      |
|Target CL                               |0.326                         |
|Previous AOA                            |0.744712                      |
|Changed AoA by                          |0.000825249                   |
+-----------------------------------------------------------------------+
+----------------------------------------------------------------+
|  Inner_Iter|    rms[Rho]|   rms[RhoE]|          CL|          CD|
+----------------------------------------------------------------+
|         402|   -5.895376|   -5.288703|    0.325835|    0.003550|
|         403|   -6.192469|   -5.581965|    0.325841|    0.003550|
|         404|   -6.434858|   -5.841314|    0.325866|    0.003551|
|         405|   -6.633735|   -6.023345|    0.325902|    0.003552|
|         406|   -6.796315|   -6.197479|    0.325935|    0.003552|
|         407|   -6.892168|   -6.294425|    0.325955|    0.003552|
|         408|   -7.026455|   -6.425630|    0.325961|    0.003553|
|         409|   -7.056466|   -6.453929|    0.325962|    0.003553|
|         410|   -7.109260|   -6.505161|    0.325968|    0.003553|
|         411|   -7.226108|   -6.628224|    0.325976|    0.003554|
|         412|   -7.300466|   -6.711905|    0.325985|    0.003554|
|         413|   -7.321886|   -6.732900|    0.325992|    0.003554|
|         414|   -7.370329|   -6.783578|    0.325999|    0.003554|
|         415|   -7.428485|   -6.851317|    0.326005|    0.003555|
|         416|   -7.451894|   -6.883109|    0.326011|    0.003555|
|         417|   -7.455566|   -6.890533|    0.326016|    0.003555|
|         418|   -7.454762|   -6.892633|    0.326021|    0.003555|
|         419|   -7.449289|   -6.890361|    0.326026|    0.003555|
|         420|   -7.440776|   -6.884974|    0.326031|    0.003555|
|         421|   -7.431470|   -6.878367|    0.326035|    0.003555|
|         422|   -7.421789|   -6.870649|    0.326039|    0.003555|
|         423|   -7.412020|   -6.862041|    0.326044|    0.003555|
|         424|   -7.403011|   -6.853680|    0.326048|    0.003555|
|         425|   -7.395543|   -6.846617|    0.326051|    0.003555|
|         426|   -7.389977|   -6.841290|    0.326055|    0.003555|
|         427|   -7.386386|   -6.837771|    0.326059|    0.003555|
|         428|   -7.384741|   -6.836061|    0.326062|    0.003555|
|         429|   -7.385012|   -6.836175|    0.326065|    0.003555|
|         430|   -7.387186|   -6.838145|    0.326068|    0.003555|
|         431|   -7.391235|   -6.841961|    0.326071|    0.003555|
|         432|   -7.397106|   -6.847569|    0.326073|    0.003555|
|         433|   -7.404737|   -6.854901|    0.326076|    0.003555|
|         434|   -7.414079|   -6.863903|    0.326078|    0.003555|
|         435|   -7.425091|   -6.874536|    0.326080|    0.003555|
|         436|   -7.437734|   -6.886765|    0.326082|    0.003555|
|         437|   -7.451971|   -6.900558|    0.326084|    0.003555|
|         438|   -7.467766|   -6.915883|    0.326085|    0.003555|
|         439|   -7.485082|   -6.932711|    0.326086|    0.003555|
|         440|   -7.503886|   -6.951009|    0.326087|    0.003555|
|         441|   -7.524142|   -6.970744|    0.326088|    0.003555|
|         442|   -7.545812|   -6.991880|    0.326089|    0.003555|
|         443|   -7.568858|   -7.014381|    0.326090|    0.003555|
|         444|   -7.593240|   -7.038211|    0.326091|    0.003555|
|         445|   -7.618917|   -7.063333|    0.326091|    0.003555|
|         446|   -7.645849|   -7.089710|    0.326091|    0.003555|
|         447|   -7.673996|   -7.117310|    0.326092|    0.003555|
|         448|   -7.703335|   -7.146116|    0.326092|    0.003555|
|         449|   -7.733823|   -7.176086|    0.326092|    0.003555|
|         450|   -7.765403|   -7.207166|    0.326092|    0.003555|
|         451|   -7.798033|   -7.239319|    0.326092|    0.003553|
+-----------------------------------------------------------------------+
|Fixed CL Mode                           |Value                         |
+-----------------------------------------------------------------------+
|Current CL                              |0.326092                      |
|Target CL                               |0.326                         |
|Previous AOA                            |0.745537                      |
|Changed AoA by                          |-0.000460595                  |
+-----------------------------------------------------------------------+
+----------------------------------------------------------------+
|  Inner_Iter|    rms[Rho]|   rms[RhoE]|          CL|          CD|
+----------------------------------------------------------------+
|         452|   -6.148641|   -5.541968|    0.326092|    0.003553|
|         453|   -6.445732|   -5.835228|    0.326088|    0.003553|
|         454|   -6.688119|   -6.094575|    0.326075|    0.003552|
|         455|   -6.886992|   -6.276604|    0.326054|    0.003552|
|         456|   -7.049569|   -6.450734|    0.326036|    0.003552|
|         457|   -7.145418|   -6.547676|    0.326025|    0.003551|
|         458|   -7.279699|   -6.678877|    0.326022|    0.003551|
|         459|   -7.309710|   -6.707174|    0.326021|    0.003551|
|         460|   -7.362501|   -6.758401|    0.326018|    0.003551|
|         461|   -7.479339|   -6.881453|    0.326013|    0.003551|
|         462|   -7.553686|   -6.965123|    0.326008|    0.003551|
|         463|   -7.575093|   -6.986110|    0.326004|    0.003551|
|         464|   -7.623502|   -7.036762|    0.326000|    0.003550|
|         465|   -7.681579|   -7.104431|    0.325997|    0.003550|
|         466|   -7.704891|   -7.136134|    0.325994|    0.003550|
|         467|   -7.708468|   -7.143473|    0.325991|    0.003550|
|         468|   -7.707571|   -7.145488|    0.325988|    0.003550|
|         469|   -7.702017|   -7.143139|    0.325986|    0.003550|
|         470|   -7.693444|   -7.137693|    0.325983|    0.003550|
|         471|   -7.684098|   -7.131044|    0.325980|    0.003550|
|         472|   -7.674389|   -7.123291|    0.325978|    0.003550|
|         473|   -7.664586|   -7.114641|    0.325976|    0.003550|
|         474|   -7.655566|   -7.106259|    0.325973|    0.003550|
|         475|   -7.648096|   -7.099190|    0.325971|    0.003550|
|         476|   -7.642537|   -7.093866|    0.325969|    0.003550|
|         477|   -7.638965|   -7.090362|    0.325967|    0.003550|
|         478|   -7.637349|   -7.088677|    0.325965|    0.003550|
|         479|   -7.637659|   -7.088828|    0.325964|    0.003550|
|         480|   -7.639881|   -7.090844|    0.325962|    0.003550|
|         481|   -7.643986|   -7.094714|    0.325960|    0.003550|
|         482|   -7.649916|   -7.100382|    0.325959|    0.003550|
|         483|   -7.657611|   -7.107777|    0.325958|    0.003550|
|         484|   -7.667019|   -7.116844|    0.325956|    0.003550|
|         485|   -7.678097|   -7.127542|    0.325955|    0.003550|
|         486|   -7.690805|   -7.139836|    0.325954|    0.003550|
|         487|   -7.705105|   -7.153692|    0.325953|    0.003550|
|         488|   -7.720961|   -7.169080|    0.325952|    0.003550|
|         489|   -7.738336|   -7.185967|    0.325952|    0.003550|
|         490|   -7.757197|   -7.204322|    0.325951|    0.003550|
|         491|   -7.777505|   -7.224110|    0.325951|    0.003550|
|         492|   -7.799224|   -7.245296|    0.325950|    0.003550|
|         493|   -7.822315|   -7.267843|    0.325950|    0.003550|
|         494|   -7.846738|   -7.291714|    0.325949|    0.003550|
|         495|   -7.872451|   -7.316873|    0.325949|    0.003550|
|         496|   -7.899415|   -7.343284|    0.325949|    0.003550|
|         497|   -7.927589|   -7.370911|    0.325949|    0.003550|
|         498|   -7.956933|   -7.399720|    0.325949|    0.003550|
|         499|   -7.987407|   -7.429676|    0.325949|    0.003550|
|         500|   -8.018970|   -7.460741|    0.325949|    0.003550|
+-----------------------------------------------------------------------+
|        File Writing Summary       |              Filename             |
+-----------------------------------------------------------------------+
|SU2 binary restart                 |restart_flow.dat                   |
Writing Flow Meta-Data file: flow.meta
|Paraview                           |flow.vtu                           |
Writing Flow Meta-Data file: flow.meta
|Paraview surface                   |surface_flow.vtu                   |
Writing Flow Meta-Data file: flow.meta
|CSV file                           |surface_flow.csv                   |
Writing Flow Meta-Data file: flow.meta
+-----------------------------------------------------------------------+
+----------------------------------------------------------------+
|  Inner_Iter|    rms[Rho]|   rms[RhoE]|          CL|          CD|
+----------------------------------------------------------------+
|         501|   -8.051579|   -7.492874|    0.325949|    0.003551|
+-----------------------------------------------------------------------+
|Fixed CL Mode                           |Value                         |
+-----------------------------------------------------------------------+
|Current CL                              |0.325949                      |
|Target CL                               |0.326                         |
|Previous AOA                            |0.745076                      |
|Changed AoA by                          |0.000257396                   |
+-----------------------------------------------------------------------+
+----------------------------------------------------------------+
|  Inner_Iter|    rms[Rho]|   rms[RhoE]|          CL|          CD|
+----------------------------------------------------------------+
|         502|   -6.401359|   -5.794687|    0.325949|    0.003551|
|         503|   -6.698452|   -6.087948|    0.325951|    0.003551|
|         504|   -6.940841|   -6.347297|    0.325958|    0.003552|
|         505|   -7.139718|   -6.529328|    0.325970|    0.003552|
|         506|   -7.302298|   -6.703463|    0.325980|    0.003552|
|         507|   -7.398149|   -6.800406|    0.325986|    0.003552|
|         508|   -7.532434|   -6.931609|    0.325988|    0.003552|
|         509|   -7.562444|   -6.959907|    0.325988|    0.003552|
|         510|   -7.615239|   -7.011139|    0.325990|    0.003552|
|         511|   -7.732082|   -7.134198|    0.325993|    0.003552|
|         512|   -7.806432|   -7.217872|    0.325995|    0.003552|
|         513|   -7.827842|   -7.238859|    0.325998|    0.003553|
|         514|   -7.876264|   -7.289520|    0.326000|    0.003553|
|         515|   -7.934373|   -7.357215|    0.326002|    0.003553|
|         516|   -7.957725|   -7.388953|    0.326003|    0.003553|
|         517|   -7.961343|   -7.396325|    0.326005|    0.003553|
|         518|   -7.960485|   -7.398373|    0.326007|    0.003553|
|         519|   -7.954962|   -7.396051|    0.326008|    0.003553|
|         520|   -7.946408|   -7.390623|    0.326010|    0.003553|
|         521|   -7.937072|   -7.383983|    0.326011|    0.003553|
|         522|   -7.927371|   -7.376241|    0.326012|    0.003553|
|         523|   -7.917591|   -7.367621|    0.326014|    0.003553|
|         524|   -7.908582|   -7.359257|    0.326015|    0.003553|
|         525|   -7.901119|   -7.352199|    0.326016|    0.003553|
|         526|   -7.895565|   -7.346882|    0.326017|    0.003553|
|         527|   -7.891990|   -7.343379|    0.326018|    0.003553|
|         528|   -7.890365|   -7.341687|    0.326019|    0.003553|
|         529|   -7.890659|   -7.341824|    0.326020|    0.003553|
|         530|   -7.892859|   -7.343819|    0.326021|    0.003553|
|         531|   -7.896936|   -7.347663|    0.326022|    0.003553|
|         532|   -7.902836|   -7.353300|    0.326023|    0.003553|
|         533|   -7.910497|   -7.360661|    0.326024|    0.003553|
|         534|   -7.919870|   -7.369694|    0.326024|    0.003553|
|         535|   -7.930913|   -7.380357|    0.326025|    0.003553|
|         536|   -7.943586|   -7.392616|    0.326026|    0.003553|
|         537|   -7.957852|   -7.406438|    0.326026|    0.003553|
|         538|   -7.973674|   -7.421792|    0.326027|    0.003553|
|         539|   -7.991018|   -7.438646|    0.326027|    0.003553|
|         540|   -8.009847|   -7.456970|    0.326027|    0.003553|
|         541|   -8.030126|   -7.476729|    0.326028|    0.003553|
|         542|   -8.051818|   -7.497887|    0.326028|    0.003553|
|         543|   -8.074884|   -7.520408|    0.326028|    0.003553|
|         544|   -8.099284|   -7.544256|    0.326028|    0.003553|
|         545|   -8.124976|   -7.569394|    0.326028|    0.003553|
|         546|   -8.151922|   -7.595786|    0.326029|    0.003553|
|         547|   -8.180080|   -7.623397|    0.326029|    0.003553|
|         548|   -8.209410|   -7.652192|    0.326029|    0.003553|
|         549|   -8.239873|   -7.682136|    0.326029|    0.003553|
|         550|   -8.271427|   -7.713191|    0.326029|    0.003553|
|         551|   -8.304029|   -7.745317|    0.326029|    0.003552|
+-----------------------------------------------------------------------+
|Fixed CL Mode                           |Value                         |
+-----------------------------------------------------------------------+
|Current CL                              |0.326029                      |
|Target CL                               |0.326                         |
|Previous AOA                            |0.745334                      |
|Changed AoA by                          |-0.000143787                  |
+-----------------------------------------------------------------------+
+----------------------------------------------------------------+
|  Inner_Iter|    rms[Rho]|   rms[RhoE]|          CL|          CD|
+----------------------------------------------------------------+
|         552|   -6.654242|   -6.047569|    0.326029|    0.003552|
|         553|   -6.951334|   -6.340830|    0.326028|    0.003552|
|         554|   -7.193722|   -6.600178|    0.326023|    0.003552|
|         555|   -7.392597|   -6.782208|    0.326017|    0.003552|
|         556|   -7.555175|   -6.956341|    0.326011|    0.003552|
|         557|   -7.651025|   -7.053283|    0.326008|    0.003552|
|         558|   -7.785305|   -7.184482|    0.326007|    0.003552|
|         559|   -7.815317|   -7.212780|    0.326007|    0.003552|
|         560|   -7.868112|   -7.264013|    0.326006|    0.003552|
|         561|   -7.984953|   -7.387069|    0.326004|    0.003551|
|         562|   -8.059298|   -7.470738|    0.326003|    0.003551|
|         563|   -8.080703|   -7.491722|    0.326001|    0.003551|
|         564|   -8.129111|   -7.542370|    0.326000|    0.003551|
|         565|   -8.187190|   -7.610039|    0.325999|    0.003551|
|         566|   -8.210506|   -7.641743|    0.325998|    0.003551|
|         567|   -8.214088|   -7.649081|    0.325997|    0.003551|
|         568|   -8.213193|   -7.651094|    0.325996|    0.003551|
|         569|   -8.207637|   -7.648740|    0.325995|    0.003551|
|         570|   -8.199058|   -7.643284|    0.325995|    0.003551|
|         571|   -8.189702|   -7.636623|    0.325994|    0.003551|
|         572|   -8.179989|   -7.628868|    0.325993|    0.003551|
|         573|   -8.170205|   -7.620241|    0.325992|    0.003551|
|         574|   -8.161197|   -7.611878|    0.325992|    0.003551|
|         575|   -8.153741|   -7.604826|    0.325991|    0.003551|
|         576|   -8.148197|   -7.599517|    0.325990|    0.003551|
|         577|   -8.144636|   -7.596027|    0.325990|    0.003551|
|         578|   -8.143027|   -7.594351|    0.325989|    0.003551|
|         579|   -8.143340|   -7.594507|    0.325989|    0.003551|
|         580|   -8.145560|   -7.596521|    0.325988|    0.003551|
|         581|   -8.149659|   -7.600386|    0.325988|    0.003551|
|         582|   -8.155581|   -7.606045|    0.325987|    0.003551|
|         583|   -8.163265|   -7.613429|    0.325987|    0.003551|
|         584|   -8.172661|   -7.622484|    0.325986|    0.003551|
|         585|   -8.183726|   -7.633170|    0.325986|    0.003551|
|         586|   -8.196422|   -7.645451|    0.325986|    0.003551|
|         587|   -8.210709|   -7.659295|    0.325985|    0.003551|
|         588|   -8.226552|   -7.674669|    0.325985|    0.003551|
|         589|   -8.243915|   -7.691544|    0.325985|    0.003551|
|         590|   -8.262763|   -7.709886|    0.325985|    0.003551|
|         591|   -8.283059|   -7.729661|    0.325985|    0.003551|
|         592|   -8.304766|   -7.750835|    0.325984|    0.003551|
|         593|   -8.327846|   -7.773371|    0.325984|    0.003551|
|         594|   -8.352258|   -7.797231|    0.325984|    0.003551|
|         595|   -8.377961|   -7.822380|    0.325984|    0.003551|
|         596|   -8.404916|   -7.848781|    0.325984|    0.003551|
|         597|   -8.433081|   -7.876400|    0.325984|    0.003551|
|         598|   -8.462418|   -7.905202|    0.325984|    0.003551|
|         599|   -8.492886|   -7.935151|    0.325984|    0.003551|
|         600|   -8.524444|   -7.966210|    0.325984|    0.003551|
|         601|   -8.557048|   -7.998339|    0.325984|    0.003552|
+-----------------------------------------------------------------------+
|Fixed CL Mode                           |Value                         |
+-----------------------------------------------------------------------+
|Current CL                              |0.325984                      |
|Target CL                               |0.326                         |
|Previous AOA                            |0.74519                       |
|Changed AoA by                          |8.03456e-05                   |
+-----------------------------------------------------------------------+
+----------------------------------------------------------------+
|  Inner_Iter|    rms[Rho]|   rms[RhoE]|          CL|          CD|
+----------------------------------------------------------------+
|         602|   -6.906999|   -6.300326|    0.325984|    0.003552|
|         603|   -7.204091|   -6.593587|    0.325985|    0.003552|
|         604|   -7.446479|   -6.852935|    0.325987|    0.003552|
|         605|   -7.645355|   -7.034966|    0.325991|    0.003552|
|         606|   -7.807935|   -7.209100|    0.325994|    0.003552|
|         607|   -7.903786|   -7.306043|    0.325996|    0.003552|
|         608|   -8.038068|   -7.437244|    0.325996|    0.003552|
|         609|   -8.068079|   -7.465542|    0.325996|    0.003552|
|         610|   -8.120873|   -7.516774|    0.325997|    0.003552|
|         611|   -8.237714|   -7.639831|    0.325998|    0.003552|
|         612|   -8.312060|   -7.723501|    0.325999|    0.003552|
|         613|   -8.333466|   -7.744485|    0.325999|    0.003552|
|         614|   -8.381879|   -7.795137|    0.326000|    0.003552|
|         615|   -8.439970|   -7.862816|    0.326001|    0.003552|
|         616|   -8.463300|   -7.894533|    0.326001|    0.003552|
|         617|   -8.466898|   -7.901886|    0.326002|    0.003552|
|         618|   -8.466019|   -7.903915|    0.326002|    0.003552|
|         619|   -8.460478|   -7.901575|    0.326003|    0.003552|
|         620|   -8.451911|   -7.896132|    0.326003|    0.003552|
|         621|   -8.442564|   -7.889480|    0.326003|    0.003552|
|         622|   -8.432857|   -7.881731|    0.326004|    0.003552|
|         623|   -8.423074|   -7.873107|    0.326004|    0.003552|
|         624|   -8.414065|   -7.864744|    0.326005|    0.003552|
|         625|   -8.406606|   -7.857688|    0.326005|    0.003552|
|         626|   -8.401056|   -7.852375|    0.326005|    0.003552|
|         627|   -8.397487|   -7.848877|    0.326006|    0.003552|
|         628|   -8.395870|   -7.847193|    0.326006|    0.003552|
|         629|   -8.396173|   -7.847339|    0.326006|    0.003552|
|         630|   -8.398382|   -7.849343|    0.326007|    0.003552|
|         631|   -8.402469|   -7.853196|    0.326007|    0.003552|
|         632|   -8.408379|   -7.858843|    0.326007|    0.003552|
|         633|   -8.416051|   -7.866215|    0.326007|    0.003552|
|         634|   -8.425434|   -7.875258|    0.326008|    0.003552|
|         635|   -8.436488|   -7.885932|    0.326008|    0.003552|
|         636|   -8.449171|   -7.898201|    0.326008|    0.003552|
|         637|   -8.463447|   -7.912033|    0.326008|    0.003552|
|         638|   -8.479279|   -7.927396|    0.326008|    0.003552|
|         639|   -8.496631|   -7.944260|    0.326008|    0.003552|
|         640|   -8.515469|   -7.962592|    0.326009|    0.003552|
|         641|   -8.535756|   -7.982358|    0.326009|    0.003552|
|         642|   -8.557455|   -8.003524|    0.326009|    0.003552|
|         643|   -8.580527|   -8.026052|    0.326009|    0.003552|
|         644|   -8.604932|   -8.049905|    0.326009|    0.003552|
|         645|   -8.630630|   -8.075048|    0.326009|    0.003552|
|         646|   -8.657579|   -8.101444|    0.326009|    0.003552|
|         647|   -8.685740|   -8.129058|    0.326009|    0.003552|
|         648|   -8.715073|   -8.157856|    0.326009|    0.003552|
|         649|   -8.745538|   -8.187802|    0.326009|    0.003552|
|         650|   -8.777094|   -8.218859|    0.326009|    0.003552|
|         651|   -8.809697|   -8.250986|    0.326009|    0.003552|
+-----------------------------------------------------------------------+
|Fixed CL Mode                           |Value                         |
+-----------------------------------------------------------------------+
|Current CL                              |0.326009                      |
|Target CL                               |0.326                         |
|Previous AOA                            |0.74527                       |
|Changed AoA by                          |-4.48959e-05                  |
+-----------------------------------------------------------------------+
+----------------------------------------------------------------+
|  Inner_Iter|    rms[Rho]|   rms[RhoE]|          CL|          CD|
+----------------------------------------------------------------+
|         652|   -7.159754|   -6.553081|    0.326009|    0.003552|
|         653|   -7.456846|   -6.846342|    0.326009|    0.003552|
|         654|   -7.699234|   -7.105690|    0.326007|    0.003552|
|         655|   -7.898110|   -7.287721|    0.326005|    0.003552|
|         656|   -8.060689|   -7.461854|    0.326004|    0.003552|
|         657|   -8.156539|   -7.558797|    0.326002|    0.003552|
|         658|   -8.290821|   -7.689997|    0.326002|    0.003552|
|         659|   -8.320832|   -7.718295|    0.326002|    0.003552|
|         660|   -8.373627|   -7.769528|    0.326002|    0.003552|
|         661|   -8.490469|   -7.892585|    0.326001|    0.003552|
|         662|   -8.564815|   -7.976255|    0.326001|    0.003552|
|         663|   -8.586220|   -7.997238|    0.326000|    0.003552|
|         664|   -8.634630|   -8.047889|    0.326000|    0.003552|
|         665|   -8.692714|   -8.115562|    0.326000|    0.003552|
|         666|   -8.716037|   -8.147272|    0.325999|    0.003552|
|         667|   -8.719626|   -8.154616|    0.325999|    0.003552|
|         668|   -8.718738|   -8.156636|    0.325999|    0.003552|
|         669|   -8.713189|   -8.154289|    0.325999|    0.003552|
|         670|   -8.704615|   -8.148839|    0.325998|    0.003552|
|         671|   -8.695263|   -8.142182|    0.325998|    0.003552|
|         672|   -8.685552|   -8.134429|    0.325998|    0.003552|
|         673|   -8.675769|   -8.125804|    0.325998|    0.003552|
|         674|   -8.666761|   -8.117441|    0.325997|    0.003552|
|         675|   -8.659304|   -8.110387|    0.325997|    0.003552|
|         676|   -8.653757|   -8.105077|    0.325997|    0.003552|
|         677|   -8.650193|   -8.101584|    0.325997|    0.003552|
|         678|   -8.648581|   -8.099904|    0.325997|    0.003552|
|         679|   -8.648889|   -8.100055|    0.325996|    0.003552|
|         680|   -8.651105|   -8.102066|    0.325996|    0.003552|
|         681|   -8.655199|   -8.105926|    0.325996|    0.003552|
|         682|   -8.661115|   -8.111579|    0.325996|    0.003552|
|         683|   -8.668794|   -8.118958|    0.325996|    0.003552|
|         684|   -8.678185|   -8.128008|    0.325996|    0.003552|
|         685|   -8.689245|   -8.138689|    0.325996|    0.003552|
|         686|   -8.701936|   -8.150965|    0.325996|    0.003552|
|         687|   -8.716218|   -8.164804|    0.325995|    0.003552|
|         688|   -8.732057|   -8.180174|    0.325995|    0.003552|
|         689|   -8.749415|   -8.197044|    0.325995|    0.003552|
|         690|   -8.768259|   -8.215382|    0.325995|    0.003552|
|         691|   -8.788551|   -8.235153|    0.325995|    0.003552|
|         692|   -8.810255|   -8.256324|    0.325995|    0.003552|
|         693|   -8.833332|   -8.278856|    0.325995|    0.003552|
|         694|   -8.857741|   -8.302714|    0.325995|    0.003552|
|         695|   -8.883442|   -8.327860|    0.325995|    0.003552|
|         696|   -8.910394|   -8.354260|    0.325995|    0.003552|
|         697|   -8.938558|   -8.381877|    0.325995|    0.003552|
|         698|   -8.967893|   -8.410677|    0.325995|    0.003552|
|         699|   -8.998360|   -8.440625|    0.325995|    0.003552|
|         700|   -9.029917|   -8.471683|    0.325995|    0.003552|
|         701|   -9.062521|   -8.503811|    0.325995|    0.003552|
+-----------------------------------------------------------------------+
|Fixed CL Mode                           |Value                         |
+-----------------------------------------------------------------------+
|Current CL                              |0.325995                      |
|Target CL                               |0.326                         |
|Previous AOA                            |0.745225                      |
|Changed AoA by                          |2.50864e-05                   |
+-----------------------------------------------------------------------+
+----------------------------------------------------------------+
|  Inner_Iter|    rms[Rho]|   rms[RhoE]|          CL|          CD|
+----------------------------------------------------------------+
|         702|   -7.412522|   -6.805850|    0.325995|    0.003552|
|         703|   -7.709615|   -7.099111|    0.325995|    0.003552|
|         704|   -7.952003|   -7.358459|    0.325996|    0.003552|
|         705|   -8.150879|   -7.540489|    0.325997|    0.003552|
|         706|   -8.313458|   -7.714623|    0.325998|    0.003552|
|         707|   -8.409309|   -7.811566|    0.325999|    0.003552|
|         708|   -8.543591|   -7.942767|    0.325999|    0.003552|
|         709|   -8.573602|   -7.971065|    0.325999|    0.003552|
|         710|   -8.626396|   -8.022297|    0.325999|    0.003552|
|         711|   -8.743237|   -8.145353|    0.325999|    0.003552|
|         712|   -8.817583|   -8.229023|    0.326000|    0.003552|
|         713|   -8.838989|   -8.250007|    0.326000|    0.003552|
|         714|   -8.887400|   -8.300659|    0.326000|    0.003552|
|         715|   -8.945488|   -8.368335|    0.326000|    0.003552|
|         716|   -8.968815|   -8.400048|    0.326000|    0.003552|
|         717|   -8.972408|   -8.407398|    0.326000|    0.003552|
|         718|   -8.971526|   -8.409422|    0.326001|    0.003552|
|         719|   -8.965981|   -8.407079|    0.326001|    0.003552|
|         720|   -8.957411|   -8.401633|    0.326001|    0.003552|
|         721|   -8.948062|   -8.394979|    0.326001|    0.003552|
|         722|   -8.938353|   -8.387228|    0.326001|    0.003552|
|         723|   -8.928570|   -8.378604|    0.326001|    0.003552|
|         724|   -8.919562|   -8.370240|    0.326001|    0.003552|
|         725|   -8.912103|   -8.363185|    0.326002|    0.003552|
|         726|   -8.906554|   -8.357873|    0.326002|    0.003552|
|         727|   -8.902988|   -8.354378|    0.326002|    0.003552|
|         728|   -8.901373|   -8.352696|    0.326002|    0.003552|
|         729|   -8.901678|   -8.352844|    0.326002|    0.003552|
|         730|   -8.903890|   -8.354851|    0.326002|    0.003552|
|         731|   -8.907980|   -8.358707|    0.326002|    0.003552|
|         732|   -8.913893|   -8.364357|    0.326002|    0.003552|
|         733|   -8.921568|   -8.371732|    0.326002|    0.003552|
|         734|   -8.930954|   -8.380778|    0.326002|    0.003552|
|         735|   -8.942011|   -8.391455|    0.326002|    0.003552|
|         736|   -8.954697|   -8.403727|    0.326002|    0.003552|
|         737|   -8.968976|   -8.417562|    0.326003|    0.003552|
|         738|   -8.984811|   -8.432928|    0.326003|    0.003552|
|         739|   -9.002166|   -8.449795|    0.326003|    0.003552|
|         740|   -9.021007|   -8.468129|    0.326003|    0.003552|
|         741|   -9.041296|   -8.487898|    0.326003|    0.003552|
|         742|   -9.062997|   -8.509066|    0.326003|    0.003552|
|         743|   -9.086071|   -8.531596|    0.326003|    0.003552|
|         744|   -9.110478|   -8.555451|    0.326003|    0.003552|
|         745|   -9.136178|   -8.580596|    0.326003|    0.003552|
|         746|   -9.163129|   -8.606993|    0.326003|    0.003552|
|         747|   -9.191291|   -8.634609|    0.326003|    0.003552|
|         748|   -9.220625|   -8.663408|    0.326003|    0.003552|
|         749|   -9.251091|   -8.693355|    0.326003|    0.003552|
|         750|   -9.282648|   -8.724413|    0.326003|    0.003552|
+-----------------------------------------------------------------------+
|        File Writing Summary       |              Filename             |
+-----------------------------------------------------------------------+
|SU2 binary restart                 |restart_flow.dat                   |
Writing Flow Meta-Data file: flow.meta
|Paraview                           |flow.vtu                           |
Writing Flow Meta-Data file: flow.meta
|Paraview surface                   |surface_flow.vtu                   |
Writing Flow Meta-Data file: flow.meta
|CSV file                           |surface_flow.csv                   |
Writing Flow Meta-Data file: flow.meta
+-----------------------------------------------------------------------+
+----------------------------------------------------------------+
|  Inner_Iter|    rms[Rho]|   rms[RhoE]|          CL|          CD|
+----------------------------------------------------------------+
|         751|   -9.315251|   -8.756541|    0.326003|    0.003552|
+-----------------------------------------------------------------------+
|Fixed CL Mode                           |Value                         |
+-----------------------------------------------------------------------+
|Current CL                              |0.326003                      |
|Target CL                               |0.326                         |
|Previous AOA                            |0.74525                       |
|Changed AoA by                          |-1.40177e-05                  |
+-----------------------------------------------------------------------+
+----------------------------------------------------------------+
|  Inner_Iter|    rms[Rho]|   rms[RhoE]|          CL|          CD|
+----------------------------------------------------------------+
|         752|   -7.665283|   -7.058611|    0.326003|    0.003552|
|         753|   -7.962375|   -7.351872|    0.326003|    0.003552|
|         754|   -8.204764|   -7.611219|    0.326002|    0.003552|
|         755|   -8.403639|   -7.793250|    0.326002|    0.003552|
|         756|   -8.566219|   -7.967384|    0.326001|    0.003552|
|         757|   -8.662069|   -8.064326|    0.326001|    0.003552|
|         758|   -8.796351|   -8.195527|    0.326001|    0.003552|
|         759|   -8.826362|   -8.223825|    0.326001|    0.003552|
|         760|   -8.879156|   -8.275057|    0.326001|    0.003552|
|         761|   -8.995997|   -8.398114|    0.326000|    0.003552|
|         762|   -9.070343|   -8.481783|    0.326000|    0.003552|
|         763|   -9.091748|   -8.502767|    0.326000|    0.003552|
|         764|   -9.140158|   -8.553417|    0.326000|    0.003552|
|         765|   -9.198243|   -8.621091|    0.326000|    0.003552|
|         766|   -9.221567|   -8.652802|    0.326000|    0.003552|
|         767|   -9.225158|   -8.660148|    0.326000|    0.003552|
|         768|   -9.224272|   -8.662170|    0.326000|    0.003552|
|         769|   -9.218724|   -8.659824|    0.326000|    0.003552|
|         770|   -9.210152|   -8.654375|    0.325999|    0.003552|
|         771|   -9.200801|   -8.647719|    0.325999|    0.003552|
|         772|   -9.191091|   -8.639968|    0.325999|    0.003552|
|         773|   -9.181308|   -8.631343|    0.325999|    0.003552|
|         774|   -9.172300|   -8.622979|    0.325999|    0.003552|
|         775|   -9.164842|   -8.615925|    0.325999|    0.003552|
|         776|   -9.159294|   -8.610614|    0.325999|    0.003552|
|         777|   -9.155729|   -8.607120|    0.325999|    0.003552|
|         778|   -9.154116|   -8.605439|    0.325999|    0.003552|
|         779|   -9.154423|   -8.605589|    0.325999|    0.003552|
|         780|   -9.156637|   -8.607598|    0.325999|    0.003552|
|         781|   -9.160729|   -8.611456|    0.325999|    0.003552|
|         782|   -9.166644|   -8.617108|    0.325999|    0.003552|
|         783|   -9.174321|   -8.624485|    0.325999|    0.003552|
|         784|   -9.183710|   -8.633534|    0.325999|    0.003552|
|         785|   -9.194768|   -8.644213|    0.325999|    0.003552|
|         786|   -9.207457|   -8.656487|    0.325999|    0.003552|
|         787|   -9.221738|   -8.670324|    0.325999|    0.003552|
|         788|   -9.237575|   -8.685692|    0.325999|    0.003552|
|         789|   -9.254932|   -8.702560|    0.325999|    0.003552|
|         790|   -9.273774|   -8.720897|    0.325999|    0.003552|
|         791|   -9.294065|   -8.740667|    0.325998|    0.003552|
|         792|   -9.315768|   -8.761837|    0.325998|    0.003552|
|         793|   -9.338843|   -8.784368|    0.325998|    0.003552|
|         794|   -9.363251|   -8.808225|    0.325998|    0.003552|
|         795|   -9.388952|   -8.833370|    0.325998|    0.003552|
|         796|   -9.415904|   -8.859769|    0.325998|    0.003552|
|         797|   -9.444067|   -8.887385|    0.325998|    0.003552|
|         798|   -9.473402|   -8.916185|    0.325998|    0.003552|
|         799|   -9.503868|   -8.946132|    0.325998|    0.003552|
|         800|   -9.535425|   -8.977190|    0.325998|    0.003552|
|         801|   -9.568028|   -9.009319|    0.325998|    0.003552|
+-----------------------------------------------------------------------+
|Fixed CL Mode                           |Value                         |
+-----------------------------------------------------------------------+
|Current CL                              |0.325998                      |
|Target CL                               |0.326                         |
|Previous AOA                            |0.745236                      |
|Changed AoA by                          |7.8329e-06                    |
+-----------------------------------------------------------------------+
+----------------------------------------------------------------+
|  Inner_Iter|    rms[Rho]|   rms[RhoE]|          CL|          CD|
+----------------------------------------------------------------+
|         802|   -7.918038|   -7.311365|    0.325998|    0.003552|
|         803|   -8.215130|   -7.604627|    0.325998|    0.003552|
|         804|   -8.457519|   -7.863974|    0.325999|    0.003552|
|         805|   -8.656394|   -8.046005|    0.325999|    0.003552|
|         806|   -8.818974|   -8.220139|    0.325999|    0.003552|
|         807|   -8.914824|   -8.317082|    0.326000|    0.003552|
|         808|   -9.049106|   -8.448282|    0.326000|    0.003552|
|         809|   -9.079117|   -8.476580|    0.326000|    0.003552|
|         810|   -9.131911|   -8.527812|    0.326000|    0.003552|
|         811|   -9.248753|   -8.650869|    0.326000|    0.003552|
|         812|   -9.323098|   -8.734539|    0.326000|    0.003552|
|         813|   -9.344503|   -8.755522|    0.326000|    0.003552|
|         814|   -9.392914|   -8.806173|    0.326000|    0.003552|
|         815|   -9.451000|   -8.873848|    0.326000|    0.003552|
|         816|   -9.474326|   -8.905560|    0.326000|    0.003552|
|         817|   -9.477918|   -8.912908|    0.326000|    0.003552|
|         818|   -9.477033|   -8.914931|    0.326000|    0.003552|
|         819|   -9.471487|   -8.912586|    0.326000|    0.003552|
|         820|   -9.462916|   -8.907139|    0.326000|    0.003552|
|         821|   -9.453566|   -8.900484|    0.326000|    0.003552|
|         822|   -9.443857|   -8.892733|    0.326000|    0.003552|
|         823|   -9.434074|   -8.884108|    0.326000|    0.003552|
|         824|   -9.425066|   -8.875745|    0.326000|    0.003552|
|         825|   -9.417607|   -8.868690|    0.326000|    0.003552|
|         826|   -9.412059|   -8.863378|    0.326001|    0.003552|
|         827|   -9.408493|   -8.859884|    0.326001|    0.003552|
|         828|   -9.406879|   -8.858202|    0.326001|    0.003552|
|         829|   -9.407185|   -8.858351|    0.326001|    0.003552|
|         830|   -9.409398|   -8.860359|    0.326001|    0.003552|
|         831|   -9.413489|   -8.864216|    0.326001|    0.003552|
|         832|   -9.419403|   -8.869867|    0.326001|    0.003552|
|         833|   -9.427079|   -8.877243|    0.326001|    0.003552|
|         834|   -9.436466|   -8.886290|    0.326001|    0.003552|
|         835|   -9.447523|   -8.896968|    0.326001|    0.003552|
|         836|   -9.460211|   -8.909241|    0.326001|    0.003552|
|         837|   -9.474491|   -8.923077|    0.326001|    0.003552|
|         838|   -9.490327|   -8.938444|    0.326001|    0.003552|
|         839|   -9.507683|   -8.955311|    0.326001|    0.003552|
|         840|   -9.526524|   -8.973647|    0.326001|    0.003552|
|         841|   -9.546814|   -8.993416|    0.326001|    0.003552|
|         842|   -9.568516|   -9.014585|    0.326001|    0.003552|
|         843|   -9.591590|   -9.037115|    0.326001|    0.003552|
|         844|   -9.615998|   -9.060971|    0.326001|    0.003552|
|         845|   -9.641698|   -9.086116|    0.326001|    0.003552|
|         846|   -9.668649|   -9.112514|    0.326001|    0.003552|
|         847|   -9.696812|   -9.140130|    0.326001|    0.003552|
|         848|   -9.726146|   -9.168929|    0.326001|    0.003552|
|         849|   -9.756612|   -9.198876|    0.326001|    0.003552|
|         850|   -9.788169|   -9.229934|    0.326001|    0.003552|
|         851|   -9.820772|   -9.262062|    0.326001|    0.003552|
+-----------------------------------------------------------------------+
|Fixed CL Mode                           |Value                         |
+-----------------------------------------------------------------------+
|Current CL                              |0.326001                      |
|Target CL                               |0.326                         |
|Previous AOA                            |0.745244                      |
|Changed AoA by                          |-4.37692e-06                  |
+-----------------------------------------------------------------------+
+----------------------------------------------------------------+
|  Inner_Iter|    rms[Rho]|   rms[RhoE]|          CL|          CD|
+----------------------------------------------------------------+
|         852|   -8.170792|   -7.564120|    0.326001|    0.003552|
|         853|   -8.467884|   -7.857381|    0.326001|    0.003552|
|         854|   -8.710273|   -8.116728|    0.326001|    0.003552|
|         855|   -8.909148|   -8.298759|    0.326001|    0.003552|
|         856|   -9.071728|   -8.472893|    0.326000|    0.003552|
|         857|   -9.167578|   -8.569836|    0.326000|    0.003552|
|         858|   -9.301860|   -8.701036|    0.326000|    0.003552|
|         859|   -9.331871|   -8.729334|    0.326000|    0.003552|
|         860|   -9.384665|   -8.780566|    0.326000|    0.003552|
|         861|   -9.501507|   -8.903623|    0.326000|    0.003552|
|         862|   -9.575852|   -8.987292|    0.326000|    0.003552|
|         863|   -9.597257|   -9.008276|    0.326000|    0.003552|
|         864|   -9.645668|   -9.058927|    0.326000|    0.003552|
|         865|   -9.703754|   -9.126601|    0.326000|    0.003552|
|         866|   -9.727078|   -9.158312|    0.326000|    0.003552|
|         867|   -9.730669|   -9.165659|    0.326000|    0.003552|
|         868|   -9.729784|   -9.167682|    0.326000|    0.003552|
|         869|   -9.724237|   -9.165336|    0.326000|    0.003552|
|         870|   -9.715665|   -9.159888|    0.326000|    0.003552|
|         871|   -9.706315|   -9.153233|    0.326000|    0.003552|
|         872|   -9.696605|   -9.145481|    0.326000|    0.003552|
|         873|   -9.686822|   -9.136857|    0.326000|    0.003552|
|         874|   -9.677814|   -9.128493|    0.326000|    0.003552|
|         875|   -9.670356|   -9.121439|    0.326000|    0.003552|
|         876|   -9.664808|   -9.116127|    0.326000|    0.003552|
|         877|   -9.661242|   -9.112633|    0.326000|    0.003552|
|         878|   -9.659629|   -9.110952|    0.326000|    0.003552|
|         879|   -9.659935|   -9.111101|    0.326000|    0.003552|
|         880|   -9.662149|   -9.113110|    0.326000|    0.003552|
|         881|   -9.666240|   -9.116967|    0.326000|    0.003552|
|         882|   -9.672155|   -9.122619|    0.326000|    0.003552|
|         883|   -9.679832|   -9.129996|    0.326000|    0.003552|
|         884|   -9.689220|   -9.139044|    0.326000|    0.003552|
|         885|   -9.700278|   -9.149722|    0.326000|    0.003552|
|         886|   -9.712966|   -9.161996|    0.326000|    0.003552|
|         887|   -9.727247|   -9.175832|    0.326000|    0.003552|
|         888|   -9.743083|   -9.191200|    0.326000|    0.003552|
|         889|   -9.760439|   -9.208068|    0.326000|    0.003552|
|         890|   -9.779281|   -9.226404|    0.326000|    0.003552|
|         891|   -9.799572|   -9.246174|    0.326000|    0.003552|
|         892|   -9.821274|   -9.267343|    0.326000|    0.003552|
|         893|   -9.844349|   -9.289874|    0.326000|    0.003552|
|         894|   -9.868757|   -9.313730|    0.326000|    0.003552|
|         895|   -9.894457|   -9.338875|    0.326000|    0.003552|
|         896|   -9.921409|   -9.365274|    0.326000|    0.003552|
|         897|   -9.949572|   -9.392890|    0.326000|    0.003552|
|         898|   -9.978906|   -9.421690|    0.326000|    0.003552|
|         899|  -10.009373|   -9.451637|    0.326000|    0.003552|
|         900|  -10.040930|   -9.482695|    0.326000|    0.003552|
|         901|  -10.073533|   -9.514823|    0.326000|    0.003552|
|         902|  -10.107135|   -9.547975|    0.326000|    0.003552|
|         903|  -10.141683|   -9.582097|    0.326000|    0.003552|
|         904|  -10.177114|   -9.617127|    0.326000|    0.003552|
|         905|  -10.213361|   -9.652995|    0.326000|    0.003552|
|         906|  -10.250347|   -9.689622|    0.326000|    0.003552|
|         907|  -10.287990|   -9.726925|    0.326000|    0.003552|
|         908|  -10.326199|   -9.764818|    0.326000|    0.003552|
|         909|  -10.364879|   -9.803212|    0.326000|    0.003552|
|         910|  -10.403925|   -9.842015|    0.326000|    0.003552|
|         911|  -10.443220|   -9.881128|    0.326000|    0.003552|
|         912|  -10.482622|   -9.920435|    0.326000|    0.003552|
|         913|  -10.521953|   -9.959787|    0.326000|    0.003552|
|         914|  -10.560978|   -9.998985|    0.326000|    0.003552|
|         915|  -10.599379|  -10.037744|    0.326000|    0.003552|
|         916|  -10.636731|  -10.075671|    0.326000|    0.003552|
|         917|  -10.672488|  -10.112242|    0.326000|    0.003552|
|         918|  -10.705986|  -10.146795|    0.326000|    0.003552|
|         919|  -10.736491|  -10.178570|    0.326000|    0.003552|
|         920|  -10.763284|  -10.206787|    0.326000|    0.003552|
|         921|  -10.785785|  -10.230782|    0.326000|    0.003552|
|         922|  -10.803688|  -10.250141|    0.326000|    0.003552|
|         923|  -10.817036|  -10.264816|    0.326000|    0.003552|
|         924|  -10.826236|  -10.275144|    0.326000|    0.003552|
|         925|  -10.831971|  -10.281784|    0.326000|    0.003552|
|         926|  -10.835079|  -10.285582|    0.326000|    0.003552|
|         927|  -10.836419|  -10.287429|    0.326000|    0.003552|
|         928|  -10.836777|  -10.288146|    0.326000|    0.003552|
|         929|  -10.836812|  -10.288426|    0.326000|    0.003552|
|         930|  -10.837040|  -10.288811|    0.326000|    0.003552|
|         931|  -10.837848|  -10.289703|    0.326000|    0.003552|
|         932|  -10.839510|  -10.291384|    0.326000|    0.003552|
|         933|  -10.842214|  -10.294046|    0.326000|    0.003552|
|         934|  -10.846090|  -10.297818|    0.326000|    0.003552|
|         935|  -10.851222|  -10.302785|    0.326000|    0.003552|
|         936|  -10.857667|  -10.309006|    0.326000|    0.003552|
|         937|  -10.865465|  -10.316522|    0.326000|    0.003552|
|         938|  -10.874648|  -10.325369|    0.326000|    0.003552|
|         939|  -10.885239|  -10.335578|    0.326000|    0.003552|
|         940|  -10.897263|  -10.347179|    0.326000|    0.003552|
|         941|  -10.910739|  -10.360201|    0.326000|    0.003552|
|         942|  -10.925690|  -10.374673|    0.326000|    0.003552|
|         943|  -10.942134|  -10.390621|    0.326000|    0.003552|
|         944|  -10.960086|  -10.408066|    0.326000|    0.003552|
|         945|  -10.979558|  -10.427025|    0.326000|    0.003552|
|         946|  -11.000558|  -10.447508|    0.326000|    0.003552|
|         947|  -11.023085|  -10.469516|    0.326000|    0.003552|
|         948|  -11.047130|  -10.493042|    0.326000|    0.003552|
|         949|  -11.072675|  -10.518066|    0.326000|    0.003552|
|         950|  -11.099681|  -10.544551|    0.326000|    0.003552|
|         951|  -11.128086|  -10.572436|    0.326000|    0.003552|
|         952|  -11.157793|  -10.601627|    0.326000|    0.003552|
|         953|  -11.188662|  -10.631989|    0.326000|    0.003552|
|         954|  -11.220493|  -10.663335|    0.326000|    0.003552|
|         955|  -11.253011|  -10.695414|    0.326000|    0.003552|
|         956|  -11.285850|  -10.727888|    0.326000|    0.003552|
|         957|  -11.318531|  -10.760319|    0.326000|    0.003552|
|         958|  -11.350446|  -10.792149|    0.326000|    0.003552|
|         959|  -11.380861|  -10.822698|    0.326000|    0.003552|
|         960|  -11.408942|  -10.851183|    0.326000|    0.003552|
|         961|  -11.433831|  -10.876777|    0.326000|    0.003552|
|         962|  -11.454763|  -10.898705|    0.326000|    0.003552|
|         963|  -11.471197|  -10.916373|    0.326000|    0.003552|
|         964|  -11.482930|  -10.929478|    0.326000|    0.003552|
|         965|  -11.490145|  -10.938079|    0.326000|    0.003552|
|         966|  -11.493370|  -10.942584|    0.326000|    0.003552|
|         967|  -11.493358|  -10.943659|    0.326000|    0.003552|
|         968|  -11.490961|  -10.942111|    0.326000|    0.003552|
|         969|  -11.487007|  -10.938761|    0.326000|    0.003552|
|         970|  -11.482229|  -10.934363|    0.326000|    0.003552|
|         971|  -11.477229|  -10.929554|    0.326000|    0.003552|
|         972|  -11.472477|  -10.924841|    0.326000|    0.003552|
|         973|  -11.468321|  -10.920608|    0.326000|    0.003552|
|         974|  -11.465013|  -10.917137|    0.326000|    0.003552|
|         975|  -11.462726|  -10.914626|    0.326000|    0.003552|
|         976|  -11.461574|  -10.913206|    0.326000|    0.003552|
|         977|  -11.461628|  -10.912964|    0.326000|    0.003552|
|         978|  -11.462927|  -10.913949|    0.326000|    0.003552|
|         979|  -11.465491|  -10.916187|    0.326000|    0.003552|
|         980|  -11.469321|  -10.919685|    0.326000|    0.003552|
|         981|  -11.474410|  -10.924440|    0.326000|    0.003552|
|         982|  -11.480743|  -10.930440|    0.326000|    0.003552|
|         983|  -11.488303|  -10.937667|    0.326000|    0.003552|
|         984|  -11.497070|  -10.946103|    0.326000|    0.003552|
|         985|  -11.507021|  -10.955726|    0.326000|    0.003552|
|         986|  -11.518136|  -10.966516|    0.326000|    0.003552|
|         987|  -11.530396|  -10.978453|    0.326000|    0.003552|
|         988|  -11.543782|  -10.991518|    0.326000|    0.003552|
|         989|  -11.558277|  -11.005694|    0.326000|    0.003552|
|         990|  -11.573868|  -11.020966|    0.326000|    0.003552|
|         991|  -11.590541|  -11.037322|    0.326000|    0.003552|
|         992|  -11.608289|  -11.054751|    0.326000|    0.003552|
|         993|  -11.627103|  -11.073246|    0.326000|    0.003552|
|         994|  -11.646979|  -11.092801|    0.326000|    0.003552|
|         995|  -11.667917|  -11.113416|    0.326000|    0.003552|
|         996|  -11.689916|  -11.135087|    0.326000|    0.003552|
|         997|  -11.712980|  -11.157820|    0.326000|    0.003552|
|         998|  -11.737116|  -11.181620|    0.326000|    0.003552|
|         999|  -11.762332|  -11.206494|    0.326000|    0.003552|
|        1000|  -11.788638|  -11.232451|    0.326000|    0.003552|
+-----------------------------------------------------------------------+
|      Convergence Field     |     Value    |   Criterion  |  Converged |
+-----------------------------------------------------------------------+
|                    rms[Rho]|      -11.7886|         < -13|          No|
+-----------------------------------------------------------------------+
+-----------------------------------------------------------------------+
|        File Writing Summary       |              Filename             |
+-----------------------------------------------------------------------+
|SU2 binary restart                 |restart_flow.dat                   |
Writing Flow Meta-Data file: flow.meta
|Paraview                           |flow.vtu                           |
Writing Flow Meta-Data file: flow.meta
|Paraview surface                   |surface_flow.vtu                   |
Writing Flow Meta-Data file: flow.meta
|CSV file                           |surface_flow.csv                   |
Writing Flow Meta-Data file: flow.meta
+-----------------------------------------------------------------------+
+----------------------------------------------------------------+
|  Inner_Iter|    rms[Rho]|   rms[RhoE]|          CL|          CD|
+----------------------------------------------------------------+
|        1001|  -11.816048|  -11.259504|    0.325999|    0.003557|
+-----------------------------------------------------------------------+
|Fixed CL Mode                           |Value                         |
+-----------------------------------------------------------------------+
|Current CL                              |0.325999                      |
|Target CL                               |0.326                         |
|Previous AOA                            |0.74524                       |
|Changed AoA by (Finite Difference step) |0.001                         |
+-----------------------------------------------------------------------+
+----------------------------------------------------------------+
|  Inner_Iter|    rms[Rho]|   rms[RhoE]|          CL|          CD|
+----------------------------------------------------------------+
|        1002|   -5.812068|   -5.205354|    0.326000|    0.003557|
|        1003|   -6.109400|   -5.498867|    0.326007|    0.003558|
|        1004|   -6.352482|   -5.758887|    0.326036|    0.003558|
|        1005|   -6.551734|   -5.941047|    0.326080|    0.003559|
|        1006|   -6.715117|   -6.115816|    0.326120|    0.003559|
|        1007|   -6.812218|   -6.213925|    0.326143|    0.003560|
|        1008|   -6.948941|   -6.347343|    0.326149|    0.003560|
|        1009|   -6.978541|   -6.375363|    0.326150|    0.003560|
|        1010|   -7.031039|   -6.426373|    0.326156|    0.003561|
|        1011|   -7.149056|   -6.550783|    0.326166|    0.003561|
|        1012|   -7.223566|   -6.635189|    0.326175|    0.003561|
|        1013|   -7.243622|   -6.655045|    0.326183|    0.003561|
|        1014|   -7.291062|   -6.704822|    0.326191|    0.003562|
|        1015|   -7.348839|   -6.772194|    0.326197|    0.003562|
|        1016|   -7.372705|   -6.804186|    0.326203|    0.003562|
|        1017|   -7.377865|   -6.812768|    0.326208|    0.003562|
|        1018|   -7.379452|   -6.817034|    0.326213|    0.003562|
|        1019|   -7.376835|   -6.817516|    0.326219|    0.003562|
|        1020|   -7.371268|   -6.815015|    0.326223|    0.003562|
|        1021|   -7.364905|   -6.811279|    0.326228|    0.003562|
|        1022|   -7.358117|   -6.806389|    0.326233|    0.003562|
|        1023|   -7.351136|   -6.800535|    0.326237|    0.003562|
|        1024|   -7.344757|   -6.794808|    0.326241|    0.003562|
|        1025|   -7.339760|   -6.790255|    0.326245|    0.003562|
|        1026|   -7.336520|   -6.787300|    0.326249|    0.003562|
|        1027|   -7.335113|   -6.786004|    0.326253|    0.003562|
|        1028|   -7.335517|   -6.786367|    0.326256|    0.003562|
|        1029|   -7.337721|   -6.788430|    0.326260|    0.003562|
|        1030|   -7.341728|   -6.792246|    0.326263|    0.003562|
|        1031|   -7.347526|   -6.797824|    0.326266|    0.003562|
|        1032|   -7.355066|   -6.805113|    0.326269|    0.003562|
|        1033|   -7.364291|   -6.814048|    0.326272|    0.003562|
|        1034|   -7.375158|   -6.824577|    0.326274|    0.003562|
|        1035|   -7.387628|   -6.836667|    0.326277|    0.003562|
|        1036|   -7.401668|   -6.850286|    0.326279|    0.003562|
|        1037|   -7.417242|   -6.865406|    0.326281|    0.003562|
|        1038|   -7.434316|   -6.882001|    0.326282|    0.003562|
|        1039|   -7.452859|   -6.900044|    0.326284|    0.003562|
|        1040|   -7.472836|   -6.919506|    0.326285|    0.003562|
|        1041|   -7.494211|   -6.940354|    0.326286|    0.003562|
|        1042|   -7.516941|   -6.962549|    0.326287|    0.003562|
|        1043|   -7.540982|   -6.986048|    0.326288|    0.003562|
|        1044|   -7.566281|   -7.010803|    0.326289|    0.003563|
|        1045|   -7.592785|   -7.036763|    0.326290|    0.003563|
|        1046|   -7.620434|   -7.063876|    0.326290|    0.003563|
|        1047|   -7.649169|   -7.092086|    0.326291|    0.003563|
|        1048|   -7.678930|   -7.121338|    0.326291|    0.003563|
|        1049|   -7.709654|   -7.151577|    0.326292|    0.003563|
|        1050|   -7.741278|   -7.182745|    0.326292|    0.003563|
|        1051|   -7.773736|   -7.214779|    0.326292|    0.003563|
|        1052|   -7.806957|   -7.247613|    0.326292|    0.003563|
|        1053|   -7.840867|   -7.281173|    0.326292|    0.003563|
|        1054|   -7.875382|   -7.315375|    0.326292|    0.003563|
|        1055|   -7.910415|   -7.350130|    0.326292|    0.003563|
|        1056|   -7.945875|   -7.385344|    0.326292|    0.003563|
|        1057|   -7.981673|   -7.420926|    0.326292|    0.003563|
|        1058|   -8.017721|   -7.456789|    0.326292|    0.003563|
|        1059|   -8.053944|   -7.492863|    0.326292|    0.003562|
|        1060|   -8.090278|   -7.529091|    0.326292|    0.003562|
|        1061|   -8.126673|   -7.565436|    0.326292|    0.003562|
|        1062|   -8.163093|   -7.601878|    0.326291|    0.003562|
|        1063|   -8.199509|   -7.638404|    0.326291|    0.003562|
|        1064|   -8.235888|   -7.674997|    0.326291|    0.003562|
|        1065|   -8.272173|   -7.711615|    0.326291|    0.003562|
|        1066|   -8.308267|   -7.748171|    0.326290|    0.003562|
|        1067|   -8.344008|   -7.784503|    0.326290|    0.003562|
|        1068|   -8.379146|   -7.820354|    0.326290|    0.003562|
|        1069|   -8.413337|   -7.855363|    0.326289|    0.003562|
|        1070|   -8.446144|   -7.889063|    0.326289|    0.003562|
|        1071|   -8.477062|   -7.920915|    0.326289|    0.003562|
|        1072|   -8.505574|   -7.950359|    0.326289|    0.003562|
|        1073|   -8.531219|   -7.976897|    0.326288|    0.003562|
|        1074|   -8.553676|   -8.000182|    0.326288|    0.003562|
|        1075|   -8.572831|   -8.020088|    0.326288|    0.003562|
|        1076|   -8.588804|   -8.036742|    0.326288|    0.003562|
|        1077|   -8.601925|   -8.050491|    0.326288|    0.003562|
|        1078|   -8.612679|   -8.061834|    0.326288|    0.003562|
|        1079|   -8.621620|   -8.071338|    0.326287|    0.003562|
|        1080|   -8.629309|   -8.079560|    0.326287|    0.003562|
|        1081|   -8.636253|   -8.086998|    0.326287|    0.003562|
|        1082|   -8.642886|   -8.094067|    0.326287|    0.003562|
|        1083|   -8.649559|   -8.101097|    0.326287|    0.003562|
|        1084|   -8.656550|   -8.108346|    0.326287|    0.003562|
|        1085|   -8.664077|   -8.116016|    0.326287|    0.003562|
|        1086|   -8.672310|   -8.124271|    0.326287|    0.003562|
|        1087|   -8.681394|   -8.133251|    0.326287|    0.003562|
|        1088|   -8.691446|   -8.143082|    0.326287|    0.003562|
|        1089|   -8.702574|   -8.153884|    0.326287|    0.003562|
|        1090|   -8.714875|   -8.165768|    0.326287|    0.003562|
|        1091|   -8.728435|   -8.178844|    0.326287|    0.003562|
|        1092|   -8.743336|   -8.193211|    0.326287|    0.003562|
|        1093|   -8.759648|   -8.208959|    0.326287|    0.003562|
|        1094|   -8.777427|   -8.226161|    0.326287|    0.003562|
|        1095|   -8.796712|   -8.244869|    0.326287|    0.003562|
|        1096|   -8.817522|   -8.265112|    0.326288|    0.003562|
|        1097|   -8.839849|   -8.286889|    0.326288|    0.003562|
|        1098|   -8.863654|   -8.310162|    0.326288|    0.003562|
|        1099|   -8.888852|   -8.334851|    0.326288|    0.003562|
|        1100|   -8.915307|   -8.360820|    0.326288|    0.003562|
|        1101|   -8.942819|   -8.387873|    0.326288|    0.003562|
|        1102|   -8.971114|   -8.415742|    0.326288|    0.003562|
|        1103|   -8.999826|   -8.444078|    0.326288|    0.003562|
|        1104|   -9.028495|   -8.472441|    0.326288|    0.003562|
|        1105|   -9.056553|   -8.500299|    0.326288|    0.003562|
|        1106|   -9.083339|   -8.527030|    0.326289|    0.003562|
|        1107|   -9.108125|   -8.551952|    0.326289|    0.003562|
|        1108|   -9.130177|   -8.574367|    0.326289|    0.003562|
|        1109|   -9.148843|   -8.593640|    0.326289|    0.003562|
|        1110|   -9.163653|   -8.609283|    0.326289|    0.003562|
|        1111|   -9.174402|   -8.621037|    0.326289|    0.003562|
|        1112|   -9.181190|   -8.628918|    0.326289|    0.003562|
|        1113|   -9.184395|   -8.633209|    0.326289|    0.003562|
|        1114|   -9.184604|   -8.634412|    0.326290|    0.003562|
|        1115|   -9.182501|   -8.633150|    0.326290|    0.003562|
|        1116|   -9.178788|   -8.630093|    0.326290|    0.003562|
|        1117|   -9.174110|   -8.625883|    0.326290|    0.003562|
|        1118|   -9.169023|   -8.621087|    0.326290|    0.003562|
|        1119|   -9.163976|   -8.616181|    0.326290|    0.003562|
|        1120|   -9.159323|   -8.611543|    0.326290|    0.003562|
|        1121|   -9.155325|   -8.607462|    0.326290|    0.003562|
|        1122|   -9.152175|   -8.604154|    0.326290|    0.003562|
|        1123|   -9.150005|   -8.601770|    0.326290|    0.003562|
|        1124|   -9.148903|   -8.600416|    0.326290|    0.003562|
|        1125|   -9.148926|   -8.600160|    0.326291|    0.003562|
|        1126|   -9.150104|   -8.601041|    0.326291|    0.003562|
|        1127|   -9.152450|   -8.603080|    0.326291|    0.003562|
|        1128|   -9.155965|   -8.606282|    0.326291|    0.003562|
|        1129|   -9.160640|   -8.610643|    0.326291|    0.003562|
|        1130|   -9.166461|   -8.616149|    0.326291|    0.003562|
|        1131|   -9.173410|   -8.622786|    0.326291|    0.003562|
|        1132|   -9.181467|   -8.630535|    0.326291|    0.003562|
|        1133|   -9.190613|   -8.639375|    0.326291|    0.003562|
|        1134|   -9.200825|   -8.649287|    0.326291|    0.003562|
|        1135|   -9.212085|   -8.660250|    0.326291|    0.003562|
|        1136|   -9.224373|   -8.672245|    0.326291|    0.003562|
|        1137|   -9.237672|   -8.685254|    0.326291|    0.003562|
|        1138|   -9.251966|   -8.699261|    0.326291|    0.003562|
|        1139|   -9.267241|   -8.714252|    0.326291|    0.003562|
|        1140|   -9.283485|   -8.730214|    0.326291|    0.003562|
|        1141|   -9.300689|   -8.747136|    0.326291|    0.003562|
|        1142|   -9.318846|   -8.765012|    0.326291|    0.003562|
|        1143|   -9.337950|   -8.783836|    0.326291|    0.003562|
|        1144|   -9.358001|   -8.803605|    0.326291|    0.003562|
|        1145|   -9.378999|   -8.824319|    0.326291|    0.003562|
|        1146|   -9.400946|   -8.845980|    0.326291|    0.003562|
|        1147|   -9.423849|   -8.868594|    0.326291|    0.003562|
|        1148|   -9.447715|   -8.892166|    0.326291|    0.003562|
|        1149|   -9.472556|   -8.916707|    0.326291|    0.003562|
|        1150|   -9.498383|   -8.942229|    0.326291|    0.003562|
|        1151|   -9.525211|   -8.968744|    0.326291|    0.003562|
|        1152|   -9.553057|   -8.996270|    0.326291|    0.003562|
|        1153|   -9.581939|   -9.024823|    0.326291|    0.003562|
|        1154|   -9.611877|   -9.054423|    0.326291|    0.003562|
|        1155|   -9.642891|   -9.085089|    0.326291|    0.003562|
|        1156|   -9.675003|   -9.116842|    0.326291|    0.003562|
|        1157|   -9.708233|   -9.149704|    0.326291|    0.003562|
|        1158|   -9.742602|   -9.183696|    0.326291|    0.003562|
|        1159|   -9.778124|   -9.218833|    0.326291|    0.003562|
|        1160|   -9.814808|   -9.255126|    0.326291|    0.003562|
|        1161|   -9.852646|   -9.292572|    0.326291|    0.003562|
|        1162|   -9.891610|   -9.331149|    0.326291|    0.003562|
|        1163|   -9.931640|   -9.370805|    0.326291|    0.003562|
|        1164|   -9.972630|   -9.411447|    0.326291|    0.003562|
|        1165|  -10.014413|   -9.452929|    0.326291|    0.003562|
|        1166|  -10.056740|   -9.495029|    0.326291|    0.003562|
|        1167|  -10.099254|   -9.537429|    0.326291|    0.003562|
|        1168|  -10.141466|   -9.579686|    0.326291|    0.003562|
|        1169|  -10.182733|   -9.621210|    0.326291|    0.003562|
|        1170|  -10.222257|   -9.661258|    0.326291|    0.003562|
|        1171|  -10.259127|   -9.698963|    0.326291|    0.003562|
|        1172|  -10.292406|   -9.733401|    0.326291|    0.003562|
|        1173|  -10.321282|   -9.763725|    0.326291|    0.003562|
|        1174|  -10.345225|   -9.789313|    0.326291|    0.003562|
|        1175|  -10.364117|   -9.809915|    0.326291|    0.003562|
|        1176|  -10.378284|   -9.825708|    0.326291|    0.003562|
|        1177|  -10.388419|   -9.837263|    0.326291|    0.003562|
|        1178|  -10.395434|   -9.845416|    0.326291|    0.003562|
|        1179|  -10.400301|   -9.851112|    0.326291|    0.003562|
|        1180|  -10.403928|   -9.855272|    0.326291|    0.003562|
|        1181|  -10.407085|   -9.858708|    0.326291|    0.003562|
|        1182|  -10.410391|   -9.862084|    0.326291|    0.003562|
|        1183|  -10.414313|   -9.865912|    0.326291|    0.003562|
|        1184|  -10.419193|   -9.870574|    0.326291|    0.003562|
|        1185|  -10.425271|   -9.876344|    0.326291|    0.003562|
|        1186|  -10.432713|   -9.883410|    0.326291|    0.003562|
|        1187|  -10.441625|   -9.891898|    0.326291|    0.003562|
|        1188|  -10.452075|   -9.901890|    0.326291|    0.003562|
|        1189|  -10.464101|   -9.913432|    0.326291|    0.003562|
|        1190|  -10.477721|   -9.926549|    0.326291|    0.003562|
|        1191|  -10.492939|   -9.941250|    0.326291|    0.003562|
|        1192|  -10.509751|   -9.957533|    0.326291|    0.003562|
|        1193|  -10.528145|   -9.975390|    0.326291|    0.003562|
|        1194|  -10.548106|   -9.994807|    0.326291|    0.003562|
|        1195|  -10.569618|  -10.015769|    0.326291|    0.003562|
|        1196|  -10.592658|  -10.038256|    0.326291|    0.003562|
|        1197|  -10.617198|  -10.062241|    0.326291|    0.003562|
|        1198|  -10.643197|  -10.087686|    0.326291|    0.003562|
|        1199|  -10.670595|  -10.114533|    0.326291|    0.003562|
|        1200|  -10.699303|  -10.142699|    0.326291|    0.003562|
|        1201|  -10.729188|  -10.172063|    0.326291|    0.003562|
|        1202|  -10.760065|  -10.202451|    0.326291|    0.003562|
|        1203|  -10.791670|  -10.233623|    0.326291|    0.003562|
|        1204|  -10.823641|  -10.265244|    0.326291|    0.003562|
|        1205|  -10.855489|  -10.296863|    0.326291|    0.003562|
|        1206|  -10.886576|  -10.327889|    0.326291|    0.003562|
|        1207|  -10.916113|  -10.357583|    0.326291|    0.003562|
|        1208|  -10.943186|  -10.385078|    0.326291|    0.003562|
|        1209|  -10.966836|  -10.409447|    0.326291|    0.003562|
|        1210|  -10.986196|  -10.429815|    0.326291|    0.003562|
|        1211|  -11.000651|  -10.445512|    0.326291|    0.003562|
|        1212|  -11.009975|  -10.456215|    0.326291|    0.003562|
|        1213|  -11.014388|  -10.462020|    0.326291|    0.003562|
|        1214|  -11.014501|  -10.463418|    0.326291|    0.003562|
|        1215|  -11.011176|  -10.461190|    0.326291|    0.003562|
|        1216|  -11.005366|  -10.456248|    0.326291|    0.003562|
|        1217|  -10.997984|  -10.449500|    0.326291|    0.003562|
|        1218|  -10.989817|  -10.441755|    0.326291|    0.003562|
|        1219|  -10.981500|  -10.433681|    0.326291|    0.003562|
|        1220|  -10.973517|  -10.425797|    0.326291|    0.003562|
|        1221|  -10.966221|  -10.418489|    0.326291|    0.003562|
|        1222|  -10.959858|  -10.412031|    0.326291|    0.003562|
|        1223|  -10.954596|  -10.406611|    0.326291|    0.003562|
|        1224|  -10.950541|  -10.402355|    0.326291|    0.003562|
|        1225|  -10.947759|  -10.399338|    0.326291|    0.003562|
|        1226|  -10.946284|  -10.397605|    0.326291|    0.003562|
|        1227|  -10.946128|  -10.397176|    0.326291|    0.003562|
|        1228|  -10.947289|  -10.398053|    0.326291|    0.003562|
|        1229|  -10.949757|  -10.400229|    0.326291|    0.003562|
|        1230|  -10.953515|  -10.403690|    0.326291|    0.003562|
|        1231|  -10.958543|  -10.408418|    0.326291|    0.003562|
|        1232|  -10.964819|  -10.414391|    0.326291|    0.003562|
|        1233|  -10.972320|  -10.421588|    0.326291|    0.003562|
|        1234|  -10.981023|  -10.429987|    0.326291|    0.003562|
|        1235|  -10.990908|  -10.439565|    0.326291|    0.003562|
|        1236|  -11.001953|  -10.450304|    0.326291|    0.003562|
|        1237|  -11.014141|  -10.462183|    0.326291|    0.003562|
|        1238|  -11.027453|  -10.475186|    0.326291|    0.003562|
|        1239|  -11.041873|  -10.489296|    0.326291|    0.003562|
|        1240|  -11.057388|  -10.504499|    0.326291|    0.003562|
|        1241|  -11.073985|  -10.520782|    0.326291|    0.003562|
|        1242|  -11.091654|  -10.538134|    0.326291|    0.003562|
|        1243|  -11.110385|  -10.556547|    0.326291|    0.003562|
|        1244|  -11.130172|  -10.576013|    0.326291|    0.003562|
|        1245|  -11.151010|  -10.596526|    0.326291|    0.003562|
|        1246|  -11.172895|  -10.618084|    0.326291|    0.003562|
|        1247|  -11.195826|  -10.640683|    0.326291|    0.003562|
|        1248|  -11.219805|  -10.664325|    0.326291|    0.003562|
|        1249|  -11.244833|  -10.689011|    0.326291|    0.003557|
+-----------------------------------------------------------------------+
|Fixed CL Mode (Finite Difference)       |Value                         |
+-----------------------------------------------------------------------+
|Delta CL / Delta AoA                    |0.291722                      |
|Delta CD / Delta CL                     |0.0365629                     |
|Delta CMz / Delta CL                    |0.104284                      |
+-----------------------------------------------------------------------+
Writing Flow Meta-Data file: flow.meta

----------------------------- Solver Exit -------------------------------

Maximum number of iterations reached (ITER = 1250) before convergence.
+-----------------------------------------------------------------------+
|      Convergence Field     |     Value    |   Criterion  |  Converged |
+-----------------------------------------------------------------------+
|                    rms[Rho]|      -11.2448|         < -13|          No|
+-----------------------------------------------------------------------+
-------------------------------------------------------------------------

--------------------------- Finalizing Solver ---------------------------
Deleted CNumerics container.
Deleted CIntegration container.
Deleted CSolver container.
Deleted CIteration container.
Deleted CInterface container.
Deleted CGeometry container.
Deleted CFreeFormDefBox class.
Deleted CSurfaceMovement class.
Deleted CVolumetricMovement class.
Deleted CConfig container.
Deleted nInst container.
Deleted COutput class.
-------------------------------------------------------------------------

------------------------- Exit Success (SU2_CFD) ------------------------

