
-------------------------------------------------------------------------
|    ___ _   _ ___                                                      |
|   / __| | | |_  )   Release 8.3.0 "Harrier"                           |
|   \__ \ |_| |/ /                                                      |
|   |___/\___//___|   Suite (Computational Fluid Dynamics Code)         |
|                                                                       |
-------------------------------------------------------------------------
| SU2 Project Website: https://su2code.github.io                        |
|                                                                       |
| The SU2 Project is maintained by the SU2 Foundation                   |
| (http://su2foundation.org)                                            |
-------------------------------------------------------------------------
| Copyright 2012-2025, SU2 Contributors                                 |
|                                                                       |
| SU2 is free software; you can redistribute it and/or                  |
| modify it under the terms of the GNU Lesser General Public            |
| License as published by the Free Software Foundation; either          |
| version 2.1 of the License, or (at your option) any later version.    |
|                                                                       |
| SU2 is distributed in the hope that it will be useful,                |
| but WITHOUT ANY WARRANTY; without even the implied warranty of        |
| MERCHANTABILITY or FITNESS FOR A PARTICULAR PURPOSE. See the GNU      |
| Lesser General Public License for more details.                       |
|                                                                       |
| You should have received a copy of the GNU Lesser General Public      |
| License along with SU2. If not, see <http://www.gnu.org/licenses/>.   |
-------------------------------------------------------------------------

Parsing config file for zone 0

----------------- Physical Case Definition ( Zone 0 ) -------------------
Compressible Euler equations.
Mach number: 0.8.
Angle of attack (AoA): 1.25 deg, and angle of sideslip (AoS): 0 deg.
Fixed CL mode, target value: 0.326.
Reading and writing binary SU2 native restart files.
Read flow solution from: solution_flow.
Non-Dimensional simulation (P=1.0, Rho=1.0, T=1.0 at the farfield).
The reference area is 1 m^2.
The semi-span will be computed using the max y(3D) value.
The reference length is 1 m.
Reference origin for moment evaluation is (0.25, 0, 0).
Surface(s) where the force coefficients are evaluated: airfoil.

Surface(s) plotted in the output file: airfoil.
Surface(s) affected by the design variables: airfoil.
Input mesh file name: mesh_NACA0012_inv_deform.su2

--------------- Space Numerical Integration ( Zone 0 ) ------------------
Jameson-Schmidt-Turkel scheme (2nd order in space) for the flow inviscid terms.
JST viscous coefficients (2nd & 4th): 0.5, 0.02.
The method includes a grid stretching correction (p = 0.3).
Gradient for viscous and source terms: Green-Gauss.

--------------- Time Numerical Integration  ( Zone 0 ) ------------------
Local time stepping (steady state simulation).
Euler implicit method for the flow equations.
FGMRES is used for solving the linear system.
Using a LU-SGS preconditioning.
Convergence criteria of the linear solver: 0.0001.
Max number of linear iterations: 2.
V Multigrid Cycle, with 2 multigrid levels.
Damping factor for the residual restriction: 1.
Damping factor for the correction prolongation: 1.
No CFL adaptation.
+-------------------------------------------+
|  MG Level| Presmooth|PostSmooth|CorrectSmo|
+-------------------------------------------+
|         0|         1|         0|         0|
|         1|         2|         0|         0|
|         2|         3|         0|         0|
+-------------------------------------------+
Courant-Friedrichs-Lewy number:       10

------------------ Convergence Criteria  ( Zone 0 ) ---------------------
Maximum number of solver subiterations: 1250.
Begin convergence monitoring at iteration 10.
Residual minimum value: 1e-13.
Cauchy series min. value: 1e-06.
Number of Cauchy elements: 100.
Begin windowed time average at iteration 0.

-------------------- Output Information ( Zone 0 ) ----------------------
File writing frequency: 
+------------------------------------+
|                     File| Frequency|
+------------------------------------+
|                  RESTART|       250|
|                 PARAVIEW|       250|
|         SURFACE_PARAVIEW|       250|
|              SURFACE_CSV|       250|
+------------------------------------+
Writing the convergence history file every 1 inner iterations.
Writing the screen convergence history every 1 inner iterations.
The tabular file format is CSV (.csv).
Convergence history file name: history_direct.
Forces breakdown file name: forces_breakdown.dat.
Surface file name: surface_flow.
Volume file name: flow.
Restart file name: restart_flow.

------------- Config File Boundary Information ( Zone 0 ) ---------------
+-----------------------------------------------------------------------+
|                        Marker Type|                        Marker Name|
+-----------------------------------------------------------------------+
|                         Euler wall|                            airfoil|
+-----------------------------------------------------------------------+
|                          Far-field|                           farfield|
+-----------------------------------------------------------------------+

-------------------- Output Preprocessing ( Zone 0 ) --------------------

WARNING: SURFACE_PRESSURE_DROP can only be computed for at least 2 surfaces (outlet, inlet, ...)

Screen output fields: INNER_ITER, RMS_DENSITY, RMS_ENERGY, LIFT, DRAG
History output group(s): ITER, RMS_RES, AERO_COEFF
Convergence field(s): RMS_DENSITY
Warning: No (valid) fields chosen for time convergence monitoring. Time convergence monitoring inactive.
Volume output fields: COORDINATES, SOLUTION, PRIMITIVE

------------------- Geometry Preprocessing ( Zone 0 ) -------------------
Two dimensional problem.
5233 grid points.
10216 volume elements.
2 surface markers.
200 boundary elements in index 0 (Marker = airfoil).
50 boundary elements in index 1 (Marker = farfield).
10216 triangles.
Setting point connectivity.
Renumbering points (Reverse Cuthill McKee Ordering).
Recomputing point connectivity.
Setting element connectivity.
Checking the numerical grid orientation.
All volume elements are correctly oriented.
All surface elements are correctly oriented.
Identifying edges and vertices.
Setting the control volume structure.
Area of the computational grid: 1253.25.
Searching for the closest normal neighbors to the surfaces.
Storing a mapping from global to local point index.
Compute the surface curvature.
Max K: 7835.1. Mean K: 34.5587. Standard deviation K: 494.405.
Checking for periodicity.
Computing mesh quality statistics for the dual control volumes.
+--------------------------------------------------------------+
|           Mesh Quality Metric|        Minimum|        Maximum|
+--------------------------------------------------------------+
|    Orthogonality Angle (deg.)|        62.9353|        89.5735|
|     CV Face Area Aspect Ratio|        1.00097|        7.19702|
|           CV Sub-Volume Ratio|         1.0021|        6.47326|
+--------------------------------------------------------------+
Setting the multigrid structure.
+-------------------------------------------+
|  MG Level|       CVs|Aggl. Rate|       CFL|
+-------------------------------------------+
|         0|      5233|    1/1.00|        10|
|         1|      1690|     1/3.1|   8.52431|
|         2|       649|     1/2.6|   7.92373|
+-------------------------------------------+
Finding max control volume width.
Wetted area = 2.04855 m.
Area projection in the x-plane = 0.118949 m, y-plane = 0.999845 m.
Max. coordinate in the x-direction = 1 m, y-direction = 0.0607487 m.
Min. coordinate in the x-direction = 0 m, y-direction = -0.0582305 m.
Computing wall distances.

-------------------- Solver Preprocessing ( Zone 0 ) --------------------
WARNING: AoA in the solution file (0.305049 deg.) +
         AoA offset in mesh file (0 deg.) = 0.305049 deg.
WARNING: SU2 will use the dCD/dCL provided in the direct solution file: -0.0556089.
WARNING: SU2 will use the dCMz/dCL provided in the direct solution file: -0.00968934.
Inviscid flow: Computing density based on free-stream
temperature and pressure using the ideal gas law.
Force coefficients computed using free-stream values.

-- Models:
+------------------------------------------------------------------------------+
|          Viscosity Model|        Conductivity Model|              Fluid Model|
+------------------------------------------------------------------------------+
|                        -|                         -|             STANDARD_AIR|
+------------------------------------------------------------------------------+
-- Fluid properties:
+------------------------------------------------------------------------------+
|                  Name|    Dim. value|    Ref. value|      Unit|Non-dim. value|
+------------------------------------------------------------------------------+
|          Gas Constant|       287.058|       287.058|  N.m/kg.K|             1|
|      Spec. Heat Ratio|             -|             -|         -|           1.4|
+------------------------------------------------------------------------------+
-- Initial and free-stream conditions:
+------------------------------------------------------------------------------+
|                  Name|    Dim. value|    Ref. value|      Unit|Non-dim. value|
+------------------------------------------------------------------------------+
|       Static Pressure|        101325|        101325|        Pa|             1|
|               Density|       1.22498|       1.22498|    kg/m^3|             1|
|           Temperature|        288.15|        288.15|         K|             1|
|          Total Energy|        243846|       82715.8|   m^2/s^2|         2.948|
|            Velocity-X|       272.234|       287.603|       m/s|      0.946559|
|            Velocity-Y|       1.44942|       287.603|       m/s|    0.00503963|
|    Velocity Magnitude|       272.238|       287.603|       m/s|      0.946573|
+------------------------------------------------------------------------------+
|           Mach Number|             -|             -|         -|           0.8|
+------------------------------------------------------------------------------+
Initialize Jacobian structure (Euler). MG level: 0.
Initialize Jacobian structure (Euler). MG level: 1.
Initialize Jacobian structure (Euler). MG level: 2.

------------------- Numerics Preprocessing ( Zone 0 ) -------------------

----------------- Integration Preprocessing ( Zone 0 ) ------------------

------------------- Iteration Preprocessing ( Zone 0 ) ------------------
Euler/Navier-Stokes/RANS fluid iteration.

------------------------------ Begin Solver -----------------------------

Simulation Run using the Single-zone Driver
WARNING: SU2 was not compiled for an AVX-capable architecture. Performance could be better,
         see https://su2code.github.io/docs_v7/Build-SU2-Linux-MacOS/#compiler-optimizations
WARNING: SU2 was not compiled for an AVX-capable architecture. Performance could be better,
         see https://su2code.github.io/docs_v7/Build-SU2-Linux-MacOS/#compiler-optimizations
WARNING: SU2 was not compiled for an AVX-capable architecture. Performance could be better,
         see https://su2code.github.io/docs_v7/Build-SU2-Linux-MacOS/#compiler-optimizations
+----------------------------------------------------------------+
|  Inner_Iter|    rms[Rho]|   rms[RhoE]|          CL|          CD|
+----------------------------------------------------------------+
|           0|   -5.014331|   -4.417950|    0.326715|    0.017791|
|           1|   -5.265132|   -4.669954|    0.329810|    0.013999|
|           2|   -5.162141|   -4.577106|    0.331630|    0.012914|
|           3|   -5.149889|   -4.561150|    0.331341|    0.012845|
|           4|   -5.089983|   -4.505462|    0.332529|    0.012395|
|           5|   -5.047755|   -4.468310|    0.334504|    0.012107|
|           6|   -5.043697|   -4.469312|    0.335967|    0.011989|
|           7|   -5.023250|   -4.449389|    0.337344|    0.011876|
|           8|   -5.002112|   -4.430014|    0.338854|    0.011758|
|           9|   -5.002477|   -4.434440|    0.340333|    0.011646|
|          10|   -5.006184|   -4.441361|    0.341764|    0.011557|
|          11|   -5.008061|   -4.444973|    0.343189|    0.011477|
|          12|   -5.008180|   -4.445443|    0.344623|    0.011392|
|          13|   -5.009283|   -4.446071|    0.346057|    0.011298|
|          14|   -5.012117|   -4.448818|    0.347459|    0.011200|
|          15|   -5.014591|   -4.452077|    0.348799|    0.011100|
|          16|   -5.016328|   -4.455202|    0.350074|    0.010994|
|          17|   -5.016630|   -4.457038|    0.351296|    0.010883|
|          18|   -5.014929|   -4.456798|    0.352469|    0.010764|
|          19|   -5.010923|   -4.454195|    0.353589|    0.010638|
|          20|   -5.004361|   -4.449044|    0.354654|    0.010509|
|          21|   -4.995195|   -4.441313|    0.355669|    0.010378|
|          22|   -4.983614|   -4.431071|    0.356639|    0.010250|
|          23|   -4.969974|   -4.418474|    0.357571|    0.010125|
|          24|   -4.955276|   -4.404384|    0.358477|    0.010006|
|          25|   -4.940635|   -4.389910|    0.359357|    0.009893|
|          26|   -4.926655|   -4.375836|    0.360201|    0.009787|
|          27|   -4.913642|   -4.362591|    0.361023|    0.009690|
|          28|   -4.901840|   -4.350473|    0.361830|    0.009600|
|          29|   -4.891459|   -4.339716|    0.362630|    0.009518|
|          30|   -4.882405|   -4.330192|    0.363418|    0.009442|
|          31|   -4.874886|   -4.322082|    0.364198|    0.009372|
|          32|   -4.869394|   -4.315878|    0.364981|    0.009305|
|          33|   -4.866067|   -4.311804|    0.365775|    0.009241|
|          34|   -4.865010|   -4.310125|    0.366588|    0.009178|
|          35|   -4.866271|   -4.310976|    0.367425|    0.009115|
|          36|   -4.869511|   -4.314067|    0.368276|    0.009051|
|          37|   -4.874433|   -4.319151|    0.369128|    0.008984|
|          38|   -4.879274|   -4.324212|    0.369992|    0.008914|
|          39|   -4.883116|   -4.328182|    0.370894|    0.008842|
|          40|   -4.885633|   -4.330690|    0.371824|    0.008766|
|          41|   -4.886999|   -4.331925|    0.372783|    0.008688|
|          42|   -4.888351|   -4.333088|    0.373770|    0.008606|
|          43|   -4.890058|   -4.334515|    0.374776|    0.008523|
|          44|   -4.893085|   -4.337223|    0.375781|    0.008438|
|          45|   -4.898098|   -4.342019|    0.376799|    0.008352|
|          46|   -4.904595|   -4.348291|    0.377827|    0.008266|
|          47|   -4.912150|   -4.355620|    0.378854|    0.008179|
|          48|   -4.920216|   -4.363622|    0.379872|    0.008094|
|          49|   -4.927760|   -4.371523|    0.380859|    0.008011|
|          50|   -4.932900|   -4.377323|    0.381820|    0.007930|
|          51|   -4.935671|   -4.380745|    0.382796|    0.005987|
+-----------------------------------------------------------------------+
|Fixed CL Mode                           |Value                         |
+-----------------------------------------------------------------------+
|Current CL                              |0.382796                      |
|Target CL                               |0.326                         |
|Previous AOA                            |0.305049                      |
|Changed AoA by                          |-0.279098                     |
+-----------------------------------------------------------------------+
+----------------------------------------------------------------+
|  Inner_Iter|    rms[Rho]|   rms[RhoE]|          CL|          CD|
+----------------------------------------------------------------+
|          52|   -3.366075|   -2.759438|    0.383634|    0.005907|
|          53|   -3.663562|   -3.053064|    0.382540|    0.005840|
|          54|   -3.905246|   -3.311784|    0.375449|    0.005743|
|          55|   -4.101608|   -3.491815|    0.364217|    0.005613|
|          56|   -4.259973|   -3.662145|    0.354087|    0.005571|
|          57|   -4.354551|   -3.758142|    0.348534|    0.005503|
|          58|   -4.483693|   -3.885707|    0.347554|    0.005408|
|          59|   -4.511636|   -3.912093|    0.348067|    0.005313|
|          60|   -4.561227|   -3.960287|    0.347305|    0.005181|
|          61|   -4.671713|   -4.077450|    0.345430|    0.005072|
|          62|   -4.740508|   -4.155615|    0.343501|    0.004998|
|          63|   -4.761398|   -4.175846|    0.341857|    0.004936|
|          64|   -4.807114|   -4.222708|    0.340432|    0.004886|
|          65|   -4.866390|   -4.289545|    0.339204|    0.004857|
|          66|   -4.901961|   -4.331830|    0.338182|    0.004847|
|          67|   -4.923417|   -4.355668|    0.337287|    0.004851|
|          68|   -4.942809|   -4.376355|    0.336412|    0.004865|
|          69|   -4.958825|   -4.394212|    0.335523|    0.004892|
|          70|   -4.971952|   -4.409657|    0.334651|    0.004932|
|          71|   -4.983936|   -4.423989|    0.333832|    0.004986|
|          72|   -4.994163|   -4.436082|    0.333043|    0.005051|
|          73|   -5.002112|   -4.445192|    0.332260|    0.005126|
|          74|   -5.008561|   -4.452342|    0.331501|    0.005210|
|          75|   -5.014575|   -4.458960|    0.330787|    0.005298|
|          76|   -5.020568|   -4.465563|    0.330098|    0.005390|
|          77|   -5.027151|   -4.472530|    0.329416|    0.005484|
|          78|   -5.034695|   -4.480198|    0.328743|    0.005581|
|          79|   -5.043233|   -4.488729|    0.328083|    0.005679|
|          80|   -5.052472|   -4.497936|    0.327449|    0.005777|
|          81|   -5.062184|   -4.507644|    0.326842|    0.005873|
|          82|   -5.072267|   -4.517711|    0.326256|    0.005969|
|          83|   -5.082293|   -4.527707|    0.325691|    0.006063|
|          84|   -5.091623|   -4.536939|    0.325141|    0.006156|
|          85|   -5.100109|   -4.545263|    0.324607|    0.006247|
|          86|   -5.107133|   -4.552063|    0.324082|    0.006336|
|          87|   -5.112849|   -4.557503|    0.323576|    0.006425|
|          88|   -5.117491|   -4.561853|    0.323090|    0.006512|
|          89|   -5.121356|   -4.565428|    0.322616|    0.006598|
|          90|   -5.124644|   -4.568402|    0.322151|    0.006684|
|          91|   -5.127466|   -4.570859|    0.321694|    0.006769|
|          92|   -5.129962|   -4.572948|    0.321238|    0.006853|
|          93|   -5.132735|   -4.575328|    0.320776|    0.006937|
|          94|   -5.136798|   -4.579088|    0.320307|    0.007021|
|          95|   -5.140674|   -4.582608|    0.319834|    0.007107|
|          96|   -5.144925|   -4.586424|    0.319359|    0.007194|
|          97|   -5.149409|   -4.590586|    0.318878|    0.007283|
|          98|   -5.153423|   -4.594333|    0.318382|    0.007375|
|          99|   -5.157735|   -4.598496|    0.317866|    0.007467|
|         100|   -5.161965|   -4.602723|    0.317338|    0.007562|
|         101|   -5.165673|   -4.606365|    0.316789|    0.007898|
+-----------------------------------------------------------------------+
|Fixed CL Mode                           |Value                         |
+-----------------------------------------------------------------------+
|Current CL                              |0.316789                      |
|Target CL                               |0.326                         |
|Previous AOA                            |0.025951                      |
|Changed AoA by                          |0.0433112                     |
+-----------------------------------------------------------------------+
+----------------------------------------------------------------+
|  Inner_Iter|    rms[Rho]|   rms[RhoE]|          CL|          CD|
+----------------------------------------------------------------+
|         102|   -4.173007|   -3.566871|    0.316269|    0.007991|
|         103|   -4.465522|   -3.856399|    0.316047|    0.008089|
|         104|   -4.691571|   -4.101022|    0.316751|    0.008192|
|         105|   -4.857790|   -4.257547|    0.318111|    0.008298|
|         106|   -4.971003|   -4.386108|    0.319262|    0.008388|
|         107|   -5.028074|   -4.448283|    0.319640|    0.008481|
|         108|   -5.089327|   -4.514630|    0.319278|    0.008578|
|         109|   -5.100734|   -4.526788|    0.318685|    0.008674|
|         110|   -5.117799|   -4.545502|    0.318261|    0.008776|
|         111|   -5.146931|   -4.580557|    0.317993|    0.008876|
|         112|   -5.160046|   -4.597461|    0.317730|    0.008972|
|         113|   -5.163581|   -4.601569|    0.317405|    0.009067|
|         114|   -5.169831|   -4.608973|    0.317018|    0.009157|
|         115|   -5.175680|   -4.616679|    0.316584|    0.009243|
|         116|   -5.178247|   -4.620513|    0.316105|    0.009325|
|         117|   -5.179357|   -4.622383|    0.315596|    0.009405|
|         118|   -5.179666|   -4.623380|    0.315078|    0.009481|
|         119|   -5.178811|   -4.623212|    0.314554|    0.009556|
|         120|   -5.176764|   -4.621792|    0.314014|    0.009627|
|         121|   -5.174011|   -4.619683|    0.313460|    0.009695|
|         122|   -5.169995|   -4.616226|    0.312894|    0.009761|
|         123|   -5.164747|   -4.611453|    0.312320|    0.009825|
|         124|   -5.158302|   -4.605449|    0.311739|    0.009887|
|         125|   -5.150965|   -4.598571|    0.311150|    0.009946|
|         126|   -5.142809|   -4.590857|    0.310554|    0.010005|
|         127|   -5.134095|   -4.582599|    0.309954|    0.010063|
|         128|   -5.125051|   -4.574044|    0.309352|    0.010119|
|         129|   -5.115914|   -4.565442|    0.308748|    0.010174|
|         130|   -5.106955|   -4.557062|    0.308141|    0.010229|
|         131|   -5.098584|   -4.549313|    0.307535|    0.010283|
|         132|   -5.090547|   -4.541887|    0.306933|    0.010336|
|         133|   -5.083145|   -4.535127|    0.306337|    0.010389|
|         134|   -5.075996|   -4.528549|    0.305748|    0.010440|
|         135|   -5.068824|   -4.521848|    0.305163|    0.010491|
|         136|   -5.061530|   -4.514923|    0.304583|    0.010541|
|         137|   -5.054158|   -4.507822|    0.304008|    0.010589|
|         138|   -5.046855|   -4.500698|    0.303436|    0.010635|
|         139|   -5.040025|   -4.493993|    0.302868|    0.010680|
|         140|   -5.033573|   -4.487603|    0.302304|    0.010723|
|         141|   -5.027651|   -4.481742|    0.301746|    0.010765|
|         142|   -5.022696|   -4.476891|    0.301196|    0.010805|
|         143|   -5.018847|   -4.473187|    0.300651|    0.010843|
|         144|   -5.015834|   -4.470295|    0.300115|    0.010880|
|         145|   -5.014040|   -4.468619|    0.299588|    0.010915|
|         146|   -5.012952|   -4.467519|    0.299073|    0.010948|
|         147|   -5.012249|   -4.466683|    0.298571|    0.010980|
|         148|   -5.012236|   -4.466440|    0.298082|    0.011009|
|         149|   -5.012846|   -4.466673|    0.297605|    0.011036|
|         150|   -5.013771|   -4.467128|    0.297145|    0.011061|
|         151|   -5.015083|   -4.467926|    0.296677|    0.011832|
+-----------------------------------------------------------------------+
|Fixed CL Mode                           |Value                         |
+-----------------------------------------------------------------------+
|Current CL                              |0.296677                      |
|Target CL                               |0.326                         |
|Previous AOA                            |0.0692622                     |
|Changed AoA by                          |0.144273                      |
+-----------------------------------------------------------------------+
+----------------------------------------------------------------+
|  Inner_Iter|    rms[Rho]|   rms[RhoE]|          CL|          CD|
+----------------------------------------------------------------+
|         152|   -3.652395|   -3.045824|    0.296295|    0.011852|
|         153|   -3.949083|   -3.338817|    0.296936|    0.011865|
|         154|   -4.188953|   -3.596027|    0.300713|    0.011896|
|         155|   -4.381735|   -3.773549|    0.306638|    0.011938|
|         156|   -4.534062|   -3.938898|    0.311976|    0.011924|
|         157|   -4.622571|   -4.029695|    0.314932|    0.011914|
|         158|   -4.740816|   -4.148261|    0.315502|    0.011913|
|         159|   -4.770440|   -4.176346|    0.315302|    0.011915|
|         160|   -4.819073|   -4.224099|    0.315762|    0.011944|
|         161|   -4.917823|   -4.330719|    0.316793|    0.011968|
|         162|   -4.980089|   -4.401618|    0.317854|    0.011975|
|         163|   -5.004661|   -4.425160|    0.318769|    0.011972|
|         164|   -5.050219|   -4.471707|    0.319564|    0.011959|
|         165|   -5.106869|   -4.534611|    0.320244|    0.011932|
|         166|   -5.143770|   -4.576434|    0.320812|    0.011893|
|         167|   -5.167571|   -4.601715|    0.321317|    0.011846|
|         168|   -5.187073|   -4.622168|    0.321824|    0.011793|
|         169|   -5.200454|   -4.637258|    0.322342|    0.011732|
|         170|   -5.207799|   -4.646926|    0.322842|    0.011663|
|         171|   -5.210587|   -4.652234|    0.323314|    0.011586|
|         172|   -5.208704|   -4.652616|    0.323772|    0.011504|
|         173|   -5.202064|   -4.647710|    0.324230|    0.011418|
|         174|   -5.191910|   -4.638869|    0.324684|    0.011328|
|         175|   -5.179627|   -4.627631|    0.325128|    0.011238|
|         176|   -5.166160|   -4.614942|    0.325565|    0.011147|
|         177|   -5.152110|   -4.601372|    0.326001|    0.011058|
|         178|   -5.137960|   -4.587438|    0.326439|    0.010969|
|         179|   -5.123934|   -4.573417|    0.326879|    0.010883|
|         180|   -5.110517|   -4.559874|    0.327317|    0.010798|
|         181|   -5.098003|   -4.547152|    0.327754|    0.010717|
|         182|   -5.086627|   -4.535502|    0.328191|    0.010638|
|         183|   -5.076478|   -4.525021|    0.328629|    0.010563|
|         184|   -5.067468|   -4.515642|    0.329076|    0.010493|
|         185|   -5.059630|   -4.507506|    0.329528|    0.010426|
|         186|   -5.053099|   -4.500790|    0.329980|    0.010363|
|         187|   -5.048105|   -4.495604|    0.330439|    0.010304|
|         188|   -5.044690|   -4.492006|    0.330905|    0.010249|
|         189|   -5.042985|   -4.490289|    0.331380|    0.010197|
|         190|   -5.042118|   -4.489596|    0.331855|    0.010147|
|         191|   -5.041969|   -4.489696|    0.332330|    0.010101|
|         192|   -5.042571|   -4.490613|    0.332808|    0.010057|
|         193|   -5.043260|   -4.491573|    0.333294|    0.010015|
|         194|   -5.043642|   -4.492164|    0.333785|    0.009975|
|         195|   -5.043532|   -4.492225|    0.334292|    0.009937|
|         196|   -5.042830|   -4.491606|    0.334814|    0.009901|
|         197|   -5.041710|   -4.490469|    0.335348|    0.009866|
|         198|   -5.040568|   -4.489230|    0.335896|    0.009833|
|         199|   -5.040006|   -4.488500|    0.336461|    0.009801|
|         200|   -5.040249|   -4.488538|    0.337033|    0.009770|
|         201|   -5.041642|   -4.489700|    0.337609|    0.009415|
+-----------------------------------------------------------------------+
|Fixed CL Mode                           |Value                         |
+-----------------------------------------------------------------------+
|Current CL                              |0.337609                      |
|Target CL                               |0.326                         |
|Previous AOA                            |0.213535                      |
|Changed AoA by                          |-0.055166                     |
+-----------------------------------------------------------------------+
+----------------------------------------------------------------+
|  Inner_Iter|    rms[Rho]|   rms[RhoE]|          CL|          CD|
+----------------------------------------------------------------+
|         202|   -4.067731|   -3.461675|    0.338138|    0.009386|
|         203|   -4.359592|   -3.750893|    0.338297|    0.009360|
|         204|   -4.585356|   -3.995732|    0.337263|    0.009326|
|         205|   -4.752033|   -4.153373|    0.335394|    0.009286|
|         206|   -4.867799|   -4.284809|    0.333752|    0.009266|
|         207|   -4.929924|   -4.351614|    0.333033|    0.009243|
|         208|   -5.002233|   -4.428581|    0.333196|    0.009215|
|         209|   -5.024818|   -4.450888|    0.333640|    0.009187|
|         210|   -5.054507|   -4.481221|    0.333840|    0.009150|
|         211|   -5.101395|   -4.534275|    0.333809|    0.009115|
|         212|   -5.131011|   -4.567981|    0.333737|    0.009086|
|         213|   -5.148509|   -4.584932|    0.333695|    0.009059|
|         214|   -5.171614|   -4.608168|    0.333679|    0.009035|
|         215|   -5.198024|   -4.636166|    0.333684|    0.009014|
|         216|   -5.221258|   -4.660341|    0.333712|    0.008997|
|         217|   -5.242828|   -4.681987|    0.333753|    0.008982|
|         218|   -5.264579|   -4.703567|    0.333788|    0.008969|
|         219|   -5.286763|   -4.725669|    0.333808|    0.008957|
|         220|   -5.309574|   -4.748576|    0.333820|    0.008948|
|         221|   -5.333622|   -4.772911|    0.333828|    0.008941|
|         222|   -5.358494|   -4.798159|    0.333831|    0.008937|
|         223|   -5.383771|   -4.823809|    0.333827|    0.008934|
|         224|   -5.409554|   -4.850067|    0.333817|    0.008932|
|         225|   -5.434992|   -4.876100|    0.333806|    0.008932|
|         226|   -5.460078|   -4.901780|    0.333795|    0.008933|
|         227|   -5.484934|   -4.927191|    0.333779|    0.008934|
|         228|   -5.509453|   -4.952218|    0.333759|    0.008935|
|         229|   -5.534278|   -4.977584|    0.333737|    0.008938|
|         230|   -5.558676|   -5.002414|    0.333717|    0.008940|
|         231|   -5.582560|   -5.026606|    0.333700|    0.008942|
|         232|   -5.605957|   -5.050226|    0.333685|    0.008945|
|         233|   -5.628973|   -5.073385|    0.333673|    0.008947|
|         234|   -5.651751|   -5.096210|    0.333665|    0.008950|
|         235|   -5.674434|   -5.118847|    0.333662|    0.008953|
|         236|   -5.697147|   -5.141441|    0.333663|    0.008955|
|         237|   -5.720011|   -5.164134|    0.333669|    0.008958|
|         238|   -5.743133|   -5.187052|    0.333680|    0.008960|
|         239|   -5.766600|   -5.210301|    0.333697|    0.008963|
|         240|   -5.790486|   -5.233973|    0.333720|    0.008965|
|         241|   -5.814816|   -5.258102|    0.333747|    0.008968|
|         242|   -5.839586|   -5.282698|    0.333779|    0.008971|
|         243|   -5.864430|   -5.307383|    0.333816|    0.008974|
|         244|   -5.889415|   -5.332255|    0.333858|    0.008977|
|         245|   -5.914361|   -5.357087|    0.333903|    0.008980|
|         246|   -5.939453|   -5.382064|    0.333951|    0.008984|
|         247|   -5.964722|   -5.407186|    0.334003|    0.008988|
|         248|   -5.990061|   -5.432338|    0.334056|    0.008993|
|         249|   -6.015347|   -5.457415|    0.334112|    0.008998|
|         250|   -6.040470|   -5.482318|    0.334168|    0.009003|
+-----------------------------------------------------------------------+
|        File Writing Summary       |              Filename             |
+-----------------------------------------------------------------------+
|SU2 binary restart                 |restart_flow.dat                   |
Writing Flow Meta-Data file: flow.meta
|Paraview                           |flow.vtu                           |
Writing Flow Meta-Data file: flow.meta
|Paraview surface                   |surface_flow.vtu                   |
Writing Flow Meta-Data file: flow.meta
|CSV file                           |surface_flow.csv                   |
Writing Flow Meta-Data file: flow.meta
+-----------------------------------------------------------------------+
+----------------------------------------------------------------+
|  Inner_Iter|    rms[Rho]|   rms[RhoE]|          CL|          CD|
+----------------------------------------------------------------+
|         251|   -6.065344|   -5.506959|    0.334231|    0.008770|
+-----------------------------------------------------------------------+
|Fixed CL Mode                           |Value                         |
+-----------------------------------------------------------------------+
|Current CL                              |0.334231                      |
|Target CL                               |0.326                         |
|Previous AOA                            |0.158369                      |
|Changed AoA by                          |-0.0408393                    |
+-----------------------------------------------------------------------+
+----------------------------------------------------------------+
|  Inner_Iter|    rms[Rho]|   rms[RhoE]|          CL|          CD|
+----------------------------------------------------------------+
|         252|   -4.200913|   -3.594217|    0.334272|    0.008776|
|         253|   -4.498504|   -3.887962|    0.334030|    0.008784|
|         254|   -4.741333|   -4.147719|    0.332905|    0.008787|
|         255|   -4.940110|   -4.329491|    0.331177|    0.008785|
|         256|   -5.102537|   -4.503319|    0.329610|    0.008798|
|         257|   -5.199637|   -4.601310|    0.328713|    0.008809|
|         258|   -5.334767|   -4.733612|    0.328496|    0.008817|
|         259|   -5.362963|   -4.760368|    0.328496|    0.008825|
|         260|   -5.413711|   -4.809751|    0.328303|    0.008826|
|         261|   -5.528558|   -4.931415|    0.327946|    0.008829|
|         262|   -5.595119|   -5.008784|    0.327582|    0.008836|
|         263|   -5.607231|   -5.021769|    0.327257|    0.008846|
|         264|   -5.642838|   -5.060938|    0.326962|    0.008857|
|         265|   -5.682522|   -5.110920|    0.326693|    0.008873|
|         266|   -5.689688|   -5.125904|    0.326451|    0.008891|
|         267|   -5.680600|   -5.120046|    0.326223|    0.008911|
|         268|   -5.668191|   -5.110026|    0.325989|    0.008933|
|         269|   -5.652934|   -5.097043|    0.325749|    0.008957|
|         270|   -5.636394|   -5.082377|    0.325512|    0.008983|
|         271|   -5.620074|   -5.067473|    0.325280|    0.009010|
|         272|   -5.604057|   -5.052384|    0.325050|    0.009040|
|         273|   -5.588409|   -5.037231|    0.324819|    0.009070|
|         274|   -5.573493|   -5.022558|    0.324589|    0.009102|
|         275|   -5.559600|   -5.008778|    0.324361|    0.009134|
|         276|   -5.546776|   -4.995995|    0.324135|    0.009166|
|         277|   -5.534961|   -4.984165|    0.323909|    0.009199|
|         278|   -5.524169|   -4.973323|    0.323684|    0.009231|
|         279|   -5.514214|   -4.963300|    0.323459|    0.009263|
|         280|   -5.505045|   -4.954079|    0.323236|    0.009295|
|         281|   -5.496620|   -4.945626|    0.323015|    0.009326|
|         282|   -5.488885|   -4.937883|    0.322796|    0.009357|
|         283|   -5.481801|   -4.930806|    0.322577|    0.009387|
|         284|   -5.475428|   -4.924461|    0.322360|    0.009416|
|         285|   -5.469650|   -4.918731|    0.322143|    0.009445|
|         286|   -5.464534|   -4.913694|    0.321927|    0.009473|
|         287|   -5.459935|   -4.909163|    0.321712|    0.009501|
|         288|   -5.455796|   -4.905100|    0.321497|    0.009528|
|         289|   -5.451985|   -4.901381|    0.321283|    0.009553|
|         290|   -5.448668|   -4.898204|    0.321069|    0.009579|
|         291|   -5.445721|   -4.895395|    0.320856|    0.009603|
|         292|   -5.442878|   -4.892678|    0.320644|    0.009627|
|         293|   -5.440019|   -4.889940|    0.320431|    0.009650|
|         294|   -5.437157|   -4.887174|    0.320218|    0.009673|
|         295|   -5.434331|   -4.884412|    0.320005|    0.009695|
|         296|   -5.431803|   -4.881956|    0.319792|    0.009717|
|         297|   -5.429478|   -4.879673|    0.319578|    0.009738|
|         298|   -5.427187|   -4.877388|    0.319362|    0.009759|
|         299|   -5.424815|   -4.874994|    0.319145|    0.009779|
|         300|   -5.422504|   -4.872659|    0.318928|    0.009799|
|         301|   -5.420335|   -4.870466|    0.318706|    0.010014|
+-----------------------------------------------------------------------+
|Fixed CL Mode                           |Value                         |
+-----------------------------------------------------------------------+
|Current CL                              |0.318706                      |
|Target CL                               |0.326                         |
|Previous AOA                            |0.11753                       |
|Changed AoA by                          |0.0353599                     |
+-----------------------------------------------------------------------+
+----------------------------------------------------------------+
|  Inner_Iter|    rms[Rho]|   rms[RhoE]|          CL|          CD|
+----------------------------------------------------------------+
|         302|   -4.262356|   -3.655964|    0.318508|    0.010032|
|         303|   -4.557413|   -3.947687|    0.318553|    0.010048|
|         304|   -4.791811|   -4.200169|    0.319364|    0.010069|
|         305|   -4.973121|   -4.369113|    0.320704|    0.010091|
|         306|   -5.106877|   -4.517950|    0.321898|    0.010101|
|         307|   -5.179275|   -4.594779|    0.322500|    0.010112|
|         308|   -5.267323|   -4.687278|    0.322523|    0.010125|
|         309|   -5.288655|   -4.708608|    0.322355|    0.010137|
|         310|   -5.321097|   -4.742237|    0.322341|    0.010155|
|         311|   -5.378670|   -4.808403|    0.322467|    0.010171|
|         312|   -5.411835|   -4.848003|    0.322609|    0.010183|
|         313|   -5.428048|   -4.864230|    0.322719|    0.010192|
|         314|   -5.453427|   -4.890855|    0.322802|    0.010199|
|         315|   -5.483082|   -4.923971|    0.322863|    0.010203|
|         316|   -5.507296|   -4.950503|    0.322901|    0.010204|
|         317|   -5.528580|   -4.972550|    0.322927|    0.010202|
|         318|   -5.549572|   -4.993857|    0.322953|    0.010199|
|         319|   -5.570612|   -5.015238|    0.322984|    0.010194|
|         320|   -5.592159|   -5.037189|    0.323015|    0.010186|
|         321|   -5.614575|   -5.060000|    0.323044|    0.010177|
|         322|   -5.637809|   -5.083517|    0.323072|    0.010166|
|         323|   -5.661799|   -5.107625|    0.323103|    0.010153|
|         324|   -5.686157|   -5.131955|    0.323136|    0.010139|
|         325|   -5.711092|   -5.156816|    0.323170|    0.010124|
|         326|   -5.736693|   -5.182279|    0.323204|    0.010109|
|         327|   -5.762860|   -5.208213|    0.323241|    0.010093|
|         328|   -5.789390|   -5.234421|    0.323280|    0.010077|
|         329|   -5.816015|   -5.260666|    0.323323|    0.010062|
|         330|   -5.842459|   -5.286724|    0.323367|    0.010046|
|         331|   -5.868458|   -5.312383|    0.323413|    0.010031|
|         332|   -5.893209|   -5.336846|    0.323461|    0.010016|
|         333|   -5.916098|   -5.359519|    0.323511|    0.010002|
|         334|   -5.936543|   -5.379835|    0.323563|    0.009988|
|         335|   -5.954093|   -5.397363|    0.323617|    0.009975|
|         336|   -5.968313|   -5.411704|    0.323674|    0.009963|
|         337|   -5.978962|   -5.422648|    0.323733|    0.009951|
|         338|   -5.986012|   -5.430172|    0.323793|    0.009940|
|         339|   -5.989639|   -5.434436|    0.323855|    0.009930|
|         340|   -5.990169|   -5.435730|    0.323920|    0.009920|
|         341|   -5.988040|   -5.434440|    0.323986|    0.009911|
|         342|   -5.983746|   -5.431009|    0.324054|    0.009902|
|         343|   -5.977783|   -5.425886|    0.324123|    0.009894|
|         344|   -5.970612|   -5.419490|    0.324194|    0.009886|
|         345|   -5.962637|   -5.412200|    0.324266|    0.009879|
|         346|   -5.954213|   -5.404352|    0.324340|    0.009872|
|         347|   -5.945644|   -5.396250|    0.324413|    0.009865|
|         348|   -5.937448|   -5.388449|    0.324486|    0.009858|
|         349|   -5.929527|   -5.380792|    0.324560|    0.009851|
|         350|   -5.921827|   -5.373255|    0.324633|    0.009844|
|         351|   -5.914478|   -5.366008|    0.324706|    0.009877|
+-----------------------------------------------------------------------+
|Fixed CL Mode                           |Value                         |
+-----------------------------------------------------------------------+
|Current CL                              |0.324706                      |
|Target CL                               |0.326                         |
|Previous AOA                            |0.15289                       |
|Changed AoA by                          |0.0068327                     |
+-----------------------------------------------------------------------+
+----------------------------------------------------------------+
|  Inner_Iter|    rms[Rho]|   rms[RhoE]|          CL|          CD|
+----------------------------------------------------------------+
|         352|   -4.974726|   -4.368583|    0.324780|    0.009870|
|         353|   -5.262207|   -4.654827|    0.324903|    0.009864|
|         354|   -5.482380|   -4.895027|    0.325171|    0.009858|
|         355|   -5.636541|   -5.043102|    0.325538|    0.009854|
|         356|   -5.734529|   -5.158171|    0.325877|    0.009846|
|         357|   -5.773696|   -5.203466|    0.326107|    0.009840|
|         358|   -5.810220|   -5.246268|    0.326217|    0.009833|
|         359|   -5.809526|   -5.247015|    0.326292|    0.009827|
|         360|   -5.813402|   -5.252978|    0.326398|    0.009822|
|         361|   -5.824056|   -5.268485|    0.326528|    0.009817|
|         362|   -5.824933|   -5.272093|    0.326657|    0.009812|
|         363|   -5.821102|   -5.268712|    0.326776|    0.009806|
|         364|   -5.819344|   -5.267682|    0.326887|    0.009800|
|         365|   -5.817473|   -5.266707|    0.326992|    0.009793|
|         366|   -5.813979|   -5.263575|    0.327091|    0.009786|
|         367|   -5.810093|   -5.259750|    0.327185|    0.009778|
|         368|   -5.806709|   -5.256364|    0.327277|    0.009771|
|         369|   -5.803850|   -5.253458|    0.327369|    0.009763|
|         370|   -5.801438|   -5.250981|    0.327458|    0.009754|
|         371|   -5.799430|   -5.248889|    0.327544|    0.009746|
|         372|   -5.797834|   -5.247178|    0.327629|    0.009737|
|         373|   -5.796664|   -5.245862|    0.327712|    0.009728|
|         374|   -5.795948|   -5.244984|    0.327793|    0.009719|
|         375|   -5.795701|   -5.244568|    0.327872|    0.009710|
|         376|   -5.795914|   -5.244608|    0.327950|    0.009701|
|         377|   -5.796494|   -5.245023|    0.328026|    0.009692|
|         378|   -5.797433|   -5.245806|    0.328101|    0.009683|
|         379|   -5.798674|   -5.246873|    0.328174|    0.009675|
|         380|   -5.800175|   -5.248179|    0.328247|    0.009666|
|         381|   -5.802051|   -5.249834|    0.328318|    0.009657|
|         382|   -5.804258|   -5.251809|    0.328388|    0.009649|
|         383|   -5.806815|   -5.254138|    0.328456|    0.009641|
|         384|   -5.809854|   -5.256930|    0.328523|    0.009633|
|         385|   -5.813340|   -5.260166|    0.328589|    0.009625|
|         386|   -5.817193|   -5.263800|    0.328654|    0.009617|
|         387|   -5.821356|   -5.267769|    0.328718|    0.009610|
|         388|   -5.825775|   -5.272010|    0.328782|    0.009603|
|         389|   -5.830411|   -5.276480|    0.328845|    0.009596|
|         390|   -5.835123|   -5.281038|    0.328908|    0.009589|
|         391|   -5.839963|   -5.285736|    0.328970|    0.009582|
|         392|   -5.845018|   -5.290647|    0.329032|    0.009575|
|         393|   -5.850216|   -5.295705|    0.329094|    0.009569|
|         394|   -5.855549|   -5.300916|    0.329156|    0.009562|
|         395|   -5.861035|   -5.306299|    0.329218|    0.009556|
|         396|   -5.866666|   -5.311846|    0.329280|    0.009550|
|         397|   -5.872412|   -5.317526|    0.329341|    0.009544|
|         398|   -5.878242|   -5.323308|    0.329403|    0.009538|
|         399|   -5.884129|   -5.329161|    0.329464|    0.009533|
|         400|   -5.890051|   -5.335063|    0.329526|    0.009527|
|         401|   -5.895993|   -5.340995|    0.329590|    0.009420|
+-----------------------------------------------------------------------+
|Fixed CL Mode                           |Value                         |
+-----------------------------------------------------------------------+
|Current CL                              |0.32959                       |
|Target CL                               |0.326                         |
|Previous AOA                            |0.159722                      |
|Changed AoA by                          |-0.01763                      |
+-----------------------------------------------------------------------+
+----------------------------------------------------------------+
|  Inner_Iter|    rms[Rho]|   rms[RhoE]|          CL|          CD|
+----------------------------------------------------------------+
|         402|   -4.565269|   -3.958699|    0.329645|    0.009415|
|         403|   -4.861878|   -4.251622|    0.329577|    0.009410|
|         404|   -5.101312|   -4.508379|    0.329129|    0.009403|
|         405|   -5.293252|   -4.685108|    0.328419|    0.009395|
|         406|   -5.444277|   -4.849012|    0.327781|    0.009393|
|         407|   -5.532024|   -4.939085|    0.327436|    0.009390|
|         408|   -5.648377|   -5.055943|    0.327383|    0.009386|
|         409|   -5.676878|   -5.083154|    0.327425|    0.009382|
|         410|   -5.723137|   -5.128729|    0.327389|    0.009375|
|         411|   -5.816767|   -5.230094|    0.327283|    0.009370|
|         412|   -5.875262|   -5.296861|    0.327174|    0.009366|
|         413|   -5.899233|   -5.319998|    0.327082|    0.009364|
|         414|   -5.942741|   -5.364380|    0.327004|    0.009362|
|         415|   -5.997024|   -5.424249|    0.326938|    0.009363|
|         416|   -6.034895|   -5.466514|    0.326886|    0.009364|
|         417|   -6.062365|   -5.495270|    0.326841|    0.009367|
|         418|   -6.087697|   -5.521278|    0.326796|    0.009371|
|         419|   -6.109934|   -5.544846|    0.326749|    0.009376|
|         420|   -6.128938|   -5.565764|    0.326704|    0.009381|
|         421|   -6.145807|   -5.584758|    0.326661|    0.009388|
|         422|   -6.159857|   -5.600766|    0.326620|    0.009396|
|         423|   -6.170265|   -5.612742|    0.326579|    0.009404|
|         424|   -6.177398|   -5.621150|    0.326539|    0.009413|
|         425|   -6.181962|   -5.626843|    0.326499|    0.009422|
|         426|   -6.184346|   -5.630176|    0.326461|    0.009431|
|         427|   -6.184761|   -5.631282|    0.326423|    0.009441|
|         428|   -6.183357|   -5.630305|    0.326385|    0.009450|
|         429|   -6.180326|   -5.627503|    0.326347|    0.009460|
|         430|   -6.175924|   -5.623201|    0.326309|    0.009469|
|         431|   -6.170415|   -5.617717|    0.326272|    0.009479|
|         432|   -6.164045|   -5.611314|    0.326235|    0.009488|
|         433|   -6.157045|   -5.604234|    0.326197|    0.009496|
|         434|   -6.149652|   -5.596730|    0.326160|    0.009505|
|         435|   -6.142084|   -5.589040|    0.326122|    0.009513|
|         436|   -6.134531|   -5.581373|    0.326084|    0.009521|
|         437|   -6.127150|   -5.573900|    0.326045|    0.009529|
|         438|   -6.120061|   -5.566749|    0.326006|    0.009536|
|         439|   -6.113347|   -5.560007|    0.325967|    0.009543|
|         440|   -6.107065|   -5.553728|    0.325926|    0.009550|
|         441|   -6.101223|   -5.547916|    0.325885|    0.009557|
|         442|   -6.095863|   -5.542621|    0.325843|    0.009563|
|         443|   -6.090984|   -5.537835|    0.325801|    0.009569|
|         444|   -6.086502|   -5.533452|    0.325757|    0.009575|
|         445|   -6.082299|   -5.529331|    0.325713|    0.009580|
|         446|   -6.078349|   -5.525465|    0.325668|    0.009586|
|         447|   -6.074660|   -5.521882|    0.325622|    0.009591|
|         448|   -6.071266|   -5.518593|    0.325575|    0.009597|
|         449|   -6.068167|   -5.515586|    0.325528|    0.009602|
|         450|   -6.065339|   -5.512840|    0.325480|    0.009607|
|         451|   -6.062780|   -5.510355|    0.325432|    0.009627|
+-----------------------------------------------------------------------+
|Fixed CL Mode                           |Value                         |
+-----------------------------------------------------------------------+
|Current CL                              |0.325432                      |
|Target CL                               |0.326                         |
|Previous AOA                            |0.142092                      |
|Changed AoA by                          |0.00259755                    |
+-----------------------------------------------------------------------+
+----------------------------------------------------------------+
|  Inner_Iter|    rms[Rho]|   rms[RhoE]|          CL|          CD|
+----------------------------------------------------------------+
|         452|   -5.387112|   -4.782785|    0.325386|    0.009631|
|         453|   -5.659065|   -5.056261|    0.325357|    0.009636|
|         454|   -5.839985|   -5.259990|    0.325385|    0.009641|
|         455|   -5.942626|   -5.363873|    0.325453|    0.009646|
|         456|   -5.995226|   -5.429664|    0.325509|    0.009650|
|         457|   -6.017098|   -5.455457|    0.325521|    0.009654|
|         458|   -6.038684|   -5.480326|    0.325491|    0.009658|
|         459|   -6.045063|   -5.487194|    0.325448|    0.009662|
|         460|   -6.053069|   -5.495875|    0.325416|    0.009666|
|         461|   -6.063803|   -5.508556|    0.325394|    0.009670|
|         462|   -6.070312|   -5.516150|    0.325374|    0.009673|
|         463|   -6.075123|   -5.521032|    0.325352|    0.009677|
|         464|   -6.081430|   -5.527493|    0.325328|    0.009680|
|         465|   -6.088527|   -5.534923|    0.325303|    0.009683|
|         466|   -6.095497|   -5.542079|    0.325277|    0.009686|
|         467|   -6.102549|   -5.549185|    0.325249|    0.009688|
|         468|   -6.109893|   -5.556533|    0.325223|    0.009690|
|         469|   -6.117544|   -5.564162|    0.325196|    0.009692|
|         470|   -6.125565|   -5.572147|    0.325170|    0.009694|
|         471|   -6.133994|   -5.580537|    0.325145|    0.009695|
|         472|   -6.142810|   -5.589307|    0.325119|    0.009697|
|         473|   -6.151983|   -5.598426|    0.325094|    0.009698|
|         474|   -6.161486|   -5.607871|    0.325069|    0.009699|
|         475|   -6.171310|   -5.617637|    0.325045|    0.009700|
|         476|   -6.181449|   -5.627715|    0.325021|    0.009701|
|         477|   -6.191893|   -5.638093|    0.324998|    0.009702|
|         478|   -6.202625|   -5.648757|    0.324975|    0.009703|
|         479|   -6.213627|   -5.659691|    0.324953|    0.009703|
|         480|   -6.224880|   -5.670880|    0.324932|    0.009704|
|         481|   -6.236368|   -5.682307|    0.324910|    0.009705|
|         482|   -6.248075|   -5.693955|    0.324890|    0.009706|
|         483|   -6.259989|   -5.705810|    0.324870|    0.009707|
|         484|   -6.272096|   -5.717861|    0.324851|    0.009707|
|         485|   -6.284385|   -5.730094|    0.324832|    0.009708|
|         486|   -6.296844|   -5.742498|    0.324814|    0.009709|
|         487|   -6.309481|   -5.755082|    0.324797|    0.009710|
|         488|   -6.322284|   -5.767836|    0.324780|    0.009711|
|         489|   -6.335247|   -5.780752|    0.324763|    0.009711|
|         490|   -6.348370|   -5.793829|    0.324748|    0.009712|
|         491|   -6.361646|   -5.807060|    0.324732|    0.009713|
|         492|   -6.375068|   -5.820440|    0.324718|    0.009714|
|         493|   -6.388831|   -5.834179|    0.324704|    0.009715|
|         494|   -6.402943|   -5.848285|    0.324690|    0.009716|
|         495|   -6.417055|   -5.862401|    0.324677|    0.009717|
|         496|   -6.431245|   -5.876615|    0.324664|    0.009718|
|         497|   -6.445501|   -5.890893|    0.324652|    0.009719|
|         498|   -6.459763|   -5.905165|    0.324640|    0.009719|
|         499|   -6.474002|   -5.919406|    0.324629|    0.009720|
|         500|   -6.488231|   -5.933629|    0.324618|    0.009721|
+-----------------------------------------------------------------------+
|        File Writing Summary       |              Filename             |
+-----------------------------------------------------------------------+
|SU2 binary restart                 |restart_flow.dat                   |
Writing Flow Meta-Data file: flow.meta
|Paraview                           |flow.vtu                           |
Writing Flow Meta-Data file: flow.meta
|Paraview surface                   |surface_flow.vtu                   |
Writing Flow Meta-Data file: flow.meta
|CSV file                           |surface_flow.csv                   |
Writing Flow Meta-Data file: flow.meta
+-----------------------------------------------------------------------+
+----------------------------------------------------------------+
|  Inner_Iter|    rms[Rho]|   rms[RhoE]|          CL|          CD|
+----------------------------------------------------------------+
|         501|   -6.502473|   -5.947856|    0.324606|    0.009761|
+-----------------------------------------------------------------------+
|Fixed CL Mode                           |Value                         |
+-----------------------------------------------------------------------+
|Current CL                              |0.324606                      |
|Target CL                               |0.326                         |
|Previous AOA                            |0.14469                       |
|Changed AoA by                          |0.00690958                    |
+-----------------------------------------------------------------------+
+----------------------------------------------------------------+
|  Inner_Iter|    rms[Rho]|   rms[RhoE]|          CL|          CD|
+----------------------------------------------------------------+
|         502|   -4.972394|   -4.365744|    0.324598|    0.009762|
|         503|   -5.269612|   -4.659160|    0.324638|    0.009762|
|         504|   -5.511316|   -4.917903|    0.324827|    0.009764|
|         505|   -5.708113|   -5.098266|    0.325119|    0.009766|
|         506|   -5.867410|   -5.269440|    0.325382|    0.009765|
|         507|   -5.962056|   -5.365353|    0.325532|    0.009765|
|         508|   -6.092620|   -5.493929|    0.325567|    0.009766|
|         509|   -6.122864|   -5.522392|    0.325565|    0.009766|
|         510|   -6.174904|   -5.572722|    0.325594|    0.009768|
|         511|   -6.289117|   -5.693114|    0.325651|    0.009769|
|         512|   -6.360961|   -5.774119|    0.325708|    0.009769|
|         513|   -6.383036|   -5.795577|    0.325758|    0.009769|
|         514|   -6.431517|   -5.845565|    0.325803|    0.009768|
|         515|   -6.491052|   -5.913629|    0.325843|    0.009767|
|         516|   -6.518292|   -5.948596|    0.325877|    0.009765|
|         517|   -6.525337|   -5.959058|    0.325909|    0.009763|
|         518|   -6.526335|   -5.962852|    0.325941|    0.009761|
|         519|   -6.520707|   -5.960482|    0.325973|    0.009758|
|         520|   -6.510370|   -5.953315|    0.326005|    0.009755|
|         521|   -6.497952|   -5.943586|    0.326035|    0.009751|
|         522|   -6.483935|   -5.931533|    0.326064|    0.009747|
|         523|   -6.468692|   -5.917519|    0.326093|    0.009743|
|         524|   -6.453177|   -5.902753|    0.326122|    0.009739|
|         525|   -6.438143|   -5.888196|    0.326150|    0.009735|
|         526|   -6.423897|   -5.874216|    0.326177|    0.009730|
|         527|   -6.410524|   -5.860928|    0.326204|    0.009726|
|         528|   -6.398030|   -5.848378|    0.326231|    0.009721|
|         529|   -6.386403|   -5.836606|    0.326257|    0.009717|
|         530|   -6.375636|   -5.825648|    0.326283|    0.009712|
|         531|   -6.365708|   -5.815508|    0.326309|    0.009708|
|         532|   -6.356583|   -5.806161|    0.326335|    0.009704|
|         533|   -6.348231|   -5.797580|    0.326360|    0.009700|
|         534|   -6.340629|   -5.789748|    0.326385|    0.009696|
|         535|   -6.333759|   -5.782653|    0.326410|    0.009692|
|         536|   -6.327598|   -5.776277|    0.326435|    0.009688|
|         537|   -6.322120|   -5.770603|    0.326460|    0.009685|
|         538|   -6.317311|   -5.765614|    0.326484|    0.009681|
|         539|   -6.313145|   -5.761289|    0.326509|    0.009678|
|         540|   -6.309593|   -5.757598|    0.326533|    0.009675|
|         541|   -6.306620|   -5.754504|    0.326558|    0.009672|
|         542|   -6.304192|   -5.751972|    0.326582|    0.009669|
|         543|   -6.302275|   -5.749965|    0.326607|    0.009666|
|         544|   -6.300833|   -5.748446|    0.326631|    0.009663|
|         545|   -6.299837|   -5.747381|    0.326656|    0.009660|
|         546|   -6.299255|   -5.746739|    0.326680|    0.009658|
|         547|   -6.299060|   -5.746491|    0.326705|    0.009655|
|         548|   -6.299226|   -5.746607|    0.326730|    0.009653|
|         549|   -6.299528|   -5.746855|    0.326754|    0.009650|
|         550|   -6.300184|   -5.747457|    0.326778|    0.009647|
|         551|   -6.301163|   -5.748360|    0.326803|    0.009623|
+-----------------------------------------------------------------------+
|Fixed CL Mode                           |Value                         |
+-----------------------------------------------------------------------+
|Current CL                              |0.326803                      |
|Target CL                               |0.326                         |
|Previous AOA                            |0.1516                        |
|Changed AoA by                          |-0.00389175                   |
+-----------------------------------------------------------------------+
+----------------------------------------------------------------+
|  Inner_Iter|    rms[Rho]|   rms[RhoE]|          CL|          CD|
+----------------------------------------------------------------+
|         552|   -5.220284|   -4.613980|    0.326826|    0.009620|
|         553|   -5.514202|   -4.904793|    0.326821|    0.009618|
|         554|   -5.745719|   -5.154651|    0.326732|    0.009616|
|         555|   -5.921820|   -5.319480|    0.326585|    0.009613|
|         556|   -6.048753|   -5.461637|    0.326454|    0.009611|
|         557|   -6.116590|   -5.533966|    0.326388|    0.009609|
|         558|   -6.197231|   -5.619094|    0.326386|    0.009608|
|         559|   -6.218214|   -5.640019|    0.326404|    0.009606|
|         560|   -6.248730|   -5.671549|    0.326406|    0.009603|
|         561|   -6.300521|   -5.730762|    0.326392|    0.009601|
|         562|   -6.331182|   -5.766704|    0.326377|    0.009599|
|         563|   -6.347436|   -5.782807|    0.326365|    0.009598|
|         564|   -6.371431|   -5.807610|    0.326356|    0.009596|
|         565|   -6.399102|   -5.837841|    0.326350|    0.009595|
|         566|   -6.422156|   -5.862517|    0.326346|    0.009595|
|         567|   -6.442751|   -5.883528|    0.326344|    0.009595|
|         568|   -6.463264|   -5.904125|    0.326342|    0.009594|
|         569|   -6.483958|   -5.924943|    0.326340|    0.009595|
|         570|   -6.505188|   -5.946380|    0.326338|    0.009595|
|         571|   -6.527258|   -5.968684|    0.326336|    0.009595|
|         572|   -6.550024|   -5.991626|    0.326335|    0.009596|
|         573|   -6.573295|   -6.014966|    0.326334|    0.009597|
|         574|   -6.597129|   -6.038801|    0.326332|    0.009598|
|         575|   -6.621698|   -6.063351|    0.326331|    0.009599|
|         576|   -6.647096|   -6.088706|    0.326330|    0.009601|
|         577|   -6.673327|   -6.114845|    0.326329|    0.009602|
|         578|   -6.700335|   -6.141705|    0.326327|    0.009603|
|         579|   -6.728023|   -6.169202|    0.326326|    0.009605|
|         580|   -6.756266|   -6.197237|    0.326325|    0.009606|
|         581|   -6.784905|   -6.225662|    0.326323|    0.009608|
|         582|   -6.813715|   -6.254251|    0.326322|    0.009609|
|         583|   -6.842421|   -6.282724|    0.326320|    0.009610|
|         584|   -6.870724|   -6.310780|    0.326319|    0.009612|
|         585|   -6.898313|   -6.338122|    0.326317|    0.009613|
|         586|   -6.924864|   -6.364448|    0.326315|    0.009614|
|         587|   -6.950191|   -6.389627|    0.326313|    0.009615|
|         588|   -6.973913|   -6.413291|    0.326310|    0.009616|
|         589|   -6.995739|   -6.435160|    0.326308|    0.009617|
|         590|   -7.015391|   -6.454998|    0.326305|    0.009618|
|         591|   -7.032621|   -6.472585|    0.326302|    0.009619|
|         592|   -7.047238|   -6.487729|    0.326299|    0.009620|
|         593|   -7.059119|   -6.500290|    0.326295|    0.009621|
|         594|   -7.068229|   -6.510200|    0.326291|    0.009622|
|         595|   -7.074620|   -6.517470|    0.326287|    0.009622|
|         596|   -7.078429|   -6.522187|    0.326283|    0.009623|
|         597|   -7.079874|   -6.524520|    0.326279|    0.009624|
|         598|   -7.079232|   -6.524709|    0.326274|    0.009625|
|         599|   -7.076822|   -6.523047|    0.326269|    0.009625|
|         600|   -7.072984|   -6.519863|    0.326265|    0.009626|
|         601|   -7.068039|   -6.515473|    0.326260|    0.009619|
+-----------------------------------------------------------------------+
|Fixed CL Mode                           |Value                         |
+-----------------------------------------------------------------------+
|Current CL                              |0.32626                       |
|Target CL                               |0.326                         |
|Previous AOA                            |0.147708                      |
|Changed AoA by                          |-0.00132297                   |
+-----------------------------------------------------------------------+
+----------------------------------------------------------------+
|  Inner_Iter|    rms[Rho]|   rms[RhoE]|          CL|          CD|
+----------------------------------------------------------------+
|         602|   -5.690193|   -5.083529|    0.326254|    0.009620|
|         603|   -5.986092|   -5.376024|    0.326240|    0.009620|
|         604|   -6.225829|   -5.633111|    0.326197|    0.009621|
|         605|   -6.417706|   -5.809930|    0.326134|    0.009621|
|         606|   -6.567659|   -5.973218|    0.326077|    0.009622|
|         607|   -6.647812|   -6.056895|    0.326040|    0.009623|
|         608|   -6.744643|   -6.157308|    0.326027|    0.009623|
|         609|   -6.755511|   -6.169823|    0.326020|    0.009624|
|         610|   -6.778625|   -6.196096|    0.326007|    0.009624|
|         611|   -6.825711|   -6.254357|    0.325989|    0.009625|
|         612|   -6.839455|   -6.276398|    0.325971|    0.009625|
|         613|   -6.832846|   -6.271365|    0.325955|    0.009626|
|         614|   -6.832703|   -6.274194|    0.325940|    0.009627|
|         615|   -6.830872|   -6.276232|    0.325925|    0.009628|
|         616|   -6.821347|   -6.268612|    0.325912|    0.009629|
|         617|   -6.809405|   -6.257391|    0.325900|    0.009630|
|         618|   -6.797868|   -6.246349|    0.325887|    0.009631|
|         619|   -6.786927|   -6.235786|    0.325875|    0.009632|
|         620|   -6.776634|   -6.225761|    0.325863|    0.009633|
|         621|   -6.767042|   -6.216350|    0.325851|    0.009634|
|         622|   -6.758116|   -6.207504|    0.325840|    0.009635|
|         623|   -6.749884|   -6.199256|    0.325828|    0.009637|
|         624|   -6.742423|   -6.191721|    0.325817|    0.009638|
|         625|   -6.735767|   -6.184961|    0.325806|    0.009639|
|         626|   -6.729892|   -6.178961|    0.325795|    0.009641|
|         627|   -6.724751|   -6.173678|    0.325784|    0.009642|
|         628|   -6.720302|   -6.169072|    0.325774|    0.009643|
|         629|   -6.716505|   -6.165111|    0.325764|    0.009645|
|         630|   -6.713326|   -6.161766|    0.325753|    0.009646|
|         631|   -6.710731|   -6.159008|    0.325743|    0.009647|
|         632|   -6.708684|   -6.156803|    0.325733|    0.009648|
|         633|   -6.707152|   -6.155119|    0.325724|    0.009650|
|         634|   -6.706105|   -6.153927|    0.325714|    0.009651|
|         635|   -6.705515|   -6.153200|    0.325704|    0.009652|
|         636|   -6.705357|   -6.152912|    0.325695|    0.009653|
|         637|   -6.705607|   -6.153043|    0.325686|    0.009654|
|         638|   -6.706244|   -6.153570|    0.325676|    0.009655|
|         639|   -6.707245|   -6.154473|    0.325667|    0.009656|
|         640|   -6.708590|   -6.155729|    0.325658|    0.009657|
|         641|   -6.710259|   -6.157319|    0.325649|    0.009658|
|         642|   -6.712229|   -6.159219|    0.325640|    0.009659|
|         643|   -6.714489|   -6.161416|    0.325632|    0.009660|
|         644|   -6.717019|   -6.163892|    0.325623|    0.009661|
|         645|   -6.719803|   -6.166630|    0.325614|    0.009662|
|         646|   -6.722826|   -6.169614|    0.325605|    0.009663|
|         647|   -6.726074|   -6.172828|    0.325597|    0.009663|
|         648|   -6.729535|   -6.176258|    0.325588|    0.009664|
|         649|   -6.733194|   -6.179892|    0.325580|    0.009665|
|         650|   -6.737040|   -6.183716|    0.325571|    0.009666|
|         651|   -6.741063|   -6.187720|    0.325563|    0.009679|
+-----------------------------------------------------------------------+
|Fixed CL Mode                           |Value                         |
+-----------------------------------------------------------------------+
|Current CL                              |0.325563                      |
|Target CL                               |0.326                         |
|Previous AOA                            |0.146385                      |
|Changed AoA by                          |0.00214291                    |
+-----------------------------------------------------------------------+
+----------------------------------------------------------------+
|  Inner_Iter|    rms[Rho]|   rms[RhoE]|          CL|          CD|
+----------------------------------------------------------------+
|         652|   -5.480327|   -4.873807|    0.325555|    0.009680|
|         653|   -5.776456|   -5.166354|    0.325563|    0.009680|
|         654|   -6.014479|   -5.421899|    0.325617|    0.009681|
|         655|   -6.203500|   -5.596503|    0.325702|    0.009682|
|         656|   -6.349760|   -5.756266|    0.325779|    0.009682|
|         657|   -6.433268|   -5.842699|    0.325821|    0.009683|
|         658|   -6.541372|   -5.952576|    0.325827|    0.009683|
|         659|   -6.568367|   -5.978602|    0.325821|    0.009684|
|         660|   -6.611074|   -6.021194|    0.325825|    0.009685|
|         661|   -6.693590|   -6.111966|    0.325838|    0.009686|
|         662|   -6.744218|   -6.170312|    0.325851|    0.009686|
|         663|   -6.766662|   -6.192100|    0.325862|    0.009687|
|         664|   -6.805007|   -6.231433|    0.325871|    0.009687|
|         665|   -6.851742|   -6.282953|    0.325879|    0.009687|
|         666|   -6.886345|   -6.320991|    0.325885|    0.009687|
|         667|   -6.913632|   -6.349144|    0.325890|    0.009686|
|         668|   -6.939732|   -6.375540|    0.325896|    0.009686|
|         669|   -6.964105|   -6.400588|    0.325902|    0.009686|
|         670|   -6.986914|   -6.424492|    0.325907|    0.009685|
|         671|   -7.008902|   -6.447795|    0.325912|    0.009684|
|         672|   -7.029422|   -6.469586|    0.325917|    0.009683|
|         673|   -7.047545|   -6.488772|    0.325923|    0.009682|
|         674|   -7.063168|   -6.505333|    0.325928|    0.009681|
|         675|   -7.076525|   -6.519631|    0.325933|    0.009680|
|         676|   -7.087627|   -6.531651|    0.325937|    0.009679|
|         677|   -7.096329|   -6.541162|    0.325942|    0.009678|
|         678|   -7.102489|   -6.547987|    0.325947|    0.009677|
|         679|   -7.106059|   -6.552093|    0.325952|    0.009676|
|         680|   -7.107131|   -6.553608|    0.325957|    0.009675|
|         681|   -7.105906|   -6.552750|    0.325961|    0.009674|
|         682|   -7.102645|   -6.549774|    0.325966|    0.009673|
|         683|   -7.097669|   -6.544996|    0.325971|    0.009672|
|         684|   -7.091349|   -6.538794|    0.325976|    0.009671|
|         685|   -7.084060|   -6.531565|    0.325980|    0.009670|
|         686|   -7.076156|   -6.523684|    0.325985|    0.009669|
|         687|   -7.067943|   -6.515479|    0.325990|    0.009668|
|         688|   -7.059673|   -6.507215|    0.325995|    0.009667|
|         689|   -7.051540|   -6.499093|    0.326000|    0.009666|
|         690|   -7.043683|   -6.491258|    0.326005|    0.009665|
|         691|   -7.036197|   -6.483804|    0.326010|    0.009665|
|         692|   -7.029140|   -6.476788|    0.326015|    0.009664|
|         693|   -7.022546|   -6.470239|    0.326020|    0.009663|
|         694|   -7.016431|   -6.464170|    0.326026|    0.009663|
|         695|   -7.010798|   -6.458580|    0.326031|    0.009662|
|         696|   -7.005642|   -6.453463|    0.326036|    0.009661|
|         697|   -7.000956|   -6.448807|    0.326042|    0.009661|
|         698|   -6.996727|   -6.444601|    0.326047|    0.009660|
|         699|   -6.992945|   -6.440834|    0.326052|    0.009660|
|         700|   -6.989600|   -6.437497|    0.326058|    0.009659|
|         701|   -6.986681|   -6.434580|    0.326063|    0.009657|
+-----------------------------------------------------------------------+
|Fixed CL Mode                           |Value                         |
+-----------------------------------------------------------------------+
|Current CL                              |0.326063                      |
|Target CL                               |0.326                         |
|Previous AOA                            |0.148528                      |
|Changed AoA by                          |-0.000289502                  |
+-----------------------------------------------------------------------+
+----------------------------------------------------------------+
|  Inner_Iter|    rms[Rho]|   rms[RhoE]|          CL|          CD|
+----------------------------------------------------------------+
|         702|   -6.338601|   -5.734599|    0.326069|    0.009656|
|         703|   -6.607068|   -6.005272|    0.326072|    0.009656|
|         704|   -6.781642|   -6.202950|    0.326069|    0.009655|
|         705|   -6.877761|   -6.300978|    0.326061|    0.009654|
|         706|   -6.925867|   -6.361557|    0.326055|    0.009654|
|         707|   -6.945708|   -6.384985|    0.326054|    0.009654|
|         708|   -6.965286|   -6.407513|    0.326057|    0.009653|
|         709|   -6.971507|   -6.414145|    0.326062|    0.009653|
|         710|   -6.979302|   -6.422494|    0.326065|    0.009652|
|         711|   -6.989624|   -6.434489|    0.326067|    0.009652|
|         712|   -6.996338|   -6.442110|    0.326069|    0.009651|
|         713|   -7.001678|   -6.447461|    0.326072|    0.009651|
|         714|   -7.008456|   -6.454330|    0.326074|    0.009650|
|         715|   -7.016039|   -6.462172|    0.326077|    0.009650|
|         716|   -7.023595|   -6.469860|    0.326080|    0.009650|
|         717|   -7.031292|   -6.477568|    0.326083|    0.009649|
|         718|   -7.039302|   -6.485543|    0.326085|    0.009649|
|         719|   -7.047648|   -6.493833|    0.326088|    0.009649|
|         720|   -7.056376|   -6.502494|    0.326091|    0.009649|
|         721|   -7.065518|   -6.511569|    0.326094|    0.009648|
|         722|   -7.075051|   -6.521032|    0.326096|    0.009648|
|         723|   -7.084930|   -6.530840|    0.326099|    0.009648|
|         724|   -7.095130|   -6.540965|    0.326102|    0.009648|
|         725|   -7.105640|   -6.551402|    0.326104|    0.009648|
|         726|   -7.116447|   -6.562135|    0.326107|    0.009648|
|         727|   -7.127529|   -6.573142|    0.326109|    0.009648|
|         728|   -7.138867|   -6.584405|    0.326112|    0.009647|
|         729|   -7.150441|   -6.595906|    0.326114|    0.009647|
|         730|   -7.162228|   -6.607625|    0.326116|    0.009647|
|         731|   -7.174207|   -6.619541|    0.326119|    0.009647|
|         732|   -7.186360|   -6.631635|    0.326121|    0.009647|
|         733|   -7.198671|   -6.643890|    0.326123|    0.009647|
|         734|   -7.211127|   -6.656290|    0.326125|    0.009647|
|         735|   -7.223714|   -6.668825|    0.326127|    0.009647|
|         736|   -7.236424|   -6.681485|    0.326129|    0.009647|
|         737|   -7.249247|   -6.694260|    0.326131|    0.009646|
|         738|   -7.262175|   -6.707143|    0.326133|    0.009646|
|         739|   -7.275201|   -6.720126|    0.326135|    0.009646|
|         740|   -7.288318|   -6.733203|    0.326137|    0.009646|
|         741|   -7.301520|   -6.746368|    0.326139|    0.009646|
|         742|   -7.314800|   -6.759612|    0.326141|    0.009646|
|         743|   -7.328150|   -6.772927|    0.326143|    0.009646|
|         744|   -7.341561|   -6.786306|    0.326144|    0.009646|
|         745|   -7.355026|   -6.799739|    0.326146|    0.009646|
|         746|   -7.368534|   -6.813215|    0.326147|    0.009646|
|         747|   -7.382075|   -6.826725|    0.326149|    0.009645|
|         748|   -7.395639|   -6.840257|    0.326150|    0.009645|
|         749|   -7.409215|   -6.853801|    0.326152|    0.009645|
|         750|   -7.422793|   -6.867346|    0.326153|    0.009645|
+-----------------------------------------------------------------------+
|        File Writing Summary       |              Filename             |
+-----------------------------------------------------------------------+
|SU2 binary restart                 |restart_flow.dat                   |
Writing Flow Meta-Data file: flow.meta
|Paraview                           |flow.vtu                           |
Writing Flow Meta-Data file: flow.meta
|Paraview surface                   |surface_flow.vtu                   |
Writing Flow Meta-Data file: flow.meta
|CSV file                           |surface_flow.csv                   |
Writing Flow Meta-Data file: flow.meta
+-----------------------------------------------------------------------+
+----------------------------------------------------------------+
|  Inner_Iter|    rms[Rho]|   rms[RhoE]|          CL|          CD|
+----------------------------------------------------------------+
|         751|   -7.436361|   -6.880881|    0.326155|    0.009641|
+-----------------------------------------------------------------------+
|Fixed CL Mode                           |Value                         |
+-----------------------------------------------------------------------+
|Current CL                              |0.326155                      |
|Target CL                               |0.326                         |
|Previous AOA                            |0.148238                      |
|Changed AoA by                          |-0.000766668                  |
+-----------------------------------------------------------------------+
+----------------------------------------------------------------+
|  Inner_Iter|    rms[Rho]|   rms[RhoE]|          CL|          CD|
+----------------------------------------------------------------+
|         752|   -5.927213|   -5.320569|    0.326156|    0.009641|
|         753|   -6.224411|   -5.613966|    0.326152|    0.009641|
|         754|   -6.465975|   -5.872583|    0.326131|    0.009640|
|         755|   -6.662473|   -6.052717|    0.326099|    0.009640|
|         756|   -6.821239|   -6.223409|    0.326070|    0.009640|
|         757|   -6.915497|   -6.318984|    0.326053|    0.009640|
|         758|   -7.045271|   -6.446902|    0.326050|    0.009640|
|         759|   -7.075547|   -6.475401|    0.326050|    0.009640|
|         760|   -7.127436|   -6.525605|    0.326047|    0.009640|
|         761|   -7.240859|   -6.645239|    0.326041|    0.009640|
|         762|   -7.312565|   -6.725988|    0.326035|    0.009640|
|         763|   -7.335423|   -6.748109|    0.326029|    0.009640|
|         764|   -7.384684|   -6.798651|    0.326025|    0.009640|
|         765|   -7.445900|   -6.868043|    0.326020|    0.009640|
|         766|   -7.475986|   -6.905628|    0.326017|    0.009640|
|         767|   -7.486110|   -6.919030|    0.326013|    0.009640|
|         768|   -7.490155|   -6.925760|    0.326010|    0.009641|
|         769|   -7.487258|   -6.926112|    0.326006|    0.009641|
|         770|   -7.479176|   -6.921290|    0.326003|    0.009641|
|         771|   -7.468600|   -6.913532|    0.326000|    0.009642|
|         772|   -7.456014|   -6.903031|    0.325997|    0.009642|
|         773|   -7.441789|   -6.890124|    0.325994|    0.009643|
|         774|   -7.426954|   -6.876098|    0.325991|    0.009643|
|         775|   -7.412349|   -6.862010|    0.325988|    0.009644|
|         776|   -7.398343|   -6.848294|    0.325985|    0.009644|
|         777|   -7.385054|   -6.835099|    0.325982|    0.009644|
|         778|   -7.372512|   -6.822501|    0.325979|    0.009645|
|         779|   -7.360724|   -6.810560|    0.325976|    0.009645|
|         780|   -7.349695|   -6.799332|    0.325973|    0.009646|
|         781|   -7.339420|   -6.788840|    0.325970|    0.009646|
|         782|   -7.329876|   -6.779072|    0.325968|    0.009647|
|         783|   -7.321043|   -6.770009|    0.325965|    0.009647|
|         784|   -7.312906|   -6.761645|    0.325962|    0.009648|
|         785|   -7.305457|   -6.753976|    0.325959|    0.009648|
|         786|   -7.298683|   -6.746998|    0.325957|    0.009649|
|         787|   -7.292573|   -6.740703|    0.325954|    0.009649|
|         788|   -7.287109|   -6.735076|    0.325951|    0.009649|
|         789|   -7.282269|   -6.730097|    0.325949|    0.009650|
|         790|   -7.278028|   -6.725737|    0.325946|    0.009650|
|         791|   -7.274354|   -6.721966|    0.325943|    0.009650|
|         792|   -7.271216|   -6.718749|    0.325941|    0.009651|
|         793|   -7.268582|   -6.716051|    0.325938|    0.009651|
|         794|   -7.266421|   -6.713839|    0.325935|    0.009651|
|         795|   -7.264702|   -6.712079|    0.325932|    0.009652|
|         796|   -7.263397|   -6.710741|    0.325930|    0.009652|
|         797|   -7.262480|   -6.709797|    0.325927|    0.009652|
|         798|   -7.261927|   -6.709221|    0.325924|    0.009653|
|         799|   -7.261716|   -6.708991|    0.325922|    0.009653|
|         800|   -7.261829|   -6.709087|    0.325919|    0.009653|
|         801|   -7.262249|   -6.709493|    0.325916|    0.009656|
+-----------------------------------------------------------------------+
|Fixed CL Mode                           |Value                         |
+-----------------------------------------------------------------------+
|Current CL                              |0.325916                      |
|Target CL                               |0.326                         |
|Previous AOA                            |0.147472                      |
|Changed AoA by                          |0.000405986                   |
+-----------------------------------------------------------------------+
+----------------------------------------------------------------+
|  Inner_Iter|    rms[Rho]|   rms[RhoE]|          CL|          CD|
+----------------------------------------------------------------+
|         802|   -6.201758|   -5.595493|    0.325914|    0.009656|
|         803|   -6.495275|   -5.885993|    0.325914|    0.009656|
|         804|   -6.725630|   -6.134840|    0.325923|    0.009657|
|         805|   -6.899475|   -6.297950|    0.325938|    0.009657|
|         806|   -7.023220|   -6.437165|    0.325952|    0.009657|
|         807|   -7.088530|   -6.507178|    0.325958|    0.009657|
|         808|   -7.165164|   -6.588588|    0.325958|    0.009657|
|         809|   -7.185074|   -6.608575|    0.325956|    0.009658|
|         810|   -7.213785|   -6.638421|    0.325956|    0.009658|
|         811|   -7.261741|   -6.693581|    0.325957|    0.009658|
|         812|   -7.289922|   -6.726747|    0.325959|    0.009658|
|         813|   -7.305076|   -6.741820|    0.325960|    0.009658|
|         814|   -7.327228|   -6.764758|    0.325960|    0.009659|
|         815|   -7.352663|   -6.792536|    0.325961|    0.009659|
|         816|   -7.374087|   -6.815430|    0.325961|    0.009659|
|         817|   -7.393408|   -6.835139|    0.325961|    0.009659|
|         818|   -7.412706|   -6.854521|    0.325961|    0.009659|
|         819|   -7.432264|   -6.874179|    0.325962|    0.009659|
|         820|   -7.452412|   -6.894486|    0.325962|    0.009659|
|         821|   -7.473407|   -6.915654|    0.325962|    0.009659|
|         822|   -7.495132|   -6.937492|    0.325962|    0.009659|
|         823|   -7.517431|   -6.959810|    0.325962|    0.009659|
|         824|   -7.540365|   -6.982698|    0.325962|    0.009658|
|         825|   -7.564085|   -7.006350|    0.325962|    0.009658|
|         826|   -7.588688|   -7.030859|    0.325962|    0.009658|
|         827|   -7.614196|   -7.056226|    0.325962|    0.009658|
|         828|   -7.640585|   -7.082424|    0.325962|    0.009658|
|         829|   -7.667806|   -7.109415|    0.325962|    0.009658|
|         830|   -7.695790|   -7.137152|    0.325962|    0.009658|
|         831|   -7.724445|   -7.165551|    0.325962|    0.009658|
|         832|   -7.753632|   -7.194470|    0.325962|    0.009657|
|         833|   -7.783174|   -7.223726|    0.325963|    0.009657|
|         834|   -7.812877|   -7.253122|    0.325963|    0.009657|
|         835|   -7.842529|   -7.282456|    0.325963|    0.009657|
|         836|   -7.871897|   -7.311511|    0.325963|    0.009657|
|         837|   -7.900722|   -7.340054|    0.325963|    0.009657|
|         838|   -7.928718|   -7.367830|    0.325963|    0.009657|
|         839|   -7.955576|   -7.394565|    0.325964|    0.009657|
|         840|   -7.980959|   -7.419958|    0.325964|    0.009656|
|         841|   -8.004514|   -7.443686|    0.325964|    0.009656|
|         842|   -8.025872|   -7.465405|    0.325965|    0.009656|
|         843|   -8.044680|   -7.484769|    0.325965|    0.009656|
|         844|   -8.060627|   -7.501456|    0.325965|    0.009656|
|         845|   -8.073479|   -7.515202|    0.325966|    0.009656|
|         846|   -8.083119|   -7.525838|    0.325966|    0.009656|
|         847|   -8.089564|   -7.533325|    0.325966|    0.009656|
|         848|   -8.092975|   -7.537762|    0.325967|    0.009656|
|         849|   -8.093638|   -7.539386|    0.325967|    0.009656|
|         850|   -8.091929|   -7.538539|    0.325968|    0.009656|
|         851|   -8.088278|   -7.535634|    0.325968|    0.009657|
+-----------------------------------------------------------------------+
|Fixed CL Mode                           |Value                         |
+-----------------------------------------------------------------------+
|Current CL                              |0.325968                      |
|Target CL                               |0.326                         |
|Previous AOA                            |0.147878                      |
|Changed AoA by                          |0.000161173                   |
+-----------------------------------------------------------------------+
+----------------------------------------------------------------+
|  Inner_Iter|    rms[Rho]|   rms[RhoE]|          CL|          CD|
+----------------------------------------------------------------+
|         852|   -6.604586|   -5.997896|    0.325969|    0.009657|
|         853|   -6.901033|   -6.290801|    0.325970|    0.009656|
|         854|   -7.142035|   -6.548980|    0.325976|    0.009656|
|         855|   -7.336698|   -6.727834|    0.325983|    0.009656|
|         856|   -7.491530|   -6.895341|    0.325990|    0.009656|
|         857|   -7.577051|   -6.983647|    0.325994|    0.009656|
|         858|   -7.684541|   -7.093267|    0.325996|    0.009656|
|         859|   -7.698708|   -7.108704|    0.325996|    0.009656|
|         860|   -7.727106|   -7.139820|    0.325998|    0.009656|
|         861|   -7.785672|   -7.210059|    0.326000|    0.009656|
|         862|   -7.805530|   -7.239537|    0.326002|    0.009656|
|         863|   -7.799736|   -7.235584|    0.326004|    0.009656|
|         864|   -7.801994|   -7.241424|    0.326005|    0.009656|
|         865|   -7.802225|   -7.246533|    0.326007|    0.009656|
|         866|   -7.792445|   -7.239202|    0.326009|    0.009656|
|         867|   -7.779388|   -7.227068|    0.326010|    0.009656|
|         868|   -7.766639|   -7.214969|    0.326011|    0.009655|
|         869|   -7.754426|   -7.203266|    0.326013|    0.009655|
|         870|   -7.742876|   -7.192083|    0.326014|    0.009655|
|         871|   -7.732094|   -7.181552|    0.326015|    0.009655|
|         872|   -7.722037|   -7.171617|    0.326017|    0.009655|
|         873|   -7.712730|   -7.162314|    0.326018|    0.009655|
|         874|   -7.704268|   -7.153783|    0.326019|    0.009655|
|         875|   -7.696692|   -7.146102|    0.326020|    0.009654|
|         876|   -7.689976|   -7.139255|    0.326022|    0.009654|
|         877|   -7.684067|   -7.133192|    0.326023|    0.009654|
|         878|   -7.678911|   -7.127866|    0.326024|    0.009654|
|         879|   -7.674464|   -7.123238|    0.326025|    0.009654|
|         880|   -7.670685|   -7.119276|    0.326026|    0.009654|
|         881|   -7.667536|   -7.115945|    0.326027|    0.009654|
|         882|   -7.664975|   -7.113210|    0.326028|    0.009653|
|         883|   -7.662967|   -7.111032|    0.326029|    0.009653|
|         884|   -7.661478|   -7.109380|    0.326031|    0.009653|
|         885|   -7.660477|   -7.108226|    0.326032|    0.009653|
|         886|   -7.659937|   -7.107541|    0.326033|    0.009653|
|         887|   -7.659833|   -7.107303|    0.326034|    0.009653|
|         888|   -7.660141|   -7.107488|    0.326035|    0.009653|
|         889|   -7.660837|   -7.108072|    0.326036|    0.009652|
|         890|   -7.661899|   -7.109033|    0.326037|    0.009652|
|         891|   -7.663304|   -7.110348|    0.326038|    0.009652|
|         892|   -7.665031|   -7.111995|    0.326039|    0.009652|
|         893|   -7.667059|   -7.113953|    0.326040|    0.009652|
|         894|   -7.669369|   -7.116201|    0.326041|    0.009652|
|         895|   -7.671942|   -7.118720|    0.326042|    0.009652|
|         896|   -7.674762|   -7.121493|    0.326043|    0.009652|
|         897|   -7.677812|   -7.124502|    0.326044|    0.009652|
|         898|   -7.681077|   -7.127732|    0.326045|    0.009652|
|         899|   -7.684544|   -7.131168|    0.326046|    0.009651|
|         900|   -7.688199|   -7.134797|    0.326047|    0.009651|
|         901|   -7.692032|   -7.138606|    0.326048|    0.009650|
+-----------------------------------------------------------------------+
|Fixed CL Mode                           |Value                         |
+-----------------------------------------------------------------------+
|Current CL                              |0.326048                      |
|Target CL                               |0.326                         |
|Previous AOA                            |0.148039                      |
|Changed AoA by                          |-0.000232851                  |
+-----------------------------------------------------------------------+
+----------------------------------------------------------------+
|  Inner_Iter|    rms[Rho]|   rms[RhoE]|          CL|          CD|
+----------------------------------------------------------------+
|         902|   -6.444209|   -5.837700|    0.326048|    0.009650|
|         903|   -6.740242|   -6.130169|    0.326048|    0.009650|
|         904|   -6.977954|   -6.385443|    0.326042|    0.009650|
|         905|   -7.166336|   -6.559564|    0.326033|    0.009650|
|         906|   -7.311579|   -6.718412|    0.326024|    0.009650|
|         907|   -7.394238|   -6.804100|    0.326020|    0.009650|
|         908|   -7.500722|   -6.912564|    0.326019|    0.009649|
|         909|   -7.527386|   -6.938323|    0.326020|    0.009649|
|         910|   -7.569334|   -6.980252|    0.326019|    0.009649|
|         911|   -7.649715|   -7.068914|    0.326018|    0.009649|
|         912|   -7.698885|   -7.125665|    0.326017|    0.009649|
|         913|   -7.720970|   -7.147137|    0.326016|    0.009649|
|         914|   -7.758255|   -7.185410|    0.326015|    0.009649|
|         915|   -7.803513|   -7.235280|    0.326014|    0.009649|
|         916|   -7.837392|   -7.272430|    0.326013|    0.009649|
|         917|   -7.864493|   -7.300347|    0.326013|    0.009649|
|         918|   -7.890591|   -7.326701|    0.326012|    0.009649|
|         919|   -7.915269|   -7.351972|    0.326011|    0.009649|
|         920|   -7.938737|   -7.376418|    0.326011|    0.009649|
|         921|   -7.961706|   -7.400565|    0.326010|    0.009649|
|         922|   -7.983584|   -7.423577|    0.326010|    0.009649|
|         923|   -8.003496|   -7.444426|    0.326009|    0.009650|
|         924|   -8.021313|   -7.463070|    0.326009|    0.009650|
|         925|   -8.037218|   -7.479818|    0.326008|    0.009650|
|         926|   -8.051158|   -7.494598|    0.326008|    0.009650|
|         927|   -8.062903|   -7.507100|    0.326007|    0.009650|
|         928|   -8.072205|   -7.517037|    0.326007|    0.009650|
|         929|   -8.078888|   -7.524253|    0.326006|    0.009650|
|         930|   -8.082924|   -7.528747|    0.326006|    0.009650|
|         931|   -8.084405|   -7.530628|    0.326005|    0.009650|
|         932|   -8.083514|   -7.530066|    0.326005|    0.009651|
|         933|   -8.080528|   -7.527324|    0.326005|    0.009651|
|         934|   -8.075806|   -7.522767|    0.326004|    0.009651|
|         935|   -8.069751|   -7.516814|    0.326004|    0.009651|
|         936|   -8.062755|   -7.509881|    0.326003|    0.009651|
|         937|   -8.055175|   -7.502345|    0.326003|    0.009651|
|         938|   -8.047313|   -7.494524|    0.326002|    0.009651|
|         939|   -8.039408|   -7.486664|    0.326002|    0.009651|
|         940|   -8.031636|   -7.478948|    0.326001|    0.009651|
|         941|   -8.024125|   -7.471502|    0.326001|    0.009651|
|         942|   -8.016958|   -7.464407|    0.326000|    0.009651|
|         943|   -8.010187|   -7.457712|    0.325999|    0.009652|
|         944|   -8.003842|   -7.451443|    0.325999|    0.009652|
|         945|   -7.997938|   -7.445609|    0.325998|    0.009652|
|         946|   -7.992479|   -7.440213|    0.325998|    0.009652|
|         947|   -7.987462|   -7.435250|    0.325997|    0.009652|
|         948|   -7.982883|   -7.430715|    0.325997|    0.009652|
|         949|   -7.978736|   -7.426601|    0.325996|    0.009652|
|         950|   -7.975014|   -7.422902|    0.325996|    0.009652|
|         951|   -7.971709|   -7.419614|    0.325995|    0.009652|
+-----------------------------------------------------------------------+
|Fixed CL Mode                           |Value                         |
+-----------------------------------------------------------------------+
|Current CL                              |0.325995                      |
|Target CL                               |0.326                         |
|Previous AOA                            |0.147806                      |
|Changed AoA by                          |2.22539e-05                   |
+-----------------------------------------------------------------------+
+----------------------------------------------------------------+
|  Inner_Iter|    rms[Rho]|   rms[RhoE]|          CL|          CD|
+----------------------------------------------------------------+
|         952|   -7.443833|   -6.841763|    0.325994|    0.009652|
|         953|   -7.692175|   -7.095940|    0.325994|    0.009652|
|         954|   -7.834477|   -7.261826|    0.325994|    0.009652|
|         955|   -7.901609|   -7.332641|    0.325995|    0.009652|
|         956|   -7.931554|   -7.371748|    0.325995|    0.009652|
|         957|   -7.943188|   -7.385864|    0.325995|    0.009653|
|         958|   -7.954674|   -7.399251|    0.325994|    0.009653|
|         959|   -7.958700|   -7.403572|    0.325994|    0.009653|
|         960|   -7.963722|   -7.408927|    0.325994|    0.009653|
|         961|   -7.970104|   -7.416236|    0.325993|    0.009653|
|         962|   -7.974580|   -7.421192|    0.325993|    0.009653|
|         963|   -7.978542|   -7.425142|    0.325993|    0.009653|
|         964|   -7.983511|   -7.430137|    0.325992|    0.009653|
|         965|   -7.989116|   -7.435847|    0.325992|    0.009653|
|         966|   -7.994917|   -7.441684|    0.325992|    0.009653|
|         967|   -8.000987|   -7.447730|    0.325991|    0.009653|
|         968|   -8.007385|   -7.454080|    0.325991|    0.009653|
|         969|   -8.014112|   -7.460743|    0.325991|    0.009653|
|         970|   -8.021193|   -7.467753|    0.325990|    0.009653|
|         971|   -8.028650|   -7.475136|    0.325990|    0.009653|
|         972|   -8.036464|   -7.482878|    0.325990|    0.009653|
|         973|   -8.044600|   -7.490942|    0.325989|    0.009653|
|         974|   -8.053033|   -7.499302|    0.325989|    0.009653|
|         975|   -8.061748|   -7.507945|    0.325989|    0.009653|
|         976|   -8.070731|   -7.516856|    0.325988|    0.009653|
|         977|   -8.079967|   -7.526021|    0.325988|    0.009653|
|         978|   -8.089440|   -7.535424|    0.325988|    0.009653|
|         979|   -8.099132|   -7.545048|    0.325987|    0.009653|
|         980|   -8.109027|   -7.554879|    0.325987|    0.009653|
|         981|   -8.119108|   -7.564899|    0.325987|    0.009653|
|         982|   -8.129361|   -7.575093|    0.325987|    0.009653|
|         983|   -8.139771|   -7.585448|    0.325986|    0.009653|
|         984|   -8.150328|   -7.595950|    0.325986|    0.009653|
|         985|   -8.161020|   -7.606590|    0.325986|    0.009653|
|         986|   -8.171839|   -7.617359|    0.325986|    0.009653|
|         987|   -8.182775|   -7.628247|    0.325985|    0.009653|
|         988|   -8.193821|   -7.639248|    0.325985|    0.009653|
|         989|   -8.204968|   -7.650351|    0.325985|    0.009653|
|         990|   -8.216210|   -7.661551|    0.325985|    0.009653|
|         991|   -8.227538|   -7.672840|    0.325984|    0.009653|
|         992|   -8.238945|   -7.684209|    0.325984|    0.009653|
|         993|   -8.250422|   -7.695650|    0.325984|    0.009653|
|         994|   -8.261962|   -7.707155|    0.325984|    0.009653|
|         995|   -8.273557|   -7.718716|    0.325983|    0.009653|
|         996|   -8.285196|   -7.730322|    0.325983|    0.009654|
|         997|   -8.296871|   -7.741965|    0.325983|    0.009654|
|         998|   -8.308573|   -7.753636|    0.325983|    0.009654|
|         999|   -8.320293|   -7.765325|    0.325983|    0.009654|
|        1000|   -8.332021|   -7.777023|    0.325983|    0.009654|
+-----------------------------------------------------------------------+
|      Convergence Field     |     Value    |   Criterion  |  Converged |
+-----------------------------------------------------------------------+
|                    rms[Rho]|      -8.33202|         < -13|          No|
+-----------------------------------------------------------------------+
+-----------------------------------------------------------------------+
|        File Writing Summary       |              Filename             |
+-----------------------------------------------------------------------+
|SU2 binary restart                 |restart_flow.dat                   |
Writing Flow Meta-Data file: flow.meta
|Paraview                           |flow.vtu                           |
Writing Flow Meta-Data file: flow.meta
|Paraview surface                   |surface_flow.vtu                   |
Writing Flow Meta-Data file: flow.meta
|CSV file                           |surface_flow.csv                   |
Writing Flow Meta-Data file: flow.meta
+-----------------------------------------------------------------------+
+----------------------------------------------------------------+
|  Inner_Iter|    rms[Rho]|   rms[RhoE]|          CL|          CD|
+----------------------------------------------------------------+
|        1001|   -8.343748|   -7.788721|    0.325982|    0.009659|
+-----------------------------------------------------------------------+
|Fixed CL Mode                           |Value                         |
+-----------------------------------------------------------------------+
|Current CL                              |0.325982                      |
|Target CL                               |0.326                         |
|Previous AOA                            |0.147828                      |
|Changed AoA by (Finite Difference step) |0.001                         |
+-----------------------------------------------------------------------+
+----------------------------------------------------------------+
|  Inner_Iter|    rms[Rho]|   rms[RhoE]|          CL|          CD|
+----------------------------------------------------------------+
|        1002|   -5.812058|   -5.205346|    0.325982|    0.009659|
|        1003|   -6.109589|   -5.499046|    0.325989|    0.009659|
|        1004|   -6.352539|   -5.758890|    0.326018|    0.009659|
|        1005|   -6.551724|   -5.940975|    0.326061|    0.009660|
|        1006|   -6.715069|   -6.115649|    0.326101|    0.009659|
|        1007|   -6.812597|   -6.214000|    0.326124|    0.009659|
|        1008|   -6.948434|   -6.346834|    0.326130|    0.009659|
|        1009|   -6.976213|   -6.373242|    0.326131|    0.009659|
|        1010|   -7.026663|   -6.422354|    0.326136|    0.009659|
|        1011|   -7.141620|   -6.544059|    0.326146|    0.009659|
|        1012|   -7.208346|   -6.621579|    0.326155|    0.009659|
|        1013|   -7.220496|   -6.634741|    0.326164|    0.009659|
|        1014|   -7.256202|   -6.674208|    0.326171|    0.009659|
|        1015|   -7.295512|   -6.723957|    0.326178|    0.009659|
|        1016|   -7.302157|   -6.738402|    0.326184|    0.009658|
|        1017|   -7.293045|   -6.732527|    0.326190|    0.009658|
|        1018|   -7.280854|   -6.722798|    0.326196|    0.009658|
|        1019|   -7.265755|   -6.710066|    0.326202|    0.009657|
|        1020|   -7.249300|   -6.695586|    0.326207|    0.009656|
|        1021|   -7.233008|   -6.680806|    0.326213|    0.009656|
|        1022|   -7.216984|   -6.665780|    0.326218|    0.009655|
|        1023|   -7.201315|   -6.650648|    0.326224|    0.009655|
|        1024|   -7.186420|   -6.636014|    0.326229|    0.009654|
|        1025|   -7.172591|   -6.622300|    0.326234|    0.009653|
|        1026|   -7.159879|   -6.609598|    0.326239|    0.009652|
|        1027|   -7.148228|   -6.597865|    0.326244|    0.009652|
|        1028|   -7.137555|   -6.587042|    0.326249|    0.009651|
|        1029|   -7.127785|   -6.577081|    0.326254|    0.009650|
|        1030|   -7.118860|   -6.567949|    0.326259|    0.009649|
|        1031|   -7.110725|   -6.559605|    0.326263|    0.009649|
|        1032|   -7.103325|   -6.551997|    0.326268|    0.009648|
|        1033|   -7.096610|   -6.545080|    0.326273|    0.009647|
|        1034|   -7.090543|   -6.538817|    0.326277|    0.009647|
|        1035|   -7.085091|   -6.533180|    0.326282|    0.009646|
|        1036|   -7.080227|   -6.528145|    0.326287|    0.009646|
|        1037|   -7.075926|   -6.523689|    0.326291|    0.009645|
|        1038|   -7.072159|   -6.519786|    0.326296|    0.009644|
|        1039|   -7.068903|   -6.516411|    0.326300|    0.009644|
|        1040|   -7.066128|   -6.513536|    0.326305|    0.009643|
|        1041|   -7.063806|   -6.511131|    0.326310|    0.009643|
|        1042|   -7.061911|   -6.509165|    0.326314|    0.009642|
|        1043|   -7.060413|   -6.507611|    0.326319|    0.009642|
|        1044|   -7.059288|   -6.506439|    0.326323|    0.009641|
|        1045|   -7.058511|   -6.505625|    0.326328|    0.009641|
|        1046|   -7.058060|   -6.505143|    0.326332|    0.009640|
|        1047|   -7.057914|   -6.504972|    0.326337|    0.009640|
|        1048|   -7.058055|   -6.505093|    0.326341|    0.009639|
|        1049|   -7.058467|   -6.505488|    0.326346|    0.009639|
|        1050|   -7.059135|   -6.506142|    0.326350|    0.009638|
|        1051|   -7.060048|   -6.507042|    0.326355|    0.009638|
|        1052|   -7.061194|   -6.508178|    0.326359|    0.009638|
|        1053|   -7.062566|   -6.509540|    0.326364|    0.009637|
|        1054|   -7.064155|   -6.511120|    0.326368|    0.009637|
|        1055|   -7.065955|   -6.512910|    0.326372|    0.009636|
|        1056|   -7.067960|   -6.514906|    0.326377|    0.009636|
|        1057|   -7.070165|   -6.517101|    0.326381|    0.009636|
|        1058|   -7.072566|   -6.519490|    0.326385|    0.009635|
|        1059|   -7.075158|   -6.522069|    0.326389|    0.009635|
|        1060|   -7.077938|   -6.524834|    0.326394|    0.009634|
|        1061|   -7.080903|   -6.527782|    0.326398|    0.009634|
|        1062|   -7.084050|   -6.530909|    0.326402|    0.009634|
|        1063|   -7.087377|   -6.534213|    0.326406|    0.009633|
|        1064|   -7.090880|   -6.537692|    0.326409|    0.009633|
|        1065|   -7.094556|   -6.541341|    0.326413|    0.009633|
|        1066|   -7.098402|   -6.545159|    0.326417|    0.009632|
|        1067|   -7.102416|   -6.549142|    0.326421|    0.009632|
|        1068|   -7.106595|   -6.553288|    0.326425|    0.009632|
|        1069|   -7.110934|   -6.557594|    0.326428|    0.009631|
|        1070|   -7.115430|   -6.562054|    0.326432|    0.009631|
|        1071|   -7.120079|   -6.566666|    0.326436|    0.009631|
|        1072|   -7.124876|   -6.571426|    0.326439|    0.009631|
|        1073|   -7.129816|   -6.576327|    0.326443|    0.009630|
|        1074|   -7.134894|   -6.581366|    0.326446|    0.009630|
|        1075|   -7.140105|   -6.586537|    0.326449|    0.009630|
|        1076|   -7.145443|   -6.591835|    0.326453|    0.009629|
|        1077|   -7.150902|   -6.597255|    0.326456|    0.009629|
|        1078|   -7.156476|   -6.602790|    0.326459|    0.009629|
|        1079|   -7.162161|   -6.608436|    0.326462|    0.009629|
|        1080|   -7.167949|   -6.614186|    0.326466|    0.009628|
|        1081|   -7.173836|   -6.620036|    0.326469|    0.009628|
|        1082|   -7.179815|   -6.625978|    0.326472|    0.009628|
|        1083|   -7.185880|   -6.632009|    0.326475|    0.009628|
|        1084|   -7.192027|   -6.638122|    0.326478|    0.009627|
|        1085|   -7.198249|   -6.644311|    0.326481|    0.009627|
|        1086|   -7.204540|   -6.650572|    0.326484|    0.009627|
|        1087|   -7.210896|   -6.656899|    0.326487|    0.009627|
|        1088|   -7.217311|   -6.663286|    0.326489|    0.009626|
|        1089|   -7.223780|   -6.669730|    0.326492|    0.009626|
|        1090|   -7.230299|   -6.676224|    0.326495|    0.009626|
|        1091|   -7.236862|   -6.682764|    0.326498|    0.009626|
|        1092|   -7.243465|   -6.689346|    0.326500|    0.009625|
|        1093|   -7.250103|   -6.695964|    0.326503|    0.009625|
|        1094|   -7.256772|   -6.702615|    0.326505|    0.009625|
|        1095|   -7.263469|   -6.709295|    0.326508|    0.009625|
|        1096|   -7.270188|   -6.715999|    0.326510|    0.009625|
|        1097|   -7.276927|   -6.722724|    0.326513|    0.009624|
|        1098|   -7.283680|   -6.729465|    0.326515|    0.009624|
|        1099|   -7.290446|   -6.736220|    0.326518|    0.009624|
|        1100|   -7.297220|   -6.742984|    0.326520|    0.009624|
|        1101|   -7.303999|   -6.749754|    0.326522|    0.009624|
|        1102|   -7.310779|   -6.756526|    0.326525|    0.009623|
|        1103|   -7.317558|   -6.763298|    0.326527|    0.009623|
|        1104|   -7.324332|   -6.770066|    0.326529|    0.009623|
|        1105|   -7.331098|   -6.776826|    0.326531|    0.009623|
|        1106|   -7.337853|   -6.783577|    0.326534|    0.009623|
|        1107|   -7.344594|   -6.790316|    0.326536|    0.009623|
|        1108|   -7.351320|   -6.797038|    0.326538|    0.009622|
|        1109|   -7.358026|   -6.803743|    0.326540|    0.009622|
|        1110|   -7.364711|   -6.810427|    0.326542|    0.009622|
|        1111|   -7.371372|   -6.817088|    0.326544|    0.009622|
|        1112|   -7.378008|   -6.823724|    0.326546|    0.009622|
|        1113|   -7.384615|   -6.830332|    0.326548|    0.009622|
|        1114|   -7.391193|   -6.836911|    0.326550|    0.009621|
|        1115|   -7.397738|   -6.843458|    0.326552|    0.009621|
|        1116|   -7.404251|   -6.849973|    0.326554|    0.009621|
|        1117|   -7.410728|   -6.856453|    0.326556|    0.009621|
|        1118|   -7.417169|   -6.862898|    0.326558|    0.009621|
|        1119|   -7.423573|   -6.869305|    0.326560|    0.009621|
|        1120|   -7.429938|   -6.875675|    0.326562|    0.009620|
|        1121|   -7.436264|   -6.882005|    0.326564|    0.009620|
|        1122|   -7.442549|   -6.888295|    0.326565|    0.009620|
|        1123|   -7.448793|   -6.894544|    0.326567|    0.009620|
|        1124|   -7.454996|   -6.900753|    0.326569|    0.009620|
|        1125|   -7.461157|   -6.906919|    0.326571|    0.009620|
|        1126|   -7.467276|   -6.913044|    0.326573|    0.009620|
|        1127|   -7.473353|   -6.919127|    0.326574|    0.009619|
|        1128|   -7.479387|   -6.925168|    0.326576|    0.009619|
|        1129|   -7.485380|   -6.931168|    0.326578|    0.009619|
|        1130|   -7.491330|   -6.937125|    0.326579|    0.009619|
|        1131|   -7.497240|   -6.943042|    0.326581|    0.009619|
|        1132|   -7.503108|   -6.948917|    0.326582|    0.009619|
|        1133|   -7.508936|   -6.954752|    0.326584|    0.009619|
|        1134|   -7.514724|   -6.960548|    0.326586|    0.009618|
|        1135|   -7.520473|   -6.966304|    0.326587|    0.009618|
|        1136|   -7.526184|   -6.972023|    0.326589|    0.009618|
|        1137|   -7.531857|   -6.977703|    0.326590|    0.009618|
|        1138|   -7.537494|   -6.983348|    0.326592|    0.009618|
|        1139|   -7.543095|   -6.988957|    0.326593|    0.009618|
|        1140|   -7.548663|   -6.994532|    0.326595|    0.009618|
|        1141|   -7.554196|   -7.000073|    0.326596|    0.009618|
|        1142|   -7.559698|   -7.005582|    0.326598|    0.009618|
|        1143|   -7.565169|   -7.011060|    0.326599|    0.009617|
|        1144|   -7.570610|   -7.016507|    0.326600|    0.009617|
|        1145|   -7.576022|   -7.021927|    0.326602|    0.009617|
|        1146|   -7.581407|   -7.027318|    0.326603|    0.009617|
|        1147|   -7.586766|   -7.032684|    0.326604|    0.009617|
|        1148|   -7.592100|   -7.038024|    0.326606|    0.009617|
|        1149|   -7.597411|   -7.043341|    0.326607|    0.009617|
|        1150|   -7.602699|   -7.048635|    0.326608|    0.009617|
|        1151|   -7.607966|   -7.053908|    0.326610|    0.009617|
|        1152|   -7.613213|   -7.059160|    0.326611|    0.009616|
|        1153|   -7.618442|   -7.064394|    0.326612|    0.009616|
|        1154|   -7.623653|   -7.069610|    0.326613|    0.009616|
|        1155|   -7.628848|   -7.074810|    0.326615|    0.009616|
|        1156|   -7.634028|   -7.079994|    0.326616|    0.009616|
|        1157|   -7.639193|   -7.085164|    0.326617|    0.009616|
|        1158|   -7.644346|   -7.090321|    0.326618|    0.009616|
|        1159|   -7.649488|   -7.095466|    0.326619|    0.009616|
|        1160|   -7.654618|   -7.100600|    0.326620|    0.009616|
|        1161|   -7.659739|   -7.105725|    0.326622|    0.009616|
|        1162|   -7.664852|   -7.110840|    0.326623|    0.009615|
|        1163|   -7.669956|   -7.115948|    0.326624|    0.009615|
|        1164|   -7.675054|   -7.121048|    0.326625|    0.009615|
|        1165|   -7.680146|   -7.126143|    0.326626|    0.009615|
|        1166|   -7.685233|   -7.131232|    0.326627|    0.009615|
|        1167|   -7.690316|   -7.136317|    0.326628|    0.009615|
|        1168|   -7.695396|   -7.141399|    0.326629|    0.009615|
|        1169|   -7.700473|   -7.146478|    0.326630|    0.009615|
|        1170|   -7.705548|   -7.151555|    0.326631|    0.009615|
|        1171|   -7.710623|   -7.156630|    0.326632|    0.009615|
|        1172|   -7.715697|   -7.161705|    0.326633|    0.009615|
|        1173|   -7.720771|   -7.166780|    0.326634|    0.009615|
|        1174|   -7.725845|   -7.171856|    0.326635|    0.009614|
|        1175|   -7.730922|   -7.176933|    0.326636|    0.009614|
|        1176|   -7.736000|   -7.182012|    0.326637|    0.009614|
|        1177|   -7.741080|   -7.187093|    0.326638|    0.009614|
|        1178|   -7.746164|   -7.192176|    0.326639|    0.009614|
|        1179|   -7.751250|   -7.197263|    0.326640|    0.009614|
|        1180|   -7.756341|   -7.202354|    0.326641|    0.009614|
|        1181|   -7.761435|   -7.207448|    0.326642|    0.009614|
|        1182|   -7.766534|   -7.212547|    0.326642|    0.009614|
|        1183|   -7.771637|   -7.217650|    0.326643|    0.009614|
|        1184|   -7.776746|   -7.222758|    0.326644|    0.009614|
|        1185|   -7.781860|   -7.227872|    0.326645|    0.009614|
|        1186|   -7.786979|   -7.232990|    0.326646|    0.009614|
|        1187|   -7.792104|   -7.238115|    0.326647|    0.009613|
|        1188|   -7.797235|   -7.243245|    0.326647|    0.009613|
|        1189|   -7.802372|   -7.248381|    0.326648|    0.009613|
|        1190|   -7.807515|   -7.253523|    0.326649|    0.009613|
|        1191|   -7.812664|   -7.258671|    0.326650|    0.009613|
|        1192|   -7.817820|   -7.263826|    0.326651|    0.009613|
|        1193|   -7.822982|   -7.268987|    0.326651|    0.009613|
|        1194|   -7.828151|   -7.274155|    0.326652|    0.009613|
|        1195|   -7.833326|   -7.279329|    0.326653|    0.009613|
|        1196|   -7.838508|   -7.284509|    0.326654|    0.009613|
|        1197|   -7.843696|   -7.289696|    0.326654|    0.009613|
|        1198|   -7.848891|   -7.294890|    0.326655|    0.009613|
|        1199|   -7.854093|   -7.300090|    0.326656|    0.009613|
|        1200|   -7.859301|   -7.305297|    0.326657|    0.009613|
|        1201|   -7.864515|   -7.310510|    0.326657|    0.009613|
|        1202|   -7.869736|   -7.315730|    0.326658|    0.009613|
|        1203|   -7.874964|   -7.320956|    0.326659|    0.009613|
|        1204|   -7.880197|   -7.326188|    0.326659|    0.009612|
|        1205|   -7.885437|   -7.331426|    0.326660|    0.009612|
|        1206|   -7.890683|   -7.336670|    0.326661|    0.009612|
|        1207|   -7.895934|   -7.341920|    0.326661|    0.009612|
|        1208|   -7.901192|   -7.347177|    0.326662|    0.009612|
|        1209|   -7.906455|   -7.352438|    0.326662|    0.009612|
|        1210|   -7.911724|   -7.357706|    0.326663|    0.009612|
|        1211|   -7.916999|   -7.362979|    0.326664|    0.009612|
|        1212|   -7.922278|   -7.368257|    0.326664|    0.009612|
|        1213|   -7.927563|   -7.373540|    0.326665|    0.009612|
|        1214|   -7.932852|   -7.378828|    0.326666|    0.009612|
|        1215|   -7.938147|   -7.384121|    0.326666|    0.009612|
|        1216|   -7.943446|   -7.389419|    0.326667|    0.009612|
|        1217|   -7.948749|   -7.394721|    0.326667|    0.009612|
|        1218|   -7.954057|   -7.400027|    0.326668|    0.009612|
|        1219|   -7.959369|   -7.405338|    0.326668|    0.009612|
|        1220|   -7.964685|   -7.410652|    0.326669|    0.009612|
|        1221|   -7.970004|   -7.415970|    0.326669|    0.009612|
|        1222|   -7.975327|   -7.421292|    0.326670|    0.009612|
|        1223|   -7.980653|   -7.426617|    0.326671|    0.009612|
|        1224|   -7.985983|   -7.431946|    0.326671|    0.009611|
|        1225|   -7.991316|   -7.437277|    0.326672|    0.009611|
|        1226|   -7.996651|   -7.442611|    0.326672|    0.009611|
|        1227|   -8.001989|   -7.447948|    0.326673|    0.009611|
|        1228|   -8.007330|   -7.453288|    0.326673|    0.009611|
|        1229|   -8.012672|   -7.458630|    0.326674|    0.009611|
|        1230|   -8.018017|   -7.463974|    0.326674|    0.009611|
|        1231|   -8.023364|   -7.469320|    0.326675|    0.009611|
|        1232|   -8.028713|   -7.474667|    0.326675|    0.009611|
|        1233|   -8.034063|   -7.480017|    0.326676|    0.009611|
|        1234|   -8.039415|   -7.485368|    0.326676|    0.009611|
|        1235|   -8.044768|   -7.490720|    0.326676|    0.009611|
|        1236|   -8.050122|   -7.496074|    0.326677|    0.009611|
|        1237|   -8.055477|   -7.501428|    0.326677|    0.009611|
|        1238|   -8.060833|   -7.506784|    0.326678|    0.009611|
|        1239|   -8.066190|   -7.512140|    0.326678|    0.009611|
|        1240|   -8.071548|   -7.517497|    0.326679|    0.009611|
|        1241|   -8.076905|   -7.522854|    0.326679|    0.009611|
|        1242|   -8.082264|   -7.528212|    0.326679|    0.009611|
|        1243|   -8.087622|   -7.533570|    0.326680|    0.009611|
|        1244|   -8.092981|   -7.538928|    0.326680|    0.009611|
|        1245|   -8.098340|   -7.544287|    0.326681|    0.009611|
|        1246|   -8.103698|   -7.549645|    0.326681|    0.009611|
|        1247|   -8.109057|   -7.555003|    0.326682|    0.009611|
|        1248|   -8.114415|   -7.560361|    0.326682|    0.009611|
|        1249|   -8.119773|   -7.565719|    0.326682|    0.009605|
+-----------------------------------------------------------------------+
|Fixed CL Mode (Finite Difference)       |Value                         |
+-----------------------------------------------------------------------+
|Delta CL / Delta AoA                    |0.699394                      |
|Delta CD / Delta CL                     |-0.0614567                    |
|Delta CMz / Delta CL                    |0.0118254                     |
+-----------------------------------------------------------------------+
Writing Flow Meta-Data file: flow.meta

----------------------------- Solver Exit -------------------------------

Maximum number of iterations reached (ITER = 1250) before convergence.
+-----------------------------------------------------------------------+
|      Convergence Field     |     Value    |   Criterion  |  Converged |
+-----------------------------------------------------------------------+
|                    rms[Rho]|      -8.11977|         < -13|          No|
+-----------------------------------------------------------------------+
-------------------------------------------------------------------------

--------------------------- Finalizing Solver ---------------------------
Deleted CNumerics container.
Deleted CIntegration container.
Deleted CSolver container.
Deleted CIteration container.
Deleted CInterface container.
Deleted CGeometry container.
Deleted CFreeFormDefBox class.
Deleted CSurfaceMovement class.
Deleted CVolumetricMovement class.
Deleted CConfig container.
Deleted nInst container.
Deleted COutput class.
-------------------------------------------------------------------------

------------------------- Exit Success (SU2_CFD) ------------------------

