
-------------------------------------------------------------------------
|    ___ _   _ ___                                                      |
|   / __| | | |_  )   Release 8.3.0 "Harrier"                           |
|   \__ \ |_| |/ /                                                      |
|   |___/\___//___|   Suite (Computational Fluid Dynamics Code)         |
|                                                                       |
-------------------------------------------------------------------------
| SU2 Project Website: https://su2code.github.io                        |
|                                                                       |
| The SU2 Project is maintained by the SU2 Foundation                   |
| (http://su2foundation.org)                                            |
-------------------------------------------------------------------------
| Copyright 2012-2025, SU2 Contributors                                 |
|                                                                       |
| SU2 is free software; you can redistribute it and/or                  |
| modify it under the terms of the GNU Lesser General Public            |
| License as published by the Free Software Foundation; either          |
| version 2.1 of the License, or (at your option) any later version.    |
|                                                                       |
| SU2 is distributed in the hope that it will be useful,                |
| but WITHOUT ANY WARRANTY; without even the implied warranty of        |
| MERCHANTABILITY or FITNESS FOR A PARTICULAR PURPOSE. See the GNU      |
| Lesser General Public License for more details.                       |
|                                                                       |
| You should have received a copy of the GNU Lesser General Public      |
| License along with SU2. If not, see <http://www.gnu.org/licenses/>.   |
-------------------------------------------------------------------------

Parsing config file for zone 0

----------------- Physical Case Definition ( Zone 0 ) -------------------
Compressible Euler equations.
Mach number: 0.8.
Angle of attack (AoA): 1.25 deg, and angle of sideslip (AoS): 0 deg.
Fixed CL mode, target value: 0.326.
Reading and writing binary SU2 native restart files.
Read flow solution from: solution_flow.
Non-Dimensional simulation (P=1.0, Rho=1.0, T=1.0 at the farfield).
The reference area is 1 m^2.
The semi-span will be computed using the max y(3D) value.
The reference length is 1 m.
Reference origin for moment evaluation is (0.25, 0, 0).
Surface(s) where the force coefficients are evaluated: airfoil.

Surface(s) plotted in the output file: airfoil.
Surface(s) affected by the design variables: airfoil.
Input mesh file name: mesh_NACA0012_inv_deform.su2

--------------- Space Numerical Integration ( Zone 0 ) ------------------
Jameson-Schmidt-Turkel scheme (2nd order in space) for the flow inviscid terms.
JST viscous coefficients (2nd & 4th): 0.5, 0.02.
The method includes a grid stretching correction (p = 0.3).
Gradient for viscous and source terms: Green-Gauss.

--------------- Time Numerical Integration  ( Zone 0 ) ------------------
Local time stepping (steady state simulation).
Euler implicit method for the flow equations.
FGMRES is used for solving the linear system.
Using a LU-SGS preconditioning.
Convergence criteria of the linear solver: 0.0001.
Max number of linear iterations: 2.
V Multigrid Cycle, with 2 multigrid levels.
Damping factor for the residual restriction: 1.
Damping factor for the correction prolongation: 1.
No CFL adaptation.
+-------------------------------------------+
|  MG Level| Presmooth|PostSmooth|CorrectSmo|
+-------------------------------------------+
|         0|         1|         0|         0|
|         1|         2|         0|         0|
|         2|         3|         0|         0|
+-------------------------------------------+
Courant-Friedrichs-Lewy number:       10

------------------ Convergence Criteria  ( Zone 0 ) ---------------------
Maximum number of solver subiterations: 1250.
Begin convergence monitoring at iteration 10.
Residual minimum value: 1e-13.
Cauchy series min. value: 1e-06.
Number of Cauchy elements: 100.
Begin windowed time average at iteration 0.

-------------------- Output Information ( Zone 0 ) ----------------------
File writing frequency: 
+------------------------------------+
|                     File| Frequency|
+------------------------------------+
|                  RESTART|       250|
|                 PARAVIEW|       250|
|         SURFACE_PARAVIEW|       250|
|              SURFACE_CSV|       250|
+------------------------------------+
Writing the convergence history file every 1 inner iterations.
Writing the screen convergence history every 1 inner iterations.
The tabular file format is CSV (.csv).
Convergence history file name: history_direct.
Forces breakdown file name: forces_breakdown.dat.
Surface file name: surface_flow.
Volume file name: flow.
Restart file name: restart_flow.

------------- Config File Boundary Information ( Zone 0 ) ---------------
+-----------------------------------------------------------------------+
|                        Marker Type|                        Marker Name|
+-----------------------------------------------------------------------+
|                         Euler wall|                            airfoil|
+-----------------------------------------------------------------------+
|                          Far-field|                           farfield|
+-----------------------------------------------------------------------+

-------------------- Output Preprocessing ( Zone 0 ) --------------------

WARNING: SURFACE_PRESSURE_DROP can only be computed for at least 2 surfaces (outlet, inlet, ...)

Screen output fields: INNER_ITER, RMS_DENSITY, RMS_ENERGY, LIFT, DRAG
History output group(s): ITER, RMS_RES, AERO_COEFF
Convergence field(s): RMS_DENSITY
Warning: No (valid) fields chosen for time convergence monitoring. Time convergence monitoring inactive.
Volume output fields: COORDINATES, SOLUTION, PRIMITIVE

------------------- Geometry Preprocessing ( Zone 0 ) -------------------
Two dimensional problem.
5233 grid points.
10216 volume elements.
2 surface markers.
200 boundary elements in index 0 (Marker = airfoil).
50 boundary elements in index 1 (Marker = farfield).
10216 triangles.
Setting point connectivity.
Renumbering points (Reverse Cuthill McKee Ordering).
Recomputing point connectivity.
Setting element connectivity.
Checking the numerical grid orientation.
All volume elements are correctly oriented.
All surface elements are correctly oriented.
Identifying edges and vertices.
Setting the control volume structure.
Area of the computational grid: 1253.25.
Searching for the closest normal neighbors to the surfaces.
Storing a mapping from global to local point index.
Compute the surface curvature.
Max K: 7835.1. Mean K: 34.7655. Standard deviation K: 494.416.
Checking for periodicity.
Computing mesh quality statistics for the dual control volumes.
+--------------------------------------------------------------+
|           Mesh Quality Metric|        Minimum|        Maximum|
+--------------------------------------------------------------+
|    Orthogonality Angle (deg.)|        62.9239|        89.6719|
|     CV Face Area Aspect Ratio|        1.00102|        7.18797|
|           CV Sub-Volume Ratio|        1.00213|        6.47483|
+--------------------------------------------------------------+
Setting the multigrid structure.
+-------------------------------------------+
|  MG Level|       CVs|Aggl. Rate|       CFL|
+-------------------------------------------+
|         0|      5233|    1/1.00|        10|
|         1|      1690|     1/3.1|   8.52431|
|         2|       649|     1/2.6|   7.92373|
+-------------------------------------------+
Finding max control volume width.
Wetted area = 2.04259 m.
Area projection in the x-plane = 0.11631 m, y-plane = 0.999845 m.
Max. coordinate in the x-direction = 1 m, y-direction = 0.0591052 m.
Min. coordinate in the x-direction = 0 m, y-direction = -0.0572265 m.
Computing wall distances.

-------------------- Solver Preprocessing ( Zone 0 ) --------------------
WARNING: AoA in the solution file (0.561108 deg.) +
         AoA offset in mesh file (0 deg.) = 0.561108 deg.
WARNING: SU2 will use the dCD/dCL provided in the direct solution file: -0.0224637.
WARNING: SU2 will use the dCMz/dCL provided in the direct solution file: -0.0273029.
Inviscid flow: Computing density based on free-stream
temperature and pressure using the ideal gas law.
Force coefficients computed using free-stream values.

-- Models:
+------------------------------------------------------------------------------+
|          Viscosity Model|        Conductivity Model|              Fluid Model|
+------------------------------------------------------------------------------+
|                        -|                         -|             STANDARD_AIR|
+------------------------------------------------------------------------------+
-- Fluid properties:
+------------------------------------------------------------------------------+
|                  Name|    Dim. value|    Ref. value|      Unit|Non-dim. value|
+------------------------------------------------------------------------------+
|          Gas Constant|       287.058|       287.058|  N.m/kg.K|             1|
|      Spec. Heat Ratio|             -|             -|         -|           1.4|
+------------------------------------------------------------------------------+
-- Initial and free-stream conditions:
+------------------------------------------------------------------------------+
|                  Name|    Dim. value|    Ref. value|      Unit|Non-dim. value|
+------------------------------------------------------------------------------+
|       Static Pressure|        101325|        101325|        Pa|             1|
|               Density|       1.22498|       1.22498|    kg/m^3|             1|
|           Temperature|        288.15|        288.15|         K|             1|
|          Total Energy|        243846|       82715.8|   m^2/s^2|         2.948|
|            Velocity-X|       272.225|       287.603|       m/s|      0.946527|
|            Velocity-Y|       2.66603|       287.603|       m/s|    0.00926982|
|    Velocity Magnitude|       272.238|       287.603|       m/s|      0.946573|
+------------------------------------------------------------------------------+
|           Mach Number|             -|             -|         -|           0.8|
+------------------------------------------------------------------------------+
Initialize Jacobian structure (Euler). MG level: 0.
Initialize Jacobian structure (Euler). MG level: 1.
Initialize Jacobian structure (Euler). MG level: 2.

------------------- Numerics Preprocessing ( Zone 0 ) -------------------

----------------- Integration Preprocessing ( Zone 0 ) ------------------

------------------- Iteration Preprocessing ( Zone 0 ) ------------------
Euler/Navier-Stokes/RANS fluid iteration.

------------------------------ Begin Solver -----------------------------

Simulation Run using the Single-zone Driver
WARNING: SU2 was not compiled for an AVX-capable architecture. Performance could be better,
         see https://su2code.github.io/docs_v7/Build-SU2-Linux-MacOS/#compiler-optimizations
WARNING: SU2 was not compiled for an AVX-capable architecture. Performance could be better,
         see https://su2code.github.io/docs_v7/Build-SU2-Linux-MacOS/#compiler-optimizations
WARNING: SU2 was not compiled for an AVX-capable architecture. Performance could be better,
         see https://su2code.github.io/docs_v7/Build-SU2-Linux-MacOS/#compiler-optimizations
+----------------------------------------------------------------+
|  Inner_Iter|    rms[Rho]|   rms[RhoE]|          CL|          CD|
+----------------------------------------------------------------+
|           0|   -5.260850|   -4.664468|    0.326119|    0.013539|
|           1|   -5.498896|   -4.900586|    0.328408|    0.011466|
|           2|   -5.418819|   -4.833239|    0.330522|    0.010916|
|           3|   -5.388845|   -4.800567|    0.330171|    0.010928|
|           4|   -5.321724|   -4.736788|    0.330946|    0.010704|
|           5|   -5.280222|   -4.702599|    0.332480|    0.010540|
|           6|   -5.266243|   -4.694136|    0.333593|    0.010461|
|           7|   -5.238914|   -4.666270|    0.334601|    0.010408|
|           8|   -5.216378|   -4.645476|    0.335669|    0.010351|
|           9|   -5.212328|   -4.645738|    0.336691|    0.010289|
|          10|   -5.211024|   -4.647364|    0.337666|    0.010243|
|          11|   -5.210296|   -4.647805|    0.338614|    0.010208|
|          12|   -5.209432|   -4.646910|    0.339532|    0.010171|
|          13|   -5.210837|   -4.647971|    0.340409|    0.010129|
|          14|   -5.214692|   -4.652070|    0.341219|    0.010082|
|          15|   -5.218864|   -4.657208|    0.341959|    0.010032|
|          16|   -5.222525|   -4.662163|    0.342634|    0.009980|
|          17|   -5.225269|   -4.666156|    0.343248|    0.009922|
|          18|   -5.226584|   -4.668696|    0.343812|    0.009860|
|          19|   -5.226040|   -4.669509|    0.344326|    0.009793|
|          20|   -5.223288|   -4.668286|    0.344793|    0.009723|
|          21|   -5.218281|   -4.664930|    0.345213|    0.009651|
|          22|   -5.210734|   -4.658982|    0.345594|    0.009580|
|          23|   -5.200927|   -4.650463|    0.345942|    0.009510|
|          24|   -5.189420|   -4.639811|    0.346262|    0.009442|
|          25|   -5.176981|   -4.627825|    0.346558|    0.009377|
|          26|   -5.164249|   -4.615254|    0.346834|    0.009317|
|          27|   -5.151686|   -4.602716|    0.347095|    0.009260|
|          28|   -5.139653|   -4.590676|    0.347346|    0.009209|
|          29|   -5.128596|   -4.579579|    0.347590|    0.009162|
|          30|   -5.118911|   -4.569783|    0.347832|    0.009119|
|          31|   -5.110883|   -4.561570|    0.348074|    0.009079|
|          32|   -5.104661|   -4.555112|    0.348320|    0.009043|
|          33|   -5.100131|   -4.550283|    0.348573|    0.009009|
|          34|   -5.097141|   -4.546910|    0.348832|    0.008977|
|          35|   -5.095881|   -4.545275|    0.349096|    0.008944|
|          36|   -5.096153|   -4.545174|    0.349377|    0.008912|
|          37|   -5.097698|   -4.546267|    0.349674|    0.008879|
|          38|   -5.100839|   -4.548990|    0.349981|    0.008846|
|          39|   -5.105564|   -4.553345|    0.350305|    0.008813|
|          40|   -5.111799|   -4.559270|    0.350647|    0.008780|
|          41|   -5.119409|   -4.566598|    0.351002|    0.008746|
|          42|   -5.127926|   -4.574877|    0.351370|    0.008712|
|          43|   -5.136686|   -4.583426|    0.351751|    0.008678|
|          44|   -5.145338|   -4.591884|    0.352144|    0.008643|
|          45|   -5.153569|   -4.599947|    0.352545|    0.008610|
|          46|   -5.161331|   -4.607575|    0.352950|    0.008577|
|          47|   -5.168514|   -4.614621|    0.353360|    0.008546|
|          48|   -5.175213|   -4.621161|    0.353771|    0.008516|
|          49|   -5.181131|   -4.626911|    0.354181|    0.008488|
|          50|   -5.186352|   -4.631996|    0.354587|    0.008463|
|          51|   -5.191110|   -4.636586|    0.355009|    0.007554|
+-----------------------------------------------------------------------+
|Fixed CL Mode                           |Value                         |
+-----------------------------------------------------------------------+
|Current CL                              |0.355009                      |
|Target CL                               |0.326                         |
|Previous AOA                            |0.561108                      |
|Changed AoA by                          |-0.142934                     |
+-----------------------------------------------------------------------+
+----------------------------------------------------------------+
|  Inner_Iter|    rms[Rho]|   rms[RhoE]|          CL|          CD|
+----------------------------------------------------------------+
|          52|   -3.656684|   -3.050043|    0.355348|    0.007532|
|          53|   -3.953927|   -3.343465|    0.354681|    0.007510|
|          54|   -4.195630|   -3.602261|    0.350910|    0.007456|
|          55|   -4.391784|   -3.782113|    0.345025|    0.007380|
|          56|   -4.549697|   -3.952061|    0.339765|    0.007354|
|          57|   -4.643278|   -4.047171|    0.336904|    0.007333|
|          58|   -4.772168|   -4.174366|    0.336408|    0.007314|
|          59|   -4.802701|   -4.203206|    0.336649|    0.007294|
|          60|   -4.854615|   -4.253648|    0.336217|    0.007246|
|          61|   -4.967074|   -4.372579|    0.335234|    0.007204|
|          62|   -5.041560|   -4.455763|    0.334248|    0.007178|
|          63|   -5.070040|   -4.482750|    0.333417|    0.007162|
|          64|   -5.126885|   -4.539661|    0.332704|    0.007156|
|          65|   -5.203117|   -4.622322|    0.332099|    0.007162|
|          66|   -5.254923|   -4.679997|    0.331604|    0.007182|
|          67|   -5.289850|   -4.715997|    0.331169|    0.007210|
|          68|   -5.322959|   -4.749012|    0.330730|    0.007246|
|          69|   -5.350759|   -4.778218|    0.330278|    0.007290|
|          70|   -5.371486|   -4.802061|    0.329843|    0.007343|
|          71|   -5.386724|   -4.821183|    0.329433|    0.007404|
|          72|   -5.395097|   -4.833142|    0.329030|    0.007472|
|          73|   -5.395071|   -4.835805|    0.328624|    0.007545|
|          74|   -5.388007|   -4.830747|    0.328219|    0.007622|
|          75|   -5.376315|   -4.820709|    0.327820|    0.007701|
|          76|   -5.361801|   -4.807485|    0.327424|    0.007782|
|          77|   -5.345641|   -4.792171|    0.327025|    0.007864|
|          78|   -5.328795|   -4.775799|    0.326622|    0.007945|
|          79|   -5.311928|   -4.759159|    0.326217|    0.008025|
|          80|   -5.295621|   -4.742950|    0.325810|    0.008104|
|          81|   -5.280325|   -4.727705|    0.325406|    0.008180|
|          82|   -5.266070|   -4.713418|    0.325001|    0.008254|
|          83|   -5.253160|   -4.700401|    0.324593|    0.008325|
|          84|   -5.241619|   -4.688709|    0.324185|    0.008393|
|          85|   -5.231442|   -4.678367|    0.323778|    0.008458|
|          86|   -5.222582|   -4.669345|    0.323371|    0.008520|
|          87|   -5.215018|   -4.661657|    0.322964|    0.008578|
|          88|   -5.208419|   -4.654937|    0.322558|    0.008632|
|          89|   -5.202570|   -4.648999|    0.322151|    0.008684|
|          90|   -5.197355|   -4.643725|    0.321728|    0.008731|
|          91|   -5.192847|   -4.639269|    0.321301|    0.008774|
|          92|   -5.188611|   -4.635134|    0.320872|    0.008816|
|          93|   -5.184622|   -4.631210|    0.320439|    0.008854|
|          94|   -5.180705|   -4.627322|    0.320004|    0.008890|
|          95|   -5.176845|   -4.623539|    0.319570|    0.008925|
|          96|   -5.173191|   -4.620047|    0.319135|    0.008959|
|          97|   -5.170041|   -4.617151|    0.318699|    0.008991|
|          98|   -5.167477|   -4.614873|    0.318264|    0.009021|
|          99|   -5.165515|   -4.613234|    0.317830|    0.009051|
|         100|   -5.164133|   -4.612226|    0.317403|    0.009081|
|         101|   -5.163643|   -4.612172|    0.316976|    0.009347|
+-----------------------------------------------------------------------+
|Fixed CL Mode                           |Value                         |
+-----------------------------------------------------------------------+
|Current CL                              |0.316976                      |
|Target CL                               |0.326                         |
|Previous AOA                            |0.418174                      |
|Changed AoA by                          |0.0429843                     |
+-----------------------------------------------------------------------+
+----------------------------------------------------------------+
|  Inner_Iter|    rms[Rho]|   rms[RhoE]|          CL|          CD|
+----------------------------------------------------------------+
|         102|   -4.176219|   -3.570155|    0.316582|    0.009374|
|         103|   -4.468041|   -3.859303|    0.316495|    0.009402|
|         104|   -4.693555|   -4.104029|    0.317352|    0.009439|
|         105|   -4.859002|   -4.261039|    0.318867|    0.009481|
|         106|   -4.971301|   -4.390030|    0.320194|    0.009506|
|         107|   -5.028042|   -4.452392|    0.320794|    0.009529|
|         108|   -5.091399|   -4.521561|    0.320701|    0.009552|
|         109|   -5.107035|   -4.537813|    0.320396|    0.009575|
|         110|   -5.129537|   -4.562163|    0.320292|    0.009606|
|         111|   -5.165408|   -4.604972|    0.320368|    0.009636|
|         112|   -5.185931|   -4.629932|    0.320467|    0.009660|
|         113|   -5.196628|   -4.640997|    0.320535|    0.009681|
|         114|   -5.211505|   -4.656964|    0.320573|    0.009698|
|         115|   -5.228508|   -4.676125|    0.320585|    0.009711|
|         116|   -5.243286|   -4.692343|    0.320572|    0.009720|
|         117|   -5.257174|   -4.706852|    0.320546|    0.009726|
|         118|   -5.271284|   -4.721269|    0.320521|    0.009729|
|         119|   -5.285806|   -4.736013|    0.320504|    0.009729|
|         120|   -5.300872|   -4.751262|    0.320485|    0.009726|
|         121|   -5.316561|   -4.767087|    0.320461|    0.009720|
|         122|   -5.332854|   -4.783435|    0.320435|    0.009712|
|         123|   -5.349734|   -4.800269|    0.320411|    0.009702|
|         124|   -5.367452|   -4.817875|    0.320391|    0.009690|
|         125|   -5.385896|   -4.836131|    0.320370|    0.009677|
|         126|   -5.405640|   -4.855704|    0.320349|    0.009662|
|         127|   -5.426234|   -4.876055|    0.320330|    0.009648|
|         128|   -5.447569|   -4.897102|    0.320313|    0.009632|
|         129|   -5.470051|   -4.919306|    0.320299|    0.009617|
|         130|   -5.493416|   -4.942338|    0.320285|    0.009601|
|         131|   -5.518070|   -4.966669|    0.320272|    0.009586|
|         132|   -5.543501|   -4.991694|    0.320261|    0.009571|
|         133|   -5.569536|   -5.017245|    0.320254|    0.009556|
|         134|   -5.595938|   -5.043102|    0.320248|    0.009543|
|         135|   -5.622537|   -5.069110|    0.320244|    0.009530|
|         136|   -5.649397|   -5.095343|    0.320243|    0.009518|
|         137|   -5.676649|   -5.121900|    0.320244|    0.009506|
|         138|   -5.704210|   -5.148690|    0.320248|    0.009496|
|         139|   -5.731973|   -5.175668|    0.320254|    0.009486|
|         140|   -5.760142|   -5.203070|    0.320261|    0.009477|
|         141|   -5.788615|   -5.230777|    0.320270|    0.009469|
|         142|   -5.817535|   -5.258979|    0.320280|    0.009461|
|         143|   -5.846882|   -5.287668|    0.320293|    0.009453|
|         144|   -5.876608|   -5.316832|    0.320307|    0.009446|
|         145|   -5.906597|   -5.346390|    0.320323|    0.009440|
|         146|   -5.936657|   -5.376169|    0.320341|    0.009433|
|         147|   -5.966522|   -5.405925|    0.320362|    0.009427|
|         148|   -5.995842|   -5.435330|    0.320384|    0.009422|
|         149|   -6.024180|   -5.463970|    0.320408|    0.009416|
|         150|   -6.051025|   -5.491347|    0.320433|    0.009411|
|         151|   -6.075825|   -5.516914|    0.320456|    0.009562|
+-----------------------------------------------------------------------+
|Fixed CL Mode                           |Value                         |
+-----------------------------------------------------------------------+
|Current CL                              |0.320456                      |
|Target CL                               |0.326                         |
|Previous AOA                            |0.461159                      |
|Changed AoA by                          |0.0278334                     |
+-----------------------------------------------------------------------+
+----------------------------------------------------------------+
|  Inner_Iter|    rms[Rho]|   rms[RhoE]|          CL|          CD|
+----------------------------------------------------------------+
|         152|   -4.367432|   -3.760728|    0.320491|    0.009557|
|         153|   -4.664555|   -4.054092|    0.320724|    0.009552|
|         154|   -4.907155|   -4.313672|    0.321561|    0.009555|
|         155|   -5.105564|   -4.495257|    0.322804|    0.009562|
|         156|   -5.267380|   -4.668688|    0.323925|    0.009559|
|         157|   -5.361723|   -4.764376|    0.324583|    0.009555|
|         158|   -5.491300|   -4.892127|    0.324772|    0.009550|
|         159|   -5.517377|   -4.917584|    0.324817|    0.009548|
|         160|   -5.563376|   -4.963608|    0.324999|    0.009551|
|         161|   -5.662367|   -5.071800|    0.325284|    0.009554|
|         162|   -5.715433|   -5.136106|    0.325562|    0.009554|
|         163|   -5.723877|   -5.146139|    0.325804|    0.009552|
|         164|   -5.749665|   -5.176456|    0.326019|    0.009548|
|         165|   -5.775667|   -5.211378|    0.326210|    0.009542|
|         166|   -5.777882|   -5.219036|    0.326376|    0.009534|
|         167|   -5.770055|   -5.213350|    0.326527|    0.009524|
|         168|   -5.760650|   -5.205696|    0.326677|    0.009512|
|         169|   -5.749874|   -5.196619|    0.326826|    0.009500|
|         170|   -5.738482|   -5.186690|    0.326968|    0.009486|
|         171|   -5.727141|   -5.176539|    0.327102|    0.009470|
|         172|   -5.715808|   -5.166083|    0.327232|    0.009454|
|         173|   -5.704531|   -5.155365|    0.327361|    0.009436|
|         174|   -5.693740|   -5.144890|    0.327486|    0.009418|
|         175|   -5.683763|   -5.135103|    0.327608|    0.009400|
|         176|   -5.674712|   -5.126171|    0.327727|    0.009382|
|         177|   -5.666611|   -5.118131|    0.327844|    0.009364|
|         178|   -5.659334|   -5.110886|    0.327959|    0.009346|
|         179|   -5.652841|   -5.104414|    0.328073|    0.009328|
|         180|   -5.647210|   -5.098759|    0.328185|    0.009311|
|         181|   -5.642479|   -5.093969|    0.328294|    0.009295|
|         182|   -5.638638|   -5.090094|    0.328402|    0.009279|
|         183|   -5.635555|   -5.086987|    0.328508|    0.009265|
|         184|   -5.633254|   -5.084633|    0.328613|    0.009251|
|         185|   -5.631736|   -5.083046|    0.328716|    0.009237|
|         186|   -5.630841|   -5.082082|    0.328819|    0.009225|
|         187|   -5.630327|   -5.081505|    0.328920|    0.009214|
|         188|   -5.630341|   -5.081466|    0.329020|    0.009203|
|         189|   -5.630892|   -5.081936|    0.329120|    0.009193|
|         190|   -5.631984|   -5.082937|    0.329219|    0.009184|
|         191|   -5.633594|   -5.084451|    0.329317|    0.009175|
|         192|   -5.635703|   -5.086459|    0.329416|    0.009168|
|         193|   -5.638094|   -5.088755|    0.329514|    0.009160|
|         194|   -5.640773|   -5.091371|    0.329612|    0.009154|
|         195|   -5.643871|   -5.094400|    0.329710|    0.009147|
|         196|   -5.647430|   -5.097865|    0.329808|    0.009141|
|         197|   -5.651432|   -5.101764|    0.329905|    0.009136|
|         198|   -5.655815|   -5.106037|    0.330003|    0.009130|
|         199|   -5.660545|   -5.110651|    0.330100|    0.009125|
|         200|   -5.665586|   -5.115571|    0.330197|    0.009120|
|         201|   -5.670969|   -5.120834|    0.330296|    0.008994|
+-----------------------------------------------------------------------+
|Fixed CL Mode                           |Value                         |
+-----------------------------------------------------------------------+
|Current CL                              |0.330296                      |
|Target CL                               |0.326                         |
|Previous AOA                            |0.488992                      |
|Changed AoA by                          |-0.0209841                    |
+-----------------------------------------------------------------------+
+----------------------------------------------------------------+
|  Inner_Iter|    rms[Rho]|   rms[RhoE]|          CL|          CD|
+----------------------------------------------------------------+
|         202|   -4.489147|   -3.882706|    0.330384|    0.008990|
|         203|   -4.784501|   -4.174649|    0.330323|    0.008985|
|         204|   -5.020660|   -4.428671|    0.329805|    0.008976|
|         205|   -5.206261|   -4.600906|    0.328976|    0.008963|
|         206|   -5.347272|   -4.756212|    0.328238|    0.008958|
|         207|   -5.426280|   -4.838844|    0.327856|    0.008954|
|         208|   -5.525920|   -4.941414|    0.327821|    0.008950|
|         209|   -5.551252|   -4.966071|    0.327894|    0.008946|
|         210|   -5.590773|   -5.006076|    0.327868|    0.008937|
|         211|   -5.664197|   -5.088004|    0.327759|    0.008929|
|         212|   -5.711101|   -5.141854|    0.327648|    0.008924|
|         213|   -5.735140|   -5.165275|    0.327559|    0.008920|
|         214|   -5.771832|   -5.203007|    0.327488|    0.008918|
|         215|   -5.815459|   -5.250711|    0.327433|    0.008918|
|         216|   -5.850183|   -5.287953|    0.327395|    0.008920|
|         217|   -5.880375|   -5.318349|    0.327364|    0.008923|
|         218|   -5.911299|   -5.348907|    0.327332|    0.008928|
|         219|   -5.942070|   -5.379584|    0.327299|    0.008934|
|         220|   -5.972471|   -5.410300|    0.327268|    0.008941|
|         221|   -6.003084|   -5.441422|    0.327240|    0.008949|
|         222|   -6.033220|   -5.471961|    0.327214|    0.008958|
|         223|   -6.061716|   -5.500619|    0.327186|    0.008968|
|         224|   -6.087967|   -5.526947|    0.327159|    0.008979|
|         225|   -6.111715|   -5.550901|    0.327132|    0.008990|
|         226|   -6.132565|   -5.572130|    0.327105|    0.009001|
|         227|   -6.150006|   -5.590062|    0.327078|    0.009012|
|         228|   -6.163617|   -5.604237|    0.327049|    0.009023|
|         229|   -6.173245|   -5.614502|    0.327020|    0.009034|
|         230|   -6.179075|   -5.621047|    0.326990|    0.009044|
|         231|   -6.181526|   -5.624262|    0.326960|    0.009054|
|         232|   -6.181127|   -5.624616|    0.326929|    0.009063|
|         233|   -6.178478|   -5.622656|    0.326898|    0.009072|
|         234|   -6.174206|   -5.618987|    0.326865|    0.009081|
|         235|   -6.168889|   -5.614192|    0.326832|    0.009089|
|         236|   -6.163017|   -5.608776|    0.326798|    0.009096|
|         237|   -6.156966|   -5.603136|    0.326763|    0.009103|
|         238|   -6.151009|   -5.597562|    0.326728|    0.009109|
|         239|   -6.145327|   -5.592248|    0.326691|    0.009115|
|         240|   -6.140027|   -5.587307|    0.326654|    0.009121|
|         241|   -6.135159|   -5.582795|    0.326616|    0.009126|
|         242|   -6.130737|   -5.578723|    0.326577|    0.009130|
|         243|   -6.126749|   -5.575076|    0.326537|    0.009134|
|         244|   -6.123210|   -5.571862|    0.326497|    0.009138|
|         245|   -6.120065|   -5.569007|    0.326455|    0.009142|
|         246|   -6.117249|   -5.566461|    0.326413|    0.009146|
|         247|   -6.114713|   -5.564173|    0.326371|    0.009149|
|         248|   -6.112467|   -5.562148|    0.326328|    0.009152|
|         249|   -6.110503|   -5.560371|    0.326285|    0.009155|
|         250|   -6.109430|   -5.559512|    0.326241|    0.009158|
+-----------------------------------------------------------------------+
|        File Writing Summary       |              Filename             |
+-----------------------------------------------------------------------+
|SU2 binary restart                 |restart_flow.dat                   |
Writing Flow Meta-Data file: flow.meta
|Paraview                           |flow.vtu                           |
Writing Flow Meta-Data file: flow.meta
|Paraview surface                   |surface_flow.vtu                   |
Writing Flow Meta-Data file: flow.meta
|CSV file                           |surface_flow.csv                   |
Writing Flow Meta-Data file: flow.meta
+-----------------------------------------------------------------------+
+----------------------------------------------------------------+
|  Inner_Iter|    rms[Rho]|   rms[RhoE]|          CL|          CD|
+----------------------------------------------------------------+
|         251|   -6.108627|   -5.558850|    0.326198|    0.009154|
+-----------------------------------------------------------------------+
|Fixed CL Mode                           |Value                         |
+-----------------------------------------------------------------------+
|Current CL                              |0.326198                      |
|Target CL                               |0.326                         |
|Previous AOA                            |0.468008                      |
|Changed AoA by                          |-0.00120567                   |
+-----------------------------------------------------------------------+
+----------------------------------------------------------------+
|  Inner_Iter|    rms[Rho]|   rms[RhoE]|          CL|          CD|
+----------------------------------------------------------------+
|         252|   -5.696285|   -5.096862|    0.326155|    0.009157|
|         253|   -5.911726|   -5.324420|    0.326103|    0.009160|
|         254|   -6.023947|   -5.458931|    0.326026|    0.009162|
|         255|   -6.071115|   -5.510026|    0.325932|    0.009164|
|         256|   -6.091051|   -5.536468|    0.325843|    0.009166|
|         257|   -6.096654|   -5.543709|    0.325774|    0.009169|
|         258|   -6.101632|   -5.550032|    0.325727|    0.009171|
|         259|   -6.102093|   -5.550866|    0.325686|    0.009173|
|         260|   -6.103189|   -5.552316|    0.325640|    0.009175|
|         261|   -6.105183|   -5.554916|    0.325591|    0.009177|
|         262|   -6.106386|   -5.556442|    0.325544|    0.009178|
|         263|   -6.107521|   -5.557657|    0.325499|    0.009180|
|         264|   -6.109283|   -5.559524|    0.325457|    0.009182|
|         265|   -6.111256|   -5.561591|    0.325416|    0.009184|
|         266|   -6.113270|   -5.563628|    0.325377|    0.009186|
|         267|   -6.115480|   -5.565807|    0.325340|    0.009188|
|         268|   -6.117969|   -5.568270|    0.325304|    0.009190|
|         269|   -6.120720|   -5.571010|    0.325268|    0.009192|
|         270|   -6.123753|   -5.574030|    0.325234|    0.009194|
|         271|   -6.127094|   -5.577353|    0.325200|    0.009196|
|         272|   -6.130748|   -5.580985|    0.325168|    0.009198|
|         273|   -6.134713|   -5.584921|    0.325137|    0.009200|
|         274|   -6.138994|   -5.589165|    0.325106|    0.009202|
|         275|   -6.143599|   -5.593728|    0.325076|    0.009204|
|         276|   -6.148534|   -5.598616|    0.325047|    0.009206|
|         277|   -6.153800|   -5.603831|    0.325019|    0.009208|
|         278|   -6.159396|   -5.609371|    0.324991|    0.009210|
|         279|   -6.165318|   -5.615232|    0.324964|    0.009212|
|         280|   -6.171560|   -5.621409|    0.324938|    0.009213|
|         281|   -6.178115|   -5.627897|    0.324913|    0.009215|
|         282|   -6.184977|   -5.634690|    0.324888|    0.009217|
|         283|   -6.192138|   -5.641779|    0.324864|    0.009219|
|         284|   -6.199592|   -5.649159|    0.324840|    0.009220|
|         285|   -6.207331|   -5.656825|    0.324817|    0.009222|
|         286|   -6.215348|   -5.664765|    0.324794|    0.009223|
|         287|   -6.223641|   -5.672981|    0.324773|    0.009224|
|         288|   -6.232201|   -5.681465|    0.324751|    0.009226|
|         289|   -6.241087|   -5.690283|    0.324730|    0.009227|
|         290|   -6.250313|   -5.699437|    0.324710|    0.009228|
|         291|   -6.259708|   -5.708744|    0.324691|    0.009229|
|         292|   -6.269250|   -5.718235|    0.324672|    0.009230|
|         293|   -6.278952|   -5.727911|    0.324653|    0.009231|
|         294|   -6.288855|   -5.737796|    0.324635|    0.009232|
|         295|   -6.298976|   -5.747900|    0.324617|    0.009233|
|         296|   -6.309294|   -5.758200|    0.324600|    0.009234|
|         297|   -6.319795|   -5.768676|    0.324583|    0.009235|
|         298|   -6.330488|   -5.779343|    0.324566|    0.009235|
|         299|   -6.341361|   -5.790189|    0.324550|    0.009236|
|         300|   -6.352402|   -5.801201|    0.324535|    0.009237|
|         301|   -6.363603|   -5.812370|    0.324518|    0.009279|
+-----------------------------------------------------------------------+
|Fixed CL Mode                           |Value                         |
+-----------------------------------------------------------------------+
|Current CL                              |0.324518                      |
|Target CL                               |0.326                         |
|Previous AOA                            |0.466802                      |
|Changed AoA by                          |0.00732701                    |
+-----------------------------------------------------------------------+
+----------------------------------------------------------------+
|  Inner_Iter|    rms[Rho]|   rms[RhoE]|          CL|          CD|
+----------------------------------------------------------------+
|         302|   -4.946780|   -4.340168|    0.324506|    0.009280|
|         303|   -5.243613|   -4.633263|    0.324545|    0.009280|
|         304|   -5.484436|   -4.891298|    0.324744|    0.009283|
|         305|   -5.679502|   -5.070488|    0.325050|    0.009286|
|         306|   -5.835798|   -5.239212|    0.325325|    0.009287|
|         307|   -5.927471|   -5.332734|    0.325477|    0.009288|
|         308|   -6.052307|   -5.456684|    0.325507|    0.009288|
|         309|   -6.082421|   -5.485195|    0.325499|    0.009289|
|         310|   -6.133038|   -5.534585|    0.325526|    0.009291|
|         311|   -6.240226|   -5.648716|    0.325582|    0.009293|
|         312|   -6.311613|   -5.728414|    0.325637|    0.009294|
|         313|   -6.341217|   -5.756429|    0.325683|    0.009295|
|         314|   -6.396537|   -5.812032|    0.325724|    0.009295|
|         315|   -6.468023|   -5.889634|    0.325758|    0.009294|
|         316|   -6.516127|   -5.942679|    0.325786|    0.009293|
|         317|   -6.548698|   -5.975885|    0.325811|    0.009291|
|         318|   -6.578403|   -6.005567|    0.325837|    0.009289|
|         319|   -6.601312|   -6.030066|    0.325862|    0.009287|
|         320|   -6.615784|   -6.047770|    0.325886|    0.009284|
|         321|   -6.623283|   -6.059237|    0.325909|    0.009280|
|         322|   -6.623111|   -6.062790|    0.325930|    0.009276|
|         323|   -6.615027|   -6.057648|    0.325952|    0.009272|
|         324|   -6.601091|   -6.046000|    0.325973|    0.009268|
|         325|   -6.583858|   -6.030629|    0.325994|    0.009264|
|         326|   -6.565136|   -6.013361|    0.326014|    0.009259|
|         327|   -6.546030|   -5.995297|    0.326034|    0.009255|
|         328|   -6.527228|   -5.977192|    0.326053|    0.009251|
|         329|   -6.509202|   -5.959618|    0.326073|    0.009247|
|         330|   -6.492279|   -5.942991|    0.326092|    0.009243|
|         331|   -6.476643|   -5.927543|    0.326111|    0.009239|
|         332|   -6.462362|   -5.913367|    0.326130|    0.009235|
|         333|   -6.449451|   -5.900496|    0.326149|    0.009231|
|         334|   -6.437898|   -5.888936|    0.326168|    0.009228|
|         335|   -6.427661|   -5.878660|    0.326187|    0.009225|
|         336|   -6.418715|   -5.869663|    0.326205|    0.009222|
|         337|   -6.411001|   -5.861898|    0.326224|    0.009219|
|         338|   -6.404473|   -5.855325|    0.326243|    0.009217|
|         339|   -6.399045|   -5.849862|    0.326261|    0.009214|
|         340|   -6.394628|   -5.845419|    0.326280|    0.009212|
|         341|   -6.391144|   -5.841919|    0.326299|    0.009210|
|         342|   -6.388515|   -5.839282|    0.326318|    0.009208|
|         343|   -6.386665|   -5.837432|    0.326337|    0.009206|
|         344|   -6.385524|   -5.836294|    0.326356|    0.009205|
|         345|   -6.385024|   -5.835800|    0.326375|    0.009203|
|         346|   -6.385108|   -5.835887|    0.326395|    0.009202|
|         347|   -6.385724|   -5.836501|    0.326414|    0.009200|
|         348|   -6.386826|   -5.837595|    0.326433|    0.009199|
|         349|   -6.388378|   -5.839130|    0.326453|    0.009198|
|         350|   -6.390346|   -5.841072|    0.326472|    0.009197|
|         351|   -6.392707|   -5.843396|    0.326492|    0.009182|
+-----------------------------------------------------------------------+
|Fixed CL Mode                           |Value                         |
+-----------------------------------------------------------------------+
|Current CL                              |0.326492                      |
|Target CL                               |0.326                         |
|Previous AOA                            |0.474129                      |
|Changed AoA by                          |-0.00236119                   |
+-----------------------------------------------------------------------+
+----------------------------------------------------------------+
|  Inner_Iter|    rms[Rho]|   rms[RhoE]|          CL|          CD|
+----------------------------------------------------------------+
|         352|   -5.436114|   -4.830115|    0.326510|    0.009181|
|         353|   -5.726981|   -5.118605|    0.326511|    0.009180|
|         354|   -5.950893|   -5.361991|    0.326461|    0.009178|
|         355|   -6.113918|   -5.517101|    0.326376|    0.009176|
|         356|   -6.224123|   -5.643802|    0.326300|    0.009175|
|         357|   -6.280273|   -5.705303|    0.326266|    0.009174|
|         358|   -6.342872|   -5.773354|    0.326270|    0.009173|
|         359|   -6.359939|   -5.790698|    0.326285|    0.009173|
|         360|   -6.384061|   -5.816173|    0.326290|    0.009171|
|         361|   -6.422328|   -5.860627|    0.326286|    0.009170|
|         362|   -6.446620|   -5.888785|    0.326280|    0.009169|
|         363|   -6.461770|   -5.903977|    0.326277|    0.009168|
|         364|   -6.481479|   -5.924430|    0.326276|    0.009168|
|         365|   -6.503353|   -5.948041|    0.326277|    0.009167|
|         366|   -6.522735|   -5.968388|    0.326279|    0.009167|
|         367|   -6.541134|   -5.986952|    0.326282|    0.009167|
|         368|   -6.559984|   -6.005741|    0.326285|    0.009167|
|         369|   -6.579337|   -6.025062|    0.326287|    0.009168|
|         370|   -6.599245|   -6.045000|    0.326290|    0.009168|
|         371|   -6.619804|   -6.065589|    0.326293|    0.009169|
|         372|   -6.640920|   -6.086656|    0.326296|    0.009170|
|         373|   -6.662475|   -6.108058|    0.326299|    0.009170|
|         374|   -6.684478|   -6.129838|    0.326301|    0.009171|
|         375|   -6.706989|   -6.152096|    0.326304|    0.009172|
|         376|   -6.730034|   -6.174864|    0.326306|    0.009173|
|         377|   -6.753596|   -6.198117|    0.326309|    0.009174|
|         378|   -6.777600|   -6.221772|    0.326311|    0.009175|
|         379|   -6.801876|   -6.245673|    0.326313|    0.009176|
|         380|   -6.826532|   -6.269957|    0.326315|    0.009177|
|         381|   -6.851654|   -6.294648|    0.326316|    0.009178|
|         382|   -6.877238|   -6.319741|    0.326318|    0.009179|
|         383|   -6.903217|   -6.345184|    0.326319|    0.009180|
|         384|   -6.929552|   -6.370949|    0.326320|    0.009181|
|         385|   -6.956259|   -6.397057|    0.326321|    0.009182|
|         386|   -6.983377|   -6.423556|    0.326322|    0.009182|
|         387|   -7.010948|   -6.450496|    0.326322|    0.009183|
|         388|   -7.039010|   -6.477926|    0.326322|    0.009184|
|         389|   -7.067594|   -6.505889|    0.326322|    0.009184|
|         390|   -7.096713|   -6.534416|    0.326322|    0.009185|
|         391|   -7.126358|   -6.563515|    0.326322|    0.009185|
|         392|   -7.156485|   -6.593163|    0.326321|    0.009185|
|         393|   -7.187009|   -6.623298|    0.326321|    0.009186|
|         394|   -7.217787|   -6.653803|    0.326320|    0.009186|
|         395|   -7.248607|   -6.684495|    0.326318|    0.009186|
|         396|   -7.279174|   -6.715110|    0.326317|    0.009187|
|         397|   -7.309096|   -6.745288|    0.326316|    0.009187|
|         398|   -7.337880|   -6.774566|    0.326314|    0.009187|
|         399|   -7.364945|   -6.802385|    0.326312|    0.009187|
|         400|   -7.389653|   -6.828116|    0.326310|    0.009188|
|         401|   -7.411379|   -6.851115|    0.326308|    0.009179|
+-----------------------------------------------------------------------+
|Fixed CL Mode                           |Value                         |
+-----------------------------------------------------------------------+
|Current CL                              |0.326308                      |
|Target CL                               |0.326                         |
|Previous AOA                            |0.471768                      |
|Changed AoA by                          |-0.00154953                   |
+-----------------------------------------------------------------------+
+----------------------------------------------------------------+
|  Inner_Iter|    rms[Rho]|   rms[RhoE]|          CL|          CD|
+----------------------------------------------------------------+
|         402|   -5.621828|   -5.015119|    0.326305|    0.009179|
|         403|   -5.918955|   -5.308481|    0.326292|    0.009179|
|         404|   -6.161641|   -5.568122|    0.326244|    0.009179|
|         405|   -6.360368|   -5.749970|    0.326174|    0.009179|
|         406|   -6.522667|   -5.923831|    0.326111|    0.009179|
|         407|   -6.617214|   -6.019662|    0.326073|    0.009179|
|         408|   -6.747057|   -6.147545|    0.326062|    0.009179|
|         409|   -6.772840|   -6.172721|    0.326058|    0.009179|
|         410|   -6.818869|   -6.218765|    0.326047|    0.009179|
|         411|   -6.918091|   -6.327122|    0.326030|    0.009179|
|         412|   -6.970779|   -6.390993|    0.326013|    0.009179|
|         413|   -6.978881|   -6.400675|    0.325999|    0.009179|
|         414|   -7.004850|   -6.431254|    0.325986|    0.009179|
|         415|   -7.030815|   -6.466326|    0.325974|    0.009179|
|         416|   -7.032324|   -6.473454|    0.325963|    0.009180|
|         417|   -7.023174|   -6.466547|    0.325954|    0.009181|
|         418|   -7.012193|   -6.457401|    0.325944|    0.009181|
|         419|   -6.999634|   -6.446626|    0.325935|    0.009182|
|         420|   -6.986362|   -6.434882|    0.325925|    0.009183|
|         421|   -6.973103|   -6.422857|    0.325917|    0.009184|
|         422|   -6.959807|   -6.410443|    0.325908|    0.009185|
|         423|   -6.946561|   -6.397740|    0.325900|    0.009186|
|         424|   -6.933755|   -6.385257|    0.325892|    0.009187|
|         425|   -6.921723|   -6.373426|    0.325884|    0.009188|
|         426|   -6.910613|   -6.362429|    0.325877|    0.009189|
|         427|   -6.900458|   -6.352310|    0.325869|    0.009190|
|         428|   -6.891248|   -6.343074|    0.325862|    0.009191|
|         429|   -6.882978|   -6.334737|    0.325855|    0.009192|
|         430|   -6.875641|   -6.327311|    0.325847|    0.009193|
|         431|   -6.869222|   -6.320789|    0.325840|    0.009194|
|         432|   -6.863690|   -6.315146|    0.325834|    0.009195|
|         433|   -6.859015|   -6.310352|    0.325827|    0.009196|
|         434|   -6.855170|   -6.306383|    0.325820|    0.009196|
|         435|   -6.852127|   -6.303215|    0.325814|    0.009197|
|         436|   -6.849858|   -6.300823|    0.325807|    0.009198|
|         437|   -6.848330|   -6.299176|    0.325801|    0.009199|
|         438|   -6.847509|   -6.298244|    0.325794|    0.009199|
|         439|   -6.847360|   -6.297992|    0.325788|    0.009200|
|         440|   -6.847845|   -6.298382|    0.325782|    0.009200|
|         441|   -6.848947|   -6.299400|    0.325776|    0.009201|
|         442|   -6.850682|   -6.301055|    0.325769|    0.009201|
|         443|   -6.852920|   -6.303206|    0.325763|    0.009202|
|         444|   -6.855588|   -6.305820|    0.325757|    0.009202|
|         445|   -6.858669|   -6.308867|    0.325751|    0.009203|
|         446|   -6.862168|   -6.312336|    0.325745|    0.009203|
|         447|   -6.866072|   -6.316212|    0.325739|    0.009203|
|         448|   -6.870359|   -6.320473|    0.325734|    0.009204|
|         449|   -6.875009|   -6.325092|    0.325728|    0.009204|
|         450|   -6.879997|   -6.330046|    0.325722|    0.009204|
|         451|   -6.885302|   -6.335312|    0.325716|    0.009213|
+-----------------------------------------------------------------------+
|Fixed CL Mode                           |Value                         |
+-----------------------------------------------------------------------+
|Current CL                              |0.325716                      |
|Target CL                               |0.326                         |
|Previous AOA                            |0.470218                      |
|Changed AoA by                          |0.00138959                    |
+-----------------------------------------------------------------------+
+----------------------------------------------------------------+
|  Inner_Iter|    rms[Rho]|   rms[RhoE]|          CL|          CD|
+----------------------------------------------------------------+
|         452|   -5.668299|   -5.061822|    0.325711|    0.009213|
|         453|   -5.963980|   -5.354018|    0.325716|    0.009213|
|         454|   -6.201128|   -5.608901|    0.325751|    0.009214|
|         455|   -6.388668|   -5.782596|    0.325806|    0.009215|
|         456|   -6.532624|   -5.940588|    0.325856|    0.009215|
|         457|   -6.613936|   -6.025301|    0.325882|    0.009215|
|         458|   -6.717825|   -6.131699|    0.325885|    0.009216|
|         459|   -6.743837|   -6.156955|    0.325881|    0.009216|
|         460|   -6.785005|   -6.198459|    0.325883|    0.009216|
|         461|   -6.863106|   -6.285217|    0.325891|    0.009217|
|         462|   -6.912994|   -6.342495|    0.325899|    0.009217|
|         463|   -6.937700|   -6.366542|    0.325906|    0.009217|
|         464|   -6.976571|   -6.406579|    0.325911|    0.009218|
|         465|   -7.023203|   -6.457776|    0.325916|    0.009218|
|         466|   -7.059641|   -6.497045|    0.325919|    0.009217|
|         467|   -7.090902|   -6.528520|    0.325921|    0.009217|
|         468|   -7.122822|   -6.560012|    0.325924|    0.009217|
|         469|   -7.154558|   -6.591673|    0.325927|    0.009216|
|         470|   -7.185713|   -6.623250|    0.325929|    0.009216|
|         471|   -7.216689|   -6.654914|    0.325932|    0.009215|
|         472|   -7.246515|   -6.685354|    0.325934|    0.009215|
|         473|   -7.273643|   -6.712847|    0.325936|    0.009214|
|         474|   -7.297257|   -6.736748|    0.325938|    0.009213|
|         475|   -7.317069|   -6.757007|    0.325941|    0.009213|
|         476|   -7.332786|   -6.773367|    0.325943|    0.009212|
|         477|   -7.344129|   -6.785457|    0.325945|    0.009211|
|         478|   -7.351015|   -6.793130|    0.325947|    0.009210|
|         479|   -7.353702|   -6.796627|    0.325949|    0.009210|
|         480|   -7.352774|   -6.796531|    0.325951|    0.009209|
|         481|   -7.348973|   -6.793550|    0.325954|    0.009208|
|         482|   -7.343036|   -6.788374|    0.325956|    0.009208|
|         483|   -7.335659|   -6.781657|    0.325958|    0.009207|
|         484|   -7.327466|   -6.774019|    0.325960|    0.009206|
|         485|   -7.318974|   -6.765991|    0.325963|    0.009206|
|         486|   -7.310579|   -6.757992|    0.325965|    0.009205|
|         487|   -7.302560|   -6.750325|    0.325967|    0.009205|
|         488|   -7.295103|   -6.743189|    0.325970|    0.009205|
|         489|   -7.288315|   -6.736706|    0.325972|    0.009204|
|         490|   -7.282243|   -6.730929|    0.325975|    0.009204|
|         491|   -7.276894|   -6.725868|    0.325977|    0.009203|
|         492|   -7.272246|   -6.721502|    0.325980|    0.009203|
|         493|   -7.268262|   -6.717790|    0.325983|    0.009203|
|         494|   -7.264893|   -6.714679|    0.325985|    0.009203|
|         495|   -7.262087|   -6.712115|    0.325988|    0.009202|
|         496|   -7.259798|   -6.710045|    0.325991|    0.009202|
|         497|   -7.257984|   -6.708424|    0.325994|    0.009202|
|         498|   -7.256608|   -6.707212|    0.325996|    0.009202|
|         499|   -7.255642|   -6.706380|    0.325999|    0.009201|
|         500|   -7.255065|   -6.705905|    0.326002|    0.009201|
+-----------------------------------------------------------------------+
|        File Writing Summary       |              Filename             |
+-----------------------------------------------------------------------+
|SU2 binary restart                 |restart_flow.dat                   |
Writing Flow Meta-Data file: flow.meta
|Paraview                           |flow.vtu                           |
Writing Flow Meta-Data file: flow.meta
|Paraview surface                   |surface_flow.vtu                   |
Writing Flow Meta-Data file: flow.meta
|CSV file                           |surface_flow.csv                   |
Writing Flow Meta-Data file: flow.meta
+-----------------------------------------------------------------------+
+----------------------------------------------------------------+
|  Inner_Iter|    rms[Rho]|   rms[RhoE]|          CL|          CD|
+----------------------------------------------------------------+
|         501|   -7.254860|   -6.705771|    0.326005|    0.009201|
+-----------------------------------------------------------------------+
|Fixed CL Mode                           |Value                         |
+-----------------------------------------------------------------------+
|Current CL                              |0.326005                      |
|Target CL                               |0.326                         |
|Previous AOA                            |0.471608                      |
|Changed AoA by                          |-1.08367e-05                  |
+-----------------------------------------------------------------------+
+----------------------------------------------------------------+
|  Inner_Iter|    rms[Rho]|   rms[RhoE]|          CL|          CD|
+----------------------------------------------------------------+
|         502|   -7.235780|   -6.681540|    0.326008|    0.009201|
|         503|   -7.251225|   -6.700331|    0.326011|    0.009201|
|         504|   -7.255136|   -6.705510|    0.326013|    0.009200|
|         505|   -7.257096|   -6.707733|    0.326016|    0.009200|
|         506|   -7.258935|   -6.709749|    0.326018|    0.009200|
|         507|   -7.261179|   -6.711980|    0.326021|    0.009200|
|         508|   -7.263864|   -6.714615|    0.326023|    0.009200|
|         509|   -7.266853|   -6.717540|    0.326026|    0.009200|
|         510|   -7.270229|   -6.720854|    0.326029|    0.009199|
|         511|   -7.273985|   -6.724547|    0.326031|    0.009199|
|         512|   -7.278063|   -6.728550|    0.326033|    0.009199|
|         513|   -7.282463|   -6.732866|    0.326036|    0.009199|
|         514|   -7.287211|   -6.737528|    0.326038|    0.009199|
|         515|   -7.292311|   -6.742543|    0.326040|    0.009199|
|         516|   -7.297753|   -6.747902|    0.326043|    0.009199|
|         517|   -7.303521|   -6.753588|    0.326045|    0.009199|
|         518|   -7.309599|   -6.759584|    0.326047|    0.009199|
|         519|   -7.315973|   -6.765877|    0.326049|    0.009199|
|         520|   -7.322637|   -6.772461|    0.326051|    0.009198|
|         521|   -7.329583|   -6.779329|    0.326053|    0.009198|
|         522|   -7.336805|   -6.786476|    0.326055|    0.009198|
|         523|   -7.344296|   -6.793893|    0.326057|    0.009198|
|         524|   -7.352045|   -6.801571|    0.326058|    0.009198|
|         525|   -7.360046|   -6.809502|    0.326060|    0.009198|
|         526|   -7.368290|   -6.817679|    0.326062|    0.009198|
|         527|   -7.376770|   -6.826092|    0.326064|    0.009198|
|         528|   -7.385479|   -6.834735|    0.326065|    0.009198|
|         529|   -7.394409|   -6.843601|    0.326067|    0.009198|
|         530|   -7.403553|   -6.852682|    0.326068|    0.009198|
|         531|   -7.412905|   -6.861971|    0.326070|    0.009198|
|         532|   -7.422459|   -6.871462|    0.326071|    0.009198|
|         533|   -7.432208|   -6.881149|    0.326073|    0.009198|
|         534|   -7.442146|   -6.891026|    0.326074|    0.009198|
|         535|   -7.452267|   -6.901088|    0.326075|    0.009197|
|         536|   -7.462567|   -6.911328|    0.326077|    0.009197|
|         537|   -7.473040|   -6.921742|    0.326078|    0.009197|
|         538|   -7.483679|   -6.932325|    0.326079|    0.009197|
|         539|   -7.494480|   -6.943070|    0.326080|    0.009197|
|         540|   -7.505438|   -6.953974|    0.326082|    0.009197|
|         541|   -7.516546|   -6.965030|    0.326083|    0.009197|
|         542|   -7.527801|   -6.976233|    0.326084|    0.009197|
|         543|   -7.539195|   -6.987579|    0.326085|    0.009197|
|         544|   -7.550726|   -6.999062|    0.326086|    0.009197|
|         545|   -7.562386|   -7.010677|    0.326087|    0.009197|
|         546|   -7.574173|   -7.022419|    0.326088|    0.009197|
|         547|   -7.586082|   -7.034285|    0.326089|    0.009197|
|         548|   -7.598108|   -7.046270|    0.326090|    0.009197|
|         549|   -7.610248|   -7.058370|    0.326090|    0.009197|
|         550|   -7.622498|   -7.070582|    0.326091|    0.009197|
|         551|   -7.634855|   -7.082903|    0.326092|    0.009194|
+-----------------------------------------------------------------------+
|Fixed CL Mode                           |Value                         |
+-----------------------------------------------------------------------+
|Current CL                              |0.326092                      |
|Target CL                               |0.326                         |
|Previous AOA                            |0.471597                      |
|Changed AoA by                          |-0.000456575                  |
+-----------------------------------------------------------------------+
+----------------------------------------------------------------+
|  Inner_Iter|    rms[Rho]|   rms[RhoE]|          CL|          CD|
+----------------------------------------------------------------+
|         552|   -6.152281|   -5.545647|    0.326093|    0.009194|
|         553|   -6.449305|   -5.838889|    0.326090|    0.009194|
|         554|   -6.690715|   -6.097427|    0.326078|    0.009194|
|         555|   -6.887000|   -6.277499|    0.326059|    0.009194|
|         556|   -7.045307|   -6.447941|    0.326041|    0.009194|
|         557|   -7.138607|   -6.542801|    0.326032|    0.009194|
|         558|   -7.266995|   -6.669590|    0.326030|    0.009194|
|         559|   -7.297542|   -6.698410|    0.326030|    0.009194|
|         560|   -7.349586|   -6.748934|    0.326028|    0.009194|
|         561|   -7.462117|   -6.867824|    0.326025|    0.009193|
|         562|   -7.537354|   -6.951414|    0.326021|    0.009193|
|         563|   -7.566835|   -6.979236|    0.326018|    0.009193|
|         564|   -7.624404|   -7.036909|    0.326015|    0.009193|
|         565|   -7.699566|   -7.118503|    0.326013|    0.009193|
|         566|   -7.747210|   -7.171836|    0.326011|    0.009193|
|         567|   -7.775917|   -7.201763|    0.326010|    0.009194|
|         568|   -7.800092|   -7.226657|    0.326008|    0.009194|
|         569|   -7.815624|   -7.244763|    0.326006|    0.009194|
|         570|   -7.821593|   -7.254862|    0.326005|    0.009194|
|         571|   -7.820450|   -7.258259|    0.326003|    0.009194|
|         572|   -7.812334|   -7.254077|    0.326002|    0.009195|
|         573|   -7.797775|   -7.242407|    0.326000|    0.009195|
|         574|   -7.779113|   -7.225829|    0.325999|    0.009195|
|         575|   -7.758714|   -7.207012|    0.325997|    0.009195|
|         576|   -7.738053|   -7.187512|    0.325996|    0.009196|
|         577|   -7.717917|   -7.168159|    0.325995|    0.009196|
|         578|   -7.698733|   -7.149456|    0.325993|    0.009196|
|         579|   -7.680766|   -7.131768|    0.325992|    0.009196|
|         580|   -7.664194|   -7.115349|    0.325991|    0.009197|
|         581|   -7.649089|   -7.100319|    0.325990|    0.009197|
|         582|   -7.635448|   -7.086692|    0.325988|    0.009197|
|         583|   -7.623240|   -7.074449|    0.325987|    0.009197|
|         584|   -7.612424|   -7.063566|    0.325986|    0.009198|
|         585|   -7.602949|   -7.054006|    0.325985|    0.009198|
|         586|   -7.594755|   -7.045723|    0.325983|    0.009198|
|         587|   -7.587774|   -7.038657|    0.325982|    0.009198|
|         588|   -7.581932|   -7.032739|    0.325981|    0.009198|
|         589|   -7.577150|   -7.027894|    0.325980|    0.009198|
|         590|   -7.573350|   -7.024046|    0.325978|    0.009199|
|         591|   -7.570454|   -7.021113|    0.325977|    0.009199|
|         592|   -7.568385|   -7.019019|    0.325976|    0.009199|
|         593|   -7.567070|   -7.017689|    0.325975|    0.009199|
|         594|   -7.566442|   -7.017051|    0.325973|    0.009199|
|         595|   -7.566437|   -7.017040|    0.325972|    0.009199|
|         596|   -7.566999|   -7.017597|    0.325971|    0.009199|
|         597|   -7.568078|   -7.018668|    0.325970|    0.009199|
|         598|   -7.569630|   -7.020209|    0.325968|    0.009199|
|         599|   -7.571619|   -7.022181|    0.325967|    0.009199|
|         600|   -7.574014|   -7.024551|    0.325966|    0.009200|
|         601|   -7.576789|   -7.027295|    0.325964|    0.009201|
+-----------------------------------------------------------------------+
|Fixed CL Mode                           |Value                         |
+-----------------------------------------------------------------------+
|Current CL                              |0.325964                      |
|Target CL                               |0.326                         |
|Previous AOA                            |0.471141                      |
|Changed AoA by                          |0.000171354                   |
+-----------------------------------------------------------------------+
+----------------------------------------------------------------+
|  Inner_Iter|    rms[Rho]|   rms[RhoE]|          CL|          CD|
+----------------------------------------------------------------+
|         602|   -6.575861|   -5.969738|    0.325963|    0.009201|
|         603|   -6.868031|   -6.259228|    0.325963|    0.009201|
|         604|   -7.095335|   -6.505579|    0.325967|    0.009201|
|         605|   -7.264277|   -6.665268|    0.325973|    0.009201|
|         606|   -7.381848|   -6.799046|    0.325979|    0.009201|
|         607|   -7.443068|   -6.865435|    0.325982|    0.009201|
|         608|   -7.513061|   -6.940732|    0.325981|    0.009201|
|         609|   -7.531724|   -6.959563|    0.325980|    0.009201|
|         610|   -7.558651|   -6.987840|    0.325980|    0.009201|
|         611|   -7.602642|   -7.038743|    0.325981|    0.009201|
|         612|   -7.630317|   -7.070911|    0.325981|    0.009201|
|         613|   -7.646858|   -7.087460|    0.325982|    0.009202|
|         614|   -7.668965|   -7.110450|    0.325982|    0.009202|
|         615|   -7.693710|   -7.137334|    0.325982|    0.009202|
|         616|   -7.715185|   -7.160015|    0.325982|    0.009202|
|         617|   -7.735290|   -7.180332|    0.325982|    0.009202|
|         618|   -7.755852|   -7.200835|    0.325982|    0.009202|
|         619|   -7.776914|   -7.221883|    0.325981|    0.009202|
|         620|   -7.798541|   -7.243582|    0.325981|    0.009201|
|         621|   -7.820870|   -7.265990|    0.325981|    0.009201|
|         622|   -7.843773|   -7.288879|    0.325981|    0.009201|
|         623|   -7.867076|   -7.312035|    0.325981|    0.009201|
|         624|   -7.890773|   -7.335493|    0.325981|    0.009201|
|         625|   -7.914933|   -7.359378|    0.325981|    0.009201|
|         626|   -7.939581|   -7.383723|    0.325981|    0.009201|
|         627|   -7.964681|   -7.408476|    0.325981|    0.009201|
|         628|   -7.990164|   -7.433564|    0.325981|    0.009201|
|         629|   -8.015956|   -7.458923|    0.325981|    0.009201|
|         630|   -8.041999|   -7.484508|    0.325981|    0.009201|
|         631|   -8.068238|   -7.510269|    0.325981|    0.009201|
|         632|   -8.094605|   -7.536138|    0.325981|    0.009201|
|         633|   -8.121025|   -7.562035|    0.325980|    0.009201|
|         634|   -8.147436|   -7.587897|    0.325981|    0.009201|
|         635|   -8.173784|   -7.613679|    0.325981|    0.009200|
|         636|   -8.200020|   -7.639349|    0.325981|    0.009200|
|         637|   -8.226096|   -7.664879|    0.325981|    0.009200|
|         638|   -8.251958|   -7.690238|    0.325981|    0.009200|
|         639|   -8.277536|   -7.715385|    0.325981|    0.009200|
|         640|   -8.302733|   -7.740253|    0.325981|    0.009200|
|         641|   -8.327415|   -7.764740|    0.325981|    0.009200|
|         642|   -8.351405|   -7.788702|    0.325981|    0.009200|
|         643|   -8.374474|   -7.811941|    0.325981|    0.009200|
|         644|   -8.396347|   -7.834204|    0.325981|    0.009200|
|         645|   -8.416702|   -7.855187|    0.325981|    0.009200|
|         646|   -8.435200|   -7.874548|    0.325982|    0.009200|
|         647|   -8.451510|   -7.891933|    0.325982|    0.009200|
|         648|   -8.465348|   -7.907018|    0.325982|    0.009200|
|         649|   -8.476524|   -7.919553|    0.325982|    0.009200|
|         650|   -8.484970|   -7.929400|    0.325982|    0.009200|
|         651|   -8.490760|   -7.936560|    0.325982|    0.009200|
+-----------------------------------------------------------------------+
|Fixed CL Mode                           |Value                         |
+-----------------------------------------------------------------------+
|Current CL                              |0.325982                      |
|Target CL                               |0.326                         |
|Previous AOA                            |0.471312                      |
|Changed AoA by                          |8.87856e-05                   |
+-----------------------------------------------------------------------+
+----------------------------------------------------------------+
|  Inner_Iter|    rms[Rho]|   rms[RhoE]|          CL|          CD|
+----------------------------------------------------------------+
|         652|   -6.863638|   -6.256934|    0.325983|    0.009200|
|         653|   -7.160462|   -6.550082|    0.325984|    0.009200|
|         654|   -7.402597|   -6.809264|    0.325986|    0.009200|
|         655|   -7.599982|   -6.990146|    0.325990|    0.009200|
|         656|   -7.759764|   -7.161901|    0.325994|    0.009200|
|         657|   -7.851034|   -7.255034|    0.325996|    0.009200|
|         658|   -7.973146|   -7.376742|    0.325997|    0.009200|
|         659|   -7.995623|   -7.399339|    0.325997|    0.009200|
|         660|   -8.035851|   -7.440749|    0.325998|    0.009200|
|         661|   -8.119365|   -7.535003|    0.325999|    0.009200|
|         662|   -8.159018|   -7.585595|    0.326000|    0.009200|
|         663|   -8.162586|   -7.590972|    0.326001|    0.009200|
|         664|   -8.179657|   -7.612530|    0.326002|    0.009200|
|         665|   -8.195440|   -7.635703|    0.326002|    0.009200|
|         666|   -8.193451|   -7.637813|    0.326003|    0.009200|
|         667|   -8.184264|   -7.630260|    0.326004|    0.009200|
|         668|   -8.174093|   -7.621430|    0.326004|    0.009200|
|         669|   -8.163221|   -7.611800|    0.326005|    0.009200|
|         670|   -8.152176|   -7.601788|    0.326006|    0.009200|
|         671|   -8.141337|   -7.591780|    0.326006|    0.009200|
|         672|   -8.130609|   -7.581648|    0.326007|    0.009200|
|         673|   -8.120041|   -7.571442|    0.326007|    0.009200|
|         674|   -8.109907|   -7.561517|    0.326008|    0.009200|
|         675|   -8.100447|   -7.552182|    0.326008|    0.009200|
|         676|   -8.091770|   -7.543567|    0.326009|    0.009200|
|         677|   -8.083897|   -7.535701|    0.326009|    0.009200|
|         678|   -8.076824|   -7.528588|    0.326009|    0.009200|
|         679|   -8.070548|   -7.522242|    0.326010|    0.009200|
|         680|   -8.065070|   -7.516677|    0.326010|    0.009200|
|         681|   -8.060379|   -7.511889|    0.326011|    0.009200|
|         682|   -8.056456|   -7.507862|    0.326011|    0.009199|
|         683|   -8.053278|   -7.504575|    0.326012|    0.009199|
|         684|   -8.050827|   -7.502010|    0.326012|    0.009199|
|         685|   -8.049081|   -7.500149|    0.326012|    0.009199|
|         686|   -8.048018|   -7.498975|    0.326013|    0.009199|
|         687|   -8.047615|   -7.498463|    0.326013|    0.009199|
|         688|   -8.047843|   -7.498588|    0.326014|    0.009199|
|         689|   -8.048674|   -7.499322|    0.326014|    0.009199|
|         690|   -8.050077|   -7.500636|    0.326014|    0.009199|
|         691|   -8.052020|   -7.502497|    0.326015|    0.009199|
|         692|   -8.054473|   -7.504874|    0.326015|    0.009199|
|         693|   -8.057404|   -7.507735|    0.326016|    0.009199|
|         694|   -8.060783|   -7.511049|    0.326016|    0.009199|
|         695|   -8.064579|   -7.514785|    0.326016|    0.009199|
|         696|   -8.068767|   -7.518914|    0.326017|    0.009199|
|         697|   -8.073320|   -7.523411|    0.326017|    0.009199|
|         698|   -8.078216|   -7.528252|    0.326017|    0.009199|
|         699|   -8.083433|   -7.533414|    0.326018|    0.009199|
|         700|   -8.088953|   -7.538880|    0.326018|    0.009199|
|         701|   -8.094761|   -7.544633|    0.326019|    0.009198|
+-----------------------------------------------------------------------+
|Fixed CL Mode                           |Value                         |
+-----------------------------------------------------------------------+
|Current CL                              |0.326019                      |
|Target CL                               |0.326                         |
|Previous AOA                            |0.471401                      |
|Changed AoA by                          |-9.08292e-05                  |
+-----------------------------------------------------------------------+
+----------------------------------------------------------------+
|  Inner_Iter|    rms[Rho]|   rms[RhoE]|          CL|          CD|
+----------------------------------------------------------------+
|         702|   -6.853051|   -6.246551|    0.326019|    0.009198|
|         703|   -7.148953|   -6.538918|    0.326019|    0.009198|
|         704|   -7.386751|   -6.794359|    0.326016|    0.009198|
|         705|   -7.575600|   -6.969013|    0.326013|    0.009198|
|         706|   -7.721614|   -7.128815|    0.326009|    0.009198|
|         707|   -7.804633|   -7.215004|    0.326008|    0.009198|
|         708|   -7.911808|   -7.324231|    0.326007|    0.009198|
|         709|   -7.938532|   -7.350070|    0.326008|    0.009198|
|         710|   -7.981203|   -7.392873|    0.326007|    0.009198|
|         711|   -8.063479|   -7.483724|    0.326007|    0.009198|
|         712|   -8.116345|   -7.544211|    0.326006|    0.009198|
|         713|   -8.141983|   -7.569063|    0.326006|    0.009198|
|         714|   -8.183184|   -7.611365|    0.326006|    0.009198|
|         715|   -8.233150|   -7.666160|    0.326005|    0.009198|
|         716|   -8.271690|   -7.707762|    0.326005|    0.009198|
|         717|   -8.304235|   -7.740502|    0.326005|    0.009198|
|         718|   -8.337388|   -7.773150|    0.326005|    0.009198|
|         719|   -8.370026|   -7.805723|    0.326004|    0.009198|
|         720|   -8.401549|   -7.837789|    0.326004|    0.009198|
|         721|   -8.432346|   -7.869480|    0.326004|    0.009198|
|         722|   -8.461203|   -7.899200|    0.326004|    0.009198|
|         723|   -8.486263|   -7.924893|    0.326004|    0.009198|
|         724|   -8.506622|   -7.945839|    0.326004|    0.009198|
|         725|   -8.522108|   -7.962112|    0.326003|    0.009198|
|         726|   -8.532670|   -7.973660|    0.326003|    0.009198|
|         727|   -8.538366|   -7.980406|    0.326003|    0.009199|
|         728|   -8.539509|   -7.982567|    0.326003|    0.009199|
|         729|   -8.536727|   -7.980748|    0.326003|    0.009199|
|         730|   -8.530891|   -7.975815|    0.326003|    0.009199|
|         731|   -8.522897|   -7.968646|    0.326003|    0.009199|
|         732|   -8.513525|   -7.959989|    0.326002|    0.009199|
|         733|   -8.503432|   -7.950481|    0.326002|    0.009199|
|         734|   -8.493156|   -7.940670|    0.326002|    0.009199|
|         735|   -8.483108|   -7.930996|    0.326002|    0.009199|
|         736|   -8.473582|   -7.921776|    0.326002|    0.009199|
|         737|   -8.464766|   -7.913224|    0.326002|    0.009199|
|         738|   -8.456767|   -7.905465|    0.326001|    0.009199|
|         739|   -8.449632|   -7.898558|    0.326001|    0.009199|
|         740|   -8.443363|   -7.892512|    0.326001|    0.009199|
|         741|   -8.437932|   -7.887301|    0.326001|    0.009199|
|         742|   -8.433293|   -7.882878|    0.326001|    0.009199|
|         743|   -8.429387|   -7.879184|    0.326001|    0.009199|
|         744|   -8.426153|   -7.876153|    0.326000|    0.009199|
|         745|   -8.423531|   -7.873721|    0.326000|    0.009199|
|         746|   -8.421465|   -7.871828|    0.326000|    0.009199|
|         747|   -8.419905|   -7.870420|    0.326000|    0.009199|
|         748|   -8.418810|   -7.869452|    0.326000|    0.009199|
|         749|   -8.418146|   -7.868890|    0.325999|    0.009199|
|         750|   -8.417888|   -7.868708|    0.325999|    0.009199|
+-----------------------------------------------------------------------+
|        File Writing Summary       |              Filename             |
+-----------------------------------------------------------------------+
|SU2 binary restart                 |restart_flow.dat                   |
Writing Flow Meta-Data file: flow.meta
|Paraview                           |flow.vtu                           |
Writing Flow Meta-Data file: flow.meta
|Paraview surface                   |surface_flow.vtu                   |
Writing Flow Meta-Data file: flow.meta
|CSV file                           |surface_flow.csv                   |
Writing Flow Meta-Data file: flow.meta
+-----------------------------------------------------------------------+
+----------------------------------------------------------------+
|  Inner_Iter|    rms[Rho]|   rms[RhoE]|          CL|          CD|
+----------------------------------------------------------------+
|         751|   -8.418018|   -7.868889|    0.325999|    0.009199|
+-----------------------------------------------------------------------+
|Fixed CL Mode                           |Value                         |
+-----------------------------------------------------------------------+
|Current CL                              |0.325999                      |
|Target CL                               |0.326                         |
|Previous AOA                            |0.47131                       |
|Changed AoA by                          |4.08126e-06                   |
+-----------------------------------------------------------------------+
+----------------------------------------------------------------+
|  Inner_Iter|    rms[Rho]|   rms[RhoE]|          CL|          CD|
+----------------------------------------------------------------+
|         752|   -8.132520|   -7.540259|    0.325999|    0.009199|
|         753|   -8.306515|   -7.729417|    0.325999|    0.009199|
|         754|   -8.377242|   -7.818257|    0.325999|    0.009199|
|         755|   -8.404028|   -7.848225|    0.325999|    0.009199|
|         756|   -8.415696|   -7.863701|    0.325999|    0.009199|
|         757|   -8.421950|   -7.870935|    0.325998|    0.009199|
|         758|   -8.428464|   -7.878078|    0.325998|    0.009199|
|         759|   -8.433022|   -7.882673|    0.325998|    0.009199|
|         760|   -8.438276|   -7.887978|    0.325998|    0.009199|
|         761|   -8.444350|   -7.894293|    0.325998|    0.009199|
|         762|   -8.450110|   -7.900145|    0.325998|    0.009199|
|         763|   -8.455851|   -7.905821|    0.325998|    0.009199|
|         764|   -8.462071|   -7.911982|    0.325997|    0.009199|
|         765|   -8.468737|   -7.918610|    0.325997|    0.009199|
|         766|   -8.475754|   -7.925569|    0.325997|    0.009199|
|         767|   -8.483133|   -7.932871|    0.325997|    0.009199|
|         768|   -8.490857|   -7.940511|    0.325997|    0.009199|
|         769|   -8.498895|   -7.948465|    0.325997|    0.009199|
|         770|   -8.507241|   -7.956727|    0.325997|    0.009199|
|         771|   -8.515896|   -7.965299|    0.325997|    0.009199|
|         772|   -8.524857|   -7.974175|    0.325996|    0.009199|
|         773|   -8.534113|   -7.983346|    0.325996|    0.009199|
|         774|   -8.543651|   -7.992801|    0.325996|    0.009199|
|         775|   -8.553458|   -8.002526|    0.325996|    0.009199|
|         776|   -8.563523|   -8.012511|    0.325996|    0.009199|
|         777|   -8.573836|   -8.022745|    0.325996|    0.009199|
|         778|   -8.584389|   -8.033221|    0.325996|    0.009199|
|         779|   -8.595173|   -8.043928|    0.325996|    0.009199|
|         780|   -8.606176|   -8.054857|    0.325996|    0.009199|
|         781|   -8.617392|   -8.066000|    0.325996|    0.009199|
|         782|   -8.628812|   -8.077347|    0.325995|    0.009199|
|         783|   -8.640429|   -8.088892|    0.325995|    0.009199|
|         784|   -8.652235|   -8.100627|    0.325995|    0.009199|
|         785|   -8.664223|   -8.112545|    0.325995|    0.009199|
|         786|   -8.676388|   -8.124642|    0.325995|    0.009199|
|         787|   -8.688721|   -8.136909|    0.325995|    0.009199|
|         788|   -8.701218|   -8.149342|    0.325995|    0.009199|
|         789|   -8.713871|   -8.161934|    0.325995|    0.009199|
|         790|   -8.726676|   -8.174680|    0.325995|    0.009199|
|         791|   -8.739624|   -8.187573|    0.325995|    0.009199|
|         792|   -8.752711|   -8.200607|    0.325995|    0.009199|
|         793|   -8.765930|   -8.213776|    0.325995|    0.009199|
|         794|   -8.779274|   -8.227073|    0.325995|    0.009199|
|         795|   -8.792737|   -8.240493|    0.325995|    0.009199|
|         796|   -8.806314|   -8.254028|    0.325994|    0.009199|
|         797|   -8.819999|   -8.267674|    0.325994|    0.009199|
|         798|   -8.833787|   -8.281425|    0.325994|    0.009199|
|         799|   -8.847672|   -8.295275|    0.325994|    0.009199|
|         800|   -8.861651|   -8.309221|    0.325994|    0.009199|
|         801|   -8.875718|   -8.323258|    0.325994|    0.009200|
+-----------------------------------------------------------------------+
|Fixed CL Mode                           |Value                         |
+-----------------------------------------------------------------------+
|Current CL                              |0.325994                      |
|Target CL                               |0.326                         |
|Previous AOA                            |0.471314                      |
|Changed AoA by                          |2.86302e-05                   |
+-----------------------------------------------------------------------+
+----------------------------------------------------------------+
|  Inner_Iter|    rms[Rho]|   rms[RhoE]|          CL|          CD|
+----------------------------------------------------------------+
|         802|   -7.355010|   -6.748366|    0.325994|    0.009200|
|         803|   -7.652113|   -7.041670|    0.325994|    0.009200|
|         804|   -7.893812|   -7.300455|    0.325995|    0.009200|
|         805|   -8.090701|   -7.480964|    0.325996|    0.009200|
|         806|   -8.250046|   -7.652289|    0.325997|    0.009200|
|         807|   -8.344185|   -7.747838|    0.325998|    0.009200|
|         808|   -8.474407|   -7.876084|    0.325998|    0.009200|
|         809|   -8.505141|   -7.905041|    0.325998|    0.009200|
|         810|   -8.557845|   -7.956085|    0.325998|    0.009200|
|         811|   -8.672985|   -8.077277|    0.325999|    0.009200|
|         812|   -8.749934|   -8.162614|    0.325999|    0.009200|
|         813|   -8.778938|   -8.190001|    0.325999|    0.009200|
|         814|   -8.837047|   -8.248241|    0.325999|    0.009200|
|         815|   -8.912839|   -8.330785|    0.325999|    0.009200|
|         816|   -8.958402|   -8.382580|    0.325999|    0.009200|
|         817|   -8.983092|   -8.408994|    0.326000|    0.009200|
|         818|   -9.002240|   -8.429476|    0.326000|    0.009200|
|         819|   -9.012081|   -8.442489|    0.326000|    0.009200|
|         820|   -9.012465|   -8.447344|    0.326000|    0.009200|
|         821|   -9.006366|   -8.445829|    0.326000|    0.009200|
|         822|   -8.994319|   -8.437564|    0.326000|    0.009200|
|         823|   -8.977096|   -8.423009|    0.326000|    0.009200|
|         824|   -8.956914|   -8.404682|    0.326000|    0.009200|
|         825|   -8.935834|   -8.384967|    0.326000|    0.009200|
|         826|   -8.915056|   -8.365165|    0.326000|    0.009200|
|         827|   -8.895170|   -8.345916|    0.326000|    0.009199|
|         828|   -8.876464|   -8.327583|    0.326001|    0.009199|
|         829|   -8.859108|   -8.310426|    0.326001|    0.009199|
|         830|   -8.843211|   -8.294622|    0.326001|    0.009199|
|         831|   -8.828801|   -8.280240|    0.326001|    0.009199|
|         832|   -8.815850|   -8.267267|    0.326001|    0.009199|
|         833|   -8.804311|   -8.255666|    0.326001|    0.009199|
|         834|   -8.794132|   -8.245400|    0.326001|    0.009199|
|         835|   -8.785258|   -8.236426|    0.326001|    0.009199|
|         836|   -8.777626|   -8.228692|    0.326001|    0.009199|
|         837|   -8.771170|   -8.222138|    0.326001|    0.009199|
|         838|   -8.765814|   -8.216696|    0.326001|    0.009199|
|         839|   -8.761486|   -8.212294|    0.326001|    0.009199|
|         840|   -8.758108|   -8.208856|    0.326002|    0.009199|
|         841|   -8.755606|   -8.206308|    0.326002|    0.009199|
|         842|   -8.753908|   -8.204574|    0.326002|    0.009199|
|         843|   -8.752944|   -8.203583|    0.326002|    0.009199|
|         844|   -8.752649|   -8.203268|    0.326002|    0.009199|
|         845|   -8.752962|   -8.203566|    0.326002|    0.009199|
|         846|   -8.753830|   -8.204419|    0.326002|    0.009199|
|         847|   -8.755205|   -8.205778|    0.326002|    0.009199|
|         848|   -8.757044|   -8.207599|    0.326002|    0.009199|
|         849|   -8.759313|   -8.209843|    0.326002|    0.009199|
|         850|   -8.761979|   -8.212480|    0.326002|    0.009199|
|         851|   -8.765020|   -8.215485|    0.326002|    0.009199|
+-----------------------------------------------------------------------+
|Fixed CL Mode                           |Value                         |
+-----------------------------------------------------------------------+
|Current CL                              |0.326002                      |
|Target CL                               |0.326                         |
|Previous AOA                            |0.471343                      |
|Changed AoA by                          |-1.18844e-05                  |
+-----------------------------------------------------------------------+
+----------------------------------------------------------------+
|  Inner_Iter|    rms[Rho]|   rms[RhoE]|          CL|          CD|
+----------------------------------------------------------------+
|         852|   -7.735061|   -7.128869|    0.326003|    0.009199|
|         853|   -8.027940|   -7.418905|    0.326003|    0.009199|
|         854|   -8.257145|   -7.666915|    0.326002|    0.009199|
|         855|   -8.429507|   -7.829224|    0.326002|    0.009199|
|         856|   -8.551548|   -7.967229|    0.326001|    0.009199|
|         857|   -8.615949|   -8.036628|    0.326001|    0.009199|
|         858|   -8.690799|   -8.116593|    0.326001|    0.009199|
|         859|   -8.710521|   -8.136395|    0.326001|    0.009199|
|         860|   -8.739357|   -8.166537|    0.326001|    0.009199|
|         861|   -8.787409|   -8.221932|    0.326001|    0.009199|
|         862|   -8.817553|   -8.256986|    0.326001|    0.009199|
|         863|   -8.835102|   -8.274496|    0.326001|    0.009199|
|         864|   -8.858995|   -8.299352|    0.326001|    0.009199|
|         865|   -8.885914|   -8.328690|    0.326001|    0.009199|
|         866|   -8.908961|   -8.353110|    0.326001|    0.009199|
|         867|   -8.930346|   -8.374725|    0.326001|    0.009199|
|         868|   -8.952208|   -8.396512|    0.326001|    0.009199|
|         869|   -8.974567|   -8.418858|    0.326001|    0.009199|
|         870|   -8.997488|   -8.441874|    0.326001|    0.009199|
|         871|   -9.021142|   -8.465640|    0.326001|    0.009199|
|         872|   -9.045369|   -8.489874|    0.326001|    0.009199|
|         873|   -9.069939|   -8.514297|    0.326001|    0.009199|
|         874|   -9.094824|   -8.538929|    0.326001|    0.009199|
|         875|   -9.120091|   -8.563903|    0.326001|    0.009199|
|         876|   -9.145748|   -8.589239|    0.326001|    0.009199|
|         877|   -9.171726|   -8.614852|    0.326001|    0.009199|
|         878|   -9.197909|   -8.640618|    0.326001|    0.009199|
|         879|   -9.224167|   -8.666424|    0.326001|    0.009199|
|         880|   -9.250390|   -8.692177|    0.326001|    0.009199|
|         881|   -9.276465|   -8.717778|    0.326001|    0.009199|
|         882|   -9.302259|   -8.743097|    0.326001|    0.009199|
|         883|   -9.327635|   -8.767993|    0.326001|    0.009199|
|         884|   -9.352466|   -8.792346|    0.326001|    0.009199|
|         885|   -9.376644|   -8.816064|    0.326001|    0.009199|
|         886|   -9.400077|   -8.839076|    0.326001|    0.009199|
|         887|   -9.422678|   -8.861324|    0.326001|    0.009199|
|         888|   -9.444367|   -8.882755|    0.326001|    0.009199|
|         889|   -9.465058|   -8.903315|    0.326001|    0.009199|
|         890|   -9.484648|   -8.922931|    0.326001|    0.009199|
|         891|   -9.503020|   -8.941507|    0.326001|    0.009199|
|         892|   -9.520031|   -8.958922|    0.326001|    0.009199|
|         893|   -9.535527|   -8.975026|    0.326001|    0.009199|
|         894|   -9.549348|   -8.989652|    0.326001|    0.009199|
|         895|   -9.561343|   -9.002629|    0.326001|    0.009199|
|         896|   -9.571395|   -9.013799|    0.326001|    0.009199|
|         897|   -9.579438|   -9.023047|    0.326001|    0.009199|
|         898|   -9.585474|   -9.030316|    0.326001|    0.009199|
|         899|   -9.589580|   -9.035628|    0.326001|    0.009199|
|         900|   -9.591907|   -9.039084|    0.326001|    0.009199|
|         901|   -9.592668|   -9.040861|    0.326001|    0.009199|
+-----------------------------------------------------------------------+
|Fixed CL Mode                           |Value                         |
+-----------------------------------------------------------------------+
|Current CL                              |0.326001                      |
|Target CL                               |0.326                         |
|Previous AOA                            |0.471331                      |
|Changed AoA by                          |-5.13818e-06                  |
+-----------------------------------------------------------------------+
+----------------------------------------------------------------+
|  Inner_Iter|    rms[Rho]|   rms[RhoE]|          CL|          CD|
+----------------------------------------------------------------+
|         902|   -8.101082|   -7.494393|    0.326001|    0.009199|
|         903|   -8.397490|   -7.787240|    0.326001|    0.009199|
|         904|   -8.638757|   -8.045688|    0.326001|    0.009199|
|         905|   -8.834151|   -8.225139|    0.326001|    0.009199|
|         906|   -8.990335|   -8.393851|    0.326000|    0.009199|
|         907|   -9.077445|   -8.483506|    0.326000|    0.009199|
|         908|   -9.190414|   -8.597726|    0.326000|    0.009199|
|         909|   -9.209665|   -8.617705|    0.326000|    0.009199|
|         910|   -9.244248|   -8.654381|    0.326000|    0.009199|
|         911|   -9.313549|   -8.735090|    0.326000|    0.009199|
|         912|   -9.343321|   -8.774882|    0.326000|    0.009199|
|         913|   -9.344284|   -8.777572|    0.326000|    0.009199|
|         914|   -9.355797|   -8.793062|    0.326000|    0.009199|
|         915|   -9.365802|   -8.808956|    0.326000|    0.009199|
|         916|   -9.362522|   -8.808751|    0.326000|    0.009199|
|         917|   -9.354082|   -8.801550|    0.326000|    0.009199|
|         918|   -9.345097|   -8.793579|    0.326000|    0.009199|
|         919|   -9.335844|   -8.785232|    0.326000|    0.009199|
|         920|   -9.326659|   -8.776785|    0.326000|    0.009199|
|         921|   -9.317743|   -8.768465|    0.326000|    0.009199|
|         922|   -9.308998|   -8.760147|    0.326000|    0.009199|
|         923|   -9.300451|   -8.751857|    0.326000|    0.009199|
|         924|   -9.292311|   -8.743862|    0.325999|    0.009199|
|         925|   -9.284765|   -8.736397|    0.325999|    0.009199|
|         926|   -9.277896|   -8.729562|    0.325999|    0.009199|
|         927|   -9.271722|   -8.723380|    0.325999|    0.009199|
|         928|   -9.266242|   -8.717855|    0.325999|    0.009199|
|         929|   -9.261457|   -8.713000|    0.325999|    0.009199|
|         930|   -9.257369|   -8.708829|    0.325999|    0.009199|
|         931|   -9.253974|   -8.705342|    0.325999|    0.009199|
|         932|   -9.251256|   -8.702527|    0.325999|    0.009199|
|         933|   -9.249201|   -8.700370|    0.325999|    0.009199|
|         934|   -9.247793|   -8.698856|    0.325999|    0.009199|
|         935|   -9.247018|   -8.697974|    0.325999|    0.009199|
|         936|   -9.246858|   -8.697708|    0.325999|    0.009199|
|         937|   -9.247294|   -8.698042|    0.325999|    0.009199|
|         938|   -9.248303|   -8.698953|    0.325999|    0.009199|
|         939|   -9.249862|   -8.700419|    0.325999|    0.009199|
|         940|   -9.251944|   -8.702414|    0.325999|    0.009199|
|         941|   -9.254524|   -8.704913|    0.325999|    0.009199|
|         942|   -9.257574|   -8.707888|    0.325999|    0.009199|
|         943|   -9.261067|   -8.711312|    0.325999|    0.009199|
|         944|   -9.264978|   -8.715156|    0.325999|    0.009199|
|         945|   -9.269279|   -8.719396|    0.325999|    0.009199|
|         946|   -9.273948|   -8.724005|    0.325999|    0.009199|
|         947|   -9.278961|   -8.728961|    0.325999|    0.009199|
|         948|   -9.284298|   -8.734242|    0.325999|    0.009199|
|         949|   -9.289940|   -8.739829|    0.325999|    0.009199|
|         950|   -9.295870|   -8.745705|    0.325999|    0.009199|
|         951|   -9.302075|   -8.751854|    0.325999|    0.009199|
+-----------------------------------------------------------------------+
|Fixed CL Mode                           |Value                         |
+-----------------------------------------------------------------------+
|Current CL                              |0.325999                      |
|Target CL                               |0.326                         |
|Previous AOA                            |0.471326                      |
|Changed AoA by                          |5.91682e-06                   |
+-----------------------------------------------------------------------+
+----------------------------------------------------------------+
|  Inner_Iter|    rms[Rho]|   rms[RhoE]|          CL|          CD|
+----------------------------------------------------------------+
|         952|   -8.039259|   -7.432741|    0.325999|    0.009199|
|         953|   -8.335324|   -7.725234|    0.325999|    0.009199|
|         954|   -8.573619|   -7.981102|    0.325999|    0.009199|
|         955|   -8.763474|   -8.156494|    0.325999|    0.009199|
|         956|   -8.911098|   -8.317709|    0.325999|    0.009199|
|         957|   -8.995454|   -8.405051|    0.326000|    0.009199|
|         958|   -9.105244|   -8.516512|    0.326000|    0.009199|
|         959|   -9.132510|   -8.542790|    0.326000|    0.009199|
|         960|   -9.176373|   -8.586612|    0.326000|    0.009199|
|         961|   -9.262071|   -8.680781|    0.326000|    0.009199|
|         962|   -9.317411|   -8.743909|    0.326000|    0.009199|
|         963|   -9.343780|   -8.769382|    0.326000|    0.009199|
|         964|   -9.386940|   -8.813576|    0.326000|    0.009199|
|         965|   -9.439765|   -8.871440|    0.326000|    0.009199|
|         966|   -9.480043|   -8.914982|    0.326000|    0.009199|
|         967|   -9.513552|   -8.948668|    0.326000|    0.009199|
|         968|   -9.547575|   -8.982123|    0.326000|    0.009199|
|         969|   -9.580708|   -9.015213|    0.326000|    0.009199|
|         970|   -9.612150|   -9.047334|    0.326000|    0.009199|
|         971|   -9.642266|   -9.078568|    0.326000|    0.009199|
|         972|   -9.669628|   -9.107063|    0.326000|    0.009199|
|         973|   -9.692143|   -9.130500|    0.326000|    0.009199|
|         974|   -9.708929|   -9.148183|    0.326000|    0.009199|
|         975|   -9.720048|   -9.160407|    0.326000|    0.009199|
|         976|   -9.725782|   -9.167411|    0.326000|    0.009199|
|         977|   -9.726562|   -9.169456|    0.326000|    0.009199|
|         978|   -9.723045|   -9.167091|    0.326000|    0.009199|
|         979|   -9.716118|   -9.161185|    0.326000|    0.009199|
|         980|   -9.706790|   -9.152756|    0.326000|    0.009199|
|         981|   -9.695982|   -9.142726|    0.326000|    0.009199|
|         982|   -9.684429|   -9.131814|    0.326000|    0.009199|
|         983|   -9.672700|   -9.120587|    0.326000|    0.009199|
|         984|   -9.661236|   -9.109506|    0.326000|    0.009199|
|         985|   -9.650357|   -9.098919|    0.326000|    0.009199|
|         986|   -9.640271|   -9.089066|    0.326000|    0.009199|
|         987|   -9.631102|   -9.080093|    0.326000|    0.009199|
|         988|   -9.622906|   -9.072075|    0.326000|    0.009199|
|         989|   -9.615690|   -9.065028|    0.326000|    0.009199|
|         990|   -9.609428|   -9.058934|    0.326000|    0.009199|
|         991|   -9.604071|   -9.053746|    0.326000|    0.009199|
|         992|   -9.599558|   -9.049401|    0.326000|    0.009199|
|         993|   -9.595821|   -9.045830|    0.326000|    0.009199|
|         994|   -9.592791|   -9.042961|    0.326000|    0.009199|
|         995|   -9.590401|   -9.040723|    0.326000|    0.009199|
|         996|   -9.588592|   -9.039051|    0.326000|    0.009199|
|         997|   -9.587310|   -9.037889|    0.326000|    0.009199|
|         998|   -9.586511|   -9.037189|    0.326000|    0.009199|
|         999|   -9.586157|   -9.036914|    0.326000|    0.009199|
|        1000|   -9.586222|   -9.037034|    0.326000|    0.009199|
+-----------------------------------------------------------------------+
|      Convergence Field     |     Value    |   Criterion  |  Converged |
+-----------------------------------------------------------------------+
|                    rms[Rho]|      -9.58622|         < -13|          No|
+-----------------------------------------------------------------------+
+-----------------------------------------------------------------------+
|        File Writing Summary       |              Filename             |
+-----------------------------------------------------------------------+
|SU2 binary restart                 |restart_flow.dat                   |
Writing Flow Meta-Data file: flow.meta
|Paraview                           |flow.vtu                           |
Writing Flow Meta-Data file: flow.meta
|Paraview surface                   |surface_flow.vtu                   |
Writing Flow Meta-Data file: flow.meta
|CSV file                           |surface_flow.csv                   |
Writing Flow Meta-Data file: flow.meta
+-----------------------------------------------------------------------+
+----------------------------------------------------------------+
|  Inner_Iter|    rms[Rho]|   rms[RhoE]|          CL|          CD|
+----------------------------------------------------------------+
|        1001|   -9.586683|   -9.037529|    0.326000|    0.009205|
+-----------------------------------------------------------------------+
|Fixed CL Mode                           |Value                         |
+-----------------------------------------------------------------------+
|Current CL                              |0.326                         |
|Target CL                               |0.326                         |
|Previous AOA                            |0.471332                      |
|Changed AoA by (Finite Difference step) |0.001                         |
+-----------------------------------------------------------------------+
+----------------------------------------------------------------+
|  Inner_Iter|    rms[Rho]|   rms[RhoE]|          CL|          CD|
+----------------------------------------------------------------+
|        1002|   -5.812065|   -5.205351|    0.326000|    0.009205|
|        1003|   -6.109483|   -5.498946|    0.326008|    0.009205|
|        1004|   -6.352514|   -5.758899|    0.326037|    0.009205|
|        1005|   -6.551793|   -5.941071|    0.326080|    0.009206|
|        1006|   -6.715239|   -6.115863|    0.326120|    0.009206|
|        1007|   -6.812386|   -6.213922|    0.326142|    0.009206|
|        1008|   -6.948795|   -6.347144|    0.326148|    0.009206|
|        1009|   -6.978272|   -6.375125|    0.326149|    0.009206|
|        1010|   -7.030363|   -6.425721|    0.326154|    0.009206|
|        1011|   -7.147896|   -6.549510|    0.326164|    0.009206|
|        1012|   -7.221143|   -6.632641|    0.326173|    0.009206|
|        1013|   -7.240675|   -6.652198|    0.326181|    0.009206|
|        1014|   -7.287308|   -6.701293|    0.326188|    0.009206|
|        1015|   -7.342847|   -6.766402|    0.326194|    0.009206|
|        1016|   -7.363186|   -6.794602|    0.326199|    0.009206|
|        1017|   -7.364255|   -6.798902|    0.326204|    0.009206|
|        1018|   -7.360861|   -6.798230|    0.326209|    0.009205|
|        1019|   -7.352183|   -6.792759|    0.326213|    0.009205|
|        1020|   -7.339754|   -6.783448|    0.326218|    0.009204|
|        1021|   -7.325699|   -6.772028|    0.326222|    0.009204|
|        1022|   -7.310250|   -6.758517|    0.326226|    0.009203|
|        1023|   -7.293683|   -6.743201|    0.326230|    0.009203|
|        1024|   -7.276896|   -6.727224|    0.326234|    0.009202|
|        1025|   -7.260675|   -6.711567|    0.326238|    0.009201|
|        1026|   -7.245411|   -6.696681|    0.326242|    0.009201|
|        1027|   -7.231241|   -6.682728|    0.326246|    0.009200|
|        1028|   -7.218200|   -6.669778|    0.326249|    0.009200|
|        1029|   -7.206308|   -6.657894|    0.326253|    0.009199|
|        1030|   -7.195579|   -6.647127|    0.326256|    0.009198|
|        1031|   -7.186001|   -6.637483|    0.326260|    0.009198|
|        1032|   -7.177537|   -6.628933|    0.326263|    0.009197|
|        1033|   -7.170147|   -6.621439|    0.326267|    0.009197|
|        1034|   -7.163794|   -6.614971|    0.326270|    0.009196|
|        1035|   -7.158441|   -6.609499|    0.326274|    0.009196|
|        1036|   -7.154048|   -6.604987|    0.326277|    0.009195|
|        1037|   -7.150568|   -6.601396|    0.326280|    0.009195|
|        1038|   -7.147954|   -6.598680|    0.326284|    0.009195|
|        1039|   -7.146153|   -6.596789|    0.326287|    0.009194|
|        1040|   -7.145114|   -6.595671|    0.326290|    0.009194|
|        1041|   -7.144784|   -6.595274|    0.326293|    0.009194|
|        1042|   -7.145109|   -6.595542|    0.326297|    0.009193|
|        1043|   -7.146038|   -6.596424|    0.326300|    0.009193|
|        1044|   -7.147523|   -6.597867|    0.326303|    0.009193|
|        1045|   -7.149516|   -6.599825|    0.326306|    0.009193|
|        1046|   -7.151977|   -6.602252|    0.326310|    0.009193|
|        1047|   -7.154866|   -6.605108|    0.326313|    0.009192|
|        1048|   -7.158150|   -6.608359|    0.326316|    0.009192|
|        1049|   -7.161800|   -6.611973|    0.326319|    0.009192|
|        1050|   -7.165790|   -6.615924|    0.326322|    0.009192|
|        1051|   -7.170100|   -6.620191|    0.326325|    0.009192|
|        1052|   -7.174712|   -6.624757|    0.326329|    0.009191|
|        1053|   -7.179612|   -6.629608|    0.326332|    0.009191|
|        1054|   -7.184789|   -6.634732|    0.326335|    0.009191|
|        1055|   -7.190235|   -6.640122|    0.326338|    0.009191|
|        1056|   -7.195941|   -6.645771|    0.326341|    0.009191|
|        1057|   -7.201902|   -6.651672|    0.326344|    0.009191|
|        1058|   -7.208093|   -6.657807|    0.326346|    0.009191|
|        1059|   -7.214485|   -6.664156|    0.326349|    0.009190|
|        1060|   -7.221123|   -6.670747|    0.326352|    0.009190|
|        1061|   -7.228045|   -6.677591|    0.326355|    0.009190|
|        1062|   -7.235228|   -6.684681|    0.326357|    0.009190|
|        1063|   -7.242629|   -6.691987|    0.326360|    0.009190|
|        1064|   -7.250228|   -6.699492|    0.326362|    0.009190|
|        1065|   -7.258017|   -6.707191|    0.326364|    0.009190|
|        1066|   -7.265994|   -6.715083|    0.326367|    0.009190|
|        1067|   -7.274157|   -6.723168|    0.326369|    0.009190|
|        1068|   -7.282509|   -6.731447|    0.326371|    0.009189|
|        1069|   -7.291046|   -6.739916|    0.326373|    0.009189|
|        1070|   -7.299766|   -6.748571|    0.326375|    0.009189|
|        1071|   -7.308661|   -6.757408|    0.326377|    0.009189|
|        1072|   -7.317728|   -6.766421|    0.326379|    0.009189|
|        1073|   -7.326962|   -6.775605|    0.326381|    0.009189|
|        1074|   -7.336358|   -6.784953|    0.326383|    0.009189|
|        1075|   -7.345912|   -6.794462|    0.326385|    0.009189|
|        1076|   -7.355621|   -6.804128|    0.326387|    0.009189|
|        1077|   -7.365482|   -6.813946|    0.326388|    0.009189|
|        1078|   -7.375491|   -6.823914|    0.326390|    0.009189|
|        1079|   -7.385646|   -6.834028|    0.326391|    0.009189|
|        1080|   -7.395944|   -6.844286|    0.326393|    0.009189|
|        1081|   -7.406382|   -6.854684|    0.326395|    0.009189|
|        1082|   -7.416957|   -6.865220|    0.326396|    0.009188|
|        1083|   -7.427667|   -6.875889|    0.326397|    0.009188|
|        1084|   -7.438508|   -6.886691|    0.326399|    0.009188|
|        1085|   -7.449477|   -6.897621|    0.326400|    0.009188|
|        1086|   -7.460573|   -6.908678|    0.326401|    0.009188|
|        1087|   -7.471793|   -6.919858|    0.326403|    0.009188|
|        1088|   -7.483133|   -6.931160|    0.326404|    0.009188|
|        1089|   -7.494592|   -6.942580|    0.326405|    0.009188|
|        1090|   -7.506166|   -6.954116|    0.326406|    0.009188|
|        1091|   -7.517853|   -6.965765|    0.326407|    0.009188|
|        1092|   -7.529649|   -6.977524|    0.326408|    0.009188|
|        1093|   -7.541553|   -6.989391|    0.326409|    0.009188|
|        1094|   -7.553560|   -7.001362|    0.326410|    0.009188|
|        1095|   -7.565670|   -7.013436|    0.326411|    0.009188|
|        1096|   -7.577877|   -7.025609|    0.326412|    0.009188|
|        1097|   -7.590181|   -7.037879|    0.326413|    0.009188|
|        1098|   -7.602579|   -7.050243|    0.326414|    0.009188|
|        1099|   -7.615068|   -7.062699|    0.326415|    0.009188|
|        1100|   -7.627645|   -7.075245|    0.326416|    0.009188|
|        1101|   -7.640310|   -7.087878|    0.326417|    0.009188|
|        1102|   -7.653059|   -7.100597|    0.326417|    0.009188|
|        1103|   -7.665890|   -7.113399|    0.326418|    0.009188|
|        1104|   -7.678803|   -7.126283|    0.326419|    0.009188|
|        1105|   -7.691794|   -7.139246|    0.326420|    0.009187|
|        1106|   -7.704862|   -7.152287|    0.326420|    0.009187|
|        1107|   -7.718006|   -7.165405|    0.326421|    0.009187|
|        1108|   -7.731223|   -7.178596|    0.326422|    0.009187|
|        1109|   -7.744513|   -7.191861|    0.326422|    0.009187|
|        1110|   -7.757872|   -7.205196|    0.326423|    0.009187|
|        1111|   -7.771301|   -7.218601|    0.326423|    0.009187|
|        1112|   -7.784796|   -7.232073|    0.326424|    0.009187|
|        1113|   -7.798356|   -7.245611|    0.326424|    0.009187|
|        1114|   -7.811981|   -7.259213|    0.326425|    0.009187|
|        1115|   -7.825667|   -7.272878|    0.326425|    0.009187|
|        1116|   -7.839413|   -7.286604|    0.326426|    0.009187|
|        1117|   -7.853218|   -7.300389|    0.326426|    0.009187|
|        1118|   -7.867079|   -7.314231|    0.326427|    0.009187|
|        1119|   -7.880996|   -7.328129|    0.326427|    0.009187|
|        1120|   -7.894966|   -7.342081|    0.326428|    0.009187|
|        1121|   -7.908987|   -7.356084|    0.326428|    0.009187|
|        1122|   -7.923058|   -7.370138|    0.326429|    0.009187|
|        1123|   -7.937177|   -7.384241|    0.326429|    0.009187|
|        1124|   -7.951342|   -7.398390|    0.326429|    0.009187|
|        1125|   -7.965552|   -7.412584|    0.326430|    0.009187|
|        1126|   -7.979805|   -7.426822|    0.326430|    0.009187|
|        1127|   -7.994099|   -7.441102|    0.326430|    0.009187|
|        1128|   -8.008433|   -7.455423|    0.326431|    0.009187|
|        1129|   -8.022807|   -7.469783|    0.326431|    0.009187|
|        1130|   -8.037217|   -7.484180|    0.326431|    0.009187|
|        1131|   -8.051663|   -7.498614|    0.326432|    0.009187|
|        1132|   -8.066144|   -7.513083|    0.326432|    0.009187|
|        1133|   -8.080659|   -7.527585|    0.326432|    0.009187|
|        1134|   -8.095205|   -7.542120|    0.326433|    0.009187|
|        1135|   -8.109783|   -7.556687|    0.326433|    0.009187|
|        1136|   -8.124391|   -7.571284|    0.326433|    0.009187|
|        1137|   -8.139027|   -7.585909|    0.326433|    0.009187|
|        1138|   -8.153691|   -7.600563|    0.326434|    0.009187|
|        1139|   -8.168380|   -7.615243|    0.326434|    0.009187|
|        1140|   -8.183095|   -7.629948|    0.326434|    0.009187|
|        1141|   -8.197834|   -7.644677|    0.326434|    0.009187|
|        1142|   -8.212595|   -7.659430|    0.326435|    0.009187|
|        1143|   -8.227378|   -7.674203|    0.326435|    0.009187|
|        1144|   -8.242180|   -7.688997|    0.326435|    0.009187|
|        1145|   -8.257001|   -7.703809|    0.326435|    0.009187|
|        1146|   -8.271838|   -7.718639|    0.326435|    0.009187|
|        1147|   -8.286691|   -7.733485|    0.326436|    0.009187|
|        1148|   -8.301558|   -7.748345|    0.326436|    0.009187|
|        1149|   -8.316438|   -7.763217|    0.326436|    0.009187|
|        1150|   -8.331329|   -7.778102|    0.326436|    0.009187|
|        1151|   -8.346229|   -7.792996|    0.326436|    0.009187|
|        1152|   -8.361137|   -7.807899|    0.326436|    0.009187|
|        1153|   -8.376052|   -7.822808|    0.326437|    0.009187|
|        1154|   -8.390972|   -7.837723|    0.326437|    0.009187|
|        1155|   -8.405895|   -7.852642|    0.326437|    0.009187|
|        1156|   -8.420821|   -7.867564|    0.326437|    0.009187|
|        1157|   -8.435747|   -7.882487|    0.326437|    0.009187|
|        1158|   -8.450672|   -7.897409|    0.326437|    0.009187|
|        1159|   -8.465595|   -7.912330|    0.326437|    0.009187|
|        1160|   -8.480515|   -7.927247|    0.326437|    0.009187|
|        1161|   -8.495430|   -7.942160|    0.326438|    0.009187|
|        1162|   -8.510338|   -7.957068|    0.326438|    0.009187|
|        1163|   -8.525239|   -7.971968|    0.326438|    0.009187|
|        1164|   -8.540130|   -7.986860|    0.326438|    0.009187|
|        1165|   -8.555012|   -8.001742|    0.326438|    0.009187|
|        1166|   -8.569882|   -8.016613|    0.326438|    0.009187|
|        1167|   -8.584739|   -8.031471|    0.326438|    0.009187|
|        1168|   -8.599583|   -8.046316|    0.326438|    0.009187|
|        1169|   -8.614411|   -8.061147|    0.326438|    0.009187|
|        1170|   -8.629222|   -8.075961|    0.326438|    0.009187|
|        1171|   -8.644016|   -8.090758|    0.326439|    0.009187|
|        1172|   -8.658791|   -8.105537|    0.326439|    0.009187|
|        1173|   -8.673547|   -8.120296|    0.326439|    0.009187|
|        1174|   -8.688280|   -8.135034|    0.326439|    0.009187|
|        1175|   -8.702992|   -8.149750|    0.326439|    0.009187|
|        1176|   -8.717680|   -8.164444|    0.326439|    0.009187|
|        1177|   -8.732344|   -8.179113|    0.326439|    0.009187|
|        1178|   -8.746982|   -8.193757|    0.326439|    0.009187|
|        1179|   -8.761594|   -8.208375|    0.326439|    0.009187|
|        1180|   -8.776178|   -8.222965|    0.326439|    0.009187|
|        1181|   -8.790733|   -8.237527|    0.326439|    0.009187|
|        1182|   -8.805258|   -8.252059|    0.326439|    0.009187|
|        1183|   -8.819752|   -8.266561|    0.326439|    0.009187|
|        1184|   -8.834215|   -8.281031|    0.326439|    0.009187|
|        1185|   -8.848644|   -8.295469|    0.326439|    0.009187|
|        1186|   -8.863040|   -8.309873|    0.326440|    0.009187|
|        1187|   -8.877401|   -8.324242|    0.326440|    0.009187|
|        1188|   -8.891726|   -8.338576|    0.326440|    0.009187|
|        1189|   -8.906014|   -8.352874|    0.326440|    0.009187|
|        1190|   -8.920265|   -8.367133|    0.326440|    0.009187|
|        1191|   -8.934477|   -8.381355|    0.326440|    0.009187|
|        1192|   -8.948649|   -8.395537|    0.326440|    0.009187|
|        1193|   -8.962781|   -8.409679|    0.326440|    0.009187|
|        1194|   -8.976871|   -8.423779|    0.326440|    0.009187|
|        1195|   -8.990919|   -8.437838|    0.326440|    0.009187|
|        1196|   -9.004924|   -8.451854|    0.326440|    0.009187|
|        1197|   -9.018886|   -8.465827|    0.326440|    0.009187|
|        1198|   -9.032803|   -8.479755|    0.326440|    0.009187|
|        1199|   -9.046675|   -8.493638|    0.326440|    0.009187|
|        1200|   -9.060501|   -8.507476|    0.326440|    0.009187|
|        1201|   -9.074281|   -8.521268|    0.326440|    0.009187|
|        1202|   -9.088015|   -8.535014|    0.326440|    0.009187|
|        1203|   -9.101701|   -8.548712|    0.326440|    0.009187|
|        1204|   -9.115340|   -8.562363|    0.326440|    0.009187|
|        1205|   -9.128931|   -8.575967|    0.326440|    0.009187|
|        1206|   -9.142474|   -8.589523|    0.326440|    0.009187|
|        1207|   -9.155969|   -8.603030|    0.326440|    0.009187|
|        1208|   -9.169416|   -8.616490|    0.326440|    0.009187|
|        1209|   -9.182814|   -8.629902|    0.326440|    0.009187|
|        1210|   -9.196165|   -8.643266|    0.326440|    0.009187|
|        1211|   -9.209468|   -8.656582|    0.326440|    0.009187|
|        1212|   -9.222723|   -8.669850|    0.326441|    0.009187|
|        1213|   -9.235931|   -8.683071|    0.326441|    0.009187|
|        1214|   -9.249092|   -8.696246|    0.326441|    0.009187|
|        1215|   -9.262206|   -8.709373|    0.326441|    0.009187|
|        1216|   -9.275274|   -8.722454|    0.326441|    0.009187|
|        1217|   -9.288297|   -8.735490|    0.326441|    0.009187|
|        1218|   -9.301274|   -8.748480|    0.326441|    0.009187|
|        1219|   -9.314207|   -8.761427|    0.326441|    0.009187|
|        1220|   -9.327096|   -8.774329|    0.326441|    0.009187|
|        1221|   -9.339943|   -8.787188|    0.326441|    0.009187|
|        1222|   -9.352747|   -8.800005|    0.326441|    0.009187|
|        1223|   -9.365510|   -8.812780|    0.326441|    0.009187|
|        1224|   -9.378232|   -8.825514|    0.326441|    0.009187|
|        1225|   -9.390914|   -8.838209|    0.326441|    0.009187|
|        1226|   -9.403557|   -8.850864|    0.326441|    0.009187|
|        1227|   -9.416162|   -8.863482|    0.326441|    0.009187|
|        1228|   -9.428731|   -8.876062|    0.326441|    0.009187|
|        1229|   -9.441263|   -8.888605|    0.326441|    0.009187|
|        1230|   -9.453760|   -8.901113|    0.326441|    0.009187|
|        1231|   -9.466222|   -8.913587|    0.326441|    0.009187|
|        1232|   -9.478651|   -8.926027|    0.326441|    0.009187|
|        1233|   -9.491048|   -8.938434|    0.326441|    0.009187|
|        1234|   -9.503414|   -8.950810|    0.326441|    0.009187|
|        1235|   -9.515749|   -8.963156|    0.326441|    0.009187|
|        1236|   -9.528054|   -8.975471|    0.326441|    0.009187|
|        1237|   -9.540331|   -8.987758|    0.326441|    0.009187|
|        1238|   -9.552581|   -9.000017|    0.326441|    0.009187|
|        1239|   -9.564804|   -9.012249|    0.326441|    0.009187|
|        1240|   -9.577001|   -9.024456|    0.326441|    0.009187|
|        1241|   -9.589174|   -9.036637|    0.326441|    0.009187|
|        1242|   -9.601324|   -9.048795|    0.326441|    0.009187|
|        1243|   -9.613450|   -9.060930|    0.326441|    0.009187|
|        1244|   -9.625555|   -9.073042|    0.326441|    0.009187|
|        1245|   -9.637639|   -9.085134|    0.326441|    0.009187|
|        1246|   -9.649702|   -9.097205|    0.326441|    0.009187|
|        1247|   -9.661747|   -9.109257|    0.326441|    0.009187|
|        1248|   -9.673774|   -9.121291|    0.326441|    0.009187|
|        1249|   -9.685784|   -9.133308|    0.326441|    0.009181|
+-----------------------------------------------------------------------+
|Fixed CL Mode (Finite Difference)       |Value                         |
+-----------------------------------------------------------------------+
|Delta CL / Delta AoA                    |0.440959                      |
|Delta CD / Delta CL                     |-0.0287335                    |
|Delta CMz / Delta CL                    |-0.0193883                    |
+-----------------------------------------------------------------------+
Writing Flow Meta-Data file: flow.meta

----------------------------- Solver Exit -------------------------------

Maximum number of iterations reached (ITER = 1250) before convergence.
+-----------------------------------------------------------------------+
|      Convergence Field     |     Value    |   Criterion  |  Converged |
+-----------------------------------------------------------------------+
|                    rms[Rho]|      -9.68578|         < -13|          No|
+-----------------------------------------------------------------------+
-------------------------------------------------------------------------

--------------------------- Finalizing Solver ---------------------------
Deleted CNumerics container.
Deleted CIntegration container.
Deleted CSolver container.
Deleted CIteration container.
Deleted CInterface container.
Deleted CGeometry container.
Deleted CFreeFormDefBox class.
Deleted CSurfaceMovement class.
Deleted CVolumetricMovement class.
Deleted CConfig container.
Deleted nInst container.
Deleted COutput class.
-------------------------------------------------------------------------

------------------------- Exit Success (SU2_CFD) ------------------------

