
-------------------------------------------------------------------------
|    ___ _   _ ___                                                      |
|   / __| | | |_  )   Release 8.3.0 "Harrier"                           |
|   \__ \ |_| |/ /                                                      |
|   |___/\___//___|   Suite (Computational Fluid Dynamics Code)         |
|                                                                       |
-------------------------------------------------------------------------
| SU2 Project Website: https://su2code.github.io                        |
|                                                                       |
| The SU2 Project is maintained by the SU2 Foundation                   |
| (http://su2foundation.org)                                            |
-------------------------------------------------------------------------
| Copyright 2012-2025, SU2 Contributors                                 |
|                                                                       |
| SU2 is free software; you can redistribute it and/or                  |
| modify it under the terms of the GNU Lesser General Public            |
| License as published by the Free Software Foundation; either          |
| version 2.1 of the License, or (at your option) any later version.    |
|                                                                       |
| SU2 is distributed in the hope that it will be useful,                |
| but WITHOUT ANY WARRANTY; without even the implied warranty of        |
| MERCHANTABILITY or FITNESS FOR A PARTICULAR PURPOSE. See the GNU      |
| Lesser General Public License for more details.                       |
|                                                                       |
| You should have received a copy of the GNU Lesser General Public      |
| License along with SU2. If not, see <http://www.gnu.org/licenses/>.   |
-------------------------------------------------------------------------

Parsing config file for zone 0

----------------- Physical Case Definition ( Zone 0 ) -------------------
Compressible Euler equations.
Mach number: 0.8.
Angle of attack (AoA): 1.25 deg, and angle of sideslip (AoS): 0 deg.
Fixed CL mode, target value: 0.326.
Reading and writing binary SU2 native restart files.
Read flow solution from: solution_flow.
Non-Dimensional simulation (P=1.0, Rho=1.0, T=1.0 at the farfield).
The reference area is 1 m^2.
The semi-span will be computed using the max y(3D) value.
The reference length is 1 m.
Reference origin for moment evaluation is (0.25, 0, 0).
Surface(s) where the force coefficients are evaluated: airfoil.

Surface(s) plotted in the output file: airfoil.
Surface(s) affected by the design variables: airfoil.
Input mesh file name: mesh_NACA0012_inv_deform.su2

--------------- Space Numerical Integration ( Zone 0 ) ------------------
Jameson-Schmidt-Turkel scheme (2nd order in space) for the flow inviscid terms.
JST viscous coefficients (2nd & 4th): 0.5, 0.02.
The method includes a grid stretching correction (p = 0.3).
Gradient for viscous and source terms: Green-Gauss.

--------------- Time Numerical Integration  ( Zone 0 ) ------------------
Local time stepping (steady state simulation).
Euler implicit method for the flow equations.
FGMRES is used for solving the linear system.
Using a LU-SGS preconditioning.
Convergence criteria of the linear solver: 0.0001.
Max number of linear iterations: 2.
V Multigrid Cycle, with 2 multigrid levels.
Damping factor for the residual restriction: 1.
Damping factor for the correction prolongation: 1.
No CFL adaptation.
+-------------------------------------------+
|  MG Level| Presmooth|PostSmooth|CorrectSmo|
+-------------------------------------------+
|         0|         1|         0|         0|
|         1|         2|         0|         0|
|         2|         3|         0|         0|
+-------------------------------------------+
Courant-Friedrichs-Lewy number:       10

------------------ Convergence Criteria  ( Zone 0 ) ---------------------
Maximum number of solver subiterations: 1250.
Begin convergence monitoring at iteration 10.
Residual minimum value: 1e-13.
Cauchy series min. value: 1e-06.
Number of Cauchy elements: 100.
Begin windowed time average at iteration 0.

-------------------- Output Information ( Zone 0 ) ----------------------
File writing frequency: 
+------------------------------------+
|                     File| Frequency|
+------------------------------------+
|                  RESTART|       250|
|                 PARAVIEW|       250|
|         SURFACE_PARAVIEW|       250|
|              SURFACE_CSV|       250|
+------------------------------------+
Writing the convergence history file every 1 inner iterations.
Writing the screen convergence history every 1 inner iterations.
The tabular file format is CSV (.csv).
Convergence history file name: history_direct.
Forces breakdown file name: forces_breakdown.dat.
Surface file name: surface_flow.
Volume file name: flow.
Restart file name: restart_flow.

------------- Config File Boundary Information ( Zone 0 ) ---------------
+-----------------------------------------------------------------------+
|                        Marker Type|                        Marker Name|
+-----------------------------------------------------------------------+
|                         Euler wall|                            airfoil|
+-----------------------------------------------------------------------+
|                          Far-field|                           farfield|
+-----------------------------------------------------------------------+

-------------------- Output Preprocessing ( Zone 0 ) --------------------

WARNING: SURFACE_PRESSURE_DROP can only be computed for at least 2 surfaces (outlet, inlet, ...)

Screen output fields: INNER_ITER, RMS_DENSITY, RMS_ENERGY, LIFT, DRAG
History output group(s): ITER, RMS_RES, AERO_COEFF
Convergence field(s): RMS_DENSITY
Warning: No (valid) fields chosen for time convergence monitoring. Time convergence monitoring inactive.
Volume output fields: COORDINATES, SOLUTION, PRIMITIVE

------------------- Geometry Preprocessing ( Zone 0 ) -------------------
Two dimensional problem.
5233 grid points.
10216 volume elements.
2 surface markers.
200 boundary elements in index 0 (Marker = airfoil).
50 boundary elements in index 1 (Marker = farfield).
10216 triangles.
Setting point connectivity.
Renumbering points (Reverse Cuthill McKee Ordering).
Recomputing point connectivity.
Setting element connectivity.
Checking the numerical grid orientation.
All volume elements are correctly oriented.
All surface elements are correctly oriented.
Identifying edges and vertices.
Setting the control volume structure.
Area of the computational grid: 1253.25.
Searching for the closest normal neighbors to the surfaces.
Storing a mapping from global to local point index.
Compute the surface curvature.
Max K: 7835.1. Mean K: 34.717. Standard deviation K: 494.415.
Checking for periodicity.
Computing mesh quality statistics for the dual control volumes.
+--------------------------------------------------------------+
|           Mesh Quality Metric|        Minimum|        Maximum|
+--------------------------------------------------------------+
|    Orthogonality Angle (deg.)|        62.9208|        89.6559|
|     CV Face Area Aspect Ratio|        1.00057|        7.18938|
|           CV Sub-Volume Ratio|        1.00204|        6.47468|
+--------------------------------------------------------------+
Setting the multigrid structure.
+-------------------------------------------+
|  MG Level|       CVs|Aggl. Rate|       CFL|
+-------------------------------------------+
|         0|      5233|    1/1.00|        10|
|         1|      1690|     1/3.1|   8.52431|
|         2|       649|     1/2.6|   7.92373|
+-------------------------------------------+
Finding max control volume width.
Wetted area = 2.04349 m.
Area projection in the x-plane = 0.116273 m, y-plane = 0.999845 m.
Max. coordinate in the x-direction = 1 m, y-direction = 0.0588468 m.
Min. coordinate in the x-direction = 0 m, y-direction = -0.0574469 m.
Computing wall distances.

-------------------- Solver Preprocessing ( Zone 0 ) --------------------
WARNING: AoA in the solution file (0.471332 deg.) +
         AoA offset in mesh file (0 deg.) = 0.471332 deg.
WARNING: SU2 will use the dCD/dCL provided in the direct solution file: -0.0287335.
WARNING: SU2 will use the dCMz/dCL provided in the direct solution file: -0.0193883.
Inviscid flow: Computing density based on free-stream
temperature and pressure using the ideal gas law.
Force coefficients computed using free-stream values.

-- Models:
+------------------------------------------------------------------------------+
|          Viscosity Model|        Conductivity Model|              Fluid Model|
+------------------------------------------------------------------------------+
|                        -|                         -|             STANDARD_AIR|
+------------------------------------------------------------------------------+
-- Fluid properties:
+------------------------------------------------------------------------------+
|                  Name|    Dim. value|    Ref. value|      Unit|Non-dim. value|
+------------------------------------------------------------------------------+
|          Gas Constant|       287.058|       287.058|  N.m/kg.K|             1|
|      Spec. Heat Ratio|             -|             -|         -|           1.4|
+------------------------------------------------------------------------------+
-- Initial and free-stream conditions:
+------------------------------------------------------------------------------+
|                  Name|    Dim. value|    Ref. value|      Unit|Non-dim. value|
+------------------------------------------------------------------------------+
|       Static Pressure|        101325|        101325|        Pa|             1|
|               Density|       1.22498|       1.22498|    kg/m^3|             1|
|           Temperature|        288.15|        288.15|         K|             1|
|          Total Energy|        243846|       82715.8|   m^2/s^2|         2.948|
|            Velocity-X|       272.228|       287.603|       m/s|      0.946541|
|            Velocity-Y|       2.23948|       287.603|       m/s|    0.00778669|
|    Velocity Magnitude|       272.238|       287.603|       m/s|      0.946573|
+------------------------------------------------------------------------------+
|           Mach Number|             -|             -|         -|           0.8|
+------------------------------------------------------------------------------+
Initialize Jacobian structure (Euler). MG level: 0.
Initialize Jacobian structure (Euler). MG level: 1.
Initialize Jacobian structure (Euler). MG level: 2.

------------------- Numerics Preprocessing ( Zone 0 ) -------------------

----------------- Integration Preprocessing ( Zone 0 ) ------------------

------------------- Iteration Preprocessing ( Zone 0 ) ------------------
Euler/Navier-Stokes/RANS fluid iteration.

------------------------------ Begin Solver -----------------------------

Simulation Run using the Single-zone Driver
WARNING: SU2 was not compiled for an AVX-capable architecture. Performance could be better,
         see https://su2code.github.io/docs_v7/Build-SU2-Linux-MacOS/#compiler-optimizations
WARNING: SU2 was not compiled for an AVX-capable architecture. Performance could be better,
         see https://su2code.github.io/docs_v7/Build-SU2-Linux-MacOS/#compiler-optimizations
WARNING: SU2 was not compiled for an AVX-capable architecture. Performance could be better,
         see https://su2code.github.io/docs_v7/Build-SU2-Linux-MacOS/#compiler-optimizations
+----------------------------------------------------------------+
|  Inner_Iter|    rms[Rho]|   rms[RhoE]|          CL|          CD|
+----------------------------------------------------------------+
|           0|   -5.368946|   -4.772565|    0.326628|    0.011920|
|           1|   -5.631593|   -5.034436|    0.326686|    0.010800|
|           2|   -5.546705|   -4.964307|    0.326838|    0.010345|
|           3|   -5.519250|   -4.934234|    0.326726|    0.010295|
|           4|   -5.463934|   -4.886542|    0.326756|    0.010068|
|           5|   -5.408152|   -4.838888|    0.327213|    0.009904|
|           6|   -5.374207|   -4.810367|    0.327465|    0.009801|
|           7|   -5.337358|   -4.775364|    0.327651|    0.009698|
|           8|   -5.300573|   -4.740625|    0.327934|    0.009592|
|           9|   -5.277751|   -4.720499|    0.328230|    0.009484|
|          10|   -5.258730|   -4.703270|    0.328528|    0.009386|
|          11|   -5.238430|   -4.684490|    0.328851|    0.009292|
|          12|   -5.218629|   -4.665876|    0.329208|    0.009197|
|          13|   -5.200604|   -4.648013|    0.329598|    0.009101|
|          14|   -5.184398|   -4.631482|    0.330004|    0.009006|
|          15|   -5.168586|   -4.615510|    0.330414|    0.008914|
|          16|   -5.153031|   -4.600124|    0.330829|    0.008825|
|          17|   -5.138392|   -4.585820|    0.331248|    0.008738|
|          18|   -5.125285|   -4.573015|    0.331671|    0.008653|
|          19|   -5.113840|   -4.561743|    0.332093|    0.008569|
|          20|   -5.103740|   -4.551693|    0.332513|    0.008487|
|          21|   -5.094969|   -4.542894|    0.332931|    0.008408|
|          22|   -5.087587|   -4.535423|    0.333339|    0.008333|
|          23|   -5.081670|   -4.529372|    0.333742|    0.008262|
|          24|   -5.077404|   -4.524905|    0.334139|    0.008196|
|          25|   -5.074856|   -4.522104|    0.334529|    0.008134|
|          26|   -5.074004|   -4.521007|    0.334913|    0.008078|
|          27|   -5.074360|   -4.521127|    0.335292|    0.008026|
|          28|   -5.075647|   -4.522192|    0.335667|    0.007979|
|          29|   -5.077586|   -4.523938|    0.336038|    0.007936|
|          30|   -5.080075|   -4.526269|    0.336411|    0.007899|
|          31|   -5.083205|   -4.529283|    0.336790|    0.007866|
|          32|   -5.086472|   -4.532418|    0.337174|    0.007838|
|          33|   -5.089764|   -4.535590|    0.337561|    0.007811|
|          34|   -5.092711|   -4.538462|    0.337948|    0.007786|
|          35|   -5.095414|   -4.541107|    0.338334|    0.007762|
|          36|   -5.098084|   -4.543629|    0.338723|    0.007738|
|          37|   -5.101139|   -4.546421|    0.339116|    0.007714|
|          38|   -5.104782|   -4.549761|    0.339512|    0.007690|
|          39|   -5.108928|   -4.553615|    0.339916|    0.007664|
|          40|   -5.113773|   -4.558217|    0.340332|    0.007639|
|          41|   -5.119578|   -4.563849|    0.340758|    0.007612|
|          42|   -5.126445|   -4.570679|    0.341186|    0.007585|
|          43|   -5.134113|   -4.578411|    0.341616|    0.007557|
|          44|   -5.142507|   -4.586983|    0.342052|    0.007529|
|          45|   -5.152087|   -4.597014|    0.342482|    0.007500|
|          46|   -5.161750|   -4.607387|    0.342909|    0.007473|
|          47|   -5.170339|   -4.616700|    0.343338|    0.007445|
|          48|   -5.177252|   -4.624269|    0.343768|    0.007419|
|          49|   -5.182225|   -4.629800|    0.344198|    0.007393|
|          50|   -5.185370|   -4.633318|    0.344627|    0.007368|
|          51|   -5.187173|   -4.635301|    0.345065|    0.006784|
+-----------------------------------------------------------------------+
|Fixed CL Mode                           |Value                         |
+-----------------------------------------------------------------------+
|Current CL                              |0.345065                      |
|Target CL                               |0.326                         |
|Previous AOA                            |0.471332                      |
|Changed AoA by                          |-0.0931348                    |
+-----------------------------------------------------------------------+
+----------------------------------------------------------------+
|  Inner_Iter|    rms[Rho]|   rms[RhoE]|          CL|          CD|
+----------------------------------------------------------------+
|          52|   -3.842401|   -3.235847|    0.345453|    0.006761|
|          53|   -4.139075|   -3.528801|    0.345190|    0.006738|
|          54|   -4.378581|   -3.785705|    0.342899|    0.006695|
|          55|   -4.570284|   -3.962348|    0.339217|    0.006637|
|          56|   -4.720481|   -4.125686|    0.335924|    0.006611|
|          57|   -4.807317|   -4.215121|    0.334186|    0.006588|
|          58|   -4.922408|   -4.331010|    0.333974|    0.006566|
|          59|   -4.950945|   -4.358310|    0.334244|    0.006543|
|          60|   -4.997512|   -4.404351|    0.334078|    0.006503|
|          61|   -5.091207|   -4.506064|    0.333543|    0.006467|
|          62|   -5.151931|   -4.574983|    0.332986|    0.006440|
|          63|   -5.179040|   -4.600822|    0.332516|    0.006419|
|          64|   -5.225704|   -4.648055|    0.332108|    0.006402|
|          65|   -5.284986|   -4.712855|    0.331756|    0.006392|
|          66|   -5.329660|   -4.761803|    0.331462|    0.006389|
|          67|   -5.364867|   -4.797717|    0.331197|    0.006392|
|          68|   -5.399430|   -4.831891|    0.330922|    0.006398|
|          69|   -5.432621|   -4.865163|    0.330630|    0.006409|
|          70|   -5.464123|   -4.897558|    0.330337|    0.006425|
|          71|   -5.494952|   -4.929810|    0.330050|    0.006446|
|          72|   -5.524126|   -4.960447|    0.329762|    0.006471|
|          73|   -5.549862|   -4.987383|    0.329466|    0.006500|
|          74|   -5.571386|   -5.009976|    0.329166|    0.006532|
|          75|   -5.588896|   -5.028686|    0.328867|    0.006566|
|          76|   -5.602616|   -5.043717|    0.328570|    0.006602|
|          77|   -5.612327|   -5.054684|    0.328272|    0.006638|
|          78|   -5.617768|   -5.061245|    0.327973|    0.006675|
|          79|   -5.619038|   -5.063512|    0.327677|    0.006712|
|          80|   -5.616576|   -5.061946|    0.327386|    0.006749|
|          81|   -5.610999|   -5.057142|    0.327100|    0.006785|
|          82|   -5.602939|   -5.049684|    0.326821|    0.006821|
|          83|   -5.593047|   -5.040195|    0.326549|    0.006857|
|          84|   -5.581927|   -5.029297|    0.326283|    0.006891|
|          85|   -5.570055|   -5.017512|    0.326024|    0.006925|
|          86|   -5.557957|   -5.005426|    0.325771|    0.006957|
|          87|   -5.545995|   -4.993445|    0.325526|    0.006988|
|          88|   -5.534471|   -4.981913|    0.325287|    0.007019|
|          89|   -5.523564|   -4.971024|    0.325056|    0.007049|
|          90|   -5.513392|   -4.960896|    0.324831|    0.007078|
|          91|   -5.503998|   -4.951595|    0.324611|    0.007107|
|          92|   -5.495373|   -4.943108|    0.324397|    0.007135|
|          93|   -5.487460|   -4.935389|    0.324184|    0.007162|
|          94|   -5.480255|   -4.928444|    0.323975|    0.007189|
|          95|   -5.473731|   -4.922164|    0.323770|    0.007216|
|          96|   -5.468150|   -4.916873|    0.323568|    0.007243|
|          97|   -5.462967|   -4.912005|    0.323369|    0.007270|
|          98|   -5.458057|   -4.907398|    0.323172|    0.007297|
|          99|   -5.453458|   -4.903074|    0.322979|    0.007323|
|         100|   -5.449217|   -4.899079|    0.322788|    0.007350|
|         101|   -5.445298|   -4.895366|    0.322597|    0.007467|
+-----------------------------------------------------------------------+
|Fixed CL Mode                           |Value                         |
+-----------------------------------------------------------------------+
|Current CL                              |0.322597                      |
|Target CL                               |0.326                         |
|Previous AOA                            |0.378197                      |
|Changed AoA by                          |0.016061                      |
+-----------------------------------------------------------------------+
+----------------------------------------------------------------+
|  Inner_Iter|    rms[Rho]|   rms[RhoE]|          CL|          CD|
+----------------------------------------------------------------+
|         102|   -4.601454|   -3.995961|    0.322421|    0.007492|
|         103|   -4.886895|   -4.280163|    0.322362|    0.007519|
|         104|   -5.096290|   -4.510584|    0.322656|    0.007549|
|         105|   -5.235337|   -4.646492|    0.323201|    0.007582|
|         106|   -5.317446|   -4.745346|    0.323678|    0.007608|
|         107|   -5.353256|   -4.786749|    0.323879|    0.007633|
|         108|   -5.389647|   -4.828304|    0.323819|    0.007658|
|         109|   -5.397554|   -4.836921|    0.323680|    0.007682|
|         110|   -5.408500|   -4.849117|    0.323611|    0.007708|
|         111|   -5.425146|   -4.869558|    0.323606|    0.007733|
|         112|   -5.433736|   -4.880282|    0.323612|    0.007756|
|         113|   -5.438207|   -4.884849|    0.323603|    0.007777|
|         114|   -5.444862|   -4.891813|    0.323582|    0.007796|
|         115|   -5.452412|   -4.900063|    0.323551|    0.007813|
|         116|   -5.459102|   -4.907122|    0.323509|    0.007828|
|         117|   -5.465621|   -4.913692|    0.323461|    0.007842|
|         118|   -5.472894|   -4.920931|    0.323412|    0.007854|
|         119|   -5.480795|   -4.928739|    0.323365|    0.007864|
|         120|   -5.489404|   -4.937252|    0.323315|    0.007873|
|         121|   -5.499374|   -4.947185|    0.323264|    0.007880|
|         122|   -5.510019|   -4.957759|    0.323210|    0.007886|
|         123|   -5.521247|   -4.968918|    0.323156|    0.007890|
|         124|   -5.533044|   -4.980638|    0.323100|    0.007894|
|         125|   -5.546621|   -4.994224|    0.323043|    0.007896|
|         126|   -5.561133|   -5.008663|    0.322986|    0.007898|
|         127|   -5.576066|   -5.023521|    0.322928|    0.007899|
|         128|   -5.591288|   -5.038706|    0.322870|    0.007899|
|         129|   -5.606760|   -5.054147|    0.322811|    0.007899|
|         130|   -5.622482|   -5.069824|    0.322753|    0.007898|
|         131|   -5.638454|   -5.085728|    0.322693|    0.007897|
|         132|   -5.654657|   -5.101835|    0.322634|    0.007896|
|         133|   -5.671049|   -5.118100|    0.322574|    0.007895|
|         134|   -5.688037|   -5.134957|    0.322514|    0.007893|
|         135|   -5.705230|   -5.151958|    0.322455|    0.007891|
|         136|   -5.722539|   -5.169062|    0.322397|    0.007890|
|         137|   -5.740116|   -5.186428|    0.322340|    0.007888|
|         138|   -5.757972|   -5.204046|    0.322284|    0.007887|
|         139|   -5.775812|   -5.221611|    0.322228|    0.007885|
|         140|   -5.793712|   -5.239223|    0.322175|    0.007884|
|         141|   -5.811775|   -5.256967|    0.322122|    0.007882|
|         142|   -5.830076|   -5.274929|    0.322072|    0.007881|
|         143|   -5.848652|   -5.293164|    0.322023|    0.007880|
|         144|   -5.867575|   -5.311744|    0.321977|    0.007879|
|         145|   -5.886932|   -5.330755|    0.321932|    0.007877|
|         146|   -5.906821|   -5.350302|    0.321889|    0.007877|
|         147|   -5.927510|   -5.370661|    0.321849|    0.007876|
|         148|   -5.948745|   -5.391542|    0.321810|    0.007875|
|         149|   -5.970517|   -5.412973|    0.321773|    0.007874|
|         150|   -5.992864|   -5.435011|    0.321739|    0.007873|
|         151|   -6.015816|   -5.457668|    0.321703|    0.007992|
+-----------------------------------------------------------------------+
|Fixed CL Mode                           |Value                         |
+-----------------------------------------------------------------------+
|Current CL                              |0.321703                      |
|Target CL                               |0.326                         |
|Previous AOA                            |0.394258                      |
|Changed AoA by                          |0.0213072                     |
+-----------------------------------------------------------------------+
+----------------------------------------------------------------+
|  Inner_Iter|    rms[Rho]|   rms[RhoE]|          CL|          CD|
+----------------------------------------------------------------+
|         152|   -4.483324|   -3.876672|    0.321677|    0.007991|
|         153|   -4.780514|   -4.170037|    0.321803|    0.007991|
|         154|   -5.022478|   -4.429019|    0.322394|    0.007995|
|         155|   -5.219960|   -4.609927|    0.323300|    0.008003|
|         156|   -5.380413|   -4.782112|    0.324116|    0.008003|
|         157|   -5.475730|   -4.878561|    0.324577|    0.008003|
|         158|   -5.608372|   -5.008629|    0.324682|    0.008003|
|         159|   -5.639436|   -5.037849|    0.324678|    0.008003|
|         160|   -5.692803|   -5.089475|    0.324776|    0.008008|
|         161|   -5.810512|   -5.213090|    0.324957|    0.008012|
|         162|   -5.887146|   -5.298633|    0.325137|    0.008014|
|         163|   -5.912148|   -5.322667|    0.325293|    0.008014|
|         164|   -5.965651|   -5.377394|    0.325430|    0.008013|
|         165|   -6.032467|   -5.452894|    0.325550|    0.008010|
|         166|   -6.063990|   -5.492493|    0.325653|    0.008006|
|         167|   -6.072876|   -5.504694|    0.325746|    0.008000|
|         168|   -6.075186|   -5.509639|    0.325838|    0.007993|
|         169|   -6.069967|   -5.507751|    0.325931|    0.007985|
|         170|   -6.059097|   -5.500287|    0.326020|    0.007976|
|         171|   -6.045404|   -5.489506|    0.326104|    0.007966|
|         172|   -6.029452|   -5.475624|    0.326184|    0.007954|
|         173|   -6.011821|   -5.459209|    0.326263|    0.007942|
|         174|   -5.993762|   -5.441825|    0.326341|    0.007930|
|         175|   -5.976332|   -5.424781|    0.326416|    0.007917|
|         176|   -5.960111|   -5.408760|    0.326488|    0.007904|
|         177|   -5.945174|   -5.393849|    0.326560|    0.007891|
|         178|   -5.931540|   -5.380106|    0.326630|    0.007878|
|         179|   -5.919216|   -5.367598|    0.326699|    0.007865|
|         180|   -5.908372|   -5.356558|    0.326767|    0.007852|
|         181|   -5.898749|   -5.346736|    0.326834|    0.007840|
|         182|   -5.890374|   -5.338139|    0.326900|    0.007828|
|         183|   -5.883258|   -5.330788|    0.326965|    0.007816|
|         184|   -5.877334|   -5.324634|    0.327029|    0.007805|
|         185|   -5.872527|   -5.319609|    0.327093|    0.007795|
|         186|   -5.868886|   -5.315765|    0.327157|    0.007785|
|         187|   -5.866280|   -5.312967|    0.327220|    0.007776|
|         188|   -5.864641|   -5.311179|    0.327284|    0.007767|
|         189|   -5.863923|   -5.310345|    0.327347|    0.007759|
|         190|   -5.864068|   -5.310395|    0.327410|    0.007751|
|         191|   -5.864922|   -5.311174|    0.327474|    0.007743|
|         192|   -5.866480|   -5.312694|    0.327537|    0.007736|
|         193|   -5.868727|   -5.314915|    0.327601|    0.007729|
|         194|   -5.871619|   -5.317791|    0.327665|    0.007723|
|         195|   -5.875158|   -5.321345|    0.327728|    0.007717|
|         196|   -5.879339|   -5.325562|    0.327792|    0.007711|
|         197|   -5.884140|   -5.330385|    0.327856|    0.007705|
|         198|   -5.889356|   -5.335616|    0.327919|    0.007699|
|         199|   -5.894899|   -5.341184|    0.327983|    0.007694|
|         200|   -5.900751|   -5.347064|    0.328046|    0.007689|
|         201|   -5.907012|   -5.353386|    0.328111|    0.007625|
+-----------------------------------------------------------------------+
|Fixed CL Mode                           |Value                         |
+-----------------------------------------------------------------------+
|Current CL                              |0.328111                      |
|Target CL                               |0.326                         |
|Previous AOA                            |0.415565                      |
|Changed AoA by                          |-0.0102319                    |
+-----------------------------------------------------------------------+
+----------------------------------------------------------------+
|  Inner_Iter|    rms[Rho]|   rms[RhoE]|          CL|          CD|
+----------------------------------------------------------------+
|         202|   -4.800665|   -4.194318|    0.328171|    0.007620|
|         203|   -5.095178|   -4.485557|    0.328158|    0.007615|
|         204|   -5.328632|   -4.737125|    0.327922|    0.007608|
|         205|   -5.509000|   -4.905287|    0.327533|    0.007599|
|         206|   -5.642089|   -5.053173|    0.327188|    0.007594|
|         207|   -5.715093|   -5.130243|    0.327016|    0.007589|
|         208|   -5.804422|   -5.223283|    0.327011|    0.007585|
|         209|   -5.828134|   -5.246595|    0.327059|    0.007580|
|         210|   -5.862909|   -5.282184|    0.327061|    0.007574|
|         211|   -5.924229|   -5.351538|    0.327024|    0.007568|
|         212|   -5.962573|   -5.396027|    0.326982|    0.007564|
|         213|   -5.982709|   -5.415880|    0.326949|    0.007560|
|         214|   -6.011956|   -5.445966|    0.326924|    0.007557|
|         215|   -6.046204|   -5.483356|    0.326906|    0.007554|
|         216|   -6.074577|   -5.513825|    0.326895|    0.007553|
|         217|   -6.099890|   -5.539637|    0.326887|    0.007552|
|         218|   -6.125491|   -5.565229|    0.326880|    0.007552|
|         219|   -6.151465|   -5.591284|    0.326871|    0.007552|
|         220|   -6.177938|   -5.618053|    0.326862|    0.007553|
|         221|   -6.205247|   -5.645754|    0.326855|    0.007554|
|         222|   -6.233216|   -5.674054|    0.326847|    0.007556|
|         223|   -6.261540|   -5.702502|    0.326839|    0.007558|
|         224|   -6.289979|   -5.730911|    0.326830|    0.007561|
|         225|   -6.318853|   -5.759753|    0.326821|    0.007564|
|         226|   -6.348296|   -5.789166|    0.326813|    0.007568|
|         227|   -6.378230|   -5.819016|    0.326803|    0.007571|
|         228|   -6.408440|   -5.849085|    0.326793|    0.007574|
|         229|   -6.438641|   -5.879127|    0.326782|    0.007578|
|         230|   -6.468514|   -5.908878|    0.326771|    0.007581|
|         231|   -6.497680|   -5.937995|    0.326760|    0.007585|
|         232|   -6.525664|   -5.966004|    0.326749|    0.007588|
|         233|   -6.551941|   -5.992365|    0.326737|    0.007591|
|         234|   -6.576020|   -6.016574|    0.326725|    0.007594|
|         235|   -6.597492|   -6.038225|    0.326713|    0.007597|
|         236|   -6.616059|   -6.057035|    0.326701|    0.007599|
|         237|   -6.631565|   -6.072863|    0.326688|    0.007602|
|         238|   -6.644194|   -6.085945|    0.326676|    0.007604|
|         239|   -6.653957|   -6.096305|    0.326664|    0.007606|
|         240|   -6.661057|   -6.104100|    0.326652|    0.007608|
|         241|   -6.665889|   -6.109674|    0.326640|    0.007610|
|         242|   -6.668770|   -6.113333|    0.326628|    0.007612|
|         243|   -6.669996|   -6.115363|    0.326615|    0.007614|
|         244|   -6.669854|   -6.116028|    0.326601|    0.007616|
|         245|   -6.668575|   -6.115530|    0.326588|    0.007617|
|         246|   -6.666366|   -6.114040|    0.326574|    0.007619|
|         247|   -6.663433|   -6.111739|    0.326559|    0.007620|
|         248|   -6.659974|   -6.108805|    0.326545|    0.007622|
|         249|   -6.656178|   -6.105419|    0.326530|    0.007623|
|         250|   -6.652220|   -6.101761|    0.326515|    0.007624|
+-----------------------------------------------------------------------+
|        File Writing Summary       |              Filename             |
+-----------------------------------------------------------------------+
|SU2 binary restart                 |restart_flow.dat                   |
Writing Flow Meta-Data file: flow.meta
|Paraview                           |flow.vtu                           |
Writing Flow Meta-Data file: flow.meta
|Paraview surface                   |surface_flow.vtu                   |
Writing Flow Meta-Data file: flow.meta
|CSV file                           |surface_flow.csv                   |
Writing Flow Meta-Data file: flow.meta
+-----------------------------------------------------------------------+
+----------------------------------------------------------------+
|  Inner_Iter|    rms[Rho]|   rms[RhoE]|          CL|          CD|
+----------------------------------------------------------------+
|         251|   -6.648256|   -6.097997|    0.326500|    0.007611|
+-----------------------------------------------------------------------+
|Fixed CL Mode                           |Value                         |
+-----------------------------------------------------------------------+
|Current CL                              |0.3265                        |
|Target CL                               |0.326                         |
|Previous AOA                            |0.405333                      |
|Changed AoA by                          |-0.00257554                   |
+-----------------------------------------------------------------------+
+----------------------------------------------------------------+
|  Inner_Iter|    rms[Rho]|   rms[RhoE]|          CL|          CD|
+----------------------------------------------------------------+
|         252|   -5.400624|   -4.793998|    0.326485|    0.007613|
|         253|   -5.695253|   -5.085577|    0.326451|    0.007614|
|         254|   -5.932741|   -5.340798|    0.326362|    0.007615|
|         255|   -6.119426|   -5.513735|    0.326235|    0.007615|
|         256|   -6.261697|   -5.670203|    0.326119|    0.007616|
|         257|   -6.335482|   -5.748284|    0.326045|    0.007618|
|         258|   -6.421920|   -5.839422|    0.326016|    0.007619|
|         259|   -6.432947|   -5.851942|    0.326000|    0.007620|
|         260|   -6.454438|   -5.876316|    0.325972|    0.007621|
|         261|   -6.496096|   -5.927751|    0.325934|    0.007622|
|         262|   -6.511137|   -5.949478|    0.325897|    0.007623|
|         263|   -6.509929|   -5.949344|    0.325864|    0.007624|
|         264|   -6.514647|   -5.956392|    0.325834|    0.007625|
|         265|   -6.518409|   -5.963269|    0.325806|    0.007627|
|         266|   -6.515715|   -5.962083|    0.325781|    0.007629|
|         267|   -6.510582|   -5.957488|    0.325758|    0.007631|
|         268|   -6.505500|   -5.952820|    0.325735|    0.007633|
|         269|   -6.500507|   -5.948172|    0.325712|    0.007635|
|         270|   -6.495602|   -5.943560|    0.325691|    0.007637|
|         271|   -6.490830|   -5.939026|    0.325670|    0.007639|
|         272|   -6.486156|   -5.934478|    0.325650|    0.007642|
|         273|   -6.481710|   -5.930036|    0.325630|    0.007645|
|         274|   -6.477626|   -5.925910|    0.325611|    0.007647|
|         275|   -6.473966|   -5.922208|    0.325593|    0.007650|
|         276|   -6.470765|   -5.918961|    0.325574|    0.007653|
|         277|   -6.468044|   -5.916180|    0.325557|    0.007655|
|         278|   -6.465814|   -5.913872|    0.325539|    0.007658|
|         279|   -6.464065|   -5.912031|    0.325522|    0.007661|
|         280|   -6.462816|   -5.910684|    0.325505|    0.007663|
|         281|   -6.462068|   -5.909838|    0.325489|    0.007666|
|         282|   -6.461817|   -5.909490|    0.325473|    0.007668|
|         283|   -6.462056|   -5.909632|    0.325457|    0.007671|
|         284|   -6.462779|   -5.910259|    0.325441|    0.007673|
|         285|   -6.463977|   -5.911364|    0.325425|    0.007675|
|         286|   -6.465643|   -5.912941|    0.325410|    0.007677|
|         287|   -6.467766|   -5.914979|    0.325394|    0.007679|
|         288|   -6.470333|   -5.917468|    0.325379|    0.007681|
|         289|   -6.473329|   -5.920391|    0.325364|    0.007683|
|         290|   -6.476737|   -5.923734|    0.325349|    0.007685|
|         291|   -6.480541|   -5.927476|    0.325335|    0.007687|
|         292|   -6.484719|   -5.931600|    0.325320|    0.007688|
|         293|   -6.489252|   -5.936084|    0.325305|    0.007690|
|         294|   -6.494120|   -5.940906|    0.325291|    0.007691|
|         295|   -6.499302|   -5.946046|    0.325276|    0.007693|
|         296|   -6.504778|   -5.951484|    0.325262|    0.007694|
|         297|   -6.510530|   -5.957199|    0.325247|    0.007696|
|         298|   -6.516539|   -5.963172|    0.325233|    0.007697|
|         299|   -6.522787|   -5.969386|    0.325219|    0.007698|
|         300|   -6.529260|   -5.975823|    0.325204|    0.007699|
|         301|   -6.535942|   -5.982470|    0.325190|    0.007723|
+-----------------------------------------------------------------------+
|Fixed CL Mode                           |Value                         |
+-----------------------------------------------------------------------+
|Current CL                              |0.32519                       |
|Target CL                               |0.326                         |
|Previous AOA                            |0.402757                      |
|Changed AoA by                          |0.00397813                    |
+-----------------------------------------------------------------------+
+----------------------------------------------------------------+
|  Inner_Iter|    rms[Rho]|   rms[RhoE]|          CL|          CD|
+----------------------------------------------------------------+
|         302|   -5.211827|   -4.605267|    0.325177|    0.007724|
|         303|   -5.508344|   -4.898097|    0.325193|    0.007725|
|         304|   -5.747762|   -5.154886|    0.325295|    0.007727|
|         305|   -5.939760|   -5.331747|    0.325456|    0.007730|
|         306|   -6.090731|   -5.495753|    0.325600|    0.007731|
|         307|   -6.178133|   -5.585619|    0.325677|    0.007732|
|         308|   -6.294117|   -5.702151|    0.325689|    0.007733|
|         309|   -6.322822|   -5.729558|    0.325680|    0.007734|
|         310|   -6.369228|   -5.775439|    0.325689|    0.007736|
|         311|   -6.462733|   -5.876981|    0.325714|    0.007738|
|         312|   -6.523097|   -5.945660|    0.325739|    0.007739|
|         313|   -6.549578|   -5.971117|    0.325760|    0.007740|
|         314|   -6.595648|   -6.017873|    0.325778|    0.007740|
|         315|   -6.653984|   -6.081585|    0.325793|    0.007740|
|         316|   -6.697579|   -6.129265|    0.325804|    0.007740|
|         317|   -6.732349|   -6.164731|    0.325814|    0.007740|
|         318|   -6.767169|   -6.199291|    0.325825|    0.007739|
|         319|   -6.800577|   -6.233019|    0.325835|    0.007739|
|         320|   -6.831837|   -6.265460|    0.325845|    0.007738|
|         321|   -6.861707|   -6.297054|    0.325854|    0.007736|
|         322|   -6.888771|   -6.325891|    0.325863|    0.007735|
|         323|   -6.910754|   -6.349375|    0.325872|    0.007733|
|         324|   -6.926842|   -6.366826|    0.325881|    0.007731|
|         325|   -6.937297|   -6.378736|    0.325890|    0.007729|
|         326|   -6.942473|   -6.385388|    0.325898|    0.007727|
|         327|   -6.942771|   -6.386988|    0.325907|    0.007725|
|         328|   -6.938805|   -6.384064|    0.325915|    0.007723|
|         329|   -6.931426|   -6.377497|    0.325924|    0.007721|
|         330|   -6.921621|   -6.368337|    0.325932|    0.007719|
|         331|   -6.910304|   -6.357527|    0.325940|    0.007717|
|         332|   -6.898211|   -6.345804|    0.325948|    0.007715|
|         333|   -6.885923|   -6.333748|    0.325956|    0.007714|
|         334|   -6.873893|   -6.321840|    0.325964|    0.007712|
|         335|   -6.862457|   -6.310450|    0.325972|    0.007710|
|         336|   -6.851842|   -6.299837|    0.325981|    0.007709|
|         337|   -6.842185|   -6.290163|    0.325989|    0.007707|
|         338|   -6.833555|   -6.281515|    0.325997|    0.007706|
|         339|   -6.825969|   -6.273920|    0.326005|    0.007705|
|         340|   -6.819405|   -6.267364|    0.326014|    0.007703|
|         341|   -6.813818|   -6.261800|    0.326022|    0.007702|
|         342|   -6.809145|   -6.257164|    0.326031|    0.007701|
|         343|   -6.805317|   -6.253382|    0.326039|    0.007700|
|         344|   -6.802262|   -6.250380|    0.326048|    0.007699|
|         345|   -6.799912|   -6.248082|    0.326057|    0.007698|
|         346|   -6.798199|   -6.246416|    0.326066|    0.007697|
|         347|   -6.797064|   -6.245319|    0.326075|    0.007696|
|         348|   -6.796457|   -6.244736|    0.326084|    0.007696|
|         349|   -6.796335|   -6.244623|    0.326093|    0.007695|
|         350|   -6.796664|   -6.244944|    0.326102|    0.007694|
|         351|   -6.797416|   -6.245672|    0.326112|    0.007690|
+-----------------------------------------------------------------------+
|Fixed CL Mode                           |Value                         |
+-----------------------------------------------------------------------+
|Current CL                              |0.326112                      |
|Target CL                               |0.326                         |
|Previous AOA                            |0.406736                      |
|Changed AoA by                          |-0.000512058                  |
+-----------------------------------------------------------------------+
+----------------------------------------------------------------+
|  Inner_Iter|    rms[Rho]|   rms[RhoE]|          CL|          CD|
+----------------------------------------------------------------+
|         352|   -6.093706|   -5.489123|    0.326120|    0.007690|
|         353|   -6.369517|   -5.765619|    0.326126|    0.007689|
|         354|   -6.558677|   -5.977140|    0.326120|    0.007688|
|         355|   -6.672678|   -6.091293|    0.326106|    0.007687|
|         356|   -6.734790|   -6.167460|    0.326094|    0.007686|
|         357|   -6.762985|   -6.199724|    0.326091|    0.007686|
|         358|   -6.791473|   -6.231690|    0.326096|    0.007685|
|         359|   -6.801654|   -6.242207|    0.326104|    0.007684|
|         360|   -6.813985|   -6.255229|    0.326109|    0.007683|
|         361|   -6.830592|   -6.274254|    0.326112|    0.007683|
|         362|   -6.842179|   -6.287208|    0.326115|    0.007682|
|         363|   -6.851111|   -6.296155|    0.326117|    0.007682|
|         364|   -6.861658|   -6.306823|    0.326121|    0.007681|
|         365|   -6.873158|   -6.318728|    0.326124|    0.007680|
|         366|   -6.884356|   -6.330167|    0.326128|    0.007680|
|         367|   -6.895558|   -6.341415|    0.326131|    0.007680|
|         368|   -6.907081|   -6.352905|    0.326135|    0.007679|
|         369|   -6.918942|   -6.364702|    0.326138|    0.007679|
|         370|   -6.931174|   -6.376864|    0.326141|    0.007679|
|         371|   -6.943826|   -6.389445|    0.326144|    0.007678|
|         372|   -6.956883|   -6.402424|    0.326147|    0.007678|
|         373|   -6.970300|   -6.415752|    0.326150|    0.007678|
|         374|   -6.984054|   -6.429409|    0.326153|    0.007678|
|         375|   -6.998145|   -6.443399|    0.326156|    0.007677|
|         376|   -7.012567|   -6.457720|    0.326158|    0.007677|
|         377|   -7.027307|   -6.472358|    0.326161|    0.007677|
|         378|   -7.042344|   -6.487293|    0.326163|    0.007677|
|         379|   -7.057660|   -6.502509|    0.326166|    0.007677|
|         380|   -7.073233|   -6.517986|    0.326168|    0.007677|
|         381|   -7.089046|   -6.533707|    0.326170|    0.007677|
|         382|   -7.105077|   -6.549650|    0.326172|    0.007676|
|         383|   -7.121309|   -6.565791|    0.326174|    0.007676|
|         384|   -7.137723|   -6.582115|    0.326176|    0.007676|
|         385|   -7.154308|   -6.598608|    0.326178|    0.007676|
|         386|   -7.171050|   -6.615259|    0.326180|    0.007676|
|         387|   -7.187940|   -6.632056|    0.326182|    0.007676|
|         388|   -7.204966|   -6.648992|    0.326184|    0.007676|
|         389|   -7.222121|   -6.666058|    0.326185|    0.007676|
|         390|   -7.239394|   -6.683246|    0.326187|    0.007675|
|         391|   -7.256777|   -6.700549|    0.326189|    0.007675|
|         392|   -7.274260|   -6.717956|    0.326190|    0.007675|
|         393|   -7.291832|   -6.735457|    0.326192|    0.007675|
|         394|   -7.309479|   -6.753039|    0.326193|    0.007675|
|         395|   -7.327187|   -6.770689|    0.326195|    0.007675|
|         396|   -7.344943|   -6.788390|    0.326196|    0.007675|
|         397|   -7.362730|   -6.806126|    0.326197|    0.007674|
|         398|   -7.380532|   -6.823881|    0.326199|    0.007674|
|         399|   -7.398333|   -6.841639|    0.326200|    0.007674|
|         400|   -7.416118|   -6.859383|    0.326201|    0.007674|
|         401|   -7.433872|   -6.877097|    0.326202|    0.007668|
+-----------------------------------------------------------------------+
|Fixed CL Mode                           |Value                         |
+-----------------------------------------------------------------------+
|Current CL                              |0.326202                      |
|Target CL                               |0.326                         |
|Previous AOA                            |0.406223                      |
|Changed AoA by                          |-0.00100473                   |
+-----------------------------------------------------------------------+
+----------------------------------------------------------------+
|  Inner_Iter|    rms[Rho]|   rms[RhoE]|          CL|          CD|
+----------------------------------------------------------------+
|         402|   -5.809871|   -5.203200|    0.326203|    0.007668|
|         403|   -6.107145|   -5.496652|    0.326197|    0.007668|
|         404|   -6.349382|   -5.755890|    0.326169|    0.007668|
|         405|   -6.547157|   -5.936974|    0.326126|    0.007667|
|         406|   -6.708113|   -6.109618|    0.326087|    0.007667|
|         407|   -6.803916|   -6.206561|    0.326065|    0.007667|
|         408|   -6.937372|   -6.337396|    0.326060|    0.007667|
|         409|   -6.968079|   -6.366265|    0.326060|    0.007667|
|         410|   -7.021421|   -6.417774|    0.326056|    0.007667|
|         411|   -7.140291|   -6.542355|    0.326047|    0.007666|
|         412|   -7.218537|   -6.629411|    0.326039|    0.007666|
|         413|   -7.244996|   -6.654606|    0.326032|    0.007666|
|         414|   -7.301978|   -6.712033|    0.326025|    0.007666|
|         415|   -7.376225|   -6.793868|    0.326020|    0.007666|
|         416|   -7.416865|   -6.841823|    0.326015|    0.007667|
|         417|   -7.435211|   -6.862758|    0.326011|    0.007667|
|         418|   -7.447954|   -6.877542|    0.326006|    0.007667|
|         419|   -7.452206|   -6.885182|    0.326002|    0.007667|
|         420|   -7.448763|   -6.885809|    0.325998|    0.007668|
|         421|   -7.440774|   -6.881643|    0.325994|    0.007668|
|         422|   -7.428696|   -6.872512|    0.325991|    0.007669|
|         423|   -7.413039|   -6.858788|    0.325987|    0.007669|
|         424|   -7.395481|   -6.842492|    0.325983|    0.007670|
|         425|   -7.377526|   -6.825428|    0.325980|    0.007671|
|         426|   -7.359990|   -6.808490|    0.325977|    0.007671|
|         427|   -7.343254|   -6.792093|    0.325973|    0.007672|
|         428|   -7.327505|   -6.776484|    0.325970|    0.007673|
|         429|   -7.312863|   -6.761859|    0.325967|    0.007673|
|         430|   -7.299413|   -6.748363|    0.325964|    0.007674|
|         431|   -7.287189|   -6.736061|    0.325960|    0.007674|
|         432|   -7.276180|   -6.724950|    0.325957|    0.007675|
|         433|   -7.266360|   -6.715007|    0.325954|    0.007676|
|         434|   -7.257701|   -6.706210|    0.325951|    0.007676|
|         435|   -7.250170|   -6.698536|    0.325948|    0.007677|
|         436|   -7.243725|   -6.691952|    0.325945|    0.007677|
|         437|   -7.238320|   -6.686419|    0.325942|    0.007678|
|         438|   -7.233903|   -6.681887|    0.325939|    0.007678|
|         439|   -7.230415|   -6.678303|    0.325936|    0.007678|
|         440|   -7.227798|   -6.675605|    0.325933|    0.007679|
|         441|   -7.225987|   -6.673731|    0.325930|    0.007679|
|         442|   -7.224921|   -6.672615|    0.325927|    0.007680|
|         443|   -7.224539|   -6.672195|    0.325924|    0.007680|
|         444|   -7.224783|   -6.672409|    0.325921|    0.007680|
|         445|   -7.225598|   -6.673200|    0.325918|    0.007681|
|         446|   -7.226934|   -6.674515|    0.325915|    0.007681|
|         447|   -7.228744|   -6.676305|    0.325912|    0.007681|
|         448|   -7.230988|   -6.678526|    0.325909|    0.007681|
|         449|   -7.233629|   -6.681141|    0.325906|    0.007682|
|         450|   -7.236636|   -6.684118|    0.325903|    0.007682|
|         451|   -7.239983|   -6.687430|    0.325900|    0.007685|
+-----------------------------------------------------------------------+
|Fixed CL Mode                           |Value                         |
+-----------------------------------------------------------------------+
|Current CL                              |0.3259                        |
|Target CL                               |0.326                         |
|Previous AOA                            |0.405219                      |
|Changed AoA by                          |0.000485982                   |
+-----------------------------------------------------------------------+
+----------------------------------------------------------------+
|  Inner_Iter|    rms[Rho]|   rms[RhoE]|          CL|          CD|
+----------------------------------------------------------------+
|         452|   -6.124041|   -5.517691|    0.325897|    0.007685|
|         453|   -6.418618|   -5.808987|    0.325897|    0.007686|
|         454|   -6.652106|   -6.060611|    0.325909|    0.007686|
|         455|   -6.832355|   -6.228712|    0.325927|    0.007686|
|         456|   -6.965028|   -6.376315|    0.325943|    0.007687|
|         457|   -7.037402|   -6.452882|    0.325952|    0.007687|
|         458|   -7.125602|   -6.544984|    0.325952|    0.007687|
|         459|   -7.148555|   -6.567631|    0.325950|    0.007687|
|         460|   -7.182449|   -6.602456|    0.325950|    0.007688|
|         461|   -7.242110|   -6.670234|    0.325951|    0.007688|
|         462|   -7.278945|   -6.713194|    0.325953|    0.007688|
|         463|   -7.298065|   -6.732098|    0.325955|    0.007688|
|         464|   -7.326010|   -6.760944|    0.325956|    0.007689|
|         465|   -7.358669|   -6.796704|    0.325957|    0.007689|
|         466|   -7.385693|   -6.825773|    0.325958|    0.007689|
|         467|   -7.409845|   -6.850439|    0.325958|    0.007689|
|         468|   -7.434279|   -6.874907|    0.325958|    0.007689|
|         469|   -7.459079|   -6.899801|    0.325959|    0.007689|
|         470|   -7.484454|   -6.925434|    0.325959|    0.007689|
|         471|   -7.510776|   -6.952086|    0.325959|    0.007689|
|         472|   -7.537866|   -6.979426|    0.325960|    0.007689|
|         473|   -7.565369|   -7.007012|    0.325960|    0.007689|
|         474|   -7.593238|   -7.034849|    0.325960|    0.007688|
|         475|   -7.621621|   -7.063179|    0.325961|    0.007688|
|         476|   -7.650572|   -7.092070|    0.325961|    0.007688|
|         477|   -7.679987|   -7.121388|    0.325961|    0.007688|
|         478|   -7.709660|   -7.150921|    0.325962|    0.007688|
|         479|   -7.739343|   -7.180451|    0.325962|    0.007688|
|         480|   -7.768772|   -7.209758|    0.325962|    0.007687|
|         481|   -7.797640|   -7.238561|    0.325963|    0.007687|
|         482|   -7.825563|   -7.266475|    0.325963|    0.007687|
|         483|   -7.852122|   -7.293063|    0.325964|    0.007687|
|         484|   -7.876925|   -7.317923|    0.325964|    0.007687|
|         485|   -7.899645|   -7.340730|    0.325965|    0.007687|
|         486|   -7.920035|   -7.361251|    0.325965|    0.007687|
|         487|   -7.937937|   -7.379349|    0.325966|    0.007686|
|         488|   -7.953303|   -7.394999|    0.325966|    0.007686|
|         489|   -7.966181|   -7.408267|    0.325967|    0.007686|
|         490|   -7.976698|   -7.419289|    0.325967|    0.007686|
|         491|   -7.985026|   -7.428234|    0.325968|    0.007686|
|         492|   -7.991365|   -7.435287|    0.325968|    0.007686|
|         493|   -7.995919|   -7.440627|    0.325969|    0.007686|
|         494|   -7.998891|   -7.444423|    0.325969|    0.007686|
|         495|   -8.000477|   -7.446834|    0.325970|    0.007686|
|         496|   -8.000864|   -7.448009|    0.325971|    0.007686|
|         497|   -8.000236|   -7.448101|    0.325971|    0.007686|
|         498|   -7.998773|   -7.447264|    0.325972|    0.007685|
|         499|   -7.996651|   -7.445660|    0.325973|    0.007685|
|         500|   -7.994043|   -7.443457|    0.325973|    0.007685|
+-----------------------------------------------------------------------+
|        File Writing Summary       |              Filename             |
+-----------------------------------------------------------------------+
|SU2 binary restart                 |restart_flow.dat                   |
Writing Flow Meta-Data file: flow.meta
|Paraview                           |flow.vtu                           |
Writing Flow Meta-Data file: flow.meta
|Paraview surface                   |surface_flow.vtu                   |
Writing Flow Meta-Data file: flow.meta
|CSV file                           |surface_flow.csv                   |
Writing Flow Meta-Data file: flow.meta
+-----------------------------------------------------------------------+
+----------------------------------------------------------------+
|  Inner_Iter|    rms[Rho]|   rms[RhoE]|          CL|          CD|
+----------------------------------------------------------------+
|         501|   -7.991115|   -7.440824|    0.325974|    0.007686|
+-----------------------------------------------------------------------+
|Fixed CL Mode                           |Value                         |
+-----------------------------------------------------------------------+
|Current CL                              |0.325974                      |
|Target CL                               |0.326                         |
|Previous AOA                            |0.405705                      |
|Changed AoA by                          |0.000133046                   |
+-----------------------------------------------------------------------+
+----------------------------------------------------------------+
|  Inner_Iter|    rms[Rho]|   rms[RhoE]|          CL|          CD|
+----------------------------------------------------------------+
|         502|   -6.687639|   -6.080986|    0.325975|    0.007686|
|         503|   -6.982822|   -6.372971|    0.325976|    0.007686|
|         504|   -7.221591|   -6.629289|    0.325981|    0.007686|
|         505|   -7.411086|   -6.804319|    0.325987|    0.007686|
|         506|   -7.557862|   -6.964790|    0.325993|    0.007686|
|         507|   -7.635789|   -7.046554|    0.325997|    0.007686|
|         508|   -7.729637|   -7.144339|    0.325999|    0.007686|
|         509|   -7.742375|   -7.158442|    0.325999|    0.007686|
|         510|   -7.766833|   -7.185660|    0.326001|    0.007686|
|         511|   -7.814808|   -7.243935|    0.326003|    0.007686|
|         512|   -7.832978|   -7.269508|    0.326004|    0.007686|
|         513|   -7.832211|   -7.269904|    0.326006|    0.007685|
|         514|   -7.838357|   -7.278689|    0.326008|    0.007685|
|         515|   -7.843436|   -7.287392|    0.326009|    0.007685|
|         516|   -7.840528|   -7.286233|    0.326010|    0.007685|
|         517|   -7.834635|   -7.280958|    0.326011|    0.007685|
|         518|   -7.828644|   -7.275439|    0.326013|    0.007685|
|         519|   -7.822768|   -7.269989|    0.326014|    0.007685|
|         520|   -7.817085|   -7.264660|    0.326015|    0.007685|
|         521|   -7.811632|   -7.259488|    0.326016|    0.007685|
|         522|   -7.806359|   -7.254398|    0.326017|    0.007685|
|         523|   -7.801326|   -7.249446|    0.326018|    0.007685|
|         524|   -7.796675|   -7.244815|    0.326019|    0.007684|
|         525|   -7.792510|   -7.240638|    0.326020|    0.007684|
|         526|   -7.788865|   -7.236958|    0.326020|    0.007684|
|         527|   -7.785748|   -7.233782|    0.326021|    0.007684|
|         528|   -7.783160|   -7.231115|    0.326022|    0.007684|
|         529|   -7.781103|   -7.228965|    0.326023|    0.007684|
|         530|   -7.779583|   -7.227345|    0.326024|    0.007684|
|         531|   -7.778597|   -7.226259|    0.326025|    0.007683|
|         532|   -7.778142|   -7.225703|    0.326025|    0.007683|
|         533|   -7.778207|   -7.225669|    0.326026|    0.007683|
|         534|   -7.778783|   -7.226147|    0.326027|    0.007683|
|         535|   -7.779859|   -7.227128|    0.326028|    0.007683|
|         536|   -7.781424|   -7.228602|    0.326028|    0.007683|
|         537|   -7.783464|   -7.230556|    0.326029|    0.007683|
|         538|   -7.785962|   -7.232975|    0.326030|    0.007683|
|         539|   -7.788901|   -7.235842|    0.326031|    0.007683|
|         540|   -7.792262|   -7.239137|    0.326031|    0.007683|
|         541|   -7.796023|   -7.242838|    0.326032|    0.007682|
|         542|   -7.800163|   -7.246924|    0.326033|    0.007682|
|         543|   -7.804659|   -7.251372|    0.326033|    0.007682|
|         544|   -7.809489|   -7.256159|    0.326034|    0.007682|
|         545|   -7.814631|   -7.261261|    0.326035|    0.007682|
|         546|   -7.820063|   -7.266657|    0.326036|    0.007682|
|         547|   -7.825765|   -7.272326|    0.326036|    0.007682|
|         548|   -7.831718|   -7.278246|    0.326037|    0.007682|
|         549|   -7.837902|   -7.284398|    0.326038|    0.007682|
|         550|   -7.844300|   -7.290766|    0.326038|    0.007682|
|         551|   -7.850898|   -7.297333|    0.326039|    0.007681|
+-----------------------------------------------------------------------+
|Fixed CL Mode                           |Value                         |
+-----------------------------------------------------------------------+
|Current CL                              |0.326039                      |
|Target CL                               |0.326                         |
|Previous AOA                            |0.405838                      |
|Changed AoA by                          |-0.000191319                  |
+-----------------------------------------------------------------------+
+----------------------------------------------------------------+
|  Inner_Iter|    rms[Rho]|   rms[RhoE]|          CL|          CD|
+----------------------------------------------------------------+
|         552|   -6.529742|   -5.923184|    0.326040|    0.007681|
|         553|   -6.826240|   -6.215998|    0.326039|    0.007681|
|         554|   -7.065601|   -6.472736|    0.326034|    0.007680|
|         555|   -7.257482|   -6.649509|    0.326026|    0.007680|
|         556|   -7.408261|   -6.813343|    0.326019|    0.007680|
|         557|   -7.495487|   -6.903057|    0.326016|    0.007680|
|         558|   -7.611090|   -7.019265|    0.326015|    0.007680|
|         559|   -7.639664|   -7.046562|    0.326015|    0.007680|
|         560|   -7.685814|   -7.092222|    0.326015|    0.007680|
|         561|   -7.778655|   -7.193128|    0.326014|    0.007680|
|         562|   -7.838487|   -7.261249|    0.326013|    0.007680|
|         563|   -7.864784|   -7.286546|    0.326012|    0.007680|
|         564|   -7.910422|   -7.332890|    0.326011|    0.007680|
|         565|   -7.968101|   -7.395911|    0.326010|    0.007680|
|         566|   -8.011278|   -7.443125|    0.326009|    0.007680|
|         567|   -8.045847|   -7.478384|    0.326009|    0.007680|
|         568|   -8.080548|   -7.512825|    0.326008|    0.007680|
|         569|   -8.113996|   -7.546565|    0.326008|    0.007680|
|         570|   -8.145522|   -7.579212|    0.326007|    0.007680|
|         571|   -8.175907|   -7.611245|    0.326007|    0.007680|
|         572|   -8.203795|   -7.640826|    0.326007|    0.007680|
|         573|   -8.226939|   -7.665399|    0.326006|    0.007680|
|         574|   -8.244466|   -7.684231|    0.326006|    0.007680|
|         575|   -8.256523|   -7.697705|    0.326005|    0.007680|
|         576|   -8.263327|   -7.705978|    0.326005|    0.007680|
|         577|   -8.265146|   -7.709119|    0.326004|    0.007681|
|         578|   -8.262484|   -7.707540|    0.326004|    0.007681|
|         579|   -8.256129|   -7.702050|    0.326004|    0.007681|
|         580|   -8.247051|   -7.693673|    0.326003|    0.007681|
|         581|   -8.236187|   -7.683370|    0.326003|    0.007681|
|         582|   -8.224315|   -7.671911|    0.326002|    0.007681|
|         583|   -8.212062|   -7.659925|    0.326002|    0.007681|
|         584|   -8.199930|   -7.647938|    0.326002|    0.007681|
|         585|   -8.188294|   -7.636361|    0.326001|    0.007681|
|         586|   -8.177413|   -7.625489|    0.326001|    0.007681|
|         587|   -8.167449|   -7.615511|    0.326000|    0.007681|
|         588|   -8.158488|   -7.606534|    0.326000|    0.007681|
|         589|   -8.150560|   -7.598597|    0.326000|    0.007682|
|         590|   -8.143653|   -7.591696|    0.325999|    0.007682|
|         591|   -8.137726|   -7.585790|    0.325999|    0.007682|
|         592|   -8.132721|   -7.580819|    0.325998|    0.007682|
|         593|   -8.128570|   -7.576713|    0.325998|    0.007682|
|         594|   -8.125202|   -7.573397|    0.325998|    0.007682|
|         595|   -8.122550|   -7.570795|    0.325997|    0.007682|
|         596|   -8.120547|   -7.568838|    0.325997|    0.007682|
|         597|   -8.119135|   -7.567463|    0.325996|    0.007682|
|         598|   -8.118263|   -7.566614|    0.325996|    0.007682|
|         599|   -8.117888|   -7.566246|    0.325995|    0.007682|
|         600|   -8.117972|   -7.566323|    0.325995|    0.007682|
|         601|   -8.118488|   -7.566815|    0.325995|    0.007682|
+-----------------------------------------------------------------------+
|Fixed CL Mode                           |Value                         |
+-----------------------------------------------------------------------+
|Current CL                              |0.325995                      |
|Target CL                               |0.326                         |
|Previous AOA                            |0.405646                      |
|Changed AoA by                          |2.51724e-05                   |
+-----------------------------------------------------------------------+
+----------------------------------------------------------------+
|  Inner_Iter|    rms[Rho]|   rms[RhoE]|          CL|          CD|
+----------------------------------------------------------------+
|         602|   -7.402582|   -6.797894|    0.325994|    0.007682|
|         603|   -7.679528|   -7.075297|    0.325994|    0.007682|
|         604|   -7.870894|   -7.288896|    0.325994|    0.007682|
|         605|   -7.987437|   -7.405288|    0.325995|    0.007682|
|         606|   -8.051448|   -7.483616|    0.325995|    0.007682|
|         607|   -8.080477|   -7.516825|    0.325996|    0.007682|
|         608|   -8.109841|   -7.549787|    0.325995|    0.007682|
|         609|   -8.120057|   -7.560352|    0.325995|    0.007683|
|         610|   -8.132521|   -7.573541|    0.325995|    0.007683|
|         611|   -8.149454|   -7.593006|    0.325995|    0.007683|
|         612|   -8.161120|   -7.606106|    0.325995|    0.007683|
|         613|   -8.169990|   -7.614996|    0.325994|    0.007683|
|         614|   -8.180541|   -7.625683|    0.325994|    0.007683|
|         615|   -8.192071|   -7.637647|    0.325994|    0.007683|
|         616|   -8.203260|   -7.649095|    0.325994|    0.007683|
|         617|   -8.214434|   -7.660324|    0.325994|    0.007683|
|         618|   -8.225935|   -7.671795|    0.325994|    0.007683|
|         619|   -8.237779|   -7.683580|    0.325993|    0.007683|
|         620|   -8.250004|   -7.695737|    0.325993|    0.007683|
|         621|   -8.262661|   -7.708326|    0.325993|    0.007683|
|         622|   -8.275732|   -7.721323|    0.325993|    0.007683|
|         623|   -8.289173|   -7.734676|    0.325993|    0.007683|
|         624|   -8.302962|   -7.748367|    0.325993|    0.007683|
|         625|   -8.317096|   -7.762401|    0.325993|    0.007683|
|         626|   -8.331573|   -7.776778|    0.325992|    0.007683|
|         627|   -8.346379|   -7.791481|    0.325992|    0.007683|
|         628|   -8.361494|   -7.806493|    0.325992|    0.007683|
|         629|   -8.376898|   -7.821795|    0.325992|    0.007683|
|         630|   -8.392571|   -7.837371|    0.325992|    0.007683|
|         631|   -8.408495|   -7.853201|    0.325992|    0.007683|
|         632|   -8.424648|   -7.869263|    0.325992|    0.007683|
|         633|   -8.441013|   -7.885536|    0.325992|    0.007683|
|         634|   -8.457572|   -7.902002|    0.325992|    0.007683|
|         635|   -8.474314|   -7.918648|    0.325992|    0.007683|
|         636|   -8.491226|   -7.935464|    0.325991|    0.007683|
|         637|   -8.508299|   -7.952441|    0.325991|    0.007683|
|         638|   -8.525524|   -7.969569|    0.325991|    0.007683|
|         639|   -8.542891|   -7.986843|    0.325991|    0.007683|
|         640|   -8.560394|   -8.004254|    0.325991|    0.007683|
|         641|   -8.578024|   -8.021797|    0.325991|    0.007683|
|         642|   -8.595771|   -8.039463|    0.325991|    0.007683|
|         643|   -8.613626|   -8.057240|    0.325991|    0.007683|
|         644|   -8.631575|   -8.075118|    0.325991|    0.007683|
|         645|   -8.649606|   -8.093083|    0.325991|    0.007683|
|         646|   -8.667703|   -8.111119|    0.325991|    0.007683|
|         647|   -8.685851|   -8.129210|    0.325991|    0.007683|
|         648|   -8.704034|   -8.147340|    0.325991|    0.007683|
|         649|   -8.722236|   -8.165490|    0.325991|    0.007683|
|         650|   -8.740438|   -8.183644|    0.325990|    0.007683|
|         651|   -8.758627|   -8.201787|    0.325990|    0.007683|
+-----------------------------------------------------------------------+
|Fixed CL Mode                           |Value                         |
+-----------------------------------------------------------------------+
|Current CL                              |0.32599                       |
|Target CL                               |0.326                         |
|Previous AOA                            |0.405672                      |
|Changed AoA by                          |4.76078e-05                   |
+-----------------------------------------------------------------------+
+----------------------------------------------------------------+
|  Inner_Iter|    rms[Rho]|   rms[RhoE]|          CL|          CD|
+----------------------------------------------------------------+
|         652|   -7.134245|   -6.527574|    0.325990|    0.007683|
|         653|   -7.431519|   -6.821026|    0.325991|    0.007683|
|         654|   -7.673765|   -7.080271|    0.325992|    0.007683|
|         655|   -7.871560|   -7.261370|    0.325994|    0.007683|
|         656|   -8.032557|   -7.434048|    0.325996|    0.007683|
|         657|   -8.128392|   -7.531016|    0.325997|    0.007683|
|         658|   -8.261919|   -7.661906|    0.325997|    0.007683|
|         659|   -8.292638|   -7.690785|    0.325997|    0.007683|
|         660|   -8.346010|   -7.742321|    0.325997|    0.007683|
|         661|   -8.464976|   -7.866989|    0.325998|    0.007683|
|         662|   -8.543248|   -7.954077|    0.325998|    0.007683|
|         663|   -8.569617|   -7.979195|    0.325999|    0.007683|
|         664|   -8.626497|   -8.036549|    0.325999|    0.007683|
|         665|   -8.700503|   -8.118198|    0.325999|    0.007683|
|         666|   -8.740703|   -8.165762|    0.325999|    0.007683|
|         667|   -8.758524|   -8.186215|    0.326000|    0.007683|
|         668|   -8.770681|   -8.200458|    0.326000|    0.007683|
|         669|   -8.774373|   -8.207556|    0.326000|    0.007683|
|         670|   -8.770467|   -8.207704|    0.326000|    0.007683|
|         671|   -8.762114|   -8.203139|    0.326000|    0.007683|
|         672|   -8.749784|   -8.193719|    0.326000|    0.007683|
|         673|   -8.733993|   -8.179829|    0.326001|    0.007683|
|         674|   -8.716395|   -8.163467|    0.326001|    0.007683|
|         675|   -8.698463|   -8.146405|    0.326001|    0.007683|
|         676|   -8.680989|   -8.129514|    0.326001|    0.007683|
|         677|   -8.664344|   -8.113194|    0.326001|    0.007683|
|         678|   -8.648702|   -8.097683|    0.326001|    0.007683|
|         679|   -8.634176|   -8.083169|    0.326002|    0.007683|
|         680|   -8.620847|   -8.069790|    0.326002|    0.007683|
|         681|   -8.608745|   -8.057607|    0.326002|    0.007683|
|         682|   -8.597857|   -8.046615|    0.326002|    0.007683|
|         683|   -8.588155|   -8.036788|    0.326002|    0.007683|
|         684|   -8.579611|   -8.028105|    0.326002|    0.007683|
|         685|   -8.572189|   -8.020540|    0.326002|    0.007683|
|         686|   -8.565848|   -8.014060|    0.326003|    0.007683|
|         687|   -8.560542|   -8.008625|    0.326003|    0.007683|
|         688|   -8.556217|   -8.004187|    0.326003|    0.007683|
|         689|   -8.552818|   -8.000690|    0.326003|    0.007683|
|         690|   -8.550283|   -7.998075|    0.326003|    0.007683|
|         691|   -8.548550|   -7.996278|    0.326003|    0.007683|
|         692|   -8.547557|   -7.995235|    0.326003|    0.007683|
|         693|   -8.547244|   -7.994883|    0.326004|    0.007683|
|         694|   -8.547553|   -7.995161|    0.326004|    0.007683|
|         695|   -8.548429|   -7.996013|    0.326004|    0.007683|
|         696|   -8.549823|   -7.997385|    0.326004|    0.007683|
|         697|   -8.551688|   -7.999230|    0.326004|    0.007683|
|         698|   -8.553983|   -8.001502|    0.326004|    0.007683|
|         699|   -8.556674|   -8.004167|    0.326004|    0.007683|
|         700|   -8.559728|   -8.007190|    0.326005|    0.007683|
|         701|   -8.563119|   -8.010545|    0.326005|    0.007682|
+-----------------------------------------------------------------------+
|Fixed CL Mode                           |Value                         |
+-----------------------------------------------------------------------+
|Current CL                              |0.326005                      |
|Target CL                               |0.326                         |
|Previous AOA                            |0.405719                      |
|Changed AoA by                          |-2.31947e-05                  |
+-----------------------------------------------------------------------+
+----------------------------------------------------------------+
|  Inner_Iter|    rms[Rho]|   rms[RhoE]|          CL|          CD|
+----------------------------------------------------------------+
|         702|   -7.445285|   -6.838931|    0.326005|    0.007682|
|         703|   -7.739891|   -7.130250|    0.326005|    0.007682|
|         704|   -7.973463|   -7.381948|    0.326004|    0.007682|
|         705|   -8.153875|   -7.550171|    0.326003|    0.007682|
|         706|   -8.286788|   -7.697993|    0.326003|    0.007682|
|         707|   -8.359352|   -7.774731|    0.326002|    0.007682|
|         708|   -8.447878|   -7.867130|    0.326002|    0.007682|
|         709|   -8.470908|   -7.889843|    0.326002|    0.007682|
|         710|   -8.504944|   -7.924799|    0.326002|    0.007682|
|         711|   -8.564939|   -7.992928|    0.326002|    0.007682|
|         712|   -8.601997|   -8.036139|    0.326002|    0.007682|
|         713|   -8.621202|   -8.055122|    0.326002|    0.007682|
|         714|   -8.649310|   -8.084132|    0.326002|    0.007682|
|         715|   -8.682181|   -8.120125|    0.326002|    0.007682|
|         716|   -8.709357|   -8.149363|    0.326002|    0.007682|
|         717|   -8.733626|   -8.174148|    0.326002|    0.007682|
|         718|   -8.758176|   -8.198730|    0.326002|    0.007682|
|         719|   -8.783092|   -8.223739|    0.326002|    0.007682|
|         720|   -8.808580|   -8.249489|    0.326002|    0.007682|
|         721|   -8.835018|   -8.276262|    0.326002|    0.007682|
|         722|   -8.862225|   -8.303723|    0.326002|    0.007682|
|         723|   -8.889839|   -8.331423|    0.326002|    0.007682|
|         724|   -8.917810|   -8.359364|    0.326002|    0.007682|
|         725|   -8.946287|   -8.387789|    0.326002|    0.007682|
|         726|   -8.975321|   -8.416766|    0.326002|    0.007682|
|         727|   -9.004804|   -8.446156|    0.326002|    0.007682|
|         728|   -9.034525|   -8.475742|    0.326002|    0.007682|
|         729|   -9.064225|   -8.505294|    0.326002|    0.007682|
|         730|   -9.093632|   -8.534586|    0.326002|    0.007682|
|         731|   -9.122427|   -8.563326|    0.326002|    0.007682|
|         732|   -9.150215|   -8.591118|    0.326002|    0.007682|
|         733|   -9.176566|   -8.617514|    0.326002|    0.007682|
|         734|   -9.201081|   -8.642104|    0.326002|    0.007682|
|         735|   -9.223434|   -8.664564|    0.326002|    0.007682|
|         736|   -9.243379|   -8.684661|    0.326002|    0.007682|
|         737|   -9.260772|   -8.702271|    0.326002|    0.007682|
|         738|   -9.275580|   -8.717383|    0.326002|    0.007682|
|         739|   -9.287874|   -8.730084|    0.326002|    0.007682|
|         740|   -9.297797|   -8.740526|    0.326002|    0.007682|
|         741|   -9.305544|   -8.748898|    0.326002|    0.007682|
|         742|   -9.311329|   -8.755400|    0.326001|    0.007682|
|         743|   -9.315372|   -8.760224|    0.326001|    0.007682|
|         744|   -9.317884|   -8.763551|    0.326001|    0.007682|
|         745|   -9.319067|   -8.765543|    0.326001|    0.007682|
|         746|   -9.319111|   -8.766358|    0.326001|    0.007682|
|         747|   -9.318200|   -8.766146|    0.326001|    0.007682|
|         748|   -9.316512|   -8.765064|    0.326001|    0.007682|
|         749|   -9.314219|   -8.763270|    0.326001|    0.007682|
|         750|   -9.311487|   -8.760926|    0.326001|    0.007682|
+-----------------------------------------------------------------------+
|        File Writing Summary       |              Filename             |
+-----------------------------------------------------------------------+
|SU2 binary restart                 |restart_flow.dat                   |
Writing Flow Meta-Data file: flow.meta
|Paraview                           |flow.vtu                           |
Writing Flow Meta-Data file: flow.meta
|Paraview surface                   |surface_flow.vtu                   |
Writing Flow Meta-Data file: flow.meta
|CSV file                           |surface_flow.csv                   |
Writing Flow Meta-Data file: flow.meta
+-----------------------------------------------------------------------+
+----------------------------------------------------------------+
|  Inner_Iter|    rms[Rho]|   rms[RhoE]|          CL|          CD|
+----------------------------------------------------------------+
|         751|   -9.308478|   -8.758197|    0.326001|    0.007682|
+-----------------------------------------------------------------------+
|Fixed CL Mode                           |Value                         |
+-----------------------------------------------------------------------+
|Current CL                              |0.326001                      |
|Target CL                               |0.326                         |
|Previous AOA                            |0.405696                      |
|Changed AoA by                          |-6.23211e-06                  |
+-----------------------------------------------------------------------+
+----------------------------------------------------------------+
|  Inner_Iter|    rms[Rho]|   rms[RhoE]|          CL|          CD|
+----------------------------------------------------------------+
|         752|   -8.016978|   -7.410329|    0.326001|    0.007682|
|         753|   -8.312051|   -7.702234|    0.326001|    0.007682|
|         754|   -8.550577|   -7.958344|    0.326001|    0.007682|
|         755|   -8.739542|   -8.132981|    0.326001|    0.007682|
|         756|   -8.885461|   -8.292694|    0.326000|    0.007682|
|         757|   -8.962564|   -8.373734|    0.326000|    0.007682|
|         758|   -9.054904|   -8.470182|    0.326000|    0.007682|
|         759|   -9.067255|   -8.483932|    0.326000|    0.007682|
|         760|   -9.091055|   -8.510522|    0.326000|    0.007682|
|         761|   -9.137636|   -8.567295|    0.326000|    0.007682|
|         762|   -9.155092|   -8.591991|    0.326000|    0.007682|
|         763|   -9.154221|   -8.592260|    0.326000|    0.007682|
|         764|   -9.160052|   -8.600660|    0.326000|    0.007682|
|         765|   -9.164843|   -8.608957|    0.326000|    0.007682|
|         766|   -9.161931|   -8.607731|    0.326000|    0.007682|
|         767|   -9.156149|   -8.602545|    0.325999|    0.007682|
|         768|   -9.150289|   -8.597138|    0.325999|    0.007682|
|         769|   -9.144560|   -8.591816|    0.325999|    0.007682|
|         770|   -9.139030|   -8.586626|    0.325999|    0.007682|
|         771|   -9.133731|   -8.581596|    0.325999|    0.007682|
|         772|   -9.128615|   -8.576654|    0.325999|    0.007682|
|         773|   -9.123740|   -8.571854|    0.325999|    0.007683|
|         774|   -9.119245|   -8.567375|    0.325999|    0.007683|
|         775|   -9.115229|   -8.563346|    0.325999|    0.007683|
|         776|   -9.111728|   -8.559808|    0.325999|    0.007683|
|         777|   -9.108748|   -8.556768|    0.325999|    0.007683|
|         778|   -9.106290|   -8.554230|    0.325999|    0.007683|
|         779|   -9.104357|   -8.552205|    0.325999|    0.007683|
|         780|   -9.102953|   -8.550702|    0.325999|    0.007683|
|         781|   -9.102079|   -8.549728|    0.325999|    0.007683|
|         782|   -9.101729|   -8.549278|    0.325999|    0.007683|
|         783|   -9.101893|   -8.549344|    0.325999|    0.007683|
|         784|   -9.102563|   -8.549917|    0.325999|    0.007683|
|         785|   -9.103729|   -8.550988|    0.325999|    0.007683|
|         786|   -9.105378|   -8.552547|    0.325999|    0.007683|
|         787|   -9.107497|   -8.554581|    0.325999|    0.007683|
|         788|   -9.110071|   -8.557075|    0.325999|    0.007683|
|         789|   -9.113081|   -8.560013|    0.325999|    0.007683|
|         790|   -9.116509|   -8.563376|    0.325999|    0.007683|
|         791|   -9.120334|   -8.567141|    0.325998|    0.007683|
|         792|   -9.124534|   -8.571288|    0.325998|    0.007683|
|         793|   -9.129088|   -8.575793|    0.325998|    0.007683|
|         794|   -9.133972|   -8.580634|    0.325998|    0.007683|
|         795|   -9.139167|   -8.585789|    0.325998|    0.007683|
|         796|   -9.144649|   -8.591236|    0.325998|    0.007683|
|         797|   -9.150400|   -8.596952|    0.325998|    0.007683|
|         798|   -9.156399|   -8.602919|    0.325998|    0.007683|
|         799|   -9.162628|   -8.609116|    0.325998|    0.007683|
|         800|   -9.169071|   -8.615528|    0.325998|    0.007683|
|         801|   -9.175711|   -8.622137|    0.325998|    0.007683|
+-----------------------------------------------------------------------+
|Fixed CL Mode                           |Value                         |
+-----------------------------------------------------------------------+
|Current CL                              |0.325998                      |
|Target CL                               |0.326                         |
|Previous AOA                            |0.40569                       |
|Changed AoA by                          |9.08815e-06                   |
+-----------------------------------------------------------------------+
+----------------------------------------------------------------+
|  Inner_Iter|    rms[Rho]|   rms[RhoE]|          CL|          CD|
+----------------------------------------------------------------+
|         802|   -7.853028|   -7.246469|    0.325998|    0.007683|
|         803|   -8.149534|   -7.539289|    0.325998|    0.007683|
|         804|   -8.388922|   -7.796051|    0.325998|    0.007683|
|         805|   -8.580859|   -7.972865|    0.325999|    0.007683|
|         806|   -8.731732|   -8.136782|    0.325999|    0.007683|
|         807|   -8.819040|   -8.226566|    0.325999|    0.007683|
|         808|   -8.934806|   -8.342911|    0.325999|    0.007683|
|         809|   -8.963413|   -8.370235|    0.325999|    0.007683|
|         810|   -9.009643|   -8.415962|    0.325999|    0.007683|
|         811|   -9.102724|   -8.517094|    0.325999|    0.007683|
|         812|   -9.162736|   -8.585403|    0.325999|    0.007683|
|         813|   -9.189080|   -8.610740|    0.325999|    0.007683|
|         814|   -9.234864|   -8.657223|    0.325999|    0.007683|
|         815|   -9.292764|   -8.720478|    0.326000|    0.007683|
|         816|   -9.336068|   -8.767836|    0.326000|    0.007683|
|         817|   -9.370692|   -8.803151|    0.326000|    0.007683|
|         818|   -9.405433|   -8.837632|    0.326000|    0.007683|
|         819|   -9.438883|   -8.871380|    0.326000|    0.007683|
|         820|   -9.470352|   -8.903987|    0.326000|    0.007683|
|         821|   -9.500625|   -8.935930|    0.326000|    0.007683|
|         822|   -9.528327|   -8.965350|    0.326000|    0.007683|
|         823|   -9.551200|   -8.989675|    0.326000|    0.007683|
|         824|   -9.568380|   -9.008181|    0.326000|    0.007683|
|         825|   -9.580041|   -9.021276|    0.326000|    0.007683|
|         826|   -9.586433|   -9.029146|    0.326000|    0.007683|
|         827|   -9.587853|   -9.031892|    0.326000|    0.007683|
|         828|   -9.584835|   -9.029954|    0.326000|    0.007683|
|         829|   -9.578184|   -9.024161|    0.326000|    0.007683|
|         830|   -9.568876|   -9.015546|    0.326000|    0.007683|
|         831|   -9.557845|   -9.005066|    0.326000|    0.007683|
|         832|   -9.545860|   -8.993486|    0.326000|    0.007683|
|         833|   -9.533539|   -8.981424|    0.326000|    0.007683|
|         834|   -9.521372|   -8.969395|    0.326000|    0.007683|
|         835|   -9.509727|   -8.957805|    0.326000|    0.007683|
|         836|   -9.498854|   -8.946938|    0.326000|    0.007683|
|         837|   -9.488910|   -8.936978|    0.326000|    0.007683|
|         838|   -9.479978|   -8.928027|    0.326000|    0.007683|
|         839|   -9.472084|   -8.920122|    0.326000|    0.007683|
|         840|   -9.465213|   -8.913255|    0.326000|    0.007683|
|         841|   -9.459324|   -8.907386|    0.326000|    0.007683|
|         842|   -9.454357|   -8.902452|    0.326000|    0.007683|
|         843|   -9.450245|   -8.898384|    0.326000|    0.007683|
|         844|   -9.446916|   -8.895105|    0.326000|    0.007683|
|         845|   -9.444301|   -8.892540|    0.326000|    0.007683|
|         846|   -9.442335|   -8.890619|    0.326000|    0.007683|
|         847|   -9.440960|   -8.889279|    0.326000|    0.007683|
|         848|   -9.440124|   -8.888465|    0.326000|    0.007683|
|         849|   -9.439783|   -8.888132|    0.326000|    0.007683|
|         850|   -9.439902|   -8.888242|    0.326000|    0.007683|
|         851|   -9.440451|   -8.888767|    0.326000|    0.007683|
|         852|   -9.441408|   -8.889685|    0.326000|    0.007683|
|         853|   -9.442757|   -8.890982|    0.326000|    0.007683|
|         854|   -9.444483|   -8.892646|    0.326000|    0.007683|
|         855|   -9.446577|   -8.894668|    0.326000|    0.007683|
|         856|   -9.449031|   -8.897043|    0.326000|    0.007683|
|         857|   -9.451836|   -8.899765|    0.326000|    0.007683|
|         858|   -9.454985|   -8.902827|    0.326000|    0.007683|
|         859|   -9.458469|   -8.906222|    0.326000|    0.007683|
|         860|   -9.462280|   -8.909942|    0.326000|    0.007683|
|         861|   -9.466407|   -8.913977|    0.326000|    0.007683|
|         862|   -9.470842|   -8.918319|    0.326000|    0.007683|
|         863|   -9.475572|   -8.922957|    0.326000|    0.007683|
|         864|   -9.480588|   -8.927881|    0.326001|    0.007683|
|         865|   -9.485880|   -8.933081|    0.326001|    0.007683|
|         866|   -9.491439|   -8.938547|    0.326001|    0.007683|
|         867|   -9.497254|   -8.944272|    0.326001|    0.007683|
|         868|   -9.503319|   -8.950247|    0.326001|    0.007683|
|         869|   -9.509625|   -8.956466|    0.326001|    0.007683|
|         870|   -9.516165|   -8.962921|    0.326001|    0.007683|
|         871|   -9.522933|   -8.969606|    0.326001|    0.007683|
|         872|   -9.529921|   -8.976515|    0.326001|    0.007683|
|         873|   -9.537125|   -8.983642|    0.326001|    0.007683|
|         874|   -9.544536|   -8.990979|    0.326001|    0.007683|
|         875|   -9.552149|   -8.998522|    0.326001|    0.007683|
|         876|   -9.559958|   -9.006262|    0.326001|    0.007683|
|         877|   -9.567955|   -9.014194|    0.326001|    0.007683|
|         878|   -9.576134|   -9.022310|    0.326001|    0.007683|
|         879|   -9.584489|   -9.030603|    0.326001|    0.007683|
|         880|   -9.593012|   -9.039066|    0.326001|    0.007683|
|         881|   -9.601698|   -9.047694|    0.326001|    0.007683|
|         882|   -9.610540|   -9.056479|    0.326001|    0.007683|
|         883|   -9.619531|   -9.065415|    0.326001|    0.007683|
|         884|   -9.628667|   -9.074498|    0.326001|    0.007683|
|         885|   -9.637940|   -9.083719|    0.326001|    0.007683|
|         886|   -9.647345|   -9.093075|    0.326001|    0.007683|
|         887|   -9.656877|   -9.102558|    0.326001|    0.007683|
|         888|   -9.666528|   -9.112164|    0.326001|    0.007683|
|         889|   -9.676294|   -9.121885|    0.326001|    0.007683|
|         890|   -9.686167|   -9.131716|    0.326001|    0.007683|
|         891|   -9.696142|   -9.141651|    0.326001|    0.007683|
|         892|   -9.706212|   -9.151683|    0.326001|    0.007683|
|         893|   -9.716371|   -9.161805|    0.326001|    0.007683|
|         894|   -9.726611|   -9.172012|    0.326001|    0.007683|
|         895|   -9.736927|   -9.182296|    0.326001|    0.007683|
|         896|   -9.747311|   -9.192650|    0.326001|    0.007683|
|         897|   -9.757758|   -9.203068|    0.326001|    0.007683|
|         898|   -9.768259|   -9.213543|    0.326001|    0.007683|
|         899|   -9.778808|   -9.224068|    0.326001|    0.007683|
|         900|   -9.789399|   -9.234636|    0.326001|    0.007683|
|         901|   -9.800025|   -9.245242|    0.326001|    0.007683|
+-----------------------------------------------------------------------+
|Fixed CL Mode                           |Value                         |
+-----------------------------------------------------------------------+
|Current CL                              |0.326001                      |
|Target CL                               |0.326                         |
|Previous AOA                            |0.405699                      |
|Changed AoA by                          |-4.31374e-06                  |
+-----------------------------------------------------------------------+
+----------------------------------------------------------------+
|  Inner_Iter|    rms[Rho]|   rms[RhoE]|          CL|          CD|
+----------------------------------------------------------------+
|         902|   -8.177054|   -7.570389|    0.326001|    0.007683|
|         903|   -8.474354|   -7.863859|    0.326001|    0.007683|
|         904|   -8.716478|   -8.123003|    0.326001|    0.007683|
|         905|   -8.914007|   -8.303914|    0.326001|    0.007683|
|         906|   -9.074386|   -8.476084|    0.326000|    0.007683|
|         907|   -9.169705|   -8.572643|    0.326000|    0.007683|
|         908|   -9.302225|   -8.702769|    0.326000|    0.007683|
|         909|   -9.332878|   -8.731599|    0.326000|    0.007683|
|         910|   -9.385873|   -8.782826|    0.326000|    0.007683|
|         911|   -9.503467|   -8.906308|    0.326000|    0.007683|
|         912|   -9.581213|   -8.992833|    0.326000|    0.007683|
|         913|   -9.608534|   -9.018726|    0.326000|    0.007683|
|         914|   -9.666253|   -9.076585|    0.326000|    0.007683|
|         915|   -9.742768|   -9.160129|    0.326000|    0.007683|
|         916|   -9.788431|   -9.212584|    0.326000|    0.007683|
|         917|   -9.813054|   -9.239284|    0.326000|    0.007683|
|         918|   -9.832916|   -9.260549|    0.326000|    0.007683|
|         919|   -9.844356|   -9.274946|    0.326000|    0.007683|
|         920|   -9.847313|   -9.281956|    0.326000|    0.007683|
|         921|   -9.844777|   -9.283535|    0.326000|    0.007683|
|         922|   -9.836902|   -9.279013|    0.326000|    0.007683|
|         923|   -9.823942|   -9.268354|    0.326000|    0.007683|
|         924|   -9.807787|   -9.253764|    0.326000|    0.007683|
|         925|   -9.790327|   -9.237458|    0.326000|    0.007683|
|         926|   -9.772677|   -9.220624|    0.326000|    0.007683|
|         927|   -9.755418|   -9.203867|    0.326000|    0.007683|
|         928|   -9.738873|   -9.187580|    0.326000|    0.007683|
|         929|   -9.723259|   -9.172067|    0.326000|    0.007683|
|         930|   -9.708736|   -9.157564|    0.326000|    0.007683|
|         931|   -9.695392|   -9.144194|    0.326000|    0.007683|
|         932|   -9.683249|   -9.131988|    0.326000|    0.007683|
|         933|   -9.672306|   -9.120949|    0.326000|    0.007683|
|         934|   -9.662548|   -9.111073|    0.326000|    0.007683|
|         935|   -9.653955|   -9.102351|    0.326000|    0.007683|
|         936|   -9.646492|   -9.094759|    0.326000|    0.007683|
|         937|   -9.640114|   -9.088261|    0.326000|    0.007683|
|         938|   -9.634771|   -9.082812|    0.326000|    0.007683|
|         939|   -9.630403|   -9.078355|    0.326000|    0.007683|
|         940|   -9.626947|   -9.074828|    0.326000|    0.007683|
|         941|   -9.624337|   -9.072163|    0.326000|    0.007683|
|         942|   -9.622506|   -9.070291|    0.326000|    0.007683|
|         943|   -9.621389|   -9.069146|    0.326000|    0.007683|
|         944|   -9.620926|   -9.068662|    0.326000|    0.007683|
|         945|   -9.621056|   -9.068777|    0.326000|    0.007683|
|         946|   -9.621728|   -9.069436|    0.326000|    0.007683|
|         947|   -9.622893|   -9.070587|    0.326000|    0.007683|
|         948|   -9.624507|   -9.072184|    0.326000|    0.007683|
|         949|   -9.626535|   -9.074189|    0.326000|    0.007683|
|         950|   -9.628943|   -9.076569|    0.326000|    0.007683|
|         951|   -9.631705|   -9.079296|    0.326000|    0.007683|
|         952|   -9.634798|   -9.082349|    0.326000|    0.007683|
|         953|   -9.638205|   -9.085708|    0.326000|    0.007683|
|         954|   -9.641910|   -9.089361|    0.326000|    0.007683|
|         955|   -9.645901|   -9.093296|    0.326000|    0.007683|
|         956|   -9.650168|   -9.097502|    0.326000|    0.007683|
|         957|   -9.654700|   -9.101972|    0.326000|    0.007683|
|         958|   -9.659490|   -9.106698|    0.326000|    0.007683|
|         959|   -9.664530|   -9.111671|    0.326000|    0.007683|
|         960|   -9.669810|   -9.116884|    0.326000|    0.007683|
|         961|   -9.675322|   -9.122329|    0.325999|    0.007683|
|         962|   -9.681060|   -9.127999|    0.325999|    0.007683|
|         963|   -9.687014|   -9.133885|    0.325999|    0.007683|
|         964|   -9.693176|   -9.139980|    0.325999|    0.007683|
|         965|   -9.699540|   -9.146276|    0.325999|    0.007683|
|         966|   -9.706097|   -9.152767|    0.325999|    0.007683|
|         967|   -9.712842|   -9.159446|    0.325999|    0.007683|
|         968|   -9.719768|   -9.166307|    0.325999|    0.007683|
|         969|   -9.726870|   -9.173345|    0.325999|    0.007683|
|         970|   -9.734142|   -9.180555|    0.325999|    0.007683|
|         971|   -9.741579|   -9.187932|    0.325999|    0.007683|
|         972|   -9.749176|   -9.195471|    0.325999|    0.007683|
|         973|   -9.756928|   -9.203167|    0.325999|    0.007683|
|         974|   -9.764832|   -9.211017|    0.325999|    0.007683|
|         975|   -9.772881|   -9.219014|    0.325999|    0.007683|
|         976|   -9.781071|   -9.227155|    0.325999|    0.007683|
|         977|   -9.789398|   -9.235434|    0.325999|    0.007683|
|         978|   -9.797856|   -9.243846|    0.325999|    0.007683|
|         979|   -9.806442|   -9.252386|    0.325999|    0.007683|
|         980|   -9.815148|   -9.261049|    0.325999|    0.007683|
|         981|   -9.823972|   -9.269830|    0.325999|    0.007683|
|         982|   -9.832909|   -9.278726|    0.325999|    0.007683|
|         983|   -9.841953|   -9.287730|    0.325999|    0.007683|
|         984|   -9.851101|   -9.296839|    0.325999|    0.007683|
|         985|   -9.860348|   -9.306048|    0.325999|    0.007683|
|         986|   -9.869689|   -9.315353|    0.325999|    0.007683|
|         987|   -9.879120|   -9.324749|    0.325999|    0.007683|
|         988|   -9.888636|   -9.334231|    0.325999|    0.007683|
|         989|   -9.898232|   -9.343796|    0.325999|    0.007683|
|         990|   -9.907904|   -9.353437|    0.325999|    0.007683|
|         991|   -9.917647|   -9.363151|    0.325999|    0.007683|
|         992|   -9.927456|   -9.372933|    0.325999|    0.007683|
|         993|   -9.937325|   -9.382777|    0.325999|    0.007683|
|         994|   -9.947251|   -9.392678|    0.325999|    0.007683|
|         995|   -9.957226|   -9.402630|    0.325999|    0.007683|
|         996|   -9.967247|   -9.412630|    0.325999|    0.007683|
|         997|   -9.977308|   -9.422671|    0.325999|    0.007683|
|         998|   -9.987404|   -9.432749|    0.325999|    0.007683|
|         999|   -9.997529|   -9.442857|    0.325999|    0.007683|
|        1000|  -10.007679|   -9.452992|    0.325999|    0.007683|
+-----------------------------------------------------------------------+
|      Convergence Field     |     Value    |   Criterion  |  Converged |
+-----------------------------------------------------------------------+
|                    rms[Rho]|      -10.0077|         < -13|          No|
+-----------------------------------------------------------------------+
+-----------------------------------------------------------------------+
|        File Writing Summary       |              Filename             |
+-----------------------------------------------------------------------+
|SU2 binary restart                 |restart_flow.dat                   |
Writing Flow Meta-Data file: flow.meta
|Paraview                           |flow.vtu                           |
Writing Flow Meta-Data file: flow.meta
|Paraview surface                   |surface_flow.vtu                   |
Writing Flow Meta-Data file: flow.meta
|CSV file                           |surface_flow.csv                   |
Writing Flow Meta-Data file: flow.meta
+-----------------------------------------------------------------------+
+----------------------------------------------------------------+
|  Inner_Iter|    rms[Rho]|   rms[RhoE]|          CL|          CD|
+----------------------------------------------------------------+
|        1001|  -10.017848|   -9.463147|    0.325999|    0.007688|
+-----------------------------------------------------------------------+
|Fixed CL Mode                           |Value                         |
+-----------------------------------------------------------------------+
|Current CL                              |0.325999                      |
|Target CL                               |0.326                         |
|Previous AOA                            |0.405695                      |
|Changed AoA by (Finite Difference step) |0.001                         |
+-----------------------------------------------------------------------+
+----------------------------------------------------------------+
|  Inner_Iter|    rms[Rho]|   rms[RhoE]|          CL|          CD|
+----------------------------------------------------------------+
|        1002|   -5.812066|   -5.205351|    0.325999|    0.007688|
|        1003|   -6.109503|   -5.498967|    0.326007|    0.007688|
|        1004|   -6.352519|   -5.758898|    0.326036|    0.007689|
|        1005|   -6.551781|   -5.941057|    0.326080|    0.007689|
|        1006|   -6.715211|   -6.115833|    0.326119|    0.007689|
|        1007|   -6.812527|   -6.214045|    0.326142|    0.007689|
|        1008|   -6.948860|   -6.347219|    0.326148|    0.007689|
|        1009|   -6.977862|   -6.374734|    0.326149|    0.007689|
|        1010|   -7.029728|   -6.425110|    0.326154|    0.007689|
|        1011|   -7.147298|   -6.548934|    0.326164|    0.007689|
|        1012|   -7.220049|   -6.631529|    0.326173|    0.007689|
|        1013|   -7.238952|   -6.650361|    0.326182|    0.007689|
|        1014|   -7.285412|   -6.699155|    0.326189|    0.007689|
|        1015|   -7.341183|   -6.764308|    0.326196|    0.007689|
|        1016|   -7.362188|   -6.792952|    0.326201|    0.007689|
|        1017|   -7.364268|   -6.797982|    0.326206|    0.007689|
|        1018|   -7.362182|   -6.798271|    0.326212|    0.007688|
|        1019|   -7.355014|   -6.793961|    0.326217|    0.007688|
|        1020|   -7.344212|   -6.785961|    0.326222|    0.007687|
|        1021|   -7.331851|   -6.775964|    0.326227|    0.007687|
|        1022|   -7.318118|   -6.763936|    0.326231|    0.007686|
|        1023|   -7.303246|   -6.750129|    0.326236|    0.007686|
|        1024|   -7.288088|   -6.735644|    0.326240|    0.007685|
|        1025|   -7.273370|   -6.721391|    0.326245|    0.007684|
|        1026|   -7.259435|   -6.707765|    0.326249|    0.007684|
|        1027|   -7.246410|   -6.694907|    0.326253|    0.007683|
|        1028|   -7.234333|   -6.682886|    0.326257|    0.007682|
|        1029|   -7.223227|   -6.671766|    0.326261|    0.007682|
|        1030|   -7.213112|   -6.661601|    0.326265|    0.007681|
|        1031|   -7.203988|   -6.652411|    0.326269|    0.007680|
|        1032|   -7.195837|   -6.644177|    0.326273|    0.007680|
|        1033|   -7.188630|   -6.636876|    0.326277|    0.007679|
|        1034|   -7.182345|   -6.630487|    0.326280|    0.007679|
|        1035|   -7.176954|   -6.624989|    0.326284|    0.007678|
|        1036|   -7.172428|   -6.620357|    0.326288|    0.007677|
|        1037|   -7.168731|   -6.616564|    0.326292|    0.007677|
|        1038|   -7.165828|   -6.613573|    0.326295|    0.007676|
|        1039|   -7.163675|   -6.611345|    0.326299|    0.007676|
|        1040|   -7.162229|   -6.609836|    0.326302|    0.007676|
|        1041|   -7.161444|   -6.608999|    0.326306|    0.007675|
|        1042|   -7.161273|   -6.608786|    0.326310|    0.007675|
|        1043|   -7.161670|   -6.609150|    0.326313|    0.007674|
|        1044|   -7.162590|   -6.610044|    0.326317|    0.007674|
|        1045|   -7.163992|   -6.611423|    0.326321|    0.007674|
|        1046|   -7.165836|   -6.613247|    0.326324|    0.007673|
|        1047|   -7.168087|   -6.615478|    0.326328|    0.007673|
|        1048|   -7.170713|   -6.618081|    0.326331|    0.007673|
|        1049|   -7.173683|   -6.621027|    0.326335|    0.007672|
|        1050|   -7.176974|   -6.624289|    0.326339|    0.007672|
|        1051|   -7.180565|   -6.627847|    0.326342|    0.007672|
|        1052|   -7.184435|   -6.631681|    0.326346|    0.007671|
|        1053|   -7.188572|   -6.635776|    0.326349|    0.007671|
|        1054|   -7.192960|   -6.640120|    0.326353|    0.007671|
|        1055|   -7.197591|   -6.644703|    0.326356|    0.007671|
|        1056|   -7.202454|   -6.649515|    0.326359|    0.007670|
|        1057|   -7.207540|   -6.654550|    0.326362|    0.007670|
|        1058|   -7.212842|   -6.659798|    0.326366|    0.007670|
|        1059|   -7.218352|   -6.665255|    0.326369|    0.007670|
|        1060|   -7.224064|   -6.670912|    0.326372|    0.007669|
|        1061|   -7.229970|   -6.676762|    0.326375|    0.007669|
|        1062|   -7.236063|   -6.682800|    0.326378|    0.007669|
|        1063|   -7.242336|   -6.689018|    0.326380|    0.007669|
|        1064|   -7.248783|   -6.695410|    0.326383|    0.007668|
|        1065|   -7.255398|   -6.701970|    0.326386|    0.007668|
|        1066|   -7.262175|   -6.708691|    0.326388|    0.007668|
|        1067|   -7.269107|   -6.715570|    0.326391|    0.007668|
|        1068|   -7.276191|   -6.722601|    0.326393|    0.007667|
|        1069|   -7.283420|   -6.729779|    0.326396|    0.007667|
|        1070|   -7.290792|   -6.737100|    0.326398|    0.007667|
|        1071|   -7.298301|   -6.744560|    0.326400|    0.007667|
|        1072|   -7.305943|   -6.752155|    0.326402|    0.007667|
|        1073|   -7.313715|   -6.759881|    0.326404|    0.007666|
|        1074|   -7.321612|   -6.767734|    0.326406|    0.007666|
|        1075|   -7.329631|   -6.775710|    0.326408|    0.007666|
|        1076|   -7.337767|   -6.783805|    0.326410|    0.007666|
|        1077|   -7.346016|   -6.792015|    0.326412|    0.007666|
|        1078|   -7.354375|   -6.800336|    0.326414|    0.007666|
|        1079|   -7.362840|   -6.808764|    0.326416|    0.007665|
|        1080|   -7.371406|   -6.817294|    0.326418|    0.007665|
|        1081|   -7.380070|   -6.825923|    0.326420|    0.007665|
|        1082|   -7.388827|   -6.834646|    0.326421|    0.007665|
|        1083|   -7.397674|   -6.843460|    0.326423|    0.007665|
|        1084|   -7.406607|   -6.852362|    0.326425|    0.007664|
|        1085|   -7.415622|   -6.861346|    0.326426|    0.007664|
|        1086|   -7.424716|   -6.870410|    0.326428|    0.007664|
|        1087|   -7.433884|   -6.879550|    0.326430|    0.007664|
|        1088|   -7.443123|   -6.888761|    0.326431|    0.007664|
|        1089|   -7.452428|   -6.898041|    0.326433|    0.007664|
|        1090|   -7.461796|   -6.907384|    0.326434|    0.007664|
|        1091|   -7.471222|   -6.916787|    0.326436|    0.007663|
|        1092|   -7.480703|   -6.926246|    0.326437|    0.007663|
|        1093|   -7.490234|   -6.935756|    0.326438|    0.007663|
|        1094|   -7.499811|   -6.945313|    0.326440|    0.007663|
|        1095|   -7.509429|   -6.954913|    0.326441|    0.007663|
|        1096|   -7.519084|   -6.964551|    0.326443|    0.007663|
|        1097|   -7.528773|   -6.974223|    0.326444|    0.007663|
|        1098|   -7.538489|   -6.983925|    0.326445|    0.007663|
|        1099|   -7.548230|   -6.993652|    0.326446|    0.007663|
|        1100|   -7.557990|   -7.003401|    0.326448|    0.007662|
|        1101|   -7.567766|   -7.013166|    0.326449|    0.007662|
|        1102|   -7.577554|   -7.022944|    0.326450|    0.007662|
|        1103|   -7.587348|   -7.032730|    0.326451|    0.007662|
|        1104|   -7.597146|   -7.042520|    0.326453|    0.007662|
|        1105|   -7.606943|   -7.052311|    0.326454|    0.007662|
|        1106|   -7.616735|   -7.062098|    0.326455|    0.007662|
|        1107|   -7.626518|   -7.071877|    0.326456|    0.007662|
|        1108|   -7.636289|   -7.081645|    0.326457|    0.007662|
|        1109|   -7.646044|   -7.091399|    0.326458|    0.007662|
|        1110|   -7.655781|   -7.101134|    0.326459|    0.007662|
|        1111|   -7.665494|   -7.110848|    0.326460|    0.007661|
|        1112|   -7.675183|   -7.120538|    0.326461|    0.007661|
|        1113|   -7.684844|   -7.130201|    0.326462|    0.007661|
|        1114|   -7.694474|   -7.139834|    0.326463|    0.007661|
|        1115|   -7.704071|   -7.149435|    0.326464|    0.007661|
|        1116|   -7.713633|   -7.159001|    0.326465|    0.007661|
|        1117|   -7.723158|   -7.168532|    0.326466|    0.007661|
|        1118|   -7.732644|   -7.178024|    0.326467|    0.007661|
|        1119|   -7.742091|   -7.187478|    0.326468|    0.007661|
|        1120|   -7.751496|   -7.196890|    0.326469|    0.007661|
|        1121|   -7.760859|   -7.206262|    0.326470|    0.007661|
|        1122|   -7.770180|   -7.215591|    0.326470|    0.007661|
|        1123|   -7.779457|   -7.224877|    0.326471|    0.007661|
|        1124|   -7.788691|   -7.234120|    0.326472|    0.007661|
|        1125|   -7.797881|   -7.243320|    0.326473|    0.007660|
|        1126|   -7.807028|   -7.252477|    0.326474|    0.007660|
|        1127|   -7.816132|   -7.261591|    0.326474|    0.007660|
|        1128|   -7.825194|   -7.270663|    0.326475|    0.007660|
|        1129|   -7.834213|   -7.279692|    0.326476|    0.007660|
|        1130|   -7.843191|   -7.288681|    0.326477|    0.007660|
|        1131|   -7.852129|   -7.297629|    0.326477|    0.007660|
|        1132|   -7.861027|   -7.306537|    0.326478|    0.007660|
|        1133|   -7.869887|   -7.315407|    0.326479|    0.007660|
|        1134|   -7.878709|   -7.324240|    0.326479|    0.007660|
|        1135|   -7.887496|   -7.333037|    0.326480|    0.007660|
|        1136|   -7.896247|   -7.341798|    0.326481|    0.007660|
|        1137|   -7.904965|   -7.350525|    0.326481|    0.007660|
|        1138|   -7.913650|   -7.359220|    0.326482|    0.007660|
|        1139|   -7.922304|   -7.367883|    0.326482|    0.007660|
|        1140|   -7.930928|   -7.376516|    0.326483|    0.007660|
|        1141|   -7.939523|   -7.385120|    0.326484|    0.007660|
|        1142|   -7.948090|   -7.393696|    0.326484|    0.007660|
|        1143|   -7.956631|   -7.402245|    0.326485|    0.007660|
|        1144|   -7.965146|   -7.410769|    0.326485|    0.007660|
|        1145|   -7.973637|   -7.419268|    0.326486|    0.007659|
|        1146|   -7.982105|   -7.427744|    0.326486|    0.007659|
|        1147|   -7.990552|   -7.436198|    0.326487|    0.007659|
|        1148|   -7.998977|   -7.444631|    0.326487|    0.007659|
|        1149|   -8.007382|   -7.453043|    0.326488|    0.007659|
|        1150|   -8.015769|   -7.461437|    0.326488|    0.007659|
|        1151|   -8.024138|   -7.469813|    0.326489|    0.007659|
|        1152|   -8.032492|   -7.478174|    0.326489|    0.007659|
|        1153|   -8.040831|   -7.486518|    0.326490|    0.007659|
|        1154|   -8.049155|   -7.494849|    0.326490|    0.007659|
|        1155|   -8.057467|   -7.503166|    0.326491|    0.007659|
|        1156|   -8.065766|   -7.511471|    0.326491|    0.007659|
|        1157|   -8.074055|   -7.519765|    0.326492|    0.007659|
|        1158|   -8.082334|   -7.528049|    0.326492|    0.007659|
|        1159|   -8.090604|   -7.536324|    0.326492|    0.007659|
|        1160|   -8.098867|   -7.544591|    0.326493|    0.007659|
|        1161|   -8.107122|   -7.552850|    0.326493|    0.007659|
|        1162|   -8.115371|   -7.561104|    0.326494|    0.007659|
|        1163|   -8.123616|   -7.569352|    0.326494|    0.007659|
|        1164|   -8.131856|   -7.577595|    0.326494|    0.007659|
|        1165|   -8.140092|   -7.585835|    0.326495|    0.007659|
|        1166|   -8.148326|   -7.594072|    0.326495|    0.007659|
|        1167|   -8.156558|   -7.602306|    0.326495|    0.007659|
|        1168|   -8.164789|   -7.610539|    0.326496|    0.007659|
|        1169|   -8.173019|   -7.618772|    0.326496|    0.007659|
|        1170|   -8.181249|   -7.627004|    0.326496|    0.007659|
|        1171|   -8.189481|   -7.635237|    0.326497|    0.007659|
|        1172|   -8.197713|   -7.643471|    0.326497|    0.007659|
|        1173|   -8.205948|   -7.651707|    0.326497|    0.007659|
|        1174|   -8.214184|   -7.659945|    0.326498|    0.007659|
|        1175|   -8.222424|   -7.668185|    0.326498|    0.007659|
|        1176|   -8.230667|   -7.676429|    0.326498|    0.007659|
|        1177|   -8.238914|   -7.684676|    0.326499|    0.007659|
|        1178|   -8.247164|   -7.692927|    0.326499|    0.007658|
|        1179|   -8.255419|   -7.701183|    0.326499|    0.007658|
|        1180|   -8.263679|   -7.709442|    0.326499|    0.007658|
|        1181|   -8.271944|   -7.717707|    0.326500|    0.007658|
|        1182|   -8.280214|   -7.725977|    0.326500|    0.007658|
|        1183|   -8.288489|   -7.734251|    0.326500|    0.007658|
|        1184|   -8.296770|   -7.742532|    0.326501|    0.007658|
|        1185|   -8.305057|   -7.750818|    0.326501|    0.007658|
|        1186|   -8.313349|   -7.759110|    0.326501|    0.007658|
|        1187|   -8.321648|   -7.767407|    0.326501|    0.007658|
|        1188|   -8.329952|   -7.775710|    0.326502|    0.007658|
|        1189|   -8.338263|   -7.784020|    0.326502|    0.007658|
|        1190|   -8.346579|   -7.792335|    0.326502|    0.007658|
|        1191|   -8.354902|   -7.800656|    0.326502|    0.007658|
|        1192|   -8.363230|   -7.808983|    0.326502|    0.007658|
|        1193|   -8.371564|   -7.817316|    0.326503|    0.007658|
|        1194|   -8.379904|   -7.825654|    0.326503|    0.007658|
|        1195|   -8.388250|   -7.833999|    0.326503|    0.007658|
|        1196|   -8.396602|   -7.842348|    0.326503|    0.007658|
|        1197|   -8.404959|   -7.850704|    0.326503|    0.007658|
|        1198|   -8.413321|   -7.859064|    0.326504|    0.007658|
|        1199|   -8.421688|   -7.867430|    0.326504|    0.007658|
|        1200|   -8.430061|   -7.875801|    0.326504|    0.007658|
|        1201|   -8.438438|   -7.884177|    0.326504|    0.007658|
|        1202|   -8.446820|   -7.892557|    0.326504|    0.007658|
|        1203|   -8.455207|   -7.900942|    0.326505|    0.007658|
|        1204|   -8.463598|   -7.909332|    0.326505|    0.007658|
|        1205|   -8.471993|   -7.917725|    0.326505|    0.007658|
|        1206|   -8.480392|   -7.926123|    0.326505|    0.007658|
|        1207|   -8.488795|   -7.934524|    0.326505|    0.007658|
|        1208|   -8.497202|   -7.942929|    0.326505|    0.007658|
|        1209|   -8.505612|   -7.951338|    0.326506|    0.007658|
|        1210|   -8.514025|   -7.959750|    0.326506|    0.007658|
|        1211|   -8.522441|   -7.968165|    0.326506|    0.007658|
|        1212|   -8.530860|   -7.976582|    0.326506|    0.007658|
|        1213|   -8.539282|   -7.985003|    0.326506|    0.007658|
|        1214|   -8.547706|   -7.993426|    0.326506|    0.007658|
|        1215|   -8.556132|   -8.001851|    0.326506|    0.007658|
|        1216|   -8.564561|   -8.010278|    0.326507|    0.007658|
|        1217|   -8.572991|   -8.018708|    0.326507|    0.007658|
|        1218|   -8.581423|   -8.027139|    0.326507|    0.007658|
|        1219|   -8.589856|   -8.035571|    0.326507|    0.007658|
|        1220|   -8.598291|   -8.044005|    0.326507|    0.007658|
|        1221|   -8.606727|   -8.052440|    0.326507|    0.007658|
|        1222|   -8.615163|   -8.060876|    0.326507|    0.007658|
|        1223|   -8.623601|   -8.069313|    0.326507|    0.007658|
|        1224|   -8.632039|   -8.077751|    0.326508|    0.007658|
|        1225|   -8.640478|   -8.086189|    0.326508|    0.007658|
|        1226|   -8.648917|   -8.094628|    0.326508|    0.007658|
|        1227|   -8.657356|   -8.103066|    0.326508|    0.007658|
|        1228|   -8.665795|   -8.111505|    0.326508|    0.007658|
|        1229|   -8.674234|   -8.119944|    0.326508|    0.007658|
|        1230|   -8.682672|   -8.128382|    0.326508|    0.007658|
|        1231|   -8.691111|   -8.136820|    0.326508|    0.007658|
|        1232|   -8.699548|   -8.145258|    0.326508|    0.007658|
|        1233|   -8.707985|   -8.153694|    0.326509|    0.007658|
|        1234|   -8.716421|   -8.162131|    0.326509|    0.007658|
|        1235|   -8.724857|   -8.170566|    0.326509|    0.007658|
|        1236|   -8.733291|   -8.179000|    0.326509|    0.007658|
|        1237|   -8.741724|   -8.187433|    0.326509|    0.007658|
|        1238|   -8.750156|   -8.195865|    0.326509|    0.007658|
|        1239|   -8.758587|   -8.204296|    0.326509|    0.007658|
|        1240|   -8.767016|   -8.212726|    0.326509|    0.007658|
|        1241|   -8.775444|   -8.221154|    0.326509|    0.007658|
|        1242|   -8.783870|   -8.229580|    0.326509|    0.007658|
|        1243|   -8.792295|   -8.238005|    0.326509|    0.007658|
|        1244|   -8.800718|   -8.246428|    0.326509|    0.007658|
|        1245|   -8.809140|   -8.254850|    0.326510|    0.007658|
|        1246|   -8.817559|   -8.263270|    0.326510|    0.007658|
|        1247|   -8.825977|   -8.271688|    0.326510|    0.007658|
|        1248|   -8.834394|   -8.280105|    0.326510|    0.007658|
|        1249|   -8.842808|   -8.288520|    0.326510|    0.007652|
+-----------------------------------------------------------------------+
|Fixed CL Mode (Finite Difference)       |Value                         |
+-----------------------------------------------------------------------+
|Delta CL / Delta AoA                    |0.510558                      |
|Delta CD / Delta CL                     |-0.0488869                    |
|Delta CMz / Delta CL                    |-0.0266476                    |
+-----------------------------------------------------------------------+
Writing Flow Meta-Data file: flow.meta

----------------------------- Solver Exit -------------------------------

Maximum number of iterations reached (ITER = 1250) before convergence.
+-----------------------------------------------------------------------+
|      Convergence Field     |     Value    |   Criterion  |  Converged |
+-----------------------------------------------------------------------+
|                    rms[Rho]|      -8.84281|         < -13|          No|
+-----------------------------------------------------------------------+
-------------------------------------------------------------------------

--------------------------- Finalizing Solver ---------------------------
Deleted CNumerics container.
Deleted CIntegration container.
Deleted CSolver container.
Deleted CIteration container.
Deleted CInterface container.
Deleted CGeometry container.
Deleted CFreeFormDefBox class.
Deleted CSurfaceMovement class.
Deleted CVolumetricMovement class.
Deleted CConfig container.
Deleted nInst container.
Deleted COutput class.
-------------------------------------------------------------------------

------------------------- Exit Success (SU2_CFD) ------------------------

