NDIME= 2
NELEM= 10216
5	417	69	311	0
5	302	55	56	1
5	405	159	384	2
5	594	427	450	3
5	315	71	72	4
5	319	4	262	5
5	270	39	40	6
5	327	65	66	7
5	451	259	325	8
5	441	40	41	9
5	358	147	148	10
5	287	12	13	11
5	252	144	145	12
5	254	56	57	13
5	348	96	269	14
5	262	4	5	15
5	647	465	525	16
5	453	308	449	17
5	309	282	15	18
5	560	265	470	19
5	369	185	186	20
5	420	271	27	21
5	432	137	376	22
5	643	471	270	23
5	429	121	354	24
5	282	14	15	25
5	568	446	456	26
5	292	257	31	27
5	617	385	457	28
5	831	694	478	29
5	274	24	25	30
5	470	346	454	31
5	311	69	70	32
5	291	20	278	33
5	286	24	274	34
5	257	30	31	35
5	255	0	1	36
5	996	809	797	37
5	342	79	312	38
5	280	18	19	39
5	543	319	518	40
5	316	42	294	41
5	507	356	439	42
5	543	293	319	43
5	546	298	299	44
5	324	288	9	45
5	749	548	648	46
5	270	251	39	47
5	542	459	257	48
5	258	36	37	49
5	322	18	280	50
5	315	72	290	51
5	555	313	342	52
5	288	8	9	53
5	645	348	465	54
5	323	14	282	55
5	308	62	63	56
5	300	75	76	57
5	335	84	303	58
5	421	60	305	59
5	334	38	251	60
5	749	549	548	61
5	285	53	54	62
5	302	56	254	63
5	751	644	725	64
5	250	82	83	65
5	294	42	43	66
5	301	87	88	67
5	279	80	81	68
5	305	60	61	69
5	531	475	278	70
5	554	448	540	71
5	271	26	27	72
5	284	89	90	73
5	416	111	112	74
5	329	260	33	75
5	475	291	278	76
5	340	0	255	77
5	277	106	107	78
5	420	28	272	79
5	295	52	53	80
5	316	41	42	81
5	333	294	43	82
5	825	476	650	83
5	331	300	76	84
5	762	555	664	85
5	295	53	285	86
5	290	72	73	87
5	337	90	91	88
5	312	79	80	89
5	511	320	336	90
5	1041	890	895	91
5	555	342	464	92
5	946	762	848	93
5	564	314	556	94
5	345	52	295	95
5	335	250	83	96
5	449	63	64	97
5	338	254	57	98
5	842	642	557	99
5	338	57	58	100
5	517	256	293	101
5	259	101	102	102
5	512	281	350	103
5	348	95	96	104
5	441	270	40	105
5	361	177	178	106
5	266	99	100	107
5	510	451	325	108
5	580	353	413	109
5	372	115	116	110
5	367	117	118	111
5	357	151	349	112
5	412	375	127	113
5	639	273	436	114
5	381	157	158	115
5	492	368	430	116
5	377	147	358	117
5	400	173	390	118
5	437	365	182	119
5	406	161	253	120
5	403	253	162	121
5	395	181	365	122
5	397	175	393	123
5	408	157	381	124
5	619	408	381	125
5	401	386	166	126
5	399	388	170	127
5	834	690	450	128
5	585	377	358	129
5	387	163	164	130
5	404	165	386	131
5	353	112	113	132
5	424	321	109	133
5	363	252	145	134
5	363	145	146	135
5	481	429	354	136
5	607	393	484	137
5	1544	685	720	138
5	653	485	490	139
5	275	132	133	140
5	409	382	129	141
5	373	135	136	142
5	614	482	253	143
5	355	143	144	144
5	409	130	383	145
5	380	354	122	146
5	486	435	273	147
5	436	273	140	148
5	411	126	375	149
5	360	186	187	150
5	593	394	488	151
5	850	681	706	152
5	393	175	176	153
5	806	611	604	154
5	398	177	361	155
5	784	587	502	156
5	403	162	163	157
5	402	169	388	158
5	253	161	162	159
5	396	188	359	160
5	388	169	170	161
5	1083	868	726	162
5	390	173	174	163
5	484	393	398	164
5	356	195	196	165
5	380	122	123	166
5	432	373	136	167
5	375	126	127	168
5	412	128	382	169
5	357	150	151	170
5	355	144	252	171
5	364	141	142	172
5	624	483	375	173
5	435	139	273	174
5	482	479	406	175
5	424	110	351	176
5	623	412	382	177
5	595	501	352	178
5	325	259	102	179
5	328	46	296	180
5	269	96	97	181
5	1361	1264	1068	182
5	530	286	462	183
5	550	306	421	184
5	251	38	39	185
5	423	103	104	186
5	350	99	266	187
5	693	451	510	188
5	483	411	375	189
5	352	114	115	190
5	633	478	424	191
5	444	150	357	192
5	427	117	367	193
5	588	395	365	194
5	385	154	261	195
5	655	491	587	196
5	369	186	360	197
5	581	431	485	198
5	386	165	166	199
5	5232	5214	5229	200
5	508	503	443	201
5	5232	5226	5214	202
5	1099	878	1090	203
5	5231	207	5222	204
5	5231	206	207	205
5	5230	5210	5219	206
5	5230	5213	5210	207
5	5229	5199	5213	208
5	5229	5214	5199	209
5	5228	204	205	210
5	5228	5217	204	211
5	5225	5219	5200	212
5	5225	249	5219	213
5	5232	5229	202	214
5	5232	202	203	215
5	5227	247	248	216
5	5227	5196	5212	217
5	5224	5195	5209	218
5	5224	5202	5195	219
5	5223	225	226	220
5	5223	5220	225	221
5	5224	5228	205	222
5	5231	205	206	223
5	5221	5173	5203	224
5	5221	5201	5173	225
5	5220	5211	225	226
5	5220	5181	5211	227
5	5230	200	201	228
5	5230	5229	5213	229
5	5219	5210	5191	230
5	5225	5218	248	231
5	5231	5202	5224	232
5	5231	5222	5202	233
5	5216	227	228	234
5	5216	5208	227	235
5	5215	207	208	236
5	5222	5206	5189	237
5	5232	203	5226	238
5	5230	201	5229	239
5	5214	5205	5174	240
5	5229	201	202	241
5	5212	246	247	242
5	5221	246	5212	243
5	5211	5180	224	244
5	5211	5181	5180	245
5	5210	5152	5191	246
5	5210	5190	5152	247
5	5231	5224	205	248
5	5228	5224	5209	249
5	5223	5208	5185	250
5	5223	226	227	251
5	5207	5180	5166	252
5	5207	223	5180	253
5	5222	5189	5202	254
5	5222	5215	5206	255
5	5226	5205	5214	256
5	5217	5188	5205	257
5	5197	229	230	258
5	5197	5179	229	259
5	5203	5163	5193	260
5	5203	5173	5163	261
5	5215	208	209	262
5	5222	207	5215	263
5	5221	5212	5201	264
5	5221	245	246	265
5	5230	5219	200	266
5	5219	249	200	267
5	5205	5154	5174	268
5	5226	5217	5205	269
5	5198	221	222	270
5	5198	5186	221	271
5	5197	5121	5179	272
5	5197	5088	5121	273
5	5212	5196	5170	274
5	5201	5170	5145	275
5	5195	5140	5169	276
5	5195	5157	5140	277
5	5192	241	5168	278
5	5192	240	241	279
5	5193	5160	243	280
5	5193	5163	5160	281
5	5223	5185	5220	282
5	5211	224	225	283
5	5213	5199	5190	284
5	5225	248	249	285
5	5184	5150	218	286
5	5184	5127	5150	287
5	5183	212	5155	288
5	5183	211	212	289
5	5228	5209	5217	290
5	5209	5169	5188	291
5	5187	241	242	292
5	5187	5160	5139	293
5	5186	220	221	294
5	5186	5151	220	295
5	5220	5185	5161	296
5	5220	5161	5181	297
5	5184	219	5151	298
5	5184	5151	5127	299
5	5183	5155	5125	300
5	5149	210	211	301
5	5190	5113	5152	302
5	5182	5112	5162	303
5	5223	227	5208	304
5	5181	5167	5147	305
5	5180	223	224	306
5	5207	5166	5194	307
5	5216	5179	5177	308
5	5179	5158	5177	309
5	5178	5156	5135	310
5	5178	215	5156	311
5	5177	5158	5130	312
5	5179	228	229	313
5	5191	5129	5143	314
5	5227	5212	247	315
5	5204	5142	5175	316
5	5204	214	5178	317
5	5174	5118	5146	318
5	5174	5154	5118	319
5	5171	5144	238	320
5	5171	5116	5144	321
5	5171	5148	5116	322
5	5172	216	217	323
5	5171	238	239	324
5	5172	217	5150	325
5	5176	5133	5153	326
5	5218	5176	5196	327
5	5202	5189	5157	328
5	5226	204	5217	329
5	5194	5166	5131	330
5	5192	5138	5148	331
5	5167	5134	5122	332
5	5167	5161	5134	333
5	5166	5096	5131	334
5	5166	5147	5096	335
5	5165	5091	5123	336
5	5165	5130	5091	337
5	5198	5194	5164	338
5	5207	222	223	339
5	5201	5145	5173	340
5	5203	5193	244	341
5	5162	5108	5128	342
5	5162	5112	5108	343
5	5181	5147	5180	344
5	5208	5165	5185	345
5	5208	5177	5165	346
5	5216	5177	5208	347
5	5159	5087	5111	348
5	5159	5115	5087	349
5	5158	5105	5130	350
5	5192	5168	5138	351
5	5189	5114	5157	352
5	5206	5128	5189	353
5	5192	5148	240	354
5	5148	239	240	355
5	5155	5090	5125	356
5	5155	5132	5090	357
5	5154	5101	5118	358
5	5154	5119	5101	359
5	5153	5082	5124	360
5	5153	5133	5082	361
5	5191	5152	5129	362
5	5227	248	5218	363
5	5164	5107	5137	364
5	5151	219	220	365
5	5184	218	219	366
5	5150	217	218	367
5	5217	5209	5188	368
5	5182	5162	209	369
5	5178	214	215	370
5	5148	5138	5086	371
5	5207	5194	222	372
5	5147	5122	5096	373
5	5199	5174	5146	374
5	5219	5191	5200	375
5	5145	5098	5126	376
5	5145	5124	5098	377
5	5144	237	238	378
5	5144	5115	237	379
5	5152	5076	5129	380
5	5200	5191	5143	381
5	5175	5155	212	382
5	5183	5149	211	383
5	5141	5094	5061	384
5	5141	5121	5094	385
5	5215	5162	5206	386
5	5214	5174	5199	387
5	5139	5102	5100	388
5	5139	5120	5102	389
5	5187	242	243	390
5	5194	5131	5164	391
5	5198	5164	5186	392
5	5186	5164	5137	393
5	5197	5136	5088	394
5	5197	230	5136	395
5	5135	5047	5093	396
5	5135	5092	5047	397
5	5167	5122	5147	398
5	438	198	199	399
5	5161	5106	5134	400
5	1036	844	843	401
5	307	86	87	402
5	661	506	199	403
5	5189	5128	5114	404
5	508	443	356	405
5	5112	5074	5108	406
5	685	657	503	407
5	5156	5092	5135	408
5	508	356	507	409
5	5204	5178	5142	410
5	659	438	506	411
5	5161	5123	5106	412
5	439	356	196	413
5	5187	5139	5168	414
5	443	195	356	415
5	5177	5130	5165	416
5	485	431	433	417
5	5185	5123	5161	418
5	660	517	543	419
5	5129	5071	5081	420
5	385	153	154	421
5	5129	5076	5071	422
5	661	199	515	423
5	5190	5146	5113	424
5	5188	5169	5119	425
5	5186	5137	5151	426
5	354	121	122	427
5	5182	210	5149	428
5	416	351	111	429
5	5170	5124	5145	430
5	1230	1086	1051	431
5	5203	244	245	432
5	410	132	275	433
5	5183	5125	5149	434
5	415	108	321	435
5	5182	5149	5112	436
5	347	101	259	437
5	5124	5045	5098	438
5	318	89	284	439
5	5124	5082	5045	440
5	425	106	277	441
5	5187	5168	241	442
5	578	347	452	443
5	5180	5147	5166	444
5	325	102	103	445
5	5134	5097	5109	446
5	473	464	312	447
5	5134	5109	5122	448
5	769	737	516	449
5	5179	5121	5158	450
5	5158	5121	5141	451
5	5160	5120	5139	452
5	347	100	101	453
5	5168	5100	5138	454
5	445	95	348	455
5	5140	5103	5056	456
5	671	579	645	457
5	5205	5188	5154	458
5	303	84	85	459
5	5146	5118	5089	460
5	445	336	94	461
5	5146	5089	5113	462
5	721	509	477	463
5	5117	5077	5046	464
5	320	92	93	465
5	5117	234	5077	466
5	335	83	84	467
5	5116	5086	5064	468
5	447	82	250	469
5	5138	5100	5070	470
5	764	754	540	471
5	5159	236	237	472
5	339	71	315	473
5	5159	237	5115	474
5	306	58	59	475
5	5169	5140	5085	476
5	5140	5056	5085	477
5	5113	5052	5076	478
5	292	31	32	479
5	5113	5089	5052	480
5	419	12	287	481
5	5159	5111	236	482
5	288	268	8	483
5	5111	235	236	484
5	293	2	3	485
5	5128	5084	5114	486
5	293	256	2	487
5	5111	5087	5057	488
5	1394	1257	1239	489
5	5110	5048	5092	490
5	340	199	0	491
5	5110	5079	5048	492
5	1218	517	853	493
5	5109	5049	5038	494
5	729	460	521	495
5	5109	5097	5049	496
5	746	543	518	497
5	5149	5099	5112	498
5	5209	5195	5169	499
5	5107	5020	5063	500
5	5107	5068	5020	501
5	312	80	279	502
5	762	562	555	503
5	460	263	267	504
5	670	470	454	505
5	273	139	140	506
5	641	588	365	507
5	384	159	160	508
5	261	154	155	509
5	304	55	302	510
5	573	332	466	511
5	742	537	741	512
5	1505	888	1371	513
5	256	255	1	514
5	256	1	2	515
5	330	30	257	516
5	472	345	295	517
5	346	36	258	518
5	260	32	33	519
5	511	456	320	520
5	452	259	451	521
5	329	34	265	522
5	292	32	260	523
5	813	617	667	524
5	349	151	152	525
5	521	460	267	526
5	726	515	340	527
5	263	262	5	528
5	263	5	6	529
5	264	261	155	530
5	264	155	156	531
5	329	33	34	532
5	265	34	35	533
5	510	325	423	534
5	514	284	467	535
5	267	263	6	536
5	267	6	7	537
5	268	267	7	538
5	268	7	8	539
5	452	347	259	540
5	509	418	425	541
5	476	330	459	542
5	422	296	47	543
5	326	26	271	544
5	317	22	276	545
5	420	27	28	546
5	272	28	29	547
5	480	400	390	548
5	374	275	133	549
5	570	474	254	550
5	276	22	23	551
5	590	519	252	552
5	374	133	134	553
5	575	343	308	554
5	278	20	21	555
5	415	107	108	556
5	625	321	478	557
5	565	557	294	558
5	557	316	294	559
5	466	332	417	560
5	563	540	300	561
5	642	441	316	562
5	471	251	270	563
5	281	269	97	564
5	281	97	98	565
5	309	16	283	566
5	470	265	346	567
5	309	15	16	568
5	283	16	17	569
5	307	87	301	570
5	675	568	456	571
5	333	43	44	572
5	314	44	45	573
5	286	276	23	574
5	286	23	24	575
5	528	462	274	576
5	533	455	280	577
5	324	10	289	578
5	535	323	282	579
5	324	9	10	580
5	289	10	11	581
5	498	466	417	582
5	310	290	73	583
5	291	280	19	584
5	291	19	20	585
5	938	928	741	586
5	537	468	287	587
5	534	283	322	588
5	521	267	268	589
5	514	318	284	590
5	297	50	51	591
5	422	47	48	592
5	296	46	47	593
5	644	307	536	594
5	573	341	332	595
5	298	48	49	596
5	299	50	297	597
5	505	315	290	598
5	422	48	298	599
5	299	298	49	600
5	299	49	50	601
5	310	73	74	602
5	448	75	300	603
5	913	671	859	604
5	1110	871	1094	605
5	304	54	55	606
5	304	285	54	607
5	442	86	307	608
5	442	85	86	609
5	576	343	575	610
5	665	534	652	611
5	343	62	308	612
5	344	64	65	613
5	556	314	328	614
5	338	58	306	615
5	442	303	85	616
5	467	284	337	617
5	343	61	62	618
5	343	305	61	619
5	497	334	251	620
5	497	251	471	621
5	701	547	662	622
5	532	447	516	623
5	332	67	68	624
5	449	64	344	625
5	313	77	78	626
5	331	76	77	627
5	469	290	310	628
5	331	77	313	629
5	455	322	280	630
5	333	44	314	631
5	339	70	71	632
5	339	311	70	633
5	524	263	460	634
5	441	41	316	635
5	317	278	21	636
5	317	21	22	637
5	318	301	88	638
5	318	88	89	639
5	319	293	3	640
5	319	3	4	641
5	337	284	90	642
5	446	92	320	643
5	415	277	107	644
5	321	108	109	645
5	322	283	17	646
5	322	17	18	647
5	323	287	13	648
5	323	13	14	649
5	552	283	534	650
5	538	289	419	651
5	423	104	418	652
5	694	625	478	653
5	326	274	25	654
5	326	25	26	655
5	341	67	332	656
5	344	65	327	657
5	328	314	45	658
5	328	45	46	659
5	734	677	462	660
5	459	330	257	661
5	330	272	29	662
5	330	29	30	663
5	562	313	555	664
5	498	417	311	665
5	341	66	67	666
5	341	327	66	667
5	468	419	287	668
5	1362	1084	1218	669
5	334	258	37	670
5	334	37	38	671
5	897	675	861	672
5	540	448	300	673
5	336	320	93	674
5	336	93	94	675
5	547	318	514	676
5	768	567	566	677
5	756	520	651	678
5	461	421	305	679
5	652	534	455	680
5	746	660	543	681
5	753	741	535	682
5	1043	889	916	683
5	550	421	461	684
5	643	270	441	685
5	342	313	78	686
5	342	78	79	687
5	575	308	453	688
5	474	302	254	689
5	556	328	520	690
5	449	308	63	691
5	345	297	51	692
5	345	51	52	693
5	346	265	35	694
5	346	35	36	695
5	692	465	647	696
5	347	266	100	697
5	445	94	95	698
5	725	536	701	699
5	407	153	385	700
5	618	407	617	701
5	350	281	98	702
5	350	98	99	703
5	424	109	110	704
5	351	110	111	705
5	413	114	352	706
5	416	112	353	707
5	478	321	424	708
5	496	371	429	709
5	426	367	118	710
5	372	352	115	711
5	378	143	355	712
5	436	140	141	713
5	807	611	806	714
5	359	188	189	715
5	495	383	410	716
5	591	364	378	717
5	783	584	782	718
5	493	410	275	719
5	489	398	361	720
5	394	185	369	721
5	992	880	704	722
5	365	181	182	723
5	605	391	400	724
5	392	178	179	725
5	362	358	148	726
5	362	148	149	727
5	834	450	635	728
5	799	708	504	729
5	603	387	404	730
5	436	141	364	731
5	366	179	180	732
5	392	361	178	733
5	608	480	390	734
5	392	179	366	735
5	426	119	371	736
5	626	353	580	737
5	368	359	189	738
5	368	189	190	739
5	370	183	184	740
5	437	182	183	741
5	839	640	593	742
5	437	183	370	743
5	426	118	119	744
5	371	119	120	745
5	501	413	352	746
5	627	351	416	747
5	428	135	373	748
5	599	380	414	749
5	718	598	689	750
5	824	626	823	751
5	379	124	125	752
5	414	124	379	753
5	432	136	137	754
5	376	137	138	755
5	377	363	146	756
5	377	146	147	757
5	378	364	142	758
5	378	142	143	759
5	600	481	354	760
5	686	583	487	761
5	816	620	619	762
5	689	598	483	763
5	408	156	157	764
5	408	264	156	765
5	412	127	128	766
5	382	128	129	767
5	409	129	130	768
5	383	130	131	769
5	405	158	159	770
5	405	381	158	771
5	407	152	153	772
5	407	349	152	773
5	604	389	402	774
5	640	370	593	775
5	609	391	605	776
5	403	163	387	777
5	389	167	168	778
5	401	166	167	779
5	604	402	601	780
5	401	167	389	781
5	391	171	172	782
5	399	170	171	783
5	479	384	406	784
5	399	171	391	785
5	606	504	392	786
5	593	370	394	787
5	397	174	175	788
5	397	390	174	789
5	394	370	184	790
5	394	184	185	791
5	395	366	180	792
5	395	180	181	793
5	396	360	187	794
5	396	187	188	795
5	620	523	264	796
5	615	384	479	797
5	398	393	176	798
5	398	176	177	799
5	482	406	253	800
5	614	253	403	801
5	400	391	172	802
5	400	172	173	803
5	605	400	480	804
5	489	484	398	805
5	402	389	168	806
5	402	168	169	807
5	974	788	732	808
5	622	382	409	809
5	404	387	164	810
5	404	164	165	811
5	494	376	435	812
5	621	409	383	813
5	406	384	160	814
5	406	160	161	815
5	638	436	364	816
5	583	362	444	817
5	487	444	357	818
5	583	444	487	819
5	636	376	494	820
5	617	407	385	821
5	410	383	131	822
5	410	131	132	823
5	411	379	125	824
5	411	125	126	825
5	529	428	373	826
5	634	426	371	827
5	413	353	113	828
5	413	113	114	829
5	414	380	123	830
5	414	123	124	831
5	580	413	501	832
5	509	425	477	833
5	496	429	481	834
5	527	378	355	835
5	417	332	68	836
5	417	68	69	837
5	423	325	103	838
5	418	104	105	839
5	419	289	11	840
5	419	11	12	841
5	534	322	455	842
5	533	280	291	843
5	421	306	59	844
5	421	59	60	845
5	574	327	341	846
5	646	449	344	847
5	632	418	509	848
5	861	675	669	849
5	624	375	412	850
5	500	414	379	851
5	425	418	105	852
5	425	105	106	853
5	595	372	594	854
5	690	594	450	855
5	427	372	116	856
5	427	116	117	857
5	428	374	134	858
5	428	134	135	859
5	429	371	120	860
5	429	120	121	861
5	430	368	190	862
5	430	190	191	863
5	431	430	191	864
5	431	191	192	865
5	494	435	486	866
5	639	486	273	867
5	433	431	192	868
5	433	192	193	869
5	434	433	193	870
5	434	193	194	871
5	435	376	138	872
5	435	138	139	873
5	601	402	388	874
5	602	404	386	875
5	867	506	661	876
5	812	616	615	877
5	439	196	197	878
5	440	198	438	879
5	592	395	588	880
5	586	368	492	881
5	440	439	197	882
5	440	197	198	883
5	539	521	268	884
5	541	292	260	885
5	473	312	279	886
5	532	473	279	887
5	443	434	194	888
5	443	194	195	889
5	444	362	149	890
5	444	149	150	891
5	951	767	751	892
5	1051	856	915	893
5	446	337	91	894
5	446	91	92	895
5	447	279	81	896
5	447	81	82	897
5	448	310	74	898
5	448	74	75	899
5	526	295	285	900
5	569	306	550	901
5	450	427	367	902
5	635	450	367	903
5	884	790	690	904
5	791	781	501	905
5	978	793	977	906
5	902	702	717	907
5	646	453	449	908
5	577	344	327	909
5	454	346	258	910
5	497	458	334	911
5	628	272	476	912
5	629	463	271	913
5	456	446	320	914
5	951	751	856	915
5	457	385	261	916
5	523	457	261	917
5	458	454	258	918
5	458	258	334	919
5	476	272	330	920
5	462	286	274	921
5	825	628	476	922
5	736	475	531	923
5	548	302	474	924
5	544	345	472	925
5	528	326	463	926
5	679	524	666	927
5	528	274	326	928
5	463	326	271	929
5	464	342	312	930
5	775	498	572	931
5	465	348	269	932
5	698	512	513	933
5	754	554	540	934
5	737	532	516	935
5	567	250	335	936
5	532	279	447	937
5	539	268	288	938
5	538	419	468	939
5	572	498	311	940
5	505	290	469	941
5	561	541	260	942
5	542	257	292	943
5	843	643	642	944
5	631	520	296	945
5	544	297	345	946
5	520	328	296	947
5	701	536	547	948
5	536	307	301	949
5	548	304	302	950
5	526	472	295	951
5	531	317	522	952
5	533	291	475	953
5	628	420	272	954
5	629	271	420	955
5	477	425	277	956
5	499	477	277	957
5	499	277	415	958
5	698	513	578	959
5	615	405	384	960
5	523	261	264	961
5	610	601	388	962
5	862	707	655	963
5	635	426	634	964
5	634	371	496	965
5	705	479	482	966
5	792	597	687	967
5	598	411	483	968
5	600	354	380	969
5	607	397	393	970
5	608	390	397	971
5	808	797	602	972
5	488	394	369	973
5	596	493	275	974
5	596	275	374	975
5	590	252	363	976
5	519	355	252	977
5	988	802	801	978
5	587	360	396	979
5	798	592	789	980
5	800	607	484	981
5	490	485	433	982
5	490	433	434	983
5	491	488	369	984
5	491	369	360	985
5	502	396	359	986
5	587	491	360	987
5	730	457	523	988
5	495	410	493	989
5	711	529	637	990
5	597	428	529	991
5	835	636	710	992
5	621	383	495	993
5	822	689	483	994
5	635	367	426	995
5	771	570	569	996
5	770	569	550	997
5	571	315	505	998
5	776	466	716	999
5	717	625	694	1000
5	901	852	695	1001
5	821	623	820	1002
5	599	414	500	1003
5	627	416	626	1004
5	626	416	353	1005
5	706	581	654	1006
5	587	396	502	1007
5	503	490	434	1008
5	503	434	443	1009
5	504	489	361	1010
5	504	361	392	1011
5	571	339	315	1012
5	572	311	339	1013
5	506	438	199	1014
5	943	917	743	1015
5	685	503	508	1016
5	910	681	850	1017
5	654	485	653	1018
5	987	801	800	1019
5	663	578	452	1020
5	852	663	695	1021
5	1199	1020	1198	1022
5	724	647	525	1023
5	698	578	663	1024
5	722	632	656	1025
5	859	692	847	1026
5	525	281	512	1027
5	513	512	350	1028
5	513	350	266	1029
5	566	335	303	1030
5	516	447	250	1031
5	1219	658	1080	1032
5	515	199	340	1033
5	1038	845	780	1034
5	551	303	442	1035
5	668	256	517	1036
5	868	661	515	1037
5	543	517	293	1038
5	518	319	262	1039
5	584	362	583	1040
5	527	355	519	1041
5	545	297	544	1042
5	631	296	422	1043
5	740	652	455	1044
5	752	552	665	1045
5	531	278	317	1046
5	522	317	276	1047
5	616	405	615	1048
5	782	584	583	1049
5	524	518	262	1050
5	524	262	263	1051
5	525	465	269	1052
5	525	269	281	1053
5	549	304	548	1054
5	757	556	756	1055
5	839	593	683	1056
5	591	378	527	1057
5	665	552	534	1058
5	742	696	468	1059
5	637	432	636	1060
5	637	373	432	1061
5	530	522	276	1062
5	530	276	286	1063
5	874	700	731	1064
5	747	544	700	1065
5	673	662	514	1066
5	773	505	699	1067
5	829	631	630	1068
5	765	565	564	1069
5	553	535	282	1070
5	537	287	323	1071
5	553	309	552	1072
5	537	323	535	1073
5	567	335	566	1074
5	566	303	551	1075
5	760	560	672	1076
5	744	542	541	1077
5	559	539	288	1078
5	558	289	538	1079
5	559	324	558	1080
5	759	559	758	1081
5	554	310	448	1082
5	554	469	310	1083
5	561	329	560	1084
5	542	292	541	1085
5	674	522	530	1086
5	1017	828	748	1087
5	889	758	728	1088
5	1528	1266	1364	1089
5	545	299	297	1090
5	630	422	298	1091
5	748	546	545	1092
5	546	299	545	1093
5	844	714	471	1094
5	630	298	546	1095
5	547	536	301	1096
5	547	301	318	1097
5	549	285	304	1098
5	549	526	285	1099
5	700	544	472	1100
5	715	678	458	1101
5	569	338	306	1102
5	570	254	338	1103
5	751	551	644	1104
5	567	516	250	1105
5	553	282	309	1106
5	552	309	283	1107
5	745	459	542	1108
5	672	560	470	1109
5	780	577	574	1110
5	776	573	466	1111
5	562	331	313	1112
5	563	300	331	1113
5	763	562	762	1114
5	738	473	532	1115
5	565	333	564	1116
5	642	316	557	1117
5	559	288	324	1118
5	558	324	289	1119
5	679	518	524	1120
5	753	553	752	1121
5	561	260	329	1122
5	560	329	265	1123
5	746	518	679	1124
5	734	528	733	1125
5	953	769	768	1126
5	563	331	562	1127
5	846	453	646	1128
5	699	505	469	1129
5	565	294	333	1130
5	564	333	314	1131
5	777	574	573	1132
5	845	646	577	1133
5	1086	856	1051	1134
5	723	511	579	1135
5	723	579	671	1136
5	669	456	511	1137
5	568	467	337	1138
5	568	337	446	1139
5	761	744	541	1140
5	570	338	569	1141
5	750	549	749	1142
5	1667	1374	1548	1143
5	1136	946	1047	1144
5	572	339	571	1145
5	676	550	461	1146
5	846	649	453	1147
5	773	571	505	1148
5	574	341	573	1149
5	1142	954	953	1150
5	577	327	574	1151
5	576	305	343	1152
5	576	461	305	1153
5	1037	714	844	1154
5	829	651	631	1155
5	1039	846	845	1156
5	646	344	577	1157
5	578	513	266	1158
5	578	266	347	1159
5	579	511	336	1160
5	579	336	445	1161
5	790	594	690	1162
5	633	351	627	1163
5	581	492	430	1164
5	581	430	431	1165
5	582	487	357	1166
5	582	357	349	1167
5	584	358	362	1168
5	589	363	377	1169
5	712	495	493	1170
5	585	358	584	1171
5	688	494	486	1172
5	589	377	585	1173
5	586	502	359	1174
5	586	359	368	1175
5	1092	867	661	1176
5	802	703	480	1177
5	592	366	395	1178
5	606	392	366	1179
5	1030	905	688	1180
5	590	363	589	1181
5	840	641	640	1182
5	1154	968	910	1183
5	803	605	703	1184
5	638	364	591	1185
5	789	592	588	1186
5	606	366	592	1187
5	640	437	370	1188
5	641	365	437	1189
5	595	352	372	1190
5	594	372	427	1191
5	794	500	718	1192
5	796	481	600	1193
5	787	519	590	1194
5	838	688	486	1195
5	597	596	374	1196
5	597	374	428	1197
5	598	500	379	1198
5	598	379	411	1199
5	793	596	792	1200
5	600	380	599	1201
5	821	624	623	1202
5	793	712	493	1203
5	612	602	386	1204
5	613	403	387	1205
5	611	389	604	1206
5	603	404	602	1207
5	683	593	488	1208
5	613	387	603	1209
5	611	401	389	1210
5	612	386	401	1211
5	609	399	391	1212
5	610	388	399	1213
5	681	586	492	1214
5	707	491	655	1215
5	803	609	605	1216
5	608	397	607	1217
5	840	640	839	1218
5	983	798	789	1219
5	708	489	504	1220
5	610	399	609	1221
5	812	615	684	1222
5	684	615	479	1223
5	810	614	613	1224
5	612	401	611	1225
5	1032	840	839	1226
5	801	608	607	1227
5	709	489	708	1228
5	614	403	613	1229
5	788	527	732	1230
5	682	487	582	1231
5	616	381	405	1232
5	620	264	408	1233
5	1026	834	1025	1234
5	619	381	616	1235
5	618	349	407	1236
5	618	582	349	1237
5	686	487	682	1238
5	782	583	686	1239
5	732	527	519	1240
5	620	408	619	1241
5	787	732	519	1242
5	785	589	585	1243
5	687	597	529	1244
5	622	409	621	1245
5	820	623	622	1246
5	623	382	622	1247
5	1001	813	877	1248
5	624	412	623	1249
5	713	496	481	1250
5	702	477	499	1251
5	625	499	415	1252
5	625	415	321	1253
5	781	580	501	1254
5	633	424	351	1255
5	911	702	902	1256
5	721	477	702	1257
5	826	628	825	1258
5	629	420	628	1259
5	827	733	463	1260
5	883	666	729	1261
5	651	520	631	1262
5	631	422	630	1263
5	715	497	714	1264
5	740	455	533	1265
5	632	510	423	1266
5	632	423	418	1267
5	791	595	790	1268
5	831	478	633	1269
5	718	500	598	1270
5	796	713	481	1271
5	831	633	830	1272
5	1007	819	818	1273
5	637	529	373	1274
5	636	432	376	1275
5	813	618	617	1276
5	836	638	591	1277
5	797	603	602	1278
5	639	436	638	1279
5	811	705	482	1280
5	705	684	479	1281
5	903	684	705	1282
5	641	437	640	1283
5	654	581	485	1284
5	817	730	523	1285
5	649	575	453	1286
5	643	441	642	1287
5	778	575	649	1288
5	770	550	676	1289
5	644	551	442	1290
5	644	442	307	1291
5	645	579	445	1292
5	645	445	348	1293
5	950	766	765	1294
5	937	752	855	1295
5	695	452	451	1296
5	1220	1045	1048	1297
5	648	548	474	1298
5	772	648	474	1299
5	778	576	575	1300
5	772	474	570	1301
5	650	476	459	1302
5	745	650	459	1303
5	756	556	520	1304
5	844	471	643	1305
5	735	522	674	1306
5	759	743	539	1307
5	1219	507	658	1308
5	863	685	849	1309
5	1069	983	1031	1310
5	1318	1171	1317	1311
5	719	586	681	1312
5	784	655	587	1313
5	656	632	509	1314
5	721	656	509	1315
5	657	653	490	1316
5	657	490	503	1317
5	658	507	439	1318
5	658	439	440	1319
5	691	438	659	1320
5	691	440	438	1321
5	1063	942	889	1322
5	909	891	678	1323
5	668	255	256	1324
5	868	515	726	1325
5	662	547	514	1326
5	1115	1079	873	1327
5	695	451	693	1328
5	1022	694	831	1329
5	664	555	464	1330
5	738	532	737	1331
5	696	538	468	1332
5	666	524	460	1333
5	728	538	696	1334
5	758	558	728	1335
5	667	617	457	1336
5	730	667	457	1337
5	853	517	660	1338
5	727	255	668	1339
5	673	514	467	1340
5	675	456	669	1341
5	1018	829	828	1342
5	672	470	670	1343
5	723	669	511	1344
5	1012	781	976	1345
5	1086	951	856	1346
5	1040	875	649	1347
5	680	568	675	1348
5	680	467	568	1349
5	735	531	522	1350
5	739	533	475	1351
5	680	673	467	1352
5	915	856	725	1353
5	779	576	778	1354
5	779	676	461	1355
5	677	674	530	1356
5	677	530	462	1357
5	678	670	454	1358
5	678	454	458	1359
5	896	666	883	1360
5	1134	943	1133	1361
5	856	751	725	1362
5	915	701	871	1363
5	719	502	586	1364
5	784	502	719	1365
5	814	618	813	1366
5	814	582	618	1367
5	841	588	641	1368
5	703	605	480	1369
5	993	807	806	1370
5	704	604	601	1371
5	867	659	506	1372
5	720	685	508	1373
5	1028	837	836	1374
5	838	486	639	1375
5	710	494	688	1376
5	711	687	529	1377
5	710	636	494	1378
5	999	903	705	1379
5	818	495	712	1380
5	819	622	621	1381
5	832	496	713	1382
5	1202	1024	1023	1383
5	720	508	507	1384
5	691	658	440	1385
5	692	671	645	1386
5	692	645	465	1387
5	695	663	452	1388
5	1267	1109	914	1389
5	823	580	781	1390
5	830	633	627	1391
5	1107	902	1054	1392
5	901	695	693	1393
5	728	558	538	1394
5	729	666	460	1395
5	697	664	464	1396
5	697	464	473	1397
5	724	512	698	1398
5	724	525	512	1399
5	755	554	754	1400
5	716	466	498	1401
5	747	545	544	1402
5	828	630	546	1403
5	725	644	536	1404
5	738	697	473	1405
5	1198	1020	1013	1406
5	864	693	722	1407
5	805	704	601	1408
5	806	604	704	1409
5	804	609	803	1410
5	1366	1224	1264	1411
5	809	603	797	1412
5	995	808	994	1413
5	706	681	492	1414
5	706	492	581	1415
5	707	683	488	1416
5	707	488	491	1417
5	709	484	489	1418
5	802	480	608	1419
5	995	797	808	1420
5	800	484	709	1421
5	991	805	804	1422
5	993	806	880	1423
5	865	812	684	1424
5	1002	812	865	1425
5	818	621	495	1426
5	820	622	819	1427
5	832	634	496	1428
5	833	635	634	1429
5	715	458	497	1430
5	714	497	471	1431
5	925	739	736	1432
5	921	735	674	1433
5	774	571	773	1434
5	775	716	498	1435
5	717	702	499	1436
5	717	499	625	1437
5	794	599	500	1438
5	795	600	599	1439
5	910	719	681	1440
5	1032	839	879	1441
5	1070	1032	879	1442
5	1068	857	863	1443
5	1021	831	830	1444
5	1026	884	690	1445
5	722	693	510	1446
5	722	510	632	1447
5	1253	1102	1225	1448
5	1258	1059	1082	1449
5	1221	1059	852	1450
5	1057	698	663	1451
5	954	737	769	1452
5	1060	913	859	1453
5	1222	1093	868	1454
5	1061	888	932	1455
5	727	726	340	1456
5	727	340	255	1457
5	893	670	891	1458
5	930	745	744	1459
5	922	735	921	1460
5	1289	1124	1064	1461
5	815	616	812	1462
5	1062	900	905	1463
5	731	700	472	1464
5	731	472	526	1465
5	788	591	527	1466
5	837	639	638	1467
5	734	462	528	1468
5	733	528	463	1469
5	941	757	756	1470
5	1015	826	1014	1471
5	855	752	665	1472
5	736	531	735	1473
5	938	753	937	1474
5	739	475	736	1475
5	767	551	751	1476
5	875	778	649	1477
5	958	872	648	1478
5	960	774	959	1479
5	929	742	928	1480
5	740	533	739	1481
5	1407	1228	1294	1482
5	1810	1652	1504	1483
5	742	468	537	1484
5	741	537	535	1485
5	855	665	854	1486
5	1014	826	825	1487
5	743	729	521	1488
5	743	521	539	1489
5	761	561	760	1490
5	745	542	744	1491
5	1019	651	829	1492
5	935	750	749	1493
5	1139	941	1076	1494
5	1120	854	927	1495
5	931	650	745	1496
5	748	545	747	1497
5	1014	825	869	1498
5	828	546	748	1499
5	750	526	549	1500
5	750	731	526	1501
5	920	885	677	1502
5	927	652	740	1503
5	767	566	551	1504
5	769	516	567	1505
5	753	535	553	1506
5	752	553	552	1507
5	929	916	696	1508
5	1213	1035	1212	1509
5	755	469	554	1510
5	755	699	469	1511
5	948	754	764	1512
5	939	755	754	1513
5	757	564	556	1514
5	766	557	565	1515
5	941	756	851	1516
5	765	564	757	1517
5	759	539	559	1518
5	758	559	558	1519
5	1120	1085	854	1520
5	922	736	735	1521
5	761	541	561	1522
5	760	561	560	1523
5	956	771	770	1524
5	935	749	872	1525
5	763	563	562	1526
5	764	540	563	1527
5	959	774	773	1528
5	764	563	763	1529
5	963	777	776	1530
5	961	775	960	1531
5	891	670	678	1532
5	766	565	765	1533
5	1035	843	842	1534
5	842	557	766	1535
5	915	725	701	1536
5	768	566	767	1537
5	948	939	754	1538
5	769	567	768	1539
5	947	763	946	1540
5	1040	649	846	1541
5	872	749	648	1542
5	771	569	770	1543
5	956	770	955	1544
5	772	570	771	1545
5	965	778	875	1546
5	957	772	771	1547
5	774	572	571	1548
5	775	572	774	1549
5	952	767	951	1550
5	859	671	692	1551
5	871	701	662	1552
5	923	738	737	1553
5	873	664	697	1554
5	777	573	776	1555
5	873	848	664	1556
5	780	574	777	1557
5	779	461	576	1558
5	933	747	700	1559
5	1127	935	1067	1560
5	934	748	747	1561
5	946	763	762	1562
5	845	577	780	1563
5	823	626	580	1564
5	824	627	626	1565
5	783	585	584	1566
5	786	590	589	1567
5	1029	838	837	1568
5	785	585	783	1569
5	986	709	904	1570
5	985	904	708	1571
5	967	782	858	1572
5	786	589	785	1573
5	970	783	967	1574
5	787	590	786	1575
5	900	835	710	1576
5	973	732	787	1577
5	1011	689	822	1578
5	836	591	788	1579
5	798	606	592	1580
5	799	504	606	1581
5	791	501	595	1582
5	790	595	594	1583
5	1008	820	819	1584
5	1020	830	824	1585
5	793	493	596	1586
5	792	596	597	1587
5	1027	836	788	1588
5	906	835	900	1589
5	981	795	980	1590
5	795	599	794	1591
5	1020	824	1013	1592
5	796	600	795	1593
5	975	791	790	1594
5	976	791	975	1595
5	809	613	603	1596
5	811	482	614	1597
5	1081	850	876	1598
5	799	606	798	1599
5	969	862	655	1600
5	1257	1081	1239	1601
5	898	803	703	1602
5	801	607	800	1603
5	904	709	708	1604
5	802	608	801	1605
5	878	707	862	1606
5	998	811	810	1607
5	804	610	609	1608
5	805	601	610	1609
5	880	806	704	1610
5	805	610	804	1611
5	989	898	703	1612
5	1078	857	1068	1613
5	807	612	611	1614
5	808	602	612	1615
5	1209	1029	1208	1616
5	808	612	807	1617
5	1182	1002	1073	1618
5	877	813	667	1619
5	1253	1056	1102	1620
5	810	613	809	1621
5	1004	817	816	1622
5	811	614	810	1623
5	903	865	684	1624
5	1159	972	971	1625
5	815	619	616	1626
5	817	523	620	1627
5	814	682	582	1628
5	971	786	785	1629
5	882	792	687	1630
5	1102	1056	901	1631
5	879	683	878	1632
5	816	619	815	1633
5	1002	815	812	1634
5	817	620	816	1635
5	907	882	687	1636
5	1006	818	712	1637
5	977	793	792	1638
5	819	621	818	1639
5	1025	834	833	1640
5	822	624	821	1641
5	1025	833	1024	1642
5	822	483	624	1643
5	1012	823	781	1644
5	975	790	884	1645
5	979	718	881	1646
5	981	796	795	1647
5	1013	823	1012	1648
5	979	794	718	1649
5	976	781	791	1650
5	830	627	824	1651
5	826	629	628	1652
5	827	463	629	1653
5	1019	829	1018	1654
5	827	629	826	1655
5	869	825	650	1656
5	894	760	672	1657
5	949	757	941	1658
5	829	630	828	1659
5	1037	908	714	1660
5	1145	955	1144	1661
5	1056	852	901	1662
5	911	721	702	1663
5	901	693	864	1664
5	902	717	860	1665
5	982	796	981	1666
5	833	634	832	1667
5	977	792	882	1668
5	834	635	833	1669
5	967	783	782	1670
5	1104	907	906	1671
5	835	711	637	1672
5	835	637	636	1673
5	978	712	793	1674
5	837	638	836	1675
5	1030	688	838	1676
5	838	639	837	1677
5	1003	815	1002	1678
5	878	683	707	1679
5	1367	1092	1265	1680
5	841	641	840	1681
5	984	798	983	1682
5	841	789	588	1683
5	1226	1090	1156	1684
5	876	706	654	1685
5	921	674	885	1686
5	843	642	842	1687
5	931	869	650	1688
5	844	643	843	1689
5	894	672	893	1690
5	909	715	908	1691
5	870	773	699	1692
5	846	646	845	1693
5	961	716	775	1694
5	959	773	870	1695
5	847	692	647	1696
5	914	647	724	1697
5	848	762	664	1698
5	1138	1131	939	1699
5	1044	691	659	1700
5	1686	1371	1519	1701
5	1154	910	1049	1702
5	857	653	657	1703
5	851	756	651	1704
5	1148	872	958	1705
5	1082	724	1058	1706
5	914	847	647	1707
5	1506	863	1042	1708
5	1083	726	727	1709
5	854	665	652	1710
5	927	854	652	1711
5	1101	891	909	1712
5	1260	1100	1228	1713
5	954	923	737	1714
5	1308	1152	1307	1715
5	876	850	706	1716
5	887	653	857	1717
5	858	782	686	1718
5	899	858	686	1719
5	1231	1045	1220	1720
5	1507	1408	1431	1721
5	860	717	694	1722
5	1336	1191	1335	1723
5	1369	1220	1271	1724
5	1598	1554	1440	1725
5	968	719	910	1726
5	1156	862	969	1727
5	863	857	657	1728
5	863	657	685	1729
5	1162	975	884	1730
5	1167	980	1166	1731
5	1005	918	730	1732
5	1278	1105	1104	1733
5	866	864	722	1734
5	866	722	656	1735
5	1406	1093	1222	1736
5	1264	1224	1078	1737
5	1527	1061	932	1738
5	1371	888	1227	1739
5	1016	919	733	1740
5	885	674	677	1741
5	940	755	939	1742
5	962	716	961	1743
5	1140	952	951	1744
5	1094	890	1041	1745
5	1217	875	1040	1746
5	955	770	676	1747
5	924	738	923	1748
5	924	697	738	1749
5	936	750	935	1750
5	933	700	874	1751
5	1150	960	1149	1752
5	958	648	772	1753
5	1171	985	1170	1754
5	1155	968	1154	1755
5	1077	905	1030	1756
5	899	686	682	1757
5	879	839	683	1758
5	1033	840	1032	1759
5	1078	887	857	1760
5	1171	904	985	1761
5	990	803	898	1762
5	996	797	995	1763
5	881	718	689	1764
5	1011	881	689	1765
5	1006	712	978	1766
5	1010	822	821	1767
5	1135	945	944	1768
5	917	883	729	1769
5	980	794	979	1770
5	1024	833	832	1771
5	920	734	919	1772
5	925	736	922	1773
5	1508	720	886	1774
5	886	720	507	1775
5	887	876	654	1776
5	887	654	653	1777
5	932	679	896	1778
5	932	746	679	1779
5	917	729	743	1780
5	942	758	889	1781
5	890	871	662	1782
5	890	662	673	1783
5	893	672	670	1784
5	945	930	744	1785
5	892	861	669	1786
5	892	669	723	1787
5	1113	921	885	1788
5	944	760	894	1789
5	1046	944	894	1790
5	1195	1111	919	1791
5	895	890	673	1792
5	895	673	680	1793
5	932	888	746	1794
5	896	679	666	1795
5	897	895	680	1796
5	897	680	675	1797
5	990	804	803	1798
5	992	704	805	1799
5	1071	1000	1001	1800
5	1206	1027	974	1801
5	906	711	835	1802
5	907	687	711	1803
5	1108	1055	912	1804
5	1221	852	1056	1805
5	912	656	721	1806
5	912	721	911	1807
5	994	807	993	1808
5	1180	996	1179	1809
5	986	800	709	1810
5	989	703	802	1811
5	905	900	710	1812
5	905	710	688	1813
5	1190	881	1011	1814
5	907	711	906	1815
5	1187	1009	1008	1816
5	1165	978	977	1817
5	909	678	715	1818
5	908	715	714	1819
5	1123	1066	931	1820
5	1119	927	926	1821
5	968	784	719	1822
5	969	655	784	1823
5	1335	1163	1313	1824
5	912	866	656	1825
5	1229	1087	1109	1826
5	1205	884	1026	1827
5	913	892	723	1828
5	913	723	671	1829
5	1091	864	866	1830
5	1060	1050	913	1831
5	1269	1140	1086	1832
5	1151	961	1150	1833
5	916	889	728	1834
5	916	728	696	1835
5	943	759	942	1836
5	1228	1100	1134	1837
5	918	877	667	1838
5	918	667	730	1839
5	920	677	734	1840
5	919	734	733	1841
5	1144	964	1095	1842
5	1217	1096	875	1843
5	1146	957	956	1844
5	926	740	739	1845
5	1238	1076	1197	1846
5	1195	919	1016	1847
5	924	873	697	1848
5	1321	1177	1176	1849
5	1153	966	963	1850
5	1290	1128	1247	1851
5	1283	1112	1111	1852
5	926	739	925	1853
5	1121	929	928	1854
5	927	740	926	1855
5	1129	937	1065	1856
5	1085	855	854	1857
5	929	696	742	1858
5	928	742	741	1859
5	1063	889	1043	1860
5	1133	942	1063	1861
5	945	761	944	1862
5	931	745	930	1863
5	1123	930	945	1864
5	1065	937	855	1865
5	1286	1117	1284	1866
5	1604	1461	1460	1867
5	1283	1113	1112	1868
5	934	747	933	1869
5	1194	1016	1015	1870
5	1017	748	934	1871
5	936	731	750	1872
5	936	874	731	1873
5	1125	933	874	1874
5	1139	949	941	1875
5	938	741	753	1876
5	937	753	752	1877
5	1130	1121	928	1878
5	1227	888	1061	1879
5	940	699	755	1880
5	940	870	699	1881
5	1131	940	939	1882
5	1052	959	870	1883
5	949	765	757	1884
5	1034	842	766	1885
5	943	743	759	1886
5	942	759	758	1887
5	1368	1227	1061	1888
5	1124	932	896	1889
5	945	744	761	1890
5	944	761	760	1891
5	1117	925	922	1892
5	1123	945	1135	1893
5	947	764	763	1894
5	948	764	947	1895
5	1297	1136	1244	1896
5	1106	908	1037	1897
5	1095	964	965	1898
5	1304	1144	1240	1899
5	1149	960	959	1900
5	950	765	949	1901
5	1320	1176	1175	1902
5	1034	766	950	1903
5	952	768	767	1904
5	953	768	952	1905
5	1089	892	1050	1906
5	1282	1094	1236	1907
5	1430	1280	1373	1908
5	954	769	953	1909
5	1137	947	1136	1910
5	1151	962	961	1911
5	1146	956	1145	1912
5	1212	950	1139	1913
5	1152	962	1151	1914
5	957	771	956	1915
5	1197	1017	1196	1916
5	958	772	957	1917
5	1340	1126	1290	1918
5	1196	1017	934	1919
5	960	775	774	1920
5	962	776	716	1921
5	1110	1051	915	1922
5	963	776	962	1923
5	1094	871	890	1924
5	966	780	777	1925
5	1140	951	1086	1926
5	1425	1282	1370	1927
5	1079	1047	848	1928
5	966	777	963	1929
5	964	955	676	1930
5	964	676	779	1931
5	965	964	779	1932
5	965	779	778	1933
5	1298	1293	1131	1934
5	1038	780	966	1935
5	970	785	783	1936
5	972	787	786	1937
5	1169	983	1069	1938
5	969	784	968	1939
5	1173	987	986	1940
5	1090	878	862	1941
5	1182	1003	1002	1942
5	971	785	970	1943
5	1183	918	1005	1944
5	972	786	971	1945
5	1259	1087	1229	1946
5	973	787	972	1947
5	1179	995	994	1948
5	974	732	973	1949
5	1074	880	1178	1950
5	1027	788	974	1951
5	1185	1007	1006	1952
5	1013	824	823	1953
5	1347	1201	1346	1954
5	1343	1199	1198	1955
5	1172	986	904	1956
5	1007	818	1006	1957
5	1160	973	972	1958
5	1008	819	1007	1959
5	980	795	794	1960
5	982	713	796	1961
5	1168	981	1167	1962
5	1023	832	713	1963
5	1191	1012	976	1964
5	1205	1162	884	1965
5	1332	1188	1331	1966
5	1023	713	982	1967
5	984	799	798	1968
5	985	708	799	1969
5	1310	1226	1156	1970
5	985	799	984	1971
5	1318	1173	1172	1972
5	1176	989	1175	1973
5	1169	984	983	1974
5	987	800	986	1975
5	1178	991	1177	1976
5	988	801	987	1977
5	1177	991	990	1978
5	989	802	988	1979
5	1174	988	987	1980
5	1310	1156	1155	1981
5	1181	1073	903	1982
5	991	804	990	1983
5	1175	989	988	1984
5	992	805	991	1985
5	1170	984	1169	1986
5	1157	970	967	1987
5	994	808	807	1988
5	999	705	811	1989
5	1172	904	1171	1990
5	997	810	809	1991
5	1161	974	973	1992
5	1207	1028	1027	1993
5	1075	967	858	1994
5	997	809	996	1995
5	1101	1046	893	1996
5	998	810	997	1997
5	1584	1430	1509	1998
5	999	811	998	1999
5	1073	865	903	2000
5	1183	1098	918	2001
5	1000	899	682	2002
5	1000	682	814	2003
5	1001	1000	814	2004
5	1001	814	813	2005
5	1003	816	815	2006
5	1005	730	817	2007
5	1181	903	999	2008
5	1004	816	1003	2009
5	1178	880	992	2010
5	1005	817	1004	2011
5	1073	1002	865	2012
5	1183	1004	1182	2013
5	1189	1011	1010	2014
5	1009	821	820	2015
5	1104	906	1103	2016
5	1334	1250	1053	2017
5	1166	980	979	2018
5	1009	820	1008	2019
5	1203	1025	1024	2020
5	1010	821	1009	2021
5	1191	976	1163	2022
5	1011	822	1010	2023
5	1166	979	1053	2024
5	1168	982	981	2025
5	1192	1013	1012	2026
5	1021	830	1020	2027
5	1201	982	1168	2028
5	1022	831	1021	2029
5	1015	827	826	2030
5	1016	733	827	2031
5	1046	894	893	2032
5	1016	827	1015	2033
5	1212	1034	950	2034
5	1128	936	1127	2035
5	1135	944	1046	2036
5	1018	828	1017	2037
5	1106	1101	909	2038
5	1019	851	651	2039
5	1076	941	851	2040
5	1212	1035	1034	2041
5	1415	1056	1253	2042
5	1163	975	1162	2043
5	1349	1203	1348	2044
5	1022	860	694	2045
5	1091	866	1055	2046
5	1055	866	912	2047
5	1192	1012	1191	2048
5	1024	832	1023	2049
5	1164	977	882	2050
5	1026	690	834	2051
5	1184	1006	978	2052
5	1103	900	1062	2053
5	1179	996	995	2054
5	1105	882	907	2055
5	1072	899	1000	2056
5	1028	836	1027	2057
5	1180	998	997	2058
5	1029	837	1028	2059
5	1105	907	1104	2060
5	1030	838	1029	2061
5	1103	906	900	2062
5	1188	1010	1009	2063
5	1031	983	789	2064
5	1031	789	841	2065
5	1033	841	840	2066
5	1033	1031	841	2067
5	1355	1211	1210	2068
5	1517	1470	1397	2069
5	1076	851	1019	2070
5	1035	842	1034	2071
5	1118	926	925	2072
5	1036	843	1035	2073
5	1066	869	931	2074
5	1037	844	1036	2075
5	1085	1065	855	2076
5	1122	929	1121	2077
5	1136	947	946	2078
5	1039	845	1038	2079
5	1214	1038	966	2080
5	1040	846	1039	2081
5	1149	959	1052	2082
5	1216	1040	1039	2083
5	1050	892	913	2084
5	1422	1270	1246	2085
5	1042	863	849	2086
5	1044	659	867	2087
5	1436	1289	1260	2088
5	1122	916	929	2089
5	1256	691	1044	2090
5	1080	658	691	2091
5	1045	1041	895	2092
5	1045	895	897	2093
5	1101	893	891	2094
5	1106	1037	1213	2095
5	1047	946	848	2096
5	1273	1051	1110	2097
5	1048	1045	897	2098
5	1048	897	861	2099
5	1049	910	850	2100
5	1326	1073	1181	2101
5	1089	861	892	2102
5	1089	1048	861	2103
5	1143	923	954	2104
5	1079	848	873	2105
5	1132	940	1131	2106
5	1290	1126	1125	2107
5	1053	979	881	2108
5	1190	1053	881	2109
5	1054	902	860	2110
5	1200	1088	1022	2111
5	1108	911	1107	2112
5	1270	1050	1246	2113
5	1102	864	1091	2114
5	1102	901	864	2115
5	1058	698	1057	2116
5	1058	724	698	2117
5	1082	914	724	2118
5	1258	1057	1059	2119
5	1059	1057	663	2120
5	1059	663	852	2121
5	1246	1050	1060	2122
5	1345	1200	1344	2123
5	1356	1243	1212	2124
5	1124	896	1064	2125
5	1405	1310	1376	2126
5	1077	1062	905	2127
5	1064	896	883	2128
5	1294	1133	1223	2129
5	1443	1295	1377	2130
5	1134	917	943	2131
5	1193	1015	1014	2132
5	1338	1195	1194	2133
5	1111	920	919	2134
5	1066	1014	869	2135
5	1067	935	872	2136
5	1148	1067	872	2137
5	1097	887	1078	2138
5	1081	1049	850	2139
5	1210	1032	1070	2140
5	1211	1031	1033	2141
5	1210	1033	1032	2142
5	1211	1069	1031	2143
5	1249	1079	1248	2144
5	1157	967	1075	2145
5	1312	1160	1311	2146
5	1072	1000	1071	2147
5	1071	1001	877	2148
5	1182	1004	1003	2149
5	1181	998	1180	2150
5	1074	994	993	2151
5	1072	1075	858	2152
5	1378	1232	1353	2153
5	1139	950	949	2154
5	1127	936	935	2155
5	1158	970	1157	2156
5	1208	1029	1028	2157
5	1323	1074	1322	2158
5	1239	1097	1224	2159
5	1141	952	1140	2160
5	1231	1041	1045	2161
5	1550	1367	1265	2162
5	1754	1607	1753	2163
5	1126	933	1125	2164
5	1197	1018	1017	2165
5	1267	914	1082	2166
5	1281	1235	1055	2167
5	1289	1064	1260	2168
5	1233	867	1092	2169
5	1268	727	1084	2170
5	1084	727	668	2171
5	1112	920	1111	2172
5	1563	1452	1533	2173
5	1411	1259	1375	2174
5	1115	873	924	2175
5	1087	1060	859	2176
5	1087	859	847	2177
5	1088	1054	860	2178
5	1088	860	1022	2179
5	1449	1304	1448	2180
5	1303	1116	1143	2181
5	1099	879	878	2182
5	1099	1070	879	2183
5	1277	1103	1062	2184
5	1072	858	899	2185
5	1233	1044	867	2186
5	1222	868	1083	2187
5	1093	1092	661	2188
5	1093	661	868	2189
5	1110	915	871	2190
5	1270	1089	1050	2191
5	1144	955	964	2192
5	1145	956	955	2193
5	1096	1095	965	2194
5	1096	965	875	2195
5	1097	1081	876	2196
5	1097	876	887	2197
5	1098	1071	877	2198
5	1098	877	918	2199
5	1354	1070	1275	2200
5	1318	1172	1171	2201
5	1100	1064	883	2202
5	1100	883	917	2203
5	1262	1075	1072	2204
5	1382	1351	1350	2205
5	1179	994	1074	2206
5	1074	993	880	2207
5	1352	1207	1206	2208
5	1164	882	1105	2209
5	1322	1178	1316	2210
5	1165	977	1164	2211
5	1276	1071	1272	2212
5	1184	978	1165	2213
5	1106	909	908	2214
5	1357	1213	1243	2215
5	1108	912	911	2216
5	1107	911	902	2217
5	1721	1375	1577	2218
5	1383	1234	1254	2219
5	1109	1087	847	2220
5	1109	847	914	2221
5	1384	1220	1369	2222
5	1269	1086	1230	2223
5	1112	885	920	2224
5	1114	922	921	2225
5	1284	1117	1114	2226
5	1113	885	1112	2227
5	1338	1194	1193	2228
5	1114	921	1113	2229
5	1339	1283	1111	2230
5	1117	922	1114	2231
5	1385	1247	1306	2232
5	1141	953	952	2233
5	1116	1115	924	2234
5	1116	924	923	2235
5	1242	1065	1085	2236
5	1118	925	1117	2237
5	1389	1223	1237	2238
5	1119	926	1118	2239
5	1292	1130	1291	2240
5	1120	927	1119	2241
5	1439	1416	1288	2242
5	1255	1043	1122	2243
5	1130	938	1129	2244
5	1122	1043	916	2245
5	1433	1380	1286	2246
5	1589	1438	1510	2247
5	1123	931	930	2248
5	1193	1014	1066	2249
5	1286	1118	1117	2250
5	1287	1119	1286	2251
5	1126	934	933	2252
5	1197	1076	1019	2253
5	1295	1123	1135	2254
5	1196	934	1126	2255
5	1128	874	936	2256
5	1128	1125	874	2257
5	1452	1357	1387	2258
5	1450	1293	1446	2259
5	1130	928	938	2260
5	1129	938	937	2261
5	1337	1066	1296	2262
5	1435	1386	1241	2263
5	1132	870	940	2264
5	1132	1052	870	2265
5	1360	1216	1359	2266
5	1240	1144	1095	2267
5	1134	1100	917	2268
5	1133	943	942	2269
5	1511	1222	1420	2270
5	1953	1664	1706	2271
5	1285	1248	1115	2272
5	1245	1052	1293	2273
5	1137	948	947	2274
5	1138	939	948	2275
5	1293	1132	1131	2276
5	1138	948	1137	2277
5	1307	1152	1151	2278
5	1298	1131	1138	2279
5	1299	1076	1238	2280
5	1213	1037	1036	2281
5	1143	954	1142	2282
5	1142	953	1141	2283
5	1300	1141	1140	2284
5	1143	1116	923	2285
5	1557	1381	1552	2286
5	1297	1138	1137	2287
5	1365	1302	1301	2288
5	1586	1525	1380	2289
5	1240	1095	1096	2290
5	1147	958	957	2291
5	1308	1214	1153	2292
5	1245	1150	1149	2293
5	1304	1145	1144	2294
5	1147	957	1146	2295
5	1359	1214	1308	2296
5	1148	958	1147	2297
5	1360	1240	1096	2298
5	1411	1246	1259	2299
5	1150	961	960	2300
5	1152	963	962	2301
5	1305	1146	1304	2302
5	1153	963	1152	2303
5	1305	1148	1147	2304
5	1214	966	1153	2305
5	1359	1216	1215	2306
5	1215	1039	1038	2307
5	1306	1067	1148	2308
5	1307	1151	1150	2309
5	1155	969	968	2310
5	1156	1090	862	2311
5	1515	1080	1256	2312
5	1156	969	1155	2313
5	1899	1755	1754	2314
5	1274	1090	1226	2315
5	1158	971	970	2316
5	1209	1030	1029	2317
5	1232	1062	1077	2318
5	1159	971	1158	2319
5	1259	1060	1087	2320
5	1160	972	1159	2321
5	1329	1272	1098	2322
5	1161	973	1160	2323
5	1348	1203	1202	2324
5	1206	974	1161	2325
5	1163	976	975	2326
5	1199	1021	1020	2327
5	1333	1190	1189	2328
5	1200	1021	1199	2329
5	1277	1104	1103	2330
5	1185	1006	1184	2331
5	1346	1168	1315	2332
5	1186	1008	1007	2333
5	1167	981	980	2334
5	1201	1023	982	2335
5	1315	1168	1167	2336
5	1202	1023	1201	2337
5	1336	1192	1191	2338
5	1203	1024	1202	2339
5	1170	985	984	2340
5	1274	1099	1090	2341
5	1746	1600	1570	2342
5	1173	986	1172	2343
5	1462	1459	1321	2344
5	1174	987	1173	2345
5	1641	1426	1583	2346
5	1175	988	1174	2347
5	1239	1081	1097	2348
5	1176	990	898	2349
5	1355	1210	1354	2350
5	1176	898	989	2351
5	1252	1069	1211	2352
5	1317	1169	1252	2353
5	1317	1171	1170	2354
5	1177	990	1176	2355
5	1252	1169	1069	2356
5	1178	992	991	2357
5	1464	1322	1463	2358
5	1180	997	996	2359
5	1311	1159	1158	2360
5	1181	999	998	2361
5	1272	1071	1098	2362
5	1329	1098	1183	2363
5	1325	1181	1180	2364
5	1316	1178	1177	2365
5	1317	1170	1169	2366
5	1183	1005	1004	2367
5	1276	1072	1071	2368
5	1328	1183	1182	2369
5	1343	1198	1342	2370
5	1259	1246	1060	2371
5	1351	1313	1162	2372
5	1186	1007	1185	2373
5	1331	1186	1330	2374
5	1187	1008	1186	2375
5	1330	1185	1184	2376
5	1188	1009	1187	2377
5	1277	1062	1232	2378
5	1189	1010	1188	2379
5	1620	1456	1475	2380
5	1190	1011	1189	2381
5	1342	1192	1336	2382
5	1330	1186	1185	2383
5	1351	1162	1205	2384
5	1374	1253	1225	2385
5	1280	1107	1234	2386
5	1198	1013	1192	2387
5	1284	1114	1113	2388
5	1194	1015	1193	2389
5	1291	1129	1241	2390
5	1195	1016	1194	2391
5	1241	1129	1065	2392
5	1287	1120	1119	2393
5	1284	1113	1283	2394
5	1197	1019	1018	2395
5	1295	1135	1261	2396
5	1358	1106	1357	2397
5	1234	1107	1054	2398
5	1200	1022	1021	2399
5	1345	1254	1088	2400
5	1344	1199	1343	2401
5	1342	1198	1192	2402
5	1313	1163	1162	2403
5	1335	1191	1163	2404
5	1204	1026	1025	2405
5	1349	1204	1203	2406
5	1350	1205	1204	2407
5	1492	1312	1311	2408
5	1204	1025	1203	2409
5	1263	1157	1075	2410
5	1205	1026	1204	2411
5	1278	1164	1105	2412
5	1346	1201	1168	2413
5	1323	1179	1074	2414
5	1207	1027	1206	2415
5	1314	1184	1165	2416
5	1208	1028	1207	2417
5	1263	1158	1157	2418
5	1209	1077	1030	2419
5	1353	1209	1208	2420
5	1232	1077	1209	2421
5	1319	1175	1174	2422
5	1211	1033	1210	2423
5	1321	1316	1177	2424
5	1324	1179	1323	2425
5	1478	1296	1443	2426
5	1213	1036	1035	2427
5	1370	1282	1236	2428
5	1243	1213	1212	2429
5	1654	1531	1581	2430
5	1215	1038	1214	2431
5	1285	1115	1116	2432
5	1216	1039	1215	2433
5	1384	1231	1220	2434
5	1217	1040	1216	2435
5	1306	1247	1067	2436
5	1247	1127	1067	2437
5	1218	1084	668	2438
5	1218	668	517	2439
5	1521	1233	1367	2440
5	1219	886	507	2441
5	1271	1048	1089	2442
5	1271	1089	1270	2443
5	1403	1082	1059	2444
5	1403	1267	1082	2445
5	1264	1078	1068	2446
5	1260	1064	1100	2447
5	1223	1133	1063	2448
5	1514	1404	1416	2449
5	1224	1097	1078	2450
5	1562	1428	1538	2451
5	1225	1102	1091	2452
5	1235	1225	1091	2453
5	1495	1275	1426	2454
5	1309	1155	1154	2455
5	1420	1083	1268	2456
5	1519	1227	1518	2457
5	1436	1260	1417	2458
5	1439	1292	1438	2459
5	1423	1369	1271	2460
5	1423	1270	1422	2461
5	1236	1041	1231	2462
5	1558	1391	1557	2463
5	1236	1094	1041	2464
5	1273	1230	1051	2465
5	1319	1173	1318	2466
5	1278	1104	1277	2467
5	1684	1662	1401	2468
5	1265	1092	1093	2469
5	1235	1091	1055	2470
5	1476	1313	1382	2471
5	1281	1108	1280	2472
5	1628	1482	1627	2473
5	1365	1303	1302	2474
5	1647	1499	1646	2475
5	1237	1223	1063	2476
5	1237	1063	1043	2477
5	1340	1196	1126	2478
5	1290	1125	1128	2479
5	1251	1154	1049	2480
5	1309	1154	1251	2481
5	1399	1279	1358	2482
5	1247	1128	1127	2483
5	1292	1288	1121	2484
5	1255	1237	1043	2485
5	1242	1120	1287	2486
5	1242	1241	1065	2487
5	1356	1139	1299	2488
5	1261	1135	1046	2489
5	1244	1136	1047	2490
5	1248	1079	1115	2491
5	1293	1052	1132	2492
5	1307	1150	1245	2493
5	1375	1259	1229	2494
5	1391	1230	1381	2495
5	1304	1146	1145	2496
5	1305	1147	1146	2497
5	1249	1047	1079	2498
5	1249	1244	1047	2499
5	1447	1301	1300	2500
5	1568	1412	1564	2501
5	1315	1167	1250	2502
5	1250	1167	1166	2503
5	1559	1402	1080	2504
5	1426	1274	1396	2505
5	1275	1099	1274	2506
5	1319	1174	1173	2507
5	1419	1109	1267	2508
5	1419	1229	1109	2509
5	1254	1234	1054	2510
5	1254	1054	1088	2511
5	1573	1407	1565	2512
5	1438	1291	1386	2513
5	1379	1042	1266	2514
5	1256	1080	691	2515
5	1257	1251	1049	2516
5	1257	1049	1081	2517
5	1258	1082	1058	2518
5	1258	1058	1057	2519
5	1347	1202	1201	2520
5	1330	1184	1314	2521
5	1518	1227	1368	2522
5	1390	1294	1223	2523
5	1622	1443	1526	2524
5	1358	1101	1106	2525
5	1496	1457	1252	2526
5	1263	1075	1262	2527
5	1312	1206	1161	2528
5	1311	1158	1263	2529
5	1527	1368	1061	2530
5	1687	1512	1513	2531
5	1367	1233	1092	2532
5	1266	1042	849	2533
5	1460	1319	1318	2534
5	1664	1518	1368	2535
5	1415	1221	1056	2536
5	1548	1374	1408	2537
5	1530	1268	1084	2538
5	1268	1083	727	2539
5	1391	1269	1230	2540
5	1300	1140	1269	2541
5	1663	1415	1571	2542
5	1271	1220	1048	2543
5	1447	1300	1392	2544
5	1392	1300	1269	2545
5	1276	1262	1072	2546
5	1640	1494	1493	2547
5	1413	1249	1412	2548
5	1381	1230	1273	2549
5	1275	1070	1099	2550
5	1354	1210	1070	2551
5	1460	1318	1458	2552
5	1355	1252	1211	2553
5	1469	1429	1328	2554
5	1464	1323	1322	2555
5	1428	1232	1378	2556
5	1332	1189	1188	2557
5	1250	1166	1053	2558
5	1455	1311	1263	2559
5	1279	1261	1046	2560
5	1279	1046	1101	2561
5	1281	1055	1108	2562
5	1280	1108	1107	2563
5	1431	1281	1430	2564
5	1572	1419	1267	2565
5	1282	1273	1110	2566
5	1282	1110	1094	2567
5	1296	1123	1295	2568
5	1296	1066	1123	2569
5	1301	1141	1300	2570
5	1242	1085	1120	2571
5	1647	1500	1499	2572
5	1286	1119	1118	2573
5	1444	1297	1244	2574
5	1387	1357	1243	2575
5	1443	1296	1295	2576
5	1380	1287	1286	2577
5	1288	1255	1122	2578
5	1288	1122	1121	2579
5	1723	1688	1417	2580
5	1512	1289	1436	2581
5	1437	1247	1385	2582
5	1341	1197	1196	2583
5	1292	1121	1130	2584
5	1291	1130	1129	2585
5	1390	1223	1389	2586
5	1386	1291	1241	2587
5	1297	1137	1136	2588
5	1625	1437	1534	2589
5	1294	1228	1134	2590
5	1294	1134	1133	2591
5	1437	1290	1247	2592
5	1337	1193	1066	2593
5	1441	1338	1337	2594
5	1338	1193	1337	2595
5	1400	1248	1285	2596
5	1298	1138	1297	2597
5	1450	1245	1293	2598
5	1412	1248	1400	2599
5	1356	1212	1139	2600
5	1299	1139	1076	2601
5	1301	1142	1141	2602
5	1302	1143	1142	2603
5	1392	1269	1391	2604
5	1302	1142	1301	2605
5	1303	1285	1116	2606
5	1303	1143	1302	2607
5	1359	1215	1214	2608
5	1245	1149	1052	2609
5	1502	1448	1240	2610
5	1388	1299	1238	2611
5	1480	1290	1437	2612
5	1306	1148	1305	2613
5	1421	1303	1365	2614
5	1448	1304	1240	2615
5	1444	1244	1413	2616
5	1360	1096	1217	2617
5	1479	1432	1283	2618
5	1308	1153	1152	2619
5	1458	1318	1317	2620
5	1310	1155	1309	2621
5	1311	1160	1159	2622
5	1353	1208	1352	2623
5	1602	1455	1454	2624
5	1493	1352	1312	2625
5	1352	1206	1312	2626
5	1312	1161	1160	2627
5	1314	1164	1278	2628
5	1331	1188	1187	2629
5	1314	1165	1164	2630
5	1331	1187	1186	2631
5	1485	1345	1344	2632
5	1348	1202	1347	2633
5	1322	1074	1178	2634
5	1324	1180	1179	2635
5	1395	1224	1366	2636
5	1396	1274	1226	2637
5	2029	1881	2028	2638
5	1321	1176	1320	2639
5	1466	1325	1324	2640
5	1320	1175	1319	2641
5	1463	1322	1316	2642
5	1426	1275	1274	2643
5	1495	1355	1354	2644
5	1463	1316	1459	2645
5	1454	1263	1262	2646
5	1325	1180	1324	2647
5	1454	1262	1424	2648
5	1326	1181	1325	2649
5	1427	1272	1398	2650
5	1327	1182	1073	2651
5	1398	1272	1329	2652
5	1468	1327	1326	2653
5	1467	1326	1325	2654
5	1327	1073	1326	2655
5	1459	1316	1321	2656
5	1328	1182	1327	2657
5	1603	1457	1536	2658
5	1329	1183	1328	2659
5	1489	1347	1488	2660
5	1618	1471	1615	2661
5	1488	1347	1346	2662
5	1333	1189	1332	2663
5	1468	1326	1467	2664
5	1334	1053	1190	2665
5	1458	1317	1457	2666
5	1467	1325	1466	2667
5	1397	1278	1277	2668
5	1334	1190	1333	2669
5	1627	1477	1621	2670
5	1476	1335	1313	2671
5	1617	1475	1474	2672
5	1490	1349	1348	2673
5	1487	1315	1456	2674
5	1345	1088	1200	2675
5	1407	1294	1390	2676
5	1434	1287	1380	2677
5	1339	1195	1338	2678
5	1339	1111	1195	2679
5	1442	1338	1441	2680
5	1478	1441	1337	2681
5	1341	1238	1197	2682
5	1341	1196	1340	2683
5	1418	1261	1279	2684
5	1791	1645	1790	2685
5	1488	1346	1487	2686
5	1344	1200	1199	2687
5	1456	1315	1250	2688
5	1541	1383	1522	2689
5	1487	1346	1315	2690
5	1483	1343	1342	2691
5	1383	1373	1234	2692
5	1572	1267	1403	2693
5	1473	1332	1331	2694
5	1470	1278	1397	2695
5	1475	1456	1250	2696
5	1350	1204	1349	2697
5	1489	1348	1347	2698
5	1351	1205	1350	2699
5	1657	1549	1640	2700
5	1491	1382	1350	2701
5	1382	1313	1351	2702
5	1482	1336	1477	2703
5	1470	1314	1278	2704
5	1352	1208	1207	2705
5	1472	1330	1471	2706
5	1353	1232	1209	2707
5	1474	1333	1332	2708
5	1474	1334	1333	2709
5	1414	1251	1257	2710
5	1560	1516	1376	2711
5	1414	1257	1394	2712
5	1756	1609	1755	2713
5	1498	1387	1243	2714
5	1575	1377	1418	2715
5	1358	1279	1101	2716
5	1357	1106	1213	2717
5	1440	1385	1306	2718
5	1440	1306	1305	2719
5	1449	1440	1305	2720
5	1360	1217	1216	2721
5	1449	1305	1304	2722
5	1412	1249	1248	2723
5	1393	1256	1044	2724
5	1393	1044	1233	2725
5	1652	853	1504	2726
5	1420	1222	1083	2727
5	1363	1362	1218	2728
5	1363	1218	853	2729
5	1364	1266	849	2730
5	1544	849	685	2731
5	1413	1244	1249	2732
5	1446	1298	1445	2733
5	1545	1264	1361	2734
5	1406	1265	1093	2735
5	1658	1591	1592	2736
5	1544	720	1508	2737
5	1512	1372	1289	2738
5	1417	1260	1228	2739
5	1423	1271	1270	2740
5	1422	1246	1411	2741
5	1409	1231	1384	2742
5	1409	1236	1231	2743
5	1504	853	660	2744
5	1505	746	888	2745
5	1578	1084	1362	2746
5	1372	1124	1289	2747
5	1373	1280	1234	2748
5	1484	1344	1343	2749
5	1581	1423	1580	2750
5	1431	1408	1235	2751
5	1630	1485	1484	2752
5	1630	1484	1629	2753
5	1376	1310	1309	2754
5	1453	1309	1251	2755
5	1377	1295	1261	2756
5	1418	1377	1261	2757
5	1636	1491	1490	2758
5	1494	1352	1493	2759
5	1511	1406	1222	2760
5	1555	1404	1514	2761
5	1433	1284	1432	2762
5	1710	1555	1709	2763
5	1552	1425	1520	2764
5	1872	1727	1845	2765
5	1627	1482	1477	2766
5	1483	1342	1482	2767
5	1477	1335	1476	2768
5	1482	1342	1336	2769
5	1409	1370	1236	2770
5	1552	1381	1425	2771
5	1540	1410	1481	2772
5	1645	1387	1498	2773
5	1435	1242	1434	2774
5	1573	1417	1407	2775
5	1497	1299	1388	2776
5	1788	1543	1703	2777
5	1497	1356	1299	2778
5	1498	1243	1356	2779
5	1587	1434	1525	2780
5	1722	1573	1565	2781
5	1586	1433	1585	2782
5	1417	1228	1407	2783
5	1595	1392	1558	2784
5	1447	1365	1301	2785
5	1843	1670	1842	2786
5	1568	1413	1412	2787
5	1503	1401	1402	2788
5	1852	1707	1528	2789
5	1561	1405	1516	2790
5	1453	1251	1414	2791
5	1395	1394	1239	2792
5	1395	1239	1224	2793
5	1876	1731	1676	2794
5	1457	1317	1252	2795
5	1635	1490	1489	2796
5	1634	1488	1633	2797
5	1424	1262	1276	2798
5	1494	1353	1352	2799
5	1624	1432	1479	2800
5	1418	1279	1399	2801
5	1564	1400	1421	2802
5	1446	1293	1298	2803
5	1844	1689	1559	2804
5	1401	886	1219	2805
5	1402	1401	1219	2806
5	1402	1219	1080	2807
5	1403	1059	1221	2808
5	1801	1667	1548	2809
5	1404	1389	1237	2810
5	1404	1237	1255	2811
5	1405	1396	1226	2812
5	1405	1226	1310	2813
5	1706	1368	1527	2814
5	1665	1363	1652	2815
5	1525	1434	1380	2816
5	1590	1514	1416	2817
5	1408	1374	1225	2818
5	1408	1225	1235	2819
5	1593	1445	1444	2820
5	1596	1365	1447	2821
5	1410	1388	1238	2822
5	1410	1238	1341	2823
5	1571	1415	1253	2824
5	1553	1520	1370	2825
5	1595	1447	1392	2826
5	1569	1444	1413	2827
5	1792	1646	1599	2828
5	1534	1437	1385	2829
5	1608	1463	1607	2830
5	1453	1376	1309	2831
5	1571	1253	1374	2832
5	1576	1221	1415	2833
5	1416	1404	1255	2834
5	1416	1255	1288	2835
5	1556	1389	1555	2836
5	1521	1393	1233	2837
5	1586	1380	1433	2838
5	1767	1591	1658	2839
5	1802	1663	1571	2840
5	1702	1509	1541	2841
5	1668	1578	1362	2842
5	1669	1528	1364	2843
5	1421	1400	1285	2844
5	1421	1285	1303	2845
5	1531	1384	1369	2846
5	1581	1369	1423	2847
5	1579	1422	1411	2848
5	1670	1566	1531	2849
5	1582	1427	1532	2850
5	1538	1428	1378	2851
5	1425	1381	1273	2852
5	1425	1273	1282	2853
5	1536	1457	1496	2854
5	1642	1536	1496	2855
5	1427	1424	1276	2856
5	1427	1276	1272	2857
5	1428	1397	1277	2858
5	1428	1277	1232	2859
5	1429	1398	1329	2860
5	1429	1329	1328	2861
5	1431	1235	1281	2862
5	1430	1281	1280	2863
5	1580	1422	1579	2864
5	1548	1408	1507	2865
5	1433	1286	1284	2866
5	1432	1284	1283	2867
5	1768	1623	1767	2868
5	1770	1625	1672	2869
5	1435	1241	1242	2870
5	1434	1242	1287	2871
5	1555	1389	1404	2872
5	1565	1407	1390	2873
5	1542	1394	1395	2874
5	1565	1390	1556	2875
5	1480	1340	1290	2876
5	1481	1341	1340	2877
5	1439	1288	1292	2878
5	1438	1292	1291	2879
5	1803	1709	1739	2880
5	1738	1589	1673	2881
5	1445	1297	1444	2882
5	1500	1359	1308	2883
5	1442	1339	1338	2884
5	1479	1283	1339	2885
5	1591	1442	1441	2886
5	1479	1339	1442	2887
5	1478	1337	1296	2888
5	1598	1449	1597	2889
5	1445	1298	1297	2890
5	1501	1360	1359	2891
5	1646	1451	1599	2892
5	1499	1307	1451	2893
5	1599	1451	1450	2894
5	1500	1308	1499	2895
5	1580	1423	1422	2896
5	1577	1229	1419	2897
5	1451	1245	1450	2898
5	1499	1308	1307	2899
5	1794	1647	1793	2900
5	1804	1716	1791	2901
5	1451	1307	1245	2902
5	1501	1359	1500	2903
5	1599	1450	1523	2904
5	1543	1410	1540	2905
5	1452	1399	1358	2906
5	1452	1358	1357	2907
5	1676	1516	1656	2908
5	1608	1464	1463	2909
5	1562	1517	1397	2910
5	1455	1263	1454	2911
5	1607	1463	1459	2912
5	1492	1311	1455	2913
5	1471	1314	1470	2914
5	1471	1330	1314	2915
5	1495	1354	1275	2916
5	1496	1252	1355	2917
5	1561	1396	1405	2918
5	1604	1460	1537	2919
5	1461	1319	1460	2920
5	1465	1324	1323	2921
5	1461	1320	1319	2922
5	1462	1321	1320	2923
5	1609	1465	1464	2924
5	1462	1320	1461	2925
5	1607	1459	1606	2926
5	1676	1561	1516	2927
5	1611	1467	1466	2928
5	1613	1469	1468	2929
5	1612	1467	1611	2930
5	1465	1323	1464	2931
5	1610	1466	1465	2932
5	1466	1324	1465	2933
5	1606	1462	1605	2934
5	1469	1327	1468	2935
5	1605	1461	1604	2936
5	1469	1328	1327	2937
5	1537	1460	1458	2938
5	1750	1537	1699	2939
5	1640	1493	1639	2940
5	1757	1611	1610	2941
5	1473	1331	1472	2942
5	1472	1331	1330	2943
5	1615	1470	1517	2944
5	1617	1474	1616	2945
5	1636	1490	1635	2946
5	1474	1332	1473	2947
5	1762	1617	1616	2948
5	1582	1424	1427	2949
5	1475	1334	1474	2950
5	1475	1250	1334	2951
5	1606	1459	1462	2952
5	1605	1462	1461	2953
5	1477	1336	1335	2954
5	1486	1345	1485	2955
5	1751	1605	1604	2956
5	1621	1476	1539	2957
5	2080	1934	2079	2958
5	1585	1433	1432	2959
5	1588	1386	1435	2960
5	1650	1448	1502	2961
5	1481	1410	1341	2962
5	1481	1340	1480	2963
5	1543	1388	1410	2964
5	1648	1501	1500	2965
5	1484	1343	1483	2966
5	1485	1344	1484	2967
5	1629	1483	1628	2968
5	1631	1486	1485	2969
5	1628	1483	1482	2970
5	1486	1254	1345	2971
5	1774	1629	1628	2972
5	1486	1383	1254	2973
5	1780	1636	1635	2974
5	1634	1489	1488	2975
5	1562	1397	1428	2976
5	1490	1348	1489	2977
5	1633	1488	1487	2978
5	1491	1350	1349	2979
5	1633	1487	1632	2980
5	1615	1471	1470	2981
5	1752	1606	1605	2982
5	1491	1349	1490	2983
5	1773	1627	1772	2984
5	1621	1477	1476	2985
5	1760	1614	1613	2986
5	1493	1312	1492	2987
5	1601	1424	1582	2988
5	1494	1378	1353	2989
5	1860	1714	1700	2990
5	1616	1474	1473	2991
5	1570	1414	1394	2992
5	1496	1355	1495	2993
5	1807	1570	1653	2994
5	1786	1583	1731	2995
5	1533	1452	1387	2996
5	1498	1356	1497	2997
5	1645	1533	1387	2998
5	1643	1388	1543	2999
5	1649	1502	1501	3000
5	1502	1240	1360	3001
5	1648	1500	1647	3002
5	1569	1413	1568	3003
5	1558	1392	1391	3004
5	1502	1360	1501	3005
5	1524	1421	1365	3006
5	1564	1421	1524	3007
5	1814	1551	1696	3008
5	1515	1256	1393	3009
5	1519	1371	1227	3010
5	1849	1706	1687	3011
5	1505	1504	660	3012
5	1505	660	746	3013
5	1506	1068	863	3014
5	1506	1042	1379	3015
5	1584	1507	1431	3016
5	1541	1509	1373	3017
5	1809	1508	1662	3018
5	1546	1366	1545	3019
5	1584	1431	1430	3020
5	1509	1430	1373	3021
5	1510	1438	1386	3022
5	1588	1510	1386	3023
5	1685	1379	1529	3024
5	1556	1390	1389	3025
5	1810	1504	1505	3026
5	1687	1372	1512	3027
5	1513	1512	1436	3028
5	2136	1943	1816	3029
5	1590	1439	1589	3030
5	1735	1587	1525	3031
5	1559	1080	1515	3032
5	1689	1402	1559	3033
5	1516	1405	1376	3034
5	1867	1688	1723	3035
5	1997	1852	1669	3036
5	1506	1361	1068	3037
5	1695	1521	1367	3038
5	1691	1515	1393	3039
5	1956	1695	1853	3040
5	1951	1693	1848	3041
5	1520	1425	1370	3042
5	1812	1713	1743	3043
5	1948	1817	1818	3044
5	1578	1530	1084	3045
5	1541	1373	1383	3046
5	1522	1383	1486	3047
5	1523	1450	1446	3048
5	1594	1523	1446	3049
5	1593	1444	1569	3050
5	1564	1412	1400	3051
5	1587	1435	1434	3052
5	1588	1435	1587	3053
5	1526	1443	1377	3054
5	1575	1526	1377	3055
5	1527	932	1124	3056
5	1547	1362	1363	3057
5	1529	1266	1528	3058
5	1529	1379	1266	3059
5	1941	1692	1940	3060
5	1690	1361	1506	3061
5	1698	1420	1530	3062
5	1530	1420	1268	3063
5	1553	1370	1409	3064
5	1566	1384	1531	3065
5	1532	1427	1398	3066
5	1614	1535	1429	3067
5	1563	1399	1452	3068
5	1574	1418	1399	3069
5	1626	1540	1481	3070
5	1643	1497	1388	3071
5	1535	1532	1398	3072
5	1535	1398	1429	3073
5	1583	1396	1561	3074
5	1642	1496	1495	3075
5	1751	1604	1750	3076
5	1901	1756	1900	3077
5	1700	1538	1549	3078
5	1639	1493	1492	3079
5	1539	1476	1382	3080
5	1637	1382	1491	3081
5	1626	1480	1625	3082
5	1644	1498	1497	3083
5	1774	1628	1773	3084
5	1909	1765	1908	3085
5	1560	1376	1453	3086
5	1570	1394	1542	3087
5	1703	1543	1540	3088
5	1788	1643	1543	3089
5	1809	1364	1544	3090
5	1544	1364	849	3091
5	1858	1710	1709	3092
5	1545	1366	1264	3093
5	1817	1704	1705	3094
5	1818	1366	1546	3095
5	1527	1124	1372	3096
5	1819	1521	1695	3097
5	1567	1411	1375	3098
5	1579	1411	1567	3099
5	1549	1538	1378	3100
5	1549	1378	1494	3101
5	1853	1550	1697	3102
5	1691	1393	1521	3103
5	1551	1550	1265	3104
5	1551	1265	1406	3105
5	1557	1391	1381	3106
5	1596	1447	1595	3107
5	1741	1594	1593	3108
5	1659	1552	1520	3109
5	1554	1534	1385	3110
5	1554	1385	1440	3111
5	1735	1525	1680	3112
5	1910	1820	1734	3113
5	1944	1910	1912	3114
5	1799	1573	1722	3115
5	2023	1875	1874	3116
5	1850	1694	1708	3117
5	1712	1557	1711	3118
5	1711	1557	1552	3119
5	1660	1559	1515	3120
5	1691	1660	1515	3121
5	1600	1414	1570	3122
5	1656	1516	1560	3123
5	1583	1426	1396	3124
5	1641	1495	1426	3125
5	1824	1766	1782	3126
5	1900	1755	1899	3127
5	1770	1626	1625	3128
5	1574	1399	1563	3129
5	1822	1567	1721	3130
5	1729	1580	1579	3131
5	1680	1525	1586	3132
5	1736	1588	1587	3133
5	1566	1553	1409	3134
5	1566	1409	1384	3135
5	1720	1569	1568	3136
5	1718	1564	1524	3137
5	1719	1564	1718	3138
5	1594	1446	1445	3139
5	1742	1523	1594	3140
5	1712	1558	1557	3141
5	1600	1453	1414	3142
5	1600	1560	1453	3143
5	1577	1375	1229	3144
5	1701	1522	1681	3145
5	1822	1728	1567	3146
5	1576	1419	1572	3147
5	1688	1436	1417	3148
5	1826	1436	1688	3149
5	1797	1744	1597	3150
5	1575	1418	1574	3151
5	1675	1672	1534	3152
5	1882	1737	1736	3153
5	1576	1572	1403	3154
5	1576	1403	1221	3155
5	1727	1419	1576	3156
5	1667	1571	1374	3157
5	1945	1668	1547	3158
5	1668	1362	1547	3159
5	1775	1630	1629	3160
5	1720	1568	1719	3161
5	1887	1712	1711	3162
5	1581	1531	1369	3163
5	1713	1524	1596	3164
5	1670	1531	1654	3165
5	1601	1454	1424	3166
5	1638	1492	1455	3167
5	1807	1746	1570	3168
5	2072	1927	1876	3169
5	1727	1576	1663	3170
5	1729	1579	1728	3171
5	1623	1442	1591	3172
5	1624	1585	1432	3173
5	1820	1680	1734	3174
5	1930	1790	1789	3175
5	1829	1674	1742	3176
5	1716	1563	1533	3177
5	1830	1722	1565	3178
5	1717	1556	1710	3179
5	1590	1416	1439	3180
5	1589	1439	1438	3181
5	1709	1555	1514	3182
5	1880	1735	1680	3183
5	1623	1479	1442	3184
5	1624	1479	1623	3185
5	1592	1591	1441	3186
5	1592	1441	1478	3187
5	1932	1792	1839	3188
5	1594	1445	1593	3189
5	1793	1646	1792	3190
5	1745	1675	1554	3191
5	2012	1863	1958	3192
5	1596	1524	1365	3193
5	1741	1593	1740	3194
5	2078	1933	1932	3195
5	1598	1440	1449	3196
5	1597	1449	1448	3197
5	1890	1675	1745	3198
5	1724	1563	1716	3199
5	1646	1499	1451	3200
5	1649	1501	1648	3201
5	1876	1676	1800	3202
5	1891	1833	1747	3203
5	1748	1582	1678	3204
5	1602	1454	1601	3205
5	1784	1639	1638	3206
5	1638	1455	1602	3207
5	1603	1537	1458	3208
5	1603	1458	1457	3209
5	1677	1536	1661	3210
5	1612	1468	1467	3211
5	1759	1613	1612	3212
5	1753	1606	1752	3213
5	1758	1612	1611	3214
5	1609	1464	1608	3215
5	1677	1603	1536	3216
5	1610	1465	1609	3217
5	1755	1608	1754	3218
5	1613	1468	1612	3219
5	1785	1639	1784	3220
5	1749	1602	1601	3221
5	1761	1683	1535	3222
5	1611	1466	1610	3223
5	1759	1612	1758	3224
5	1614	1469	1613	3225
5	1755	1609	1608	3226
5	1614	1429	1469	3227
5	1699	1537	1603	3228
5	1841	1657	1785	3229
5	1904	1760	1759	3230
5	1678	1582	1532	3231
5	1619	1616	1473	3232
5	1620	1475	1617	3233
5	1619	1472	1618	3234
5	1632	1456	1620	3235
5	1781	1637	1636	3236
5	1632	1487	1456	3237
5	1619	1473	1472	3238
5	1618	1472	1471	3239
5	1753	1607	1606	3240
5	1715	1517	1562	3241
5	1777	1620	1765	3242
5	1682	1615	1679	3243
5	1775	1629	1774	3244
5	1631	1522	1486	3245
5	1622	1592	1478	3246
5	1622	1478	1443	3247
5	1767	1623	1591	3248
5	1769	1585	1624	3249
5	1768	1624	1623	3250
5	1989	1723	1799	3251
5	1626	1481	1480	3252
5	1625	1480	1437	3253
5	1937	1889	1744	3254
5	1725	1574	1724	3255
5	1702	1541	1701	3256
5	1629	1484	1483	3257
5	1681	1522	1631	3258
5	1921	1781	1780	3259
5	1776	1631	1630	3260
5	1778	1632	1777	3261
5	1772	1621	1766	3262
5	1631	1485	1630	3263
5	1879	1651	1733	3264
5	1732	1509	1702	3265
5	1773	1628	1627	3266
5	1635	1489	1634	3267
5	1682	1618	1615	3268
5	1765	1620	1617	3269
5	2099	1995	1957	3270
5	1637	1491	1636	3271
5	1772	1627	1621	3272
5	1637	1539	1382	3273
5	1779	1635	1634	3274
5	1781	1636	1780	3275
5	1765	1617	1762	3276
5	1777	1632	1620	3277
5	1908	1765	1762	3278
5	1639	1492	1638	3279
5	1679	1615	1517	3280
5	1640	1549	1494	3281
5	1763	1618	1682	3282
5	1700	1549	1657	3283
5	1661	1536	1642	3284
5	1642	1495	1641	3285
5	1699	1603	1677	3286
5	1787	1661	1642	3287
5	1934	1794	1933	3288
5	1644	1497	1643	3289
5	1724	1574	1563	3290
5	1645	1498	1644	3291
5	1832	1771	1770	3292
5	1726	1575	1725	3293
5	1792	1599	1674	3294
5	1796	1649	1795	3295
5	1797	1650	1796	3296
5	1650	1502	1649	3297
5	1931	1791	1790	3298
5	1650	1597	1448	3299
5	1675	1534	1554	3300
5	1711	1552	1659	3301
5	1719	1568	1564	3302
5	1796	1650	1649	3303
5	1651	1548	1507	3304
5	1733	1651	1507	3305
5	1665	1547	1363	3306
5	1652	1363	853	3307
5	1653	1570	1542	3308
5	2093	1857	1983	3309
5	1730	1581	1580	3310
5	1728	1579	1567	3311
5	1655	1546	1545	3312
5	1655	1545	1361	3313
5	1747	1600	1746	3314
5	1747	1560	1600	3315
5	1860	1700	1806	3316
5	1785	1640	1639	3317
5	1726	1671	1526	3318
5	1725	1575	1574	3319
5	1855	1701	1681	3320
5	1694	1520	1553	3321
5	1684	1401	1503	3322
5	2127	1997	1977	3323
5	1731	1561	1676	3324
5	1787	1642	1641	3325
5	1662	1508	886	3326
5	1662	886	1401	3327
5	1802	1571	1667	3328
5	1663	1576	1415	3329
5	1811	1696	1511	3330
5	1707	1529	1528	3331
5	1810	1505	1371	3332
5	1810	1371	1686	3333
5	1666	1658	1592	3334
5	1666	1592	1622	3335
5	1845	1727	1663	3336
5	1721	1567	1375	3337
5	1808	1519	1692	3338
5	1693	1530	1578	3339
5	1690	1655	1361	3340
5	1950	1687	1513	3341
5	1694	1659	1520	3342
5	1708	1566	1670	3343
5	1671	1666	1622	3344
5	1671	1622	1526	3345
5	1672	1625	1534	3346
5	1836	1788	1703	3347
5	1673	1589	1510	3348
5	1737	1673	1510	3349
5	1674	1599	1523	3350
5	1742	1674	1523	3351
5	1745	1598	1744	3352
5	1795	1649	1648	3353
5	1731	1583	1561	3354
5	1786	1641	1583	3355
5	1897	1752	1896	3356
5	1899	1754	1898	3357
5	1748	1601	1582	3358
5	1783	1638	1602	3359
5	1714	1538	1700	3360
5	1715	1679	1517	3361
5	1737	1588	1736	3362
5	1736	1587	1735	3363
5	1701	1541	1522	3364
5	1733	1584	1732	3365
5	1903	1759	1758	3366
5	1897	1753	1752	3367
5	1683	1678	1532	3368
5	1683	1532	1535	3369
5	2152	1977	1809	3370
5	1809	1544	1508	3371
5	1692	1519	1518	3372
5	1951	1854	1693	3373
5	1798	1692	1518	3374
5	1945	1848	1668	3375
5	1706	1664	1368	3376
5	2157	1867	1989	3377
5	1717	1565	1556	3378
5	1710	1556	1555	3379
5	2003	1844	1660	3380
5	1689	1503	1402	3381
5	1690	1506	1379	3382
5	1690	1379	1685	3383
5	1698	1511	1420	3384
5	1695	1367	1550	3385
5	1808	1686	1519	3386
5	1954	1685	1813	3387
5	1696	1551	1406	3388
5	1696	1406	1511	3389
5	1955	1842	1873	3390
5	2026	1651	1879	3391
5	1819	1691	1521	3392
5	1851	1691	1819	3393
5	1811	1511	1698	3394
5	1852	1528	1669	3395
5	2004	1697	1814	3396
5	1697	1550	1551	3397
5	1698	1530	1693	3398
5	1814	1697	1551	3399
5	1750	1604	1537	3400
5	1752	1605	1751	3401
5	1714	1562	1538	3402
5	1715	1562	1714	3403
5	1733	1507	1584	3404
5	1732	1584	1509	3405
5	1856	1701	1855	3406
5	1917	1774	1916	3407
5	1771	1626	1770	3408
5	1871	1671	1726	3409
5	1857	1653	1542	3410
5	1704	1542	1395	3411
5	1705	1704	1395	3412
5	1705	1395	1366	3413
5	1706	1527	1372	3414
5	1706	1372	1687	3415
5	1798	1518	1664	3416
5	1813	1685	1529	3417
5	1708	1694	1553	3418
5	1708	1553	1566	3419
5	1739	1590	1738	3420
5	1739	1514	1590	3421
5	1866	1717	1710	3422
5	2087	1799	1991	3423
5	1743	1595	1712	3424
5	1718	1524	1713	3425
5	1932	1793	1792	3426
5	1712	1595	1558	3427
5	1743	1596	1595	3428
5	1865	1719	1864	3429
5	2056	1909	1908	3430
5	1908	1762	1838	3431
5	1861	1714	1860	3432
5	2053	1906	1905	3433
5	1789	1643	1788	3434
5	1790	1645	1644	3435
5	1799	1723	1573	3436
5	1723	1417	1573	3437
5	2034	1865	2013	3438
5	1740	1593	1569	3439
5	1913	1703	1771	3440
5	1740	1569	1720	3441
5	2196	2050	2195	3442
5	1885	1720	1865	3443
5	1801	1548	1651	3444
5	2007	1855	2006	3445
5	2015	1858	2014	3446
5	1813	1529	1707	3447
5	2088	1513	2016	3448
5	1867	1826	1688	3449
5	1868	1724	1716	3450
5	1726	1526	1575	3451
5	2032	1884	1835	3452
5	2030	1882	2029	3453
5	1870	1726	1725	3454
5	1871	1828	1671	3455
5	1998	1802	1972	3456
5	1727	1577	1419	3457
5	1873	1842	1654	3458
5	1730	1580	1729	3459
5	1823	1659	1694	3460
5	1730	1654	1581	3461
5	2002	1843	2001	3462
5	2160	2001	2089	3463
5	1902	1757	1901	3464
5	1846	1677	1661	3465
5	1877	1732	1702	3466
5	2025	1878	1877	3467
5	1855	1681	1837	3468
5	1845	1663	1802	3469
5	1734	1680	1586	3470
5	1734	1586	1585	3471
5	2028	1880	1964	3472
5	1737	1510	1588	3473
5	1884	1739	1738	3474
5	1883	1835	1673	3475
5	1880	1680	1820	3476
5	1821	1767	1658	3477
5	1739	1709	1514	3478
5	1738	1590	1589	3479
5	1858	1709	1803	3480
5	1830	1565	1717	3481
5	1831	1711	1659	3482
5	1831	1659	1823	3483
5	1874	1729	1728	3484
5	1742	1594	1741	3485
5	1839	1674	1829	3486
5	1743	1713	1596	3487
5	1935	1795	1934	3488
5	1863	1713	1812	3489
5	1745	1554	1598	3490
5	1744	1598	1597	3491
5	1839	1792	1674	3492
5	1933	1793	1932	3493
5	1747	1656	1560	3494
5	1896	1751	1895	3495
5	2016	1513	1826	3496
5	1928	1827	1787	3497
5	1896	1752	1751	3498
5	1749	1601	1748	3499
5	2071	1926	1925	3500
5	1783	1602	1749	3501
5	1895	1750	1894	3502
5	1898	1754	1753	3503
5	1894	1699	1815	3504
5	1754	1608	1607	3505
5	1895	1751	1750	3506
5	1756	1610	1609	3507
5	2240	1866	2100	3508
5	1846	1661	1827	3509
5	1927	1731	1876	3510
5	1757	1610	1756	3511
5	1928	1787	1786	3512
5	1760	1613	1759	3513
5	1892	1748	1678	3514
5	1924	1783	1749	3515
5	1834	1678	1683	3516
5	1758	1611	1757	3517
5	1905	1761	1760	3518
5	1761	1614	1760	3519
5	1902	1758	1757	3520
5	1761	1535	1614	3521
5	1898	1753	1897	3522
5	1894	1750	1699	3523
5	2090	2040	1962	3524
5	1841	1806	1657	3525
5	1764	1619	1763	3526
5	1764	1616	1619	3527
5	1764	1762	1616	3528
5	1763	1619	1618	3529
5	1906	1834	1683	3530
5	2009	1860	1963	3531
5	1838	1762	1764	3532
5	1779	1634	1633	3533
5	1766	1621	1539	3534
5	1782	1637	1781	3535
5	1964	1880	1820	3536
5	1769	1624	1768	3537
5	2170	2020	2169	3538
5	1769	1734	1585	3539
5	1805	1658	1666	3540
5	1821	1658	1805	3541
5	1771	1540	1626	3542
5	1771	1703	1540	3543
5	1966	1840	1890	3544
5	1937	1797	1936	3545
5	1918	1775	1917	3546
5	1914	1766	1824	3547
5	1856	1702	1701	3548
5	1776	1630	1775	3549
5	2063	1918	2062	3550
5	2059	1915	1914	3551
5	2197	2052	2051	3552
5	1776	1681	1631	3553
5	2064	1968	1919	3554
5	1919	1777	1909	3555
5	1778	1633	1632	3556
5	1779	1633	1778	3557
5	1922	1778	1919	3558
5	1837	1681	1776	3559
5	1782	1766	1539	3560
5	1780	1635	1779	3561
5	1918	1837	1776	3562
5	1782	1539	1637	3563
5	1907	1763	1825	3564
5	2059	1914	1967	3565
5	1878	1732	1877	3566
5	1914	1772	1766	3567
5	1926	1785	1784	3568
5	1784	1638	1783	3569
5	1825	1763	1682	3570
5	1785	1657	1640	3571
5	1862	1847	1679	3572
5	1920	1780	1779	3573
5	2072	1876	1946	3574
5	1787	1641	1786	3575
5	2093	2008	1857	3576
5	2133	1983	1817	3577
5	1789	1644	1643	3578
5	1791	1533	1645	3579
5	1869	1724	1868	3580
5	1790	1644	1789	3581
5	1911	1767	1821	3582
5	1791	1716	1533	3583
5	1884	1738	1835	3584
5	1868	1716	1804	3585
5	1793	1647	1646	3586
5	1794	1648	1647	3587
5	1929	1788	1836	3588
5	1832	1672	1840	3589
5	1864	1718	1863	3590
5	1795	1648	1794	3591
5	2082	1937	1936	3592
5	1797	1597	1650	3593
5	2081	1936	1935	3594
5	1865	1720	1719	3595
5	1863	1718	1713	3596
5	1840	1672	1675	3597
5	1954	1690	1685	3598
5	1816	1655	1690	3599
5	1866	1710	1858	3600
5	1835	1738	1673	3601
5	1800	1676	1656	3602
5	2193	2047	2192	3603
5	1873	1654	1730	3604
5	2174	2027	2025	3605
5	1972	1802	1667	3606
5	2095	1969	2036	3607
5	1884	1803	1739	3608
5	2033	2014	1803	3609
5	2228	2101	2110	3610
5	1929	1789	1788	3611
5	1985	1821	1960	3612
5	2096	1944	1959	3613
5	1806	1700	1657	3614
5	1988	1957	1825	3615
5	1891	1747	1746	3616
5	2074	1827	1928	3617
5	1854	1698	1693	3618
5	1854	1811	1698	3619
5	1977	1669	1809	3620
5	1809	1669	1364	3621
5	1978	1810	1686	3622
5	2147	1810	1978	3623
5	1942	1811	1854	3624
5	1979	1696	1811	3625
5	1888	1743	1712	3626
5	1842	1670	1654	3627
5	2128	1814	1979	3628
5	1853	1695	1550	3629
5	2416	2244	2415	3630
5	1982	1547	1665	3631
5	1815	1699	1677	3632
5	1827	1661	1787	3633
5	1952	1686	1808	3634
5	1984	1503	1939	3635
5	2084	1717	1866	3636
5	1857	1542	1704	3637
5	1818	1817	1705	3638
5	1818	1705	1366	3639
5	1939	1689	1844	3640
5	1844	1559	1660	3641
5	2316	2175	2121	3642
5	1911	1768	1767	3643
5	1910	1734	1769	3644
5	2169	2019	2168	3645
5	1879	1733	1878	3646
5	1998	1845	1802	3647
5	1888	1712	1887	3648
5	1887	1711	1831	3649
5	1923	1782	1781	3650
5	1923	1781	1921	3651
5	1995	1907	1957	3652
5	2345	2207	2206	3653
5	1989	1867	1723	3654
5	1826	1513	1436	3655
5	1846	1815	1677	3656
5	1990	1815	1846	3657
5	1828	1805	1666	3658
5	1828	1666	1671	3659
5	1886	1741	1740	3660
5	1885	1740	1720	3661
5	2084	1830	1717	3662
5	1991	1722	1830	3663
5	2301	2155	2173	3664
5	2026	1801	1651	3665
5	2168	2018	2091	3666
5	1931	1790	1930	3667
5	1833	1800	1656	3668
5	1833	1656	1747	3669
5	2050	1902	2049	3670
5	1892	1678	1834	3671
5	1881	1735	1880	3672
5	1881	1736	1735	3673
5	1832	1770	1672	3674
5	1974	1965	1804	3675
5	1915	1772	1914	3676
5	1916	1774	1773	3677
5	2068	1921	2065	3678
5	1909	1777	1765	3679
5	1936	1797	1796	3680
5	2078	1932	1938	3681
5	1890	1745	1889	3682
5	1935	1796	1795	3683
5	1893	1748	1892	3684
5	1925	1784	1783	3685
5	1843	1708	1670	3686
5	1850	1823	1694	3687
5	2037	1887	1831	3688
5	1850	1708	1843	3689
5	2131	1854	1951	3690
5	1939	1503	1689	3691
5	1987	1874	1728	3692
5	1872	1577	1727	3693
5	2044	1897	1896	3694
5	2047	1900	1899	3695
5	1847	1825	1682	3696
5	1847	1682	1679	3697
5	1848	1693	1578	3698
5	1848	1578	1668	3699
5	2041	1815	1990	3700
5	2295	2148	1980	3701
5	2182	2035	2181	3702
5	2001	1842	1955	3703
5	2305	2127	2152	3704
5	1851	1660	1691	3705
5	1979	1811	1942	3706
5	1979	1814	1696	3707
5	2104	1956	1853	3708
5	2105	1851	2005	3709
5	1941	1808	1692	3710
5	1943	1655	1816	3711
5	1972	1667	1801	3712
5	1877	1702	1856	3713
5	2371	2265	2425	3714
5	2025	1877	1961	3715
5	2151	1746	1807	3716
5	2106	1971	1891	3717
5	1940	1692	1798	3718
5	2270	1989	2087	3719
5	1859	1829	1742	3720
5	1859	1742	1741	3721
5	1861	1715	1714	3722
5	1862	1679	1715	3723
5	2069	1893	2040	3724
5	1862	1715	1861	3725
5	2165	2163	2011	3726
5	2349	2123	2236	3727
5	1864	1719	1718	3728
5	1886	1740	1885	3729
5	2287	2160	2286	3730
5	1969	1829	1859	3731
5	2114	2078	1938	3732
5	1886	1859	1741	3733
5	2031	1835	1883	3734
5	2015	1866	1858	3735
5	2135	1953	2086	3736
5	1950	1849	1687	3737
5	1869	1725	1724	3738
5	1870	1725	1869	3739
5	2225	2080	2224	3740
5	2020	1871	1870	3741
5	2175	2028	2121	3742
5	1871	1726	1870	3743
5	1975	1960	1805	3744
5	2058	1993	1913	3745
5	2022	1872	1999	3746
5	1872	1721	1577	3747
5	1875	1729	1874	3748
5	2116	2012	1958	3749
5	1875	1730	1729	3750
5	1875	1873	1730	3751
5	1992	1831	1823	3752
5	2001	1843	1842	3753
5	1927	1786	1731	3754
5	1928	1786	1927	3755
5	1878	1733	1732	3756
5	1999	1872	1845	3757
5	2006	1855	1837	3758
5	2234	1987	2145	3759
5	2055	1838	1995	3760
5	1987	1728	1822	3761
5	1883	1737	1882	3762
5	1882	1736	1881	3763
5	1974	1804	1931	3764
5	1883	1673	1737	3765
5	2299	2154	2153	3766
5	2360	2223	2282	3767
5	1975	1805	1828	3768
5	1986	1910	1944	3769
5	2141	1986	2098	3770
5	2029	1882	1881	3771
5	2108	1958	1973	3772
5	2012	1864	1863	3773
5	2204	2058	2203	3774
5	2222	2077	2076	3775
5	1995	1838	1907	3776
5	1888	1812	1743	3777
5	2160	2002	2001	3778
5	2116	1958	2108	3779
5	1890	1840	1675	3780
5	1889	1745	1744	3781
5	2076	1929	2075	3782
5	1993	1836	1913	3783
5	2179	2033	2113	3784
5	2245	2151	2008	3785
5	1893	1749	1748	3786
5	1926	1784	1925	3787
5	1988	1825	1847	3788
5	1924	1749	1893	3789
5	2043	1895	2042	3790
5	2042	1894	2041	3791
5	2049	1901	2048	3792
5	1900	1756	1755	3793
5	2047	1899	2046	3794
5	2073	1927	2072	3795
5	2119	1990	2000	3796
5	1901	1757	1756	3797
5	2073	1928	1927	3798
5	1905	1760	1904	3799
5	2041	1894	1815	3800
5	2043	1896	1895	3801
5	2042	1895	1894	3802
5	1903	1758	1902	3803
5	2052	1905	1904	3804
5	1904	1759	1903	3805
5	2048	1900	2047	3806
5	2045	1897	2044	3807
5	2045	1898	1897	3808
5	1906	1761	1905	3809
5	2215	2124	2071	3810
5	1906	1683	1761	3811
5	2192	2047	2046	3812
5	2009	1861	1860	3813
5	2194	2049	2048	3814
5	2040	1892	1962	3815
5	1907	1838	1764	3816
5	1907	1764	1763	3817
5	1921	1780	1920	3818
5	1919	1778	1777	3819
5	2011	1847	1862	3820
5	2342	2201	2260	3821
5	1912	1768	1911	3822
5	2280	2015	2178	3823
5	1912	1769	1768	3824
5	1912	1910	1769	3825
5	1913	1836	1703	3826
5	1913	1771	1832	3827
5	2018	1869	1868	3828
5	1965	1868	1804	3829
5	1915	1773	1772	3830
5	1917	1775	1774	3831
5	2122	2059	1967	3832
5	1916	1773	1915	3833
5	2208	2063	2062	3834
5	1918	1776	1775	3835
5	2007	1961	1856	3836
5	2007	1856	1855	3837
5	2064	1919	1909	3838
5	2062	1917	2061	3839
5	2050	1903	1902	3840
5	1963	1860	1806	3841
5	1968	1922	1919	3842
5	2063	2006	1837	3843
5	2211	2107	2065	3844
5	1923	1824	1782	3845
5	1922	1920	1779	3846
5	1922	1779	1778	3847
5	2066	1922	1968	3848
5	2207	2061	2206	3849
5	2040	1893	1892	3850
5	1925	1783	1924	3851
5	2213	2069	2040	3852
5	1926	1841	1785	3853
5	2051	1904	1903	3854
5	2044	1896	2043	3855
5	2046	1899	1898	3856
5	2049	1902	1901	3857
5	2117	1946	1970	3858
5	2028	1881	1880	3859
5	2079	1933	2078	3860
5	1930	1789	1929	3861
5	2058	1832	2057	3862
5	1931	1804	1791	3863
5	2057	1840	1966	3864
5	2283	2115	2142	3865
5	1933	1794	1793	3866
5	1934	1795	1794	3867
5	2238	2114	2125	3868
5	1936	1796	1935	3869
5	2077	1930	2076	3870
5	2081	1935	2080	3871
5	2035	1885	2034	3872
5	1937	1744	1797	3873
5	2111	2057	1966	3874
5	2037	1831	1992	3875
5	2036	1859	1886	3876
5	1969	1947	1829	3877
5	1938	1932	1839	3878
5	2126	1969	2095	3879
5	2146	1852	1997	3880
5	2152	1662	1684	3881
5	1943	1546	1655	3882
5	2239	2085	2129	3883
5	2245	2008	2093	3884
5	2128	2004	1814	3885
5	1956	1819	1695	3886
5	2104	2005	1956	3887
5	2129	1546	1943	3888
5	1991	1799	1722	3889
5	1985	1959	1911	3890
5	2224	2079	2223	3891
5	2131	1942	1854	3892
5	2132	1848	1945	3893
5	1946	1876	1800	3894
5	1983	1857	1704	3895
5	1947	1938	1839	3896
5	1947	1839	1829	3897
5	2241	2093	1983	3898
5	1983	1704	1817	3899
5	1949	1948	1818	3900
5	1949	1818	1546	3901
5	2086	1849	1950	3902
5	1953	1706	1849	3903
5	2293	2097	1940	3904
5	2134	1808	1941	3905
5	2149	1978	1952	3906
5	1978	1686	1952	3907
5	2135	1940	1798	3908
5	1953	1798	1664	3909
5	2550	2304	2380	3910
5	1954	1816	1690	3911
5	2024	1875	2023	3912
5	2024	1873	1875	3913
5	2103	1844	2003	3914
5	2097	1941	1940	3915
5	1957	1907	1825	3916
5	2243	2138	2163	3917
5	1958	1863	1812	3918
5	2038	1888	1887	3919
5	1959	1944	1912	3920
5	1959	1912	1911	3921
5	1985	1911	1821	3922
5	1960	1821	1805	3923
5	1961	1877	1856	3924
5	2144	2026	1879	3925
5	1962	1892	1834	3926
5	2054	1962	1834	3927
5	2199	2053	2198	3928
5	2070	1925	1924	3929
5	2177	2030	2176	3930
5	2112	2032	2031	3931
5	2021	1975	1828	3932
5	2018	1868	1965	3933
5	2220	1993	2204	3934
5	2083	1937	2082	3935
5	1967	1914	1824	3936
5	2208	2062	2207	3937
5	2065	1921	1920	3938
5	2067	1824	1923	3939
5	2013	1864	2012	3940
5	2035	1886	1885	3941
5	1970	1946	1800	3942
5	1970	1800	1833	3943
5	1971	1970	1833	3944
5	1971	1833	1891	3945
5	2144	1879	2027	3946
5	2145	1987	1822	3947
5	1973	1958	1812	3948
5	1973	1812	1888	3949
5	2075	1836	1993	3950
5	2076	1930	1929	3951
5	2019	1869	2018	3952
5	2019	1870	1869	3953
5	1976	1963	1806	3954
5	1976	1806	1841	3955
5	1997	1669	1977	3956
5	2244	2127	2229	3957
5	1982	1945	1547	3958
5	2150	1945	1982	3959
5	2005	1851	1819	3960
5	2004	1853	1697	3961
5	2148	2136	1954	3962
5	1980	1813	1707	3963
5	1981	1980	1707	3964
5	1981	1707	1852	3965
5	2296	2289	2149	3966
5	2134	1952	1808	3967
5	2379	2167	2233	3968
5	2008	1653	1857	3969
5	2152	1684	1984	3970
5	1984	1684	1503	3971
5	2220	2075	1993	3972
5	2221	2076	2075	3973
5	1986	1964	1820	3974
5	1986	1820	1910	3975
5	2185	2108	1973	3976
5	2375	2370	2262	3977
5	2010	1861	2009	3978
5	2010	1862	1861	3979
5	2217	2072	1946	3980
5	2157	2017	1867	3981
5	2074	1928	2073	3982
5	2217	1946	2117	3983
5	2113	2032	2112	3984
5	2008	1807	1653	3985
5	2038	1973	1888	3986
5	2038	1887	2037	3987
5	2075	1929	1836	3988
5	2077	1931	1930	3989
5	1994	1976	1841	3990
5	1994	1841	1926	3991
5	2055	1908	1838	3992
5	2064	1909	2056	3993
5	1996	1992	1823	3994
5	1996	1823	1850	3995
5	2103	1939	1844	3996
5	2003	1660	1851	3997
5	2022	1822	1721	3998
5	1999	1845	1998	3999
5	2172	1999	2159	4000
5	2022	1721	1872	4001
5	2000	1990	1846	4002
5	2000	1846	1827	4003
5	2002	1850	1843	4004
5	2002	1996	1850	4005
5	2320	2166	2310	4006
5	2161	2102	1996	4007
5	2128	1979	1942	4008
5	2005	1819	1956	4009
5	2369	1941	2097	4010
5	2147	1652	1810	4011
5	2105	2003	1851	4012
5	2684	2517	2518	4013
5	2060	1915	2059	4014
5	2061	1917	1916	4015
5	2212	2068	2107	4016
5	2422	2260	2276	4017
5	2249	2087	1991	4018
5	2084	1991	1830	4019
5	2202	2055	2201	4020
5	2011	1862	2010	4021
5	2213	2040	2090	4022
5	2011	1988	1847	4023
5	2092	2009	1963	4024
5	2371	2308	2250	4025
5	2013	1865	1864	4026
5	2034	1885	1865	4027
5	2185	1973	2038	4028
5	2036	1886	2035	4029
5	2100	1866	2015	4030
5	2014	1858	1803	4031
5	2033	1884	2032	4032
5	2240	2084	1866	4033
5	2136	1816	1954	4034
5	2135	1798	1953	4035
5	2017	2016	1826	4036
5	2017	1826	1867	4037
5	2021	1871	2020	4038
5	2020	1870	2019	4039
5	2154	1959	1985	4040
5	2021	1828	1871	4041
5	2098	1944	2096	4042
5	2121	2028	1964	4043
5	2450	2311	2372	4044
5	2203	2057	2111	4045
5	2109	1801	2026	4046
5	2109	1972	1801	4047
5	2027	1878	2025	4048
5	2024	1955	1873	4049
5	2102	1992	1996	4050
5	2324	2184	2183	4051
5	2314	2246	2172	4052
5	2253	1972	2109	4053
5	2159	1999	1998	4054
5	2027	1879	1878	4055
5	2166	2012	2116	4056
5	2183	2037	1992	4057
5	2031	1883	2030	4058
5	2030	1883	1882	4059
5	2153	1960	2130	4060
5	2171	1975	2021	4061
5	2168	2019	2018	4062
5	2032	1835	2031	4063
5	2098	1986	1944	4064
5	2255	2113	2254	4065
5	2033	1803	1884	4066
5	2268	2141	2098	4067
5	2176	2029	2175	4068
5	2176	2030	2029	4069
5	2373	2256	2283	4070
5	2363	2226	2362	4071
5	2273	2228	2110	4072
5	2036	1969	1859	4073
5	2362	2225	2361	4074
5	2223	2078	2114	4075
5	2156	2023	1874	4076
5	2205	2060	2059	4077
5	2374	2263	2350	4078
5	2856	2731	2765	4079
5	2039	1966	1890	4080
5	2039	1890	1889	4081
5	2069	1924	1893	4082
5	2071	1925	2070	4083
5	2188	2042	2187	4084
5	2189	2043	2188	4085
5	2186	1990	2119	4086
5	2046	1898	2045	4087
5	2190	2045	2044	4088
5	2336	2195	2194	4089
5	2218	2072	2217	4090
5	2048	1901	1900	4091
5	2186	2041	1990	4092
5	2195	2049	2194	4093
5	2187	2041	2186	4094
5	2053	1905	2052	4095
5	2187	2042	2041	4096
5	2188	2043	2042	4097
5	2190	2044	2189	4098
5	2051	1903	2050	4099
5	2199	2054	2053	4100
5	2052	1904	2051	4101
5	2198	2052	2197	4102
5	2192	2046	2191	4103
5	2189	2044	2043	4104
5	2054	1906	2053	4105
5	2196	2051	2050	4106
5	2054	1834	1906	4107
5	2140	2092	1963	4108
5	2352	2213	2351	4109
5	2164	2009	2092	4110
5	2164	2010	2009	4111
5	2210	2064	2056	4112
5	2056	1908	2055	4113
5	2236	2123	2200	4114
5	2165	2010	2164	4115
5	2058	1913	1832	4116
5	2057	1832	1840	4117
5	2115	1966	2039	4118
5	2223	2079	2078	4119
5	2060	1916	1915	4120
5	2063	1837	1918	4121
5	2062	1918	1917	4122
5	2061	1916	2060	4123
5	2303	2094	2262	4124
5	2346	2207	2345	4125
5	2285	2143	2261	4126
5	2139	1961	2007	4127
5	2139	2094	1961	4128
5	2205	2059	2122	4129
5	2201	1995	2099	4130
5	2206	2060	2205	4131
5	2285	2122	2143	4132
5	2067	1967	1824	4133
5	2066	2065	1920	4134
5	2066	1920	1922	4135
5	2107	2068	2065	4136
5	2201	2055	1995	4137
5	2068	2067	1923	4138
5	2068	1923	1921	4139
5	2090	2054	2199	4140
5	2070	1924	2069	4141
5	2419	2144	2315	4142
5	2071	1994	1926	4143
5	2448	2308	2371	4144
5	2475	2336	2474	4145
5	2191	2045	2190	4146
5	2074	2000	1827	4147
5	2219	2073	2218	4148
5	2266	1971	2106	4149
5	2331	2189	2330	4150
5	2194	2048	2193	4151
5	2299	2153	2298	4152
5	2627	2494	2502	4153
5	2171	2130	1975	4154
5	2077	1974	1931	4155
5	2377	2274	2300	4156
5	2298	2153	2130	4157
5	2079	1934	1933	4158
5	2080	1935	1934	4159
5	2180	2034	2013	4160
5	2083	1889	1937	4161
5	2183	1992	2102	4162
5	2166	2013	2012	4163
5	2115	2111	1966	4164
5	2082	1936	2081	4165
5	2227	2142	2083	4166
5	2083	2039	1889	4167
5	2343	2203	2111	4168
5	2226	2081	2225	4169
5	2085	1948	1949	4170
5	2086	1953	1849	4171
5	2270	2157	1989	4172
5	2087	1989	1799	4173
5	2167	2088	2016	4174
5	2369	2134	1941	4175
5	2151	1807	2008	4176
5	2133	1817	1948	4177
5	2386	2135	2086	4178
5	2088	1950	1513	4179
5	2089	2001	1955	4180
5	2155	2089	1955	4181
5	2330	2188	2329	4182
5	2337	2196	2195	4183
5	2091	2018	1965	4184
5	2237	2130	2171	4185
5	2140	1976	2120	4186
5	2215	2071	2070	4187
5	2271	2086	1950	4188
5	2429	2271	2304	4189
5	2094	2025	1961	4190
5	2478	2272	2339	4191
5	2182	2036	2035	4192
5	2181	2035	2034	4193
5	2154	2096	1959	4194
5	2130	1960	1975	4195
5	2167	2016	2017	4196
5	2148	1813	1980	4197
5	2275	2141	2268	4198
5	2496	2361	2360	4199
5	2696	2564	2520	4200
5	2341	2200	2210	4201
5	2178	2015	2014	4202
5	2555	2432	2280	4203
5	2101	2091	1965	4204
5	2101	1965	1974	4205
5	2161	2002	2160	4206
5	2324	2183	2251	4207
5	2388	2148	2295	4208
5	2278	2003	2105	4209
5	2384	2105	2277	4210
5	2104	1853	2004	4211
5	2152	1809	1662	4212
5	2158	1939	2103	4213
5	2113	2033	2032	4214
5	2279	2119	2216	4215
5	2211	2066	2123	4216
5	2202	2056	2055	4217
5	2184	2037	2183	4218
5	2306	2102	2161	4219
5	2314	2159	2253	4220
5	2145	1822	2022	4221
5	2110	2101	1974	4222
5	2110	1974	2077	4223
5	2203	2058	2057	4224
5	2204	1993	2058	4225
5	2280	2100	2015	4226
5	2318	2254	2112	4227
5	2255	2179	2113	4228
5	2266	2118	1971	4229
5	2226	2082	2081	4230
5	2282	2114	2238	4231
5	2273	2110	2222	4232
5	2256	2111	2115	4233
5	2180	2013	2166	4234
5	2181	2034	2180	4235
5	2317	2175	2316	4236
5	2457	2319	2385	4237
5	2118	2117	1970	4238
5	2118	1970	1971	4239
5	2219	2074	2073	4240
5	2334	2193	2192	4241
5	2140	1963	1976	4242
5	2120	1976	1994	4243
5	2175	2029	2028	4244
5	2177	2031	2030	4245
5	2462	2324	2398	4246
5	2345	2205	2230	4247
5	2211	2065	2066	4248
5	2123	2066	1968	4249
5	2124	2120	1994	4250
5	2124	1994	2071	4251
5	2125	2114	1938	4252
5	2125	1938	1947	4253
5	2126	2125	1947	4254
5	2126	1947	1969	4255
5	2303	2174	2094	4256
5	2383	2277	2104	4257
5	2296	2149	2290	4258
5	2277	2005	2104	4259
5	2129	2085	1949	4260
5	2129	1949	1546	4261
5	2153	1985	1960	4262
5	2154	1985	2153	4263
5	2289	2147	2149	4264
5	2290	2149	1952	4265
5	2291	2131	1951	4266
5	2132	1951	1848	4267
5	2292	2133	1948	4268
5	2249	1991	2084	4269
5	2150	2132	1945	4270
5	2149	2147	1978	4271
5	2386	2086	2378	4272
5	2417	2383	2247	4273
5	2518	2388	2295	4274
5	2504	2408	2409	4275
5	2148	1954	1813	4276
5	2137	1980	1981	4277
5	2138	2099	1957	4278
5	2138	1957	1988	4279
5	2209	2006	2063	4280
5	2207	2062	2061	4281
5	2338	2197	2196	4282
5	2340	2199	2272	4283
5	2141	2121	1964	4284
5	2141	1964	1986	4285
5	2142	2115	2039	4286
5	2142	2039	2083	4287
5	2143	2122	1967	4288
5	2143	1967	2067	4289
5	2174	2025	2094	4290
5	2155	1955	2024	4291
5	2156	1874	1987	4292
5	2172	2022	1999	4293
5	2416	2137	1981	4294
5	2146	1981	1852	4295
5	2147	1982	1665	4296
5	2147	1665	1652	4297
5	2295	1980	2137	4298
5	2652	2544	2387	4299
5	2417	2248	2391	4300
5	2247	2104	2004	4301
5	2391	2248	2128	4302
5	2291	1951	2132	4303
5	2297	1891	2151	4304
5	2151	1891	1746	4305
5	2158	1984	1939	4306
5	2152	2127	1977	4307
5	2267	2101	2228	4308
5	2317	2176	2175	4309
5	2298	2130	2237	4310
5	2311	2169	2168	4311
5	2368	2258	2156	4312
5	2262	2094	2139	4313
5	2345	2206	2205	4314
5	2234	2156	1987	4315
5	2242	1943	2136	4316
5	2271	1950	2088	4317
5	2305	1984	2158	4318
5	2305	2152	1984	4319
5	2172	2145	2022	4320
5	2723	2453	2540	4321
5	2161	1996	2002	4322
5	2320	2180	2166	4323
5	2277	2105	2005	4324
5	2288	2128	1942	4325
5	2162	2139	2007	4326
5	2162	2007	2006	4327
5	2163	2138	1988	4328
5	2163	1988	2011	4329
5	2165	2011	2010	4330
5	2422	2276	2394	4331
5	2335	2193	2334	4332
5	2307	2163	2165	4333
5	2310	2116	2309	4334
5	2449	2322	2320	4335
5	2438	2241	2133	4336
5	2292	1948	2085	4337
5	2169	2020	2019	4338
5	2170	2021	2020	4339
5	2644	2585	2511	4340
5	2316	2121	2275	4341
5	2358	2221	2220	4342
5	2171	2021	2170	4343
5	2358	2220	2357	4344
5	2360	2224	2223	4345
5	2314	2172	2159	4346
5	2252	2026	2144	4347
5	2173	2155	2024	4348
5	2173	2024	2023	4349
5	2258	2023	2156	4350
5	2433	2261	2423	4351
5	2411	2228	2273	4352
5	2443	2298	2396	4353
5	2318	2112	2177	4354
5	2275	2121	2141	4355
5	2319	2176	2317	4356
5	2177	2112	2031	4357
5	2284	2179	2255	4358
5	2505	2266	2397	4359
5	2179	2178	2014	4360
5	2179	2014	2033	4361
5	2326	2108	2185	4362
5	2364	2283	2142	4363
5	2418	2398	2251	4364
5	2182	2095	2036	4365
5	2322	2180	2320	4366
5	2325	2184	2324	4367
5	2184	2038	2037	4368
5	2185	2038	2184	4369
5	2462	2325	2324	4370
5	2309	2116	2108	4371
5	2326	2309	2108	4372
5	2446	2286	2435	4373
5	2330	2189	2188	4374
5	2329	2187	2328	4375
5	2475	2337	2336	4376
5	2193	2048	2047	4377
5	2430	2275	2268	4378
5	2441	2397	2106	4379
5	2327	2186	2119	4380
5	2191	2046	2045	4381
5	2336	2194	2335	4382
5	2334	2192	2333	4383
5	2328	2187	2186	4384
5	2329	2188	2187	4385
5	2331	2190	2189	4386
5	2197	2051	2196	4387
5	2351	2090	2340	4388
5	2195	2050	2049	4389
5	2272	2199	2198	4390
5	2339	2198	2197	4391
5	2339	2197	2338	4392
5	2198	2053	2052	4393
5	2337	2195	2336	4394
5	2332	2191	2190	4395
5	2352	2214	2213	4396
5	2090	1962	2054	4397
5	2404	2259	2376	4398
5	2214	2070	2069	4399
5	2484	2403	2341	4400
5	2250	2164	2092	4401
5	2200	2123	1968	4402
5	2200	1968	2064	4403
5	2260	2201	2099	4404
5	2210	2056	2202	4405
5	2341	2236	2200	4406
5	2210	2200	2064	4407
5	2498	2363	2362	4408
5	2221	2075	2220	4409
5	2480	2344	2343	4410
5	2222	2110	2077	4411
5	2206	2061	2060	4412
5	2209	2063	2208	4413
5	2424	2173	2258	4414
5	2287	2161	2160	4415
5	2615	2481	2506	4416
5	2209	2162	2006	4417
5	2231	2139	2162	4418
5	2485	2350	2349	4419
5	2483	2348	2342	4420
5	2350	2211	2349	4421
5	2448	2307	2308	4422
5	2276	2138	2243	4423
5	2342	2202	2201	4424
5	2556	2402	2482	4425
5	2212	2143	2067	4426
5	2212	2067	2068	4427
5	2259	2120	2124	4428
5	2214	2069	2213	4429
5	2352	2264	2215	4430
5	2215	2070	2214	4431
5	2508	2376	2488	4432
5	2332	2190	2331	4433
5	2216	2119	2000	4434
5	2216	2000	2074	4435
5	2218	2073	2072	4436
5	2327	2119	2279	4437
5	2766	2644	2694	4438
5	2355	2216	2219	4439
5	2328	2186	2327	4440
5	2219	2216	2074	4441
5	2497	2362	2361	4442
5	2421	2255	2254	4443
5	2311	2168	2235	4444
5	2222	2076	2221	4445
5	2235	2168	2091	4446
5	2412	2235	2267	4447
5	2224	2080	2079	4448
5	2225	2081	2080	4449
5	2357	2204	2344	4450
5	2227	2083	2082	4451
5	2633	2500	2499	4452
5	2322	2181	2180	4453
5	2460	2323	2322	4454
5	2227	2082	2226	4455
5	2458	2310	2309	4456
5	2282	2223	2114	4457
5	2359	2222	2221	4458
5	2555	2178	2284	4459
5	2244	1997	2127	4460
5	2244	2146	1997	4461
5	2230	2205	2122	4462
5	2285	2230	2122	4463
5	2347	2209	2208	4464
5	2401	2375	2231	4465
5	2232	2231	2162	4466
5	2232	2162	2209	4467
5	2233	2167	2017	4468
5	2233	2017	2157	4469
5	2252	2109	2026	4470
5	2258	2173	2023	4471
5	2585	2450	2511	4472
5	2451	2312	2450	4473
5	2261	2143	2212	4474
5	2400	2345	2230	4475
5	2312	2169	2311	4476
5	2312	2170	2169	4477
5	2321	2269	2095	4478
5	2461	2321	2323	4479
5	2293	1940	2135	4480
5	2241	1983	2133	4481
5	2249	2084	2240	4482
5	2567	2428	2270	4483
5	2678	2389	2503	4484
5	2297	2106	1891	4485
5	2242	2239	2129	4486
5	2242	2129	1943	4487
5	2485	2349	2382	4488
5	2265	2092	2140	4489
5	2431	2229	2158	4490
5	2416	2146	2244	4491
5	2365	2292	2085	4492
5	2544	2097	2387	4493
5	2246	2234	2145	4494
5	2246	2145	2172	4495
5	2288	1942	2131	4496
5	2416	1981	2146	4497
5	2248	2247	2004	4498
5	2248	2004	2128	4499
5	2378	2086	2271	4500
5	2353	2117	2281	4501
5	2307	2243	2163	4502
5	2308	2164	2250	4503
5	2251	2183	2102	4504
5	2598	2462	2512	4505
5	2419	2252	2144	4506
5	2262	2139	2231	4507
5	2355	2279	2216	4508
5	2420	2279	2355	4509
5	2354	2217	2353	4510
5	2254	2113	2112	4511
5	2675	2510	2405	4512
5	2284	2178	2179	4513
5	2359	2273	2222	4514
5	2343	2111	2256	4515
5	2257	2238	2125	4516
5	2257	2125	2126	4517
5	2315	2144	2027	4518
5	2315	2027	2174	4519
5	2294	2120	2259	4520
5	2265	2250	2092	4521
5	2487	2352	2351	4522
5	2488	2264	2352	4523
5	2423	2261	2263	4524
5	2350	2107	2211	4525
5	2573	2433	2572	4526
5	2286	2160	2089	4527
5	2263	2261	2212	4528
5	2263	2212	2107	4529
5	2264	2259	2124	4530
5	2264	2124	2215	4531
5	2514	2394	2414	4532
5	2381	2342	2260	4533
5	2486	2351	2340	4534
5	2281	2117	2118	4535
5	2267	2235	2091	4536
5	2267	2091	2101	4537
5	2555	2284	2510	4538
5	2427	2268	2274	4539
5	2269	2257	2126	4540
5	2269	2126	2095	4541
5	2501	2438	2292	4542
5	2516	2233	2428	4543
5	2432	2366	2100	4544
5	2429	2378	2271	4545
5	2340	2090	2199	4546
5	2351	2213	2090	4547
5	2344	2203	2343	4548
5	2399	2343	2256	4549
5	2274	2268	2098	4550
5	2274	2098	2096	4551
5	2455	2275	2430	4552
5	2444	2300	2299	4553
5	2276	2260	2099	4554
5	2276	2099	2138	4555
5	2384	2278	2105	4556
5	2278	2103	2003	4557
5	2431	2158	2103	4558
5	2431	2103	2278	4559
5	2253	2159	1998	4560
5	2253	1998	1972	4561
5	2505	2118	2266	4562
5	2366	2240	2100	4563
5	2353	2217	2117	4564
5	2354	2218	2217	4565
5	2363	2227	2226	4566
5	2283	2256	2115	4567
5	2361	2224	2360	4568
5	2763	2632	2762	4569
5	2441	2106	2297	4570
5	2397	2266	2106	4571
5	2481	2345	2400	4572
5	2401	2231	2232	4573
5	2526	2445	2301	4574
5	2434	2230	2285	4575
5	2306	2251	2102	4576
5	2306	2161	2287	4577
5	2503	2389	2439	4578
5	2290	1952	2134	4579
5	2289	2150	1982	4580
5	2289	1982	2147	4581
5	2383	2104	2247	4582
5	2390	2131	2291	4583
5	2390	2288	2131	4584
5	2518	2295	2440	4585
5	2428	2233	2157	4586
5	2791	2567	2651	4587
5	2380	2304	2167	4588
5	2388	2136	2148	4589
5	2294	2265	2140	4590
5	2294	2140	2120	4591
5	2519	2293	2386	4592
5	2365	2085	2239	4593
5	2436	2132	2150	4594
5	2296	2150	2289	4595
5	2297	2151	2245	4596
5	2432	2100	2280	4597
5	2300	2096	2154	4598
5	2300	2154	2299	4599
5	2395	2267	2228	4600
5	2300	2274	2096	4601
5	2412	2267	2395	4602
5	2638	2504	2509	4603
5	2375	2262	2231	4604
5	2302	2155	2301	4605
5	2302	2286	2089	4606
5	2302	2089	2155	4607
5	2368	2156	2234	4608
5	2452	2253	2109	4609
5	2304	2271	2088	4610
5	2304	2088	2167	4611
5	2305	2158	2229	4612
5	2305	2229	2127	4613
5	2435	2286	2302	4614
5	2619	2485	2618	4615
5	2483	2342	2381	4616
5	2572	2433	2423	4617
5	2308	2307	2165	4618
5	2308	2165	2164	4619
5	2310	2166	2116	4620
5	2321	2095	2182	4621
5	2459	2310	2458	4622
5	2632	2499	2498	4623
5	2313	2171	2170	4624
5	2313	2170	2312	4625
5	2570	2430	2427	4626
5	2313	2237	2171	4627
5	2427	2274	2377	4628
5	2444	2377	2300	4629
5	2452	2393	2314	4630
5	2452	2109	2252	4631
5	2588	2315	2453	4632
5	2767	2642	2588	4633
5	2489	2353	2281	4634
5	2454	2254	2318	4635
5	2451	2407	2313	4636
5	2780	2644	2766	4637
5	2491	2355	2356	4638
5	2405	2284	2255	4639
5	2319	2318	2177	4640
5	2319	2177	2176	4641
5	2464	2309	2326	4642
5	2630	2497	2496	4643
5	2323	2181	2322	4644
5	2406	2360	2282	4645
5	2323	2182	2181	4646
5	2323	2321	2182	4647
5	2460	2322	2449	4648
5	2499	2363	2498	4649
5	2325	2185	2184	4650
5	2326	2185	2325	4651
5	2463	2325	2462	4652
5	2761	2630	2760	4653
5	2599	2463	2598	4654
5	2689	2522	2543	4655
5	2466	2327	2465	4656
5	2465	2279	2420	4657
5	2490	2353	2489	4658
5	2333	2191	2332	4659
5	2465	2327	2279	4660
5	2479	2340	2272	4661
5	2467	2328	2466	4662
5	2466	2328	2327	4663
5	2487	2351	2486	4664
5	2333	2192	2191	4665
5	2477	2339	2338	4666
5	2467	2329	2328	4667
5	2471	2332	2470	4668
5	2335	2194	2193	4669
5	2468	2330	2329	4670
5	2473	2334	2472	4671
5	2469	2330	2468	4672
5	2338	2196	2337	4673
5	2469	2331	2330	4674
5	2470	2332	2331	4675
5	2472	2333	2471	4676
5	2339	2272	2198	4677
5	2471	2333	2332	4678
5	2478	2339	2477	4679
5	2472	2334	2333	4680
5	2473	2335	2334	4681
5	2479	2272	2478	4682
5	2352	2215	2214	4683
5	2348	2202	2342	4684
5	2484	2348	2483	4685
5	2348	2210	2202	4686
5	2348	2341	2210	4687
5	2344	2204	2203	4688
5	2357	2220	2204	4689
5	2412	2372	2235	4690
5	2359	2221	2358	4691
5	2346	2208	2207	4692
5	2347	2232	2209	4693
5	2370	2303	2262	4694
5	2347	2208	2346	4695
5	2418	2251	2306	4696
5	2711	2572	2528	4697
5	2425	2265	2294	4698
5	2620	2479	2614	4699
5	2350	2263	2107	4700
5	2349	2211	2123	4701
5	2528	2423	2374	4702
5	2423	2263	2374	4703
5	2474	2336	2335	4704
5	2371	2250	2265	4705
5	2376	2259	2264	4706
5	2477	2338	2476	4707
5	2430	2268	2427	4708
5	2356	2218	2354	4709
5	2586	2524	2407	4710
5	2566	2457	2529	4711
5	2470	2331	2469	4712
5	2468	2329	2467	4713
5	2356	2355	2219	4714
5	2356	2219	2218	4715
5	2821	2722	2780	4716
5	2761	2631	2630	4717
5	2726	2589	2724	4718
5	2463	2326	2325	4719
5	2496	2360	2406	4720
5	2632	2498	2631	4721
5	2361	2225	2224	4722
5	2362	2226	2225	4723
5	2630	2496	2629	4724
5	2364	2142	2227	4725
5	3011	2931	2887	4726
5	2912	2884	2769	4727
5	2494	2357	2492	4728
5	2364	2227	2363	4729
5	2411	2395	2228	4730
5	2399	2256	2373	4731
5	2674	2505	2397	4732
5	2428	2157	2270	4733
5	2367	2240	2366	4734
5	2367	2249	2240	4735
5	2537	2241	2438	4736
5	2695	2537	2637	4737
5	2523	2258	2368	4738
5	2523	2424	2258	4739
5	2437	2296	2290	4740
5	2369	2290	2134	4741
5	2733	2598	2647	4742
5	2540	2303	2370	4743
5	2448	2414	2307	4744
5	2546	2381	2521	4745
5	2372	2311	2235	4746
5	2524	2396	2407	4747
5	2500	2373	2283	4748
5	2499	2364	2363	4749
5	2485	2374	2350	4750
5	2572	2423	2528	4751
5	2482	2346	2481	4752
5	2520	2375	2401	4753
5	2404	2294	2259	4754
5	2425	2294	2404	4755
5	2570	2427	2522	4756
5	2396	2298	2237	4757
5	2552	2369	2544	4758
5	2801	2501	2648	4759
5	2438	2133	2292	4760
5	2380	2167	2379	4761
5	2516	2379	2233	4762
5	2391	2128	2288	4763
5	2382	2349	2236	4764
5	2698	2616	2690	4765
5	2563	2394	2514	4766
5	2565	2371	2425	4767
5	2417	2247	2248	4768
5	2548	2415	2229	4769
5	2549	2277	2383	4770
5	2415	2244	2229	4771
5	2385	2319	2317	4772
5	2455	2316	2275	4773
5	2387	2097	2293	4774
5	2386	2293	2135	4775
5	2569	2545	2378	4776
5	2389	2239	2242	4777
5	2648	2365	2551	4778
5	2555	2280	2178	4779
5	2548	2229	2431	4780
5	2439	2136	2388	4781
5	2552	2437	2369	4782
5	2576	2296	2437	4783
5	2553	2288	2390	4784
5	2437	2290	2369	4785
5	2392	2368	2234	4786
5	2392	2234	2246	4787
5	2393	2392	2246	4788
5	2393	2246	2314	4789
5	2422	2381	2260	4790
5	2394	2276	2243	4791
5	2840	2707	2692	4792
5	2760	2629	2759	4793
5	2443	2299	2298	4794
5	2444	2299	2443	4795
5	2534	2367	2366	4796
5	2426	2356	2354	4797
5	2398	2324	2251	4798
5	2573	2507	2434	4799
5	2493	2411	2273	4800
5	2480	2343	2399	4801
5	2526	2301	2424	4802
5	2424	2301	2173	4803
5	2513	2435	2445	4804
5	2482	2347	2346	4805
5	2402	2401	2232	4806
5	2402	2232	2347	4807
5	2403	2382	2236	4808
5	2403	2236	2341	4809
5	2673	2528	2619	4810
5	2584	2371	2565	4811
5	2557	2420	2491	4812
5	2716	2534	2535	4813
5	2498	2362	2497	4814
5	2497	2361	2496	4815
5	2407	2396	2237	4816
5	2407	2237	2313	4817
5	2408	2406	2282	4818
5	2408	2282	2238	4819
5	2409	2408	2238	4820
5	2409	2238	2257	4821
5	2410	2409	2257	4822
5	2410	2257	2269	4823
5	2492	2344	2480	4824
5	2494	2358	2357	4825
5	2530	2502	2492	4826
5	2530	2480	2399	4827
5	2413	2410	2269	4828
5	2413	2269	2321	4829
5	2414	2394	2243	4830
5	2414	2243	2307	4831
5	2544	2369	2097	4832
5	2440	2295	2137	4833
5	2685	2440	2653	4834
5	2653	2440	2560	4835
5	2667	2515	2505	4836
5	2660	2571	2384	4837
5	2447	2418	2306	4838
5	2447	2287	2446	4839
5	2689	2682	2522	4840
5	2452	2314	2253	4841
5	2491	2420	2355	4842
5	2491	2356	2426	4843
5	2590	2456	2455	4844
5	2421	2405	2255	4845
5	2690	2616	2617	4846
5	2892	2781	2782	4847
5	2433	2285	2261	4848
5	2434	2285	2433	4849
5	2453	2174	2303	4850
5	2618	2485	2382	4851
5	2521	2381	2422	4852
5	2975	2841	2893	4853
5	2693	2566	2529	4854
5	2625	2558	2421	4855
5	2456	2385	2317	4856
5	2668	2645	2554	4857
5	2567	2270	2087	4858
5	2658	2367	2534	4859
5	2661	2429	2550	4860
5	2519	2387	2293	4861
5	2591	2385	2456	4862
5	2626	2491	2426	4863
5	2660	2548	2571	4864
5	2701	2561	2415	4865
5	2510	2284	2405	4866
5	2771	2550	2659	4867
5	2720	2520	2583	4868
5	2434	2400	2230	4869
5	2730	2525	2596	4870
5	2712	2572	2711	4871
5	2698	2547	2616	4872
5	2446	2287	2286	4873
5	2575	2291	2436	4874
5	2436	2150	2296	4875
5	2839	2666	2553	4876
5	2436	2291	2132	4877
5	2501	2292	2365	4878
5	3006	2834	2756	4879
5	2439	2389	2242	4880
5	2439	2242	2136	4881
5	2654	2552	2544	4882
5	2773	2552	2654	4883
5	3145	3066	3083	4884
5	2623	2426	2490	4885
5	2442	2441	2297	4886
5	2442	2297	2245	4887
5	2628	2493	2495	4888
5	2724	2570	2682	4889
5	2532	2395	2411	4890
5	2603	2467	2602	4891
5	2445	2435	2302	4892
5	2445	2302	2301	4893
5	2447	2306	2287	4894
5	2525	2410	2413	4895
5	2546	2483	2381	4896
5	2596	2461	2595	4897
5	2614	2479	2478	4898
5	2610	2474	2609	4899
5	2461	2413	2321	4900
5	2461	2323	2460	4901
5	2451	2313	2312	4902
5	2450	2312	2311	4903
5	2722	2585	2644	4904
5	2586	2451	2585	4905
5	2587	2252	2419	4906
5	2587	2452	2252	4907
5	2588	2419	2315	4908
5	2453	2315	2174	4909
5	2490	2354	2353	4910
5	2454	2421	2254	4911
5	2456	2316	2455	4912
5	2456	2317	2316	4913
5	2579	2396	2524	4914
5	2762	2632	2631	4915
5	2457	2454	2318	4916
5	2457	2318	2319	4917
5	2459	2320	2310	4918
5	2459	2449	2320	4919
5	2574	2446	2435	4920
5	2649	2502	2530	4921
5	2596	2525	2413	4922
5	2598	2463	2462	4923
5	2595	2461	2460	4924
5	2525	2509	2410	4925
5	2845	2822	2665	4926
5	2464	2326	2463	4927
5	2592	2459	2458	4928
5	2464	2458	2309	4929
5	2594	2460	2449	4930
5	2729	2594	2593	4931
5	2611	2476	2475	4932
5	2602	2466	2601	4933
5	2604	2468	2603	4934
5	2600	2465	2420	4935
5	2612	2477	2476	4936
5	2558	2405	2421	4937
5	2601	2466	2465	4938
5	2474	2335	2473	4939
5	2608	2472	2607	4940
5	2605	2469	2604	4941
5	2602	2467	2466	4942
5	2612	2476	2611	4943
5	2603	2468	2467	4944
5	2476	2338	2337	4945
5	2609	2473	2608	4946
5	2614	2478	2613	4947
5	2604	2469	2468	4948
5	2605	2470	2469	4949
5	2607	2471	2606	4950
5	2476	2337	2475	4951
5	2606	2470	2605	4952
5	2606	2471	2470	4953
5	2613	2477	2612	4954
5	2488	2352	2487	4955
5	2607	2472	2471	4956
5	2608	2473	2472	4957
5	2621	2486	2620	4958
5	2486	2340	2479	4959
5	2609	2474	2473	4960
5	2610	2475	2474	4961
5	2492	2357	2344	4962
5	2493	2273	2359	4963
5	2482	2402	2347	4964
5	2481	2346	2345	4965
5	2583	2520	2401	4966
5	2581	2418	2447	4967
5	2484	2341	2348	4968
5	2943	2831	2798	4969
5	2541	2404	2376	4970
5	2584	2448	2371	4971
5	2618	2382	2547	4972
5	2749	2547	2698	4973
5	2622	2488	2487	4974
5	2841	2706	2775	4975
5	2721	2584	2565	4976
5	2488	2376	2264	4977
5	2617	2483	2546	4978
5	2541	2376	2508	4979
5	2490	2426	2354	4980
5	2600	2420	2557	4981
5	2674	2667	2505	4982
5	2705	2555	2704	4983
5	2704	2555	2510	4984
5	2601	2465	2600	4985
5	3015	2905	2913	4986
5	2628	2495	2627	4987
5	2495	2358	2494	4988
5	2542	2372	2412	4989
5	2495	2359	2358	4990
5	2495	2493	2359	4991
5	2591	2529	2385	4992
5	2543	2522	2377	4993
5	2533	2408	2504	4994
5	2633	2531	2373	4995
5	2533	2406	2408	4996
5	2500	2283	2364	4997
5	2530	2399	2531	4998
5	2530	2492	2480	4999
5	2633	2373	2500	5000
5	2500	2364	2499	5001
5	2827	2650	2664	5002
5	2631	2498	2497	5003
5	2705	2432	2555	5004
5	2567	2087	2249	5005
5	2502	2494	2492	5006
5	2629	2406	2533	5007
5	2678	2551	2389	5008
5	2551	2239	2389	5009
5	2593	2449	2459	5010
5	2596	2413	2461	5011
5	2515	2281	2505	5012
5	2505	2281	2118	5013
5	2506	2481	2400	5014
5	2573	2434	2433	5015
5	2507	2506	2400	5016
5	2507	2400	2434	5017
5	2679	2508	2622	5018
5	2620	2486	2479	5019
5	2509	2504	2409	5020
5	2509	2409	2410	5021
5	2537	2093	2241	5022
5	2515	2489	2281	5023
5	2511	2450	2372	5024
5	2542	2511	2372	5025
5	2512	2462	2398	5026
5	2854	2765	2729	5027
5	2583	2401	2402	5028
5	2574	2435	2513	5029
5	2878	2751	2877	5030
5	2541	2425	2404	5031
5	2697	2559	2640	5032
5	2589	2430	2570	5033
5	2550	2429	2304	5034
5	2811	2685	2653	5035
5	2517	2503	2439	5036
5	2517	2439	2388	5037
5	2634	2503	2517	5038
5	2518	2517	2388	5039
5	2770	2700	2569	5040
5	2569	2378	2429	5041
5	2540	2453	2303	5042
5	2564	2375	2520	5043
5	2750	2673	2619	5044
5	2691	2546	2656	5045
5	2522	2427	2377	5046
5	2783	2717	2643	5047
5	2642	2419	2588	5048
5	2639	2424	2523	5049
5	2543	2377	2444	5050
5	2795	2689	2669	5051
5	2593	2459	2592	5052
5	3090	2957	3016	5053
5	2635	2445	2526	5054
5	2639	2526	2424	5055
5	2527	2514	2414	5056
5	2527	2414	2448	5057
5	2781	2690	2691	5058
5	2836	2698	2690	5059
5	2529	2457	2385	5060
5	2682	2570	2522	5061
5	2692	2626	2623	5062
5	2758	2668	2628	5063
5	2755	2623	2624	5064
5	2531	2399	2373	5065
5	2559	2395	2532	5066
5	2776	2768	2640	5067
5	2629	2496	2406	5068
5	2631	2497	2630	5069
5	2536	2442	2245	5070
5	2637	2537	2438	5071
5	2535	2534	2366	5072
5	2535	2366	2432	5073
5	2577	2397	2441	5074
5	2967	2578	2636	5075
5	2537	2536	2245	5076
5	2537	2245	2093	5077
5	2538	2523	2368	5078
5	2538	2368	2392	5079
5	2539	2512	2398	5080
5	2539	2398	2418	5081
5	2663	2512	2539	5082
5	2639	2538	2655	5083
5	2565	2425	2541	5084
5	2583	2402	2556	5085
5	2669	2543	2580	5086
5	2883	2840	2692	5087
5	2580	2443	2579	5088
5	2580	2543	2444	5089
5	2660	2384	2549	5090
5	2553	2391	2288	5091
5	2545	2519	2386	5092
5	2545	2386	2378	5093
5	2547	2382	2403	5094
5	2619	2374	2485	5095
5	2749	2618	2547	5096
5	2688	2521	2563	5097
5	2549	2384	2277	5098
5	2571	2278	2384	5099
5	2701	2415	2548	5100
5	2654	2544	2652	5101
5	2785	2577	2715	5102
5	2551	2365	2239	5103
5	2666	2417	2391	5104
5	2666	2391	2553	5105
5	2702	2653	2560	5106
5	2648	2501	2365	5107
5	3059	2837	2938	5108
5	2576	2436	2296	5109
5	2554	2532	2411	5110
5	2554	2411	2493	5111
5	2774	2705	2704	5112
5	2815	2651	2568	5113
5	2681	2527	2584	5114
5	2584	2527	2448	5115
5	2626	2426	2623	5116
5	2727	2725	2591	5117
5	3136	3031	2946	5118
5	2625	2421	2454	5119
5	2559	2542	2412	5120
5	2559	2412	2395	5121
5	2560	2440	2137	5122
5	2560	2137	2416	5123
5	2561	2560	2416	5124
5	2561	2416	2415	5125
5	2562	2538	2392	5126
5	2562	2392	2393	5127
5	2563	2521	2422	5128
5	2563	2422	2394	5129
5	2767	2588	2723	5130
5	2564	2370	2375	5131
5	2900	2788	2789	5132
5	2871	2745	2870	5133
5	2625	2454	2566	5134
5	2566	2454	2457	5135
5	2801	2637	2501	5136
5	2791	2428	2567	5137
5	2568	2567	2249	5138
5	2568	2249	2367	5139
5	2686	2652	2387	5140
5	2686	2387	2519	5141
5	2589	2455	2430	5142
5	2590	2455	2589	5143
5	2571	2548	2431	5144
5	2571	2431	2278	5145
5	2827	2796	2650	5146
5	2713	2507	2573	5147
5	2671	2664	2615	5148
5	2796	2720	2650	5149
5	2581	2539	2418	5150
5	2582	2446	2574	5151
5	2714	2390	2575	5152
5	2575	2390	2291	5153
5	2714	2575	2576	5154
5	2576	2575	2436	5155
5	2825	2678	2503	5156
5	2803	2695	2637	5157
5	2578	2577	2441	5158
5	2578	2441	2442	5159
5	2580	2444	2443	5160
5	2579	2443	2396	5161
5	2708	2489	2515	5162
5	2689	2543	2669	5163
5	2719	2574	2677	5164
5	2728	2593	2592	5165
5	2582	2581	2447	5166
5	2582	2447	2446	5167
5	2720	2583	2650	5168
5	2720	2696	2520	5169
5	2798	2657	2672	5170
5	2706	2541	2508	5171
5	2586	2407	2451	5172
5	2585	2451	2450	5173
5	2676	2627	2502	5174
5	2800	2759	2646	5175
5	2587	2562	2393	5176
5	2587	2393	2452	5177
5	2723	2588	2453	5178
5	2655	2538	2562	5179
5	2717	2579	2643	5180
5	2852	2726	2793	5181
5	2725	2693	2529	5182
5	2591	2456	2590	5183
5	3178	3143	3015	5184
5	2963	2795	2919	5185
5	2595	2460	2594	5186
5	2594	2449	2593	5187
5	2848	2696	2720	5188
5	2728	2592	2662	5189
5	2778	2733	2647	5190
5	2763	2633	2632	5191
5	2733	2599	2598	5192
5	2731	2595	2594	5193
5	2729	2593	2728	5194
5	2764	2633	2763	5195
5	2597	2592	2458	5196
5	2597	2458	2464	5197
5	2599	2464	2463	5198
5	2599	2597	2464	5199
5	2662	2592	2597	5200
5	2731	2594	2729	5201
5	2724	2589	2570	5202
5	2797	2755	2624	5203
5	2708	2624	2489	5204
5	2737	2601	2736	5205
5	2736	2601	2600	5206
5	2737	2602	2601	5207
5	2735	2600	2557	5208
5	2707	2557	2626	5209
5	2741	2605	2740	5210
5	2613	2478	2477	5211
5	2752	2621	2620	5212
5	2738	2603	2602	5213
5	2743	2607	2742	5214
5	2622	2487	2621	5215
5	2739	2604	2603	5216
5	2753	2622	2621	5217
5	2744	2608	2743	5218
5	2740	2605	2604	5219
5	2745	2610	2609	5220
5	2611	2475	2610	5221
5	2741	2606	2605	5222
5	2746	2611	2610	5223
5	2742	2607	2606	5224
5	2748	2612	2747	5225
5	2743	2608	2607	5226
5	2748	2614	2613	5227
5	2745	2609	2744	5228
5	2621	2487	2486	5229
5	2751	2614	2748	5230
5	2744	2609	2608	5231
5	2615	2556	2482	5232
5	2615	2482	2481	5233
5	2616	2547	2403	5234
5	2616	2403	2484	5235
5	2617	2616	2484	5236
5	2617	2484	2483	5237
5	3020	2893	2898	5238
5	2619	2528	2374	5239
5	2688	2563	2657	5240
5	2721	2681	2584	5241
5	2746	2610	2745	5242
5	2622	2508	2488	5243
5	2747	2612	2611	5244
5	2751	2620	2614	5245
5	2681	2672	2527	5246
5	2706	2508	2679	5247
5	2738	2602	2737	5248
5	2626	2557	2491	5249
5	2624	2623	2490	5250
5	2624	2490	2489	5251
5	2735	2557	2707	5252
5	2707	2626	2692	5253
5	3163	3041	3154	5254
5	3204	3061	3137	5255
5	2628	2554	2493	5256
5	2627	2495	2494	5257
5	2882	2754	2881	5258
5	2901	2769	2792	5259
5	2646	2504	2638	5260
5	2764	2757	2531	5261
5	2951	2799	2804	5262
5	2650	2583	2556	5263
5	2832	2639	2655	5264
5	2633	2499	2632	5265
5	2646	2533	2504	5266
5	2885	2760	2759	5267
5	2759	2533	2646	5268
5	2764	2531	2633	5269
5	2940	2801	2648	5270
5	2637	2438	2501	5271
5	2924	2767	2723	5272
5	2635	2513	2445	5273
5	2636	2578	2442	5274
5	2636	2442	2536	5275
5	2906	2830	2779	5276
5	2651	2567	2568	5277
5	2854	2729	2728	5278
5	2730	2641	2525	5279
5	2709	2370	2564	5280
5	2642	2587	2419	5281
5	2640	2559	2532	5282
5	2784	2697	2768	5283
5	2641	2638	2509	5284
5	2641	2509	2525	5285
5	2639	2523	2538	5286
5	2642	2655	2562	5287
5	2643	2579	2524	5288
5	2670	2643	2524	5289
5	2670	2524	2586	5290
5	3107	2983	3105	5291
5	2645	2640	2532	5292
5	2645	2532	2554	5293
5	2807	2638	2799	5294
5	2759	2629	2533	5295
5	2647	2598	2512	5296
5	2663	2647	2512	5297
5	2659	2550	2380	5298
5	2946	2785	2715	5299
5	2668	2554	2628	5300
5	2676	2502	2649	5301
5	2853	2728	2662	5302
5	2677	2574	2513	5303
5	2695	2536	2537	5304
5	2659	2380	2379	5305
5	2703	2576	2437	5306
5	2810	2654	2652	5307
5	3027	2779	2935	5308
5	2915	2654	2810	5309
5	2702	2560	2561	5310
5	2969	2846	2896	5311
5	2642	2562	2587	5312
5	2847	2719	2677	5313
5	2656	2546	2521	5314
5	2876	2673	2750	5315
5	2688	2656	2521	5316
5	2657	2563	2514	5317
5	2815	2568	2658	5318
5	2658	2568	2367	5319
5	2904	2678	2825	5320
5	2661	2569	2429	5321
5	2938	2837	2702	5322
5	2699	2383	2417	5323
5	2947	2774	2894	5324
5	2818	2551	2678	5325
5	2734	2599	2733	5326
5	2857	2734	2733	5327
5	2671	2506	2665	5328
5	2711	2528	2673	5329
5	2664	2650	2556	5330
5	2664	2556	2615	5331
5	2671	2615	2506	5332
5	2665	2506	2507	5333
5	2817	2549	2699	5334
5	2699	2549	2383	5335
5	2675	2405	2558	5336
5	2756	2558	2625	5337
5	2758	2627	2676	5338
5	2784	2766	2694	5339
5	3133	2952	3050	5340
5	2912	2769	2901	5341
5	2780	2722	2644	5342
5	3061	2930	3026	5343
5	2809	2718	2719	5344
5	2680	2663	2539	5345
5	2672	2657	2514	5346
5	2672	2514	2527	5347
5	2713	2573	2712	5348
5	2712	2573	2572	5349
5	2674	2397	2577	5350
5	2715	2577	2578	5351
5	2756	2625	2754	5352
5	2739	2603	2738	5353
5	2758	2628	2627	5354
5	2889	2763	2762	5355
5	2680	2539	2581	5356
5	2777	2663	2680	5357
5	3027	2906	2779	5358
5	2779	2687	2700	5359
5	2753	2679	2622	5360
5	2752	2620	2751	5361
5	2790	2663	2777	5362
5	2978	2895	2854	5363
5	2710	2541	2706	5364
5	3004	2898	2880	5365
5	2851	2693	2725	5366
5	2986	2852	2793	5367
5	2683	2659	2379	5368
5	2683	2379	2516	5369
5	2938	2702	2838	5370
5	2684	2634	2517	5371
5	2685	2684	2518	5372
5	2685	2518	2440	5373
5	3138	3040	3023	5374
5	2770	2569	2661	5375
5	2687	2686	2519	5376
5	2687	2519	2545	5377
5	2788	2672	2681	5378
5	2921	2836	2916	5379
5	2966	2802	2635	5380
5	2833	2639	2832	5381
5	2750	2618	2749	5382
5	2750	2619	2618	5383
5	2691	2690	2617	5384
5	2691	2617	2546	5385
5	2753	2621	2752	5386
5	2736	2600	2735	5387
5	2754	2566	2693	5388
5	2834	2558	2756	5389
5	2694	2644	2511	5390
5	2694	2511	2542	5391
5	2786	2708	2515	5392
5	2835	2636	2536	5393
5	2802	2513	2635	5394
5	2709	2540	2370	5395
5	2697	2694	2542	5396
5	2697	2542	2559	5397
5	2843	2711	2842	5398
5	2874	2698	2836	5399
5	2812	2417	2666	5400
5	2838	2702	2561	5401
5	2700	2687	2545	5402
5	2700	2545	2569	5403
5	2830	2686	2687	5404
5	2907	2810	2830	5405
5	2838	2561	2701	5406
5	2703	2437	2552	5407
5	3023	2969	2896	5408
5	2714	2553	2390	5409
5	3186	2940	3058	5410
5	2772	2704	2510	5411
5	2923	2658	2534	5412
5	2705	2535	2432	5413
5	2710	2565	2541	5414
5	2721	2565	2710	5415
5	3008	2981	2840	5416
5	2726	2590	2589	5417
5	2862	2736	2861	5418
5	2754	2625	2566	5419
5	2787	2655	2642	5420
5	2850	2723	2540	5421
5	2831	2657	2798	5422
5	2814	2656	2688	5423
5	2849	2789	2721	5424
5	2713	2665	2507	5425
5	2843	2712	2711	5426
5	2922	2790	2920	5427
5	2999	2876	2875	5428
5	2925	2765	2895	5429
5	2839	2553	2714	5430
5	2846	2576	2703	5431
5	2774	2535	2705	5432
5	2772	2510	2675	5433
5	2816	2771	2659	5434
5	3014	2786	2897	5435
5	2717	2669	2580	5436
5	2717	2580	2579	5437
5	2718	2680	2581	5438
5	2718	2581	2582	5439
5	2719	2718	2582	5440
5	2719	2582	2574	5441
5	2874	2749	2698	5442
5	2857	2733	2778	5443
5	3127	3003	3002	5444
5	2877	2751	2748	5445
5	2722	2670	2586	5446
5	2722	2586	2585	5447
5	2924	2787	2767	5448
5	2802	2677	2513	5449
5	2725	2529	2591	5450
5	2828	2794	2682	5451
5	2727	2590	2726	5452
5	2863	2737	2862	5453
5	2727	2591	2590	5454
5	2879	2752	2878	5455
5	2881	2754	2693	5456
5	2740	2604	2739	5457
5	3052	2895	3041	5458
5	2799	2638	2641	5459
5	3140	3050	3055	5460
5	2889	2762	2887	5461
5	2732	2595	2731	5462
5	2732	2596	2595	5463
5	2732	2730	2596	5464
5	2942	2913	2780	5465
5	2888	2792	2757	5466
5	3010	2886	2885	5467
5	2734	2597	2599	5468
5	2734	2662	2597	5469
5	2826	2680	2718	5470
5	2822	2671	2665	5471
5	2913	2821	2780	5472
5	3117	2992	3116	5473
5	2828	2689	2795	5474
5	2852	2727	2726	5475
5	2882	2756	2754	5476
5	2742	2606	2741	5477
5	2928	2883	2755	5478
5	2861	2736	2735	5479
5	2871	2746	2745	5480
5	2863	2738	2737	5481
5	2862	2737	2736	5482
5	2865	2739	2864	5483
5	2864	2739	2738	5484
5	2748	2613	2612	5485
5	2873	2748	2747	5486
5	2868	2742	2867	5487
5	2865	2740	2739	5488
5	2869	2743	2868	5489
5	2866	2741	2740	5490
5	2872	2746	2871	5491
5	2880	2775	2679	5492
5	2747	2611	2746	5493
5	2867	2742	2741	5494
5	2868	2743	2742	5495
5	2877	2748	2873	5496
5	2869	2744	2743	5497
5	2880	2679	2753	5498
5	2870	2745	2744	5499
5	2836	2690	2781	5500
5	2842	2711	2673	5501
5	2970	2843	2842	5502
5	3002	2877	3001	5503
5	2878	2752	2751	5504
5	2872	2747	2746	5505
5	2879	2753	2752	5506
5	3545	3387	3529	5507
5	2798	2672	2788	5508
5	2849	2710	2841	5509
5	2864	2738	2863	5510
5	2797	2624	2708	5511
5	2861	2735	2859	5512
5	2755	2692	2623	5513
5	2774	2716	2535	5514
5	2929	2675	2834	5515
5	2757	2649	2530	5516
5	2757	2530	2531	5517
5	2930	2768	2776	5518
5	3011	2887	2886	5519
5	2760	2630	2629	5520
5	2762	2631	2761	5521
5	2886	2760	2885	5522
5	2885	2759	2800	5523
5	2886	2761	2760	5524
5	2942	2780	2766	5525
5	2884	2676	2769	5526
5	2887	2762	2761	5527
5	2769	2676	2649	5528
5	2911	2805	2823	5529
5	2888	2757	2764	5530
5	2887	2761	2886	5531
5	2765	2731	2729	5532
5	2854	2728	2853	5533
5	3026	2939	3021	5534
5	2952	2807	2891	5535
5	3070	2961	2847	5536
5	2787	2642	2767	5537
5	2784	2694	2697	5538
5	2768	2697	2640	5539
5	2776	2640	2645	5540
5	3079	2933	3074	5541
5	2818	2648	2551	5542
5	3076	2770	2936	5543
5	3156	3060	2953	5544
5	2771	2661	2550	5545
5	2937	2708	2786	5546
5	2786	2515	2667	5547
5	3028	2936	2771	5548
5	2773	2703	2552	5549
5	2785	2674	2577	5550
5	2785	2667	2674	5551
5	2775	2706	2679	5552
5	2880	2753	2879	5553
5	3029	3012	3013	5554
5	3169	3082	3143	5555
5	2845	2665	2713	5556
5	2824	2671	2822	5557
5	2844	2712	2843	5558
5	2960	2920	2777	5559
5	3037	3024	2918	5560
5	2935	2779	2700	5561
5	3207	3074	3204	5562
5	3233	3067	3201	5563
5	2814	2782	2656	5564
5	2998	2874	2921	5565
5	2782	2781	2691	5566
5	2782	2691	2656	5567
5	3047	3008	2883	5568
5	3170	3081	3169	5569
5	2945	2768	2930	5570
5	2913	2905	2821	5571
5	3031	2785	2946	5572
5	2894	2774	2704	5573
5	3032	2834	3006	5574
5	2897	2786	2667	5575
5	2966	2635	2833	5576
5	2850	2540	2709	5577
5	2973	2845	2844	5578
5	2971	2957	2822	5579
5	2789	2788	2681	5580
5	2789	2681	2721	5581
5	2790	2778	2647	5582
5	2790	2647	2663	5583
5	2808	2428	2791	5584
5	2808	2516	2428	5585
5	2792	2769	2649	5586
5	2792	2649	2757	5587
5	2793	2726	2724	5588
5	2820	2717	2783	5589
5	2794	2793	2724	5590
5	2794	2724	2682	5591
5	2828	2682	2689	5592
5	3372	3258	3270	5593
5	2845	2713	2844	5594
5	2847	2809	2719	5595
5	2834	2675	2558	5596
5	2894	2704	2772	5597
5	3127	3002	3126	5598
5	2950	2788	2900	5599
5	3009	2885	2800	5600
5	3009	2800	2952	5601
5	3158	3021	3053	5602
5	2932	2901	2792	5603
5	2835	2536	2695	5604
5	3160	2637	2801	5605
5	2813	2564	2696	5606
5	2848	2720	2796	5607
5	2816	2659	2683	5608
5	2808	2683	2516	5609
5	2804	2799	2641	5610
5	2804	2641	2730	5611
5	2805	2776	2645	5612
5	2805	2645	2668	5613
5	2806	2783	2643	5614
5	2806	2643	2670	5615
5	2807	2800	2646	5616
5	2807	2646	2638	5617
5	2936	2661	2771	5618
5	3174	2929	3032	5619
5	2813	2709	2564	5620
5	2824	2664	2671	5621
5	2829	2684	2811	5622
5	2811	2684	2685	5623
5	2830	2687	2779	5624
5	2825	2503	2634	5625
5	2817	2660	2549	5626
5	2812	2699	2417	5627
5	2832	2655	2787	5628
5	2954	2709	2813	5629
5	2916	2836	2781	5630
5	2999	2875	2998	5631
5	2918	2695	2803	5632
5	2904	2818	2678	5633
5	2909	2791	2651	5634
5	2918	2835	2695	5635
5	3097	2968	2908	5636
5	2819	2660	2817	5637
5	2907	2830	2906	5638
5	3065	2801	2940	5639
5	2819	2701	2548	5640
5	2819	2548	2660	5641
5	2820	2795	2669	5642
5	2820	2669	2717	5643
5	2821	2806	2670	5644
5	2821	2670	2722	5645
5	2827	2664	2824	5646
5	2826	2718	2809	5647
5	2823	2805	2668	5648
5	2823	2668	2758	5649
5	2974	2827	2958	5650
5	2920	2790	2777	5651
5	2959	2829	2811	5652
5	2935	2700	2770	5653
5	3092	3016	2971	5654
5	2826	2777	2680	5655
5	2914	2857	2778	5656
5	2962	2696	2848	5657
5	2919	2820	2899	5658
5	2982	2851	2860	5659
5	3058	2940	2818	5660
5	2829	2634	2684	5661
5	2830	2810	2652	5662
5	2830	2652	2686	5663
5	2831	2814	2688	5664
5	2831	2688	2657	5665
5	2833	2526	2639	5666
5	2833	2635	2526	5667
5	2903	2677	2802	5668
5	3166	3086	2961	5669
5	2859	2707	2840	5670
5	2859	2735	2707	5671
5	2967	2835	2918	5672
5	2967	2636	2835	5673
5	2876	2842	2673	5674
5	2844	2713	2712	5675
5	2837	2811	2653	5676
5	2837	2653	2702	5677
5	3063	2773	2915	5678
5	2968	2819	2908	5679
5	2896	2846	2703	5680
5	2896	2703	2773	5681
5	2866	2740	2865	5682
5	2867	2741	2866	5683
5	2849	2721	2710	5684
5	2841	2710	2706	5685
5	2875	2749	2874	5686
5	2916	2781	2892	5687
5	3101	3051	2972	5688
5	2895	2765	2854	5689
5	2921	2874	2836	5690
5	2957	2824	2822	5691
5	2978	2854	2853	5692
5	3038	2979	2914	5693
5	2846	2839	2714	5694
5	2846	2714	2576	5695
5	2958	2824	2957	5696
5	2961	2960	2826	5697
5	2977	2787	2924	5698
5	3147	2954	3093	5699
5	3148	3080	3141	5700
5	3191	3064	3167	5701
5	3045	2850	2954	5702
5	2924	2723	2850	5703
5	2881	2693	2851	5704
5	3046	2923	2716	5705
5	2860	2727	2852	5706
5	2860	2725	2727	5707
5	2858	2734	2857	5708
5	3068	2998	2921	5709
5	2951	2891	2799	5710
5	2926	2804	2855	5711
5	2855	2804	2730	5712
5	2855	2730	2732	5713
5	2856	2855	2732	5714
5	2856	2732	2731	5715
5	2858	2662	2734	5716
5	2858	2853	2662	5717
5	2958	2827	2824	5718
5	2922	2778	2790	5719
5	2981	2859	2840	5720
5	3047	2883	2928	5721
5	2989	2864	2988	5722
5	2860	2851	2725	5723
5	3005	2881	2851	5724
5	2986	2793	2927	5725
5	2984	2860	2852	5726
5	2919	2795	2820	5727
5	3019	2919	3018	5728
5	2939	2805	2911	5729
5	2983	2861	2859	5730
5	2870	2744	2869	5731
5	2985	2862	2861	5732
5	2992	2867	2991	5733
5	2987	2863	2862	5734
5	2988	2864	2863	5735
5	2996	2872	2871	5736
5	2989	2865	2864	5737
5	2993	2868	2992	5738
5	2990	2866	2865	5739
5	2994	2869	2993	5740
5	2991	2867	2866	5741
5	3004	2879	3003	5742
5	2873	2747	2872	5743
5	2992	2868	2867	5744
5	3003	2879	2878	5745
5	2995	2870	2994	5746
5	2993	2869	2868	5747
5	2994	2870	2869	5748
5	3257	3172	3242	5749
5	2875	2750	2749	5750
5	2876	2750	2875	5751
5	2973	2971	2845	5752
5	2955	2831	2943	5753
5	3256	3154	3226	5754
5	3001	2873	2997	5755
5	2995	2871	2870	5756
5	2997	2873	2872	5757
5	3373	3260	3297	5758
5	3002	2878	2877	5759
5	3004	2880	2879	5760
5	3001	2877	2873	5761
5	3043	2893	3020	5762
5	3244	3242	3124	5763
5	2996	2871	2995	5764
5	3174	3072	2929	5765
5	2883	2692	2755	5766
5	2983	2859	2981	5767
5	2928	2755	2797	5768
5	2990	2865	2989	5769
5	2884	2823	2758	5770
5	2884	2758	2676	5771
5	2931	2889	2887	5772
5	3135	3034	3011	5773
5	3122	2998	3068	5774
5	3041	2895	2978	5775
5	3000	2970	2842	5776
5	2952	2800	2807	5777
5	2890	2763	2889	5778
5	2890	2888	2764	5779
5	2890	2764	2763	5780
5	3026	2930	2939	5781
5	3152	3056	3073	5782
5	3307	3193	3258	5783
5	2891	2807	2799	5784
5	3135	3010	3134	5785
5	2948	2892	2782	5786
5	2948	2782	2814	5787
5	2893	2841	2775	5788
5	3003	2878	3002	5789
5	2923	2534	2716	5790
5	2897	2667	2785	5791
5	2902	2855	2856	5792
5	2926	2855	2902	5793
5	2956	2699	2812	5794
5	3063	2896	2773	5795
5	2988	2863	2987	5796
5	3183	3162	2947	5797
5	2898	2893	2775	5798
5	2898	2775	2880	5799
5	2899	2820	2783	5800
5	2905	2806	2821	5801
5	2976	2849	2975	5802
5	2976	2900	2789	5803
5	3258	3193	3205	5804
5	3013	2889	2931	5805
5	3154	3041	3062	5806
5	3057	2925	3052	5807
5	2960	2777	2826	5808
5	2903	2847	2677	5809
5	3182	2906	3027	5810
5	3156	2953	3035	5811
5	2944	2806	2905	5812
5	2944	2783	2806	5813
5	3098	2968	3097	5814
5	2908	2819	2817	5815
5	2941	2811	2837	5816
5	3017	2810	2907	5817
5	2968	2701	2819	5818
5	2968	2838	2701	5819
5	3028	2771	2816	5820
5	3076	2935	2770	5821
5	2910	2909	2651	5822
5	2910	2651	2815	5823
5	2934	2884	2912	5824
5	2934	2823	2884	5825
5	2934	2911	2823	5826
5	3061	2945	2930	5827
5	3030	2913	2942	5828
5	3292	3132	3168	5829
5	3100	2922	3099	5830
5	2979	2857	2914	5831
5	3063	3023	2896	5832
5	2915	2773	2654	5833
5	3103	2975	3043	5834
5	3080	2950	3025	5835
5	2917	2812	2666	5836
5	2917	2666	2839	5837
5	3037	2918	2803	5838
5	3162	3046	2947	5839
5	2927	2793	2794	5840
5	3019	2963	2919	5841
5	3092	2971	2973	5842
5	2922	2914	2778	5843
5	3243	3122	3157	5844
5	3064	2916	2892	5845
5	2998	2875	2874	5846
5	2972	2843	2970	5847
5	2923	2910	2815	5848
5	2923	2815	2658	5849
5	3099	2920	3091	5850
5	2965	2833	2832	5851
5	2925	2902	2856	5852
5	2925	2856	2765	5853
5	3052	2925	2895	5854
5	2951	2804	2926	5855
5	3151	2937	3014	5856
5	3178	3030	3144	5857
5	3006	2756	2882	5858
5	3014	2937	2786	5859
5	3072	2894	2772	5860
5	2929	2772	2675	5861
5	2933	2766	2784	5862
5	2942	2766	2933	5863
5	2932	2792	2888	5864
5	3053	2911	2934	5865
5	3075	3053	2934	5866
5	3073	3012	3029	5867
5	3467	3356	3466	5868
5	3056	2901	2932	5869
5	3390	3258	3372	5870
5	3053	3021	2911	5871
5	3159	2935	3076	5872
5	2936	2770	2661	5873
5	2940	2648	2818	5874
5	2964	2634	2829	5875
5	3077	2797	2937	5876
5	2937	2797	2708	5877
5	3017	2915	2810	5878
5	3181	3017	2907	5879
5	2939	2930	2776	5880
5	2939	2776	2805	5881
5	3160	2801	3065	5882
5	3058	2818	2904	5883
5	3181	2907	3078	5884
5	2959	2811	2941	5885
5	3135	3011	3010	5886
5	3030	3015	2913	5887
5	3064	2892	3044	5888
5	3260	3141	3149	5889
5	3115	2990	3114	5890
5	2944	2899	2783	5891
5	2945	2933	2784	5892
5	2945	2784	2768	5893
5	3083	2923	3046	5894
5	2947	2716	2774	5895
5	3196	3136	2946	5896
5	3096	2946	2715	5897
5	3172	3051	3101	5898
5	3323	3191	3167	5899
5	2949	2927	2794	5900
5	2949	2794	2828	5901
5	2950	2943	2798	5902
5	2950	2798	2788	5903
5	3374	3261	3315	5904
5	3057	2902	2925	5905
5	3011	2886	3010	5906
5	3010	2885	3009	5907
5	2953	2816	2683	5908
5	2953	2683	2808	5909
5	3093	2813	2962	5910
5	2954	2850	2709	5911
5	2955	2948	2814	5912
5	2955	2814	2831	5913
5	2956	2908	2817	5914
5	2956	2817	2699	5915
5	2973	2844	2972	5916
5	3055	2891	2951	5917
5	2961	2809	2847	5918
5	3102	2958	3090	5919
5	3078	2907	2906	5920
5	3089	2964	2829	5921
5	3087	2962	2848	5922
5	3070	2847	2903	5923
5	2961	2826	2809	5924
5	3286	3173	3263	5925
5	3244	3124	3123	5926
5	2962	2813	2696	5927
5	2963	2949	2828	5928
5	2963	2828	2795	5929
5	3281	3037	3142	5930
5	2964	2825	2634	5931
5	3039	2903	2802	5932
5	3166	2961	3070	5933
5	2966	2833	2965	5934
5	3039	2802	2966	5935
5	3096	2715	2967	5936
5	2967	2715	2578	5937
5	3022	2908	2956	5938
5	3098	2938	2838	5939
5	2969	2917	2839	5940
5	2969	2839	2846	5941
5	2971	2822	2845	5942
5	3090	2958	2957	5943
5	2972	2844	2843	5944
5	3016	2957	2971	5945
5	3091	2960	3086	5946
5	2980	2978	2853	5947
5	2974	2796	2827	5948
5	2974	2848	2796	5949
5	3062	3041	2978	5950
5	3095	3039	2966	5951
5	2976	2789	2849	5952
5	2975	2849	2841	5953
5	3044	2892	2948	5954
5	3103	3033	2976	5955
5	2977	2965	2832	5956
5	2977	2832	2787	5957
5	2980	2858	2979	5958
5	3086	2960	2961	5959
5	2980	2853	2858	5960
5	2979	2858	2857	5961
5	3100	2914	2922	5962
5	3248	3179	3128	5963
5	2985	2861	2983	5964
5	2987	2862	2985	5965
5	3005	2851	2982	5966
5	3007	2881	3005	5967
5	3168	3008	3047	5968
5	2991	2866	2990	5969
5	3129	3005	2982	5970
5	2984	2982	2860	5971
5	3106	2982	2984	5972
5	2997	2872	2996	5973
5	3110	2986	2927	5974
5	2986	2984	2852	5975
5	3018	2919	2899	5976
5	3082	2905	3015	5977
5	3229	3108	3110	5978
5	3331	3204	3259	5979
5	3067	2949	2963	5980
5	3251	3129	3249	5981
5	3109	2987	2985	5982
5	3111	2988	2987	5983
5	3118	2993	3117	5984
5	3113	2989	2988	5985
5	3119	2994	3118	5986
5	3126	3002	3001	5987
5	3114	2990	2989	5988
5	3120	2995	3119	5989
5	3115	2991	2990	5990
5	3128	3004	3003	5991
5	3116	2992	2991	5992
5	3128	3003	3127	5993
5	3117	2993	2992	5994
5	3121	2996	3120	5995
5	3118	2994	2993	5996
5	3128	3048	3004	5997
5	3000	2842	2876	5998
5	3000	2876	2999	5999
5	3241	3121	3120	6000
5	3428	3373	3297	6001
5	3122	2999	2998	6002
5	3062	2978	2980	6003
5	3119	2995	2994	6004
5	3246	3125	3245	6005
5	3121	2997	2996	6006
5	3245	3121	3241	6007
5	3263	3173	3179	6008
5	3120	2996	2995	6009
5	3321	3225	3276	6010
5	3161	3044	3084	6011
5	3132	3105	2981	6012
5	3444	3442	3324	6013
5	3008	2840	2883	6014
5	3175	3006	3130	6015
5	3264	3014	2897	6016
5	3007	2882	2881	6017
5	3109	2985	3107	6018
5	3105	2983	2981	6019
5	3177	3052	3163	6020
5	3254	3133	3253	6021
5	3253	3133	3050	6022
5	3163	3052	3041	6023
5	3054	2931	3034	6024
5	3054	3013	2931	6025
5	3012	2932	2888	6026
5	3012	2888	2890	6027
5	3013	3012	2890	6028
5	3013	2890	2889	6029
5	3130	3006	2882	6030
5	3032	2929	2834	6031
5	3185	3029	3054	6032
5	3180	3137	3026	6033
5	3104	3062	2980	6034
5	3050	2952	2891	6035
5	3036	2956	2812	6036
5	3059	2941	2837	6037
5	3112	2949	3067	6038
5	3112	2927	2949	6039
5	3108	2984	2986	6040
5	3067	2963	3019	6041
5	3247	3127	3126	6042
5	3125	3001	2997	6043
5	3021	2939	2911	6044
5	3075	2912	2901	6045
5	3098	2838	2968	6046
5	3097	2908	3022	6047
5	3036	2812	2917	6048
5	3036	3022	2956	6049
5	3096	2967	3024	6050
5	3024	2967	2918	6051
5	3025	2950	2900	6052
5	3043	2975	2893	6053
5	3200	3018	3170	6054
5	3350	3347	3231	6055
5	3265	3197	3017	6056
5	3266	3078	3182	6057
5	3094	2904	2825	6058
5	3089	2829	2959	6059
5	3034	2931	3011	6060
5	3134	3010	3009	6061
5	3074	2945	3061	6062
5	3074	2933	2945	6063
5	3271	3060	3156	6064
5	3031	2897	2785	6065
5	3376	3309	3162	6066
5	3072	2772	2929	6067
5	3033	3025	2900	6068
5	3033	2900	2976	6069
5	3054	3029	3013	6070
5	3436	3312	3435	6071
5	3186	3065	2940	6072
5	3060	2816	2953	6073
5	3220	3098	3219	6074
5	3040	2969	3023	6075
5	3142	3037	2803	6076
5	3046	2716	2947	6077
5	3051	2973	2972	6078
5	3194	3055	3085	6079
5	3188	2962	3087	6080
5	3045	2924	2850	6081
5	3040	3036	2917	6082
5	3040	2917	2969	6083
5	3092	2973	3051	6084
5	3104	2979	3038	6085
5	3095	2965	3042	6086
5	3042	2965	2977	6087
5	3103	2976	2975	6088
5	3202	3157	3068	6089
5	3084	2955	3049	6090
5	3084	2948	2955	6091
5	3319	3192	3268	6092
5	3482	3372	3417	6093
5	3035	2791	2909	6094
5	3035	2808	2791	6095
5	3130	2882	3007	6096
5	3116	2991	3115	6097
5	3048	3020	2898	6098
5	3048	2898	3004	6099
5	3084	3044	2948	6100
5	3049	2955	2943	6101
5	3133	3009	2952	6102
5	3134	3009	3133	6103
5	3148	3049	3080	6104
5	3124	2970	3000	6105
5	3085	2951	2926	6106
5	3055	3050	2891	6107
5	3075	2934	2912	6108
5	3205	3056	3152	6109
5	3270	3205	3152	6110
5	3255	3176	3135	6111
5	3071	2902	3057	6112
5	3071	2926	2902	6113
5	3395	3316	3289	6114
5	3075	2901	3056	6115
5	3253	3050	3140	6116
5	3085	2926	3071	6117
5	3060	3028	2816	6118
5	3035	2953	2808	6119
5	3219	3097	3218	6120
5	3094	2825	2964	6121
5	3066	2909	2910	6122
5	3376	3162	3183	6123
5	3079	2942	2933	6124
5	3079	3030	2942	6125
5	3101	2972	2970	6126
5	3203	3057	3177	6127
5	3220	3059	2938	6128
5	3218	3097	3022	6129
5	3069	2916	3064	6130
5	3104	2980	2979	6131
5	3159	3027	2935	6132
5	3160	2803	2637	6133
5	3303	3065	3186	6134
5	3199	2909	3066	6135
5	3170	3018	3081	6136
5	3207	3079	3074	6137
5	3214	3051	3172	6138
5	3444	3322	3396	6139
5	3069	3068	2921	6140
5	3069	2921	2916	6141
5	3087	2848	2974	6142
5	3102	2974	2958	6143
5	3410	3268	3273	6144
5	3085	3055	2951	6145
5	3196	2946	3096	6146
5	3275	3028	3060	6147
5	3073	3056	2932	6148
5	3073	2932	3012	6149
5	3316	3144	3289	6150
5	3501	3379	3498	6151
5	3180	3026	3021	6152
5	3556	3446	3436	6153
5	3275	3139	3028	6154
5	3165	3058	2904	6155
5	3206	3047	2928	6156
5	3077	2928	2797	6157
5	3088	2959	2941	6158
5	3195	2941	3059	6159
5	3345	3228	3288	6160
5	3180	3021	3158	6161
5	3080	3049	2943	6162
5	3080	2943	2950	6163
5	3081	3018	2899	6164
5	3081	2899	2944	6165
5	3082	3081	2944	6166
5	3082	2944	2905	6167
5	3083	3066	2910	6168
5	3083	2910	2923	6169
5	3580	3374	3471	6170
5	3364	3246	3363	6171
5	3045	3042	2977	6172
5	3045	2977	2924	6173
5	3091	2920	2960	6174
5	3213	3090	3016	6175
5	3209	3038	3100	6176
5	3093	2954	2813	6177
5	3182	3078	2906	6178
5	3210	3089	2959	6179
5	3210	2959	3088	6180
5	3382	3088	3195	6181
5	3320	3215	3147	6182
5	3344	3224	3213	6183
5	3279	3086	3166	6184
5	3212	3091	3086	6185
5	3311	3167	3161	6186
5	3099	2922	2920	6187
5	3095	2966	2965	6188
5	3211	3087	2974	6189
5	3155	2964	3089	6190
5	3299	3037	3281	6191
5	3282	3221	3212	6192
5	3209	3164	3038	6193
5	3264	3031	3136	6194
5	3151	3077	2937	6195
5	3198	3138	3023	6196
5	3187	3022	3036	6197
5	3198	3023	3063	6198
5	3219	3098	3097	6199
5	3322	3203	3261	6200
5	3100	3038	2914	6201
5	3221	3099	3091	6202
5	3261	3203	3177	6203
5	3123	2999	3122	6204
5	3123	3000	2999	6205
5	3448	3334	3332	6206
5	3146	2903	3039	6207
5	3189	3033	3103	6208
5	3276	3225	3150	6209
5	3202	3068	3069	6210
5	3324	3194	3190	6211
5	3107	2985	2983	6212
5	3114	2989	3113	6213
5	3129	2982	3106	6214
5	3131	3005	3129	6215
5	3111	2987	3109	6216
5	3113	2988	3111	6217
5	3227	3106	3108	6218
5	3108	3106	2984	6219
5	3201	3019	3200	6220
5	3125	2997	3121	6221
5	3238	3117	3237	6222
5	3110	3108	2986	6223
5	3368	3249	3366	6224
5	3317	3180	3158	6225
5	3231	3110	3112	6226
5	3112	3110	2927	6227
5	3201	3067	3019	6228
5	3200	3019	3018	6229
5	3169	3081	3082	6230
5	3406	3346	3347	6231
5	3230	3109	3228	6232
5	3232	3113	3111	6233
5	3237	3116	3236	6234
5	3126	3001	3125	6235
5	3234	3114	3113	6236
5	3239	3118	3238	6237
5	3235	3115	3114	6238
5	3241	3120	3240	6239
5	3236	3116	3115	6240
5	3237	3117	3116	6241
5	3248	3127	3247	6242
5	3238	3118	3117	6243
5	3545	3521	3428	6244
5	3239	3119	3118	6245
5	3244	3123	3243	6246
5	3124	3000	3123	6247
5	3396	3261	3374	6248
5	3124	3101	2970	6249
5	3208	3049	3148	6250
5	3167	3044	3161	6251
5	3246	3126	3125	6252
5	3240	3120	3119	6253
5	3245	3125	3121	6254
5	3399	3311	3262	6255
5	3248	3128	3127	6256
5	3428	3321	3387	6257
5	3150	3043	3020	6258
5	3443	3311	3399	6259
5	3249	3129	3106	6260
5	3283	3151	3014	6261
5	3132	2981	3008	6262
5	3264	2897	3031	6263
5	3661	3548	3506	6264
5	3131	3007	3005	6265
5	3252	3171	3105	6266
5	3295	3130	3250	6267
5	3535	3413	3494	6268
5	3255	3135	3134	6269
5	3416	3293	3378	6270
5	3324	3190	3322	6271
5	3177	3057	3052	6272
5	3194	3085	3190	6273
5	3509	3309	3376	6274
5	3206	2928	3077	6275
5	3137	3061	3026	6276
5	3289	3144	3207	6277
5	3187	3036	3040	6278
5	3187	3040	3138	6279
5	3139	3076	2936	6280
5	3139	2936	3028	6281
5	3194	3140	3055	6282
5	3190	3085	3071	6283
5	3141	3080	3025	6284
5	3262	3161	3208	6285
5	3303	3281	3142	6286
5	3155	3094	2964	6287
5	3143	3082	3015	6288
5	3440	3317	3307	6289
5	3178	3015	3030	6290
5	3144	3030	3079	6291
5	3217	3046	3162	6292
5	3398	3159	3277	6293
5	3226	3104	3164	6294
5	3146	3070	2903	6295
5	3146	3039	3095	6296
5	3147	3045	2954	6297
5	3323	3167	3311	6298
5	3392	3300	3381	6299
5	3149	3141	3025	6300
5	3149	3025	3033	6301
5	3189	3149	3033	6302
5	3225	3043	3150	6303
5	3301	3206	3077	6304
5	3250	3130	3007	6305
5	3556	3436	3551	6306
5	3176	3034	3135	6307
5	3153	3152	3073	6308
5	3153	3073	3029	6309
5	3226	3062	3104	6310
5	3164	3104	3038	6311
5	3302	3094	3155	6312
5	3303	3142	3065	6313
5	3304	3199	3066	6314
5	3305	3156	3199	6315
5	3157	3122	3068	6316
5	3381	3300	3260	6317
5	3874	3769	3765	6318
5	3352	3233	3201	6319
5	3165	2904	3094	6320
5	3393	3266	3182	6321
5	3160	3065	3142	6322
5	3160	3142	2803	6323
5	3167	3064	3044	6324
5	3191	3069	3064	6325
5	3764	3430	3536	6326
5	3217	3083	3046	6327
5	3310	3163	3154	6328
5	3285	3214	3172	6329
5	3215	3042	3147	6330
5	3147	3042	3045	6331
5	3274	3058	3165	6332
5	3333	3155	3089	6333
5	3278	3087	3211	6334
5	3211	2974	3102	6335
5	3362	3245	3241	6336
5	3300	3141	3260	6337
5	3171	3107	3105	6338
5	3168	3132	3008	6339
5	3312	3143	3298	6340
5	3233	3112	3067	6341
5	3397	3259	3296	6342
5	3328	3200	3170	6343
5	3232	3111	3230	6344
5	3230	3111	3109	6345
5	3223	3213	3016	6346
5	3222	3100	3099	6347
5	3173	3150	3020	6348
5	3173	3020	3048	6349
5	3326	3136	3196	6350
5	3183	2947	2894	6351
5	3314	3174	3032	6352
5	3175	3032	3006	6353
5	3185	3153	3029	6354
5	3192	3034	3176	6355
5	3291	3226	3164	6356
5	3520	3396	3484	6357
5	3446	3313	3436	6358
5	3485	3380	3440	6359
5	3179	3173	3048	6360
5	3179	3048	3128	6361
5	3270	3258	3205	6362
5	3370	3253	3294	6363
5	3195	3088	2941	6364
5	3197	2915	3017	6365
5	3418	3275	3060	6366
5	3308	3027	3159	6367
5	3301	3077	3151	6368
5	3283	3014	3264	6369
5	3184	3183	2894	6370
5	3184	2894	3072	6371
5	3440	3307	3390	6372
5	3269	3152	3153	6373
5	3418	3060	3271	6374
5	3337	3145	3217	6375
5	3218	3022	3187	6376
5	3220	2938	3098	6377
5	3320	3093	3188	6378
5	3188	3093	2962	6379
5	3381	3260	3373	6380
5	3311	3161	3262	6381
5	3310	3154	3256	6382
5	3294	3140	3287	6383
5	3474	3364	3363	6384
5	3202	3069	3191	6385
5	3192	3185	3054	6386
5	3192	3054	3034	6387
5	3193	3158	3053	6388
5	3193	3053	3075	6389
5	3315	3177	3163	6390
5	3287	3140	3194	6391
5	3651	3393	3534	6392
5	3400	3078	3266	6393
5	3337	3217	3309	6394
5	3309	3217	3162	6395
5	3198	3063	3197	6396
5	3197	3063	2915	6397
5	3318	3210	3088	6398
5	3265	3017	3181	6399
5	3199	3156	3035	6400
5	3199	3035	2909	6401
5	3313	3170	3169	6402
5	3240	3119	3239	6403
5	3234	3113	3232	6404
5	3228	3109	3107	6405
5	3401	3257	3360	6406
5	3360	3242	3244	6407
5	3203	3190	3071	6408
5	3203	3071	3057	6409
5	3207	3144	3079	6410
5	3204	3074	3061	6411
5	3205	3193	3075	6412
5	3205	3075	3056	6413
5	3250	3007	3131	6414
5	3402	3330	3206	6415
5	3298	3143	3178	6416
5	3317	3158	3307	6417
5	3208	3161	3084	6418
5	3208	3084	3049	6419
5	3486	3411	3447	6420
5	3278	3188	3087	6421
5	3302	3165	3094	6422
5	3487	3266	3393	6423
5	3224	3102	3090	6424
5	3331	3289	3207	6425
5	3221	3091	3212	6426
5	3223	3092	3214	6427
5	3224	3090	3213	6428
5	3335	3102	3224	6429
5	3371	3254	3370	6430
5	3214	3092	3051	6431
5	3215	3146	3095	6432
5	3215	3095	3042	6433
5	3216	3196	3096	6434
5	3216	3096	3024	6435
5	3299	3024	3037	6436
5	3217	3145	3083	6437
5	3340	3059	3220	6438
5	3338	3198	3327	6439
5	3327	3198	3197	6440
5	3338	3138	3198	6441
5	3218	3187	3138	6442
5	3339	3220	3219	6443
5	3222	3099	3221	6444
5	3222	3209	3100	6445
5	3223	3016	3092	6446
5	3280	3243	3157	6447
5	3291	3256	3226	6448
5	3405	3282	3212	6449
5	3342	3221	3282	6450
5	3361	3243	3280	6451
5	3225	3189	3103	6452
5	3225	3103	3043	6453
5	3284	3164	3209	6454
5	3226	3154	3062	6455
5	3228	3107	3171	6456
5	3249	3106	3227	6457
5	3247	3126	3246	6458
5	3351	3232	3348	6459
5	3488	3389	3367	6460
5	3229	3227	3108	6461
5	3236	3115	3235	6462
5	3235	3114	3234	6463
5	3313	3169	3312	6464
5	3231	3229	3110	6465
5	3349	3200	3328	6466
5	3349	3201	3200	6467
5	3353	3234	3351	6468
5	3233	3231	3112	6469
5	3346	3227	3229	6470
5	3478	3366	3476	6471
5	3328	3170	3313	6472
5	3312	3169	3143	6473
5	3348	3232	3230	6474
5	3359	3241	3240	6475
5	3351	3234	3232	6476
5	3357	3238	3356	6477
5	3353	3235	3234	6478
5	3362	3241	3359	6479
5	3354	3236	3235	6480
5	3355	3237	3236	6481
5	3365	3247	3364	6482
5	3356	3238	3237	6483
5	3363	3245	3362	6484
5	3357	3239	3238	6485
5	3242	3172	3101	6486
5	3242	3101	3124	6487
5	3336	3223	3214	6488
5	3243	3123	3122	6489
5	3343	3223	3336	6490
5	3428	3297	3321	6491
5	3358	3240	3239	6492
5	3359	3240	3358	6493
5	3365	3290	3248	6494
5	3363	3246	3245	6495
5	3762	3632	3716	6496
5	3529	3420	3489	6497
5	3491	3385	3407	6498
5	3530	3381	3526	6499
5	3492	3479	3369	6500
5	3292	3252	3132	6501
5	3252	3105	3132	6502
5	3295	3175	3130	6503
5	3593	3388	3496	6504
5	3251	3131	3129	6505
5	3288	3228	3171	6506
5	3369	3288	3171	6507
5	3254	3134	3133	6508
5	3255	3134	3254	6509
5	3371	3255	3254	6510
5	3378	3319	3377	6511
5	3322	3190	3203	6512
5	3416	3269	3293	6513
5	3526	3373	3521	6514
5	3447	3323	3443	6515
5	3403	3279	3166	6516
5	3335	3211	3102	6517
5	3417	3270	3269	6518
5	3270	3152	3269	6519
5	3259	3204	3137	6520
5	3551	3436	3435	6521
5	3297	3260	3149	6522
5	3297	3149	3189	6523
5	3360	3257	3242	6524
5	3495	3386	3481	6525
5	3420	3286	3385	6526
5	3584	3474	3583	6527
5	3364	3247	3246	6528
5	3365	3248	3247	6529
5	3314	3032	3175	6530
5	3511	3409	3330	6531
5	3327	3197	3265	6532
5	3338	3219	3218	6533
5	3419	3139	3275	6534
5	3415	3318	3382	6535
5	3267	3184	3072	6536
5	3267	3072	3174	6537
5	3268	3192	3176	6538
5	3371	3273	3255	6539
5	3800	3705	3768	6540
5	3417	3269	3416	6541
5	3650	3501	3629	6542
5	3553	3440	3390	6543
5	3499	3391	3303	6544
5	3277	3076	3139	6545
5	3272	3262	3208	6546
5	3272	3208	3148	6547
5	3273	3268	3176	6548
5	3273	3176	3255	6549
5	3375	3136	3326	6550
5	3274	3186	3058	6551
5	3419	3275	3418	6552
5	3277	3159	3076	6553
5	3521	3373	3428	6554
5	3387	3321	3276	6555
5	3595	3505	3549	6556
5	3308	3182	3027	6557
5	3343	3213	3223	6558
5	3279	3212	3086	6559
5	3332	3146	3215	6560
5	3334	3070	3146	6561
5	3652	3539	3579	6562
5	3413	3272	3392	6563
5	3547	3274	3430	6564
5	3299	3216	3024	6565
5	3558	3448	3383	6566
5	3341	3209	3222	6567
5	3444	3324	3322	6568
5	3367	3250	3131	6569
5	3285	3172	3257	6570
5	3291	3164	3284	6571
5	3336	3214	3285	6572
5	3344	3213	3343	6573
5	3286	3276	3150	6574
5	3286	3150	3173	6575
5	3294	3253	3140	6576
5	3370	3254	3253	6577
5	3345	3230	3228	6578
5	3355	3236	3354	6579
5	3553	3390	3497	6580
5	3446	3328	3313	6581
5	3290	3263	3179	6582
5	3290	3179	3248	6583
5	3425	3257	3401	6584
5	3502	3425	3401	6585
5	3366	3249	3227	6586
5	3503	3292	3409	6587
5	3293	3269	3153	6588
5	3293	3153	3185	6589
5	3456	3344	3343	6590
5	3412	3256	3291	6591
5	3375	3264	3136	6592
5	3519	3437	3314	6593
5	3296	3259	3137	6594
5	3296	3137	3180	6595
5	3438	3256	3412	6596
5	3589	3481	3480	6597
5	3669	3497	3596	6598
5	3397	3296	3380	6599
5	3304	3066	3145	6600
5	3325	3196	3216	6601
5	3300	3272	3148	6602
5	3300	3148	3141	6603
5	3330	3047	3206	6604
5	3330	3168	3047	6605
5	3431	3304	3394	6606
5	3536	3302	3404	6607
5	3735	3656	3542	6608
5	3487	3415	3266	6609
5	3305	3271	3156	6610
5	3305	3199	3304	6611
5	3500	3281	3391	6612
5	3431	3305	3304	6613
5	3306	3280	3157	6614
5	3306	3157	3202	6615
5	3317	3296	3180	6616
5	3307	3158	3193	6617
5	3441	3210	3318	6618
5	3382	3195	3340	6619
5	3483	3325	3433	6620
5	3506	3431	3394	6621
5	3315	3261	3177	6622
5	3315	3163	3310	6623
5	3329	3202	3191	6624
5	3329	3191	3323	6625
5	3628	3533	3594	6626
5	3423	3331	3379	6627
5	3435	3298	3429	6628
5	3429	3316	3395	6629
5	3414	3184	3267	6630
5	3437	3174	3314	6631
5	3481	3370	3480	6632
5	3538	3386	3495	6633
5	3316	3298	3178	6634
5	3316	3178	3144	6635
5	3497	3372	3482	6636
5	3378	3293	3319	6637
5	3441	3333	3210	6638
5	3333	3089	3210	6639
5	3319	3293	3185	6640
5	3319	3185	3192	6641
5	3320	3147	3093	6642
5	3331	3207	3204	6643
5	3321	3297	3189	6644
5	3321	3189	3225	6645
5	3324	3287	3194	6646
5	3447	3411	3329	6647
5	3507	3454	3450	6648
5	3329	3306	3202	6649
5	3396	3322	3261	6650
5	3527	3447	3443	6651
5	3326	3196	3325	6652
5	3388	3301	3151	6653
5	3801	3711	3601	6654
5	3388	3151	3283	6655
5	3340	3195	3059	6656
5	3338	3218	3138	6657
5	3435	3312	3298	6658
5	3358	3239	3357	6659
5	3392	3272	3300	6660
5	3599	3563	3507	6661
5	3737	3633	3493	6662
5	3367	3131	3251	6663
5	3515	3279	3403	6664
5	3332	3215	3320	6665
5	3334	3146	3332	6666
5	3334	3166	3070	6667
5	3404	3155	3333	6668
5	3393	3182	3308	6669
5	3403	3166	3334	6670
5	3448	3403	3334	6671
5	3448	3332	3383	6672
5	3449	3211	3335	6673
5	3471	3315	3310	6674
5	3616	3405	3515	6675
5	3524	3506	3394	6676
5	3391	3281	3303	6677
5	3340	3220	3339	6678
5	3339	3219	3338	6679
5	3452	3327	3265	6680
5	3400	3265	3181	6681
5	3400	3181	3078	6682
5	3382	3318	3088	6683
5	3453	3424	3284	6684
5	3341	3284	3209	6685
5	3342	3341	3222	6686
5	3342	3222	3221	6687
5	3450	3336	3285	6688
5	3425	3285	3257	6689
5	3454	3343	3336	6690
5	3597	3513	3560	6691
5	3348	3230	3345	6692
5	3356	3237	3355	6693
5	3476	3366	3346	6694
5	3366	3227	3346	6695
5	3347	3346	3229	6696
5	3347	3229	3231	6697
5	3736	3592	3626	6698
5	3354	3235	3353	6699
5	3352	3201	3349	6700
5	3350	3231	3233	6701
5	3474	3363	3473	6702
5	3461	3458	3350	6703
5	3458	3347	3350	6704
5	3459	3351	3348	6705
5	3458	3406	3347	6706
5	3352	3350	3233	6707
5	3565	3384	3457	6708
5	3460	3352	3349	6709
5	3463	3328	3446	6710
5	3429	3298	3316	6711
5	3436	3313	3312	6712
5	3462	3351	3459	6713
5	3462	3353	3351	6714
5	3464	3354	3353	6715
5	3582	3473	3472	6716
5	3465	3355	3354	6717
5	3473	3362	3472	6718
5	3466	3356	3355	6719
5	3475	3364	3474	6720
5	3467	3357	3356	6721
5	3411	3306	3329	6722
5	3510	3401	3470	6723
5	3361	3360	3244	6724
5	3361	3244	3243	6725
5	3472	3359	3469	6726
5	3468	3358	3357	6727
5	3469	3359	3358	6728
5	3475	3408	3365	6729
5	3473	3363	3362	6730
5	3983	3911	3982	6731
5	3699	3606	3641	6732
5	3472	3362	3359	6733
5	3479	3457	3288	6734
5	3426	3252	3292	6735
5	3369	3171	3252	6736
5	3711	3492	3601	6737
5	3704	3488	3608	6738
5	3368	3251	3249	6739
5	3476	3346	3406	6740
5	3384	3348	3345	6741
5	3481	3386	3371	6742
5	3480	3370	3294	6743
5	3696	3544	3657	6744
5	3410	3273	3386	6745
5	3417	3372	3270	6746
5	3481	3371	3370	6747
5	3491	3407	3490	6748
5	3602	3490	3517	6749
5	3438	3310	3256	6750
5	3741	3522	3616	6751
5	3552	3414	3267	6752
5	3434	3337	3309	6753
5	3524	3394	3337	6754
5	3493	3376	3414	6755
5	3377	3319	3268	6756
5	3386	3273	3371	6757
5	3518	3442	3444	6758
5	3544	3442	3518	6759
5	3379	3331	3259	6760
5	3629	3498	3628	6761
5	3397	3379	3259	6762
5	3380	3296	3317	6763
5	3951	3855	3927	6764
5	3603	3521	3545	6765
5	3452	3339	3338	6766
5	3452	3265	3400	6767
5	3902	3706	3813	6768
5	3383	3188	3278	6769
5	3466	3355	3465	6770
5	3468	3357	3467	6771
5	3385	3286	3263	6772
5	3475	3365	3364	6773
5	3410	3377	3268	6774
5	3703	3594	3610	6775
5	3494	3413	3392	6776
5	3742	3659	3707	6777
5	3402	3301	3388	6778
5	3402	3206	3301	6779
5	3389	3295	3250	6780
5	3389	3250	3367	6781
5	3440	3380	3317	6782
5	3390	3307	3258	6783
5	3433	3216	3299	6784
5	3433	3325	3216	6785
5	3648	3530	3526	6786
5	3526	3381	3373	6787
5	3404	3302	3155	6788
5	3531	3404	3333	6789
5	3394	3304	3145	6790
5	3394	3145	3337	6791
5	3550	3429	3546	6792
5	3533	3380	3485	6793
5	3427	3294	3287	6794
5	3480	3294	3427	6795
5	3498	3379	3397	6796
5	3546	3395	3532	6797
5	3534	3393	3308	6798
5	3398	3308	3159	6799
5	3743	3728	3604	6800
5	3627	3490	3602	6801
5	3452	3340	3339	6802
5	3452	3338	3327	6803
5	3421	3306	3411	6804
5	3607	3518	3520	6805
5	3409	3292	3168	6806
5	3409	3168	3330	6807
5	3451	3342	3282	6808
5	3405	3212	3279	6809
5	3432	3305	3431	6810
5	3764	3547	3430	6811
5	3422	3335	3224	6812
5	3422	3224	3344	6813
5	3569	3459	3516	6814
5	3457	3345	3288	6815
5	3407	3385	3263	6816
5	3407	3263	3290	6817
5	3408	3407	3290	6818
5	3408	3290	3365	6819
5	3704	3600	3488	6820
5	3426	3369	3252	6821
5	4003	3938	3984	6822
5	3609	3528	3538	6823
5	3439	3361	3280	6824
5	3504	3439	3421	6825
5	3421	3280	3306	6826
5	3470	3360	3361	6827
5	3413	3399	3262	6828
5	3413	3262	3272	6829
5	3414	3376	3183	6830
5	3414	3183	3184	6831
5	3415	3382	3400	6832
5	3415	3400	3266	6833
5	3540	3416	3378	6834
5	3610	3594	3485	6835
5	3667	3551	3550	6836
5	3692	3623	3584	6837
5	3542	3277	3419	6838
5	3419	3277	3139	6839
5	3430	3165	3302	6840
5	3505	3419	3418	6841
5	3420	3387	3276	6842
5	3420	3276	3286	6843
5	3705	3605	3655	6844
5	3688	3543	3604	6845
5	3455	3341	3342	6846
5	3512	3403	3448	6847
5	3423	3395	3289	6848
5	3423	3289	3331	6849
5	3424	3412	3291	6850
5	3424	3291	3284	6851
5	3450	3285	3425	6852
5	3522	3451	3282	6853
5	3477	3367	3251	6854
5	3477	3251	3368	6855
5	3543	3411	3486	6856
5	3804	3721	3790	6857
5	3936	3817	3812	6858
5	3794	3692	3691	6859
5	3532	3423	3501	6860
5	3463	3349	3328	6861
5	3499	3303	3186	6862
5	3430	3274	3165	6863
5	3432	3271	3305	6864
5	3432	3418	3271	6865
5	3500	3299	3281	6866
5	3547	3499	3186	6867
5	3524	3337	3434	6868
5	3555	3375	3326	6869
5	3600	3523	3389	6870
5	3375	3283	3264	6871
5	3754	3628	3753	6872
5	3501	3423	3379	6873
5	3551	3435	3550	6874
5	3532	3395	3423	6875
5	3631	3402	3593	6876
5	3437	3267	3174	6877
5	3439	3280	3421	6878
5	3471	3310	3438	6879
5	3470	3361	3439	6880
5	3470	3401	3360	6881
5	3541	3417	3416	6882
5	3645	3528	3609	6883
5	3554	3318	3415	6884
5	3591	3531	3441	6885
5	3442	3427	3287	6886
5	3442	3287	3324	6887
5	3447	3329	3323	6888
5	3443	3323	3311	6889
5	3519	3314	3175	6890
5	3511	3330	3402	6891
5	3708	3615	3555	6892
5	3445	3326	3325	6893
5	3572	3446	3556	6894
5	3469	3358	3468	6895
5	3383	3332	3320	6896
5	3383	3320	3188	6897
5	3449	3278	3211	6898
5	3598	3561	3456	6899
5	3558	3278	3449	6900
5	3558	3383	3278	6901
5	3559	3450	3425	6902
5	3515	3403	3512	6903
5	3455	3342	3451	6904
5	3453	3284	3341	6905
5	3452	3400	3382	6906
5	3452	3382	3340	6907
5	3454	3336	3450	6908
5	3559	3425	3502	6909
5	3456	3343	3454	6910
5	3741	3616	3701	6911
5	3709	3561	3598	6912
5	3455	3453	3341	6913
5	3736	3707	3592	6914
5	3580	3471	3539	6915
5	3573	3464	3571	6916
5	3457	3384	3345	6917
5	3459	3348	3384	6918
5	3516	3459	3384	6919
5	3464	3353	3462	6920
5	3465	3354	3464	6921
5	3461	3352	3460	6922
5	3461	3350	3352	6923
5	3805	3755	3635	6924
5	3537	3476	3406	6925
5	3618	3537	3566	6926
5	3583	3473	3582	6927
5	3666	3516	3619	6928
5	3463	3460	3349	6929
5	3569	3462	3459	6930
5	3567	3461	3460	6931
5	3806	3608	3745	6932
5	3546	3429	3395	6933
5	3550	3435	3429	6934
5	3904	3711	3801	6935
5	3571	3464	3462	6936
5	3573	3465	3464	6937
5	3584	3517	3475	6938
5	3574	3466	3465	6939
5	3692	3583	3691	6940
5	3575	3467	3466	6941
5	3604	3543	3486	6942
5	3530	3392	3381	6943
5	3589	3480	3588	6944
5	3471	3374	3315	6945
5	3690	3582	3581	6946
5	3576	3468	3467	6947
5	3582	3472	3581	6948
5	3577	3469	3468	6949
5	3583	3474	3473	6950
5	3626	3489	3491	6951
5	3581	3472	3469	6952
5	3584	3475	3474	6953
5	3585	3368	3478	6954
5	3488	3367	3477	6955
5	3479	3288	3369	6956
5	3503	3426	3292	6957
5	3600	3389	3488	6958
5	3478	3368	3366	6959
5	3492	3369	3426	6960
5	3570	3460	3463	6961
5	3513	3412	3424	6962
5	3541	3416	3540	6963
5	3525	3378	3377	6964
5	3654	3540	3525	6965
5	3541	3482	3417	6966
5	3540	3378	3525	6967
5	3624	3445	3483	6968
5	3483	3445	3325	6969
5	3484	3396	3374	6970
5	3580	3484	3374	6971
5	3753	3594	3703	6972
5	3768	3655	3654	6973
5	3766	3687	3652	6974
5	3527	3486	3447	6975
5	3542	3398	3277	6976
5	3554	3441	3318	6977
5	3519	3175	3295	6978
5	3555	3326	3445	6979
5	3489	3420	3385	6980
5	3788	3686	3653	6981
5	3491	3489	3385	6982
5	3490	3407	3408	6983
5	3626	3592	3489	6984
5	3934	3836	3897	6985
5	3608	3477	3585	6986
5	3586	3476	3537	6987
5	3509	3434	3309	6988
5	3509	3376	3493	6989
5	3508	3443	3399	6990
5	3527	3443	3508	6991
5	3589	3495	3481	6992
5	3588	3427	3544	6993
5	3496	3388	3283	6994
5	3496	3283	3375	6995
5	3553	3485	3440	6996
5	3497	3390	3372	6997
5	3747	3610	3669	6998
5	3660	3532	3650	6999
5	3548	3432	3431	7000
5	3549	3432	3548	7001
5	3514	3299	3500	7002
5	3514	3433	3299	7003
5	3610	3485	3553	7004
5	3747	3703	3610	7005
5	3578	3439	3504	7006
5	3612	3507	3559	7007
5	4010	3835	3944	7008
5	3585	3477	3368	7009
5	3578	3470	3439	7010
5	3510	3502	3401	7011
5	3531	3333	3441	7012
5	3534	3308	3398	7013
5	3549	3505	3418	7014
5	3548	3431	3506	7015
5	3563	3456	3454	7016
5	3579	3412	3513	7017
5	3648	3526	3646	7018
5	3898	3808	3868	7019
5	3633	3509	3493	7020
5	3643	3524	3434	7021
5	3539	3471	3438	7022
5	3564	3455	3451	7023
5	3608	3488	3477	7024
5	3805	3635	3733	7025
5	3616	3522	3405	7026
5	3515	3405	3279	7027
5	3716	3606	3699	7028
5	3653	3578	3504	7029
5	3644	3506	3524	7030
5	3590	3483	3433	7031
5	3563	3454	3507	7032
5	3522	3282	3405	7033
5	3574	3465	3573	7034
5	3572	3463	3446	7035
5	3517	3490	3408	7036
5	3517	3408	3475	7037
5	3544	3427	3442	7038
5	3588	3480	3427	7039
5	3640	3437	3519	7040
5	3552	3267	3437	7041
5	3520	3518	3444	7042
5	3520	3444	3396	7043
5	3530	3494	3392	7044
5	3808	3715	3762	7045
5	3557	3335	3422	7046
5	3642	3422	3561	7047
5	3523	3519	3295	7048
5	3523	3295	3389	7049
5	3644	3524	3643	7050
5	3590	3433	3514	7051
5	3799	3696	3717	7052
5	3654	3525	3645	7053
5	4029	3898	4020	7054
5	3817	3752	3718	7055
5	3657	3518	3607	7056
5	3767	3645	3761	7057
5	3528	3525	3377	7058
5	3528	3377	3410	7059
5	3545	3428	3387	7060
5	3529	3387	3420	7061
5	3659	3529	3592	7062
5	3606	3535	3494	7063
5	3649	3404	3531	7064
5	3536	3430	3302	7065
5	3655	3541	3540	7066
5	3628	3498	3533	7067
5	3533	3498	3397	7068
5	3533	3397	3380	7069
5	3554	3415	3487	7070
5	3670	3554	3487	7071
5	3535	3508	3399	7072
5	3535	3399	3413	7073
5	3649	3536	3404	7074
5	3547	3186	3274	7075
5	3621	3479	3492	7076
5	3587	3565	3457	7077
5	3538	3528	3410	7078
5	3538	3410	3386	7079
5	3696	3588	3544	7080
5	3638	3513	3597	7081
5	3719	3605	3705	7082
5	3645	3525	3528	7083
5	3869	3754	3864	7084
5	3655	3605	3541	7085
5	3651	3487	3393	7086
5	3656	3398	3542	7087
5	3543	3504	3421	7088
5	3543	3421	3411	7089
5	4118	4026	4045	7090
5	3854	3743	3847	7091
5	3646	3521	3603	7092
5	3715	3625	3647	7093
5	3665	3550	3546	7094
5	3629	3501	3498	7095
5	3723	3651	3656	7096
5	3549	3418	3432	7097
5	3671	3445	3624	7098
5	3724	3639	3662	7099
5	3749	3624	3483	7100
5	3842	3771	3664	7101
5	3667	3550	3665	7102
5	3694	3537	3618	7103
5	3665	3546	3660	7104
5	3650	3532	3501	7105
5	3613	3493	3414	7106
5	3593	3402	3388	7107
5	3655	3540	3654	7108
5	3769	3660	3650	7109
5	3649	3531	3591	7110
5	3591	3441	3554	7111
5	3634	3434	3509	7112
5	3708	3555	3671	7113
5	3780	3727	3622	7114
5	3905	3731	3826	7115
5	3672	3449	3557	7116
5	3557	3449	3335	7117
5	3672	3558	3449	7118
5	3558	3512	3448	7119
5	3673	3597	3560	7120
5	3559	3507	3450	7121
5	3560	3513	3424	7122
5	3560	3424	3453	7123
5	3561	3422	3344	7124
5	3561	3344	3456	7125
5	3562	3560	3453	7126
5	3562	3453	3455	7127
5	3598	3456	3563	7128
5	3675	3562	3564	7129
5	3702	3653	3688	7130
5	3564	3562	3455	7131
5	3568	3461	3567	7132
5	3565	3516	3384	7133
5	3566	3537	3406	7134
5	3566	3406	3458	7135
5	3568	3458	3461	7136
5	3568	3566	3458	7137
5	3581	3469	3577	7138
5	4076	3991	3925	7139
5	3571	3462	3569	7140
5	3577	3468	3576	7141
5	3679	3571	3622	7142
5	3570	3567	3460	7143
5	3576	3467	3575	7144
5	3575	3466	3574	7145
5	3677	3620	3567	7146
5	3572	3570	3463	7147
5	3620	3568	3567	7148
5	3676	3568	3620	7149
5	3826	3731	3692	7150
5	3676	3618	3566	7151
5	3681	3573	3679	7152
5	3689	3577	3685	7153
5	3679	3573	3571	7154
5	3681	3574	3573	7155
5	3691	3582	3690	7156
5	3683	3575	3574	7157
5	3612	3599	3507	7158
5	3578	3510	3470	7159
5	3579	3539	3438	7160
5	3579	3438	3412	7161
5	4110	4019	4075	7162
5	3730	3609	3614	7163
5	3812	3718	3732	7164
5	3684	3576	3575	7165
5	3690	3581	3689	7166
5	3685	3577	3576	7167
5	3846	3732	3731	7168
5	3691	3583	3582	7169
5	4063	3981	3987	7170
5	3732	3623	3731	7171
5	3587	3457	3479	7172
5	3750	3668	3523	7173
5	3711	3621	3492	7174
5	3586	3478	3476	7175
5	3700	3587	3621	7176
5	3695	3619	3565	7177
5	4034	3924	4003	7178
5	3658	3614	3495	7179
5	3625	3604	3486	7180
5	3732	3602	3623	7181
5	3726	3595	3663	7182
5	3671	3555	3445	7183
5	3735	3542	3419	7184
5	3735	3419	3505	7185
5	3592	3529	3489	7186
5	3936	3812	3935	7187
5	3850	3633	3737	7188
5	3901	3805	3733	7189
5	3594	3533	3485	7190
5	3765	3629	3754	7191
5	3663	3548	3661	7192
5	3661	3506	3644	7193
5	3596	3497	3482	7194
5	3820	3719	3705	7195
5	3790	3687	3766	7196
5	3638	3579	3513	7197
5	3740	3675	3564	7198
5	3675	3673	3562	7199
5	4064	3999	4030	7200
5	3740	3564	3674	7201
5	3750	3523	3600	7202
5	3613	3414	3552	7203
5	3601	3492	3426	7204
5	3601	3426	3503	7205
5	3689	3581	3577	7206
5	3692	3584	3583	7207
5	3836	3742	3802	7208
5	3710	3646	3603	7209
5	3763	3646	3710	7210
5	3817	3718	3812	7211
5	3605	3596	3482	7212
5	3605	3482	3541	7213
5	3625	3486	3527	7214
5	3632	3535	3606	7215
5	3687	3539	3652	7216
5	3762	3647	3632	7217
5	3745	3585	3693	7218
5	3621	3587	3479	7219
5	3790	3721	3617	7220
5	3657	3544	3518	7221
5	3875	3769	3874	7222
5	3747	3669	3713	7223
5	3611	3607	3520	7224
5	3611	3520	3484	7225
5	3788	3653	3702	7226
5	3673	3560	3562	7227
5	3615	3375	3555	7228
5	3749	3483	3590	7229
5	3614	3609	3538	7230
5	3614	3538	3495	7231
5	3816	3671	3751	7232
5	3615	3496	3375	7233
5	3672	3512	3558	7234
5	3741	3674	3522	7235
5	3617	3611	3484	7236
5	3617	3484	3580	7237
5	3622	3571	3569	7238
5	3619	3516	3565	7239
5	3660	3546	3532	7240
5	3676	3566	3568	7241
5	3682	3551	3667	7242
5	3680	3572	3556	7243
5	3693	3585	3478	7244
5	3693	3478	3586	7245
5	3683	3574	3681	7246
5	3677	3567	3570	7247
5	3623	3602	3517	7248
5	3623	3517	3584	7249
5	3815	3600	3704	7250
5	3816	3708	3671	7251
5	3647	3508	3632	7252
5	3647	3527	3508	7253
5	3752	3627	3718	7254
5	3931	3802	3834	7255
5	3627	3626	3491	7256
5	3627	3491	3490	7257
5	3785	3682	3667	7258
5	4065	3833	3912	7259
5	3713	3669	3596	7260
5	3753	3628	3594	7261
5	3630	3612	3559	7262
5	3630	3559	3502	7263
5	3904	3837	3711	7264
5	3631	3511	3402	7265
5	3647	3625	3527	7266
5	3632	3508	3535	7267
5	3634	3509	3633	7268
5	3663	3549	3548	7269
5	3848	3822	3774	7270
5	3643	3434	3634	7271
5	3635	3503	3409	7272
5	3635	3409	3511	7273
5	3636	3616	3515	7274
5	3636	3515	3512	7275
5	3637	3630	3502	7276
5	3637	3502	3510	7277
5	3652	3579	3638	7278
5	3687	3580	3539	7279
5	3639	3590	3514	7280
5	3639	3514	3500	7281
5	3757	3640	3668	7282
5	3640	3552	3437	7283
5	3641	3606	3494	7284
5	3641	3494	3530	7285
5	3642	3636	3557	7286
5	3642	3557	3422	7287
5	3758	3643	3634	7288
5	3770	3724	3725	7289
5	3821	3749	3759	7290
5	3835	3593	3814	7291
5	3838	3719	3820	7292
5	3768	3654	3767	7293
5	3648	3641	3530	7294
5	3646	3526	3521	7295
5	3819	3746	3798	7296
5	3734	3720	3607	7297
5	3722	3699	3641	7298
5	3761	3609	3730	7299
5	3841	3664	3499	7300
5	3774	3649	3591	7301
5	3773	3665	3772	7302
5	3772	3660	3769	7303
5	3670	3487	3651	7304
5	3670	3591	3554	7305
5	3686	3510	3578	7306
5	3738	3630	3637	7307
5	3686	3578	3653	7308
5	3686	3637	3510	7309
5	3761	3645	3609	7310
5	4065	3903	3833	7311
5	3829	3730	3746	7312
5	3820	3705	3800	7313
5	3656	3651	3534	7314
5	3656	3534	3398	7315
5	3658	3495	3589	7316
5	3734	3611	3721	7317
5	3697	3588	3696	7318
5	3697	3589	3588	7319
5	3659	3603	3545	7320
5	3659	3545	3529	7321
5	3863	3753	3703	7322
5	3754	3629	3628	7323
5	3759	3639	3724	7324
5	3968	3883	3917	7325
5	3662	3639	3500	7326
5	3662	3500	3391	7327
5	3723	3670	3651	7328
5	3663	3595	3549	7329
5	3664	3662	3391	7330
5	3664	3391	3499	7331
5	4150	4066	4134	7332
5	3682	3556	3551	7333
5	3666	3622	3569	7334
5	3666	3569	3516	7335
5	3765	3650	3629	7336
5	3772	3665	3660	7337
5	3668	3640	3519	7338
5	3668	3519	3523	7339
5	3669	3610	3553	7340
5	3669	3553	3497	7341
5	3906	3841	3764	7342
5	3774	3591	3670	7343
5	3835	3733	3631	7344
5	3737	3493	3613	7345
5	3672	3557	3636	7346
5	3672	3636	3512	7347
5	3776	3597	3673	7348
5	3775	3599	3612	7349
5	3674	3564	3451	7350
5	3674	3451	3522	7351
5	3813	3675	3740	7352
5	3852	3741	3701	7353
5	3729	3618	3676	7354
5	3778	3666	3619	7355
5	3783	3680	3682	7356
5	3779	3712	3677	7357
5	3678	3677	3570	7358
5	3678	3570	3572	7359
5	3685	3576	3684	7360
5	3684	3575	3683	7361
5	3779	3677	3678	7362
5	3680	3678	3572	7363
5	3712	3620	3677	7364
5	3773	3667	3665	7365
5	3785	3667	3773	7366
5	3682	3680	3556	7367
5	3782	3679	3727	7368
5	3794	3691	3793	7369
5	3826	3692	3794	7370
5	3769	3650	3765	7371
5	3926	3831	3907	7372
5	3784	3683	3681	7373
5	3706	3673	3675	7374
5	3714	3637	3686	7375
5	3748	3630	3738	7376
5	3687	3617	3580	7377
5	3688	3653	3504	7378
5	3688	3504	3543	7379
5	3792	3689	3791	7380
5	3786	3684	3683	7381
5	3793	3691	3690	7382
5	3787	3685	3684	7383
5	3846	3812	3732	7384
5	3793	3690	3792	7385
5	3791	3689	3685	7386
5	3792	3690	3689	7387
5	3695	3565	3587	7388
5	3992	3827	3929	7389
5	3827	3693	3795	7390
5	3694	3586	3537	7391
5	3700	3695	3587	7392
5	3777	3620	3712	7393
5	3697	3658	3589	7394
5	3932	3828	3839	7395
5	3873	3800	3768	7396
5	3890	3728	3854	7397
5	3735	3505	3698	7398
5	3698	3505	3595	7399
5	4254	4211	4214	7400
5	3722	3641	3648	7401
5	3825	3782	3727	7402
5	3796	3618	3729	7403
5	3701	3616	3636	7404
5	3701	3636	3642	7405
5	3909	3800	3873	7406
5	3829	3746	3819	7407
5	3833	3703	3747	7408
5	3767	3654	3645	7409
5	3745	3608	3585	7410
5	3994	3801	3933	7411
5	3768	3705	3655	7412
5	3872	3761	3867	7413
5	3748	3612	3630	7414
5	3789	3638	3744	7415
5	3707	3659	3592	7416
5	3840	3763	3807	7417
5	3814	3496	3615	7418
5	4077	3988	3910	7419
5	3709	3701	3642	7420
5	3709	3642	3561	7421
5	3943	3849	3913	7422
5	3807	3763	3710	7423
5	3801	3601	3755	7424
5	3910	3815	3704	7425
5	3797	3619	3695	7426
5	3727	3679	3622	7427
5	3873	3768	3767	7428
5	3912	3833	3857	7429
5	3738	3637	3714	7430
5	3775	3612	3748	7431
5	3743	3625	3715	7432
5	3728	3688	3604	7433
5	3762	3715	3647	7434
5	3716	3632	3606	7435
5	3717	3696	3657	7436
5	3721	3611	3617	7437
5	3718	3627	3602	7438
5	3993	3948	3945	7439
5	3719	3713	3596	7440
5	3719	3596	3605	7441
5	3720	3717	3657	7442
5	3720	3657	3607	7443
5	3734	3607	3611	7444
5	3847	3743	3715	7445
5	3834	3802	3707	7446
5	4162	4138	4087	7447
5	3764	3536	3649	7448
5	3774	3670	3723	7449
5	3771	3662	3664	7450
5	3725	3663	3661	7451
5	3841	3547	3764	7452
5	3726	3663	3725	7453
5	3771	3724	3662	7454
5	3841	3499	3547	7455
5	3786	3683	3784	7456
5	3784	3681	3782	7457
5	3790	3617	3687	7458
5	3728	3702	3688	7459
5	3843	3695	3700	7460
5	3881	3777	3712	7461
5	3854	3728	3743	7462
5	3867	3730	3829	7463
5	3732	3718	3602	7464
5	3731	3623	3692	7465
5	4134	4066	4107	7466
5	3834	3707	3736	7467
5	3733	3635	3511	7468
5	3733	3511	3631	7469
5	3743	3604	3625	7470
5	3923	3871	3890	7471
5	3971	3886	3876	7472
5	3848	3656	3735	7473
5	3849	3752	3817	7474
5	3936	3913	3817	7475
5	3756	3634	3633	7476
5	3850	3756	3633	7477
5	3744	3638	3597	7478
5	3859	3775	3748	7479
5	3739	3598	3563	7480
5	3739	3563	3599	7481
5	3824	3823	3740	7482
5	3852	3740	3674	7483
5	3852	3701	3709	7484
5	3824	3598	3739	7485
5	3742	3710	3603	7486
5	3742	3603	3659	7487
5	3982	3934	3981	7488
5	3889	3766	3870	7489
5	3856	3789	3744	7490
5	3832	3798	3799	7491
5	3827	3745	3693	7492
5	3796	3694	3618	7493
5	3746	3730	3614	7494
5	3746	3614	3658	7495
5	3950	3838	3924	7496
5	3966	3881	3926	7497
5	3945	3847	3808	7498
5	3858	3748	3738	7499
5	3770	3661	3644	7500
5	3760	3643	3758	7501
5	3757	3552	3640	7502
5	3988	3815	3910	7503
5	3751	3671	3624	7504
5	3821	3818	3862	7505
5	3752	3736	3626	7506
5	3752	3626	3627	7507
5	4245	4197	4147	7508
5	3857	3747	3713	7509
5	4073	4038	3954	7510
5	3857	3713	3838	7511
5	3755	3601	3503	7512
5	3755	3503	3635	7513
5	3760	3644	3643	7514
5	3758	3634	3756	7515
5	3865	3613	3757	7516
5	3757	3613	3552	7517
5	3962	3875	3874	7518
5	3818	3760	3758	7519
5	3759	3749	3590	7520
5	3759	3590	3639	7521
5	3770	3644	3760	7522
5	3770	3725	3661	7523
5	3960	3867	3956	7524
5	3945	3808	3898	7525
5	3868	3716	3809	7526
5	3974	3804	3889	7527
5	3763	3722	3648	7528
5	3763	3648	3646	7529
5	4047	3968	4018	7530
5	3810	3595	3726	7531
5	3864	3753	3863	7532
5	3864	3754	3753	7533
5	3922	3775	3859	7534
5	3989	3803	3902	7535
5	3872	3767	3761	7536
5	3938	3800	3909	7537
5	3960	3872	3867	7538
5	3990	3920	3958	7539
5	3883	3782	3825	7540
5	3874	3765	3869	7541
5	3821	3760	3818	7542
5	3770	3759	3724	7543
5	3771	3726	3725	7544
5	3771	3725	3724	7545
5	4016	3962	4001	7546
5	3869	3765	3754	7547
5	3886	3773	3876	7548
5	3782	3681	3679	7549
5	3848	3774	3723	7550
5	3822	3649	3774	7551
5	3776	3673	3706	7552
5	3813	3706	3675	7553
5	3871	3788	3702	7554
5	3776	3744	3597	7555
5	3777	3729	3676	7556
5	3777	3676	3620	7557
5	3925	3896	3797	7558
5	3780	3666	3778	7559
5	3831	3712	3779	7560
5	3780	3622	3666	7561
5	3970	3885	3968	7562
5	3844	3729	3777	7563
5	3781	3779	3678	7564
5	3781	3678	3680	7565
5	3791	3685	3787	7566
5	3787	3684	3786	7567
5	3905	3846	3731	7568
5	3783	3781	3680	7569
5	3879	3779	3781	7570
5	3876	3773	3772	7571
5	3886	3785	3773	7572
5	3785	3783	3682	7573
5	4045	3894	3978	7574
5	3875	3772	3769	7575
5	3879	3831	3779	7576
5	3876	3772	3875	7577
5	3952	3859	3858	7578
5	3788	3714	3686	7579
5	3789	3766	3652	7580
5	3789	3652	3638	7581
5	3828	3717	3720	7582
5	3853	3734	3721	7583
5	3887	3786	3885	7584
5	3885	3786	3784	7585
5	3928	3905	3826	7586
5	3887	3787	3786	7587
5	3891	3791	3787	7588
5	3892	3791	3891	7589
5	3928	3826	3794	7590
5	4189	4079	4135	7591
5	3795	3693	3586	7592
5	3795	3586	3694	7593
5	3797	3778	3619	7594
5	3979	3895	3844	7595
5	4124	4039	4051	7596
5	3895	3729	3844	7597
5	3798	3746	3658	7598
5	3798	3658	3697	7599
5	3799	3798	3697	7600
5	3799	3697	3696	7601
5	3873	3767	3872	7602
5	3867	3761	3730	7603
5	4070	3908	4012	7604
5	3815	3750	3600	7605
5	3802	3742	3707	7606
5	4086	3981	4063	7607
5	3877	3744	3776	7608
5	3803	3776	3706	7609
5	4050	3972	3997	7610
5	3868	3762	3716	7611
5	3806	3704	3608	7612
5	4071	3904	3994	7613
5	3843	3797	3695	7614
5	3910	3704	3806	7615
5	4028	3931	3943	7616
5	3921	3830	3900	7617
5	3847	3715	3808	7618
5	3855	3738	3714	7619
5	3868	3808	3762	7620
5	3809	3716	3699	7621
5	3822	3764	3649	7622
5	3810	3698	3595	7623
5	3811	3795	3694	7624
5	3811	3694	3796	7625
5	4135	4079	4118	7626
5	3935	3812	3846	7627
5	3851	3599	3775	7628
5	3922	3851	3775	7629
5	3814	3615	3708	7630
5	3894	3793	3893	7631
5	3901	3733	3835	7632
5	3835	3631	3593	7633
5	3861	3757	3668	7634
5	3865	3757	3861	7635
5	4000	3913	3999	7636
5	3931	3897	3802	7637
5	4033	4008	3952	7638
5	3866	3862	3818	7639
5	3942	3845	3918	7640
5	3853	3721	3804	7641
5	4072	3984	4005	7642
5	4259	4217	4198	7643
5	3862	3624	3749	7644
5	3821	3862	3749	7645
5	3860	3668	3750	7646
5	3814	3593	3496	7647
5	3823	3813	3740	7648
5	3824	3739	3823	7649
5	3852	3674	3741	7650
5	3824	3740	3852	7651
5	3883	3784	3782	7652
5	3885	3784	3883	7653
5	3893	3792	3892	7654
5	3892	3792	3791	7655
5	3994	3904	3801	7656
5	4077	3995	4067	7657
5	3832	3819	3798	7658
5	3845	3717	3828	7659
5	3956	3829	3940	7660
5	3937	3819	3832	7661
5	3830	3809	3699	7662
5	3830	3699	3722	7663
5	3908	3843	3700	7664
5	3996	3929	3811	7665
5	4052	3997	3923	7666
5	4029	3993	3945	7667
5	3838	3713	3719	7668
5	3950	3857	3838	7669
5	3999	3913	3936	7670
5	4000	3943	3913	7671
5	3944	3814	3899	7672
5	3861	3668	3860	7673
5	3836	3807	3710	7674
5	3836	3710	3742	7675
5	3837	3700	3621	7676
5	3837	3621	3711	7677
5	3857	3833	3747	7678
5	4038	3990	3958	7679
5	3839	3828	3720	7680
5	3839	3720	3734	7681
5	3840	3830	3722	7682
5	3840	3722	3763	7683
5	3842	3726	3771	7684
5	3842	3664	3841	7685
5	4001	3962	3920	7686
5	3842	3810	3726	7687
5	3895	3796	3729	7688
5	3878	3727	3780	7689
5	3878	3825	3727	7690
5	3881	3712	3831	7691
5	3845	3832	3799	7692
5	3845	3799	3717	7693
5	3893	3793	3792	7694
5	3894	3794	3793	7695
5	3918	3845	3828	7696
5	3858	3738	3855	7697
5	3848	3723	3656	7698
5	3848	3735	3698	7699
5	3849	3834	3736	7700
5	3849	3736	3752	7701
5	3953	3866	3946	7702
5	3866	3751	3862	7703
5	3851	3823	3739	7704
5	3851	3739	3599	7705
5	3824	3852	3709	7706
5	3824	3709	3598	7707
5	3932	3918	3828	7708
5	3853	3839	3734	7709
5	3921	3809	3830	7710
5	4139	4088	4110	7711
5	3870	3766	3789	7712
5	3859	3748	3858	7713
5	3870	3789	3856	7714
5	3889	3790	3766	7715
5	4004	3954	3863	7716
5	3958	3920	3869	7717
5	3951	3858	3855	7718
5	3963	3877	3914	7719
5	3877	3776	3803	7720
5	3902	3803	3706	7721
5	3899	3708	3816	7722
5	3865	3737	3613	7723
5	3944	3835	3814	7724
5	3946	3866	3756	7725
5	4035	4033	3951	7726
5	3862	3751	3624	7727
5	4286	4209	4136	7728
5	4100	4006	4034	7729
5	4073	3954	4004	7730
5	4126	4047	4084	7731
5	4002	3850	3955	7732
5	3955	3865	3861	7733
5	3866	3818	3758	7734
5	3866	3758	3756	7735
5	3961	3909	3873	7736
5	4169	4099	4098	7737
5	3923	3890	3916	7738
5	3916	3890	3854	7739
5	4001	3920	3990	7740
5	4023	3966	3926	7741
5	3888	3714	3788	7742
5	3927	3855	3888	7743
5	3888	3788	3871	7744
5	3888	3855	3714	7745
5	3940	3829	3819	7746
5	3961	3873	3872	7747
5	4190	4142	4161	7748
5	4006	3912	3950	7749
5	3821	3759	3770	7750
5	3821	3770	3760	7751
5	4007	3964	3967	7752
5	3971	3876	3915	7753
5	3906	3848	3698	7754
5	3906	3698	3810	7755
5	4241	4189	4135	7756
5	3877	3856	3744	7757
5	3896	3778	3797	7758
5	3884	3783	3785	7759
5	3964	3879	3882	7760
5	3907	3831	3879	7761
5	3880	3878	3780	7762
5	3880	3780	3778	7763
5	3926	3881	3831	7764
5	3881	3844	3777	7765
5	3882	3879	3781	7766
5	3882	3781	3783	7767
5	3928	3794	3894	7768
5	3891	3787	3887	7769
5	3965	3917	3825	7770
5	3884	3882	3783	7771
5	3917	3883	3825	7772
5	3966	3844	3881	7773
5	3962	3874	3920	7774
5	3886	3884	3785	7775
5	3958	3864	3954	7776
5	3978	3893	3977	7777
5	4008	3963	3914	7778
5	3914	3877	3803	7779
5	3948	3854	3847	7780
5	3889	3804	3790	7781
5	3890	3871	3702	7782
5	3890	3702	3728	7783
5	4057	3978	3977	7784
5	4432	4401	4332	7785
5	3970	3887	3885	7786
5	3975	3887	3970	7787
5	3975	3891	3887	7788
5	3976	3891	3975	7789
5	3976	3892	3891	7790
5	3977	3893	3892	7791
5	3896	3880	3778	7792
5	3996	3811	3941	7793
5	3925	3797	3843	7794
5	4044	3907	4009	7795
5	3897	3836	3802	7796
5	4141	4062	4094	7797
5	3983	3900	3911	7798
5	3900	3830	3840	7799
5	4011	3861	3860	7800
5	3899	3814	3708	7801
5	3957	3898	3868	7802
5	3957	3809	3921	7803
5	4102	4011	4010	7804
5	3988	3919	3815	7805
5	4099	4003	4098	7806
5	4400	4393	4341	7807
5	3903	3863	3703	7808
5	3903	3703	3833	7809
5	3908	3700	3837	7810
5	4139	4110	4137	7811
5	4060	4030	3935	7812
5	3978	3894	3893	7813
5	4013	3816	3953	7814
5	3946	3756	3850	7815
5	3969	3884	3886	7816
5	4004	3863	3903	7817
5	4092	3939	3992	7818
5	4070	4069	4014	7819
5	3961	3872	3960	7820
5	3956	3867	3829	7821
5	4077	3910	3995	7822
5	3919	3750	3815	7823
5	3911	3900	3840	7824
5	3911	3840	3807	7825
5	3924	3838	3820	7826
5	4040	3956	4036	7827
5	3913	3849	3817	7828
5	4028	3987	3931	7829
5	3972	3888	3871	7830
5	3972	3871	3923	7831
5	3915	3876	3875	7832
5	4170	4096	4167	7833
5	3940	3819	3937	7834
5	4296	4245	4147	7835
5	4104	4045	3978	7836
5	3968	3885	3883	7837
5	3957	3868	3809	7838
5	4029	3945	3898	7839
5	4010	3901	3835	7840
5	3919	3860	3750	7841
5	3962	3915	3875	7842
5	3920	3874	3869	7843
5	3982	3911	3934	7844
5	4019	3900	3983	7845
5	3989	3914	3803	7846
5	3922	3823	3851	7847
5	3973	3856	3963	7848
5	4025	3948	3993	7849
5	3950	3912	3857	7850
5	4240	4159	4201	7851
5	3979	3844	3966	7852
5	4094	4017	3998	7853
5	3930	3878	3880	7854
5	4044	3926	3907	7855
5	4051	3959	4042	7856
5	4049	3963	4008	7857
5	4289	4144	4242	7858
5	4045	4026	3928	7859
5	3929	3827	3795	7860
5	3929	3795	3811	7861
5	4009	3964	4007	7862
5	3965	3878	3930	7863
5	4095	3999	4064	7864
5	4150	4063	4066	7865
5	3974	3889	3959	7866
5	4025	3916	3948	7867
5	3933	3801	3755	7868
5	3933	3755	3805	7869
5	3934	3911	3807	7870
5	3934	3807	3836	7871
5	3902	3813	3823	7872
5	3902	3823	3922	7873
5	4258	4173	4192	7874
5	4028	3943	4000	7875
5	3998	3918	3932	7876
5	4031	3937	3942	7877
5	3938	3924	3820	7878
5	3938	3820	3800	7879
5	3939	3806	3745	7880
5	3939	3745	3827	7881
5	4017	3918	3998	7882
5	4017	3942	3918	7883
5	3941	3811	3796	7884
5	3941	3796	3895	7885
5	3942	3937	3832	7886
5	3942	3832	3845	7887
5	3943	3931	3834	7888
5	3943	3834	3849	7889
5	3906	3810	3842	7890
5	3906	3842	3841	7891
5	4122	4035	4050	7892
5	3948	3847	3945	7893
5	3955	3737	3865	7894
5	4097	4013	4002	7895
5	3947	3932	3839	7896
5	3947	3839	3853	7897
5	3959	3889	3870	7898
5	3948	3916	3854	7899
5	3949	3947	3853	7900
5	3949	3853	3804	7901
5	4003	3924	3938	7902
5	4333	4291	4251	7903
5	3963	3856	3877	7904
5	3952	3858	3951	7905
5	4039	3949	3974	7906
5	3989	3952	3914	7907
5	3953	3816	3751	7908
5	3953	3751	3866	7909
5	3958	3869	3864	7910
5	3954	3864	3863	7911
5	4033	3952	3951	7912
5	3955	3850	3737	7913
5	4036	3940	4032	7914
5	4032	3940	3937	7915
5	4037	3921	4019	7916
5	3997	3972	3923	7917
5	4056	3976	4055	7918
5	4054	3971	3915	7919
5	3974	3949	3804	7920
5	4153	4073	4004	7921
5	4098	3984	4072	7922
5	4040	3960	3956	7923
5	4041	3961	3960	7924
5	4041	3960	4040	7925
5	3906	3764	3822	7926
5	3906	3822	3848	7927
5	3973	3959	3870	7928
5	4050	4035	3927	7929
5	3965	3825	3878	7930
5	3964	3907	3879	7931
5	4082	3979	4058	7932
5	4009	3907	3964	7933
5	3980	3880	3896	7934
5	4092	3994	3995	7935
5	3967	3964	3882	7936
5	3967	3882	3884	7937
5	4045	3928	3894	7938
5	3977	3892	3976	7939
5	4046	3967	3969	7940
5	3969	3967	3884	7941
5	4172	4105	4155	7942
5	4016	3915	3962	7943
5	4127	4048	4054	7944
5	3971	3969	3886	7945
5	3973	3870	3856	7946
5	3972	3927	3888	7947
5	4085	3993	4078	7948
5	4008	3914	3952	7949
5	4050	3927	3972	7950
5	4041	4005	3961	7951
5	4048	3969	3971	7952
5	4288	4252	4189	7953
5	4038	3958	3954	7954
5	4129	4054	4016	7955
5	4053	3975	3970	7956
5	4055	3975	4053	7957
5	4055	3976	3975	7958
5	4189	4160	4079	7959
5	3980	3930	3880	7960
5	3991	3896	3925	7961
5	3991	3980	3896	7962
5	4058	3966	4023	7963
5	3981	3934	3897	7964
5	4307	4204	4246	7965
5	4094	4062	4017	7966
5	4087	4075	3983	7967
5	4216	4150	4194	7968
5	4107	4000	4095	7969
5	3984	3938	3909	7970
5	4036	3956	3940	7971
5	3985	3935	3846	7972
5	3985	3846	3905	7973
5	3986	3933	3805	7974
5	4101	3988	4015	7975
5	3987	3981	3897	7976
5	3987	3897	3931	7977
5	4101	4011	3988	7978
5	4015	3805	3901	7979
5	4229	4174	4166	7980
5	4089	4027	4083	7981
5	4096	4001	3990	7982
5	4090	3990	4038	7983
5	4105	4091	4009	7984
5	4076	4014	4069	7985
5	4075	4019	3983	7986
5	3992	3939	3827	7987
5	4039	4024	3949	7988
5	4114	4025	4085	7989
5	4175	4112	4111	7990
5	4067	3933	3986	7991
5	3995	3910	3806	7992
5	3995	3806	3939	7993
5	4092	4071	3994	7994
5	4058	3979	3966	7995
5	4032	3937	4031	7996
5	4031	3942	4017	7997
5	4264	4230	4243	7998
5	4426	4330	4397	7999
5	4118	4045	4104	8000
5	4060	3935	3985	8001
5	4173	4134	4107	8002
5	4503	4402	4401	8003
5	4096	3990	4090	8004
5	4220	4155	4202	8005
5	4102	4013	4097	8006
5	4011	3919	3988	8007
5	4168	4098	4072	8008
5	4244	4218	4231	8009
5	4100	4034	4099	8010
5	4253	4167	4224	8011
5	4005	3984	3909	8012
5	4005	3909	3961	8013
5	4098	4003	3984	8014
5	4099	4034	4003	8015
5	3989	3902	3922	8016
5	4087	3982	4086	8017
5	4042	3959	3973	8018
5	4287	4251	4197	8019
5	4018	3968	3917	8020
5	4057	3977	4056	8021
5	4101	4010	4011	8022
5	4011	3860	3919	8023
5	4097	3861	4011	8024
5	4013	3899	3816	8025
5	4012	3908	3837	8026
5	4012	3837	3904	8027
5	4013	3944	3899	8028
5	4035	3951	3927	8029
5	4014	3925	3843	8030
5	4014	3843	3908	8031
5	4077	4015	3988	8032
5	4015	3986	3805	8033
5	4253	4227	4167	8034
5	4104	3978	4057	8035
5	4019	3921	3900	8036
5	4108	4029	4020	8037
5	4047	3970	3968	8038
5	4054	3915	4016	8039
5	4020	3898	3957	8040
5	4078	3993	4029	8041
5	3989	3922	3859	8042
5	3989	3859	3952	8043
5	4021	3998	3932	8044
5	4021	3932	3947	8045
5	4022	3941	3895	8046
5	4022	3895	3979	8047
5	4140	4119	4120	8048
5	4059	3930	3980	8049
5	4024	4021	3947	8050
5	4024	3947	3949	8051
5	4149	4114	4085	8052
5	4052	3916	4025	8053
5	4026	3985	3905	8054
5	4026	3905	3928	8055
5	4027	4018	3917	8056
5	4027	3917	3965	8057
5	4199	4137	4138	8058
5	4152	4063	4150	8059
5	4391	4294	4291	8060
5	4151	4081	4116	8061
5	4030	3999	3936	8062
5	4030	3936	3935	8063
5	4062	4031	4017	8064
5	4173	4107	4095	8065
5	4125	4113	3997	8066
5	4116	4081	4041	8067
5	4002	3946	3850	8068
5	4102	4097	4011	8069
5	4034	4006	3950	8070
5	4034	3950	3924	8071
5	4002	4013	3953	8072
5	4002	3953	3946	8073
5	4115	4036	4112	8074
5	4112	4032	4111	8075
5	4037	4020	3957	8076
5	4037	3957	3921	8077
5	4153	4004	4065	8078
5	4287	4197	4245	8079
5	4124	4051	4123	8080
5	4109	4021	4093	8081
5	4166	4108	4088	8082
5	4154	4081	4151	8083
5	4116	4041	4040	8084
5	4116	4040	4115	8085
5	4051	3974	3959	8086
5	4051	4039	3974	8087
5	4043	4027	3965	8088
5	4043	3965	3930	8089
5	4132	4023	4117	8090
5	4044	4023	3926	8091
5	4158	4030	4060	8092
5	4056	3977	3976	8093
5	4148	4126	4084	8094
5	4046	4007	3967	8095
5	4118	4079	4026	8096
5	4053	3970	4047	8097
5	4103	4001	4096	8098
5	4048	4046	3969	8099
5	4049	4042	3973	8100
5	4049	3973	3963	8101
5	4080	4008	4033	8102
5	4121	4049	4080	8103
5	4080	4033	4035	8104
5	4052	3923	3916	8105
5	4085	4025	3993	8106
5	4123	4051	4042	8107
5	4156	4057	4131	8108
5	4103	4016	4001	8109
5	4126	4053	4047	8110
5	4054	4048	3971	8111
5	4091	4044	4009	8112
5	4129	4016	4103	8113
5	4201	4068	4146	8114
5	4163	4090	4038	8115
5	4212	4202	4140	8116
5	4209	4131	4136	8117
5	4059	4043	3930	8118
5	4132	4058	4023	8119
5	4074	3980	3991	8120
5	4117	4023	4044	8121
5	4185	4104	4156	8122
5	4298	4241	4256	8123
5	4071	4012	3904	8124
5	4061	3992	3929	8125
5	4545	4493	4475	8126
5	4111	4032	4031	8127
5	4290	4260	4278	8128
5	4107	4028	4000	8129
5	4367	4300	4271	8130
5	4198	4153	4159	8131
5	4240	4198	4159	8132
5	4065	4004	3903	8133
5	4066	4063	3987	8134
5	4066	3987	4028	8135
5	4067	3995	3994	8136
5	4067	3994	3933	8137
5	4068	4065	3912	8138
5	4068	3912	4006	8139
5	4069	3996	3941	8140
5	4074	4059	3980	8141
5	4092	3995	3939	8142
5	4070	4012	4061	8143
5	4070	4014	3908	8144
5	4061	3929	3996	8145
5	4111	4031	4062	8146
5	4115	4040	4036	8147
5	4163	4038	4073	8148
5	4239	4187	4238	8149
5	4074	3991	4082	8150
5	4362	4313	4312	8151
5	4071	3992	4061	8152
5	4071	4061	4012	8153
5	4082	4022	3979	8154
5	4076	4082	3991	8155
5	4077	4067	3986	8156
5	4077	3986	4015	8157
5	4069	3941	4022	8158
5	4076	3925	4014	8159
5	4160	3985	4079	8160
5	4079	3985	4026	8161
5	4080	4049	4008	8162
5	4397	4330	4331	8163
5	4081	4072	4005	8164
5	4081	4005	4041	8165
5	4076	4069	4022	8166
5	4076	4022	4082	8167
5	4083	4027	4043	8168
5	4133	4059	4132	8169
5	4131	4056	4130	8170
5	4084	4047	4018	8171
5	4093	4021	4024	8172
5	4165	4094	4109	8173
5	4087	3983	3982	8174
5	4086	3982	3981	8175
5	4335	4290	4324	8176
5	4143	4062	4141	8177
5	4108	4020	4088	8178
5	4088	4020	4037	8179
5	4089	4084	4018	8180
5	4089	4018	4027	8181
5	4184	4140	4120	8182
5	4168	4072	4154	8183
5	4105	4009	4007	8184
5	4117	4044	4091	8185
5	4177	4115	4112	8186
5	4092	3992	4071	8187
5	4070	4061	3996	8188
5	4070	3996	4069	8189
5	4247	4199	4210	8190
5	4162	4087	4086	8191
5	4107	4066	4028	8192
5	4095	4000	3999	8193
5	4205	4188	4170	8194
5	4184	4120	4127	8195
5	4097	4002	3955	8196
5	4097	3955	3861	8197
5	4177	4112	4175	8198
5	4154	4072	4081	8199
5	4200	4147	4099	8200
5	4296	4147	4200	8201
5	4113	4050	3997	8202
5	4122	4050	4113	8203
5	4101	4015	3901	8204
5	4101	3901	4010	8205
5	4102	4010	3944	8206
5	4102	3944	4013	8207
5	4156	4104	4057	8208
5	4128	4055	4053	8209
5	4130	4055	4128	8210
5	4130	4056	4055	8211
5	4172	4091	4105	8212
5	4145	4084	4089	8213
5	4106	4093	4024	8214
5	4106	4024	4039	8215
5	4258	4203	4173	8216
5	4303	4281	4265	8217
5	4215	4181	4149	8218
5	4108	4078	4029	8219
5	4109	4094	3998	8220
5	4109	3998	4021	8221
5	4110	4088	4037	8222
5	4110	4037	4019	8223
5	4112	4036	4032	8224
5	4200	4099	4169	8225
5	4230	4142	4190	8226
5	4180	4106	4124	8227
5	4121	4042	4049	8228
5	4182	4124	4123	8229
5	4125	4052	4114	8230
5	4114	4052	4025	8231
5	4248	4200	4169	8232
5	4143	4111	4062	8233
5	4248	4169	4226	8234
5	4533	4508	4525	8235
5	4179	4091	4172	8236
5	4133	4132	4117	8237
5	4131	4057	4056	8238
5	4158	4064	4030	8239
5	4119	4105	4007	8240
5	4119	4007	4046	8241
5	4120	4119	4046	8242
5	4120	4046	4048	8243
5	4123	4042	4121	8244
5	4142	4109	4093	8245
5	4122	4121	4080	8246
5	4122	4080	4035	8247
5	4176	4122	4113	8248
5	4124	4106	4039	8249
5	4125	3997	4052	8250
5	4181	4114	4149	8251
5	4180	4161	4106	8252
5	4176	4121	4122	8253
5	4256	4241	4135	8254
5	4128	4053	4126	8255
5	4227	4170	4167	8256
5	4127	4120	4048	8257
5	4332	4258	4289	8258
5	4333	4251	4287	8259
5	4155	4105	4119	8260
5	4129	4127	4054	8261
5	4224	4167	4090	8262
5	4221	4188	4205	8263
5	4074	4082	4058	8264
5	4132	4074	4058	8265
5	4133	4043	4059	8266
5	4132	4059	4074	8267
5	4179	4172	4171	8268
5	4133	4083	4043	8269
5	4288	4189	4241	8270
5	4379	4346	4288	8271
5	4209	4193	4156	8272
5	4155	4119	4140	8273
5	4136	4131	4130	8274
5	4187	4128	4157	8275
5	4137	4110	4075	8276
5	4450	4403	4393	8277
5	4138	4137	4075	8278
5	4138	4075	4087	8279
5	4178	4116	4115	8280
5	4235	4183	4181	8281
5	4212	4140	4184	8282
5	4157	4128	4126	8283
5	4175	4111	4143	8284
5	4232	4175	4191	8285
5	4165	4109	4142	8286
5	4165	4141	4094	8287
5	4207	4164	4206	8288
5	4233	4231	4178	8289
5	4144	4095	4064	8290
5	4399	4332	4289	8291
5	4148	4084	4145	8292
5	4251	4146	4197	8293
5	4146	4068	4006	8294
5	4146	4006	4100	8295
5	4147	4100	4099	8296
5	4169	4098	4168	8297
5	4157	4126	4148	8298
5	4187	4130	4128	8299
5	4266	4207	4206	8300
5	4161	4093	4106	8301
5	4152	4086	4063	8302
5	4162	4086	4152	8303
5	4178	4115	4177	8304
5	4348	4296	4248	8305
5	4278	4222	4216	8306
5	4338	4324	4261	8307
5	4201	4159	4068	8308
5	4170	4103	4096	8309
5	4291	4240	4201	8310
5	4225	4154	4218	8311
5	4228	4145	4171	8312
5	4171	4089	4083	8313
5	4185	4118	4104	8314
5	4185	4135	4118	8315
5	4188	4103	4170	8316
5	4237	4212	4184	8317
5	4208	4148	4196	8318
5	4252	4160	4189	8319
5	4159	4153	4065	8320
5	4159	4065	4068	8321
5	4252	4060	4160	8322
5	4160	4060	3985	8323
5	4174	4078	4108	8324
5	4161	4142	4093	8325
5	4402	4343	4401	8326
5	4222	4152	4216	8327
5	4217	4073	4153	8328
5	4294	4240	4291	8329
5	4164	4149	4085	8330
5	4164	4085	4078	8331
5	4214	4137	4199	8332
5	4166	4088	4139	8333
5	4174	4108	4166	8334
5	4174	4164	4078	8335
5	4167	4096	4090	8336
5	4346	4252	4288	8337
5	4339	4302	4325	8338
5	4233	4177	4232	8339
5	4283	4232	4250	8340
5	4226	4169	4168	8341
5	4238	4187	4157	8342
5	4208	4157	4148	8343
5	4391	4291	4376	8344
5	4171	4145	4089	8345
5	4179	4171	4083	8346
5	4188	4129	4103	8347
5	4418	4392	4354	8348
5	4444	4384	4344	8349
5	4235	4181	4215	8350
5	4207	4149	4164	8351
5	4378	4295	4345	8352
5	4178	4151	4116	8353
5	4182	4180	4124	8354
5	4181	4125	4114	8355
5	4279	4218	4244	8356
5	4340	4297	4316	8357
5	4206	4164	4174	8358
5	4281	4229	4265	8359
5	4188	4186	4129	8360
5	4179	4117	4091	8361
5	4182	4123	4176	8362
5	4176	4123	4121	8363
5	4183	4125	4181	8364
5	4183	4113	4125	8365
5	4183	4176	4113	8366
5	4215	4149	4207	8367
5	4234	4180	4182	8368
5	4236	4234	4182	8369
5	4202	4155	4140	8370
5	4196	4148	4145	8371
5	4307	4242	4204	8372
5	4256	4185	4193	8373
5	4186	4184	4127	8374
5	4186	4127	4129	8375
5	4237	4186	4221	8376
5	4187	4136	4130	8377
5	4179	4083	4133	8378
5	4179	4133	4117	8379
5	4372	4256	4300	8380
5	4242	4144	4204	8381
5	4222	4162	4152	8382
5	4350	4314	4323	8383
5	4191	4175	4143	8384
5	4213	4143	4141	8385
5	4192	4173	4095	8386
5	4192	4095	4144	8387
5	4193	4185	4156	8388
5	4379	4377	4346	8389
5	4194	4150	4134	8390
5	4399	4336	4383	8391
5	4195	4190	4161	8392
5	4195	4161	4180	8393
5	4407	4349	4305	8394
5	4209	4156	4131	8395
5	4197	4146	4100	8396
5	4197	4100	4147	8397
5	4217	4163	4073	8398
5	4217	4153	4198	8399
5	4282	4244	4231	8400
5	4437	4394	4405	8401
5	4225	4168	4154	8402
5	4226	4168	4225	8403
5	4375	4287	4330	8404
5	4291	4201	4251	8405
5	4228	4196	4145	8406
5	4219	4171	4172	8407
5	4262	4134	4203	8408
5	4203	4134	4173	8409
5	4204	4144	4064	8410
5	4204	4064	4158	8411
5	4380	4319	4349	8412
5	4263	4217	4259	8413
5	4283	4282	4233	8414
5	4265	4229	4211	8415
5	4255	4213	4223	8416
5	4371	4326	4309	8417
5	4270	4205	4249	8418
5	4299	4284	4268	8419
5	4321	4270	4319	8420
5	4410	4298	4372	8421
5	4210	4199	4138	8422
5	4210	4138	4162	8423
5	4229	4166	4211	8424
5	4211	4166	4139	8425
5	4284	4237	4268	8426
5	4269	4238	4208	8427
5	4243	4230	4190	8428
5	4213	4191	4143	8429
5	4214	4211	4139	8430
5	4214	4139	4137	8431
5	4278	4216	4261	8432
5	4276	4195	4234	8433
5	4222	4210	4162	8434
5	4216	4152	4150	8435
5	4227	4205	4170	8436
5	4224	4090	4163	8437
5	4218	4154	4151	8438
5	4232	4177	4175	8439
5	4277	4196	4228	8440
5	4228	4171	4219	8441
5	4220	4219	4172	8442
5	4220	4172	4155	8443
5	4237	4184	4186	8444
5	4221	4186	4188	8445
5	4309	4250	4293	8446
5	4274	4191	4213	8447
5	4223	4213	4141	8448
5	4223	4141	4165	8449
5	4457	4434	4386	8450
5	4395	4390	4368	8451
5	4548	4457	4530	8452
5	4301	4244	4282	8453
5	4279	4225	4218	8454
5	4280	4225	4279	8455
5	4268	4237	4221	8456
5	4249	4205	4227	8457
5	4420	4331	4381	8458
5	4555	4515	4513	8459
5	4275	4215	4207	8460
5	4229	4206	4174	8461
5	4230	4223	4165	8462
5	4230	4165	4142	8463
5	4231	4218	4151	8464
5	4231	4151	4178	8465
5	4233	4178	4177	8466
5	4325	4244	4301	8467
5	4322	4274	4255	8468
5	4282	4231	4233	8469
5	4267	4190	4195	8470
5	4234	4195	4180	8471
5	4236	4182	4176	8472
5	4236	4176	4183	8473
5	4236	4183	4235	8474
5	4236	4235	4234	8475
5	4238	4157	4208	8476
5	4304	4269	4272	8477
5	4312	4263	4259	8478
5	4328	4286	4239	8479
5	4286	4136	4239	8480
5	4239	4136	4187	8481
5	4251	4201	4146	8482
5	4436	4413	4389	8483
5	4256	4135	4185	8484
5	4496	4459	4442	8485
5	4382	4354	4361	8486
5	4441	4377	4428	8487
5	4257	4199	4247	8488
5	4326	4282	4283	8489
5	4359	4325	4301	8490
5	4250	4232	4191	8491
5	4296	4200	4248	8492
5	4280	4226	4225	8493
5	4383	4336	4337	8494
5	4246	4204	4158	8495
5	4324	4278	4261	8496
5	4343	4203	4258	8497
5	4375	4333	4287	8498
5	4338	4261	4311	8499
5	4308	4284	4299	8500
5	4300	4256	4193	8501
5	4369	4322	4315	8502
5	4306	4260	4290	8503
5	4348	4248	4295	8504
5	4330	4287	4245	8505
5	4310	4060	4252	8506
5	4310	4158	4060	8507
5	4320	4269	4304	8508
5	4407	4305	4363	8509
5	4275	4207	4266	8510
5	4265	4211	4254	8511
5	4274	4213	4255	8512
5	4274	4250	4191	8513
5	4271	4193	4209	8514
5	4300	4193	4271	8515
5	4257	4254	4214	8516
5	4257	4214	4199	8517
5	4324	4290	4278	8518
5	4422	4374	4402	8519
5	4263	4163	4217	8520
5	4263	4224	4163	8521
5	4260	4247	4210	8522
5	4260	4210	4222	8523
5	4278	4260	4222	8524
5	4261	4216	4194	8525
5	4364	4314	4350	8526
5	4262	4194	4134	8527
5	4423	4362	4384	8528
5	4313	4263	4312	8529
5	4264	4255	4223	8530
5	4264	4223	4230	8531
5	4322	4293	4274	8532
5	4345	4280	4302	8533
5	4316	4266	4281	8534
5	4327	4275	4297	8535
5	4297	4275	4266	8536
5	4267	4243	4190	8537
5	4285	4238	4269	8538
5	4273	4202	4212	8539
5	4376	4291	4333	8540
5	4321	4268	4270	8541
5	4270	4268	4221	8542
5	4270	4221	4205	8543
5	4411	4300	4367	8544
5	4328	4239	4285	8545
5	4272	4269	4208	8546
5	4272	4208	4196	8547
5	4277	4228	4219	8548
5	4277	4220	4202	8549
5	4403	4351	4355	8550
5	4293	4250	4274	8551
5	4276	4234	4235	8552
5	4283	4233	4232	8553
5	4276	4235	4215	8554
5	4276	4215	4275	8555
5	4277	4272	4196	8556
5	4277	4219	4220	8557
5	4386	4339	4359	8558
5	4292	4257	4247	8559
5	4434	4387	4339	8560
5	4387	4345	4302	8561
5	4277	4202	4273	8562
5	4388	4360	4308	8563
5	4281	4266	4206	8564
5	4281	4206	4229	8565
5	4315	4255	4264	8566
5	4424	4412	4421	8567
5	4327	4276	4275	8568
5	4276	4267	4195	8569
5	4284	4273	4212	8570
5	4284	4212	4237	8571
5	4286	4271	4209	8572
5	4285	4239	4238	8573
5	4372	4298	4256	8574
5	4438	4334	4380	8575
5	4444	4344	4391	8576
5	4423	4406	4362	8577
5	4346	4310	4252	8578
5	4392	4337	4307	8579
5	4289	4258	4192	8580
5	4289	4192	4144	8581
5	4341	4290	4335	8582
5	4347	4203	4343	8583
5	4345	4295	4280	8584
5	4381	4331	4296	8585
5	4425	4374	4422	8586
5	4605	4581	4601	8587
5	4370	4293	4322	8588
5	4326	4283	4309	8589
5	4294	4259	4198	8590
5	4294	4198	4240	8591
5	4295	4248	4226	8592
5	4295	4226	4280	8593
5	4391	4344	4294	8594
5	4473	4426	4397	8595
5	4316	4281	4303	8596
5	4323	4257	4292	8597
5	4435	4410	4372	8598
5	4501	4443	4456	8599
5	4308	4273	4284	8600
5	4353	4320	4304	8601
5	4319	4270	4249	8602
5	4329	4271	4286	8603
5	4309	4283	4250	8604
5	4427	4386	4394	8605
5	4302	4280	4279	8606
5	4554	4513	4511	8607
5	4529	4522	4524	8608
5	4327	4267	4276	8609
5	4320	4285	4269	8610
5	4379	4288	4342	8611
5	4305	4249	4227	8612
5	4305	4227	4253	8613
5	4306	4292	4247	8614
5	4306	4247	4260	8615
5	4440	4342	4410	8616
5	4432	4332	4399	8617
5	4360	4304	4272	8618
5	4360	4273	4308	8619
5	4326	4301	4282	8620
5	4359	4301	4356	8621
5	4361	4310	4346	8622
5	4310	4246	4158	8623
5	4311	4261	4194	8624
5	4311	4194	4262	8625
5	4313	4253	4224	8626
5	4313	4224	4263	8627
5	4349	4319	4249	8628
5	4363	4313	4362	8629
5	4314	4303	4265	8630
5	4314	4265	4254	8631
5	4624	4582	4570	8632
5	4322	4255	4315	8633
5	4352	4315	4317	8634
5	4316	4297	4266	8635
5	4317	4315	4264	8636
5	4317	4264	4243	8637
5	4318	4317	4243	8638
5	4318	4243	4267	8639
5	4404	4320	4353	8640
5	4334	4321	4319	8641
5	4390	4353	4357	8642
5	4404	4353	4390	8643
5	4357	4308	4299	8644
5	4321	4299	4268	8645
5	4364	4303	4314	8646
5	4370	4358	4293	8647
5	4323	4314	4254	8648
5	4323	4254	4257	8649
5	4429	4335	4398	8650
5	4393	4355	4341	8651
5	4325	4302	4279	8652
5	4325	4279	4244	8653
5	4341	4306	4290	8654
5	4355	4306	4341	8655
5	4327	4297	4318	8656
5	4327	4318	4267	8657
5	4390	4357	4368	8658
5	4329	4286	4328	8659
5	4349	4249	4305	8660
5	4380	4334	4319	8661
5	4430	4348	4378	8662
5	4535	4501	4456	8663
5	4331	4330	4245	8664
5	4331	4245	4296	8665
5	4343	4258	4332	8666
5	4402	4347	4343	8667
5	4443	4391	4376	8668
5	4381	4296	4348	8669
5	4366	4285	4320	8670
5	4368	4321	4334	8671
5	4425	4338	4374	8672
5	4464	4392	4418	8673
5	4399	4289	4336	8674
5	4336	4289	4242	8675
5	4337	4336	4242	8676
5	4337	4242	4307	8677
5	4347	4262	4203	8678
5	4598	4560	4559	8679
5	4371	4309	4358	8680
5	4400	4341	4335	8681
5	4365	4316	4303	8682
5	4340	4318	4297	8683
5	4476	4433	4400	8684
5	4522	4461	4486	8685
5	4342	4288	4241	8686
5	4342	4241	4298	8687
5	4347	4311	4262	8688
5	4572	4536	4500	8689
5	4344	4312	4259	8690
5	4344	4259	4294	8691
5	4626	4537	4576	8692
5	4378	4348	4295	8693
5	4354	4307	4246	8694
5	4646	4566	4621	8695
5	4433	4393	4400	8696
5	4471	4401	4432	8697
5	4434	4339	4386	8698
5	4511	4460	4497	8699
5	4406	4363	4362	8700
5	4448	4390	4395	8701
5	4358	4309	4293	8702
5	4356	4301	4326	8703
5	4351	4350	4323	8704
5	4351	4323	4292	8705
5	4539	4495	4472	8706
5	4369	4315	4352	8707
5	4404	4396	4366	8708
5	4366	4328	4285	8709
5	4382	4361	4377	8710
5	4418	4354	4382	8711
5	4355	4351	4292	8712
5	4355	4292	4306	8713
5	4359	4339	4325	8714
5	4387	4302	4339	8715
5	4388	4304	4360	8716
5	4388	4308	4357	8717
5	4371	4356	4326	8718
5	4465	4430	4460	8719
5	4340	4352	4317	8720
5	4340	4317	4318	8721
5	4360	4272	4277	8722
5	4360	4277	4273	8723
5	4361	4354	4246	8724
5	4361	4246	4310	8725
5	4363	4305	4253	8726
5	4363	4253	4313	8727
5	4438	4395	4334	8728
5	4407	4363	4406	8729
5	4365	4340	4316	8730
5	4365	4303	4364	8731
5	4389	4369	4352	8732
5	4409	4340	4365	8733
5	4367	4271	4329	8734
5	4373	4328	4366	8735
5	4464	4442	4392	8736
5	4439	4411	4367	8737
5	4368	4357	4299	8738
5	4368	4299	4321	8739
5	4408	4365	4364	8740
5	4370	4322	4369	8741
5	4424	4408	4412	8742
5	4414	4351	4403	8743
5	4569	4563	4523	8744
5	4445	4421	4414	8745
5	4462	4411	4439	8746
5	4446	4373	4396	8747
5	4462	4435	4372	8748
5	4373	4329	4328	8749
5	4374	4338	4311	8750
5	4374	4311	4347	8751
5	4426	4375	4330	8752
5	4444	4391	4443	8753
5	4535	4431	4463	8754
5	4513	4467	4465	8755
5	4567	4493	4545	8756
5	4377	4361	4346	8757
5	4613	4577	4547	8758
5	4556	4498	4550	8759
5	4428	4377	4379	8760
5	4479	4428	4440	8761
5	4469	4439	4416	8762
5	4525	4489	4488	8763
5	4467	4420	4465	8764
5	4463	4431	4375	8765
5	4410	4342	4298	8766
5	4440	4428	4379	8767
5	4392	4307	4354	8768
5	4657	4603	4655	8769
5	4384	4362	4312	8770
5	4384	4312	4344	8771
5	4415	4358	4385	8772
5	4385	4358	4370	8773
5	4483	4450	4433	8774
5	4405	4394	4356	8775
5	4420	4397	4331	8776
5	4473	4397	4467	8777
5	4388	4357	4353	8778
5	4388	4353	4304	8779
5	4413	4369	4389	8780
5	4413	4370	4369	8781
5	4396	4373	4366	8782
5	4395	4368	4334	8783
5	4451	4407	4406	8784
5	4508	4484	4438	8785
5	4442	4337	4392	8786
5	4441	4382	4377	8787
5	4403	4355	4393	8788
5	4445	4414	4403	8789
5	4394	4386	4359	8790
5	4394	4359	4356	8791
5	4526	4484	4508	8792
5	4404	4366	4320	8793
5	4515	4467	4513	8794
5	4574	4547	4501	8795
5	4465	4420	4430	8796
5	4588	4494	4548	8797
5	4398	4335	4324	8798
5	4398	4324	4338	8799
5	4401	4343	4332	8800
5	4402	4374	4347	8801
5	4603	4539	4571	8802
5	4425	4398	4338	8803
5	4666	4610	4598	8804
5	4506	4475	4441	8805
5	4540	4509	4458	8806
5	4429	4400	4335	8807
5	4450	4393	4433	8808
5	4405	4356	4371	8809
5	4485	4448	4484	8810
5	4449	4396	4404	8811
5	4627	4568	4529	8812
5	4490	4470	4453	8813
5	4463	4375	4426	8814
5	4557	4480	4519	8815
5	4481	4444	4443	8816
5	4452	4407	4451	8817
5	4409	4352	4340	8818
5	4409	4365	4408	8819
5	4409	4408	4389	8820
5	4409	4389	4352	8821
5	4416	4367	4329	8822
5	4411	4372	4300	8823
5	4462	4372	4411	8824
5	4416	4329	4373	8825
5	4412	4408	4364	8826
5	4412	4364	4350	8827
5	4421	4412	4414	8828
5	4413	4385	4370	8829
5	4414	4412	4350	8830
5	4414	4350	4351	8831
5	4415	4405	4371	8832
5	4415	4371	4358	8833
5	4498	4439	4469	8834
5	4440	4379	4342	8835
5	4417	4378	4345	8836
5	4417	4345	4387	8837
5	4442	4383	4337	8838
5	4566	4538	4543	8839
5	4447	4415	4419	8840
5	4419	4415	4385	8841
5	4537	4502	4473	8842
5	4515	4473	4467	8843
5	4585	4529	4565	8844
5	4424	4389	4408	8845
5	4504	4472	4422	8846
5	4503	4401	4471	8847
5	4542	4525	4488	8848
5	4501	4481	4443	8849
5	4453	4419	4385	8850
5	4436	4389	4424	8851
5	4476	4400	4429	8852
5	4450	4445	4403	8853
5	4467	4397	4420	8854
5	4502	4426	4473	8855
5	4583	4530	4582	8856
5	4492	4474	4437	8857
5	4531	4496	4464	8858
5	4597	4559	4558	8859
5	4539	4472	4504	8860
5	4571	4539	4504	8861
5	4430	4420	4381	8862
5	4430	4381	4348	8863
5	4431	4376	4333	8864
5	4431	4333	4375	8865
5	4528	4504	4503	8866
5	4699	4697	4658	8867
5	4604	4539	4603	8868
5	4505	4491	4487	8869
5	4570	4544	4492	8870
5	4457	4386	4427	8871
5	4478	4440	4410	8872
5	4478	4410	4435	8873
5	4477	4424	4421	8874
5	4453	4413	4436	8875
5	4474	4394	4437	8876
5	4474	4427	4394	8877
5	4446	4416	4373	8878
5	4439	4367	4416	8879
5	4448	4404	4390	8880
5	4571	4504	4528	8881
5	4479	4440	4478	8882
5	4506	4441	4480	8883
5	4517	4478	4435	8884
5	4480	4428	4479	8885
5	4475	4382	4441	8886
5	4496	4442	4464	8887
5	4466	4406	4423	8888
5	4537	4473	4515	8889
5	4466	4451	4406	8890
5	4482	4444	4481	8891
5	4492	4437	4461	8892
5	4453	4385	4413	8893
5	4542	4488	4512	8894
5	4589	4514	4549	8895
5	4447	4437	4405	8896
5	4447	4405	4415	8897
5	4508	4438	4489	8898
5	4449	4404	4448	8899
5	4556	4516	4498	8900
5	4469	4416	4446	8901
5	4540	4458	4495	8902
5	4477	4436	4424	8903
5	4452	4380	4349	8904
5	4452	4349	4407	8905
5	4484	4448	4395	8906
5	4489	4438	4380	8907
5	4470	4419	4453	8908
5	4491	4421	4445	8909
5	4454	4432	4399	8910
5	4454	4399	4383	8911
5	4455	4417	4387	8912
5	4455	4387	4434	8913
5	4456	4443	4376	8914
5	4456	4376	4431	8915
5	4582	4530	4544	8916
5	4583	4548	4530	8917
5	4458	4429	4398	8918
5	4458	4398	4425	8919
5	4459	4454	4383	8920
5	4459	4383	4442	8921
5	4460	4430	4378	8922
5	4460	4378	4417	8923
5	4461	4437	4447	8924
5	4487	4445	4450	8925
5	4510	4468	4507	8926
5	4484	4395	4438	8927
5	4649	4622	4579	8928
5	4535	4456	4431	8929
5	4519	4480	4479	8930
5	4475	4418	4382	8931
5	4584	4532	4502	8932
5	4541	4497	4455	8933
5	4600	4542	4512	8934
5	4580	4578	4564	8935
5	4511	4465	4460	8936
5	4513	4465	4511	8937
5	4468	4446	4396	8938
5	4468	4396	4449	8939
5	4525	4508	4489	8940
5	4488	4452	4451	8941
5	4486	4419	4470	8942
5	4486	4447	4419	8943
5	4528	4503	4471	8944
5	4504	4422	4503	8945
5	4472	4458	4425	8946
5	4472	4425	4422	8947
5	4553	4511	4497	8948
5	4502	4463	4426	8949
5	4544	4474	4492	8950
5	4509	4476	4429	8951
5	4480	4441	4428	8952
5	4545	4475	4506	8953
5	4546	4492	4461	8954
5	4487	4450	4483	8955
5	4490	4436	4477	8956
5	4490	4453	4436	8957
5	4507	4468	4485	8958
5	4498	4462	4439	8959
5	4510	4469	4446	8960
5	4519	4479	4518	8961
5	4516	4435	4462	8962
5	4518	4479	4478	8963
5	4482	4423	4384	8964
5	4482	4384	4444	8965
5	4674	4659	4616	8966
5	4521	4482	4520	8967
5	4569	4523	4536	8968
5	4551	4500	4476	8969
5	4485	4449	4448	8970
5	4485	4468	4449	8971
5	4517	4435	4516	8972
5	4677	4673	4636	8973
5	4546	4461	4522	8974
5	4486	4461	4447	8975
5	4527	4490	4477	8976
5	4523	4487	4483	8977
5	4489	4452	4488	8978
5	4489	4380	4452	8979
5	4611	4561	4577	8980
5	4526	4485	4484	8981
5	4527	4477	4491	8982
5	4491	4445	4487	8983
5	4527	4470	4490	8984
5	4491	4477	4421	8985
5	4652	4609	4588	8986
5	4582	4544	4570	8987
5	4493	4464	4418	8988
5	4493	4418	4475	8989
5	4494	4455	4434	8990
5	4494	4434	4457	8991
5	4509	4429	4458	8992
5	4495	4458	4472	8993
5	4531	4464	4493	8994
5	4558	4517	4516	8995
5	4497	4460	4417	8996
5	4497	4417	4455	8997
5	4518	4478	4517	8998
5	4516	4462	4498	8999
5	4499	4471	4432	9000
5	4499	4432	4454	9001
5	4500	4483	4433	9002
5	4500	4433	4476	9003
5	4520	4482	4481	9004
5	4547	4520	4481	9005
5	4535	4463	4532	9006
5	4532	4463	4502	9007
5	4607	4495	4604	9008
5	4503	4422	4402	9009
5	4549	4459	4496	9010
5	4655	4605	4639	9011
5	4565	4505	4563	9012
5	4527	4491	4505	9013
5	4606	4531	4567	9014
5	4590	4557	4519	9015
5	4510	4446	4468	9016
5	4550	4498	4469	9017
5	4534	4508	4533	9018
5	4561	4521	4520	9019
5	4536	4483	4500	9020
5	4607	4586	4540	9021
5	4558	4516	4556	9022
5	4564	4526	4534	9023
5	4609	4608	4587	9024
5	4541	4455	4494	9025
5	4512	4488	4451	9026
5	4512	4451	4466	9027
5	4592	4555	4554	9028
5	4619	4588	4548	9029
5	4514	4499	4454	9030
5	4514	4454	4459	9031
5	4555	4513	4554	9032
5	4576	4515	4555	9033
5	4674	4616	4644	9034
5	4560	4519	4518	9035
5	4578	4552	4564	9036
5	4559	4517	4558	9037
5	4632	4595	4620	9038
5	4620	4595	4557	9039
5	4634	4597	4596	9040
5	4559	4518	4517	9041
5	4521	4466	4423	9042
5	4521	4423	4482	9043
5	4909	4870	4819	9044
5	4562	4521	4561	9045
5	4563	4505	4523	9046
5	4694	4660	4614	9047
5	4570	4492	4546	9048
5	4523	4505	4487	9049
5	4524	4522	4486	9050
5	4524	4486	4470	9051
5	4598	4559	4597	9052
5	4648	4577	4613	9053
5	4534	4526	4508	9054
5	4526	4507	4485	9055
5	4568	4546	4522	9056
5	4527	4524	4470	9057
5	4617	4536	4572	9058
5	4754	4739	4744	9059
5	4565	4529	4524	9060
5	4536	4523	4483	9061
5	4777	4719	4774	9062
5	4530	4457	4427	9063
5	4567	4531	4493	9064
5	4589	4543	4514	9065
5	4648	4611	4577	9066
5	4626	4584	4537	9067
5	4613	4547	4574	9068
5	4576	4537	4515	9069
5	4560	4518	4559	9070
5	4550	4469	4510	9071
5	4579	4533	4525	9072
5	4547	4481	4501	9073
5	4658	4607	4604	9074
5	4664	4624	4641	9075
5	4584	4502	4537	9076
5	4711	4675	4685	9077
5	4538	4528	4471	9078
5	4538	4471	4499	9079
5	4647	4614	4586	9080
5	4586	4509	4540	9081
5	4586	4551	4509	9082
5	4551	4476	4509	9083
5	4554	4511	4553	9084
5	4609	4587	4541	9085
5	4611	4599	4561	9086
5	4649	4579	4637	9087
5	4543	4538	4499	9088
5	4543	4499	4514	9089
5	4544	4530	4427	9090
5	4544	4427	4474	9091
5	4712	4646	4693	9092
5	4606	4575	4531	9093
5	4607	4540	4495	9094
5	4615	4563	4569	9095
5	4574	4501	4535	9096
5	4880	4848	4845	9097
5	4588	4541	4494	9098
5	4548	4494	4457	9099
5	4621	4566	4543	9100
5	4549	4514	4459	9101
5	4596	4556	4594	9102
5	4590	4519	4560	9103
5	4572	4500	4551	9104
5	4678	4650	4615	9105
5	4552	4550	4510	9106
5	4552	4510	4507	9107
5	4777	4753	4719	9108
5	4592	4554	4591	9109
5	4619	4548	4583	9110
5	4591	4554	4553	9111
5	4651	4576	4618	9112
5	4745	4726	4741	9113
5	4593	4552	4578	9114
5	4632	4545	4595	9115
5	4620	4557	4590	9116
5	4557	4506	4480	9117
5	4579	4525	4542	9118
5	4595	4506	4557	9119
5	4593	4550	4552	9120
5	4594	4556	4550	9121
5	4666	4598	4635	9122
5	4596	4558	4556	9123
5	4562	4512	4466	9124
5	4562	4466	4521	9125
5	4902	4828	4866	9126
5	4677	4636	4640	9127
5	4568	4522	4529	9128
5	4585	4565	4563	9129
5	4564	4552	4507	9130
5	4564	4507	4526	9131
5	4565	4524	4527	9132
5	4565	4527	4505	9133
5	4621	4543	4589	9134
5	4716	4686	4667	9135
5	4681	4645	4610	9136
5	4712	4676	4646	9137
5	4609	4541	4588	9138
5	4625	4582	4624	9139
5	4779	4720	4746	9140
5	4641	4624	4602	9141
5	4624	4570	4602	9142
5	4617	4569	4536	9143
5	4581	4538	4566	9144
5	4604	4495	4539	9145
5	4650	4627	4585	9146
5	4655	4603	4605	9147
5	4574	4535	4573	9148
5	4573	4535	4532	9149
5	4599	4562	4561	9150
5	4763	4734	4689	9151
5	4575	4549	4496	9152
5	4575	4496	4531	9153
5	4638	4612	4584	9154
5	4665	4591	4608	9155
5	4577	4561	4520	9156
5	4577	4520	4547	9157
5	4580	4564	4534	9158
5	4622	4533	4579	9159
5	4630	4578	4623	9160
5	4580	4534	4533	9161
5	4690	4611	4648	9162
5	4622	4580	4533	9163
5	4581	4571	4528	9164
5	4581	4528	4538	9165
5	4732	4663	4703	9166
5	4678	4615	4643	9167
5	4703	4625	4664	9168
5	4701	4641	4661	9169
5	4638	4584	4626	9170
5	4747	4679	4713	9171
5	4615	4585	4563	9172
5	4627	4529	4585	9173
5	4667	4567	4632	9174
5	4693	4646	4621	9175
5	4587	4553	4497	9176
5	4587	4497	4541	9177
5	4713	4679	4654	9178
5	4653	4608	4609	9179
5	4715	4693	4642	9180
5	4776	4742	4709	9181
5	4736	4645	4681	9182
5	4707	4666	4635	9183
5	4704	4653	4696	9184
5	4766	4695	4727	9185
5	4848	4810	4845	9186
5	4713	4654	4675	9187
5	4597	4558	4596	9188
5	4594	4550	4593	9189
5	4662	4580	4622	9190
5	4623	4578	4580	9191
5	4667	4606	4567	9192
5	4595	4545	4506	9193
5	4630	4593	4578	9194
5	4631	4593	4630	9195
5	4709	4672	4671	9196
5	4635	4598	4597	9197
5	4631	4594	4593	9198
5	4633	4596	4594	9199
5	4600	4562	4599	9200
5	4600	4512	4562	9201
5	4633	4594	4631	9202
5	4637	4579	4542	9203
5	4601	4581	4566	9204
5	4676	4601	4646	9205
5	4602	4570	4546	9206
5	4602	4546	4568	9207
5	4698	4655	4682	9208
5	4768	4678	4725	9209
5	4657	4604	4603	9210
5	4650	4585	4615	9211
5	4605	4603	4571	9212
5	4605	4571	4581	9213
5	4628	4549	4575	9214
5	4716	4667	4680	9215
5	4647	4586	4607	9216
5	4646	4601	4566	9217
5	4608	4591	4553	9218
5	4608	4553	4587	9219
5	4717	4650	4678	9220
5	4625	4583	4582	9221
5	4610	4590	4560	9222
5	4610	4560	4598	9223
5	4735	4690	4695	9224
5	4636	4600	4599	9225
5	4612	4573	4532	9226
5	4612	4532	4584	9227
5	4640	4636	4599	9228
5	4719	4644	4683	9229
5	4614	4572	4551	9230
5	4614	4551	4586	9231
5	4660	4617	4572	9232
5	4661	4568	4627	9233
5	4616	4613	4574	9234
5	4616	4574	4573	9235
5	4725	4678	4643	9236
5	4643	4569	4617	9237
5	4618	4576	4555	9238
5	4618	4555	4592	9239
5	4652	4588	4619	9240
5	4683	4644	4612	9241
5	4671	4634	4633	9242
5	4749	4681	4729	9243
5	4676	4639	4601	9244
5	4628	4589	4549	9245
5	4932	4873	4888	9246
5	4742	4672	4709	9247
5	4640	4599	4611	9248
5	4687	4662	4622	9249
5	4775	4724	4740	9250
5	4797	4758	4732	9251
5	4720	4703	4664	9252
5	4643	4615	4569	9253
5	4689	4626	4651	9254
5	4763	4689	4651	9255
5	4663	4583	4625	9256
5	4661	4641	4602	9257
5	4714	4656	4686	9258
5	4680	4632	4620	9259
5	4629	4592	4591	9260
5	4665	4629	4591	9261
5	4803	4728	4761	9262
5	4634	4596	4633	9263
5	4669	4633	4631	9264
5	4635	4597	4634	9265
5	4681	4610	4666	9266
5	4632	4567	4545	9267
5	4672	4634	4671	9268
5	4687	4622	4649	9269
5	4668	4631	4630	9270
5	4730	4670	4692	9271
5	4709	4671	4708	9272
5	4672	4635	4634	9273
5	4637	4600	4636	9274
5	4637	4542	4600	9275
5	4662	4623	4580	9276
5	4680	4667	4632	9277
5	4651	4626	4576	9278
5	4755	4675	4711	9279
5	4639	4605	4601	9280
5	4849	4781	4823	9281
5	4752	4718	4735	9282
5	4814	4777	4774	9283
5	4764	4748	4737	9284
5	4660	4572	4614	9285
5	4642	4621	4589	9286
5	4642	4589	4628	9287
5	4739	4698	4710	9288
5	4684	4617	4660	9289
5	4644	4616	4573	9290
5	4644	4573	4612	9291
5	4645	4620	4590	9292
5	4645	4590	4610	9293
5	4693	4621	4642	9294
5	4849	4829	4781	9295
5	4699	4657	4698	9296
5	4684	4643	4617	9297
5	4722	4662	4687	9298
5	4690	4640	4611	9299
5	4708	4669	4705	9300
5	4723	4649	4673	9301
5	4724	4688	4701	9302
5	4661	4602	4568	9303
5	4794	4713	4755	9304
5	4683	4612	4638	9305
5	4665	4608	4653	9306
5	4653	4609	4652	9307
5	4704	4665	4653	9308
5	4704	4685	4665	9309
5	4654	4618	4592	9310
5	4654	4592	4629	9311
5	4698	4657	4655	9312
5	4658	4604	4657	9313
5	4656	4628	4575	9314
5	4656	4575	4606	9315
5	4748	4721	4737	9316
5	4658	4647	4607	9317
5	4799	4784	4748	9318
5	4829	4756	4781	9319
5	4659	4648	4613	9320
5	4659	4613	4616	9321
5	4757	4684	4721	9322
5	4821	4790	4750	9323
5	4700	4627	4650	9324
5	4700	4661	4627	9325
5	4669	4631	4668	9326
5	4671	4633	4669	9327
5	4702	4619	4663	9328
5	4663	4619	4583	9329
5	4801	4741	4773	9330
5	4664	4625	4624	9331
5	4778	4651	4679	9332
5	4877	4779	4817	9333
5	4729	4666	4707	9334
5	4759	4715	4691	9335
5	4715	4642	4691	9336
5	4714	4691	4656	9337
5	4735	4718	4690	9338
5	4820	4783	4776	9339
5	4761	4718	4752	9340
5	4707	4635	4672	9341
5	4670	4668	4630	9342
5	4670	4630	4623	9343
5	4762	4729	4707	9344
5	4692	4623	4662	9345
5	4731	4708	4705	9346
5	4762	4707	4742	9347
5	4673	4649	4637	9348
5	4673	4637	4636	9349
5	4774	4683	4734	9350
5	4878	4803	4841	9351
5	4675	4654	4629	9352
5	4703	4663	4625	9353
5	4838	4805	4816	9354
5	4836	4795	4744	9355
5	4921	4858	4881	9356
5	4803	4761	4780	9357
5	4732	4702	4663	9358
5	4771	4726	4745	9359
5	4679	4651	4618	9360
5	4679	4618	4654	9361
5	5001	4966	4941	9362
5	4680	4620	4645	9363
5	4765	4686	4716	9364
5	4708	4671	4669	9365
5	4682	4655	4639	9366
5	4733	4682	4639	9367
5	4842	4747	4819	9368
5	4719	4674	4644	9369
5	5058	5001	5021	9370
5	4694	4614	4647	9371
5	4685	4675	4629	9372
5	4685	4629	4665	9373
5	4686	4656	4606	9374
5	4686	4606	4667	9375
5	4692	4670	4623	9376
5	4705	4669	4668	9377
5	4688	4664	4641	9378
5	4757	4721	4748	9379
5	4734	4638	4689	9380
5	4689	4638	4626	9381
5	4766	4735	4695	9382
5	4807	4788	4769	9383
5	4691	4642	4628	9384
5	4691	4628	4656	9385
5	4765	4714	4686	9386
5	4772	4716	4680	9387
5	4733	4639	4676	9388
5	4836	4744	4785	9389
5	4751	4732	4703	9390
5	5133	5060	5082	9391
5	4695	4690	4648	9392
5	4695	4648	4659	9393
5	4696	4653	4652	9394
5	4779	4751	4720	9395
5	4697	4694	4647	9396
5	4697	4647	4658	9397
5	4699	4658	4657	9398
5	4965	4937	4909	9399
5	4790	4733	4750	9400
5	4764	4738	4754	9401
5	4701	4661	4700	9402
5	4701	4688	4641	9403
5	4916	4911	4913	9404
5	4905	4817	4857	9405
5	4702	4696	4652	9406
5	4702	4652	4619	9407
5	4720	4664	4688	9408
5	4809	4746	4724	9409
5	5095	232	5043	9410
5	4981	4951	4975	9411
5	4761	4677	4718	9412
5	4731	4705	4706	9413
5	4706	4705	4668	9414
5	4706	4668	4670	9415
5	4742	4707	4672	9416
5	4729	4681	4666	9417
5	4851	4835	4834	9418
5	4854	4783	4820	9419
5	4807	4767	4788	9420
5	4789	4769	4788	9421
5	4710	4698	4682	9422
5	4770	4682	4733	9423
5	4822	4794	4755	9424
5	5012	4946	4988	9425
5	4885	4816	4865	9426
5	4947	4888	4934	9427
5	4855	4822	4787	9428
5	4794	4747	4713	9429
5	4772	4680	4736	9430
5	4886	4849	4823	9431
5	4756	4712	4693	9432
5	4770	4710	4682	9433
5	4826	4796	4765	9434
5	4749	4736	4681	9435
5	4740	4724	4701	9436
5	4717	4700	4650	9437
5	4718	4677	4640	9438
5	4718	4640	4690	9439
5	4856	4841	4780	9440
5	4864	4791	4824	9441
5	4901	4813	4837	9442
5	4751	4703	4720	9443
5	4721	4684	4660	9444
5	4721	4660	4694	9445
5	4730	4706	4670	9446
5	4722	4692	4662	9447
5	4723	4722	4687	9448
5	4723	4687	4649	9449
5	4740	4700	4717	9450
5	4725	4643	4684	9451
5	4740	4701	4700	9452
5	4818	4784	4799	9453
5	4726	4711	4685	9454
5	4726	4685	4704	9455
5	4727	4695	4659	9456
5	4727	4659	4674	9457
5	4728	4723	4673	9458
5	4728	4673	4677	9459
5	4783	4742	4776	9460
5	4736	4680	4645	9461
5	4743	4708	4731	9462
5	4731	4706	4730	9463
5	4858	4793	4835	9464
5	4793	4776	4743	9465
5	4758	4702	4732	9466
5	4850	4846	4812	9467
5	4756	4693	4715	9468
5	4785	4710	4770	9469
5	4774	4719	4683	9470
5	4734	4683	4638	9471
5	4791	4735	4766	9472
5	4883	4864	4824	9473
5	4806	4716	4772	9474
5	4879	4806	4843	9475
5	4737	4721	4694	9476
5	4737	4694	4697	9477
5	4738	4737	4697	9478
5	4738	4697	4699	9479
5	4739	4738	4699	9480
5	4739	4699	4698	9481
5	4799	4748	4764	9482
5	4757	4725	4684	9483
5	4741	4726	4704	9484
5	4741	4704	4696	9485
5	4793	4743	4760	9486
5	4767	4723	4728	9487
5	4776	4709	4743	9488
5	4743	4709	4708	9489
5	4744	4739	4710	9490
5	4785	4744	4710	9491
5	4773	4741	4696	9492
5	4859	4785	4815	9493
5	4746	4720	4688	9494
5	4746	4688	4724	9495
5	4833	4763	4778	9496
5	4755	4713	4675	9497
5	4754	4738	4739	9498
5	4805	4754	4795	9499
5	4811	4736	4749	9500
5	4806	4765	4716	9501
5	4750	4733	4676	9502
5	4750	4676	4712	9503
5	4758	4696	4702	9504
5	4801	4745	4741	9505
5	4778	4679	4747	9506
5	4875	4842	4870	9507
5	4753	4727	4674	9508
5	4753	4674	4719	9509
5	4764	4737	4738	9510
5	4890	4853	4818	9511
5	4771	4711	4726	9512
5	4982	4959	4919	9513
5	5128	5067	5084	9514
5	4759	4691	4714	9515
5	4800	4775	4786	9516
5	4768	4717	4678	9517
5	4773	4696	4758	9518
5	4845	4810	4745	9519
5	4914	4897	4849	9520
5	4821	4750	4782	9521
5	4760	4743	4731	9522
5	4789	4730	4769	9523
5	4803	4767	4728	9524
5	4761	4728	4677	9525
5	4820	4776	4793	9526
5	4918	4889	4896	9527
5	4804	4774	4734	9528
5	4798	4727	4753	9529
5	4923	4867	4908	9530
5	4784	4757	4748	9531
5	4904	4827	4863	9532
5	4915	4852	4882	9533
5	4804	4734	4763	9534
5	4828	4753	4777	9535
5	4791	4752	4735	9536
5	4807	4723	4767	9537
5	4808	4725	4757	9538
5	4892	4857	4825	9539
5	4769	4730	4692	9540
5	4769	4692	4722	9541
5	4790	4770	4733	9542
5	4903	4879	4843	9543
5	4855	4787	4830	9544
5	5078	5043	232	9545
5	4826	4765	4806	9546
5	4831	4762	4783	9547
5	4797	4732	4751	9548
5	4812	4758	4797	9549
5	4978	4939	4902	9550
5	4814	4774	4804	9551
5	4825	4809	4775	9552
5	4809	4724	4775	9553
5	4783	4762	4742	9554
5	4835	4793	4760	9555
5	4798	4766	4727	9556
5	4864	4832	4791	9557
5	4833	4804	4763	9558
5	4778	4763	4651	9559
5	4850	4812	4813	9560
5	4837	4751	4779	9561
5	4780	4761	4752	9562
5	5000	4958	4940	9563
5	4781	4756	4715	9564
5	4781	4715	4759	9565
5	4782	4750	4712	9566
5	4782	4712	4756	9567
5	4941	4904	4863	9568
5	4992	4922	4963	9569
5	4786	4717	4768	9570
5	4808	4768	4725	9571
5	4829	4782	4756	9572
5	4872	4825	4775	9573
5	4786	4775	4740	9574
5	4786	4740	4717	9575
5	4787	4755	4711	9576
5	4787	4711	4771	9577
5	4802	4760	4731	9578
5	4789	4731	4730	9579
5	4802	4731	4789	9580
5	4834	4760	4802	9581
5	5028	4950	4993	9582
5	4873	4790	4821	9583
5	4891	4841	4856	9584
5	4866	4777	4814	9585
5	4792	4749	4729	9586
5	4792	4729	4762	9587
5	4835	4760	4834	9588
5	4827	4811	4749	9589
5	4847	4794	4822	9590
5	4948	4898	4937	9591
5	4795	4754	4744	9592
5	4865	4795	4836	9593
5	4796	4759	4714	9594
5	4796	4714	4765	9595
5	4890	4818	4867	9596
5	5062	5013	5008	9597
5	4982	4919	4956	9598
5	4828	4798	4753	9599
5	4865	4816	4795	9600
5	4867	4818	4838	9601
5	4800	4786	4768	9602
5	4808	4800	4768	9603
5	4906	4865	4836	9604
5	4845	4745	4801	9605
5	4839	4789	4788	9606
5	4966	4904	4941	9607
5	4922	4854	4893	9608
5	4840	4767	4803	9609
5	4871	4804	4833	9610
5	4871	4814	4804	9611
5	4805	4799	4764	9612
5	4805	4764	4754	9613
5	4811	4772	4736	9614
5	4914	4849	4886	9615
5	4807	4769	4722	9616
5	4807	4722	4723	9617
5	4808	4757	4784	9618
5	4844	4808	4784	9619
5	4924	4882	4879	9620
5	4837	4797	4751	9621
5	4810	4771	4745	9622
5	4905	4877	4817	9623
5	4831	4792	4762	9624
5	4895	4831	4854	9625
5	4846	4773	4812	9626
5	4812	4773	4758	9627
5	4813	4812	4797	9628
5	4837	4813	4797	9629
5	4998	4925	4972	9630
5	4894	4856	4832	9631
5	4815	4785	4770	9632
5	4815	4770	4790	9633
5	4816	4805	4795	9634
5	5069	4984	5011	9635
5	4817	4779	4746	9636
5	4817	4746	4809	9637
5	4913	4853	4890	9638
5	4933	4880	4899	9639
5	4819	4747	4794	9640
5	4822	4755	4787	9641
5	4854	4831	4783	9642
5	4843	4772	4811	9643
5	4873	4815	4790	9644
5	4906	4836	4859	9645
5	4847	4819	4794	9646
5	4972	4925	4898	9647
5	4823	4781	4759	9648
5	4823	4759	4796	9649
5	4824	4791	4766	9650
5	4824	4766	4798	9651
5	4916	4913	4890	9652
5	4857	4817	4809	9653
5	4958	4903	4940	9654
5	4827	4749	4792	9655
5	4903	4843	4874	9656
5	4904	4874	4827	9657
5	5076	5025	5071	9658
5	4972	4898	4948	9659
5	4879	4826	4806	9660
5	5047	5004	5017	9661
5	4830	4787	4771	9662
5	4830	4771	4810	9663
5	4895	4863	4831	9664
5	4858	4820	4793	9665
5	4832	4780	4752	9666
5	4832	4752	4791	9667
5	4866	4828	4777	9668
5	4925	4871	4875	9669
5	4876	4788	4840	9670
5	4840	4788	4767	9671
5	4856	4780	4832	9672
5	4928	4841	4891	9673
5	4859	4836	4785	9674
5	4897	4829	4849	9675
5	4951	4933	4938	9676
5	4877	4837	4779	9677
5	4838	4818	4799	9678
5	4838	4799	4805	9679
5	4839	4834	4802	9680
5	4839	4802	4789	9681
5	5143	5129	5081	9682
5	4921	4893	4858	9683
5	5044	4992	5024	9684
5	4841	4803	4780	9685
5	4842	4833	4778	9686
5	4842	4778	4747	9687
5	4886	4823	4852	9688
5	4843	4806	4772	9689
5	4997	4914	4954	9690
5	4844	4800	4808	9691
5	5144	5104	5115	9692
5	4861	4810	4848	9693
5	4899	4801	4846	9694
5	4846	4801	4773	9695
5	5077	5057	5014	9696
5	4925	4875	4898	9697
5	5037	4957	4994	9698
5	4942	4907	4848	9699
5	4941	4863	4895	9700
5	5004	4932	4947	9701
5	4901	4837	4877	9702
5	4857	4809	4825	9703
5	4939	4860	4902	9704
5	5060	5015	4996	9705
5	4852	4823	4796	9706
5	4852	4796	4826	9707
5	4853	4844	4784	9708
5	4853	4784	4818	9709
5	4958	4924	4903	9710
5	4924	4879	4903	9711
5	4861	4830	4810	9712
5	5078	232	233	9713
5	4960	4920	4889	9714
5	5015	4983	4960	9715
5	4976	4905	4929	9716
5	4929	4857	4892	9717
5	4960	4889	4918	9718
5	4889	4851	4869	9719
5	5006	4935	4976	9720
5	5047	5018	5004	9721
5	4860	4824	4798	9722
5	4860	4798	4828	9723
5	5117	233	234	9724
5	4961	4880	4933	9725
5	4862	4821	4782	9726
5	4862	4782	4829	9727
5	4863	4827	4792	9728
5	4863	4792	4831	9729
5	5005	4948	4937	9730
5	4883	4824	4860	9731
5	4932	4900	4873	9732
5	4923	4890	4867	9733
5	4910	4866	4814	9734
5	4996	4918	4974	9735
5	4885	4868	4816	9736
5	4908	4867	4868	9737
5	4868	4867	4838	9738
5	4868	4838	4816	9739
5	4869	4851	4834	9740
5	4869	4834	4839	9741
5	4870	4842	4819	9742
5	4909	4819	4847	9743
5	4937	4898	4870	9744
5	4910	4814	4871	9745
5	4872	4775	4800	9746
5	5017	4947	4984	9747
5	4897	4862	4829	9748
5	4954	4914	4886	9749
5	4874	4843	4811	9750
5	4874	4811	4827	9751
5	4875	4871	4833	9752
5	4875	4833	4842	9753
5	4876	4869	4839	9754
5	4876	4839	4788	9755
5	4987	4971	4977	9756
5	4929	4905	4857	9757
5	4928	4912	4878	9758
5	4878	4840	4803	9759
5	4872	4800	4844	9760
5	4913	4844	4853	9761
5	4988	4946	4957	9762
5	4899	4846	4850	9763
5	4881	4858	4835	9764
5	4881	4835	4851	9765
5	4882	4852	4826	9766
5	4882	4826	4879	9767
5	5042	4972	5009	9768
5	4894	4832	4864	9769
5	4884	4847	4822	9770
5	4884	4822	4855	9771
5	5093	5047	5017	9772
5	5079	5050	5016	9773
5	4915	4886	4852	9774
5	4934	4888	4862	9775
5	4887	4855	4830	9776
5	4887	4830	4861	9777
5	4888	4873	4821	9778
5	4888	4821	4862	9779
5	4928	4878	4841	9780
5	5163	5120	5160	9781
5	5080	5063	5028	9782
5	4975	4901	4935	9783
5	4912	4840	4878	9784
5	5106	5066	5073	9785
5	5038	4971	4987	9786
5	5080	5028	5050	9787
5	4893	4854	4820	9788
5	4893	4820	4858	9789
5	4936	4864	4883	9790
5	4936	4894	4864	9791
5	5044	5021	4992	9792
5	4922	4895	4854	9793
5	4896	4889	4869	9794
5	4896	4869	4876	9795
5	5090	5011	5053	9796
5	4964	4934	4897	9797
5	4898	4875	4870	9798
5	4965	4909	4917	9799
5	4899	4880	4845	9800
5	4899	4845	4801	9801
5	4900	4859	4815	9802
5	4900	4815	4873	9803
5	4938	4850	4901	9804
5	4901	4850	4813	9805
5	4944	4866	4910	9806
5	4902	4860	4828	9807
5	4940	4903	4874	9808
5	5031	4966	5001	9809
5	4940	4874	4904	9810
5	4967	4895	4922	9811
5	5022	4968	4995	9812
5	4916	4892	4911	9813
5	5156	215	216	9814
5	5050	5028	4993	9815
5	4907	4861	4848	9816
5	4942	4848	4880	9817
5	4943	4908	4868	9818
5	4943	4868	4885	9819
5	4937	4870	4909	9820
5	5046	4980	5012	9821
5	5200	5143	5176	9822
5	4944	4910	4925	9823
5	4911	4892	4825	9824
5	4911	4825	4872	9825
5	4912	4896	4876	9826
5	4912	4876	4840	9827
5	4913	4911	4872	9828
5	4913	4872	4844	9829
5	5035	4997	4954	9830
5	4934	4862	4897	9831
5	5007	4924	4958	9832
5	4964	4897	4914	9833
5	4994	4942	4961	9834
5	4990	4929	4973	9835
5	4917	4909	4847	9836
5	4917	4847	4884	9837
5	4939	4883	4860	9838
5	4952	4891	4927	9839
5	4919	4884	4855	9840
5	4919	4855	4887	9841
5	4920	4881	4851	9842
5	4920	4851	4889	9843
5	5143	5081	5133	9844
5	5082	5060	5026	9845
5	4966	4940	4904	9846
5	5052	5024	4991	9847
5	4995	4968	4923	9848
5	4995	4923	4971	9849
5	4967	4941	4895	9850
5	5103	5010	5056	9851
5	5054	5039	5042	9852
5	4925	4910	4871	9853
5	4926	4885	4865	9854
5	4926	4865	4906	9855
5	4927	4891	4856	9856
5	4927	4856	4894	9857
5	4928	4896	4912	9858
5	5070	5054	5009	9859
5	4973	4892	4916	9860
5	4935	4877	4905	9861
5	4930	4906	4859	9862
5	4930	4859	4900	9863
5	4931	4887	4861	9864
5	4931	4861	4907	9865
5	5170	5153	5124	9866
5	4928	4918	4896	9867
5	4961	4942	4880	9868
5	4935	4901	4877	9869
5	4997	4964	4914	9870
5	4947	4932	4888	9871
5	4976	4935	4905	9872
5	4973	4929	4892	9873
5	4974	4891	4952	9874
5	5026	4974	4952	9875
5	5013	4965	5008	9876
5	5039	4985	4978	9877
5	4938	4933	4899	9878
5	4938	4899	4850	9879
5	5102	5054	5100	9880
5	5034	4970	4985	9881
5	5101	5021	5044	9882
5	5114	5084	5059	9883
5	5001	4941	4967	9884
5	4996	4960	4918	9885
5	5012	4980	4946	9886
5	5032	4961	5003	9887
5	5002	4943	4950	9888
5	5022	4916	4968	9889
5	4978	4902	4944	9890
5	4944	4902	4866	9891
5	4945	4915	4882	9892
5	4945	4882	4924	9893
5	4946	4931	4907	9894
5	5003	4933	4951	9895
5	5028	5002	4950	9896
5	5004	4962	4932	9897
5	5005	4937	4965	9898
5	5111	5077	235	9899
5	4949	4927	4894	9900
5	4949	4894	4936	9901
5	4950	4943	4885	9902
5	4950	4885	4926	9903
5	5091	5033	5066	9904
5	5006	4981	4975	9905
5	5026	4996	4974	9906
5	5055	5034	4985	9907
5	4953	4921	4881	9908
5	4953	4881	4920	9909
5	4979	4915	4945	9910
5	4979	4955	4915	9911
5	4955	4954	4886	9912
5	4955	4886	4915	9913
5	4956	4919	4887	9914
5	4956	4887	4931	9915
5	4957	4946	4907	9916
5	4957	4907	4942	9917
5	5085	5031	5058	9918
5	5067	4979	5030	9919
5	4959	4917	4884	9920
5	4959	4884	4919	9921
5	5060	4996	5026	9922
5	5031	5000	4966	9923
5	5141	5061	5105	9924
5	5003	4961	4933	9925
5	4962	4930	4900	9926
5	4962	4900	4932	9927
5	4963	4922	4893	9928
5	4963	4893	4921	9929
5	5175	212	213	9930
5	5132	5069	5090	9931
5	5171	239	5148	9932
5	5040	4948	5005	9933
5	5000	4940	4966	9934
5	5059	5030	5007	9935
5	5024	4963	4991	9936
5	4992	4967	4922	9937
5	4968	4916	4890	9938
5	4968	4890	4923	9939
5	4969	4926	4906	9940
5	4969	4906	4930	9941
5	4970	4936	4883	9942
5	4970	4883	4939	9943
5	4971	4923	4908	9944
5	5097	5019	5049	9945
5	4998	4944	4925	9946
5	5144	5116	5104	9947
5	5006	4975	4935	9948
5	5049	5019	5022	9949
5	4974	4918	4928	9950
5	4974	4928	4891	9951
5	4975	4951	4938	9952
5	4975	4938	4901	9953
5	5187	243	5160	9954
5	5033	4981	5006	9955
5	4977	4971	4908	9956
5	4977	4908	4943	9957
5	5086	5070	5040	9958
5	5034	4999	4970	9959
5	5035	4954	5027	9960
5	5059	5007	5010	9961
5	4980	4956	4931	9962
5	4980	4931	4946	9963
5	4990	4976	4929	9964
5	5065	4981	5033	9965
5	5111	5057	5077	9966
5	5057	5036	4982	9967
5	4983	4953	4920	9968
5	4983	4920	4960	9969
5	4984	4947	4934	9970
5	4984	4934	4964	9971
5	4985	4970	4939	9972
5	4985	4939	4978	9973
5	4986	4952	4927	9974
5	4986	4927	4949	9975
5	5002	4977	4943	9976
5	5050	4993	5016	9977
5	5105	5029	5065	9978
5	5037	4988	4957	9979
5	4989	4969	4930	9980
5	4989	4930	4962	9981
5	5065	5029	4981	9982
5	5066	5033	5041	9983
5	4991	4963	4921	9984
5	4991	4921	4953	9985
5	5025	4953	4983	9986
5	5071	4983	5015	9987
5	4993	4950	4926	9988
5	4993	4926	4969	9989
5	5204	213	214	9990
5	4994	4957	4942	9991
5	5038	4995	4971	9992
5	5070	5009	5040	9993
5	5015	4960	4996	9994
5	5026	4952	4986	9995
5	5017	5004	4947	9996
5	5172	5156	216	9997
5	5039	4978	4998	9998
5	4998	4978	4944	9999
5	4999	4949	4936	10000
5	4999	4936	4970	10001
5	5108	5074	5027	10002
5	5007	4945	4924	10003
5	5024	4992	4963	10004
5	5225	5200	5218	10005
5	5068	4987	5020	10006
5	5150	5079	5110	10007
5	5032	4994	4961	10008
5	5094	4994	5032	10009
5	5069	5017	4984	10010
5	5090	5069	5011	10011
5	5013	5005	4965	10012
5	5040	5009	4948	10013
5	5041	4976	4990	10014
5	5091	5065	5033	10015
5	5112	5099	5074	10016
5	5056	5000	5031	10017
5	5008	4965	4917	10018
5	5008	4917	4959	10019
5	5055	4985	5039	10020
5	5009	4972	4948	10021
5	5010	5007	4958	10022
5	5010	4958	5000	10023
5	5011	4984	4964	10024
5	5011	4964	4997	10025
5	5014	4982	4956	10026
5	5014	4956	4980	10027
5	5221	5203	245	10028
5	5116	5064	5104	10029
5	5117	5078	233	10030
5	5077	5014	5046	10031
5	5118	5044	5089	10032
5	5025	4991	4953	10033
5	5016	4993	4969	10034
5	5016	4969	4989	10035
5	5142	5135	5093	10036
5	5175	5142	5132	10037
5	5018	4989	4962	10038
5	5018	4962	5004	10039
5	5019	4990	4973	10040
5	5073	4990	5019	10041
5	5020	4987	4977	10042
5	5020	4977	5002	10043
5	5021	5001	4967	10044
5	5021	4967	4992	10045
5	5022	5019	4973	10046
5	5022	4973	4916	10047
5	5023	4986	4949	10048
5	5023	4949	4999	10049
5	5188	5119	5154	10050
5	5056	5010	5000	10051
5	5071	5025	4983	10052
5	5052	4991	5025	10053
5	5120	5083	5102	10054
5	5082	5026	5045	10055
5	5027	4954	4955	10056
5	5027	4955	4979	10057
5	5079	5016	5048	10058
5	5216	228	5179	10059
5	5029	5003	4951	10060
5	5029	4951	4981	10061
5	5030	4979	4945	10062
5	5030	4945	5007	10063
5	5081	5015	5060	10064
5	5058	5031	5001	10065
5	5121	5088	5094	10066
5	5095	5043	5072	10067
5	5198	222	5194	10068
5	5123	5091	5066	10069
5	5126	5051	5083	10070
5	5173	5145	5163	10071
5	5125	5053	5099	10072
5	5125	5090	5053	10073
5	5036	5008	4959	10074
5	5036	4959	4982	10075
5	5136	231	5095	10076
5	5204	5175	213	10077
5	5075	5038	4987	10078
5	5049	4995	5038	10079
5	5126	5098	5051	10080
5	5055	5039	5054	10081
5	5102	5055	5054	10082
5	5100	5054	5070	10083
5	5041	5033	5006	10084
5	5041	5006	4976	10085
5	5042	5039	4998	10086
5	5042	4998	4972	10087
5	5043	5012	4988	10088
5	5095	231	232	10089
5	5119	5085	5058	10090
5	5169	5085	5119	10091
5	5045	5026	4986	10092
5	5045	4986	5023	10093
5	5057	4982	5014	10094
5	5046	5014	4980	10095
5	5172	5150	5110	10096
5	5127	5050	5079	10097
5	5048	5016	4989	10098
5	5048	4989	5018	10099
5	5182	209	210	10100
5	5181	5161	5167	10101
5	5127	5080	5050	10102
5	5172	5110	5156	10103
5	5051	5023	4999	10104
5	5051	4999	5034	10105
5	5076	5052	5025	10106
5	5118	5101	5044	10107
5	5053	5011	4997	10108
5	5053	4997	5035	10109
5	5054	5042	5009	10110
5	5086	5040	5064	10111
5	5163	5126	5120	10112
5	5193	243	244	10113
5	5067	5027	4979	10114
5	5103	5059	5010	10115
5	5133	5081	5060	10116
5	5062	5008	5036	10117
5	5085	5056	5031	10118
5	5199	5146	5190	10119
5	5101	5058	5021	10120
5	5149	5125	5099	10121
5	5212	5170	5201	10122
5	5218	5200	5176	10123
5	5061	5032	5003	10124
5	5061	5003	5029	10125
5	5115	5062	5087	10126
5	5115	5104	5062	10127
5	5063	5020	5002	10128
5	5063	5002	5028	10129
5	5064	5040	5005	10130
5	5064	5005	5013	10131
5	5094	5032	5061	10132
5	5130	5065	5091	10133
5	5164	5131	5107	10134
5	5049	5022	4995	10135
5	5108	5027	5067	10136
5	5215	209	5162	10137
5	5137	5063	5080	10138
5	5131	5068	5107	10139
5	5132	5093	5069	10140
5	5175	5132	5155	10141
5	5075	4987	5068	10142
5	5106	5073	5097	10143
5	5196	5176	5153	10144
5	5081	5071	5015	10145
5	5072	5043	4988	10146
5	5072	4988	5037	10147
5	5073	5066	5041	10148
5	5073	5041	4990	10149
5	5074	5035	5027	10150
5	5206	5162	5128	10151
5	5097	5073	5019	10152
5	5122	5075	5096	10153
5	5089	5044	5024	10154
5	5089	5024	5052	10155
5	5117	5046	5078	10156
5	5077	234	235	10157
5	5078	5046	5012	10158
5	5078	5012	5043	10159
5	5150	5127	5079	10160
5	5151	5137	5080	10161
5	5151	5080	5127	10162
5	5131	5096	5068	10163
5	5176	5143	5133	10164
5	5152	5113	5076	10165
5	5168	5139	5100	10166
5	5227	5218	5196	10167
5	5083	5051	5034	10168
5	5083	5034	5055	10169
5	5084	5067	5030	10170
5	5084	5030	5059	10171
5	5157	5114	5103	10172
5	5114	5059	5103	10173
5	5138	5070	5086	10174
5	5102	5083	5055	10175
5	5087	5062	5036	10176
5	5087	5036	5057	10177
5	5088	5072	5037	10178
5	5136	5095	5072	10179
5	5213	5190	5210	10180
5	5196	5153	5170	10181
5	5202	5157	5195	10182
5	5093	5017	5069	10183
5	5185	5165	5123	10184
5	5130	5105	5065	10185
5	5092	5048	5018	10186
5	5092	5018	5047	10187
5	5156	5110	5092	10188
5	5142	5093	5132	10189
5	5094	5088	5037	10190
5	5094	5037	4994	10191
5	5136	5072	5088	10192
5	5136	230	231	10193
5	5096	5075	5068	10194
5	5137	5107	5063	10195
5	5109	5038	5075	10196
5	5123	5066	5106	10197
5	5098	5045	5023	10198
5	5098	5023	5051	10199
5	5099	5053	5035	10200
5	5099	5035	5074	10201
5	5148	5086	5116	10202
5	5178	5135	5142	10203
5	5226	203	204	10204
5	5119	5058	5101	10205
5	5163	5145	5126	10206
5	5126	5083	5120	10207
5	5157	5103	5140	10208
5	5128	5108	5067	10209
5	5104	5064	5013	10210
5	5104	5013	5062	10211
5	5158	5141	5105	10212
5	5105	5061	5029	10213
5	5134	5106	5097	10214
5	5122	5109	5075	10215
NPOIN= 5233
9.997500181200000e-01	-3.632713186782231e-05	0
9.990000128750000e-01	-1.451380110526722e-04	1
9.977599978450000e-01	-3.238421137675210e-04	2
9.960200190539999e-01	-5.701492110287793e-04	3
9.937800168990000e-01	-8.757079974576256e-04	4
9.910500049590000e-01	-1.225092751216247e-03	5
9.878399968150000e-01	-1.598660523110184e-03	6
9.841300249100000e-01	-1.979960988495061e-03	7
9.799500107769999e-01	-2.353953488436679e-03	8
9.752799868580000e-01	-2.724036130222351e-03	9
9.701499938960000e-01	-3.105688924206302e-03	10
9.645400047300000e-01	-3.531006233811191e-03	11
9.584699869160000e-01	-4.032381810762317e-03	12
9.519400000570000e-01	-4.635970997826640e-03	13
9.449599981310000e-01	-5.351634924854696e-03	14
9.375399947170000e-01	-6.172480681641111e-03	15
9.296900033950000e-01	-7.079830296053059e-03	16
9.214000105860000e-01	-8.053343756359018e-03	17
9.126999974250000e-01	-9.070736559650454e-03	18
9.035800099370001e-01	-1.012082058699827e-02	19
8.940600156780000e-01	-1.119575103956875e-02	20
8.841500282290000e-01	-1.229391469623597e-02	21
8.738499879840000e-01	-1.341735282640699e-02	22
8.631799817090000e-01	-1.456636638542570e-02	23
8.521599769590000e-01	-1.574055360325414e-02	24
8.407700061800000e-01	-1.694255302074070e-02	25
8.290500044819999e-01	-1.816757311907916e-02	26
8.170099854470000e-01	-1.941329434681231e-02	27
8.046399950980000e-01	-2.067906122077764e-02	28
7.919700145720000e-01	-2.196000669487585e-02	29
7.790099978450000e-01	-2.325340035032635e-02	30
7.657799720760000e-01	-2.455563911090856e-02	31
7.522799968720000e-01	-2.586521277978171e-02	32
7.385200262070000e-01	-2.717970282028728e-02	33
7.245299816130000e-01	-2.849488310689400e-02	34
7.103199958800001e-01	-2.980849492106365e-02	35
6.958900094030001e-01	-3.111921085260539e-02	36
6.812700033190000e-01	-3.242298239164916e-02	37
6.664699912070000e-01	-3.371761708431854e-02	38
6.514999866490000e-01	-3.500091046227202e-02	39
6.363800168040000e-01	-3.626980876054232e-02	40
6.211299896240000e-01	-3.752131834385264e-02	41
6.057599782940000e-01	-3.875327150825495e-02	42
5.902799963950000e-01	-3.996347044104681e-02	43
5.747100114820000e-01	-4.114892448992557e-02	44
5.590599775310000e-01	-4.230740237051862e-02	45
5.433599948880000e-01	-4.343518356236284e-02	46
5.276100039480000e-01	-4.453072013313343e-02	47
5.118399858470000e-01	-4.559030720067324e-02	48
4.960500001910000e-01	-4.661224454156079e-02	49
4.802699983120000e-01	-4.759281537770244e-02	50
4.645099937920000e-01	-4.852956950018338e-02	51
4.487800002100000e-01	-4.941995124982453e-02	52
4.331099987030000e-01	-5.026025172233586e-02	53
4.174999892710000e-01	-5.104836376530535e-02	54
4.019699990750000e-01	-5.178102811188619e-02	55
3.865399956700000e-01	-5.245501205381531e-02	56
3.712300062180000e-01	-5.306712129230388e-02	57
3.560400009160000e-01	-5.361490692953111e-02	58
3.409900069240000e-01	-5.409506879520166e-02	59
3.261100053790000e-01	-5.450414280812095e-02	60
3.113999962810000e-01	-5.483958497202157e-02	61
2.968699932100000e-01	-5.509845749743715e-02	62
2.825500071050000e-01	-5.527758088202445e-02	63
2.684499919410000e-01	-5.537427933564065e-02	64
2.545700073240000e-01	-5.538586281823824e-02	65
2.409400045870000e-01	-5.530966468798527e-02	66
2.275699973110000e-01	-5.514326589006515e-02	67
2.144699990750000e-01	-5.488431218602146e-02	68
2.016600072380000e-01	-5.453084106016164e-02	69
1.891400069000000e-01	-5.408051257977972e-02	70
1.769299954180000e-01	-5.353173720562726e-02	71
1.650400012730000e-01	-5.288282904580811e-02	72
1.534900069240000e-01	-5.213295220356863e-02	73
1.422899961470000e-01	-5.128107087166659e-02	74
1.314399987460000e-01	-5.032542998715681e-02	75
1.209499984980000e-01	-4.926504978822017e-02	76
1.108499988910000e-01	-4.810159768502192e-02	77
1.011300012470000e-01	-4.683267644249497e-02	78
9.181000292300000e-02	-4.545956826788231e-02	79
8.290000259900000e-02	-4.398281843529840e-02	80
7.440000027400000e-02	-4.240139596704292e-02	81
6.633000075800000e-02	-4.071819909134147e-02	82
5.869000032500000e-02	-3.893263168784517e-02	83
5.149000138000000e-02	-3.704635038288823e-02	84
4.473999887700000e-02	-3.506163492639648e-02	85
3.844000026600000e-02	-3.297807706747102e-02	86
3.260000050100000e-02	-3.079851670762640e-02	87
2.723000012300000e-02	-2.852688192238991e-02	88
2.232000045500000e-02	-2.615835807589794e-02	89
1.789999939500000e-02	-2.370802639214235e-02	90
1.394999958600000e-02	-2.116562630401897e-02	91
1.049000024800000e-02	-1.854435987118773e-02	92
7.519999985000000e-03	-1.584729550472559e-02	93
5.040000193000000e-03	-1.307758384992331e-02	94
3.049999941000000e-03	-1.023784697684378e-02	95
1.560000004000000e-03	-7.350809885410808e-03	96
5.600000150000000e-04	-4.404451678330510e-03	97
5.999999800000000e-05	-1.428278037360301e-03	98
0.000000000000000e+00	0.000000000000000e+00	99
5.999999800000000e-05	1.434060348638547e-03	100
5.600000150000000e-04	4.384830943642940e-03	101
1.560000004000000e-03	7.239458715914962e-03	102
3.049999941000000e-03	9.965448247496929e-03	103
5.040000193000000e-03	1.257405824199489e-02	104
7.519999985000000e-03	1.504608564169408e-02	105
1.049000024800000e-02	1.738267253593518e-02	106
1.394999958600000e-02	1.958538765454975e-02	107
1.789999939500000e-02	2.165664798414525e-02	108
2.232000045500000e-02	2.359167579822940e-02	109
2.723000012300000e-02	2.540495012382314e-02	110
3.260000050100000e-02	2.709170132788880e-02	111
3.844000026600000e-02	2.866281665866323e-02	112
4.473999887700000e-02	3.012287711788570e-02	113
5.149000138000000e-02	3.147760791340951e-02	114
5.869000032500000e-02	3.273512939298943e-02	115
6.633000075800000e-02	3.390183760819170e-02	116
7.440000027400000e-02	3.498464211863870e-02	117
8.290000259900000e-02	3.599190020083737e-02	118
9.181000292300000e-02	3.692968624123078e-02	119
1.011300012470000e-01	3.780646702736282e-02	120
1.108499988910000e-01	3.862954438232825e-02	121
1.209499984980000e-01	3.940548293212261e-02	122
1.314399987460000e-01	4.014301987255287e-02	123
1.422899961470000e-01	4.084777304825427e-02	124
1.534900069240000e-01	4.152667863117280e-02	125
1.650400012730000e-01	4.218688214120443e-02	126
1.769299954180000e-01	4.283450862246804e-02	127
1.891400069000000e-01	4.347475645504339e-02	128
2.016600072380000e-01	4.411290305414094e-02	129
2.144699990750000e-01	4.475317335720244e-02	130
2.275699973110000e-01	4.540018336295834e-02	131
2.409400045870000e-01	4.605688074882010e-02	132
2.545700073240000e-01	4.672598596341999e-02	133
2.684499919410000e-01	4.740944158343677e-02	134
2.825500071050000e-01	4.810737484347627e-02	135
2.968699932100000e-01	4.882050926696003e-02	136
3.113999962810000e-01	4.954816899081881e-02	137
3.261100053790000e-01	5.028771728320689e-02	138
3.409900069240000e-01	5.103653934625069e-02	139
3.560400009160000e-01	5.179153029684251e-02	140
3.712300062180000e-01	5.254707407330071e-02	141
3.865399956700000e-01	5.329707470267941e-02	142
4.019699990750000e-01	5.403543976394632e-02	143
4.174999892710000e-01	5.475413899092098e-02	144
4.331099987030000e-01	5.544427860558157e-02	145
4.487800002100000e-01	5.609618707770309e-02	146
4.645099937920000e-01	5.670026574944127e-02	147
4.802699983120000e-01	5.724508898719209e-02	148
4.960500001910000e-01	5.771953452960921e-02	149
5.118399858470000e-01	5.811204110088292e-02	150
5.276100039480000e-01	5.841043075351177e-02	151
5.433599948880000e-01	5.860319945378686e-02	152
5.590599775310000e-01	5.867862766921538e-02	153
5.747100114820000e-01	5.862572185943422e-02	154
5.902799963950000e-01	5.843420815695913e-02	155
6.057599782940000e-01	5.809484174209197e-02	156
6.211299896240000e-01	5.759985081330286e-02	157
6.363800168040000e-01	5.694277271975871e-02	158
6.514999866490000e-01	5.611878063087698e-02	159
6.664699912070000e-01	5.512563532573684e-02	160
6.812700033190000e-01	5.396369426785572e-02	161
6.958900094030001e-01	5.263515234111633e-02	162
7.103199958800001e-01	5.114467165323189e-02	163
7.245299816130000e-01	4.950190345261467e-02	164
7.385200262070000e-01	4.771602153483941e-02	165
7.522799968720000e-01	4.579969732342484e-02	166
7.657799720760000e-01	4.377103521675671e-02	167
7.790099978450000e-01	4.164771947558717e-02	168
7.919700145720000e-01	3.944734921645157e-02	169
8.046399950980000e-01	3.719203704902310e-02	170
8.170099854470000e-01	3.490302015194573e-02	171
8.290500044819999e-01	3.260559415082270e-02	172
8.407700061800000e-01	3.031722286811296e-02	173
8.521599769590000e-01	2.805837875088256e-02	174
8.631799817090000e-01	2.585466405052743e-02	175
8.738499879840000e-01	2.371858433638719e-02	176
8.841500282290000e-01	2.166912475753673e-02	177
8.940600156780000e-01	1.972305380117030e-02	178
9.035800099370001e-01	1.788961423271948e-02	179
9.126999974250000e-01	1.617460089989127e-02	180
9.214000105860000e-01	1.457801013723522e-02	181
9.296900033950000e-01	1.308545984439831e-02	182
9.375399947170000e-01	1.168183878596673e-02	183
9.449599981310000e-01	1.034094078616537e-02	184
9.519400000570000e-01	9.043191009338359e-03	185
9.584699869160000e-01	7.779865945619986e-03	186
9.645400047300000e-01	6.558217656114629e-03	187
9.701499938960000e-01	5.398673886403971e-03	188
9.752799868580000e-01	4.333906832201747e-03	189
9.799500107769999e-01	3.386155315795235e-03	190
9.841300249100000e-01	2.576871147309723e-03	191
9.878399968150000e-01	1.903089501735957e-03	192
9.910500049590000e-01	1.359038819556251e-03	193
9.937800168990000e-01	9.241776598827860e-04	194
9.960200190539999e-01	5.835651040500382e-04	195
9.977599978450000e-01	3.263267965764995e-04	196
9.990000128750000e-01	1.453645563578870e-04	197
9.997500181200000e-01	3.633071983141121e-05	198
1.000000000000000e+00	0.000000000000000e+00	199
1.984229087829600e+01	2.506659984589000e+00	200
1.937166023254400e+01	4.973800182343000e+00	201
1.859552955627400e+01	7.362490177155000e+00	202
1.752613067627000e+01	9.635069847106999e+00	203
1.618033981323200e+01	1.175570964813200e+01	204
1.457936954498300e+01	1.369093990325900e+01	205
1.274847984314000e+01	1.541026973724400e+01	206
1.071654033660900e+01	1.688656044006300e+01	207
8.515589714050000e+00	1.809654045105000e+01	208
6.180339813232000e+00	1.902112960815400e+01	209
3.747629880905000e+00	1.964575004577600e+01	210
1.255810022354000e+00	1.996052932739300e+01	211
-1.255810022354000e+00	1.996052932739300e+01	212
-3.747629880905000e+00	1.964574050903300e+01	213
-6.180339813232000e+00	1.902112960815400e+01	214
-8.515589714050000e+00	1.809654045105000e+01	215
-1.071654033660900e+01	1.688656044006300e+01	216
-1.274847984314000e+01	1.541026020050000e+01	217
-1.457936954498300e+01	1.369093990325900e+01	218
-1.618033981323200e+01	1.175570011138900e+01	219
-1.752613067627000e+01	9.635069847106999e+00	220
-1.859552955627400e+01	7.362490177155000e+00	221
-1.937166023254400e+01	4.973800182343000e+00	222
-1.984229087829600e+01	2.506659984589000e+00	223
-2.000000000000000e+01	0.000000000000000e+00	224
-1.984229087829600e+01	-2.506669998169000e+00	225
-1.937166023254400e+01	-4.973800182343000e+00	226
-1.859552955627400e+01	-7.362490177155000e+00	227
-1.752613067627000e+01	-9.635080337524000e+00	228
-1.618033981323200e+01	-1.175570964813200e+01	229
-1.457936954498300e+01	-1.369093990325900e+01	230
-1.274847984314000e+01	-1.541026973724400e+01	231
-1.071652984619100e+01	-1.688656044006300e+01	232
-8.515580177306999e+00	-1.809654045105000e+01	233
-6.180339813232000e+00	-1.902112960815400e+01	234
-3.747620105743000e+00	-1.964575004577600e+01	235
-1.255810022354000e+00	-1.996052932739300e+01	236
1.255810022354000e+00	-1.996052932739300e+01	237
3.747629880905000e+00	-1.964574050903300e+01	238
6.180339813232000e+00	-1.902112960815400e+01	239
8.515589714050000e+00	-1.809654045105000e+01	240
1.071654033660900e+01	-1.688656044006300e+01	241
1.274847984314000e+01	-1.541026020050000e+01	242
1.457936954498300e+01	-1.369093990325900e+01	243
1.618033981323200e+01	-1.175570011138900e+01	244
1.752614021301300e+01	-9.635069847106999e+00	245
1.859552955627400e+01	-7.362490177155000e+00	246
1.937166023254400e+01	-4.973790168762000e+00	247
1.984229087829600e+01	-2.506659984589000e+00	248
2.000000000000000e+01	0.000000000000000e+00	249
6.076486874550965e-02	-4.676069410900031e-02	250
6.601613264947278e-01	-4.808595848039036e-02	251
4.252012637970011e-01	6.945370444135809e-02	252
6.898842153969411e-01	6.625140775636428e-02	253
3.794247772676554e-01	-6.684023104477775e-02	254
9.994531166131770e-01	-7.199184595466767e-04	255
9.985319876255271e-01	-1.306274534908369e-03	256
7.735726631217363e-01	-3.604339396277904e-02	257
6.897759709355425e-01	-4.517933062841209e-02	258
-1.470414294496716e-03	6.660679901517517e-03	259
7.465885598628880e-01	-3.913851299038860e-02	260
5.830885376012414e-01	7.246429627869791e-02	261
9.927334963137101e-01	-3.495973190806911e-03	262
9.898135249327717e-01	-4.295487801097764e-03	263
5.987043924009382e-01	7.208547540251611e-02	264
7.186250631543227e-01	-4.218677695146370e-02	265
-1.632739861568903e-03	7.827448728586661e-04	266
9.863965212105069e-01	-5.122501199340252e-03	267
9.824931718677969e-01	-5.956403958784063e-03	268
-1.526319047992734e-03	-6.772397953449169e-03	269
6.451065119079424e-01	-4.950109717403627e-02	270
8.241510728078061e-01	-2.984779664505676e-02	271
7.994542356492750e-01	-3.294622805433436e-02	272
3.482342001511288e-01	6.541475017048362e-02	273
8.475333872848038e-01	-2.679346902242311e-02	274
2.473248963338276e-01	5.919426034863973e-02	275
8.695391590357119e-01	-2.378955133056700e-02	276
1.006900510134037e-02	2.153154587076391e-02	277
8.900614306769231e-01	-2.085355164950389e-02	278
7.708354355901587e-02	-5.093836352144747e-02	279
9.090263743515903e-01	-1.799637995632168e-02	280
-1.995838800407176e-03	-3.320965598305091e-03	281
9.419640675328788e-01	-1.270384722380383e-02	282
9.263520054119393e-01	-1.524985563198106e-02	283
1.783710261527299e-02	-2.887563491332722e-02	284
4.260180674080083e-01	-6.499877970706089e-02	285
8.587175236841645e-01	-2.528162367822471e-02	286
9.558269043282414e-01	-1.046628991996742e-02	287
9.780986051425308e-01	-6.810505449447911e-03	288
9.678933029085629e-01	-8.539871300817974e-03	289
1.584740373640620e-01	-6.311827397190101e-02	290
8.997456470806022e-01	-1.941439619536823e-02	291
7.602132429428117e-01	-3.759431028386411e-02	292
9.971002044623902e-01	-2.028537579753754e-03	293
5.991338677182784e-01	-5.355951340092870e-02	294
4.417100944571438e-01	-6.424324600021100e-02	295
5.364978135023809e-01	-5.843262923871999e-02	296
4.732578300476150e-01	-6.253850801075123e-02	297
5.048904147317000e-01	-6.059441141809638e-02	298
4.890629062598917e-01	-6.159448049161918e-02	299
1.251071885149442e-01	-5.940322180592938e-02	300
2.776908191759330e-02	-3.449321845852279e-02	301
3.948632835347227e-01	-6.630088211537360e-02	302
4.620180256011350e-02	-4.216689977722058e-02	303
4.103957237381046e-01	-6.568684640308214e-02	304
3.190307325281941e-01	-6.819766599107918e-02	305
3.489245811136580e-01	-6.768888869819674e-02	306
3.345160647148443e-02	-3.713983959623523e-02	307
2.898239986259979e-01	-6.835557633756781e-02	308
9.343757957036227e-01	-1.394291335616899e-02	309
1.469982211490743e-01	-6.199022860259452e-02	310
1.948994754037536e-01	-6.581728781339544e-02	311
8.587741012700149e-02	-5.286071462533381e-02	312
1.047075044026271e-01	-5.636872836906429e-02	313
5.679565582859267e-01	-5.608692495350116e-02	314
1.702928204064748e-01	-6.413373341095434e-02	315
6.145844864603168e-01	-5.223742966300805e-02	316
8.799941478408025e-01	-2.231369513624441e-02	317
2.257488466144512e-02	-3.173673408352135e-02	318
9.951671549602961e-01	-2.748463465385117e-03	319
6.577801087298032e-03	-1.983009854580831e-02	320
1.812842962186492e-02	2.658638963099598e-02	321
9.178976852842859e-01	-1.660483817561999e-02	322
9.491201703482283e-01	-1.154348302041325e-02	323
9.732309734981132e-01	-7.660021906361818e-03	324
-1.632845109843522e-04	9.874813578295288e-03	325
8.360091298501410e-01	-2.831410063974887e-02	326
2.476244092859045e-01	-6.789117788464838e-02	327
5.522569477783333e-01	-5.728586212038382e-02	328
7.327194394062063e-01	-4.066767554058291e-02	329
7.866532437193908e-01	-3.449454981998996e-02	330
1.147131089035583e-01	-5.795086390854340e-02	331
2.207121641375063e-01	-6.706249252422473e-02	332
5.835920837610912e-01	-5.484343073973572e-02	333
6.750480952342245e-01	-4.664477724411689e-02	334
5.325032202667127e-02	-4.452586232735174e-02	335
3.803175050255353e-03	-1.666092026935847e-02	336
1.360092092608236e-02	-2.595502917034967e-02	337
3.641140204470653e-01	-6.730558042806849e-02	338
1.824475011265088e-01	-6.503237021666751e-02	339
9.999283942438523e-01	-3.820525581648145e-04	340
2.340286344674098e-01	-6.752820673749188e-02	341
9.509026275941955e-02	-5.467236924389515e-02	342
3.043304310609076e-01	-6.832626954266109e-02	343
2.614649421768234e-01	-6.813810852796517e-02	344
4.574611087260386e-01	-6.342436186274045e-02	345
7.042942340993796e-01	-4.369410573299834e-02	346
-1.982981395336157e-03	3.284174304704391e-03	347
-2.556049789141634e-04	-1.011993136149035e-02	348
5.358112715254328e-01	7.270277652190171e-02	349
-1.631672237832783e-03	-7.972089802015436e-04	350
2.811512003287487e-02	3.114242640890384e-02	351
5.365692215174744e-02	3.879511825708538e-02	352
3.998337878337454e-02	3.518719326607694e-02	353
1.150305068718102e-01	4.854844953094720e-02	354
4.095914362369857e-01	6.871318788035405e-02	355
9.971355357817003e-01	2.072859754228841e-03	356
5.199729255092493e-01	7.252121665474938e-02	357
4.724469625967697e-01	7.134499112325315e-02	358
9.735340842895376e-01	9.577577398350162e-03	359
9.624922121637158e-01	1.267420675603912e-02	360
8.906875807488189e-01	2.980206896249023e-02	361
4.882692392697535e-01	7.182960177885407e-02	362
4.408879007888576e-01	7.014561325108308e-02	363
3.786659408403724e-01	6.711311556713223e-02	364
9.268855233546535e-01	2.142679806084823e-02	365
9.096058163730512e-01	2.542426325536314e-02	366
7.748339988746260e-02	4.344463068679677e-02	367
9.783463289819770e-01	8.169344905653721e-03	368
9.562640082489202e-01	1.432194104797980e-02	369
9.424543438230664e-01	1.775787530501790e-02	370
9.546028037522225e-02	4.613524462389808e-02	371
6.117321866588855e-02	4.042584363596109e-02	372
2.893325823339094e-01	6.186631952842484e-02	373
2.610986346705729e-01	6.007883259652738e-02	374
1.703867814422782e-01	5.372001023647133e-02	375
3.184296754156700e-01	6.365222317298574e-02	376
4.566407289451223e-01	7.078135576733752e-02	377
3.940785089477734e-01	6.792996687678082e-02	378
1.471965275049994e-01	5.175151843172916e-02	379
1.253896405631311e-01	4.965356796008340e-02	380
6.296407613529060e-01	7.083795664557624e-02	381
1.948716524518339e-01	5.558360305600681e-02	382
2.205505579383985e-01	5.739511955223386e-02	383
6.600819957730180e-01	6.890131336543047e-02	384
5.673850364752825e-01	7.268869104697946e-02	385
7.470282643083630e-01	5.895964369659930e-02	386
7.189106358963948e-01	6.291280615352825e-02	387
8.000948080599247e-01	4.964857450273114e-02	388
7.741330798513304e-01	5.448390791047043e-02	389
8.482186285327703e-01	3.950660360911813e-02	390
8.248310666087704e-01	4.459256408502792e-02	391
9.003489145288942e-01	2.756568243940715e-02	392
8.702036252769115e-01	3.452921479324927e-02	393
9.495866110327302e-01	1.601627113568050e-02	394
9.184535892508359e-01	2.337918451004635e-02	395
9.682483768752956e-01	1.108622048652150e-02	396
8.593950527610373e-01	3.699231484736776e-02	397
8.806412198797314e-01	3.212786019538569e-02	398
8.126244735192635e-01	4.713788401094182e-02	399
8.366953876156623e-01	4.204398149692475e-02	400
7.607182321860027e-01	5.677782415062801e-02	401
7.872588212997360e-01	5.210253549264974e-02	402
7.044929670591262e-01	6.466679250356738e-02	403
7.330854095768012e-01	6.100690774957112e-02	404
6.449338859459399e-01	6.995988291093953e-02	405
6.750626627667206e-01	6.766484590143809e-02	406
5.516240529918802e-01	7.276698086259238e-02	407
6.142356289702783e-01	7.154495290768433e-02	408
2.075718693621036e-01	5.649338685962092e-02	409
2.337981975085970e-01	5.829461572135078e-02	410
1.586226440491521e-01	5.274999543758366e-02	411
1.824822128440048e-01	5.466222002681539e-02	412
4.659989249594645e-02	3.704365645338728e-02	413
1.361223799243614e-01	5.072452388639234e-02	414
1.386192515875347e-02	2.413704945748990e-02	415
3.381832646899256e-02	3.321475065907629e-02	416
2.076656449344652e-01	-6.649360541614273e-02	417
3.963912123571482e-03	1.596170882819280e-02	418
9.620918182132308e-01	-9.469351047251960e-03	419
8.119592649612749e-01	-3.139611843931676e-02	420
3.338890978300175e-01	-6.798313527148991e-02	421
5.207048084070131e-01	-5.953852694156114e-02	422
1.654797602025585e-03	1.298480254378483e-02	423
2.289510310454161e-02	2.893243290703726e-02	424
6.772412053641172e-03	1.881308519966980e-02	425
8.626515205749552e-02	4.482705041842275e-02	426
6.911507043031744e-02	4.197922864863717e-02	427
2.751086044425738e-01	6.097059454020743e-02	428
1.050540244744374e-01	4.737271460675549e-02	429
9.826854825207800e-01	6.856619485782897e-03	430
9.865400837547653e-01	5.679812326239985e-03	431
3.037816410804762e-01	6.276459991947807e-02	432
9.899162881790780e-01	4.616996664631915e-03	433
9.928058471492668e-01	3.670453345177341e-03	434
3.332411268484188e-01	6.453460747832528e-02	435
3.633866097502109e-01	6.627527492274342e-02	436
9.348877299105650e-01	1.955594797370681e-02	437
9.999372224319841e-01	3.798056241832930e-04	438
9.985552375762018e-01	1.325137776525569e-03	439
9.994678641803091e-01	7.247696535396790e-04	440
6.299038990608206e-01	-5.088403747588231e-02	441
3.959871202392898e-02	-3.970575473309294e-02	442
9.952178771239319e-01	2.838561242225765e-03	443
5.041227927341599e-01	7.222727570017221e-02	444
1.527992772895613e-03	-1.342638749697498e-02	445
9.841103440805417e-03	-2.292222343014566e-02	446
6.870837527753833e-02	-4.890388944362504e-02	447
1.358795563442491e-01	-6.075510814863580e-02	448
2.755390954930629e-01	-6.829290978142570e-02	449
7.154468658363763e-02	5.124196264201632e-02	450
-3.615696068061421e-03	9.350005207445316e-03	451
-4.599090356261751e-03	5.356785015953078e-03	452
2.825562382106995e-01	-8.287080067649132e-02	453
6.985457303713292e-01	-5.928392840445529e-02	454
9.148135122510860e-01	-2.642886622725574e-02	455
5.326993909217881e-03	-2.436905551091111e-02	456
5.759567384612172e-01	8.822486334429526e-02	457
6.839019649615328e-01	-6.095014263706143e-02	458
7.816732976220461e-01	-4.864842209118136e-02	459
9.889833283212534e-01	-8.109969100309746e-03	460
3.266343108094995e-01	-8.324275267634773e-02	461
8.546340598420751e-01	-3.748299128539007e-02	462
8.316205663565491e-01	-4.121774356244207e-02	463
8.852750692832483e-02	-6.298588555472732e-02	464
-3.765478310832038e-03	-9.555665138148558e-03	465
2.135223911048145e-01	-8.004925416602363e-02	466
1.289546467635700e-02	-3.140257069837980e-02	467
9.600819248445153e-01	-1.646538677791119e-02	468
1.514725144338121e-01	-7.415470795863927e-02	469
7.129887634566354e-01	-5.757666213406170e-02	470
6.540789761183112e-01	-6.417625182793872e-02	471
4.504132441245337e-01	-7.991107636326722e-02	472
7.941966243651985e-02	-6.067177204694756e-02	473
3.876706752317574e-01	-8.231542386340990e-02	474
8.963166168328683e-01	-3.006189102926438e-02	475
7.946091556564280e-01	-4.681333018007420e-02	476
5.742555613136711e-03	2.315912545570608e-02	477
1.802496571057764e-02	3.226977576409865e-02	478
6.690094376333412e-01	8.307793918634764e-02	479
8.447073638293838e-01	5.239445693197058e-02	480
1.086510536259706e-01	5.831161582984335e-02	481
6.840323902273573e-01	8.156806838625374e-02	482
1.634884771704256e-01	6.548027015632679e-02	483
8.775974890307289e-01	4.395259849156244e-02	484
9.892591612793075e-01	8.611133446159795e-03	485
3.402960385159739e-01	8.046525803257065e-02	486
5.123483104863580e-01	8.831667513339712e-02	487
9.545496392524581e-01	2.192463785202365e-02	488
8.877986991053768e-01	4.122198799996870e-02	489
9.922864835173719e-01	7.065020550170278e-03	490
9.609234697900004e-01	1.979281838664207e-02	491
9.817373376295550e-01	1.195779626163995e-02	492
2.398334102025736e-01	7.282759025849286e-02	493
3.253557922859967e-01	7.942929230133484e-02	494
2.264096431161113e-01	7.165662043104415e-02	495
9.877925694663416e-02	5.667257050372344e-02	496
6.690717218411908e-01	-6.258367712526842e-02	497
2.004998039986420e-01	-7.912218115633965e-02	498
9.343025397754766e-03	2.631131210287340e-02	499
1.405148941948883e-01	6.274422004727379e-02	500
4.807327018330323e-02	4.502004577855542e-02	501
9.722720773369963e-01	1.571255399185530e-02	502
9.948429659586356e-01	5.701220900414433e-03	503
8.976009486893575e-01	3.855618017608883e-02	504
1.632388246333688e-01	-7.559398525576916e-02	505
1.000207262393887e+00	2.285402738151026e-04	506
9.985442820142839e-01	3.018320558944996e-03	507
9.969366452371279e-01	4.364167553677151e-03	508
2.652254328801047e-03	1.987027806281264e-02	509
-2.031129327308644e-03	1.295802409844820e-02	510
2.303267215481307e-03	-2.074676789124202e-02	511
-3.968373351212442e-03	-1.729020628977655e-03	512
-3.119831724642392e-03	-1.324306038257330e-05	513
1.742202951933771e-02	-3.476624219202636e-02	514
1.000201400261864e+00	-2.369600928931099e-04	515
6.248018320244404e-02	-5.567732571448333e-02	516
9.984717179048503e-01	-2.976665014081508e-03	517
9.946925684911777e-01	-5.524997411097067e-03	518
4.172388892538734e-01	8.504770956165675e-02	519
5.455555514733086e-01	-7.394156260052075e-02	520
9.853649864803364e-01	-9.425655356357051e-03	521
8.762363973468716e-01	-3.375962216281397e-02	522
5.917290421929789e-01	8.780771478814117e-02	523
9.920828762066582e-01	-6.760017637057155e-03	524
-4.667214109244752e-03	-5.446392611410725e-03	525
4.346217376491631e-01	-8.063858545773066e-02	526
4.016172285158843e-01	8.422914225514287e-02	527
8.432934132132396e-01	-3.935694914798578e-02	528
2.816106856328267e-01	7.618543441902310e-02	529
8.656175121056112e-01	-3.561298829036005e-02	530
8.864729278959231e-01	-3.190467319082298e-02	531
7.073529885710240e-02	-5.823495052862118e-02	532
9.057703684616306e-01	-2.823841972366370e-02	533
9.234420891827321e-01	-2.464850098513643e-02	534
9.467410476630684e-01	-1.956453857466054e-02	535
2.794555342281707e-02	-4.129767128572777e-02	536
9.536344360093301e-01	-1.798637565325430e-02	537
9.660805100349942e-01	-1.499926888832551e-02	538
9.812795905890203e-01	-1.081118606406475e-02	539
1.290015351039942e-01	-7.092334978515161e-02	540
7.549593674719877e-01	-5.229394985974398e-02	541
7.684573251235846e-01	-5.047519220600710e-02	542
9.968290233412511e-01	-4.271046005305015e-03	543
4.662623773526883e-01	-7.910095486549233e-02	544
4.821259706479057e-01	-7.820758805402474e-02	545
4.979996222422178e-01	-7.724549958252573e-02	546
2.243016325644533e-02	-3.809681954031386e-02	547
4.032384526508893e-01	-8.185013583145043e-02	548
4.188924594458571e-01	-8.128969633184020e-02	549
3.416643065173018e-01	-8.316334935893685e-02	550
4.037215396216064e-02	-4.738330682011717e-02	551
9.316461473606744e-01	-2.290169568344999e-02	552
9.394094094946381e-01	-2.120068039222396e-02	553
1.400647510878322e-01	-7.259934992660384e-02	554
9.805476028282763e-02	-6.518031829867550e-02	555
5.613403502979714e-01	-7.272999418653571e-02	556
6.082147378136071e-01	-6.867746633063429e-02	557
9.716103685417733e-01	-1.357498718603893e-02	558
9.766722213093518e-01	-1.218906272303708e-02	559
7.272141295997806e-01	-5.583795699864649e-02	560
7.412005407232723e-01	-5.408196208608718e-02	561
1.079778660162816e-01	-6.724301721382704e-02	562
1.183105209228890e-01	-6.915362667676188e-02	563
5.770522526740349e-01	-7.143846933527220e-02	564
5.926806622987738e-01	-7.008547478430054e-02	565
4.726917345875195e-02	-5.028750633376643e-02	566
5.466320566567896e-02	-5.305705612556418e-02	567
8.862814345590277e-03	-2.790438852343334e-02	568
3.568738984915397e-01	-8.298466489880441e-02	569
3.722135505380819e-01	-8.269504081877704e-02	570
1.753524621135826e-01	-7.690136551882214e-02	571
1.877751158467243e-01	-7.807598758418620e-02	572
2.268102827701852e-01	-8.085937087209007e-02	573
2.403763378074355e-01	-8.155139950150926e-02	574
2.970502924840168e-01	-8.310980351032521e-02	575
3.117634511714966e-01	-8.323305893080656e-02	576
2.542213681724653e-01	-8.210866204708556e-02	577
-3.962007081431987e-03	1.692428698447983e-03	578
-2.224247401836764e-04	-1.706846045053561e-02	579
4.115187976366196e-02	4.270024424237613e-02	580
9.857250112684770e-01	1.020467340690920e-02	581
5.282870005842758e-01	8.849742329003669e-02	582
4.964058094284505e-01	8.801313184960262e-02	583
4.804896555142871e-01	8.759769805311962e-02	584
4.645997438925890e-01	8.708968515265875e-02	585
9.772330167818749e-01	1.379564404054887e-02	586
9.668373276648508e-01	1.771874960376260e-02	587
9.245821403332062e-01	3.100712448273208e-02	588
4.487390459177967e-01	8.648499807416907e-02	589
4.329506686611457e-01	8.579882617617067e-02	590
3.860958499365631e-01	8.334970544489291e-02	591
9.160036257241461e-01	3.344689263369677e-02	592
9.477198607019028e-01	2.410572970792098e-02	593
6.329596259454097e-02	4.924550543455131e-02	594
5.547816138400573e-02	4.720158499381191e-02	595
2.535379123210517e-01	7.396704898354473e-02	596
2.674619512110610e-01	7.507140419098435e-02	597
1.518277723391494e-01	6.413060248734141e-02	598
1.295361363239033e-01	6.131106616604105e-02	599
1.189191977936304e-01	5.985111778944837e-02	600
7.958929118164253e-01	6.364515836633440e-02	601
7.420320833379378e-01	7.375456498057038e-02	602
7.278875208862347e-01	7.595146235286505e-02	603
7.828751062641814e-01	6.632275899879211e-02	604
8.330273243945614e-01	5.523262288271263e-02	605
9.070092330852878e-01	3.596604032707754e-02	606
8.670056751211270e-01	4.672556720180011e-02	607
8.560408746384032e-01	4.954780811481325e-02	608
8.209945668077039e-01	5.807474418082233e-02	609
8.086068892913924e-01	6.089126758025508e-02	610
7.695558285162478e-01	6.891413274918444e-02	611
7.559338595471689e-01	7.140399186086081e-02	612
7.134905330138129e-01	7.799979457384941e-02	613
6.988653075542752e-01	7.987716184305223e-02	614
6.538243519754926e-01	8.439811960604289e-02	615
6.384749666680155e-01	8.552337442351256e-02	616
5.601130118713801e-01	8.847707822728482e-02	617
5.442098556003632e-01	8.855450801604695e-02	618
6.230068466587937e-01	8.646095712909938e-02	619
6.074202544564568e-01	8.722195925973752e-02	620
2.132626510792471e-01	7.047000154337588e-02	621
2.003777827952048e-01	6.926652868325513e-02	622
1.877847363620953e-01	6.804191634419141e-02	623
1.754863125789169e-01	6.678279943138511e-02	624
1.344031814372386e-02	2.937693100591714e-02	625
3.466946138962825e-02	4.026280153325416e-02	626
2.865260934644338e-02	3.775146854878860e-02	627
8.072623012476323e-01	-4.496245434036306e-02	628
8.196097856277602e-01	-4.309107967773600e-02	629
5.138799433447158e-01	-7.620739249513032e-02	630
5.297352773314548e-01	-7.510089390514062e-02	631
6.019008485307638e-05	1.647164046924401e-02	632
2.309002281339377e-02	3.509097699031979e-02	633
8.929155341753714e-02	5.494766909389758e-02	634
8.021187981951924e-02	5.314084522766542e-02	635
3.105850575279823e-01	7.837874940559318e-02	636
2.959836939541385e-01	7.729470188685210e-02	637
3.706966859394778e-01	8.242993776821508e-02	638
3.554257189493758e-01	8.147298485043050e-02	639
9.404448168910785e-01	2.633774789683233e-02	640
9.327349417872330e-01	2.863859178017258e-02	641
6.236312385930090e-01	-6.721987997909340e-02	642
6.389185694466762e-01	-6.572110543777067e-02	643
3.392344556577926e-02	-4.436871005622707e-02	644
-2.247368666479990e-03	-1.333076624553542e-02	645
2.682792572046117e-01	-8.253308134522794e-02	646
-7.440016667725555e-03	-8.222637503050037e-03	647
3.959515003349703e-01	-9.968609789600080e-02	648
2.894627098262016e-01	-9.930064857733240e-02	649
7.902002502029626e-01	-6.245069953361258e-02	650
5.389632504568641e-01	-9.245067103632251e-02	651
9.210919571928902e-01	-3.538120444631921e-02	652
9.923611224539980e-01	1.105197862155221e-02	653
9.891515251770712e-01	1.325913018476727e-02	654
9.660457271955636e-01	2.533970549697783e-02	655
-1.844111581501709e-03	2.045343819941675e-02	656
9.949663395822150e-01	9.064840653212695e-03	657
9.994994977984724e-01	1.758956813882870e-03	658
1.000205188497135e+00	5.387112205332205e-04	659
9.987439298783288e-01	-5.011267540862467e-03	660
1.000462445549036e+00	-8.138113273159851e-06	661
1.649851221158683e-02	-4.143053625401588e-02	662
-6.973957170581001e-03	2.985687398148815e-03	663
9.073260736335428e-02	-7.449487623083992e-02	664
9.294820769127248e-01	-3.314412618930794e-02	665
9.919725483077004e-01	-1.063913298968265e-02	666
5.688918778122237e-01	1.059142587989433e-01	667
9.994562796511417e-01	-1.748854233120235e-03	668
4.354943860946095e-04	-2.534219713115365e-02	669
7.076964028721558e-01	-7.484951016988449e-02	670
-4.539248869461595e-03	-1.698565172916606e-02	671
7.220637972706206e-01	-7.288022573935553e-02	672
1.178052736012813e-02	-3.751615182785559e-02	673
8.729893231565297e-01	-4.676222522420220e-02	674
3.722144442335950e-03	-2.945296127057193e-02	675
3.341852242785189e-01	-1.001725663209409e-01	676
8.622090964665454e-01	-4.903748118417737e-02	677
6.931076009256812e-01	-7.676311483494704e-02	678
9.946712981763211e-01	-8.812424170161540e-03	679
7.430869382388764e-03	-3.354104120788401e-02	680
9.813820039765353e-01	1.785203412256111e-02	681
5.207716728471427e-01	1.061730532969592e-01	682
9.534632444519360e-01	3.064744448414357e-02	683
6.631412729507353e-01	1.004211899843736e-01	684
9.971934519644533e-01	7.100244009239823e-03	685
5.047154525120897e-01	1.059729961530761e-01	686
2.736021330113249e-01	9.187653528204411e-02	687
3.321534953258713e-01	9.706818091548297e-02	688
1.560863046289464e-01	7.813741393785145e-02	689
6.493173899189329e-02	5.930472169571083e-02	690
1.000056520142237e+00	1.034027099552882e-03	691
-6.255841280953036e-03	-1.275949137319042e-02	692
-5.983840316605549e-03	1.246129251482176e-02	693
1.262523920521274e-02	3.531434776670585e-02	694
-7.276217888031010e-03	8.072445570720217e-03	695
9.648414034373589e-01	-2.250881630759771e-02	696
8.129785598771769e-02	-7.172872966375297e-02	697
-5.225147825085724e-03	-2.094412830753191e-05	698
1.556192368459214e-01	-8.794037381420468e-02	699
4.592446171182687e-01	-9.744443319050297e-02	700
2.180964430000839e-02	-4.532321355678124e-02	701
4.379011767042522e-03	2.807626121960030e-02	702
8.417216562011187e-01	6.687283758960427e-02	703
7.921305540929066e-01	7.937144261459630e-02	704
6.783939031924409e-01	9.880464902899405e-02	705
9.855499037272952e-01	1.546226241866350e-02	706
9.599869136110357e-01	2.796672351898024e-02	707
8.954725003842774e-01	5.097673431043939e-02	708
8.855066553704838e-01	5.410683040598345e-02	709
3.172395903577289e-01	9.584023668963054e-02	710
2.879128671009002e-01	9.323449349135071e-02	711
2.319924341840551e-01	8.770431108552429e-02	712
1.016495963696371e-01	6.867562146509805e-02	713
6.633807360432649e-01	-8.043050033730552e-02	714
6.783353220709277e-01	-7.862236825668706e-02	715
2.058627103248551e-01	-9.417525309910758e-02	716
8.185659117676955e-03	3.177673854192777e-02	717
1.445195830887590e-01	7.635203028285394e-02	718
9.767371375590407e-01	2.027595750623735e-02	719
9.988900691906839e-01	5.071853062049598e-03	720
9.962743248371241e-04	2.431138503666064e-02	721
-4.172176658058992e-03	1.649492654661969e-02	722
-2.307890038778405e-03	-2.118903956613447e-02	723
-7.004585668509894e-03	-3.042599997060139e-03	724
2.766448263558706e-02	-4.896104773082498e-02	725
1.000191033004971e+00	-5.475731359234503e-04	726
1.000029381104187e+00	-1.038693927694002e-03	727
9.705679565123179e-01	-2.048714038396751e-02	728
9.886429001130821e-01	-1.261187268335448e-02	729
5.848394127478441e-01	1.054620332340206e-01	730
4.433250963273129e-01	-9.815595979482129e-02	731
4.091685892978930e-01	1.023741985983249e-01	732
8.395388424055709e-01	-5.357933697517602e-02	733
8.510544478191903e-01	-5.131943830878428e-02	734
8.834141553491680e-01	-4.447963198307621e-02	735
8.934343849001176e-01	-4.219034307304893e-02	736
6.371341134032377e-02	-6.579496801909873e-02	737
7.228799948072222e-02	-6.882916911187570e-02	738
9.030544658026942e-01	-3.991266817935115e-02	739
9.122857190387675e-01	-3.763969480550480e-02	740
9.520199416759794e-01	-2.664727878183500e-02	741
9.586576501803075e-01	-2.455927728545231e-02	742
9.849136853379257e-01	-1.451822103075332e-02	743
7.637526121708917e-01	-6.673148659836821e-02	744
7.771179898481162e-01	-6.459922570351796e-02	745
9.969796320450028e-01	-6.963194760770809e-03	746
4.752010923700050e-01	-9.662821514354579e-02	747
4.911513512856952e-01	-9.571775887535749e-02	748
4.116751946104866e-01	-9.928747288574186e-02	749
4.274731667169557e-01	-9.877216772978653e-02	750
3.388675604246096e-02	-5.256619716446476e-02	751
9.374364130688754e-01	-3.093291042860928e-02	752
9.449396901164885e-01	-2.876915520036318e-02	753
1.325349627087460e-01	-8.397412055164907e-02	754
1.439011570817790e-01	-8.602090741815831e-02	755
5.548285436936803e-01	-9.125512919761909e-02	756
5.706687402710592e-01	-8.993262151906460e-02	757
9.758105181583362e-01	-1.849983020148861e-02	758
9.806007960287543e-01	-1.652606970774278e-02	759
7.361882549757942e-01	-7.087623823317149e-02	760
7.500916957856790e-01	-6.883118602553841e-02	761
1.005894691658236e-01	-7.712362061911281e-02	762
1.108794558908196e-01	-7.959962667311030e-02	763
1.215560625681320e-01	-8.180872630180987e-02	764
5.864078760344522e-01	-8.852078308906518e-02	765
6.020507627042994e-01	-8.703041459103465e-02	766
4.061778818665628e-02	-5.610368416289869e-02	767
4.787395485244358e-02	-5.952812244465493e-02	768
5.563291985723469e-02	-6.268216881701201e-02	769
3.494219207516560e-01	-1.002326185209749e-01	770
3.648282209570990e-01	-1.001653853373643e-01	771
3.803357485873758e-01	-9.997597190374762e-02	772
1.677107180635467e-01	-8.972456441023681e-02	773
1.801295563007616e-01	-9.135582516540124e-02	774
1.928507706204954e-01	-9.283615676065911e-02	775
2.191522237581157e-01	-9.538338824103458e-02	776
2.327165495774727e-01	-9.645810810088466e-02	777
3.042032473910402e-01	-9.972283155590596e-02	778
3.191292936141473e-01	-1.000068264341447e-01	779
2.465803443349063e-01	-9.739123997484780e-02	780
4.179941784183983e-02	5.129774351657272e-02	781
4.886752865227446e-01	1.056427148064325e-01	782
4.726783864515609e-01	1.051980609498657e-01	783
9.716368268393030e-01	2.276833720696199e-02	784
4.566938981287257e-01	1.046426912750974e-01	785
4.407666272455916e-01	1.039757500751437e-01	786
4.249289727917007e-01	1.032184351117381e-01	787
3.935058309771825e-01	1.014407860492419e-01	788
9.229133282544042e-01	4.190899172153283e-02	789
5.685094590224112e-02	5.673773997843883e-02	790
4.908559153307220e-02	5.415161256864667e-02	791
2.595327451679451e-01	9.050939514257793e-02	792
2.456355721689853e-01	8.916277107569365e-02	793
1.332885493726830e-01	7.451442248472509e-02	794
1.224261999204004e-01	7.262526675560804e-02	795
1.118547091447093e-01	7.075700202383857e-02	796
7.373587073946868e-01	9.039424980648880e-02	797
9.141871659903121e-01	4.487547140000633e-02	798
9.050286017635333e-01	4.790173358886623e-02	799
8.751243863056943e-01	5.726944706859594e-02	800
8.643753206320109e-01	6.045307338572742e-02	801
8.532392299060688e-01	6.366782290106812e-02	802
8.298718284001033e-01	7.005389392003265e-02	803
8.176434447326092e-01	7.322439777432226e-02	804
8.050457692368546e-01	7.633940642629575e-02	805
7.789054781389249e-01	8.230946025632201e-02	806
7.653636067200570e-01	8.514677336050565e-02	807
7.514956624289325e-01	8.785443484206856e-02	808
7.229798637302378e-01	9.276979126112056e-02	809
7.083382428626522e-01	9.497808186696993e-02	810
6.934618059345097e-01	9.699094807722711e-02	811
6.477158906260030e-01	1.018264266037885e-01	812
5.528596894337695e-01	1.061783976577768e-01	813
5.368187118919249e-01	1.062302941128625e-01	814
6.321571365447133e-01	1.030228295738576e-01	815
6.164881550679761e-01	1.040232311714668e-01	816
6.007073288730164e-01	1.048350135794197e-01	817
2.186481333041757e-01	8.620995021889560e-02	818
2.055748609186249e-01	8.468523435683953e-02	819
1.927709111328134e-01	8.312988522111160e-02	820
1.802460032427228e-01	8.152902404636692e-02	821
1.680098421530547e-01	7.986734835724299e-02	822
3.502121266126416e-02	4.831980618200232e-02	823
2.874079831970358e-02	4.525602027750200e-02	824
8.030079163787343e-01	-6.027540145426950e-02	825
8.155294322410264e-01	-5.806070719478404e-02	826
8.277121861123353e-01	-5.581963645664829e-02	827
5.071158887277916e-01	-9.471556935068236e-02	828
5.230636175164570e-01	-9.362111053791297e-02	829
2.282370625705375e-02	4.215020389250971e-02	830
1.743093636115521e-02	3.876530128807046e-02	831
9.185752493741324e-02	6.648588510386690e-02	832
8.247014315823972e-02	6.419653542055495e-02	833
7.349140734496808e-02	6.180545562446415e-02	834
3.024746568858421e-01	9.456491024541135e-02	835
3.779705227449310e-01	1.004395051593657e-01	836
3.625588093041848e-01	9.938494195357787e-02	837
3.472637917499817e-01	9.825908281561907e-02	838
9.464870360769783e-01	3.337307705732234e-02	839
9.390807035734686e-01	3.615263698982010e-02	840
9.312177406340644e-01	3.900233539086611e-02	841
6.175814962476084e-01	-8.547096604461643e-02	842
6.329791235949046e-01	-8.385175276831279e-02	843
6.482515034330006e-01	-8.217426138825641e-02	844
2.606895103225229e-01	-9.811118626952481e-02	845
2.749602864792504e-01	-9.875815333863124e-02	846
-1.047790984197690e-02	-1.144831859038937e-02	847
9.235607494528418e-02	-8.752944983226754e-02	848
9.995736346355044e-01	7.378582584798031e-03	849
9.860776726668596e-01	2.142423235275563e-02	850
5.484008990086489e-01	-1.118220252826479e-01	851
-1.060544407328858e-02	5.224487247411892e-03	852
9.994544561791162e-01	-3.878926914456977e-03	853
9.280450301236683e-01	-4.477300693408623e-02	854
9.361978510066882e-01	-4.199158390664093e-02	855
2.669215905044661e-02	-5.757202360042622e-02	856
9.957258191833530e-01	1.282318285410230e-02	857
4.970328683142874e-01	1.256819240612740e-01	858
-9.123784931228892e-03	-1.638651947063280e-02	859
6.563507616992873e-03	3.799804942475926e-02	860
-1.887748693964926e-03	-3.052296687566005e-02	861
9.660418138021677e-01	3.398273561283947e-02	862
9.979070261290970e-01	1.018896149867036e-02	863
-8.706618070918746e-03	1.600287346220649e-02	864
6.574880805780141e-01	1.199115153137059e-01	865
-6.715863319596601e-03	2.051410701101702e-02	866
1.000502299824139e+00	3.478810191887063e-04	867
1.000492515100051e+00	-3.652068881643003e-04	868
7.993143652006007e-01	-7.752431320372813e-02	869
1.593434719509359e-01	-1.035239013024137e-01	870
1.495879161047140e-02	-4.893631453474407e-02	871
4.042751470816273e-01	-1.191629931362022e-01	872
8.257334764030366e-02	-8.424187966811900e-02	873
4.521561581442367e-01	-1.177567610788280e-01	874
2.962265250126646e-01	-1.177877573424032e-01	875
9.897825340825935e-01	1.848975301723114e-02	876
5.618670246181008e-01	1.257578006307369e-01	877
9.598413087876767e-01	3.724208785426956e-02	878
9.531718521150389e-01	4.054372824682125e-02	879
7.889439303182149e-01	9.707480322201383e-02	880
1.480175144175536e-01	9.170390420361023e-02	881
2.651985273933549e-01	1.090364609484701e-01	882
9.924177694285763e-01	-1.508976058447689e-02	883
5.754033759201292e-02	6.754773783258901e-02	884
8.704182362797400e-01	-6.147538822432161e-02	885
9.995665923467796e-01	3.906202728480114e-03	886
9.930363385093455e-01	1.557550539689466e-02	887
9.993333638229619e-01	-7.312128688019496e-03	888
9.756742518553199e-01	-2.574303760808997e-02	889
9.997558075890875e-03	-4.433940828189299e-02	890
7.028020864335086e-01	-9.421586481358724e-02	891
-4.853598248847499e-03	-2.582496040468428e-02	892
7.173497439567963e-01	-9.199854149146319e-02	893
7.316384518064454e-01	-8.973235932620276e-02	894
5.517583797390650e-03	-3.990777547368170e-02	895
9.952507649028144e-01	-1.252475133423573e-02	896
1.514382222193294e-03	-3.511000941618163e-02	897
8.394003987701030e-01	8.311764700529142e-02	898
5.132504042084087e-01	1.259114150248850e-01	899
3.087541627297898e-01	1.138748479313754e-01	900
-1.019176176954799e-02	1.123413328224027e-02	901
2.430153076224638e-03	3.360368180673379e-02	902
6.730060347634063e-01	1.182388400226091e-01	903
8.941094821731570e-01	6.495854273980127e-02	904
3.236961155885129e-01	1.153561909942142e-01	905
2.939752919901661e-01	1.123113658264654e-01	906
2.794514366610651e-01	1.106877071658853e-01	907
6.731313093895062e-01	-9.841179374002171e-02	908
6.880573066483012e-01	-9.634247051222415e-02	909
9.817677386097753e-01	2.452361576028416e-02	910
-1.095427217760829e-03	2.936040748610588e-02	911
-4.187432833174964e-03	2.497080809699608e-02	912
-7.256278838526336e-03	-2.110873878040363e-02	913
-1.070654921044464e-02	-5.312652904199248e-03	914
2.066610295506496e-02	-5.349396713716981e-02	915
9.702517488219583e-01	-2.841118419802373e-02	916
9.889977101483612e-01	-1.775208637304599e-02	917
5.780367345648035e-01	1.252739577109277e-01	918
8.481016235422668e-01	-6.695683781328281e-02	919
8.594605497095508e-01	-6.422289398092328e-02	920
8.810207078213694e-01	-5.872132337426776e-02	921
8.912494095552677e-01	-5.593551211060371e-02	922
6.432005910184226e-02	-7.722478847682269e-02	923
7.322776914936262e-02	-8.080885224667311e-02	924
9.010512409879896e-01	-5.314722818706290e-02	925
9.104638963769723e-01	-5.035793835573971e-02	926
9.194685984217597e-01	-4.756035869391270e-02	927
9.579731846837655e-01	-3.379727341991137e-02	928
9.643429489367084e-01	-3.109748743362450e-02	929
7.731012381243304e-01	-8.254982071519761e-02	930
7.863441181301664e-01	-8.004871551057571e-02	931
9.975555777279668e-01	-1.002389550303842e-02	932
4.682309228878725e-01	-1.170474361332233e-01	933
4.843099863848853e-01	-1.162125867518246e-01	934
4.201882709411301e-01	-1.188221851274403e-01	935
4.361456320895921e-01	-1.183458851586716e-01	936
9.438900541338935e-01	-3.923565141519506e-02	937
9.511436073770152e-01	-3.651191760873693e-02	938
1.355816030635630e-01	-9.872136977157060e-02	939
1.472717251544966e-01	-1.011927694857077e-01	940
5.644142294323212e-01	-1.105278033523881e-01	941
9.806177535741980e-01	-2.308996542124497e-02	942
9.851179974251746e-01	-2.037625264767163e-02	943
7.456991323763915e-01	-8.740881099369274e-02	944
7.595456526726542e-01	-8.501144032253824e-02	945
1.025977901161730e-01	-9.065706248344535e-02	946
1.133840370957884e-01	-9.355615448745092e-02	947
1.242686563858381e-01	-9.611377994197182e-02	948
5.803192368946473e-01	-1.090769236512396e-01	949
5.961094915256130e-01	-1.075061999722776e-01	950
3.317580256302741e-02	-6.180473342773159e-02	951
4.023743641134557e-02	-6.596952876319327e-02	952
4.797981029498818e-02	-6.998792758322042e-02	953
5.592328837047893e-02	-7.353876381969446e-02	954
3.416654478249524e-01	-1.191979263023374e-01	955
3.571516456559966e-01	-1.193985490092027e-01	956
3.727682624647299e-01	-1.194453752601888e-01	957
3.884627429865196e-01	-1.193640356977093e-01	958
1.717837652605551e-01	-1.056918008224249e-01	959
1.845370852850515e-01	-1.076844725180835e-01	960
1.975779439410590e-01	-1.095060203645887e-01	961
2.108910419565592e-01	-1.111746256460779e-01	962
2.244856578846066e-01	-1.126961863098140e-01	963
3.263812295065601e-01	-1.188630557608640e-01	964
3.112373961767763e-01	-1.184026750950296e-01	965
2.383818708888967e-01	-1.140596513871548e-01	966
4.809113306480642e-01	1.253059878944840e-01	967
9.770111060467999e-01	2.761391808681939e-02	968
9.717726959215104e-01	3.076841057262196e-02	969
4.647854418550459e-01	1.248213227154061e-01	970
4.486810416014857e-01	1.241934873065560e-01	971
4.326696598725572e-01	1.234372568471444e-01	972
4.167455157034921e-01	1.225725539425548e-01	973
4.009011780657782e-01	1.215903534417853e-01	974
4.959301442236605e-02	6.452876662077713e-02	975
4.182336829061538e-02	6.107789829325497e-02	976
2.511915260182906e-01	1.074447367910706e-01	977
2.372399238258348e-01	1.057188302320033e-01	978
1.365196006086124e-01	8.941297418976571e-02	979
1.253753815051775e-01	8.705734558793776e-02	980
1.146335104620270e-01	8.481156271744564e-02	981
1.039737036744038e-01	8.228947944336507e-02	982
9.220489003570113e-01	5.422527344563404e-02	983
9.131539002335773e-01	5.777216383613856e-02	984
9.038343360595836e-01	6.134913335246865e-02	985
8.839401084141808e-01	6.859785511619788e-02	986
8.733810216959584e-01	7.222700322346566e-02	987
8.624555671936942e-01	7.586617023882627e-02	988
8.511213955044841e-01	7.952528987081156e-02	989
8.273605972438819e-01	8.669951179450286e-02	990
8.148971323984986e-01	9.023708554858825e-02	991
8.020650579247680e-01	9.367764919020286e-02	992
7.754560674965529e-01	1.002766364339037e-01	993
7.616500559195819e-01	1.034419322177681e-01	994
7.474845504841148e-01	1.063448243076503e-01	995
7.330960506949006e-01	1.091532725412353e-01	996
7.184361532048337e-01	1.116818825702519e-01	997
7.034979679717558e-01	1.141227340765727e-01	998
6.883544631419661e-01	1.162316494715523e-01	999
5.293989074310155e-01	1.260381366386544e-01	1000
5.456145518064101e-01	1.259662516590856e-01	1001
6.417790562652296e-01	1.214579846220605e-01	1002
6.260120199160892e-01	1.226745133316264e-01	1003
6.100764962886924e-01	1.237809141919550e-01	1004
5.941196498952229e-01	1.245805021916495e-01	1005
2.236505959658321e-01	1.038903076840564e-01	1006
2.103600191763055e-01	1.020118491196398e-01	1007
1.973412038721209e-01	1.000935410153064e-01	1008
1.845783869177674e-01	9.812401207631623e-02	1009
1.720812035529387e-01	9.607388915557240e-02	1010
1.598751232394520e-01	9.393261048903416e-02	1011
3.470453060961607e-02	5.746164408529823e-02	1012
2.814520729146327e-02	5.375622164405195e-02	1013
8.120211096847634e-01	-7.493665340164629e-02	1014
8.244073612391519e-01	-7.229865883893588e-02	1015
8.364152889722047e-01	-6.963745069483933e-02	1016
5.003870325985424e-01	-1.152620096618527e-01	1017
5.164612124073199e-01	-1.142000396679700e-01	1018
5.324842179837491e-01	-1.130238836464842e-01	1019
2.204237706417688e-02	5.018367613244550e-02	1020
1.623346176074679e-02	4.614046576523684e-02	1021
1.115605002449532e-02	4.200695159568330e-02	1022
9.382531698926416e-02	7.957783581515213e-02	1023
8.411075240950738e-02	7.674048648517341e-02	1024
7.481247141703426e-02	7.378813963204975e-02	1025
6.593183719543111e-02	7.071145550657222e-02	1026
3.851898084047155e-01	1.205066639025991e-01	1027
3.696189049732897e-01	1.193530844272716e-01	1028
3.541386553284467e-01	1.181153264309305e-01	1029
3.388075286286465e-01	1.167747709768522e-01	1030
9.305019055748639e-01	5.072777458279027e-02	1031
9.460695777290055e-01	4.387806651154597e-02	1032
9.385208852437990e-01	4.727262398311992e-02	1033
6.117831011431125e-01	-1.058533971071920e-01	1034
6.273230735491213e-01	-1.041067254631583e-01	1035
6.427285706559200e-01	-1.022966706312114e-01	1036
6.580098367868379e-01	-1.003938667225735e-01	1037
2.526376250691356e-01	-1.152075532550374e-01	1038
2.669252501259932e-01	-1.161339178323384e-01	1039
2.814484625821339e-01	-1.170225376980419e-01	1040
2.916318877923264e-03	-4.691714577888593e-02	1041
9.999376633250754e-01	9.502644038272886e-03	1042
9.764180871717799e-01	-3.389421848426270e-02	1043
1.000474679227995e+00	7.863895600993527e-04	1044
-1.310215571667646e-03	-4.144999925271654e-02	1045
7.347640648227237e-01	-1.095736879756807e-01	1046
9.326086972224223e-02	-1.022402705117791e-01	1047
-4.877192896836482e-03	-3.623878668260552e-02	1048
9.874248620061707e-01	2.803119856702551e-02	1049
-1.041069035078749e-02	-2.566382291459786e-02	1050
1.881392451524063e-02	-6.252443733539625e-02	1051
1.625289207849180e-01	-1.210938457409342e-01	1052
1.390812326785604e-01	1.061486948278616e-01	1053
-1.212423884611451e-04	3.984307108292359e-02	1054
-9.679530244500795e-03	2.498525363642641e-02	1055
-1.431060762362281e-02	8.398797046405743e-03	1056
-7.346034672109578e-03	7.324858019087894e-04	1057
-7.350621302629499e-03	-7.823966514110389e-04	1058
-1.059626339922453e-02	1.129448416715035e-03	1059
-1.239074014892168e-02	-2.039957464831440e-02	1060
9.996038153153486e-01	-9.423478115170568e-03	1061
3.147272517488664e-01	1.354304968069728e-01	1062
9.814919231354259e-01	-3.045898811526535e-02	1063
9.964323105376535e-01	-1.662716235404368e-02	1064
9.437714744970243e-01	-5.102497314834489e-02	1065
8.027691802423473e-01	-9.541989656115424e-02	1066
4.126572488550795e-01	-1.409751122975128e-01	1067
9.991489365941648e-01	1.347329786099482e-02	1068
9.307823865453052e-01	6.388035668219237e-02	1069
9.538748727941107e-01	5.163848095123437e-02	1070
5.467637652134576e-01	1.480274636251082e-01	1071
5.139576924646131e-01	1.479220919194701e-01	1072
6.600780652504271e-01	1.407552550603272e-01	1073
7.794839154983978e-01	1.185706888590194e-01	1074
4.893917173276878e-01	1.475608033862921e-01	1075
5.501569411749211e-01	-1.340809820477587e-01	1076
3.299309764927337e-01	1.371835415932861e-01	1077
9.971160590978942e-01	1.693568919587703e-02	1078
8.307793398001014e-02	-9.834576987384799e-02	1079
1.000359582394823e+00	1.842075830645418e-03	1080
9.912142840346557e-01	2.424278395493867e-02	1081
-1.060628181691897e-02	-1.178673419318384e-03	1082
1.000452574948300e+00	-8.027524269597457e-04	1083
1.000306892637512e+00	-1.852335162779589e-03	1084
9.358798994924568e-01	-5.445315059212068e-02	1085
2.488062193486927e-02	-6.718681512905006e-02	1086
-1.386652939770138e-02	-1.503357522306409e-02	1087
4.262933217478887e-03	4.490332824764542e-02	1088
-7.868243864697644e-03	-3.097651369621945e-02	1089
9.669987388778237e-01	4.365416027701616e-02	1090
-1.181067192053393e-02	1.994547208713012e-02	1091
1.000774707101940e+00	1.367357810130561e-04	1092
1.000770388344132e+00	-1.624375462696644e-04	1093
7.448226450906773e-03	-5.192805194902279e-02	1094
3.180863072808063e-01	-1.393847795586267e-01	1095
3.028015753402820e-01	-1.385546602062595e-01	1096
9.944385286942339e-01	2.051396591526989e-02	1097
5.714840933907415e-01	1.473565050752196e-01	1098
9.606654062209604e-01	4.763743818247079e-02	1099
9.935611889538206e-01	-2.000404078863740e-02	1100
7.057676040899080e-01	-1.146830188513337e-01	1101
-1.344010264179939e-02	1.476214898801861e-02	1102
2.997481711037822e-01	1.336505560783777e-01	1103
2.849282037092601e-01	1.316955581627835e-01	1104
2.704663656545625e-01	1.297718094869078e-01	1105
6.759008657021730e-01	-1.194272520744612e-01	1106
-3.838554729414766e-03	3.497990542656724e-02	1107
-6.983030853149620e-03	3.002557282978279e-02	1108
-1.452747964041792e-02	-8.516863261755292e-03	1109
1.275005158633323e-02	-5.737959123523016e-02	1110
8.575274846436794e-01	-8.133174477074689e-02	1111
8.687090182968314e-01	-7.805781462464008e-02	1112
8.794843621123936e-01	-7.476100785155188e-02	1113
8.899283519761084e-01	-7.143156420964024e-02	1114
7.338219054852567e-02	-9.429340217521189e-02	1115
6.413432889000975e-02	-9.007536611075719e-02	1116
8.999467436347049e-01	-6.805620867822988e-02	1117
9.095440207917547e-01	-6.469258206527262e-02	1118
9.187525633583746e-01	-6.128633508734095e-02	1119
9.275285176576782e-01	-5.787265533433778e-02	1120
9.647598365850510e-01	-4.077618359310568e-02	1121
9.708352242676132e-01	-3.733772802777829e-02	1122
7.764612708602739e-01	-1.012875443327462e-01	1123
9.986389442493561e-01	-1.331002492916963e-02	1124
4.611456028392041e-01	-1.396708180570247e-01	1125
4.774044719827703e-01	-1.389474559469872e-01	1126
4.287867562822216e-01	-1.406863312364887e-01	1127
4.449357894775727e-01	-1.402361742743705e-01	1128
9.512013759700609e-01	-4.762563660893818e-02	1129
9.582060568395119e-01	-4.420966457187715e-02	1130
1.379925979560097e-01	-1.153418884023849e-01	1131
1.500471134261426e-01	-1.183006437645536e-01	1132
9.861070279476748e-01	-2.694404438143216e-02	1133
9.901220138102264e-01	-2.347426195182164e-02	1134
7.559369358403046e-01	-1.055479213515601e-01	1135
1.040756399252984e-01	-1.059479843296580e-01	1136
1.152709972926551e-01	-1.091520072891047e-01	1137
1.263259551730912e-01	-1.122340387105164e-01	1138
5.823923471587110e-01	-1.311888422121749e-01	1139
3.165284789897528e-02	-7.216658345668697e-02	1140
3.919342836025923e-02	-7.710483236648440e-02	1141
4.738054921699297e-02	-8.160840439158115e-02	1142
5.539716974392943e-02	-8.572661183924207e-02	1143
3.334857155759108e-01	-1.400331241044749e-01	1144
3.490559185782814e-01	-1.405524626394505e-01	1145
3.648309274883741e-01	-1.408857144399282e-01	1146
3.806641702651892e-01	-1.410671887816311e-01	1147
3.965928427992945e-01	-1.410965871736892e-01	1148
1.753353006913119e-01	-1.236910074676369e-01	1149
1.884646295356500e-01	-1.260864968188159e-01	1150
2.018290524139001e-01	-1.282962945156701e-01	1151
2.154921115046768e-01	-1.303327665834201e-01	1152
2.294450417742054e-01	-1.322051602147025e-01	1153
9.830452576640875e-01	3.192708771768454e-02	1154
9.782022895482935e-01	3.578763389398473e-02	1155
9.728488656621943e-01	3.970306552790606e-02	1156
4.730995403381631e-01	1.472381346932290e-01	1157
4.567081102238508e-01	1.466930107307846e-01	1158
4.405089547762386e-01	1.459505928411085e-01	1159
4.243198710860155e-01	1.450550136755378e-01	1160
4.083085236294749e-01	1.440323765424497e-01	1161
4.938695764838245e-02	7.609677245136588e-02	1162
4.118279967330069e-02	7.215209217603068e-02	1163
2.563316698179670e-01	1.277818982258919e-01	1164
2.421659699373736e-01	1.259094144000703e-01	1165
1.276400197874602e-01	1.032929885101635e-01	1166
1.167886087879379e-01	1.004935531234416e-01	1167
1.057466528549533e-01	9.766674320097854e-02	1168
9.221856109445762e-01	6.804378520396386e-02	1169
9.130922324511487e-01	7.223440713267927e-02	1170
9.036234700096770e-01	7.642828650476079e-02	1171
8.936606102033955e-01	8.063340318073062e-02	1172
8.832929067078640e-01	8.483703547205686e-02	1173
8.725237500393459e-01	8.896709474572226e-02	1174
8.613919115979485e-01	9.308620864701381e-02	1175
8.438231550281372e-01	9.926611987538325e-02	1176
8.255432880754259e-01	1.052612025815135e-01	1177
8.063419807560968e-01	1.111098320748769e-01	1178
7.512217360543617e-01	1.253939361150394e-01	1179
7.218273368038066e-01	1.314098712764671e-01	1180
6.913668669530572e-01	1.365609333510787e-01	1181
6.281705183387064e-01	1.439407900634321e-01	1182
5.958259751752133e-01	1.461308215788459e-01	1183
2.281780705859967e-01	1.236736364005495e-01	1184
2.146269215092549e-01	1.214510765883658e-01	1185
2.013681650255927e-01	1.190770443674300e-01	1186
1.883729748888381e-01	1.167480053021772e-01	1187
1.755986200006518e-01	1.142590491279891e-01	1188
1.630773880600324e-01	1.116926984971367e-01	1189
1.508777992336899e-01	1.089754656918335e-01	1190
3.357977762467821e-02	6.776876850261877e-02	1191
2.671609153936760e-02	6.330853057399211e-02	1192
8.218363371892911e-01	-9.084253685158525e-02	1193
8.340803284008701e-01	-8.771794625923719e-02	1194
8.459465147717533e-01	-8.455960248403800e-02	1195
4.936543544007934e-01	-1.380881951108577e-01	1196
5.179950339812061e-01	-1.364993102391561e-01	1197
2.055400112521242e-02	5.911915978926444e-02	1198
1.437533619050887e-02	5.448425096629470e-02	1199
8.930550955370160e-03	4.950840883457300e-02	1200
9.506165470781344e-02	9.436894958664384e-02	1201
8.496591407647659e-02	9.090511889780180e-02	1202
7.533215076188267e-02	8.730710874298525e-02	1203
6.612644916020294e-02	8.356885934337817e-02	1204
5.740705332766004e-02	7.972184929697941e-02	1205
3.923123628841520e-01	1.428436967090939e-01	1206
3.765983566727423e-01	1.415976689958264e-01	1207
3.609055378302826e-01	1.402472678651651e-01	1208
3.453071120210154e-01	1.387728357749947e-01	1209
9.466528642350318e-01	5.566109782718177e-02	1210
9.389587263200132e-01	5.974911762425343e-02	1211
6.141205861225107e-01	-1.276892673635471e-01	1212
6.452852440707251e-01	-1.237672646614795e-01	1213
2.438358685047338e-01	-1.338648998497952e-01	1214
2.583923542332983e-01	-1.351625664411448e-01	1215
2.728673103443979e-01	-1.363969125713408e-01	1216
2.876864445857572e-01	-1.375572446180277e-01	1217
9.997901981474606e-01	-2.543091702829892e-03	1218
9.998605546616929e-01	2.550774950030574e-03	1219
-8.500194985402313e-03	-4.247880457597013e-02	1220
-1.419124047007789e-02	3.677501642360266e-03	1221
1.000802810657029e+00	-5.649186056082860e-04	1222
9.880191635611311e-01	-3.412551045481980e-02	1223
9.990989485499481e-01	2.127215100292921e-02	1224
-1.721862908155030e-02	1.867950579252614e-02	1225
9.750369107882771e-01	4.952691348324358e-02	1226
1.000788205396205e+00	-8.197465309758805e-03	1227
9.954682280503407e-01	-2.526873963996529e-02	1228
-1.862352024634042e-02	-1.221964685757513e-02	1229
1.590154786567851e-02	-7.239341142134220e-02	1230
-4.871343083393082e-03	-4.847593734395631e-02	1231
3.282835990582270e-01	1.599828959161020e-01	1232
1.000818826720031e+00	5.381576140400753e-04	1233
-7.206511627834459e-03	4.115463724198820e-02	1234
-1.550725976182822e-02	2.433626347146547e-02	1235
-5.746929548707693e-04	-5.451920223177106e-02	1236
9.833667763567000e-01	-3.855867988468203e-02	1237
5.359093435528466e-01	-1.601771314898108e-01	1238
9.966210049527503e-01	2.575052035142603e-02	1239
3.168999001690036e-01	-1.617940297600582e-01	1240
9.523987333544095e-01	-6.002261003087699e-02	1241
9.407505828489037e-01	-6.628406454234288e-02	1242
6.327222714146478e-01	-1.499265873511348e-01	1243
9.337549833652786e-02	-1.188132074144237e-01	1244
1.715691833547034e-01	-1.423922295649663e-01	1245
-1.626540127197212e-02	-2.484199551622972e-02	1246
4.292776232821126e-01	-1.642633811552807e-01	1247
7.254747399966409e-02	-1.093941966463747e-01	1248
8.263184340431350e-02	-1.141777975313429e-01	1249
1.234681008872884e-01	1.197980197404997e-01	1250
9.897166830342004e-01	3.518419945411667e-02	1251
9.363912454543584e-01	7.602559764826193e-02	1252
-1.826438385994179e-02	1.206780637994881e-02	1253
-3.397839502944786e-03	4.680140335286014e-02	1254
9.782043077481400e-01	-4.289640309022889e-02	1255
1.000442144047201e+00	1.206268523015193e-03	1256
9.935191769317637e-01	3.046599771187376e-02	1257
-9.464492085610605e-03	-2.498443999426883e-05	1258
-1.779927039841127e-02	-1.899422686788511e-02	1259
9.981926694456690e-01	-2.099110915239719e-02	1260
7.494536603565417e-01	-1.293457662025834e-01	1261
5.028412469347108e-01	1.725092397320177e-01	1262
4.735172964291126e-01	1.709274517354439e-01	1263
1.001001746605582e+00	1.692642375619392e-02	1264
1.001099728145002e+00	-1.789864164801320e-05	1265
1.001077039202447e+00	8.218290261902853e-03	1266
-1.426437757044581e-02	-3.729173616518907e-03	1267
1.000408012528307e+00	-1.220930022145997e-03	1268
2.207111609496954e-02	-7.785464959815123e-02	1269
-1.417952122689447e-02	-3.069930599476655e-02	1270
-1.159296837575814e-02	-3.652517108731198e-02	1271
5.610130316672062e-01	1.720480557860697e-01	1272
9.806809382272701e-03	-6.681544122784873e-02	1273
9.690959010943012e-01	5.432528394392038e-02	1274
9.626669487311258e-01	5.913196765286228e-02	1275
5.319493790359811e-01	1.724510475079558e-01	1276
2.977248488618675e-01	1.559637065428565e-01	1277
2.681945454952600e-01	1.512903736333984e-01	1278
7.241775410351518e-01	-1.345866830877469e-01	1279
-1.047953385753123e-02	3.551288457258123e-02	1280
-1.324299452180557e-02	2.995864491544542e-02	1281
4.066454578704354e-03	-6.036857397025763e-02	1282
8.733851560370666e-01	-9.414595314032925e-02	1283
8.947001810275745e-01	-8.644394199195905e-02	1284
6.295799904330154e-02	-1.044403233066748e-01	1285
9.143814576028528e-01	-7.850993763541345e-02	1286
9.281432519759907e-01	-7.250337423923094e-02	1287
9.724991617611309e-01	-4.722799175325187e-02	1288
1.000316653634393e+00	-1.679586476516072e-02	1289
4.620450590896552e-01	-1.633755682009495e-01	1290
9.595660174112153e-01	-5.580067334572528e-02	1291
9.662792879324660e-01	-5.153005822448223e-02	1292
1.458045469341862e-01	-1.357914453496828e-01	1293
9.920976147487650e-01	-2.972613416330887e-02	1294
7.705344600837016e-01	-1.245503368994655e-01	1295
7.940855010020902e-01	-1.186858054633033e-01	1296
1.105529329831586e-01	-1.248670134903506e-01	1297
1.275046347461279e-01	-1.303263939251728e-01	1298
5.684774931799673e-01	-1.574834555490326e-01	1299
2.924526754195627e-02	-8.376979171742360e-02	1300
3.746244876469235e-02	-8.960734924920644e-02	1301
4.566500665139626e-02	-9.445328356468762e-02	1302
5.387940367223545e-02	-9.933494841146158e-02	1303
3.483708261661424e-01	-1.634473709297693e-01	1304
3.804381781467591e-01	-1.642671592232366e-01	1305
4.047283397148237e-01	-1.645482540964550e-01	1306
1.985846873431414e-01	-1.479748739534621e-01	1307
2.267707835281474e-01	-1.528580574615562e-01	1308
9.853474270586550e-01	3.998787861798555e-02	1309
9.804633741181064e-01	4.473854497361141e-02	1310
4.404071336077048e-01	1.695357656856330e-01	1311
4.077532837719711e-01	1.674883909739880e-01	1312
3.986179960155940e-02	8.460072706095033e-02	1313
2.395660181221261e-01	1.471049222905272e-01	1314
1.069690254253048e-01	1.149925603120738e-01	1315
8.212028079106535e-01	1.269588119382367e-01	1316
9.187217490397281e-01	8.568603966369248e-02	1317
8.992340347405121e-01	9.531215416133111e-02	1318
8.779463773643980e-01	1.047362644773201e-01	1319
8.580910292852578e-01	1.135270617515811e-01	1320
8.401173588624441e-01	1.203150177486413e-01	1321
7.979683763700941e-01	1.343599116091292e-01	1322
7.701338459091028e-01	1.423565267837699e-01	1323
7.409771539615186e-01	1.495622091177219e-01	1324
7.107025809853088e-01	1.558667790922051e-01	1325
6.794351493839690e-01	1.611882431338927e-01	1326
6.473981545720047e-01	1.654489438600726e-01	1327
6.148190253002558e-01	1.686290507043188e-01	1328
5.860440865783949e-01	1.707849252970529e-01	1329
2.115481667867063e-01	1.417114587828992e-01	1330
1.850008700852609e-01	1.361596866424046e-01	1331
1.656114995125968e-01	1.316472167055124e-01	1332
1.529557189946624e-01	1.284020107847543e-01	1333
1.407249847731639e-01	1.249652978268505e-01	1334
3.157459961775923e-02	7.935281213346966e-02	1335
2.429211595717277e-02	7.396265609024592e-02	1336
8.169256985902005e-01	-1.125841949171141e-01	1337
8.385432076357245e-01	-1.053499332734427e-01	1338
8.564207447848060e-01	-9.991012321260853e-02	1339
4.867371930379259e-01	-1.622756720623565e-01	1340
5.074003077392699e-01	-1.622211175206021e-01	1341
1.800558252526394e-02	6.895476774118549e-02	1342
1.178607992001405e-02	6.384887709695138e-02	1343
5.879660492006404e-03	5.789790244872095e-02	1344
1.076134293322790e-03	5.245150555304750e-02	1345
9.551565749666831e-02	1.110465373415521e-01	1346
8.486213991692841e-02	1.068333490459791e-01	1347
7.484325362489944e-02	1.024792109612139e-01	1348
6.530435788671708e-02	9.797116883913676e-02	1349
5.627282738393029e-02	9.332985458348263e-02	1350
4.805979999594678e-02	8.892999247124833e-02	1351
3.756765898562787e-01	1.647333982638696e-01	1352
3.518473074401280e-01	1.626863142572456e-01	1353
9.557711363829291e-01	6.392836136016122e-02	1354
9.484236704900411e-01	6.872103459754592e-02	1355
6.009423118167855e-01	-1.540153401481531e-01	1356
6.639256223830405e-01	-1.453235324931017e-01	1357
6.944721353721018e-01	-1.401965644954729e-01	1358
2.563415540991761e-01	-1.563695539970034e-01	1359
2.860273665150838e-01	-1.594149033559072e-01	1360
1.001861987117152e+00	1.423834226019445e-02	1361
1.000424875585127e+00	-2.480077127033810e-03	1362
1.000176624989596e+00	-3.350350715381063e-03	1363
1.000924613118702e+00	6.720803272465667e-03	1364
3.860885866474435e-02	-1.060111534595620e-01	1365
1.002383081891317e+00	2.014190721548415e-02	1366
1.001105979790078e+00	3.326355574172049e-04	1367
1.001243300177385e+00	-9.820575476952580e-03	1368
-1.606400684210820e-02	-4.256800103604124e-02	1369
-5.116183183653196e-03	-6.276433753559027e-02	1370
1.000697504540138e+00	-6.710054816064464e-03	1371
1.001299848920369e+00	-1.418047463873101e-02	1372
-1.471596520205171e-02	4.152429723677278e-02	1373
-2.281037399182757e-02	1.604847458757907e-02	1374
-2.331836963851522e-02	-1.621708582773235e-02	1375
9.888064324470424e-01	4.861639128682598e-02	1376
7.653520696788826e-01	-1.507098642854633e-01	1377
3.383422246316001e-01	1.877983270029618e-01	1378
1.001604897049118e+00	9.837714680002850e-03	1379
9.276050262424209e-01	-9.005282648881324e-02	1380
5.793971787237378e-03	-7.714156805749421e-02	1381
4.137639965218720e-02	1.007535018272035e-01	1382
-1.146930553412437e-02	4.788105242916502e-02	1383
-1.302255630951487e-02	-4.923075878049085e-02	1384
4.171997765313536e-01	-1.916829466433699e-01	1385
9.622274358485945e-01	-6.843271265691987e-02	1386
6.522190371003119e-01	-1.743019831132994e-01	1387
5.544337119305605e-01	-1.865313659152020e-01	1388
9.909651685691098e-01	-4.179373648524482e-02	1389
9.949043904376053e-01	-3.635059262094734e-02	1390
1.171056177001822e-02	-8.313904926701506e-02	1391
1.815231321865309e-02	-8.965481625596920e-02	1392
1.000829560551591e+00	9.824595588572738e-04	1393
9.996526344775520e-01	3.120521965044403e-02	1394
1.001979278499752e+00	2.585169479825434e-02	1395
9.784978489743824e-01	6.015657869373271e-02	1396
2.801750348104452e-01	1.788700501157332e-01	1397
5.761810194419846e-01	1.984557374578054e-01	1398
7.140586995057703e-01	-1.627179462843694e-01	1399
6.055436358424978e-02	-1.203912491834009e-01	1400
1.000276404188965e+00	3.351849791670324e-03	1401
1.000497676078900e+00	2.469075362552095e-03	1402
-1.327964080244753e-02	4.083865557369843e-04	1403
9.863861861769441e-01	-4.729893592004263e-02	1404
9.839384690141576e-01	5.437047572303505e-02	1405
1.001095489268426e+00	-3.684043091004402e-04	1406
9.982196686213469e-01	-3.080621083533923e-02	1407
-2.166428787069051e-02	2.297556978408474e-02	1408
-9.356907779966414e-03	-5.611341535460630e-02	1409
5.235880498246390e-01	-1.889537901409984e-01	1410
-2.241035608228549e-02	-2.331289035397258e-02	1411
7.051010438536956e-02	-1.262161508403744e-01	1412
8.111516626464807e-02	-1.318834238738760e-01	1413
9.966658225798016e-01	3.700849406650907e-02	1414
-1.904024132030640e-02	6.179399512290993e-03	1415
9.811924378292971e-01	-5.265610767842934e-02	1416
1.000836347474615e+00	-2.564624357556822e-02	1417
7.418512780775715e-01	-1.565043488208407e-01	1418
-1.922347807698279e-02	-6.229426119778931e-03	1419
1.000800443511488e+00	-1.008949059980519e-03	1420
5.115224037100844e-02	-1.143950334832632e-01	1421
-2.084470581259648e-02	-2.974419877695948e-02	1422
-1.873021344262580e-02	-3.616493010368829e-02	1423
5.191300400845694e-01	1.999425015452890e-01	1424
-1.870280683169019e-04	-6.976921414035808e-02	1425
9.725112547082956e-01	6.591546111442463e-02	1426
5.484502079255329e-01	1.994793159791468e-01	1427
3.109958451261269e-01	1.840052361631190e-01	1428
6.037083329842858e-01	1.963581264905637e-01	1429
-1.757938521867850e-02	3.539268452811069e-02	1430
-1.989567825716869e-02	2.920885470615565e-02	1431
8.903065281038589e-01	-1.078030915104339e-01	1432
9.109262958599531e-01	-9.843075113251094e-02	1433
9.409402353847304e-01	-8.256006983688625e-02	1434
9.529679938387825e-01	-7.496943559475737e-02	1435
1.001529992022237e+00	-2.003449545206986e-02	1436
4.462943962390987e-01	-1.913178718480270e-01	1437
9.691109425209979e-01	-6.330267837950822e-02	1438
9.754246564808303e-01	-5.800739074510618e-02	1439
3.921494811148479e-01	-1.913997595441480e-01	1440
8.345256226708858e-01	-1.295333242729809e-01	1441
8.534580041093989e-01	-1.224299421822996e-01	1442
7.879565209486595e-01	-1.445174487712099e-01	1443
9.574050529843919e-02	-1.385113986062034e-01	1444
1.130611904760844e-01	-1.451013201422256e-01	1445
1.307621522622881e-01	-1.516421280134715e-01	1446
2.595054385045373e-02	-9.676911897569029e-02	1447
3.310399893610367e-01	-1.886112256824645e-01	1448
3.635318419587538e-01	-1.904455769114952e-01	1449
1.531765564764953e-01	-1.589779710162691e-01	1450
1.802766662192687e-01	-1.664861959427668e-01	1451
6.835292338636755e-01	-1.688229853285266e-01	1452
9.930518705357243e-01	4.275537570273607e-02	1453
4.884020318489246e-01	1.991936596658089e-01	1454
4.577669871377931e-01	1.977228680569524e-01	1455
1.097126375119949e-01	1.351959206617760e-01	1456
9.345223513712111e-01	9.465579559770275e-02	1457
9.159507057879017e-01	1.059217794414922e-01	1458
8.373186506312013e-01	1.438897820717280e-01	1459
8.954191850862937e-01	1.170007047825232e-01	1460
8.754594772092370e-01	1.271396130389709e-01	1461
8.559091008895010e-01	1.362854691153952e-01	1462
8.159614597691772e-01	1.518407866192523e-01	1463
7.901753040862366e-01	1.604888971241698e-01	1464
7.612922897250327e-01	1.690612999598298e-01	1465
7.311509825792268e-01	1.766985204576298e-01	1466
6.999047636442071e-01	1.833128590417819e-01	1467
6.677265946573553e-01	1.888234215222599e-01	1468
6.348697492167507e-01	1.931695037163531e-01	1469
2.511526898894012e-01	1.738071441897203e-01	1470
2.217127166305069e-01	1.680109457341360e-01	1471
1.939713133406653e-01	1.613633083799168e-01	1472
1.704178554564516e-01	1.551125456721672e-01	1473
1.480381192242052e-01	1.470911411528353e-01	1474
1.264679331881023e-01	1.410167583405650e-01	1475
2.868415662093725e-02	9.238853917170516e-02	1476
2.075494967656753e-02	8.580095279747951e-02	1477
8.113003650326220e-01	-1.375814201536347e-01	1478
8.711947685781108e-01	-1.157333609360527e-01	1479
4.755559610182282e-01	-1.904496967875142e-01	1480
4.971171008818586e-01	-1.900119528274015e-01	1481
1.417493584107721e-02	7.973143813450231e-02	1482
8.125056193532921e-03	7.415278110417865e-02	1483
1.960536193571369e-03	6.727394184386616e-02	1484
-3.160252325127566e-03	6.069131381748510e-02	1485
-7.594757389927322e-03	5.441247878505191e-02	1486
9.517490316228371e-02	1.298111994890287e-01	1487
8.367517967851450e-02	1.246913088248305e-01	1488
7.312593468254081e-02	1.194245227897860e-01	1489
6.321381922615302e-02	1.140141757428570e-01	1490
5.382648931912865e-02	1.084262989251956e-01	1491
4.243128298460235e-01	1.958672495018500e-01	1492
3.912360559141260e-01	1.931794165253223e-01	1493
3.628219461008015e-01	1.905053399284320e-01	1494
9.623959129495367e-01	7.432063117335629e-02	1495
9.494040439353334e-01	8.463174274640607e-02	1496
5.876092617943379e-01	-1.833003327424801e-01	1497
6.202875811743432e-01	-1.791411320928608e-01	1498
2.084019851949090e-01	-1.729505728389286e-01	1499
2.383905350153440e-01	-1.783194446335915e-01	1500
2.683771867851156e-01	-1.823184869986808e-01	1501
2.992487115891039e-01	-1.858725696704542e-01	1502
1.000925097401300e+00	3.045603339419015e-03	1503
1.000160801666496e+00	-5.111215271941768e-03	1504
9.994227290755033e-01	-5.669580989569428e-03	1505
1.000749249591371e+00	1.164166184438885e-02	1506
-2.679666894157669e-02	2.765078011544471e-02	1507
1.000322385530382e+00	5.126489295665148e-03	1508
-2.275201207312026e-02	4.134266130557632e-02	1509
9.732421264739302e-01	-7.595401880343840e-02	1510
1.001155671550932e+00	-7.765147080664679e-04	1511
1.002860794393935e+00	-1.625494262232362e-02	1512
1.004423046131696e+00	-1.710916667108173e-02	1513
9.905881292930456e-01	-5.650369322582625e-02	1514
1.000827624525957e+00	1.426052535426486e-03	1515
9.934442973572508e-01	5.764522647280148e-02	1516
2.619802856317458e-01	2.038373337123534e-01	1517
1.002170735547626e+00	-8.684629523766486e-03	1518
1.001779208768072e+00	-7.390173477936079e-03	1519
-1.073905367056921e-02	-7.181641757315731e-02	1520
1.001178561334934e+00	7.389799235012074e-04	1521
-1.676430316853900e-02	5.517834552386423e-02	1522
1.347076609996946e-01	-1.762298201598119e-01	1523
3.611261260402812e-02	-1.227952971211192e-01	1524
9.424460124524415e-01	-1.008263583919323e-01	1525
7.836488635934949e-01	-1.733381768401683e-01	1526
1.000315454277873e+00	-1.156920342015449e-02	1527
1.002041967851837e+00	7.365692898951041e-03	1528
1.002489981393640e+00	8.654899663896367e-03	1529
1.000785142342016e+00	-1.451354261431698e-03	1530
-2.151450715780965e-02	-4.900977508574113e-02	1531
5.649638660803319e-01	2.293396204961562e-01	1532
6.729507624246810e-01	-2.008850476268424e-01	1533
4.319961697611188e-01	-2.220062727282977e-01	1534
5.936088470150570e-01	2.274277759495490e-01	1535
9.506094362312533e-01	1.032521278703749e-01	1536
9.143747443401652e-01	1.288195941494094e-01	1537
3.220794092136144e-01	2.149813249637808e-01	1538
2.668672435634437e-02	1.083012803621221e-01	1539
5.115291731420717e-01	-2.204293439772486e-01	1540
-1.993161409396288e-02	4.797487213728135e-02	1541
1.004110184391630e+00	2.999152166699451e-02	1542
5.413616123152581e-01	-2.186144157065271e-01	1543
9.995980793936854e-01	5.714556854094346e-03	1544
1.003530011589602e+00	1.626340225764997e-02	1545
1.005141792531626e+00	1.705408835014005e-02	1546
1.000830731242657e+00	-3.066342612093698e-03	1547
-2.797477938798261e-02	2.032511382513524e-02	1548
3.487207505485581e-01	2.187582752596378e-01	1549
1.001471662400358e+00	1.504778139541591e-04	1550
1.001466278872138e+00	-1.978713234712716e-04	1551
-5.554672348512536e-03	-8.006116526770481e-02	1552
-1.497995601526250e-02	-6.426770548560291e-02	1553
4.041894080710953e-01	-2.217628533127173e-01	1554
9.950790309732570e-01	-4.981753809876620e-02	1555
9.986423677754974e-01	-4.316055237878672e-02	1556
3.746209076279215e-04	-8.823580846219505e-02	1557
6.153635589243143e-03	-9.486401777276766e-02	1558
1.000880125926281e+00	2.057067942079102e-03	1559
9.975543347445638e-01	5.061707539445835e-02	1560
9.887537959736260e-01	6.455652837396328e-02	1561
2.923081905594651e-01	2.097839905297178e-01	1562
7.044415070303701e-01	-1.942930209853222e-01	1563
5.192758813515590e-02	-1.342671666798916e-01	1564
1.001969739607057e+00	-3.677380755906554e-02	1565
-1.857843787040205e-02	-5.651358693675339e-02	1566
-2.864362338165028e-02	-2.048899818429209e-02	1567
6.738577297035056e-02	-1.443173395540916e-01	1568
8.027294806206388e-02	-1.524449885024268e-01	1569
1.003699841650722e+00	3.703971195963355e-02	1570
-2.368504591767874e-02	9.925129622363917e-03	1571
-1.741296069016185e-02	-1.875183409353172e-03	1572
1.002744746205802e+00	-2.984265030179682e-02	1573
7.340742315737062e-01	-1.872419145183897e-01	1574
7.601347828282754e-01	-1.803205478440256e-01	1575
-1.917575044039324e-02	-1.937859145600870e-05	1576
-2.399318698187112e-02	-9.984610315421616e-03	1577
1.000817810405745e+00	-2.081770629565949e-03	1578
-2.771815771831004e-02	-2.798749026797477e-02	1579
-2.627573690640803e-02	-3.505469517240872e-02	1580
-2.412329727718863e-02	-4.211829719757153e-02	1581
5.359839979591712e-01	2.302023038513074e-01	1582
9.833867410957404e-01	7.148059186793139e-02	1583
-2.512722212844358e-02	3.451812682635559e-02	1584
9.087324010253065e-01	-1.210524530069944e-01	1585
9.273859726313810e-01	-1.104366036838412e-01	1586
9.551064251432160e-01	-9.162879258493958e-02	1587
9.656228036691056e-01	-8.301348892942596e-02	1588
9.797907426360103e-01	-6.955474533921638e-02	1589
9.855260988252910e-01	-6.304189926402350e-02	1590
8.521645079122678e-01	-1.479439851588249e-01	1591
8.308967669866205e-01	-1.568173438031084e-01	1592
9.689301427226486e-02	-1.605701064144166e-01	1593
1.143402044231266e-01	-1.678904547327561e-01	1594
1.312389463759558e-02	-1.027440664580641e-01	1595
2.365162426418813e-02	-1.127785932191004e-01	1596
3.453864142548806e-01	-2.187519963742041e-01	1597
3.766509030328213e-01	-2.207345953568204e-01	1598
1.600330503445404e-01	-1.852521583268226e-01	1599
1.000737485473470e+00	4.367627045709105e-02	1600
5.048540156962359e-01	2.301860712635689e-01	1601
4.735383072430581e-01	2.290623465929401e-01	1602
9.339800181549098e-01	1.157574633011989e-01	1603
8.943986588785223e-01	1.409009710871358e-01	1604
8.746267590053813e-01	1.519423495296039e-01	1605
8.550142891559823e-01	1.617143107705895e-01	1606
8.347353159505216e-01	1.706245711747832e-01	1607
8.108256397848642e-01	1.800701472700434e-01	1608
7.831166969784932e-01	1.898303221940663e-01	1609
7.530795116602417e-01	1.990416556154231e-01	1610
7.218146270920029e-01	2.071748364234479e-01	1611
6.894713645125916e-01	2.141349996028122e-01	1612
6.562716905071458e-01	2.198538459798325e-01	1613
6.236469162670766e-01	2.242761869173554e-01	1614
2.320487860974709e-01	1.975822582201236e-01	1615
1.516251260533814e-01	1.732459057652708e-01	1616
1.310147723958396e-01	1.653072568709312e-01	1617
2.024004621182917e-01	1.899750664721873e-01	1618
1.761835213120120e-01	1.821891186058509e-01	1619
1.109903774181405e-01	1.578333756628426e-01	1620
1.607721288672379e-02	9.896051311344728e-02	1621
8.068961276034458e-01	-1.657144856325441e-01	1622
8.701822941246881e-01	-1.400146275787991e-01	1623
8.888203824293357e-01	-1.313198198678983e-01	1624
4.617133281086817e-01	-2.215897651242592e-01	1625
4.868989259435251e-01	-2.210924664048922e-01	1626
8.962091177965349e-03	9.154047532757488e-02	1627
3.047353049349075e-03	8.528160525656983e-02	1628
-3.073696139573699e-03	7.757765352488510e-02	1629
-8.476557905356459e-03	6.977281215743020e-02	1630
-1.293227506066994e-02	6.258950507080692e-02	1631
9.515624246139391e-02	1.513366372685981e-01	1632
8.153682663198124e-02	1.443576057956159e-01	1633
7.030558463873475e-02	1.377241433260815e-01	1634
5.987688992844541e-02	1.314034864802036e-01	1635
4.994561426515262e-02	1.251042936558097e-01	1636
3.914630777767394e-02	1.175296637331411e-01	1637
4.414365928022284e-01	2.273499712311799e-01	1638
4.073531361273000e-01	2.248440414222284e-01	1639
3.759337461213004e-01	2.218418601500047e-01	1640
9.754453365910485e-01	8.018447780881913e-02	1641
9.645937343743289e-01	9.098509774617621e-02	1642
5.739589332866797e-01	-2.157707081950526e-01	1643
6.077669985709888e-01	-2.117077505493780e-01	1644
6.407389496155309e-01	-2.066912325067250e-01	1645
1.883734324858168e-01	-1.938062226294480e-01	1646
2.184145389784687e-01	-2.011699988330636e-01	1647
2.494521797298824e-01	-2.070147584459380e-01	1648
2.803188140064601e-01	-2.116215435399318e-01	1649
3.124048260384036e-01	-2.156903152817276e-01	1650
-3.388614222226287e-02	2.488826457890545e-02	1651
1.000325859675479e+00	-4.313163777152739e-03	1652
1.007785662978778e+00	3.375588371047432e-02	1653
-3.054392892494383e-02	-4.843326977841307e-02	1654
1.004133886207557e+00	1.406354577774126e-02	1655
1.002975243388983e+00	5.861765774080149e-02	1656
3.602286111688203e-01	2.534284783503571e-01	1657
8.516907280598455e-01	-1.768963697032101e-01	1658
-1.759343958611122e-02	-8.172062570157418e-02	1659
1.001297637472909e+00	1.705420984849655e-03	1660
9.681458063546782e-01	1.097214914154279e-01	1661
1.000459990134986e+00	4.316243705028652e-03	1662
-2.363493659558638e-02	3.857872153642944e-03	1663
1.002721392757409e+00	-1.007899114743102e-02	1664
1.000836097770672e+00	-3.974900981936272e-03	1665
8.285280145755052e-01	-1.874217314519342e-01	1666
-2.889746454456852e-02	1.368320552193698e-02	1667
1.000980375323537e+00	-2.635788254555421e-03	1668
1.001969193866610e+00	6.200153295176654e-03	1669
-2.811143543730791e-02	-5.583320573539077e-02	1670
8.042803329658753e-01	-1.971621556080888e-01	1671
4.471838357204576e-01	-2.558815058388854e-01	1672
9.854744203893981e-01	-8.186504540909521e-02	1673
1.385076250227210e-01	-2.042910322907871e-01	1674
4.176292715911517e-01	-2.557041229081973e-01	1675
9.993727428028926e-01	6.686184777517773e-02	1676
9.529825985812346e-01	1.244983798047873e-01	1677
5.531461519090074e-01	2.637204409997080e-01	1678
2.418036033980207e-01	2.306979266450804e-01	1679
9.450865312197819e-01	-1.215498593802592e-01	1680
-2.328218810989610e-02	6.298938842852517e-02	1681
2.107475792314946e-01	2.223122853410263e-01	1682
5.830751416383084e-01	2.621617760061914e-01	1683
1.000961851912127e+00	3.958874646593375e-03	1684
1.003103998294012e+00	1.003780866223501e-02	1685
1.001752884486504e+00	-6.232477582236229e-03	1686
1.003562576176942e+00	-1.410589068209069e-02	1687
1.003880274723270e+00	-2.317160193727213e-02	1688
1.001061327262312e+00	2.608159365366419e-03	1689
1.002734409520430e+00	1.188805855427228e-02	1690
1.001226824535076e+00	1.193603935081842e-03	1691
1.003052875438334e+00	-7.711036254847240e-03	1692
1.001244340760109e+00	-1.744334508861510e-03	1693
-2.184644832499298e-02	-7.297107487078459e-02	1694
1.001489502497860e+00	5.260461256270167e-04	1695
1.001472479243794e+00	-5.736331391382322e-04	1696
1.001880226169836e+00	-3.030611346102675e-05	1697
1.001189869123568e+00	-1.231746541508314e-03	1698
9.349938651029441e-01	1.395120988645573e-01	1699
3.323035709867176e-01	2.493937549064720e-01	1700
-2.629721519887700e-02	5.484927383001469e-02	1701
-2.895271042751662e-02	4.769101848628352e-02	1702
5.284430848450909e-01	-2.539642707454162e-01	1703
1.006103326383652e+00	2.633968745457270e-02	1704
1.004898702347280e+00	2.320123185617743e-02	1705
1.002273660211832e+00	-1.189501286227353e-02	1706
1.003337167803174e+00	7.639162108840132e-03	1707
-2.535312571787124e-02	-6.426555255213140e-02	1708
1.000123901172880e+00	-5.802284131940170e-02	1709
1.003401989953360e+00	-4.996287853082555e-02	1710
-1.236879161634140e-02	-9.104538401356316e-02	1711
-3.576121626052796e-03	-1.037756960238897e-01	1712
1.948578039374857e-02	-1.302919363413662e-01	1713
3.031925928341926e-01	2.441307772451387e-01	1714
2.724765694373100e-01	2.376223639751483e-01	1715
6.953476917818346e-01	-2.296853411934849e-01	1716
1.004691784953299e+00	-4.223849766876537e-02	1717
3.355362790524646e-02	-1.424090430731998e-01	1718
4.906784600871670e-02	-1.549760883895102e-01	1719
6.275169955622052e-02	-1.653982848908850e-01	1720
-2.934423562866794e-02	-1.372730628838176e-02	1721
1.006219577463189e+00	-3.374286405070783e-02	1722
1.004920655387761e+00	-2.633314366870421e-02	1723
7.265911365726940e-01	-2.218603592690392e-01	1724
7.550154543841753e-01	-2.137937354010546e-01	1725
7.804093568808347e-01	-2.056963629318960e-01	1726
-2.422143489828769e-02	-4.637379276524497e-03	1727
-3.472445588299532e-02	-2.502458532381737e-02	1728
-3.394273854559493e-02	-3.290344997782482e-02	1729
-3.252005613737501e-02	-4.077489882466327e-02	1730
9.950039876269238e-01	7.512721634077592e-02	1731
-3.116661641714005e-02	4.026171673558110e-02	1732
-3.284173010097455e-02	3.259702668409495e-02	1733
9.282677608764761e-01	-1.337021102439157e-01	1734
9.589031733268917e-01	-1.101244720652369e-01	1735
9.702375425396293e-01	-9.932529499594996e-02	1736
9.790129465956786e-01	-8.978234682640986e-02	1737
9.913129867254300e-01	-7.387376521706228e-02	1738
9.960970473898595e-01	-6.595653842050571e-02	1739
7.878088914229747e-02	-1.757693984661825e-01	1740
9.648009717966144e-02	-1.851012064742501e-01	1741
1.151886018996813e-01	-1.938454741882843e-01	1742
8.038997940530639e-03	-1.182707237097512e-01	1743
3.586770685838006e-01	-2.525557044089107e-01	1744
3.889726328731431e-01	-2.546505516734338e-01	1745
1.006709614453976e+00	4.240099542262476e-02	1746
1.005829725521071e+00	5.029357565721049e-02	1747
5.222741471562816e-01	2.642927385367435e-01	1748
4.899341962865734e-01	2.637511643383341e-01	1749
9.153692322131727e-01	1.540497786831787e-01	1750
8.956449971299862e-01	1.673040696526019e-01	1751
8.756259548582386e-01	1.794229168398600e-01	1752
8.551272102897162e-01	1.903359251572060e-01	1753
8.326168332014725e-01	2.009228078759014e-01	1754
8.063752328716937e-01	2.119128551591443e-01	1755
7.769450647697553e-01	2.227704450918420e-01	1756
7.456054150149545e-01	2.327134863099398e-01	1757
7.130315735415496e-01	2.414057035246581e-01	1758
6.794293484754413e-01	2.487568215881841e-01	1759
6.457110258016091e-01	2.546699709901198e-01	1760
6.135619988932977e-01	2.591302270501680e-01	1761
1.323982595018937e-01	1.926485124419727e-01	1762
1.818521035732812e-01	2.129985786374638e-01	1763
1.551758877977009e-01	2.027038580306577e-01	1764
1.125787904669731e-01	1.836309923158716e-01	1765
1.126557535272680e-02	1.145172757388652e-01	1766
8.713099185178598e-01	-1.671193427380657e-01	1767
8.896009645397726e-01	-1.573868037102260e-01	1768
9.090262257096150e-01	-1.461091706681922e-01	1769
4.748651270321610e-01	-2.556341241184499e-01	1770
5.000576969037486e-01	-2.551809071432618e-01	1771
2.372719264866322e-03	1.045613188621256e-01	1772
-3.407658287263457e-03	9.692950846181805e-02	1773
-9.549034488308326e-03	8.863263176123684e-02	1774
-1.502241785019814e-02	7.974227641369834e-02	1775
-1.951920999217538e-02	7.136057578092379e-02	1776
9.413598001635963e-02	1.756185588584186e-01	1777
7.824985453649627e-02	1.669544581589298e-01	1778
6.062992925852326e-02	1.539025910381898e-01	1779
4.528674900877363e-02	1.429594719892544e-01	1780
3.426374841158759e-02	1.353826895144788e-01	1781
2.280044797109246e-02	1.258059116939788e-01	1782
4.577503688984048e-01	2.622743589868627e-01	1783
4.240877896362301e-01	2.599998611343481e-01	1784
3.904229890509549e-01	2.569070948993790e-01	1785
9.887568128866473e-01	8.464400179906886e-02	1786
9.800738972962002e-01	9.610544583794729e-02	1787
5.605679592557185e-01	-2.515794562978862e-01	1788
5.948828051199507e-01	-2.479239861770089e-01	1789
6.292940435322351e-01	-2.428509271577779e-01	1790
6.627146772652686e-01	-2.367461170381241e-01	1791
1.660427137126875e-01	-2.149580902066719e-01	1792
1.962511819401160e-01	-2.247274047804485e-01	1793
2.280588650734387e-01	-2.329583236328022e-01	1794
2.600306351250248e-01	-2.392465701708024e-01	1795
2.920845372083586e-01	-2.446428060162351e-01	1796
3.256142343395085e-01	-2.492206825817733e-01	1797
1.003580884927027e+00	-8.968385226764169e-03	1798
1.007917670187205e+00	-3.060044817153790e-02	1799
1.009919114590176e+00	6.665795959865874e-02	1800
-3.477775718769754e-02	1.758797865057852e-02	1801
-2.932080786193659e-02	6.819307781614125e-03	1802
1.006705252135560e+00	-6.633421377184497e-02	1803
6.867564050452459e-01	-2.693056146983548e-01	1804
8.524762890343491e-01	-2.095109346433504e-01	1805
3.426687878850279e-01	2.877994086459600e-01	1806
1.008606409830364e+00	3.899860635557631e-02	1807
1.002772585446949e+00	-6.788309052418631e-03	1808
1.000949223214446e+00	5.463365995330150e-03	1809
1.000769823120525e+00	-5.466252557756652e-03	1810
1.001558256821361e+00	-9.961240159192168e-04	1811
1.484800042169029e-03	-1.356091302689902e-01	1812
1.003921128571246e+00	8.883954771209136e-03	1813
1.001885692236335e+00	-3.789486606983665e-04	1814
9.570585846790906e-01	1.483894320626556e-01	1815
1.004830917942755e+00	1.207793867345298e-02	1816
1.008289264618699e+00	2.370079373422209e-02	1817
1.005603574865976e+00	2.004919697048421e-02	1818
1.001588618180277e+00	9.460566488448233e-04	1819
9.492048423670620e-01	-1.449521428019196e-01	1820
8.741747109851961e-01	-1.975422069096154e-01	1821
-3.536722928268649e-02	-1.759355575930938e-02	1822
-3.007346756680317e-02	-8.224827854484237e-02	1823
4.986130209818220e-03	1.319081401524042e-01	1824
1.873365970121927e-01	2.479071806242753e-01	1825
1.004737241890890e+00	-2.009112487974838e-02	1826
9.862092517352218e-01	1.139171799591758e-01	1827
8.280990695521643e-01	-2.215443186081867e-01	1828
1.154810378674109e-01	-2.233847614659011e-01	1829
1.006763965522835e+00	-3.896330364527568e-02	1830
-2.593305595876446e-02	-9.236196689027361e-02	1831
4.745898320217018e-01	-2.930914622470230e-01	1832
1.010538830600928e+00	5.661332970727081e-02	1833
5.717270903085916e-01	3.008549607637521e-01	1834
9.983373847261298e-01	-8.510667186918966e-02	1835
5.472237053495663e-01	-2.910898662428936e-01	1836
-3.116559263937885e-02	7.131361953798654e-02	1837
1.326359841604270e-01	2.236119590603322e-01	1838
1.415083779604679e-01	-2.360854650051328e-01	1839
4.319832052442533e-01	-2.936523096653589e-01	1840
3.729477204296213e-01	2.922166363304147e-01	1841
-3.816916487184245e-02	-5.497715671983251e-02	1842
-3.602781601596024e-02	-6.299474189277593e-02	1843
1.001427819340195e+00	2.215382037443760e-03	1844
-2.778233674782146e-02	-1.549724503225627e-04	1845
9.733091784850965e-01	1.307513505150242e-01	1846
2.186483299264354e-01	2.586429142880979e-01	1847
1.001357548775391e+00	-2.256497852292894e-03	1848
1.004345093061129e+00	-1.217002755252149e-02	1849
-3.348463628087374e-02	-7.248735677069854e-02	1850
1.001710342300178e+00	1.388117304320383e-03	1851
1.003017814258793e+00	6.721299696606475e-03	1852
1.001896784885949e+00	3.180602788938980e-04	1853
1.001665552800205e+00	-1.441081414816241e-03	1854
-3.399054862147170e-02	6.210548026316957e-02	1855
-3.636692403911497e-02	5.430932054990078e-02	1856
1.009324939428567e+00	3.049963319317221e-02	1857
1.007814899107925e+00	-5.644493979477812e-02	1858
9.463805724718186e-02	-2.125516520922802e-01	1859
3.129356627790682e-01	2.822873031862758e-01	1860
2.820628494208637e-01	2.753580850729671e-01	1861
2.508427448172978e-01	2.676588197058860e-01	1862
1.422121701910414e-02	-1.501654093388545e-01	1863
2.865515384467135e-02	-1.637854371213687e-01	1864
4.274999722854869e-02	-1.769566590072013e-01	1865
1.012404537770491e+00	-4.749988778738955e-02	1866
1.007226681283213e+00	-2.382563635857208e-02	1867
7.196487305687368e-01	-2.607321274743930e-01	1868
7.503002984402584e-01	-2.515314510150081e-01	1869
7.779728863565353e-01	-2.421067913285808e-01	1870
8.033379956702854e-01	-2.323293164068579e-01	1871
-2.974238184222204e-02	-7.207613550220823e-03	1872
-3.990052435459401e-02	-4.671120877996826e-02	1873
-4.175472925393794e-02	-2.967064691128782e-02	1874
-4.111683827142577e-02	-3.822247948639287e-02	1875
1.006532194559170e+00	7.605227351120468e-02	1876
-3.834773509560375e-02	4.625732502897210e-02	1877
-3.982976517631939e-02	3.796766694977999e-02	1878
-4.074591929370313e-02	2.958911225242538e-02	1879
9.643274985758743e-01	-1.307211841442962e-01	1880
9.765521386897962e-01	-1.172675861718503e-01	1881
9.860425349971632e-01	-1.050234459153866e-01	1882
9.929849859789762e-01	-9.456122614141678e-02	1883
1.002866467501201e+00	-7.543030666857280e-02	1884
5.804632168596905e-02	-1.896131810619446e-01	1885
7.591529134792052e-02	-2.018791048977226e-01	1886
-1.924991700874289e-02	-1.049679513018925e-01	1887
-1.004573776783203e-02	-1.204990704948828e-01	1888
3.710141267308954e-01	-2.904022081883226e-01	1889
4.017055789955373e-01	-2.925936706108326e-01	1890
1.014648832951548e+00	4.733779946273142e-02	1891
5.402206259514639e-01	3.019828101626143e-01	1892
5.074440903083214e-01	3.020922330500081e-01	1893
9.385544359527580e-01	1.656529424304705e-01	1894
9.191198237639359e-01	1.817136563878326e-01	1895
8.991818097107533e-01	1.964578476602220e-01	1896
8.784091353774556e-01	2.100221919535357e-01	1897
8.563126922533171e-01	2.226171197432648e-01	1898
8.314131859550467e-01	2.351286343277597e-01	1899
8.029867243330794e-01	2.477279194799590e-01	1900
7.718219426116369e-01	2.597470958085794e-01	1901
7.389504691533529e-01	2.705378059338034e-01	1902
7.048524000987100e-01	2.798654792601740e-01	1903
6.701542336524136e-01	2.876094447698078e-01	1904
6.362067358607089e-01	2.936962525844903e-01	1905
6.036108303855681e-01	2.981484290540264e-01	1906
1.582103388178067e-01	2.359357296372809e-01	1907
1.114460587484202e-01	2.124322906382053e-01	1908
9.289470947637719e-02	2.031691775666168e-01	1909
9.313411819291380e-01	-1.596018494196577e-01	1910
8.931215545444151e-01	-1.861135578328057e-01	1911
9.120332787349977e-01	-1.736870399785202e-01	1912
5.157488420633378e-01	-2.929528947218608e-01	1913
-4.991553605569277e-03	1.196352343334542e-01	1914
-1.193959485615403e-02	1.090959057248961e-01	1915
-1.735809121544250e-02	1.004842550224397e-01	1916
-2.306092512567721e-02	9.050084434484174e-02	1917
-2.747671008338502e-02	8.074893007470542e-02	1918
7.434745981235252e-02	1.926154027614318e-01	1919
4.060565219921503e-02	1.651429090355784e-01	1920
2.837488921065874e-02	1.550775491184883e-01	1921
5.588601833431217e-02	1.785559665270952e-01	1922
1.636833716072126e-02	1.445395309204396e-01	1923
4.741606183063946e-01	3.010176791065434e-01	1924
4.405526713728972e-01	2.989817625607987e-01	1925
4.059719699352095e-01	2.959892006785398e-01	1926
1.002096612590237e+00	8.677260448979260e-02	1927
9.956201749322623e-01	9.913672307976008e-02	1928
5.816922663157678e-01	-2.880522880784651e-01	1929
6.175504759372930e-01	-2.831600214314592e-01	1930
6.526740084239191e-01	-2.768230894629083e-01	1931
1.713532869407033e-01	-2.485262004443245e-01	1932
2.036953525697258e-01	-2.596126885944426e-01	1933
2.371755829455991e-01	-2.686885034428412e-01	1934
2.699944504995613e-01	-2.755602319635580e-01	1935
3.037193585463380e-01	-2.817927728085530e-01	1936
3.381944067666975e-01	-2.868378202184768e-01	1937
1.434973426764506e-01	-2.720080540688769e-01	1938
1.001649884366781e+00	2.788450709184117e-03	1939
1.004435131472834e+00	-7.870361049423647e-03	1940
1.003963316858621e+00	-6.931155901594757e-03	1941
1.002064599769825e+00	-1.109402353803329e-03	1942
1.006189585798114e+00	1.367502408146878e-02	1943
9.372710541285854e-01	-1.880171640476262e-01	1944
1.001559489398054e+00	-2.834040399712856e-03	1945
1.016172855214889e+00	7.428247544157755e-02	1946
1.147456051992020e-01	-2.568345243196249e-01	1947
1.009116762511646e+00	2.027312900503204e-02	1948
1.007703248699215e+00	1.819830764874138e-02	1949
1.005621936816898e+00	-1.380986226469397e-02	1950
1.001763823499748e+00	-1.941674974875137e-03	1951
1.002717281621411e+00	-5.676841023489620e-03	1952
1.004253108971926e+00	-1.037553006922391e-02	1953
1.004658013068094e+00	1.027321271382946e-02	1954
-4.857573312160829e-02	-5.278214957291558e-02	1955
1.001962139995950e+00	6.363023508190571e-04	1956
1.605784405779888e-01	2.734324452574198e-01	1957
-6.551974659724114e-03	-1.551040874193405e-01	1958
9.182372179056748e-01	-2.037605182983363e-01	1959
8.788052843557542e-01	-2.316844342547131e-01	1960
-4.683563992434706e-02	5.242487193870683e-02	1961
5.592393630687994e-01	3.438211094047471e-01	1962
3.221346198704721e-01	3.247828157831804e-01	1963
9.716384036271443e-01	-1.536277451603383e-01	1964
7.133508931344338e-01	-3.043077922936500e-01	1965
4.151246930627503e-01	-3.350139532497374e-01	1966
-1.384105365226865e-02	1.365751032738018e-01	1967
4.958818456153609e-02	2.057727564329813e-01	1968
9.137551511251052e-02	-2.434206229700160e-01	1969
1.017286855968840e+00	6.208288655902466e-02	1970
1.018327597949494e+00	5.457931959667796e-02	1971
-3.526761558226004e-02	1.042115733584917e-02	1972
-1.846540814744285e-02	-1.385381551786319e-01	1973
6.785553101555640e-01	-3.136204014901997e-01	1974
8.552444443044990e-01	-2.459413379234240e-01	1975
3.536997947309203e-01	3.307169347789105e-01	1976
1.001954754082813e+00	5.144922568902334e-03	1977
1.001778618306270e+00	-5.185506014443065e-03	1978
1.001940754155013e+00	-6.989208149029881e-04	1979
1.004733931782076e+00	7.744725927109630e-03	1980
1.004221133243959e+00	6.818699919519980e-03	1981
1.001458357495615e+00	-3.517007189418165e-03	1982
1.009691552023717e+00	2.709984520910005e-02	1983
1.001571813515570e+00	3.477798529164690e-03	1984
8.993101614770296e-01	-2.178502803814311e-01	1985
9.555593626866223e-01	-1.709129750808572e-01	1986
-4.219463468126811e-02	-2.151981615574049e-02	1987
1.923617498145985e-01	2.872634473751077e-01	1988
1.008452942390839e+00	-2.725522349498705e-02	1989
9.804329647817092e-01	1.541182978859320e-01	1990
1.010698155137653e+00	-3.499076116465520e-02	1991
-3.974644728675460e-02	-9.197616895555900e-02	1992
5.338826312401651e-01	-3.347793400006522e-01	1993
3.868022373486196e-01	3.355269129162384e-01	1994
1.320112722066801e-01	2.586540545074234e-01	1995
-4.310170671337650e-02	-8.120551694928335e-02	1996
1.002918216397279e+00	5.604899320735102e-03	1997
-3.361547473235728e-02	2.116263872397803e-03	1998
-3.375393736767331e-02	-2.270162566360107e-03	1999
9.941305888252320e-01	1.337131053110744e-01	2000
-4.716161446056179e-02	-6.160266581741449e-02	2001
-4.541289349569100e-02	-7.049039529884719e-02	2002
1.001825212880986e+00	1.886489714621640e-03	2003
1.002348590798147e+00	-3.797496690762521e-05	2004
1.002099413307987e+00	1.043000294090365e-03	2005
-4.316553393455278e-02	6.973759502474758e-02	2006
-4.516606177103655e-02	6.105296446897827e-02	2007
1.012333716135155e+00	3.479260431933897e-02	2008
2.904802642688771e-01	3.173759942674304e-01	2009
2.586842082141181e-01	3.088535850833737e-01	2010
2.258593557860432e-01	2.992937480294428e-01	2011
6.831431573192244e-03	-1.719951103578167e-01	2012
2.027814433656616e-02	-1.864074432764910e-01	2013
1.014310466246916e+00	-6.220063401634553e-02	2014
1.015725907772282e+00	-5.482723660912934e-02	2015
1.006913410128748e+00	-1.835463477835565e-02	2016
1.008220246034221e+00	-2.047345529537056e-02	2017
7.462521738327241e-01	-2.939684726237266e-01	2018
7.764163890684461e-01	-2.830698183360155e-01	2019
8.039025290017123e-01	-2.717327651302231e-01	2020
8.298641907378749e-01	-2.595362141844997e-01	2021
-3.566995401570567e-02	-1.055214999429046e-02	2022
-4.984403262597449e-02	-3.453565736027508e-02	2023
-4.947150934813747e-02	-4.370112865272982e-02	2024
-4.800440086800329e-02	4.352775006655699e-02	2025
-4.145890175829851e-02	2.157637948298516e-02	2026
-4.866349160188705e-02	3.452925648104706e-02	2027
9.847092297197789e-01	-1.369439775799034e-01	2028
9.947031837196466e-01	-1.215220994700091e-01	2029
1.001863878012377e+00	-1.079782267316499e-01	2030
1.007016315320386e+00	-9.625082745480171e-02	2031
1.009163324005377e+00	-8.427138618377276e-02	2032
1.012609165206443e+00	-7.417616933638398e-02	2033
3.488638220113233e-02	-2.015064717612139e-01	2034
5.207899561682865e-02	-2.168012836287613e-01	2035
7.130185223776260e-02	-2.309740493877366e-01	2036
-3.532173106716874e-02	-1.052156447592871e-01	2037
-2.776770181884817e-02	-1.202337859842927e-01	2038
3.831347863792764e-01	-3.327363745173268e-01	2039
5.258303922811266e-01	3.445193293698168e-01	2040
9.636876172953904e-01	1.746331004817580e-01	2041
9.451882357666048e-01	1.940681140061862e-01	2042
9.257041990952017e-01	2.120108427920878e-01	2043
9.050951245591601e-01	2.286823471696261e-01	2044
8.830330784824511e-01	2.442063779374393e-01	2045
8.588912939450939e-01	2.589655739946425e-01	2046
8.315642923143169e-01	2.736141402663678e-01	2047
8.009505553907340e-01	2.879472115389937e-01	2048
7.678807033136877e-01	3.012560263195574e-01	2049
7.331903868878719e-01	3.130241263004532e-01	2050
6.975071717390410e-01	3.230399836481433e-01	2051
6.619031312086888e-01	3.311734018838661e-01	2052
6.271786764052235e-01	3.374431635857507e-01	2053
5.928923256113545e-01	3.417900672874774e-01	2054
1.082705246088733e-01	2.445518979212370e-01	2055
8.916507213803991e-02	2.336609750029338e-01	2056
4.535267792649488e-01	-3.357257447889595e-01	2057
4.951402140831082e-01	-3.357198066930611e-01	2058
-2.207120506807161e-02	1.230267609518105e-01	2059
-2.727583330720891e-02	1.124558279632577e-01	2060
-3.267401983295259e-02	1.022925649156083e-01	2061
-3.689914642631358e-02	9.063438490256118e-02	2062
-4.054797456211713e-02	8.017472870396296e-02	2063
6.989129614939359e-02	2.217081174854504e-01	2064
2.026833760495312e-02	1.769284475896058e-01	2065
3.272647999249920e-02	1.892869578071725e-01	2066
-3.611847046969231e-03	1.506359779203954e-01	2067
8.389231986862582e-03	1.651743914000703e-01	2068
4.914761953720012e-01	3.439592994498329e-01	2069
4.569389334647503e-01	3.422311568694962e-01	2070
4.218417126865610e-01	3.394139235607368e-01	2071
1.013014519947646e+00	8.508583330322979e-02	2072
1.010697182562385e+00	9.931918849167112e-02	2073
1.004010589828944e+00	1.151100812459212e-01	2074
5.680905952419626e-01	-3.322720478348475e-01	2075
6.052699210642805e-01	-3.279834380096803e-01	2076
6.424943894753293e-01	-3.215790871509172e-01	2077
1.758975657334868e-01	-2.863910763324414e-01	2078
2.105045047246884e-01	-2.988673862878765e-01	2079
2.454621114744458e-01	-3.086774328742808e-01	2080
2.794572439465026e-01	-3.164404201244531e-01	2081
3.148394588597546e-01	-3.234882479085240e-01	2082
3.498918189589780e-01	-3.289632931867308e-01	2083
1.012047053311852e+00	-4.023332245801273e-02	2084
1.010503098741283e+00	1.780814347550316e-02	2085
1.006119006922087e+00	-1.155974373522758e-02	2086
1.012212189422860e+00	-3.010403167299333e-02	2087
1.006652318334185e+00	-1.577231047640339e-02	2088
-5.870385846204827e-02	-5.886283389606205e-02	2089
5.631371696464005e-01	3.908755931236438e-01	2090
7.430491947884224e-01	-3.416008669212753e-01	2091
2.979318260325223e-01	3.641736659286543e-01	2092
1.013601753261645e+00	2.978718051797508e-02	2093
-5.756269953702662e-02	4.912752027869608e-02	2094
6.465282262063449e-02	-2.633663622331330e-01	2095
9.466378433016874e-01	-2.187390563233413e-01	2096
1.005247398200742e+00	-6.874112762328462e-03	2097
9.648711045028825e-01	-1.992087501783258e-01	2098
1.303822137622410e-01	2.982256683194999e-01	2099
1.019577780513206e+00	-4.869648020050036e-02	2100
7.076545246395988e-01	-3.531104736868194e-01	2101
-5.431464477619904e-02	-9.048462780466429e-02	2102
1.001974037700340e+00	2.470793647801404e-03	2103
1.002445324339714e+00	5.319973092513001e-04	2104
1.002252753261574e+00	1.557894130846743e-03	2105
1.021871774845617e+00	4.820277543878706e-02	2106
-2.209601849136618e-03	1.873509173731631e-01	2107
-2.887082061694918e-02	-1.582456386173716e-01	2108
-4.182071411999876e-02	1.391905082833075e-02	2109
6.704505529482094e-01	-3.631715807028048e-01	2110
4.331478214389622e-01	-3.822538458755222e-01	2111
1.018535651688458e+00	-9.216600441599358e-02	2112
1.019642292349293e+00	-8.221035476185623e-02	2113
1.443251195814221e-01	-3.125143433216129e-01	2114
3.955481510375036e-01	-3.800590814660333e-01	2115
-1.651917942625655e-02	-1.763619376598549e-01	2116
1.024750440391790e+00	6.894414180664324e-02	2117
1.024844933517639e+00	5.933576007739227e-02	2118
1.004208579850330e+00	1.555773817319154e-01	2119
3.656222003098618e-01	3.786589543240161e-01	2120
9.949621892194955e-01	-1.584470325887731e-01	2121
-3.345552373574535e-02	1.388835206161272e-01	2122
2.290116242277790e-02	2.161036670317729e-01	2123
4.013506237611087e-01	3.837520163998298e-01	2124
1.126366654610511e-01	-2.945823173875436e-01	2125
8.646809326447688e-02	-2.781570087426272e-01	2126
1.002800610284392e+00	4.612026878682678e-03	2127
1.002426518462893e+00	-6.106683310376185e-04	2128
1.007317605700212e+00	1.560700577795851e-02	2129
8.857059085255897e-01	-2.697751325605463e-01	2130
1.002200558880718e+00	-1.628148333918453e-03	2131
1.001892589537623e+00	-2.528618944528285e-03	2132
1.011748531720296e+00	2.343664403802802e-02	2133
1.003741479679036e+00	-6.182433754606286e-03	2134
1.005104483828158e+00	-9.156818269068071e-03	2135
1.006586582274912e+00	1.138791744144755e-02	2136
1.005509383133658e+00	6.711224565844063e-03	2137
1.621028804476165e-01	3.156610153725067e-01	2138
-5.679613519113691e-02	5.864054955965692e-02	2139
3.313644541403394e-01	3.722090855938114e-01	2140
9.813270875269406e-01	-1.787651606880521e-01	2141
3.610451508258195e-01	-3.760844888169670e-01	2142
-2.493811938734947e-02	1.550037741090325e-01	2143
-4.915106544182859e-02	2.559937777113447e-02	2144
-4.230879684464226e-02	-1.384973227080501e-02	2145
1.003968210664450e+00	6.074677381224380e-03	2146
1.001555118550088e+00	-4.301044748700915e-03	2147
1.005460910113258e+00	9.011596498546331e-03	2148
1.002638085114258e+00	-4.686641714926822e-03	2149
1.002134585307658e+00	-3.267940651851082e-03	2150
1.013942785888302e+00	4.001200257308116e-02	2151
1.001696844817137e+00	4.262899028567468e-03	2152
9.080852741166068e-01	-2.530341874696181e-01	2153
9.278426262085241e-01	-2.364580195266940e-01	2154
-5.919380071474874e-02	-4.918662487305657e-02	2155
-5.003409289484965e-02	-2.545962561849457e-02	2156
1.010683431588949e+00	-2.372596773239861e-02	2157
1.002242614420635e+00	3.204553562498551e-03	2158
-3.884545552827628e-02	5.744530171178624e-05	2159
-5.756384513196410e-02	-6.818470892856963e-02	2160
-5.640741654681850e-02	-7.835368703224704e-02	2161
-5.539958860585957e-02	6.779403995233572e-02	2162
1.966489684777000e-01	3.314363441515584e-01	2163
2.650021956840071e-01	3.546921405877165e-01	2164
2.318602749774035e-01	3.445442588789451e-01	2165
-3.857663383282702e-03	-1.950318174518329e-01	2166
1.009715780252098e+00	-1.809208312776914e-02	2167
7.759174574295065e-01	-3.290998316588891e-01	2168
8.059802542197787e-01	-3.159160898268512e-01	2169
8.338504936516744e-01	-3.018732481615377e-01	2170
8.605390017743390e-01	-2.864195688860721e-01	2171
-4.045958791155919e-02	-5.064887857394631e-03	2172
-5.917860630219935e-02	-3.945944296400088e-02	2173
-5.783506776852248e-02	3.955197148089221e-02	2174
1.005319531833907e+00	-1.393551448797800e-01	2175
1.012416740784827e+00	-1.222276474337453e-01	2176
1.015401830013511e+00	-1.069349344468629e-01	2177
1.022007252098661e+00	-5.985553903172060e-02	2178
1.021460232189715e+00	-6.933745407064114e-02	2179
9.335244732472856e-03	-2.111502966860746e-01	2180
2.537548012238309e-02	-2.289621310621259e-01	2181
4.416192286689060e-02	-2.470118588689779e-01	2182
-5.114603881557227e-02	-1.029697380778097e-01	2183
-4.607079315256102e-02	-1.198108216783696e-01	2184
-3.859819766263171e-02	-1.369543136745579e-01	2185
9.901996881917564e-01	1.795654275820358e-01	2186
9.735378765981576e-01	2.029375569644017e-01	2187
9.551421061270343e-01	2.248022744160109e-01	2188
9.352454319591059e-01	2.451936828090076e-01	2189
9.135336213779838e-01	2.643492097331832e-01	2190
8.897489668018924e-01	2.824066901586400e-01	2191
8.632866180370550e-01	2.997737355509968e-01	2192
8.334614385014216e-01	3.168101139808694e-01	2193
8.004988526783137e-01	3.330724171595796e-01	2194
7.652305053640562e-01	3.478517394268775e-01	2195
7.284963577586048e-01	3.607121452149620e-01	2196
6.912533887034443e-01	3.714441204821637e-01	2197
6.544342694138540e-01	3.800116068280741e-01	2198
6.178959275275667e-01	3.865000551560628e-01	2199
4.198395095922381e-02	2.362423207591597e-01	2200
1.033211089730513e-01	2.807072497381340e-01	2201
8.269083676883279e-02	2.673536116742301e-01	2202
4.740644711239713e-01	-3.830655977691442e-01	2203
5.154639950439680e-01	-3.828730776568610e-01	2204
-3.961163649031153e-02	1.248892642428876e-01	2205
-4.399307698810741e-02	1.145251107260927e-01	2206
-4.831440801317838e-02	1.011318816126938e-01	2207
-5.154680602370756e-02	8.963384924737691e-02	2208
-5.396678668661611e-02	7.777449020787001e-02	2209
6.318839208917991e-02	2.539114097403554e-01	2210
8.943792719404368e-03	2.005425018814072e-01	2211
-1.402307031399117e-02	1.710659779904932e-01	2212
5.099553875780233e-01	3.913792975771956e-01	2213
4.739911175827076e-01	3.901966999173692e-01	2214
4.377575182648824e-01	3.876141735527469e-01	2215
1.014462072106115e+00	1.328000141901730e-01	2216
1.023452162478103e+00	8.233080029647233e-02	2217
1.022445215150876e+00	9.394496761730893e-02	2218
1.018686671444934e+00	1.121171442729026e-01	2219
5.543181948882110e-01	-3.810842164440110e-01	2220
5.920063334740637e-01	-3.776161269968992e-01	2221
6.317686033944742e-01	-3.714922273708965e-01	2222
1.795132889733400e-01	-3.290156236805207e-01	2223
2.164705542324459e-01	-3.429012430798458e-01	2224
2.526437049733438e-01	-3.534813717243369e-01	2225
2.882727494410192e-01	-3.623565125461539e-01	2226
3.251112789034017e-01	-3.701912932358651e-01	2227
7.023287942819371e-01	-4.077516769662546e-01	2228
1.003210082266146e+00	3.635864781516609e-03	2229
-5.369293712437107e-02	1.391224581595302e-01	2230
-6.840386621239020e-02	6.490769781940198e-02	2231
-6.753446426483220e-02	7.444516614654462e-02	2232
1.011276494842964e+00	-2.072623563592836e-02	2233
-4.978969083680410e-02	-1.705072776537875e-02	2234
7.766597858039738e-01	-3.807673488461445e-01	2235
1.111416695772679e-02	2.464138888051854e-01	2236
8.954804106440213e-01	-3.119979436055435e-01	2237
1.088983540425914e-01	-3.370898531997570e-01	2238
1.010180582517003e+00	1.486091772944229e-02	2239
1.017230543490333e+00	-4.311896012666464e-02	2240
1.013697498938674e+00	2.695585514196651e-02	2241
1.008210255209971e+00	1.285195962119840e-02	2242
1.625631235501176e-01	3.630921914083391e-01	2243
1.003789092134144e+00	4.991018374625760e-03	2244
1.017293488082197e+00	3.470045461017073e-02	2245
-4.835084469316817e-02	-7.978679973413927e-03	2246
1.002914768819672e+00	1.593434359347242e-04	2247
1.002907791918811e+00	-2.542592818254681e-04	2248
1.015652742626393e+00	-3.512842149973863e-02	2249
2.697782532315086e-01	4.058113400784699e-01	2250
-6.712021658632399e-02	-1.002442330522621e-01	2251
-4.918060716282859e-02	1.726460390600217e-02	2252
-3.991169099581771e-02	6.617521557962039e-03	2253
1.029352992292149e+00	-8.835009482940991e-02	2254
1.029574149450000e+00	-7.705735339338217e-02	2255
4.109999279164689e-01	-4.329002532851669e-01	2256
7.963492298752906e-02	-3.172242636139668e-01	2257
-5.895141876421527e-02	-2.939945303381778e-02	2258
3.783538631692022e-01	4.321277222372216e-01	2259
9.680542829738306e-02	3.215404870719574e-01	2260
-3.819800094251254e-02	1.753904040629000e-01	2261
-6.867928755314713e-02	5.462944229935868e-02	2262
-2.744641158530378e-02	1.929574554707606e-01	2263
4.164099130098193e-01	4.372370916868928e-01	2264
3.047990415977739e-01	4.163717519612570e-01	2265
1.025851007487582e+00	5.463845440596496e-02	2266
7.407288428473584e-01	-3.950075811364642e-01	2267
9.939804669144015e-01	-2.058154868035920e-01	2268
5.564424759044528e-02	-2.994090287985502e-01	2269
1.012449135799306e+00	-2.730065876957062e-02	2270
1.007667064871878e+00	-1.308023345198898e-02	2271
6.469319198755527e-01	4.346319013352301e-01	2272
6.619662993876272e-01	-4.185572663078343e-01	2273
9.777254575984712e-01	-2.295146214028206e-01	2274
1.007507749306196e+00	-1.816250484016263e-01	2275
1.275170636910994e-01	3.428048109163085e-01	2276
1.002695162741964e+00	1.114834963061059e-03	2277
1.002410779002575e+00	2.100269024872372e-03	2278
1.024270148954839e+00	1.510310170429931e-01	2279
1.023239644078726e+00	-5.524307056513442e-02	2280
1.032773618179869e+00	6.424580096853570e-02	2281
1.438024381939794e-01	-3.581049179315178e-01	2282
3.721450454341708e-01	-4.285932858907882e-01	2283
1.029713178638551e+00	-6.506467975431643e-02	2284
-4.689813084062693e-02	1.559974105878242e-01	2285
-7.045409993024555e-02	-6.496103747263027e-02	2286
-6.983406589822837e-02	-7.463195337463700e-02	2287
1.002656422192162e+00	-1.200964880811767e-03	2288
1.002033602343898e+00	-4.035085930529593e-03	2289
1.003605654788577e+00	-5.099227250126757e-03	2290
1.002339807081235e+00	-2.174085874138104e-03	2291
1.012195568778206e+00	2.038842135968484e-02	2292
1.005881533866891e+00	-8.043618741862484e-03	2293
3.410452109990332e-01	4.252265214256944e-01	2294
1.006194719829823e+00	7.861096183161453e-03	2295
1.003081115971521e+00	-3.730661607699386e-03	2296
1.019256350845789e+00	4.268983086450153e-02	2297
9.197143726396388e-01	-2.919845705426252e-01	2298
9.408460069758701e-01	-2.720726830820001e-01	2299
9.598640580455172e-01	-2.516339700999299e-01	2300
-6.994195934439415e-02	-4.425232327602180e-02	2301
-7.044894948549811e-02	-5.454087409066406e-02	2302
-6.845752081357900e-02	4.447035488816063e-02	2303
1.009534720189563e+00	-1.515583831415472e-02	2304
1.002168602388670e+00	3.978554047575241e-03	2305
-6.914348735456802e-02	-8.667333570091357e-02	2306
1.997589149613843e-01	3.807590229196008e-01	2307
2.360718354098210e-01	3.946812100334936e-01	2308
-4.141425600051808e-02	-1.797267095756574e-01	2309
-3.003929405399925e-02	-1.987859518089838e-01	2310
8.097047664475869e-01	-3.654573560986342e-01	2311
8.401110409549102e-01	-3.491103752444880e-01	2312
8.686557506288785e-01	-3.313193615574329e-01	2313
-4.588987182945217e-02	-5.284533478948995e-04	2314
-5.792542059641509e-02	2.963826993073318e-02	2315
1.015197945637727e+00	-1.570898765045436e-01	2316
1.022963992845534e+00	-1.366557582370672e-01	2317
1.028340613556039e+00	-1.019874460972627e-01	2318
1.027109428749531e+00	-1.172064044345951e-01	2319
-1.776189330021799e-02	-2.194789624793957e-01	2320
3.378454906402718e-02	-2.803951520751672e-01	2321
-3.850031932748247e-03	-2.386797546316927e-01	2322
1.385006543919564e-02	-2.592174934889514e-01	2323
-6.418085759255601e-02	-1.158786606240953e-01	2324
-5.909182391683925e-02	-1.354489538096250e-01	2325
-5.170244282498114e-02	-1.554895787982456e-01	2326
1.016815802372557e+00	1.792457831173308e-01	2327
1.003226760734548e+00	2.067031385302265e-01	2328
9.869805488504634e-01	2.331356625303803e-01	2329
9.685909487921702e-01	2.579945290273117e-01	2330
9.479124667146180e-01	2.815290931608042e-01	2331
9.247791690959075e-01	3.038353588867564e-01	2332
8.989408753419456e-01	3.250289085583649e-01	2333
8.699525935455432e-01	3.454664836460458e-01	2334
8.374363546774899e-01	3.652195504654427e-01	2335
8.018176810717978e-01	3.836771011769236e-01	2336
7.640168997302977e-01	4.001281850937132e-01	2337
7.250684254470539e-01	4.141682085495009e-01	2338
6.859749136168665e-01	4.256411320164412e-01	2339
5.971766119454288e-01	4.412383246266509e-01	2340
3.199529707238932e-02	2.698125298323447e-01	2341
7.341800403436580e-02	3.047214388233841e-01	2342
4.522510881237288e-01	-4.350914920528798e-01	2343
4.947461398828852e-01	-4.358502330522666e-01	2344
-6.157221705491823e-02	1.126024518795938e-01	2345
-6.429134608682352e-02	9.920481640841279e-02	2346
-6.653267339297558e-02	8.629588456239864e-02	2347
5.335151473882992e-02	2.891591999837432e-01	2348
-4.910514311173090e-03	2.268547869779163e-01	2349
-1.634719362957171e-02	2.103833761411052e-01	2350
5.400164311147609e-01	4.440337542043564e-01	2351
4.734063850789979e-01	4.420185549495707e-01	2352
1.033152016818703e+00	7.655601025451945e-02	2353
1.033310203948632e+00	8.905573012400719e-02	2354
1.030438235057589e+00	1.252993806180494e-01	2355
1.032211666863143e+00	1.054884889324435e-01	2356
5.371216048343305e-01	-4.350161265963747e-01	2357
5.778676217174223e-01	-4.323315831903565e-01	2358
6.197922870888276e-01	-4.270224769498340e-01	2359
1.820284297036301e-01	-3.768947687426896e-01	2360
2.211538189697933e-01	-3.922027011343080e-01	2361
2.585893387193089e-01	-4.036896870974241e-01	2362
2.961521807136125e-01	-4.138177486424853e-01	2363
3.346135627030419e-01	-4.224351495370563e-01	2364
1.013174864453008e+00	1.685318585907591e-02	2365
1.023672159041901e+00	-4.371225636463141e-02	2366
1.021356685811060e+00	-3.816660604903021e-02	2367
-5.829949650440604e-02	-2.008685151732096e-02	2368
1.004666150721171e+00	-5.516888626927152e-03	2369
-8.070905218273451e-02	4.910809388708087e-02	2370
2.557708923158327e-01	4.566475772651462e-01	2371
8.152633307379860e-01	-4.209868422705303e-01	2372
3.849382485069435e-01	-4.875363611474876e-01	2373
-4.443774409580634e-02	2.158545456660936e-01	2374
-8.152600899513962e-02	5.993697284214484e-02	2375
3.918313295270104e-01	4.905644701981473e-01	2376
9.945844978333168e-01	-2.614521061678783e-01	2377
1.008131456585819e+00	-1.106204859819161e-02	2378
1.012793744071872e+00	-1.805196462279375e-02	2379
1.012045912058717e+00	-1.647386774640437e-02	2380
6.161270665003304e-02	3.464980859406653e-01	2381
-2.095938140441669e-02	2.562963276650369e-01	2382
1.003050282177412e+00	6.910513139320134e-04	2383
1.002882095073749e+00	1.703769446024766e-03	2384
1.039598676779423e+00	-1.300757868416212e-01	2385
1.006672976647734e+00	-9.422764945887861e-03	2386
1.006683299374460e+00	-6.851926588195755e-03	2387
1.007048180903954e+00	9.215058427373588e-03	2388
1.010665038230999e+00	1.241370210482401e-02	2389
1.002822832394763e+00	-1.794824440052733e-03	2390
1.003025114784966e+00	-7.900136495247325e-04	2391
-5.751858569246256e-02	-1.117244434355053e-02	2392
-5.404066380626561e-02	-1.947124198747005e-03	2393
1.231453951034089e-01	3.929075549220860e-01	2394
7.391418413456471e-01	-4.548867680959028e-01	2395
9.346903675335233e-01	-3.348897510409347e-01	2396
1.029323849830109e+00	4.801977548237496e-02	2397
-8.213260846830933e-02	-1.109919379467812e-01	2398
4.282179069089371e-01	-4.919122648455002e-01	2399
-7.619741545919936e-02	1.310440808997493e-01	2400
-8.169271097285259e-02	7.075323770049584e-02	2401
-8.159393032017760e-02	8.140987262380354e-02	2402
-3.130158758825161e-03	2.802836191132920e-01	2403
3.514933347980111e-01	4.837353708418094e-01	2404
1.038636436755854e+00	-7.118106731674362e-02	2405
1.417358968190276e-01	-4.093278926456951e-01	2406
9.086104234025072e-01	-3.586169644993615e-01	2407
1.032777941940908e-01	-3.848775298621089e-01	2408
7.060433066121360e-02	-3.611416129251586e-01	2409
4.394760579628677e-02	-3.395063088200536e-01	2410
6.969130908481207e-01	-4.689412003440017e-01	2411
7.787243180947443e-01	-4.387326115910961e-01	2412
2.048461084445971e-02	-3.171459604342660e-01	2413
1.616273697590299e-01	4.161749808742622e-01	2414
1.004289543574271e+00	3.977197998831322e-03	2415
1.004870808795143e+00	5.370329729645149e-03	2416
1.003498032002176e+00	-5.758048400805986e-05	2417
-8.375327619416992e-02	-9.565982676228085e-02	2418
-5.756918501836920e-02	2.042469660569883e-02	2419
1.042790268375128e+00	1.419074952263359e-01	2420
1.039699855092234e+00	-8.292230676608647e-02	2421
8.857747420875782e-02	3.676342266000233e-01	2422
-5.422099023605995e-02	1.969935853653169e-01	2423
-6.908677129604761e-02	-3.315305396125176e-02	2424
3.116842605243821e-01	4.746087282369834e-01	2425
1.044446720102141e+00	9.807612450484006e-02	2426
1.010222494505102e+00	-2.344352365377513e-01	2427
1.014294490979516e+00	-2.343162880432729e-02	2428
1.010127818682975e+00	-1.274800875382494e-02	2429
1.024799752660965e+00	-2.072215212801690e-01	2430
1.002798710705924e+00	2.769401576148181e-03	2431
1.027029552334577e+00	-4.885731042201803e-02	2432
-6.314688440341906e-02	1.747224358851807e-01	2433
-6.991144520964573e-02	1.552208832988035e-01	2434
-8.340433133093296e-02	-5.966964891148033e-02	2435
1.002702911035967e+00	-2.853793417032752e-03	2436
1.004141951603013e+00	-4.109222546785650e-03	2437
1.015351940779589e+00	2.297320884757185e-02	2438
1.008585323425755e+00	1.080273938915604e-02	2439
1.006950153050105e+00	6.632140385416573e-03	2440
1.025719279983780e+00	4.298990343502489e-02	2441
1.023132259891966e+00	3.750764752707970e-02	2442
9.574056322623787e-01	-3.108903904283893e-01	2443
9.770489331482975e-01	-2.867519420372578e-01	2444
-8.230098649078606e-02	-4.873656782880213e-02	2445
-8.384626206122683e-02	-7.060119876412475e-02	2446
-8.400548648808827e-02	-8.137096979260591e-02	2447
2.012779103295478e-01	4.355639166743069e-01	2448
-3.460312160708915e-02	-2.459295518100803e-01	2449
8.487858772520941e-01	-4.018554059617598e-01	2450
8.798051679821310e-01	-3.811284441754592e-01	2451
-4.830398576035681e-02	7.939575247240772e-03	2452
-6.793035635723381e-02	3.350788247684229e-02	2453
1.040323312993547e+00	-9.604911711082771e-02	2454
1.029976416514605e+00	-1.752864337905945e-01	2455
1.034896076123785e+00	-1.529073891760267e-01	2456
1.040729292151350e+00	-1.106912051614145e-01	2457
-5.740570881583241e-02	-2.018751352068829e-01	2458
-4.710774072005416e-02	-2.225401793789210e-01	2459
-1.948462001988020e-02	-2.695609603260457e-01	2460
-9.175146696643159e-04	-2.925541258782248e-01	2461
-7.947334798162124e-02	-1.300802761576748e-01	2462
-7.410163975628781e-02	-1.521195792893771e-01	2463
-6.721340491187669e-02	-1.760465091777272e-01	2464
1.038825210398467e+00	1.699415207014651e-01	2465
1.029493537362991e+00	2.026928254513732e-01	2466
1.019845797838049e+00	2.352088993059657e-01	2467
1.004216835566091e+00	2.651676652971187e-01	2468
9.856551414462650e-01	2.938155722597525e-01	2469
9.640263938170468e-01	3.212678170024867e-01	2470
9.391905237577249e-01	3.474776791712686e-01	2471
9.110776051851256e-01	3.724757268092290e-01	2472
8.793081489954390e-01	3.965289101814612e-01	2473
8.437634284902411e-01	4.194235424875434e-01	2474
8.050900001704830e-01	4.404039927085463e-01	2475
7.644135322405370e-01	4.587373860589303e-01	2476
7.228493418793331e-01	4.740510079039812e-01	2477
6.807011936491245e-01	4.853356976127313e-01	2478
6.318643853324747e-01	4.959698669232828e-01	2479
4.721430628750119e-01	-4.940897988113547e-01	2480
-7.940895359736620e-02	1.090114335542015e-01	2481
-8.104498022876107e-02	9.523397150563737e-02	2482
4.036106872062671e-02	3.269506099491516e-01	2483
1.861535306592939e-02	3.062393530266589e-01	2484
-3.401085309701475e-02	2.347796871316552e-01	2485
5.740203522375760e-01	5.013705502872109e-01	2486
5.080504776543971e-01	5.017851211416219e-01	2487
4.429934777622159e-01	4.978221691397835e-01	2488
1.041934729182925e+00	7.014860255249677e-02	2489
1.043510030949370e+00	8.269878242645377e-02	2490
1.044869755662712e+00	1.166160848397241e-01	2491
5.168364071533694e-01	-4.944184981748189e-01	2492
6.522535741168447e-01	-4.804136019769348e-01	2493
5.611688625810762e-01	-4.926863354725056e-01	2494
6.060872816965435e-01	-4.885112451928940e-01	2495
1.830189441632073e-01	-4.305317816504537e-01	2496
2.242111052228497e-01	-4.472980839894679e-01	2497
2.631196675369542e-01	-4.599216564361364e-01	2498
3.030430936186811e-01	-4.714102079267833e-01	2499
3.439931431668954e-01	-4.804383468002581e-01	2500
1.015562188900905e+00	1.936402613018803e-02	2501
5.412465144298289e-01	-5.586644202816927e-01	2502
1.010780959572644e+00	1.011441672701547e-02	2503
5.909151240759156e-02	-4.104884474765074e-01	2504
1.033775281870630e+00	5.462582930866494e-02	2505
-9.670533200465084e-02	1.225681363805591e-01	2506
-9.413579536432015e-02	1.483121080872732e-01	2507
4.109169650794622e-01	5.584744197164747e-01	2508
2.925673000156952e-02	-3.841461223943479e-01	2509
1.039022819045178e+00	-6.112476334349628e-02	2510
8.600418254005903e-01	-4.607037142052942e-01	2511
-9.958358536307363e-02	-1.229585776667253e-01	2512
-9.642894122414254e-02	-5.275831988805446e-02	2513
1.168887282397139e-01	4.490706000622902e-01	2514
1.041938382972337e+00	5.995855102738258e-02	2515
1.014582257460111e+00	-2.082785736554391e-02	2516
1.008987656249346e+00	8.875628781144765e-03	2517
1.007801518814575e+00	7.876839059500543e-03	2518
1.007478443601041e+00	-8.123400123333803e-03	2519
-9.618969435644652e-02	6.494576569610906e-02	2520
4.726399880492507e-02	3.935166779415353e-01	2521
1.030757300208309e+00	-2.644274753220195e-01	2522
-6.787792835949492e-02	-2.292154060110527e-02	2523
9.535329316366119e-01	-3.819111191606660e-01	2524
3.828605126495877e-03	-3.575252716599057e-01	2525
-8.057506022186853e-02	-3.652183344067527e-02	2526
1.587552584361472e-01	4.754143812440110e-01	2527
-7.381769852365973e-02	2.189619919782535e-01	2528
1.054819433083562e+00	-1.212882969741510e-01	2529
4.701587077861190e-01	-5.586074878848712e-01	2530
3.997409759882584e-01	-5.531990567967370e-01	2531
7.378752756948398e-01	-5.220690387741288e-01	2532
9.552770335532966e-02	-4.385310181817383e-01	2533
1.027603155666639e+00	-3.882882090811612e-02	2534
1.030493312195728e+00	-4.295506370435618e-02	2535
1.022216288511334e+00	3.187081960092636e-02	2536
1.017848991921337e+00	2.636101910028398e-02	2537
-6.727444450462308e-02	-1.482312167626201e-02	2538
-1.002439372139183e-01	-1.050181986610034e-01	2539
-7.933224415260286e-02	3.700777261953208e-02	2540
3.417745900627889e-01	5.421530651833252e-01	2541
8.227869500361797e-01	-4.832265633373722e-01	2542
1.015489613338102e+00	-2.947493293381596e-01	2543
1.005971153631230e+00	-5.710940759475748e-03	2544
1.008615868154689e+00	-9.164429915395509e-03	2545
2.226968744334672e-02	3.685469749488252e-01	2546
-3.978843374969448e-02	2.889861307680187e-01	2547
1.003825606337568e+00	2.968568913458217e-03	2548
1.003345351085516e+00	1.256620427338301e-03	2549
1.012001671783493e+00	-1.448418061897216e-02	2550
1.012624752197999e+00	1.407853028768822e-02	2551
1.005314212528920e+00	-4.474328134427236e-03	2552
1.003300121540158e+00	-1.364731955165899e-03	2553
6.905230189259913e-01	-5.374964831410489e-01	2554
1.031164895989892e+00	-5.560068879715333e-02	2555
-9.773284522630302e-02	8.877660895481221e-02	2556
1.059285851948150e+00	1.305382302410343e-01	2557
1.049273118876952e+00	-7.615805145077567e-02	2558
7.820351976290363e-01	-5.037798530752751e-01	2559
1.006188700124217e+00	5.514959698199475e-03	2560
1.005480155991545e+00	4.299514065483782e-03	2561
-6.351834958485099e-02	-3.599619420987988e-03	2562
7.832778322332502e-02	4.195810626183987e-01	2563
-9.476170575993018e-02	5.332101098919844e-02	2564
2.679888610349931e-01	5.231156115774935e-01	2565
1.053426939191615e+00	-1.030521678477169e-01	2566
1.016618803270881e+00	-2.690471594849614e-02	2567
1.020714359744010e+00	-3.254143001339117e-02	2568
1.010345848132170e+00	-1.046911324015586e-02	2569
1.040093130093994e+00	-2.329461482292431e-01	2570
1.003048875903376e+00	2.379165751860894e-03	2571
-8.228130718229863e-02	1.951457322899192e-01	2572
-8.826351976594372e-02	1.723192759069141e-01	2573
-9.814689842912806e-02	-6.447200739166302e-02	2574
1.002965612303522e+00	-2.473805031866175e-03	2575
1.003717849150397e+00	-3.088247875586112e-03	2576
1.032501594484767e+00	4.191815091817076e-02	2577
1.029413335712935e+00	3.789339155501504e-02	2578
9.778476608066324e-01	-3.530874782080640e-01	2579
9.982931561107801e-01	-3.241883052853050e-01	2580
-1.002275509294545e-01	-8.867679586214031e-02	2581
-9.916262416100916e-02	-7.567262248213626e-02	2582
-9.694539278732213e-02	7.605948659676050e-02	2583
2.096564145315382e-01	5.005392690259648e-01	2584
8.942162963957017e-01	-4.364217070854166e-01	2585
9.254668341265293e-01	-4.100012142376497e-01	2586
-5.741003964503080e-02	8.882918918870898e-03	2587
-6.703355089693760e-02	2.337644534716503e-02	2588
1.048918811326622e+00	-1.948923686671556e-01	2589
1.051173852098312e+00	-1.682801140189186e-01	2590
1.053698489797267e+00	-1.449183203964875e-01	2591
-7.721212218235488e-02	-2.243437892981633e-01	2592
-6.757271515836884e-02	-2.481610633521881e-01	2593
-5.429948597206562e-02	-2.747865663839897e-01	2594
-3.818426810774688e-02	-3.031820961572592e-01	2595
-1.902044084876113e-02	-3.293903726744136e-01	2596
-8.604809155592334e-02	-1.976528638853591e-01	2597
-9.739820100553270e-02	-1.458888270673038e-01	2598
-9.240794281367774e-02	-1.700662377220660e-01	2599
1.058890977402982e+00	1.584600821783584e-01	2600
1.054586166259514e+00	1.921347053093692e-01	2601
1.048530372964518e+00	2.258916143708127e-01	2602
1.042301280585300e+00	2.659321532128707e-01	2603
1.025285586155506e+00	2.990278052115129e-01	2604
1.006598887509122e+00	3.323614074700435e-01	2605
9.839239755728276e-01	3.646675661035900e-01	2606
9.572709278642758e-01	3.955960937184450e-01	2607
9.266349897693515e-01	4.251921408479014e-01	2608
8.917241985006964e-01	4.535327312648431e-01	2609
8.527135702933915e-01	4.800903410654830e-01	2610
8.105387559021195e-01	5.039776145276699e-01	2611
7.664206131496224e-01	5.244901276098148e-01	2612
7.191260456619605e-01	5.393720434604831e-01	2613
6.719308474606497e-01	5.539488453227788e-01	2614
-9.755063256913080e-02	1.039749446305298e-01	2615
-2.078354432572700e-02	3.174097141344602e-01	2616
2.007776075062580e-03	3.457311906485450e-01	2617
-5.444791407064134e-02	2.619191201045309e-01	2618
-6.534324929988153e-02	2.396259285874642e-01	2619
6.113138661770663e-01	5.638776147220793e-01	2620
5.442624937263059e-01	5.670838063355922e-01	2621
4.745620228881862e-01	5.651644507070107e-01	2622
1.055510814203161e+00	8.969876796946162e-02	2623
1.052809160248610e+00	7.517333984491990e-02	2624
1.051409665958593e+00	-8.897213806377170e-02	2625
1.057989832942261e+00	1.070453725796268e-01	2626
5.895190514102422e-01	-5.563371827823950e-01	2627
6.403348110913853e-01	-5.493195843940591e-01	2628
1.377209348693744e-01	-4.667328343209439e-01	2629
1.820585369244115e-01	-4.904828825680624e-01	2630
2.252582106972631e-01	-5.088003264615053e-01	2631
2.661488082079890e-01	-5.229203994409737e-01	2632
3.317937559789538e-01	-5.398571583140683e-01	2633
1.010876375944932e+00	8.058345977989987e-03	2634
-9.410613253332668e-02	-4.076998364560670e-02	2635
1.027559393025787e+00	3.390750941068561e-02	2636
1.019084568503765e+00	2.197022866647105e-02	2637
1.127786657146205e-02	-4.338955651330916e-01	2638
-7.835929867798570e-02	-2.172367357761165e-02	2639
7.862618961681209e-01	-5.768674802073754e-01	2640
-1.630426025215559e-02	-4.016555137128185e-01	2641
-6.696281567639166e-02	9.131080204498656e-03	2642
1.002563611473486e+00	-3.987276718240725e-01	2643
9.120418745569346e-01	-4.978789778401474e-01	2644
7.360795432212274e-01	-5.975469563981197e-01	2645
4.480182329287662e-02	-4.659152967535819e-01	2646
-1.198511278763629e-01	-1.362423192423245e-01	2647
1.015890849428592e+00	1.558226785119807e-02	2648
5.052852931770727e-01	-6.317076135350015e-01	2649
-1.144762547536974e-01	8.119257502238705e-02	2650
1.022033605030650e+00	-2.729837855861387e-02	2651
1.007382002772798e+00	-5.624178913836015e-03	2652
1.007600547373550e+00	5.372427013620303e-03	2653
1.006617704995893e+00	-4.575053035565513e-03	2654
-7.429958299527367e-02	-6.190684760598903e-03	2655
1.469607465103302e-03	4.151257696239962e-01	2656
6.562795696182087e-02	4.779760604069775e-01	2657
1.025944210470904e+00	-3.479539852623370e-02	2658
1.014540769595633e+00	-1.542287612592149e-02	2659
1.003582082819882e+00	1.915789046149588e-03	2660
1.012413722761222e+00	-1.191054989250018e-02	2661
-1.092648645119993e-01	-2.198350858874883e-01	2662
-1.195207821740423e-01	-1.145481065606245e-01	2663
-1.161104414475105e-01	9.639901075796760e-02	2664
-1.176376396501308e-01	1.374330173977155e-01	2665
1.003729794731222e+00	-8.064409504136676e-04	2666
1.042030243493534e+00	5.081283895906384e-02	2667
6.819078887248774e-01	-6.142616839070200e-01	2668
1.040812312399814e+00	-3.293863832828450e-01	2669
9.767033091027869e-01	-4.332687192488450e-01	2670
-1.168047485968848e-01	1.139761321395502e-01	2671
1.081818512976921e-01	5.118078387761948e-01	2672
-9.769658452868782e-02	2.407731467391149e-01	2673
1.037024366318691e+00	4.777418543510396e-02	2674
1.047957277807930e+00	-6.579586153920772e-02	2675
5.686330690191477e-01	-6.283504625233308e-01	2676
-1.124616827655088e-01	-5.631213010458413e-02	2677
1.012920058249817e+00	1.147496196396077e-02	2678
4.378392267487887e-01	6.339214963756848e-01	2679
-1.186958061619433e-01	-9.669818736976431e-02	2680
1.585056819899068e-01	5.439778961009006e-01	2681
1.062710262519937e+00	-2.569055094069109e-01	2682
1.016137308084140e+00	-1.786685831487751e-02	2683
1.009397111007036e+00	7.185151792068952e-03	2684
1.008530464453989e+00	6.466384113140855e-03	2685
1.008262514334905e+00	-6.749703018063423e-03	2686
1.009095035887148e+00	-7.500031762388121e-03	2687
3.035071088602894e-02	4.463718486432056e-01	2688
1.051949898493179e+00	-2.941753116587405e-01	2689
-4.197069675957769e-02	3.581080116763574e-01	2690
-2.079235899533451e-02	3.868509849185499e-01	2691
1.069741773500090e+00	9.651366180737612e-02	2692
1.068570643548644e+00	-1.111194129631332e-01	2693
8.742686076723304e-01	-5.265439438016863e-01	2694
1.023283075044988e+00	2.652669463816265e-02	2695
-1.107410732883891e-01	5.708673522749290e-02	2696
8.322890905728907e-01	-5.530505378450532e-01	2697
-6.218444681715979e-02	3.247278414755682e-01	2698
1.003755891747812e+00	6.829497789277960e-04	2699
1.010530478746127e+00	-8.428737236763182e-03	2700
1.004976536159610e+00	3.182582680851459e-03	2701
1.006791561936215e+00	4.350415883873780e-03	2702
1.004855716356317e+00	-3.343253765162728e-03	2703
1.039528694538880e+00	-5.211466397636427e-02	2704
1.034736693909811e+00	-4.894949653275146e-02	2705
3.629867177120437e-01	6.192890699887335e-01	2706
1.073782171448322e+00	1.179463748380034e-01	2707
1.051173078531716e+00	6.450537107967443e-02	2708
-9.276024972187649e-02	4.141599301559835e-02	2709
2.905829314588760e-01	5.988866704076117e-01	2710
-1.053467021657248e-01	2.166195579013133e-01	2711
-1.103287625436661e-01	1.901751639189496e-01	2712
-1.142036938792761e-01	1.656973180547758e-01	2713
1.003513091089120e+00	-2.030496741190312e-03	2714
1.035629059088836e+00	3.631052555970547e-02	2715
1.033879401231559e+00	-3.752787840922354e-02	2716
1.023755720375893e+00	-3.640014963324311e-01	2717
-1.167365864755710e-01	-8.067067632913411e-02	2718
-1.148295734241138e-01	-6.852868695659745e-02	2719
-1.128293096479835e-01	6.923325447576077e-02	2720
2.173842923850904e-01	5.732173799215330e-01	2721
9.464083786444286e-01	-4.666216279847376e-01	2722
-7.768648594090523e-02	2.594740703481366e-02	2723
1.068890814787737e+00	-2.196860736626970e-01	2724
1.070827383398144e+00	-1.339417285124885e-01	2725
1.071439491123680e+00	-1.835104086688537e-01	2726
1.071409032134502e+00	-1.587068009982866e-01	2727
-1.008571124455911e-01	-2.474764351071530e-01	2728
-9.152496910436922e-02	-2.763599707847620e-01	2729
-4.087907505297141e-02	-3.699739348739546e-01	2730
-7.790419452556495e-02	-3.065488754447324e-01	2731
-6.080517605429590e-02	-3.393845603039891e-01	2732
-1.176673041655751e-01	-1.624446488527018e-01	2733
-1.142266259207950e-01	-1.893311721694554e-01	2734
1.076920809356831e+00	1.447226140502597e-01	2735
1.077400008207910e+00	1.778978377055720e-01	2736
1.075483299973588e+00	2.132050868230403e-01	2737
1.072998370525515e+00	2.498955772656027e-01	2738
1.062527376200099e+00	2.972072525604679e-01	2739
1.051147072436452e+00	3.351741686421333e-01	2740
1.031732881191883e+00	3.737424165485695e-01	2741
1.008038585313037e+00	4.118876768061023e-01	2742
9.795249180532789e-01	4.485432556438939e-01	2743
9.460512418789737e-01	4.836889129975957e-01	2744
9.075535060411096e-01	5.171176430811004e-01	2745
8.646029666217607e-01	5.479437970734613e-01	2746
8.184242261273856e-01	5.751970219493300e-01	2747
7.415824987374010e-01	6.060037192158515e-01	2748
-7.823909730995707e-02	2.924267993810648e-01	2749
-8.963843882927804e-02	2.652927734305328e-01	2750
6.555353688634598e-01	6.303359756151281e-01	2751
5.837712463596848e-01	6.383188807246624e-01	2752
5.102010656209459e-01	6.390994116972295e-01	2753
1.065083869136058e+00	-9.423624051526655e-02	2754
1.065385355241785e+00	8.035551415268545e-02	2755
1.061509726265825e+00	-8.073346625478213e-02	2756
4.289259923830476e-01	-6.277291067671109e-01	2757
6.247930768106984e-01	-6.257162968506174e-01	2758
8.537574902560029e-02	-4.984351126581236e-01	2759
1.312833536583963e-01	-5.308929786864656e-01	2760
1.786541170860400e-01	-5.573426833919631e-01	2761
2.246519029107130e-01	-5.754962544866666e-01	2762
2.815652436771821e-01	-5.963730322028878e-01	2763
3.517829915584319e-01	-6.152365869709721e-01	2764
-1.184327975493006e-01	-3.063260403055630e-01	2765
9.338972034442345e-01	-5.661201882251833e-01	2766
-7.530300032597402e-02	1.307057121064346e-02	2767
8.435422377531124e-01	-6.315387102944098e-01	2768
5.409215887007923e-01	-7.113671528580267e-01	2769
1.012427133679612e+00	-9.583478456229193e-03	2770
1.014535534468897e+00	-1.356763995161729e-02	2771
1.047540283191926e+00	-5.644682246617416e-02	2772
1.006017076657640e+00	-3.517967688658632e-03	2773
1.037802408662203e+00	-4.288145426690734e-02	2774
3.878830129947347e-01	7.046697935305877e-01	2775
7.906261856651098e-01	-6.591742023252701e-01	2776
-1.394999136553598e-01	-1.045442840786317e-01	2777
-1.425723885752371e-01	-1.511118834611182e-01	2778
1.010709665701505e+00	-6.581080613480678e-03	2779
9.716501356006870e-01	-5.290860596532740e-01	2780
-6.914698699311153e-02	4.006832920597433e-01	2781
-4.836212702517263e-02	4.320753725125084e-01	2782
1.054348961829867e+00	-4.066297850415370e-01	2783
8.913075093723775e-01	-6.003001660047355e-01	2784
1.039805404229462e+00	4.152923186572845e-02	2785
1.050314204602221e+00	5.494311094188178e-02	2786
-7.958154543507126e-02	5.806122446084794e-03	2787
9.955943829793809e-02	5.835697512177286e-01	2788
1.586559971556173e-01	6.218334386618622e-01	2789
-1.418237239706480e-01	-1.248694467476532e-01	2790
1.019607231920236e+00	-2.331588494753711e-02	2791
4.624919575738586e-01	-7.103799542908503e-01	2792
1.094691031880275e+00	-2.034580248649468e-01	2793
1.093628427248353e+00	-2.430392900006119e-01	2794
1.080891205761049e+00	-3.228572865546928e-01	2795
-1.311506095215351e-01	7.265730793769391e-02	2796
1.062633495444601e+00	6.798611590621753e-02	2797
4.989369989145036e-02	5.433912124677803e-01	2798
-4.130496941472808e-02	-4.504310174247295e-01	2799
2.759622197529619e-02	-5.281511127335602e-01	2800
1.018959765220414e+00	1.791736719815409e-02	2801
-1.094406698520442e-01	-4.394703232717923e-02	2802
1.023994530723962e+00	2.164695530173642e-02	2803
-6.658850987627703e-02	-4.147901452013481e-01	2804
7.323919407416671e-01	-6.824371058775698e-01	2805
1.031982360302539e+00	-4.478633523707217e-01	2806
-1.032154776538432e-02	-4.894143718650083e-01	2807
1.018169633532060e+00	-2.081453620219391e-02	2808
-1.333263779465463e-01	-7.176039486124167e-02	2809
1.007990285869655e+00	-4.378845954409335e-03	2810
1.009109105370181e+00	5.033173551120188e-03	2811
1.004259265062768e+00	-7.105598324519635e-05	2812
-1.080257046189813e-01	4.478741115951783e-02	2813
-2.256680114306725e-02	4.672323876972105e-01	2814
1.025796200974087e+00	-3.102099965610362e-02	2815
1.017696132314966e+00	-1.510982983334268e-02	2816
1.004105273598853e+00	1.359451550313930e-03	2817
1.015123469588281e+00	1.304858297202221e-02	2818
1.004493916604246e+00	2.275635542123576e-03	2819
1.068119742299442e+00	-3.644794649549595e-01	2820
1.004637860361753e+00	-4.892509022206096e-01	2821
-1.395071646468529e-01	1.247507186743177e-01	2822
6.691837173338192e-01	-7.000004747889195e-01	2823
-1.369075310330449e-01	1.041932827139197e-01	2824
1.012828680623391e+00	9.138275921947676e-03	2825
-1.367761561849641e-01	-8.623433507436816e-02	2826
-1.344280979080777e-01	8.657174901630817e-02	2827
1.088312979575849e+00	-2.846036927755698e-01	2828
1.010976578896996e+00	6.198191926333286e-03	2829
1.008898289876721e+00	-5.346355760108421e-03	2830
1.025713296479722e-02	5.056205048403642e-01	2831
-8.666874162364079e-02	-1.124284381066148e-02	2832
-9.122165463097963e-02	-2.688297135983548e-02	2833
1.058952226387937e+00	-6.908281468431207e-02	2834
1.027233066623420e+00	3.011526385234349e-02	2835
-8.849496301953799e-02	3.637856565898873e-01	2836
1.008159448507445e+00	4.099923060046886e-03	2837
1.006147614261905e+00	3.313962700125304e-03	2838
1.004054483771925e+00	-1.494074795941453e-03	2839
1.086379782846549e+00	1.044563813366527e-01	2840
3.085815454212921e-01	6.832638223171573e-01	2841
-1.313017249136613e-01	2.380343699207369e-01	2842
-1.364520297795062e-01	2.087252342179418e-01	2843
-1.386450027018812e-01	1.819679878781760e-01	2844
-1.400338701430452e-01	1.542507230796069e-01	2845
1.004408741609664e+00	-2.421779079405583e-03	2846
-1.305234836482586e-01	-5.907277661410795e-02	2847
-1.287759177271890e-01	6.007987866510346e-02	2848
2.319357576255686e-01	6.562033116827779e-01	2849
-9.056738557485378e-02	2.950638126990688e-02	2850
1.085977828867062e+00	-1.209821744889027e-01	2851
1.092736452299992e+00	-1.711686234560112e-01	2852
-1.350985362345133e-01	-2.425190229831474e-01	2853
-1.290013646949779e-01	-2.722126069052990e-01	2854
-8.745355576687489e-02	-3.781093935007406e-01	2855
-1.056366631118294e-01	-3.414612214197669e-01	2856
-1.420455097270850e-01	-1.789786591951680e-01	2857
-1.403597132317882e-01	-2.089426206037112e-01	2858
1.092655951422631e+00	1.292683664714878e-01	2859
1.090029410869722e+00	-1.459450806197509e-01	2860
1.097529545588991e+00	1.609578483984566e-01	2861
1.100301937950603e+00	1.967480579839135e-01	2862
1.101545297158924e+00	2.331790686303362e-01	2863
1.098872527115670e+00	2.801915552941004e-01	2864
1.091354062846649e+00	3.262058436981254e-01	2865
1.077654292646814e+00	3.723852131898907e-01	2866
1.061759571121133e+00	4.183344304366931e-01	2867
1.036856613215023e+00	4.630485054103004e-01	2868
1.006377239517658e+00	5.067134127257722e-01	2869
9.697362057352756e-01	5.485687125890866e-01	2870
9.271402342969313e-01	5.879992865714705e-01	2871
8.795725821820347e-01	6.237784976223028e-01	2872
8.101798279900068e-01	6.610406479208814e-01	2873
-1.058032651060724e-01	3.264545290182671e-01	2874
-1.172370963390725e-01	2.929155281164216e-01	2875
-1.259029755710322e-01	2.636503306153273e-01	2876
7.228225551647478e-01	6.943566203581352e-01	2877
6.309560414175081e-01	7.150177014935269e-01	2878
5.503638006147068e-01	7.199817601166267e-01	2879
4.708338478148036e-01	7.173129239264523e-01	2880
1.080864947066813e+00	-9.983176603421245e-02	2881
1.075578559937101e+00	-8.427350263669665e-02	2882
1.080064842417825e+00	8.505752661501163e-02	2883
6.004447083065981e-01	-7.087192319410087e-01	2884
7.179366782967107e-02	-5.654708909961376e-01	2885
1.218554341426346e-01	-6.024099915615098e-01	2886
1.752889231911233e-01	-6.319030538869567e-01	2887
3.772552672137294e-01	-6.993438655080446e-01	2888
2.274085073062750e-01	-6.546086074250173e-01	2889
2.964302813289819e-01	-6.791276242805570e-01	2890
-7.074007349945900e-02	-5.051086631616648e-01	2891
-1.018133157717769e-01	4.453384712601616e-01	2892
3.281975888426670e-01	7.777069911613858e-01	2893
1.047316001980834e+00	-4.737110957124216e-02	2894
-1.606631609047188e-01	-3.003984168353996e-01	2895
1.005494090337110e+00	-2.509771480363972e-03	2896
1.049658491352562e+00	4.576186873190398e-02	2897
4.184823574559123e-01	7.992354900929640e-01	2898
1.115394808042273e+00	-4.035474802509055e-01	2899
9.055763542133935e-02	6.653140576735813e-01	2900
5.002336151447140e-01	-8.011946695359939e-01	2901
-1.381520190337214e-01	-3.800315682543888e-01	2902
-1.267378552912356e-01	-4.620188372435961e-02	2903
1.015210073113632e+00	1.030210782051548e-02	2904
1.066834815545945e+00	-5.008118168876240e-01	2905
1.010662985749639e+00	-4.704882299070061e-03	2906
1.009428248533672e+00	-3.939827478777724e-03	2907
1.005022850074014e+00	1.510838294422726e-03	2908
1.024199170342429e+00	-2.325949766628479e-02	2909
1.027052492052830e+00	-2.601006725140329e-02	2910
7.246478681830677e-01	-7.779092525464650e-01	2911
5.743858985415825e-01	-7.972994827778821e-01	2912
1.037530743406276e+00	-5.502768091171231e-01	2913
-1.693531452056869e-01	-1.653281382129905e-01	2914
1.007209752274864e+00	-3.421942111746058e-03	2915
-1.211824676604039e-01	4.048576482968948e-01	2916
1.004557098953121e+00	-8.509178158649361e-04	2917
1.028029501551792e+00	2.486224878328973e-02	2918
1.113040465936386e+00	-3.556447978034634e-01	2919
-1.634924019403018e-01	-1.119340705184743e-01	2920
-1.376274486713566e-01	3.641334842252563e-01	2921
-1.676883931832104e-01	-1.370552589497349e-01	2922
1.030989077244383e+00	-3.270527247659145e-02	2923
-8.788013126824792e-02	1.598139128825063e-02	2924
-1.511390457429775e-01	-3.377948714914549e-01	2925
-1.197097564071433e-01	-4.203228263911710e-01	2926
1.121977524708461e+00	-2.241328204744374e-01	2927
1.075785601198687e+00	7.135604792165266e-02	2928
1.057049368888704e+00	-6.070472631354568e-02	2929
8.558910643580399e-01	-7.200701497487900e-01	2930
1.692476894305723e-01	-7.158657939403731e-01	2931
4.080555780992794e-01	-7.928799293423852e-01	2932
9.597319108618962e-01	-6.421963048782972e-01	2933
6.461086671407923e-01	-7.947323676020966e-01	2934
1.012422891193986e+00	-7.548624298019991e-03	2935
1.014746589021283e+00	-1.084088100694407e-02	2936
1.060033903794182e+00	5.892404359232938e-02	2937
1.007338945357547e+00	3.171850419406205e-03	2938
7.937702024208337e-01	-7.521219903521622e-01	2939
1.018633103886792e+00	1.398474117375468e-02	2940
1.009581830301472e+00	3.603055567530755e-03	2941
1.001831032239616e+00	-5.978394458919054e-01	2942
-1.365465155269027e-02	5.718486128127905e-01	2943
1.086518810310155e+00	-4.509232053008752e-01	2944
9.111635374916349e-01	-6.831148995120471e-01	2945
1.042677145258823e+00	3.493699534951203e-02	2946
1.040982854038228e+00	-3.646524627180761e-02	2947
-7.994462371228288e-02	4.830139162170038e-01	2948
1.122852347180476e+00	-2.680367125009050e-01	2949
3.247590765770986e-02	6.178482708827412e-01	2950
-9.784086739652045e-02	-4.632852545357026e-01	2951
-3.570404696906383e-02	-5.515649526788029e-01	2952
1.019674258857980e+00	-1.776716517400368e-02	2953
-1.051896757310237e-01	3.278107647141807e-02	2954
-5.046268856734874e-02	5.253594081380761e-01	2955
1.004585110473825e+00	6.978867247891644e-04	2956
-1.610961456447569e-01	1.114137641116480e-01	2957
-1.568223815379979e-01	9.220782464794103e-02	2958
1.010850070244032e+00	4.319868472497575e-03	2959
-1.592044638710026e-01	-9.212535460077155e-02	2960
-1.524419403548078e-01	-6.774864446008501e-02	2961
-1.252839751763476e-01	4.724958693706404e-02	2962
1.120180630228677e+00	-3.107810026641755e-01	2963
1.012734922146565e+00	7.097631332636098e-03	2964
-1.016057287918738e-01	-1.532911936092709e-02	2965
-1.053073968774307e-01	-2.966685528534337e-02	2966
1.032512337863972e+00	3.158480419273801e-02	2967
1.005584713966702e+00	2.323695684053987e-03	2968
1.004964208483003e+00	-1.678266291958231e-03	2969
-1.665115466199001e-01	2.290407449370896e-01	2970
-1.655971910835156e-01	1.388255019477218e-01	2971
-1.674762472864308e-01	1.977233001766115e-01	2972
-1.668064325791703e-01	1.693224207535507e-01	2973
-1.504035835301449e-01	6.878122814998427e-02	2974
2.448875371694258e-01	7.486369400681425e-01	2975
1.636663074441996e-01	7.114352094683838e-01	2976
-9.361340167341320e-02	1.645368196563782e-03	2977
-1.665993864362547e-01	-2.641913695881659e-01	2978
-1.708573711265136e-01	-1.953676960393037e-01	2979
-1.695528511576294e-01	-2.304388535879524e-01	2980
1.106046003689527e+00	1.126367735642845e-01	2981
1.106458553864406e+00	-1.305431423765193e-01	2982
1.114767239579851e+00	1.420198170156166e-01	2983
1.112443047915266e+00	-1.563777435932287e-01	2984
1.122271833784072e+00	1.769394096055320e-01	2985
1.117950411369930e+00	-1.859702876400088e-01	2986
1.127838275875504e+00	2.138719347750336e-01	2987
1.131484941126131e+00	2.581856096692147e-01	2988
1.130497078525615e+00	3.086814616821383e-01	2989
1.123567559489575e+00	3.605266850488423e-01	2990
1.112910088128118e+00	4.097780426975925e-01	2991
1.093427571918529e+00	4.647286167837570e-01	2992
1.071118457426738e+00	5.186477155368627e-01	2993
1.038282577571856e+00	5.705510624251444e-01	2994
9.980823184230644e-01	6.205100045725594e-01	2995
9.507539879492124e-01	6.670683625921779e-01	2996
8.852463949335276e-01	7.142436571366845e-01	2997
-1.498937494106884e-01	3.229436184240239e-01	2998
-1.581699748353835e-01	2.891674547684301e-01	2999
-1.627830723166349e-01	2.580595180282229e-01	3000
7.995220649172486e-01	7.581868325300408e-01	3001
6.990476250570746e-01	7.920965972041119e-01	3002
5.985208580148831e-01	8.079315106939583e-01	3003
5.099689802154946e-01	8.090539775354975e-01	3004
1.099114557686387e+00	-1.066797771045817e-01	3005
1.071398314461500e+00	-7.174878238811933e-02	3006
1.091674289742208e+00	-8.753512239579089e-02	3007
1.097133293514844e+00	9.020476506305682e-02	3008
6.046754818869212e-03	-5.977638613328639e-01	3009
5.455078237806262e-02	-6.404484524540432e-01	3010
1.117505525845302e-01	-6.828938156585380e-01	3011
3.155596139474413e-01	-7.724010862609343e-01	3012
2.338186320132482e-01	-7.445441553276279e-01	3013
1.058506157282848e+00	4.920096397249136e-02	3014
1.104293728566634e+00	-5.566234218622882e-01	3015
-1.891129152787616e-01	1.207322811053813e-01	3016
1.008548845622352e+00	-3.127846263895466e-03	3017
1.158920103406260e+00	-3.777510591461501e-01	3018
1.156780368042437e+00	-3.397605169526350e-01	3019
3.531469341086541e-01	8.834209816412805e-01	3020
7.934217548359794e-01	-8.573568202961485e-01	3021
1.005526893630093e+00	7.153718289958027e-04	3022
1.005980680313787e+00	-1.615305122785790e-03	3023
1.034370065352437e+00	2.549239304896391e-02	3024
1.343410499344832e-02	7.027237946010810e-01	3025
8.680876392806172e-01	-8.203839038154378e-01	3026
1.012399221037973e+00	-5.571085374494952e-03	3027
1.017132352356817e+00	-1.239518650612214e-02	3028
2.442376735830529e-01	-8.464798029515452e-01	3029
1.075896603447865e+00	-6.164899155888679e-01	3030
1.047593447470581e+00	4.104224618627546e-02	3031
1.068119871874796e+00	-6.260738691000008e-02	3032
8.424967653836957e-02	7.597850474245103e-01	3033
9.804006527038171e-02	-7.726009800382678e-01	3034
1.021945107877038e+00	-2.021280556689582e-02	3035
1.005127665717100e+00	-8.678948982788821e-05	3036
1.028585604946832e+00	2.001113470290456e-02	3037
-2.005916156655591e-01	-1.785850963280105e-01	3038
-1.211022949602645e-01	-3.079737440769250e-02	3039
1.005496723869438e+00	-9.028064274256345e-04	3040
-2.027120007105006e-01	-2.884178931315265e-01	3041
-1.066516724729348e-01	-2.549077905779818e-03	3042
2.579009324254336e-01	8.520502261879158e-01	3043
-1.401643878923245e-01	4.933346756023895e-01	3044
-1.017587862943602e-01	1.653139126280176e-02	3045
1.037342570587060e+00	-3.219274618861748e-02	3046
1.091416503788996e+00	7.428891779692026e-02	3047
4.559221706868609e-01	9.036288987606287e-01	3048
-8.355585409743410e-02	5.905422030296034e-01	3049
-1.047435739448375e-01	-5.666912194111111e-01	3050
-1.981114480783619e-01	1.826994017711714e-01	3051
-1.972278772670872e-01	-3.293235583332356e-01	3052
7.062842092501329e-01	-8.850903438049631e-01	3053
1.648681039713184e-01	-8.117454873956328e-01	3054
-1.337000776065035e-01	-5.157919641851852e-01	3055
4.448486464162903e-01	-8.963962029619097e-01	3056
-1.893725437264600e-01	-3.723240142088533e-01	3057
1.017672026985204e+00	1.176040956655326e-02	3058
1.008668218136063e+00	2.824946412647427e-03	3059
1.021162327956260e+00	-1.459909303384807e-02	3060
9.333792951221975e-01	-7.765077794753007e-01	3061
-2.042149608515031e-01	-2.502130972001432e-01	3062
1.006583344152827e+00	-2.495648013221112e-03	3063
-1.598504038205457e-01	4.486736109245418e-01	3064
1.021915853128973e+00	1.570149351833819e-02	3065
1.028577254518175e+00	-2.158887577890184e-02	3066
1.157460820629620e+00	-2.918072819809516e-01	3067
-1.874211394395595e-01	3.567834963537251e-01	3068
-1.748633511272396e-01	4.031618424226076e-01	3069
-1.460977403073053e-01	-4.741492193895778e-02	3070
-1.746918396197371e-01	-4.207686319787012e-01	3071
1.055949124860456e+00	-5.108437074275459e-02	3072
3.404758997462354e-01	-8.771321176816153e-01	3073
9.896540550689689e-01	-7.272928465685550e-01	3074
5.780310247012994e-01	-8.985044036029421e-01	3075
1.014452169734284e+00	-8.560511042902908e-03	3076
1.071352981710930e+00	6.059388033122188e-02	3077
1.010824419168641e+00	-3.068340039737763e-03	3078
1.037121690148883e+00	-6.737537140722445e-01	3079
-4.081028074998929e-02	6.468085510167226e-01	3080
1.144475826959974e+00	-4.536986466591331e-01	3081
1.128122022030220e+00	-4.964150894030661e-01	3082
1.033292225707684e+00	-2.686093796125908e-02	3083
-1.162171705693116e-01	5.405137833238913e-01	3084
-1.579078055507314e-01	-4.664247932554244e-01	3085
-1.770916705243458e-01	-7.386204052768619e-02	3086
-1.446945350987578e-01	4.868001488988150e-02	3087
1.010943612659882e+00	2.674600186578701e-03	3088
1.012625529970121e+00	5.117057505339739e-03	3089
-1.824414236141777e-01	9.643731373097414e-02	3090
-1.847748173991484e-01	-9.680926209936810e-02	3091
-1.945271278425830e-01	1.527607080293792e-01	3092
-1.216806434047281e-01	3.503039908862772e-02	3093
1.014812497793872e+00	8.027391936850736e-03	3094
-1.176443901728697e-01	-1.882949144291041e-02	3095
1.038835735635002e+00	3.080094459048911e-02	3096
1.006037931288599e+00	1.410033421408278e-03	3097
1.006675135961743e+00	2.268351803760105e-03	3098
-1.911565698101274e-01	-1.200305991601715e-01	3099
-1.964265817406409e-01	-1.493513560834330e-01	3100
-2.007073071204074e-01	2.143841561095066e-01	3101
-1.750266781663649e-01	7.442801119477774e-02	3102
1.689500960008776e-01	8.122556243896460e-01	3103
-2.044763914543344e-01	-2.139018104135466e-01	3104
1.129060162078043e+00	1.217178567999964e-01	3105
1.129920491298536e+00	-1.388051332808510e-01	3106
1.140925840563459e+00	1.545536693997441e-01	3107
1.138859708190507e+00	-1.668867193317951e-01	3108
1.151251043699393e+00	1.913015018739424e-01	3109
1.147274424928499e+00	-2.023118094862624e-01	3110
1.160347446907220e+00	2.332469629705808e-01	3111
1.154242940515105e+00	-2.456067961916281e-01	3112
1.166411078210661e+00	2.838178549790599e-01	3113
1.167441407181289e+00	3.396385214799844e-01	3114
1.163095963925024e+00	3.944113189249710e-01	3115
1.151323056709614e+00	4.537859224043481e-01	3116
1.134876125560622e+00	5.127176790699054e-01	3117
1.107506303225817e+00	5.772015398126431e-01	3118
1.075580122460182e+00	6.405831556005529e-01	3119
1.031496032627818e+00	7.003094534114003e-01	3120
9.700996250801378e-01	7.606226798779534e-01	3121
-1.945908342062564e-01	3.160915713100269e-01	3122
-1.990773122190859e-01	2.794070793012782e-01	3123
-2.005897768200283e-01	2.481320321900216e-01	3124
8.866886074889019e-01	8.185810180356459e-01	3125
7.829348723509616e-01	8.677502221278555e-01	3126
6.668112625279858e-01	8.994915346296005e-01	3127
5.577263196760791e-01	9.093532840013083e-01	3128
1.120427372703791e+00	-1.132672177864281e-01	3129
1.085934233515603e+00	-7.342868965643785e-02	3130
1.110274028877154e+00	-9.139637417910976e-02	3131
1.117126668197516e+00	9.519769720952713e-02	3132
-6.592528831046686e-02	-6.202892851717341e-01	3133
-1.975557905492006e-02	-6.753233590746727e-01	3134
3.538738301977835e-02	-7.253067813259086e-01	3135
1.050544550150553e+00	3.361774215482026e-02	3136
9.569650923791748e-01	-8.825000081340652e-01	3137
1.006506467554656e+00	-7.373643516274915e-04	3138
1.017087826192653e+00	-9.484173455750934e-03	3139
-1.767989054197229e-01	-5.736031405424336e-01	3140
-7.107106469662303e-02	7.321531419726761e-01	3141
1.024996004819544e+00	1.721615233562670e-02	3142
1.173727678551032e+00	-5.495190237481860e-01	3143
1.117923716667304e+00	-6.869709533395292e-01	3144
1.034459230258276e+00	-2.109424974675666e-02	3145
-1.369785104471150e-01	-2.542570110656158e-02	3146
-1.173040753997190e-01	1.483472806349334e-02	3147
-1.211817820432951e-01	6.647602293373835e-01	3148
-5.148550753333684e-03	8.007952678333031e-01	3149
2.746539993871731e-01	9.683401561292990e-01	3150
1.068776029423204e+00	5.260568929892482e-02	3151
3.724955323202668e-01	-9.941001319835142e-01	3152
2.601279993512866e-01	-9.617660501268620e-01	3153
-2.442054710227487e-01	-2.706541681374235e-01	3154
1.014592788313156e+00	5.874305934240065e-03	3155
1.023397045971377e+00	-1.713228932414727e-02	3156
-2.371588724071778e-01	3.447570919473203e-01	3157
7.833376121270548e-01	-9.769760977496408e-01	3158
1.014327847289500e+00	-6.406678868448353e-03	3159
1.022481612686019e+00	1.953508547555461e-02	3160
-1.851744039221712e-01	5.465127735073979e-01	3161
1.043889553931418e+00	-3.032515873762859e-02	3162
-2.435413691789912e-01	-3.144370912769301e-01	3163
-2.367577580028333e-01	-1.922225800603954e-01	3164
1.017493887226084e+00	8.841964942675782e-03	3165
-1.693567439031771e-01	-5.053851103276440e-02	3166
-2.048820539619896e-01	4.956575668777157e-01	3167
1.109458790567714e+00	7.729398132908057e-02	3168
1.189688085072739e+00	-4.956121052758664e-01	3169
1.201880103515619e+00	-4.255114310862932e-01	3170
1.156059828061404e+00	1.304055506798468e-01	3171
-2.341013817241284e-01	1.956516636582160e-01	3172
3.856432425935716e-01	1.001262728985095e+00	3173
1.066034580840094e+00	-5.480122674347092e-02	3174
1.080610222672446e+00	-6.330696576356347e-02	3175
1.238367356996565e-02	-8.202958160722221e-01	3176
-2.404606284157548e-01	-3.591425441155952e-01	3177
1.151645208553492e+00	-6.160462852108879e-01	3178
5.027072121203285e-01	1.018293412642978e+00	3179
8.779426469579344e-01	-9.346161071104947e-01	3180
1.009904174714017e+00	-2.542211726936048e-03	3181
1.012352742064964e+00	-4.044094458719492e-03	3182
1.050423679238089e+00	-3.830329716420245e-02	3183
1.054873449008902e+00	-4.178490080056871e-02	3184
1.637661751264299e-01	-9.213688737862633e-01	3185
1.021213620162538e+00	1.195429786138684e-02	3186
1.006110388205365e+00	-1.050075231685585e-04	3187
-1.401899580686523e-01	3.603533478430324e-02	3188
7.853618862603499e-02	8.672150692564236e-01	3189
-2.193767574769652e-01	-4.627805603368152e-01	3190
-2.196298189413105e-01	4.435494968486970e-01	3191
8.305650984621553e-02	-8.740902675314733e-01	3192
6.538021339825965e-01	-1.003976497182478e+00	3193
-2.013253270740061e-01	-5.179558063873471e-01	3194
1.010001012165234e+00	2.185016050140245e-03	3195
1.045287197149732e+00	2.864680396376125e-02	3196
1.007819885465839e+00	-2.335490449579623e-03	3197
1.007117805965711e+00	-1.484212846791385e-03	3198
1.026171394600281e+00	-1.945180168336690e-02	3199
1.202813066251341e+00	-3.564499160027622e-01	3200
1.197959614846725e+00	-3.165374125048739e-01	3201
-2.297794742967277e-01	3.934027947279243e-01	3202
-2.332509571173312e-01	-4.117210688069293e-01	3203
1.023406734357157e+00	-8.229996813894258e-01	3204
5.092550737049393e-01	-1.009352361999490e+00	3205
1.084290426578054e+00	6.155915767311872e-02	3206
1.077760630725303e+00	-7.578851450533192e-01	3207
-1.576246070117079e-01	6.040919714941655e-01	3208
-2.297282887622730e-01	-1.593146909688788e-01	3209
1.012514124394604e+00	3.589882130473866e-03	3210
-1.676379512813430e-01	5.174504590874821e-02	3211
-2.046158089627454e-01	-7.725164490561094e-02	3212
-2.119125812054895e-01	1.012624165654809e-01	3213
-2.281008899214728e-01	1.638085774265395e-01	3214
-1.261011291317573e-01	-1.063646514915759e-03	3215
1.040822526626768e+00	2.459170813273106e-02	3216
1.039734877495084e+00	-2.619090652005510e-02	3217
1.006530358995861e+00	5.120255653737023e-04	3218
1.007170721037939e+00	1.235660639430038e-03	3219
1.007906781530983e+00	2.060365549762169e-03	3220
-2.139776806490403e-01	-1.011029065176829e-01	3221
-2.222840904522120e-01	-1.293806564455308e-01	3222
-2.206618827559569e-01	1.316980060988854e-01	3223
-2.024788975673984e-01	7.725576527850675e-02	3224
1.739620389815202e-01	9.253619692550494e-01	3225
-2.417161203870388e-01	-2.320832886079205e-01	3226
1.157143412823841e+00	-1.457197678415051e-01	3227
1.171128806347052e+00	1.657396616978376e-01	3228
1.169494740114335e+00	-1.784623728059582e-01	3229
1.185385098772658e+00	2.056246534675961e-01	3230
1.181815589080050e+00	-2.191290565312643e-01	3231
1.198018591049797e+00	2.540760339933401e-01	3232
1.191618673568260e+00	-2.663807790187740e-01	3233
1.207389574546440e+00	3.106102730251185e-01	3234
1.210836278574794e+00	3.702224206994891e-01	3235
1.207873843214551e+00	4.336345459503986e-01	3236
1.198570821987266e+00	4.981115426709360e-01	3237
1.179776634449001e+00	5.690711005861399e-01	3238
1.154524318749079e+00	6.396446148211895e-01	3239
1.115414094903083e+00	7.150009201616759e-01	3240
1.064793967376956e+00	7.938433781470383e-01	3241
-2.381153034665540e-01	2.313588846049640e-01	3242
-2.397633990174308e-01	3.030817054847280e-01	3243
-2.402939979573313e-01	2.657631621458375e-01	3244
9.861013592804576e-01	8.698282054893319e-01	3245
8.821164931363109e-01	9.382713282492047e-01	3246
7.563850052450387e-01	9.902990607832695e-01	3247
6.245872595398337e-01	1.016367706142001e+00	3248
1.144670171326339e+00	-1.188859099594832e-01	3249
1.103037010092902e+00	-7.495289829269390e-02	3250
1.131882347058814e+00	-9.475200051132521e-02	3251
1.140457615422207e+00	1.005637737804015e-01	3252
-1.446255417503561e-01	-6.359544211678533e-01	3253
-1.023010455898777e-01	-6.972010312187646e-01	3254
-4.920779593159779e-02	-7.626340151626293e-01	3255
-2.849191940719015e-01	-2.484201014565889e-01	3256
-2.745685915625306e-01	2.091472305330437e-01	3257
5.859884148979762e-01	-1.131530035534347e+00	3258
1.060382163986553e+00	-9.314840636838234e-01	3259
-1.026079627002189e-01	8.302556189468957e-01	3260
-2.902775472799938e-01	-3.924540964594198e-01	3261
-2.361209916641216e-01	6.069909402497191e-01	3262
4.285322746794240e-01	1.131862482440156e+00	3263
1.057002167398678e+00	3.983976231588007e-02	3264
1.009099440428223e+00	-1.890945933186464e-03	3265
1.012470756394638e+00	-2.178606725908535e-03	3266
1.064180055650645e+00	-4.487083151011927e-02	3267
-1.374941583327537e-02	-9.274186835296195e-01	3268
2.832839707719739e-01	-1.091653579252714e+00	3269
4.269562538215350e-01	-1.123936463163687e+00	3270
1.024815946505253e+00	-1.363594910872955e-02	3271
-2.051888656415156e-01	6.748931833235468e-01	3272
-8.342313089090458e-02	-8.604094769371864e-01	3273
1.020243602067515e+00	1.014481711270354e-02	3274
1.019768457387954e+00	-1.089657752680207e-02	3275
1.812731795943356e-01	1.052648890796319e+00	3276
1.016564052646970e+00	-7.356944661785282e-03	3277
-1.608730108171919e-01	3.561605162318295e-02	3278
-1.945552649245166e-01	-5.300925294653462e-02	3279
-2.868942473397746e-01	3.270882486808135e-01	3280
1.029194359719948e+00	1.551796974302980e-02	3281
-2.354955142302916e-01	-7.873602422196319e-02	3282
1.066505183078753e+00	4.207804393974883e-02	3283
-2.679553957914419e-01	-1.681309848753746e-01	3284
-2.664744266892256e-01	1.729987503130530e-01	3285
2.984008921883027e-01	1.099063737107539e+00	3286
-2.514460325947200e-01	-5.729417806930157e-01	3287
1.187040508345697e+00	1.379175726304347e-01	3288
1.170631350759524e+00	-7.640133461468551e-01	3289
5.677120060161631e-01	1.142263562617899e+00	3290
-2.773705582315926e-01	-2.071658480768819e-01	3291
1.130682423124056e+00	7.996759575992539e-02	3292
1.675720830644046e-01	-1.046582067032390e+00	3293
-2.269830312190086e-01	-6.386071607854935e-01	3294
1.094614522185912e+00	-6.244216057525626e-02	3295
9.799744209465853e-01	-1.003741285040657e+00	3296
-2.401450644414546e-02	9.131527158146960e-01	3297
1.228819514696109e+00	-6.049992599518507e-01	3298
1.035758227913202e+00	1.966898939506692e-02	3299
-1.632943887755407e-01	7.497457004121502e-01	3300
1.080273490782141e+00	5.332515450817385e-02	3301
1.016873647797538e+00	6.732514597796057e-03	3302
1.024866665253249e+00	1.330772245854492e-02	3303
1.030129420553614e+00	-1.743130302057554e-02	3304
1.027183331395696e+00	-1.543465086852459e-02	3305
-2.854920153422279e-01	3.771884391984815e-01	3306
7.439250492316078e-01	-1.112701390566996e+00	3307
1.014209447311219e+00	-4.750924814536316e-03	3308
1.046087095428664e+00	-2.398663125176510e-02	3309
-2.896475209057840e-01	-2.929785999545921e-01	3310
-2.566449045806137e-01	5.454716289027511e-01	3311
1.242988121779520e+00	-5.408876635325809e-01	3312
1.252497281367090e+00	-4.706127210588344e-01	3313
1.077411495756377e+00	-5.595148255999536e-02	3314
-2.913133192586010e-01	-3.399220160040742e-01	3315
1.203684702046722e+00	-6.845424392613610e-01	3316
8.797206223676814e-01	-1.065843926436415e+00	3317
1.012553284618498e+00	1.718809881539762e-03	3318
6.898129673511880e-02	-9.900413497794870e-01	3319
-1.337967212000615e-01	1.684782597454233e-02	3320
7.222876532227951e-02	9.885197458782571e-01	3321
-2.825719405276721e-01	-4.522392551969915e-01	3322
-2.716240513966118e-01	4.868368541975648e-01	3323
-2.707264956567902e-01	-5.098030340428785e-01	3324
1.047102249305202e+00	2.215083678911207e-02	3325
1.052551253566855e+00	2.621062635838427e-02	3326
1.008346633263943e+00	-1.186842859884588e-03	3327
1.253357726674436e+00	-3.919542798676298e-01	3328
-2.802506775496244e-01	4.300450529297973e-01	3329
1.100945066746720e+00	6.166293431503300e-02	3330
1.120094022138031e+00	-8.487690930749129e-01	3331
-1.469932552707502e-01	-6.322703952693578e-03	3332
1.014402560437814e+00	4.221237353001462e-03	3333
-1.647367769624833e-01	-2.253664430659238e-02	3334
-1.925064352285565e-01	5.370359793454473e-02	3335
-2.566200753946801e-01	1.401532967302464e-01	3336
1.040756244356061e+00	-1.988208060703430e-02	3337
1.007511580447142e+00	-5.392058909596104e-05	3338
1.008388152612885e+00	8.907448835480548e-04	3339
1.009169370099420e+00	1.565352512592631e-03	3340
-2.577149315494184e-01	-1.362711898505845e-01	3341
-2.472940190569684e-01	-1.065016613773301e-01	3342
-2.457007544527343e-01	1.078587701673370e-01	3343
-2.334677239772460e-01	7.877156964973900e-02	3344
1.206267579459119e+00	1.754499928400337e-01	3345
1.188495256884423e+00	-1.527364652250681e-01	3346
1.205406934945704e+00	-1.899571629768039e-01	3347
1.224907776716707e+00	2.209026602357597e-01	3348
1.245466983977193e+00	-3.311992705863263e-01	3349
1.221530163153094e+00	-2.357121633637799e-01	3350
1.242127822332091e+00	2.754405913745280e-01	3351
1.235274667957019e+00	-2.865307598959564e-01	3352
1.254618002918074e+00	3.373774686089548e-01	3353
1.261251580616731e+00	4.038637636655439e-01	3354
1.260968517052831e+00	4.736414212191328e-01	3355
1.251776799999853e+00	5.494849454433793e-01	3356
1.234804765340269e+00	6.277449648208873e-01	3357
1.204942064076786e+00	7.126462481988866e-01	3358
1.163551145695958e+00	8.002202361191211e-01	3359
-2.811049185766783e-01	2.459253257861292e-01	3360
-2.859107487895205e-01	2.851358520744953e-01	3361
1.097082167743478e+00	9.039666086381187e-01	3362
9.973656965745009e-01	9.969112026969315e-01	3363
8.672860276855675e-01	1.074858890024209e+00	3364
7.168907720315497e-01	1.125560071589926e+00	3365
1.172369174785592e+00	-1.224506260803867e-01	3366
1.122595543728384e+00	-7.652261676698109e-02	3367
1.156445335926373e+00	-9.730259911536028e-02	3368
1.167661645989608e+00	1.052157617943544e-01	3369
-1.904793808729194e-01	-7.124698749231485e-01	3370
-1.437206361669633e-01	-7.846295897586305e-01	3371
4.997217884920961e-01	-1.265687764236015e+00	3372
-1.370247612866005e-01	9.435433652401922e-01	3373
-3.463279413640646e-01	-3.670159342742559e-01	3374
1.060009139547196e+00	3.192429227202132e-02	3375
1.051206957708966e+00	-2.928366219471615e-02	3376
-4.139640485665121e-02	-1.049472452903995e+00	3377
5.787296241425795e-02	-1.123155963751214e+00	3378
1.173364068011859e+00	-9.505647660796330e-01	3379
9.974359035970767e-01	-1.144288723099669e+00	3380
-2.094512732312091e-01	8.491290134255123e-01	3381
1.010404219300698e+00	7.758026642401964e-04	3382
-1.535283484927504e-01	1.814099626636131e-02	3383
1.246794903961838e+00	1.851006157806278e-01	3384
3.326054637860627e-01	1.245921066687388e+00	3385
-1.908341639952245e-01	-8.836239429054049e-01	3386
6.691127470079447e-02	1.125876198515504e+00	3387
1.077394082117784e+00	4.527703549113756e-02	3388
1.112394553251444e+00	-6.067988403152697e-02	3389
6.813751575921883e-01	-1.260499040005494e+00	3390
1.028700354287353e+00	1.112865694251303e-02	3391
-2.598719476586437e-01	7.556947896837313e-01	3392
1.014063138668852e+00	-2.956560716747272e-03	3393
1.035958810152987e+00	-1.574469087316161e-02	3394
1.266711882092038e+00	-7.576773803395661e-01	3395
-3.460634868631087e-01	-4.297494779651608e-01	3396
1.099095010348097e+00	-1.055802258574221e+00	3397
1.016343070495083e+00	-5.430390418393188e-03	3398
-3.167651853892853e-01	6.002946728252353e-01	3399
1.010364318510242e+00	-1.151974714230192e-03	3400
-3.206270226301932e-01	2.199357526886043e-01	3401
1.092996467289743e+00	5.222622771681212e-02	3402
-1.843100906885214e-01	-2.605835117448008e-02	3403
1.016567298723215e+00	4.812558153270925e-03	3404
-2.225381525910198e-01	-5.271830154190539e-02	3405
1.224948437060371e+00	-1.588082190722998e-01	3406
4.898274994333056e-01	1.275031964118758e+00	3407
6.598655919623033e-01	1.272172131316159e+00	3408
1.120088430109479e+00	6.249360397911913e-02	3409
-1.224758293810375e-01	-9.703456258520865e-01	3410
-3.412334457077230e-01	4.096584865845055e-01	3411
-3.237540770911538e-01	-2.197628046302941e-01	3412
-2.929354200751109e-01	6.746175617499690e-01	3413
1.062219984576601e+00	-3.534136381455079e-02	3414
1.012511874599785e+00	-2.302647977657269e-04	3415
1.785191845221124e-01	-1.188874030636988e+00	3416
3.255802723463112e-01	-1.238332322810114e+00	3417
1.023759066347955e+00	-9.583012578613600e-03	3418
1.019438966462499e+00	-7.854795704519668e-03	3419
1.940813898872877e-01	1.196403858051825e+00	3420
-3.406442119476998e-01	3.538447864182783e-01	3421
-2.206282313485823e-01	5.290383244624407e-02	3422
1.225900952820358e+00	-8.547320269263056e-01	3423
-3.111606490604649e-01	-1.781389712974684e-01	3424
-3.099509595308547e-01	1.821942559279900e-01	3425
1.155106118171553e+00	8.220633457009020e-02	3426
-3.111257379224853e-01	-6.322646452742025e-01	3427
-4.428766536609557e-02	1.040854376520097e+00	3428
1.290978804859156e+00	-6.686576697722564e-01	3429
1.019773693431602e+00	7.108691263822227e-03	3430
1.030903955596757e+00	-1.313356687987611e-02	3431
1.028207467545726e+00	-1.164060450160272e-02	3432
1.041948973084651e+00	1.820407958589779e-02	3433
1.047004773377948e+00	-1.731555061250787e-02	3434
1.306058129498079e+00	-5.886670340123288e-01	3435
1.312464445564854e+00	-5.147056934044762e-01	3436
1.074889981528551e+00	-4.800483856128817e-02	3437
-3.342586824176072e-01	-2.654725340277640e-01	3438
-3.367690830104051e-01	3.050125329918136e-01	3439
8.561596449636520e-01	-1.218160232106962e+00	3440
1.014178800606915e+00	2.431726483219724e-03	3441
-3.305229233467361e-01	-5.622693300270556e-01	3442
-3.303671322563649e-01	5.335128199428114e-01	3443
-3.408428021861128e-01	-4.939551652445626e-01	3444
1.053748076291434e+00	1.889701831537197e-02	3445
1.310703285007111e+00	-4.321635654148038e-01	3446
-3.388205630502901e-01	4.683650817787113e-01	3447
-1.687879517744081e-01	4.162960737294052e-05	3448
-1.845505658300602e-01	3.499080493803391e-02	3449
-2.972471758151062e-01	1.457783580157719e-01	3450
-2.705819669345444e-01	-8.005280795146892e-02	3451
1.009408938784467e+00	-1.160209394297520e-04	3452
-2.978308977346354e-01	-1.407545373995630e-01	3453
-2.836834401154528e-01	1.128629286399465e-01	3454
-2.846034460117319e-01	-1.099804032417163e-01	3455
-2.689369001170870e-01	8.080396507141836e-02	3456
1.222632992431335e+00	1.431577361959283e-01	3457
1.246658041781041e+00	-2.013327713119603e-01	3458
1.271039102990873e+00	2.359640708000718e-01	3459
1.284913638927067e+00	-2.988979064085993e-01	3460
1.267590658846123e+00	-2.507300894780656e-01	3461
1.292679516019678e+00	2.970687314778704e-01	3462
1.300142123771956e+00	-3.552497166719060e-01	3463
1.309645849034056e+00	3.649864638371664e-01	3464
1.319961381765046e+00	4.384538726730025e-01	3465
1.321594902567670e+00	5.188432907088748e-01	3466
1.314897836805018e+00	6.034116252575800e-01	3467
1.296024640047429e+00	6.961036569569532e-01	3468
1.265068908399837e+00	7.935467749910953e-01	3469
-3.301211165927275e-01	2.598810277801732e-01	3470
-3.414407530590746e-01	-3.143973578699025e-01	3471
1.214060276869022e+00	9.041711921249004e-01	3472
1.128578684924229e+00	1.035323690597882e+00	3473
9.997617986939685e-01	1.144684168710421e+00	3474
8.377060171450704e-01	1.228938580470157e+00	3475
1.203967924773500e+00	-1.252127787797859e-01	3476
1.144898541797235e+00	-7.708378577162181e-02	3477
1.184203990145918e+00	-9.748101442723560e-02	3478
1.198813117843804e+00	1.086841466510543e-01	3479
-2.840207234600303e-01	-7.124080314886363e-01	3480
-2.429612985107701e-01	-7.973575181680745e-01	3481
3.890991660997347e-01	-1.401329135089028e+00	3482
1.047889432562070e+00	1.524763705150975e-02	3483
-4.081196394309109e-01	-3.983867841027671e-01	3484
9.944078994434890e-01	-1.310872231911252e+00	3485
-4.058239906676350e-01	4.420185530564791e-01	3486
1.014152846693441e+00	-1.097224390803974e-03	3487
1.132668097081506e+00	-5.977361437080470e-02	3488
2.160298717655083e-01	1.358841145526008e+00	3489
5.794090324267325e-01	1.428035876318644e+00	3490
3.855352446475083e-01	1.409567728973197e+00	3491
1.183177680861742e+00	8.314512921755050e-02	3492
1.060434413824953e+00	-2.564679923680609e-02	3493
-3.594625376653720e-01	7.498483694799964e-01	3494
-3.042714616604614e-01	-8.930058160209575e-01	3495
1.072618322978083e+00	3.333100022543379e-02	3496
5.949165081148027e-01	-1.417375157134246e+00	3497
1.231339944445777e+00	-1.070781876966521e+00	3498
1.025090714867017e+00	9.249576367085902e-03	3499
1.032959092599953e+00	1.288787395749380e-02	3500
1.292879350294285e+00	-9.541222482612350e-01	3501
-3.586292024608807e-01	1.887843674672734e-01	3502
1.142175836456429e+00	6.258576158834683e-02	3503
-3.950424269383774e-01	3.250938385666103e-01	3504
1.022673035455933e+00	-6.054141411478280e-03	3505
1.035452657271265e+00	-1.055881854143734e-02	3506
-3.262504386277844e-01	1.144657334863525e-01	3507
-3.988425247468503e-01	5.827218910977209e-01	3508
1.053162605537409e+00	-2.176095083182032e-02	3509
-3.727080299062566e-01	2.286978419542180e-01	3510
1.107064572983753e+00	4.838969574055195e-02	3511
-1.953530753180146e-01	-1.725752668505556e-03	3512
-3.602136525553947e-01	-1.857935030384103e-01	3513
1.037695255433144e+00	1.411373811629491e-02	3514
-2.109706473188165e-01	-2.909098703113352e-02	3515
1.293832677146272e+00	1.935366828105379e-01	3516
7.871681396890886e-01	1.399745494407379e+00	3517
-4.085015025492107e-01	-5.388547198582017e-01	3518
1.086746764404454e+00	-4.862689084037859e-02	3519
-4.109568333918318e-01	-4.670866536014765e-01	3520
-1.742940931306636e-01	1.073902898903440e+00	3521
-2.547311070875823e-01	-5.039051659678331e-02	3522
1.102228113789145e+00	-4.827732076973088e-02	3523
1.041772285321355e+00	-1.374638615405941e-02	3524
-6.866452350223654e-02	-1.189606810495351e+00	3525
-2.590749821030061e-01	9.637096383754344e-01	3526
-4.047915706970128e-01	5.104312332521141e-01	3527
-1.650410222775555e-01	-1.094774612566696e+00	3528
6.540228513607625e-02	1.282071007754652e+00	3529
-3.210383637399036e-01	8.501682611164655e-01	3530
1.016282729113046e+00	3.079178736353939e-03	3531
1.336189301370443e+00	-8.443082116668950e-01	3532
1.135916429471017e+00	-1.201133830413558e+00	3533
1.016134843097595e+00	-3.689638823726499e-03	3534
-3.842752944368620e-01	6.635431376906541e-01	3535
1.019054178824706e+00	5.403480091091766e-03	3536
1.240277083812834e+00	-1.260796800675175e-01	3537
-2.441509261998314e-01	-9.956567750884935e-01	3538
-3.899190110435171e-01	-2.820641815839461e-01	3539
5.254552513158392e-02	-1.276206398063460e+00	3540
2.055884787296225e-01	-1.351292188852736e+00	3541
1.018797609644893e+00	-6.123933406050384e-03	3542
-4.016157877253544e-01	3.813153188221400e-01	3543
-3.973399444410529e-01	-6.182105890238160e-01	3544
-6.525022229288181e-02	1.186155989614017e+00	3545
1.364428369517483e+00	-7.367875434611987e-01	3546
1.022816885820998e+00	8.199596758901606e-03	3547
1.031458868605139e+00	-8.964192459136608e-03	3548
1.027430790484862e+00	-7.506046222700352e-03	3549
1.377750132158611e+00	-6.438420476107600e-01	3550
1.382704722152985e+00	-5.582614092321275e-01	3551
1.072210081277489e+00	-3.776010993287419e-02	3552
8.049347984910142e-01	-1.388837073250712e+00	3553
1.014188553732432e+00	5.689283352688050e-04	3554
1.060519828470678e+00	2.343963641946696e-02	3555
1.377585351115568e+00	-4.722686340391456e-01	3556
-2.112689513060357e-01	3.447635331015921e-02	3557
-1.761780625900214e-01	2.053658700714143e-02	3558
-3.431445273866929e-01	1.501282330268629e-01	3559
-3.434305927002130e-01	-1.453617140140631e-01	3560
-2.533816894130966e-01	5.074521466022099e-02	3561
-3.263596960753897e-01	-1.100882018369422e-01	3562
-3.088188926896425e-01	8.171704834979214e-02	3563
-3.097919275858655e-01	-7.978020043388391e-02	3564
1.263412483190631e+00	1.473220258057418e-01	3565
1.266809512768721e+00	-1.644487408582907e-01	3566
1.318959531535319e+00	-2.596706902240932e-01	3567
1.294197729944672e+00	-2.105486091215806e-01	3568
1.323927220989631e+00	2.512133553938557e-01	3569
1.342096436338210e+00	-3.139248017675942e-01	3570
1.351317757367728e+00	3.180267146567080e-01	3571
1.362762710498012e+00	-3.861006183692429e-01	3572
1.373282023248541e+00	3.929839474895585e-01	3573
1.387164148552973e+00	4.767146900422705e-01	3574
1.392515551573237e+00	5.663367349397954e-01	3575
1.386229761644932e+00	6.654219770267800e-01	3576
1.367909898866161e+00	7.716442558055751e-01	3577
-3.851197794434522e-01	2.749053832889147e-01	3578
-3.764881722348522e-01	-2.314762464628981e-01	3579
-4.009346623653800e-01	-3.351693093529771e-01	3580
1.331950259646465e+00	8.902245326345906e-01	3581
1.265877326337228e+00	1.029649406341512e+00	3582
1.145833186561635e+00	1.183848017375216e+00	3583
9.878161361572535e-01	1.315490441837708e+00	3584
1.169660170614417e+00	-7.627250664919787e-02	3585
1.215589846088318e+00	-9.618784521915778e-02	3586
1.234253475038987e+00	1.094399218695092e-01	3587
-3.794688743102576e-01	-6.997611700467468e-01	3588
-3.474721578384767e-01	-7.951836862133027e-01	3589
1.042960106698814e+00	1.210485371921727e-02	3590
1.016147805265468e+00	1.512562067219772e-03	3591
7.140159799651444e-02	1.460105115048095e+00	3592
1.087100660122565e+00	3.702613528532668e-02	3593
1.159108528475226e+00	-1.377521831036602e+00	3594
1.025990610368655e+00	-3.738438433003745e-03	3595
4.788052890881598e-01	-1.579015175901459e+00	3596
-3.945273909942272e-01	-1.476527322262179e-01	3597
-2.904467557955816e-01	4.616593076723820e-02	3598
-3.531625464978550e-01	7.899415080066090e-02	3599
1.120173364732110e+00	-4.517109392644476e-02	3600
1.167276903327342e+00	6.156693825879687e-02	3601
7.084240205494348e-01	1.584092028694298e+00	3602
-2.141117962101815e-01	1.223670642584002e+00	3603
-4.717386769507211e-01	4.071998690648500e-01	3604
2.541328778346473e-01	-1.534675121615053e+00	3605
-4.613001633183800e-01	7.330588711032759e-01	3606
-4.858253166115365e-01	-5.053441488262311e-01	3607
1.155318401975942e+00	-5.744785883656384e-02	3608
-3.039779887228786e-01	-1.124313865727363e+00	3609
9.629475744056110e-01	-1.503831304382740e+00	3610
-4.793290635824718e-01	-4.296196130702610e-01	3611
-3.740217769062172e-01	1.135859406449381e-01	3612
1.069465138034801e+00	-2.848611966532714e-02	3613
-3.737855715653519e-01	-1.002432827317694e+00	3614
1.068462206887484e+00	2.822026027076372e-02	3615
-2.408642487078334e-01	-2.901945714051221e-02	3616
-4.685350953260264e-01	-3.592712045765452e-01	3617
1.281870109639446e+00	-1.259011255481209e-01	3618
1.310339951436100e+00	1.491976243533795e-01	3619
1.346958207340252e+00	-2.149912047781606e-01	3620
1.214640380484135e+00	8.230629545173089e-02	3621
1.384974640974798e+00	2.647334469387633e-01	3622
9.537892439896934e-01	1.510260713264362e+00	3623
1.054194698080827e+00	1.162931951923160e-02	3624
-4.792003201134548e-01	4.776665694467925e-01	3625
2.553263426658580e-01	1.542151241248856e+00	3626
4.681674347658690e-01	1.588525062567888e+00	3627
1.290702298025157e+00	-1.214825427636539e+00	3628
1.368938830051522e+00	-1.069196797160803e+00	3629
-3.942732590267092e-01	1.520334232381027e-01	3630
1.096701136044387e+00	3.828876615231701e-02	3631
-4.766057009392974e-01	6.389927500133854e-01	3632
1.060252256709850e+00	-1.731340668783542e-02	3633
1.053879186539932e+00	-1.432039257494119e-02	3634
1.127744793835403e+00	4.574376923264918e-02	3635
-2.245323926698180e-01	3.667423441990173e-03	3636
-4.132629272462660e-01	1.919673639699818e-01	3637
-4.157122136084017e-01	-1.915460090856141e-01	3638
1.036438341734511e+00	9.155431692520529e-03	3639
1.083588964149546e+00	-4.024981446298149e-02	3640
-4.350381563211890e-01	8.372128165730274e-01	3641
-2.412426320298308e-01	3.062606767098278e-02	3642
1.047612321793878e+00	-1.083944924625115e-02	3643
1.040815976009519e+00	-7.828716499467541e-03	3644
-2.112069049263297e-01	-1.237908740869748e+00	3645
-3.121389757767500e-01	1.093766098760606e+00	3646
-4.811898278651799e-01	5.535245483442343e-01	3647
-3.878777994392021e-01	9.615363837832237e-01	3648
1.018668672833488e+00	3.580267974577915e-03	3649
1.417041903914912e+00	-9.399540208946209e-01	3650
1.016068516538863e+00	-2.120796806890177e-03	3651
-4.357016134150474e-01	-2.426193980968208e-01	3652
-4.475861271662561e-01	2.887351889421814e-01	3653
-9.284534093150028e-02	-1.351403713347397e+00	3654
6.050869877739322e-02	-1.453348173272742e+00	3655
1.018493455187194e+00	-4.289284008785768e-03	3656
-4.843405355145073e-01	-5.897525098836336e-01	3657
-4.223509251805160e-01	-8.864766378128925e-01	3658
-8.469650273848379e-02	1.352230146013277e+00	3659
1.447568052039650e+00	-8.163889781684300e-01	3660
1.035039613408086e+00	-5.826466634903969e-03	3661
1.032340124533709e+00	8.330716347277495e-03	3662
1.030719016633655e+00	-4.743953465438751e-03	3663
1.028511564818968e+00	7.075749791439745e-03	3664
1.461461980013095e+00	-7.035328090347904e-01	3665
1.347833081370679e+00	2.016432450952516e-01	3666
1.462863977937911e+00	-6.060606124404792e-01	3667
1.094264505377635e+00	-3.647305558048950e-02	3668
7.231232894913822e-01	-1.573524200899102e+00	3669
1.016124075031914e+00	-3.046456238580427e-04	3670
1.061144133778057e+00	1.516043248173633e-02	3671
-2.000358185596495e-01	1.620187065308741e-02	3672
-3.735796235553717e-01	-1.088203742619674e-01	3673
-2.908754870285381e-01	-4.718549812726521e-02	3674
-3.531690332061829e-01	-7.559449127297620e-02	3675
1.314777902938181e+00	-1.673840624862072e-01	3676
1.377822359423432e+00	-2.668868683399374e-01	3677
1.408150743573075e+00	-3.343275331111777e-01	3678
1.418845285174917e+00	3.384104124620702e-01	3679
1.435547652379119e+00	-4.182120299214473e-01	3680
1.446116561831815e+00	4.233581677550943e-01	3681
1.454985393177894e+00	-5.110503773495584e-01	3682
1.465180622226857e+00	5.163931435409683e-01	3683
1.473130224238845e+00	6.204814728603520e-01	3684
1.469472987988884e+00	7.336373256720671e-01	3685
-4.311798604536530e-01	2.378142998079848e-01	3686
-4.533538018198416e-01	-2.963836056628955e-01	3687
-4.621669144874130e-01	3.459044949082192e-01	3688
1.449750211960249e+00	8.601778737008633e-01	3689
1.403275251467128e+00	1.008029016511469e+00	3690
1.308145503785005e+00	1.184493497830523e+00	3691
1.178755097978013e+00	1.380311826940427e+00	3692
1.197671660221783e+00	-7.284051314373684e-02	3693
1.251167146310711e+00	-9.215907521780088e-02	3694
1.274570185703751e+00	1.082893428138592e-01	3695
-4.757490838284069e-01	-6.779016868025417e-01	3696
-4.559213769101184e-01	-7.782283857116375e-01	3697
1.022651155329232e+00	-2.490854005315346e-03	3698
-5.501837292711657e-01	8.115733632710412e-01	3699
1.250507301027108e+00	7.829930162792841e-02	3700
-2.554274026041001e-01	2.336697935477161e-03	3701
-5.185630587316912e-01	3.012238302613477e-01	3702
1.155961302224949e+00	-1.588352523795870e+00	3703
1.140558282237360e+00	-4.163646735843622e-02	3704
8.882119602949852e-02	-1.657233914703935e+00	3705
-4.016438114742336e-01	-6.853259651394349e-02	3706
-9.922499257344757e-02	1.542786950350498e+00	3707
1.068733374966923e+00	1.935415345052763e-02	3708
-2.734043158069233e-01	2.477665548863052e-02	3709
-3.725679137396597e-01	1.242850868801144e+00	3710
1.195656765674507e+00	5.870149109532707e-02	3711
1.406512075753063e+00	-2.149774060351501e-01	3712
6.053757443943676e-01	-1.766523625728393e+00	3713
-4.748300899903041e-01	1.943591173564317e-01	3714
-5.626784526349499e-01	5.137790270985502e-01	3715
-5.643216201842556e-01	7.020917442673470e-01	3716
-5.722758124718746e-01	-6.426214574412031e-01	3717
5.936229669485789e-01	1.776730634495703e+00	3718
3.307364838557488e-01	-1.738435855410747e+00	3719
-5.700604990260026e-01	-5.488400739811126e-01	3720
-5.451635132337630e-01	-3.833071754133991e-01	3721
-5.191780756269648e-01	9.412149582417102e-01	3722
1.018291647690007e+00	-1.277090845048719e-03	3723
1.035222114466126e+00	4.550221292911695e-03	3724
1.033878832059328e+00	-1.347962440469241e-03	3725
1.029093125855153e+00	-8.259402822321857e-04	3726
1.454526814581012e+00	2.768572319414921e-01	3727
-5.368735980196588e-01	3.658089436257229e-01	3728
1.329225211502708e+00	-1.224043731990887e-01	3729
-4.522258440076908e-01	-1.128154485347826e+00	3730
1.155654439075159e+00	1.596522357513531e+00	3731
8.873222896276550e-01	1.727433681626900e+00	3732
1.110987777648860e+00	3.394545067348258e-02	3733
-5.609138902000840e-01	-4.605536370996431e-01	3734
1.021181862746406e+00	-4.785851110339150e-03	3735
9.263865784667696e-02	1.663629347189331e+00	3736
1.068316975216084e+00	-2.127881661690731e-02	3737
-4.511134090665431e-01	1.494744952230782e-01	3738
-3.305776265257297e-01	4.452269050134624e-02	3739
-3.312343397127399e-01	-4.150295949379978e-02	3740
-2.731811845113397e-01	-2.310784698024853e-02	3741
-2.549790181511236e-01	1.396224236330056e+00	3742
-5.515955446866723e-01	4.346512981431355e-01	3743
-4.519823447767993e-01	-1.467861103302721e-01	3744
1.180172816653750e+00	-5.340358873519589e-02	3745
-5.081444462955295e-01	-9.903943526387671e-01	3746
8.957176701229360e-01	-1.719912555992815e+00	3747
-4.271759495164984e-01	1.100775903544312e-01	3748
1.048263175096062e+00	8.532463055043489e-03	3749
1.108966205404624e+00	-3.518361045357206e-02	3750
1.060840406285239e+00	7.114047898008694e-03	3751
3.239587698781237e-01	1.746746896689348e+00	3752
1.342179503639796e+00	-1.391482658863033e+00	3753
1.451125029398505e+00	-1.207583242323446e+00	3754
1.150902261104845e+00	4.317127441918154e-02	3755
1.060103354681206e+00	-9.417820637144992e-03	3756
1.080051169538117e+00	-2.981586297305724e-02	3757
1.053822281153179e+00	-7.093329844507942e-03	3758
1.041713010662904e+00	6.151801457616897e-03	3759
1.046450247081554e+00	-4.346228788635972e-03	3760
-3.684339513763332e-01	-1.271503906015614e+00	3761
-5.683916854757073e-01	6.015126754420334e-01	3762
-4.620755727006890e-01	1.093132317772334e+00	3763
1.021378387788579e+00	3.963926735366652e-03	3764
1.510420635185065e+00	-1.048613049485894e+00	3765
-5.025924673684092e-01	-2.502369861585264e-01	3766
-2.574856580032512e-01	-1.404589812321958e+00	3767
-1.076195598308013e-01	-1.539952076819273e+00	3768
1.542774549056273e+00	-9.057504826138383e-01	3769
1.039478850642434e+00	-2.406132098085480e-03	3770
1.031611817780563e+00	4.061090440778223e-03	3771
1.557274853077664e+00	-7.728891872780825e-01	3772
1.555975523975461e+00	-6.563908397949405e-01	3773
1.018332124455678e+00	5.770040768063563e-04	3774
-4.024635649587940e-01	7.273995618933422e-02	3775
-4.263786830393949e-01	-1.052293200124422e-01	3776
1.368087694663883e+00	-1.662937428120421e-01	3777
1.364201690650888e+00	1.499012883165894e-01	3778
1.445844397461176e+00	-2.771168803328504e-01	3779
1.409897828300648e+00	2.071001748430177e-01	3780
1.485026608941946e+00	-3.559264567028691e-01	3781
1.496122337793617e+00	3.598903290071658e-01	3782
1.519348085104368e+00	-4.493918408257348e-01	3783
1.530216891481284e+00	4.539803531516072e-01	3784
1.543109253747345e+00	-5.518076162406959e-01	3785
1.554074055139708e+00	5.612864557093443e-01	3786
1.566899769508800e+00	6.793863972332835e-01	3787
-4.972321378807832e-01	2.447166418073832e-01	3788
-4.783244412421052e-01	-1.962889620023056e-01	3789
-5.256028578444684e-01	-3.120092443157848e-01	3790
1.565132135969755e+00	8.124557912759272e-01	3791
1.539363014124369e+00	9.684640978461769e-01	3792
1.472719723258529e+00	1.157867191197031e+00	3793
1.368509269179075e+00	1.363118023074743e+00	3794
1.229104474927309e+00	-6.735422223045555e-02	3795
1.291719640465076e+00	-8.635185922564537e-02	3796
1.320482620886251e+00	1.038714587926206e-01	3797
-5.433454081378560e-01	-8.644832574595531e-01	3798
-5.647715810112670e-01	-7.474221056503159e-01	3799
-1.054608134094014e-01	-1.759742400308084e+00	3800
1.176479372531124e+00	3.892992635229300e-02	3801
-2.940841578349930e-01	1.595824227453726e+00	3802
-4.557939975337786e-01	-5.857763918322522e-02	3803
-6.071169776398295e-01	-3.277934111744019e-01	3804
1.132560770173493e+00	2.787059757223549e-02	3805
1.163140586505306e+00	-3.634351536802465e-02	3806
-5.398571384818316e-01	1.242487101400272e+00	3807
-6.582140106826182e-01	5.519950298730117e-01	3808
-6.655769281194382e-01	7.714122068181604e-01	3809
1.025360593163702e+00	-8.903292996644138e-05	3810
1.264921121973885e+00	-5.867205323856008e-02	3811
7.772527362863135e-01	1.960489234081913e+00	3812
-3.767435923830939e-01	-3.614961188581821e-02	3813
1.079913034764916e+00	2.481406262822720e-02	3814
1.126018444427202e+00	-2.878556166088876e-02	3815
1.068766363838547e+00	1.055868615341632e-02	3816
4.373298246632396e-01	1.969947747458974e+00	3817
1.052283276106972e+00	-4.096271501478595e-05	3818
-6.447173831671300e-01	-9.605747015904246e-01	3819
1.460234060641838e-01	-1.888342372652696e+00	3820
1.045619523515238e+00	1.913019940302957e-03	3821
1.020376815275136e+00	1.253841828041788e-03	3822
-3.703530802521056e-01	1.490084321544238e-03	3823
-3.087272480049106e-01	1.402806634742074e-02	3824
1.534768142153296e+00	2.880090294961112e-01	3825
1.287735616716937e+00	1.533851605239583e+00	3826
1.207920204808797e+00	-4.628398657273050e-02	3827
-6.670342712506807e-01	-5.932980931109604e-01	3828
-6.054720371845579e-01	-1.110037940983133e+00	3829
-6.506884466648447e-01	9.049242842040742e-01	3830
1.475047735545692e+00	-2.154142897465665e-01	3831
-6.652606236128907e-01	-8.261568358890318e-01	3832
1.116443631887154e+00	-1.833790410986804e+00	3833
-1.019623999670449e-01	1.762617373328635e+00	3834
1.100199367334906e+00	2.433991547246750e-02	3835
-4.377727893630883e-01	1.416160639761860e+00	3836
1.227166502141455e+00	5.362327158678529e-02	3837
4.470124882922533e-01	-1.960595545625339e+00	3838
-6.535135251943585e-01	-4.953980923368376e-01	3839
-6.134252936664367e-01	1.064368441250186e+00	3840
1.024921773063256e+00	5.130527582050019e-03	3841
1.027587229530172e+00	3.027837436931427e-03	3842
1.290941496798239e+00	7.175383075879971e-02	3843
1.381998801198772e+00	-1.151252658275841e-01	3844
-6.727711201351412e-01	-7.023257032955734e-01	3845
1.111333963356464e+00	1.842337257344330e+00	3846
-6.417435996554822e-01	4.626581486172616e-01	3847
1.020535388270612e+00	-1.220063277858407e-03	3848
1.418135707229591e-01	1.894898992503971e+00	3849
1.067867221895249e+00	-1.266704006305315e-02	3850
-3.745990646765027e-01	3.596362763637643e-02	3851
-2.994353814462395e-01	-1.075546703389441e-02	3852
-6.325855687774289e-01	-4.055273084390645e-01	3853
-6.219215770000125e-01	3.838370465260941e-01	3854
-5.148811540857929e-01	1.444950571013688e-01	3855
-5.167938334916433e-01	-1.438753738833559e-01	3856
7.843019119255491e-01	-1.952139017423989e+00	3857
-4.858047402581850e-01	1.013852147437295e-01	3858
-4.572735280892759e-01	6.321343717571648e-02	3859
1.100597347947016e+00	-2.364580018631779e-02	3860
1.091837195046747e+00	-2.327313167637141e-02	3861
1.053947651002383e+00	4.206045432223263e-03	3862
1.376268381132588e+00	-1.610532957153077e+00	3863
1.531472551696839e+00	-1.379775653965744e+00	3864
1.077833387531402e+00	-2.343838720870969e-02	3865
1.059387008119888e+00	-1.783265568748926e-03	3866
-5.381484373268074e-01	-1.274490420591375e+00	3867
-6.672096142496731e-01	6.563594909822508e-01	3868
1.614647325490051e+00	-1.178373617429089e+00	3869
-5.481071055892123e-01	-1.971507984624317e-01	3870
-5.716489780026327e-01	2.490151927024860e-01	3871
-4.354243601193756e-01	-1.440127132179349e+00	3872
-2.984719234856655e-01	-1.600714561447169e+00	3873
1.653011410135776e+00	-1.006105528611434e+00	3874
1.666548515044255e+00	-8.523045613680701e-01	3875
1.663057520546608e+00	-7.137104015050471e-01	3876
-4.852405432786507e-01	-9.746259475742404e-02	3877
1.480429197013574e+00	2.105984388904222e-01	3878
1.524925251222995e+00	-2.872538566245856e-01	3879
1.425821283957291e+00	1.470231747023905e-01	3880
1.427419838515515e+00	-1.592795855398342e-01	3881
1.573552548475346e+00	-3.767482153144989e-01	3882
1.584972039199286e+00	3.803016128908354e-01	3883
1.614642205038904e+00	-4.815003697948081e-01	3884
1.626165815525554e+00	4.883111483812562e-01	3885
1.644828518712394e+00	-5.926198396402206e-01	3886
1.657161744437700e+00	6.091216564134487e-01	3887
-5.436710615296363e-01	1.939460839944837e-01	3888
-5.784924155888020e-01	-2.569484851210062e-01	3889
-5.983155880723222e-01	3.136549976229389e-01	3890
1.675076176321730e+00	7.465547892509377e-01	3891
1.671727663179168e+00	9.092427950141893e-01	3892
1.634574352531754e+00	1.107170554529110e+00	3893
1.557423712096804e+00	1.328397419405179e+00	3894
1.337505699147245e+00	-7.657005625976861e-02	3895
1.373034493019841e+00	9.729630811036076e-02	3896
-5.051416052098493e-01	1.618901593502320e+00	3897
-7.669622399435826e-01	5.956069950402243e-01	3898
1.077506975193595e+00	1.503840625204178e-02	3899
-7.641525604210692e-01	1.016370197799403e+00	3900
1.114246817835512e+00	1.939891342354606e-02	3901
-4.219262441382324e-01	-1.699035414817595e-02	3902
1.249626649519319e+00	-1.773283961896653e+00	3903
1.204842166853684e+00	3.231189437800927e-02	3904
1.300722247653196e+00	1.730457295979165e+00	3905
1.023313567996063e+00	6.368833836991579e-04	3906
1.554417996358840e+00	-2.138757087790393e-01	3907
1.262744807340410e+00	4.473281607735419e-02	3908
-3.269948311761248e-01	-1.832277282809508e+00	3909
1.146065231581768e+00	-2.242546376082453e-02	3910
-7.182988017862907e-01	1.213045726467507e+00	3911
1.027799392220341e+00	-2.109457907876296e+00	3912
2.350990880490283e-01	2.153221661616810e+00	3913
-5.149736807600059e-01	-4.423115927465896e-02	3914
1.785265682186193e+00	-7.802186355532053e-01	3915
-6.882486599998358e-01	3.226485333930835e-01	3916
1.626779166639931e+00	2.971221516754743e-01	3917
-7.779499277027950e-01	-6.419959727615240e-01	3918
1.115491082777937e+00	-2.167066415981304e-02	3919
1.778216258545722e+00	-1.124690720139166e+00	3920
-7.810798463866205e-01	8.525246901327626e-01	3921
-4.237476213976742e-01	2.310155236810605e-02	3922
-6.553036776735280e-01	2.524490813795047e-01	3923
2.437953465833162e-01	-2.145513598082637e+00	3924
1.337326077227871e+00	6.120559833807178e-02	3925
1.495147353281136e+00	-1.504216832965307e-01	3926
-5.859704912154625e-01	1.362367629503937e-01	3927
1.487372989009183e+00	1.514896630593245e+00	3928
1.238977926777345e+00	-3.662953647003416e-02	3929
1.495903332035011e+00	1.415092573787401e-01	3930
-3.255988964508352e-01	1.828208935843568e+00	3931
-7.585080707214117e-01	-5.306408366157722e-01	3932
1.156539648822146e+00	2.233494013199439e-02	3933
-6.291172184642487e-01	1.413049817238314e+00	3934
1.022619347681283e+00	2.117832020746888e+00	3935
6.154459568744586e-01	2.199196217617708e+00	3936
-7.815681721558787e-01	-9.126182428686656e-01	3937
-7.651139347850362e-02	-2.013916894506812e+00	3938
1.187622714005251e+00	-2.909098755412580e-02	3939
-7.605245855256068e-01	-1.070807637735497e+00	3940
1.305182707077132e+00	-4.736117207859330e-02	3941
-7.868017710071675e-01	-7.712686379104147e-01	3942
-8.041331331969251e-02	2.016680726422082e+00	3943
1.089712698356211e+00	1.397148569698387e-02	3944
-7.445812838702009e-01	4.902141216894819e-01	3945
1.067128428179282e+00	-4.378404608999002e-03	3946
-7.321124016237031e-01	-4.295690120538590e-01	3947
-7.194205709498105e-01	4.014681875325303e-01	3948
-6.995323475258313e-01	-3.403955952853031e-01	3949
6.218685673812890e-01	-2.190327949920464e+00	3950
-5.510565230609348e-01	8.871536176869457e-02	3951
-5.165980350861384e-01	4.854239768731167e-02	3952
1.067722650750564e+00	1.569817271045207e-03	3953
1.603563909454265e+00	-1.596181057114391e+00	3954
1.076812624698421e+00	-1.648653673696214e-02	3955
-7.138531881461921e-01	-1.250401972318903e+00	3956
-7.796756672090497e-01	7.159920880410718e-01	3957
1.723280908770820e+00	-1.341420589842923e+00	3958
-6.266795913989011e-01	-1.946813134409622e-01	3959
-6.322193095738470e-01	-1.447542317013493e+00	3960
-5.047250631619854e-01	-1.638055727971282e+00	3961
1.792978864623420e+00	-9.411976442715310e-01	3962
-5.512835179281316e-01	-8.633917279725405e-02	3963
1.616086998499571e+00	-2.959963955671820e-01	3964
1.561477765169195e+00	2.108713982226465e-01	3965
1.440095872927394e+00	-1.011551933075850e-01	3966
1.674437997734552e+00	-3.978850796672842e-01	3967
1.686458266222660e+00	4.028165107123186e-01	3968
1.723982860731496e+00	-5.117128935892034e-01	3969
1.737050834575356e+00	5.235505017375459e-01	3970
1.761797000279330e+00	-6.371774256683482e-01	3971
-6.207333597364032e-01	1.895134133487300e-01	3972
-5.889320692035511e-01	-1.371571240721011e-01	3973
-6.640386756860484e-01	-2.634302463762611e-01	3974
1.776235813025836e+00	6.627212705852241e-01	3975
1.797117322432145e+00	8.295954668454211e-01	3976
1.790274112604202e+00	1.032902823559876e+00	3977
1.744495334817252e+00	1.268277543557234e+00	3978
1.388624777542248e+00	-6.287726666258234e-02	3979
1.432798846090791e+00	8.619163806443053e-02	3980
-7.262304522504037e-01	1.613063142332298e+00	3981
-8.284376785949071e-01	1.383092442582379e+00	3982
-8.907343184819645e-01	1.150461813285419e+00	3983
-3.330560787943139e-01	-2.104728983945075e+00	3984
1.294947645252645e+00	2.005722772042876e+00	3985
1.140675592999501e+00	8.893101502249430e-03	3986
-5.698737985527389e-01	1.857690494320806e+00	3987
1.129041614712046e+00	-1.307480673224018e-02	3988
-4.764164474390880e-01	-1.352230659348012e-03	3989
1.915118026131856e+00	-1.274977168972623e+00	3990
1.389800794881400e+00	4.758872907387041e-02	3991
1.214705245683390e+00	-1.823586863239222e-02	3992
-8.280547597300744e-01	4.188657454580604e-01	3993
1.182391818478639e+00	1.474407510649037e-02	3994
1.168173430823506e+00	-1.414444435735076e-02	3995
1.274154242734657e+00	-2.304499509019223e-02	3996
-7.072328986758752e-01	1.830528496546892e-01	3997
-8.785087889046538e-01	-5.669638525711040e-01	3998
3.960818172486928e-01	2.430282503660148e+00	3999
-1.736804087184894e-02	2.307345034722796e+00	4000
1.937855867455406e+00	-1.045456597788529e+00	4001
1.075851940773291e+00	-5.745360648073004e-03	4002
-7.808359156296659e-03	-2.303430878024360e+00	4003
1.486574282804006e+00	-1.806781459133708e+00	4004
-5.678744554223020e-01	-1.874585402707081e+00	4005
8.758198827340721e-01	-2.404146676887658e+00	4006
1.720385086050542e+00	-3.042144527527219e-01	4007
-5.804936804376345e-01	-2.428914387308715e-02	4008
1.645939764487447e+00	-2.097026694997819e-01	4009
1.103091008795798e+00	1.056968400146959e-02	4010
1.106461780429526e+00	-1.015695073235645e-02	4011
1.235930836145898e+00	2.300584816054882e-02	4012
1.079816370449434e+00	4.891565648402349e-03	4013
1.302845929240662e+00	3.270593556858663e-02	4014
1.129520044513790e+00	1.024261955443366e-02	4015
1.926572774149695e+00	-8.543679352577732e-01	4016
-9.043142931558078e-01	-6.981982213663206e-01	4017
1.732014274136639e+00	3.067371361622629e-01	4018
-9.123900910999035e-01	9.495899735304584e-01	4019
-8.900419793621913e-01	6.439058892665727e-01	4020
-8.444652187156629e-01	-4.540982205868550e-01	4021
1.350109247991966e+00	-3.139133904227438e-02	4022
1.505788102231270e+00	-8.352999316823369e-02	4023
-8.045621931023182e-01	-3.524348563726042e-01	4024
-7.898480696930769e-01	3.282609152346886e-01	4025
1.540699501806641e+00	1.747985990737577e+00	4026
1.654371791210354e+00	2.077172402759569e-01	4027
-3.382017865262584e-01	2.100475262947467e+00	4028
-8.617822762679543e-01	5.207587005567571e-01	4029
8.713894086563406e-01	2.412420166087269e+00	4030
-9.167946064640285e-01	-8.467926556169598e-01	4031
-9.149286397566732e-01	-1.010824889611456e+00	4032
-5.817391744954946e-01	2.751004879460199e-02	4033
4.031408172817503e-01	-2.422459950616787e+00	4034
-6.229749059513014e-01	7.246028456710130e-02	4035
-8.910954718945816e-01	-1.200619607795374e+00	4036
-9.086277961440330e-01	7.834827436417313e-01	4037
1.832861483282537e+00	-1.548696825734605e+00	4038
-7.604693947499940e-01	-2.654965238773800e-01	4039
-8.343968645656896e-01	-1.415880690698051e+00	4040
-7.300310063091806e-01	-1.651068893441634e+00	4041
-6.694349058500261e-01	-1.253444137763106e-01	4042
1.575868084813139e+00	1.309351140334924e-01	4043
1.572975514577909e+00	-1.375037338234845e-01	4044
1.694463628577598e+00	1.471753981067252e+00	4045
1.789767294115860e+00	-4.156585313954295e-01	4046
1.803308480317075e+00	4.241255296655225e-01	4047
1.849378280273853e+00	-5.426017743213698e-01	4048
-6.241958845610105e-01	-7.154970821155243e-02	4049
-6.649808806935473e-01	1.227084477887572e-01	4050
-7.156014187913067e-01	-1.907558362199734e-01	4051
-7.491914925264705e-01	2.513667876320104e-01	4052
1.865068884724578e+00	5.618705855711466e-01	4053
1.895435546072271e+00	-6.889263452120845e-01	4054
1.911801585141020e+00	7.297169873224776e-01	4055
1.936218780727502e+00	9.351282615935609e-01	4056
1.925524466781362e+00	1.180246637497803e+00	4057
1.444392858902912e+00	-4.204805338236547e-02	4058
1.500872512661810e+00	7.158943247043423e-02	4059
1.219784966081839e+00	2.338364870809080e+00	4060
1.244824497061354e+00	-4.376985015750071e-03	4061
-1.047465186330765e+00	-7.609691526242591e-01	4062
-8.268923699584094e-01	1.850984648439338e+00	4063
6.459217895756727e-01	2.707713318247296e+00	4064
1.339328528345745e+00	-2.000893332431138e+00	4065
-6.222908555477671e-01	2.141309743713459e+00	4066
1.160137211968753e+00	1.968584254926534e-03	4067
1.188155030412363e+00	-2.380315414426200e+00	4068
1.313333716781879e+00	-6.329980693697107e-03	4069
1.270667529992739e+00	9.232340497398090e-03	4070
1.210456325257169e+00	4.531720983119267e-03	4071
-6.190049448846120e-01	-2.162179648784831e+00	4072
1.742985820418929e+00	-1.786853146419489e+00	4073
1.449617721267635e+00	2.835821240050309e-02	4074
-1.060749345030386e+00	1.067947912591218e+00	4075
1.348577025176924e+00	1.578196095896636e-02	4076
1.145555230348049e+00	-3.408102934071668e-03	4077
-9.516454985269247e-01	4.347838912653864e-01	4078
1.579139698139027e+00	2.028894382535793e+00	4079
-6.530800505130779e-01	4.163387941744519e-04	4080
-8.290516730670000e-01	-1.893794930898181e+00	4081
1.399045958731670e+00	-1.072736355890528e-02	4082
1.667314932023071e+00	1.152617572075944e-01	4083
1.852721469368292e+00	3.130467741722206e-01	4084
-9.043531993528082e-01	3.335644588755668e-01	4085
-9.540965742699054e-01	1.577700156779605e+00	4086
-1.029156276461906e+00	1.313111527575494e+00	4087
-1.031043017179389e+00	6.966264110404703e-01	4088
1.760950421186082e+00	2.034002075769704e-01	4089
2.059763568848290e+00	-1.467871802215573e+00	4090
1.662544361098272e+00	-1.203136884579838e-01	4091
1.191908786126323e+00	-3.677394348148223e-03	4092
-9.230710960828395e-01	-3.645035211597809e-01	4093
-1.015519610243751e+00	-6.081253723587671e-01	4094
1.116649036593660e-01	2.635107524714115e+00	4095
2.100828797339852e+00	-1.177719664856497e+00	4096
1.085887345962322e+00	-1.021723495078963e-02	4097
-3.049006421679821e-01	-2.425132973665565e+00	4098
1.210590592444686e-01	-2.629701306373195e+00	4099
6.511813863840407e-01	-2.699750926579728e+00	4100
1.116801549149089e+00	4.694538369210153e-03	4101
1.092659329494770e+00	1.660476756160842e-03	4102
2.089275097592563e+00	-9.408733801914311e-01	4103
1.902609667540075e+00	1.397277505032943e+00	4104
1.751112645174056e+00	-2.037450300817692e-01	4105
-8.696051962677482e-01	-2.647026718669562e-01	4106
-3.178093174361503e-01	2.423557069974077e+00	4107
-9.943186653348509e-01	5.555397004263424e-01	4108
-9.723207484066039e-01	-4.770317129233834e-01	4109
-1.056002924029458e+00	8.638361561495852e-01	4110
-1.066282149658671e+00	-9.305212471465116e-01	4111
-1.066562351561738e+00	-1.126306007279896e+00	4112
-7.536623696915540e-01	1.056295907301776e-01	4113
-8.543553143020938e-01	2.451366888838258e-01	4114
-1.037780747531504e+00	-1.354466868611988e+00	4115
-9.689419376011618e-01	-1.616549058898409e+00	4116
1.580406784029349e+00	-5.988719146878475e-02	4117
1.792919928908573e+00	1.706016357369786e+00	4118
1.839415726975565e+00	-3.077321402691905e-01	4119
1.921657536086249e+00	-4.314561084096036e-01	4120
-7.048309182291927e-01	-4.955654201812022e-02	4121
-7.021725801226337e-01	4.896389094084174e-02	4122
-7.602569465776086e-01	-1.101500780935217e-01	4123
-8.149521245588723e-01	-1.818597258503170e-01	4124
-8.038888186133558e-01	1.708465122509451e-01	4125
1.937989317661330e+00	4.457220367664169e-01	4126
1.992719536428524e+00	-5.781156860618804e-01	4127
2.011815324921596e+00	6.106935596738055e-01	4128
2.049792225923760e+00	-7.457498947475438e-01	4129
2.068399244380858e+00	8.144221616047368e-01	4130
2.095485648934926e+00	1.063910285657789e+00	4131
1.506899703686028e+00	-1.621458177914123e-02	4132
1.577931073044943e+00	5.050411516461441e-02	4133
-6.530762586114519e-01	2.481708759913809e+00	4134
1.879075905572332e+00	1.993858635602271e+00	4135
2.249093355358181e+00	9.201550487139291e-01	4136
-1.223981212207494e+00	9.626916032727719e-01	4137
-1.225033373236024e+00	1.214532596550616e+00	4138
-1.192542640037341e+00	7.585028631374837e-01	4139
1.975241886831506e+00	-3.069206787286014e-01	4140
-1.170616831288177e+00	-6.554783002686948e-01	4141
-1.057331679111075e+00	-3.727519192709731e-01	4142
-1.211728068874158e+00	-8.285945997605685e-01	4143
3.378911871500654e-01	2.981276110924205e+00	4144
1.882882907129761e+00	1.937571185882470e-01	4145
1.028101195830797e+00	-2.707149926324514e+00	4146
3.460057368574510e-01	-2.974718643545639e+00	4147
1.991510025604320e+00	3.168304670469705e-01	4148
-9.728464134578659e-01	2.366875577843286e-01	4149
-9.230975368502561e-01	2.137379550692930e+00	4150
-1.102582198677492e+00	-1.858230870761193e+00	4151
-1.090940778876402e+00	1.808730092621956e+00	4152
1.612637031742994e+00	-2.029434907558211e+00	4153
-9.206073493591653e-01	-2.182343925808908e+00	4154
1.871115330408694e+00	-1.916970054844986e-01	4155
2.104495709243989e+00	1.289207293352431e+00	4156
2.093152514281499e+00	4.745513163160283e-01	4157
1.052186489224704e+00	2.698355896734822e+00	4158
1.492727640348449e+00	-2.283347032810413e+00	4159
1.416921565379999e+00	2.256402437432647e+00	4160
-9.933483711485780e-01	-2.625918616531644e-01	4161
-1.184795293453189e+00	1.501140221628369e+00	4162
2.003307696131013e+00	-1.725274222571852e+00	4163
-1.033644866055080e+00	3.350745793096112e-01	4164
-1.118170897140245e+00	-5.016189582089154e-01	4165
-1.145791015821510e+00	5.918501790511987e-01	4166
2.278829319778634e+00	-1.351055127126652e+00	4167
-6.363349625202064e-01	-2.502797779625057e+00	4168
-2.191000828247882e-01	-2.793650432374585e+00	4169
2.275352472517229e+00	-1.050702296393775e+00	4170
1.772497025826362e+00	9.660275218648287e-02	4171
1.765880748618682e+00	-9.961094608669620e-02	4172
-2.322161166992145e-01	2.794353762754978e+00	4173
-1.092433010954272e+00	4.532785533139641e-01	4174
-1.237204530949482e+00	-1.028244714323650e+00	4175
-7.920866567923366e-01	-5.705895922825135e-03	4176
-1.238308436357455e+00	-1.264003498090371e+00	4177
-1.203269518541519e+00	-1.538248031053181e+00	4178
1.657726489084891e+00	-3.077353749710957e-03	4179
-9.266706276061810e-01	-1.675524193932048e-01	4180
-9.115886995225400e-01	1.521161565466622e-01	4181
-8.609586025100405e-01	-9.000802387663516e-02	4182
-8.513863763466974e-01	8.240166454909960e-02	4183
2.072514231362973e+00	-4.491241797337490e-01	4184
2.042416364094052e+00	1.619510688905885e+00	4185
2.157955054293404e+00	-6.156007099535622e-01	4186
2.182518693097335e+00	6.722138224808246e-01	4187
2.227928431408730e+00	-8.114681852733884e-01	4188
1.731268534581877e+00	2.274520865174661e+00	4189
-1.132407181408236e+00	-2.555022559774653e-01	4190
-1.399907421851886e+00	-9.061408880364441e-01	4191
7.308025888973575e-02	3.002164960245991e+00	4192
2.281770320931308e+00	1.492423664846278e+00	4193
-1.009675516581669e+00	2.484687939770756e+00	4194
-1.053307576758533e+00	-1.496233224487158e-01	4195
2.022862105902687e+00	1.789118332048222e-01	4196
7.762485767103557e-01	-3.054302664638727e+00	4197
1.784114906235734e+00	-2.266536989584104e+00	4198
-1.412174737205873e+00	1.088521677375061e+00	4199
8.740609863514656e-02	-2.997032974509884e+00	4200
1.394320051533898e+00	-2.631914171811053e+00	4201
2.006928363759465e+00	-1.738914490813079e-01	4202
-6.265518159701208e-01	2.887417911692588e+00	4203
7.845789015562984e-01	3.057906048575250e+00	4204
2.433574674820321e+00	-8.951897745285795e-01	4205
-1.180701825704786e+00	3.359510658023965e-01	4206
-1.106170129340808e+00	2.225076217434432e-01	4207
2.151958437184101e+00	3.242856360712111e-01	4208
2.293031547598544e+00	1.147663368164332e+00	4209
-1.410760171253873e+00	1.387564854419020e+00	4210
-1.319287480486742e+00	6.335211327746292e-01	4211
2.130770085353695e+00	-3.051121117600120e-01	4212
-1.348060314975194e+00	-7.048528806224174e-01	4213
-1.377599920956664e+00	8.350934202096250e-01	4214
-1.031898731008173e+00	1.296009701261254e-01	4215
-1.240760978674192e+00	2.093627495566290e+00	4216
1.906174281569414e+00	-2.000398203698148e+00	4217
-1.239179745492207e+00	-2.148577845094894e+00	4218
1.862664107730661e+00	-3.526319641073612e-03	4219
1.884032820403618e+00	-7.143743560993883e-02	4220
2.348717854463940e+00	-6.580652358945328e-01	4221
-1.357645120157174e+00	1.722952824525124e+00	4222
-1.284465922127258e+00	-5.308543638394418e-01	4223
2.260796990799359e+00	-1.623057337378038e+00	4224
-9.921542759491893e-01	-2.532901184106300e+00	4225
-6.051254703740221e-01	-2.904010622765817e+00	4226
2.483781042701695e+00	-1.198607809219429e+00	4227
1.892488595046324e+00	7.040404475897090e-02	4228
-1.252087576614383e+00	4.717226917766706e-01	4229
-1.210077445767479e+00	-3.794603536322284e-01	4230
-1.386078540465224e+00	-1.771992683350926e+00	4231
-1.432073107759475e+00	-1.145379143314643e+00	4232
-1.433135507494398e+00	-1.428503846683620e+00	4233
-9.731827496137355e-01	-6.150234797988889e-02	4234
-9.593700859827159e-01	5.013569773359997e-02	4235
-9.008798175572633e-01	-1.288846244980592e-03	4236
2.246002156706844e+00	-4.654474354913744e-01	4237
2.274212108742587e+00	5.109461070281184e-01	4238
2.381007479170188e+00	7.510196920538711e-01	4239
1.655402637891785e+00	-2.550434500122191e+00	4240
2.039497641408522e+00	2.256362820523972e+00	4241
5.022723842498173e-01	3.368647303303600e+00	4242
-1.289854460938814e+00	-2.432395297547184e-01	4243
-1.566061138550294e+00	-2.059665166980901e+00	4244
4.976422425640623e-01	-3.362793660497981e+00	4245
1.190877129755717e+00	3.080077368369319e+00	4246
-1.626341089479564e+00	1.239799946779730e+00	4247
-2.855209036247904e-01	-3.173384922265540e+00	4248
2.668299130165712e+00	-1.012291951955433e+00	4249
-1.615360880915186e+00	-9.991535363060359e-01	4250
1.225890940265266e+00	-3.031633994005645e+00	4251
1.557982629697659e+00	2.537107487959250e+00	4252
2.507900609741741e+00	-1.478750341524661e+00	4253
-1.518626391218166e+00	6.855858135286446e-01	4254
-1.472993642580122e+00	-5.606930434832118e-01	4255
2.224754130876584e+00	1.830558441151354e+00	4256
-1.588610508444167e+00	9.360014296481617e-01	4257
-3.098694099746627e-01	3.171424596568288e+00	4258
2.087686061523886e+00	-2.245175877592149e+00	4259
-1.619394379158396e+00	1.593360271538656e+00	4260
-1.378299983292601e+00	2.439884539096496e+00	4261
-8.289289149653150e-01	2.788306471486139e+00	4262
2.203400969071327e+00	-1.920670522819734e+00	4263
-1.384660144158644e+00	-3.877497621016284e-01	4264
-1.434770083448751e+00	4.911125811341677e-01	4265
-1.257385746852492e+00	2.046302651362471e-01	4266
-1.194951991757073e+00	-1.263734250413007e-01	4267
2.446128512142017e+00	-4.825854767369624e-01	4268
2.339285724122961e+00	3.341402912313485e-01	4269
2.568468738559442e+00	-7.133050399450541e-01	4270
2.504363986728933e+00	1.326202733368811e+00	4271
2.185021018999557e+00	1.641141280877989e-01	4272
2.163484851274953e+00	-1.503699588785949e-01	4273
-1.551258447253944e+00	-7.599845500473003e-01	4274
-1.166536240472911e+00	9.832323269698148e-02	4275
-1.089932180272497e+00	-8.350719578622271e-03	4276
2.023982392477701e+00	-3.452684808199005e-06	4277
-1.550569586804514e+00	1.988537787467308e+00	4278
-1.367344148840355e+00	-2.503244001169707e+00	4279
-1.024839606918260e+00	-2.955494354968037e+00	4280
-1.347124264319272e+00	3.354248725876298e-01	4281
-1.650734058115600e+00	-1.633663619983694e+00	4282
-1.654219653834629e+00	-1.286378650556836e+00	4283
2.309271842273366e+00	-2.986065334097136e-01	4284
2.486037490189068e+00	5.597273626818491e-01	4285
2.461381034230735e+00	9.742042131935342e-01	4286
9.663728795893280e-01	-3.432447916181393e+00	4287
1.893393230404187e+00	2.556694692387856e+00	4288
2.713901036298666e-02	3.415372139586454e+00	4289
-1.854005033109724e+00	1.838692523982087e+00	4290
1.617687839315077e+00	-2.885990892390168e+00	4291
-1.827845747647083e+00	1.061197655342493e+00	4292
-1.784369728743701e+00	-8.259218625943481e-01	4293
1.970437284383014e+00	-2.535249810281777e+00	4294
-7.227672050854429e-01	-3.295362531304615e+00	4295
5.377265947062774e-02	-3.410137356046758e+00	4296
-1.318891075448784e+00	6.035442265289865e-02	4297
2.383083477472529e+00	2.151420098646589e+00	4298
2.514895332102201e+00	-2.886883245249595e-01	4299
2.513973154308614e+00	1.650200491058184e+00	4300
-1.884820069108524e+00	-1.902157690011947e+00	4301
-1.469545553412077e+00	-2.937502404018467e+00	4302
-1.536695632100727e+00	3.315902329912120e-01	4303
2.374116497282987e+00	1.465390488437063e-01	4304
2.736770853810290e+00	-1.293198200810639e+00	4305
-1.869104110004063e+00	1.422196526558563e+00	4306
9.439730743304576e-01	3.448762244079678e+00	4307
2.343332242626990e+00	-1.196136154975303e-01	4308
-1.862040990680014e+00	-1.112322914817487e+00	4309
1.414490157422193e+00	2.783761205216089e+00	4310
-1.213685309765737e+00	2.789629005870354e+00	4311
2.407873014533460e+00	-2.176744926413527e+00	4312
2.495731089314122e+00	-1.792444714294454e+00	4313
-1.644975986663258e+00	5.162524382210095e-01	4314
-1.582566516765695e+00	-3.958808124780107e-01	4315
-1.427899512250270e+00	1.841040511537116e-01	4316
-1.469689538466086e+00	-2.287701420570411e-01	4317
-1.354302305374638e+00	-9.406690520173905e-02	4318
2.824777909116370e+00	-7.939284003423748e-01	4319
2.559395802471808e+00	3.507013941203808e-01	4320
2.676982307594599e+00	-5.080443406803993e-01	4321
-1.688471643778295e+00	-5.912855158482891e-01	4322
-1.748192884163714e+00	7.569860439123386e-01	4323
-1.749778235690128e+00	2.324173026756344e+00	4324
-1.751805436501018e+00	-2.409901334090356e+00	4325
-1.906027284309731e+00	-1.462966334063812e+00	4326
-1.234351501550797e+00	-3.116068785740540e-02	4327
2.602926199967228e+00	7.717234706574314e-01	4328
2.702992843879867e+00	1.122500492385913e+00	4329
6.743992739840931e-01	-3.792593055252124e+00	4330
3.178187823317808e-01	-3.779904260276006e+00	4331
-3.640796288742353e-01	3.602059831410970e+00	4332
1.472161419695321e+00	-3.357796957454683e+00	4333
2.948108220396083e+00	-5.490031499315311e-01	4334
-2.111422375141040e+00	2.148841460132437e+00	4335
3.042352824386291e-01	3.785886759019101e+00	4336
6.522654538892539e-01	3.802090296235674e+00	4337
-1.630804136317738e+00	2.727895664097254e+00	4338
-1.927112112733413e+00	-2.843971580833212e+00	4339
-1.513168396876902e+00	-1.896440685736996e-02	4340
-2.143901463452773e+00	1.641500641407641e+00	4341
2.267490538711828e+00	2.512768748420799e+00	4342
-7.034689006864288e-01	3.292997874593507e+00	4343
2.310779441271919e+00	-2.504010123315702e+00	4344
-1.207472043485228e+00	-3.345761244223241e+00	4345
1.707161258970044e+00	2.854657759390729e+00	4346
-1.020184328073110e+00	3.133648991294288e+00	4347
-3.677637284183307e-01	-3.602909983073102e+00	4348
2.939877239979159e+00	-1.067964145295758e+00	4349
-1.888440715406365e+00	5.548916471118809e-01	4350
-2.009896751361585e+00	8.516147280822902e-01	4351
-1.673505214057004e+00	-2.130525021335973e-01	4352
2.597094693189753e+00	1.295724438970061e-01	4353
1.387050203027163e+00	3.477750556928635e+00	4354
-2.101348742888815e+00	1.213515198291490e+00	4355
-2.196678999035198e+00	-1.697713320873043e+00	4356
2.550108921803086e+00	-8.149118780789812e-02	4357
-2.052128525343988e+00	-9.073854115325968e-01	4358
-2.132203314224477e+00	-2.239007012778344e+00	4359
2.247864919410669e+00	7.986032848740429e-03	4360
1.571926861834349e+00	3.134101037778656e+00	4361
2.734380538341049e+00	-2.049361160413923e+00	4362
2.774132440657901e+00	-1.615125493378641e+00	4363
-1.754484786252719e+00	3.283963485179299e-01	4364
-1.621201878596498e+00	1.557490388081022e-01	4365
2.711418334035585e+00	5.445346561100991e-01	4366
2.767423983398784e+00	1.437040811988263e+00	4367
2.752770235629373e+00	-2.824855040673360e-01	4368
-1.807881408925607e+00	-4.004307951661557e-01	4369
-1.935776755895365e+00	-6.274188642036097e-01	4370
-2.144197239577891e+00	-1.255436928994832e+00	4371
2.721103259109947e+00	1.970938462023012e+00	4372
2.870071939465086e+00	8.844094698077595e-01	4373
-1.453135228277288e+00	3.126875711448436e+00	4374
1.213095844394707e+00	-3.837335772914521e+00	4375
1.886358446531547e+00	-3.228704607456831e+00	4376
1.954653159682617e+00	3.146165239959863e+00	4377
-8.661105141952060e-01	-3.736829417767418e+00	4378
2.097571662128362e+00	2.866810465210276e+00	4379
3.108162954062655e+00	-8.070767446550510e-01	4380
-1.434746172181540e-01	-3.831367988485029e+00	4381
1.815587866185758e+00	3.486029831914160e+00	4382
4.581685902204232e-01	4.235612027839441e+00	4383
2.674716562111357e+00	-2.417468379225421e+00	4384
-2.220459660285999e+00	-6.736715000075552e-01	4385
-2.383596594755339e+00	-2.662434783073980e+00	4386
-1.722205846031622e+00	-3.312747231055488e+00	4387
2.420298101422299e+00	3.799455691795191e-02	4388
-1.904894444550368e+00	-1.893053586756032e-01	4389
2.774940763187649e+00	-2.933976376412481e-02	4390
2.099293368629480e+00	-2.893420821172536e+00	4391
1.130794400178212e+00	3.884146360462923e+00	4392
-2.413221946269136e+00	1.399385612540392e+00	4393
-2.498606297446577e+00	-2.008943904216951e+00	4394
3.032388449649915e+00	-2.822583465984733e-01	4395
2.996072681159766e+00	6.179031835340858e-01	4396
4.809559688914679e-01	-4.228105605759923e+00	4397
-2.052308016980154e+00	2.584834715253129e+00	4398
7.050338594709049e-03	3.876344979315792e+00	4399
-2.451683256182689e+00	1.916789061920460e+00	4400
-8.035216843274409e-01	3.744697709453652e+00	4401
-1.035328651137017e+00	3.559446666387466e+00	4402
-2.310471595307777e+00	9.688414961369120e-01	4403
2.781302266353838e+00	2.984926509681979e-01	4404
-2.467281831923044e+00	-1.441921552569521e+00	4405
3.053624167108918e+00	-1.859723290937895e+00	4406
3.029334077513402e+00	-1.389687003642783e+00	4407
-1.842705659118061e+00	1.229221561365936e-01	4408
-1.721127925820865e+00	-2.661923076733912e-02	4409
2.659914676906868e+00	2.379397387423821e+00	4410
2.813442388367771e+00	1.750587587856756e+00	4411
-2.007235131104327e+00	3.322850537285124e-01	4412
-2.065962477325077e+00	-4.049072583850613e-01	4413
-2.168369088035986e+00	6.141150231262339e-01	4414
-2.360179735739765e+00	-1.012569016481288e+00	4415
2.986328292327263e+00	1.186983220797447e+00	4416
-1.423996271414803e+00	-3.785502136767722e+00	4417
1.603014641942194e+00	3.897923141275663e+00	4418
-2.549269589675089e+00	-7.368882808836321e-01	4419
5.707105123688257e-02	-4.202194211121328e+00	4420
-2.301691329189267e+00	3.514919526992990e-01	4421
-1.540337498406117e+00	3.630337696357520e+00	4422
3.046270030508518e+00	-2.260038943937554e+00	4423
-2.099925280785732e+00	9.066637431934366e-02	4424
-1.929445316319628e+00	3.048652949566023e+00	4425
9.931760704641129e-01	-4.196203585002693e+00	4426
-2.823255194143746e+00	-2.403854729349774e+00	4427
2.353783819179675e+00	3.173375285972817e+00	4428
-2.460592692138400e+00	2.370745961096681e+00	4429
-5.604916012706793e-01	-4.017632305670568e+00	4430
1.749899414032128e+00	-3.731054832931969e+00	4431
-4.426055366910895e-01	4.085014951945772e+00	4432
-2.767068123146975e+00	1.634044835971947e+00	4433
-2.252738252345615e+00	-3.186503718239501e+00	4434
3.010732903972726e+00	2.222310191925743e+00	4435
-2.169473586389906e+00	-1.601000415517543e-01	4436
-2.829761034216613e+00	-1.707003216733036e+00	4437
3.235392950206496e+00	-5.164736598178646e-01	4438
3.075982877393276e+00	1.523257224716397e+00	4439
2.531405060546465e+00	2.801073851239541e+00	4440
2.249915289635417e+00	3.464704720819766e+00	4441
8.934664557599203e-01	4.246968565948118e+00	4442
2.308490702053458e+00	-3.261972920082010e+00	4443
2.540817337199442e+00	-2.827416202616811e+00	4444
-2.491340758350100e+00	6.912070404415166e-01	4445
3.163948106679548e+00	9.010838437500357e-01	4446
-2.712933755526258e+00	-1.153214279502477e+00	4447
3.028966063818444e+00	6.923782200211176e-02	4448
3.078627156847335e+00	3.297228222761589e-01	4449
-2.655224460861507e+00	1.114840910548294e+00	4450
3.351664879868281e+00	-1.608667084588480e+00	4451
3.251857183204227e+00	-1.118732201183226e+00	4452
-2.363138509208933e+00	-4.133459273030638e-01	4453
-4.117634109596193e-02	4.410695041130960e+00	4454
-2.019684276875521e+00	-3.733178690097451e+00	4455
2.067231086692377e+00	-3.644123090356389e+00	4456
-2.774775543648587e+00	-2.962298373409756e+00	4457
-2.403863385892820e+00	2.869994618330235e+00	4458
6.633119649069793e-01	4.736684495900620e+00	4459
-1.062895360125975e+00	-4.213619199802525e+00	4460
-3.118521381677537e+00	-1.357653884289222e+00	4461
3.143753990832124e+00	1.868181647166388e+00	4462
1.535079536868713e+00	-4.242283428444075e+00	4463
1.380343037413138e+00	4.338882790453466e+00	4464
-3.878599663256190e-01	-4.568511867066688e+00	4465
3.407232804736177e+00	-2.028585756581198e+00	4466
2.396521779342513e-01	-4.705377303302678e+00	4467
3.292852553851931e+00	5.852984791216606e-01	4468
3.311150776095115e+00	1.236733622243442e+00	4469
-2.707133575611605e+00	-4.313668382847855e-01	4470
-9.350651452711477e-01	4.246604094019339e+00	4471
-2.095042945936221e+00	3.581509521675883e+00	4472
7.685148383494518e-01	-4.704950372202413e+00	4473
-2.917693390564957e+00	-2.135712327122556e+00	4474
2.071683190416282e+00	3.892804439998824e+00	4475
-2.841576301840413e+00	2.092384657912707e+00	4476
-2.387301223396408e+00	4.875332189444999e-02	4477
2.957134489917610e+00	2.656733258988483e+00	4478
2.792601207231355e+00	3.153477903975698e+00	4479
2.690293541460818e+00	3.456978058616307e+00	4480
2.771979566418921e+00	-3.230580805026967e+00	4481
2.975819247805612e+00	-2.699930122113144e+00	4482
-3.049917211217755e+00	1.302283262326029e+00	4483
3.303839470240745e+00	-1.663124996652690e-01	4484
3.299714438792474e+00	1.533252482540803e-01	4485
-2.929654074335490e+00	-8.283601384717029e-01	4486
-2.863701481926344e+00	7.914147532072474e-01	4487
3.614974349365476e+00	-1.299802377676217e+00	4488
3.431391504283765e+00	-8.075937021230862e-01	4489
-2.474009145907296e+00	-1.284458369097551e-01	4490
-2.640621537600762e+00	3.856651985843546e-01	4491
-3.266675235059686e+00	-1.810972479191901e+00	4492
1.877491282189033e+00	4.345178056272637e+00	4493
-2.630016974146013e+00	-3.570086132723904e+00	4494
-2.661112141288553e+00	3.405440661665747e+00	4495
1.043036914179015e+00	4.790759065082190e+00	4496
-1.687398199562697e+00	-4.273492692332146e+00	4497
3.428636516794388e+00	1.606257053838628e+00	4498
-5.432357584601787e-01	4.629042174444675e+00	4499
-3.189187889140149e+00	1.757673806317197e+00	4500
2.557936511370107e+00	-3.673402047245125e+00	4501
1.285331844890876e+00	-4.688516218157947e+00	4502
-1.226863221028410e+00	4.031166969368414e+00	4503
-1.858807070613528e+00	4.070131077106056e+00	4504
-3.033310850655003e+00	4.347580172778283e-01	4505
2.524405189127455e+00	3.875091916507078e+00	4506
3.578434352858854e+00	3.749113230293110e-01	4507
3.558693378610355e+00	-4.469099448796941e-01	4508
-2.862734434436846e+00	2.611449027877771e+00	4509
3.498965883619401e+00	9.012340136542122e-01	4510
-9.636387437189454e-01	-4.846915893739837e+00	4511
3.740301719014449e+00	-1.725177008646694e+00	4512
-1.880246524436819e-01	-5.163651648483319e+00	4513
8.935225410743770e-02	5.053780986738134e+00	4514
5.053121806733110e-01	-5.252670434392261e+00	4515
3.402565228368502e+00	2.167391673674613e+00	4516
3.351128242753503e+00	2.484075138661264e+00	4517
3.258267435608265e+00	3.031390892252178e+00	4518
3.153941356082890e+00	3.443762931898210e+00	4519
3.257222472179477e+00	-3.112592871541100e+00	4520
3.405242851546984e+00	-2.497006024548179e+00	4521
-3.368849219809344e+00	-9.708342161137292e-01	4522
-3.292927267655811e+00	9.251599212172938e-01	4523
-3.107420826138565e+00	-4.686194072401774e-01	4524
3.830060635857946e+00	-9.390776317848061e-01	4525
3.581422013980437e+00	-1.582011072835794e-03	4526
-2.827063020458545e+00	-9.862330136386697e-02	4527
-1.374539941386684e+00	4.537275935208610e+00	4528
-3.572680946517826e+00	-5.465322735774460e-01	4529
-3.241122948440381e+00	-2.722371287212525e+00	4530
1.632604560743080e+00	4.870555002161170e+00	4531
1.853874018446059e+00	-4.715006371651389e+00	4532
3.983827233319706e+00	-5.331889230770421e-01	4533
3.883703823470220e+00	-2.387156179289096e-01	4534
2.286848220459993e+00	-4.112504325344734e+00	4535
-3.498344574802876e+00	1.369736080338713e+00	4536
1.095424329044263e+00	-5.237139094182917e+00	4537
-1.099429916435876e+00	4.807687148951303e+00	4538
-2.472270505955414e+00	4.000543893675951e+00	4539
-2.849833544858965e+00	3.124239149219454e+00	4540
-2.369400856692085e+00	-4.202342740548403e+00	4541
4.029206700746218e+00	-1.354752686235895e+00	4542
-5.375211639591337e-01	5.304804897723492e+00	4543
-3.381789001696685e+00	-2.284345154696594e+00	4544
2.368116925053583e+00	4.336170239884178e+00	4545
-3.578031214986353e+00	-1.420203280802974e+00	4546
3.093981644685925e+00	-3.624814181846838e+00	4547
-3.174650900999192e+00	-3.379733156142477e+00	4548
7.748671312673219e-01	5.314856744296850e+00	4549
3.681974587019976e+00	1.273640596568073e+00	4550
-3.288182218200661e+00	2.279500109787008e+00	4551
3.852406820324475e+00	6.867824977300422e-01	4552
-1.664011668783483e+00	-4.989897055232412e+00	4553
-7.955782032664037e-01	-5.546857564519121e+00	4554
8.261923215623496e-02	-5.808511492816426e+00	4555
3.779894803960611e+00	1.903370764925639e+00	4556
2.987414790888321e+00	3.875826842102688e+00	4557
3.766412856390670e+00	2.388651300279249e+00	4558
3.719846488357557e+00	2.827497187138531e+00	4559
3.650688127888857e+00	3.349522265957988e+00	4560
3.748628420479686e+00	-2.905145648215385e+00	4561
3.815381429553669e+00	-2.211841113631845e+00	4562
-3.488818789166730e+00	5.083926453575448e-01	4563
3.894580642227282e+00	1.903270713122190e-01	4564
-3.242233674287992e+00	-1.585384862992966e-02	4565
-1.207603223500819e+00	5.496880219374757e+00	4566
2.185002555343522e+00	4.848151427633670e+00	4567
-3.846796890207360e+00	-9.784986909333224e-01	4568
-3.760313998377507e+00	9.321717514195068e-01	4569
-3.760561792495893e+00	-1.916081491389829e+00	4570
-2.105114749124847e+00	4.623436456807196e+00	4571
-3.672265913374129e+00	1.884133833925156e+00	4572
2.496292242244742e+00	-4.720706414390217e+00	4573
2.851564711339235e+00	-4.136749537779180e+00	4574
1.343008084108220e+00	5.356786327947846e+00	4575
8.048565148907008e-01	-5.884429528402878e+00	4576
3.654133347000489e+00	-3.474409966504798e+00	4577
4.225212411297968e+00	4.698042113197016e-01	4578
4.258273939588001e+00	-9.240744437371883e-01	4579
4.256319004556002e+00	-1.507752111509447e-01	4580
-1.626795473475108e+00	5.069632163844837e+00	4581
-3.767250923477454e+00	-2.650355205099958e+00	4582
-3.711962848364297e+00	-3.103033860949149e+00	4583
1.628906949837145e+00	-5.201976421202900e+00	4584
-3.726976677862019e+00	3.078971615043842e-03	4585
-3.336620972430317e+00	2.842169947056262e+00	4586
-2.085346532088642e+00	-4.777867916590275e+00	4587
-3.032102917318316e+00	-4.028621896598778e+00	4588
1.088378474215900e-01	5.740105480326390e+00	4589
3.511796664970869e+00	3.858428618898089e+00	4590
-1.566174924105549e+00	-5.795777104048621e+00	4591
-5.432115505769948e-01	-6.309376656817312e+00	4592
4.108622424811741e+00	1.080925356978524e+00	4593
4.102831722902716e+00	1.530094839271886e+00	4594
2.837473193650107e+00	4.319496206154554e+00	4595
4.190284406941363e+00	2.157307584599099e+00	4596
4.189651890780987e+00	2.655025968914007e+00	4597
4.161737531002734e+00	3.151130043882928e+00	4598
4.227139821703163e+00	-2.601232552266745e+00	4599
4.186552361533732e+00	-1.844500732102641e+00	4600
-1.864019948484767e+00	5.722261419454655e+00	4601
-4.099110563674928e+00	-1.472349118494788e+00	4602
-2.771570744511880e+00	4.597465791003231e+00	4603
-3.058332780555703e+00	3.859855060495844e+00	4604
-2.274506803745703e+00	5.285256654349372e+00	4605
1.960589386570268e+00	5.423307322571789e+00	4606
-3.342659943044852e+00	3.412942127921691e+00	4607
-2.146911283610316e+00	-5.425867587235487e+00	4608
-2.793310435449019e+00	-4.705024032955752e+00	4609
4.088549392568768e+00	3.737673571300797e+00	4610
4.218171455188342e+00	-3.216678193856732e+00	4611
2.215502402171726e+00	-5.242090505612500e+00	4612
3.469697717871493e+00	-4.068254222005330e+00	4613
-3.802804867273297e+00	2.464712040479805e+00	4614
-3.982198895837404e+00	4.637866285418520e-01	4615
3.144635670305243e+00	-4.715619231572167e+00	4616
-4.009263735891448e+00	1.430577418447903e+00	4617
2.883002184772159e-01	-6.561679122954795e+00	4618
-3.668423228598638e+00	-3.775310039510325e+00	4619
3.338568118503562e+00	4.329163481058346e+00	4620
-6.336365313038196e-01	6.028716477027075e+00	4621
4.430340851729371e+00	-5.353426232474279e-01	4622
4.635002598567585e+00	1.808461732412383e-01	4623
-4.268309638022594e+00	-2.279634434565375e+00	4624
-4.276789706665343e+00	-2.943090307557312e+00	4625
1.403840390237303e+00	-5.836062278928088e+00	4626
-4.065315067251866e+00	-4.596569610545345e-01	4627
8.985758900180085e-01	6.011481159350844e+00	4628
-1.371256432355192e+00	-6.686934958223382e+00	4629
4.555522634957144e+00	8.509040785865297e-01	4630
4.511612549290216e+00	1.311190105172181e+00	4631
2.706460654978856e+00	4.822090527014830e+00	4632
4.577328034115162e+00	1.783328356546108e+00	4633
4.665716603736477e+00	2.406507192569995e+00	4634
4.685122565126735e+00	2.931386483711296e+00	4635
4.669986323339357e+00	-2.197821312948027e+00	4636
4.502867375808267e+00	-1.400628852743677e+00	4637
1.881557525189728e+00	-5.837174398039458e+00	4638
-2.562476147154195e+00	5.967649422735897e+00	4639
4.762973467669958e+00	-2.844387895750813e+00	4640
-4.696792668548107e+00	-1.769657115568039e+00	4641
1.335240941753655e-01	6.518258101313324e+00	4642
-4.291082919217290e+00	9.339169784165570e-01	4643
2.853396030028459e+00	-5.287525752478241e+00	4644
3.931457786203994e+00	4.315559499269741e+00	4645
-1.347044049735278e+00	6.247344085754008e+00	4646
-3.877569216978964e+00	3.087824367524068e+00	4647
4.115755039534593e+00	-3.878905386080604e+00	4648
4.742295479870656e+00	-9.323414345834652e-01	4649
-4.248359296843468e+00	2.665544463054291e-02	4650
1.134816533816174e+00	-6.599868463445675e+00	4651
-3.524342959159022e+00	-4.510391149904500e+00	4652
-2.952886731306910e+00	-5.500311563234746e+00	4653
-4.935822231924015e-01	-7.167369855915712e+00	4654
-3.040195605104288e+00	5.315930418646039e+00	4655
1.583372433331905e+00	6.024815927874601e+00	4656
-3.463672701525613e+00	4.442854818563774e+00	4657
-3.672793034495341e+00	3.937310443296975e+00	4658
3.826656600130840e+00	-4.652993319969264e+00	4659
-4.224292394190934e+00	2.006410845833313e+00	4660
-4.389939572284907e+00	-9.554004471613935e-01	4661
4.713485734666819e+00	-1.747888967610886e-01	4662
-4.151446044276071e+00	-3.575051436288818e+00	4663
-4.845533806161999e+00	-2.605065855139013e+00	4664
-2.194914408757739e+00	-6.291324855712095e+00	4665
4.651466350868191e+00	3.528646013143191e+00	4666
2.551914558590928e+00	5.388073535723790e+00	4667
4.979189278128710e+00	1.124453055461071e+00	4668
5.003997964850911e+00	1.483351470357180e+00	4669
5.033291233961829e+00	5.692809685959014e-01	4670
5.115955737453125e+00	2.024622407420057e+00	4671
5.216011021173399e+00	2.648752143966473e+00	4672
5.055054832731312e+00	-1.700711130174976e+00	4673
3.550905540178470e+00	-5.296164432732332e+00	4674
-1.318230715806103e+00	-7.635596682114009e+00	4675
-2.044039566260464e+00	6.500017169622704e+00	4676
5.260615765785795e+00	-2.356745506580938e+00	4677
-4.528495502846820e+00	4.642172765657355e-01	4678
5.283299036114413e-01	-7.415784921450276e+00	4679
3.367536119051416e+00	5.122059319587573e+00	4680
4.578010210371883e+00	4.184180071381818e+00	4681
-3.385190404917263e+00	6.070473494470274e+00	4682
2.549868022124672e+00	-5.878699812282557e+00	4683
-4.589197945830351e+00	1.484760829124938e+00	4684
-2.119116369656763e+00	-7.191690913271504e+00	4685
2.312876920013683e+00	6.063374182898338e+00	4686
4.911581061791886e+00	-6.212103941142841e-01	4687
-5.361450316788520e+00	-2.083533421614571e+00	4688
1.642160704408253e+00	-6.527531112514082e+00	4689
4.763243372651843e+00	-3.560451556748929e+00	4690
1.070552598677996e+00	6.794970056631420e+00	4691
5.110092981295619e+00	1.002367998134577e-01	4692
-7.090983679139274e-01	6.852499579556966e+00	4693
-4.390940815656908e+00	2.653678066663316e+00	4694
4.545160217673951e+00	-4.480307665660246e+00	4695
-3.831372217698171e+00	-5.349551540590663e+00	4696
-4.351252949391762e+00	3.652234044747761e+00	4697
-3.857495856166764e+00	5.174016135978094e+00	4698
-4.153125312072772e+00	4.432640422515532e+00	4699
-4.621576511430755e+00	-4.134378963610954e-01	4700
-5.050743195251231e+00	-1.172630522642751e+00	4701
-4.146950629975308e+00	-4.245946163530248e+00	4702
-4.844797936100714e+00	-3.340448927159828e+00	4703
-3.106565418232798e+00	-6.408629759525737e+00	4704
5.497728155022985e+00	1.269314575854902e+00	4705
5.501580768327797e+00	8.963030826027335e-01	4706
5.233127660633186e+00	3.281222131185635e+00	4707
5.578968727206711e+00	1.646652451954988e+00	4708
5.729297069109326e+00	2.246328053919524e+00	4709
-4.300245278013502e+00	5.980744262948117e+00	4710
-2.143441749915802e+00	-8.183228745745621e+00	4711
-1.494058484260221e+00	7.092596582106370e+00	4712
-3.347381670221072e-01	-8.124762030003415e+00	4713
1.920166815106120e+00	6.782329199537535e+00	4714
1.903583708015341e-01	7.398651795336934e+00	4715
3.116016332890389e+00	5.916163405247251e+00	4716
-4.811319890118464e+00	-2.460318240706972e-02	4717
5.382799428584255e+00	-3.106578773221206e+00	4718
3.248606976911129e+00	-5.927433351275559e+00	4719
-5.529924201330421e+00	-2.887162127929849e+00	4720
-4.852347583046238e+00	2.125310718795255e+00	4721
5.176031683408063e+00	-4.192306770055628e-01	4722
5.243349459115532e+00	-1.002300651369120e+00	4723
-5.795596031623086e+00	-1.428440439599746e+00	4724
-4.886312778271153e+00	9.458294673580764e-01	4725
-3.133965705355521e+00	-7.460201870310274e+00	4726
4.319587396949671e+00	-5.221683686799611e+00	4727
5.683740291357517e+00	-1.863879903900494e+00	4728
5.209784943922569e+00	3.951613227757624e+00	4729
5.560204484058354e+00	3.656110825471663e-01	4730
6.041914869569181e+00	1.089147972186310e+00	4731
-4.753264174323381e+00	-3.994959493104033e+00	4732
-2.865081808881022e+00	6.774944407101603e+00	4733
2.174031503958838e+00	-6.553475287311380e+00	4734
5.280543965879460e+00	-4.168730033717044e+00	4735
4.380054137445484e+00	4.870832550457098e+00	4736
-4.988687536211774e+00	3.178490845040927e+00	4737
-4.905031430207627e+00	4.208907459293379e+00	4738
-4.672442557840111e+00	5.070103335158047e+00	4739
-5.323184044269309e+00	-5.191233822646273e-01	4740
-4.114122602855519e+00	-6.323019862342067e+00	4741
5.844705656443597e+00	2.939174923590191e+00	4742
6.240410880170865e+00	1.799703666910225e+00	4743
-5.242078817216783e+00	5.835091059665369e+00	4744
-4.301985092638541e+00	-7.478829409587884e+00	4745
-6.127875004921560e+00	-2.237759220793587e+00	4746
6.584420229064922e-01	-8.456372993889708e+00	4747
-5.555647335418454e+00	2.570793969793941e+00	4748
5.125604113144711e+00	4.705740177514673e+00	4749
-2.277666466132572e+00	7.372621004479526e+00	4750
-5.528587533443703e+00	-3.729556494116224e+00	4751
6.002090541375697e+00	-3.701938965325717e+00	4752
4.023346002170772e+00	-5.942080184184171e+00	4753
-5.527082455054537e+00	4.839663407671299e+00	4754
-1.227422150504625e+00	-8.688552084353258e+00	4755
-7.739876965693953e-01	7.787761186408354e+00	4756
-5.243502617886987e+00	1.537149614144885e+00	4757
-4.717596105132877e+00	-4.765244844933426e+00	4758
1.299524496983135e+00	7.678510089990811e+00	4759
6.759981647392759e+00	1.271931952999251e+00	4760
5.924678847172002e+00	-2.566069769023713e+00	4761
5.869492433940351e+00	3.662553263852427e+00	4762
1.871747555615414e+00	-7.311605265695986e+00	4763
-5.652120620734444e+00	3.751884487799346e+00	4764
2.808198131730296e+00	6.743116912989779e+00	4765
5.143675310622149e+00	-5.009293141263074e+00	4766
5.962024617903182e+00	-1.178273404714534e+00	4767
-5.139103363350266e+00	4.356438189390770e-01	4768
5.618643461920389e+00	-1.511215648131520e-01	4769
-3.854298206891561e+00	6.876528491849871e+00	4770
-3.198246857011161e+00	-8.591487409363893e+00	4771
3.967572966656872e+00	5.691880259764542e+00	4772
-4.722724736746962e+00	-5.619007079427146e+00	4773
2.924771403092733e+00	-6.598560462473782e+00	4774
-6.130782703162001e+00	-6.784122954318198e-01	4775
6.419624368041695e+00	2.498612397166983e+00	4776
3.697432848010759e+00	-6.644246299507496e+00	4777
1.452940936450109e+00	-7.829720693591526e+00	4778
-6.318182918304756e+00	-3.185340687683100e+00	4779
6.663114853400602e+00	-3.086096538778794e+00	4780
2.835683818692569e-01	8.394285831881982e+00	4781
-1.664601786634162e+00	8.049161046567983e+00	4782
6.556204208776448e+00	3.274715042755201e+00	4783
-6.032746722749759e+00	1.863994557501805e+00	4784
-4.881627741761568e+00	6.793360473028499e+00	4785
-5.438536820421627e+00	-1.236523271445445e-01	4786
-2.236024330564720e+00	-9.315481834111315e+00	4787
6.344931472874681e+00	-4.783433133525107e-01	4788
6.144271597709625e+00	1.714552471884767e-01	4789
-3.230063209557811e+00	7.686780886110657e+00	4790
5.989216384741356e+00	-4.627099141586670e+00	4791
5.848235843608218e+00	4.431529132435035e+00	4792
6.993959435871132e+00	1.998963352335505e+00	4793
-2.030806682331800e-01	-9.210921214136885e+00	4794
-6.219726458305246e+00	5.577272698249991e+00	4795
2.343430861772283e+00	7.632930421511512e+00	4796
-5.425745875043058e+00	-4.487351470413168e+00	4797
4.894482310722331e+00	-5.855171514549962e+00	4798
-6.338261782088822e+00	3.102477230353978e+00	4799
-5.848668108131683e+00	1.854657393355246e-02	4800
-5.082153823617245e+00	-6.644916810500565e+00	4801
6.555732673205487e+00	5.661795594800773e-01	4802
6.397068169916251e+00	-1.880125887506571e+00	4803
2.632798255843142e+00	-7.295385136006205e+00	4804
-6.391636162763998e+00	4.388857577506384e+00	4805
3.701240530113518e+00	6.558703537486036e+00	4806
5.666859003279692e+00	-7.307703569387233e-01	4807
-5.555091874793873e+00	9.422041079978608e-01	4808
-6.610687338305563e+00	-1.451744958541170e+00	4809
-4.472772154844508e+00	-8.755244735365103e+00	4810
4.864873238435144e+00	5.549297167278740e+00	4811
-5.512366017868181e+00	-5.188652988575570e+00	4812
-6.291405271900453e+00	-4.737477841698086e+00	4813
3.400695881111615e+00	-7.352802506320004e+00	4814
-4.361425815980125e+00	7.806229173534573e+00	4815
-7.215632754487747e+00	5.115577692654274e+00	4816
-7.002610171140405e+00	-2.402864368578437e+00	4817
-6.926282147046843e+00	2.301848674856560e+00	4818
8.889493906306474e-01	-9.590742980194831e+00	4819
7.204311742280656e+00	2.782231471814258e+00	4820
-2.557342979262398e+00	8.360884427906020e+00	4821
-1.182245240607659e+00	-9.881114393766451e+00	4822
1.592209153637630e+00	8.675039808349073e+00	4823
5.839131420102420e+00	-5.598192996551237e+00	4824
-6.995645459544050e+00	-6.788749669986726e-01	4825
3.371486199004652e+00	7.517875291810987e+00	4826
5.742828526925584e+00	5.318165802663287e+00	4827
4.566443168144791e+00	-6.666365381728696e+00	4828
-8.334543773951271e-01	8.850129414936481e+00	4829
-3.530054914775583e+00	-9.783232190345975e+00	4830
6.594812048575855e+00	4.095149718920186e+00	4831
6.810671586678724e+00	-4.062532247913946e+00	4832
2.272132910635229e+00	-8.165609939227776e+00	4833
7.322343973494901e+00	7.276732018417960e-01	4834
7.575200519151187e+00	1.411193066324118e+00	4835
-5.948868925063824e+00	6.622071718009737e+00	4836
-6.313641849156184e+00	-4.161005900112445e+00	4837
-7.209147256358678e+00	3.711719038573225e+00	4838
6.851466751008306e+00	3.505641269868180e-02	4839
6.717993145663279e+00	-1.160172787065129e+00	4840
7.239911765850763e+00	-2.326415216418981e+00	4841
1.637477490913654e+00	-8.881789959744477e+00	4842
4.557823330579395e+00	6.369875675353994e+00	4843
-6.332120820927519e+00	6.798030262276458e-01	4844
-5.404191279351337e+00	-7.856754936195958e+00	4845
-5.528941660487527e+00	-6.158420026832263e+00	4846
-4.358953785619724e-02	-1.043718553582144e+01	4847
-5.710510569202344e+00	-9.108908603089285e+00	4848
4.152762184476923e-01	9.520422755273978e+00	4849
-6.382560466883844e+00	-5.695855404459702e+00	4850
8.187141229198348e+00	7.970510918878695e-01	4851
2.843531974770242e+00	8.591779604364023e+00	4852
-6.809692710557239e+00	1.410899782758008e+00	4853
7.365020392336359e+00	3.655046170178697e+00	4854
-2.367256310485126e+00	-1.060529107741050e+01	4855
7.558074628412176e+00	-3.318225501711875e+00	4856
-7.533913694850413e+00	-1.520290313109789e+00	4857
7.850114162901861e+00	2.222467332742366e+00	4858
-5.537480536312214e+00	7.718193402233500e+00	4859
5.558787727702847e+00	-6.565942056254108e+00	4860
-4.852787824611285e+00	-1.005299909565384e+01	4861
-1.858510749733756e+00	9.136606020408465e+00	4862
6.575483836183066e+00	4.984296773112411e+00	4863
6.808806355776029e+00	-5.134826900384724e+00	4864
-7.085955840930425e+00	6.294265569648173e+00	4865
4.227178827192978e+00	-7.422973621204813e+00	4866
-7.928933218495378e+00	2.835264419679850e+00	4867
-8.178566915822646e+00	4.410238870033410e+00	4868
7.690506849902651e+00	-2.857800101472329e-02	4869
1.994336750927967e+00	-1.000962945317114e+01	4870
2.952377625095073e+00	-8.206707696297297e+00	4871
-6.607300025648696e+00	-1.269639232298060e-02	4872
-3.640383708418722e+00	8.722773640494848e+00	4873
5.498045461746967e+00	6.238380238056887e+00	4874
2.690363110556325e+00	-9.176706120721143e+00	4875
7.098732947972137e+00	-5.944428237912170e-01	4876
-7.220047847605404e+00	-3.510527344284254e+00	4877
7.196160145383956e+00	-1.802904907159607e+00	4878
4.330827253053159e+00	7.304597616312914e+00	4879
-6.644946909777910e+00	-8.217412254400854e+00	4880
8.490048494237216e+00	1.622924277786115e+00	4881
4.009702966486596e+00	8.399677851831546e+00	4882
6.643210654827266e+00	-6.256946338601074e+00	4883
-1.141121156517296e+00	-1.123394194889913e+01	4884
-8.251378673704892e+00	5.711230895134320e+00	4885
1.949723935345626e+00	9.798473224745083e+00	4886
-3.798260462616117e+00	-1.115812762399791e+01	4887
-2.873325022393984e+00	9.482512627999766e+00	4888
8.653589036046773e+00	-4.477375257974749e-02	4889
-7.756646241706483e+00	1.778728943045611e+00	4890
8.195081830425544e+00	-2.566806624292236e+00	4891
-7.969905886761001e+00	-6.501431214148743e-01	4892
8.096109637321423e+00	3.102001307273217e+00	4893
7.745132493310658e+00	-4.451866646329469e+00	4894
7.421352621106022e+00	4.587897346981775e+00	4895
7.924206330760554e+00	-8.651788074903696e-01	4896
-8.859429268451529e-01	1.005733603264899e+01	4897
3.196233199733288e+00	-1.030802215889587e+01	4898
-6.417524881540280e+00	-6.779329314557279e+00	4899
-4.929443458775430e+00	8.865966799680109e+00	4900
-7.262978328404285e+00	-5.130027176752822e+00	4901
5.193510343761758e+00	-7.471764401455389e+00	4902
5.227409165816992e+00	7.111042951622233e+00	4903
6.473320684230756e+00	5.980391642304387e+00	4904
-7.994124023729573e+00	-2.598993768367492e+00	4905
-6.768945161399785e+00	7.504801642412125e+00	4906
-6.212611618172377e+00	-1.042937323390294e+01	4907
-9.049856243131606e+00	3.466118398797992e+00	4908
1.115088226476838e+00	-1.086096710982645e+01	4909
3.869536192250482e+00	-8.261354055851903e+00	4910
-7.473504338777058e+00	4.465123166801201e-02	4911
7.507723785868898e+00	-1.279456615317627e+00	4912
-7.184718960067166e+00	6.205134414386614e-01	4913
5.880832981341526e-01	1.079551049270191e+01	4914
3.423809153467900e+00	9.672414488903971e+00	4915
-8.261497671934622e+00	4.589517629729833e-01	4916
1.255555298023417e-01	-1.182050826071759e+01	4917
8.941712566213033e+00	-1.034286717742363e+00	4918
-2.475083542411130e+00	-1.206969332582439e+01	4919
9.193313272180244e+00	8.577934154601652e-01	4920
8.808146674207602e+00	2.498532798861995e+00	4921
8.286756156494842e+00	4.084355393299822e+00	4922
-8.872487951193076e+00	2.221801230422918e+00	4923
5.044800049895994e+00	8.137002469754750e+00	4924
3.642601944487788e+00	-9.266474766916327e+00	4925
-8.090016044493574e+00	7.093261719162768e+00	4926
8.563237553039436e+00	-3.630036130923247e+00	4927
8.162536698551330e+00	-1.798008388841170e+00	4928
-8.583306381143981e+00	-1.595257311845159e+00	4929
-6.286069155724051e+00	8.767860807333724e+00	4930
-5.229040707224936e+00	-1.151456452330126e+01	4931
-4.100575167536497e+00	9.899672522165032e+00	4932
-7.628675251951313e+00	-7.326385602759281e+00	4933
-2.072009149035487e+00	1.037545489923345e+01	4934
-8.266238446523531e+00	-3.981491946761754e+00	4935
7.756073549871324e+00	-5.696436798601997e+00	4936
2.351662473475445e+00	-1.131149139415641e+01	4937
-7.389884417916993e+00	-6.232003388700314e+00	4938
6.324263106242578e+00	-7.363728200278360e+00	4939
6.240367745514276e+00	6.982137169606960e+00	4940
7.414190025269690e+00	5.596846190052466e+00	4941
-7.082901951993506e+00	-9.436705958022213e+00	4942
-9.365248534586874e+00	4.838798376688172e+00	4943
4.803969184528970e+00	-8.323539818424393e+00	4944
4.745448429646881e+00	9.391692603460372e+00	4945
-6.774246189177930e+00	-1.192972127469506e+01	4946
-3.227047721928662e+00	1.075690263111138e+01	4947
3.739226911857760e+00	-1.162358181033475e+01	4948
8.807370640241905e+00	-4.901069016605836e+00	4949
-9.443511465639885e+00	6.372488486893065e+00	4950
-8.624899938630636e+00	-6.537142630660242e+00	4951
9.283981198345231e+00	-2.785187673165127e+00	4952
9.545032433949862e+00	1.812400026121011e+00	4953
1.969960407973540e+00	1.125573113088832e+01	4954
2.784146858433240e+00	1.088162822288746e+01	4955
-4.048982773722235e+00	-1.272258187796110e+01	4956
-7.682042692316280e+00	-1.084223244192024e+01	4957
5.993316279351705e+00	7.920663215014046e+00	4958
-1.079009549983323e+00	-1.276145289249923e+01	4959
9.724682541635811e+00	-1.771792174898182e-01	4960
-7.993325112388777e+00	-8.541964901845180e+00	4961
-5.571531975702236e+00	1.007136643410546e+01	4962
9.100499446738681e+00	3.470795073919200e+00	4963
-9.278380466834605e-01	1.142892721512352e+01	4964
1.407348664749346e+00	-1.228237028635992e+01	4965
7.320212095129188e+00	6.705244467529243e+00	4966
8.367029878947100e+00	5.138454592449831e+00	4967
-8.660435959660489e+00	1.131500546164933e+00	4968
-7.714497319534516e+00	8.501406371486068e+00	4969
7.571128552871646e+00	-6.994677315050517e+00	4970
-1.003052827974440e+01	2.692313182338431e+00	4971
4.481242743664166e+00	-1.024417814163894e+01	4972
-9.048239566005678e+00	-4.698843681974130e-01	4973
9.141773379388535e+00	-2.109054111215206e+00	4974
-8.459937166671951e+00	-5.401068263060179e+00	4975
-9.126772813035924e+00	-2.847038488836910e+00	4976
-1.032897904030752e+01	3.896032935727368e+00	4977
5.898848118962976e+00	-8.387903836010782e+00	4978
4.245091645495110e+00	1.075938185548166e+01	4979
-5.659208424387169e+00	-1.316496882010318e+01	4980
-9.715820744997561e+00	-5.800453904765070e+00	4981
-2.560538803553590e+00	-1.372665956301954e+01	4982
1.034933690282040e+01	8.965364813946443e-01	4983
-2.304371473458211e+00	1.178783160087142e+01	4984
7.198621414315007e+00	-8.268582494822628e+00	4985
9.713380786075628e+00	-3.971194103301857e+00	4986
-1.136917041011776e+01	3.000253441287367e+00	4987
-8.417474343710351e+00	-1.238148870493766e+01	4988
-7.141172649971809e+00	9.960211192489801e+00	4989
-9.786302667469391e+00	-1.615303530112638e+00	4990
9.899959700944024e+00	2.796364589747866e+00	4991
9.334692649619818e+00	4.567470599333093e+00	4992
-9.247443024911327e+00	7.989273025733836e+00	4993
-8.485440038942166e+00	-9.954894141122985e+00	4994
-9.816102167280121e+00	1.471268195122941e+00	4995
1.004492929096034e+01	-1.333873966076518e+00	4996
5.995495387600077e-01	1.226132594205770e+01	4997
5.288752284626876e+00	-9.458197278124832e+00	4998
8.841061120364181e+00	-6.328642258741109e+00	4999
7.092112687912467e+00	7.797184649319227e+00	5000
8.377574210933110e+00	6.274482468326840e+00	5001
-1.068380354392424e+01	5.397595227732412e+00	5002
-8.948462167123717e+00	-7.737559565404433e+00	5003
-4.617960227573162e+00	1.123661012687659e+01	5004
2.800092960980119e+00	-1.275837868105133e+01	5005
-9.501062953087075e+00	-4.305065169144107e+00	5006
5.760308833378787e+00	9.089607931079682e+00	5007
3.421377006356929e-01	-1.337764634806646e+01	5008
5.265822413169411e+00	-1.155711494122514e+01	5009
6.832667201720812e+00	8.858032190867853e+00	5010
-1.044730531193036e+00	1.297388452299638e+01	5011
-7.288504782235015e+00	-1.367557788066686e+01	5012
1.779160516341870e+00	-1.387453850529815e+01	5013
-4.308906967859746e+00	-1.449484364303564e+01	5014
1.095247997445728e+01	-3.256108427772960e-01	5015
-8.801364499912765e+00	9.629736445956738e+00	5016
-3.622342333527973e+00	1.220614572460074e+01	5017
-6.298857983668528e+00	1.144233239728228e+01	5018
-1.032639997581517e+01	-4.589052455027762e-01	5019
-1.174059254532040e+01	4.390804979149151e+00	5020
9.446948862497376e+00	5.751747394830461e+00	5021
-9.529044105868522e+00	3.159626238692655e-01	5022
1.002274800514774e+01	-5.405339353809918e+00	5023
1.024230785588922e+01	3.878719326748240e+00	5024
1.075494915359213e+01	2.006131919299866e+00	5025
1.052821340255218e+01	-3.005282723994740e+00	5026
3.621976877560922e+00	1.211304725362887e+01	5027
-1.078857760125021e+01	7.141070787506996e+00	5028
-9.948484156516143e+00	-7.013107814333326e+00	5029
5.620125726083044e+00	1.044344920258608e+01	5030
8.290971833606459e+00	7.506183750098414e+00	5031
-9.343399610922008e+00	-9.176612010875928e+00	5032
-1.083658010467306e+01	-4.878748756575486e+00	5033
8.635237450843285e+00	-7.830740806097038e+00	5034
2.084807497078847e+00	1.285076969549891e+01	5035
-9.781291473064966e-01	-1.448063601279365e+01	5036
-9.208210547041219e+00	-1.141869851111865e+01	5037
-1.102188886316170e+01	1.775169978687337e+00	5038
6.636859733348957e+00	-9.504289089776973e+00	5039
4.469252635187088e+00	-1.305409478283665e+01	5040
-1.043065416248926e+01	-3.026790346153690e+00	5041
5.751482651407996e+00	-1.074038023193861e+01	5042
-9.167392462653988e+00	-1.417848948179358e+01	5043
1.052869389482214e+01	5.103788125339751e+00	5044
1.103117921675325e+01	-4.340311666487039e+00	5045
-6.067904794103660e+00	-1.503584501396850e+01	5046
-5.200440243030100e+00	1.275586003408569e+01	5047
-8.117167453585939e+00	1.131589505602863e+01	5048
-1.071931332226428e+01	5.906071849482409e-01	5049
-1.056617595700591e+01	9.008251639864211e+00	5050
1.008500159620658e+01	-7.043597999745124e+00	5051
1.114490770614306e+01	3.120715713558733e+00	5052
5.809321778316822e-01	1.392347413122399e+01	5053
7.279740733976864e+00	-1.089986899249578e+01	5054
8.176379572966360e+00	-9.331597016221920e+00	5055
8.052852398154988e+00	8.718858453347613e+00	5056
-2.621030839789330e+00	-1.560347540815228e+01	5057
9.478801502129263e+00	7.027521912622413e+00	5058
6.555398750271460e+00	1.017596141727592e+01	5059
1.137107512618999e+01	-1.720721842450931e+00	5060
-1.025901268014433e+01	-8.493944670340655e+00	5061
6.245762849145963e-01	-1.512888542374144e+01	5062
-1.216856898191464e+01	6.048260427715548e+00	5063
3.394732074798754e+00	-1.438203683563706e+01	5064
-1.113134058232489e+01	-6.261408535938013e+00	5065
-1.190242721339608e+01	-3.677406050285919e+00	5066
5.196641683315629e+00	1.194982477797522e+01	5067
-1.289119021048591e+01	3.339698787612353e+00	5068
-2.593072764734663e+00	1.338112888114127e+01	5069
6.185569492337076e+00	-1.300865817361292e+01	5070
1.167309462875107e+01	9.285422584599671e-01	5071
-1.013015046719758e+01	-1.298419752660729e+01	5072
-1.114783794037221e+01	-1.679903402787728e+00	5073
3.486033642245221e+00	1.380309815095681e+01	5074
-1.245984442419172e+01	2.030125768805658e+00	5075
1.213903905198827e+01	2.215616599155064e+00	5076
-4.551391699250402e+00	-1.650356283884004e+01	5077
-7.892250860813353e+00	-1.563640432264046e+01	5078
-1.004264060319458e+01	1.091272886134614e+01	5079
-1.231150303092886e+01	8.021540452795268e+00	5080
1.236889606447324e+01	-4.908319356883150e-01	5081
1.196723150150348e+01	-3.134887967454314e+00	5082
9.847039229266047e+00	-8.793223184771501e+00	5083
6.460254839612654e+00	1.161478705864489e+01	5084
9.392176797709100e+00	8.404288797287002e+00	5085
5.280317853219731e+00	-1.468678743503880e+01	5086
-8.215144777827353e-01	-1.642325027600708e+01	5087
-1.114349993460262e+01	-1.133239328177642e+01	5088
1.154088574831163e+01	4.328268253455570e+00	5089
-1.219168109526905e+00	1.471631747575630e+01	5090
-1.238558258370985e+01	-5.241529712378100e+00	5091
-7.122965012423770e+00	1.300211437663934e+01	5092
-4.078064015034683e+00	1.384520033726507e+01	5093
-1.070932686775787e+01	-1.005396783441113e+01	5094
-1.114118164733996e+01	-1.478747425645298e+01	5095
-1.408638337188775e+01	2.221207182213521e+00	5096
-1.170719794204312e+01	-3.712908692957392e-01	5097
1.141256272209011e+01	-5.966771907212096e+00	5098
2.072301362870907e+00	1.462260594906386e+01	5099
8.103005508264417e+00	-1.266648674754124e+01	5100
1.067937083195698e+01	6.433685544221193e+00	5101
8.977498059707957e+00	-1.082927908754651e+01	5102
7.774275784799080e+00	9.925561877738303e+00	5103
2.257510421657096e+00	-1.566154437518352e+01	5104
-1.141063230270106e+01	-7.651966463828651e+00	5105
-1.279200995777563e+01	-2.203048968890414e+00	5106
-1.335397106646143e+01	4.902554083321168e+00	5107
4.559202258634333e+00	1.348409423478222e+01	5108
-1.202909085469213e+01	7.478140745904215e-01	5109
-9.227789311816959e+00	1.285940949304648e+01	5110
-2.641408925814324e+00	-1.772720049218447e+01	5111
4.047164902457870e+00	1.542634561484275e+01	5112
1.256249000143608e+01	3.479318159655312e+00	5113
7.443947618928435e+00	1.141265764230821e+01	5114
9.929684196565185e-01	-1.709445914701524e+01	5115
4.093922692408586e+00	-1.621196282115798e+01	5116
-6.508916251504811e+00	-1.715056530311519e+01	5117
1.188903514895736e+01	5.697370304061605e+00	5118
1.073291630284754e+01	7.871447404309100e+00	5119
1.082758663305435e+01	-1.041478954433385e+01	5120
-1.254575491616859e+01	-1.014437156076272e+01	5121
-1.351541819926688e+01	8.056991968182943e-01	5122
-1.357584153272824e+01	-3.859876857702637e+00	5123
1.255716907844016e+01	-4.702287217047650e+00	5124
4.865573217058077e-01	1.579119535144761e+01	5125
1.150599459024293e+01	-7.853910623427173e+00	5126
-1.206661564409444e+01	1.016763282718124e+01	5127
6.251000639570633e+00	1.326714204631634e+01	5128
1.318797756088276e+01	9.644280803423338e-01	5129
-1.272512162916445e+01	-6.789980995768387e+00	5130
-1.459379292876142e+01	3.800642533267300e+00	5131
-2.944318513158868e+00	1.517506290768184e+01	5132
1.288693653414688e+01	-1.923702657297826e+00	5133
-1.317990476335842e+01	-1.889011207958732e-01	5134
-5.860969056654221e+00	1.447949319815635e+01	5135
-1.226596777028657e+01	-1.303927948014755e+01	5136
-1.386005322024233e+01	6.770556961872589e+00	5137
7.331502636874196e+00	-1.456997899883045e+01	5138
1.002855018380691e+01	-1.245667162587911e+01	5139
9.139031512200777e+00	9.761905357860130e+00	5140
-1.187483690235135e+01	-9.083604850383281e+00	5141
-4.603372551576243e+00	1.569457763089115e+01	5142
1.398751138279222e+01	-5.913002137976339e-01	5143
2.835860822680228e+00	-1.766890276339206e+01	5144
1.301575140296550e+01	-6.579260262920037e+00	5145
1.301751223505016e+01	4.827246894904135e+00	5146
-1.527781537959458e+01	9.187362610320418e-01	5147
6.274226052213306e+00	-1.651365912765073e+01	5148
2.356687972674900e+00	1.662944206864802e+01	5149
-1.145673967862290e+01	1.237329456891511e+01	5150
-1.404539907320799e+01	9.015429995025119e+00	5151
1.371904431117530e+01	2.451775499913055e+00	5152
1.357253198225351e+01	-3.398398153968608e+00	5153
1.208435525253623e+01	7.194561448430904e+00	5154
-1.466508970527406e+00	1.667485442571966e+01	5155
-8.056972408237806e+00	1.477635662744112e+01	5156
8.835408737705075e+00	1.113996656368881e+01	5157
-1.336835973383196e+01	-8.456370771484195e+00	5158
-5.883156033395839e-01	-1.861443249609239e+01	5159
1.206805839044560e+01	-1.207738170929807e+01	5160
-1.452119567433695e+01	-1.927874316323618e+00	5161
6.365016796255398e+00	1.559076864679313e+01	5162
1.273711470183995e+01	-9.549454965156611e+00	5163
-1.516171986324845e+01	5.499741144321499e+00	5164
-1.414096886486701e+01	-5.628682134398480e+00	5165
-1.593951643406152e+01	2.498232134218146e+00	5166
-1.479628713414026e+01	-1.799211693726251e-01	5167
9.306372727995100e+00	-1.429411827264168e+01	5168
1.064445998775892e+01	9.418895440261549e+00	5169
1.429140836853396e+01	-5.132204180018543e+00	5170
4.983249462746536e+00	-1.816388019358171e+01	5171
-1.048994892272754e+01	1.461739957510479e+01	5172
1.458205414600174e+01	-8.223624753283197e+00	5173
1.343672771932566e+01	6.357144455157242e+00	5174
-3.369822493048377e+00	1.718915192667676e+01	5175
1.459562886312652e+01	-2.119481915940559e+00	5176
-1.457458277065431e+01	-7.266591118595797e+00	5177
-6.609621802397173e+00	1.643380596387028e+01	5178
-1.460799709322993e+01	-1.010692349285163e+01	5179
-1.726926444141299e+01	1.014055688108049e+00	5180
-1.647525269116809e+01	-8.203355340093350e-01	5181
4.678664904565496e+00	1.746472261793141e+01	5182
4.678996522520317e-01	1.791997964784310e+01	5183
-1.377706306636236e+01	1.148275884769237e+01	5184
-1.549252454560981e+01	-3.929240965262219e+00	5185
-1.577734654834904e+01	7.586128185366328e+00	5186
1.140457863473675e+01	-1.408548944013474e+01	5187
1.216091459667196e+01	8.819503093353964e+00	5188
8.442017715856695e+00	1.282385052847830e+01	5189
1.417372658529155e+01	3.881634916166989e+00	5190
1.491286677111574e+01	1.041889047059317e+00	5191
8.540193702368850e+00	-1.639178864139879e+01	5192
1.421657091242528e+01	-1.129273861927738e+01	5193
-1.653205395603472e+01	4.256264739613121e+00	5194
1.036773820468430e+01	1.094450891266670e+01	5195
1.539039943479368e+01	-3.703852334562183e+00	5196
-1.376717891747874e+01	-1.218918866532380e+01	5197
-1.721415156606511e+01	6.142414827375905e+00	5198
1.469239369064231e+01	5.382388136805869e+00	5199
1.582743497721635e+01	-6.643936791563819e-01	5200
1.491896141124090e+01	-6.966881653358297e+00	5201
1.003412647076568e+01	1.252156742851441e+01	5202
1.566481121757370e+01	-9.550625949098952e+00	5203
-5.207181508780431e+00	1.777634806202725e+01	5204
1.368489383481646e+01	8.045661612318257e+00	5205
7.684557854742897e+00	1.472237907879575e+01	5206
-1.803039048857141e+01	2.898153710028689e+00	5207
-1.615292636849109e+01	-5.942766481890012e+00	5208
1.206754092106648e+01	1.056559051274241e+01	5209
1.551410870434157e+01	2.737455789803990e+00	5210
-1.865006744291594e+01	-6.716666508885776e-01	5211
1.626112565764405e+01	-5.481235746870876e+00	5212
1.599774366959242e+01	4.342930754911776e+00	5213
1.519614603173484e+01	7.091519591017228e+00	5214
8.075652367174527e+00	1.675720544254973e+01	5215
-1.659806269069326e+01	-8.074727303383236e+00	5216
1.378377827395787e+01	9.886693413816008e+00	5217
1.652479608021989e+01	-2.320145072506077e+00	5218
1.687402182609831e+01	1.161943044179155e+00	5219
-1.769603615770975e+01	-2.663710208743860e+00	5220
1.668819724796600e+01	-7.563413464591277e+00	5221
9.653920342815383e+00	1.443531082131915e+01	5222
-1.761534264188926e+01	-4.351352394637604e+00	5223
1.175998731577816e+01	1.228556930546734e+01	5224
1.791652558169026e+01	-7.220954860348591e-01	5225
1.550685083320000e+01	9.000457724711394e+00	5226
1.743693089839389e+01	-3.977083846229835e+00	5227
1.368473303720172e+01	1.186324061244013e+01	5228
1.658657307933410e+01	6.005071518449106e+00	5229
1.754929914294354e+01	3.085127532073162e+00	5230
1.141810273149986e+01	1.405295058243109e+01	5231
1.719340523203286e+01	7.911767552768134e+00	5232
NMARK= 2
MARKER_TAG= airfoil
MARKER_ELEMS= 200
3	199	0
3	0	1
3	1	2
3	2	3
3	3	4
3	4	5
3	5	6
3	6	7
3	7	8
3	8	9
3	9	10
3	10	11
3	11	12
3	12	13
3	13	14
3	14	15
3	15	16
3	16	17
3	17	18
3	18	19
3	19	20
3	20	21
3	21	22
3	22	23
3	23	24
3	24	25
3	25	26
3	26	27
3	27	28
3	28	29
3	29	30
3	30	31
3	31	32
3	32	33
3	33	34
3	34	35
3	35	36
3	36	37
3	37	38
3	38	39
3	39	40
3	40	41
3	41	42
3	42	43
3	43	44
3	44	45
3	45	46
3	46	47
3	47	48
3	48	49
3	49	50
3	50	51
3	51	52
3	52	53
3	53	54
3	54	55
3	55	56
3	56	57
3	57	58
3	58	59
3	59	60
3	60	61
3	61	62
3	62	63
3	63	64
3	64	65
3	65	66
3	66	67
3	67	68
3	68	69
3	69	70
3	70	71
3	71	72
3	72	73
3	73	74
3	74	75
3	75	76
3	76	77
3	77	78
3	78	79
3	79	80
3	80	81
3	81	82
3	82	83
3	83	84
3	84	85
3	85	86
3	86	87
3	87	88
3	88	89
3	89	90
3	90	91
3	91	92
3	92	93
3	93	94
3	94	95
3	95	96
3	96	97
3	97	98
3	98	99
3	99	100
3	100	101
3	101	102
3	102	103
3	103	104
3	104	105
3	105	106
3	106	107
3	107	108
3	108	109
3	109	110
3	110	111
3	111	112
3	112	113
3	113	114
3	114	115
3	115	116
3	116	117
3	117	118
3	118	119
3	119	120
3	120	121
3	121	122
3	122	123
3	123	124
3	124	125
3	125	126
3	126	127
3	127	128
3	128	129
3	129	130
3	130	131
3	131	132
3	132	133
3	133	134
3	134	135
3	135	136
3	136	137
3	137	138
3	138	139
3	139	140
3	140	141
3	141	142
3	142	143
3	143	144
3	144	145
3	145	146
3	146	147
3	147	148
3	148	149
3	149	150
3	150	151
3	151	152
3	152	153
3	153	154
3	154	155
3	155	156
3	156	157
3	157	158
3	158	159
3	159	160
3	160	161
3	161	162
3	162	163
3	163	164
3	164	165
3	165	166
3	166	167
3	167	168
3	168	169
3	169	170
3	170	171
3	171	172
3	172	173
3	173	174
3	174	175
3	175	176
3	176	177
3	177	178
3	178	179
3	179	180
3	180	181
3	181	182
3	182	183
3	183	184
3	184	185
3	185	186
3	186	187
3	187	188
3	188	189
3	189	190
3	190	191
3	191	192
3	192	193
3	193	194
3	194	195
3	195	196
3	196	197
3	197	198
3	198	199
MARKER_TAG= farfield
MARKER_ELEMS= 50
3	200	201
3	201	202
3	202	203
3	203	204
3	204	205
3	205	206
3	206	207
3	207	208
3	208	209
3	209	210
3	210	211
3	211	212
3	212	213
3	213	214
3	214	215
3	215	216
3	216	217
3	217	218
3	218	219
3	219	220
3	220	221
3	221	222
3	222	223
3	223	224
3	224	225
3	225	226
3	226	227
3	227	228
3	228	229
3	229	230
3	230	231
3	231	232
3	232	233
3	233	234
3	234	235
3	235	236
3	236	237
3	237	238
3	238	239
3	239	240
3	240	241
3	241	242
3	242	243
3	243	244
3	244	245
3	245	246
3	246	247
3	247	248
3	248	249
3	249	200
